RUN_TIME,MKT_TYPE,REGION_NAME,RESOURCE_NAME,RESOURCE_TYPE,START_TIME,END_TIME,PARAMETER_TYPE,PARAMETER_VALUE,
8/30/2026 12:05:00 AM,RTD,CLUZ,01TERRASOL_G01,G,8/30/2026 12:01:00 AM,8/30/2026 5:45:00 AM,MAX_OPERATING_MW,0,
8/30/2026 12:05:00 AM,RTD,CLUZ,01TERRASOL_G01,G,8/30/2026 12:01:00 AM,8/30/2026 5:45:00 AM,MIN_OPERATING_MW,0,
8/30/2026 12:05:00 AM,RTD,CLUZ,03TANWIND_G01,G,8/30/2026,8/30/2026 12:05:00 AM,MAX_OPERATING_MW,3.50,
8/30/2026 12:05:00 AM,RTD,CLUZ,03TANWIND_G01,G,8/30/2026,8/30/2026 12:05:00 AM,MIN_OPERATING_MW,3.50,
8/30/2026 12:05:00 AM,RTD,CLUZ,03TANWIND_G01,G,8/30/2026 12:06:00 AM,8/30/2026 12:10:00 AM,MAX_OPERATING_MW,3.50,
8/30/2026 12:05:00 AM,RTD,CLUZ,03TANWIND_G01,G,8/30/2026 12:06:00 AM,8/30/2026 12:10:00 AM,MIN_OPERATING_MW,3.50,
8/30/2026 12:05:00 AM,RTD,CMIN,10LIAN_G02,G,8/30/2026 12:05:00 AM,8/30/2026 11:59:00 PM,MAX_OPERATING_MW,6.60,
8/30/2026 12:05:00 AM,RTD,CMIN,10LIAN_G02,G,8/30/2026 12:05:00 AM,8/30/2026 11:59:00 PM,MIN_OPERATING_MW,6.60,
8/30/2026 12:10:00 AM,RTD,CLUZ,01TERRASOL_G01,G,8/30/2026 12:01:00 AM,8/30/2026 5:45:00 AM,MAX_OPERATING_MW,0,
8/30/2026 12:10:00 AM,RTD,CLUZ,01TERRASOL_G01,G,8/30/2026 12:01:00 AM,8/30/2026 5:45:00 AM,MIN_OPERATING_MW,0,
8/30/2026 12:10:00 AM,RTD,CLUZ,03TANWIND_G01,G,8/30/2026 12:06:00 AM,8/30/2026 12:10:00 AM,MAX_OPERATING_MW,3.50,
8/30/2026 12:10:00 AM,RTD,CLUZ,03TANWIND_G01,G,8/30/2026 12:06:00 AM,8/30/2026 12:10:00 AM,MIN_OPERATING_MW,3.50,
8/30/2026 12:10:00 AM,RTD,CLUZ,03TANWIND_G01,G,8/30/2026 12:11:00 AM,8/30/2026 12:15:00 AM,MAX_OPERATING_MW,3.50,
8/30/2026 12:10:00 AM,RTD,CLUZ,03TANWIND_G01,G,8/30/2026 12:11:00 AM,8/30/2026 12:15:00 AM,MIN_OPERATING_MW,3.50,
8/30/2026 12:10:00 AM,RTD,CMIN,10LIAN_G02,G,8/30/2026 12:05:00 AM,8/30/2026 11:59:00 PM,MAX_OPERATING_MW,6.60,
8/30/2026 12:10:00 AM,RTD,CMIN,10LIAN_G02,G,8/30/2026 12:05:00 AM,8/30/2026 11:59:00 PM,MIN_OPERATING_MW,6.60,
8/30/2026 12:15:00 AM,RTD,CLUZ,01TERRASOL_G01,G,8/30/2026 12:01:00 AM,8/30/2026 5:45:00 AM,MAX_OPERATING_MW,0,
8/30/2026 12:15:00 AM,RTD,CLUZ,01TERRASOL_G01,G,8/30/2026 12:01:00 AM,8/30/2026 5:45:00 AM,MIN_OPERATING_MW,0,
8/30/2026 12:15:00 AM,RTD,CLUZ,03TANWIND_G01,G,8/30/2026 12:11:00 AM,8/30/2026 12:15:00 AM,MAX_OPERATING_MW,3.50,
8/30/2026 12:15:00 AM,RTD,CLUZ,03TANWIND_G01,G,8/30/2026 12:11:00 AM,8/30/2026 12:15:00 AM,MIN_OPERATING_MW,3.50,
8/30/2026 12:15:00 AM,RTD,CLUZ,03TANWIND_G01,G,8/30/2026 12:16:00 AM,8/30/2026 12:20:00 AM,MAX_OPERATING_MW,3.50,
8/30/2026 12:15:00 AM,RTD,CLUZ,03TANWIND_G01,G,8/30/2026 12:16:00 AM,8/30/2026 12:20:00 AM,MIN_OPERATING_MW,3.50,
8/30/2026 12:15:00 AM,RTD,CMIN,10LIAN_G02,G,8/30/2026 12:05:00 AM,8/30/2026 11:59:00 PM,MAX_OPERATING_MW,6.60,
8/30/2026 12:15:00 AM,RTD,CMIN,10LIAN_G02,G,8/30/2026 12:05:00 AM,8/30/2026 11:59:00 PM,MIN_OPERATING_MW,6.60,
8/30/2026 12:20:00 AM,RTD,CLUZ,01TERRASOL_G01,G,8/30/2026 12:01:00 AM,8/30/2026 5:45:00 AM,MAX_OPERATING_MW,0,
8/30/2026 12:20:00 AM,RTD,CLUZ,01TERRASOL_G01,G,8/30/2026 12:01:00 AM,8/30/2026 5:45:00 AM,MIN_OPERATING_MW,0,
8/30/2026 12:20:00 AM,RTD,CLUZ,03TANWIND_G01,G,8/30/2026 12:16:00 AM,8/30/2026 12:20:00 AM,MAX_OPERATING_MW,3.50,
8/30/2026 12:20:00 AM,RTD,CLUZ,03TANWIND_G01,G,8/30/2026 12:16:00 AM,8/30/2026 12:20:00 AM,MIN_OPERATING_MW,3.50,
8/30/2026 12:20:00 AM,RTD,CLUZ,03TANWIND_G01,G,8/30/2026 12:21:00 AM,8/30/2026 12:25:00 AM,MAX_OPERATING_MW,3.50,
8/30/2026 12:20:00 AM,RTD,CLUZ,03TANWIND_G01,G,8/30/2026 12:21:00 AM,8/30/2026 12:25:00 AM,MIN_OPERATING_MW,3.50,
8/30/2026 12:20:00 AM,RTD,CMIN,10LIAN_G02,G,8/30/2026 12:05:00 AM,8/30/2026 11:59:00 PM,MAX_OPERATING_MW,6.60,
8/30/2026 12:20:00 AM,RTD,CMIN,10LIAN_G02,G,8/30/2026 12:05:00 AM,8/30/2026 11:59:00 PM,MIN_OPERATING_MW,6.60,
8/30/2026 12:25:00 AM,RTD,CLUZ,01TERRASOL_G01,G,8/30/2026 12:01:00 AM,8/30/2026 5:45:00 AM,MAX_OPERATING_MW,0,
8/30/2026 12:25:00 AM,RTD,CLUZ,01TERRASOL_G01,G,8/30/2026 12:01:00 AM,8/30/2026 5:45:00 AM,MIN_OPERATING_MW,0,
8/30/2026 12:25:00 AM,RTD,CLUZ,03TANWIND_G01,G,8/30/2026 12:21:00 AM,8/30/2026 12:25:00 AM,MAX_OPERATING_MW,3.50,
8/30/2026 12:25:00 AM,RTD,CLUZ,03TANWIND_G01,G,8/30/2026 12:21:00 AM,8/30/2026 12:25:00 AM,MIN_OPERATING_MW,3.50,
8/30/2026 12:25:00 AM,RTD,CLUZ,03TANWIND_G01,G,8/30/2026 12:26:00 AM,8/30/2026 12:30:00 AM,MAX_OPERATING_MW,3.50,
8/30/2026 12:25:00 AM,RTD,CLUZ,03TANWIND_G01,G,8/30/2026 12:26:00 AM,8/30/2026 12:30:00 AM,MIN_OPERATING_MW,3.50,
8/30/2026 12:25:00 AM,RTD,CMIN,10LIAN_G02,G,8/30/2026 12:05:00 AM,8/30/2026 11:59:00 PM,MAX_OPERATING_MW,6.60,
8/30/2026 12:25:00 AM,RTD,CMIN,10LIAN_G02,G,8/30/2026 12:05:00 AM,8/30/2026 11:59:00 PM,MIN_OPERATING_MW,6.60,
8/30/2026 12:30:00 AM,RTD,CLUZ,01TERRASOL_G01,G,8/30/2026 12:01:00 AM,8/30/2026 5:45:00 AM,MAX_OPERATING_MW,0,
8/30/2026 12:30:00 AM,RTD,CLUZ,01TERRASOL_G01,G,8/30/2026 12:01:00 AM,8/30/2026 5:45:00 AM,MIN_OPERATING_MW,0,
8/30/2026 12:30:00 AM,RTD,CLUZ,03TANWIND_G01,G,8/30/2026 12:26:00 AM,8/30/2026 12:30:00 AM,MAX_OPERATING_MW,3.50,
8/30/2026 12:30:00 AM,RTD,CLUZ,03TANWIND_G01,G,8/30/2026 12:26:00 AM,8/30/2026 12:30:00 AM,MIN_OPERATING_MW,3.50,
8/30/2026 12:30:00 AM,RTD,CLUZ,03TANWIND_G01,G,8/30/2026 12:31:00 AM,8/30/2026 12:35:00 AM,MAX_OPERATING_MW,3.50,
8/30/2026 12:30:00 AM,RTD,CLUZ,03TANWIND_G01,G,8/30/2026 12:31:00 AM,8/30/2026 12:35:00 AM,MIN_OPERATING_MW,3.50,
8/30/2026 12:30:00 AM,RTD,CMIN,10LIAN_G02,G,8/30/2026 12:05:00 AM,8/30/2026 11:59:00 PM,MAX_OPERATING_MW,6.60,
8/30/2026 12:30:00 AM,RTD,CMIN,10LIAN_G02,G,8/30/2026 12:05:00 AM,8/30/2026 11:59:00 PM,MIN_OPERATING_MW,6.60,
8/30/2026 12:35:00 AM,RTD,CLUZ,01TERRASOL_G01,G,8/30/2026 12:01:00 AM,8/30/2026 5:45:00 AM,MAX_OPERATING_MW,0,
8/30/2026 12:35:00 AM,RTD,CLUZ,01TERRASOL_G01,G,8/30/2026 12:01:00 AM,8/30/2026 5:45:00 AM,MIN_OPERATING_MW,0,
8/30/2026 12:35:00 AM,RTD,CLUZ,03TANWIND_G01,G,8/30/2026 12:31:00 AM,8/30/2026 12:35:00 AM,MAX_OPERATING_MW,3.50,
8/30/2026 12:35:00 AM,RTD,CLUZ,03TANWIND_G01,G,8/30/2026 12:31:00 AM,8/30/2026 12:35:00 AM,MIN_OPERATING_MW,3.50,
8/30/2026 12:35:00 AM,RTD,CLUZ,03TANWIND_G01,G,8/30/2026 12:36:00 AM,8/30/2026 12:40:00 AM,MAX_OPERATING_MW,3.50,
8/30/2026 12:35:00 AM,RTD,CLUZ,03TANWIND_G01,G,8/30/2026 12:36:00 AM,8/30/2026 12:40:00 AM,MIN_OPERATING_MW,3.50,
8/30/2026 12:35:00 AM,RTD,CMIN,10LIAN_G02,G,8/30/2026 12:05:00 AM,8/30/2026 11:59:00 PM,MAX_OPERATING_MW,6.60,
8/30/2026 12:35:00 AM,RTD,CMIN,10LIAN_G02,G,8/30/2026 12:05:00 AM,8/30/2026 11:59:00 PM,MIN_OPERATING_MW,6.60,
8/30/2026 12:40:00 AM,RTD,CLUZ,01TERRASOL_G01,G,8/30/2026 12:01:00 AM,8/30/2026 5:45:00 AM,MAX_OPERATING_MW,0,
8/30/2026 12:40:00 AM,RTD,CLUZ,01TERRASOL_G01,G,8/30/2026 12:01:00 AM,8/30/2026 5:45:00 AM,MIN_OPERATING_MW,0,
8/30/2026 12:40:00 AM,RTD,CLUZ,03TANWIND_G01,G,8/30/2026 12:36:00 AM,8/30/2026 12:40:00 AM,MAX_OPERATING_MW,3.50,
8/30/2026 12:40:00 AM,RTD,CLUZ,03TANWIND_G01,G,8/30/2026 12:36:00 AM,8/30/2026 12:40:00 AM,MIN_OPERATING_MW,3.50,
8/30/2026 12:40:00 AM,RTD,CLUZ,03TANWIND_G01,G,8/30/2026 12:41:00 AM,8/30/2026 12:45:00 AM,MAX_OPERATING_MW,3.50,
8/30/2026 12:40:00 AM,RTD,CLUZ,03TANWIND_G01,G,8/30/2026 12:41:00 AM,8/30/2026 12:45:00 AM,MIN_OPERATING_MW,3.50,
8/30/2026 12:40:00 AM,RTD,CMIN,10LIAN_G02,G,8/30/2026 12:05:00 AM,8/30/2026 11:59:00 PM,MAX_OPERATING_MW,6.60,
8/30/2026 12:40:00 AM,RTD,CMIN,10LIAN_G02,G,8/30/2026 12:05:00 AM,8/30/2026 11:59:00 PM,MIN_OPERATING_MW,6.60,
8/30/2026 12:45:00 AM,RTD,CLUZ,01TERRASOL_G01,G,8/30/2026 12:01:00 AM,8/30/2026 5:45:00 AM,MAX_OPERATING_MW,0,
8/30/2026 12:45:00 AM,RTD,CLUZ,01TERRASOL_G01,G,8/30/2026 12:01:00 AM,8/30/2026 5:45:00 AM,MIN_OPERATING_MW,0,
8/30/2026 12:45:00 AM,RTD,CLUZ,03TANWIND_G01,G,8/30/2026 12:41:00 AM,8/30/2026 12:45:00 AM,MAX_OPERATING_MW,3.50,
8/30/2026 12:45:00 AM,RTD,CLUZ,03TANWIND_G01,G,8/30/2026 12:41:00 AM,8/30/2026 12:45:00 AM,MIN_OPERATING_MW,3.50,
8/30/2026 12:45:00 AM,RTD,CLUZ,03TANWIND_G01,G,8/30/2026 12:46:00 AM,8/30/2026 12:50:00 AM,MAX_OPERATING_MW,3.50,
8/30/2026 12:45:00 AM,RTD,CLUZ,03TANWIND_G01,G,8/30/2026 12:46:00 AM,8/30/2026 12:50:00 AM,MIN_OPERATING_MW,3.50,
8/30/2026 12:45:00 AM,RTD,CMIN,10LIAN_G02,G,8/30/2026 12:05:00 AM,8/30/2026 11:59:00 PM,MAX_OPERATING_MW,6.60,
8/30/2026 12:45:00 AM,RTD,CMIN,10LIAN_G02,G,8/30/2026 12:05:00 AM,8/30/2026 11:59:00 PM,MIN_OPERATING_MW,6.60,
8/30/2026 12:50:00 AM,RTD,CLUZ,01TERRASOL_G01,G,8/30/2026 12:01:00 AM,8/30/2026 5:45:00 AM,MAX_OPERATING_MW,0,
8/30/2026 12:50:00 AM,RTD,CLUZ,01TERRASOL_G01,G,8/30/2026 12:01:00 AM,8/30/2026 5:45:00 AM,MIN_OPERATING_MW,0,
8/30/2026 12:50:00 AM,RTD,CLUZ,03TANWIND_G01,G,8/30/2026 12:46:00 AM,8/30/2026 12:50:00 AM,MAX_OPERATING_MW,3.50,
8/30/2026 12:50:00 AM,RTD,CLUZ,03TANWIND_G01,G,8/30/2026 12:46:00 AM,8/30/2026 12:50:00 AM,MIN_OPERATING_MW,3.50,
8/30/2026 12:50:00 AM,RTD,CLUZ,03TANWIND_G01,G,8/30/2026 12:51:00 AM,8/30/2026 12:55:00 AM,MAX_OPERATING_MW,3.50,
8/30/2026 12:50:00 AM,RTD,CLUZ,03TANWIND_G01,G,8/30/2026 12:51:00 AM,8/30/2026 12:55:00 AM,MIN_OPERATING_MW,3.50,
8/30/2026 12:50:00 AM,RTD,CMIN,10LIAN_G02,G,8/30/2026 12:05:00 AM,8/30/2026 11:59:00 PM,MAX_OPERATING_MW,6.60,
8/30/2026 12:50:00 AM,RTD,CMIN,10LIAN_G02,G,8/30/2026 12:05:00 AM,8/30/2026 11:59:00 PM,MIN_OPERATING_MW,6.60,
8/30/2026 12:55:00 AM,RTD,CLUZ,01TERRASOL_G01,G,8/30/2026 12:01:00 AM,8/30/2026 5:45:00 AM,MAX_OPERATING_MW,0,
8/30/2026 12:55:00 AM,RTD,CLUZ,01TERRASOL_G01,G,8/30/2026 12:01:00 AM,8/30/2026 5:45:00 AM,MIN_OPERATING_MW,0,
8/30/2026 12:55:00 AM,RTD,CLUZ,03TANWIND_G01,G,8/30/2026 12:51:00 AM,8/30/2026 12:55:00 AM,MAX_OPERATING_MW,3.50,
8/30/2026 12:55:00 AM,RTD,CLUZ,03TANWIND_G01,G,8/30/2026 12:51:00 AM,8/30/2026 12:55:00 AM,MIN_OPERATING_MW,3.50,
8/30/2026 12:55:00 AM,RTD,CLUZ,03TANWIND_G01,G,8/30/2026 12:56:00 AM,8/30/2026 1:00:00 AM,MAX_OPERATING_MW,3.50,
8/30/2026 12:55:00 AM,RTD,CLUZ,03TANWIND_G01,G,8/30/2026 12:56:00 AM,8/30/2026 1:00:00 AM,MIN_OPERATING_MW,3.50,
8/30/2026 12:55:00 AM,RTD,CMIN,10LIAN_G02,G,8/30/2026 12:05:00 AM,8/30/2026 11:59:00 PM,MAX_OPERATING_MW,6.60,
8/30/2026 12:55:00 AM,RTD,CMIN,10LIAN_G02,G,8/30/2026 12:05:00 AM,8/30/2026 11:59:00 PM,MIN_OPERATING_MW,6.60,
8/30/2026 1:00:00 AM,RTD,CLUZ,01TERRASOL_G01,G,8/30/2026 12:01:00 AM,8/30/2026 5:45:00 AM,MAX_OPERATING_MW,0,
8/30/2026 1:00:00 AM,RTD,CLUZ,01TERRASOL_G01,G,8/30/2026 12:01:00 AM,8/30/2026 5:45:00 AM,MIN_OPERATING_MW,0,
8/30/2026 1:00:00 AM,RTD,CLUZ,03TANWIND_G01,G,8/30/2026 12:56:00 AM,8/30/2026 1:00:00 AM,MAX_OPERATING_MW,3.50,
8/30/2026 1:00:00 AM,RTD,CLUZ,03TANWIND_G01,G,8/30/2026 12:56:00 AM,8/30/2026 1:00:00 AM,MIN_OPERATING_MW,3.50,
8/30/2026 1:00:00 AM,RTD,CLUZ,03TANWIND_G01,G,8/30/2026 1:01:00 AM,8/30/2026 1:05:00 AM,MAX_OPERATING_MW,3.50,
8/30/2026 1:00:00 AM,RTD,CLUZ,03TANWIND_G01,G,8/30/2026 1:01:00 AM,8/30/2026 1:05:00 AM,MIN_OPERATING_MW,3.50,
8/30/2026 1:00:00 AM,RTD,CMIN,10LIAN_G02,G,8/30/2026 12:05:00 AM,8/30/2026 11:59:00 PM,MAX_OPERATING_MW,6.60,
8/30/2026 1:00:00 AM,RTD,CMIN,10LIAN_G02,G,8/30/2026 12:05:00 AM,8/30/2026 11:59:00 PM,MIN_OPERATING_MW,6.60,
8/30/2026 1:05:00 AM,RTD,CLUZ,01TERRASOL_G01,G,8/30/2026 12:01:00 AM,8/30/2026 5:45:00 AM,MAX_OPERATING_MW,0,
8/30/2026 1:05:00 AM,RTD,CLUZ,01TERRASOL_G01,G,8/30/2026 12:01:00 AM,8/30/2026 5:45:00 AM,MIN_OPERATING_MW,0,
8/30/2026 1:05:00 AM,RTD,CLUZ,03TANWIND_G01,G,8/30/2026 1:01:00 AM,8/30/2026 1:05:00 AM,MAX_OPERATING_MW,3.50,
8/30/2026 1:05:00 AM,RTD,CLUZ,03TANWIND_G01,G,8/30/2026 1:01:00 AM,8/30/2026 1:05:00 AM,MIN_OPERATING_MW,3.50,
8/30/2026 1:05:00 AM,RTD,CLUZ,03TANWIND_G01,G,8/30/2026 1:06:00 AM,8/30/2026 1:10:00 AM,MAX_OPERATING_MW,3.50,
8/30/2026 1:05:00 AM,RTD,CLUZ,03TANWIND_G01,G,8/30/2026 1:06:00 AM,8/30/2026 1:10:00 AM,MIN_OPERATING_MW,3.50,
8/30/2026 1:05:00 AM,RTD,CMIN,10LIAN_G02,G,8/30/2026 12:05:00 AM,8/30/2026 11:59:00 PM,MAX_OPERATING_MW,6.60,
8/30/2026 1:05:00 AM,RTD,CMIN,10LIAN_G02,G,8/30/2026 12:05:00 AM,8/30/2026 11:59:00 PM,MIN_OPERATING_MW,6.60,
8/30/2026 1:10:00 AM,RTD,CLUZ,01TERRASOL_G01,G,8/30/2026 12:01:00 AM,8/30/2026 5:45:00 AM,MAX_OPERATING_MW,0,
8/30/2026 1:10:00 AM,RTD,CLUZ,01TERRASOL_G01,G,8/30/2026 12:01:00 AM,8/30/2026 5:45:00 AM,MIN_OPERATING_MW,0,
8/30/2026 1:10:00 AM,RTD,CLUZ,03TANWIND_G01,G,8/30/2026 1:06:00 AM,8/30/2026 1:10:00 AM,MAX_OPERATING_MW,3.50,
8/30/2026 1:10:00 AM,RTD,CLUZ,03TANWIND_G01,G,8/30/2026 1:06:00 AM,8/30/2026 1:10:00 AM,MIN_OPERATING_MW,3.50,
8/30/2026 1:10:00 AM,RTD,CLUZ,03TANWIND_G01,G,8/30/2026 1:11:00 AM,8/30/2026 1:15:00 AM,MAX_OPERATING_MW,3.50,
8/30/2026 1:10:00 AM,RTD,CLUZ,03TANWIND_G01,G,8/30/2026 1:11:00 AM,8/30/2026 1:15:00 AM,MIN_OPERATING_MW,3.50,
8/30/2026 1:10:00 AM,RTD,CMIN,10LIAN_G02,G,8/30/2026 12:05:00 AM,8/30/2026 11:59:00 PM,MAX_OPERATING_MW,6.60,
8/30/2026 1:10:00 AM,RTD,CMIN,10LIAN_G02,G,8/30/2026 12:05:00 AM,8/30/2026 11:59:00 PM,MIN_OPERATING_MW,6.60,
8/30/2026 1:15:00 AM,RTD,CLUZ,01TERRASOL_G01,G,8/30/2026 12:01:00 AM,8/30/2026 5:45:00 AM,MAX_OPERATING_MW,0,
8/30/2026 1:15:00 AM,RTD,CLUZ,01TERRASOL_G01,G,8/30/2026 12:01:00 AM,8/30/2026 5:45:00 AM,MIN_OPERATING_MW,0,
8/30/2026 1:15:00 AM,RTD,CLUZ,03TANWIND_G01,G,8/30/2026 1:11:00 AM,8/30/2026 1:15:00 AM,MAX_OPERATING_MW,3.50,
8/30/2026 1:15:00 AM,RTD,CLUZ,03TANWIND_G01,G,8/30/2026 1:11:00 AM,8/30/2026 1:15:00 AM,MIN_OPERATING_MW,3.50,
8/30/2026 1:15:00 AM,RTD,CLUZ,03TANWIND_G01,G,8/30/2026 1:16:00 AM,8/30/2026 1:20:00 AM,MAX_OPERATING_MW,3.50,
8/30/2026 1:15:00 AM,RTD,CLUZ,03TANWIND_G01,G,8/30/2026 1:16:00 AM,8/30/2026 1:20:00 AM,MIN_OPERATING_MW,3.50,
8/30/2026 1:15:00 AM,RTD,CMIN,10LIAN_G02,G,8/30/2026 12:05:00 AM,8/30/2026 11:59:00 PM,MAX_OPERATING_MW,6.60,
8/30/2026 1:15:00 AM,RTD,CMIN,10LIAN_G02,G,8/30/2026 12:05:00 AM,8/30/2026 11:59:00 PM,MIN_OPERATING_MW,6.60,
8/30/2026 1:20:00 AM,RTD,CLUZ,01TERRASOL_G01,G,8/30/2026 12:01:00 AM,8/30/2026 5:45:00 AM,MAX_OPERATING_MW,0,
8/30/2026 1:20:00 AM,RTD,CLUZ,01TERRASOL_G01,G,8/30/2026 12:01:00 AM,8/30/2026 5:45:00 AM,MIN_OPERATING_MW,0,
8/30/2026 1:20:00 AM,RTD,CLUZ,03TANWIND_G01,G,8/30/2026 1:16:00 AM,8/30/2026 1:20:00 AM,MAX_OPERATING_MW,3.50,
8/30/2026 1:20:00 AM,RTD,CLUZ,03TANWIND_G01,G,8/30/2026 1:16:00 AM,8/30/2026 1:20:00 AM,MIN_OPERATING_MW,3.50,
8/30/2026 1:20:00 AM,RTD,CLUZ,03TANWIND_G01,G,8/30/2026 1:21:00 AM,8/30/2026 1:25:00 AM,MAX_OPERATING_MW,3.50,
8/30/2026 1:20:00 AM,RTD,CLUZ,03TANWIND_G01,G,8/30/2026 1:21:00 AM,8/30/2026 1:25:00 AM,MIN_OPERATING_MW,3.50,
8/30/2026 1:20:00 AM,RTD,CMIN,10LIAN_G02,G,8/30/2026 12:05:00 AM,8/30/2026 11:59:00 PM,MAX_OPERATING_MW,6.60,
8/30/2026 1:20:00 AM,RTD,CMIN,10LIAN_G02,G,8/30/2026 12:05:00 AM,8/30/2026 11:59:00 PM,MIN_OPERATING_MW,6.60,
8/30/2026 1:25:00 AM,RTD,CLUZ,01TERRASOL_G01,G,8/30/2026 12:01:00 AM,8/30/2026 5:45:00 AM,MAX_OPERATING_MW,0,
8/30/2026 1:25:00 AM,RTD,CLUZ,01TERRASOL_G01,G,8/30/2026 12:01:00 AM,8/30/2026 5:45:00 AM,MIN_OPERATING_MW,0,
8/30/2026 1:25:00 AM,RTD,CLUZ,03TANWIND_G01,G,8/30/2026 1:21:00 AM,8/30/2026 1:25:00 AM,MAX_OPERATING_MW,3.50,
8/30/2026 1:25:00 AM,RTD,CLUZ,03TANWIND_G01,G,8/30/2026 1:21:00 AM,8/30/2026 1:25:00 AM,MIN_OPERATING_MW,3.50,
8/30/2026 1:25:00 AM,RTD,CLUZ,03TANWIND_G01,G,8/30/2026 1:26:00 AM,8/30/2026 1:30:00 AM,MAX_OPERATING_MW,3.50,
8/30/2026 1:25:00 AM,RTD,CLUZ,03TANWIND_G01,G,8/30/2026 1:26:00 AM,8/30/2026 1:30:00 AM,MIN_OPERATING_MW,3.50,
8/30/2026 1:25:00 AM,RTD,CMIN,10LIAN_G02,G,8/30/2026 12:05:00 AM,8/30/2026 11:59:00 PM,MAX_OPERATING_MW,6.60,
8/30/2026 1:25:00 AM,RTD,CMIN,10LIAN_G02,G,8/30/2026 12:05:00 AM,8/30/2026 11:59:00 PM,MIN_OPERATING_MW,6.60,
8/30/2026 1:30:00 AM,RTD,CLUZ,01TERRASOL_G01,G,8/30/2026 12:01:00 AM,8/30/2026 5:45:00 AM,MAX_OPERATING_MW,0,
8/30/2026 1:30:00 AM,RTD,CLUZ,01TERRASOL_G01,G,8/30/2026 12:01:00 AM,8/30/2026 5:45:00 AM,MIN_OPERATING_MW,0,
8/30/2026 1:30:00 AM,RTD,CLUZ,03TANWIND_G01,G,8/30/2026 1:26:00 AM,8/30/2026 1:30:00 AM,MAX_OPERATING_MW,3.50,
8/30/2026 1:30:00 AM,RTD,CLUZ,03TANWIND_G01,G,8/30/2026 1:26:00 AM,8/30/2026 1:30:00 AM,MIN_OPERATING_MW,3.50,
8/30/2026 1:30:00 AM,RTD,CLUZ,03TANWIND_G01,G,8/30/2026 1:31:00 AM,8/30/2026 1:35:00 AM,MAX_OPERATING_MW,3.50,
8/30/2026 1:30:00 AM,RTD,CLUZ,03TANWIND_G01,G,8/30/2026 1:31:00 AM,8/30/2026 1:35:00 AM,MIN_OPERATING_MW,3.50,
8/30/2026 1:30:00 AM,RTD,CMIN,10LIAN_G02,G,8/30/2026 12:05:00 AM,8/30/2026 11:59:00 PM,MAX_OPERATING_MW,6.60,
8/30/2026 1:30:00 AM,RTD,CMIN,10LIAN_G02,G,8/30/2026 12:05:00 AM,8/30/2026 11:59:00 PM,MIN_OPERATING_MW,6.60,
8/30/2026 1:35:00 AM,RTD,CLUZ,01TERRASOL_G01,G,8/30/2026 12:01:00 AM,8/30/2026 5:45:00 AM,MAX_OPERATING_MW,0,
8/30/2026 1:35:00 AM,RTD,CLUZ,01TERRASOL_G01,G,8/30/2026 12:01:00 AM,8/30/2026 5:45:00 AM,MIN_OPERATING_MW,0,
8/30/2026 1:35:00 AM,RTD,CLUZ,03TANWIND_G01,G,8/30/2026 1:31:00 AM,8/30/2026 1:35:00 AM,MAX_OPERATING_MW,3.50,
8/30/2026 1:35:00 AM,RTD,CLUZ,03TANWIND_G01,G,8/30/2026 1:31:00 AM,8/30/2026 1:35:00 AM,MIN_OPERATING_MW,3.50,
8/30/2026 1:35:00 AM,RTD,CLUZ,03TANWIND_G01,G,8/30/2026 1:36:00 AM,8/30/2026 1:40:00 AM,MAX_OPERATING_MW,3.50,
8/30/2026 1:35:00 AM,RTD,CLUZ,03TANWIND_G01,G,8/30/2026 1:36:00 AM,8/30/2026 1:40:00 AM,MIN_OPERATING_MW,3.50,
8/30/2026 1:35:00 AM,RTD,CMIN,10LIAN_G02,G,8/30/2026 12:05:00 AM,8/30/2026 11:59:00 PM,MAX_OPERATING_MW,6.60,
8/30/2026 1:35:00 AM,RTD,CMIN,10LIAN_G02,G,8/30/2026 12:05:00 AM,8/30/2026 11:59:00 PM,MIN_OPERATING_MW,6.60,
8/30/2026 1:40:00 AM,RTD,CLUZ,01TERRASOL_G01,G,8/30/2026 12:01:00 AM,8/30/2026 5:45:00 AM,MAX_OPERATING_MW,0,
8/30/2026 1:40:00 AM,RTD,CLUZ,01TERRASOL_G01,G,8/30/2026 12:01:00 AM,8/30/2026 5:45:00 AM,MIN_OPERATING_MW,0,
8/30/2026 1:40:00 AM,RTD,CLUZ,03TANWIND_G01,G,8/30/2026 1:36:00 AM,8/30/2026 1:40:00 AM,MAX_OPERATING_MW,3.50,
8/30/2026 1:40:00 AM,RTD,CLUZ,03TANWIND_G01,G,8/30/2026 1:36:00 AM,8/30/2026 1:40:00 AM,MIN_OPERATING_MW,3.50,
8/30/2026 1:40:00 AM,RTD,CLUZ,03TANWIND_G01,G,8/30/2026 1:41:00 AM,8/30/2026 1:45:00 AM,MAX_OPERATING_MW,3.50,
8/30/2026 1:40:00 AM,RTD,CLUZ,03TANWIND_G01,G,8/30/2026 1:41:00 AM,8/30/2026 1:45:00 AM,MIN_OPERATING_MW,3.50,
8/30/2026 1:40:00 AM,RTD,CMIN,10LIAN_G02,G,8/30/2026 12:05:00 AM,8/30/2026 11:59:00 PM,MAX_OPERATING_MW,6.60,
8/30/2026 1:40:00 AM,RTD,CMIN,10LIAN_G02,G,8/30/2026 12:05:00 AM,8/30/2026 11:59:00 PM,MIN_OPERATING_MW,6.60,
8/30/2026 1:45:00 AM,RTD,CLUZ,01TERRASOL_G01,G,8/30/2026 12:01:00 AM,8/30/2026 5:45:00 AM,MAX_OPERATING_MW,0,
8/30/2026 1:45:00 AM,RTD,CLUZ,01TERRASOL_G01,G,8/30/2026 12:01:00 AM,8/30/2026 5:45:00 AM,MIN_OPERATING_MW,0,
8/30/2026 1:45:00 AM,RTD,CLUZ,03TANWIND_G01,G,8/30/2026 1:41:00 AM,8/30/2026 1:45:00 AM,MAX_OPERATING_MW,3.50,
8/30/2026 1:45:00 AM,RTD,CLUZ,03TANWIND_G01,G,8/30/2026 1:41:00 AM,8/30/2026 1:45:00 AM,MIN_OPERATING_MW,3.50,
8/30/2026 1:45:00 AM,RTD,CLUZ,03TANWIND_G01,G,8/30/2026 1:46:00 AM,8/30/2026 1:50:00 AM,MAX_OPERATING_MW,3.50,
8/30/2026 1:45:00 AM,RTD,CLUZ,03TANWIND_G01,G,8/30/2026 1:46:00 AM,8/30/2026 1:50:00 AM,MIN_OPERATING_MW,3.50,
8/30/2026 1:45:00 AM,RTD,CMIN,10LIAN_G02,G,8/30/2026 12:05:00 AM,8/30/2026 11:59:00 PM,MAX_OPERATING_MW,6.60,
8/30/2026 1:45:00 AM,RTD,CMIN,10LIAN_G02,G,8/30/2026 12:05:00 AM,8/30/2026 11:59:00 PM,MIN_OPERATING_MW,6.60,
8/30/2026 1:50:00 AM,RTD,CLUZ,01TERRASOL_G01,G,8/30/2026 12:01:00 AM,8/30/2026 5:45:00 AM,MAX_OPERATING_MW,0,
8/30/2026 1:50:00 AM,RTD,CLUZ,01TERRASOL_G01,G,8/30/2026 12:01:00 AM,8/30/2026 5:45:00 AM,MIN_OPERATING_MW,0,
8/30/2026 1:50:00 AM,RTD,CLUZ,03TANWIND_G01,G,8/30/2026 1:46:00 AM,8/30/2026 1:50:00 AM,MAX_OPERATING_MW,3.50,
8/30/2026 1:50:00 AM,RTD,CLUZ,03TANWIND_G01,G,8/30/2026 1:46:00 AM,8/30/2026 1:50:00 AM,MIN_OPERATING_MW,3.50,
8/30/2026 1:50:00 AM,RTD,CLUZ,03TANWIND_G01,G,8/30/2026 1:51:00 AM,8/30/2026 1:55:00 AM,MAX_OPERATING_MW,3.50,
8/30/2026 1:50:00 AM,RTD,CLUZ,03TANWIND_G01,G,8/30/2026 1:51:00 AM,8/30/2026 1:55:00 AM,MIN_OPERATING_MW,3.50,
8/30/2026 1:50:00 AM,RTD,CMIN,10LIAN_G02,G,8/30/2026 12:05:00 AM,8/30/2026 11:59:00 PM,MAX_OPERATING_MW,6.60,
8/30/2026 1:50:00 AM,RTD,CMIN,10LIAN_G02,G,8/30/2026 12:05:00 AM,8/30/2026 11:59:00 PM,MIN_OPERATING_MW,6.60,
8/30/2026 1:55:00 AM,RTD,CLUZ,01TERRASOL_G01,G,8/30/2026 12:01:00 AM,8/30/2026 5:45:00 AM,MAX_OPERATING_MW,0,
8/30/2026 1:55:00 AM,RTD,CLUZ,01TERRASOL_G01,G,8/30/2026 12:01:00 AM,8/30/2026 5:45:00 AM,MIN_OPERATING_MW,0,
8/30/2026 1:55:00 AM,RTD,CLUZ,03TANWIND_G01,G,8/30/2026 1:51:00 AM,8/30/2026 1:55:00 AM,MAX_OPERATING_MW,3.50,
8/30/2026 1:55:00 AM,RTD,CLUZ,03TANWIND_G01,G,8/30/2026 1:51:00 AM,8/30/2026 1:55:00 AM,MIN_OPERATING_MW,3.50,
8/30/2026 1:55:00 AM,RTD,CLUZ,03TANWIND_G01,G,8/30/2026 1:56:00 AM,8/30/2026 2:00:00 AM,MAX_OPERATING_MW,3.50,
8/30/2026 1:55:00 AM,RTD,CLUZ,03TANWIND_G01,G,8/30/2026 1:56:00 AM,8/30/2026 2:00:00 AM,MIN_OPERATING_MW,3.50,
8/30/2026 1:55:00 AM,RTD,CMIN,10LIAN_G02,G,8/30/2026 12:05:00 AM,8/30/2026 11:59:00 PM,MAX_OPERATING_MW,6.60,
8/30/2026 1:55:00 AM,RTD,CMIN,10LIAN_G02,G,8/30/2026 12:05:00 AM,8/30/2026 11:59:00 PM,MIN_OPERATING_MW,6.60,
8/30/2026 2:00:00 AM,RTD,CLUZ,01TERRASOL_G01,G,8/30/2026 12:01:00 AM,8/30/2026 5:45:00 AM,MAX_OPERATING_MW,0,
8/30/2026 2:00:00 AM,RTD,CLUZ,01TERRASOL_G01,G,8/30/2026 12:01:00 AM,8/30/2026 5:45:00 AM,MIN_OPERATING_MW,0,
8/30/2026 2:00:00 AM,RTD,CLUZ,03TANWIND_G01,G,8/30/2026 1:56:00 AM,8/30/2026 2:00:00 AM,MAX_OPERATING_MW,3.50,
8/30/2026 2:00:00 AM,RTD,CLUZ,03TANWIND_G01,G,8/30/2026 1:56:00 AM,8/30/2026 2:00:00 AM,MIN_OPERATING_MW,3.50,
8/30/2026 2:00:00 AM,RTD,CLUZ,03TANWIND_G01,G,8/30/2026 2:01:00 AM,8/30/2026 2:05:00 AM,MAX_OPERATING_MW,3.50,
8/30/2026 2:00:00 AM,RTD,CLUZ,03TANWIND_G01,G,8/30/2026 2:01:00 AM,8/30/2026 2:05:00 AM,MIN_OPERATING_MW,3.50,
8/30/2026 2:00:00 AM,RTD,CMIN,10LIAN_G02,G,8/30/2026 12:05:00 AM,8/30/2026 11:59:00 PM,MAX_OPERATING_MW,6.60,
8/30/2026 2:00:00 AM,RTD,CMIN,10LIAN_G02,G,8/30/2026 12:05:00 AM,8/30/2026 11:59:00 PM,MIN_OPERATING_MW,6.60,
8/30/2026 2:05:00 AM,RTD,CLUZ,01TERRASOL_G01,G,8/30/2026 12:01:00 AM,8/30/2026 5:45:00 AM,MAX_OPERATING_MW,0,
8/30/2026 2:05:00 AM,RTD,CLUZ,01TERRASOL_G01,G,8/30/2026 12:01:00 AM,8/30/2026 5:45:00 AM,MIN_OPERATING_MW,0,
8/30/2026 2:05:00 AM,RTD,CLUZ,03TANWIND_G01,G,8/30/2026 2:01:00 AM,8/30/2026 2:05:00 AM,MAX_OPERATING_MW,3.50,
8/30/2026 2:05:00 AM,RTD,CLUZ,03TANWIND_G01,G,8/30/2026 2:01:00 AM,8/30/2026 2:05:00 AM,MIN_OPERATING_MW,3.50,
8/30/2026 2:05:00 AM,RTD,CLUZ,03TANWIND_G01,G,8/30/2026 2:06:00 AM,8/30/2026 2:10:00 AM,MAX_OPERATING_MW,3.50,
8/30/2026 2:05:00 AM,RTD,CLUZ,03TANWIND_G01,G,8/30/2026 2:06:00 AM,8/30/2026 2:10:00 AM,MIN_OPERATING_MW,3.50,
8/30/2026 2:05:00 AM,RTD,CMIN,10LIAN_G02,G,8/30/2026 12:05:00 AM,8/30/2026 11:59:00 PM,MAX_OPERATING_MW,6.60,
8/30/2026 2:05:00 AM,RTD,CMIN,10LIAN_G02,G,8/30/2026 12:05:00 AM,8/30/2026 11:59:00 PM,MIN_OPERATING_MW,6.60,
8/30/2026 2:10:00 AM,RTD,CLUZ,01TERRASOL_G01,G,8/30/2026 12:01:00 AM,8/30/2026 5:45:00 AM,MAX_OPERATING_MW,0,
8/30/2026 2:10:00 AM,RTD,CLUZ,01TERRASOL_G01,G,8/30/2026 12:01:00 AM,8/30/2026 5:45:00 AM,MIN_OPERATING_MW,0,
8/30/2026 2:10:00 AM,RTD,CLUZ,03TANWIND_G01,G,8/30/2026 2:06:00 AM,8/30/2026 2:10:00 AM,MAX_OPERATING_MW,3.50,
8/30/2026 2:10:00 AM,RTD,CLUZ,03TANWIND_G01,G,8/30/2026 2:06:00 AM,8/30/2026 2:10:00 AM,MIN_OPERATING_MW,3.50,
8/30/2026 2:10:00 AM,RTD,CLUZ,03TANWIND_G01,G,8/30/2026 2:11:00 AM,8/30/2026 2:15:00 AM,MAX_OPERATING_MW,3.50,
8/30/2026 2:10:00 AM,RTD,CLUZ,03TANWIND_G01,G,8/30/2026 2:11:00 AM,8/30/2026 2:15:00 AM,MIN_OPERATING_MW,3.50,
8/30/2026 2:10:00 AM,RTD,CMIN,10LIAN_G02,G,8/30/2026 12:05:00 AM,8/30/2026 11:59:00 PM,MAX_OPERATING_MW,6.60,
8/30/2026 2:10:00 AM,RTD,CMIN,10LIAN_G02,G,8/30/2026 12:05:00 AM,8/30/2026 11:59:00 PM,MIN_OPERATING_MW,6.60,
8/30/2026 2:15:00 AM,RTD,CLUZ,01TERRASOL_G01,G,8/30/2026 12:01:00 AM,8/30/2026 5:45:00 AM,MAX_OPERATING_MW,0,
8/30/2026 2:15:00 AM,RTD,CLUZ,01TERRASOL_G01,G,8/30/2026 12:01:00 AM,8/30/2026 5:45:00 AM,MIN_OPERATING_MW,0,
8/30/2026 2:15:00 AM,RTD,CLUZ,03TANWIND_G01,G,8/30/2026 2:11:00 AM,8/30/2026 2:15:00 AM,MAX_OPERATING_MW,3.50,
8/30/2026 2:15:00 AM,RTD,CLUZ,03TANWIND_G01,G,8/30/2026 2:11:00 AM,8/30/2026 2:15:00 AM,MIN_OPERATING_MW,3.50,
8/30/2026 2:15:00 AM,RTD,CLUZ,03TANWIND_G01,G,8/30/2026 2:16:00 AM,8/30/2026 2:20:00 AM,MAX_OPERATING_MW,3.50,
8/30/2026 2:15:00 AM,RTD,CLUZ,03TANWIND_G01,G,8/30/2026 2:16:00 AM,8/30/2026 2:20:00 AM,MIN_OPERATING_MW,3.50,
8/30/2026 2:15:00 AM,RTD,CMIN,10LIAN_G02,G,8/30/2026 12:05:00 AM,8/30/2026 11:59:00 PM,MAX_OPERATING_MW,6.60,
8/30/2026 2:15:00 AM,RTD,CMIN,10LIAN_G02,G,8/30/2026 12:05:00 AM,8/30/2026 11:59:00 PM,MIN_OPERATING_MW,6.60,
8/30/2026 2:20:00 AM,RTD,CLUZ,01TERRASOL_G01,G,8/30/2026 12:01:00 AM,8/30/2026 5:45:00 AM,MAX_OPERATING_MW,0,
8/30/2026 2:20:00 AM,RTD,CLUZ,01TERRASOL_G01,G,8/30/2026 12:01:00 AM,8/30/2026 5:45:00 AM,MIN_OPERATING_MW,0,
8/30/2026 2:20:00 AM,RTD,CLUZ,03TANWIND_G01,G,8/30/2026 2:16:00 AM,8/30/2026 2:20:00 AM,MAX_OPERATING_MW,3.50,
8/30/2026 2:20:00 AM,RTD,CLUZ,03TANWIND_G01,G,8/30/2026 2:16:00 AM,8/30/2026 2:20:00 AM,MIN_OPERATING_MW,3.50,
8/30/2026 2:20:00 AM,RTD,CLUZ,03TANWIND_G01,G,8/30/2026 2:21:00 AM,8/30/2026 2:25:00 AM,MAX_OPERATING_MW,3.50,
8/30/2026 2:20:00 AM,RTD,CLUZ,03TANWIND_G01,G,8/30/2026 2:21:00 AM,8/30/2026 2:25:00 AM,MIN_OPERATING_MW,3.50,
8/30/2026 2:20:00 AM,RTD,CMIN,10LIAN_G02,G,8/30/2026 12:05:00 AM,8/30/2026 11:59:00 PM,MAX_OPERATING_MW,6.60,
8/30/2026 2:20:00 AM,RTD,CMIN,10LIAN_G02,G,8/30/2026 12:05:00 AM,8/30/2026 11:59:00 PM,MIN_OPERATING_MW,6.60,
8/30/2026 2:25:00 AM,RTD,CLUZ,01TERRASOL_G01,G,8/30/2026 12:01:00 AM,8/30/2026 5:45:00 AM,MAX_OPERATING_MW,0,
8/30/2026 2:25:00 AM,RTD,CLUZ,01TERRASOL_G01,G,8/30/2026 12:01:00 AM,8/30/2026 5:45:00 AM,MIN_OPERATING_MW,0,
8/30/2026 2:25:00 AM,RTD,CLUZ,03TANWIND_G01,G,8/30/2026 2:21:00 AM,8/30/2026 2:25:00 AM,MAX_OPERATING_MW,3.50,
8/30/2026 2:25:00 AM,RTD,CLUZ,03TANWIND_G01,G,8/30/2026 2:21:00 AM,8/30/2026 2:25:00 AM,MIN_OPERATING_MW,3.50,
8/30/2026 2:25:00 AM,RTD,CLUZ,03TANWIND_G01,G,8/30/2026 2:26:00 AM,8/30/2026 2:30:00 AM,MAX_OPERATING_MW,3.50,
8/30/2026 2:25:00 AM,RTD,CLUZ,03TANWIND_G01,G,8/30/2026 2:26:00 AM,8/30/2026 2:30:00 AM,MIN_OPERATING_MW,3.50,
8/30/2026 2:25:00 AM,RTD,CMIN,10LIAN_G02,G,8/30/2026 12:05:00 AM,8/30/2026 11:59:00 PM,MAX_OPERATING_MW,6.60,
8/30/2026 2:25:00 AM,RTD,CMIN,10LIAN_G02,G,8/30/2026 12:05:00 AM,8/30/2026 11:59:00 PM,MIN_OPERATING_MW,6.60,
8/30/2026 2:30:00 AM,RTD,CLUZ,01TERRASOL_G01,G,8/30/2026 12:01:00 AM,8/30/2026 5:45:00 AM,MAX_OPERATING_MW,0,
8/30/2026 2:30:00 AM,RTD,CLUZ,01TERRASOL_G01,G,8/30/2026 12:01:00 AM,8/30/2026 5:45:00 AM,MIN_OPERATING_MW,0,
8/30/2026 2:30:00 AM,RTD,CLUZ,03TANWIND_G01,G,8/30/2026 2:26:00 AM,8/30/2026 2:30:00 AM,MAX_OPERATING_MW,3.50,
8/30/2026 2:30:00 AM,RTD,CLUZ,03TANWIND_G01,G,8/30/2026 2:26:00 AM,8/30/2026 2:30:00 AM,MIN_OPERATING_MW,3.50,
8/30/2026 2:30:00 AM,RTD,CLUZ,03TANWIND_G01,G,8/30/2026 2:31:00 AM,8/30/2026 2:35:00 AM,MAX_OPERATING_MW,3.50,
8/30/2026 2:30:00 AM,RTD,CLUZ,03TANWIND_G01,G,8/30/2026 2:31:00 AM,8/30/2026 2:35:00 AM,MIN_OPERATING_MW,3.50,
8/30/2026 2:30:00 AM,RTD,CMIN,10LIAN_G02,G,8/30/2026 12:05:00 AM,8/30/2026 11:59:00 PM,MAX_OPERATING_MW,6.60,
8/30/2026 2:30:00 AM,RTD,CMIN,10LIAN_G02,G,8/30/2026 12:05:00 AM,8/30/2026 11:59:00 PM,MIN_OPERATING_MW,6.60,
8/30/2026 2:35:00 AM,RTD,CLUZ,01TERRASOL_G01,G,8/30/2026 12:01:00 AM,8/30/2026 5:45:00 AM,MAX_OPERATING_MW,0,
8/30/2026 2:35:00 AM,RTD,CLUZ,01TERRASOL_G01,G,8/30/2026 12:01:00 AM,8/30/2026 5:45:00 AM,MIN_OPERATING_MW,0,
8/30/2026 2:35:00 AM,RTD,CLUZ,03TANWIND_G01,G,8/30/2026 2:31:00 AM,8/30/2026 2:35:00 AM,MAX_OPERATING_MW,3.50,
8/30/2026 2:35:00 AM,RTD,CLUZ,03TANWIND_G01,G,8/30/2026 2:31:00 AM,8/30/2026 2:35:00 AM,MIN_OPERATING_MW,3.50,
8/30/2026 2:35:00 AM,RTD,CLUZ,03TANWIND_G01,G,8/30/2026 2:36:00 AM,8/30/2026 2:40:00 AM,MAX_OPERATING_MW,3.50,
8/30/2026 2:35:00 AM,RTD,CLUZ,03TANWIND_G01,G,8/30/2026 2:36:00 AM,8/30/2026 2:40:00 AM,MIN_OPERATING_MW,3.50,
8/30/2026 2:35:00 AM,RTD,CMIN,10LIAN_G02,G,8/30/2026 12:05:00 AM,8/30/2026 11:59:00 PM,MAX_OPERATING_MW,6.60,
8/30/2026 2:35:00 AM,RTD,CMIN,10LIAN_G02,G,8/30/2026 12:05:00 AM,8/30/2026 11:59:00 PM,MIN_OPERATING_MW,6.60,
8/30/2026 2:40:00 AM,RTD,CLUZ,01TERRASOL_G01,G,8/30/2026 12:01:00 AM,8/30/2026 5:45:00 AM,MAX_OPERATING_MW,0,
8/30/2026 2:40:00 AM,RTD,CLUZ,01TERRASOL_G01,G,8/30/2026 12:01:00 AM,8/30/2026 5:45:00 AM,MIN_OPERATING_MW,0,
8/30/2026 2:40:00 AM,RTD,CLUZ,03TANWIND_G01,G,8/30/2026 2:36:00 AM,8/30/2026 2:40:00 AM,MAX_OPERATING_MW,3.50,
8/30/2026 2:40:00 AM,RTD,CLUZ,03TANWIND_G01,G,8/30/2026 2:36:00 AM,8/30/2026 2:40:00 AM,MIN_OPERATING_MW,3.50,
8/30/2026 2:40:00 AM,RTD,CLUZ,03TANWIND_G01,G,8/30/2026 2:41:00 AM,8/30/2026 2:45:00 AM,MAX_OPERATING_MW,3.50,
8/30/2026 2:40:00 AM,RTD,CLUZ,03TANWIND_G01,G,8/30/2026 2:41:00 AM,8/30/2026 2:45:00 AM,MIN_OPERATING_MW,3.50,
8/30/2026 2:40:00 AM,RTD,CMIN,10LIAN_G02,G,8/30/2026 12:05:00 AM,8/30/2026 11:59:00 PM,MAX_OPERATING_MW,6.60,
8/30/2026 2:40:00 AM,RTD,CMIN,10LIAN_G02,G,8/30/2026 12:05:00 AM,8/30/2026 11:59:00 PM,MIN_OPERATING_MW,6.60,
8/30/2026 2:45:00 AM,RTD,CLUZ,01TERRASOL_G01,G,8/30/2026 12:01:00 AM,8/30/2026 5:45:00 AM,MAX_OPERATING_MW,0,
8/30/2026 2:45:00 AM,RTD,CLUZ,01TERRASOL_G01,G,8/30/2026 12:01:00 AM,8/30/2026 5:45:00 AM,MIN_OPERATING_MW,0,
8/30/2026 2:45:00 AM,RTD,CLUZ,03TANWIND_G01,G,8/30/2026 2:41:00 AM,8/30/2026 2:45:00 AM,MAX_OPERATING_MW,3.50,
8/30/2026 2:45:00 AM,RTD,CLUZ,03TANWIND_G01,G,8/30/2026 2:41:00 AM,8/30/2026 2:45:00 AM,MIN_OPERATING_MW,3.50,
8/30/2026 2:45:00 AM,RTD,CLUZ,03TANWIND_G01,G,8/30/2026 2:46:00 AM,8/30/2026 2:50:00 AM,MAX_OPERATING_MW,3.50,
8/30/2026 2:45:00 AM,RTD,CLUZ,03TANWIND_G01,G,8/30/2026 2:46:00 AM,8/30/2026 2:50:00 AM,MIN_OPERATING_MW,3.50,
8/30/2026 2:45:00 AM,RTD,CMIN,10LIAN_G02,G,8/30/2026 12:05:00 AM,8/30/2026 11:59:00 PM,MAX_OPERATING_MW,6.60,
8/30/2026 2:45:00 AM,RTD,CMIN,10LIAN_G02,G,8/30/2026 12:05:00 AM,8/30/2026 11:59:00 PM,MIN_OPERATING_MW,6.60,
8/30/2026 2:50:00 AM,RTD,CLUZ,01TERRASOL_G01,G,8/30/2026 12:01:00 AM,8/30/2026 5:45:00 AM,MAX_OPERATING_MW,0,
8/30/2026 2:50:00 AM,RTD,CLUZ,01TERRASOL_G01,G,8/30/2026 12:01:00 AM,8/30/2026 5:45:00 AM,MIN_OPERATING_MW,0,
8/30/2026 2:50:00 AM,RTD,CLUZ,03TANWIND_G01,G,8/30/2026 2:46:00 AM,8/30/2026 2:50:00 AM,MAX_OPERATING_MW,3.50,
8/30/2026 2:50:00 AM,RTD,CLUZ,03TANWIND_G01,G,8/30/2026 2:46:00 AM,8/30/2026 2:50:00 AM,MIN_OPERATING_MW,3.50,
8/30/2026 2:50:00 AM,RTD,CLUZ,03TANWIND_G01,G,8/30/2026 2:51:00 AM,8/30/2026 2:55:00 AM,MAX_OPERATING_MW,3.50,
8/30/2026 2:50:00 AM,RTD,CLUZ,03TANWIND_G01,G,8/30/2026 2:51:00 AM,8/30/2026 2:55:00 AM,MIN_OPERATING_MW,3.50,
8/30/2026 2:50:00 AM,RTD,CMIN,10LIAN_G02,G,8/30/2026 12:05:00 AM,8/30/2026 11:59:00 PM,MAX_OPERATING_MW,6.60,
8/30/2026 2:50:00 AM,RTD,CMIN,10LIAN_G02,G,8/30/2026 12:05:00 AM,8/30/2026 11:59:00 PM,MIN_OPERATING_MW,6.60,
8/30/2026 2:55:00 AM,RTD,CLUZ,01TERRASOL_G01,G,8/30/2026 12:01:00 AM,8/30/2026 5:45:00 AM,MAX_OPERATING_MW,0,
8/30/2026 2:55:00 AM,RTD,CLUZ,01TERRASOL_G01,G,8/30/2026 12:01:00 AM,8/30/2026 5:45:00 AM,MIN_OPERATING_MW,0,
8/30/2026 2:55:00 AM,RTD,CLUZ,03TANWIND_G01,G,8/30/2026 2:51:00 AM,8/30/2026 2:55:00 AM,MAX_OPERATING_MW,3.50,
8/30/2026 2:55:00 AM,RTD,CLUZ,03TANWIND_G01,G,8/30/2026 2:51:00 AM,8/30/2026 2:55:00 AM,MIN_OPERATING_MW,3.50,
8/30/2026 2:55:00 AM,RTD,CLUZ,03TANWIND_G01,G,8/30/2026 2:56:00 AM,8/30/2026 3:00:00 AM,MAX_OPERATING_MW,3.50,
8/30/2026 2:55:00 AM,RTD,CLUZ,03TANWIND_G01,G,8/30/2026 2:56:00 AM,8/30/2026 3:00:00 AM,MIN_OPERATING_MW,3.50,
8/30/2026 2:55:00 AM,RTD,CMIN,10LIAN_G02,G,8/30/2026 12:05:00 AM,8/30/2026 11:59:00 PM,MAX_OPERATING_MW,6.60,
8/30/2026 2:55:00 AM,RTD,CMIN,10LIAN_G02,G,8/30/2026 12:05:00 AM,8/30/2026 11:59:00 PM,MIN_OPERATING_MW,6.60,
8/30/2026 3:00:00 AM,RTD,CLUZ,01TERRASOL_G01,G,8/30/2026 12:01:00 AM,8/30/2026 5:45:00 AM,MAX_OPERATING_MW,0,
8/30/2026 3:00:00 AM,RTD,CLUZ,01TERRASOL_G01,G,8/30/2026 12:01:00 AM,8/30/2026 5:45:00 AM,MIN_OPERATING_MW,0,
8/30/2026 3:00:00 AM,RTD,CLUZ,03TANWIND_G01,G,8/30/2026 2:56:00 AM,8/30/2026 3:00:00 AM,MAX_OPERATING_MW,3.50,
8/30/2026 3:00:00 AM,RTD,CLUZ,03TANWIND_G01,G,8/30/2026 2:56:00 AM,8/30/2026 3:00:00 AM,MIN_OPERATING_MW,3.50,
8/30/2026 3:00:00 AM,RTD,CLUZ,03TANWIND_G01,G,8/30/2026 3:01:00 AM,8/30/2026 3:05:00 AM,MAX_OPERATING_MW,3.50,
8/30/2026 3:00:00 AM,RTD,CLUZ,03TANWIND_G01,G,8/30/2026 3:01:00 AM,8/30/2026 3:05:00 AM,MIN_OPERATING_MW,3.50,
8/30/2026 3:00:00 AM,RTD,CMIN,10LIAN_G02,G,8/30/2026 12:05:00 AM,8/30/2026 11:59:00 PM,MAX_OPERATING_MW,6.60,
8/30/2026 3:00:00 AM,RTD,CMIN,10LIAN_G02,G,8/30/2026 12:05:00 AM,8/30/2026 11:59:00 PM,MIN_OPERATING_MW,6.60,
8/30/2026 3:05:00 AM,RTD,CLUZ,01TERRASOL_G01,G,8/30/2026 12:01:00 AM,8/30/2026 5:45:00 AM,MAX_OPERATING_MW,0,
8/30/2026 3:05:00 AM,RTD,CLUZ,01TERRASOL_G01,G,8/30/2026 12:01:00 AM,8/30/2026 5:45:00 AM,MIN_OPERATING_MW,0,
8/30/2026 3:05:00 AM,RTD,CLUZ,03TANWIND_G01,G,8/30/2026 3:01:00 AM,8/30/2026 3:05:00 AM,MAX_OPERATING_MW,3.50,
8/30/2026 3:05:00 AM,RTD,CLUZ,03TANWIND_G01,G,8/30/2026 3:01:00 AM,8/30/2026 3:05:00 AM,MIN_OPERATING_MW,3.50,
8/30/2026 3:05:00 AM,RTD,CLUZ,03TANWIND_G01,G,8/30/2026 3:06:00 AM,8/30/2026 3:10:00 AM,MAX_OPERATING_MW,3.50,
8/30/2026 3:05:00 AM,RTD,CLUZ,03TANWIND_G01,G,8/30/2026 3:06:00 AM,8/30/2026 3:10:00 AM,MIN_OPERATING_MW,3.50,
8/30/2026 3:05:00 AM,RTD,CMIN,10LIAN_G02,G,8/30/2026 12:05:00 AM,8/30/2026 11:59:00 PM,MAX_OPERATING_MW,6.60,
8/30/2026 3:05:00 AM,RTD,CMIN,10LIAN_G02,G,8/30/2026 12:05:00 AM,8/30/2026 11:59:00 PM,MIN_OPERATING_MW,6.60,
8/30/2026 3:10:00 AM,RTD,CLUZ,01TERRASOL_G01,G,8/30/2026 12:01:00 AM,8/30/2026 5:45:00 AM,MAX_OPERATING_MW,0,
8/30/2026 3:10:00 AM,RTD,CLUZ,01TERRASOL_G01,G,8/30/2026 12:01:00 AM,8/30/2026 5:45:00 AM,MIN_OPERATING_MW,0,
8/30/2026 3:10:00 AM,RTD,CLUZ,03TANWIND_G01,G,8/30/2026 3:06:00 AM,8/30/2026 3:10:00 AM,MAX_OPERATING_MW,3.50,
8/30/2026 3:10:00 AM,RTD,CLUZ,03TANWIND_G01,G,8/30/2026 3:06:00 AM,8/30/2026 3:10:00 AM,MIN_OPERATING_MW,3.50,
8/30/2026 3:10:00 AM,RTD,CLUZ,03TANWIND_G01,G,8/30/2026 3:11:00 AM,8/30/2026 3:15:00 AM,MAX_OPERATING_MW,3.50,
8/30/2026 3:10:00 AM,RTD,CLUZ,03TANWIND_G01,G,8/30/2026 3:11:00 AM,8/30/2026 3:15:00 AM,MIN_OPERATING_MW,3.50,
8/30/2026 3:10:00 AM,RTD,CMIN,10LIAN_G02,G,8/30/2026 12:05:00 AM,8/30/2026 11:59:00 PM,MAX_OPERATING_MW,6.60,
8/30/2026 3:10:00 AM,RTD,CMIN,10LIAN_G02,G,8/30/2026 12:05:00 AM,8/30/2026 11:59:00 PM,MIN_OPERATING_MW,6.60,
8/30/2026 3:15:00 AM,RTD,CLUZ,01TERRASOL_G01,G,8/30/2026 12:01:00 AM,8/30/2026 5:45:00 AM,MAX_OPERATING_MW,0,
8/30/2026 3:15:00 AM,RTD,CLUZ,01TERRASOL_G01,G,8/30/2026 12:01:00 AM,8/30/2026 5:45:00 AM,MIN_OPERATING_MW,0,
8/30/2026 3:15:00 AM,RTD,CLUZ,03TANWIND_G01,G,8/30/2026 3:11:00 AM,8/30/2026 3:15:00 AM,MAX_OPERATING_MW,3.50,
8/30/2026 3:15:00 AM,RTD,CLUZ,03TANWIND_G01,G,8/30/2026 3:11:00 AM,8/30/2026 3:15:00 AM,MIN_OPERATING_MW,3.50,
8/30/2026 3:15:00 AM,RTD,CLUZ,03TANWIND_G01,G,8/30/2026 3:16:00 AM,8/30/2026 3:20:00 AM,MAX_OPERATING_MW,3.50,
8/30/2026 3:15:00 AM,RTD,CLUZ,03TANWIND_G01,G,8/30/2026 3:16:00 AM,8/30/2026 3:20:00 AM,MIN_OPERATING_MW,3.50,
8/30/2026 3:15:00 AM,RTD,CMIN,10LIAN_G02,G,8/30/2026 12:05:00 AM,8/30/2026 11:59:00 PM,MAX_OPERATING_MW,6.60,
8/30/2026 3:15:00 AM,RTD,CMIN,10LIAN_G02,G,8/30/2026 12:05:00 AM,8/30/2026 11:59:00 PM,MIN_OPERATING_MW,6.60,
8/30/2026 3:20:00 AM,RTD,CLUZ,01TERRASOL_G01,G,8/30/2026 12:01:00 AM,8/30/2026 5:45:00 AM,MAX_OPERATING_MW,0,
8/30/2026 3:20:00 AM,RTD,CLUZ,01TERRASOL_G01,G,8/30/2026 12:01:00 AM,8/30/2026 5:45:00 AM,MIN_OPERATING_MW,0,
8/30/2026 3:20:00 AM,RTD,CLUZ,03TANWIND_G01,G,8/30/2026 3:16:00 AM,8/30/2026 3:20:00 AM,MAX_OPERATING_MW,3.50,
8/30/2026 3:20:00 AM,RTD,CLUZ,03TANWIND_G01,G,8/30/2026 3:16:00 AM,8/30/2026 3:20:00 AM,MIN_OPERATING_MW,3.50,
8/30/2026 3:20:00 AM,RTD,CLUZ,03TANWIND_G01,G,8/30/2026 3:21:00 AM,8/30/2026 3:25:00 AM,MAX_OPERATING_MW,3.50,
8/30/2026 3:20:00 AM,RTD,CLUZ,03TANWIND_G01,G,8/30/2026 3:21:00 AM,8/30/2026 3:25:00 AM,MIN_OPERATING_MW,3.50,
8/30/2026 3:20:00 AM,RTD,CMIN,10LIAN_G02,G,8/30/2026 12:05:00 AM,8/30/2026 11:59:00 PM,MAX_OPERATING_MW,6.60,
8/30/2026 3:20:00 AM,RTD,CMIN,10LIAN_G02,G,8/30/2026 12:05:00 AM,8/30/2026 11:59:00 PM,MIN_OPERATING_MW,6.60,
8/30/2026 3:25:00 AM,RTD,CLUZ,01TERRASOL_G01,G,8/30/2026 12:01:00 AM,8/30/2026 5:45:00 AM,MAX_OPERATING_MW,0,
8/30/2026 3:25:00 AM,RTD,CLUZ,01TERRASOL_G01,G,8/30/2026 12:01:00 AM,8/30/2026 5:45:00 AM,MIN_OPERATING_MW,0,
8/30/2026 3:25:00 AM,RTD,CLUZ,03TANWIND_G01,G,8/30/2026 3:21:00 AM,8/30/2026 3:25:00 AM,MAX_OPERATING_MW,3.50,
8/30/2026 3:25:00 AM,RTD,CLUZ,03TANWIND_G01,G,8/30/2026 3:21:00 AM,8/30/2026 3:25:00 AM,MIN_OPERATING_MW,3.50,
8/30/2026 3:25:00 AM,RTD,CLUZ,03TANWIND_G01,G,8/30/2026 3:26:00 AM,8/30/2026 3:30:00 AM,MAX_OPERATING_MW,3.50,
8/30/2026 3:25:00 AM,RTD,CLUZ,03TANWIND_G01,G,8/30/2026 3:26:00 AM,8/30/2026 3:30:00 AM,MIN_OPERATING_MW,3.50,
8/30/2026 3:25:00 AM,RTD,CMIN,10LIAN_G02,G,8/30/2026 12:05:00 AM,8/30/2026 11:59:00 PM,MAX_OPERATING_MW,6.60,
8/30/2026 3:25:00 AM,RTD,CMIN,10LIAN_G02,G,8/30/2026 12:05:00 AM,8/30/2026 11:59:00 PM,MIN_OPERATING_MW,6.60,
8/30/2026 3:30:00 AM,RTD,CLUZ,01TERRASOL_G01,G,8/30/2026 12:01:00 AM,8/30/2026 5:45:00 AM,MAX_OPERATING_MW,0,
8/30/2026 3:30:00 AM,RTD,CLUZ,01TERRASOL_G01,G,8/30/2026 12:01:00 AM,8/30/2026 5:45:00 AM,MIN_OPERATING_MW,0,
8/30/2026 3:30:00 AM,RTD,CLUZ,03TANWIND_G01,G,8/30/2026 3:26:00 AM,8/30/2026 3:30:00 AM,MAX_OPERATING_MW,3.50,
8/30/2026 3:30:00 AM,RTD,CLUZ,03TANWIND_G01,G,8/30/2026 3:26:00 AM,8/30/2026 3:30:00 AM,MIN_OPERATING_MW,3.50,
8/30/2026 3:30:00 AM,RTD,CLUZ,03TANWIND_G01,G,8/30/2026 3:31:00 AM,8/30/2026 3:35:00 AM,MAX_OPERATING_MW,3.50,
8/30/2026 3:30:00 AM,RTD,CLUZ,03TANWIND_G01,G,8/30/2026 3:31:00 AM,8/30/2026 3:35:00 AM,MIN_OPERATING_MW,3.50,
8/30/2026 3:30:00 AM,RTD,CMIN,10LIAN_G02,G,8/30/2026 12:05:00 AM,8/30/2026 11:59:00 PM,MAX_OPERATING_MW,6.60,
8/30/2026 3:30:00 AM,RTD,CMIN,10LIAN_G02,G,8/30/2026 12:05:00 AM,8/30/2026 11:59:00 PM,MIN_OPERATING_MW,6.60,
8/30/2026 3:35:00 AM,RTD,CLUZ,01TERRASOL_G01,G,8/30/2026 12:01:00 AM,8/30/2026 5:45:00 AM,MAX_OPERATING_MW,0,
8/30/2026 3:35:00 AM,RTD,CLUZ,01TERRASOL_G01,G,8/30/2026 12:01:00 AM,8/30/2026 5:45:00 AM,MIN_OPERATING_MW,0,
8/30/2026 3:35:00 AM,RTD,CLUZ,03TANWIND_G01,G,8/30/2026 3:31:00 AM,8/30/2026 3:35:00 AM,MAX_OPERATING_MW,3.50,
8/30/2026 3:35:00 AM,RTD,CLUZ,03TANWIND_G01,G,8/30/2026 3:31:00 AM,8/30/2026 3:35:00 AM,MIN_OPERATING_MW,3.50,
8/30/2026 3:35:00 AM,RTD,CLUZ,03TANWIND_G01,G,8/30/2026 3:36:00 AM,8/30/2026 3:40:00 AM,MAX_OPERATING_MW,3.50,
8/30/2026 3:35:00 AM,RTD,CLUZ,03TANWIND_G01,G,8/30/2026 3:36:00 AM,8/30/2026 3:40:00 AM,MIN_OPERATING_MW,3.50,
8/30/2026 3:35:00 AM,RTD,CMIN,10LIAN_G02,G,8/30/2026 12:05:00 AM,8/30/2026 11:59:00 PM,MAX_OPERATING_MW,6.60,
8/30/2026 3:35:00 AM,RTD,CMIN,10LIAN_G02,G,8/30/2026 12:05:00 AM,8/30/2026 11:59:00 PM,MIN_OPERATING_MW,6.60,
8/30/2026 3:40:00 AM,RTD,CLUZ,01TERRASOL_G01,G,8/30/2026 12:01:00 AM,8/30/2026 5:45:00 AM,MAX_OPERATING_MW,0,
8/30/2026 3:40:00 AM,RTD,CLUZ,01TERRASOL_G01,G,8/30/2026 12:01:00 AM,8/30/2026 5:45:00 AM,MIN_OPERATING_MW,0,
8/30/2026 3:40:00 AM,RTD,CLUZ,03TANWIND_G01,G,8/30/2026 3:36:00 AM,8/30/2026 3:40:00 AM,MAX_OPERATING_MW,3.50,
8/30/2026 3:40:00 AM,RTD,CLUZ,03TANWIND_G01,G,8/30/2026 3:36:00 AM,8/30/2026 3:40:00 AM,MIN_OPERATING_MW,3.50,
8/30/2026 3:40:00 AM,RTD,CLUZ,03TANWIND_G01,G,8/30/2026 3:41:00 AM,8/30/2026 3:45:00 AM,MAX_OPERATING_MW,3.50,
8/30/2026 3:40:00 AM,RTD,CLUZ,03TANWIND_G01,G,8/30/2026 3:41:00 AM,8/30/2026 3:45:00 AM,MIN_OPERATING_MW,3.50,
8/30/2026 3:40:00 AM,RTD,CMIN,10LIAN_G02,G,8/30/2026 12:05:00 AM,8/30/2026 11:59:00 PM,MAX_OPERATING_MW,6.60,
8/30/2026 3:40:00 AM,RTD,CMIN,10LIAN_G02,G,8/30/2026 12:05:00 AM,8/30/2026 11:59:00 PM,MIN_OPERATING_MW,6.60,
8/30/2026 3:45:00 AM,RTD,CLUZ,01TERRASOL_G01,G,8/30/2026 12:01:00 AM,8/30/2026 5:45:00 AM,MAX_OPERATING_MW,0,
8/30/2026 3:45:00 AM,RTD,CLUZ,01TERRASOL_G01,G,8/30/2026 12:01:00 AM,8/30/2026 5:45:00 AM,MIN_OPERATING_MW,0,
8/30/2026 3:45:00 AM,RTD,CLUZ,03TANWIND_G01,G,8/30/2026 3:41:00 AM,8/30/2026 3:45:00 AM,MAX_OPERATING_MW,3.50,
8/30/2026 3:45:00 AM,RTD,CLUZ,03TANWIND_G01,G,8/30/2026 3:41:00 AM,8/30/2026 3:45:00 AM,MIN_OPERATING_MW,3.50,
8/30/2026 3:45:00 AM,RTD,CLUZ,03TANWIND_G01,G,8/30/2026 3:46:00 AM,8/30/2026 3:50:00 AM,MAX_OPERATING_MW,3.50,
8/30/2026 3:45:00 AM,RTD,CLUZ,03TANWIND_G01,G,8/30/2026 3:46:00 AM,8/30/2026 3:50:00 AM,MIN_OPERATING_MW,3.50,
8/30/2026 3:45:00 AM,RTD,CMIN,10LIAN_G02,G,8/30/2026 12:05:00 AM,8/30/2026 11:59:00 PM,MAX_OPERATING_MW,6.60,
8/30/2026 3:45:00 AM,RTD,CMIN,10LIAN_G02,G,8/30/2026 12:05:00 AM,8/30/2026 11:59:00 PM,MIN_OPERATING_MW,6.60,
8/30/2026 3:50:00 AM,RTD,CLUZ,01TERRASOL_G01,G,8/30/2026 12:01:00 AM,8/30/2026 5:45:00 AM,MAX_OPERATING_MW,0,
8/30/2026 3:50:00 AM,RTD,CLUZ,01TERRASOL_G01,G,8/30/2026 12:01:00 AM,8/30/2026 5:45:00 AM,MIN_OPERATING_MW,0,
8/30/2026 3:50:00 AM,RTD,CLUZ,03TANWIND_G01,G,8/30/2026 3:46:00 AM,8/30/2026 3:50:00 AM,MAX_OPERATING_MW,3.50,
8/30/2026 3:50:00 AM,RTD,CLUZ,03TANWIND_G01,G,8/30/2026 3:46:00 AM,8/30/2026 3:50:00 AM,MIN_OPERATING_MW,3.50,
8/30/2026 3:50:00 AM,RTD,CLUZ,03TANWIND_G01,G,8/30/2026 3:51:00 AM,8/30/2026 3:55:00 AM,MAX_OPERATING_MW,3.50,
8/30/2026 3:50:00 AM,RTD,CLUZ,03TANWIND_G01,G,8/30/2026 3:51:00 AM,8/30/2026 3:55:00 AM,MIN_OPERATING_MW,3.50,
8/30/2026 3:50:00 AM,RTD,CMIN,10LIAN_G02,G,8/30/2026 12:05:00 AM,8/30/2026 11:59:00 PM,MAX_OPERATING_MW,6.60,
8/30/2026 3:50:00 AM,RTD,CMIN,10LIAN_G02,G,8/30/2026 12:05:00 AM,8/30/2026 11:59:00 PM,MIN_OPERATING_MW,6.60,
8/30/2026 3:55:00 AM,RTD,CLUZ,01TERRASOL_G01,G,8/30/2026 12:01:00 AM,8/30/2026 5:45:00 AM,MAX_OPERATING_MW,0,
8/30/2026 3:55:00 AM,RTD,CLUZ,01TERRASOL_G01,G,8/30/2026 12:01:00 AM,8/30/2026 5:45:00 AM,MIN_OPERATING_MW,0,
8/30/2026 3:55:00 AM,RTD,CLUZ,03TANWIND_G01,G,8/30/2026 3:51:00 AM,8/30/2026 3:55:00 AM,MAX_OPERATING_MW,3.50,
8/30/2026 3:55:00 AM,RTD,CLUZ,03TANWIND_G01,G,8/30/2026 3:51:00 AM,8/30/2026 3:55:00 AM,MIN_OPERATING_MW,3.50,
8/30/2026 3:55:00 AM,RTD,CLUZ,03TANWIND_G01,G,8/30/2026 3:56:00 AM,8/30/2026 4:00:00 AM,MAX_OPERATING_MW,3.50,
8/30/2026 3:55:00 AM,RTD,CLUZ,03TANWIND_G01,G,8/30/2026 3:56:00 AM,8/30/2026 4:00:00 AM,MIN_OPERATING_MW,3.50,
8/30/2026 3:55:00 AM,RTD,CMIN,10LIAN_G02,G,8/30/2026 12:05:00 AM,8/30/2026 11:59:00 PM,MAX_OPERATING_MW,6.60,
8/30/2026 3:55:00 AM,RTD,CMIN,10LIAN_G02,G,8/30/2026 12:05:00 AM,8/30/2026 11:59:00 PM,MIN_OPERATING_MW,6.60,
8/30/2026 4:00:00 AM,RTD,CLUZ,01TERRASOL_G01,G,8/30/2026 12:01:00 AM,8/30/2026 5:45:00 AM,MAX_OPERATING_MW,0,
8/30/2026 4:00:00 AM,RTD,CLUZ,01TERRASOL_G01,G,8/30/2026 12:01:00 AM,8/30/2026 5:45:00 AM,MIN_OPERATING_MW,0,
8/30/2026 4:00:00 AM,RTD,CLUZ,03TANWIND_G01,G,8/30/2026 3:56:00 AM,8/30/2026 4:00:00 AM,MAX_OPERATING_MW,3.50,
8/30/2026 4:00:00 AM,RTD,CLUZ,03TANWIND_G01,G,8/30/2026 3:56:00 AM,8/30/2026 4:00:00 AM,MIN_OPERATING_MW,3.50,
8/30/2026 4:00:00 AM,RTD,CLUZ,03TANWIND_G01,G,8/30/2026 4:01:00 AM,8/30/2026 4:05:00 AM,MAX_OPERATING_MW,3.50,
8/30/2026 4:00:00 AM,RTD,CLUZ,03TANWIND_G01,G,8/30/2026 4:01:00 AM,8/30/2026 4:05:00 AM,MIN_OPERATING_MW,3.50,
8/30/2026 4:00:00 AM,RTD,CMIN,10LIAN_G02,G,8/30/2026 12:05:00 AM,8/30/2026 11:59:00 PM,MAX_OPERATING_MW,6.60,
8/30/2026 4:00:00 AM,RTD,CMIN,10LIAN_G02,G,8/30/2026 12:05:00 AM,8/30/2026 11:59:00 PM,MIN_OPERATING_MW,6.60,
8/30/2026 4:05:00 AM,RTD,CLUZ,01TERRASOL_G01,G,8/30/2026 12:01:00 AM,8/30/2026 5:45:00 AM,MAX_OPERATING_MW,0,
8/30/2026 4:05:00 AM,RTD,CLUZ,01TERRASOL_G01,G,8/30/2026 12:01:00 AM,8/30/2026 5:45:00 AM,MIN_OPERATING_MW,0,
8/30/2026 4:05:00 AM,RTD,CLUZ,03TANWIND_G01,G,8/30/2026 4:01:00 AM,8/30/2026 4:05:00 AM,MAX_OPERATING_MW,3.50,
8/30/2026 4:05:00 AM,RTD,CLUZ,03TANWIND_G01,G,8/30/2026 4:01:00 AM,8/30/2026 4:05:00 AM,MIN_OPERATING_MW,3.50,
8/30/2026 4:05:00 AM,RTD,CLUZ,03TANWIND_G01,G,8/30/2026 4:06:00 AM,8/30/2026 4:10:00 AM,MAX_OPERATING_MW,3.50,
8/30/2026 4:05:00 AM,RTD,CLUZ,03TANWIND_G01,G,8/30/2026 4:06:00 AM,8/30/2026 4:10:00 AM,MIN_OPERATING_MW,3.50,
8/30/2026 4:05:00 AM,RTD,CMIN,10LIAN_G02,G,8/30/2026 12:05:00 AM,8/30/2026 11:59:00 PM,MAX_OPERATING_MW,6.60,
8/30/2026 4:05:00 AM,RTD,CMIN,10LIAN_G02,G,8/30/2026 12:05:00 AM,8/30/2026 11:59:00 PM,MIN_OPERATING_MW,6.60,
8/30/2026 4:10:00 AM,RTD,CLUZ,01TERRASOL_G01,G,8/30/2026 12:01:00 AM,8/30/2026 5:45:00 AM,MAX_OPERATING_MW,0,
8/30/2026 4:10:00 AM,RTD,CLUZ,01TERRASOL_G01,G,8/30/2026 12:01:00 AM,8/30/2026 5:45:00 AM,MIN_OPERATING_MW,0,
8/30/2026 4:10:00 AM,RTD,CLUZ,03TANWIND_G01,G,8/30/2026 4:06:00 AM,8/30/2026 4:10:00 AM,MAX_OPERATING_MW,3.50,
8/30/2026 4:10:00 AM,RTD,CLUZ,03TANWIND_G01,G,8/30/2026 4:06:00 AM,8/30/2026 4:10:00 AM,MIN_OPERATING_MW,3.50,
8/30/2026 4:10:00 AM,RTD,CLUZ,03TANWIND_G01,G,8/30/2026 4:11:00 AM,8/30/2026 4:15:00 AM,MAX_OPERATING_MW,3.50,
8/30/2026 4:10:00 AM,RTD,CLUZ,03TANWIND_G01,G,8/30/2026 4:11:00 AM,8/30/2026 4:15:00 AM,MIN_OPERATING_MW,3.50,
8/30/2026 4:10:00 AM,RTD,CMIN,10LIAN_G02,G,8/30/2026 12:05:00 AM,8/30/2026 11:59:00 PM,MAX_OPERATING_MW,6.60,
8/30/2026 4:10:00 AM,RTD,CMIN,10LIAN_G02,G,8/30/2026 12:05:00 AM,8/30/2026 11:59:00 PM,MIN_OPERATING_MW,6.60,
8/30/2026 4:15:00 AM,RTD,CLUZ,01TERRASOL_G01,G,8/30/2026 12:01:00 AM,8/30/2026 5:45:00 AM,MAX_OPERATING_MW,0,
8/30/2026 4:15:00 AM,RTD,CLUZ,01TERRASOL_G01,G,8/30/2026 12:01:00 AM,8/30/2026 5:45:00 AM,MIN_OPERATING_MW,0,
8/30/2026 4:15:00 AM,RTD,CLUZ,03TANWIND_G01,G,8/30/2026 4:11:00 AM,8/30/2026 4:15:00 AM,MAX_OPERATING_MW,3.50,
8/30/2026 4:15:00 AM,RTD,CLUZ,03TANWIND_G01,G,8/30/2026 4:11:00 AM,8/30/2026 4:15:00 AM,MIN_OPERATING_MW,3.50,
8/30/2026 4:15:00 AM,RTD,CLUZ,03TANWIND_G01,G,8/30/2026 4:16:00 AM,8/30/2026 4:20:00 AM,MAX_OPERATING_MW,3.50,
8/30/2026 4:15:00 AM,RTD,CLUZ,03TANWIND_G01,G,8/30/2026 4:16:00 AM,8/30/2026 4:20:00 AM,MIN_OPERATING_MW,3.50,
8/30/2026 4:15:00 AM,RTD,CMIN,10LIAN_G02,G,8/30/2026 12:05:00 AM,8/30/2026 11:59:00 PM,MAX_OPERATING_MW,6.60,
8/30/2026 4:15:00 AM,RTD,CMIN,10LIAN_G02,G,8/30/2026 12:05:00 AM,8/30/2026 11:59:00 PM,MIN_OPERATING_MW,6.60,
8/30/2026 4:20:00 AM,RTD,CLUZ,01TERRASOL_G01,G,8/30/2026 12:01:00 AM,8/30/2026 5:45:00 AM,MAX_OPERATING_MW,0,
8/30/2026 4:20:00 AM,RTD,CLUZ,01TERRASOL_G01,G,8/30/2026 12:01:00 AM,8/30/2026 5:45:00 AM,MIN_OPERATING_MW,0,
8/30/2026 4:20:00 AM,RTD,CLUZ,03TANWIND_G01,G,8/30/2026 4:16:00 AM,8/30/2026 4:20:00 AM,MAX_OPERATING_MW,3.50,
8/30/2026 4:20:00 AM,RTD,CLUZ,03TANWIND_G01,G,8/30/2026 4:16:00 AM,8/30/2026 4:20:00 AM,MIN_OPERATING_MW,3.50,
8/30/2026 4:20:00 AM,RTD,CLUZ,03TANWIND_G01,G,8/30/2026 4:21:00 AM,8/30/2026 4:25:00 AM,MAX_OPERATING_MW,3.50,
8/30/2026 4:20:00 AM,RTD,CLUZ,03TANWIND_G01,G,8/30/2026 4:21:00 AM,8/30/2026 4:25:00 AM,MIN_OPERATING_MW,3.50,
8/30/2026 4:20:00 AM,RTD,CMIN,10LIAN_G02,G,8/30/2026 12:05:00 AM,8/30/2026 11:59:00 PM,MAX_OPERATING_MW,6.60,
8/30/2026 4:20:00 AM,RTD,CMIN,10LIAN_G02,G,8/30/2026 12:05:00 AM,8/30/2026 11:59:00 PM,MIN_OPERATING_MW,6.60,
8/30/2026 4:25:00 AM,RTD,CLUZ,01TERRASOL_G01,G,8/30/2026 12:01:00 AM,8/30/2026 5:45:00 AM,MAX_OPERATING_MW,0,
8/30/2026 4:25:00 AM,RTD,CLUZ,01TERRASOL_G01,G,8/30/2026 12:01:00 AM,8/30/2026 5:45:00 AM,MIN_OPERATING_MW,0,
8/30/2026 4:25:00 AM,RTD,CLUZ,03TANWIND_G01,G,8/30/2026 4:21:00 AM,8/30/2026 4:25:00 AM,MAX_OPERATING_MW,3.50,
8/30/2026 4:25:00 AM,RTD,CLUZ,03TANWIND_G01,G,8/30/2026 4:21:00 AM,8/30/2026 4:25:00 AM,MIN_OPERATING_MW,3.50,
8/30/2026 4:25:00 AM,RTD,CLUZ,03TANWIND_G01,G,8/30/2026 4:26:00 AM,8/30/2026 4:30:00 AM,MAX_OPERATING_MW,3.50,
8/30/2026 4:25:00 AM,RTD,CLUZ,03TANWIND_G01,G,8/30/2026 4:26:00 AM,8/30/2026 4:30:00 AM,MIN_OPERATING_MW,3.50,
8/30/2026 4:25:00 AM,RTD,CMIN,10LIAN_G02,G,8/30/2026 12:05:00 AM,8/30/2026 11:59:00 PM,MAX_OPERATING_MW,6.60,
8/30/2026 4:25:00 AM,RTD,CMIN,10LIAN_G02,G,8/30/2026 12:05:00 AM,8/30/2026 11:59:00 PM,MIN_OPERATING_MW,6.60,
8/30/2026 4:30:00 AM,RTD,CLUZ,01TERRASOL_G01,G,8/30/2026 12:01:00 AM,8/30/2026 5:45:00 AM,MAX_OPERATING_MW,0,
8/30/2026 4:30:00 AM,RTD,CLUZ,01TERRASOL_G01,G,8/30/2026 12:01:00 AM,8/30/2026 5:45:00 AM,MIN_OPERATING_MW,0,
8/30/2026 4:30:00 AM,RTD,CLUZ,03TANWIND_G01,G,8/30/2026 4:26:00 AM,8/30/2026 4:30:00 AM,MAX_OPERATING_MW,3.50,
8/30/2026 4:30:00 AM,RTD,CLUZ,03TANWIND_G01,G,8/30/2026 4:26:00 AM,8/30/2026 4:30:00 AM,MIN_OPERATING_MW,3.50,
8/30/2026 4:30:00 AM,RTD,CLUZ,03TANWIND_G01,G,8/30/2026 4:31:00 AM,8/30/2026 4:35:00 AM,MAX_OPERATING_MW,3.50,
8/30/2026 4:30:00 AM,RTD,CLUZ,03TANWIND_G01,G,8/30/2026 4:31:00 AM,8/30/2026 4:35:00 AM,MIN_OPERATING_MW,3.50,
8/30/2026 4:30:00 AM,RTD,CMIN,10LIAN_G02,G,8/30/2026 12:05:00 AM,8/30/2026 11:59:00 PM,MAX_OPERATING_MW,6.60,
8/30/2026 4:30:00 AM,RTD,CMIN,10LIAN_G02,G,8/30/2026 12:05:00 AM,8/30/2026 11:59:00 PM,MIN_OPERATING_MW,6.60,
8/30/2026 4:35:00 AM,RTD,CLUZ,01TERRASOL_G01,G,8/30/2026 12:01:00 AM,8/30/2026 5:45:00 AM,MAX_OPERATING_MW,0,
8/30/2026 4:35:00 AM,RTD,CLUZ,01TERRASOL_G01,G,8/30/2026 12:01:00 AM,8/30/2026 5:45:00 AM,MIN_OPERATING_MW,0,
8/30/2026 4:35:00 AM,RTD,CLUZ,03TANWIND_G01,G,8/30/2026 4:31:00 AM,8/30/2026 4:35:00 AM,MAX_OPERATING_MW,3.50,
8/30/2026 4:35:00 AM,RTD,CLUZ,03TANWIND_G01,G,8/30/2026 4:31:00 AM,8/30/2026 4:35:00 AM,MIN_OPERATING_MW,3.50,
8/30/2026 4:35:00 AM,RTD,CLUZ,03TANWIND_G01,G,8/30/2026 4:36:00 AM,8/30/2026 4:40:00 AM,MAX_OPERATING_MW,3.50,
8/30/2026 4:35:00 AM,RTD,CLUZ,03TANWIND_G01,G,8/30/2026 4:36:00 AM,8/30/2026 4:40:00 AM,MIN_OPERATING_MW,3.50,
8/30/2026 4:35:00 AM,RTD,CMIN,10LIAN_G02,G,8/30/2026 12:05:00 AM,8/30/2026 11:59:00 PM,MAX_OPERATING_MW,6.60,
8/30/2026 4:35:00 AM,RTD,CMIN,10LIAN_G02,G,8/30/2026 12:05:00 AM,8/30/2026 11:59:00 PM,MIN_OPERATING_MW,6.60,
8/30/2026 4:40:00 AM,RTD,CLUZ,01TERRASOL_G01,G,8/30/2026 12:01:00 AM,8/30/2026 5:45:00 AM,MAX_OPERATING_MW,0,
8/30/2026 4:40:00 AM,RTD,CLUZ,01TERRASOL_G01,G,8/30/2026 12:01:00 AM,8/30/2026 5:45:00 AM,MIN_OPERATING_MW,0,
8/30/2026 4:40:00 AM,RTD,CLUZ,03TANWIND_G01,G,8/30/2026 4:36:00 AM,8/30/2026 4:40:00 AM,MAX_OPERATING_MW,3.50,
8/30/2026 4:40:00 AM,RTD,CLUZ,03TANWIND_G01,G,8/30/2026 4:36:00 AM,8/30/2026 4:40:00 AM,MIN_OPERATING_MW,3.50,
8/30/2026 4:40:00 AM,RTD,CLUZ,03TANWIND_G01,G,8/30/2026 4:41:00 AM,8/30/2026 4:45:00 AM,MAX_OPERATING_MW,3.50,
8/30/2026 4:40:00 AM,RTD,CLUZ,03TANWIND_G01,G,8/30/2026 4:41:00 AM,8/30/2026 4:45:00 AM,MIN_OPERATING_MW,3.50,
8/30/2026 4:40:00 AM,RTD,CMIN,10LIAN_G02,G,8/30/2026 12:05:00 AM,8/30/2026 11:59:00 PM,MAX_OPERATING_MW,6.60,
8/30/2026 4:40:00 AM,RTD,CMIN,10LIAN_G02,G,8/30/2026 12:05:00 AM,8/30/2026 11:59:00 PM,MIN_OPERATING_MW,6.60,
8/30/2026 4:45:00 AM,RTD,CLUZ,01TERRASOL_G01,G,8/30/2026 12:01:00 AM,8/30/2026 5:45:00 AM,MAX_OPERATING_MW,0,
8/30/2026 4:45:00 AM,RTD,CLUZ,01TERRASOL_G01,G,8/30/2026 12:01:00 AM,8/30/2026 5:45:00 AM,MIN_OPERATING_MW,0,
8/30/2026 4:45:00 AM,RTD,CLUZ,03TANWIND_G01,G,8/30/2026 4:41:00 AM,8/30/2026 4:45:00 AM,MAX_OPERATING_MW,3.50,
8/30/2026 4:45:00 AM,RTD,CLUZ,03TANWIND_G01,G,8/30/2026 4:41:00 AM,8/30/2026 4:45:00 AM,MIN_OPERATING_MW,3.50,
8/30/2026 4:45:00 AM,RTD,CLUZ,03TANWIND_G01,G,8/30/2026 4:46:00 AM,8/30/2026 4:50:00 AM,MAX_OPERATING_MW,3.50,
8/30/2026 4:45:00 AM,RTD,CLUZ,03TANWIND_G01,G,8/30/2026 4:46:00 AM,8/30/2026 4:50:00 AM,MIN_OPERATING_MW,3.50,
8/30/2026 4:45:00 AM,RTD,CMIN,10LIAN_G02,G,8/30/2026 12:05:00 AM,8/30/2026 11:59:00 PM,MAX_OPERATING_MW,6.60,
8/30/2026 4:45:00 AM,RTD,CMIN,10LIAN_G02,G,8/30/2026 12:05:00 AM,8/30/2026 11:59:00 PM,MIN_OPERATING_MW,6.60,
8/30/2026 4:50:00 AM,RTD,CLUZ,01TERRASOL_G01,G,8/30/2026 12:01:00 AM,8/30/2026 5:45:00 AM,MAX_OPERATING_MW,0,
8/30/2026 4:50:00 AM,RTD,CLUZ,01TERRASOL_G01,G,8/30/2026 12:01:00 AM,8/30/2026 5:45:00 AM,MIN_OPERATING_MW,0,
8/30/2026 4:50:00 AM,RTD,CLUZ,03TANWIND_G01,G,8/30/2026 4:46:00 AM,8/30/2026 4:50:00 AM,MAX_OPERATING_MW,3.50,
8/30/2026 4:50:00 AM,RTD,CLUZ,03TANWIND_G01,G,8/30/2026 4:46:00 AM,8/30/2026 4:50:00 AM,MIN_OPERATING_MW,3.50,
8/30/2026 4:50:00 AM,RTD,CLUZ,03TANWIND_G01,G,8/30/2026 4:51:00 AM,8/30/2026 4:55:00 AM,MAX_OPERATING_MW,3.50,
8/30/2026 4:50:00 AM,RTD,CLUZ,03TANWIND_G01,G,8/30/2026 4:51:00 AM,8/30/2026 4:55:00 AM,MIN_OPERATING_MW,3.50,
8/30/2026 4:50:00 AM,RTD,CMIN,10LIAN_G02,G,8/30/2026 12:05:00 AM,8/30/2026 11:59:00 PM,MAX_OPERATING_MW,6.60,
8/30/2026 4:50:00 AM,RTD,CMIN,10LIAN_G02,G,8/30/2026 12:05:00 AM,8/30/2026 11:59:00 PM,MIN_OPERATING_MW,6.60,
8/30/2026 4:55:00 AM,RTD,CLUZ,01TERRASOL_G01,G,8/30/2026 12:01:00 AM,8/30/2026 5:45:00 AM,MAX_OPERATING_MW,0,
8/30/2026 4:55:00 AM,RTD,CLUZ,01TERRASOL_G01,G,8/30/2026 12:01:00 AM,8/30/2026 5:45:00 AM,MIN_OPERATING_MW,0,
8/30/2026 4:55:00 AM,RTD,CLUZ,03TANWIND_G01,G,8/30/2026 4:51:00 AM,8/30/2026 4:55:00 AM,MAX_OPERATING_MW,3.50,
8/30/2026 4:55:00 AM,RTD,CLUZ,03TANWIND_G01,G,8/30/2026 4:51:00 AM,8/30/2026 4:55:00 AM,MIN_OPERATING_MW,3.50,
8/30/2026 4:55:00 AM,RTD,CLUZ,03TANWIND_G01,G,8/30/2026 4:56:00 AM,8/30/2026 5:00:00 AM,MAX_OPERATING_MW,3.50,
8/30/2026 4:55:00 AM,RTD,CLUZ,03TANWIND_G01,G,8/30/2026 4:56:00 AM,8/30/2026 5:00:00 AM,MIN_OPERATING_MW,3.50,
8/30/2026 4:55:00 AM,RTD,CMIN,10LIAN_G02,G,8/30/2026 12:05:00 AM,8/30/2026 11:59:00 PM,MAX_OPERATING_MW,6.60,
8/30/2026 4:55:00 AM,RTD,CMIN,10LIAN_G02,G,8/30/2026 12:05:00 AM,8/30/2026 11:59:00 PM,MIN_OPERATING_MW,6.60,
8/30/2026 5:00:00 AM,RTD,CLUZ,01PASBUSOL_G01,G,8/30/2026 5:01:00 AM,8/30/2026 6:00:00 AM,MAX_OPERATING_MW,0.21,
8/30/2026 5:00:00 AM,RTD,CLUZ,01PASBUSOL_G01,G,8/30/2026 5:01:00 AM,8/30/2026 6:00:00 AM,MIN_OPERATING_MW,0.21,
8/30/2026 5:00:00 AM,RTD,CLUZ,01TERRASOL_G01,G,8/30/2026 12:01:00 AM,8/30/2026 5:45:00 AM,MAX_OPERATING_MW,0,
8/30/2026 5:00:00 AM,RTD,CLUZ,01TERRASOL_G01,G,8/30/2026 12:01:00 AM,8/30/2026 5:45:00 AM,MIN_OPERATING_MW,0,
8/30/2026 5:00:00 AM,RTD,CLUZ,03TANWIND_G01,G,8/30/2026 4:56:00 AM,8/30/2026 5:00:00 AM,MAX_OPERATING_MW,3.50,
8/30/2026 5:00:00 AM,RTD,CLUZ,03TANWIND_G01,G,8/30/2026 4:56:00 AM,8/30/2026 5:00:00 AM,MIN_OPERATING_MW,3.50,
8/30/2026 5:00:00 AM,RTD,CLUZ,03TANWIND_G01,G,8/30/2026 5:01:00 AM,8/30/2026 5:05:00 AM,MAX_OPERATING_MW,4,
8/30/2026 5:00:00 AM,RTD,CLUZ,03TANWIND_G01,G,8/30/2026 5:01:00 AM,8/30/2026 5:05:00 AM,MIN_OPERATING_MW,4,
8/30/2026 5:00:00 AM,RTD,CVIS,04ISIDROSOL_G01,G,8/30/2026 5:01:00 AM,8/30/2026 6:00:00 AM,MAX_OPERATING_MW,0.50,
8/30/2026 5:00:00 AM,RTD,CVIS,04ISIDROSOL_G01,G,8/30/2026 5:01:00 AM,8/30/2026 6:00:00 AM,MIN_OPERATING_MW,0.50,
8/30/2026 5:00:00 AM,RTD,CVIS,08AJUYSOL_G01,G,8/30/2026 5:01:00 AM,8/30/2026 6:00:00 AM,MAX_OPERATING_MW,4,
8/30/2026 5:00:00 AM,RTD,CVIS,08AJUYSOL_G01,G,8/30/2026 5:01:00 AM,8/30/2026 6:00:00 AM,MIN_OPERATING_MW,4,
8/30/2026 5:00:00 AM,RTD,CVIS,08AJUYSOL_G02,G,8/30/2026 5:01:00 AM,8/30/2026 6:00:00 AM,MAX_OPERATING_MW,2,
8/30/2026 5:00:00 AM,RTD,CVIS,08AJUYSOL_G02,G,8/30/2026 5:01:00 AM,8/30/2026 6:00:00 AM,MIN_OPERATING_MW,2,
8/30/2026 5:00:00 AM,RTD,CMIN,10LIAN_G02,G,8/30/2026 12:05:00 AM,8/30/2026 11:59:00 PM,MAX_OPERATING_MW,6.60,
8/30/2026 5:00:00 AM,RTD,CMIN,10LIAN_G02,G,8/30/2026 12:05:00 AM,8/30/2026 11:59:00 PM,MIN_OPERATING_MW,6.60,
8/30/2026 5:05:00 AM,RTD,CLUZ,01PASBUSOL_G01,G,8/30/2026 5:01:00 AM,8/30/2026 6:00:00 AM,MAX_OPERATING_MW,0.21,
8/30/2026 5:05:00 AM,RTD,CLUZ,01PASBUSOL_G01,G,8/30/2026 5:01:00 AM,8/30/2026 6:00:00 AM,MIN_OPERATING_MW,0.21,
8/30/2026 5:05:00 AM,RTD,CLUZ,01TERRASOL_G01,G,8/30/2026 12:01:00 AM,8/30/2026 5:45:00 AM,MAX_OPERATING_MW,0,
8/30/2026 5:05:00 AM,RTD,CLUZ,01TERRASOL_G01,G,8/30/2026 12:01:00 AM,8/30/2026 5:45:00 AM,MIN_OPERATING_MW,0,
8/30/2026 5:05:00 AM,RTD,CLUZ,03TANWIND_G01,G,8/30/2026 5:01:00 AM,8/30/2026 5:05:00 AM,MAX_OPERATING_MW,4,
8/30/2026 5:05:00 AM,RTD,CLUZ,03TANWIND_G01,G,8/30/2026 5:01:00 AM,8/30/2026 5:05:00 AM,MIN_OPERATING_MW,4,
8/30/2026 5:05:00 AM,RTD,CLUZ,03TANWIND_G01,G,8/30/2026 5:06:00 AM,8/30/2026 5:10:00 AM,MAX_OPERATING_MW,4,
8/30/2026 5:05:00 AM,RTD,CLUZ,03TANWIND_G01,G,8/30/2026 5:06:00 AM,8/30/2026 5:10:00 AM,MIN_OPERATING_MW,4,
8/30/2026 5:05:00 AM,RTD,CVIS,04ISIDROSOL_G01,G,8/30/2026 5:01:00 AM,8/30/2026 6:00:00 AM,MAX_OPERATING_MW,0.50,
8/30/2026 5:05:00 AM,RTD,CVIS,04ISIDROSOL_G01,G,8/30/2026 5:01:00 AM,8/30/2026 6:00:00 AM,MIN_OPERATING_MW,0.50,
8/30/2026 5:05:00 AM,RTD,CVIS,08AJUYSOL_G01,G,8/30/2026 5:01:00 AM,8/30/2026 6:00:00 AM,MAX_OPERATING_MW,4,
8/30/2026 5:05:00 AM,RTD,CVIS,08AJUYSOL_G01,G,8/30/2026 5:01:00 AM,8/30/2026 6:00:00 AM,MIN_OPERATING_MW,4,
8/30/2026 5:05:00 AM,RTD,CVIS,08AJUYSOL_G02,G,8/30/2026 5:01:00 AM,8/30/2026 6:00:00 AM,MAX_OPERATING_MW,2,
8/30/2026 5:05:00 AM,RTD,CVIS,08AJUYSOL_G02,G,8/30/2026 5:01:00 AM,8/30/2026 6:00:00 AM,MIN_OPERATING_MW,2,
8/30/2026 5:05:00 AM,RTD,CMIN,10LIAN_G02,G,8/30/2026 12:05:00 AM,8/30/2026 11:59:00 PM,MAX_OPERATING_MW,6.60,
8/30/2026 5:05:00 AM,RTD,CMIN,10LIAN_G02,G,8/30/2026 12:05:00 AM,8/30/2026 11:59:00 PM,MIN_OPERATING_MW,6.60,
8/30/2026 5:10:00 AM,RTD,CLUZ,01PASBUSOL_G01,G,8/30/2026 5:01:00 AM,8/30/2026 6:00:00 AM,MAX_OPERATING_MW,0.21,
8/30/2026 5:10:00 AM,RTD,CLUZ,01PASBUSOL_G01,G,8/30/2026 5:01:00 AM,8/30/2026 6:00:00 AM,MIN_OPERATING_MW,0.21,
8/30/2026 5:10:00 AM,RTD,CLUZ,01TERRASOL_G01,G,8/30/2026 12:01:00 AM,8/30/2026 5:45:00 AM,MAX_OPERATING_MW,0,
8/30/2026 5:10:00 AM,RTD,CLUZ,01TERRASOL_G01,G,8/30/2026 12:01:00 AM,8/30/2026 5:45:00 AM,MIN_OPERATING_MW,0,
8/30/2026 5:10:00 AM,RTD,CLUZ,03TANWIND_G01,G,8/30/2026 5:06:00 AM,8/30/2026 5:10:00 AM,MAX_OPERATING_MW,4,
8/30/2026 5:10:00 AM,RTD,CLUZ,03TANWIND_G01,G,8/30/2026 5:06:00 AM,8/30/2026 5:10:00 AM,MIN_OPERATING_MW,4,
8/30/2026 5:10:00 AM,RTD,CLUZ,03TANWIND_G01,G,8/30/2026 5:11:00 AM,8/30/2026 5:15:00 AM,MAX_OPERATING_MW,4,
8/30/2026 5:10:00 AM,RTD,CLUZ,03TANWIND_G01,G,8/30/2026 5:11:00 AM,8/30/2026 5:15:00 AM,MIN_OPERATING_MW,4,
8/30/2026 5:10:00 AM,RTD,CVIS,04ISIDROSOL_G01,G,8/30/2026 5:01:00 AM,8/30/2026 6:00:00 AM,MAX_OPERATING_MW,0.50,
8/30/2026 5:10:00 AM,RTD,CVIS,04ISIDROSOL_G01,G,8/30/2026 5:01:00 AM,8/30/2026 6:00:00 AM,MIN_OPERATING_MW,0.50,
8/30/2026 5:10:00 AM,RTD,CVIS,08AJUYSOL_G01,G,8/30/2026 5:01:00 AM,8/30/2026 6:00:00 AM,MAX_OPERATING_MW,4,
8/30/2026 5:10:00 AM,RTD,CVIS,08AJUYSOL_G01,G,8/30/2026 5:01:00 AM,8/30/2026 6:00:00 AM,MIN_OPERATING_MW,4,
8/30/2026 5:10:00 AM,RTD,CVIS,08AJUYSOL_G02,G,8/30/2026 5:01:00 AM,8/30/2026 6:00:00 AM,MAX_OPERATING_MW,2,
8/30/2026 5:10:00 AM,RTD,CVIS,08AJUYSOL_G02,G,8/30/2026 5:01:00 AM,8/30/2026 6:00:00 AM,MIN_OPERATING_MW,2,
8/30/2026 5:10:00 AM,RTD,CMIN,10LIAN_G02,G,8/30/2026 12:05:00 AM,8/30/2026 11:59:00 PM,MAX_OPERATING_MW,6.60,
8/30/2026 5:10:00 AM,RTD,CMIN,10LIAN_G02,G,8/30/2026 12:05:00 AM,8/30/2026 11:59:00 PM,MIN_OPERATING_MW,6.60,
8/30/2026 5:15:00 AM,RTD,CLUZ,01PASBUSOL_G01,G,8/30/2026 5:01:00 AM,8/30/2026 6:00:00 AM,MAX_OPERATING_MW,0.21,
8/30/2026 5:15:00 AM,RTD,CLUZ,01PASBUSOL_G01,G,8/30/2026 5:01:00 AM,8/30/2026 6:00:00 AM,MIN_OPERATING_MW,0.21,
8/30/2026 5:15:00 AM,RTD,CLUZ,01TERRASOL_G01,G,8/30/2026 12:01:00 AM,8/30/2026 5:45:00 AM,MAX_OPERATING_MW,0,
8/30/2026 5:15:00 AM,RTD,CLUZ,01TERRASOL_G01,G,8/30/2026 12:01:00 AM,8/30/2026 5:45:00 AM,MIN_OPERATING_MW,0,
8/30/2026 5:15:00 AM,RTD,CLUZ,03TANWIND_G01,G,8/30/2026 5:11:00 AM,8/30/2026 5:15:00 AM,MAX_OPERATING_MW,4,
8/30/2026 5:15:00 AM,RTD,CLUZ,03TANWIND_G01,G,8/30/2026 5:11:00 AM,8/30/2026 5:15:00 AM,MIN_OPERATING_MW,4,
8/30/2026 5:15:00 AM,RTD,CLUZ,03TANWIND_G01,G,8/30/2026 5:16:00 AM,8/30/2026 5:20:00 AM,MAX_OPERATING_MW,4,
8/30/2026 5:15:00 AM,RTD,CLUZ,03TANWIND_G01,G,8/30/2026 5:16:00 AM,8/30/2026 5:20:00 AM,MIN_OPERATING_MW,4,
8/30/2026 5:15:00 AM,RTD,CVIS,04ISIDROSOL_G01,G,8/30/2026 5:01:00 AM,8/30/2026 6:00:00 AM,MAX_OPERATING_MW,0.50,
8/30/2026 5:15:00 AM,RTD,CVIS,04ISIDROSOL_G01,G,8/30/2026 5:01:00 AM,8/30/2026 6:00:00 AM,MIN_OPERATING_MW,0.50,
8/30/2026 5:15:00 AM,RTD,CVIS,08AJUYSOL_G01,G,8/30/2026 5:01:00 AM,8/30/2026 6:00:00 AM,MAX_OPERATING_MW,4,
8/30/2026 5:15:00 AM,RTD,CVIS,08AJUYSOL_G01,G,8/30/2026 5:01:00 AM,8/30/2026 6:00:00 AM,MIN_OPERATING_MW,4,
8/30/2026 5:15:00 AM,RTD,CVIS,08AJUYSOL_G02,G,8/30/2026 5:01:00 AM,8/30/2026 6:00:00 AM,MAX_OPERATING_MW,2,
8/30/2026 5:15:00 AM,RTD,CVIS,08AJUYSOL_G02,G,8/30/2026 5:01:00 AM,8/30/2026 6:00:00 AM,MIN_OPERATING_MW,2,
8/30/2026 5:15:00 AM,RTD,CMIN,10LIAN_G02,G,8/30/2026 12:05:00 AM,8/30/2026 11:59:00 PM,MAX_OPERATING_MW,6.60,
8/30/2026 5:15:00 AM,RTD,CMIN,10LIAN_G02,G,8/30/2026 12:05:00 AM,8/30/2026 11:59:00 PM,MIN_OPERATING_MW,6.60,
8/30/2026 5:20:00 AM,RTD,CLUZ,01PASBUSOL_G01,G,8/30/2026 5:01:00 AM,8/30/2026 6:00:00 AM,MAX_OPERATING_MW,0.21,
8/30/2026 5:20:00 AM,RTD,CLUZ,01PASBUSOL_G01,G,8/30/2026 5:01:00 AM,8/30/2026 6:00:00 AM,MIN_OPERATING_MW,0.21,
8/30/2026 5:20:00 AM,RTD,CLUZ,01TERRASOL_G01,G,8/30/2026 12:01:00 AM,8/30/2026 5:45:00 AM,MAX_OPERATING_MW,0,
8/30/2026 5:20:00 AM,RTD,CLUZ,01TERRASOL_G01,G,8/30/2026 12:01:00 AM,8/30/2026 5:45:00 AM,MIN_OPERATING_MW,0,
8/30/2026 5:20:00 AM,RTD,CLUZ,03TANWIND_G01,G,8/30/2026 5:16:00 AM,8/30/2026 5:20:00 AM,MAX_OPERATING_MW,4,
8/30/2026 5:20:00 AM,RTD,CLUZ,03TANWIND_G01,G,8/30/2026 5:16:00 AM,8/30/2026 5:20:00 AM,MIN_OPERATING_MW,4,
8/30/2026 5:20:00 AM,RTD,CLUZ,03TANWIND_G01,G,8/30/2026 5:21:00 AM,8/30/2026 5:25:00 AM,MAX_OPERATING_MW,4,
8/30/2026 5:20:00 AM,RTD,CLUZ,03TANWIND_G01,G,8/30/2026 5:21:00 AM,8/30/2026 5:25:00 AM,MIN_OPERATING_MW,4,
8/30/2026 5:20:00 AM,RTD,CVIS,04ISIDROSOL_G01,G,8/30/2026 5:01:00 AM,8/30/2026 6:00:00 AM,MAX_OPERATING_MW,0.50,
8/30/2026 5:20:00 AM,RTD,CVIS,04ISIDROSOL_G01,G,8/30/2026 5:01:00 AM,8/30/2026 6:00:00 AM,MIN_OPERATING_MW,0.50,
8/30/2026 5:20:00 AM,RTD,CVIS,08AJUYSOL_G01,G,8/30/2026 5:01:00 AM,8/30/2026 6:00:00 AM,MAX_OPERATING_MW,4,
8/30/2026 5:20:00 AM,RTD,CVIS,08AJUYSOL_G01,G,8/30/2026 5:01:00 AM,8/30/2026 6:00:00 AM,MIN_OPERATING_MW,4,
8/30/2026 5:20:00 AM,RTD,CVIS,08AJUYSOL_G02,G,8/30/2026 5:01:00 AM,8/30/2026 6:00:00 AM,MAX_OPERATING_MW,2,
8/30/2026 5:20:00 AM,RTD,CVIS,08AJUYSOL_G02,G,8/30/2026 5:01:00 AM,8/30/2026 6:00:00 AM,MIN_OPERATING_MW,2,
8/30/2026 5:20:00 AM,RTD,CMIN,10LIAN_G02,G,8/30/2026 12:05:00 AM,8/30/2026 11:59:00 PM,MAX_OPERATING_MW,6.60,
8/30/2026 5:20:00 AM,RTD,CMIN,10LIAN_G02,G,8/30/2026 12:05:00 AM,8/30/2026 11:59:00 PM,MIN_OPERATING_MW,6.60,
8/30/2026 5:25:00 AM,RTD,CLUZ,01PASBUSOL_G01,G,8/30/2026 5:01:00 AM,8/30/2026 6:00:00 AM,MAX_OPERATING_MW,0.21,
8/30/2026 5:25:00 AM,RTD,CLUZ,01PASBUSOL_G01,G,8/30/2026 5:01:00 AM,8/30/2026 6:00:00 AM,MIN_OPERATING_MW,0.21,
8/30/2026 5:25:00 AM,RTD,CLUZ,01TERRASOL_G01,G,8/30/2026 12:01:00 AM,8/30/2026 5:45:00 AM,MAX_OPERATING_MW,0,
8/30/2026 5:25:00 AM,RTD,CLUZ,01TERRASOL_G01,G,8/30/2026 12:01:00 AM,8/30/2026 5:45:00 AM,MIN_OPERATING_MW,0,
8/30/2026 5:25:00 AM,RTD,CLUZ,03TANWIND_G01,G,8/30/2026 5:21:00 AM,8/30/2026 5:25:00 AM,MAX_OPERATING_MW,4,
8/30/2026 5:25:00 AM,RTD,CLUZ,03TANWIND_G01,G,8/30/2026 5:21:00 AM,8/30/2026 5:25:00 AM,MIN_OPERATING_MW,4,
8/30/2026 5:25:00 AM,RTD,CLUZ,03TANWIND_G01,G,8/30/2026 5:26:00 AM,8/30/2026 5:30:00 AM,MAX_OPERATING_MW,4,
8/30/2026 5:25:00 AM,RTD,CLUZ,03TANWIND_G01,G,8/30/2026 5:26:00 AM,8/30/2026 5:30:00 AM,MIN_OPERATING_MW,4,
8/30/2026 5:25:00 AM,RTD,CVIS,04ISIDROSOL_G01,G,8/30/2026 5:01:00 AM,8/30/2026 6:00:00 AM,MAX_OPERATING_MW,0.50,
8/30/2026 5:25:00 AM,RTD,CVIS,04ISIDROSOL_G01,G,8/30/2026 5:01:00 AM,8/30/2026 6:00:00 AM,MIN_OPERATING_MW,0.50,
8/30/2026 5:25:00 AM,RTD,CVIS,08AJUYSOL_G01,G,8/30/2026 5:01:00 AM,8/30/2026 6:00:00 AM,MAX_OPERATING_MW,4,
8/30/2026 5:25:00 AM,RTD,CVIS,08AJUYSOL_G01,G,8/30/2026 5:01:00 AM,8/30/2026 6:00:00 AM,MIN_OPERATING_MW,4,
8/30/2026 5:25:00 AM,RTD,CVIS,08AJUYSOL_G02,G,8/30/2026 5:01:00 AM,8/30/2026 6:00:00 AM,MAX_OPERATING_MW,2,
8/30/2026 5:25:00 AM,RTD,CVIS,08AJUYSOL_G02,G,8/30/2026 5:01:00 AM,8/30/2026 6:00:00 AM,MIN_OPERATING_MW,2,
8/30/2026 5:25:00 AM,RTD,CMIN,10LIAN_G02,G,8/30/2026 12:05:00 AM,8/30/2026 11:59:00 PM,MAX_OPERATING_MW,6.60,
8/30/2026 5:25:00 AM,RTD,CMIN,10LIAN_G02,G,8/30/2026 12:05:00 AM,8/30/2026 11:59:00 PM,MIN_OPERATING_MW,6.60,
8/30/2026 5:30:00 AM,RTD,CLUZ,01PASBUSOL_G01,G,8/30/2026 5:01:00 AM,8/30/2026 6:00:00 AM,MAX_OPERATING_MW,0.21,
8/30/2026 5:30:00 AM,RTD,CLUZ,01PASBUSOL_G01,G,8/30/2026 5:01:00 AM,8/30/2026 6:00:00 AM,MIN_OPERATING_MW,0.21,
8/30/2026 5:30:00 AM,RTD,CLUZ,01TERRASOL_G01,G,8/30/2026 12:01:00 AM,8/30/2026 5:45:00 AM,MAX_OPERATING_MW,0,
8/30/2026 5:30:00 AM,RTD,CLUZ,01TERRASOL_G01,G,8/30/2026 12:01:00 AM,8/30/2026 5:45:00 AM,MIN_OPERATING_MW,0,
8/30/2026 5:30:00 AM,RTD,CLUZ,03TANWIND_G01,G,8/30/2026 5:26:00 AM,8/30/2026 5:30:00 AM,MAX_OPERATING_MW,4,
8/30/2026 5:30:00 AM,RTD,CLUZ,03TANWIND_G01,G,8/30/2026 5:26:00 AM,8/30/2026 5:30:00 AM,MIN_OPERATING_MW,4,
8/30/2026 5:30:00 AM,RTD,CLUZ,03TANWIND_G01,G,8/30/2026 5:31:00 AM,8/30/2026 5:35:00 AM,MAX_OPERATING_MW,4,
8/30/2026 5:30:00 AM,RTD,CLUZ,03TANWIND_G01,G,8/30/2026 5:31:00 AM,8/30/2026 5:35:00 AM,MIN_OPERATING_MW,4,
8/30/2026 5:30:00 AM,RTD,CVIS,04ISIDROSOL_G01,G,8/30/2026 5:01:00 AM,8/30/2026 6:00:00 AM,MAX_OPERATING_MW,0.50,
8/30/2026 5:30:00 AM,RTD,CVIS,04ISIDROSOL_G01,G,8/30/2026 5:01:00 AM,8/30/2026 6:00:00 AM,MIN_OPERATING_MW,0.50,
8/30/2026 5:30:00 AM,RTD,CVIS,08AJUYSOL_G01,G,8/30/2026 5:01:00 AM,8/30/2026 6:00:00 AM,MAX_OPERATING_MW,4,
8/30/2026 5:30:00 AM,RTD,CVIS,08AJUYSOL_G01,G,8/30/2026 5:01:00 AM,8/30/2026 6:00:00 AM,MIN_OPERATING_MW,4,
8/30/2026 5:30:00 AM,RTD,CVIS,08AJUYSOL_G02,G,8/30/2026 5:01:00 AM,8/30/2026 6:00:00 AM,MAX_OPERATING_MW,2,
8/30/2026 5:30:00 AM,RTD,CVIS,08AJUYSOL_G02,G,8/30/2026 5:01:00 AM,8/30/2026 6:00:00 AM,MIN_OPERATING_MW,2,
8/30/2026 5:30:00 AM,RTD,CMIN,10LIAN_G02,G,8/30/2026 12:05:00 AM,8/30/2026 11:59:00 PM,MAX_OPERATING_MW,6.60,
8/30/2026 5:30:00 AM,RTD,CMIN,10LIAN_G02,G,8/30/2026 12:05:00 AM,8/30/2026 11:59:00 PM,MIN_OPERATING_MW,6.60,
8/30/2026 5:35:00 AM,RTD,CLUZ,01PASBUSOL_G01,G,8/30/2026 5:01:00 AM,8/30/2026 6:00:00 AM,MAX_OPERATING_MW,0.21,
8/30/2026 5:35:00 AM,RTD,CLUZ,01PASBUSOL_G01,G,8/30/2026 5:01:00 AM,8/30/2026 6:00:00 AM,MIN_OPERATING_MW,0.21,
8/30/2026 5:35:00 AM,RTD,CLUZ,01TERRASOL_G01,G,8/30/2026 12:01:00 AM,8/30/2026 5:45:00 AM,MAX_OPERATING_MW,0,
8/30/2026 5:35:00 AM,RTD,CLUZ,01TERRASOL_G01,G,8/30/2026 12:01:00 AM,8/30/2026 5:45:00 AM,MIN_OPERATING_MW,0,
8/30/2026 5:35:00 AM,RTD,CLUZ,03TANWIND_G01,G,8/30/2026 5:31:00 AM,8/30/2026 5:35:00 AM,MAX_OPERATING_MW,4,
8/30/2026 5:35:00 AM,RTD,CLUZ,03TANWIND_G01,G,8/30/2026 5:31:00 AM,8/30/2026 5:35:00 AM,MIN_OPERATING_MW,4,
8/30/2026 5:35:00 AM,RTD,CLUZ,03TANWIND_G01,G,8/30/2026 5:36:00 AM,8/30/2026 5:40:00 AM,MAX_OPERATING_MW,4,
8/30/2026 5:35:00 AM,RTD,CLUZ,03TANWIND_G01,G,8/30/2026 5:36:00 AM,8/30/2026 5:40:00 AM,MIN_OPERATING_MW,4,
8/30/2026 5:35:00 AM,RTD,CVIS,04ISIDROSOL_G01,G,8/30/2026 5:01:00 AM,8/30/2026 6:00:00 AM,MAX_OPERATING_MW,0.50,
8/30/2026 5:35:00 AM,RTD,CVIS,04ISIDROSOL_G01,G,8/30/2026 5:01:00 AM,8/30/2026 6:00:00 AM,MIN_OPERATING_MW,0.50,
8/30/2026 5:35:00 AM,RTD,CVIS,08AJUYSOL_G01,G,8/30/2026 5:01:00 AM,8/30/2026 6:00:00 AM,MAX_OPERATING_MW,4,
8/30/2026 5:35:00 AM,RTD,CVIS,08AJUYSOL_G01,G,8/30/2026 5:01:00 AM,8/30/2026 6:00:00 AM,MIN_OPERATING_MW,4,
8/30/2026 5:35:00 AM,RTD,CVIS,08AJUYSOL_G02,G,8/30/2026 5:01:00 AM,8/30/2026 6:00:00 AM,MAX_OPERATING_MW,2,
8/30/2026 5:35:00 AM,RTD,CVIS,08AJUYSOL_G02,G,8/30/2026 5:01:00 AM,8/30/2026 6:00:00 AM,MIN_OPERATING_MW,2,
8/30/2026 5:35:00 AM,RTD,CMIN,10LIAN_G02,G,8/30/2026 12:05:00 AM,8/30/2026 11:59:00 PM,MAX_OPERATING_MW,6.60,
8/30/2026 5:35:00 AM,RTD,CMIN,10LIAN_G02,G,8/30/2026 12:05:00 AM,8/30/2026 11:59:00 PM,MIN_OPERATING_MW,6.60,
8/30/2026 5:40:00 AM,RTD,CLUZ,01PASBUSOL_G01,G,8/30/2026 5:01:00 AM,8/30/2026 6:00:00 AM,MAX_OPERATING_MW,0.21,
8/30/2026 5:40:00 AM,RTD,CLUZ,01PASBUSOL_G01,G,8/30/2026 5:01:00 AM,8/30/2026 6:00:00 AM,MIN_OPERATING_MW,0.21,
8/30/2026 5:40:00 AM,RTD,CLUZ,01TERRASOL_G01,G,8/30/2026 12:01:00 AM,8/30/2026 5:45:00 AM,MAX_OPERATING_MW,0,
8/30/2026 5:40:00 AM,RTD,CLUZ,01TERRASOL_G01,G,8/30/2026 12:01:00 AM,8/30/2026 5:45:00 AM,MIN_OPERATING_MW,0,
8/30/2026 5:40:00 AM,RTD,CLUZ,03LUNSOL_G01,G,8/30/2026 5:41:00 AM,8/30/2026 5:45:00 AM,MAX_OPERATING_MW,0.04,
8/30/2026 5:40:00 AM,RTD,CLUZ,03LUNSOL_G01,G,8/30/2026 5:41:00 AM,8/30/2026 5:45:00 AM,MIN_OPERATING_MW,0.04,
8/30/2026 5:40:00 AM,RTD,CLUZ,03TANWIND_G01,G,8/30/2026 5:36:00 AM,8/30/2026 5:40:00 AM,MAX_OPERATING_MW,4,
8/30/2026 5:40:00 AM,RTD,CLUZ,03TANWIND_G01,G,8/30/2026 5:36:00 AM,8/30/2026 5:40:00 AM,MIN_OPERATING_MW,4,
8/30/2026 5:40:00 AM,RTD,CLUZ,03TANWIND_G01,G,8/30/2026 5:41:00 AM,8/30/2026 5:45:00 AM,MAX_OPERATING_MW,4,
8/30/2026 5:40:00 AM,RTD,CLUZ,03TANWIND_G01,G,8/30/2026 5:41:00 AM,8/30/2026 5:45:00 AM,MIN_OPERATING_MW,4,
8/30/2026 5:40:00 AM,RTD,CVIS,04ISIDROSOL_G01,G,8/30/2026 5:01:00 AM,8/30/2026 6:00:00 AM,MAX_OPERATING_MW,0.50,
8/30/2026 5:40:00 AM,RTD,CVIS,04ISIDROSOL_G01,G,8/30/2026 5:01:00 AM,8/30/2026 6:00:00 AM,MIN_OPERATING_MW,0.50,
8/30/2026 5:40:00 AM,RTD,CVIS,08AJUYSOL_G01,G,8/30/2026 5:01:00 AM,8/30/2026 6:00:00 AM,MAX_OPERATING_MW,4,
8/30/2026 5:40:00 AM,RTD,CVIS,08AJUYSOL_G01,G,8/30/2026 5:01:00 AM,8/30/2026 6:00:00 AM,MIN_OPERATING_MW,4,
8/30/2026 5:40:00 AM,RTD,CVIS,08AJUYSOL_G02,G,8/30/2026 5:01:00 AM,8/30/2026 6:00:00 AM,MAX_OPERATING_MW,2,
8/30/2026 5:40:00 AM,RTD,CVIS,08AJUYSOL_G02,G,8/30/2026 5:01:00 AM,8/30/2026 6:00:00 AM,MIN_OPERATING_MW,2,
8/30/2026 5:40:00 AM,RTD,CMIN,10LIAN_G02,G,8/30/2026 12:05:00 AM,8/30/2026 11:59:00 PM,MAX_OPERATING_MW,6.60,
8/30/2026 5:40:00 AM,RTD,CMIN,10LIAN_G02,G,8/30/2026 12:05:00 AM,8/30/2026 11:59:00 PM,MIN_OPERATING_MW,6.60,
8/30/2026 5:45:00 AM,RTD,CLUZ,01PASBUSOL_G01,G,8/30/2026 5:01:00 AM,8/30/2026 6:00:00 AM,MAX_OPERATING_MW,0.21,
8/30/2026 5:45:00 AM,RTD,CLUZ,01PASBUSOL_G01,G,8/30/2026 5:01:00 AM,8/30/2026 6:00:00 AM,MIN_OPERATING_MW,0.21,
8/30/2026 5:45:00 AM,RTD,CLUZ,01TERRASOL_G01,G,8/30/2026 12:01:00 AM,8/30/2026 5:45:00 AM,MAX_OPERATING_MW,0,
8/30/2026 5:45:00 AM,RTD,CLUZ,01TERRASOL_G01,G,8/30/2026 12:01:00 AM,8/30/2026 5:45:00 AM,MIN_OPERATING_MW,0,
8/30/2026 5:45:00 AM,RTD,CLUZ,01TERRASOL_G01,G,8/30/2026 5:46:00 AM,8/30/2026 5:50:00 AM,MAX_OPERATING_MW,1.80,
8/30/2026 5:45:00 AM,RTD,CLUZ,01TERRASOL_G01,G,8/30/2026 5:46:00 AM,8/30/2026 5:50:00 AM,MIN_OPERATING_MW,1.80,
8/30/2026 5:45:00 AM,RTD,CLUZ,03LUNSOL_G01,G,8/30/2026 5:41:00 AM,8/30/2026 5:45:00 AM,MAX_OPERATING_MW,0.04,
8/30/2026 5:45:00 AM,RTD,CLUZ,03LUNSOL_G01,G,8/30/2026 5:41:00 AM,8/30/2026 5:45:00 AM,MIN_OPERATING_MW,0.04,
8/30/2026 5:45:00 AM,RTD,CLUZ,03LUNSOL_G01,G,8/30/2026 5:46:00 AM,8/30/2026 5:50:00 AM,MAX_OPERATING_MW,0.08,
8/30/2026 5:45:00 AM,RTD,CLUZ,03LUNSOL_G01,G,8/30/2026 5:46:00 AM,8/30/2026 5:50:00 AM,MIN_OPERATING_MW,0.08,
8/30/2026 5:45:00 AM,RTD,CLUZ,03TANWIND_G01,G,8/30/2026 5:41:00 AM,8/30/2026 5:45:00 AM,MAX_OPERATING_MW,4,
8/30/2026 5:45:00 AM,RTD,CLUZ,03TANWIND_G01,G,8/30/2026 5:41:00 AM,8/30/2026 5:45:00 AM,MIN_OPERATING_MW,4,
8/30/2026 5:45:00 AM,RTD,CLUZ,03TANWIND_G01,G,8/30/2026 5:46:00 AM,8/30/2026 5:50:00 AM,MAX_OPERATING_MW,4,
8/30/2026 5:45:00 AM,RTD,CLUZ,03TANWIND_G01,G,8/30/2026 5:46:00 AM,8/30/2026 5:50:00 AM,MIN_OPERATING_MW,4,
8/30/2026 5:45:00 AM,RTD,CVIS,04ISIDROSOL_G01,G,8/30/2026 5:01:00 AM,8/30/2026 6:00:00 AM,MAX_OPERATING_MW,0.50,
8/30/2026 5:45:00 AM,RTD,CVIS,04ISIDROSOL_G01,G,8/30/2026 5:01:00 AM,8/30/2026 6:00:00 AM,MIN_OPERATING_MW,0.50,
8/30/2026 5:45:00 AM,RTD,CVIS,08AJUYSOL_G01,G,8/30/2026 5:01:00 AM,8/30/2026 6:00:00 AM,MAX_OPERATING_MW,4,
8/30/2026 5:45:00 AM,RTD,CVIS,08AJUYSOL_G01,G,8/30/2026 5:01:00 AM,8/30/2026 6:00:00 AM,MIN_OPERATING_MW,4,
8/30/2026 5:45:00 AM,RTD,CVIS,08AJUYSOL_G02,G,8/30/2026 5:01:00 AM,8/30/2026 6:00:00 AM,MAX_OPERATING_MW,2,
8/30/2026 5:45:00 AM,RTD,CVIS,08AJUYSOL_G02,G,8/30/2026 5:01:00 AM,8/30/2026 6:00:00 AM,MIN_OPERATING_MW,2,
8/30/2026 5:45:00 AM,RTD,CMIN,10LIAN_G02,G,8/30/2026 12:05:00 AM,8/30/2026 11:59:00 PM,MAX_OPERATING_MW,6.60,
8/30/2026 5:45:00 AM,RTD,CMIN,10LIAN_G02,G,8/30/2026 12:05:00 AM,8/30/2026 11:59:00 PM,MIN_OPERATING_MW,6.60,
8/30/2026 5:50:00 AM,RTD,CLUZ,01BUGSOL_G01,G,8/30/2026 5:51:00 AM,8/30/2026 5:55:00 AM,MAX_OPERATING_MW,0.80,
8/30/2026 5:50:00 AM,RTD,CLUZ,01BUGSOL_G01,G,8/30/2026 5:51:00 AM,8/30/2026 5:55:00 AM,MIN_OPERATING_MW,0.80,
8/30/2026 5:50:00 AM,RTD,CLUZ,01PASBUSOL_G01,G,8/30/2026 5:01:00 AM,8/30/2026 6:00:00 AM,MAX_OPERATING_MW,0.21,
8/30/2026 5:50:00 AM,RTD,CLUZ,01PASBUSOL_G01,G,8/30/2026 5:01:00 AM,8/30/2026 6:00:00 AM,MIN_OPERATING_MW,0.21,
8/30/2026 5:50:00 AM,RTD,CLUZ,01TERRASOL_G01,G,8/30/2026 5:46:00 AM,8/30/2026 5:50:00 AM,MAX_OPERATING_MW,1.80,
8/30/2026 5:50:00 AM,RTD,CLUZ,01TERRASOL_G01,G,8/30/2026 5:46:00 AM,8/30/2026 5:50:00 AM,MIN_OPERATING_MW,1.80,
8/30/2026 5:50:00 AM,RTD,CLUZ,01TERRASOL_G01,G,8/30/2026 5:51:00 AM,8/30/2026 5:55:00 AM,MAX_OPERATING_MW,5.55,
8/30/2026 5:50:00 AM,RTD,CLUZ,01TERRASOL_G01,G,8/30/2026 5:51:00 AM,8/30/2026 5:55:00 AM,MIN_OPERATING_MW,5.55,
8/30/2026 5:50:00 AM,RTD,CLUZ,03LUNSOL_G01,G,8/30/2026 5:46:00 AM,8/30/2026 5:50:00 AM,MAX_OPERATING_MW,0.08,
8/30/2026 5:50:00 AM,RTD,CLUZ,03LUNSOL_G01,G,8/30/2026 5:46:00 AM,8/30/2026 5:50:00 AM,MIN_OPERATING_MW,0.08,
8/30/2026 5:50:00 AM,RTD,CLUZ,03LUNSOL_G01,G,8/30/2026 5:51:00 AM,8/30/2026 5:55:00 AM,MAX_OPERATING_MW,0.16,
8/30/2026 5:50:00 AM,RTD,CLUZ,03LUNSOL_G01,G,8/30/2026 5:51:00 AM,8/30/2026 5:55:00 AM,MIN_OPERATING_MW,0.16,
8/30/2026 5:50:00 AM,RTD,CLUZ,03TANWIND_G01,G,8/30/2026 5:46:00 AM,8/30/2026 5:50:00 AM,MAX_OPERATING_MW,4,
8/30/2026 5:50:00 AM,RTD,CLUZ,03TANWIND_G01,G,8/30/2026 5:46:00 AM,8/30/2026 5:50:00 AM,MIN_OPERATING_MW,4,
8/30/2026 5:50:00 AM,RTD,CLUZ,03TANWIND_G01,G,8/30/2026 5:51:00 AM,8/30/2026 5:55:00 AM,MAX_OPERATING_MW,4,
8/30/2026 5:50:00 AM,RTD,CLUZ,03TANWIND_G01,G,8/30/2026 5:51:00 AM,8/30/2026 5:55:00 AM,MIN_OPERATING_MW,4,
8/30/2026 5:50:00 AM,RTD,CVIS,04ISIDROSOL_G01,G,8/30/2026 5:01:00 AM,8/30/2026 6:00:00 AM,MAX_OPERATING_MW,0.50,
8/30/2026 5:50:00 AM,RTD,CVIS,04ISIDROSOL_G01,G,8/30/2026 5:01:00 AM,8/30/2026 6:00:00 AM,MIN_OPERATING_MW,0.50,
8/30/2026 5:50:00 AM,RTD,CVIS,08AJUYSOL_G01,G,8/30/2026 5:01:00 AM,8/30/2026 6:00:00 AM,MAX_OPERATING_MW,4,
8/30/2026 5:50:00 AM,RTD,CVIS,08AJUYSOL_G01,G,8/30/2026 5:01:00 AM,8/30/2026 6:00:00 AM,MIN_OPERATING_MW,4,
8/30/2026 5:50:00 AM,RTD,CVIS,08AJUYSOL_G02,G,8/30/2026 5:01:00 AM,8/30/2026 6:00:00 AM,MAX_OPERATING_MW,2,
8/30/2026 5:50:00 AM,RTD,CVIS,08AJUYSOL_G02,G,8/30/2026 5:01:00 AM,8/30/2026 6:00:00 AM,MIN_OPERATING_MW,2,
8/30/2026 5:50:00 AM,RTD,CMIN,10LIAN_G02,G,8/30/2026 12:05:00 AM,8/30/2026 11:59:00 PM,MAX_OPERATING_MW,6.60,
8/30/2026 5:50:00 AM,RTD,CMIN,10LIAN_G02,G,8/30/2026 12:05:00 AM,8/30/2026 11:59:00 PM,MIN_OPERATING_MW,6.60,
8/30/2026 5:55:00 AM,RTD,CLUZ,01BUGSOL_G01,G,8/30/2026 5:51:00 AM,8/30/2026 5:55:00 AM,MAX_OPERATING_MW,0.80,
8/30/2026 5:55:00 AM,RTD,CLUZ,01BUGSOL_G01,G,8/30/2026 5:51:00 AM,8/30/2026 5:55:00 AM,MIN_OPERATING_MW,0.80,
8/30/2026 5:55:00 AM,RTD,CLUZ,01BUGSOL_G01,G,8/30/2026 5:56:00 AM,8/30/2026 6:00:00 AM,MAX_OPERATING_MW,1.60,
8/30/2026 5:55:00 AM,RTD,CLUZ,01BUGSOL_G01,G,8/30/2026 5:56:00 AM,8/30/2026 6:00:00 AM,MIN_OPERATING_MW,1.60,
8/30/2026 5:55:00 AM,RTD,CLUZ,01CONSOL_G01,G,8/30/2026 5:56:00 AM,8/30/2026 6:00:00 AM,MAX_OPERATING_MW,0.10,
8/30/2026 5:55:00 AM,RTD,CLUZ,01CONSOL_G01,G,8/30/2026 5:56:00 AM,8/30/2026 6:00:00 AM,MIN_OPERATING_MW,0.10,
8/30/2026 5:55:00 AM,RTD,CLUZ,01PASBUSOL_G01,G,8/30/2026 5:01:00 AM,8/30/2026 6:00:00 AM,MAX_OPERATING_MW,0.21,
8/30/2026 5:55:00 AM,RTD,CLUZ,01PASBUSOL_G01,G,8/30/2026 5:01:00 AM,8/30/2026 6:00:00 AM,MIN_OPERATING_MW,0.21,
8/30/2026 5:55:00 AM,RTD,CLUZ,01TERRASOL_G01,G,8/30/2026 5:51:00 AM,8/30/2026 5:55:00 AM,MAX_OPERATING_MW,5.55,
8/30/2026 5:55:00 AM,RTD,CLUZ,01TERRASOL_G01,G,8/30/2026 5:51:00 AM,8/30/2026 5:55:00 AM,MIN_OPERATING_MW,5.55,
8/30/2026 5:55:00 AM,RTD,CLUZ,01TERRASOL_G01,G,8/30/2026 5:56:00 AM,8/30/2026 9:00:00 AM,MAX_OPERATING_MW,10,
8/30/2026 5:55:00 AM,RTD,CLUZ,01TERRASOL_G01,G,8/30/2026 5:56:00 AM,8/30/2026 9:00:00 AM,MIN_OPERATING_MW,10,
8/30/2026 5:55:00 AM,RTD,CLUZ,03LUNSOL_G01,G,8/30/2026 5:51:00 AM,8/30/2026 5:55:00 AM,MAX_OPERATING_MW,0.16,
8/30/2026 5:55:00 AM,RTD,CLUZ,03LUNSOL_G01,G,8/30/2026 5:51:00 AM,8/30/2026 5:55:00 AM,MIN_OPERATING_MW,0.16,
8/30/2026 5:55:00 AM,RTD,CLUZ,03LUNSOL_G01,G,8/30/2026 5:56:00 AM,8/30/2026 6:00:00 AM,MAX_OPERATING_MW,0.30,
8/30/2026 5:55:00 AM,RTD,CLUZ,03LUNSOL_G01,G,8/30/2026 5:56:00 AM,8/30/2026 6:00:00 AM,MIN_OPERATING_MW,0.30,
8/30/2026 5:55:00 AM,RTD,CLUZ,03TANWIND_G01,G,8/30/2026 5:51:00 AM,8/30/2026 5:55:00 AM,MAX_OPERATING_MW,4,
8/30/2026 5:55:00 AM,RTD,CLUZ,03TANWIND_G01,G,8/30/2026 5:51:00 AM,8/30/2026 5:55:00 AM,MIN_OPERATING_MW,4,
8/30/2026 5:55:00 AM,RTD,CLUZ,03TANWIND_G01,G,8/30/2026 5:56:00 AM,8/30/2026 6:00:00 AM,MAX_OPERATING_MW,4,
8/30/2026 5:55:00 AM,RTD,CLUZ,03TANWIND_G01,G,8/30/2026 5:56:00 AM,8/30/2026 6:00:00 AM,MIN_OPERATING_MW,4,
8/30/2026 5:55:00 AM,RTD,CVIS,04ISIDROSOL_G01,G,8/30/2026 5:01:00 AM,8/30/2026 6:00:00 AM,MAX_OPERATING_MW,0.50,
8/30/2026 5:55:00 AM,RTD,CVIS,04ISIDROSOL_G01,G,8/30/2026 5:01:00 AM,8/30/2026 6:00:00 AM,MIN_OPERATING_MW,0.50,
8/30/2026 5:55:00 AM,RTD,CVIS,08AJUYSOL_G01,G,8/30/2026 5:01:00 AM,8/30/2026 6:00:00 AM,MAX_OPERATING_MW,4,
8/30/2026 5:55:00 AM,RTD,CVIS,08AJUYSOL_G01,G,8/30/2026 5:01:00 AM,8/30/2026 6:00:00 AM,MIN_OPERATING_MW,4,
8/30/2026 5:55:00 AM,RTD,CVIS,08AJUYSOL_G02,G,8/30/2026 5:01:00 AM,8/30/2026 6:00:00 AM,MAX_OPERATING_MW,2,
8/30/2026 5:55:00 AM,RTD,CVIS,08AJUYSOL_G02,G,8/30/2026 5:01:00 AM,8/30/2026 6:00:00 AM,MIN_OPERATING_MW,2,
8/30/2026 5:55:00 AM,RTD,CMIN,10LIAN_G02,G,8/30/2026 12:05:00 AM,8/30/2026 11:59:00 PM,MAX_OPERATING_MW,6.60,
8/30/2026 5:55:00 AM,RTD,CMIN,10LIAN_G02,G,8/30/2026 12:05:00 AM,8/30/2026 11:59:00 PM,MIN_OPERATING_MW,6.60,
8/30/2026 6:00:00 AM,RTD,CLUZ,01BARBASOL_G01,G,8/30/2026 6:01:00 AM,8/30/2026 6:05:00 AM,MAX_OPERATING_MW,0.31,
8/30/2026 6:00:00 AM,RTD,CLUZ,01BARBASOL_G01,G,8/30/2026 6:01:00 AM,8/30/2026 6:05:00 AM,MIN_OPERATING_MW,0.31,
8/30/2026 6:00:00 AM,RTD,CLUZ,01BUGSOL_G01,G,8/30/2026 5:56:00 AM,8/30/2026 6:00:00 AM,MAX_OPERATING_MW,1.60,
8/30/2026 6:00:00 AM,RTD,CLUZ,01BUGSOL_G01,G,8/30/2026 5:56:00 AM,8/30/2026 6:00:00 AM,MIN_OPERATING_MW,1.60,
8/30/2026 6:00:00 AM,RTD,CLUZ,01BUGSOL_G01,G,8/30/2026 6:01:00 AM,8/30/2026 6:05:00 AM,MAX_OPERATING_MW,3.70,
8/30/2026 6:00:00 AM,RTD,CLUZ,01BUGSOL_G01,G,8/30/2026 6:01:00 AM,8/30/2026 6:05:00 AM,MIN_OPERATING_MW,3.70,
8/30/2026 6:00:00 AM,RTD,CLUZ,01BULACSOL_G01,G,8/30/2026 6:01:00 AM,8/30/2026 7:00:00 AM,MAX_OPERATING_MW,1.17,
8/30/2026 6:00:00 AM,RTD,CLUZ,01BULACSOL_G01,G,8/30/2026 6:01:00 AM,8/30/2026 7:00:00 AM,MIN_OPERATING_MW,1.17,
8/30/2026 6:00:00 AM,RTD,CLUZ,01CONSOL_G01,G,8/30/2026 5:56:00 AM,8/30/2026 6:00:00 AM,MAX_OPERATING_MW,0.10,
8/30/2026 6:00:00 AM,RTD,CLUZ,01CONSOL_G01,G,8/30/2026 5:56:00 AM,8/30/2026 6:00:00 AM,MIN_OPERATING_MW,0.10,
8/30/2026 6:00:00 AM,RTD,CLUZ,01CONSOL_G01,G,8/30/2026 6:01:00 AM,8/30/2026 6:05:00 AM,MAX_OPERATING_MW,0.10,
8/30/2026 6:00:00 AM,RTD,CLUZ,01CONSOL_G01,G,8/30/2026 6:01:00 AM,8/30/2026 6:05:00 AM,MIN_OPERATING_MW,0.10,
8/30/2026 6:00:00 AM,RTD,CLUZ,01PASBUSOL_G01,G,8/30/2026 5:01:00 AM,8/30/2026 6:00:00 AM,MAX_OPERATING_MW,0.21,
8/30/2026 6:00:00 AM,RTD,CLUZ,01PASBUSOL_G01,G,8/30/2026 5:01:00 AM,8/30/2026 6:00:00 AM,MIN_OPERATING_MW,0.21,
8/30/2026 6:00:00 AM,RTD,CLUZ,01PASBUSOL_G01,G,8/30/2026 6:01:00 AM,8/30/2026 7:00:00 AM,MAX_OPERATING_MW,4.07,
8/30/2026 6:00:00 AM,RTD,CLUZ,01PASBUSOL_G01,G,8/30/2026 6:01:00 AM,8/30/2026 7:00:00 AM,MIN_OPERATING_MW,4.07,
8/30/2026 6:00:00 AM,RTD,CLUZ,01TERRASOL_G01,G,8/30/2026 5:56:00 AM,8/30/2026 9:00:00 AM,MAX_OPERATING_MW,10,
8/30/2026 6:00:00 AM,RTD,CLUZ,01TERRASOL_G01,G,8/30/2026 5:56:00 AM,8/30/2026 9:00:00 AM,MIN_OPERATING_MW,10,
8/30/2026 6:00:00 AM,RTD,CLUZ,03LUNSOL_G01,G,8/30/2026 5:56:00 AM,8/30/2026 6:00:00 AM,MAX_OPERATING_MW,0.30,
8/30/2026 6:00:00 AM,RTD,CLUZ,03LUNSOL_G01,G,8/30/2026 5:56:00 AM,8/30/2026 6:00:00 AM,MIN_OPERATING_MW,0.30,
8/30/2026 6:00:00 AM,RTD,CLUZ,03LUNSOL_G01,G,8/30/2026 6:01:00 AM,8/30/2026 6:05:00 AM,MAX_OPERATING_MW,0.55,
8/30/2026 6:00:00 AM,RTD,CLUZ,03LUNSOL_G01,G,8/30/2026 6:01:00 AM,8/30/2026 6:05:00 AM,MIN_OPERATING_MW,0.55,
8/30/2026 6:00:00 AM,RTD,CLUZ,03TANWIND_G01,G,8/30/2026 5:56:00 AM,8/30/2026 6:00:00 AM,MAX_OPERATING_MW,4,
8/30/2026 6:00:00 AM,RTD,CLUZ,03TANWIND_G01,G,8/30/2026 5:56:00 AM,8/30/2026 6:00:00 AM,MIN_OPERATING_MW,4,
8/30/2026 6:00:00 AM,RTD,CLUZ,03TANWIND_G01,G,8/30/2026 6:01:00 AM,8/30/2026 6:05:00 AM,MAX_OPERATING_MW,4,
8/30/2026 6:00:00 AM,RTD,CLUZ,03TANWIND_G01,G,8/30/2026 6:01:00 AM,8/30/2026 6:05:00 AM,MIN_OPERATING_MW,4,
8/30/2026 6:00:00 AM,RTD,CVIS,04ISIDROSOL_G01,G,8/30/2026 5:01:00 AM,8/30/2026 6:00:00 AM,MAX_OPERATING_MW,0.50,
8/30/2026 6:00:00 AM,RTD,CVIS,04ISIDROSOL_G01,G,8/30/2026 5:01:00 AM,8/30/2026 6:00:00 AM,MIN_OPERATING_MW,0.50,
8/30/2026 6:00:00 AM,RTD,CVIS,04ISIDROSOL_G01,G,8/30/2026 6:01:00 AM,8/30/2026 7:00:00 AM,MAX_OPERATING_MW,10.80,
8/30/2026 6:00:00 AM,RTD,CVIS,04ISIDROSOL_G01,G,8/30/2026 6:01:00 AM,8/30/2026 7:00:00 AM,MIN_OPERATING_MW,10.80,
8/30/2026 6:00:00 AM,RTD,CVIS,08AJUYSOL_G01,G,8/30/2026 5:01:00 AM,8/30/2026 6:00:00 AM,MAX_OPERATING_MW,4,
8/30/2026 6:00:00 AM,RTD,CVIS,08AJUYSOL_G01,G,8/30/2026 5:01:00 AM,8/30/2026 6:00:00 AM,MIN_OPERATING_MW,4,
8/30/2026 6:00:00 AM,RTD,CVIS,08AJUYSOL_G01,G,8/30/2026 6:01:00 AM,8/30/2026 7:00:00 AM,MAX_OPERATING_MW,6.60,
8/30/2026 6:00:00 AM,RTD,CVIS,08AJUYSOL_G01,G,8/30/2026 6:01:00 AM,8/30/2026 7:00:00 AM,MIN_OPERATING_MW,6.60,
8/30/2026 6:00:00 AM,RTD,CVIS,08AJUYSOL_G02,G,8/30/2026 5:01:00 AM,8/30/2026 6:00:00 AM,MAX_OPERATING_MW,2,
8/30/2026 6:00:00 AM,RTD,CVIS,08AJUYSOL_G02,G,8/30/2026 5:01:00 AM,8/30/2026 6:00:00 AM,MIN_OPERATING_MW,2,
8/30/2026 6:00:00 AM,RTD,CVIS,08AJUYSOL_G02,G,8/30/2026 6:01:00 AM,8/30/2026 7:00:00 AM,MAX_OPERATING_MW,3.40,
8/30/2026 6:00:00 AM,RTD,CVIS,08AJUYSOL_G02,G,8/30/2026 6:01:00 AM,8/30/2026 7:00:00 AM,MIN_OPERATING_MW,3.40,
8/30/2026 6:00:00 AM,RTD,CMIN,10LIAN_G02,G,8/30/2026 12:05:00 AM,8/30/2026 11:59:00 PM,MAX_OPERATING_MW,6.60,
8/30/2026 6:00:00 AM,RTD,CMIN,10LIAN_G02,G,8/30/2026 12:05:00 AM,8/30/2026 11:59:00 PM,MIN_OPERATING_MW,6.60,
8/30/2026 6:00:00 AM,RTD,CMIN,14TANTASOL_G01,G,8/30/2026 6:01:00 AM,8/30/2026 7:00:00 AM,MAX_OPERATING_MW,13,
8/30/2026 6:00:00 AM,RTD,CMIN,14TANTASOL_G01,G,8/30/2026 6:01:00 AM,8/30/2026 7:00:00 AM,MIN_OPERATING_MW,13,
8/30/2026 6:05:00 AM,RTD,CLUZ,01BARBASOL_G01,G,8/30/2026 6:01:00 AM,8/30/2026 6:05:00 AM,MAX_OPERATING_MW,0.31,
8/30/2026 6:05:00 AM,RTD,CLUZ,01BARBASOL_G01,G,8/30/2026 6:01:00 AM,8/30/2026 6:05:00 AM,MIN_OPERATING_MW,0.31,
8/30/2026 6:05:00 AM,RTD,CLUZ,01BARBASOL_G01,G,8/30/2026 6:06:00 AM,8/30/2026 6:10:00 AM,MAX_OPERATING_MW,0.54,
8/30/2026 6:05:00 AM,RTD,CLUZ,01BARBASOL_G01,G,8/30/2026 6:06:00 AM,8/30/2026 6:10:00 AM,MIN_OPERATING_MW,0.54,
8/30/2026 6:05:00 AM,RTD,CLUZ,01BUGSOL_G01,G,8/30/2026 6:01:00 AM,8/30/2026 6:05:00 AM,MAX_OPERATING_MW,3.70,
8/30/2026 6:05:00 AM,RTD,CLUZ,01BUGSOL_G01,G,8/30/2026 6:01:00 AM,8/30/2026 6:05:00 AM,MIN_OPERATING_MW,3.70,
8/30/2026 6:05:00 AM,RTD,CLUZ,01BUGSOL_G01,G,8/30/2026 6:06:00 AM,8/30/2026 6:10:00 AM,MAX_OPERATING_MW,6.10,
8/30/2026 6:05:00 AM,RTD,CLUZ,01BUGSOL_G01,G,8/30/2026 6:06:00 AM,8/30/2026 6:10:00 AM,MIN_OPERATING_MW,6.10,
8/30/2026 6:05:00 AM,RTD,CLUZ,01BULACSOL_G01,G,8/30/2026 6:01:00 AM,8/30/2026 7:00:00 AM,MAX_OPERATING_MW,1.17,
8/30/2026 6:05:00 AM,RTD,CLUZ,01BULACSOL_G01,G,8/30/2026 6:01:00 AM,8/30/2026 7:00:00 AM,MIN_OPERATING_MW,1.17,
8/30/2026 6:05:00 AM,RTD,CLUZ,01CONSOL_G01,G,8/30/2026 6:01:00 AM,8/30/2026 6:05:00 AM,MAX_OPERATING_MW,0.10,
8/30/2026 6:05:00 AM,RTD,CLUZ,01CONSOL_G01,G,8/30/2026 6:01:00 AM,8/30/2026 6:05:00 AM,MIN_OPERATING_MW,0.10,
8/30/2026 6:05:00 AM,RTD,CLUZ,01CONSOL_G01,G,8/30/2026 6:06:00 AM,8/30/2026 6:10:00 AM,MAX_OPERATING_MW,0.10,
8/30/2026 6:05:00 AM,RTD,CLUZ,01CONSOL_G01,G,8/30/2026 6:06:00 AM,8/30/2026 6:10:00 AM,MIN_OPERATING_MW,0.10,
8/30/2026 6:05:00 AM,RTD,CLUZ,01PASBUSOL_G01,G,8/30/2026 6:01:00 AM,8/30/2026 7:00:00 AM,MAX_OPERATING_MW,4.07,
8/30/2026 6:05:00 AM,RTD,CLUZ,01PASBUSOL_G01,G,8/30/2026 6:01:00 AM,8/30/2026 7:00:00 AM,MIN_OPERATING_MW,4.07,
8/30/2026 6:05:00 AM,RTD,CLUZ,01TERRASOL_G01,G,8/30/2026 5:56:00 AM,8/30/2026 9:00:00 AM,MAX_OPERATING_MW,10,
8/30/2026 6:05:00 AM,RTD,CLUZ,01TERRASOL_G01,G,8/30/2026 5:56:00 AM,8/30/2026 9:00:00 AM,MIN_OPERATING_MW,10,
8/30/2026 6:05:00 AM,RTD,CLUZ,03LUNSOL_G01,G,8/30/2026 6:01:00 AM,8/30/2026 6:05:00 AM,MAX_OPERATING_MW,0.55,
8/30/2026 6:05:00 AM,RTD,CLUZ,03LUNSOL_G01,G,8/30/2026 6:01:00 AM,8/30/2026 6:05:00 AM,MIN_OPERATING_MW,0.55,
8/30/2026 6:05:00 AM,RTD,CLUZ,03LUNSOL_G01,G,8/30/2026 6:06:00 AM,8/30/2026 6:10:00 AM,MAX_OPERATING_MW,0.91,
8/30/2026 6:05:00 AM,RTD,CLUZ,03LUNSOL_G01,G,8/30/2026 6:06:00 AM,8/30/2026 6:10:00 AM,MIN_OPERATING_MW,0.91,
8/30/2026 6:05:00 AM,RTD,CLUZ,03TANWIND_G01,G,8/30/2026 6:01:00 AM,8/30/2026 6:05:00 AM,MAX_OPERATING_MW,4,
8/30/2026 6:05:00 AM,RTD,CLUZ,03TANWIND_G01,G,8/30/2026 6:01:00 AM,8/30/2026 6:05:00 AM,MIN_OPERATING_MW,4,
8/30/2026 6:05:00 AM,RTD,CLUZ,03TANWIND_G01,G,8/30/2026 6:06:00 AM,8/30/2026 6:10:00 AM,MAX_OPERATING_MW,4,
8/30/2026 6:05:00 AM,RTD,CLUZ,03TANWIND_G01,G,8/30/2026 6:06:00 AM,8/30/2026 6:10:00 AM,MIN_OPERATING_MW,4,
8/30/2026 6:05:00 AM,RTD,CVIS,04ISIDROSOL_G01,G,8/30/2026 6:01:00 AM,8/30/2026 7:00:00 AM,MAX_OPERATING_MW,10.80,
8/30/2026 6:05:00 AM,RTD,CVIS,04ISIDROSOL_G01,G,8/30/2026 6:01:00 AM,8/30/2026 7:00:00 AM,MIN_OPERATING_MW,10.80,
8/30/2026 6:05:00 AM,RTD,CVIS,08AJUYSOL_G01,G,8/30/2026 6:01:00 AM,8/30/2026 7:00:00 AM,MAX_OPERATING_MW,6.60,
8/30/2026 6:05:00 AM,RTD,CVIS,08AJUYSOL_G01,G,8/30/2026 6:01:00 AM,8/30/2026 7:00:00 AM,MIN_OPERATING_MW,6.60,
8/30/2026 6:05:00 AM,RTD,CVIS,08AJUYSOL_G02,G,8/30/2026 6:01:00 AM,8/30/2026 7:00:00 AM,MAX_OPERATING_MW,3.40,
8/30/2026 6:05:00 AM,RTD,CVIS,08AJUYSOL_G02,G,8/30/2026 6:01:00 AM,8/30/2026 7:00:00 AM,MIN_OPERATING_MW,3.40,
8/30/2026 6:05:00 AM,RTD,CMIN,10LIAN_G02,G,8/30/2026 12:05:00 AM,8/30/2026 11:59:00 PM,MAX_OPERATING_MW,6.60,
8/30/2026 6:05:00 AM,RTD,CMIN,10LIAN_G02,G,8/30/2026 12:05:00 AM,8/30/2026 11:59:00 PM,MIN_OPERATING_MW,6.60,
8/30/2026 6:05:00 AM,RTD,CMIN,14TANTASOL_G01,G,8/30/2026 6:01:00 AM,8/30/2026 7:00:00 AM,MAX_OPERATING_MW,13,
8/30/2026 6:05:00 AM,RTD,CMIN,14TANTASOL_G01,G,8/30/2026 6:01:00 AM,8/30/2026 7:00:00 AM,MIN_OPERATING_MW,13,
8/30/2026 6:10:00 AM,RTD,CLUZ,01BARBASOL_G01,G,8/30/2026 6:06:00 AM,8/30/2026 6:10:00 AM,MAX_OPERATING_MW,0.54,
8/30/2026 6:10:00 AM,RTD,CLUZ,01BARBASOL_G01,G,8/30/2026 6:06:00 AM,8/30/2026 6:10:00 AM,MIN_OPERATING_MW,0.54,
8/30/2026 6:10:00 AM,RTD,CLUZ,01BARBASOL_G01,G,8/30/2026 6:11:00 AM,8/30/2026 6:15:00 AM,MAX_OPERATING_MW,0.83,
8/30/2026 6:10:00 AM,RTD,CLUZ,01BARBASOL_G01,G,8/30/2026 6:11:00 AM,8/30/2026 6:15:00 AM,MIN_OPERATING_MW,0.83,
8/30/2026 6:10:00 AM,RTD,CLUZ,01BUGSOL_G01,G,8/30/2026 6:06:00 AM,8/30/2026 6:10:00 AM,MAX_OPERATING_MW,6.10,
8/30/2026 6:10:00 AM,RTD,CLUZ,01BUGSOL_G01,G,8/30/2026 6:06:00 AM,8/30/2026 6:10:00 AM,MIN_OPERATING_MW,6.10,
8/30/2026 6:10:00 AM,RTD,CLUZ,01BUGSOL_G01,G,8/30/2026 6:11:00 AM,8/30/2026 6:15:00 AM,MAX_OPERATING_MW,6.40,
8/30/2026 6:10:00 AM,RTD,CLUZ,01BUGSOL_G01,G,8/30/2026 6:11:00 AM,8/30/2026 6:15:00 AM,MIN_OPERATING_MW,6.40,
8/30/2026 6:10:00 AM,RTD,CLUZ,01BULACSOL_G01,G,8/30/2026 6:01:00 AM,8/30/2026 7:00:00 AM,MAX_OPERATING_MW,1.17,
8/30/2026 6:10:00 AM,RTD,CLUZ,01BULACSOL_G01,G,8/30/2026 6:01:00 AM,8/30/2026 7:00:00 AM,MIN_OPERATING_MW,1.17,
8/30/2026 6:10:00 AM,RTD,CLUZ,01CONSOL_G01,G,8/30/2026 6:06:00 AM,8/30/2026 6:10:00 AM,MAX_OPERATING_MW,0.10,
8/30/2026 6:10:00 AM,RTD,CLUZ,01CONSOL_G01,G,8/30/2026 6:06:00 AM,8/30/2026 6:10:00 AM,MIN_OPERATING_MW,0.10,
8/30/2026 6:10:00 AM,RTD,CLUZ,01CONSOL_G01,G,8/30/2026 6:11:00 AM,8/30/2026 6:15:00 AM,MAX_OPERATING_MW,0.10,
8/30/2026 6:10:00 AM,RTD,CLUZ,01CONSOL_G01,G,8/30/2026 6:11:00 AM,8/30/2026 6:15:00 AM,MIN_OPERATING_MW,0.10,
8/30/2026 6:10:00 AM,RTD,CLUZ,01PASBUSOL_G01,G,8/30/2026 6:01:00 AM,8/30/2026 7:00:00 AM,MAX_OPERATING_MW,4.07,
8/30/2026 6:10:00 AM,RTD,CLUZ,01PASBUSOL_G01,G,8/30/2026 6:01:00 AM,8/30/2026 7:00:00 AM,MIN_OPERATING_MW,4.07,
8/30/2026 6:10:00 AM,RTD,CLUZ,01TERRASOL_G01,G,8/30/2026 5:56:00 AM,8/30/2026 9:00:00 AM,MAX_OPERATING_MW,10,
8/30/2026 6:10:00 AM,RTD,CLUZ,01TERRASOL_G01,G,8/30/2026 5:56:00 AM,8/30/2026 9:00:00 AM,MIN_OPERATING_MW,10,
8/30/2026 6:10:00 AM,RTD,CLUZ,03LUNSOL_G01,G,8/30/2026 6:06:00 AM,8/30/2026 6:10:00 AM,MAX_OPERATING_MW,0.91,
8/30/2026 6:10:00 AM,RTD,CLUZ,03LUNSOL_G01,G,8/30/2026 6:06:00 AM,8/30/2026 6:10:00 AM,MIN_OPERATING_MW,0.91,
8/30/2026 6:10:00 AM,RTD,CLUZ,03LUNSOL_G01,G,8/30/2026 6:11:00 AM,8/30/2026 6:15:00 AM,MAX_OPERATING_MW,1.39,
8/30/2026 6:10:00 AM,RTD,CLUZ,03LUNSOL_G01,G,8/30/2026 6:11:00 AM,8/30/2026 6:15:00 AM,MIN_OPERATING_MW,1.39,
8/30/2026 6:10:00 AM,RTD,CLUZ,03TANWIND_G01,G,8/30/2026 6:06:00 AM,8/30/2026 6:10:00 AM,MAX_OPERATING_MW,4,
8/30/2026 6:10:00 AM,RTD,CLUZ,03TANWIND_G01,G,8/30/2026 6:06:00 AM,8/30/2026 6:10:00 AM,MIN_OPERATING_MW,4,
8/30/2026 6:10:00 AM,RTD,CLUZ,03TANWIND_G01,G,8/30/2026 6:11:00 AM,8/30/2026 6:15:00 AM,MAX_OPERATING_MW,4,
8/30/2026 6:10:00 AM,RTD,CLUZ,03TANWIND_G01,G,8/30/2026 6:11:00 AM,8/30/2026 6:15:00 AM,MIN_OPERATING_MW,4,
8/30/2026 6:10:00 AM,RTD,CVIS,04ISIDROSOL_G01,G,8/30/2026 6:01:00 AM,8/30/2026 7:00:00 AM,MAX_OPERATING_MW,10.80,
8/30/2026 6:10:00 AM,RTD,CVIS,04ISIDROSOL_G01,G,8/30/2026 6:01:00 AM,8/30/2026 7:00:00 AM,MIN_OPERATING_MW,10.80,
8/30/2026 6:10:00 AM,RTD,CVIS,08AJUYSOL_G01,G,8/30/2026 6:01:00 AM,8/30/2026 7:00:00 AM,MAX_OPERATING_MW,6.60,
8/30/2026 6:10:00 AM,RTD,CVIS,08AJUYSOL_G01,G,8/30/2026 6:01:00 AM,8/30/2026 7:00:00 AM,MIN_OPERATING_MW,6.60,
8/30/2026 6:10:00 AM,RTD,CVIS,08AJUYSOL_G02,G,8/30/2026 6:01:00 AM,8/30/2026 7:00:00 AM,MAX_OPERATING_MW,3.40,
8/30/2026 6:10:00 AM,RTD,CVIS,08AJUYSOL_G02,G,8/30/2026 6:01:00 AM,8/30/2026 7:00:00 AM,MIN_OPERATING_MW,3.40,
8/30/2026 6:10:00 AM,RTD,CMIN,10LIAN_G02,G,8/30/2026 12:05:00 AM,8/30/2026 11:59:00 PM,MAX_OPERATING_MW,6.60,
8/30/2026 6:10:00 AM,RTD,CMIN,10LIAN_G02,G,8/30/2026 12:05:00 AM,8/30/2026 11:59:00 PM,MIN_OPERATING_MW,6.60,
8/30/2026 6:10:00 AM,RTD,CMIN,14TANTASOL_G01,G,8/30/2026 6:01:00 AM,8/30/2026 7:00:00 AM,MAX_OPERATING_MW,13,
8/30/2026 6:10:00 AM,RTD,CMIN,14TANTASOL_G01,G,8/30/2026 6:01:00 AM,8/30/2026 7:00:00 AM,MIN_OPERATING_MW,13,
8/30/2026 6:15:00 AM,RTD,CLUZ,01BARBASOL_G01,G,8/30/2026 6:11:00 AM,8/30/2026 6:15:00 AM,MAX_OPERATING_MW,0.83,
8/30/2026 6:15:00 AM,RTD,CLUZ,01BARBASOL_G01,G,8/30/2026 6:11:00 AM,8/30/2026 6:15:00 AM,MIN_OPERATING_MW,0.83,
8/30/2026 6:15:00 AM,RTD,CLUZ,01BARBASOL_G01,G,8/30/2026 6:16:00 AM,8/30/2026 6:20:00 AM,MAX_OPERATING_MW,1.20,
8/30/2026 6:15:00 AM,RTD,CLUZ,01BARBASOL_G01,G,8/30/2026 6:16:00 AM,8/30/2026 6:20:00 AM,MIN_OPERATING_MW,1.20,
8/30/2026 6:15:00 AM,RTD,CLUZ,01BUGSOL_G01,G,8/30/2026 6:11:00 AM,8/30/2026 6:15:00 AM,MAX_OPERATING_MW,6.40,
8/30/2026 6:15:00 AM,RTD,CLUZ,01BUGSOL_G01,G,8/30/2026 6:11:00 AM,8/30/2026 6:15:00 AM,MIN_OPERATING_MW,6.40,
8/30/2026 6:15:00 AM,RTD,CLUZ,01BUGSOL_G01,G,8/30/2026 6:16:00 AM,8/30/2026 6:20:00 AM,MAX_OPERATING_MW,8.40,
8/30/2026 6:15:00 AM,RTD,CLUZ,01BUGSOL_G01,G,8/30/2026 6:16:00 AM,8/30/2026 6:20:00 AM,MIN_OPERATING_MW,8.40,
8/30/2026 6:15:00 AM,RTD,CLUZ,01BULACSOL_G01,G,8/30/2026 6:01:00 AM,8/30/2026 7:00:00 AM,MAX_OPERATING_MW,1.17,
8/30/2026 6:15:00 AM,RTD,CLUZ,01BULACSOL_G01,G,8/30/2026 6:01:00 AM,8/30/2026 7:00:00 AM,MIN_OPERATING_MW,1.17,
8/30/2026 6:15:00 AM,RTD,CLUZ,01CONSOL_G01,G,8/30/2026 6:11:00 AM,8/30/2026 6:15:00 AM,MAX_OPERATING_MW,0.10,
8/30/2026 6:15:00 AM,RTD,CLUZ,01CONSOL_G01,G,8/30/2026 6:11:00 AM,8/30/2026 6:15:00 AM,MIN_OPERATING_MW,0.10,
8/30/2026 6:15:00 AM,RTD,CLUZ,01CONSOL_G01,G,8/30/2026 6:16:00 AM,8/30/2026 6:20:00 AM,MAX_OPERATING_MW,0.19,
8/30/2026 6:15:00 AM,RTD,CLUZ,01CONSOL_G01,G,8/30/2026 6:16:00 AM,8/30/2026 6:20:00 AM,MIN_OPERATING_MW,0.19,
8/30/2026 6:15:00 AM,RTD,CLUZ,01PASBUSOL_G01,G,8/30/2026 6:01:00 AM,8/30/2026 7:00:00 AM,MAX_OPERATING_MW,4.07,
8/30/2026 6:15:00 AM,RTD,CLUZ,01PASBUSOL_G01,G,8/30/2026 6:01:00 AM,8/30/2026 7:00:00 AM,MIN_OPERATING_MW,4.07,
8/30/2026 6:15:00 AM,RTD,CLUZ,01TERRASOL_G01,G,8/30/2026 5:56:00 AM,8/30/2026 9:00:00 AM,MAX_OPERATING_MW,10,
8/30/2026 6:15:00 AM,RTD,CLUZ,01TERRASOL_G01,G,8/30/2026 5:56:00 AM,8/30/2026 9:00:00 AM,MIN_OPERATING_MW,10,
8/30/2026 6:15:00 AM,RTD,CLUZ,03LUNSOL_G01,G,8/30/2026 6:11:00 AM,8/30/2026 6:15:00 AM,MAX_OPERATING_MW,1.39,
8/30/2026 6:15:00 AM,RTD,CLUZ,03LUNSOL_G01,G,8/30/2026 6:11:00 AM,8/30/2026 6:15:00 AM,MIN_OPERATING_MW,1.39,
8/30/2026 6:15:00 AM,RTD,CLUZ,03LUNSOL_G01,G,8/30/2026 6:16:00 AM,8/30/2026 6:20:00 AM,MAX_OPERATING_MW,1.95,
8/30/2026 6:15:00 AM,RTD,CLUZ,03LUNSOL_G01,G,8/30/2026 6:16:00 AM,8/30/2026 6:20:00 AM,MIN_OPERATING_MW,1.95,
8/30/2026 6:15:00 AM,RTD,CLUZ,03TANWIND_G01,G,8/30/2026 6:11:00 AM,8/30/2026 6:15:00 AM,MAX_OPERATING_MW,4,
8/30/2026 6:15:00 AM,RTD,CLUZ,03TANWIND_G01,G,8/30/2026 6:11:00 AM,8/30/2026 6:15:00 AM,MIN_OPERATING_MW,4,
8/30/2026 6:15:00 AM,RTD,CLUZ,03TANWIND_G01,G,8/30/2026 6:16:00 AM,8/30/2026 6:20:00 AM,MAX_OPERATING_MW,4,
8/30/2026 6:15:00 AM,RTD,CLUZ,03TANWIND_G01,G,8/30/2026 6:16:00 AM,8/30/2026 6:20:00 AM,MIN_OPERATING_MW,4,
8/30/2026 6:15:00 AM,RTD,CVIS,04ISIDROSOL_G01,G,8/30/2026 6:01:00 AM,8/30/2026 7:00:00 AM,MAX_OPERATING_MW,10.80,
8/30/2026 6:15:00 AM,RTD,CVIS,04ISIDROSOL_G01,G,8/30/2026 6:01:00 AM,8/30/2026 7:00:00 AM,MIN_OPERATING_MW,10.80,
8/30/2026 6:15:00 AM,RTD,CVIS,08AJUYSOL_G01,G,8/30/2026 6:01:00 AM,8/30/2026 7:00:00 AM,MAX_OPERATING_MW,6.60,
8/30/2026 6:15:00 AM,RTD,CVIS,08AJUYSOL_G01,G,8/30/2026 6:01:00 AM,8/30/2026 7:00:00 AM,MIN_OPERATING_MW,6.60,
8/30/2026 6:15:00 AM,RTD,CVIS,08AJUYSOL_G02,G,8/30/2026 6:01:00 AM,8/30/2026 7:00:00 AM,MAX_OPERATING_MW,3.40,
8/30/2026 6:15:00 AM,RTD,CVIS,08AJUYSOL_G02,G,8/30/2026 6:01:00 AM,8/30/2026 7:00:00 AM,MIN_OPERATING_MW,3.40,
8/30/2026 6:15:00 AM,RTD,CMIN,10LIAN_G02,G,8/30/2026 12:05:00 AM,8/30/2026 11:59:00 PM,MAX_OPERATING_MW,6.60,
8/30/2026 6:15:00 AM,RTD,CMIN,10LIAN_G02,G,8/30/2026 12:05:00 AM,8/30/2026 11:59:00 PM,MIN_OPERATING_MW,6.60,
8/30/2026 6:15:00 AM,RTD,CMIN,14TANTASOL_G01,G,8/30/2026 6:01:00 AM,8/30/2026 7:00:00 AM,MAX_OPERATING_MW,13,
8/30/2026 6:15:00 AM,RTD,CMIN,14TANTASOL_G01,G,8/30/2026 6:01:00 AM,8/30/2026 7:00:00 AM,MIN_OPERATING_MW,13,
8/30/2026 6:20:00 AM,RTD,CLUZ,01BARBASOL_G01,G,8/30/2026 6:16:00 AM,8/30/2026 6:20:00 AM,MAX_OPERATING_MW,1.20,
8/30/2026 6:20:00 AM,RTD,CLUZ,01BARBASOL_G01,G,8/30/2026 6:16:00 AM,8/30/2026 6:20:00 AM,MIN_OPERATING_MW,1.20,
8/30/2026 6:20:00 AM,RTD,CLUZ,01BARBASOL_G01,G,8/30/2026 6:21:00 AM,8/30/2026 6:25:00 AM,MAX_OPERATING_MW,1.62,
8/30/2026 6:20:00 AM,RTD,CLUZ,01BARBASOL_G01,G,8/30/2026 6:21:00 AM,8/30/2026 6:25:00 AM,MIN_OPERATING_MW,1.62,
8/30/2026 6:20:00 AM,RTD,CLUZ,01BUGSOL_G01,G,8/30/2026 6:16:00 AM,8/30/2026 6:20:00 AM,MAX_OPERATING_MW,8.40,
8/30/2026 6:20:00 AM,RTD,CLUZ,01BUGSOL_G01,G,8/30/2026 6:16:00 AM,8/30/2026 6:20:00 AM,MIN_OPERATING_MW,8.40,
8/30/2026 6:20:00 AM,RTD,CLUZ,01BUGSOL_G01,G,8/30/2026 6:21:00 AM,8/30/2026 6:25:00 AM,MAX_OPERATING_MW,10.10,
8/30/2026 6:20:00 AM,RTD,CLUZ,01BUGSOL_G01,G,8/30/2026 6:21:00 AM,8/30/2026 6:25:00 AM,MIN_OPERATING_MW,10.10,
8/30/2026 6:20:00 AM,RTD,CLUZ,01BULACSOL_G01,G,8/30/2026 6:01:00 AM,8/30/2026 7:00:00 AM,MAX_OPERATING_MW,1.17,
8/30/2026 6:20:00 AM,RTD,CLUZ,01BULACSOL_G01,G,8/30/2026 6:01:00 AM,8/30/2026 7:00:00 AM,MIN_OPERATING_MW,1.17,
8/30/2026 6:20:00 AM,RTD,CLUZ,01CONSOL_G01,G,8/30/2026 6:16:00 AM,8/30/2026 6:20:00 AM,MAX_OPERATING_MW,0.19,
8/30/2026 6:20:00 AM,RTD,CLUZ,01CONSOL_G01,G,8/30/2026 6:16:00 AM,8/30/2026 6:20:00 AM,MIN_OPERATING_MW,0.19,
8/30/2026 6:20:00 AM,RTD,CLUZ,01CONSOL_G01,G,8/30/2026 6:21:00 AM,8/30/2026 6:25:00 AM,MAX_OPERATING_MW,0.55,
8/30/2026 6:20:00 AM,RTD,CLUZ,01CONSOL_G01,G,8/30/2026 6:21:00 AM,8/30/2026 6:25:00 AM,MIN_OPERATING_MW,0.55,
8/30/2026 6:20:00 AM,RTD,CLUZ,01PASBUSOL_G01,G,8/30/2026 6:01:00 AM,8/30/2026 7:00:00 AM,MAX_OPERATING_MW,4.07,
8/30/2026 6:20:00 AM,RTD,CLUZ,01PASBUSOL_G01,G,8/30/2026 6:01:00 AM,8/30/2026 7:00:00 AM,MIN_OPERATING_MW,4.07,
8/30/2026 6:20:00 AM,RTD,CLUZ,01TERRASOL_G01,G,8/30/2026 5:56:00 AM,8/30/2026 9:00:00 AM,MAX_OPERATING_MW,10,
8/30/2026 6:20:00 AM,RTD,CLUZ,01TERRASOL_G01,G,8/30/2026 5:56:00 AM,8/30/2026 9:00:00 AM,MIN_OPERATING_MW,10,
8/30/2026 6:20:00 AM,RTD,CLUZ,03LUNSOL_G01,G,8/30/2026 6:16:00 AM,8/30/2026 6:20:00 AM,MAX_OPERATING_MW,1.95,
8/30/2026 6:20:00 AM,RTD,CLUZ,03LUNSOL_G01,G,8/30/2026 6:16:00 AM,8/30/2026 6:20:00 AM,MIN_OPERATING_MW,1.95,
8/30/2026 6:20:00 AM,RTD,CLUZ,03LUNSOL_G01,G,8/30/2026 6:21:00 AM,8/30/2026 6:25:00 AM,MAX_OPERATING_MW,2.59,
8/30/2026 6:20:00 AM,RTD,CLUZ,03LUNSOL_G01,G,8/30/2026 6:21:00 AM,8/30/2026 6:25:00 AM,MIN_OPERATING_MW,2.59,
8/30/2026 6:20:00 AM,RTD,CLUZ,03TANWIND_G01,G,8/30/2026 6:16:00 AM,8/30/2026 6:20:00 AM,MAX_OPERATING_MW,4,
8/30/2026 6:20:00 AM,RTD,CLUZ,03TANWIND_G01,G,8/30/2026 6:16:00 AM,8/30/2026 6:20:00 AM,MIN_OPERATING_MW,4,
8/30/2026 6:20:00 AM,RTD,CLUZ,03TANWIND_G01,G,8/30/2026 6:21:00 AM,8/30/2026 6:25:00 AM,MAX_OPERATING_MW,4,
8/30/2026 6:20:00 AM,RTD,CLUZ,03TANWIND_G01,G,8/30/2026 6:21:00 AM,8/30/2026 6:25:00 AM,MIN_OPERATING_MW,4,
8/30/2026 6:20:00 AM,RTD,CVIS,04ISIDROSOL_G01,G,8/30/2026 6:01:00 AM,8/30/2026 7:00:00 AM,MAX_OPERATING_MW,10.80,
8/30/2026 6:20:00 AM,RTD,CVIS,04ISIDROSOL_G01,G,8/30/2026 6:01:00 AM,8/30/2026 7:00:00 AM,MIN_OPERATING_MW,10.80,
8/30/2026 6:20:00 AM,RTD,CVIS,08AJUYSOL_G01,G,8/30/2026 6:01:00 AM,8/30/2026 7:00:00 AM,MAX_OPERATING_MW,6.60,
8/30/2026 6:20:00 AM,RTD,CVIS,08AJUYSOL_G01,G,8/30/2026 6:01:00 AM,8/30/2026 7:00:00 AM,MIN_OPERATING_MW,6.60,
8/30/2026 6:20:00 AM,RTD,CVIS,08AJUYSOL_G02,G,8/30/2026 6:01:00 AM,8/30/2026 7:00:00 AM,MAX_OPERATING_MW,3.40,
8/30/2026 6:20:00 AM,RTD,CVIS,08AJUYSOL_G02,G,8/30/2026 6:01:00 AM,8/30/2026 7:00:00 AM,MIN_OPERATING_MW,3.40,
8/30/2026 6:20:00 AM,RTD,CMIN,10LIAN_G02,G,8/30/2026 12:05:00 AM,8/30/2026 11:59:00 PM,MAX_OPERATING_MW,6.60,
8/30/2026 6:20:00 AM,RTD,CMIN,10LIAN_G02,G,8/30/2026 12:05:00 AM,8/30/2026 11:59:00 PM,MIN_OPERATING_MW,6.60,
8/30/2026 6:20:00 AM,RTD,CMIN,14TANTASOL_G01,G,8/30/2026 6:01:00 AM,8/30/2026 7:00:00 AM,MAX_OPERATING_MW,13,
8/30/2026 6:20:00 AM,RTD,CMIN,14TANTASOL_G01,G,8/30/2026 6:01:00 AM,8/30/2026 7:00:00 AM,MIN_OPERATING_MW,13,
8/30/2026 6:25:00 AM,RTD,CLUZ,01BARBASOL_G01,G,8/30/2026 6:21:00 AM,8/30/2026 6:25:00 AM,MAX_OPERATING_MW,1.62,
8/30/2026 6:25:00 AM,RTD,CLUZ,01BARBASOL_G01,G,8/30/2026 6:21:00 AM,8/30/2026 6:25:00 AM,MIN_OPERATING_MW,1.62,
8/30/2026 6:25:00 AM,RTD,CLUZ,01BARBASOL_G01,G,8/30/2026 6:26:00 AM,8/30/2026 6:30:00 AM,MAX_OPERATING_MW,2.09,
8/30/2026 6:25:00 AM,RTD,CLUZ,01BARBASOL_G01,G,8/30/2026 6:26:00 AM,8/30/2026 6:30:00 AM,MIN_OPERATING_MW,2.09,
8/30/2026 6:25:00 AM,RTD,CLUZ,01BUGSOL_G01,G,8/30/2026 6:21:00 AM,8/30/2026 6:25:00 AM,MAX_OPERATING_MW,10.10,
8/30/2026 6:25:00 AM,RTD,CLUZ,01BUGSOL_G01,G,8/30/2026 6:21:00 AM,8/30/2026 6:25:00 AM,MIN_OPERATING_MW,10.10,
8/30/2026 6:25:00 AM,RTD,CLUZ,01BUGSOL_G01,G,8/30/2026 6:26:00 AM,8/30/2026 6:30:00 AM,MAX_OPERATING_MW,12.70,
8/30/2026 6:25:00 AM,RTD,CLUZ,01BUGSOL_G01,G,8/30/2026 6:26:00 AM,8/30/2026 6:30:00 AM,MIN_OPERATING_MW,12.70,
8/30/2026 6:25:00 AM,RTD,CLUZ,01BULACSOL_G01,G,8/30/2026 6:01:00 AM,8/30/2026 7:00:00 AM,MAX_OPERATING_MW,1.17,
8/30/2026 6:25:00 AM,RTD,CLUZ,01BULACSOL_G01,G,8/30/2026 6:01:00 AM,8/30/2026 7:00:00 AM,MIN_OPERATING_MW,1.17,
8/30/2026 6:25:00 AM,RTD,CLUZ,01CONSOL_G01,G,8/30/2026 6:21:00 AM,8/30/2026 6:25:00 AM,MAX_OPERATING_MW,0.55,
8/30/2026 6:25:00 AM,RTD,CLUZ,01CONSOL_G01,G,8/30/2026 6:21:00 AM,8/30/2026 6:25:00 AM,MIN_OPERATING_MW,0.55,
8/30/2026 6:25:00 AM,RTD,CLUZ,01CONSOL_G01,G,8/30/2026 6:26:00 AM,8/30/2026 6:30:00 AM,MAX_OPERATING_MW,1.12,
8/30/2026 6:25:00 AM,RTD,CLUZ,01CONSOL_G01,G,8/30/2026 6:26:00 AM,8/30/2026 6:30:00 AM,MIN_OPERATING_MW,1.12,
8/30/2026 6:25:00 AM,RTD,CLUZ,01PASBUSOL_G01,G,8/30/2026 6:01:00 AM,8/30/2026 7:00:00 AM,MAX_OPERATING_MW,4.07,
8/30/2026 6:25:00 AM,RTD,CLUZ,01PASBUSOL_G01,G,8/30/2026 6:01:00 AM,8/30/2026 7:00:00 AM,MIN_OPERATING_MW,4.07,
8/30/2026 6:25:00 AM,RTD,CLUZ,01TERRASOL_G01,G,8/30/2026 5:56:00 AM,8/30/2026 9:00:00 AM,MAX_OPERATING_MW,10,
8/30/2026 6:25:00 AM,RTD,CLUZ,01TERRASOL_G01,G,8/30/2026 5:56:00 AM,8/30/2026 9:00:00 AM,MIN_OPERATING_MW,10,
8/30/2026 6:25:00 AM,RTD,CLUZ,03LUNSOL_G01,G,8/30/2026 6:21:00 AM,8/30/2026 6:25:00 AM,MAX_OPERATING_MW,2.59,
8/30/2026 6:25:00 AM,RTD,CLUZ,03LUNSOL_G01,G,8/30/2026 6:21:00 AM,8/30/2026 6:25:00 AM,MIN_OPERATING_MW,2.59,
8/30/2026 6:25:00 AM,RTD,CLUZ,03LUNSOL_G01,G,8/30/2026 6:26:00 AM,8/30/2026 6:30:00 AM,MAX_OPERATING_MW,3.30,
8/30/2026 6:25:00 AM,RTD,CLUZ,03LUNSOL_G01,G,8/30/2026 6:26:00 AM,8/30/2026 6:30:00 AM,MIN_OPERATING_MW,3.30,
8/30/2026 6:25:00 AM,RTD,CLUZ,03TANWIND_G01,G,8/30/2026 6:21:00 AM,8/30/2026 6:25:00 AM,MAX_OPERATING_MW,4,
8/30/2026 6:25:00 AM,RTD,CLUZ,03TANWIND_G01,G,8/30/2026 6:21:00 AM,8/30/2026 6:25:00 AM,MIN_OPERATING_MW,4,
8/30/2026 6:25:00 AM,RTD,CLUZ,03TANWIND_G01,G,8/30/2026 6:26:00 AM,8/30/2026 6:30:00 AM,MAX_OPERATING_MW,4,
8/30/2026 6:25:00 AM,RTD,CLUZ,03TANWIND_G01,G,8/30/2026 6:26:00 AM,8/30/2026 6:30:00 AM,MIN_OPERATING_MW,4,
8/30/2026 6:25:00 AM,RTD,CVIS,04ISIDROSOL_G01,G,8/30/2026 6:01:00 AM,8/30/2026 7:00:00 AM,MAX_OPERATING_MW,10.80,
8/30/2026 6:25:00 AM,RTD,CVIS,04ISIDROSOL_G01,G,8/30/2026 6:01:00 AM,8/30/2026 7:00:00 AM,MIN_OPERATING_MW,10.80,
8/30/2026 6:25:00 AM,RTD,CVIS,08AJUYSOL_G01,G,8/30/2026 6:01:00 AM,8/30/2026 7:00:00 AM,MAX_OPERATING_MW,6.60,
8/30/2026 6:25:00 AM,RTD,CVIS,08AJUYSOL_G01,G,8/30/2026 6:01:00 AM,8/30/2026 7:00:00 AM,MIN_OPERATING_MW,6.60,
8/30/2026 6:25:00 AM,RTD,CVIS,08AJUYSOL_G02,G,8/30/2026 6:01:00 AM,8/30/2026 7:00:00 AM,MAX_OPERATING_MW,3.40,
8/30/2026 6:25:00 AM,RTD,CVIS,08AJUYSOL_G02,G,8/30/2026 6:01:00 AM,8/30/2026 7:00:00 AM,MIN_OPERATING_MW,3.40,
8/30/2026 6:25:00 AM,RTD,CMIN,10LIAN_G02,G,8/30/2026 12:05:00 AM,8/30/2026 11:59:00 PM,MAX_OPERATING_MW,6.60,
8/30/2026 6:25:00 AM,RTD,CMIN,10LIAN_G02,G,8/30/2026 12:05:00 AM,8/30/2026 11:59:00 PM,MIN_OPERATING_MW,6.60,
8/30/2026 6:25:00 AM,RTD,CMIN,14TANTASOL_G01,G,8/30/2026 6:01:00 AM,8/30/2026 7:00:00 AM,MAX_OPERATING_MW,13,
8/30/2026 6:25:00 AM,RTD,CMIN,14TANTASOL_G01,G,8/30/2026 6:01:00 AM,8/30/2026 7:00:00 AM,MIN_OPERATING_MW,13,
8/30/2026 6:30:00 AM,RTD,CLUZ,01BARBASOL_G01,G,8/30/2026 6:26:00 AM,8/30/2026 6:30:00 AM,MAX_OPERATING_MW,2.09,
8/30/2026 6:30:00 AM,RTD,CLUZ,01BARBASOL_G01,G,8/30/2026 6:26:00 AM,8/30/2026 6:30:00 AM,MIN_OPERATING_MW,2.09,
8/30/2026 6:30:00 AM,RTD,CLUZ,01BARBASOL_G01,G,8/30/2026 6:31:00 AM,8/30/2026 6:35:00 AM,MAX_OPERATING_MW,2.61,
8/30/2026 6:30:00 AM,RTD,CLUZ,01BARBASOL_G01,G,8/30/2026 6:31:00 AM,8/30/2026 6:35:00 AM,MIN_OPERATING_MW,2.61,
8/30/2026 6:30:00 AM,RTD,CLUZ,01BUGSOL_G01,G,8/30/2026 6:26:00 AM,8/30/2026 6:30:00 AM,MAX_OPERATING_MW,12.70,
8/30/2026 6:30:00 AM,RTD,CLUZ,01BUGSOL_G01,G,8/30/2026 6:26:00 AM,8/30/2026 6:30:00 AM,MIN_OPERATING_MW,12.70,
8/30/2026 6:30:00 AM,RTD,CLUZ,01BUGSOL_G01,G,8/30/2026 6:31:00 AM,8/30/2026 6:35:00 AM,MAX_OPERATING_MW,16.20,
8/30/2026 6:30:00 AM,RTD,CLUZ,01BUGSOL_G01,G,8/30/2026 6:31:00 AM,8/30/2026 6:35:00 AM,MIN_OPERATING_MW,16.20,
8/30/2026 6:30:00 AM,RTD,CLUZ,01BULACSOL_G01,G,8/30/2026 6:01:00 AM,8/30/2026 7:00:00 AM,MAX_OPERATING_MW,1.17,
8/30/2026 6:30:00 AM,RTD,CLUZ,01BULACSOL_G01,G,8/30/2026 6:01:00 AM,8/30/2026 7:00:00 AM,MIN_OPERATING_MW,1.17,
8/30/2026 6:30:00 AM,RTD,CLUZ,01CONSOL_G01,G,8/30/2026 6:26:00 AM,8/30/2026 6:30:00 AM,MAX_OPERATING_MW,1.12,
8/30/2026 6:30:00 AM,RTD,CLUZ,01CONSOL_G01,G,8/30/2026 6:26:00 AM,8/30/2026 6:30:00 AM,MIN_OPERATING_MW,1.12,
8/30/2026 6:30:00 AM,RTD,CLUZ,01CONSOL_G01,G,8/30/2026 6:31:00 AM,8/30/2026 6:35:00 AM,MAX_OPERATING_MW,1.80,
8/30/2026 6:30:00 AM,RTD,CLUZ,01CONSOL_G01,G,8/30/2026 6:31:00 AM,8/30/2026 6:35:00 AM,MIN_OPERATING_MW,1.80,
8/30/2026 6:30:00 AM,RTD,CLUZ,01PASBUSOL_G01,G,8/30/2026 6:01:00 AM,8/30/2026 7:00:00 AM,MAX_OPERATING_MW,4.07,
8/30/2026 6:30:00 AM,RTD,CLUZ,01PASBUSOL_G01,G,8/30/2026 6:01:00 AM,8/30/2026 7:00:00 AM,MIN_OPERATING_MW,4.07,
8/30/2026 6:30:00 AM,RTD,CLUZ,01TERRASOL_G01,G,8/30/2026 5:56:00 AM,8/30/2026 9:00:00 AM,MAX_OPERATING_MW,10,
8/30/2026 6:30:00 AM,RTD,CLUZ,01TERRASOL_G01,G,8/30/2026 5:56:00 AM,8/30/2026 9:00:00 AM,MIN_OPERATING_MW,10,
8/30/2026 6:30:00 AM,RTD,CLUZ,03LUNSOL_G01,G,8/30/2026 6:26:00 AM,8/30/2026 6:30:00 AM,MAX_OPERATING_MW,3.30,
8/30/2026 6:30:00 AM,RTD,CLUZ,03LUNSOL_G01,G,8/30/2026 6:26:00 AM,8/30/2026 6:30:00 AM,MIN_OPERATING_MW,3.30,
8/30/2026 6:30:00 AM,RTD,CLUZ,03LUNSOL_G01,G,8/30/2026 6:31:00 AM,8/30/2026 6:35:00 AM,MAX_OPERATING_MW,4.05,
8/30/2026 6:30:00 AM,RTD,CLUZ,03LUNSOL_G01,G,8/30/2026 6:31:00 AM,8/30/2026 6:35:00 AM,MIN_OPERATING_MW,4.05,
8/30/2026 6:30:00 AM,RTD,CLUZ,03TANWIND_G01,G,8/30/2026 6:26:00 AM,8/30/2026 6:30:00 AM,MAX_OPERATING_MW,4,
8/30/2026 6:30:00 AM,RTD,CLUZ,03TANWIND_G01,G,8/30/2026 6:26:00 AM,8/30/2026 6:30:00 AM,MIN_OPERATING_MW,4,
8/30/2026 6:30:00 AM,RTD,CLUZ,03TANWIND_G01,G,8/30/2026 6:31:00 AM,8/30/2026 6:35:00 AM,MAX_OPERATING_MW,4,
8/30/2026 6:30:00 AM,RTD,CLUZ,03TANWIND_G01,G,8/30/2026 6:31:00 AM,8/30/2026 6:35:00 AM,MIN_OPERATING_MW,4,
8/30/2026 6:30:00 AM,RTD,CVIS,04ISIDROSOL_G01,G,8/30/2026 6:01:00 AM,8/30/2026 7:00:00 AM,MAX_OPERATING_MW,10.80,
8/30/2026 6:30:00 AM,RTD,CVIS,04ISIDROSOL_G01,G,8/30/2026 6:01:00 AM,8/30/2026 7:00:00 AM,MIN_OPERATING_MW,10.80,
8/30/2026 6:30:00 AM,RTD,CVIS,08AJUYSOL_G01,G,8/30/2026 6:01:00 AM,8/30/2026 7:00:00 AM,MAX_OPERATING_MW,6.60,
8/30/2026 6:30:00 AM,RTD,CVIS,08AJUYSOL_G01,G,8/30/2026 6:01:00 AM,8/30/2026 7:00:00 AM,MIN_OPERATING_MW,6.60,
8/30/2026 6:30:00 AM,RTD,CVIS,08AJUYSOL_G02,G,8/30/2026 6:01:00 AM,8/30/2026 7:00:00 AM,MAX_OPERATING_MW,3.40,
8/30/2026 6:30:00 AM,RTD,CVIS,08AJUYSOL_G02,G,8/30/2026 6:01:00 AM,8/30/2026 7:00:00 AM,MIN_OPERATING_MW,3.40,
8/30/2026 6:30:00 AM,RTD,CMIN,10LIAN_G02,G,8/30/2026 12:05:00 AM,8/30/2026 11:59:00 PM,MAX_OPERATING_MW,6.60,
8/30/2026 6:30:00 AM,RTD,CMIN,10LIAN_G02,G,8/30/2026 12:05:00 AM,8/30/2026 11:59:00 PM,MIN_OPERATING_MW,6.60,
8/30/2026 6:30:00 AM,RTD,CMIN,14TANTASOL_G01,G,8/30/2026 6:01:00 AM,8/30/2026 7:00:00 AM,MAX_OPERATING_MW,13,
8/30/2026 6:30:00 AM,RTD,CMIN,14TANTASOL_G01,G,8/30/2026 6:01:00 AM,8/30/2026 7:00:00 AM,MIN_OPERATING_MW,13,
8/30/2026 6:35:00 AM,RTD,CLUZ,01BARBASOL_G01,G,8/30/2026 6:31:00 AM,8/30/2026 6:35:00 AM,MAX_OPERATING_MW,2.61,
8/30/2026 6:35:00 AM,RTD,CLUZ,01BARBASOL_G01,G,8/30/2026 6:31:00 AM,8/30/2026 6:35:00 AM,MIN_OPERATING_MW,2.61,
8/30/2026 6:35:00 AM,RTD,CLUZ,01BARBASOL_G01,G,8/30/2026 6:36:00 AM,8/30/2026 6:40:00 AM,MAX_OPERATING_MW,3.17,
8/30/2026 6:35:00 AM,RTD,CLUZ,01BARBASOL_G01,G,8/30/2026 6:36:00 AM,8/30/2026 6:40:00 AM,MIN_OPERATING_MW,3.17,
8/30/2026 6:35:00 AM,RTD,CLUZ,01BUGSOL_G01,G,8/30/2026 6:31:00 AM,8/30/2026 6:35:00 AM,MAX_OPERATING_MW,16.20,
8/30/2026 6:35:00 AM,RTD,CLUZ,01BUGSOL_G01,G,8/30/2026 6:31:00 AM,8/30/2026 6:35:00 AM,MIN_OPERATING_MW,16.20,
8/30/2026 6:35:00 AM,RTD,CLUZ,01BUGSOL_G01,G,8/30/2026 6:36:00 AM,8/30/2026 6:40:00 AM,MAX_OPERATING_MW,18.60,
8/30/2026 6:35:00 AM,RTD,CLUZ,01BUGSOL_G01,G,8/30/2026 6:36:00 AM,8/30/2026 6:40:00 AM,MIN_OPERATING_MW,18.60,
8/30/2026 6:35:00 AM,RTD,CLUZ,01BULACSOL_G01,G,8/30/2026 6:01:00 AM,8/30/2026 7:00:00 AM,MAX_OPERATING_MW,1.17,
8/30/2026 6:35:00 AM,RTD,CLUZ,01BULACSOL_G01,G,8/30/2026 6:01:00 AM,8/30/2026 7:00:00 AM,MIN_OPERATING_MW,1.17,
8/30/2026 6:35:00 AM,RTD,CLUZ,01CONSOL_G01,G,8/30/2026 6:31:00 AM,8/30/2026 6:35:00 AM,MAX_OPERATING_MW,1.80,
8/30/2026 6:35:00 AM,RTD,CLUZ,01CONSOL_G01,G,8/30/2026 6:31:00 AM,8/30/2026 6:35:00 AM,MIN_OPERATING_MW,1.80,
8/30/2026 6:35:00 AM,RTD,CLUZ,01CONSOL_G01,G,8/30/2026 6:36:00 AM,8/30/2026 6:40:00 AM,MAX_OPERATING_MW,2.61,
8/30/2026 6:35:00 AM,RTD,CLUZ,01CONSOL_G01,G,8/30/2026 6:36:00 AM,8/30/2026 6:40:00 AM,MIN_OPERATING_MW,2.61,
8/30/2026 6:35:00 AM,RTD,CLUZ,01PASBUSOL_G01,G,8/30/2026 6:01:00 AM,8/30/2026 7:00:00 AM,MAX_OPERATING_MW,4.07,
8/30/2026 6:35:00 AM,RTD,CLUZ,01PASBUSOL_G01,G,8/30/2026 6:01:00 AM,8/30/2026 7:00:00 AM,MIN_OPERATING_MW,4.07,
8/30/2026 6:35:00 AM,RTD,CLUZ,01TERRASOL_G01,G,8/30/2026 5:56:00 AM,8/30/2026 9:00:00 AM,MAX_OPERATING_MW,10,
8/30/2026 6:35:00 AM,RTD,CLUZ,01TERRASOL_G01,G,8/30/2026 5:56:00 AM,8/30/2026 9:00:00 AM,MIN_OPERATING_MW,10,
8/30/2026 6:35:00 AM,RTD,CLUZ,03LUNSOL_G01,G,8/30/2026 6:31:00 AM,8/30/2026 6:35:00 AM,MAX_OPERATING_MW,4.05,
8/30/2026 6:35:00 AM,RTD,CLUZ,03LUNSOL_G01,G,8/30/2026 6:31:00 AM,8/30/2026 6:35:00 AM,MIN_OPERATING_MW,4.05,
8/30/2026 6:35:00 AM,RTD,CLUZ,03LUNSOL_G01,G,8/30/2026 6:36:00 AM,8/30/2026 6:40:00 AM,MAX_OPERATING_MW,4.85,
8/30/2026 6:35:00 AM,RTD,CLUZ,03LUNSOL_G01,G,8/30/2026 6:36:00 AM,8/30/2026 6:40:00 AM,MIN_OPERATING_MW,4.85,
8/30/2026 6:35:00 AM,RTD,CLUZ,03TANWIND_G01,G,8/30/2026 6:31:00 AM,8/30/2026 6:35:00 AM,MAX_OPERATING_MW,4,
8/30/2026 6:35:00 AM,RTD,CLUZ,03TANWIND_G01,G,8/30/2026 6:31:00 AM,8/30/2026 6:35:00 AM,MIN_OPERATING_MW,4,
8/30/2026 6:35:00 AM,RTD,CLUZ,03TANWIND_G01,G,8/30/2026 6:36:00 AM,8/30/2026 6:40:00 AM,MAX_OPERATING_MW,4,
8/30/2026 6:35:00 AM,RTD,CLUZ,03TANWIND_G01,G,8/30/2026 6:36:00 AM,8/30/2026 6:40:00 AM,MIN_OPERATING_MW,4,
8/30/2026 6:35:00 AM,RTD,CVIS,04ISIDROSOL_G01,G,8/30/2026 6:01:00 AM,8/30/2026 7:00:00 AM,MAX_OPERATING_MW,10.80,
8/30/2026 6:35:00 AM,RTD,CVIS,04ISIDROSOL_G01,G,8/30/2026 6:01:00 AM,8/30/2026 7:00:00 AM,MIN_OPERATING_MW,10.80,
8/30/2026 6:35:00 AM,RTD,CVIS,08AJUYSOL_G01,G,8/30/2026 6:01:00 AM,8/30/2026 7:00:00 AM,MAX_OPERATING_MW,6.60,
8/30/2026 6:35:00 AM,RTD,CVIS,08AJUYSOL_G01,G,8/30/2026 6:01:00 AM,8/30/2026 7:00:00 AM,MIN_OPERATING_MW,6.60,
8/30/2026 6:35:00 AM,RTD,CVIS,08AJUYSOL_G02,G,8/30/2026 6:01:00 AM,8/30/2026 7:00:00 AM,MAX_OPERATING_MW,3.40,
8/30/2026 6:35:00 AM,RTD,CVIS,08AJUYSOL_G02,G,8/30/2026 6:01:00 AM,8/30/2026 7:00:00 AM,MIN_OPERATING_MW,3.40,
8/30/2026 6:35:00 AM,RTD,CMIN,10LIAN_G02,G,8/30/2026 12:05:00 AM,8/30/2026 11:59:00 PM,MAX_OPERATING_MW,6.60,
8/30/2026 6:35:00 AM,RTD,CMIN,10LIAN_G02,G,8/30/2026 12:05:00 AM,8/30/2026 11:59:00 PM,MIN_OPERATING_MW,6.60,
8/30/2026 6:35:00 AM,RTD,CMIN,14TANTASOL_G01,G,8/30/2026 6:01:00 AM,8/30/2026 7:00:00 AM,MAX_OPERATING_MW,13,
8/30/2026 6:35:00 AM,RTD,CMIN,14TANTASOL_G01,G,8/30/2026 6:01:00 AM,8/30/2026 7:00:00 AM,MIN_OPERATING_MW,13,
8/30/2026 6:40:00 AM,RTD,CLUZ,01BARBASOL_G01,G,8/30/2026 6:36:00 AM,8/30/2026 6:40:00 AM,MAX_OPERATING_MW,3.17,
8/30/2026 6:40:00 AM,RTD,CLUZ,01BARBASOL_G01,G,8/30/2026 6:36:00 AM,8/30/2026 6:40:00 AM,MIN_OPERATING_MW,3.17,
8/30/2026 6:40:00 AM,RTD,CLUZ,01BARBASOL_G01,G,8/30/2026 6:41:00 AM,8/30/2026 6:45:00 AM,MAX_OPERATING_MW,3.75,
8/30/2026 6:40:00 AM,RTD,CLUZ,01BARBASOL_G01,G,8/30/2026 6:41:00 AM,8/30/2026 6:45:00 AM,MIN_OPERATING_MW,3.75,
8/30/2026 6:40:00 AM,RTD,CLUZ,01BUGSOL_G01,G,8/30/2026 6:36:00 AM,8/30/2026 6:40:00 AM,MAX_OPERATING_MW,18.60,
8/30/2026 6:40:00 AM,RTD,CLUZ,01BUGSOL_G01,G,8/30/2026 6:36:00 AM,8/30/2026 6:40:00 AM,MIN_OPERATING_MW,18.60,
8/30/2026 6:40:00 AM,RTD,CLUZ,01BUGSOL_G01,G,8/30/2026 6:41:00 AM,8/30/2026 6:45:00 AM,MAX_OPERATING_MW,20.40,
8/30/2026 6:40:00 AM,RTD,CLUZ,01BUGSOL_G01,G,8/30/2026 6:41:00 AM,8/30/2026 6:45:00 AM,MIN_OPERATING_MW,20.40,
8/30/2026 6:40:00 AM,RTD,CLUZ,01BULACSOL_G01,G,8/30/2026 6:01:00 AM,8/30/2026 7:00:00 AM,MAX_OPERATING_MW,1.17,
8/30/2026 6:40:00 AM,RTD,CLUZ,01BULACSOL_G01,G,8/30/2026 6:01:00 AM,8/30/2026 7:00:00 AM,MIN_OPERATING_MW,1.17,
8/30/2026 6:40:00 AM,RTD,CLUZ,01CONSOL_G01,G,8/30/2026 6:36:00 AM,8/30/2026 6:40:00 AM,MAX_OPERATING_MW,2.61,
8/30/2026 6:40:00 AM,RTD,CLUZ,01CONSOL_G01,G,8/30/2026 6:36:00 AM,8/30/2026 6:40:00 AM,MIN_OPERATING_MW,2.61,
8/30/2026 6:40:00 AM,RTD,CLUZ,01CONSOL_G01,G,8/30/2026 6:41:00 AM,8/30/2026 6:45:00 AM,MAX_OPERATING_MW,3.54,
8/30/2026 6:40:00 AM,RTD,CLUZ,01CONSOL_G01,G,8/30/2026 6:41:00 AM,8/30/2026 6:45:00 AM,MIN_OPERATING_MW,3.54,
8/30/2026 6:40:00 AM,RTD,CLUZ,01PASBUSOL_G01,G,8/30/2026 6:01:00 AM,8/30/2026 7:00:00 AM,MAX_OPERATING_MW,4.07,
8/30/2026 6:40:00 AM,RTD,CLUZ,01PASBUSOL_G01,G,8/30/2026 6:01:00 AM,8/30/2026 7:00:00 AM,MIN_OPERATING_MW,4.07,
8/30/2026 6:40:00 AM,RTD,CLUZ,01TERRASOL_G01,G,8/30/2026 5:56:00 AM,8/30/2026 9:00:00 AM,MAX_OPERATING_MW,10,
8/30/2026 6:40:00 AM,RTD,CLUZ,01TERRASOL_G01,G,8/30/2026 5:56:00 AM,8/30/2026 9:00:00 AM,MIN_OPERATING_MW,10,
8/30/2026 6:40:00 AM,RTD,CLUZ,03LUNSOL_G01,G,8/30/2026 6:36:00 AM,8/30/2026 6:40:00 AM,MAX_OPERATING_MW,4.85,
8/30/2026 6:40:00 AM,RTD,CLUZ,03LUNSOL_G01,G,8/30/2026 6:36:00 AM,8/30/2026 6:40:00 AM,MIN_OPERATING_MW,4.85,
8/30/2026 6:40:00 AM,RTD,CLUZ,03LUNSOL_G01,G,8/30/2026 6:41:00 AM,8/30/2026 6:45:00 AM,MAX_OPERATING_MW,5.66,
8/30/2026 6:40:00 AM,RTD,CLUZ,03LUNSOL_G01,G,8/30/2026 6:41:00 AM,8/30/2026 6:45:00 AM,MIN_OPERATING_MW,5.66,
8/30/2026 6:40:00 AM,RTD,CLUZ,03TANWIND_G01,G,8/30/2026 6:36:00 AM,8/30/2026 6:40:00 AM,MAX_OPERATING_MW,4,
8/30/2026 6:40:00 AM,RTD,CLUZ,03TANWIND_G01,G,8/30/2026 6:36:00 AM,8/30/2026 6:40:00 AM,MIN_OPERATING_MW,4,
8/30/2026 6:40:00 AM,RTD,CLUZ,03TANWIND_G01,G,8/30/2026 6:41:00 AM,8/30/2026 6:45:00 AM,MAX_OPERATING_MW,4,
8/30/2026 6:40:00 AM,RTD,CLUZ,03TANWIND_G01,G,8/30/2026 6:41:00 AM,8/30/2026 6:45:00 AM,MIN_OPERATING_MW,4,
8/30/2026 6:40:00 AM,RTD,CVIS,04ISIDROSOL_G01,G,8/30/2026 6:01:00 AM,8/30/2026 7:00:00 AM,MAX_OPERATING_MW,10.80,
8/30/2026 6:40:00 AM,RTD,CVIS,04ISIDROSOL_G01,G,8/30/2026 6:01:00 AM,8/30/2026 7:00:00 AM,MIN_OPERATING_MW,10.80,
8/30/2026 6:40:00 AM,RTD,CVIS,08AJUYSOL_G01,G,8/30/2026 6:01:00 AM,8/30/2026 7:00:00 AM,MAX_OPERATING_MW,6.60,
8/30/2026 6:40:00 AM,RTD,CVIS,08AJUYSOL_G01,G,8/30/2026 6:01:00 AM,8/30/2026 7:00:00 AM,MIN_OPERATING_MW,6.60,
8/30/2026 6:40:00 AM,RTD,CVIS,08AJUYSOL_G02,G,8/30/2026 6:01:00 AM,8/30/2026 7:00:00 AM,MAX_OPERATING_MW,3.40,
8/30/2026 6:40:00 AM,RTD,CVIS,08AJUYSOL_G02,G,8/30/2026 6:01:00 AM,8/30/2026 7:00:00 AM,MIN_OPERATING_MW,3.40,
8/30/2026 6:40:00 AM,RTD,CMIN,10LIAN_G02,G,8/30/2026 12:05:00 AM,8/30/2026 11:59:00 PM,MAX_OPERATING_MW,6.60,
8/30/2026 6:40:00 AM,RTD,CMIN,10LIAN_G02,G,8/30/2026 12:05:00 AM,8/30/2026 11:59:00 PM,MIN_OPERATING_MW,6.60,
8/30/2026 6:40:00 AM,RTD,CMIN,14TANTASOL_G01,G,8/30/2026 6:01:00 AM,8/30/2026 7:00:00 AM,MAX_OPERATING_MW,13,
8/30/2026 6:40:00 AM,RTD,CMIN,14TANTASOL_G01,G,8/30/2026 6:01:00 AM,8/30/2026 7:00:00 AM,MIN_OPERATING_MW,13,
8/30/2026 6:45:00 AM,RTD,CLUZ,01BARBASOL_G01,G,8/30/2026 6:41:00 AM,8/30/2026 6:45:00 AM,MAX_OPERATING_MW,3.75,
8/30/2026 6:45:00 AM,RTD,CLUZ,01BARBASOL_G01,G,8/30/2026 6:41:00 AM,8/30/2026 6:45:00 AM,MIN_OPERATING_MW,3.75,
8/30/2026 6:45:00 AM,RTD,CLUZ,01BARBASOL_G01,G,8/30/2026 6:46:00 AM,8/30/2026 6:50:00 AM,MAX_OPERATING_MW,4.37,
8/30/2026 6:45:00 AM,RTD,CLUZ,01BARBASOL_G01,G,8/30/2026 6:46:00 AM,8/30/2026 6:50:00 AM,MIN_OPERATING_MW,4.37,
8/30/2026 6:45:00 AM,RTD,CLUZ,01BUGSOL_G01,G,8/30/2026 6:41:00 AM,8/30/2026 6:45:00 AM,MAX_OPERATING_MW,20.40,
8/30/2026 6:45:00 AM,RTD,CLUZ,01BUGSOL_G01,G,8/30/2026 6:41:00 AM,8/30/2026 6:45:00 AM,MIN_OPERATING_MW,20.40,
8/30/2026 6:45:00 AM,RTD,CLUZ,01BUGSOL_G01,G,8/30/2026 6:46:00 AM,8/30/2026 6:50:00 AM,MAX_OPERATING_MW,22.50,
8/30/2026 6:45:00 AM,RTD,CLUZ,01BUGSOL_G01,G,8/30/2026 6:46:00 AM,8/30/2026 6:50:00 AM,MIN_OPERATING_MW,22.50,
8/30/2026 6:45:00 AM,RTD,CLUZ,01BULACSOL_G01,G,8/30/2026 6:01:00 AM,8/30/2026 7:00:00 AM,MAX_OPERATING_MW,1.17,
8/30/2026 6:45:00 AM,RTD,CLUZ,01BULACSOL_G01,G,8/30/2026 6:01:00 AM,8/30/2026 7:00:00 AM,MIN_OPERATING_MW,1.17,
8/30/2026 6:45:00 AM,RTD,CLUZ,01CONSOL_G01,G,8/30/2026 6:41:00 AM,8/30/2026 6:45:00 AM,MAX_OPERATING_MW,3.54,
8/30/2026 6:45:00 AM,RTD,CLUZ,01CONSOL_G01,G,8/30/2026 6:41:00 AM,8/30/2026 6:45:00 AM,MIN_OPERATING_MW,3.54,
8/30/2026 6:45:00 AM,RTD,CLUZ,01CONSOL_G01,G,8/30/2026 6:46:00 AM,8/30/2026 6:50:00 AM,MAX_OPERATING_MW,4.60,
8/30/2026 6:45:00 AM,RTD,CLUZ,01CONSOL_G01,G,8/30/2026 6:46:00 AM,8/30/2026 6:50:00 AM,MIN_OPERATING_MW,4.60,
8/30/2026 6:45:00 AM,RTD,CLUZ,01PASBUSOL_G01,G,8/30/2026 6:01:00 AM,8/30/2026 7:00:00 AM,MAX_OPERATING_MW,4.07,
8/30/2026 6:45:00 AM,RTD,CLUZ,01PASBUSOL_G01,G,8/30/2026 6:01:00 AM,8/30/2026 7:00:00 AM,MIN_OPERATING_MW,4.07,
8/30/2026 6:45:00 AM,RTD,CLUZ,01TERRASOL_G01,G,8/30/2026 5:56:00 AM,8/30/2026 9:00:00 AM,MAX_OPERATING_MW,10,
8/30/2026 6:45:00 AM,RTD,CLUZ,01TERRASOL_G01,G,8/30/2026 5:56:00 AM,8/30/2026 9:00:00 AM,MIN_OPERATING_MW,10,
8/30/2026 6:45:00 AM,RTD,CLUZ,03LUNSOL_G01,G,8/30/2026 6:41:00 AM,8/30/2026 6:45:00 AM,MAX_OPERATING_MW,5.66,
8/30/2026 6:45:00 AM,RTD,CLUZ,03LUNSOL_G01,G,8/30/2026 6:41:00 AM,8/30/2026 6:45:00 AM,MIN_OPERATING_MW,5.66,
8/30/2026 6:45:00 AM,RTD,CLUZ,03LUNSOL_G01,G,8/30/2026 6:46:00 AM,8/30/2026 6:50:00 AM,MAX_OPERATING_MW,6.49,
8/30/2026 6:45:00 AM,RTD,CLUZ,03LUNSOL_G01,G,8/30/2026 6:46:00 AM,8/30/2026 6:50:00 AM,MIN_OPERATING_MW,6.49,
8/30/2026 6:45:00 AM,RTD,CLUZ,03TANWIND_G01,G,8/30/2026 6:41:00 AM,8/30/2026 6:45:00 AM,MAX_OPERATING_MW,4,
8/30/2026 6:45:00 AM,RTD,CLUZ,03TANWIND_G01,G,8/30/2026 6:41:00 AM,8/30/2026 6:45:00 AM,MIN_OPERATING_MW,4,
8/30/2026 6:45:00 AM,RTD,CLUZ,03TANWIND_G01,G,8/30/2026 6:46:00 AM,8/30/2026 6:50:00 AM,MAX_OPERATING_MW,4,
8/30/2026 6:45:00 AM,RTD,CLUZ,03TANWIND_G01,G,8/30/2026 6:46:00 AM,8/30/2026 6:50:00 AM,MIN_OPERATING_MW,4,
8/30/2026 6:45:00 AM,RTD,CVIS,04ISIDROSOL_G01,G,8/30/2026 6:01:00 AM,8/30/2026 7:00:00 AM,MAX_OPERATING_MW,10.80,
8/30/2026 6:45:00 AM,RTD,CVIS,04ISIDROSOL_G01,G,8/30/2026 6:01:00 AM,8/30/2026 7:00:00 AM,MIN_OPERATING_MW,10.80,
8/30/2026 6:45:00 AM,RTD,CVIS,08AJUYSOL_G01,G,8/30/2026 6:01:00 AM,8/30/2026 7:00:00 AM,MAX_OPERATING_MW,6.60,
8/30/2026 6:45:00 AM,RTD,CVIS,08AJUYSOL_G01,G,8/30/2026 6:01:00 AM,8/30/2026 7:00:00 AM,MIN_OPERATING_MW,6.60,
8/30/2026 6:45:00 AM,RTD,CVIS,08AJUYSOL_G02,G,8/30/2026 6:01:00 AM,8/30/2026 7:00:00 AM,MAX_OPERATING_MW,3.40,
8/30/2026 6:45:00 AM,RTD,CVIS,08AJUYSOL_G02,G,8/30/2026 6:01:00 AM,8/30/2026 7:00:00 AM,MIN_OPERATING_MW,3.40,
8/30/2026 6:45:00 AM,RTD,CMIN,10LIAN_G02,G,8/30/2026 12:05:00 AM,8/30/2026 11:59:00 PM,MAX_OPERATING_MW,6.60,
8/30/2026 6:45:00 AM,RTD,CMIN,10LIAN_G02,G,8/30/2026 12:05:00 AM,8/30/2026 11:59:00 PM,MIN_OPERATING_MW,6.60,
8/30/2026 6:45:00 AM,RTD,CMIN,14TANTASOL_G01,G,8/30/2026 6:01:00 AM,8/30/2026 7:00:00 AM,MAX_OPERATING_MW,13,
8/30/2026 6:45:00 AM,RTD,CMIN,14TANTASOL_G01,G,8/30/2026 6:01:00 AM,8/30/2026 7:00:00 AM,MIN_OPERATING_MW,13,
8/30/2026 6:50:00 AM,RTD,CLUZ,01BARBASOL_G01,G,8/30/2026 6:46:00 AM,8/30/2026 6:50:00 AM,MAX_OPERATING_MW,4.37,
8/30/2026 6:50:00 AM,RTD,CLUZ,01BARBASOL_G01,G,8/30/2026 6:46:00 AM,8/30/2026 6:50:00 AM,MIN_OPERATING_MW,4.37,
8/30/2026 6:50:00 AM,RTD,CLUZ,01BARBASOL_G01,G,8/30/2026 6:51:00 AM,8/30/2026 6:55:00 AM,MAX_OPERATING_MW,5,
8/30/2026 6:50:00 AM,RTD,CLUZ,01BARBASOL_G01,G,8/30/2026 6:51:00 AM,8/30/2026 6:55:00 AM,MIN_OPERATING_MW,5,
8/30/2026 6:50:00 AM,RTD,CLUZ,01BUGSOL_G01,G,8/30/2026 6:46:00 AM,8/30/2026 6:50:00 AM,MAX_OPERATING_MW,22.50,
8/30/2026 6:50:00 AM,RTD,CLUZ,01BUGSOL_G01,G,8/30/2026 6:46:00 AM,8/30/2026 6:50:00 AM,MIN_OPERATING_MW,22.50,
8/30/2026 6:50:00 AM,RTD,CLUZ,01BUGSOL_G01,G,8/30/2026 6:51:00 AM,8/30/2026 6:55:00 AM,MAX_OPERATING_MW,24,
8/30/2026 6:50:00 AM,RTD,CLUZ,01BUGSOL_G01,G,8/30/2026 6:51:00 AM,8/30/2026 6:55:00 AM,MIN_OPERATING_MW,24,
8/30/2026 6:50:00 AM,RTD,CLUZ,01BULACSOL_G01,G,8/30/2026 6:01:00 AM,8/30/2026 7:00:00 AM,MAX_OPERATING_MW,1.17,
8/30/2026 6:50:00 AM,RTD,CLUZ,01BULACSOL_G01,G,8/30/2026 6:01:00 AM,8/30/2026 7:00:00 AM,MIN_OPERATING_MW,1.17,
8/30/2026 6:50:00 AM,RTD,CLUZ,01CONSOL_G01,G,8/30/2026 6:46:00 AM,8/30/2026 6:50:00 AM,MAX_OPERATING_MW,4.60,
8/30/2026 6:50:00 AM,RTD,CLUZ,01CONSOL_G01,G,8/30/2026 6:46:00 AM,8/30/2026 6:50:00 AM,MIN_OPERATING_MW,4.60,
8/30/2026 6:50:00 AM,RTD,CLUZ,01CONSOL_G01,G,8/30/2026 6:51:00 AM,8/30/2026 6:55:00 AM,MAX_OPERATING_MW,5.64,
8/30/2026 6:50:00 AM,RTD,CLUZ,01CONSOL_G01,G,8/30/2026 6:51:00 AM,8/30/2026 6:55:00 AM,MIN_OPERATING_MW,5.64,
8/30/2026 6:50:00 AM,RTD,CLUZ,01PASBUSOL_G01,G,8/30/2026 6:01:00 AM,8/30/2026 7:00:00 AM,MAX_OPERATING_MW,4.07,
8/30/2026 6:50:00 AM,RTD,CLUZ,01PASBUSOL_G01,G,8/30/2026 6:01:00 AM,8/30/2026 7:00:00 AM,MIN_OPERATING_MW,4.07,
8/30/2026 6:50:00 AM,RTD,CLUZ,01TERRASOL_G01,G,8/30/2026 5:56:00 AM,8/30/2026 9:00:00 AM,MAX_OPERATING_MW,10,
8/30/2026 6:50:00 AM,RTD,CLUZ,01TERRASOL_G01,G,8/30/2026 5:56:00 AM,8/30/2026 9:00:00 AM,MIN_OPERATING_MW,10,
8/30/2026 6:50:00 AM,RTD,CLUZ,03LUNSOL_G01,G,8/30/2026 6:46:00 AM,8/30/2026 6:50:00 AM,MAX_OPERATING_MW,6.49,
8/30/2026 6:50:00 AM,RTD,CLUZ,03LUNSOL_G01,G,8/30/2026 6:46:00 AM,8/30/2026 6:50:00 AM,MIN_OPERATING_MW,6.49,
8/30/2026 6:50:00 AM,RTD,CLUZ,03LUNSOL_G01,G,8/30/2026 6:51:00 AM,8/30/2026 6:55:00 AM,MAX_OPERATING_MW,7.31,
8/30/2026 6:50:00 AM,RTD,CLUZ,03LUNSOL_G01,G,8/30/2026 6:51:00 AM,8/30/2026 6:55:00 AM,MIN_OPERATING_MW,7.31,
8/30/2026 6:50:00 AM,RTD,CLUZ,03TANWIND_G01,G,8/30/2026 6:46:00 AM,8/30/2026 6:50:00 AM,MAX_OPERATING_MW,4,
8/30/2026 6:50:00 AM,RTD,CLUZ,03TANWIND_G01,G,8/30/2026 6:46:00 AM,8/30/2026 6:50:00 AM,MIN_OPERATING_MW,4,
8/30/2026 6:50:00 AM,RTD,CLUZ,03TANWIND_G01,G,8/30/2026 6:51:00 AM,8/30/2026 6:55:00 AM,MAX_OPERATING_MW,4,
8/30/2026 6:50:00 AM,RTD,CLUZ,03TANWIND_G01,G,8/30/2026 6:51:00 AM,8/30/2026 6:55:00 AM,MIN_OPERATING_MW,4,
8/30/2026 6:50:00 AM,RTD,CVIS,04ISIDROSOL_G01,G,8/30/2026 6:01:00 AM,8/30/2026 7:00:00 AM,MAX_OPERATING_MW,10.80,
8/30/2026 6:50:00 AM,RTD,CVIS,04ISIDROSOL_G01,G,8/30/2026 6:01:00 AM,8/30/2026 7:00:00 AM,MIN_OPERATING_MW,10.80,
8/30/2026 6:50:00 AM,RTD,CVIS,08AJUYSOL_G01,G,8/30/2026 6:01:00 AM,8/30/2026 7:00:00 AM,MAX_OPERATING_MW,6.60,
8/30/2026 6:50:00 AM,RTD,CVIS,08AJUYSOL_G01,G,8/30/2026 6:01:00 AM,8/30/2026 7:00:00 AM,MIN_OPERATING_MW,6.60,
8/30/2026 6:50:00 AM,RTD,CVIS,08AJUYSOL_G02,G,8/30/2026 6:01:00 AM,8/30/2026 7:00:00 AM,MAX_OPERATING_MW,3.40,
8/30/2026 6:50:00 AM,RTD,CVIS,08AJUYSOL_G02,G,8/30/2026 6:01:00 AM,8/30/2026 7:00:00 AM,MIN_OPERATING_MW,3.40,
8/30/2026 6:50:00 AM,RTD,CMIN,10LIAN_G02,G,8/30/2026 12:05:00 AM,8/30/2026 11:59:00 PM,MAX_OPERATING_MW,6.60,
8/30/2026 6:50:00 AM,RTD,CMIN,10LIAN_G02,G,8/30/2026 12:05:00 AM,8/30/2026 11:59:00 PM,MIN_OPERATING_MW,6.60,
8/30/2026 6:50:00 AM,RTD,CMIN,14TANTASOL_G01,G,8/30/2026 6:01:00 AM,8/30/2026 7:00:00 AM,MAX_OPERATING_MW,13,
8/30/2026 6:50:00 AM,RTD,CMIN,14TANTASOL_G01,G,8/30/2026 6:01:00 AM,8/30/2026 7:00:00 AM,MIN_OPERATING_MW,13,
8/30/2026 6:55:00 AM,RTD,CLUZ,01BARBASOL_G01,G,8/30/2026 6:51:00 AM,8/30/2026 6:55:00 AM,MAX_OPERATING_MW,5,
8/30/2026 6:55:00 AM,RTD,CLUZ,01BARBASOL_G01,G,8/30/2026 6:51:00 AM,8/30/2026 6:55:00 AM,MIN_OPERATING_MW,5,
8/30/2026 6:55:00 AM,RTD,CLUZ,01BARBASOL_G01,G,8/30/2026 6:56:00 AM,8/30/2026 7:00:00 AM,MAX_OPERATING_MW,5.64,
8/30/2026 6:55:00 AM,RTD,CLUZ,01BARBASOL_G01,G,8/30/2026 6:56:00 AM,8/30/2026 7:00:00 AM,MIN_OPERATING_MW,5.64,
8/30/2026 6:55:00 AM,RTD,CLUZ,01BUGSOL_G01,G,8/30/2026 6:51:00 AM,8/30/2026 6:55:00 AM,MAX_OPERATING_MW,24,
8/30/2026 6:55:00 AM,RTD,CLUZ,01BUGSOL_G01,G,8/30/2026 6:51:00 AM,8/30/2026 6:55:00 AM,MIN_OPERATING_MW,24,
8/30/2026 6:55:00 AM,RTD,CLUZ,01BUGSOL_G01,G,8/30/2026 6:56:00 AM,8/30/2026 7:00:00 AM,MAX_OPERATING_MW,25.60,
8/30/2026 6:55:00 AM,RTD,CLUZ,01BUGSOL_G01,G,8/30/2026 6:56:00 AM,8/30/2026 7:00:00 AM,MIN_OPERATING_MW,25.60,
8/30/2026 6:55:00 AM,RTD,CLUZ,01BULACSOL_G01,G,8/30/2026 6:01:00 AM,8/30/2026 7:00:00 AM,MAX_OPERATING_MW,1.17,
8/30/2026 6:55:00 AM,RTD,CLUZ,01BULACSOL_G01,G,8/30/2026 6:01:00 AM,8/30/2026 7:00:00 AM,MIN_OPERATING_MW,1.17,
8/30/2026 6:55:00 AM,RTD,CLUZ,01CONSOL_G01,G,8/30/2026 6:51:00 AM,8/30/2026 6:55:00 AM,MAX_OPERATING_MW,5.64,
8/30/2026 6:55:00 AM,RTD,CLUZ,01CONSOL_G01,G,8/30/2026 6:51:00 AM,8/30/2026 6:55:00 AM,MIN_OPERATING_MW,5.64,
8/30/2026 6:55:00 AM,RTD,CLUZ,01CONSOL_G01,G,8/30/2026 6:56:00 AM,8/30/2026 7:00:00 AM,MAX_OPERATING_MW,6.39,
8/30/2026 6:55:00 AM,RTD,CLUZ,01CONSOL_G01,G,8/30/2026 6:56:00 AM,8/30/2026 7:00:00 AM,MIN_OPERATING_MW,6.39,
8/30/2026 6:55:00 AM,RTD,CLUZ,01PASBUSOL_G01,G,8/30/2026 6:01:00 AM,8/30/2026 7:00:00 AM,MAX_OPERATING_MW,4.07,
8/30/2026 6:55:00 AM,RTD,CLUZ,01PASBUSOL_G01,G,8/30/2026 6:01:00 AM,8/30/2026 7:00:00 AM,MIN_OPERATING_MW,4.07,
8/30/2026 6:55:00 AM,RTD,CLUZ,01TERRASOL_G01,G,8/30/2026 5:56:00 AM,8/30/2026 9:00:00 AM,MAX_OPERATING_MW,10,
8/30/2026 6:55:00 AM,RTD,CLUZ,01TERRASOL_G01,G,8/30/2026 5:56:00 AM,8/30/2026 9:00:00 AM,MIN_OPERATING_MW,10,
8/30/2026 6:55:00 AM,RTD,CLUZ,03LUNSOL_G01,G,8/30/2026 6:51:00 AM,8/30/2026 6:55:00 AM,MAX_OPERATING_MW,7.31,
8/30/2026 6:55:00 AM,RTD,CLUZ,03LUNSOL_G01,G,8/30/2026 6:51:00 AM,8/30/2026 6:55:00 AM,MIN_OPERATING_MW,7.31,
8/30/2026 6:55:00 AM,RTD,CLUZ,03LUNSOL_G01,G,8/30/2026 6:56:00 AM,8/30/2026 7:00:00 AM,MAX_OPERATING_MW,8.11,
8/30/2026 6:55:00 AM,RTD,CLUZ,03LUNSOL_G01,G,8/30/2026 6:56:00 AM,8/30/2026 7:00:00 AM,MIN_OPERATING_MW,8.11,
8/30/2026 6:55:00 AM,RTD,CLUZ,03TANWIND_G01,G,8/30/2026 6:51:00 AM,8/30/2026 6:55:00 AM,MAX_OPERATING_MW,4,
8/30/2026 6:55:00 AM,RTD,CLUZ,03TANWIND_G01,G,8/30/2026 6:51:00 AM,8/30/2026 6:55:00 AM,MIN_OPERATING_MW,4,
8/30/2026 6:55:00 AM,RTD,CLUZ,03TANWIND_G01,G,8/30/2026 6:56:00 AM,8/30/2026 7:00:00 AM,MAX_OPERATING_MW,4,
8/30/2026 6:55:00 AM,RTD,CLUZ,03TANWIND_G01,G,8/30/2026 6:56:00 AM,8/30/2026 7:00:00 AM,MIN_OPERATING_MW,4,
8/30/2026 6:55:00 AM,RTD,CVIS,04ISIDROSOL_G01,G,8/30/2026 6:01:00 AM,8/30/2026 7:00:00 AM,MAX_OPERATING_MW,10.80,
8/30/2026 6:55:00 AM,RTD,CVIS,04ISIDROSOL_G01,G,8/30/2026 6:01:00 AM,8/30/2026 7:00:00 AM,MIN_OPERATING_MW,10.80,
8/30/2026 6:55:00 AM,RTD,CVIS,08AJUYSOL_G01,G,8/30/2026 6:01:00 AM,8/30/2026 7:00:00 AM,MAX_OPERATING_MW,6.60,
8/30/2026 6:55:00 AM,RTD,CVIS,08AJUYSOL_G01,G,8/30/2026 6:01:00 AM,8/30/2026 7:00:00 AM,MIN_OPERATING_MW,6.60,
8/30/2026 6:55:00 AM,RTD,CVIS,08AJUYSOL_G02,G,8/30/2026 6:01:00 AM,8/30/2026 7:00:00 AM,MAX_OPERATING_MW,3.40,
8/30/2026 6:55:00 AM,RTD,CVIS,08AJUYSOL_G02,G,8/30/2026 6:01:00 AM,8/30/2026 7:00:00 AM,MIN_OPERATING_MW,3.40,
8/30/2026 6:55:00 AM,RTD,CMIN,10LIAN_G02,G,8/30/2026 12:05:00 AM,8/30/2026 11:59:00 PM,MAX_OPERATING_MW,6.60,
8/30/2026 6:55:00 AM,RTD,CMIN,10LIAN_G02,G,8/30/2026 12:05:00 AM,8/30/2026 11:59:00 PM,MIN_OPERATING_MW,6.60,
8/30/2026 6:55:00 AM,RTD,CMIN,14TANTASOL_G01,G,8/30/2026 6:01:00 AM,8/30/2026 7:00:00 AM,MAX_OPERATING_MW,13,
8/30/2026 6:55:00 AM,RTD,CMIN,14TANTASOL_G01,G,8/30/2026 6:01:00 AM,8/30/2026 7:00:00 AM,MIN_OPERATING_MW,13,
8/30/2026 7:00:00 AM,RTD,CLUZ,01BARBASOL_G01,G,8/30/2026 6:56:00 AM,8/30/2026 7:00:00 AM,MAX_OPERATING_MW,5.64,
8/30/2026 7:00:00 AM,RTD,CLUZ,01BARBASOL_G01,G,8/30/2026 6:56:00 AM,8/30/2026 7:00:00 AM,MIN_OPERATING_MW,5.64,
8/30/2026 7:00:00 AM,RTD,CLUZ,01BARBASOL_G01,G,8/30/2026 7:01:00 AM,8/30/2026 7:05:00 AM,MAX_OPERATING_MW,6.29,
8/30/2026 7:00:00 AM,RTD,CLUZ,01BARBASOL_G01,G,8/30/2026 7:01:00 AM,8/30/2026 7:05:00 AM,MIN_OPERATING_MW,6.29,
8/30/2026 7:00:00 AM,RTD,CLUZ,01BUGSOL_G01,G,8/30/2026 6:56:00 AM,8/30/2026 7:00:00 AM,MAX_OPERATING_MW,25.60,
8/30/2026 7:00:00 AM,RTD,CLUZ,01BUGSOL_G01,G,8/30/2026 6:56:00 AM,8/30/2026 7:00:00 AM,MIN_OPERATING_MW,25.60,
8/30/2026 7:00:00 AM,RTD,CLUZ,01BUGSOL_G01,G,8/30/2026 7:01:00 AM,8/30/2026 7:05:00 AM,MAX_OPERATING_MW,24.30,
8/30/2026 7:00:00 AM,RTD,CLUZ,01BUGSOL_G01,G,8/30/2026 7:01:00 AM,8/30/2026 7:05:00 AM,MIN_OPERATING_MW,24.30,
8/30/2026 7:00:00 AM,RTD,CLUZ,01BULACSOL_G01,G,8/30/2026 6:01:00 AM,8/30/2026 7:00:00 AM,MAX_OPERATING_MW,1.17,
8/30/2026 7:00:00 AM,RTD,CLUZ,01BULACSOL_G01,G,8/30/2026 6:01:00 AM,8/30/2026 7:00:00 AM,MIN_OPERATING_MW,1.17,
8/30/2026 7:00:00 AM,RTD,CLUZ,01BULACSOL_G01,G,8/30/2026 7:01:00 AM,8/30/2026 8:00:00 AM,MAX_OPERATING_MW,4.58,
8/30/2026 7:00:00 AM,RTD,CLUZ,01BULACSOL_G01,G,8/30/2026 7:01:00 AM,8/30/2026 8:00:00 AM,MIN_OPERATING_MW,4.58,
8/30/2026 7:00:00 AM,RTD,CLUZ,01CONSOL_G01,G,8/30/2026 6:56:00 AM,8/30/2026 7:00:00 AM,MAX_OPERATING_MW,6.39,
8/30/2026 7:00:00 AM,RTD,CLUZ,01CONSOL_G01,G,8/30/2026 6:56:00 AM,8/30/2026 7:00:00 AM,MIN_OPERATING_MW,6.39,
8/30/2026 7:00:00 AM,RTD,CLUZ,01CONSOL_G01,G,8/30/2026 7:01:00 AM,8/30/2026 7:05:00 AM,MAX_OPERATING_MW,7.35,
8/30/2026 7:00:00 AM,RTD,CLUZ,01CONSOL_G01,G,8/30/2026 7:01:00 AM,8/30/2026 7:05:00 AM,MIN_OPERATING_MW,7.35,
8/30/2026 7:00:00 AM,RTD,CLUZ,01PASBUSOL_G01,G,8/30/2026 6:01:00 AM,8/30/2026 7:00:00 AM,MAX_OPERATING_MW,4.07,
8/30/2026 7:00:00 AM,RTD,CLUZ,01PASBUSOL_G01,G,8/30/2026 6:01:00 AM,8/30/2026 7:00:00 AM,MIN_OPERATING_MW,4.07,
8/30/2026 7:00:00 AM,RTD,CLUZ,01PASBUSOL_G01,G,8/30/2026 7:01:00 AM,8/30/2026 8:00:00 AM,MAX_OPERATING_MW,14.15,
8/30/2026 7:00:00 AM,RTD,CLUZ,01PASBUSOL_G01,G,8/30/2026 7:01:00 AM,8/30/2026 8:00:00 AM,MIN_OPERATING_MW,14.15,
8/30/2026 7:00:00 AM,RTD,CLUZ,01TERRASOL_G01,G,8/30/2026 5:56:00 AM,8/30/2026 9:00:00 AM,MAX_OPERATING_MW,10,
8/30/2026 7:00:00 AM,RTD,CLUZ,01TERRASOL_G01,G,8/30/2026 5:56:00 AM,8/30/2026 9:00:00 AM,MIN_OPERATING_MW,10,
8/30/2026 7:00:00 AM,RTD,CLUZ,03LUNSOL_G01,G,8/30/2026 6:56:00 AM,8/30/2026 7:00:00 AM,MAX_OPERATING_MW,8.11,
8/30/2026 7:00:00 AM,RTD,CLUZ,03LUNSOL_G01,G,8/30/2026 6:56:00 AM,8/30/2026 7:00:00 AM,MIN_OPERATING_MW,8.11,
8/30/2026 7:00:00 AM,RTD,CLUZ,03LUNSOL_G01,G,8/30/2026 7:01:00 AM,8/30/2026 7:05:00 AM,MAX_OPERATING_MW,8.89,
8/30/2026 7:00:00 AM,RTD,CLUZ,03LUNSOL_G01,G,8/30/2026 7:01:00 AM,8/30/2026 7:05:00 AM,MIN_OPERATING_MW,8.89,
8/30/2026 7:00:00 AM,RTD,CLUZ,03TANWIND_G01,G,8/30/2026 6:56:00 AM,8/30/2026 7:00:00 AM,MAX_OPERATING_MW,4,
8/30/2026 7:00:00 AM,RTD,CLUZ,03TANWIND_G01,G,8/30/2026 6:56:00 AM,8/30/2026 7:00:00 AM,MIN_OPERATING_MW,4,
8/30/2026 7:00:00 AM,RTD,CLUZ,03TANWIND_G01,G,8/30/2026 7:01:00 AM,8/30/2026 7:05:00 AM,MAX_OPERATING_MW,5.20,
8/30/2026 7:00:00 AM,RTD,CLUZ,03TANWIND_G01,G,8/30/2026 7:01:00 AM,8/30/2026 7:05:00 AM,MIN_OPERATING_MW,5.20,
8/30/2026 7:00:00 AM,RTD,CVIS,04ISIDROSOL_G01,G,8/30/2026 6:01:00 AM,8/30/2026 7:00:00 AM,MAX_OPERATING_MW,10.80,
8/30/2026 7:00:00 AM,RTD,CVIS,04ISIDROSOL_G01,G,8/30/2026 6:01:00 AM,8/30/2026 7:00:00 AM,MIN_OPERATING_MW,10.80,
8/30/2026 7:00:00 AM,RTD,CVIS,04ISIDROSOL_G01,G,8/30/2026 7:01:00 AM,8/30/2026 8:00:00 AM,MAX_OPERATING_MW,31,
8/30/2026 7:00:00 AM,RTD,CVIS,04ISIDROSOL_G01,G,8/30/2026 7:01:00 AM,8/30/2026 8:00:00 AM,MIN_OPERATING_MW,31,
8/30/2026 7:00:00 AM,RTD,CVIS,08AJUYSOL_G01,G,8/30/2026 6:01:00 AM,8/30/2026 7:00:00 AM,MAX_OPERATING_MW,6.60,
8/30/2026 7:00:00 AM,RTD,CVIS,08AJUYSOL_G01,G,8/30/2026 6:01:00 AM,8/30/2026 7:00:00 AM,MIN_OPERATING_MW,6.60,
8/30/2026 7:00:00 AM,RTD,CVIS,08AJUYSOL_G01,G,8/30/2026 7:01:00 AM,8/30/2026 8:00:00 AM,MAX_OPERATING_MW,6.60,
8/30/2026 7:00:00 AM,RTD,CVIS,08AJUYSOL_G01,G,8/30/2026 7:01:00 AM,8/30/2026 8:00:00 AM,MIN_OPERATING_MW,6.60,
8/30/2026 7:00:00 AM,RTD,CVIS,08AJUYSOL_G02,G,8/30/2026 6:01:00 AM,8/30/2026 7:00:00 AM,MAX_OPERATING_MW,3.40,
8/30/2026 7:00:00 AM,RTD,CVIS,08AJUYSOL_G02,G,8/30/2026 6:01:00 AM,8/30/2026 7:00:00 AM,MIN_OPERATING_MW,3.40,
8/30/2026 7:00:00 AM,RTD,CVIS,08AJUYSOL_G02,G,8/30/2026 7:01:00 AM,8/30/2026 8:00:00 AM,MAX_OPERATING_MW,3.40,
8/30/2026 7:00:00 AM,RTD,CVIS,08AJUYSOL_G02,G,8/30/2026 7:01:00 AM,8/30/2026 8:00:00 AM,MIN_OPERATING_MW,3.40,
8/30/2026 7:00:00 AM,RTD,CMIN,10LIAN_G02,G,8/30/2026 12:05:00 AM,8/30/2026 11:59:00 PM,MAX_OPERATING_MW,6.60,
8/30/2026 7:00:00 AM,RTD,CMIN,10LIAN_G02,G,8/30/2026 12:05:00 AM,8/30/2026 11:59:00 PM,MIN_OPERATING_MW,6.60,
8/30/2026 7:00:00 AM,RTD,CMIN,14TANTASOL_G01,G,8/30/2026 6:01:00 AM,8/30/2026 7:00:00 AM,MAX_OPERATING_MW,13,
8/30/2026 7:00:00 AM,RTD,CMIN,14TANTASOL_G01,G,8/30/2026 6:01:00 AM,8/30/2026 7:00:00 AM,MIN_OPERATING_MW,13,
8/30/2026 7:00:00 AM,RTD,CMIN,14TANTASOL_G01,G,8/30/2026 7:01:00 AM,8/30/2026 8:00:00 AM,MAX_OPERATING_MW,30,
8/30/2026 7:00:00 AM,RTD,CMIN,14TANTASOL_G01,G,8/30/2026 7:01:00 AM,8/30/2026 8:00:00 AM,MIN_OPERATING_MW,30,
8/30/2026 7:05:00 AM,RTD,CLUZ,01BARBASOL_G01,G,8/30/2026 7:01:00 AM,8/30/2026 7:05:00 AM,MAX_OPERATING_MW,6.29,
8/30/2026 7:05:00 AM,RTD,CLUZ,01BARBASOL_G01,G,8/30/2026 7:01:00 AM,8/30/2026 7:05:00 AM,MIN_OPERATING_MW,6.29,
8/30/2026 7:05:00 AM,RTD,CLUZ,01BARBASOL_G01,G,8/30/2026 7:06:00 AM,8/30/2026 7:10:00 AM,MAX_OPERATING_MW,6.94,
8/30/2026 7:05:00 AM,RTD,CLUZ,01BARBASOL_G01,G,8/30/2026 7:06:00 AM,8/30/2026 7:10:00 AM,MIN_OPERATING_MW,6.94,
8/30/2026 7:05:00 AM,RTD,CLUZ,01BUGSOL_G01,G,8/30/2026 7:01:00 AM,8/30/2026 7:05:00 AM,MAX_OPERATING_MW,24.30,
8/30/2026 7:05:00 AM,RTD,CLUZ,01BUGSOL_G01,G,8/30/2026 7:01:00 AM,8/30/2026 7:05:00 AM,MIN_OPERATING_MW,24.30,
8/30/2026 7:05:00 AM,RTD,CLUZ,01BUGSOL_G01,G,8/30/2026 7:06:00 AM,8/30/2026 7:10:00 AM,MAX_OPERATING_MW,23,
8/30/2026 7:05:00 AM,RTD,CLUZ,01BUGSOL_G01,G,8/30/2026 7:06:00 AM,8/30/2026 7:10:00 AM,MIN_OPERATING_MW,23,
8/30/2026 7:05:00 AM,RTD,CLUZ,01BULACSOL_G01,G,8/30/2026 7:01:00 AM,8/30/2026 8:00:00 AM,MAX_OPERATING_MW,4.58,
8/30/2026 7:05:00 AM,RTD,CLUZ,01BULACSOL_G01,G,8/30/2026 7:01:00 AM,8/30/2026 8:00:00 AM,MIN_OPERATING_MW,4.58,
8/30/2026 7:05:00 AM,RTD,CLUZ,01CONSOL_G01,G,8/30/2026 7:01:00 AM,8/30/2026 7:05:00 AM,MAX_OPERATING_MW,7.35,
8/30/2026 7:05:00 AM,RTD,CLUZ,01CONSOL_G01,G,8/30/2026 7:01:00 AM,8/30/2026 7:05:00 AM,MIN_OPERATING_MW,7.35,
8/30/2026 7:05:00 AM,RTD,CLUZ,01CONSOL_G01,G,8/30/2026 7:06:00 AM,8/30/2026 7:10:00 AM,MAX_OPERATING_MW,8.56,
8/30/2026 7:05:00 AM,RTD,CLUZ,01CONSOL_G01,G,8/30/2026 7:06:00 AM,8/30/2026 7:10:00 AM,MIN_OPERATING_MW,8.56,
8/30/2026 7:05:00 AM,RTD,CLUZ,01PASBUSOL_G01,G,8/30/2026 7:01:00 AM,8/30/2026 8:00:00 AM,MAX_OPERATING_MW,14.15,
8/30/2026 7:05:00 AM,RTD,CLUZ,01PASBUSOL_G01,G,8/30/2026 7:01:00 AM,8/30/2026 8:00:00 AM,MIN_OPERATING_MW,14.15,
8/30/2026 7:05:00 AM,RTD,CLUZ,01TERRASOL_G01,G,8/30/2026 5:56:00 AM,8/30/2026 9:00:00 AM,MAX_OPERATING_MW,10,
8/30/2026 7:05:00 AM,RTD,CLUZ,01TERRASOL_G01,G,8/30/2026 5:56:00 AM,8/30/2026 9:00:00 AM,MIN_OPERATING_MW,10,
8/30/2026 7:05:00 AM,RTD,CLUZ,03LUNSOL_G01,G,8/30/2026 7:01:00 AM,8/30/2026 7:05:00 AM,MAX_OPERATING_MW,8.89,
8/30/2026 7:05:00 AM,RTD,CLUZ,03LUNSOL_G01,G,8/30/2026 7:01:00 AM,8/30/2026 7:05:00 AM,MIN_OPERATING_MW,8.89,
8/30/2026 7:05:00 AM,RTD,CLUZ,03LUNSOL_G01,G,8/30/2026 7:06:00 AM,8/30/2026 7:10:00 AM,MAX_OPERATING_MW,9.71,
8/30/2026 7:05:00 AM,RTD,CLUZ,03LUNSOL_G01,G,8/30/2026 7:06:00 AM,8/30/2026 7:10:00 AM,MIN_OPERATING_MW,9.71,
8/30/2026 7:05:00 AM,RTD,CLUZ,03TANWIND_G01,G,8/30/2026 7:01:00 AM,8/30/2026 7:05:00 AM,MAX_OPERATING_MW,5.20,
8/30/2026 7:05:00 AM,RTD,CLUZ,03TANWIND_G01,G,8/30/2026 7:01:00 AM,8/30/2026 7:05:00 AM,MIN_OPERATING_MW,5.20,
8/30/2026 7:05:00 AM,RTD,CLUZ,03TANWIND_G01,G,8/30/2026 7:06:00 AM,8/30/2026 7:10:00 AM,MAX_OPERATING_MW,5.20,
8/30/2026 7:05:00 AM,RTD,CLUZ,03TANWIND_G01,G,8/30/2026 7:06:00 AM,8/30/2026 7:10:00 AM,MIN_OPERATING_MW,5.20,
8/30/2026 7:05:00 AM,RTD,CVIS,04ISIDROSOL_G01,G,8/30/2026 7:01:00 AM,8/30/2026 8:00:00 AM,MAX_OPERATING_MW,31,
8/30/2026 7:05:00 AM,RTD,CVIS,04ISIDROSOL_G01,G,8/30/2026 7:01:00 AM,8/30/2026 8:00:00 AM,MIN_OPERATING_MW,31,
8/30/2026 7:05:00 AM,RTD,CVIS,08AJUYSOL_G01,G,8/30/2026 7:01:00 AM,8/30/2026 8:00:00 AM,MAX_OPERATING_MW,6.60,
8/30/2026 7:05:00 AM,RTD,CVIS,08AJUYSOL_G01,G,8/30/2026 7:01:00 AM,8/30/2026 8:00:00 AM,MIN_OPERATING_MW,6.60,
8/30/2026 7:05:00 AM,RTD,CVIS,08AJUYSOL_G02,G,8/30/2026 7:01:00 AM,8/30/2026 8:00:00 AM,MAX_OPERATING_MW,3.40,
8/30/2026 7:05:00 AM,RTD,CVIS,08AJUYSOL_G02,G,8/30/2026 7:01:00 AM,8/30/2026 8:00:00 AM,MIN_OPERATING_MW,3.40,
8/30/2026 7:05:00 AM,RTD,CMIN,10LIAN_G02,G,8/30/2026 12:05:00 AM,8/30/2026 11:59:00 PM,MAX_OPERATING_MW,6.60,
8/30/2026 7:05:00 AM,RTD,CMIN,10LIAN_G02,G,8/30/2026 12:05:00 AM,8/30/2026 11:59:00 PM,MIN_OPERATING_MW,6.60,
8/30/2026 7:05:00 AM,RTD,CMIN,14TANTASOL_G01,G,8/30/2026 7:01:00 AM,8/30/2026 8:00:00 AM,MAX_OPERATING_MW,30,
8/30/2026 7:05:00 AM,RTD,CMIN,14TANTASOL_G01,G,8/30/2026 7:01:00 AM,8/30/2026 8:00:00 AM,MIN_OPERATING_MW,30,
8/30/2026 7:10:00 AM,RTD,CLUZ,01BARBASOL_G01,G,8/30/2026 7:06:00 AM,8/30/2026 7:10:00 AM,MAX_OPERATING_MW,6.94,
8/30/2026 7:10:00 AM,RTD,CLUZ,01BARBASOL_G01,G,8/30/2026 7:06:00 AM,8/30/2026 7:10:00 AM,MIN_OPERATING_MW,6.94,
8/30/2026 7:10:00 AM,RTD,CLUZ,01BARBASOL_G01,G,8/30/2026 7:11:00 AM,8/30/2026 7:15:00 AM,MAX_OPERATING_MW,7.60,
8/30/2026 7:10:00 AM,RTD,CLUZ,01BARBASOL_G01,G,8/30/2026 7:11:00 AM,8/30/2026 7:15:00 AM,MIN_OPERATING_MW,7.60,
8/30/2026 7:10:00 AM,RTD,CLUZ,01BUGSOL_G01,G,8/30/2026 7:06:00 AM,8/30/2026 7:10:00 AM,MAX_OPERATING_MW,23,
8/30/2026 7:10:00 AM,RTD,CLUZ,01BUGSOL_G01,G,8/30/2026 7:06:00 AM,8/30/2026 7:10:00 AM,MIN_OPERATING_MW,23,
8/30/2026 7:10:00 AM,RTD,CLUZ,01BUGSOL_G01,G,8/30/2026 7:11:00 AM,8/30/2026 7:15:00 AM,MAX_OPERATING_MW,16.10,
8/30/2026 7:10:00 AM,RTD,CLUZ,01BUGSOL_G01,G,8/30/2026 7:11:00 AM,8/30/2026 7:15:00 AM,MIN_OPERATING_MW,16.10,
8/30/2026 7:10:00 AM,RTD,CLUZ,01BULACSOL_G01,G,8/30/2026 7:01:00 AM,8/30/2026 8:00:00 AM,MAX_OPERATING_MW,4.58,
8/30/2026 7:10:00 AM,RTD,CLUZ,01BULACSOL_G01,G,8/30/2026 7:01:00 AM,8/30/2026 8:00:00 AM,MIN_OPERATING_MW,4.58,
8/30/2026 7:10:00 AM,RTD,CLUZ,01CONSOL_G01,G,8/30/2026 7:06:00 AM,8/30/2026 7:10:00 AM,MAX_OPERATING_MW,8.56,
8/30/2026 7:10:00 AM,RTD,CLUZ,01CONSOL_G01,G,8/30/2026 7:06:00 AM,8/30/2026 7:10:00 AM,MIN_OPERATING_MW,8.56,
8/30/2026 7:10:00 AM,RTD,CLUZ,01CONSOL_G01,G,8/30/2026 7:11:00 AM,8/30/2026 7:15:00 AM,MAX_OPERATING_MW,9.87,
8/30/2026 7:10:00 AM,RTD,CLUZ,01CONSOL_G01,G,8/30/2026 7:11:00 AM,8/30/2026 7:15:00 AM,MIN_OPERATING_MW,9.87,
8/30/2026 7:10:00 AM,RTD,CLUZ,01PASBUSOL_G01,G,8/30/2026 7:01:00 AM,8/30/2026 8:00:00 AM,MAX_OPERATING_MW,14.15,
8/30/2026 7:10:00 AM,RTD,CLUZ,01PASBUSOL_G01,G,8/30/2026 7:01:00 AM,8/30/2026 8:00:00 AM,MIN_OPERATING_MW,14.15,
8/30/2026 7:10:00 AM,RTD,CLUZ,01TERRASOL_G01,G,8/30/2026 5:56:00 AM,8/30/2026 9:00:00 AM,MAX_OPERATING_MW,10,
8/30/2026 7:10:00 AM,RTD,CLUZ,01TERRASOL_G01,G,8/30/2026 5:56:00 AM,8/30/2026 9:00:00 AM,MIN_OPERATING_MW,10,
8/30/2026 7:10:00 AM,RTD,CLUZ,03LUNSOL_G01,G,8/30/2026 7:06:00 AM,8/30/2026 7:10:00 AM,MAX_OPERATING_MW,9.71,
8/30/2026 7:10:00 AM,RTD,CLUZ,03LUNSOL_G01,G,8/30/2026 7:06:00 AM,8/30/2026 7:10:00 AM,MIN_OPERATING_MW,9.71,
8/30/2026 7:10:00 AM,RTD,CLUZ,03LUNSOL_G01,G,8/30/2026 7:11:00 AM,8/30/2026 7:15:00 AM,MAX_OPERATING_MW,10.56,
8/30/2026 7:10:00 AM,RTD,CLUZ,03LUNSOL_G01,G,8/30/2026 7:11:00 AM,8/30/2026 7:15:00 AM,MIN_OPERATING_MW,10.56,
8/30/2026 7:10:00 AM,RTD,CLUZ,03TANWIND_G01,G,8/30/2026 7:06:00 AM,8/30/2026 7:10:00 AM,MAX_OPERATING_MW,5.20,
8/30/2026 7:10:00 AM,RTD,CLUZ,03TANWIND_G01,G,8/30/2026 7:06:00 AM,8/30/2026 7:10:00 AM,MIN_OPERATING_MW,5.20,
8/30/2026 7:10:00 AM,RTD,CLUZ,03TANWIND_G01,G,8/30/2026 7:11:00 AM,8/30/2026 7:15:00 AM,MAX_OPERATING_MW,5.20,
8/30/2026 7:10:00 AM,RTD,CLUZ,03TANWIND_G01,G,8/30/2026 7:11:00 AM,8/30/2026 7:15:00 AM,MIN_OPERATING_MW,5.20,
8/30/2026 7:10:00 AM,RTD,CVIS,04ISIDROSOL_G01,G,8/30/2026 7:01:00 AM,8/30/2026 8:00:00 AM,MAX_OPERATING_MW,31,
8/30/2026 7:10:00 AM,RTD,CVIS,04ISIDROSOL_G01,G,8/30/2026 7:01:00 AM,8/30/2026 8:00:00 AM,MIN_OPERATING_MW,31,
8/30/2026 7:10:00 AM,RTD,CVIS,08AJUYSOL_G01,G,8/30/2026 7:01:00 AM,8/30/2026 8:00:00 AM,MAX_OPERATING_MW,6.60,
8/30/2026 7:10:00 AM,RTD,CVIS,08AJUYSOL_G01,G,8/30/2026 7:01:00 AM,8/30/2026 8:00:00 AM,MIN_OPERATING_MW,6.60,
8/30/2026 7:10:00 AM,RTD,CVIS,08AJUYSOL_G02,G,8/30/2026 7:01:00 AM,8/30/2026 8:00:00 AM,MAX_OPERATING_MW,3.40,
8/30/2026 7:10:00 AM,RTD,CVIS,08AJUYSOL_G02,G,8/30/2026 7:01:00 AM,8/30/2026 8:00:00 AM,MIN_OPERATING_MW,3.40,
8/30/2026 7:10:00 AM,RTD,CMIN,10LIAN_G02,G,8/30/2026 12:05:00 AM,8/30/2026 11:59:00 PM,MAX_OPERATING_MW,6.60,
8/30/2026 7:10:00 AM,RTD,CMIN,10LIAN_G02,G,8/30/2026 12:05:00 AM,8/30/2026 11:59:00 PM,MIN_OPERATING_MW,6.60,
8/30/2026 7:10:00 AM,RTD,CMIN,14TANTASOL_G01,G,8/30/2026 7:01:00 AM,8/30/2026 8:00:00 AM,MAX_OPERATING_MW,30,
8/30/2026 7:10:00 AM,RTD,CMIN,14TANTASOL_G01,G,8/30/2026 7:01:00 AM,8/30/2026 8:00:00 AM,MIN_OPERATING_MW,30,
8/30/2026 7:15:00 AM,RTD,CLUZ,01BARBASOL_G01,G,8/30/2026 7:11:00 AM,8/30/2026 7:15:00 AM,MAX_OPERATING_MW,7.60,
8/30/2026 7:15:00 AM,RTD,CLUZ,01BARBASOL_G01,G,8/30/2026 7:11:00 AM,8/30/2026 7:15:00 AM,MIN_OPERATING_MW,7.60,
8/30/2026 7:15:00 AM,RTD,CLUZ,01BARBASOL_G01,G,8/30/2026 7:16:00 AM,8/30/2026 7:20:00 AM,MAX_OPERATING_MW,8.26,
8/30/2026 7:15:00 AM,RTD,CLUZ,01BARBASOL_G01,G,8/30/2026 7:16:00 AM,8/30/2026 7:20:00 AM,MIN_OPERATING_MW,8.26,
8/30/2026 7:15:00 AM,RTD,CLUZ,01BUGSOL_G01,G,8/30/2026 7:11:00 AM,8/30/2026 7:15:00 AM,MAX_OPERATING_MW,16.10,
8/30/2026 7:15:00 AM,RTD,CLUZ,01BUGSOL_G01,G,8/30/2026 7:11:00 AM,8/30/2026 7:15:00 AM,MIN_OPERATING_MW,16.10,
8/30/2026 7:15:00 AM,RTD,CLUZ,01BUGSOL_G01,G,8/30/2026 7:16:00 AM,8/30/2026 7:20:00 AM,MAX_OPERATING_MW,6,
8/30/2026 7:15:00 AM,RTD,CLUZ,01BUGSOL_G01,G,8/30/2026 7:16:00 AM,8/30/2026 7:20:00 AM,MIN_OPERATING_MW,6,
8/30/2026 7:15:00 AM,RTD,CLUZ,01BULACSOL_G01,G,8/30/2026 7:01:00 AM,8/30/2026 8:00:00 AM,MAX_OPERATING_MW,4.58,
8/30/2026 7:15:00 AM,RTD,CLUZ,01BULACSOL_G01,G,8/30/2026 7:01:00 AM,8/30/2026 8:00:00 AM,MIN_OPERATING_MW,4.58,
8/30/2026 7:15:00 AM,RTD,CLUZ,01CONSOL_G01,G,8/30/2026 7:11:00 AM,8/30/2026 7:15:00 AM,MAX_OPERATING_MW,9.87,
8/30/2026 7:15:00 AM,RTD,CLUZ,01CONSOL_G01,G,8/30/2026 7:11:00 AM,8/30/2026 7:15:00 AM,MIN_OPERATING_MW,9.87,
8/30/2026 7:15:00 AM,RTD,CLUZ,01CONSOL_G01,G,8/30/2026 7:16:00 AM,8/30/2026 7:20:00 AM,MAX_OPERATING_MW,11.27,
8/30/2026 7:15:00 AM,RTD,CLUZ,01CONSOL_G01,G,8/30/2026 7:16:00 AM,8/30/2026 7:20:00 AM,MIN_OPERATING_MW,11.27,
8/30/2026 7:15:00 AM,RTD,CLUZ,01PASBUSOL_G01,G,8/30/2026 7:01:00 AM,8/30/2026 8:00:00 AM,MAX_OPERATING_MW,14.15,
8/30/2026 7:15:00 AM,RTD,CLUZ,01PASBUSOL_G01,G,8/30/2026 7:01:00 AM,8/30/2026 8:00:00 AM,MIN_OPERATING_MW,14.15,
8/30/2026 7:15:00 AM,RTD,CLUZ,01TERRASOL_G01,G,8/30/2026 5:56:00 AM,8/30/2026 9:00:00 AM,MAX_OPERATING_MW,10,
8/30/2026 7:15:00 AM,RTD,CLUZ,01TERRASOL_G01,G,8/30/2026 5:56:00 AM,8/30/2026 9:00:00 AM,MIN_OPERATING_MW,10,
8/30/2026 7:15:00 AM,RTD,CLUZ,03LUNSOL_G01,G,8/30/2026 7:11:00 AM,8/30/2026 7:15:00 AM,MAX_OPERATING_MW,10.56,
8/30/2026 7:15:00 AM,RTD,CLUZ,03LUNSOL_G01,G,8/30/2026 7:11:00 AM,8/30/2026 7:15:00 AM,MIN_OPERATING_MW,10.56,
8/30/2026 7:15:00 AM,RTD,CLUZ,03LUNSOL_G01,G,8/30/2026 7:16:00 AM,8/30/2026 7:20:00 AM,MAX_OPERATING_MW,11.44,
8/30/2026 7:15:00 AM,RTD,CLUZ,03LUNSOL_G01,G,8/30/2026 7:16:00 AM,8/30/2026 7:20:00 AM,MIN_OPERATING_MW,11.44,
8/30/2026 7:15:00 AM,RTD,CLUZ,03TANWIND_G01,G,8/30/2026 7:11:00 AM,8/30/2026 7:15:00 AM,MAX_OPERATING_MW,5.20,
8/30/2026 7:15:00 AM,RTD,CLUZ,03TANWIND_G01,G,8/30/2026 7:11:00 AM,8/30/2026 7:15:00 AM,MIN_OPERATING_MW,5.20,
8/30/2026 7:15:00 AM,RTD,CLUZ,03TANWIND_G01,G,8/30/2026 7:16:00 AM,8/30/2026 7:20:00 AM,MAX_OPERATING_MW,5.20,
8/30/2026 7:15:00 AM,RTD,CLUZ,03TANWIND_G01,G,8/30/2026 7:16:00 AM,8/30/2026 7:20:00 AM,MIN_OPERATING_MW,5.20,
8/30/2026 7:15:00 AM,RTD,CVIS,04ISIDROSOL_G01,G,8/30/2026 7:01:00 AM,8/30/2026 8:00:00 AM,MAX_OPERATING_MW,31,
8/30/2026 7:15:00 AM,RTD,CVIS,04ISIDROSOL_G01,G,8/30/2026 7:01:00 AM,8/30/2026 8:00:00 AM,MIN_OPERATING_MW,31,
8/30/2026 7:15:00 AM,RTD,CVIS,08AJUYSOL_G01,G,8/30/2026 7:01:00 AM,8/30/2026 8:00:00 AM,MAX_OPERATING_MW,6.60,
8/30/2026 7:15:00 AM,RTD,CVIS,08AJUYSOL_G01,G,8/30/2026 7:01:00 AM,8/30/2026 8:00:00 AM,MIN_OPERATING_MW,6.60,
8/30/2026 7:15:00 AM,RTD,CVIS,08AJUYSOL_G02,G,8/30/2026 7:01:00 AM,8/30/2026 8:00:00 AM,MAX_OPERATING_MW,3.40,
8/30/2026 7:15:00 AM,RTD,CVIS,08AJUYSOL_G02,G,8/30/2026 7:01:00 AM,8/30/2026 8:00:00 AM,MIN_OPERATING_MW,3.40,
8/30/2026 7:15:00 AM,RTD,CMIN,10LIAN_G02,G,8/30/2026 12:05:00 AM,8/30/2026 11:59:00 PM,MAX_OPERATING_MW,6.60,
8/30/2026 7:15:00 AM,RTD,CMIN,10LIAN_G02,G,8/30/2026 12:05:00 AM,8/30/2026 11:59:00 PM,MIN_OPERATING_MW,6.60,
8/30/2026 7:15:00 AM,RTD,CMIN,14TANTASOL_G01,G,8/30/2026 7:01:00 AM,8/30/2026 8:00:00 AM,MAX_OPERATING_MW,30,
8/30/2026 7:15:00 AM,RTD,CMIN,14TANTASOL_G01,G,8/30/2026 7:01:00 AM,8/30/2026 8:00:00 AM,MIN_OPERATING_MW,30,
8/30/2026 7:20:00 AM,RTD,CLUZ,01BARBASOL_G01,G,8/30/2026 7:16:00 AM,8/30/2026 7:20:00 AM,MAX_OPERATING_MW,8.26,
8/30/2026 7:20:00 AM,RTD,CLUZ,01BARBASOL_G01,G,8/30/2026 7:16:00 AM,8/30/2026 7:20:00 AM,MIN_OPERATING_MW,8.26,
8/30/2026 7:20:00 AM,RTD,CLUZ,01BARBASOL_G01,G,8/30/2026 7:21:00 AM,8/30/2026 7:25:00 AM,MAX_OPERATING_MW,8.94,
8/30/2026 7:20:00 AM,RTD,CLUZ,01BARBASOL_G01,G,8/30/2026 7:21:00 AM,8/30/2026 7:25:00 AM,MIN_OPERATING_MW,8.94,
8/30/2026 7:20:00 AM,RTD,CLUZ,01BUGSOL_G01,G,8/30/2026 7:16:00 AM,8/30/2026 7:20:00 AM,MAX_OPERATING_MW,6,
8/30/2026 7:20:00 AM,RTD,CLUZ,01BUGSOL_G01,G,8/30/2026 7:16:00 AM,8/30/2026 7:20:00 AM,MIN_OPERATING_MW,6,
8/30/2026 7:20:00 AM,RTD,CLUZ,01BUGSOL_G01,G,8/30/2026 7:21:00 AM,8/30/2026 7:25:00 AM,MAX_OPERATING_MW,4.50,
8/30/2026 7:20:00 AM,RTD,CLUZ,01BUGSOL_G01,G,8/30/2026 7:21:00 AM,8/30/2026 7:25:00 AM,MIN_OPERATING_MW,4.50,
8/30/2026 7:20:00 AM,RTD,CLUZ,01BULACSOL_G01,G,8/30/2026 7:01:00 AM,8/30/2026 8:00:00 AM,MAX_OPERATING_MW,4.58,
8/30/2026 7:20:00 AM,RTD,CLUZ,01BULACSOL_G01,G,8/30/2026 7:01:00 AM,8/30/2026 8:00:00 AM,MIN_OPERATING_MW,4.58,
8/30/2026 7:20:00 AM,RTD,CLUZ,01CONSOL_G01,G,8/30/2026 7:16:00 AM,8/30/2026 7:20:00 AM,MAX_OPERATING_MW,11.27,
8/30/2026 7:20:00 AM,RTD,CLUZ,01CONSOL_G01,G,8/30/2026 7:16:00 AM,8/30/2026 7:20:00 AM,MIN_OPERATING_MW,11.27,
8/30/2026 7:20:00 AM,RTD,CLUZ,01CONSOL_G01,G,8/30/2026 7:21:00 AM,8/30/2026 7:25:00 AM,MAX_OPERATING_MW,12.77,
8/30/2026 7:20:00 AM,RTD,CLUZ,01CONSOL_G01,G,8/30/2026 7:21:00 AM,8/30/2026 7:25:00 AM,MIN_OPERATING_MW,12.77,
8/30/2026 7:20:00 AM,RTD,CLUZ,01PASBUSOL_G01,G,8/30/2026 7:01:00 AM,8/30/2026 8:00:00 AM,MAX_OPERATING_MW,14.15,
8/30/2026 7:20:00 AM,RTD,CLUZ,01PASBUSOL_G01,G,8/30/2026 7:01:00 AM,8/30/2026 8:00:00 AM,MIN_OPERATING_MW,14.15,
8/30/2026 7:20:00 AM,RTD,CLUZ,01TERRASOL_G01,G,8/30/2026 5:56:00 AM,8/30/2026 9:00:00 AM,MAX_OPERATING_MW,10,
8/30/2026 7:20:00 AM,RTD,CLUZ,01TERRASOL_G01,G,8/30/2026 5:56:00 AM,8/30/2026 9:00:00 AM,MIN_OPERATING_MW,10,
8/30/2026 7:20:00 AM,RTD,CLUZ,03LUNSOL_G01,G,8/30/2026 7:16:00 AM,8/30/2026 7:20:00 AM,MAX_OPERATING_MW,11.44,
8/30/2026 7:20:00 AM,RTD,CLUZ,03LUNSOL_G01,G,8/30/2026 7:16:00 AM,8/30/2026 7:20:00 AM,MIN_OPERATING_MW,11.44,
8/30/2026 7:20:00 AM,RTD,CLUZ,03LUNSOL_G01,G,8/30/2026 7:21:00 AM,8/30/2026 7:25:00 AM,MAX_OPERATING_MW,12.35,
8/30/2026 7:20:00 AM,RTD,CLUZ,03LUNSOL_G01,G,8/30/2026 7:21:00 AM,8/30/2026 7:25:00 AM,MIN_OPERATING_MW,12.35,
8/30/2026 7:20:00 AM,RTD,CLUZ,03TANWIND_G01,G,8/30/2026 7:16:00 AM,8/30/2026 7:20:00 AM,MAX_OPERATING_MW,5.20,
8/30/2026 7:20:00 AM,RTD,CLUZ,03TANWIND_G01,G,8/30/2026 7:16:00 AM,8/30/2026 7:20:00 AM,MIN_OPERATING_MW,5.20,
8/30/2026 7:20:00 AM,RTD,CLUZ,03TANWIND_G01,G,8/30/2026 7:21:00 AM,8/30/2026 7:25:00 AM,MAX_OPERATING_MW,5.20,
8/30/2026 7:20:00 AM,RTD,CLUZ,03TANWIND_G01,G,8/30/2026 7:21:00 AM,8/30/2026 7:25:00 AM,MIN_OPERATING_MW,5.20,
8/30/2026 7:20:00 AM,RTD,CVIS,04ISIDROSOL_G01,G,8/30/2026 7:01:00 AM,8/30/2026 8:00:00 AM,MAX_OPERATING_MW,31,
8/30/2026 7:20:00 AM,RTD,CVIS,04ISIDROSOL_G01,G,8/30/2026 7:01:00 AM,8/30/2026 8:00:00 AM,MIN_OPERATING_MW,31,
8/30/2026 7:20:00 AM,RTD,CVIS,08AJUYSOL_G01,G,8/30/2026 7:01:00 AM,8/30/2026 8:00:00 AM,MAX_OPERATING_MW,6.60,
8/30/2026 7:20:00 AM,RTD,CVIS,08AJUYSOL_G01,G,8/30/2026 7:01:00 AM,8/30/2026 8:00:00 AM,MIN_OPERATING_MW,6.60,
8/30/2026 7:20:00 AM,RTD,CVIS,08AJUYSOL_G02,G,8/30/2026 7:01:00 AM,8/30/2026 8:00:00 AM,MAX_OPERATING_MW,3.40,
8/30/2026 7:20:00 AM,RTD,CVIS,08AJUYSOL_G02,G,8/30/2026 7:01:00 AM,8/30/2026 8:00:00 AM,MIN_OPERATING_MW,3.40,
8/30/2026 7:20:00 AM,RTD,CMIN,10LIAN_G02,G,8/30/2026 12:05:00 AM,8/30/2026 11:59:00 PM,MAX_OPERATING_MW,6.60,
8/30/2026 7:20:00 AM,RTD,CMIN,10LIAN_G02,G,8/30/2026 12:05:00 AM,8/30/2026 11:59:00 PM,MIN_OPERATING_MW,6.60,
8/30/2026 7:20:00 AM,RTD,CMIN,14TANTASOL_G01,G,8/30/2026 7:01:00 AM,8/30/2026 8:00:00 AM,MAX_OPERATING_MW,30,
8/30/2026 7:20:00 AM,RTD,CMIN,14TANTASOL_G01,G,8/30/2026 7:01:00 AM,8/30/2026 8:00:00 AM,MIN_OPERATING_MW,30,
8/30/2026 7:25:00 AM,RTD,CLUZ,01BARBASOL_G01,G,8/30/2026 7:21:00 AM,8/30/2026 7:25:00 AM,MAX_OPERATING_MW,8.94,
8/30/2026 7:25:00 AM,RTD,CLUZ,01BARBASOL_G01,G,8/30/2026 7:21:00 AM,8/30/2026 7:25:00 AM,MIN_OPERATING_MW,8.94,
8/30/2026 7:25:00 AM,RTD,CLUZ,01BARBASOL_G01,G,8/30/2026 7:26:00 AM,8/30/2026 7:30:00 AM,MAX_OPERATING_MW,9.64,
8/30/2026 7:25:00 AM,RTD,CLUZ,01BARBASOL_G01,G,8/30/2026 7:26:00 AM,8/30/2026 7:30:00 AM,MIN_OPERATING_MW,9.64,
8/30/2026 7:25:00 AM,RTD,CLUZ,01BUGSOL_G01,G,8/30/2026 7:21:00 AM,8/30/2026 7:25:00 AM,MAX_OPERATING_MW,4.50,
8/30/2026 7:25:00 AM,RTD,CLUZ,01BUGSOL_G01,G,8/30/2026 7:21:00 AM,8/30/2026 7:25:00 AM,MIN_OPERATING_MW,4.50,
8/30/2026 7:25:00 AM,RTD,CLUZ,01BUGSOL_G01,G,8/30/2026 7:26:00 AM,8/30/2026 7:30:00 AM,MAX_OPERATING_MW,5.10,
8/30/2026 7:25:00 AM,RTD,CLUZ,01BUGSOL_G01,G,8/30/2026 7:26:00 AM,8/30/2026 7:30:00 AM,MIN_OPERATING_MW,5.10,
8/30/2026 7:25:00 AM,RTD,CLUZ,01BULACSOL_G01,G,8/30/2026 7:01:00 AM,8/30/2026 8:00:00 AM,MAX_OPERATING_MW,4.58,
8/30/2026 7:25:00 AM,RTD,CLUZ,01BULACSOL_G01,G,8/30/2026 7:01:00 AM,8/30/2026 8:00:00 AM,MIN_OPERATING_MW,4.58,
8/30/2026 7:25:00 AM,RTD,CLUZ,01CONSOL_G01,G,8/30/2026 7:21:00 AM,8/30/2026 7:25:00 AM,MAX_OPERATING_MW,12.77,
8/30/2026 7:25:00 AM,RTD,CLUZ,01CONSOL_G01,G,8/30/2026 7:21:00 AM,8/30/2026 7:25:00 AM,MIN_OPERATING_MW,12.77,
8/30/2026 7:25:00 AM,RTD,CLUZ,01CONSOL_G01,G,8/30/2026 7:26:00 AM,8/30/2026 7:30:00 AM,MAX_OPERATING_MW,14.37,
8/30/2026 7:25:00 AM,RTD,CLUZ,01CONSOL_G01,G,8/30/2026 7:26:00 AM,8/30/2026 7:30:00 AM,MIN_OPERATING_MW,14.37,
8/30/2026 7:25:00 AM,RTD,CLUZ,01PASBUSOL_G01,G,8/30/2026 7:01:00 AM,8/30/2026 8:00:00 AM,MAX_OPERATING_MW,14.15,
8/30/2026 7:25:00 AM,RTD,CLUZ,01PASBUSOL_G01,G,8/30/2026 7:01:00 AM,8/30/2026 8:00:00 AM,MIN_OPERATING_MW,14.15,
8/30/2026 7:25:00 AM,RTD,CLUZ,01TERRASOL_G01,G,8/30/2026 5:56:00 AM,8/30/2026 9:00:00 AM,MAX_OPERATING_MW,10,
8/30/2026 7:25:00 AM,RTD,CLUZ,01TERRASOL_G01,G,8/30/2026 5:56:00 AM,8/30/2026 9:00:00 AM,MIN_OPERATING_MW,10,
8/30/2026 7:25:00 AM,RTD,CLUZ,03LUNSOL_G01,G,8/30/2026 7:21:00 AM,8/30/2026 7:25:00 AM,MAX_OPERATING_MW,12.35,
8/30/2026 7:25:00 AM,RTD,CLUZ,03LUNSOL_G01,G,8/30/2026 7:21:00 AM,8/30/2026 7:25:00 AM,MIN_OPERATING_MW,12.35,
8/30/2026 7:25:00 AM,RTD,CLUZ,03LUNSOL_G01,G,8/30/2026 7:26:00 AM,8/30/2026 7:30:00 AM,MAX_OPERATING_MW,13.26,
8/30/2026 7:25:00 AM,RTD,CLUZ,03LUNSOL_G01,G,8/30/2026 7:26:00 AM,8/30/2026 7:30:00 AM,MIN_OPERATING_MW,13.26,
8/30/2026 7:25:00 AM,RTD,CLUZ,03TANWIND_G01,G,8/30/2026 7:21:00 AM,8/30/2026 7:25:00 AM,MAX_OPERATING_MW,5.20,
8/30/2026 7:25:00 AM,RTD,CLUZ,03TANWIND_G01,G,8/30/2026 7:21:00 AM,8/30/2026 7:25:00 AM,MIN_OPERATING_MW,5.20,
8/30/2026 7:25:00 AM,RTD,CLUZ,03TANWIND_G01,G,8/30/2026 7:26:00 AM,8/30/2026 7:30:00 AM,MAX_OPERATING_MW,5.20,
8/30/2026 7:25:00 AM,RTD,CLUZ,03TANWIND_G01,G,8/30/2026 7:26:00 AM,8/30/2026 7:30:00 AM,MIN_OPERATING_MW,5.20,
8/30/2026 7:25:00 AM,RTD,CVIS,04ISIDROSOL_G01,G,8/30/2026 7:01:00 AM,8/30/2026 8:00:00 AM,MAX_OPERATING_MW,31,
8/30/2026 7:25:00 AM,RTD,CVIS,04ISIDROSOL_G01,G,8/30/2026 7:01:00 AM,8/30/2026 8:00:00 AM,MIN_OPERATING_MW,31,
8/30/2026 7:25:00 AM,RTD,CVIS,08AJUYSOL_G01,G,8/30/2026 7:01:00 AM,8/30/2026 8:00:00 AM,MAX_OPERATING_MW,6.60,
8/30/2026 7:25:00 AM,RTD,CVIS,08AJUYSOL_G01,G,8/30/2026 7:01:00 AM,8/30/2026 8:00:00 AM,MIN_OPERATING_MW,6.60,
8/30/2026 7:25:00 AM,RTD,CVIS,08AJUYSOL_G02,G,8/30/2026 7:01:00 AM,8/30/2026 8:00:00 AM,MAX_OPERATING_MW,3.40,
8/30/2026 7:25:00 AM,RTD,CVIS,08AJUYSOL_G02,G,8/30/2026 7:01:00 AM,8/30/2026 8:00:00 AM,MIN_OPERATING_MW,3.40,
8/30/2026 7:25:00 AM,RTD,CMIN,10LIAN_G02,G,8/30/2026 12:05:00 AM,8/30/2026 11:59:00 PM,MAX_OPERATING_MW,6.60,
8/30/2026 7:25:00 AM,RTD,CMIN,10LIAN_G02,G,8/30/2026 12:05:00 AM,8/30/2026 11:59:00 PM,MIN_OPERATING_MW,6.60,
8/30/2026 7:25:00 AM,RTD,CMIN,14TANTASOL_G01,G,8/30/2026 7:01:00 AM,8/30/2026 8:00:00 AM,MAX_OPERATING_MW,30,
8/30/2026 7:25:00 AM,RTD,CMIN,14TANTASOL_G01,G,8/30/2026 7:01:00 AM,8/30/2026 8:00:00 AM,MIN_OPERATING_MW,30,
8/30/2026 7:30:00 AM,RTD,CLUZ,01BARBASOL_G01,G,8/30/2026 7:26:00 AM,8/30/2026 7:30:00 AM,MAX_OPERATING_MW,9.64,
8/30/2026 7:30:00 AM,RTD,CLUZ,01BARBASOL_G01,G,8/30/2026 7:26:00 AM,8/30/2026 7:30:00 AM,MIN_OPERATING_MW,9.64,
8/30/2026 7:30:00 AM,RTD,CLUZ,01BARBASOL_G01,G,8/30/2026 7:31:00 AM,8/30/2026 7:35:00 AM,MAX_OPERATING_MW,10.37,
8/30/2026 7:30:00 AM,RTD,CLUZ,01BARBASOL_G01,G,8/30/2026 7:31:00 AM,8/30/2026 7:35:00 AM,MIN_OPERATING_MW,10.37,
8/30/2026 7:30:00 AM,RTD,CLUZ,01BUGSOL_G01,G,8/30/2026 7:26:00 AM,8/30/2026 7:30:00 AM,MAX_OPERATING_MW,5.10,
8/30/2026 7:30:00 AM,RTD,CLUZ,01BUGSOL_G01,G,8/30/2026 7:26:00 AM,8/30/2026 7:30:00 AM,MIN_OPERATING_MW,5.10,
8/30/2026 7:30:00 AM,RTD,CLUZ,01BUGSOL_G01,G,8/30/2026 7:31:00 AM,8/30/2026 7:35:00 AM,MAX_OPERATING_MW,6.60,
8/30/2026 7:30:00 AM,RTD,CLUZ,01BUGSOL_G01,G,8/30/2026 7:31:00 AM,8/30/2026 7:35:00 AM,MIN_OPERATING_MW,6.60,
8/30/2026 7:30:00 AM,RTD,CLUZ,01BULACSOL_G01,G,8/30/2026 7:01:00 AM,8/30/2026 8:00:00 AM,MAX_OPERATING_MW,4.58,
8/30/2026 7:30:00 AM,RTD,CLUZ,01BULACSOL_G01,G,8/30/2026 7:01:00 AM,8/30/2026 8:00:00 AM,MIN_OPERATING_MW,4.58,
8/30/2026 7:30:00 AM,RTD,CLUZ,01CONSOL_G01,G,8/30/2026 7:26:00 AM,8/30/2026 7:30:00 AM,MAX_OPERATING_MW,14.37,
8/30/2026 7:30:00 AM,RTD,CLUZ,01CONSOL_G01,G,8/30/2026 7:26:00 AM,8/30/2026 7:30:00 AM,MIN_OPERATING_MW,14.37,
8/30/2026 7:30:00 AM,RTD,CLUZ,01CONSOL_G01,G,8/30/2026 7:31:00 AM,8/30/2026 7:35:00 AM,MAX_OPERATING_MW,16.06,
8/30/2026 7:30:00 AM,RTD,CLUZ,01CONSOL_G01,G,8/30/2026 7:31:00 AM,8/30/2026 7:35:00 AM,MIN_OPERATING_MW,16.06,
8/30/2026 7:30:00 AM,RTD,CLUZ,01PASBUSOL_G01,G,8/30/2026 7:01:00 AM,8/30/2026 8:00:00 AM,MAX_OPERATING_MW,14.15,
8/30/2026 7:30:00 AM,RTD,CLUZ,01PASBUSOL_G01,G,8/30/2026 7:01:00 AM,8/30/2026 8:00:00 AM,MIN_OPERATING_MW,14.15,
8/30/2026 7:30:00 AM,RTD,CLUZ,01TERRASOL_G01,G,8/30/2026 5:56:00 AM,8/30/2026 9:00:00 AM,MAX_OPERATING_MW,10,
8/30/2026 7:30:00 AM,RTD,CLUZ,01TERRASOL_G01,G,8/30/2026 5:56:00 AM,8/30/2026 9:00:00 AM,MIN_OPERATING_MW,10,
8/30/2026 7:30:00 AM,RTD,CLUZ,03LUNSOL_G01,G,8/30/2026 7:26:00 AM,8/30/2026 7:30:00 AM,MAX_OPERATING_MW,13.26,
8/30/2026 7:30:00 AM,RTD,CLUZ,03LUNSOL_G01,G,8/30/2026 7:26:00 AM,8/30/2026 7:30:00 AM,MIN_OPERATING_MW,13.26,
8/30/2026 7:30:00 AM,RTD,CLUZ,03LUNSOL_G01,G,8/30/2026 7:31:00 AM,8/30/2026 7:35:00 AM,MAX_OPERATING_MW,14.18,
8/30/2026 7:30:00 AM,RTD,CLUZ,03LUNSOL_G01,G,8/30/2026 7:31:00 AM,8/30/2026 7:35:00 AM,MIN_OPERATING_MW,14.18,
8/30/2026 7:30:00 AM,RTD,CLUZ,03TANWIND_G01,G,8/30/2026 7:26:00 AM,8/30/2026 7:30:00 AM,MAX_OPERATING_MW,5.20,
8/30/2026 7:30:00 AM,RTD,CLUZ,03TANWIND_G01,G,8/30/2026 7:26:00 AM,8/30/2026 7:30:00 AM,MIN_OPERATING_MW,5.20,
8/30/2026 7:30:00 AM,RTD,CLUZ,03TANWIND_G01,G,8/30/2026 7:31:00 AM,8/30/2026 7:35:00 AM,MAX_OPERATING_MW,5.20,
8/30/2026 7:30:00 AM,RTD,CLUZ,03TANWIND_G01,G,8/30/2026 7:31:00 AM,8/30/2026 7:35:00 AM,MIN_OPERATING_MW,5.20,
8/30/2026 7:30:00 AM,RTD,CVIS,04ISIDROSOL_G01,G,8/30/2026 7:01:00 AM,8/30/2026 8:00:00 AM,MAX_OPERATING_MW,31,
8/30/2026 7:30:00 AM,RTD,CVIS,04ISIDROSOL_G01,G,8/30/2026 7:01:00 AM,8/30/2026 8:00:00 AM,MIN_OPERATING_MW,31,
8/30/2026 7:30:00 AM,RTD,CVIS,08AJUYSOL_G01,G,8/30/2026 7:01:00 AM,8/30/2026 8:00:00 AM,MAX_OPERATING_MW,6.60,
8/30/2026 7:30:00 AM,RTD,CVIS,08AJUYSOL_G01,G,8/30/2026 7:01:00 AM,8/30/2026 8:00:00 AM,MIN_OPERATING_MW,6.60,
8/30/2026 7:30:00 AM,RTD,CVIS,08AJUYSOL_G02,G,8/30/2026 7:01:00 AM,8/30/2026 8:00:00 AM,MAX_OPERATING_MW,3.40,
8/30/2026 7:30:00 AM,RTD,CVIS,08AJUYSOL_G02,G,8/30/2026 7:01:00 AM,8/30/2026 8:00:00 AM,MIN_OPERATING_MW,3.40,
8/30/2026 7:30:00 AM,RTD,CMIN,10LIAN_G02,G,8/30/2026 12:05:00 AM,8/30/2026 11:59:00 PM,MAX_OPERATING_MW,6.60,
8/30/2026 7:30:00 AM,RTD,CMIN,10LIAN_G02,G,8/30/2026 12:05:00 AM,8/30/2026 11:59:00 PM,MIN_OPERATING_MW,6.60,
8/30/2026 7:30:00 AM,RTD,CMIN,14TANTASOL_G01,G,8/30/2026 7:01:00 AM,8/30/2026 8:00:00 AM,MAX_OPERATING_MW,30,
8/30/2026 7:30:00 AM,RTD,CMIN,14TANTASOL_G01,G,8/30/2026 7:01:00 AM,8/30/2026 8:00:00 AM,MIN_OPERATING_MW,30,
8/30/2026 7:35:00 AM,RTD,CLUZ,01BARBASOL_G01,G,8/30/2026 7:31:00 AM,8/30/2026 7:35:00 AM,MAX_OPERATING_MW,10.37,
8/30/2026 7:35:00 AM,RTD,CLUZ,01BARBASOL_G01,G,8/30/2026 7:31:00 AM,8/30/2026 7:35:00 AM,MIN_OPERATING_MW,10.37,
8/30/2026 7:35:00 AM,RTD,CLUZ,01BARBASOL_G01,G,8/30/2026 7:36:00 AM,8/30/2026 7:40:00 AM,MAX_OPERATING_MW,11.12,
8/30/2026 7:35:00 AM,RTD,CLUZ,01BARBASOL_G01,G,8/30/2026 7:36:00 AM,8/30/2026 7:40:00 AM,MIN_OPERATING_MW,11.12,
8/30/2026 7:35:00 AM,RTD,CLUZ,01BUGSOL_G01,G,8/30/2026 7:31:00 AM,8/30/2026 7:35:00 AM,MAX_OPERATING_MW,6.60,
8/30/2026 7:35:00 AM,RTD,CLUZ,01BUGSOL_G01,G,8/30/2026 7:31:00 AM,8/30/2026 7:35:00 AM,MIN_OPERATING_MW,6.60,
8/30/2026 7:35:00 AM,RTD,CLUZ,01BUGSOL_G01,G,8/30/2026 7:36:00 AM,8/30/2026 7:40:00 AM,MAX_OPERATING_MW,10.20,
8/30/2026 7:35:00 AM,RTD,CLUZ,01BUGSOL_G01,G,8/30/2026 7:36:00 AM,8/30/2026 7:40:00 AM,MIN_OPERATING_MW,10.20,
8/30/2026 7:35:00 AM,RTD,CLUZ,01BULACSOL_G01,G,8/30/2026 7:01:00 AM,8/30/2026 8:00:00 AM,MAX_OPERATING_MW,4.58,
8/30/2026 7:35:00 AM,RTD,CLUZ,01BULACSOL_G01,G,8/30/2026 7:01:00 AM,8/30/2026 8:00:00 AM,MIN_OPERATING_MW,4.58,
8/30/2026 7:35:00 AM,RTD,CLUZ,01CONSOL_G01,G,8/30/2026 7:31:00 AM,8/30/2026 7:35:00 AM,MAX_OPERATING_MW,16.06,
8/30/2026 7:35:00 AM,RTD,CLUZ,01CONSOL_G01,G,8/30/2026 7:31:00 AM,8/30/2026 7:35:00 AM,MIN_OPERATING_MW,16.06,
8/30/2026 7:35:00 AM,RTD,CLUZ,01CONSOL_G01,G,8/30/2026 7:36:00 AM,8/30/2026 7:40:00 AM,MAX_OPERATING_MW,17.37,
8/30/2026 7:35:00 AM,RTD,CLUZ,01CONSOL_G01,G,8/30/2026 7:36:00 AM,8/30/2026 7:40:00 AM,MIN_OPERATING_MW,17.37,
8/30/2026 7:35:00 AM,RTD,CLUZ,01PASBUSOL_G01,G,8/30/2026 7:01:00 AM,8/30/2026 8:00:00 AM,MAX_OPERATING_MW,14.15,
8/30/2026 7:35:00 AM,RTD,CLUZ,01PASBUSOL_G01,G,8/30/2026 7:01:00 AM,8/30/2026 8:00:00 AM,MIN_OPERATING_MW,14.15,
8/30/2026 7:35:00 AM,RTD,CLUZ,01TERRASOL_G01,G,8/30/2026 5:56:00 AM,8/30/2026 9:00:00 AM,MAX_OPERATING_MW,10,
8/30/2026 7:35:00 AM,RTD,CLUZ,01TERRASOL_G01,G,8/30/2026 5:56:00 AM,8/30/2026 9:00:00 AM,MIN_OPERATING_MW,10,
8/30/2026 7:35:00 AM,RTD,CLUZ,03LUNSOL_G01,G,8/30/2026 7:31:00 AM,8/30/2026 7:35:00 AM,MAX_OPERATING_MW,14.18,
8/30/2026 7:35:00 AM,RTD,CLUZ,03LUNSOL_G01,G,8/30/2026 7:31:00 AM,8/30/2026 7:35:00 AM,MIN_OPERATING_MW,14.18,
8/30/2026 7:35:00 AM,RTD,CLUZ,03LUNSOL_G01,G,8/30/2026 7:36:00 AM,8/30/2026 7:40:00 AM,MAX_OPERATING_MW,15.09,
8/30/2026 7:35:00 AM,RTD,CLUZ,03LUNSOL_G01,G,8/30/2026 7:36:00 AM,8/30/2026 7:40:00 AM,MIN_OPERATING_MW,15.09,
8/30/2026 7:35:00 AM,RTD,CLUZ,03TANWIND_G01,G,8/30/2026 7:31:00 AM,8/30/2026 7:35:00 AM,MAX_OPERATING_MW,5.20,
8/30/2026 7:35:00 AM,RTD,CLUZ,03TANWIND_G01,G,8/30/2026 7:31:00 AM,8/30/2026 7:35:00 AM,MIN_OPERATING_MW,5.20,
8/30/2026 7:35:00 AM,RTD,CLUZ,03TANWIND_G01,G,8/30/2026 7:36:00 AM,8/30/2026 7:40:00 AM,MAX_OPERATING_MW,5.20,
8/30/2026 7:35:00 AM,RTD,CLUZ,03TANWIND_G01,G,8/30/2026 7:36:00 AM,8/30/2026 7:40:00 AM,MIN_OPERATING_MW,5.20,
8/30/2026 7:35:00 AM,RTD,CVIS,04ISIDROSOL_G01,G,8/30/2026 7:01:00 AM,8/30/2026 8:00:00 AM,MAX_OPERATING_MW,31,
8/30/2026 7:35:00 AM,RTD,CVIS,04ISIDROSOL_G01,G,8/30/2026 7:01:00 AM,8/30/2026 8:00:00 AM,MIN_OPERATING_MW,31,
8/30/2026 7:35:00 AM,RTD,CVIS,08AJUYSOL_G01,G,8/30/2026 7:01:00 AM,8/30/2026 8:00:00 AM,MAX_OPERATING_MW,6.60,
8/30/2026 7:35:00 AM,RTD,CVIS,08AJUYSOL_G01,G,8/30/2026 7:01:00 AM,8/30/2026 8:00:00 AM,MIN_OPERATING_MW,6.60,
8/30/2026 7:35:00 AM,RTD,CVIS,08AJUYSOL_G02,G,8/30/2026 7:01:00 AM,8/30/2026 8:00:00 AM,MAX_OPERATING_MW,3.40,
8/30/2026 7:35:00 AM,RTD,CVIS,08AJUYSOL_G02,G,8/30/2026 7:01:00 AM,8/30/2026 8:00:00 AM,MIN_OPERATING_MW,3.40,
8/30/2026 7:35:00 AM,RTD,CMIN,10LIAN_G02,G,8/30/2026 12:05:00 AM,8/30/2026 11:59:00 PM,MAX_OPERATING_MW,6.60,
8/30/2026 7:35:00 AM,RTD,CMIN,10LIAN_G02,G,8/30/2026 12:05:00 AM,8/30/2026 11:59:00 PM,MIN_OPERATING_MW,6.60,
8/30/2026 7:35:00 AM,RTD,CMIN,14TANTASOL_G01,G,8/30/2026 7:01:00 AM,8/30/2026 8:00:00 AM,MAX_OPERATING_MW,30,
8/30/2026 7:35:00 AM,RTD,CMIN,14TANTASOL_G01,G,8/30/2026 7:01:00 AM,8/30/2026 8:00:00 AM,MIN_OPERATING_MW,30,
8/30/2026 7:40:00 AM,RTD,CLUZ,01BARBASOL_G01,G,8/30/2026 7:36:00 AM,8/30/2026 7:40:00 AM,MAX_OPERATING_MW,11.12,
8/30/2026 7:40:00 AM,RTD,CLUZ,01BARBASOL_G01,G,8/30/2026 7:36:00 AM,8/30/2026 7:40:00 AM,MIN_OPERATING_MW,11.12,
8/30/2026 7:40:00 AM,RTD,CLUZ,01BARBASOL_G01,G,8/30/2026 7:41:00 AM,8/30/2026 7:45:00 AM,MAX_OPERATING_MW,11.91,
8/30/2026 7:40:00 AM,RTD,CLUZ,01BARBASOL_G01,G,8/30/2026 7:41:00 AM,8/30/2026 7:45:00 AM,MIN_OPERATING_MW,11.91,
8/30/2026 7:40:00 AM,RTD,CLUZ,01BUGSOL_G01,G,8/30/2026 7:36:00 AM,8/30/2026 7:40:00 AM,MAX_OPERATING_MW,10.20,
8/30/2026 7:40:00 AM,RTD,CLUZ,01BUGSOL_G01,G,8/30/2026 7:36:00 AM,8/30/2026 7:40:00 AM,MIN_OPERATING_MW,10.20,
8/30/2026 7:40:00 AM,RTD,CLUZ,01BUGSOL_G01,G,8/30/2026 7:41:00 AM,8/30/2026 7:45:00 AM,MAX_OPERATING_MW,9.90,
8/30/2026 7:40:00 AM,RTD,CLUZ,01BUGSOL_G01,G,8/30/2026 7:41:00 AM,8/30/2026 7:45:00 AM,MIN_OPERATING_MW,9.90,
8/30/2026 7:40:00 AM,RTD,CLUZ,01BULACSOL_G01,G,8/30/2026 7:01:00 AM,8/30/2026 8:00:00 AM,MAX_OPERATING_MW,4.58,
8/30/2026 7:40:00 AM,RTD,CLUZ,01BULACSOL_G01,G,8/30/2026 7:01:00 AM,8/30/2026 8:00:00 AM,MIN_OPERATING_MW,4.58,
8/30/2026 7:40:00 AM,RTD,CLUZ,01CONSOL_G01,G,8/30/2026 7:36:00 AM,8/30/2026 7:40:00 AM,MAX_OPERATING_MW,17.37,
8/30/2026 7:40:00 AM,RTD,CLUZ,01CONSOL_G01,G,8/30/2026 7:36:00 AM,8/30/2026 7:40:00 AM,MIN_OPERATING_MW,17.37,
8/30/2026 7:40:00 AM,RTD,CLUZ,01CONSOL_G01,G,8/30/2026 7:41:00 AM,8/30/2026 7:45:00 AM,MAX_OPERATING_MW,18.72,
8/30/2026 7:40:00 AM,RTD,CLUZ,01CONSOL_G01,G,8/30/2026 7:41:00 AM,8/30/2026 7:45:00 AM,MIN_OPERATING_MW,18.72,
8/30/2026 7:40:00 AM,RTD,CLUZ,01PASBUSOL_G01,G,8/30/2026 7:01:00 AM,8/30/2026 8:00:00 AM,MAX_OPERATING_MW,14.15,
8/30/2026 7:40:00 AM,RTD,CLUZ,01PASBUSOL_G01,G,8/30/2026 7:01:00 AM,8/30/2026 8:00:00 AM,MIN_OPERATING_MW,14.15,
8/30/2026 7:40:00 AM,RTD,CLUZ,01TERRASOL_G01,G,8/30/2026 5:56:00 AM,8/30/2026 9:00:00 AM,MAX_OPERATING_MW,10,
8/30/2026 7:40:00 AM,RTD,CLUZ,01TERRASOL_G01,G,8/30/2026 5:56:00 AM,8/30/2026 9:00:00 AM,MIN_OPERATING_MW,10,
8/30/2026 7:40:00 AM,RTD,CLUZ,03LUNSOL_G01,G,8/30/2026 7:36:00 AM,8/30/2026 7:40:00 AM,MAX_OPERATING_MW,15.09,
8/30/2026 7:40:00 AM,RTD,CLUZ,03LUNSOL_G01,G,8/30/2026 7:36:00 AM,8/30/2026 7:40:00 AM,MIN_OPERATING_MW,15.09,
8/30/2026 7:40:00 AM,RTD,CLUZ,03LUNSOL_G01,G,8/30/2026 7:41:00 AM,8/30/2026 7:45:00 AM,MAX_OPERATING_MW,15.98,
8/30/2026 7:40:00 AM,RTD,CLUZ,03LUNSOL_G01,G,8/30/2026 7:41:00 AM,8/30/2026 7:45:00 AM,MIN_OPERATING_MW,15.98,
8/30/2026 7:40:00 AM,RTD,CLUZ,03TANWIND_G01,G,8/30/2026 7:36:00 AM,8/30/2026 7:40:00 AM,MAX_OPERATING_MW,5.20,
8/30/2026 7:40:00 AM,RTD,CLUZ,03TANWIND_G01,G,8/30/2026 7:36:00 AM,8/30/2026 7:40:00 AM,MIN_OPERATING_MW,5.20,
8/30/2026 7:40:00 AM,RTD,CLUZ,03TANWIND_G01,G,8/30/2026 7:41:00 AM,8/30/2026 7:45:00 AM,MAX_OPERATING_MW,5.20,
8/30/2026 7:40:00 AM,RTD,CLUZ,03TANWIND_G01,G,8/30/2026 7:41:00 AM,8/30/2026 7:45:00 AM,MIN_OPERATING_MW,5.20,
8/30/2026 7:40:00 AM,RTD,CVIS,04ISIDROSOL_G01,G,8/30/2026 7:01:00 AM,8/30/2026 8:00:00 AM,MAX_OPERATING_MW,31,
8/30/2026 7:40:00 AM,RTD,CVIS,04ISIDROSOL_G01,G,8/30/2026 7:01:00 AM,8/30/2026 8:00:00 AM,MIN_OPERATING_MW,31,
8/30/2026 7:40:00 AM,RTD,CVIS,08AJUYSOL_G01,G,8/30/2026 7:01:00 AM,8/30/2026 8:00:00 AM,MAX_OPERATING_MW,6.60,
8/30/2026 7:40:00 AM,RTD,CVIS,08AJUYSOL_G01,G,8/30/2026 7:01:00 AM,8/30/2026 8:00:00 AM,MIN_OPERATING_MW,6.60,
8/30/2026 7:40:00 AM,RTD,CVIS,08AJUYSOL_G02,G,8/30/2026 7:01:00 AM,8/30/2026 8:00:00 AM,MAX_OPERATING_MW,3.40,
8/30/2026 7:40:00 AM,RTD,CVIS,08AJUYSOL_G02,G,8/30/2026 7:01:00 AM,8/30/2026 8:00:00 AM,MIN_OPERATING_MW,3.40,
8/30/2026 7:40:00 AM,RTD,CMIN,10LIAN_G02,G,8/30/2026 12:05:00 AM,8/30/2026 11:59:00 PM,MAX_OPERATING_MW,6.60,
8/30/2026 7:40:00 AM,RTD,CMIN,10LIAN_G02,G,8/30/2026 12:05:00 AM,8/30/2026 11:59:00 PM,MIN_OPERATING_MW,6.60,
8/30/2026 7:40:00 AM,RTD,CMIN,14TANTASOL_G01,G,8/30/2026 7:01:00 AM,8/30/2026 8:00:00 AM,MAX_OPERATING_MW,30,
8/30/2026 7:40:00 AM,RTD,CMIN,14TANTASOL_G01,G,8/30/2026 7:01:00 AM,8/30/2026 8:00:00 AM,MIN_OPERATING_MW,30,
8/30/2026 7:45:00 AM,RTD,CLUZ,01BARBASOL_G01,G,8/30/2026 7:41:00 AM,8/30/2026 7:45:00 AM,MAX_OPERATING_MW,11.91,
8/30/2026 7:45:00 AM,RTD,CLUZ,01BARBASOL_G01,G,8/30/2026 7:41:00 AM,8/30/2026 7:45:00 AM,MIN_OPERATING_MW,11.91,
8/30/2026 7:45:00 AM,RTD,CLUZ,01BARBASOL_G01,G,8/30/2026 7:46:00 AM,8/30/2026 7:50:00 AM,MAX_OPERATING_MW,12.74,
8/30/2026 7:45:00 AM,RTD,CLUZ,01BARBASOL_G01,G,8/30/2026 7:46:00 AM,8/30/2026 7:50:00 AM,MIN_OPERATING_MW,12.74,
8/30/2026 7:45:00 AM,RTD,CLUZ,01BUGSOL_G01,G,8/30/2026 7:41:00 AM,8/30/2026 7:45:00 AM,MAX_OPERATING_MW,9.90,
8/30/2026 7:45:00 AM,RTD,CLUZ,01BUGSOL_G01,G,8/30/2026 7:41:00 AM,8/30/2026 7:45:00 AM,MIN_OPERATING_MW,9.90,
8/30/2026 7:45:00 AM,RTD,CLUZ,01BUGSOL_G01,G,8/30/2026 7:46:00 AM,8/30/2026 7:50:00 AM,MAX_OPERATING_MW,10.50,
8/30/2026 7:45:00 AM,RTD,CLUZ,01BUGSOL_G01,G,8/30/2026 7:46:00 AM,8/30/2026 7:50:00 AM,MIN_OPERATING_MW,10.50,
8/30/2026 7:45:00 AM,RTD,CLUZ,01BULACSOL_G01,G,8/30/2026 7:01:00 AM,8/30/2026 8:00:00 AM,MAX_OPERATING_MW,4.58,
8/30/2026 7:45:00 AM,RTD,CLUZ,01BULACSOL_G01,G,8/30/2026 7:01:00 AM,8/30/2026 8:00:00 AM,MIN_OPERATING_MW,4.58,
8/30/2026 7:45:00 AM,RTD,CLUZ,01CONSOL_G01,G,8/30/2026 7:41:00 AM,8/30/2026 7:45:00 AM,MAX_OPERATING_MW,18.72,
8/30/2026 7:45:00 AM,RTD,CLUZ,01CONSOL_G01,G,8/30/2026 7:41:00 AM,8/30/2026 7:45:00 AM,MIN_OPERATING_MW,18.72,
8/30/2026 7:45:00 AM,RTD,CLUZ,01CONSOL_G01,G,8/30/2026 7:46:00 AM,8/30/2026 7:50:00 AM,MAX_OPERATING_MW,20.12,
8/30/2026 7:45:00 AM,RTD,CLUZ,01CONSOL_G01,G,8/30/2026 7:46:00 AM,8/30/2026 7:50:00 AM,MIN_OPERATING_MW,20.12,
8/30/2026 7:45:00 AM,RTD,CLUZ,01PASBUSOL_G01,G,8/30/2026 7:01:00 AM,8/30/2026 8:00:00 AM,MAX_OPERATING_MW,14.15,
8/30/2026 7:45:00 AM,RTD,CLUZ,01PASBUSOL_G01,G,8/30/2026 7:01:00 AM,8/30/2026 8:00:00 AM,MIN_OPERATING_MW,14.15,
8/30/2026 7:45:00 AM,RTD,CLUZ,01TERRASOL_G01,G,8/30/2026 5:56:00 AM,8/30/2026 9:00:00 AM,MAX_OPERATING_MW,10,
8/30/2026 7:45:00 AM,RTD,CLUZ,01TERRASOL_G01,G,8/30/2026 5:56:00 AM,8/30/2026 9:00:00 AM,MIN_OPERATING_MW,10,
8/30/2026 7:45:00 AM,RTD,CLUZ,03LUNSOL_G01,G,8/30/2026 7:41:00 AM,8/30/2026 7:45:00 AM,MAX_OPERATING_MW,15.98,
8/30/2026 7:45:00 AM,RTD,CLUZ,03LUNSOL_G01,G,8/30/2026 7:41:00 AM,8/30/2026 7:45:00 AM,MIN_OPERATING_MW,15.98,
8/30/2026 7:45:00 AM,RTD,CLUZ,03LUNSOL_G01,G,8/30/2026 7:46:00 AM,8/30/2026 7:50:00 AM,MAX_OPERATING_MW,16.85,
8/30/2026 7:45:00 AM,RTD,CLUZ,03LUNSOL_G01,G,8/30/2026 7:46:00 AM,8/30/2026 7:50:00 AM,MIN_OPERATING_MW,16.85,
8/30/2026 7:45:00 AM,RTD,CLUZ,03TANWIND_G01,G,8/30/2026 7:41:00 AM,8/30/2026 7:45:00 AM,MAX_OPERATING_MW,5.20,
8/30/2026 7:45:00 AM,RTD,CLUZ,03TANWIND_G01,G,8/30/2026 7:41:00 AM,8/30/2026 7:45:00 AM,MIN_OPERATING_MW,5.20,
8/30/2026 7:45:00 AM,RTD,CLUZ,03TANWIND_G01,G,8/30/2026 7:46:00 AM,8/30/2026 7:50:00 AM,MAX_OPERATING_MW,5.20,
8/30/2026 7:45:00 AM,RTD,CLUZ,03TANWIND_G01,G,8/30/2026 7:46:00 AM,8/30/2026 7:50:00 AM,MIN_OPERATING_MW,5.20,
8/30/2026 7:45:00 AM,RTD,CVIS,04ISIDROSOL_G01,G,8/30/2026 7:01:00 AM,8/30/2026 8:00:00 AM,MAX_OPERATING_MW,31,
8/30/2026 7:45:00 AM,RTD,CVIS,04ISIDROSOL_G01,G,8/30/2026 7:01:00 AM,8/30/2026 8:00:00 AM,MIN_OPERATING_MW,31,
8/30/2026 7:45:00 AM,RTD,CVIS,08AJUYSOL_G01,G,8/30/2026 7:01:00 AM,8/30/2026 8:00:00 AM,MAX_OPERATING_MW,6.60,
8/30/2026 7:45:00 AM,RTD,CVIS,08AJUYSOL_G01,G,8/30/2026 7:01:00 AM,8/30/2026 8:00:00 AM,MIN_OPERATING_MW,6.60,
8/30/2026 7:45:00 AM,RTD,CVIS,08AJUYSOL_G02,G,8/30/2026 7:01:00 AM,8/30/2026 8:00:00 AM,MAX_OPERATING_MW,3.40,
8/30/2026 7:45:00 AM,RTD,CVIS,08AJUYSOL_G02,G,8/30/2026 7:01:00 AM,8/30/2026 8:00:00 AM,MIN_OPERATING_MW,3.40,
8/30/2026 7:45:00 AM,RTD,CMIN,10LIAN_G02,G,8/30/2026 12:05:00 AM,8/30/2026 11:59:00 PM,MAX_OPERATING_MW,6.60,
8/30/2026 7:45:00 AM,RTD,CMIN,10LIAN_G02,G,8/30/2026 12:05:00 AM,8/30/2026 11:59:00 PM,MIN_OPERATING_MW,6.60,
8/30/2026 7:45:00 AM,RTD,CMIN,14TANTASOL_G01,G,8/30/2026 7:01:00 AM,8/30/2026 8:00:00 AM,MAX_OPERATING_MW,30,
8/30/2026 7:45:00 AM,RTD,CMIN,14TANTASOL_G01,G,8/30/2026 7:01:00 AM,8/30/2026 8:00:00 AM,MIN_OPERATING_MW,30,
8/30/2026 7:50:00 AM,RTD,CLUZ,01BARBASOL_G01,G,8/30/2026 7:46:00 AM,8/30/2026 7:50:00 AM,MAX_OPERATING_MW,12.74,
8/30/2026 7:50:00 AM,RTD,CLUZ,01BARBASOL_G01,G,8/30/2026 7:46:00 AM,8/30/2026 7:50:00 AM,MIN_OPERATING_MW,12.74,
8/30/2026 7:50:00 AM,RTD,CLUZ,01BARBASOL_G01,G,8/30/2026 7:51:00 AM,8/30/2026 7:55:00 AM,MAX_OPERATING_MW,13.60,
8/30/2026 7:50:00 AM,RTD,CLUZ,01BARBASOL_G01,G,8/30/2026 7:51:00 AM,8/30/2026 7:55:00 AM,MIN_OPERATING_MW,13.60,
8/30/2026 7:50:00 AM,RTD,CLUZ,01BUGSOL_G01,G,8/30/2026 7:46:00 AM,8/30/2026 7:50:00 AM,MAX_OPERATING_MW,10.50,
8/30/2026 7:50:00 AM,RTD,CLUZ,01BUGSOL_G01,G,8/30/2026 7:46:00 AM,8/30/2026 7:50:00 AM,MIN_OPERATING_MW,10.50,
8/30/2026 7:50:00 AM,RTD,CLUZ,01BUGSOL_G01,G,8/30/2026 7:51:00 AM,8/30/2026 7:55:00 AM,MAX_OPERATING_MW,13.40,
8/30/2026 7:50:00 AM,RTD,CLUZ,01BUGSOL_G01,G,8/30/2026 7:51:00 AM,8/30/2026 7:55:00 AM,MIN_OPERATING_MW,13.40,
8/30/2026 7:50:00 AM,RTD,CLUZ,01BULACSOL_G01,G,8/30/2026 7:01:00 AM,8/30/2026 8:00:00 AM,MAX_OPERATING_MW,4.58,
8/30/2026 7:50:00 AM,RTD,CLUZ,01BULACSOL_G01,G,8/30/2026 7:01:00 AM,8/30/2026 8:00:00 AM,MIN_OPERATING_MW,4.58,
8/30/2026 7:50:00 AM,RTD,CLUZ,01CONSOL_G01,G,8/30/2026 7:46:00 AM,8/30/2026 7:50:00 AM,MAX_OPERATING_MW,20.12,
8/30/2026 7:50:00 AM,RTD,CLUZ,01CONSOL_G01,G,8/30/2026 7:46:00 AM,8/30/2026 7:50:00 AM,MIN_OPERATING_MW,20.12,
8/30/2026 7:50:00 AM,RTD,CLUZ,01CONSOL_G01,G,8/30/2026 7:51:00 AM,8/30/2026 7:55:00 AM,MAX_OPERATING_MW,21.58,
8/30/2026 7:50:00 AM,RTD,CLUZ,01CONSOL_G01,G,8/30/2026 7:51:00 AM,8/30/2026 7:55:00 AM,MIN_OPERATING_MW,21.58,
8/30/2026 7:50:00 AM,RTD,CLUZ,01PASBUSOL_G01,G,8/30/2026 7:01:00 AM,8/30/2026 8:00:00 AM,MAX_OPERATING_MW,14.15,
8/30/2026 7:50:00 AM,RTD,CLUZ,01PASBUSOL_G01,G,8/30/2026 7:01:00 AM,8/30/2026 8:00:00 AM,MIN_OPERATING_MW,14.15,
8/30/2026 7:50:00 AM,RTD,CLUZ,01TERRASOL_G01,G,8/30/2026 5:56:00 AM,8/30/2026 9:00:00 AM,MAX_OPERATING_MW,10,
8/30/2026 7:50:00 AM,RTD,CLUZ,01TERRASOL_G01,G,8/30/2026 5:56:00 AM,8/30/2026 9:00:00 AM,MIN_OPERATING_MW,10,
8/30/2026 7:50:00 AM,RTD,CLUZ,03LUNSOL_G01,G,8/30/2026 7:46:00 AM,8/30/2026 7:50:00 AM,MAX_OPERATING_MW,16.85,
8/30/2026 7:50:00 AM,RTD,CLUZ,03LUNSOL_G01,G,8/30/2026 7:46:00 AM,8/30/2026 7:50:00 AM,MIN_OPERATING_MW,16.85,
8/30/2026 7:50:00 AM,RTD,CLUZ,03LUNSOL_G01,G,8/30/2026 7:51:00 AM,8/30/2026 7:55:00 AM,MAX_OPERATING_MW,17.69,
8/30/2026 7:50:00 AM,RTD,CLUZ,03LUNSOL_G01,G,8/30/2026 7:51:00 AM,8/30/2026 7:55:00 AM,MIN_OPERATING_MW,17.69,
8/30/2026 7:50:00 AM,RTD,CLUZ,03TANWIND_G01,G,8/30/2026 7:46:00 AM,8/30/2026 7:50:00 AM,MAX_OPERATING_MW,5.20,
8/30/2026 7:50:00 AM,RTD,CLUZ,03TANWIND_G01,G,8/30/2026 7:46:00 AM,8/30/2026 7:50:00 AM,MIN_OPERATING_MW,5.20,
8/30/2026 7:50:00 AM,RTD,CLUZ,03TANWIND_G01,G,8/30/2026 7:51:00 AM,8/30/2026 7:55:00 AM,MAX_OPERATING_MW,5.20,
8/30/2026 7:50:00 AM,RTD,CLUZ,03TANWIND_G01,G,8/30/2026 7:51:00 AM,8/30/2026 7:55:00 AM,MIN_OPERATING_MW,5.20,
8/30/2026 7:50:00 AM,RTD,CVIS,04ISIDROSOL_G01,G,8/30/2026 7:01:00 AM,8/30/2026 8:00:00 AM,MAX_OPERATING_MW,31,
8/30/2026 7:50:00 AM,RTD,CVIS,04ISIDROSOL_G01,G,8/30/2026 7:01:00 AM,8/30/2026 8:00:00 AM,MIN_OPERATING_MW,31,
8/30/2026 7:50:00 AM,RTD,CVIS,08AJUYSOL_G01,G,8/30/2026 7:01:00 AM,8/30/2026 8:00:00 AM,MAX_OPERATING_MW,6.60,
8/30/2026 7:50:00 AM,RTD,CVIS,08AJUYSOL_G01,G,8/30/2026 7:01:00 AM,8/30/2026 8:00:00 AM,MIN_OPERATING_MW,6.60,
8/30/2026 7:50:00 AM,RTD,CVIS,08AJUYSOL_G02,G,8/30/2026 7:01:00 AM,8/30/2026 8:00:00 AM,MAX_OPERATING_MW,3.40,
8/30/2026 7:50:00 AM,RTD,CVIS,08AJUYSOL_G02,G,8/30/2026 7:01:00 AM,8/30/2026 8:00:00 AM,MIN_OPERATING_MW,3.40,
8/30/2026 7:50:00 AM,RTD,CMIN,10LIAN_G02,G,8/30/2026 12:05:00 AM,8/30/2026 11:59:00 PM,MAX_OPERATING_MW,6.60,
8/30/2026 7:50:00 AM,RTD,CMIN,10LIAN_G02,G,8/30/2026 12:05:00 AM,8/30/2026 11:59:00 PM,MIN_OPERATING_MW,6.60,
8/30/2026 7:50:00 AM,RTD,CMIN,14TANTASOL_G01,G,8/30/2026 7:01:00 AM,8/30/2026 8:00:00 AM,MAX_OPERATING_MW,30,
8/30/2026 7:50:00 AM,RTD,CMIN,14TANTASOL_G01,G,8/30/2026 7:01:00 AM,8/30/2026 8:00:00 AM,MIN_OPERATING_MW,30,
8/30/2026 7:55:00 AM,RTD,CLUZ,01BARBASOL_G01,G,8/30/2026 7:51:00 AM,8/30/2026 7:55:00 AM,MAX_OPERATING_MW,13.60,
8/30/2026 7:55:00 AM,RTD,CLUZ,01BARBASOL_G01,G,8/30/2026 7:51:00 AM,8/30/2026 7:55:00 AM,MIN_OPERATING_MW,13.60,
8/30/2026 7:55:00 AM,RTD,CLUZ,01BARBASOL_G01,G,8/30/2026 7:56:00 AM,8/30/2026 8:00:00 AM,MAX_OPERATING_MW,14.52,
8/30/2026 7:55:00 AM,RTD,CLUZ,01BARBASOL_G01,G,8/30/2026 7:56:00 AM,8/30/2026 8:00:00 AM,MIN_OPERATING_MW,14.52,
8/30/2026 7:55:00 AM,RTD,CLUZ,01BUGSOL_G01,G,8/30/2026 7:51:00 AM,8/30/2026 7:55:00 AM,MAX_OPERATING_MW,13.40,
8/30/2026 7:55:00 AM,RTD,CLUZ,01BUGSOL_G01,G,8/30/2026 7:51:00 AM,8/30/2026 7:55:00 AM,MIN_OPERATING_MW,13.40,
8/30/2026 7:55:00 AM,RTD,CLUZ,01BUGSOL_G01,G,8/30/2026 7:56:00 AM,8/30/2026 8:00:00 AM,MAX_OPERATING_MW,16.20,
8/30/2026 7:55:00 AM,RTD,CLUZ,01BUGSOL_G01,G,8/30/2026 7:56:00 AM,8/30/2026 8:00:00 AM,MIN_OPERATING_MW,16.20,
8/30/2026 7:55:00 AM,RTD,CLUZ,01BULACSOL_G01,G,8/30/2026 7:01:00 AM,8/30/2026 8:00:00 AM,MAX_OPERATING_MW,4.58,
8/30/2026 7:55:00 AM,RTD,CLUZ,01BULACSOL_G01,G,8/30/2026 7:01:00 AM,8/30/2026 8:00:00 AM,MIN_OPERATING_MW,4.58,
8/30/2026 7:55:00 AM,RTD,CLUZ,01CONSOL_G01,G,8/30/2026 7:51:00 AM,8/30/2026 7:55:00 AM,MAX_OPERATING_MW,21.58,
8/30/2026 7:55:00 AM,RTD,CLUZ,01CONSOL_G01,G,8/30/2026 7:51:00 AM,8/30/2026 7:55:00 AM,MIN_OPERATING_MW,21.58,
8/30/2026 7:55:00 AM,RTD,CLUZ,01CONSOL_G01,G,8/30/2026 7:56:00 AM,8/30/2026 8:00:00 AM,MAX_OPERATING_MW,23.10,
8/30/2026 7:55:00 AM,RTD,CLUZ,01CONSOL_G01,G,8/30/2026 7:56:00 AM,8/30/2026 8:00:00 AM,MIN_OPERATING_MW,23.10,
8/30/2026 7:55:00 AM,RTD,CLUZ,01PASBUSOL_G01,G,8/30/2026 7:01:00 AM,8/30/2026 8:00:00 AM,MAX_OPERATING_MW,14.15,
8/30/2026 7:55:00 AM,RTD,CLUZ,01PASBUSOL_G01,G,8/30/2026 7:01:00 AM,8/30/2026 8:00:00 AM,MIN_OPERATING_MW,14.15,
8/30/2026 7:55:00 AM,RTD,CLUZ,01TERRASOL_G01,G,8/30/2026 5:56:00 AM,8/30/2026 9:00:00 AM,MAX_OPERATING_MW,10,
8/30/2026 7:55:00 AM,RTD,CLUZ,01TERRASOL_G01,G,8/30/2026 5:56:00 AM,8/30/2026 9:00:00 AM,MIN_OPERATING_MW,10,
8/30/2026 7:55:00 AM,RTD,CLUZ,03LUNSOL_G01,G,8/30/2026 7:51:00 AM,8/30/2026 7:55:00 AM,MAX_OPERATING_MW,17.69,
8/30/2026 7:55:00 AM,RTD,CLUZ,03LUNSOL_G01,G,8/30/2026 7:51:00 AM,8/30/2026 7:55:00 AM,MIN_OPERATING_MW,17.69,
8/30/2026 7:55:00 AM,RTD,CLUZ,03LUNSOL_G01,G,8/30/2026 7:56:00 AM,8/30/2026 8:00:00 AM,MAX_OPERATING_MW,18.49,
8/30/2026 7:55:00 AM,RTD,CLUZ,03LUNSOL_G01,G,8/30/2026 7:56:00 AM,8/30/2026 8:00:00 AM,MIN_OPERATING_MW,18.49,
8/30/2026 7:55:00 AM,RTD,CLUZ,03TANWIND_G01,G,8/30/2026 7:51:00 AM,8/30/2026 7:55:00 AM,MAX_OPERATING_MW,5.20,
8/30/2026 7:55:00 AM,RTD,CLUZ,03TANWIND_G01,G,8/30/2026 7:51:00 AM,8/30/2026 7:55:00 AM,MIN_OPERATING_MW,5.20,
8/30/2026 7:55:00 AM,RTD,CLUZ,03TANWIND_G01,G,8/30/2026 7:56:00 AM,8/30/2026 8:00:00 AM,MAX_OPERATING_MW,5.20,
8/30/2026 7:55:00 AM,RTD,CLUZ,03TANWIND_G01,G,8/30/2026 7:56:00 AM,8/30/2026 8:00:00 AM,MIN_OPERATING_MW,5.20,
8/30/2026 7:55:00 AM,RTD,CVIS,04ISIDROSOL_G01,G,8/30/2026 7:01:00 AM,8/30/2026 8:00:00 AM,MAX_OPERATING_MW,31,
8/30/2026 7:55:00 AM,RTD,CVIS,04ISIDROSOL_G01,G,8/30/2026 7:01:00 AM,8/30/2026 8:00:00 AM,MIN_OPERATING_MW,31,
8/30/2026 7:55:00 AM,RTD,CVIS,08AJUYSOL_G01,G,8/30/2026 7:01:00 AM,8/30/2026 8:00:00 AM,MAX_OPERATING_MW,6.60,
8/30/2026 7:55:00 AM,RTD,CVIS,08AJUYSOL_G01,G,8/30/2026 7:01:00 AM,8/30/2026 8:00:00 AM,MIN_OPERATING_MW,6.60,
8/30/2026 7:55:00 AM,RTD,CVIS,08AJUYSOL_G02,G,8/30/2026 7:01:00 AM,8/30/2026 8:00:00 AM,MAX_OPERATING_MW,3.40,
8/30/2026 7:55:00 AM,RTD,CVIS,08AJUYSOL_G02,G,8/30/2026 7:01:00 AM,8/30/2026 8:00:00 AM,MIN_OPERATING_MW,3.40,
8/30/2026 7:55:00 AM,RTD,CMIN,10LIAN_G02,G,8/30/2026 12:05:00 AM,8/30/2026 11:59:00 PM,MAX_OPERATING_MW,6.60,
8/30/2026 7:55:00 AM,RTD,CMIN,10LIAN_G02,G,8/30/2026 12:05:00 AM,8/30/2026 11:59:00 PM,MIN_OPERATING_MW,6.60,
8/30/2026 7:55:00 AM,RTD,CMIN,14TANTASOL_G01,G,8/30/2026 7:01:00 AM,8/30/2026 8:00:00 AM,MAX_OPERATING_MW,30,
8/30/2026 7:55:00 AM,RTD,CMIN,14TANTASOL_G01,G,8/30/2026 7:01:00 AM,8/30/2026 8:00:00 AM,MIN_OPERATING_MW,30,
8/30/2026 8:00:00 AM,RTD,CLUZ,01BARBASOL_G01,G,8/30/2026 7:56:00 AM,8/30/2026 8:00:00 AM,MAX_OPERATING_MW,14.52,
8/30/2026 8:00:00 AM,RTD,CLUZ,01BARBASOL_G01,G,8/30/2026 7:56:00 AM,8/30/2026 8:00:00 AM,MIN_OPERATING_MW,14.52,
8/30/2026 8:00:00 AM,RTD,CLUZ,01BARBASOL_G01,G,8/30/2026 8:01:00 AM,8/30/2026 8:05:00 AM,MAX_OPERATING_MW,15.49,
8/30/2026 8:00:00 AM,RTD,CLUZ,01BARBASOL_G01,G,8/30/2026 8:01:00 AM,8/30/2026 8:05:00 AM,MIN_OPERATING_MW,15.49,
8/30/2026 8:00:00 AM,RTD,CLUZ,01BUGSOL_G01,G,8/30/2026 7:56:00 AM,8/30/2026 8:00:00 AM,MAX_OPERATING_MW,16.20,
8/30/2026 8:00:00 AM,RTD,CLUZ,01BUGSOL_G01,G,8/30/2026 7:56:00 AM,8/30/2026 8:00:00 AM,MIN_OPERATING_MW,16.20,
8/30/2026 8:00:00 AM,RTD,CLUZ,01BUGSOL_G01,G,8/30/2026 8:01:00 AM,8/30/2026 8:05:00 AM,MAX_OPERATING_MW,16.80,
8/30/2026 8:00:00 AM,RTD,CLUZ,01BUGSOL_G01,G,8/30/2026 8:01:00 AM,8/30/2026 8:05:00 AM,MIN_OPERATING_MW,16.80,
8/30/2026 8:00:00 AM,RTD,CLUZ,01BULACSOL_G01,G,8/30/2026 7:01:00 AM,8/30/2026 8:00:00 AM,MAX_OPERATING_MW,4.58,
8/30/2026 8:00:00 AM,RTD,CLUZ,01BULACSOL_G01,G,8/30/2026 7:01:00 AM,8/30/2026 8:00:00 AM,MIN_OPERATING_MW,4.58,
8/30/2026 8:00:00 AM,RTD,CLUZ,01BULACSOL_G01,G,8/30/2026 8:01:00 AM,8/30/2026 9:00:00 AM,MAX_OPERATING_MW,8.56,
8/30/2026 8:00:00 AM,RTD,CLUZ,01BULACSOL_G01,G,8/30/2026 8:01:00 AM,8/30/2026 9:00:00 AM,MIN_OPERATING_MW,8.56,
8/30/2026 8:00:00 AM,RTD,CLUZ,01CONSOL_G01,G,8/30/2026 7:56:00 AM,8/30/2026 8:00:00 AM,MAX_OPERATING_MW,23.10,
8/30/2026 8:00:00 AM,RTD,CLUZ,01CONSOL_G01,G,8/30/2026 7:56:00 AM,8/30/2026 8:00:00 AM,MIN_OPERATING_MW,23.10,
8/30/2026 8:00:00 AM,RTD,CLUZ,01CONSOL_G01,G,8/30/2026 8:01:00 AM,8/30/2026 8:05:00 AM,MAX_OPERATING_MW,24.33,
8/30/2026 8:00:00 AM,RTD,CLUZ,01CONSOL_G01,G,8/30/2026 8:01:00 AM,8/30/2026 8:05:00 AM,MIN_OPERATING_MW,24.33,
8/30/2026 8:00:00 AM,RTD,CLUZ,01PASBUSOL_G01,G,8/30/2026 7:01:00 AM,8/30/2026 8:00:00 AM,MAX_OPERATING_MW,14.15,
8/30/2026 8:00:00 AM,RTD,CLUZ,01PASBUSOL_G01,G,8/30/2026 7:01:00 AM,8/30/2026 8:00:00 AM,MIN_OPERATING_MW,14.15,
8/30/2026 8:00:00 AM,RTD,CLUZ,01PASBUSOL_G01,G,8/30/2026 8:01:00 AM,8/30/2026 9:00:00 AM,MAX_OPERATING_MW,25.58,
8/30/2026 8:00:00 AM,RTD,CLUZ,01PASBUSOL_G01,G,8/30/2026 8:01:00 AM,8/30/2026 9:00:00 AM,MIN_OPERATING_MW,25.58,
8/30/2026 8:00:00 AM,RTD,CLUZ,01TERRASOL_G01,G,8/30/2026 5:56:00 AM,8/30/2026 9:00:00 AM,MAX_OPERATING_MW,10,
8/30/2026 8:00:00 AM,RTD,CLUZ,01TERRASOL_G01,G,8/30/2026 5:56:00 AM,8/30/2026 9:00:00 AM,MIN_OPERATING_MW,10,
8/30/2026 8:00:00 AM,RTD,CLUZ,03LUNSOL_G01,G,8/30/2026 7:56:00 AM,8/30/2026 8:00:00 AM,MAX_OPERATING_MW,18.49,
8/30/2026 8:00:00 AM,RTD,CLUZ,03LUNSOL_G01,G,8/30/2026 7:56:00 AM,8/30/2026 8:00:00 AM,MIN_OPERATING_MW,18.49,
8/30/2026 8:00:00 AM,RTD,CLUZ,03LUNSOL_G01,G,8/30/2026 8:01:00 AM,8/30/2026 8:05:00 AM,MAX_OPERATING_MW,19.24,
8/30/2026 8:00:00 AM,RTD,CLUZ,03LUNSOL_G01,G,8/30/2026 8:01:00 AM,8/30/2026 8:05:00 AM,MIN_OPERATING_MW,19.24,
8/30/2026 8:00:00 AM,RTD,CLUZ,03TANWIND_G01,G,8/30/2026 7:56:00 AM,8/30/2026 8:00:00 AM,MAX_OPERATING_MW,5.20,
8/30/2026 8:00:00 AM,RTD,CLUZ,03TANWIND_G01,G,8/30/2026 7:56:00 AM,8/30/2026 8:00:00 AM,MIN_OPERATING_MW,5.20,
8/30/2026 8:00:00 AM,RTD,CLUZ,03TANWIND_G01,G,8/30/2026 8:01:00 AM,8/30/2026 8:05:00 AM,MAX_OPERATING_MW,5.20,
8/30/2026 8:00:00 AM,RTD,CLUZ,03TANWIND_G01,G,8/30/2026 8:01:00 AM,8/30/2026 8:05:00 AM,MIN_OPERATING_MW,5.20,
8/30/2026 8:00:00 AM,RTD,CVIS,04ISIDROSOL_G01,G,8/30/2026 7:01:00 AM,8/30/2026 8:00:00 AM,MAX_OPERATING_MW,31,
8/30/2026 8:00:00 AM,RTD,CVIS,04ISIDROSOL_G01,G,8/30/2026 7:01:00 AM,8/30/2026 8:00:00 AM,MIN_OPERATING_MW,31,
8/30/2026 8:00:00 AM,RTD,CVIS,04ISIDROSOL_G01,G,8/30/2026 8:01:00 AM,8/30/2026 9:00:00 AM,MAX_OPERATING_MW,52.30,
8/30/2026 8:00:00 AM,RTD,CVIS,04ISIDROSOL_G01,G,8/30/2026 8:01:00 AM,8/30/2026 9:00:00 AM,MIN_OPERATING_MW,52.30,
8/30/2026 8:00:00 AM,RTD,CVIS,08AJUYSOL_G01,G,8/30/2026 7:01:00 AM,8/30/2026 8:00:00 AM,MAX_OPERATING_MW,6.60,
8/30/2026 8:00:00 AM,RTD,CVIS,08AJUYSOL_G01,G,8/30/2026 7:01:00 AM,8/30/2026 8:00:00 AM,MIN_OPERATING_MW,6.60,
8/30/2026 8:00:00 AM,RTD,CVIS,08AJUYSOL_G01,G,8/30/2026 8:01:00 AM,8/30/2026 9:00:00 AM,MAX_OPERATING_MW,6.60,
8/30/2026 8:00:00 AM,RTD,CVIS,08AJUYSOL_G01,G,8/30/2026 8:01:00 AM,8/30/2026 9:00:00 AM,MIN_OPERATING_MW,6.60,
8/30/2026 8:00:00 AM,RTD,CVIS,08AJUYSOL_G02,G,8/30/2026 7:01:00 AM,8/30/2026 8:00:00 AM,MAX_OPERATING_MW,3.40,
8/30/2026 8:00:00 AM,RTD,CVIS,08AJUYSOL_G02,G,8/30/2026 7:01:00 AM,8/30/2026 8:00:00 AM,MIN_OPERATING_MW,3.40,
8/30/2026 8:00:00 AM,RTD,CVIS,08AJUYSOL_G02,G,8/30/2026 8:01:00 AM,8/30/2026 9:00:00 AM,MAX_OPERATING_MW,3.40,
8/30/2026 8:00:00 AM,RTD,CVIS,08AJUYSOL_G02,G,8/30/2026 8:01:00 AM,8/30/2026 9:00:00 AM,MIN_OPERATING_MW,3.40,
8/30/2026 8:00:00 AM,RTD,CMIN,10LIAN_G02,G,8/30/2026 12:05:00 AM,8/30/2026 11:59:00 PM,MAX_OPERATING_MW,6.60,
8/30/2026 8:00:00 AM,RTD,CMIN,10LIAN_G02,G,8/30/2026 12:05:00 AM,8/30/2026 11:59:00 PM,MIN_OPERATING_MW,6.60,
8/30/2026 8:00:00 AM,RTD,CMIN,14TANTASOL_G01,G,8/30/2026 7:01:00 AM,8/30/2026 8:00:00 AM,MAX_OPERATING_MW,30,
8/30/2026 8:00:00 AM,RTD,CMIN,14TANTASOL_G01,G,8/30/2026 7:01:00 AM,8/30/2026 8:00:00 AM,MIN_OPERATING_MW,30,
8/30/2026 8:00:00 AM,RTD,CMIN,14TANTASOL_G01,G,8/30/2026 8:01:00 AM,8/30/2026 9:00:00 AM,MAX_OPERATING_MW,39,
8/30/2026 8:00:00 AM,RTD,CMIN,14TANTASOL_G01,G,8/30/2026 8:01:00 AM,8/30/2026 9:00:00 AM,MIN_OPERATING_MW,39,
8/30/2026 8:05:00 AM,RTD,CLUZ,01BARBASOL_G01,G,8/30/2026 8:01:00 AM,8/30/2026 8:05:00 AM,MAX_OPERATING_MW,15.49,
8/30/2026 8:05:00 AM,RTD,CLUZ,01BARBASOL_G01,G,8/30/2026 8:01:00 AM,8/30/2026 8:05:00 AM,MIN_OPERATING_MW,15.49,
8/30/2026 8:05:00 AM,RTD,CLUZ,01BARBASOL_G01,G,8/30/2026 8:06:00 AM,8/30/2026 8:10:00 AM,MAX_OPERATING_MW,16.52,
8/30/2026 8:05:00 AM,RTD,CLUZ,01BARBASOL_G01,G,8/30/2026 8:06:00 AM,8/30/2026 8:10:00 AM,MIN_OPERATING_MW,16.52,
8/30/2026 8:05:00 AM,RTD,CLUZ,01BUGSOL_G01,G,8/30/2026 8:01:00 AM,8/30/2026 8:05:00 AM,MAX_OPERATING_MW,16.80,
8/30/2026 8:05:00 AM,RTD,CLUZ,01BUGSOL_G01,G,8/30/2026 8:01:00 AM,8/30/2026 8:05:00 AM,MIN_OPERATING_MW,16.80,
8/30/2026 8:05:00 AM,RTD,CLUZ,01BUGSOL_G01,G,8/30/2026 8:06:00 AM,8/30/2026 8:10:00 AM,MAX_OPERATING_MW,18.80,
8/30/2026 8:05:00 AM,RTD,CLUZ,01BUGSOL_G01,G,8/30/2026 8:06:00 AM,8/30/2026 8:10:00 AM,MIN_OPERATING_MW,18.80,
8/30/2026 8:05:00 AM,RTD,CLUZ,01BULACSOL_G01,G,8/30/2026 8:01:00 AM,8/30/2026 9:00:00 AM,MAX_OPERATING_MW,8.56,
8/30/2026 8:05:00 AM,RTD,CLUZ,01BULACSOL_G01,G,8/30/2026 8:01:00 AM,8/30/2026 9:00:00 AM,MIN_OPERATING_MW,8.56,
8/30/2026 8:05:00 AM,RTD,CLUZ,01CONSOL_G01,G,8/30/2026 8:01:00 AM,8/30/2026 8:05:00 AM,MAX_OPERATING_MW,24.33,
8/30/2026 8:05:00 AM,RTD,CLUZ,01CONSOL_G01,G,8/30/2026 8:01:00 AM,8/30/2026 8:05:00 AM,MIN_OPERATING_MW,24.33,
8/30/2026 8:05:00 AM,RTD,CLUZ,01CONSOL_G01,G,8/30/2026 8:06:00 AM,8/30/2026 8:10:00 AM,MAX_OPERATING_MW,25.08,
8/30/2026 8:05:00 AM,RTD,CLUZ,01CONSOL_G01,G,8/30/2026 8:06:00 AM,8/30/2026 8:10:00 AM,MIN_OPERATING_MW,25.08,
8/30/2026 8:05:00 AM,RTD,CLUZ,01PASBUSOL_G01,G,8/30/2026 8:01:00 AM,8/30/2026 9:00:00 AM,MAX_OPERATING_MW,25.58,
8/30/2026 8:05:00 AM,RTD,CLUZ,01PASBUSOL_G01,G,8/30/2026 8:01:00 AM,8/30/2026 9:00:00 AM,MIN_OPERATING_MW,25.58,
8/30/2026 8:05:00 AM,RTD,CLUZ,01TERRASOL_G01,G,8/30/2026 5:56:00 AM,8/30/2026 9:00:00 AM,MAX_OPERATING_MW,10,
8/30/2026 8:05:00 AM,RTD,CLUZ,01TERRASOL_G01,G,8/30/2026 5:56:00 AM,8/30/2026 9:00:00 AM,MIN_OPERATING_MW,10,
8/30/2026 8:05:00 AM,RTD,CLUZ,03LUNSOL_G01,G,8/30/2026 8:01:00 AM,8/30/2026 8:05:00 AM,MAX_OPERATING_MW,19.24,
8/30/2026 8:05:00 AM,RTD,CLUZ,03LUNSOL_G01,G,8/30/2026 8:01:00 AM,8/30/2026 8:05:00 AM,MIN_OPERATING_MW,19.24,
8/30/2026 8:05:00 AM,RTD,CLUZ,03LUNSOL_G01,G,8/30/2026 8:06:00 AM,8/30/2026 8:10:00 AM,MAX_OPERATING_MW,19.96,
8/30/2026 8:05:00 AM,RTD,CLUZ,03LUNSOL_G01,G,8/30/2026 8:06:00 AM,8/30/2026 8:10:00 AM,MIN_OPERATING_MW,19.96,
8/30/2026 8:05:00 AM,RTD,CLUZ,03TANWIND_G01,G,8/30/2026 8:01:00 AM,8/30/2026 8:05:00 AM,MAX_OPERATING_MW,5.20,
8/30/2026 8:05:00 AM,RTD,CLUZ,03TANWIND_G01,G,8/30/2026 8:01:00 AM,8/30/2026 8:05:00 AM,MIN_OPERATING_MW,5.20,
8/30/2026 8:05:00 AM,RTD,CLUZ,03TANWIND_G01,G,8/30/2026 8:06:00 AM,8/30/2026 8:10:00 AM,MAX_OPERATING_MW,5.20,
8/30/2026 8:05:00 AM,RTD,CLUZ,03TANWIND_G01,G,8/30/2026 8:06:00 AM,8/30/2026 8:10:00 AM,MIN_OPERATING_MW,5.20,
8/30/2026 8:05:00 AM,RTD,CVIS,04ISIDROSOL_G01,G,8/30/2026 8:01:00 AM,8/30/2026 9:00:00 AM,MAX_OPERATING_MW,52.30,
8/30/2026 8:05:00 AM,RTD,CVIS,04ISIDROSOL_G01,G,8/30/2026 8:01:00 AM,8/30/2026 9:00:00 AM,MIN_OPERATING_MW,52.30,
8/30/2026 8:05:00 AM,RTD,CVIS,08AJUYSOL_G01,G,8/30/2026 8:01:00 AM,8/30/2026 9:00:00 AM,MAX_OPERATING_MW,6.60,
8/30/2026 8:05:00 AM,RTD,CVIS,08AJUYSOL_G01,G,8/30/2026 8:01:00 AM,8/30/2026 9:00:00 AM,MIN_OPERATING_MW,6.60,
8/30/2026 8:05:00 AM,RTD,CVIS,08AJUYSOL_G02,G,8/30/2026 8:01:00 AM,8/30/2026 9:00:00 AM,MAX_OPERATING_MW,3.40,
8/30/2026 8:05:00 AM,RTD,CVIS,08AJUYSOL_G02,G,8/30/2026 8:01:00 AM,8/30/2026 9:00:00 AM,MIN_OPERATING_MW,3.40,
8/30/2026 8:05:00 AM,RTD,CMIN,10LIAN_G02,G,8/30/2026 12:05:00 AM,8/30/2026 11:59:00 PM,MAX_OPERATING_MW,6.60,
8/30/2026 8:05:00 AM,RTD,CMIN,10LIAN_G02,G,8/30/2026 12:05:00 AM,8/30/2026 11:59:00 PM,MIN_OPERATING_MW,6.60,
8/30/2026 8:05:00 AM,RTD,CMIN,14TANTASOL_G01,G,8/30/2026 8:01:00 AM,8/30/2026 9:00:00 AM,MAX_OPERATING_MW,39,
8/30/2026 8:05:00 AM,RTD,CMIN,14TANTASOL_G01,G,8/30/2026 8:01:00 AM,8/30/2026 9:00:00 AM,MIN_OPERATING_MW,39,
8/30/2026 8:10:00 AM,RTD,CLUZ,01BARBASOL_G01,G,8/30/2026 8:06:00 AM,8/30/2026 8:10:00 AM,MAX_OPERATING_MW,16.52,
8/30/2026 8:10:00 AM,RTD,CLUZ,01BARBASOL_G01,G,8/30/2026 8:06:00 AM,8/30/2026 8:10:00 AM,MIN_OPERATING_MW,16.52,
8/30/2026 8:10:00 AM,RTD,CLUZ,01BARBASOL_G01,G,8/30/2026 8:11:00 AM,8/30/2026 8:15:00 AM,MAX_OPERATING_MW,17.64,
8/30/2026 8:10:00 AM,RTD,CLUZ,01BARBASOL_G01,G,8/30/2026 8:11:00 AM,8/30/2026 8:15:00 AM,MIN_OPERATING_MW,17.64,
8/30/2026 8:10:00 AM,RTD,CLUZ,01BUGSOL_G01,G,8/30/2026 8:06:00 AM,8/30/2026 8:10:00 AM,MAX_OPERATING_MW,18.80,
8/30/2026 8:10:00 AM,RTD,CLUZ,01BUGSOL_G01,G,8/30/2026 8:06:00 AM,8/30/2026 8:10:00 AM,MIN_OPERATING_MW,18.80,
8/30/2026 8:10:00 AM,RTD,CLUZ,01BUGSOL_G01,G,8/30/2026 8:11:00 AM,8/30/2026 8:15:00 AM,MAX_OPERATING_MW,21.20,
8/30/2026 8:10:00 AM,RTD,CLUZ,01BUGSOL_G01,G,8/30/2026 8:11:00 AM,8/30/2026 8:15:00 AM,MIN_OPERATING_MW,21.20,
8/30/2026 8:10:00 AM,RTD,CLUZ,01BULACSOL_G01,G,8/30/2026 8:01:00 AM,8/30/2026 9:00:00 AM,MAX_OPERATING_MW,8.56,
8/30/2026 8:10:00 AM,RTD,CLUZ,01BULACSOL_G01,G,8/30/2026 8:01:00 AM,8/30/2026 9:00:00 AM,MIN_OPERATING_MW,8.56,
8/30/2026 8:10:00 AM,RTD,CLUZ,01CONSOL_G01,G,8/30/2026 8:06:00 AM,8/30/2026 8:10:00 AM,MAX_OPERATING_MW,25.08,
8/30/2026 8:10:00 AM,RTD,CLUZ,01CONSOL_G01,G,8/30/2026 8:06:00 AM,8/30/2026 8:10:00 AM,MIN_OPERATING_MW,25.08,
8/30/2026 8:10:00 AM,RTD,CLUZ,01CONSOL_G01,G,8/30/2026 8:11:00 AM,8/30/2026 8:15:00 AM,MAX_OPERATING_MW,25.78,
8/30/2026 8:10:00 AM,RTD,CLUZ,01CONSOL_G01,G,8/30/2026 8:11:00 AM,8/30/2026 8:15:00 AM,MIN_OPERATING_MW,25.78,
8/30/2026 8:10:00 AM,RTD,CLUZ,01PASBUSOL_G01,G,8/30/2026 8:01:00 AM,8/30/2026 9:00:00 AM,MAX_OPERATING_MW,25.58,
8/30/2026 8:10:00 AM,RTD,CLUZ,01PASBUSOL_G01,G,8/30/2026 8:01:00 AM,8/30/2026 9:00:00 AM,MIN_OPERATING_MW,25.58,
8/30/2026 8:10:00 AM,RTD,CLUZ,01TERRASOL_G01,G,8/30/2026 5:56:00 AM,8/30/2026 9:00:00 AM,MAX_OPERATING_MW,10,
8/30/2026 8:10:00 AM,RTD,CLUZ,01TERRASOL_G01,G,8/30/2026 5:56:00 AM,8/30/2026 9:00:00 AM,MIN_OPERATING_MW,10,
8/30/2026 8:10:00 AM,RTD,CLUZ,03LUNSOL_G01,G,8/30/2026 8:06:00 AM,8/30/2026 8:10:00 AM,MAX_OPERATING_MW,19.96,
8/30/2026 8:10:00 AM,RTD,CLUZ,03LUNSOL_G01,G,8/30/2026 8:06:00 AM,8/30/2026 8:10:00 AM,MIN_OPERATING_MW,19.96,
8/30/2026 8:10:00 AM,RTD,CLUZ,03LUNSOL_G01,G,8/30/2026 8:11:00 AM,8/30/2026 8:15:00 AM,MAX_OPERATING_MW,20.66,
8/30/2026 8:10:00 AM,RTD,CLUZ,03LUNSOL_G01,G,8/30/2026 8:11:00 AM,8/30/2026 8:15:00 AM,MIN_OPERATING_MW,20.66,
8/30/2026 8:10:00 AM,RTD,CLUZ,03TANWIND_G01,G,8/30/2026 8:06:00 AM,8/30/2026 8:10:00 AM,MAX_OPERATING_MW,5.20,
8/30/2026 8:10:00 AM,RTD,CLUZ,03TANWIND_G01,G,8/30/2026 8:06:00 AM,8/30/2026 8:10:00 AM,MIN_OPERATING_MW,5.20,
8/30/2026 8:10:00 AM,RTD,CLUZ,03TANWIND_G01,G,8/30/2026 8:11:00 AM,8/30/2026 8:15:00 AM,MAX_OPERATING_MW,5.20,
8/30/2026 8:10:00 AM,RTD,CLUZ,03TANWIND_G01,G,8/30/2026 8:11:00 AM,8/30/2026 8:15:00 AM,MIN_OPERATING_MW,5.20,
8/30/2026 8:10:00 AM,RTD,CVIS,04ISIDROSOL_G01,G,8/30/2026 8:01:00 AM,8/30/2026 9:00:00 AM,MAX_OPERATING_MW,52.30,
8/30/2026 8:10:00 AM,RTD,CVIS,04ISIDROSOL_G01,G,8/30/2026 8:01:00 AM,8/30/2026 9:00:00 AM,MIN_OPERATING_MW,52.30,
8/30/2026 8:10:00 AM,RTD,CVIS,08AJUYSOL_G01,G,8/30/2026 8:01:00 AM,8/30/2026 9:00:00 AM,MAX_OPERATING_MW,6.60,
8/30/2026 8:10:00 AM,RTD,CVIS,08AJUYSOL_G01,G,8/30/2026 8:01:00 AM,8/30/2026 9:00:00 AM,MIN_OPERATING_MW,6.60,
8/30/2026 8:10:00 AM,RTD,CVIS,08AJUYSOL_G02,G,8/30/2026 8:01:00 AM,8/30/2026 9:00:00 AM,MAX_OPERATING_MW,3.40,
8/30/2026 8:10:00 AM,RTD,CVIS,08AJUYSOL_G02,G,8/30/2026 8:01:00 AM,8/30/2026 9:00:00 AM,MIN_OPERATING_MW,3.40,
8/30/2026 8:10:00 AM,RTD,CMIN,10LIAN_G02,G,8/30/2026 12:05:00 AM,8/30/2026 11:59:00 PM,MAX_OPERATING_MW,6.60,
8/30/2026 8:10:00 AM,RTD,CMIN,10LIAN_G02,G,8/30/2026 12:05:00 AM,8/30/2026 11:59:00 PM,MIN_OPERATING_MW,6.60,
8/30/2026 8:10:00 AM,RTD,CMIN,14TANTASOL_G01,G,8/30/2026 8:01:00 AM,8/30/2026 9:00:00 AM,MAX_OPERATING_MW,39,
8/30/2026 8:10:00 AM,RTD,CMIN,14TANTASOL_G01,G,8/30/2026 8:01:00 AM,8/30/2026 9:00:00 AM,MIN_OPERATING_MW,39,
8/30/2026 8:15:00 AM,RTD,CLUZ,01BARBASOL_G01,G,8/30/2026 8:11:00 AM,8/30/2026 8:15:00 AM,MAX_OPERATING_MW,17.64,
8/30/2026 8:15:00 AM,RTD,CLUZ,01BARBASOL_G01,G,8/30/2026 8:11:00 AM,8/30/2026 8:15:00 AM,MIN_OPERATING_MW,17.64,
8/30/2026 8:15:00 AM,RTD,CLUZ,01BARBASOL_G01,G,8/30/2026 8:16:00 AM,8/30/2026 8:20:00 AM,MAX_OPERATING_MW,18.83,
8/30/2026 8:15:00 AM,RTD,CLUZ,01BARBASOL_G01,G,8/30/2026 8:16:00 AM,8/30/2026 8:20:00 AM,MIN_OPERATING_MW,18.83,
8/30/2026 8:15:00 AM,RTD,CLUZ,01BUGSOL_G01,G,8/30/2026 8:11:00 AM,8/30/2026 8:15:00 AM,MAX_OPERATING_MW,21.20,
8/30/2026 8:15:00 AM,RTD,CLUZ,01BUGSOL_G01,G,8/30/2026 8:11:00 AM,8/30/2026 8:15:00 AM,MIN_OPERATING_MW,21.20,
8/30/2026 8:15:00 AM,RTD,CLUZ,01BUGSOL_G01,G,8/30/2026 8:16:00 AM,8/30/2026 8:20:00 AM,MAX_OPERATING_MW,24.70,
8/30/2026 8:15:00 AM,RTD,CLUZ,01BUGSOL_G01,G,8/30/2026 8:16:00 AM,8/30/2026 8:20:00 AM,MIN_OPERATING_MW,24.70,
8/30/2026 8:15:00 AM,RTD,CLUZ,01BULACSOL_G01,G,8/30/2026 8:01:00 AM,8/30/2026 9:00:00 AM,MAX_OPERATING_MW,8.56,
8/30/2026 8:15:00 AM,RTD,CLUZ,01BULACSOL_G01,G,8/30/2026 8:01:00 AM,8/30/2026 9:00:00 AM,MIN_OPERATING_MW,8.56,
8/30/2026 8:15:00 AM,RTD,CLUZ,01CONSOL_G01,G,8/30/2026 8:11:00 AM,8/30/2026 8:15:00 AM,MAX_OPERATING_MW,25.78,
8/30/2026 8:15:00 AM,RTD,CLUZ,01CONSOL_G01,G,8/30/2026 8:11:00 AM,8/30/2026 8:15:00 AM,MIN_OPERATING_MW,25.78,
8/30/2026 8:15:00 AM,RTD,CLUZ,01CONSOL_G01,G,8/30/2026 8:16:00 AM,8/30/2026 8:20:00 AM,MAX_OPERATING_MW,26.72,
8/30/2026 8:15:00 AM,RTD,CLUZ,01CONSOL_G01,G,8/30/2026 8:16:00 AM,8/30/2026 8:20:00 AM,MIN_OPERATING_MW,26.72,
8/30/2026 8:15:00 AM,RTD,CLUZ,01PASBUSOL_G01,G,8/30/2026 8:01:00 AM,8/30/2026 9:00:00 AM,MAX_OPERATING_MW,25.58,
8/30/2026 8:15:00 AM,RTD,CLUZ,01PASBUSOL_G01,G,8/30/2026 8:01:00 AM,8/30/2026 9:00:00 AM,MIN_OPERATING_MW,25.58,
8/30/2026 8:15:00 AM,RTD,CLUZ,01TERRASOL_G01,G,8/30/2026 5:56:00 AM,8/30/2026 9:00:00 AM,MAX_OPERATING_MW,10,
8/30/2026 8:15:00 AM,RTD,CLUZ,01TERRASOL_G01,G,8/30/2026 5:56:00 AM,8/30/2026 9:00:00 AM,MIN_OPERATING_MW,10,
8/30/2026 8:15:00 AM,RTD,CLUZ,03LUNSOL_G01,G,8/30/2026 8:11:00 AM,8/30/2026 8:15:00 AM,MAX_OPERATING_MW,20.66,
8/30/2026 8:15:00 AM,RTD,CLUZ,03LUNSOL_G01,G,8/30/2026 8:11:00 AM,8/30/2026 8:15:00 AM,MIN_OPERATING_MW,20.66,
8/30/2026 8:15:00 AM,RTD,CLUZ,03LUNSOL_G01,G,8/30/2026 8:16:00 AM,8/30/2026 8:20:00 AM,MAX_OPERATING_MW,21.34,
8/30/2026 8:15:00 AM,RTD,CLUZ,03LUNSOL_G01,G,8/30/2026 8:16:00 AM,8/30/2026 8:20:00 AM,MIN_OPERATING_MW,21.34,
8/30/2026 8:15:00 AM,RTD,CLUZ,03TANWIND_G01,G,8/30/2026 8:11:00 AM,8/30/2026 8:15:00 AM,MAX_OPERATING_MW,5.20,
8/30/2026 8:15:00 AM,RTD,CLUZ,03TANWIND_G01,G,8/30/2026 8:11:00 AM,8/30/2026 8:15:00 AM,MIN_OPERATING_MW,5.20,
8/30/2026 8:15:00 AM,RTD,CLUZ,03TANWIND_G01,G,8/30/2026 8:16:00 AM,8/30/2026 8:20:00 AM,MAX_OPERATING_MW,5.20,
8/30/2026 8:15:00 AM,RTD,CLUZ,03TANWIND_G01,G,8/30/2026 8:16:00 AM,8/30/2026 8:20:00 AM,MIN_OPERATING_MW,5.20,
8/30/2026 8:15:00 AM,RTD,CVIS,04ISIDROSOL_G01,G,8/30/2026 8:01:00 AM,8/30/2026 9:00:00 AM,MAX_OPERATING_MW,52.30,
8/30/2026 8:15:00 AM,RTD,CVIS,04ISIDROSOL_G01,G,8/30/2026 8:01:00 AM,8/30/2026 9:00:00 AM,MIN_OPERATING_MW,52.30,
8/30/2026 8:15:00 AM,RTD,CVIS,08AJUYSOL_G01,G,8/30/2026 8:01:00 AM,8/30/2026 9:00:00 AM,MAX_OPERATING_MW,6.60,
8/30/2026 8:15:00 AM,RTD,CVIS,08AJUYSOL_G01,G,8/30/2026 8:01:00 AM,8/30/2026 9:00:00 AM,MIN_OPERATING_MW,6.60,
8/30/2026 8:15:00 AM,RTD,CVIS,08AJUYSOL_G02,G,8/30/2026 8:01:00 AM,8/30/2026 9:00:00 AM,MAX_OPERATING_MW,3.40,
8/30/2026 8:15:00 AM,RTD,CVIS,08AJUYSOL_G02,G,8/30/2026 8:01:00 AM,8/30/2026 9:00:00 AM,MIN_OPERATING_MW,3.40,
8/30/2026 8:15:00 AM,RTD,CMIN,10LIAN_G02,G,8/30/2026 12:05:00 AM,8/30/2026 11:59:00 PM,MAX_OPERATING_MW,6.60,
8/30/2026 8:15:00 AM,RTD,CMIN,10LIAN_G02,G,8/30/2026 12:05:00 AM,8/30/2026 11:59:00 PM,MIN_OPERATING_MW,6.60,
8/30/2026 8:15:00 AM,RTD,CMIN,14TANTASOL_G01,G,8/30/2026 8:01:00 AM,8/30/2026 9:00:00 AM,MAX_OPERATING_MW,39,
8/30/2026 8:15:00 AM,RTD,CMIN,14TANTASOL_G01,G,8/30/2026 8:01:00 AM,8/30/2026 9:00:00 AM,MIN_OPERATING_MW,39,
8/30/2026 8:20:00 AM,RTD,CLUZ,01BARBASOL_G01,G,8/30/2026 8:16:00 AM,8/30/2026 8:20:00 AM,MAX_OPERATING_MW,18.83,
8/30/2026 8:20:00 AM,RTD,CLUZ,01BARBASOL_G01,G,8/30/2026 8:16:00 AM,8/30/2026 8:20:00 AM,MIN_OPERATING_MW,18.83,
8/30/2026 8:20:00 AM,RTD,CLUZ,01BARBASOL_G01,G,8/30/2026 8:21:00 AM,8/30/2026 8:25:00 AM,MAX_OPERATING_MW,20.08,
8/30/2026 8:20:00 AM,RTD,CLUZ,01BARBASOL_G01,G,8/30/2026 8:21:00 AM,8/30/2026 8:25:00 AM,MIN_OPERATING_MW,20.08,
8/30/2026 8:20:00 AM,RTD,CLUZ,01BUGSOL_G01,G,8/30/2026 8:16:00 AM,8/30/2026 8:20:00 AM,MAX_OPERATING_MW,24.70,
8/30/2026 8:20:00 AM,RTD,CLUZ,01BUGSOL_G01,G,8/30/2026 8:16:00 AM,8/30/2026 8:20:00 AM,MIN_OPERATING_MW,24.70,
8/30/2026 8:20:00 AM,RTD,CLUZ,01BUGSOL_G01,G,8/30/2026 8:21:00 AM,8/30/2026 8:25:00 AM,MAX_OPERATING_MW,26.60,
8/30/2026 8:20:00 AM,RTD,CLUZ,01BUGSOL_G01,G,8/30/2026 8:21:00 AM,8/30/2026 8:25:00 AM,MIN_OPERATING_MW,26.60,
8/30/2026 8:20:00 AM,RTD,CLUZ,01BULACSOL_G01,G,8/30/2026 8:01:00 AM,8/30/2026 9:00:00 AM,MAX_OPERATING_MW,8.56,
8/30/2026 8:20:00 AM,RTD,CLUZ,01BULACSOL_G01,G,8/30/2026 8:01:00 AM,8/30/2026 9:00:00 AM,MIN_OPERATING_MW,8.56,
8/30/2026 8:20:00 AM,RTD,CLUZ,01CONSOL_G01,G,8/30/2026 8:16:00 AM,8/30/2026 8:20:00 AM,MAX_OPERATING_MW,26.72,
8/30/2026 8:20:00 AM,RTD,CLUZ,01CONSOL_G01,G,8/30/2026 8:16:00 AM,8/30/2026 8:20:00 AM,MIN_OPERATING_MW,26.72,
8/30/2026 8:20:00 AM,RTD,CLUZ,01CONSOL_G01,G,8/30/2026 8:21:00 AM,8/30/2026 8:25:00 AM,MAX_OPERATING_MW,27.74,
8/30/2026 8:20:00 AM,RTD,CLUZ,01CONSOL_G01,G,8/30/2026 8:21:00 AM,8/30/2026 8:25:00 AM,MIN_OPERATING_MW,27.74,
8/30/2026 8:20:00 AM,RTD,CLUZ,01PASBUSOL_G01,G,8/30/2026 8:01:00 AM,8/30/2026 9:00:00 AM,MAX_OPERATING_MW,25.58,
8/30/2026 8:20:00 AM,RTD,CLUZ,01PASBUSOL_G01,G,8/30/2026 8:01:00 AM,8/30/2026 9:00:00 AM,MIN_OPERATING_MW,25.58,
8/30/2026 8:20:00 AM,RTD,CLUZ,01TERRASOL_G01,G,8/30/2026 5:56:00 AM,8/30/2026 9:00:00 AM,MAX_OPERATING_MW,10,
8/30/2026 8:20:00 AM,RTD,CLUZ,01TERRASOL_G01,G,8/30/2026 5:56:00 AM,8/30/2026 9:00:00 AM,MIN_OPERATING_MW,10,
8/30/2026 8:20:00 AM,RTD,CLUZ,03LUNSOL_G01,G,8/30/2026 8:16:00 AM,8/30/2026 8:20:00 AM,MAX_OPERATING_MW,21.34,
8/30/2026 8:20:00 AM,RTD,CLUZ,03LUNSOL_G01,G,8/30/2026 8:16:00 AM,8/30/2026 8:20:00 AM,MIN_OPERATING_MW,21.34,
8/30/2026 8:20:00 AM,RTD,CLUZ,03LUNSOL_G01,G,8/30/2026 8:21:00 AM,8/30/2026 8:25:00 AM,MAX_OPERATING_MW,22,
8/30/2026 8:20:00 AM,RTD,CLUZ,03LUNSOL_G01,G,8/30/2026 8:21:00 AM,8/30/2026 8:25:00 AM,MIN_OPERATING_MW,22,
8/30/2026 8:20:00 AM,RTD,CLUZ,03TANWIND_G01,G,8/30/2026 8:16:00 AM,8/30/2026 8:20:00 AM,MAX_OPERATING_MW,5.20,
8/30/2026 8:20:00 AM,RTD,CLUZ,03TANWIND_G01,G,8/30/2026 8:16:00 AM,8/30/2026 8:20:00 AM,MIN_OPERATING_MW,5.20,
8/30/2026 8:20:00 AM,RTD,CLUZ,03TANWIND_G01,G,8/30/2026 8:21:00 AM,8/30/2026 8:25:00 AM,MAX_OPERATING_MW,5.20,
8/30/2026 8:20:00 AM,RTD,CLUZ,03TANWIND_G01,G,8/30/2026 8:21:00 AM,8/30/2026 8:25:00 AM,MIN_OPERATING_MW,5.20,
8/30/2026 8:20:00 AM,RTD,CVIS,04ISIDROSOL_G01,G,8/30/2026 8:01:00 AM,8/30/2026 9:00:00 AM,MAX_OPERATING_MW,52.30,
8/30/2026 8:20:00 AM,RTD,CVIS,04ISIDROSOL_G01,G,8/30/2026 8:01:00 AM,8/30/2026 9:00:00 AM,MIN_OPERATING_MW,52.30,
8/30/2026 8:20:00 AM,RTD,CVIS,08AJUYSOL_G01,G,8/30/2026 8:01:00 AM,8/30/2026 9:00:00 AM,MAX_OPERATING_MW,6.60,
8/30/2026 8:20:00 AM,RTD,CVIS,08AJUYSOL_G01,G,8/30/2026 8:01:00 AM,8/30/2026 9:00:00 AM,MIN_OPERATING_MW,6.60,
8/30/2026 8:20:00 AM,RTD,CVIS,08AJUYSOL_G02,G,8/30/2026 8:01:00 AM,8/30/2026 9:00:00 AM,MAX_OPERATING_MW,3.40,
8/30/2026 8:20:00 AM,RTD,CVIS,08AJUYSOL_G02,G,8/30/2026 8:01:00 AM,8/30/2026 9:00:00 AM,MIN_OPERATING_MW,3.40,
8/30/2026 8:20:00 AM,RTD,CMIN,10LIAN_G02,G,8/30/2026 12:05:00 AM,8/30/2026 11:59:00 PM,MAX_OPERATING_MW,6.60,
8/30/2026 8:20:00 AM,RTD,CMIN,10LIAN_G02,G,8/30/2026 12:05:00 AM,8/30/2026 11:59:00 PM,MIN_OPERATING_MW,6.60,
8/30/2026 8:20:00 AM,RTD,CMIN,14TANTASOL_G01,G,8/30/2026 8:01:00 AM,8/30/2026 9:00:00 AM,MAX_OPERATING_MW,39,
8/30/2026 8:20:00 AM,RTD,CMIN,14TANTASOL_G01,G,8/30/2026 8:01:00 AM,8/30/2026 9:00:00 AM,MIN_OPERATING_MW,39,
8/30/2026 8:25:00 AM,RTD,CLUZ,01BARBASOL_G01,G,8/30/2026 8:21:00 AM,8/30/2026 8:25:00 AM,MAX_OPERATING_MW,20.08,
8/30/2026 8:25:00 AM,RTD,CLUZ,01BARBASOL_G01,G,8/30/2026 8:21:00 AM,8/30/2026 8:25:00 AM,MIN_OPERATING_MW,20.08,
8/30/2026 8:25:00 AM,RTD,CLUZ,01BARBASOL_G01,G,8/30/2026 8:26:00 AM,8/30/2026 8:30:00 AM,MAX_OPERATING_MW,21.38,
8/30/2026 8:25:00 AM,RTD,CLUZ,01BARBASOL_G01,G,8/30/2026 8:26:00 AM,8/30/2026 8:30:00 AM,MIN_OPERATING_MW,21.38,
8/30/2026 8:25:00 AM,RTD,CLUZ,01BUGSOL_G01,G,8/30/2026 8:21:00 AM,8/30/2026 8:25:00 AM,MAX_OPERATING_MW,26.60,
8/30/2026 8:25:00 AM,RTD,CLUZ,01BUGSOL_G01,G,8/30/2026 8:21:00 AM,8/30/2026 8:25:00 AM,MIN_OPERATING_MW,26.60,
8/30/2026 8:25:00 AM,RTD,CLUZ,01BUGSOL_G01,G,8/30/2026 8:26:00 AM,8/30/2026 8:30:00 AM,MAX_OPERATING_MW,29,
8/30/2026 8:25:00 AM,RTD,CLUZ,01BUGSOL_G01,G,8/30/2026 8:26:00 AM,8/30/2026 8:30:00 AM,MIN_OPERATING_MW,29,
8/30/2026 8:25:00 AM,RTD,CLUZ,01BULACSOL_G01,G,8/30/2026 8:01:00 AM,8/30/2026 9:00:00 AM,MAX_OPERATING_MW,8.56,
8/30/2026 8:25:00 AM,RTD,CLUZ,01BULACSOL_G01,G,8/30/2026 8:01:00 AM,8/30/2026 9:00:00 AM,MIN_OPERATING_MW,8.56,
8/30/2026 8:25:00 AM,RTD,CLUZ,01CONSOL_G01,G,8/30/2026 8:21:00 AM,8/30/2026 8:25:00 AM,MAX_OPERATING_MW,27.74,
8/30/2026 8:25:00 AM,RTD,CLUZ,01CONSOL_G01,G,8/30/2026 8:21:00 AM,8/30/2026 8:25:00 AM,MIN_OPERATING_MW,27.74,
8/30/2026 8:25:00 AM,RTD,CLUZ,01CONSOL_G01,G,8/30/2026 8:26:00 AM,8/30/2026 8:30:00 AM,MAX_OPERATING_MW,28.76,
8/30/2026 8:25:00 AM,RTD,CLUZ,01CONSOL_G01,G,8/30/2026 8:26:00 AM,8/30/2026 8:30:00 AM,MIN_OPERATING_MW,28.76,
8/30/2026 8:25:00 AM,RTD,CLUZ,01PASBUSOL_G01,G,8/30/2026 8:01:00 AM,8/30/2026 9:00:00 AM,MAX_OPERATING_MW,25.58,
8/30/2026 8:25:00 AM,RTD,CLUZ,01PASBUSOL_G01,G,8/30/2026 8:01:00 AM,8/30/2026 9:00:00 AM,MIN_OPERATING_MW,25.58,
8/30/2026 8:25:00 AM,RTD,CLUZ,01TERRASOL_G01,G,8/30/2026 5:56:00 AM,8/30/2026 9:00:00 AM,MAX_OPERATING_MW,10,
8/30/2026 8:25:00 AM,RTD,CLUZ,01TERRASOL_G01,G,8/30/2026 5:56:00 AM,8/30/2026 9:00:00 AM,MIN_OPERATING_MW,10,
8/30/2026 8:25:00 AM,RTD,CLUZ,03LUNSOL_G01,G,8/30/2026 8:21:00 AM,8/30/2026 8:25:00 AM,MAX_OPERATING_MW,22,
8/30/2026 8:25:00 AM,RTD,CLUZ,03LUNSOL_G01,G,8/30/2026 8:21:00 AM,8/30/2026 8:25:00 AM,MIN_OPERATING_MW,22,
8/30/2026 8:25:00 AM,RTD,CLUZ,03LUNSOL_G01,G,8/30/2026 8:26:00 AM,8/30/2026 8:30:00 AM,MAX_OPERATING_MW,22.64,
8/30/2026 8:25:00 AM,RTD,CLUZ,03LUNSOL_G01,G,8/30/2026 8:26:00 AM,8/30/2026 8:30:00 AM,MIN_OPERATING_MW,22.64,
8/30/2026 8:25:00 AM,RTD,CLUZ,03TANWIND_G01,G,8/30/2026 8:21:00 AM,8/30/2026 8:25:00 AM,MAX_OPERATING_MW,5.20,
8/30/2026 8:25:00 AM,RTD,CLUZ,03TANWIND_G01,G,8/30/2026 8:21:00 AM,8/30/2026 8:25:00 AM,MIN_OPERATING_MW,5.20,
8/30/2026 8:25:00 AM,RTD,CLUZ,03TANWIND_G01,G,8/30/2026 8:26:00 AM,8/30/2026 8:30:00 AM,MAX_OPERATING_MW,5.20,
8/30/2026 8:25:00 AM,RTD,CLUZ,03TANWIND_G01,G,8/30/2026 8:26:00 AM,8/30/2026 8:30:00 AM,MIN_OPERATING_MW,5.20,
8/30/2026 8:25:00 AM,RTD,CVIS,04ISIDROSOL_G01,G,8/30/2026 8:01:00 AM,8/30/2026 9:00:00 AM,MAX_OPERATING_MW,52.30,
8/30/2026 8:25:00 AM,RTD,CVIS,04ISIDROSOL_G01,G,8/30/2026 8:01:00 AM,8/30/2026 9:00:00 AM,MIN_OPERATING_MW,52.30,
8/30/2026 8:25:00 AM,RTD,CVIS,08AJUYSOL_G01,G,8/30/2026 8:01:00 AM,8/30/2026 9:00:00 AM,MAX_OPERATING_MW,6.60,
8/30/2026 8:25:00 AM,RTD,CVIS,08AJUYSOL_G01,G,8/30/2026 8:01:00 AM,8/30/2026 9:00:00 AM,MIN_OPERATING_MW,6.60,
8/30/2026 8:25:00 AM,RTD,CVIS,08AJUYSOL_G02,G,8/30/2026 8:01:00 AM,8/30/2026 9:00:00 AM,MAX_OPERATING_MW,3.40,
8/30/2026 8:25:00 AM,RTD,CVIS,08AJUYSOL_G02,G,8/30/2026 8:01:00 AM,8/30/2026 9:00:00 AM,MIN_OPERATING_MW,3.40,
8/30/2026 8:25:00 AM,RTD,CMIN,10LIAN_G02,G,8/30/2026 12:05:00 AM,8/30/2026 11:59:00 PM,MAX_OPERATING_MW,6.60,
8/30/2026 8:25:00 AM,RTD,CMIN,10LIAN_G02,G,8/30/2026 12:05:00 AM,8/30/2026 11:59:00 PM,MIN_OPERATING_MW,6.60,
8/30/2026 8:25:00 AM,RTD,CMIN,14TANTASOL_G01,G,8/30/2026 8:01:00 AM,8/30/2026 9:00:00 AM,MAX_OPERATING_MW,39,
8/30/2026 8:25:00 AM,RTD,CMIN,14TANTASOL_G01,G,8/30/2026 8:01:00 AM,8/30/2026 9:00:00 AM,MIN_OPERATING_MW,39,
8/30/2026 8:30:00 AM,RTD,CLUZ,01BARBASOL_G01,G,8/30/2026 8:26:00 AM,8/30/2026 8:30:00 AM,MAX_OPERATING_MW,21.38,
8/30/2026 8:30:00 AM,RTD,CLUZ,01BARBASOL_G01,G,8/30/2026 8:26:00 AM,8/30/2026 8:30:00 AM,MIN_OPERATING_MW,21.38,
8/30/2026 8:30:00 AM,RTD,CLUZ,01BARBASOL_G01,G,8/30/2026 8:31:00 AM,8/30/2026 8:35:00 AM,MAX_OPERATING_MW,22.71,
8/30/2026 8:30:00 AM,RTD,CLUZ,01BARBASOL_G01,G,8/30/2026 8:31:00 AM,8/30/2026 8:35:00 AM,MIN_OPERATING_MW,22.71,
8/30/2026 8:30:00 AM,RTD,CLUZ,01BUGSOL_G01,G,8/30/2026 8:26:00 AM,8/30/2026 8:30:00 AM,MAX_OPERATING_MW,29,
8/30/2026 8:30:00 AM,RTD,CLUZ,01BUGSOL_G01,G,8/30/2026 8:26:00 AM,8/30/2026 8:30:00 AM,MIN_OPERATING_MW,29,
8/30/2026 8:30:00 AM,RTD,CLUZ,01BUGSOL_G01,G,8/30/2026 8:31:00 AM,8/30/2026 8:35:00 AM,MAX_OPERATING_MW,27.20,
8/30/2026 8:30:00 AM,RTD,CLUZ,01BUGSOL_G01,G,8/30/2026 8:31:00 AM,8/30/2026 8:35:00 AM,MIN_OPERATING_MW,27.20,
8/30/2026 8:30:00 AM,RTD,CLUZ,01BULACSOL_G01,G,8/30/2026 8:01:00 AM,8/30/2026 9:00:00 AM,MAX_OPERATING_MW,8.56,
8/30/2026 8:30:00 AM,RTD,CLUZ,01BULACSOL_G01,G,8/30/2026 8:01:00 AM,8/30/2026 9:00:00 AM,MIN_OPERATING_MW,8.56,
8/30/2026 8:30:00 AM,RTD,CLUZ,01CONSOL_G01,G,8/30/2026 8:26:00 AM,8/30/2026 8:30:00 AM,MAX_OPERATING_MW,28.76,
8/30/2026 8:30:00 AM,RTD,CLUZ,01CONSOL_G01,G,8/30/2026 8:26:00 AM,8/30/2026 8:30:00 AM,MIN_OPERATING_MW,28.76,
8/30/2026 8:30:00 AM,RTD,CLUZ,01CONSOL_G01,G,8/30/2026 8:31:00 AM,8/30/2026 8:35:00 AM,MAX_OPERATING_MW,29.76,
8/30/2026 8:30:00 AM,RTD,CLUZ,01CONSOL_G01,G,8/30/2026 8:31:00 AM,8/30/2026 8:35:00 AM,MIN_OPERATING_MW,29.76,
8/30/2026 8:30:00 AM,RTD,CLUZ,01PASBUSOL_G01,G,8/30/2026 8:01:00 AM,8/30/2026 9:00:00 AM,MAX_OPERATING_MW,25.58,
8/30/2026 8:30:00 AM,RTD,CLUZ,01PASBUSOL_G01,G,8/30/2026 8:01:00 AM,8/30/2026 9:00:00 AM,MIN_OPERATING_MW,25.58,
8/30/2026 8:30:00 AM,RTD,CLUZ,01TERRASOL_G01,G,8/30/2026 5:56:00 AM,8/30/2026 9:00:00 AM,MAX_OPERATING_MW,10,
8/30/2026 8:30:00 AM,RTD,CLUZ,01TERRASOL_G01,G,8/30/2026 5:56:00 AM,8/30/2026 9:00:00 AM,MIN_OPERATING_MW,10,
8/30/2026 8:30:00 AM,RTD,CLUZ,03LUNSOL_G01,G,8/30/2026 8:26:00 AM,8/30/2026 8:30:00 AM,MAX_OPERATING_MW,22.64,
8/30/2026 8:30:00 AM,RTD,CLUZ,03LUNSOL_G01,G,8/30/2026 8:26:00 AM,8/30/2026 8:30:00 AM,MIN_OPERATING_MW,22.64,
8/30/2026 8:30:00 AM,RTD,CLUZ,03LUNSOL_G01,G,8/30/2026 8:31:00 AM,8/30/2026 8:35:00 AM,MAX_OPERATING_MW,23.26,
8/30/2026 8:30:00 AM,RTD,CLUZ,03LUNSOL_G01,G,8/30/2026 8:31:00 AM,8/30/2026 8:35:00 AM,MIN_OPERATING_MW,23.26,
8/30/2026 8:30:00 AM,RTD,CLUZ,03TANWIND_G01,G,8/30/2026 8:26:00 AM,8/30/2026 8:30:00 AM,MAX_OPERATING_MW,5.20,
8/30/2026 8:30:00 AM,RTD,CLUZ,03TANWIND_G01,G,8/30/2026 8:26:00 AM,8/30/2026 8:30:00 AM,MIN_OPERATING_MW,5.20,
8/30/2026 8:30:00 AM,RTD,CLUZ,03TANWIND_G01,G,8/30/2026 8:31:00 AM,8/30/2026 8:35:00 AM,MAX_OPERATING_MW,5.20,
8/30/2026 8:30:00 AM,RTD,CLUZ,03TANWIND_G01,G,8/30/2026 8:31:00 AM,8/30/2026 8:35:00 AM,MIN_OPERATING_MW,5.20,
8/30/2026 8:30:00 AM,RTD,CVIS,04ISIDROSOL_G01,G,8/30/2026 8:01:00 AM,8/30/2026 9:00:00 AM,MAX_OPERATING_MW,52.30,
8/30/2026 8:30:00 AM,RTD,CVIS,04ISIDROSOL_G01,G,8/30/2026 8:01:00 AM,8/30/2026 9:00:00 AM,MIN_OPERATING_MW,52.30,
8/30/2026 8:30:00 AM,RTD,CVIS,08AJUYSOL_G01,G,8/30/2026 8:01:00 AM,8/30/2026 9:00:00 AM,MAX_OPERATING_MW,6.60,
8/30/2026 8:30:00 AM,RTD,CVIS,08AJUYSOL_G01,G,8/30/2026 8:01:00 AM,8/30/2026 9:00:00 AM,MIN_OPERATING_MW,6.60,
8/30/2026 8:30:00 AM,RTD,CVIS,08AJUYSOL_G02,G,8/30/2026 8:01:00 AM,8/30/2026 9:00:00 AM,MAX_OPERATING_MW,3.40,
8/30/2026 8:30:00 AM,RTD,CVIS,08AJUYSOL_G02,G,8/30/2026 8:01:00 AM,8/30/2026 9:00:00 AM,MIN_OPERATING_MW,3.40,
8/30/2026 8:30:00 AM,RTD,CMIN,10LIAN_G02,G,8/30/2026 12:05:00 AM,8/30/2026 11:59:00 PM,MAX_OPERATING_MW,6.60,
8/30/2026 8:30:00 AM,RTD,CMIN,10LIAN_G02,G,8/30/2026 12:05:00 AM,8/30/2026 11:59:00 PM,MIN_OPERATING_MW,6.60,
8/30/2026 8:30:00 AM,RTD,CMIN,14TANTASOL_G01,G,8/30/2026 8:01:00 AM,8/30/2026 9:00:00 AM,MAX_OPERATING_MW,39,
8/30/2026 8:30:00 AM,RTD,CMIN,14TANTASOL_G01,G,8/30/2026 8:01:00 AM,8/30/2026 9:00:00 AM,MIN_OPERATING_MW,39,
8/30/2026 8:35:00 AM,RTD,CLUZ,01BARBASOL_G01,G,8/30/2026 8:31:00 AM,8/30/2026 8:35:00 AM,MAX_OPERATING_MW,22.71,
8/30/2026 8:35:00 AM,RTD,CLUZ,01BARBASOL_G01,G,8/30/2026 8:31:00 AM,8/30/2026 8:35:00 AM,MIN_OPERATING_MW,22.71,
8/30/2026 8:35:00 AM,RTD,CLUZ,01BARBASOL_G01,G,8/30/2026 8:36:00 AM,8/30/2026 8:40:00 AM,MAX_OPERATING_MW,24.06,
8/30/2026 8:35:00 AM,RTD,CLUZ,01BARBASOL_G01,G,8/30/2026 8:36:00 AM,8/30/2026 8:40:00 AM,MIN_OPERATING_MW,24.06,
8/30/2026 8:35:00 AM,RTD,CLUZ,01BUGSOL_G01,G,8/30/2026 8:31:00 AM,8/30/2026 8:35:00 AM,MAX_OPERATING_MW,27.20,
8/30/2026 8:35:00 AM,RTD,CLUZ,01BUGSOL_G01,G,8/30/2026 8:31:00 AM,8/30/2026 8:35:00 AM,MIN_OPERATING_MW,27.20,
8/30/2026 8:35:00 AM,RTD,CLUZ,01BUGSOL_G01,G,8/30/2026 8:36:00 AM,8/30/2026 8:40:00 AM,MAX_OPERATING_MW,33,
8/30/2026 8:35:00 AM,RTD,CLUZ,01BUGSOL_G01,G,8/30/2026 8:36:00 AM,8/30/2026 8:40:00 AM,MIN_OPERATING_MW,33,
8/30/2026 8:35:00 AM,RTD,CLUZ,01BULACSOL_G01,G,8/30/2026 8:01:00 AM,8/30/2026 9:00:00 AM,MAX_OPERATING_MW,8.56,
8/30/2026 8:35:00 AM,RTD,CLUZ,01BULACSOL_G01,G,8/30/2026 8:01:00 AM,8/30/2026 9:00:00 AM,MIN_OPERATING_MW,8.56,
8/30/2026 8:35:00 AM,RTD,CLUZ,01CONSOL_G01,G,8/30/2026 8:31:00 AM,8/30/2026 8:35:00 AM,MAX_OPERATING_MW,29.76,
8/30/2026 8:35:00 AM,RTD,CLUZ,01CONSOL_G01,G,8/30/2026 8:31:00 AM,8/30/2026 8:35:00 AM,MIN_OPERATING_MW,29.76,
8/30/2026 8:35:00 AM,RTD,CLUZ,01CONSOL_G01,G,8/30/2026 8:36:00 AM,8/30/2026 8:40:00 AM,MAX_OPERATING_MW,30.76,
8/30/2026 8:35:00 AM,RTD,CLUZ,01CONSOL_G01,G,8/30/2026 8:36:00 AM,8/30/2026 8:40:00 AM,MIN_OPERATING_MW,30.76,
8/30/2026 8:35:00 AM,RTD,CLUZ,01PASBUSOL_G01,G,8/30/2026 8:01:00 AM,8/30/2026 9:00:00 AM,MAX_OPERATING_MW,25.58,
8/30/2026 8:35:00 AM,RTD,CLUZ,01PASBUSOL_G01,G,8/30/2026 8:01:00 AM,8/30/2026 9:00:00 AM,MIN_OPERATING_MW,25.58,
8/30/2026 8:35:00 AM,RTD,CLUZ,01TERRASOL_G01,G,8/30/2026 5:56:00 AM,8/30/2026 9:00:00 AM,MAX_OPERATING_MW,10,
8/30/2026 8:35:00 AM,RTD,CLUZ,01TERRASOL_G01,G,8/30/2026 5:56:00 AM,8/30/2026 9:00:00 AM,MIN_OPERATING_MW,10,
8/30/2026 8:35:00 AM,RTD,CLUZ,03LUNSOL_G01,G,8/30/2026 8:31:00 AM,8/30/2026 8:35:00 AM,MAX_OPERATING_MW,23.26,
8/30/2026 8:35:00 AM,RTD,CLUZ,03LUNSOL_G01,G,8/30/2026 8:31:00 AM,8/30/2026 8:35:00 AM,MIN_OPERATING_MW,23.26,
8/30/2026 8:35:00 AM,RTD,CLUZ,03LUNSOL_G01,G,8/30/2026 8:36:00 AM,8/30/2026 8:40:00 AM,MAX_OPERATING_MW,23.86,
8/30/2026 8:35:00 AM,RTD,CLUZ,03LUNSOL_G01,G,8/30/2026 8:36:00 AM,8/30/2026 8:40:00 AM,MIN_OPERATING_MW,23.86,
8/30/2026 8:35:00 AM,RTD,CLUZ,03TANWIND_G01,G,8/30/2026 8:31:00 AM,8/30/2026 8:35:00 AM,MAX_OPERATING_MW,5.20,
8/30/2026 8:35:00 AM,RTD,CLUZ,03TANWIND_G01,G,8/30/2026 8:31:00 AM,8/30/2026 8:35:00 AM,MIN_OPERATING_MW,5.20,
8/30/2026 8:35:00 AM,RTD,CLUZ,03TANWIND_G01,G,8/30/2026 8:36:00 AM,8/30/2026 8:40:00 AM,MAX_OPERATING_MW,5.20,
8/30/2026 8:35:00 AM,RTD,CLUZ,03TANWIND_G01,G,8/30/2026 8:36:00 AM,8/30/2026 8:40:00 AM,MIN_OPERATING_MW,5.20,
8/30/2026 8:35:00 AM,RTD,CVIS,04ISIDROSOL_G01,G,8/30/2026 8:01:00 AM,8/30/2026 9:00:00 AM,MAX_OPERATING_MW,52.30,
8/30/2026 8:35:00 AM,RTD,CVIS,04ISIDROSOL_G01,G,8/30/2026 8:01:00 AM,8/30/2026 9:00:00 AM,MIN_OPERATING_MW,52.30,
8/30/2026 8:35:00 AM,RTD,CVIS,08AJUYSOL_G01,G,8/30/2026 8:01:00 AM,8/30/2026 9:00:00 AM,MAX_OPERATING_MW,6.60,
8/30/2026 8:35:00 AM,RTD,CVIS,08AJUYSOL_G01,G,8/30/2026 8:01:00 AM,8/30/2026 9:00:00 AM,MIN_OPERATING_MW,6.60,
8/30/2026 8:35:00 AM,RTD,CVIS,08AJUYSOL_G02,G,8/30/2026 8:01:00 AM,8/30/2026 9:00:00 AM,MAX_OPERATING_MW,3.40,
8/30/2026 8:35:00 AM,RTD,CVIS,08AJUYSOL_G02,G,8/30/2026 8:01:00 AM,8/30/2026 9:00:00 AM,MIN_OPERATING_MW,3.40,
8/30/2026 8:35:00 AM,RTD,CMIN,10LIAN_G02,G,8/30/2026 12:05:00 AM,8/30/2026 11:59:00 PM,MAX_OPERATING_MW,6.60,
8/30/2026 8:35:00 AM,RTD,CMIN,10LIAN_G02,G,8/30/2026 12:05:00 AM,8/30/2026 11:59:00 PM,MIN_OPERATING_MW,6.60,
8/30/2026 8:35:00 AM,RTD,CMIN,14TANTASOL_G01,G,8/30/2026 8:01:00 AM,8/30/2026 9:00:00 AM,MAX_OPERATING_MW,39,
8/30/2026 8:35:00 AM,RTD,CMIN,14TANTASOL_G01,G,8/30/2026 8:01:00 AM,8/30/2026 9:00:00 AM,MIN_OPERATING_MW,39,
8/30/2026 8:40:00 AM,RTD,CLUZ,01BARBASOL_G01,G,8/30/2026 8:36:00 AM,8/30/2026 8:40:00 AM,MAX_OPERATING_MW,24.06,
8/30/2026 8:40:00 AM,RTD,CLUZ,01BARBASOL_G01,G,8/30/2026 8:36:00 AM,8/30/2026 8:40:00 AM,MIN_OPERATING_MW,24.06,
8/30/2026 8:40:00 AM,RTD,CLUZ,01BARBASOL_G01,G,8/30/2026 8:41:00 AM,8/30/2026 8:45:00 AM,MAX_OPERATING_MW,25.42,
8/30/2026 8:40:00 AM,RTD,CLUZ,01BARBASOL_G01,G,8/30/2026 8:41:00 AM,8/30/2026 8:45:00 AM,MIN_OPERATING_MW,25.42,
8/30/2026 8:40:00 AM,RTD,CLUZ,01BUGSOL_G01,G,8/30/2026 8:36:00 AM,8/30/2026 8:40:00 AM,MAX_OPERATING_MW,33,
8/30/2026 8:40:00 AM,RTD,CLUZ,01BUGSOL_G01,G,8/30/2026 8:36:00 AM,8/30/2026 8:40:00 AM,MIN_OPERATING_MW,33,
8/30/2026 8:40:00 AM,RTD,CLUZ,01BUGSOL_G01,G,8/30/2026 8:41:00 AM,8/30/2026 8:45:00 AM,MAX_OPERATING_MW,35,
8/30/2026 8:40:00 AM,RTD,CLUZ,01BUGSOL_G01,G,8/30/2026 8:41:00 AM,8/30/2026 8:45:00 AM,MIN_OPERATING_MW,35,
8/30/2026 8:40:00 AM,RTD,CLUZ,01BULACSOL_G01,G,8/30/2026 8:01:00 AM,8/30/2026 9:00:00 AM,MAX_OPERATING_MW,8.56,
8/30/2026 8:40:00 AM,RTD,CLUZ,01BULACSOL_G01,G,8/30/2026 8:01:00 AM,8/30/2026 9:00:00 AM,MIN_OPERATING_MW,8.56,
8/30/2026 8:40:00 AM,RTD,CLUZ,01CONSOL_G01,G,8/30/2026 8:36:00 AM,8/30/2026 8:40:00 AM,MAX_OPERATING_MW,30.76,
8/30/2026 8:40:00 AM,RTD,CLUZ,01CONSOL_G01,G,8/30/2026 8:36:00 AM,8/30/2026 8:40:00 AM,MIN_OPERATING_MW,30.76,
8/30/2026 8:40:00 AM,RTD,CLUZ,01CONSOL_G01,G,8/30/2026 8:41:00 AM,8/30/2026 8:45:00 AM,MAX_OPERATING_MW,31.74,
8/30/2026 8:40:00 AM,RTD,CLUZ,01CONSOL_G01,G,8/30/2026 8:41:00 AM,8/30/2026 8:45:00 AM,MIN_OPERATING_MW,31.74,
8/30/2026 8:40:00 AM,RTD,CLUZ,01PASBUSOL_G01,G,8/30/2026 8:01:00 AM,8/30/2026 9:00:00 AM,MAX_OPERATING_MW,25.58,
8/30/2026 8:40:00 AM,RTD,CLUZ,01PASBUSOL_G01,G,8/30/2026 8:01:00 AM,8/30/2026 9:00:00 AM,MIN_OPERATING_MW,25.58,
8/30/2026 8:40:00 AM,RTD,CLUZ,01TERRASOL_G01,G,8/30/2026 5:56:00 AM,8/30/2026 9:00:00 AM,MAX_OPERATING_MW,10,
8/30/2026 8:40:00 AM,RTD,CLUZ,01TERRASOL_G01,G,8/30/2026 5:56:00 AM,8/30/2026 9:00:00 AM,MIN_OPERATING_MW,10,
8/30/2026 8:40:00 AM,RTD,CLUZ,03LUNSOL_G01,G,8/30/2026 8:36:00 AM,8/30/2026 8:40:00 AM,MAX_OPERATING_MW,23.86,
8/30/2026 8:40:00 AM,RTD,CLUZ,03LUNSOL_G01,G,8/30/2026 8:36:00 AM,8/30/2026 8:40:00 AM,MIN_OPERATING_MW,23.86,
8/30/2026 8:40:00 AM,RTD,CLUZ,03LUNSOL_G01,G,8/30/2026 8:41:00 AM,8/30/2026 8:45:00 AM,MAX_OPERATING_MW,24.45,
8/30/2026 8:40:00 AM,RTD,CLUZ,03LUNSOL_G01,G,8/30/2026 8:41:00 AM,8/30/2026 8:45:00 AM,MIN_OPERATING_MW,24.45,
8/30/2026 8:40:00 AM,RTD,CLUZ,03TANWIND_G01,G,8/30/2026 8:36:00 AM,8/30/2026 8:40:00 AM,MAX_OPERATING_MW,5.20,
8/30/2026 8:40:00 AM,RTD,CLUZ,03TANWIND_G01,G,8/30/2026 8:36:00 AM,8/30/2026 8:40:00 AM,MIN_OPERATING_MW,5.20,
8/30/2026 8:40:00 AM,RTD,CLUZ,03TANWIND_G01,G,8/30/2026 8:41:00 AM,8/30/2026 8:45:00 AM,MAX_OPERATING_MW,5.20,
8/30/2026 8:40:00 AM,RTD,CLUZ,03TANWIND_G01,G,8/30/2026 8:41:00 AM,8/30/2026 8:45:00 AM,MIN_OPERATING_MW,5.20,
8/30/2026 8:40:00 AM,RTD,CVIS,04ISIDROSOL_G01,G,8/30/2026 8:01:00 AM,8/30/2026 9:00:00 AM,MAX_OPERATING_MW,52.30,
8/30/2026 8:40:00 AM,RTD,CVIS,04ISIDROSOL_G01,G,8/30/2026 8:01:00 AM,8/30/2026 9:00:00 AM,MIN_OPERATING_MW,52.30,
8/30/2026 8:40:00 AM,RTD,CVIS,08AJUYSOL_G01,G,8/30/2026 8:01:00 AM,8/30/2026 9:00:00 AM,MAX_OPERATING_MW,6.60,
8/30/2026 8:40:00 AM,RTD,CVIS,08AJUYSOL_G01,G,8/30/2026 8:01:00 AM,8/30/2026 9:00:00 AM,MIN_OPERATING_MW,6.60,
8/30/2026 8:40:00 AM,RTD,CVIS,08AJUYSOL_G02,G,8/30/2026 8:01:00 AM,8/30/2026 9:00:00 AM,MAX_OPERATING_MW,3.40,
8/30/2026 8:40:00 AM,RTD,CVIS,08AJUYSOL_G02,G,8/30/2026 8:01:00 AM,8/30/2026 9:00:00 AM,MIN_OPERATING_MW,3.40,
8/30/2026 8:40:00 AM,RTD,CMIN,10LIAN_G02,G,8/30/2026 12:05:00 AM,8/30/2026 11:59:00 PM,MAX_OPERATING_MW,6.60,
8/30/2026 8:40:00 AM,RTD,CMIN,10LIAN_G02,G,8/30/2026 12:05:00 AM,8/30/2026 11:59:00 PM,MIN_OPERATING_MW,6.60,
8/30/2026 8:40:00 AM,RTD,CMIN,14TANTASOL_G01,G,8/30/2026 8:01:00 AM,8/30/2026 9:00:00 AM,MAX_OPERATING_MW,39,
8/30/2026 8:40:00 AM,RTD,CMIN,14TANTASOL_G01,G,8/30/2026 8:01:00 AM,8/30/2026 9:00:00 AM,MIN_OPERATING_MW,39,
8/30/2026 8:45:00 AM,RTD,CLUZ,01BARBASOL_G01,G,8/30/2026 8:41:00 AM,8/30/2026 8:45:00 AM,MAX_OPERATING_MW,25.42,
8/30/2026 8:45:00 AM,RTD,CLUZ,01BARBASOL_G01,G,8/30/2026 8:41:00 AM,8/30/2026 8:45:00 AM,MIN_OPERATING_MW,25.42,
8/30/2026 8:45:00 AM,RTD,CLUZ,01BARBASOL_G01,G,8/30/2026 8:46:00 AM,8/30/2026 8:50:00 AM,MAX_OPERATING_MW,26.77,
8/30/2026 8:45:00 AM,RTD,CLUZ,01BARBASOL_G01,G,8/30/2026 8:46:00 AM,8/30/2026 8:50:00 AM,MIN_OPERATING_MW,26.77,
8/30/2026 8:45:00 AM,RTD,CLUZ,01BUGSOL_G01,G,8/30/2026 8:41:00 AM,8/30/2026 8:45:00 AM,MAX_OPERATING_MW,35,
8/30/2026 8:45:00 AM,RTD,CLUZ,01BUGSOL_G01,G,8/30/2026 8:41:00 AM,8/30/2026 8:45:00 AM,MIN_OPERATING_MW,35,
8/30/2026 8:45:00 AM,RTD,CLUZ,01BUGSOL_G01,G,8/30/2026 8:46:00 AM,8/30/2026 8:50:00 AM,MAX_OPERATING_MW,32.70,
8/30/2026 8:45:00 AM,RTD,CLUZ,01BUGSOL_G01,G,8/30/2026 8:46:00 AM,8/30/2026 8:50:00 AM,MIN_OPERATING_MW,32.70,
8/30/2026 8:45:00 AM,RTD,CLUZ,01BULACSOL_G01,G,8/30/2026 8:01:00 AM,8/30/2026 9:00:00 AM,MAX_OPERATING_MW,8.56,
8/30/2026 8:45:00 AM,RTD,CLUZ,01BULACSOL_G01,G,8/30/2026 8:01:00 AM,8/30/2026 9:00:00 AM,MIN_OPERATING_MW,8.56,
8/30/2026 8:45:00 AM,RTD,CLUZ,01CONSOL_G01,G,8/30/2026 8:41:00 AM,8/30/2026 8:45:00 AM,MAX_OPERATING_MW,31.74,
8/30/2026 8:45:00 AM,RTD,CLUZ,01CONSOL_G01,G,8/30/2026 8:41:00 AM,8/30/2026 8:45:00 AM,MIN_OPERATING_MW,31.74,
8/30/2026 8:45:00 AM,RTD,CLUZ,01CONSOL_G01,G,8/30/2026 8:46:00 AM,8/30/2026 8:50:00 AM,MAX_OPERATING_MW,32.70,
8/30/2026 8:45:00 AM,RTD,CLUZ,01CONSOL_G01,G,8/30/2026 8:46:00 AM,8/30/2026 8:50:00 AM,MIN_OPERATING_MW,32.70,
8/30/2026 8:45:00 AM,RTD,CLUZ,01PASBUSOL_G01,G,8/30/2026 8:01:00 AM,8/30/2026 9:00:00 AM,MAX_OPERATING_MW,25.58,
8/30/2026 8:45:00 AM,RTD,CLUZ,01PASBUSOL_G01,G,8/30/2026 8:01:00 AM,8/30/2026 9:00:00 AM,MIN_OPERATING_MW,25.58,
8/30/2026 8:45:00 AM,RTD,CLUZ,01TERRASOL_G01,G,8/30/2026 5:56:00 AM,8/30/2026 9:00:00 AM,MAX_OPERATING_MW,10,
8/30/2026 8:45:00 AM,RTD,CLUZ,01TERRASOL_G01,G,8/30/2026 5:56:00 AM,8/30/2026 9:00:00 AM,MIN_OPERATING_MW,10,
8/30/2026 8:45:00 AM,RTD,CLUZ,03LUNSOL_G01,G,8/30/2026 8:41:00 AM,8/30/2026 8:45:00 AM,MAX_OPERATING_MW,24.45,
8/30/2026 8:45:00 AM,RTD,CLUZ,03LUNSOL_G01,G,8/30/2026 8:41:00 AM,8/30/2026 8:45:00 AM,MIN_OPERATING_MW,24.45,
8/30/2026 8:45:00 AM,RTD,CLUZ,03LUNSOL_G01,G,8/30/2026 8:46:00 AM,8/30/2026 8:50:00 AM,MAX_OPERATING_MW,25.03,
8/30/2026 8:45:00 AM,RTD,CLUZ,03LUNSOL_G01,G,8/30/2026 8:46:00 AM,8/30/2026 8:50:00 AM,MIN_OPERATING_MW,25.03,
8/30/2026 8:45:00 AM,RTD,CLUZ,03TANWIND_G01,G,8/30/2026 8:41:00 AM,8/30/2026 8:45:00 AM,MAX_OPERATING_MW,5.20,
8/30/2026 8:45:00 AM,RTD,CLUZ,03TANWIND_G01,G,8/30/2026 8:41:00 AM,8/30/2026 8:45:00 AM,MIN_OPERATING_MW,5.20,
8/30/2026 8:45:00 AM,RTD,CLUZ,03TANWIND_G01,G,8/30/2026 8:46:00 AM,8/30/2026 8:50:00 AM,MAX_OPERATING_MW,5.20,
8/30/2026 8:45:00 AM,RTD,CLUZ,03TANWIND_G01,G,8/30/2026 8:46:00 AM,8/30/2026 8:50:00 AM,MIN_OPERATING_MW,5.20,
8/30/2026 8:45:00 AM,RTD,CVIS,04ISIDROSOL_G01,G,8/30/2026 8:01:00 AM,8/30/2026 9:00:00 AM,MAX_OPERATING_MW,52.30,
8/30/2026 8:45:00 AM,RTD,CVIS,04ISIDROSOL_G01,G,8/30/2026 8:01:00 AM,8/30/2026 9:00:00 AM,MIN_OPERATING_MW,52.30,
8/30/2026 8:45:00 AM,RTD,CVIS,08AJUYSOL_G01,G,8/30/2026 8:01:00 AM,8/30/2026 9:00:00 AM,MAX_OPERATING_MW,6.60,
8/30/2026 8:45:00 AM,RTD,CVIS,08AJUYSOL_G01,G,8/30/2026 8:01:00 AM,8/30/2026 9:00:00 AM,MIN_OPERATING_MW,6.60,
8/30/2026 8:45:00 AM,RTD,CVIS,08AJUYSOL_G02,G,8/30/2026 8:01:00 AM,8/30/2026 9:00:00 AM,MAX_OPERATING_MW,3.40,
8/30/2026 8:45:00 AM,RTD,CVIS,08AJUYSOL_G02,G,8/30/2026 8:01:00 AM,8/30/2026 9:00:00 AM,MIN_OPERATING_MW,3.40,
8/30/2026 8:45:00 AM,RTD,CMIN,10LIAN_G02,G,8/30/2026 12:05:00 AM,8/30/2026 11:59:00 PM,MAX_OPERATING_MW,6.60,
8/30/2026 8:45:00 AM,RTD,CMIN,10LIAN_G02,G,8/30/2026 12:05:00 AM,8/30/2026 11:59:00 PM,MIN_OPERATING_MW,6.60,
8/30/2026 8:45:00 AM,RTD,CMIN,14TANTASOL_G01,G,8/30/2026 8:01:00 AM,8/30/2026 9:00:00 AM,MAX_OPERATING_MW,39,
8/30/2026 8:45:00 AM,RTD,CMIN,14TANTASOL_G01,G,8/30/2026 8:01:00 AM,8/30/2026 9:00:00 AM,MIN_OPERATING_MW,39,
8/30/2026 8:50:00 AM,RTD,CLUZ,01BARBASOL_G01,G,8/30/2026 8:46:00 AM,8/30/2026 8:50:00 AM,MAX_OPERATING_MW,26.77,
8/30/2026 8:50:00 AM,RTD,CLUZ,01BARBASOL_G01,G,8/30/2026 8:46:00 AM,8/30/2026 8:50:00 AM,MIN_OPERATING_MW,26.77,
8/30/2026 8:50:00 AM,RTD,CLUZ,01BARBASOL_G01,G,8/30/2026 8:51:00 AM,8/30/2026 8:55:00 AM,MAX_OPERATING_MW,28.11,
8/30/2026 8:50:00 AM,RTD,CLUZ,01BARBASOL_G01,G,8/30/2026 8:51:00 AM,8/30/2026 8:55:00 AM,MIN_OPERATING_MW,28.11,
8/30/2026 8:50:00 AM,RTD,CLUZ,01BUGSOL_G01,G,8/30/2026 8:46:00 AM,8/30/2026 8:50:00 AM,MAX_OPERATING_MW,32.70,
8/30/2026 8:50:00 AM,RTD,CLUZ,01BUGSOL_G01,G,8/30/2026 8:46:00 AM,8/30/2026 8:50:00 AM,MIN_OPERATING_MW,32.70,
8/30/2026 8:50:00 AM,RTD,CLUZ,01BUGSOL_G01,G,8/30/2026 8:51:00 AM,8/30/2026 8:55:00 AM,MAX_OPERATING_MW,31.90,
8/30/2026 8:50:00 AM,RTD,CLUZ,01BUGSOL_G01,G,8/30/2026 8:51:00 AM,8/30/2026 8:55:00 AM,MIN_OPERATING_MW,31.90,
8/30/2026 8:50:00 AM,RTD,CLUZ,01BULACSOL_G01,G,8/30/2026 8:01:00 AM,8/30/2026 9:00:00 AM,MAX_OPERATING_MW,8.56,
8/30/2026 8:50:00 AM,RTD,CLUZ,01BULACSOL_G01,G,8/30/2026 8:01:00 AM,8/30/2026 9:00:00 AM,MIN_OPERATING_MW,8.56,
8/30/2026 8:50:00 AM,RTD,CLUZ,01CONSOL_G01,G,8/30/2026 8:46:00 AM,8/30/2026 8:50:00 AM,MAX_OPERATING_MW,32.70,
8/30/2026 8:50:00 AM,RTD,CLUZ,01CONSOL_G01,G,8/30/2026 8:46:00 AM,8/30/2026 8:50:00 AM,MIN_OPERATING_MW,32.70,
8/30/2026 8:50:00 AM,RTD,CLUZ,01CONSOL_G01,G,8/30/2026 8:51:00 AM,8/30/2026 8:55:00 AM,MAX_OPERATING_MW,33.65,
8/30/2026 8:50:00 AM,RTD,CLUZ,01CONSOL_G01,G,8/30/2026 8:51:00 AM,8/30/2026 8:55:00 AM,MIN_OPERATING_MW,33.65,
8/30/2026 8:50:00 AM,RTD,CLUZ,01PASBUSOL_G01,G,8/30/2026 8:01:00 AM,8/30/2026 9:00:00 AM,MAX_OPERATING_MW,25.58,
8/30/2026 8:50:00 AM,RTD,CLUZ,01PASBUSOL_G01,G,8/30/2026 8:01:00 AM,8/30/2026 9:00:00 AM,MIN_OPERATING_MW,25.58,
8/30/2026 8:50:00 AM,RTD,CLUZ,01TERRASOL_G01,G,8/30/2026 5:56:00 AM,8/30/2026 9:00:00 AM,MAX_OPERATING_MW,10,
8/30/2026 8:50:00 AM,RTD,CLUZ,01TERRASOL_G01,G,8/30/2026 5:56:00 AM,8/30/2026 9:00:00 AM,MIN_OPERATING_MW,10,
8/30/2026 8:50:00 AM,RTD,CLUZ,03LUNSOL_G01,G,8/30/2026 8:46:00 AM,8/30/2026 8:50:00 AM,MAX_OPERATING_MW,25.03,
8/30/2026 8:50:00 AM,RTD,CLUZ,03LUNSOL_G01,G,8/30/2026 8:46:00 AM,8/30/2026 8:50:00 AM,MIN_OPERATING_MW,25.03,
8/30/2026 8:50:00 AM,RTD,CLUZ,03LUNSOL_G01,G,8/30/2026 8:51:00 AM,8/30/2026 8:55:00 AM,MAX_OPERATING_MW,25.60,
8/30/2026 8:50:00 AM,RTD,CLUZ,03LUNSOL_G01,G,8/30/2026 8:51:00 AM,8/30/2026 8:55:00 AM,MIN_OPERATING_MW,25.60,
8/30/2026 8:50:00 AM,RTD,CLUZ,03TANWIND_G01,G,8/30/2026 8:46:00 AM,8/30/2026 8:50:00 AM,MAX_OPERATING_MW,5.20,
8/30/2026 8:50:00 AM,RTD,CLUZ,03TANWIND_G01,G,8/30/2026 8:46:00 AM,8/30/2026 8:50:00 AM,MIN_OPERATING_MW,5.20,
8/30/2026 8:50:00 AM,RTD,CLUZ,03TANWIND_G01,G,8/30/2026 8:51:00 AM,8/30/2026 8:55:00 AM,MAX_OPERATING_MW,5.20,
8/30/2026 8:50:00 AM,RTD,CLUZ,03TANWIND_G01,G,8/30/2026 8:51:00 AM,8/30/2026 8:55:00 AM,MIN_OPERATING_MW,5.20,
8/30/2026 8:50:00 AM,RTD,CVIS,04ISIDROSOL_G01,G,8/30/2026 8:01:00 AM,8/30/2026 9:00:00 AM,MAX_OPERATING_MW,52.30,
8/30/2026 8:50:00 AM,RTD,CVIS,04ISIDROSOL_G01,G,8/30/2026 8:01:00 AM,8/30/2026 9:00:00 AM,MIN_OPERATING_MW,52.30,
8/30/2026 8:50:00 AM,RTD,CVIS,08AJUYSOL_G01,G,8/30/2026 8:01:00 AM,8/30/2026 9:00:00 AM,MAX_OPERATING_MW,6.60,
8/30/2026 8:50:00 AM,RTD,CVIS,08AJUYSOL_G01,G,8/30/2026 8:01:00 AM,8/30/2026 9:00:00 AM,MIN_OPERATING_MW,6.60,
8/30/2026 8:50:00 AM,RTD,CVIS,08AJUYSOL_G02,G,8/30/2026 8:01:00 AM,8/30/2026 9:00:00 AM,MAX_OPERATING_MW,3.40,
8/30/2026 8:50:00 AM,RTD,CVIS,08AJUYSOL_G02,G,8/30/2026 8:01:00 AM,8/30/2026 9:00:00 AM,MIN_OPERATING_MW,3.40,
8/30/2026 8:50:00 AM,RTD,CMIN,10LIAN_G02,G,8/30/2026 12:05:00 AM,8/30/2026 11:59:00 PM,MAX_OPERATING_MW,6.60,
8/30/2026 8:50:00 AM,RTD,CMIN,10LIAN_G02,G,8/30/2026 12:05:00 AM,8/30/2026 11:59:00 PM,MIN_OPERATING_MW,6.60,
8/30/2026 8:50:00 AM,RTD,CMIN,14TANTASOL_G01,G,8/30/2026 8:01:00 AM,8/30/2026 9:00:00 AM,MAX_OPERATING_MW,39,
8/30/2026 8:50:00 AM,RTD,CMIN,14TANTASOL_G01,G,8/30/2026 8:01:00 AM,8/30/2026 9:00:00 AM,MIN_OPERATING_MW,39,
8/30/2026 8:55:00 AM,RTD,CLUZ,01BARBASOL_G01,G,8/30/2026 8:51:00 AM,8/30/2026 8:55:00 AM,MAX_OPERATING_MW,28.11,
8/30/2026 8:55:00 AM,RTD,CLUZ,01BARBASOL_G01,G,8/30/2026 8:51:00 AM,8/30/2026 8:55:00 AM,MIN_OPERATING_MW,28.11,
8/30/2026 8:55:00 AM,RTD,CLUZ,01BARBASOL_G01,G,8/30/2026 8:56:00 AM,8/30/2026 9:00:00 AM,MAX_OPERATING_MW,29.40,
8/30/2026 8:55:00 AM,RTD,CLUZ,01BARBASOL_G01,G,8/30/2026 8:56:00 AM,8/30/2026 9:00:00 AM,MIN_OPERATING_MW,29.40,
8/30/2026 8:55:00 AM,RTD,CLUZ,01BUGSOL_G01,G,8/30/2026 8:51:00 AM,8/30/2026 8:55:00 AM,MAX_OPERATING_MW,31.90,
8/30/2026 8:55:00 AM,RTD,CLUZ,01BUGSOL_G01,G,8/30/2026 8:51:00 AM,8/30/2026 8:55:00 AM,MIN_OPERATING_MW,31.90,
8/30/2026 8:55:00 AM,RTD,CLUZ,01BUGSOL_G01,G,8/30/2026 8:56:00 AM,8/30/2026 9:00:00 AM,MAX_OPERATING_MW,30.70,
8/30/2026 8:55:00 AM,RTD,CLUZ,01BUGSOL_G01,G,8/30/2026 8:56:00 AM,8/30/2026 9:00:00 AM,MIN_OPERATING_MW,30.70,
8/30/2026 8:55:00 AM,RTD,CLUZ,01BULACSOL_G01,G,8/30/2026 8:01:00 AM,8/30/2026 9:00:00 AM,MAX_OPERATING_MW,8.56,
8/30/2026 8:55:00 AM,RTD,CLUZ,01BULACSOL_G01,G,8/30/2026 8:01:00 AM,8/30/2026 9:00:00 AM,MIN_OPERATING_MW,8.56,
8/30/2026 8:55:00 AM,RTD,CLUZ,01CONSOL_G01,G,8/30/2026 8:51:00 AM,8/30/2026 8:55:00 AM,MAX_OPERATING_MW,33.65,
8/30/2026 8:55:00 AM,RTD,CLUZ,01CONSOL_G01,G,8/30/2026 8:51:00 AM,8/30/2026 8:55:00 AM,MIN_OPERATING_MW,33.65,
8/30/2026 8:55:00 AM,RTD,CLUZ,01CONSOL_G01,G,8/30/2026 8:56:00 AM,8/30/2026 9:00:00 AM,MAX_OPERATING_MW,34.58,
8/30/2026 8:55:00 AM,RTD,CLUZ,01CONSOL_G01,G,8/30/2026 8:56:00 AM,8/30/2026 9:00:00 AM,MIN_OPERATING_MW,34.58,
8/30/2026 8:55:00 AM,RTD,CLUZ,01PASBUSOL_G01,G,8/30/2026 8:01:00 AM,8/30/2026 9:00:00 AM,MAX_OPERATING_MW,25.58,
8/30/2026 8:55:00 AM,RTD,CLUZ,01PASBUSOL_G01,G,8/30/2026 8:01:00 AM,8/30/2026 9:00:00 AM,MIN_OPERATING_MW,25.58,
8/30/2026 8:55:00 AM,RTD,CLUZ,01TERRASOL_G01,G,8/30/2026 5:56:00 AM,8/30/2026 9:00:00 AM,MAX_OPERATING_MW,10,
8/30/2026 8:55:00 AM,RTD,CLUZ,01TERRASOL_G01,G,8/30/2026 5:56:00 AM,8/30/2026 9:00:00 AM,MIN_OPERATING_MW,10,
8/30/2026 8:55:00 AM,RTD,CLUZ,03LUNSOL_G01,G,8/30/2026 8:51:00 AM,8/30/2026 8:55:00 AM,MAX_OPERATING_MW,25.60,
8/30/2026 8:55:00 AM,RTD,CLUZ,03LUNSOL_G01,G,8/30/2026 8:51:00 AM,8/30/2026 8:55:00 AM,MIN_OPERATING_MW,25.60,
8/30/2026 8:55:00 AM,RTD,CLUZ,03LUNSOL_G01,G,8/30/2026 8:56:00 AM,8/30/2026 9:00:00 AM,MAX_OPERATING_MW,26.16,
8/30/2026 8:55:00 AM,RTD,CLUZ,03LUNSOL_G01,G,8/30/2026 8:56:00 AM,8/30/2026 9:00:00 AM,MIN_OPERATING_MW,26.16,
8/30/2026 8:55:00 AM,RTD,CLUZ,03TANWIND_G01,G,8/30/2026 8:51:00 AM,8/30/2026 8:55:00 AM,MAX_OPERATING_MW,5.20,
8/30/2026 8:55:00 AM,RTD,CLUZ,03TANWIND_G01,G,8/30/2026 8:51:00 AM,8/30/2026 8:55:00 AM,MIN_OPERATING_MW,5.20,
8/30/2026 8:55:00 AM,RTD,CLUZ,03TANWIND_G01,G,8/30/2026 8:56:00 AM,8/30/2026 9:00:00 AM,MAX_OPERATING_MW,5.20,
8/30/2026 8:55:00 AM,RTD,CLUZ,03TANWIND_G01,G,8/30/2026 8:56:00 AM,8/30/2026 9:00:00 AM,MIN_OPERATING_MW,5.20,
8/30/2026 8:55:00 AM,RTD,CVIS,04ISIDROSOL_G01,G,8/30/2026 8:01:00 AM,8/30/2026 9:00:00 AM,MAX_OPERATING_MW,52.30,
8/30/2026 8:55:00 AM,RTD,CVIS,04ISIDROSOL_G01,G,8/30/2026 8:01:00 AM,8/30/2026 9:00:00 AM,MIN_OPERATING_MW,52.30,
8/30/2026 8:55:00 AM,RTD,CVIS,08AJUYSOL_G01,G,8/30/2026 8:01:00 AM,8/30/2026 9:00:00 AM,MAX_OPERATING_MW,6.60,
8/30/2026 8:55:00 AM,RTD,CVIS,08AJUYSOL_G01,G,8/30/2026 8:01:00 AM,8/30/2026 9:00:00 AM,MIN_OPERATING_MW,6.60,
8/30/2026 8:55:00 AM,RTD,CVIS,08AJUYSOL_G02,G,8/30/2026 8:01:00 AM,8/30/2026 9:00:00 AM,MAX_OPERATING_MW,3.40,
8/30/2026 8:55:00 AM,RTD,CVIS,08AJUYSOL_G02,G,8/30/2026 8:01:00 AM,8/30/2026 9:00:00 AM,MIN_OPERATING_MW,3.40,
8/30/2026 8:55:00 AM,RTD,CMIN,10LIAN_G02,G,8/30/2026 12:05:00 AM,8/30/2026 11:59:00 PM,MAX_OPERATING_MW,6.60,
8/30/2026 8:55:00 AM,RTD,CMIN,10LIAN_G02,G,8/30/2026 12:05:00 AM,8/30/2026 11:59:00 PM,MIN_OPERATING_MW,6.60,
8/30/2026 8:55:00 AM,RTD,CMIN,14TANTASOL_G01,G,8/30/2026 8:01:00 AM,8/30/2026 9:00:00 AM,MAX_OPERATING_MW,39,
8/30/2026 8:55:00 AM,RTD,CMIN,14TANTASOL_G01,G,8/30/2026 8:01:00 AM,8/30/2026 9:00:00 AM,MIN_OPERATING_MW,39,
8/30/2026 9:00:00 AM,RTD,CLUZ,01BARBASOL_G01,G,8/30/2026 8:56:00 AM,8/30/2026 9:00:00 AM,MAX_OPERATING_MW,29.40,
8/30/2026 9:00:00 AM,RTD,CLUZ,01BARBASOL_G01,G,8/30/2026 8:56:00 AM,8/30/2026 9:00:00 AM,MIN_OPERATING_MW,29.40,
8/30/2026 9:00:00 AM,RTD,CLUZ,01BARBASOL_G01,G,8/30/2026 9:01:00 AM,8/30/2026 9:05:00 AM,MAX_OPERATING_MW,30.65,
8/30/2026 9:00:00 AM,RTD,CLUZ,01BARBASOL_G01,G,8/30/2026 9:01:00 AM,8/30/2026 9:05:00 AM,MIN_OPERATING_MW,30.65,
8/30/2026 9:00:00 AM,RTD,CLUZ,01BUGSOL_G01,G,8/30/2026 8:56:00 AM,8/30/2026 9:00:00 AM,MAX_OPERATING_MW,30.70,
8/30/2026 9:00:00 AM,RTD,CLUZ,01BUGSOL_G01,G,8/30/2026 8:56:00 AM,8/30/2026 9:00:00 AM,MIN_OPERATING_MW,30.70,
8/30/2026 9:00:00 AM,RTD,CLUZ,01BUGSOL_G01,G,8/30/2026 9:01:00 AM,8/30/2026 9:05:00 AM,MAX_OPERATING_MW,21.90,
8/30/2026 9:00:00 AM,RTD,CLUZ,01BUGSOL_G01,G,8/30/2026 9:01:00 AM,8/30/2026 9:05:00 AM,MIN_OPERATING_MW,21.90,
8/30/2026 9:00:00 AM,RTD,CLUZ,01BULACSOL_G01,G,8/30/2026 8:01:00 AM,8/30/2026 9:00:00 AM,MAX_OPERATING_MW,8.56,
8/30/2026 9:00:00 AM,RTD,CLUZ,01BULACSOL_G01,G,8/30/2026 8:01:00 AM,8/30/2026 9:00:00 AM,MIN_OPERATING_MW,8.56,
8/30/2026 9:00:00 AM,RTD,CLUZ,01BULACSOL_G01,G,8/30/2026 9:01:00 AM,8/30/2026 10:00:00 AM,MAX_OPERATING_MW,11.37,
8/30/2026 9:00:00 AM,RTD,CLUZ,01BULACSOL_G01,G,8/30/2026 9:01:00 AM,8/30/2026 10:00:00 AM,MIN_OPERATING_MW,11.37,
8/30/2026 9:00:00 AM,RTD,CLUZ,01CONSOL_G01,G,8/30/2026 8:56:00 AM,8/30/2026 9:00:00 AM,MAX_OPERATING_MW,34.58,
8/30/2026 9:00:00 AM,RTD,CLUZ,01CONSOL_G01,G,8/30/2026 8:56:00 AM,8/30/2026 9:00:00 AM,MIN_OPERATING_MW,34.58,
8/30/2026 9:00:00 AM,RTD,CLUZ,01CONSOL_G01,G,8/30/2026 9:01:00 AM,8/30/2026 9:05:00 AM,MAX_OPERATING_MW,35.48,
8/30/2026 9:00:00 AM,RTD,CLUZ,01CONSOL_G01,G,8/30/2026 9:01:00 AM,8/30/2026 9:05:00 AM,MIN_OPERATING_MW,35.48,
8/30/2026 9:00:00 AM,RTD,CLUZ,01PASBUSOL_G01,G,8/30/2026 8:01:00 AM,8/30/2026 9:00:00 AM,MAX_OPERATING_MW,25.58,
8/30/2026 9:00:00 AM,RTD,CLUZ,01PASBUSOL_G01,G,8/30/2026 8:01:00 AM,8/30/2026 9:00:00 AM,MIN_OPERATING_MW,25.58,
8/30/2026 9:00:00 AM,RTD,CLUZ,01PASBUSOL_G01,G,8/30/2026 9:01:00 AM,8/30/2026 10:00:00 AM,MAX_OPERATING_MW,34.38,
8/30/2026 9:00:00 AM,RTD,CLUZ,01PASBUSOL_G01,G,8/30/2026 9:01:00 AM,8/30/2026 10:00:00 AM,MIN_OPERATING_MW,34.38,
8/30/2026 9:00:00 AM,RTD,CLUZ,01TERRASOL_G01,G,8/30/2026 5:56:00 AM,8/30/2026 9:00:00 AM,MAX_OPERATING_MW,10,
8/30/2026 9:00:00 AM,RTD,CLUZ,01TERRASOL_G01,G,8/30/2026 5:56:00 AM,8/30/2026 9:00:00 AM,MIN_OPERATING_MW,10,
8/30/2026 9:00:00 AM,RTD,CLUZ,01TERRASOL_G01,G,8/30/2026 9:01:00 AM,8/30/2026 9:05:00 AM,MAX_OPERATING_MW,100,
8/30/2026 9:00:00 AM,RTD,CLUZ,01TERRASOL_G01,G,8/30/2026 9:01:00 AM,8/30/2026 9:05:00 AM,MIN_OPERATING_MW,100,
8/30/2026 9:00:00 AM,RTD,CLUZ,03LUNSOL_G01,G,8/30/2026 8:56:00 AM,8/30/2026 9:00:00 AM,MAX_OPERATING_MW,26.16,
8/30/2026 9:00:00 AM,RTD,CLUZ,03LUNSOL_G01,G,8/30/2026 8:56:00 AM,8/30/2026 9:00:00 AM,MIN_OPERATING_MW,26.16,
8/30/2026 9:00:00 AM,RTD,CLUZ,03LUNSOL_G01,G,8/30/2026 9:01:00 AM,8/30/2026 9:05:00 AM,MAX_OPERATING_MW,26.71,
8/30/2026 9:00:00 AM,RTD,CLUZ,03LUNSOL_G01,G,8/30/2026 9:01:00 AM,8/30/2026 9:05:00 AM,MIN_OPERATING_MW,26.71,
8/30/2026 9:00:00 AM,RTD,CLUZ,03TANWIND_G01,G,8/30/2026 8:56:00 AM,8/30/2026 9:00:00 AM,MAX_OPERATING_MW,5.20,
8/30/2026 9:00:00 AM,RTD,CLUZ,03TANWIND_G01,G,8/30/2026 8:56:00 AM,8/30/2026 9:00:00 AM,MIN_OPERATING_MW,5.20,
8/30/2026 9:00:00 AM,RTD,CLUZ,03TANWIND_G01,G,8/30/2026 9:01:00 AM,8/30/2026 9:05:00 AM,MAX_OPERATING_MW,6.20,
8/30/2026 9:00:00 AM,RTD,CLUZ,03TANWIND_G01,G,8/30/2026 9:01:00 AM,8/30/2026 9:05:00 AM,MIN_OPERATING_MW,6.20,
8/30/2026 9:00:00 AM,RTD,CVIS,04ISIDROSOL_G01,G,8/30/2026 8:01:00 AM,8/30/2026 9:00:00 AM,MAX_OPERATING_MW,52.30,
8/30/2026 9:00:00 AM,RTD,CVIS,04ISIDROSOL_G01,G,8/30/2026 8:01:00 AM,8/30/2026 9:00:00 AM,MIN_OPERATING_MW,52.30,
8/30/2026 9:00:00 AM,RTD,CVIS,04ISIDROSOL_G01,G,8/30/2026 9:01:00 AM,8/30/2026 10:00:00 AM,MAX_OPERATING_MW,72,
8/30/2026 9:00:00 AM,RTD,CVIS,04ISIDROSOL_G01,G,8/30/2026 9:01:00 AM,8/30/2026 10:00:00 AM,MIN_OPERATING_MW,72,
8/30/2026 9:00:00 AM,RTD,CVIS,08AJUYSOL_G01,G,8/30/2026 8:01:00 AM,8/30/2026 9:00:00 AM,MAX_OPERATING_MW,6.60,
8/30/2026 9:00:00 AM,RTD,CVIS,08AJUYSOL_G01,G,8/30/2026 8:01:00 AM,8/30/2026 9:00:00 AM,MIN_OPERATING_MW,6.60,
8/30/2026 9:00:00 AM,RTD,CVIS,08AJUYSOL_G01,G,8/30/2026 9:01:00 AM,8/30/2026 10:00:00 AM,MAX_OPERATING_MW,6.60,
8/30/2026 9:00:00 AM,RTD,CVIS,08AJUYSOL_G01,G,8/30/2026 9:01:00 AM,8/30/2026 10:00:00 AM,MIN_OPERATING_MW,6.60,
8/30/2026 9:00:00 AM,RTD,CVIS,08AJUYSOL_G02,G,8/30/2026 8:01:00 AM,8/30/2026 9:00:00 AM,MAX_OPERATING_MW,3.40,
8/30/2026 9:00:00 AM,RTD,CVIS,08AJUYSOL_G02,G,8/30/2026 8:01:00 AM,8/30/2026 9:00:00 AM,MIN_OPERATING_MW,3.40,
8/30/2026 9:00:00 AM,RTD,CVIS,08AJUYSOL_G02,G,8/30/2026 9:01:00 AM,8/30/2026 10:00:00 AM,MAX_OPERATING_MW,3.40,
8/30/2026 9:00:00 AM,RTD,CVIS,08AJUYSOL_G02,G,8/30/2026 9:01:00 AM,8/30/2026 10:00:00 AM,MIN_OPERATING_MW,3.40,
8/30/2026 9:00:00 AM,RTD,CMIN,10LIAN_G02,G,8/30/2026 12:05:00 AM,8/30/2026 11:59:00 PM,MAX_OPERATING_MW,6.60,
8/30/2026 9:00:00 AM,RTD,CMIN,10LIAN_G02,G,8/30/2026 12:05:00 AM,8/30/2026 11:59:00 PM,MIN_OPERATING_MW,6.60,
8/30/2026 9:00:00 AM,RTD,CMIN,14TANTASOL_G01,G,8/30/2026 8:01:00 AM,8/30/2026 9:00:00 AM,MAX_OPERATING_MW,39,
8/30/2026 9:00:00 AM,RTD,CMIN,14TANTASOL_G01,G,8/30/2026 8:01:00 AM,8/30/2026 9:00:00 AM,MIN_OPERATING_MW,39,
8/30/2026 9:00:00 AM,RTD,CMIN,14TANTASOL_G01,G,8/30/2026 9:01:00 AM,8/30/2026 10:00:00 AM,MAX_OPERATING_MW,45,
8/30/2026 9:00:00 AM,RTD,CMIN,14TANTASOL_G01,G,8/30/2026 9:01:00 AM,8/30/2026 10:00:00 AM,MIN_OPERATING_MW,45,
8/30/2026 9:05:00 AM,RTD,CLUZ,01BARBASOL_G01,G,8/30/2026 9:01:00 AM,8/30/2026 9:05:00 AM,MAX_OPERATING_MW,30.65,
8/30/2026 9:05:00 AM,RTD,CLUZ,01BARBASOL_G01,G,8/30/2026 9:01:00 AM,8/30/2026 9:05:00 AM,MIN_OPERATING_MW,30.65,
8/30/2026 9:05:00 AM,RTD,CLUZ,01BARBASOL_G01,G,8/30/2026 9:06:00 AM,8/30/2026 9:10:00 AM,MAX_OPERATING_MW,31.85,
8/30/2026 9:05:00 AM,RTD,CLUZ,01BARBASOL_G01,G,8/30/2026 9:06:00 AM,8/30/2026 9:10:00 AM,MIN_OPERATING_MW,31.85,
8/30/2026 9:05:00 AM,RTD,CLUZ,01BUGSOL_G01,G,8/30/2026 9:01:00 AM,8/30/2026 9:05:00 AM,MAX_OPERATING_MW,21.90,
8/30/2026 9:05:00 AM,RTD,CLUZ,01BUGSOL_G01,G,8/30/2026 9:01:00 AM,8/30/2026 9:05:00 AM,MIN_OPERATING_MW,21.90,
8/30/2026 9:05:00 AM,RTD,CLUZ,01BUGSOL_G01,G,8/30/2026 9:06:00 AM,8/30/2026 9:10:00 AM,MAX_OPERATING_MW,37.60,
8/30/2026 9:05:00 AM,RTD,CLUZ,01BUGSOL_G01,G,8/30/2026 9:06:00 AM,8/30/2026 9:10:00 AM,MIN_OPERATING_MW,37.60,
8/30/2026 9:05:00 AM,RTD,CLUZ,01BULACSOL_G01,G,8/30/2026 9:01:00 AM,8/30/2026 10:00:00 AM,MAX_OPERATING_MW,11.37,
8/30/2026 9:05:00 AM,RTD,CLUZ,01BULACSOL_G01,G,8/30/2026 9:01:00 AM,8/30/2026 10:00:00 AM,MIN_OPERATING_MW,11.37,
8/30/2026 9:05:00 AM,RTD,CLUZ,01CONSOL_G01,G,8/30/2026 9:01:00 AM,8/30/2026 9:05:00 AM,MAX_OPERATING_MW,35.48,
8/30/2026 9:05:00 AM,RTD,CLUZ,01CONSOL_G01,G,8/30/2026 9:01:00 AM,8/30/2026 9:05:00 AM,MIN_OPERATING_MW,35.48,
8/30/2026 9:05:00 AM,RTD,CLUZ,01CONSOL_G01,G,8/30/2026 9:06:00 AM,8/30/2026 9:10:00 AM,MAX_OPERATING_MW,36.37,
8/30/2026 9:05:00 AM,RTD,CLUZ,01CONSOL_G01,G,8/30/2026 9:06:00 AM,8/30/2026 9:10:00 AM,MIN_OPERATING_MW,36.37,
8/30/2026 9:05:00 AM,RTD,CLUZ,01PASBUSOL_G01,G,8/30/2026 9:01:00 AM,8/30/2026 10:00:00 AM,MAX_OPERATING_MW,34.38,
8/30/2026 9:05:00 AM,RTD,CLUZ,01PASBUSOL_G01,G,8/30/2026 9:01:00 AM,8/30/2026 10:00:00 AM,MIN_OPERATING_MW,34.38,
8/30/2026 9:05:00 AM,RTD,CLUZ,01TERRASOL_G01,G,8/30/2026 9:01:00 AM,8/30/2026 9:05:00 AM,MAX_OPERATING_MW,100,
8/30/2026 9:05:00 AM,RTD,CLUZ,01TERRASOL_G01,G,8/30/2026 9:01:00 AM,8/30/2026 9:05:00 AM,MIN_OPERATING_MW,100,
8/30/2026 9:05:00 AM,RTD,CLUZ,01TERRASOL_G01,G,8/30/2026 9:06:00 AM,8/30/2026 10:00:00 AM,MAX_OPERATING_MW,150,
8/30/2026 9:05:00 AM,RTD,CLUZ,01TERRASOL_G01,G,8/30/2026 9:06:00 AM,8/30/2026 10:00:00 AM,MIN_OPERATING_MW,150,
8/30/2026 9:05:00 AM,RTD,CLUZ,03LUNSOL_G01,G,8/30/2026 9:01:00 AM,8/30/2026 9:05:00 AM,MAX_OPERATING_MW,26.71,
8/30/2026 9:05:00 AM,RTD,CLUZ,03LUNSOL_G01,G,8/30/2026 9:01:00 AM,8/30/2026 9:05:00 AM,MIN_OPERATING_MW,26.71,
8/30/2026 9:05:00 AM,RTD,CLUZ,03LUNSOL_G01,G,8/30/2026 9:06:00 AM,8/30/2026 9:10:00 AM,MAX_OPERATING_MW,27.26,
8/30/2026 9:05:00 AM,RTD,CLUZ,03LUNSOL_G01,G,8/30/2026 9:06:00 AM,8/30/2026 9:10:00 AM,MIN_OPERATING_MW,27.26,
8/30/2026 9:05:00 AM,RTD,CLUZ,03TANWIND_G01,G,8/30/2026 9:01:00 AM,8/30/2026 9:05:00 AM,MAX_OPERATING_MW,6.20,
8/30/2026 9:05:00 AM,RTD,CLUZ,03TANWIND_G01,G,8/30/2026 9:01:00 AM,8/30/2026 9:05:00 AM,MIN_OPERATING_MW,6.20,
8/30/2026 9:05:00 AM,RTD,CLUZ,03TANWIND_G01,G,8/30/2026 9:06:00 AM,8/30/2026 9:10:00 AM,MAX_OPERATING_MW,6.20,
8/30/2026 9:05:00 AM,RTD,CLUZ,03TANWIND_G01,G,8/30/2026 9:06:00 AM,8/30/2026 9:10:00 AM,MIN_OPERATING_MW,6.20,
8/30/2026 9:05:00 AM,RTD,CVIS,04ISIDROSOL_G01,G,8/30/2026 9:01:00 AM,8/30/2026 10:00:00 AM,MAX_OPERATING_MW,72,
8/30/2026 9:05:00 AM,RTD,CVIS,04ISIDROSOL_G01,G,8/30/2026 9:01:00 AM,8/30/2026 10:00:00 AM,MIN_OPERATING_MW,72,
8/30/2026 9:05:00 AM,RTD,CVIS,08AJUYSOL_G01,G,8/30/2026 9:01:00 AM,8/30/2026 10:00:00 AM,MAX_OPERATING_MW,6.60,
8/30/2026 9:05:00 AM,RTD,CVIS,08AJUYSOL_G01,G,8/30/2026 9:01:00 AM,8/30/2026 10:00:00 AM,MIN_OPERATING_MW,6.60,
8/30/2026 9:05:00 AM,RTD,CVIS,08AJUYSOL_G02,G,8/30/2026 9:01:00 AM,8/30/2026 10:00:00 AM,MAX_OPERATING_MW,3.40,
8/30/2026 9:05:00 AM,RTD,CVIS,08AJUYSOL_G02,G,8/30/2026 9:01:00 AM,8/30/2026 10:00:00 AM,MIN_OPERATING_MW,3.40,
8/30/2026 9:05:00 AM,RTD,CMIN,10LIAN_G02,G,8/30/2026 12:05:00 AM,8/30/2026 11:59:00 PM,MAX_OPERATING_MW,6.60,
8/30/2026 9:05:00 AM,RTD,CMIN,10LIAN_G02,G,8/30/2026 12:05:00 AM,8/30/2026 11:59:00 PM,MIN_OPERATING_MW,6.60,
8/30/2026 9:05:00 AM,RTD,CMIN,14TANTASOL_G01,G,8/30/2026 9:01:00 AM,8/30/2026 10:00:00 AM,MAX_OPERATING_MW,45,
8/30/2026 9:05:00 AM,RTD,CMIN,14TANTASOL_G01,G,8/30/2026 9:01:00 AM,8/30/2026 10:00:00 AM,MIN_OPERATING_MW,45,
8/30/2026 9:10:00 AM,RTD,CLUZ,01BARBASOL_G01,G,8/30/2026 9:06:00 AM,8/30/2026 9:10:00 AM,MAX_OPERATING_MW,31.85,
8/30/2026 9:10:00 AM,RTD,CLUZ,01BARBASOL_G01,G,8/30/2026 9:06:00 AM,8/30/2026 9:10:00 AM,MIN_OPERATING_MW,31.85,
8/30/2026 9:10:00 AM,RTD,CLUZ,01BARBASOL_G01,G,8/30/2026 9:11:00 AM,8/30/2026 9:15:00 AM,MAX_OPERATING_MW,33.05,
8/30/2026 9:10:00 AM,RTD,CLUZ,01BARBASOL_G01,G,8/30/2026 9:11:00 AM,8/30/2026 9:15:00 AM,MIN_OPERATING_MW,33.05,
8/30/2026 9:10:00 AM,RTD,CLUZ,01BUGSOL_G01,G,8/30/2026 9:06:00 AM,8/30/2026 9:10:00 AM,MAX_OPERATING_MW,37.60,
8/30/2026 9:10:00 AM,RTD,CLUZ,01BUGSOL_G01,G,8/30/2026 9:06:00 AM,8/30/2026 9:10:00 AM,MIN_OPERATING_MW,37.60,
8/30/2026 9:10:00 AM,RTD,CLUZ,01BUGSOL_G01,G,8/30/2026 9:11:00 AM,8/30/2026 9:15:00 AM,MAX_OPERATING_MW,51.20,
8/30/2026 9:10:00 AM,RTD,CLUZ,01BUGSOL_G01,G,8/30/2026 9:11:00 AM,8/30/2026 9:15:00 AM,MIN_OPERATING_MW,51.20,
8/30/2026 9:10:00 AM,RTD,CLUZ,01BULACSOL_G01,G,8/30/2026 9:01:00 AM,8/30/2026 10:00:00 AM,MAX_OPERATING_MW,11.37,
8/30/2026 9:10:00 AM,RTD,CLUZ,01BULACSOL_G01,G,8/30/2026 9:01:00 AM,8/30/2026 10:00:00 AM,MIN_OPERATING_MW,11.37,
8/30/2026 9:10:00 AM,RTD,CLUZ,01CONSOL_G01,G,8/30/2026 9:06:00 AM,8/30/2026 9:10:00 AM,MAX_OPERATING_MW,36.37,
8/30/2026 9:10:00 AM,RTD,CLUZ,01CONSOL_G01,G,8/30/2026 9:06:00 AM,8/30/2026 9:10:00 AM,MIN_OPERATING_MW,36.37,
8/30/2026 9:10:00 AM,RTD,CLUZ,01CONSOL_G01,G,8/30/2026 9:11:00 AM,8/30/2026 9:15:00 AM,MAX_OPERATING_MW,37.25,
8/30/2026 9:10:00 AM,RTD,CLUZ,01CONSOL_G01,G,8/30/2026 9:11:00 AM,8/30/2026 9:15:00 AM,MIN_OPERATING_MW,37.25,
8/30/2026 9:10:00 AM,RTD,CLUZ,01PASBUSOL_G01,G,8/30/2026 9:01:00 AM,8/30/2026 10:00:00 AM,MAX_OPERATING_MW,34.38,
8/30/2026 9:10:00 AM,RTD,CLUZ,01PASBUSOL_G01,G,8/30/2026 9:01:00 AM,8/30/2026 10:00:00 AM,MIN_OPERATING_MW,34.38,
8/30/2026 9:10:00 AM,RTD,CLUZ,01TERRASOL_G01,G,8/30/2026 9:06:00 AM,8/30/2026 10:00:00 AM,MAX_OPERATING_MW,150,
8/30/2026 9:10:00 AM,RTD,CLUZ,01TERRASOL_G01,G,8/30/2026 9:06:00 AM,8/30/2026 10:00:00 AM,MIN_OPERATING_MW,150,
8/30/2026 9:10:00 AM,RTD,CLUZ,03LUNSOL_G01,G,8/30/2026 9:06:00 AM,8/30/2026 9:10:00 AM,MAX_OPERATING_MW,27.26,
8/30/2026 9:10:00 AM,RTD,CLUZ,03LUNSOL_G01,G,8/30/2026 9:06:00 AM,8/30/2026 9:10:00 AM,MIN_OPERATING_MW,27.26,
8/30/2026 9:10:00 AM,RTD,CLUZ,03LUNSOL_G01,G,8/30/2026 9:11:00 AM,8/30/2026 9:15:00 AM,MAX_OPERATING_MW,27.80,
8/30/2026 9:10:00 AM,RTD,CLUZ,03LUNSOL_G01,G,8/30/2026 9:11:00 AM,8/30/2026 9:15:00 AM,MIN_OPERATING_MW,27.80,
8/30/2026 9:10:00 AM,RTD,CLUZ,03TANWIND_G01,G,8/30/2026 9:06:00 AM,8/30/2026 9:10:00 AM,MAX_OPERATING_MW,6.20,
8/30/2026 9:10:00 AM,RTD,CLUZ,03TANWIND_G01,G,8/30/2026 9:06:00 AM,8/30/2026 9:10:00 AM,MIN_OPERATING_MW,6.20,
8/30/2026 9:10:00 AM,RTD,CLUZ,03TANWIND_G01,G,8/30/2026 9:11:00 AM,8/30/2026 9:15:00 AM,MAX_OPERATING_MW,6.20,
8/30/2026 9:10:00 AM,RTD,CLUZ,03TANWIND_G01,G,8/30/2026 9:11:00 AM,8/30/2026 9:15:00 AM,MIN_OPERATING_MW,6.20,
8/30/2026 9:10:00 AM,RTD,CVIS,04ISIDROSOL_G01,G,8/30/2026 9:01:00 AM,8/30/2026 10:00:00 AM,MAX_OPERATING_MW,72,
8/30/2026 9:10:00 AM,RTD,CVIS,04ISIDROSOL_G01,G,8/30/2026 9:01:00 AM,8/30/2026 10:00:00 AM,MIN_OPERATING_MW,72,
8/30/2026 9:10:00 AM,RTD,CVIS,08AJUYSOL_G01,G,8/30/2026 9:01:00 AM,8/30/2026 10:00:00 AM,MAX_OPERATING_MW,6.60,
8/30/2026 9:10:00 AM,RTD,CVIS,08AJUYSOL_G01,G,8/30/2026 9:01:00 AM,8/30/2026 10:00:00 AM,MIN_OPERATING_MW,6.60,
8/30/2026 9:10:00 AM,RTD,CVIS,08AJUYSOL_G02,G,8/30/2026 9:01:00 AM,8/30/2026 10:00:00 AM,MAX_OPERATING_MW,3.40,
8/30/2026 9:10:00 AM,RTD,CVIS,08AJUYSOL_G02,G,8/30/2026 9:01:00 AM,8/30/2026 10:00:00 AM,MIN_OPERATING_MW,3.40,
8/30/2026 9:10:00 AM,RTD,CMIN,10LIAN_G02,G,8/30/2026 12:05:00 AM,8/30/2026 11:59:00 PM,MAX_OPERATING_MW,6.60,
8/30/2026 9:10:00 AM,RTD,CMIN,10LIAN_G02,G,8/30/2026 12:05:00 AM,8/30/2026 11:59:00 PM,MIN_OPERATING_MW,6.60,
8/30/2026 9:10:00 AM,RTD,CMIN,14TANTASOL_G01,G,8/30/2026 9:01:00 AM,8/30/2026 10:00:00 AM,MAX_OPERATING_MW,45,
8/30/2026 9:10:00 AM,RTD,CMIN,14TANTASOL_G01,G,8/30/2026 9:01:00 AM,8/30/2026 10:00:00 AM,MIN_OPERATING_MW,45,
8/30/2026 9:15:00 AM,RTD,CLUZ,01BARBASOL_G01,G,8/30/2026 9:11:00 AM,8/30/2026 9:15:00 AM,MAX_OPERATING_MW,33.05,
8/30/2026 9:15:00 AM,RTD,CLUZ,01BARBASOL_G01,G,8/30/2026 9:11:00 AM,8/30/2026 9:15:00 AM,MIN_OPERATING_MW,33.05,
8/30/2026 9:15:00 AM,RTD,CLUZ,01BARBASOL_G01,G,8/30/2026 9:16:00 AM,8/30/2026 9:20:00 AM,MAX_OPERATING_MW,34.26,
8/30/2026 9:15:00 AM,RTD,CLUZ,01BARBASOL_G01,G,8/30/2026 9:16:00 AM,8/30/2026 9:20:00 AM,MIN_OPERATING_MW,34.26,
8/30/2026 9:15:00 AM,RTD,CLUZ,01BUGSOL_G01,G,8/30/2026 9:11:00 AM,8/30/2026 9:15:00 AM,MAX_OPERATING_MW,51.20,
8/30/2026 9:15:00 AM,RTD,CLUZ,01BUGSOL_G01,G,8/30/2026 9:11:00 AM,8/30/2026 9:15:00 AM,MIN_OPERATING_MW,51.20,
8/30/2026 9:15:00 AM,RTD,CLUZ,01BUGSOL_G01,G,8/30/2026 9:16:00 AM,8/30/2026 9:20:00 AM,MAX_OPERATING_MW,12,
8/30/2026 9:15:00 AM,RTD,CLUZ,01BUGSOL_G01,G,8/30/2026 9:16:00 AM,8/30/2026 9:20:00 AM,MIN_OPERATING_MW,12,
8/30/2026 9:15:00 AM,RTD,CLUZ,01BULACSOL_G01,G,8/30/2026 9:01:00 AM,8/30/2026 10:00:00 AM,MAX_OPERATING_MW,11.37,
8/30/2026 9:15:00 AM,RTD,CLUZ,01BULACSOL_G01,G,8/30/2026 9:01:00 AM,8/30/2026 10:00:00 AM,MIN_OPERATING_MW,11.37,
8/30/2026 9:15:00 AM,RTD,CLUZ,01CONSOL_G01,G,8/30/2026 9:11:00 AM,8/30/2026 9:15:00 AM,MAX_OPERATING_MW,37.25,
8/30/2026 9:15:00 AM,RTD,CLUZ,01CONSOL_G01,G,8/30/2026 9:11:00 AM,8/30/2026 9:15:00 AM,MIN_OPERATING_MW,37.25,
8/30/2026 9:15:00 AM,RTD,CLUZ,01CONSOL_G01,G,8/30/2026 9:16:00 AM,8/30/2026 9:20:00 AM,MAX_OPERATING_MW,38.11,
8/30/2026 9:15:00 AM,RTD,CLUZ,01CONSOL_G01,G,8/30/2026 9:16:00 AM,8/30/2026 9:20:00 AM,MIN_OPERATING_MW,38.11,
8/30/2026 9:15:00 AM,RTD,CLUZ,01PASBUSOL_G01,G,8/30/2026 9:01:00 AM,8/30/2026 10:00:00 AM,MAX_OPERATING_MW,34.38,
8/30/2026 9:15:00 AM,RTD,CLUZ,01PASBUSOL_G01,G,8/30/2026 9:01:00 AM,8/30/2026 10:00:00 AM,MIN_OPERATING_MW,34.38,
8/30/2026 9:15:00 AM,RTD,CLUZ,01TERRASOL_G01,G,8/30/2026 9:06:00 AM,8/30/2026 10:00:00 AM,MAX_OPERATING_MW,150,
8/30/2026 9:15:00 AM,RTD,CLUZ,01TERRASOL_G01,G,8/30/2026 9:06:00 AM,8/30/2026 10:00:00 AM,MIN_OPERATING_MW,150,
8/30/2026 9:15:00 AM,RTD,CLUZ,03LUNSOL_G01,G,8/30/2026 9:11:00 AM,8/30/2026 9:15:00 AM,MAX_OPERATING_MW,27.80,
8/30/2026 9:15:00 AM,RTD,CLUZ,03LUNSOL_G01,G,8/30/2026 9:11:00 AM,8/30/2026 9:15:00 AM,MIN_OPERATING_MW,27.80,
8/30/2026 9:15:00 AM,RTD,CLUZ,03LUNSOL_G01,G,8/30/2026 9:16:00 AM,8/30/2026 9:20:00 AM,MAX_OPERATING_MW,28.32,
8/30/2026 9:15:00 AM,RTD,CLUZ,03LUNSOL_G01,G,8/30/2026 9:16:00 AM,8/30/2026 9:20:00 AM,MIN_OPERATING_MW,28.32,
8/30/2026 9:15:00 AM,RTD,CLUZ,03TANWIND_G01,G,8/30/2026 9:11:00 AM,8/30/2026 9:15:00 AM,MAX_OPERATING_MW,6.20,
8/30/2026 9:15:00 AM,RTD,CLUZ,03TANWIND_G01,G,8/30/2026 9:11:00 AM,8/30/2026 9:15:00 AM,MIN_OPERATING_MW,6.20,
8/30/2026 9:15:00 AM,RTD,CLUZ,03TANWIND_G01,G,8/30/2026 9:16:00 AM,8/30/2026 9:20:00 AM,MAX_OPERATING_MW,6.20,
8/30/2026 9:15:00 AM,RTD,CLUZ,03TANWIND_G01,G,8/30/2026 9:16:00 AM,8/30/2026 9:20:00 AM,MIN_OPERATING_MW,6.20,
8/30/2026 9:15:00 AM,RTD,CVIS,04ISIDROSOL_G01,G,8/30/2026 9:01:00 AM,8/30/2026 10:00:00 AM,MAX_OPERATING_MW,72,
8/30/2026 9:15:00 AM,RTD,CVIS,04ISIDROSOL_G01,G,8/30/2026 9:01:00 AM,8/30/2026 10:00:00 AM,MIN_OPERATING_MW,72,
8/30/2026 9:15:00 AM,RTD,CVIS,08AJUYSOL_G01,G,8/30/2026 9:01:00 AM,8/30/2026 10:00:00 AM,MAX_OPERATING_MW,6.60,
8/30/2026 9:15:00 AM,RTD,CVIS,08AJUYSOL_G01,G,8/30/2026 9:01:00 AM,8/30/2026 10:00:00 AM,MIN_OPERATING_MW,6.60,
8/30/2026 9:15:00 AM,RTD,CVIS,08AJUYSOL_G02,G,8/30/2026 9:01:00 AM,8/30/2026 10:00:00 AM,MAX_OPERATING_MW,3.40,
8/30/2026 9:15:00 AM,RTD,CVIS,08AJUYSOL_G02,G,8/30/2026 9:01:00 AM,8/30/2026 10:00:00 AM,MIN_OPERATING_MW,3.40,
8/30/2026 9:15:00 AM,RTD,CMIN,10LIAN_G02,G,8/30/2026 12:05:00 AM,8/30/2026 11:59:00 PM,MAX_OPERATING_MW,6.60,
8/30/2026 9:15:00 AM,RTD,CMIN,10LIAN_G02,G,8/30/2026 12:05:00 AM,8/30/2026 11:59:00 PM,MIN_OPERATING_MW,6.60,
8/30/2026 9:15:00 AM,RTD,CMIN,14TANTASOL_G01,G,8/30/2026 9:01:00 AM,8/30/2026 10:00:00 AM,MAX_OPERATING_MW,45,
8/30/2026 9:15:00 AM,RTD,CMIN,14TANTASOL_G01,G,8/30/2026 9:01:00 AM,8/30/2026 10:00:00 AM,MIN_OPERATING_MW,45,
8/30/2026 9:20:00 AM,RTD,CLUZ,01BARBASOL_G01,G,8/30/2026 9:16:00 AM,8/30/2026 9:20:00 AM,MAX_OPERATING_MW,34.26,
8/30/2026 9:20:00 AM,RTD,CLUZ,01BARBASOL_G01,G,8/30/2026 9:16:00 AM,8/30/2026 9:20:00 AM,MIN_OPERATING_MW,34.26,
8/30/2026 9:20:00 AM,RTD,CLUZ,01BARBASOL_G01,G,8/30/2026 9:21:00 AM,8/30/2026 9:25:00 AM,MAX_OPERATING_MW,35.46,
8/30/2026 9:20:00 AM,RTD,CLUZ,01BARBASOL_G01,G,8/30/2026 9:21:00 AM,8/30/2026 9:25:00 AM,MIN_OPERATING_MW,35.46,
8/30/2026 9:20:00 AM,RTD,CLUZ,01BUGSOL_G01,G,8/30/2026 9:16:00 AM,8/30/2026 9:20:00 AM,MAX_OPERATING_MW,12,
8/30/2026 9:20:00 AM,RTD,CLUZ,01BUGSOL_G01,G,8/30/2026 9:16:00 AM,8/30/2026 9:20:00 AM,MIN_OPERATING_MW,12,
8/30/2026 9:20:00 AM,RTD,CLUZ,01BUGSOL_G01,G,8/30/2026 9:21:00 AM,8/30/2026 9:25:00 AM,MAX_OPERATING_MW,16.20,
8/30/2026 9:20:00 AM,RTD,CLUZ,01BUGSOL_G01,G,8/30/2026 9:21:00 AM,8/30/2026 9:25:00 AM,MIN_OPERATING_MW,16.20,
8/30/2026 9:20:00 AM,RTD,CLUZ,01BULACSOL_G01,G,8/30/2026 9:01:00 AM,8/30/2026 10:00:00 AM,MAX_OPERATING_MW,11.37,
8/30/2026 9:20:00 AM,RTD,CLUZ,01BULACSOL_G01,G,8/30/2026 9:01:00 AM,8/30/2026 10:00:00 AM,MIN_OPERATING_MW,11.37,
8/30/2026 9:20:00 AM,RTD,CLUZ,01CONSOL_G01,G,8/30/2026 9:16:00 AM,8/30/2026 9:20:00 AM,MAX_OPERATING_MW,38.11,
8/30/2026 9:20:00 AM,RTD,CLUZ,01CONSOL_G01,G,8/30/2026 9:16:00 AM,8/30/2026 9:20:00 AM,MIN_OPERATING_MW,38.11,
8/30/2026 9:20:00 AM,RTD,CLUZ,01CONSOL_G01,G,8/30/2026 9:21:00 AM,8/30/2026 9:25:00 AM,MAX_OPERATING_MW,38.94,
8/30/2026 9:20:00 AM,RTD,CLUZ,01CONSOL_G01,G,8/30/2026 9:21:00 AM,8/30/2026 9:25:00 AM,MIN_OPERATING_MW,38.94,
8/30/2026 9:20:00 AM,RTD,CLUZ,01PASBUSOL_G01,G,8/30/2026 9:01:00 AM,8/30/2026 10:00:00 AM,MAX_OPERATING_MW,34.38,
8/30/2026 9:20:00 AM,RTD,CLUZ,01PASBUSOL_G01,G,8/30/2026 9:01:00 AM,8/30/2026 10:00:00 AM,MIN_OPERATING_MW,34.38,
8/30/2026 9:20:00 AM,RTD,CLUZ,01TERRASOL_G01,G,8/30/2026 9:06:00 AM,8/30/2026 10:00:00 AM,MAX_OPERATING_MW,150,
8/30/2026 9:20:00 AM,RTD,CLUZ,01TERRASOL_G01,G,8/30/2026 9:06:00 AM,8/30/2026 10:00:00 AM,MIN_OPERATING_MW,150,
8/30/2026 9:20:00 AM,RTD,CLUZ,03LUNSOL_G01,G,8/30/2026 9:16:00 AM,8/30/2026 9:20:00 AM,MAX_OPERATING_MW,28.32,
8/30/2026 9:20:00 AM,RTD,CLUZ,03LUNSOL_G01,G,8/30/2026 9:16:00 AM,8/30/2026 9:20:00 AM,MIN_OPERATING_MW,28.32,
8/30/2026 9:20:00 AM,RTD,CLUZ,03LUNSOL_G01,G,8/30/2026 9:21:00 AM,8/30/2026 9:25:00 AM,MAX_OPERATING_MW,28.84,
8/30/2026 9:20:00 AM,RTD,CLUZ,03LUNSOL_G01,G,8/30/2026 9:21:00 AM,8/30/2026 9:25:00 AM,MIN_OPERATING_MW,28.84,
8/30/2026 9:20:00 AM,RTD,CLUZ,03TANWIND_G01,G,8/30/2026 9:16:00 AM,8/30/2026 9:20:00 AM,MAX_OPERATING_MW,6.20,
8/30/2026 9:20:00 AM,RTD,CLUZ,03TANWIND_G01,G,8/30/2026 9:16:00 AM,8/30/2026 9:20:00 AM,MIN_OPERATING_MW,6.20,
8/30/2026 9:20:00 AM,RTD,CLUZ,03TANWIND_G01,G,8/30/2026 9:21:00 AM,8/30/2026 9:25:00 AM,MAX_OPERATING_MW,6.20,
8/30/2026 9:20:00 AM,RTD,CLUZ,03TANWIND_G01,G,8/30/2026 9:21:00 AM,8/30/2026 9:25:00 AM,MIN_OPERATING_MW,6.20,
8/30/2026 9:20:00 AM,RTD,CVIS,04ISIDROSOL_G01,G,8/30/2026 9:01:00 AM,8/30/2026 10:00:00 AM,MAX_OPERATING_MW,72,
8/30/2026 9:20:00 AM,RTD,CVIS,04ISIDROSOL_G01,G,8/30/2026 9:01:00 AM,8/30/2026 10:00:00 AM,MIN_OPERATING_MW,72,
8/30/2026 9:20:00 AM,RTD,CVIS,08AJUYSOL_G01,G,8/30/2026 9:01:00 AM,8/30/2026 10:00:00 AM,MAX_OPERATING_MW,6.60,
8/30/2026 9:20:00 AM,RTD,CVIS,08AJUYSOL_G01,G,8/30/2026 9:01:00 AM,8/30/2026 10:00:00 AM,MIN_OPERATING_MW,6.60,
8/30/2026 9:20:00 AM,RTD,CVIS,08AJUYSOL_G02,G,8/30/2026 9:01:00 AM,8/30/2026 10:00:00 AM,MAX_OPERATING_MW,3.40,
8/30/2026 9:20:00 AM,RTD,CVIS,08AJUYSOL_G02,G,8/30/2026 9:01:00 AM,8/30/2026 10:00:00 AM,MIN_OPERATING_MW,3.40,
8/30/2026 9:20:00 AM,RTD,CMIN,10LIAN_G02,G,8/30/2026 12:05:00 AM,8/30/2026 11:59:00 PM,MAX_OPERATING_MW,6.60,
8/30/2026 9:20:00 AM,RTD,CMIN,10LIAN_G02,G,8/30/2026 12:05:00 AM,8/30/2026 11:59:00 PM,MIN_OPERATING_MW,6.60,
8/30/2026 9:20:00 AM,RTD,CMIN,14TANTASOL_G01,G,8/30/2026 9:01:00 AM,8/30/2026 10:00:00 AM,MAX_OPERATING_MW,45,
8/30/2026 9:20:00 AM,RTD,CMIN,14TANTASOL_G01,G,8/30/2026 9:01:00 AM,8/30/2026 10:00:00 AM,MIN_OPERATING_MW,45,
8/30/2026 9:25:00 AM,RTD,CLUZ,01BARBASOL_G01,G,8/30/2026 9:21:00 AM,8/30/2026 9:25:00 AM,MAX_OPERATING_MW,35.46,
8/30/2026 9:25:00 AM,RTD,CLUZ,01BARBASOL_G01,G,8/30/2026 9:21:00 AM,8/30/2026 9:25:00 AM,MIN_OPERATING_MW,35.46,
8/30/2026 9:25:00 AM,RTD,CLUZ,01BARBASOL_G01,G,8/30/2026 9:26:00 AM,8/30/2026 9:30:00 AM,MAX_OPERATING_MW,36.66,
8/30/2026 9:25:00 AM,RTD,CLUZ,01BARBASOL_G01,G,8/30/2026 9:26:00 AM,8/30/2026 9:30:00 AM,MIN_OPERATING_MW,36.66,
8/30/2026 9:25:00 AM,RTD,CLUZ,01BUGSOL_G01,G,8/30/2026 9:21:00 AM,8/30/2026 9:25:00 AM,MAX_OPERATING_MW,16.20,
8/30/2026 9:25:00 AM,RTD,CLUZ,01BUGSOL_G01,G,8/30/2026 9:21:00 AM,8/30/2026 9:25:00 AM,MIN_OPERATING_MW,16.20,
8/30/2026 9:25:00 AM,RTD,CLUZ,01BUGSOL_G01,G,8/30/2026 9:26:00 AM,8/30/2026 9:30:00 AM,MAX_OPERATING_MW,18.60,
8/30/2026 9:25:00 AM,RTD,CLUZ,01BUGSOL_G01,G,8/30/2026 9:26:00 AM,8/30/2026 9:30:00 AM,MIN_OPERATING_MW,18.60,
8/30/2026 9:25:00 AM,RTD,CLUZ,01BULACSOL_G01,G,8/30/2026 9:01:00 AM,8/30/2026 10:00:00 AM,MAX_OPERATING_MW,11.37,
8/30/2026 9:25:00 AM,RTD,CLUZ,01BULACSOL_G01,G,8/30/2026 9:01:00 AM,8/30/2026 10:00:00 AM,MIN_OPERATING_MW,11.37,
8/30/2026 9:25:00 AM,RTD,CLUZ,01CONSOL_G01,G,8/30/2026 9:21:00 AM,8/30/2026 9:25:00 AM,MAX_OPERATING_MW,38.94,
8/30/2026 9:25:00 AM,RTD,CLUZ,01CONSOL_G01,G,8/30/2026 9:21:00 AM,8/30/2026 9:25:00 AM,MIN_OPERATING_MW,38.94,
8/30/2026 9:25:00 AM,RTD,CLUZ,01CONSOL_G01,G,8/30/2026 9:26:00 AM,8/30/2026 9:30:00 AM,MAX_OPERATING_MW,39.76,
8/30/2026 9:25:00 AM,RTD,CLUZ,01CONSOL_G01,G,8/30/2026 9:26:00 AM,8/30/2026 9:30:00 AM,MIN_OPERATING_MW,39.76,
8/30/2026 9:25:00 AM,RTD,CLUZ,01PASBUSOL_G01,G,8/30/2026 9:01:00 AM,8/30/2026 10:00:00 AM,MAX_OPERATING_MW,34.38,
8/30/2026 9:25:00 AM,RTD,CLUZ,01PASBUSOL_G01,G,8/30/2026 9:01:00 AM,8/30/2026 10:00:00 AM,MIN_OPERATING_MW,34.38,
8/30/2026 9:25:00 AM,RTD,CLUZ,01TERRASOL_G01,G,8/30/2026 9:06:00 AM,8/30/2026 10:00:00 AM,MAX_OPERATING_MW,150,
8/30/2026 9:25:00 AM,RTD,CLUZ,01TERRASOL_G01,G,8/30/2026 9:06:00 AM,8/30/2026 10:00:00 AM,MIN_OPERATING_MW,150,
8/30/2026 9:25:00 AM,RTD,CLUZ,03LUNSOL_G01,G,8/30/2026 9:21:00 AM,8/30/2026 9:25:00 AM,MAX_OPERATING_MW,28.84,
8/30/2026 9:25:00 AM,RTD,CLUZ,03LUNSOL_G01,G,8/30/2026 9:21:00 AM,8/30/2026 9:25:00 AM,MIN_OPERATING_MW,28.84,
8/30/2026 9:25:00 AM,RTD,CLUZ,03LUNSOL_G01,G,8/30/2026 9:26:00 AM,8/30/2026 9:30:00 AM,MAX_OPERATING_MW,29.34,
8/30/2026 9:25:00 AM,RTD,CLUZ,03LUNSOL_G01,G,8/30/2026 9:26:00 AM,8/30/2026 9:30:00 AM,MIN_OPERATING_MW,29.34,
8/30/2026 9:25:00 AM,RTD,CLUZ,03TANWIND_G01,G,8/30/2026 9:21:00 AM,8/30/2026 9:25:00 AM,MAX_OPERATING_MW,6.20,
8/30/2026 9:25:00 AM,RTD,CLUZ,03TANWIND_G01,G,8/30/2026 9:21:00 AM,8/30/2026 9:25:00 AM,MIN_OPERATING_MW,6.20,
8/30/2026 9:25:00 AM,RTD,CLUZ,03TANWIND_G01,G,8/30/2026 9:26:00 AM,8/30/2026 9:30:00 AM,MAX_OPERATING_MW,6.20,
8/30/2026 9:25:00 AM,RTD,CLUZ,03TANWIND_G01,G,8/30/2026 9:26:00 AM,8/30/2026 9:30:00 AM,MIN_OPERATING_MW,6.20,
8/30/2026 9:25:00 AM,RTD,CVIS,04ISIDROSOL_G01,G,8/30/2026 9:01:00 AM,8/30/2026 10:00:00 AM,MAX_OPERATING_MW,72,
8/30/2026 9:25:00 AM,RTD,CVIS,04ISIDROSOL_G01,G,8/30/2026 9:01:00 AM,8/30/2026 10:00:00 AM,MIN_OPERATING_MW,72,
8/30/2026 9:25:00 AM,RTD,CVIS,08AJUYSOL_G01,G,8/30/2026 9:01:00 AM,8/30/2026 10:00:00 AM,MAX_OPERATING_MW,6.60,
8/30/2026 9:25:00 AM,RTD,CVIS,08AJUYSOL_G01,G,8/30/2026 9:01:00 AM,8/30/2026 10:00:00 AM,MIN_OPERATING_MW,6.60,
8/30/2026 9:25:00 AM,RTD,CVIS,08AJUYSOL_G02,G,8/30/2026 9:01:00 AM,8/30/2026 10:00:00 AM,MAX_OPERATING_MW,3.40,
8/30/2026 9:25:00 AM,RTD,CVIS,08AJUYSOL_G02,G,8/30/2026 9:01:00 AM,8/30/2026 10:00:00 AM,MIN_OPERATING_MW,3.40,
8/30/2026 9:25:00 AM,RTD,CMIN,10LIAN_G02,G,8/30/2026 12:05:00 AM,8/30/2026 11:59:00 PM,MAX_OPERATING_MW,6.60,
8/30/2026 9:25:00 AM,RTD,CMIN,10LIAN_G02,G,8/30/2026 12:05:00 AM,8/30/2026 11:59:00 PM,MIN_OPERATING_MW,6.60,
8/30/2026 9:25:00 AM,RTD,CMIN,14TANTASOL_G01,G,8/30/2026 9:01:00 AM,8/30/2026 10:00:00 AM,MAX_OPERATING_MW,45,
8/30/2026 9:25:00 AM,RTD,CMIN,14TANTASOL_G01,G,8/30/2026 9:01:00 AM,8/30/2026 10:00:00 AM,MIN_OPERATING_MW,45,
8/30/2026 9:30:00 AM,RTD,CLUZ,01BARBASOL_G01,G,8/30/2026 9:26:00 AM,8/30/2026 9:30:00 AM,MAX_OPERATING_MW,36.66,
8/30/2026 9:30:00 AM,RTD,CLUZ,01BARBASOL_G01,G,8/30/2026 9:26:00 AM,8/30/2026 9:30:00 AM,MIN_OPERATING_MW,36.66,
8/30/2026 9:30:00 AM,RTD,CLUZ,01BARBASOL_G01,G,8/30/2026 9:31:00 AM,8/30/2026 9:35:00 AM,MAX_OPERATING_MW,37.84,
8/30/2026 9:30:00 AM,RTD,CLUZ,01BARBASOL_G01,G,8/30/2026 9:31:00 AM,8/30/2026 9:35:00 AM,MIN_OPERATING_MW,37.84,
8/30/2026 9:30:00 AM,RTD,CLUZ,01BUGSOL_G01,G,8/30/2026 9:26:00 AM,8/30/2026 9:30:00 AM,MAX_OPERATING_MW,18.60,
8/30/2026 9:30:00 AM,RTD,CLUZ,01BUGSOL_G01,G,8/30/2026 9:26:00 AM,8/30/2026 9:30:00 AM,MIN_OPERATING_MW,18.60,
8/30/2026 9:30:00 AM,RTD,CLUZ,01BUGSOL_G01,G,8/30/2026 9:31:00 AM,8/30/2026 9:35:00 AM,MAX_OPERATING_MW,15.90,
8/30/2026 9:30:00 AM,RTD,CLUZ,01BUGSOL_G01,G,8/30/2026 9:31:00 AM,8/30/2026 9:35:00 AM,MIN_OPERATING_MW,15.90,
8/30/2026 9:30:00 AM,RTD,CLUZ,01BULACSOL_G01,G,8/30/2026 9:01:00 AM,8/30/2026 10:00:00 AM,MAX_OPERATING_MW,11.37,
8/30/2026 9:30:00 AM,RTD,CLUZ,01BULACSOL_G01,G,8/30/2026 9:01:00 AM,8/30/2026 10:00:00 AM,MIN_OPERATING_MW,11.37,
8/30/2026 9:30:00 AM,RTD,CLUZ,01CONSOL_G01,G,8/30/2026 9:26:00 AM,8/30/2026 9:30:00 AM,MAX_OPERATING_MW,39.76,
8/30/2026 9:30:00 AM,RTD,CLUZ,01CONSOL_G01,G,8/30/2026 9:26:00 AM,8/30/2026 9:30:00 AM,MIN_OPERATING_MW,39.76,
8/30/2026 9:30:00 AM,RTD,CLUZ,01CONSOL_G01,G,8/30/2026 9:31:00 AM,8/30/2026 9:35:00 AM,MAX_OPERATING_MW,40.56,
8/30/2026 9:30:00 AM,RTD,CLUZ,01CONSOL_G01,G,8/30/2026 9:31:00 AM,8/30/2026 9:35:00 AM,MIN_OPERATING_MW,40.56,
8/30/2026 9:30:00 AM,RTD,CLUZ,01PASBUSOL_G01,G,8/30/2026 9:01:00 AM,8/30/2026 10:00:00 AM,MAX_OPERATING_MW,34.38,
8/30/2026 9:30:00 AM,RTD,CLUZ,01PASBUSOL_G01,G,8/30/2026 9:01:00 AM,8/30/2026 10:00:00 AM,MIN_OPERATING_MW,34.38,
8/30/2026 9:30:00 AM,RTD,CLUZ,01TERRASOL_G01,G,8/30/2026 9:06:00 AM,8/30/2026 10:00:00 AM,MAX_OPERATING_MW,150,
8/30/2026 9:30:00 AM,RTD,CLUZ,01TERRASOL_G01,G,8/30/2026 9:06:00 AM,8/30/2026 10:00:00 AM,MIN_OPERATING_MW,150,
8/30/2026 9:30:00 AM,RTD,CLUZ,03LUNSOL_G01,G,8/30/2026 9:26:00 AM,8/30/2026 9:30:00 AM,MAX_OPERATING_MW,29.34,
8/30/2026 9:30:00 AM,RTD,CLUZ,03LUNSOL_G01,G,8/30/2026 9:26:00 AM,8/30/2026 9:30:00 AM,MIN_OPERATING_MW,29.34,
8/30/2026 9:30:00 AM,RTD,CLUZ,03LUNSOL_G01,G,8/30/2026 9:31:00 AM,8/30/2026 9:35:00 AM,MAX_OPERATING_MW,29.82,
8/30/2026 9:30:00 AM,RTD,CLUZ,03LUNSOL_G01,G,8/30/2026 9:31:00 AM,8/30/2026 9:35:00 AM,MIN_OPERATING_MW,29.82,
8/30/2026 9:30:00 AM,RTD,CLUZ,03TANWIND_G01,G,8/30/2026 9:26:00 AM,8/30/2026 9:30:00 AM,MAX_OPERATING_MW,6.20,
8/30/2026 9:30:00 AM,RTD,CLUZ,03TANWIND_G01,G,8/30/2026 9:26:00 AM,8/30/2026 9:30:00 AM,MIN_OPERATING_MW,6.20,
8/30/2026 9:30:00 AM,RTD,CLUZ,03TANWIND_G01,G,8/30/2026 9:31:00 AM,8/30/2026 9:35:00 AM,MAX_OPERATING_MW,6.20,
8/30/2026 9:30:00 AM,RTD,CLUZ,03TANWIND_G01,G,8/30/2026 9:31:00 AM,8/30/2026 9:35:00 AM,MIN_OPERATING_MW,6.20,
8/30/2026 9:30:00 AM,RTD,CVIS,04ISIDROSOL_G01,G,8/30/2026 9:01:00 AM,8/30/2026 10:00:00 AM,MAX_OPERATING_MW,72,
8/30/2026 9:30:00 AM,RTD,CVIS,04ISIDROSOL_G01,G,8/30/2026 9:01:00 AM,8/30/2026 10:00:00 AM,MIN_OPERATING_MW,72,
8/30/2026 9:30:00 AM,RTD,CVIS,08AJUYSOL_G01,G,8/30/2026 9:01:00 AM,8/30/2026 10:00:00 AM,MAX_OPERATING_MW,6.60,
8/30/2026 9:30:00 AM,RTD,CVIS,08AJUYSOL_G01,G,8/30/2026 9:01:00 AM,8/30/2026 10:00:00 AM,MIN_OPERATING_MW,6.60,
8/30/2026 9:30:00 AM,RTD,CVIS,08AJUYSOL_G02,G,8/30/2026 9:01:00 AM,8/30/2026 10:00:00 AM,MAX_OPERATING_MW,3.40,
8/30/2026 9:30:00 AM,RTD,CVIS,08AJUYSOL_G02,G,8/30/2026 9:01:00 AM,8/30/2026 10:00:00 AM,MIN_OPERATING_MW,3.40,
8/30/2026 9:30:00 AM,RTD,CMIN,10LIAN_G02,G,8/30/2026 12:05:00 AM,8/30/2026 11:59:00 PM,MAX_OPERATING_MW,6.60,
8/30/2026 9:30:00 AM,RTD,CMIN,10LIAN_G02,G,8/30/2026 12:05:00 AM,8/30/2026 11:59:00 PM,MIN_OPERATING_MW,6.60,
8/30/2026 9:30:00 AM,RTD,CMIN,14TANTASOL_G01,G,8/30/2026 9:01:00 AM,8/30/2026 10:00:00 AM,MAX_OPERATING_MW,45,
8/30/2026 9:30:00 AM,RTD,CMIN,14TANTASOL_G01,G,8/30/2026 9:01:00 AM,8/30/2026 10:00:00 AM,MIN_OPERATING_MW,45,
8/30/2026 9:35:00 AM,RTD,CLUZ,01BARBASOL_G01,G,8/30/2026 9:31:00 AM,8/30/2026 9:35:00 AM,MAX_OPERATING_MW,37.84,
8/30/2026 9:35:00 AM,RTD,CLUZ,01BARBASOL_G01,G,8/30/2026 9:31:00 AM,8/30/2026 9:35:00 AM,MIN_OPERATING_MW,37.84,
8/30/2026 9:35:00 AM,RTD,CLUZ,01BARBASOL_G01,G,8/30/2026 9:36:00 AM,8/30/2026 9:40:00 AM,MAX_OPERATING_MW,38.99,
8/30/2026 9:35:00 AM,RTD,CLUZ,01BARBASOL_G01,G,8/30/2026 9:36:00 AM,8/30/2026 9:40:00 AM,MIN_OPERATING_MW,38.99,
8/30/2026 9:35:00 AM,RTD,CLUZ,01BUGSOL_G01,G,8/30/2026 9:31:00 AM,8/30/2026 9:35:00 AM,MAX_OPERATING_MW,15.90,
8/30/2026 9:35:00 AM,RTD,CLUZ,01BUGSOL_G01,G,8/30/2026 9:31:00 AM,8/30/2026 9:35:00 AM,MIN_OPERATING_MW,15.90,
8/30/2026 9:35:00 AM,RTD,CLUZ,01BUGSOL_G01,G,8/30/2026 9:36:00 AM,8/30/2026 9:40:00 AM,MAX_OPERATING_MW,11.80,
8/30/2026 9:35:00 AM,RTD,CLUZ,01BUGSOL_G01,G,8/30/2026 9:36:00 AM,8/30/2026 9:40:00 AM,MIN_OPERATING_MW,11.80,
8/30/2026 9:35:00 AM,RTD,CLUZ,01BULACSOL_G01,G,8/30/2026 9:01:00 AM,8/30/2026 10:00:00 AM,MAX_OPERATING_MW,11.37,
8/30/2026 9:35:00 AM,RTD,CLUZ,01BULACSOL_G01,G,8/30/2026 9:01:00 AM,8/30/2026 10:00:00 AM,MIN_OPERATING_MW,11.37,
8/30/2026 9:35:00 AM,RTD,CLUZ,01CONSOL_G01,G,8/30/2026 9:31:00 AM,8/30/2026 9:35:00 AM,MAX_OPERATING_MW,40.56,
8/30/2026 9:35:00 AM,RTD,CLUZ,01CONSOL_G01,G,8/30/2026 9:31:00 AM,8/30/2026 9:35:00 AM,MIN_OPERATING_MW,40.56,
8/30/2026 9:35:00 AM,RTD,CLUZ,01CONSOL_G01,G,8/30/2026 9:36:00 AM,8/30/2026 9:40:00 AM,MAX_OPERATING_MW,41.35,
8/30/2026 9:35:00 AM,RTD,CLUZ,01CONSOL_G01,G,8/30/2026 9:36:00 AM,8/30/2026 9:40:00 AM,MIN_OPERATING_MW,41.35,
8/30/2026 9:35:00 AM,RTD,CLUZ,01PASBUSOL_G01,G,8/30/2026 9:01:00 AM,8/30/2026 10:00:00 AM,MAX_OPERATING_MW,34.38,
8/30/2026 9:35:00 AM,RTD,CLUZ,01PASBUSOL_G01,G,8/30/2026 9:01:00 AM,8/30/2026 10:00:00 AM,MIN_OPERATING_MW,34.38,
8/30/2026 9:35:00 AM,RTD,CLUZ,01TERRASOL_G01,G,8/30/2026 9:06:00 AM,8/30/2026 10:00:00 AM,MAX_OPERATING_MW,150,
8/30/2026 9:35:00 AM,RTD,CLUZ,01TERRASOL_G01,G,8/30/2026 9:06:00 AM,8/30/2026 10:00:00 AM,MIN_OPERATING_MW,150,
8/30/2026 9:35:00 AM,RTD,CLUZ,03LUNSOL_G01,G,8/30/2026 9:31:00 AM,8/30/2026 9:35:00 AM,MAX_OPERATING_MW,29.82,
8/30/2026 9:35:00 AM,RTD,CLUZ,03LUNSOL_G01,G,8/30/2026 9:31:00 AM,8/30/2026 9:35:00 AM,MIN_OPERATING_MW,29.82,
8/30/2026 9:35:00 AM,RTD,CLUZ,03LUNSOL_G01,G,8/30/2026 9:36:00 AM,8/30/2026 9:40:00 AM,MAX_OPERATING_MW,30.29,
8/30/2026 9:35:00 AM,RTD,CLUZ,03LUNSOL_G01,G,8/30/2026 9:36:00 AM,8/30/2026 9:40:00 AM,MIN_OPERATING_MW,30.29,
8/30/2026 9:35:00 AM,RTD,CLUZ,03TANWIND_G01,G,8/30/2026 9:31:00 AM,8/30/2026 9:35:00 AM,MAX_OPERATING_MW,6.20,
8/30/2026 9:35:00 AM,RTD,CLUZ,03TANWIND_G01,G,8/30/2026 9:31:00 AM,8/30/2026 9:35:00 AM,MIN_OPERATING_MW,6.20,
8/30/2026 9:35:00 AM,RTD,CLUZ,03TANWIND_G01,G,8/30/2026 9:36:00 AM,8/30/2026 9:40:00 AM,MAX_OPERATING_MW,6.20,
8/30/2026 9:35:00 AM,RTD,CLUZ,03TANWIND_G01,G,8/30/2026 9:36:00 AM,8/30/2026 9:40:00 AM,MIN_OPERATING_MW,6.20,
8/30/2026 9:35:00 AM,RTD,CVIS,04ISIDROSOL_G01,G,8/30/2026 9:01:00 AM,8/30/2026 10:00:00 AM,MAX_OPERATING_MW,72,
8/30/2026 9:35:00 AM,RTD,CVIS,04ISIDROSOL_G01,G,8/30/2026 9:01:00 AM,8/30/2026 10:00:00 AM,MIN_OPERATING_MW,72,
8/30/2026 9:35:00 AM,RTD,CVIS,08AJUYSOL_G01,G,8/30/2026 9:01:00 AM,8/30/2026 10:00:00 AM,MAX_OPERATING_MW,6.60,
8/30/2026 9:35:00 AM,RTD,CVIS,08AJUYSOL_G01,G,8/30/2026 9:01:00 AM,8/30/2026 10:00:00 AM,MIN_OPERATING_MW,6.60,
8/30/2026 9:35:00 AM,RTD,CVIS,08AJUYSOL_G02,G,8/30/2026 9:01:00 AM,8/30/2026 10:00:00 AM,MAX_OPERATING_MW,3.40,
8/30/2026 9:35:00 AM,RTD,CVIS,08AJUYSOL_G02,G,8/30/2026 9:01:00 AM,8/30/2026 10:00:00 AM,MIN_OPERATING_MW,3.40,
8/30/2026 9:35:00 AM,RTD,CMIN,10LIAN_G02,G,8/30/2026 12:05:00 AM,8/30/2026 11:59:00 PM,MAX_OPERATING_MW,6.60,
8/30/2026 9:35:00 AM,RTD,CMIN,10LIAN_G02,G,8/30/2026 12:05:00 AM,8/30/2026 11:59:00 PM,MIN_OPERATING_MW,6.60,
8/30/2026 9:35:00 AM,RTD,CMIN,14TANTASOL_G01,G,8/30/2026 9:01:00 AM,8/30/2026 10:00:00 AM,MAX_OPERATING_MW,45,
8/30/2026 9:35:00 AM,RTD,CMIN,14TANTASOL_G01,G,8/30/2026 9:01:00 AM,8/30/2026 10:00:00 AM,MIN_OPERATING_MW,45,
8/30/2026 9:40:00 AM,RTD,CLUZ,01BARBASOL_G01,G,8/30/2026 9:36:00 AM,8/30/2026 9:40:00 AM,MAX_OPERATING_MW,38.99,
8/30/2026 9:40:00 AM,RTD,CLUZ,01BARBASOL_G01,G,8/30/2026 9:36:00 AM,8/30/2026 9:40:00 AM,MIN_OPERATING_MW,38.99,
8/30/2026 9:40:00 AM,RTD,CLUZ,01BARBASOL_G01,G,8/30/2026 9:41:00 AM,8/30/2026 9:45:00 AM,MAX_OPERATING_MW,40.11,
8/30/2026 9:40:00 AM,RTD,CLUZ,01BARBASOL_G01,G,8/30/2026 9:41:00 AM,8/30/2026 9:45:00 AM,MIN_OPERATING_MW,40.11,
8/30/2026 9:40:00 AM,RTD,CLUZ,01BUGSOL_G01,G,8/30/2026 9:36:00 AM,8/30/2026 9:40:00 AM,MAX_OPERATING_MW,11.80,
8/30/2026 9:40:00 AM,RTD,CLUZ,01BUGSOL_G01,G,8/30/2026 9:36:00 AM,8/30/2026 9:40:00 AM,MIN_OPERATING_MW,11.80,
8/30/2026 9:40:00 AM,RTD,CLUZ,01BUGSOL_G01,G,8/30/2026 9:41:00 AM,8/30/2026 9:45:00 AM,MAX_OPERATING_MW,13.20,
8/30/2026 9:40:00 AM,RTD,CLUZ,01BUGSOL_G01,G,8/30/2026 9:41:00 AM,8/30/2026 9:45:00 AM,MIN_OPERATING_MW,13.20,
8/30/2026 9:40:00 AM,RTD,CLUZ,01BULACSOL_G01,G,8/30/2026 9:01:00 AM,8/30/2026 10:00:00 AM,MAX_OPERATING_MW,11.37,
8/30/2026 9:40:00 AM,RTD,CLUZ,01BULACSOL_G01,G,8/30/2026 9:01:00 AM,8/30/2026 10:00:00 AM,MIN_OPERATING_MW,11.37,
8/30/2026 9:40:00 AM,RTD,CLUZ,01CONSOL_G01,G,8/30/2026 9:36:00 AM,8/30/2026 9:40:00 AM,MAX_OPERATING_MW,41.35,
8/30/2026 9:40:00 AM,RTD,CLUZ,01CONSOL_G01,G,8/30/2026 9:36:00 AM,8/30/2026 9:40:00 AM,MIN_OPERATING_MW,41.35,
8/30/2026 9:40:00 AM,RTD,CLUZ,01CONSOL_G01,G,8/30/2026 9:41:00 AM,8/30/2026 9:45:00 AM,MAX_OPERATING_MW,42.26,
8/30/2026 9:40:00 AM,RTD,CLUZ,01CONSOL_G01,G,8/30/2026 9:41:00 AM,8/30/2026 9:45:00 AM,MIN_OPERATING_MW,42.26,
8/30/2026 9:40:00 AM,RTD,CLUZ,01PASBUSOL_G01,G,8/30/2026 9:01:00 AM,8/30/2026 10:00:00 AM,MAX_OPERATING_MW,34.38,
8/30/2026 9:40:00 AM,RTD,CLUZ,01PASBUSOL_G01,G,8/30/2026 9:01:00 AM,8/30/2026 10:00:00 AM,MIN_OPERATING_MW,34.38,
8/30/2026 9:40:00 AM,RTD,CLUZ,01TERRASOL_G01,G,8/30/2026 9:06:00 AM,8/30/2026 10:00:00 AM,MAX_OPERATING_MW,150,
8/30/2026 9:40:00 AM,RTD,CLUZ,01TERRASOL_G01,G,8/30/2026 9:06:00 AM,8/30/2026 10:00:00 AM,MIN_OPERATING_MW,150,
8/30/2026 9:40:00 AM,RTD,CLUZ,03LUNSOL_G01,G,8/30/2026 9:36:00 AM,8/30/2026 9:40:00 AM,MAX_OPERATING_MW,30.29,
8/30/2026 9:40:00 AM,RTD,CLUZ,03LUNSOL_G01,G,8/30/2026 9:36:00 AM,8/30/2026 9:40:00 AM,MIN_OPERATING_MW,30.29,
8/30/2026 9:40:00 AM,RTD,CLUZ,03LUNSOL_G01,G,8/30/2026 9:41:00 AM,8/30/2026 9:45:00 AM,MAX_OPERATING_MW,30.73,
8/30/2026 9:40:00 AM,RTD,CLUZ,03LUNSOL_G01,G,8/30/2026 9:41:00 AM,8/30/2026 9:45:00 AM,MIN_OPERATING_MW,30.73,
8/30/2026 9:40:00 AM,RTD,CLUZ,03TANWIND_G01,G,8/30/2026 9:36:00 AM,8/30/2026 9:40:00 AM,MAX_OPERATING_MW,6.20,
8/30/2026 9:40:00 AM,RTD,CLUZ,03TANWIND_G01,G,8/30/2026 9:36:00 AM,8/30/2026 9:40:00 AM,MIN_OPERATING_MW,6.20,
8/30/2026 9:40:00 AM,RTD,CLUZ,03TANWIND_G01,G,8/30/2026 9:41:00 AM,8/30/2026 9:45:00 AM,MAX_OPERATING_MW,6.20,
8/30/2026 9:40:00 AM,RTD,CLUZ,03TANWIND_G01,G,8/30/2026 9:41:00 AM,8/30/2026 9:45:00 AM,MIN_OPERATING_MW,6.20,
8/30/2026 9:40:00 AM,RTD,CVIS,04ISIDROSOL_G01,G,8/30/2026 9:01:00 AM,8/30/2026 10:00:00 AM,MAX_OPERATING_MW,72,
8/30/2026 9:40:00 AM,RTD,CVIS,04ISIDROSOL_G01,G,8/30/2026 9:01:00 AM,8/30/2026 10:00:00 AM,MIN_OPERATING_MW,72,
8/30/2026 9:40:00 AM,RTD,CVIS,08AJUYSOL_G01,G,8/30/2026 9:01:00 AM,8/30/2026 10:00:00 AM,MAX_OPERATING_MW,6.60,
8/30/2026 9:40:00 AM,RTD,CVIS,08AJUYSOL_G01,G,8/30/2026 9:01:00 AM,8/30/2026 10:00:00 AM,MIN_OPERATING_MW,6.60,
8/30/2026 9:40:00 AM,RTD,CVIS,08AJUYSOL_G02,G,8/30/2026 9:01:00 AM,8/30/2026 10:00:00 AM,MAX_OPERATING_MW,3.40,
8/30/2026 9:40:00 AM,RTD,CVIS,08AJUYSOL_G02,G,8/30/2026 9:01:00 AM,8/30/2026 10:00:00 AM,MIN_OPERATING_MW,3.40,
8/30/2026 9:40:00 AM,RTD,CMIN,10LIAN_G02,G,8/30/2026 12:05:00 AM,8/30/2026 11:59:00 PM,MAX_OPERATING_MW,6.60,
8/30/2026 9:40:00 AM,RTD,CMIN,10LIAN_G02,G,8/30/2026 12:05:00 AM,8/30/2026 11:59:00 PM,MIN_OPERATING_MW,6.60,
8/30/2026 9:40:00 AM,RTD,CMIN,14TANTASOL_G01,G,8/30/2026 9:01:00 AM,8/30/2026 10:00:00 AM,MAX_OPERATING_MW,45,
8/30/2026 9:40:00 AM,RTD,CMIN,14TANTASOL_G01,G,8/30/2026 9:01:00 AM,8/30/2026 10:00:00 AM,MIN_OPERATING_MW,45,
8/30/2026 9:45:00 AM,RTD,CLUZ,01BARBASOL_G01,G,8/30/2026 9:41:00 AM,8/30/2026 9:45:00 AM,MAX_OPERATING_MW,40.11,
8/30/2026 9:45:00 AM,RTD,CLUZ,01BARBASOL_G01,G,8/30/2026 9:41:00 AM,8/30/2026 9:45:00 AM,MIN_OPERATING_MW,40.11,
8/30/2026 9:45:00 AM,RTD,CLUZ,01BARBASOL_G01,G,8/30/2026 9:46:00 AM,8/30/2026 9:50:00 AM,MAX_OPERATING_MW,41.18,
8/30/2026 9:45:00 AM,RTD,CLUZ,01BARBASOL_G01,G,8/30/2026 9:46:00 AM,8/30/2026 9:50:00 AM,MIN_OPERATING_MW,41.18,
8/30/2026 9:45:00 AM,RTD,CLUZ,01BUGSOL_G01,G,8/30/2026 9:41:00 AM,8/30/2026 9:45:00 AM,MAX_OPERATING_MW,13.20,
8/30/2026 9:45:00 AM,RTD,CLUZ,01BUGSOL_G01,G,8/30/2026 9:41:00 AM,8/30/2026 9:45:00 AM,MIN_OPERATING_MW,13.20,
8/30/2026 9:45:00 AM,RTD,CLUZ,01BUGSOL_G01,G,8/30/2026 9:46:00 AM,8/30/2026 9:50:00 AM,MAX_OPERATING_MW,19.90,
8/30/2026 9:45:00 AM,RTD,CLUZ,01BUGSOL_G01,G,8/30/2026 9:46:00 AM,8/30/2026 9:50:00 AM,MIN_OPERATING_MW,19.90,
8/30/2026 9:45:00 AM,RTD,CLUZ,01BULACSOL_G01,G,8/30/2026 9:01:00 AM,8/30/2026 10:00:00 AM,MAX_OPERATING_MW,11.37,
8/30/2026 9:45:00 AM,RTD,CLUZ,01BULACSOL_G01,G,8/30/2026 9:01:00 AM,8/30/2026 10:00:00 AM,MIN_OPERATING_MW,11.37,
8/30/2026 9:45:00 AM,RTD,CLUZ,01CONSOL_G01,G,8/30/2026 9:41:00 AM,8/30/2026 9:45:00 AM,MAX_OPERATING_MW,42.26,
8/30/2026 9:45:00 AM,RTD,CLUZ,01CONSOL_G01,G,8/30/2026 9:41:00 AM,8/30/2026 9:45:00 AM,MIN_OPERATING_MW,42.26,
8/30/2026 9:45:00 AM,RTD,CLUZ,01CONSOL_G01,G,8/30/2026 9:46:00 AM,8/30/2026 9:50:00 AM,MAX_OPERATING_MW,43.16,
8/30/2026 9:45:00 AM,RTD,CLUZ,01CONSOL_G01,G,8/30/2026 9:46:00 AM,8/30/2026 9:50:00 AM,MIN_OPERATING_MW,43.16,
8/30/2026 9:45:00 AM,RTD,CLUZ,01PASBUSOL_G01,G,8/30/2026 9:01:00 AM,8/30/2026 10:00:00 AM,MAX_OPERATING_MW,34.38,
8/30/2026 9:45:00 AM,RTD,CLUZ,01PASBUSOL_G01,G,8/30/2026 9:01:00 AM,8/30/2026 10:00:00 AM,MIN_OPERATING_MW,34.38,
8/30/2026 9:45:00 AM,RTD,CLUZ,01TERRASOL_G01,G,8/30/2026 9:06:00 AM,8/30/2026 10:00:00 AM,MAX_OPERATING_MW,150,
8/30/2026 9:45:00 AM,RTD,CLUZ,01TERRASOL_G01,G,8/30/2026 9:06:00 AM,8/30/2026 10:00:00 AM,MIN_OPERATING_MW,150,
8/30/2026 9:45:00 AM,RTD,CLUZ,03LUNSOL_G01,G,8/30/2026 9:41:00 AM,8/30/2026 9:45:00 AM,MAX_OPERATING_MW,30.73,
8/30/2026 9:45:00 AM,RTD,CLUZ,03LUNSOL_G01,G,8/30/2026 9:41:00 AM,8/30/2026 9:45:00 AM,MIN_OPERATING_MW,30.73,
8/30/2026 9:45:00 AM,RTD,CLUZ,03LUNSOL_G01,G,8/30/2026 9:46:00 AM,8/30/2026 9:50:00 AM,MAX_OPERATING_MW,31.15,
8/30/2026 9:45:00 AM,RTD,CLUZ,03LUNSOL_G01,G,8/30/2026 9:46:00 AM,8/30/2026 9:50:00 AM,MIN_OPERATING_MW,31.15,
8/30/2026 9:45:00 AM,RTD,CLUZ,03TANWIND_G01,G,8/30/2026 9:41:00 AM,8/30/2026 9:45:00 AM,MAX_OPERATING_MW,6.20,
8/30/2026 9:45:00 AM,RTD,CLUZ,03TANWIND_G01,G,8/30/2026 9:41:00 AM,8/30/2026 9:45:00 AM,MIN_OPERATING_MW,6.20,
8/30/2026 9:45:00 AM,RTD,CLUZ,03TANWIND_G01,G,8/30/2026 9:46:00 AM,8/30/2026 9:50:00 AM,MAX_OPERATING_MW,6.20,
8/30/2026 9:45:00 AM,RTD,CLUZ,03TANWIND_G01,G,8/30/2026 9:46:00 AM,8/30/2026 9:50:00 AM,MIN_OPERATING_MW,6.20,
8/30/2026 9:45:00 AM,RTD,CVIS,04ISIDROSOL_G01,G,8/30/2026 9:01:00 AM,8/30/2026 10:00:00 AM,MAX_OPERATING_MW,72,
8/30/2026 9:45:00 AM,RTD,CVIS,04ISIDROSOL_G01,G,8/30/2026 9:01:00 AM,8/30/2026 10:00:00 AM,MIN_OPERATING_MW,72,
8/30/2026 9:45:00 AM,RTD,CVIS,08AJUYSOL_G01,G,8/30/2026 9:01:00 AM,8/30/2026 10:00:00 AM,MAX_OPERATING_MW,6.60,
8/30/2026 9:45:00 AM,RTD,CVIS,08AJUYSOL_G01,G,8/30/2026 9:01:00 AM,8/30/2026 10:00:00 AM,MIN_OPERATING_MW,6.60,
8/30/2026 9:45:00 AM,RTD,CVIS,08AJUYSOL_G02,G,8/30/2026 9:01:00 AM,8/30/2026 10:00:00 AM,MAX_OPERATING_MW,3.40,
8/30/2026 9:45:00 AM,RTD,CVIS,08AJUYSOL_G02,G,8/30/2026 9:01:00 AM,8/30/2026 10:00:00 AM,MIN_OPERATING_MW,3.40,
8/30/2026 9:45:00 AM,RTD,CMIN,10LIAN_G02,G,8/30/2026 12:05:00 AM,8/30/2026 11:59:00 PM,MAX_OPERATING_MW,6.60,
8/30/2026 9:45:00 AM,RTD,CMIN,10LIAN_G02,G,8/30/2026 12:05:00 AM,8/30/2026 11:59:00 PM,MIN_OPERATING_MW,6.60,
8/30/2026 9:45:00 AM,RTD,CMIN,14TANTASOL_G01,G,8/30/2026 9:01:00 AM,8/30/2026 10:00:00 AM,MAX_OPERATING_MW,45,
8/30/2026 9:45:00 AM,RTD,CMIN,14TANTASOL_G01,G,8/30/2026 9:01:00 AM,8/30/2026 10:00:00 AM,MIN_OPERATING_MW,45,
8/30/2026 9:50:00 AM,RTD,CLUZ,01BARBASOL_G01,G,8/30/2026 9:46:00 AM,8/30/2026 9:50:00 AM,MAX_OPERATING_MW,41.18,
8/30/2026 9:50:00 AM,RTD,CLUZ,01BARBASOL_G01,G,8/30/2026 9:46:00 AM,8/30/2026 9:50:00 AM,MIN_OPERATING_MW,41.18,
8/30/2026 9:50:00 AM,RTD,CLUZ,01BARBASOL_G01,G,8/30/2026 9:51:00 AM,8/30/2026 9:55:00 AM,MAX_OPERATING_MW,42.20,
8/30/2026 9:50:00 AM,RTD,CLUZ,01BARBASOL_G01,G,8/30/2026 9:51:00 AM,8/30/2026 9:55:00 AM,MIN_OPERATING_MW,42.20,
8/30/2026 9:50:00 AM,RTD,CLUZ,01BUGSOL_G01,G,8/30/2026 9:46:00 AM,8/30/2026 9:50:00 AM,MAX_OPERATING_MW,19.90,
8/30/2026 9:50:00 AM,RTD,CLUZ,01BUGSOL_G01,G,8/30/2026 9:46:00 AM,8/30/2026 9:50:00 AM,MIN_OPERATING_MW,19.90,
8/30/2026 9:50:00 AM,RTD,CLUZ,01BUGSOL_G01,G,8/30/2026 9:51:00 AM,8/30/2026 9:55:00 AM,MAX_OPERATING_MW,19.20,
8/30/2026 9:50:00 AM,RTD,CLUZ,01BUGSOL_G01,G,8/30/2026 9:51:00 AM,8/30/2026 9:55:00 AM,MIN_OPERATING_MW,19.20,
8/30/2026 9:50:00 AM,RTD,CLUZ,01BULACSOL_G01,G,8/30/2026 9:01:00 AM,8/30/2026 10:00:00 AM,MAX_OPERATING_MW,11.37,
8/30/2026 9:50:00 AM,RTD,CLUZ,01BULACSOL_G01,G,8/30/2026 9:01:00 AM,8/30/2026 10:00:00 AM,MIN_OPERATING_MW,11.37,
8/30/2026 9:50:00 AM,RTD,CLUZ,01CONSOL_G01,G,8/30/2026 9:46:00 AM,8/30/2026 9:50:00 AM,MAX_OPERATING_MW,43.16,
8/30/2026 9:50:00 AM,RTD,CLUZ,01CONSOL_G01,G,8/30/2026 9:46:00 AM,8/30/2026 9:50:00 AM,MIN_OPERATING_MW,43.16,
8/30/2026 9:50:00 AM,RTD,CLUZ,01CONSOL_G01,G,8/30/2026 9:51:00 AM,8/30/2026 9:55:00 AM,MAX_OPERATING_MW,44.04,
8/30/2026 9:50:00 AM,RTD,CLUZ,01CONSOL_G01,G,8/30/2026 9:51:00 AM,8/30/2026 9:55:00 AM,MIN_OPERATING_MW,44.04,
8/30/2026 9:50:00 AM,RTD,CLUZ,01PASBUSOL_G01,G,8/30/2026 9:01:00 AM,8/30/2026 10:00:00 AM,MAX_OPERATING_MW,34.38,
8/30/2026 9:50:00 AM,RTD,CLUZ,01PASBUSOL_G01,G,8/30/2026 9:01:00 AM,8/30/2026 10:00:00 AM,MIN_OPERATING_MW,34.38,
8/30/2026 9:50:00 AM,RTD,CLUZ,01TERRASOL_G01,G,8/30/2026 9:06:00 AM,8/30/2026 10:00:00 AM,MAX_OPERATING_MW,150,
8/30/2026 9:50:00 AM,RTD,CLUZ,01TERRASOL_G01,G,8/30/2026 9:06:00 AM,8/30/2026 10:00:00 AM,MIN_OPERATING_MW,150,
8/30/2026 9:50:00 AM,RTD,CLUZ,03LUNSOL_G01,G,8/30/2026 9:46:00 AM,8/30/2026 9:50:00 AM,MAX_OPERATING_MW,31.15,
8/30/2026 9:50:00 AM,RTD,CLUZ,03LUNSOL_G01,G,8/30/2026 9:46:00 AM,8/30/2026 9:50:00 AM,MIN_OPERATING_MW,31.15,
8/30/2026 9:50:00 AM,RTD,CLUZ,03LUNSOL_G01,G,8/30/2026 9:51:00 AM,8/30/2026 9:55:00 AM,MAX_OPERATING_MW,31.55,
8/30/2026 9:50:00 AM,RTD,CLUZ,03LUNSOL_G01,G,8/30/2026 9:51:00 AM,8/30/2026 9:55:00 AM,MIN_OPERATING_MW,31.55,
8/30/2026 9:50:00 AM,RTD,CLUZ,03TANWIND_G01,G,8/30/2026 9:46:00 AM,8/30/2026 9:50:00 AM,MAX_OPERATING_MW,6.20,
8/30/2026 9:50:00 AM,RTD,CLUZ,03TANWIND_G01,G,8/30/2026 9:46:00 AM,8/30/2026 9:50:00 AM,MIN_OPERATING_MW,6.20,
8/30/2026 9:50:00 AM,RTD,CLUZ,03TANWIND_G01,G,8/30/2026 9:51:00 AM,8/30/2026 9:55:00 AM,MAX_OPERATING_MW,6.20,
8/30/2026 9:50:00 AM,RTD,CLUZ,03TANWIND_G01,G,8/30/2026 9:51:00 AM,8/30/2026 9:55:00 AM,MIN_OPERATING_MW,6.20,
8/30/2026 9:50:00 AM,RTD,CVIS,04ISIDROSOL_G01,G,8/30/2026 9:01:00 AM,8/30/2026 10:00:00 AM,MAX_OPERATING_MW,72,
8/30/2026 9:50:00 AM,RTD,CVIS,04ISIDROSOL_G01,G,8/30/2026 9:01:00 AM,8/30/2026 10:00:00 AM,MIN_OPERATING_MW,72,
8/30/2026 9:50:00 AM,RTD,CVIS,08AJUYSOL_G01,G,8/30/2026 9:01:00 AM,8/30/2026 10:00:00 AM,MAX_OPERATING_MW,6.60,
8/30/2026 9:50:00 AM,RTD,CVIS,08AJUYSOL_G01,G,8/30/2026 9:01:00 AM,8/30/2026 10:00:00 AM,MIN_OPERATING_MW,6.60,
8/30/2026 9:50:00 AM,RTD,CVIS,08AJUYSOL_G02,G,8/30/2026 9:01:00 AM,8/30/2026 10:00:00 AM,MAX_OPERATING_MW,3.40,
8/30/2026 9:50:00 AM,RTD,CVIS,08AJUYSOL_G02,G,8/30/2026 9:01:00 AM,8/30/2026 10:00:00 AM,MIN_OPERATING_MW,3.40,
8/30/2026 9:50:00 AM,RTD,CMIN,10LIAN_G02,G,8/30/2026 12:05:00 AM,8/30/2026 11:59:00 PM,MAX_OPERATING_MW,6.60,
8/30/2026 9:50:00 AM,RTD,CMIN,10LIAN_G02,G,8/30/2026 12:05:00 AM,8/30/2026 11:59:00 PM,MIN_OPERATING_MW,6.60,
8/30/2026 9:50:00 AM,RTD,CMIN,14TANTASOL_G01,G,8/30/2026 9:01:00 AM,8/30/2026 10:00:00 AM,MAX_OPERATING_MW,45,
8/30/2026 9:50:00 AM,RTD,CMIN,14TANTASOL_G01,G,8/30/2026 9:01:00 AM,8/30/2026 10:00:00 AM,MIN_OPERATING_MW,45,
8/30/2026 9:55:00 AM,RTD,CLUZ,01BARBASOL_G01,G,8/30/2026 9:51:00 AM,8/30/2026 9:55:00 AM,MAX_OPERATING_MW,42.20,
8/30/2026 9:55:00 AM,RTD,CLUZ,01BARBASOL_G01,G,8/30/2026 9:51:00 AM,8/30/2026 9:55:00 AM,MIN_OPERATING_MW,42.20,
8/30/2026 9:55:00 AM,RTD,CLUZ,01BARBASOL_G01,G,8/30/2026 9:56:00 AM,8/30/2026 10:00:00 AM,MAX_OPERATING_MW,43.16,
8/30/2026 9:55:00 AM,RTD,CLUZ,01BARBASOL_G01,G,8/30/2026 9:56:00 AM,8/30/2026 10:00:00 AM,MIN_OPERATING_MW,43.16,
8/30/2026 9:55:00 AM,RTD,CLUZ,01BUGSOL_G01,G,8/30/2026 9:51:00 AM,8/30/2026 9:55:00 AM,MAX_OPERATING_MW,19.20,
8/30/2026 9:55:00 AM,RTD,CLUZ,01BUGSOL_G01,G,8/30/2026 9:51:00 AM,8/30/2026 9:55:00 AM,MIN_OPERATING_MW,19.20,
8/30/2026 9:55:00 AM,RTD,CLUZ,01BUGSOL_G01,G,8/30/2026 9:56:00 AM,8/30/2026 10:00:00 AM,MAX_OPERATING_MW,17.40,
8/30/2026 9:55:00 AM,RTD,CLUZ,01BUGSOL_G01,G,8/30/2026 9:56:00 AM,8/30/2026 10:00:00 AM,MIN_OPERATING_MW,17.40,
8/30/2026 9:55:00 AM,RTD,CLUZ,01BULACSOL_G01,G,8/30/2026 9:01:00 AM,8/30/2026 10:00:00 AM,MAX_OPERATING_MW,11.37,
8/30/2026 9:55:00 AM,RTD,CLUZ,01BULACSOL_G01,G,8/30/2026 9:01:00 AM,8/30/2026 10:00:00 AM,MIN_OPERATING_MW,11.37,
8/30/2026 9:55:00 AM,RTD,CLUZ,01CONSOL_G01,G,8/30/2026 9:51:00 AM,8/30/2026 9:55:00 AM,MAX_OPERATING_MW,44.04,
8/30/2026 9:55:00 AM,RTD,CLUZ,01CONSOL_G01,G,8/30/2026 9:51:00 AM,8/30/2026 9:55:00 AM,MIN_OPERATING_MW,44.04,
8/30/2026 9:55:00 AM,RTD,CLUZ,01CONSOL_G01,G,8/30/2026 9:56:00 AM,8/30/2026 10:00:00 AM,MAX_OPERATING_MW,44.90,
8/30/2026 9:55:00 AM,RTD,CLUZ,01CONSOL_G01,G,8/30/2026 9:56:00 AM,8/30/2026 10:00:00 AM,MIN_OPERATING_MW,44.90,
8/30/2026 9:55:00 AM,RTD,CLUZ,01PASBUSOL_G01,G,8/30/2026 9:01:00 AM,8/30/2026 10:00:00 AM,MAX_OPERATING_MW,34.38,
8/30/2026 9:55:00 AM,RTD,CLUZ,01PASBUSOL_G01,G,8/30/2026 9:01:00 AM,8/30/2026 10:00:00 AM,MIN_OPERATING_MW,34.38,
8/30/2026 9:55:00 AM,RTD,CLUZ,01TERRASOL_G01,G,8/30/2026 9:06:00 AM,8/30/2026 10:00:00 AM,MAX_OPERATING_MW,150,
8/30/2026 9:55:00 AM,RTD,CLUZ,01TERRASOL_G01,G,8/30/2026 9:06:00 AM,8/30/2026 10:00:00 AM,MIN_OPERATING_MW,150,
8/30/2026 9:55:00 AM,RTD,CLUZ,03LUNSOL_G01,G,8/30/2026 9:51:00 AM,8/30/2026 9:55:00 AM,MAX_OPERATING_MW,31.55,
8/30/2026 9:55:00 AM,RTD,CLUZ,03LUNSOL_G01,G,8/30/2026 9:51:00 AM,8/30/2026 9:55:00 AM,MIN_OPERATING_MW,31.55,
8/30/2026 9:55:00 AM,RTD,CLUZ,03LUNSOL_G01,G,8/30/2026 9:56:00 AM,8/30/2026 10:00:00 AM,MAX_OPERATING_MW,31.92,
8/30/2026 9:55:00 AM,RTD,CLUZ,03LUNSOL_G01,G,8/30/2026 9:56:00 AM,8/30/2026 10:00:00 AM,MIN_OPERATING_MW,31.92,
8/30/2026 9:55:00 AM,RTD,CLUZ,03TANWIND_G01,G,8/30/2026 9:51:00 AM,8/30/2026 9:55:00 AM,MAX_OPERATING_MW,6.20,
8/30/2026 9:55:00 AM,RTD,CLUZ,03TANWIND_G01,G,8/30/2026 9:51:00 AM,8/30/2026 9:55:00 AM,MIN_OPERATING_MW,6.20,
8/30/2026 9:55:00 AM,RTD,CLUZ,03TANWIND_G01,G,8/30/2026 9:56:00 AM,8/30/2026 10:00:00 AM,MAX_OPERATING_MW,6.20,
8/30/2026 9:55:00 AM,RTD,CLUZ,03TANWIND_G01,G,8/30/2026 9:56:00 AM,8/30/2026 10:00:00 AM,MIN_OPERATING_MW,6.20,
8/30/2026 9:55:00 AM,RTD,CVIS,04ISIDROSOL_G01,G,8/30/2026 9:01:00 AM,8/30/2026 10:00:00 AM,MAX_OPERATING_MW,72,
8/30/2026 9:55:00 AM,RTD,CVIS,04ISIDROSOL_G01,G,8/30/2026 9:01:00 AM,8/30/2026 10:00:00 AM,MIN_OPERATING_MW,72,
8/30/2026 9:55:00 AM,RTD,CVIS,08AJUYSOL_G01,G,8/30/2026 9:01:00 AM,8/30/2026 10:00:00 AM,MAX_OPERATING_MW,6.60,
8/30/2026 9:55:00 AM,RTD,CVIS,08AJUYSOL_G01,G,8/30/2026 9:01:00 AM,8/30/2026 10:00:00 AM,MIN_OPERATING_MW,6.60,
8/30/2026 9:55:00 AM,RTD,CVIS,08AJUYSOL_G02,G,8/30/2026 9:01:00 AM,8/30/2026 10:00:00 AM,MAX_OPERATING_MW,3.40,
8/30/2026 9:55:00 AM,RTD,CVIS,08AJUYSOL_G02,G,8/30/2026 9:01:00 AM,8/30/2026 10:00:00 AM,MIN_OPERATING_MW,3.40,
8/30/2026 9:55:00 AM,RTD,CMIN,10LIAN_G02,G,8/30/2026 12:05:00 AM,8/30/2026 11:59:00 PM,MAX_OPERATING_MW,6.60,
8/30/2026 9:55:00 AM,RTD,CMIN,10LIAN_G02,G,8/30/2026 12:05:00 AM,8/30/2026 11:59:00 PM,MIN_OPERATING_MW,6.60,
8/30/2026 9:55:00 AM,RTD,CMIN,14TANTASOL_G01,G,8/30/2026 9:01:00 AM,8/30/2026 10:00:00 AM,MAX_OPERATING_MW,45,
8/30/2026 9:55:00 AM,RTD,CMIN,14TANTASOL_G01,G,8/30/2026 9:01:00 AM,8/30/2026 10:00:00 AM,MIN_OPERATING_MW,45,
8/30/2026 10:00:00 AM,RTD,CLUZ,01BARBASOL_G01,G,8/30/2026 9:56:00 AM,8/30/2026 10:00:00 AM,MAX_OPERATING_MW,43.16,
8/30/2026 10:00:00 AM,RTD,CLUZ,01BARBASOL_G01,G,8/30/2026 9:56:00 AM,8/30/2026 10:00:00 AM,MIN_OPERATING_MW,43.16,
8/30/2026 10:00:00 AM,RTD,CLUZ,01BARBASOL_G01,G,8/30/2026 10:01:00 AM,8/30/2026 10:05:00 AM,MAX_OPERATING_MW,44.05,
8/30/2026 10:00:00 AM,RTD,CLUZ,01BARBASOL_G01,G,8/30/2026 10:01:00 AM,8/30/2026 10:05:00 AM,MIN_OPERATING_MW,44.05,
8/30/2026 10:00:00 AM,RTD,CLUZ,01BUGSOL_G01,G,8/30/2026 9:56:00 AM,8/30/2026 10:00:00 AM,MAX_OPERATING_MW,17.40,
8/30/2026 10:00:00 AM,RTD,CLUZ,01BUGSOL_G01,G,8/30/2026 9:56:00 AM,8/30/2026 10:00:00 AM,MIN_OPERATING_MW,17.40,
8/30/2026 10:00:00 AM,RTD,CLUZ,01BUGSOL_G01,G,8/30/2026 10:01:00 AM,8/30/2026 10:05:00 AM,MAX_OPERATING_MW,16.20,
8/30/2026 10:00:00 AM,RTD,CLUZ,01BUGSOL_G01,G,8/30/2026 10:01:00 AM,8/30/2026 10:05:00 AM,MIN_OPERATING_MW,16.20,
8/30/2026 10:00:00 AM,RTD,CLUZ,01BULACSOL_G01,G,8/30/2026 9:01:00 AM,8/30/2026 10:00:00 AM,MAX_OPERATING_MW,11.37,
8/30/2026 10:00:00 AM,RTD,CLUZ,01BULACSOL_G01,G,8/30/2026 9:01:00 AM,8/30/2026 10:00:00 AM,MIN_OPERATING_MW,11.37,
8/30/2026 10:00:00 AM,RTD,CLUZ,01BULACSOL_G01,G,8/30/2026 10:01:00 AM,8/30/2026 11:00:00 AM,MAX_OPERATING_MW,13.72,
8/30/2026 10:00:00 AM,RTD,CLUZ,01BULACSOL_G01,G,8/30/2026 10:01:00 AM,8/30/2026 11:00:00 AM,MIN_OPERATING_MW,13.72,
8/30/2026 10:00:00 AM,RTD,CLUZ,01CONSOL_G01,G,8/30/2026 9:56:00 AM,8/30/2026 10:00:00 AM,MAX_OPERATING_MW,44.90,
8/30/2026 10:00:00 AM,RTD,CLUZ,01CONSOL_G01,G,8/30/2026 9:56:00 AM,8/30/2026 10:00:00 AM,MIN_OPERATING_MW,44.90,
8/30/2026 10:00:00 AM,RTD,CLUZ,01CONSOL_G01,G,8/30/2026 10:01:00 AM,8/30/2026 10:05:00 AM,MAX_OPERATING_MW,45.61,
8/30/2026 10:00:00 AM,RTD,CLUZ,01CONSOL_G01,G,8/30/2026 10:01:00 AM,8/30/2026 10:05:00 AM,MIN_OPERATING_MW,45.61,
8/30/2026 10:00:00 AM,RTD,CLUZ,01PASBUSOL_G01,G,8/30/2026 9:01:00 AM,8/30/2026 10:00:00 AM,MAX_OPERATING_MW,34.38,
8/30/2026 10:00:00 AM,RTD,CLUZ,01PASBUSOL_G01,G,8/30/2026 9:01:00 AM,8/30/2026 10:00:00 AM,MIN_OPERATING_MW,34.38,
8/30/2026 10:00:00 AM,RTD,CLUZ,01PASBUSOL_G01,G,8/30/2026 10:01:00 AM,8/30/2026 11:00:00 AM,MAX_OPERATING_MW,40.55,
8/30/2026 10:00:00 AM,RTD,CLUZ,01PASBUSOL_G01,G,8/30/2026 10:01:00 AM,8/30/2026 11:00:00 AM,MIN_OPERATING_MW,40.55,
8/30/2026 10:00:00 AM,RTD,CLUZ,01TERRASOL_G01,G,8/30/2026 9:21:00 AM,8/30/2026 10:00:00 AM,MAX_OPERATING_MW,250,
8/30/2026 10:00:00 AM,RTD,CLUZ,01TERRASOL_G01,G,8/30/2026 9:21:00 AM,8/30/2026 10:00:00 AM,MIN_OPERATING_MW,250,
8/30/2026 10:00:00 AM,RTD,CLUZ,01TERRASOL_G01,G,8/30/2026 10:01:00 AM,8/30/2026 11:00:00 AM,MAX_OPERATING_MW,300,
8/30/2026 10:00:00 AM,RTD,CLUZ,01TERRASOL_G01,G,8/30/2026 10:01:00 AM,8/30/2026 11:00:00 AM,MIN_OPERATING_MW,300,
8/30/2026 10:00:00 AM,RTD,CLUZ,03LUNSOL_G01,G,8/30/2026 9:56:00 AM,8/30/2026 10:00:00 AM,MAX_OPERATING_MW,31.92,
8/30/2026 10:00:00 AM,RTD,CLUZ,03LUNSOL_G01,G,8/30/2026 9:56:00 AM,8/30/2026 10:00:00 AM,MIN_OPERATING_MW,31.92,
8/30/2026 10:00:00 AM,RTD,CLUZ,03LUNSOL_G01,G,8/30/2026 10:01:00 AM,8/30/2026 10:05:00 AM,MAX_OPERATING_MW,32.27,
8/30/2026 10:00:00 AM,RTD,CLUZ,03LUNSOL_G01,G,8/30/2026 10:01:00 AM,8/30/2026 10:05:00 AM,MIN_OPERATING_MW,32.27,
8/30/2026 10:00:00 AM,RTD,CLUZ,03TANWIND_G01,G,8/30/2026 9:56:00 AM,8/30/2026 10:00:00 AM,MAX_OPERATING_MW,6.20,
8/30/2026 10:00:00 AM,RTD,CLUZ,03TANWIND_G01,G,8/30/2026 9:56:00 AM,8/30/2026 10:00:00 AM,MIN_OPERATING_MW,6.20,
8/30/2026 10:00:00 AM,RTD,CLUZ,03TANWIND_G01,G,8/30/2026 10:01:00 AM,8/30/2026 10:05:00 AM,MAX_OPERATING_MW,6.20,
8/30/2026 10:00:00 AM,RTD,CLUZ,03TANWIND_G01,G,8/30/2026 10:01:00 AM,8/30/2026 10:05:00 AM,MIN_OPERATING_MW,6.20,
8/30/2026 10:00:00 AM,RTD,CVIS,04ISIDROSOL_G01,G,8/30/2026 9:01:00 AM,8/30/2026 10:00:00 AM,MAX_OPERATING_MW,72,
8/30/2026 10:00:00 AM,RTD,CVIS,04ISIDROSOL_G01,G,8/30/2026 9:01:00 AM,8/30/2026 10:00:00 AM,MIN_OPERATING_MW,72,
8/30/2026 10:00:00 AM,RTD,CVIS,04ISIDROSOL_G01,G,8/30/2026 10:01:00 AM,8/30/2026 11:00:00 AM,MAX_OPERATING_MW,87.60,
8/30/2026 10:00:00 AM,RTD,CVIS,04ISIDROSOL_G01,G,8/30/2026 10:01:00 AM,8/30/2026 11:00:00 AM,MIN_OPERATING_MW,87.60,
8/30/2026 10:00:00 AM,RTD,CVIS,08AJUYSOL_G01,G,8/30/2026 9:01:00 AM,8/30/2026 10:00:00 AM,MAX_OPERATING_MW,6.60,
8/30/2026 10:00:00 AM,RTD,CVIS,08AJUYSOL_G01,G,8/30/2026 9:01:00 AM,8/30/2026 10:00:00 AM,MIN_OPERATING_MW,6.60,
8/30/2026 10:00:00 AM,RTD,CVIS,08AJUYSOL_G01,G,8/30/2026 10:01:00 AM,8/30/2026 11:00:00 AM,MAX_OPERATING_MW,6.60,
8/30/2026 10:00:00 AM,RTD,CVIS,08AJUYSOL_G01,G,8/30/2026 10:01:00 AM,8/30/2026 11:00:00 AM,MIN_OPERATING_MW,6.60,
8/30/2026 10:00:00 AM,RTD,CVIS,08AJUYSOL_G02,G,8/30/2026 9:01:00 AM,8/30/2026 10:00:00 AM,MAX_OPERATING_MW,3.40,
8/30/2026 10:00:00 AM,RTD,CVIS,08AJUYSOL_G02,G,8/30/2026 9:01:00 AM,8/30/2026 10:00:00 AM,MIN_OPERATING_MW,3.40,
8/30/2026 10:00:00 AM,RTD,CVIS,08AJUYSOL_G02,G,8/30/2026 10:01:00 AM,8/30/2026 11:00:00 AM,MAX_OPERATING_MW,3.40,
8/30/2026 10:00:00 AM,RTD,CVIS,08AJUYSOL_G02,G,8/30/2026 10:01:00 AM,8/30/2026 11:00:00 AM,MIN_OPERATING_MW,3.40,
8/30/2026 10:00:00 AM,RTD,CMIN,10LIAN_G02,G,8/30/2026 12:05:00 AM,8/30/2026 11:59:00 PM,MAX_OPERATING_MW,6.60,
8/30/2026 10:00:00 AM,RTD,CMIN,10LIAN_G02,G,8/30/2026 12:05:00 AM,8/30/2026 11:59:00 PM,MIN_OPERATING_MW,6.60,
8/30/2026 10:00:00 AM,RTD,CMIN,14TANTASOL_G01,G,8/30/2026 9:01:00 AM,8/30/2026 10:00:00 AM,MAX_OPERATING_MW,45,
8/30/2026 10:00:00 AM,RTD,CMIN,14TANTASOL_G01,G,8/30/2026 9:01:00 AM,8/30/2026 10:00:00 AM,MIN_OPERATING_MW,45,
8/30/2026 10:00:00 AM,RTD,CMIN,14TANTASOL_G01,G,8/30/2026 10:01:00 AM,8/30/2026 11:00:00 AM,MAX_OPERATING_MW,50,
8/30/2026 10:00:00 AM,RTD,CMIN,14TANTASOL_G01,G,8/30/2026 10:01:00 AM,8/30/2026 11:00:00 AM,MIN_OPERATING_MW,50,
8/30/2026 10:05:00 AM,RTD,CLUZ,01BARBASOL_G01,G,8/30/2026 10:01:00 AM,8/30/2026 10:05:00 AM,MAX_OPERATING_MW,44.05,
8/30/2026 10:05:00 AM,RTD,CLUZ,01BARBASOL_G01,G,8/30/2026 10:01:00 AM,8/30/2026 10:05:00 AM,MIN_OPERATING_MW,44.05,
8/30/2026 10:05:00 AM,RTD,CLUZ,01BARBASOL_G01,G,8/30/2026 10:06:00 AM,8/30/2026 10:10:00 AM,MAX_OPERATING_MW,44.87,
8/30/2026 10:05:00 AM,RTD,CLUZ,01BARBASOL_G01,G,8/30/2026 10:06:00 AM,8/30/2026 10:10:00 AM,MIN_OPERATING_MW,44.87,
8/30/2026 10:05:00 AM,RTD,CLUZ,01BUGSOL_G01,G,8/30/2026 10:01:00 AM,8/30/2026 10:05:00 AM,MAX_OPERATING_MW,16.20,
8/30/2026 10:05:00 AM,RTD,CLUZ,01BUGSOL_G01,G,8/30/2026 10:01:00 AM,8/30/2026 10:05:00 AM,MIN_OPERATING_MW,16.20,
8/30/2026 10:05:00 AM,RTD,CLUZ,01BUGSOL_G01,G,8/30/2026 10:06:00 AM,8/30/2026 10:10:00 AM,MAX_OPERATING_MW,14.40,
8/30/2026 10:05:00 AM,RTD,CLUZ,01BUGSOL_G01,G,8/30/2026 10:06:00 AM,8/30/2026 10:10:00 AM,MIN_OPERATING_MW,14.40,
8/30/2026 10:05:00 AM,RTD,CLUZ,01BULACSOL_G01,G,8/30/2026 10:01:00 AM,8/30/2026 11:00:00 AM,MAX_OPERATING_MW,13.72,
8/30/2026 10:05:00 AM,RTD,CLUZ,01BULACSOL_G01,G,8/30/2026 10:01:00 AM,8/30/2026 11:00:00 AM,MIN_OPERATING_MW,13.72,
8/30/2026 10:05:00 AM,RTD,CLUZ,01CONSOL_G01,G,8/30/2026 10:01:00 AM,8/30/2026 10:05:00 AM,MAX_OPERATING_MW,45.61,
8/30/2026 10:05:00 AM,RTD,CLUZ,01CONSOL_G01,G,8/30/2026 10:01:00 AM,8/30/2026 10:05:00 AM,MIN_OPERATING_MW,45.61,
8/30/2026 10:05:00 AM,RTD,CLUZ,01CONSOL_G01,G,8/30/2026 10:06:00 AM,8/30/2026 10:10:00 AM,MAX_OPERATING_MW,46.15,
8/30/2026 10:05:00 AM,RTD,CLUZ,01CONSOL_G01,G,8/30/2026 10:06:00 AM,8/30/2026 10:10:00 AM,MIN_OPERATING_MW,46.15,
8/30/2026 10:05:00 AM,RTD,CLUZ,01PASBUSOL_G01,G,8/30/2026 10:01:00 AM,8/30/2026 11:00:00 AM,MAX_OPERATING_MW,40.55,
8/30/2026 10:05:00 AM,RTD,CLUZ,01PASBUSOL_G01,G,8/30/2026 10:01:00 AM,8/30/2026 11:00:00 AM,MIN_OPERATING_MW,40.55,
8/30/2026 10:05:00 AM,RTD,CLUZ,01TERRASOL_G01,G,8/30/2026 10:01:00 AM,8/30/2026 11:00:00 AM,MAX_OPERATING_MW,300,
8/30/2026 10:05:00 AM,RTD,CLUZ,01TERRASOL_G01,G,8/30/2026 10:01:00 AM,8/30/2026 11:00:00 AM,MIN_OPERATING_MW,300,
8/30/2026 10:05:00 AM,RTD,CLUZ,03LUNSOL_G01,G,8/30/2026 10:01:00 AM,8/30/2026 10:05:00 AM,MAX_OPERATING_MW,32.27,
8/30/2026 10:05:00 AM,RTD,CLUZ,03LUNSOL_G01,G,8/30/2026 10:01:00 AM,8/30/2026 10:05:00 AM,MIN_OPERATING_MW,32.27,
8/30/2026 10:05:00 AM,RTD,CLUZ,03LUNSOL_G01,G,8/30/2026 10:06:00 AM,8/30/2026 10:10:00 AM,MAX_OPERATING_MW,32.58,
8/30/2026 10:05:00 AM,RTD,CLUZ,03LUNSOL_G01,G,8/30/2026 10:06:00 AM,8/30/2026 10:10:00 AM,MIN_OPERATING_MW,32.58,
8/30/2026 10:05:00 AM,RTD,CLUZ,03TANWIND_G01,G,8/30/2026 10:01:00 AM,8/30/2026 10:05:00 AM,MAX_OPERATING_MW,6.20,
8/30/2026 10:05:00 AM,RTD,CLUZ,03TANWIND_G01,G,8/30/2026 10:01:00 AM,8/30/2026 10:05:00 AM,MIN_OPERATING_MW,6.20,
8/30/2026 10:05:00 AM,RTD,CLUZ,03TANWIND_G01,G,8/30/2026 10:06:00 AM,8/30/2026 10:10:00 AM,MAX_OPERATING_MW,6.20,
8/30/2026 10:05:00 AM,RTD,CLUZ,03TANWIND_G01,G,8/30/2026 10:06:00 AM,8/30/2026 10:10:00 AM,MIN_OPERATING_MW,6.20,
8/30/2026 10:05:00 AM,RTD,CVIS,04ISIDROSOL_G01,G,8/30/2026 10:01:00 AM,8/30/2026 11:00:00 AM,MAX_OPERATING_MW,87.60,
8/30/2026 10:05:00 AM,RTD,CVIS,04ISIDROSOL_G01,G,8/30/2026 10:01:00 AM,8/30/2026 11:00:00 AM,MIN_OPERATING_MW,87.60,
8/30/2026 10:05:00 AM,RTD,CVIS,08AJUYSOL_G01,G,8/30/2026 10:01:00 AM,8/30/2026 11:00:00 AM,MAX_OPERATING_MW,6.60,
8/30/2026 10:05:00 AM,RTD,CVIS,08AJUYSOL_G01,G,8/30/2026 10:01:00 AM,8/30/2026 11:00:00 AM,MIN_OPERATING_MW,6.60,
8/30/2026 10:05:00 AM,RTD,CVIS,08AJUYSOL_G02,G,8/30/2026 10:01:00 AM,8/30/2026 11:00:00 AM,MAX_OPERATING_MW,3.40,
8/30/2026 10:05:00 AM,RTD,CVIS,08AJUYSOL_G02,G,8/30/2026 10:01:00 AM,8/30/2026 11:00:00 AM,MIN_OPERATING_MW,3.40,
8/30/2026 10:05:00 AM,RTD,CMIN,10LIAN_G02,G,8/30/2026 12:05:00 AM,8/30/2026 11:59:00 PM,MAX_OPERATING_MW,6.60,
8/30/2026 10:05:00 AM,RTD,CMIN,10LIAN_G02,G,8/30/2026 12:05:00 AM,8/30/2026 11:59:00 PM,MIN_OPERATING_MW,6.60,
8/30/2026 10:05:00 AM,RTD,CMIN,14TANTASOL_G01,G,8/30/2026 10:01:00 AM,8/30/2026 11:00:00 AM,MAX_OPERATING_MW,50,
8/30/2026 10:05:00 AM,RTD,CMIN,14TANTASOL_G01,G,8/30/2026 10:01:00 AM,8/30/2026 11:00:00 AM,MIN_OPERATING_MW,50,
8/30/2026 10:10:00 AM,RTD,CLUZ,01BARBASOL_G01,G,8/30/2026 10:06:00 AM,8/30/2026 10:10:00 AM,MAX_OPERATING_MW,44.87,
8/30/2026 10:10:00 AM,RTD,CLUZ,01BARBASOL_G01,G,8/30/2026 10:06:00 AM,8/30/2026 10:10:00 AM,MIN_OPERATING_MW,44.87,
8/30/2026 10:10:00 AM,RTD,CLUZ,01BARBASOL_G01,G,8/30/2026 10:11:00 AM,8/30/2026 10:15:00 AM,MAX_OPERATING_MW,45.65,
8/30/2026 10:10:00 AM,RTD,CLUZ,01BARBASOL_G01,G,8/30/2026 10:11:00 AM,8/30/2026 10:15:00 AM,MIN_OPERATING_MW,45.65,
8/30/2026 10:10:00 AM,RTD,CLUZ,01BUGSOL_G01,G,8/30/2026 10:06:00 AM,8/30/2026 10:10:00 AM,MAX_OPERATING_MW,50,
8/30/2026 10:10:00 AM,RTD,CLUZ,01BUGSOL_G01,G,8/30/2026 10:06:00 AM,8/30/2026 10:10:00 AM,MIN_OPERATING_MW,50,
8/30/2026 10:10:00 AM,RTD,CLUZ,01BUGSOL_G01,G,8/30/2026 10:11:00 AM,8/30/2026 10:15:00 AM,MAX_OPERATING_MW,50,
8/30/2026 10:10:00 AM,RTD,CLUZ,01BUGSOL_G01,G,8/30/2026 10:11:00 AM,8/30/2026 10:15:00 AM,MIN_OPERATING_MW,50,
8/30/2026 10:10:00 AM,RTD,CLUZ,01BULACSOL_G01,G,8/30/2026 10:01:00 AM,8/30/2026 11:00:00 AM,MAX_OPERATING_MW,13.72,
8/30/2026 10:10:00 AM,RTD,CLUZ,01BULACSOL_G01,G,8/30/2026 10:01:00 AM,8/30/2026 11:00:00 AM,MIN_OPERATING_MW,13.72,
8/30/2026 10:10:00 AM,RTD,CLUZ,01CONSOL_G01,G,8/30/2026 10:06:00 AM,8/30/2026 10:10:00 AM,MAX_OPERATING_MW,46.15,
8/30/2026 10:10:00 AM,RTD,CLUZ,01CONSOL_G01,G,8/30/2026 10:06:00 AM,8/30/2026 10:10:00 AM,MIN_OPERATING_MW,46.15,
8/30/2026 10:10:00 AM,RTD,CLUZ,01CONSOL_G01,G,8/30/2026 10:11:00 AM,8/30/2026 10:15:00 AM,MAX_OPERATING_MW,46.68,
8/30/2026 10:10:00 AM,RTD,CLUZ,01CONSOL_G01,G,8/30/2026 10:11:00 AM,8/30/2026 10:15:00 AM,MIN_OPERATING_MW,46.68,
8/30/2026 10:10:00 AM,RTD,CLUZ,01PASBUSOL_G01,G,8/30/2026 10:01:00 AM,8/30/2026 11:00:00 AM,MAX_OPERATING_MW,40.55,
8/30/2026 10:10:00 AM,RTD,CLUZ,01PASBUSOL_G01,G,8/30/2026 10:01:00 AM,8/30/2026 11:00:00 AM,MIN_OPERATING_MW,40.55,
8/30/2026 10:10:00 AM,RTD,CLUZ,01TERRASOL_G01,G,8/30/2026 10:01:00 AM,8/30/2026 11:00:00 AM,MAX_OPERATING_MW,300,
8/30/2026 10:10:00 AM,RTD,CLUZ,01TERRASOL_G01,G,8/30/2026 10:01:00 AM,8/30/2026 11:00:00 AM,MIN_OPERATING_MW,300,
8/30/2026 10:10:00 AM,RTD,CLUZ,03LUNSOL_G01,G,8/30/2026 10:06:00 AM,8/30/2026 10:10:00 AM,MAX_OPERATING_MW,32.58,
8/30/2026 10:10:00 AM,RTD,CLUZ,03LUNSOL_G01,G,8/30/2026 10:06:00 AM,8/30/2026 10:10:00 AM,MIN_OPERATING_MW,32.58,
8/30/2026 10:10:00 AM,RTD,CLUZ,03LUNSOL_G01,G,8/30/2026 10:11:00 AM,8/30/2026 10:15:00 AM,MAX_OPERATING_MW,32.87,
8/30/2026 10:10:00 AM,RTD,CLUZ,03LUNSOL_G01,G,8/30/2026 10:11:00 AM,8/30/2026 10:15:00 AM,MIN_OPERATING_MW,32.87,
8/30/2026 10:10:00 AM,RTD,CLUZ,03TANWIND_G01,G,8/30/2026 10:06:00 AM,8/30/2026 10:10:00 AM,MAX_OPERATING_MW,6.20,
8/30/2026 10:10:00 AM,RTD,CLUZ,03TANWIND_G01,G,8/30/2026 10:06:00 AM,8/30/2026 10:10:00 AM,MIN_OPERATING_MW,6.20,
8/30/2026 10:10:00 AM,RTD,CLUZ,03TANWIND_G01,G,8/30/2026 10:11:00 AM,8/30/2026 10:15:00 AM,MAX_OPERATING_MW,6.20,
8/30/2026 10:10:00 AM,RTD,CLUZ,03TANWIND_G01,G,8/30/2026 10:11:00 AM,8/30/2026 10:15:00 AM,MIN_OPERATING_MW,6.20,
8/30/2026 10:10:00 AM,RTD,CVIS,04ISIDROSOL_G01,G,8/30/2026 10:01:00 AM,8/30/2026 11:00:00 AM,MAX_OPERATING_MW,87.60,
8/30/2026 10:10:00 AM,RTD,CVIS,04ISIDROSOL_G01,G,8/30/2026 10:01:00 AM,8/30/2026 11:00:00 AM,MIN_OPERATING_MW,87.60,
8/30/2026 10:10:00 AM,RTD,CVIS,08AJUYSOL_G01,G,8/30/2026 10:01:00 AM,8/30/2026 11:00:00 AM,MAX_OPERATING_MW,6.60,
8/30/2026 10:10:00 AM,RTD,CVIS,08AJUYSOL_G01,G,8/30/2026 10:01:00 AM,8/30/2026 11:00:00 AM,MIN_OPERATING_MW,6.60,
8/30/2026 10:10:00 AM,RTD,CVIS,08AJUYSOL_G02,G,8/30/2026 10:01:00 AM,8/30/2026 11:00:00 AM,MAX_OPERATING_MW,3.40,
8/30/2026 10:10:00 AM,RTD,CVIS,08AJUYSOL_G02,G,8/30/2026 10:01:00 AM,8/30/2026 11:00:00 AM,MIN_OPERATING_MW,3.40,
8/30/2026 10:10:00 AM,RTD,CMIN,10LIAN_G02,G,8/30/2026 12:05:00 AM,8/30/2026 11:59:00 PM,MAX_OPERATING_MW,6.60,
8/30/2026 10:10:00 AM,RTD,CMIN,10LIAN_G02,G,8/30/2026 12:05:00 AM,8/30/2026 11:59:00 PM,MIN_OPERATING_MW,6.60,
8/30/2026 10:10:00 AM,RTD,CMIN,14TANTASOL_G01,G,8/30/2026 10:01:00 AM,8/30/2026 11:00:00 AM,MAX_OPERATING_MW,50,
8/30/2026 10:10:00 AM,RTD,CMIN,14TANTASOL_G01,G,8/30/2026 10:01:00 AM,8/30/2026 11:00:00 AM,MIN_OPERATING_MW,50,
8/30/2026 10:15:00 AM,RTD,CLUZ,01BARBASOL_G01,G,8/30/2026 10:11:00 AM,8/30/2026 10:15:00 AM,MAX_OPERATING_MW,45.65,
8/30/2026 10:15:00 AM,RTD,CLUZ,01BARBASOL_G01,G,8/30/2026 10:11:00 AM,8/30/2026 10:15:00 AM,MIN_OPERATING_MW,45.65,
8/30/2026 10:15:00 AM,RTD,CLUZ,01BARBASOL_G01,G,8/30/2026 10:16:00 AM,8/30/2026 10:20:00 AM,MAX_OPERATING_MW,46.41,
8/30/2026 10:15:00 AM,RTD,CLUZ,01BARBASOL_G01,G,8/30/2026 10:16:00 AM,8/30/2026 10:20:00 AM,MIN_OPERATING_MW,46.41,
8/30/2026 10:15:00 AM,RTD,CLUZ,01BUGSOL_G01,G,8/30/2026 10:11:00 AM,8/30/2026 10:15:00 AM,MAX_OPERATING_MW,50,
8/30/2026 10:15:00 AM,RTD,CLUZ,01BUGSOL_G01,G,8/30/2026 10:11:00 AM,8/30/2026 10:15:00 AM,MIN_OPERATING_MW,50,
8/30/2026 10:15:00 AM,RTD,CLUZ,01BUGSOL_G01,G,8/30/2026 10:16:00 AM,8/30/2026 10:20:00 AM,MAX_OPERATING_MW,50,
8/30/2026 10:15:00 AM,RTD,CLUZ,01BUGSOL_G01,G,8/30/2026 10:16:00 AM,8/30/2026 10:20:00 AM,MIN_OPERATING_MW,50,
8/30/2026 10:15:00 AM,RTD,CLUZ,01BULACSOL_G01,G,8/30/2026 10:01:00 AM,8/30/2026 11:00:00 AM,MAX_OPERATING_MW,13.72,
8/30/2026 10:15:00 AM,RTD,CLUZ,01BULACSOL_G01,G,8/30/2026 10:01:00 AM,8/30/2026 11:00:00 AM,MIN_OPERATING_MW,13.72,
8/30/2026 10:15:00 AM,RTD,CLUZ,01CONSOL_G01,G,8/30/2026 10:11:00 AM,8/30/2026 10:15:00 AM,MAX_OPERATING_MW,46.68,
8/30/2026 10:15:00 AM,RTD,CLUZ,01CONSOL_G01,G,8/30/2026 10:11:00 AM,8/30/2026 10:15:00 AM,MIN_OPERATING_MW,46.68,
8/30/2026 10:15:00 AM,RTD,CLUZ,01CONSOL_G01,G,8/30/2026 10:16:00 AM,8/30/2026 10:20:00 AM,MAX_OPERATING_MW,47.20,
8/30/2026 10:15:00 AM,RTD,CLUZ,01CONSOL_G01,G,8/30/2026 10:16:00 AM,8/30/2026 10:20:00 AM,MIN_OPERATING_MW,47.20,
8/30/2026 10:15:00 AM,RTD,CLUZ,01PASBUSOL_G01,G,8/30/2026 10:01:00 AM,8/30/2026 11:00:00 AM,MAX_OPERATING_MW,40.55,
8/30/2026 10:15:00 AM,RTD,CLUZ,01PASBUSOL_G01,G,8/30/2026 10:01:00 AM,8/30/2026 11:00:00 AM,MIN_OPERATING_MW,40.55,
8/30/2026 10:15:00 AM,RTD,CLUZ,01TERRASOL_G01,G,8/30/2026 10:01:00 AM,8/30/2026 11:00:00 AM,MAX_OPERATING_MW,300,
8/30/2026 10:15:00 AM,RTD,CLUZ,01TERRASOL_G01,G,8/30/2026 10:01:00 AM,8/30/2026 11:00:00 AM,MIN_OPERATING_MW,300,
8/30/2026 10:15:00 AM,RTD,CLUZ,03LUNSOL_G01,G,8/30/2026 10:11:00 AM,8/30/2026 10:15:00 AM,MAX_OPERATING_MW,32.87,
8/30/2026 10:15:00 AM,RTD,CLUZ,03LUNSOL_G01,G,8/30/2026 10:11:00 AM,8/30/2026 10:15:00 AM,MIN_OPERATING_MW,32.87,
8/30/2026 10:15:00 AM,RTD,CLUZ,03LUNSOL_G01,G,8/30/2026 10:16:00 AM,8/30/2026 10:20:00 AM,MAX_OPERATING_MW,33.14,
8/30/2026 10:15:00 AM,RTD,CLUZ,03LUNSOL_G01,G,8/30/2026 10:16:00 AM,8/30/2026 10:20:00 AM,MIN_OPERATING_MW,33.14,
8/30/2026 10:15:00 AM,RTD,CLUZ,03TANWIND_G01,G,8/30/2026 10:11:00 AM,8/30/2026 10:15:00 AM,MAX_OPERATING_MW,6.20,
8/30/2026 10:15:00 AM,RTD,CLUZ,03TANWIND_G01,G,8/30/2026 10:11:00 AM,8/30/2026 10:15:00 AM,MIN_OPERATING_MW,6.20,
8/30/2026 10:15:00 AM,RTD,CLUZ,03TANWIND_G01,G,8/30/2026 10:16:00 AM,8/30/2026 10:20:00 AM,MAX_OPERATING_MW,6.20,
8/30/2026 10:15:00 AM,RTD,CLUZ,03TANWIND_G01,G,8/30/2026 10:16:00 AM,8/30/2026 10:20:00 AM,MIN_OPERATING_MW,6.20,
8/30/2026 10:15:00 AM,RTD,CVIS,04ISIDROSOL_G01,G,8/30/2026 10:01:00 AM,8/30/2026 11:00:00 AM,MAX_OPERATING_MW,87.60,
8/30/2026 10:15:00 AM,RTD,CVIS,04ISIDROSOL_G01,G,8/30/2026 10:01:00 AM,8/30/2026 11:00:00 AM,MIN_OPERATING_MW,87.60,
8/30/2026 10:15:00 AM,RTD,CVIS,08AJUYSOL_G01,G,8/30/2026 10:01:00 AM,8/30/2026 11:00:00 AM,MAX_OPERATING_MW,6.60,
8/30/2026 10:15:00 AM,RTD,CVIS,08AJUYSOL_G01,G,8/30/2026 10:01:00 AM,8/30/2026 11:00:00 AM,MIN_OPERATING_MW,6.60,
8/30/2026 10:15:00 AM,RTD,CVIS,08AJUYSOL_G02,G,8/30/2026 10:01:00 AM,8/30/2026 11:00:00 AM,MAX_OPERATING_MW,3.40,
8/30/2026 10:15:00 AM,RTD,CVIS,08AJUYSOL_G02,G,8/30/2026 10:01:00 AM,8/30/2026 11:00:00 AM,MIN_OPERATING_MW,3.40,
8/30/2026 10:15:00 AM,RTD,CMIN,10LIAN_G02,G,8/30/2026 12:05:00 AM,8/30/2026 11:59:00 PM,MAX_OPERATING_MW,6.60,
8/30/2026 10:15:00 AM,RTD,CMIN,10LIAN_G02,G,8/30/2026 12:05:00 AM,8/30/2026 11:59:00 PM,MIN_OPERATING_MW,6.60,
8/30/2026 10:15:00 AM,RTD,CMIN,14TANTASOL_G01,G,8/30/2026 10:01:00 AM,8/30/2026 11:00:00 AM,MAX_OPERATING_MW,50,
8/30/2026 10:15:00 AM,RTD,CMIN,14TANTASOL_G01,G,8/30/2026 10:01:00 AM,8/30/2026 11:00:00 AM,MIN_OPERATING_MW,50,
8/30/2026 10:20:00 AM,RTD,CLUZ,01BARBASOL_G01,G,8/30/2026 10:16:00 AM,8/30/2026 10:20:00 AM,MAX_OPERATING_MW,46.41,
8/30/2026 10:20:00 AM,RTD,CLUZ,01BARBASOL_G01,G,8/30/2026 10:16:00 AM,8/30/2026 10:20:00 AM,MIN_OPERATING_MW,46.41,
8/30/2026 10:20:00 AM,RTD,CLUZ,01BARBASOL_G01,G,8/30/2026 10:21:00 AM,8/30/2026 10:25:00 AM,MAX_OPERATING_MW,47.12,
8/30/2026 10:20:00 AM,RTD,CLUZ,01BARBASOL_G01,G,8/30/2026 10:21:00 AM,8/30/2026 10:25:00 AM,MIN_OPERATING_MW,47.12,
8/30/2026 10:20:00 AM,RTD,CLUZ,01BUGSOL_G01,G,8/30/2026 10:16:00 AM,8/30/2026 10:20:00 AM,MAX_OPERATING_MW,50,
8/30/2026 10:20:00 AM,RTD,CLUZ,01BUGSOL_G01,G,8/30/2026 10:16:00 AM,8/30/2026 10:20:00 AM,MIN_OPERATING_MW,50,
8/30/2026 10:20:00 AM,RTD,CLUZ,01BUGSOL_G01,G,8/30/2026 10:21:00 AM,8/30/2026 10:25:00 AM,MAX_OPERATING_MW,50,
8/30/2026 10:20:00 AM,RTD,CLUZ,01BUGSOL_G01,G,8/30/2026 10:21:00 AM,8/30/2026 10:25:00 AM,MIN_OPERATING_MW,50,
8/30/2026 10:20:00 AM,RTD,CLUZ,01BULACSOL_G01,G,8/30/2026 10:01:00 AM,8/30/2026 11:00:00 AM,MAX_OPERATING_MW,13.72,
8/30/2026 10:20:00 AM,RTD,CLUZ,01BULACSOL_G01,G,8/30/2026 10:01:00 AM,8/30/2026 11:00:00 AM,MIN_OPERATING_MW,13.72,
8/30/2026 10:20:00 AM,RTD,CLUZ,01CONSOL_G01,G,8/30/2026 10:16:00 AM,8/30/2026 10:20:00 AM,MAX_OPERATING_MW,47.20,
8/30/2026 10:20:00 AM,RTD,CLUZ,01CONSOL_G01,G,8/30/2026 10:16:00 AM,8/30/2026 10:20:00 AM,MIN_OPERATING_MW,47.20,
8/30/2026 10:20:00 AM,RTD,CLUZ,01CONSOL_G01,G,8/30/2026 10:21:00 AM,8/30/2026 10:25:00 AM,MAX_OPERATING_MW,47.36,
8/30/2026 10:20:00 AM,RTD,CLUZ,01CONSOL_G01,G,8/30/2026 10:21:00 AM,8/30/2026 10:25:00 AM,MIN_OPERATING_MW,47.36,
8/30/2026 10:20:00 AM,RTD,CLUZ,01PASBUSOL_G01,G,8/30/2026 10:01:00 AM,8/30/2026 11:00:00 AM,MAX_OPERATING_MW,40.55,
8/30/2026 10:20:00 AM,RTD,CLUZ,01PASBUSOL_G01,G,8/30/2026 10:01:00 AM,8/30/2026 11:00:00 AM,MIN_OPERATING_MW,40.55,
8/30/2026 10:20:00 AM,RTD,CLUZ,01TERRASOL_G01,G,8/30/2026 10:01:00 AM,8/30/2026 11:00:00 AM,MAX_OPERATING_MW,300,
8/30/2026 10:20:00 AM,RTD,CLUZ,01TERRASOL_G01,G,8/30/2026 10:01:00 AM,8/30/2026 11:00:00 AM,MIN_OPERATING_MW,300,
8/30/2026 10:20:00 AM,RTD,CLUZ,03LUNSOL_G01,G,8/30/2026 10:16:00 AM,8/30/2026 10:20:00 AM,MAX_OPERATING_MW,33.14,
8/30/2026 10:20:00 AM,RTD,CLUZ,03LUNSOL_G01,G,8/30/2026 10:16:00 AM,8/30/2026 10:20:00 AM,MIN_OPERATING_MW,33.14,
8/30/2026 10:20:00 AM,RTD,CLUZ,03LUNSOL_G01,G,8/30/2026 10:21:00 AM,8/30/2026 10:25:00 AM,MAX_OPERATING_MW,33.39,
8/30/2026 10:20:00 AM,RTD,CLUZ,03LUNSOL_G01,G,8/30/2026 10:21:00 AM,8/30/2026 10:25:00 AM,MIN_OPERATING_MW,33.39,
8/30/2026 10:20:00 AM,RTD,CLUZ,03TANWIND_G01,G,8/30/2026 10:16:00 AM,8/30/2026 10:20:00 AM,MAX_OPERATING_MW,6.20,
8/30/2026 10:20:00 AM,RTD,CLUZ,03TANWIND_G01,G,8/30/2026 10:16:00 AM,8/30/2026 10:20:00 AM,MIN_OPERATING_MW,6.20,
8/30/2026 10:20:00 AM,RTD,CLUZ,03TANWIND_G01,G,8/30/2026 10:21:00 AM,8/30/2026 10:25:00 AM,MAX_OPERATING_MW,6.20,
8/30/2026 10:20:00 AM,RTD,CLUZ,03TANWIND_G01,G,8/30/2026 10:21:00 AM,8/30/2026 10:25:00 AM,MIN_OPERATING_MW,6.20,
8/30/2026 10:20:00 AM,RTD,CVIS,04ISIDROSOL_G01,G,8/30/2026 10:01:00 AM,8/30/2026 11:00:00 AM,MAX_OPERATING_MW,87.60,
8/30/2026 10:20:00 AM,RTD,CVIS,04ISIDROSOL_G01,G,8/30/2026 10:01:00 AM,8/30/2026 11:00:00 AM,MIN_OPERATING_MW,87.60,
8/30/2026 10:20:00 AM,RTD,CVIS,08AJUYSOL_G01,G,8/30/2026 10:01:00 AM,8/30/2026 11:00:00 AM,MAX_OPERATING_MW,6.60,
8/30/2026 10:20:00 AM,RTD,CVIS,08AJUYSOL_G01,G,8/30/2026 10:01:00 AM,8/30/2026 11:00:00 AM,MIN_OPERATING_MW,6.60,
8/30/2026 10:20:00 AM,RTD,CVIS,08AJUYSOL_G02,G,8/30/2026 10:01:00 AM,8/30/2026 11:00:00 AM,MAX_OPERATING_MW,3.40,
8/30/2026 10:20:00 AM,RTD,CVIS,08AJUYSOL_G02,G,8/30/2026 10:01:00 AM,8/30/2026 11:00:00 AM,MIN_OPERATING_MW,3.40,
8/30/2026 10:20:00 AM,RTD,CMIN,10LIAN_G02,G,8/30/2026 12:05:00 AM,8/30/2026 11:59:00 PM,MAX_OPERATING_MW,6.60,
8/30/2026 10:20:00 AM,RTD,CMIN,10LIAN_G02,G,8/30/2026 12:05:00 AM,8/30/2026 11:59:00 PM,MIN_OPERATING_MW,6.60,
8/30/2026 10:20:00 AM,RTD,CMIN,14TANTASOL_G01,G,8/30/2026 10:01:00 AM,8/30/2026 11:00:00 AM,MAX_OPERATING_MW,50,
8/30/2026 10:20:00 AM,RTD,CMIN,14TANTASOL_G01,G,8/30/2026 10:01:00 AM,8/30/2026 11:00:00 AM,MIN_OPERATING_MW,50,
8/30/2026 10:25:00 AM,RTD,CLUZ,01BARBASOL_G01,G,8/30/2026 10:21:00 AM,8/30/2026 10:25:00 AM,MAX_OPERATING_MW,47.12,
8/30/2026 10:25:00 AM,RTD,CLUZ,01BARBASOL_G01,G,8/30/2026 10:21:00 AM,8/30/2026 10:25:00 AM,MIN_OPERATING_MW,47.12,
8/30/2026 10:25:00 AM,RTD,CLUZ,01BARBASOL_G01,G,8/30/2026 10:26:00 AM,8/30/2026 10:30:00 AM,MAX_OPERATING_MW,47.79,
8/30/2026 10:25:00 AM,RTD,CLUZ,01BARBASOL_G01,G,8/30/2026 10:26:00 AM,8/30/2026 10:30:00 AM,MIN_OPERATING_MW,47.79,
8/30/2026 10:25:00 AM,RTD,CLUZ,01BUGSOL_G01,G,8/30/2026 10:21:00 AM,8/30/2026 10:25:00 AM,MAX_OPERATING_MW,50,
8/30/2026 10:25:00 AM,RTD,CLUZ,01BUGSOL_G01,G,8/30/2026 10:21:00 AM,8/30/2026 10:25:00 AM,MIN_OPERATING_MW,50,
8/30/2026 10:25:00 AM,RTD,CLUZ,01BUGSOL_G01,G,8/30/2026 10:26:00 AM,8/30/2026 10:30:00 AM,MAX_OPERATING_MW,30,
8/30/2026 10:25:00 AM,RTD,CLUZ,01BUGSOL_G01,G,8/30/2026 10:26:00 AM,8/30/2026 10:30:00 AM,MIN_OPERATING_MW,30,
8/30/2026 10:25:00 AM,RTD,CLUZ,01BULACSOL_G01,G,8/30/2026 10:01:00 AM,8/30/2026 11:00:00 AM,MAX_OPERATING_MW,13.72,
8/30/2026 10:25:00 AM,RTD,CLUZ,01BULACSOL_G01,G,8/30/2026 10:01:00 AM,8/30/2026 11:00:00 AM,MIN_OPERATING_MW,13.72,
8/30/2026 10:25:00 AM,RTD,CLUZ,01CONSOL_G01,G,8/30/2026 10:21:00 AM,8/30/2026 10:25:00 AM,MAX_OPERATING_MW,47.36,
8/30/2026 10:25:00 AM,RTD,CLUZ,01CONSOL_G01,G,8/30/2026 10:21:00 AM,8/30/2026 10:25:00 AM,MIN_OPERATING_MW,47.36,
8/30/2026 10:25:00 AM,RTD,CLUZ,01CONSOL_G01,G,8/30/2026 10:26:00 AM,8/30/2026 10:30:00 AM,MAX_OPERATING_MW,47.38,
8/30/2026 10:25:00 AM,RTD,CLUZ,01CONSOL_G01,G,8/30/2026 10:26:00 AM,8/30/2026 10:30:00 AM,MIN_OPERATING_MW,47.38,
8/30/2026 10:25:00 AM,RTD,CLUZ,01PASBUSOL_G01,G,8/30/2026 10:01:00 AM,8/30/2026 11:00:00 AM,MAX_OPERATING_MW,40.55,
8/30/2026 10:25:00 AM,RTD,CLUZ,01PASBUSOL_G01,G,8/30/2026 10:01:00 AM,8/30/2026 11:00:00 AM,MIN_OPERATING_MW,40.55,
8/30/2026 10:25:00 AM,RTD,CLUZ,01TERRASOL_G01,G,8/30/2026 10:01:00 AM,8/30/2026 11:00:00 AM,MAX_OPERATING_MW,300,
8/30/2026 10:25:00 AM,RTD,CLUZ,01TERRASOL_G01,G,8/30/2026 10:01:00 AM,8/30/2026 11:00:00 AM,MIN_OPERATING_MW,300,
8/30/2026 10:25:00 AM,RTD,CLUZ,03LUNSOL_G01,G,8/30/2026 10:21:00 AM,8/30/2026 10:25:00 AM,MAX_OPERATING_MW,33.39,
8/30/2026 10:25:00 AM,RTD,CLUZ,03LUNSOL_G01,G,8/30/2026 10:21:00 AM,8/30/2026 10:25:00 AM,MIN_OPERATING_MW,33.39,
8/30/2026 10:25:00 AM,RTD,CLUZ,03LUNSOL_G01,G,8/30/2026 10:26:00 AM,8/30/2026 10:30:00 AM,MAX_OPERATING_MW,33.61,
8/30/2026 10:25:00 AM,RTD,CLUZ,03LUNSOL_G01,G,8/30/2026 10:26:00 AM,8/30/2026 10:30:00 AM,MIN_OPERATING_MW,33.61,
8/30/2026 10:25:00 AM,RTD,CLUZ,03TANWIND_G01,G,8/30/2026 10:21:00 AM,8/30/2026 10:25:00 AM,MAX_OPERATING_MW,6.20,
8/30/2026 10:25:00 AM,RTD,CLUZ,03TANWIND_G01,G,8/30/2026 10:21:00 AM,8/30/2026 10:25:00 AM,MIN_OPERATING_MW,6.20,
8/30/2026 10:25:00 AM,RTD,CLUZ,03TANWIND_G01,G,8/30/2026 10:26:00 AM,8/30/2026 10:30:00 AM,MAX_OPERATING_MW,6.20,
8/30/2026 10:25:00 AM,RTD,CLUZ,03TANWIND_G01,G,8/30/2026 10:26:00 AM,8/30/2026 10:30:00 AM,MIN_OPERATING_MW,6.20,
8/30/2026 10:25:00 AM,RTD,CVIS,04ISIDROSOL_G01,G,8/30/2026 10:01:00 AM,8/30/2026 11:00:00 AM,MAX_OPERATING_MW,87.60,
8/30/2026 10:25:00 AM,RTD,CVIS,04ISIDROSOL_G01,G,8/30/2026 10:01:00 AM,8/30/2026 11:00:00 AM,MIN_OPERATING_MW,87.60,
8/30/2026 10:25:00 AM,RTD,CVIS,08AJUYSOL_G01,G,8/30/2026 10:01:00 AM,8/30/2026 11:00:00 AM,MAX_OPERATING_MW,6.60,
8/30/2026 10:25:00 AM,RTD,CVIS,08AJUYSOL_G01,G,8/30/2026 10:01:00 AM,8/30/2026 11:00:00 AM,MIN_OPERATING_MW,6.60,
8/30/2026 10:25:00 AM,RTD,CVIS,08AJUYSOL_G02,G,8/30/2026 10:01:00 AM,8/30/2026 11:00:00 AM,MAX_OPERATING_MW,3.40,
8/30/2026 10:25:00 AM,RTD,CVIS,08AJUYSOL_G02,G,8/30/2026 10:01:00 AM,8/30/2026 11:00:00 AM,MIN_OPERATING_MW,3.40,
8/30/2026 10:25:00 AM,RTD,CMIN,10LIAN_G02,G,8/30/2026 12:05:00 AM,8/30/2026 11:59:00 PM,MAX_OPERATING_MW,6.60,
8/30/2026 10:25:00 AM,RTD,CMIN,10LIAN_G02,G,8/30/2026 12:05:00 AM,8/30/2026 11:59:00 PM,MIN_OPERATING_MW,6.60,
8/30/2026 10:25:00 AM,RTD,CMIN,14TANTASOL_G01,G,8/30/2026 10:01:00 AM,8/30/2026 11:00:00 AM,MAX_OPERATING_MW,50,
8/30/2026 10:25:00 AM,RTD,CMIN,14TANTASOL_G01,G,8/30/2026 10:01:00 AM,8/30/2026 11:00:00 AM,MIN_OPERATING_MW,50,
8/30/2026 10:30:00 AM,RTD,CLUZ,01BARBASOL_G01,G,8/30/2026 10:26:00 AM,8/30/2026 10:30:00 AM,MAX_OPERATING_MW,47.79,
8/30/2026 10:30:00 AM,RTD,CLUZ,01BARBASOL_G01,G,8/30/2026 10:26:00 AM,8/30/2026 10:30:00 AM,MIN_OPERATING_MW,47.79,
8/30/2026 10:30:00 AM,RTD,CLUZ,01BARBASOL_G01,G,8/30/2026 10:31:00 AM,8/30/2026 10:35:00 AM,MAX_OPERATING_MW,48.41,
8/30/2026 10:30:00 AM,RTD,CLUZ,01BARBASOL_G01,G,8/30/2026 10:31:00 AM,8/30/2026 10:35:00 AM,MIN_OPERATING_MW,48.41,
8/30/2026 10:30:00 AM,RTD,CLUZ,01BUGSOL_G01,G,8/30/2026 10:26:00 AM,8/30/2026 10:30:00 AM,MAX_OPERATING_MW,30,
8/30/2026 10:30:00 AM,RTD,CLUZ,01BUGSOL_G01,G,8/30/2026 10:26:00 AM,8/30/2026 10:30:00 AM,MIN_OPERATING_MW,30,
8/30/2026 10:30:00 AM,RTD,CLUZ,01BUGSOL_G01,G,8/30/2026 10:31:00 AM,8/30/2026 10:35:00 AM,MAX_OPERATING_MW,30,
8/30/2026 10:30:00 AM,RTD,CLUZ,01BUGSOL_G01,G,8/30/2026 10:31:00 AM,8/30/2026 10:35:00 AM,MIN_OPERATING_MW,30,
8/30/2026 10:30:00 AM,RTD,CLUZ,01BULACSOL_G01,G,8/30/2026 10:01:00 AM,8/30/2026 11:00:00 AM,MAX_OPERATING_MW,13.72,
8/30/2026 10:30:00 AM,RTD,CLUZ,01BULACSOL_G01,G,8/30/2026 10:01:00 AM,8/30/2026 11:00:00 AM,MIN_OPERATING_MW,13.72,
8/30/2026 10:30:00 AM,RTD,CLUZ,01CONSOL_G01,G,8/30/2026 10:26:00 AM,8/30/2026 10:30:00 AM,MAX_OPERATING_MW,47.38,
8/30/2026 10:30:00 AM,RTD,CLUZ,01CONSOL_G01,G,8/30/2026 10:26:00 AM,8/30/2026 10:30:00 AM,MIN_OPERATING_MW,47.38,
8/30/2026 10:30:00 AM,RTD,CLUZ,01CONSOL_G01,G,8/30/2026 10:31:00 AM,8/30/2026 10:35:00 AM,MAX_OPERATING_MW,47.36,
8/30/2026 10:30:00 AM,RTD,CLUZ,01CONSOL_G01,G,8/30/2026 10:31:00 AM,8/30/2026 10:35:00 AM,MIN_OPERATING_MW,47.36,
8/30/2026 10:30:00 AM,RTD,CLUZ,01PASBUSOL_G01,G,8/30/2026 10:01:00 AM,8/30/2026 11:00:00 AM,MAX_OPERATING_MW,40.55,
8/30/2026 10:30:00 AM,RTD,CLUZ,01PASBUSOL_G01,G,8/30/2026 10:01:00 AM,8/30/2026 11:00:00 AM,MIN_OPERATING_MW,40.55,
8/30/2026 10:30:00 AM,RTD,CLUZ,01TERRASOL_G01,G,8/30/2026 10:01:00 AM,8/30/2026 11:00:00 AM,MAX_OPERATING_MW,300,
8/30/2026 10:30:00 AM,RTD,CLUZ,01TERRASOL_G01,G,8/30/2026 10:01:00 AM,8/30/2026 11:00:00 AM,MIN_OPERATING_MW,300,
8/30/2026 10:30:00 AM,RTD,CLUZ,03LUNSOL_G01,G,8/30/2026 10:26:00 AM,8/30/2026 10:30:00 AM,MAX_OPERATING_MW,33.61,
8/30/2026 10:30:00 AM,RTD,CLUZ,03LUNSOL_G01,G,8/30/2026 10:26:00 AM,8/30/2026 10:30:00 AM,MIN_OPERATING_MW,33.61,
8/30/2026 10:30:00 AM,RTD,CLUZ,03LUNSOL_G01,G,8/30/2026 10:31:00 AM,8/30/2026 10:35:00 AM,MAX_OPERATING_MW,33.82,
8/30/2026 10:30:00 AM,RTD,CLUZ,03LUNSOL_G01,G,8/30/2026 10:31:00 AM,8/30/2026 10:35:00 AM,MIN_OPERATING_MW,33.82,
8/30/2026 10:30:00 AM,RTD,CLUZ,03TANWIND_G01,G,8/30/2026 10:26:00 AM,8/30/2026 10:30:00 AM,MAX_OPERATING_MW,6.20,
8/30/2026 10:30:00 AM,RTD,CLUZ,03TANWIND_G01,G,8/30/2026 10:26:00 AM,8/30/2026 10:30:00 AM,MIN_OPERATING_MW,6.20,
8/30/2026 10:30:00 AM,RTD,CLUZ,03TANWIND_G01,G,8/30/2026 10:31:00 AM,8/30/2026 10:35:00 AM,MAX_OPERATING_MW,6.20,
8/30/2026 10:30:00 AM,RTD,CLUZ,03TANWIND_G01,G,8/30/2026 10:31:00 AM,8/30/2026 10:35:00 AM,MIN_OPERATING_MW,6.20,
8/30/2026 10:30:00 AM,RTD,CVIS,04ISIDROSOL_G01,G,8/30/2026 10:01:00 AM,8/30/2026 11:00:00 AM,MAX_OPERATING_MW,87.60,
8/30/2026 10:30:00 AM,RTD,CVIS,04ISIDROSOL_G01,G,8/30/2026 10:01:00 AM,8/30/2026 11:00:00 AM,MIN_OPERATING_MW,87.60,
8/30/2026 10:30:00 AM,RTD,CVIS,08AJUYSOL_G01,G,8/30/2026 10:01:00 AM,8/30/2026 11:00:00 AM,MAX_OPERATING_MW,6.60,
8/30/2026 10:30:00 AM,RTD,CVIS,08AJUYSOL_G01,G,8/30/2026 10:01:00 AM,8/30/2026 11:00:00 AM,MIN_OPERATING_MW,6.60,
8/30/2026 10:30:00 AM,RTD,CVIS,08AJUYSOL_G02,G,8/30/2026 10:01:00 AM,8/30/2026 11:00:00 AM,MAX_OPERATING_MW,3.40,
8/30/2026 10:30:00 AM,RTD,CVIS,08AJUYSOL_G02,G,8/30/2026 10:01:00 AM,8/30/2026 11:00:00 AM,MIN_OPERATING_MW,3.40,
8/30/2026 10:30:00 AM,RTD,CMIN,10LIAN_G02,G,8/30/2026 12:05:00 AM,8/30/2026 11:59:00 PM,MAX_OPERATING_MW,6.60,
8/30/2026 10:30:00 AM,RTD,CMIN,10LIAN_G02,G,8/30/2026 12:05:00 AM,8/30/2026 11:59:00 PM,MIN_OPERATING_MW,6.60,
8/30/2026 10:30:00 AM,RTD,CMIN,14TANTASOL_G01,G,8/30/2026 10:01:00 AM,8/30/2026 11:00:00 AM,MAX_OPERATING_MW,50,
8/30/2026 10:30:00 AM,RTD,CMIN,14TANTASOL_G01,G,8/30/2026 10:01:00 AM,8/30/2026 11:00:00 AM,MIN_OPERATING_MW,50,
8/30/2026 10:35:00 AM,RTD,CLUZ,01BARBASOL_G01,G,8/30/2026 10:31:00 AM,8/30/2026 10:35:00 AM,MAX_OPERATING_MW,48.41,
8/30/2026 10:35:00 AM,RTD,CLUZ,01BARBASOL_G01,G,8/30/2026 10:31:00 AM,8/30/2026 10:35:00 AM,MIN_OPERATING_MW,48.41,
8/30/2026 10:35:00 AM,RTD,CLUZ,01BARBASOL_G01,G,8/30/2026 10:36:00 AM,8/30/2026 10:40:00 AM,MAX_OPERATING_MW,48.97,
8/30/2026 10:35:00 AM,RTD,CLUZ,01BARBASOL_G01,G,8/30/2026 10:36:00 AM,8/30/2026 10:40:00 AM,MIN_OPERATING_MW,48.97,
8/30/2026 10:35:00 AM,RTD,CLUZ,01BUGSOL_G01,G,8/30/2026 10:31:00 AM,8/30/2026 10:35:00 AM,MAX_OPERATING_MW,30,
8/30/2026 10:35:00 AM,RTD,CLUZ,01BUGSOL_G01,G,8/30/2026 10:31:00 AM,8/30/2026 10:35:00 AM,MIN_OPERATING_MW,30,
8/30/2026 10:35:00 AM,RTD,CLUZ,01BUGSOL_G01,G,8/30/2026 10:36:00 AM,8/30/2026 10:40:00 AM,MAX_OPERATING_MW,30,
8/30/2026 10:35:00 AM,RTD,CLUZ,01BUGSOL_G01,G,8/30/2026 10:36:00 AM,8/30/2026 10:40:00 AM,MIN_OPERATING_MW,30,
8/30/2026 10:35:00 AM,RTD,CLUZ,01BULACSOL_G01,G,8/30/2026 10:01:00 AM,8/30/2026 11:00:00 AM,MAX_OPERATING_MW,13.72,
8/30/2026 10:35:00 AM,RTD,CLUZ,01BULACSOL_G01,G,8/30/2026 10:01:00 AM,8/30/2026 11:00:00 AM,MIN_OPERATING_MW,13.72,
8/30/2026 10:35:00 AM,RTD,CLUZ,01CONSOL_G01,G,8/30/2026 10:31:00 AM,8/30/2026 10:35:00 AM,MAX_OPERATING_MW,47.36,
8/30/2026 10:35:00 AM,RTD,CLUZ,01CONSOL_G01,G,8/30/2026 10:31:00 AM,8/30/2026 10:35:00 AM,MIN_OPERATING_MW,47.36,
8/30/2026 10:35:00 AM,RTD,CLUZ,01CONSOL_G01,G,8/30/2026 10:36:00 AM,8/30/2026 10:40:00 AM,MAX_OPERATING_MW,47.30,
8/30/2026 10:35:00 AM,RTD,CLUZ,01CONSOL_G01,G,8/30/2026 10:36:00 AM,8/30/2026 10:40:00 AM,MIN_OPERATING_MW,47.30,
8/30/2026 10:35:00 AM,RTD,CLUZ,01PASBUSOL_G01,G,8/30/2026 10:01:00 AM,8/30/2026 11:00:00 AM,MAX_OPERATING_MW,40.55,
8/30/2026 10:35:00 AM,RTD,CLUZ,01PASBUSOL_G01,G,8/30/2026 10:01:00 AM,8/30/2026 11:00:00 AM,MIN_OPERATING_MW,40.55,
8/30/2026 10:35:00 AM,RTD,CLUZ,01TERRASOL_G01,G,8/30/2026 10:01:00 AM,8/30/2026 11:00:00 AM,MAX_OPERATING_MW,300,
8/30/2026 10:35:00 AM,RTD,CLUZ,01TERRASOL_G01,G,8/30/2026 10:01:00 AM,8/30/2026 11:00:00 AM,MIN_OPERATING_MW,300,
8/30/2026 10:35:00 AM,RTD,CLUZ,03LUNSOL_G01,G,8/30/2026 10:31:00 AM,8/30/2026 10:35:00 AM,MAX_OPERATING_MW,33.82,
8/30/2026 10:35:00 AM,RTD,CLUZ,03LUNSOL_G01,G,8/30/2026 10:31:00 AM,8/30/2026 10:35:00 AM,MIN_OPERATING_MW,33.82,
8/30/2026 10:35:00 AM,RTD,CLUZ,03LUNSOL_G01,G,8/30/2026 10:36:00 AM,8/30/2026 10:40:00 AM,MAX_OPERATING_MW,34,
8/30/2026 10:35:00 AM,RTD,CLUZ,03LUNSOL_G01,G,8/30/2026 10:36:00 AM,8/30/2026 10:40:00 AM,MIN_OPERATING_MW,34,
8/30/2026 10:35:00 AM,RTD,CLUZ,03TANWIND_G01,G,8/30/2026 10:31:00 AM,8/30/2026 10:35:00 AM,MAX_OPERATING_MW,6.20,
8/30/2026 10:35:00 AM,RTD,CLUZ,03TANWIND_G01,G,8/30/2026 10:31:00 AM,8/30/2026 10:35:00 AM,MIN_OPERATING_MW,6.20,
8/30/2026 10:35:00 AM,RTD,CLUZ,03TANWIND_G01,G,8/30/2026 10:36:00 AM,8/30/2026 10:40:00 AM,MAX_OPERATING_MW,6.20,
8/30/2026 10:35:00 AM,RTD,CLUZ,03TANWIND_G01,G,8/30/2026 10:36:00 AM,8/30/2026 10:40:00 AM,MIN_OPERATING_MW,6.20,
8/30/2026 10:35:00 AM,RTD,CVIS,04ISIDROSOL_G01,G,8/30/2026 10:01:00 AM,8/30/2026 11:00:00 AM,MAX_OPERATING_MW,87.60,
8/30/2026 10:35:00 AM,RTD,CVIS,04ISIDROSOL_G01,G,8/30/2026 10:01:00 AM,8/30/2026 11:00:00 AM,MIN_OPERATING_MW,87.60,
8/30/2026 10:35:00 AM,RTD,CVIS,08AJUYSOL_G01,G,8/30/2026 10:01:00 AM,8/30/2026 11:00:00 AM,MAX_OPERATING_MW,6.60,
8/30/2026 10:35:00 AM,RTD,CVIS,08AJUYSOL_G01,G,8/30/2026 10:01:00 AM,8/30/2026 11:00:00 AM,MIN_OPERATING_MW,6.60,
8/30/2026 10:35:00 AM,RTD,CVIS,08AJUYSOL_G02,G,8/30/2026 10:01:00 AM,8/30/2026 11:00:00 AM,MAX_OPERATING_MW,3.40,
8/30/2026 10:35:00 AM,RTD,CVIS,08AJUYSOL_G02,G,8/30/2026 10:01:00 AM,8/30/2026 11:00:00 AM,MIN_OPERATING_MW,3.40,
8/30/2026 10:35:00 AM,RTD,CMIN,10LIAN_G02,G,8/30/2026 12:05:00 AM,8/30/2026 11:59:00 PM,MAX_OPERATING_MW,6.60,
8/30/2026 10:35:00 AM,RTD,CMIN,10LIAN_G02,G,8/30/2026 12:05:00 AM,8/30/2026 11:59:00 PM,MIN_OPERATING_MW,6.60,
8/30/2026 10:35:00 AM,RTD,CMIN,14TANTASOL_G01,G,8/30/2026 10:01:00 AM,8/30/2026 11:00:00 AM,MAX_OPERATING_MW,50,
8/30/2026 10:35:00 AM,RTD,CMIN,14TANTASOL_G01,G,8/30/2026 10:01:00 AM,8/30/2026 11:00:00 AM,MIN_OPERATING_MW,50,
8/30/2026 10:40:00 AM,RTD,CLUZ,01BARBASOL_G01,G,8/30/2026 10:36:00 AM,8/30/2026 10:40:00 AM,MAX_OPERATING_MW,48.97,
8/30/2026 10:40:00 AM,RTD,CLUZ,01BARBASOL_G01,G,8/30/2026 10:36:00 AM,8/30/2026 10:40:00 AM,MIN_OPERATING_MW,48.97,
8/30/2026 10:40:00 AM,RTD,CLUZ,01BARBASOL_G01,G,8/30/2026 10:41:00 AM,8/30/2026 10:45:00 AM,MAX_OPERATING_MW,49.47,
8/30/2026 10:40:00 AM,RTD,CLUZ,01BARBASOL_G01,G,8/30/2026 10:41:00 AM,8/30/2026 10:45:00 AM,MIN_OPERATING_MW,49.47,
8/30/2026 10:40:00 AM,RTD,CLUZ,01BUGSOL_G01,G,8/30/2026 10:36:00 AM,8/30/2026 10:40:00 AM,MAX_OPERATING_MW,30,
8/30/2026 10:40:00 AM,RTD,CLUZ,01BUGSOL_G01,G,8/30/2026 10:36:00 AM,8/30/2026 10:40:00 AM,MIN_OPERATING_MW,30,
8/30/2026 10:40:00 AM,RTD,CLUZ,01BUGSOL_G01,G,8/30/2026 10:41:00 AM,8/30/2026 10:45:00 AM,MAX_OPERATING_MW,30,
8/30/2026 10:40:00 AM,RTD,CLUZ,01BUGSOL_G01,G,8/30/2026 10:41:00 AM,8/30/2026 10:45:00 AM,MIN_OPERATING_MW,30,
8/30/2026 10:40:00 AM,RTD,CLUZ,01BULACSOL_G01,G,8/30/2026 10:01:00 AM,8/30/2026 11:00:00 AM,MAX_OPERATING_MW,13.72,
8/30/2026 10:40:00 AM,RTD,CLUZ,01BULACSOL_G01,G,8/30/2026 10:01:00 AM,8/30/2026 11:00:00 AM,MIN_OPERATING_MW,13.72,
8/30/2026 10:40:00 AM,RTD,CLUZ,01CONSOL_G01,G,8/30/2026 10:36:00 AM,8/30/2026 10:40:00 AM,MAX_OPERATING_MW,47.30,
8/30/2026 10:40:00 AM,RTD,CLUZ,01CONSOL_G01,G,8/30/2026 10:36:00 AM,8/30/2026 10:40:00 AM,MIN_OPERATING_MW,47.30,
8/30/2026 10:40:00 AM,RTD,CLUZ,01CONSOL_G01,G,8/30/2026 10:41:00 AM,8/30/2026 10:45:00 AM,MAX_OPERATING_MW,47.22,
8/30/2026 10:40:00 AM,RTD,CLUZ,01CONSOL_G01,G,8/30/2026 10:41:00 AM,8/30/2026 10:45:00 AM,MIN_OPERATING_MW,47.22,
8/30/2026 10:40:00 AM,RTD,CLUZ,01PASBUSOL_G01,G,8/30/2026 10:01:00 AM,8/30/2026 11:00:00 AM,MAX_OPERATING_MW,40.55,
8/30/2026 10:40:00 AM,RTD,CLUZ,01PASBUSOL_G01,G,8/30/2026 10:01:00 AM,8/30/2026 11:00:00 AM,MIN_OPERATING_MW,40.55,
8/30/2026 10:40:00 AM,RTD,CLUZ,01TERRASOL_G01,G,8/30/2026 10:01:00 AM,8/30/2026 11:00:00 AM,MAX_OPERATING_MW,300,
8/30/2026 10:40:00 AM,RTD,CLUZ,01TERRASOL_G01,G,8/30/2026 10:01:00 AM,8/30/2026 11:00:00 AM,MIN_OPERATING_MW,300,
8/30/2026 10:40:00 AM,RTD,CLUZ,03LUNSOL_G01,G,8/30/2026 10:36:00 AM,8/30/2026 10:40:00 AM,MAX_OPERATING_MW,34,
8/30/2026 10:40:00 AM,RTD,CLUZ,03LUNSOL_G01,G,8/30/2026 10:36:00 AM,8/30/2026 10:40:00 AM,MIN_OPERATING_MW,34,
8/30/2026 10:40:00 AM,RTD,CLUZ,03LUNSOL_G01,G,8/30/2026 10:41:00 AM,8/30/2026 10:45:00 AM,MAX_OPERATING_MW,34.17,
8/30/2026 10:40:00 AM,RTD,CLUZ,03LUNSOL_G01,G,8/30/2026 10:41:00 AM,8/30/2026 10:45:00 AM,MIN_OPERATING_MW,34.17,
8/30/2026 10:40:00 AM,RTD,CLUZ,03TANWIND_G01,G,8/30/2026 10:36:00 AM,8/30/2026 10:40:00 AM,MAX_OPERATING_MW,6.20,
8/30/2026 10:40:00 AM,RTD,CLUZ,03TANWIND_G01,G,8/30/2026 10:36:00 AM,8/30/2026 10:40:00 AM,MIN_OPERATING_MW,6.20,
8/30/2026 10:40:00 AM,RTD,CLUZ,03TANWIND_G01,G,8/30/2026 10:41:00 AM,8/30/2026 10:45:00 AM,MAX_OPERATING_MW,6.20,
8/30/2026 10:40:00 AM,RTD,CLUZ,03TANWIND_G01,G,8/30/2026 10:41:00 AM,8/30/2026 10:45:00 AM,MIN_OPERATING_MW,6.20,
8/30/2026 10:40:00 AM,RTD,CVIS,04ISIDROSOL_G01,G,8/30/2026 10:01:00 AM,8/30/2026 11:00:00 AM,MAX_OPERATING_MW,87.60,
8/30/2026 10:40:00 AM,RTD,CVIS,04ISIDROSOL_G01,G,8/30/2026 10:01:00 AM,8/30/2026 11:00:00 AM,MIN_OPERATING_MW,87.60,
8/30/2026 10:40:00 AM,RTD,CVIS,08AJUYSOL_G01,G,8/30/2026 10:01:00 AM,8/30/2026 11:00:00 AM,MAX_OPERATING_MW,6.60,
8/30/2026 10:40:00 AM,RTD,CVIS,08AJUYSOL_G01,G,8/30/2026 10:01:00 AM,8/30/2026 11:00:00 AM,MIN_OPERATING_MW,6.60,
8/30/2026 10:40:00 AM,RTD,CVIS,08AJUYSOL_G02,G,8/30/2026 10:01:00 AM,8/30/2026 11:00:00 AM,MAX_OPERATING_MW,3.40,
8/30/2026 10:40:00 AM,RTD,CVIS,08AJUYSOL_G02,G,8/30/2026 10:01:00 AM,8/30/2026 11:00:00 AM,MIN_OPERATING_MW,3.40,
8/30/2026 10:40:00 AM,RTD,CMIN,10LIAN_G02,G,8/30/2026 12:05:00 AM,8/30/2026 11:59:00 PM,MAX_OPERATING_MW,6.60,
8/30/2026 10:40:00 AM,RTD,CMIN,10LIAN_G02,G,8/30/2026 12:05:00 AM,8/30/2026 11:59:00 PM,MIN_OPERATING_MW,6.60,
8/30/2026 10:40:00 AM,RTD,CMIN,14TANTASOL_G01,G,8/30/2026 10:01:00 AM,8/30/2026 11:00:00 AM,MAX_OPERATING_MW,50,
8/30/2026 10:40:00 AM,RTD,CMIN,14TANTASOL_G01,G,8/30/2026 10:01:00 AM,8/30/2026 11:00:00 AM,MIN_OPERATING_MW,50,
8/30/2026 10:45:00 AM,RTD,CLUZ,01BARBASOL_G01,G,8/30/2026 10:41:00 AM,8/30/2026 10:45:00 AM,MAX_OPERATING_MW,49.47,
8/30/2026 10:45:00 AM,RTD,CLUZ,01BARBASOL_G01,G,8/30/2026 10:41:00 AM,8/30/2026 10:45:00 AM,MIN_OPERATING_MW,49.47,
8/30/2026 10:45:00 AM,RTD,CLUZ,01BARBASOL_G01,G,8/30/2026 10:46:00 AM,8/30/2026 10:50:00 AM,MAX_OPERATING_MW,49.90,
8/30/2026 10:45:00 AM,RTD,CLUZ,01BARBASOL_G01,G,8/30/2026 10:46:00 AM,8/30/2026 10:50:00 AM,MIN_OPERATING_MW,49.90,
8/30/2026 10:45:00 AM,RTD,CLUZ,01BUGSOL_G01,G,8/30/2026 10:41:00 AM,8/30/2026 10:45:00 AM,MAX_OPERATING_MW,30,
8/30/2026 10:45:00 AM,RTD,CLUZ,01BUGSOL_G01,G,8/30/2026 10:41:00 AM,8/30/2026 10:45:00 AM,MIN_OPERATING_MW,30,
8/30/2026 10:45:00 AM,RTD,CLUZ,01BUGSOL_G01,G,8/30/2026 10:46:00 AM,8/30/2026 10:50:00 AM,MAX_OPERATING_MW,30,
8/30/2026 10:45:00 AM,RTD,CLUZ,01BUGSOL_G01,G,8/30/2026 10:46:00 AM,8/30/2026 10:50:00 AM,MIN_OPERATING_MW,30,
8/30/2026 10:45:00 AM,RTD,CLUZ,01BULACSOL_G01,G,8/30/2026 10:01:00 AM,8/30/2026 11:00:00 AM,MAX_OPERATING_MW,13.72,
8/30/2026 10:45:00 AM,RTD,CLUZ,01BULACSOL_G01,G,8/30/2026 10:01:00 AM,8/30/2026 11:00:00 AM,MIN_OPERATING_MW,13.72,
8/30/2026 10:45:00 AM,RTD,CLUZ,01CONSOL_G01,G,8/30/2026 10:41:00 AM,8/30/2026 10:45:00 AM,MAX_OPERATING_MW,47.22,
8/30/2026 10:45:00 AM,RTD,CLUZ,01CONSOL_G01,G,8/30/2026 10:41:00 AM,8/30/2026 10:45:00 AM,MIN_OPERATING_MW,47.22,
8/30/2026 10:45:00 AM,RTD,CLUZ,01CONSOL_G01,G,8/30/2026 10:46:00 AM,8/30/2026 10:50:00 AM,MAX_OPERATING_MW,47.10,
8/30/2026 10:45:00 AM,RTD,CLUZ,01CONSOL_G01,G,8/30/2026 10:46:00 AM,8/30/2026 10:50:00 AM,MIN_OPERATING_MW,47.10,
8/30/2026 10:45:00 AM,RTD,CLUZ,01PASBUSOL_G01,G,8/30/2026 10:01:00 AM,8/30/2026 11:00:00 AM,MAX_OPERATING_MW,40.55,
8/30/2026 10:45:00 AM,RTD,CLUZ,01PASBUSOL_G01,G,8/30/2026 10:01:00 AM,8/30/2026 11:00:00 AM,MIN_OPERATING_MW,40.55,
8/30/2026 10:45:00 AM,RTD,CLUZ,01TERRASOL_G01,G,8/30/2026 10:01:00 AM,8/30/2026 11:00:00 AM,MAX_OPERATING_MW,300,
8/30/2026 10:45:00 AM,RTD,CLUZ,01TERRASOL_G01,G,8/30/2026 10:01:00 AM,8/30/2026 11:00:00 AM,MIN_OPERATING_MW,300,
8/30/2026 10:45:00 AM,RTD,CLUZ,03LUNSOL_G01,G,8/30/2026 10:41:00 AM,8/30/2026 10:45:00 AM,MAX_OPERATING_MW,34.17,
8/30/2026 10:45:00 AM,RTD,CLUZ,03LUNSOL_G01,G,8/30/2026 10:41:00 AM,8/30/2026 10:45:00 AM,MIN_OPERATING_MW,34.17,
8/30/2026 10:45:00 AM,RTD,CLUZ,03LUNSOL_G01,G,8/30/2026 10:46:00 AM,8/30/2026 10:50:00 AM,MAX_OPERATING_MW,34.33,
8/30/2026 10:45:00 AM,RTD,CLUZ,03LUNSOL_G01,G,8/30/2026 10:46:00 AM,8/30/2026 10:50:00 AM,MIN_OPERATING_MW,34.33,
8/30/2026 10:45:00 AM,RTD,CLUZ,03TANWIND_G01,G,8/30/2026 10:41:00 AM,8/30/2026 10:45:00 AM,MAX_OPERATING_MW,6.20,
8/30/2026 10:45:00 AM,RTD,CLUZ,03TANWIND_G01,G,8/30/2026 10:41:00 AM,8/30/2026 10:45:00 AM,MIN_OPERATING_MW,6.20,
8/30/2026 10:45:00 AM,RTD,CLUZ,03TANWIND_G01,G,8/30/2026 10:46:00 AM,8/30/2026 10:50:00 AM,MAX_OPERATING_MW,6.20,
8/30/2026 10:45:00 AM,RTD,CLUZ,03TANWIND_G01,G,8/30/2026 10:46:00 AM,8/30/2026 10:50:00 AM,MIN_OPERATING_MW,6.20,
8/30/2026 10:45:00 AM,RTD,CVIS,04ISIDROSOL_G01,G,8/30/2026 10:01:00 AM,8/30/2026 11:00:00 AM,MAX_OPERATING_MW,87.60,
8/30/2026 10:45:00 AM,RTD,CVIS,04ISIDROSOL_G01,G,8/30/2026 10:01:00 AM,8/30/2026 11:00:00 AM,MIN_OPERATING_MW,87.60,
8/30/2026 10:45:00 AM,RTD,CVIS,08AJUYSOL_G01,G,8/30/2026 10:01:00 AM,8/30/2026 11:00:00 AM,MAX_OPERATING_MW,6.60,
8/30/2026 10:45:00 AM,RTD,CVIS,08AJUYSOL_G01,G,8/30/2026 10:01:00 AM,8/30/2026 11:00:00 AM,MIN_OPERATING_MW,6.60,
8/30/2026 10:45:00 AM,RTD,CVIS,08AJUYSOL_G02,G,8/30/2026 10:01:00 AM,8/30/2026 11:00:00 AM,MAX_OPERATING_MW,3.40,
8/30/2026 10:45:00 AM,RTD,CVIS,08AJUYSOL_G02,G,8/30/2026 10:01:00 AM,8/30/2026 11:00:00 AM,MIN_OPERATING_MW,3.40,
8/30/2026 10:45:00 AM,RTD,CMIN,10LIAN_G02,G,8/30/2026 12:05:00 AM,8/30/2026 11:59:00 PM,MAX_OPERATING_MW,6.60,
8/30/2026 10:45:00 AM,RTD,CMIN,10LIAN_G02,G,8/30/2026 12:05:00 AM,8/30/2026 11:59:00 PM,MIN_OPERATING_MW,6.60,
8/30/2026 10:45:00 AM,RTD,CMIN,14TANTASOL_G01,G,8/30/2026 10:01:00 AM,8/30/2026 11:00:00 AM,MAX_OPERATING_MW,50,
8/30/2026 10:45:00 AM,RTD,CMIN,14TANTASOL_G01,G,8/30/2026 10:01:00 AM,8/30/2026 11:00:00 AM,MIN_OPERATING_MW,50,
8/30/2026 10:50:00 AM,RTD,CLUZ,01BARBASOL_G01,G,8/30/2026 10:46:00 AM,8/30/2026 10:50:00 AM,MAX_OPERATING_MW,49.90,
8/30/2026 10:50:00 AM,RTD,CLUZ,01BARBASOL_G01,G,8/30/2026 10:46:00 AM,8/30/2026 10:50:00 AM,MIN_OPERATING_MW,49.90,
8/30/2026 10:50:00 AM,RTD,CLUZ,01BARBASOL_G01,G,8/30/2026 10:51:00 AM,8/30/2026 10:55:00 AM,MAX_OPERATING_MW,50.25,
8/30/2026 10:50:00 AM,RTD,CLUZ,01BARBASOL_G01,G,8/30/2026 10:51:00 AM,8/30/2026 10:55:00 AM,MIN_OPERATING_MW,50.25,
8/30/2026 10:50:00 AM,RTD,CLUZ,01BUGSOL_G01,G,8/30/2026 10:46:00 AM,8/30/2026 10:50:00 AM,MAX_OPERATING_MW,30,
8/30/2026 10:50:00 AM,RTD,CLUZ,01BUGSOL_G01,G,8/30/2026 10:46:00 AM,8/30/2026 10:50:00 AM,MIN_OPERATING_MW,30,
8/30/2026 10:50:00 AM,RTD,CLUZ,01BUGSOL_G01,G,8/30/2026 10:51:00 AM,8/30/2026 10:55:00 AM,MAX_OPERATING_MW,80,
8/30/2026 10:50:00 AM,RTD,CLUZ,01BUGSOL_G01,G,8/30/2026 10:51:00 AM,8/30/2026 10:55:00 AM,MIN_OPERATING_MW,80,
8/30/2026 10:50:00 AM,RTD,CLUZ,01BULACSOL_G01,G,8/30/2026 10:01:00 AM,8/30/2026 11:00:00 AM,MAX_OPERATING_MW,13.72,
8/30/2026 10:50:00 AM,RTD,CLUZ,01BULACSOL_G01,G,8/30/2026 10:01:00 AM,8/30/2026 11:00:00 AM,MIN_OPERATING_MW,13.72,
8/30/2026 10:50:00 AM,RTD,CLUZ,01CONSOL_G01,G,8/30/2026 10:46:00 AM,8/30/2026 10:50:00 AM,MAX_OPERATING_MW,47.10,
8/30/2026 10:50:00 AM,RTD,CLUZ,01CONSOL_G01,G,8/30/2026 10:46:00 AM,8/30/2026 10:50:00 AM,MIN_OPERATING_MW,47.10,
8/30/2026 10:50:00 AM,RTD,CLUZ,01CONSOL_G01,G,8/30/2026 10:51:00 AM,8/30/2026 10:55:00 AM,MAX_OPERATING_MW,46.95,
8/30/2026 10:50:00 AM,RTD,CLUZ,01CONSOL_G01,G,8/30/2026 10:51:00 AM,8/30/2026 10:55:00 AM,MIN_OPERATING_MW,46.95,
8/30/2026 10:50:00 AM,RTD,CLUZ,01PASBUSOL_G01,G,8/30/2026 10:01:00 AM,8/30/2026 11:00:00 AM,MAX_OPERATING_MW,40.55,
8/30/2026 10:50:00 AM,RTD,CLUZ,01PASBUSOL_G01,G,8/30/2026 10:01:00 AM,8/30/2026 11:00:00 AM,MIN_OPERATING_MW,40.55,
8/30/2026 10:50:00 AM,RTD,CLUZ,01TERRASOL_G01,G,8/30/2026 10:01:00 AM,8/30/2026 11:00:00 AM,MAX_OPERATING_MW,300,
8/30/2026 10:50:00 AM,RTD,CLUZ,01TERRASOL_G01,G,8/30/2026 10:01:00 AM,8/30/2026 11:00:00 AM,MIN_OPERATING_MW,300,
8/30/2026 10:50:00 AM,RTD,CLUZ,03LUNSOL_G01,G,8/30/2026 10:46:00 AM,8/30/2026 10:50:00 AM,MAX_OPERATING_MW,34.33,
8/30/2026 10:50:00 AM,RTD,CLUZ,03LUNSOL_G01,G,8/30/2026 10:46:00 AM,8/30/2026 10:50:00 AM,MIN_OPERATING_MW,34.33,
8/30/2026 10:50:00 AM,RTD,CLUZ,03LUNSOL_G01,G,8/30/2026 10:51:00 AM,8/30/2026 10:55:00 AM,MAX_OPERATING_MW,34.46,
8/30/2026 10:50:00 AM,RTD,CLUZ,03LUNSOL_G01,G,8/30/2026 10:51:00 AM,8/30/2026 10:55:00 AM,MIN_OPERATING_MW,34.46,
8/30/2026 10:50:00 AM,RTD,CLUZ,03TANWIND_G01,G,8/30/2026 10:46:00 AM,8/30/2026 10:50:00 AM,MAX_OPERATING_MW,6.20,
8/30/2026 10:50:00 AM,RTD,CLUZ,03TANWIND_G01,G,8/30/2026 10:46:00 AM,8/30/2026 10:50:00 AM,MIN_OPERATING_MW,6.20,
8/30/2026 10:50:00 AM,RTD,CLUZ,03TANWIND_G01,G,8/30/2026 10:51:00 AM,8/30/2026 10:55:00 AM,MAX_OPERATING_MW,6.20,
8/30/2026 10:50:00 AM,RTD,CLUZ,03TANWIND_G01,G,8/30/2026 10:51:00 AM,8/30/2026 10:55:00 AM,MIN_OPERATING_MW,6.20,
8/30/2026 10:50:00 AM,RTD,CVIS,04ISIDROSOL_G01,G,8/30/2026 10:01:00 AM,8/30/2026 11:00:00 AM,MAX_OPERATING_MW,87.60,
8/30/2026 10:50:00 AM,RTD,CVIS,04ISIDROSOL_G01,G,8/30/2026 10:01:00 AM,8/30/2026 11:00:00 AM,MIN_OPERATING_MW,87.60,
8/30/2026 10:50:00 AM,RTD,CVIS,08AJUYSOL_G01,G,8/30/2026 10:01:00 AM,8/30/2026 11:00:00 AM,MAX_OPERATING_MW,6.60,
8/30/2026 10:50:00 AM,RTD,CVIS,08AJUYSOL_G01,G,8/30/2026 10:01:00 AM,8/30/2026 11:00:00 AM,MIN_OPERATING_MW,6.60,
8/30/2026 10:50:00 AM,RTD,CVIS,08AJUYSOL_G02,G,8/30/2026 10:01:00 AM,8/30/2026 11:00:00 AM,MAX_OPERATING_MW,3.40,
8/30/2026 10:50:00 AM,RTD,CVIS,08AJUYSOL_G02,G,8/30/2026 10:01:00 AM,8/30/2026 11:00:00 AM,MIN_OPERATING_MW,3.40,
8/30/2026 10:50:00 AM,RTD,CMIN,10LIAN_G02,G,8/30/2026 12:05:00 AM,8/30/2026 11:59:00 PM,MAX_OPERATING_MW,6.60,
8/30/2026 10:50:00 AM,RTD,CMIN,10LIAN_G02,G,8/30/2026 12:05:00 AM,8/30/2026 11:59:00 PM,MIN_OPERATING_MW,6.60,
8/30/2026 10:50:00 AM,RTD,CMIN,14TANTASOL_G01,G,8/30/2026 10:01:00 AM,8/30/2026 11:00:00 AM,MAX_OPERATING_MW,50,
8/30/2026 10:50:00 AM,RTD,CMIN,14TANTASOL_G01,G,8/30/2026 10:01:00 AM,8/30/2026 11:00:00 AM,MIN_OPERATING_MW,50,
8/30/2026 10:55:00 AM,RTD,CLUZ,01BARBASOL_G01,G,8/30/2026 10:51:00 AM,8/30/2026 10:55:00 AM,MAX_OPERATING_MW,50.25,
8/30/2026 10:55:00 AM,RTD,CLUZ,01BARBASOL_G01,G,8/30/2026 10:51:00 AM,8/30/2026 10:55:00 AM,MIN_OPERATING_MW,50.25,
8/30/2026 10:55:00 AM,RTD,CLUZ,01BARBASOL_G01,G,8/30/2026 10:56:00 AM,8/30/2026 11:00:00 AM,MAX_OPERATING_MW,50.52,
8/30/2026 10:55:00 AM,RTD,CLUZ,01BARBASOL_G01,G,8/30/2026 10:56:00 AM,8/30/2026 11:00:00 AM,MIN_OPERATING_MW,50.52,
8/30/2026 10:55:00 AM,RTD,CLUZ,01BUGSOL_G01,G,8/30/2026 10:51:00 AM,8/30/2026 10:55:00 AM,MAX_OPERATING_MW,80,
8/30/2026 10:55:00 AM,RTD,CLUZ,01BUGSOL_G01,G,8/30/2026 10:51:00 AM,8/30/2026 10:55:00 AM,MIN_OPERATING_MW,80,
8/30/2026 10:55:00 AM,RTD,CLUZ,01BUGSOL_G01,G,8/30/2026 10:56:00 AM,8/30/2026 11:00:00 AM,MAX_OPERATING_MW,80,
8/30/2026 10:55:00 AM,RTD,CLUZ,01BUGSOL_G01,G,8/30/2026 10:56:00 AM,8/30/2026 11:00:00 AM,MIN_OPERATING_MW,80,
8/30/2026 10:55:00 AM,RTD,CLUZ,01BULACSOL_G01,G,8/30/2026 10:01:00 AM,8/30/2026 11:00:00 AM,MAX_OPERATING_MW,13.72,
8/30/2026 10:55:00 AM,RTD,CLUZ,01BULACSOL_G01,G,8/30/2026 10:01:00 AM,8/30/2026 11:00:00 AM,MIN_OPERATING_MW,13.72,
8/30/2026 10:55:00 AM,RTD,CLUZ,01CONSOL_G01,G,8/30/2026 10:51:00 AM,8/30/2026 10:55:00 AM,MAX_OPERATING_MW,46.95,
8/30/2026 10:55:00 AM,RTD,CLUZ,01CONSOL_G01,G,8/30/2026 10:51:00 AM,8/30/2026 10:55:00 AM,MIN_OPERATING_MW,46.95,
8/30/2026 10:55:00 AM,RTD,CLUZ,01CONSOL_G01,G,8/30/2026 10:56:00 AM,8/30/2026 11:00:00 AM,MAX_OPERATING_MW,46.77,
8/30/2026 10:55:00 AM,RTD,CLUZ,01CONSOL_G01,G,8/30/2026 10:56:00 AM,8/30/2026 11:00:00 AM,MIN_OPERATING_MW,46.77,
8/30/2026 10:55:00 AM,RTD,CLUZ,01PASBUSOL_G01,G,8/30/2026 10:01:00 AM,8/30/2026 11:00:00 AM,MAX_OPERATING_MW,40.55,
8/30/2026 10:55:00 AM,RTD,CLUZ,01PASBUSOL_G01,G,8/30/2026 10:01:00 AM,8/30/2026 11:00:00 AM,MIN_OPERATING_MW,40.55,
8/30/2026 10:55:00 AM,RTD,CLUZ,01TERRASOL_G01,G,8/30/2026 10:01:00 AM,8/30/2026 11:00:00 AM,MAX_OPERATING_MW,300,
8/30/2026 10:55:00 AM,RTD,CLUZ,01TERRASOL_G01,G,8/30/2026 10:01:00 AM,8/30/2026 11:00:00 AM,MIN_OPERATING_MW,300,
8/30/2026 10:55:00 AM,RTD,CLUZ,03LUNSOL_G01,G,8/30/2026 10:51:00 AM,8/30/2026 10:55:00 AM,MAX_OPERATING_MW,34.46,
8/30/2026 10:55:00 AM,RTD,CLUZ,03LUNSOL_G01,G,8/30/2026 10:51:00 AM,8/30/2026 10:55:00 AM,MIN_OPERATING_MW,34.46,
8/30/2026 10:55:00 AM,RTD,CLUZ,03LUNSOL_G01,G,8/30/2026 10:56:00 AM,8/30/2026 11:00:00 AM,MAX_OPERATING_MW,34.58,
8/30/2026 10:55:00 AM,RTD,CLUZ,03LUNSOL_G01,G,8/30/2026 10:56:00 AM,8/30/2026 11:00:00 AM,MIN_OPERATING_MW,34.58,
8/30/2026 10:55:00 AM,RTD,CLUZ,03TANWIND_G01,G,8/30/2026 10:51:00 AM,8/30/2026 10:55:00 AM,MAX_OPERATING_MW,6.20,
8/30/2026 10:55:00 AM,RTD,CLUZ,03TANWIND_G01,G,8/30/2026 10:51:00 AM,8/30/2026 10:55:00 AM,MIN_OPERATING_MW,6.20,
8/30/2026 10:55:00 AM,RTD,CLUZ,03TANWIND_G01,G,8/30/2026 10:56:00 AM,8/30/2026 11:00:00 AM,MAX_OPERATING_MW,6.20,
8/30/2026 10:55:00 AM,RTD,CLUZ,03TANWIND_G01,G,8/30/2026 10:56:00 AM,8/30/2026 11:00:00 AM,MIN_OPERATING_MW,6.20,
8/30/2026 10:55:00 AM,RTD,CVIS,04ISIDROSOL_G01,G,8/30/2026 10:01:00 AM,8/30/2026 11:00:00 AM,MAX_OPERATING_MW,87.60,
8/30/2026 10:55:00 AM,RTD,CVIS,04ISIDROSOL_G01,G,8/30/2026 10:01:00 AM,8/30/2026 11:00:00 AM,MIN_OPERATING_MW,87.60,
8/30/2026 10:55:00 AM,RTD,CVIS,08AJUYSOL_G01,G,8/30/2026 10:01:00 AM,8/30/2026 11:00:00 AM,MAX_OPERATING_MW,6.60,
8/30/2026 10:55:00 AM,RTD,CVIS,08AJUYSOL_G01,G,8/30/2026 10:01:00 AM,8/30/2026 11:00:00 AM,MIN_OPERATING_MW,6.60,
8/30/2026 10:55:00 AM,RTD,CVIS,08AJUYSOL_G02,G,8/30/2026 10:01:00 AM,8/30/2026 11:00:00 AM,MAX_OPERATING_MW,3.40,
8/30/2026 10:55:00 AM,RTD,CVIS,08AJUYSOL_G02,G,8/30/2026 10:01:00 AM,8/30/2026 11:00:00 AM,MIN_OPERATING_MW,3.40,
8/30/2026 10:55:00 AM,RTD,CMIN,10LIAN_G02,G,8/30/2026 12:05:00 AM,8/30/2026 11:59:00 PM,MAX_OPERATING_MW,6.60,
8/30/2026 10:55:00 AM,RTD,CMIN,10LIAN_G02,G,8/30/2026 12:05:00 AM,8/30/2026 11:59:00 PM,MIN_OPERATING_MW,6.60,
8/30/2026 10:55:00 AM,RTD,CMIN,14TANTASOL_G01,G,8/30/2026 10:01:00 AM,8/30/2026 11:00:00 AM,MAX_OPERATING_MW,50,
8/30/2026 10:55:00 AM,RTD,CMIN,14TANTASOL_G01,G,8/30/2026 10:01:00 AM,8/30/2026 11:00:00 AM,MIN_OPERATING_MW,50,
8/30/2026 11:00:00 AM,RTD,CLUZ,01BARBASOL_G01,G,8/30/2026 10:56:00 AM,8/30/2026 11:00:00 AM,MAX_OPERATING_MW,50.52,
8/30/2026 11:00:00 AM,RTD,CLUZ,01BARBASOL_G01,G,8/30/2026 10:56:00 AM,8/30/2026 11:00:00 AM,MIN_OPERATING_MW,50.52,
8/30/2026 11:00:00 AM,RTD,CLUZ,01BARBASOL_G01,G,8/30/2026 11:01:00 AM,8/30/2026 11:05:00 AM,MAX_OPERATING_MW,50.70,
8/30/2026 11:00:00 AM,RTD,CLUZ,01BARBASOL_G01,G,8/30/2026 11:01:00 AM,8/30/2026 11:05:00 AM,MIN_OPERATING_MW,50.70,
8/30/2026 11:00:00 AM,RTD,CLUZ,01BUGSOL_G01,G,8/30/2026 10:56:00 AM,8/30/2026 11:00:00 AM,MAX_OPERATING_MW,80,
8/30/2026 11:00:00 AM,RTD,CLUZ,01BUGSOL_G01,G,8/30/2026 10:56:00 AM,8/30/2026 11:00:00 AM,MIN_OPERATING_MW,80,
8/30/2026 11:00:00 AM,RTD,CLUZ,01BUGSOL_G01,G,8/30/2026 11:01:00 AM,8/30/2026 11:05:00 AM,MAX_OPERATING_MW,80,
8/30/2026 11:00:00 AM,RTD,CLUZ,01BUGSOL_G01,G,8/30/2026 11:01:00 AM,8/30/2026 11:05:00 AM,MIN_OPERATING_MW,80,
8/30/2026 11:00:00 AM,RTD,CLUZ,01BULACSOL_G01,G,8/30/2026 10:01:00 AM,8/30/2026 11:00:00 AM,MAX_OPERATING_MW,13.72,
8/30/2026 11:00:00 AM,RTD,CLUZ,01BULACSOL_G01,G,8/30/2026 10:01:00 AM,8/30/2026 11:00:00 AM,MIN_OPERATING_MW,13.72,
8/30/2026 11:00:00 AM,RTD,CLUZ,01BULACSOL_G01,G,8/30/2026 11:01:00 AM,8/30/2026 12:00:00 PM,MAX_OPERATING_MW,14.02,
8/30/2026 11:00:00 AM,RTD,CLUZ,01BULACSOL_G01,G,8/30/2026 11:01:00 AM,8/30/2026 12:00:00 PM,MIN_OPERATING_MW,14.02,
8/30/2026 11:00:00 AM,RTD,CLUZ,01CONSOL_G01,G,8/30/2026 10:56:00 AM,8/30/2026 11:00:00 AM,MAX_OPERATING_MW,46.77,
8/30/2026 11:00:00 AM,RTD,CLUZ,01CONSOL_G01,G,8/30/2026 10:56:00 AM,8/30/2026 11:00:00 AM,MIN_OPERATING_MW,46.77,
8/30/2026 11:00:00 AM,RTD,CLUZ,01CONSOL_G01,G,8/30/2026 11:01:00 AM,8/30/2026 11:05:00 AM,MAX_OPERATING_MW,46.46,
8/30/2026 11:00:00 AM,RTD,CLUZ,01CONSOL_G01,G,8/30/2026 11:01:00 AM,8/30/2026 11:05:00 AM,MIN_OPERATING_MW,46.46,
8/30/2026 11:00:00 AM,RTD,CLUZ,01PASBUSOL_G01,G,8/30/2026 10:01:00 AM,8/30/2026 11:00:00 AM,MAX_OPERATING_MW,40.55,
8/30/2026 11:00:00 AM,RTD,CLUZ,01PASBUSOL_G01,G,8/30/2026 10:01:00 AM,8/30/2026 11:00:00 AM,MIN_OPERATING_MW,40.55,
8/30/2026 11:00:00 AM,RTD,CLUZ,01PASBUSOL_G01,G,8/30/2026 11:01:00 AM,8/30/2026 12:00:00 PM,MAX_OPERATING_MW,43.43,
8/30/2026 11:00:00 AM,RTD,CLUZ,01PASBUSOL_G01,G,8/30/2026 11:01:00 AM,8/30/2026 12:00:00 PM,MIN_OPERATING_MW,43.43,
8/30/2026 11:00:00 AM,RTD,CLUZ,01TERRASOL_G01,G,8/30/2026 10:01:00 AM,8/30/2026 11:00:00 AM,MAX_OPERATING_MW,300,
8/30/2026 11:00:00 AM,RTD,CLUZ,01TERRASOL_G01,G,8/30/2026 10:01:00 AM,8/30/2026 11:00:00 AM,MIN_OPERATING_MW,300,
8/30/2026 11:00:00 AM,RTD,CLUZ,01TERRASOL_G01,G,8/30/2026 11:01:00 AM,8/30/2026 11:05:00 AM,MAX_OPERATING_MW,350,
8/30/2026 11:00:00 AM,RTD,CLUZ,01TERRASOL_G01,G,8/30/2026 11:01:00 AM,8/30/2026 11:05:00 AM,MIN_OPERATING_MW,350,
8/30/2026 11:00:00 AM,RTD,CLUZ,03LUNSOL_G01,G,8/30/2026 10:56:00 AM,8/30/2026 11:00:00 AM,MAX_OPERATING_MW,34.58,
8/30/2026 11:00:00 AM,RTD,CLUZ,03LUNSOL_G01,G,8/30/2026 10:56:00 AM,8/30/2026 11:00:00 AM,MIN_OPERATING_MW,34.58,
8/30/2026 11:00:00 AM,RTD,CLUZ,03LUNSOL_G01,G,8/30/2026 11:01:00 AM,8/30/2026 11:05:00 AM,MAX_OPERATING_MW,34.69,
8/30/2026 11:00:00 AM,RTD,CLUZ,03LUNSOL_G01,G,8/30/2026 11:01:00 AM,8/30/2026 11:05:00 AM,MIN_OPERATING_MW,34.69,
8/30/2026 11:00:00 AM,RTD,CLUZ,03TANWIND_G01,G,8/30/2026 10:56:00 AM,8/30/2026 11:00:00 AM,MAX_OPERATING_MW,6.20,
8/30/2026 11:00:00 AM,RTD,CLUZ,03TANWIND_G01,G,8/30/2026 10:56:00 AM,8/30/2026 11:00:00 AM,MIN_OPERATING_MW,6.20,
8/30/2026 11:00:00 AM,RTD,CLUZ,03TANWIND_G01,G,8/30/2026 11:01:00 AM,8/30/2026 11:05:00 AM,MAX_OPERATING_MW,6.70,
8/30/2026 11:00:00 AM,RTD,CLUZ,03TANWIND_G01,G,8/30/2026 11:01:00 AM,8/30/2026 11:05:00 AM,MIN_OPERATING_MW,6.70,
8/30/2026 11:00:00 AM,RTD,CVIS,04ISIDROSOL_G01,G,8/30/2026 10:01:00 AM,8/30/2026 11:00:00 AM,MAX_OPERATING_MW,87.60,
8/30/2026 11:00:00 AM,RTD,CVIS,04ISIDROSOL_G01,G,8/30/2026 10:01:00 AM,8/30/2026 11:00:00 AM,MIN_OPERATING_MW,87.60,
8/30/2026 11:00:00 AM,RTD,CVIS,04ISIDROSOL_G01,G,8/30/2026 11:01:00 AM,8/30/2026 12:00:00 PM,MAX_OPERATING_MW,96.30,
8/30/2026 11:00:00 AM,RTD,CVIS,04ISIDROSOL_G01,G,8/30/2026 11:01:00 AM,8/30/2026 12:00:00 PM,MIN_OPERATING_MW,96.30,
8/30/2026 11:00:00 AM,RTD,CVIS,08AJUYSOL_G01,G,8/30/2026 10:01:00 AM,8/30/2026 11:00:00 AM,MAX_OPERATING_MW,6.60,
8/30/2026 11:00:00 AM,RTD,CVIS,08AJUYSOL_G01,G,8/30/2026 10:01:00 AM,8/30/2026 11:00:00 AM,MIN_OPERATING_MW,6.60,
8/30/2026 11:00:00 AM,RTD,CVIS,08AJUYSOL_G01,G,8/30/2026 11:01:00 AM,8/30/2026 12:00:00 PM,MAX_OPERATING_MW,6.60,
8/30/2026 11:00:00 AM,RTD,CVIS,08AJUYSOL_G01,G,8/30/2026 11:01:00 AM,8/30/2026 12:00:00 PM,MIN_OPERATING_MW,6.60,
8/30/2026 11:00:00 AM,RTD,CVIS,08AJUYSOL_G02,G,8/30/2026 10:01:00 AM,8/30/2026 11:00:00 AM,MAX_OPERATING_MW,3.40,
8/30/2026 11:00:00 AM,RTD,CVIS,08AJUYSOL_G02,G,8/30/2026 10:01:00 AM,8/30/2026 11:00:00 AM,MIN_OPERATING_MW,3.40,
8/30/2026 11:00:00 AM,RTD,CVIS,08AJUYSOL_G02,G,8/30/2026 11:01:00 AM,8/30/2026 12:00:00 PM,MAX_OPERATING_MW,3.40,
8/30/2026 11:00:00 AM,RTD,CVIS,08AJUYSOL_G02,G,8/30/2026 11:01:00 AM,8/30/2026 12:00:00 PM,MIN_OPERATING_MW,3.40,
8/30/2026 11:00:00 AM,RTD,CMIN,10LIAN_G02,G,8/30/2026 12:05:00 AM,8/30/2026 11:59:00 PM,MAX_OPERATING_MW,6.60,
8/30/2026 11:00:00 AM,RTD,CMIN,10LIAN_G02,G,8/30/2026 12:05:00 AM,8/30/2026 11:59:00 PM,MIN_OPERATING_MW,6.60,
8/30/2026 11:00:00 AM,RTD,CMIN,14TANTASOL_G01,G,8/30/2026 10:01:00 AM,8/30/2026 11:00:00 AM,MAX_OPERATING_MW,50,
8/30/2026 11:00:00 AM,RTD,CMIN,14TANTASOL_G01,G,8/30/2026 10:01:00 AM,8/30/2026 11:00:00 AM,MIN_OPERATING_MW,50,
8/30/2026 11:00:00 AM,RTD,CMIN,14TANTASOL_G01,G,8/30/2026 11:01:00 AM,8/30/2026 12:00:00 PM,MAX_OPERATING_MW,50,
8/30/2026 11:00:00 AM,RTD,CMIN,14TANTASOL_G01,G,8/30/2026 11:01:00 AM,8/30/2026 12:00:00 PM,MIN_OPERATING_MW,50,
8/30/2026 11:05:00 AM,RTD,CLUZ,01BARBASOL_G01,G,8/30/2026 11:01:00 AM,8/30/2026 11:05:00 AM,MAX_OPERATING_MW,50.70,
8/30/2026 11:05:00 AM,RTD,CLUZ,01BARBASOL_G01,G,8/30/2026 11:01:00 AM,8/30/2026 11:05:00 AM,MIN_OPERATING_MW,50.70,
8/30/2026 11:05:00 AM,RTD,CLUZ,01BARBASOL_G01,G,8/30/2026 11:06:00 AM,8/30/2026 11:10:00 AM,MAX_OPERATING_MW,50.76,
8/30/2026 11:05:00 AM,RTD,CLUZ,01BARBASOL_G01,G,8/30/2026 11:06:00 AM,8/30/2026 11:10:00 AM,MIN_OPERATING_MW,50.76,
8/30/2026 11:05:00 AM,RTD,CLUZ,01BUGSOL_G01,G,8/30/2026 11:01:00 AM,8/30/2026 11:05:00 AM,MAX_OPERATING_MW,80,
8/30/2026 11:05:00 AM,RTD,CLUZ,01BUGSOL_G01,G,8/30/2026 11:01:00 AM,8/30/2026 11:05:00 AM,MIN_OPERATING_MW,80,
8/30/2026 11:05:00 AM,RTD,CLUZ,01BUGSOL_G01,G,8/30/2026 11:06:00 AM,8/30/2026 11:10:00 AM,MAX_OPERATING_MW,80,
8/30/2026 11:05:00 AM,RTD,CLUZ,01BUGSOL_G01,G,8/30/2026 11:06:00 AM,8/30/2026 11:10:00 AM,MIN_OPERATING_MW,80,
8/30/2026 11:05:00 AM,RTD,CLUZ,01BULACSOL_G01,G,8/30/2026 11:01:00 AM,8/30/2026 12:00:00 PM,MAX_OPERATING_MW,14.02,
8/30/2026 11:05:00 AM,RTD,CLUZ,01BULACSOL_G01,G,8/30/2026 11:01:00 AM,8/30/2026 12:00:00 PM,MIN_OPERATING_MW,14.02,
8/30/2026 11:05:00 AM,RTD,CLUZ,01CONSOL_G01,G,8/30/2026 11:01:00 AM,8/30/2026 11:05:00 AM,MAX_OPERATING_MW,46.46,
8/30/2026 11:05:00 AM,RTD,CLUZ,01CONSOL_G01,G,8/30/2026 11:01:00 AM,8/30/2026 11:05:00 AM,MIN_OPERATING_MW,46.46,
8/30/2026 11:05:00 AM,RTD,CLUZ,01CONSOL_G01,G,8/30/2026 11:06:00 AM,8/30/2026 11:10:00 AM,MAX_OPERATING_MW,45.32,
8/30/2026 11:05:00 AM,RTD,CLUZ,01CONSOL_G01,G,8/30/2026 11:06:00 AM,8/30/2026 11:10:00 AM,MIN_OPERATING_MW,45.32,
8/30/2026 11:05:00 AM,RTD,CLUZ,01PASBUSOL_G01,G,8/30/2026 11:01:00 AM,8/30/2026 12:00:00 PM,MAX_OPERATING_MW,43.43,
8/30/2026 11:05:00 AM,RTD,CLUZ,01PASBUSOL_G01,G,8/30/2026 11:01:00 AM,8/30/2026 12:00:00 PM,MIN_OPERATING_MW,43.43,
8/30/2026 11:05:00 AM,RTD,CLUZ,01TERRASOL_G01,G,8/30/2026 11:01:00 AM,8/30/2026 11:05:00 AM,MAX_OPERATING_MW,350,
8/30/2026 11:05:00 AM,RTD,CLUZ,01TERRASOL_G01,G,8/30/2026 11:01:00 AM,8/30/2026 11:05:00 AM,MIN_OPERATING_MW,350,
8/30/2026 11:05:00 AM,RTD,CLUZ,01TERRASOL_G01,G,8/30/2026 11:06:00 AM,8/30/2026 11:10:00 AM,MAX_OPERATING_MW,400,
8/30/2026 11:05:00 AM,RTD,CLUZ,01TERRASOL_G01,G,8/30/2026 11:06:00 AM,8/30/2026 11:10:00 AM,MIN_OPERATING_MW,400,
8/30/2026 11:05:00 AM,RTD,CLUZ,03LUNSOL_G01,G,8/30/2026 11:01:00 AM,8/30/2026 11:05:00 AM,MAX_OPERATING_MW,34.69,
8/30/2026 11:05:00 AM,RTD,CLUZ,03LUNSOL_G01,G,8/30/2026 11:01:00 AM,8/30/2026 11:05:00 AM,MIN_OPERATING_MW,34.69,
8/30/2026 11:05:00 AM,RTD,CLUZ,03LUNSOL_G01,G,8/30/2026 11:06:00 AM,8/30/2026 11:10:00 AM,MAX_OPERATING_MW,34.72,
8/30/2026 11:05:00 AM,RTD,CLUZ,03LUNSOL_G01,G,8/30/2026 11:06:00 AM,8/30/2026 11:10:00 AM,MIN_OPERATING_MW,34.72,
8/30/2026 11:05:00 AM,RTD,CLUZ,03TANWIND_G01,G,8/30/2026 11:01:00 AM,8/30/2026 11:05:00 AM,MAX_OPERATING_MW,6.70,
8/30/2026 11:05:00 AM,RTD,CLUZ,03TANWIND_G01,G,8/30/2026 11:01:00 AM,8/30/2026 11:05:00 AM,MIN_OPERATING_MW,6.70,
8/30/2026 11:05:00 AM,RTD,CLUZ,03TANWIND_G01,G,8/30/2026 11:06:00 AM,8/30/2026 11:10:00 AM,MAX_OPERATING_MW,6.70,
8/30/2026 11:05:00 AM,RTD,CLUZ,03TANWIND_G01,G,8/30/2026 11:06:00 AM,8/30/2026 11:10:00 AM,MIN_OPERATING_MW,6.70,
8/30/2026 11:05:00 AM,RTD,CVIS,04ISIDROSOL_G01,G,8/30/2026 11:01:00 AM,8/30/2026 12:00:00 PM,MAX_OPERATING_MW,96.30,
8/30/2026 11:05:00 AM,RTD,CVIS,04ISIDROSOL_G01,G,8/30/2026 11:01:00 AM,8/30/2026 12:00:00 PM,MIN_OPERATING_MW,96.30,
8/30/2026 11:05:00 AM,RTD,CVIS,08AJUYSOL_G01,G,8/30/2026 11:01:00 AM,8/30/2026 12:00:00 PM,MAX_OPERATING_MW,6.60,
8/30/2026 11:05:00 AM,RTD,CVIS,08AJUYSOL_G01,G,8/30/2026 11:01:00 AM,8/30/2026 12:00:00 PM,MIN_OPERATING_MW,6.60,
8/30/2026 11:05:00 AM,RTD,CVIS,08AJUYSOL_G02,G,8/30/2026 11:01:00 AM,8/30/2026 12:00:00 PM,MAX_OPERATING_MW,3.40,
8/30/2026 11:05:00 AM,RTD,CVIS,08AJUYSOL_G02,G,8/30/2026 11:01:00 AM,8/30/2026 12:00:00 PM,MIN_OPERATING_MW,3.40,
8/30/2026 11:05:00 AM,RTD,CMIN,10LIAN_G02,G,8/30/2026 12:05:00 AM,8/30/2026 11:59:00 PM,MAX_OPERATING_MW,6.60,
8/30/2026 11:05:00 AM,RTD,CMIN,10LIAN_G02,G,8/30/2026 12:05:00 AM,8/30/2026 11:59:00 PM,MIN_OPERATING_MW,6.60,
8/30/2026 11:05:00 AM,RTD,CMIN,14TANTASOL_G01,G,8/30/2026 11:01:00 AM,8/30/2026 12:00:00 PM,MAX_OPERATING_MW,50,
8/30/2026 11:05:00 AM,RTD,CMIN,14TANTASOL_G01,G,8/30/2026 11:01:00 AM,8/30/2026 12:00:00 PM,MIN_OPERATING_MW,50,
8/30/2026 11:10:00 AM,RTD,CLUZ,01BARBASOL_G01,G,8/30/2026 11:06:00 AM,8/30/2026 11:10:00 AM,MAX_OPERATING_MW,50.76,
8/30/2026 11:10:00 AM,RTD,CLUZ,01BARBASOL_G01,G,8/30/2026 11:06:00 AM,8/30/2026 11:10:00 AM,MIN_OPERATING_MW,50.76,
8/30/2026 11:10:00 AM,RTD,CLUZ,01BARBASOL_G01,G,8/30/2026 11:11:00 AM,8/30/2026 11:15:00 AM,MAX_OPERATING_MW,50.76,
8/30/2026 11:10:00 AM,RTD,CLUZ,01BARBASOL_G01,G,8/30/2026 11:11:00 AM,8/30/2026 11:15:00 AM,MIN_OPERATING_MW,50.76,
8/30/2026 11:10:00 AM,RTD,CLUZ,01BUGSOL_G01,G,8/30/2026 11:06:00 AM,8/30/2026 11:10:00 AM,MAX_OPERATING_MW,80,
8/30/2026 11:10:00 AM,RTD,CLUZ,01BUGSOL_G01,G,8/30/2026 11:06:00 AM,8/30/2026 11:10:00 AM,MIN_OPERATING_MW,80,
8/30/2026 11:10:00 AM,RTD,CLUZ,01BUGSOL_G01,G,8/30/2026 11:11:00 AM,8/30/2026 11:15:00 AM,MAX_OPERATING_MW,80,
8/30/2026 11:10:00 AM,RTD,CLUZ,01BUGSOL_G01,G,8/30/2026 11:11:00 AM,8/30/2026 11:15:00 AM,MIN_OPERATING_MW,80,
8/30/2026 11:10:00 AM,RTD,CLUZ,01BULACSOL_G01,G,8/30/2026 11:01:00 AM,8/30/2026 12:00:00 PM,MAX_OPERATING_MW,14.02,
8/30/2026 11:10:00 AM,RTD,CLUZ,01BULACSOL_G01,G,8/30/2026 11:01:00 AM,8/30/2026 12:00:00 PM,MIN_OPERATING_MW,14.02,
8/30/2026 11:10:00 AM,RTD,CLUZ,01CONSOL_G01,G,8/30/2026 11:06:00 AM,8/30/2026 11:10:00 AM,MAX_OPERATING_MW,45.32,
8/30/2026 11:10:00 AM,RTD,CLUZ,01CONSOL_G01,G,8/30/2026 11:06:00 AM,8/30/2026 11:10:00 AM,MIN_OPERATING_MW,45.32,
8/30/2026 11:10:00 AM,RTD,CLUZ,01CONSOL_G01,G,8/30/2026 11:11:00 AM,8/30/2026 11:15:00 AM,MAX_OPERATING_MW,44.16,
8/30/2026 11:10:00 AM,RTD,CLUZ,01CONSOL_G01,G,8/30/2026 11:11:00 AM,8/30/2026 11:15:00 AM,MIN_OPERATING_MW,44.16,
8/30/2026 11:10:00 AM,RTD,CLUZ,01PASBUSOL_G01,G,8/30/2026 11:01:00 AM,8/30/2026 12:00:00 PM,MAX_OPERATING_MW,43.43,
8/30/2026 11:10:00 AM,RTD,CLUZ,01PASBUSOL_G01,G,8/30/2026 11:01:00 AM,8/30/2026 12:00:00 PM,MIN_OPERATING_MW,43.43,
8/30/2026 11:10:00 AM,RTD,CLUZ,01TERRASOL_G01,G,8/30/2026 11:06:00 AM,8/30/2026 11:10:00 AM,MAX_OPERATING_MW,400,
8/30/2026 11:10:00 AM,RTD,CLUZ,01TERRASOL_G01,G,8/30/2026 11:06:00 AM,8/30/2026 11:10:00 AM,MIN_OPERATING_MW,400,
8/30/2026 11:10:00 AM,RTD,CLUZ,01TERRASOL_G01,G,8/30/2026 11:11:00 AM,8/30/2026 2:00:00 PM,MAX_OPERATING_MW,450,
8/30/2026 11:10:00 AM,RTD,CLUZ,01TERRASOL_G01,G,8/30/2026 11:11:00 AM,8/30/2026 2:00:00 PM,MIN_OPERATING_MW,450,
8/30/2026 11:10:00 AM,RTD,CLUZ,03LUNSOL_G01,G,8/30/2026 11:06:00 AM,8/30/2026 11:10:00 AM,MAX_OPERATING_MW,34.72,
8/30/2026 11:10:00 AM,RTD,CLUZ,03LUNSOL_G01,G,8/30/2026 11:06:00 AM,8/30/2026 11:10:00 AM,MIN_OPERATING_MW,34.72,
8/30/2026 11:10:00 AM,RTD,CLUZ,03LUNSOL_G01,G,8/30/2026 11:11:00 AM,8/30/2026 11:15:00 AM,MAX_OPERATING_MW,34.72,
8/30/2026 11:10:00 AM,RTD,CLUZ,03LUNSOL_G01,G,8/30/2026 11:11:00 AM,8/30/2026 11:15:00 AM,MIN_OPERATING_MW,34.72,
8/30/2026 11:10:00 AM,RTD,CLUZ,03TANWIND_G01,G,8/30/2026 11:06:00 AM,8/30/2026 11:10:00 AM,MAX_OPERATING_MW,6.70,
8/30/2026 11:10:00 AM,RTD,CLUZ,03TANWIND_G01,G,8/30/2026 11:06:00 AM,8/30/2026 11:10:00 AM,MIN_OPERATING_MW,6.70,
8/30/2026 11:10:00 AM,RTD,CLUZ,03TANWIND_G01,G,8/30/2026 11:11:00 AM,8/30/2026 11:15:00 AM,MAX_OPERATING_MW,6.70,
8/30/2026 11:10:00 AM,RTD,CLUZ,03TANWIND_G01,G,8/30/2026 11:11:00 AM,8/30/2026 11:15:00 AM,MIN_OPERATING_MW,6.70,
8/30/2026 11:10:00 AM,RTD,CVIS,04ISIDROSOL_G01,G,8/30/2026 11:01:00 AM,8/30/2026 12:00:00 PM,MAX_OPERATING_MW,96.30,
8/30/2026 11:10:00 AM,RTD,CVIS,04ISIDROSOL_G01,G,8/30/2026 11:01:00 AM,8/30/2026 12:00:00 PM,MIN_OPERATING_MW,96.30,
8/30/2026 11:10:00 AM,RTD,CVIS,08AJUYSOL_G01,G,8/30/2026 11:01:00 AM,8/30/2026 12:00:00 PM,MAX_OPERATING_MW,6.60,
8/30/2026 11:10:00 AM,RTD,CVIS,08AJUYSOL_G01,G,8/30/2026 11:01:00 AM,8/30/2026 12:00:00 PM,MIN_OPERATING_MW,6.60,
8/30/2026 11:10:00 AM,RTD,CVIS,08AJUYSOL_G02,G,8/30/2026 11:01:00 AM,8/30/2026 12:00:00 PM,MAX_OPERATING_MW,3.40,
8/30/2026 11:10:00 AM,RTD,CVIS,08AJUYSOL_G02,G,8/30/2026 11:01:00 AM,8/30/2026 12:00:00 PM,MIN_OPERATING_MW,3.40,
8/30/2026 11:10:00 AM,RTD,CMIN,10LIAN_G02,G,8/30/2026 12:05:00 AM,8/30/2026 11:59:00 PM,MAX_OPERATING_MW,6.60,
8/30/2026 11:10:00 AM,RTD,CMIN,10LIAN_G02,G,8/30/2026 12:05:00 AM,8/30/2026 11:59:00 PM,MIN_OPERATING_MW,6.60,
8/30/2026 11:10:00 AM,RTD,CMIN,14TANTASOL_G01,G,8/30/2026 11:01:00 AM,8/30/2026 12:00:00 PM,MAX_OPERATING_MW,50,
8/30/2026 11:10:00 AM,RTD,CMIN,14TANTASOL_G01,G,8/30/2026 11:01:00 AM,8/30/2026 12:00:00 PM,MIN_OPERATING_MW,50,
8/30/2026 11:15:00 AM,RTD,CLUZ,01BARBASOL_G01,G,8/30/2026 11:11:00 AM,8/30/2026 11:15:00 AM,MAX_OPERATING_MW,50.76,
8/30/2026 11:15:00 AM,RTD,CLUZ,01BARBASOL_G01,G,8/30/2026 11:11:00 AM,8/30/2026 11:15:00 AM,MIN_OPERATING_MW,50.76,
8/30/2026 11:15:00 AM,RTD,CLUZ,01BARBASOL_G01,G,8/30/2026 11:16:00 AM,8/30/2026 11:20:00 AM,MAX_OPERATING_MW,50.66,
8/30/2026 11:15:00 AM,RTD,CLUZ,01BARBASOL_G01,G,8/30/2026 11:16:00 AM,8/30/2026 11:20:00 AM,MIN_OPERATING_MW,50.66,
8/30/2026 11:15:00 AM,RTD,CLUZ,01BUGSOL_G01,G,8/30/2026 11:11:00 AM,8/30/2026 11:15:00 AM,MAX_OPERATING_MW,80,
8/30/2026 11:15:00 AM,RTD,CLUZ,01BUGSOL_G01,G,8/30/2026 11:11:00 AM,8/30/2026 11:15:00 AM,MIN_OPERATING_MW,80,
8/30/2026 11:15:00 AM,RTD,CLUZ,01BUGSOL_G01,G,8/30/2026 11:16:00 AM,8/30/2026 11:20:00 AM,MAX_OPERATING_MW,100,
8/30/2026 11:15:00 AM,RTD,CLUZ,01BUGSOL_G01,G,8/30/2026 11:16:00 AM,8/30/2026 11:20:00 AM,MIN_OPERATING_MW,100,
8/30/2026 11:15:00 AM,RTD,CLUZ,01BULACSOL_G01,G,8/30/2026 11:01:00 AM,8/30/2026 12:00:00 PM,MAX_OPERATING_MW,14.02,
8/30/2026 11:15:00 AM,RTD,CLUZ,01BULACSOL_G01,G,8/30/2026 11:01:00 AM,8/30/2026 12:00:00 PM,MIN_OPERATING_MW,14.02,
8/30/2026 11:15:00 AM,RTD,CLUZ,01CONSOL_G01,G,8/30/2026 11:11:00 AM,8/30/2026 11:15:00 AM,MAX_OPERATING_MW,44.16,
8/30/2026 11:15:00 AM,RTD,CLUZ,01CONSOL_G01,G,8/30/2026 11:11:00 AM,8/30/2026 11:15:00 AM,MIN_OPERATING_MW,44.16,
8/30/2026 11:15:00 AM,RTD,CLUZ,01CONSOL_G01,G,8/30/2026 11:16:00 AM,8/30/2026 11:20:00 AM,MAX_OPERATING_MW,42.98,
8/30/2026 11:15:00 AM,RTD,CLUZ,01CONSOL_G01,G,8/30/2026 11:16:00 AM,8/30/2026 11:20:00 AM,MIN_OPERATING_MW,42.98,
8/30/2026 11:15:00 AM,RTD,CLUZ,01PASBUSOL_G01,G,8/30/2026 11:01:00 AM,8/30/2026 12:00:00 PM,MAX_OPERATING_MW,43.43,
8/30/2026 11:15:00 AM,RTD,CLUZ,01PASBUSOL_G01,G,8/30/2026 11:01:00 AM,8/30/2026 12:00:00 PM,MIN_OPERATING_MW,43.43,
8/30/2026 11:15:00 AM,RTD,CLUZ,01TERRASOL_G01,G,8/30/2026 11:11:00 AM,8/30/2026 2:00:00 PM,MAX_OPERATING_MW,450,
8/30/2026 11:15:00 AM,RTD,CLUZ,01TERRASOL_G01,G,8/30/2026 11:11:00 AM,8/30/2026 2:00:00 PM,MIN_OPERATING_MW,450,
8/30/2026 11:15:00 AM,RTD,CLUZ,03LUNSOL_G01,G,8/30/2026 11:11:00 AM,8/30/2026 11:15:00 AM,MAX_OPERATING_MW,34.72,
8/30/2026 11:15:00 AM,RTD,CLUZ,03LUNSOL_G01,G,8/30/2026 11:11:00 AM,8/30/2026 11:15:00 AM,MIN_OPERATING_MW,34.72,
8/30/2026 11:15:00 AM,RTD,CLUZ,03LUNSOL_G01,G,8/30/2026 11:16:00 AM,8/30/2026 11:20:00 AM,MAX_OPERATING_MW,34.72,
8/30/2026 11:15:00 AM,RTD,CLUZ,03LUNSOL_G01,G,8/30/2026 11:16:00 AM,8/30/2026 11:20:00 AM,MIN_OPERATING_MW,34.72,
8/30/2026 11:15:00 AM,RTD,CLUZ,03TANWIND_G01,G,8/30/2026 11:11:00 AM,8/30/2026 11:15:00 AM,MAX_OPERATING_MW,6.70,
8/30/2026 11:15:00 AM,RTD,CLUZ,03TANWIND_G01,G,8/30/2026 11:11:00 AM,8/30/2026 11:15:00 AM,MIN_OPERATING_MW,6.70,
8/30/2026 11:15:00 AM,RTD,CLUZ,03TANWIND_G01,G,8/30/2026 11:16:00 AM,8/30/2026 11:20:00 AM,MAX_OPERATING_MW,6.70,
8/30/2026 11:15:00 AM,RTD,CLUZ,03TANWIND_G01,G,8/30/2026 11:16:00 AM,8/30/2026 11:20:00 AM,MIN_OPERATING_MW,6.70,
8/30/2026 11:15:00 AM,RTD,CVIS,04ISIDROSOL_G01,G,8/30/2026 11:01:00 AM,8/30/2026 12:00:00 PM,MAX_OPERATING_MW,96.30,
8/30/2026 11:15:00 AM,RTD,CVIS,04ISIDROSOL_G01,G,8/30/2026 11:01:00 AM,8/30/2026 12:00:00 PM,MIN_OPERATING_MW,96.30,
8/30/2026 11:15:00 AM,RTD,CVIS,08AJUYSOL_G01,G,8/30/2026 11:01:00 AM,8/30/2026 12:00:00 PM,MAX_OPERATING_MW,6.60,
8/30/2026 11:15:00 AM,RTD,CVIS,08AJUYSOL_G01,G,8/30/2026 11:01:00 AM,8/30/2026 12:00:00 PM,MIN_OPERATING_MW,6.60,
8/30/2026 11:15:00 AM,RTD,CVIS,08AJUYSOL_G02,G,8/30/2026 11:01:00 AM,8/30/2026 12:00:00 PM,MAX_OPERATING_MW,3.40,
8/30/2026 11:15:00 AM,RTD,CVIS,08AJUYSOL_G02,G,8/30/2026 11:01:00 AM,8/30/2026 12:00:00 PM,MIN_OPERATING_MW,3.40,
8/30/2026 11:15:00 AM,RTD,CMIN,10LIAN_G02,G,8/30/2026 12:05:00 AM,8/30/2026 11:59:00 PM,MAX_OPERATING_MW,6.60,
8/30/2026 11:15:00 AM,RTD,CMIN,10LIAN_G02,G,8/30/2026 12:05:00 AM,8/30/2026 11:59:00 PM,MIN_OPERATING_MW,6.60,
8/30/2026 11:15:00 AM,RTD,CMIN,14TANTASOL_G01,G,8/30/2026 11:01:00 AM,8/30/2026 12:00:00 PM,MAX_OPERATING_MW,50,
8/30/2026 11:15:00 AM,RTD,CMIN,14TANTASOL_G01,G,8/30/2026 11:01:00 AM,8/30/2026 12:00:00 PM,MIN_OPERATING_MW,50,
8/30/2026 11:20:00 AM,RTD,CLUZ,01BARBASOL_G01,G,8/30/2026 11:16:00 AM,8/30/2026 11:20:00 AM,MAX_OPERATING_MW,50.66,
8/30/2026 11:20:00 AM,RTD,CLUZ,01BARBASOL_G01,G,8/30/2026 11:16:00 AM,8/30/2026 11:20:00 AM,MIN_OPERATING_MW,50.66,
8/30/2026 11:20:00 AM,RTD,CLUZ,01BARBASOL_G01,G,8/30/2026 11:21:00 AM,8/30/2026 11:25:00 AM,MAX_OPERATING_MW,50.46,
8/30/2026 11:20:00 AM,RTD,CLUZ,01BARBASOL_G01,G,8/30/2026 11:21:00 AM,8/30/2026 11:25:00 AM,MIN_OPERATING_MW,50.46,
8/30/2026 11:20:00 AM,RTD,CLUZ,01BUGSOL_G01,G,8/30/2026 11:16:00 AM,8/30/2026 11:20:00 AM,MAX_OPERATING_MW,100,
8/30/2026 11:20:00 AM,RTD,CLUZ,01BUGSOL_G01,G,8/30/2026 11:16:00 AM,8/30/2026 11:20:00 AM,MIN_OPERATING_MW,100,
8/30/2026 11:20:00 AM,RTD,CLUZ,01BUGSOL_G01,G,8/30/2026 11:21:00 AM,8/30/2026 11:25:00 AM,MAX_OPERATING_MW,100,
8/30/2026 11:20:00 AM,RTD,CLUZ,01BUGSOL_G01,G,8/30/2026 11:21:00 AM,8/30/2026 11:25:00 AM,MIN_OPERATING_MW,100,
8/30/2026 11:20:00 AM,RTD,CLUZ,01BULACSOL_G01,G,8/30/2026 11:01:00 AM,8/30/2026 12:00:00 PM,MAX_OPERATING_MW,14.02,
8/30/2026 11:20:00 AM,RTD,CLUZ,01BULACSOL_G01,G,8/30/2026 11:01:00 AM,8/30/2026 12:00:00 PM,MIN_OPERATING_MW,14.02,
8/30/2026 11:20:00 AM,RTD,CLUZ,01CONSOL_G01,G,8/30/2026 11:16:00 AM,8/30/2026 11:20:00 AM,MAX_OPERATING_MW,42.98,
8/30/2026 11:20:00 AM,RTD,CLUZ,01CONSOL_G01,G,8/30/2026 11:16:00 AM,8/30/2026 11:20:00 AM,MIN_OPERATING_MW,42.98,
8/30/2026 11:20:00 AM,RTD,CLUZ,01CONSOL_G01,G,8/30/2026 11:21:00 AM,8/30/2026 11:25:00 AM,MAX_OPERATING_MW,41.80,
8/30/2026 11:20:00 AM,RTD,CLUZ,01CONSOL_G01,G,8/30/2026 11:21:00 AM,8/30/2026 11:25:00 AM,MIN_OPERATING_MW,41.80,
8/30/2026 11:20:00 AM,RTD,CLUZ,01PASBUSOL_G01,G,8/30/2026 11:01:00 AM,8/30/2026 12:00:00 PM,MAX_OPERATING_MW,43.43,
8/30/2026 11:20:00 AM,RTD,CLUZ,01PASBUSOL_G01,G,8/30/2026 11:01:00 AM,8/30/2026 12:00:00 PM,MIN_OPERATING_MW,43.43,
8/30/2026 11:20:00 AM,RTD,CLUZ,01TERRASOL_G01,G,8/30/2026 11:11:00 AM,8/30/2026 2:00:00 PM,MAX_OPERATING_MW,450,
8/30/2026 11:20:00 AM,RTD,CLUZ,01TERRASOL_G01,G,8/30/2026 11:11:00 AM,8/30/2026 2:00:00 PM,MIN_OPERATING_MW,450,
8/30/2026 11:20:00 AM,RTD,CLUZ,03LUNSOL_G01,G,8/30/2026 11:16:00 AM,8/30/2026 11:20:00 AM,MAX_OPERATING_MW,34.72,
8/30/2026 11:20:00 AM,RTD,CLUZ,03LUNSOL_G01,G,8/30/2026 11:16:00 AM,8/30/2026 11:20:00 AM,MIN_OPERATING_MW,34.72,
8/30/2026 11:20:00 AM,RTD,CLUZ,03LUNSOL_G01,G,8/30/2026 11:21:00 AM,8/30/2026 11:25:00 AM,MAX_OPERATING_MW,34.72,
8/30/2026 11:20:00 AM,RTD,CLUZ,03LUNSOL_G01,G,8/30/2026 11:21:00 AM,8/30/2026 11:25:00 AM,MIN_OPERATING_MW,34.72,
8/30/2026 11:20:00 AM,RTD,CLUZ,03TANWIND_G01,G,8/30/2026 11:16:00 AM,8/30/2026 11:20:00 AM,MAX_OPERATING_MW,6.70,
8/30/2026 11:20:00 AM,RTD,CLUZ,03TANWIND_G01,G,8/30/2026 11:16:00 AM,8/30/2026 11:20:00 AM,MIN_OPERATING_MW,6.70,
8/30/2026 11:20:00 AM,RTD,CLUZ,03TANWIND_G01,G,8/30/2026 11:21:00 AM,8/30/2026 11:25:00 AM,MAX_OPERATING_MW,6.70,
8/30/2026 11:20:00 AM,RTD,CLUZ,03TANWIND_G01,G,8/30/2026 11:21:00 AM,8/30/2026 11:25:00 AM,MIN_OPERATING_MW,6.70,
8/30/2026 11:20:00 AM,RTD,CVIS,04ISIDROSOL_G01,G,8/30/2026 11:01:00 AM,8/30/2026 12:00:00 PM,MAX_OPERATING_MW,96.30,
8/30/2026 11:20:00 AM,RTD,CVIS,04ISIDROSOL_G01,G,8/30/2026 11:01:00 AM,8/30/2026 12:00:00 PM,MIN_OPERATING_MW,96.30,
8/30/2026 11:20:00 AM,RTD,CVIS,08AJUYSOL_G01,G,8/30/2026 11:01:00 AM,8/30/2026 12:00:00 PM,MAX_OPERATING_MW,6.60,
8/30/2026 11:20:00 AM,RTD,CVIS,08AJUYSOL_G01,G,8/30/2026 11:01:00 AM,8/30/2026 12:00:00 PM,MIN_OPERATING_MW,6.60,
8/30/2026 11:20:00 AM,RTD,CVIS,08AJUYSOL_G02,G,8/30/2026 11:01:00 AM,8/30/2026 12:00:00 PM,MAX_OPERATING_MW,3.40,
8/30/2026 11:20:00 AM,RTD,CVIS,08AJUYSOL_G02,G,8/30/2026 11:01:00 AM,8/30/2026 12:00:00 PM,MIN_OPERATING_MW,3.40,
8/30/2026 11:20:00 AM,RTD,CMIN,10LIAN_G02,G,8/30/2026 12:05:00 AM,8/30/2026 11:59:00 PM,MAX_OPERATING_MW,6.60,
8/30/2026 11:20:00 AM,RTD,CMIN,10LIAN_G02,G,8/30/2026 12:05:00 AM,8/30/2026 11:59:00 PM,MIN_OPERATING_MW,6.60,
8/30/2026 11:20:00 AM,RTD,CMIN,14TANTASOL_G01,G,8/30/2026 11:01:00 AM,8/30/2026 12:00:00 PM,MAX_OPERATING_MW,50,
8/30/2026 11:20:00 AM,RTD,CMIN,14TANTASOL_G01,G,8/30/2026 11:01:00 AM,8/30/2026 12:00:00 PM,MIN_OPERATING_MW,50,
8/30/2026 11:25:00 AM,RTD,CLUZ,01BARBASOL_G01,G,8/30/2026 11:21:00 AM,8/30/2026 11:25:00 AM,MAX_OPERATING_MW,50.46,
8/30/2026 11:25:00 AM,RTD,CLUZ,01BARBASOL_G01,G,8/30/2026 11:21:00 AM,8/30/2026 11:25:00 AM,MIN_OPERATING_MW,50.46,
8/30/2026 11:25:00 AM,RTD,CLUZ,01BARBASOL_G01,G,8/30/2026 11:26:00 AM,8/30/2026 11:30:00 AM,MAX_OPERATING_MW,50.18,
8/30/2026 11:25:00 AM,RTD,CLUZ,01BARBASOL_G01,G,8/30/2026 11:26:00 AM,8/30/2026 11:30:00 AM,MIN_OPERATING_MW,50.18,
8/30/2026 11:25:00 AM,RTD,CLUZ,01BUGSOL_G01,G,8/30/2026 11:21:00 AM,8/30/2026 11:25:00 AM,MAX_OPERATING_MW,100,
8/30/2026 11:25:00 AM,RTD,CLUZ,01BUGSOL_G01,G,8/30/2026 11:21:00 AM,8/30/2026 11:25:00 AM,MIN_OPERATING_MW,100,
8/30/2026 11:25:00 AM,RTD,CLUZ,01BUGSOL_G01,G,8/30/2026 11:26:00 AM,8/30/2026 11:30:00 AM,MAX_OPERATING_MW,100,
8/30/2026 11:25:00 AM,RTD,CLUZ,01BUGSOL_G01,G,8/30/2026 11:26:00 AM,8/30/2026 11:30:00 AM,MIN_OPERATING_MW,100,
8/30/2026 11:25:00 AM,RTD,CLUZ,01BULACSOL_G01,G,8/30/2026 11:01:00 AM,8/30/2026 12:00:00 PM,MAX_OPERATING_MW,14.02,
8/30/2026 11:25:00 AM,RTD,CLUZ,01BULACSOL_G01,G,8/30/2026 11:01:00 AM,8/30/2026 12:00:00 PM,MIN_OPERATING_MW,14.02,
8/30/2026 11:25:00 AM,RTD,CLUZ,01CONSOL_G01,G,8/30/2026 11:21:00 AM,8/30/2026 11:25:00 AM,MAX_OPERATING_MW,41.80,
8/30/2026 11:25:00 AM,RTD,CLUZ,01CONSOL_G01,G,8/30/2026 11:21:00 AM,8/30/2026 11:25:00 AM,MIN_OPERATING_MW,41.80,
8/30/2026 11:25:00 AM,RTD,CLUZ,01CONSOL_G01,G,8/30/2026 11:26:00 AM,8/30/2026 11:30:00 AM,MAX_OPERATING_MW,40.63,
8/30/2026 11:25:00 AM,RTD,CLUZ,01CONSOL_G01,G,8/30/2026 11:26:00 AM,8/30/2026 11:30:00 AM,MIN_OPERATING_MW,40.63,
8/30/2026 11:25:00 AM,RTD,CLUZ,01PASBUSOL_G01,G,8/30/2026 11:01:00 AM,8/30/2026 12:00:00 PM,MAX_OPERATING_MW,43.43,
8/30/2026 11:25:00 AM,RTD,CLUZ,01PASBUSOL_G01,G,8/30/2026 11:01:00 AM,8/30/2026 12:00:00 PM,MIN_OPERATING_MW,43.43,
8/30/2026 11:25:00 AM,RTD,CLUZ,01TERRASOL_G01,G,8/30/2026 11:11:00 AM,8/30/2026 2:00:00 PM,MAX_OPERATING_MW,450,
8/30/2026 11:25:00 AM,RTD,CLUZ,01TERRASOL_G01,G,8/30/2026 11:11:00 AM,8/30/2026 2:00:00 PM,MIN_OPERATING_MW,450,
8/30/2026 11:25:00 AM,RTD,CLUZ,03LUNSOL_G01,G,8/30/2026 11:21:00 AM,8/30/2026 11:25:00 AM,MAX_OPERATING_MW,34.72,
8/30/2026 11:25:00 AM,RTD,CLUZ,03LUNSOL_G01,G,8/30/2026 11:21:00 AM,8/30/2026 11:25:00 AM,MIN_OPERATING_MW,34.72,
8/30/2026 11:25:00 AM,RTD,CLUZ,03LUNSOL_G01,G,8/30/2026 11:26:00 AM,8/30/2026 11:30:00 AM,MAX_OPERATING_MW,34.72,
8/30/2026 11:25:00 AM,RTD,CLUZ,03LUNSOL_G01,G,8/30/2026 11:26:00 AM,8/30/2026 11:30:00 AM,MIN_OPERATING_MW,34.72,
8/30/2026 11:25:00 AM,RTD,CLUZ,03TANWIND_G01,G,8/30/2026 11:21:00 AM,8/30/2026 11:25:00 AM,MAX_OPERATING_MW,6.70,
8/30/2026 11:25:00 AM,RTD,CLUZ,03TANWIND_G01,G,8/30/2026 11:21:00 AM,8/30/2026 11:25:00 AM,MIN_OPERATING_MW,6.70,
8/30/2026 11:25:00 AM,RTD,CLUZ,03TANWIND_G01,G,8/30/2026 11:26:00 AM,8/30/2026 11:30:00 AM,MAX_OPERATING_MW,6.70,
8/30/2026 11:25:00 AM,RTD,CLUZ,03TANWIND_G01,G,8/30/2026 11:26:00 AM,8/30/2026 11:30:00 AM,MIN_OPERATING_MW,6.70,
8/30/2026 11:25:00 AM,RTD,CVIS,04ISIDROSOL_G01,G,8/30/2026 11:01:00 AM,8/30/2026 12:00:00 PM,MAX_OPERATING_MW,96.30,
8/30/2026 11:25:00 AM,RTD,CVIS,04ISIDROSOL_G01,G,8/30/2026 11:01:00 AM,8/30/2026 12:00:00 PM,MIN_OPERATING_MW,96.30,
8/30/2026 11:25:00 AM,RTD,CVIS,08AJUYSOL_G01,G,8/30/2026 11:01:00 AM,8/30/2026 12:00:00 PM,MAX_OPERATING_MW,6.60,
8/30/2026 11:25:00 AM,RTD,CVIS,08AJUYSOL_G01,G,8/30/2026 11:01:00 AM,8/30/2026 12:00:00 PM,MIN_OPERATING_MW,6.60,
8/30/2026 11:25:00 AM,RTD,CVIS,08AJUYSOL_G02,G,8/30/2026 11:01:00 AM,8/30/2026 12:00:00 PM,MAX_OPERATING_MW,3.40,
8/30/2026 11:25:00 AM,RTD,CVIS,08AJUYSOL_G02,G,8/30/2026 11:01:00 AM,8/30/2026 12:00:00 PM,MIN_OPERATING_MW,3.40,
8/30/2026 11:25:00 AM,RTD,CMIN,10LIAN_G02,G,8/30/2026 12:05:00 AM,8/30/2026 11:59:00 PM,MAX_OPERATING_MW,6.60,
8/30/2026 11:25:00 AM,RTD,CMIN,10LIAN_G02,G,8/30/2026 12:05:00 AM,8/30/2026 11:59:00 PM,MIN_OPERATING_MW,6.60,
8/30/2026 11:25:00 AM,RTD,CMIN,14TANTASOL_G01,G,8/30/2026 11:01:00 AM,8/30/2026 12:00:00 PM,MAX_OPERATING_MW,50,
8/30/2026 11:25:00 AM,RTD,CMIN,14TANTASOL_G01,G,8/30/2026 11:01:00 AM,8/30/2026 12:00:00 PM,MIN_OPERATING_MW,50,
8/30/2026 11:30:00 AM,RTD,CLUZ,01BARBASOL_G01,G,8/30/2026 11:26:00 AM,8/30/2026 11:30:00 AM,MAX_OPERATING_MW,50.18,
8/30/2026 11:30:00 AM,RTD,CLUZ,01BARBASOL_G01,G,8/30/2026 11:26:00 AM,8/30/2026 11:30:00 AM,MIN_OPERATING_MW,50.18,
8/30/2026 11:30:00 AM,RTD,CLUZ,01BARBASOL_G01,G,8/30/2026 11:31:00 AM,8/30/2026 11:35:00 AM,MAX_OPERATING_MW,49.83,
8/30/2026 11:30:00 AM,RTD,CLUZ,01BARBASOL_G01,G,8/30/2026 11:31:00 AM,8/30/2026 11:35:00 AM,MIN_OPERATING_MW,49.83,
8/30/2026 11:30:00 AM,RTD,CLUZ,01BUGSOL_G01,G,8/30/2026 11:26:00 AM,8/30/2026 11:30:00 AM,MAX_OPERATING_MW,100,
8/30/2026 11:30:00 AM,RTD,CLUZ,01BUGSOL_G01,G,8/30/2026 11:26:00 AM,8/30/2026 11:30:00 AM,MIN_OPERATING_MW,100,
8/30/2026 11:30:00 AM,RTD,CLUZ,01BUGSOL_G01,G,8/30/2026 11:31:00 AM,8/30/2026 11:35:00 AM,MAX_OPERATING_MW,80,
8/30/2026 11:30:00 AM,RTD,CLUZ,01BUGSOL_G01,G,8/30/2026 11:31:00 AM,8/30/2026 11:35:00 AM,MIN_OPERATING_MW,80,
8/30/2026 11:30:00 AM,RTD,CLUZ,01BULACSOL_G01,G,8/30/2026 11:01:00 AM,8/30/2026 12:00:00 PM,MAX_OPERATING_MW,14.02,
8/30/2026 11:30:00 AM,RTD,CLUZ,01BULACSOL_G01,G,8/30/2026 11:01:00 AM,8/30/2026 12:00:00 PM,MIN_OPERATING_MW,14.02,
8/30/2026 11:30:00 AM,RTD,CLUZ,01CONSOL_G01,G,8/30/2026 11:26:00 AM,8/30/2026 11:30:00 AM,MAX_OPERATING_MW,40.63,
8/30/2026 11:30:00 AM,RTD,CLUZ,01CONSOL_G01,G,8/30/2026 11:26:00 AM,8/30/2026 11:30:00 AM,MIN_OPERATING_MW,40.63,
8/30/2026 11:30:00 AM,RTD,CLUZ,01CONSOL_G01,G,8/30/2026 11:31:00 AM,8/30/2026 11:35:00 AM,MAX_OPERATING_MW,39.49,
8/30/2026 11:30:00 AM,RTD,CLUZ,01CONSOL_G01,G,8/30/2026 11:31:00 AM,8/30/2026 11:35:00 AM,MIN_OPERATING_MW,39.49,
8/30/2026 11:30:00 AM,RTD,CLUZ,01PASBUSOL_G01,G,8/30/2026 11:01:00 AM,8/30/2026 12:00:00 PM,MAX_OPERATING_MW,43.43,
8/30/2026 11:30:00 AM,RTD,CLUZ,01PASBUSOL_G01,G,8/30/2026 11:01:00 AM,8/30/2026 12:00:00 PM,MIN_OPERATING_MW,43.43,
8/30/2026 11:30:00 AM,RTD,CLUZ,01TERRASOL_G01,G,8/30/2026 11:11:00 AM,8/30/2026 2:00:00 PM,MAX_OPERATING_MW,450,
8/30/2026 11:30:00 AM,RTD,CLUZ,01TERRASOL_G01,G,8/30/2026 11:11:00 AM,8/30/2026 2:00:00 PM,MIN_OPERATING_MW,450,
8/30/2026 11:30:00 AM,RTD,CLUZ,03LUNSOL_G01,G,8/30/2026 11:26:00 AM,8/30/2026 11:30:00 AM,MAX_OPERATING_MW,34.72,
8/30/2026 11:30:00 AM,RTD,CLUZ,03LUNSOL_G01,G,8/30/2026 11:26:00 AM,8/30/2026 11:30:00 AM,MIN_OPERATING_MW,34.72,
8/30/2026 11:30:00 AM,RTD,CLUZ,03LUNSOL_G01,G,8/30/2026 11:31:00 AM,8/30/2026 11:35:00 AM,MAX_OPERATING_MW,34.72,
8/30/2026 11:30:00 AM,RTD,CLUZ,03LUNSOL_G01,G,8/30/2026 11:31:00 AM,8/30/2026 11:35:00 AM,MIN_OPERATING_MW,34.72,
8/30/2026 11:30:00 AM,RTD,CLUZ,03TANWIND_G01,G,8/30/2026 11:26:00 AM,8/30/2026 11:30:00 AM,MAX_OPERATING_MW,6.70,
8/30/2026 11:30:00 AM,RTD,CLUZ,03TANWIND_G01,G,8/30/2026 11:26:00 AM,8/30/2026 11:30:00 AM,MIN_OPERATING_MW,6.70,
8/30/2026 11:30:00 AM,RTD,CLUZ,03TANWIND_G01,G,8/30/2026 11:31:00 AM,8/30/2026 11:35:00 AM,MAX_OPERATING_MW,6.70,
8/30/2026 11:30:00 AM,RTD,CLUZ,03TANWIND_G01,G,8/30/2026 11:31:00 AM,8/30/2026 11:35:00 AM,MIN_OPERATING_MW,6.70,
8/30/2026 11:30:00 AM,RTD,CVIS,04ISIDROSOL_G01,G,8/30/2026 11:01:00 AM,8/30/2026 12:00:00 PM,MAX_OPERATING_MW,96.30,
8/30/2026 11:30:00 AM,RTD,CVIS,04ISIDROSOL_G01,G,8/30/2026 11:01:00 AM,8/30/2026 12:00:00 PM,MIN_OPERATING_MW,96.30,
8/30/2026 11:30:00 AM,RTD,CVIS,08AJUYSOL_G01,G,8/30/2026 11:01:00 AM,8/30/2026 12:00:00 PM,MAX_OPERATING_MW,6.60,
8/30/2026 11:30:00 AM,RTD,CVIS,08AJUYSOL_G01,G,8/30/2026 11:01:00 AM,8/30/2026 12:00:00 PM,MIN_OPERATING_MW,6.60,
8/30/2026 11:30:00 AM,RTD,CVIS,08AJUYSOL_G02,G,8/30/2026 11:01:00 AM,8/30/2026 12:00:00 PM,MAX_OPERATING_MW,3.40,
8/30/2026 11:30:00 AM,RTD,CVIS,08AJUYSOL_G02,G,8/30/2026 11:01:00 AM,8/30/2026 12:00:00 PM,MIN_OPERATING_MW,3.40,
8/30/2026 11:30:00 AM,RTD,CMIN,10LIAN_G02,G,8/30/2026 12:05:00 AM,8/30/2026 11:59:00 PM,MAX_OPERATING_MW,6.60,
8/30/2026 11:30:00 AM,RTD,CMIN,10LIAN_G02,G,8/30/2026 12:05:00 AM,8/30/2026 11:59:00 PM,MIN_OPERATING_MW,6.60,
8/30/2026 11:30:00 AM,RTD,CMIN,14TANTASOL_G01,G,8/30/2026 11:01:00 AM,8/30/2026 12:00:00 PM,MAX_OPERATING_MW,50,
8/30/2026 11:30:00 AM,RTD,CMIN,14TANTASOL_G01,G,8/30/2026 11:01:00 AM,8/30/2026 12:00:00 PM,MIN_OPERATING_MW,50,
8/30/2026 11:35:00 AM,RTD,CLUZ,01BARBASOL_G01,G,8/30/2026 11:31:00 AM,8/30/2026 11:35:00 AM,MAX_OPERATING_MW,49.83,
8/30/2026 11:35:00 AM,RTD,CLUZ,01BARBASOL_G01,G,8/30/2026 11:31:00 AM,8/30/2026 11:35:00 AM,MIN_OPERATING_MW,49.83,
8/30/2026 11:35:00 AM,RTD,CLUZ,01BARBASOL_G01,G,8/30/2026 11:36:00 AM,8/30/2026 11:40:00 AM,MAX_OPERATING_MW,49.42,
8/30/2026 11:35:00 AM,RTD,CLUZ,01BARBASOL_G01,G,8/30/2026 11:36:00 AM,8/30/2026 11:40:00 AM,MIN_OPERATING_MW,49.42,
8/30/2026 11:35:00 AM,RTD,CLUZ,01BUGSOL_G01,G,8/30/2026 11:31:00 AM,8/30/2026 11:35:00 AM,MAX_OPERATING_MW,80,
8/30/2026 11:35:00 AM,RTD,CLUZ,01BUGSOL_G01,G,8/30/2026 11:31:00 AM,8/30/2026 11:35:00 AM,MIN_OPERATING_MW,80,
8/30/2026 11:35:00 AM,RTD,CLUZ,01BUGSOL_G01,G,8/30/2026 11:36:00 AM,8/30/2026 11:40:00 AM,MAX_OPERATING_MW,80,
8/30/2026 11:35:00 AM,RTD,CLUZ,01BUGSOL_G01,G,8/30/2026 11:36:00 AM,8/30/2026 11:40:00 AM,MIN_OPERATING_MW,80,
8/30/2026 11:35:00 AM,RTD,CLUZ,01BULACSOL_G01,G,8/30/2026 11:01:00 AM,8/30/2026 12:00:00 PM,MAX_OPERATING_MW,14.02,
8/30/2026 11:35:00 AM,RTD,CLUZ,01BULACSOL_G01,G,8/30/2026 11:01:00 AM,8/30/2026 12:00:00 PM,MIN_OPERATING_MW,14.02,
8/30/2026 11:35:00 AM,RTD,CLUZ,01CONSOL_G01,G,8/30/2026 11:31:00 AM,8/30/2026 11:35:00 AM,MAX_OPERATING_MW,39.49,
8/30/2026 11:35:00 AM,RTD,CLUZ,01CONSOL_G01,G,8/30/2026 11:31:00 AM,8/30/2026 11:35:00 AM,MIN_OPERATING_MW,39.49,
8/30/2026 11:35:00 AM,RTD,CLUZ,01CONSOL_G01,G,8/30/2026 11:36:00 AM,8/30/2026 11:40:00 AM,MAX_OPERATING_MW,38.40,
8/30/2026 11:35:00 AM,RTD,CLUZ,01CONSOL_G01,G,8/30/2026 11:36:00 AM,8/30/2026 11:40:00 AM,MIN_OPERATING_MW,38.40,
8/30/2026 11:35:00 AM,RTD,CLUZ,01PASBUSOL_G01,G,8/30/2026 11:01:00 AM,8/30/2026 12:00:00 PM,MAX_OPERATING_MW,43.43,
8/30/2026 11:35:00 AM,RTD,CLUZ,01PASBUSOL_G01,G,8/30/2026 11:01:00 AM,8/30/2026 12:00:00 PM,MIN_OPERATING_MW,43.43,
8/30/2026 11:35:00 AM,RTD,CLUZ,01TERRASOL_G01,G,8/30/2026 11:11:00 AM,8/30/2026 2:00:00 PM,MAX_OPERATING_MW,450,
8/30/2026 11:35:00 AM,RTD,CLUZ,01TERRASOL_G01,G,8/30/2026 11:11:00 AM,8/30/2026 2:00:00 PM,MIN_OPERATING_MW,450,
8/30/2026 11:35:00 AM,RTD,CLUZ,03LUNSOL_G01,G,8/30/2026 11:31:00 AM,8/30/2026 11:35:00 AM,MAX_OPERATING_MW,34.72,
8/30/2026 11:35:00 AM,RTD,CLUZ,03LUNSOL_G01,G,8/30/2026 11:31:00 AM,8/30/2026 11:35:00 AM,MIN_OPERATING_MW,34.72,
8/30/2026 11:35:00 AM,RTD,CLUZ,03LUNSOL_G01,G,8/30/2026 11:36:00 AM,8/30/2026 11:40:00 AM,MAX_OPERATING_MW,34.72,
8/30/2026 11:35:00 AM,RTD,CLUZ,03LUNSOL_G01,G,8/30/2026 11:36:00 AM,8/30/2026 11:40:00 AM,MIN_OPERATING_MW,34.72,
8/30/2026 11:35:00 AM,RTD,CLUZ,03TANWIND_G01,G,8/30/2026 11:31:00 AM,8/30/2026 11:35:00 AM,MAX_OPERATING_MW,6.70,
8/30/2026 11:35:00 AM,RTD,CLUZ,03TANWIND_G01,G,8/30/2026 11:31:00 AM,8/30/2026 11:35:00 AM,MIN_OPERATING_MW,6.70,
8/30/2026 11:35:00 AM,RTD,CLUZ,03TANWIND_G01,G,8/30/2026 11:36:00 AM,8/30/2026 11:40:00 AM,MAX_OPERATING_MW,6.70,
8/30/2026 11:35:00 AM,RTD,CLUZ,03TANWIND_G01,G,8/30/2026 11:36:00 AM,8/30/2026 11:40:00 AM,MIN_OPERATING_MW,6.70,
8/30/2026 11:35:00 AM,RTD,CVIS,04ISIDROSOL_G01,G,8/30/2026 11:01:00 AM,8/30/2026 12:00:00 PM,MAX_OPERATING_MW,96.30,
8/30/2026 11:35:00 AM,RTD,CVIS,04ISIDROSOL_G01,G,8/30/2026 11:01:00 AM,8/30/2026 12:00:00 PM,MIN_OPERATING_MW,96.30,
8/30/2026 11:35:00 AM,RTD,CVIS,08AJUYSOL_G01,G,8/30/2026 11:01:00 AM,8/30/2026 12:00:00 PM,MAX_OPERATING_MW,6.60,
8/30/2026 11:35:00 AM,RTD,CVIS,08AJUYSOL_G01,G,8/30/2026 11:01:00 AM,8/30/2026 12:00:00 PM,MIN_OPERATING_MW,6.60,
8/30/2026 11:35:00 AM,RTD,CVIS,08AJUYSOL_G02,G,8/30/2026 11:01:00 AM,8/30/2026 12:00:00 PM,MAX_OPERATING_MW,3.40,
8/30/2026 11:35:00 AM,RTD,CVIS,08AJUYSOL_G02,G,8/30/2026 11:01:00 AM,8/30/2026 12:00:00 PM,MIN_OPERATING_MW,3.40,
8/30/2026 11:35:00 AM,RTD,CMIN,10LIAN_G02,G,8/30/2026 12:05:00 AM,8/30/2026 11:59:00 PM,MAX_OPERATING_MW,6.60,
8/30/2026 11:35:00 AM,RTD,CMIN,10LIAN_G02,G,8/30/2026 12:05:00 AM,8/30/2026 11:59:00 PM,MIN_OPERATING_MW,6.60,
8/30/2026 11:35:00 AM,RTD,CMIN,14TANTASOL_G01,G,8/30/2026 11:01:00 AM,8/30/2026 12:00:00 PM,MAX_OPERATING_MW,50,
8/30/2026 11:35:00 AM,RTD,CMIN,14TANTASOL_G01,G,8/30/2026 11:01:00 AM,8/30/2026 12:00:00 PM,MIN_OPERATING_MW,50,
8/30/2026 11:40:00 AM,RTD,CLUZ,01BARBASOL_G01,G,8/30/2026 11:36:00 AM,8/30/2026 11:40:00 AM,MAX_OPERATING_MW,49.42,
8/30/2026 11:40:00 AM,RTD,CLUZ,01BARBASOL_G01,G,8/30/2026 11:36:00 AM,8/30/2026 11:40:00 AM,MIN_OPERATING_MW,49.42,
8/30/2026 11:40:00 AM,RTD,CLUZ,01BARBASOL_G01,G,8/30/2026 11:41:00 AM,8/30/2026 11:45:00 AM,MAX_OPERATING_MW,48.97,
8/30/2026 11:40:00 AM,RTD,CLUZ,01BARBASOL_G01,G,8/30/2026 11:41:00 AM,8/30/2026 11:45:00 AM,MIN_OPERATING_MW,48.97,
8/30/2026 11:40:00 AM,RTD,CLUZ,01BUGSOL_G01,G,8/30/2026 11:36:00 AM,8/30/2026 11:40:00 AM,MAX_OPERATING_MW,80,
8/30/2026 11:40:00 AM,RTD,CLUZ,01BUGSOL_G01,G,8/30/2026 11:36:00 AM,8/30/2026 11:40:00 AM,MIN_OPERATING_MW,80,
8/30/2026 11:40:00 AM,RTD,CLUZ,01BUGSOL_G01,G,8/30/2026 11:41:00 AM,8/30/2026 11:45:00 AM,MAX_OPERATING_MW,80,
8/30/2026 11:40:00 AM,RTD,CLUZ,01BUGSOL_G01,G,8/30/2026 11:41:00 AM,8/30/2026 11:45:00 AM,MIN_OPERATING_MW,80,
8/30/2026 11:40:00 AM,RTD,CLUZ,01BULACSOL_G01,G,8/30/2026 11:01:00 AM,8/30/2026 12:00:00 PM,MAX_OPERATING_MW,14.02,
8/30/2026 11:40:00 AM,RTD,CLUZ,01BULACSOL_G01,G,8/30/2026 11:01:00 AM,8/30/2026 12:00:00 PM,MIN_OPERATING_MW,14.02,
8/30/2026 11:40:00 AM,RTD,CLUZ,01CONSOL_G01,G,8/30/2026 11:36:00 AM,8/30/2026 11:40:00 AM,MAX_OPERATING_MW,38.40,
8/30/2026 11:40:00 AM,RTD,CLUZ,01CONSOL_G01,G,8/30/2026 11:36:00 AM,8/30/2026 11:40:00 AM,MIN_OPERATING_MW,38.40,
8/30/2026 11:40:00 AM,RTD,CLUZ,01CONSOL_G01,G,8/30/2026 11:41:00 AM,8/30/2026 11:45:00 AM,MAX_OPERATING_MW,37.39,
8/30/2026 11:40:00 AM,RTD,CLUZ,01CONSOL_G01,G,8/30/2026 11:41:00 AM,8/30/2026 11:45:00 AM,MIN_OPERATING_MW,37.39,
8/30/2026 11:40:00 AM,RTD,CLUZ,01PASBUSOL_G01,G,8/30/2026 11:01:00 AM,8/30/2026 12:00:00 PM,MAX_OPERATING_MW,43.43,
8/30/2026 11:40:00 AM,RTD,CLUZ,01PASBUSOL_G01,G,8/30/2026 11:01:00 AM,8/30/2026 12:00:00 PM,MIN_OPERATING_MW,43.43,
8/30/2026 11:40:00 AM,RTD,CLUZ,01TERRASOL_G01,G,8/30/2026 11:11:00 AM,8/30/2026 2:00:00 PM,MAX_OPERATING_MW,450,
8/30/2026 11:40:00 AM,RTD,CLUZ,01TERRASOL_G01,G,8/30/2026 11:11:00 AM,8/30/2026 2:00:00 PM,MIN_OPERATING_MW,450,
8/30/2026 11:40:00 AM,RTD,CLUZ,03LUNSOL_G01,G,8/30/2026 11:36:00 AM,8/30/2026 11:40:00 AM,MAX_OPERATING_MW,34.72,
8/30/2026 11:40:00 AM,RTD,CLUZ,03LUNSOL_G01,G,8/30/2026 11:36:00 AM,8/30/2026 11:40:00 AM,MIN_OPERATING_MW,34.72,
8/30/2026 11:40:00 AM,RTD,CLUZ,03LUNSOL_G01,G,8/30/2026 11:41:00 AM,8/30/2026 11:45:00 AM,MAX_OPERATING_MW,34.72,
8/30/2026 11:40:00 AM,RTD,CLUZ,03LUNSOL_G01,G,8/30/2026 11:41:00 AM,8/30/2026 11:45:00 AM,MIN_OPERATING_MW,34.72,
8/30/2026 11:40:00 AM,RTD,CLUZ,03TANWIND_G01,G,8/30/2026 11:36:00 AM,8/30/2026 11:40:00 AM,MAX_OPERATING_MW,6.70,
8/30/2026 11:40:00 AM,RTD,CLUZ,03TANWIND_G01,G,8/30/2026 11:36:00 AM,8/30/2026 11:40:00 AM,MIN_OPERATING_MW,6.70,
8/30/2026 11:40:00 AM,RTD,CLUZ,03TANWIND_G01,G,8/30/2026 11:41:00 AM,8/30/2026 11:45:00 AM,MAX_OPERATING_MW,6.70,
8/30/2026 11:40:00 AM,RTD,CLUZ,03TANWIND_G01,G,8/30/2026 11:41:00 AM,8/30/2026 11:45:00 AM,MIN_OPERATING_MW,6.70,
8/30/2026 11:40:00 AM,RTD,CVIS,04ISIDROSOL_G01,G,8/30/2026 11:01:00 AM,8/30/2026 12:00:00 PM,MAX_OPERATING_MW,96.30,
8/30/2026 11:40:00 AM,RTD,CVIS,04ISIDROSOL_G01,G,8/30/2026 11:01:00 AM,8/30/2026 12:00:00 PM,MIN_OPERATING_MW,96.30,
8/30/2026 11:40:00 AM,RTD,CVIS,08AJUYSOL_G01,G,8/30/2026 11:01:00 AM,8/30/2026 12:00:00 PM,MAX_OPERATING_MW,6.60,
8/30/2026 11:40:00 AM,RTD,CVIS,08AJUYSOL_G01,G,8/30/2026 11:01:00 AM,8/30/2026 12:00:00 PM,MIN_OPERATING_MW,6.60,
8/30/2026 11:40:00 AM,RTD,CVIS,08AJUYSOL_G02,G,8/30/2026 11:01:00 AM,8/30/2026 12:00:00 PM,MAX_OPERATING_MW,3.40,
8/30/2026 11:40:00 AM,RTD,CVIS,08AJUYSOL_G02,G,8/30/2026 11:01:00 AM,8/30/2026 12:00:00 PM,MIN_OPERATING_MW,3.40,
8/30/2026 11:40:00 AM,RTD,CMIN,10LIAN_G02,G,8/30/2026 12:05:00 AM,8/30/2026 11:59:00 PM,MAX_OPERATING_MW,6.60,
8/30/2026 11:40:00 AM,RTD,CMIN,10LIAN_G02,G,8/30/2026 12:05:00 AM,8/30/2026 11:59:00 PM,MIN_OPERATING_MW,6.60,
8/30/2026 11:40:00 AM,RTD,CMIN,14TANTASOL_G01,G,8/30/2026 11:01:00 AM,8/30/2026 12:00:00 PM,MAX_OPERATING_MW,50,
8/30/2026 11:40:00 AM,RTD,CMIN,14TANTASOL_G01,G,8/30/2026 11:01:00 AM,8/30/2026 12:00:00 PM,MIN_OPERATING_MW,50,
8/30/2026 11:45:00 AM,RTD,CLUZ,01BARBASOL_G01,G,8/30/2026 11:41:00 AM,8/30/2026 11:45:00 AM,MAX_OPERATING_MW,48.97,
8/30/2026 11:45:00 AM,RTD,CLUZ,01BARBASOL_G01,G,8/30/2026 11:41:00 AM,8/30/2026 11:45:00 AM,MIN_OPERATING_MW,48.97,
8/30/2026 11:45:00 AM,RTD,CLUZ,01BARBASOL_G01,G,8/30/2026 11:46:00 AM,8/30/2026 11:50:00 AM,MAX_OPERATING_MW,48.47,
8/30/2026 11:45:00 AM,RTD,CLUZ,01BARBASOL_G01,G,8/30/2026 11:46:00 AM,8/30/2026 11:50:00 AM,MIN_OPERATING_MW,48.47,
8/30/2026 11:45:00 AM,RTD,CLUZ,01BUGSOL_G01,G,8/30/2026 11:41:00 AM,8/30/2026 11:45:00 AM,MAX_OPERATING_MW,80,
8/30/2026 11:45:00 AM,RTD,CLUZ,01BUGSOL_G01,G,8/30/2026 11:41:00 AM,8/30/2026 11:45:00 AM,MIN_OPERATING_MW,80,
8/30/2026 11:45:00 AM,RTD,CLUZ,01BUGSOL_G01,G,8/30/2026 11:46:00 AM,8/30/2026 11:50:00 AM,MAX_OPERATING_MW,50,
8/30/2026 11:45:00 AM,RTD,CLUZ,01BUGSOL_G01,G,8/30/2026 11:46:00 AM,8/30/2026 11:50:00 AM,MIN_OPERATING_MW,50,
8/30/2026 11:45:00 AM,RTD,CLUZ,01BULACSOL_G01,G,8/30/2026 11:01:00 AM,8/30/2026 12:00:00 PM,MAX_OPERATING_MW,14.02,
8/30/2026 11:45:00 AM,RTD,CLUZ,01BULACSOL_G01,G,8/30/2026 11:01:00 AM,8/30/2026 12:00:00 PM,MIN_OPERATING_MW,14.02,
8/30/2026 11:45:00 AM,RTD,CLUZ,01CONSOL_G01,G,8/30/2026 11:41:00 AM,8/30/2026 11:45:00 AM,MAX_OPERATING_MW,37.39,
8/30/2026 11:45:00 AM,RTD,CLUZ,01CONSOL_G01,G,8/30/2026 11:41:00 AM,8/30/2026 11:45:00 AM,MIN_OPERATING_MW,37.39,
8/30/2026 11:45:00 AM,RTD,CLUZ,01CONSOL_G01,G,8/30/2026 11:46:00 AM,8/30/2026 11:50:00 AM,MAX_OPERATING_MW,36.51,
8/30/2026 11:45:00 AM,RTD,CLUZ,01CONSOL_G01,G,8/30/2026 11:46:00 AM,8/30/2026 11:50:00 AM,MIN_OPERATING_MW,36.51,
8/30/2026 11:45:00 AM,RTD,CLUZ,01PASBUSOL_G01,G,8/30/2026 11:01:00 AM,8/30/2026 12:00:00 PM,MAX_OPERATING_MW,43.43,
8/30/2026 11:45:00 AM,RTD,CLUZ,01PASBUSOL_G01,G,8/30/2026 11:01:00 AM,8/30/2026 12:00:00 PM,MIN_OPERATING_MW,43.43,
8/30/2026 11:45:00 AM,RTD,CLUZ,01TERRASOL_G01,G,8/30/2026 11:11:00 AM,8/30/2026 2:00:00 PM,MAX_OPERATING_MW,450,
8/30/2026 11:45:00 AM,RTD,CLUZ,01TERRASOL_G01,G,8/30/2026 11:11:00 AM,8/30/2026 2:00:00 PM,MIN_OPERATING_MW,450,
8/30/2026 11:45:00 AM,RTD,CLUZ,03LUNSOL_G01,G,8/30/2026 11:41:00 AM,8/30/2026 11:45:00 AM,MAX_OPERATING_MW,34.72,
8/30/2026 11:45:00 AM,RTD,CLUZ,03LUNSOL_G01,G,8/30/2026 11:41:00 AM,8/30/2026 11:45:00 AM,MIN_OPERATING_MW,34.72,
8/30/2026 11:45:00 AM,RTD,CLUZ,03LUNSOL_G01,G,8/30/2026 11:46:00 AM,8/30/2026 11:50:00 AM,MAX_OPERATING_MW,34.72,
8/30/2026 11:45:00 AM,RTD,CLUZ,03LUNSOL_G01,G,8/30/2026 11:46:00 AM,8/30/2026 11:50:00 AM,MIN_OPERATING_MW,34.72,
8/30/2026 11:45:00 AM,RTD,CLUZ,03TANWIND_G01,G,8/30/2026 11:41:00 AM,8/30/2026 11:45:00 AM,MAX_OPERATING_MW,6.70,
8/30/2026 11:45:00 AM,RTD,CLUZ,03TANWIND_G01,G,8/30/2026 11:41:00 AM,8/30/2026 11:45:00 AM,MIN_OPERATING_MW,6.70,
8/30/2026 11:45:00 AM,RTD,CLUZ,03TANWIND_G01,G,8/30/2026 11:46:00 AM,8/30/2026 11:50:00 AM,MAX_OPERATING_MW,6.70,
8/30/2026 11:45:00 AM,RTD,CLUZ,03TANWIND_G01,G,8/30/2026 11:46:00 AM,8/30/2026 11:50:00 AM,MIN_OPERATING_MW,6.70,
8/30/2026 11:45:00 AM,RTD,CVIS,04ISIDROSOL_G01,G,8/30/2026 11:01:00 AM,8/30/2026 12:00:00 PM,MAX_OPERATING_MW,96.30,
8/30/2026 11:45:00 AM,RTD,CVIS,04ISIDROSOL_G01,G,8/30/2026 11:01:00 AM,8/30/2026 12:00:00 PM,MIN_OPERATING_MW,96.30,
8/30/2026 11:45:00 AM,RTD,CVIS,08AJUYSOL_G01,G,8/30/2026 11:01:00 AM,8/30/2026 12:00:00 PM,MAX_OPERATING_MW,6.60,
8/30/2026 11:45:00 AM,RTD,CVIS,08AJUYSOL_G01,G,8/30/2026 11:01:00 AM,8/30/2026 12:00:00 PM,MIN_OPERATING_MW,6.60,
8/30/2026 11:45:00 AM,RTD,CVIS,08AJUYSOL_G02,G,8/30/2026 11:01:00 AM,8/30/2026 12:00:00 PM,MAX_OPERATING_MW,3.40,
8/30/2026 11:45:00 AM,RTD,CVIS,08AJUYSOL_G02,G,8/30/2026 11:01:00 AM,8/30/2026 12:00:00 PM,MIN_OPERATING_MW,3.40,
8/30/2026 11:45:00 AM,RTD,CMIN,10LIAN_G02,G,8/30/2026 12:05:00 AM,8/30/2026 11:59:00 PM,MAX_OPERATING_MW,6.60,
8/30/2026 11:45:00 AM,RTD,CMIN,10LIAN_G02,G,8/30/2026 12:05:00 AM,8/30/2026 11:59:00 PM,MIN_OPERATING_MW,6.60,
8/30/2026 11:45:00 AM,RTD,CMIN,14TANTASOL_G01,G,8/30/2026 11:01:00 AM,8/30/2026 12:00:00 PM,MAX_OPERATING_MW,50,
8/30/2026 11:45:00 AM,RTD,CMIN,14TANTASOL_G01,G,8/30/2026 11:01:00 AM,8/30/2026 12:00:00 PM,MIN_OPERATING_MW,50,
8/30/2026 11:50:00 AM,RTD,CLUZ,01BARBASOL_G01,G,8/30/2026 11:46:00 AM,8/30/2026 11:50:00 AM,MAX_OPERATING_MW,48.47,
8/30/2026 11:50:00 AM,RTD,CLUZ,01BARBASOL_G01,G,8/30/2026 11:46:00 AM,8/30/2026 11:50:00 AM,MIN_OPERATING_MW,48.47,
8/30/2026 11:50:00 AM,RTD,CLUZ,01BARBASOL_G01,G,8/30/2026 11:51:00 AM,8/30/2026 11:55:00 AM,MAX_OPERATING_MW,47.95,
8/30/2026 11:50:00 AM,RTD,CLUZ,01BARBASOL_G01,G,8/30/2026 11:51:00 AM,8/30/2026 11:55:00 AM,MIN_OPERATING_MW,47.95,
8/30/2026 11:50:00 AM,RTD,CLUZ,01BUGSOL_G01,G,8/30/2026 11:46:00 AM,8/30/2026 11:50:00 AM,MAX_OPERATING_MW,50,
8/30/2026 11:50:00 AM,RTD,CLUZ,01BUGSOL_G01,G,8/30/2026 11:46:00 AM,8/30/2026 11:50:00 AM,MIN_OPERATING_MW,50,
8/30/2026 11:50:00 AM,RTD,CLUZ,01BUGSOL_G01,G,8/30/2026 11:51:00 AM,8/30/2026 11:55:00 AM,MAX_OPERATING_MW,50,
8/30/2026 11:50:00 AM,RTD,CLUZ,01BUGSOL_G01,G,8/30/2026 11:51:00 AM,8/30/2026 11:55:00 AM,MIN_OPERATING_MW,50,
8/30/2026 11:50:00 AM,RTD,CLUZ,01BULACSOL_G01,G,8/30/2026 11:01:00 AM,8/30/2026 12:00:00 PM,MAX_OPERATING_MW,14.02,
8/30/2026 11:50:00 AM,RTD,CLUZ,01BULACSOL_G01,G,8/30/2026 11:01:00 AM,8/30/2026 12:00:00 PM,MIN_OPERATING_MW,14.02,
8/30/2026 11:50:00 AM,RTD,CLUZ,01CONSOL_G01,G,8/30/2026 11:46:00 AM,8/30/2026 11:50:00 AM,MAX_OPERATING_MW,36.51,
8/30/2026 11:50:00 AM,RTD,CLUZ,01CONSOL_G01,G,8/30/2026 11:46:00 AM,8/30/2026 11:50:00 AM,MIN_OPERATING_MW,36.51,
8/30/2026 11:50:00 AM,RTD,CLUZ,01CONSOL_G01,G,8/30/2026 11:51:00 AM,8/30/2026 11:55:00 AM,MAX_OPERATING_MW,35.80,
8/30/2026 11:50:00 AM,RTD,CLUZ,01CONSOL_G01,G,8/30/2026 11:51:00 AM,8/30/2026 11:55:00 AM,MIN_OPERATING_MW,35.80,
8/30/2026 11:50:00 AM,RTD,CLUZ,01PASBUSOL_G01,G,8/30/2026 11:01:00 AM,8/30/2026 12:00:00 PM,MAX_OPERATING_MW,43.43,
8/30/2026 11:50:00 AM,RTD,CLUZ,01PASBUSOL_G01,G,8/30/2026 11:01:00 AM,8/30/2026 12:00:00 PM,MIN_OPERATING_MW,43.43,
8/30/2026 11:50:00 AM,RTD,CLUZ,01TERRASOL_G01,G,8/30/2026 11:11:00 AM,8/30/2026 2:00:00 PM,MAX_OPERATING_MW,450,
8/30/2026 11:50:00 AM,RTD,CLUZ,01TERRASOL_G01,G,8/30/2026 11:11:00 AM,8/30/2026 2:00:00 PM,MIN_OPERATING_MW,450,
8/30/2026 11:50:00 AM,RTD,CLUZ,03LUNSOL_G01,G,8/30/2026 11:46:00 AM,8/30/2026 11:50:00 AM,MAX_OPERATING_MW,34.72,
8/30/2026 11:50:00 AM,RTD,CLUZ,03LUNSOL_G01,G,8/30/2026 11:46:00 AM,8/30/2026 11:50:00 AM,MIN_OPERATING_MW,34.72,
8/30/2026 11:50:00 AM,RTD,CLUZ,03LUNSOL_G01,G,8/30/2026 11:51:00 AM,8/30/2026 11:55:00 AM,MAX_OPERATING_MW,34.72,
8/30/2026 11:50:00 AM,RTD,CLUZ,03LUNSOL_G01,G,8/30/2026 11:51:00 AM,8/30/2026 11:55:00 AM,MIN_OPERATING_MW,34.72,
8/30/2026 11:50:00 AM,RTD,CLUZ,03TANWIND_G01,G,8/30/2026 11:46:00 AM,8/30/2026 11:50:00 AM,MAX_OPERATING_MW,6.70,
8/30/2026 11:50:00 AM,RTD,CLUZ,03TANWIND_G01,G,8/30/2026 11:46:00 AM,8/30/2026 11:50:00 AM,MIN_OPERATING_MW,6.70,
8/30/2026 11:50:00 AM,RTD,CLUZ,03TANWIND_G01,G,8/30/2026 11:51:00 AM,8/30/2026 11:55:00 AM,MAX_OPERATING_MW,6.70,
8/30/2026 11:50:00 AM,RTD,CLUZ,03TANWIND_G01,G,8/30/2026 11:51:00 AM,8/30/2026 11:55:00 AM,MIN_OPERATING_MW,6.70,
8/30/2026 11:50:00 AM,RTD,CVIS,04ISIDROSOL_G01,G,8/30/2026 11:01:00 AM,8/30/2026 12:00:00 PM,MAX_OPERATING_MW,96.30,
8/30/2026 11:50:00 AM,RTD,CVIS,04ISIDROSOL_G01,G,8/30/2026 11:01:00 AM,8/30/2026 12:00:00 PM,MIN_OPERATING_MW,96.30,
8/30/2026 11:50:00 AM,RTD,CVIS,08AJUYSOL_G01,G,8/30/2026 11:01:00 AM,8/30/2026 12:00:00 PM,MAX_OPERATING_MW,6.60,
8/30/2026 11:50:00 AM,RTD,CVIS,08AJUYSOL_G01,G,8/30/2026 11:01:00 AM,8/30/2026 12:00:00 PM,MIN_OPERATING_MW,6.60,
8/30/2026 11:50:00 AM,RTD,CVIS,08AJUYSOL_G02,G,8/30/2026 11:01:00 AM,8/30/2026 12:00:00 PM,MAX_OPERATING_MW,3.40,
8/30/2026 11:50:00 AM,RTD,CVIS,08AJUYSOL_G02,G,8/30/2026 11:01:00 AM,8/30/2026 12:00:00 PM,MIN_OPERATING_MW,3.40,
8/30/2026 11:50:00 AM,RTD,CMIN,10LIAN_G02,G,8/30/2026 12:05:00 AM,8/30/2026 11:59:00 PM,MAX_OPERATING_MW,6.60,
8/30/2026 11:50:00 AM,RTD,CMIN,10LIAN_G02,G,8/30/2026 12:05:00 AM,8/30/2026 11:59:00 PM,MIN_OPERATING_MW,6.60,
8/30/2026 11:50:00 AM,RTD,CMIN,14TANTASOL_G01,G,8/30/2026 11:01:00 AM,8/30/2026 12:00:00 PM,MAX_OPERATING_MW,50,
8/30/2026 11:50:00 AM,RTD,CMIN,14TANTASOL_G01,G,8/30/2026 11:01:00 AM,8/30/2026 12:00:00 PM,MIN_OPERATING_MW,50,
8/30/2026 11:55:00 AM,RTD,CLUZ,01BARBASOL_G01,G,8/30/2026 11:51:00 AM,8/30/2026 11:55:00 AM,MAX_OPERATING_MW,47.95,
8/30/2026 11:55:00 AM,RTD,CLUZ,01BARBASOL_G01,G,8/30/2026 11:51:00 AM,8/30/2026 11:55:00 AM,MIN_OPERATING_MW,47.95,
8/30/2026 11:55:00 AM,RTD,CLUZ,01BARBASOL_G01,G,8/30/2026 11:56:00 AM,8/30/2026 12:00:00 PM,MAX_OPERATING_MW,47.41,
8/30/2026 11:55:00 AM,RTD,CLUZ,01BARBASOL_G01,G,8/30/2026 11:56:00 AM,8/30/2026 12:00:00 PM,MIN_OPERATING_MW,47.41,
8/30/2026 11:55:00 AM,RTD,CLUZ,01BUGSOL_G01,G,8/30/2026 11:51:00 AM,8/30/2026 11:55:00 AM,MAX_OPERATING_MW,50,
8/30/2026 11:55:00 AM,RTD,CLUZ,01BUGSOL_G01,G,8/30/2026 11:51:00 AM,8/30/2026 11:55:00 AM,MIN_OPERATING_MW,50,
8/30/2026 11:55:00 AM,RTD,CLUZ,01BUGSOL_G01,G,8/30/2026 11:56:00 AM,8/30/2026 12:00:00 PM,MAX_OPERATING_MW,50,
8/30/2026 11:55:00 AM,RTD,CLUZ,01BUGSOL_G01,G,8/30/2026 11:56:00 AM,8/30/2026 12:00:00 PM,MIN_OPERATING_MW,50,
8/30/2026 11:55:00 AM,RTD,CLUZ,01BULACSOL_G01,G,8/30/2026 11:01:00 AM,8/30/2026 12:00:00 PM,MAX_OPERATING_MW,14.02,
8/30/2026 11:55:00 AM,RTD,CLUZ,01BULACSOL_G01,G,8/30/2026 11:01:00 AM,8/30/2026 12:00:00 PM,MIN_OPERATING_MW,14.02,
8/30/2026 11:55:00 AM,RTD,CLUZ,01CONSOL_G01,G,8/30/2026 11:51:00 AM,8/30/2026 11:55:00 AM,MAX_OPERATING_MW,35.80,
8/30/2026 11:55:00 AM,RTD,CLUZ,01CONSOL_G01,G,8/30/2026 11:51:00 AM,8/30/2026 11:55:00 AM,MIN_OPERATING_MW,35.80,
8/30/2026 11:55:00 AM,RTD,CLUZ,01CONSOL_G01,G,8/30/2026 11:56:00 AM,8/30/2026 12:00:00 PM,MAX_OPERATING_MW,35.30,
8/30/2026 11:55:00 AM,RTD,CLUZ,01CONSOL_G01,G,8/30/2026 11:56:00 AM,8/30/2026 12:00:00 PM,MIN_OPERATING_MW,35.30,
8/30/2026 11:55:00 AM,RTD,CLUZ,01PASBUSOL_G01,G,8/30/2026 11:01:00 AM,8/30/2026 12:00:00 PM,MAX_OPERATING_MW,43.43,
8/30/2026 11:55:00 AM,RTD,CLUZ,01PASBUSOL_G01,G,8/30/2026 11:01:00 AM,8/30/2026 12:00:00 PM,MIN_OPERATING_MW,43.43,
8/30/2026 11:55:00 AM,RTD,CLUZ,01TERRASOL_G01,G,8/30/2026 11:11:00 AM,8/30/2026 2:00:00 PM,MAX_OPERATING_MW,450,
8/30/2026 11:55:00 AM,RTD,CLUZ,01TERRASOL_G01,G,8/30/2026 11:11:00 AM,8/30/2026 2:00:00 PM,MIN_OPERATING_MW,450,
8/30/2026 11:55:00 AM,RTD,CLUZ,03LUNSOL_G01,G,8/30/2026 11:51:00 AM,8/30/2026 11:55:00 AM,MAX_OPERATING_MW,34.72,
8/30/2026 11:55:00 AM,RTD,CLUZ,03LUNSOL_G01,G,8/30/2026 11:51:00 AM,8/30/2026 11:55:00 AM,MIN_OPERATING_MW,34.72,
8/30/2026 11:55:00 AM,RTD,CLUZ,03LUNSOL_G01,G,8/30/2026 11:56:00 AM,8/30/2026 12:00:00 PM,MAX_OPERATING_MW,34.72,
8/30/2026 11:55:00 AM,RTD,CLUZ,03LUNSOL_G01,G,8/30/2026 11:56:00 AM,8/30/2026 12:00:00 PM,MIN_OPERATING_MW,34.72,
8/30/2026 11:55:00 AM,RTD,CLUZ,03TANWIND_G01,G,8/30/2026 11:51:00 AM,8/30/2026 11:55:00 AM,MAX_OPERATING_MW,6.70,
8/30/2026 11:55:00 AM,RTD,CLUZ,03TANWIND_G01,G,8/30/2026 11:51:00 AM,8/30/2026 11:55:00 AM,MIN_OPERATING_MW,6.70,
8/30/2026 11:55:00 AM,RTD,CLUZ,03TANWIND_G01,G,8/30/2026 11:56:00 AM,8/30/2026 12:00:00 PM,MAX_OPERATING_MW,6.70,
8/30/2026 11:55:00 AM,RTD,CLUZ,03TANWIND_G01,G,8/30/2026 11:56:00 AM,8/30/2026 12:00:00 PM,MIN_OPERATING_MW,6.70,
8/30/2026 11:55:00 AM,RTD,CVIS,04ISIDROSOL_G01,G,8/30/2026 11:01:00 AM,8/30/2026 12:00:00 PM,MAX_OPERATING_MW,96.30,
8/30/2026 11:55:00 AM,RTD,CVIS,04ISIDROSOL_G01,G,8/30/2026 11:01:00 AM,8/30/2026 12:00:00 PM,MIN_OPERATING_MW,96.30,
8/30/2026 11:55:00 AM,RTD,CVIS,08AJUYSOL_G01,G,8/30/2026 11:01:00 AM,8/30/2026 12:00:00 PM,MAX_OPERATING_MW,6.60,
8/30/2026 11:55:00 AM,RTD,CVIS,08AJUYSOL_G01,G,8/30/2026 11:01:00 AM,8/30/2026 12:00:00 PM,MIN_OPERATING_MW,6.60,
8/30/2026 11:55:00 AM,RTD,CVIS,08AJUYSOL_G02,G,8/30/2026 11:01:00 AM,8/30/2026 12:00:00 PM,MAX_OPERATING_MW,3.40,
8/30/2026 11:55:00 AM,RTD,CVIS,08AJUYSOL_G02,G,8/30/2026 11:01:00 AM,8/30/2026 12:00:00 PM,MIN_OPERATING_MW,3.40,
8/30/2026 11:55:00 AM,RTD,CMIN,10LIAN_G02,G,8/30/2026 12:05:00 AM,8/30/2026 11:59:00 PM,MAX_OPERATING_MW,6.60,
8/30/2026 11:55:00 AM,RTD,CMIN,10LIAN_G02,G,8/30/2026 12:05:00 AM,8/30/2026 11:59:00 PM,MIN_OPERATING_MW,6.60,
8/30/2026 11:55:00 AM,RTD,CMIN,14TANTASOL_G01,G,8/30/2026 11:01:00 AM,8/30/2026 12:00:00 PM,MAX_OPERATING_MW,50,
8/30/2026 11:55:00 AM,RTD,CMIN,14TANTASOL_G01,G,8/30/2026 11:01:00 AM,8/30/2026 12:00:00 PM,MIN_OPERATING_MW,50,
8/30/2026 12:00:00 PM,RTD,CLUZ,01BARBASOL_G01,G,8/30/2026 11:56:00 AM,8/30/2026 12:00:00 PM,MAX_OPERATING_MW,47.41,
8/30/2026 12:00:00 PM,RTD,CLUZ,01BARBASOL_G01,G,8/30/2026 11:56:00 AM,8/30/2026 12:00:00 PM,MIN_OPERATING_MW,47.41,
8/30/2026 12:00:00 PM,RTD,CLUZ,01BARBASOL_G01,G,8/30/2026 12:01:00 PM,8/30/2026 12:05:00 PM,MAX_OPERATING_MW,46.85,
8/30/2026 12:00:00 PM,RTD,CLUZ,01BARBASOL_G01,G,8/30/2026 12:01:00 PM,8/30/2026 12:05:00 PM,MIN_OPERATING_MW,46.85,
8/30/2026 12:00:00 PM,RTD,CLUZ,01BUGSOL_G01,G,8/30/2026 11:56:00 AM,8/30/2026 12:00:00 PM,MAX_OPERATING_MW,50,
8/30/2026 12:00:00 PM,RTD,CLUZ,01BUGSOL_G01,G,8/30/2026 11:56:00 AM,8/30/2026 12:00:00 PM,MIN_OPERATING_MW,50,
8/30/2026 12:00:00 PM,RTD,CLUZ,01BUGSOL_G01,G,8/30/2026 12:01:00 PM,8/30/2026 12:05:00 PM,MAX_OPERATING_MW,50,
8/30/2026 12:00:00 PM,RTD,CLUZ,01BUGSOL_G01,G,8/30/2026 12:01:00 PM,8/30/2026 12:05:00 PM,MIN_OPERATING_MW,50,
8/30/2026 12:00:00 PM,RTD,CLUZ,01BULACSOL_G01,G,8/30/2026 11:01:00 AM,8/30/2026 12:00:00 PM,MAX_OPERATING_MW,14.02,
8/30/2026 12:00:00 PM,RTD,CLUZ,01BULACSOL_G01,G,8/30/2026 11:01:00 AM,8/30/2026 12:00:00 PM,MIN_OPERATING_MW,14.02,
8/30/2026 12:00:00 PM,RTD,CLUZ,01BULACSOL_G01,G,8/30/2026 12:01:00 PM,8/30/2026 1:00:00 PM,MAX_OPERATING_MW,13.39,
8/30/2026 12:00:00 PM,RTD,CLUZ,01BULACSOL_G01,G,8/30/2026 12:01:00 PM,8/30/2026 1:00:00 PM,MIN_OPERATING_MW,13.39,
8/30/2026 12:00:00 PM,RTD,CLUZ,01CONSOL_G01,G,8/30/2026 11:56:00 AM,8/30/2026 12:00:00 PM,MAX_OPERATING_MW,35.30,
8/30/2026 12:00:00 PM,RTD,CLUZ,01CONSOL_G01,G,8/30/2026 11:56:00 AM,8/30/2026 12:00:00 PM,MIN_OPERATING_MW,35.30,
8/30/2026 12:00:00 PM,RTD,CLUZ,01CONSOL_G01,G,8/30/2026 12:01:00 PM,8/30/2026 12:05:00 PM,MAX_OPERATING_MW,35.20,
8/30/2026 12:00:00 PM,RTD,CLUZ,01CONSOL_G01,G,8/30/2026 12:01:00 PM,8/30/2026 12:05:00 PM,MIN_OPERATING_MW,35.20,
8/30/2026 12:00:00 PM,RTD,CLUZ,01PASBUSOL_G01,G,8/30/2026 11:01:00 AM,8/30/2026 12:00:00 PM,MAX_OPERATING_MW,43.43,
8/30/2026 12:00:00 PM,RTD,CLUZ,01PASBUSOL_G01,G,8/30/2026 11:01:00 AM,8/30/2026 12:00:00 PM,MIN_OPERATING_MW,43.43,
8/30/2026 12:00:00 PM,RTD,CLUZ,01PASBUSOL_G01,G,8/30/2026 12:01:00 PM,8/30/2026 1:00:00 PM,MAX_OPERATING_MW,43.30,
8/30/2026 12:00:00 PM,RTD,CLUZ,01PASBUSOL_G01,G,8/30/2026 12:01:00 PM,8/30/2026 1:00:00 PM,MIN_OPERATING_MW,43.30,
8/30/2026 12:00:00 PM,RTD,CLUZ,01TERRASOL_G01,G,8/30/2026 11:11:00 AM,8/30/2026 2:00:00 PM,MAX_OPERATING_MW,450,
8/30/2026 12:00:00 PM,RTD,CLUZ,01TERRASOL_G01,G,8/30/2026 11:11:00 AM,8/30/2026 2:00:00 PM,MIN_OPERATING_MW,450,
8/30/2026 12:00:00 PM,RTD,CLUZ,03LUNSOL_G01,G,8/30/2026 11:56:00 AM,8/30/2026 12:00:00 PM,MAX_OPERATING_MW,34.72,
8/30/2026 12:00:00 PM,RTD,CLUZ,03LUNSOL_G01,G,8/30/2026 11:56:00 AM,8/30/2026 12:00:00 PM,MIN_OPERATING_MW,34.72,
8/30/2026 12:00:00 PM,RTD,CLUZ,03LUNSOL_G01,G,8/30/2026 12:01:00 PM,8/30/2026 12:05:00 PM,MAX_OPERATING_MW,34.67,
8/30/2026 12:00:00 PM,RTD,CLUZ,03LUNSOL_G01,G,8/30/2026 12:01:00 PM,8/30/2026 12:05:00 PM,MIN_OPERATING_MW,34.67,
8/30/2026 12:00:00 PM,RTD,CLUZ,03TANWIND_G01,G,8/30/2026 11:56:00 AM,8/30/2026 12:00:00 PM,MAX_OPERATING_MW,6.70,
8/30/2026 12:00:00 PM,RTD,CLUZ,03TANWIND_G01,G,8/30/2026 11:56:00 AM,8/30/2026 12:00:00 PM,MIN_OPERATING_MW,6.70,
8/30/2026 12:00:00 PM,RTD,CLUZ,03TANWIND_G01,G,8/30/2026 12:01:00 PM,8/30/2026 12:05:00 PM,MAX_OPERATING_MW,6.70,
8/30/2026 12:00:00 PM,RTD,CLUZ,03TANWIND_G01,G,8/30/2026 12:01:00 PM,8/30/2026 12:05:00 PM,MIN_OPERATING_MW,6.70,
8/30/2026 12:00:00 PM,RTD,CVIS,04ISIDROSOL_G01,G,8/30/2026 11:01:00 AM,8/30/2026 12:00:00 PM,MAX_OPERATING_MW,96.30,
8/30/2026 12:00:00 PM,RTD,CVIS,04ISIDROSOL_G01,G,8/30/2026 11:01:00 AM,8/30/2026 12:00:00 PM,MIN_OPERATING_MW,96.30,
8/30/2026 12:00:00 PM,RTD,CVIS,04ISIDROSOL_G01,G,8/30/2026 12:01:00 PM,8/30/2026 1:00:00 PM,MAX_OPERATING_MW,98.30,
8/30/2026 12:00:00 PM,RTD,CVIS,04ISIDROSOL_G01,G,8/30/2026 12:01:00 PM,8/30/2026 1:00:00 PM,MIN_OPERATING_MW,98.30,
8/30/2026 12:00:00 PM,RTD,CVIS,08AJUYSOL_G01,G,8/30/2026 11:01:00 AM,8/30/2026 12:00:00 PM,MAX_OPERATING_MW,6.60,
8/30/2026 12:00:00 PM,RTD,CVIS,08AJUYSOL_G01,G,8/30/2026 11:01:00 AM,8/30/2026 12:00:00 PM,MIN_OPERATING_MW,6.60,
8/30/2026 12:00:00 PM,RTD,CVIS,08AJUYSOL_G01,G,8/30/2026 12:01:00 PM,8/30/2026 1:00:00 PM,MAX_OPERATING_MW,6.60,
8/30/2026 12:00:00 PM,RTD,CVIS,08AJUYSOL_G01,G,8/30/2026 12:01:00 PM,8/30/2026 1:00:00 PM,MIN_OPERATING_MW,6.60,
8/30/2026 12:00:00 PM,RTD,CVIS,08AJUYSOL_G02,G,8/30/2026 11:01:00 AM,8/30/2026 12:00:00 PM,MAX_OPERATING_MW,3.40,
8/30/2026 12:00:00 PM,RTD,CVIS,08AJUYSOL_G02,G,8/30/2026 11:01:00 AM,8/30/2026 12:00:00 PM,MIN_OPERATING_MW,3.40,
8/30/2026 12:00:00 PM,RTD,CVIS,08AJUYSOL_G02,G,8/30/2026 12:01:00 PM,8/30/2026 1:00:00 PM,MAX_OPERATING_MW,3.40,
8/30/2026 12:00:00 PM,RTD,CVIS,08AJUYSOL_G02,G,8/30/2026 12:01:00 PM,8/30/2026 1:00:00 PM,MIN_OPERATING_MW,3.40,
8/30/2026 12:00:00 PM,RTD,CMIN,10LIAN_G02,G,8/30/2026 12:05:00 AM,8/30/2026 11:59:00 PM,MAX_OPERATING_MW,6.60,
8/30/2026 12:00:00 PM,RTD,CMIN,10LIAN_G02,G,8/30/2026 12:05:00 AM,8/30/2026 11:59:00 PM,MIN_OPERATING_MW,6.60,
8/30/2026 12:00:00 PM,RTD,CMIN,14TANTASOL_G01,G,8/30/2026 11:01:00 AM,8/30/2026 12:00:00 PM,MAX_OPERATING_MW,50,
8/30/2026 12:00:00 PM,RTD,CMIN,14TANTASOL_G01,G,8/30/2026 11:01:00 AM,8/30/2026 12:00:00 PM,MIN_OPERATING_MW,50,
8/30/2026 12:00:00 PM,RTD,CMIN,14TANTASOL_G01,G,8/30/2026 12:01:00 PM,8/30/2026 1:00:00 PM,MAX_OPERATING_MW,50,
8/30/2026 12:00:00 PM,RTD,CMIN,14TANTASOL_G01,G,8/30/2026 12:01:00 PM,8/30/2026 1:00:00 PM,MIN_OPERATING_MW,50,
8/30/2026 12:05:00 PM,RTD,CLUZ,01BARBASOL_G01,G,8/30/2026 12:01:00 PM,8/30/2026 12:05:00 PM,MAX_OPERATING_MW,46.85,
8/30/2026 12:05:00 PM,RTD,CLUZ,01BARBASOL_G01,G,8/30/2026 12:01:00 PM,8/30/2026 12:05:00 PM,MIN_OPERATING_MW,46.85,
8/30/2026 12:05:00 PM,RTD,CLUZ,01BARBASOL_G01,G,8/30/2026 12:06:00 PM,8/30/2026 12:10:00 PM,MAX_OPERATING_MW,46.28,
8/30/2026 12:05:00 PM,RTD,CLUZ,01BARBASOL_G01,G,8/30/2026 12:06:00 PM,8/30/2026 12:10:00 PM,MIN_OPERATING_MW,46.28,
8/30/2026 12:05:00 PM,RTD,CLUZ,01BUGSOL_G01,G,8/30/2026 12:01:00 PM,8/30/2026 12:05:00 PM,MAX_OPERATING_MW,50,
8/30/2026 12:05:00 PM,RTD,CLUZ,01BUGSOL_G01,G,8/30/2026 12:01:00 PM,8/30/2026 12:05:00 PM,MIN_OPERATING_MW,50,
8/30/2026 12:05:00 PM,RTD,CLUZ,01BUGSOL_G01,G,8/30/2026 12:06:00 PM,8/30/2026 12:10:00 PM,MAX_OPERATING_MW,30,
8/30/2026 12:05:00 PM,RTD,CLUZ,01BUGSOL_G01,G,8/30/2026 12:06:00 PM,8/30/2026 12:10:00 PM,MIN_OPERATING_MW,30,
8/30/2026 12:05:00 PM,RTD,CLUZ,01BULACSOL_G01,G,8/30/2026 12:01:00 PM,8/30/2026 1:00:00 PM,MAX_OPERATING_MW,13.39,
8/30/2026 12:05:00 PM,RTD,CLUZ,01BULACSOL_G01,G,8/30/2026 12:01:00 PM,8/30/2026 1:00:00 PM,MIN_OPERATING_MW,13.39,
8/30/2026 12:05:00 PM,RTD,CLUZ,01CONSOL_G01,G,8/30/2026 12:01:00 PM,8/30/2026 12:05:00 PM,MAX_OPERATING_MW,35.20,
8/30/2026 12:05:00 PM,RTD,CLUZ,01CONSOL_G01,G,8/30/2026 12:01:00 PM,8/30/2026 12:05:00 PM,MIN_OPERATING_MW,35.20,
8/30/2026 12:05:00 PM,RTD,CLUZ,01CONSOL_G01,G,8/30/2026 12:06:00 PM,8/30/2026 12:10:00 PM,MAX_OPERATING_MW,35.47,
8/30/2026 12:05:00 PM,RTD,CLUZ,01CONSOL_G01,G,8/30/2026 12:06:00 PM,8/30/2026 12:10:00 PM,MIN_OPERATING_MW,35.47,
8/30/2026 12:05:00 PM,RTD,CLUZ,01PASBUSOL_G01,G,8/30/2026 12:01:00 PM,8/30/2026 1:00:00 PM,MAX_OPERATING_MW,43.30,
8/30/2026 12:05:00 PM,RTD,CLUZ,01PASBUSOL_G01,G,8/30/2026 12:01:00 PM,8/30/2026 1:00:00 PM,MIN_OPERATING_MW,43.30,
8/30/2026 12:05:00 PM,RTD,CLUZ,01TERRASOL_G01,G,8/30/2026 11:11:00 AM,8/30/2026 2:00:00 PM,MAX_OPERATING_MW,450,
8/30/2026 12:05:00 PM,RTD,CLUZ,01TERRASOL_G01,G,8/30/2026 11:11:00 AM,8/30/2026 2:00:00 PM,MIN_OPERATING_MW,450,
8/30/2026 12:05:00 PM,RTD,CLUZ,03LUNSOL_G01,G,8/30/2026 12:01:00 PM,8/30/2026 12:05:00 PM,MAX_OPERATING_MW,34.67,
8/30/2026 12:05:00 PM,RTD,CLUZ,03LUNSOL_G01,G,8/30/2026 12:01:00 PM,8/30/2026 12:05:00 PM,MIN_OPERATING_MW,34.67,
8/30/2026 12:05:00 PM,RTD,CLUZ,03LUNSOL_G01,G,8/30/2026 12:06:00 PM,8/30/2026 12:10:00 PM,MAX_OPERATING_MW,34.54,
8/30/2026 12:05:00 PM,RTD,CLUZ,03LUNSOL_G01,G,8/30/2026 12:06:00 PM,8/30/2026 12:10:00 PM,MIN_OPERATING_MW,34.54,
8/30/2026 12:05:00 PM,RTD,CLUZ,03TANWIND_G01,G,8/30/2026 12:01:00 PM,8/30/2026 12:05:00 PM,MAX_OPERATING_MW,6.70,
8/30/2026 12:05:00 PM,RTD,CLUZ,03TANWIND_G01,G,8/30/2026 12:01:00 PM,8/30/2026 12:05:00 PM,MIN_OPERATING_MW,6.70,
8/30/2026 12:05:00 PM,RTD,CLUZ,03TANWIND_G01,G,8/30/2026 12:06:00 PM,8/30/2026 12:10:00 PM,MAX_OPERATING_MW,6.70,
8/30/2026 12:05:00 PM,RTD,CLUZ,03TANWIND_G01,G,8/30/2026 12:06:00 PM,8/30/2026 12:10:00 PM,MIN_OPERATING_MW,6.70,
8/30/2026 12:05:00 PM,RTD,CVIS,04ISIDROSOL_G01,G,8/30/2026 12:01:00 PM,8/30/2026 1:00:00 PM,MAX_OPERATING_MW,98.30,
8/30/2026 12:05:00 PM,RTD,CVIS,04ISIDROSOL_G01,G,8/30/2026 12:01:00 PM,8/30/2026 1:00:00 PM,MIN_OPERATING_MW,98.30,
8/30/2026 12:05:00 PM,RTD,CVIS,08AJUYSOL_G01,G,8/30/2026 12:01:00 PM,8/30/2026 1:00:00 PM,MAX_OPERATING_MW,6.60,
8/30/2026 12:05:00 PM,RTD,CVIS,08AJUYSOL_G01,G,8/30/2026 12:01:00 PM,8/30/2026 1:00:00 PM,MIN_OPERATING_MW,6.60,
8/30/2026 12:05:00 PM,RTD,CVIS,08AJUYSOL_G02,G,8/30/2026 12:01:00 PM,8/30/2026 1:00:00 PM,MAX_OPERATING_MW,3.40,
8/30/2026 12:05:00 PM,RTD,CVIS,08AJUYSOL_G02,G,8/30/2026 12:01:00 PM,8/30/2026 1:00:00 PM,MIN_OPERATING_MW,3.40,
8/30/2026 12:05:00 PM,RTD,CMIN,10LIAN_G02,G,8/30/2026 12:05:00 AM,8/30/2026 11:59:00 PM,MAX_OPERATING_MW,6.60,
8/30/2026 12:05:00 PM,RTD,CMIN,10LIAN_G02,G,8/30/2026 12:05:00 AM,8/30/2026 11:59:00 PM,MIN_OPERATING_MW,6.60,
8/30/2026 12:05:00 PM,RTD,CMIN,14TANTASOL_G01,G,8/30/2026 12:01:00 PM,8/30/2026 1:00:00 PM,MAX_OPERATING_MW,50,
8/30/2026 12:05:00 PM,RTD,CMIN,14TANTASOL_G01,G,8/30/2026 12:01:00 PM,8/30/2026 1:00:00 PM,MIN_OPERATING_MW,50,
8/30/2026 12:10:00 PM,RTD,CLUZ,01BARBASOL_G01,G,8/30/2026 12:06:00 PM,8/30/2026 12:10:00 PM,MAX_OPERATING_MW,46.28,
8/30/2026 12:10:00 PM,RTD,CLUZ,01BARBASOL_G01,G,8/30/2026 12:06:00 PM,8/30/2026 12:10:00 PM,MIN_OPERATING_MW,46.28,
8/30/2026 12:10:00 PM,RTD,CLUZ,01BARBASOL_G01,G,8/30/2026 12:11:00 PM,8/30/2026 12:15:00 PM,MAX_OPERATING_MW,45.64,
8/30/2026 12:10:00 PM,RTD,CLUZ,01BARBASOL_G01,G,8/30/2026 12:11:00 PM,8/30/2026 12:15:00 PM,MIN_OPERATING_MW,45.64,
8/30/2026 12:10:00 PM,RTD,CLUZ,01BUGSOL_G01,G,8/30/2026 12:06:00 PM,8/30/2026 12:10:00 PM,MAX_OPERATING_MW,30,
8/30/2026 12:10:00 PM,RTD,CLUZ,01BUGSOL_G01,G,8/30/2026 12:06:00 PM,8/30/2026 12:10:00 PM,MIN_OPERATING_MW,30,
8/30/2026 12:10:00 PM,RTD,CLUZ,01BUGSOL_G01,G,8/30/2026 12:11:00 PM,8/30/2026 12:15:00 PM,MAX_OPERATING_MW,30,
8/30/2026 12:10:00 PM,RTD,CLUZ,01BUGSOL_G01,G,8/30/2026 12:11:00 PM,8/30/2026 12:15:00 PM,MIN_OPERATING_MW,30,
8/30/2026 12:10:00 PM,RTD,CLUZ,01BULACSOL_G01,G,8/30/2026 12:01:00 PM,8/30/2026 1:00:00 PM,MAX_OPERATING_MW,13.39,
8/30/2026 12:10:00 PM,RTD,CLUZ,01BULACSOL_G01,G,8/30/2026 12:01:00 PM,8/30/2026 1:00:00 PM,MIN_OPERATING_MW,13.39,
8/30/2026 12:10:00 PM,RTD,CLUZ,01CONSOL_G01,G,8/30/2026 12:06:00 PM,8/30/2026 12:10:00 PM,MAX_OPERATING_MW,35.47,
8/30/2026 12:10:00 PM,RTD,CLUZ,01CONSOL_G01,G,8/30/2026 12:06:00 PM,8/30/2026 12:10:00 PM,MIN_OPERATING_MW,35.47,
8/30/2026 12:10:00 PM,RTD,CLUZ,01CONSOL_G01,G,8/30/2026 12:11:00 PM,8/30/2026 12:15:00 PM,MAX_OPERATING_MW,35.93,
8/30/2026 12:10:00 PM,RTD,CLUZ,01CONSOL_G01,G,8/30/2026 12:11:00 PM,8/30/2026 12:15:00 PM,MIN_OPERATING_MW,35.93,
8/30/2026 12:10:00 PM,RTD,CLUZ,01PASBUSOL_G01,G,8/30/2026 12:01:00 PM,8/30/2026 1:00:00 PM,MAX_OPERATING_MW,43.30,
8/30/2026 12:10:00 PM,RTD,CLUZ,01PASBUSOL_G01,G,8/30/2026 12:01:00 PM,8/30/2026 1:00:00 PM,MIN_OPERATING_MW,43.30,
8/30/2026 12:10:00 PM,RTD,CLUZ,01TERRASOL_G01,G,8/30/2026 11:11:00 AM,8/30/2026 2:00:00 PM,MAX_OPERATING_MW,450,
8/30/2026 12:10:00 PM,RTD,CLUZ,01TERRASOL_G01,G,8/30/2026 11:11:00 AM,8/30/2026 2:00:00 PM,MIN_OPERATING_MW,450,
8/30/2026 12:10:00 PM,RTD,CLUZ,03LUNSOL_G01,G,8/30/2026 12:06:00 PM,8/30/2026 12:10:00 PM,MAX_OPERATING_MW,34.54,
8/30/2026 12:10:00 PM,RTD,CLUZ,03LUNSOL_G01,G,8/30/2026 12:06:00 PM,8/30/2026 12:10:00 PM,MIN_OPERATING_MW,34.54,
8/30/2026 12:10:00 PM,RTD,CLUZ,03LUNSOL_G01,G,8/30/2026 12:11:00 PM,8/30/2026 12:15:00 PM,MAX_OPERATING_MW,34.40,
8/30/2026 12:10:00 PM,RTD,CLUZ,03LUNSOL_G01,G,8/30/2026 12:11:00 PM,8/30/2026 12:15:00 PM,MIN_OPERATING_MW,34.40,
8/30/2026 12:10:00 PM,RTD,CLUZ,03TANWIND_G01,G,8/30/2026 12:06:00 PM,8/30/2026 12:10:00 PM,MAX_OPERATING_MW,6.70,
8/30/2026 12:10:00 PM,RTD,CLUZ,03TANWIND_G01,G,8/30/2026 12:06:00 PM,8/30/2026 12:10:00 PM,MIN_OPERATING_MW,6.70,
8/30/2026 12:10:00 PM,RTD,CLUZ,03TANWIND_G01,G,8/30/2026 12:11:00 PM,8/30/2026 12:15:00 PM,MAX_OPERATING_MW,6.70,
8/30/2026 12:10:00 PM,RTD,CLUZ,03TANWIND_G01,G,8/30/2026 12:11:00 PM,8/30/2026 12:15:00 PM,MIN_OPERATING_MW,6.70,
8/30/2026 12:10:00 PM,RTD,CVIS,04ISIDROSOL_G01,G,8/30/2026 12:01:00 PM,8/30/2026 1:00:00 PM,MAX_OPERATING_MW,98.30,
8/30/2026 12:10:00 PM,RTD,CVIS,04ISIDROSOL_G01,G,8/30/2026 12:01:00 PM,8/30/2026 1:00:00 PM,MIN_OPERATING_MW,98.30,
8/30/2026 12:10:00 PM,RTD,CVIS,08AJUYSOL_G01,G,8/30/2026 12:01:00 PM,8/30/2026 1:00:00 PM,MAX_OPERATING_MW,6.60,
8/30/2026 12:10:00 PM,RTD,CVIS,08AJUYSOL_G01,G,8/30/2026 12:01:00 PM,8/30/2026 1:00:00 PM,MIN_OPERATING_MW,6.60,
8/30/2026 12:10:00 PM,RTD,CVIS,08AJUYSOL_G02,G,8/30/2026 12:01:00 PM,8/30/2026 1:00:00 PM,MAX_OPERATING_MW,3.40,
8/30/2026 12:10:00 PM,RTD,CVIS,08AJUYSOL_G02,G,8/30/2026 12:01:00 PM,8/30/2026 1:00:00 PM,MIN_OPERATING_MW,3.40,
8/30/2026 12:10:00 PM,RTD,CMIN,10LIAN_G02,G,8/30/2026 12:05:00 AM,8/30/2026 11:59:00 PM,MAX_OPERATING_MW,6.60,
8/30/2026 12:10:00 PM,RTD,CMIN,10LIAN_G02,G,8/30/2026 12:05:00 AM,8/30/2026 11:59:00 PM,MIN_OPERATING_MW,6.60,
8/30/2026 12:10:00 PM,RTD,CMIN,14TANTASOL_G01,G,8/30/2026 12:01:00 PM,8/30/2026 1:00:00 PM,MAX_OPERATING_MW,50,
8/30/2026 12:10:00 PM,RTD,CMIN,14TANTASOL_G01,G,8/30/2026 12:01:00 PM,8/30/2026 1:00:00 PM,MIN_OPERATING_MW,50,
8/30/2026 12:15:00 PM,RTD,CLUZ,01BARBASOL_G01,G,8/30/2026 12:11:00 PM,8/30/2026 12:15:00 PM,MAX_OPERATING_MW,45.64,
8/30/2026 12:15:00 PM,RTD,CLUZ,01BARBASOL_G01,G,8/30/2026 12:11:00 PM,8/30/2026 12:15:00 PM,MIN_OPERATING_MW,45.64,
8/30/2026 12:15:00 PM,RTD,CLUZ,01BARBASOL_G01,G,8/30/2026 12:16:00 PM,8/30/2026 12:20:00 PM,MAX_OPERATING_MW,44.94,
8/30/2026 12:15:00 PM,RTD,CLUZ,01BARBASOL_G01,G,8/30/2026 12:16:00 PM,8/30/2026 12:20:00 PM,MIN_OPERATING_MW,44.94,
8/30/2026 12:15:00 PM,RTD,CLUZ,01BUGSOL_G01,G,8/30/2026 12:11:00 PM,8/30/2026 12:15:00 PM,MAX_OPERATING_MW,30,
8/30/2026 12:15:00 PM,RTD,CLUZ,01BUGSOL_G01,G,8/30/2026 12:11:00 PM,8/30/2026 12:15:00 PM,MIN_OPERATING_MW,30,
8/30/2026 12:15:00 PM,RTD,CLUZ,01BUGSOL_G01,G,8/30/2026 12:16:00 PM,8/30/2026 12:20:00 PM,MAX_OPERATING_MW,30,
8/30/2026 12:15:00 PM,RTD,CLUZ,01BUGSOL_G01,G,8/30/2026 12:16:00 PM,8/30/2026 12:20:00 PM,MIN_OPERATING_MW,30,
8/30/2026 12:15:00 PM,RTD,CLUZ,01BULACSOL_G01,G,8/30/2026 12:01:00 PM,8/30/2026 1:00:00 PM,MAX_OPERATING_MW,13.39,
8/30/2026 12:15:00 PM,RTD,CLUZ,01BULACSOL_G01,G,8/30/2026 12:01:00 PM,8/30/2026 1:00:00 PM,MIN_OPERATING_MW,13.39,
8/30/2026 12:15:00 PM,RTD,CLUZ,01CONSOL_G01,G,8/30/2026 12:11:00 PM,8/30/2026 12:15:00 PM,MAX_OPERATING_MW,35.93,
8/30/2026 12:15:00 PM,RTD,CLUZ,01CONSOL_G01,G,8/30/2026 12:11:00 PM,8/30/2026 12:15:00 PM,MIN_OPERATING_MW,35.93,
8/30/2026 12:15:00 PM,RTD,CLUZ,01CONSOL_G01,G,8/30/2026 12:16:00 PM,8/30/2026 12:20:00 PM,MAX_OPERATING_MW,36.53,
8/30/2026 12:15:00 PM,RTD,CLUZ,01CONSOL_G01,G,8/30/2026 12:16:00 PM,8/30/2026 12:20:00 PM,MIN_OPERATING_MW,36.53,
8/30/2026 12:15:00 PM,RTD,CLUZ,01PASBUSOL_G01,G,8/30/2026 12:01:00 PM,8/30/2026 1:00:00 PM,MAX_OPERATING_MW,43.30,
8/30/2026 12:15:00 PM,RTD,CLUZ,01PASBUSOL_G01,G,8/30/2026 12:01:00 PM,8/30/2026 1:00:00 PM,MIN_OPERATING_MW,43.30,
8/30/2026 12:15:00 PM,RTD,CLUZ,01TERRASOL_G01,G,8/30/2026 11:11:00 AM,8/30/2026 2:00:00 PM,MAX_OPERATING_MW,450,
8/30/2026 12:15:00 PM,RTD,CLUZ,01TERRASOL_G01,G,8/30/2026 11:11:00 AM,8/30/2026 2:00:00 PM,MIN_OPERATING_MW,450,
8/30/2026 12:15:00 PM,RTD,CLUZ,03LUNSOL_G01,G,8/30/2026 12:11:00 PM,8/30/2026 12:15:00 PM,MAX_OPERATING_MW,34.40,
8/30/2026 12:15:00 PM,RTD,CLUZ,03LUNSOL_G01,G,8/30/2026 12:11:00 PM,8/30/2026 12:15:00 PM,MIN_OPERATING_MW,34.40,
8/30/2026 12:15:00 PM,RTD,CLUZ,03LUNSOL_G01,G,8/30/2026 12:16:00 PM,8/30/2026 12:20:00 PM,MAX_OPERATING_MW,34.24,
8/30/2026 12:15:00 PM,RTD,CLUZ,03LUNSOL_G01,G,8/30/2026 12:16:00 PM,8/30/2026 12:20:00 PM,MIN_OPERATING_MW,34.24,
8/30/2026 12:15:00 PM,RTD,CLUZ,03TANWIND_G01,G,8/30/2026 12:11:00 PM,8/30/2026 12:15:00 PM,MAX_OPERATING_MW,6.70,
8/30/2026 12:15:00 PM,RTD,CLUZ,03TANWIND_G01,G,8/30/2026 12:11:00 PM,8/30/2026 12:15:00 PM,MIN_OPERATING_MW,6.70,
8/30/2026 12:15:00 PM,RTD,CLUZ,03TANWIND_G01,G,8/30/2026 12:16:00 PM,8/30/2026 12:20:00 PM,MAX_OPERATING_MW,6.70,
8/30/2026 12:15:00 PM,RTD,CLUZ,03TANWIND_G01,G,8/30/2026 12:16:00 PM,8/30/2026 12:20:00 PM,MIN_OPERATING_MW,6.70,
8/30/2026 12:15:00 PM,RTD,CVIS,04ISIDROSOL_G01,G,8/30/2026 12:01:00 PM,8/30/2026 1:00:00 PM,MAX_OPERATING_MW,98.30,
8/30/2026 12:15:00 PM,RTD,CVIS,04ISIDROSOL_G01,G,8/30/2026 12:01:00 PM,8/30/2026 1:00:00 PM,MIN_OPERATING_MW,98.30,
8/30/2026 12:15:00 PM,RTD,CVIS,08AJUYSOL_G01,G,8/30/2026 12:01:00 PM,8/30/2026 1:00:00 PM,MAX_OPERATING_MW,6.60,
8/30/2026 12:15:00 PM,RTD,CVIS,08AJUYSOL_G01,G,8/30/2026 12:01:00 PM,8/30/2026 1:00:00 PM,MIN_OPERATING_MW,6.60,
8/30/2026 12:15:00 PM,RTD,CVIS,08AJUYSOL_G02,G,8/30/2026 12:01:00 PM,8/30/2026 1:00:00 PM,MAX_OPERATING_MW,3.40,
8/30/2026 12:15:00 PM,RTD,CVIS,08AJUYSOL_G02,G,8/30/2026 12:01:00 PM,8/30/2026 1:00:00 PM,MIN_OPERATING_MW,3.40,
8/30/2026 12:15:00 PM,RTD,CMIN,10LIAN_G02,G,8/30/2026 12:05:00 AM,8/30/2026 11:59:00 PM,MAX_OPERATING_MW,6.60,
8/30/2026 12:15:00 PM,RTD,CMIN,10LIAN_G02,G,8/30/2026 12:05:00 AM,8/30/2026 11:59:00 PM,MIN_OPERATING_MW,6.60,
8/30/2026 12:15:00 PM,RTD,CMIN,14TANTASOL_G01,G,8/30/2026 12:01:00 PM,8/30/2026 1:00:00 PM,MAX_OPERATING_MW,50,
8/30/2026 12:15:00 PM,RTD,CMIN,14TANTASOL_G01,G,8/30/2026 12:01:00 PM,8/30/2026 1:00:00 PM,MIN_OPERATING_MW,50,
8/30/2026 12:20:00 PM,RTD,CLUZ,01BARBASOL_G01,G,8/30/2026 12:16:00 PM,8/30/2026 12:20:00 PM,MAX_OPERATING_MW,44.94,
8/30/2026 12:20:00 PM,RTD,CLUZ,01BARBASOL_G01,G,8/30/2026 12:16:00 PM,8/30/2026 12:20:00 PM,MIN_OPERATING_MW,44.94,
8/30/2026 12:20:00 PM,RTD,CLUZ,01BARBASOL_G01,G,8/30/2026 12:21:00 PM,8/30/2026 12:25:00 PM,MAX_OPERATING_MW,44.18,
8/30/2026 12:20:00 PM,RTD,CLUZ,01BARBASOL_G01,G,8/30/2026 12:21:00 PM,8/30/2026 12:25:00 PM,MIN_OPERATING_MW,44.18,
8/30/2026 12:20:00 PM,RTD,CLUZ,01BUGSOL_G01,G,8/30/2026 12:16:00 PM,8/30/2026 12:20:00 PM,MAX_OPERATING_MW,30,
8/30/2026 12:20:00 PM,RTD,CLUZ,01BUGSOL_G01,G,8/30/2026 12:16:00 PM,8/30/2026 12:20:00 PM,MIN_OPERATING_MW,30,
8/30/2026 12:20:00 PM,RTD,CLUZ,01BUGSOL_G01,G,8/30/2026 12:21:00 PM,8/30/2026 12:25:00 PM,MAX_OPERATING_MW,30,
8/30/2026 12:20:00 PM,RTD,CLUZ,01BUGSOL_G01,G,8/30/2026 12:21:00 PM,8/30/2026 12:25:00 PM,MIN_OPERATING_MW,30,
8/30/2026 12:20:00 PM,RTD,CLUZ,01BULACSOL_G01,G,8/30/2026 12:01:00 PM,8/30/2026 1:00:00 PM,MAX_OPERATING_MW,13.39,
8/30/2026 12:20:00 PM,RTD,CLUZ,01BULACSOL_G01,G,8/30/2026 12:01:00 PM,8/30/2026 1:00:00 PM,MIN_OPERATING_MW,13.39,
8/30/2026 12:20:00 PM,RTD,CLUZ,01CONSOL_G01,G,8/30/2026 12:16:00 PM,8/30/2026 12:20:00 PM,MAX_OPERATING_MW,36.53,
8/30/2026 12:20:00 PM,RTD,CLUZ,01CONSOL_G01,G,8/30/2026 12:16:00 PM,8/30/2026 12:20:00 PM,MIN_OPERATING_MW,36.53,
8/30/2026 12:20:00 PM,RTD,CLUZ,01CONSOL_G01,G,8/30/2026 12:21:00 PM,8/30/2026 12:25:00 PM,MAX_OPERATING_MW,37.23,
8/30/2026 12:20:00 PM,RTD,CLUZ,01CONSOL_G01,G,8/30/2026 12:21:00 PM,8/30/2026 12:25:00 PM,MIN_OPERATING_MW,37.23,
8/30/2026 12:20:00 PM,RTD,CLUZ,01PASBUSOL_G01,G,8/30/2026 12:01:00 PM,8/30/2026 1:00:00 PM,MAX_OPERATING_MW,43.30,
8/30/2026 12:20:00 PM,RTD,CLUZ,01PASBUSOL_G01,G,8/30/2026 12:01:00 PM,8/30/2026 1:00:00 PM,MIN_OPERATING_MW,43.30,
8/30/2026 12:20:00 PM,RTD,CLUZ,01TERRASOL_G01,G,8/30/2026 11:11:00 AM,8/30/2026 2:00:00 PM,MAX_OPERATING_MW,450,
8/30/2026 12:20:00 PM,RTD,CLUZ,01TERRASOL_G01,G,8/30/2026 11:11:00 AM,8/30/2026 2:00:00 PM,MIN_OPERATING_MW,450,
8/30/2026 12:20:00 PM,RTD,CLUZ,03LUNSOL_G01,G,8/30/2026 12:16:00 PM,8/30/2026 12:20:00 PM,MAX_OPERATING_MW,34.24,
8/30/2026 12:20:00 PM,RTD,CLUZ,03LUNSOL_G01,G,8/30/2026 12:16:00 PM,8/30/2026 12:20:00 PM,MIN_OPERATING_MW,34.24,
8/30/2026 12:20:00 PM,RTD,CLUZ,03LUNSOL_G01,G,8/30/2026 12:21:00 PM,8/30/2026 12:25:00 PM,MAX_OPERATING_MW,34.07,
8/30/2026 12:20:00 PM,RTD,CLUZ,03LUNSOL_G01,G,8/30/2026 12:21:00 PM,8/30/2026 12:25:00 PM,MIN_OPERATING_MW,34.07,
8/30/2026 12:20:00 PM,RTD,CLUZ,03TANWIND_G01,G,8/30/2026 12:16:00 PM,8/30/2026 12:20:00 PM,MAX_OPERATING_MW,6.70,
8/30/2026 12:20:00 PM,RTD,CLUZ,03TANWIND_G01,G,8/30/2026 12:16:00 PM,8/30/2026 12:20:00 PM,MIN_OPERATING_MW,6.70,
8/30/2026 12:20:00 PM,RTD,CLUZ,03TANWIND_G01,G,8/30/2026 12:21:00 PM,8/30/2026 12:25:00 PM,MAX_OPERATING_MW,6.70,
8/30/2026 12:20:00 PM,RTD,CLUZ,03TANWIND_G01,G,8/30/2026 12:21:00 PM,8/30/2026 12:25:00 PM,MIN_OPERATING_MW,6.70,
8/30/2026 12:20:00 PM,RTD,CVIS,04ISIDROSOL_G01,G,8/30/2026 12:01:00 PM,8/30/2026 1:00:00 PM,MAX_OPERATING_MW,98.30,
8/30/2026 12:20:00 PM,RTD,CVIS,04ISIDROSOL_G01,G,8/30/2026 12:01:00 PM,8/30/2026 1:00:00 PM,MIN_OPERATING_MW,98.30,
8/30/2026 12:20:00 PM,RTD,CVIS,08AJUYSOL_G01,G,8/30/2026 12:01:00 PM,8/30/2026 1:00:00 PM,MAX_OPERATING_MW,6.60,
8/30/2026 12:20:00 PM,RTD,CVIS,08AJUYSOL_G01,G,8/30/2026 12:01:00 PM,8/30/2026 1:00:00 PM,MIN_OPERATING_MW,6.60,
8/30/2026 12:20:00 PM,RTD,CVIS,08AJUYSOL_G02,G,8/30/2026 12:01:00 PM,8/30/2026 1:00:00 PM,MAX_OPERATING_MW,3.40,
8/30/2026 12:20:00 PM,RTD,CVIS,08AJUYSOL_G02,G,8/30/2026 12:01:00 PM,8/30/2026 1:00:00 PM,MIN_OPERATING_MW,3.40,
8/30/2026 12:20:00 PM,RTD,CMIN,10LIAN_G02,G,8/30/2026 12:05:00 AM,8/30/2026 11:59:00 PM,MAX_OPERATING_MW,6.60,
8/30/2026 12:20:00 PM,RTD,CMIN,10LIAN_G02,G,8/30/2026 12:05:00 AM,8/30/2026 11:59:00 PM,MIN_OPERATING_MW,6.60,
8/30/2026 12:20:00 PM,RTD,CMIN,14TANTASOL_G01,G,8/30/2026 12:01:00 PM,8/30/2026 1:00:00 PM,MAX_OPERATING_MW,50,
8/30/2026 12:20:00 PM,RTD,CMIN,14TANTASOL_G01,G,8/30/2026 12:01:00 PM,8/30/2026 1:00:00 PM,MIN_OPERATING_MW,50,
8/30/2026 12:25:00 PM,RTD,CLUZ,01BARBASOL_G01,G,8/30/2026 12:21:00 PM,8/30/2026 12:25:00 PM,MAX_OPERATING_MW,44.18,
8/30/2026 12:25:00 PM,RTD,CLUZ,01BARBASOL_G01,G,8/30/2026 12:21:00 PM,8/30/2026 12:25:00 PM,MIN_OPERATING_MW,44.18,
8/30/2026 12:25:00 PM,RTD,CLUZ,01BARBASOL_G01,G,8/30/2026 12:26:00 PM,8/30/2026 12:30:00 PM,MAX_OPERATING_MW,43.37,
8/30/2026 12:25:00 PM,RTD,CLUZ,01BARBASOL_G01,G,8/30/2026 12:26:00 PM,8/30/2026 12:30:00 PM,MIN_OPERATING_MW,43.37,
8/30/2026 12:25:00 PM,RTD,CLUZ,01BUGSOL_G01,G,8/30/2026 12:21:00 PM,8/30/2026 12:25:00 PM,MAX_OPERATING_MW,30,
8/30/2026 12:25:00 PM,RTD,CLUZ,01BUGSOL_G01,G,8/30/2026 12:21:00 PM,8/30/2026 12:25:00 PM,MIN_OPERATING_MW,30,
8/30/2026 12:25:00 PM,RTD,CLUZ,01BUGSOL_G01,G,8/30/2026 12:26:00 PM,8/30/2026 12:30:00 PM,MAX_OPERATING_MW,30,
8/30/2026 12:25:00 PM,RTD,CLUZ,01BUGSOL_G01,G,8/30/2026 12:26:00 PM,8/30/2026 12:30:00 PM,MIN_OPERATING_MW,30,
8/30/2026 12:25:00 PM,RTD,CLUZ,01BULACSOL_G01,G,8/30/2026 12:01:00 PM,8/30/2026 1:00:00 PM,MAX_OPERATING_MW,13.39,
8/30/2026 12:25:00 PM,RTD,CLUZ,01BULACSOL_G01,G,8/30/2026 12:01:00 PM,8/30/2026 1:00:00 PM,MIN_OPERATING_MW,13.39,
8/30/2026 12:25:00 PM,RTD,CLUZ,01CONSOL_G01,G,8/30/2026 12:21:00 PM,8/30/2026 12:25:00 PM,MAX_OPERATING_MW,37.23,
8/30/2026 12:25:00 PM,RTD,CLUZ,01CONSOL_G01,G,8/30/2026 12:21:00 PM,8/30/2026 12:25:00 PM,MIN_OPERATING_MW,37.23,
8/30/2026 12:25:00 PM,RTD,CLUZ,01CONSOL_G01,G,8/30/2026 12:26:00 PM,8/30/2026 12:30:00 PM,MAX_OPERATING_MW,38,
8/30/2026 12:25:00 PM,RTD,CLUZ,01CONSOL_G01,G,8/30/2026 12:26:00 PM,8/30/2026 12:30:00 PM,MIN_OPERATING_MW,38,
8/30/2026 12:25:00 PM,RTD,CLUZ,01PASBUSOL_G01,G,8/30/2026 12:01:00 PM,8/30/2026 1:00:00 PM,MAX_OPERATING_MW,43.30,
8/30/2026 12:25:00 PM,RTD,CLUZ,01PASBUSOL_G01,G,8/30/2026 12:01:00 PM,8/30/2026 1:00:00 PM,MIN_OPERATING_MW,43.30,
8/30/2026 12:25:00 PM,RTD,CLUZ,01TERRASOL_G01,G,8/30/2026 11:11:00 AM,8/30/2026 2:00:00 PM,MAX_OPERATING_MW,450,
8/30/2026 12:25:00 PM,RTD,CLUZ,01TERRASOL_G01,G,8/30/2026 11:11:00 AM,8/30/2026 2:00:00 PM,MIN_OPERATING_MW,450,
8/30/2026 12:25:00 PM,RTD,CLUZ,03LUNSOL_G01,G,8/30/2026 12:21:00 PM,8/30/2026 12:25:00 PM,MAX_OPERATING_MW,34.07,
8/30/2026 12:25:00 PM,RTD,CLUZ,03LUNSOL_G01,G,8/30/2026 12:21:00 PM,8/30/2026 12:25:00 PM,MIN_OPERATING_MW,34.07,
8/30/2026 12:25:00 PM,RTD,CLUZ,03LUNSOL_G01,G,8/30/2026 12:26:00 PM,8/30/2026 12:30:00 PM,MAX_OPERATING_MW,33.87,
8/30/2026 12:25:00 PM,RTD,CLUZ,03LUNSOL_G01,G,8/30/2026 12:26:00 PM,8/30/2026 12:30:00 PM,MIN_OPERATING_MW,33.87,
8/30/2026 12:25:00 PM,RTD,CLUZ,03TANWIND_G01,G,8/30/2026 12:21:00 PM,8/30/2026 12:25:00 PM,MAX_OPERATING_MW,6.70,
8/30/2026 12:25:00 PM,RTD,CLUZ,03TANWIND_G01,G,8/30/2026 12:21:00 PM,8/30/2026 12:25:00 PM,MIN_OPERATING_MW,6.70,
8/30/2026 12:25:00 PM,RTD,CLUZ,03TANWIND_G01,G,8/30/2026 12:26:00 PM,8/30/2026 12:30:00 PM,MAX_OPERATING_MW,6.70,
8/30/2026 12:25:00 PM,RTD,CLUZ,03TANWIND_G01,G,8/30/2026 12:26:00 PM,8/30/2026 12:30:00 PM,MIN_OPERATING_MW,6.70,
8/30/2026 12:25:00 PM,RTD,CVIS,04ISIDROSOL_G01,G,8/30/2026 12:01:00 PM,8/30/2026 1:00:00 PM,MAX_OPERATING_MW,98.30,
8/30/2026 12:25:00 PM,RTD,CVIS,04ISIDROSOL_G01,G,8/30/2026 12:01:00 PM,8/30/2026 1:00:00 PM,MIN_OPERATING_MW,98.30,
8/30/2026 12:25:00 PM,RTD,CVIS,08AJUYSOL_G01,G,8/30/2026 12:01:00 PM,8/30/2026 1:00:00 PM,MAX_OPERATING_MW,6.60,
8/30/2026 12:25:00 PM,RTD,CVIS,08AJUYSOL_G01,G,8/30/2026 12:01:00 PM,8/30/2026 1:00:00 PM,MIN_OPERATING_MW,6.60,
8/30/2026 12:25:00 PM,RTD,CVIS,08AJUYSOL_G02,G,8/30/2026 12:01:00 PM,8/30/2026 1:00:00 PM,MAX_OPERATING_MW,3.40,
8/30/2026 12:25:00 PM,RTD,CVIS,08AJUYSOL_G02,G,8/30/2026 12:01:00 PM,8/30/2026 1:00:00 PM,MIN_OPERATING_MW,3.40,
8/30/2026 12:25:00 PM,RTD,CMIN,10LIAN_G02,G,8/30/2026 12:05:00 AM,8/30/2026 11:59:00 PM,MAX_OPERATING_MW,6.60,
8/30/2026 12:25:00 PM,RTD,CMIN,10LIAN_G02,G,8/30/2026 12:05:00 AM,8/30/2026 11:59:00 PM,MIN_OPERATING_MW,6.60,
8/30/2026 12:25:00 PM,RTD,CMIN,14TANTASOL_G01,G,8/30/2026 12:01:00 PM,8/30/2026 1:00:00 PM,MAX_OPERATING_MW,50,
8/30/2026 12:25:00 PM,RTD,CMIN,14TANTASOL_G01,G,8/30/2026 12:01:00 PM,8/30/2026 1:00:00 PM,MIN_OPERATING_MW,50,
8/30/2026 12:30:00 PM,RTD,CLUZ,01BARBASOL_G01,G,8/30/2026 12:26:00 PM,8/30/2026 12:30:00 PM,MAX_OPERATING_MW,43.37,
8/30/2026 12:30:00 PM,RTD,CLUZ,01BARBASOL_G01,G,8/30/2026 12:26:00 PM,8/30/2026 12:30:00 PM,MIN_OPERATING_MW,43.37,
8/30/2026 12:30:00 PM,RTD,CLUZ,01BARBASOL_G01,G,8/30/2026 12:31:00 PM,8/30/2026 12:35:00 PM,MAX_OPERATING_MW,42.54,
8/30/2026 12:30:00 PM,RTD,CLUZ,01BARBASOL_G01,G,8/30/2026 12:31:00 PM,8/30/2026 12:35:00 PM,MIN_OPERATING_MW,42.54,
8/30/2026 12:30:00 PM,RTD,CLUZ,01BUGSOL_G01,G,8/30/2026 12:26:00 PM,8/30/2026 12:30:00 PM,MAX_OPERATING_MW,180,
8/30/2026 12:30:00 PM,RTD,CLUZ,01BUGSOL_G01,G,8/30/2026 12:26:00 PM,8/30/2026 12:30:00 PM,MIN_OPERATING_MW,180,
8/30/2026 12:30:00 PM,RTD,CLUZ,01BUGSOL_G01,G,8/30/2026 12:31:00 PM,8/30/2026 12:35:00 PM,MAX_OPERATING_MW,180,
8/30/2026 12:30:00 PM,RTD,CLUZ,01BUGSOL_G01,G,8/30/2026 12:31:00 PM,8/30/2026 12:35:00 PM,MIN_OPERATING_MW,180,
8/30/2026 12:30:00 PM,RTD,CLUZ,01BULACSOL_G01,G,8/30/2026 12:01:00 PM,8/30/2026 1:00:00 PM,MAX_OPERATING_MW,13.39,
8/30/2026 12:30:00 PM,RTD,CLUZ,01BULACSOL_G01,G,8/30/2026 12:01:00 PM,8/30/2026 1:00:00 PM,MIN_OPERATING_MW,13.39,
8/30/2026 12:30:00 PM,RTD,CLUZ,01CONSOL_G01,G,8/30/2026 12:26:00 PM,8/30/2026 12:30:00 PM,MAX_OPERATING_MW,38,
8/30/2026 12:30:00 PM,RTD,CLUZ,01CONSOL_G01,G,8/30/2026 12:26:00 PM,8/30/2026 12:30:00 PM,MIN_OPERATING_MW,38,
8/30/2026 12:30:00 PM,RTD,CLUZ,01CONSOL_G01,G,8/30/2026 12:31:00 PM,8/30/2026 12:35:00 PM,MAX_OPERATING_MW,38.80,
8/30/2026 12:30:00 PM,RTD,CLUZ,01CONSOL_G01,G,8/30/2026 12:31:00 PM,8/30/2026 12:35:00 PM,MIN_OPERATING_MW,38.80,
8/30/2026 12:30:00 PM,RTD,CLUZ,01PASBUSOL_G01,G,8/30/2026 12:01:00 PM,8/30/2026 1:00:00 PM,MAX_OPERATING_MW,43.30,
8/30/2026 12:30:00 PM,RTD,CLUZ,01PASBUSOL_G01,G,8/30/2026 12:01:00 PM,8/30/2026 1:00:00 PM,MIN_OPERATING_MW,43.30,
8/30/2026 12:30:00 PM,RTD,CLUZ,01TERRASOL_G01,G,8/30/2026 11:11:00 AM,8/30/2026 2:00:00 PM,MAX_OPERATING_MW,450,
8/30/2026 12:30:00 PM,RTD,CLUZ,01TERRASOL_G01,G,8/30/2026 11:11:00 AM,8/30/2026 2:00:00 PM,MIN_OPERATING_MW,450,
8/30/2026 12:30:00 PM,RTD,CLUZ,03LUNSOL_G01,G,8/30/2026 12:26:00 PM,8/30/2026 12:30:00 PM,MAX_OPERATING_MW,33.87,
8/30/2026 12:30:00 PM,RTD,CLUZ,03LUNSOL_G01,G,8/30/2026 12:26:00 PM,8/30/2026 12:30:00 PM,MIN_OPERATING_MW,33.87,
8/30/2026 12:30:00 PM,RTD,CLUZ,03LUNSOL_G01,G,8/30/2026 12:31:00 PM,8/30/2026 12:35:00 PM,MAX_OPERATING_MW,33.66,
8/30/2026 12:30:00 PM,RTD,CLUZ,03LUNSOL_G01,G,8/30/2026 12:31:00 PM,8/30/2026 12:35:00 PM,MIN_OPERATING_MW,33.66,
8/30/2026 12:30:00 PM,RTD,CLUZ,03TANWIND_G01,G,8/30/2026 12:26:00 PM,8/30/2026 12:30:00 PM,MAX_OPERATING_MW,6.70,
8/30/2026 12:30:00 PM,RTD,CLUZ,03TANWIND_G01,G,8/30/2026 12:26:00 PM,8/30/2026 12:30:00 PM,MIN_OPERATING_MW,6.70,
8/30/2026 12:30:00 PM,RTD,CLUZ,03TANWIND_G01,G,8/30/2026 12:31:00 PM,8/30/2026 12:35:00 PM,MAX_OPERATING_MW,6.70,
8/30/2026 12:30:00 PM,RTD,CLUZ,03TANWIND_G01,G,8/30/2026 12:31:00 PM,8/30/2026 12:35:00 PM,MIN_OPERATING_MW,6.70,
8/30/2026 12:30:00 PM,RTD,CVIS,04ISIDROSOL_G01,G,8/30/2026 12:01:00 PM,8/30/2026 1:00:00 PM,MAX_OPERATING_MW,98.30,
8/30/2026 12:30:00 PM,RTD,CVIS,04ISIDROSOL_G01,G,8/30/2026 12:01:00 PM,8/30/2026 1:00:00 PM,MIN_OPERATING_MW,98.30,
8/30/2026 12:30:00 PM,RTD,CVIS,08AJUYSOL_G01,G,8/30/2026 12:01:00 PM,8/30/2026 1:00:00 PM,MAX_OPERATING_MW,6.60,
8/30/2026 12:30:00 PM,RTD,CVIS,08AJUYSOL_G01,G,8/30/2026 12:01:00 PM,8/30/2026 1:00:00 PM,MIN_OPERATING_MW,6.60,
8/30/2026 12:30:00 PM,RTD,CVIS,08AJUYSOL_G02,G,8/30/2026 12:01:00 PM,8/30/2026 1:00:00 PM,MAX_OPERATING_MW,3.40,
8/30/2026 12:30:00 PM,RTD,CVIS,08AJUYSOL_G02,G,8/30/2026 12:01:00 PM,8/30/2026 1:00:00 PM,MIN_OPERATING_MW,3.40,
8/30/2026 12:30:00 PM,RTD,CMIN,10LIAN_G02,G,8/30/2026 12:05:00 AM,8/30/2026 11:59:00 PM,MAX_OPERATING_MW,6.60,
8/30/2026 12:30:00 PM,RTD,CMIN,10LIAN_G02,G,8/30/2026 12:05:00 AM,8/30/2026 11:59:00 PM,MIN_OPERATING_MW,6.60,
8/30/2026 12:30:00 PM,RTD,CMIN,14TANTASOL_G01,G,8/30/2026 12:01:00 PM,8/30/2026 1:00:00 PM,MAX_OPERATING_MW,50,
8/30/2026 12:30:00 PM,RTD,CMIN,14TANTASOL_G01,G,8/30/2026 12:01:00 PM,8/30/2026 1:00:00 PM,MIN_OPERATING_MW,50,
8/30/2026 12:35:00 PM,RTD,CLUZ,01BARBASOL_G01,G,8/30/2026 12:31:00 PM,8/30/2026 12:35:00 PM,MAX_OPERATING_MW,42.54,
8/30/2026 12:35:00 PM,RTD,CLUZ,01BARBASOL_G01,G,8/30/2026 12:31:00 PM,8/30/2026 12:35:00 PM,MIN_OPERATING_MW,42.54,
8/30/2026 12:35:00 PM,RTD,CLUZ,01BARBASOL_G01,G,8/30/2026 12:36:00 PM,8/30/2026 12:40:00 PM,MAX_OPERATING_MW,41.70,
8/30/2026 12:35:00 PM,RTD,CLUZ,01BARBASOL_G01,G,8/30/2026 12:36:00 PM,8/30/2026 12:40:00 PM,MIN_OPERATING_MW,41.70,
8/30/2026 12:35:00 PM,RTD,CLUZ,01BUGSOL_G01,G,8/30/2026 12:31:00 PM,8/30/2026 12:35:00 PM,MAX_OPERATING_MW,180,
8/30/2026 12:35:00 PM,RTD,CLUZ,01BUGSOL_G01,G,8/30/2026 12:31:00 PM,8/30/2026 12:35:00 PM,MIN_OPERATING_MW,180,
8/30/2026 12:35:00 PM,RTD,CLUZ,01BUGSOL_G01,G,8/30/2026 12:36:00 PM,8/30/2026 12:40:00 PM,MAX_OPERATING_MW,180,
8/30/2026 12:35:00 PM,RTD,CLUZ,01BUGSOL_G01,G,8/30/2026 12:36:00 PM,8/30/2026 12:40:00 PM,MIN_OPERATING_MW,180,
8/30/2026 12:35:00 PM,RTD,CLUZ,01BULACSOL_G01,G,8/30/2026 12:01:00 PM,8/30/2026 1:00:00 PM,MAX_OPERATING_MW,13.39,
8/30/2026 12:35:00 PM,RTD,CLUZ,01BULACSOL_G01,G,8/30/2026 12:01:00 PM,8/30/2026 1:00:00 PM,MIN_OPERATING_MW,13.39,
8/30/2026 12:35:00 PM,RTD,CLUZ,01CONSOL_G01,G,8/30/2026 12:31:00 PM,8/30/2026 12:35:00 PM,MAX_OPERATING_MW,38.80,
8/30/2026 12:35:00 PM,RTD,CLUZ,01CONSOL_G01,G,8/30/2026 12:31:00 PM,8/30/2026 12:35:00 PM,MIN_OPERATING_MW,38.80,
8/30/2026 12:35:00 PM,RTD,CLUZ,01CONSOL_G01,G,8/30/2026 12:36:00 PM,8/30/2026 12:40:00 PM,MAX_OPERATING_MW,39.61,
8/30/2026 12:35:00 PM,RTD,CLUZ,01CONSOL_G01,G,8/30/2026 12:36:00 PM,8/30/2026 12:40:00 PM,MIN_OPERATING_MW,39.61,
8/30/2026 12:35:00 PM,RTD,CLUZ,01PASBUSOL_G01,G,8/30/2026 12:01:00 PM,8/30/2026 1:00:00 PM,MAX_OPERATING_MW,43.30,
8/30/2026 12:35:00 PM,RTD,CLUZ,01PASBUSOL_G01,G,8/30/2026 12:01:00 PM,8/30/2026 1:00:00 PM,MIN_OPERATING_MW,43.30,
8/30/2026 12:35:00 PM,RTD,CLUZ,01TERRASOL_G01,G,8/30/2026 11:11:00 AM,8/30/2026 2:00:00 PM,MAX_OPERATING_MW,450,
8/30/2026 12:35:00 PM,RTD,CLUZ,01TERRASOL_G01,G,8/30/2026 11:11:00 AM,8/30/2026 2:00:00 PM,MIN_OPERATING_MW,450,
8/30/2026 12:35:00 PM,RTD,CLUZ,03LUNSOL_G01,G,8/30/2026 12:31:00 PM,8/30/2026 12:35:00 PM,MAX_OPERATING_MW,33.66,
8/30/2026 12:35:00 PM,RTD,CLUZ,03LUNSOL_G01,G,8/30/2026 12:31:00 PM,8/30/2026 12:35:00 PM,MIN_OPERATING_MW,33.66,
8/30/2026 12:35:00 PM,RTD,CLUZ,03LUNSOL_G01,G,8/30/2026 12:36:00 PM,8/30/2026 12:40:00 PM,MAX_OPERATING_MW,33.43,
8/30/2026 12:35:00 PM,RTD,CLUZ,03LUNSOL_G01,G,8/30/2026 12:36:00 PM,8/30/2026 12:40:00 PM,MIN_OPERATING_MW,33.43,
8/30/2026 12:35:00 PM,RTD,CLUZ,03TANWIND_G01,G,8/30/2026 12:31:00 PM,8/30/2026 12:35:00 PM,MAX_OPERATING_MW,6.70,
8/30/2026 12:35:00 PM,RTD,CLUZ,03TANWIND_G01,G,8/30/2026 12:31:00 PM,8/30/2026 12:35:00 PM,MIN_OPERATING_MW,6.70,
8/30/2026 12:35:00 PM,RTD,CLUZ,03TANWIND_G01,G,8/30/2026 12:36:00 PM,8/30/2026 12:40:00 PM,MAX_OPERATING_MW,6.70,
8/30/2026 12:35:00 PM,RTD,CLUZ,03TANWIND_G01,G,8/30/2026 12:36:00 PM,8/30/2026 12:40:00 PM,MIN_OPERATING_MW,6.70,
8/30/2026 12:35:00 PM,RTD,CVIS,04ISIDROSOL_G01,G,8/30/2026 12:01:00 PM,8/30/2026 1:00:00 PM,MAX_OPERATING_MW,98.30,
8/30/2026 12:35:00 PM,RTD,CVIS,04ISIDROSOL_G01,G,8/30/2026 12:01:00 PM,8/30/2026 1:00:00 PM,MIN_OPERATING_MW,98.30,
8/30/2026 12:35:00 PM,RTD,CVIS,08AJUYSOL_G01,G,8/30/2026 12:01:00 PM,8/30/2026 1:00:00 PM,MAX_OPERATING_MW,6.60,
8/30/2026 12:35:00 PM,RTD,CVIS,08AJUYSOL_G01,G,8/30/2026 12:01:00 PM,8/30/2026 1:00:00 PM,MIN_OPERATING_MW,6.60,
8/30/2026 12:35:00 PM,RTD,CVIS,08AJUYSOL_G02,G,8/30/2026 12:01:00 PM,8/30/2026 1:00:00 PM,MAX_OPERATING_MW,3.40,
8/30/2026 12:35:00 PM,RTD,CVIS,08AJUYSOL_G02,G,8/30/2026 12:01:00 PM,8/30/2026 1:00:00 PM,MIN_OPERATING_MW,3.40,
8/30/2026 12:35:00 PM,RTD,CMIN,10LIAN_G02,G,8/30/2026 12:05:00 AM,8/30/2026 11:59:00 PM,MAX_OPERATING_MW,6.60,
8/30/2026 12:35:00 PM,RTD,CMIN,10LIAN_G02,G,8/30/2026 12:05:00 AM,8/30/2026 11:59:00 PM,MIN_OPERATING_MW,6.60,
8/30/2026 12:35:00 PM,RTD,CMIN,14TANTASOL_G01,G,8/30/2026 12:01:00 PM,8/30/2026 1:00:00 PM,MAX_OPERATING_MW,50,
8/30/2026 12:35:00 PM,RTD,CMIN,14TANTASOL_G01,G,8/30/2026 12:01:00 PM,8/30/2026 1:00:00 PM,MIN_OPERATING_MW,50,
8/30/2026 12:40:00 PM,RTD,CLUZ,01BARBASOL_G01,G,8/30/2026 12:36:00 PM,8/30/2026 12:40:00 PM,MAX_OPERATING_MW,41.70,
8/30/2026 12:40:00 PM,RTD,CLUZ,01BARBASOL_G01,G,8/30/2026 12:36:00 PM,8/30/2026 12:40:00 PM,MIN_OPERATING_MW,41.70,
8/30/2026 12:40:00 PM,RTD,CLUZ,01BARBASOL_G01,G,8/30/2026 12:41:00 PM,8/30/2026 12:45:00 PM,MAX_OPERATING_MW,40.85,
8/30/2026 12:40:00 PM,RTD,CLUZ,01BARBASOL_G01,G,8/30/2026 12:41:00 PM,8/30/2026 12:45:00 PM,MIN_OPERATING_MW,40.85,
8/30/2026 12:40:00 PM,RTD,CLUZ,01BUGSOL_G01,G,8/30/2026 12:36:00 PM,8/30/2026 12:40:00 PM,MAX_OPERATING_MW,180,
8/30/2026 12:40:00 PM,RTD,CLUZ,01BUGSOL_G01,G,8/30/2026 12:36:00 PM,8/30/2026 12:40:00 PM,MIN_OPERATING_MW,180,
8/30/2026 12:40:00 PM,RTD,CLUZ,01BUGSOL_G01,G,8/30/2026 12:41:00 PM,8/30/2026 12:45:00 PM,MAX_OPERATING_MW,150,
8/30/2026 12:40:00 PM,RTD,CLUZ,01BUGSOL_G01,G,8/30/2026 12:41:00 PM,8/30/2026 12:45:00 PM,MIN_OPERATING_MW,150,
8/30/2026 12:40:00 PM,RTD,CLUZ,01BULACSOL_G01,G,8/30/2026 12:01:00 PM,8/30/2026 1:00:00 PM,MAX_OPERATING_MW,13.39,
8/30/2026 12:40:00 PM,RTD,CLUZ,01BULACSOL_G01,G,8/30/2026 12:01:00 PM,8/30/2026 1:00:00 PM,MIN_OPERATING_MW,13.39,
8/30/2026 12:40:00 PM,RTD,CLUZ,01CONSOL_G01,G,8/30/2026 12:36:00 PM,8/30/2026 12:40:00 PM,MAX_OPERATING_MW,39.61,
8/30/2026 12:40:00 PM,RTD,CLUZ,01CONSOL_G01,G,8/30/2026 12:36:00 PM,8/30/2026 12:40:00 PM,MIN_OPERATING_MW,39.61,
8/30/2026 12:40:00 PM,RTD,CLUZ,01CONSOL_G01,G,8/30/2026 12:41:00 PM,8/30/2026 12:45:00 PM,MAX_OPERATING_MW,40.43,
8/30/2026 12:40:00 PM,RTD,CLUZ,01CONSOL_G01,G,8/30/2026 12:41:00 PM,8/30/2026 12:45:00 PM,MIN_OPERATING_MW,40.43,
8/30/2026 12:40:00 PM,RTD,CLUZ,01PASBUSOL_G01,G,8/30/2026 12:01:00 PM,8/30/2026 1:00:00 PM,MAX_OPERATING_MW,43.30,
8/30/2026 12:40:00 PM,RTD,CLUZ,01PASBUSOL_G01,G,8/30/2026 12:01:00 PM,8/30/2026 1:00:00 PM,MIN_OPERATING_MW,43.30,
8/30/2026 12:40:00 PM,RTD,CLUZ,01TERRASOL_G01,G,8/30/2026 11:11:00 AM,8/30/2026 2:00:00 PM,MAX_OPERATING_MW,450,
8/30/2026 12:40:00 PM,RTD,CLUZ,01TERRASOL_G01,G,8/30/2026 11:11:00 AM,8/30/2026 2:00:00 PM,MIN_OPERATING_MW,450,
8/30/2026 12:40:00 PM,RTD,CLUZ,03LUNSOL_G01,G,8/30/2026 12:36:00 PM,8/30/2026 12:40:00 PM,MAX_OPERATING_MW,33.43,
8/30/2026 12:40:00 PM,RTD,CLUZ,03LUNSOL_G01,G,8/30/2026 12:36:00 PM,8/30/2026 12:40:00 PM,MIN_OPERATING_MW,33.43,
8/30/2026 12:40:00 PM,RTD,CLUZ,03LUNSOL_G01,G,8/30/2026 12:41:00 PM,8/30/2026 12:45:00 PM,MAX_OPERATING_MW,33.18,
8/30/2026 12:40:00 PM,RTD,CLUZ,03LUNSOL_G01,G,8/30/2026 12:41:00 PM,8/30/2026 12:45:00 PM,MIN_OPERATING_MW,33.18,
8/30/2026 12:40:00 PM,RTD,CLUZ,03TANWIND_G01,G,8/30/2026 12:36:00 PM,8/30/2026 12:40:00 PM,MAX_OPERATING_MW,6.70,
8/30/2026 12:40:00 PM,RTD,CLUZ,03TANWIND_G01,G,8/30/2026 12:36:00 PM,8/30/2026 12:40:00 PM,MIN_OPERATING_MW,6.70,
8/30/2026 12:40:00 PM,RTD,CLUZ,03TANWIND_G01,G,8/30/2026 12:41:00 PM,8/30/2026 12:45:00 PM,MAX_OPERATING_MW,6.70,
8/30/2026 12:40:00 PM,RTD,CLUZ,03TANWIND_G01,G,8/30/2026 12:41:00 PM,8/30/2026 12:45:00 PM,MIN_OPERATING_MW,6.70,
8/30/2026 12:40:00 PM,RTD,CVIS,04ISIDROSOL_G01,G,8/30/2026 12:01:00 PM,8/30/2026 1:00:00 PM,MAX_OPERATING_MW,98.30,
8/30/2026 12:40:00 PM,RTD,CVIS,04ISIDROSOL_G01,G,8/30/2026 12:01:00 PM,8/30/2026 1:00:00 PM,MIN_OPERATING_MW,98.30,
8/30/2026 12:40:00 PM,RTD,CVIS,08AJUYSOL_G01,G,8/30/2026 12:01:00 PM,8/30/2026 1:00:00 PM,MAX_OPERATING_MW,6.60,
8/30/2026 12:40:00 PM,RTD,CVIS,08AJUYSOL_G01,G,8/30/2026 12:01:00 PM,8/30/2026 1:00:00 PM,MIN_OPERATING_MW,6.60,
8/30/2026 12:40:00 PM,RTD,CVIS,08AJUYSOL_G02,G,8/30/2026 12:01:00 PM,8/30/2026 1:00:00 PM,MAX_OPERATING_MW,3.40,
8/30/2026 12:40:00 PM,RTD,CVIS,08AJUYSOL_G02,G,8/30/2026 12:01:00 PM,8/30/2026 1:00:00 PM,MIN_OPERATING_MW,3.40,
8/30/2026 12:40:00 PM,RTD,CMIN,10LIAN_G02,G,8/30/2026 12:05:00 AM,8/30/2026 11:59:00 PM,MAX_OPERATING_MW,6.60,
8/30/2026 12:40:00 PM,RTD,CMIN,10LIAN_G02,G,8/30/2026 12:05:00 AM,8/30/2026 11:59:00 PM,MIN_OPERATING_MW,6.60,
8/30/2026 12:40:00 PM,RTD,CMIN,14TANTASOL_G01,G,8/30/2026 12:01:00 PM,8/30/2026 1:00:00 PM,MAX_OPERATING_MW,50,
8/30/2026 12:40:00 PM,RTD,CMIN,14TANTASOL_G01,G,8/30/2026 12:01:00 PM,8/30/2026 1:00:00 PM,MIN_OPERATING_MW,50,
8/30/2026 12:45:00 PM,RTD,CLUZ,01BARBASOL_G01,G,8/30/2026 12:41:00 PM,8/30/2026 12:45:00 PM,MAX_OPERATING_MW,40.85,
8/30/2026 12:45:00 PM,RTD,CLUZ,01BARBASOL_G01,G,8/30/2026 12:41:00 PM,8/30/2026 12:45:00 PM,MIN_OPERATING_MW,40.85,
8/30/2026 12:45:00 PM,RTD,CLUZ,01BARBASOL_G01,G,8/30/2026 12:46:00 PM,8/30/2026 12:50:00 PM,MAX_OPERATING_MW,40.02,
8/30/2026 12:45:00 PM,RTD,CLUZ,01BARBASOL_G01,G,8/30/2026 12:46:00 PM,8/30/2026 12:50:00 PM,MIN_OPERATING_MW,40.02,
8/30/2026 12:45:00 PM,RTD,CLUZ,01BUGSOL_G01,G,8/30/2026 12:41:00 PM,8/30/2026 12:45:00 PM,MAX_OPERATING_MW,150,
8/30/2026 12:45:00 PM,RTD,CLUZ,01BUGSOL_G01,G,8/30/2026 12:41:00 PM,8/30/2026 12:45:00 PM,MIN_OPERATING_MW,150,
8/30/2026 12:45:00 PM,RTD,CLUZ,01BUGSOL_G01,G,8/30/2026 12:46:00 PM,8/30/2026 12:50:00 PM,MAX_OPERATING_MW,150,
8/30/2026 12:45:00 PM,RTD,CLUZ,01BUGSOL_G01,G,8/30/2026 12:46:00 PM,8/30/2026 12:50:00 PM,MIN_OPERATING_MW,150,
8/30/2026 12:45:00 PM,RTD,CLUZ,01BULACSOL_G01,G,8/30/2026 12:01:00 PM,8/30/2026 1:00:00 PM,MAX_OPERATING_MW,13.39,
8/30/2026 12:45:00 PM,RTD,CLUZ,01BULACSOL_G01,G,8/30/2026 12:01:00 PM,8/30/2026 1:00:00 PM,MIN_OPERATING_MW,13.39,
8/30/2026 12:45:00 PM,RTD,CLUZ,01CONSOL_G01,G,8/30/2026 12:41:00 PM,8/30/2026 12:45:00 PM,MAX_OPERATING_MW,40.43,
8/30/2026 12:45:00 PM,RTD,CLUZ,01CONSOL_G01,G,8/30/2026 12:41:00 PM,8/30/2026 12:45:00 PM,MIN_OPERATING_MW,40.43,
8/30/2026 12:45:00 PM,RTD,CLUZ,01CONSOL_G01,G,8/30/2026 12:46:00 PM,8/30/2026 12:50:00 PM,MAX_OPERATING_MW,41.24,
8/30/2026 12:45:00 PM,RTD,CLUZ,01CONSOL_G01,G,8/30/2026 12:46:00 PM,8/30/2026 12:50:00 PM,MIN_OPERATING_MW,41.24,
8/30/2026 12:45:00 PM,RTD,CLUZ,01PASBUSOL_G01,G,8/30/2026 12:01:00 PM,8/30/2026 1:00:00 PM,MAX_OPERATING_MW,43.30,
8/30/2026 12:45:00 PM,RTD,CLUZ,01PASBUSOL_G01,G,8/30/2026 12:01:00 PM,8/30/2026 1:00:00 PM,MIN_OPERATING_MW,43.30,
8/30/2026 12:45:00 PM,RTD,CLUZ,01TERRASOL_G01,G,8/30/2026 11:11:00 AM,8/30/2026 2:00:00 PM,MAX_OPERATING_MW,450,
8/30/2026 12:45:00 PM,RTD,CLUZ,01TERRASOL_G01,G,8/30/2026 11:11:00 AM,8/30/2026 2:00:00 PM,MIN_OPERATING_MW,450,
8/30/2026 12:45:00 PM,RTD,CLUZ,03LUNSOL_G01,G,8/30/2026 12:41:00 PM,8/30/2026 12:45:00 PM,MAX_OPERATING_MW,33.18,
8/30/2026 12:45:00 PM,RTD,CLUZ,03LUNSOL_G01,G,8/30/2026 12:41:00 PM,8/30/2026 12:45:00 PM,MIN_OPERATING_MW,33.18,
8/30/2026 12:45:00 PM,RTD,CLUZ,03LUNSOL_G01,G,8/30/2026 12:46:00 PM,8/30/2026 12:50:00 PM,MAX_OPERATING_MW,32.92,
8/30/2026 12:45:00 PM,RTD,CLUZ,03LUNSOL_G01,G,8/30/2026 12:46:00 PM,8/30/2026 12:50:00 PM,MIN_OPERATING_MW,32.92,
8/30/2026 12:45:00 PM,RTD,CLUZ,03TANWIND_G01,G,8/30/2026 12:41:00 PM,8/30/2026 12:45:00 PM,MAX_OPERATING_MW,6.70,
8/30/2026 12:45:00 PM,RTD,CLUZ,03TANWIND_G01,G,8/30/2026 12:41:00 PM,8/30/2026 12:45:00 PM,MIN_OPERATING_MW,6.70,
8/30/2026 12:45:00 PM,RTD,CLUZ,03TANWIND_G01,G,8/30/2026 12:46:00 PM,8/30/2026 12:50:00 PM,MAX_OPERATING_MW,6.70,
8/30/2026 12:45:00 PM,RTD,CLUZ,03TANWIND_G01,G,8/30/2026 12:46:00 PM,8/30/2026 12:50:00 PM,MIN_OPERATING_MW,6.70,
8/30/2026 12:45:00 PM,RTD,CVIS,04ISIDROSOL_G01,G,8/30/2026 12:01:00 PM,8/30/2026 1:00:00 PM,MAX_OPERATING_MW,98.30,
8/30/2026 12:45:00 PM,RTD,CVIS,04ISIDROSOL_G01,G,8/30/2026 12:01:00 PM,8/30/2026 1:00:00 PM,MIN_OPERATING_MW,98.30,
8/30/2026 12:45:00 PM,RTD,CVIS,08AJUYSOL_G01,G,8/30/2026 12:01:00 PM,8/30/2026 1:00:00 PM,MAX_OPERATING_MW,6.60,
8/30/2026 12:45:00 PM,RTD,CVIS,08AJUYSOL_G01,G,8/30/2026 12:01:00 PM,8/30/2026 1:00:00 PM,MIN_OPERATING_MW,6.60,
8/30/2026 12:45:00 PM,RTD,CVIS,08AJUYSOL_G02,G,8/30/2026 12:01:00 PM,8/30/2026 1:00:00 PM,MAX_OPERATING_MW,3.40,
8/30/2026 12:45:00 PM,RTD,CVIS,08AJUYSOL_G02,G,8/30/2026 12:01:00 PM,8/30/2026 1:00:00 PM,MIN_OPERATING_MW,3.40,
8/30/2026 12:45:00 PM,RTD,CMIN,10LIAN_G02,G,8/30/2026 12:05:00 AM,8/30/2026 11:59:00 PM,MAX_OPERATING_MW,6.60,
8/30/2026 12:45:00 PM,RTD,CMIN,10LIAN_G02,G,8/30/2026 12:05:00 AM,8/30/2026 11:59:00 PM,MIN_OPERATING_MW,6.60,
8/30/2026 12:45:00 PM,RTD,CMIN,14TANTASOL_G01,G,8/30/2026 12:01:00 PM,8/30/2026 1:00:00 PM,MAX_OPERATING_MW,50,
8/30/2026 12:45:00 PM,RTD,CMIN,14TANTASOL_G01,G,8/30/2026 12:01:00 PM,8/30/2026 1:00:00 PM,MIN_OPERATING_MW,50,
8/30/2026 12:50:00 PM,RTD,CLUZ,01BARBASOL_G01,G,8/30/2026 12:46:00 PM,8/30/2026 12:50:00 PM,MAX_OPERATING_MW,40.02,
8/30/2026 12:50:00 PM,RTD,CLUZ,01BARBASOL_G01,G,8/30/2026 12:46:00 PM,8/30/2026 12:50:00 PM,MIN_OPERATING_MW,40.02,
8/30/2026 12:50:00 PM,RTD,CLUZ,01BARBASOL_G01,G,8/30/2026 12:51:00 PM,8/30/2026 12:55:00 PM,MAX_OPERATING_MW,39.22,
8/30/2026 12:50:00 PM,RTD,CLUZ,01BARBASOL_G01,G,8/30/2026 12:51:00 PM,8/30/2026 12:55:00 PM,MIN_OPERATING_MW,39.22,
8/30/2026 12:50:00 PM,RTD,CLUZ,01BUGSOL_G01,G,8/30/2026 12:46:00 PM,8/30/2026 12:50:00 PM,MAX_OPERATING_MW,150,
8/30/2026 12:50:00 PM,RTD,CLUZ,01BUGSOL_G01,G,8/30/2026 12:46:00 PM,8/30/2026 12:50:00 PM,MIN_OPERATING_MW,150,
8/30/2026 12:50:00 PM,RTD,CLUZ,01BUGSOL_G01,G,8/30/2026 12:51:00 PM,8/30/2026 12:55:00 PM,MAX_OPERATING_MW,150,
8/30/2026 12:50:00 PM,RTD,CLUZ,01BUGSOL_G01,G,8/30/2026 12:51:00 PM,8/30/2026 12:55:00 PM,MIN_OPERATING_MW,150,
8/30/2026 12:50:00 PM,RTD,CLUZ,01BULACSOL_G01,G,8/30/2026 12:01:00 PM,8/30/2026 1:00:00 PM,MAX_OPERATING_MW,13.39,
8/30/2026 12:50:00 PM,RTD,CLUZ,01BULACSOL_G01,G,8/30/2026 12:01:00 PM,8/30/2026 1:00:00 PM,MIN_OPERATING_MW,13.39,
8/30/2026 12:50:00 PM,RTD,CLUZ,01CONSOL_G01,G,8/30/2026 12:46:00 PM,8/30/2026 12:50:00 PM,MAX_OPERATING_MW,41.24,
8/30/2026 12:50:00 PM,RTD,CLUZ,01CONSOL_G01,G,8/30/2026 12:46:00 PM,8/30/2026 12:50:00 PM,MIN_OPERATING_MW,41.24,
8/30/2026 12:50:00 PM,RTD,CLUZ,01CONSOL_G01,G,8/30/2026 12:51:00 PM,8/30/2026 12:55:00 PM,MAX_OPERATING_MW,42.04,
8/30/2026 12:50:00 PM,RTD,CLUZ,01CONSOL_G01,G,8/30/2026 12:51:00 PM,8/30/2026 12:55:00 PM,MIN_OPERATING_MW,42.04,
8/30/2026 12:50:00 PM,RTD,CLUZ,01PASBUSOL_G01,G,8/30/2026 12:01:00 PM,8/30/2026 1:00:00 PM,MAX_OPERATING_MW,43.30,
8/30/2026 12:50:00 PM,RTD,CLUZ,01PASBUSOL_G01,G,8/30/2026 12:01:00 PM,8/30/2026 1:00:00 PM,MIN_OPERATING_MW,43.30,
8/30/2026 12:50:00 PM,RTD,CLUZ,01TERRASOL_G01,G,8/30/2026 11:11:00 AM,8/30/2026 2:00:00 PM,MAX_OPERATING_MW,450,
8/30/2026 12:50:00 PM,RTD,CLUZ,01TERRASOL_G01,G,8/30/2026 11:11:00 AM,8/30/2026 2:00:00 PM,MIN_OPERATING_MW,450,
8/30/2026 12:50:00 PM,RTD,CLUZ,03LUNSOL_G01,G,8/30/2026 12:46:00 PM,8/30/2026 12:50:00 PM,MAX_OPERATING_MW,32.92,
8/30/2026 12:50:00 PM,RTD,CLUZ,03LUNSOL_G01,G,8/30/2026 12:46:00 PM,8/30/2026 12:50:00 PM,MIN_OPERATING_MW,32.92,
8/30/2026 12:50:00 PM,RTD,CLUZ,03LUNSOL_G01,G,8/30/2026 12:51:00 PM,8/30/2026 12:55:00 PM,MAX_OPERATING_MW,32.64,
8/30/2026 12:50:00 PM,RTD,CLUZ,03LUNSOL_G01,G,8/30/2026 12:51:00 PM,8/30/2026 12:55:00 PM,MIN_OPERATING_MW,32.64,
8/30/2026 12:50:00 PM,RTD,CLUZ,03TANWIND_G01,G,8/30/2026 12:46:00 PM,8/30/2026 12:50:00 PM,MAX_OPERATING_MW,6.70,
8/30/2026 12:50:00 PM,RTD,CLUZ,03TANWIND_G01,G,8/30/2026 12:46:00 PM,8/30/2026 12:50:00 PM,MIN_OPERATING_MW,6.70,
8/30/2026 12:50:00 PM,RTD,CLUZ,03TANWIND_G01,G,8/30/2026 12:51:00 PM,8/30/2026 12:55:00 PM,MAX_OPERATING_MW,6.70,
8/30/2026 12:50:00 PM,RTD,CLUZ,03TANWIND_G01,G,8/30/2026 12:51:00 PM,8/30/2026 12:55:00 PM,MIN_OPERATING_MW,6.70,
8/30/2026 12:50:00 PM,RTD,CVIS,04ISIDROSOL_G01,G,8/30/2026 12:01:00 PM,8/30/2026 1:00:00 PM,MAX_OPERATING_MW,98.30,
8/30/2026 12:50:00 PM,RTD,CVIS,04ISIDROSOL_G01,G,8/30/2026 12:01:00 PM,8/30/2026 1:00:00 PM,MIN_OPERATING_MW,98.30,
8/30/2026 12:50:00 PM,RTD,CVIS,08AJUYSOL_G01,G,8/30/2026 12:01:00 PM,8/30/2026 1:00:00 PM,MAX_OPERATING_MW,6.60,
8/30/2026 12:50:00 PM,RTD,CVIS,08AJUYSOL_G01,G,8/30/2026 12:01:00 PM,8/30/2026 1:00:00 PM,MIN_OPERATING_MW,6.60,
8/30/2026 12:50:00 PM,RTD,CVIS,08AJUYSOL_G02,G,8/30/2026 12:01:00 PM,8/30/2026 1:00:00 PM,MAX_OPERATING_MW,3.40,
8/30/2026 12:50:00 PM,RTD,CVIS,08AJUYSOL_G02,G,8/30/2026 12:01:00 PM,8/30/2026 1:00:00 PM,MIN_OPERATING_MW,3.40,
8/30/2026 12:50:00 PM,RTD,CMIN,10LIAN_G02,G,8/30/2026 12:05:00 AM,8/30/2026 11:59:00 PM,MAX_OPERATING_MW,6.60,
8/30/2026 12:50:00 PM,RTD,CMIN,10LIAN_G02,G,8/30/2026 12:05:00 AM,8/30/2026 11:59:00 PM,MIN_OPERATING_MW,6.60,
8/30/2026 12:50:00 PM,RTD,CMIN,14TANTASOL_G01,G,8/30/2026 12:01:00 PM,8/30/2026 1:00:00 PM,MAX_OPERATING_MW,50,
8/30/2026 12:50:00 PM,RTD,CMIN,14TANTASOL_G01,G,8/30/2026 12:01:00 PM,8/30/2026 1:00:00 PM,MIN_OPERATING_MW,50,
8/30/2026 12:55:00 PM,RTD,CLUZ,01BARBASOL_G01,G,8/30/2026 12:51:00 PM,8/30/2026 12:55:00 PM,MAX_OPERATING_MW,39.22,
8/30/2026 12:55:00 PM,RTD,CLUZ,01BARBASOL_G01,G,8/30/2026 12:51:00 PM,8/30/2026 12:55:00 PM,MIN_OPERATING_MW,39.22,
8/30/2026 12:55:00 PM,RTD,CLUZ,01BARBASOL_G01,G,8/30/2026 12:56:00 PM,8/30/2026 1:00:00 PM,MAX_OPERATING_MW,38.45,
8/30/2026 12:55:00 PM,RTD,CLUZ,01BARBASOL_G01,G,8/30/2026 12:56:00 PM,8/30/2026 1:00:00 PM,MIN_OPERATING_MW,38.45,
8/30/2026 12:55:00 PM,RTD,CLUZ,01BUGSOL_G01,G,8/30/2026 12:51:00 PM,8/30/2026 12:55:00 PM,MAX_OPERATING_MW,150,
8/30/2026 12:55:00 PM,RTD,CLUZ,01BUGSOL_G01,G,8/30/2026 12:51:00 PM,8/30/2026 12:55:00 PM,MIN_OPERATING_MW,150,
8/30/2026 12:55:00 PM,RTD,CLUZ,01BUGSOL_G01,G,8/30/2026 12:56:00 PM,8/30/2026 1:00:00 PM,MAX_OPERATING_MW,120,
8/30/2026 12:55:00 PM,RTD,CLUZ,01BUGSOL_G01,G,8/30/2026 12:56:00 PM,8/30/2026 1:00:00 PM,MIN_OPERATING_MW,120,
8/30/2026 12:55:00 PM,RTD,CLUZ,01BULACSOL_G01,G,8/30/2026 12:01:00 PM,8/30/2026 1:00:00 PM,MAX_OPERATING_MW,13.39,
8/30/2026 12:55:00 PM,RTD,CLUZ,01BULACSOL_G01,G,8/30/2026 12:01:00 PM,8/30/2026 1:00:00 PM,MIN_OPERATING_MW,13.39,
8/30/2026 12:55:00 PM,RTD,CLUZ,01CONSOL_G01,G,8/30/2026 12:51:00 PM,8/30/2026 12:55:00 PM,MAX_OPERATING_MW,42.04,
8/30/2026 12:55:00 PM,RTD,CLUZ,01CONSOL_G01,G,8/30/2026 12:51:00 PM,8/30/2026 12:55:00 PM,MIN_OPERATING_MW,42.04,
8/30/2026 12:55:00 PM,RTD,CLUZ,01CONSOL_G01,G,8/30/2026 12:56:00 PM,8/30/2026 1:00:00 PM,MAX_OPERATING_MW,42.38,
8/30/2026 12:55:00 PM,RTD,CLUZ,01CONSOL_G01,G,8/30/2026 12:56:00 PM,8/30/2026 1:00:00 PM,MIN_OPERATING_MW,42.38,
8/30/2026 12:55:00 PM,RTD,CLUZ,01PASBUSOL_G01,G,8/30/2026 12:01:00 PM,8/30/2026 1:00:00 PM,MAX_OPERATING_MW,43.30,
8/30/2026 12:55:00 PM,RTD,CLUZ,01PASBUSOL_G01,G,8/30/2026 12:01:00 PM,8/30/2026 1:00:00 PM,MIN_OPERATING_MW,43.30,
8/30/2026 12:55:00 PM,RTD,CLUZ,01TERRASOL_G01,G,8/30/2026 12:51:00 PM,8/30/2026 12:55:00 PM,MAX_OPERATING_MW,500,
8/30/2026 12:55:00 PM,RTD,CLUZ,01TERRASOL_G01,G,8/30/2026 12:51:00 PM,8/30/2026 12:55:00 PM,MIN_OPERATING_MW,500,
8/30/2026 12:55:00 PM,RTD,CLUZ,01TERRASOL_G01,G,8/30/2026 12:56:00 PM,8/30/2026 1:00:00 PM,MAX_OPERATING_MW,550,
8/30/2026 12:55:00 PM,RTD,CLUZ,01TERRASOL_G01,G,8/30/2026 12:56:00 PM,8/30/2026 1:00:00 PM,MIN_OPERATING_MW,550,
8/30/2026 12:55:00 PM,RTD,CLUZ,03LUNSOL_G01,G,8/30/2026 12:51:00 PM,8/30/2026 12:55:00 PM,MAX_OPERATING_MW,32.64,
8/30/2026 12:55:00 PM,RTD,CLUZ,03LUNSOL_G01,G,8/30/2026 12:51:00 PM,8/30/2026 12:55:00 PM,MIN_OPERATING_MW,32.64,
8/30/2026 12:55:00 PM,RTD,CLUZ,03LUNSOL_G01,G,8/30/2026 12:56:00 PM,8/30/2026 1:00:00 PM,MAX_OPERATING_MW,32.35,
8/30/2026 12:55:00 PM,RTD,CLUZ,03LUNSOL_G01,G,8/30/2026 12:56:00 PM,8/30/2026 1:00:00 PM,MIN_OPERATING_MW,32.35,
8/30/2026 12:55:00 PM,RTD,CLUZ,03TANWIND_G01,G,8/30/2026 12:51:00 PM,8/30/2026 12:55:00 PM,MAX_OPERATING_MW,6.70,
8/30/2026 12:55:00 PM,RTD,CLUZ,03TANWIND_G01,G,8/30/2026 12:51:00 PM,8/30/2026 12:55:00 PM,MIN_OPERATING_MW,6.70,
8/30/2026 12:55:00 PM,RTD,CLUZ,03TANWIND_G01,G,8/30/2026 12:56:00 PM,8/30/2026 1:00:00 PM,MAX_OPERATING_MW,6.70,
8/30/2026 12:55:00 PM,RTD,CLUZ,03TANWIND_G01,G,8/30/2026 12:56:00 PM,8/30/2026 1:00:00 PM,MIN_OPERATING_MW,6.70,
8/30/2026 12:55:00 PM,RTD,CVIS,04ISIDROSOL_G01,G,8/30/2026 12:01:00 PM,8/30/2026 1:00:00 PM,MAX_OPERATING_MW,98.30,
8/30/2026 12:55:00 PM,RTD,CVIS,04ISIDROSOL_G01,G,8/30/2026 12:01:00 PM,8/30/2026 1:00:00 PM,MIN_OPERATING_MW,98.30,
8/30/2026 12:55:00 PM,RTD,CVIS,08AJUYSOL_G01,G,8/30/2026 12:01:00 PM,8/30/2026 1:00:00 PM,MAX_OPERATING_MW,6.60,
8/30/2026 12:55:00 PM,RTD,CVIS,08AJUYSOL_G01,G,8/30/2026 12:01:00 PM,8/30/2026 1:00:00 PM,MIN_OPERATING_MW,6.60,
8/30/2026 12:55:00 PM,RTD,CVIS,08AJUYSOL_G02,G,8/30/2026 12:01:00 PM,8/30/2026 1:00:00 PM,MAX_OPERATING_MW,3.40,
8/30/2026 12:55:00 PM,RTD,CVIS,08AJUYSOL_G02,G,8/30/2026 12:01:00 PM,8/30/2026 1:00:00 PM,MIN_OPERATING_MW,3.40,
8/30/2026 12:55:00 PM,RTD,CMIN,10LIAN_G02,G,8/30/2026 12:05:00 AM,8/30/2026 11:59:00 PM,MAX_OPERATING_MW,6.60,
8/30/2026 12:55:00 PM,RTD,CMIN,10LIAN_G02,G,8/30/2026 12:05:00 AM,8/30/2026 11:59:00 PM,MIN_OPERATING_MW,6.60,
8/30/2026 12:55:00 PM,RTD,CMIN,14TANTASOL_G01,G,8/30/2026 12:01:00 PM,8/30/2026 1:00:00 PM,MAX_OPERATING_MW,50,
8/30/2026 12:55:00 PM,RTD,CMIN,14TANTASOL_G01,G,8/30/2026 12:01:00 PM,8/30/2026 1:00:00 PM,MIN_OPERATING_MW,50,
8/30/2026 1:00:00 PM,RTD,CLUZ,01BARBASOL_G01,G,8/30/2026 12:56:00 PM,8/30/2026 1:00:00 PM,MAX_OPERATING_MW,38.45,
8/30/2026 1:00:00 PM,RTD,CLUZ,01BARBASOL_G01,G,8/30/2026 12:56:00 PM,8/30/2026 1:00:00 PM,MIN_OPERATING_MW,38.45,
8/30/2026 1:00:00 PM,RTD,CLUZ,01BARBASOL_G01,G,8/30/2026 1:01:00 PM,8/30/2026 1:05:00 PM,MAX_OPERATING_MW,37.74,
8/30/2026 1:00:00 PM,RTD,CLUZ,01BARBASOL_G01,G,8/30/2026 1:01:00 PM,8/30/2026 1:05:00 PM,MIN_OPERATING_MW,37.74,
8/30/2026 1:00:00 PM,RTD,CLUZ,01BUGSOL_G01,G,8/30/2026 12:56:00 PM,8/30/2026 1:00:00 PM,MAX_OPERATING_MW,120,
8/30/2026 1:00:00 PM,RTD,CLUZ,01BUGSOL_G01,G,8/30/2026 12:56:00 PM,8/30/2026 1:00:00 PM,MIN_OPERATING_MW,120,
8/30/2026 1:00:00 PM,RTD,CLUZ,01BUGSOL_G01,G,8/30/2026 1:01:00 PM,8/30/2026 1:05:00 PM,MAX_OPERATING_MW,100,
8/30/2026 1:00:00 PM,RTD,CLUZ,01BUGSOL_G01,G,8/30/2026 1:01:00 PM,8/30/2026 1:05:00 PM,MIN_OPERATING_MW,100,
8/30/2026 1:00:00 PM,RTD,CLUZ,01BULACSOL_G01,G,8/30/2026 12:01:00 PM,8/30/2026 1:00:00 PM,MAX_OPERATING_MW,13.39,
8/30/2026 1:00:00 PM,RTD,CLUZ,01BULACSOL_G01,G,8/30/2026 12:01:00 PM,8/30/2026 1:00:00 PM,MIN_OPERATING_MW,13.39,
8/30/2026 1:00:00 PM,RTD,CLUZ,01BULACSOL_G01,G,8/30/2026 1:01:00 PM,8/30/2026 2:00:00 PM,MAX_OPERATING_MW,13.47,
8/30/2026 1:00:00 PM,RTD,CLUZ,01BULACSOL_G01,G,8/30/2026 1:01:00 PM,8/30/2026 2:00:00 PM,MIN_OPERATING_MW,13.47,
8/30/2026 1:00:00 PM,RTD,CLUZ,01CONSOL_G01,G,8/30/2026 12:56:00 PM,8/30/2026 1:00:00 PM,MAX_OPERATING_MW,42.38,
8/30/2026 1:00:00 PM,RTD,CLUZ,01CONSOL_G01,G,8/30/2026 12:56:00 PM,8/30/2026 1:00:00 PM,MIN_OPERATING_MW,42.38,
8/30/2026 1:00:00 PM,RTD,CLUZ,01CONSOL_G01,G,8/30/2026 1:01:00 PM,8/30/2026 1:05:00 PM,MAX_OPERATING_MW,41.99,
8/30/2026 1:00:00 PM,RTD,CLUZ,01CONSOL_G01,G,8/30/2026 1:01:00 PM,8/30/2026 1:05:00 PM,MIN_OPERATING_MW,41.99,
8/30/2026 1:00:00 PM,RTD,CLUZ,01PASBUSOL_G01,G,8/30/2026 12:01:00 PM,8/30/2026 1:00:00 PM,MAX_OPERATING_MW,43.30,
8/30/2026 1:00:00 PM,RTD,CLUZ,01PASBUSOL_G01,G,8/30/2026 12:01:00 PM,8/30/2026 1:00:00 PM,MIN_OPERATING_MW,43.30,
8/30/2026 1:00:00 PM,RTD,CLUZ,01PASBUSOL_G01,G,8/30/2026 1:01:00 PM,8/30/2026 2:00:00 PM,MAX_OPERATING_MW,40.15,
8/30/2026 1:00:00 PM,RTD,CLUZ,01PASBUSOL_G01,G,8/30/2026 1:01:00 PM,8/30/2026 2:00:00 PM,MIN_OPERATING_MW,40.15,
8/30/2026 1:00:00 PM,RTD,CLUZ,01TERRASOL_G01,G,8/30/2026 12:56:00 PM,8/30/2026 1:00:00 PM,MAX_OPERATING_MW,550,
8/30/2026 1:00:00 PM,RTD,CLUZ,01TERRASOL_G01,G,8/30/2026 12:56:00 PM,8/30/2026 1:00:00 PM,MIN_OPERATING_MW,550,
8/30/2026 1:00:00 PM,RTD,CLUZ,01TERRASOL_G01,G,8/30/2026 1:01:00 PM,8/30/2026 2:00:00 PM,MAX_OPERATING_MW,600,
8/30/2026 1:00:00 PM,RTD,CLUZ,01TERRASOL_G01,G,8/30/2026 1:01:00 PM,8/30/2026 2:00:00 PM,MIN_OPERATING_MW,600,
8/30/2026 1:00:00 PM,RTD,CLUZ,03LUNSOL_G01,G,8/30/2026 12:56:00 PM,8/30/2026 1:00:00 PM,MAX_OPERATING_MW,32.35,
8/30/2026 1:00:00 PM,RTD,CLUZ,03LUNSOL_G01,G,8/30/2026 12:56:00 PM,8/30/2026 1:00:00 PM,MIN_OPERATING_MW,32.35,
8/30/2026 1:00:00 PM,RTD,CLUZ,03LUNSOL_G01,G,8/30/2026 1:01:00 PM,8/30/2026 1:05:00 PM,MAX_OPERATING_MW,32.04,
8/30/2026 1:00:00 PM,RTD,CLUZ,03LUNSOL_G01,G,8/30/2026 1:01:00 PM,8/30/2026 1:05:00 PM,MIN_OPERATING_MW,32.04,
8/30/2026 1:00:00 PM,RTD,CLUZ,03TANWIND_G01,G,8/30/2026 12:56:00 PM,8/30/2026 1:00:00 PM,MAX_OPERATING_MW,6.70,
8/30/2026 1:00:00 PM,RTD,CLUZ,03TANWIND_G01,G,8/30/2026 12:56:00 PM,8/30/2026 1:00:00 PM,MIN_OPERATING_MW,6.70,
8/30/2026 1:00:00 PM,RTD,CLUZ,03TANWIND_G01,G,8/30/2026 1:01:00 PM,8/30/2026 1:05:00 PM,MAX_OPERATING_MW,7,
8/30/2026 1:00:00 PM,RTD,CLUZ,03TANWIND_G01,G,8/30/2026 1:01:00 PM,8/30/2026 1:05:00 PM,MIN_OPERATING_MW,7,
8/30/2026 1:00:00 PM,RTD,CVIS,04ISIDROSOL_G01,G,8/30/2026 12:01:00 PM,8/30/2026 1:00:00 PM,MAX_OPERATING_MW,98.30,
8/30/2026 1:00:00 PM,RTD,CVIS,04ISIDROSOL_G01,G,8/30/2026 12:01:00 PM,8/30/2026 1:00:00 PM,MIN_OPERATING_MW,98.30,
8/30/2026 1:00:00 PM,RTD,CVIS,04ISIDROSOL_G01,G,8/30/2026 1:01:00 PM,8/30/2026 2:00:00 PM,MAX_OPERATING_MW,91.80,
8/30/2026 1:00:00 PM,RTD,CVIS,04ISIDROSOL_G01,G,8/30/2026 1:01:00 PM,8/30/2026 2:00:00 PM,MIN_OPERATING_MW,91.80,
8/30/2026 1:00:00 PM,RTD,CVIS,08AJUYSOL_G01,G,8/30/2026 12:01:00 PM,8/30/2026 1:00:00 PM,MAX_OPERATING_MW,6.60,
8/30/2026 1:00:00 PM,RTD,CVIS,08AJUYSOL_G01,G,8/30/2026 12:01:00 PM,8/30/2026 1:00:00 PM,MIN_OPERATING_MW,6.60,
8/30/2026 1:00:00 PM,RTD,CVIS,08AJUYSOL_G01,G,8/30/2026 1:01:00 PM,8/30/2026 2:00:00 PM,MAX_OPERATING_MW,6.60,
8/30/2026 1:00:00 PM,RTD,CVIS,08AJUYSOL_G01,G,8/30/2026 1:01:00 PM,8/30/2026 2:00:00 PM,MIN_OPERATING_MW,6.60,
8/30/2026 1:00:00 PM,RTD,CVIS,08AJUYSOL_G02,G,8/30/2026 12:01:00 PM,8/30/2026 1:00:00 PM,MAX_OPERATING_MW,3.40,
8/30/2026 1:00:00 PM,RTD,CVIS,08AJUYSOL_G02,G,8/30/2026 12:01:00 PM,8/30/2026 1:00:00 PM,MIN_OPERATING_MW,3.40,
8/30/2026 1:00:00 PM,RTD,CVIS,08AJUYSOL_G02,G,8/30/2026 1:01:00 PM,8/30/2026 2:00:00 PM,MAX_OPERATING_MW,3.40,
8/30/2026 1:00:00 PM,RTD,CVIS,08AJUYSOL_G02,G,8/30/2026 1:01:00 PM,8/30/2026 2:00:00 PM,MIN_OPERATING_MW,3.40,
8/30/2026 1:00:00 PM,RTD,CMIN,10LIAN_G02,G,8/30/2026 12:05:00 AM,8/30/2026 11:59:00 PM,MAX_OPERATING_MW,6.60,
8/30/2026 1:00:00 PM,RTD,CMIN,10LIAN_G02,G,8/30/2026 12:05:00 AM,8/30/2026 11:59:00 PM,MIN_OPERATING_MW,6.60,
8/30/2026 1:00:00 PM,RTD,CMIN,14TANTASOL_G01,G,8/30/2026 12:01:00 PM,8/30/2026 1:00:00 PM,MAX_OPERATING_MW,50,
8/30/2026 1:00:00 PM,RTD,CMIN,14TANTASOL_G01,G,8/30/2026 12:01:00 PM,8/30/2026 1:00:00 PM,MIN_OPERATING_MW,50,
8/30/2026 1:00:00 PM,RTD,CMIN,14TANTASOL_G01,G,8/30/2026 1:01:00 PM,8/30/2026 2:00:00 PM,MAX_OPERATING_MW,50,
8/30/2026 1:00:00 PM,RTD,CMIN,14TANTASOL_G01,G,8/30/2026 1:01:00 PM,8/30/2026 2:00:00 PM,MIN_OPERATING_MW,50,
8/30/2026 1:05:00 PM,RTD,CLUZ,01BARBASOL_G01,G,8/30/2026 1:01:00 PM,8/30/2026 1:05:00 PM,MAX_OPERATING_MW,37.74,
8/30/2026 1:05:00 PM,RTD,CLUZ,01BARBASOL_G01,G,8/30/2026 1:01:00 PM,8/30/2026 1:05:00 PM,MIN_OPERATING_MW,37.74,
8/30/2026 1:05:00 PM,RTD,CLUZ,01BARBASOL_G01,G,8/30/2026 1:06:00 PM,8/30/2026 1:10:00 PM,MAX_OPERATING_MW,37.09,
8/30/2026 1:05:00 PM,RTD,CLUZ,01BARBASOL_G01,G,8/30/2026 1:06:00 PM,8/30/2026 1:10:00 PM,MIN_OPERATING_MW,37.09,
8/30/2026 1:05:00 PM,RTD,CLUZ,01BUGSOL_G01,G,8/30/2026 1:01:00 PM,8/30/2026 1:05:00 PM,MAX_OPERATING_MW,100,
8/30/2026 1:05:00 PM,RTD,CLUZ,01BUGSOL_G01,G,8/30/2026 1:01:00 PM,8/30/2026 1:05:00 PM,MIN_OPERATING_MW,100,
8/30/2026 1:05:00 PM,RTD,CLUZ,01BUGSOL_G01,G,8/30/2026 1:06:00 PM,8/30/2026 1:10:00 PM,MAX_OPERATING_MW,80,
8/30/2026 1:05:00 PM,RTD,CLUZ,01BUGSOL_G01,G,8/30/2026 1:06:00 PM,8/30/2026 1:10:00 PM,MIN_OPERATING_MW,80,
8/30/2026 1:05:00 PM,RTD,CLUZ,01BULACSOL_G01,G,8/30/2026 1:01:00 PM,8/30/2026 2:00:00 PM,MAX_OPERATING_MW,13.47,
8/30/2026 1:05:00 PM,RTD,CLUZ,01BULACSOL_G01,G,8/30/2026 1:01:00 PM,8/30/2026 2:00:00 PM,MIN_OPERATING_MW,13.47,
8/30/2026 1:05:00 PM,RTD,CLUZ,01CONSOL_G01,G,8/30/2026 1:01:00 PM,8/30/2026 1:05:00 PM,MAX_OPERATING_MW,41.99,
8/30/2026 1:05:00 PM,RTD,CLUZ,01CONSOL_G01,G,8/30/2026 1:01:00 PM,8/30/2026 1:05:00 PM,MIN_OPERATING_MW,41.99,
8/30/2026 1:05:00 PM,RTD,CLUZ,01CONSOL_G01,G,8/30/2026 1:06:00 PM,8/30/2026 1:10:00 PM,MAX_OPERATING_MW,41.41,
8/30/2026 1:05:00 PM,RTD,CLUZ,01CONSOL_G01,G,8/30/2026 1:06:00 PM,8/30/2026 1:10:00 PM,MIN_OPERATING_MW,41.41,
8/30/2026 1:05:00 PM,RTD,CLUZ,01PASBUSOL_G01,G,8/30/2026 1:01:00 PM,8/30/2026 2:00:00 PM,MAX_OPERATING_MW,40.15,
8/30/2026 1:05:00 PM,RTD,CLUZ,01PASBUSOL_G01,G,8/30/2026 1:01:00 PM,8/30/2026 2:00:00 PM,MIN_OPERATING_MW,40.15,
8/30/2026 1:05:00 PM,RTD,CLUZ,01TERRASOL_G01,G,8/30/2026 1:01:00 PM,8/30/2026 2:00:00 PM,MAX_OPERATING_MW,600,
8/30/2026 1:05:00 PM,RTD,CLUZ,01TERRASOL_G01,G,8/30/2026 1:01:00 PM,8/30/2026 2:00:00 PM,MIN_OPERATING_MW,600,
8/30/2026 1:05:00 PM,RTD,CLUZ,03LUNSOL_G01,G,8/30/2026 1:01:00 PM,8/30/2026 1:05:00 PM,MAX_OPERATING_MW,32.04,
8/30/2026 1:05:00 PM,RTD,CLUZ,03LUNSOL_G01,G,8/30/2026 1:01:00 PM,8/30/2026 1:05:00 PM,MIN_OPERATING_MW,32.04,
8/30/2026 1:05:00 PM,RTD,CLUZ,03LUNSOL_G01,G,8/30/2026 1:06:00 PM,8/30/2026 1:10:00 PM,MAX_OPERATING_MW,31.72,
8/30/2026 1:05:00 PM,RTD,CLUZ,03LUNSOL_G01,G,8/30/2026 1:06:00 PM,8/30/2026 1:10:00 PM,MIN_OPERATING_MW,31.72,
8/30/2026 1:05:00 PM,RTD,CLUZ,03TANWIND_G01,G,8/30/2026 1:01:00 PM,8/30/2026 1:05:00 PM,MAX_OPERATING_MW,7,
8/30/2026 1:05:00 PM,RTD,CLUZ,03TANWIND_G01,G,8/30/2026 1:01:00 PM,8/30/2026 1:05:00 PM,MIN_OPERATING_MW,7,
8/30/2026 1:05:00 PM,RTD,CLUZ,03TANWIND_G01,G,8/30/2026 1:06:00 PM,8/30/2026 1:10:00 PM,MAX_OPERATING_MW,7,
8/30/2026 1:05:00 PM,RTD,CLUZ,03TANWIND_G01,G,8/30/2026 1:06:00 PM,8/30/2026 1:10:00 PM,MIN_OPERATING_MW,7,
8/30/2026 1:05:00 PM,RTD,CVIS,04ISIDROSOL_G01,G,8/30/2026 1:01:00 PM,8/30/2026 2:00:00 PM,MAX_OPERATING_MW,91.80,
8/30/2026 1:05:00 PM,RTD,CVIS,04ISIDROSOL_G01,G,8/30/2026 1:01:00 PM,8/30/2026 2:00:00 PM,MIN_OPERATING_MW,91.80,
8/30/2026 1:05:00 PM,RTD,CVIS,08AJUYSOL_G01,G,8/30/2026 1:01:00 PM,8/30/2026 2:00:00 PM,MAX_OPERATING_MW,6.60,
8/30/2026 1:05:00 PM,RTD,CVIS,08AJUYSOL_G01,G,8/30/2026 1:01:00 PM,8/30/2026 2:00:00 PM,MIN_OPERATING_MW,6.60,
8/30/2026 1:05:00 PM,RTD,CVIS,08AJUYSOL_G02,G,8/30/2026 1:01:00 PM,8/30/2026 2:00:00 PM,MAX_OPERATING_MW,3.40,
8/30/2026 1:05:00 PM,RTD,CVIS,08AJUYSOL_G02,G,8/30/2026 1:01:00 PM,8/30/2026 2:00:00 PM,MIN_OPERATING_MW,3.40,
8/30/2026 1:05:00 PM,RTD,CMIN,10LIAN_G02,G,8/30/2026 12:05:00 AM,8/30/2026 11:59:00 PM,MAX_OPERATING_MW,6.60,
8/30/2026 1:05:00 PM,RTD,CMIN,10LIAN_G02,G,8/30/2026 12:05:00 AM,8/30/2026 11:59:00 PM,MIN_OPERATING_MW,6.60,
8/30/2026 1:05:00 PM,RTD,CMIN,14TANTASOL_G01,G,8/30/2026 1:01:00 PM,8/30/2026 2:00:00 PM,MAX_OPERATING_MW,50,
8/30/2026 1:05:00 PM,RTD,CMIN,14TANTASOL_G01,G,8/30/2026 1:01:00 PM,8/30/2026 2:00:00 PM,MIN_OPERATING_MW,50,
8/30/2026 1:10:00 PM,RTD,CLUZ,01BARBASOL_G01,G,8/30/2026 1:06:00 PM,8/30/2026 1:10:00 PM,MAX_OPERATING_MW,37.09,
8/30/2026 1:10:00 PM,RTD,CLUZ,01BARBASOL_G01,G,8/30/2026 1:06:00 PM,8/30/2026 1:10:00 PM,MIN_OPERATING_MW,37.09,
8/30/2026 1:10:00 PM,RTD,CLUZ,01BARBASOL_G01,G,8/30/2026 1:11:00 PM,8/30/2026 1:15:00 PM,MAX_OPERATING_MW,36.49,
8/30/2026 1:10:00 PM,RTD,CLUZ,01BARBASOL_G01,G,8/30/2026 1:11:00 PM,8/30/2026 1:15:00 PM,MIN_OPERATING_MW,36.49,
8/30/2026 1:10:00 PM,RTD,CLUZ,01BUGSOL_G01,G,8/30/2026 1:06:00 PM,8/30/2026 1:10:00 PM,MAX_OPERATING_MW,80,
8/30/2026 1:10:00 PM,RTD,CLUZ,01BUGSOL_G01,G,8/30/2026 1:06:00 PM,8/30/2026 1:10:00 PM,MIN_OPERATING_MW,80,
8/30/2026 1:10:00 PM,RTD,CLUZ,01BUGSOL_G01,G,8/30/2026 1:11:00 PM,8/30/2026 1:15:00 PM,MAX_OPERATING_MW,80,
8/30/2026 1:10:00 PM,RTD,CLUZ,01BUGSOL_G01,G,8/30/2026 1:11:00 PM,8/30/2026 1:15:00 PM,MIN_OPERATING_MW,80,
8/30/2026 1:10:00 PM,RTD,CLUZ,01BULACSOL_G01,G,8/30/2026 1:01:00 PM,8/30/2026 2:00:00 PM,MAX_OPERATING_MW,13.47,
8/30/2026 1:10:00 PM,RTD,CLUZ,01BULACSOL_G01,G,8/30/2026 1:01:00 PM,8/30/2026 2:00:00 PM,MIN_OPERATING_MW,13.47,
8/30/2026 1:10:00 PM,RTD,CLUZ,01CONSOL_G01,G,8/30/2026 1:06:00 PM,8/30/2026 1:10:00 PM,MAX_OPERATING_MW,41.41,
8/30/2026 1:10:00 PM,RTD,CLUZ,01CONSOL_G01,G,8/30/2026 1:06:00 PM,8/30/2026 1:10:00 PM,MIN_OPERATING_MW,41.41,
8/30/2026 1:10:00 PM,RTD,CLUZ,01CONSOL_G01,G,8/30/2026 1:11:00 PM,8/30/2026 1:15:00 PM,MAX_OPERATING_MW,40.80,
8/30/2026 1:10:00 PM,RTD,CLUZ,01CONSOL_G01,G,8/30/2026 1:11:00 PM,8/30/2026 1:15:00 PM,MIN_OPERATING_MW,40.80,
8/30/2026 1:10:00 PM,RTD,CLUZ,01PASBUSOL_G01,G,8/30/2026 1:01:00 PM,8/30/2026 2:00:00 PM,MAX_OPERATING_MW,40.15,
8/30/2026 1:10:00 PM,RTD,CLUZ,01PASBUSOL_G01,G,8/30/2026 1:01:00 PM,8/30/2026 2:00:00 PM,MIN_OPERATING_MW,40.15,
8/30/2026 1:10:00 PM,RTD,CLUZ,01TERRASOL_G01,G,8/30/2026 1:01:00 PM,8/30/2026 2:00:00 PM,MAX_OPERATING_MW,600,
8/30/2026 1:10:00 PM,RTD,CLUZ,01TERRASOL_G01,G,8/30/2026 1:01:00 PM,8/30/2026 2:00:00 PM,MIN_OPERATING_MW,600,
8/30/2026 1:10:00 PM,RTD,CLUZ,03LUNSOL_G01,G,8/30/2026 1:06:00 PM,8/30/2026 1:10:00 PM,MAX_OPERATING_MW,31.72,
8/30/2026 1:10:00 PM,RTD,CLUZ,03LUNSOL_G01,G,8/30/2026 1:06:00 PM,8/30/2026 1:10:00 PM,MIN_OPERATING_MW,31.72,
8/30/2026 1:10:00 PM,RTD,CLUZ,03LUNSOL_G01,G,8/30/2026 1:11:00 PM,8/30/2026 1:15:00 PM,MAX_OPERATING_MW,31.37,
8/30/2026 1:10:00 PM,RTD,CLUZ,03LUNSOL_G01,G,8/30/2026 1:11:00 PM,8/30/2026 1:15:00 PM,MIN_OPERATING_MW,31.37,
8/30/2026 1:10:00 PM,RTD,CLUZ,03TANWIND_G01,G,8/30/2026 1:06:00 PM,8/30/2026 1:10:00 PM,MAX_OPERATING_MW,7,
8/30/2026 1:10:00 PM,RTD,CLUZ,03TANWIND_G01,G,8/30/2026 1:06:00 PM,8/30/2026 1:10:00 PM,MIN_OPERATING_MW,7,
8/30/2026 1:10:00 PM,RTD,CLUZ,03TANWIND_G01,G,8/30/2026 1:11:00 PM,8/30/2026 1:15:00 PM,MAX_OPERATING_MW,7,
8/30/2026 1:10:00 PM,RTD,CLUZ,03TANWIND_G01,G,8/30/2026 1:11:00 PM,8/30/2026 1:15:00 PM,MIN_OPERATING_MW,7,
8/30/2026 1:10:00 PM,RTD,CVIS,04ISIDROSOL_G01,G,8/30/2026 1:01:00 PM,8/30/2026 2:00:00 PM,MAX_OPERATING_MW,91.80,
8/30/2026 1:10:00 PM,RTD,CVIS,04ISIDROSOL_G01,G,8/30/2026 1:01:00 PM,8/30/2026 2:00:00 PM,MIN_OPERATING_MW,91.80,
8/30/2026 1:10:00 PM,RTD,CVIS,08AJUYSOL_G01,G,8/30/2026 1:01:00 PM,8/30/2026 2:00:00 PM,MAX_OPERATING_MW,6.60,
8/30/2026 1:10:00 PM,RTD,CVIS,08AJUYSOL_G01,G,8/30/2026 1:01:00 PM,8/30/2026 2:00:00 PM,MIN_OPERATING_MW,6.60,
8/30/2026 1:10:00 PM,RTD,CVIS,08AJUYSOL_G02,G,8/30/2026 1:01:00 PM,8/30/2026 2:00:00 PM,MAX_OPERATING_MW,3.40,
8/30/2026 1:10:00 PM,RTD,CVIS,08AJUYSOL_G02,G,8/30/2026 1:01:00 PM,8/30/2026 2:00:00 PM,MIN_OPERATING_MW,3.40,
8/30/2026 1:10:00 PM,RTD,CMIN,10LIAN_G02,G,8/30/2026 12:05:00 AM,8/30/2026 11:59:00 PM,MAX_OPERATING_MW,6.60,
8/30/2026 1:10:00 PM,RTD,CMIN,10LIAN_G02,G,8/30/2026 12:05:00 AM,8/30/2026 11:59:00 PM,MIN_OPERATING_MW,6.60,
8/30/2026 1:10:00 PM,RTD,CMIN,14TANTASOL_G01,G,8/30/2026 1:01:00 PM,8/30/2026 2:00:00 PM,MAX_OPERATING_MW,50,
8/30/2026 1:10:00 PM,RTD,CMIN,14TANTASOL_G01,G,8/30/2026 1:01:00 PM,8/30/2026 2:00:00 PM,MIN_OPERATING_MW,50,
8/30/2026 1:15:00 PM,RTD,CLUZ,01BARBASOL_G01,G,8/30/2026 1:11:00 PM,8/30/2026 1:15:00 PM,MAX_OPERATING_MW,36.49,
8/30/2026 1:15:00 PM,RTD,CLUZ,01BARBASOL_G01,G,8/30/2026 1:11:00 PM,8/30/2026 1:15:00 PM,MIN_OPERATING_MW,36.49,
8/30/2026 1:15:00 PM,RTD,CLUZ,01BARBASOL_G01,G,8/30/2026 1:16:00 PM,8/30/2026 1:20:00 PM,MAX_OPERATING_MW,35.91,
8/30/2026 1:15:00 PM,RTD,CLUZ,01BARBASOL_G01,G,8/30/2026 1:16:00 PM,8/30/2026 1:20:00 PM,MIN_OPERATING_MW,35.91,
8/30/2026 1:15:00 PM,RTD,CLUZ,01BUGSOL_G01,G,8/30/2026 1:11:00 PM,8/30/2026 1:15:00 PM,MAX_OPERATING_MW,80,
8/30/2026 1:15:00 PM,RTD,CLUZ,01BUGSOL_G01,G,8/30/2026 1:11:00 PM,8/30/2026 1:15:00 PM,MIN_OPERATING_MW,80,
8/30/2026 1:15:00 PM,RTD,CLUZ,01BUGSOL_G01,G,8/30/2026 1:16:00 PM,8/30/2026 1:20:00 PM,MAX_OPERATING_MW,180,
8/30/2026 1:15:00 PM,RTD,CLUZ,01BUGSOL_G01,G,8/30/2026 1:16:00 PM,8/30/2026 1:20:00 PM,MIN_OPERATING_MW,180,
8/30/2026 1:15:00 PM,RTD,CLUZ,01BULACSOL_G01,G,8/30/2026 1:01:00 PM,8/30/2026 2:00:00 PM,MAX_OPERATING_MW,13.47,
8/30/2026 1:15:00 PM,RTD,CLUZ,01BULACSOL_G01,G,8/30/2026 1:01:00 PM,8/30/2026 2:00:00 PM,MIN_OPERATING_MW,13.47,
8/30/2026 1:15:00 PM,RTD,CLUZ,01CONSOL_G01,G,8/30/2026 1:11:00 PM,8/30/2026 1:15:00 PM,MAX_OPERATING_MW,40.80,
8/30/2026 1:15:00 PM,RTD,CLUZ,01CONSOL_G01,G,8/30/2026 1:11:00 PM,8/30/2026 1:15:00 PM,MIN_OPERATING_MW,40.80,
8/30/2026 1:15:00 PM,RTD,CLUZ,01CONSOL_G01,G,8/30/2026 1:16:00 PM,8/30/2026 1:20:00 PM,MAX_OPERATING_MW,40.19,
8/30/2026 1:15:00 PM,RTD,CLUZ,01CONSOL_G01,G,8/30/2026 1:16:00 PM,8/30/2026 1:20:00 PM,MIN_OPERATING_MW,40.19,
8/30/2026 1:15:00 PM,RTD,CLUZ,01PASBUSOL_G01,G,8/30/2026 1:01:00 PM,8/30/2026 2:00:00 PM,MAX_OPERATING_MW,40.15,
8/30/2026 1:15:00 PM,RTD,CLUZ,01PASBUSOL_G01,G,8/30/2026 1:01:00 PM,8/30/2026 2:00:00 PM,MIN_OPERATING_MW,40.15,
8/30/2026 1:15:00 PM,RTD,CLUZ,01TERRASOL_G01,G,8/30/2026 1:01:00 PM,8/30/2026 2:00:00 PM,MAX_OPERATING_MW,600,
8/30/2026 1:15:00 PM,RTD,CLUZ,01TERRASOL_G01,G,8/30/2026 1:01:00 PM,8/30/2026 2:00:00 PM,MIN_OPERATING_MW,600,
8/30/2026 1:15:00 PM,RTD,CLUZ,03LUNSOL_G01,G,8/30/2026 1:11:00 PM,8/30/2026 1:15:00 PM,MAX_OPERATING_MW,31.37,
8/30/2026 1:15:00 PM,RTD,CLUZ,03LUNSOL_G01,G,8/30/2026 1:11:00 PM,8/30/2026 1:15:00 PM,MIN_OPERATING_MW,31.37,
8/30/2026 1:15:00 PM,RTD,CLUZ,03LUNSOL_G01,G,8/30/2026 1:16:00 PM,8/30/2026 1:20:00 PM,MAX_OPERATING_MW,31.01,
8/30/2026 1:15:00 PM,RTD,CLUZ,03LUNSOL_G01,G,8/30/2026 1:16:00 PM,8/30/2026 1:20:00 PM,MIN_OPERATING_MW,31.01,
8/30/2026 1:15:00 PM,RTD,CLUZ,03TANWIND_G01,G,8/30/2026 1:11:00 PM,8/30/2026 1:15:00 PM,MAX_OPERATING_MW,7,
8/30/2026 1:15:00 PM,RTD,CLUZ,03TANWIND_G01,G,8/30/2026 1:11:00 PM,8/30/2026 1:15:00 PM,MIN_OPERATING_MW,7,
8/30/2026 1:15:00 PM,RTD,CLUZ,03TANWIND_G01,G,8/30/2026 1:16:00 PM,8/30/2026 1:20:00 PM,MAX_OPERATING_MW,7,
8/30/2026 1:15:00 PM,RTD,CLUZ,03TANWIND_G01,G,8/30/2026 1:16:00 PM,8/30/2026 1:20:00 PM,MIN_OPERATING_MW,7,
8/30/2026 1:15:00 PM,RTD,CVIS,04ISIDROSOL_G01,G,8/30/2026 1:01:00 PM,8/30/2026 2:00:00 PM,MAX_OPERATING_MW,91.80,
8/30/2026 1:15:00 PM,RTD,CVIS,04ISIDROSOL_G01,G,8/30/2026 1:01:00 PM,8/30/2026 2:00:00 PM,MIN_OPERATING_MW,91.80,
8/30/2026 1:15:00 PM,RTD,CVIS,08AJUYSOL_G01,G,8/30/2026 1:01:00 PM,8/30/2026 2:00:00 PM,MAX_OPERATING_MW,6.60,
8/30/2026 1:15:00 PM,RTD,CVIS,08AJUYSOL_G01,G,8/30/2026 1:01:00 PM,8/30/2026 2:00:00 PM,MIN_OPERATING_MW,6.60,
8/30/2026 1:15:00 PM,RTD,CVIS,08AJUYSOL_G02,G,8/30/2026 1:01:00 PM,8/30/2026 2:00:00 PM,MAX_OPERATING_MW,3.40,
8/30/2026 1:15:00 PM,RTD,CVIS,08AJUYSOL_G02,G,8/30/2026 1:01:00 PM,8/30/2026 2:00:00 PM,MIN_OPERATING_MW,3.40,
8/30/2026 1:15:00 PM,RTD,CMIN,10LIAN_G02,G,8/30/2026 12:05:00 AM,8/30/2026 11:59:00 PM,MAX_OPERATING_MW,6.60,
8/30/2026 1:15:00 PM,RTD,CMIN,10LIAN_G02,G,8/30/2026 12:05:00 AM,8/30/2026 11:59:00 PM,MIN_OPERATING_MW,6.60,
8/30/2026 1:15:00 PM,RTD,CMIN,14TANTASOL_G01,G,8/30/2026 1:01:00 PM,8/30/2026 2:00:00 PM,MAX_OPERATING_MW,50,
8/30/2026 1:15:00 PM,RTD,CMIN,14TANTASOL_G01,G,8/30/2026 1:01:00 PM,8/30/2026 2:00:00 PM,MIN_OPERATING_MW,50,
8/30/2026 1:20:00 PM,RTD,CLUZ,01BARBASOL_G01,G,8/30/2026 1:16:00 PM,8/30/2026 1:20:00 PM,MAX_OPERATING_MW,35.91,
8/30/2026 1:20:00 PM,RTD,CLUZ,01BARBASOL_G01,G,8/30/2026 1:16:00 PM,8/30/2026 1:20:00 PM,MIN_OPERATING_MW,35.91,
8/30/2026 1:20:00 PM,RTD,CLUZ,01BARBASOL_G01,G,8/30/2026 1:21:00 PM,8/30/2026 1:25:00 PM,MAX_OPERATING_MW,35.36,
8/30/2026 1:20:00 PM,RTD,CLUZ,01BARBASOL_G01,G,8/30/2026 1:21:00 PM,8/30/2026 1:25:00 PM,MIN_OPERATING_MW,35.36,
8/30/2026 1:20:00 PM,RTD,CLUZ,01BUGSOL_G01,G,8/30/2026 1:16:00 PM,8/30/2026 1:20:00 PM,MAX_OPERATING_MW,180,
8/30/2026 1:20:00 PM,RTD,CLUZ,01BUGSOL_G01,G,8/30/2026 1:16:00 PM,8/30/2026 1:20:00 PM,MIN_OPERATING_MW,180,
8/30/2026 1:20:00 PM,RTD,CLUZ,01BUGSOL_G01,G,8/30/2026 1:21:00 PM,8/30/2026 1:25:00 PM,MAX_OPERATING_MW,180,
8/30/2026 1:20:00 PM,RTD,CLUZ,01BUGSOL_G01,G,8/30/2026 1:21:00 PM,8/30/2026 1:25:00 PM,MIN_OPERATING_MW,180,
8/30/2026 1:20:00 PM,RTD,CLUZ,01BULACSOL_G01,G,8/30/2026 1:01:00 PM,8/30/2026 2:00:00 PM,MAX_OPERATING_MW,13.47,
8/30/2026 1:20:00 PM,RTD,CLUZ,01BULACSOL_G01,G,8/30/2026 1:01:00 PM,8/30/2026 2:00:00 PM,MIN_OPERATING_MW,13.47,
8/30/2026 1:20:00 PM,RTD,CLUZ,01CONSOL_G01,G,8/30/2026 1:16:00 PM,8/30/2026 1:20:00 PM,MAX_OPERATING_MW,40.19,
8/30/2026 1:20:00 PM,RTD,CLUZ,01CONSOL_G01,G,8/30/2026 1:16:00 PM,8/30/2026 1:20:00 PM,MIN_OPERATING_MW,40.19,
8/30/2026 1:20:00 PM,RTD,CLUZ,01CONSOL_G01,G,8/30/2026 1:21:00 PM,8/30/2026 1:25:00 PM,MAX_OPERATING_MW,39.55,
8/30/2026 1:20:00 PM,RTD,CLUZ,01CONSOL_G01,G,8/30/2026 1:21:00 PM,8/30/2026 1:25:00 PM,MIN_OPERATING_MW,39.55,
8/30/2026 1:20:00 PM,RTD,CLUZ,01PASBUSOL_G01,G,8/30/2026 1:01:00 PM,8/30/2026 2:00:00 PM,MAX_OPERATING_MW,40.15,
8/30/2026 1:20:00 PM,RTD,CLUZ,01PASBUSOL_G01,G,8/30/2026 1:01:00 PM,8/30/2026 2:00:00 PM,MIN_OPERATING_MW,40.15,
8/30/2026 1:20:00 PM,RTD,CLUZ,01TERRASOL_G01,G,8/30/2026 1:01:00 PM,8/30/2026 2:00:00 PM,MAX_OPERATING_MW,600,
8/30/2026 1:20:00 PM,RTD,CLUZ,01TERRASOL_G01,G,8/30/2026 1:01:00 PM,8/30/2026 2:00:00 PM,MIN_OPERATING_MW,600,
8/30/2026 1:20:00 PM,RTD,CLUZ,03LUNSOL_G01,G,8/30/2026 1:16:00 PM,8/30/2026 1:20:00 PM,MAX_OPERATING_MW,31.01,
8/30/2026 1:20:00 PM,RTD,CLUZ,03LUNSOL_G01,G,8/30/2026 1:16:00 PM,8/30/2026 1:20:00 PM,MIN_OPERATING_MW,31.01,
8/30/2026 1:20:00 PM,RTD,CLUZ,03LUNSOL_G01,G,8/30/2026 1:21:00 PM,8/30/2026 1:25:00 PM,MAX_OPERATING_MW,30.63,
8/30/2026 1:20:00 PM,RTD,CLUZ,03LUNSOL_G01,G,8/30/2026 1:21:00 PM,8/30/2026 1:25:00 PM,MIN_OPERATING_MW,30.63,
8/30/2026 1:20:00 PM,RTD,CLUZ,03TANWIND_G01,G,8/30/2026 1:16:00 PM,8/30/2026 1:20:00 PM,MAX_OPERATING_MW,7,
8/30/2026 1:20:00 PM,RTD,CLUZ,03TANWIND_G01,G,8/30/2026 1:16:00 PM,8/30/2026 1:20:00 PM,MIN_OPERATING_MW,7,
8/30/2026 1:20:00 PM,RTD,CLUZ,03TANWIND_G01,G,8/30/2026 1:21:00 PM,8/30/2026 1:25:00 PM,MAX_OPERATING_MW,7,
8/30/2026 1:20:00 PM,RTD,CLUZ,03TANWIND_G01,G,8/30/2026 1:21:00 PM,8/30/2026 1:25:00 PM,MIN_OPERATING_MW,7,
8/30/2026 1:20:00 PM,RTD,CVIS,04ISIDROSOL_G01,G,8/30/2026 1:01:00 PM,8/30/2026 2:00:00 PM,MAX_OPERATING_MW,91.80,
8/30/2026 1:20:00 PM,RTD,CVIS,04ISIDROSOL_G01,G,8/30/2026 1:01:00 PM,8/30/2026 2:00:00 PM,MIN_OPERATING_MW,91.80,
8/30/2026 1:20:00 PM,RTD,CVIS,08AJUYSOL_G01,G,8/30/2026 1:01:00 PM,8/30/2026 2:00:00 PM,MAX_OPERATING_MW,6.60,
8/30/2026 1:20:00 PM,RTD,CVIS,08AJUYSOL_G01,G,8/30/2026 1:01:00 PM,8/30/2026 2:00:00 PM,MIN_OPERATING_MW,6.60,
8/30/2026 1:20:00 PM,RTD,CVIS,08AJUYSOL_G02,G,8/30/2026 1:01:00 PM,8/30/2026 2:00:00 PM,MAX_OPERATING_MW,3.40,
8/30/2026 1:20:00 PM,RTD,CVIS,08AJUYSOL_G02,G,8/30/2026 1:01:00 PM,8/30/2026 2:00:00 PM,MIN_OPERATING_MW,3.40,
8/30/2026 1:20:00 PM,RTD,CMIN,10LIAN_G02,G,8/30/2026 12:05:00 AM,8/30/2026 11:59:00 PM,MAX_OPERATING_MW,6.60,
8/30/2026 1:20:00 PM,RTD,CMIN,10LIAN_G02,G,8/30/2026 12:05:00 AM,8/30/2026 11:59:00 PM,MIN_OPERATING_MW,6.60,
8/30/2026 1:20:00 PM,RTD,CMIN,14TANTASOL_G01,G,8/30/2026 1:01:00 PM,8/30/2026 2:00:00 PM,MAX_OPERATING_MW,50,
8/30/2026 1:20:00 PM,RTD,CMIN,14TANTASOL_G01,G,8/30/2026 1:01:00 PM,8/30/2026 2:00:00 PM,MIN_OPERATING_MW,50,
8/30/2026 1:25:00 PM,RTD,CLUZ,01BARBASOL_G01,G,8/30/2026 1:21:00 PM,8/30/2026 1:25:00 PM,MAX_OPERATING_MW,35.36,
8/30/2026 1:25:00 PM,RTD,CLUZ,01BARBASOL_G01,G,8/30/2026 1:21:00 PM,8/30/2026 1:25:00 PM,MIN_OPERATING_MW,35.36,
8/30/2026 1:25:00 PM,RTD,CLUZ,01BARBASOL_G01,G,8/30/2026 1:26:00 PM,8/30/2026 1:30:00 PM,MAX_OPERATING_MW,34.83,
8/30/2026 1:25:00 PM,RTD,CLUZ,01BARBASOL_G01,G,8/30/2026 1:26:00 PM,8/30/2026 1:30:00 PM,MIN_OPERATING_MW,34.83,
8/30/2026 1:25:00 PM,RTD,CLUZ,01BUGSOL_G01,G,8/30/2026 1:21:00 PM,8/30/2026 1:25:00 PM,MAX_OPERATING_MW,180,
8/30/2026 1:25:00 PM,RTD,CLUZ,01BUGSOL_G01,G,8/30/2026 1:21:00 PM,8/30/2026 1:25:00 PM,MIN_OPERATING_MW,180,
8/30/2026 1:25:00 PM,RTD,CLUZ,01BUGSOL_G01,G,8/30/2026 1:26:00 PM,8/30/2026 1:30:00 PM,MAX_OPERATING_MW,180,
8/30/2026 1:25:00 PM,RTD,CLUZ,01BUGSOL_G01,G,8/30/2026 1:26:00 PM,8/30/2026 1:30:00 PM,MIN_OPERATING_MW,180,
8/30/2026 1:25:00 PM,RTD,CLUZ,01BULACSOL_G01,G,8/30/2026 1:01:00 PM,8/30/2026 2:00:00 PM,MAX_OPERATING_MW,13.47,
8/30/2026 1:25:00 PM,RTD,CLUZ,01BULACSOL_G01,G,8/30/2026 1:01:00 PM,8/30/2026 2:00:00 PM,MIN_OPERATING_MW,13.47,
8/30/2026 1:25:00 PM,RTD,CLUZ,01CONSOL_G01,G,8/30/2026 1:21:00 PM,8/30/2026 1:25:00 PM,MAX_OPERATING_MW,39.55,
8/30/2026 1:25:00 PM,RTD,CLUZ,01CONSOL_G01,G,8/30/2026 1:21:00 PM,8/30/2026 1:25:00 PM,MIN_OPERATING_MW,39.55,
8/30/2026 1:25:00 PM,RTD,CLUZ,01CONSOL_G01,G,8/30/2026 1:26:00 PM,8/30/2026 1:30:00 PM,MAX_OPERATING_MW,38.90,
8/30/2026 1:25:00 PM,RTD,CLUZ,01CONSOL_G01,G,8/30/2026 1:26:00 PM,8/30/2026 1:30:00 PM,MIN_OPERATING_MW,38.90,
8/30/2026 1:25:00 PM,RTD,CLUZ,01PASBUSOL_G01,G,8/30/2026 1:01:00 PM,8/30/2026 2:00:00 PM,MAX_OPERATING_MW,40.15,
8/30/2026 1:25:00 PM,RTD,CLUZ,01PASBUSOL_G01,G,8/30/2026 1:01:00 PM,8/30/2026 2:00:00 PM,MIN_OPERATING_MW,40.15,
8/30/2026 1:25:00 PM,RTD,CLUZ,01TERRASOL_G01,G,8/30/2026 1:01:00 PM,8/30/2026 2:00:00 PM,MAX_OPERATING_MW,600,
8/30/2026 1:25:00 PM,RTD,CLUZ,01TERRASOL_G01,G,8/30/2026 1:01:00 PM,8/30/2026 2:00:00 PM,MIN_OPERATING_MW,600,
8/30/2026 1:25:00 PM,RTD,CLUZ,03KAL_G03,PS,8/30/2026 1:26:00 PM,8/30/2026 1:40:00 PM,MAX_OPERATING_MW,135,
8/30/2026 1:25:00 PM,RTD,CLUZ,03KAL_G03,PS,8/30/2026 1:26:00 PM,8/30/2026 1:40:00 PM,MIN_OPERATING_MW,135,
8/30/2026 1:25:00 PM,RTD,CLUZ,03LUNSOL_G01,G,8/30/2026 1:21:00 PM,8/30/2026 1:25:00 PM,MAX_OPERATING_MW,30.63,
8/30/2026 1:25:00 PM,RTD,CLUZ,03LUNSOL_G01,G,8/30/2026 1:21:00 PM,8/30/2026 1:25:00 PM,MIN_OPERATING_MW,30.63,
8/30/2026 1:25:00 PM,RTD,CLUZ,03LUNSOL_G01,G,8/30/2026 1:26:00 PM,8/30/2026 1:30:00 PM,MAX_OPERATING_MW,30.24,
8/30/2026 1:25:00 PM,RTD,CLUZ,03LUNSOL_G01,G,8/30/2026 1:26:00 PM,8/30/2026 1:30:00 PM,MIN_OPERATING_MW,30.24,
8/30/2026 1:25:00 PM,RTD,CLUZ,03TANWIND_G01,G,8/30/2026 1:21:00 PM,8/30/2026 1:25:00 PM,MAX_OPERATING_MW,7,
8/30/2026 1:25:00 PM,RTD,CLUZ,03TANWIND_G01,G,8/30/2026 1:21:00 PM,8/30/2026 1:25:00 PM,MIN_OPERATING_MW,7,
8/30/2026 1:25:00 PM,RTD,CLUZ,03TANWIND_G01,G,8/30/2026 1:26:00 PM,8/30/2026 1:30:00 PM,MAX_OPERATING_MW,7,
8/30/2026 1:25:00 PM,RTD,CLUZ,03TANWIND_G01,G,8/30/2026 1:26:00 PM,8/30/2026 1:30:00 PM,MIN_OPERATING_MW,7,
8/30/2026 1:25:00 PM,RTD,CVIS,04ISIDROSOL_G01,G,8/30/2026 1:01:00 PM,8/30/2026 2:00:00 PM,MAX_OPERATING_MW,91.80,
8/30/2026 1:25:00 PM,RTD,CVIS,04ISIDROSOL_G01,G,8/30/2026 1:01:00 PM,8/30/2026 2:00:00 PM,MIN_OPERATING_MW,91.80,
8/30/2026 1:25:00 PM,RTD,CVIS,08AJUYSOL_G01,G,8/30/2026 1:01:00 PM,8/30/2026 2:00:00 PM,MAX_OPERATING_MW,6.60,
8/30/2026 1:25:00 PM,RTD,CVIS,08AJUYSOL_G01,G,8/30/2026 1:01:00 PM,8/30/2026 2:00:00 PM,MIN_OPERATING_MW,6.60,
8/30/2026 1:25:00 PM,RTD,CVIS,08AJUYSOL_G02,G,8/30/2026 1:01:00 PM,8/30/2026 2:00:00 PM,MAX_OPERATING_MW,3.40,
8/30/2026 1:25:00 PM,RTD,CVIS,08AJUYSOL_G02,G,8/30/2026 1:01:00 PM,8/30/2026 2:00:00 PM,MIN_OPERATING_MW,3.40,
8/30/2026 1:25:00 PM,RTD,CMIN,10LIAN_G02,G,8/30/2026 12:05:00 AM,8/30/2026 11:59:00 PM,MAX_OPERATING_MW,6.60,
8/30/2026 1:25:00 PM,RTD,CMIN,10LIAN_G02,G,8/30/2026 12:05:00 AM,8/30/2026 11:59:00 PM,MIN_OPERATING_MW,6.60,
8/30/2026 1:25:00 PM,RTD,CMIN,14TANTASOL_G01,G,8/30/2026 1:01:00 PM,8/30/2026 2:00:00 PM,MAX_OPERATING_MW,50,
8/30/2026 1:25:00 PM,RTD,CMIN,14TANTASOL_G01,G,8/30/2026 1:01:00 PM,8/30/2026 2:00:00 PM,MIN_OPERATING_MW,50,
8/30/2026 1:30:00 PM,RTD,CLUZ,01BARBASOL_G01,G,8/30/2026 1:26:00 PM,8/30/2026 1:30:00 PM,MAX_OPERATING_MW,34.83,
8/30/2026 1:30:00 PM,RTD,CLUZ,01BARBASOL_G01,G,8/30/2026 1:26:00 PM,8/30/2026 1:30:00 PM,MIN_OPERATING_MW,34.83,
8/30/2026 1:30:00 PM,RTD,CLUZ,01BARBASOL_G01,G,8/30/2026 1:31:00 PM,8/30/2026 1:35:00 PM,MAX_OPERATING_MW,34.32,
8/30/2026 1:30:00 PM,RTD,CLUZ,01BARBASOL_G01,G,8/30/2026 1:31:00 PM,8/30/2026 1:35:00 PM,MIN_OPERATING_MW,34.32,
8/30/2026 1:30:00 PM,RTD,CLUZ,01BUGSOL_G01,G,8/30/2026 1:26:00 PM,8/30/2026 1:30:00 PM,MAX_OPERATING_MW,180,
8/30/2026 1:30:00 PM,RTD,CLUZ,01BUGSOL_G01,G,8/30/2026 1:26:00 PM,8/30/2026 1:30:00 PM,MIN_OPERATING_MW,180,
8/30/2026 1:30:00 PM,RTD,CLUZ,01BUGSOL_G01,G,8/30/2026 1:31:00 PM,8/30/2026 1:35:00 PM,MAX_OPERATING_MW,180,
8/30/2026 1:30:00 PM,RTD,CLUZ,01BUGSOL_G01,G,8/30/2026 1:31:00 PM,8/30/2026 1:35:00 PM,MIN_OPERATING_MW,180,
8/30/2026 1:30:00 PM,RTD,CLUZ,01BULACSOL_G01,G,8/30/2026 1:01:00 PM,8/30/2026 2:00:00 PM,MAX_OPERATING_MW,13.47,
8/30/2026 1:30:00 PM,RTD,CLUZ,01BULACSOL_G01,G,8/30/2026 1:01:00 PM,8/30/2026 2:00:00 PM,MIN_OPERATING_MW,13.47,
8/30/2026 1:30:00 PM,RTD,CLUZ,01CONSOL_G01,G,8/30/2026 1:26:00 PM,8/30/2026 1:30:00 PM,MAX_OPERATING_MW,38.90,
8/30/2026 1:30:00 PM,RTD,CLUZ,01CONSOL_G01,G,8/30/2026 1:26:00 PM,8/30/2026 1:30:00 PM,MIN_OPERATING_MW,38.90,
8/30/2026 1:30:00 PM,RTD,CLUZ,01CONSOL_G01,G,8/30/2026 1:31:00 PM,8/30/2026 1:35:00 PM,MAX_OPERATING_MW,38.23,
8/30/2026 1:30:00 PM,RTD,CLUZ,01CONSOL_G01,G,8/30/2026 1:31:00 PM,8/30/2026 1:35:00 PM,MIN_OPERATING_MW,38.23,
8/30/2026 1:30:00 PM,RTD,CLUZ,01PASBUSOL_G01,G,8/30/2026 1:01:00 PM,8/30/2026 2:00:00 PM,MAX_OPERATING_MW,40.15,
8/30/2026 1:30:00 PM,RTD,CLUZ,01PASBUSOL_G01,G,8/30/2026 1:01:00 PM,8/30/2026 2:00:00 PM,MIN_OPERATING_MW,40.15,
8/30/2026 1:30:00 PM,RTD,CLUZ,01TERRASOL_G01,G,8/30/2026 1:01:00 PM,8/30/2026 2:00:00 PM,MAX_OPERATING_MW,600,
8/30/2026 1:30:00 PM,RTD,CLUZ,01TERRASOL_G01,G,8/30/2026 1:01:00 PM,8/30/2026 2:00:00 PM,MIN_OPERATING_MW,600,
8/30/2026 1:30:00 PM,RTD,CLUZ,03KAL_G03,PS,8/30/2026 1:26:00 PM,8/30/2026 1:40:00 PM,MAX_OPERATING_MW,135,
8/30/2026 1:30:00 PM,RTD,CLUZ,03KAL_G03,PS,8/30/2026 1:26:00 PM,8/30/2026 1:40:00 PM,MIN_OPERATING_MW,135,
8/30/2026 1:30:00 PM,RTD,CLUZ,03LUNSOL_G01,G,8/30/2026 1:26:00 PM,8/30/2026 1:30:00 PM,MAX_OPERATING_MW,30.24,
8/30/2026 1:30:00 PM,RTD,CLUZ,03LUNSOL_G01,G,8/30/2026 1:26:00 PM,8/30/2026 1:30:00 PM,MIN_OPERATING_MW,30.24,
8/30/2026 1:30:00 PM,RTD,CLUZ,03LUNSOL_G01,G,8/30/2026 1:31:00 PM,8/30/2026 1:35:00 PM,MAX_OPERATING_MW,29.83,
8/30/2026 1:30:00 PM,RTD,CLUZ,03LUNSOL_G01,G,8/30/2026 1:31:00 PM,8/30/2026 1:35:00 PM,MIN_OPERATING_MW,29.83,
8/30/2026 1:30:00 PM,RTD,CLUZ,03TANWIND_G01,G,8/30/2026 1:26:00 PM,8/30/2026 1:30:00 PM,MAX_OPERATING_MW,7,
8/30/2026 1:30:00 PM,RTD,CLUZ,03TANWIND_G01,G,8/30/2026 1:26:00 PM,8/30/2026 1:30:00 PM,MIN_OPERATING_MW,7,
8/30/2026 1:30:00 PM,RTD,CLUZ,03TANWIND_G01,G,8/30/2026 1:31:00 PM,8/30/2026 1:35:00 PM,MAX_OPERATING_MW,7,
8/30/2026 1:30:00 PM,RTD,CLUZ,03TANWIND_G01,G,8/30/2026 1:31:00 PM,8/30/2026 1:35:00 PM,MIN_OPERATING_MW,7,
8/30/2026 1:30:00 PM,RTD,CVIS,04ISIDROSOL_G01,G,8/30/2026 1:01:00 PM,8/30/2026 2:00:00 PM,MAX_OPERATING_MW,91.80,
8/30/2026 1:30:00 PM,RTD,CVIS,04ISIDROSOL_G01,G,8/30/2026 1:01:00 PM,8/30/2026 2:00:00 PM,MIN_OPERATING_MW,91.80,
8/30/2026 1:30:00 PM,RTD,CVIS,08AJUYSOL_G01,G,8/30/2026 1:01:00 PM,8/30/2026 2:00:00 PM,MAX_OPERATING_MW,6.60,
8/30/2026 1:30:00 PM,RTD,CVIS,08AJUYSOL_G01,G,8/30/2026 1:01:00 PM,8/30/2026 2:00:00 PM,MIN_OPERATING_MW,6.60,
8/30/2026 1:30:00 PM,RTD,CVIS,08AJUYSOL_G02,G,8/30/2026 1:01:00 PM,8/30/2026 2:00:00 PM,MAX_OPERATING_MW,3.40,
8/30/2026 1:30:00 PM,RTD,CVIS,08AJUYSOL_G02,G,8/30/2026 1:01:00 PM,8/30/2026 2:00:00 PM,MIN_OPERATING_MW,3.40,
8/30/2026 1:30:00 PM,RTD,CMIN,10LIAN_G02,G,8/30/2026 12:05:00 AM,8/30/2026 11:59:00 PM,MAX_OPERATING_MW,6.60,
8/30/2026 1:30:00 PM,RTD,CMIN,10LIAN_G02,G,8/30/2026 12:05:00 AM,8/30/2026 11:59:00 PM,MIN_OPERATING_MW,6.60,
8/30/2026 1:30:00 PM,RTD,CMIN,14TANTASOL_G01,G,8/30/2026 1:01:00 PM,8/30/2026 2:00:00 PM,MAX_OPERATING_MW,50,
8/30/2026 1:30:00 PM,RTD,CMIN,14TANTASOL_G01,G,8/30/2026 1:01:00 PM,8/30/2026 2:00:00 PM,MIN_OPERATING_MW,50,
8/30/2026 1:35:00 PM,RTD,CLUZ,01BARBASOL_G01,G,8/30/2026 1:31:00 PM,8/30/2026 1:35:00 PM,MAX_OPERATING_MW,34.32,
8/30/2026 1:35:00 PM,RTD,CLUZ,01BARBASOL_G01,G,8/30/2026 1:31:00 PM,8/30/2026 1:35:00 PM,MIN_OPERATING_MW,34.32,
8/30/2026 1:35:00 PM,RTD,CLUZ,01BARBASOL_G01,G,8/30/2026 1:36:00 PM,8/30/2026 1:40:00 PM,MAX_OPERATING_MW,33.82,
8/30/2026 1:35:00 PM,RTD,CLUZ,01BARBASOL_G01,G,8/30/2026 1:36:00 PM,8/30/2026 1:40:00 PM,MIN_OPERATING_MW,33.82,
8/30/2026 1:35:00 PM,RTD,CLUZ,01BUGSOL_G01,G,8/30/2026 1:31:00 PM,8/30/2026 1:35:00 PM,MAX_OPERATING_MW,180,
8/30/2026 1:35:00 PM,RTD,CLUZ,01BUGSOL_G01,G,8/30/2026 1:31:00 PM,8/30/2026 1:35:00 PM,MIN_OPERATING_MW,180,
8/30/2026 1:35:00 PM,RTD,CLUZ,01BUGSOL_G01,G,8/30/2026 1:36:00 PM,8/30/2026 1:40:00 PM,MAX_OPERATING_MW,150,
8/30/2026 1:35:00 PM,RTD,CLUZ,01BUGSOL_G01,G,8/30/2026 1:36:00 PM,8/30/2026 1:40:00 PM,MIN_OPERATING_MW,150,
8/30/2026 1:35:00 PM,RTD,CLUZ,01BULACSOL_G01,G,8/30/2026 1:01:00 PM,8/30/2026 2:00:00 PM,MAX_OPERATING_MW,13.47,
8/30/2026 1:35:00 PM,RTD,CLUZ,01BULACSOL_G01,G,8/30/2026 1:01:00 PM,8/30/2026 2:00:00 PM,MIN_OPERATING_MW,13.47,
8/30/2026 1:35:00 PM,RTD,CLUZ,01CONSOL_G01,G,8/30/2026 1:31:00 PM,8/30/2026 1:35:00 PM,MAX_OPERATING_MW,38.23,
8/30/2026 1:35:00 PM,RTD,CLUZ,01CONSOL_G01,G,8/30/2026 1:31:00 PM,8/30/2026 1:35:00 PM,MIN_OPERATING_MW,38.23,
8/30/2026 1:35:00 PM,RTD,CLUZ,01CONSOL_G01,G,8/30/2026 1:36:00 PM,8/30/2026 1:40:00 PM,MAX_OPERATING_MW,37.55,
8/30/2026 1:35:00 PM,RTD,CLUZ,01CONSOL_G01,G,8/30/2026 1:36:00 PM,8/30/2026 1:40:00 PM,MIN_OPERATING_MW,37.55,
8/30/2026 1:35:00 PM,RTD,CLUZ,01PASBUSOL_G01,G,8/30/2026 1:01:00 PM,8/30/2026 2:00:00 PM,MAX_OPERATING_MW,40.15,
8/30/2026 1:35:00 PM,RTD,CLUZ,01PASBUSOL_G01,G,8/30/2026 1:01:00 PM,8/30/2026 2:00:00 PM,MIN_OPERATING_MW,40.15,
8/30/2026 1:35:00 PM,RTD,CLUZ,01TERRASOL_G01,G,8/30/2026 1:01:00 PM,8/30/2026 2:00:00 PM,MAX_OPERATING_MW,600,
8/30/2026 1:35:00 PM,RTD,CLUZ,01TERRASOL_G01,G,8/30/2026 1:01:00 PM,8/30/2026 2:00:00 PM,MIN_OPERATING_MW,600,
8/30/2026 1:35:00 PM,RTD,CLUZ,03KAL_G03,PS,8/30/2026 1:26:00 PM,8/30/2026 1:40:00 PM,MAX_OPERATING_MW,135,
8/30/2026 1:35:00 PM,RTD,CLUZ,03KAL_G03,PS,8/30/2026 1:26:00 PM,8/30/2026 1:40:00 PM,MIN_OPERATING_MW,135,
8/30/2026 1:35:00 PM,RTD,CLUZ,03LUNSOL_G01,G,8/30/2026 1:31:00 PM,8/30/2026 1:35:00 PM,MAX_OPERATING_MW,29.83,
8/30/2026 1:35:00 PM,RTD,CLUZ,03LUNSOL_G01,G,8/30/2026 1:31:00 PM,8/30/2026 1:35:00 PM,MIN_OPERATING_MW,29.83,
8/30/2026 1:35:00 PM,RTD,CLUZ,03LUNSOL_G01,G,8/30/2026 1:36:00 PM,8/30/2026 1:40:00 PM,MAX_OPERATING_MW,29.41,
8/30/2026 1:35:00 PM,RTD,CLUZ,03LUNSOL_G01,G,8/30/2026 1:36:00 PM,8/30/2026 1:40:00 PM,MIN_OPERATING_MW,29.41,
8/30/2026 1:35:00 PM,RTD,CLUZ,03TANWIND_G01,G,8/30/2026 1:31:00 PM,8/30/2026 1:35:00 PM,MAX_OPERATING_MW,7,
8/30/2026 1:35:00 PM,RTD,CLUZ,03TANWIND_G01,G,8/30/2026 1:31:00 PM,8/30/2026 1:35:00 PM,MIN_OPERATING_MW,7,
8/30/2026 1:35:00 PM,RTD,CLUZ,03TANWIND_G01,G,8/30/2026 1:36:00 PM,8/30/2026 1:40:00 PM,MAX_OPERATING_MW,7,
8/30/2026 1:35:00 PM,RTD,CLUZ,03TANWIND_G01,G,8/30/2026 1:36:00 PM,8/30/2026 1:40:00 PM,MIN_OPERATING_MW,7,
8/30/2026 1:35:00 PM,RTD,CVIS,04ISIDROSOL_G01,G,8/30/2026 1:01:00 PM,8/30/2026 2:00:00 PM,MAX_OPERATING_MW,91.80,
8/30/2026 1:35:00 PM,RTD,CVIS,04ISIDROSOL_G01,G,8/30/2026 1:01:00 PM,8/30/2026 2:00:00 PM,MIN_OPERATING_MW,91.80,
8/30/2026 1:35:00 PM,RTD,CVIS,08AJUYSOL_G01,G,8/30/2026 1:01:00 PM,8/30/2026 2:00:00 PM,MAX_OPERATING_MW,6.60,
8/30/2026 1:35:00 PM,RTD,CVIS,08AJUYSOL_G01,G,8/30/2026 1:01:00 PM,8/30/2026 2:00:00 PM,MIN_OPERATING_MW,6.60,
8/30/2026 1:35:00 PM,RTD,CVIS,08AJUYSOL_G02,G,8/30/2026 1:01:00 PM,8/30/2026 2:00:00 PM,MAX_OPERATING_MW,3.40,
8/30/2026 1:35:00 PM,RTD,CVIS,08AJUYSOL_G02,G,8/30/2026 1:01:00 PM,8/30/2026 2:00:00 PM,MIN_OPERATING_MW,3.40,
8/30/2026 1:35:00 PM,RTD,CMIN,10LIAN_G02,G,8/30/2026 12:05:00 AM,8/30/2026 11:59:00 PM,MAX_OPERATING_MW,0,
8/30/2026 1:35:00 PM,RTD,CMIN,10LIAN_G02,G,8/30/2026 12:05:00 AM,8/30/2026 11:59:00 PM,MIN_OPERATING_MW,0,
8/30/2026 1:35:00 PM,RTD,CMIN,14TANTASOL_G01,G,8/30/2026 1:01:00 PM,8/30/2026 2:00:00 PM,MAX_OPERATING_MW,50,
8/30/2026 1:35:00 PM,RTD,CMIN,14TANTASOL_G01,G,8/30/2026 1:01:00 PM,8/30/2026 2:00:00 PM,MIN_OPERATING_MW,50,
8/30/2026 1:40:00 PM,RTD,CLUZ,01BARBASOL_G01,G,8/30/2026 1:36:00 PM,8/30/2026 1:40:00 PM,MAX_OPERATING_MW,33.82,
8/30/2026 1:40:00 PM,RTD,CLUZ,01BARBASOL_G01,G,8/30/2026 1:36:00 PM,8/30/2026 1:40:00 PM,MIN_OPERATING_MW,33.82,
8/30/2026 1:40:00 PM,RTD,CLUZ,01BARBASOL_G01,G,8/30/2026 1:41:00 PM,8/30/2026 1:45:00 PM,MAX_OPERATING_MW,33.33,
8/30/2026 1:40:00 PM,RTD,CLUZ,01BARBASOL_G01,G,8/30/2026 1:41:00 PM,8/30/2026 1:45:00 PM,MIN_OPERATING_MW,33.33,
8/30/2026 1:40:00 PM,RTD,CLUZ,01BUGSOL_G01,G,8/30/2026 1:36:00 PM,8/30/2026 1:40:00 PM,MAX_OPERATING_MW,150,
8/30/2026 1:40:00 PM,RTD,CLUZ,01BUGSOL_G01,G,8/30/2026 1:36:00 PM,8/30/2026 1:40:00 PM,MIN_OPERATING_MW,150,
8/30/2026 1:40:00 PM,RTD,CLUZ,01BUGSOL_G01,G,8/30/2026 1:41:00 PM,8/30/2026 1:45:00 PM,MAX_OPERATING_MW,150,
8/30/2026 1:40:00 PM,RTD,CLUZ,01BUGSOL_G01,G,8/30/2026 1:41:00 PM,8/30/2026 1:45:00 PM,MIN_OPERATING_MW,150,
8/30/2026 1:40:00 PM,RTD,CLUZ,01BULACSOL_G01,G,8/30/2026 1:01:00 PM,8/30/2026 2:00:00 PM,MAX_OPERATING_MW,13.47,
8/30/2026 1:40:00 PM,RTD,CLUZ,01BULACSOL_G01,G,8/30/2026 1:01:00 PM,8/30/2026 2:00:00 PM,MIN_OPERATING_MW,13.47,
8/30/2026 1:40:00 PM,RTD,CLUZ,01CONSOL_G01,G,8/30/2026 1:36:00 PM,8/30/2026 1:40:00 PM,MAX_OPERATING_MW,37.55,
8/30/2026 1:40:00 PM,RTD,CLUZ,01CONSOL_G01,G,8/30/2026 1:36:00 PM,8/30/2026 1:40:00 PM,MIN_OPERATING_MW,37.55,
8/30/2026 1:40:00 PM,RTD,CLUZ,01CONSOL_G01,G,8/30/2026 1:41:00 PM,8/30/2026 1:45:00 PM,MAX_OPERATING_MW,36.42,
8/30/2026 1:40:00 PM,RTD,CLUZ,01CONSOL_G01,G,8/30/2026 1:41:00 PM,8/30/2026 1:45:00 PM,MIN_OPERATING_MW,36.42,
8/30/2026 1:40:00 PM,RTD,CLUZ,01PASBUSOL_G01,G,8/30/2026 1:01:00 PM,8/30/2026 2:00:00 PM,MAX_OPERATING_MW,40.15,
8/30/2026 1:40:00 PM,RTD,CLUZ,01PASBUSOL_G01,G,8/30/2026 1:01:00 PM,8/30/2026 2:00:00 PM,MIN_OPERATING_MW,40.15,
8/30/2026 1:40:00 PM,RTD,CLUZ,01TERRASOL_G01,G,8/30/2026 1:01:00 PM,8/30/2026 2:00:00 PM,MAX_OPERATING_MW,600,
8/30/2026 1:40:00 PM,RTD,CLUZ,01TERRASOL_G01,G,8/30/2026 1:01:00 PM,8/30/2026 2:00:00 PM,MIN_OPERATING_MW,600,
8/30/2026 1:40:00 PM,RTD,CLUZ,03KAL_G03,PS,8/30/2026 1:26:00 PM,8/30/2026 1:40:00 PM,MAX_OPERATING_MW,135,
8/30/2026 1:40:00 PM,RTD,CLUZ,03KAL_G03,PS,8/30/2026 1:26:00 PM,8/30/2026 1:40:00 PM,MIN_OPERATING_MW,135,
8/30/2026 1:40:00 PM,RTD,CLUZ,03LUNSOL_G01,G,8/30/2026 1:36:00 PM,8/30/2026 1:40:00 PM,MAX_OPERATING_MW,29.41,
8/30/2026 1:40:00 PM,RTD,CLUZ,03LUNSOL_G01,G,8/30/2026 1:36:00 PM,8/30/2026 1:40:00 PM,MIN_OPERATING_MW,29.41,
8/30/2026 1:40:00 PM,RTD,CLUZ,03LUNSOL_G01,G,8/30/2026 1:41:00 PM,8/30/2026 1:45:00 PM,MAX_OPERATING_MW,28.98,
8/30/2026 1:40:00 PM,RTD,CLUZ,03LUNSOL_G01,G,8/30/2026 1:41:00 PM,8/30/2026 1:45:00 PM,MIN_OPERATING_MW,28.98,
8/30/2026 1:40:00 PM,RTD,CLUZ,03TANWIND_G01,G,8/30/2026 1:36:00 PM,8/30/2026 1:40:00 PM,MAX_OPERATING_MW,7,
8/30/2026 1:40:00 PM,RTD,CLUZ,03TANWIND_G01,G,8/30/2026 1:36:00 PM,8/30/2026 1:40:00 PM,MIN_OPERATING_MW,7,
8/30/2026 1:40:00 PM,RTD,CLUZ,03TANWIND_G01,G,8/30/2026 1:41:00 PM,8/30/2026 1:45:00 PM,MAX_OPERATING_MW,7,
8/30/2026 1:40:00 PM,RTD,CLUZ,03TANWIND_G01,G,8/30/2026 1:41:00 PM,8/30/2026 1:45:00 PM,MIN_OPERATING_MW,7,
8/30/2026 1:40:00 PM,RTD,CVIS,04ISIDROSOL_G01,G,8/30/2026 1:01:00 PM,8/30/2026 2:00:00 PM,MAX_OPERATING_MW,91.80,
8/30/2026 1:40:00 PM,RTD,CVIS,04ISIDROSOL_G01,G,8/30/2026 1:01:00 PM,8/30/2026 2:00:00 PM,MIN_OPERATING_MW,91.80,
8/30/2026 1:40:00 PM,RTD,CVIS,08AJUYSOL_G01,G,8/30/2026 1:01:00 PM,8/30/2026 2:00:00 PM,MAX_OPERATING_MW,6.60,
8/30/2026 1:40:00 PM,RTD,CVIS,08AJUYSOL_G01,G,8/30/2026 1:01:00 PM,8/30/2026 2:00:00 PM,MIN_OPERATING_MW,6.60,
8/30/2026 1:40:00 PM,RTD,CVIS,08AJUYSOL_G02,G,8/30/2026 1:01:00 PM,8/30/2026 2:00:00 PM,MAX_OPERATING_MW,3.40,
8/30/2026 1:40:00 PM,RTD,CVIS,08AJUYSOL_G02,G,8/30/2026 1:01:00 PM,8/30/2026 2:00:00 PM,MIN_OPERATING_MW,3.40,
8/30/2026 1:40:00 PM,RTD,CMIN,10LIAN_G02,G,8/30/2026 12:05:00 AM,8/30/2026 11:59:00 PM,MAX_OPERATING_MW,0,
8/30/2026 1:40:00 PM,RTD,CMIN,10LIAN_G02,G,8/30/2026 12:05:00 AM,8/30/2026 11:59:00 PM,MIN_OPERATING_MW,0,
8/30/2026 1:40:00 PM,RTD,CMIN,14TANTASOL_G01,G,8/30/2026 1:01:00 PM,8/30/2026 2:00:00 PM,MAX_OPERATING_MW,0,
8/30/2026 1:40:00 PM,RTD,CMIN,14TANTASOL_G01,G,8/30/2026 1:01:00 PM,8/30/2026 2:00:00 PM,MIN_OPERATING_MW,0,
8/30/2026 1:45:00 PM,RTD,CLUZ,01BARBASOL_G01,G,8/30/2026 1:41:00 PM,8/30/2026 1:45:00 PM,MAX_OPERATING_MW,33.33,
8/30/2026 1:45:00 PM,RTD,CLUZ,01BARBASOL_G01,G,8/30/2026 1:41:00 PM,8/30/2026 1:45:00 PM,MIN_OPERATING_MW,33.33,
8/30/2026 1:45:00 PM,RTD,CLUZ,01BARBASOL_G01,G,8/30/2026 1:46:00 PM,8/30/2026 1:50:00 PM,MAX_OPERATING_MW,32.85,
8/30/2026 1:45:00 PM,RTD,CLUZ,01BARBASOL_G01,G,8/30/2026 1:46:00 PM,8/30/2026 1:50:00 PM,MIN_OPERATING_MW,32.85,
8/30/2026 1:45:00 PM,RTD,CLUZ,01BUGSOL_G01,G,8/30/2026 1:41:00 PM,8/30/2026 1:45:00 PM,MAX_OPERATING_MW,150,
8/30/2026 1:45:00 PM,RTD,CLUZ,01BUGSOL_G01,G,8/30/2026 1:41:00 PM,8/30/2026 1:45:00 PM,MIN_OPERATING_MW,150,
8/30/2026 1:45:00 PM,RTD,CLUZ,01BUGSOL_G01,G,8/30/2026 1:46:00 PM,8/30/2026 1:50:00 PM,MAX_OPERATING_MW,100,
8/30/2026 1:45:00 PM,RTD,CLUZ,01BUGSOL_G01,G,8/30/2026 1:46:00 PM,8/30/2026 1:50:00 PM,MIN_OPERATING_MW,100,
8/30/2026 1:45:00 PM,RTD,CLUZ,01BULACSOL_G01,G,8/30/2026 1:01:00 PM,8/30/2026 2:00:00 PM,MAX_OPERATING_MW,13.47,
8/30/2026 1:45:00 PM,RTD,CLUZ,01BULACSOL_G01,G,8/30/2026 1:01:00 PM,8/30/2026 2:00:00 PM,MIN_OPERATING_MW,13.47,
8/30/2026 1:45:00 PM,RTD,CLUZ,01CONSOL_G01,G,8/30/2026 1:41:00 PM,8/30/2026 1:45:00 PM,MAX_OPERATING_MW,36.42,
8/30/2026 1:45:00 PM,RTD,CLUZ,01CONSOL_G01,G,8/30/2026 1:41:00 PM,8/30/2026 1:45:00 PM,MIN_OPERATING_MW,36.42,
8/30/2026 1:45:00 PM,RTD,CLUZ,01CONSOL_G01,G,8/30/2026 1:46:00 PM,8/30/2026 1:50:00 PM,MAX_OPERATING_MW,35.21,
8/30/2026 1:45:00 PM,RTD,CLUZ,01CONSOL_G01,G,8/30/2026 1:46:00 PM,8/30/2026 1:50:00 PM,MIN_OPERATING_MW,35.21,
8/30/2026 1:45:00 PM,RTD,CLUZ,01PASBUSOL_G01,G,8/30/2026 1:01:00 PM,8/30/2026 2:00:00 PM,MAX_OPERATING_MW,40.15,
8/30/2026 1:45:00 PM,RTD,CLUZ,01PASBUSOL_G01,G,8/30/2026 1:01:00 PM,8/30/2026 2:00:00 PM,MIN_OPERATING_MW,40.15,
8/30/2026 1:45:00 PM,RTD,CLUZ,01TERRASOL_G01,G,8/30/2026 1:01:00 PM,8/30/2026 2:00:00 PM,MAX_OPERATING_MW,600,
8/30/2026 1:45:00 PM,RTD,CLUZ,01TERRASOL_G01,G,8/30/2026 1:01:00 PM,8/30/2026 2:00:00 PM,MIN_OPERATING_MW,600,
8/30/2026 1:45:00 PM,RTD,CLUZ,03LUNSOL_G01,G,8/30/2026 1:41:00 PM,8/30/2026 1:45:00 PM,MAX_OPERATING_MW,28.98,
8/30/2026 1:45:00 PM,RTD,CLUZ,03LUNSOL_G01,G,8/30/2026 1:41:00 PM,8/30/2026 1:45:00 PM,MIN_OPERATING_MW,28.98,
8/30/2026 1:45:00 PM,RTD,CLUZ,03LUNSOL_G01,G,8/30/2026 1:46:00 PM,8/30/2026 1:50:00 PM,MAX_OPERATING_MW,28.53,
8/30/2026 1:45:00 PM,RTD,CLUZ,03LUNSOL_G01,G,8/30/2026 1:46:00 PM,8/30/2026 1:50:00 PM,MIN_OPERATING_MW,28.53,
8/30/2026 1:45:00 PM,RTD,CLUZ,03TANWIND_G01,G,8/30/2026 1:41:00 PM,8/30/2026 1:45:00 PM,MAX_OPERATING_MW,7,
8/30/2026 1:45:00 PM,RTD,CLUZ,03TANWIND_G01,G,8/30/2026 1:41:00 PM,8/30/2026 1:45:00 PM,MIN_OPERATING_MW,7,
8/30/2026 1:45:00 PM,RTD,CLUZ,03TANWIND_G01,G,8/30/2026 1:46:00 PM,8/30/2026 1:50:00 PM,MAX_OPERATING_MW,7,
8/30/2026 1:45:00 PM,RTD,CLUZ,03TANWIND_G01,G,8/30/2026 1:46:00 PM,8/30/2026 1:50:00 PM,MIN_OPERATING_MW,7,
8/30/2026 1:45:00 PM,RTD,CVIS,04ISIDROSOL_G01,G,8/30/2026 1:01:00 PM,8/30/2026 2:00:00 PM,MAX_OPERATING_MW,91.80,
8/30/2026 1:45:00 PM,RTD,CVIS,04ISIDROSOL_G01,G,8/30/2026 1:01:00 PM,8/30/2026 2:00:00 PM,MIN_OPERATING_MW,91.80,
8/30/2026 1:45:00 PM,RTD,CVIS,08AJUYSOL_G01,G,8/30/2026 1:01:00 PM,8/30/2026 2:00:00 PM,MAX_OPERATING_MW,6.60,
8/30/2026 1:45:00 PM,RTD,CVIS,08AJUYSOL_G01,G,8/30/2026 1:01:00 PM,8/30/2026 2:00:00 PM,MIN_OPERATING_MW,6.60,
8/30/2026 1:45:00 PM,RTD,CVIS,08AJUYSOL_G02,G,8/30/2026 1:01:00 PM,8/30/2026 2:00:00 PM,MAX_OPERATING_MW,3.40,
8/30/2026 1:45:00 PM,RTD,CVIS,08AJUYSOL_G02,G,8/30/2026 1:01:00 PM,8/30/2026 2:00:00 PM,MIN_OPERATING_MW,3.40,
8/30/2026 1:45:00 PM,RTD,CMIN,10LIAN_G02,G,8/30/2026 12:05:00 AM,8/30/2026 11:59:00 PM,MAX_OPERATING_MW,0,
8/30/2026 1:45:00 PM,RTD,CMIN,10LIAN_G02,G,8/30/2026 12:05:00 AM,8/30/2026 11:59:00 PM,MIN_OPERATING_MW,0,
8/30/2026 1:45:00 PM,RTD,CMIN,14TANTASOL_G01,G,8/30/2026 1:01:00 PM,8/30/2026 2:00:00 PM,MAX_OPERATING_MW,0,
8/30/2026 1:45:00 PM,RTD,CMIN,14TANTASOL_G01,G,8/30/2026 1:01:00 PM,8/30/2026 2:00:00 PM,MIN_OPERATING_MW,0,
8/30/2026 1:50:00 PM,RTD,CLUZ,01BARBASOL_G01,G,8/30/2026 1:46:00 PM,8/30/2026 1:50:00 PM,MAX_OPERATING_MW,32.85,
8/30/2026 1:50:00 PM,RTD,CLUZ,01BARBASOL_G01,G,8/30/2026 1:46:00 PM,8/30/2026 1:50:00 PM,MIN_OPERATING_MW,32.85,
8/30/2026 1:50:00 PM,RTD,CLUZ,01BARBASOL_G01,G,8/30/2026 1:51:00 PM,8/30/2026 1:55:00 PM,MAX_OPERATING_MW,32.37,
8/30/2026 1:50:00 PM,RTD,CLUZ,01BARBASOL_G01,G,8/30/2026 1:51:00 PM,8/30/2026 1:55:00 PM,MIN_OPERATING_MW,32.37,
8/30/2026 1:50:00 PM,RTD,CLUZ,01BUGSOL_G01,G,8/30/2026 1:46:00 PM,8/30/2026 1:50:00 PM,MAX_OPERATING_MW,100,
8/30/2026 1:50:00 PM,RTD,CLUZ,01BUGSOL_G01,G,8/30/2026 1:46:00 PM,8/30/2026 1:50:00 PM,MIN_OPERATING_MW,100,
8/30/2026 1:50:00 PM,RTD,CLUZ,01BUGSOL_G01,G,8/30/2026 1:51:00 PM,8/30/2026 1:55:00 PM,MAX_OPERATING_MW,80,
8/30/2026 1:50:00 PM,RTD,CLUZ,01BUGSOL_G01,G,8/30/2026 1:51:00 PM,8/30/2026 1:55:00 PM,MIN_OPERATING_MW,80,
8/30/2026 1:50:00 PM,RTD,CLUZ,01BULACSOL_G01,G,8/30/2026 1:01:00 PM,8/30/2026 2:00:00 PM,MAX_OPERATING_MW,13.47,
8/30/2026 1:50:00 PM,RTD,CLUZ,01BULACSOL_G01,G,8/30/2026 1:01:00 PM,8/30/2026 2:00:00 PM,MIN_OPERATING_MW,13.47,
8/30/2026 1:50:00 PM,RTD,CLUZ,01CONSOL_G01,G,8/30/2026 1:46:00 PM,8/30/2026 1:50:00 PM,MAX_OPERATING_MW,35.21,
8/30/2026 1:50:00 PM,RTD,CLUZ,01CONSOL_G01,G,8/30/2026 1:46:00 PM,8/30/2026 1:50:00 PM,MIN_OPERATING_MW,35.21,
8/30/2026 1:50:00 PM,RTD,CLUZ,01CONSOL_G01,G,8/30/2026 1:51:00 PM,8/30/2026 1:55:00 PM,MAX_OPERATING_MW,34,
8/30/2026 1:50:00 PM,RTD,CLUZ,01CONSOL_G01,G,8/30/2026 1:51:00 PM,8/30/2026 1:55:00 PM,MIN_OPERATING_MW,34,
8/30/2026 1:50:00 PM,RTD,CLUZ,01PASBUSOL_G01,G,8/30/2026 1:01:00 PM,8/30/2026 2:00:00 PM,MAX_OPERATING_MW,40.15,
8/30/2026 1:50:00 PM,RTD,CLUZ,01PASBUSOL_G01,G,8/30/2026 1:01:00 PM,8/30/2026 2:00:00 PM,MIN_OPERATING_MW,40.15,
8/30/2026 1:50:00 PM,RTD,CLUZ,01TERRASOL_G01,G,8/30/2026 1:01:00 PM,8/30/2026 2:00:00 PM,MAX_OPERATING_MW,600,
8/30/2026 1:50:00 PM,RTD,CLUZ,01TERRASOL_G01,G,8/30/2026 1:01:00 PM,8/30/2026 2:00:00 PM,MIN_OPERATING_MW,600,
8/30/2026 1:50:00 PM,RTD,CLUZ,03LUNSOL_G01,G,8/30/2026 1:46:00 PM,8/30/2026 1:50:00 PM,MAX_OPERATING_MW,28.53,
8/30/2026 1:50:00 PM,RTD,CLUZ,03LUNSOL_G01,G,8/30/2026 1:46:00 PM,8/30/2026 1:50:00 PM,MIN_OPERATING_MW,28.53,
8/30/2026 1:50:00 PM,RTD,CLUZ,03LUNSOL_G01,G,8/30/2026 1:51:00 PM,8/30/2026 1:55:00 PM,MAX_OPERATING_MW,28.07,
8/30/2026 1:50:00 PM,RTD,CLUZ,03LUNSOL_G01,G,8/30/2026 1:51:00 PM,8/30/2026 1:55:00 PM,MIN_OPERATING_MW,28.07,
8/30/2026 1:50:00 PM,RTD,CLUZ,03TANWIND_G01,G,8/30/2026 1:46:00 PM,8/30/2026 1:50:00 PM,MAX_OPERATING_MW,7,
8/30/2026 1:50:00 PM,RTD,CLUZ,03TANWIND_G01,G,8/30/2026 1:46:00 PM,8/30/2026 1:50:00 PM,MIN_OPERATING_MW,7,
8/30/2026 1:50:00 PM,RTD,CLUZ,03TANWIND_G01,G,8/30/2026 1:51:00 PM,8/30/2026 1:55:00 PM,MAX_OPERATING_MW,7,
8/30/2026 1:50:00 PM,RTD,CLUZ,03TANWIND_G01,G,8/30/2026 1:51:00 PM,8/30/2026 1:55:00 PM,MIN_OPERATING_MW,7,
8/30/2026 1:50:00 PM,RTD,CVIS,04ISIDROSOL_G01,G,8/30/2026 1:01:00 PM,8/30/2026 2:00:00 PM,MAX_OPERATING_MW,91.80,
8/30/2026 1:50:00 PM,RTD,CVIS,04ISIDROSOL_G01,G,8/30/2026 1:01:00 PM,8/30/2026 2:00:00 PM,MIN_OPERATING_MW,91.80,
8/30/2026 1:50:00 PM,RTD,CVIS,08AJUYSOL_G01,G,8/30/2026 1:01:00 PM,8/30/2026 2:00:00 PM,MAX_OPERATING_MW,6.60,
8/30/2026 1:50:00 PM,RTD,CVIS,08AJUYSOL_G01,G,8/30/2026 1:01:00 PM,8/30/2026 2:00:00 PM,MIN_OPERATING_MW,6.60,
8/30/2026 1:50:00 PM,RTD,CVIS,08AJUYSOL_G02,G,8/30/2026 1:01:00 PM,8/30/2026 2:00:00 PM,MAX_OPERATING_MW,3.40,
8/30/2026 1:50:00 PM,RTD,CVIS,08AJUYSOL_G02,G,8/30/2026 1:01:00 PM,8/30/2026 2:00:00 PM,MIN_OPERATING_MW,3.40,
8/30/2026 1:50:00 PM,RTD,CMIN,10LIAN_G02,G,8/30/2026 12:05:00 AM,8/30/2026 11:59:00 PM,MAX_OPERATING_MW,0,
8/30/2026 1:50:00 PM,RTD,CMIN,10LIAN_G02,G,8/30/2026 12:05:00 AM,8/30/2026 11:59:00 PM,MIN_OPERATING_MW,0,
8/30/2026 1:50:00 PM,RTD,CMIN,14TANTASOL_G01,G,8/30/2026 1:01:00 PM,8/30/2026 2:00:00 PM,MAX_OPERATING_MW,0,
8/30/2026 1:50:00 PM,RTD,CMIN,14TANTASOL_G01,G,8/30/2026 1:01:00 PM,8/30/2026 2:00:00 PM,MIN_OPERATING_MW,0,
8/30/2026 1:55:00 PM,RTD,CLUZ,01BARBASOL_G01,G,8/30/2026 1:51:00 PM,8/30/2026 1:55:00 PM,MAX_OPERATING_MW,32.37,
8/30/2026 1:55:00 PM,RTD,CLUZ,01BARBASOL_G01,G,8/30/2026 1:51:00 PM,8/30/2026 1:55:00 PM,MIN_OPERATING_MW,32.37,
8/30/2026 1:55:00 PM,RTD,CLUZ,01BARBASOL_G01,G,8/30/2026 1:56:00 PM,8/30/2026 2:00:00 PM,MAX_OPERATING_MW,31.88,
8/30/2026 1:55:00 PM,RTD,CLUZ,01BARBASOL_G01,G,8/30/2026 1:56:00 PM,8/30/2026 2:00:00 PM,MIN_OPERATING_MW,31.88,
8/30/2026 1:55:00 PM,RTD,CLUZ,01BUGSOL_G01,G,8/30/2026 1:51:00 PM,8/30/2026 1:55:00 PM,MAX_OPERATING_MW,80,
8/30/2026 1:55:00 PM,RTD,CLUZ,01BUGSOL_G01,G,8/30/2026 1:51:00 PM,8/30/2026 1:55:00 PM,MIN_OPERATING_MW,80,
8/30/2026 1:55:00 PM,RTD,CLUZ,01BUGSOL_G01,G,8/30/2026 1:56:00 PM,8/30/2026 2:00:00 PM,MAX_OPERATING_MW,80,
8/30/2026 1:55:00 PM,RTD,CLUZ,01BUGSOL_G01,G,8/30/2026 1:56:00 PM,8/30/2026 2:00:00 PM,MIN_OPERATING_MW,80,
8/30/2026 1:55:00 PM,RTD,CLUZ,01BULACSOL_G01,G,8/30/2026 1:01:00 PM,8/30/2026 2:00:00 PM,MAX_OPERATING_MW,13.47,
8/30/2026 1:55:00 PM,RTD,CLUZ,01BULACSOL_G01,G,8/30/2026 1:01:00 PM,8/30/2026 2:00:00 PM,MIN_OPERATING_MW,13.47,
8/30/2026 1:55:00 PM,RTD,CLUZ,01CONSOL_G01,G,8/30/2026 1:51:00 PM,8/30/2026 1:55:00 PM,MAX_OPERATING_MW,34,
8/30/2026 1:55:00 PM,RTD,CLUZ,01CONSOL_G01,G,8/30/2026 1:51:00 PM,8/30/2026 1:55:00 PM,MIN_OPERATING_MW,34,
8/30/2026 1:55:00 PM,RTD,CLUZ,01CONSOL_G01,G,8/30/2026 1:56:00 PM,8/30/2026 2:00:00 PM,MAX_OPERATING_MW,32.78,
8/30/2026 1:55:00 PM,RTD,CLUZ,01CONSOL_G01,G,8/30/2026 1:56:00 PM,8/30/2026 2:00:00 PM,MIN_OPERATING_MW,32.78,
8/30/2026 1:55:00 PM,RTD,CLUZ,01PASBUSOL_G01,G,8/30/2026 1:01:00 PM,8/30/2026 2:00:00 PM,MAX_OPERATING_MW,40.15,
8/30/2026 1:55:00 PM,RTD,CLUZ,01PASBUSOL_G01,G,8/30/2026 1:01:00 PM,8/30/2026 2:00:00 PM,MIN_OPERATING_MW,40.15,
8/30/2026 1:55:00 PM,RTD,CLUZ,01TERRASOL_G01,G,8/30/2026 1:51:00 PM,8/30/2026 1:55:00 PM,MAX_OPERATING_MW,400,
8/30/2026 1:55:00 PM,RTD,CLUZ,01TERRASOL_G01,G,8/30/2026 1:51:00 PM,8/30/2026 1:55:00 PM,MIN_OPERATING_MW,400,
8/30/2026 1:55:00 PM,RTD,CLUZ,01TERRASOL_G01,G,8/30/2026 1:56:00 PM,8/30/2026 2:00:00 PM,MAX_OPERATING_MW,300,
8/30/2026 1:55:00 PM,RTD,CLUZ,01TERRASOL_G01,G,8/30/2026 1:56:00 PM,8/30/2026 2:00:00 PM,MIN_OPERATING_MW,300,
8/30/2026 1:55:00 PM,RTD,CLUZ,03LUNSOL_G01,G,8/30/2026 1:51:00 PM,8/30/2026 1:55:00 PM,MAX_OPERATING_MW,28.07,
8/30/2026 1:55:00 PM,RTD,CLUZ,03LUNSOL_G01,G,8/30/2026 1:51:00 PM,8/30/2026 1:55:00 PM,MIN_OPERATING_MW,28.07,
8/30/2026 1:55:00 PM,RTD,CLUZ,03LUNSOL_G01,G,8/30/2026 1:56:00 PM,8/30/2026 2:00:00 PM,MAX_OPERATING_MW,27.60,
8/30/2026 1:55:00 PM,RTD,CLUZ,03LUNSOL_G01,G,8/30/2026 1:56:00 PM,8/30/2026 2:00:00 PM,MIN_OPERATING_MW,27.60,
8/30/2026 1:55:00 PM,RTD,CLUZ,03TANWIND_G01,G,8/30/2026 1:51:00 PM,8/30/2026 1:55:00 PM,MAX_OPERATING_MW,7,
8/30/2026 1:55:00 PM,RTD,CLUZ,03TANWIND_G01,G,8/30/2026 1:51:00 PM,8/30/2026 1:55:00 PM,MIN_OPERATING_MW,7,
8/30/2026 1:55:00 PM,RTD,CLUZ,03TANWIND_G01,G,8/30/2026 1:56:00 PM,8/30/2026 2:00:00 PM,MAX_OPERATING_MW,7,
8/30/2026 1:55:00 PM,RTD,CLUZ,03TANWIND_G01,G,8/30/2026 1:56:00 PM,8/30/2026 2:00:00 PM,MIN_OPERATING_MW,7,
8/30/2026 1:55:00 PM,RTD,CVIS,04ISIDROSOL_G01,G,8/30/2026 1:01:00 PM,8/30/2026 2:00:00 PM,MAX_OPERATING_MW,91.80,
8/30/2026 1:55:00 PM,RTD,CVIS,04ISIDROSOL_G01,G,8/30/2026 1:01:00 PM,8/30/2026 2:00:00 PM,MIN_OPERATING_MW,91.80,
8/30/2026 1:55:00 PM,RTD,CVIS,08AJUYSOL_G01,G,8/30/2026 1:01:00 PM,8/30/2026 2:00:00 PM,MAX_OPERATING_MW,6.60,
8/30/2026 1:55:00 PM,RTD,CVIS,08AJUYSOL_G01,G,8/30/2026 1:01:00 PM,8/30/2026 2:00:00 PM,MIN_OPERATING_MW,6.60,
8/30/2026 1:55:00 PM,RTD,CVIS,08AJUYSOL_G02,G,8/30/2026 1:01:00 PM,8/30/2026 2:00:00 PM,MAX_OPERATING_MW,3.40,
8/30/2026 1:55:00 PM,RTD,CVIS,08AJUYSOL_G02,G,8/30/2026 1:01:00 PM,8/30/2026 2:00:00 PM,MIN_OPERATING_MW,3.40,
8/30/2026 1:55:00 PM,RTD,CMIN,10LIAN_G02,G,8/30/2026 12:05:00 AM,8/30/2026 11:59:00 PM,MAX_OPERATING_MW,0,
8/30/2026 1:55:00 PM,RTD,CMIN,10LIAN_G02,G,8/30/2026 12:05:00 AM,8/30/2026 11:59:00 PM,MIN_OPERATING_MW,0,
8/30/2026 1:55:00 PM,RTD,CMIN,14TANTASOL_G01,G,8/30/2026 1:01:00 PM,8/30/2026 2:00:00 PM,MAX_OPERATING_MW,0,
8/30/2026 1:55:00 PM,RTD,CMIN,14TANTASOL_G01,G,8/30/2026 1:01:00 PM,8/30/2026 2:00:00 PM,MIN_OPERATING_MW,0,
8/30/2026 2:00:00 PM,RTD,CLUZ,01BARBASOL_G01,G,8/30/2026 1:56:00 PM,8/30/2026 2:00:00 PM,MAX_OPERATING_MW,31.88,
8/30/2026 2:00:00 PM,RTD,CLUZ,01BARBASOL_G01,G,8/30/2026 1:56:00 PM,8/30/2026 2:00:00 PM,MIN_OPERATING_MW,31.88,
8/30/2026 2:00:00 PM,RTD,CLUZ,01BARBASOL_G01,G,8/30/2026 2:01:00 PM,8/30/2026 2:05:00 PM,MAX_OPERATING_MW,31.38,
8/30/2026 2:00:00 PM,RTD,CLUZ,01BARBASOL_G01,G,8/30/2026 2:01:00 PM,8/30/2026 2:05:00 PM,MIN_OPERATING_MW,31.38,
8/30/2026 2:00:00 PM,RTD,CLUZ,01BUGSOL_G01,G,8/30/2026 1:56:00 PM,8/30/2026 2:00:00 PM,MAX_OPERATING_MW,80,
8/30/2026 2:00:00 PM,RTD,CLUZ,01BUGSOL_G01,G,8/30/2026 1:56:00 PM,8/30/2026 2:00:00 PM,MIN_OPERATING_MW,80,
8/30/2026 2:00:00 PM,RTD,CLUZ,01BUGSOL_G01,G,8/30/2026 2:01:00 PM,8/30/2026 2:05:00 PM,MAX_OPERATING_MW,59,
8/30/2026 2:00:00 PM,RTD,CLUZ,01BUGSOL_G01,G,8/30/2026 2:01:00 PM,8/30/2026 2:05:00 PM,MIN_OPERATING_MW,59,
8/30/2026 2:00:00 PM,RTD,CLUZ,01BULACSOL_G01,G,8/30/2026 1:01:00 PM,8/30/2026 2:00:00 PM,MAX_OPERATING_MW,13.47,
8/30/2026 2:00:00 PM,RTD,CLUZ,01BULACSOL_G01,G,8/30/2026 1:01:00 PM,8/30/2026 2:00:00 PM,MIN_OPERATING_MW,13.47,
8/30/2026 2:00:00 PM,RTD,CLUZ,01BULACSOL_G01,G,8/30/2026 2:01:00 PM,8/30/2026 3:00:00 PM,MAX_OPERATING_MW,11.52,
8/30/2026 2:00:00 PM,RTD,CLUZ,01BULACSOL_G01,G,8/30/2026 2:01:00 PM,8/30/2026 3:00:00 PM,MIN_OPERATING_MW,11.52,
8/30/2026 2:00:00 PM,RTD,CLUZ,01CONSOL_G01,G,8/30/2026 1:56:00 PM,8/30/2026 2:00:00 PM,MAX_OPERATING_MW,32.78,
8/30/2026 2:00:00 PM,RTD,CLUZ,01CONSOL_G01,G,8/30/2026 1:56:00 PM,8/30/2026 2:00:00 PM,MIN_OPERATING_MW,32.78,
8/30/2026 2:00:00 PM,RTD,CLUZ,01CONSOL_G01,G,8/30/2026 2:01:00 PM,8/30/2026 2:05:00 PM,MAX_OPERATING_MW,32.24,
8/30/2026 2:00:00 PM,RTD,CLUZ,01CONSOL_G01,G,8/30/2026 2:01:00 PM,8/30/2026 2:05:00 PM,MIN_OPERATING_MW,32.24,
8/30/2026 2:00:00 PM,RTD,CLUZ,01PASBUSOL_G01,G,8/30/2026 1:01:00 PM,8/30/2026 2:00:00 PM,MAX_OPERATING_MW,40.15,
8/30/2026 2:00:00 PM,RTD,CLUZ,01PASBUSOL_G01,G,8/30/2026 1:01:00 PM,8/30/2026 2:00:00 PM,MIN_OPERATING_MW,40.15,
8/30/2026 2:00:00 PM,RTD,CLUZ,01PASBUSOL_G01,G,8/30/2026 2:01:00 PM,8/30/2026 3:00:00 PM,MAX_OPERATING_MW,33.75,
8/30/2026 2:00:00 PM,RTD,CLUZ,01PASBUSOL_G01,G,8/30/2026 2:01:00 PM,8/30/2026 3:00:00 PM,MIN_OPERATING_MW,33.75,
8/30/2026 2:00:00 PM,RTD,CLUZ,01TERRASOL_G01,G,8/30/2026 1:56:00 PM,8/30/2026 2:00:00 PM,MAX_OPERATING_MW,300,
8/30/2026 2:00:00 PM,RTD,CLUZ,01TERRASOL_G01,G,8/30/2026 1:56:00 PM,8/30/2026 2:00:00 PM,MIN_OPERATING_MW,300,
8/30/2026 2:00:00 PM,RTD,CLUZ,01TERRASOL_G01,G,8/30/2026 2:01:00 PM,8/30/2026 2:05:00 PM,MAX_OPERATING_MW,200,
8/30/2026 2:00:00 PM,RTD,CLUZ,01TERRASOL_G01,G,8/30/2026 2:01:00 PM,8/30/2026 2:05:00 PM,MIN_OPERATING_MW,200,
8/30/2026 2:00:00 PM,RTD,CLUZ,03LUNSOL_G01,G,8/30/2026 1:56:00 PM,8/30/2026 2:00:00 PM,MAX_OPERATING_MW,27.60,
8/30/2026 2:00:00 PM,RTD,CLUZ,03LUNSOL_G01,G,8/30/2026 1:56:00 PM,8/30/2026 2:00:00 PM,MIN_OPERATING_MW,27.60,
8/30/2026 2:00:00 PM,RTD,CLUZ,03LUNSOL_G01,G,8/30/2026 2:01:00 PM,8/30/2026 2:05:00 PM,MAX_OPERATING_MW,27.11,
8/30/2026 2:00:00 PM,RTD,CLUZ,03LUNSOL_G01,G,8/30/2026 2:01:00 PM,8/30/2026 2:05:00 PM,MIN_OPERATING_MW,27.11,
8/30/2026 2:00:00 PM,RTD,CLUZ,03TANWIND_G01,G,8/30/2026 1:56:00 PM,8/30/2026 2:00:00 PM,MAX_OPERATING_MW,7,
8/30/2026 2:00:00 PM,RTD,CLUZ,03TANWIND_G01,G,8/30/2026 1:56:00 PM,8/30/2026 2:00:00 PM,MIN_OPERATING_MW,7,
8/30/2026 2:00:00 PM,RTD,CLUZ,03TANWIND_G01,G,8/30/2026 2:01:00 PM,8/30/2026 2:05:00 PM,MAX_OPERATING_MW,7,
8/30/2026 2:00:00 PM,RTD,CLUZ,03TANWIND_G01,G,8/30/2026 2:01:00 PM,8/30/2026 2:05:00 PM,MIN_OPERATING_MW,7,
8/30/2026 2:00:00 PM,RTD,CVIS,04ISIDROSOL_G01,G,8/30/2026 1:01:00 PM,8/30/2026 2:00:00 PM,MAX_OPERATING_MW,91.80,
8/30/2026 2:00:00 PM,RTD,CVIS,04ISIDROSOL_G01,G,8/30/2026 1:01:00 PM,8/30/2026 2:00:00 PM,MIN_OPERATING_MW,91.80,
8/30/2026 2:00:00 PM,RTD,CVIS,04ISIDROSOL_G01,G,8/30/2026 2:01:00 PM,8/30/2026 3:00:00 PM,MAX_OPERATING_MW,78.10,
8/30/2026 2:00:00 PM,RTD,CVIS,04ISIDROSOL_G01,G,8/30/2026 2:01:00 PM,8/30/2026 3:00:00 PM,MIN_OPERATING_MW,78.10,
8/30/2026 2:00:00 PM,RTD,CVIS,08AJUYSOL_G01,G,8/30/2026 1:01:00 PM,8/30/2026 2:00:00 PM,MAX_OPERATING_MW,6.60,
8/30/2026 2:00:00 PM,RTD,CVIS,08AJUYSOL_G01,G,8/30/2026 1:01:00 PM,8/30/2026 2:00:00 PM,MIN_OPERATING_MW,6.60,
8/30/2026 2:00:00 PM,RTD,CVIS,08AJUYSOL_G01,G,8/30/2026 2:01:00 PM,8/30/2026 3:00:00 PM,MAX_OPERATING_MW,6.60,
8/30/2026 2:00:00 PM,RTD,CVIS,08AJUYSOL_G01,G,8/30/2026 2:01:00 PM,8/30/2026 3:00:00 PM,MIN_OPERATING_MW,6.60,
8/30/2026 2:00:00 PM,RTD,CVIS,08AJUYSOL_G02,G,8/30/2026 1:01:00 PM,8/30/2026 2:00:00 PM,MAX_OPERATING_MW,3.40,
8/30/2026 2:00:00 PM,RTD,CVIS,08AJUYSOL_G02,G,8/30/2026 1:01:00 PM,8/30/2026 2:00:00 PM,MIN_OPERATING_MW,3.40,
8/30/2026 2:00:00 PM,RTD,CVIS,08AJUYSOL_G02,G,8/30/2026 2:01:00 PM,8/30/2026 3:00:00 PM,MAX_OPERATING_MW,3.40,
8/30/2026 2:00:00 PM,RTD,CVIS,08AJUYSOL_G02,G,8/30/2026 2:01:00 PM,8/30/2026 3:00:00 PM,MIN_OPERATING_MW,3.40,
8/30/2026 2:00:00 PM,RTD,CMIN,10LIAN_G02,G,8/30/2026 12:05:00 AM,8/30/2026 11:59:00 PM,MAX_OPERATING_MW,0,
8/30/2026 2:00:00 PM,RTD,CMIN,10LIAN_G02,G,8/30/2026 12:05:00 AM,8/30/2026 11:59:00 PM,MIN_OPERATING_MW,0,
8/30/2026 2:00:00 PM,RTD,CMIN,14TANTASOL_G01,G,8/30/2026 1:01:00 PM,8/30/2026 2:00:00 PM,MAX_OPERATING_MW,0,
8/30/2026 2:00:00 PM,RTD,CMIN,14TANTASOL_G01,G,8/30/2026 1:01:00 PM,8/30/2026 2:00:00 PM,MIN_OPERATING_MW,0,
8/30/2026 2:00:00 PM,RTD,CMIN,14TANTASOL_G01,G,8/30/2026 2:01:00 PM,8/30/2026 3:00:00 PM,MAX_OPERATING_MW,45,
8/30/2026 2:00:00 PM,RTD,CMIN,14TANTASOL_G01,G,8/30/2026 2:01:00 PM,8/30/2026 3:00:00 PM,MIN_OPERATING_MW,45,
8/30/2026 2:05:00 PM,RTD,CLUZ,01BARBASOL_G01,G,8/30/2026 2:01:00 PM,8/30/2026 2:05:00 PM,MAX_OPERATING_MW,31.38,
8/30/2026 2:05:00 PM,RTD,CLUZ,01BARBASOL_G01,G,8/30/2026 2:01:00 PM,8/30/2026 2:05:00 PM,MIN_OPERATING_MW,31.38,
8/30/2026 2:05:00 PM,RTD,CLUZ,01BARBASOL_G01,G,8/30/2026 2:06:00 PM,8/30/2026 2:10:00 PM,MAX_OPERATING_MW,30.89,
8/30/2026 2:05:00 PM,RTD,CLUZ,01BARBASOL_G01,G,8/30/2026 2:06:00 PM,8/30/2026 2:10:00 PM,MIN_OPERATING_MW,30.89,
8/30/2026 2:05:00 PM,RTD,CLUZ,01BUGSOL_G01,G,8/30/2026 2:01:00 PM,8/30/2026 2:05:00 PM,MAX_OPERATING_MW,59,
8/30/2026 2:05:00 PM,RTD,CLUZ,01BUGSOL_G01,G,8/30/2026 2:01:00 PM,8/30/2026 2:05:00 PM,MIN_OPERATING_MW,59,
8/30/2026 2:05:00 PM,RTD,CLUZ,01BUGSOL_G01,G,8/30/2026 2:06:00 PM,8/30/2026 2:10:00 PM,MAX_OPERATING_MW,50.20,
8/30/2026 2:05:00 PM,RTD,CLUZ,01BUGSOL_G01,G,8/30/2026 2:06:00 PM,8/30/2026 2:10:00 PM,MIN_OPERATING_MW,50.20,
8/30/2026 2:05:00 PM,RTD,CLUZ,01BULACSOL_G01,G,8/30/2026 2:01:00 PM,8/30/2026 3:00:00 PM,MAX_OPERATING_MW,11.52,
8/30/2026 2:05:00 PM,RTD,CLUZ,01BULACSOL_G01,G,8/30/2026 2:01:00 PM,8/30/2026 3:00:00 PM,MIN_OPERATING_MW,11.52,
8/30/2026 2:05:00 PM,RTD,CLUZ,01CONSOL_G01,G,8/30/2026 2:01:00 PM,8/30/2026 2:05:00 PM,MAX_OPERATING_MW,32.24,
8/30/2026 2:05:00 PM,RTD,CLUZ,01CONSOL_G01,G,8/30/2026 2:01:00 PM,8/30/2026 2:05:00 PM,MIN_OPERATING_MW,32.24,
8/30/2026 2:05:00 PM,RTD,CLUZ,01CONSOL_G01,G,8/30/2026 2:06:00 PM,8/30/2026 2:10:00 PM,MAX_OPERATING_MW,32.36,
8/30/2026 2:05:00 PM,RTD,CLUZ,01CONSOL_G01,G,8/30/2026 2:06:00 PM,8/30/2026 2:10:00 PM,MIN_OPERATING_MW,32.36,
8/30/2026 2:05:00 PM,RTD,CLUZ,01PASBUSOL_G01,G,8/30/2026 2:01:00 PM,8/30/2026 3:00:00 PM,MAX_OPERATING_MW,33.75,
8/30/2026 2:05:00 PM,RTD,CLUZ,01PASBUSOL_G01,G,8/30/2026 2:01:00 PM,8/30/2026 3:00:00 PM,MIN_OPERATING_MW,33.75,
8/30/2026 2:05:00 PM,RTD,CLUZ,01TERRASOL_G01,G,8/30/2026 2:01:00 PM,8/30/2026 2:05:00 PM,MAX_OPERATING_MW,200,
8/30/2026 2:05:00 PM,RTD,CLUZ,01TERRASOL_G01,G,8/30/2026 2:01:00 PM,8/30/2026 2:05:00 PM,MIN_OPERATING_MW,200,
8/30/2026 2:05:00 PM,RTD,CLUZ,01TERRASOL_G01,G,8/30/2026 2:06:00 PM,8/30/2026 2:10:00 PM,MAX_OPERATING_MW,100,
8/30/2026 2:05:00 PM,RTD,CLUZ,01TERRASOL_G01,G,8/30/2026 2:06:00 PM,8/30/2026 2:10:00 PM,MIN_OPERATING_MW,100,
8/30/2026 2:05:00 PM,RTD,CLUZ,03LUNSOL_G01,G,8/30/2026 2:01:00 PM,8/30/2026 2:05:00 PM,MAX_OPERATING_MW,27.11,
8/30/2026 2:05:00 PM,RTD,CLUZ,03LUNSOL_G01,G,8/30/2026 2:01:00 PM,8/30/2026 2:05:00 PM,MIN_OPERATING_MW,27.11,
8/30/2026 2:05:00 PM,RTD,CLUZ,03LUNSOL_G01,G,8/30/2026 2:06:00 PM,8/30/2026 2:10:00 PM,MAX_OPERATING_MW,26.61,
8/30/2026 2:05:00 PM,RTD,CLUZ,03LUNSOL_G01,G,8/30/2026 2:06:00 PM,8/30/2026 2:10:00 PM,MIN_OPERATING_MW,26.61,
8/30/2026 2:05:00 PM,RTD,CLUZ,03TANWIND_G01,G,8/30/2026 2:01:00 PM,8/30/2026 2:05:00 PM,MAX_OPERATING_MW,7,
8/30/2026 2:05:00 PM,RTD,CLUZ,03TANWIND_G01,G,8/30/2026 2:01:00 PM,8/30/2026 2:05:00 PM,MIN_OPERATING_MW,7,
8/30/2026 2:05:00 PM,RTD,CLUZ,03TANWIND_G01,G,8/30/2026 2:06:00 PM,8/30/2026 2:10:00 PM,MAX_OPERATING_MW,7,
8/30/2026 2:05:00 PM,RTD,CLUZ,03TANWIND_G01,G,8/30/2026 2:06:00 PM,8/30/2026 2:10:00 PM,MIN_OPERATING_MW,7,
8/30/2026 2:05:00 PM,RTD,CVIS,04ISIDROSOL_G01,G,8/30/2026 2:01:00 PM,8/30/2026 3:00:00 PM,MAX_OPERATING_MW,78.10,
8/30/2026 2:05:00 PM,RTD,CVIS,04ISIDROSOL_G01,G,8/30/2026 2:01:00 PM,8/30/2026 3:00:00 PM,MIN_OPERATING_MW,78.10,
8/30/2026 2:05:00 PM,RTD,CVIS,08AJUYSOL_G01,G,8/30/2026 2:01:00 PM,8/30/2026 3:00:00 PM,MAX_OPERATING_MW,6.60,
8/30/2026 2:05:00 PM,RTD,CVIS,08AJUYSOL_G01,G,8/30/2026 2:01:00 PM,8/30/2026 3:00:00 PM,MIN_OPERATING_MW,6.60,
8/30/2026 2:05:00 PM,RTD,CVIS,08AJUYSOL_G02,G,8/30/2026 2:01:00 PM,8/30/2026 3:00:00 PM,MAX_OPERATING_MW,3.40,
8/30/2026 2:05:00 PM,RTD,CVIS,08AJUYSOL_G02,G,8/30/2026 2:01:00 PM,8/30/2026 3:00:00 PM,MIN_OPERATING_MW,3.40,
8/30/2026 2:05:00 PM,RTD,CMIN,10LIAN_G02,G,8/30/2026 12:05:00 AM,8/30/2026 11:59:00 PM,MAX_OPERATING_MW,0,
8/30/2026 2:05:00 PM,RTD,CMIN,10LIAN_G02,G,8/30/2026 12:05:00 AM,8/30/2026 11:59:00 PM,MIN_OPERATING_MW,0,
8/30/2026 2:05:00 PM,RTD,CMIN,14TANTASOL_G01,G,8/30/2026 2:01:00 PM,8/30/2026 3:00:00 PM,MAX_OPERATING_MW,45,
8/30/2026 2:05:00 PM,RTD,CMIN,14TANTASOL_G01,G,8/30/2026 2:01:00 PM,8/30/2026 3:00:00 PM,MIN_OPERATING_MW,45,
8/30/2026 2:10:00 PM,RTD,CLUZ,01BARBASOL_G01,G,8/30/2026 2:06:00 PM,8/30/2026 2:10:00 PM,MAX_OPERATING_MW,30.89,
8/30/2026 2:10:00 PM,RTD,CLUZ,01BARBASOL_G01,G,8/30/2026 2:06:00 PM,8/30/2026 2:10:00 PM,MIN_OPERATING_MW,30.89,
8/30/2026 2:10:00 PM,RTD,CLUZ,01BARBASOL_G01,G,8/30/2026 2:11:00 PM,8/30/2026 2:15:00 PM,MAX_OPERATING_MW,30.41,
8/30/2026 2:10:00 PM,RTD,CLUZ,01BARBASOL_G01,G,8/30/2026 2:11:00 PM,8/30/2026 2:15:00 PM,MIN_OPERATING_MW,30.41,
8/30/2026 2:10:00 PM,RTD,CLUZ,01BUGSOL_G01,G,8/30/2026 2:06:00 PM,8/30/2026 2:10:00 PM,MAX_OPERATING_MW,50.20,
8/30/2026 2:10:00 PM,RTD,CLUZ,01BUGSOL_G01,G,8/30/2026 2:06:00 PM,8/30/2026 2:10:00 PM,MIN_OPERATING_MW,50.20,
8/30/2026 2:10:00 PM,RTD,CLUZ,01BUGSOL_G01,G,8/30/2026 2:11:00 PM,8/30/2026 2:15:00 PM,MAX_OPERATING_MW,52.80,
8/30/2026 2:10:00 PM,RTD,CLUZ,01BUGSOL_G01,G,8/30/2026 2:11:00 PM,8/30/2026 2:15:00 PM,MIN_OPERATING_MW,52.80,
8/30/2026 2:10:00 PM,RTD,CLUZ,01BULACSOL_G01,G,8/30/2026 2:01:00 PM,8/30/2026 3:00:00 PM,MAX_OPERATING_MW,11.52,
8/30/2026 2:10:00 PM,RTD,CLUZ,01BULACSOL_G01,G,8/30/2026 2:01:00 PM,8/30/2026 3:00:00 PM,MIN_OPERATING_MW,11.52,
8/30/2026 2:10:00 PM,RTD,CLUZ,01CONSOL_G01,G,8/30/2026 2:06:00 PM,8/30/2026 2:10:00 PM,MAX_OPERATING_MW,32.36,
8/30/2026 2:10:00 PM,RTD,CLUZ,01CONSOL_G01,G,8/30/2026 2:06:00 PM,8/30/2026 2:10:00 PM,MIN_OPERATING_MW,32.36,
8/30/2026 2:10:00 PM,RTD,CLUZ,01CONSOL_G01,G,8/30/2026 2:11:00 PM,8/30/2026 2:15:00 PM,MAX_OPERATING_MW,32.46,
8/30/2026 2:10:00 PM,RTD,CLUZ,01CONSOL_G01,G,8/30/2026 2:11:00 PM,8/30/2026 2:15:00 PM,MIN_OPERATING_MW,32.46,
8/30/2026 2:10:00 PM,RTD,CLUZ,01PASBUSOL_G01,G,8/30/2026 2:01:00 PM,8/30/2026 3:00:00 PM,MAX_OPERATING_MW,33.75,
8/30/2026 2:10:00 PM,RTD,CLUZ,01PASBUSOL_G01,G,8/30/2026 2:01:00 PM,8/30/2026 3:00:00 PM,MIN_OPERATING_MW,33.75,
8/30/2026 2:10:00 PM,RTD,CLUZ,01TERRASOL_G01,G,8/30/2026 2:06:00 PM,8/30/2026 2:10:00 PM,MAX_OPERATING_MW,100,
8/30/2026 2:10:00 PM,RTD,CLUZ,01TERRASOL_G01,G,8/30/2026 2:06:00 PM,8/30/2026 2:10:00 PM,MIN_OPERATING_MW,100,
8/30/2026 2:10:00 PM,RTD,CLUZ,01TERRASOL_G01,G,8/30/2026 2:11:00 PM,8/30/2026 2:15:00 PM,MAX_OPERATING_MW,50,
8/30/2026 2:10:00 PM,RTD,CLUZ,01TERRASOL_G01,G,8/30/2026 2:11:00 PM,8/30/2026 2:15:00 PM,MIN_OPERATING_MW,50,
8/30/2026 2:10:00 PM,RTD,CLUZ,03LUNSOL_G01,G,8/30/2026 2:06:00 PM,8/30/2026 2:10:00 PM,MAX_OPERATING_MW,26.61,
8/30/2026 2:10:00 PM,RTD,CLUZ,03LUNSOL_G01,G,8/30/2026 2:06:00 PM,8/30/2026 2:10:00 PM,MIN_OPERATING_MW,26.61,
8/30/2026 2:10:00 PM,RTD,CLUZ,03LUNSOL_G01,G,8/30/2026 2:11:00 PM,8/30/2026 2:15:00 PM,MAX_OPERATING_MW,26.10,
8/30/2026 2:10:00 PM,RTD,CLUZ,03LUNSOL_G01,G,8/30/2026 2:11:00 PM,8/30/2026 2:15:00 PM,MIN_OPERATING_MW,26.10,
8/30/2026 2:10:00 PM,RTD,CLUZ,03TANWIND_G01,G,8/30/2026 2:06:00 PM,8/30/2026 2:10:00 PM,MAX_OPERATING_MW,7,
8/30/2026 2:10:00 PM,RTD,CLUZ,03TANWIND_G01,G,8/30/2026 2:06:00 PM,8/30/2026 2:10:00 PM,MIN_OPERATING_MW,7,
8/30/2026 2:10:00 PM,RTD,CLUZ,03TANWIND_G01,G,8/30/2026 2:11:00 PM,8/30/2026 2:15:00 PM,MAX_OPERATING_MW,7,
8/30/2026 2:10:00 PM,RTD,CLUZ,03TANWIND_G01,G,8/30/2026 2:11:00 PM,8/30/2026 2:15:00 PM,MIN_OPERATING_MW,7,
8/30/2026 2:10:00 PM,RTD,CVIS,04ISIDROSOL_G01,G,8/30/2026 2:01:00 PM,8/30/2026 3:00:00 PM,MAX_OPERATING_MW,78.10,
8/30/2026 2:10:00 PM,RTD,CVIS,04ISIDROSOL_G01,G,8/30/2026 2:01:00 PM,8/30/2026 3:00:00 PM,MIN_OPERATING_MW,78.10,
8/30/2026 2:10:00 PM,RTD,CVIS,08AJUYSOL_G01,G,8/30/2026 2:01:00 PM,8/30/2026 3:00:00 PM,MAX_OPERATING_MW,6.60,
8/30/2026 2:10:00 PM,RTD,CVIS,08AJUYSOL_G01,G,8/30/2026 2:01:00 PM,8/30/2026 3:00:00 PM,MIN_OPERATING_MW,6.60,
8/30/2026 2:10:00 PM,RTD,CVIS,08AJUYSOL_G02,G,8/30/2026 2:01:00 PM,8/30/2026 3:00:00 PM,MAX_OPERATING_MW,3.40,
8/30/2026 2:10:00 PM,RTD,CVIS,08AJUYSOL_G02,G,8/30/2026 2:01:00 PM,8/30/2026 3:00:00 PM,MIN_OPERATING_MW,3.40,
8/30/2026 2:10:00 PM,RTD,CMIN,10LIAN_G02,G,8/30/2026 12:05:00 AM,8/30/2026 11:59:00 PM,MAX_OPERATING_MW,0,
8/30/2026 2:10:00 PM,RTD,CMIN,10LIAN_G02,G,8/30/2026 12:05:00 AM,8/30/2026 11:59:00 PM,MIN_OPERATING_MW,0,
8/30/2026 2:10:00 PM,RTD,CMIN,14TANTASOL_G01,G,8/30/2026 2:01:00 PM,8/30/2026 3:00:00 PM,MAX_OPERATING_MW,0,
8/30/2026 2:10:00 PM,RTD,CMIN,14TANTASOL_G01,G,8/30/2026 2:01:00 PM,8/30/2026 3:00:00 PM,MIN_OPERATING_MW,0,
8/30/2026 2:15:00 PM,RTD,CLUZ,01BARBASOL_G01,G,8/30/2026 2:11:00 PM,8/30/2026 2:15:00 PM,MAX_OPERATING_MW,30.41,
8/30/2026 2:15:00 PM,RTD,CLUZ,01BARBASOL_G01,G,8/30/2026 2:11:00 PM,8/30/2026 2:15:00 PM,MIN_OPERATING_MW,30.41,
8/30/2026 2:15:00 PM,RTD,CLUZ,01BARBASOL_G01,G,8/30/2026 2:16:00 PM,8/30/2026 2:20:00 PM,MAX_OPERATING_MW,29.97,
8/30/2026 2:15:00 PM,RTD,CLUZ,01BARBASOL_G01,G,8/30/2026 2:16:00 PM,8/30/2026 2:20:00 PM,MIN_OPERATING_MW,29.97,
8/30/2026 2:15:00 PM,RTD,CLUZ,01BUGSOL_G01,G,8/30/2026 2:11:00 PM,8/30/2026 2:15:00 PM,MAX_OPERATING_MW,52.80,
8/30/2026 2:15:00 PM,RTD,CLUZ,01BUGSOL_G01,G,8/30/2026 2:11:00 PM,8/30/2026 2:15:00 PM,MIN_OPERATING_MW,52.80,
8/30/2026 2:15:00 PM,RTD,CLUZ,01BUGSOL_G01,G,8/30/2026 2:16:00 PM,8/30/2026 2:20:00 PM,MAX_OPERATING_MW,32.90,
8/30/2026 2:15:00 PM,RTD,CLUZ,01BUGSOL_G01,G,8/30/2026 2:16:00 PM,8/30/2026 2:20:00 PM,MIN_OPERATING_MW,32.90,
8/30/2026 2:15:00 PM,RTD,CLUZ,01BULACSOL_G01,G,8/30/2026 2:01:00 PM,8/30/2026 3:00:00 PM,MAX_OPERATING_MW,11.52,
8/30/2026 2:15:00 PM,RTD,CLUZ,01BULACSOL_G01,G,8/30/2026 2:01:00 PM,8/30/2026 3:00:00 PM,MIN_OPERATING_MW,11.52,
8/30/2026 2:15:00 PM,RTD,CLUZ,01CONSOL_G01,G,8/30/2026 2:11:00 PM,8/30/2026 2:15:00 PM,MAX_OPERATING_MW,32.46,
8/30/2026 2:15:00 PM,RTD,CLUZ,01CONSOL_G01,G,8/30/2026 2:11:00 PM,8/30/2026 2:15:00 PM,MIN_OPERATING_MW,32.46,
8/30/2026 2:15:00 PM,RTD,CLUZ,01CONSOL_G01,G,8/30/2026 2:16:00 PM,8/30/2026 2:20:00 PM,MAX_OPERATING_MW,32.55,
8/30/2026 2:15:00 PM,RTD,CLUZ,01CONSOL_G01,G,8/30/2026 2:16:00 PM,8/30/2026 2:20:00 PM,MIN_OPERATING_MW,32.55,
8/30/2026 2:15:00 PM,RTD,CLUZ,01PASBUSOL_G01,G,8/30/2026 2:01:00 PM,8/30/2026 3:00:00 PM,MAX_OPERATING_MW,33.75,
8/30/2026 2:15:00 PM,RTD,CLUZ,01PASBUSOL_G01,G,8/30/2026 2:01:00 PM,8/30/2026 3:00:00 PM,MIN_OPERATING_MW,33.75,
8/30/2026 2:15:00 PM,RTD,CLUZ,01TERRASOL_G01,G,8/30/2026 2:11:00 PM,8/30/2026 2:15:00 PM,MAX_OPERATING_MW,50,
8/30/2026 2:15:00 PM,RTD,CLUZ,01TERRASOL_G01,G,8/30/2026 2:11:00 PM,8/30/2026 2:15:00 PM,MIN_OPERATING_MW,50,
8/30/2026 2:15:00 PM,RTD,CLUZ,01TERRASOL_G01,G,8/30/2026 2:16:00 PM,8/30/2026 6:00:00 PM,MAX_OPERATING_MW,10,
8/30/2026 2:15:00 PM,RTD,CLUZ,01TERRASOL_G01,G,8/30/2026 2:16:00 PM,8/30/2026 6:00:00 PM,MIN_OPERATING_MW,10,
8/30/2026 2:15:00 PM,RTD,CLUZ,03LUNSOL_G01,G,8/30/2026 2:11:00 PM,8/30/2026 2:15:00 PM,MAX_OPERATING_MW,26.10,
8/30/2026 2:15:00 PM,RTD,CLUZ,03LUNSOL_G01,G,8/30/2026 2:11:00 PM,8/30/2026 2:15:00 PM,MIN_OPERATING_MW,26.10,
8/30/2026 2:15:00 PM,RTD,CLUZ,03LUNSOL_G01,G,8/30/2026 2:16:00 PM,8/30/2026 2:20:00 PM,MAX_OPERATING_MW,25.57,
8/30/2026 2:15:00 PM,RTD,CLUZ,03LUNSOL_G01,G,8/30/2026 2:16:00 PM,8/30/2026 2:20:00 PM,MIN_OPERATING_MW,25.57,
8/30/2026 2:15:00 PM,RTD,CLUZ,03TANWIND_G01,G,8/30/2026 2:11:00 PM,8/30/2026 2:15:00 PM,MAX_OPERATING_MW,7,
8/30/2026 2:15:00 PM,RTD,CLUZ,03TANWIND_G01,G,8/30/2026 2:11:00 PM,8/30/2026 2:15:00 PM,MIN_OPERATING_MW,7,
8/30/2026 2:15:00 PM,RTD,CLUZ,03TANWIND_G01,G,8/30/2026 2:16:00 PM,8/30/2026 2:20:00 PM,MAX_OPERATING_MW,7,
8/30/2026 2:15:00 PM,RTD,CLUZ,03TANWIND_G01,G,8/30/2026 2:16:00 PM,8/30/2026 2:20:00 PM,MIN_OPERATING_MW,7,
8/30/2026 2:15:00 PM,RTD,CVIS,04ISIDROSOL_G01,G,8/30/2026 2:01:00 PM,8/30/2026 3:00:00 PM,MAX_OPERATING_MW,78.10,
8/30/2026 2:15:00 PM,RTD,CVIS,04ISIDROSOL_G01,G,8/30/2026 2:01:00 PM,8/30/2026 3:00:00 PM,MIN_OPERATING_MW,78.10,
8/30/2026 2:15:00 PM,RTD,CVIS,08AJUYSOL_G01,G,8/30/2026 2:01:00 PM,8/30/2026 3:00:00 PM,MAX_OPERATING_MW,6.60,
8/30/2026 2:15:00 PM,RTD,CVIS,08AJUYSOL_G01,G,8/30/2026 2:01:00 PM,8/30/2026 3:00:00 PM,MIN_OPERATING_MW,6.60,
8/30/2026 2:15:00 PM,RTD,CVIS,08AJUYSOL_G02,G,8/30/2026 2:01:00 PM,8/30/2026 3:00:00 PM,MAX_OPERATING_MW,3.40,
8/30/2026 2:15:00 PM,RTD,CVIS,08AJUYSOL_G02,G,8/30/2026 2:01:00 PM,8/30/2026 3:00:00 PM,MIN_OPERATING_MW,3.40,
8/30/2026 2:15:00 PM,RTD,CMIN,10LIAN_G02,G,8/30/2026 12:05:00 AM,8/30/2026 11:59:00 PM,MAX_OPERATING_MW,0,
8/30/2026 2:15:00 PM,RTD,CMIN,10LIAN_G02,G,8/30/2026 12:05:00 AM,8/30/2026 11:59:00 PM,MIN_OPERATING_MW,0,
8/30/2026 2:15:00 PM,RTD,CMIN,14TANTASOL_G01,G,8/30/2026 2:01:00 PM,8/30/2026 3:00:00 PM,MAX_OPERATING_MW,0,
8/30/2026 2:15:00 PM,RTD,CMIN,14TANTASOL_G01,G,8/30/2026 2:01:00 PM,8/30/2026 3:00:00 PM,MIN_OPERATING_MW,0,
8/30/2026 2:20:00 PM,RTD,CLUZ,01BARBASOL_G01,G,8/30/2026 2:16:00 PM,8/30/2026 2:20:00 PM,MAX_OPERATING_MW,29.97,
8/30/2026 2:20:00 PM,RTD,CLUZ,01BARBASOL_G01,G,8/30/2026 2:16:00 PM,8/30/2026 2:20:00 PM,MIN_OPERATING_MW,29.97,
8/30/2026 2:20:00 PM,RTD,CLUZ,01BARBASOL_G01,G,8/30/2026 2:21:00 PM,8/30/2026 2:25:00 PM,MAX_OPERATING_MW,29.54,
8/30/2026 2:20:00 PM,RTD,CLUZ,01BARBASOL_G01,G,8/30/2026 2:21:00 PM,8/30/2026 2:25:00 PM,MIN_OPERATING_MW,29.54,
8/30/2026 2:20:00 PM,RTD,CLUZ,01BUGSOL_G01,G,8/30/2026 2:16:00 PM,8/30/2026 2:20:00 PM,MAX_OPERATING_MW,32.90,
8/30/2026 2:20:00 PM,RTD,CLUZ,01BUGSOL_G01,G,8/30/2026 2:16:00 PM,8/30/2026 2:20:00 PM,MIN_OPERATING_MW,32.90,
8/30/2026 2:20:00 PM,RTD,CLUZ,01BUGSOL_G01,G,8/30/2026 2:21:00 PM,8/30/2026 2:25:00 PM,MAX_OPERATING_MW,11.40,
8/30/2026 2:20:00 PM,RTD,CLUZ,01BUGSOL_G01,G,8/30/2026 2:21:00 PM,8/30/2026 2:25:00 PM,MIN_OPERATING_MW,11.40,
8/30/2026 2:20:00 PM,RTD,CLUZ,01BULACSOL_G01,G,8/30/2026 2:01:00 PM,8/30/2026 3:00:00 PM,MAX_OPERATING_MW,11.52,
8/30/2026 2:20:00 PM,RTD,CLUZ,01BULACSOL_G01,G,8/30/2026 2:01:00 PM,8/30/2026 3:00:00 PM,MIN_OPERATING_MW,11.52,
8/30/2026 2:20:00 PM,RTD,CLUZ,01CONSOL_G01,G,8/30/2026 2:16:00 PM,8/30/2026 2:20:00 PM,MAX_OPERATING_MW,32.55,
8/30/2026 2:20:00 PM,RTD,CLUZ,01CONSOL_G01,G,8/30/2026 2:16:00 PM,8/30/2026 2:20:00 PM,MIN_OPERATING_MW,32.55,
8/30/2026 2:20:00 PM,RTD,CLUZ,01CONSOL_G01,G,8/30/2026 2:21:00 PM,8/30/2026 2:25:00 PM,MAX_OPERATING_MW,32.71,
8/30/2026 2:20:00 PM,RTD,CLUZ,01CONSOL_G01,G,8/30/2026 2:21:00 PM,8/30/2026 2:25:00 PM,MIN_OPERATING_MW,32.71,
8/30/2026 2:20:00 PM,RTD,CLUZ,01PASBUSOL_G01,G,8/30/2026 2:01:00 PM,8/30/2026 3:00:00 PM,MAX_OPERATING_MW,33.75,
8/30/2026 2:20:00 PM,RTD,CLUZ,01PASBUSOL_G01,G,8/30/2026 2:01:00 PM,8/30/2026 3:00:00 PM,MIN_OPERATING_MW,33.75,
8/30/2026 2:20:00 PM,RTD,CLUZ,01TERRASOL_G01,G,8/30/2026 2:16:00 PM,8/30/2026 6:00:00 PM,MAX_OPERATING_MW,10,
8/30/2026 2:20:00 PM,RTD,CLUZ,01TERRASOL_G01,G,8/30/2026 2:16:00 PM,8/30/2026 6:00:00 PM,MIN_OPERATING_MW,10,
8/30/2026 2:20:00 PM,RTD,CLUZ,03LUNSOL_G01,G,8/30/2026 2:16:00 PM,8/30/2026 2:20:00 PM,MAX_OPERATING_MW,25.57,
8/30/2026 2:20:00 PM,RTD,CLUZ,03LUNSOL_G01,G,8/30/2026 2:16:00 PM,8/30/2026 2:20:00 PM,MIN_OPERATING_MW,25.57,
8/30/2026 2:20:00 PM,RTD,CLUZ,03LUNSOL_G01,G,8/30/2026 2:21:00 PM,8/30/2026 2:25:00 PM,MAX_OPERATING_MW,25.03,
8/30/2026 2:20:00 PM,RTD,CLUZ,03LUNSOL_G01,G,8/30/2026 2:21:00 PM,8/30/2026 2:25:00 PM,MIN_OPERATING_MW,25.03,
8/30/2026 2:20:00 PM,RTD,CLUZ,03TANWIND_G01,G,8/30/2026 2:16:00 PM,8/30/2026 2:20:00 PM,MAX_OPERATING_MW,7,
8/30/2026 2:20:00 PM,RTD,CLUZ,03TANWIND_G01,G,8/30/2026 2:16:00 PM,8/30/2026 2:20:00 PM,MIN_OPERATING_MW,7,
8/30/2026 2:20:00 PM,RTD,CLUZ,03TANWIND_G01,G,8/30/2026 2:21:00 PM,8/30/2026 2:25:00 PM,MAX_OPERATING_MW,7,
8/30/2026 2:20:00 PM,RTD,CLUZ,03TANWIND_G01,G,8/30/2026 2:21:00 PM,8/30/2026 2:25:00 PM,MIN_OPERATING_MW,7,
8/30/2026 2:20:00 PM,RTD,CVIS,04ISIDROSOL_G01,G,8/30/2026 2:01:00 PM,8/30/2026 3:00:00 PM,MAX_OPERATING_MW,78.10,
8/30/2026 2:20:00 PM,RTD,CVIS,04ISIDROSOL_G01,G,8/30/2026 2:01:00 PM,8/30/2026 3:00:00 PM,MIN_OPERATING_MW,78.10,
8/30/2026 2:20:00 PM,RTD,CVIS,08AJUYSOL_G01,G,8/30/2026 2:01:00 PM,8/30/2026 3:00:00 PM,MAX_OPERATING_MW,6.60,
8/30/2026 2:20:00 PM,RTD,CVIS,08AJUYSOL_G01,G,8/30/2026 2:01:00 PM,8/30/2026 3:00:00 PM,MIN_OPERATING_MW,6.60,
8/30/2026 2:20:00 PM,RTD,CVIS,08AJUYSOL_G02,G,8/30/2026 2:01:00 PM,8/30/2026 3:00:00 PM,MAX_OPERATING_MW,3.40,
8/30/2026 2:20:00 PM,RTD,CVIS,08AJUYSOL_G02,G,8/30/2026 2:01:00 PM,8/30/2026 3:00:00 PM,MIN_OPERATING_MW,3.40,
8/30/2026 2:20:00 PM,RTD,CMIN,10LIAN_G02,G,8/30/2026 12:05:00 AM,8/30/2026 11:59:00 PM,MAX_OPERATING_MW,0,
8/30/2026 2:20:00 PM,RTD,CMIN,10LIAN_G02,G,8/30/2026 12:05:00 AM,8/30/2026 11:59:00 PM,MIN_OPERATING_MW,0,
8/30/2026 2:20:00 PM,RTD,CMIN,14TANTASOL_G01,G,8/30/2026 2:01:00 PM,8/30/2026 3:00:00 PM,MAX_OPERATING_MW,0,
8/30/2026 2:20:00 PM,RTD,CMIN,14TANTASOL_G01,G,8/30/2026 2:01:00 PM,8/30/2026 3:00:00 PM,MIN_OPERATING_MW,0,
8/30/2026 2:25:00 PM,RTD,CLUZ,01BARBASOL_G01,G,8/30/2026 2:21:00 PM,8/30/2026 2:25:00 PM,MAX_OPERATING_MW,29.54,
8/30/2026 2:25:00 PM,RTD,CLUZ,01BARBASOL_G01,G,8/30/2026 2:21:00 PM,8/30/2026 2:25:00 PM,MIN_OPERATING_MW,29.54,
8/30/2026 2:25:00 PM,RTD,CLUZ,01BARBASOL_G01,G,8/30/2026 2:26:00 PM,8/30/2026 2:30:00 PM,MAX_OPERATING_MW,29.12,
8/30/2026 2:25:00 PM,RTD,CLUZ,01BARBASOL_G01,G,8/30/2026 2:26:00 PM,8/30/2026 2:30:00 PM,MIN_OPERATING_MW,29.12,
8/30/2026 2:25:00 PM,RTD,CLUZ,01BUGSOL_G01,G,8/30/2026 2:21:00 PM,8/30/2026 2:25:00 PM,MAX_OPERATING_MW,11.40,
8/30/2026 2:25:00 PM,RTD,CLUZ,01BUGSOL_G01,G,8/30/2026 2:21:00 PM,8/30/2026 2:25:00 PM,MIN_OPERATING_MW,11.40,
8/30/2026 2:25:00 PM,RTD,CLUZ,01BUGSOL_G01,G,8/30/2026 2:26:00 PM,8/30/2026 2:30:00 PM,MAX_OPERATING_MW,9.70,
8/30/2026 2:25:00 PM,RTD,CLUZ,01BUGSOL_G01,G,8/30/2026 2:26:00 PM,8/30/2026 2:30:00 PM,MIN_OPERATING_MW,9.70,
8/30/2026 2:25:00 PM,RTD,CLUZ,01BULACSOL_G01,G,8/30/2026 2:01:00 PM,8/30/2026 3:00:00 PM,MAX_OPERATING_MW,11.52,
8/30/2026 2:25:00 PM,RTD,CLUZ,01BULACSOL_G01,G,8/30/2026 2:01:00 PM,8/30/2026 3:00:00 PM,MIN_OPERATING_MW,11.52,
8/30/2026 2:25:00 PM,RTD,CLUZ,01CONSOL_G01,G,8/30/2026 2:21:00 PM,8/30/2026 2:25:00 PM,MAX_OPERATING_MW,32.71,
8/30/2026 2:25:00 PM,RTD,CLUZ,01CONSOL_G01,G,8/30/2026 2:21:00 PM,8/30/2026 2:25:00 PM,MIN_OPERATING_MW,32.71,
8/30/2026 2:25:00 PM,RTD,CLUZ,01CONSOL_G01,G,8/30/2026 2:26:00 PM,8/30/2026 2:30:00 PM,MAX_OPERATING_MW,32.95,
8/30/2026 2:25:00 PM,RTD,CLUZ,01CONSOL_G01,G,8/30/2026 2:26:00 PM,8/30/2026 2:30:00 PM,MIN_OPERATING_MW,32.95,
8/30/2026 2:25:00 PM,RTD,CLUZ,01PASBUSOL_G01,G,8/30/2026 2:01:00 PM,8/30/2026 3:00:00 PM,MAX_OPERATING_MW,33.75,
8/30/2026 2:25:00 PM,RTD,CLUZ,01PASBUSOL_G01,G,8/30/2026 2:01:00 PM,8/30/2026 3:00:00 PM,MIN_OPERATING_MW,33.75,
8/30/2026 2:25:00 PM,RTD,CLUZ,01TERRASOL_G01,G,8/30/2026 2:16:00 PM,8/30/2026 6:00:00 PM,MAX_OPERATING_MW,10,
8/30/2026 2:25:00 PM,RTD,CLUZ,01TERRASOL_G01,G,8/30/2026 2:16:00 PM,8/30/2026 6:00:00 PM,MIN_OPERATING_MW,10,
8/30/2026 2:25:00 PM,RTD,CLUZ,03LUNSOL_G01,G,8/30/2026 2:21:00 PM,8/30/2026 2:25:00 PM,MAX_OPERATING_MW,25.03,
8/30/2026 2:25:00 PM,RTD,CLUZ,03LUNSOL_G01,G,8/30/2026 2:21:00 PM,8/30/2026 2:25:00 PM,MIN_OPERATING_MW,25.03,
8/30/2026 2:25:00 PM,RTD,CLUZ,03LUNSOL_G01,G,8/30/2026 2:26:00 PM,8/30/2026 2:30:00 PM,MAX_OPERATING_MW,24.47,
8/30/2026 2:25:00 PM,RTD,CLUZ,03LUNSOL_G01,G,8/30/2026 2:26:00 PM,8/30/2026 2:30:00 PM,MIN_OPERATING_MW,24.47,
8/30/2026 2:25:00 PM,RTD,CLUZ,03TANWIND_G01,G,8/30/2026 2:21:00 PM,8/30/2026 2:25:00 PM,MAX_OPERATING_MW,7,
8/30/2026 2:25:00 PM,RTD,CLUZ,03TANWIND_G01,G,8/30/2026 2:21:00 PM,8/30/2026 2:25:00 PM,MIN_OPERATING_MW,7,
8/30/2026 2:25:00 PM,RTD,CLUZ,03TANWIND_G01,G,8/30/2026 2:26:00 PM,8/30/2026 2:30:00 PM,MAX_OPERATING_MW,7,
8/30/2026 2:25:00 PM,RTD,CLUZ,03TANWIND_G01,G,8/30/2026 2:26:00 PM,8/30/2026 2:30:00 PM,MIN_OPERATING_MW,7,
8/30/2026 2:25:00 PM,RTD,CVIS,04ISIDROSOL_G01,G,8/30/2026 2:01:00 PM,8/30/2026 3:00:00 PM,MAX_OPERATING_MW,78.10,
8/30/2026 2:25:00 PM,RTD,CVIS,04ISIDROSOL_G01,G,8/30/2026 2:01:00 PM,8/30/2026 3:00:00 PM,MIN_OPERATING_MW,78.10,
8/30/2026 2:25:00 PM,RTD,CVIS,08AJUYSOL_G01,G,8/30/2026 2:01:00 PM,8/30/2026 3:00:00 PM,MAX_OPERATING_MW,6.60,
8/30/2026 2:25:00 PM,RTD,CVIS,08AJUYSOL_G01,G,8/30/2026 2:01:00 PM,8/30/2026 3:00:00 PM,MIN_OPERATING_MW,6.60,
8/30/2026 2:25:00 PM,RTD,CVIS,08AJUYSOL_G02,G,8/30/2026 2:01:00 PM,8/30/2026 3:00:00 PM,MAX_OPERATING_MW,3.40,
8/30/2026 2:25:00 PM,RTD,CVIS,08AJUYSOL_G02,G,8/30/2026 2:01:00 PM,8/30/2026 3:00:00 PM,MIN_OPERATING_MW,3.40,
8/30/2026 2:25:00 PM,RTD,CMIN,10LIAN_G02,G,8/30/2026 12:05:00 AM,8/30/2026 11:59:00 PM,MAX_OPERATING_MW,0,
8/30/2026 2:25:00 PM,RTD,CMIN,10LIAN_G02,G,8/30/2026 12:05:00 AM,8/30/2026 11:59:00 PM,MIN_OPERATING_MW,0,
8/30/2026 2:25:00 PM,RTD,CMIN,14TANTASOL_G01,G,8/30/2026 2:01:00 PM,8/30/2026 3:00:00 PM,MAX_OPERATING_MW,0,
8/30/2026 2:25:00 PM,RTD,CMIN,14TANTASOL_G01,G,8/30/2026 2:01:00 PM,8/30/2026 3:00:00 PM,MIN_OPERATING_MW,0,
8/30/2026 2:30:00 PM,RTD,CLUZ,01BARBASOL_G01,G,8/30/2026 2:26:00 PM,8/30/2026 2:30:00 PM,MAX_OPERATING_MW,29.12,
8/30/2026 2:30:00 PM,RTD,CLUZ,01BARBASOL_G01,G,8/30/2026 2:26:00 PM,8/30/2026 2:30:00 PM,MIN_OPERATING_MW,29.12,
8/30/2026 2:30:00 PM,RTD,CLUZ,01BARBASOL_G01,G,8/30/2026 2:31:00 PM,8/30/2026 2:35:00 PM,MAX_OPERATING_MW,28.69,
8/30/2026 2:30:00 PM,RTD,CLUZ,01BARBASOL_G01,G,8/30/2026 2:31:00 PM,8/30/2026 2:35:00 PM,MIN_OPERATING_MW,28.69,
8/30/2026 2:30:00 PM,RTD,CLUZ,01BUGSOL_G01,G,8/30/2026 2:26:00 PM,8/30/2026 2:30:00 PM,MAX_OPERATING_MW,9.70,
8/30/2026 2:30:00 PM,RTD,CLUZ,01BUGSOL_G01,G,8/30/2026 2:26:00 PM,8/30/2026 2:30:00 PM,MIN_OPERATING_MW,9.70,
8/30/2026 2:30:00 PM,RTD,CLUZ,01BUGSOL_G01,G,8/30/2026 2:31:00 PM,8/30/2026 2:35:00 PM,MAX_OPERATING_MW,12.30,
8/30/2026 2:30:00 PM,RTD,CLUZ,01BUGSOL_G01,G,8/30/2026 2:31:00 PM,8/30/2026 2:35:00 PM,MIN_OPERATING_MW,12.30,
8/30/2026 2:30:00 PM,RTD,CLUZ,01BULACSOL_G01,G,8/30/2026 2:01:00 PM,8/30/2026 3:00:00 PM,MAX_OPERATING_MW,11.52,
8/30/2026 2:30:00 PM,RTD,CLUZ,01BULACSOL_G01,G,8/30/2026 2:01:00 PM,8/30/2026 3:00:00 PM,MIN_OPERATING_MW,11.52,
8/30/2026 2:30:00 PM,RTD,CLUZ,01CONSOL_G01,G,8/30/2026 2:26:00 PM,8/30/2026 2:30:00 PM,MAX_OPERATING_MW,32.95,
8/30/2026 2:30:00 PM,RTD,CLUZ,01CONSOL_G01,G,8/30/2026 2:26:00 PM,8/30/2026 2:30:00 PM,MIN_OPERATING_MW,32.95,
8/30/2026 2:30:00 PM,RTD,CLUZ,01CONSOL_G01,G,8/30/2026 2:31:00 PM,8/30/2026 2:35:00 PM,MAX_OPERATING_MW,33.15,
8/30/2026 2:30:00 PM,RTD,CLUZ,01CONSOL_G01,G,8/30/2026 2:31:00 PM,8/30/2026 2:35:00 PM,MIN_OPERATING_MW,33.15,
8/30/2026 2:30:00 PM,RTD,CLUZ,01PASBUSOL_G01,G,8/30/2026 2:01:00 PM,8/30/2026 3:00:00 PM,MAX_OPERATING_MW,33.75,
8/30/2026 2:30:00 PM,RTD,CLUZ,01PASBUSOL_G01,G,8/30/2026 2:01:00 PM,8/30/2026 3:00:00 PM,MIN_OPERATING_MW,33.75,
8/30/2026 2:30:00 PM,RTD,CLUZ,01TERRASOL_G01,G,8/30/2026 2:16:00 PM,8/30/2026 6:00:00 PM,MAX_OPERATING_MW,10,
8/30/2026 2:30:00 PM,RTD,CLUZ,01TERRASOL_G01,G,8/30/2026 2:16:00 PM,8/30/2026 6:00:00 PM,MIN_OPERATING_MW,10,
8/30/2026 2:30:00 PM,RTD,CLUZ,03LUNSOL_G01,G,8/30/2026 2:26:00 PM,8/30/2026 2:30:00 PM,MAX_OPERATING_MW,24.47,
8/30/2026 2:30:00 PM,RTD,CLUZ,03LUNSOL_G01,G,8/30/2026 2:26:00 PM,8/30/2026 2:30:00 PM,MIN_OPERATING_MW,24.47,
8/30/2026 2:30:00 PM,RTD,CLUZ,03LUNSOL_G01,G,8/30/2026 2:31:00 PM,8/30/2026 2:35:00 PM,MAX_OPERATING_MW,23.91,
8/30/2026 2:30:00 PM,RTD,CLUZ,03LUNSOL_G01,G,8/30/2026 2:31:00 PM,8/30/2026 2:35:00 PM,MIN_OPERATING_MW,23.91,
8/30/2026 2:30:00 PM,RTD,CLUZ,03TANWIND_G01,G,8/30/2026 2:26:00 PM,8/30/2026 2:30:00 PM,MAX_OPERATING_MW,7,
8/30/2026 2:30:00 PM,RTD,CLUZ,03TANWIND_G01,G,8/30/2026 2:26:00 PM,8/30/2026 2:30:00 PM,MIN_OPERATING_MW,7,
8/30/2026 2:30:00 PM,RTD,CLUZ,03TANWIND_G01,G,8/30/2026 2:31:00 PM,8/30/2026 2:35:00 PM,MAX_OPERATING_MW,7,
8/30/2026 2:30:00 PM,RTD,CLUZ,03TANWIND_G01,G,8/30/2026 2:31:00 PM,8/30/2026 2:35:00 PM,MIN_OPERATING_MW,7,
8/30/2026 2:30:00 PM,RTD,CVIS,04ISIDROSOL_G01,G,8/30/2026 2:01:00 PM,8/30/2026 3:00:00 PM,MAX_OPERATING_MW,78.10,
8/30/2026 2:30:00 PM,RTD,CVIS,04ISIDROSOL_G01,G,8/30/2026 2:01:00 PM,8/30/2026 3:00:00 PM,MIN_OPERATING_MW,78.10,
8/30/2026 2:30:00 PM,RTD,CVIS,08AJUYSOL_G01,G,8/30/2026 2:01:00 PM,8/30/2026 3:00:00 PM,MAX_OPERATING_MW,6.60,
8/30/2026 2:30:00 PM,RTD,CVIS,08AJUYSOL_G01,G,8/30/2026 2:01:00 PM,8/30/2026 3:00:00 PM,MIN_OPERATING_MW,6.60,
8/30/2026 2:30:00 PM,RTD,CVIS,08AJUYSOL_G02,G,8/30/2026 2:01:00 PM,8/30/2026 3:00:00 PM,MAX_OPERATING_MW,3.40,
8/30/2026 2:30:00 PM,RTD,CVIS,08AJUYSOL_G02,G,8/30/2026 2:01:00 PM,8/30/2026 3:00:00 PM,MIN_OPERATING_MW,3.40,
8/30/2026 2:30:00 PM,RTD,CMIN,10LIAN_G02,G,8/30/2026 12:05:00 AM,8/30/2026 11:59:00 PM,MAX_OPERATING_MW,0,
8/30/2026 2:30:00 PM,RTD,CMIN,10LIAN_G02,G,8/30/2026 12:05:00 AM,8/30/2026 11:59:00 PM,MIN_OPERATING_MW,0,
8/30/2026 2:30:00 PM,RTD,CMIN,14TANTASOL_G01,G,8/30/2026 2:01:00 PM,8/30/2026 3:00:00 PM,MAX_OPERATING_MW,0,
8/30/2026 2:30:00 PM,RTD,CMIN,14TANTASOL_G01,G,8/30/2026 2:01:00 PM,8/30/2026 3:00:00 PM,MIN_OPERATING_MW,0,
8/30/2026 2:35:00 PM,RTD,CLUZ,01BARBASOL_G01,G,8/30/2026 2:31:00 PM,8/30/2026 2:35:00 PM,MAX_OPERATING_MW,28.69,
8/30/2026 2:35:00 PM,RTD,CLUZ,01BARBASOL_G01,G,8/30/2026 2:31:00 PM,8/30/2026 2:35:00 PM,MIN_OPERATING_MW,28.69,
8/30/2026 2:35:00 PM,RTD,CLUZ,01BARBASOL_G01,G,8/30/2026 2:36:00 PM,8/30/2026 2:40:00 PM,MAX_OPERATING_MW,28.26,
8/30/2026 2:35:00 PM,RTD,CLUZ,01BARBASOL_G01,G,8/30/2026 2:36:00 PM,8/30/2026 2:40:00 PM,MIN_OPERATING_MW,28.26,
8/30/2026 2:35:00 PM,RTD,CLUZ,01BUGSOL_G01,G,8/30/2026 2:31:00 PM,8/30/2026 2:35:00 PM,MAX_OPERATING_MW,12.30,
8/30/2026 2:35:00 PM,RTD,CLUZ,01BUGSOL_G01,G,8/30/2026 2:31:00 PM,8/30/2026 2:35:00 PM,MIN_OPERATING_MW,12.30,
8/30/2026 2:35:00 PM,RTD,CLUZ,01BUGSOL_G01,G,8/30/2026 2:36:00 PM,8/30/2026 2:40:00 PM,MAX_OPERATING_MW,10.30,
8/30/2026 2:35:00 PM,RTD,CLUZ,01BUGSOL_G01,G,8/30/2026 2:36:00 PM,8/30/2026 2:40:00 PM,MIN_OPERATING_MW,10.30,
8/30/2026 2:35:00 PM,RTD,CLUZ,01BULACSOL_G01,G,8/30/2026 2:01:00 PM,8/30/2026 3:00:00 PM,MAX_OPERATING_MW,11.52,
8/30/2026 2:35:00 PM,RTD,CLUZ,01BULACSOL_G01,G,8/30/2026 2:01:00 PM,8/30/2026 3:00:00 PM,MIN_OPERATING_MW,11.52,
8/30/2026 2:35:00 PM,RTD,CLUZ,01CONSOL_G01,G,8/30/2026 2:31:00 PM,8/30/2026 2:35:00 PM,MAX_OPERATING_MW,33.15,
8/30/2026 2:35:00 PM,RTD,CLUZ,01CONSOL_G01,G,8/30/2026 2:31:00 PM,8/30/2026 2:35:00 PM,MIN_OPERATING_MW,33.15,
8/30/2026 2:35:00 PM,RTD,CLUZ,01CONSOL_G01,G,8/30/2026 2:36:00 PM,8/30/2026 2:40:00 PM,MAX_OPERATING_MW,33.31,
8/30/2026 2:35:00 PM,RTD,CLUZ,01CONSOL_G01,G,8/30/2026 2:36:00 PM,8/30/2026 2:40:00 PM,MIN_OPERATING_MW,33.31,
8/30/2026 2:35:00 PM,RTD,CLUZ,01PASBUSOL_G01,G,8/30/2026 2:01:00 PM,8/30/2026 3:00:00 PM,MAX_OPERATING_MW,33.75,
8/30/2026 2:35:00 PM,RTD,CLUZ,01PASBUSOL_G01,G,8/30/2026 2:01:00 PM,8/30/2026 3:00:00 PM,MIN_OPERATING_MW,33.75,
8/30/2026 2:35:00 PM,RTD,CLUZ,01TERRASOL_G01,G,8/30/2026 2:16:00 PM,8/30/2026 6:00:00 PM,MAX_OPERATING_MW,10,
8/30/2026 2:35:00 PM,RTD,CLUZ,01TERRASOL_G01,G,8/30/2026 2:16:00 PM,8/30/2026 6:00:00 PM,MIN_OPERATING_MW,10,
8/30/2026 2:35:00 PM,RTD,CLUZ,03LUNSOL_G01,G,8/30/2026 2:31:00 PM,8/30/2026 2:35:00 PM,MAX_OPERATING_MW,23.91,
8/30/2026 2:35:00 PM,RTD,CLUZ,03LUNSOL_G01,G,8/30/2026 2:31:00 PM,8/30/2026 2:35:00 PM,MIN_OPERATING_MW,23.91,
8/30/2026 2:35:00 PM,RTD,CLUZ,03LUNSOL_G01,G,8/30/2026 2:36:00 PM,8/30/2026 2:40:00 PM,MAX_OPERATING_MW,23.33,
8/30/2026 2:35:00 PM,RTD,CLUZ,03LUNSOL_G01,G,8/30/2026 2:36:00 PM,8/30/2026 2:40:00 PM,MIN_OPERATING_MW,23.33,
8/30/2026 2:35:00 PM,RTD,CLUZ,03TANWIND_G01,G,8/30/2026 2:31:00 PM,8/30/2026 2:35:00 PM,MAX_OPERATING_MW,7,
8/30/2026 2:35:00 PM,RTD,CLUZ,03TANWIND_G01,G,8/30/2026 2:31:00 PM,8/30/2026 2:35:00 PM,MIN_OPERATING_MW,7,
8/30/2026 2:35:00 PM,RTD,CLUZ,03TANWIND_G01,G,8/30/2026 2:36:00 PM,8/30/2026 2:40:00 PM,MAX_OPERATING_MW,7,
8/30/2026 2:35:00 PM,RTD,CLUZ,03TANWIND_G01,G,8/30/2026 2:36:00 PM,8/30/2026 2:40:00 PM,MIN_OPERATING_MW,7,
8/30/2026 2:35:00 PM,RTD,CVIS,04ISIDROSOL_G01,G,8/30/2026 2:01:00 PM,8/30/2026 3:00:00 PM,MAX_OPERATING_MW,78.10,
8/30/2026 2:35:00 PM,RTD,CVIS,04ISIDROSOL_G01,G,8/30/2026 2:01:00 PM,8/30/2026 3:00:00 PM,MIN_OPERATING_MW,78.10,
8/30/2026 2:35:00 PM,RTD,CVIS,08AJUYSOL_G01,G,8/30/2026 2:01:00 PM,8/30/2026 3:00:00 PM,MAX_OPERATING_MW,6.60,
8/30/2026 2:35:00 PM,RTD,CVIS,08AJUYSOL_G01,G,8/30/2026 2:01:00 PM,8/30/2026 3:00:00 PM,MIN_OPERATING_MW,6.60,
8/30/2026 2:35:00 PM,RTD,CVIS,08AJUYSOL_G02,G,8/30/2026 2:01:00 PM,8/30/2026 3:00:00 PM,MAX_OPERATING_MW,3.40,
8/30/2026 2:35:00 PM,RTD,CVIS,08AJUYSOL_G02,G,8/30/2026 2:01:00 PM,8/30/2026 3:00:00 PM,MIN_OPERATING_MW,3.40,
8/30/2026 2:35:00 PM,RTD,CMIN,10LIAN_G02,G,8/30/2026 12:05:00 AM,8/30/2026 11:59:00 PM,MAX_OPERATING_MW,0,
8/30/2026 2:35:00 PM,RTD,CMIN,10LIAN_G02,G,8/30/2026 12:05:00 AM,8/30/2026 11:59:00 PM,MIN_OPERATING_MW,0,
8/30/2026 2:35:00 PM,RTD,CMIN,14TANTASOL_G01,G,8/30/2026 2:01:00 PM,8/30/2026 3:00:00 PM,MAX_OPERATING_MW,0,
8/30/2026 2:35:00 PM,RTD,CMIN,14TANTASOL_G01,G,8/30/2026 2:01:00 PM,8/30/2026 3:00:00 PM,MIN_OPERATING_MW,0,
8/30/2026 2:40:00 PM,RTD,CLUZ,01BARBASOL_G01,G,8/30/2026 2:36:00 PM,8/30/2026 2:40:00 PM,MAX_OPERATING_MW,28.26,
8/30/2026 2:40:00 PM,RTD,CLUZ,01BARBASOL_G01,G,8/30/2026 2:36:00 PM,8/30/2026 2:40:00 PM,MIN_OPERATING_MW,28.26,
8/30/2026 2:40:00 PM,RTD,CLUZ,01BARBASOL_G01,G,8/30/2026 2:41:00 PM,8/30/2026 2:45:00 PM,MAX_OPERATING_MW,27.80,
8/30/2026 2:40:00 PM,RTD,CLUZ,01BARBASOL_G01,G,8/30/2026 2:41:00 PM,8/30/2026 2:45:00 PM,MIN_OPERATING_MW,27.80,
8/30/2026 2:40:00 PM,RTD,CLUZ,01BUGSOL_G01,G,8/30/2026 2:36:00 PM,8/30/2026 2:40:00 PM,MAX_OPERATING_MW,10.30,
8/30/2026 2:40:00 PM,RTD,CLUZ,01BUGSOL_G01,G,8/30/2026 2:36:00 PM,8/30/2026 2:40:00 PM,MIN_OPERATING_MW,10.30,
8/30/2026 2:40:00 PM,RTD,CLUZ,01BUGSOL_G01,G,8/30/2026 2:41:00 PM,8/30/2026 2:45:00 PM,MAX_OPERATING_MW,12.30,
8/30/2026 2:40:00 PM,RTD,CLUZ,01BUGSOL_G01,G,8/30/2026 2:41:00 PM,8/30/2026 2:45:00 PM,MIN_OPERATING_MW,12.30,
8/30/2026 2:40:00 PM,RTD,CLUZ,01BULACSOL_G01,G,8/30/2026 2:01:00 PM,8/30/2026 3:00:00 PM,MAX_OPERATING_MW,11.52,
8/30/2026 2:40:00 PM,RTD,CLUZ,01BULACSOL_G01,G,8/30/2026 2:01:00 PM,8/30/2026 3:00:00 PM,MIN_OPERATING_MW,11.52,
8/30/2026 2:40:00 PM,RTD,CLUZ,01CONSOL_G01,G,8/30/2026 2:36:00 PM,8/30/2026 2:40:00 PM,MAX_OPERATING_MW,33.31,
8/30/2026 2:40:00 PM,RTD,CLUZ,01CONSOL_G01,G,8/30/2026 2:36:00 PM,8/30/2026 2:40:00 PM,MIN_OPERATING_MW,33.31,
8/30/2026 2:40:00 PM,RTD,CLUZ,01CONSOL_G01,G,8/30/2026 2:41:00 PM,8/30/2026 2:45:00 PM,MAX_OPERATING_MW,33.42,
8/30/2026 2:40:00 PM,RTD,CLUZ,01CONSOL_G01,G,8/30/2026 2:41:00 PM,8/30/2026 2:45:00 PM,MIN_OPERATING_MW,33.42,
8/30/2026 2:40:00 PM,RTD,CLUZ,01PASBUSOL_G01,G,8/30/2026 2:01:00 PM,8/30/2026 3:00:00 PM,MAX_OPERATING_MW,33.75,
8/30/2026 2:40:00 PM,RTD,CLUZ,01PASBUSOL_G01,G,8/30/2026 2:01:00 PM,8/30/2026 3:00:00 PM,MIN_OPERATING_MW,33.75,
8/30/2026 2:40:00 PM,RTD,CLUZ,01TERRASOL_G01,G,8/30/2026 2:16:00 PM,8/30/2026 6:00:00 PM,MAX_OPERATING_MW,10,
8/30/2026 2:40:00 PM,RTD,CLUZ,01TERRASOL_G01,G,8/30/2026 2:16:00 PM,8/30/2026 6:00:00 PM,MIN_OPERATING_MW,10,
8/30/2026 2:40:00 PM,RTD,CLUZ,03LUNSOL_G01,G,8/30/2026 2:36:00 PM,8/30/2026 2:40:00 PM,MAX_OPERATING_MW,23.33,
8/30/2026 2:40:00 PM,RTD,CLUZ,03LUNSOL_G01,G,8/30/2026 2:36:00 PM,8/30/2026 2:40:00 PM,MIN_OPERATING_MW,23.33,
8/30/2026 2:40:00 PM,RTD,CLUZ,03LUNSOL_G01,G,8/30/2026 2:41:00 PM,8/30/2026 2:45:00 PM,MAX_OPERATING_MW,22.74,
8/30/2026 2:40:00 PM,RTD,CLUZ,03LUNSOL_G01,G,8/30/2026 2:41:00 PM,8/30/2026 2:45:00 PM,MIN_OPERATING_MW,22.74,
8/30/2026 2:40:00 PM,RTD,CLUZ,03TANWIND_G01,G,8/30/2026 2:36:00 PM,8/30/2026 2:40:00 PM,MAX_OPERATING_MW,7,
8/30/2026 2:40:00 PM,RTD,CLUZ,03TANWIND_G01,G,8/30/2026 2:36:00 PM,8/30/2026 2:40:00 PM,MIN_OPERATING_MW,7,
8/30/2026 2:40:00 PM,RTD,CLUZ,03TANWIND_G01,G,8/30/2026 2:41:00 PM,8/30/2026 2:45:00 PM,MAX_OPERATING_MW,7,
8/30/2026 2:40:00 PM,RTD,CLUZ,03TANWIND_G01,G,8/30/2026 2:41:00 PM,8/30/2026 2:45:00 PM,MIN_OPERATING_MW,7,
8/30/2026 2:40:00 PM,RTD,CVIS,04ISIDROSOL_G01,G,8/30/2026 2:01:00 PM,8/30/2026 3:00:00 PM,MAX_OPERATING_MW,78.10,
8/30/2026 2:40:00 PM,RTD,CVIS,04ISIDROSOL_G01,G,8/30/2026 2:01:00 PM,8/30/2026 3:00:00 PM,MIN_OPERATING_MW,78.10,
8/30/2026 2:40:00 PM,RTD,CVIS,08AJUYSOL_G01,G,8/30/2026 2:01:00 PM,8/30/2026 3:00:00 PM,MAX_OPERATING_MW,6.60,
8/30/2026 2:40:00 PM,RTD,CVIS,08AJUYSOL_G01,G,8/30/2026 2:01:00 PM,8/30/2026 3:00:00 PM,MIN_OPERATING_MW,6.60,
8/30/2026 2:40:00 PM,RTD,CVIS,08AJUYSOL_G02,G,8/30/2026 2:01:00 PM,8/30/2026 3:00:00 PM,MAX_OPERATING_MW,3.40,
8/30/2026 2:40:00 PM,RTD,CVIS,08AJUYSOL_G02,G,8/30/2026 2:01:00 PM,8/30/2026 3:00:00 PM,MIN_OPERATING_MW,3.40,
8/30/2026 2:40:00 PM,RTD,CMIN,10LIAN_G02,G,8/30/2026 12:05:00 AM,8/30/2026 11:59:00 PM,MAX_OPERATING_MW,0,
8/30/2026 2:40:00 PM,RTD,CMIN,10LIAN_G02,G,8/30/2026 12:05:00 AM,8/30/2026 11:59:00 PM,MIN_OPERATING_MW,0,
8/30/2026 2:40:00 PM,RTD,CMIN,14TANTASOL_G01,G,8/30/2026 2:01:00 PM,8/30/2026 3:00:00 PM,MAX_OPERATING_MW,0,
8/30/2026 2:40:00 PM,RTD,CMIN,14TANTASOL_G01,G,8/30/2026 2:01:00 PM,8/30/2026 3:00:00 PM,MIN_OPERATING_MW,0,
8/30/2026 2:45:00 PM,RTD,CLUZ,01BARBASOL_G01,G,8/30/2026 2:41:00 PM,8/30/2026 2:45:00 PM,MAX_OPERATING_MW,27.80,
8/30/2026 2:45:00 PM,RTD,CLUZ,01BARBASOL_G01,G,8/30/2026 2:41:00 PM,8/30/2026 2:45:00 PM,MIN_OPERATING_MW,27.80,
8/30/2026 2:45:00 PM,RTD,CLUZ,01BARBASOL_G01,G,8/30/2026 2:46:00 PM,8/30/2026 2:50:00 PM,MAX_OPERATING_MW,27.32,
8/30/2026 2:45:00 PM,RTD,CLUZ,01BARBASOL_G01,G,8/30/2026 2:46:00 PM,8/30/2026 2:50:00 PM,MIN_OPERATING_MW,27.32,
8/30/2026 2:45:00 PM,RTD,CLUZ,01BUGSOL_G01,G,8/30/2026 2:41:00 PM,8/30/2026 2:45:00 PM,MAX_OPERATING_MW,12.30,
8/30/2026 2:45:00 PM,RTD,CLUZ,01BUGSOL_G01,G,8/30/2026 2:41:00 PM,8/30/2026 2:45:00 PM,MIN_OPERATING_MW,12.30,
8/30/2026 2:45:00 PM,RTD,CLUZ,01BUGSOL_G01,G,8/30/2026 2:46:00 PM,8/30/2026 2:50:00 PM,MAX_OPERATING_MW,31.60,
8/30/2026 2:45:00 PM,RTD,CLUZ,01BUGSOL_G01,G,8/30/2026 2:46:00 PM,8/30/2026 2:50:00 PM,MIN_OPERATING_MW,31.60,
8/30/2026 2:45:00 PM,RTD,CLUZ,01BULACSOL_G01,G,8/30/2026 2:01:00 PM,8/30/2026 3:00:00 PM,MAX_OPERATING_MW,11.52,
8/30/2026 2:45:00 PM,RTD,CLUZ,01BULACSOL_G01,G,8/30/2026 2:01:00 PM,8/30/2026 3:00:00 PM,MIN_OPERATING_MW,11.52,
8/30/2026 2:45:00 PM,RTD,CLUZ,01CONSOL_G01,G,8/30/2026 2:41:00 PM,8/30/2026 2:45:00 PM,MAX_OPERATING_MW,33.42,
8/30/2026 2:45:00 PM,RTD,CLUZ,01CONSOL_G01,G,8/30/2026 2:41:00 PM,8/30/2026 2:45:00 PM,MIN_OPERATING_MW,33.42,
8/30/2026 2:45:00 PM,RTD,CLUZ,01CONSOL_G01,G,8/30/2026 2:46:00 PM,8/30/2026 2:50:00 PM,MAX_OPERATING_MW,33.48,
8/30/2026 2:45:00 PM,RTD,CLUZ,01CONSOL_G01,G,8/30/2026 2:46:00 PM,8/30/2026 2:50:00 PM,MIN_OPERATING_MW,33.48,
8/30/2026 2:45:00 PM,RTD,CLUZ,01PASBUSOL_G01,G,8/30/2026 2:01:00 PM,8/30/2026 3:00:00 PM,MAX_OPERATING_MW,33.75,
8/30/2026 2:45:00 PM,RTD,CLUZ,01PASBUSOL_G01,G,8/30/2026 2:01:00 PM,8/30/2026 3:00:00 PM,MIN_OPERATING_MW,33.75,
8/30/2026 2:45:00 PM,RTD,CLUZ,01TERRASOL_G01,G,8/30/2026 2:16:00 PM,8/30/2026 6:00:00 PM,MAX_OPERATING_MW,10,
8/30/2026 2:45:00 PM,RTD,CLUZ,01TERRASOL_G01,G,8/30/2026 2:16:00 PM,8/30/2026 6:00:00 PM,MIN_OPERATING_MW,10,
8/30/2026 2:45:00 PM,RTD,CLUZ,03LUNSOL_G01,G,8/30/2026 2:41:00 PM,8/30/2026 2:45:00 PM,MAX_OPERATING_MW,22.74,
8/30/2026 2:45:00 PM,RTD,CLUZ,03LUNSOL_G01,G,8/30/2026 2:41:00 PM,8/30/2026 2:45:00 PM,MIN_OPERATING_MW,22.74,
8/30/2026 2:45:00 PM,RTD,CLUZ,03LUNSOL_G01,G,8/30/2026 2:46:00 PM,8/30/2026 2:50:00 PM,MAX_OPERATING_MW,22.14,
8/30/2026 2:45:00 PM,RTD,CLUZ,03LUNSOL_G01,G,8/30/2026 2:46:00 PM,8/30/2026 2:50:00 PM,MIN_OPERATING_MW,22.14,
8/30/2026 2:45:00 PM,RTD,CLUZ,03TANWIND_G01,G,8/30/2026 2:41:00 PM,8/30/2026 2:45:00 PM,MAX_OPERATING_MW,7,
8/30/2026 2:45:00 PM,RTD,CLUZ,03TANWIND_G01,G,8/30/2026 2:41:00 PM,8/30/2026 2:45:00 PM,MIN_OPERATING_MW,7,
8/30/2026 2:45:00 PM,RTD,CLUZ,03TANWIND_G01,G,8/30/2026 2:46:00 PM,8/30/2026 2:50:00 PM,MAX_OPERATING_MW,7,
8/30/2026 2:45:00 PM,RTD,CLUZ,03TANWIND_G01,G,8/30/2026 2:46:00 PM,8/30/2026 2:50:00 PM,MIN_OPERATING_MW,7,
8/30/2026 2:45:00 PM,RTD,CVIS,04ISIDROSOL_G01,G,8/30/2026 2:01:00 PM,8/30/2026 3:00:00 PM,MAX_OPERATING_MW,78.10,
8/30/2026 2:45:00 PM,RTD,CVIS,04ISIDROSOL_G01,G,8/30/2026 2:01:00 PM,8/30/2026 3:00:00 PM,MIN_OPERATING_MW,78.10,
8/30/2026 2:45:00 PM,RTD,CVIS,08AJUYSOL_G01,G,8/30/2026 2:01:00 PM,8/30/2026 3:00:00 PM,MAX_OPERATING_MW,6.60,
8/30/2026 2:45:00 PM,RTD,CVIS,08AJUYSOL_G01,G,8/30/2026 2:01:00 PM,8/30/2026 3:00:00 PM,MIN_OPERATING_MW,6.60,
8/30/2026 2:45:00 PM,RTD,CVIS,08AJUYSOL_G02,G,8/30/2026 2:01:00 PM,8/30/2026 3:00:00 PM,MAX_OPERATING_MW,3.40,
8/30/2026 2:45:00 PM,RTD,CVIS,08AJUYSOL_G02,G,8/30/2026 2:01:00 PM,8/30/2026 3:00:00 PM,MIN_OPERATING_MW,3.40,
8/30/2026 2:45:00 PM,RTD,CMIN,10LIAN_G02,G,8/30/2026 12:05:00 AM,8/30/2026 11:59:00 PM,MAX_OPERATING_MW,0,
8/30/2026 2:45:00 PM,RTD,CMIN,10LIAN_G02,G,8/30/2026 12:05:00 AM,8/30/2026 11:59:00 PM,MIN_OPERATING_MW,0,
8/30/2026 2:45:00 PM,RTD,CMIN,14TANTASOL_G01,G,8/30/2026 2:01:00 PM,8/30/2026 3:00:00 PM,MAX_OPERATING_MW,0,
8/30/2026 2:45:00 PM,RTD,CMIN,14TANTASOL_G01,G,8/30/2026 2:01:00 PM,8/30/2026 3:00:00 PM,MIN_OPERATING_MW,0,
8/30/2026 2:50:00 PM,RTD,CLUZ,01BARBASOL_G01,G,8/30/2026 2:46:00 PM,8/30/2026 2:50:00 PM,MAX_OPERATING_MW,27.32,
8/30/2026 2:50:00 PM,RTD,CLUZ,01BARBASOL_G01,G,8/30/2026 2:46:00 PM,8/30/2026 2:50:00 PM,MIN_OPERATING_MW,27.32,
8/30/2026 2:50:00 PM,RTD,CLUZ,01BARBASOL_G01,G,8/30/2026 2:51:00 PM,8/30/2026 2:55:00 PM,MAX_OPERATING_MW,26.79,
8/30/2026 2:50:00 PM,RTD,CLUZ,01BARBASOL_G01,G,8/30/2026 2:51:00 PM,8/30/2026 2:55:00 PM,MIN_OPERATING_MW,26.79,
8/30/2026 2:50:00 PM,RTD,CLUZ,01BUGSOL_G01,G,8/30/2026 2:46:00 PM,8/30/2026 2:50:00 PM,MAX_OPERATING_MW,31.60,
8/30/2026 2:50:00 PM,RTD,CLUZ,01BUGSOL_G01,G,8/30/2026 2:46:00 PM,8/30/2026 2:50:00 PM,MIN_OPERATING_MW,31.60,
8/30/2026 2:50:00 PM,RTD,CLUZ,01BUGSOL_G01,G,8/30/2026 2:51:00 PM,8/30/2026 2:55:00 PM,MAX_OPERATING_MW,19.50,
8/30/2026 2:50:00 PM,RTD,CLUZ,01BUGSOL_G01,G,8/30/2026 2:51:00 PM,8/30/2026 2:55:00 PM,MIN_OPERATING_MW,19.50,
8/30/2026 2:50:00 PM,RTD,CLUZ,01BULACSOL_G01,G,8/30/2026 2:01:00 PM,8/30/2026 3:00:00 PM,MAX_OPERATING_MW,11.52,
8/30/2026 2:50:00 PM,RTD,CLUZ,01BULACSOL_G01,G,8/30/2026 2:01:00 PM,8/30/2026 3:00:00 PM,MIN_OPERATING_MW,11.52,
8/30/2026 2:50:00 PM,RTD,CLUZ,01CONSOL_G01,G,8/30/2026 2:46:00 PM,8/30/2026 2:50:00 PM,MAX_OPERATING_MW,33.48,
8/30/2026 2:50:00 PM,RTD,CLUZ,01CONSOL_G01,G,8/30/2026 2:46:00 PM,8/30/2026 2:50:00 PM,MIN_OPERATING_MW,33.48,
8/30/2026 2:50:00 PM,RTD,CLUZ,01CONSOL_G01,G,8/30/2026 2:51:00 PM,8/30/2026 2:55:00 PM,MAX_OPERATING_MW,33.50,
8/30/2026 2:50:00 PM,RTD,CLUZ,01CONSOL_G01,G,8/30/2026 2:51:00 PM,8/30/2026 2:55:00 PM,MIN_OPERATING_MW,33.50,
8/30/2026 2:50:00 PM,RTD,CLUZ,01PASBUSOL_G01,G,8/30/2026 2:01:00 PM,8/30/2026 3:00:00 PM,MAX_OPERATING_MW,33.75,
8/30/2026 2:50:00 PM,RTD,CLUZ,01PASBUSOL_G01,G,8/30/2026 2:01:00 PM,8/30/2026 3:00:00 PM,MIN_OPERATING_MW,33.75,
8/30/2026 2:50:00 PM,RTD,CLUZ,01TERRASOL_G01,G,8/30/2026 2:16:00 PM,8/30/2026 6:00:00 PM,MAX_OPERATING_MW,10,
8/30/2026 2:50:00 PM,RTD,CLUZ,01TERRASOL_G01,G,8/30/2026 2:16:00 PM,8/30/2026 6:00:00 PM,MIN_OPERATING_MW,10,
8/30/2026 2:50:00 PM,RTD,CLUZ,03LUNSOL_G01,G,8/30/2026 2:46:00 PM,8/30/2026 2:50:00 PM,MAX_OPERATING_MW,22.14,
8/30/2026 2:50:00 PM,RTD,CLUZ,03LUNSOL_G01,G,8/30/2026 2:46:00 PM,8/30/2026 2:50:00 PM,MIN_OPERATING_MW,22.14,
8/30/2026 2:50:00 PM,RTD,CLUZ,03LUNSOL_G01,G,8/30/2026 2:51:00 PM,8/30/2026 2:55:00 PM,MAX_OPERATING_MW,21.54,
8/30/2026 2:50:00 PM,RTD,CLUZ,03LUNSOL_G01,G,8/30/2026 2:51:00 PM,8/30/2026 2:55:00 PM,MIN_OPERATING_MW,21.54,
8/30/2026 2:50:00 PM,RTD,CLUZ,03TANWIND_G01,G,8/30/2026 2:46:00 PM,8/30/2026 2:50:00 PM,MAX_OPERATING_MW,7,
8/30/2026 2:50:00 PM,RTD,CLUZ,03TANWIND_G01,G,8/30/2026 2:46:00 PM,8/30/2026 2:50:00 PM,MIN_OPERATING_MW,7,
8/30/2026 2:50:00 PM,RTD,CLUZ,03TANWIND_G01,G,8/30/2026 2:51:00 PM,8/30/2026 2:55:00 PM,MAX_OPERATING_MW,7,
8/30/2026 2:50:00 PM,RTD,CLUZ,03TANWIND_G01,G,8/30/2026 2:51:00 PM,8/30/2026 2:55:00 PM,MIN_OPERATING_MW,7,
8/30/2026 2:50:00 PM,RTD,CVIS,04ISIDROSOL_G01,G,8/30/2026 2:01:00 PM,8/30/2026 3:00:00 PM,MAX_OPERATING_MW,78.10,
8/30/2026 2:50:00 PM,RTD,CVIS,04ISIDROSOL_G01,G,8/30/2026 2:01:00 PM,8/30/2026 3:00:00 PM,MIN_OPERATING_MW,78.10,
8/30/2026 2:50:00 PM,RTD,CVIS,08AJUYSOL_G01,G,8/30/2026 2:01:00 PM,8/30/2026 3:00:00 PM,MAX_OPERATING_MW,6.60,
8/30/2026 2:50:00 PM,RTD,CVIS,08AJUYSOL_G01,G,8/30/2026 2:01:00 PM,8/30/2026 3:00:00 PM,MIN_OPERATING_MW,6.60,
8/30/2026 2:50:00 PM,RTD,CVIS,08AJUYSOL_G02,G,8/30/2026 2:01:00 PM,8/30/2026 3:00:00 PM,MAX_OPERATING_MW,3.40,
8/30/2026 2:50:00 PM,RTD,CVIS,08AJUYSOL_G02,G,8/30/2026 2:01:00 PM,8/30/2026 3:00:00 PM,MIN_OPERATING_MW,3.40,
8/30/2026 2:50:00 PM,RTD,CMIN,10LIAN_G02,G,8/30/2026 12:05:00 AM,8/30/2026 11:59:00 PM,MAX_OPERATING_MW,0,
8/30/2026 2:50:00 PM,RTD,CMIN,10LIAN_G02,G,8/30/2026 12:05:00 AM,8/30/2026 11:59:00 PM,MIN_OPERATING_MW,0,
8/30/2026 2:50:00 PM,RTD,CMIN,14TANTASOL_G01,G,8/30/2026 2:01:00 PM,8/30/2026 3:00:00 PM,MAX_OPERATING_MW,0,
8/30/2026 2:50:00 PM,RTD,CMIN,14TANTASOL_G01,G,8/30/2026 2:01:00 PM,8/30/2026 3:00:00 PM,MIN_OPERATING_MW,0,
8/30/2026 2:55:00 PM,RTD,CLUZ,01BARBASOL_G01,G,8/30/2026 2:51:00 PM,8/30/2026 2:55:00 PM,MAX_OPERATING_MW,26.79,
8/30/2026 2:55:00 PM,RTD,CLUZ,01BARBASOL_G01,G,8/30/2026 2:51:00 PM,8/30/2026 2:55:00 PM,MIN_OPERATING_MW,26.79,
8/30/2026 2:55:00 PM,RTD,CLUZ,01BARBASOL_G01,G,8/30/2026 2:56:00 PM,8/30/2026 3:00:00 PM,MAX_OPERATING_MW,26.22,
8/30/2026 2:55:00 PM,RTD,CLUZ,01BARBASOL_G01,G,8/30/2026 2:56:00 PM,8/30/2026 3:00:00 PM,MIN_OPERATING_MW,26.22,
8/30/2026 2:55:00 PM,RTD,CLUZ,01BUGSOL_G01,G,8/30/2026 2:51:00 PM,8/30/2026 2:55:00 PM,MAX_OPERATING_MW,19.50,
8/30/2026 2:55:00 PM,RTD,CLUZ,01BUGSOL_G01,G,8/30/2026 2:51:00 PM,8/30/2026 2:55:00 PM,MIN_OPERATING_MW,19.50,
8/30/2026 2:55:00 PM,RTD,CLUZ,01BUGSOL_G01,G,8/30/2026 2:56:00 PM,8/30/2026 3:00:00 PM,MAX_OPERATING_MW,14.40,
8/30/2026 2:55:00 PM,RTD,CLUZ,01BUGSOL_G01,G,8/30/2026 2:56:00 PM,8/30/2026 3:00:00 PM,MIN_OPERATING_MW,14.40,
8/30/2026 2:55:00 PM,RTD,CLUZ,01BULACSOL_G01,G,8/30/2026 2:01:00 PM,8/30/2026 3:00:00 PM,MAX_OPERATING_MW,11.52,
8/30/2026 2:55:00 PM,RTD,CLUZ,01BULACSOL_G01,G,8/30/2026 2:01:00 PM,8/30/2026 3:00:00 PM,MIN_OPERATING_MW,11.52,
8/30/2026 2:55:00 PM,RTD,CLUZ,01CONSOL_G01,G,8/30/2026 2:51:00 PM,8/30/2026 2:55:00 PM,MAX_OPERATING_MW,33.50,
8/30/2026 2:55:00 PM,RTD,CLUZ,01CONSOL_G01,G,8/30/2026 2:51:00 PM,8/30/2026 2:55:00 PM,MIN_OPERATING_MW,33.50,
8/30/2026 2:55:00 PM,RTD,CLUZ,01CONSOL_G01,G,8/30/2026 2:56:00 PM,8/30/2026 3:00:00 PM,MAX_OPERATING_MW,33.47,
8/30/2026 2:55:00 PM,RTD,CLUZ,01CONSOL_G01,G,8/30/2026 2:56:00 PM,8/30/2026 3:00:00 PM,MIN_OPERATING_MW,33.47,
8/30/2026 2:55:00 PM,RTD,CLUZ,01PASBUSOL_G01,G,8/30/2026 2:01:00 PM,8/30/2026 3:00:00 PM,MAX_OPERATING_MW,33.75,
8/30/2026 2:55:00 PM,RTD,CLUZ,01PASBUSOL_G01,G,8/30/2026 2:01:00 PM,8/30/2026 3:00:00 PM,MIN_OPERATING_MW,33.75,
8/30/2026 2:55:00 PM,RTD,CLUZ,01TERRASOL_G01,G,8/30/2026 2:16:00 PM,8/30/2026 6:00:00 PM,MAX_OPERATING_MW,10,
8/30/2026 2:55:00 PM,RTD,CLUZ,01TERRASOL_G01,G,8/30/2026 2:16:00 PM,8/30/2026 6:00:00 PM,MIN_OPERATING_MW,10,
8/30/2026 2:55:00 PM,RTD,CLUZ,03LUNSOL_G01,G,8/30/2026 2:51:00 PM,8/30/2026 2:55:00 PM,MAX_OPERATING_MW,21.54,
8/30/2026 2:55:00 PM,RTD,CLUZ,03LUNSOL_G01,G,8/30/2026 2:51:00 PM,8/30/2026 2:55:00 PM,MIN_OPERATING_MW,21.54,
8/30/2026 2:55:00 PM,RTD,CLUZ,03LUNSOL_G01,G,8/30/2026 2:56:00 PM,8/30/2026 3:00:00 PM,MAX_OPERATING_MW,20.93,
8/30/2026 2:55:00 PM,RTD,CLUZ,03LUNSOL_G01,G,8/30/2026 2:56:00 PM,8/30/2026 3:00:00 PM,MIN_OPERATING_MW,20.93,
8/30/2026 2:55:00 PM,RTD,CLUZ,03TANWIND_G01,G,8/30/2026 2:51:00 PM,8/30/2026 2:55:00 PM,MAX_OPERATING_MW,7,
8/30/2026 2:55:00 PM,RTD,CLUZ,03TANWIND_G01,G,8/30/2026 2:51:00 PM,8/30/2026 2:55:00 PM,MIN_OPERATING_MW,7,
8/30/2026 2:55:00 PM,RTD,CLUZ,03TANWIND_G01,G,8/30/2026 2:56:00 PM,8/30/2026 3:00:00 PM,MAX_OPERATING_MW,7,
8/30/2026 2:55:00 PM,RTD,CLUZ,03TANWIND_G01,G,8/30/2026 2:56:00 PM,8/30/2026 3:00:00 PM,MIN_OPERATING_MW,7,
8/30/2026 2:55:00 PM,RTD,CVIS,04ISIDROSOL_G01,G,8/30/2026 2:01:00 PM,8/30/2026 3:00:00 PM,MAX_OPERATING_MW,78.10,
8/30/2026 2:55:00 PM,RTD,CVIS,04ISIDROSOL_G01,G,8/30/2026 2:01:00 PM,8/30/2026 3:00:00 PM,MIN_OPERATING_MW,78.10,
8/30/2026 2:55:00 PM,RTD,CVIS,08AJUYSOL_G01,G,8/30/2026 2:01:00 PM,8/30/2026 3:00:00 PM,MAX_OPERATING_MW,6.60,
8/30/2026 2:55:00 PM,RTD,CVIS,08AJUYSOL_G01,G,8/30/2026 2:01:00 PM,8/30/2026 3:00:00 PM,MIN_OPERATING_MW,6.60,
8/30/2026 2:55:00 PM,RTD,CVIS,08AJUYSOL_G02,G,8/30/2026 2:01:00 PM,8/30/2026 3:00:00 PM,MAX_OPERATING_MW,3.40,
8/30/2026 2:55:00 PM,RTD,CVIS,08AJUYSOL_G02,G,8/30/2026 2:01:00 PM,8/30/2026 3:00:00 PM,MIN_OPERATING_MW,3.40,
8/30/2026 2:55:00 PM,RTD,CMIN,10LIAN_G02,G,8/30/2026 12:05:00 AM,8/30/2026 11:59:00 PM,MAX_OPERATING_MW,0,
8/30/2026 2:55:00 PM,RTD,CMIN,10LIAN_G02,G,8/30/2026 12:05:00 AM,8/30/2026 11:59:00 PM,MIN_OPERATING_MW,0,
8/30/2026 2:55:00 PM,RTD,CMIN,14TANTASOL_G01,G,8/30/2026 2:01:00 PM,8/30/2026 3:00:00 PM,MAX_OPERATING_MW,0,
8/30/2026 2:55:00 PM,RTD,CMIN,14TANTASOL_G01,G,8/30/2026 2:01:00 PM,8/30/2026 3:00:00 PM,MIN_OPERATING_MW,0,
8/30/2026 3:00:00 PM,RTD,CLUZ,01BARBASOL_G01,G,8/30/2026 2:56:00 PM,8/30/2026 3:00:00 PM,MAX_OPERATING_MW,26.22,
8/30/2026 3:00:00 PM,RTD,CLUZ,01BARBASOL_G01,G,8/30/2026 2:56:00 PM,8/30/2026 3:00:00 PM,MIN_OPERATING_MW,26.22,
8/30/2026 3:00:00 PM,RTD,CLUZ,01BARBASOL_G01,G,8/30/2026 3:01:00 PM,8/30/2026 3:05:00 PM,MAX_OPERATING_MW,25.59,
8/30/2026 3:00:00 PM,RTD,CLUZ,01BARBASOL_G01,G,8/30/2026 3:01:00 PM,8/30/2026 3:05:00 PM,MIN_OPERATING_MW,25.59,
8/30/2026 3:00:00 PM,RTD,CLUZ,01BUGSOL_G01,G,8/30/2026 2:56:00 PM,8/30/2026 3:00:00 PM,MAX_OPERATING_MW,14.40,
8/30/2026 3:00:00 PM,RTD,CLUZ,01BUGSOL_G01,G,8/30/2026 2:56:00 PM,8/30/2026 3:00:00 PM,MIN_OPERATING_MW,14.40,
8/30/2026 3:00:00 PM,RTD,CLUZ,01BUGSOL_G01,G,8/30/2026 3:01:00 PM,8/30/2026 3:05:00 PM,MAX_OPERATING_MW,12,
8/30/2026 3:00:00 PM,RTD,CLUZ,01BUGSOL_G01,G,8/30/2026 3:01:00 PM,8/30/2026 3:05:00 PM,MIN_OPERATING_MW,12,
8/30/2026 3:00:00 PM,RTD,CLUZ,01BULACSOL_G01,G,8/30/2026 2:01:00 PM,8/30/2026 3:00:00 PM,MAX_OPERATING_MW,11.52,
8/30/2026 3:00:00 PM,RTD,CLUZ,01BULACSOL_G01,G,8/30/2026 2:01:00 PM,8/30/2026 3:00:00 PM,MIN_OPERATING_MW,11.52,
8/30/2026 3:00:00 PM,RTD,CLUZ,01BULACSOL_G01,G,8/30/2026 3:01:00 PM,8/30/2026 4:00:00 PM,MAX_OPERATING_MW,9.13,
8/30/2026 3:00:00 PM,RTD,CLUZ,01BULACSOL_G01,G,8/30/2026 3:01:00 PM,8/30/2026 4:00:00 PM,MIN_OPERATING_MW,9.13,
8/30/2026 3:00:00 PM,RTD,CLUZ,01CONSOL_G01,G,8/30/2026 2:56:00 PM,8/30/2026 3:00:00 PM,MAX_OPERATING_MW,33.47,
8/30/2026 3:00:00 PM,RTD,CLUZ,01CONSOL_G01,G,8/30/2026 2:56:00 PM,8/30/2026 3:00:00 PM,MIN_OPERATING_MW,33.47,
8/30/2026 3:00:00 PM,RTD,CLUZ,01CONSOL_G01,G,8/30/2026 3:01:00 PM,8/30/2026 3:05:00 PM,MAX_OPERATING_MW,32.92,
8/30/2026 3:00:00 PM,RTD,CLUZ,01CONSOL_G01,G,8/30/2026 3:01:00 PM,8/30/2026 3:05:00 PM,MIN_OPERATING_MW,32.92,
8/30/2026 3:00:00 PM,RTD,CLUZ,01PASBUSOL_G01,G,8/30/2026 2:01:00 PM,8/30/2026 3:00:00 PM,MAX_OPERATING_MW,33.75,
8/30/2026 3:00:00 PM,RTD,CLUZ,01PASBUSOL_G01,G,8/30/2026 2:01:00 PM,8/30/2026 3:00:00 PM,MIN_OPERATING_MW,33.75,
8/30/2026 3:00:00 PM,RTD,CLUZ,01PASBUSOL_G01,G,8/30/2026 3:01:00 PM,8/30/2026 4:00:00 PM,MAX_OPERATING_MW,21.82,
8/30/2026 3:00:00 PM,RTD,CLUZ,01PASBUSOL_G01,G,8/30/2026 3:01:00 PM,8/30/2026 4:00:00 PM,MIN_OPERATING_MW,21.82,
8/30/2026 3:00:00 PM,RTD,CLUZ,01TERRASOL_G01,G,8/30/2026 2:16:00 PM,8/30/2026 6:00:00 PM,MAX_OPERATING_MW,10,
8/30/2026 3:00:00 PM,RTD,CLUZ,01TERRASOL_G01,G,8/30/2026 2:16:00 PM,8/30/2026 6:00:00 PM,MIN_OPERATING_MW,10,
8/30/2026 3:00:00 PM,RTD,CLUZ,03LUNSOL_G01,G,8/30/2026 2:56:00 PM,8/30/2026 3:00:00 PM,MAX_OPERATING_MW,20.93,
8/30/2026 3:00:00 PM,RTD,CLUZ,03LUNSOL_G01,G,8/30/2026 2:56:00 PM,8/30/2026 3:00:00 PM,MIN_OPERATING_MW,20.93,
8/30/2026 3:00:00 PM,RTD,CLUZ,03LUNSOL_G01,G,8/30/2026 3:01:00 PM,8/30/2026 3:05:00 PM,MAX_OPERATING_MW,20.31,
8/30/2026 3:00:00 PM,RTD,CLUZ,03LUNSOL_G01,G,8/30/2026 3:01:00 PM,8/30/2026 3:05:00 PM,MIN_OPERATING_MW,20.31,
8/30/2026 3:00:00 PM,RTD,CLUZ,03TANWIND_G01,G,8/30/2026 2:56:00 PM,8/30/2026 3:00:00 PM,MAX_OPERATING_MW,7,
8/30/2026 3:00:00 PM,RTD,CLUZ,03TANWIND_G01,G,8/30/2026 2:56:00 PM,8/30/2026 3:00:00 PM,MIN_OPERATING_MW,7,
8/30/2026 3:00:00 PM,RTD,CLUZ,03TANWIND_G01,G,8/30/2026 3:01:00 PM,8/30/2026 3:05:00 PM,MAX_OPERATING_MW,7,
8/30/2026 3:00:00 PM,RTD,CLUZ,03TANWIND_G01,G,8/30/2026 3:01:00 PM,8/30/2026 3:05:00 PM,MIN_OPERATING_MW,7,
8/30/2026 3:00:00 PM,RTD,CVIS,04ISIDROSOL_G01,G,8/30/2026 2:01:00 PM,8/30/2026 3:00:00 PM,MAX_OPERATING_MW,78.10,
8/30/2026 3:00:00 PM,RTD,CVIS,04ISIDROSOL_G01,G,8/30/2026 2:01:00 PM,8/30/2026 3:00:00 PM,MIN_OPERATING_MW,78.10,
8/30/2026 3:00:00 PM,RTD,CVIS,04ISIDROSOL_G01,G,8/30/2026 3:01:00 PM,8/30/2026 4:00:00 PM,MAX_OPERATING_MW,55.10,
8/30/2026 3:00:00 PM,RTD,CVIS,04ISIDROSOL_G01,G,8/30/2026 3:01:00 PM,8/30/2026 4:00:00 PM,MIN_OPERATING_MW,55.10,
8/30/2026 3:00:00 PM,RTD,CVIS,08AJUYSOL_G01,G,8/30/2026 2:01:00 PM,8/30/2026 3:00:00 PM,MAX_OPERATING_MW,6.60,
8/30/2026 3:00:00 PM,RTD,CVIS,08AJUYSOL_G01,G,8/30/2026 2:01:00 PM,8/30/2026 3:00:00 PM,MIN_OPERATING_MW,6.60,
8/30/2026 3:00:00 PM,RTD,CVIS,08AJUYSOL_G01,G,8/30/2026 3:01:00 PM,8/30/2026 4:00:00 PM,MAX_OPERATING_MW,6.60,
8/30/2026 3:00:00 PM,RTD,CVIS,08AJUYSOL_G01,G,8/30/2026 3:01:00 PM,8/30/2026 4:00:00 PM,MIN_OPERATING_MW,6.60,
8/30/2026 3:00:00 PM,RTD,CVIS,08AJUYSOL_G02,G,8/30/2026 2:01:00 PM,8/30/2026 3:00:00 PM,MAX_OPERATING_MW,3.40,
8/30/2026 3:00:00 PM,RTD,CVIS,08AJUYSOL_G02,G,8/30/2026 2:01:00 PM,8/30/2026 3:00:00 PM,MIN_OPERATING_MW,3.40,
8/30/2026 3:00:00 PM,RTD,CVIS,08AJUYSOL_G02,G,8/30/2026 3:01:00 PM,8/30/2026 4:00:00 PM,MAX_OPERATING_MW,3.40,
8/30/2026 3:00:00 PM,RTD,CVIS,08AJUYSOL_G02,G,8/30/2026 3:01:00 PM,8/30/2026 4:00:00 PM,MIN_OPERATING_MW,3.40,
8/30/2026 3:00:00 PM,RTD,CMIN,10LIAN_G02,G,8/30/2026 12:05:00 AM,8/30/2026 11:59:00 PM,MAX_OPERATING_MW,0,
8/30/2026 3:00:00 PM,RTD,CMIN,10LIAN_G02,G,8/30/2026 12:05:00 AM,8/30/2026 11:59:00 PM,MIN_OPERATING_MW,0,
8/30/2026 3:00:00 PM,RTD,CMIN,14TANTASOL_G01,G,8/30/2026 2:01:00 PM,8/30/2026 3:00:00 PM,MAX_OPERATING_MW,0,
8/30/2026 3:00:00 PM,RTD,CMIN,14TANTASOL_G01,G,8/30/2026 2:01:00 PM,8/30/2026 3:00:00 PM,MIN_OPERATING_MW,0,
8/30/2026 3:00:00 PM,RTD,CMIN,14TANTASOL_G01,G,8/30/2026 3:01:00 PM,8/30/2026 4:00:00 PM,MAX_OPERATING_MW,39,
8/30/2026 3:00:00 PM,RTD,CMIN,14TANTASOL_G01,G,8/30/2026 3:01:00 PM,8/30/2026 4:00:00 PM,MIN_OPERATING_MW,39,
8/30/2026 3:05:00 PM,RTD,CLUZ,01BARBASOL_G01,G,8/30/2026 3:01:00 PM,8/30/2026 3:05:00 PM,MAX_OPERATING_MW,25.59,
8/30/2026 3:05:00 PM,RTD,CLUZ,01BARBASOL_G01,G,8/30/2026 3:01:00 PM,8/30/2026 3:05:00 PM,MIN_OPERATING_MW,25.59,
8/30/2026 3:05:00 PM,RTD,CLUZ,01BARBASOL_G01,G,8/30/2026 3:06:00 PM,8/30/2026 3:10:00 PM,MAX_OPERATING_MW,24.88,
8/30/2026 3:05:00 PM,RTD,CLUZ,01BARBASOL_G01,G,8/30/2026 3:06:00 PM,8/30/2026 3:10:00 PM,MIN_OPERATING_MW,24.88,
8/30/2026 3:05:00 PM,RTD,CLUZ,01BUGSOL_G01,G,8/30/2026 3:01:00 PM,8/30/2026 3:05:00 PM,MAX_OPERATING_MW,12,
8/30/2026 3:05:00 PM,RTD,CLUZ,01BUGSOL_G01,G,8/30/2026 3:01:00 PM,8/30/2026 3:05:00 PM,MIN_OPERATING_MW,12,
8/30/2026 3:05:00 PM,RTD,CLUZ,01BUGSOL_G01,G,8/30/2026 3:06:00 PM,8/30/2026 3:10:00 PM,MAX_OPERATING_MW,9.80,
8/30/2026 3:05:00 PM,RTD,CLUZ,01BUGSOL_G01,G,8/30/2026 3:06:00 PM,8/30/2026 3:10:00 PM,MIN_OPERATING_MW,9.80,
8/30/2026 3:05:00 PM,RTD,CLUZ,01BULACSOL_G01,G,8/30/2026 3:01:00 PM,8/30/2026 4:00:00 PM,MAX_OPERATING_MW,9.13,
8/30/2026 3:05:00 PM,RTD,CLUZ,01BULACSOL_G01,G,8/30/2026 3:01:00 PM,8/30/2026 4:00:00 PM,MIN_OPERATING_MW,9.13,
8/30/2026 3:05:00 PM,RTD,CLUZ,01CONSOL_G01,G,8/30/2026 3:01:00 PM,8/30/2026 3:05:00 PM,MAX_OPERATING_MW,32.92,
8/30/2026 3:05:00 PM,RTD,CLUZ,01CONSOL_G01,G,8/30/2026 3:01:00 PM,8/30/2026 3:05:00 PM,MIN_OPERATING_MW,32.92,
8/30/2026 3:05:00 PM,RTD,CLUZ,01CONSOL_G01,G,8/30/2026 3:06:00 PM,8/30/2026 3:10:00 PM,MAX_OPERATING_MW,31.87,
8/30/2026 3:05:00 PM,RTD,CLUZ,01CONSOL_G01,G,8/30/2026 3:06:00 PM,8/30/2026 3:10:00 PM,MIN_OPERATING_MW,31.87,
8/30/2026 3:05:00 PM,RTD,CLUZ,01PASBUSOL_G01,G,8/30/2026 3:01:00 PM,8/30/2026 4:00:00 PM,MAX_OPERATING_MW,21.82,
8/30/2026 3:05:00 PM,RTD,CLUZ,01PASBUSOL_G01,G,8/30/2026 3:01:00 PM,8/30/2026 4:00:00 PM,MIN_OPERATING_MW,21.82,
8/30/2026 3:05:00 PM,RTD,CLUZ,01TERRASOL_G01,G,8/30/2026 2:16:00 PM,8/30/2026 6:00:00 PM,MAX_OPERATING_MW,10,
8/30/2026 3:05:00 PM,RTD,CLUZ,01TERRASOL_G01,G,8/30/2026 2:16:00 PM,8/30/2026 6:00:00 PM,MIN_OPERATING_MW,10,
8/30/2026 3:05:00 PM,RTD,CLUZ,03LUNSOL_G01,G,8/30/2026 3:01:00 PM,8/30/2026 3:05:00 PM,MAX_OPERATING_MW,20.31,
8/30/2026 3:05:00 PM,RTD,CLUZ,03LUNSOL_G01,G,8/30/2026 3:01:00 PM,8/30/2026 3:05:00 PM,MIN_OPERATING_MW,20.31,
8/30/2026 3:05:00 PM,RTD,CLUZ,03LUNSOL_G01,G,8/30/2026 3:06:00 PM,8/30/2026 3:10:00 PM,MAX_OPERATING_MW,19.68,
8/30/2026 3:05:00 PM,RTD,CLUZ,03LUNSOL_G01,G,8/30/2026 3:06:00 PM,8/30/2026 3:10:00 PM,MIN_OPERATING_MW,19.68,
8/30/2026 3:05:00 PM,RTD,CLUZ,03TANWIND_G01,G,8/30/2026 3:01:00 PM,8/30/2026 3:05:00 PM,MAX_OPERATING_MW,7,
8/30/2026 3:05:00 PM,RTD,CLUZ,03TANWIND_G01,G,8/30/2026 3:01:00 PM,8/30/2026 3:05:00 PM,MIN_OPERATING_MW,7,
8/30/2026 3:05:00 PM,RTD,CLUZ,03TANWIND_G01,G,8/30/2026 3:06:00 PM,8/30/2026 3:10:00 PM,MAX_OPERATING_MW,7,
8/30/2026 3:05:00 PM,RTD,CLUZ,03TANWIND_G01,G,8/30/2026 3:06:00 PM,8/30/2026 3:10:00 PM,MIN_OPERATING_MW,7,
8/30/2026 3:05:00 PM,RTD,CVIS,04ISIDROSOL_G01,G,8/30/2026 3:01:00 PM,8/30/2026 4:00:00 PM,MAX_OPERATING_MW,55.10,
8/30/2026 3:05:00 PM,RTD,CVIS,04ISIDROSOL_G01,G,8/30/2026 3:01:00 PM,8/30/2026 4:00:00 PM,MIN_OPERATING_MW,55.10,
8/30/2026 3:05:00 PM,RTD,CVIS,08AJUYSOL_G01,G,8/30/2026 3:01:00 PM,8/30/2026 4:00:00 PM,MAX_OPERATING_MW,6.60,
8/30/2026 3:05:00 PM,RTD,CVIS,08AJUYSOL_G01,G,8/30/2026 3:01:00 PM,8/30/2026 4:00:00 PM,MIN_OPERATING_MW,6.60,
8/30/2026 3:05:00 PM,RTD,CVIS,08AJUYSOL_G02,G,8/30/2026 3:01:00 PM,8/30/2026 4:00:00 PM,MAX_OPERATING_MW,3.40,
8/30/2026 3:05:00 PM,RTD,CVIS,08AJUYSOL_G02,G,8/30/2026 3:01:00 PM,8/30/2026 4:00:00 PM,MIN_OPERATING_MW,3.40,
8/30/2026 3:05:00 PM,RTD,CMIN,10LIAN_G02,G,8/30/2026 12:05:00 AM,8/30/2026 11:59:00 PM,MAX_OPERATING_MW,0,
8/30/2026 3:05:00 PM,RTD,CMIN,10LIAN_G02,G,8/30/2026 12:05:00 AM,8/30/2026 11:59:00 PM,MIN_OPERATING_MW,0,
8/30/2026 3:05:00 PM,RTD,CMIN,14TANTASOL_G01,G,8/30/2026 3:01:00 PM,8/30/2026 4:00:00 PM,MAX_OPERATING_MW,39,
8/30/2026 3:05:00 PM,RTD,CMIN,14TANTASOL_G01,G,8/30/2026 3:01:00 PM,8/30/2026 4:00:00 PM,MIN_OPERATING_MW,39,
8/30/2026 3:10:00 PM,RTD,CLUZ,01BARBASOL_G01,G,8/30/2026 3:06:00 PM,8/30/2026 3:10:00 PM,MAX_OPERATING_MW,24.88,
8/30/2026 3:10:00 PM,RTD,CLUZ,01BARBASOL_G01,G,8/30/2026 3:06:00 PM,8/30/2026 3:10:00 PM,MIN_OPERATING_MW,24.88,
8/30/2026 3:10:00 PM,RTD,CLUZ,01BARBASOL_G01,G,8/30/2026 3:11:00 PM,8/30/2026 3:15:00 PM,MAX_OPERATING_MW,24.11,
8/30/2026 3:10:00 PM,RTD,CLUZ,01BARBASOL_G01,G,8/30/2026 3:11:00 PM,8/30/2026 3:15:00 PM,MIN_OPERATING_MW,24.11,
8/30/2026 3:10:00 PM,RTD,CLUZ,01BUGSOL_G01,G,8/30/2026 3:06:00 PM,8/30/2026 3:10:00 PM,MAX_OPERATING_MW,9.80,
8/30/2026 3:10:00 PM,RTD,CLUZ,01BUGSOL_G01,G,8/30/2026 3:06:00 PM,8/30/2026 3:10:00 PM,MIN_OPERATING_MW,9.80,
8/30/2026 3:10:00 PM,RTD,CLUZ,01BUGSOL_G01,G,8/30/2026 3:11:00 PM,8/30/2026 3:15:00 PM,MAX_OPERATING_MW,12.50,
8/30/2026 3:10:00 PM,RTD,CLUZ,01BUGSOL_G01,G,8/30/2026 3:11:00 PM,8/30/2026 3:15:00 PM,MIN_OPERATING_MW,12.50,
8/30/2026 3:10:00 PM,RTD,CLUZ,01BULACSOL_G01,G,8/30/2026 3:01:00 PM,8/30/2026 4:00:00 PM,MAX_OPERATING_MW,9.13,
8/30/2026 3:10:00 PM,RTD,CLUZ,01BULACSOL_G01,G,8/30/2026 3:01:00 PM,8/30/2026 4:00:00 PM,MIN_OPERATING_MW,9.13,
8/30/2026 3:10:00 PM,RTD,CLUZ,01CONSOL_G01,G,8/30/2026 3:06:00 PM,8/30/2026 3:10:00 PM,MAX_OPERATING_MW,31.87,
8/30/2026 3:10:00 PM,RTD,CLUZ,01CONSOL_G01,G,8/30/2026 3:06:00 PM,8/30/2026 3:10:00 PM,MIN_OPERATING_MW,31.87,
8/30/2026 3:10:00 PM,RTD,CLUZ,01CONSOL_G01,G,8/30/2026 3:11:00 PM,8/30/2026 3:15:00 PM,MAX_OPERATING_MW,30.80,
8/30/2026 3:10:00 PM,RTD,CLUZ,01CONSOL_G01,G,8/30/2026 3:11:00 PM,8/30/2026 3:15:00 PM,MIN_OPERATING_MW,30.80,
8/30/2026 3:10:00 PM,RTD,CLUZ,01PASBUSOL_G01,G,8/30/2026 3:01:00 PM,8/30/2026 4:00:00 PM,MAX_OPERATING_MW,21.82,
8/30/2026 3:10:00 PM,RTD,CLUZ,01PASBUSOL_G01,G,8/30/2026 3:01:00 PM,8/30/2026 4:00:00 PM,MIN_OPERATING_MW,21.82,
8/30/2026 3:10:00 PM,RTD,CLUZ,01TERRASOL_G01,G,8/30/2026 2:16:00 PM,8/30/2026 6:00:00 PM,MAX_OPERATING_MW,10,
8/30/2026 3:10:00 PM,RTD,CLUZ,01TERRASOL_G01,G,8/30/2026 2:16:00 PM,8/30/2026 6:00:00 PM,MIN_OPERATING_MW,10,
8/30/2026 3:10:00 PM,RTD,CLUZ,03LUNSOL_G01,G,8/30/2026 3:06:00 PM,8/30/2026 3:10:00 PM,MAX_OPERATING_MW,19.68,
8/30/2026 3:10:00 PM,RTD,CLUZ,03LUNSOL_G01,G,8/30/2026 3:06:00 PM,8/30/2026 3:10:00 PM,MIN_OPERATING_MW,19.68,
8/30/2026 3:10:00 PM,RTD,CLUZ,03LUNSOL_G01,G,8/30/2026 3:11:00 PM,8/30/2026 3:15:00 PM,MAX_OPERATING_MW,19.04,
8/30/2026 3:10:00 PM,RTD,CLUZ,03LUNSOL_G01,G,8/30/2026 3:11:00 PM,8/30/2026 3:15:00 PM,MIN_OPERATING_MW,19.04,
8/30/2026 3:10:00 PM,RTD,CLUZ,03TANWIND_G01,G,8/30/2026 3:06:00 PM,8/30/2026 3:10:00 PM,MAX_OPERATING_MW,7,
8/30/2026 3:10:00 PM,RTD,CLUZ,03TANWIND_G01,G,8/30/2026 3:06:00 PM,8/30/2026 3:10:00 PM,MIN_OPERATING_MW,7,
8/30/2026 3:10:00 PM,RTD,CLUZ,03TANWIND_G01,G,8/30/2026 3:11:00 PM,8/30/2026 3:15:00 PM,MAX_OPERATING_MW,7,
8/30/2026 3:10:00 PM,RTD,CLUZ,03TANWIND_G01,G,8/30/2026 3:11:00 PM,8/30/2026 3:15:00 PM,MIN_OPERATING_MW,7,
8/30/2026 3:10:00 PM,RTD,CVIS,04ISIDROSOL_G01,G,8/30/2026 3:01:00 PM,8/30/2026 4:00:00 PM,MAX_OPERATING_MW,55.10,
8/30/2026 3:10:00 PM,RTD,CVIS,04ISIDROSOL_G01,G,8/30/2026 3:01:00 PM,8/30/2026 4:00:00 PM,MIN_OPERATING_MW,55.10,
8/30/2026 3:10:00 PM,RTD,CVIS,08AJUYSOL_G01,G,8/30/2026 3:01:00 PM,8/30/2026 4:00:00 PM,MAX_OPERATING_MW,6.60,
8/30/2026 3:10:00 PM,RTD,CVIS,08AJUYSOL_G01,G,8/30/2026 3:01:00 PM,8/30/2026 4:00:00 PM,MIN_OPERATING_MW,6.60,
8/30/2026 3:10:00 PM,RTD,CVIS,08AJUYSOL_G02,G,8/30/2026 3:01:00 PM,8/30/2026 4:00:00 PM,MAX_OPERATING_MW,3.40,
8/30/2026 3:10:00 PM,RTD,CVIS,08AJUYSOL_G02,G,8/30/2026 3:01:00 PM,8/30/2026 4:00:00 PM,MIN_OPERATING_MW,3.40,
8/30/2026 3:10:00 PM,RTD,CMIN,10LIAN_G02,G,8/30/2026 12:05:00 AM,8/30/2026 11:59:00 PM,MAX_OPERATING_MW,0,
8/30/2026 3:10:00 PM,RTD,CMIN,10LIAN_G02,G,8/30/2026 12:05:00 AM,8/30/2026 11:59:00 PM,MIN_OPERATING_MW,0,
8/30/2026 3:10:00 PM,RTD,CMIN,14TANTASOL_G01,G,8/30/2026 3:01:00 PM,8/30/2026 4:00:00 PM,MAX_OPERATING_MW,39,
8/30/2026 3:10:00 PM,RTD,CMIN,14TANTASOL_G01,G,8/30/2026 3:01:00 PM,8/30/2026 4:00:00 PM,MIN_OPERATING_MW,39,
8/30/2026 3:15:00 PM,RTD,CLUZ,01BARBASOL_G01,G,8/30/2026 3:11:00 PM,8/30/2026 3:15:00 PM,MAX_OPERATING_MW,24.11,
8/30/2026 3:15:00 PM,RTD,CLUZ,01BARBASOL_G01,G,8/30/2026 3:11:00 PM,8/30/2026 3:15:00 PM,MIN_OPERATING_MW,24.11,
8/30/2026 3:15:00 PM,RTD,CLUZ,01BARBASOL_G01,G,8/30/2026 3:16:00 PM,8/30/2026 3:20:00 PM,MAX_OPERATING_MW,23.26,
8/30/2026 3:15:00 PM,RTD,CLUZ,01BARBASOL_G01,G,8/30/2026 3:16:00 PM,8/30/2026 3:20:00 PM,MIN_OPERATING_MW,23.26,
8/30/2026 3:15:00 PM,RTD,CLUZ,01BUGSOL_G01,G,8/30/2026 3:11:00 PM,8/30/2026 3:15:00 PM,MAX_OPERATING_MW,12.50,
8/30/2026 3:15:00 PM,RTD,CLUZ,01BUGSOL_G01,G,8/30/2026 3:11:00 PM,8/30/2026 3:15:00 PM,MIN_OPERATING_MW,12.50,
8/30/2026 3:15:00 PM,RTD,CLUZ,01BUGSOL_G01,G,8/30/2026 3:16:00 PM,8/30/2026 3:20:00 PM,MAX_OPERATING_MW,23.70,
8/30/2026 3:15:00 PM,RTD,CLUZ,01BUGSOL_G01,G,8/30/2026 3:16:00 PM,8/30/2026 3:20:00 PM,MIN_OPERATING_MW,23.70,
8/30/2026 3:15:00 PM,RTD,CLUZ,01BULACSOL_G01,G,8/30/2026 3:01:00 PM,8/30/2026 4:00:00 PM,MAX_OPERATING_MW,9.13,
8/30/2026 3:15:00 PM,RTD,CLUZ,01BULACSOL_G01,G,8/30/2026 3:01:00 PM,8/30/2026 4:00:00 PM,MIN_OPERATING_MW,9.13,
8/30/2026 3:15:00 PM,RTD,CLUZ,01CONSOL_G01,G,8/30/2026 3:11:00 PM,8/30/2026 3:15:00 PM,MAX_OPERATING_MW,30.80,
8/30/2026 3:15:00 PM,RTD,CLUZ,01CONSOL_G01,G,8/30/2026 3:11:00 PM,8/30/2026 3:15:00 PM,MIN_OPERATING_MW,30.80,
8/30/2026 3:15:00 PM,RTD,CLUZ,01CONSOL_G01,G,8/30/2026 3:16:00 PM,8/30/2026 3:20:00 PM,MAX_OPERATING_MW,29.72,
8/30/2026 3:15:00 PM,RTD,CLUZ,01CONSOL_G01,G,8/30/2026 3:16:00 PM,8/30/2026 3:20:00 PM,MIN_OPERATING_MW,29.72,
8/30/2026 3:15:00 PM,RTD,CLUZ,01PASBUSOL_G01,G,8/30/2026 3:01:00 PM,8/30/2026 4:00:00 PM,MAX_OPERATING_MW,21.82,
8/30/2026 3:15:00 PM,RTD,CLUZ,01PASBUSOL_G01,G,8/30/2026 3:01:00 PM,8/30/2026 4:00:00 PM,MIN_OPERATING_MW,21.82,
8/30/2026 3:15:00 PM,RTD,CLUZ,01TERRASOL_G01,G,8/30/2026 2:16:00 PM,8/30/2026 6:00:00 PM,MAX_OPERATING_MW,10,
8/30/2026 3:15:00 PM,RTD,CLUZ,01TERRASOL_G01,G,8/30/2026 2:16:00 PM,8/30/2026 6:00:00 PM,MIN_OPERATING_MW,10,
8/30/2026 3:15:00 PM,RTD,CLUZ,03LUNSOL_G01,G,8/30/2026 3:11:00 PM,8/30/2026 3:15:00 PM,MAX_OPERATING_MW,19.04,
8/30/2026 3:15:00 PM,RTD,CLUZ,03LUNSOL_G01,G,8/30/2026 3:11:00 PM,8/30/2026 3:15:00 PM,MIN_OPERATING_MW,19.04,
8/30/2026 3:15:00 PM,RTD,CLUZ,03LUNSOL_G01,G,8/30/2026 3:16:00 PM,8/30/2026 3:20:00 PM,MAX_OPERATING_MW,18.39,
8/30/2026 3:15:00 PM,RTD,CLUZ,03LUNSOL_G01,G,8/30/2026 3:16:00 PM,8/30/2026 3:20:00 PM,MIN_OPERATING_MW,18.39,
8/30/2026 3:15:00 PM,RTD,CLUZ,03TANWIND_G01,G,8/30/2026 3:11:00 PM,8/30/2026 3:15:00 PM,MAX_OPERATING_MW,7,
8/30/2026 3:15:00 PM,RTD,CLUZ,03TANWIND_G01,G,8/30/2026 3:11:00 PM,8/30/2026 3:15:00 PM,MIN_OPERATING_MW,7,
8/30/2026 3:15:00 PM,RTD,CLUZ,03TANWIND_G01,G,8/30/2026 3:16:00 PM,8/30/2026 3:20:00 PM,MAX_OPERATING_MW,7,
8/30/2026 3:15:00 PM,RTD,CLUZ,03TANWIND_G01,G,8/30/2026 3:16:00 PM,8/30/2026 3:20:00 PM,MIN_OPERATING_MW,7,
8/30/2026 3:15:00 PM,RTD,CVIS,04ISIDROSOL_G01,G,8/30/2026 3:01:00 PM,8/30/2026 4:00:00 PM,MAX_OPERATING_MW,55.10,
8/30/2026 3:15:00 PM,RTD,CVIS,04ISIDROSOL_G01,G,8/30/2026 3:01:00 PM,8/30/2026 4:00:00 PM,MIN_OPERATING_MW,55.10,
8/30/2026 3:15:00 PM,RTD,CVIS,08AJUYSOL_G01,G,8/30/2026 3:01:00 PM,8/30/2026 4:00:00 PM,MAX_OPERATING_MW,6.60,
8/30/2026 3:15:00 PM,RTD,CVIS,08AJUYSOL_G01,G,8/30/2026 3:01:00 PM,8/30/2026 4:00:00 PM,MIN_OPERATING_MW,6.60,
8/30/2026 3:15:00 PM,RTD,CVIS,08AJUYSOL_G02,G,8/30/2026 3:01:00 PM,8/30/2026 4:00:00 PM,MAX_OPERATING_MW,3.40,
8/30/2026 3:15:00 PM,RTD,CVIS,08AJUYSOL_G02,G,8/30/2026 3:01:00 PM,8/30/2026 4:00:00 PM,MIN_OPERATING_MW,3.40,
8/30/2026 3:15:00 PM,RTD,CMIN,10LIAN_G02,G,8/30/2026 12:05:00 AM,8/30/2026 11:59:00 PM,MAX_OPERATING_MW,0,
8/30/2026 3:15:00 PM,RTD,CMIN,10LIAN_G02,G,8/30/2026 12:05:00 AM,8/30/2026 11:59:00 PM,MIN_OPERATING_MW,0,
8/30/2026 3:15:00 PM,RTD,CMIN,14TANTASOL_G01,G,8/30/2026 3:01:00 PM,8/30/2026 4:00:00 PM,MAX_OPERATING_MW,39,
8/30/2026 3:15:00 PM,RTD,CMIN,14TANTASOL_G01,G,8/30/2026 3:01:00 PM,8/30/2026 4:00:00 PM,MIN_OPERATING_MW,39,
8/30/2026 3:20:00 PM,RTD,CLUZ,01BARBASOL_G01,G,8/30/2026 3:16:00 PM,8/30/2026 3:20:00 PM,MAX_OPERATING_MW,23.26,
8/30/2026 3:20:00 PM,RTD,CLUZ,01BARBASOL_G01,G,8/30/2026 3:16:00 PM,8/30/2026 3:20:00 PM,MIN_OPERATING_MW,23.26,
8/30/2026 3:20:00 PM,RTD,CLUZ,01BARBASOL_G01,G,8/30/2026 3:21:00 PM,8/30/2026 3:25:00 PM,MAX_OPERATING_MW,22.37,
8/30/2026 3:20:00 PM,RTD,CLUZ,01BARBASOL_G01,G,8/30/2026 3:21:00 PM,8/30/2026 3:25:00 PM,MIN_OPERATING_MW,22.37,
8/30/2026 3:20:00 PM,RTD,CLUZ,01BUGSOL_G01,G,8/30/2026 3:16:00 PM,8/30/2026 3:20:00 PM,MAX_OPERATING_MW,23.70,
8/30/2026 3:20:00 PM,RTD,CLUZ,01BUGSOL_G01,G,8/30/2026 3:16:00 PM,8/30/2026 3:20:00 PM,MIN_OPERATING_MW,23.70,
8/30/2026 3:20:00 PM,RTD,CLUZ,01BUGSOL_G01,G,8/30/2026 3:21:00 PM,8/30/2026 3:25:00 PM,MAX_OPERATING_MW,32,
8/30/2026 3:20:00 PM,RTD,CLUZ,01BUGSOL_G01,G,8/30/2026 3:21:00 PM,8/30/2026 3:25:00 PM,MIN_OPERATING_MW,32,
8/30/2026 3:20:00 PM,RTD,CLUZ,01BULACSOL_G01,G,8/30/2026 3:01:00 PM,8/30/2026 4:00:00 PM,MAX_OPERATING_MW,9.13,
8/30/2026 3:20:00 PM,RTD,CLUZ,01BULACSOL_G01,G,8/30/2026 3:01:00 PM,8/30/2026 4:00:00 PM,MIN_OPERATING_MW,9.13,
8/30/2026 3:20:00 PM,RTD,CLUZ,01CONSOL_G01,G,8/30/2026 3:16:00 PM,8/30/2026 3:20:00 PM,MAX_OPERATING_MW,29.72,
8/30/2026 3:20:00 PM,RTD,CLUZ,01CONSOL_G01,G,8/30/2026 3:16:00 PM,8/30/2026 3:20:00 PM,MIN_OPERATING_MW,29.72,
8/30/2026 3:20:00 PM,RTD,CLUZ,01CONSOL_G01,G,8/30/2026 3:21:00 PM,8/30/2026 3:25:00 PM,MAX_OPERATING_MW,28.64,
8/30/2026 3:20:00 PM,RTD,CLUZ,01CONSOL_G01,G,8/30/2026 3:21:00 PM,8/30/2026 3:25:00 PM,MIN_OPERATING_MW,28.64,
8/30/2026 3:20:00 PM,RTD,CLUZ,01PASBUSOL_G01,G,8/30/2026 3:01:00 PM,8/30/2026 4:00:00 PM,MAX_OPERATING_MW,21.82,
8/30/2026 3:20:00 PM,RTD,CLUZ,01PASBUSOL_G01,G,8/30/2026 3:01:00 PM,8/30/2026 4:00:00 PM,MIN_OPERATING_MW,21.82,
8/30/2026 3:20:00 PM,RTD,CLUZ,01TERRASOL_G01,G,8/30/2026 2:16:00 PM,8/30/2026 6:00:00 PM,MAX_OPERATING_MW,10,
8/30/2026 3:20:00 PM,RTD,CLUZ,01TERRASOL_G01,G,8/30/2026 2:16:00 PM,8/30/2026 6:00:00 PM,MIN_OPERATING_MW,10,
8/30/2026 3:20:00 PM,RTD,CLUZ,03LUNSOL_G01,G,8/30/2026 3:16:00 PM,8/30/2026 3:20:00 PM,MAX_OPERATING_MW,18.39,
8/30/2026 3:20:00 PM,RTD,CLUZ,03LUNSOL_G01,G,8/30/2026 3:16:00 PM,8/30/2026 3:20:00 PM,MIN_OPERATING_MW,18.39,
8/30/2026 3:20:00 PM,RTD,CLUZ,03LUNSOL_G01,G,8/30/2026 3:21:00 PM,8/30/2026 3:25:00 PM,MAX_OPERATING_MW,17.73,
8/30/2026 3:20:00 PM,RTD,CLUZ,03LUNSOL_G01,G,8/30/2026 3:21:00 PM,8/30/2026 3:25:00 PM,MIN_OPERATING_MW,17.73,
8/30/2026 3:20:00 PM,RTD,CLUZ,03TANWIND_G01,G,8/30/2026 3:16:00 PM,8/30/2026 3:20:00 PM,MAX_OPERATING_MW,7,
8/30/2026 3:20:00 PM,RTD,CLUZ,03TANWIND_G01,G,8/30/2026 3:16:00 PM,8/30/2026 3:20:00 PM,MIN_OPERATING_MW,7,
8/30/2026 3:20:00 PM,RTD,CLUZ,03TANWIND_G01,G,8/30/2026 3:21:00 PM,8/30/2026 3:25:00 PM,MAX_OPERATING_MW,7,
8/30/2026 3:20:00 PM,RTD,CLUZ,03TANWIND_G01,G,8/30/2026 3:21:00 PM,8/30/2026 3:25:00 PM,MIN_OPERATING_MW,7,
8/30/2026 3:20:00 PM,RTD,CVIS,04ISIDROSOL_G01,G,8/30/2026 3:01:00 PM,8/30/2026 4:00:00 PM,MAX_OPERATING_MW,55.10,
8/30/2026 3:20:00 PM,RTD,CVIS,04ISIDROSOL_G01,G,8/30/2026 3:01:00 PM,8/30/2026 4:00:00 PM,MIN_OPERATING_MW,55.10,
8/30/2026 3:20:00 PM,RTD,CVIS,08AJUYSOL_G01,G,8/30/2026 3:01:00 PM,8/30/2026 4:00:00 PM,MAX_OPERATING_MW,6.60,
8/30/2026 3:20:00 PM,RTD,CVIS,08AJUYSOL_G01,G,8/30/2026 3:01:00 PM,8/30/2026 4:00:00 PM,MIN_OPERATING_MW,6.60,
8/30/2026 3:20:00 PM,RTD,CVIS,08AJUYSOL_G02,G,8/30/2026 3:01:00 PM,8/30/2026 4:00:00 PM,MAX_OPERATING_MW,3.40,
8/30/2026 3:20:00 PM,RTD,CVIS,08AJUYSOL_G02,G,8/30/2026 3:01:00 PM,8/30/2026 4:00:00 PM,MIN_OPERATING_MW,3.40,
8/30/2026 3:20:00 PM,RTD,CMIN,10LIAN_G02,G,8/30/2026 12:05:00 AM,8/30/2026 11:59:00 PM,MAX_OPERATING_MW,0,
8/30/2026 3:20:00 PM,RTD,CMIN,10LIAN_G02,G,8/30/2026 12:05:00 AM,8/30/2026 11:59:00 PM,MIN_OPERATING_MW,0,
8/30/2026 3:20:00 PM,RTD,CMIN,14TANTASOL_G01,G,8/30/2026 3:01:00 PM,8/30/2026 4:00:00 PM,MAX_OPERATING_MW,39,
8/30/2026 3:20:00 PM,RTD,CMIN,14TANTASOL_G01,G,8/30/2026 3:01:00 PM,8/30/2026 4:00:00 PM,MIN_OPERATING_MW,39,
8/30/2026 3:25:00 PM,RTD,CLUZ,01BARBASOL_G01,G,8/30/2026 3:21:00 PM,8/30/2026 3:25:00 PM,MAX_OPERATING_MW,22.37,
8/30/2026 3:25:00 PM,RTD,CLUZ,01BARBASOL_G01,G,8/30/2026 3:21:00 PM,8/30/2026 3:25:00 PM,MIN_OPERATING_MW,22.37,
8/30/2026 3:25:00 PM,RTD,CLUZ,01BARBASOL_G01,G,8/30/2026 3:26:00 PM,8/30/2026 3:30:00 PM,MAX_OPERATING_MW,21.43,
8/30/2026 3:25:00 PM,RTD,CLUZ,01BARBASOL_G01,G,8/30/2026 3:26:00 PM,8/30/2026 3:30:00 PM,MIN_OPERATING_MW,21.43,
8/30/2026 3:25:00 PM,RTD,CLUZ,01BUGSOL_G01,G,8/30/2026 3:21:00 PM,8/30/2026 3:25:00 PM,MAX_OPERATING_MW,32,
8/30/2026 3:25:00 PM,RTD,CLUZ,01BUGSOL_G01,G,8/30/2026 3:21:00 PM,8/30/2026 3:25:00 PM,MIN_OPERATING_MW,32,
8/30/2026 3:25:00 PM,RTD,CLUZ,01BUGSOL_G01,G,8/30/2026 3:26:00 PM,8/30/2026 3:30:00 PM,MAX_OPERATING_MW,38.70,
8/30/2026 3:25:00 PM,RTD,CLUZ,01BUGSOL_G01,G,8/30/2026 3:26:00 PM,8/30/2026 3:30:00 PM,MIN_OPERATING_MW,38.70,
8/30/2026 3:25:00 PM,RTD,CLUZ,01BULACSOL_G01,G,8/30/2026 3:01:00 PM,8/30/2026 4:00:00 PM,MAX_OPERATING_MW,9.13,
8/30/2026 3:25:00 PM,RTD,CLUZ,01BULACSOL_G01,G,8/30/2026 3:01:00 PM,8/30/2026 4:00:00 PM,MIN_OPERATING_MW,9.13,
8/30/2026 3:25:00 PM,RTD,CLUZ,01CONSOL_G01,G,8/30/2026 3:21:00 PM,8/30/2026 3:25:00 PM,MAX_OPERATING_MW,28.64,
8/30/2026 3:25:00 PM,RTD,CLUZ,01CONSOL_G01,G,8/30/2026 3:21:00 PM,8/30/2026 3:25:00 PM,MIN_OPERATING_MW,28.64,
8/30/2026 3:25:00 PM,RTD,CLUZ,01CONSOL_G01,G,8/30/2026 3:26:00 PM,8/30/2026 3:30:00 PM,MAX_OPERATING_MW,27.55,
8/30/2026 3:25:00 PM,RTD,CLUZ,01CONSOL_G01,G,8/30/2026 3:26:00 PM,8/30/2026 3:30:00 PM,MIN_OPERATING_MW,27.55,
8/30/2026 3:25:00 PM,RTD,CLUZ,01PASBUSOL_G01,G,8/30/2026 3:01:00 PM,8/30/2026 4:00:00 PM,MAX_OPERATING_MW,21.82,
8/30/2026 3:25:00 PM,RTD,CLUZ,01PASBUSOL_G01,G,8/30/2026 3:01:00 PM,8/30/2026 4:00:00 PM,MIN_OPERATING_MW,21.82,
8/30/2026 3:25:00 PM,RTD,CLUZ,01TERRASOL_G01,G,8/30/2026 2:16:00 PM,8/30/2026 6:00:00 PM,MAX_OPERATING_MW,10,
8/30/2026 3:25:00 PM,RTD,CLUZ,01TERRASOL_G01,G,8/30/2026 2:16:00 PM,8/30/2026 6:00:00 PM,MIN_OPERATING_MW,10,
8/30/2026 3:25:00 PM,RTD,CLUZ,03LUNSOL_G01,G,8/30/2026 3:21:00 PM,8/30/2026 3:25:00 PM,MAX_OPERATING_MW,17.73,
8/30/2026 3:25:00 PM,RTD,CLUZ,03LUNSOL_G01,G,8/30/2026 3:21:00 PM,8/30/2026 3:25:00 PM,MIN_OPERATING_MW,17.73,
8/30/2026 3:25:00 PM,RTD,CLUZ,03LUNSOL_G01,G,8/30/2026 3:26:00 PM,8/30/2026 3:30:00 PM,MAX_OPERATING_MW,17.06,
8/30/2026 3:25:00 PM,RTD,CLUZ,03LUNSOL_G01,G,8/30/2026 3:26:00 PM,8/30/2026 3:30:00 PM,MIN_OPERATING_MW,17.06,
8/30/2026 3:25:00 PM,RTD,CLUZ,03TANWIND_G01,G,8/30/2026 3:21:00 PM,8/30/2026 3:25:00 PM,MAX_OPERATING_MW,7,
8/30/2026 3:25:00 PM,RTD,CLUZ,03TANWIND_G01,G,8/30/2026 3:21:00 PM,8/30/2026 3:25:00 PM,MIN_OPERATING_MW,7,
8/30/2026 3:25:00 PM,RTD,CLUZ,03TANWIND_G01,G,8/30/2026 3:26:00 PM,8/30/2026 3:30:00 PM,MAX_OPERATING_MW,7,
8/30/2026 3:25:00 PM,RTD,CLUZ,03TANWIND_G01,G,8/30/2026 3:26:00 PM,8/30/2026 3:30:00 PM,MIN_OPERATING_MW,7,
8/30/2026 3:25:00 PM,RTD,CVIS,04ISIDROSOL_G01,G,8/30/2026 3:01:00 PM,8/30/2026 4:00:00 PM,MAX_OPERATING_MW,55.10,
8/30/2026 3:25:00 PM,RTD,CVIS,04ISIDROSOL_G01,G,8/30/2026 3:01:00 PM,8/30/2026 4:00:00 PM,MIN_OPERATING_MW,55.10,
8/30/2026 3:25:00 PM,RTD,CVIS,08AJUYSOL_G01,G,8/30/2026 3:01:00 PM,8/30/2026 4:00:00 PM,MAX_OPERATING_MW,6.60,
8/30/2026 3:25:00 PM,RTD,CVIS,08AJUYSOL_G01,G,8/30/2026 3:01:00 PM,8/30/2026 4:00:00 PM,MIN_OPERATING_MW,6.60,
8/30/2026 3:25:00 PM,RTD,CVIS,08AJUYSOL_G02,G,8/30/2026 3:01:00 PM,8/30/2026 4:00:00 PM,MAX_OPERATING_MW,3.40,
8/30/2026 3:25:00 PM,RTD,CVIS,08AJUYSOL_G02,G,8/30/2026 3:01:00 PM,8/30/2026 4:00:00 PM,MIN_OPERATING_MW,3.40,
8/30/2026 3:25:00 PM,RTD,CMIN,10LIAN_G02,G,8/30/2026 12:05:00 AM,8/30/2026 11:59:00 PM,MAX_OPERATING_MW,0,
8/30/2026 3:25:00 PM,RTD,CMIN,10LIAN_G02,G,8/30/2026 12:05:00 AM,8/30/2026 11:59:00 PM,MIN_OPERATING_MW,0,
8/30/2026 3:25:00 PM,RTD,CMIN,14TANTASOL_G01,G,8/30/2026 3:01:00 PM,8/30/2026 4:00:00 PM,MAX_OPERATING_MW,39,
8/30/2026 3:25:00 PM,RTD,CMIN,14TANTASOL_G01,G,8/30/2026 3:01:00 PM,8/30/2026 4:00:00 PM,MIN_OPERATING_MW,39,
8/30/2026 3:30:00 PM,RTD,CLUZ,01BARBASOL_G01,G,8/30/2026 3:26:00 PM,8/30/2026 3:30:00 PM,MAX_OPERATING_MW,21.43,
8/30/2026 3:30:00 PM,RTD,CLUZ,01BARBASOL_G01,G,8/30/2026 3:26:00 PM,8/30/2026 3:30:00 PM,MIN_OPERATING_MW,21.43,
8/30/2026 3:30:00 PM,RTD,CLUZ,01BARBASOL_G01,G,8/30/2026 3:31:00 PM,8/30/2026 3:35:00 PM,MAX_OPERATING_MW,20.46,
8/30/2026 3:30:00 PM,RTD,CLUZ,01BARBASOL_G01,G,8/30/2026 3:31:00 PM,8/30/2026 3:35:00 PM,MIN_OPERATING_MW,20.46,
8/30/2026 3:30:00 PM,RTD,CLUZ,01BUGSOL_G01,G,8/30/2026 3:26:00 PM,8/30/2026 3:30:00 PM,MAX_OPERATING_MW,38.70,
8/30/2026 3:30:00 PM,RTD,CLUZ,01BUGSOL_G01,G,8/30/2026 3:26:00 PM,8/30/2026 3:30:00 PM,MIN_OPERATING_MW,38.70,
8/30/2026 3:30:00 PM,RTD,CLUZ,01BUGSOL_G01,G,8/30/2026 3:31:00 PM,8/30/2026 3:35:00 PM,MAX_OPERATING_MW,27.40,
8/30/2026 3:30:00 PM,RTD,CLUZ,01BUGSOL_G01,G,8/30/2026 3:31:00 PM,8/30/2026 3:35:00 PM,MIN_OPERATING_MW,27.40,
8/30/2026 3:30:00 PM,RTD,CLUZ,01BULACSOL_G01,G,8/30/2026 3:01:00 PM,8/30/2026 4:00:00 PM,MAX_OPERATING_MW,9.13,
8/30/2026 3:30:00 PM,RTD,CLUZ,01BULACSOL_G01,G,8/30/2026 3:01:00 PM,8/30/2026 4:00:00 PM,MIN_OPERATING_MW,9.13,
8/30/2026 3:30:00 PM,RTD,CLUZ,01CONSOL_G01,G,8/30/2026 3:26:00 PM,8/30/2026 3:30:00 PM,MAX_OPERATING_MW,27.55,
8/30/2026 3:30:00 PM,RTD,CLUZ,01CONSOL_G01,G,8/30/2026 3:26:00 PM,8/30/2026 3:30:00 PM,MIN_OPERATING_MW,27.55,
8/30/2026 3:30:00 PM,RTD,CLUZ,01CONSOL_G01,G,8/30/2026 3:31:00 PM,8/30/2026 3:35:00 PM,MAX_OPERATING_MW,26.45,
8/30/2026 3:30:00 PM,RTD,CLUZ,01CONSOL_G01,G,8/30/2026 3:31:00 PM,8/30/2026 3:35:00 PM,MIN_OPERATING_MW,26.45,
8/30/2026 3:30:00 PM,RTD,CLUZ,01PASBUSOL_G01,G,8/30/2026 3:01:00 PM,8/30/2026 4:00:00 PM,MAX_OPERATING_MW,21.82,
8/30/2026 3:30:00 PM,RTD,CLUZ,01PASBUSOL_G01,G,8/30/2026 3:01:00 PM,8/30/2026 4:00:00 PM,MIN_OPERATING_MW,21.82,
8/30/2026 3:30:00 PM,RTD,CLUZ,01TERRASOL_G01,G,8/30/2026 2:16:00 PM,8/30/2026 6:00:00 PM,MAX_OPERATING_MW,10,
8/30/2026 3:30:00 PM,RTD,CLUZ,01TERRASOL_G01,G,8/30/2026 2:16:00 PM,8/30/2026 6:00:00 PM,MIN_OPERATING_MW,10,
8/30/2026 3:30:00 PM,RTD,CLUZ,03LUNSOL_G01,G,8/30/2026 3:26:00 PM,8/30/2026 3:30:00 PM,MAX_OPERATING_MW,17.06,
8/30/2026 3:30:00 PM,RTD,CLUZ,03LUNSOL_G01,G,8/30/2026 3:26:00 PM,8/30/2026 3:30:00 PM,MIN_OPERATING_MW,17.06,
8/30/2026 3:30:00 PM,RTD,CLUZ,03LUNSOL_G01,G,8/30/2026 3:31:00 PM,8/30/2026 3:35:00 PM,MAX_OPERATING_MW,16.38,
8/30/2026 3:30:00 PM,RTD,CLUZ,03LUNSOL_G01,G,8/30/2026 3:31:00 PM,8/30/2026 3:35:00 PM,MIN_OPERATING_MW,16.38,
8/30/2026 3:30:00 PM,RTD,CLUZ,03TANWIND_G01,G,8/30/2026 3:26:00 PM,8/30/2026 3:30:00 PM,MAX_OPERATING_MW,7,
8/30/2026 3:30:00 PM,RTD,CLUZ,03TANWIND_G01,G,8/30/2026 3:26:00 PM,8/30/2026 3:30:00 PM,MIN_OPERATING_MW,7,
8/30/2026 3:30:00 PM,RTD,CLUZ,03TANWIND_G01,G,8/30/2026 3:31:00 PM,8/30/2026 3:35:00 PM,MAX_OPERATING_MW,7,
8/30/2026 3:30:00 PM,RTD,CLUZ,03TANWIND_G01,G,8/30/2026 3:31:00 PM,8/30/2026 3:35:00 PM,MIN_OPERATING_MW,7,
8/30/2026 3:30:00 PM,RTD,CVIS,04ISIDROSOL_G01,G,8/30/2026 3:01:00 PM,8/30/2026 4:00:00 PM,MAX_OPERATING_MW,55.10,
8/30/2026 3:30:00 PM,RTD,CVIS,04ISIDROSOL_G01,G,8/30/2026 3:01:00 PM,8/30/2026 4:00:00 PM,MIN_OPERATING_MW,55.10,
8/30/2026 3:30:00 PM,RTD,CVIS,08AJUYSOL_G01,G,8/30/2026 3:01:00 PM,8/30/2026 4:00:00 PM,MAX_OPERATING_MW,6.60,
8/30/2026 3:30:00 PM,RTD,CVIS,08AJUYSOL_G01,G,8/30/2026 3:01:00 PM,8/30/2026 4:00:00 PM,MIN_OPERATING_MW,6.60,
8/30/2026 3:30:00 PM,RTD,CVIS,08AJUYSOL_G02,G,8/30/2026 3:01:00 PM,8/30/2026 4:00:00 PM,MAX_OPERATING_MW,3.40,
8/30/2026 3:30:00 PM,RTD,CVIS,08AJUYSOL_G02,G,8/30/2026 3:01:00 PM,8/30/2026 4:00:00 PM,MIN_OPERATING_MW,3.40,
8/30/2026 3:30:00 PM,RTD,CMIN,10LIAN_G02,G,8/30/2026 12:05:00 AM,8/30/2026 11:59:00 PM,MAX_OPERATING_MW,0,
8/30/2026 3:30:00 PM,RTD,CMIN,10LIAN_G02,G,8/30/2026 12:05:00 AM,8/30/2026 11:59:00 PM,MIN_OPERATING_MW,0,
8/30/2026 3:30:00 PM,RTD,CMIN,14TANTASOL_G01,G,8/30/2026 3:01:00 PM,8/30/2026 4:00:00 PM,MAX_OPERATING_MW,39,
8/30/2026 3:30:00 PM,RTD,CMIN,14TANTASOL_G01,G,8/30/2026 3:01:00 PM,8/30/2026 4:00:00 PM,MIN_OPERATING_MW,39,
8/30/2026 3:35:00 PM,RTD,CLUZ,01BARBASOL_G01,G,8/30/2026 3:31:00 PM,8/30/2026 3:35:00 PM,MAX_OPERATING_MW,20.46,
8/30/2026 3:35:00 PM,RTD,CLUZ,01BARBASOL_G01,G,8/30/2026 3:31:00 PM,8/30/2026 3:35:00 PM,MIN_OPERATING_MW,20.46,
8/30/2026 3:35:00 PM,RTD,CLUZ,01BARBASOL_G01,G,8/30/2026 3:36:00 PM,8/30/2026 3:40:00 PM,MAX_OPERATING_MW,19.48,
8/30/2026 3:35:00 PM,RTD,CLUZ,01BARBASOL_G01,G,8/30/2026 3:36:00 PM,8/30/2026 3:40:00 PM,MIN_OPERATING_MW,19.48,
8/30/2026 3:35:00 PM,RTD,CLUZ,01BUGSOL_G01,G,8/30/2026 3:31:00 PM,8/30/2026 3:35:00 PM,MAX_OPERATING_MW,27.40,
8/30/2026 3:35:00 PM,RTD,CLUZ,01BUGSOL_G01,G,8/30/2026 3:31:00 PM,8/30/2026 3:35:00 PM,MIN_OPERATING_MW,27.40,
8/30/2026 3:35:00 PM,RTD,CLUZ,01BUGSOL_G01,G,8/30/2026 3:36:00 PM,8/30/2026 3:40:00 PM,MAX_OPERATING_MW,29.30,
8/30/2026 3:35:00 PM,RTD,CLUZ,01BUGSOL_G01,G,8/30/2026 3:36:00 PM,8/30/2026 3:40:00 PM,MIN_OPERATING_MW,29.30,
8/30/2026 3:35:00 PM,RTD,CLUZ,01BULACSOL_G01,G,8/30/2026 3:01:00 PM,8/30/2026 4:00:00 PM,MAX_OPERATING_MW,9.13,
8/30/2026 3:35:00 PM,RTD,CLUZ,01BULACSOL_G01,G,8/30/2026 3:01:00 PM,8/30/2026 4:00:00 PM,MIN_OPERATING_MW,9.13,
8/30/2026 3:35:00 PM,RTD,CLUZ,01CONSOL_G01,G,8/30/2026 3:31:00 PM,8/30/2026 3:35:00 PM,MAX_OPERATING_MW,26.45,
8/30/2026 3:35:00 PM,RTD,CLUZ,01CONSOL_G01,G,8/30/2026 3:31:00 PM,8/30/2026 3:35:00 PM,MIN_OPERATING_MW,26.45,
8/30/2026 3:35:00 PM,RTD,CLUZ,01CONSOL_G01,G,8/30/2026 3:36:00 PM,8/30/2026 3:40:00 PM,MAX_OPERATING_MW,25.34,
8/30/2026 3:35:00 PM,RTD,CLUZ,01CONSOL_G01,G,8/30/2026 3:36:00 PM,8/30/2026 3:40:00 PM,MIN_OPERATING_MW,25.34,
8/30/2026 3:35:00 PM,RTD,CLUZ,01PASBUSOL_G01,G,8/30/2026 3:01:00 PM,8/30/2026 4:00:00 PM,MAX_OPERATING_MW,21.82,
8/30/2026 3:35:00 PM,RTD,CLUZ,01PASBUSOL_G01,G,8/30/2026 3:01:00 PM,8/30/2026 4:00:00 PM,MIN_OPERATING_MW,21.82,
8/30/2026 3:35:00 PM,RTD,CLUZ,01TERRASOL_G01,G,8/30/2026 2:16:00 PM,8/30/2026 6:00:00 PM,MAX_OPERATING_MW,10,
8/30/2026 3:35:00 PM,RTD,CLUZ,01TERRASOL_G01,G,8/30/2026 2:16:00 PM,8/30/2026 6:00:00 PM,MIN_OPERATING_MW,10,
8/30/2026 3:35:00 PM,RTD,CLUZ,03LUNSOL_G01,G,8/30/2026 3:31:00 PM,8/30/2026 3:35:00 PM,MAX_OPERATING_MW,16.38,
8/30/2026 3:35:00 PM,RTD,CLUZ,03LUNSOL_G01,G,8/30/2026 3:31:00 PM,8/30/2026 3:35:00 PM,MIN_OPERATING_MW,16.38,
8/30/2026 3:35:00 PM,RTD,CLUZ,03LUNSOL_G01,G,8/30/2026 3:36:00 PM,8/30/2026 3:40:00 PM,MAX_OPERATING_MW,15.69,
8/30/2026 3:35:00 PM,RTD,CLUZ,03LUNSOL_G01,G,8/30/2026 3:36:00 PM,8/30/2026 3:40:00 PM,MIN_OPERATING_MW,15.69,
8/30/2026 3:35:00 PM,RTD,CLUZ,03TANWIND_G01,G,8/30/2026 3:31:00 PM,8/30/2026 3:35:00 PM,MAX_OPERATING_MW,7,
8/30/2026 3:35:00 PM,RTD,CLUZ,03TANWIND_G01,G,8/30/2026 3:31:00 PM,8/30/2026 3:35:00 PM,MIN_OPERATING_MW,7,
8/30/2026 3:35:00 PM,RTD,CLUZ,03TANWIND_G01,G,8/30/2026 3:36:00 PM,8/30/2026 3:40:00 PM,MAX_OPERATING_MW,7,
8/30/2026 3:35:00 PM,RTD,CLUZ,03TANWIND_G01,G,8/30/2026 3:36:00 PM,8/30/2026 3:40:00 PM,MIN_OPERATING_MW,7,
8/30/2026 3:35:00 PM,RTD,CVIS,04ISIDROSOL_G01,G,8/30/2026 3:01:00 PM,8/30/2026 4:00:00 PM,MAX_OPERATING_MW,55.10,
8/30/2026 3:35:00 PM,RTD,CVIS,04ISIDROSOL_G01,G,8/30/2026 3:01:00 PM,8/30/2026 4:00:00 PM,MIN_OPERATING_MW,55.10,
8/30/2026 3:35:00 PM,RTD,CVIS,08AJUYSOL_G01,G,8/30/2026 3:01:00 PM,8/30/2026 4:00:00 PM,MAX_OPERATING_MW,6.60,
8/30/2026 3:35:00 PM,RTD,CVIS,08AJUYSOL_G01,G,8/30/2026 3:01:00 PM,8/30/2026 4:00:00 PM,MIN_OPERATING_MW,6.60,
8/30/2026 3:35:00 PM,RTD,CVIS,08AJUYSOL_G02,G,8/30/2026 3:01:00 PM,8/30/2026 4:00:00 PM,MAX_OPERATING_MW,3.40,
8/30/2026 3:35:00 PM,RTD,CVIS,08AJUYSOL_G02,G,8/30/2026 3:01:00 PM,8/30/2026 4:00:00 PM,MIN_OPERATING_MW,3.40,
8/30/2026 3:35:00 PM,RTD,CMIN,10LIAN_G02,G,8/30/2026 12:05:00 AM,8/30/2026 11:59:00 PM,MAX_OPERATING_MW,0,
8/30/2026 3:35:00 PM,RTD,CMIN,10LIAN_G02,G,8/30/2026 12:05:00 AM,8/30/2026 11:59:00 PM,MIN_OPERATING_MW,0,
8/30/2026 3:35:00 PM,RTD,CMIN,14TANTASOL_G01,G,8/30/2026 3:01:00 PM,8/30/2026 4:00:00 PM,MAX_OPERATING_MW,39,
8/30/2026 3:35:00 PM,RTD,CMIN,14TANTASOL_G01,G,8/30/2026 3:01:00 PM,8/30/2026 4:00:00 PM,MIN_OPERATING_MW,39,
8/30/2026 3:40:00 PM,RTD,CLUZ,01BARBASOL_G01,G,8/30/2026 3:36:00 PM,8/30/2026 3:40:00 PM,MAX_OPERATING_MW,19.48,
8/30/2026 3:40:00 PM,RTD,CLUZ,01BARBASOL_G01,G,8/30/2026 3:36:00 PM,8/30/2026 3:40:00 PM,MIN_OPERATING_MW,19.48,
8/30/2026 3:40:00 PM,RTD,CLUZ,01BARBASOL_G01,G,8/30/2026 3:41:00 PM,8/30/2026 3:45:00 PM,MAX_OPERATING_MW,18.50,
8/30/2026 3:40:00 PM,RTD,CLUZ,01BARBASOL_G01,G,8/30/2026 3:41:00 PM,8/30/2026 3:45:00 PM,MIN_OPERATING_MW,18.50,
8/30/2026 3:40:00 PM,RTD,CLUZ,01BUGSOL_G01,G,8/30/2026 3:36:00 PM,8/30/2026 3:40:00 PM,MAX_OPERATING_MW,29.30,
8/30/2026 3:40:00 PM,RTD,CLUZ,01BUGSOL_G01,G,8/30/2026 3:36:00 PM,8/30/2026 3:40:00 PM,MIN_OPERATING_MW,29.30,
8/30/2026 3:40:00 PM,RTD,CLUZ,01BUGSOL_G01,G,8/30/2026 3:41:00 PM,8/30/2026 3:45:00 PM,MAX_OPERATING_MW,29.20,
8/30/2026 3:40:00 PM,RTD,CLUZ,01BUGSOL_G01,G,8/30/2026 3:41:00 PM,8/30/2026 3:45:00 PM,MIN_OPERATING_MW,29.20,
8/30/2026 3:40:00 PM,RTD,CLUZ,01BULACSOL_G01,G,8/30/2026 3:01:00 PM,8/30/2026 4:00:00 PM,MAX_OPERATING_MW,9.13,
8/30/2026 3:40:00 PM,RTD,CLUZ,01BULACSOL_G01,G,8/30/2026 3:01:00 PM,8/30/2026 4:00:00 PM,MIN_OPERATING_MW,9.13,
8/30/2026 3:40:00 PM,RTD,CLUZ,01CONSOL_G01,G,8/30/2026 3:36:00 PM,8/30/2026 3:40:00 PM,MAX_OPERATING_MW,25.34,
8/30/2026 3:40:00 PM,RTD,CLUZ,01CONSOL_G01,G,8/30/2026 3:36:00 PM,8/30/2026 3:40:00 PM,MIN_OPERATING_MW,25.34,
8/30/2026 3:40:00 PM,RTD,CLUZ,01CONSOL_G01,G,8/30/2026 3:41:00 PM,8/30/2026 3:45:00 PM,MAX_OPERATING_MW,24.24,
8/30/2026 3:40:00 PM,RTD,CLUZ,01CONSOL_G01,G,8/30/2026 3:41:00 PM,8/30/2026 3:45:00 PM,MIN_OPERATING_MW,24.24,
8/30/2026 3:40:00 PM,RTD,CLUZ,01PASBUSOL_G01,G,8/30/2026 3:01:00 PM,8/30/2026 4:00:00 PM,MAX_OPERATING_MW,21.82,
8/30/2026 3:40:00 PM,RTD,CLUZ,01PASBUSOL_G01,G,8/30/2026 3:01:00 PM,8/30/2026 4:00:00 PM,MIN_OPERATING_MW,21.82,
8/30/2026 3:40:00 PM,RTD,CLUZ,01TERRASOL_G01,G,8/30/2026 2:16:00 PM,8/30/2026 6:00:00 PM,MAX_OPERATING_MW,10,
8/30/2026 3:40:00 PM,RTD,CLUZ,01TERRASOL_G01,G,8/30/2026 2:16:00 PM,8/30/2026 6:00:00 PM,MIN_OPERATING_MW,10,
8/30/2026 3:40:00 PM,RTD,CLUZ,03LUNSOL_G01,G,8/30/2026 3:36:00 PM,8/30/2026 3:40:00 PM,MAX_OPERATING_MW,15.69,
8/30/2026 3:40:00 PM,RTD,CLUZ,03LUNSOL_G01,G,8/30/2026 3:36:00 PM,8/30/2026 3:40:00 PM,MIN_OPERATING_MW,15.69,
8/30/2026 3:40:00 PM,RTD,CLUZ,03LUNSOL_G01,G,8/30/2026 3:41:00 PM,8/30/2026 3:45:00 PM,MAX_OPERATING_MW,15,
8/30/2026 3:40:00 PM,RTD,CLUZ,03LUNSOL_G01,G,8/30/2026 3:41:00 PM,8/30/2026 3:45:00 PM,MIN_OPERATING_MW,15,
8/30/2026 3:40:00 PM,RTD,CLUZ,03TANWIND_G01,G,8/30/2026 3:36:00 PM,8/30/2026 3:40:00 PM,MAX_OPERATING_MW,7,
8/30/2026 3:40:00 PM,RTD,CLUZ,03TANWIND_G01,G,8/30/2026 3:36:00 PM,8/30/2026 3:40:00 PM,MIN_OPERATING_MW,7,
8/30/2026 3:40:00 PM,RTD,CLUZ,03TANWIND_G01,G,8/30/2026 3:41:00 PM,8/30/2026 3:45:00 PM,MAX_OPERATING_MW,7,
8/30/2026 3:40:00 PM,RTD,CLUZ,03TANWIND_G01,G,8/30/2026 3:41:00 PM,8/30/2026 3:45:00 PM,MIN_OPERATING_MW,7,
8/30/2026 3:40:00 PM,RTD,CVIS,04ISIDROSOL_G01,G,8/30/2026 3:01:00 PM,8/30/2026 4:00:00 PM,MAX_OPERATING_MW,55.10,
8/30/2026 3:40:00 PM,RTD,CVIS,04ISIDROSOL_G01,G,8/30/2026 3:01:00 PM,8/30/2026 4:00:00 PM,MIN_OPERATING_MW,55.10,
8/30/2026 3:40:00 PM,RTD,CVIS,08AJUYSOL_G01,G,8/30/2026 3:01:00 PM,8/30/2026 4:00:00 PM,MAX_OPERATING_MW,6.60,
8/30/2026 3:40:00 PM,RTD,CVIS,08AJUYSOL_G01,G,8/30/2026 3:01:00 PM,8/30/2026 4:00:00 PM,MIN_OPERATING_MW,6.60,
8/30/2026 3:40:00 PM,RTD,CVIS,08AJUYSOL_G02,G,8/30/2026 3:01:00 PM,8/30/2026 4:00:00 PM,MAX_OPERATING_MW,3.40,
8/30/2026 3:40:00 PM,RTD,CVIS,08AJUYSOL_G02,G,8/30/2026 3:01:00 PM,8/30/2026 4:00:00 PM,MIN_OPERATING_MW,3.40,
8/30/2026 3:40:00 PM,RTD,CMIN,10LIAN_G02,G,8/30/2026 12:05:00 AM,8/30/2026 11:59:00 PM,MAX_OPERATING_MW,0,
8/30/2026 3:40:00 PM,RTD,CMIN,10LIAN_G02,G,8/30/2026 12:05:00 AM,8/30/2026 11:59:00 PM,MIN_OPERATING_MW,0,
8/30/2026 3:40:00 PM,RTD,CMIN,14TANTASOL_G01,G,8/30/2026 3:01:00 PM,8/30/2026 4:00:00 PM,MAX_OPERATING_MW,10,
8/30/2026 3:40:00 PM,RTD,CMIN,14TANTASOL_G01,G,8/30/2026 3:01:00 PM,8/30/2026 4:00:00 PM,MIN_OPERATING_MW,0,
8/30/2026 3:45:00 PM,RTD,CLUZ,01BARBASOL_G01,G,8/30/2026 3:41:00 PM,8/30/2026 3:45:00 PM,MAX_OPERATING_MW,18.50,
8/30/2026 3:45:00 PM,RTD,CLUZ,01BARBASOL_G01,G,8/30/2026 3:41:00 PM,8/30/2026 3:45:00 PM,MIN_OPERATING_MW,18.50,
8/30/2026 3:45:00 PM,RTD,CLUZ,01BARBASOL_G01,G,8/30/2026 3:46:00 PM,8/30/2026 3:50:00 PM,MAX_OPERATING_MW,17.52,
8/30/2026 3:45:00 PM,RTD,CLUZ,01BARBASOL_G01,G,8/30/2026 3:46:00 PM,8/30/2026 3:50:00 PM,MIN_OPERATING_MW,17.52,
8/30/2026 3:45:00 PM,RTD,CLUZ,01BUGSOL_G01,G,8/30/2026 3:41:00 PM,8/30/2026 3:45:00 PM,MAX_OPERATING_MW,29.20,
8/30/2026 3:45:00 PM,RTD,CLUZ,01BUGSOL_G01,G,8/30/2026 3:41:00 PM,8/30/2026 3:45:00 PM,MIN_OPERATING_MW,29.20,
8/30/2026 3:45:00 PM,RTD,CLUZ,01BUGSOL_G01,G,8/30/2026 3:46:00 PM,8/30/2026 3:50:00 PM,MAX_OPERATING_MW,25,
8/30/2026 3:45:00 PM,RTD,CLUZ,01BUGSOL_G01,G,8/30/2026 3:46:00 PM,8/30/2026 3:50:00 PM,MIN_OPERATING_MW,25,
8/30/2026 3:45:00 PM,RTD,CLUZ,01BULACSOL_G01,G,8/30/2026 3:01:00 PM,8/30/2026 4:00:00 PM,MAX_OPERATING_MW,9.13,
8/30/2026 3:45:00 PM,RTD,CLUZ,01BULACSOL_G01,G,8/30/2026 3:01:00 PM,8/30/2026 4:00:00 PM,MIN_OPERATING_MW,9.13,
8/30/2026 3:45:00 PM,RTD,CLUZ,01CONSOL_G01,G,8/30/2026 3:41:00 PM,8/30/2026 3:45:00 PM,MAX_OPERATING_MW,24.24,
8/30/2026 3:45:00 PM,RTD,CLUZ,01CONSOL_G01,G,8/30/2026 3:41:00 PM,8/30/2026 3:45:00 PM,MIN_OPERATING_MW,24.24,
8/30/2026 3:45:00 PM,RTD,CLUZ,01CONSOL_G01,G,8/30/2026 3:46:00 PM,8/30/2026 3:50:00 PM,MAX_OPERATING_MW,23.40,
8/30/2026 3:45:00 PM,RTD,CLUZ,01CONSOL_G01,G,8/30/2026 3:46:00 PM,8/30/2026 3:50:00 PM,MIN_OPERATING_MW,23.40,
8/30/2026 3:45:00 PM,RTD,CLUZ,01PASBUSOL_G01,G,8/30/2026 3:01:00 PM,8/30/2026 4:00:00 PM,MAX_OPERATING_MW,21.82,
8/30/2026 3:45:00 PM,RTD,CLUZ,01PASBUSOL_G01,G,8/30/2026 3:01:00 PM,8/30/2026 4:00:00 PM,MIN_OPERATING_MW,21.82,
8/30/2026 3:45:00 PM,RTD,CLUZ,01TERRASOL_G01,G,8/30/2026 2:16:00 PM,8/30/2026 6:00:00 PM,MAX_OPERATING_MW,10,
8/30/2026 3:45:00 PM,RTD,CLUZ,01TERRASOL_G01,G,8/30/2026 2:16:00 PM,8/30/2026 6:00:00 PM,MIN_OPERATING_MW,10,
8/30/2026 3:45:00 PM,RTD,CLUZ,03LUNSOL_G01,G,8/30/2026 3:41:00 PM,8/30/2026 3:45:00 PM,MAX_OPERATING_MW,15,
8/30/2026 3:45:00 PM,RTD,CLUZ,03LUNSOL_G01,G,8/30/2026 3:41:00 PM,8/30/2026 3:45:00 PM,MIN_OPERATING_MW,15,
8/30/2026 3:45:00 PM,RTD,CLUZ,03LUNSOL_G01,G,8/30/2026 3:46:00 PM,8/30/2026 3:50:00 PM,MAX_OPERATING_MW,14.30,
8/30/2026 3:45:00 PM,RTD,CLUZ,03LUNSOL_G01,G,8/30/2026 3:46:00 PM,8/30/2026 3:50:00 PM,MIN_OPERATING_MW,14.30,
8/30/2026 3:45:00 PM,RTD,CLUZ,03TANWIND_G01,G,8/30/2026 3:41:00 PM,8/30/2026 3:45:00 PM,MAX_OPERATING_MW,7,
8/30/2026 3:45:00 PM,RTD,CLUZ,03TANWIND_G01,G,8/30/2026 3:41:00 PM,8/30/2026 3:45:00 PM,MIN_OPERATING_MW,7,
8/30/2026 3:45:00 PM,RTD,CLUZ,03TANWIND_G01,G,8/30/2026 3:46:00 PM,8/30/2026 3:50:00 PM,MAX_OPERATING_MW,7,
8/30/2026 3:45:00 PM,RTD,CLUZ,03TANWIND_G01,G,8/30/2026 3:46:00 PM,8/30/2026 3:50:00 PM,MIN_OPERATING_MW,7,
8/30/2026 3:45:00 PM,RTD,CVIS,04ISIDROSOL_G01,G,8/30/2026 3:01:00 PM,8/30/2026 4:00:00 PM,MAX_OPERATING_MW,55.10,
8/30/2026 3:45:00 PM,RTD,CVIS,04ISIDROSOL_G01,G,8/30/2026 3:01:00 PM,8/30/2026 4:00:00 PM,MIN_OPERATING_MW,55.10,
8/30/2026 3:45:00 PM,RTD,CVIS,08AJUYSOL_G01,G,8/30/2026 3:01:00 PM,8/30/2026 4:00:00 PM,MAX_OPERATING_MW,6.60,
8/30/2026 3:45:00 PM,RTD,CVIS,08AJUYSOL_G01,G,8/30/2026 3:01:00 PM,8/30/2026 4:00:00 PM,MIN_OPERATING_MW,6.60,
8/30/2026 3:45:00 PM,RTD,CVIS,08AJUYSOL_G02,G,8/30/2026 3:01:00 PM,8/30/2026 4:00:00 PM,MAX_OPERATING_MW,3.40,
8/30/2026 3:45:00 PM,RTD,CVIS,08AJUYSOL_G02,G,8/30/2026 3:01:00 PM,8/30/2026 4:00:00 PM,MIN_OPERATING_MW,3.40,
8/30/2026 3:45:00 PM,RTD,CMIN,10LIAN_G02,G,8/30/2026 12:05:00 AM,8/30/2026 11:59:00 PM,MAX_OPERATING_MW,0,
8/30/2026 3:45:00 PM,RTD,CMIN,10LIAN_G02,G,8/30/2026 12:05:00 AM,8/30/2026 11:59:00 PM,MIN_OPERATING_MW,0,
8/30/2026 3:45:00 PM,RTD,CMIN,14TANTASOL_G01,G,8/30/2026 3:01:00 PM,8/30/2026 4:00:00 PM,MAX_OPERATING_MW,10,
8/30/2026 3:45:00 PM,RTD,CMIN,14TANTASOL_G01,G,8/30/2026 3:01:00 PM,8/30/2026 4:00:00 PM,MIN_OPERATING_MW,0,
8/30/2026 3:50:00 PM,RTD,CLUZ,01BARBASOL_G01,G,8/30/2026 3:46:00 PM,8/30/2026 3:50:00 PM,MAX_OPERATING_MW,17.52,
8/30/2026 3:50:00 PM,RTD,CLUZ,01BARBASOL_G01,G,8/30/2026 3:46:00 PM,8/30/2026 3:50:00 PM,MIN_OPERATING_MW,17.52,
8/30/2026 3:50:00 PM,RTD,CLUZ,01BARBASOL_G01,G,8/30/2026 3:51:00 PM,8/30/2026 3:55:00 PM,MAX_OPERATING_MW,16.57,
8/30/2026 3:50:00 PM,RTD,CLUZ,01BARBASOL_G01,G,8/30/2026 3:51:00 PM,8/30/2026 3:55:00 PM,MIN_OPERATING_MW,16.57,
8/30/2026 3:50:00 PM,RTD,CLUZ,01BUGSOL_G01,G,8/30/2026 3:46:00 PM,8/30/2026 3:50:00 PM,MAX_OPERATING_MW,25,
8/30/2026 3:50:00 PM,RTD,CLUZ,01BUGSOL_G01,G,8/30/2026 3:46:00 PM,8/30/2026 3:50:00 PM,MIN_OPERATING_MW,25,
8/30/2026 3:50:00 PM,RTD,CLUZ,01BUGSOL_G01,G,8/30/2026 3:51:00 PM,8/30/2026 3:55:00 PM,MAX_OPERATING_MW,25.80,
8/30/2026 3:50:00 PM,RTD,CLUZ,01BUGSOL_G01,G,8/30/2026 3:51:00 PM,8/30/2026 3:55:00 PM,MIN_OPERATING_MW,25.80,
8/30/2026 3:50:00 PM,RTD,CLUZ,01BULACSOL_G01,G,8/30/2026 3:01:00 PM,8/30/2026 4:00:00 PM,MAX_OPERATING_MW,9.13,
8/30/2026 3:50:00 PM,RTD,CLUZ,01BULACSOL_G01,G,8/30/2026 3:01:00 PM,8/30/2026 4:00:00 PM,MIN_OPERATING_MW,9.13,
8/30/2026 3:50:00 PM,RTD,CLUZ,01CONSOL_G01,G,8/30/2026 3:46:00 PM,8/30/2026 3:50:00 PM,MAX_OPERATING_MW,23.40,
8/30/2026 3:50:00 PM,RTD,CLUZ,01CONSOL_G01,G,8/30/2026 3:46:00 PM,8/30/2026 3:50:00 PM,MIN_OPERATING_MW,23.40,
8/30/2026 3:50:00 PM,RTD,CLUZ,01CONSOL_G01,G,8/30/2026 3:51:00 PM,8/30/2026 3:55:00 PM,MAX_OPERATING_MW,22.58,
8/30/2026 3:50:00 PM,RTD,CLUZ,01CONSOL_G01,G,8/30/2026 3:51:00 PM,8/30/2026 3:55:00 PM,MIN_OPERATING_MW,22.58,
8/30/2026 3:50:00 PM,RTD,CLUZ,01PASBUSOL_G01,G,8/30/2026 3:01:00 PM,8/30/2026 4:00:00 PM,MAX_OPERATING_MW,21.82,
8/30/2026 3:50:00 PM,RTD,CLUZ,01PASBUSOL_G01,G,8/30/2026 3:01:00 PM,8/30/2026 4:00:00 PM,MIN_OPERATING_MW,21.82,
8/30/2026 3:50:00 PM,RTD,CLUZ,01TERRASOL_G01,G,8/30/2026 2:16:00 PM,8/30/2026 6:00:00 PM,MAX_OPERATING_MW,10,
8/30/2026 3:50:00 PM,RTD,CLUZ,01TERRASOL_G01,G,8/30/2026 2:16:00 PM,8/30/2026 6:00:00 PM,MIN_OPERATING_MW,10,
8/30/2026 3:50:00 PM,RTD,CLUZ,03LUNSOL_G01,G,8/30/2026 3:46:00 PM,8/30/2026 3:50:00 PM,MAX_OPERATING_MW,14.30,
8/30/2026 3:50:00 PM,RTD,CLUZ,03LUNSOL_G01,G,8/30/2026 3:46:00 PM,8/30/2026 3:50:00 PM,MIN_OPERATING_MW,14.30,
8/30/2026 3:50:00 PM,RTD,CLUZ,03LUNSOL_G01,G,8/30/2026 3:51:00 PM,8/30/2026 3:55:00 PM,MAX_OPERATING_MW,13.60,
8/30/2026 3:50:00 PM,RTD,CLUZ,03LUNSOL_G01,G,8/30/2026 3:51:00 PM,8/30/2026 3:55:00 PM,MIN_OPERATING_MW,13.60,
8/30/2026 3:50:00 PM,RTD,CLUZ,03TANWIND_G01,G,8/30/2026 3:46:00 PM,8/30/2026 3:50:00 PM,MAX_OPERATING_MW,7,
8/30/2026 3:50:00 PM,RTD,CLUZ,03TANWIND_G01,G,8/30/2026 3:46:00 PM,8/30/2026 3:50:00 PM,MIN_OPERATING_MW,7,
8/30/2026 3:50:00 PM,RTD,CLUZ,03TANWIND_G01,G,8/30/2026 3:51:00 PM,8/30/2026 3:55:00 PM,MAX_OPERATING_MW,7,
8/30/2026 3:50:00 PM,RTD,CLUZ,03TANWIND_G01,G,8/30/2026 3:51:00 PM,8/30/2026 3:55:00 PM,MIN_OPERATING_MW,7,
8/30/2026 3:50:00 PM,RTD,CVIS,04ISIDROSOL_G01,G,8/30/2026 3:01:00 PM,8/30/2026 4:00:00 PM,MAX_OPERATING_MW,55.10,
8/30/2026 3:50:00 PM,RTD,CVIS,04ISIDROSOL_G01,G,8/30/2026 3:01:00 PM,8/30/2026 4:00:00 PM,MIN_OPERATING_MW,55.10,
8/30/2026 3:50:00 PM,RTD,CVIS,08AJUYSOL_G01,G,8/30/2026 3:01:00 PM,8/30/2026 4:00:00 PM,MAX_OPERATING_MW,6.60,
8/30/2026 3:50:00 PM,RTD,CVIS,08AJUYSOL_G01,G,8/30/2026 3:01:00 PM,8/30/2026 4:00:00 PM,MIN_OPERATING_MW,6.60,
8/30/2026 3:50:00 PM,RTD,CVIS,08AJUYSOL_G02,G,8/30/2026 3:01:00 PM,8/30/2026 4:00:00 PM,MAX_OPERATING_MW,3.40,
8/30/2026 3:50:00 PM,RTD,CVIS,08AJUYSOL_G02,G,8/30/2026 3:01:00 PM,8/30/2026 4:00:00 PM,MIN_OPERATING_MW,3.40,
8/30/2026 3:50:00 PM,RTD,CMIN,10LIAN_G02,G,8/30/2026 12:05:00 AM,8/30/2026 11:59:00 PM,MAX_OPERATING_MW,0,
8/30/2026 3:50:00 PM,RTD,CMIN,10LIAN_G02,G,8/30/2026 12:05:00 AM,8/30/2026 11:59:00 PM,MIN_OPERATING_MW,0,
8/30/2026 3:50:00 PM,RTD,CMIN,14TANTASOL_G01,G,8/30/2026 3:01:00 PM,8/30/2026 4:00:00 PM,MAX_OPERATING_MW,10,
8/30/2026 3:50:00 PM,RTD,CMIN,14TANTASOL_G01,G,8/30/2026 3:01:00 PM,8/30/2026 4:00:00 PM,MIN_OPERATING_MW,0,
8/30/2026 3:55:00 PM,RTD,CLUZ,01BARBASOL_G01,G,8/30/2026 3:51:00 PM,8/30/2026 3:55:00 PM,MAX_OPERATING_MW,16.57,
8/30/2026 3:55:00 PM,RTD,CLUZ,01BARBASOL_G01,G,8/30/2026 3:51:00 PM,8/30/2026 3:55:00 PM,MIN_OPERATING_MW,16.57,
8/30/2026 3:55:00 PM,RTD,CLUZ,01BARBASOL_G01,G,8/30/2026 3:56:00 PM,8/30/2026 4:00:00 PM,MAX_OPERATING_MW,15.65,
8/30/2026 3:55:00 PM,RTD,CLUZ,01BARBASOL_G01,G,8/30/2026 3:56:00 PM,8/30/2026 4:00:00 PM,MIN_OPERATING_MW,15.65,
8/30/2026 3:55:00 PM,RTD,CLUZ,01BUGSOL_G01,G,8/30/2026 3:51:00 PM,8/30/2026 3:55:00 PM,MAX_OPERATING_MW,25.80,
8/30/2026 3:55:00 PM,RTD,CLUZ,01BUGSOL_G01,G,8/30/2026 3:51:00 PM,8/30/2026 3:55:00 PM,MIN_OPERATING_MW,25.80,
8/30/2026 3:55:00 PM,RTD,CLUZ,01BUGSOL_G01,G,8/30/2026 3:56:00 PM,8/30/2026 4:00:00 PM,MAX_OPERATING_MW,22.10,
8/30/2026 3:55:00 PM,RTD,CLUZ,01BUGSOL_G01,G,8/30/2026 3:56:00 PM,8/30/2026 4:00:00 PM,MIN_OPERATING_MW,22.10,
8/30/2026 3:55:00 PM,RTD,CLUZ,01BULACSOL_G01,G,8/30/2026 3:01:00 PM,8/30/2026 4:00:00 PM,MAX_OPERATING_MW,9.13,
8/30/2026 3:55:00 PM,RTD,CLUZ,01BULACSOL_G01,G,8/30/2026 3:01:00 PM,8/30/2026 4:00:00 PM,MIN_OPERATING_MW,9.13,
8/30/2026 3:55:00 PM,RTD,CLUZ,01CONSOL_G01,G,8/30/2026 3:51:00 PM,8/30/2026 3:55:00 PM,MAX_OPERATING_MW,22.58,
8/30/2026 3:55:00 PM,RTD,CLUZ,01CONSOL_G01,G,8/30/2026 3:51:00 PM,8/30/2026 3:55:00 PM,MIN_OPERATING_MW,22.58,
8/30/2026 3:55:00 PM,RTD,CLUZ,01CONSOL_G01,G,8/30/2026 3:56:00 PM,8/30/2026 4:00:00 PM,MAX_OPERATING_MW,21.74,
8/30/2026 3:55:00 PM,RTD,CLUZ,01CONSOL_G01,G,8/30/2026 3:56:00 PM,8/30/2026 4:00:00 PM,MIN_OPERATING_MW,21.74,
8/30/2026 3:55:00 PM,RTD,CLUZ,01PASBUSOL_G01,G,8/30/2026 3:01:00 PM,8/30/2026 4:00:00 PM,MAX_OPERATING_MW,21.82,
8/30/2026 3:55:00 PM,RTD,CLUZ,01PASBUSOL_G01,G,8/30/2026 3:01:00 PM,8/30/2026 4:00:00 PM,MIN_OPERATING_MW,21.82,
8/30/2026 3:55:00 PM,RTD,CLUZ,01TERRASOL_G01,G,8/30/2026 2:16:00 PM,8/30/2026 6:00:00 PM,MAX_OPERATING_MW,10,
8/30/2026 3:55:00 PM,RTD,CLUZ,01TERRASOL_G01,G,8/30/2026 2:16:00 PM,8/30/2026 6:00:00 PM,MIN_OPERATING_MW,10,
8/30/2026 3:55:00 PM,RTD,CLUZ,03LUNSOL_G01,G,8/30/2026 3:51:00 PM,8/30/2026 3:55:00 PM,MAX_OPERATING_MW,13.60,
8/30/2026 3:55:00 PM,RTD,CLUZ,03LUNSOL_G01,G,8/30/2026 3:51:00 PM,8/30/2026 3:55:00 PM,MIN_OPERATING_MW,13.60,
8/30/2026 3:55:00 PM,RTD,CLUZ,03LUNSOL_G01,G,8/30/2026 3:56:00 PM,8/30/2026 4:00:00 PM,MAX_OPERATING_MW,12.90,
8/30/2026 3:55:00 PM,RTD,CLUZ,03LUNSOL_G01,G,8/30/2026 3:56:00 PM,8/30/2026 4:00:00 PM,MIN_OPERATING_MW,12.90,
8/30/2026 3:55:00 PM,RTD,CLUZ,03TANWIND_G01,G,8/30/2026 3:51:00 PM,8/30/2026 3:55:00 PM,MAX_OPERATING_MW,7,
8/30/2026 3:55:00 PM,RTD,CLUZ,03TANWIND_G01,G,8/30/2026 3:51:00 PM,8/30/2026 3:55:00 PM,MIN_OPERATING_MW,7,
8/30/2026 3:55:00 PM,RTD,CLUZ,03TANWIND_G01,G,8/30/2026 3:56:00 PM,8/30/2026 4:00:00 PM,MAX_OPERATING_MW,7,
8/30/2026 3:55:00 PM,RTD,CLUZ,03TANWIND_G01,G,8/30/2026 3:56:00 PM,8/30/2026 4:00:00 PM,MIN_OPERATING_MW,7,
8/30/2026 3:55:00 PM,RTD,CVIS,04ISIDROSOL_G01,G,8/30/2026 3:01:00 PM,8/30/2026 4:00:00 PM,MAX_OPERATING_MW,55.10,
8/30/2026 3:55:00 PM,RTD,CVIS,04ISIDROSOL_G01,G,8/30/2026 3:01:00 PM,8/30/2026 4:00:00 PM,MIN_OPERATING_MW,55.10,
8/30/2026 3:55:00 PM,RTD,CVIS,08AJUYSOL_G01,G,8/30/2026 3:01:00 PM,8/30/2026 4:00:00 PM,MAX_OPERATING_MW,6.60,
8/30/2026 3:55:00 PM,RTD,CVIS,08AJUYSOL_G01,G,8/30/2026 3:01:00 PM,8/30/2026 4:00:00 PM,MIN_OPERATING_MW,6.60,
8/30/2026 3:55:00 PM,RTD,CVIS,08AJUYSOL_G02,G,8/30/2026 3:01:00 PM,8/30/2026 4:00:00 PM,MAX_OPERATING_MW,3.40,
8/30/2026 3:55:00 PM,RTD,CVIS,08AJUYSOL_G02,G,8/30/2026 3:01:00 PM,8/30/2026 4:00:00 PM,MIN_OPERATING_MW,3.40,
8/30/2026 3:55:00 PM,RTD,CMIN,10LIAN_G02,G,8/30/2026 12:05:00 AM,8/30/2026 11:59:00 PM,MAX_OPERATING_MW,0,
8/30/2026 3:55:00 PM,RTD,CMIN,10LIAN_G02,G,8/30/2026 12:05:00 AM,8/30/2026 11:59:00 PM,MIN_OPERATING_MW,0,
8/30/2026 3:55:00 PM,RTD,CMIN,14TANTASOL_G01,G,8/30/2026 3:01:00 PM,8/30/2026 4:00:00 PM,MAX_OPERATING_MW,10,
8/30/2026 3:55:00 PM,RTD,CMIN,14TANTASOL_G01,G,8/30/2026 3:01:00 PM,8/30/2026 4:00:00 PM,MIN_OPERATING_MW,0,
8/30/2026 4:00:00 PM,RTD,CLUZ,01BARBASOL_G01,G,8/30/2026 3:56:00 PM,8/30/2026 4:00:00 PM,MAX_OPERATING_MW,15.65,
8/30/2026 4:00:00 PM,RTD,CLUZ,01BARBASOL_G01,G,8/30/2026 3:56:00 PM,8/30/2026 4:00:00 PM,MIN_OPERATING_MW,15.65,
8/30/2026 4:00:00 PM,RTD,CLUZ,01BARBASOL_G01,G,8/30/2026 4:01:00 PM,8/30/2026 4:05:00 PM,MAX_OPERATING_MW,14.78,
8/30/2026 4:00:00 PM,RTD,CLUZ,01BARBASOL_G01,G,8/30/2026 4:01:00 PM,8/30/2026 4:05:00 PM,MIN_OPERATING_MW,14.78,
8/30/2026 4:00:00 PM,RTD,CLUZ,01BUGSOL_G01,G,8/30/2026 3:56:00 PM,8/30/2026 4:00:00 PM,MAX_OPERATING_MW,22.10,
8/30/2026 4:00:00 PM,RTD,CLUZ,01BUGSOL_G01,G,8/30/2026 3:56:00 PM,8/30/2026 4:00:00 PM,MIN_OPERATING_MW,22.10,
8/30/2026 4:00:00 PM,RTD,CLUZ,01BUGSOL_G01,G,8/30/2026 4:01:00 PM,8/30/2026 4:05:00 PM,MAX_OPERATING_MW,20.70,
8/30/2026 4:00:00 PM,RTD,CLUZ,01BUGSOL_G01,G,8/30/2026 4:01:00 PM,8/30/2026 4:05:00 PM,MIN_OPERATING_MW,20.70,
8/30/2026 4:00:00 PM,RTD,CLUZ,01BULACSOL_G01,G,8/30/2026 3:01:00 PM,8/30/2026 4:00:00 PM,MAX_OPERATING_MW,9.13,
8/30/2026 4:00:00 PM,RTD,CLUZ,01BULACSOL_G01,G,8/30/2026 3:01:00 PM,8/30/2026 4:00:00 PM,MIN_OPERATING_MW,9.13,
8/30/2026 4:00:00 PM,RTD,CLUZ,01BULACSOL_G01,G,8/30/2026 4:01:00 PM,8/30/2026 5:00:00 PM,MAX_OPERATING_MW,5.14,
8/30/2026 4:00:00 PM,RTD,CLUZ,01BULACSOL_G01,G,8/30/2026 4:01:00 PM,8/30/2026 5:00:00 PM,MIN_OPERATING_MW,5.14,
8/30/2026 4:00:00 PM,RTD,CLUZ,01CONSOL_G01,G,8/30/2026 3:56:00 PM,8/30/2026 4:00:00 PM,MAX_OPERATING_MW,21.74,
8/30/2026 4:00:00 PM,RTD,CLUZ,01CONSOL_G01,G,8/30/2026 3:56:00 PM,8/30/2026 4:00:00 PM,MIN_OPERATING_MW,21.74,
8/30/2026 4:00:00 PM,RTD,CLUZ,01CONSOL_G01,G,8/30/2026 4:01:00 PM,8/30/2026 4:05:00 PM,MAX_OPERATING_MW,20.87,
8/30/2026 4:00:00 PM,RTD,CLUZ,01CONSOL_G01,G,8/30/2026 4:01:00 PM,8/30/2026 4:05:00 PM,MIN_OPERATING_MW,20.87,
8/30/2026 4:00:00 PM,RTD,CLUZ,01PASBUSOL_G01,G,8/30/2026 3:01:00 PM,8/30/2026 4:00:00 PM,MAX_OPERATING_MW,21.82,
8/30/2026 4:00:00 PM,RTD,CLUZ,01PASBUSOL_G01,G,8/30/2026 3:01:00 PM,8/30/2026 4:00:00 PM,MIN_OPERATING_MW,21.82,
8/30/2026 4:00:00 PM,RTD,CLUZ,01PASBUSOL_G01,G,8/30/2026 4:01:00 PM,8/30/2026 5:00:00 PM,MAX_OPERATING_MW,11.79,
8/30/2026 4:00:00 PM,RTD,CLUZ,01PASBUSOL_G01,G,8/30/2026 4:01:00 PM,8/30/2026 5:00:00 PM,MIN_OPERATING_MW,11.79,
8/30/2026 4:00:00 PM,RTD,CLUZ,01TERRASOL_G01,G,8/30/2026 2:16:00 PM,8/30/2026 6:00:00 PM,MAX_OPERATING_MW,10,
8/30/2026 4:00:00 PM,RTD,CLUZ,01TERRASOL_G01,G,8/30/2026 2:16:00 PM,8/30/2026 6:00:00 PM,MIN_OPERATING_MW,10,
8/30/2026 4:00:00 PM,RTD,CLUZ,03LUNSOL_G01,G,8/30/2026 3:56:00 PM,8/30/2026 4:00:00 PM,MAX_OPERATING_MW,12.90,
8/30/2026 4:00:00 PM,RTD,CLUZ,03LUNSOL_G01,G,8/30/2026 3:56:00 PM,8/30/2026 4:00:00 PM,MIN_OPERATING_MW,12.90,
8/30/2026 4:00:00 PM,RTD,CLUZ,03LUNSOL_G01,G,8/30/2026 4:01:00 PM,8/30/2026 4:05:00 PM,MAX_OPERATING_MW,12.19,
8/30/2026 4:00:00 PM,RTD,CLUZ,03LUNSOL_G01,G,8/30/2026 4:01:00 PM,8/30/2026 4:05:00 PM,MIN_OPERATING_MW,12.19,
8/30/2026 4:00:00 PM,RTD,CLUZ,03TANWIND_G01,G,8/30/2026 3:56:00 PM,8/30/2026 4:00:00 PM,MAX_OPERATING_MW,7,
8/30/2026 4:00:00 PM,RTD,CLUZ,03TANWIND_G01,G,8/30/2026 3:56:00 PM,8/30/2026 4:00:00 PM,MIN_OPERATING_MW,7,
8/30/2026 4:00:00 PM,RTD,CLUZ,03TANWIND_G01,G,8/30/2026 4:01:00 PM,8/30/2026 4:05:00 PM,MAX_OPERATING_MW,7,
8/30/2026 4:00:00 PM,RTD,CLUZ,03TANWIND_G01,G,8/30/2026 4:01:00 PM,8/30/2026 4:05:00 PM,MIN_OPERATING_MW,7,
8/30/2026 4:00:00 PM,RTD,CVIS,04ISIDROSOL_G01,G,8/30/2026 3:01:00 PM,8/30/2026 4:00:00 PM,MAX_OPERATING_MW,55.10,
8/30/2026 4:00:00 PM,RTD,CVIS,04ISIDROSOL_G01,G,8/30/2026 3:01:00 PM,8/30/2026 4:00:00 PM,MIN_OPERATING_MW,55.10,
8/30/2026 4:00:00 PM,RTD,CVIS,04ISIDROSOL_G01,G,8/30/2026 4:01:00 PM,8/30/2026 5:00:00 PM,MAX_OPERATING_MW,26.40,
8/30/2026 4:00:00 PM,RTD,CVIS,04ISIDROSOL_G01,G,8/30/2026 4:01:00 PM,8/30/2026 5:00:00 PM,MIN_OPERATING_MW,26.40,
8/30/2026 4:00:00 PM,RTD,CVIS,08AJUYSOL_G01,G,8/30/2026 3:01:00 PM,8/30/2026 4:00:00 PM,MAX_OPERATING_MW,6.60,
8/30/2026 4:00:00 PM,RTD,CVIS,08AJUYSOL_G01,G,8/30/2026 3:01:00 PM,8/30/2026 4:00:00 PM,MIN_OPERATING_MW,6.60,
8/30/2026 4:00:00 PM,RTD,CVIS,08AJUYSOL_G01,G,8/30/2026 4:01:00 PM,8/30/2026 5:00:00 PM,MAX_OPERATING_MW,6.60,
8/30/2026 4:00:00 PM,RTD,CVIS,08AJUYSOL_G01,G,8/30/2026 4:01:00 PM,8/30/2026 5:00:00 PM,MIN_OPERATING_MW,6.60,
8/30/2026 4:00:00 PM,RTD,CVIS,08AJUYSOL_G02,G,8/30/2026 3:01:00 PM,8/30/2026 4:00:00 PM,MAX_OPERATING_MW,3.40,
8/30/2026 4:00:00 PM,RTD,CVIS,08AJUYSOL_G02,G,8/30/2026 3:01:00 PM,8/30/2026 4:00:00 PM,MIN_OPERATING_MW,3.40,
8/30/2026 4:00:00 PM,RTD,CVIS,08AJUYSOL_G02,G,8/30/2026 4:01:00 PM,8/30/2026 5:00:00 PM,MAX_OPERATING_MW,3.40,
8/30/2026 4:00:00 PM,RTD,CVIS,08AJUYSOL_G02,G,8/30/2026 4:01:00 PM,8/30/2026 5:00:00 PM,MIN_OPERATING_MW,3.40,
8/30/2026 4:00:00 PM,RTD,CMIN,10LIAN_G02,G,8/30/2026 12:05:00 AM,8/30/2026 11:59:00 PM,MAX_OPERATING_MW,0,
8/30/2026 4:00:00 PM,RTD,CMIN,10LIAN_G02,G,8/30/2026 12:05:00 AM,8/30/2026 11:59:00 PM,MIN_OPERATING_MW,0,
8/30/2026 4:00:00 PM,RTD,CMIN,14TANTASOL_G01,G,8/30/2026 3:01:00 PM,8/30/2026 4:00:00 PM,MAX_OPERATING_MW,10,
8/30/2026 4:00:00 PM,RTD,CMIN,14TANTASOL_G01,G,8/30/2026 3:01:00 PM,8/30/2026 4:00:00 PM,MIN_OPERATING_MW,0,
8/30/2026 4:00:00 PM,RTD,CMIN,14TANTASOL_G01,G,8/30/2026 4:01:00 PM,8/30/2026 5:00:00 PM,MAX_OPERATING_MW,7,
8/30/2026 4:00:00 PM,RTD,CMIN,14TANTASOL_G01,G,8/30/2026 4:01:00 PM,8/30/2026 5:00:00 PM,MIN_OPERATING_MW,1,
8/30/2026 4:05:00 PM,RTD,CLUZ,01BARBASOL_G01,G,8/30/2026 4:01:00 PM,8/30/2026 4:05:00 PM,MAX_OPERATING_MW,14.78,
8/30/2026 4:05:00 PM,RTD,CLUZ,01BARBASOL_G01,G,8/30/2026 4:01:00 PM,8/30/2026 4:05:00 PM,MIN_OPERATING_MW,14.78,
8/30/2026 4:05:00 PM,RTD,CLUZ,01BARBASOL_G01,G,8/30/2026 4:06:00 PM,8/30/2026 4:10:00 PM,MAX_OPERATING_MW,13.96,
8/30/2026 4:05:00 PM,RTD,CLUZ,01BARBASOL_G01,G,8/30/2026 4:06:00 PM,8/30/2026 4:10:00 PM,MIN_OPERATING_MW,13.96,
8/30/2026 4:05:00 PM,RTD,CLUZ,01BUGSOL_G01,G,8/30/2026 4:01:00 PM,8/30/2026 4:05:00 PM,MAX_OPERATING_MW,20.70,
8/30/2026 4:05:00 PM,RTD,CLUZ,01BUGSOL_G01,G,8/30/2026 4:01:00 PM,8/30/2026 4:05:00 PM,MIN_OPERATING_MW,20.70,
8/30/2026 4:05:00 PM,RTD,CLUZ,01BUGSOL_G01,G,8/30/2026 4:06:00 PM,8/30/2026 4:10:00 PM,MAX_OPERATING_MW,16,
8/30/2026 4:05:00 PM,RTD,CLUZ,01BUGSOL_G01,G,8/30/2026 4:06:00 PM,8/30/2026 4:10:00 PM,MIN_OPERATING_MW,16,
8/30/2026 4:05:00 PM,RTD,CLUZ,01BULACSOL_G01,G,8/30/2026 4:01:00 PM,8/30/2026 5:00:00 PM,MAX_OPERATING_MW,5.14,
8/30/2026 4:05:00 PM,RTD,CLUZ,01BULACSOL_G01,G,8/30/2026 4:01:00 PM,8/30/2026 5:00:00 PM,MIN_OPERATING_MW,5.14,
8/30/2026 4:05:00 PM,RTD,CLUZ,01CONSOL_G01,G,8/30/2026 4:01:00 PM,8/30/2026 4:05:00 PM,MAX_OPERATING_MW,20.87,
8/30/2026 4:05:00 PM,RTD,CLUZ,01CONSOL_G01,G,8/30/2026 4:01:00 PM,8/30/2026 4:05:00 PM,MIN_OPERATING_MW,20.87,
8/30/2026 4:05:00 PM,RTD,CLUZ,01CONSOL_G01,G,8/30/2026 4:06:00 PM,8/30/2026 4:10:00 PM,MAX_OPERATING_MW,19.98,
8/30/2026 4:05:00 PM,RTD,CLUZ,01CONSOL_G01,G,8/30/2026 4:06:00 PM,8/30/2026 4:10:00 PM,MIN_OPERATING_MW,19.98,
8/30/2026 4:05:00 PM,RTD,CLUZ,01PASBUSOL_G01,G,8/30/2026 4:01:00 PM,8/30/2026 5:00:00 PM,MAX_OPERATING_MW,11.79,
8/30/2026 4:05:00 PM,RTD,CLUZ,01PASBUSOL_G01,G,8/30/2026 4:01:00 PM,8/30/2026 5:00:00 PM,MIN_OPERATING_MW,11.79,
8/30/2026 4:05:00 PM,RTD,CLUZ,01TERRASOL_G01,G,8/30/2026 2:16:00 PM,8/30/2026 6:00:00 PM,MAX_OPERATING_MW,10,
8/30/2026 4:05:00 PM,RTD,CLUZ,01TERRASOL_G01,G,8/30/2026 2:16:00 PM,8/30/2026 6:00:00 PM,MIN_OPERATING_MW,10,
8/30/2026 4:05:00 PM,RTD,CLUZ,03LUNSOL_G01,G,8/30/2026 4:01:00 PM,8/30/2026 4:05:00 PM,MAX_OPERATING_MW,12.19,
8/30/2026 4:05:00 PM,RTD,CLUZ,03LUNSOL_G01,G,8/30/2026 4:01:00 PM,8/30/2026 4:05:00 PM,MIN_OPERATING_MW,12.19,
8/30/2026 4:05:00 PM,RTD,CLUZ,03LUNSOL_G01,G,8/30/2026 4:06:00 PM,8/30/2026 4:10:00 PM,MAX_OPERATING_MW,11.44,
8/30/2026 4:05:00 PM,RTD,CLUZ,03LUNSOL_G01,G,8/30/2026 4:06:00 PM,8/30/2026 4:10:00 PM,MIN_OPERATING_MW,11.44,
8/30/2026 4:05:00 PM,RTD,CLUZ,03TANWIND_G01,G,8/30/2026 4:01:00 PM,8/30/2026 4:05:00 PM,MAX_OPERATING_MW,7,
8/30/2026 4:05:00 PM,RTD,CLUZ,03TANWIND_G01,G,8/30/2026 4:01:00 PM,8/30/2026 4:05:00 PM,MIN_OPERATING_MW,7,
8/30/2026 4:05:00 PM,RTD,CLUZ,03TANWIND_G01,G,8/30/2026 4:06:00 PM,8/30/2026 4:10:00 PM,MAX_OPERATING_MW,7,
8/30/2026 4:05:00 PM,RTD,CLUZ,03TANWIND_G01,G,8/30/2026 4:06:00 PM,8/30/2026 4:10:00 PM,MIN_OPERATING_MW,7,
8/30/2026 4:05:00 PM,RTD,CVIS,04ISIDROSOL_G01,G,8/30/2026 4:01:00 PM,8/30/2026 5:00:00 PM,MAX_OPERATING_MW,26.40,
8/30/2026 4:05:00 PM,RTD,CVIS,04ISIDROSOL_G01,G,8/30/2026 4:01:00 PM,8/30/2026 5:00:00 PM,MIN_OPERATING_MW,26.40,
8/30/2026 4:05:00 PM,RTD,CVIS,08AJUYSOL_G01,G,8/30/2026 4:01:00 PM,8/30/2026 5:00:00 PM,MAX_OPERATING_MW,6.60,
8/30/2026 4:05:00 PM,RTD,CVIS,08AJUYSOL_G01,G,8/30/2026 4:01:00 PM,8/30/2026 5:00:00 PM,MIN_OPERATING_MW,6.60,
8/30/2026 4:05:00 PM,RTD,CVIS,08AJUYSOL_G02,G,8/30/2026 4:01:00 PM,8/30/2026 5:00:00 PM,MAX_OPERATING_MW,3.40,
8/30/2026 4:05:00 PM,RTD,CVIS,08AJUYSOL_G02,G,8/30/2026 4:01:00 PM,8/30/2026 5:00:00 PM,MIN_OPERATING_MW,3.40,
8/30/2026 4:05:00 PM,RTD,CMIN,10LIAN_G02,G,8/30/2026 12:05:00 AM,8/30/2026 11:59:00 PM,MAX_OPERATING_MW,0,
8/30/2026 4:05:00 PM,RTD,CMIN,10LIAN_G02,G,8/30/2026 12:05:00 AM,8/30/2026 11:59:00 PM,MIN_OPERATING_MW,0,
8/30/2026 4:05:00 PM,RTD,CMIN,14TANTASOL_G01,G,8/30/2026 4:01:00 PM,8/30/2026 5:00:00 PM,MAX_OPERATING_MW,7,
8/30/2026 4:05:00 PM,RTD,CMIN,14TANTASOL_G01,G,8/30/2026 4:01:00 PM,8/30/2026 5:00:00 PM,MIN_OPERATING_MW,1,
8/30/2026 4:10:00 PM,RTD,CLUZ,01BARBASOL_G01,G,8/30/2026 4:06:00 PM,8/30/2026 4:10:00 PM,MAX_OPERATING_MW,13.96,
8/30/2026 4:10:00 PM,RTD,CLUZ,01BARBASOL_G01,G,8/30/2026 4:06:00 PM,8/30/2026 4:10:00 PM,MIN_OPERATING_MW,13.96,
8/30/2026 4:10:00 PM,RTD,CLUZ,01BARBASOL_G01,G,8/30/2026 4:11:00 PM,8/30/2026 4:15:00 PM,MAX_OPERATING_MW,13.17,
8/30/2026 4:10:00 PM,RTD,CLUZ,01BARBASOL_G01,G,8/30/2026 4:11:00 PM,8/30/2026 4:15:00 PM,MIN_OPERATING_MW,13.17,
8/30/2026 4:10:00 PM,RTD,CLUZ,01BUGSOL_G01,G,8/30/2026 4:06:00 PM,8/30/2026 4:10:00 PM,MAX_OPERATING_MW,16,
8/30/2026 4:10:00 PM,RTD,CLUZ,01BUGSOL_G01,G,8/30/2026 4:06:00 PM,8/30/2026 4:10:00 PM,MIN_OPERATING_MW,16,
8/30/2026 4:10:00 PM,RTD,CLUZ,01BUGSOL_G01,G,8/30/2026 4:11:00 PM,8/30/2026 4:15:00 PM,MAX_OPERATING_MW,11.60,
8/30/2026 4:10:00 PM,RTD,CLUZ,01BUGSOL_G01,G,8/30/2026 4:11:00 PM,8/30/2026 4:15:00 PM,MIN_OPERATING_MW,11.60,
8/30/2026 4:10:00 PM,RTD,CLUZ,01BULACSOL_G01,G,8/30/2026 4:01:00 PM,8/30/2026 5:00:00 PM,MAX_OPERATING_MW,5.14,
8/30/2026 4:10:00 PM,RTD,CLUZ,01BULACSOL_G01,G,8/30/2026 4:01:00 PM,8/30/2026 5:00:00 PM,MIN_OPERATING_MW,5.14,
8/30/2026 4:10:00 PM,RTD,CLUZ,01CONSOL_G01,G,8/30/2026 4:06:00 PM,8/30/2026 4:10:00 PM,MAX_OPERATING_MW,19.98,
8/30/2026 4:10:00 PM,RTD,CLUZ,01CONSOL_G01,G,8/30/2026 4:06:00 PM,8/30/2026 4:10:00 PM,MIN_OPERATING_MW,19.98,
8/30/2026 4:10:00 PM,RTD,CLUZ,01CONSOL_G01,G,8/30/2026 4:11:00 PM,8/30/2026 4:15:00 PM,MAX_OPERATING_MW,19.07,
8/30/2026 4:10:00 PM,RTD,CLUZ,01CONSOL_G01,G,8/30/2026 4:11:00 PM,8/30/2026 4:15:00 PM,MIN_OPERATING_MW,19.07,
8/30/2026 4:10:00 PM,RTD,CLUZ,01PASBUSOL_G01,G,8/30/2026 4:01:00 PM,8/30/2026 5:00:00 PM,MAX_OPERATING_MW,11.79,
8/30/2026 4:10:00 PM,RTD,CLUZ,01PASBUSOL_G01,G,8/30/2026 4:01:00 PM,8/30/2026 5:00:00 PM,MIN_OPERATING_MW,11.79,
8/30/2026 4:10:00 PM,RTD,CLUZ,01TERRASOL_G01,G,8/30/2026 2:16:00 PM,8/30/2026 6:00:00 PM,MAX_OPERATING_MW,10,
8/30/2026 4:10:00 PM,RTD,CLUZ,01TERRASOL_G01,G,8/30/2026 2:16:00 PM,8/30/2026 6:00:00 PM,MIN_OPERATING_MW,10,
8/30/2026 4:10:00 PM,RTD,CLUZ,03LUNSOL_G01,G,8/30/2026 4:06:00 PM,8/30/2026 4:10:00 PM,MAX_OPERATING_MW,11.44,
8/30/2026 4:10:00 PM,RTD,CLUZ,03LUNSOL_G01,G,8/30/2026 4:06:00 PM,8/30/2026 4:10:00 PM,MIN_OPERATING_MW,11.44,
8/30/2026 4:10:00 PM,RTD,CLUZ,03LUNSOL_G01,G,8/30/2026 4:11:00 PM,8/30/2026 4:15:00 PM,MAX_OPERATING_MW,10.66,
8/30/2026 4:10:00 PM,RTD,CLUZ,03LUNSOL_G01,G,8/30/2026 4:11:00 PM,8/30/2026 4:15:00 PM,MIN_OPERATING_MW,10.66,
8/30/2026 4:10:00 PM,RTD,CLUZ,03TANWIND_G01,G,8/30/2026 4:06:00 PM,8/30/2026 4:10:00 PM,MAX_OPERATING_MW,7,
8/30/2026 4:10:00 PM,RTD,CLUZ,03TANWIND_G01,G,8/30/2026 4:06:00 PM,8/30/2026 4:10:00 PM,MIN_OPERATING_MW,7,
8/30/2026 4:10:00 PM,RTD,CLUZ,03TANWIND_G01,G,8/30/2026 4:11:00 PM,8/30/2026 4:15:00 PM,MAX_OPERATING_MW,7,
8/30/2026 4:10:00 PM,RTD,CLUZ,03TANWIND_G01,G,8/30/2026 4:11:00 PM,8/30/2026 4:15:00 PM,MIN_OPERATING_MW,7,
8/30/2026 4:10:00 PM,RTD,CVIS,04ISIDROSOL_G01,G,8/30/2026 4:01:00 PM,8/30/2026 5:00:00 PM,MAX_OPERATING_MW,26.40,
8/30/2026 4:10:00 PM,RTD,CVIS,04ISIDROSOL_G01,G,8/30/2026 4:01:00 PM,8/30/2026 5:00:00 PM,MIN_OPERATING_MW,26.40,
8/30/2026 4:10:00 PM,RTD,CVIS,08AJUYSOL_G01,G,8/30/2026 4:01:00 PM,8/30/2026 5:00:00 PM,MAX_OPERATING_MW,6.60,
8/30/2026 4:10:00 PM,RTD,CVIS,08AJUYSOL_G01,G,8/30/2026 4:01:00 PM,8/30/2026 5:00:00 PM,MIN_OPERATING_MW,6.60,
8/30/2026 4:10:00 PM,RTD,CVIS,08AJUYSOL_G02,G,8/30/2026 4:01:00 PM,8/30/2026 5:00:00 PM,MAX_OPERATING_MW,3.40,
8/30/2026 4:10:00 PM,RTD,CVIS,08AJUYSOL_G02,G,8/30/2026 4:01:00 PM,8/30/2026 5:00:00 PM,MIN_OPERATING_MW,3.40,
8/30/2026 4:10:00 PM,RTD,CMIN,10LIAN_G02,G,8/30/2026 12:05:00 AM,8/30/2026 11:59:00 PM,MAX_OPERATING_MW,0,
8/30/2026 4:10:00 PM,RTD,CMIN,10LIAN_G02,G,8/30/2026 12:05:00 AM,8/30/2026 11:59:00 PM,MIN_OPERATING_MW,0,
8/30/2026 4:10:00 PM,RTD,CMIN,14TANTASOL_G01,G,8/30/2026 4:01:00 PM,8/30/2026 5:00:00 PM,MAX_OPERATING_MW,7,
8/30/2026 4:10:00 PM,RTD,CMIN,14TANTASOL_G01,G,8/30/2026 4:01:00 PM,8/30/2026 5:00:00 PM,MIN_OPERATING_MW,1,
8/30/2026 4:15:00 PM,RTD,CLUZ,01BARBASOL_G01,G,8/30/2026 4:11:00 PM,8/30/2026 4:15:00 PM,MAX_OPERATING_MW,13.17,
8/30/2026 4:15:00 PM,RTD,CLUZ,01BARBASOL_G01,G,8/30/2026 4:11:00 PM,8/30/2026 4:15:00 PM,MIN_OPERATING_MW,13.17,
8/30/2026 4:15:00 PM,RTD,CLUZ,01BARBASOL_G01,G,8/30/2026 4:16:00 PM,8/30/2026 4:20:00 PM,MAX_OPERATING_MW,12.38,
8/30/2026 4:15:00 PM,RTD,CLUZ,01BARBASOL_G01,G,8/30/2026 4:16:00 PM,8/30/2026 4:20:00 PM,MIN_OPERATING_MW,12.38,
8/30/2026 4:15:00 PM,RTD,CLUZ,01BUGSOL_G01,G,8/30/2026 4:11:00 PM,8/30/2026 4:15:00 PM,MAX_OPERATING_MW,11.60,
8/30/2026 4:15:00 PM,RTD,CLUZ,01BUGSOL_G01,G,8/30/2026 4:11:00 PM,8/30/2026 4:15:00 PM,MIN_OPERATING_MW,11.60,
8/30/2026 4:15:00 PM,RTD,CLUZ,01BUGSOL_G01,G,8/30/2026 4:16:00 PM,8/30/2026 4:20:00 PM,MAX_OPERATING_MW,7.60,
8/30/2026 4:15:00 PM,RTD,CLUZ,01BUGSOL_G01,G,8/30/2026 4:16:00 PM,8/30/2026 4:20:00 PM,MIN_OPERATING_MW,7.60,
8/30/2026 4:15:00 PM,RTD,CLUZ,01BULACSOL_G01,G,8/30/2026 4:01:00 PM,8/30/2026 5:00:00 PM,MAX_OPERATING_MW,5.14,
8/30/2026 4:15:00 PM,RTD,CLUZ,01BULACSOL_G01,G,8/30/2026 4:01:00 PM,8/30/2026 5:00:00 PM,MIN_OPERATING_MW,5.14,
8/30/2026 4:15:00 PM,RTD,CLUZ,01CONSOL_G01,G,8/30/2026 4:11:00 PM,8/30/2026 4:15:00 PM,MAX_OPERATING_MW,19.07,
8/30/2026 4:15:00 PM,RTD,CLUZ,01CONSOL_G01,G,8/30/2026 4:11:00 PM,8/30/2026 4:15:00 PM,MIN_OPERATING_MW,19.07,
8/30/2026 4:15:00 PM,RTD,CLUZ,01CONSOL_G01,G,8/30/2026 4:16:00 PM,8/30/2026 4:20:00 PM,MAX_OPERATING_MW,18.14,
8/30/2026 4:15:00 PM,RTD,CLUZ,01CONSOL_G01,G,8/30/2026 4:16:00 PM,8/30/2026 4:20:00 PM,MIN_OPERATING_MW,18.14,
8/30/2026 4:15:00 PM,RTD,CLUZ,01PASBUSOL_G01,G,8/30/2026 4:01:00 PM,8/30/2026 5:00:00 PM,MAX_OPERATING_MW,11.79,
8/30/2026 4:15:00 PM,RTD,CLUZ,01PASBUSOL_G01,G,8/30/2026 4:01:00 PM,8/30/2026 5:00:00 PM,MIN_OPERATING_MW,11.79,
8/30/2026 4:15:00 PM,RTD,CLUZ,01TERRASOL_G01,G,8/30/2026 2:16:00 PM,8/30/2026 6:00:00 PM,MAX_OPERATING_MW,10,
8/30/2026 4:15:00 PM,RTD,CLUZ,01TERRASOL_G01,G,8/30/2026 2:16:00 PM,8/30/2026 6:00:00 PM,MIN_OPERATING_MW,10,
8/30/2026 4:15:00 PM,RTD,CLUZ,03LUNSOL_G01,G,8/30/2026 4:11:00 PM,8/30/2026 4:15:00 PM,MAX_OPERATING_MW,10.66,
8/30/2026 4:15:00 PM,RTD,CLUZ,03LUNSOL_G01,G,8/30/2026 4:11:00 PM,8/30/2026 4:15:00 PM,MIN_OPERATING_MW,10.66,
8/30/2026 4:15:00 PM,RTD,CLUZ,03LUNSOL_G01,G,8/30/2026 4:16:00 PM,8/30/2026 4:20:00 PM,MAX_OPERATING_MW,9.87,
8/30/2026 4:15:00 PM,RTD,CLUZ,03LUNSOL_G01,G,8/30/2026 4:16:00 PM,8/30/2026 4:20:00 PM,MIN_OPERATING_MW,9.87,
8/30/2026 4:15:00 PM,RTD,CLUZ,03TANWIND_G01,G,8/30/2026 4:11:00 PM,8/30/2026 4:15:00 PM,MAX_OPERATING_MW,7,
8/30/2026 4:15:00 PM,RTD,CLUZ,03TANWIND_G01,G,8/30/2026 4:11:00 PM,8/30/2026 4:15:00 PM,MIN_OPERATING_MW,7,
8/30/2026 4:15:00 PM,RTD,CLUZ,03TANWIND_G01,G,8/30/2026 4:16:00 PM,8/30/2026 4:20:00 PM,MAX_OPERATING_MW,7,
8/30/2026 4:15:00 PM,RTD,CLUZ,03TANWIND_G01,G,8/30/2026 4:16:00 PM,8/30/2026 4:20:00 PM,MIN_OPERATING_MW,7,
8/30/2026 4:15:00 PM,RTD,CVIS,04ISIDROSOL_G01,G,8/30/2026 4:01:00 PM,8/30/2026 5:00:00 PM,MAX_OPERATING_MW,26.40,
8/30/2026 4:15:00 PM,RTD,CVIS,04ISIDROSOL_G01,G,8/30/2026 4:01:00 PM,8/30/2026 5:00:00 PM,MIN_OPERATING_MW,26.40,
8/30/2026 4:15:00 PM,RTD,CVIS,08AJUYSOL_G01,G,8/30/2026 4:01:00 PM,8/30/2026 5:00:00 PM,MAX_OPERATING_MW,6.60,
8/30/2026 4:15:00 PM,RTD,CVIS,08AJUYSOL_G01,G,8/30/2026 4:01:00 PM,8/30/2026 5:00:00 PM,MIN_OPERATING_MW,6.60,
8/30/2026 4:15:00 PM,RTD,CVIS,08AJUYSOL_G02,G,8/30/2026 4:01:00 PM,8/30/2026 5:00:00 PM,MAX_OPERATING_MW,3.40,
8/30/2026 4:15:00 PM,RTD,CVIS,08AJUYSOL_G02,G,8/30/2026 4:01:00 PM,8/30/2026 5:00:00 PM,MIN_OPERATING_MW,3.40,
8/30/2026 4:15:00 PM,RTD,CMIN,10LIAN_G02,G,8/30/2026 12:05:00 AM,8/30/2026 11:59:00 PM,MAX_OPERATING_MW,5.20,
8/30/2026 4:15:00 PM,RTD,CMIN,10LIAN_G02,G,8/30/2026 12:05:00 AM,8/30/2026 11:59:00 PM,MIN_OPERATING_MW,0,
8/30/2026 4:15:00 PM,RTD,CMIN,14TANTASOL_G01,G,8/30/2026 4:01:00 PM,8/30/2026 5:00:00 PM,MAX_OPERATING_MW,7,
8/30/2026 4:15:00 PM,RTD,CMIN,14TANTASOL_G01,G,8/30/2026 4:01:00 PM,8/30/2026 5:00:00 PM,MIN_OPERATING_MW,1,
8/30/2026 4:20:00 PM,RTD,CLUZ,01BARBASOL_G01,G,8/30/2026 4:16:00 PM,8/30/2026 4:20:00 PM,MAX_OPERATING_MW,12.38,
8/30/2026 4:20:00 PM,RTD,CLUZ,01BARBASOL_G01,G,8/30/2026 4:16:00 PM,8/30/2026 4:20:00 PM,MIN_OPERATING_MW,12.38,
8/30/2026 4:20:00 PM,RTD,CLUZ,01BARBASOL_G01,G,8/30/2026 4:21:00 PM,8/30/2026 4:25:00 PM,MAX_OPERATING_MW,11.61,
8/30/2026 4:20:00 PM,RTD,CLUZ,01BARBASOL_G01,G,8/30/2026 4:21:00 PM,8/30/2026 4:25:00 PM,MIN_OPERATING_MW,11.61,
8/30/2026 4:20:00 PM,RTD,CLUZ,01BUGSOL_G01,G,8/30/2026 4:16:00 PM,8/30/2026 4:20:00 PM,MAX_OPERATING_MW,7.60,
8/30/2026 4:20:00 PM,RTD,CLUZ,01BUGSOL_G01,G,8/30/2026 4:16:00 PM,8/30/2026 4:20:00 PM,MIN_OPERATING_MW,7.60,
8/30/2026 4:20:00 PM,RTD,CLUZ,01BUGSOL_G01,G,8/30/2026 4:21:00 PM,8/30/2026 4:25:00 PM,MAX_OPERATING_MW,5.20,
8/30/2026 4:20:00 PM,RTD,CLUZ,01BUGSOL_G01,G,8/30/2026 4:21:00 PM,8/30/2026 4:25:00 PM,MIN_OPERATING_MW,5.20,
8/30/2026 4:20:00 PM,RTD,CLUZ,01BULACSOL_G01,G,8/30/2026 4:01:00 PM,8/30/2026 5:00:00 PM,MAX_OPERATING_MW,5.14,
8/30/2026 4:20:00 PM,RTD,CLUZ,01BULACSOL_G01,G,8/30/2026 4:01:00 PM,8/30/2026 5:00:00 PM,MIN_OPERATING_MW,5.14,
8/30/2026 4:20:00 PM,RTD,CLUZ,01CONSOL_G01,G,8/30/2026 4:16:00 PM,8/30/2026 4:20:00 PM,MAX_OPERATING_MW,18.14,
8/30/2026 4:20:00 PM,RTD,CLUZ,01CONSOL_G01,G,8/30/2026 4:16:00 PM,8/30/2026 4:20:00 PM,MIN_OPERATING_MW,18.14,
8/30/2026 4:20:00 PM,RTD,CLUZ,01CONSOL_G01,G,8/30/2026 4:21:00 PM,8/30/2026 4:25:00 PM,MAX_OPERATING_MW,17.19,
8/30/2026 4:20:00 PM,RTD,CLUZ,01CONSOL_G01,G,8/30/2026 4:21:00 PM,8/30/2026 4:25:00 PM,MIN_OPERATING_MW,17.19,
8/30/2026 4:20:00 PM,RTD,CLUZ,01PASBUSOL_G01,G,8/30/2026 4:01:00 PM,8/30/2026 5:00:00 PM,MAX_OPERATING_MW,11.79,
8/30/2026 4:20:00 PM,RTD,CLUZ,01PASBUSOL_G01,G,8/30/2026 4:01:00 PM,8/30/2026 5:00:00 PM,MIN_OPERATING_MW,11.79,
8/30/2026 4:20:00 PM,RTD,CLUZ,01TERRASOL_G01,G,8/30/2026 2:16:00 PM,8/30/2026 6:00:00 PM,MAX_OPERATING_MW,10,
8/30/2026 4:20:00 PM,RTD,CLUZ,01TERRASOL_G01,G,8/30/2026 2:16:00 PM,8/30/2026 6:00:00 PM,MIN_OPERATING_MW,10,
8/30/2026 4:20:00 PM,RTD,CLUZ,03LUNSOL_G01,G,8/30/2026 4:16:00 PM,8/30/2026 4:20:00 PM,MAX_OPERATING_MW,9.87,
8/30/2026 4:20:00 PM,RTD,CLUZ,03LUNSOL_G01,G,8/30/2026 4:16:00 PM,8/30/2026 4:20:00 PM,MIN_OPERATING_MW,9.87,
8/30/2026 4:20:00 PM,RTD,CLUZ,03LUNSOL_G01,G,8/30/2026 4:21:00 PM,8/30/2026 4:25:00 PM,MAX_OPERATING_MW,9.06,
8/30/2026 4:20:00 PM,RTD,CLUZ,03LUNSOL_G01,G,8/30/2026 4:21:00 PM,8/30/2026 4:25:00 PM,MIN_OPERATING_MW,9.06,
8/30/2026 4:20:00 PM,RTD,CLUZ,03TANWIND_G01,G,8/30/2026 4:16:00 PM,8/30/2026 4:20:00 PM,MAX_OPERATING_MW,7,
8/30/2026 4:20:00 PM,RTD,CLUZ,03TANWIND_G01,G,8/30/2026 4:16:00 PM,8/30/2026 4:20:00 PM,MIN_OPERATING_MW,7,
8/30/2026 4:20:00 PM,RTD,CLUZ,03TANWIND_G01,G,8/30/2026 4:21:00 PM,8/30/2026 4:25:00 PM,MAX_OPERATING_MW,7,
8/30/2026 4:20:00 PM,RTD,CLUZ,03TANWIND_G01,G,8/30/2026 4:21:00 PM,8/30/2026 4:25:00 PM,MIN_OPERATING_MW,7,
8/30/2026 4:20:00 PM,RTD,CVIS,04ISIDROSOL_G01,G,8/30/2026 4:01:00 PM,8/30/2026 5:00:00 PM,MAX_OPERATING_MW,26.40,
8/30/2026 4:20:00 PM,RTD,CVIS,04ISIDROSOL_G01,G,8/30/2026 4:01:00 PM,8/30/2026 5:00:00 PM,MIN_OPERATING_MW,26.40,
8/30/2026 4:20:00 PM,RTD,CVIS,08AJUYSOL_G01,G,8/30/2026 4:01:00 PM,8/30/2026 5:00:00 PM,MAX_OPERATING_MW,6.60,
8/30/2026 4:20:00 PM,RTD,CVIS,08AJUYSOL_G01,G,8/30/2026 4:01:00 PM,8/30/2026 5:00:00 PM,MIN_OPERATING_MW,6.60,
8/30/2026 4:20:00 PM,RTD,CVIS,08AJUYSOL_G02,G,8/30/2026 4:01:00 PM,8/30/2026 5:00:00 PM,MAX_OPERATING_MW,3.40,
8/30/2026 4:20:00 PM,RTD,CVIS,08AJUYSOL_G02,G,8/30/2026 4:01:00 PM,8/30/2026 5:00:00 PM,MIN_OPERATING_MW,3.40,
8/30/2026 4:20:00 PM,RTD,CMIN,10LIAN_G02,G,8/30/2026 12:05:00 AM,8/30/2026 11:59:00 PM,MAX_OPERATING_MW,5.20,
8/30/2026 4:20:00 PM,RTD,CMIN,10LIAN_G02,G,8/30/2026 12:05:00 AM,8/30/2026 11:59:00 PM,MIN_OPERATING_MW,0,
8/30/2026 4:20:00 PM,RTD,CMIN,14TANTASOL_G01,G,8/30/2026 4:01:00 PM,8/30/2026 5:00:00 PM,MAX_OPERATING_MW,7,
8/30/2026 4:20:00 PM,RTD,CMIN,14TANTASOL_G01,G,8/30/2026 4:01:00 PM,8/30/2026 5:00:00 PM,MIN_OPERATING_MW,1,
8/30/2026 4:25:00 PM,RTD,CLUZ,01BARBASOL_G01,G,8/30/2026 4:21:00 PM,8/30/2026 4:25:00 PM,MAX_OPERATING_MW,11.61,
8/30/2026 4:25:00 PM,RTD,CLUZ,01BARBASOL_G01,G,8/30/2026 4:21:00 PM,8/30/2026 4:25:00 PM,MIN_OPERATING_MW,11.61,
8/30/2026 4:25:00 PM,RTD,CLUZ,01BARBASOL_G01,G,8/30/2026 4:26:00 PM,8/30/2026 4:30:00 PM,MAX_OPERATING_MW,10.85,
8/30/2026 4:25:00 PM,RTD,CLUZ,01BARBASOL_G01,G,8/30/2026 4:26:00 PM,8/30/2026 4:30:00 PM,MIN_OPERATING_MW,10.85,
8/30/2026 4:25:00 PM,RTD,CLUZ,01BUGSOL_G01,G,8/30/2026 4:21:00 PM,8/30/2026 4:25:00 PM,MAX_OPERATING_MW,5.20,
8/30/2026 4:25:00 PM,RTD,CLUZ,01BUGSOL_G01,G,8/30/2026 4:21:00 PM,8/30/2026 4:25:00 PM,MIN_OPERATING_MW,5.20,
8/30/2026 4:25:00 PM,RTD,CLUZ,01BUGSOL_G01,G,8/30/2026 4:26:00 PM,8/30/2026 4:30:00 PM,MAX_OPERATING_MW,3,
8/30/2026 4:25:00 PM,RTD,CLUZ,01BUGSOL_G01,G,8/30/2026 4:26:00 PM,8/30/2026 4:30:00 PM,MIN_OPERATING_MW,3,
8/30/2026 4:25:00 PM,RTD,CLUZ,01BULACSOL_G01,G,8/30/2026 4:01:00 PM,8/30/2026 5:00:00 PM,MAX_OPERATING_MW,5.14,
8/30/2026 4:25:00 PM,RTD,CLUZ,01BULACSOL_G01,G,8/30/2026 4:01:00 PM,8/30/2026 5:00:00 PM,MIN_OPERATING_MW,5.14,
8/30/2026 4:25:00 PM,RTD,CLUZ,01CONSOL_G01,G,8/30/2026 4:21:00 PM,8/30/2026 4:25:00 PM,MAX_OPERATING_MW,17.19,
8/30/2026 4:25:00 PM,RTD,CLUZ,01CONSOL_G01,G,8/30/2026 4:21:00 PM,8/30/2026 4:25:00 PM,MIN_OPERATING_MW,17.19,
8/30/2026 4:25:00 PM,RTD,CLUZ,01CONSOL_G01,G,8/30/2026 4:26:00 PM,8/30/2026 4:30:00 PM,MAX_OPERATING_MW,16.01,
8/30/2026 4:25:00 PM,RTD,CLUZ,01CONSOL_G01,G,8/30/2026 4:26:00 PM,8/30/2026 4:30:00 PM,MIN_OPERATING_MW,16.01,
8/30/2026 4:25:00 PM,RTD,CLUZ,01PASBUSOL_G01,G,8/30/2026 4:01:00 PM,8/30/2026 5:00:00 PM,MAX_OPERATING_MW,11.79,
8/30/2026 4:25:00 PM,RTD,CLUZ,01PASBUSOL_G01,G,8/30/2026 4:01:00 PM,8/30/2026 5:00:00 PM,MIN_OPERATING_MW,11.79,
8/30/2026 4:25:00 PM,RTD,CLUZ,01TERRASOL_G01,G,8/30/2026 2:16:00 PM,8/30/2026 6:00:00 PM,MAX_OPERATING_MW,10,
8/30/2026 4:25:00 PM,RTD,CLUZ,01TERRASOL_G01,G,8/30/2026 2:16:00 PM,8/30/2026 6:00:00 PM,MIN_OPERATING_MW,10,
8/30/2026 4:25:00 PM,RTD,CLUZ,03LUNSOL_G01,G,8/30/2026 4:21:00 PM,8/30/2026 4:25:00 PM,MAX_OPERATING_MW,9.06,
8/30/2026 4:25:00 PM,RTD,CLUZ,03LUNSOL_G01,G,8/30/2026 4:21:00 PM,8/30/2026 4:25:00 PM,MIN_OPERATING_MW,9.06,
8/30/2026 4:25:00 PM,RTD,CLUZ,03LUNSOL_G01,G,8/30/2026 4:26:00 PM,8/30/2026 4:30:00 PM,MAX_OPERATING_MW,8.25,
8/30/2026 4:25:00 PM,RTD,CLUZ,03LUNSOL_G01,G,8/30/2026 4:26:00 PM,8/30/2026 4:30:00 PM,MIN_OPERATING_MW,8.25,
8/30/2026 4:25:00 PM,RTD,CLUZ,03TANWIND_G01,G,8/30/2026 4:21:00 PM,8/30/2026 4:25:00 PM,MAX_OPERATING_MW,7,
8/30/2026 4:25:00 PM,RTD,CLUZ,03TANWIND_G01,G,8/30/2026 4:21:00 PM,8/30/2026 4:25:00 PM,MIN_OPERATING_MW,7,
8/30/2026 4:25:00 PM,RTD,CLUZ,03TANWIND_G01,G,8/30/2026 4:26:00 PM,8/30/2026 4:30:00 PM,MAX_OPERATING_MW,7,
8/30/2026 4:25:00 PM,RTD,CLUZ,03TANWIND_G01,G,8/30/2026 4:26:00 PM,8/30/2026 4:30:00 PM,MIN_OPERATING_MW,7,
8/30/2026 4:25:00 PM,RTD,CVIS,04ISIDROSOL_G01,G,8/30/2026 4:01:00 PM,8/30/2026 5:00:00 PM,MAX_OPERATING_MW,26.40,
8/30/2026 4:25:00 PM,RTD,CVIS,04ISIDROSOL_G01,G,8/30/2026 4:01:00 PM,8/30/2026 5:00:00 PM,MIN_OPERATING_MW,26.40,
8/30/2026 4:25:00 PM,RTD,CVIS,08AJUYSOL_G01,G,8/30/2026 4:01:00 PM,8/30/2026 5:00:00 PM,MAX_OPERATING_MW,6.60,
8/30/2026 4:25:00 PM,RTD,CVIS,08AJUYSOL_G01,G,8/30/2026 4:01:00 PM,8/30/2026 5:00:00 PM,MIN_OPERATING_MW,6.60,
8/30/2026 4:25:00 PM,RTD,CVIS,08AJUYSOL_G02,G,8/30/2026 4:01:00 PM,8/30/2026 5:00:00 PM,MAX_OPERATING_MW,3.40,
8/30/2026 4:25:00 PM,RTD,CVIS,08AJUYSOL_G02,G,8/30/2026 4:01:00 PM,8/30/2026 5:00:00 PM,MIN_OPERATING_MW,3.40,
8/30/2026 4:25:00 PM,RTD,CMIN,10LIAN_G02,G,8/30/2026 12:05:00 AM,8/30/2026 11:59:00 PM,MAX_OPERATING_MW,5.20,
8/30/2026 4:25:00 PM,RTD,CMIN,10LIAN_G02,G,8/30/2026 12:05:00 AM,8/30/2026 11:59:00 PM,MIN_OPERATING_MW,0,
8/30/2026 4:25:00 PM,RTD,CMIN,14TANTASOL_G01,G,8/30/2026 4:01:00 PM,8/30/2026 5:00:00 PM,MAX_OPERATING_MW,7,
8/30/2026 4:25:00 PM,RTD,CMIN,14TANTASOL_G01,G,8/30/2026 4:01:00 PM,8/30/2026 5:00:00 PM,MIN_OPERATING_MW,1,
8/30/2026 4:30:00 PM,RTD,CLUZ,01BARBASOL_G01,G,8/30/2026 4:26:00 PM,8/30/2026 4:30:00 PM,MAX_OPERATING_MW,10.85,
8/30/2026 4:30:00 PM,RTD,CLUZ,01BARBASOL_G01,G,8/30/2026 4:26:00 PM,8/30/2026 4:30:00 PM,MIN_OPERATING_MW,10.85,
8/30/2026 4:30:00 PM,RTD,CLUZ,01BARBASOL_G01,G,8/30/2026 4:31:00 PM,8/30/2026 4:35:00 PM,MAX_OPERATING_MW,10.11,
8/30/2026 4:30:00 PM,RTD,CLUZ,01BARBASOL_G01,G,8/30/2026 4:31:00 PM,8/30/2026 4:35:00 PM,MIN_OPERATING_MW,10.11,
8/30/2026 4:30:00 PM,RTD,CLUZ,01BUGSOL_G01,G,8/30/2026 4:26:00 PM,8/30/2026 4:30:00 PM,MAX_OPERATING_MW,3,
8/30/2026 4:30:00 PM,RTD,CLUZ,01BUGSOL_G01,G,8/30/2026 4:26:00 PM,8/30/2026 4:30:00 PM,MIN_OPERATING_MW,3,
8/30/2026 4:30:00 PM,RTD,CLUZ,01BUGSOL_G01,G,8/30/2026 4:31:00 PM,8/30/2026 4:35:00 PM,MAX_OPERATING_MW,3.30,
8/30/2026 4:30:00 PM,RTD,CLUZ,01BUGSOL_G01,G,8/30/2026 4:31:00 PM,8/30/2026 4:35:00 PM,MIN_OPERATING_MW,3.30,
8/30/2026 4:30:00 PM,RTD,CLUZ,01BULACSOL_G01,G,8/30/2026 4:01:00 PM,8/30/2026 5:00:00 PM,MAX_OPERATING_MW,5.14,
8/30/2026 4:30:00 PM,RTD,CLUZ,01BULACSOL_G01,G,8/30/2026 4:01:00 PM,8/30/2026 5:00:00 PM,MIN_OPERATING_MW,5.14,
8/30/2026 4:30:00 PM,RTD,CLUZ,01CONSOL_G01,G,8/30/2026 4:26:00 PM,8/30/2026 4:30:00 PM,MAX_OPERATING_MW,16.01,
8/30/2026 4:30:00 PM,RTD,CLUZ,01CONSOL_G01,G,8/30/2026 4:26:00 PM,8/30/2026 4:30:00 PM,MIN_OPERATING_MW,16.01,
8/30/2026 4:30:00 PM,RTD,CLUZ,01CONSOL_G01,G,8/30/2026 4:31:00 PM,8/30/2026 4:35:00 PM,MAX_OPERATING_MW,14.69,
8/30/2026 4:30:00 PM,RTD,CLUZ,01CONSOL_G01,G,8/30/2026 4:31:00 PM,8/30/2026 4:35:00 PM,MIN_OPERATING_MW,14.69,
8/30/2026 4:30:00 PM,RTD,CLUZ,01PASBUSOL_G01,G,8/30/2026 4:01:00 PM,8/30/2026 5:00:00 PM,MAX_OPERATING_MW,11.79,
8/30/2026 4:30:00 PM,RTD,CLUZ,01PASBUSOL_G01,G,8/30/2026 4:01:00 PM,8/30/2026 5:00:00 PM,MIN_OPERATING_MW,11.79,
8/30/2026 4:30:00 PM,RTD,CLUZ,01TERRASOL_G01,G,8/30/2026 2:16:00 PM,8/30/2026 6:00:00 PM,MAX_OPERATING_MW,10,
8/30/2026 4:30:00 PM,RTD,CLUZ,01TERRASOL_G01,G,8/30/2026 2:16:00 PM,8/30/2026 6:00:00 PM,MIN_OPERATING_MW,10,
8/30/2026 4:30:00 PM,RTD,CLUZ,03LUNSOL_G01,G,8/30/2026 4:26:00 PM,8/30/2026 4:30:00 PM,MAX_OPERATING_MW,8.25,
8/30/2026 4:30:00 PM,RTD,CLUZ,03LUNSOL_G01,G,8/30/2026 4:26:00 PM,8/30/2026 4:30:00 PM,MIN_OPERATING_MW,8.25,
8/30/2026 4:30:00 PM,RTD,CLUZ,03LUNSOL_G01,G,8/30/2026 4:31:00 PM,8/30/2026 4:35:00 PM,MAX_OPERATING_MW,7.45,
8/30/2026 4:30:00 PM,RTD,CLUZ,03LUNSOL_G01,G,8/30/2026 4:31:00 PM,8/30/2026 4:35:00 PM,MIN_OPERATING_MW,7.45,
8/30/2026 4:30:00 PM,RTD,CLUZ,03TANWIND_G01,G,8/30/2026 4:26:00 PM,8/30/2026 4:30:00 PM,MAX_OPERATING_MW,7,
8/30/2026 4:30:00 PM,RTD,CLUZ,03TANWIND_G01,G,8/30/2026 4:26:00 PM,8/30/2026 4:30:00 PM,MIN_OPERATING_MW,7,
8/30/2026 4:30:00 PM,RTD,CLUZ,03TANWIND_G01,G,8/30/2026 4:31:00 PM,8/30/2026 4:35:00 PM,MAX_OPERATING_MW,7,
8/30/2026 4:30:00 PM,RTD,CLUZ,03TANWIND_G01,G,8/30/2026 4:31:00 PM,8/30/2026 4:35:00 PM,MIN_OPERATING_MW,7,
8/30/2026 4:30:00 PM,RTD,CVIS,04ISIDROSOL_G01,G,8/30/2026 4:01:00 PM,8/30/2026 5:00:00 PM,MAX_OPERATING_MW,26.40,
8/30/2026 4:30:00 PM,RTD,CVIS,04ISIDROSOL_G01,G,8/30/2026 4:01:00 PM,8/30/2026 5:00:00 PM,MIN_OPERATING_MW,26.40,
8/30/2026 4:30:00 PM,RTD,CVIS,08AJUYSOL_G01,G,8/30/2026 4:01:00 PM,8/30/2026 5:00:00 PM,MAX_OPERATING_MW,6.60,
8/30/2026 4:30:00 PM,RTD,CVIS,08AJUYSOL_G01,G,8/30/2026 4:01:00 PM,8/30/2026 5:00:00 PM,MIN_OPERATING_MW,6.60,
8/30/2026 4:30:00 PM,RTD,CVIS,08AJUYSOL_G02,G,8/30/2026 4:01:00 PM,8/30/2026 5:00:00 PM,MAX_OPERATING_MW,3.40,
8/30/2026 4:30:00 PM,RTD,CVIS,08AJUYSOL_G02,G,8/30/2026 4:01:00 PM,8/30/2026 5:00:00 PM,MIN_OPERATING_MW,3.40,
8/30/2026 4:30:00 PM,RTD,CMIN,10LIAN_G02,G,8/30/2026 12:05:00 AM,8/30/2026 11:59:00 PM,MAX_OPERATING_MW,5.20,
8/30/2026 4:30:00 PM,RTD,CMIN,10LIAN_G02,G,8/30/2026 12:05:00 AM,8/30/2026 11:59:00 PM,MIN_OPERATING_MW,0,
8/30/2026 4:30:00 PM,RTD,CMIN,14TANTASOL_G01,G,8/30/2026 4:01:00 PM,8/30/2026 5:00:00 PM,MAX_OPERATING_MW,7,
8/30/2026 4:30:00 PM,RTD,CMIN,14TANTASOL_G01,G,8/30/2026 4:01:00 PM,8/30/2026 5:00:00 PM,MIN_OPERATING_MW,1,
8/30/2026 4:35:00 PM,RTD,CLUZ,01BARBASOL_G01,G,8/30/2026 4:31:00 PM,8/30/2026 4:35:00 PM,MAX_OPERATING_MW,10.11,
8/30/2026 4:35:00 PM,RTD,CLUZ,01BARBASOL_G01,G,8/30/2026 4:31:00 PM,8/30/2026 4:35:00 PM,MIN_OPERATING_MW,10.11,
8/30/2026 4:35:00 PM,RTD,CLUZ,01BARBASOL_G01,G,8/30/2026 4:36:00 PM,8/30/2026 4:40:00 PM,MAX_OPERATING_MW,9.39,
8/30/2026 4:35:00 PM,RTD,CLUZ,01BARBASOL_G01,G,8/30/2026 4:36:00 PM,8/30/2026 4:40:00 PM,MIN_OPERATING_MW,9.39,
8/30/2026 4:35:00 PM,RTD,CLUZ,01BUGSOL_G01,G,8/30/2026 4:31:00 PM,8/30/2026 4:35:00 PM,MAX_OPERATING_MW,3.30,
8/30/2026 4:35:00 PM,RTD,CLUZ,01BUGSOL_G01,G,8/30/2026 4:31:00 PM,8/30/2026 4:35:00 PM,MIN_OPERATING_MW,3.30,
8/30/2026 4:35:00 PM,RTD,CLUZ,01BUGSOL_G01,G,8/30/2026 4:36:00 PM,8/30/2026 4:40:00 PM,MAX_OPERATING_MW,5.10,
8/30/2026 4:35:00 PM,RTD,CLUZ,01BUGSOL_G01,G,8/30/2026 4:36:00 PM,8/30/2026 4:40:00 PM,MIN_OPERATING_MW,5.10,
8/30/2026 4:35:00 PM,RTD,CLUZ,01BULACSOL_G01,G,8/30/2026 4:01:00 PM,8/30/2026 5:00:00 PM,MAX_OPERATING_MW,5.14,
8/30/2026 4:35:00 PM,RTD,CLUZ,01BULACSOL_G01,G,8/30/2026 4:01:00 PM,8/30/2026 5:00:00 PM,MIN_OPERATING_MW,5.14,
8/30/2026 4:35:00 PM,RTD,CLUZ,01CONSOL_G01,G,8/30/2026 4:31:00 PM,8/30/2026 4:35:00 PM,MAX_OPERATING_MW,14.69,
8/30/2026 4:35:00 PM,RTD,CLUZ,01CONSOL_G01,G,8/30/2026 4:31:00 PM,8/30/2026 4:35:00 PM,MIN_OPERATING_MW,14.69,
8/30/2026 4:35:00 PM,RTD,CLUZ,01CONSOL_G01,G,8/30/2026 4:36:00 PM,8/30/2026 4:40:00 PM,MAX_OPERATING_MW,13.41,
8/30/2026 4:35:00 PM,RTD,CLUZ,01CONSOL_G01,G,8/30/2026 4:36:00 PM,8/30/2026 4:40:00 PM,MIN_OPERATING_MW,13.41,
8/30/2026 4:35:00 PM,RTD,CLUZ,01PASBUSOL_G01,G,8/30/2026 4:01:00 PM,8/30/2026 5:00:00 PM,MAX_OPERATING_MW,11.79,
8/30/2026 4:35:00 PM,RTD,CLUZ,01PASBUSOL_G01,G,8/30/2026 4:01:00 PM,8/30/2026 5:00:00 PM,MIN_OPERATING_MW,11.79,
8/30/2026 4:35:00 PM,RTD,CLUZ,01TERRASOL_G01,G,8/30/2026 2:16:00 PM,8/30/2026 6:00:00 PM,MAX_OPERATING_MW,10,
8/30/2026 4:35:00 PM,RTD,CLUZ,01TERRASOL_G01,G,8/30/2026 2:16:00 PM,8/30/2026 6:00:00 PM,MIN_OPERATING_MW,10,
8/30/2026 4:35:00 PM,RTD,CLUZ,03LUNSOL_G01,G,8/30/2026 4:31:00 PM,8/30/2026 4:35:00 PM,MAX_OPERATING_MW,7.45,
8/30/2026 4:35:00 PM,RTD,CLUZ,03LUNSOL_G01,G,8/30/2026 4:31:00 PM,8/30/2026 4:35:00 PM,MIN_OPERATING_MW,7.45,
8/30/2026 4:35:00 PM,RTD,CLUZ,03LUNSOL_G01,G,8/30/2026 4:36:00 PM,8/30/2026 4:40:00 PM,MAX_OPERATING_MW,6.67,
8/30/2026 4:35:00 PM,RTD,CLUZ,03LUNSOL_G01,G,8/30/2026 4:36:00 PM,8/30/2026 4:40:00 PM,MIN_OPERATING_MW,6.67,
8/30/2026 4:35:00 PM,RTD,CLUZ,03TANWIND_G01,G,8/30/2026 4:31:00 PM,8/30/2026 4:35:00 PM,MAX_OPERATING_MW,7,
8/30/2026 4:35:00 PM,RTD,CLUZ,03TANWIND_G01,G,8/30/2026 4:31:00 PM,8/30/2026 4:35:00 PM,MIN_OPERATING_MW,7,
8/30/2026 4:35:00 PM,RTD,CLUZ,03TANWIND_G01,G,8/30/2026 4:36:00 PM,8/30/2026 4:40:00 PM,MAX_OPERATING_MW,7,
8/30/2026 4:35:00 PM,RTD,CLUZ,03TANWIND_G01,G,8/30/2026 4:36:00 PM,8/30/2026 4:40:00 PM,MIN_OPERATING_MW,7,
8/30/2026 4:35:00 PM,RTD,CVIS,04ISIDROSOL_G01,G,8/30/2026 4:01:00 PM,8/30/2026 5:00:00 PM,MAX_OPERATING_MW,26.40,
8/30/2026 4:35:00 PM,RTD,CVIS,04ISIDROSOL_G01,G,8/30/2026 4:01:00 PM,8/30/2026 5:00:00 PM,MIN_OPERATING_MW,26.40,
8/30/2026 4:35:00 PM,RTD,CVIS,08AJUYSOL_G01,G,8/30/2026 4:01:00 PM,8/30/2026 5:00:00 PM,MAX_OPERATING_MW,6.60,
8/30/2026 4:35:00 PM,RTD,CVIS,08AJUYSOL_G01,G,8/30/2026 4:01:00 PM,8/30/2026 5:00:00 PM,MIN_OPERATING_MW,6.60,
8/30/2026 4:35:00 PM,RTD,CVIS,08AJUYSOL_G02,G,8/30/2026 4:01:00 PM,8/30/2026 5:00:00 PM,MAX_OPERATING_MW,3.40,
8/30/2026 4:35:00 PM,RTD,CVIS,08AJUYSOL_G02,G,8/30/2026 4:01:00 PM,8/30/2026 5:00:00 PM,MIN_OPERATING_MW,3.40,
8/30/2026 4:35:00 PM,RTD,CMIN,10LIAN_G02,G,8/30/2026 12:05:00 AM,8/30/2026 11:59:00 PM,MAX_OPERATING_MW,5.20,
8/30/2026 4:35:00 PM,RTD,CMIN,10LIAN_G02,G,8/30/2026 12:05:00 AM,8/30/2026 11:59:00 PM,MIN_OPERATING_MW,0,
8/30/2026 4:35:00 PM,RTD,CMIN,14TANTASOL_G01,G,8/30/2026 4:01:00 PM,8/30/2026 5:00:00 PM,MAX_OPERATING_MW,7,
8/30/2026 4:35:00 PM,RTD,CMIN,14TANTASOL_G01,G,8/30/2026 4:01:00 PM,8/30/2026 5:00:00 PM,MIN_OPERATING_MW,1,
8/30/2026 4:40:00 PM,RTD,CLUZ,01BARBASOL_G01,G,8/30/2026 4:36:00 PM,8/30/2026 4:40:00 PM,MAX_OPERATING_MW,9.39,
8/30/2026 4:40:00 PM,RTD,CLUZ,01BARBASOL_G01,G,8/30/2026 4:36:00 PM,8/30/2026 4:40:00 PM,MIN_OPERATING_MW,9.39,
8/30/2026 4:40:00 PM,RTD,CLUZ,01BARBASOL_G01,G,8/30/2026 4:41:00 PM,8/30/2026 4:45:00 PM,MAX_OPERATING_MW,8.69,
8/30/2026 4:40:00 PM,RTD,CLUZ,01BARBASOL_G01,G,8/30/2026 4:41:00 PM,8/30/2026 4:45:00 PM,MIN_OPERATING_MW,8.69,
8/30/2026 4:40:00 PM,RTD,CLUZ,01BUGSOL_G01,G,8/30/2026 4:36:00 PM,8/30/2026 4:40:00 PM,MAX_OPERATING_MW,5.10,
8/30/2026 4:40:00 PM,RTD,CLUZ,01BUGSOL_G01,G,8/30/2026 4:36:00 PM,8/30/2026 4:40:00 PM,MIN_OPERATING_MW,5.10,
8/30/2026 4:40:00 PM,RTD,CLUZ,01BUGSOL_G01,G,8/30/2026 4:41:00 PM,8/30/2026 4:45:00 PM,MAX_OPERATING_MW,4.70,
8/30/2026 4:40:00 PM,RTD,CLUZ,01BUGSOL_G01,G,8/30/2026 4:41:00 PM,8/30/2026 4:45:00 PM,MIN_OPERATING_MW,4.70,
8/30/2026 4:40:00 PM,RTD,CLUZ,01BULACSOL_G01,G,8/30/2026 4:01:00 PM,8/30/2026 5:00:00 PM,MAX_OPERATING_MW,5.14,
8/30/2026 4:40:00 PM,RTD,CLUZ,01BULACSOL_G01,G,8/30/2026 4:01:00 PM,8/30/2026 5:00:00 PM,MIN_OPERATING_MW,5.14,
8/30/2026 4:40:00 PM,RTD,CLUZ,01CONSOL_G01,G,8/30/2026 4:36:00 PM,8/30/2026 4:40:00 PM,MAX_OPERATING_MW,13.41,
8/30/2026 4:40:00 PM,RTD,CLUZ,01CONSOL_G01,G,8/30/2026 4:36:00 PM,8/30/2026 4:40:00 PM,MIN_OPERATING_MW,13.41,
8/30/2026 4:40:00 PM,RTD,CLUZ,01CONSOL_G01,G,8/30/2026 4:41:00 PM,8/30/2026 4:45:00 PM,MAX_OPERATING_MW,12.17,
8/30/2026 4:40:00 PM,RTD,CLUZ,01CONSOL_G01,G,8/30/2026 4:41:00 PM,8/30/2026 4:45:00 PM,MIN_OPERATING_MW,12.17,
8/30/2026 4:40:00 PM,RTD,CLUZ,01PASBUSOL_G01,G,8/30/2026 4:01:00 PM,8/30/2026 5:00:00 PM,MAX_OPERATING_MW,11.79,
8/30/2026 4:40:00 PM,RTD,CLUZ,01PASBUSOL_G01,G,8/30/2026 4:01:00 PM,8/30/2026 5:00:00 PM,MIN_OPERATING_MW,11.79,
8/30/2026 4:40:00 PM,RTD,CLUZ,01TERRASOL_G01,G,8/30/2026 2:16:00 PM,8/30/2026 6:00:00 PM,MAX_OPERATING_MW,10,
8/30/2026 4:40:00 PM,RTD,CLUZ,01TERRASOL_G01,G,8/30/2026 2:16:00 PM,8/30/2026 6:00:00 PM,MIN_OPERATING_MW,10,
8/30/2026 4:40:00 PM,RTD,CLUZ,03LUNSOL_G01,G,8/30/2026 4:36:00 PM,8/30/2026 4:40:00 PM,MAX_OPERATING_MW,6.67,
8/30/2026 4:40:00 PM,RTD,CLUZ,03LUNSOL_G01,G,8/30/2026 4:36:00 PM,8/30/2026 4:40:00 PM,MIN_OPERATING_MW,6.67,
8/30/2026 4:40:00 PM,RTD,CLUZ,03LUNSOL_G01,G,8/30/2026 4:41:00 PM,8/30/2026 4:45:00 PM,MAX_OPERATING_MW,5.92,
8/30/2026 4:40:00 PM,RTD,CLUZ,03LUNSOL_G01,G,8/30/2026 4:41:00 PM,8/30/2026 4:45:00 PM,MIN_OPERATING_MW,5.92,
8/30/2026 4:40:00 PM,RTD,CLUZ,03TANWIND_G01,G,8/30/2026 4:36:00 PM,8/30/2026 4:40:00 PM,MAX_OPERATING_MW,7,
8/30/2026 4:40:00 PM,RTD,CLUZ,03TANWIND_G01,G,8/30/2026 4:36:00 PM,8/30/2026 4:40:00 PM,MIN_OPERATING_MW,7,
8/30/2026 4:40:00 PM,RTD,CLUZ,03TANWIND_G01,G,8/30/2026 4:41:00 PM,8/30/2026 4:45:00 PM,MAX_OPERATING_MW,7,
8/30/2026 4:40:00 PM,RTD,CLUZ,03TANWIND_G01,G,8/30/2026 4:41:00 PM,8/30/2026 4:45:00 PM,MIN_OPERATING_MW,7,
8/30/2026 4:40:00 PM,RTD,CVIS,04ISIDROSOL_G01,G,8/30/2026 4:01:00 PM,8/30/2026 5:00:00 PM,MAX_OPERATING_MW,26.40,
8/30/2026 4:40:00 PM,RTD,CVIS,04ISIDROSOL_G01,G,8/30/2026 4:01:00 PM,8/30/2026 5:00:00 PM,MIN_OPERATING_MW,26.40,
8/30/2026 4:40:00 PM,RTD,CVIS,08AJUYSOL_G01,G,8/30/2026 4:01:00 PM,8/30/2026 5:00:00 PM,MAX_OPERATING_MW,6.60,
8/30/2026 4:40:00 PM,RTD,CVIS,08AJUYSOL_G01,G,8/30/2026 4:01:00 PM,8/30/2026 5:00:00 PM,MIN_OPERATING_MW,6.60,
8/30/2026 4:40:00 PM,RTD,CVIS,08AJUYSOL_G02,G,8/30/2026 4:01:00 PM,8/30/2026 5:00:00 PM,MAX_OPERATING_MW,3.40,
8/30/2026 4:40:00 PM,RTD,CVIS,08AJUYSOL_G02,G,8/30/2026 4:01:00 PM,8/30/2026 5:00:00 PM,MIN_OPERATING_MW,3.40,
8/30/2026 4:40:00 PM,RTD,CMIN,10LIAN_G02,G,8/30/2026 12:05:00 AM,8/30/2026 11:59:00 PM,MAX_OPERATING_MW,5.20,
8/30/2026 4:40:00 PM,RTD,CMIN,10LIAN_G02,G,8/30/2026 12:05:00 AM,8/30/2026 11:59:00 PM,MIN_OPERATING_MW,0,
8/30/2026 4:40:00 PM,RTD,CMIN,14TANTASOL_G01,G,8/30/2026 4:01:00 PM,8/30/2026 5:00:00 PM,MAX_OPERATING_MW,7,
8/30/2026 4:40:00 PM,RTD,CMIN,14TANTASOL_G01,G,8/30/2026 4:01:00 PM,8/30/2026 5:00:00 PM,MIN_OPERATING_MW,1,
8/30/2026 4:45:00 PM,RTD,CLUZ,01BARBASOL_G01,G,8/30/2026 4:41:00 PM,8/30/2026 4:45:00 PM,MAX_OPERATING_MW,8.69,
8/30/2026 4:45:00 PM,RTD,CLUZ,01BARBASOL_G01,G,8/30/2026 4:41:00 PM,8/30/2026 4:45:00 PM,MIN_OPERATING_MW,8.69,
8/30/2026 4:45:00 PM,RTD,CLUZ,01BARBASOL_G01,G,8/30/2026 4:46:00 PM,8/30/2026 4:50:00 PM,MAX_OPERATING_MW,8.01,
8/30/2026 4:45:00 PM,RTD,CLUZ,01BARBASOL_G01,G,8/30/2026 4:46:00 PM,8/30/2026 4:50:00 PM,MIN_OPERATING_MW,8.01,
8/30/2026 4:45:00 PM,RTD,CLUZ,01BUGSOL_G01,G,8/30/2026 4:41:00 PM,8/30/2026 4:45:00 PM,MAX_OPERATING_MW,4.70,
8/30/2026 4:45:00 PM,RTD,CLUZ,01BUGSOL_G01,G,8/30/2026 4:41:00 PM,8/30/2026 4:45:00 PM,MIN_OPERATING_MW,4.70,
8/30/2026 4:45:00 PM,RTD,CLUZ,01BUGSOL_G01,G,8/30/2026 4:46:00 PM,8/30/2026 4:50:00 PM,MAX_OPERATING_MW,5.10,
8/30/2026 4:45:00 PM,RTD,CLUZ,01BUGSOL_G01,G,8/30/2026 4:46:00 PM,8/30/2026 4:50:00 PM,MIN_OPERATING_MW,5.10,
8/30/2026 4:45:00 PM,RTD,CLUZ,01BULACSOL_G01,G,8/30/2026 4:01:00 PM,8/30/2026 5:00:00 PM,MAX_OPERATING_MW,5.14,
8/30/2026 4:45:00 PM,RTD,CLUZ,01BULACSOL_G01,G,8/30/2026 4:01:00 PM,8/30/2026 5:00:00 PM,MIN_OPERATING_MW,5.14,
8/30/2026 4:45:00 PM,RTD,CLUZ,01CONSOL_G01,G,8/30/2026 4:41:00 PM,8/30/2026 4:45:00 PM,MAX_OPERATING_MW,12.17,
8/30/2026 4:45:00 PM,RTD,CLUZ,01CONSOL_G01,G,8/30/2026 4:41:00 PM,8/30/2026 4:45:00 PM,MIN_OPERATING_MW,12.17,
8/30/2026 4:45:00 PM,RTD,CLUZ,01CONSOL_G01,G,8/30/2026 4:46:00 PM,8/30/2026 4:50:00 PM,MAX_OPERATING_MW,10.97,
8/30/2026 4:45:00 PM,RTD,CLUZ,01CONSOL_G01,G,8/30/2026 4:46:00 PM,8/30/2026 4:50:00 PM,MIN_OPERATING_MW,10.97,
8/30/2026 4:45:00 PM,RTD,CLUZ,01PASBUSOL_G01,G,8/30/2026 4:01:00 PM,8/30/2026 5:00:00 PM,MAX_OPERATING_MW,11.79,
8/30/2026 4:45:00 PM,RTD,CLUZ,01PASBUSOL_G01,G,8/30/2026 4:01:00 PM,8/30/2026 5:00:00 PM,MIN_OPERATING_MW,11.79,
8/30/2026 4:45:00 PM,RTD,CLUZ,01TERRASOL_G01,G,8/30/2026 2:16:00 PM,8/30/2026 6:00:00 PM,MAX_OPERATING_MW,10,
8/30/2026 4:45:00 PM,RTD,CLUZ,01TERRASOL_G01,G,8/30/2026 2:16:00 PM,8/30/2026 6:00:00 PM,MIN_OPERATING_MW,10,
8/30/2026 4:45:00 PM,RTD,CLUZ,03LUNSOL_G01,G,8/30/2026 4:41:00 PM,8/30/2026 4:45:00 PM,MAX_OPERATING_MW,5.92,
8/30/2026 4:45:00 PM,RTD,CLUZ,03LUNSOL_G01,G,8/30/2026 4:41:00 PM,8/30/2026 4:45:00 PM,MIN_OPERATING_MW,5.92,
8/30/2026 4:45:00 PM,RTD,CLUZ,03LUNSOL_G01,G,8/30/2026 4:46:00 PM,8/30/2026 4:50:00 PM,MAX_OPERATING_MW,5.21,
8/30/2026 4:45:00 PM,RTD,CLUZ,03LUNSOL_G01,G,8/30/2026 4:46:00 PM,8/30/2026 4:50:00 PM,MIN_OPERATING_MW,5.21,
8/30/2026 4:45:00 PM,RTD,CLUZ,03TANWIND_G01,G,8/30/2026 4:41:00 PM,8/30/2026 4:45:00 PM,MAX_OPERATING_MW,7,
8/30/2026 4:45:00 PM,RTD,CLUZ,03TANWIND_G01,G,8/30/2026 4:41:00 PM,8/30/2026 4:45:00 PM,MIN_OPERATING_MW,7,
8/30/2026 4:45:00 PM,RTD,CLUZ,03TANWIND_G01,G,8/30/2026 4:46:00 PM,8/30/2026 4:50:00 PM,MAX_OPERATING_MW,7,
8/30/2026 4:45:00 PM,RTD,CLUZ,03TANWIND_G01,G,8/30/2026 4:46:00 PM,8/30/2026 4:50:00 PM,MIN_OPERATING_MW,7,
8/30/2026 4:45:00 PM,RTD,CVIS,04ISIDROSOL_G01,G,8/30/2026 4:01:00 PM,8/30/2026 5:00:00 PM,MAX_OPERATING_MW,26.40,
8/30/2026 4:45:00 PM,RTD,CVIS,04ISIDROSOL_G01,G,8/30/2026 4:01:00 PM,8/30/2026 5:00:00 PM,MIN_OPERATING_MW,26.40,
8/30/2026 4:45:00 PM,RTD,CVIS,08AJUYSOL_G01,G,8/30/2026 4:01:00 PM,8/30/2026 5:00:00 PM,MAX_OPERATING_MW,6.60,
8/30/2026 4:45:00 PM,RTD,CVIS,08AJUYSOL_G01,G,8/30/2026 4:01:00 PM,8/30/2026 5:00:00 PM,MIN_OPERATING_MW,6.60,
8/30/2026 4:45:00 PM,RTD,CVIS,08AJUYSOL_G02,G,8/30/2026 4:01:00 PM,8/30/2026 5:00:00 PM,MAX_OPERATING_MW,3.40,
8/30/2026 4:45:00 PM,RTD,CVIS,08AJUYSOL_G02,G,8/30/2026 4:01:00 PM,8/30/2026 5:00:00 PM,MIN_OPERATING_MW,3.40,
8/30/2026 4:45:00 PM,RTD,CMIN,10LIAN_G02,G,8/30/2026 12:05:00 AM,8/30/2026 11:59:00 PM,MAX_OPERATING_MW,5.20,
8/30/2026 4:45:00 PM,RTD,CMIN,10LIAN_G02,G,8/30/2026 12:05:00 AM,8/30/2026 11:59:00 PM,MIN_OPERATING_MW,0,
8/30/2026 4:45:00 PM,RTD,CMIN,14TANTASOL_G01,G,8/30/2026 4:01:00 PM,8/30/2026 5:00:00 PM,MAX_OPERATING_MW,7,
8/30/2026 4:45:00 PM,RTD,CMIN,14TANTASOL_G01,G,8/30/2026 4:01:00 PM,8/30/2026 5:00:00 PM,MIN_OPERATING_MW,1,
8/30/2026 4:50:00 PM,RTD,CLUZ,01BARBASOL_G01,G,8/30/2026 4:46:00 PM,8/30/2026 4:50:00 PM,MAX_OPERATING_MW,8.01,
8/30/2026 4:50:00 PM,RTD,CLUZ,01BARBASOL_G01,G,8/30/2026 4:46:00 PM,8/30/2026 4:50:00 PM,MIN_OPERATING_MW,8.01,
8/30/2026 4:50:00 PM,RTD,CLUZ,01BARBASOL_G01,G,8/30/2026 4:51:00 PM,8/30/2026 4:55:00 PM,MAX_OPERATING_MW,7.35,
8/30/2026 4:50:00 PM,RTD,CLUZ,01BARBASOL_G01,G,8/30/2026 4:51:00 PM,8/30/2026 4:55:00 PM,MIN_OPERATING_MW,7.35,
8/30/2026 4:50:00 PM,RTD,CLUZ,01BUGSOL_G01,G,8/30/2026 4:46:00 PM,8/30/2026 4:50:00 PM,MAX_OPERATING_MW,5.10,
8/30/2026 4:50:00 PM,RTD,CLUZ,01BUGSOL_G01,G,8/30/2026 4:46:00 PM,8/30/2026 4:50:00 PM,MIN_OPERATING_MW,5.10,
8/30/2026 4:50:00 PM,RTD,CLUZ,01BUGSOL_G01,G,8/30/2026 4:51:00 PM,8/30/2026 4:55:00 PM,MAX_OPERATING_MW,5.10,
8/30/2026 4:50:00 PM,RTD,CLUZ,01BUGSOL_G01,G,8/30/2026 4:51:00 PM,8/30/2026 4:55:00 PM,MIN_OPERATING_MW,5.10,
8/30/2026 4:50:00 PM,RTD,CLUZ,01BULACSOL_G01,G,8/30/2026 4:01:00 PM,8/30/2026 5:00:00 PM,MAX_OPERATING_MW,5.14,
8/30/2026 4:50:00 PM,RTD,CLUZ,01BULACSOL_G01,G,8/30/2026 4:01:00 PM,8/30/2026 5:00:00 PM,MIN_OPERATING_MW,5.14,
8/30/2026 4:50:00 PM,RTD,CLUZ,01CONSOL_G01,G,8/30/2026 4:46:00 PM,8/30/2026 4:50:00 PM,MAX_OPERATING_MW,10.97,
8/30/2026 4:50:00 PM,RTD,CLUZ,01CONSOL_G01,G,8/30/2026 4:46:00 PM,8/30/2026 4:50:00 PM,MIN_OPERATING_MW,10.97,
8/30/2026 4:50:00 PM,RTD,CLUZ,01CONSOL_G01,G,8/30/2026 4:51:00 PM,8/30/2026 4:55:00 PM,MAX_OPERATING_MW,9.82,
8/30/2026 4:50:00 PM,RTD,CLUZ,01CONSOL_G01,G,8/30/2026 4:51:00 PM,8/30/2026 4:55:00 PM,MIN_OPERATING_MW,9.82,
8/30/2026 4:50:00 PM,RTD,CLUZ,01PASBUSOL_G01,G,8/30/2026 4:01:00 PM,8/30/2026 5:00:00 PM,MAX_OPERATING_MW,11.79,
8/30/2026 4:50:00 PM,RTD,CLUZ,01PASBUSOL_G01,G,8/30/2026 4:01:00 PM,8/30/2026 5:00:00 PM,MIN_OPERATING_MW,11.79,
8/30/2026 4:50:00 PM,RTD,CLUZ,01TERRASOL_G01,G,8/30/2026 2:16:00 PM,8/30/2026 6:00:00 PM,MAX_OPERATING_MW,10,
8/30/2026 4:50:00 PM,RTD,CLUZ,01TERRASOL_G01,G,8/30/2026 2:16:00 PM,8/30/2026 6:00:00 PM,MIN_OPERATING_MW,10,
8/30/2026 4:50:00 PM,RTD,CLUZ,03LUNSOL_G01,G,8/30/2026 4:46:00 PM,8/30/2026 4:50:00 PM,MAX_OPERATING_MW,5.21,
8/30/2026 4:50:00 PM,RTD,CLUZ,03LUNSOL_G01,G,8/30/2026 4:46:00 PM,8/30/2026 4:50:00 PM,MIN_OPERATING_MW,5.21,
8/30/2026 4:50:00 PM,RTD,CLUZ,03LUNSOL_G01,G,8/30/2026 4:51:00 PM,8/30/2026 4:55:00 PM,MAX_OPERATING_MW,4.55,
8/30/2026 4:50:00 PM,RTD,CLUZ,03LUNSOL_G01,G,8/30/2026 4:51:00 PM,8/30/2026 4:55:00 PM,MIN_OPERATING_MW,4.55,
8/30/2026 4:50:00 PM,RTD,CLUZ,03TANWIND_G01,G,8/30/2026 4:46:00 PM,8/30/2026 4:50:00 PM,MAX_OPERATING_MW,7,
8/30/2026 4:50:00 PM,RTD,CLUZ,03TANWIND_G01,G,8/30/2026 4:46:00 PM,8/30/2026 4:50:00 PM,MIN_OPERATING_MW,7,
8/30/2026 4:50:00 PM,RTD,CLUZ,03TANWIND_G01,G,8/30/2026 4:51:00 PM,8/30/2026 4:55:00 PM,MAX_OPERATING_MW,7,
8/30/2026 4:50:00 PM,RTD,CLUZ,03TANWIND_G01,G,8/30/2026 4:51:00 PM,8/30/2026 4:55:00 PM,MIN_OPERATING_MW,7,
8/30/2026 4:50:00 PM,RTD,CVIS,04ISIDROSOL_G01,G,8/30/2026 4:01:00 PM,8/30/2026 5:00:00 PM,MAX_OPERATING_MW,26.40,
8/30/2026 4:50:00 PM,RTD,CVIS,04ISIDROSOL_G01,G,8/30/2026 4:01:00 PM,8/30/2026 5:00:00 PM,MIN_OPERATING_MW,26.40,
8/30/2026 4:50:00 PM,RTD,CVIS,08AJUYSOL_G01,G,8/30/2026 4:01:00 PM,8/30/2026 5:00:00 PM,MAX_OPERATING_MW,6.60,
8/30/2026 4:50:00 PM,RTD,CVIS,08AJUYSOL_G01,G,8/30/2026 4:01:00 PM,8/30/2026 5:00:00 PM,MIN_OPERATING_MW,6.60,
8/30/2026 4:50:00 PM,RTD,CVIS,08AJUYSOL_G02,G,8/30/2026 4:01:00 PM,8/30/2026 5:00:00 PM,MAX_OPERATING_MW,3.40,
8/30/2026 4:50:00 PM,RTD,CVIS,08AJUYSOL_G02,G,8/30/2026 4:01:00 PM,8/30/2026 5:00:00 PM,MIN_OPERATING_MW,3.40,
8/30/2026 4:50:00 PM,RTD,CMIN,10LIAN_G02,G,8/30/2026 12:05:00 AM,8/30/2026 11:59:00 PM,MAX_OPERATING_MW,5.20,
8/30/2026 4:50:00 PM,RTD,CMIN,10LIAN_G02,G,8/30/2026 12:05:00 AM,8/30/2026 11:59:00 PM,MIN_OPERATING_MW,0,
8/30/2026 4:50:00 PM,RTD,CMIN,14TANTASOL_G01,G,8/30/2026 4:01:00 PM,8/30/2026 5:00:00 PM,MAX_OPERATING_MW,7,
8/30/2026 4:50:00 PM,RTD,CMIN,14TANTASOL_G01,G,8/30/2026 4:01:00 PM,8/30/2026 5:00:00 PM,MIN_OPERATING_MW,1,
8/30/2026 4:55:00 PM,RTD,CLUZ,01BARBASOL_G01,G,8/30/2026 4:51:00 PM,8/30/2026 4:55:00 PM,MAX_OPERATING_MW,7.35,
8/30/2026 4:55:00 PM,RTD,CLUZ,01BARBASOL_G01,G,8/30/2026 4:51:00 PM,8/30/2026 4:55:00 PM,MIN_OPERATING_MW,7.35,
8/30/2026 4:55:00 PM,RTD,CLUZ,01BARBASOL_G01,G,8/30/2026 4:56:00 PM,8/30/2026 5:00:00 PM,MAX_OPERATING_MW,6.72,
8/30/2026 4:55:00 PM,RTD,CLUZ,01BARBASOL_G01,G,8/30/2026 4:56:00 PM,8/30/2026 5:00:00 PM,MIN_OPERATING_MW,6.72,
8/30/2026 4:55:00 PM,RTD,CLUZ,01BUGSOL_G01,G,8/30/2026 4:51:00 PM,8/30/2026 4:55:00 PM,MAX_OPERATING_MW,5.10,
8/30/2026 4:55:00 PM,RTD,CLUZ,01BUGSOL_G01,G,8/30/2026 4:51:00 PM,8/30/2026 4:55:00 PM,MIN_OPERATING_MW,5.10,
8/30/2026 4:55:00 PM,RTD,CLUZ,01BUGSOL_G01,G,8/30/2026 4:56:00 PM,8/30/2026 5:00:00 PM,MAX_OPERATING_MW,8.30,
8/30/2026 4:55:00 PM,RTD,CLUZ,01BUGSOL_G01,G,8/30/2026 4:56:00 PM,8/30/2026 5:00:00 PM,MIN_OPERATING_MW,8.30,
8/30/2026 4:55:00 PM,RTD,CLUZ,01BULACSOL_G01,G,8/30/2026 4:01:00 PM,8/30/2026 5:00:00 PM,MAX_OPERATING_MW,5.14,
8/30/2026 4:55:00 PM,RTD,CLUZ,01BULACSOL_G01,G,8/30/2026 4:01:00 PM,8/30/2026 5:00:00 PM,MIN_OPERATING_MW,5.14,
8/30/2026 4:55:00 PM,RTD,CLUZ,01CONSOL_G01,G,8/30/2026 4:51:00 PM,8/30/2026 4:55:00 PM,MAX_OPERATING_MW,9.82,
8/30/2026 4:55:00 PM,RTD,CLUZ,01CONSOL_G01,G,8/30/2026 4:51:00 PM,8/30/2026 4:55:00 PM,MIN_OPERATING_MW,9.82,
8/30/2026 4:55:00 PM,RTD,CLUZ,01CONSOL_G01,G,8/30/2026 4:56:00 PM,8/30/2026 5:00:00 PM,MAX_OPERATING_MW,8.71,
8/30/2026 4:55:00 PM,RTD,CLUZ,01CONSOL_G01,G,8/30/2026 4:56:00 PM,8/30/2026 5:00:00 PM,MIN_OPERATING_MW,8.71,
8/30/2026 4:55:00 PM,RTD,CLUZ,01PASBUSOL_G01,G,8/30/2026 4:01:00 PM,8/30/2026 5:00:00 PM,MAX_OPERATING_MW,11.79,
8/30/2026 4:55:00 PM,RTD,CLUZ,01PASBUSOL_G01,G,8/30/2026 4:01:00 PM,8/30/2026 5:00:00 PM,MIN_OPERATING_MW,11.79,
8/30/2026 4:55:00 PM,RTD,CLUZ,01TERRASOL_G01,G,8/30/2026 2:16:00 PM,8/30/2026 6:00:00 PM,MAX_OPERATING_MW,10,
8/30/2026 4:55:00 PM,RTD,CLUZ,01TERRASOL_G01,G,8/30/2026 2:16:00 PM,8/30/2026 6:00:00 PM,MIN_OPERATING_MW,10,
8/30/2026 4:55:00 PM,RTD,CLUZ,03LUNSOL_G01,G,8/30/2026 4:51:00 PM,8/30/2026 4:55:00 PM,MAX_OPERATING_MW,4.55,
8/30/2026 4:55:00 PM,RTD,CLUZ,03LUNSOL_G01,G,8/30/2026 4:51:00 PM,8/30/2026 4:55:00 PM,MIN_OPERATING_MW,4.55,
8/30/2026 4:55:00 PM,RTD,CLUZ,03LUNSOL_G01,G,8/30/2026 4:56:00 PM,8/30/2026 5:00:00 PM,MAX_OPERATING_MW,3.95,
8/30/2026 4:55:00 PM,RTD,CLUZ,03LUNSOL_G01,G,8/30/2026 4:56:00 PM,8/30/2026 5:00:00 PM,MIN_OPERATING_MW,3.95,
8/30/2026 4:55:00 PM,RTD,CLUZ,03TANWIND_G01,G,8/30/2026 4:51:00 PM,8/30/2026 4:55:00 PM,MAX_OPERATING_MW,7,
8/30/2026 4:55:00 PM,RTD,CLUZ,03TANWIND_G01,G,8/30/2026 4:51:00 PM,8/30/2026 4:55:00 PM,MIN_OPERATING_MW,7,
8/30/2026 4:55:00 PM,RTD,CLUZ,03TANWIND_G01,G,8/30/2026 4:56:00 PM,8/30/2026 5:00:00 PM,MAX_OPERATING_MW,7,
8/30/2026 4:55:00 PM,RTD,CLUZ,03TANWIND_G01,G,8/30/2026 4:56:00 PM,8/30/2026 5:00:00 PM,MIN_OPERATING_MW,7,
8/30/2026 4:55:00 PM,RTD,CVIS,04ISIDROSOL_G01,G,8/30/2026 4:01:00 PM,8/30/2026 5:00:00 PM,MAX_OPERATING_MW,26.40,
8/30/2026 4:55:00 PM,RTD,CVIS,04ISIDROSOL_G01,G,8/30/2026 4:01:00 PM,8/30/2026 5:00:00 PM,MIN_OPERATING_MW,26.40,
8/30/2026 4:55:00 PM,RTD,CVIS,08AJUYSOL_G01,G,8/30/2026 4:01:00 PM,8/30/2026 5:00:00 PM,MAX_OPERATING_MW,6.60,
8/30/2026 4:55:00 PM,RTD,CVIS,08AJUYSOL_G01,G,8/30/2026 4:01:00 PM,8/30/2026 5:00:00 PM,MIN_OPERATING_MW,6.60,
8/30/2026 4:55:00 PM,RTD,CVIS,08AJUYSOL_G02,G,8/30/2026 4:01:00 PM,8/30/2026 5:00:00 PM,MAX_OPERATING_MW,3.40,
8/30/2026 4:55:00 PM,RTD,CVIS,08AJUYSOL_G02,G,8/30/2026 4:01:00 PM,8/30/2026 5:00:00 PM,MIN_OPERATING_MW,3.40,
8/30/2026 4:55:00 PM,RTD,CMIN,10LIAN_G02,G,8/30/2026 12:05:00 AM,8/30/2026 11:59:00 PM,MAX_OPERATING_MW,5.20,
8/30/2026 4:55:00 PM,RTD,CMIN,10LIAN_G02,G,8/30/2026 12:05:00 AM,8/30/2026 11:59:00 PM,MIN_OPERATING_MW,0,
8/30/2026 4:55:00 PM,RTD,CMIN,14TANTASOL_G01,G,8/30/2026 4:01:00 PM,8/30/2026 5:00:00 PM,MAX_OPERATING_MW,7,
8/30/2026 4:55:00 PM,RTD,CMIN,14TANTASOL_G01,G,8/30/2026 4:01:00 PM,8/30/2026 5:00:00 PM,MIN_OPERATING_MW,1,
8/30/2026 5:00:00 PM,RTD,CLUZ,01BARBASOL_G01,G,8/30/2026 4:56:00 PM,8/30/2026 5:00:00 PM,MAX_OPERATING_MW,6.72,
8/30/2026 5:00:00 PM,RTD,CLUZ,01BARBASOL_G01,G,8/30/2026 4:56:00 PM,8/30/2026 5:00:00 PM,MIN_OPERATING_MW,6.72,
8/30/2026 5:00:00 PM,RTD,CLUZ,01BARBASOL_G01,G,8/30/2026 5:01:00 PM,8/30/2026 5:05:00 PM,MAX_OPERATING_MW,6.12,
8/30/2026 5:00:00 PM,RTD,CLUZ,01BARBASOL_G01,G,8/30/2026 5:01:00 PM,8/30/2026 5:05:00 PM,MIN_OPERATING_MW,6.12,
8/30/2026 5:00:00 PM,RTD,CLUZ,01BUGSOL_G01,G,8/30/2026 4:56:00 PM,8/30/2026 5:00:00 PM,MAX_OPERATING_MW,8.30,
8/30/2026 5:00:00 PM,RTD,CLUZ,01BUGSOL_G01,G,8/30/2026 4:56:00 PM,8/30/2026 5:00:00 PM,MIN_OPERATING_MW,8.30,
8/30/2026 5:00:00 PM,RTD,CLUZ,01BUGSOL_G01,G,8/30/2026 5:01:00 PM,8/30/2026 5:05:00 PM,MAX_OPERATING_MW,10.50,
8/30/2026 5:00:00 PM,RTD,CLUZ,01BUGSOL_G01,G,8/30/2026 5:01:00 PM,8/30/2026 5:05:00 PM,MIN_OPERATING_MW,10.50,
8/30/2026 5:00:00 PM,RTD,CLUZ,01BULACSOL_G01,G,8/30/2026 4:01:00 PM,8/30/2026 5:00:00 PM,MAX_OPERATING_MW,5.14,
8/30/2026 5:00:00 PM,RTD,CLUZ,01BULACSOL_G01,G,8/30/2026 4:01:00 PM,8/30/2026 5:00:00 PM,MIN_OPERATING_MW,5.14,
8/30/2026 5:00:00 PM,RTD,CLUZ,01BULACSOL_G01,G,8/30/2026 5:01:00 PM,8/30/2026 6:00:00 PM,MAX_OPERATING_MW,1.49,
8/30/2026 5:00:00 PM,RTD,CLUZ,01BULACSOL_G01,G,8/30/2026 5:01:00 PM,8/30/2026 6:00:00 PM,MIN_OPERATING_MW,1.49,
8/30/2026 5:00:00 PM,RTD,CLUZ,01CONSOL_G01,G,8/30/2026 4:56:00 PM,8/30/2026 5:00:00 PM,MAX_OPERATING_MW,8.71,
8/30/2026 5:00:00 PM,RTD,CLUZ,01CONSOL_G01,G,8/30/2026 4:56:00 PM,8/30/2026 5:00:00 PM,MIN_OPERATING_MW,8.71,
8/30/2026 5:00:00 PM,RTD,CLUZ,01CONSOL_G01,G,8/30/2026 5:01:00 PM,8/30/2026 5:05:00 PM,MAX_OPERATING_MW,7.46,
8/30/2026 5:00:00 PM,RTD,CLUZ,01CONSOL_G01,G,8/30/2026 5:01:00 PM,8/30/2026 5:05:00 PM,MIN_OPERATING_MW,7.46,
8/30/2026 5:00:00 PM,RTD,CLUZ,01PASBUSOL_G01,G,8/30/2026 4:01:00 PM,8/30/2026 5:00:00 PM,MAX_OPERATING_MW,11.79,
8/30/2026 5:00:00 PM,RTD,CLUZ,01PASBUSOL_G01,G,8/30/2026 4:01:00 PM,8/30/2026 5:00:00 PM,MIN_OPERATING_MW,11.79,
8/30/2026 5:00:00 PM,RTD,CLUZ,01PASBUSOL_G01,G,8/30/2026 5:01:00 PM,8/30/2026 6:00:00 PM,MAX_OPERATING_MW,3.06,
8/30/2026 5:00:00 PM,RTD,CLUZ,01PASBUSOL_G01,G,8/30/2026 5:01:00 PM,8/30/2026 6:00:00 PM,MIN_OPERATING_MW,3.06,
8/30/2026 5:00:00 PM,RTD,CLUZ,01TERRASOL_G01,G,8/30/2026 2:16:00 PM,8/30/2026 6:00:00 PM,MAX_OPERATING_MW,10,
8/30/2026 5:00:00 PM,RTD,CLUZ,01TERRASOL_G01,G,8/30/2026 2:16:00 PM,8/30/2026 6:00:00 PM,MIN_OPERATING_MW,10,
8/30/2026 5:00:00 PM,RTD,CLUZ,03LUNSOL_G01,G,8/30/2026 4:56:00 PM,8/30/2026 5:00:00 PM,MAX_OPERATING_MW,3.95,
8/30/2026 5:00:00 PM,RTD,CLUZ,03LUNSOL_G01,G,8/30/2026 4:56:00 PM,8/30/2026 5:00:00 PM,MIN_OPERATING_MW,3.95,
8/30/2026 5:00:00 PM,RTD,CLUZ,03LUNSOL_G01,G,8/30/2026 5:01:00 PM,8/30/2026 5:05:00 PM,MAX_OPERATING_MW,3.41,
8/30/2026 5:00:00 PM,RTD,CLUZ,03LUNSOL_G01,G,8/30/2026 5:01:00 PM,8/30/2026 5:05:00 PM,MIN_OPERATING_MW,3.41,
8/30/2026 5:00:00 PM,RTD,CLUZ,03TANWIND_G01,G,8/30/2026 4:56:00 PM,8/30/2026 5:00:00 PM,MAX_OPERATING_MW,7,
8/30/2026 5:00:00 PM,RTD,CLUZ,03TANWIND_G01,G,8/30/2026 4:56:00 PM,8/30/2026 5:00:00 PM,MIN_OPERATING_MW,7,
8/30/2026 5:00:00 PM,RTD,CLUZ,03TANWIND_G01,G,8/30/2026 5:01:00 PM,8/30/2026 5:05:00 PM,MAX_OPERATING_MW,6.70,
8/30/2026 5:00:00 PM,RTD,CLUZ,03TANWIND_G01,G,8/30/2026 5:01:00 PM,8/30/2026 5:05:00 PM,MIN_OPERATING_MW,6.70,
8/30/2026 5:00:00 PM,RTD,CVIS,04ISIDROSOL_G01,G,8/30/2026 4:01:00 PM,8/30/2026 5:00:00 PM,MAX_OPERATING_MW,26.40,
8/30/2026 5:00:00 PM,RTD,CVIS,04ISIDROSOL_G01,G,8/30/2026 4:01:00 PM,8/30/2026 5:00:00 PM,MIN_OPERATING_MW,26.40,
8/30/2026 5:00:00 PM,RTD,CVIS,04ISIDROSOL_G01,G,8/30/2026 5:01:00 PM,8/30/2026 6:00:00 PM,MAX_OPERATING_MW,4.60,
8/30/2026 5:00:00 PM,RTD,CVIS,04ISIDROSOL_G01,G,8/30/2026 5:01:00 PM,8/30/2026 6:00:00 PM,MIN_OPERATING_MW,4.60,
8/30/2026 5:00:00 PM,RTD,CVIS,08AJUYSOL_G01,G,8/30/2026 4:01:00 PM,8/30/2026 5:00:00 PM,MAX_OPERATING_MW,6.60,
8/30/2026 5:00:00 PM,RTD,CVIS,08AJUYSOL_G01,G,8/30/2026 4:01:00 PM,8/30/2026 5:00:00 PM,MIN_OPERATING_MW,6.60,
8/30/2026 5:00:00 PM,RTD,CVIS,08AJUYSOL_G01,G,8/30/2026 5:01:00 PM,8/30/2026 6:00:00 PM,MAX_OPERATING_MW,6.60,
8/30/2026 5:00:00 PM,RTD,CVIS,08AJUYSOL_G01,G,8/30/2026 5:01:00 PM,8/30/2026 6:00:00 PM,MIN_OPERATING_MW,6.60,
8/30/2026 5:00:00 PM,RTD,CVIS,08AJUYSOL_G02,G,8/30/2026 4:01:00 PM,8/30/2026 5:00:00 PM,MAX_OPERATING_MW,3.40,
8/30/2026 5:00:00 PM,RTD,CVIS,08AJUYSOL_G02,G,8/30/2026 4:01:00 PM,8/30/2026 5:00:00 PM,MIN_OPERATING_MW,3.40,
8/30/2026 5:00:00 PM,RTD,CVIS,08AJUYSOL_G02,G,8/30/2026 5:01:00 PM,8/30/2026 6:00:00 PM,MAX_OPERATING_MW,3.40,
8/30/2026 5:00:00 PM,RTD,CVIS,08AJUYSOL_G02,G,8/30/2026 5:01:00 PM,8/30/2026 6:00:00 PM,MIN_OPERATING_MW,3.40,
8/30/2026 5:00:00 PM,RTD,CMIN,10LIAN_G02,G,8/30/2026 12:05:00 AM,8/30/2026 11:59:00 PM,MAX_OPERATING_MW,5.20,
8/30/2026 5:00:00 PM,RTD,CMIN,10LIAN_G02,G,8/30/2026 12:05:00 AM,8/30/2026 11:59:00 PM,MIN_OPERATING_MW,0,
8/30/2026 5:00:00 PM,RTD,CMIN,14TANTASOL_G01,G,8/30/2026 4:01:00 PM,8/30/2026 5:00:00 PM,MAX_OPERATING_MW,7,
8/30/2026 5:00:00 PM,RTD,CMIN,14TANTASOL_G01,G,8/30/2026 4:01:00 PM,8/30/2026 5:00:00 PM,MIN_OPERATING_MW,1,
8/30/2026 5:00:00 PM,RTD,CMIN,14TANTASOL_G01,G,8/30/2026 5:01:00 PM,8/30/2026 6:00:00 PM,MAX_OPERATING_MW,13,
8/30/2026 5:00:00 PM,RTD,CMIN,14TANTASOL_G01,G,8/30/2026 5:01:00 PM,8/30/2026 6:00:00 PM,MIN_OPERATING_MW,13,
8/30/2026 5:05:00 PM,RTD,CLUZ,01BARBASOL_G01,G,8/30/2026 5:01:00 PM,8/30/2026 5:05:00 PM,MAX_OPERATING_MW,6.12,
8/30/2026 5:05:00 PM,RTD,CLUZ,01BARBASOL_G01,G,8/30/2026 5:01:00 PM,8/30/2026 5:05:00 PM,MIN_OPERATING_MW,6.12,
8/30/2026 5:05:00 PM,RTD,CLUZ,01BARBASOL_G01,G,8/30/2026 5:06:00 PM,8/30/2026 5:10:00 PM,MAX_OPERATING_MW,5.54,
8/30/2026 5:05:00 PM,RTD,CLUZ,01BARBASOL_G01,G,8/30/2026 5:06:00 PM,8/30/2026 5:10:00 PM,MIN_OPERATING_MW,5.54,
8/30/2026 5:05:00 PM,RTD,CLUZ,01BUGSOL_G01,G,8/30/2026 5:01:00 PM,8/30/2026 5:05:00 PM,MAX_OPERATING_MW,10.50,
8/30/2026 5:05:00 PM,RTD,CLUZ,01BUGSOL_G01,G,8/30/2026 5:01:00 PM,8/30/2026 5:05:00 PM,MIN_OPERATING_MW,10.50,
8/30/2026 5:05:00 PM,RTD,CLUZ,01BUGSOL_G01,G,8/30/2026 5:06:00 PM,8/30/2026 5:10:00 PM,MAX_OPERATING_MW,7.40,
8/30/2026 5:05:00 PM,RTD,CLUZ,01BUGSOL_G01,G,8/30/2026 5:06:00 PM,8/30/2026 5:10:00 PM,MIN_OPERATING_MW,7.40,
8/30/2026 5:05:00 PM,RTD,CLUZ,01BULACSOL_G01,G,8/30/2026 5:01:00 PM,8/30/2026 6:00:00 PM,MAX_OPERATING_MW,1.49,
8/30/2026 5:05:00 PM,RTD,CLUZ,01BULACSOL_G01,G,8/30/2026 5:01:00 PM,8/30/2026 6:00:00 PM,MIN_OPERATING_MW,1.49,
8/30/2026 5:05:00 PM,RTD,CLUZ,01CONSOL_G01,G,8/30/2026 5:01:00 PM,8/30/2026 5:05:00 PM,MAX_OPERATING_MW,7.46,
8/30/2026 5:05:00 PM,RTD,CLUZ,01CONSOL_G01,G,8/30/2026 5:01:00 PM,8/30/2026 5:05:00 PM,MIN_OPERATING_MW,7.46,
8/30/2026 5:05:00 PM,RTD,CLUZ,01CONSOL_G01,G,8/30/2026 5:06:00 PM,8/30/2026 5:10:00 PM,MAX_OPERATING_MW,6.04,
8/30/2026 5:05:00 PM,RTD,CLUZ,01CONSOL_G01,G,8/30/2026 5:06:00 PM,8/30/2026 5:10:00 PM,MIN_OPERATING_MW,6.04,
8/30/2026 5:05:00 PM,RTD,CLUZ,01PASBUSOL_G01,G,8/30/2026 5:01:00 PM,8/30/2026 6:00:00 PM,MAX_OPERATING_MW,3.06,
8/30/2026 5:05:00 PM,RTD,CLUZ,01PASBUSOL_G01,G,8/30/2026 5:01:00 PM,8/30/2026 6:00:00 PM,MIN_OPERATING_MW,3.06,
8/30/2026 5:05:00 PM,RTD,CLUZ,01TERRASOL_G01,G,8/30/2026 2:16:00 PM,8/30/2026 6:00:00 PM,MAX_OPERATING_MW,10,
8/30/2026 5:05:00 PM,RTD,CLUZ,01TERRASOL_G01,G,8/30/2026 2:16:00 PM,8/30/2026 6:00:00 PM,MIN_OPERATING_MW,10,
8/30/2026 5:05:00 PM,RTD,CLUZ,03LUNSOL_G01,G,8/30/2026 5:01:00 PM,8/30/2026 5:05:00 PM,MAX_OPERATING_MW,3.41,
8/30/2026 5:05:00 PM,RTD,CLUZ,03LUNSOL_G01,G,8/30/2026 5:01:00 PM,8/30/2026 5:05:00 PM,MIN_OPERATING_MW,3.41,
8/30/2026 5:05:00 PM,RTD,CLUZ,03LUNSOL_G01,G,8/30/2026 5:06:00 PM,8/30/2026 5:10:00 PM,MAX_OPERATING_MW,2.89,
8/30/2026 5:05:00 PM,RTD,CLUZ,03LUNSOL_G01,G,8/30/2026 5:06:00 PM,8/30/2026 5:10:00 PM,MIN_OPERATING_MW,2.89,
8/30/2026 5:05:00 PM,RTD,CLUZ,03TANWIND_G01,G,8/30/2026 5:01:00 PM,8/30/2026 5:05:00 PM,MAX_OPERATING_MW,6.70,
8/30/2026 5:05:00 PM,RTD,CLUZ,03TANWIND_G01,G,8/30/2026 5:01:00 PM,8/30/2026 5:05:00 PM,MIN_OPERATING_MW,6.70,
8/30/2026 5:05:00 PM,RTD,CLUZ,03TANWIND_G01,G,8/30/2026 5:06:00 PM,8/30/2026 5:10:00 PM,MAX_OPERATING_MW,6.70,
8/30/2026 5:05:00 PM,RTD,CLUZ,03TANWIND_G01,G,8/30/2026 5:06:00 PM,8/30/2026 5:10:00 PM,MIN_OPERATING_MW,6.70,
8/30/2026 5:05:00 PM,RTD,CVIS,04ISIDROSOL_G01,G,8/30/2026 5:01:00 PM,8/30/2026 6:00:00 PM,MAX_OPERATING_MW,4.60,
8/30/2026 5:05:00 PM,RTD,CVIS,04ISIDROSOL_G01,G,8/30/2026 5:01:00 PM,8/30/2026 6:00:00 PM,MIN_OPERATING_MW,4.60,
8/30/2026 5:05:00 PM,RTD,CVIS,08AJUYSOL_G01,G,8/30/2026 5:01:00 PM,8/30/2026 6:00:00 PM,MAX_OPERATING_MW,6.60,
8/30/2026 5:05:00 PM,RTD,CVIS,08AJUYSOL_G01,G,8/30/2026 5:01:00 PM,8/30/2026 6:00:00 PM,MIN_OPERATING_MW,6.60,
8/30/2026 5:05:00 PM,RTD,CVIS,08AJUYSOL_G02,G,8/30/2026 5:01:00 PM,8/30/2026 6:00:00 PM,MAX_OPERATING_MW,3.40,
8/30/2026 5:05:00 PM,RTD,CVIS,08AJUYSOL_G02,G,8/30/2026 5:01:00 PM,8/30/2026 6:00:00 PM,MIN_OPERATING_MW,3.40,
8/30/2026 5:05:00 PM,RTD,CMIN,10LIAN_G02,G,8/30/2026 12:05:00 AM,8/30/2026 11:59:00 PM,MAX_OPERATING_MW,5.20,
8/30/2026 5:05:00 PM,RTD,CMIN,10LIAN_G02,G,8/30/2026 12:05:00 AM,8/30/2026 11:59:00 PM,MIN_OPERATING_MW,0,
8/30/2026 5:05:00 PM,RTD,CMIN,14TANTASOL_G01,G,8/30/2026 5:01:00 PM,8/30/2026 6:00:00 PM,MAX_OPERATING_MW,13,
8/30/2026 5:05:00 PM,RTD,CMIN,14TANTASOL_G01,G,8/30/2026 5:01:00 PM,8/30/2026 6:00:00 PM,MIN_OPERATING_MW,13,
8/30/2026 5:10:00 PM,RTD,CLUZ,01BARBASOL_G01,G,8/30/2026 5:06:00 PM,8/30/2026 5:10:00 PM,MAX_OPERATING_MW,5.54,
8/30/2026 5:10:00 PM,RTD,CLUZ,01BARBASOL_G01,G,8/30/2026 5:06:00 PM,8/30/2026 5:10:00 PM,MIN_OPERATING_MW,5.54,
8/30/2026 5:10:00 PM,RTD,CLUZ,01BARBASOL_G01,G,8/30/2026 5:11:00 PM,8/30/2026 5:15:00 PM,MAX_OPERATING_MW,4.98,
8/30/2026 5:10:00 PM,RTD,CLUZ,01BARBASOL_G01,G,8/30/2026 5:11:00 PM,8/30/2026 5:15:00 PM,MIN_OPERATING_MW,4.98,
8/30/2026 5:10:00 PM,RTD,CLUZ,01BUGSOL_G01,G,8/30/2026 5:06:00 PM,8/30/2026 5:10:00 PM,MAX_OPERATING_MW,7.40,
8/30/2026 5:10:00 PM,RTD,CLUZ,01BUGSOL_G01,G,8/30/2026 5:06:00 PM,8/30/2026 5:10:00 PM,MIN_OPERATING_MW,7.40,
8/30/2026 5:10:00 PM,RTD,CLUZ,01BUGSOL_G01,G,8/30/2026 5:11:00 PM,8/30/2026 5:15:00 PM,MAX_OPERATING_MW,5,
8/30/2026 5:10:00 PM,RTD,CLUZ,01BUGSOL_G01,G,8/30/2026 5:11:00 PM,8/30/2026 5:15:00 PM,MIN_OPERATING_MW,5,
8/30/2026 5:10:00 PM,RTD,CLUZ,01BULACSOL_G01,G,8/30/2026 5:01:00 PM,8/30/2026 6:00:00 PM,MAX_OPERATING_MW,1.49,
8/30/2026 5:10:00 PM,RTD,CLUZ,01BULACSOL_G01,G,8/30/2026 5:01:00 PM,8/30/2026 6:00:00 PM,MIN_OPERATING_MW,1.49,
8/30/2026 5:10:00 PM,RTD,CLUZ,01CONSOL_G01,G,8/30/2026 5:06:00 PM,8/30/2026 5:10:00 PM,MAX_OPERATING_MW,6.04,
8/30/2026 5:10:00 PM,RTD,CLUZ,01CONSOL_G01,G,8/30/2026 5:06:00 PM,8/30/2026 5:10:00 PM,MIN_OPERATING_MW,6.04,
8/30/2026 5:10:00 PM,RTD,CLUZ,01CONSOL_G01,G,8/30/2026 5:11:00 PM,8/30/2026 5:15:00 PM,MAX_OPERATING_MW,4.49,
8/30/2026 5:10:00 PM,RTD,CLUZ,01CONSOL_G01,G,8/30/2026 5:11:00 PM,8/30/2026 5:15:00 PM,MIN_OPERATING_MW,4.49,
8/30/2026 5:10:00 PM,RTD,CLUZ,01PASBUSOL_G01,G,8/30/2026 5:01:00 PM,8/30/2026 6:00:00 PM,MAX_OPERATING_MW,3.06,
8/30/2026 5:10:00 PM,RTD,CLUZ,01PASBUSOL_G01,G,8/30/2026 5:01:00 PM,8/30/2026 6:00:00 PM,MIN_OPERATING_MW,3.06,
8/30/2026 5:10:00 PM,RTD,CLUZ,01TERRASOL_G01,G,8/30/2026 2:16:00 PM,8/30/2026 6:00:00 PM,MAX_OPERATING_MW,10,
8/30/2026 5:10:00 PM,RTD,CLUZ,01TERRASOL_G01,G,8/30/2026 2:16:00 PM,8/30/2026 6:00:00 PM,MIN_OPERATING_MW,10,
8/30/2026 5:10:00 PM,RTD,CLUZ,03LUNSOL_G01,G,8/30/2026 5:06:00 PM,8/30/2026 5:10:00 PM,MAX_OPERATING_MW,2.89,
8/30/2026 5:10:00 PM,RTD,CLUZ,03LUNSOL_G01,G,8/30/2026 5:06:00 PM,8/30/2026 5:10:00 PM,MIN_OPERATING_MW,2.89,
8/30/2026 5:10:00 PM,RTD,CLUZ,03LUNSOL_G01,G,8/30/2026 5:11:00 PM,8/30/2026 5:15:00 PM,MAX_OPERATING_MW,2.39,
8/30/2026 5:10:00 PM,RTD,CLUZ,03LUNSOL_G01,G,8/30/2026 5:11:00 PM,8/30/2026 5:15:00 PM,MIN_OPERATING_MW,2.39,
8/30/2026 5:10:00 PM,RTD,CLUZ,03TANWIND_G01,G,8/30/2026 5:06:00 PM,8/30/2026 5:10:00 PM,MAX_OPERATING_MW,6.70,
8/30/2026 5:10:00 PM,RTD,CLUZ,03TANWIND_G01,G,8/30/2026 5:06:00 PM,8/30/2026 5:10:00 PM,MIN_OPERATING_MW,6.70,
8/30/2026 5:10:00 PM,RTD,CLUZ,03TANWIND_G01,G,8/30/2026 5:11:00 PM,8/30/2026 5:15:00 PM,MAX_OPERATING_MW,6.70,
8/30/2026 5:10:00 PM,RTD,CLUZ,03TANWIND_G01,G,8/30/2026 5:11:00 PM,8/30/2026 5:15:00 PM,MIN_OPERATING_MW,6.70,
8/30/2026 5:10:00 PM,RTD,CVIS,04ISIDROSOL_G01,G,8/30/2026 5:01:00 PM,8/30/2026 6:00:00 PM,MAX_OPERATING_MW,4.60,
8/30/2026 5:10:00 PM,RTD,CVIS,04ISIDROSOL_G01,G,8/30/2026 5:01:00 PM,8/30/2026 6:00:00 PM,MIN_OPERATING_MW,4.60,
8/30/2026 5:10:00 PM,RTD,CVIS,08AJUYSOL_G01,G,8/30/2026 5:01:00 PM,8/30/2026 6:00:00 PM,MAX_OPERATING_MW,6.60,
8/30/2026 5:10:00 PM,RTD,CVIS,08AJUYSOL_G01,G,8/30/2026 5:01:00 PM,8/30/2026 6:00:00 PM,MIN_OPERATING_MW,6.60,
8/30/2026 5:10:00 PM,RTD,CVIS,08AJUYSOL_G02,G,8/30/2026 5:01:00 PM,8/30/2026 6:00:00 PM,MAX_OPERATING_MW,3.40,
8/30/2026 5:10:00 PM,RTD,CVIS,08AJUYSOL_G02,G,8/30/2026 5:01:00 PM,8/30/2026 6:00:00 PM,MIN_OPERATING_MW,3.40,
8/30/2026 5:10:00 PM,RTD,CMIN,10LIAN_G02,G,8/30/2026 12:05:00 AM,8/30/2026 11:59:00 PM,MAX_OPERATING_MW,5.20,
8/30/2026 5:10:00 PM,RTD,CMIN,10LIAN_G02,G,8/30/2026 12:05:00 AM,8/30/2026 11:59:00 PM,MIN_OPERATING_MW,0,
8/30/2026 5:10:00 PM,RTD,CMIN,14TANTASOL_G01,G,8/30/2026 5:01:00 PM,8/30/2026 6:00:00 PM,MAX_OPERATING_MW,13,
8/30/2026 5:10:00 PM,RTD,CMIN,14TANTASOL_G01,G,8/30/2026 5:01:00 PM,8/30/2026 6:00:00 PM,MIN_OPERATING_MW,13,
8/30/2026 5:15:00 PM,RTD,CLUZ,01BARBASOL_G01,G,8/30/2026 5:11:00 PM,8/30/2026 5:15:00 PM,MAX_OPERATING_MW,4.98,
8/30/2026 5:15:00 PM,RTD,CLUZ,01BARBASOL_G01,G,8/30/2026 5:11:00 PM,8/30/2026 5:15:00 PM,MIN_OPERATING_MW,4.98,
8/30/2026 5:15:00 PM,RTD,CLUZ,01BARBASOL_G01,G,8/30/2026 5:16:00 PM,8/30/2026 5:20:00 PM,MAX_OPERATING_MW,4.45,
8/30/2026 5:15:00 PM,RTD,CLUZ,01BARBASOL_G01,G,8/30/2026 5:16:00 PM,8/30/2026 5:20:00 PM,MIN_OPERATING_MW,4.45,
8/30/2026 5:15:00 PM,RTD,CLUZ,01BUGSOL_G01,G,8/30/2026 5:11:00 PM,8/30/2026 5:15:00 PM,MAX_OPERATING_MW,5,
8/30/2026 5:15:00 PM,RTD,CLUZ,01BUGSOL_G01,G,8/30/2026 5:11:00 PM,8/30/2026 5:15:00 PM,MIN_OPERATING_MW,5,
8/30/2026 5:15:00 PM,RTD,CLUZ,01BUGSOL_G01,G,8/30/2026 5:16:00 PM,8/30/2026 5:20:00 PM,MAX_OPERATING_MW,3.90,
8/30/2026 5:15:00 PM,RTD,CLUZ,01BUGSOL_G01,G,8/30/2026 5:16:00 PM,8/30/2026 5:20:00 PM,MIN_OPERATING_MW,3.90,
8/30/2026 5:15:00 PM,RTD,CLUZ,01BULACSOL_G01,G,8/30/2026 5:01:00 PM,8/30/2026 6:00:00 PM,MAX_OPERATING_MW,1.49,
8/30/2026 5:15:00 PM,RTD,CLUZ,01BULACSOL_G01,G,8/30/2026 5:01:00 PM,8/30/2026 6:00:00 PM,MIN_OPERATING_MW,1.49,
8/30/2026 5:15:00 PM,RTD,CLUZ,01CONSOL_G01,G,8/30/2026 5:11:00 PM,8/30/2026 5:15:00 PM,MAX_OPERATING_MW,4.49,
8/30/2026 5:15:00 PM,RTD,CLUZ,01CONSOL_G01,G,8/30/2026 5:11:00 PM,8/30/2026 5:15:00 PM,MIN_OPERATING_MW,4.49,
8/30/2026 5:15:00 PM,RTD,CLUZ,01CONSOL_G01,G,8/30/2026 5:16:00 PM,8/30/2026 5:20:00 PM,MAX_OPERATING_MW,3.18,
8/30/2026 5:15:00 PM,RTD,CLUZ,01CONSOL_G01,G,8/30/2026 5:16:00 PM,8/30/2026 5:20:00 PM,MIN_OPERATING_MW,3.18,
8/30/2026 5:15:00 PM,RTD,CLUZ,01PASBUSOL_G01,G,8/30/2026 5:01:00 PM,8/30/2026 6:00:00 PM,MAX_OPERATING_MW,3.06,
8/30/2026 5:15:00 PM,RTD,CLUZ,01PASBUSOL_G01,G,8/30/2026 5:01:00 PM,8/30/2026 6:00:00 PM,MIN_OPERATING_MW,3.06,
8/30/2026 5:15:00 PM,RTD,CLUZ,01TERRASOL_G01,G,8/30/2026 2:16:00 PM,8/30/2026 6:00:00 PM,MAX_OPERATING_MW,10,
8/30/2026 5:15:00 PM,RTD,CLUZ,01TERRASOL_G01,G,8/30/2026 2:16:00 PM,8/30/2026 6:00:00 PM,MIN_OPERATING_MW,10,
8/30/2026 5:15:00 PM,RTD,CLUZ,03LUNSOL_G01,G,8/30/2026 5:11:00 PM,8/30/2026 5:15:00 PM,MAX_OPERATING_MW,2.39,
8/30/2026 5:15:00 PM,RTD,CLUZ,03LUNSOL_G01,G,8/30/2026 5:11:00 PM,8/30/2026 5:15:00 PM,MIN_OPERATING_MW,2.39,
8/30/2026 5:15:00 PM,RTD,CLUZ,03LUNSOL_G01,G,8/30/2026 5:16:00 PM,8/30/2026 5:20:00 PM,MAX_OPERATING_MW,1.92,
8/30/2026 5:15:00 PM,RTD,CLUZ,03LUNSOL_G01,G,8/30/2026 5:16:00 PM,8/30/2026 5:20:00 PM,MIN_OPERATING_MW,1.92,
8/30/2026 5:15:00 PM,RTD,CLUZ,03TANWIND_G01,G,8/30/2026 5:11:00 PM,8/30/2026 5:15:00 PM,MAX_OPERATING_MW,6.70,
8/30/2026 5:15:00 PM,RTD,CLUZ,03TANWIND_G01,G,8/30/2026 5:11:00 PM,8/30/2026 5:15:00 PM,MIN_OPERATING_MW,6.70,
8/30/2026 5:15:00 PM,RTD,CLUZ,03TANWIND_G01,G,8/30/2026 5:16:00 PM,8/30/2026 5:20:00 PM,MAX_OPERATING_MW,6.70,
8/30/2026 5:15:00 PM,RTD,CLUZ,03TANWIND_G01,G,8/30/2026 5:16:00 PM,8/30/2026 5:20:00 PM,MIN_OPERATING_MW,6.70,
8/30/2026 5:15:00 PM,RTD,CVIS,04ISIDROSOL_G01,G,8/30/2026 5:01:00 PM,8/30/2026 6:00:00 PM,MAX_OPERATING_MW,4.60,
8/30/2026 5:15:00 PM,RTD,CVIS,04ISIDROSOL_G01,G,8/30/2026 5:01:00 PM,8/30/2026 6:00:00 PM,MIN_OPERATING_MW,4.60,
8/30/2026 5:15:00 PM,RTD,CVIS,08AJUYSOL_G01,G,8/30/2026 5:01:00 PM,8/30/2026 6:00:00 PM,MAX_OPERATING_MW,6.60,
8/30/2026 5:15:00 PM,RTD,CVIS,08AJUYSOL_G01,G,8/30/2026 5:01:00 PM,8/30/2026 6:00:00 PM,MIN_OPERATING_MW,6.60,
8/30/2026 5:15:00 PM,RTD,CVIS,08AJUYSOL_G02,G,8/30/2026 5:01:00 PM,8/30/2026 6:00:00 PM,MAX_OPERATING_MW,3.40,
8/30/2026 5:15:00 PM,RTD,CVIS,08AJUYSOL_G02,G,8/30/2026 5:01:00 PM,8/30/2026 6:00:00 PM,MIN_OPERATING_MW,3.40,
8/30/2026 5:15:00 PM,RTD,CMIN,10LIAN_G02,G,8/30/2026 12:05:00 AM,8/30/2026 11:59:00 PM,MAX_OPERATING_MW,5.20,
8/30/2026 5:15:00 PM,RTD,CMIN,10LIAN_G02,G,8/30/2026 12:05:00 AM,8/30/2026 11:59:00 PM,MIN_OPERATING_MW,0,
8/30/2026 5:15:00 PM,RTD,CMIN,14TANTASOL_G01,G,8/30/2026 5:01:00 PM,8/30/2026 6:00:00 PM,MAX_OPERATING_MW,13,
8/30/2026 5:15:00 PM,RTD,CMIN,14TANTASOL_G01,G,8/30/2026 5:01:00 PM,8/30/2026 6:00:00 PM,MIN_OPERATING_MW,13,
8/30/2026 5:20:00 PM,RTD,CLUZ,01BARBASOL_G01,G,8/30/2026 5:16:00 PM,8/30/2026 5:20:00 PM,MAX_OPERATING_MW,4.45,
8/30/2026 5:20:00 PM,RTD,CLUZ,01BARBASOL_G01,G,8/30/2026 5:16:00 PM,8/30/2026 5:20:00 PM,MIN_OPERATING_MW,4.45,
8/30/2026 5:20:00 PM,RTD,CLUZ,01BARBASOL_G01,G,8/30/2026 5:21:00 PM,8/30/2026 5:25:00 PM,MAX_OPERATING_MW,3.94,
8/30/2026 5:20:00 PM,RTD,CLUZ,01BARBASOL_G01,G,8/30/2026 5:21:00 PM,8/30/2026 5:25:00 PM,MIN_OPERATING_MW,3.94,
8/30/2026 5:20:00 PM,RTD,CLUZ,01BUGSOL_G01,G,8/30/2026 5:16:00 PM,8/30/2026 5:20:00 PM,MAX_OPERATING_MW,3.90,
8/30/2026 5:20:00 PM,RTD,CLUZ,01BUGSOL_G01,G,8/30/2026 5:16:00 PM,8/30/2026 5:20:00 PM,MIN_OPERATING_MW,3.90,
8/30/2026 5:20:00 PM,RTD,CLUZ,01BUGSOL_G01,G,8/30/2026 5:21:00 PM,8/30/2026 5:25:00 PM,MAX_OPERATING_MW,3.10,
8/30/2026 5:20:00 PM,RTD,CLUZ,01BUGSOL_G01,G,8/30/2026 5:21:00 PM,8/30/2026 5:25:00 PM,MIN_OPERATING_MW,3.10,
8/30/2026 5:20:00 PM,RTD,CLUZ,01BULACSOL_G01,G,8/30/2026 5:01:00 PM,8/30/2026 6:00:00 PM,MAX_OPERATING_MW,1.49,
8/30/2026 5:20:00 PM,RTD,CLUZ,01BULACSOL_G01,G,8/30/2026 5:01:00 PM,8/30/2026 6:00:00 PM,MIN_OPERATING_MW,1.49,
8/30/2026 5:20:00 PM,RTD,CLUZ,01CONSOL_G01,G,8/30/2026 5:16:00 PM,8/30/2026 5:20:00 PM,MAX_OPERATING_MW,3.18,
8/30/2026 5:20:00 PM,RTD,CLUZ,01CONSOL_G01,G,8/30/2026 5:16:00 PM,8/30/2026 5:20:00 PM,MIN_OPERATING_MW,3.18,
8/30/2026 5:20:00 PM,RTD,CLUZ,01CONSOL_G01,G,8/30/2026 5:21:00 PM,8/30/2026 5:25:00 PM,MAX_OPERATING_MW,2.10,
8/30/2026 5:20:00 PM,RTD,CLUZ,01CONSOL_G01,G,8/30/2026 5:21:00 PM,8/30/2026 5:25:00 PM,MIN_OPERATING_MW,2.10,
8/30/2026 5:20:00 PM,RTD,CLUZ,01PASBUSOL_G01,G,8/30/2026 5:01:00 PM,8/30/2026 6:00:00 PM,MAX_OPERATING_MW,3.06,
8/30/2026 5:20:00 PM,RTD,CLUZ,01PASBUSOL_G01,G,8/30/2026 5:01:00 PM,8/30/2026 6:00:00 PM,MIN_OPERATING_MW,3.06,
8/30/2026 5:20:00 PM,RTD,CLUZ,01TERRASOL_G01,G,8/30/2026 2:16:00 PM,8/30/2026 6:00:00 PM,MAX_OPERATING_MW,10,
8/30/2026 5:20:00 PM,RTD,CLUZ,01TERRASOL_G01,G,8/30/2026 2:16:00 PM,8/30/2026 6:00:00 PM,MIN_OPERATING_MW,10,
8/30/2026 5:20:00 PM,RTD,CLUZ,03LUNSOL_G01,G,8/30/2026 5:16:00 PM,8/30/2026 5:20:00 PM,MAX_OPERATING_MW,1.92,
8/30/2026 5:20:00 PM,RTD,CLUZ,03LUNSOL_G01,G,8/30/2026 5:16:00 PM,8/30/2026 5:20:00 PM,MIN_OPERATING_MW,1.92,
8/30/2026 5:20:00 PM,RTD,CLUZ,03LUNSOL_G01,G,8/30/2026 5:21:00 PM,8/30/2026 5:25:00 PM,MAX_OPERATING_MW,1.49,
8/30/2026 5:20:00 PM,RTD,CLUZ,03LUNSOL_G01,G,8/30/2026 5:21:00 PM,8/30/2026 5:25:00 PM,MIN_OPERATING_MW,1.49,
8/30/2026 5:20:00 PM,RTD,CLUZ,03TANWIND_G01,G,8/30/2026 5:16:00 PM,8/30/2026 5:20:00 PM,MAX_OPERATING_MW,6.70,
8/30/2026 5:20:00 PM,RTD,CLUZ,03TANWIND_G01,G,8/30/2026 5:16:00 PM,8/30/2026 5:20:00 PM,MIN_OPERATING_MW,6.70,
8/30/2026 5:20:00 PM,RTD,CLUZ,03TANWIND_G01,G,8/30/2026 5:21:00 PM,8/30/2026 5:25:00 PM,MAX_OPERATING_MW,6.70,
8/30/2026 5:20:00 PM,RTD,CLUZ,03TANWIND_G01,G,8/30/2026 5:21:00 PM,8/30/2026 5:25:00 PM,MIN_OPERATING_MW,6.70,
8/30/2026 5:20:00 PM,RTD,CVIS,04ISIDROSOL_G01,G,8/30/2026 5:01:00 PM,8/30/2026 6:00:00 PM,MAX_OPERATING_MW,4.60,
8/30/2026 5:20:00 PM,RTD,CVIS,04ISIDROSOL_G01,G,8/30/2026 5:01:00 PM,8/30/2026 6:00:00 PM,MIN_OPERATING_MW,4.60,
8/30/2026 5:20:00 PM,RTD,CVIS,08AJUYSOL_G01,G,8/30/2026 5:01:00 PM,8/30/2026 6:00:00 PM,MAX_OPERATING_MW,6.60,
8/30/2026 5:20:00 PM,RTD,CVIS,08AJUYSOL_G01,G,8/30/2026 5:01:00 PM,8/30/2026 6:00:00 PM,MIN_OPERATING_MW,6.60,
8/30/2026 5:20:00 PM,RTD,CVIS,08AJUYSOL_G02,G,8/30/2026 5:01:00 PM,8/30/2026 6:00:00 PM,MAX_OPERATING_MW,3.40,
8/30/2026 5:20:00 PM,RTD,CVIS,08AJUYSOL_G02,G,8/30/2026 5:01:00 PM,8/30/2026 6:00:00 PM,MIN_OPERATING_MW,3.40,
8/30/2026 5:20:00 PM,RTD,CMIN,10LIAN_G02,G,8/30/2026 12:05:00 AM,8/30/2026 11:59:00 PM,MAX_OPERATING_MW,5.20,
8/30/2026 5:20:00 PM,RTD,CMIN,10LIAN_G02,G,8/30/2026 12:05:00 AM,8/30/2026 11:59:00 PM,MIN_OPERATING_MW,0,
8/30/2026 5:20:00 PM,RTD,CMIN,14TANTASOL_G01,G,8/30/2026 5:01:00 PM,8/30/2026 6:00:00 PM,MAX_OPERATING_MW,13,
8/30/2026 5:20:00 PM,RTD,CMIN,14TANTASOL_G01,G,8/30/2026 5:01:00 PM,8/30/2026 6:00:00 PM,MIN_OPERATING_MW,13,
8/30/2026 5:25:00 PM,RTD,CLUZ,01BARBASOL_G01,G,8/30/2026 5:21:00 PM,8/30/2026 5:25:00 PM,MAX_OPERATING_MW,3.94,
8/30/2026 5:25:00 PM,RTD,CLUZ,01BARBASOL_G01,G,8/30/2026 5:21:00 PM,8/30/2026 5:25:00 PM,MIN_OPERATING_MW,3.94,
8/30/2026 5:25:00 PM,RTD,CLUZ,01BARBASOL_G01,G,8/30/2026 5:26:00 PM,8/30/2026 5:30:00 PM,MAX_OPERATING_MW,3.46,
8/30/2026 5:25:00 PM,RTD,CLUZ,01BARBASOL_G01,G,8/30/2026 5:26:00 PM,8/30/2026 5:30:00 PM,MIN_OPERATING_MW,3.46,
8/30/2026 5:25:00 PM,RTD,CLUZ,01BUGSOL_G01,G,8/30/2026 5:21:00 PM,8/30/2026 5:25:00 PM,MAX_OPERATING_MW,3.10,
8/30/2026 5:25:00 PM,RTD,CLUZ,01BUGSOL_G01,G,8/30/2026 5:21:00 PM,8/30/2026 5:25:00 PM,MIN_OPERATING_MW,3.10,
8/30/2026 5:25:00 PM,RTD,CLUZ,01BUGSOL_G01,G,8/30/2026 5:26:00 PM,8/30/2026 5:30:00 PM,MAX_OPERATING_MW,3.40,
8/30/2026 5:25:00 PM,RTD,CLUZ,01BUGSOL_G01,G,8/30/2026 5:26:00 PM,8/30/2026 5:30:00 PM,MIN_OPERATING_MW,3.40,
8/30/2026 5:25:00 PM,RTD,CLUZ,01BULACSOL_G01,G,8/30/2026 5:01:00 PM,8/30/2026 6:00:00 PM,MAX_OPERATING_MW,1.49,
8/30/2026 5:25:00 PM,RTD,CLUZ,01BULACSOL_G01,G,8/30/2026 5:01:00 PM,8/30/2026 6:00:00 PM,MIN_OPERATING_MW,1.49,
8/30/2026 5:25:00 PM,RTD,CLUZ,01CONSOL_G01,G,8/30/2026 5:21:00 PM,8/30/2026 5:25:00 PM,MAX_OPERATING_MW,2.10,
8/30/2026 5:25:00 PM,RTD,CLUZ,01CONSOL_G01,G,8/30/2026 5:21:00 PM,8/30/2026 5:25:00 PM,MIN_OPERATING_MW,2.10,
8/30/2026 5:25:00 PM,RTD,CLUZ,01CONSOL_G01,G,8/30/2026 5:26:00 PM,8/30/2026 5:30:00 PM,MAX_OPERATING_MW,1.23,
8/30/2026 5:25:00 PM,RTD,CLUZ,01CONSOL_G01,G,8/30/2026 5:26:00 PM,8/30/2026 5:30:00 PM,MIN_OPERATING_MW,1.23,
8/30/2026 5:25:00 PM,RTD,CLUZ,01PASBUSOL_G01,G,8/30/2026 5:01:00 PM,8/30/2026 6:00:00 PM,MAX_OPERATING_MW,3.06,
8/30/2026 5:25:00 PM,RTD,CLUZ,01PASBUSOL_G01,G,8/30/2026 5:01:00 PM,8/30/2026 6:00:00 PM,MIN_OPERATING_MW,3.06,
8/30/2026 5:25:00 PM,RTD,CLUZ,01TERRASOL_G01,G,8/30/2026 2:16:00 PM,8/30/2026 6:00:00 PM,MAX_OPERATING_MW,10,
8/30/2026 5:25:00 PM,RTD,CLUZ,01TERRASOL_G01,G,8/30/2026 2:16:00 PM,8/30/2026 6:00:00 PM,MIN_OPERATING_MW,10,
8/30/2026 5:25:00 PM,RTD,CLUZ,03LUNSOL_G01,G,8/30/2026 5:21:00 PM,8/30/2026 5:25:00 PM,MAX_OPERATING_MW,1.49,
8/30/2026 5:25:00 PM,RTD,CLUZ,03LUNSOL_G01,G,8/30/2026 5:21:00 PM,8/30/2026 5:25:00 PM,MIN_OPERATING_MW,1.49,
8/30/2026 5:25:00 PM,RTD,CLUZ,03LUNSOL_G01,G,8/30/2026 5:26:00 PM,8/30/2026 5:30:00 PM,MAX_OPERATING_MW,1.10,
8/30/2026 5:25:00 PM,RTD,CLUZ,03LUNSOL_G01,G,8/30/2026 5:26:00 PM,8/30/2026 5:30:00 PM,MIN_OPERATING_MW,1.10,
8/30/2026 5:25:00 PM,RTD,CLUZ,03TANWIND_G01,G,8/30/2026 5:21:00 PM,8/30/2026 5:25:00 PM,MAX_OPERATING_MW,6.70,
8/30/2026 5:25:00 PM,RTD,CLUZ,03TANWIND_G01,G,8/30/2026 5:21:00 PM,8/30/2026 5:25:00 PM,MIN_OPERATING_MW,6.70,
8/30/2026 5:25:00 PM,RTD,CLUZ,03TANWIND_G01,G,8/30/2026 5:26:00 PM,8/30/2026 5:30:00 PM,MAX_OPERATING_MW,6.70,
8/30/2026 5:25:00 PM,RTD,CLUZ,03TANWIND_G01,G,8/30/2026 5:26:00 PM,8/30/2026 5:30:00 PM,MIN_OPERATING_MW,6.70,
8/30/2026 5:25:00 PM,RTD,CVIS,04ISIDROSOL_G01,G,8/30/2026 5:01:00 PM,8/30/2026 6:00:00 PM,MAX_OPERATING_MW,4.60,
8/30/2026 5:25:00 PM,RTD,CVIS,04ISIDROSOL_G01,G,8/30/2026 5:01:00 PM,8/30/2026 6:00:00 PM,MIN_OPERATING_MW,4.60,
8/30/2026 5:25:00 PM,RTD,CVIS,08AJUYSOL_G01,G,8/30/2026 5:01:00 PM,8/30/2026 6:00:00 PM,MAX_OPERATING_MW,6.60,
8/30/2026 5:25:00 PM,RTD,CVIS,08AJUYSOL_G01,G,8/30/2026 5:01:00 PM,8/30/2026 6:00:00 PM,MIN_OPERATING_MW,6.60,
8/30/2026 5:25:00 PM,RTD,CVIS,08AJUYSOL_G02,G,8/30/2026 5:01:00 PM,8/30/2026 6:00:00 PM,MAX_OPERATING_MW,3.40,
8/30/2026 5:25:00 PM,RTD,CVIS,08AJUYSOL_G02,G,8/30/2026 5:01:00 PM,8/30/2026 6:00:00 PM,MIN_OPERATING_MW,3.40,
8/30/2026 5:25:00 PM,RTD,CMIN,10LIAN_G02,G,8/30/2026 12:05:00 AM,8/30/2026 11:59:00 PM,MAX_OPERATING_MW,5.20,
8/30/2026 5:25:00 PM,RTD,CMIN,10LIAN_G02,G,8/30/2026 12:05:00 AM,8/30/2026 11:59:00 PM,MIN_OPERATING_MW,0,
8/30/2026 5:25:00 PM,RTD,CMIN,14TANTASOL_G01,G,8/30/2026 5:01:00 PM,8/30/2026 6:00:00 PM,MAX_OPERATING_MW,13,
8/30/2026 5:25:00 PM,RTD,CMIN,14TANTASOL_G01,G,8/30/2026 5:01:00 PM,8/30/2026 6:00:00 PM,MIN_OPERATING_MW,13,
8/30/2026 5:30:00 PM,RTD,CLUZ,01BARBASOL_G01,G,8/30/2026 5:26:00 PM,8/30/2026 5:30:00 PM,MAX_OPERATING_MW,3.46,
8/30/2026 5:30:00 PM,RTD,CLUZ,01BARBASOL_G01,G,8/30/2026 5:26:00 PM,8/30/2026 5:30:00 PM,MIN_OPERATING_MW,3.46,
8/30/2026 5:30:00 PM,RTD,CLUZ,01BARBASOL_G01,G,8/30/2026 5:31:00 PM,8/30/2026 5:35:00 PM,MAX_OPERATING_MW,2.99,
8/30/2026 5:30:00 PM,RTD,CLUZ,01BARBASOL_G01,G,8/30/2026 5:31:00 PM,8/30/2026 5:35:00 PM,MIN_OPERATING_MW,2.99,
8/30/2026 5:30:00 PM,RTD,CLUZ,01BUGSOL_G01,G,8/30/2026 5:26:00 PM,8/30/2026 5:30:00 PM,MAX_OPERATING_MW,3.40,
8/30/2026 5:30:00 PM,RTD,CLUZ,01BUGSOL_G01,G,8/30/2026 5:26:00 PM,8/30/2026 5:30:00 PM,MIN_OPERATING_MW,3.40,
8/30/2026 5:30:00 PM,RTD,CLUZ,01BUGSOL_G01,G,8/30/2026 5:31:00 PM,8/30/2026 5:35:00 PM,MAX_OPERATING_MW,3.40,
8/30/2026 5:30:00 PM,RTD,CLUZ,01BUGSOL_G01,G,8/30/2026 5:31:00 PM,8/30/2026 5:35:00 PM,MIN_OPERATING_MW,3.40,
8/30/2026 5:30:00 PM,RTD,CLUZ,01BULACSOL_G01,G,8/30/2026 5:01:00 PM,8/30/2026 6:00:00 PM,MAX_OPERATING_MW,1.49,
8/30/2026 5:30:00 PM,RTD,CLUZ,01BULACSOL_G01,G,8/30/2026 5:01:00 PM,8/30/2026 6:00:00 PM,MIN_OPERATING_MW,1.49,
8/30/2026 5:30:00 PM,RTD,CLUZ,01CONSOL_G01,G,8/30/2026 5:26:00 PM,8/30/2026 5:30:00 PM,MAX_OPERATING_MW,1.23,
8/30/2026 5:30:00 PM,RTD,CLUZ,01CONSOL_G01,G,8/30/2026 5:26:00 PM,8/30/2026 5:30:00 PM,MIN_OPERATING_MW,1.23,
8/30/2026 5:30:00 PM,RTD,CLUZ,01CONSOL_G01,G,8/30/2026 5:31:00 PM,8/30/2026 5:35:00 PM,MAX_OPERATING_MW,0.55,
8/30/2026 5:30:00 PM,RTD,CLUZ,01CONSOL_G01,G,8/30/2026 5:31:00 PM,8/30/2026 5:35:00 PM,MIN_OPERATING_MW,0.55,
8/30/2026 5:30:00 PM,RTD,CLUZ,01PASBUSOL_G01,G,8/30/2026 5:01:00 PM,8/30/2026 6:00:00 PM,MAX_OPERATING_MW,3.06,
8/30/2026 5:30:00 PM,RTD,CLUZ,01PASBUSOL_G01,G,8/30/2026 5:01:00 PM,8/30/2026 6:00:00 PM,MIN_OPERATING_MW,3.06,
8/30/2026 5:30:00 PM,RTD,CLUZ,01TERRASOL_G01,G,8/30/2026 2:16:00 PM,8/30/2026 6:00:00 PM,MAX_OPERATING_MW,10,
8/30/2026 5:30:00 PM,RTD,CLUZ,01TERRASOL_G01,G,8/30/2026 2:16:00 PM,8/30/2026 6:00:00 PM,MIN_OPERATING_MW,10,
8/30/2026 5:30:00 PM,RTD,CLUZ,03LUNSOL_G01,G,8/30/2026 5:26:00 PM,8/30/2026 5:30:00 PM,MAX_OPERATING_MW,1.10,
8/30/2026 5:30:00 PM,RTD,CLUZ,03LUNSOL_G01,G,8/30/2026 5:26:00 PM,8/30/2026 5:30:00 PM,MIN_OPERATING_MW,1.10,
8/30/2026 5:30:00 PM,RTD,CLUZ,03LUNSOL_G01,G,8/30/2026 5:31:00 PM,8/30/2026 5:35:00 PM,MAX_OPERATING_MW,0.75,
8/30/2026 5:30:00 PM,RTD,CLUZ,03LUNSOL_G01,G,8/30/2026 5:31:00 PM,8/30/2026 5:35:00 PM,MIN_OPERATING_MW,0.75,
8/30/2026 5:30:00 PM,RTD,CLUZ,03TANWIND_G01,G,8/30/2026 5:26:00 PM,8/30/2026 5:30:00 PM,MAX_OPERATING_MW,6.70,
8/30/2026 5:30:00 PM,RTD,CLUZ,03TANWIND_G01,G,8/30/2026 5:26:00 PM,8/30/2026 5:30:00 PM,MIN_OPERATING_MW,6.70,
8/30/2026 5:30:00 PM,RTD,CLUZ,03TANWIND_G01,G,8/30/2026 5:31:00 PM,8/30/2026 5:35:00 PM,MAX_OPERATING_MW,6.70,
8/30/2026 5:30:00 PM,RTD,CLUZ,03TANWIND_G01,G,8/30/2026 5:31:00 PM,8/30/2026 5:35:00 PM,MIN_OPERATING_MW,6.70,
8/30/2026 5:30:00 PM,RTD,CVIS,04ISIDROSOL_G01,G,8/30/2026 5:01:00 PM,8/30/2026 6:00:00 PM,MAX_OPERATING_MW,4.60,
8/30/2026 5:30:00 PM,RTD,CVIS,04ISIDROSOL_G01,G,8/30/2026 5:01:00 PM,8/30/2026 6:00:00 PM,MIN_OPERATING_MW,4.60,
8/30/2026 5:30:00 PM,RTD,CVIS,08AJUYSOL_G01,G,8/30/2026 5:01:00 PM,8/30/2026 6:00:00 PM,MAX_OPERATING_MW,6.60,
8/30/2026 5:30:00 PM,RTD,CVIS,08AJUYSOL_G01,G,8/30/2026 5:01:00 PM,8/30/2026 6:00:00 PM,MIN_OPERATING_MW,6.60,
8/30/2026 5:30:00 PM,RTD,CVIS,08AJUYSOL_G02,G,8/30/2026 5:01:00 PM,8/30/2026 6:00:00 PM,MAX_OPERATING_MW,3.40,
8/30/2026 5:30:00 PM,RTD,CVIS,08AJUYSOL_G02,G,8/30/2026 5:01:00 PM,8/30/2026 6:00:00 PM,MIN_OPERATING_MW,3.40,
8/30/2026 5:30:00 PM,RTD,CMIN,10LIAN_G02,G,8/30/2026 12:05:00 AM,8/30/2026 11:59:00 PM,MAX_OPERATING_MW,5.20,
8/30/2026 5:30:00 PM,RTD,CMIN,10LIAN_G02,G,8/30/2026 12:05:00 AM,8/30/2026 11:59:00 PM,MIN_OPERATING_MW,0,
8/30/2026 5:30:00 PM,RTD,CMIN,14TANTASOL_G01,G,8/30/2026 5:01:00 PM,8/30/2026 6:00:00 PM,MAX_OPERATING_MW,13,
8/30/2026 5:30:00 PM,RTD,CMIN,14TANTASOL_G01,G,8/30/2026 5:01:00 PM,8/30/2026 6:00:00 PM,MIN_OPERATING_MW,13,
8/30/2026 5:35:00 PM,RTD,CLUZ,01BARBASOL_G01,G,8/30/2026 5:31:00 PM,8/30/2026 5:35:00 PM,MAX_OPERATING_MW,2.99,
8/30/2026 5:35:00 PM,RTD,CLUZ,01BARBASOL_G01,G,8/30/2026 5:31:00 PM,8/30/2026 5:35:00 PM,MIN_OPERATING_MW,2.99,
8/30/2026 5:35:00 PM,RTD,CLUZ,01BARBASOL_G01,G,8/30/2026 5:36:00 PM,8/30/2026 5:40:00 PM,MAX_OPERATING_MW,2.55,
8/30/2026 5:35:00 PM,RTD,CLUZ,01BARBASOL_G01,G,8/30/2026 5:36:00 PM,8/30/2026 5:40:00 PM,MIN_OPERATING_MW,2.55,
8/30/2026 5:35:00 PM,RTD,CLUZ,01BUGSOL_G01,G,8/30/2026 5:31:00 PM,8/30/2026 5:35:00 PM,MAX_OPERATING_MW,3.40,
8/30/2026 5:35:00 PM,RTD,CLUZ,01BUGSOL_G01,G,8/30/2026 5:31:00 PM,8/30/2026 5:35:00 PM,MIN_OPERATING_MW,3.40,
8/30/2026 5:35:00 PM,RTD,CLUZ,01BUGSOL_G01,G,8/30/2026 5:36:00 PM,8/30/2026 5:40:00 PM,MAX_OPERATING_MW,4,
8/30/2026 5:35:00 PM,RTD,CLUZ,01BUGSOL_G01,G,8/30/2026 5:36:00 PM,8/30/2026 5:40:00 PM,MIN_OPERATING_MW,4,
8/30/2026 5:35:00 PM,RTD,CLUZ,01BULACSOL_G01,G,8/30/2026 5:01:00 PM,8/30/2026 6:00:00 PM,MAX_OPERATING_MW,1.49,
8/30/2026 5:35:00 PM,RTD,CLUZ,01BULACSOL_G01,G,8/30/2026 5:01:00 PM,8/30/2026 6:00:00 PM,MIN_OPERATING_MW,1.49,
8/30/2026 5:35:00 PM,RTD,CLUZ,01CONSOL_G01,G,8/30/2026 5:31:00 PM,8/30/2026 5:35:00 PM,MAX_OPERATING_MW,0.55,
8/30/2026 5:35:00 PM,RTD,CLUZ,01CONSOL_G01,G,8/30/2026 5:31:00 PM,8/30/2026 5:35:00 PM,MIN_OPERATING_MW,0.55,
8/30/2026 5:35:00 PM,RTD,CLUZ,01CONSOL_G01,G,8/30/2026 5:36:00 PM,8/30/2026 5:40:00 PM,MAX_OPERATING_MW,0.10,
8/30/2026 5:35:00 PM,RTD,CLUZ,01CONSOL_G01,G,8/30/2026 5:36:00 PM,8/30/2026 5:40:00 PM,MIN_OPERATING_MW,0.10,
8/30/2026 5:35:00 PM,RTD,CLUZ,01PASBUSOL_G01,G,8/30/2026 5:01:00 PM,8/30/2026 6:00:00 PM,MAX_OPERATING_MW,3.06,
8/30/2026 5:35:00 PM,RTD,CLUZ,01PASBUSOL_G01,G,8/30/2026 5:01:00 PM,8/30/2026 6:00:00 PM,MIN_OPERATING_MW,3.06,
8/30/2026 5:35:00 PM,RTD,CLUZ,01TERRASOL_G01,G,8/30/2026 2:16:00 PM,8/30/2026 6:00:00 PM,MAX_OPERATING_MW,10,
8/30/2026 5:35:00 PM,RTD,CLUZ,01TERRASOL_G01,G,8/30/2026 2:16:00 PM,8/30/2026 6:00:00 PM,MIN_OPERATING_MW,10,
8/30/2026 5:35:00 PM,RTD,CLUZ,03LUNSOL_G01,G,8/30/2026 5:31:00 PM,8/30/2026 5:35:00 PM,MAX_OPERATING_MW,0.75,
8/30/2026 5:35:00 PM,RTD,CLUZ,03LUNSOL_G01,G,8/30/2026 5:31:00 PM,8/30/2026 5:35:00 PM,MIN_OPERATING_MW,0.75,
8/30/2026 5:35:00 PM,RTD,CLUZ,03LUNSOL_G01,G,8/30/2026 5:36:00 PM,8/30/2026 5:40:00 PM,MAX_OPERATING_MW,0.46,
8/30/2026 5:35:00 PM,RTD,CLUZ,03LUNSOL_G01,G,8/30/2026 5:36:00 PM,8/30/2026 5:40:00 PM,MIN_OPERATING_MW,0.46,
8/30/2026 5:35:00 PM,RTD,CLUZ,03TANWIND_G01,G,8/30/2026 5:31:00 PM,8/30/2026 5:35:00 PM,MAX_OPERATING_MW,6.70,
8/30/2026 5:35:00 PM,RTD,CLUZ,03TANWIND_G01,G,8/30/2026 5:31:00 PM,8/30/2026 5:35:00 PM,MIN_OPERATING_MW,6.70,
8/30/2026 5:35:00 PM,RTD,CLUZ,03TANWIND_G01,G,8/30/2026 5:36:00 PM,8/30/2026 5:40:00 PM,MAX_OPERATING_MW,6.70,
8/30/2026 5:35:00 PM,RTD,CLUZ,03TANWIND_G01,G,8/30/2026 5:36:00 PM,8/30/2026 5:40:00 PM,MIN_OPERATING_MW,6.70,
8/30/2026 5:35:00 PM,RTD,CVIS,04ISIDROSOL_G01,G,8/30/2026 5:01:00 PM,8/30/2026 6:00:00 PM,MAX_OPERATING_MW,4.60,
8/30/2026 5:35:00 PM,RTD,CVIS,04ISIDROSOL_G01,G,8/30/2026 5:01:00 PM,8/30/2026 6:00:00 PM,MIN_OPERATING_MW,4.60,
8/30/2026 5:35:00 PM,RTD,CVIS,08AJUYSOL_G01,G,8/30/2026 5:01:00 PM,8/30/2026 6:00:00 PM,MAX_OPERATING_MW,6.60,
8/30/2026 5:35:00 PM,RTD,CVIS,08AJUYSOL_G01,G,8/30/2026 5:01:00 PM,8/30/2026 6:00:00 PM,MIN_OPERATING_MW,6.60,
8/30/2026 5:35:00 PM,RTD,CVIS,08AJUYSOL_G02,G,8/30/2026 5:01:00 PM,8/30/2026 6:00:00 PM,MAX_OPERATING_MW,3.40,
8/30/2026 5:35:00 PM,RTD,CVIS,08AJUYSOL_G02,G,8/30/2026 5:01:00 PM,8/30/2026 6:00:00 PM,MIN_OPERATING_MW,3.40,
8/30/2026 5:35:00 PM,RTD,CMIN,10LIAN_G02,G,8/30/2026 12:05:00 AM,8/30/2026 11:59:00 PM,MAX_OPERATING_MW,5.20,
8/30/2026 5:35:00 PM,RTD,CMIN,10LIAN_G02,G,8/30/2026 12:05:00 AM,8/30/2026 11:59:00 PM,MIN_OPERATING_MW,0,
8/30/2026 5:35:00 PM,RTD,CMIN,14TANTASOL_G01,G,8/30/2026 5:01:00 PM,8/30/2026 6:00:00 PM,MAX_OPERATING_MW,13,
8/30/2026 5:35:00 PM,RTD,CMIN,14TANTASOL_G01,G,8/30/2026 5:01:00 PM,8/30/2026 6:00:00 PM,MIN_OPERATING_MW,13,
8/30/2026 5:40:00 PM,RTD,CLUZ,01BARBASOL_G01,G,8/30/2026 5:36:00 PM,8/30/2026 5:40:00 PM,MAX_OPERATING_MW,2.55,
8/30/2026 5:40:00 PM,RTD,CLUZ,01BARBASOL_G01,G,8/30/2026 5:36:00 PM,8/30/2026 5:40:00 PM,MIN_OPERATING_MW,2.55,
8/30/2026 5:40:00 PM,RTD,CLUZ,01BARBASOL_G01,G,8/30/2026 5:41:00 PM,8/30/2026 5:45:00 PM,MAX_OPERATING_MW,2.13,
8/30/2026 5:40:00 PM,RTD,CLUZ,01BARBASOL_G01,G,8/30/2026 5:41:00 PM,8/30/2026 5:45:00 PM,MIN_OPERATING_MW,2.13,
8/30/2026 5:40:00 PM,RTD,CLUZ,01BUGSOL_G01,G,8/30/2026 5:36:00 PM,8/30/2026 5:40:00 PM,MAX_OPERATING_MW,4,
8/30/2026 5:40:00 PM,RTD,CLUZ,01BUGSOL_G01,G,8/30/2026 5:36:00 PM,8/30/2026 5:40:00 PM,MIN_OPERATING_MW,4,
8/30/2026 5:40:00 PM,RTD,CLUZ,01BUGSOL_G01,G,8/30/2026 5:41:00 PM,8/30/2026 5:45:00 PM,MAX_OPERATING_MW,4.30,
8/30/2026 5:40:00 PM,RTD,CLUZ,01BUGSOL_G01,G,8/30/2026 5:41:00 PM,8/30/2026 5:45:00 PM,MIN_OPERATING_MW,4.30,
8/30/2026 5:40:00 PM,RTD,CLUZ,01BULACSOL_G01,G,8/30/2026 5:01:00 PM,8/30/2026 6:00:00 PM,MAX_OPERATING_MW,1.49,
8/30/2026 5:40:00 PM,RTD,CLUZ,01BULACSOL_G01,G,8/30/2026 5:01:00 PM,8/30/2026 6:00:00 PM,MIN_OPERATING_MW,1.49,
8/30/2026 5:40:00 PM,RTD,CLUZ,01CONSOL_G01,G,8/30/2026 5:36:00 PM,8/30/2026 5:40:00 PM,MAX_OPERATING_MW,0.10,
8/30/2026 5:40:00 PM,RTD,CLUZ,01CONSOL_G01,G,8/30/2026 5:36:00 PM,8/30/2026 5:40:00 PM,MIN_OPERATING_MW,0.10,
8/30/2026 5:40:00 PM,RTD,CLUZ,01CONSOL_G01,G,8/30/2026 5:41:00 PM,8/30/2026 5:45:00 PM,MAX_OPERATING_MW,0.10,
8/30/2026 5:40:00 PM,RTD,CLUZ,01CONSOL_G01,G,8/30/2026 5:41:00 PM,8/30/2026 5:45:00 PM,MIN_OPERATING_MW,0.10,
8/30/2026 5:40:00 PM,RTD,CLUZ,01PASBUSOL_G01,G,8/30/2026 5:01:00 PM,8/30/2026 6:00:00 PM,MAX_OPERATING_MW,3.06,
8/30/2026 5:40:00 PM,RTD,CLUZ,01PASBUSOL_G01,G,8/30/2026 5:01:00 PM,8/30/2026 6:00:00 PM,MIN_OPERATING_MW,3.06,
8/30/2026 5:40:00 PM,RTD,CLUZ,01TERRASOL_G01,G,8/30/2026 2:16:00 PM,8/30/2026 6:00:00 PM,MAX_OPERATING_MW,10,
8/30/2026 5:40:00 PM,RTD,CLUZ,01TERRASOL_G01,G,8/30/2026 2:16:00 PM,8/30/2026 6:00:00 PM,MIN_OPERATING_MW,10,
8/30/2026 5:40:00 PM,RTD,CLUZ,03LUNSOL_G01,G,8/30/2026 5:36:00 PM,8/30/2026 5:40:00 PM,MAX_OPERATING_MW,0.46,
8/30/2026 5:40:00 PM,RTD,CLUZ,03LUNSOL_G01,G,8/30/2026 5:36:00 PM,8/30/2026 5:40:00 PM,MIN_OPERATING_MW,0.46,
8/30/2026 5:40:00 PM,RTD,CLUZ,03LUNSOL_G01,G,8/30/2026 5:41:00 PM,8/30/2026 5:45:00 PM,MAX_OPERATING_MW,0.24,
8/30/2026 5:40:00 PM,RTD,CLUZ,03LUNSOL_G01,G,8/30/2026 5:41:00 PM,8/30/2026 5:45:00 PM,MIN_OPERATING_MW,0.24,
8/30/2026 5:40:00 PM,RTD,CLUZ,03TANWIND_G01,G,8/30/2026 5:36:00 PM,8/30/2026 5:40:00 PM,MAX_OPERATING_MW,6.70,
8/30/2026 5:40:00 PM,RTD,CLUZ,03TANWIND_G01,G,8/30/2026 5:36:00 PM,8/30/2026 5:40:00 PM,MIN_OPERATING_MW,6.70,
8/30/2026 5:40:00 PM,RTD,CLUZ,03TANWIND_G01,G,8/30/2026 5:41:00 PM,8/30/2026 5:45:00 PM,MAX_OPERATING_MW,6.70,
8/30/2026 5:40:00 PM,RTD,CLUZ,03TANWIND_G01,G,8/30/2026 5:41:00 PM,8/30/2026 5:45:00 PM,MIN_OPERATING_MW,6.70,
8/30/2026 5:40:00 PM,RTD,CVIS,04ISIDROSOL_G01,G,8/30/2026 5:01:00 PM,8/30/2026 6:00:00 PM,MAX_OPERATING_MW,4.60,
8/30/2026 5:40:00 PM,RTD,CVIS,04ISIDROSOL_G01,G,8/30/2026 5:01:00 PM,8/30/2026 6:00:00 PM,MIN_OPERATING_MW,4.60,
8/30/2026 5:40:00 PM,RTD,CVIS,08AJUYSOL_G01,G,8/30/2026 5:01:00 PM,8/30/2026 6:00:00 PM,MAX_OPERATING_MW,6.60,
8/30/2026 5:40:00 PM,RTD,CVIS,08AJUYSOL_G01,G,8/30/2026 5:01:00 PM,8/30/2026 6:00:00 PM,MIN_OPERATING_MW,6.60,
8/30/2026 5:40:00 PM,RTD,CVIS,08AJUYSOL_G02,G,8/30/2026 5:01:00 PM,8/30/2026 6:00:00 PM,MAX_OPERATING_MW,3.40,
8/30/2026 5:40:00 PM,RTD,CVIS,08AJUYSOL_G02,G,8/30/2026 5:01:00 PM,8/30/2026 6:00:00 PM,MIN_OPERATING_MW,3.40,
8/30/2026 5:40:00 PM,RTD,CMIN,10LIAN_G02,G,8/30/2026 12:05:00 AM,8/30/2026 11:59:00 PM,MAX_OPERATING_MW,5.20,
8/30/2026 5:40:00 PM,RTD,CMIN,10LIAN_G02,G,8/30/2026 12:05:00 AM,8/30/2026 11:59:00 PM,MIN_OPERATING_MW,0,
8/30/2026 5:40:00 PM,RTD,CMIN,14TANTASOL_G01,G,8/30/2026 5:01:00 PM,8/30/2026 6:00:00 PM,MAX_OPERATING_MW,13,
8/30/2026 5:40:00 PM,RTD,CMIN,14TANTASOL_G01,G,8/30/2026 5:01:00 PM,8/30/2026 6:00:00 PM,MIN_OPERATING_MW,13,
8/30/2026 5:45:00 PM,RTD,CLUZ,01BARBASOL_G01,G,8/30/2026 5:41:00 PM,8/30/2026 5:45:00 PM,MAX_OPERATING_MW,2.13,
8/30/2026 5:45:00 PM,RTD,CLUZ,01BARBASOL_G01,G,8/30/2026 5:41:00 PM,8/30/2026 5:45:00 PM,MIN_OPERATING_MW,2.13,
8/30/2026 5:45:00 PM,RTD,CLUZ,01BARBASOL_G01,G,8/30/2026 5:46:00 PM,8/30/2026 5:50:00 PM,MAX_OPERATING_MW,1.73,
8/30/2026 5:45:00 PM,RTD,CLUZ,01BARBASOL_G01,G,8/30/2026 5:46:00 PM,8/30/2026 5:50:00 PM,MIN_OPERATING_MW,1.73,
8/30/2026 5:45:00 PM,RTD,CLUZ,01BUGSOL_G01,G,8/30/2026 5:41:00 PM,8/30/2026 5:45:00 PM,MAX_OPERATING_MW,4.30,
8/30/2026 5:45:00 PM,RTD,CLUZ,01BUGSOL_G01,G,8/30/2026 5:41:00 PM,8/30/2026 5:45:00 PM,MIN_OPERATING_MW,4.30,
8/30/2026 5:45:00 PM,RTD,CLUZ,01BUGSOL_G01,G,8/30/2026 5:46:00 PM,8/30/2026 5:50:00 PM,MAX_OPERATING_MW,4,
8/30/2026 5:45:00 PM,RTD,CLUZ,01BUGSOL_G01,G,8/30/2026 5:46:00 PM,8/30/2026 5:50:00 PM,MIN_OPERATING_MW,4,
8/30/2026 5:45:00 PM,RTD,CLUZ,01BULACSOL_G01,G,8/30/2026 5:01:00 PM,8/30/2026 6:00:00 PM,MAX_OPERATING_MW,1.49,
8/30/2026 5:45:00 PM,RTD,CLUZ,01BULACSOL_G01,G,8/30/2026 5:01:00 PM,8/30/2026 6:00:00 PM,MIN_OPERATING_MW,1.49,
8/30/2026 5:45:00 PM,RTD,CLUZ,01CONSOL_G01,G,8/30/2026 5:41:00 PM,8/30/2026 5:45:00 PM,MAX_OPERATING_MW,0.10,
8/30/2026 5:45:00 PM,RTD,CLUZ,01CONSOL_G01,G,8/30/2026 5:41:00 PM,8/30/2026 5:45:00 PM,MIN_OPERATING_MW,0.10,
8/30/2026 5:45:00 PM,RTD,CLUZ,01CONSOL_G01,G,8/30/2026 5:46:00 PM,8/30/2026 5:50:00 PM,MAX_OPERATING_MW,0.10,
8/30/2026 5:45:00 PM,RTD,CLUZ,01CONSOL_G01,G,8/30/2026 5:46:00 PM,8/30/2026 5:50:00 PM,MIN_OPERATING_MW,0.10,
8/30/2026 5:45:00 PM,RTD,CLUZ,01PASBUSOL_G01,G,8/30/2026 5:01:00 PM,8/30/2026 6:00:00 PM,MAX_OPERATING_MW,3.06,
8/30/2026 5:45:00 PM,RTD,CLUZ,01PASBUSOL_G01,G,8/30/2026 5:01:00 PM,8/30/2026 6:00:00 PM,MIN_OPERATING_MW,3.06,
8/30/2026 5:45:00 PM,RTD,CLUZ,01TERRASOL_G01,G,8/30/2026 2:16:00 PM,8/30/2026 6:00:00 PM,MAX_OPERATING_MW,10,
8/30/2026 5:45:00 PM,RTD,CLUZ,01TERRASOL_G01,G,8/30/2026 2:16:00 PM,8/30/2026 6:00:00 PM,MIN_OPERATING_MW,10,
8/30/2026 5:45:00 PM,RTD,CLUZ,03LUNSOL_G01,G,8/30/2026 5:41:00 PM,8/30/2026 5:45:00 PM,MAX_OPERATING_MW,0.24,
8/30/2026 5:45:00 PM,RTD,CLUZ,03LUNSOL_G01,G,8/30/2026 5:41:00 PM,8/30/2026 5:45:00 PM,MIN_OPERATING_MW,0.24,
8/30/2026 5:45:00 PM,RTD,CLUZ,03LUNSOL_G01,G,8/30/2026 5:46:00 PM,8/30/2026 5:50:00 PM,MAX_OPERATING_MW,0.08,
8/30/2026 5:45:00 PM,RTD,CLUZ,03LUNSOL_G01,G,8/30/2026 5:46:00 PM,8/30/2026 5:50:00 PM,MIN_OPERATING_MW,0.08,
8/30/2026 5:45:00 PM,RTD,CLUZ,03TANWIND_G01,G,8/30/2026 5:41:00 PM,8/30/2026 5:45:00 PM,MAX_OPERATING_MW,6.70,
8/30/2026 5:45:00 PM,RTD,CLUZ,03TANWIND_G01,G,8/30/2026 5:41:00 PM,8/30/2026 5:45:00 PM,MIN_OPERATING_MW,6.70,
8/30/2026 5:45:00 PM,RTD,CLUZ,03TANWIND_G01,G,8/30/2026 5:46:00 PM,8/30/2026 5:50:00 PM,MAX_OPERATING_MW,6.70,
8/30/2026 5:45:00 PM,RTD,CLUZ,03TANWIND_G01,G,8/30/2026 5:46:00 PM,8/30/2026 5:50:00 PM,MIN_OPERATING_MW,6.70,
8/30/2026 5:45:00 PM,RTD,CVIS,04ISIDROSOL_G01,G,8/30/2026 5:01:00 PM,8/30/2026 6:00:00 PM,MAX_OPERATING_MW,4.60,
8/30/2026 5:45:00 PM,RTD,CVIS,04ISIDROSOL_G01,G,8/30/2026 5:01:00 PM,8/30/2026 6:00:00 PM,MIN_OPERATING_MW,4.60,
8/30/2026 5:45:00 PM,RTD,CVIS,08AJUYSOL_G01,G,8/30/2026 5:01:00 PM,8/30/2026 6:00:00 PM,MAX_OPERATING_MW,6.60,
8/30/2026 5:45:00 PM,RTD,CVIS,08AJUYSOL_G01,G,8/30/2026 5:01:00 PM,8/30/2026 6:00:00 PM,MIN_OPERATING_MW,6.60,
8/30/2026 5:45:00 PM,RTD,CVIS,08AJUYSOL_G02,G,8/30/2026 5:01:00 PM,8/30/2026 6:00:00 PM,MAX_OPERATING_MW,3.40,
8/30/2026 5:45:00 PM,RTD,CVIS,08AJUYSOL_G02,G,8/30/2026 5:01:00 PM,8/30/2026 6:00:00 PM,MIN_OPERATING_MW,3.40,
8/30/2026 5:45:00 PM,RTD,CMIN,10LIAN_G02,G,8/30/2026 12:05:00 AM,8/30/2026 11:59:00 PM,MAX_OPERATING_MW,5.20,
8/30/2026 5:45:00 PM,RTD,CMIN,10LIAN_G02,G,8/30/2026 12:05:00 AM,8/30/2026 11:59:00 PM,MIN_OPERATING_MW,0,
8/30/2026 5:45:00 PM,RTD,CMIN,14TANTASOL_G01,G,8/30/2026 5:01:00 PM,8/30/2026 6:00:00 PM,MAX_OPERATING_MW,13,
8/30/2026 5:45:00 PM,RTD,CMIN,14TANTASOL_G01,G,8/30/2026 5:01:00 PM,8/30/2026 6:00:00 PM,MIN_OPERATING_MW,13,
8/30/2026 5:50:00 PM,RTD,CLUZ,01BARBASOL_G01,G,8/30/2026 5:46:00 PM,8/30/2026 5:50:00 PM,MAX_OPERATING_MW,1.73,
8/30/2026 5:50:00 PM,RTD,CLUZ,01BARBASOL_G01,G,8/30/2026 5:46:00 PM,8/30/2026 5:50:00 PM,MIN_OPERATING_MW,1.73,
8/30/2026 5:50:00 PM,RTD,CLUZ,01BARBASOL_G01,G,8/30/2026 5:51:00 PM,8/30/2026 5:55:00 PM,MAX_OPERATING_MW,1.36,
8/30/2026 5:50:00 PM,RTD,CLUZ,01BARBASOL_G01,G,8/30/2026 5:51:00 PM,8/30/2026 5:55:00 PM,MIN_OPERATING_MW,1.36,
8/30/2026 5:50:00 PM,RTD,CLUZ,01BUGSOL_G01,G,8/30/2026 5:46:00 PM,8/30/2026 5:50:00 PM,MAX_OPERATING_MW,4,
8/30/2026 5:50:00 PM,RTD,CLUZ,01BUGSOL_G01,G,8/30/2026 5:46:00 PM,8/30/2026 5:50:00 PM,MIN_OPERATING_MW,4,
8/30/2026 5:50:00 PM,RTD,CLUZ,01BUGSOL_G01,G,8/30/2026 5:51:00 PM,8/30/2026 5:55:00 PM,MAX_OPERATING_MW,2.70,
8/30/2026 5:50:00 PM,RTD,CLUZ,01BUGSOL_G01,G,8/30/2026 5:51:00 PM,8/30/2026 5:55:00 PM,MIN_OPERATING_MW,2.70,
8/30/2026 5:50:00 PM,RTD,CLUZ,01BULACSOL_G01,G,8/30/2026 5:01:00 PM,8/30/2026 6:00:00 PM,MAX_OPERATING_MW,1.49,
8/30/2026 5:50:00 PM,RTD,CLUZ,01BULACSOL_G01,G,8/30/2026 5:01:00 PM,8/30/2026 6:00:00 PM,MIN_OPERATING_MW,1.49,
8/30/2026 5:50:00 PM,RTD,CLUZ,01CONSOL_G01,G,8/30/2026 5:46:00 PM,8/30/2026 5:50:00 PM,MAX_OPERATING_MW,0.10,
8/30/2026 5:50:00 PM,RTD,CLUZ,01CONSOL_G01,G,8/30/2026 5:46:00 PM,8/30/2026 5:50:00 PM,MIN_OPERATING_MW,0.10,
8/30/2026 5:50:00 PM,RTD,CLUZ,01CONSOL_G01,G,8/30/2026 5:51:00 PM,8/30/2026 5:55:00 PM,MAX_OPERATING_MW,0.10,
8/30/2026 5:50:00 PM,RTD,CLUZ,01CONSOL_G01,G,8/30/2026 5:51:00 PM,8/30/2026 5:55:00 PM,MIN_OPERATING_MW,0.10,
8/30/2026 5:50:00 PM,RTD,CLUZ,01PASBUSOL_G01,G,8/30/2026 5:01:00 PM,8/30/2026 6:00:00 PM,MAX_OPERATING_MW,3.06,
8/30/2026 5:50:00 PM,RTD,CLUZ,01PASBUSOL_G01,G,8/30/2026 5:01:00 PM,8/30/2026 6:00:00 PM,MIN_OPERATING_MW,3.06,
8/30/2026 5:50:00 PM,RTD,CLUZ,01TERRASOL_G01,G,8/30/2026 2:16:00 PM,8/30/2026 6:00:00 PM,MAX_OPERATING_MW,10,
8/30/2026 5:50:00 PM,RTD,CLUZ,01TERRASOL_G01,G,8/30/2026 2:16:00 PM,8/30/2026 6:00:00 PM,MIN_OPERATING_MW,10,
8/30/2026 5:50:00 PM,RTD,CLUZ,03LUNSOL_G01,G,8/30/2026 5:46:00 PM,8/30/2026 5:50:00 PM,MAX_OPERATING_MW,0.08,
8/30/2026 5:50:00 PM,RTD,CLUZ,03LUNSOL_G01,G,8/30/2026 5:46:00 PM,8/30/2026 5:50:00 PM,MIN_OPERATING_MW,0.08,
8/30/2026 5:50:00 PM,RTD,CLUZ,03LUNSOL_G01,G,8/30/2026 5:51:00 PM,8/30/2026 5:55:00 PM,MAX_OPERATING_MW,0.01,
8/30/2026 5:50:00 PM,RTD,CLUZ,03LUNSOL_G01,G,8/30/2026 5:51:00 PM,8/30/2026 5:55:00 PM,MIN_OPERATING_MW,0.01,
8/30/2026 5:50:00 PM,RTD,CLUZ,03TANWIND_G01,G,8/30/2026 5:46:00 PM,8/30/2026 5:50:00 PM,MAX_OPERATING_MW,6.70,
8/30/2026 5:50:00 PM,RTD,CLUZ,03TANWIND_G01,G,8/30/2026 5:46:00 PM,8/30/2026 5:50:00 PM,MIN_OPERATING_MW,6.70,
8/30/2026 5:50:00 PM,RTD,CLUZ,03TANWIND_G01,G,8/30/2026 5:51:00 PM,8/30/2026 5:55:00 PM,MAX_OPERATING_MW,6.70,
8/30/2026 5:50:00 PM,RTD,CLUZ,03TANWIND_G01,G,8/30/2026 5:51:00 PM,8/30/2026 5:55:00 PM,MIN_OPERATING_MW,6.70,
8/30/2026 5:50:00 PM,RTD,CVIS,04ISIDROSOL_G01,G,8/30/2026 5:01:00 PM,8/30/2026 6:00:00 PM,MAX_OPERATING_MW,4.60,
8/30/2026 5:50:00 PM,RTD,CVIS,04ISIDROSOL_G01,G,8/30/2026 5:01:00 PM,8/30/2026 6:00:00 PM,MIN_OPERATING_MW,4.60,
8/30/2026 5:50:00 PM,RTD,CVIS,08AJUYSOL_G01,G,8/30/2026 5:01:00 PM,8/30/2026 6:00:00 PM,MAX_OPERATING_MW,6.60,
8/30/2026 5:50:00 PM,RTD,CVIS,08AJUYSOL_G01,G,8/30/2026 5:01:00 PM,8/30/2026 6:00:00 PM,MIN_OPERATING_MW,6.60,
8/30/2026 5:50:00 PM,RTD,CVIS,08AJUYSOL_G02,G,8/30/2026 5:01:00 PM,8/30/2026 6:00:00 PM,MAX_OPERATING_MW,3.40,
8/30/2026 5:50:00 PM,RTD,CVIS,08AJUYSOL_G02,G,8/30/2026 5:01:00 PM,8/30/2026 6:00:00 PM,MIN_OPERATING_MW,3.40,
8/30/2026 5:50:00 PM,RTD,CMIN,10LIAN_G02,G,8/30/2026 12:05:00 AM,8/30/2026 11:59:00 PM,MAX_OPERATING_MW,5.20,
8/30/2026 5:50:00 PM,RTD,CMIN,10LIAN_G02,G,8/30/2026 12:05:00 AM,8/30/2026 11:59:00 PM,MIN_OPERATING_MW,0,
8/30/2026 5:50:00 PM,RTD,CMIN,14TANTASOL_G01,G,8/30/2026 5:01:00 PM,8/30/2026 6:00:00 PM,MAX_OPERATING_MW,13,
8/30/2026 5:50:00 PM,RTD,CMIN,14TANTASOL_G01,G,8/30/2026 5:01:00 PM,8/30/2026 6:00:00 PM,MIN_OPERATING_MW,13,
8/30/2026 5:55:00 PM,RTD,CLUZ,01BARBASOL_G01,G,8/30/2026 5:51:00 PM,8/30/2026 5:55:00 PM,MAX_OPERATING_MW,1.36,
8/30/2026 5:55:00 PM,RTD,CLUZ,01BARBASOL_G01,G,8/30/2026 5:51:00 PM,8/30/2026 5:55:00 PM,MIN_OPERATING_MW,1.36,
8/30/2026 5:55:00 PM,RTD,CLUZ,01BARBASOL_G01,G,8/30/2026 5:56:00 PM,8/30/2026 6:00:00 PM,MAX_OPERATING_MW,1.01,
8/30/2026 5:55:00 PM,RTD,CLUZ,01BARBASOL_G01,G,8/30/2026 5:56:00 PM,8/30/2026 6:00:00 PM,MIN_OPERATING_MW,1.01,
8/30/2026 5:55:00 PM,RTD,CLUZ,01BUGSOL_G01,G,8/30/2026 5:51:00 PM,8/30/2026 5:55:00 PM,MAX_OPERATING_MW,2.70,
8/30/2026 5:55:00 PM,RTD,CLUZ,01BUGSOL_G01,G,8/30/2026 5:51:00 PM,8/30/2026 5:55:00 PM,MIN_OPERATING_MW,2.70,
8/30/2026 5:55:00 PM,RTD,CLUZ,01BUGSOL_G01,G,8/30/2026 5:56:00 PM,8/30/2026 6:00:00 PM,MAX_OPERATING_MW,1,
8/30/2026 5:55:00 PM,RTD,CLUZ,01BUGSOL_G01,G,8/30/2026 5:56:00 PM,8/30/2026 6:00:00 PM,MIN_OPERATING_MW,1,
8/30/2026 5:55:00 PM,RTD,CLUZ,01BULACSOL_G01,G,8/30/2026 5:01:00 PM,8/30/2026 6:00:00 PM,MAX_OPERATING_MW,1.49,
8/30/2026 5:55:00 PM,RTD,CLUZ,01BULACSOL_G01,G,8/30/2026 5:01:00 PM,8/30/2026 6:00:00 PM,MIN_OPERATING_MW,1.49,
8/30/2026 5:55:00 PM,RTD,CLUZ,01CONSOL_G01,G,8/30/2026 5:51:00 PM,8/30/2026 5:55:00 PM,MAX_OPERATING_MW,0.10,
8/30/2026 5:55:00 PM,RTD,CLUZ,01CONSOL_G01,G,8/30/2026 5:51:00 PM,8/30/2026 5:55:00 PM,MIN_OPERATING_MW,0.10,
8/30/2026 5:55:00 PM,RTD,CLUZ,01CONSOL_G01,G,8/30/2026 5:56:00 PM,8/30/2026 6:00:00 PM,MAX_OPERATING_MW,0.10,
8/30/2026 5:55:00 PM,RTD,CLUZ,01CONSOL_G01,G,8/30/2026 5:56:00 PM,8/30/2026 6:00:00 PM,MIN_OPERATING_MW,0.10,
8/30/2026 5:55:00 PM,RTD,CLUZ,01PASBUSOL_G01,G,8/30/2026 5:01:00 PM,8/30/2026 6:00:00 PM,MAX_OPERATING_MW,3.06,
8/30/2026 5:55:00 PM,RTD,CLUZ,01PASBUSOL_G01,G,8/30/2026 5:01:00 PM,8/30/2026 6:00:00 PM,MIN_OPERATING_MW,3.06,
8/30/2026 5:55:00 PM,RTD,CLUZ,01TERRASOL_G01,G,8/30/2026 2:16:00 PM,8/30/2026 6:00:00 PM,MAX_OPERATING_MW,10,
8/30/2026 5:55:00 PM,RTD,CLUZ,01TERRASOL_G01,G,8/30/2026 2:16:00 PM,8/30/2026 6:00:00 PM,MIN_OPERATING_MW,10,
8/30/2026 5:55:00 PM,RTD,CLUZ,03LUNSOL_G01,G,8/30/2026 5:51:00 PM,8/30/2026 5:55:00 PM,MAX_OPERATING_MW,0.01,
8/30/2026 5:55:00 PM,RTD,CLUZ,03LUNSOL_G01,G,8/30/2026 5:51:00 PM,8/30/2026 5:55:00 PM,MIN_OPERATING_MW,0.01,
8/30/2026 5:55:00 PM,RTD,CLUZ,03TANWIND_G01,G,8/30/2026 5:51:00 PM,8/30/2026 5:55:00 PM,MAX_OPERATING_MW,6.70,
8/30/2026 5:55:00 PM,RTD,CLUZ,03TANWIND_G01,G,8/30/2026 5:51:00 PM,8/30/2026 5:55:00 PM,MIN_OPERATING_MW,6.70,
8/30/2026 5:55:00 PM,RTD,CLUZ,03TANWIND_G01,G,8/30/2026 5:56:00 PM,8/30/2026 6:00:00 PM,MAX_OPERATING_MW,6.70,
8/30/2026 5:55:00 PM,RTD,CLUZ,03TANWIND_G01,G,8/30/2026 5:56:00 PM,8/30/2026 6:00:00 PM,MIN_OPERATING_MW,6.70,
8/30/2026 5:55:00 PM,RTD,CVIS,04ISIDROSOL_G01,G,8/30/2026 5:01:00 PM,8/30/2026 6:00:00 PM,MAX_OPERATING_MW,4.60,
8/30/2026 5:55:00 PM,RTD,CVIS,04ISIDROSOL_G01,G,8/30/2026 5:01:00 PM,8/30/2026 6:00:00 PM,MIN_OPERATING_MW,4.60,
8/30/2026 5:55:00 PM,RTD,CVIS,08AJUYSOL_G01,G,8/30/2026 5:01:00 PM,8/30/2026 6:00:00 PM,MAX_OPERATING_MW,6.60,
8/30/2026 5:55:00 PM,RTD,CVIS,08AJUYSOL_G01,G,8/30/2026 5:01:00 PM,8/30/2026 6:00:00 PM,MIN_OPERATING_MW,6.60,
8/30/2026 5:55:00 PM,RTD,CVIS,08AJUYSOL_G02,G,8/30/2026 5:01:00 PM,8/30/2026 6:00:00 PM,MAX_OPERATING_MW,3.40,
8/30/2026 5:55:00 PM,RTD,CVIS,08AJUYSOL_G02,G,8/30/2026 5:01:00 PM,8/30/2026 6:00:00 PM,MIN_OPERATING_MW,3.40,
8/30/2026 5:55:00 PM,RTD,CMIN,10LIAN_G02,G,8/30/2026 12:05:00 AM,8/30/2026 11:59:00 PM,MAX_OPERATING_MW,5.20,
8/30/2026 5:55:00 PM,RTD,CMIN,10LIAN_G02,G,8/30/2026 12:05:00 AM,8/30/2026 11:59:00 PM,MIN_OPERATING_MW,0,
8/30/2026 5:55:00 PM,RTD,CMIN,14TANTASOL_G01,G,8/30/2026 5:01:00 PM,8/30/2026 6:00:00 PM,MAX_OPERATING_MW,13,
8/30/2026 5:55:00 PM,RTD,CMIN,14TANTASOL_G01,G,8/30/2026 5:01:00 PM,8/30/2026 6:00:00 PM,MIN_OPERATING_MW,13,
8/30/2026 6:00:00 PM,RTD,CLUZ,01BARBASOL_G01,G,8/30/2026 5:56:00 PM,8/30/2026 6:00:00 PM,MAX_OPERATING_MW,1.01,
8/30/2026 6:00:00 PM,RTD,CLUZ,01BARBASOL_G01,G,8/30/2026 5:56:00 PM,8/30/2026 6:00:00 PM,MIN_OPERATING_MW,1.01,
8/30/2026 6:00:00 PM,RTD,CLUZ,01BUGSOL_G01,G,8/30/2026 5:56:00 PM,8/30/2026 6:00:00 PM,MAX_OPERATING_MW,1,
8/30/2026 6:00:00 PM,RTD,CLUZ,01BUGSOL_G01,G,8/30/2026 5:56:00 PM,8/30/2026 6:00:00 PM,MIN_OPERATING_MW,1,
8/30/2026 6:00:00 PM,RTD,CLUZ,01BUGSOL_G01,G,8/30/2026 6:01:00 PM,8/30/2026 6:05:00 PM,MAX_OPERATING_MW,0.50,
8/30/2026 6:00:00 PM,RTD,CLUZ,01BUGSOL_G01,G,8/30/2026 6:01:00 PM,8/30/2026 6:05:00 PM,MIN_OPERATING_MW,0.50,
8/30/2026 6:00:00 PM,RTD,CLUZ,01BULACSOL_G01,G,8/30/2026 5:01:00 PM,8/30/2026 6:00:00 PM,MAX_OPERATING_MW,1.49,
8/30/2026 6:00:00 PM,RTD,CLUZ,01BULACSOL_G01,G,8/30/2026 5:01:00 PM,8/30/2026 6:00:00 PM,MIN_OPERATING_MW,1.49,
8/30/2026 6:00:00 PM,RTD,CLUZ,01CONSOL_G01,G,8/30/2026 5:56:00 PM,8/30/2026 6:00:00 PM,MAX_OPERATING_MW,0.10,
8/30/2026 6:00:00 PM,RTD,CLUZ,01CONSOL_G01,G,8/30/2026 5:56:00 PM,8/30/2026 6:00:00 PM,MIN_OPERATING_MW,0.10,
8/30/2026 6:00:00 PM,RTD,CLUZ,01PASBUSOL_G01,G,8/30/2026 5:01:00 PM,8/30/2026 6:00:00 PM,MAX_OPERATING_MW,3.06,
8/30/2026 6:00:00 PM,RTD,CLUZ,01PASBUSOL_G01,G,8/30/2026 5:01:00 PM,8/30/2026 6:00:00 PM,MIN_OPERATING_MW,3.06,
8/30/2026 6:00:00 PM,RTD,CLUZ,01PASBUSOL_G01,G,8/30/2026 6:01:00 PM,8/30/2026 7:00:00 PM,MAX_OPERATING_MW,0.04,
8/30/2026 6:00:00 PM,RTD,CLUZ,01PASBUSOL_G01,G,8/30/2026 6:01:00 PM,8/30/2026 7:00:00 PM,MIN_OPERATING_MW,0.04,
8/30/2026 6:00:00 PM,RTD,CLUZ,01TERRASOL_G01,G,8/30/2026 2:16:00 PM,8/30/2026 6:00:00 PM,MAX_OPERATING_MW,10,
8/30/2026 6:00:00 PM,RTD,CLUZ,01TERRASOL_G01,G,8/30/2026 2:16:00 PM,8/30/2026 6:00:00 PM,MIN_OPERATING_MW,10,
8/30/2026 6:00:00 PM,RTD,CLUZ,01TERRASOL_G01,G,8/30/2026 6:01:00 PM,8/31/2026,MAX_OPERATING_MW,0,
8/30/2026 6:00:00 PM,RTD,CLUZ,01TERRASOL_G01,G,8/30/2026 6:01:00 PM,8/31/2026,MIN_OPERATING_MW,0,
8/30/2026 6:00:00 PM,RTD,CLUZ,03TANWIND_G01,G,8/30/2026 5:56:00 PM,8/30/2026 6:00:00 PM,MAX_OPERATING_MW,6.70,
8/30/2026 6:00:00 PM,RTD,CLUZ,03TANWIND_G01,G,8/30/2026 5:56:00 PM,8/30/2026 6:00:00 PM,MIN_OPERATING_MW,6.70,
8/30/2026 6:00:00 PM,RTD,CLUZ,03TANWIND_G01,G,8/30/2026 6:01:00 PM,8/30/2026 6:05:00 PM,MAX_OPERATING_MW,6.70,
8/30/2026 6:00:00 PM,RTD,CLUZ,03TANWIND_G01,G,8/30/2026 6:01:00 PM,8/30/2026 6:05:00 PM,MIN_OPERATING_MW,6.70,
8/30/2026 6:00:00 PM,RTD,CVIS,04ISIDROSOL_G01,G,8/30/2026 5:01:00 PM,8/30/2026 6:00:00 PM,MAX_OPERATING_MW,4.60,
8/30/2026 6:00:00 PM,RTD,CVIS,04ISIDROSOL_G01,G,8/30/2026 5:01:00 PM,8/30/2026 6:00:00 PM,MIN_OPERATING_MW,4.60,
8/30/2026 6:00:00 PM,RTD,CVIS,08AJUYSOL_G01,G,8/30/2026 5:01:00 PM,8/30/2026 6:00:00 PM,MAX_OPERATING_MW,6.60,
8/30/2026 6:00:00 PM,RTD,CVIS,08AJUYSOL_G01,G,8/30/2026 5:01:00 PM,8/30/2026 6:00:00 PM,MIN_OPERATING_MW,6.60,
8/30/2026 6:00:00 PM,RTD,CVIS,08AJUYSOL_G01,G,8/30/2026 6:01:00 PM,8/30/2026 7:00:00 PM,MAX_OPERATING_MW,2,
8/30/2026 6:00:00 PM,RTD,CVIS,08AJUYSOL_G01,G,8/30/2026 6:01:00 PM,8/30/2026 7:00:00 PM,MIN_OPERATING_MW,2,
8/30/2026 6:00:00 PM,RTD,CVIS,08AJUYSOL_G02,G,8/30/2026 5:01:00 PM,8/30/2026 6:00:00 PM,MAX_OPERATING_MW,3.40,
8/30/2026 6:00:00 PM,RTD,CVIS,08AJUYSOL_G02,G,8/30/2026 5:01:00 PM,8/30/2026 6:00:00 PM,MIN_OPERATING_MW,3.40,
8/30/2026 6:00:00 PM,RTD,CVIS,08AJUYSOL_G02,G,8/30/2026 6:01:00 PM,8/30/2026 7:00:00 PM,MAX_OPERATING_MW,1.50,
8/30/2026 6:00:00 PM,RTD,CVIS,08AJUYSOL_G02,G,8/30/2026 6:01:00 PM,8/30/2026 7:00:00 PM,MIN_OPERATING_MW,1.50,
8/30/2026 6:00:00 PM,RTD,CMIN,10LIAN_G02,G,8/30/2026 12:05:00 AM,8/30/2026 11:59:00 PM,MAX_OPERATING_MW,5.20,
8/30/2026 6:00:00 PM,RTD,CMIN,10LIAN_G02,G,8/30/2026 12:05:00 AM,8/30/2026 11:59:00 PM,MIN_OPERATING_MW,0,
8/30/2026 6:00:00 PM,RTD,CMIN,14TANTASOL_G01,G,8/30/2026 5:01:00 PM,8/30/2026 6:00:00 PM,MAX_OPERATING_MW,13,
8/30/2026 6:00:00 PM,RTD,CMIN,14TANTASOL_G01,G,8/30/2026 5:01:00 PM,8/30/2026 6:00:00 PM,MIN_OPERATING_MW,13,
8/30/2026 6:05:00 PM,RTD,CLUZ,01BUGSOL_G01,G,8/30/2026 6:01:00 PM,8/30/2026 6:05:00 PM,MAX_OPERATING_MW,0.50,
8/30/2026 6:05:00 PM,RTD,CLUZ,01BUGSOL_G01,G,8/30/2026 6:01:00 PM,8/30/2026 6:05:00 PM,MIN_OPERATING_MW,0.50,
8/30/2026 6:05:00 PM,RTD,CLUZ,01BUGSOL_G01,G,8/30/2026 6:06:00 PM,8/30/2026 6:10:00 PM,MAX_OPERATING_MW,0.70,
8/30/2026 6:05:00 PM,RTD,CLUZ,01BUGSOL_G01,G,8/30/2026 6:06:00 PM,8/30/2026 6:10:00 PM,MIN_OPERATING_MW,0.70,
8/30/2026 6:05:00 PM,RTD,CLUZ,01PASBUSOL_G01,G,8/30/2026 6:01:00 PM,8/30/2026 7:00:00 PM,MAX_OPERATING_MW,0.04,
8/30/2026 6:05:00 PM,RTD,CLUZ,01PASBUSOL_G01,G,8/30/2026 6:01:00 PM,8/30/2026 7:00:00 PM,MIN_OPERATING_MW,0.04,
8/30/2026 6:05:00 PM,RTD,CLUZ,01TERRASOL_G01,G,8/30/2026 6:01:00 PM,8/31/2026,MAX_OPERATING_MW,0,
8/30/2026 6:05:00 PM,RTD,CLUZ,01TERRASOL_G01,G,8/30/2026 6:01:00 PM,8/31/2026,MIN_OPERATING_MW,0,
8/30/2026 6:05:00 PM,RTD,CLUZ,03TANWIND_G01,G,8/30/2026 6:01:00 PM,8/30/2026 6:05:00 PM,MAX_OPERATING_MW,6.70,
8/30/2026 6:05:00 PM,RTD,CLUZ,03TANWIND_G01,G,8/30/2026 6:01:00 PM,8/30/2026 6:05:00 PM,MIN_OPERATING_MW,6.70,
8/30/2026 6:05:00 PM,RTD,CLUZ,03TANWIND_G01,G,8/30/2026 6:06:00 PM,8/30/2026 6:10:00 PM,MAX_OPERATING_MW,6.70,
8/30/2026 6:05:00 PM,RTD,CLUZ,03TANWIND_G01,G,8/30/2026 6:06:00 PM,8/30/2026 6:10:00 PM,MIN_OPERATING_MW,6.70,
8/30/2026 6:05:00 PM,RTD,CVIS,08AJUYSOL_G01,G,8/30/2026 6:01:00 PM,8/30/2026 7:00:00 PM,MAX_OPERATING_MW,2,
8/30/2026 6:05:00 PM,RTD,CVIS,08AJUYSOL_G01,G,8/30/2026 6:01:00 PM,8/30/2026 7:00:00 PM,MIN_OPERATING_MW,2,
8/30/2026 6:05:00 PM,RTD,CVIS,08AJUYSOL_G02,G,8/30/2026 6:01:00 PM,8/30/2026 7:00:00 PM,MAX_OPERATING_MW,1.50,
8/30/2026 6:05:00 PM,RTD,CVIS,08AJUYSOL_G02,G,8/30/2026 6:01:00 PM,8/30/2026 7:00:00 PM,MIN_OPERATING_MW,1.50,
8/30/2026 6:05:00 PM,RTD,CMIN,10LIAN_G02,G,8/30/2026 12:05:00 AM,8/30/2026 11:59:00 PM,MAX_OPERATING_MW,5.20,
8/30/2026 6:05:00 PM,RTD,CMIN,10LIAN_G02,G,8/30/2026 12:05:00 AM,8/30/2026 11:59:00 PM,MIN_OPERATING_MW,0,
8/30/2026 6:10:00 PM,RTD,CLUZ,01BUGSOL_G01,G,8/30/2026 6:06:00 PM,8/30/2026 6:10:00 PM,MAX_OPERATING_MW,0.70,
8/30/2026 6:10:00 PM,RTD,CLUZ,01BUGSOL_G01,G,8/30/2026 6:06:00 PM,8/30/2026 6:10:00 PM,MIN_OPERATING_MW,0.70,
8/30/2026 6:10:00 PM,RTD,CLUZ,01BUGSOL_G01,G,8/30/2026 6:11:00 PM,8/30/2026 6:15:00 PM,MAX_OPERATING_MW,0.30,
8/30/2026 6:10:00 PM,RTD,CLUZ,01BUGSOL_G01,G,8/30/2026 6:11:00 PM,8/30/2026 6:15:00 PM,MIN_OPERATING_MW,0.30,
8/30/2026 6:10:00 PM,RTD,CLUZ,01PASBUSOL_G01,G,8/30/2026 6:01:00 PM,8/30/2026 7:00:00 PM,MAX_OPERATING_MW,0.04,
8/30/2026 6:10:00 PM,RTD,CLUZ,01PASBUSOL_G01,G,8/30/2026 6:01:00 PM,8/30/2026 7:00:00 PM,MIN_OPERATING_MW,0.04,
8/30/2026 6:10:00 PM,RTD,CLUZ,01TERRASOL_G01,G,8/30/2026 6:01:00 PM,8/31/2026,MAX_OPERATING_MW,0,
8/30/2026 6:10:00 PM,RTD,CLUZ,01TERRASOL_G01,G,8/30/2026 6:01:00 PM,8/31/2026,MIN_OPERATING_MW,0,
8/30/2026 6:10:00 PM,RTD,CLUZ,03TANWIND_G01,G,8/30/2026 6:06:00 PM,8/30/2026 6:10:00 PM,MAX_OPERATING_MW,6.70,
8/30/2026 6:10:00 PM,RTD,CLUZ,03TANWIND_G01,G,8/30/2026 6:06:00 PM,8/30/2026 6:10:00 PM,MIN_OPERATING_MW,6.70,
8/30/2026 6:10:00 PM,RTD,CLUZ,03TANWIND_G01,G,8/30/2026 6:11:00 PM,8/30/2026 6:15:00 PM,MAX_OPERATING_MW,6.70,
8/30/2026 6:10:00 PM,RTD,CLUZ,03TANWIND_G01,G,8/30/2026 6:11:00 PM,8/30/2026 6:15:00 PM,MIN_OPERATING_MW,6.70,
8/30/2026 6:10:00 PM,RTD,CVIS,08AJUYSOL_G01,G,8/30/2026 6:01:00 PM,8/30/2026 7:00:00 PM,MAX_OPERATING_MW,2,
8/30/2026 6:10:00 PM,RTD,CVIS,08AJUYSOL_G01,G,8/30/2026 6:01:00 PM,8/30/2026 7:00:00 PM,MIN_OPERATING_MW,2,
8/30/2026 6:10:00 PM,RTD,CVIS,08AJUYSOL_G02,G,8/30/2026 6:01:00 PM,8/30/2026 7:00:00 PM,MAX_OPERATING_MW,1.50,
8/30/2026 6:10:00 PM,RTD,CVIS,08AJUYSOL_G02,G,8/30/2026 6:01:00 PM,8/30/2026 7:00:00 PM,MIN_OPERATING_MW,1.50,
8/30/2026 6:10:00 PM,RTD,CMIN,10LIAN_G02,G,8/30/2026 12:05:00 AM,8/30/2026 11:59:00 PM,MAX_OPERATING_MW,5.20,
8/30/2026 6:10:00 PM,RTD,CMIN,10LIAN_G02,G,8/30/2026 12:05:00 AM,8/30/2026 11:59:00 PM,MIN_OPERATING_MW,0,
8/30/2026 6:15:00 PM,RTD,CLUZ,01BUGSOL_G01,G,8/30/2026 6:11:00 PM,8/30/2026 6:15:00 PM,MAX_OPERATING_MW,0.30,
8/30/2026 6:15:00 PM,RTD,CLUZ,01BUGSOL_G01,G,8/30/2026 6:11:00 PM,8/30/2026 6:15:00 PM,MIN_OPERATING_MW,0.30,
8/30/2026 6:15:00 PM,RTD,CLUZ,01PASBUSOL_G01,G,8/30/2026 6:01:00 PM,8/30/2026 7:00:00 PM,MAX_OPERATING_MW,0.04,
8/30/2026 6:15:00 PM,RTD,CLUZ,01PASBUSOL_G01,G,8/30/2026 6:01:00 PM,8/30/2026 7:00:00 PM,MIN_OPERATING_MW,0.04,
8/30/2026 6:15:00 PM,RTD,CLUZ,01TERRASOL_G01,G,8/30/2026 6:01:00 PM,8/31/2026,MAX_OPERATING_MW,0,
8/30/2026 6:15:00 PM,RTD,CLUZ,01TERRASOL_G01,G,8/30/2026 6:01:00 PM,8/31/2026,MIN_OPERATING_MW,0,
8/30/2026 6:15:00 PM,RTD,CLUZ,03TANWIND_G01,G,8/30/2026 6:11:00 PM,8/30/2026 6:15:00 PM,MAX_OPERATING_MW,6.70,
8/30/2026 6:15:00 PM,RTD,CLUZ,03TANWIND_G01,G,8/30/2026 6:11:00 PM,8/30/2026 6:15:00 PM,MIN_OPERATING_MW,6.70,
8/30/2026 6:15:00 PM,RTD,CLUZ,03TANWIND_G01,G,8/30/2026 6:16:00 PM,8/30/2026 6:20:00 PM,MAX_OPERATING_MW,6.70,
8/30/2026 6:15:00 PM,RTD,CLUZ,03TANWIND_G01,G,8/30/2026 6:16:00 PM,8/30/2026 6:20:00 PM,MIN_OPERATING_MW,6.70,
8/30/2026 6:15:00 PM,RTD,CVIS,08AJUYSOL_G01,G,8/30/2026 6:01:00 PM,8/30/2026 7:00:00 PM,MAX_OPERATING_MW,2,
8/30/2026 6:15:00 PM,RTD,CVIS,08AJUYSOL_G01,G,8/30/2026 6:01:00 PM,8/30/2026 7:00:00 PM,MIN_OPERATING_MW,2,
8/30/2026 6:15:00 PM,RTD,CVIS,08AJUYSOL_G02,G,8/30/2026 6:01:00 PM,8/30/2026 7:00:00 PM,MAX_OPERATING_MW,1.50,
8/30/2026 6:15:00 PM,RTD,CVIS,08AJUYSOL_G02,G,8/30/2026 6:01:00 PM,8/30/2026 7:00:00 PM,MIN_OPERATING_MW,1.50,
8/30/2026 6:15:00 PM,RTD,CMIN,10LIAN_G02,G,8/30/2026 12:05:00 AM,8/30/2026 11:59:00 PM,MAX_OPERATING_MW,5.20,
8/30/2026 6:15:00 PM,RTD,CMIN,10LIAN_G02,G,8/30/2026 12:05:00 AM,8/30/2026 11:59:00 PM,MIN_OPERATING_MW,0,
8/30/2026 6:20:00 PM,RTD,CLUZ,01PASBUSOL_G01,G,8/30/2026 6:01:00 PM,8/30/2026 7:00:00 PM,MAX_OPERATING_MW,0.04,
8/30/2026 6:20:00 PM,RTD,CLUZ,01PASBUSOL_G01,G,8/30/2026 6:01:00 PM,8/30/2026 7:00:00 PM,MIN_OPERATING_MW,0.04,
8/30/2026 6:20:00 PM,RTD,CLUZ,01TERRASOL_G01,G,8/30/2026 6:01:00 PM,8/31/2026,MAX_OPERATING_MW,0,
8/30/2026 6:20:00 PM,RTD,CLUZ,01TERRASOL_G01,G,8/30/2026 6:01:00 PM,8/31/2026,MIN_OPERATING_MW,0,
8/30/2026 6:20:00 PM,RTD,CLUZ,03TANWIND_G01,G,8/30/2026 6:16:00 PM,8/30/2026 6:20:00 PM,MAX_OPERATING_MW,6.70,
8/30/2026 6:20:00 PM,RTD,CLUZ,03TANWIND_G01,G,8/30/2026 6:16:00 PM,8/30/2026 6:20:00 PM,MIN_OPERATING_MW,6.70,
8/30/2026 6:20:00 PM,RTD,CLUZ,03TANWIND_G01,G,8/30/2026 6:21:00 PM,8/30/2026 6:25:00 PM,MAX_OPERATING_MW,6.70,
8/30/2026 6:20:00 PM,RTD,CLUZ,03TANWIND_G01,G,8/30/2026 6:21:00 PM,8/30/2026 6:25:00 PM,MIN_OPERATING_MW,6.70,
8/30/2026 6:20:00 PM,RTD,CVIS,08AJUYSOL_G01,G,8/30/2026 6:01:00 PM,8/30/2026 7:00:00 PM,MAX_OPERATING_MW,2,
8/30/2026 6:20:00 PM,RTD,CVIS,08AJUYSOL_G01,G,8/30/2026 6:01:00 PM,8/30/2026 7:00:00 PM,MIN_OPERATING_MW,2,
8/30/2026 6:20:00 PM,RTD,CVIS,08AJUYSOL_G02,G,8/30/2026 6:01:00 PM,8/30/2026 7:00:00 PM,MAX_OPERATING_MW,1.50,
8/30/2026 6:20:00 PM,RTD,CVIS,08AJUYSOL_G02,G,8/30/2026 6:01:00 PM,8/30/2026 7:00:00 PM,MIN_OPERATING_MW,1.50,
8/30/2026 6:20:00 PM,RTD,CMIN,10LIAN_G02,G,8/30/2026 12:05:00 AM,8/30/2026 11:59:00 PM,MAX_OPERATING_MW,5.20,
8/30/2026 6:20:00 PM,RTD,CMIN,10LIAN_G02,G,8/30/2026 12:05:00 AM,8/30/2026 11:59:00 PM,MIN_OPERATING_MW,0,
8/30/2026 6:25:00 PM,RTD,CLUZ,01PASBUSOL_G01,G,8/30/2026 6:01:00 PM,8/30/2026 7:00:00 PM,MAX_OPERATING_MW,0.04,
8/30/2026 6:25:00 PM,RTD,CLUZ,01PASBUSOL_G01,G,8/30/2026 6:01:00 PM,8/30/2026 7:00:00 PM,MIN_OPERATING_MW,0.04,
8/30/2026 6:25:00 PM,RTD,CLUZ,01TERRASOL_G01,G,8/30/2026 6:01:00 PM,8/31/2026,MAX_OPERATING_MW,0,
8/30/2026 6:25:00 PM,RTD,CLUZ,01TERRASOL_G01,G,8/30/2026 6:01:00 PM,8/31/2026,MIN_OPERATING_MW,0,
8/30/2026 6:25:00 PM,RTD,CLUZ,03TANWIND_G01,G,8/30/2026 6:21:00 PM,8/30/2026 6:25:00 PM,MAX_OPERATING_MW,6.70,
8/30/2026 6:25:00 PM,RTD,CLUZ,03TANWIND_G01,G,8/30/2026 6:21:00 PM,8/30/2026 6:25:00 PM,MIN_OPERATING_MW,6.70,
8/30/2026 6:25:00 PM,RTD,CLUZ,03TANWIND_G01,G,8/30/2026 6:26:00 PM,8/30/2026 6:30:00 PM,MAX_OPERATING_MW,6.70,
8/30/2026 6:25:00 PM,RTD,CLUZ,03TANWIND_G01,G,8/30/2026 6:26:00 PM,8/30/2026 6:30:00 PM,MIN_OPERATING_MW,6.70,
8/30/2026 6:25:00 PM,RTD,CVIS,08AJUYSOL_G01,G,8/30/2026 6:01:00 PM,8/30/2026 7:00:00 PM,MAX_OPERATING_MW,2,
8/30/2026 6:25:00 PM,RTD,CVIS,08AJUYSOL_G01,G,8/30/2026 6:01:00 PM,8/30/2026 7:00:00 PM,MIN_OPERATING_MW,2,
8/30/2026 6:25:00 PM,RTD,CVIS,08AJUYSOL_G02,G,8/30/2026 6:01:00 PM,8/30/2026 7:00:00 PM,MAX_OPERATING_MW,1.50,
8/30/2026 6:25:00 PM,RTD,CVIS,08AJUYSOL_G02,G,8/30/2026 6:01:00 PM,8/30/2026 7:00:00 PM,MIN_OPERATING_MW,1.50,
8/30/2026 6:25:00 PM,RTD,CMIN,10LIAN_G02,G,8/30/2026 12:05:00 AM,8/30/2026 11:59:00 PM,MAX_OPERATING_MW,5.20,
8/30/2026 6:25:00 PM,RTD,CMIN,10LIAN_G02,G,8/30/2026 12:05:00 AM,8/30/2026 11:59:00 PM,MIN_OPERATING_MW,0,
8/30/2026 6:30:00 PM,RTD,CLUZ,01PASBUSOL_G01,G,8/30/2026 6:01:00 PM,8/30/2026 7:00:00 PM,MAX_OPERATING_MW,0.04,
8/30/2026 6:30:00 PM,RTD,CLUZ,01PASBUSOL_G01,G,8/30/2026 6:01:00 PM,8/30/2026 7:00:00 PM,MIN_OPERATING_MW,0.04,
8/30/2026 6:30:00 PM,RTD,CLUZ,01TERRASOL_G01,G,8/30/2026 6:01:00 PM,8/31/2026,MAX_OPERATING_MW,0,
8/30/2026 6:30:00 PM,RTD,CLUZ,01TERRASOL_G01,G,8/30/2026 6:01:00 PM,8/31/2026,MIN_OPERATING_MW,0,
8/30/2026 6:30:00 PM,RTD,CLUZ,03TANWIND_G01,G,8/30/2026 6:26:00 PM,8/30/2026 6:30:00 PM,MAX_OPERATING_MW,6.70,
8/30/2026 6:30:00 PM,RTD,CLUZ,03TANWIND_G01,G,8/30/2026 6:26:00 PM,8/30/2026 6:30:00 PM,MIN_OPERATING_MW,6.70,
8/30/2026 6:30:00 PM,RTD,CLUZ,03TANWIND_G01,G,8/30/2026 6:31:00 PM,8/30/2026 6:35:00 PM,MAX_OPERATING_MW,6.70,
8/30/2026 6:30:00 PM,RTD,CLUZ,03TANWIND_G01,G,8/30/2026 6:31:00 PM,8/30/2026 6:35:00 PM,MIN_OPERATING_MW,6.70,
8/30/2026 6:30:00 PM,RTD,CVIS,08AJUYSOL_G01,G,8/30/2026 6:01:00 PM,8/30/2026 7:00:00 PM,MAX_OPERATING_MW,2,
8/30/2026 6:30:00 PM,RTD,CVIS,08AJUYSOL_G01,G,8/30/2026 6:01:00 PM,8/30/2026 7:00:00 PM,MIN_OPERATING_MW,2,
8/30/2026 6:30:00 PM,RTD,CVIS,08AJUYSOL_G02,G,8/30/2026 6:01:00 PM,8/30/2026 7:00:00 PM,MAX_OPERATING_MW,1.50,
8/30/2026 6:30:00 PM,RTD,CVIS,08AJUYSOL_G02,G,8/30/2026 6:01:00 PM,8/30/2026 7:00:00 PM,MIN_OPERATING_MW,1.50,
8/30/2026 6:30:00 PM,RTD,CMIN,10LIAN_G02,G,8/30/2026 12:05:00 AM,8/30/2026 11:59:00 PM,MAX_OPERATING_MW,5.20,
8/30/2026 6:30:00 PM,RTD,CMIN,10LIAN_G02,G,8/30/2026 12:05:00 AM,8/30/2026 11:59:00 PM,MIN_OPERATING_MW,0,
8/30/2026 6:35:00 PM,RTD,CLUZ,01PASBUSOL_G01,G,8/30/2026 6:01:00 PM,8/30/2026 7:00:00 PM,MAX_OPERATING_MW,0.04,
8/30/2026 6:35:00 PM,RTD,CLUZ,01PASBUSOL_G01,G,8/30/2026 6:01:00 PM,8/30/2026 7:00:00 PM,MIN_OPERATING_MW,0.04,
8/30/2026 6:35:00 PM,RTD,CLUZ,01TERRASOL_G01,G,8/30/2026 6:01:00 PM,8/31/2026,MAX_OPERATING_MW,0,
8/30/2026 6:35:00 PM,RTD,CLUZ,01TERRASOL_G01,G,8/30/2026 6:01:00 PM,8/31/2026,MIN_OPERATING_MW,0,
8/30/2026 6:35:00 PM,RTD,CLUZ,03TANWIND_G01,G,8/30/2026 6:31:00 PM,8/30/2026 6:35:00 PM,MAX_OPERATING_MW,6.70,
8/30/2026 6:35:00 PM,RTD,CLUZ,03TANWIND_G01,G,8/30/2026 6:31:00 PM,8/30/2026 6:35:00 PM,MIN_OPERATING_MW,6.70,
8/30/2026 6:35:00 PM,RTD,CLUZ,03TANWIND_G01,G,8/30/2026 6:36:00 PM,8/30/2026 6:40:00 PM,MAX_OPERATING_MW,6.70,
8/30/2026 6:35:00 PM,RTD,CLUZ,03TANWIND_G01,G,8/30/2026 6:36:00 PM,8/30/2026 6:40:00 PM,MIN_OPERATING_MW,6.70,
8/30/2026 6:35:00 PM,RTD,CVIS,08AJUYSOL_G01,G,8/30/2026 6:01:00 PM,8/30/2026 7:00:00 PM,MAX_OPERATING_MW,2,
8/30/2026 6:35:00 PM,RTD,CVIS,08AJUYSOL_G01,G,8/30/2026 6:01:00 PM,8/30/2026 7:00:00 PM,MIN_OPERATING_MW,2,
8/30/2026 6:35:00 PM,RTD,CVIS,08AJUYSOL_G02,G,8/30/2026 6:01:00 PM,8/30/2026 7:00:00 PM,MAX_OPERATING_MW,1.50,
8/30/2026 6:35:00 PM,RTD,CVIS,08AJUYSOL_G02,G,8/30/2026 6:01:00 PM,8/30/2026 7:00:00 PM,MIN_OPERATING_MW,1.50,
8/30/2026 6:35:00 PM,RTD,CMIN,10LIAN_G02,G,8/30/2026 12:05:00 AM,8/30/2026 11:59:00 PM,MAX_OPERATING_MW,5.20,
8/30/2026 6:35:00 PM,RTD,CMIN,10LIAN_G02,G,8/30/2026 12:05:00 AM,8/30/2026 11:59:00 PM,MIN_OPERATING_MW,0,
8/30/2026 6:40:00 PM,RTD,CLUZ,01PASBUSOL_G01,G,8/30/2026 6:01:00 PM,8/30/2026 7:00:00 PM,MAX_OPERATING_MW,0.04,
8/30/2026 6:40:00 PM,RTD,CLUZ,01PASBUSOL_G01,G,8/30/2026 6:01:00 PM,8/30/2026 7:00:00 PM,MIN_OPERATING_MW,0.04,
8/30/2026 6:40:00 PM,RTD,CLUZ,01TERRASOL_G01,G,8/30/2026 6:01:00 PM,8/31/2026,MAX_OPERATING_MW,0,
8/30/2026 6:40:00 PM,RTD,CLUZ,01TERRASOL_G01,G,8/30/2026 6:01:00 PM,8/31/2026,MIN_OPERATING_MW,0,
8/30/2026 6:40:00 PM,RTD,CLUZ,03TANWIND_G01,G,8/30/2026 6:36:00 PM,8/30/2026 6:40:00 PM,MAX_OPERATING_MW,6.70,
8/30/2026 6:40:00 PM,RTD,CLUZ,03TANWIND_G01,G,8/30/2026 6:36:00 PM,8/30/2026 6:40:00 PM,MIN_OPERATING_MW,6.70,
8/30/2026 6:40:00 PM,RTD,CLUZ,03TANWIND_G01,G,8/30/2026 6:41:00 PM,8/30/2026 6:45:00 PM,MAX_OPERATING_MW,6.70,
8/30/2026 6:40:00 PM,RTD,CLUZ,03TANWIND_G01,G,8/30/2026 6:41:00 PM,8/30/2026 6:45:00 PM,MIN_OPERATING_MW,6.70,
8/30/2026 6:40:00 PM,RTD,CVIS,08AJUYSOL_G01,G,8/30/2026 6:01:00 PM,8/30/2026 7:00:00 PM,MAX_OPERATING_MW,2,
8/30/2026 6:40:00 PM,RTD,CVIS,08AJUYSOL_G01,G,8/30/2026 6:01:00 PM,8/30/2026 7:00:00 PM,MIN_OPERATING_MW,2,
8/30/2026 6:40:00 PM,RTD,CVIS,08AJUYSOL_G02,G,8/30/2026 6:01:00 PM,8/30/2026 7:00:00 PM,MAX_OPERATING_MW,1.50,
8/30/2026 6:40:00 PM,RTD,CVIS,08AJUYSOL_G02,G,8/30/2026 6:01:00 PM,8/30/2026 7:00:00 PM,MIN_OPERATING_MW,1.50,
8/30/2026 6:40:00 PM,RTD,CMIN,10LIAN_G02,G,8/30/2026 12:05:00 AM,8/30/2026 11:59:00 PM,MAX_OPERATING_MW,5.20,
8/30/2026 6:40:00 PM,RTD,CMIN,10LIAN_G02,G,8/30/2026 12:05:00 AM,8/30/2026 11:59:00 PM,MIN_OPERATING_MW,0,
8/30/2026 6:45:00 PM,RTD,CLUZ,01PASBUSOL_G01,G,8/30/2026 6:01:00 PM,8/30/2026 7:00:00 PM,MAX_OPERATING_MW,0.04,
8/30/2026 6:45:00 PM,RTD,CLUZ,01PASBUSOL_G01,G,8/30/2026 6:01:00 PM,8/30/2026 7:00:00 PM,MIN_OPERATING_MW,0.04,
8/30/2026 6:45:00 PM,RTD,CLUZ,01TERRASOL_G01,G,8/30/2026 6:01:00 PM,8/31/2026,MAX_OPERATING_MW,0,
8/30/2026 6:45:00 PM,RTD,CLUZ,01TERRASOL_G01,G,8/30/2026 6:01:00 PM,8/31/2026,MIN_OPERATING_MW,0,
8/30/2026 6:45:00 PM,RTD,CLUZ,03TANWIND_G01,G,8/30/2026 6:41:00 PM,8/30/2026 6:45:00 PM,MAX_OPERATING_MW,6.70,
8/30/2026 6:45:00 PM,RTD,CLUZ,03TANWIND_G01,G,8/30/2026 6:41:00 PM,8/30/2026 6:45:00 PM,MIN_OPERATING_MW,6.70,
8/30/2026 6:45:00 PM,RTD,CLUZ,03TANWIND_G01,G,8/30/2026 6:46:00 PM,8/30/2026 6:50:00 PM,MAX_OPERATING_MW,6.70,
8/30/2026 6:45:00 PM,RTD,CLUZ,03TANWIND_G01,G,8/30/2026 6:46:00 PM,8/30/2026 6:50:00 PM,MIN_OPERATING_MW,6.70,
8/30/2026 6:45:00 PM,RTD,CVIS,08AJUYSOL_G01,G,8/30/2026 6:01:00 PM,8/30/2026 7:00:00 PM,MAX_OPERATING_MW,2,
8/30/2026 6:45:00 PM,RTD,CVIS,08AJUYSOL_G01,G,8/30/2026 6:01:00 PM,8/30/2026 7:00:00 PM,MIN_OPERATING_MW,2,
8/30/2026 6:45:00 PM,RTD,CVIS,08AJUYSOL_G02,G,8/30/2026 6:01:00 PM,8/30/2026 7:00:00 PM,MAX_OPERATING_MW,1.50,
8/30/2026 6:45:00 PM,RTD,CVIS,08AJUYSOL_G02,G,8/30/2026 6:01:00 PM,8/30/2026 7:00:00 PM,MIN_OPERATING_MW,1.50,
8/30/2026 6:45:00 PM,RTD,CMIN,10LIAN_G02,G,8/30/2026 12:05:00 AM,8/30/2026 11:59:00 PM,MAX_OPERATING_MW,5.20,
8/30/2026 6:45:00 PM,RTD,CMIN,10LIAN_G02,G,8/30/2026 12:05:00 AM,8/30/2026 11:59:00 PM,MIN_OPERATING_MW,0,
8/30/2026 6:50:00 PM,RTD,CLUZ,01PASBUSOL_G01,G,8/30/2026 6:01:00 PM,8/30/2026 7:00:00 PM,MAX_OPERATING_MW,0.04,
8/30/2026 6:50:00 PM,RTD,CLUZ,01PASBUSOL_G01,G,8/30/2026 6:01:00 PM,8/30/2026 7:00:00 PM,MIN_OPERATING_MW,0.04,
8/30/2026 6:50:00 PM,RTD,CLUZ,01TERRASOL_G01,G,8/30/2026 6:01:00 PM,8/31/2026,MAX_OPERATING_MW,0,
8/30/2026 6:50:00 PM,RTD,CLUZ,01TERRASOL_G01,G,8/30/2026 6:01:00 PM,8/31/2026,MIN_OPERATING_MW,0,
8/30/2026 6:50:00 PM,RTD,CLUZ,03TANWIND_G01,G,8/30/2026 6:46:00 PM,8/30/2026 6:50:00 PM,MAX_OPERATING_MW,6.70,
8/30/2026 6:50:00 PM,RTD,CLUZ,03TANWIND_G01,G,8/30/2026 6:46:00 PM,8/30/2026 6:50:00 PM,MIN_OPERATING_MW,6.70,
8/30/2026 6:50:00 PM,RTD,CLUZ,03TANWIND_G01,G,8/30/2026 6:51:00 PM,8/30/2026 6:55:00 PM,MAX_OPERATING_MW,6.70,
8/30/2026 6:50:00 PM,RTD,CLUZ,03TANWIND_G01,G,8/30/2026 6:51:00 PM,8/30/2026 6:55:00 PM,MIN_OPERATING_MW,6.70,
8/30/2026 6:50:00 PM,RTD,CVIS,08AJUYSOL_G01,G,8/30/2026 6:01:00 PM,8/30/2026 7:00:00 PM,MAX_OPERATING_MW,2,
8/30/2026 6:50:00 PM,RTD,CVIS,08AJUYSOL_G01,G,8/30/2026 6:01:00 PM,8/30/2026 7:00:00 PM,MIN_OPERATING_MW,2,
8/30/2026 6:50:00 PM,RTD,CVIS,08AJUYSOL_G02,G,8/30/2026 6:01:00 PM,8/30/2026 7:00:00 PM,MAX_OPERATING_MW,1.50,
8/30/2026 6:50:00 PM,RTD,CVIS,08AJUYSOL_G02,G,8/30/2026 6:01:00 PM,8/30/2026 7:00:00 PM,MIN_OPERATING_MW,1.50,
8/30/2026 6:50:00 PM,RTD,CMIN,10LIAN_G02,G,8/30/2026 12:05:00 AM,8/30/2026 11:59:00 PM,MAX_OPERATING_MW,5.20,
8/30/2026 6:50:00 PM,RTD,CMIN,10LIAN_G02,G,8/30/2026 12:05:00 AM,8/30/2026 11:59:00 PM,MIN_OPERATING_MW,0,
8/30/2026 6:55:00 PM,RTD,CLUZ,01PASBUSOL_G01,G,8/30/2026 6:01:00 PM,8/30/2026 7:00:00 PM,MAX_OPERATING_MW,0.04,
8/30/2026 6:55:00 PM,RTD,CLUZ,01PASBUSOL_G01,G,8/30/2026 6:01:00 PM,8/30/2026 7:00:00 PM,MIN_OPERATING_MW,0.04,
8/30/2026 6:55:00 PM,RTD,CLUZ,01TERRASOL_G01,G,8/30/2026 6:01:00 PM,8/31/2026,MAX_OPERATING_MW,0,
8/30/2026 6:55:00 PM,RTD,CLUZ,01TERRASOL_G01,G,8/30/2026 6:01:00 PM,8/31/2026,MIN_OPERATING_MW,0,
8/30/2026 6:55:00 PM,RTD,CLUZ,03TANWIND_G01,G,8/30/2026 6:51:00 PM,8/30/2026 6:55:00 PM,MAX_OPERATING_MW,6.70,
8/30/2026 6:55:00 PM,RTD,CLUZ,03TANWIND_G01,G,8/30/2026 6:51:00 PM,8/30/2026 6:55:00 PM,MIN_OPERATING_MW,6.70,
8/30/2026 6:55:00 PM,RTD,CLUZ,03TANWIND_G01,G,8/30/2026 6:56:00 PM,8/30/2026 7:00:00 PM,MAX_OPERATING_MW,6.70,
8/30/2026 6:55:00 PM,RTD,CLUZ,03TANWIND_G01,G,8/30/2026 6:56:00 PM,8/30/2026 7:00:00 PM,MIN_OPERATING_MW,6.70,
8/30/2026 6:55:00 PM,RTD,CVIS,08AJUYSOL_G01,G,8/30/2026 6:01:00 PM,8/30/2026 7:00:00 PM,MAX_OPERATING_MW,2,
8/30/2026 6:55:00 PM,RTD,CVIS,08AJUYSOL_G01,G,8/30/2026 6:01:00 PM,8/30/2026 7:00:00 PM,MIN_OPERATING_MW,2,
8/30/2026 6:55:00 PM,RTD,CVIS,08AJUYSOL_G02,G,8/30/2026 6:01:00 PM,8/30/2026 7:00:00 PM,MAX_OPERATING_MW,1.50,
8/30/2026 6:55:00 PM,RTD,CVIS,08AJUYSOL_G02,G,8/30/2026 6:01:00 PM,8/30/2026 7:00:00 PM,MIN_OPERATING_MW,1.50,
8/30/2026 6:55:00 PM,RTD,CMIN,10LIAN_G02,G,8/30/2026 12:05:00 AM,8/30/2026 11:59:00 PM,MAX_OPERATING_MW,5.20,
8/30/2026 6:55:00 PM,RTD,CMIN,10LIAN_G02,G,8/30/2026 12:05:00 AM,8/30/2026 11:59:00 PM,MIN_OPERATING_MW,0,
8/30/2026 7:00:00 PM,RTD,CLUZ,01PASBUSOL_G01,G,8/30/2026 6:01:00 PM,8/30/2026 7:00:00 PM,MAX_OPERATING_MW,0.04,
8/30/2026 7:00:00 PM,RTD,CLUZ,01PASBUSOL_G01,G,8/30/2026 6:01:00 PM,8/30/2026 7:00:00 PM,MIN_OPERATING_MW,0.04,
8/30/2026 7:00:00 PM,RTD,CLUZ,01TERRASOL_G01,G,8/30/2026 6:01:00 PM,8/31/2026,MAX_OPERATING_MW,0,
8/30/2026 7:00:00 PM,RTD,CLUZ,01TERRASOL_G01,G,8/30/2026 6:01:00 PM,8/31/2026,MIN_OPERATING_MW,0,
8/30/2026 7:00:00 PM,RTD,CLUZ,03TANWIND_G01,G,8/30/2026 6:56:00 PM,8/30/2026 7:00:00 PM,MAX_OPERATING_MW,6.70,
8/30/2026 7:00:00 PM,RTD,CLUZ,03TANWIND_G01,G,8/30/2026 6:56:00 PM,8/30/2026 7:00:00 PM,MIN_OPERATING_MW,6.70,
8/30/2026 7:00:00 PM,RTD,CLUZ,03TANWIND_G01,G,8/30/2026 7:01:00 PM,8/30/2026 7:05:00 PM,MAX_OPERATING_MW,6.10,
8/30/2026 7:00:00 PM,RTD,CLUZ,03TANWIND_G01,G,8/30/2026 7:01:00 PM,8/30/2026 7:05:00 PM,MIN_OPERATING_MW,6.10,
8/30/2026 7:00:00 PM,RTD,CVIS,08AJUYSOL_G01,G,8/30/2026 6:01:00 PM,8/30/2026 7:00:00 PM,MAX_OPERATING_MW,2,
8/30/2026 7:00:00 PM,RTD,CVIS,08AJUYSOL_G01,G,8/30/2026 6:01:00 PM,8/30/2026 7:00:00 PM,MIN_OPERATING_MW,2,
8/30/2026 7:00:00 PM,RTD,CVIS,08AJUYSOL_G02,G,8/30/2026 6:01:00 PM,8/30/2026 7:00:00 PM,MAX_OPERATING_MW,1.50,
8/30/2026 7:00:00 PM,RTD,CVIS,08AJUYSOL_G02,G,8/30/2026 6:01:00 PM,8/30/2026 7:00:00 PM,MIN_OPERATING_MW,1.50,
8/30/2026 7:00:00 PM,RTD,CMIN,10LIAN_G02,G,8/30/2026 12:05:00 AM,8/30/2026 11:59:00 PM,MAX_OPERATING_MW,5.20,
8/30/2026 7:00:00 PM,RTD,CMIN,10LIAN_G02,G,8/30/2026 12:05:00 AM,8/30/2026 11:59:00 PM,MIN_OPERATING_MW,0,
8/30/2026 7:05:00 PM,RTD,CLUZ,01TERRASOL_G01,G,8/30/2026 6:01:00 PM,8/31/2026,MAX_OPERATING_MW,0,
8/30/2026 7:05:00 PM,RTD,CLUZ,01TERRASOL_G01,G,8/30/2026 6:01:00 PM,8/31/2026,MIN_OPERATING_MW,0,
8/30/2026 7:05:00 PM,RTD,CLUZ,03TANWIND_G01,G,8/30/2026 7:01:00 PM,8/30/2026 7:05:00 PM,MAX_OPERATING_MW,6.10,
8/30/2026 7:05:00 PM,RTD,CLUZ,03TANWIND_G01,G,8/30/2026 7:01:00 PM,8/30/2026 7:05:00 PM,MIN_OPERATING_MW,6.10,
8/30/2026 7:05:00 PM,RTD,CLUZ,03TANWIND_G01,G,8/30/2026 7:06:00 PM,8/30/2026 7:10:00 PM,MAX_OPERATING_MW,6.10,
8/30/2026 7:05:00 PM,RTD,CLUZ,03TANWIND_G01,G,8/30/2026 7:06:00 PM,8/30/2026 7:10:00 PM,MIN_OPERATING_MW,6.10,
8/30/2026 7:05:00 PM,RTD,CMIN,10LIAN_G02,G,8/30/2026 12:05:00 AM,8/30/2026 11:59:00 PM,MAX_OPERATING_MW,5.20,
8/30/2026 7:05:00 PM,RTD,CMIN,10LIAN_G02,G,8/30/2026 12:05:00 AM,8/30/2026 11:59:00 PM,MIN_OPERATING_MW,0,
8/30/2026 7:10:00 PM,RTD,CLUZ,01TERRASOL_G01,G,8/30/2026 6:01:00 PM,8/31/2026,MAX_OPERATING_MW,0,
8/30/2026 7:10:00 PM,RTD,CLUZ,01TERRASOL_G01,G,8/30/2026 6:01:00 PM,8/31/2026,MIN_OPERATING_MW,0,
8/30/2026 7:10:00 PM,RTD,CLUZ,03TANWIND_G01,G,8/30/2026 7:06:00 PM,8/30/2026 7:10:00 PM,MAX_OPERATING_MW,6.10,
8/30/2026 7:10:00 PM,RTD,CLUZ,03TANWIND_G01,G,8/30/2026 7:06:00 PM,8/30/2026 7:10:00 PM,MIN_OPERATING_MW,6.10,
8/30/2026 7:10:00 PM,RTD,CLUZ,03TANWIND_G01,G,8/30/2026 7:11:00 PM,8/30/2026 7:15:00 PM,MAX_OPERATING_MW,6.10,
8/30/2026 7:10:00 PM,RTD,CLUZ,03TANWIND_G01,G,8/30/2026 7:11:00 PM,8/30/2026 7:15:00 PM,MIN_OPERATING_MW,6.10,
8/30/2026 7:10:00 PM,RTD,CMIN,10LIAN_G02,G,8/30/2026 12:05:00 AM,8/30/2026 11:59:00 PM,MAX_OPERATING_MW,5.20,
8/30/2026 7:10:00 PM,RTD,CMIN,10LIAN_G02,G,8/30/2026 12:05:00 AM,8/30/2026 11:59:00 PM,MIN_OPERATING_MW,0,
8/30/2026 7:15:00 PM,RTD,CLUZ,01TERRASOL_G01,G,8/30/2026 6:01:00 PM,8/31/2026,MAX_OPERATING_MW,0,
8/30/2026 7:15:00 PM,RTD,CLUZ,01TERRASOL_G01,G,8/30/2026 6:01:00 PM,8/31/2026,MIN_OPERATING_MW,0,
8/30/2026 7:15:00 PM,RTD,CLUZ,03TANWIND_G01,G,8/30/2026 7:11:00 PM,8/30/2026 7:15:00 PM,MAX_OPERATING_MW,6.10,
8/30/2026 7:15:00 PM,RTD,CLUZ,03TANWIND_G01,G,8/30/2026 7:11:00 PM,8/30/2026 7:15:00 PM,MIN_OPERATING_MW,6.10,
8/30/2026 7:15:00 PM,RTD,CLUZ,03TANWIND_G01,G,8/30/2026 7:16:00 PM,8/30/2026 7:20:00 PM,MAX_OPERATING_MW,6.10,
8/30/2026 7:15:00 PM,RTD,CLUZ,03TANWIND_G01,G,8/30/2026 7:16:00 PM,8/30/2026 7:20:00 PM,MIN_OPERATING_MW,6.10,
8/30/2026 7:15:00 PM,RTD,CMIN,10LIAN_G02,G,8/30/2026 12:05:00 AM,8/30/2026 11:59:00 PM,MAX_OPERATING_MW,5.20,
8/30/2026 7:15:00 PM,RTD,CMIN,10LIAN_G02,G,8/30/2026 12:05:00 AM,8/30/2026 11:59:00 PM,MIN_OPERATING_MW,0,
8/30/2026 7:20:00 PM,RTD,CLUZ,01TERRASOL_G01,G,8/30/2026 6:01:00 PM,8/31/2026,MAX_OPERATING_MW,0,
8/30/2026 7:20:00 PM,RTD,CLUZ,01TERRASOL_G01,G,8/30/2026 6:01:00 PM,8/31/2026,MIN_OPERATING_MW,0,
8/30/2026 7:20:00 PM,RTD,CLUZ,03TANWIND_G01,G,8/30/2026 7:16:00 PM,8/30/2026 7:20:00 PM,MAX_OPERATING_MW,6.10,
8/30/2026 7:20:00 PM,RTD,CLUZ,03TANWIND_G01,G,8/30/2026 7:16:00 PM,8/30/2026 7:20:00 PM,MIN_OPERATING_MW,6.10,
8/30/2026 7:20:00 PM,RTD,CLUZ,03TANWIND_G01,G,8/30/2026 7:21:00 PM,8/30/2026 7:25:00 PM,MAX_OPERATING_MW,6.10,
8/30/2026 7:20:00 PM,RTD,CLUZ,03TANWIND_G01,G,8/30/2026 7:21:00 PM,8/30/2026 7:25:00 PM,MIN_OPERATING_MW,6.10,
8/30/2026 7:20:00 PM,RTD,CMIN,10LIAN_G02,G,8/30/2026 12:05:00 AM,8/30/2026 11:59:00 PM,MAX_OPERATING_MW,5.20,
8/30/2026 7:20:00 PM,RTD,CMIN,10LIAN_G02,G,8/30/2026 12:05:00 AM,8/30/2026 11:59:00 PM,MIN_OPERATING_MW,0,
8/30/2026 7:25:00 PM,RTD,CLUZ,01TERRASOL_G01,G,8/30/2026 6:01:00 PM,8/31/2026,MAX_OPERATING_MW,0,
8/30/2026 7:25:00 PM,RTD,CLUZ,01TERRASOL_G01,G,8/30/2026 6:01:00 PM,8/31/2026,MIN_OPERATING_MW,0,
8/30/2026 7:25:00 PM,RTD,CLUZ,03TANWIND_G01,G,8/30/2026 7:21:00 PM,8/30/2026 7:25:00 PM,MAX_OPERATING_MW,6.10,
8/30/2026 7:25:00 PM,RTD,CLUZ,03TANWIND_G01,G,8/30/2026 7:21:00 PM,8/30/2026 7:25:00 PM,MIN_OPERATING_MW,6.10,
8/30/2026 7:25:00 PM,RTD,CLUZ,03TANWIND_G01,G,8/30/2026 7:26:00 PM,8/30/2026 7:30:00 PM,MAX_OPERATING_MW,6.10,
8/30/2026 7:25:00 PM,RTD,CLUZ,03TANWIND_G01,G,8/30/2026 7:26:00 PM,8/30/2026 7:30:00 PM,MIN_OPERATING_MW,6.10,
8/30/2026 7:25:00 PM,RTD,CMIN,10LIAN_G02,G,8/30/2026 12:05:00 AM,8/30/2026 11:59:00 PM,MAX_OPERATING_MW,5.20,
8/30/2026 7:25:00 PM,RTD,CMIN,10LIAN_G02,G,8/30/2026 12:05:00 AM,8/30/2026 11:59:00 PM,MIN_OPERATING_MW,0,
8/30/2026 7:30:00 PM,RTD,CLUZ,01TERRASOL_G01,G,8/30/2026 6:01:00 PM,8/31/2026,MAX_OPERATING_MW,0,
8/30/2026 7:30:00 PM,RTD,CLUZ,01TERRASOL_G01,G,8/30/2026 6:01:00 PM,8/31/2026,MIN_OPERATING_MW,0,
8/30/2026 7:30:00 PM,RTD,CLUZ,03TANWIND_G01,G,8/30/2026 7:26:00 PM,8/30/2026 7:30:00 PM,MAX_OPERATING_MW,6.10,
8/30/2026 7:30:00 PM,RTD,CLUZ,03TANWIND_G01,G,8/30/2026 7:26:00 PM,8/30/2026 7:30:00 PM,MIN_OPERATING_MW,6.10,
8/30/2026 7:30:00 PM,RTD,CLUZ,03TANWIND_G01,G,8/30/2026 7:31:00 PM,8/30/2026 7:35:00 PM,MAX_OPERATING_MW,6.10,
8/30/2026 7:30:00 PM,RTD,CLUZ,03TANWIND_G01,G,8/30/2026 7:31:00 PM,8/30/2026 7:35:00 PM,MIN_OPERATING_MW,6.10,
8/30/2026 7:30:00 PM,RTD,CMIN,10LIAN_G02,G,8/30/2026 12:05:00 AM,8/30/2026 11:59:00 PM,MAX_OPERATING_MW,5.20,
8/30/2026 7:30:00 PM,RTD,CMIN,10LIAN_G02,G,8/30/2026 12:05:00 AM,8/30/2026 11:59:00 PM,MIN_OPERATING_MW,0,
8/30/2026 7:35:00 PM,RTD,CLUZ,01TERRASOL_G01,G,8/30/2026 6:01:00 PM,8/31/2026,MAX_OPERATING_MW,0,
8/30/2026 7:35:00 PM,RTD,CLUZ,01TERRASOL_G01,G,8/30/2026 6:01:00 PM,8/31/2026,MIN_OPERATING_MW,0,
8/30/2026 7:35:00 PM,RTD,CLUZ,03TANWIND_G01,G,8/30/2026 7:31:00 PM,8/30/2026 7:35:00 PM,MAX_OPERATING_MW,6.10,
8/30/2026 7:35:00 PM,RTD,CLUZ,03TANWIND_G01,G,8/30/2026 7:31:00 PM,8/30/2026 7:35:00 PM,MIN_OPERATING_MW,6.10,
8/30/2026 7:35:00 PM,RTD,CLUZ,03TANWIND_G01,G,8/30/2026 7:36:00 PM,8/30/2026 7:40:00 PM,MAX_OPERATING_MW,6.10,
8/30/2026 7:35:00 PM,RTD,CLUZ,03TANWIND_G01,G,8/30/2026 7:36:00 PM,8/30/2026 7:40:00 PM,MIN_OPERATING_MW,6.10,
8/30/2026 7:35:00 PM,RTD,CMIN,10LIAN_G02,G,8/30/2026 12:05:00 AM,8/30/2026 11:59:00 PM,MAX_OPERATING_MW,5.20,
8/30/2026 7:35:00 PM,RTD,CMIN,10LIAN_G02,G,8/30/2026 12:05:00 AM,8/30/2026 11:59:00 PM,MIN_OPERATING_MW,0,
8/30/2026 7:40:00 PM,RTD,CLUZ,01TERRASOL_G01,G,8/30/2026 6:01:00 PM,8/31/2026,MAX_OPERATING_MW,0,
8/30/2026 7:40:00 PM,RTD,CLUZ,01TERRASOL_G01,G,8/30/2026 6:01:00 PM,8/31/2026,MIN_OPERATING_MW,0,
8/30/2026 7:40:00 PM,RTD,CLUZ,03TANWIND_G01,G,8/30/2026 7:36:00 PM,8/30/2026 7:40:00 PM,MAX_OPERATING_MW,6.10,
8/30/2026 7:40:00 PM,RTD,CLUZ,03TANWIND_G01,G,8/30/2026 7:36:00 PM,8/30/2026 7:40:00 PM,MIN_OPERATING_MW,6.10,
8/30/2026 7:40:00 PM,RTD,CLUZ,03TANWIND_G01,G,8/30/2026 7:41:00 PM,8/30/2026 7:45:00 PM,MAX_OPERATING_MW,6.10,
8/30/2026 7:40:00 PM,RTD,CLUZ,03TANWIND_G01,G,8/30/2026 7:41:00 PM,8/30/2026 7:45:00 PM,MIN_OPERATING_MW,6.10,
8/30/2026 7:40:00 PM,RTD,CMIN,10LIAN_G02,G,8/30/2026 12:05:00 AM,8/30/2026 11:59:00 PM,MAX_OPERATING_MW,5.20,
8/30/2026 7:40:00 PM,RTD,CMIN,10LIAN_G02,G,8/30/2026 12:05:00 AM,8/30/2026 11:59:00 PM,MIN_OPERATING_MW,0,
8/30/2026 7:45:00 PM,RTD,CLUZ,01TERRASOL_G01,G,8/30/2026 6:01:00 PM,8/31/2026,MAX_OPERATING_MW,0,
8/30/2026 7:45:00 PM,RTD,CLUZ,01TERRASOL_G01,G,8/30/2026 6:01:00 PM,8/31/2026,MIN_OPERATING_MW,0,
8/30/2026 7:45:00 PM,RTD,CLUZ,03TANWIND_G01,G,8/30/2026 7:41:00 PM,8/30/2026 7:45:00 PM,MAX_OPERATING_MW,6.10,
8/30/2026 7:45:00 PM,RTD,CLUZ,03TANWIND_G01,G,8/30/2026 7:41:00 PM,8/30/2026 7:45:00 PM,MIN_OPERATING_MW,6.10,
8/30/2026 7:45:00 PM,RTD,CLUZ,03TANWIND_G01,G,8/30/2026 7:46:00 PM,8/30/2026 7:50:00 PM,MAX_OPERATING_MW,6.10,
8/30/2026 7:45:00 PM,RTD,CLUZ,03TANWIND_G01,G,8/30/2026 7:46:00 PM,8/30/2026 7:50:00 PM,MIN_OPERATING_MW,6.10,
8/30/2026 7:45:00 PM,RTD,CMIN,10LIAN_G02,G,8/30/2026 12:05:00 AM,8/30/2026 11:59:00 PM,MAX_OPERATING_MW,5.20,
8/30/2026 7:45:00 PM,RTD,CMIN,10LIAN_G02,G,8/30/2026 12:05:00 AM,8/30/2026 11:59:00 PM,MIN_OPERATING_MW,0,
8/30/2026 7:50:00 PM,RTD,CLUZ,01TERRASOL_G01,G,8/30/2026 6:01:00 PM,8/31/2026,MAX_OPERATING_MW,0,
8/30/2026 7:50:00 PM,RTD,CLUZ,01TERRASOL_G01,G,8/30/2026 6:01:00 PM,8/31/2026,MIN_OPERATING_MW,0,
8/30/2026 7:50:00 PM,RTD,CLUZ,03TANWIND_G01,G,8/30/2026 7:46:00 PM,8/30/2026 7:50:00 PM,MAX_OPERATING_MW,6.10,
8/30/2026 7:50:00 PM,RTD,CLUZ,03TANWIND_G01,G,8/30/2026 7:46:00 PM,8/30/2026 7:50:00 PM,MIN_OPERATING_MW,6.10,
8/30/2026 7:50:00 PM,RTD,CLUZ,03TANWIND_G01,G,8/30/2026 7:51:00 PM,8/30/2026 7:55:00 PM,MAX_OPERATING_MW,6.10,
8/30/2026 7:50:00 PM,RTD,CLUZ,03TANWIND_G01,G,8/30/2026 7:51:00 PM,8/30/2026 7:55:00 PM,MIN_OPERATING_MW,6.10,
8/30/2026 7:50:00 PM,RTD,CMIN,10LIAN_G02,G,8/30/2026 12:05:00 AM,8/30/2026 11:59:00 PM,MAX_OPERATING_MW,5.20,
8/30/2026 7:50:00 PM,RTD,CMIN,10LIAN_G02,G,8/30/2026 12:05:00 AM,8/30/2026 11:59:00 PM,MIN_OPERATING_MW,0,
8/30/2026 7:55:00 PM,RTD,CLUZ,01TERRASOL_G01,G,8/30/2026 6:01:00 PM,8/31/2026,MAX_OPERATING_MW,0,
8/30/2026 7:55:00 PM,RTD,CLUZ,01TERRASOL_G01,G,8/30/2026 6:01:00 PM,8/31/2026,MIN_OPERATING_MW,0,
8/30/2026 7:55:00 PM,RTD,CLUZ,03TANWIND_G01,G,8/30/2026 7:51:00 PM,8/30/2026 7:55:00 PM,MAX_OPERATING_MW,6.10,
8/30/2026 7:55:00 PM,RTD,CLUZ,03TANWIND_G01,G,8/30/2026 7:51:00 PM,8/30/2026 7:55:00 PM,MIN_OPERATING_MW,6.10,
8/30/2026 7:55:00 PM,RTD,CLUZ,03TANWIND_G01,G,8/30/2026 7:56:00 PM,8/30/2026 8:00:00 PM,MAX_OPERATING_MW,6.10,
8/30/2026 7:55:00 PM,RTD,CLUZ,03TANWIND_G01,G,8/30/2026 7:56:00 PM,8/30/2026 8:00:00 PM,MIN_OPERATING_MW,6.10,
8/30/2026 7:55:00 PM,RTD,CMIN,10LIAN_G02,G,8/30/2026 12:05:00 AM,8/30/2026 11:59:00 PM,MAX_OPERATING_MW,5.20,
8/30/2026 7:55:00 PM,RTD,CMIN,10LIAN_G02,G,8/30/2026 12:05:00 AM,8/30/2026 11:59:00 PM,MIN_OPERATING_MW,0,
8/30/2026 8:00:00 PM,RTD,CLUZ,01TERRASOL_G01,G,8/30/2026 6:01:00 PM,8/31/2026,MAX_OPERATING_MW,0,
8/30/2026 8:00:00 PM,RTD,CLUZ,01TERRASOL_G01,G,8/30/2026 6:01:00 PM,8/31/2026,MIN_OPERATING_MW,0,
8/30/2026 8:00:00 PM,RTD,CLUZ,03TANWIND_G01,G,8/30/2026 7:56:00 PM,8/30/2026 8:00:00 PM,MAX_OPERATING_MW,6.10,
8/30/2026 8:00:00 PM,RTD,CLUZ,03TANWIND_G01,G,8/30/2026 7:56:00 PM,8/30/2026 8:00:00 PM,MIN_OPERATING_MW,6.10,
8/30/2026 8:00:00 PM,RTD,CLUZ,03TANWIND_G01,G,8/30/2026 8:01:00 PM,8/30/2026 8:05:00 PM,MAX_OPERATING_MW,6.10,
8/30/2026 8:00:00 PM,RTD,CLUZ,03TANWIND_G01,G,8/30/2026 8:01:00 PM,8/30/2026 8:05:00 PM,MIN_OPERATING_MW,6.10,
8/30/2026 8:00:00 PM,RTD,CMIN,10LIAN_G02,G,8/30/2026 12:05:00 AM,8/30/2026 11:59:00 PM,MAX_OPERATING_MW,5.20,
8/30/2026 8:00:00 PM,RTD,CMIN,10LIAN_G02,G,8/30/2026 12:05:00 AM,8/30/2026 11:59:00 PM,MIN_OPERATING_MW,0,
8/30/2026 8:05:00 PM,RTD,CLUZ,03TANWIND_G01,G,8/30/2026 8:01:00 PM,8/30/2026 8:05:00 PM,MAX_OPERATING_MW,6.10,
8/30/2026 8:05:00 PM,RTD,CLUZ,03TANWIND_G01,G,8/30/2026 8:01:00 PM,8/30/2026 8:05:00 PM,MIN_OPERATING_MW,6.10,
8/30/2026 8:05:00 PM,RTD,CLUZ,03TANWIND_G01,G,8/30/2026 8:06:00 PM,8/30/2026 8:10:00 PM,MAX_OPERATING_MW,6.10,
8/30/2026 8:05:00 PM,RTD,CLUZ,03TANWIND_G01,G,8/30/2026 8:06:00 PM,8/30/2026 8:10:00 PM,MIN_OPERATING_MW,6.10,
8/30/2026 8:05:00 PM,RTD,CMIN,10LIAN_G02,G,8/30/2026 12:05:00 AM,8/30/2026 11:59:00 PM,MAX_OPERATING_MW,5.20,
8/30/2026 8:05:00 PM,RTD,CMIN,10LIAN_G02,G,8/30/2026 12:05:00 AM,8/30/2026 11:59:00 PM,MIN_OPERATING_MW,0,
8/30/2026 8:10:00 PM,RTD,CLUZ,03TANWIND_G01,G,8/30/2026 8:06:00 PM,8/30/2026 8:10:00 PM,MAX_OPERATING_MW,6.10,
8/30/2026 8:10:00 PM,RTD,CLUZ,03TANWIND_G01,G,8/30/2026 8:06:00 PM,8/30/2026 8:10:00 PM,MIN_OPERATING_MW,6.10,
8/30/2026 8:10:00 PM,RTD,CLUZ,03TANWIND_G01,G,8/30/2026 8:11:00 PM,8/30/2026 8:15:00 PM,MAX_OPERATING_MW,6.10,
8/30/2026 8:10:00 PM,RTD,CLUZ,03TANWIND_G01,G,8/30/2026 8:11:00 PM,8/30/2026 8:15:00 PM,MIN_OPERATING_MW,6.10,
8/30/2026 8:10:00 PM,RTD,CMIN,10LIAN_G02,G,8/30/2026 12:05:00 AM,8/30/2026 11:59:00 PM,MAX_OPERATING_MW,5.20,
8/30/2026 8:10:00 PM,RTD,CMIN,10LIAN_G02,G,8/30/2026 12:05:00 AM,8/30/2026 11:59:00 PM,MIN_OPERATING_MW,0,
8/30/2026 8:15:00 PM,RTD,CLUZ,03TANWIND_G01,G,8/30/2026 8:11:00 PM,8/30/2026 8:15:00 PM,MAX_OPERATING_MW,6.10,
8/30/2026 8:15:00 PM,RTD,CLUZ,03TANWIND_G01,G,8/30/2026 8:11:00 PM,8/30/2026 8:15:00 PM,MIN_OPERATING_MW,6.10,
8/30/2026 8:15:00 PM,RTD,CLUZ,03TANWIND_G01,G,8/30/2026 8:16:00 PM,8/30/2026 8:20:00 PM,MAX_OPERATING_MW,6.10,
8/30/2026 8:15:00 PM,RTD,CLUZ,03TANWIND_G01,G,8/30/2026 8:16:00 PM,8/30/2026 8:20:00 PM,MIN_OPERATING_MW,6.10,
8/30/2026 8:15:00 PM,RTD,CMIN,10LIAN_G02,G,8/30/2026 12:05:00 AM,8/30/2026 11:59:00 PM,MAX_OPERATING_MW,5.20,
8/30/2026 8:15:00 PM,RTD,CMIN,10LIAN_G02,G,8/30/2026 12:05:00 AM,8/30/2026 11:59:00 PM,MIN_OPERATING_MW,0,
8/30/2026 8:20:00 PM,RTD,CLUZ,03TANWIND_G01,G,8/30/2026 8:16:00 PM,8/30/2026 8:20:00 PM,MAX_OPERATING_MW,6.10,
8/30/2026 8:20:00 PM,RTD,CLUZ,03TANWIND_G01,G,8/30/2026 8:16:00 PM,8/30/2026 8:20:00 PM,MIN_OPERATING_MW,6.10,
8/30/2026 8:20:00 PM,RTD,CLUZ,03TANWIND_G01,G,8/30/2026 8:21:00 PM,8/30/2026 8:25:00 PM,MAX_OPERATING_MW,6.10,
8/30/2026 8:20:00 PM,RTD,CLUZ,03TANWIND_G01,G,8/30/2026 8:21:00 PM,8/30/2026 8:25:00 PM,MIN_OPERATING_MW,6.10,
8/30/2026 8:20:00 PM,RTD,CMIN,10LIAN_G02,G,8/30/2026 12:05:00 AM,8/30/2026 11:59:00 PM,MAX_OPERATING_MW,5.20,
8/30/2026 8:20:00 PM,RTD,CMIN,10LIAN_G02,G,8/30/2026 12:05:00 AM,8/30/2026 11:59:00 PM,MIN_OPERATING_MW,0,
8/30/2026 8:25:00 PM,RTD,CLUZ,03TANWIND_G01,G,8/30/2026 8:21:00 PM,8/30/2026 8:25:00 PM,MAX_OPERATING_MW,6.10,
8/30/2026 8:25:00 PM,RTD,CLUZ,03TANWIND_G01,G,8/30/2026 8:21:00 PM,8/30/2026 8:25:00 PM,MIN_OPERATING_MW,6.10,
8/30/2026 8:25:00 PM,RTD,CLUZ,03TANWIND_G01,G,8/30/2026 8:26:00 PM,8/30/2026 8:30:00 PM,MAX_OPERATING_MW,6.10,
8/30/2026 8:25:00 PM,RTD,CLUZ,03TANWIND_G01,G,8/30/2026 8:26:00 PM,8/30/2026 8:30:00 PM,MIN_OPERATING_MW,6.10,
8/30/2026 8:25:00 PM,RTD,CMIN,10LIAN_G02,G,8/30/2026 12:05:00 AM,8/30/2026 11:59:00 PM,MAX_OPERATING_MW,5.20,
8/30/2026 8:25:00 PM,RTD,CMIN,10LIAN_G02,G,8/30/2026 12:05:00 AM,8/30/2026 11:59:00 PM,MIN_OPERATING_MW,0,
8/30/2026 8:30:00 PM,RTD,CLUZ,03TANWIND_G01,G,8/30/2026 8:26:00 PM,8/30/2026 8:30:00 PM,MAX_OPERATING_MW,6.10,
8/30/2026 8:30:00 PM,RTD,CLUZ,03TANWIND_G01,G,8/30/2026 8:26:00 PM,8/30/2026 8:30:00 PM,MIN_OPERATING_MW,6.10,
8/30/2026 8:30:00 PM,RTD,CLUZ,03TANWIND_G01,G,8/30/2026 8:31:00 PM,8/30/2026 8:35:00 PM,MAX_OPERATING_MW,6.10,
8/30/2026 8:30:00 PM,RTD,CLUZ,03TANWIND_G01,G,8/30/2026 8:31:00 PM,8/30/2026 8:35:00 PM,MIN_OPERATING_MW,6.10,
8/30/2026 8:30:00 PM,RTD,CMIN,10LIAN_G02,G,8/30/2026 12:05:00 AM,8/30/2026 11:59:00 PM,MAX_OPERATING_MW,5.20,
8/30/2026 8:30:00 PM,RTD,CMIN,10LIAN_G02,G,8/30/2026 12:05:00 AM,8/30/2026 11:59:00 PM,MIN_OPERATING_MW,0,
8/30/2026 8:35:00 PM,RTD,CLUZ,03TANWIND_G01,G,8/30/2026 8:31:00 PM,8/30/2026 8:35:00 PM,MAX_OPERATING_MW,6.10,
8/30/2026 8:35:00 PM,RTD,CLUZ,03TANWIND_G01,G,8/30/2026 8:31:00 PM,8/30/2026 8:35:00 PM,MIN_OPERATING_MW,6.10,
8/30/2026 8:35:00 PM,RTD,CLUZ,03TANWIND_G01,G,8/30/2026 8:36:00 PM,8/30/2026 8:40:00 PM,MAX_OPERATING_MW,6.10,
8/30/2026 8:35:00 PM,RTD,CLUZ,03TANWIND_G01,G,8/30/2026 8:36:00 PM,8/30/2026 8:40:00 PM,MIN_OPERATING_MW,6.10,
8/30/2026 8:35:00 PM,RTD,CMIN,10LIAN_G02,G,8/30/2026 12:05:00 AM,8/30/2026 11:59:00 PM,MAX_OPERATING_MW,5.20,
8/30/2026 8:35:00 PM,RTD,CMIN,10LIAN_G02,G,8/30/2026 12:05:00 AM,8/30/2026 11:59:00 PM,MIN_OPERATING_MW,0,
8/30/2026 8:40:00 PM,RTD,CLUZ,03TANWIND_G01,G,8/30/2026 8:36:00 PM,8/30/2026 8:40:00 PM,MAX_OPERATING_MW,6.10,
8/30/2026 8:40:00 PM,RTD,CLUZ,03TANWIND_G01,G,8/30/2026 8:36:00 PM,8/30/2026 8:40:00 PM,MIN_OPERATING_MW,6.10,
8/30/2026 8:40:00 PM,RTD,CLUZ,03TANWIND_G01,G,8/30/2026 8:41:00 PM,8/30/2026 8:45:00 PM,MAX_OPERATING_MW,6.10,
8/30/2026 8:40:00 PM,RTD,CLUZ,03TANWIND_G01,G,8/30/2026 8:41:00 PM,8/30/2026 8:45:00 PM,MIN_OPERATING_MW,6.10,
8/30/2026 8:40:00 PM,RTD,CMIN,10LIAN_G02,G,8/30/2026 12:05:00 AM,8/30/2026 11:59:00 PM,MAX_OPERATING_MW,5.20,
8/30/2026 8:40:00 PM,RTD,CMIN,10LIAN_G02,G,8/30/2026 12:05:00 AM,8/30/2026 11:59:00 PM,MIN_OPERATING_MW,0,
8/30/2026 8:45:00 PM,RTD,CLUZ,03TANWIND_G01,G,8/30/2026 8:41:00 PM,8/30/2026 8:45:00 PM,MAX_OPERATING_MW,6.10,
8/30/2026 8:45:00 PM,RTD,CLUZ,03TANWIND_G01,G,8/30/2026 8:41:00 PM,8/30/2026 8:45:00 PM,MIN_OPERATING_MW,6.10,
8/30/2026 8:45:00 PM,RTD,CLUZ,03TANWIND_G01,G,8/30/2026 8:46:00 PM,8/30/2026 8:50:00 PM,MAX_OPERATING_MW,6.10,
8/30/2026 8:45:00 PM,RTD,CLUZ,03TANWIND_G01,G,8/30/2026 8:46:00 PM,8/30/2026 8:50:00 PM,MIN_OPERATING_MW,6.10,
8/30/2026 8:45:00 PM,RTD,CMIN,10LIAN_G02,G,8/30/2026 12:05:00 AM,8/30/2026 11:59:00 PM,MAX_OPERATING_MW,5.20,
8/30/2026 8:45:00 PM,RTD,CMIN,10LIAN_G02,G,8/30/2026 12:05:00 AM,8/30/2026 11:59:00 PM,MIN_OPERATING_MW,0,
8/30/2026 8:50:00 PM,RTD,CLUZ,03TANWIND_G01,G,8/30/2026 8:46:00 PM,8/30/2026 8:50:00 PM,MAX_OPERATING_MW,6.10,
8/30/2026 8:50:00 PM,RTD,CLUZ,03TANWIND_G01,G,8/30/2026 8:46:00 PM,8/30/2026 8:50:00 PM,MIN_OPERATING_MW,6.10,
8/30/2026 8:50:00 PM,RTD,CLUZ,03TANWIND_G01,G,8/30/2026 8:51:00 PM,8/30/2026 8:55:00 PM,MAX_OPERATING_MW,6.10,
8/30/2026 8:50:00 PM,RTD,CLUZ,03TANWIND_G01,G,8/30/2026 8:51:00 PM,8/30/2026 8:55:00 PM,MIN_OPERATING_MW,6.10,
8/30/2026 8:50:00 PM,RTD,CMIN,10LIAN_G02,G,8/30/2026 12:05:00 AM,8/30/2026 11:59:00 PM,MAX_OPERATING_MW,5.20,
8/30/2026 8:50:00 PM,RTD,CMIN,10LIAN_G02,G,8/30/2026 12:05:00 AM,8/30/2026 11:59:00 PM,MIN_OPERATING_MW,0,
8/30/2026 8:55:00 PM,RTD,CLUZ,03TANWIND_G01,G,8/30/2026 8:51:00 PM,8/30/2026 8:55:00 PM,MAX_OPERATING_MW,6.10,
8/30/2026 8:55:00 PM,RTD,CLUZ,03TANWIND_G01,G,8/30/2026 8:51:00 PM,8/30/2026 8:55:00 PM,MIN_OPERATING_MW,6.10,
8/30/2026 8:55:00 PM,RTD,CLUZ,03TANWIND_G01,G,8/30/2026 8:56:00 PM,8/30/2026 9:00:00 PM,MAX_OPERATING_MW,6.10,
8/30/2026 8:55:00 PM,RTD,CLUZ,03TANWIND_G01,G,8/30/2026 8:56:00 PM,8/30/2026 9:00:00 PM,MIN_OPERATING_MW,6.10,
8/30/2026 8:55:00 PM,RTD,CMIN,10LIAN_G02,G,8/30/2026 12:05:00 AM,8/30/2026 11:59:00 PM,MAX_OPERATING_MW,5.20,
8/30/2026 8:55:00 PM,RTD,CMIN,10LIAN_G02,G,8/30/2026 12:05:00 AM,8/30/2026 11:59:00 PM,MIN_OPERATING_MW,0,
8/30/2026 9:00:00 PM,RTD,CLUZ,03TANWIND_G01,G,8/30/2026 8:56:00 PM,8/30/2026 9:00:00 PM,MAX_OPERATING_MW,6.10,
8/30/2026 9:00:00 PM,RTD,CLUZ,03TANWIND_G01,G,8/30/2026 8:56:00 PM,8/30/2026 9:00:00 PM,MIN_OPERATING_MW,6.10,
8/30/2026 9:00:00 PM,RTD,CLUZ,03TANWIND_G01,G,8/30/2026 9:01:00 PM,8/30/2026 9:05:00 PM,MAX_OPERATING_MW,5,
8/30/2026 9:00:00 PM,RTD,CLUZ,03TANWIND_G01,G,8/30/2026 9:01:00 PM,8/30/2026 9:05:00 PM,MIN_OPERATING_MW,5,
8/30/2026 9:00:00 PM,RTD,CMIN,10LIAN_G02,G,8/30/2026 12:05:00 AM,8/30/2026 11:59:00 PM,MAX_OPERATING_MW,5.20,
8/30/2026 9:00:00 PM,RTD,CMIN,10LIAN_G02,G,8/30/2026 12:05:00 AM,8/30/2026 11:59:00 PM,MIN_OPERATING_MW,0,
8/30/2026 9:05:00 PM,RTD,CLUZ,03TANWIND_G01,G,8/30/2026 9:01:00 PM,8/30/2026 9:05:00 PM,MAX_OPERATING_MW,5,
8/30/2026 9:05:00 PM,RTD,CLUZ,03TANWIND_G01,G,8/30/2026 9:01:00 PM,8/30/2026 9:05:00 PM,MIN_OPERATING_MW,5,
8/30/2026 9:05:00 PM,RTD,CLUZ,03TANWIND_G01,G,8/30/2026 9:06:00 PM,8/30/2026 9:10:00 PM,MAX_OPERATING_MW,5,
8/30/2026 9:05:00 PM,RTD,CLUZ,03TANWIND_G01,G,8/30/2026 9:06:00 PM,8/30/2026 9:10:00 PM,MIN_OPERATING_MW,5,
8/30/2026 9:05:00 PM,RTD,CMIN,10LIAN_G02,G,8/30/2026 12:05:00 AM,8/30/2026 11:59:00 PM,MAX_OPERATING_MW,5.20,
8/30/2026 9:05:00 PM,RTD,CMIN,10LIAN_G02,G,8/30/2026 12:05:00 AM,8/30/2026 11:59:00 PM,MIN_OPERATING_MW,0,
8/30/2026 9:10:00 PM,RTD,CLUZ,03TANWIND_G01,G,8/30/2026 9:06:00 PM,8/30/2026 9:10:00 PM,MAX_OPERATING_MW,5,
8/30/2026 9:10:00 PM,RTD,CLUZ,03TANWIND_G01,G,8/30/2026 9:06:00 PM,8/30/2026 9:10:00 PM,MIN_OPERATING_MW,5,
8/30/2026 9:10:00 PM,RTD,CLUZ,03TANWIND_G01,G,8/30/2026 9:11:00 PM,8/30/2026 9:15:00 PM,MAX_OPERATING_MW,5,
8/30/2026 9:10:00 PM,RTD,CLUZ,03TANWIND_G01,G,8/30/2026 9:11:00 PM,8/30/2026 9:15:00 PM,MIN_OPERATING_MW,5,
8/30/2026 9:10:00 PM,RTD,CMIN,10LIAN_G02,G,8/30/2026 12:05:00 AM,8/30/2026 11:59:00 PM,MAX_OPERATING_MW,5.20,
8/30/2026 9:10:00 PM,RTD,CMIN,10LIAN_G02,G,8/30/2026 12:05:00 AM,8/30/2026 11:59:00 PM,MIN_OPERATING_MW,0,
8/30/2026 9:15:00 PM,RTD,CLUZ,03TANWIND_G01,G,8/30/2026 9:11:00 PM,8/30/2026 9:15:00 PM,MAX_OPERATING_MW,5,
8/30/2026 9:15:00 PM,RTD,CLUZ,03TANWIND_G01,G,8/30/2026 9:11:00 PM,8/30/2026 9:15:00 PM,MIN_OPERATING_MW,5,
8/30/2026 9:15:00 PM,RTD,CLUZ,03TANWIND_G01,G,8/30/2026 9:16:00 PM,8/30/2026 9:20:00 PM,MAX_OPERATING_MW,5,
8/30/2026 9:15:00 PM,RTD,CLUZ,03TANWIND_G01,G,8/30/2026 9:16:00 PM,8/30/2026 9:20:00 PM,MIN_OPERATING_MW,5,
8/30/2026 9:15:00 PM,RTD,CMIN,10LIAN_G02,G,8/30/2026 12:05:00 AM,8/30/2026 11:59:00 PM,MAX_OPERATING_MW,5.20,
8/30/2026 9:15:00 PM,RTD,CMIN,10LIAN_G02,G,8/30/2026 12:05:00 AM,8/30/2026 11:59:00 PM,MIN_OPERATING_MW,0,
8/30/2026 9:20:00 PM,RTD,CLUZ,03TANWIND_G01,G,8/30/2026 9:16:00 PM,8/30/2026 9:20:00 PM,MAX_OPERATING_MW,5,
8/30/2026 9:20:00 PM,RTD,CLUZ,03TANWIND_G01,G,8/30/2026 9:16:00 PM,8/30/2026 9:20:00 PM,MIN_OPERATING_MW,5,
8/30/2026 9:20:00 PM,RTD,CLUZ,03TANWIND_G01,G,8/30/2026 9:21:00 PM,8/30/2026 9:25:00 PM,MAX_OPERATING_MW,5,
8/30/2026 9:20:00 PM,RTD,CLUZ,03TANWIND_G01,G,8/30/2026 9:21:00 PM,8/30/2026 9:25:00 PM,MIN_OPERATING_MW,5,
8/30/2026 9:20:00 PM,RTD,CMIN,10LIAN_G02,G,8/30/2026 12:05:00 AM,8/30/2026 11:59:00 PM,MAX_OPERATING_MW,5.20,
8/30/2026 9:20:00 PM,RTD,CMIN,10LIAN_G02,G,8/30/2026 12:05:00 AM,8/30/2026 11:59:00 PM,MIN_OPERATING_MW,0,
8/30/2026 9:25:00 PM,RTD,CLUZ,03TANWIND_G01,G,8/30/2026 9:21:00 PM,8/30/2026 9:25:00 PM,MAX_OPERATING_MW,5,
8/30/2026 9:25:00 PM,RTD,CLUZ,03TANWIND_G01,G,8/30/2026 9:21:00 PM,8/30/2026 9:25:00 PM,MIN_OPERATING_MW,5,
8/30/2026 9:25:00 PM,RTD,CLUZ,03TANWIND_G01,G,8/30/2026 9:26:00 PM,8/30/2026 9:30:00 PM,MAX_OPERATING_MW,5,
8/30/2026 9:25:00 PM,RTD,CLUZ,03TANWIND_G01,G,8/30/2026 9:26:00 PM,8/30/2026 9:30:00 PM,MIN_OPERATING_MW,5,
8/30/2026 9:25:00 PM,RTD,CMIN,10LIAN_G02,G,8/30/2026 12:05:00 AM,8/30/2026 11:59:00 PM,MAX_OPERATING_MW,5.20,
8/30/2026 9:25:00 PM,RTD,CMIN,10LIAN_G02,G,8/30/2026 12:05:00 AM,8/30/2026 11:59:00 PM,MIN_OPERATING_MW,0,
8/30/2026 9:30:00 PM,RTD,CLUZ,03TANWIND_G01,G,8/30/2026 9:26:00 PM,8/30/2026 9:30:00 PM,MAX_OPERATING_MW,5,
8/30/2026 9:30:00 PM,RTD,CLUZ,03TANWIND_G01,G,8/30/2026 9:26:00 PM,8/30/2026 9:30:00 PM,MIN_OPERATING_MW,5,
8/30/2026 9:30:00 PM,RTD,CLUZ,03TANWIND_G01,G,8/30/2026 9:31:00 PM,8/30/2026 9:35:00 PM,MAX_OPERATING_MW,5,
8/30/2026 9:30:00 PM,RTD,CLUZ,03TANWIND_G01,G,8/30/2026 9:31:00 PM,8/30/2026 9:35:00 PM,MIN_OPERATING_MW,5,
8/30/2026 9:30:00 PM,RTD,CMIN,10LIAN_G02,G,8/30/2026 12:05:00 AM,8/30/2026 11:59:00 PM,MAX_OPERATING_MW,5.20,
8/30/2026 9:30:00 PM,RTD,CMIN,10LIAN_G02,G,8/30/2026 12:05:00 AM,8/30/2026 11:59:00 PM,MIN_OPERATING_MW,0,
8/30/2026 9:35:00 PM,RTD,CLUZ,03TANWIND_G01,G,8/30/2026 9:31:00 PM,8/30/2026 9:35:00 PM,MAX_OPERATING_MW,5,
8/30/2026 9:35:00 PM,RTD,CLUZ,03TANWIND_G01,G,8/30/2026 9:31:00 PM,8/30/2026 9:35:00 PM,MIN_OPERATING_MW,5,
8/30/2026 9:35:00 PM,RTD,CLUZ,03TANWIND_G01,G,8/30/2026 9:36:00 PM,8/30/2026 9:40:00 PM,MAX_OPERATING_MW,5,
8/30/2026 9:35:00 PM,RTD,CLUZ,03TANWIND_G01,G,8/30/2026 9:36:00 PM,8/30/2026 9:40:00 PM,MIN_OPERATING_MW,5,
8/30/2026 9:35:00 PM,RTD,CMIN,10LIAN_G02,G,8/30/2026 12:05:00 AM,8/30/2026 11:59:00 PM,MAX_OPERATING_MW,5.20,
8/30/2026 9:35:00 PM,RTD,CMIN,10LIAN_G02,G,8/30/2026 12:05:00 AM,8/30/2026 11:59:00 PM,MIN_OPERATING_MW,0,
8/30/2026 9:40:00 PM,RTD,CLUZ,03TANWIND_G01,G,8/30/2026 9:36:00 PM,8/30/2026 9:40:00 PM,MAX_OPERATING_MW,5,
8/30/2026 9:40:00 PM,RTD,CLUZ,03TANWIND_G01,G,8/30/2026 9:36:00 PM,8/30/2026 9:40:00 PM,MIN_OPERATING_MW,5,
8/30/2026 9:40:00 PM,RTD,CLUZ,03TANWIND_G01,G,8/30/2026 9:41:00 PM,8/30/2026 9:45:00 PM,MAX_OPERATING_MW,5,
8/30/2026 9:40:00 PM,RTD,CLUZ,03TANWIND_G01,G,8/30/2026 9:41:00 PM,8/30/2026 9:45:00 PM,MIN_OPERATING_MW,5,
8/30/2026 9:40:00 PM,RTD,CMIN,10LIAN_G02,G,8/30/2026 12:05:00 AM,8/30/2026 11:59:00 PM,MAX_OPERATING_MW,5.20,
8/30/2026 9:40:00 PM,RTD,CMIN,10LIAN_G02,G,8/30/2026 12:05:00 AM,8/30/2026 11:59:00 PM,MIN_OPERATING_MW,0,
8/30/2026 9:45:00 PM,RTD,CLUZ,03TANWIND_G01,G,8/30/2026 9:41:00 PM,8/30/2026 9:45:00 PM,MAX_OPERATING_MW,5,
8/30/2026 9:45:00 PM,RTD,CLUZ,03TANWIND_G01,G,8/30/2026 9:41:00 PM,8/30/2026 9:45:00 PM,MIN_OPERATING_MW,5,
8/30/2026 9:45:00 PM,RTD,CLUZ,03TANWIND_G01,G,8/30/2026 9:46:00 PM,8/30/2026 9:50:00 PM,MAX_OPERATING_MW,5,
8/30/2026 9:45:00 PM,RTD,CLUZ,03TANWIND_G01,G,8/30/2026 9:46:00 PM,8/30/2026 9:50:00 PM,MIN_OPERATING_MW,5,
8/30/2026 9:45:00 PM,RTD,CMIN,10LIAN_G02,G,8/30/2026 12:05:00 AM,8/30/2026 11:59:00 PM,MAX_OPERATING_MW,5.20,
8/30/2026 9:45:00 PM,RTD,CMIN,10LIAN_G02,G,8/30/2026 12:05:00 AM,8/30/2026 11:59:00 PM,MIN_OPERATING_MW,0,
8/30/2026 9:50:00 PM,RTD,CLUZ,03TANWIND_G01,G,8/30/2026 9:46:00 PM,8/30/2026 9:50:00 PM,MAX_OPERATING_MW,5,
8/30/2026 9:50:00 PM,RTD,CLUZ,03TANWIND_G01,G,8/30/2026 9:46:00 PM,8/30/2026 9:50:00 PM,MIN_OPERATING_MW,5,
8/30/2026 9:50:00 PM,RTD,CLUZ,03TANWIND_G01,G,8/30/2026 9:51:00 PM,8/30/2026 9:55:00 PM,MAX_OPERATING_MW,5,
8/30/2026 9:50:00 PM,RTD,CLUZ,03TANWIND_G01,G,8/30/2026 9:51:00 PM,8/30/2026 9:55:00 PM,MIN_OPERATING_MW,5,
8/30/2026 9:50:00 PM,RTD,CMIN,10LIAN_G02,G,8/30/2026 12:05:00 AM,8/30/2026 11:59:00 PM,MAX_OPERATING_MW,5.20,
8/30/2026 9:50:00 PM,RTD,CMIN,10LIAN_G02,G,8/30/2026 12:05:00 AM,8/30/2026 11:59:00 PM,MIN_OPERATING_MW,0,
8/30/2026 9:55:00 PM,RTD,CLUZ,03TANWIND_G01,G,8/30/2026 9:51:00 PM,8/30/2026 9:55:00 PM,MAX_OPERATING_MW,5,
8/30/2026 9:55:00 PM,RTD,CLUZ,03TANWIND_G01,G,8/30/2026 9:51:00 PM,8/30/2026 9:55:00 PM,MIN_OPERATING_MW,5,
8/30/2026 9:55:00 PM,RTD,CLUZ,03TANWIND_G01,G,8/30/2026 9:56:00 PM,8/30/2026 10:00:00 PM,MAX_OPERATING_MW,5,
8/30/2026 9:55:00 PM,RTD,CLUZ,03TANWIND_G01,G,8/30/2026 9:56:00 PM,8/30/2026 10:00:00 PM,MIN_OPERATING_MW,5,
8/30/2026 9:55:00 PM,RTD,CMIN,10LIAN_G02,G,8/30/2026 12:05:00 AM,8/30/2026 11:59:00 PM,MAX_OPERATING_MW,5.20,
8/30/2026 9:55:00 PM,RTD,CMIN,10LIAN_G02,G,8/30/2026 12:05:00 AM,8/30/2026 11:59:00 PM,MIN_OPERATING_MW,0,
8/30/2026 10:00:00 PM,RTD,CLUZ,03TANWIND_G01,G,8/30/2026 9:56:00 PM,8/30/2026 10:00:00 PM,MAX_OPERATING_MW,5,
8/30/2026 10:00:00 PM,RTD,CLUZ,03TANWIND_G01,G,8/30/2026 9:56:00 PM,8/30/2026 10:00:00 PM,MIN_OPERATING_MW,5,
8/30/2026 10:00:00 PM,RTD,CLUZ,03TANWIND_G01,G,8/30/2026 10:01:00 PM,8/30/2026 10:05:00 PM,MAX_OPERATING_MW,4.50,
8/30/2026 10:00:00 PM,RTD,CLUZ,03TANWIND_G01,G,8/30/2026 10:01:00 PM,8/30/2026 10:05:00 PM,MIN_OPERATING_MW,4.50,
8/30/2026 10:00:00 PM,RTD,CMIN,10LIAN_G02,G,8/30/2026 12:05:00 AM,8/30/2026 11:59:00 PM,MAX_OPERATING_MW,5.20,
8/30/2026 10:00:00 PM,RTD,CMIN,10LIAN_G02,G,8/30/2026 12:05:00 AM,8/30/2026 11:59:00 PM,MIN_OPERATING_MW,0,
8/30/2026 10:05:00 PM,RTD,CLUZ,03TANWIND_G01,G,8/30/2026 10:01:00 PM,8/30/2026 10:05:00 PM,MAX_OPERATING_MW,4.50,
8/30/2026 10:05:00 PM,RTD,CLUZ,03TANWIND_G01,G,8/30/2026 10:01:00 PM,8/30/2026 10:05:00 PM,MIN_OPERATING_MW,4.50,
8/30/2026 10:05:00 PM,RTD,CLUZ,03TANWIND_G01,G,8/30/2026 10:06:00 PM,8/30/2026 10:10:00 PM,MAX_OPERATING_MW,4.50,
8/30/2026 10:05:00 PM,RTD,CLUZ,03TANWIND_G01,G,8/30/2026 10:06:00 PM,8/30/2026 10:10:00 PM,MIN_OPERATING_MW,4.50,
8/30/2026 10:05:00 PM,RTD,CMIN,10LIAN_G02,G,8/30/2026 12:05:00 AM,8/30/2026 11:59:00 PM,MAX_OPERATING_MW,5.20,
8/30/2026 10:05:00 PM,RTD,CMIN,10LIAN_G02,G,8/30/2026 12:05:00 AM,8/30/2026 11:59:00 PM,MIN_OPERATING_MW,0,
8/30/2026 10:10:00 PM,RTD,CLUZ,03TANWIND_G01,G,8/30/2026 10:06:00 PM,8/30/2026 10:10:00 PM,MAX_OPERATING_MW,4.50,
8/30/2026 10:10:00 PM,RTD,CLUZ,03TANWIND_G01,G,8/30/2026 10:06:00 PM,8/30/2026 10:10:00 PM,MIN_OPERATING_MW,4.50,
8/30/2026 10:10:00 PM,RTD,CLUZ,03TANWIND_G01,G,8/30/2026 10:11:00 PM,8/30/2026 10:15:00 PM,MAX_OPERATING_MW,4.50,
8/30/2026 10:10:00 PM,RTD,CLUZ,03TANWIND_G01,G,8/30/2026 10:11:00 PM,8/30/2026 10:15:00 PM,MIN_OPERATING_MW,4.50,
8/30/2026 10:10:00 PM,RTD,CMIN,10LIAN_G02,G,8/30/2026 12:05:00 AM,8/30/2026 11:59:00 PM,MAX_OPERATING_MW,5.20,
8/30/2026 10:10:00 PM,RTD,CMIN,10LIAN_G02,G,8/30/2026 12:05:00 AM,8/30/2026 11:59:00 PM,MIN_OPERATING_MW,0,
8/30/2026 10:15:00 PM,RTD,CLUZ,03TANWIND_G01,G,8/30/2026 10:11:00 PM,8/30/2026 10:15:00 PM,MAX_OPERATING_MW,4.50,
8/30/2026 10:15:00 PM,RTD,CLUZ,03TANWIND_G01,G,8/30/2026 10:11:00 PM,8/30/2026 10:15:00 PM,MIN_OPERATING_MW,4.50,
8/30/2026 10:15:00 PM,RTD,CLUZ,03TANWIND_G01,G,8/30/2026 10:16:00 PM,8/30/2026 10:20:00 PM,MAX_OPERATING_MW,4.50,
8/30/2026 10:15:00 PM,RTD,CLUZ,03TANWIND_G01,G,8/30/2026 10:16:00 PM,8/30/2026 10:20:00 PM,MIN_OPERATING_MW,4.50,
8/30/2026 10:15:00 PM,RTD,CMIN,10LIAN_G02,G,8/30/2026 12:05:00 AM,8/30/2026 11:59:00 PM,MAX_OPERATING_MW,5.20,
8/30/2026 10:15:00 PM,RTD,CMIN,10LIAN_G02,G,8/30/2026 12:05:00 AM,8/30/2026 11:59:00 PM,MIN_OPERATING_MW,0,
8/30/2026 10:20:00 PM,RTD,CLUZ,03TANWIND_G01,G,8/30/2026 10:16:00 PM,8/30/2026 10:20:00 PM,MAX_OPERATING_MW,4.50,
8/30/2026 10:20:00 PM,RTD,CLUZ,03TANWIND_G01,G,8/30/2026 10:16:00 PM,8/30/2026 10:20:00 PM,MIN_OPERATING_MW,4.50,
8/30/2026 10:20:00 PM,RTD,CLUZ,03TANWIND_G01,G,8/30/2026 10:21:00 PM,8/30/2026 10:25:00 PM,MAX_OPERATING_MW,4.50,
8/30/2026 10:20:00 PM,RTD,CLUZ,03TANWIND_G01,G,8/30/2026 10:21:00 PM,8/30/2026 10:25:00 PM,MIN_OPERATING_MW,4.50,
8/30/2026 10:20:00 PM,RTD,CMIN,10LIAN_G02,G,8/30/2026 12:05:00 AM,8/30/2026 11:59:00 PM,MAX_OPERATING_MW,5.20,
8/30/2026 10:20:00 PM,RTD,CMIN,10LIAN_G02,G,8/30/2026 12:05:00 AM,8/30/2026 11:59:00 PM,MIN_OPERATING_MW,0,
8/30/2026 10:25:00 PM,RTD,CLUZ,03TANWIND_G01,G,8/30/2026 10:21:00 PM,8/30/2026 10:25:00 PM,MAX_OPERATING_MW,4.50,
8/30/2026 10:25:00 PM,RTD,CLUZ,03TANWIND_G01,G,8/30/2026 10:21:00 PM,8/30/2026 10:25:00 PM,MIN_OPERATING_MW,4.50,
8/30/2026 10:25:00 PM,RTD,CLUZ,03TANWIND_G01,G,8/30/2026 10:26:00 PM,8/30/2026 10:30:00 PM,MAX_OPERATING_MW,4.50,
8/30/2026 10:25:00 PM,RTD,CLUZ,03TANWIND_G01,G,8/30/2026 10:26:00 PM,8/30/2026 10:30:00 PM,MIN_OPERATING_MW,4.50,
8/30/2026 10:25:00 PM,RTD,CMIN,10LIAN_G02,G,8/30/2026 12:05:00 AM,8/30/2026 11:59:00 PM,MAX_OPERATING_MW,5.20,
8/30/2026 10:25:00 PM,RTD,CMIN,10LIAN_G02,G,8/30/2026 12:05:00 AM,8/30/2026 11:59:00 PM,MIN_OPERATING_MW,0,
8/30/2026 10:30:00 PM,RTD,CLUZ,03TANWIND_G01,G,8/30/2026 10:26:00 PM,8/30/2026 10:30:00 PM,MAX_OPERATING_MW,4.50,
8/30/2026 10:30:00 PM,RTD,CLUZ,03TANWIND_G01,G,8/30/2026 10:26:00 PM,8/30/2026 10:30:00 PM,MIN_OPERATING_MW,4.50,
8/30/2026 10:30:00 PM,RTD,CLUZ,03TANWIND_G01,G,8/30/2026 10:31:00 PM,8/30/2026 10:35:00 PM,MAX_OPERATING_MW,4.50,
8/30/2026 10:30:00 PM,RTD,CLUZ,03TANWIND_G01,G,8/30/2026 10:31:00 PM,8/30/2026 10:35:00 PM,MIN_OPERATING_MW,4.50,
8/30/2026 10:30:00 PM,RTD,CMIN,10LIAN_G02,G,8/30/2026 12:05:00 AM,8/30/2026 11:59:00 PM,MAX_OPERATING_MW,5.20,
8/30/2026 10:30:00 PM,RTD,CMIN,10LIAN_G02,G,8/30/2026 12:05:00 AM,8/30/2026 11:59:00 PM,MIN_OPERATING_MW,0,
8/30/2026 10:35:00 PM,RTD,CLUZ,03TANWIND_G01,G,8/30/2026 10:31:00 PM,8/30/2026 10:35:00 PM,MAX_OPERATING_MW,4.50,
8/30/2026 10:35:00 PM,RTD,CLUZ,03TANWIND_G01,G,8/30/2026 10:31:00 PM,8/30/2026 10:35:00 PM,MIN_OPERATING_MW,4.50,
8/30/2026 10:35:00 PM,RTD,CLUZ,03TANWIND_G01,G,8/30/2026 10:36:00 PM,8/30/2026 10:40:00 PM,MAX_OPERATING_MW,4.50,
8/30/2026 10:35:00 PM,RTD,CLUZ,03TANWIND_G01,G,8/30/2026 10:36:00 PM,8/30/2026 10:40:00 PM,MIN_OPERATING_MW,4.50,
8/30/2026 10:35:00 PM,RTD,CMIN,10LIAN_G02,G,8/30/2026 12:05:00 AM,8/30/2026 11:59:00 PM,MAX_OPERATING_MW,5.20,
8/30/2026 10:35:00 PM,RTD,CMIN,10LIAN_G02,G,8/30/2026 12:05:00 AM,8/30/2026 11:59:00 PM,MIN_OPERATING_MW,0,
8/30/2026 10:40:00 PM,RTD,CLUZ,03TANWIND_G01,G,8/30/2026 10:36:00 PM,8/30/2026 10:40:00 PM,MAX_OPERATING_MW,4.50,
8/30/2026 10:40:00 PM,RTD,CLUZ,03TANWIND_G01,G,8/30/2026 10:36:00 PM,8/30/2026 10:40:00 PM,MIN_OPERATING_MW,4.50,
8/30/2026 10:40:00 PM,RTD,CLUZ,03TANWIND_G01,G,8/30/2026 10:41:00 PM,8/30/2026 10:45:00 PM,MAX_OPERATING_MW,4.50,
8/30/2026 10:40:00 PM,RTD,CLUZ,03TANWIND_G01,G,8/30/2026 10:41:00 PM,8/30/2026 10:45:00 PM,MIN_OPERATING_MW,4.50,
8/30/2026 10:40:00 PM,RTD,CMIN,10LIAN_G02,G,8/30/2026 12:05:00 AM,8/30/2026 11:59:00 PM,MAX_OPERATING_MW,5.20,
8/30/2026 10:40:00 PM,RTD,CMIN,10LIAN_G02,G,8/30/2026 12:05:00 AM,8/30/2026 11:59:00 PM,MIN_OPERATING_MW,0,
8/30/2026 10:45:00 PM,RTD,CLUZ,03TANWIND_G01,G,8/30/2026 10:41:00 PM,8/30/2026 10:45:00 PM,MAX_OPERATING_MW,4.50,
8/30/2026 10:45:00 PM,RTD,CLUZ,03TANWIND_G01,G,8/30/2026 10:41:00 PM,8/30/2026 10:45:00 PM,MIN_OPERATING_MW,4.50,
8/30/2026 10:45:00 PM,RTD,CLUZ,03TANWIND_G01,G,8/30/2026 10:46:00 PM,8/30/2026 10:50:00 PM,MAX_OPERATING_MW,4.50,
8/30/2026 10:45:00 PM,RTD,CLUZ,03TANWIND_G01,G,8/30/2026 10:46:00 PM,8/30/2026 10:50:00 PM,MIN_OPERATING_MW,4.50,
8/30/2026 10:45:00 PM,RTD,CMIN,10LIAN_G02,G,8/30/2026 12:05:00 AM,8/30/2026 11:59:00 PM,MAX_OPERATING_MW,5.20,
8/30/2026 10:45:00 PM,RTD,CMIN,10LIAN_G02,G,8/30/2026 12:05:00 AM,8/30/2026 11:59:00 PM,MIN_OPERATING_MW,0,
8/30/2026 10:50:00 PM,RTD,CLUZ,03TANWIND_G01,G,8/30/2026 10:46:00 PM,8/30/2026 10:50:00 PM,MAX_OPERATING_MW,4.50,
8/30/2026 10:50:00 PM,RTD,CLUZ,03TANWIND_G01,G,8/30/2026 10:46:00 PM,8/30/2026 10:50:00 PM,MIN_OPERATING_MW,4.50,
8/30/2026 10:50:00 PM,RTD,CLUZ,03TANWIND_G01,G,8/30/2026 10:51:00 PM,8/30/2026 10:55:00 PM,MAX_OPERATING_MW,4.50,
8/30/2026 10:50:00 PM,RTD,CLUZ,03TANWIND_G01,G,8/30/2026 10:51:00 PM,8/30/2026 10:55:00 PM,MIN_OPERATING_MW,4.50,
8/30/2026 10:50:00 PM,RTD,CMIN,10LIAN_G02,G,8/30/2026 12:05:00 AM,8/30/2026 11:59:00 PM,MAX_OPERATING_MW,5.20,
8/30/2026 10:50:00 PM,RTD,CMIN,10LIAN_G02,G,8/30/2026 12:05:00 AM,8/30/2026 11:59:00 PM,MIN_OPERATING_MW,0,
8/30/2026 10:55:00 PM,RTD,CLUZ,03TANWIND_G01,G,8/30/2026 10:51:00 PM,8/30/2026 10:55:00 PM,MAX_OPERATING_MW,4.50,
8/30/2026 10:55:00 PM,RTD,CLUZ,03TANWIND_G01,G,8/30/2026 10:51:00 PM,8/30/2026 10:55:00 PM,MIN_OPERATING_MW,4.50,
8/30/2026 10:55:00 PM,RTD,CLUZ,03TANWIND_G01,G,8/30/2026 10:56:00 PM,8/30/2026 11:00:00 PM,MAX_OPERATING_MW,4.50,
8/30/2026 10:55:00 PM,RTD,CLUZ,03TANWIND_G01,G,8/30/2026 10:56:00 PM,8/30/2026 11:00:00 PM,MIN_OPERATING_MW,4.50,
8/30/2026 10:55:00 PM,RTD,CMIN,10LIAN_G02,G,8/30/2026 12:05:00 AM,8/30/2026 11:59:00 PM,MAX_OPERATING_MW,5.20,
8/30/2026 10:55:00 PM,RTD,CMIN,10LIAN_G02,G,8/30/2026 12:05:00 AM,8/30/2026 11:59:00 PM,MIN_OPERATING_MW,0,
8/30/2026 11:00:00 PM,RTD,CLUZ,03TANWIND_G01,G,8/30/2026 10:56:00 PM,8/30/2026 11:00:00 PM,MAX_OPERATING_MW,4.50,
8/30/2026 11:00:00 PM,RTD,CLUZ,03TANWIND_G01,G,8/30/2026 10:56:00 PM,8/30/2026 11:00:00 PM,MIN_OPERATING_MW,4.50,
8/30/2026 11:00:00 PM,RTD,CLUZ,03TANWIND_G01,G,8/30/2026 11:01:00 PM,8/30/2026 11:05:00 PM,MAX_OPERATING_MW,4.50,
8/30/2026 11:00:00 PM,RTD,CLUZ,03TANWIND_G01,G,8/30/2026 11:01:00 PM,8/30/2026 11:05:00 PM,MIN_OPERATING_MW,4.50,
8/30/2026 11:00:00 PM,RTD,CMIN,10LIAN_G02,G,8/30/2026 12:05:00 AM,8/30/2026 11:59:00 PM,MAX_OPERATING_MW,5.20,
8/30/2026 11:00:00 PM,RTD,CMIN,10LIAN_G02,G,8/30/2026 12:05:00 AM,8/30/2026 11:59:00 PM,MIN_OPERATING_MW,0,
8/30/2026 11:05:00 PM,RTD,CLUZ,03TANWIND_G01,G,8/30/2026 11:01:00 PM,8/30/2026 11:05:00 PM,MAX_OPERATING_MW,4.50,
8/30/2026 11:05:00 PM,RTD,CLUZ,03TANWIND_G01,G,8/30/2026 11:01:00 PM,8/30/2026 11:05:00 PM,MIN_OPERATING_MW,4.50,
8/30/2026 11:05:00 PM,RTD,CLUZ,03TANWIND_G01,G,8/30/2026 11:06:00 PM,8/30/2026 11:10:00 PM,MAX_OPERATING_MW,4.50,
8/30/2026 11:05:00 PM,RTD,CLUZ,03TANWIND_G01,G,8/30/2026 11:06:00 PM,8/30/2026 11:10:00 PM,MIN_OPERATING_MW,4.50,
8/30/2026 11:05:00 PM,RTD,CMIN,10LIAN_G02,G,8/30/2026 12:05:00 AM,8/30/2026 11:59:00 PM,MAX_OPERATING_MW,5.20,
8/30/2026 11:05:00 PM,RTD,CMIN,10LIAN_G02,G,8/30/2026 12:05:00 AM,8/30/2026 11:59:00 PM,MIN_OPERATING_MW,0,
8/30/2026 11:10:00 PM,RTD,CLUZ,03TANWIND_G01,G,8/30/2026 11:06:00 PM,8/30/2026 11:10:00 PM,MAX_OPERATING_MW,4.50,
8/30/2026 11:10:00 PM,RTD,CLUZ,03TANWIND_G01,G,8/30/2026 11:06:00 PM,8/30/2026 11:10:00 PM,MIN_OPERATING_MW,4.50,
8/30/2026 11:10:00 PM,RTD,CLUZ,03TANWIND_G01,G,8/30/2026 11:11:00 PM,8/30/2026 11:15:00 PM,MAX_OPERATING_MW,4.50,
8/30/2026 11:10:00 PM,RTD,CLUZ,03TANWIND_G01,G,8/30/2026 11:11:00 PM,8/30/2026 11:15:00 PM,MIN_OPERATING_MW,4.50,
8/30/2026 11:10:00 PM,RTD,CMIN,10LIAN_G02,G,8/30/2026 12:05:00 AM,8/30/2026 11:59:00 PM,MAX_OPERATING_MW,5.20,
8/30/2026 11:10:00 PM,RTD,CMIN,10LIAN_G02,G,8/30/2026 12:05:00 AM,8/30/2026 11:59:00 PM,MIN_OPERATING_MW,0,
8/30/2026 11:15:00 PM,RTD,CLUZ,03TANWIND_G01,G,8/30/2026 11:11:00 PM,8/30/2026 11:15:00 PM,MAX_OPERATING_MW,4.50,
8/30/2026 11:15:00 PM,RTD,CLUZ,03TANWIND_G01,G,8/30/2026 11:11:00 PM,8/30/2026 11:15:00 PM,MIN_OPERATING_MW,4.50,
8/30/2026 11:15:00 PM,RTD,CLUZ,03TANWIND_G01,G,8/30/2026 11:16:00 PM,8/30/2026 11:20:00 PM,MAX_OPERATING_MW,4.50,
8/30/2026 11:15:00 PM,RTD,CLUZ,03TANWIND_G01,G,8/30/2026 11:16:00 PM,8/30/2026 11:20:00 PM,MIN_OPERATING_MW,4.50,
8/30/2026 11:15:00 PM,RTD,CMIN,10LIAN_G02,G,8/30/2026 12:05:00 AM,8/30/2026 11:59:00 PM,MAX_OPERATING_MW,5.20,
8/30/2026 11:15:00 PM,RTD,CMIN,10LIAN_G02,G,8/30/2026 12:05:00 AM,8/30/2026 11:59:00 PM,MIN_OPERATING_MW,0,
8/30/2026 11:20:00 PM,RTD,CLUZ,03TANWIND_G01,G,8/30/2026 11:16:00 PM,8/30/2026 11:20:00 PM,MAX_OPERATING_MW,4.50,
8/30/2026 11:20:00 PM,RTD,CLUZ,03TANWIND_G01,G,8/30/2026 11:16:00 PM,8/30/2026 11:20:00 PM,MIN_OPERATING_MW,4.50,
8/30/2026 11:20:00 PM,RTD,CLUZ,03TANWIND_G01,G,8/30/2026 11:21:00 PM,8/30/2026 11:25:00 PM,MAX_OPERATING_MW,4.50,
8/30/2026 11:20:00 PM,RTD,CLUZ,03TANWIND_G01,G,8/30/2026 11:21:00 PM,8/30/2026 11:25:00 PM,MIN_OPERATING_MW,4.50,
8/30/2026 11:20:00 PM,RTD,CMIN,10LIAN_G02,G,8/30/2026 12:05:00 AM,8/30/2026 11:59:00 PM,MAX_OPERATING_MW,5.20,
8/30/2026 11:20:00 PM,RTD,CMIN,10LIAN_G02,G,8/30/2026 12:05:00 AM,8/30/2026 11:59:00 PM,MIN_OPERATING_MW,0,
8/30/2026 11:25:00 PM,RTD,CLUZ,03TANWIND_G01,G,8/30/2026 11:21:00 PM,8/30/2026 11:25:00 PM,MAX_OPERATING_MW,4.50,
8/30/2026 11:25:00 PM,RTD,CLUZ,03TANWIND_G01,G,8/30/2026 11:21:00 PM,8/30/2026 11:25:00 PM,MIN_OPERATING_MW,4.50,
8/30/2026 11:25:00 PM,RTD,CLUZ,03TANWIND_G01,G,8/30/2026 11:26:00 PM,8/30/2026 11:30:00 PM,MAX_OPERATING_MW,4.50,
8/30/2026 11:25:00 PM,RTD,CLUZ,03TANWIND_G01,G,8/30/2026 11:26:00 PM,8/30/2026 11:30:00 PM,MIN_OPERATING_MW,4.50,
8/30/2026 11:25:00 PM,RTD,CMIN,10LIAN_G02,G,8/30/2026 12:05:00 AM,8/30/2026 11:59:00 PM,MAX_OPERATING_MW,5.20,
8/30/2026 11:25:00 PM,RTD,CMIN,10LIAN_G02,G,8/30/2026 12:05:00 AM,8/30/2026 11:59:00 PM,MIN_OPERATING_MW,0,
8/30/2026 11:30:00 PM,RTD,CLUZ,03TANWIND_G01,G,8/30/2026 11:26:00 PM,8/30/2026 11:30:00 PM,MAX_OPERATING_MW,4.50,
8/30/2026 11:30:00 PM,RTD,CLUZ,03TANWIND_G01,G,8/30/2026 11:26:00 PM,8/30/2026 11:30:00 PM,MIN_OPERATING_MW,4.50,
8/30/2026 11:30:00 PM,RTD,CLUZ,03TANWIND_G01,G,8/30/2026 11:31:00 PM,8/30/2026 11:35:00 PM,MAX_OPERATING_MW,4.50,
8/30/2026 11:30:00 PM,RTD,CLUZ,03TANWIND_G01,G,8/30/2026 11:31:00 PM,8/30/2026 11:35:00 PM,MIN_OPERATING_MW,4.50,
8/30/2026 11:30:00 PM,RTD,CMIN,10LIAN_G02,G,8/30/2026 12:05:00 AM,8/30/2026 11:59:00 PM,MAX_OPERATING_MW,5.20,
8/30/2026 11:30:00 PM,RTD,CMIN,10LIAN_G02,G,8/30/2026 12:05:00 AM,8/30/2026 11:59:00 PM,MIN_OPERATING_MW,0,
8/30/2026 11:35:00 PM,RTD,CLUZ,03TANWIND_G01,G,8/30/2026 11:31:00 PM,8/30/2026 11:35:00 PM,MAX_OPERATING_MW,4.50,
8/30/2026 11:35:00 PM,RTD,CLUZ,03TANWIND_G01,G,8/30/2026 11:31:00 PM,8/30/2026 11:35:00 PM,MIN_OPERATING_MW,4.50,
8/30/2026 11:35:00 PM,RTD,CLUZ,03TANWIND_G01,G,8/30/2026 11:36:00 PM,8/30/2026 11:40:00 PM,MAX_OPERATING_MW,4.50,
8/30/2026 11:35:00 PM,RTD,CLUZ,03TANWIND_G01,G,8/30/2026 11:36:00 PM,8/30/2026 11:40:00 PM,MIN_OPERATING_MW,4.50,
8/30/2026 11:35:00 PM,RTD,CMIN,10LIAN_G02,G,8/30/2026 12:05:00 AM,8/30/2026 11:59:00 PM,MAX_OPERATING_MW,5.20,
8/30/2026 11:35:00 PM,RTD,CMIN,10LIAN_G02,G,8/30/2026 12:05:00 AM,8/30/2026 11:59:00 PM,MIN_OPERATING_MW,0,
8/30/2026 11:40:00 PM,RTD,CLUZ,03TANWIND_G01,G,8/30/2026 11:36:00 PM,8/30/2026 11:40:00 PM,MAX_OPERATING_MW,4.50,
8/30/2026 11:40:00 PM,RTD,CLUZ,03TANWIND_G01,G,8/30/2026 11:36:00 PM,8/30/2026 11:40:00 PM,MIN_OPERATING_MW,4.50,
8/30/2026 11:40:00 PM,RTD,CLUZ,03TANWIND_G01,G,8/30/2026 11:41:00 PM,8/30/2026 11:45:00 PM,MAX_OPERATING_MW,4.50,
8/30/2026 11:40:00 PM,RTD,CLUZ,03TANWIND_G01,G,8/30/2026 11:41:00 PM,8/30/2026 11:45:00 PM,MIN_OPERATING_MW,4.50,
8/30/2026 11:40:00 PM,RTD,CMIN,10LIAN_G02,G,8/30/2026 12:05:00 AM,8/30/2026 11:59:00 PM,MAX_OPERATING_MW,5.20,
8/30/2026 11:40:00 PM,RTD,CMIN,10LIAN_G02,G,8/30/2026 12:05:00 AM,8/30/2026 11:59:00 PM,MIN_OPERATING_MW,0,
8/30/2026 11:45:00 PM,RTD,CLUZ,03TANWIND_G01,G,8/30/2026 11:41:00 PM,8/30/2026 11:45:00 PM,MAX_OPERATING_MW,4.50,
8/30/2026 11:45:00 PM,RTD,CLUZ,03TANWIND_G01,G,8/30/2026 11:41:00 PM,8/30/2026 11:45:00 PM,MIN_OPERATING_MW,4.50,
8/30/2026 11:45:00 PM,RTD,CLUZ,03TANWIND_G01,G,8/30/2026 11:46:00 PM,8/30/2026 11:50:00 PM,MAX_OPERATING_MW,4.50,
8/30/2026 11:45:00 PM,RTD,CLUZ,03TANWIND_G01,G,8/30/2026 11:46:00 PM,8/30/2026 11:50:00 PM,MIN_OPERATING_MW,4.50,
8/30/2026 11:45:00 PM,RTD,CMIN,10LIAN_G02,G,8/30/2026 12:05:00 AM,8/30/2026 11:59:00 PM,MAX_OPERATING_MW,5.20,
8/30/2026 11:45:00 PM,RTD,CMIN,10LIAN_G02,G,8/30/2026 12:05:00 AM,8/30/2026 11:59:00 PM,MIN_OPERATING_MW,0,
8/30/2026 11:50:00 PM,RTD,CLUZ,03TANWIND_G01,G,8/30/2026 11:46:00 PM,8/30/2026 11:50:00 PM,MAX_OPERATING_MW,4.50,
8/30/2026 11:50:00 PM,RTD,CLUZ,03TANWIND_G01,G,8/30/2026 11:46:00 PM,8/30/2026 11:50:00 PM,MIN_OPERATING_MW,4.50,
8/30/2026 11:50:00 PM,RTD,CLUZ,03TANWIND_G01,G,8/30/2026 11:51:00 PM,8/30/2026 11:55:00 PM,MAX_OPERATING_MW,4.50,
8/30/2026 11:50:00 PM,RTD,CLUZ,03TANWIND_G01,G,8/30/2026 11:51:00 PM,8/30/2026 11:55:00 PM,MIN_OPERATING_MW,4.50,
8/30/2026 11:50:00 PM,RTD,CMIN,10LIAN_G02,G,8/30/2026 12:05:00 AM,8/30/2026 11:59:00 PM,MAX_OPERATING_MW,5.20,
8/30/2026 11:50:00 PM,RTD,CMIN,10LIAN_G02,G,8/30/2026 12:05:00 AM,8/30/2026 11:59:00 PM,MIN_OPERATING_MW,0,
8/30/2026 11:55:00 PM,RTD,CLUZ,03TANWIND_G01,G,8/30/2026 11:51:00 PM,8/30/2026 11:55:00 PM,MAX_OPERATING_MW,4.50,
8/30/2026 11:55:00 PM,RTD,CLUZ,03TANWIND_G01,G,8/30/2026 11:51:00 PM,8/30/2026 11:55:00 PM,MIN_OPERATING_MW,4.50,
8/30/2026 11:55:00 PM,RTD,CLUZ,03TANWIND_G01,G,8/30/2026 11:56:00 PM,8/30/2026 11:59:00 PM,MAX_OPERATING_MW,4.50,
8/30/2026 11:55:00 PM,RTD,CLUZ,03TANWIND_G01,G,8/30/2026 11:56:00 PM,8/30/2026 11:59:00 PM,MIN_OPERATING_MW,4.50,
8/30/2026 11:55:00 PM,RTD,CLUZ,03TANWIND_G01,G,8/31/2026,8/31/2026 12:05:00 AM,MAX_OPERATING_MW,4,
8/30/2026 11:55:00 PM,RTD,CLUZ,03TANWIND_G01,G,8/31/2026,8/31/2026 12:05:00 AM,MIN_OPERATING_MW,4,
8/30/2026 11:55:00 PM,RTD,CMIN,10LIAN_G02,G,8/30/2026 12:05:00 AM,8/30/2026 11:59:00 PM,MAX_OPERATING_MW,5.20,
8/30/2026 11:55:00 PM,RTD,CMIN,10LIAN_G02,G,8/30/2026 12:05:00 AM,8/30/2026 11:59:00 PM,MIN_OPERATING_MW,0,
8/31/2026,RTD,CLUZ,01TERRASOL_G01,G,8/31/2026 12:01:00 AM,8/31/2026 5:45:00 AM,MAX_OPERATING_MW,0,
8/31/2026,RTD,CLUZ,01TERRASOL_G01,G,8/31/2026 12:01:00 AM,8/31/2026 5:45:00 AM,MIN_OPERATING_MW,0,
8/31/2026,RTD,CLUZ,03TANWIND_G01,G,8/31/2026,8/31/2026 12:05:00 AM,MAX_OPERATING_MW,4,
8/31/2026,RTD,CLUZ,03TANWIND_G01,G,8/31/2026,8/31/2026 12:05:00 AM,MIN_OPERATING_MW,4,
EOF
