RUN_TIME,MKT_TYPE,REGION_NAME,RESOURCE_NAME,RESOURCE_TYPE,START_TIME,END_TIME,PARAMETER_TYPE,PARAMETER_VALUE,
8/15/2026 12:05:00 AM,RTD,CLUZ,01BALWIND_G01,G,8/15/2026,8/15/2026 2:00:00 AM,MAX_OPERATING_MW,30,
8/15/2026 12:05:00 AM,RTD,CLUZ,01BALWIND_G01,G,8/15/2026,8/15/2026 2:00:00 AM,MIN_OPERATING_MW,30,
8/15/2026 12:05:00 AM,RTD,CLUZ,03TANWIND_G01,G,8/15/2026,8/15/2026 12:05:00 AM,MAX_OPERATING_MW,1.20,
8/15/2026 12:05:00 AM,RTD,CLUZ,03TANWIND_G01,G,8/15/2026,8/15/2026 12:05:00 AM,MIN_OPERATING_MW,1.20,
8/15/2026 12:05:00 AM,RTD,CLUZ,03TANWIND_G01,G,8/15/2026 12:06:00 AM,8/15/2026 12:10:00 AM,MAX_OPERATING_MW,1.20,
8/15/2026 12:05:00 AM,RTD,CLUZ,03TANWIND_G01,G,8/15/2026 12:06:00 AM,8/15/2026 12:10:00 AM,MIN_OPERATING_MW,1.20,
8/15/2026 12:05:00 AM,RTD,CVIS,07TPLPB4_U01,G,8/14/2026 10:01:00 PM,8/15/2026 1:00:00 AM,MAX_OPERATING_MW,7,
8/15/2026 12:05:00 AM,RTD,CVIS,07TPLPB4_U01,G,8/14/2026 10:01:00 PM,8/15/2026 1:00:00 AM,MIN_OPERATING_MW,7,
8/15/2026 12:05:00 AM,RTD,CVIS,07TPLPB4_U02,G,8/14/2026 10:01:00 PM,8/15/2026 1:00:00 AM,MAX_OPERATING_MW,7,
8/15/2026 12:05:00 AM,RTD,CVIS,07TPLPB4_U02,G,8/14/2026 10:01:00 PM,8/15/2026 1:00:00 AM,MIN_OPERATING_MW,7,
8/15/2026 12:05:00 AM,RTD,CVIS,07TPLPB4_U03,G,8/14/2026 10:01:00 PM,8/15/2026 1:00:00 AM,MAX_OPERATING_MW,7,
8/15/2026 12:05:00 AM,RTD,CVIS,07TPLPB4_U03,G,8/14/2026 10:01:00 PM,8/15/2026 1:00:00 AM,MIN_OPERATING_MW,7,
8/15/2026 12:05:00 AM,RTD,CVIS,07TPLPB4_U04,G,8/14/2026 10:01:00 PM,8/15/2026 1:00:00 AM,MAX_OPERATING_MW,7,
8/15/2026 12:05:00 AM,RTD,CVIS,07TPLPB4_U04,G,8/14/2026 10:01:00 PM,8/15/2026 1:00:00 AM,MIN_OPERATING_MW,7,
8/15/2026 12:05:00 AM,RTD,CMIN,10LIAN_G02,G,8/15/2026,8/15/2026 11:59:00 PM,MAX_OPERATING_MW,6.60,
8/15/2026 12:05:00 AM,RTD,CMIN,10LIAN_G02,G,8/15/2026,8/15/2026 11:59:00 PM,MIN_OPERATING_MW,6.60,
8/15/2026 12:10:00 AM,RTD,CLUZ,01BALWIND_G01,G,8/15/2026,8/15/2026 2:00:00 AM,MAX_OPERATING_MW,30,
8/15/2026 12:10:00 AM,RTD,CLUZ,01BALWIND_G01,G,8/15/2026,8/15/2026 2:00:00 AM,MIN_OPERATING_MW,30,
8/15/2026 12:10:00 AM,RTD,CLUZ,03TANWIND_G01,G,8/15/2026 12:06:00 AM,8/15/2026 12:10:00 AM,MAX_OPERATING_MW,1.20,
8/15/2026 12:10:00 AM,RTD,CLUZ,03TANWIND_G01,G,8/15/2026 12:06:00 AM,8/15/2026 12:10:00 AM,MIN_OPERATING_MW,1.20,
8/15/2026 12:10:00 AM,RTD,CLUZ,03TANWIND_G01,G,8/15/2026 12:11:00 AM,8/15/2026 12:15:00 AM,MAX_OPERATING_MW,1.20,
8/15/2026 12:10:00 AM,RTD,CLUZ,03TANWIND_G01,G,8/15/2026 12:11:00 AM,8/15/2026 12:15:00 AM,MIN_OPERATING_MW,1.20,
8/15/2026 12:10:00 AM,RTD,CVIS,07TPLPB4_U01,G,8/14/2026 10:01:00 PM,8/15/2026 1:00:00 AM,MAX_OPERATING_MW,7,
8/15/2026 12:10:00 AM,RTD,CVIS,07TPLPB4_U01,G,8/14/2026 10:01:00 PM,8/15/2026 1:00:00 AM,MIN_OPERATING_MW,7,
8/15/2026 12:10:00 AM,RTD,CVIS,07TPLPB4_U02,G,8/14/2026 10:01:00 PM,8/15/2026 1:00:00 AM,MAX_OPERATING_MW,7,
8/15/2026 12:10:00 AM,RTD,CVIS,07TPLPB4_U02,G,8/14/2026 10:01:00 PM,8/15/2026 1:00:00 AM,MIN_OPERATING_MW,7,
8/15/2026 12:10:00 AM,RTD,CVIS,07TPLPB4_U03,G,8/14/2026 10:01:00 PM,8/15/2026 1:00:00 AM,MAX_OPERATING_MW,7,
8/15/2026 12:10:00 AM,RTD,CVIS,07TPLPB4_U03,G,8/14/2026 10:01:00 PM,8/15/2026 1:00:00 AM,MIN_OPERATING_MW,7,
8/15/2026 12:10:00 AM,RTD,CVIS,07TPLPB4_U04,G,8/14/2026 10:01:00 PM,8/15/2026 1:00:00 AM,MAX_OPERATING_MW,7,
8/15/2026 12:10:00 AM,RTD,CVIS,07TPLPB4_U04,G,8/14/2026 10:01:00 PM,8/15/2026 1:00:00 AM,MIN_OPERATING_MW,7,
8/15/2026 12:10:00 AM,RTD,CMIN,10LIAN_G02,G,8/15/2026,8/15/2026 11:59:00 PM,MAX_OPERATING_MW,6.60,
8/15/2026 12:10:00 AM,RTD,CMIN,10LIAN_G02,G,8/15/2026,8/15/2026 11:59:00 PM,MIN_OPERATING_MW,6.60,
8/15/2026 12:15:00 AM,RTD,CLUZ,01BALWIND_G01,G,8/15/2026,8/15/2026 2:00:00 AM,MAX_OPERATING_MW,30,
8/15/2026 12:15:00 AM,RTD,CLUZ,01BALWIND_G01,G,8/15/2026,8/15/2026 2:00:00 AM,MIN_OPERATING_MW,30,
8/15/2026 12:15:00 AM,RTD,CLUZ,03TANWIND_G01,G,8/15/2026 12:11:00 AM,8/15/2026 12:15:00 AM,MAX_OPERATING_MW,1.20,
8/15/2026 12:15:00 AM,RTD,CLUZ,03TANWIND_G01,G,8/15/2026 12:11:00 AM,8/15/2026 12:15:00 AM,MIN_OPERATING_MW,1.20,
8/15/2026 12:15:00 AM,RTD,CLUZ,03TANWIND_G01,G,8/15/2026 12:16:00 AM,8/15/2026 12:20:00 AM,MAX_OPERATING_MW,1.20,
8/15/2026 12:15:00 AM,RTD,CLUZ,03TANWIND_G01,G,8/15/2026 12:16:00 AM,8/15/2026 12:20:00 AM,MIN_OPERATING_MW,1.20,
8/15/2026 12:15:00 AM,RTD,CVIS,07TPLPB4_U01,G,8/14/2026 10:01:00 PM,8/15/2026 1:00:00 AM,MAX_OPERATING_MW,7,
8/15/2026 12:15:00 AM,RTD,CVIS,07TPLPB4_U01,G,8/14/2026 10:01:00 PM,8/15/2026 1:00:00 AM,MIN_OPERATING_MW,7,
8/15/2026 12:15:00 AM,RTD,CVIS,07TPLPB4_U02,G,8/14/2026 10:01:00 PM,8/15/2026 1:00:00 AM,MAX_OPERATING_MW,7,
8/15/2026 12:15:00 AM,RTD,CVIS,07TPLPB4_U02,G,8/14/2026 10:01:00 PM,8/15/2026 1:00:00 AM,MIN_OPERATING_MW,7,
8/15/2026 12:15:00 AM,RTD,CVIS,07TPLPB4_U03,G,8/14/2026 10:01:00 PM,8/15/2026 1:00:00 AM,MAX_OPERATING_MW,7,
8/15/2026 12:15:00 AM,RTD,CVIS,07TPLPB4_U03,G,8/14/2026 10:01:00 PM,8/15/2026 1:00:00 AM,MIN_OPERATING_MW,7,
8/15/2026 12:15:00 AM,RTD,CVIS,07TPLPB4_U04,G,8/14/2026 10:01:00 PM,8/15/2026 1:00:00 AM,MAX_OPERATING_MW,7,
8/15/2026 12:15:00 AM,RTD,CVIS,07TPLPB4_U04,G,8/14/2026 10:01:00 PM,8/15/2026 1:00:00 AM,MIN_OPERATING_MW,7,
8/15/2026 12:15:00 AM,RTD,CMIN,10LIAN_G02,G,8/15/2026,8/15/2026 11:59:00 PM,MAX_OPERATING_MW,6.60,
8/15/2026 12:15:00 AM,RTD,CMIN,10LIAN_G02,G,8/15/2026,8/15/2026 11:59:00 PM,MIN_OPERATING_MW,6.60,
8/15/2026 12:20:00 AM,RTD,CLUZ,01BALWIND_G01,G,8/15/2026,8/15/2026 2:00:00 AM,MAX_OPERATING_MW,30,
8/15/2026 12:20:00 AM,RTD,CLUZ,01BALWIND_G01,G,8/15/2026,8/15/2026 2:00:00 AM,MIN_OPERATING_MW,30,
8/15/2026 12:20:00 AM,RTD,CLUZ,03TANWIND_G01,G,8/15/2026 12:16:00 AM,8/15/2026 12:20:00 AM,MAX_OPERATING_MW,1.20,
8/15/2026 12:20:00 AM,RTD,CLUZ,03TANWIND_G01,G,8/15/2026 12:16:00 AM,8/15/2026 12:20:00 AM,MIN_OPERATING_MW,1.20,
8/15/2026 12:20:00 AM,RTD,CLUZ,03TANWIND_G01,G,8/15/2026 12:21:00 AM,8/15/2026 12:25:00 AM,MAX_OPERATING_MW,1.20,
8/15/2026 12:20:00 AM,RTD,CLUZ,03TANWIND_G01,G,8/15/2026 12:21:00 AM,8/15/2026 12:25:00 AM,MIN_OPERATING_MW,1.20,
8/15/2026 12:20:00 AM,RTD,CVIS,07TPLPB4_U01,G,8/14/2026 10:01:00 PM,8/15/2026 1:00:00 AM,MAX_OPERATING_MW,7,
8/15/2026 12:20:00 AM,RTD,CVIS,07TPLPB4_U01,G,8/14/2026 10:01:00 PM,8/15/2026 1:00:00 AM,MIN_OPERATING_MW,7,
8/15/2026 12:20:00 AM,RTD,CVIS,07TPLPB4_U02,G,8/14/2026 10:01:00 PM,8/15/2026 1:00:00 AM,MAX_OPERATING_MW,7,
8/15/2026 12:20:00 AM,RTD,CVIS,07TPLPB4_U02,G,8/14/2026 10:01:00 PM,8/15/2026 1:00:00 AM,MIN_OPERATING_MW,7,
8/15/2026 12:20:00 AM,RTD,CVIS,07TPLPB4_U03,G,8/14/2026 10:01:00 PM,8/15/2026 1:00:00 AM,MAX_OPERATING_MW,7,
8/15/2026 12:20:00 AM,RTD,CVIS,07TPLPB4_U03,G,8/14/2026 10:01:00 PM,8/15/2026 1:00:00 AM,MIN_OPERATING_MW,7,
8/15/2026 12:20:00 AM,RTD,CVIS,07TPLPB4_U04,G,8/14/2026 10:01:00 PM,8/15/2026 1:00:00 AM,MAX_OPERATING_MW,7,
8/15/2026 12:20:00 AM,RTD,CVIS,07TPLPB4_U04,G,8/14/2026 10:01:00 PM,8/15/2026 1:00:00 AM,MIN_OPERATING_MW,7,
8/15/2026 12:20:00 AM,RTD,CMIN,10LIAN_G02,G,8/15/2026,8/15/2026 11:59:00 PM,MAX_OPERATING_MW,6.60,
8/15/2026 12:20:00 AM,RTD,CMIN,10LIAN_G02,G,8/15/2026,8/15/2026 11:59:00 PM,MIN_OPERATING_MW,6.60,
8/15/2026 12:25:00 AM,RTD,CLUZ,01BALWIND_G01,G,8/15/2026,8/15/2026 2:00:00 AM,MAX_OPERATING_MW,30,
8/15/2026 12:25:00 AM,RTD,CLUZ,01BALWIND_G01,G,8/15/2026,8/15/2026 2:00:00 AM,MIN_OPERATING_MW,30,
8/15/2026 12:25:00 AM,RTD,CLUZ,03TANWIND_G01,G,8/15/2026 12:21:00 AM,8/15/2026 12:25:00 AM,MAX_OPERATING_MW,1.20,
8/15/2026 12:25:00 AM,RTD,CLUZ,03TANWIND_G01,G,8/15/2026 12:21:00 AM,8/15/2026 12:25:00 AM,MIN_OPERATING_MW,1.20,
8/15/2026 12:25:00 AM,RTD,CLUZ,03TANWIND_G01,G,8/15/2026 12:26:00 AM,8/15/2026 12:30:00 AM,MAX_OPERATING_MW,1.20,
8/15/2026 12:25:00 AM,RTD,CLUZ,03TANWIND_G01,G,8/15/2026 12:26:00 AM,8/15/2026 12:30:00 AM,MIN_OPERATING_MW,1.20,
8/15/2026 12:25:00 AM,RTD,CVIS,07TPLPB4_U01,G,8/14/2026 10:01:00 PM,8/15/2026 1:00:00 AM,MAX_OPERATING_MW,7,
8/15/2026 12:25:00 AM,RTD,CVIS,07TPLPB4_U01,G,8/14/2026 10:01:00 PM,8/15/2026 1:00:00 AM,MIN_OPERATING_MW,7,
8/15/2026 12:25:00 AM,RTD,CVIS,07TPLPB4_U02,G,8/14/2026 10:01:00 PM,8/15/2026 1:00:00 AM,MAX_OPERATING_MW,7,
8/15/2026 12:25:00 AM,RTD,CVIS,07TPLPB4_U02,G,8/14/2026 10:01:00 PM,8/15/2026 1:00:00 AM,MIN_OPERATING_MW,7,
8/15/2026 12:25:00 AM,RTD,CVIS,07TPLPB4_U03,G,8/14/2026 10:01:00 PM,8/15/2026 1:00:00 AM,MAX_OPERATING_MW,7,
8/15/2026 12:25:00 AM,RTD,CVIS,07TPLPB4_U03,G,8/14/2026 10:01:00 PM,8/15/2026 1:00:00 AM,MIN_OPERATING_MW,7,
8/15/2026 12:25:00 AM,RTD,CVIS,07TPLPB4_U04,G,8/14/2026 10:01:00 PM,8/15/2026 1:00:00 AM,MAX_OPERATING_MW,7,
8/15/2026 12:25:00 AM,RTD,CVIS,07TPLPB4_U04,G,8/14/2026 10:01:00 PM,8/15/2026 1:00:00 AM,MIN_OPERATING_MW,7,
8/15/2026 12:25:00 AM,RTD,CMIN,10LIAN_G02,G,8/15/2026,8/15/2026 11:59:00 PM,MAX_OPERATING_MW,6.60,
8/15/2026 12:25:00 AM,RTD,CMIN,10LIAN_G02,G,8/15/2026,8/15/2026 11:59:00 PM,MIN_OPERATING_MW,6.60,
8/15/2026 12:30:00 AM,RTD,CLUZ,01BALWIND_G01,G,8/15/2026,8/15/2026 2:00:00 AM,MAX_OPERATING_MW,30,
8/15/2026 12:30:00 AM,RTD,CLUZ,01BALWIND_G01,G,8/15/2026,8/15/2026 2:00:00 AM,MIN_OPERATING_MW,30,
8/15/2026 12:30:00 AM,RTD,CLUZ,03TANWIND_G01,G,8/15/2026 12:26:00 AM,8/15/2026 12:30:00 AM,MAX_OPERATING_MW,1.20,
8/15/2026 12:30:00 AM,RTD,CLUZ,03TANWIND_G01,G,8/15/2026 12:26:00 AM,8/15/2026 12:30:00 AM,MIN_OPERATING_MW,1.20,
8/15/2026 12:30:00 AM,RTD,CLUZ,03TANWIND_G01,G,8/15/2026 12:31:00 AM,8/15/2026 12:35:00 AM,MAX_OPERATING_MW,1.20,
8/15/2026 12:30:00 AM,RTD,CLUZ,03TANWIND_G01,G,8/15/2026 12:31:00 AM,8/15/2026 12:35:00 AM,MIN_OPERATING_MW,1.20,
8/15/2026 12:30:00 AM,RTD,CVIS,07TPLPB4_U01,G,8/14/2026 10:01:00 PM,8/15/2026 1:00:00 AM,MAX_OPERATING_MW,7,
8/15/2026 12:30:00 AM,RTD,CVIS,07TPLPB4_U01,G,8/14/2026 10:01:00 PM,8/15/2026 1:00:00 AM,MIN_OPERATING_MW,7,
8/15/2026 12:30:00 AM,RTD,CVIS,07TPLPB4_U02,G,8/14/2026 10:01:00 PM,8/15/2026 1:00:00 AM,MAX_OPERATING_MW,7,
8/15/2026 12:30:00 AM,RTD,CVIS,07TPLPB4_U02,G,8/14/2026 10:01:00 PM,8/15/2026 1:00:00 AM,MIN_OPERATING_MW,7,
8/15/2026 12:30:00 AM,RTD,CVIS,07TPLPB4_U03,G,8/14/2026 10:01:00 PM,8/15/2026 1:00:00 AM,MAX_OPERATING_MW,7,
8/15/2026 12:30:00 AM,RTD,CVIS,07TPLPB4_U03,G,8/14/2026 10:01:00 PM,8/15/2026 1:00:00 AM,MIN_OPERATING_MW,7,
8/15/2026 12:30:00 AM,RTD,CVIS,07TPLPB4_U04,G,8/14/2026 10:01:00 PM,8/15/2026 1:00:00 AM,MAX_OPERATING_MW,7,
8/15/2026 12:30:00 AM,RTD,CVIS,07TPLPB4_U04,G,8/14/2026 10:01:00 PM,8/15/2026 1:00:00 AM,MIN_OPERATING_MW,7,
8/15/2026 12:30:00 AM,RTD,CMIN,10LIAN_G02,G,8/15/2026,8/15/2026 11:59:00 PM,MAX_OPERATING_MW,6.60,
8/15/2026 12:30:00 AM,RTD,CMIN,10LIAN_G02,G,8/15/2026,8/15/2026 11:59:00 PM,MIN_OPERATING_MW,6.60,
8/15/2026 12:35:00 AM,RTD,CLUZ,01BALWIND_G01,G,8/15/2026,8/15/2026 2:00:00 AM,MAX_OPERATING_MW,30,
8/15/2026 12:35:00 AM,RTD,CLUZ,01BALWIND_G01,G,8/15/2026,8/15/2026 2:00:00 AM,MIN_OPERATING_MW,30,
8/15/2026 12:35:00 AM,RTD,CLUZ,03TANWIND_G01,G,8/15/2026 12:31:00 AM,8/15/2026 12:35:00 AM,MAX_OPERATING_MW,1.20,
8/15/2026 12:35:00 AM,RTD,CLUZ,03TANWIND_G01,G,8/15/2026 12:31:00 AM,8/15/2026 12:35:00 AM,MIN_OPERATING_MW,1.20,
8/15/2026 12:35:00 AM,RTD,CLUZ,03TANWIND_G01,G,8/15/2026 12:36:00 AM,8/15/2026 12:40:00 AM,MAX_OPERATING_MW,1.20,
8/15/2026 12:35:00 AM,RTD,CLUZ,03TANWIND_G01,G,8/15/2026 12:36:00 AM,8/15/2026 12:40:00 AM,MIN_OPERATING_MW,1.20,
8/15/2026 12:35:00 AM,RTD,CVIS,07TPLPB4_U01,G,8/14/2026 10:01:00 PM,8/15/2026 1:00:00 AM,MAX_OPERATING_MW,7,
8/15/2026 12:35:00 AM,RTD,CVIS,07TPLPB4_U01,G,8/14/2026 10:01:00 PM,8/15/2026 1:00:00 AM,MIN_OPERATING_MW,7,
8/15/2026 12:35:00 AM,RTD,CVIS,07TPLPB4_U02,G,8/14/2026 10:01:00 PM,8/15/2026 1:00:00 AM,MAX_OPERATING_MW,7,
8/15/2026 12:35:00 AM,RTD,CVIS,07TPLPB4_U02,G,8/14/2026 10:01:00 PM,8/15/2026 1:00:00 AM,MIN_OPERATING_MW,7,
8/15/2026 12:35:00 AM,RTD,CVIS,07TPLPB4_U03,G,8/14/2026 10:01:00 PM,8/15/2026 1:00:00 AM,MAX_OPERATING_MW,7,
8/15/2026 12:35:00 AM,RTD,CVIS,07TPLPB4_U03,G,8/14/2026 10:01:00 PM,8/15/2026 1:00:00 AM,MIN_OPERATING_MW,7,
8/15/2026 12:35:00 AM,RTD,CVIS,07TPLPB4_U04,G,8/14/2026 10:01:00 PM,8/15/2026 1:00:00 AM,MAX_OPERATING_MW,7,
8/15/2026 12:35:00 AM,RTD,CVIS,07TPLPB4_U04,G,8/14/2026 10:01:00 PM,8/15/2026 1:00:00 AM,MIN_OPERATING_MW,7,
8/15/2026 12:35:00 AM,RTD,CMIN,10LIAN_G02,G,8/15/2026,8/15/2026 11:59:00 PM,MAX_OPERATING_MW,6.60,
8/15/2026 12:35:00 AM,RTD,CMIN,10LIAN_G02,G,8/15/2026,8/15/2026 11:59:00 PM,MIN_OPERATING_MW,6.60,
8/15/2026 12:40:00 AM,RTD,CLUZ,01BALWIND_G01,G,8/15/2026,8/15/2026 2:00:00 AM,MAX_OPERATING_MW,30,
8/15/2026 12:40:00 AM,RTD,CLUZ,01BALWIND_G01,G,8/15/2026,8/15/2026 2:00:00 AM,MIN_OPERATING_MW,30,
8/15/2026 12:40:00 AM,RTD,CLUZ,03TANWIND_G01,G,8/15/2026 12:36:00 AM,8/15/2026 12:40:00 AM,MAX_OPERATING_MW,1.20,
8/15/2026 12:40:00 AM,RTD,CLUZ,03TANWIND_G01,G,8/15/2026 12:36:00 AM,8/15/2026 12:40:00 AM,MIN_OPERATING_MW,1.20,
8/15/2026 12:40:00 AM,RTD,CLUZ,03TANWIND_G01,G,8/15/2026 12:41:00 AM,8/15/2026 12:45:00 AM,MAX_OPERATING_MW,1.20,
8/15/2026 12:40:00 AM,RTD,CLUZ,03TANWIND_G01,G,8/15/2026 12:41:00 AM,8/15/2026 12:45:00 AM,MIN_OPERATING_MW,1.20,
8/15/2026 12:40:00 AM,RTD,CVIS,07TPLPB4_U01,G,8/14/2026 10:01:00 PM,8/15/2026 1:00:00 AM,MAX_OPERATING_MW,7,
8/15/2026 12:40:00 AM,RTD,CVIS,07TPLPB4_U01,G,8/14/2026 10:01:00 PM,8/15/2026 1:00:00 AM,MIN_OPERATING_MW,7,
8/15/2026 12:40:00 AM,RTD,CVIS,07TPLPB4_U02,G,8/14/2026 10:01:00 PM,8/15/2026 1:00:00 AM,MAX_OPERATING_MW,7,
8/15/2026 12:40:00 AM,RTD,CVIS,07TPLPB4_U02,G,8/14/2026 10:01:00 PM,8/15/2026 1:00:00 AM,MIN_OPERATING_MW,7,
8/15/2026 12:40:00 AM,RTD,CVIS,07TPLPB4_U03,G,8/14/2026 10:01:00 PM,8/15/2026 1:00:00 AM,MAX_OPERATING_MW,7,
8/15/2026 12:40:00 AM,RTD,CVIS,07TPLPB4_U03,G,8/14/2026 10:01:00 PM,8/15/2026 1:00:00 AM,MIN_OPERATING_MW,7,
8/15/2026 12:40:00 AM,RTD,CVIS,07TPLPB4_U04,G,8/14/2026 10:01:00 PM,8/15/2026 1:00:00 AM,MAX_OPERATING_MW,7,
8/15/2026 12:40:00 AM,RTD,CVIS,07TPLPB4_U04,G,8/14/2026 10:01:00 PM,8/15/2026 1:00:00 AM,MIN_OPERATING_MW,7,
8/15/2026 12:40:00 AM,RTD,CMIN,10LIAN_G02,G,8/15/2026,8/15/2026 11:59:00 PM,MAX_OPERATING_MW,6.60,
8/15/2026 12:40:00 AM,RTD,CMIN,10LIAN_G02,G,8/15/2026,8/15/2026 11:59:00 PM,MIN_OPERATING_MW,6.60,
8/15/2026 12:45:00 AM,RTD,CLUZ,01BALWIND_G01,G,8/15/2026,8/15/2026 2:00:00 AM,MAX_OPERATING_MW,30,
8/15/2026 12:45:00 AM,RTD,CLUZ,01BALWIND_G01,G,8/15/2026,8/15/2026 2:00:00 AM,MIN_OPERATING_MW,30,
8/15/2026 12:45:00 AM,RTD,CLUZ,01TERRASOL_G01,G,8/15/2026 12:01:00 AM,8/15/2026 3:00:00 AM,MAX_OPERATING_MW,300,
8/15/2026 12:45:00 AM,RTD,CLUZ,01TERRASOL_G01,G,8/15/2026 12:01:00 AM,8/15/2026 3:00:00 AM,MIN_OPERATING_MW,300,
8/15/2026 12:45:00 AM,RTD,CLUZ,03TANWIND_G01,G,8/15/2026 12:41:00 AM,8/15/2026 12:45:00 AM,MAX_OPERATING_MW,1.20,
8/15/2026 12:45:00 AM,RTD,CLUZ,03TANWIND_G01,G,8/15/2026 12:41:00 AM,8/15/2026 12:45:00 AM,MIN_OPERATING_MW,1.20,
8/15/2026 12:45:00 AM,RTD,CLUZ,03TANWIND_G01,G,8/15/2026 12:46:00 AM,8/15/2026 12:50:00 AM,MAX_OPERATING_MW,1.20,
8/15/2026 12:45:00 AM,RTD,CLUZ,03TANWIND_G01,G,8/15/2026 12:46:00 AM,8/15/2026 12:50:00 AM,MIN_OPERATING_MW,1.20,
8/15/2026 12:45:00 AM,RTD,CVIS,07TPLPB4_U01,G,8/14/2026 10:01:00 PM,8/15/2026 1:00:00 AM,MAX_OPERATING_MW,7,
8/15/2026 12:45:00 AM,RTD,CVIS,07TPLPB4_U01,G,8/14/2026 10:01:00 PM,8/15/2026 1:00:00 AM,MIN_OPERATING_MW,7,
8/15/2026 12:45:00 AM,RTD,CVIS,07TPLPB4_U02,G,8/14/2026 10:01:00 PM,8/15/2026 1:00:00 AM,MAX_OPERATING_MW,7,
8/15/2026 12:45:00 AM,RTD,CVIS,07TPLPB4_U02,G,8/14/2026 10:01:00 PM,8/15/2026 1:00:00 AM,MIN_OPERATING_MW,7,
8/15/2026 12:45:00 AM,RTD,CVIS,07TPLPB4_U03,G,8/14/2026 10:01:00 PM,8/15/2026 1:00:00 AM,MAX_OPERATING_MW,7,
8/15/2026 12:45:00 AM,RTD,CVIS,07TPLPB4_U03,G,8/14/2026 10:01:00 PM,8/15/2026 1:00:00 AM,MIN_OPERATING_MW,7,
8/15/2026 12:45:00 AM,RTD,CVIS,07TPLPB4_U04,G,8/14/2026 10:01:00 PM,8/15/2026 1:00:00 AM,MAX_OPERATING_MW,7,
8/15/2026 12:45:00 AM,RTD,CVIS,07TPLPB4_U04,G,8/14/2026 10:01:00 PM,8/15/2026 1:00:00 AM,MIN_OPERATING_MW,7,
8/15/2026 12:45:00 AM,RTD,CMIN,10LIAN_G02,G,8/15/2026,8/15/2026 11:59:00 PM,MAX_OPERATING_MW,6.60,
8/15/2026 12:45:00 AM,RTD,CMIN,10LIAN_G02,G,8/15/2026,8/15/2026 11:59:00 PM,MIN_OPERATING_MW,6.60,
8/15/2026 12:50:00 AM,RTD,CLUZ,01BALWIND_G01,G,8/15/2026,8/15/2026 2:00:00 AM,MAX_OPERATING_MW,30,
8/15/2026 12:50:00 AM,RTD,CLUZ,01BALWIND_G01,G,8/15/2026,8/15/2026 2:00:00 AM,MIN_OPERATING_MW,30,
8/15/2026 12:50:00 AM,RTD,CLUZ,01TERRASOL_G01,G,8/15/2026 12:01:00 AM,8/15/2026 3:00:00 AM,MAX_OPERATING_MW,300,
8/15/2026 12:50:00 AM,RTD,CLUZ,01TERRASOL_G01,G,8/15/2026 12:01:00 AM,8/15/2026 3:00:00 AM,MIN_OPERATING_MW,300,
8/15/2026 12:50:00 AM,RTD,CLUZ,03TANWIND_G01,G,8/15/2026 12:46:00 AM,8/15/2026 12:50:00 AM,MAX_OPERATING_MW,1.20,
8/15/2026 12:50:00 AM,RTD,CLUZ,03TANWIND_G01,G,8/15/2026 12:46:00 AM,8/15/2026 12:50:00 AM,MIN_OPERATING_MW,1.20,
8/15/2026 12:50:00 AM,RTD,CLUZ,03TANWIND_G01,G,8/15/2026 12:51:00 AM,8/15/2026 12:55:00 AM,MAX_OPERATING_MW,1.20,
8/15/2026 12:50:00 AM,RTD,CLUZ,03TANWIND_G01,G,8/15/2026 12:51:00 AM,8/15/2026 12:55:00 AM,MIN_OPERATING_MW,1.20,
8/15/2026 12:50:00 AM,RTD,CVIS,07TPLPB4_U01,G,8/14/2026 10:01:00 PM,8/15/2026 1:00:00 AM,MAX_OPERATING_MW,7,
8/15/2026 12:50:00 AM,RTD,CVIS,07TPLPB4_U01,G,8/14/2026 10:01:00 PM,8/15/2026 1:00:00 AM,MIN_OPERATING_MW,7,
8/15/2026 12:50:00 AM,RTD,CVIS,07TPLPB4_U02,G,8/14/2026 10:01:00 PM,8/15/2026 1:00:00 AM,MAX_OPERATING_MW,7,
8/15/2026 12:50:00 AM,RTD,CVIS,07TPLPB4_U02,G,8/14/2026 10:01:00 PM,8/15/2026 1:00:00 AM,MIN_OPERATING_MW,7,
8/15/2026 12:50:00 AM,RTD,CVIS,07TPLPB4_U03,G,8/14/2026 10:01:00 PM,8/15/2026 1:00:00 AM,MAX_OPERATING_MW,7,
8/15/2026 12:50:00 AM,RTD,CVIS,07TPLPB4_U03,G,8/14/2026 10:01:00 PM,8/15/2026 1:00:00 AM,MIN_OPERATING_MW,7,
8/15/2026 12:50:00 AM,RTD,CVIS,07TPLPB4_U04,G,8/14/2026 10:01:00 PM,8/15/2026 1:00:00 AM,MAX_OPERATING_MW,7,
8/15/2026 12:50:00 AM,RTD,CVIS,07TPLPB4_U04,G,8/14/2026 10:01:00 PM,8/15/2026 1:00:00 AM,MIN_OPERATING_MW,7,
8/15/2026 12:50:00 AM,RTD,CMIN,10LIAN_G02,G,8/15/2026,8/15/2026 11:59:00 PM,MAX_OPERATING_MW,6.60,
8/15/2026 12:50:00 AM,RTD,CMIN,10LIAN_G02,G,8/15/2026,8/15/2026 11:59:00 PM,MIN_OPERATING_MW,6.60,
8/15/2026 12:55:00 AM,RTD,CLUZ,01BALWIND_G01,G,8/15/2026,8/15/2026 2:00:00 AM,MAX_OPERATING_MW,30,
8/15/2026 12:55:00 AM,RTD,CLUZ,01BALWIND_G01,G,8/15/2026,8/15/2026 2:00:00 AM,MIN_OPERATING_MW,30,
8/15/2026 12:55:00 AM,RTD,CLUZ,01TERRASOL_G01,G,8/15/2026 12:01:00 AM,8/15/2026 3:00:00 AM,MAX_OPERATING_MW,300,
8/15/2026 12:55:00 AM,RTD,CLUZ,01TERRASOL_G01,G,8/15/2026 12:01:00 AM,8/15/2026 3:00:00 AM,MIN_OPERATING_MW,300,
8/15/2026 12:55:00 AM,RTD,CLUZ,03TANWIND_G01,G,8/15/2026 12:51:00 AM,8/15/2026 12:55:00 AM,MAX_OPERATING_MW,1.20,
8/15/2026 12:55:00 AM,RTD,CLUZ,03TANWIND_G01,G,8/15/2026 12:51:00 AM,8/15/2026 12:55:00 AM,MIN_OPERATING_MW,1.20,
8/15/2026 12:55:00 AM,RTD,CLUZ,03TANWIND_G01,G,8/15/2026 12:56:00 AM,8/15/2026 1:00:00 AM,MAX_OPERATING_MW,1.20,
8/15/2026 12:55:00 AM,RTD,CLUZ,03TANWIND_G01,G,8/15/2026 12:56:00 AM,8/15/2026 1:00:00 AM,MIN_OPERATING_MW,1.20,
8/15/2026 12:55:00 AM,RTD,CVIS,07TPLPB4_U01,G,8/14/2026 10:01:00 PM,8/15/2026 1:00:00 AM,MAX_OPERATING_MW,7,
8/15/2026 12:55:00 AM,RTD,CVIS,07TPLPB4_U01,G,8/14/2026 10:01:00 PM,8/15/2026 1:00:00 AM,MIN_OPERATING_MW,7,
8/15/2026 12:55:00 AM,RTD,CVIS,07TPLPB4_U02,G,8/14/2026 10:01:00 PM,8/15/2026 1:00:00 AM,MAX_OPERATING_MW,7,
8/15/2026 12:55:00 AM,RTD,CVIS,07TPLPB4_U02,G,8/14/2026 10:01:00 PM,8/15/2026 1:00:00 AM,MIN_OPERATING_MW,7,
8/15/2026 12:55:00 AM,RTD,CVIS,07TPLPB4_U03,G,8/14/2026 10:01:00 PM,8/15/2026 1:00:00 AM,MAX_OPERATING_MW,7,
8/15/2026 12:55:00 AM,RTD,CVIS,07TPLPB4_U03,G,8/14/2026 10:01:00 PM,8/15/2026 1:00:00 AM,MIN_OPERATING_MW,7,
8/15/2026 12:55:00 AM,RTD,CVIS,07TPLPB4_U04,G,8/14/2026 10:01:00 PM,8/15/2026 1:00:00 AM,MAX_OPERATING_MW,7,
8/15/2026 12:55:00 AM,RTD,CVIS,07TPLPB4_U04,G,8/14/2026 10:01:00 PM,8/15/2026 1:00:00 AM,MIN_OPERATING_MW,7,
8/15/2026 12:55:00 AM,RTD,CMIN,10LIAN_G02,G,8/15/2026,8/15/2026 11:59:00 PM,MAX_OPERATING_MW,6.60,
8/15/2026 12:55:00 AM,RTD,CMIN,10LIAN_G02,G,8/15/2026,8/15/2026 11:59:00 PM,MIN_OPERATING_MW,6.60,
8/15/2026 1:00:00 AM,RTD,CLUZ,01BALWIND_G01,G,8/15/2026,8/15/2026 2:00:00 AM,MAX_OPERATING_MW,30,
8/15/2026 1:00:00 AM,RTD,CLUZ,01BALWIND_G01,G,8/15/2026,8/15/2026 2:00:00 AM,MIN_OPERATING_MW,30,
8/15/2026 1:00:00 AM,RTD,CLUZ,01TERRASOL_G01,G,8/15/2026 12:01:00 AM,8/15/2026 3:00:00 AM,MAX_OPERATING_MW,300,
8/15/2026 1:00:00 AM,RTD,CLUZ,01TERRASOL_G01,G,8/15/2026 12:01:00 AM,8/15/2026 3:00:00 AM,MIN_OPERATING_MW,300,
8/15/2026 1:00:00 AM,RTD,CLUZ,03TANWIND_G01,G,8/15/2026 12:56:00 AM,8/15/2026 1:00:00 AM,MAX_OPERATING_MW,1.20,
8/15/2026 1:00:00 AM,RTD,CLUZ,03TANWIND_G01,G,8/15/2026 12:56:00 AM,8/15/2026 1:00:00 AM,MIN_OPERATING_MW,1.20,
8/15/2026 1:00:00 AM,RTD,CLUZ,03TANWIND_G01,G,8/15/2026 1:01:00 AM,8/15/2026 1:05:00 AM,MAX_OPERATING_MW,1.20,
8/15/2026 1:00:00 AM,RTD,CLUZ,03TANWIND_G01,G,8/15/2026 1:01:00 AM,8/15/2026 1:05:00 AM,MIN_OPERATING_MW,1.20,
8/15/2026 1:00:00 AM,RTD,CVIS,07TPLPB4_U01,G,8/14/2026 10:01:00 PM,8/15/2026 1:00:00 AM,MAX_OPERATING_MW,7,
8/15/2026 1:00:00 AM,RTD,CVIS,07TPLPB4_U01,G,8/14/2026 10:01:00 PM,8/15/2026 1:00:00 AM,MIN_OPERATING_MW,7,
8/15/2026 1:00:00 AM,RTD,CVIS,07TPLPB4_U02,G,8/14/2026 10:01:00 PM,8/15/2026 1:00:00 AM,MAX_OPERATING_MW,7,
8/15/2026 1:00:00 AM,RTD,CVIS,07TPLPB4_U02,G,8/14/2026 10:01:00 PM,8/15/2026 1:00:00 AM,MIN_OPERATING_MW,7,
8/15/2026 1:00:00 AM,RTD,CVIS,07TPLPB4_U03,G,8/14/2026 10:01:00 PM,8/15/2026 1:00:00 AM,MAX_OPERATING_MW,7,
8/15/2026 1:00:00 AM,RTD,CVIS,07TPLPB4_U03,G,8/14/2026 10:01:00 PM,8/15/2026 1:00:00 AM,MIN_OPERATING_MW,7,
8/15/2026 1:00:00 AM,RTD,CVIS,07TPLPB4_U04,G,8/14/2026 10:01:00 PM,8/15/2026 1:00:00 AM,MAX_OPERATING_MW,7,
8/15/2026 1:00:00 AM,RTD,CVIS,07TPLPB4_U04,G,8/14/2026 10:01:00 PM,8/15/2026 1:00:00 AM,MIN_OPERATING_MW,7,
8/15/2026 1:00:00 AM,RTD,CMIN,10LIAN_G02,G,8/15/2026,8/15/2026 11:59:00 PM,MAX_OPERATING_MW,6.60,
8/15/2026 1:00:00 AM,RTD,CMIN,10LIAN_G02,G,8/15/2026,8/15/2026 11:59:00 PM,MIN_OPERATING_MW,6.60,
8/15/2026 1:05:00 AM,RTD,CLUZ,01BALWIND_G01,G,8/15/2026,8/15/2026 2:00:00 AM,MAX_OPERATING_MW,30,
8/15/2026 1:05:00 AM,RTD,CLUZ,01BALWIND_G01,G,8/15/2026,8/15/2026 2:00:00 AM,MIN_OPERATING_MW,30,
8/15/2026 1:05:00 AM,RTD,CLUZ,01TERRASOL_G01,G,8/15/2026 12:01:00 AM,8/15/2026 3:00:00 AM,MAX_OPERATING_MW,300,
8/15/2026 1:05:00 AM,RTD,CLUZ,01TERRASOL_G01,G,8/15/2026 12:01:00 AM,8/15/2026 3:00:00 AM,MIN_OPERATING_MW,300,
8/15/2026 1:05:00 AM,RTD,CLUZ,03TANWIND_G01,G,8/15/2026 1:01:00 AM,8/15/2026 1:05:00 AM,MAX_OPERATING_MW,1.20,
8/15/2026 1:05:00 AM,RTD,CLUZ,03TANWIND_G01,G,8/15/2026 1:01:00 AM,8/15/2026 1:05:00 AM,MIN_OPERATING_MW,1.20,
8/15/2026 1:05:00 AM,RTD,CLUZ,03TANWIND_G01,G,8/15/2026 1:06:00 AM,8/15/2026 1:10:00 AM,MAX_OPERATING_MW,1.20,
8/15/2026 1:05:00 AM,RTD,CLUZ,03TANWIND_G01,G,8/15/2026 1:06:00 AM,8/15/2026 1:10:00 AM,MIN_OPERATING_MW,1.20,
8/15/2026 1:05:00 AM,RTD,CMIN,10LIAN_G02,G,8/15/2026,8/15/2026 11:59:00 PM,MAX_OPERATING_MW,6.60,
8/15/2026 1:05:00 AM,RTD,CMIN,10LIAN_G02,G,8/15/2026,8/15/2026 11:59:00 PM,MIN_OPERATING_MW,6.60,
8/15/2026 1:10:00 AM,RTD,CLUZ,01BALWIND_G01,G,8/15/2026,8/15/2026 2:00:00 AM,MAX_OPERATING_MW,30,
8/15/2026 1:10:00 AM,RTD,CLUZ,01BALWIND_G01,G,8/15/2026,8/15/2026 2:00:00 AM,MIN_OPERATING_MW,30,
8/15/2026 1:10:00 AM,RTD,CLUZ,01TERRASOL_G01,G,8/15/2026 12:01:00 AM,8/15/2026 3:00:00 AM,MAX_OPERATING_MW,300,
8/15/2026 1:10:00 AM,RTD,CLUZ,01TERRASOL_G01,G,8/15/2026 12:01:00 AM,8/15/2026 3:00:00 AM,MIN_OPERATING_MW,300,
8/15/2026 1:10:00 AM,RTD,CLUZ,03TANWIND_G01,G,8/15/2026 1:06:00 AM,8/15/2026 1:10:00 AM,MAX_OPERATING_MW,1.20,
8/15/2026 1:10:00 AM,RTD,CLUZ,03TANWIND_G01,G,8/15/2026 1:06:00 AM,8/15/2026 1:10:00 AM,MIN_OPERATING_MW,1.20,
8/15/2026 1:10:00 AM,RTD,CLUZ,03TANWIND_G01,G,8/15/2026 1:11:00 AM,8/15/2026 1:15:00 AM,MAX_OPERATING_MW,1.20,
8/15/2026 1:10:00 AM,RTD,CLUZ,03TANWIND_G01,G,8/15/2026 1:11:00 AM,8/15/2026 1:15:00 AM,MIN_OPERATING_MW,1.20,
8/15/2026 1:10:00 AM,RTD,CMIN,10LIAN_G02,G,8/15/2026,8/15/2026 11:59:00 PM,MAX_OPERATING_MW,6.60,
8/15/2026 1:10:00 AM,RTD,CMIN,10LIAN_G02,G,8/15/2026,8/15/2026 11:59:00 PM,MIN_OPERATING_MW,6.60,
8/15/2026 1:15:00 AM,RTD,CLUZ,01BALWIND_G01,G,8/15/2026,8/15/2026 2:00:00 AM,MAX_OPERATING_MW,30,
8/15/2026 1:15:00 AM,RTD,CLUZ,01BALWIND_G01,G,8/15/2026,8/15/2026 2:00:00 AM,MIN_OPERATING_MW,30,
8/15/2026 1:15:00 AM,RTD,CLUZ,01TERRASOL_G01,G,8/15/2026 12:01:00 AM,8/15/2026 3:00:00 AM,MAX_OPERATING_MW,300,
8/15/2026 1:15:00 AM,RTD,CLUZ,01TERRASOL_G01,G,8/15/2026 12:01:00 AM,8/15/2026 3:00:00 AM,MIN_OPERATING_MW,300,
8/15/2026 1:15:00 AM,RTD,CLUZ,03TANWIND_G01,G,8/15/2026 1:11:00 AM,8/15/2026 1:15:00 AM,MAX_OPERATING_MW,1.20,
8/15/2026 1:15:00 AM,RTD,CLUZ,03TANWIND_G01,G,8/15/2026 1:11:00 AM,8/15/2026 1:15:00 AM,MIN_OPERATING_MW,1.20,
8/15/2026 1:15:00 AM,RTD,CLUZ,03TANWIND_G01,G,8/15/2026 1:16:00 AM,8/15/2026 1:20:00 AM,MAX_OPERATING_MW,1.20,
8/15/2026 1:15:00 AM,RTD,CLUZ,03TANWIND_G01,G,8/15/2026 1:16:00 AM,8/15/2026 1:20:00 AM,MIN_OPERATING_MW,1.20,
8/15/2026 1:15:00 AM,RTD,CMIN,10LIAN_G02,G,8/15/2026,8/15/2026 11:59:00 PM,MAX_OPERATING_MW,6.60,
8/15/2026 1:15:00 AM,RTD,CMIN,10LIAN_G02,G,8/15/2026,8/15/2026 11:59:00 PM,MIN_OPERATING_MW,6.60,
8/15/2026 1:20:00 AM,RTD,CLUZ,01BALWIND_G01,G,8/15/2026,8/15/2026 2:00:00 AM,MAX_OPERATING_MW,30,
8/15/2026 1:20:00 AM,RTD,CLUZ,01BALWIND_G01,G,8/15/2026,8/15/2026 2:00:00 AM,MIN_OPERATING_MW,30,
8/15/2026 1:20:00 AM,RTD,CLUZ,01TERRASOL_G01,G,8/15/2026 12:01:00 AM,8/15/2026 3:00:00 AM,MAX_OPERATING_MW,300,
8/15/2026 1:20:00 AM,RTD,CLUZ,01TERRASOL_G01,G,8/15/2026 12:01:00 AM,8/15/2026 3:00:00 AM,MIN_OPERATING_MW,300,
8/15/2026 1:20:00 AM,RTD,CLUZ,03TANWIND_G01,G,8/15/2026 1:16:00 AM,8/15/2026 1:20:00 AM,MAX_OPERATING_MW,1.20,
8/15/2026 1:20:00 AM,RTD,CLUZ,03TANWIND_G01,G,8/15/2026 1:16:00 AM,8/15/2026 1:20:00 AM,MIN_OPERATING_MW,1.20,
8/15/2026 1:20:00 AM,RTD,CLUZ,03TANWIND_G01,G,8/15/2026 1:21:00 AM,8/15/2026 1:25:00 AM,MAX_OPERATING_MW,1.20,
8/15/2026 1:20:00 AM,RTD,CLUZ,03TANWIND_G01,G,8/15/2026 1:21:00 AM,8/15/2026 1:25:00 AM,MIN_OPERATING_MW,1.20,
8/15/2026 1:20:00 AM,RTD,CMIN,10LIAN_G02,G,8/15/2026,8/15/2026 11:59:00 PM,MAX_OPERATING_MW,6.60,
8/15/2026 1:20:00 AM,RTD,CMIN,10LIAN_G02,G,8/15/2026,8/15/2026 11:59:00 PM,MIN_OPERATING_MW,6.60,
8/15/2026 1:25:00 AM,RTD,CLUZ,01BALWIND_G01,G,8/15/2026,8/15/2026 2:00:00 AM,MAX_OPERATING_MW,30,
8/15/2026 1:25:00 AM,RTD,CLUZ,01BALWIND_G01,G,8/15/2026,8/15/2026 2:00:00 AM,MIN_OPERATING_MW,30,
8/15/2026 1:25:00 AM,RTD,CLUZ,01TERRASOL_G01,G,8/15/2026 12:01:00 AM,8/15/2026 3:00:00 AM,MAX_OPERATING_MW,300,
8/15/2026 1:25:00 AM,RTD,CLUZ,01TERRASOL_G01,G,8/15/2026 12:01:00 AM,8/15/2026 3:00:00 AM,MIN_OPERATING_MW,300,
8/15/2026 1:25:00 AM,RTD,CLUZ,03TANWIND_G01,G,8/15/2026 1:21:00 AM,8/15/2026 1:25:00 AM,MAX_OPERATING_MW,1.20,
8/15/2026 1:25:00 AM,RTD,CLUZ,03TANWIND_G01,G,8/15/2026 1:21:00 AM,8/15/2026 1:25:00 AM,MIN_OPERATING_MW,1.20,
8/15/2026 1:25:00 AM,RTD,CLUZ,03TANWIND_G01,G,8/15/2026 1:26:00 AM,8/15/2026 1:30:00 AM,MAX_OPERATING_MW,1.20,
8/15/2026 1:25:00 AM,RTD,CLUZ,03TANWIND_G01,G,8/15/2026 1:26:00 AM,8/15/2026 1:30:00 AM,MIN_OPERATING_MW,1.20,
8/15/2026 1:25:00 AM,RTD,CMIN,10LIAN_G02,G,8/15/2026,8/15/2026 11:59:00 PM,MAX_OPERATING_MW,6.60,
8/15/2026 1:25:00 AM,RTD,CMIN,10LIAN_G02,G,8/15/2026,8/15/2026 11:59:00 PM,MIN_OPERATING_MW,6.60,
8/15/2026 1:30:00 AM,RTD,CLUZ,01BALWIND_G01,G,8/15/2026,8/15/2026 2:00:00 AM,MAX_OPERATING_MW,30,
8/15/2026 1:30:00 AM,RTD,CLUZ,01BALWIND_G01,G,8/15/2026,8/15/2026 2:00:00 AM,MIN_OPERATING_MW,30,
8/15/2026 1:30:00 AM,RTD,CLUZ,01TERRASOL_G01,G,8/15/2026 12:01:00 AM,8/15/2026 3:00:00 AM,MAX_OPERATING_MW,300,
8/15/2026 1:30:00 AM,RTD,CLUZ,01TERRASOL_G01,G,8/15/2026 12:01:00 AM,8/15/2026 3:00:00 AM,MIN_OPERATING_MW,300,
8/15/2026 1:30:00 AM,RTD,CLUZ,03TANWIND_G01,G,8/15/2026 1:26:00 AM,8/15/2026 1:30:00 AM,MAX_OPERATING_MW,1.20,
8/15/2026 1:30:00 AM,RTD,CLUZ,03TANWIND_G01,G,8/15/2026 1:26:00 AM,8/15/2026 1:30:00 AM,MIN_OPERATING_MW,1.20,
8/15/2026 1:30:00 AM,RTD,CLUZ,03TANWIND_G01,G,8/15/2026 1:31:00 AM,8/15/2026 1:35:00 AM,MAX_OPERATING_MW,1.20,
8/15/2026 1:30:00 AM,RTD,CLUZ,03TANWIND_G01,G,8/15/2026 1:31:00 AM,8/15/2026 1:35:00 AM,MIN_OPERATING_MW,1.20,
8/15/2026 1:30:00 AM,RTD,CMIN,10LIAN_G02,G,8/15/2026,8/15/2026 11:59:00 PM,MAX_OPERATING_MW,6.60,
8/15/2026 1:30:00 AM,RTD,CMIN,10LIAN_G02,G,8/15/2026,8/15/2026 11:59:00 PM,MIN_OPERATING_MW,6.60,
8/15/2026 1:35:00 AM,RTD,CLUZ,01BALWIND_G01,G,8/15/2026,8/15/2026 2:00:00 AM,MAX_OPERATING_MW,30,
8/15/2026 1:35:00 AM,RTD,CLUZ,01BALWIND_G01,G,8/15/2026,8/15/2026 2:00:00 AM,MIN_OPERATING_MW,30,
8/15/2026 1:35:00 AM,RTD,CLUZ,01TERRASOL_G01,G,8/15/2026 12:01:00 AM,8/15/2026 3:00:00 AM,MAX_OPERATING_MW,300,
8/15/2026 1:35:00 AM,RTD,CLUZ,01TERRASOL_G01,G,8/15/2026 12:01:00 AM,8/15/2026 3:00:00 AM,MIN_OPERATING_MW,300,
8/15/2026 1:35:00 AM,RTD,CLUZ,03TANWIND_G01,G,8/15/2026 1:31:00 AM,8/15/2026 1:35:00 AM,MAX_OPERATING_MW,1.20,
8/15/2026 1:35:00 AM,RTD,CLUZ,03TANWIND_G01,G,8/15/2026 1:31:00 AM,8/15/2026 1:35:00 AM,MIN_OPERATING_MW,1.20,
8/15/2026 1:35:00 AM,RTD,CLUZ,03TANWIND_G01,G,8/15/2026 1:36:00 AM,8/15/2026 1:40:00 AM,MAX_OPERATING_MW,1.20,
8/15/2026 1:35:00 AM,RTD,CLUZ,03TANWIND_G01,G,8/15/2026 1:36:00 AM,8/15/2026 1:40:00 AM,MIN_OPERATING_MW,1.20,
8/15/2026 1:35:00 AM,RTD,CMIN,10LIAN_G02,G,8/15/2026,8/15/2026 11:59:00 PM,MAX_OPERATING_MW,6.60,
8/15/2026 1:35:00 AM,RTD,CMIN,10LIAN_G02,G,8/15/2026,8/15/2026 11:59:00 PM,MIN_OPERATING_MW,6.60,
8/15/2026 1:40:00 AM,RTD,CLUZ,01BALWIND_G01,G,8/15/2026,8/15/2026 2:00:00 AM,MAX_OPERATING_MW,30,
8/15/2026 1:40:00 AM,RTD,CLUZ,01BALWIND_G01,G,8/15/2026,8/15/2026 2:00:00 AM,MIN_OPERATING_MW,30,
8/15/2026 1:40:00 AM,RTD,CLUZ,01TERRASOL_G01,G,8/15/2026 12:01:00 AM,8/15/2026 3:00:00 AM,MAX_OPERATING_MW,300,
8/15/2026 1:40:00 AM,RTD,CLUZ,01TERRASOL_G01,G,8/15/2026 12:01:00 AM,8/15/2026 3:00:00 AM,MIN_OPERATING_MW,300,
8/15/2026 1:40:00 AM,RTD,CLUZ,03TANWIND_G01,G,8/15/2026 1:36:00 AM,8/15/2026 1:40:00 AM,MAX_OPERATING_MW,1.20,
8/15/2026 1:40:00 AM,RTD,CLUZ,03TANWIND_G01,G,8/15/2026 1:36:00 AM,8/15/2026 1:40:00 AM,MIN_OPERATING_MW,1.20,
8/15/2026 1:40:00 AM,RTD,CLUZ,03TANWIND_G01,G,8/15/2026 1:41:00 AM,8/15/2026 1:45:00 AM,MAX_OPERATING_MW,1.20,
8/15/2026 1:40:00 AM,RTD,CLUZ,03TANWIND_G01,G,8/15/2026 1:41:00 AM,8/15/2026 1:45:00 AM,MIN_OPERATING_MW,1.20,
8/15/2026 1:40:00 AM,RTD,CMIN,10LIAN_G02,G,8/15/2026,8/15/2026 11:59:00 PM,MAX_OPERATING_MW,6.60,
8/15/2026 1:40:00 AM,RTD,CMIN,10LIAN_G02,G,8/15/2026,8/15/2026 11:59:00 PM,MIN_OPERATING_MW,6.60,
8/15/2026 1:45:00 AM,RTD,CLUZ,01BALWIND_G01,G,8/15/2026,8/15/2026 2:00:00 AM,MAX_OPERATING_MW,30,
8/15/2026 1:45:00 AM,RTD,CLUZ,01BALWIND_G01,G,8/15/2026,8/15/2026 2:00:00 AM,MIN_OPERATING_MW,30,
8/15/2026 1:45:00 AM,RTD,CLUZ,01TERRASOL_G01,G,8/15/2026 12:01:00 AM,8/15/2026 3:00:00 AM,MAX_OPERATING_MW,300,
8/15/2026 1:45:00 AM,RTD,CLUZ,01TERRASOL_G01,G,8/15/2026 12:01:00 AM,8/15/2026 3:00:00 AM,MIN_OPERATING_MW,300,
8/15/2026 1:45:00 AM,RTD,CLUZ,03TANWIND_G01,G,8/15/2026 1:41:00 AM,8/15/2026 1:45:00 AM,MAX_OPERATING_MW,1.20,
8/15/2026 1:45:00 AM,RTD,CLUZ,03TANWIND_G01,G,8/15/2026 1:41:00 AM,8/15/2026 1:45:00 AM,MIN_OPERATING_MW,1.20,
8/15/2026 1:45:00 AM,RTD,CLUZ,03TANWIND_G01,G,8/15/2026 1:46:00 AM,8/15/2026 1:50:00 AM,MAX_OPERATING_MW,1.20,
8/15/2026 1:45:00 AM,RTD,CLUZ,03TANWIND_G01,G,8/15/2026 1:46:00 AM,8/15/2026 1:50:00 AM,MIN_OPERATING_MW,1.20,
8/15/2026 1:45:00 AM,RTD,CMIN,10LIAN_G02,G,8/15/2026,8/15/2026 11:59:00 PM,MAX_OPERATING_MW,6.60,
8/15/2026 1:45:00 AM,RTD,CMIN,10LIAN_G02,G,8/15/2026,8/15/2026 11:59:00 PM,MIN_OPERATING_MW,6.60,
8/15/2026 1:50:00 AM,RTD,CLUZ,01BALWIND_G01,G,8/15/2026,8/15/2026 2:00:00 AM,MAX_OPERATING_MW,30,
8/15/2026 1:50:00 AM,RTD,CLUZ,01BALWIND_G01,G,8/15/2026,8/15/2026 2:00:00 AM,MIN_OPERATING_MW,30,
8/15/2026 1:50:00 AM,RTD,CLUZ,01TERRASOL_G01,G,8/15/2026 12:01:00 AM,8/15/2026 3:00:00 AM,MAX_OPERATING_MW,300,
8/15/2026 1:50:00 AM,RTD,CLUZ,01TERRASOL_G01,G,8/15/2026 12:01:00 AM,8/15/2026 3:00:00 AM,MIN_OPERATING_MW,300,
8/15/2026 1:50:00 AM,RTD,CLUZ,03TANWIND_G01,G,8/15/2026 1:46:00 AM,8/15/2026 1:50:00 AM,MAX_OPERATING_MW,1.20,
8/15/2026 1:50:00 AM,RTD,CLUZ,03TANWIND_G01,G,8/15/2026 1:46:00 AM,8/15/2026 1:50:00 AM,MIN_OPERATING_MW,1.20,
8/15/2026 1:50:00 AM,RTD,CLUZ,03TANWIND_G01,G,8/15/2026 1:51:00 AM,8/15/2026 1:55:00 AM,MAX_OPERATING_MW,1.20,
8/15/2026 1:50:00 AM,RTD,CLUZ,03TANWIND_G01,G,8/15/2026 1:51:00 AM,8/15/2026 1:55:00 AM,MIN_OPERATING_MW,1.20,
8/15/2026 1:50:00 AM,RTD,CMIN,10LIAN_G02,G,8/15/2026,8/15/2026 11:59:00 PM,MAX_OPERATING_MW,6.60,
8/15/2026 1:50:00 AM,RTD,CMIN,10LIAN_G02,G,8/15/2026,8/15/2026 11:59:00 PM,MIN_OPERATING_MW,6.60,
8/15/2026 1:55:00 AM,RTD,CLUZ,01BALWIND_G01,G,8/15/2026,8/15/2026 2:00:00 AM,MAX_OPERATING_MW,30,
8/15/2026 1:55:00 AM,RTD,CLUZ,01BALWIND_G01,G,8/15/2026,8/15/2026 2:00:00 AM,MIN_OPERATING_MW,30,
8/15/2026 1:55:00 AM,RTD,CLUZ,01TERRASOL_G01,G,8/15/2026 12:01:00 AM,8/15/2026 3:00:00 AM,MAX_OPERATING_MW,300,
8/15/2026 1:55:00 AM,RTD,CLUZ,01TERRASOL_G01,G,8/15/2026 12:01:00 AM,8/15/2026 3:00:00 AM,MIN_OPERATING_MW,300,
8/15/2026 1:55:00 AM,RTD,CLUZ,03TANWIND_G01,G,8/15/2026 1:51:00 AM,8/15/2026 1:55:00 AM,MAX_OPERATING_MW,1.20,
8/15/2026 1:55:00 AM,RTD,CLUZ,03TANWIND_G01,G,8/15/2026 1:51:00 AM,8/15/2026 1:55:00 AM,MIN_OPERATING_MW,1.20,
8/15/2026 1:55:00 AM,RTD,CLUZ,03TANWIND_G01,G,8/15/2026 1:56:00 AM,8/15/2026 2:00:00 AM,MAX_OPERATING_MW,1.20,
8/15/2026 1:55:00 AM,RTD,CLUZ,03TANWIND_G01,G,8/15/2026 1:56:00 AM,8/15/2026 2:00:00 AM,MIN_OPERATING_MW,1.20,
8/15/2026 1:55:00 AM,RTD,CMIN,10LIAN_G02,G,8/15/2026,8/15/2026 11:59:00 PM,MAX_OPERATING_MW,6.60,
8/15/2026 1:55:00 AM,RTD,CMIN,10LIAN_G02,G,8/15/2026,8/15/2026 11:59:00 PM,MIN_OPERATING_MW,6.60,
8/15/2026 2:00:00 AM,RTD,CLUZ,01BALWIND_G01,G,8/15/2026,8/15/2026 2:00:00 AM,MAX_OPERATING_MW,30,
8/15/2026 2:00:00 AM,RTD,CLUZ,01BALWIND_G01,G,8/15/2026,8/15/2026 2:00:00 AM,MIN_OPERATING_MW,30,
8/15/2026 2:00:00 AM,RTD,CLUZ,01TERRASOL_G01,G,8/15/2026 12:01:00 AM,8/15/2026 3:00:00 AM,MAX_OPERATING_MW,300,
8/15/2026 2:00:00 AM,RTD,CLUZ,01TERRASOL_G01,G,8/15/2026 12:01:00 AM,8/15/2026 3:00:00 AM,MIN_OPERATING_MW,300,
8/15/2026 2:00:00 AM,RTD,CLUZ,03TANWIND_G01,G,8/15/2026 1:56:00 AM,8/15/2026 2:00:00 AM,MAX_OPERATING_MW,1.20,
8/15/2026 2:00:00 AM,RTD,CLUZ,03TANWIND_G01,G,8/15/2026 1:56:00 AM,8/15/2026 2:00:00 AM,MIN_OPERATING_MW,1.20,
8/15/2026 2:00:00 AM,RTD,CLUZ,03TANWIND_G01,G,8/15/2026 2:01:00 AM,8/15/2026 2:05:00 AM,MAX_OPERATING_MW,1.20,
8/15/2026 2:00:00 AM,RTD,CLUZ,03TANWIND_G01,G,8/15/2026 2:01:00 AM,8/15/2026 2:05:00 AM,MIN_OPERATING_MW,1.20,
8/15/2026 2:00:00 AM,RTD,CMIN,10LIAN_G02,G,8/15/2026,8/15/2026 11:59:00 PM,MAX_OPERATING_MW,6.60,
8/15/2026 2:00:00 AM,RTD,CMIN,10LIAN_G02,G,8/15/2026,8/15/2026 11:59:00 PM,MIN_OPERATING_MW,6.60,
8/15/2026 2:05:00 AM,RTD,CLUZ,01TERRASOL_G01,G,8/15/2026 12:01:00 AM,8/15/2026 3:00:00 AM,MAX_OPERATING_MW,300,
8/15/2026 2:05:00 AM,RTD,CLUZ,01TERRASOL_G01,G,8/15/2026 12:01:00 AM,8/15/2026 3:00:00 AM,MIN_OPERATING_MW,300,
8/15/2026 2:05:00 AM,RTD,CLUZ,03TANWIND_G01,G,8/15/2026 2:01:00 AM,8/15/2026 2:05:00 AM,MAX_OPERATING_MW,1.20,
8/15/2026 2:05:00 AM,RTD,CLUZ,03TANWIND_G01,G,8/15/2026 2:01:00 AM,8/15/2026 2:05:00 AM,MIN_OPERATING_MW,1.20,
8/15/2026 2:05:00 AM,RTD,CLUZ,03TANWIND_G01,G,8/15/2026 2:06:00 AM,8/15/2026 2:10:00 AM,MAX_OPERATING_MW,1.20,
8/15/2026 2:05:00 AM,RTD,CLUZ,03TANWIND_G01,G,8/15/2026 2:06:00 AM,8/15/2026 2:10:00 AM,MIN_OPERATING_MW,1.20,
8/15/2026 2:05:00 AM,RTD,CMIN,10LIAN_G02,G,8/15/2026,8/15/2026 11:59:00 PM,MAX_OPERATING_MW,6.60,
8/15/2026 2:05:00 AM,RTD,CMIN,10LIAN_G02,G,8/15/2026,8/15/2026 11:59:00 PM,MIN_OPERATING_MW,6.60,
8/15/2026 2:10:00 AM,RTD,CLUZ,01TERRASOL_G01,G,8/15/2026 12:01:00 AM,8/15/2026 3:00:00 AM,MAX_OPERATING_MW,300,
8/15/2026 2:10:00 AM,RTD,CLUZ,01TERRASOL_G01,G,8/15/2026 12:01:00 AM,8/15/2026 3:00:00 AM,MIN_OPERATING_MW,300,
8/15/2026 2:10:00 AM,RTD,CLUZ,03TANWIND_G01,G,8/15/2026 2:06:00 AM,8/15/2026 2:10:00 AM,MAX_OPERATING_MW,1.20,
8/15/2026 2:10:00 AM,RTD,CLUZ,03TANWIND_G01,G,8/15/2026 2:06:00 AM,8/15/2026 2:10:00 AM,MIN_OPERATING_MW,1.20,
8/15/2026 2:10:00 AM,RTD,CLUZ,03TANWIND_G01,G,8/15/2026 2:11:00 AM,8/15/2026 2:15:00 AM,MAX_OPERATING_MW,1.20,
8/15/2026 2:10:00 AM,RTD,CLUZ,03TANWIND_G01,G,8/15/2026 2:11:00 AM,8/15/2026 2:15:00 AM,MIN_OPERATING_MW,1.20,
8/15/2026 2:10:00 AM,RTD,CMIN,10LIAN_G02,G,8/15/2026,8/15/2026 11:59:00 PM,MAX_OPERATING_MW,6.60,
8/15/2026 2:10:00 AM,RTD,CMIN,10LIAN_G02,G,8/15/2026,8/15/2026 11:59:00 PM,MIN_OPERATING_MW,6.60,
8/15/2026 2:15:00 AM,RTD,CLUZ,01TERRASOL_G01,G,8/15/2026 12:01:00 AM,8/15/2026 3:00:00 AM,MAX_OPERATING_MW,300,
8/15/2026 2:15:00 AM,RTD,CLUZ,01TERRASOL_G01,G,8/15/2026 12:01:00 AM,8/15/2026 3:00:00 AM,MIN_OPERATING_MW,300,
8/15/2026 2:15:00 AM,RTD,CLUZ,03TANWIND_G01,G,8/15/2026 2:11:00 AM,8/15/2026 2:15:00 AM,MAX_OPERATING_MW,1.20,
8/15/2026 2:15:00 AM,RTD,CLUZ,03TANWIND_G01,G,8/15/2026 2:11:00 AM,8/15/2026 2:15:00 AM,MIN_OPERATING_MW,1.20,
8/15/2026 2:15:00 AM,RTD,CLUZ,03TANWIND_G01,G,8/15/2026 2:16:00 AM,8/15/2026 2:20:00 AM,MAX_OPERATING_MW,1.20,
8/15/2026 2:15:00 AM,RTD,CLUZ,03TANWIND_G01,G,8/15/2026 2:16:00 AM,8/15/2026 2:20:00 AM,MIN_OPERATING_MW,1.20,
8/15/2026 2:15:00 AM,RTD,CMIN,10LIAN_G02,G,8/15/2026,8/15/2026 11:59:00 PM,MAX_OPERATING_MW,6.60,
8/15/2026 2:15:00 AM,RTD,CMIN,10LIAN_G02,G,8/15/2026,8/15/2026 11:59:00 PM,MIN_OPERATING_MW,6.60,
8/15/2026 2:20:00 AM,RTD,CLUZ,01TERRASOL_G01,G,8/15/2026 12:01:00 AM,8/15/2026 3:00:00 AM,MAX_OPERATING_MW,300,
8/15/2026 2:20:00 AM,RTD,CLUZ,01TERRASOL_G01,G,8/15/2026 12:01:00 AM,8/15/2026 3:00:00 AM,MIN_OPERATING_MW,300,
8/15/2026 2:20:00 AM,RTD,CLUZ,03TANWIND_G01,G,8/15/2026 2:16:00 AM,8/15/2026 2:20:00 AM,MAX_OPERATING_MW,1.20,
8/15/2026 2:20:00 AM,RTD,CLUZ,03TANWIND_G01,G,8/15/2026 2:16:00 AM,8/15/2026 2:20:00 AM,MIN_OPERATING_MW,1.20,
8/15/2026 2:20:00 AM,RTD,CLUZ,03TANWIND_G01,G,8/15/2026 2:21:00 AM,8/15/2026 2:25:00 AM,MAX_OPERATING_MW,1.20,
8/15/2026 2:20:00 AM,RTD,CLUZ,03TANWIND_G01,G,8/15/2026 2:21:00 AM,8/15/2026 2:25:00 AM,MIN_OPERATING_MW,1.20,
8/15/2026 2:20:00 AM,RTD,CMIN,10LIAN_G02,G,8/15/2026,8/15/2026 11:59:00 PM,MAX_OPERATING_MW,6.60,
8/15/2026 2:20:00 AM,RTD,CMIN,10LIAN_G02,G,8/15/2026,8/15/2026 11:59:00 PM,MIN_OPERATING_MW,6.60,
8/15/2026 2:25:00 AM,RTD,CLUZ,01TERRASOL_G01,G,8/15/2026 12:01:00 AM,8/15/2026 3:00:00 AM,MAX_OPERATING_MW,300,
8/15/2026 2:25:00 AM,RTD,CLUZ,01TERRASOL_G01,G,8/15/2026 12:01:00 AM,8/15/2026 3:00:00 AM,MIN_OPERATING_MW,300,
8/15/2026 2:25:00 AM,RTD,CLUZ,03TANWIND_G01,G,8/15/2026 2:21:00 AM,8/15/2026 2:25:00 AM,MAX_OPERATING_MW,1.20,
8/15/2026 2:25:00 AM,RTD,CLUZ,03TANWIND_G01,G,8/15/2026 2:21:00 AM,8/15/2026 2:25:00 AM,MIN_OPERATING_MW,1.20,
8/15/2026 2:25:00 AM,RTD,CLUZ,03TANWIND_G01,G,8/15/2026 2:26:00 AM,8/15/2026 2:30:00 AM,MAX_OPERATING_MW,1.20,
8/15/2026 2:25:00 AM,RTD,CLUZ,03TANWIND_G01,G,8/15/2026 2:26:00 AM,8/15/2026 2:30:00 AM,MIN_OPERATING_MW,1.20,
8/15/2026 2:25:00 AM,RTD,CMIN,10LIAN_G02,G,8/15/2026,8/15/2026 11:59:00 PM,MAX_OPERATING_MW,6.60,
8/15/2026 2:25:00 AM,RTD,CMIN,10LIAN_G02,G,8/15/2026,8/15/2026 11:59:00 PM,MIN_OPERATING_MW,6.60,
8/15/2026 2:30:00 AM,RTD,CLUZ,01TERRASOL_G01,G,8/15/2026 12:01:00 AM,8/15/2026 3:00:00 AM,MAX_OPERATING_MW,300,
8/15/2026 2:30:00 AM,RTD,CLUZ,01TERRASOL_G01,G,8/15/2026 12:01:00 AM,8/15/2026 3:00:00 AM,MIN_OPERATING_MW,300,
8/15/2026 2:30:00 AM,RTD,CLUZ,03TANWIND_G01,G,8/15/2026 2:26:00 AM,8/15/2026 2:30:00 AM,MAX_OPERATING_MW,1.20,
8/15/2026 2:30:00 AM,RTD,CLUZ,03TANWIND_G01,G,8/15/2026 2:26:00 AM,8/15/2026 2:30:00 AM,MIN_OPERATING_MW,1.20,
8/15/2026 2:30:00 AM,RTD,CLUZ,03TANWIND_G01,G,8/15/2026 2:31:00 AM,8/15/2026 2:35:00 AM,MAX_OPERATING_MW,1.20,
8/15/2026 2:30:00 AM,RTD,CLUZ,03TANWIND_G01,G,8/15/2026 2:31:00 AM,8/15/2026 2:35:00 AM,MIN_OPERATING_MW,1.20,
8/15/2026 2:30:00 AM,RTD,CMIN,10LIAN_G02,G,8/15/2026,8/15/2026 11:59:00 PM,MAX_OPERATING_MW,6.60,
8/15/2026 2:30:00 AM,RTD,CMIN,10LIAN_G02,G,8/15/2026,8/15/2026 11:59:00 PM,MIN_OPERATING_MW,6.60,
8/15/2026 2:35:00 AM,RTD,CLUZ,01TERRASOL_G01,G,8/15/2026 12:01:00 AM,8/15/2026 3:00:00 AM,MAX_OPERATING_MW,300,
8/15/2026 2:35:00 AM,RTD,CLUZ,01TERRASOL_G01,G,8/15/2026 12:01:00 AM,8/15/2026 3:00:00 AM,MIN_OPERATING_MW,300,
8/15/2026 2:35:00 AM,RTD,CLUZ,03TANWIND_G01,G,8/15/2026 2:31:00 AM,8/15/2026 2:35:00 AM,MAX_OPERATING_MW,1.20,
8/15/2026 2:35:00 AM,RTD,CLUZ,03TANWIND_G01,G,8/15/2026 2:31:00 AM,8/15/2026 2:35:00 AM,MIN_OPERATING_MW,1.20,
8/15/2026 2:35:00 AM,RTD,CLUZ,03TANWIND_G01,G,8/15/2026 2:36:00 AM,8/15/2026 2:40:00 AM,MAX_OPERATING_MW,1.20,
8/15/2026 2:35:00 AM,RTD,CLUZ,03TANWIND_G01,G,8/15/2026 2:36:00 AM,8/15/2026 2:40:00 AM,MIN_OPERATING_MW,1.20,
8/15/2026 2:35:00 AM,RTD,CMIN,10LIAN_G02,G,8/15/2026,8/15/2026 11:59:00 PM,MAX_OPERATING_MW,6.60,
8/15/2026 2:35:00 AM,RTD,CMIN,10LIAN_G02,G,8/15/2026,8/15/2026 11:59:00 PM,MIN_OPERATING_MW,6.60,
8/15/2026 2:40:00 AM,RTD,CLUZ,01TERRASOL_G01,G,8/15/2026 12:01:00 AM,8/15/2026 3:00:00 AM,MAX_OPERATING_MW,300,
8/15/2026 2:40:00 AM,RTD,CLUZ,01TERRASOL_G01,G,8/15/2026 12:01:00 AM,8/15/2026 3:00:00 AM,MIN_OPERATING_MW,300,
8/15/2026 2:40:00 AM,RTD,CLUZ,03TANWIND_G01,G,8/15/2026 2:36:00 AM,8/15/2026 2:40:00 AM,MAX_OPERATING_MW,1.20,
8/15/2026 2:40:00 AM,RTD,CLUZ,03TANWIND_G01,G,8/15/2026 2:36:00 AM,8/15/2026 2:40:00 AM,MIN_OPERATING_MW,1.20,
8/15/2026 2:40:00 AM,RTD,CLUZ,03TANWIND_G01,G,8/15/2026 2:41:00 AM,8/15/2026 2:45:00 AM,MAX_OPERATING_MW,1.20,
8/15/2026 2:40:00 AM,RTD,CLUZ,03TANWIND_G01,G,8/15/2026 2:41:00 AM,8/15/2026 2:45:00 AM,MIN_OPERATING_MW,1.20,
8/15/2026 2:40:00 AM,RTD,CMIN,10LIAN_G02,G,8/15/2026,8/15/2026 11:59:00 PM,MAX_OPERATING_MW,6.60,
8/15/2026 2:40:00 AM,RTD,CMIN,10LIAN_G02,G,8/15/2026,8/15/2026 11:59:00 PM,MIN_OPERATING_MW,6.60,
8/15/2026 2:45:00 AM,RTD,CLUZ,01TERRASOL_G01,G,8/15/2026 12:01:00 AM,8/15/2026 3:00:00 AM,MAX_OPERATING_MW,300,
8/15/2026 2:45:00 AM,RTD,CLUZ,01TERRASOL_G01,G,8/15/2026 12:01:00 AM,8/15/2026 3:00:00 AM,MIN_OPERATING_MW,300,
8/15/2026 2:45:00 AM,RTD,CLUZ,03TANWIND_G01,G,8/15/2026 2:41:00 AM,8/15/2026 2:45:00 AM,MAX_OPERATING_MW,1.20,
8/15/2026 2:45:00 AM,RTD,CLUZ,03TANWIND_G01,G,8/15/2026 2:41:00 AM,8/15/2026 2:45:00 AM,MIN_OPERATING_MW,1.20,
8/15/2026 2:45:00 AM,RTD,CLUZ,03TANWIND_G01,G,8/15/2026 2:46:00 AM,8/15/2026 2:50:00 AM,MAX_OPERATING_MW,1.20,
8/15/2026 2:45:00 AM,RTD,CLUZ,03TANWIND_G01,G,8/15/2026 2:46:00 AM,8/15/2026 2:50:00 AM,MIN_OPERATING_MW,1.20,
8/15/2026 2:45:00 AM,RTD,CMIN,10LIAN_G02,G,8/15/2026,8/15/2026 11:59:00 PM,MAX_OPERATING_MW,6.60,
8/15/2026 2:45:00 AM,RTD,CMIN,10LIAN_G02,G,8/15/2026,8/15/2026 11:59:00 PM,MIN_OPERATING_MW,6.60,
8/15/2026 2:50:00 AM,RTD,CLUZ,01TERRASOL_G01,G,8/15/2026 12:01:00 AM,8/15/2026 3:00:00 AM,MAX_OPERATING_MW,300,
8/15/2026 2:50:00 AM,RTD,CLUZ,01TERRASOL_G01,G,8/15/2026 12:01:00 AM,8/15/2026 3:00:00 AM,MIN_OPERATING_MW,300,
8/15/2026 2:50:00 AM,RTD,CLUZ,03TANWIND_G01,G,8/15/2026 2:46:00 AM,8/15/2026 2:50:00 AM,MAX_OPERATING_MW,1.20,
8/15/2026 2:50:00 AM,RTD,CLUZ,03TANWIND_G01,G,8/15/2026 2:46:00 AM,8/15/2026 2:50:00 AM,MIN_OPERATING_MW,1.20,
8/15/2026 2:50:00 AM,RTD,CLUZ,03TANWIND_G01,G,8/15/2026 2:51:00 AM,8/15/2026 2:55:00 AM,MAX_OPERATING_MW,1.20,
8/15/2026 2:50:00 AM,RTD,CLUZ,03TANWIND_G01,G,8/15/2026 2:51:00 AM,8/15/2026 2:55:00 AM,MIN_OPERATING_MW,1.20,
8/15/2026 2:50:00 AM,RTD,CMIN,10LIAN_G02,G,8/15/2026,8/15/2026 11:59:00 PM,MAX_OPERATING_MW,6.60,
8/15/2026 2:50:00 AM,RTD,CMIN,10LIAN_G02,G,8/15/2026,8/15/2026 11:59:00 PM,MIN_OPERATING_MW,6.60,
8/15/2026 2:55:00 AM,RTD,CLUZ,01TERRASOL_G01,G,8/15/2026 12:01:00 AM,8/15/2026 3:00:00 AM,MAX_OPERATING_MW,300,
8/15/2026 2:55:00 AM,RTD,CLUZ,01TERRASOL_G01,G,8/15/2026 12:01:00 AM,8/15/2026 3:00:00 AM,MIN_OPERATING_MW,300,
8/15/2026 2:55:00 AM,RTD,CLUZ,03TANWIND_G01,G,8/15/2026 2:51:00 AM,8/15/2026 2:55:00 AM,MAX_OPERATING_MW,1.20,
8/15/2026 2:55:00 AM,RTD,CLUZ,03TANWIND_G01,G,8/15/2026 2:51:00 AM,8/15/2026 2:55:00 AM,MIN_OPERATING_MW,1.20,
8/15/2026 2:55:00 AM,RTD,CLUZ,03TANWIND_G01,G,8/15/2026 2:56:00 AM,8/15/2026 3:00:00 AM,MAX_OPERATING_MW,1.20,
8/15/2026 2:55:00 AM,RTD,CLUZ,03TANWIND_G01,G,8/15/2026 2:56:00 AM,8/15/2026 3:00:00 AM,MIN_OPERATING_MW,1.20,
8/15/2026 2:55:00 AM,RTD,CMIN,10LIAN_G02,G,8/15/2026,8/15/2026 11:59:00 PM,MAX_OPERATING_MW,6.60,
8/15/2026 2:55:00 AM,RTD,CMIN,10LIAN_G02,G,8/15/2026,8/15/2026 11:59:00 PM,MIN_OPERATING_MW,6.60,
8/15/2026 3:00:00 AM,RTD,CLUZ,01TERRASOL_G01,G,8/15/2026 12:01:00 AM,8/15/2026 3:00:00 AM,MAX_OPERATING_MW,300,
8/15/2026 3:00:00 AM,RTD,CLUZ,01TERRASOL_G01,G,8/15/2026 12:01:00 AM,8/15/2026 3:00:00 AM,MIN_OPERATING_MW,300,
8/15/2026 3:00:00 AM,RTD,CLUZ,01TERRASOL_G01,G,8/15/2026 3:01:00 AM,8/15/2026 3:05:00 AM,MAX_OPERATING_MW,200,
8/15/2026 3:00:00 AM,RTD,CLUZ,01TERRASOL_G01,G,8/15/2026 3:01:00 AM,8/15/2026 3:05:00 AM,MIN_OPERATING_MW,200,
8/15/2026 3:00:00 AM,RTD,CLUZ,03TANWIND_G01,G,8/15/2026 2:56:00 AM,8/15/2026 3:00:00 AM,MAX_OPERATING_MW,1.20,
8/15/2026 3:00:00 AM,RTD,CLUZ,03TANWIND_G01,G,8/15/2026 2:56:00 AM,8/15/2026 3:00:00 AM,MIN_OPERATING_MW,1.20,
8/15/2026 3:00:00 AM,RTD,CLUZ,03TANWIND_G01,G,8/15/2026 3:01:00 AM,8/15/2026 3:05:00 AM,MAX_OPERATING_MW,1.20,
8/15/2026 3:00:00 AM,RTD,CLUZ,03TANWIND_G01,G,8/15/2026 3:01:00 AM,8/15/2026 3:05:00 AM,MIN_OPERATING_MW,1.20,
8/15/2026 3:00:00 AM,RTD,CMIN,10LIAN_G02,G,8/15/2026,8/15/2026 11:59:00 PM,MAX_OPERATING_MW,6.60,
8/15/2026 3:00:00 AM,RTD,CMIN,10LIAN_G02,G,8/15/2026,8/15/2026 11:59:00 PM,MIN_OPERATING_MW,6.60,
8/15/2026 3:05:00 AM,RTD,CLUZ,01TERRASOL_G01,G,8/15/2026 3:01:00 AM,8/15/2026 3:05:00 AM,MAX_OPERATING_MW,200,
8/15/2026 3:05:00 AM,RTD,CLUZ,01TERRASOL_G01,G,8/15/2026 3:01:00 AM,8/15/2026 3:05:00 AM,MIN_OPERATING_MW,200,
8/15/2026 3:05:00 AM,RTD,CLUZ,01TERRASOL_G01,G,8/15/2026 3:06:00 AM,8/15/2026 4:00:00 AM,MAX_OPERATING_MW,100,
8/15/2026 3:05:00 AM,RTD,CLUZ,01TERRASOL_G01,G,8/15/2026 3:06:00 AM,8/15/2026 4:00:00 AM,MIN_OPERATING_MW,100,
8/15/2026 3:05:00 AM,RTD,CLUZ,03TANWIND_G01,G,8/15/2026 3:01:00 AM,8/15/2026 3:05:00 AM,MAX_OPERATING_MW,1.20,
8/15/2026 3:05:00 AM,RTD,CLUZ,03TANWIND_G01,G,8/15/2026 3:01:00 AM,8/15/2026 3:05:00 AM,MIN_OPERATING_MW,1.20,
8/15/2026 3:05:00 AM,RTD,CLUZ,03TANWIND_G01,G,8/15/2026 3:06:00 AM,8/15/2026 3:10:00 AM,MAX_OPERATING_MW,1.20,
8/15/2026 3:05:00 AM,RTD,CLUZ,03TANWIND_G01,G,8/15/2026 3:06:00 AM,8/15/2026 3:10:00 AM,MIN_OPERATING_MW,1.20,
8/15/2026 3:05:00 AM,RTD,CMIN,10LIAN_G02,G,8/15/2026,8/15/2026 11:59:00 PM,MAX_OPERATING_MW,6.60,
8/15/2026 3:05:00 AM,RTD,CMIN,10LIAN_G02,G,8/15/2026,8/15/2026 11:59:00 PM,MIN_OPERATING_MW,6.60,
8/15/2026 3:10:00 AM,RTD,CLUZ,01TERRASOL_G01,G,8/15/2026 3:06:00 AM,8/15/2026 4:00:00 AM,MAX_OPERATING_MW,100,
8/15/2026 3:10:00 AM,RTD,CLUZ,01TERRASOL_G01,G,8/15/2026 3:06:00 AM,8/15/2026 4:00:00 AM,MIN_OPERATING_MW,100,
8/15/2026 3:10:00 AM,RTD,CLUZ,03TANWIND_G01,G,8/15/2026 3:06:00 AM,8/15/2026 3:10:00 AM,MAX_OPERATING_MW,1.20,
8/15/2026 3:10:00 AM,RTD,CLUZ,03TANWIND_G01,G,8/15/2026 3:06:00 AM,8/15/2026 3:10:00 AM,MIN_OPERATING_MW,1.20,
8/15/2026 3:10:00 AM,RTD,CLUZ,03TANWIND_G01,G,8/15/2026 3:11:00 AM,8/15/2026 3:15:00 AM,MAX_OPERATING_MW,1.20,
8/15/2026 3:10:00 AM,RTD,CLUZ,03TANWIND_G01,G,8/15/2026 3:11:00 AM,8/15/2026 3:15:00 AM,MIN_OPERATING_MW,1.20,
8/15/2026 3:10:00 AM,RTD,CMIN,10LIAN_G02,G,8/15/2026,8/15/2026 11:59:00 PM,MAX_OPERATING_MW,6.60,
8/15/2026 3:10:00 AM,RTD,CMIN,10LIAN_G02,G,8/15/2026,8/15/2026 11:59:00 PM,MIN_OPERATING_MW,6.60,
8/15/2026 3:15:00 AM,RTD,CLUZ,01TERRASOL_G01,G,8/15/2026 3:06:00 AM,8/15/2026 4:00:00 AM,MAX_OPERATING_MW,100,
8/15/2026 3:15:00 AM,RTD,CLUZ,01TERRASOL_G01,G,8/15/2026 3:06:00 AM,8/15/2026 4:00:00 AM,MIN_OPERATING_MW,100,
8/15/2026 3:15:00 AM,RTD,CLUZ,03TANWIND_G01,G,8/15/2026 3:11:00 AM,8/15/2026 3:15:00 AM,MAX_OPERATING_MW,1.20,
8/15/2026 3:15:00 AM,RTD,CLUZ,03TANWIND_G01,G,8/15/2026 3:11:00 AM,8/15/2026 3:15:00 AM,MIN_OPERATING_MW,1.20,
8/15/2026 3:15:00 AM,RTD,CLUZ,03TANWIND_G01,G,8/15/2026 3:16:00 AM,8/15/2026 3:20:00 AM,MAX_OPERATING_MW,1.20,
8/15/2026 3:15:00 AM,RTD,CLUZ,03TANWIND_G01,G,8/15/2026 3:16:00 AM,8/15/2026 3:20:00 AM,MIN_OPERATING_MW,1.20,
8/15/2026 3:15:00 AM,RTD,CMIN,10LIAN_G02,G,8/15/2026,8/15/2026 11:59:00 PM,MAX_OPERATING_MW,6.60,
8/15/2026 3:15:00 AM,RTD,CMIN,10LIAN_G02,G,8/15/2026,8/15/2026 11:59:00 PM,MIN_OPERATING_MW,6.60,
8/15/2026 3:20:00 AM,RTD,CLUZ,01TERRASOL_G01,G,8/15/2026 3:06:00 AM,8/15/2026 4:00:00 AM,MAX_OPERATING_MW,100,
8/15/2026 3:20:00 AM,RTD,CLUZ,01TERRASOL_G01,G,8/15/2026 3:06:00 AM,8/15/2026 4:00:00 AM,MIN_OPERATING_MW,100,
8/15/2026 3:20:00 AM,RTD,CLUZ,03TANWIND_G01,G,8/15/2026 3:16:00 AM,8/15/2026 3:20:00 AM,MAX_OPERATING_MW,1.20,
8/15/2026 3:20:00 AM,RTD,CLUZ,03TANWIND_G01,G,8/15/2026 3:16:00 AM,8/15/2026 3:20:00 AM,MIN_OPERATING_MW,1.20,
8/15/2026 3:20:00 AM,RTD,CLUZ,03TANWIND_G01,G,8/15/2026 3:21:00 AM,8/15/2026 3:25:00 AM,MAX_OPERATING_MW,1.20,
8/15/2026 3:20:00 AM,RTD,CLUZ,03TANWIND_G01,G,8/15/2026 3:21:00 AM,8/15/2026 3:25:00 AM,MIN_OPERATING_MW,1.20,
8/15/2026 3:20:00 AM,RTD,CMIN,10LIAN_G02,G,8/15/2026,8/15/2026 11:59:00 PM,MAX_OPERATING_MW,6.60,
8/15/2026 3:20:00 AM,RTD,CMIN,10LIAN_G02,G,8/15/2026,8/15/2026 11:59:00 PM,MIN_OPERATING_MW,6.60,
8/15/2026 3:25:00 AM,RTD,CLUZ,01TERRASOL_G01,G,8/15/2026 3:06:00 AM,8/15/2026 4:00:00 AM,MAX_OPERATING_MW,100,
8/15/2026 3:25:00 AM,RTD,CLUZ,01TERRASOL_G01,G,8/15/2026 3:06:00 AM,8/15/2026 4:00:00 AM,MIN_OPERATING_MW,100,
8/15/2026 3:25:00 AM,RTD,CLUZ,03TANWIND_G01,G,8/15/2026 3:21:00 AM,8/15/2026 3:25:00 AM,MAX_OPERATING_MW,1.20,
8/15/2026 3:25:00 AM,RTD,CLUZ,03TANWIND_G01,G,8/15/2026 3:21:00 AM,8/15/2026 3:25:00 AM,MIN_OPERATING_MW,1.20,
8/15/2026 3:25:00 AM,RTD,CLUZ,03TANWIND_G01,G,8/15/2026 3:26:00 AM,8/15/2026 3:30:00 AM,MAX_OPERATING_MW,1.20,
8/15/2026 3:25:00 AM,RTD,CLUZ,03TANWIND_G01,G,8/15/2026 3:26:00 AM,8/15/2026 3:30:00 AM,MIN_OPERATING_MW,1.20,
8/15/2026 3:25:00 AM,RTD,CMIN,10LIAN_G02,G,8/15/2026,8/15/2026 11:59:00 PM,MAX_OPERATING_MW,6.60,
8/15/2026 3:25:00 AM,RTD,CMIN,10LIAN_G02,G,8/15/2026,8/15/2026 11:59:00 PM,MIN_OPERATING_MW,6.60,
8/15/2026 3:30:00 AM,RTD,CLUZ,01TERRASOL_G01,G,8/15/2026 3:06:00 AM,8/15/2026 4:00:00 AM,MAX_OPERATING_MW,100,
8/15/2026 3:30:00 AM,RTD,CLUZ,01TERRASOL_G01,G,8/15/2026 3:06:00 AM,8/15/2026 4:00:00 AM,MIN_OPERATING_MW,100,
8/15/2026 3:30:00 AM,RTD,CLUZ,03TANWIND_G01,G,8/15/2026 3:26:00 AM,8/15/2026 3:30:00 AM,MAX_OPERATING_MW,1.20,
8/15/2026 3:30:00 AM,RTD,CLUZ,03TANWIND_G01,G,8/15/2026 3:26:00 AM,8/15/2026 3:30:00 AM,MIN_OPERATING_MW,1.20,
8/15/2026 3:30:00 AM,RTD,CLUZ,03TANWIND_G01,G,8/15/2026 3:31:00 AM,8/15/2026 3:35:00 AM,MAX_OPERATING_MW,1.20,
8/15/2026 3:30:00 AM,RTD,CLUZ,03TANWIND_G01,G,8/15/2026 3:31:00 AM,8/15/2026 3:35:00 AM,MIN_OPERATING_MW,1.20,
8/15/2026 3:30:00 AM,RTD,CMIN,10LIAN_G02,G,8/15/2026,8/15/2026 11:59:00 PM,MAX_OPERATING_MW,6.60,
8/15/2026 3:30:00 AM,RTD,CMIN,10LIAN_G02,G,8/15/2026,8/15/2026 11:59:00 PM,MIN_OPERATING_MW,6.60,
8/15/2026 3:35:00 AM,RTD,CLUZ,01TERRASOL_G01,G,8/15/2026 3:06:00 AM,8/15/2026 4:00:00 AM,MAX_OPERATING_MW,100,
8/15/2026 3:35:00 AM,RTD,CLUZ,01TERRASOL_G01,G,8/15/2026 3:06:00 AM,8/15/2026 4:00:00 AM,MIN_OPERATING_MW,100,
8/15/2026 3:35:00 AM,RTD,CLUZ,03TANWIND_G01,G,8/15/2026 3:31:00 AM,8/15/2026 3:35:00 AM,MAX_OPERATING_MW,1.20,
8/15/2026 3:35:00 AM,RTD,CLUZ,03TANWIND_G01,G,8/15/2026 3:31:00 AM,8/15/2026 3:35:00 AM,MIN_OPERATING_MW,1.20,
8/15/2026 3:35:00 AM,RTD,CLUZ,03TANWIND_G01,G,8/15/2026 3:36:00 AM,8/15/2026 3:40:00 AM,MAX_OPERATING_MW,1.20,
8/15/2026 3:35:00 AM,RTD,CLUZ,03TANWIND_G01,G,8/15/2026 3:36:00 AM,8/15/2026 3:40:00 AM,MIN_OPERATING_MW,1.20,
8/15/2026 3:35:00 AM,RTD,CMIN,10LIAN_G02,G,8/15/2026,8/15/2026 11:59:00 PM,MAX_OPERATING_MW,6.60,
8/15/2026 3:35:00 AM,RTD,CMIN,10LIAN_G02,G,8/15/2026,8/15/2026 11:59:00 PM,MIN_OPERATING_MW,6.60,
8/15/2026 3:40:00 AM,RTD,CLUZ,01TERRASOL_G01,G,8/15/2026 3:06:00 AM,8/15/2026 4:00:00 AM,MAX_OPERATING_MW,100,
8/15/2026 3:40:00 AM,RTD,CLUZ,01TERRASOL_G01,G,8/15/2026 3:06:00 AM,8/15/2026 4:00:00 AM,MIN_OPERATING_MW,100,
8/15/2026 3:40:00 AM,RTD,CLUZ,03TANWIND_G01,G,8/15/2026 3:36:00 AM,8/15/2026 3:40:00 AM,MAX_OPERATING_MW,1.20,
8/15/2026 3:40:00 AM,RTD,CLUZ,03TANWIND_G01,G,8/15/2026 3:36:00 AM,8/15/2026 3:40:00 AM,MIN_OPERATING_MW,1.20,
8/15/2026 3:40:00 AM,RTD,CLUZ,03TANWIND_G01,G,8/15/2026 3:41:00 AM,8/15/2026 3:45:00 AM,MAX_OPERATING_MW,1.20,
8/15/2026 3:40:00 AM,RTD,CLUZ,03TANWIND_G01,G,8/15/2026 3:41:00 AM,8/15/2026 3:45:00 AM,MIN_OPERATING_MW,1.20,
8/15/2026 3:40:00 AM,RTD,CMIN,10LIAN_G02,G,8/15/2026,8/15/2026 11:59:00 PM,MAX_OPERATING_MW,6.60,
8/15/2026 3:40:00 AM,RTD,CMIN,10LIAN_G02,G,8/15/2026,8/15/2026 11:59:00 PM,MIN_OPERATING_MW,6.60,
8/15/2026 3:45:00 AM,RTD,CLUZ,01TERRASOL_G01,G,8/15/2026 3:06:00 AM,8/15/2026 4:00:00 AM,MAX_OPERATING_MW,100,
8/15/2026 3:45:00 AM,RTD,CLUZ,01TERRASOL_G01,G,8/15/2026 3:06:00 AM,8/15/2026 4:00:00 AM,MIN_OPERATING_MW,100,
8/15/2026 3:45:00 AM,RTD,CLUZ,03TANWIND_G01,G,8/15/2026 3:41:00 AM,8/15/2026 3:45:00 AM,MAX_OPERATING_MW,1.20,
8/15/2026 3:45:00 AM,RTD,CLUZ,03TANWIND_G01,G,8/15/2026 3:41:00 AM,8/15/2026 3:45:00 AM,MIN_OPERATING_MW,1.20,
8/15/2026 3:45:00 AM,RTD,CLUZ,03TANWIND_G01,G,8/15/2026 3:46:00 AM,8/15/2026 3:50:00 AM,MAX_OPERATING_MW,1.20,
8/15/2026 3:45:00 AM,RTD,CLUZ,03TANWIND_G01,G,8/15/2026 3:46:00 AM,8/15/2026 3:50:00 AM,MIN_OPERATING_MW,1.20,
8/15/2026 3:45:00 AM,RTD,CMIN,10LIAN_G02,G,8/15/2026,8/15/2026 11:59:00 PM,MAX_OPERATING_MW,6.60,
8/15/2026 3:45:00 AM,RTD,CMIN,10LIAN_G02,G,8/15/2026,8/15/2026 11:59:00 PM,MIN_OPERATING_MW,6.60,
8/15/2026 3:50:00 AM,RTD,CLUZ,01TERRASOL_G01,G,8/15/2026 3:06:00 AM,8/15/2026 4:00:00 AM,MAX_OPERATING_MW,100,
8/15/2026 3:50:00 AM,RTD,CLUZ,01TERRASOL_G01,G,8/15/2026 3:06:00 AM,8/15/2026 4:00:00 AM,MIN_OPERATING_MW,100,
8/15/2026 3:50:00 AM,RTD,CLUZ,03TANWIND_G01,G,8/15/2026 3:46:00 AM,8/15/2026 3:50:00 AM,MAX_OPERATING_MW,1.20,
8/15/2026 3:50:00 AM,RTD,CLUZ,03TANWIND_G01,G,8/15/2026 3:46:00 AM,8/15/2026 3:50:00 AM,MIN_OPERATING_MW,1.20,
8/15/2026 3:50:00 AM,RTD,CLUZ,03TANWIND_G01,G,8/15/2026 3:51:00 AM,8/15/2026 3:55:00 AM,MAX_OPERATING_MW,1.20,
8/15/2026 3:50:00 AM,RTD,CLUZ,03TANWIND_G01,G,8/15/2026 3:51:00 AM,8/15/2026 3:55:00 AM,MIN_OPERATING_MW,1.20,
8/15/2026 3:50:00 AM,RTD,CMIN,10LIAN_G02,G,8/15/2026,8/15/2026 11:59:00 PM,MAX_OPERATING_MW,6.60,
8/15/2026 3:50:00 AM,RTD,CMIN,10LIAN_G02,G,8/15/2026,8/15/2026 11:59:00 PM,MIN_OPERATING_MW,6.60,
8/15/2026 3:55:00 AM,RTD,CLUZ,01TERRASOL_G01,G,8/15/2026 3:06:00 AM,8/15/2026 4:00:00 AM,MAX_OPERATING_MW,100,
8/15/2026 3:55:00 AM,RTD,CLUZ,01TERRASOL_G01,G,8/15/2026 3:06:00 AM,8/15/2026 4:00:00 AM,MIN_OPERATING_MW,100,
8/15/2026 3:55:00 AM,RTD,CLUZ,03TANWIND_G01,G,8/15/2026 3:51:00 AM,8/15/2026 3:55:00 AM,MAX_OPERATING_MW,1.20,
8/15/2026 3:55:00 AM,RTD,CLUZ,03TANWIND_G01,G,8/15/2026 3:51:00 AM,8/15/2026 3:55:00 AM,MIN_OPERATING_MW,1.20,
8/15/2026 3:55:00 AM,RTD,CLUZ,03TANWIND_G01,G,8/15/2026 3:56:00 AM,8/15/2026 4:00:00 AM,MAX_OPERATING_MW,1.20,
8/15/2026 3:55:00 AM,RTD,CLUZ,03TANWIND_G01,G,8/15/2026 3:56:00 AM,8/15/2026 4:00:00 AM,MIN_OPERATING_MW,1.20,
8/15/2026 3:55:00 AM,RTD,CMIN,10LIAN_G02,G,8/15/2026,8/15/2026 11:59:00 PM,MAX_OPERATING_MW,6.60,
8/15/2026 3:55:00 AM,RTD,CMIN,10LIAN_G02,G,8/15/2026,8/15/2026 11:59:00 PM,MIN_OPERATING_MW,6.60,
8/15/2026 4:00:00 AM,RTD,CLUZ,01TERRASOL_G01,G,8/15/2026 3:06:00 AM,8/15/2026 4:00:00 AM,MAX_OPERATING_MW,100,
8/15/2026 4:00:00 AM,RTD,CLUZ,01TERRASOL_G01,G,8/15/2026 3:06:00 AM,8/15/2026 4:00:00 AM,MIN_OPERATING_MW,100,
8/15/2026 4:00:00 AM,RTD,CLUZ,01TERRASOL_G01,G,8/15/2026 4:01:00 AM,8/15/2026 5:00:00 AM,MAX_OPERATING_MW,150,
8/15/2026 4:00:00 AM,RTD,CLUZ,01TERRASOL_G01,G,8/15/2026 4:01:00 AM,8/15/2026 5:00:00 AM,MIN_OPERATING_MW,150,
8/15/2026 4:00:00 AM,RTD,CLUZ,03TANWIND_G01,G,8/15/2026 3:56:00 AM,8/15/2026 4:00:00 AM,MAX_OPERATING_MW,1.20,
8/15/2026 4:00:00 AM,RTD,CLUZ,03TANWIND_G01,G,8/15/2026 3:56:00 AM,8/15/2026 4:00:00 AM,MIN_OPERATING_MW,1.20,
8/15/2026 4:00:00 AM,RTD,CLUZ,03TANWIND_G01,G,8/15/2026 4:01:00 AM,8/15/2026 4:05:00 AM,MAX_OPERATING_MW,1.20,
8/15/2026 4:00:00 AM,RTD,CLUZ,03TANWIND_G01,G,8/15/2026 4:01:00 AM,8/15/2026 4:05:00 AM,MIN_OPERATING_MW,1.20,
8/15/2026 4:00:00 AM,RTD,CMIN,10LIAN_G02,G,8/15/2026,8/15/2026 11:59:00 PM,MAX_OPERATING_MW,6.60,
8/15/2026 4:00:00 AM,RTD,CMIN,10LIAN_G02,G,8/15/2026,8/15/2026 11:59:00 PM,MIN_OPERATING_MW,6.60,
8/15/2026 4:05:00 AM,RTD,CLUZ,01TERRASOL_G01,G,8/15/2026 4:01:00 AM,8/15/2026 5:00:00 AM,MAX_OPERATING_MW,150,
8/15/2026 4:05:00 AM,RTD,CLUZ,01TERRASOL_G01,G,8/15/2026 4:01:00 AM,8/15/2026 5:00:00 AM,MIN_OPERATING_MW,150,
8/15/2026 4:05:00 AM,RTD,CLUZ,03TANWIND_G01,G,8/15/2026 4:01:00 AM,8/15/2026 4:05:00 AM,MAX_OPERATING_MW,1.20,
8/15/2026 4:05:00 AM,RTD,CLUZ,03TANWIND_G01,G,8/15/2026 4:01:00 AM,8/15/2026 4:05:00 AM,MIN_OPERATING_MW,1.20,
8/15/2026 4:05:00 AM,RTD,CLUZ,03TANWIND_G01,G,8/15/2026 4:06:00 AM,8/15/2026 4:10:00 AM,MAX_OPERATING_MW,1.20,
8/15/2026 4:05:00 AM,RTD,CLUZ,03TANWIND_G01,G,8/15/2026 4:06:00 AM,8/15/2026 4:10:00 AM,MIN_OPERATING_MW,1.20,
8/15/2026 4:05:00 AM,RTD,CMIN,10LIAN_G02,G,8/15/2026,8/15/2026 11:59:00 PM,MAX_OPERATING_MW,6.60,
8/15/2026 4:05:00 AM,RTD,CMIN,10LIAN_G02,G,8/15/2026,8/15/2026 11:59:00 PM,MIN_OPERATING_MW,6.60,
8/15/2026 4:10:00 AM,RTD,CLUZ,01TERRASOL_G01,G,8/15/2026 4:01:00 AM,8/15/2026 5:00:00 AM,MAX_OPERATING_MW,150,
8/15/2026 4:10:00 AM,RTD,CLUZ,01TERRASOL_G01,G,8/15/2026 4:01:00 AM,8/15/2026 5:00:00 AM,MIN_OPERATING_MW,150,
8/15/2026 4:10:00 AM,RTD,CLUZ,03TANWIND_G01,G,8/15/2026 4:06:00 AM,8/15/2026 4:10:00 AM,MAX_OPERATING_MW,1.20,
8/15/2026 4:10:00 AM,RTD,CLUZ,03TANWIND_G01,G,8/15/2026 4:06:00 AM,8/15/2026 4:10:00 AM,MIN_OPERATING_MW,1.20,
8/15/2026 4:10:00 AM,RTD,CLUZ,03TANWIND_G01,G,8/15/2026 4:11:00 AM,8/15/2026 4:15:00 AM,MAX_OPERATING_MW,1.20,
8/15/2026 4:10:00 AM,RTD,CLUZ,03TANWIND_G01,G,8/15/2026 4:11:00 AM,8/15/2026 4:15:00 AM,MIN_OPERATING_MW,1.20,
8/15/2026 4:10:00 AM,RTD,CMIN,10LIAN_G02,G,8/15/2026,8/15/2026 11:59:00 PM,MAX_OPERATING_MW,6.60,
8/15/2026 4:10:00 AM,RTD,CMIN,10LIAN_G02,G,8/15/2026,8/15/2026 11:59:00 PM,MIN_OPERATING_MW,6.60,
8/15/2026 4:15:00 AM,RTD,CLUZ,01TERRASOL_G01,G,8/15/2026 4:01:00 AM,8/15/2026 5:00:00 AM,MAX_OPERATING_MW,150,
8/15/2026 4:15:00 AM,RTD,CLUZ,01TERRASOL_G01,G,8/15/2026 4:01:00 AM,8/15/2026 5:00:00 AM,MIN_OPERATING_MW,150,
8/15/2026 4:15:00 AM,RTD,CLUZ,03TANWIND_G01,G,8/15/2026 4:11:00 AM,8/15/2026 4:15:00 AM,MAX_OPERATING_MW,1.20,
8/15/2026 4:15:00 AM,RTD,CLUZ,03TANWIND_G01,G,8/15/2026 4:11:00 AM,8/15/2026 4:15:00 AM,MIN_OPERATING_MW,1.20,
8/15/2026 4:15:00 AM,RTD,CLUZ,03TANWIND_G01,G,8/15/2026 4:16:00 AM,8/15/2026 4:20:00 AM,MAX_OPERATING_MW,1.20,
8/15/2026 4:15:00 AM,RTD,CLUZ,03TANWIND_G01,G,8/15/2026 4:16:00 AM,8/15/2026 4:20:00 AM,MIN_OPERATING_MW,1.20,
8/15/2026 4:15:00 AM,RTD,CMIN,10LIAN_G02,G,8/15/2026,8/15/2026 11:59:00 PM,MAX_OPERATING_MW,6.60,
8/15/2026 4:15:00 AM,RTD,CMIN,10LIAN_G02,G,8/15/2026,8/15/2026 11:59:00 PM,MIN_OPERATING_MW,6.60,
8/15/2026 4:20:00 AM,RTD,CLUZ,01TERRASOL_G01,G,8/15/2026 4:01:00 AM,8/15/2026 5:00:00 AM,MAX_OPERATING_MW,150,
8/15/2026 4:20:00 AM,RTD,CLUZ,01TERRASOL_G01,G,8/15/2026 4:01:00 AM,8/15/2026 5:00:00 AM,MIN_OPERATING_MW,150,
8/15/2026 4:20:00 AM,RTD,CLUZ,03TANWIND_G01,G,8/15/2026 4:16:00 AM,8/15/2026 4:20:00 AM,MAX_OPERATING_MW,1.20,
8/15/2026 4:20:00 AM,RTD,CLUZ,03TANWIND_G01,G,8/15/2026 4:16:00 AM,8/15/2026 4:20:00 AM,MIN_OPERATING_MW,1.20,
8/15/2026 4:20:00 AM,RTD,CLUZ,03TANWIND_G01,G,8/15/2026 4:21:00 AM,8/15/2026 4:25:00 AM,MAX_OPERATING_MW,1.20,
8/15/2026 4:20:00 AM,RTD,CLUZ,03TANWIND_G01,G,8/15/2026 4:21:00 AM,8/15/2026 4:25:00 AM,MIN_OPERATING_MW,1.20,
8/15/2026 4:20:00 AM,RTD,CMIN,10LIAN_G02,G,8/15/2026,8/15/2026 11:59:00 PM,MAX_OPERATING_MW,6.60,
8/15/2026 4:20:00 AM,RTD,CMIN,10LIAN_G02,G,8/15/2026,8/15/2026 11:59:00 PM,MIN_OPERATING_MW,6.60,
8/15/2026 4:25:00 AM,RTD,CLUZ,01TERRASOL_G01,G,8/15/2026 4:01:00 AM,8/15/2026 5:00:00 AM,MAX_OPERATING_MW,150,
8/15/2026 4:25:00 AM,RTD,CLUZ,01TERRASOL_G01,G,8/15/2026 4:01:00 AM,8/15/2026 5:00:00 AM,MIN_OPERATING_MW,150,
8/15/2026 4:25:00 AM,RTD,CLUZ,03TANWIND_G01,G,8/15/2026 4:21:00 AM,8/15/2026 4:25:00 AM,MAX_OPERATING_MW,1.20,
8/15/2026 4:25:00 AM,RTD,CLUZ,03TANWIND_G01,G,8/15/2026 4:21:00 AM,8/15/2026 4:25:00 AM,MIN_OPERATING_MW,1.20,
8/15/2026 4:25:00 AM,RTD,CLUZ,03TANWIND_G01,G,8/15/2026 4:26:00 AM,8/15/2026 4:30:00 AM,MAX_OPERATING_MW,1.20,
8/15/2026 4:25:00 AM,RTD,CLUZ,03TANWIND_G01,G,8/15/2026 4:26:00 AM,8/15/2026 4:30:00 AM,MIN_OPERATING_MW,1.20,
8/15/2026 4:25:00 AM,RTD,CMIN,10LIAN_G02,G,8/15/2026,8/15/2026 11:59:00 PM,MAX_OPERATING_MW,6.60,
8/15/2026 4:25:00 AM,RTD,CMIN,10LIAN_G02,G,8/15/2026,8/15/2026 11:59:00 PM,MIN_OPERATING_MW,6.60,
8/15/2026 4:30:00 AM,RTD,CLUZ,01TERRASOL_G01,G,8/15/2026 4:01:00 AM,8/15/2026 5:00:00 AM,MAX_OPERATING_MW,150,
8/15/2026 4:30:00 AM,RTD,CLUZ,01TERRASOL_G01,G,8/15/2026 4:01:00 AM,8/15/2026 5:00:00 AM,MIN_OPERATING_MW,150,
8/15/2026 4:30:00 AM,RTD,CLUZ,03TANWIND_G01,G,8/15/2026 4:26:00 AM,8/15/2026 4:30:00 AM,MAX_OPERATING_MW,1.20,
8/15/2026 4:30:00 AM,RTD,CLUZ,03TANWIND_G01,G,8/15/2026 4:26:00 AM,8/15/2026 4:30:00 AM,MIN_OPERATING_MW,1.20,
8/15/2026 4:30:00 AM,RTD,CLUZ,03TANWIND_G01,G,8/15/2026 4:31:00 AM,8/15/2026 4:35:00 AM,MAX_OPERATING_MW,1.20,
8/15/2026 4:30:00 AM,RTD,CLUZ,03TANWIND_G01,G,8/15/2026 4:31:00 AM,8/15/2026 4:35:00 AM,MIN_OPERATING_MW,1.20,
8/15/2026 4:30:00 AM,RTD,CMIN,10LIAN_G02,G,8/15/2026,8/15/2026 11:59:00 PM,MAX_OPERATING_MW,6.60,
8/15/2026 4:30:00 AM,RTD,CMIN,10LIAN_G02,G,8/15/2026,8/15/2026 11:59:00 PM,MIN_OPERATING_MW,6.60,
8/15/2026 4:35:00 AM,RTD,CLUZ,01TERRASOL_G01,G,8/15/2026 4:01:00 AM,8/15/2026 5:00:00 AM,MAX_OPERATING_MW,150,
8/15/2026 4:35:00 AM,RTD,CLUZ,01TERRASOL_G01,G,8/15/2026 4:01:00 AM,8/15/2026 5:00:00 AM,MIN_OPERATING_MW,150,
8/15/2026 4:35:00 AM,RTD,CLUZ,03TANWIND_G01,G,8/15/2026 4:31:00 AM,8/15/2026 4:35:00 AM,MAX_OPERATING_MW,1.20,
8/15/2026 4:35:00 AM,RTD,CLUZ,03TANWIND_G01,G,8/15/2026 4:31:00 AM,8/15/2026 4:35:00 AM,MIN_OPERATING_MW,1.20,
8/15/2026 4:35:00 AM,RTD,CLUZ,03TANWIND_G01,G,8/15/2026 4:36:00 AM,8/15/2026 4:40:00 AM,MAX_OPERATING_MW,1.20,
8/15/2026 4:35:00 AM,RTD,CLUZ,03TANWIND_G01,G,8/15/2026 4:36:00 AM,8/15/2026 4:40:00 AM,MIN_OPERATING_MW,1.20,
8/15/2026 4:35:00 AM,RTD,CMIN,10LIAN_G02,G,8/15/2026,8/15/2026 11:59:00 PM,MAX_OPERATING_MW,6.60,
8/15/2026 4:35:00 AM,RTD,CMIN,10LIAN_G02,G,8/15/2026,8/15/2026 11:59:00 PM,MIN_OPERATING_MW,6.60,
8/15/2026 4:40:00 AM,RTD,CLUZ,01TERRASOL_G01,G,8/15/2026 4:01:00 AM,8/15/2026 5:00:00 AM,MAX_OPERATING_MW,150,
8/15/2026 4:40:00 AM,RTD,CLUZ,01TERRASOL_G01,G,8/15/2026 4:01:00 AM,8/15/2026 5:00:00 AM,MIN_OPERATING_MW,150,
8/15/2026 4:40:00 AM,RTD,CLUZ,03TANWIND_G01,G,8/15/2026 4:36:00 AM,8/15/2026 4:40:00 AM,MAX_OPERATING_MW,1.20,
8/15/2026 4:40:00 AM,RTD,CLUZ,03TANWIND_G01,G,8/15/2026 4:36:00 AM,8/15/2026 4:40:00 AM,MIN_OPERATING_MW,1.20,
8/15/2026 4:40:00 AM,RTD,CLUZ,03TANWIND_G01,G,8/15/2026 4:41:00 AM,8/15/2026 4:45:00 AM,MAX_OPERATING_MW,1.20,
8/15/2026 4:40:00 AM,RTD,CLUZ,03TANWIND_G01,G,8/15/2026 4:41:00 AM,8/15/2026 4:45:00 AM,MIN_OPERATING_MW,1.20,
8/15/2026 4:40:00 AM,RTD,CMIN,10LIAN_G02,G,8/15/2026,8/15/2026 11:59:00 PM,MAX_OPERATING_MW,6.60,
8/15/2026 4:40:00 AM,RTD,CMIN,10LIAN_G02,G,8/15/2026,8/15/2026 11:59:00 PM,MIN_OPERATING_MW,6.60,
8/15/2026 4:45:00 AM,RTD,CLUZ,01TERRASOL_G01,G,8/15/2026 4:01:00 AM,8/15/2026 5:00:00 AM,MAX_OPERATING_MW,150,
8/15/2026 4:45:00 AM,RTD,CLUZ,01TERRASOL_G01,G,8/15/2026 4:01:00 AM,8/15/2026 5:00:00 AM,MIN_OPERATING_MW,150,
8/15/2026 4:45:00 AM,RTD,CLUZ,03TANWIND_G01,G,8/15/2026 4:41:00 AM,8/15/2026 4:45:00 AM,MAX_OPERATING_MW,1.20,
8/15/2026 4:45:00 AM,RTD,CLUZ,03TANWIND_G01,G,8/15/2026 4:41:00 AM,8/15/2026 4:45:00 AM,MIN_OPERATING_MW,1.20,
8/15/2026 4:45:00 AM,RTD,CLUZ,03TANWIND_G01,G,8/15/2026 4:46:00 AM,8/15/2026 4:50:00 AM,MAX_OPERATING_MW,1.20,
8/15/2026 4:45:00 AM,RTD,CLUZ,03TANWIND_G01,G,8/15/2026 4:46:00 AM,8/15/2026 4:50:00 AM,MIN_OPERATING_MW,1.20,
8/15/2026 4:45:00 AM,RTD,CMIN,10LIAN_G02,G,8/15/2026,8/15/2026 11:59:00 PM,MAX_OPERATING_MW,6.60,
8/15/2026 4:45:00 AM,RTD,CMIN,10LIAN_G02,G,8/15/2026,8/15/2026 11:59:00 PM,MIN_OPERATING_MW,6.60,
8/15/2026 4:50:00 AM,RTD,CLUZ,01TERRASOL_G01,G,8/15/2026 4:01:00 AM,8/15/2026 5:00:00 AM,MAX_OPERATING_MW,150,
8/15/2026 4:50:00 AM,RTD,CLUZ,01TERRASOL_G01,G,8/15/2026 4:01:00 AM,8/15/2026 5:00:00 AM,MIN_OPERATING_MW,150,
8/15/2026 4:50:00 AM,RTD,CLUZ,03TANWIND_G01,G,8/15/2026 4:46:00 AM,8/15/2026 4:50:00 AM,MAX_OPERATING_MW,1.20,
8/15/2026 4:50:00 AM,RTD,CLUZ,03TANWIND_G01,G,8/15/2026 4:46:00 AM,8/15/2026 4:50:00 AM,MIN_OPERATING_MW,1.20,
8/15/2026 4:50:00 AM,RTD,CLUZ,03TANWIND_G01,G,8/15/2026 4:51:00 AM,8/15/2026 4:55:00 AM,MAX_OPERATING_MW,1.20,
8/15/2026 4:50:00 AM,RTD,CLUZ,03TANWIND_G01,G,8/15/2026 4:51:00 AM,8/15/2026 4:55:00 AM,MIN_OPERATING_MW,1.20,
8/15/2026 4:50:00 AM,RTD,CMIN,10LIAN_G02,G,8/15/2026,8/15/2026 11:59:00 PM,MAX_OPERATING_MW,6.60,
8/15/2026 4:50:00 AM,RTD,CMIN,10LIAN_G02,G,8/15/2026,8/15/2026 11:59:00 PM,MIN_OPERATING_MW,6.60,
8/15/2026 4:55:00 AM,RTD,CLUZ,01TERRASOL_G01,G,8/15/2026 4:01:00 AM,8/15/2026 5:00:00 AM,MAX_OPERATING_MW,150,
8/15/2026 4:55:00 AM,RTD,CLUZ,01TERRASOL_G01,G,8/15/2026 4:01:00 AM,8/15/2026 5:00:00 AM,MIN_OPERATING_MW,150,
8/15/2026 4:55:00 AM,RTD,CLUZ,03TANWIND_G01,G,8/15/2026 4:51:00 AM,8/15/2026 4:55:00 AM,MAX_OPERATING_MW,1.20,
8/15/2026 4:55:00 AM,RTD,CLUZ,03TANWIND_G01,G,8/15/2026 4:51:00 AM,8/15/2026 4:55:00 AM,MIN_OPERATING_MW,1.20,
8/15/2026 4:55:00 AM,RTD,CLUZ,03TANWIND_G01,G,8/15/2026 4:56:00 AM,8/15/2026 5:00:00 AM,MAX_OPERATING_MW,1.20,
8/15/2026 4:55:00 AM,RTD,CLUZ,03TANWIND_G01,G,8/15/2026 4:56:00 AM,8/15/2026 5:00:00 AM,MIN_OPERATING_MW,1.20,
8/15/2026 4:55:00 AM,RTD,CMIN,10LIAN_G02,G,8/15/2026,8/15/2026 11:59:00 PM,MAX_OPERATING_MW,6.60,
8/15/2026 4:55:00 AM,RTD,CMIN,10LIAN_G02,G,8/15/2026,8/15/2026 11:59:00 PM,MIN_OPERATING_MW,6.60,
8/15/2026 5:00:00 AM,RTD,CLUZ,01CONSOL_G01,G,8/15/2026 5:01:00 AM,8/15/2026 5:05:00 AM,MAX_OPERATING_MW,0,
8/15/2026 5:00:00 AM,RTD,CLUZ,01CONSOL_G01,G,8/15/2026 5:01:00 AM,8/15/2026 5:05:00 AM,MIN_OPERATING_MW,0,
8/15/2026 5:00:00 AM,RTD,CLUZ,01PASBUSOL_G01,G,8/15/2026 5:01:00 AM,8/15/2026 6:00:00 AM,MAX_OPERATING_MW,0.24,
8/15/2026 5:00:00 AM,RTD,CLUZ,01PASBUSOL_G01,G,8/15/2026 5:01:00 AM,8/15/2026 6:00:00 AM,MIN_OPERATING_MW,0.24,
8/15/2026 5:00:00 AM,RTD,CLUZ,01TERRASOL_G01,G,8/15/2026 4:01:00 AM,8/15/2026 5:00:00 AM,MAX_OPERATING_MW,150,
8/15/2026 5:00:00 AM,RTD,CLUZ,01TERRASOL_G01,G,8/15/2026 4:01:00 AM,8/15/2026 5:00:00 AM,MIN_OPERATING_MW,150,
8/15/2026 5:00:00 AM,RTD,CLUZ,01TERRASOL_G01,G,8/15/2026 5:01:00 AM,8/15/2026 5:45:00 AM,MAX_OPERATING_MW,200,
8/15/2026 5:00:00 AM,RTD,CLUZ,01TERRASOL_G01,G,8/15/2026 5:01:00 AM,8/15/2026 5:45:00 AM,MIN_OPERATING_MW,200,
8/15/2026 5:00:00 AM,RTD,CLUZ,03TANWIND_G01,G,8/15/2026 4:56:00 AM,8/15/2026 5:00:00 AM,MAX_OPERATING_MW,1.20,
8/15/2026 5:00:00 AM,RTD,CLUZ,03TANWIND_G01,G,8/15/2026 4:56:00 AM,8/15/2026 5:00:00 AM,MIN_OPERATING_MW,1.20,
8/15/2026 5:00:00 AM,RTD,CLUZ,03TANWIND_G01,G,8/15/2026 5:01:00 AM,8/15/2026 5:05:00 AM,MAX_OPERATING_MW,1.60,
8/15/2026 5:00:00 AM,RTD,CLUZ,03TANWIND_G01,G,8/15/2026 5:01:00 AM,8/15/2026 5:05:00 AM,MIN_OPERATING_MW,1.60,
8/15/2026 5:00:00 AM,RTD,CVIS,04ISIDROSOL_G01,G,8/15/2026 5:01:00 AM,8/15/2026 6:00:00 AM,MAX_OPERATING_MW,0.60,
8/15/2026 5:00:00 AM,RTD,CVIS,04ISIDROSOL_G01,G,8/15/2026 5:01:00 AM,8/15/2026 6:00:00 AM,MIN_OPERATING_MW,0.60,
8/15/2026 5:00:00 AM,RTD,CVIS,06SLYSOL_G02,G,8/15/2026 5:01:00 AM,8/15/2026 6:00:00 AM,MAX_OPERATING_MW,0.09,
8/15/2026 5:00:00 AM,RTD,CVIS,06SLYSOL_G02,G,8/15/2026 5:01:00 AM,8/15/2026 6:00:00 AM,MIN_OPERATING_MW,0.09,
8/15/2026 5:00:00 AM,RTD,CVIS,06SLYSOL_G03,G,8/15/2026 5:01:00 AM,8/15/2026 6:00:00 AM,MAX_OPERATING_MW,0.07,
8/15/2026 5:00:00 AM,RTD,CVIS,06SLYSOL_G03,G,8/15/2026 5:01:00 AM,8/15/2026 6:00:00 AM,MIN_OPERATING_MW,0.07,
8/15/2026 5:00:00 AM,RTD,CMIN,10LIAN_G02,G,8/15/2026,8/15/2026 11:59:00 PM,MAX_OPERATING_MW,6.60,
8/15/2026 5:00:00 AM,RTD,CMIN,10LIAN_G02,G,8/15/2026,8/15/2026 11:59:00 PM,MIN_OPERATING_MW,6.60,
8/15/2026 5:05:00 AM,RTD,CLUZ,01CONSOL_G01,G,8/15/2026 5:01:00 AM,8/15/2026 5:05:00 AM,MAX_OPERATING_MW,0,
8/15/2026 5:05:00 AM,RTD,CLUZ,01CONSOL_G01,G,8/15/2026 5:01:00 AM,8/15/2026 5:05:00 AM,MIN_OPERATING_MW,0,
8/15/2026 5:05:00 AM,RTD,CLUZ,01CONSOL_G01,G,8/15/2026 5:06:00 AM,8/15/2026 5:10:00 AM,MAX_OPERATING_MW,0,
8/15/2026 5:05:00 AM,RTD,CLUZ,01CONSOL_G01,G,8/15/2026 5:06:00 AM,8/15/2026 5:10:00 AM,MIN_OPERATING_MW,0,
8/15/2026 5:05:00 AM,RTD,CLUZ,01PASBUSOL_G01,G,8/15/2026 5:01:00 AM,8/15/2026 6:00:00 AM,MAX_OPERATING_MW,0.24,
8/15/2026 5:05:00 AM,RTD,CLUZ,01PASBUSOL_G01,G,8/15/2026 5:01:00 AM,8/15/2026 6:00:00 AM,MIN_OPERATING_MW,0.24,
8/15/2026 5:05:00 AM,RTD,CLUZ,01TERRASOL_G01,G,8/15/2026 5:01:00 AM,8/15/2026 5:45:00 AM,MAX_OPERATING_MW,200,
8/15/2026 5:05:00 AM,RTD,CLUZ,01TERRASOL_G01,G,8/15/2026 5:01:00 AM,8/15/2026 5:45:00 AM,MIN_OPERATING_MW,200,
8/15/2026 5:05:00 AM,RTD,CLUZ,03TANWIND_G01,G,8/15/2026 5:01:00 AM,8/15/2026 5:05:00 AM,MAX_OPERATING_MW,1.60,
8/15/2026 5:05:00 AM,RTD,CLUZ,03TANWIND_G01,G,8/15/2026 5:01:00 AM,8/15/2026 5:05:00 AM,MIN_OPERATING_MW,1.60,
8/15/2026 5:05:00 AM,RTD,CLUZ,03TANWIND_G01,G,8/15/2026 5:06:00 AM,8/15/2026 5:10:00 AM,MAX_OPERATING_MW,1.60,
8/15/2026 5:05:00 AM,RTD,CLUZ,03TANWIND_G01,G,8/15/2026 5:06:00 AM,8/15/2026 5:10:00 AM,MIN_OPERATING_MW,1.60,
8/15/2026 5:05:00 AM,RTD,CVIS,04ISIDROSOL_G01,G,8/15/2026 5:01:00 AM,8/15/2026 6:00:00 AM,MAX_OPERATING_MW,0.60,
8/15/2026 5:05:00 AM,RTD,CVIS,04ISIDROSOL_G01,G,8/15/2026 5:01:00 AM,8/15/2026 6:00:00 AM,MIN_OPERATING_MW,0.60,
8/15/2026 5:05:00 AM,RTD,CVIS,06SLYSOL_G02,G,8/15/2026 5:01:00 AM,8/15/2026 6:00:00 AM,MAX_OPERATING_MW,0.09,
8/15/2026 5:05:00 AM,RTD,CVIS,06SLYSOL_G02,G,8/15/2026 5:01:00 AM,8/15/2026 6:00:00 AM,MIN_OPERATING_MW,0.09,
8/15/2026 5:05:00 AM,RTD,CVIS,06SLYSOL_G03,G,8/15/2026 5:01:00 AM,8/15/2026 6:00:00 AM,MAX_OPERATING_MW,0.07,
8/15/2026 5:05:00 AM,RTD,CVIS,06SLYSOL_G03,G,8/15/2026 5:01:00 AM,8/15/2026 6:00:00 AM,MIN_OPERATING_MW,0.07,
8/15/2026 5:05:00 AM,RTD,CMIN,10LIAN_G02,G,8/15/2026,8/15/2026 11:59:00 PM,MAX_OPERATING_MW,6.60,
8/15/2026 5:05:00 AM,RTD,CMIN,10LIAN_G02,G,8/15/2026,8/15/2026 11:59:00 PM,MIN_OPERATING_MW,6.60,
8/15/2026 5:10:00 AM,RTD,CLUZ,01CONSOL_G01,G,8/15/2026 5:06:00 AM,8/15/2026 5:10:00 AM,MAX_OPERATING_MW,0,
8/15/2026 5:10:00 AM,RTD,CLUZ,01CONSOL_G01,G,8/15/2026 5:06:00 AM,8/15/2026 5:10:00 AM,MIN_OPERATING_MW,0,
8/15/2026 5:10:00 AM,RTD,CLUZ,01CONSOL_G01,G,8/15/2026 5:11:00 AM,8/15/2026 5:15:00 AM,MAX_OPERATING_MW,0,
8/15/2026 5:10:00 AM,RTD,CLUZ,01CONSOL_G01,G,8/15/2026 5:11:00 AM,8/15/2026 5:15:00 AM,MIN_OPERATING_MW,0,
8/15/2026 5:10:00 AM,RTD,CLUZ,01PASBUSOL_G01,G,8/15/2026 5:01:00 AM,8/15/2026 6:00:00 AM,MAX_OPERATING_MW,0.24,
8/15/2026 5:10:00 AM,RTD,CLUZ,01PASBUSOL_G01,G,8/15/2026 5:01:00 AM,8/15/2026 6:00:00 AM,MIN_OPERATING_MW,0.24,
8/15/2026 5:10:00 AM,RTD,CLUZ,01TERRASOL_G01,G,8/15/2026 5:01:00 AM,8/15/2026 5:45:00 AM,MAX_OPERATING_MW,200,
8/15/2026 5:10:00 AM,RTD,CLUZ,01TERRASOL_G01,G,8/15/2026 5:01:00 AM,8/15/2026 5:45:00 AM,MIN_OPERATING_MW,200,
8/15/2026 5:10:00 AM,RTD,CLUZ,03TANWIND_G01,G,8/15/2026 5:06:00 AM,8/15/2026 5:10:00 AM,MAX_OPERATING_MW,1.60,
8/15/2026 5:10:00 AM,RTD,CLUZ,03TANWIND_G01,G,8/15/2026 5:06:00 AM,8/15/2026 5:10:00 AM,MIN_OPERATING_MW,1.60,
8/15/2026 5:10:00 AM,RTD,CLUZ,03TANWIND_G01,G,8/15/2026 5:11:00 AM,8/15/2026 5:15:00 AM,MAX_OPERATING_MW,1.60,
8/15/2026 5:10:00 AM,RTD,CLUZ,03TANWIND_G01,G,8/15/2026 5:11:00 AM,8/15/2026 5:15:00 AM,MIN_OPERATING_MW,1.60,
8/15/2026 5:10:00 AM,RTD,CVIS,04ISIDROSOL_G01,G,8/15/2026 5:01:00 AM,8/15/2026 6:00:00 AM,MAX_OPERATING_MW,0.60,
8/15/2026 5:10:00 AM,RTD,CVIS,04ISIDROSOL_G01,G,8/15/2026 5:01:00 AM,8/15/2026 6:00:00 AM,MIN_OPERATING_MW,0.60,
8/15/2026 5:10:00 AM,RTD,CVIS,06SLYSOL_G02,G,8/15/2026 5:01:00 AM,8/15/2026 6:00:00 AM,MAX_OPERATING_MW,0.09,
8/15/2026 5:10:00 AM,RTD,CVIS,06SLYSOL_G02,G,8/15/2026 5:01:00 AM,8/15/2026 6:00:00 AM,MIN_OPERATING_MW,0.09,
8/15/2026 5:10:00 AM,RTD,CVIS,06SLYSOL_G03,G,8/15/2026 5:01:00 AM,8/15/2026 6:00:00 AM,MAX_OPERATING_MW,0.07,
8/15/2026 5:10:00 AM,RTD,CVIS,06SLYSOL_G03,G,8/15/2026 5:01:00 AM,8/15/2026 6:00:00 AM,MIN_OPERATING_MW,0.07,
8/15/2026 5:10:00 AM,RTD,CMIN,10LIAN_G02,G,8/15/2026,8/15/2026 11:59:00 PM,MAX_OPERATING_MW,6.60,
8/15/2026 5:10:00 AM,RTD,CMIN,10LIAN_G02,G,8/15/2026,8/15/2026 11:59:00 PM,MIN_OPERATING_MW,6.60,
8/15/2026 5:15:00 AM,RTD,CLUZ,01CONSOL_G01,G,8/15/2026 5:11:00 AM,8/15/2026 5:15:00 AM,MAX_OPERATING_MW,0,
8/15/2026 5:15:00 AM,RTD,CLUZ,01CONSOL_G01,G,8/15/2026 5:11:00 AM,8/15/2026 5:15:00 AM,MIN_OPERATING_MW,0,
8/15/2026 5:15:00 AM,RTD,CLUZ,01CONSOL_G01,G,8/15/2026 5:16:00 AM,8/15/2026 5:20:00 AM,MAX_OPERATING_MW,0,
8/15/2026 5:15:00 AM,RTD,CLUZ,01CONSOL_G01,G,8/15/2026 5:16:00 AM,8/15/2026 5:20:00 AM,MIN_OPERATING_MW,0,
8/15/2026 5:15:00 AM,RTD,CLUZ,01PASBUSOL_G01,G,8/15/2026 5:01:00 AM,8/15/2026 6:00:00 AM,MAX_OPERATING_MW,0.24,
8/15/2026 5:15:00 AM,RTD,CLUZ,01PASBUSOL_G01,G,8/15/2026 5:01:00 AM,8/15/2026 6:00:00 AM,MIN_OPERATING_MW,0.24,
8/15/2026 5:15:00 AM,RTD,CLUZ,01TERRASOL_G01,G,8/15/2026 5:01:00 AM,8/15/2026 5:45:00 AM,MAX_OPERATING_MW,200,
8/15/2026 5:15:00 AM,RTD,CLUZ,01TERRASOL_G01,G,8/15/2026 5:01:00 AM,8/15/2026 5:45:00 AM,MIN_OPERATING_MW,200,
8/15/2026 5:15:00 AM,RTD,CLUZ,03TANWIND_G01,G,8/15/2026 5:11:00 AM,8/15/2026 5:15:00 AM,MAX_OPERATING_MW,1.60,
8/15/2026 5:15:00 AM,RTD,CLUZ,03TANWIND_G01,G,8/15/2026 5:11:00 AM,8/15/2026 5:15:00 AM,MIN_OPERATING_MW,1.60,
8/15/2026 5:15:00 AM,RTD,CLUZ,03TANWIND_G01,G,8/15/2026 5:16:00 AM,8/15/2026 5:20:00 AM,MAX_OPERATING_MW,1.60,
8/15/2026 5:15:00 AM,RTD,CLUZ,03TANWIND_G01,G,8/15/2026 5:16:00 AM,8/15/2026 5:20:00 AM,MIN_OPERATING_MW,1.60,
8/15/2026 5:15:00 AM,RTD,CVIS,04ISIDROSOL_G01,G,8/15/2026 5:01:00 AM,8/15/2026 6:00:00 AM,MAX_OPERATING_MW,0.60,
8/15/2026 5:15:00 AM,RTD,CVIS,04ISIDROSOL_G01,G,8/15/2026 5:01:00 AM,8/15/2026 6:00:00 AM,MIN_OPERATING_MW,0.60,
8/15/2026 5:15:00 AM,RTD,CVIS,06SLYSOL_G02,G,8/15/2026 5:01:00 AM,8/15/2026 6:00:00 AM,MAX_OPERATING_MW,0.09,
8/15/2026 5:15:00 AM,RTD,CVIS,06SLYSOL_G02,G,8/15/2026 5:01:00 AM,8/15/2026 6:00:00 AM,MIN_OPERATING_MW,0.09,
8/15/2026 5:15:00 AM,RTD,CVIS,06SLYSOL_G03,G,8/15/2026 5:01:00 AM,8/15/2026 6:00:00 AM,MAX_OPERATING_MW,0.07,
8/15/2026 5:15:00 AM,RTD,CVIS,06SLYSOL_G03,G,8/15/2026 5:01:00 AM,8/15/2026 6:00:00 AM,MIN_OPERATING_MW,0.07,
8/15/2026 5:15:00 AM,RTD,CMIN,10LIAN_G02,G,8/15/2026,8/15/2026 11:59:00 PM,MAX_OPERATING_MW,6.60,
8/15/2026 5:15:00 AM,RTD,CMIN,10LIAN_G02,G,8/15/2026,8/15/2026 11:59:00 PM,MIN_OPERATING_MW,6.60,
8/15/2026 5:20:00 AM,RTD,CLUZ,01CONSOL_G01,G,8/15/2026 5:16:00 AM,8/15/2026 5:20:00 AM,MAX_OPERATING_MW,0,
8/15/2026 5:20:00 AM,RTD,CLUZ,01CONSOL_G01,G,8/15/2026 5:16:00 AM,8/15/2026 5:20:00 AM,MIN_OPERATING_MW,0,
8/15/2026 5:20:00 AM,RTD,CLUZ,01CONSOL_G01,G,8/15/2026 5:21:00 AM,8/15/2026 5:25:00 AM,MAX_OPERATING_MW,0,
8/15/2026 5:20:00 AM,RTD,CLUZ,01CONSOL_G01,G,8/15/2026 5:21:00 AM,8/15/2026 5:25:00 AM,MIN_OPERATING_MW,0,
8/15/2026 5:20:00 AM,RTD,CLUZ,01PASBUSOL_G01,G,8/15/2026 5:01:00 AM,8/15/2026 6:00:00 AM,MAX_OPERATING_MW,0.24,
8/15/2026 5:20:00 AM,RTD,CLUZ,01PASBUSOL_G01,G,8/15/2026 5:01:00 AM,8/15/2026 6:00:00 AM,MIN_OPERATING_MW,0.24,
8/15/2026 5:20:00 AM,RTD,CLUZ,01TERRASOL_G01,G,8/15/2026 5:01:00 AM,8/15/2026 5:45:00 AM,MAX_OPERATING_MW,200,
8/15/2026 5:20:00 AM,RTD,CLUZ,01TERRASOL_G01,G,8/15/2026 5:01:00 AM,8/15/2026 5:45:00 AM,MIN_OPERATING_MW,200,
8/15/2026 5:20:00 AM,RTD,CLUZ,03TANWIND_G01,G,8/15/2026 5:16:00 AM,8/15/2026 5:20:00 AM,MAX_OPERATING_MW,1.60,
8/15/2026 5:20:00 AM,RTD,CLUZ,03TANWIND_G01,G,8/15/2026 5:16:00 AM,8/15/2026 5:20:00 AM,MIN_OPERATING_MW,1.60,
8/15/2026 5:20:00 AM,RTD,CLUZ,03TANWIND_G01,G,8/15/2026 5:21:00 AM,8/15/2026 5:25:00 AM,MAX_OPERATING_MW,1.60,
8/15/2026 5:20:00 AM,RTD,CLUZ,03TANWIND_G01,G,8/15/2026 5:21:00 AM,8/15/2026 5:25:00 AM,MIN_OPERATING_MW,1.60,
8/15/2026 5:20:00 AM,RTD,CVIS,04ISIDROSOL_G01,G,8/15/2026 5:01:00 AM,8/15/2026 6:00:00 AM,MAX_OPERATING_MW,0.60,
8/15/2026 5:20:00 AM,RTD,CVIS,04ISIDROSOL_G01,G,8/15/2026 5:01:00 AM,8/15/2026 6:00:00 AM,MIN_OPERATING_MW,0.60,
8/15/2026 5:20:00 AM,RTD,CVIS,06SLYSOL_G02,G,8/15/2026 5:01:00 AM,8/15/2026 6:00:00 AM,MAX_OPERATING_MW,0.09,
8/15/2026 5:20:00 AM,RTD,CVIS,06SLYSOL_G02,G,8/15/2026 5:01:00 AM,8/15/2026 6:00:00 AM,MIN_OPERATING_MW,0.09,
8/15/2026 5:20:00 AM,RTD,CVIS,06SLYSOL_G03,G,8/15/2026 5:01:00 AM,8/15/2026 6:00:00 AM,MAX_OPERATING_MW,0.07,
8/15/2026 5:20:00 AM,RTD,CVIS,06SLYSOL_G03,G,8/15/2026 5:01:00 AM,8/15/2026 6:00:00 AM,MIN_OPERATING_MW,0.07,
8/15/2026 5:20:00 AM,RTD,CMIN,10LIAN_G02,G,8/15/2026,8/15/2026 11:59:00 PM,MAX_OPERATING_MW,6.60,
8/15/2026 5:20:00 AM,RTD,CMIN,10LIAN_G02,G,8/15/2026,8/15/2026 11:59:00 PM,MIN_OPERATING_MW,6.60,
8/15/2026 5:25:00 AM,RTD,CLUZ,01CONSOL_G01,G,8/15/2026 5:21:00 AM,8/15/2026 5:25:00 AM,MAX_OPERATING_MW,0,
8/15/2026 5:25:00 AM,RTD,CLUZ,01CONSOL_G01,G,8/15/2026 5:21:00 AM,8/15/2026 5:25:00 AM,MIN_OPERATING_MW,0,
8/15/2026 5:25:00 AM,RTD,CLUZ,01CONSOL_G01,G,8/15/2026 5:26:00 AM,8/15/2026 5:30:00 AM,MAX_OPERATING_MW,0,
8/15/2026 5:25:00 AM,RTD,CLUZ,01CONSOL_G01,G,8/15/2026 5:26:00 AM,8/15/2026 5:30:00 AM,MIN_OPERATING_MW,0,
8/15/2026 5:25:00 AM,RTD,CLUZ,01PASBUSOL_G01,G,8/15/2026 5:01:00 AM,8/15/2026 6:00:00 AM,MAX_OPERATING_MW,0.24,
8/15/2026 5:25:00 AM,RTD,CLUZ,01PASBUSOL_G01,G,8/15/2026 5:01:00 AM,8/15/2026 6:00:00 AM,MIN_OPERATING_MW,0.24,
8/15/2026 5:25:00 AM,RTD,CLUZ,01TERRASOL_G01,G,8/15/2026 5:01:00 AM,8/15/2026 5:45:00 AM,MAX_OPERATING_MW,200,
8/15/2026 5:25:00 AM,RTD,CLUZ,01TERRASOL_G01,G,8/15/2026 5:01:00 AM,8/15/2026 5:45:00 AM,MIN_OPERATING_MW,200,
8/15/2026 5:25:00 AM,RTD,CLUZ,03TANWIND_G01,G,8/15/2026 5:21:00 AM,8/15/2026 5:25:00 AM,MAX_OPERATING_MW,1.60,
8/15/2026 5:25:00 AM,RTD,CLUZ,03TANWIND_G01,G,8/15/2026 5:21:00 AM,8/15/2026 5:25:00 AM,MIN_OPERATING_MW,1.60,
8/15/2026 5:25:00 AM,RTD,CLUZ,03TANWIND_G01,G,8/15/2026 5:26:00 AM,8/15/2026 5:30:00 AM,MAX_OPERATING_MW,1.60,
8/15/2026 5:25:00 AM,RTD,CLUZ,03TANWIND_G01,G,8/15/2026 5:26:00 AM,8/15/2026 5:30:00 AM,MIN_OPERATING_MW,1.60,
8/15/2026 5:25:00 AM,RTD,CVIS,04ISIDROSOL_G01,G,8/15/2026 5:01:00 AM,8/15/2026 6:00:00 AM,MAX_OPERATING_MW,0.60,
8/15/2026 5:25:00 AM,RTD,CVIS,04ISIDROSOL_G01,G,8/15/2026 5:01:00 AM,8/15/2026 6:00:00 AM,MIN_OPERATING_MW,0.60,
8/15/2026 5:25:00 AM,RTD,CVIS,06SLYSOL_G02,G,8/15/2026 5:01:00 AM,8/15/2026 6:00:00 AM,MAX_OPERATING_MW,0.09,
8/15/2026 5:25:00 AM,RTD,CVIS,06SLYSOL_G02,G,8/15/2026 5:01:00 AM,8/15/2026 6:00:00 AM,MIN_OPERATING_MW,0.09,
8/15/2026 5:25:00 AM,RTD,CVIS,06SLYSOL_G03,G,8/15/2026 5:01:00 AM,8/15/2026 6:00:00 AM,MAX_OPERATING_MW,0.07,
8/15/2026 5:25:00 AM,RTD,CVIS,06SLYSOL_G03,G,8/15/2026 5:01:00 AM,8/15/2026 6:00:00 AM,MIN_OPERATING_MW,0.07,
8/15/2026 5:25:00 AM,RTD,CMIN,10LIAN_G02,G,8/15/2026,8/15/2026 11:59:00 PM,MAX_OPERATING_MW,6.60,
8/15/2026 5:25:00 AM,RTD,CMIN,10LIAN_G02,G,8/15/2026,8/15/2026 11:59:00 PM,MIN_OPERATING_MW,6.60,
8/15/2026 5:30:00 AM,RTD,CLUZ,01CONSOL_G01,G,8/15/2026 5:26:00 AM,8/15/2026 5:30:00 AM,MAX_OPERATING_MW,0,
8/15/2026 5:30:00 AM,RTD,CLUZ,01CONSOL_G01,G,8/15/2026 5:26:00 AM,8/15/2026 5:30:00 AM,MIN_OPERATING_MW,0,
8/15/2026 5:30:00 AM,RTD,CLUZ,01CONSOL_G01,G,8/15/2026 5:31:00 AM,8/15/2026 5:35:00 AM,MAX_OPERATING_MW,0,
8/15/2026 5:30:00 AM,RTD,CLUZ,01CONSOL_G01,G,8/15/2026 5:31:00 AM,8/15/2026 5:35:00 AM,MIN_OPERATING_MW,0,
8/15/2026 5:30:00 AM,RTD,CLUZ,01PASBUSOL_G01,G,8/15/2026 5:01:00 AM,8/15/2026 6:00:00 AM,MAX_OPERATING_MW,0.24,
8/15/2026 5:30:00 AM,RTD,CLUZ,01PASBUSOL_G01,G,8/15/2026 5:01:00 AM,8/15/2026 6:00:00 AM,MIN_OPERATING_MW,0.24,
8/15/2026 5:30:00 AM,RTD,CLUZ,01TERRASOL_G01,G,8/15/2026 5:01:00 AM,8/15/2026 5:45:00 AM,MAX_OPERATING_MW,200,
8/15/2026 5:30:00 AM,RTD,CLUZ,01TERRASOL_G01,G,8/15/2026 5:01:00 AM,8/15/2026 5:45:00 AM,MIN_OPERATING_MW,200,
8/15/2026 5:30:00 AM,RTD,CLUZ,03LUNSOL_G01,G,8/15/2026 5:31:00 AM,8/15/2026 5:35:00 AM,MAX_OPERATING_MW,0.01,
8/15/2026 5:30:00 AM,RTD,CLUZ,03LUNSOL_G01,G,8/15/2026 5:31:00 AM,8/15/2026 5:35:00 AM,MIN_OPERATING_MW,0.01,
8/15/2026 5:30:00 AM,RTD,CLUZ,03TANWIND_G01,G,8/15/2026 5:26:00 AM,8/15/2026 5:30:00 AM,MAX_OPERATING_MW,1.60,
8/15/2026 5:30:00 AM,RTD,CLUZ,03TANWIND_G01,G,8/15/2026 5:26:00 AM,8/15/2026 5:30:00 AM,MIN_OPERATING_MW,1.60,
8/15/2026 5:30:00 AM,RTD,CLUZ,03TANWIND_G01,G,8/15/2026 5:31:00 AM,8/15/2026 5:35:00 AM,MAX_OPERATING_MW,1.60,
8/15/2026 5:30:00 AM,RTD,CLUZ,03TANWIND_G01,G,8/15/2026 5:31:00 AM,8/15/2026 5:35:00 AM,MIN_OPERATING_MW,1.60,
8/15/2026 5:30:00 AM,RTD,CVIS,04ISIDROSOL_G01,G,8/15/2026 5:01:00 AM,8/15/2026 6:00:00 AM,MAX_OPERATING_MW,0.60,
8/15/2026 5:30:00 AM,RTD,CVIS,04ISIDROSOL_G01,G,8/15/2026 5:01:00 AM,8/15/2026 6:00:00 AM,MIN_OPERATING_MW,0.60,
8/15/2026 5:30:00 AM,RTD,CVIS,06SLYSOL_G02,G,8/15/2026 5:01:00 AM,8/15/2026 6:00:00 AM,MAX_OPERATING_MW,0.09,
8/15/2026 5:30:00 AM,RTD,CVIS,06SLYSOL_G02,G,8/15/2026 5:01:00 AM,8/15/2026 6:00:00 AM,MIN_OPERATING_MW,0.09,
8/15/2026 5:30:00 AM,RTD,CVIS,06SLYSOL_G03,G,8/15/2026 5:01:00 AM,8/15/2026 6:00:00 AM,MAX_OPERATING_MW,0.07,
8/15/2026 5:30:00 AM,RTD,CVIS,06SLYSOL_G03,G,8/15/2026 5:01:00 AM,8/15/2026 6:00:00 AM,MIN_OPERATING_MW,0.07,
8/15/2026 5:30:00 AM,RTD,CMIN,10LIAN_G02,G,8/15/2026,8/15/2026 11:59:00 PM,MAX_OPERATING_MW,6.60,
8/15/2026 5:30:00 AM,RTD,CMIN,10LIAN_G02,G,8/15/2026,8/15/2026 11:59:00 PM,MIN_OPERATING_MW,6.60,
8/15/2026 5:35:00 AM,RTD,CLUZ,01CONSOL_G01,G,8/15/2026 5:31:00 AM,8/15/2026 5:35:00 AM,MAX_OPERATING_MW,0,
8/15/2026 5:35:00 AM,RTD,CLUZ,01CONSOL_G01,G,8/15/2026 5:31:00 AM,8/15/2026 5:35:00 AM,MIN_OPERATING_MW,0,
8/15/2026 5:35:00 AM,RTD,CLUZ,01CONSOL_G01,G,8/15/2026 5:36:00 AM,8/15/2026 5:40:00 AM,MAX_OPERATING_MW,0,
8/15/2026 5:35:00 AM,RTD,CLUZ,01CONSOL_G01,G,8/15/2026 5:36:00 AM,8/15/2026 5:40:00 AM,MIN_OPERATING_MW,0,
8/15/2026 5:35:00 AM,RTD,CLUZ,01PASBUSOL_G01,G,8/15/2026 5:01:00 AM,8/15/2026 6:00:00 AM,MAX_OPERATING_MW,0.24,
8/15/2026 5:35:00 AM,RTD,CLUZ,01PASBUSOL_G01,G,8/15/2026 5:01:00 AM,8/15/2026 6:00:00 AM,MIN_OPERATING_MW,0.24,
8/15/2026 5:35:00 AM,RTD,CLUZ,01TERRASOL_G01,G,8/15/2026 5:01:00 AM,8/15/2026 5:45:00 AM,MAX_OPERATING_MW,200,
8/15/2026 5:35:00 AM,RTD,CLUZ,01TERRASOL_G01,G,8/15/2026 5:01:00 AM,8/15/2026 5:45:00 AM,MIN_OPERATING_MW,200,
8/15/2026 5:35:00 AM,RTD,CLUZ,03LUNSOL_G01,G,8/15/2026 5:31:00 AM,8/15/2026 5:35:00 AM,MAX_OPERATING_MW,0.01,
8/15/2026 5:35:00 AM,RTD,CLUZ,03LUNSOL_G01,G,8/15/2026 5:31:00 AM,8/15/2026 5:35:00 AM,MIN_OPERATING_MW,0.01,
8/15/2026 5:35:00 AM,RTD,CLUZ,03LUNSOL_G01,G,8/15/2026 5:36:00 AM,8/15/2026 5:40:00 AM,MAX_OPERATING_MW,0.01,
8/15/2026 5:35:00 AM,RTD,CLUZ,03LUNSOL_G01,G,8/15/2026 5:36:00 AM,8/15/2026 5:40:00 AM,MIN_OPERATING_MW,0.01,
8/15/2026 5:35:00 AM,RTD,CLUZ,03TANWIND_G01,G,8/15/2026 5:31:00 AM,8/15/2026 5:35:00 AM,MAX_OPERATING_MW,1.60,
8/15/2026 5:35:00 AM,RTD,CLUZ,03TANWIND_G01,G,8/15/2026 5:31:00 AM,8/15/2026 5:35:00 AM,MIN_OPERATING_MW,1.60,
8/15/2026 5:35:00 AM,RTD,CLUZ,03TANWIND_G01,G,8/15/2026 5:36:00 AM,8/15/2026 5:40:00 AM,MAX_OPERATING_MW,1.60,
8/15/2026 5:35:00 AM,RTD,CLUZ,03TANWIND_G01,G,8/15/2026 5:36:00 AM,8/15/2026 5:40:00 AM,MIN_OPERATING_MW,1.60,
8/15/2026 5:35:00 AM,RTD,CVIS,04ISIDROSOL_G01,G,8/15/2026 5:01:00 AM,8/15/2026 6:00:00 AM,MAX_OPERATING_MW,0.60,
8/15/2026 5:35:00 AM,RTD,CVIS,04ISIDROSOL_G01,G,8/15/2026 5:01:00 AM,8/15/2026 6:00:00 AM,MIN_OPERATING_MW,0.60,
8/15/2026 5:35:00 AM,RTD,CVIS,06SLYSOL_G02,G,8/15/2026 5:01:00 AM,8/15/2026 6:00:00 AM,MAX_OPERATING_MW,0.09,
8/15/2026 5:35:00 AM,RTD,CVIS,06SLYSOL_G02,G,8/15/2026 5:01:00 AM,8/15/2026 6:00:00 AM,MIN_OPERATING_MW,0.09,
8/15/2026 5:35:00 AM,RTD,CVIS,06SLYSOL_G03,G,8/15/2026 5:01:00 AM,8/15/2026 6:00:00 AM,MAX_OPERATING_MW,0.07,
8/15/2026 5:35:00 AM,RTD,CVIS,06SLYSOL_G03,G,8/15/2026 5:01:00 AM,8/15/2026 6:00:00 AM,MIN_OPERATING_MW,0.07,
8/15/2026 5:35:00 AM,RTD,CMIN,10LIAN_G02,G,8/15/2026,8/15/2026 11:59:00 PM,MAX_OPERATING_MW,6.60,
8/15/2026 5:35:00 AM,RTD,CMIN,10LIAN_G02,G,8/15/2026,8/15/2026 11:59:00 PM,MIN_OPERATING_MW,6.60,
8/15/2026 5:40:00 AM,RTD,CLUZ,01BUGSOL_G01,G,8/15/2026 5:41:00 AM,8/15/2026 5:45:00 AM,MAX_OPERATING_MW,1.90,
8/15/2026 5:40:00 AM,RTD,CLUZ,01BUGSOL_G01,G,8/15/2026 5:41:00 AM,8/15/2026 5:45:00 AM,MIN_OPERATING_MW,1.90,
8/15/2026 5:40:00 AM,RTD,CLUZ,01CONSOL_G01,G,8/15/2026 5:36:00 AM,8/15/2026 5:40:00 AM,MAX_OPERATING_MW,0,
8/15/2026 5:40:00 AM,RTD,CLUZ,01CONSOL_G01,G,8/15/2026 5:36:00 AM,8/15/2026 5:40:00 AM,MIN_OPERATING_MW,0,
8/15/2026 5:40:00 AM,RTD,CLUZ,01CONSOL_G01,G,8/15/2026 5:41:00 AM,8/15/2026 5:45:00 AM,MAX_OPERATING_MW,0,
8/15/2026 5:40:00 AM,RTD,CLUZ,01CONSOL_G01,G,8/15/2026 5:41:00 AM,8/15/2026 5:45:00 AM,MIN_OPERATING_MW,0,
8/15/2026 5:40:00 AM,RTD,CLUZ,01PASBUSOL_G01,G,8/15/2026 5:01:00 AM,8/15/2026 6:00:00 AM,MAX_OPERATING_MW,0.24,
8/15/2026 5:40:00 AM,RTD,CLUZ,01PASBUSOL_G01,G,8/15/2026 5:01:00 AM,8/15/2026 6:00:00 AM,MIN_OPERATING_MW,0.24,
8/15/2026 5:40:00 AM,RTD,CLUZ,01TERRASOL_G01,G,8/15/2026 5:01:00 AM,8/15/2026 5:45:00 AM,MAX_OPERATING_MW,200,
8/15/2026 5:40:00 AM,RTD,CLUZ,01TERRASOL_G01,G,8/15/2026 5:01:00 AM,8/15/2026 5:45:00 AM,MIN_OPERATING_MW,200,
8/15/2026 5:40:00 AM,RTD,CLUZ,03LUNSOL_G01,G,8/15/2026 5:36:00 AM,8/15/2026 5:40:00 AM,MAX_OPERATING_MW,0.01,
8/15/2026 5:40:00 AM,RTD,CLUZ,03LUNSOL_G01,G,8/15/2026 5:36:00 AM,8/15/2026 5:40:00 AM,MIN_OPERATING_MW,0.01,
8/15/2026 5:40:00 AM,RTD,CLUZ,03LUNSOL_G01,G,8/15/2026 5:41:00 AM,8/15/2026 5:45:00 AM,MAX_OPERATING_MW,0.02,
8/15/2026 5:40:00 AM,RTD,CLUZ,03LUNSOL_G01,G,8/15/2026 5:41:00 AM,8/15/2026 5:45:00 AM,MIN_OPERATING_MW,0.02,
8/15/2026 5:40:00 AM,RTD,CLUZ,03TANWIND_G01,G,8/15/2026 5:36:00 AM,8/15/2026 5:40:00 AM,MAX_OPERATING_MW,1.60,
8/15/2026 5:40:00 AM,RTD,CLUZ,03TANWIND_G01,G,8/15/2026 5:36:00 AM,8/15/2026 5:40:00 AM,MIN_OPERATING_MW,1.60,
8/15/2026 5:40:00 AM,RTD,CLUZ,03TANWIND_G01,G,8/15/2026 5:41:00 AM,8/15/2026 5:45:00 AM,MAX_OPERATING_MW,1.60,
8/15/2026 5:40:00 AM,RTD,CLUZ,03TANWIND_G01,G,8/15/2026 5:41:00 AM,8/15/2026 5:45:00 AM,MIN_OPERATING_MW,1.60,
8/15/2026 5:40:00 AM,RTD,CVIS,04ISIDROSOL_G01,G,8/15/2026 5:01:00 AM,8/15/2026 6:00:00 AM,MAX_OPERATING_MW,0.60,
8/15/2026 5:40:00 AM,RTD,CVIS,04ISIDROSOL_G01,G,8/15/2026 5:01:00 AM,8/15/2026 6:00:00 AM,MIN_OPERATING_MW,0.60,
8/15/2026 5:40:00 AM,RTD,CVIS,06SLYSOL_G02,G,8/15/2026 5:01:00 AM,8/15/2026 6:00:00 AM,MAX_OPERATING_MW,0.09,
8/15/2026 5:40:00 AM,RTD,CVIS,06SLYSOL_G02,G,8/15/2026 5:01:00 AM,8/15/2026 6:00:00 AM,MIN_OPERATING_MW,0.09,
8/15/2026 5:40:00 AM,RTD,CVIS,06SLYSOL_G03,G,8/15/2026 5:01:00 AM,8/15/2026 6:00:00 AM,MAX_OPERATING_MW,0.07,
8/15/2026 5:40:00 AM,RTD,CVIS,06SLYSOL_G03,G,8/15/2026 5:01:00 AM,8/15/2026 6:00:00 AM,MIN_OPERATING_MW,0.07,
8/15/2026 5:40:00 AM,RTD,CMIN,10LIAN_G02,G,8/15/2026,8/15/2026 11:59:00 PM,MAX_OPERATING_MW,6.60,
8/15/2026 5:40:00 AM,RTD,CMIN,10LIAN_G02,G,8/15/2026,8/15/2026 11:59:00 PM,MIN_OPERATING_MW,6.60,
8/15/2026 5:45:00 AM,RTD,CLUZ,01BUGSOL_G01,G,8/15/2026 5:41:00 AM,8/15/2026 5:45:00 AM,MAX_OPERATING_MW,1.90,
8/15/2026 5:45:00 AM,RTD,CLUZ,01BUGSOL_G01,G,8/15/2026 5:41:00 AM,8/15/2026 5:45:00 AM,MIN_OPERATING_MW,1.90,
8/15/2026 5:45:00 AM,RTD,CLUZ,01BUGSOL_G01,G,8/15/2026 5:46:00 AM,8/15/2026 5:50:00 AM,MAX_OPERATING_MW,2.10,
8/15/2026 5:45:00 AM,RTD,CLUZ,01BUGSOL_G01,G,8/15/2026 5:46:00 AM,8/15/2026 5:50:00 AM,MIN_OPERATING_MW,2.10,
8/15/2026 5:45:00 AM,RTD,CLUZ,01CONSOL_G01,G,8/15/2026 5:41:00 AM,8/15/2026 5:45:00 AM,MAX_OPERATING_MW,0,
8/15/2026 5:45:00 AM,RTD,CLUZ,01CONSOL_G01,G,8/15/2026 5:41:00 AM,8/15/2026 5:45:00 AM,MIN_OPERATING_MW,0,
8/15/2026 5:45:00 AM,RTD,CLUZ,01CONSOL_G01,G,8/15/2026 5:46:00 AM,8/15/2026 5:50:00 AM,MAX_OPERATING_MW,0,
8/15/2026 5:45:00 AM,RTD,CLUZ,01CONSOL_G01,G,8/15/2026 5:46:00 AM,8/15/2026 5:50:00 AM,MIN_OPERATING_MW,0,
8/15/2026 5:45:00 AM,RTD,CLUZ,01PASBUSOL_G01,G,8/15/2026 5:01:00 AM,8/15/2026 6:00:00 AM,MAX_OPERATING_MW,0.24,
8/15/2026 5:45:00 AM,RTD,CLUZ,01PASBUSOL_G01,G,8/15/2026 5:01:00 AM,8/15/2026 6:00:00 AM,MIN_OPERATING_MW,0.24,
8/15/2026 5:45:00 AM,RTD,CLUZ,01TERRASOL_G01,G,8/15/2026 5:01:00 AM,8/15/2026 5:45:00 AM,MAX_OPERATING_MW,200,
8/15/2026 5:45:00 AM,RTD,CLUZ,01TERRASOL_G01,G,8/15/2026 5:01:00 AM,8/15/2026 5:45:00 AM,MIN_OPERATING_MW,200,
8/15/2026 5:45:00 AM,RTD,CLUZ,01TERRASOL_G01,G,8/15/2026 5:46:00 AM,8/15/2026 5:50:00 AM,MAX_OPERATING_MW,150,
8/15/2026 5:45:00 AM,RTD,CLUZ,01TERRASOL_G01,G,8/15/2026 5:46:00 AM,8/15/2026 5:50:00 AM,MIN_OPERATING_MW,150,
8/15/2026 5:45:00 AM,RTD,CLUZ,03LUNSOL_G01,G,8/15/2026 5:41:00 AM,8/15/2026 5:45:00 AM,MAX_OPERATING_MW,0.02,
8/15/2026 5:45:00 AM,RTD,CLUZ,03LUNSOL_G01,G,8/15/2026 5:41:00 AM,8/15/2026 5:45:00 AM,MIN_OPERATING_MW,0.02,
8/15/2026 5:45:00 AM,RTD,CLUZ,03LUNSOL_G01,G,8/15/2026 5:46:00 AM,8/15/2026 5:50:00 AM,MAX_OPERATING_MW,0.08,
8/15/2026 5:45:00 AM,RTD,CLUZ,03LUNSOL_G01,G,8/15/2026 5:46:00 AM,8/15/2026 5:50:00 AM,MIN_OPERATING_MW,0.08,
8/15/2026 5:45:00 AM,RTD,CLUZ,03TANWIND_G01,G,8/15/2026 5:41:00 AM,8/15/2026 5:45:00 AM,MAX_OPERATING_MW,1.60,
8/15/2026 5:45:00 AM,RTD,CLUZ,03TANWIND_G01,G,8/15/2026 5:41:00 AM,8/15/2026 5:45:00 AM,MIN_OPERATING_MW,1.60,
8/15/2026 5:45:00 AM,RTD,CLUZ,03TANWIND_G01,G,8/15/2026 5:46:00 AM,8/15/2026 5:50:00 AM,MAX_OPERATING_MW,1.60,
8/15/2026 5:45:00 AM,RTD,CLUZ,03TANWIND_G01,G,8/15/2026 5:46:00 AM,8/15/2026 5:50:00 AM,MIN_OPERATING_MW,1.60,
8/15/2026 5:45:00 AM,RTD,CVIS,04ISIDROSOL_G01,G,8/15/2026 5:01:00 AM,8/15/2026 6:00:00 AM,MAX_OPERATING_MW,0.60,
8/15/2026 5:45:00 AM,RTD,CVIS,04ISIDROSOL_G01,G,8/15/2026 5:01:00 AM,8/15/2026 6:00:00 AM,MIN_OPERATING_MW,0.60,
8/15/2026 5:45:00 AM,RTD,CVIS,06SLYSOL_G02,G,8/15/2026 5:01:00 AM,8/15/2026 6:00:00 AM,MAX_OPERATING_MW,0.09,
8/15/2026 5:45:00 AM,RTD,CVIS,06SLYSOL_G02,G,8/15/2026 5:01:00 AM,8/15/2026 6:00:00 AM,MIN_OPERATING_MW,0.09,
8/15/2026 5:45:00 AM,RTD,CVIS,06SLYSOL_G03,G,8/15/2026 5:01:00 AM,8/15/2026 6:00:00 AM,MAX_OPERATING_MW,0.07,
8/15/2026 5:45:00 AM,RTD,CVIS,06SLYSOL_G03,G,8/15/2026 5:01:00 AM,8/15/2026 6:00:00 AM,MIN_OPERATING_MW,0.07,
8/15/2026 5:45:00 AM,RTD,CMIN,10LIAN_G02,G,8/15/2026,8/15/2026 11:59:00 PM,MAX_OPERATING_MW,6.60,
8/15/2026 5:45:00 AM,RTD,CMIN,10LIAN_G02,G,8/15/2026,8/15/2026 11:59:00 PM,MIN_OPERATING_MW,6.60,
8/15/2026 5:50:00 AM,RTD,CLUZ,01BUGSOL_G01,G,8/15/2026 5:46:00 AM,8/15/2026 5:50:00 AM,MAX_OPERATING_MW,2.10,
8/15/2026 5:50:00 AM,RTD,CLUZ,01BUGSOL_G01,G,8/15/2026 5:46:00 AM,8/15/2026 5:50:00 AM,MIN_OPERATING_MW,2.10,
8/15/2026 5:50:00 AM,RTD,CLUZ,01BUGSOL_G01,G,8/15/2026 5:51:00 AM,8/15/2026 5:55:00 AM,MAX_OPERATING_MW,2.10,
8/15/2026 5:50:00 AM,RTD,CLUZ,01BUGSOL_G01,G,8/15/2026 5:51:00 AM,8/15/2026 5:55:00 AM,MIN_OPERATING_MW,2.10,
8/15/2026 5:50:00 AM,RTD,CLUZ,01CONSOL_G01,G,8/15/2026 5:46:00 AM,8/15/2026 5:50:00 AM,MAX_OPERATING_MW,0,
8/15/2026 5:50:00 AM,RTD,CLUZ,01CONSOL_G01,G,8/15/2026 5:46:00 AM,8/15/2026 5:50:00 AM,MIN_OPERATING_MW,0,
8/15/2026 5:50:00 AM,RTD,CLUZ,01CONSOL_G01,G,8/15/2026 5:51:00 AM,8/15/2026 5:55:00 AM,MAX_OPERATING_MW,0,
8/15/2026 5:50:00 AM,RTD,CLUZ,01CONSOL_G01,G,8/15/2026 5:51:00 AM,8/15/2026 5:55:00 AM,MIN_OPERATING_MW,0,
8/15/2026 5:50:00 AM,RTD,CLUZ,01PASBUSOL_G01,G,8/15/2026 5:01:00 AM,8/15/2026 6:00:00 AM,MAX_OPERATING_MW,0.24,
8/15/2026 5:50:00 AM,RTD,CLUZ,01PASBUSOL_G01,G,8/15/2026 5:01:00 AM,8/15/2026 6:00:00 AM,MIN_OPERATING_MW,0.24,
8/15/2026 5:50:00 AM,RTD,CLUZ,01TERRASOL_G01,G,8/15/2026 5:46:00 AM,8/15/2026 5:50:00 AM,MAX_OPERATING_MW,150,
8/15/2026 5:50:00 AM,RTD,CLUZ,01TERRASOL_G01,G,8/15/2026 5:46:00 AM,8/15/2026 5:50:00 AM,MIN_OPERATING_MW,150,
8/15/2026 5:50:00 AM,RTD,CLUZ,01TERRASOL_G01,G,8/15/2026 5:51:00 AM,8/15/2026 5:55:00 AM,MAX_OPERATING_MW,100,
8/15/2026 5:50:00 AM,RTD,CLUZ,01TERRASOL_G01,G,8/15/2026 5:51:00 AM,8/15/2026 5:55:00 AM,MIN_OPERATING_MW,100,
8/15/2026 5:50:00 AM,RTD,CLUZ,03LUNSOL_G01,G,8/15/2026 5:46:00 AM,8/15/2026 5:50:00 AM,MAX_OPERATING_MW,0.08,
8/15/2026 5:50:00 AM,RTD,CLUZ,03LUNSOL_G01,G,8/15/2026 5:46:00 AM,8/15/2026 5:50:00 AM,MIN_OPERATING_MW,0.08,
8/15/2026 5:50:00 AM,RTD,CLUZ,03LUNSOL_G01,G,8/15/2026 5:51:00 AM,8/15/2026 5:55:00 AM,MAX_OPERATING_MW,0.21,
8/15/2026 5:50:00 AM,RTD,CLUZ,03LUNSOL_G01,G,8/15/2026 5:51:00 AM,8/15/2026 5:55:00 AM,MIN_OPERATING_MW,0.21,
8/15/2026 5:50:00 AM,RTD,CLUZ,03TANWIND_G01,G,8/15/2026 5:46:00 AM,8/15/2026 5:50:00 AM,MAX_OPERATING_MW,1.60,
8/15/2026 5:50:00 AM,RTD,CLUZ,03TANWIND_G01,G,8/15/2026 5:46:00 AM,8/15/2026 5:50:00 AM,MIN_OPERATING_MW,1.60,
8/15/2026 5:50:00 AM,RTD,CLUZ,03TANWIND_G01,G,8/15/2026 5:51:00 AM,8/15/2026 5:55:00 AM,MAX_OPERATING_MW,1.60,
8/15/2026 5:50:00 AM,RTD,CLUZ,03TANWIND_G01,G,8/15/2026 5:51:00 AM,8/15/2026 5:55:00 AM,MIN_OPERATING_MW,1.60,
8/15/2026 5:50:00 AM,RTD,CVIS,04ISIDROSOL_G01,G,8/15/2026 5:01:00 AM,8/15/2026 6:00:00 AM,MAX_OPERATING_MW,0.60,
8/15/2026 5:50:00 AM,RTD,CVIS,04ISIDROSOL_G01,G,8/15/2026 5:01:00 AM,8/15/2026 6:00:00 AM,MIN_OPERATING_MW,0.60,
8/15/2026 5:50:00 AM,RTD,CVIS,06SLYSOL_G02,G,8/15/2026 5:01:00 AM,8/15/2026 6:00:00 AM,MAX_OPERATING_MW,0.09,
8/15/2026 5:50:00 AM,RTD,CVIS,06SLYSOL_G02,G,8/15/2026 5:01:00 AM,8/15/2026 6:00:00 AM,MIN_OPERATING_MW,0.09,
8/15/2026 5:50:00 AM,RTD,CVIS,06SLYSOL_G03,G,8/15/2026 5:01:00 AM,8/15/2026 6:00:00 AM,MAX_OPERATING_MW,0.07,
8/15/2026 5:50:00 AM,RTD,CVIS,06SLYSOL_G03,G,8/15/2026 5:01:00 AM,8/15/2026 6:00:00 AM,MIN_OPERATING_MW,0.07,
8/15/2026 5:50:00 AM,RTD,CMIN,10LIAN_G02,G,8/15/2026,8/15/2026 11:59:00 PM,MAX_OPERATING_MW,6.60,
8/15/2026 5:50:00 AM,RTD,CMIN,10LIAN_G02,G,8/15/2026,8/15/2026 11:59:00 PM,MIN_OPERATING_MW,6.60,
8/15/2026 5:55:00 AM,RTD,CLUZ,01BUGSOL_G01,G,8/15/2026 5:51:00 AM,8/15/2026 5:55:00 AM,MAX_OPERATING_MW,2.10,
8/15/2026 5:55:00 AM,RTD,CLUZ,01BUGSOL_G01,G,8/15/2026 5:51:00 AM,8/15/2026 5:55:00 AM,MIN_OPERATING_MW,2.10,
8/15/2026 5:55:00 AM,RTD,CLUZ,01BUGSOL_G01,G,8/15/2026 5:56:00 AM,8/15/2026 6:00:00 AM,MAX_OPERATING_MW,2.10,
8/15/2026 5:55:00 AM,RTD,CLUZ,01BUGSOL_G01,G,8/15/2026 5:56:00 AM,8/15/2026 6:00:00 AM,MIN_OPERATING_MW,2.10,
8/15/2026 5:55:00 AM,RTD,CLUZ,01CONSOL_G01,G,8/15/2026 5:51:00 AM,8/15/2026 5:55:00 AM,MAX_OPERATING_MW,0,
8/15/2026 5:55:00 AM,RTD,CLUZ,01CONSOL_G01,G,8/15/2026 5:51:00 AM,8/15/2026 5:55:00 AM,MIN_OPERATING_MW,0,
8/15/2026 5:55:00 AM,RTD,CLUZ,01CONSOL_G01,G,8/15/2026 5:56:00 AM,8/15/2026 6:00:00 AM,MAX_OPERATING_MW,0.40,
8/15/2026 5:55:00 AM,RTD,CLUZ,01CONSOL_G01,G,8/15/2026 5:56:00 AM,8/15/2026 6:00:00 AM,MIN_OPERATING_MW,0.40,
8/15/2026 5:55:00 AM,RTD,CLUZ,01PASBUSOL_G01,G,8/15/2026 5:01:00 AM,8/15/2026 6:00:00 AM,MAX_OPERATING_MW,0.24,
8/15/2026 5:55:00 AM,RTD,CLUZ,01PASBUSOL_G01,G,8/15/2026 5:01:00 AM,8/15/2026 6:00:00 AM,MIN_OPERATING_MW,0.24,
8/15/2026 5:55:00 AM,RTD,CLUZ,01TERRASOL_G01,G,8/15/2026 5:51:00 AM,8/15/2026 5:55:00 AM,MAX_OPERATING_MW,100,
8/15/2026 5:55:00 AM,RTD,CLUZ,01TERRASOL_G01,G,8/15/2026 5:51:00 AM,8/15/2026 5:55:00 AM,MIN_OPERATING_MW,100,
8/15/2026 5:55:00 AM,RTD,CLUZ,01TERRASOL_G01,G,8/15/2026 5:56:00 AM,8/15/2026 6:00:00 AM,MAX_OPERATING_MW,50,
8/15/2026 5:55:00 AM,RTD,CLUZ,01TERRASOL_G01,G,8/15/2026 5:56:00 AM,8/15/2026 6:00:00 AM,MIN_OPERATING_MW,50,
8/15/2026 5:55:00 AM,RTD,CLUZ,03LUNSOL_G01,G,8/15/2026 5:51:00 AM,8/15/2026 5:55:00 AM,MAX_OPERATING_MW,0.21,
8/15/2026 5:55:00 AM,RTD,CLUZ,03LUNSOL_G01,G,8/15/2026 5:51:00 AM,8/15/2026 5:55:00 AM,MIN_OPERATING_MW,0.21,
8/15/2026 5:55:00 AM,RTD,CLUZ,03LUNSOL_G01,G,8/15/2026 5:56:00 AM,8/15/2026 6:00:00 AM,MAX_OPERATING_MW,0.46,
8/15/2026 5:55:00 AM,RTD,CLUZ,03LUNSOL_G01,G,8/15/2026 5:56:00 AM,8/15/2026 6:00:00 AM,MIN_OPERATING_MW,0.46,
8/15/2026 5:55:00 AM,RTD,CLUZ,03TANWIND_G01,G,8/15/2026 5:51:00 AM,8/15/2026 5:55:00 AM,MAX_OPERATING_MW,1.60,
8/15/2026 5:55:00 AM,RTD,CLUZ,03TANWIND_G01,G,8/15/2026 5:51:00 AM,8/15/2026 5:55:00 AM,MIN_OPERATING_MW,1.60,
8/15/2026 5:55:00 AM,RTD,CLUZ,03TANWIND_G01,G,8/15/2026 5:56:00 AM,8/15/2026 6:00:00 AM,MAX_OPERATING_MW,1.60,
8/15/2026 5:55:00 AM,RTD,CLUZ,03TANWIND_G01,G,8/15/2026 5:56:00 AM,8/15/2026 6:00:00 AM,MIN_OPERATING_MW,1.60,
8/15/2026 5:55:00 AM,RTD,CVIS,04ISIDROSOL_G01,G,8/15/2026 5:01:00 AM,8/15/2026 6:00:00 AM,MAX_OPERATING_MW,0.60,
8/15/2026 5:55:00 AM,RTD,CVIS,04ISIDROSOL_G01,G,8/15/2026 5:01:00 AM,8/15/2026 6:00:00 AM,MIN_OPERATING_MW,0.60,
8/15/2026 5:55:00 AM,RTD,CVIS,06SLYSOL_G02,G,8/15/2026 5:01:00 AM,8/15/2026 6:00:00 AM,MAX_OPERATING_MW,0.09,
8/15/2026 5:55:00 AM,RTD,CVIS,06SLYSOL_G02,G,8/15/2026 5:01:00 AM,8/15/2026 6:00:00 AM,MIN_OPERATING_MW,0.09,
8/15/2026 5:55:00 AM,RTD,CVIS,06SLYSOL_G03,G,8/15/2026 5:01:00 AM,8/15/2026 6:00:00 AM,MAX_OPERATING_MW,0.07,
8/15/2026 5:55:00 AM,RTD,CVIS,06SLYSOL_G03,G,8/15/2026 5:01:00 AM,8/15/2026 6:00:00 AM,MIN_OPERATING_MW,0.07,
8/15/2026 5:55:00 AM,RTD,CMIN,10LIAN_G02,G,8/15/2026,8/15/2026 11:59:00 PM,MAX_OPERATING_MW,6.60,
8/15/2026 5:55:00 AM,RTD,CMIN,10LIAN_G02,G,8/15/2026,8/15/2026 11:59:00 PM,MIN_OPERATING_MW,6.60,
8/15/2026 6:00:00 AM,RTD,CLUZ,01BARBASOL_G01,G,8/15/2026 6:01:00 AM,8/15/2026 6:05:00 AM,MAX_OPERATING_MW,1.13,
8/15/2026 6:00:00 AM,RTD,CLUZ,01BARBASOL_G01,G,8/15/2026 6:01:00 AM,8/15/2026 6:05:00 AM,MIN_OPERATING_MW,1.13,
8/15/2026 6:00:00 AM,RTD,CLUZ,01BUGSOL_G01,G,8/15/2026 5:56:00 AM,8/15/2026 6:00:00 AM,MAX_OPERATING_MW,2.10,
8/15/2026 6:00:00 AM,RTD,CLUZ,01BUGSOL_G01,G,8/15/2026 5:56:00 AM,8/15/2026 6:00:00 AM,MIN_OPERATING_MW,2.10,
8/15/2026 6:00:00 AM,RTD,CLUZ,01BUGSOL_G01,G,8/15/2026 6:01:00 AM,8/15/2026 6:05:00 AM,MAX_OPERATING_MW,2.80,
8/15/2026 6:00:00 AM,RTD,CLUZ,01BUGSOL_G01,G,8/15/2026 6:01:00 AM,8/15/2026 6:05:00 AM,MIN_OPERATING_MW,2.80,
8/15/2026 6:00:00 AM,RTD,CLUZ,01BULACSOL_G01,G,8/15/2026 6:01:00 AM,8/15/2026 7:00:00 AM,MAX_OPERATING_MW,1.17,
8/15/2026 6:00:00 AM,RTD,CLUZ,01BULACSOL_G01,G,8/15/2026 6:01:00 AM,8/15/2026 7:00:00 AM,MIN_OPERATING_MW,1.17,
8/15/2026 6:00:00 AM,RTD,CLUZ,01CONSOL_G01,G,8/15/2026 5:56:00 AM,8/15/2026 6:00:00 AM,MAX_OPERATING_MW,0.40,
8/15/2026 6:00:00 AM,RTD,CLUZ,01CONSOL_G01,G,8/15/2026 5:56:00 AM,8/15/2026 6:00:00 AM,MIN_OPERATING_MW,0.40,
8/15/2026 6:00:00 AM,RTD,CLUZ,01CONSOL_G01,G,8/15/2026 6:01:00 AM,8/15/2026 6:05:00 AM,MAX_OPERATING_MW,1.03,
8/15/2026 6:00:00 AM,RTD,CLUZ,01CONSOL_G01,G,8/15/2026 6:01:00 AM,8/15/2026 6:05:00 AM,MIN_OPERATING_MW,1.03,
8/15/2026 6:00:00 AM,RTD,CLUZ,01PASBUSOL_G01,G,8/15/2026 5:01:00 AM,8/15/2026 6:00:00 AM,MAX_OPERATING_MW,0.24,
8/15/2026 6:00:00 AM,RTD,CLUZ,01PASBUSOL_G01,G,8/15/2026 5:01:00 AM,8/15/2026 6:00:00 AM,MIN_OPERATING_MW,0.24,
8/15/2026 6:00:00 AM,RTD,CLUZ,01PASBUSOL_G01,G,8/15/2026 6:01:00 AM,8/15/2026 7:00:00 AM,MAX_OPERATING_MW,3.76,
8/15/2026 6:00:00 AM,RTD,CLUZ,01PASBUSOL_G01,G,8/15/2026 6:01:00 AM,8/15/2026 7:00:00 AM,MIN_OPERATING_MW,3.76,
8/15/2026 6:00:00 AM,RTD,CLUZ,01TERRASOL_G01,G,8/15/2026 5:56:00 AM,8/15/2026 6:00:00 AM,MAX_OPERATING_MW,50,
8/15/2026 6:00:00 AM,RTD,CLUZ,01TERRASOL_G01,G,8/15/2026 5:56:00 AM,8/15/2026 6:00:00 AM,MIN_OPERATING_MW,50,
8/15/2026 6:00:00 AM,RTD,CLUZ,01TERRASOL_G01,G,8/15/2026 6:01:00 AM,8/15/2026 12:00:00 PM,MAX_OPERATING_MW,10,
8/15/2026 6:00:00 AM,RTD,CLUZ,01TERRASOL_G01,G,8/15/2026 6:01:00 AM,8/15/2026 12:00:00 PM,MIN_OPERATING_MW,10,
8/15/2026 6:00:00 AM,RTD,CLUZ,03LUMBSOL_G01,G,8/15/2026 6:01:00 AM,8/15/2026 6:05:00 AM,MAX_OPERATING_MW,1,
8/15/2026 6:00:00 AM,RTD,CLUZ,03LUMBSOL_G01,G,8/15/2026 6:01:00 AM,8/15/2026 6:05:00 AM,MIN_OPERATING_MW,1,
8/15/2026 6:00:00 AM,RTD,CLUZ,03LUNSOL_G01,G,8/15/2026 5:56:00 AM,8/15/2026 6:00:00 AM,MAX_OPERATING_MW,0.46,
8/15/2026 6:00:00 AM,RTD,CLUZ,03LUNSOL_G01,G,8/15/2026 5:56:00 AM,8/15/2026 6:00:00 AM,MIN_OPERATING_MW,0.46,
8/15/2026 6:00:00 AM,RTD,CLUZ,03LUNSOL_G01,G,8/15/2026 6:01:00 AM,8/15/2026 6:05:00 AM,MAX_OPERATING_MW,0.83,
8/15/2026 6:00:00 AM,RTD,CLUZ,03LUNSOL_G01,G,8/15/2026 6:01:00 AM,8/15/2026 6:05:00 AM,MIN_OPERATING_MW,0.83,
8/15/2026 6:00:00 AM,RTD,CLUZ,03TANWIND_G01,G,8/15/2026 5:56:00 AM,8/15/2026 6:00:00 AM,MAX_OPERATING_MW,1.60,
8/15/2026 6:00:00 AM,RTD,CLUZ,03TANWIND_G01,G,8/15/2026 5:56:00 AM,8/15/2026 6:00:00 AM,MIN_OPERATING_MW,1.60,
8/15/2026 6:00:00 AM,RTD,CLUZ,03TANWIND_G01,G,8/15/2026 6:01:00 AM,8/15/2026 6:05:00 AM,MAX_OPERATING_MW,1.60,
8/15/2026 6:00:00 AM,RTD,CLUZ,03TANWIND_G01,G,8/15/2026 6:01:00 AM,8/15/2026 6:05:00 AM,MIN_OPERATING_MW,1.60,
8/15/2026 6:00:00 AM,RTD,CVIS,04ISIDROSOL_G01,G,8/15/2026 5:01:00 AM,8/15/2026 6:00:00 AM,MAX_OPERATING_MW,0.60,
8/15/2026 6:00:00 AM,RTD,CVIS,04ISIDROSOL_G01,G,8/15/2026 5:01:00 AM,8/15/2026 6:00:00 AM,MIN_OPERATING_MW,0.60,
8/15/2026 6:00:00 AM,RTD,CVIS,04ISIDROSOL_G01,G,8/15/2026 6:01:00 AM,8/15/2026 7:00:00 AM,MAX_OPERATING_MW,10.40,
8/15/2026 6:00:00 AM,RTD,CVIS,04ISIDROSOL_G01,G,8/15/2026 6:01:00 AM,8/15/2026 7:00:00 AM,MIN_OPERATING_MW,10.40,
8/15/2026 6:00:00 AM,RTD,CVIS,06SLYSOL_G02,G,8/15/2026 5:01:00 AM,8/15/2026 6:00:00 AM,MAX_OPERATING_MW,0.09,
8/15/2026 6:00:00 AM,RTD,CVIS,06SLYSOL_G02,G,8/15/2026 5:01:00 AM,8/15/2026 6:00:00 AM,MIN_OPERATING_MW,0.09,
8/15/2026 6:00:00 AM,RTD,CVIS,06SLYSOL_G02,G,8/15/2026 6:01:00 AM,8/15/2026 7:00:00 AM,MAX_OPERATING_MW,2.82,
8/15/2026 6:00:00 AM,RTD,CVIS,06SLYSOL_G02,G,8/15/2026 6:01:00 AM,8/15/2026 7:00:00 AM,MIN_OPERATING_MW,2.82,
8/15/2026 6:00:00 AM,RTD,CVIS,06SLYSOL_G03,G,8/15/2026 5:01:00 AM,8/15/2026 6:00:00 AM,MAX_OPERATING_MW,0.07,
8/15/2026 6:00:00 AM,RTD,CVIS,06SLYSOL_G03,G,8/15/2026 5:01:00 AM,8/15/2026 6:00:00 AM,MIN_OPERATING_MW,0.07,
8/15/2026 6:00:00 AM,RTD,CVIS,06SLYSOL_G03,G,8/15/2026 6:01:00 AM,8/15/2026 7:00:00 AM,MAX_OPERATING_MW,1.74,
8/15/2026 6:00:00 AM,RTD,CVIS,06SLYSOL_G03,G,8/15/2026 6:01:00 AM,8/15/2026 7:00:00 AM,MIN_OPERATING_MW,1.74,
8/15/2026 6:00:00 AM,RTD,CMIN,10LIAN_G02,G,8/15/2026,8/15/2026 11:59:00 PM,MAX_OPERATING_MW,6.60,
8/15/2026 6:00:00 AM,RTD,CMIN,10LIAN_G02,G,8/15/2026,8/15/2026 11:59:00 PM,MIN_OPERATING_MW,6.60,
8/15/2026 6:00:00 AM,RTD,CMIN,14TANTASOL_G01,G,8/15/2026 6:01:00 AM,8/15/2026 7:00:00 AM,MAX_OPERATING_MW,13,
8/15/2026 6:00:00 AM,RTD,CMIN,14TANTASOL_G01,G,8/15/2026 6:01:00 AM,8/15/2026 7:00:00 AM,MIN_OPERATING_MW,13,
8/15/2026 6:05:00 AM,RTD,CLUZ,01BARBASOL_G01,G,8/15/2026 6:01:00 AM,8/15/2026 6:05:00 AM,MAX_OPERATING_MW,1.13,
8/15/2026 6:05:00 AM,RTD,CLUZ,01BARBASOL_G01,G,8/15/2026 6:01:00 AM,8/15/2026 6:05:00 AM,MIN_OPERATING_MW,1.13,
8/15/2026 6:05:00 AM,RTD,CLUZ,01BARBASOL_G01,G,8/15/2026 6:06:00 AM,8/15/2026 6:10:00 AM,MAX_OPERATING_MW,1.72,
8/15/2026 6:05:00 AM,RTD,CLUZ,01BARBASOL_G01,G,8/15/2026 6:06:00 AM,8/15/2026 6:10:00 AM,MIN_OPERATING_MW,1.72,
8/15/2026 6:05:00 AM,RTD,CLUZ,01BUGSOL_G01,G,8/15/2026 6:01:00 AM,8/15/2026 6:05:00 AM,MAX_OPERATING_MW,2.80,
8/15/2026 6:05:00 AM,RTD,CLUZ,01BUGSOL_G01,G,8/15/2026 6:01:00 AM,8/15/2026 6:05:00 AM,MIN_OPERATING_MW,2.80,
8/15/2026 6:05:00 AM,RTD,CLUZ,01BUGSOL_G01,G,8/15/2026 6:06:00 AM,8/15/2026 6:10:00 AM,MAX_OPERATING_MW,2.80,
8/15/2026 6:05:00 AM,RTD,CLUZ,01BUGSOL_G01,G,8/15/2026 6:06:00 AM,8/15/2026 6:10:00 AM,MIN_OPERATING_MW,2.80,
8/15/2026 6:05:00 AM,RTD,CLUZ,01BULACSOL_G01,G,8/15/2026 6:01:00 AM,8/15/2026 7:00:00 AM,MAX_OPERATING_MW,1.17,
8/15/2026 6:05:00 AM,RTD,CLUZ,01BULACSOL_G01,G,8/15/2026 6:01:00 AM,8/15/2026 7:00:00 AM,MIN_OPERATING_MW,1.17,
8/15/2026 6:05:00 AM,RTD,CLUZ,01CONSOL_G01,G,8/15/2026 6:01:00 AM,8/15/2026 6:05:00 AM,MAX_OPERATING_MW,1.03,
8/15/2026 6:05:00 AM,RTD,CLUZ,01CONSOL_G01,G,8/15/2026 6:01:00 AM,8/15/2026 6:05:00 AM,MIN_OPERATING_MW,1.03,
8/15/2026 6:05:00 AM,RTD,CLUZ,01CONSOL_G01,G,8/15/2026 6:06:00 AM,8/15/2026 6:10:00 AM,MAX_OPERATING_MW,1.75,
8/15/2026 6:05:00 AM,RTD,CLUZ,01CONSOL_G01,G,8/15/2026 6:06:00 AM,8/15/2026 6:10:00 AM,MIN_OPERATING_MW,1.75,
8/15/2026 6:05:00 AM,RTD,CLUZ,01PASBUSOL_G01,G,8/15/2026 6:01:00 AM,8/15/2026 7:00:00 AM,MAX_OPERATING_MW,3.76,
8/15/2026 6:05:00 AM,RTD,CLUZ,01PASBUSOL_G01,G,8/15/2026 6:01:00 AM,8/15/2026 7:00:00 AM,MIN_OPERATING_MW,3.76,
8/15/2026 6:05:00 AM,RTD,CLUZ,01TERRASOL_G01,G,8/15/2026 6:01:00 AM,8/15/2026 12:00:00 PM,MAX_OPERATING_MW,10,
8/15/2026 6:05:00 AM,RTD,CLUZ,01TERRASOL_G01,G,8/15/2026 6:01:00 AM,8/15/2026 12:00:00 PM,MIN_OPERATING_MW,10,
8/15/2026 6:05:00 AM,RTD,CLUZ,03LUMBSOL_G01,G,8/15/2026 6:01:00 AM,8/15/2026 6:05:00 AM,MAX_OPERATING_MW,1,
8/15/2026 6:05:00 AM,RTD,CLUZ,03LUMBSOL_G01,G,8/15/2026 6:01:00 AM,8/15/2026 6:05:00 AM,MIN_OPERATING_MW,1,
8/15/2026 6:05:00 AM,RTD,CLUZ,03LUMBSOL_G01,G,8/15/2026 6:06:00 AM,8/15/2026 6:10:00 AM,MAX_OPERATING_MW,1,
8/15/2026 6:05:00 AM,RTD,CLUZ,03LUMBSOL_G01,G,8/15/2026 6:06:00 AM,8/15/2026 6:10:00 AM,MIN_OPERATING_MW,1,
8/15/2026 6:05:00 AM,RTD,CLUZ,03LUNSOL_G01,G,8/15/2026 6:01:00 AM,8/15/2026 6:05:00 AM,MAX_OPERATING_MW,0.83,
8/15/2026 6:05:00 AM,RTD,CLUZ,03LUNSOL_G01,G,8/15/2026 6:01:00 AM,8/15/2026 6:05:00 AM,MIN_OPERATING_MW,0.83,
8/15/2026 6:05:00 AM,RTD,CLUZ,03LUNSOL_G01,G,8/15/2026 6:06:00 AM,8/15/2026 6:10:00 AM,MAX_OPERATING_MW,1.32,
8/15/2026 6:05:00 AM,RTD,CLUZ,03LUNSOL_G01,G,8/15/2026 6:06:00 AM,8/15/2026 6:10:00 AM,MIN_OPERATING_MW,1.32,
8/15/2026 6:05:00 AM,RTD,CLUZ,03TANWIND_G01,G,8/15/2026 6:01:00 AM,8/15/2026 6:05:00 AM,MAX_OPERATING_MW,1.60,
8/15/2026 6:05:00 AM,RTD,CLUZ,03TANWIND_G01,G,8/15/2026 6:01:00 AM,8/15/2026 6:05:00 AM,MIN_OPERATING_MW,1.60,
8/15/2026 6:05:00 AM,RTD,CLUZ,03TANWIND_G01,G,8/15/2026 6:06:00 AM,8/15/2026 6:10:00 AM,MAX_OPERATING_MW,1.60,
8/15/2026 6:05:00 AM,RTD,CLUZ,03TANWIND_G01,G,8/15/2026 6:06:00 AM,8/15/2026 6:10:00 AM,MIN_OPERATING_MW,1.60,
8/15/2026 6:05:00 AM,RTD,CVIS,04ISIDROSOL_G01,G,8/15/2026 6:01:00 AM,8/15/2026 7:00:00 AM,MAX_OPERATING_MW,10.40,
8/15/2026 6:05:00 AM,RTD,CVIS,04ISIDROSOL_G01,G,8/15/2026 6:01:00 AM,8/15/2026 7:00:00 AM,MIN_OPERATING_MW,10.40,
8/15/2026 6:05:00 AM,RTD,CVIS,06SLYSOL_G02,G,8/15/2026 6:01:00 AM,8/15/2026 7:00:00 AM,MAX_OPERATING_MW,2.82,
8/15/2026 6:05:00 AM,RTD,CVIS,06SLYSOL_G02,G,8/15/2026 6:01:00 AM,8/15/2026 7:00:00 AM,MIN_OPERATING_MW,2.82,
8/15/2026 6:05:00 AM,RTD,CVIS,06SLYSOL_G03,G,8/15/2026 6:01:00 AM,8/15/2026 7:00:00 AM,MAX_OPERATING_MW,1.74,
8/15/2026 6:05:00 AM,RTD,CVIS,06SLYSOL_G03,G,8/15/2026 6:01:00 AM,8/15/2026 7:00:00 AM,MIN_OPERATING_MW,1.74,
8/15/2026 6:05:00 AM,RTD,CMIN,10LIAN_G02,G,8/15/2026,8/15/2026 11:59:00 PM,MAX_OPERATING_MW,6.60,
8/15/2026 6:05:00 AM,RTD,CMIN,10LIAN_G02,G,8/15/2026,8/15/2026 11:59:00 PM,MIN_OPERATING_MW,6.60,
8/15/2026 6:05:00 AM,RTD,CMIN,14TANTASOL_G01,G,8/15/2026 6:01:00 AM,8/15/2026 7:00:00 AM,MAX_OPERATING_MW,13,
8/15/2026 6:05:00 AM,RTD,CMIN,14TANTASOL_G01,G,8/15/2026 6:01:00 AM,8/15/2026 7:00:00 AM,MIN_OPERATING_MW,13,
8/15/2026 6:10:00 AM,RTD,CLUZ,01BARBASOL_G01,G,8/15/2026 6:06:00 AM,8/15/2026 6:10:00 AM,MAX_OPERATING_MW,1.72,
8/15/2026 6:10:00 AM,RTD,CLUZ,01BARBASOL_G01,G,8/15/2026 6:06:00 AM,8/15/2026 6:10:00 AM,MIN_OPERATING_MW,1.72,
8/15/2026 6:10:00 AM,RTD,CLUZ,01BARBASOL_G01,G,8/15/2026 6:11:00 AM,8/15/2026 6:15:00 AM,MAX_OPERATING_MW,2.45,
8/15/2026 6:10:00 AM,RTD,CLUZ,01BARBASOL_G01,G,8/15/2026 6:11:00 AM,8/15/2026 6:15:00 AM,MIN_OPERATING_MW,2.45,
8/15/2026 6:10:00 AM,RTD,CLUZ,01BUGSOL_G01,G,8/15/2026 6:06:00 AM,8/15/2026 6:10:00 AM,MAX_OPERATING_MW,2.80,
8/15/2026 6:10:00 AM,RTD,CLUZ,01BUGSOL_G01,G,8/15/2026 6:06:00 AM,8/15/2026 6:10:00 AM,MIN_OPERATING_MW,2.80,
8/15/2026 6:10:00 AM,RTD,CLUZ,01BUGSOL_G01,G,8/15/2026 6:11:00 AM,8/15/2026 6:15:00 AM,MAX_OPERATING_MW,3.80,
8/15/2026 6:10:00 AM,RTD,CLUZ,01BUGSOL_G01,G,8/15/2026 6:11:00 AM,8/15/2026 6:15:00 AM,MIN_OPERATING_MW,3.80,
8/15/2026 6:10:00 AM,RTD,CLUZ,01BULACSOL_G01,G,8/15/2026 6:01:00 AM,8/15/2026 7:00:00 AM,MAX_OPERATING_MW,1.17,
8/15/2026 6:10:00 AM,RTD,CLUZ,01BULACSOL_G01,G,8/15/2026 6:01:00 AM,8/15/2026 7:00:00 AM,MIN_OPERATING_MW,1.17,
8/15/2026 6:10:00 AM,RTD,CLUZ,01CONSOL_G01,G,8/15/2026 6:06:00 AM,8/15/2026 6:10:00 AM,MAX_OPERATING_MW,1.75,
8/15/2026 6:10:00 AM,RTD,CLUZ,01CONSOL_G01,G,8/15/2026 6:06:00 AM,8/15/2026 6:10:00 AM,MIN_OPERATING_MW,1.75,
8/15/2026 6:10:00 AM,RTD,CLUZ,01CONSOL_G01,G,8/15/2026 6:11:00 AM,8/15/2026 6:15:00 AM,MAX_OPERATING_MW,2.54,
8/15/2026 6:10:00 AM,RTD,CLUZ,01CONSOL_G01,G,8/15/2026 6:11:00 AM,8/15/2026 6:15:00 AM,MIN_OPERATING_MW,2.54,
8/15/2026 6:10:00 AM,RTD,CLUZ,01PASBUSOL_G01,G,8/15/2026 6:01:00 AM,8/15/2026 7:00:00 AM,MAX_OPERATING_MW,3.76,
8/15/2026 6:10:00 AM,RTD,CLUZ,01PASBUSOL_G01,G,8/15/2026 6:01:00 AM,8/15/2026 7:00:00 AM,MIN_OPERATING_MW,3.76,
8/15/2026 6:10:00 AM,RTD,CLUZ,01TERRASOL_G01,G,8/15/2026 6:01:00 AM,8/15/2026 12:00:00 PM,MAX_OPERATING_MW,10,
8/15/2026 6:10:00 AM,RTD,CLUZ,01TERRASOL_G01,G,8/15/2026 6:01:00 AM,8/15/2026 12:00:00 PM,MIN_OPERATING_MW,10,
8/15/2026 6:10:00 AM,RTD,CLUZ,03LUMBSOL_G01,G,8/15/2026 6:06:00 AM,8/15/2026 6:10:00 AM,MAX_OPERATING_MW,1,
8/15/2026 6:10:00 AM,RTD,CLUZ,03LUMBSOL_G01,G,8/15/2026 6:06:00 AM,8/15/2026 6:10:00 AM,MIN_OPERATING_MW,1,
8/15/2026 6:10:00 AM,RTD,CLUZ,03LUMBSOL_G01,G,8/15/2026 6:11:00 AM,8/15/2026 6:15:00 AM,MAX_OPERATING_MW,1,
8/15/2026 6:10:00 AM,RTD,CLUZ,03LUMBSOL_G01,G,8/15/2026 6:11:00 AM,8/15/2026 6:15:00 AM,MIN_OPERATING_MW,1,
8/15/2026 6:10:00 AM,RTD,CLUZ,03LUNSOL_G01,G,8/15/2026 6:06:00 AM,8/15/2026 6:10:00 AM,MAX_OPERATING_MW,1.32,
8/15/2026 6:10:00 AM,RTD,CLUZ,03LUNSOL_G01,G,8/15/2026 6:06:00 AM,8/15/2026 6:10:00 AM,MIN_OPERATING_MW,1.32,
8/15/2026 6:10:00 AM,RTD,CLUZ,03LUNSOL_G01,G,8/15/2026 6:11:00 AM,8/15/2026 6:15:00 AM,MAX_OPERATING_MW,1.90,
8/15/2026 6:10:00 AM,RTD,CLUZ,03LUNSOL_G01,G,8/15/2026 6:11:00 AM,8/15/2026 6:15:00 AM,MIN_OPERATING_MW,1.90,
8/15/2026 6:10:00 AM,RTD,CLUZ,03TANWIND_G01,G,8/15/2026 6:06:00 AM,8/15/2026 6:10:00 AM,MAX_OPERATING_MW,1.60,
8/15/2026 6:10:00 AM,RTD,CLUZ,03TANWIND_G01,G,8/15/2026 6:06:00 AM,8/15/2026 6:10:00 AM,MIN_OPERATING_MW,1.60,
8/15/2026 6:10:00 AM,RTD,CLUZ,03TANWIND_G01,G,8/15/2026 6:11:00 AM,8/15/2026 6:15:00 AM,MAX_OPERATING_MW,1.60,
8/15/2026 6:10:00 AM,RTD,CLUZ,03TANWIND_G01,G,8/15/2026 6:11:00 AM,8/15/2026 6:15:00 AM,MIN_OPERATING_MW,1.60,
8/15/2026 6:10:00 AM,RTD,CVIS,04ISIDROSOL_G01,G,8/15/2026 6:01:00 AM,8/15/2026 7:00:00 AM,MAX_OPERATING_MW,10.40,
8/15/2026 6:10:00 AM,RTD,CVIS,04ISIDROSOL_G01,G,8/15/2026 6:01:00 AM,8/15/2026 7:00:00 AM,MIN_OPERATING_MW,10.40,
8/15/2026 6:10:00 AM,RTD,CVIS,06SLYSOL_G02,G,8/15/2026 6:01:00 AM,8/15/2026 7:00:00 AM,MAX_OPERATING_MW,2.82,
8/15/2026 6:10:00 AM,RTD,CVIS,06SLYSOL_G02,G,8/15/2026 6:01:00 AM,8/15/2026 7:00:00 AM,MIN_OPERATING_MW,2.82,
8/15/2026 6:10:00 AM,RTD,CVIS,06SLYSOL_G03,G,8/15/2026 6:01:00 AM,8/15/2026 7:00:00 AM,MAX_OPERATING_MW,1.74,
8/15/2026 6:10:00 AM,RTD,CVIS,06SLYSOL_G03,G,8/15/2026 6:01:00 AM,8/15/2026 7:00:00 AM,MIN_OPERATING_MW,1.74,
8/15/2026 6:10:00 AM,RTD,CMIN,10LIAN_G02,G,8/15/2026,8/15/2026 11:59:00 PM,MAX_OPERATING_MW,6.60,
8/15/2026 6:10:00 AM,RTD,CMIN,10LIAN_G02,G,8/15/2026,8/15/2026 11:59:00 PM,MIN_OPERATING_MW,6.60,
8/15/2026 6:10:00 AM,RTD,CMIN,14TANTASOL_G01,G,8/15/2026 6:01:00 AM,8/15/2026 7:00:00 AM,MAX_OPERATING_MW,13,
8/15/2026 6:10:00 AM,RTD,CMIN,14TANTASOL_G01,G,8/15/2026 6:01:00 AM,8/15/2026 7:00:00 AM,MIN_OPERATING_MW,13,
8/15/2026 6:15:00 AM,RTD,CLUZ,01BARBASOL_G01,G,8/15/2026 6:11:00 AM,8/15/2026 6:15:00 AM,MAX_OPERATING_MW,2.45,
8/15/2026 6:15:00 AM,RTD,CLUZ,01BARBASOL_G01,G,8/15/2026 6:11:00 AM,8/15/2026 6:15:00 AM,MIN_OPERATING_MW,2.45,
8/15/2026 6:15:00 AM,RTD,CLUZ,01BARBASOL_G01,G,8/15/2026 6:16:00 AM,8/15/2026 6:20:00 AM,MAX_OPERATING_MW,3.33,
8/15/2026 6:15:00 AM,RTD,CLUZ,01BARBASOL_G01,G,8/15/2026 6:16:00 AM,8/15/2026 6:20:00 AM,MIN_OPERATING_MW,3.33,
8/15/2026 6:15:00 AM,RTD,CLUZ,01BUGSOL_G01,G,8/15/2026 6:11:00 AM,8/15/2026 6:15:00 AM,MAX_OPERATING_MW,3.80,
8/15/2026 6:15:00 AM,RTD,CLUZ,01BUGSOL_G01,G,8/15/2026 6:11:00 AM,8/15/2026 6:15:00 AM,MIN_OPERATING_MW,3.80,
8/15/2026 6:15:00 AM,RTD,CLUZ,01BUGSOL_G01,G,8/15/2026 6:16:00 AM,8/15/2026 6:20:00 AM,MAX_OPERATING_MW,3.30,
8/15/2026 6:15:00 AM,RTD,CLUZ,01BUGSOL_G01,G,8/15/2026 6:16:00 AM,8/15/2026 6:20:00 AM,MIN_OPERATING_MW,3.30,
8/15/2026 6:15:00 AM,RTD,CLUZ,01BULACSOL_G01,G,8/15/2026 6:01:00 AM,8/15/2026 7:00:00 AM,MAX_OPERATING_MW,1.17,
8/15/2026 6:15:00 AM,RTD,CLUZ,01BULACSOL_G01,G,8/15/2026 6:01:00 AM,8/15/2026 7:00:00 AM,MIN_OPERATING_MW,1.17,
8/15/2026 6:15:00 AM,RTD,CLUZ,01CONSOL_G01,G,8/15/2026 6:11:00 AM,8/15/2026 6:15:00 AM,MAX_OPERATING_MW,2.54,
8/15/2026 6:15:00 AM,RTD,CLUZ,01CONSOL_G01,G,8/15/2026 6:11:00 AM,8/15/2026 6:15:00 AM,MIN_OPERATING_MW,2.54,
8/15/2026 6:15:00 AM,RTD,CLUZ,01CONSOL_G01,G,8/15/2026 6:16:00 AM,8/15/2026 6:20:00 AM,MAX_OPERATING_MW,3.41,
8/15/2026 6:15:00 AM,RTD,CLUZ,01CONSOL_G01,G,8/15/2026 6:16:00 AM,8/15/2026 6:20:00 AM,MIN_OPERATING_MW,3.41,
8/15/2026 6:15:00 AM,RTD,CLUZ,01PASBUSOL_G01,G,8/15/2026 6:01:00 AM,8/15/2026 7:00:00 AM,MAX_OPERATING_MW,3.76,
8/15/2026 6:15:00 AM,RTD,CLUZ,01PASBUSOL_G01,G,8/15/2026 6:01:00 AM,8/15/2026 7:00:00 AM,MIN_OPERATING_MW,3.76,
8/15/2026 6:15:00 AM,RTD,CLUZ,01TERRASOL_G01,G,8/15/2026 6:01:00 AM,8/15/2026 12:00:00 PM,MAX_OPERATING_MW,10,
8/15/2026 6:15:00 AM,RTD,CLUZ,01TERRASOL_G01,G,8/15/2026 6:01:00 AM,8/15/2026 12:00:00 PM,MIN_OPERATING_MW,10,
8/15/2026 6:15:00 AM,RTD,CLUZ,03LUMBSOL_G01,G,8/15/2026 6:11:00 AM,8/15/2026 6:15:00 AM,MAX_OPERATING_MW,1,
8/15/2026 6:15:00 AM,RTD,CLUZ,03LUMBSOL_G01,G,8/15/2026 6:11:00 AM,8/15/2026 6:15:00 AM,MIN_OPERATING_MW,1,
8/15/2026 6:15:00 AM,RTD,CLUZ,03LUMBSOL_G01,G,8/15/2026 6:16:00 AM,8/15/2026 6:20:00 AM,MAX_OPERATING_MW,1,
8/15/2026 6:15:00 AM,RTD,CLUZ,03LUMBSOL_G01,G,8/15/2026 6:16:00 AM,8/15/2026 6:20:00 AM,MIN_OPERATING_MW,1,
8/15/2026 6:15:00 AM,RTD,CLUZ,03LUNSOL_G01,G,8/15/2026 6:11:00 AM,8/15/2026 6:15:00 AM,MAX_OPERATING_MW,1.90,
8/15/2026 6:15:00 AM,RTD,CLUZ,03LUNSOL_G01,G,8/15/2026 6:11:00 AM,8/15/2026 6:15:00 AM,MIN_OPERATING_MW,1.90,
8/15/2026 6:15:00 AM,RTD,CLUZ,03LUNSOL_G01,G,8/15/2026 6:16:00 AM,8/15/2026 6:20:00 AM,MAX_OPERATING_MW,2.56,
8/15/2026 6:15:00 AM,RTD,CLUZ,03LUNSOL_G01,G,8/15/2026 6:16:00 AM,8/15/2026 6:20:00 AM,MIN_OPERATING_MW,2.56,
8/15/2026 6:15:00 AM,RTD,CLUZ,03TANWIND_G01,G,8/15/2026 6:11:00 AM,8/15/2026 6:15:00 AM,MAX_OPERATING_MW,1.60,
8/15/2026 6:15:00 AM,RTD,CLUZ,03TANWIND_G01,G,8/15/2026 6:11:00 AM,8/15/2026 6:15:00 AM,MIN_OPERATING_MW,1.60,
8/15/2026 6:15:00 AM,RTD,CLUZ,03TANWIND_G01,G,8/15/2026 6:16:00 AM,8/15/2026 6:20:00 AM,MAX_OPERATING_MW,1.60,
8/15/2026 6:15:00 AM,RTD,CLUZ,03TANWIND_G01,G,8/15/2026 6:16:00 AM,8/15/2026 6:20:00 AM,MIN_OPERATING_MW,1.60,
8/15/2026 6:15:00 AM,RTD,CVIS,04ISIDROSOL_G01,G,8/15/2026 6:01:00 AM,8/15/2026 7:00:00 AM,MAX_OPERATING_MW,10.40,
8/15/2026 6:15:00 AM,RTD,CVIS,04ISIDROSOL_G01,G,8/15/2026 6:01:00 AM,8/15/2026 7:00:00 AM,MIN_OPERATING_MW,10.40,
8/15/2026 6:15:00 AM,RTD,CVIS,06SLYSOL_G02,G,8/15/2026 6:01:00 AM,8/15/2026 7:00:00 AM,MAX_OPERATING_MW,2.82,
8/15/2026 6:15:00 AM,RTD,CVIS,06SLYSOL_G02,G,8/15/2026 6:01:00 AM,8/15/2026 7:00:00 AM,MIN_OPERATING_MW,2.82,
8/15/2026 6:15:00 AM,RTD,CVIS,06SLYSOL_G03,G,8/15/2026 6:01:00 AM,8/15/2026 7:00:00 AM,MAX_OPERATING_MW,1.74,
8/15/2026 6:15:00 AM,RTD,CVIS,06SLYSOL_G03,G,8/15/2026 6:01:00 AM,8/15/2026 7:00:00 AM,MIN_OPERATING_MW,1.74,
8/15/2026 6:15:00 AM,RTD,CMIN,10LIAN_G02,G,8/15/2026,8/15/2026 11:59:00 PM,MAX_OPERATING_MW,6.60,
8/15/2026 6:15:00 AM,RTD,CMIN,10LIAN_G02,G,8/15/2026,8/15/2026 11:59:00 PM,MIN_OPERATING_MW,6.60,
8/15/2026 6:15:00 AM,RTD,CMIN,14TANTASOL_G01,G,8/15/2026 6:01:00 AM,8/15/2026 7:00:00 AM,MAX_OPERATING_MW,13,
8/15/2026 6:15:00 AM,RTD,CMIN,14TANTASOL_G01,G,8/15/2026 6:01:00 AM,8/15/2026 7:00:00 AM,MIN_OPERATING_MW,13,
8/15/2026 6:20:00 AM,RTD,CLUZ,01BARBASOL_G01,G,8/15/2026 6:16:00 AM,8/15/2026 6:20:00 AM,MAX_OPERATING_MW,3.33,
8/15/2026 6:20:00 AM,RTD,CLUZ,01BARBASOL_G01,G,8/15/2026 6:16:00 AM,8/15/2026 6:20:00 AM,MIN_OPERATING_MW,3.33,
8/15/2026 6:20:00 AM,RTD,CLUZ,01BARBASOL_G01,G,8/15/2026 6:21:00 AM,8/15/2026 6:25:00 AM,MAX_OPERATING_MW,4.33,
8/15/2026 6:20:00 AM,RTD,CLUZ,01BARBASOL_G01,G,8/15/2026 6:21:00 AM,8/15/2026 6:25:00 AM,MIN_OPERATING_MW,4.33,
8/15/2026 6:20:00 AM,RTD,CLUZ,01BUGSOL_G01,G,8/15/2026 6:16:00 AM,8/15/2026 6:20:00 AM,MAX_OPERATING_MW,3.30,
8/15/2026 6:20:00 AM,RTD,CLUZ,01BUGSOL_G01,G,8/15/2026 6:16:00 AM,8/15/2026 6:20:00 AM,MIN_OPERATING_MW,3.30,
8/15/2026 6:20:00 AM,RTD,CLUZ,01BUGSOL_G01,G,8/15/2026 6:21:00 AM,8/15/2026 6:25:00 AM,MAX_OPERATING_MW,3.50,
8/15/2026 6:20:00 AM,RTD,CLUZ,01BUGSOL_G01,G,8/15/2026 6:21:00 AM,8/15/2026 6:25:00 AM,MIN_OPERATING_MW,3.50,
8/15/2026 6:20:00 AM,RTD,CLUZ,01BULACSOL_G01,G,8/15/2026 6:01:00 AM,8/15/2026 7:00:00 AM,MAX_OPERATING_MW,1.17,
8/15/2026 6:20:00 AM,RTD,CLUZ,01BULACSOL_G01,G,8/15/2026 6:01:00 AM,8/15/2026 7:00:00 AM,MIN_OPERATING_MW,1.17,
8/15/2026 6:20:00 AM,RTD,CLUZ,01CONSOL_G01,G,8/15/2026 6:16:00 AM,8/15/2026 6:20:00 AM,MAX_OPERATING_MW,3.41,
8/15/2026 6:20:00 AM,RTD,CLUZ,01CONSOL_G01,G,8/15/2026 6:16:00 AM,8/15/2026 6:20:00 AM,MIN_OPERATING_MW,3.41,
8/15/2026 6:20:00 AM,RTD,CLUZ,01CONSOL_G01,G,8/15/2026 6:21:00 AM,8/15/2026 6:25:00 AM,MAX_OPERATING_MW,4.56,
8/15/2026 6:20:00 AM,RTD,CLUZ,01CONSOL_G01,G,8/15/2026 6:21:00 AM,8/15/2026 6:25:00 AM,MIN_OPERATING_MW,4.56,
8/15/2026 6:20:00 AM,RTD,CLUZ,01PASBUSOL_G01,G,8/15/2026 6:01:00 AM,8/15/2026 7:00:00 AM,MAX_OPERATING_MW,3.76,
8/15/2026 6:20:00 AM,RTD,CLUZ,01PASBUSOL_G01,G,8/15/2026 6:01:00 AM,8/15/2026 7:00:00 AM,MIN_OPERATING_MW,3.76,
8/15/2026 6:20:00 AM,RTD,CLUZ,01TERRASOL_G01,G,8/15/2026 6:01:00 AM,8/15/2026 12:00:00 PM,MAX_OPERATING_MW,10,
8/15/2026 6:20:00 AM,RTD,CLUZ,01TERRASOL_G01,G,8/15/2026 6:01:00 AM,8/15/2026 12:00:00 PM,MIN_OPERATING_MW,10,
8/15/2026 6:20:00 AM,RTD,CLUZ,03LUMBSOL_G01,G,8/15/2026 6:16:00 AM,8/15/2026 6:20:00 AM,MAX_OPERATING_MW,1,
8/15/2026 6:20:00 AM,RTD,CLUZ,03LUMBSOL_G01,G,8/15/2026 6:16:00 AM,8/15/2026 6:20:00 AM,MIN_OPERATING_MW,1,
8/15/2026 6:20:00 AM,RTD,CLUZ,03LUMBSOL_G01,G,8/15/2026 6:21:00 AM,8/15/2026 6:25:00 AM,MAX_OPERATING_MW,1,
8/15/2026 6:20:00 AM,RTD,CLUZ,03LUMBSOL_G01,G,8/15/2026 6:21:00 AM,8/15/2026 6:25:00 AM,MIN_OPERATING_MW,1,
8/15/2026 6:20:00 AM,RTD,CLUZ,03LUNSOL_G01,G,8/15/2026 6:16:00 AM,8/15/2026 6:20:00 AM,MAX_OPERATING_MW,2.56,
8/15/2026 6:20:00 AM,RTD,CLUZ,03LUNSOL_G01,G,8/15/2026 6:16:00 AM,8/15/2026 6:20:00 AM,MIN_OPERATING_MW,2.56,
8/15/2026 6:20:00 AM,RTD,CLUZ,03LUNSOL_G01,G,8/15/2026 6:21:00 AM,8/15/2026 6:25:00 AM,MAX_OPERATING_MW,3.29,
8/15/2026 6:20:00 AM,RTD,CLUZ,03LUNSOL_G01,G,8/15/2026 6:21:00 AM,8/15/2026 6:25:00 AM,MIN_OPERATING_MW,3.29,
8/15/2026 6:20:00 AM,RTD,CLUZ,03TANWIND_G01,G,8/15/2026 6:16:00 AM,8/15/2026 6:20:00 AM,MAX_OPERATING_MW,1.60,
8/15/2026 6:20:00 AM,RTD,CLUZ,03TANWIND_G01,G,8/15/2026 6:16:00 AM,8/15/2026 6:20:00 AM,MIN_OPERATING_MW,1.60,
8/15/2026 6:20:00 AM,RTD,CLUZ,03TANWIND_G01,G,8/15/2026 6:21:00 AM,8/15/2026 6:25:00 AM,MAX_OPERATING_MW,1.60,
8/15/2026 6:20:00 AM,RTD,CLUZ,03TANWIND_G01,G,8/15/2026 6:21:00 AM,8/15/2026 6:25:00 AM,MIN_OPERATING_MW,1.60,
8/15/2026 6:20:00 AM,RTD,CVIS,04ISIDROSOL_G01,G,8/15/2026 6:01:00 AM,8/15/2026 7:00:00 AM,MAX_OPERATING_MW,10.40,
8/15/2026 6:20:00 AM,RTD,CVIS,04ISIDROSOL_G01,G,8/15/2026 6:01:00 AM,8/15/2026 7:00:00 AM,MIN_OPERATING_MW,10.40,
8/15/2026 6:20:00 AM,RTD,CVIS,06SLYSOL_G02,G,8/15/2026 6:01:00 AM,8/15/2026 7:00:00 AM,MAX_OPERATING_MW,2.82,
8/15/2026 6:20:00 AM,RTD,CVIS,06SLYSOL_G02,G,8/15/2026 6:01:00 AM,8/15/2026 7:00:00 AM,MIN_OPERATING_MW,2.82,
8/15/2026 6:20:00 AM,RTD,CVIS,06SLYSOL_G03,G,8/15/2026 6:01:00 AM,8/15/2026 7:00:00 AM,MAX_OPERATING_MW,1.74,
8/15/2026 6:20:00 AM,RTD,CVIS,06SLYSOL_G03,G,8/15/2026 6:01:00 AM,8/15/2026 7:00:00 AM,MIN_OPERATING_MW,1.74,
8/15/2026 6:20:00 AM,RTD,CMIN,10LIAN_G02,G,8/15/2026,8/15/2026 11:59:00 PM,MAX_OPERATING_MW,6.60,
8/15/2026 6:20:00 AM,RTD,CMIN,10LIAN_G02,G,8/15/2026,8/15/2026 11:59:00 PM,MIN_OPERATING_MW,6.60,
8/15/2026 6:20:00 AM,RTD,CMIN,14TANTASOL_G01,G,8/15/2026 6:01:00 AM,8/15/2026 7:00:00 AM,MAX_OPERATING_MW,13,
8/15/2026 6:20:00 AM,RTD,CMIN,14TANTASOL_G01,G,8/15/2026 6:01:00 AM,8/15/2026 7:00:00 AM,MIN_OPERATING_MW,13,
8/15/2026 6:25:00 AM,RTD,CLUZ,01BARBASOL_G01,G,8/15/2026 6:21:00 AM,8/15/2026 6:25:00 AM,MAX_OPERATING_MW,4.33,
8/15/2026 6:25:00 AM,RTD,CLUZ,01BARBASOL_G01,G,8/15/2026 6:21:00 AM,8/15/2026 6:25:00 AM,MIN_OPERATING_MW,4.33,
8/15/2026 6:25:00 AM,RTD,CLUZ,01BARBASOL_G01,G,8/15/2026 6:26:00 AM,8/15/2026 6:30:00 AM,MAX_OPERATING_MW,5.45,
8/15/2026 6:25:00 AM,RTD,CLUZ,01BARBASOL_G01,G,8/15/2026 6:26:00 AM,8/15/2026 6:30:00 AM,MIN_OPERATING_MW,5.45,
8/15/2026 6:25:00 AM,RTD,CLUZ,01BUGSOL_G01,G,8/15/2026 6:21:00 AM,8/15/2026 6:25:00 AM,MAX_OPERATING_MW,3.50,
8/15/2026 6:25:00 AM,RTD,CLUZ,01BUGSOL_G01,G,8/15/2026 6:21:00 AM,8/15/2026 6:25:00 AM,MIN_OPERATING_MW,3.50,
8/15/2026 6:25:00 AM,RTD,CLUZ,01BUGSOL_G01,G,8/15/2026 6:26:00 AM,8/15/2026 6:30:00 AM,MAX_OPERATING_MW,4.40,
8/15/2026 6:25:00 AM,RTD,CLUZ,01BUGSOL_G01,G,8/15/2026 6:26:00 AM,8/15/2026 6:30:00 AM,MIN_OPERATING_MW,4.40,
8/15/2026 6:25:00 AM,RTD,CLUZ,01BULACSOL_G01,G,8/15/2026 6:01:00 AM,8/15/2026 7:00:00 AM,MAX_OPERATING_MW,1.17,
8/15/2026 6:25:00 AM,RTD,CLUZ,01BULACSOL_G01,G,8/15/2026 6:01:00 AM,8/15/2026 7:00:00 AM,MIN_OPERATING_MW,1.17,
8/15/2026 6:25:00 AM,RTD,CLUZ,01CONSOL_G01,G,8/15/2026 6:21:00 AM,8/15/2026 6:25:00 AM,MAX_OPERATING_MW,4.56,
8/15/2026 6:25:00 AM,RTD,CLUZ,01CONSOL_G01,G,8/15/2026 6:21:00 AM,8/15/2026 6:25:00 AM,MIN_OPERATING_MW,4.56,
8/15/2026 6:25:00 AM,RTD,CLUZ,01CONSOL_G01,G,8/15/2026 6:26:00 AM,8/15/2026 6:30:00 AM,MAX_OPERATING_MW,5.90,
8/15/2026 6:25:00 AM,RTD,CLUZ,01CONSOL_G01,G,8/15/2026 6:26:00 AM,8/15/2026 6:30:00 AM,MIN_OPERATING_MW,5.90,
8/15/2026 6:25:00 AM,RTD,CLUZ,01PASBUSOL_G01,G,8/15/2026 6:01:00 AM,8/15/2026 7:00:00 AM,MAX_OPERATING_MW,3.76,
8/15/2026 6:25:00 AM,RTD,CLUZ,01PASBUSOL_G01,G,8/15/2026 6:01:00 AM,8/15/2026 7:00:00 AM,MIN_OPERATING_MW,3.76,
8/15/2026 6:25:00 AM,RTD,CLUZ,01TERRASOL_G01,G,8/15/2026 6:01:00 AM,8/15/2026 12:00:00 PM,MAX_OPERATING_MW,10,
8/15/2026 6:25:00 AM,RTD,CLUZ,01TERRASOL_G01,G,8/15/2026 6:01:00 AM,8/15/2026 12:00:00 PM,MIN_OPERATING_MW,10,
8/15/2026 6:25:00 AM,RTD,CLUZ,03LUMBSOL_G01,G,8/15/2026 6:21:00 AM,8/15/2026 6:25:00 AM,MAX_OPERATING_MW,1,
8/15/2026 6:25:00 AM,RTD,CLUZ,03LUMBSOL_G01,G,8/15/2026 6:21:00 AM,8/15/2026 6:25:00 AM,MIN_OPERATING_MW,1,
8/15/2026 6:25:00 AM,RTD,CLUZ,03LUMBSOL_G01,G,8/15/2026 6:26:00 AM,8/15/2026 6:30:00 AM,MAX_OPERATING_MW,1,
8/15/2026 6:25:00 AM,RTD,CLUZ,03LUMBSOL_G01,G,8/15/2026 6:26:00 AM,8/15/2026 6:30:00 AM,MIN_OPERATING_MW,1,
8/15/2026 6:25:00 AM,RTD,CLUZ,03LUNSOL_G01,G,8/15/2026 6:21:00 AM,8/15/2026 6:25:00 AM,MAX_OPERATING_MW,3.29,
8/15/2026 6:25:00 AM,RTD,CLUZ,03LUNSOL_G01,G,8/15/2026 6:21:00 AM,8/15/2026 6:25:00 AM,MIN_OPERATING_MW,3.29,
8/15/2026 6:25:00 AM,RTD,CLUZ,03LUNSOL_G01,G,8/15/2026 6:26:00 AM,8/15/2026 6:30:00 AM,MAX_OPERATING_MW,4.07,
8/15/2026 6:25:00 AM,RTD,CLUZ,03LUNSOL_G01,G,8/15/2026 6:26:00 AM,8/15/2026 6:30:00 AM,MIN_OPERATING_MW,4.07,
8/15/2026 6:25:00 AM,RTD,CLUZ,03TANWIND_G01,G,8/15/2026 6:21:00 AM,8/15/2026 6:25:00 AM,MAX_OPERATING_MW,1.60,
8/15/2026 6:25:00 AM,RTD,CLUZ,03TANWIND_G01,G,8/15/2026 6:21:00 AM,8/15/2026 6:25:00 AM,MIN_OPERATING_MW,1.60,
8/15/2026 6:25:00 AM,RTD,CLUZ,03TANWIND_G01,G,8/15/2026 6:26:00 AM,8/15/2026 6:30:00 AM,MAX_OPERATING_MW,1.60,
8/15/2026 6:25:00 AM,RTD,CLUZ,03TANWIND_G01,G,8/15/2026 6:26:00 AM,8/15/2026 6:30:00 AM,MIN_OPERATING_MW,1.60,
8/15/2026 6:25:00 AM,RTD,CVIS,04ISIDROSOL_G01,G,8/15/2026 6:01:00 AM,8/15/2026 7:00:00 AM,MAX_OPERATING_MW,10.40,
8/15/2026 6:25:00 AM,RTD,CVIS,04ISIDROSOL_G01,G,8/15/2026 6:01:00 AM,8/15/2026 7:00:00 AM,MIN_OPERATING_MW,10.40,
8/15/2026 6:25:00 AM,RTD,CVIS,06SLYSOL_G02,G,8/15/2026 6:01:00 AM,8/15/2026 7:00:00 AM,MAX_OPERATING_MW,2.82,
8/15/2026 6:25:00 AM,RTD,CVIS,06SLYSOL_G02,G,8/15/2026 6:01:00 AM,8/15/2026 7:00:00 AM,MIN_OPERATING_MW,2.82,
8/15/2026 6:25:00 AM,RTD,CVIS,06SLYSOL_G03,G,8/15/2026 6:01:00 AM,8/15/2026 7:00:00 AM,MAX_OPERATING_MW,1.74,
8/15/2026 6:25:00 AM,RTD,CVIS,06SLYSOL_G03,G,8/15/2026 6:01:00 AM,8/15/2026 7:00:00 AM,MIN_OPERATING_MW,1.74,
8/15/2026 6:25:00 AM,RTD,CMIN,10LIAN_G02,G,8/15/2026,8/15/2026 11:59:00 PM,MAX_OPERATING_MW,6.60,
8/15/2026 6:25:00 AM,RTD,CMIN,10LIAN_G02,G,8/15/2026,8/15/2026 11:59:00 PM,MIN_OPERATING_MW,6.60,
8/15/2026 6:25:00 AM,RTD,CMIN,14TANTASOL_G01,G,8/15/2026 6:01:00 AM,8/15/2026 7:00:00 AM,MAX_OPERATING_MW,13,
8/15/2026 6:25:00 AM,RTD,CMIN,14TANTASOL_G01,G,8/15/2026 6:01:00 AM,8/15/2026 7:00:00 AM,MIN_OPERATING_MW,13,
8/15/2026 6:30:00 AM,RTD,CLUZ,01BARBASOL_G01,G,8/15/2026 6:26:00 AM,8/15/2026 6:30:00 AM,MAX_OPERATING_MW,5.45,
8/15/2026 6:30:00 AM,RTD,CLUZ,01BARBASOL_G01,G,8/15/2026 6:26:00 AM,8/15/2026 6:30:00 AM,MIN_OPERATING_MW,5.45,
8/15/2026 6:30:00 AM,RTD,CLUZ,01BARBASOL_G01,G,8/15/2026 6:31:00 AM,8/15/2026 6:35:00 AM,MAX_OPERATING_MW,6.67,
8/15/2026 6:30:00 AM,RTD,CLUZ,01BARBASOL_G01,G,8/15/2026 6:31:00 AM,8/15/2026 6:35:00 AM,MIN_OPERATING_MW,6.67,
8/15/2026 6:30:00 AM,RTD,CLUZ,01BUGSOL_G01,G,8/15/2026 6:26:00 AM,8/15/2026 6:30:00 AM,MAX_OPERATING_MW,4.40,
8/15/2026 6:30:00 AM,RTD,CLUZ,01BUGSOL_G01,G,8/15/2026 6:26:00 AM,8/15/2026 6:30:00 AM,MIN_OPERATING_MW,4.40,
8/15/2026 6:30:00 AM,RTD,CLUZ,01BUGSOL_G01,G,8/15/2026 6:31:00 AM,8/15/2026 6:35:00 AM,MAX_OPERATING_MW,4.60,
8/15/2026 6:30:00 AM,RTD,CLUZ,01BUGSOL_G01,G,8/15/2026 6:31:00 AM,8/15/2026 6:35:00 AM,MIN_OPERATING_MW,4.60,
8/15/2026 6:30:00 AM,RTD,CLUZ,01BULACSOL_G01,G,8/15/2026 6:01:00 AM,8/15/2026 7:00:00 AM,MAX_OPERATING_MW,1.17,
8/15/2026 6:30:00 AM,RTD,CLUZ,01BULACSOL_G01,G,8/15/2026 6:01:00 AM,8/15/2026 7:00:00 AM,MIN_OPERATING_MW,1.17,
8/15/2026 6:30:00 AM,RTD,CLUZ,01CONSOL_G01,G,8/15/2026 6:26:00 AM,8/15/2026 6:30:00 AM,MAX_OPERATING_MW,5.90,
8/15/2026 6:30:00 AM,RTD,CLUZ,01CONSOL_G01,G,8/15/2026 6:26:00 AM,8/15/2026 6:30:00 AM,MIN_OPERATING_MW,5.90,
8/15/2026 6:30:00 AM,RTD,CLUZ,01CONSOL_G01,G,8/15/2026 6:31:00 AM,8/15/2026 6:35:00 AM,MAX_OPERATING_MW,7.39,
8/15/2026 6:30:00 AM,RTD,CLUZ,01CONSOL_G01,G,8/15/2026 6:31:00 AM,8/15/2026 6:35:00 AM,MIN_OPERATING_MW,7.39,
8/15/2026 6:30:00 AM,RTD,CLUZ,01PASBUSOL_G01,G,8/15/2026 6:01:00 AM,8/15/2026 7:00:00 AM,MAX_OPERATING_MW,3.76,
8/15/2026 6:30:00 AM,RTD,CLUZ,01PASBUSOL_G01,G,8/15/2026 6:01:00 AM,8/15/2026 7:00:00 AM,MIN_OPERATING_MW,3.76,
8/15/2026 6:30:00 AM,RTD,CLUZ,01TERRASOL_G01,G,8/15/2026 6:01:00 AM,8/15/2026 12:00:00 PM,MAX_OPERATING_MW,10,
8/15/2026 6:30:00 AM,RTD,CLUZ,01TERRASOL_G01,G,8/15/2026 6:01:00 AM,8/15/2026 12:00:00 PM,MIN_OPERATING_MW,10,
8/15/2026 6:30:00 AM,RTD,CLUZ,03LUMBSOL_G01,G,8/15/2026 6:26:00 AM,8/15/2026 6:30:00 AM,MAX_OPERATING_MW,1,
8/15/2026 6:30:00 AM,RTD,CLUZ,03LUMBSOL_G01,G,8/15/2026 6:26:00 AM,8/15/2026 6:30:00 AM,MIN_OPERATING_MW,1,
8/15/2026 6:30:00 AM,RTD,CLUZ,03LUMBSOL_G01,G,8/15/2026 6:31:00 AM,8/15/2026 6:35:00 AM,MAX_OPERATING_MW,1,
8/15/2026 6:30:00 AM,RTD,CLUZ,03LUMBSOL_G01,G,8/15/2026 6:31:00 AM,8/15/2026 6:35:00 AM,MIN_OPERATING_MW,1,
8/15/2026 6:30:00 AM,RTD,CLUZ,03LUNSOL_G01,G,8/15/2026 6:26:00 AM,8/15/2026 6:30:00 AM,MAX_OPERATING_MW,4.07,
8/15/2026 6:30:00 AM,RTD,CLUZ,03LUNSOL_G01,G,8/15/2026 6:26:00 AM,8/15/2026 6:30:00 AM,MIN_OPERATING_MW,4.07,
8/15/2026 6:30:00 AM,RTD,CLUZ,03LUNSOL_G01,G,8/15/2026 6:31:00 AM,8/15/2026 6:35:00 AM,MAX_OPERATING_MW,4.89,
8/15/2026 6:30:00 AM,RTD,CLUZ,03LUNSOL_G01,G,8/15/2026 6:31:00 AM,8/15/2026 6:35:00 AM,MIN_OPERATING_MW,4.89,
8/15/2026 6:30:00 AM,RTD,CLUZ,03TANWIND_G01,G,8/15/2026 6:26:00 AM,8/15/2026 6:30:00 AM,MAX_OPERATING_MW,1.60,
8/15/2026 6:30:00 AM,RTD,CLUZ,03TANWIND_G01,G,8/15/2026 6:26:00 AM,8/15/2026 6:30:00 AM,MIN_OPERATING_MW,1.60,
8/15/2026 6:30:00 AM,RTD,CLUZ,03TANWIND_G01,G,8/15/2026 6:31:00 AM,8/15/2026 6:35:00 AM,MAX_OPERATING_MW,1.60,
8/15/2026 6:30:00 AM,RTD,CLUZ,03TANWIND_G01,G,8/15/2026 6:31:00 AM,8/15/2026 6:35:00 AM,MIN_OPERATING_MW,1.60,
8/15/2026 6:30:00 AM,RTD,CVIS,04ISIDROSOL_G01,G,8/15/2026 6:01:00 AM,8/15/2026 7:00:00 AM,MAX_OPERATING_MW,10.40,
8/15/2026 6:30:00 AM,RTD,CVIS,04ISIDROSOL_G01,G,8/15/2026 6:01:00 AM,8/15/2026 7:00:00 AM,MIN_OPERATING_MW,10.40,
8/15/2026 6:30:00 AM,RTD,CVIS,06SLYSOL_G02,G,8/15/2026 6:01:00 AM,8/15/2026 7:00:00 AM,MAX_OPERATING_MW,2.82,
8/15/2026 6:30:00 AM,RTD,CVIS,06SLYSOL_G02,G,8/15/2026 6:01:00 AM,8/15/2026 7:00:00 AM,MIN_OPERATING_MW,2.82,
8/15/2026 6:30:00 AM,RTD,CVIS,06SLYSOL_G03,G,8/15/2026 6:01:00 AM,8/15/2026 7:00:00 AM,MAX_OPERATING_MW,1.74,
8/15/2026 6:30:00 AM,RTD,CVIS,06SLYSOL_G03,G,8/15/2026 6:01:00 AM,8/15/2026 7:00:00 AM,MIN_OPERATING_MW,1.74,
8/15/2026 6:30:00 AM,RTD,CMIN,10LIAN_G02,G,8/15/2026,8/15/2026 11:59:00 PM,MAX_OPERATING_MW,6.60,
8/15/2026 6:30:00 AM,RTD,CMIN,10LIAN_G02,G,8/15/2026,8/15/2026 11:59:00 PM,MIN_OPERATING_MW,6.60,
8/15/2026 6:30:00 AM,RTD,CMIN,14TANTASOL_G01,G,8/15/2026 6:01:00 AM,8/15/2026 7:00:00 AM,MAX_OPERATING_MW,13,
8/15/2026 6:30:00 AM,RTD,CMIN,14TANTASOL_G01,G,8/15/2026 6:01:00 AM,8/15/2026 7:00:00 AM,MIN_OPERATING_MW,13,
8/15/2026 6:35:00 AM,RTD,CLUZ,01BARBASOL_G01,G,8/15/2026 6:31:00 AM,8/15/2026 6:35:00 AM,MAX_OPERATING_MW,6.67,
8/15/2026 6:35:00 AM,RTD,CLUZ,01BARBASOL_G01,G,8/15/2026 6:31:00 AM,8/15/2026 6:35:00 AM,MIN_OPERATING_MW,6.67,
8/15/2026 6:35:00 AM,RTD,CLUZ,01BARBASOL_G01,G,8/15/2026 6:36:00 AM,8/15/2026 6:40:00 AM,MAX_OPERATING_MW,7.97,
8/15/2026 6:35:00 AM,RTD,CLUZ,01BARBASOL_G01,G,8/15/2026 6:36:00 AM,8/15/2026 6:40:00 AM,MIN_OPERATING_MW,7.97,
8/15/2026 6:35:00 AM,RTD,CLUZ,01BUGSOL_G01,G,8/15/2026 6:31:00 AM,8/15/2026 6:35:00 AM,MAX_OPERATING_MW,4.60,
8/15/2026 6:35:00 AM,RTD,CLUZ,01BUGSOL_G01,G,8/15/2026 6:31:00 AM,8/15/2026 6:35:00 AM,MIN_OPERATING_MW,4.60,
8/15/2026 6:35:00 AM,RTD,CLUZ,01BUGSOL_G01,G,8/15/2026 6:36:00 AM,8/15/2026 6:40:00 AM,MAX_OPERATING_MW,9,
8/15/2026 6:35:00 AM,RTD,CLUZ,01BUGSOL_G01,G,8/15/2026 6:36:00 AM,8/15/2026 6:40:00 AM,MIN_OPERATING_MW,9,
8/15/2026 6:35:00 AM,RTD,CLUZ,01BULACSOL_G01,G,8/15/2026 6:01:00 AM,8/15/2026 7:00:00 AM,MAX_OPERATING_MW,1.17,
8/15/2026 6:35:00 AM,RTD,CLUZ,01BULACSOL_G01,G,8/15/2026 6:01:00 AM,8/15/2026 7:00:00 AM,MIN_OPERATING_MW,1.17,
8/15/2026 6:35:00 AM,RTD,CLUZ,01CONSOL_G01,G,8/15/2026 6:31:00 AM,8/15/2026 6:35:00 AM,MAX_OPERATING_MW,7.39,
8/15/2026 6:35:00 AM,RTD,CLUZ,01CONSOL_G01,G,8/15/2026 6:31:00 AM,8/15/2026 6:35:00 AM,MIN_OPERATING_MW,7.39,
8/15/2026 6:35:00 AM,RTD,CLUZ,01CONSOL_G01,G,8/15/2026 6:36:00 AM,8/15/2026 6:40:00 AM,MAX_OPERATING_MW,9.04,
8/15/2026 6:35:00 AM,RTD,CLUZ,01CONSOL_G01,G,8/15/2026 6:36:00 AM,8/15/2026 6:40:00 AM,MIN_OPERATING_MW,9.04,
8/15/2026 6:35:00 AM,RTD,CLUZ,01PASBUSOL_G01,G,8/15/2026 6:01:00 AM,8/15/2026 7:00:00 AM,MAX_OPERATING_MW,3.76,
8/15/2026 6:35:00 AM,RTD,CLUZ,01PASBUSOL_G01,G,8/15/2026 6:01:00 AM,8/15/2026 7:00:00 AM,MIN_OPERATING_MW,3.76,
8/15/2026 6:35:00 AM,RTD,CLUZ,01TERRASOL_G01,G,8/15/2026 6:01:00 AM,8/15/2026 12:00:00 PM,MAX_OPERATING_MW,10,
8/15/2026 6:35:00 AM,RTD,CLUZ,01TERRASOL_G01,G,8/15/2026 6:01:00 AM,8/15/2026 12:00:00 PM,MIN_OPERATING_MW,10,
8/15/2026 6:35:00 AM,RTD,CLUZ,03LUMBSOL_G01,G,8/15/2026 6:31:00 AM,8/15/2026 6:35:00 AM,MAX_OPERATING_MW,1,
8/15/2026 6:35:00 AM,RTD,CLUZ,03LUMBSOL_G01,G,8/15/2026 6:31:00 AM,8/15/2026 6:35:00 AM,MIN_OPERATING_MW,1,
8/15/2026 6:35:00 AM,RTD,CLUZ,03LUMBSOL_G01,G,8/15/2026 6:36:00 AM,8/15/2026 6:40:00 AM,MAX_OPERATING_MW,1,
8/15/2026 6:35:00 AM,RTD,CLUZ,03LUMBSOL_G01,G,8/15/2026 6:36:00 AM,8/15/2026 6:40:00 AM,MIN_OPERATING_MW,1,
8/15/2026 6:35:00 AM,RTD,CLUZ,03LUNSOL_G01,G,8/15/2026 6:31:00 AM,8/15/2026 6:35:00 AM,MAX_OPERATING_MW,4.89,
8/15/2026 6:35:00 AM,RTD,CLUZ,03LUNSOL_G01,G,8/15/2026 6:31:00 AM,8/15/2026 6:35:00 AM,MIN_OPERATING_MW,4.89,
8/15/2026 6:35:00 AM,RTD,CLUZ,03LUNSOL_G01,G,8/15/2026 6:36:00 AM,8/15/2026 6:40:00 AM,MAX_OPERATING_MW,5.74,
8/15/2026 6:35:00 AM,RTD,CLUZ,03LUNSOL_G01,G,8/15/2026 6:36:00 AM,8/15/2026 6:40:00 AM,MIN_OPERATING_MW,5.74,
8/15/2026 6:35:00 AM,RTD,CLUZ,03TANWIND_G01,G,8/15/2026 6:31:00 AM,8/15/2026 6:35:00 AM,MAX_OPERATING_MW,1.60,
8/15/2026 6:35:00 AM,RTD,CLUZ,03TANWIND_G01,G,8/15/2026 6:31:00 AM,8/15/2026 6:35:00 AM,MIN_OPERATING_MW,1.60,
8/15/2026 6:35:00 AM,RTD,CLUZ,03TANWIND_G01,G,8/15/2026 6:36:00 AM,8/15/2026 6:40:00 AM,MAX_OPERATING_MW,1.60,
8/15/2026 6:35:00 AM,RTD,CLUZ,03TANWIND_G01,G,8/15/2026 6:36:00 AM,8/15/2026 6:40:00 AM,MIN_OPERATING_MW,1.60,
8/15/2026 6:35:00 AM,RTD,CVIS,04ISIDROSOL_G01,G,8/15/2026 6:01:00 AM,8/15/2026 7:00:00 AM,MAX_OPERATING_MW,10.40,
8/15/2026 6:35:00 AM,RTD,CVIS,04ISIDROSOL_G01,G,8/15/2026 6:01:00 AM,8/15/2026 7:00:00 AM,MIN_OPERATING_MW,10.40,
8/15/2026 6:35:00 AM,RTD,CVIS,06SLYSOL_G02,G,8/15/2026 6:01:00 AM,8/15/2026 7:00:00 AM,MAX_OPERATING_MW,2.82,
8/15/2026 6:35:00 AM,RTD,CVIS,06SLYSOL_G02,G,8/15/2026 6:01:00 AM,8/15/2026 7:00:00 AM,MIN_OPERATING_MW,2.82,
8/15/2026 6:35:00 AM,RTD,CVIS,06SLYSOL_G03,G,8/15/2026 6:01:00 AM,8/15/2026 7:00:00 AM,MAX_OPERATING_MW,1.74,
8/15/2026 6:35:00 AM,RTD,CVIS,06SLYSOL_G03,G,8/15/2026 6:01:00 AM,8/15/2026 7:00:00 AM,MIN_OPERATING_MW,1.74,
8/15/2026 6:35:00 AM,RTD,CMIN,10LIAN_G02,G,8/15/2026,8/15/2026 11:59:00 PM,MAX_OPERATING_MW,6.60,
8/15/2026 6:35:00 AM,RTD,CMIN,10LIAN_G02,G,8/15/2026,8/15/2026 11:59:00 PM,MIN_OPERATING_MW,6.60,
8/15/2026 6:35:00 AM,RTD,CMIN,14TANTASOL_G01,G,8/15/2026 6:01:00 AM,8/15/2026 7:00:00 AM,MAX_OPERATING_MW,13,
8/15/2026 6:35:00 AM,RTD,CMIN,14TANTASOL_G01,G,8/15/2026 6:01:00 AM,8/15/2026 7:00:00 AM,MIN_OPERATING_MW,13,
8/15/2026 6:40:00 AM,RTD,CLUZ,01BARBASOL_G01,G,8/15/2026 6:36:00 AM,8/15/2026 6:40:00 AM,MAX_OPERATING_MW,7.97,
8/15/2026 6:40:00 AM,RTD,CLUZ,01BARBASOL_G01,G,8/15/2026 6:36:00 AM,8/15/2026 6:40:00 AM,MIN_OPERATING_MW,7.97,
8/15/2026 6:40:00 AM,RTD,CLUZ,01BARBASOL_G01,G,8/15/2026 6:41:00 AM,8/15/2026 6:45:00 AM,MAX_OPERATING_MW,9.35,
8/15/2026 6:40:00 AM,RTD,CLUZ,01BARBASOL_G01,G,8/15/2026 6:41:00 AM,8/15/2026 6:45:00 AM,MIN_OPERATING_MW,9.35,
8/15/2026 6:40:00 AM,RTD,CLUZ,01BUGSOL_G01,G,8/15/2026 6:36:00 AM,8/15/2026 6:40:00 AM,MAX_OPERATING_MW,9,
8/15/2026 6:40:00 AM,RTD,CLUZ,01BUGSOL_G01,G,8/15/2026 6:36:00 AM,8/15/2026 6:40:00 AM,MIN_OPERATING_MW,9,
8/15/2026 6:40:00 AM,RTD,CLUZ,01BUGSOL_G01,G,8/15/2026 6:41:00 AM,8/15/2026 6:45:00 AM,MAX_OPERATING_MW,13.30,
8/15/2026 6:40:00 AM,RTD,CLUZ,01BUGSOL_G01,G,8/15/2026 6:41:00 AM,8/15/2026 6:45:00 AM,MIN_OPERATING_MW,13.30,
8/15/2026 6:40:00 AM,RTD,CLUZ,01BULACSOL_G01,G,8/15/2026 6:01:00 AM,8/15/2026 7:00:00 AM,MAX_OPERATING_MW,1.17,
8/15/2026 6:40:00 AM,RTD,CLUZ,01BULACSOL_G01,G,8/15/2026 6:01:00 AM,8/15/2026 7:00:00 AM,MIN_OPERATING_MW,1.17,
8/15/2026 6:40:00 AM,RTD,CLUZ,01CONSOL_G01,G,8/15/2026 6:36:00 AM,8/15/2026 6:40:00 AM,MAX_OPERATING_MW,9.04,
8/15/2026 6:40:00 AM,RTD,CLUZ,01CONSOL_G01,G,8/15/2026 6:36:00 AM,8/15/2026 6:40:00 AM,MIN_OPERATING_MW,9.04,
8/15/2026 6:40:00 AM,RTD,CLUZ,01CONSOL_G01,G,8/15/2026 6:41:00 AM,8/15/2026 6:45:00 AM,MAX_OPERATING_MW,10.83,
8/15/2026 6:40:00 AM,RTD,CLUZ,01CONSOL_G01,G,8/15/2026 6:41:00 AM,8/15/2026 6:45:00 AM,MIN_OPERATING_MW,10.83,
8/15/2026 6:40:00 AM,RTD,CLUZ,01PASBUSOL_G01,G,8/15/2026 6:01:00 AM,8/15/2026 7:00:00 AM,MAX_OPERATING_MW,3.76,
8/15/2026 6:40:00 AM,RTD,CLUZ,01PASBUSOL_G01,G,8/15/2026 6:01:00 AM,8/15/2026 7:00:00 AM,MIN_OPERATING_MW,3.76,
8/15/2026 6:40:00 AM,RTD,CLUZ,01TERRASOL_G01,G,8/15/2026 6:01:00 AM,8/15/2026 12:00:00 PM,MAX_OPERATING_MW,10,
8/15/2026 6:40:00 AM,RTD,CLUZ,01TERRASOL_G01,G,8/15/2026 6:01:00 AM,8/15/2026 12:00:00 PM,MIN_OPERATING_MW,10,
8/15/2026 6:40:00 AM,RTD,CLUZ,03LUMBSOL_G01,G,8/15/2026 6:36:00 AM,8/15/2026 6:40:00 AM,MAX_OPERATING_MW,1,
8/15/2026 6:40:00 AM,RTD,CLUZ,03LUMBSOL_G01,G,8/15/2026 6:36:00 AM,8/15/2026 6:40:00 AM,MIN_OPERATING_MW,1,
8/15/2026 6:40:00 AM,RTD,CLUZ,03LUMBSOL_G01,G,8/15/2026 6:41:00 AM,8/15/2026 6:45:00 AM,MAX_OPERATING_MW,1,
8/15/2026 6:40:00 AM,RTD,CLUZ,03LUMBSOL_G01,G,8/15/2026 6:41:00 AM,8/15/2026 6:45:00 AM,MIN_OPERATING_MW,1,
8/15/2026 6:40:00 AM,RTD,CLUZ,03LUNSOL_G01,G,8/15/2026 6:36:00 AM,8/15/2026 6:40:00 AM,MAX_OPERATING_MW,5.74,
8/15/2026 6:40:00 AM,RTD,CLUZ,03LUNSOL_G01,G,8/15/2026 6:36:00 AM,8/15/2026 6:40:00 AM,MIN_OPERATING_MW,5.74,
8/15/2026 6:40:00 AM,RTD,CLUZ,03LUNSOL_G01,G,8/15/2026 6:41:00 AM,8/15/2026 6:45:00 AM,MAX_OPERATING_MW,6.59,
8/15/2026 6:40:00 AM,RTD,CLUZ,03LUNSOL_G01,G,8/15/2026 6:41:00 AM,8/15/2026 6:45:00 AM,MIN_OPERATING_MW,6.59,
8/15/2026 6:40:00 AM,RTD,CLUZ,03TANWIND_G01,G,8/15/2026 6:36:00 AM,8/15/2026 6:40:00 AM,MAX_OPERATING_MW,1.60,
8/15/2026 6:40:00 AM,RTD,CLUZ,03TANWIND_G01,G,8/15/2026 6:36:00 AM,8/15/2026 6:40:00 AM,MIN_OPERATING_MW,1.60,
8/15/2026 6:40:00 AM,RTD,CLUZ,03TANWIND_G01,G,8/15/2026 6:41:00 AM,8/15/2026 6:45:00 AM,MAX_OPERATING_MW,1.60,
8/15/2026 6:40:00 AM,RTD,CLUZ,03TANWIND_G01,G,8/15/2026 6:41:00 AM,8/15/2026 6:45:00 AM,MIN_OPERATING_MW,1.60,
8/15/2026 6:40:00 AM,RTD,CVIS,04ISIDROSOL_G01,G,8/15/2026 6:01:00 AM,8/15/2026 7:00:00 AM,MAX_OPERATING_MW,10.40,
8/15/2026 6:40:00 AM,RTD,CVIS,04ISIDROSOL_G01,G,8/15/2026 6:01:00 AM,8/15/2026 7:00:00 AM,MIN_OPERATING_MW,10.40,
8/15/2026 6:40:00 AM,RTD,CVIS,06SLYSOL_G02,G,8/15/2026 6:01:00 AM,8/15/2026 7:00:00 AM,MAX_OPERATING_MW,2.82,
8/15/2026 6:40:00 AM,RTD,CVIS,06SLYSOL_G02,G,8/15/2026 6:01:00 AM,8/15/2026 7:00:00 AM,MIN_OPERATING_MW,2.82,
8/15/2026 6:40:00 AM,RTD,CVIS,06SLYSOL_G03,G,8/15/2026 6:01:00 AM,8/15/2026 7:00:00 AM,MAX_OPERATING_MW,1.74,
8/15/2026 6:40:00 AM,RTD,CVIS,06SLYSOL_G03,G,8/15/2026 6:01:00 AM,8/15/2026 7:00:00 AM,MIN_OPERATING_MW,1.74,
8/15/2026 6:40:00 AM,RTD,CMIN,10LIAN_G02,G,8/15/2026,8/15/2026 11:59:00 PM,MAX_OPERATING_MW,6.60,
8/15/2026 6:40:00 AM,RTD,CMIN,10LIAN_G02,G,8/15/2026,8/15/2026 11:59:00 PM,MIN_OPERATING_MW,6.60,
8/15/2026 6:40:00 AM,RTD,CMIN,14TANTASOL_G01,G,8/15/2026 6:01:00 AM,8/15/2026 7:00:00 AM,MAX_OPERATING_MW,13,
8/15/2026 6:40:00 AM,RTD,CMIN,14TANTASOL_G01,G,8/15/2026 6:01:00 AM,8/15/2026 7:00:00 AM,MIN_OPERATING_MW,13,
8/15/2026 6:45:00 AM,RTD,CLUZ,01BARBASOL_G01,G,8/15/2026 6:41:00 AM,8/15/2026 6:45:00 AM,MAX_OPERATING_MW,9.35,
8/15/2026 6:45:00 AM,RTD,CLUZ,01BARBASOL_G01,G,8/15/2026 6:41:00 AM,8/15/2026 6:45:00 AM,MIN_OPERATING_MW,9.35,
8/15/2026 6:45:00 AM,RTD,CLUZ,01BARBASOL_G01,G,8/15/2026 6:46:00 AM,8/15/2026 6:50:00 AM,MAX_OPERATING_MW,10.78,
8/15/2026 6:45:00 AM,RTD,CLUZ,01BARBASOL_G01,G,8/15/2026 6:46:00 AM,8/15/2026 6:50:00 AM,MIN_OPERATING_MW,10.78,
8/15/2026 6:45:00 AM,RTD,CLUZ,01BUGSOL_G01,G,8/15/2026 6:41:00 AM,8/15/2026 6:45:00 AM,MAX_OPERATING_MW,13.30,
8/15/2026 6:45:00 AM,RTD,CLUZ,01BUGSOL_G01,G,8/15/2026 6:41:00 AM,8/15/2026 6:45:00 AM,MIN_OPERATING_MW,13.30,
8/15/2026 6:45:00 AM,RTD,CLUZ,01BUGSOL_G01,G,8/15/2026 6:46:00 AM,8/15/2026 6:50:00 AM,MAX_OPERATING_MW,12.90,
8/15/2026 6:45:00 AM,RTD,CLUZ,01BUGSOL_G01,G,8/15/2026 6:46:00 AM,8/15/2026 6:50:00 AM,MIN_OPERATING_MW,12.90,
8/15/2026 6:45:00 AM,RTD,CLUZ,01BULACSOL_G01,G,8/15/2026 6:01:00 AM,8/15/2026 7:00:00 AM,MAX_OPERATING_MW,1.17,
8/15/2026 6:45:00 AM,RTD,CLUZ,01BULACSOL_G01,G,8/15/2026 6:01:00 AM,8/15/2026 7:00:00 AM,MIN_OPERATING_MW,1.17,
8/15/2026 6:45:00 AM,RTD,CLUZ,01CONSOL_G01,G,8/15/2026 6:41:00 AM,8/15/2026 6:45:00 AM,MAX_OPERATING_MW,10.83,
8/15/2026 6:45:00 AM,RTD,CLUZ,01CONSOL_G01,G,8/15/2026 6:41:00 AM,8/15/2026 6:45:00 AM,MIN_OPERATING_MW,10.83,
8/15/2026 6:45:00 AM,RTD,CLUZ,01CONSOL_G01,G,8/15/2026 6:46:00 AM,8/15/2026 6:50:00 AM,MAX_OPERATING_MW,12.76,
8/15/2026 6:45:00 AM,RTD,CLUZ,01CONSOL_G01,G,8/15/2026 6:46:00 AM,8/15/2026 6:50:00 AM,MIN_OPERATING_MW,12.76,
8/15/2026 6:45:00 AM,RTD,CLUZ,01PASBUSOL_G01,G,8/15/2026 6:01:00 AM,8/15/2026 7:00:00 AM,MAX_OPERATING_MW,3.76,
8/15/2026 6:45:00 AM,RTD,CLUZ,01PASBUSOL_G01,G,8/15/2026 6:01:00 AM,8/15/2026 7:00:00 AM,MIN_OPERATING_MW,3.76,
8/15/2026 6:45:00 AM,RTD,CLUZ,01TERRASOL_G01,G,8/15/2026 6:01:00 AM,8/15/2026 12:00:00 PM,MAX_OPERATING_MW,10,
8/15/2026 6:45:00 AM,RTD,CLUZ,01TERRASOL_G01,G,8/15/2026 6:01:00 AM,8/15/2026 12:00:00 PM,MIN_OPERATING_MW,10,
8/15/2026 6:45:00 AM,RTD,CLUZ,03LUMBSOL_G01,G,8/15/2026 6:41:00 AM,8/15/2026 6:45:00 AM,MAX_OPERATING_MW,1,
8/15/2026 6:45:00 AM,RTD,CLUZ,03LUMBSOL_G01,G,8/15/2026 6:41:00 AM,8/15/2026 6:45:00 AM,MIN_OPERATING_MW,1,
8/15/2026 6:45:00 AM,RTD,CLUZ,03LUMBSOL_G01,G,8/15/2026 6:46:00 AM,8/15/2026 6:50:00 AM,MAX_OPERATING_MW,1,
8/15/2026 6:45:00 AM,RTD,CLUZ,03LUMBSOL_G01,G,8/15/2026 6:46:00 AM,8/15/2026 6:50:00 AM,MIN_OPERATING_MW,1,
8/15/2026 6:45:00 AM,RTD,CLUZ,03LUNSOL_G01,G,8/15/2026 6:41:00 AM,8/15/2026 6:45:00 AM,MAX_OPERATING_MW,6.59,
8/15/2026 6:45:00 AM,RTD,CLUZ,03LUNSOL_G01,G,8/15/2026 6:41:00 AM,8/15/2026 6:45:00 AM,MIN_OPERATING_MW,6.59,
8/15/2026 6:45:00 AM,RTD,CLUZ,03LUNSOL_G01,G,8/15/2026 6:46:00 AM,8/15/2026 6:50:00 AM,MAX_OPERATING_MW,7.44,
8/15/2026 6:45:00 AM,RTD,CLUZ,03LUNSOL_G01,G,8/15/2026 6:46:00 AM,8/15/2026 6:50:00 AM,MIN_OPERATING_MW,7.44,
8/15/2026 6:45:00 AM,RTD,CLUZ,03TANWIND_G01,G,8/15/2026 6:41:00 AM,8/15/2026 6:45:00 AM,MAX_OPERATING_MW,1.60,
8/15/2026 6:45:00 AM,RTD,CLUZ,03TANWIND_G01,G,8/15/2026 6:41:00 AM,8/15/2026 6:45:00 AM,MIN_OPERATING_MW,1.60,
8/15/2026 6:45:00 AM,RTD,CLUZ,03TANWIND_G01,G,8/15/2026 6:46:00 AM,8/15/2026 6:50:00 AM,MAX_OPERATING_MW,1.60,
8/15/2026 6:45:00 AM,RTD,CLUZ,03TANWIND_G01,G,8/15/2026 6:46:00 AM,8/15/2026 6:50:00 AM,MIN_OPERATING_MW,1.60,
8/15/2026 6:45:00 AM,RTD,CVIS,04ISIDROSOL_G01,G,8/15/2026 6:01:00 AM,8/15/2026 7:00:00 AM,MAX_OPERATING_MW,10.40,
8/15/2026 6:45:00 AM,RTD,CVIS,04ISIDROSOL_G01,G,8/15/2026 6:01:00 AM,8/15/2026 7:00:00 AM,MIN_OPERATING_MW,10.40,
8/15/2026 6:45:00 AM,RTD,CVIS,06SLYSOL_G02,G,8/15/2026 6:01:00 AM,8/15/2026 7:00:00 AM,MAX_OPERATING_MW,2.82,
8/15/2026 6:45:00 AM,RTD,CVIS,06SLYSOL_G02,G,8/15/2026 6:01:00 AM,8/15/2026 7:00:00 AM,MIN_OPERATING_MW,2.82,
8/15/2026 6:45:00 AM,RTD,CVIS,06SLYSOL_G03,G,8/15/2026 6:01:00 AM,8/15/2026 7:00:00 AM,MAX_OPERATING_MW,1.74,
8/15/2026 6:45:00 AM,RTD,CVIS,06SLYSOL_G03,G,8/15/2026 6:01:00 AM,8/15/2026 7:00:00 AM,MIN_OPERATING_MW,1.74,
8/15/2026 6:45:00 AM,RTD,CMIN,10LIAN_G02,G,8/15/2026,8/15/2026 11:59:00 PM,MAX_OPERATING_MW,6.60,
8/15/2026 6:45:00 AM,RTD,CMIN,10LIAN_G02,G,8/15/2026,8/15/2026 11:59:00 PM,MIN_OPERATING_MW,6.60,
8/15/2026 6:45:00 AM,RTD,CMIN,14TANTASOL_G01,G,8/15/2026 6:01:00 AM,8/15/2026 7:00:00 AM,MAX_OPERATING_MW,13,
8/15/2026 6:45:00 AM,RTD,CMIN,14TANTASOL_G01,G,8/15/2026 6:01:00 AM,8/15/2026 7:00:00 AM,MIN_OPERATING_MW,13,
8/15/2026 6:50:00 AM,RTD,CLUZ,01BARBASOL_G01,G,8/15/2026 6:46:00 AM,8/15/2026 6:50:00 AM,MAX_OPERATING_MW,10.78,
8/15/2026 6:50:00 AM,RTD,CLUZ,01BARBASOL_G01,G,8/15/2026 6:46:00 AM,8/15/2026 6:50:00 AM,MIN_OPERATING_MW,10.78,
8/15/2026 6:50:00 AM,RTD,CLUZ,01BARBASOL_G01,G,8/15/2026 6:51:00 AM,8/15/2026 6:55:00 AM,MAX_OPERATING_MW,12.26,
8/15/2026 6:50:00 AM,RTD,CLUZ,01BARBASOL_G01,G,8/15/2026 6:51:00 AM,8/15/2026 6:55:00 AM,MIN_OPERATING_MW,12.26,
8/15/2026 6:50:00 AM,RTD,CLUZ,01BUGSOL_G01,G,8/15/2026 6:46:00 AM,8/15/2026 6:50:00 AM,MAX_OPERATING_MW,12.90,
8/15/2026 6:50:00 AM,RTD,CLUZ,01BUGSOL_G01,G,8/15/2026 6:46:00 AM,8/15/2026 6:50:00 AM,MIN_OPERATING_MW,12.90,
8/15/2026 6:50:00 AM,RTD,CLUZ,01BUGSOL_G01,G,8/15/2026 6:51:00 AM,8/15/2026 6:55:00 AM,MAX_OPERATING_MW,15.60,
8/15/2026 6:50:00 AM,RTD,CLUZ,01BUGSOL_G01,G,8/15/2026 6:51:00 AM,8/15/2026 6:55:00 AM,MIN_OPERATING_MW,15.60,
8/15/2026 6:50:00 AM,RTD,CLUZ,01BULACSOL_G01,G,8/15/2026 6:01:00 AM,8/15/2026 7:00:00 AM,MAX_OPERATING_MW,1.17,
8/15/2026 6:50:00 AM,RTD,CLUZ,01BULACSOL_G01,G,8/15/2026 6:01:00 AM,8/15/2026 7:00:00 AM,MIN_OPERATING_MW,1.17,
8/15/2026 6:50:00 AM,RTD,CLUZ,01CONSOL_G01,G,8/15/2026 6:46:00 AM,8/15/2026 6:50:00 AM,MAX_OPERATING_MW,12.76,
8/15/2026 6:50:00 AM,RTD,CLUZ,01CONSOL_G01,G,8/15/2026 6:46:00 AM,8/15/2026 6:50:00 AM,MIN_OPERATING_MW,12.76,
8/15/2026 6:50:00 AM,RTD,CLUZ,01CONSOL_G01,G,8/15/2026 6:51:00 AM,8/15/2026 6:55:00 AM,MAX_OPERATING_MW,14.36,
8/15/2026 6:50:00 AM,RTD,CLUZ,01CONSOL_G01,G,8/15/2026 6:51:00 AM,8/15/2026 6:55:00 AM,MIN_OPERATING_MW,14.36,
8/15/2026 6:50:00 AM,RTD,CLUZ,01PASBUSOL_G01,G,8/15/2026 6:01:00 AM,8/15/2026 7:00:00 AM,MAX_OPERATING_MW,3.76,
8/15/2026 6:50:00 AM,RTD,CLUZ,01PASBUSOL_G01,G,8/15/2026 6:01:00 AM,8/15/2026 7:00:00 AM,MIN_OPERATING_MW,3.76,
8/15/2026 6:50:00 AM,RTD,CLUZ,01TERRASOL_G01,G,8/15/2026 6:01:00 AM,8/15/2026 12:00:00 PM,MAX_OPERATING_MW,10,
8/15/2026 6:50:00 AM,RTD,CLUZ,01TERRASOL_G01,G,8/15/2026 6:01:00 AM,8/15/2026 12:00:00 PM,MIN_OPERATING_MW,10,
8/15/2026 6:50:00 AM,RTD,CLUZ,03LUMBSOL_G01,G,8/15/2026 6:46:00 AM,8/15/2026 6:50:00 AM,MAX_OPERATING_MW,1,
8/15/2026 6:50:00 AM,RTD,CLUZ,03LUMBSOL_G01,G,8/15/2026 6:46:00 AM,8/15/2026 6:50:00 AM,MIN_OPERATING_MW,1,
8/15/2026 6:50:00 AM,RTD,CLUZ,03LUMBSOL_G01,G,8/15/2026 6:51:00 AM,8/15/2026 6:55:00 AM,MAX_OPERATING_MW,1,
8/15/2026 6:50:00 AM,RTD,CLUZ,03LUMBSOL_G01,G,8/15/2026 6:51:00 AM,8/15/2026 6:55:00 AM,MIN_OPERATING_MW,1,
8/15/2026 6:50:00 AM,RTD,CLUZ,03LUNSOL_G01,G,8/15/2026 6:46:00 AM,8/15/2026 6:50:00 AM,MAX_OPERATING_MW,7.44,
8/15/2026 6:50:00 AM,RTD,CLUZ,03LUNSOL_G01,G,8/15/2026 6:46:00 AM,8/15/2026 6:50:00 AM,MIN_OPERATING_MW,7.44,
8/15/2026 6:50:00 AM,RTD,CLUZ,03LUNSOL_G01,G,8/15/2026 6:51:00 AM,8/15/2026 6:55:00 AM,MAX_OPERATING_MW,8.28,
8/15/2026 6:50:00 AM,RTD,CLUZ,03LUNSOL_G01,G,8/15/2026 6:51:00 AM,8/15/2026 6:55:00 AM,MIN_OPERATING_MW,8.28,
8/15/2026 6:50:00 AM,RTD,CLUZ,03TANWIND_G01,G,8/15/2026 6:46:00 AM,8/15/2026 6:50:00 AM,MAX_OPERATING_MW,1.60,
8/15/2026 6:50:00 AM,RTD,CLUZ,03TANWIND_G01,G,8/15/2026 6:46:00 AM,8/15/2026 6:50:00 AM,MIN_OPERATING_MW,1.60,
8/15/2026 6:50:00 AM,RTD,CLUZ,03TANWIND_G01,G,8/15/2026 6:51:00 AM,8/15/2026 6:55:00 AM,MAX_OPERATING_MW,1.60,
8/15/2026 6:50:00 AM,RTD,CLUZ,03TANWIND_G01,G,8/15/2026 6:51:00 AM,8/15/2026 6:55:00 AM,MIN_OPERATING_MW,1.60,
8/15/2026 6:50:00 AM,RTD,CVIS,04ISIDROSOL_G01,G,8/15/2026 6:01:00 AM,8/15/2026 7:00:00 AM,MAX_OPERATING_MW,10.40,
8/15/2026 6:50:00 AM,RTD,CVIS,04ISIDROSOL_G01,G,8/15/2026 6:01:00 AM,8/15/2026 7:00:00 AM,MIN_OPERATING_MW,10.40,
8/15/2026 6:50:00 AM,RTD,CVIS,06SLYSOL_G02,G,8/15/2026 6:01:00 AM,8/15/2026 7:00:00 AM,MAX_OPERATING_MW,2.82,
8/15/2026 6:50:00 AM,RTD,CVIS,06SLYSOL_G02,G,8/15/2026 6:01:00 AM,8/15/2026 7:00:00 AM,MIN_OPERATING_MW,2.82,
8/15/2026 6:50:00 AM,RTD,CVIS,06SLYSOL_G03,G,8/15/2026 6:01:00 AM,8/15/2026 7:00:00 AM,MAX_OPERATING_MW,1.74,
8/15/2026 6:50:00 AM,RTD,CVIS,06SLYSOL_G03,G,8/15/2026 6:01:00 AM,8/15/2026 7:00:00 AM,MIN_OPERATING_MW,1.74,
8/15/2026 6:50:00 AM,RTD,CMIN,10LIAN_G02,G,8/15/2026,8/15/2026 11:59:00 PM,MAX_OPERATING_MW,6.60,
8/15/2026 6:50:00 AM,RTD,CMIN,10LIAN_G02,G,8/15/2026,8/15/2026 11:59:00 PM,MIN_OPERATING_MW,6.60,
8/15/2026 6:50:00 AM,RTD,CMIN,14TANTASOL_G01,G,8/15/2026 6:01:00 AM,8/15/2026 7:00:00 AM,MAX_OPERATING_MW,13,
8/15/2026 6:50:00 AM,RTD,CMIN,14TANTASOL_G01,G,8/15/2026 6:01:00 AM,8/15/2026 7:00:00 AM,MIN_OPERATING_MW,13,
8/15/2026 6:55:00 AM,RTD,CLUZ,01BARBASOL_G01,G,8/15/2026 6:51:00 AM,8/15/2026 6:55:00 AM,MAX_OPERATING_MW,12.26,
8/15/2026 6:55:00 AM,RTD,CLUZ,01BARBASOL_G01,G,8/15/2026 6:51:00 AM,8/15/2026 6:55:00 AM,MIN_OPERATING_MW,12.26,
8/15/2026 6:55:00 AM,RTD,CLUZ,01BARBASOL_G01,G,8/15/2026 6:56:00 AM,8/15/2026 7:00:00 AM,MAX_OPERATING_MW,13.76,
8/15/2026 6:55:00 AM,RTD,CLUZ,01BARBASOL_G01,G,8/15/2026 6:56:00 AM,8/15/2026 7:00:00 AM,MIN_OPERATING_MW,13.76,
8/15/2026 6:55:00 AM,RTD,CLUZ,01BUGSOL_G01,G,8/15/2026 6:51:00 AM,8/15/2026 6:55:00 AM,MAX_OPERATING_MW,15.60,
8/15/2026 6:55:00 AM,RTD,CLUZ,01BUGSOL_G01,G,8/15/2026 6:51:00 AM,8/15/2026 6:55:00 AM,MIN_OPERATING_MW,15.60,
8/15/2026 6:55:00 AM,RTD,CLUZ,01BUGSOL_G01,G,8/15/2026 6:56:00 AM,8/15/2026 7:00:00 AM,MAX_OPERATING_MW,19.20,
8/15/2026 6:55:00 AM,RTD,CLUZ,01BUGSOL_G01,G,8/15/2026 6:56:00 AM,8/15/2026 7:00:00 AM,MIN_OPERATING_MW,19.20,
8/15/2026 6:55:00 AM,RTD,CLUZ,01BULACSOL_G01,G,8/15/2026 6:01:00 AM,8/15/2026 7:00:00 AM,MAX_OPERATING_MW,1.17,
8/15/2026 6:55:00 AM,RTD,CLUZ,01BULACSOL_G01,G,8/15/2026 6:01:00 AM,8/15/2026 7:00:00 AM,MIN_OPERATING_MW,1.17,
8/15/2026 6:55:00 AM,RTD,CLUZ,01CONSOL_G01,G,8/15/2026 6:51:00 AM,8/15/2026 6:55:00 AM,MAX_OPERATING_MW,14.36,
8/15/2026 6:55:00 AM,RTD,CLUZ,01CONSOL_G01,G,8/15/2026 6:51:00 AM,8/15/2026 6:55:00 AM,MIN_OPERATING_MW,14.36,
8/15/2026 6:55:00 AM,RTD,CLUZ,01CONSOL_G01,G,8/15/2026 6:56:00 AM,8/15/2026 7:00:00 AM,MAX_OPERATING_MW,15.86,
8/15/2026 6:55:00 AM,RTD,CLUZ,01CONSOL_G01,G,8/15/2026 6:56:00 AM,8/15/2026 7:00:00 AM,MIN_OPERATING_MW,15.86,
8/15/2026 6:55:00 AM,RTD,CLUZ,01PASBUSOL_G01,G,8/15/2026 6:01:00 AM,8/15/2026 7:00:00 AM,MAX_OPERATING_MW,3.76,
8/15/2026 6:55:00 AM,RTD,CLUZ,01PASBUSOL_G01,G,8/15/2026 6:01:00 AM,8/15/2026 7:00:00 AM,MIN_OPERATING_MW,3.76,
8/15/2026 6:55:00 AM,RTD,CLUZ,01TERRASOL_G01,G,8/15/2026 6:01:00 AM,8/15/2026 12:00:00 PM,MAX_OPERATING_MW,10,
8/15/2026 6:55:00 AM,RTD,CLUZ,01TERRASOL_G01,G,8/15/2026 6:01:00 AM,8/15/2026 12:00:00 PM,MIN_OPERATING_MW,10,
8/15/2026 6:55:00 AM,RTD,CLUZ,03LUMBSOL_G01,G,8/15/2026 6:51:00 AM,8/15/2026 6:55:00 AM,MAX_OPERATING_MW,1,
8/15/2026 6:55:00 AM,RTD,CLUZ,03LUMBSOL_G01,G,8/15/2026 6:51:00 AM,8/15/2026 6:55:00 AM,MIN_OPERATING_MW,1,
8/15/2026 6:55:00 AM,RTD,CLUZ,03LUMBSOL_G01,G,8/15/2026 6:56:00 AM,8/15/2026 7:00:00 AM,MAX_OPERATING_MW,1,
8/15/2026 6:55:00 AM,RTD,CLUZ,03LUMBSOL_G01,G,8/15/2026 6:56:00 AM,8/15/2026 7:00:00 AM,MIN_OPERATING_MW,1,
8/15/2026 6:55:00 AM,RTD,CLUZ,03LUNSOL_G01,G,8/15/2026 6:51:00 AM,8/15/2026 6:55:00 AM,MAX_OPERATING_MW,8.28,
8/15/2026 6:55:00 AM,RTD,CLUZ,03LUNSOL_G01,G,8/15/2026 6:51:00 AM,8/15/2026 6:55:00 AM,MIN_OPERATING_MW,8.28,
8/15/2026 6:55:00 AM,RTD,CLUZ,03LUNSOL_G01,G,8/15/2026 6:56:00 AM,8/15/2026 7:00:00 AM,MAX_OPERATING_MW,9.09,
8/15/2026 6:55:00 AM,RTD,CLUZ,03LUNSOL_G01,G,8/15/2026 6:56:00 AM,8/15/2026 7:00:00 AM,MIN_OPERATING_MW,9.09,
8/15/2026 6:55:00 AM,RTD,CLUZ,03TANWIND_G01,G,8/15/2026 6:51:00 AM,8/15/2026 6:55:00 AM,MAX_OPERATING_MW,1.60,
8/15/2026 6:55:00 AM,RTD,CLUZ,03TANWIND_G01,G,8/15/2026 6:51:00 AM,8/15/2026 6:55:00 AM,MIN_OPERATING_MW,1.60,
8/15/2026 6:55:00 AM,RTD,CLUZ,03TANWIND_G01,G,8/15/2026 6:56:00 AM,8/15/2026 7:00:00 AM,MAX_OPERATING_MW,1.60,
8/15/2026 6:55:00 AM,RTD,CLUZ,03TANWIND_G01,G,8/15/2026 6:56:00 AM,8/15/2026 7:00:00 AM,MIN_OPERATING_MW,1.60,
8/15/2026 6:55:00 AM,RTD,CVIS,04ISIDROSOL_G01,G,8/15/2026 6:01:00 AM,8/15/2026 7:00:00 AM,MAX_OPERATING_MW,10.40,
8/15/2026 6:55:00 AM,RTD,CVIS,04ISIDROSOL_G01,G,8/15/2026 6:01:00 AM,8/15/2026 7:00:00 AM,MIN_OPERATING_MW,10.40,
8/15/2026 6:55:00 AM,RTD,CVIS,06SLYSOL_G02,G,8/15/2026 6:01:00 AM,8/15/2026 7:00:00 AM,MAX_OPERATING_MW,2.82,
8/15/2026 6:55:00 AM,RTD,CVIS,06SLYSOL_G02,G,8/15/2026 6:01:00 AM,8/15/2026 7:00:00 AM,MIN_OPERATING_MW,2.82,
8/15/2026 6:55:00 AM,RTD,CVIS,06SLYSOL_G03,G,8/15/2026 6:01:00 AM,8/15/2026 7:00:00 AM,MAX_OPERATING_MW,1.74,
8/15/2026 6:55:00 AM,RTD,CVIS,06SLYSOL_G03,G,8/15/2026 6:01:00 AM,8/15/2026 7:00:00 AM,MIN_OPERATING_MW,1.74,
8/15/2026 6:55:00 AM,RTD,CMIN,10LIAN_G02,G,8/15/2026,8/15/2026 11:59:00 PM,MAX_OPERATING_MW,6.60,
8/15/2026 6:55:00 AM,RTD,CMIN,10LIAN_G02,G,8/15/2026,8/15/2026 11:59:00 PM,MIN_OPERATING_MW,6.60,
8/15/2026 6:55:00 AM,RTD,CMIN,14TANTASOL_G01,G,8/15/2026 6:01:00 AM,8/15/2026 7:00:00 AM,MAX_OPERATING_MW,13,
8/15/2026 6:55:00 AM,RTD,CMIN,14TANTASOL_G01,G,8/15/2026 6:01:00 AM,8/15/2026 7:00:00 AM,MIN_OPERATING_MW,13,
8/15/2026 7:00:00 AM,RTD,CLUZ,01BARBASOL_G01,G,8/15/2026 6:56:00 AM,8/15/2026 7:00:00 AM,MAX_OPERATING_MW,13.76,
8/15/2026 7:00:00 AM,RTD,CLUZ,01BARBASOL_G01,G,8/15/2026 6:56:00 AM,8/15/2026 7:00:00 AM,MIN_OPERATING_MW,13.76,
8/15/2026 7:00:00 AM,RTD,CLUZ,01BARBASOL_G01,G,8/15/2026 7:01:00 AM,8/15/2026 7:05:00 AM,MAX_OPERATING_MW,15.29,
8/15/2026 7:00:00 AM,RTD,CLUZ,01BARBASOL_G01,G,8/15/2026 7:01:00 AM,8/15/2026 7:05:00 AM,MIN_OPERATING_MW,15.29,
8/15/2026 7:00:00 AM,RTD,CLUZ,01BUGSOL_G01,G,8/15/2026 6:56:00 AM,8/15/2026 7:00:00 AM,MAX_OPERATING_MW,19.20,
8/15/2026 7:00:00 AM,RTD,CLUZ,01BUGSOL_G01,G,8/15/2026 6:56:00 AM,8/15/2026 7:00:00 AM,MIN_OPERATING_MW,19.20,
8/15/2026 7:00:00 AM,RTD,CLUZ,01BUGSOL_G01,G,8/15/2026 7:01:00 AM,8/15/2026 7:05:00 AM,MAX_OPERATING_MW,23.10,
8/15/2026 7:00:00 AM,RTD,CLUZ,01BUGSOL_G01,G,8/15/2026 7:01:00 AM,8/15/2026 7:05:00 AM,MIN_OPERATING_MW,23.10,
8/15/2026 7:00:00 AM,RTD,CLUZ,01BULACSOL_G01,G,8/15/2026 6:01:00 AM,8/15/2026 7:00:00 AM,MAX_OPERATING_MW,1.17,
8/15/2026 7:00:00 AM,RTD,CLUZ,01BULACSOL_G01,G,8/15/2026 6:01:00 AM,8/15/2026 7:00:00 AM,MIN_OPERATING_MW,1.17,
8/15/2026 7:00:00 AM,RTD,CLUZ,01BULACSOL_G01,G,8/15/2026 7:01:00 AM,8/15/2026 8:00:00 AM,MAX_OPERATING_MW,4.58,
8/15/2026 7:00:00 AM,RTD,CLUZ,01BULACSOL_G01,G,8/15/2026 7:01:00 AM,8/15/2026 8:00:00 AM,MIN_OPERATING_MW,4.58,
8/15/2026 7:00:00 AM,RTD,CLUZ,01CONSOL_G01,G,8/15/2026 6:56:00 AM,8/15/2026 7:00:00 AM,MAX_OPERATING_MW,15.86,
8/15/2026 7:00:00 AM,RTD,CLUZ,01CONSOL_G01,G,8/15/2026 6:56:00 AM,8/15/2026 7:00:00 AM,MIN_OPERATING_MW,15.86,
8/15/2026 7:00:00 AM,RTD,CLUZ,01CONSOL_G01,G,8/15/2026 7:01:00 AM,8/15/2026 7:05:00 AM,MAX_OPERATING_MW,17.39,
8/15/2026 7:00:00 AM,RTD,CLUZ,01CONSOL_G01,G,8/15/2026 7:01:00 AM,8/15/2026 7:05:00 AM,MIN_OPERATING_MW,17.39,
8/15/2026 7:00:00 AM,RTD,CLUZ,01PASBUSOL_G01,G,8/15/2026 6:01:00 AM,8/15/2026 7:00:00 AM,MAX_OPERATING_MW,3.76,
8/15/2026 7:00:00 AM,RTD,CLUZ,01PASBUSOL_G01,G,8/15/2026 6:01:00 AM,8/15/2026 7:00:00 AM,MIN_OPERATING_MW,3.76,
8/15/2026 7:00:00 AM,RTD,CLUZ,01PASBUSOL_G01,G,8/15/2026 7:01:00 AM,8/15/2026 8:00:00 AM,MAX_OPERATING_MW,13.06,
8/15/2026 7:00:00 AM,RTD,CLUZ,01PASBUSOL_G01,G,8/15/2026 7:01:00 AM,8/15/2026 8:00:00 AM,MIN_OPERATING_MW,13.06,
8/15/2026 7:00:00 AM,RTD,CLUZ,01TERRASOL_G01,G,8/15/2026 6:01:00 AM,8/15/2026 12:00:00 PM,MAX_OPERATING_MW,10,
8/15/2026 7:00:00 AM,RTD,CLUZ,01TERRASOL_G01,G,8/15/2026 6:01:00 AM,8/15/2026 12:00:00 PM,MIN_OPERATING_MW,10,
8/15/2026 7:00:00 AM,RTD,CLUZ,03LUMBSOL_G01,G,8/15/2026 6:56:00 AM,8/15/2026 7:00:00 AM,MAX_OPERATING_MW,1,
8/15/2026 7:00:00 AM,RTD,CLUZ,03LUMBSOL_G01,G,8/15/2026 6:56:00 AM,8/15/2026 7:00:00 AM,MIN_OPERATING_MW,1,
8/15/2026 7:00:00 AM,RTD,CLUZ,03LUMBSOL_G01,G,8/15/2026 7:01:00 AM,8/15/2026 7:05:00 AM,MAX_OPERATING_MW,1,
8/15/2026 7:00:00 AM,RTD,CLUZ,03LUMBSOL_G01,G,8/15/2026 7:01:00 AM,8/15/2026 7:05:00 AM,MIN_OPERATING_MW,1,
8/15/2026 7:00:00 AM,RTD,CLUZ,03LUNSOL_G01,G,8/15/2026 6:56:00 AM,8/15/2026 7:00:00 AM,MAX_OPERATING_MW,9.09,
8/15/2026 7:00:00 AM,RTD,CLUZ,03LUNSOL_G01,G,8/15/2026 6:56:00 AM,8/15/2026 7:00:00 AM,MIN_OPERATING_MW,9.09,
8/15/2026 7:00:00 AM,RTD,CLUZ,03LUNSOL_G01,G,8/15/2026 7:01:00 AM,8/15/2026 7:05:00 AM,MAX_OPERATING_MW,9.94,
8/15/2026 7:00:00 AM,RTD,CLUZ,03LUNSOL_G01,G,8/15/2026 7:01:00 AM,8/15/2026 7:05:00 AM,MIN_OPERATING_MW,9.94,
8/15/2026 7:00:00 AM,RTD,CLUZ,03TANWIND_G01,G,8/15/2026 6:56:00 AM,8/15/2026 7:00:00 AM,MAX_OPERATING_MW,1.60,
8/15/2026 7:00:00 AM,RTD,CLUZ,03TANWIND_G01,G,8/15/2026 6:56:00 AM,8/15/2026 7:00:00 AM,MIN_OPERATING_MW,1.60,
8/15/2026 7:00:00 AM,RTD,CLUZ,03TANWIND_G01,G,8/15/2026 7:01:00 AM,8/15/2026 7:05:00 AM,MAX_OPERATING_MW,2.30,
8/15/2026 7:00:00 AM,RTD,CLUZ,03TANWIND_G01,G,8/15/2026 7:01:00 AM,8/15/2026 7:05:00 AM,MIN_OPERATING_MW,2.30,
8/15/2026 7:00:00 AM,RTD,CVIS,04ISIDROSOL_G01,G,8/15/2026 6:01:00 AM,8/15/2026 7:00:00 AM,MAX_OPERATING_MW,10.40,
8/15/2026 7:00:00 AM,RTD,CVIS,04ISIDROSOL_G01,G,8/15/2026 6:01:00 AM,8/15/2026 7:00:00 AM,MIN_OPERATING_MW,10.40,
8/15/2026 7:00:00 AM,RTD,CVIS,04ISIDROSOL_G01,G,8/15/2026 7:01:00 AM,8/15/2026 8:00:00 AM,MAX_OPERATING_MW,31.60,
8/15/2026 7:00:00 AM,RTD,CVIS,04ISIDROSOL_G01,G,8/15/2026 7:01:00 AM,8/15/2026 8:00:00 AM,MIN_OPERATING_MW,31.60,
8/15/2026 7:00:00 AM,RTD,CVIS,06SLYSOL_G02,G,8/15/2026 6:01:00 AM,8/15/2026 7:00:00 AM,MAX_OPERATING_MW,2.82,
8/15/2026 7:00:00 AM,RTD,CVIS,06SLYSOL_G02,G,8/15/2026 6:01:00 AM,8/15/2026 7:00:00 AM,MIN_OPERATING_MW,2.82,
8/15/2026 7:00:00 AM,RTD,CVIS,06SLYSOL_G02,G,8/15/2026 7:01:00 AM,8/15/2026 8:00:00 AM,MAX_OPERATING_MW,7.85,
8/15/2026 7:00:00 AM,RTD,CVIS,06SLYSOL_G02,G,8/15/2026 7:01:00 AM,8/15/2026 8:00:00 AM,MIN_OPERATING_MW,7.85,
8/15/2026 7:00:00 AM,RTD,CVIS,06SLYSOL_G03,G,8/15/2026 6:01:00 AM,8/15/2026 7:00:00 AM,MAX_OPERATING_MW,1.74,
8/15/2026 7:00:00 AM,RTD,CVIS,06SLYSOL_G03,G,8/15/2026 6:01:00 AM,8/15/2026 7:00:00 AM,MIN_OPERATING_MW,1.74,
8/15/2026 7:00:00 AM,RTD,CVIS,06SLYSOL_G03,G,8/15/2026 7:01:00 AM,8/15/2026 8:00:00 AM,MAX_OPERATING_MW,5.07,
8/15/2026 7:00:00 AM,RTD,CVIS,06SLYSOL_G03,G,8/15/2026 7:01:00 AM,8/15/2026 8:00:00 AM,MIN_OPERATING_MW,5.07,
8/15/2026 7:00:00 AM,RTD,CMIN,10LIAN_G02,G,8/15/2026,8/15/2026 11:59:00 PM,MAX_OPERATING_MW,6.60,
8/15/2026 7:00:00 AM,RTD,CMIN,10LIAN_G02,G,8/15/2026,8/15/2026 11:59:00 PM,MIN_OPERATING_MW,6.60,
8/15/2026 7:00:00 AM,RTD,CMIN,14TANTASOL_G01,G,8/15/2026 6:01:00 AM,8/15/2026 7:00:00 AM,MAX_OPERATING_MW,13,
8/15/2026 7:00:00 AM,RTD,CMIN,14TANTASOL_G01,G,8/15/2026 6:01:00 AM,8/15/2026 7:00:00 AM,MIN_OPERATING_MW,13,
8/15/2026 7:00:00 AM,RTD,CMIN,14TANTASOL_G01,G,8/15/2026 7:01:00 AM,8/15/2026 8:00:00 AM,MAX_OPERATING_MW,30,
8/15/2026 7:00:00 AM,RTD,CMIN,14TANTASOL_G01,G,8/15/2026 7:01:00 AM,8/15/2026 8:00:00 AM,MIN_OPERATING_MW,30,
8/15/2026 7:05:00 AM,RTD,CLUZ,01BARBASOL_G01,G,8/15/2026 7:01:00 AM,8/15/2026 7:05:00 AM,MAX_OPERATING_MW,15.29,
8/15/2026 7:05:00 AM,RTD,CLUZ,01BARBASOL_G01,G,8/15/2026 7:01:00 AM,8/15/2026 7:05:00 AM,MIN_OPERATING_MW,15.29,
8/15/2026 7:05:00 AM,RTD,CLUZ,01BARBASOL_G01,G,8/15/2026 7:06:00 AM,8/15/2026 7:10:00 AM,MAX_OPERATING_MW,16.83,
8/15/2026 7:05:00 AM,RTD,CLUZ,01BARBASOL_G01,G,8/15/2026 7:06:00 AM,8/15/2026 7:10:00 AM,MIN_OPERATING_MW,16.83,
8/15/2026 7:05:00 AM,RTD,CLUZ,01BUGSOL_G01,G,8/15/2026 7:01:00 AM,8/15/2026 7:05:00 AM,MAX_OPERATING_MW,23.10,
8/15/2026 7:05:00 AM,RTD,CLUZ,01BUGSOL_G01,G,8/15/2026 7:01:00 AM,8/15/2026 7:05:00 AM,MIN_OPERATING_MW,23.10,
8/15/2026 7:05:00 AM,RTD,CLUZ,01BUGSOL_G01,G,8/15/2026 7:06:00 AM,8/15/2026 7:10:00 AM,MAX_OPERATING_MW,22.70,
8/15/2026 7:05:00 AM,RTD,CLUZ,01BUGSOL_G01,G,8/15/2026 7:06:00 AM,8/15/2026 7:10:00 AM,MIN_OPERATING_MW,22.70,
8/15/2026 7:05:00 AM,RTD,CLUZ,01BULACSOL_G01,G,8/15/2026 7:01:00 AM,8/15/2026 8:00:00 AM,MAX_OPERATING_MW,4.58,
8/15/2026 7:05:00 AM,RTD,CLUZ,01BULACSOL_G01,G,8/15/2026 7:01:00 AM,8/15/2026 8:00:00 AM,MIN_OPERATING_MW,4.58,
8/15/2026 7:05:00 AM,RTD,CLUZ,01CONSOL_G01,G,8/15/2026 7:01:00 AM,8/15/2026 7:05:00 AM,MAX_OPERATING_MW,17.39,
8/15/2026 7:05:00 AM,RTD,CLUZ,01CONSOL_G01,G,8/15/2026 7:01:00 AM,8/15/2026 7:05:00 AM,MIN_OPERATING_MW,17.39,
8/15/2026 7:05:00 AM,RTD,CLUZ,01CONSOL_G01,G,8/15/2026 7:06:00 AM,8/15/2026 7:10:00 AM,MAX_OPERATING_MW,18.93,
8/15/2026 7:05:00 AM,RTD,CLUZ,01CONSOL_G01,G,8/15/2026 7:06:00 AM,8/15/2026 7:10:00 AM,MIN_OPERATING_MW,18.93,
8/15/2026 7:05:00 AM,RTD,CLUZ,01PASBUSOL_G01,G,8/15/2026 7:01:00 AM,8/15/2026 8:00:00 AM,MAX_OPERATING_MW,13.06,
8/15/2026 7:05:00 AM,RTD,CLUZ,01PASBUSOL_G01,G,8/15/2026 7:01:00 AM,8/15/2026 8:00:00 AM,MIN_OPERATING_MW,13.06,
8/15/2026 7:05:00 AM,RTD,CLUZ,01TERRASOL_G01,G,8/15/2026 6:01:00 AM,8/15/2026 12:00:00 PM,MAX_OPERATING_MW,10,
8/15/2026 7:05:00 AM,RTD,CLUZ,01TERRASOL_G01,G,8/15/2026 6:01:00 AM,8/15/2026 12:00:00 PM,MIN_OPERATING_MW,10,
8/15/2026 7:05:00 AM,RTD,CLUZ,03LUMBSOL_G01,G,8/15/2026 7:01:00 AM,8/15/2026 7:05:00 AM,MAX_OPERATING_MW,1,
8/15/2026 7:05:00 AM,RTD,CLUZ,03LUMBSOL_G01,G,8/15/2026 7:01:00 AM,8/15/2026 7:05:00 AM,MIN_OPERATING_MW,1,
8/15/2026 7:05:00 AM,RTD,CLUZ,03LUMBSOL_G01,G,8/15/2026 7:06:00 AM,8/15/2026 7:10:00 AM,MAX_OPERATING_MW,1,
8/15/2026 7:05:00 AM,RTD,CLUZ,03LUMBSOL_G01,G,8/15/2026 7:06:00 AM,8/15/2026 7:10:00 AM,MIN_OPERATING_MW,1,
8/15/2026 7:05:00 AM,RTD,CLUZ,03LUNSOL_G01,G,8/15/2026 7:01:00 AM,8/15/2026 7:05:00 AM,MAX_OPERATING_MW,9.94,
8/15/2026 7:05:00 AM,RTD,CLUZ,03LUNSOL_G01,G,8/15/2026 7:01:00 AM,8/15/2026 7:05:00 AM,MIN_OPERATING_MW,9.94,
8/15/2026 7:05:00 AM,RTD,CLUZ,03LUNSOL_G01,G,8/15/2026 7:06:00 AM,8/15/2026 7:10:00 AM,MAX_OPERATING_MW,10.84,
8/15/2026 7:05:00 AM,RTD,CLUZ,03LUNSOL_G01,G,8/15/2026 7:06:00 AM,8/15/2026 7:10:00 AM,MIN_OPERATING_MW,10.84,
8/15/2026 7:05:00 AM,RTD,CLUZ,03TANWIND_G01,G,8/15/2026 7:01:00 AM,8/15/2026 7:05:00 AM,MAX_OPERATING_MW,2.30,
8/15/2026 7:05:00 AM,RTD,CLUZ,03TANWIND_G01,G,8/15/2026 7:01:00 AM,8/15/2026 7:05:00 AM,MIN_OPERATING_MW,2.30,
8/15/2026 7:05:00 AM,RTD,CLUZ,03TANWIND_G01,G,8/15/2026 7:06:00 AM,8/15/2026 7:10:00 AM,MAX_OPERATING_MW,2.30,
8/15/2026 7:05:00 AM,RTD,CLUZ,03TANWIND_G01,G,8/15/2026 7:06:00 AM,8/15/2026 7:10:00 AM,MIN_OPERATING_MW,2.30,
8/15/2026 7:05:00 AM,RTD,CVIS,04ISIDROSOL_G01,G,8/15/2026 7:01:00 AM,8/15/2026 8:00:00 AM,MAX_OPERATING_MW,31.60,
8/15/2026 7:05:00 AM,RTD,CVIS,04ISIDROSOL_G01,G,8/15/2026 7:01:00 AM,8/15/2026 8:00:00 AM,MIN_OPERATING_MW,31.60,
8/15/2026 7:05:00 AM,RTD,CVIS,06SLYSOL_G02,G,8/15/2026 7:01:00 AM,8/15/2026 8:00:00 AM,MAX_OPERATING_MW,7.85,
8/15/2026 7:05:00 AM,RTD,CVIS,06SLYSOL_G02,G,8/15/2026 7:01:00 AM,8/15/2026 8:00:00 AM,MIN_OPERATING_MW,7.85,
8/15/2026 7:05:00 AM,RTD,CVIS,06SLYSOL_G03,G,8/15/2026 7:01:00 AM,8/15/2026 8:00:00 AM,MAX_OPERATING_MW,5.07,
8/15/2026 7:05:00 AM,RTD,CVIS,06SLYSOL_G03,G,8/15/2026 7:01:00 AM,8/15/2026 8:00:00 AM,MIN_OPERATING_MW,5.07,
8/15/2026 7:05:00 AM,RTD,CMIN,10LIAN_G02,G,8/15/2026,8/15/2026 11:59:00 PM,MAX_OPERATING_MW,6.60,
8/15/2026 7:05:00 AM,RTD,CMIN,10LIAN_G02,G,8/15/2026,8/15/2026 11:59:00 PM,MIN_OPERATING_MW,6.60,
8/15/2026 7:05:00 AM,RTD,CMIN,14TANTASOL_G01,G,8/15/2026 7:01:00 AM,8/15/2026 8:00:00 AM,MAX_OPERATING_MW,30,
8/15/2026 7:05:00 AM,RTD,CMIN,14TANTASOL_G01,G,8/15/2026 7:01:00 AM,8/15/2026 8:00:00 AM,MIN_OPERATING_MW,30,
8/15/2026 7:10:00 AM,RTD,CLUZ,01BARBASOL_G01,G,8/15/2026 7:06:00 AM,8/15/2026 7:10:00 AM,MAX_OPERATING_MW,16.83,
8/15/2026 7:10:00 AM,RTD,CLUZ,01BARBASOL_G01,G,8/15/2026 7:06:00 AM,8/15/2026 7:10:00 AM,MIN_OPERATING_MW,16.83,
8/15/2026 7:10:00 AM,RTD,CLUZ,01BARBASOL_G01,G,8/15/2026 7:11:00 AM,8/15/2026 7:15:00 AM,MAX_OPERATING_MW,18.43,
8/15/2026 7:10:00 AM,RTD,CLUZ,01BARBASOL_G01,G,8/15/2026 7:11:00 AM,8/15/2026 7:15:00 AM,MIN_OPERATING_MW,18.43,
8/15/2026 7:10:00 AM,RTD,CLUZ,01BUGSOL_G01,G,8/15/2026 7:06:00 AM,8/15/2026 7:10:00 AM,MAX_OPERATING_MW,22.70,
8/15/2026 7:10:00 AM,RTD,CLUZ,01BUGSOL_G01,G,8/15/2026 7:06:00 AM,8/15/2026 7:10:00 AM,MIN_OPERATING_MW,22.70,
8/15/2026 7:10:00 AM,RTD,CLUZ,01BUGSOL_G01,G,8/15/2026 7:11:00 AM,8/15/2026 7:15:00 AM,MAX_OPERATING_MW,22.60,
8/15/2026 7:10:00 AM,RTD,CLUZ,01BUGSOL_G01,G,8/15/2026 7:11:00 AM,8/15/2026 7:15:00 AM,MIN_OPERATING_MW,22.60,
8/15/2026 7:10:00 AM,RTD,CLUZ,01BULACSOL_G01,G,8/15/2026 7:01:00 AM,8/15/2026 8:00:00 AM,MAX_OPERATING_MW,4.58,
8/15/2026 7:10:00 AM,RTD,CLUZ,01BULACSOL_G01,G,8/15/2026 7:01:00 AM,8/15/2026 8:00:00 AM,MIN_OPERATING_MW,4.58,
8/15/2026 7:10:00 AM,RTD,CLUZ,01CONSOL_G01,G,8/15/2026 7:06:00 AM,8/15/2026 7:10:00 AM,MAX_OPERATING_MW,18.93,
8/15/2026 7:10:00 AM,RTD,CLUZ,01CONSOL_G01,G,8/15/2026 7:06:00 AM,8/15/2026 7:10:00 AM,MIN_OPERATING_MW,18.93,
8/15/2026 7:10:00 AM,RTD,CLUZ,01CONSOL_G01,G,8/15/2026 7:11:00 AM,8/15/2026 7:15:00 AM,MAX_OPERATING_MW,20.50,
8/15/2026 7:10:00 AM,RTD,CLUZ,01CONSOL_G01,G,8/15/2026 7:11:00 AM,8/15/2026 7:15:00 AM,MIN_OPERATING_MW,20.50,
8/15/2026 7:10:00 AM,RTD,CLUZ,01PASBUSOL_G01,G,8/15/2026 7:01:00 AM,8/15/2026 8:00:00 AM,MAX_OPERATING_MW,13.06,
8/15/2026 7:10:00 AM,RTD,CLUZ,01PASBUSOL_G01,G,8/15/2026 7:01:00 AM,8/15/2026 8:00:00 AM,MIN_OPERATING_MW,13.06,
8/15/2026 7:10:00 AM,RTD,CLUZ,01TERRASOL_G01,G,8/15/2026 6:01:00 AM,8/15/2026 12:00:00 PM,MAX_OPERATING_MW,10,
8/15/2026 7:10:00 AM,RTD,CLUZ,01TERRASOL_G01,G,8/15/2026 6:01:00 AM,8/15/2026 12:00:00 PM,MIN_OPERATING_MW,10,
8/15/2026 7:10:00 AM,RTD,CLUZ,03LUMBSOL_G01,G,8/15/2026 7:06:00 AM,8/15/2026 7:10:00 AM,MAX_OPERATING_MW,1,
8/15/2026 7:10:00 AM,RTD,CLUZ,03LUMBSOL_G01,G,8/15/2026 7:06:00 AM,8/15/2026 7:10:00 AM,MIN_OPERATING_MW,1,
8/15/2026 7:10:00 AM,RTD,CLUZ,03LUMBSOL_G01,G,8/15/2026 7:11:00 AM,8/15/2026 7:15:00 AM,MAX_OPERATING_MW,1,
8/15/2026 7:10:00 AM,RTD,CLUZ,03LUMBSOL_G01,G,8/15/2026 7:11:00 AM,8/15/2026 7:15:00 AM,MIN_OPERATING_MW,1,
8/15/2026 7:10:00 AM,RTD,CLUZ,03LUNSOL_G01,G,8/15/2026 7:06:00 AM,8/15/2026 7:10:00 AM,MAX_OPERATING_MW,10.84,
8/15/2026 7:10:00 AM,RTD,CLUZ,03LUNSOL_G01,G,8/15/2026 7:06:00 AM,8/15/2026 7:10:00 AM,MIN_OPERATING_MW,10.84,
8/15/2026 7:10:00 AM,RTD,CLUZ,03LUNSOL_G01,G,8/15/2026 7:11:00 AM,8/15/2026 7:15:00 AM,MAX_OPERATING_MW,11.76,
8/15/2026 7:10:00 AM,RTD,CLUZ,03LUNSOL_G01,G,8/15/2026 7:11:00 AM,8/15/2026 7:15:00 AM,MIN_OPERATING_MW,11.76,
8/15/2026 7:10:00 AM,RTD,CLUZ,03TANWIND_G01,G,8/15/2026 7:06:00 AM,8/15/2026 7:10:00 AM,MAX_OPERATING_MW,2.30,
8/15/2026 7:10:00 AM,RTD,CLUZ,03TANWIND_G01,G,8/15/2026 7:06:00 AM,8/15/2026 7:10:00 AM,MIN_OPERATING_MW,2.30,
8/15/2026 7:10:00 AM,RTD,CLUZ,03TANWIND_G01,G,8/15/2026 7:11:00 AM,8/15/2026 7:15:00 AM,MAX_OPERATING_MW,2.30,
8/15/2026 7:10:00 AM,RTD,CLUZ,03TANWIND_G01,G,8/15/2026 7:11:00 AM,8/15/2026 7:15:00 AM,MIN_OPERATING_MW,2.30,
8/15/2026 7:10:00 AM,RTD,CVIS,04ISIDROSOL_G01,G,8/15/2026 7:01:00 AM,8/15/2026 8:00:00 AM,MAX_OPERATING_MW,31.60,
8/15/2026 7:10:00 AM,RTD,CVIS,04ISIDROSOL_G01,G,8/15/2026 7:01:00 AM,8/15/2026 8:00:00 AM,MIN_OPERATING_MW,31.60,
8/15/2026 7:10:00 AM,RTD,CVIS,06SLYSOL_G02,G,8/15/2026 7:01:00 AM,8/15/2026 8:00:00 AM,MAX_OPERATING_MW,7.85,
8/15/2026 7:10:00 AM,RTD,CVIS,06SLYSOL_G02,G,8/15/2026 7:01:00 AM,8/15/2026 8:00:00 AM,MIN_OPERATING_MW,7.85,
8/15/2026 7:10:00 AM,RTD,CVIS,06SLYSOL_G03,G,8/15/2026 7:01:00 AM,8/15/2026 8:00:00 AM,MAX_OPERATING_MW,5.07,
8/15/2026 7:10:00 AM,RTD,CVIS,06SLYSOL_G03,G,8/15/2026 7:01:00 AM,8/15/2026 8:00:00 AM,MIN_OPERATING_MW,5.07,
8/15/2026 7:10:00 AM,RTD,CMIN,10LIAN_G02,G,8/15/2026,8/15/2026 11:59:00 PM,MAX_OPERATING_MW,6.60,
8/15/2026 7:10:00 AM,RTD,CMIN,10LIAN_G02,G,8/15/2026,8/15/2026 11:59:00 PM,MIN_OPERATING_MW,6.60,
8/15/2026 7:10:00 AM,RTD,CMIN,14TANTASOL_G01,G,8/15/2026 7:01:00 AM,8/15/2026 8:00:00 AM,MAX_OPERATING_MW,30,
8/15/2026 7:10:00 AM,RTD,CMIN,14TANTASOL_G01,G,8/15/2026 7:01:00 AM,8/15/2026 8:00:00 AM,MIN_OPERATING_MW,30,
8/15/2026 7:15:00 AM,RTD,CLUZ,01BARBASOL_G01,G,8/15/2026 7:11:00 AM,8/15/2026 7:15:00 AM,MAX_OPERATING_MW,18.43,
8/15/2026 7:15:00 AM,RTD,CLUZ,01BARBASOL_G01,G,8/15/2026 7:11:00 AM,8/15/2026 7:15:00 AM,MIN_OPERATING_MW,18.43,
8/15/2026 7:15:00 AM,RTD,CLUZ,01BARBASOL_G01,G,8/15/2026 7:16:00 AM,8/15/2026 7:20:00 AM,MAX_OPERATING_MW,20.12,
8/15/2026 7:15:00 AM,RTD,CLUZ,01BARBASOL_G01,G,8/15/2026 7:16:00 AM,8/15/2026 7:20:00 AM,MIN_OPERATING_MW,20.12,
8/15/2026 7:15:00 AM,RTD,CLUZ,01BUGSOL_G01,G,8/15/2026 7:11:00 AM,8/15/2026 7:15:00 AM,MAX_OPERATING_MW,22.60,
8/15/2026 7:15:00 AM,RTD,CLUZ,01BUGSOL_G01,G,8/15/2026 7:11:00 AM,8/15/2026 7:15:00 AM,MIN_OPERATING_MW,22.60,
8/15/2026 7:15:00 AM,RTD,CLUZ,01BUGSOL_G01,G,8/15/2026 7:16:00 AM,8/15/2026 7:20:00 AM,MAX_OPERATING_MW,27.90,
8/15/2026 7:15:00 AM,RTD,CLUZ,01BUGSOL_G01,G,8/15/2026 7:16:00 AM,8/15/2026 7:20:00 AM,MIN_OPERATING_MW,27.90,
8/15/2026 7:15:00 AM,RTD,CLUZ,01BULACSOL_G01,G,8/15/2026 7:01:00 AM,8/15/2026 8:00:00 AM,MAX_OPERATING_MW,4.58,
8/15/2026 7:15:00 AM,RTD,CLUZ,01BULACSOL_G01,G,8/15/2026 7:01:00 AM,8/15/2026 8:00:00 AM,MIN_OPERATING_MW,4.58,
8/15/2026 7:15:00 AM,RTD,CLUZ,01CONSOL_G01,G,8/15/2026 7:11:00 AM,8/15/2026 7:15:00 AM,MAX_OPERATING_MW,20.50,
8/15/2026 7:15:00 AM,RTD,CLUZ,01CONSOL_G01,G,8/15/2026 7:11:00 AM,8/15/2026 7:15:00 AM,MIN_OPERATING_MW,20.50,
8/15/2026 7:15:00 AM,RTD,CLUZ,01CONSOL_G01,G,8/15/2026 7:16:00 AM,8/15/2026 7:20:00 AM,MAX_OPERATING_MW,22.10,
8/15/2026 7:15:00 AM,RTD,CLUZ,01CONSOL_G01,G,8/15/2026 7:16:00 AM,8/15/2026 7:20:00 AM,MIN_OPERATING_MW,22.10,
8/15/2026 7:15:00 AM,RTD,CLUZ,01PASBUSOL_G01,G,8/15/2026 7:01:00 AM,8/15/2026 8:00:00 AM,MAX_OPERATING_MW,13.06,
8/15/2026 7:15:00 AM,RTD,CLUZ,01PASBUSOL_G01,G,8/15/2026 7:01:00 AM,8/15/2026 8:00:00 AM,MIN_OPERATING_MW,13.06,
8/15/2026 7:15:00 AM,RTD,CLUZ,01TERRASOL_G01,G,8/15/2026 6:01:00 AM,8/15/2026 12:00:00 PM,MAX_OPERATING_MW,10,
8/15/2026 7:15:00 AM,RTD,CLUZ,01TERRASOL_G01,G,8/15/2026 6:01:00 AM,8/15/2026 12:00:00 PM,MIN_OPERATING_MW,10,
8/15/2026 7:15:00 AM,RTD,CLUZ,03LUMBSOL_G01,G,8/15/2026 7:11:00 AM,8/15/2026 7:15:00 AM,MAX_OPERATING_MW,1,
8/15/2026 7:15:00 AM,RTD,CLUZ,03LUMBSOL_G01,G,8/15/2026 7:11:00 AM,8/15/2026 7:15:00 AM,MIN_OPERATING_MW,1,
8/15/2026 7:15:00 AM,RTD,CLUZ,03LUMBSOL_G01,G,8/15/2026 7:16:00 AM,8/15/2026 7:20:00 AM,MAX_OPERATING_MW,1,
8/15/2026 7:15:00 AM,RTD,CLUZ,03LUMBSOL_G01,G,8/15/2026 7:16:00 AM,8/15/2026 7:20:00 AM,MIN_OPERATING_MW,1,
8/15/2026 7:15:00 AM,RTD,CLUZ,03LUNSOL_G01,G,8/15/2026 7:11:00 AM,8/15/2026 7:15:00 AM,MAX_OPERATING_MW,11.76,
8/15/2026 7:15:00 AM,RTD,CLUZ,03LUNSOL_G01,G,8/15/2026 7:11:00 AM,8/15/2026 7:15:00 AM,MIN_OPERATING_MW,11.76,
8/15/2026 7:15:00 AM,RTD,CLUZ,03LUNSOL_G01,G,8/15/2026 7:16:00 AM,8/15/2026 7:20:00 AM,MAX_OPERATING_MW,12.70,
8/15/2026 7:15:00 AM,RTD,CLUZ,03LUNSOL_G01,G,8/15/2026 7:16:00 AM,8/15/2026 7:20:00 AM,MIN_OPERATING_MW,12.70,
8/15/2026 7:15:00 AM,RTD,CLUZ,03TANWIND_G01,G,8/15/2026 7:11:00 AM,8/15/2026 7:15:00 AM,MAX_OPERATING_MW,2.30,
8/15/2026 7:15:00 AM,RTD,CLUZ,03TANWIND_G01,G,8/15/2026 7:11:00 AM,8/15/2026 7:15:00 AM,MIN_OPERATING_MW,2.30,
8/15/2026 7:15:00 AM,RTD,CLUZ,03TANWIND_G01,G,8/15/2026 7:16:00 AM,8/15/2026 7:20:00 AM,MAX_OPERATING_MW,2.30,
8/15/2026 7:15:00 AM,RTD,CLUZ,03TANWIND_G01,G,8/15/2026 7:16:00 AM,8/15/2026 7:20:00 AM,MIN_OPERATING_MW,2.30,
8/15/2026 7:15:00 AM,RTD,CVIS,04ISIDROSOL_G01,G,8/15/2026 7:01:00 AM,8/15/2026 8:00:00 AM,MAX_OPERATING_MW,31.60,
8/15/2026 7:15:00 AM,RTD,CVIS,04ISIDROSOL_G01,G,8/15/2026 7:01:00 AM,8/15/2026 8:00:00 AM,MIN_OPERATING_MW,31.60,
8/15/2026 7:15:00 AM,RTD,CVIS,06SLYSOL_G02,G,8/15/2026 7:01:00 AM,8/15/2026 8:00:00 AM,MAX_OPERATING_MW,7.85,
8/15/2026 7:15:00 AM,RTD,CVIS,06SLYSOL_G02,G,8/15/2026 7:01:00 AM,8/15/2026 8:00:00 AM,MIN_OPERATING_MW,7.85,
8/15/2026 7:15:00 AM,RTD,CVIS,06SLYSOL_G03,G,8/15/2026 7:01:00 AM,8/15/2026 8:00:00 AM,MAX_OPERATING_MW,5.07,
8/15/2026 7:15:00 AM,RTD,CVIS,06SLYSOL_G03,G,8/15/2026 7:01:00 AM,8/15/2026 8:00:00 AM,MIN_OPERATING_MW,5.07,
8/15/2026 7:15:00 AM,RTD,CMIN,10LIAN_G02,G,8/15/2026,8/15/2026 11:59:00 PM,MAX_OPERATING_MW,6.60,
8/15/2026 7:15:00 AM,RTD,CMIN,10LIAN_G02,G,8/15/2026,8/15/2026 11:59:00 PM,MIN_OPERATING_MW,6.60,
8/15/2026 7:15:00 AM,RTD,CMIN,14TANTASOL_G01,G,8/15/2026 7:01:00 AM,8/15/2026 8:00:00 AM,MAX_OPERATING_MW,30,
8/15/2026 7:15:00 AM,RTD,CMIN,14TANTASOL_G01,G,8/15/2026 7:01:00 AM,8/15/2026 8:00:00 AM,MIN_OPERATING_MW,30,
8/15/2026 7:20:00 AM,RTD,CLUZ,01BARBASOL_G01,G,8/15/2026 7:16:00 AM,8/15/2026 7:20:00 AM,MAX_OPERATING_MW,20.12,
8/15/2026 7:20:00 AM,RTD,CLUZ,01BARBASOL_G01,G,8/15/2026 7:16:00 AM,8/15/2026 7:20:00 AM,MIN_OPERATING_MW,20.12,
8/15/2026 7:20:00 AM,RTD,CLUZ,01BARBASOL_G01,G,8/15/2026 7:21:00 AM,8/15/2026 7:25:00 AM,MAX_OPERATING_MW,21.86,
8/15/2026 7:20:00 AM,RTD,CLUZ,01BARBASOL_G01,G,8/15/2026 7:21:00 AM,8/15/2026 7:25:00 AM,MIN_OPERATING_MW,21.86,
8/15/2026 7:20:00 AM,RTD,CLUZ,01BUGSOL_G01,G,8/15/2026 7:16:00 AM,8/15/2026 7:20:00 AM,MAX_OPERATING_MW,27.90,
8/15/2026 7:20:00 AM,RTD,CLUZ,01BUGSOL_G01,G,8/15/2026 7:16:00 AM,8/15/2026 7:20:00 AM,MIN_OPERATING_MW,27.90,
8/15/2026 7:20:00 AM,RTD,CLUZ,01BUGSOL_G01,G,8/15/2026 7:21:00 AM,8/15/2026 7:25:00 AM,MAX_OPERATING_MW,33.20,
8/15/2026 7:20:00 AM,RTD,CLUZ,01BUGSOL_G01,G,8/15/2026 7:21:00 AM,8/15/2026 7:25:00 AM,MIN_OPERATING_MW,33.20,
8/15/2026 7:20:00 AM,RTD,CLUZ,01BULACSOL_G01,G,8/15/2026 7:01:00 AM,8/15/2026 8:00:00 AM,MAX_OPERATING_MW,4.58,
8/15/2026 7:20:00 AM,RTD,CLUZ,01BULACSOL_G01,G,8/15/2026 7:01:00 AM,8/15/2026 8:00:00 AM,MIN_OPERATING_MW,4.58,
8/15/2026 7:20:00 AM,RTD,CLUZ,01CONSOL_G01,G,8/15/2026 7:16:00 AM,8/15/2026 7:20:00 AM,MAX_OPERATING_MW,22.10,
8/15/2026 7:20:00 AM,RTD,CLUZ,01CONSOL_G01,G,8/15/2026 7:16:00 AM,8/15/2026 7:20:00 AM,MIN_OPERATING_MW,22.10,
8/15/2026 7:20:00 AM,RTD,CLUZ,01CONSOL_G01,G,8/15/2026 7:21:00 AM,8/15/2026 7:25:00 AM,MAX_OPERATING_MW,23.73,
8/15/2026 7:20:00 AM,RTD,CLUZ,01CONSOL_G01,G,8/15/2026 7:21:00 AM,8/15/2026 7:25:00 AM,MIN_OPERATING_MW,23.73,
8/15/2026 7:20:00 AM,RTD,CLUZ,01PASBUSOL_G01,G,8/15/2026 7:01:00 AM,8/15/2026 8:00:00 AM,MAX_OPERATING_MW,13.06,
8/15/2026 7:20:00 AM,RTD,CLUZ,01PASBUSOL_G01,G,8/15/2026 7:01:00 AM,8/15/2026 8:00:00 AM,MIN_OPERATING_MW,13.06,
8/15/2026 7:20:00 AM,RTD,CLUZ,01TERRASOL_G01,G,8/15/2026 6:01:00 AM,8/15/2026 12:00:00 PM,MAX_OPERATING_MW,10,
8/15/2026 7:20:00 AM,RTD,CLUZ,01TERRASOL_G01,G,8/15/2026 6:01:00 AM,8/15/2026 12:00:00 PM,MIN_OPERATING_MW,10,
8/15/2026 7:20:00 AM,RTD,CLUZ,03LUMBSOL_G01,G,8/15/2026 7:16:00 AM,8/15/2026 7:20:00 AM,MAX_OPERATING_MW,1,
8/15/2026 7:20:00 AM,RTD,CLUZ,03LUMBSOL_G01,G,8/15/2026 7:16:00 AM,8/15/2026 7:20:00 AM,MIN_OPERATING_MW,1,
8/15/2026 7:20:00 AM,RTD,CLUZ,03LUMBSOL_G01,G,8/15/2026 7:21:00 AM,8/15/2026 7:25:00 AM,MAX_OPERATING_MW,1,
8/15/2026 7:20:00 AM,RTD,CLUZ,03LUMBSOL_G01,G,8/15/2026 7:21:00 AM,8/15/2026 7:25:00 AM,MIN_OPERATING_MW,1,
8/15/2026 7:20:00 AM,RTD,CLUZ,03LUNSOL_G01,G,8/15/2026 7:16:00 AM,8/15/2026 7:20:00 AM,MAX_OPERATING_MW,12.70,
8/15/2026 7:20:00 AM,RTD,CLUZ,03LUNSOL_G01,G,8/15/2026 7:16:00 AM,8/15/2026 7:20:00 AM,MIN_OPERATING_MW,12.70,
8/15/2026 7:20:00 AM,RTD,CLUZ,03LUNSOL_G01,G,8/15/2026 7:21:00 AM,8/15/2026 7:25:00 AM,MAX_OPERATING_MW,13.66,
8/15/2026 7:20:00 AM,RTD,CLUZ,03LUNSOL_G01,G,8/15/2026 7:21:00 AM,8/15/2026 7:25:00 AM,MIN_OPERATING_MW,13.66,
8/15/2026 7:20:00 AM,RTD,CLUZ,03TANWIND_G01,G,8/15/2026 7:16:00 AM,8/15/2026 7:20:00 AM,MAX_OPERATING_MW,2.30,
8/15/2026 7:20:00 AM,RTD,CLUZ,03TANWIND_G01,G,8/15/2026 7:16:00 AM,8/15/2026 7:20:00 AM,MIN_OPERATING_MW,2.30,
8/15/2026 7:20:00 AM,RTD,CLUZ,03TANWIND_G01,G,8/15/2026 7:21:00 AM,8/15/2026 7:25:00 AM,MAX_OPERATING_MW,2.30,
8/15/2026 7:20:00 AM,RTD,CLUZ,03TANWIND_G01,G,8/15/2026 7:21:00 AM,8/15/2026 7:25:00 AM,MIN_OPERATING_MW,2.30,
8/15/2026 7:20:00 AM,RTD,CVIS,04ISIDROSOL_G01,G,8/15/2026 7:01:00 AM,8/15/2026 8:00:00 AM,MAX_OPERATING_MW,31.60,
8/15/2026 7:20:00 AM,RTD,CVIS,04ISIDROSOL_G01,G,8/15/2026 7:01:00 AM,8/15/2026 8:00:00 AM,MIN_OPERATING_MW,31.60,
8/15/2026 7:20:00 AM,RTD,CVIS,06SLYSOL_G02,G,8/15/2026 7:01:00 AM,8/15/2026 8:00:00 AM,MAX_OPERATING_MW,7.85,
8/15/2026 7:20:00 AM,RTD,CVIS,06SLYSOL_G02,G,8/15/2026 7:01:00 AM,8/15/2026 8:00:00 AM,MIN_OPERATING_MW,7.85,
8/15/2026 7:20:00 AM,RTD,CVIS,06SLYSOL_G03,G,8/15/2026 7:01:00 AM,8/15/2026 8:00:00 AM,MAX_OPERATING_MW,5.07,
8/15/2026 7:20:00 AM,RTD,CVIS,06SLYSOL_G03,G,8/15/2026 7:01:00 AM,8/15/2026 8:00:00 AM,MIN_OPERATING_MW,5.07,
8/15/2026 7:20:00 AM,RTD,CMIN,10LIAN_G02,G,8/15/2026,8/15/2026 11:59:00 PM,MAX_OPERATING_MW,6.60,
8/15/2026 7:20:00 AM,RTD,CMIN,10LIAN_G02,G,8/15/2026,8/15/2026 11:59:00 PM,MIN_OPERATING_MW,6.60,
8/15/2026 7:20:00 AM,RTD,CMIN,14TANTASOL_G01,G,8/15/2026 7:01:00 AM,8/15/2026 8:00:00 AM,MAX_OPERATING_MW,30,
8/15/2026 7:20:00 AM,RTD,CMIN,14TANTASOL_G01,G,8/15/2026 7:01:00 AM,8/15/2026 8:00:00 AM,MIN_OPERATING_MW,30,
8/15/2026 7:25:00 AM,RTD,CLUZ,01BARBASOL_G01,G,8/15/2026 7:21:00 AM,8/15/2026 7:25:00 AM,MAX_OPERATING_MW,21.86,
8/15/2026 7:25:00 AM,RTD,CLUZ,01BARBASOL_G01,G,8/15/2026 7:21:00 AM,8/15/2026 7:25:00 AM,MIN_OPERATING_MW,21.86,
8/15/2026 7:25:00 AM,RTD,CLUZ,01BARBASOL_G01,G,8/15/2026 7:26:00 AM,8/15/2026 7:30:00 AM,MAX_OPERATING_MW,23.67,
8/15/2026 7:25:00 AM,RTD,CLUZ,01BARBASOL_G01,G,8/15/2026 7:26:00 AM,8/15/2026 7:30:00 AM,MIN_OPERATING_MW,23.67,
8/15/2026 7:25:00 AM,RTD,CLUZ,01BUGSOL_G01,G,8/15/2026 7:21:00 AM,8/15/2026 7:25:00 AM,MAX_OPERATING_MW,33.20,
8/15/2026 7:25:00 AM,RTD,CLUZ,01BUGSOL_G01,G,8/15/2026 7:21:00 AM,8/15/2026 7:25:00 AM,MIN_OPERATING_MW,33.20,
8/15/2026 7:25:00 AM,RTD,CLUZ,01BUGSOL_G01,G,8/15/2026 7:26:00 AM,8/15/2026 7:30:00 AM,MAX_OPERATING_MW,27.90,
8/15/2026 7:25:00 AM,RTD,CLUZ,01BUGSOL_G01,G,8/15/2026 7:26:00 AM,8/15/2026 7:30:00 AM,MIN_OPERATING_MW,27.90,
8/15/2026 7:25:00 AM,RTD,CLUZ,01BULACSOL_G01,G,8/15/2026 7:01:00 AM,8/15/2026 8:00:00 AM,MAX_OPERATING_MW,4.58,
8/15/2026 7:25:00 AM,RTD,CLUZ,01BULACSOL_G01,G,8/15/2026 7:01:00 AM,8/15/2026 8:00:00 AM,MIN_OPERATING_MW,4.58,
8/15/2026 7:25:00 AM,RTD,CLUZ,01CONSOL_G01,G,8/15/2026 7:21:00 AM,8/15/2026 7:25:00 AM,MAX_OPERATING_MW,23.73,
8/15/2026 7:25:00 AM,RTD,CLUZ,01CONSOL_G01,G,8/15/2026 7:21:00 AM,8/15/2026 7:25:00 AM,MIN_OPERATING_MW,23.73,
8/15/2026 7:25:00 AM,RTD,CLUZ,01CONSOL_G01,G,8/15/2026 7:26:00 AM,8/15/2026 7:30:00 AM,MAX_OPERATING_MW,25.38,
8/15/2026 7:25:00 AM,RTD,CLUZ,01CONSOL_G01,G,8/15/2026 7:26:00 AM,8/15/2026 7:30:00 AM,MIN_OPERATING_MW,25.38,
8/15/2026 7:25:00 AM,RTD,CLUZ,01PASBUSOL_G01,G,8/15/2026 7:01:00 AM,8/15/2026 8:00:00 AM,MAX_OPERATING_MW,13.06,
8/15/2026 7:25:00 AM,RTD,CLUZ,01PASBUSOL_G01,G,8/15/2026 7:01:00 AM,8/15/2026 8:00:00 AM,MIN_OPERATING_MW,13.06,
8/15/2026 7:25:00 AM,RTD,CLUZ,01TERRASOL_G01,G,8/15/2026 6:01:00 AM,8/15/2026 12:00:00 PM,MAX_OPERATING_MW,10,
8/15/2026 7:25:00 AM,RTD,CLUZ,01TERRASOL_G01,G,8/15/2026 6:01:00 AM,8/15/2026 12:00:00 PM,MIN_OPERATING_MW,10,
8/15/2026 7:25:00 AM,RTD,CLUZ,03LUMBSOL_G01,G,8/15/2026 7:21:00 AM,8/15/2026 7:25:00 AM,MAX_OPERATING_MW,1,
8/15/2026 7:25:00 AM,RTD,CLUZ,03LUMBSOL_G01,G,8/15/2026 7:21:00 AM,8/15/2026 7:25:00 AM,MIN_OPERATING_MW,1,
8/15/2026 7:25:00 AM,RTD,CLUZ,03LUMBSOL_G01,G,8/15/2026 7:26:00 AM,8/15/2026 7:30:00 AM,MAX_OPERATING_MW,1,
8/15/2026 7:25:00 AM,RTD,CLUZ,03LUMBSOL_G01,G,8/15/2026 7:26:00 AM,8/15/2026 7:30:00 AM,MIN_OPERATING_MW,1,
8/15/2026 7:25:00 AM,RTD,CLUZ,03LUNSOL_G01,G,8/15/2026 7:21:00 AM,8/15/2026 7:25:00 AM,MAX_OPERATING_MW,13.66,
8/15/2026 7:25:00 AM,RTD,CLUZ,03LUNSOL_G01,G,8/15/2026 7:21:00 AM,8/15/2026 7:25:00 AM,MIN_OPERATING_MW,13.66,
8/15/2026 7:25:00 AM,RTD,CLUZ,03LUNSOL_G01,G,8/15/2026 7:26:00 AM,8/15/2026 7:30:00 AM,MAX_OPERATING_MW,14.62,
8/15/2026 7:25:00 AM,RTD,CLUZ,03LUNSOL_G01,G,8/15/2026 7:26:00 AM,8/15/2026 7:30:00 AM,MIN_OPERATING_MW,14.62,
8/15/2026 7:25:00 AM,RTD,CLUZ,03TANWIND_G01,G,8/15/2026 7:21:00 AM,8/15/2026 7:25:00 AM,MAX_OPERATING_MW,2.30,
8/15/2026 7:25:00 AM,RTD,CLUZ,03TANWIND_G01,G,8/15/2026 7:21:00 AM,8/15/2026 7:25:00 AM,MIN_OPERATING_MW,2.30,
8/15/2026 7:25:00 AM,RTD,CLUZ,03TANWIND_G01,G,8/15/2026 7:26:00 AM,8/15/2026 7:30:00 AM,MAX_OPERATING_MW,2.30,
8/15/2026 7:25:00 AM,RTD,CLUZ,03TANWIND_G01,G,8/15/2026 7:26:00 AM,8/15/2026 7:30:00 AM,MIN_OPERATING_MW,2.30,
8/15/2026 7:25:00 AM,RTD,CVIS,04ISIDROSOL_G01,G,8/15/2026 7:01:00 AM,8/15/2026 8:00:00 AM,MAX_OPERATING_MW,31.60,
8/15/2026 7:25:00 AM,RTD,CVIS,04ISIDROSOL_G01,G,8/15/2026 7:01:00 AM,8/15/2026 8:00:00 AM,MIN_OPERATING_MW,31.60,
8/15/2026 7:25:00 AM,RTD,CVIS,06SLYSOL_G02,G,8/15/2026 7:01:00 AM,8/15/2026 8:00:00 AM,MAX_OPERATING_MW,7.85,
8/15/2026 7:25:00 AM,RTD,CVIS,06SLYSOL_G02,G,8/15/2026 7:01:00 AM,8/15/2026 8:00:00 AM,MIN_OPERATING_MW,7.85,
8/15/2026 7:25:00 AM,RTD,CVIS,06SLYSOL_G03,G,8/15/2026 7:01:00 AM,8/15/2026 8:00:00 AM,MAX_OPERATING_MW,5.07,
8/15/2026 7:25:00 AM,RTD,CVIS,06SLYSOL_G03,G,8/15/2026 7:01:00 AM,8/15/2026 8:00:00 AM,MIN_OPERATING_MW,5.07,
8/15/2026 7:25:00 AM,RTD,CMIN,10LIAN_G02,G,8/15/2026,8/15/2026 11:59:00 PM,MAX_OPERATING_MW,6.60,
8/15/2026 7:25:00 AM,RTD,CMIN,10LIAN_G02,G,8/15/2026,8/15/2026 11:59:00 PM,MIN_OPERATING_MW,6.60,
8/15/2026 7:25:00 AM,RTD,CMIN,14TANTASOL_G01,G,8/15/2026 7:01:00 AM,8/15/2026 8:00:00 AM,MAX_OPERATING_MW,30,
8/15/2026 7:25:00 AM,RTD,CMIN,14TANTASOL_G01,G,8/15/2026 7:01:00 AM,8/15/2026 8:00:00 AM,MIN_OPERATING_MW,30,
8/15/2026 7:30:00 AM,RTD,CLUZ,01BARBASOL_G01,G,8/15/2026 7:26:00 AM,8/15/2026 7:30:00 AM,MAX_OPERATING_MW,23.67,
8/15/2026 7:30:00 AM,RTD,CLUZ,01BARBASOL_G01,G,8/15/2026 7:26:00 AM,8/15/2026 7:30:00 AM,MIN_OPERATING_MW,23.67,
8/15/2026 7:30:00 AM,RTD,CLUZ,01BARBASOL_G01,G,8/15/2026 7:31:00 AM,8/15/2026 7:35:00 AM,MAX_OPERATING_MW,25.52,
8/15/2026 7:30:00 AM,RTD,CLUZ,01BARBASOL_G01,G,8/15/2026 7:31:00 AM,8/15/2026 7:35:00 AM,MIN_OPERATING_MW,25.52,
8/15/2026 7:30:00 AM,RTD,CLUZ,01BUGSOL_G01,G,8/15/2026 7:26:00 AM,8/15/2026 7:30:00 AM,MAX_OPERATING_MW,27.90,
8/15/2026 7:30:00 AM,RTD,CLUZ,01BUGSOL_G01,G,8/15/2026 7:26:00 AM,8/15/2026 7:30:00 AM,MIN_OPERATING_MW,27.90,
8/15/2026 7:30:00 AM,RTD,CLUZ,01BUGSOL_G01,G,8/15/2026 7:31:00 AM,8/15/2026 7:35:00 AM,MAX_OPERATING_MW,28,
8/15/2026 7:30:00 AM,RTD,CLUZ,01BUGSOL_G01,G,8/15/2026 7:31:00 AM,8/15/2026 7:35:00 AM,MIN_OPERATING_MW,28,
8/15/2026 7:30:00 AM,RTD,CLUZ,01BULACSOL_G01,G,8/15/2026 7:01:00 AM,8/15/2026 8:00:00 AM,MAX_OPERATING_MW,4.58,
8/15/2026 7:30:00 AM,RTD,CLUZ,01BULACSOL_G01,G,8/15/2026 7:01:00 AM,8/15/2026 8:00:00 AM,MIN_OPERATING_MW,4.58,
8/15/2026 7:30:00 AM,RTD,CLUZ,01CONSOL_G01,G,8/15/2026 7:26:00 AM,8/15/2026 7:30:00 AM,MAX_OPERATING_MW,25.38,
8/15/2026 7:30:00 AM,RTD,CLUZ,01CONSOL_G01,G,8/15/2026 7:26:00 AM,8/15/2026 7:30:00 AM,MIN_OPERATING_MW,25.38,
8/15/2026 7:30:00 AM,RTD,CLUZ,01CONSOL_G01,G,8/15/2026 7:31:00 AM,8/15/2026 7:35:00 AM,MAX_OPERATING_MW,27.04,
8/15/2026 7:30:00 AM,RTD,CLUZ,01CONSOL_G01,G,8/15/2026 7:31:00 AM,8/15/2026 7:35:00 AM,MIN_OPERATING_MW,27.04,
8/15/2026 7:30:00 AM,RTD,CLUZ,01PASBUSOL_G01,G,8/15/2026 7:01:00 AM,8/15/2026 8:00:00 AM,MAX_OPERATING_MW,13.06,
8/15/2026 7:30:00 AM,RTD,CLUZ,01PASBUSOL_G01,G,8/15/2026 7:01:00 AM,8/15/2026 8:00:00 AM,MIN_OPERATING_MW,13.06,
8/15/2026 7:30:00 AM,RTD,CLUZ,01TERRASOL_G01,G,8/15/2026 6:01:00 AM,8/15/2026 12:00:00 PM,MAX_OPERATING_MW,10,
8/15/2026 7:30:00 AM,RTD,CLUZ,01TERRASOL_G01,G,8/15/2026 6:01:00 AM,8/15/2026 12:00:00 PM,MIN_OPERATING_MW,10,
8/15/2026 7:30:00 AM,RTD,CLUZ,03LUMBSOL_G01,G,8/15/2026 7:26:00 AM,8/15/2026 7:30:00 AM,MAX_OPERATING_MW,1,
8/15/2026 7:30:00 AM,RTD,CLUZ,03LUMBSOL_G01,G,8/15/2026 7:26:00 AM,8/15/2026 7:30:00 AM,MIN_OPERATING_MW,1,
8/15/2026 7:30:00 AM,RTD,CLUZ,03LUMBSOL_G01,G,8/15/2026 7:31:00 AM,8/15/2026 7:35:00 AM,MAX_OPERATING_MW,1,
8/15/2026 7:30:00 AM,RTD,CLUZ,03LUMBSOL_G01,G,8/15/2026 7:31:00 AM,8/15/2026 7:35:00 AM,MIN_OPERATING_MW,1,
8/15/2026 7:30:00 AM,RTD,CLUZ,03LUNSOL_G01,G,8/15/2026 7:26:00 AM,8/15/2026 7:30:00 AM,MAX_OPERATING_MW,14.62,
8/15/2026 7:30:00 AM,RTD,CLUZ,03LUNSOL_G01,G,8/15/2026 7:26:00 AM,8/15/2026 7:30:00 AM,MIN_OPERATING_MW,14.62,
8/15/2026 7:30:00 AM,RTD,CLUZ,03LUNSOL_G01,G,8/15/2026 7:31:00 AM,8/15/2026 7:35:00 AM,MAX_OPERATING_MW,15.58,
8/15/2026 7:30:00 AM,RTD,CLUZ,03LUNSOL_G01,G,8/15/2026 7:31:00 AM,8/15/2026 7:35:00 AM,MIN_OPERATING_MW,15.58,
8/15/2026 7:30:00 AM,RTD,CLUZ,03TANWIND_G01,G,8/15/2026 7:26:00 AM,8/15/2026 7:30:00 AM,MAX_OPERATING_MW,2.30,
8/15/2026 7:30:00 AM,RTD,CLUZ,03TANWIND_G01,G,8/15/2026 7:26:00 AM,8/15/2026 7:30:00 AM,MIN_OPERATING_MW,2.30,
8/15/2026 7:30:00 AM,RTD,CLUZ,03TANWIND_G01,G,8/15/2026 7:31:00 AM,8/15/2026 7:35:00 AM,MAX_OPERATING_MW,2.30,
8/15/2026 7:30:00 AM,RTD,CLUZ,03TANWIND_G01,G,8/15/2026 7:31:00 AM,8/15/2026 7:35:00 AM,MIN_OPERATING_MW,2.30,
8/15/2026 7:30:00 AM,RTD,CVIS,04ISIDROSOL_G01,G,8/15/2026 7:01:00 AM,8/15/2026 8:00:00 AM,MAX_OPERATING_MW,31.60,
8/15/2026 7:30:00 AM,RTD,CVIS,04ISIDROSOL_G01,G,8/15/2026 7:01:00 AM,8/15/2026 8:00:00 AM,MIN_OPERATING_MW,31.60,
8/15/2026 7:30:00 AM,RTD,CVIS,06SLYSOL_G02,G,8/15/2026 7:01:00 AM,8/15/2026 8:00:00 AM,MAX_OPERATING_MW,7.85,
8/15/2026 7:30:00 AM,RTD,CVIS,06SLYSOL_G02,G,8/15/2026 7:01:00 AM,8/15/2026 8:00:00 AM,MIN_OPERATING_MW,7.85,
8/15/2026 7:30:00 AM,RTD,CVIS,06SLYSOL_G03,G,8/15/2026 7:01:00 AM,8/15/2026 8:00:00 AM,MAX_OPERATING_MW,5.07,
8/15/2026 7:30:00 AM,RTD,CVIS,06SLYSOL_G03,G,8/15/2026 7:01:00 AM,8/15/2026 8:00:00 AM,MIN_OPERATING_MW,5.07,
8/15/2026 7:30:00 AM,RTD,CMIN,10LIAN_G02,G,8/15/2026,8/15/2026 11:59:00 PM,MAX_OPERATING_MW,6.60,
8/15/2026 7:30:00 AM,RTD,CMIN,10LIAN_G02,G,8/15/2026,8/15/2026 11:59:00 PM,MIN_OPERATING_MW,6.60,
8/15/2026 7:30:00 AM,RTD,CMIN,14TANTASOL_G01,G,8/15/2026 7:01:00 AM,8/15/2026 8:00:00 AM,MAX_OPERATING_MW,30,
8/15/2026 7:30:00 AM,RTD,CMIN,14TANTASOL_G01,G,8/15/2026 7:01:00 AM,8/15/2026 8:00:00 AM,MIN_OPERATING_MW,30,
8/15/2026 7:35:00 AM,RTD,CLUZ,01BARBASOL_G01,G,8/15/2026 7:31:00 AM,8/15/2026 7:35:00 AM,MAX_OPERATING_MW,25.52,
8/15/2026 7:35:00 AM,RTD,CLUZ,01BARBASOL_G01,G,8/15/2026 7:31:00 AM,8/15/2026 7:35:00 AM,MIN_OPERATING_MW,25.52,
8/15/2026 7:35:00 AM,RTD,CLUZ,01BARBASOL_G01,G,8/15/2026 7:36:00 AM,8/15/2026 7:40:00 AM,MAX_OPERATING_MW,27.40,
8/15/2026 7:35:00 AM,RTD,CLUZ,01BARBASOL_G01,G,8/15/2026 7:36:00 AM,8/15/2026 7:40:00 AM,MIN_OPERATING_MW,27.40,
8/15/2026 7:35:00 AM,RTD,CLUZ,01BUGSOL_G01,G,8/15/2026 7:31:00 AM,8/15/2026 7:35:00 AM,MAX_OPERATING_MW,60,
8/15/2026 7:35:00 AM,RTD,CLUZ,01BUGSOL_G01,G,8/15/2026 7:31:00 AM,8/15/2026 7:35:00 AM,MIN_OPERATING_MW,60,
8/15/2026 7:35:00 AM,RTD,CLUZ,01BUGSOL_G01,G,8/15/2026 7:36:00 AM,8/15/2026 7:40:00 AM,MAX_OPERATING_MW,60,
8/15/2026 7:35:00 AM,RTD,CLUZ,01BUGSOL_G01,G,8/15/2026 7:36:00 AM,8/15/2026 7:40:00 AM,MIN_OPERATING_MW,60,
8/15/2026 7:35:00 AM,RTD,CLUZ,01BULACSOL_G01,G,8/15/2026 7:01:00 AM,8/15/2026 8:00:00 AM,MAX_OPERATING_MW,4.58,
8/15/2026 7:35:00 AM,RTD,CLUZ,01BULACSOL_G01,G,8/15/2026 7:01:00 AM,8/15/2026 8:00:00 AM,MIN_OPERATING_MW,4.58,
8/15/2026 7:35:00 AM,RTD,CLUZ,01CONSOL_G01,G,8/15/2026 7:31:00 AM,8/15/2026 7:35:00 AM,MAX_OPERATING_MW,27.04,
8/15/2026 7:35:00 AM,RTD,CLUZ,01CONSOL_G01,G,8/15/2026 7:31:00 AM,8/15/2026 7:35:00 AM,MIN_OPERATING_MW,27.04,
8/15/2026 7:35:00 AM,RTD,CLUZ,01CONSOL_G01,G,8/15/2026 7:36:00 AM,8/15/2026 7:40:00 AM,MAX_OPERATING_MW,28.62,
8/15/2026 7:35:00 AM,RTD,CLUZ,01CONSOL_G01,G,8/15/2026 7:36:00 AM,8/15/2026 7:40:00 AM,MIN_OPERATING_MW,28.62,
8/15/2026 7:35:00 AM,RTD,CLUZ,01PASBUSOL_G01,G,8/15/2026 7:01:00 AM,8/15/2026 8:00:00 AM,MAX_OPERATING_MW,13.06,
8/15/2026 7:35:00 AM,RTD,CLUZ,01PASBUSOL_G01,G,8/15/2026 7:01:00 AM,8/15/2026 8:00:00 AM,MIN_OPERATING_MW,13.06,
8/15/2026 7:35:00 AM,RTD,CLUZ,01TERRASOL_G01,G,8/15/2026 6:01:00 AM,8/15/2026 12:00:00 PM,MAX_OPERATING_MW,10,
8/15/2026 7:35:00 AM,RTD,CLUZ,01TERRASOL_G01,G,8/15/2026 6:01:00 AM,8/15/2026 12:00:00 PM,MIN_OPERATING_MW,10,
8/15/2026 7:35:00 AM,RTD,CLUZ,03LUMBSOL_G01,G,8/15/2026 7:31:00 AM,8/15/2026 7:35:00 AM,MAX_OPERATING_MW,1,
8/15/2026 7:35:00 AM,RTD,CLUZ,03LUMBSOL_G01,G,8/15/2026 7:31:00 AM,8/15/2026 7:35:00 AM,MIN_OPERATING_MW,1,
8/15/2026 7:35:00 AM,RTD,CLUZ,03LUMBSOL_G01,G,8/15/2026 7:36:00 AM,8/15/2026 7:40:00 AM,MAX_OPERATING_MW,1,
8/15/2026 7:35:00 AM,RTD,CLUZ,03LUMBSOL_G01,G,8/15/2026 7:36:00 AM,8/15/2026 7:40:00 AM,MIN_OPERATING_MW,1,
8/15/2026 7:35:00 AM,RTD,CLUZ,03LUNSOL_G01,G,8/15/2026 7:31:00 AM,8/15/2026 7:35:00 AM,MAX_OPERATING_MW,15.58,
8/15/2026 7:35:00 AM,RTD,CLUZ,03LUNSOL_G01,G,8/15/2026 7:31:00 AM,8/15/2026 7:35:00 AM,MIN_OPERATING_MW,15.58,
8/15/2026 7:35:00 AM,RTD,CLUZ,03LUNSOL_G01,G,8/15/2026 7:36:00 AM,8/15/2026 7:40:00 AM,MAX_OPERATING_MW,16.52,
8/15/2026 7:35:00 AM,RTD,CLUZ,03LUNSOL_G01,G,8/15/2026 7:36:00 AM,8/15/2026 7:40:00 AM,MIN_OPERATING_MW,16.52,
8/15/2026 7:35:00 AM,RTD,CLUZ,03TANWIND_G01,G,8/15/2026 7:31:00 AM,8/15/2026 7:35:00 AM,MAX_OPERATING_MW,2.30,
8/15/2026 7:35:00 AM,RTD,CLUZ,03TANWIND_G01,G,8/15/2026 7:31:00 AM,8/15/2026 7:35:00 AM,MIN_OPERATING_MW,2.30,
8/15/2026 7:35:00 AM,RTD,CLUZ,03TANWIND_G01,G,8/15/2026 7:36:00 AM,8/15/2026 7:40:00 AM,MAX_OPERATING_MW,2.30,
8/15/2026 7:35:00 AM,RTD,CLUZ,03TANWIND_G01,G,8/15/2026 7:36:00 AM,8/15/2026 7:40:00 AM,MIN_OPERATING_MW,2.30,
8/15/2026 7:35:00 AM,RTD,CVIS,04ISIDROSOL_G01,G,8/15/2026 7:01:00 AM,8/15/2026 8:00:00 AM,MAX_OPERATING_MW,31.60,
8/15/2026 7:35:00 AM,RTD,CVIS,04ISIDROSOL_G01,G,8/15/2026 7:01:00 AM,8/15/2026 8:00:00 AM,MIN_OPERATING_MW,31.60,
8/15/2026 7:35:00 AM,RTD,CVIS,06SLYSOL_G02,G,8/15/2026 7:01:00 AM,8/15/2026 8:00:00 AM,MAX_OPERATING_MW,7.85,
8/15/2026 7:35:00 AM,RTD,CVIS,06SLYSOL_G02,G,8/15/2026 7:01:00 AM,8/15/2026 8:00:00 AM,MIN_OPERATING_MW,7.85,
8/15/2026 7:35:00 AM,RTD,CVIS,06SLYSOL_G03,G,8/15/2026 7:01:00 AM,8/15/2026 8:00:00 AM,MAX_OPERATING_MW,5.07,
8/15/2026 7:35:00 AM,RTD,CVIS,06SLYSOL_G03,G,8/15/2026 7:01:00 AM,8/15/2026 8:00:00 AM,MIN_OPERATING_MW,5.07,
8/15/2026 7:35:00 AM,RTD,CMIN,10LIAN_G02,G,8/15/2026,8/15/2026 11:59:00 PM,MAX_OPERATING_MW,6.60,
8/15/2026 7:35:00 AM,RTD,CMIN,10LIAN_G02,G,8/15/2026,8/15/2026 11:59:00 PM,MIN_OPERATING_MW,6.60,
8/15/2026 7:35:00 AM,RTD,CMIN,14TANTASOL_G01,G,8/15/2026 7:01:00 AM,8/15/2026 8:00:00 AM,MAX_OPERATING_MW,30,
8/15/2026 7:35:00 AM,RTD,CMIN,14TANTASOL_G01,G,8/15/2026 7:01:00 AM,8/15/2026 8:00:00 AM,MIN_OPERATING_MW,30,
8/15/2026 7:40:00 AM,RTD,CLUZ,01BARBASOL_G01,G,8/15/2026 7:36:00 AM,8/15/2026 7:40:00 AM,MAX_OPERATING_MW,27.40,
8/15/2026 7:40:00 AM,RTD,CLUZ,01BARBASOL_G01,G,8/15/2026 7:36:00 AM,8/15/2026 7:40:00 AM,MIN_OPERATING_MW,27.40,
8/15/2026 7:40:00 AM,RTD,CLUZ,01BARBASOL_G01,G,8/15/2026 7:41:00 AM,8/15/2026 7:45:00 AM,MAX_OPERATING_MW,29.31,
8/15/2026 7:40:00 AM,RTD,CLUZ,01BARBASOL_G01,G,8/15/2026 7:41:00 AM,8/15/2026 7:45:00 AM,MIN_OPERATING_MW,29.31,
8/15/2026 7:40:00 AM,RTD,CLUZ,01BUGSOL_G01,G,8/15/2026 7:36:00 AM,8/15/2026 7:40:00 AM,MAX_OPERATING_MW,60,
8/15/2026 7:40:00 AM,RTD,CLUZ,01BUGSOL_G01,G,8/15/2026 7:36:00 AM,8/15/2026 7:40:00 AM,MIN_OPERATING_MW,60,
8/15/2026 7:40:00 AM,RTD,CLUZ,01BUGSOL_G01,G,8/15/2026 7:41:00 AM,8/15/2026 7:45:00 AM,MAX_OPERATING_MW,60,
8/15/2026 7:40:00 AM,RTD,CLUZ,01BUGSOL_G01,G,8/15/2026 7:41:00 AM,8/15/2026 7:45:00 AM,MIN_OPERATING_MW,60,
8/15/2026 7:40:00 AM,RTD,CLUZ,01BULACSOL_G01,G,8/15/2026 7:01:00 AM,8/15/2026 8:00:00 AM,MAX_OPERATING_MW,4.58,
8/15/2026 7:40:00 AM,RTD,CLUZ,01BULACSOL_G01,G,8/15/2026 7:01:00 AM,8/15/2026 8:00:00 AM,MIN_OPERATING_MW,4.58,
8/15/2026 7:40:00 AM,RTD,CLUZ,01CONSOL_G01,G,8/15/2026 7:36:00 AM,8/15/2026 7:40:00 AM,MAX_OPERATING_MW,28.62,
8/15/2026 7:40:00 AM,RTD,CLUZ,01CONSOL_G01,G,8/15/2026 7:36:00 AM,8/15/2026 7:40:00 AM,MIN_OPERATING_MW,28.62,
8/15/2026 7:40:00 AM,RTD,CLUZ,01CONSOL_G01,G,8/15/2026 7:41:00 AM,8/15/2026 7:45:00 AM,MAX_OPERATING_MW,30.17,
8/15/2026 7:40:00 AM,RTD,CLUZ,01CONSOL_G01,G,8/15/2026 7:41:00 AM,8/15/2026 7:45:00 AM,MIN_OPERATING_MW,30.17,
8/15/2026 7:40:00 AM,RTD,CLUZ,01PASBUSOL_G01,G,8/15/2026 7:01:00 AM,8/15/2026 8:00:00 AM,MAX_OPERATING_MW,13.06,
8/15/2026 7:40:00 AM,RTD,CLUZ,01PASBUSOL_G01,G,8/15/2026 7:01:00 AM,8/15/2026 8:00:00 AM,MIN_OPERATING_MW,13.06,
8/15/2026 7:40:00 AM,RTD,CLUZ,01TERRASOL_G01,G,8/15/2026 6:01:00 AM,8/15/2026 12:00:00 PM,MAX_OPERATING_MW,10,
8/15/2026 7:40:00 AM,RTD,CLUZ,01TERRASOL_G01,G,8/15/2026 6:01:00 AM,8/15/2026 12:00:00 PM,MIN_OPERATING_MW,10,
8/15/2026 7:40:00 AM,RTD,CLUZ,03LUMBSOL_G01,G,8/15/2026 7:36:00 AM,8/15/2026 7:40:00 AM,MAX_OPERATING_MW,1,
8/15/2026 7:40:00 AM,RTD,CLUZ,03LUMBSOL_G01,G,8/15/2026 7:36:00 AM,8/15/2026 7:40:00 AM,MIN_OPERATING_MW,1,
8/15/2026 7:40:00 AM,RTD,CLUZ,03LUMBSOL_G01,G,8/15/2026 7:41:00 AM,8/15/2026 7:45:00 AM,MAX_OPERATING_MW,1,
8/15/2026 7:40:00 AM,RTD,CLUZ,03LUMBSOL_G01,G,8/15/2026 7:41:00 AM,8/15/2026 7:45:00 AM,MIN_OPERATING_MW,1,
8/15/2026 7:40:00 AM,RTD,CLUZ,03LUNSOL_G01,G,8/15/2026 7:36:00 AM,8/15/2026 7:40:00 AM,MAX_OPERATING_MW,16.52,
8/15/2026 7:40:00 AM,RTD,CLUZ,03LUNSOL_G01,G,8/15/2026 7:36:00 AM,8/15/2026 7:40:00 AM,MIN_OPERATING_MW,16.52,
8/15/2026 7:40:00 AM,RTD,CLUZ,03LUNSOL_G01,G,8/15/2026 7:41:00 AM,8/15/2026 7:45:00 AM,MAX_OPERATING_MW,17.44,
8/15/2026 7:40:00 AM,RTD,CLUZ,03LUNSOL_G01,G,8/15/2026 7:41:00 AM,8/15/2026 7:45:00 AM,MIN_OPERATING_MW,17.44,
8/15/2026 7:40:00 AM,RTD,CLUZ,03TANWIND_G01,G,8/15/2026 7:36:00 AM,8/15/2026 7:40:00 AM,MAX_OPERATING_MW,2.30,
8/15/2026 7:40:00 AM,RTD,CLUZ,03TANWIND_G01,G,8/15/2026 7:36:00 AM,8/15/2026 7:40:00 AM,MIN_OPERATING_MW,2.30,
8/15/2026 7:40:00 AM,RTD,CLUZ,03TANWIND_G01,G,8/15/2026 7:41:00 AM,8/15/2026 7:45:00 AM,MAX_OPERATING_MW,2.30,
8/15/2026 7:40:00 AM,RTD,CLUZ,03TANWIND_G01,G,8/15/2026 7:41:00 AM,8/15/2026 7:45:00 AM,MIN_OPERATING_MW,2.30,
8/15/2026 7:40:00 AM,RTD,CVIS,04ISIDROSOL_G01,G,8/15/2026 7:01:00 AM,8/15/2026 8:00:00 AM,MAX_OPERATING_MW,31.60,
8/15/2026 7:40:00 AM,RTD,CVIS,04ISIDROSOL_G01,G,8/15/2026 7:01:00 AM,8/15/2026 8:00:00 AM,MIN_OPERATING_MW,31.60,
8/15/2026 7:40:00 AM,RTD,CVIS,06SLYSOL_G02,G,8/15/2026 7:01:00 AM,8/15/2026 8:00:00 AM,MAX_OPERATING_MW,7.85,
8/15/2026 7:40:00 AM,RTD,CVIS,06SLYSOL_G02,G,8/15/2026 7:01:00 AM,8/15/2026 8:00:00 AM,MIN_OPERATING_MW,7.85,
8/15/2026 7:40:00 AM,RTD,CVIS,06SLYSOL_G03,G,8/15/2026 7:01:00 AM,8/15/2026 8:00:00 AM,MAX_OPERATING_MW,5.07,
8/15/2026 7:40:00 AM,RTD,CVIS,06SLYSOL_G03,G,8/15/2026 7:01:00 AM,8/15/2026 8:00:00 AM,MIN_OPERATING_MW,5.07,
8/15/2026 7:40:00 AM,RTD,CMIN,10LIAN_G02,G,8/15/2026,8/15/2026 11:59:00 PM,MAX_OPERATING_MW,6.60,
8/15/2026 7:40:00 AM,RTD,CMIN,10LIAN_G02,G,8/15/2026,8/15/2026 11:59:00 PM,MIN_OPERATING_MW,6.60,
8/15/2026 7:40:00 AM,RTD,CMIN,14TANTASOL_G01,G,8/15/2026 7:01:00 AM,8/15/2026 8:00:00 AM,MAX_OPERATING_MW,30,
8/15/2026 7:40:00 AM,RTD,CMIN,14TANTASOL_G01,G,8/15/2026 7:01:00 AM,8/15/2026 8:00:00 AM,MIN_OPERATING_MW,30,
8/15/2026 7:45:00 AM,RTD,CLUZ,01BARBASOL_G01,G,8/15/2026 7:41:00 AM,8/15/2026 7:45:00 AM,MAX_OPERATING_MW,29.31,
8/15/2026 7:45:00 AM,RTD,CLUZ,01BARBASOL_G01,G,8/15/2026 7:41:00 AM,8/15/2026 7:45:00 AM,MIN_OPERATING_MW,29.31,
8/15/2026 7:45:00 AM,RTD,CLUZ,01BARBASOL_G01,G,8/15/2026 7:46:00 AM,8/15/2026 7:50:00 AM,MAX_OPERATING_MW,31.24,
8/15/2026 7:45:00 AM,RTD,CLUZ,01BARBASOL_G01,G,8/15/2026 7:46:00 AM,8/15/2026 7:50:00 AM,MIN_OPERATING_MW,31.24,
8/15/2026 7:45:00 AM,RTD,CLUZ,01BUGSOL_G01,G,8/15/2026 7:41:00 AM,8/15/2026 7:45:00 AM,MAX_OPERATING_MW,60,
8/15/2026 7:45:00 AM,RTD,CLUZ,01BUGSOL_G01,G,8/15/2026 7:41:00 AM,8/15/2026 7:45:00 AM,MIN_OPERATING_MW,60,
8/15/2026 7:45:00 AM,RTD,CLUZ,01BUGSOL_G01,G,8/15/2026 7:46:00 AM,8/15/2026 7:50:00 AM,MAX_OPERATING_MW,50,
8/15/2026 7:45:00 AM,RTD,CLUZ,01BUGSOL_G01,G,8/15/2026 7:46:00 AM,8/15/2026 7:50:00 AM,MIN_OPERATING_MW,50,
8/15/2026 7:45:00 AM,RTD,CLUZ,01BULACSOL_G01,G,8/15/2026 7:01:00 AM,8/15/2026 8:00:00 AM,MAX_OPERATING_MW,4.58,
8/15/2026 7:45:00 AM,RTD,CLUZ,01BULACSOL_G01,G,8/15/2026 7:01:00 AM,8/15/2026 8:00:00 AM,MIN_OPERATING_MW,4.58,
8/15/2026 7:45:00 AM,RTD,CLUZ,01CONSOL_G01,G,8/15/2026 7:41:00 AM,8/15/2026 7:45:00 AM,MAX_OPERATING_MW,30.17,
8/15/2026 7:45:00 AM,RTD,CLUZ,01CONSOL_G01,G,8/15/2026 7:41:00 AM,8/15/2026 7:45:00 AM,MIN_OPERATING_MW,30.17,
8/15/2026 7:45:00 AM,RTD,CLUZ,01CONSOL_G01,G,8/15/2026 7:46:00 AM,8/15/2026 7:50:00 AM,MAX_OPERATING_MW,31.70,
8/15/2026 7:45:00 AM,RTD,CLUZ,01CONSOL_G01,G,8/15/2026 7:46:00 AM,8/15/2026 7:50:00 AM,MIN_OPERATING_MW,31.70,
8/15/2026 7:45:00 AM,RTD,CLUZ,01PASBUSOL_G01,G,8/15/2026 7:01:00 AM,8/15/2026 8:00:00 AM,MAX_OPERATING_MW,13.06,
8/15/2026 7:45:00 AM,RTD,CLUZ,01PASBUSOL_G01,G,8/15/2026 7:01:00 AM,8/15/2026 8:00:00 AM,MIN_OPERATING_MW,13.06,
8/15/2026 7:45:00 AM,RTD,CLUZ,01TERRASOL_G01,G,8/15/2026 6:01:00 AM,8/15/2026 12:00:00 PM,MAX_OPERATING_MW,10,
8/15/2026 7:45:00 AM,RTD,CLUZ,01TERRASOL_G01,G,8/15/2026 6:01:00 AM,8/15/2026 12:00:00 PM,MIN_OPERATING_MW,10,
8/15/2026 7:45:00 AM,RTD,CLUZ,03LUMBSOL_G01,G,8/15/2026 7:41:00 AM,8/15/2026 7:45:00 AM,MAX_OPERATING_MW,1,
8/15/2026 7:45:00 AM,RTD,CLUZ,03LUMBSOL_G01,G,8/15/2026 7:41:00 AM,8/15/2026 7:45:00 AM,MIN_OPERATING_MW,1,
8/15/2026 7:45:00 AM,RTD,CLUZ,03LUMBSOL_G01,G,8/15/2026 7:46:00 AM,8/15/2026 7:50:00 AM,MAX_OPERATING_MW,1,
8/15/2026 7:45:00 AM,RTD,CLUZ,03LUMBSOL_G01,G,8/15/2026 7:46:00 AM,8/15/2026 7:50:00 AM,MIN_OPERATING_MW,1,
8/15/2026 7:45:00 AM,RTD,CLUZ,03LUNSOL_G01,G,8/15/2026 7:41:00 AM,8/15/2026 7:45:00 AM,MAX_OPERATING_MW,17.44,
8/15/2026 7:45:00 AM,RTD,CLUZ,03LUNSOL_G01,G,8/15/2026 7:41:00 AM,8/15/2026 7:45:00 AM,MIN_OPERATING_MW,17.44,
8/15/2026 7:45:00 AM,RTD,CLUZ,03LUNSOL_G01,G,8/15/2026 7:46:00 AM,8/15/2026 7:50:00 AM,MAX_OPERATING_MW,18.32,
8/15/2026 7:45:00 AM,RTD,CLUZ,03LUNSOL_G01,G,8/15/2026 7:46:00 AM,8/15/2026 7:50:00 AM,MIN_OPERATING_MW,18.32,
8/15/2026 7:45:00 AM,RTD,CLUZ,03TANWIND_G01,G,8/15/2026 7:41:00 AM,8/15/2026 7:45:00 AM,MAX_OPERATING_MW,2.30,
8/15/2026 7:45:00 AM,RTD,CLUZ,03TANWIND_G01,G,8/15/2026 7:41:00 AM,8/15/2026 7:45:00 AM,MIN_OPERATING_MW,2.30,
8/15/2026 7:45:00 AM,RTD,CLUZ,03TANWIND_G01,G,8/15/2026 7:46:00 AM,8/15/2026 7:50:00 AM,MAX_OPERATING_MW,2.30,
8/15/2026 7:45:00 AM,RTD,CLUZ,03TANWIND_G01,G,8/15/2026 7:46:00 AM,8/15/2026 7:50:00 AM,MIN_OPERATING_MW,2.30,
8/15/2026 7:45:00 AM,RTD,CVIS,04ISIDROSOL_G01,G,8/15/2026 7:01:00 AM,8/15/2026 8:00:00 AM,MAX_OPERATING_MW,31.60,
8/15/2026 7:45:00 AM,RTD,CVIS,04ISIDROSOL_G01,G,8/15/2026 7:01:00 AM,8/15/2026 8:00:00 AM,MIN_OPERATING_MW,31.60,
8/15/2026 7:45:00 AM,RTD,CVIS,06SLYSOL_G02,G,8/15/2026 7:01:00 AM,8/15/2026 8:00:00 AM,MAX_OPERATING_MW,7.85,
8/15/2026 7:45:00 AM,RTD,CVIS,06SLYSOL_G02,G,8/15/2026 7:01:00 AM,8/15/2026 8:00:00 AM,MIN_OPERATING_MW,7.85,
8/15/2026 7:45:00 AM,RTD,CVIS,06SLYSOL_G03,G,8/15/2026 7:01:00 AM,8/15/2026 8:00:00 AM,MAX_OPERATING_MW,5.07,
8/15/2026 7:45:00 AM,RTD,CVIS,06SLYSOL_G03,G,8/15/2026 7:01:00 AM,8/15/2026 8:00:00 AM,MIN_OPERATING_MW,5.07,
8/15/2026 7:45:00 AM,RTD,CMIN,10LIAN_G02,G,8/15/2026,8/15/2026 11:59:00 PM,MAX_OPERATING_MW,6.60,
8/15/2026 7:45:00 AM,RTD,CMIN,10LIAN_G02,G,8/15/2026,8/15/2026 11:59:00 PM,MIN_OPERATING_MW,6.60,
8/15/2026 7:45:00 AM,RTD,CMIN,14TANTASOL_G01,G,8/15/2026 7:01:00 AM,8/15/2026 8:00:00 AM,MAX_OPERATING_MW,30,
8/15/2026 7:45:00 AM,RTD,CMIN,14TANTASOL_G01,G,8/15/2026 7:01:00 AM,8/15/2026 8:00:00 AM,MIN_OPERATING_MW,30,
8/15/2026 7:50:00 AM,RTD,CLUZ,01BARBASOL_G01,G,8/15/2026 7:46:00 AM,8/15/2026 7:50:00 AM,MAX_OPERATING_MW,31.24,
8/15/2026 7:50:00 AM,RTD,CLUZ,01BARBASOL_G01,G,8/15/2026 7:46:00 AM,8/15/2026 7:50:00 AM,MIN_OPERATING_MW,31.24,
8/15/2026 7:50:00 AM,RTD,CLUZ,01BARBASOL_G01,G,8/15/2026 7:51:00 AM,8/15/2026 7:55:00 AM,MAX_OPERATING_MW,33.18,
8/15/2026 7:50:00 AM,RTD,CLUZ,01BARBASOL_G01,G,8/15/2026 7:51:00 AM,8/15/2026 7:55:00 AM,MIN_OPERATING_MW,33.18,
8/15/2026 7:50:00 AM,RTD,CLUZ,01BUGSOL_G01,G,8/15/2026 7:46:00 AM,8/15/2026 7:50:00 AM,MAX_OPERATING_MW,50,
8/15/2026 7:50:00 AM,RTD,CLUZ,01BUGSOL_G01,G,8/15/2026 7:46:00 AM,8/15/2026 7:50:00 AM,MIN_OPERATING_MW,50,
8/15/2026 7:50:00 AM,RTD,CLUZ,01BUGSOL_G01,G,8/15/2026 7:51:00 AM,8/15/2026 7:55:00 AM,MAX_OPERATING_MW,50,
8/15/2026 7:50:00 AM,RTD,CLUZ,01BUGSOL_G01,G,8/15/2026 7:51:00 AM,8/15/2026 7:55:00 AM,MIN_OPERATING_MW,50,
8/15/2026 7:50:00 AM,RTD,CLUZ,01BULACSOL_G01,G,8/15/2026 7:01:00 AM,8/15/2026 8:00:00 AM,MAX_OPERATING_MW,4.58,
8/15/2026 7:50:00 AM,RTD,CLUZ,01BULACSOL_G01,G,8/15/2026 7:01:00 AM,8/15/2026 8:00:00 AM,MIN_OPERATING_MW,4.58,
8/15/2026 7:50:00 AM,RTD,CLUZ,01CONSOL_G01,G,8/15/2026 7:46:00 AM,8/15/2026 7:50:00 AM,MAX_OPERATING_MW,31.70,
8/15/2026 7:50:00 AM,RTD,CLUZ,01CONSOL_G01,G,8/15/2026 7:46:00 AM,8/15/2026 7:50:00 AM,MIN_OPERATING_MW,31.70,
8/15/2026 7:50:00 AM,RTD,CLUZ,01CONSOL_G01,G,8/15/2026 7:51:00 AM,8/15/2026 7:55:00 AM,MAX_OPERATING_MW,33.19,
8/15/2026 7:50:00 AM,RTD,CLUZ,01CONSOL_G01,G,8/15/2026 7:51:00 AM,8/15/2026 7:55:00 AM,MIN_OPERATING_MW,33.19,
8/15/2026 7:50:00 AM,RTD,CLUZ,01PASBUSOL_G01,G,8/15/2026 7:01:00 AM,8/15/2026 8:00:00 AM,MAX_OPERATING_MW,13.06,
8/15/2026 7:50:00 AM,RTD,CLUZ,01PASBUSOL_G01,G,8/15/2026 7:01:00 AM,8/15/2026 8:00:00 AM,MIN_OPERATING_MW,13.06,
8/15/2026 7:50:00 AM,RTD,CLUZ,01TERRASOL_G01,G,8/15/2026 6:01:00 AM,8/15/2026 12:00:00 PM,MAX_OPERATING_MW,10,
8/15/2026 7:50:00 AM,RTD,CLUZ,01TERRASOL_G01,G,8/15/2026 6:01:00 AM,8/15/2026 12:00:00 PM,MIN_OPERATING_MW,10,
8/15/2026 7:50:00 AM,RTD,CLUZ,03LUMBSOL_G01,G,8/15/2026 7:46:00 AM,8/15/2026 7:50:00 AM,MAX_OPERATING_MW,1,
8/15/2026 7:50:00 AM,RTD,CLUZ,03LUMBSOL_G01,G,8/15/2026 7:46:00 AM,8/15/2026 7:50:00 AM,MIN_OPERATING_MW,1,
8/15/2026 7:50:00 AM,RTD,CLUZ,03LUMBSOL_G01,G,8/15/2026 7:51:00 AM,8/15/2026 7:55:00 AM,MAX_OPERATING_MW,1,
8/15/2026 7:50:00 AM,RTD,CLUZ,03LUMBSOL_G01,G,8/15/2026 7:51:00 AM,8/15/2026 7:55:00 AM,MIN_OPERATING_MW,1,
8/15/2026 7:50:00 AM,RTD,CLUZ,03LUNSOL_G01,G,8/15/2026 7:46:00 AM,8/15/2026 7:50:00 AM,MAX_OPERATING_MW,18.32,
8/15/2026 7:50:00 AM,RTD,CLUZ,03LUNSOL_G01,G,8/15/2026 7:46:00 AM,8/15/2026 7:50:00 AM,MIN_OPERATING_MW,18.32,
8/15/2026 7:50:00 AM,RTD,CLUZ,03LUNSOL_G01,G,8/15/2026 7:51:00 AM,8/15/2026 7:55:00 AM,MAX_OPERATING_MW,19.17,
8/15/2026 7:50:00 AM,RTD,CLUZ,03LUNSOL_G01,G,8/15/2026 7:51:00 AM,8/15/2026 7:55:00 AM,MIN_OPERATING_MW,19.17,
8/15/2026 7:50:00 AM,RTD,CLUZ,03TANWIND_G01,G,8/15/2026 7:46:00 AM,8/15/2026 7:50:00 AM,MAX_OPERATING_MW,2.30,
8/15/2026 7:50:00 AM,RTD,CLUZ,03TANWIND_G01,G,8/15/2026 7:46:00 AM,8/15/2026 7:50:00 AM,MIN_OPERATING_MW,2.30,
8/15/2026 7:50:00 AM,RTD,CLUZ,03TANWIND_G01,G,8/15/2026 7:51:00 AM,8/15/2026 7:55:00 AM,MAX_OPERATING_MW,2.30,
8/15/2026 7:50:00 AM,RTD,CLUZ,03TANWIND_G01,G,8/15/2026 7:51:00 AM,8/15/2026 7:55:00 AM,MIN_OPERATING_MW,2.30,
8/15/2026 7:50:00 AM,RTD,CVIS,04ISIDROSOL_G01,G,8/15/2026 7:01:00 AM,8/15/2026 8:00:00 AM,MAX_OPERATING_MW,31.60,
8/15/2026 7:50:00 AM,RTD,CVIS,04ISIDROSOL_G01,G,8/15/2026 7:01:00 AM,8/15/2026 8:00:00 AM,MIN_OPERATING_MW,31.60,
8/15/2026 7:50:00 AM,RTD,CVIS,06SLYSOL_G02,G,8/15/2026 7:01:00 AM,8/15/2026 8:00:00 AM,MAX_OPERATING_MW,7.85,
8/15/2026 7:50:00 AM,RTD,CVIS,06SLYSOL_G02,G,8/15/2026 7:01:00 AM,8/15/2026 8:00:00 AM,MIN_OPERATING_MW,7.85,
8/15/2026 7:50:00 AM,RTD,CVIS,06SLYSOL_G03,G,8/15/2026 7:01:00 AM,8/15/2026 8:00:00 AM,MAX_OPERATING_MW,5.07,
8/15/2026 7:50:00 AM,RTD,CVIS,06SLYSOL_G03,G,8/15/2026 7:01:00 AM,8/15/2026 8:00:00 AM,MIN_OPERATING_MW,5.07,
8/15/2026 7:50:00 AM,RTD,CMIN,10LIAN_G02,G,8/15/2026,8/15/2026 11:59:00 PM,MAX_OPERATING_MW,6.60,
8/15/2026 7:50:00 AM,RTD,CMIN,10LIAN_G02,G,8/15/2026,8/15/2026 11:59:00 PM,MIN_OPERATING_MW,6.60,
8/15/2026 7:50:00 AM,RTD,CMIN,14TANTASOL_G01,G,8/15/2026 7:01:00 AM,8/15/2026 8:00:00 AM,MAX_OPERATING_MW,30,
8/15/2026 7:50:00 AM,RTD,CMIN,14TANTASOL_G01,G,8/15/2026 7:01:00 AM,8/15/2026 8:00:00 AM,MIN_OPERATING_MW,30,
8/15/2026 7:55:00 AM,RTD,CLUZ,01BARBASOL_G01,G,8/15/2026 7:51:00 AM,8/15/2026 7:55:00 AM,MAX_OPERATING_MW,33.18,
8/15/2026 7:55:00 AM,RTD,CLUZ,01BARBASOL_G01,G,8/15/2026 7:51:00 AM,8/15/2026 7:55:00 AM,MIN_OPERATING_MW,33.18,
8/15/2026 7:55:00 AM,RTD,CLUZ,01BARBASOL_G01,G,8/15/2026 7:56:00 AM,8/15/2026 8:00:00 AM,MAX_OPERATING_MW,35.11,
8/15/2026 7:55:00 AM,RTD,CLUZ,01BARBASOL_G01,G,8/15/2026 7:56:00 AM,8/15/2026 8:00:00 AM,MIN_OPERATING_MW,35.11,
8/15/2026 7:55:00 AM,RTD,CLUZ,01BUGSOL_G01,G,8/15/2026 7:51:00 AM,8/15/2026 7:55:00 AM,MAX_OPERATING_MW,50,
8/15/2026 7:55:00 AM,RTD,CLUZ,01BUGSOL_G01,G,8/15/2026 7:51:00 AM,8/15/2026 7:55:00 AM,MIN_OPERATING_MW,50,
8/15/2026 7:55:00 AM,RTD,CLUZ,01BUGSOL_G01,G,8/15/2026 7:56:00 AM,8/15/2026 8:00:00 AM,MAX_OPERATING_MW,50,
8/15/2026 7:55:00 AM,RTD,CLUZ,01BUGSOL_G01,G,8/15/2026 7:56:00 AM,8/15/2026 8:00:00 AM,MIN_OPERATING_MW,50,
8/15/2026 7:55:00 AM,RTD,CLUZ,01BULACSOL_G01,G,8/15/2026 7:01:00 AM,8/15/2026 8:00:00 AM,MAX_OPERATING_MW,4.58,
8/15/2026 7:55:00 AM,RTD,CLUZ,01BULACSOL_G01,G,8/15/2026 7:01:00 AM,8/15/2026 8:00:00 AM,MIN_OPERATING_MW,4.58,
8/15/2026 7:55:00 AM,RTD,CLUZ,01CONSOL_G01,G,8/15/2026 7:51:00 AM,8/15/2026 7:55:00 AM,MAX_OPERATING_MW,33.19,
8/15/2026 7:55:00 AM,RTD,CLUZ,01CONSOL_G01,G,8/15/2026 7:51:00 AM,8/15/2026 7:55:00 AM,MIN_OPERATING_MW,33.19,
8/15/2026 7:55:00 AM,RTD,CLUZ,01CONSOL_G01,G,8/15/2026 7:56:00 AM,8/15/2026 8:00:00 AM,MAX_OPERATING_MW,34.65,
8/15/2026 7:55:00 AM,RTD,CLUZ,01CONSOL_G01,G,8/15/2026 7:56:00 AM,8/15/2026 8:00:00 AM,MIN_OPERATING_MW,34.65,
8/15/2026 7:55:00 AM,RTD,CLUZ,01PASBUSOL_G01,G,8/15/2026 7:01:00 AM,8/15/2026 8:00:00 AM,MAX_OPERATING_MW,13.06,
8/15/2026 7:55:00 AM,RTD,CLUZ,01PASBUSOL_G01,G,8/15/2026 7:01:00 AM,8/15/2026 8:00:00 AM,MIN_OPERATING_MW,13.06,
8/15/2026 7:55:00 AM,RTD,CLUZ,01TERRASOL_G01,G,8/15/2026 6:01:00 AM,8/15/2026 12:00:00 PM,MAX_OPERATING_MW,10,
8/15/2026 7:55:00 AM,RTD,CLUZ,01TERRASOL_G01,G,8/15/2026 6:01:00 AM,8/15/2026 12:00:00 PM,MIN_OPERATING_MW,10,
8/15/2026 7:55:00 AM,RTD,CLUZ,03LUMBSOL_G01,G,8/15/2026 7:51:00 AM,8/15/2026 7:55:00 AM,MAX_OPERATING_MW,1,
8/15/2026 7:55:00 AM,RTD,CLUZ,03LUMBSOL_G01,G,8/15/2026 7:51:00 AM,8/15/2026 7:55:00 AM,MIN_OPERATING_MW,1,
8/15/2026 7:55:00 AM,RTD,CLUZ,03LUMBSOL_G01,G,8/15/2026 7:56:00 AM,8/15/2026 8:00:00 AM,MAX_OPERATING_MW,1,
8/15/2026 7:55:00 AM,RTD,CLUZ,03LUMBSOL_G01,G,8/15/2026 7:56:00 AM,8/15/2026 8:00:00 AM,MIN_OPERATING_MW,1,
8/15/2026 7:55:00 AM,RTD,CLUZ,03LUNSOL_G01,G,8/15/2026 7:51:00 AM,8/15/2026 7:55:00 AM,MAX_OPERATING_MW,19.17,
8/15/2026 7:55:00 AM,RTD,CLUZ,03LUNSOL_G01,G,8/15/2026 7:51:00 AM,8/15/2026 7:55:00 AM,MIN_OPERATING_MW,19.17,
8/15/2026 7:55:00 AM,RTD,CLUZ,03LUNSOL_G01,G,8/15/2026 7:56:00 AM,8/15/2026 8:00:00 AM,MAX_OPERATING_MW,19.97,
8/15/2026 7:55:00 AM,RTD,CLUZ,03LUNSOL_G01,G,8/15/2026 7:56:00 AM,8/15/2026 8:00:00 AM,MIN_OPERATING_MW,19.97,
8/15/2026 7:55:00 AM,RTD,CLUZ,03TANWIND_G01,G,8/15/2026 7:51:00 AM,8/15/2026 7:55:00 AM,MAX_OPERATING_MW,2.30,
8/15/2026 7:55:00 AM,RTD,CLUZ,03TANWIND_G01,G,8/15/2026 7:51:00 AM,8/15/2026 7:55:00 AM,MIN_OPERATING_MW,2.30,
8/15/2026 7:55:00 AM,RTD,CLUZ,03TANWIND_G01,G,8/15/2026 7:56:00 AM,8/15/2026 8:00:00 AM,MAX_OPERATING_MW,2.30,
8/15/2026 7:55:00 AM,RTD,CLUZ,03TANWIND_G01,G,8/15/2026 7:56:00 AM,8/15/2026 8:00:00 AM,MIN_OPERATING_MW,2.30,
8/15/2026 7:55:00 AM,RTD,CVIS,04ISIDROSOL_G01,G,8/15/2026 7:01:00 AM,8/15/2026 8:00:00 AM,MAX_OPERATING_MW,31.60,
8/15/2026 7:55:00 AM,RTD,CVIS,04ISIDROSOL_G01,G,8/15/2026 7:01:00 AM,8/15/2026 8:00:00 AM,MIN_OPERATING_MW,31.60,
8/15/2026 7:55:00 AM,RTD,CVIS,06SLYSOL_G02,G,8/15/2026 7:01:00 AM,8/15/2026 8:00:00 AM,MAX_OPERATING_MW,7.85,
8/15/2026 7:55:00 AM,RTD,CVIS,06SLYSOL_G02,G,8/15/2026 7:01:00 AM,8/15/2026 8:00:00 AM,MIN_OPERATING_MW,7.85,
8/15/2026 7:55:00 AM,RTD,CVIS,06SLYSOL_G03,G,8/15/2026 7:01:00 AM,8/15/2026 8:00:00 AM,MAX_OPERATING_MW,5.07,
8/15/2026 7:55:00 AM,RTD,CVIS,06SLYSOL_G03,G,8/15/2026 7:01:00 AM,8/15/2026 8:00:00 AM,MIN_OPERATING_MW,5.07,
8/15/2026 7:55:00 AM,RTD,CMIN,10LIAN_G02,G,8/15/2026,8/15/2026 11:59:00 PM,MAX_OPERATING_MW,6.60,
8/15/2026 7:55:00 AM,RTD,CMIN,10LIAN_G02,G,8/15/2026,8/15/2026 11:59:00 PM,MIN_OPERATING_MW,6.60,
8/15/2026 7:55:00 AM,RTD,CMIN,14TANTASOL_G01,G,8/15/2026 7:01:00 AM,8/15/2026 8:00:00 AM,MAX_OPERATING_MW,30,
8/15/2026 7:55:00 AM,RTD,CMIN,14TANTASOL_G01,G,8/15/2026 7:01:00 AM,8/15/2026 8:00:00 AM,MIN_OPERATING_MW,30,
8/15/2026 8:00:00 AM,RTD,CLUZ,01BARBASOL_G01,G,8/15/2026 7:56:00 AM,8/15/2026 8:00:00 AM,MAX_OPERATING_MW,35.11,
8/15/2026 8:00:00 AM,RTD,CLUZ,01BARBASOL_G01,G,8/15/2026 7:56:00 AM,8/15/2026 8:00:00 AM,MIN_OPERATING_MW,35.11,
8/15/2026 8:00:00 AM,RTD,CLUZ,01BARBASOL_G01,G,8/15/2026 8:01:00 AM,8/15/2026 8:05:00 AM,MAX_OPERATING_MW,37.04,
8/15/2026 8:00:00 AM,RTD,CLUZ,01BARBASOL_G01,G,8/15/2026 8:01:00 AM,8/15/2026 8:05:00 AM,MIN_OPERATING_MW,37.04,
8/15/2026 8:00:00 AM,RTD,CLUZ,01BUGSOL_G01,G,8/15/2026 7:56:00 AM,8/15/2026 8:00:00 AM,MAX_OPERATING_MW,50,
8/15/2026 8:00:00 AM,RTD,CLUZ,01BUGSOL_G01,G,8/15/2026 7:56:00 AM,8/15/2026 8:00:00 AM,MIN_OPERATING_MW,50,
8/15/2026 8:00:00 AM,RTD,CLUZ,01BUGSOL_G01,G,8/15/2026 8:01:00 AM,8/15/2026 8:05:00 AM,MAX_OPERATING_MW,50,
8/15/2026 8:00:00 AM,RTD,CLUZ,01BUGSOL_G01,G,8/15/2026 8:01:00 AM,8/15/2026 8:05:00 AM,MIN_OPERATING_MW,50,
8/15/2026 8:00:00 AM,RTD,CLUZ,01BULACSOL_G01,G,8/15/2026 7:01:00 AM,8/15/2026 8:00:00 AM,MAX_OPERATING_MW,4.58,
8/15/2026 8:00:00 AM,RTD,CLUZ,01BULACSOL_G01,G,8/15/2026 7:01:00 AM,8/15/2026 8:00:00 AM,MIN_OPERATING_MW,4.58,
8/15/2026 8:00:00 AM,RTD,CLUZ,01BULACSOL_G01,G,8/15/2026 8:01:00 AM,8/15/2026 9:00:00 AM,MAX_OPERATING_MW,8.56,
8/15/2026 8:00:00 AM,RTD,CLUZ,01BULACSOL_G01,G,8/15/2026 8:01:00 AM,8/15/2026 9:00:00 AM,MIN_OPERATING_MW,8.56,
8/15/2026 8:00:00 AM,RTD,CLUZ,01CONSOL_G01,G,8/15/2026 7:56:00 AM,8/15/2026 8:00:00 AM,MAX_OPERATING_MW,34.65,
8/15/2026 8:00:00 AM,RTD,CLUZ,01CONSOL_G01,G,8/15/2026 7:56:00 AM,8/15/2026 8:00:00 AM,MIN_OPERATING_MW,34.65,
8/15/2026 8:00:00 AM,RTD,CLUZ,01CONSOL_G01,G,8/15/2026 8:01:00 AM,8/15/2026 8:05:00 AM,MAX_OPERATING_MW,36.20,
8/15/2026 8:00:00 AM,RTD,CLUZ,01CONSOL_G01,G,8/15/2026 8:01:00 AM,8/15/2026 8:05:00 AM,MIN_OPERATING_MW,36.20,
8/15/2026 8:00:00 AM,RTD,CLUZ,01PASBUSOL_G01,G,8/15/2026 7:01:00 AM,8/15/2026 8:00:00 AM,MAX_OPERATING_MW,13.06,
8/15/2026 8:00:00 AM,RTD,CLUZ,01PASBUSOL_G01,G,8/15/2026 7:01:00 AM,8/15/2026 8:00:00 AM,MIN_OPERATING_MW,13.06,
8/15/2026 8:00:00 AM,RTD,CLUZ,01PASBUSOL_G01,G,8/15/2026 8:01:00 AM,8/15/2026 9:00:00 AM,MAX_OPERATING_MW,23.61,
8/15/2026 8:00:00 AM,RTD,CLUZ,01PASBUSOL_G01,G,8/15/2026 8:01:00 AM,8/15/2026 9:00:00 AM,MIN_OPERATING_MW,23.61,
8/15/2026 8:00:00 AM,RTD,CLUZ,01TERRASOL_G01,G,8/15/2026 6:01:00 AM,8/15/2026 12:00:00 PM,MAX_OPERATING_MW,10,
8/15/2026 8:00:00 AM,RTD,CLUZ,01TERRASOL_G01,G,8/15/2026 6:01:00 AM,8/15/2026 12:00:00 PM,MIN_OPERATING_MW,10,
8/15/2026 8:00:00 AM,RTD,CLUZ,03LUMBSOL_G01,G,8/15/2026 7:56:00 AM,8/15/2026 8:00:00 AM,MAX_OPERATING_MW,1,
8/15/2026 8:00:00 AM,RTD,CLUZ,03LUMBSOL_G01,G,8/15/2026 7:56:00 AM,8/15/2026 8:00:00 AM,MIN_OPERATING_MW,1,
8/15/2026 8:00:00 AM,RTD,CLUZ,03LUMBSOL_G01,G,8/15/2026 8:01:00 AM,8/15/2026 8:05:00 AM,MAX_OPERATING_MW,1,
8/15/2026 8:00:00 AM,RTD,CLUZ,03LUMBSOL_G01,G,8/15/2026 8:01:00 AM,8/15/2026 8:05:00 AM,MIN_OPERATING_MW,1,
8/15/2026 8:00:00 AM,RTD,CLUZ,03LUNSOL_G01,G,8/15/2026 7:56:00 AM,8/15/2026 8:00:00 AM,MAX_OPERATING_MW,19.97,
8/15/2026 8:00:00 AM,RTD,CLUZ,03LUNSOL_G01,G,8/15/2026 7:56:00 AM,8/15/2026 8:00:00 AM,MIN_OPERATING_MW,19.97,
8/15/2026 8:00:00 AM,RTD,CLUZ,03LUNSOL_G01,G,8/15/2026 8:01:00 AM,8/15/2026 8:05:00 AM,MAX_OPERATING_MW,20.74,
8/15/2026 8:00:00 AM,RTD,CLUZ,03LUNSOL_G01,G,8/15/2026 8:01:00 AM,8/15/2026 8:05:00 AM,MIN_OPERATING_MW,20.74,
8/15/2026 8:00:00 AM,RTD,CLUZ,03TANWIND_G01,G,8/15/2026 7:56:00 AM,8/15/2026 8:00:00 AM,MAX_OPERATING_MW,2.30,
8/15/2026 8:00:00 AM,RTD,CLUZ,03TANWIND_G01,G,8/15/2026 7:56:00 AM,8/15/2026 8:00:00 AM,MIN_OPERATING_MW,2.30,
8/15/2026 8:00:00 AM,RTD,CLUZ,03TANWIND_G01,G,8/15/2026 8:01:00 AM,8/15/2026 8:05:00 AM,MAX_OPERATING_MW,3,
8/15/2026 8:00:00 AM,RTD,CLUZ,03TANWIND_G01,G,8/15/2026 8:01:00 AM,8/15/2026 8:05:00 AM,MIN_OPERATING_MW,3,
8/15/2026 8:00:00 AM,RTD,CVIS,04ISIDROSOL_G01,G,8/15/2026 7:01:00 AM,8/15/2026 8:00:00 AM,MAX_OPERATING_MW,31.60,
8/15/2026 8:00:00 AM,RTD,CVIS,04ISIDROSOL_G01,G,8/15/2026 7:01:00 AM,8/15/2026 8:00:00 AM,MIN_OPERATING_MW,31.60,
8/15/2026 8:00:00 AM,RTD,CVIS,04ISIDROSOL_G01,G,8/15/2026 8:01:00 AM,8/15/2026 9:00:00 AM,MAX_OPERATING_MW,54.10,
8/15/2026 8:00:00 AM,RTD,CVIS,04ISIDROSOL_G01,G,8/15/2026 8:01:00 AM,8/15/2026 9:00:00 AM,MIN_OPERATING_MW,54.10,
8/15/2026 8:00:00 AM,RTD,CVIS,06SLYSOL_G02,G,8/15/2026 7:01:00 AM,8/15/2026 8:00:00 AM,MAX_OPERATING_MW,7.85,
8/15/2026 8:00:00 AM,RTD,CVIS,06SLYSOL_G02,G,8/15/2026 7:01:00 AM,8/15/2026 8:00:00 AM,MIN_OPERATING_MW,7.85,
8/15/2026 8:00:00 AM,RTD,CVIS,06SLYSOL_G02,G,8/15/2026 8:01:00 AM,8/15/2026 9:00:00 AM,MAX_OPERATING_MW,9.45,
8/15/2026 8:00:00 AM,RTD,CVIS,06SLYSOL_G02,G,8/15/2026 8:01:00 AM,8/15/2026 9:00:00 AM,MIN_OPERATING_MW,9.45,
8/15/2026 8:00:00 AM,RTD,CVIS,06SLYSOL_G03,G,8/15/2026 7:01:00 AM,8/15/2026 8:00:00 AM,MAX_OPERATING_MW,5.07,
8/15/2026 8:00:00 AM,RTD,CVIS,06SLYSOL_G03,G,8/15/2026 7:01:00 AM,8/15/2026 8:00:00 AM,MIN_OPERATING_MW,5.07,
8/15/2026 8:00:00 AM,RTD,CVIS,06SLYSOL_G03,G,8/15/2026 8:01:00 AM,8/15/2026 9:00:00 AM,MAX_OPERATING_MW,9.04,
8/15/2026 8:00:00 AM,RTD,CVIS,06SLYSOL_G03,G,8/15/2026 8:01:00 AM,8/15/2026 9:00:00 AM,MIN_OPERATING_MW,9.04,
8/15/2026 8:00:00 AM,RTD,CMIN,10LIAN_G02,G,8/15/2026,8/15/2026 11:59:00 PM,MAX_OPERATING_MW,6.60,
8/15/2026 8:00:00 AM,RTD,CMIN,10LIAN_G02,G,8/15/2026,8/15/2026 11:59:00 PM,MIN_OPERATING_MW,6.60,
8/15/2026 8:00:00 AM,RTD,CMIN,14TANTASOL_G01,G,8/15/2026 7:01:00 AM,8/15/2026 8:00:00 AM,MAX_OPERATING_MW,30,
8/15/2026 8:00:00 AM,RTD,CMIN,14TANTASOL_G01,G,8/15/2026 7:01:00 AM,8/15/2026 8:00:00 AM,MIN_OPERATING_MW,30,
8/15/2026 8:00:00 AM,RTD,CMIN,14TANTASOL_G01,G,8/15/2026 8:01:00 AM,8/15/2026 9:00:00 AM,MAX_OPERATING_MW,39,
8/15/2026 8:00:00 AM,RTD,CMIN,14TANTASOL_G01,G,8/15/2026 8:01:00 AM,8/15/2026 9:00:00 AM,MIN_OPERATING_MW,39,
8/15/2026 8:05:00 AM,RTD,CLUZ,01BARBASOL_G01,G,8/15/2026 8:01:00 AM,8/15/2026 8:05:00 AM,MAX_OPERATING_MW,37.04,
8/15/2026 8:05:00 AM,RTD,CLUZ,01BARBASOL_G01,G,8/15/2026 8:01:00 AM,8/15/2026 8:05:00 AM,MIN_OPERATING_MW,37.04,
8/15/2026 8:05:00 AM,RTD,CLUZ,01BARBASOL_G01,G,8/15/2026 8:06:00 AM,8/15/2026 8:10:00 AM,MAX_OPERATING_MW,38.96,
8/15/2026 8:05:00 AM,RTD,CLUZ,01BARBASOL_G01,G,8/15/2026 8:06:00 AM,8/15/2026 8:10:00 AM,MIN_OPERATING_MW,38.96,
8/15/2026 8:05:00 AM,RTD,CLUZ,01BUGSOL_G01,G,8/15/2026 8:01:00 AM,8/15/2026 8:05:00 AM,MAX_OPERATING_MW,50,
8/15/2026 8:05:00 AM,RTD,CLUZ,01BUGSOL_G01,G,8/15/2026 8:01:00 AM,8/15/2026 8:05:00 AM,MIN_OPERATING_MW,50,
8/15/2026 8:05:00 AM,RTD,CLUZ,01BUGSOL_G01,G,8/15/2026 8:06:00 AM,8/15/2026 8:10:00 AM,MAX_OPERATING_MW,50,
8/15/2026 8:05:00 AM,RTD,CLUZ,01BUGSOL_G01,G,8/15/2026 8:06:00 AM,8/15/2026 8:10:00 AM,MIN_OPERATING_MW,50,
8/15/2026 8:05:00 AM,RTD,CLUZ,01BULACSOL_G01,G,8/15/2026 8:01:00 AM,8/15/2026 9:00:00 AM,MAX_OPERATING_MW,8.56,
8/15/2026 8:05:00 AM,RTD,CLUZ,01BULACSOL_G01,G,8/15/2026 8:01:00 AM,8/15/2026 9:00:00 AM,MIN_OPERATING_MW,8.56,
8/15/2026 8:05:00 AM,RTD,CLUZ,01CONSOL_G01,G,8/15/2026 8:01:00 AM,8/15/2026 8:05:00 AM,MAX_OPERATING_MW,36.20,
8/15/2026 8:05:00 AM,RTD,CLUZ,01CONSOL_G01,G,8/15/2026 8:01:00 AM,8/15/2026 8:05:00 AM,MIN_OPERATING_MW,36.20,
8/15/2026 8:05:00 AM,RTD,CLUZ,01CONSOL_G01,G,8/15/2026 8:06:00 AM,8/15/2026 8:10:00 AM,MAX_OPERATING_MW,37.73,
8/15/2026 8:05:00 AM,RTD,CLUZ,01CONSOL_G01,G,8/15/2026 8:06:00 AM,8/15/2026 8:10:00 AM,MIN_OPERATING_MW,37.73,
8/15/2026 8:05:00 AM,RTD,CLUZ,01PASBUSOL_G01,G,8/15/2026 8:01:00 AM,8/15/2026 9:00:00 AM,MAX_OPERATING_MW,23.61,
8/15/2026 8:05:00 AM,RTD,CLUZ,01PASBUSOL_G01,G,8/15/2026 8:01:00 AM,8/15/2026 9:00:00 AM,MIN_OPERATING_MW,23.61,
8/15/2026 8:05:00 AM,RTD,CLUZ,01TERRASOL_G01,G,8/15/2026 6:01:00 AM,8/15/2026 12:00:00 PM,MAX_OPERATING_MW,10,
8/15/2026 8:05:00 AM,RTD,CLUZ,01TERRASOL_G01,G,8/15/2026 6:01:00 AM,8/15/2026 12:00:00 PM,MIN_OPERATING_MW,10,
8/15/2026 8:05:00 AM,RTD,CLUZ,03LUMBSOL_G01,G,8/15/2026 8:01:00 AM,8/15/2026 8:05:00 AM,MAX_OPERATING_MW,1,
8/15/2026 8:05:00 AM,RTD,CLUZ,03LUMBSOL_G01,G,8/15/2026 8:01:00 AM,8/15/2026 8:05:00 AM,MIN_OPERATING_MW,1,
8/15/2026 8:05:00 AM,RTD,CLUZ,03LUMBSOL_G01,G,8/15/2026 8:06:00 AM,8/15/2026 8:10:00 AM,MAX_OPERATING_MW,1,
8/15/2026 8:05:00 AM,RTD,CLUZ,03LUMBSOL_G01,G,8/15/2026 8:06:00 AM,8/15/2026 8:10:00 AM,MIN_OPERATING_MW,1,
8/15/2026 8:05:00 AM,RTD,CLUZ,03LUNSOL_G01,G,8/15/2026 8:01:00 AM,8/15/2026 8:05:00 AM,MAX_OPERATING_MW,20.74,
8/15/2026 8:05:00 AM,RTD,CLUZ,03LUNSOL_G01,G,8/15/2026 8:01:00 AM,8/15/2026 8:05:00 AM,MIN_OPERATING_MW,20.74,
8/15/2026 8:05:00 AM,RTD,CLUZ,03LUNSOL_G01,G,8/15/2026 8:06:00 AM,8/15/2026 8:10:00 AM,MAX_OPERATING_MW,21.49,
8/15/2026 8:05:00 AM,RTD,CLUZ,03LUNSOL_G01,G,8/15/2026 8:06:00 AM,8/15/2026 8:10:00 AM,MIN_OPERATING_MW,21.49,
8/15/2026 8:05:00 AM,RTD,CLUZ,03TANWIND_G01,G,8/15/2026 8:01:00 AM,8/15/2026 8:05:00 AM,MAX_OPERATING_MW,3,
8/15/2026 8:05:00 AM,RTD,CLUZ,03TANWIND_G01,G,8/15/2026 8:01:00 AM,8/15/2026 8:05:00 AM,MIN_OPERATING_MW,3,
8/15/2026 8:05:00 AM,RTD,CLUZ,03TANWIND_G01,G,8/15/2026 8:06:00 AM,8/15/2026 8:10:00 AM,MAX_OPERATING_MW,3,
8/15/2026 8:05:00 AM,RTD,CLUZ,03TANWIND_G01,G,8/15/2026 8:06:00 AM,8/15/2026 8:10:00 AM,MIN_OPERATING_MW,3,
8/15/2026 8:05:00 AM,RTD,CVIS,04ISIDROSOL_G01,G,8/15/2026 8:01:00 AM,8/15/2026 9:00:00 AM,MAX_OPERATING_MW,54.10,
8/15/2026 8:05:00 AM,RTD,CVIS,04ISIDROSOL_G01,G,8/15/2026 8:01:00 AM,8/15/2026 9:00:00 AM,MIN_OPERATING_MW,54.10,
8/15/2026 8:05:00 AM,RTD,CVIS,06SLYSOL_G02,G,8/15/2026 8:01:00 AM,8/15/2026 9:00:00 AM,MAX_OPERATING_MW,9.45,
8/15/2026 8:05:00 AM,RTD,CVIS,06SLYSOL_G02,G,8/15/2026 8:01:00 AM,8/15/2026 9:00:00 AM,MIN_OPERATING_MW,9.45,
8/15/2026 8:05:00 AM,RTD,CVIS,06SLYSOL_G03,G,8/15/2026 8:01:00 AM,8/15/2026 9:00:00 AM,MAX_OPERATING_MW,9.04,
8/15/2026 8:05:00 AM,RTD,CVIS,06SLYSOL_G03,G,8/15/2026 8:01:00 AM,8/15/2026 9:00:00 AM,MIN_OPERATING_MW,9.04,
8/15/2026 8:05:00 AM,RTD,CMIN,10LIAN_G02,G,8/15/2026,8/15/2026 11:59:00 PM,MAX_OPERATING_MW,6.60,
8/15/2026 8:05:00 AM,RTD,CMIN,10LIAN_G02,G,8/15/2026,8/15/2026 11:59:00 PM,MIN_OPERATING_MW,6.60,
8/15/2026 8:05:00 AM,RTD,CMIN,14TANTASOL_G01,G,8/15/2026 8:01:00 AM,8/15/2026 9:00:00 AM,MAX_OPERATING_MW,39,
8/15/2026 8:05:00 AM,RTD,CMIN,14TANTASOL_G01,G,8/15/2026 8:01:00 AM,8/15/2026 9:00:00 AM,MIN_OPERATING_MW,39,
8/15/2026 8:10:00 AM,RTD,CLUZ,01BARBASOL_G01,G,8/15/2026 8:06:00 AM,8/15/2026 8:10:00 AM,MAX_OPERATING_MW,38.96,
8/15/2026 8:10:00 AM,RTD,CLUZ,01BARBASOL_G01,G,8/15/2026 8:06:00 AM,8/15/2026 8:10:00 AM,MIN_OPERATING_MW,38.96,
8/15/2026 8:10:00 AM,RTD,CLUZ,01BARBASOL_G01,G,8/15/2026 8:11:00 AM,8/15/2026 8:15:00 AM,MAX_OPERATING_MW,40.94,
8/15/2026 8:10:00 AM,RTD,CLUZ,01BARBASOL_G01,G,8/15/2026 8:11:00 AM,8/15/2026 8:15:00 AM,MIN_OPERATING_MW,40.94,
8/15/2026 8:10:00 AM,RTD,CLUZ,01BUGSOL_G01,G,8/15/2026 8:06:00 AM,8/15/2026 8:10:00 AM,MAX_OPERATING_MW,50,
8/15/2026 8:10:00 AM,RTD,CLUZ,01BUGSOL_G01,G,8/15/2026 8:06:00 AM,8/15/2026 8:10:00 AM,MIN_OPERATING_MW,50,
8/15/2026 8:10:00 AM,RTD,CLUZ,01BUGSOL_G01,G,8/15/2026 8:11:00 AM,8/15/2026 8:15:00 AM,MAX_OPERATING_MW,50,
8/15/2026 8:10:00 AM,RTD,CLUZ,01BUGSOL_G01,G,8/15/2026 8:11:00 AM,8/15/2026 8:15:00 AM,MIN_OPERATING_MW,50,
8/15/2026 8:10:00 AM,RTD,CLUZ,01BULACSOL_G01,G,8/15/2026 8:01:00 AM,8/15/2026 9:00:00 AM,MAX_OPERATING_MW,8.56,
8/15/2026 8:10:00 AM,RTD,CLUZ,01BULACSOL_G01,G,8/15/2026 8:01:00 AM,8/15/2026 9:00:00 AM,MIN_OPERATING_MW,8.56,
8/15/2026 8:10:00 AM,RTD,CLUZ,01CONSOL_G01,G,8/15/2026 8:06:00 AM,8/15/2026 8:10:00 AM,MAX_OPERATING_MW,37.73,
8/15/2026 8:10:00 AM,RTD,CLUZ,01CONSOL_G01,G,8/15/2026 8:06:00 AM,8/15/2026 8:10:00 AM,MIN_OPERATING_MW,37.73,
8/15/2026 8:10:00 AM,RTD,CLUZ,01CONSOL_G01,G,8/15/2026 8:11:00 AM,8/15/2026 8:15:00 AM,MAX_OPERATING_MW,39.24,
8/15/2026 8:10:00 AM,RTD,CLUZ,01CONSOL_G01,G,8/15/2026 8:11:00 AM,8/15/2026 8:15:00 AM,MIN_OPERATING_MW,39.24,
8/15/2026 8:10:00 AM,RTD,CLUZ,01PASBUSOL_G01,G,8/15/2026 8:01:00 AM,8/15/2026 9:00:00 AM,MAX_OPERATING_MW,23.61,
8/15/2026 8:10:00 AM,RTD,CLUZ,01PASBUSOL_G01,G,8/15/2026 8:01:00 AM,8/15/2026 9:00:00 AM,MIN_OPERATING_MW,23.61,
8/15/2026 8:10:00 AM,RTD,CLUZ,01TERRASOL_G01,G,8/15/2026 6:01:00 AM,8/15/2026 12:00:00 PM,MAX_OPERATING_MW,10,
8/15/2026 8:10:00 AM,RTD,CLUZ,01TERRASOL_G01,G,8/15/2026 6:01:00 AM,8/15/2026 12:00:00 PM,MIN_OPERATING_MW,10,
8/15/2026 8:10:00 AM,RTD,CLUZ,03LUMBSOL_G01,G,8/15/2026 8:06:00 AM,8/15/2026 8:10:00 AM,MAX_OPERATING_MW,1,
8/15/2026 8:10:00 AM,RTD,CLUZ,03LUMBSOL_G01,G,8/15/2026 8:06:00 AM,8/15/2026 8:10:00 AM,MIN_OPERATING_MW,1,
8/15/2026 8:10:00 AM,RTD,CLUZ,03LUMBSOL_G01,G,8/15/2026 8:11:00 AM,8/15/2026 8:15:00 AM,MAX_OPERATING_MW,1,
8/15/2026 8:10:00 AM,RTD,CLUZ,03LUMBSOL_G01,G,8/15/2026 8:11:00 AM,8/15/2026 8:15:00 AM,MIN_OPERATING_MW,1,
8/15/2026 8:10:00 AM,RTD,CLUZ,03LUNSOL_G01,G,8/15/2026 8:06:00 AM,8/15/2026 8:10:00 AM,MAX_OPERATING_MW,21.49,
8/15/2026 8:10:00 AM,RTD,CLUZ,03LUNSOL_G01,G,8/15/2026 8:06:00 AM,8/15/2026 8:10:00 AM,MIN_OPERATING_MW,21.49,
8/15/2026 8:10:00 AM,RTD,CLUZ,03LUNSOL_G01,G,8/15/2026 8:11:00 AM,8/15/2026 8:15:00 AM,MAX_OPERATING_MW,22.22,
8/15/2026 8:10:00 AM,RTD,CLUZ,03LUNSOL_G01,G,8/15/2026 8:11:00 AM,8/15/2026 8:15:00 AM,MIN_OPERATING_MW,22.22,
8/15/2026 8:10:00 AM,RTD,CLUZ,03TANWIND_G01,G,8/15/2026 8:06:00 AM,8/15/2026 8:10:00 AM,MAX_OPERATING_MW,3,
8/15/2026 8:10:00 AM,RTD,CLUZ,03TANWIND_G01,G,8/15/2026 8:06:00 AM,8/15/2026 8:10:00 AM,MIN_OPERATING_MW,3,
8/15/2026 8:10:00 AM,RTD,CLUZ,03TANWIND_G01,G,8/15/2026 8:11:00 AM,8/15/2026 8:15:00 AM,MAX_OPERATING_MW,3,
8/15/2026 8:10:00 AM,RTD,CLUZ,03TANWIND_G01,G,8/15/2026 8:11:00 AM,8/15/2026 8:15:00 AM,MIN_OPERATING_MW,3,
8/15/2026 8:10:00 AM,RTD,CVIS,04ISIDROSOL_G01,G,8/15/2026 8:01:00 AM,8/15/2026 9:00:00 AM,MAX_OPERATING_MW,54.10,
8/15/2026 8:10:00 AM,RTD,CVIS,04ISIDROSOL_G01,G,8/15/2026 8:01:00 AM,8/15/2026 9:00:00 AM,MIN_OPERATING_MW,54.10,
8/15/2026 8:10:00 AM,RTD,CVIS,06SLYSOL_G02,G,8/15/2026 8:01:00 AM,8/15/2026 9:00:00 AM,MAX_OPERATING_MW,9.45,
8/15/2026 8:10:00 AM,RTD,CVIS,06SLYSOL_G02,G,8/15/2026 8:01:00 AM,8/15/2026 9:00:00 AM,MIN_OPERATING_MW,9.45,
8/15/2026 8:10:00 AM,RTD,CVIS,06SLYSOL_G03,G,8/15/2026 8:01:00 AM,8/15/2026 9:00:00 AM,MAX_OPERATING_MW,9.04,
8/15/2026 8:10:00 AM,RTD,CVIS,06SLYSOL_G03,G,8/15/2026 8:01:00 AM,8/15/2026 9:00:00 AM,MIN_OPERATING_MW,9.04,
8/15/2026 8:10:00 AM,RTD,CMIN,10LIAN_G02,G,8/15/2026,8/15/2026 11:59:00 PM,MAX_OPERATING_MW,6.60,
8/15/2026 8:10:00 AM,RTD,CMIN,10LIAN_G02,G,8/15/2026,8/15/2026 11:59:00 PM,MIN_OPERATING_MW,6.60,
8/15/2026 8:10:00 AM,RTD,CMIN,14TANTASOL_G01,G,8/15/2026 8:01:00 AM,8/15/2026 9:00:00 AM,MAX_OPERATING_MW,39,
8/15/2026 8:10:00 AM,RTD,CMIN,14TANTASOL_G01,G,8/15/2026 8:01:00 AM,8/15/2026 9:00:00 AM,MIN_OPERATING_MW,39,
8/15/2026 8:15:00 AM,RTD,CLUZ,01BARBASOL_G01,G,8/15/2026 8:11:00 AM,8/15/2026 8:15:00 AM,MAX_OPERATING_MW,40.94,
8/15/2026 8:15:00 AM,RTD,CLUZ,01BARBASOL_G01,G,8/15/2026 8:11:00 AM,8/15/2026 8:15:00 AM,MIN_OPERATING_MW,40.94,
8/15/2026 8:15:00 AM,RTD,CLUZ,01BARBASOL_G01,G,8/15/2026 8:16:00 AM,8/15/2026 8:20:00 AM,MAX_OPERATING_MW,42.99,
8/15/2026 8:15:00 AM,RTD,CLUZ,01BARBASOL_G01,G,8/15/2026 8:16:00 AM,8/15/2026 8:20:00 AM,MIN_OPERATING_MW,42.99,
8/15/2026 8:15:00 AM,RTD,CLUZ,01BUGSOL_G01,G,8/15/2026 8:11:00 AM,8/15/2026 8:15:00 AM,MAX_OPERATING_MW,50,
8/15/2026 8:15:00 AM,RTD,CLUZ,01BUGSOL_G01,G,8/15/2026 8:11:00 AM,8/15/2026 8:15:00 AM,MIN_OPERATING_MW,50,
8/15/2026 8:15:00 AM,RTD,CLUZ,01BUGSOL_G01,G,8/15/2026 8:16:00 AM,8/15/2026 8:20:00 AM,MAX_OPERATING_MW,50,
8/15/2026 8:15:00 AM,RTD,CLUZ,01BUGSOL_G01,G,8/15/2026 8:16:00 AM,8/15/2026 8:20:00 AM,MIN_OPERATING_MW,50,
8/15/2026 8:15:00 AM,RTD,CLUZ,01BULACSOL_G01,G,8/15/2026 8:01:00 AM,8/15/2026 9:00:00 AM,MAX_OPERATING_MW,8.56,
8/15/2026 8:15:00 AM,RTD,CLUZ,01BULACSOL_G01,G,8/15/2026 8:01:00 AM,8/15/2026 9:00:00 AM,MIN_OPERATING_MW,8.56,
8/15/2026 8:15:00 AM,RTD,CLUZ,01CONSOL_G01,G,8/15/2026 8:11:00 AM,8/15/2026 8:15:00 AM,MAX_OPERATING_MW,39.24,
8/15/2026 8:15:00 AM,RTD,CLUZ,01CONSOL_G01,G,8/15/2026 8:11:00 AM,8/15/2026 8:15:00 AM,MIN_OPERATING_MW,39.24,
8/15/2026 8:15:00 AM,RTD,CLUZ,01CONSOL_G01,G,8/15/2026 8:16:00 AM,8/15/2026 8:20:00 AM,MAX_OPERATING_MW,40.73,
8/15/2026 8:15:00 AM,RTD,CLUZ,01CONSOL_G01,G,8/15/2026 8:16:00 AM,8/15/2026 8:20:00 AM,MIN_OPERATING_MW,40.73,
8/15/2026 8:15:00 AM,RTD,CLUZ,01PASBUSOL_G01,G,8/15/2026 8:01:00 AM,8/15/2026 9:00:00 AM,MAX_OPERATING_MW,23.61,
8/15/2026 8:15:00 AM,RTD,CLUZ,01PASBUSOL_G01,G,8/15/2026 8:01:00 AM,8/15/2026 9:00:00 AM,MIN_OPERATING_MW,23.61,
8/15/2026 8:15:00 AM,RTD,CLUZ,01TERRASOL_G01,G,8/15/2026 6:01:00 AM,8/15/2026 12:00:00 PM,MAX_OPERATING_MW,10,
8/15/2026 8:15:00 AM,RTD,CLUZ,01TERRASOL_G01,G,8/15/2026 6:01:00 AM,8/15/2026 12:00:00 PM,MIN_OPERATING_MW,10,
8/15/2026 8:15:00 AM,RTD,CLUZ,03LUMBSOL_G01,G,8/15/2026 8:11:00 AM,8/15/2026 8:15:00 AM,MAX_OPERATING_MW,1,
8/15/2026 8:15:00 AM,RTD,CLUZ,03LUMBSOL_G01,G,8/15/2026 8:11:00 AM,8/15/2026 8:15:00 AM,MIN_OPERATING_MW,1,
8/15/2026 8:15:00 AM,RTD,CLUZ,03LUMBSOL_G01,G,8/15/2026 8:16:00 AM,8/15/2026 8:20:00 AM,MAX_OPERATING_MW,1,
8/15/2026 8:15:00 AM,RTD,CLUZ,03LUMBSOL_G01,G,8/15/2026 8:16:00 AM,8/15/2026 8:20:00 AM,MIN_OPERATING_MW,1,
8/15/2026 8:15:00 AM,RTD,CLUZ,03LUNSOL_G01,G,8/15/2026 8:11:00 AM,8/15/2026 8:15:00 AM,MAX_OPERATING_MW,22.22,
8/15/2026 8:15:00 AM,RTD,CLUZ,03LUNSOL_G01,G,8/15/2026 8:11:00 AM,8/15/2026 8:15:00 AM,MIN_OPERATING_MW,22.22,
8/15/2026 8:15:00 AM,RTD,CLUZ,03LUNSOL_G01,G,8/15/2026 8:16:00 AM,8/15/2026 8:20:00 AM,MAX_OPERATING_MW,22.93,
8/15/2026 8:15:00 AM,RTD,CLUZ,03LUNSOL_G01,G,8/15/2026 8:16:00 AM,8/15/2026 8:20:00 AM,MIN_OPERATING_MW,22.93,
8/15/2026 8:15:00 AM,RTD,CLUZ,03TANWIND_G01,G,8/15/2026 8:11:00 AM,8/15/2026 8:15:00 AM,MAX_OPERATING_MW,3,
8/15/2026 8:15:00 AM,RTD,CLUZ,03TANWIND_G01,G,8/15/2026 8:11:00 AM,8/15/2026 8:15:00 AM,MIN_OPERATING_MW,3,
8/15/2026 8:15:00 AM,RTD,CLUZ,03TANWIND_G01,G,8/15/2026 8:16:00 AM,8/15/2026 8:20:00 AM,MAX_OPERATING_MW,3,
8/15/2026 8:15:00 AM,RTD,CLUZ,03TANWIND_G01,G,8/15/2026 8:16:00 AM,8/15/2026 8:20:00 AM,MIN_OPERATING_MW,3,
8/15/2026 8:15:00 AM,RTD,CVIS,04ISIDROSOL_G01,G,8/15/2026 8:01:00 AM,8/15/2026 9:00:00 AM,MAX_OPERATING_MW,54.10,
8/15/2026 8:15:00 AM,RTD,CVIS,04ISIDROSOL_G01,G,8/15/2026 8:01:00 AM,8/15/2026 9:00:00 AM,MIN_OPERATING_MW,54.10,
8/15/2026 8:15:00 AM,RTD,CVIS,06SLYSOL_G02,G,8/15/2026 8:01:00 AM,8/15/2026 9:00:00 AM,MAX_OPERATING_MW,9.45,
8/15/2026 8:15:00 AM,RTD,CVIS,06SLYSOL_G02,G,8/15/2026 8:01:00 AM,8/15/2026 9:00:00 AM,MIN_OPERATING_MW,9.45,
8/15/2026 8:15:00 AM,RTD,CVIS,06SLYSOL_G03,G,8/15/2026 8:01:00 AM,8/15/2026 9:00:00 AM,MAX_OPERATING_MW,9.04,
8/15/2026 8:15:00 AM,RTD,CVIS,06SLYSOL_G03,G,8/15/2026 8:01:00 AM,8/15/2026 9:00:00 AM,MIN_OPERATING_MW,9.04,
8/15/2026 8:15:00 AM,RTD,CMIN,10LIAN_G02,G,8/15/2026,8/15/2026 11:59:00 PM,MAX_OPERATING_MW,6.60,
8/15/2026 8:15:00 AM,RTD,CMIN,10LIAN_G02,G,8/15/2026,8/15/2026 11:59:00 PM,MIN_OPERATING_MW,6.60,
8/15/2026 8:15:00 AM,RTD,CMIN,14TANTASOL_G01,G,8/15/2026 8:01:00 AM,8/15/2026 9:00:00 AM,MAX_OPERATING_MW,39,
8/15/2026 8:15:00 AM,RTD,CMIN,14TANTASOL_G01,G,8/15/2026 8:01:00 AM,8/15/2026 9:00:00 AM,MIN_OPERATING_MW,39,
8/15/2026 8:20:00 AM,RTD,CLUZ,01BARBASOL_G01,G,8/15/2026 8:16:00 AM,8/15/2026 8:20:00 AM,MAX_OPERATING_MW,42.99,
8/15/2026 8:20:00 AM,RTD,CLUZ,01BARBASOL_G01,G,8/15/2026 8:16:00 AM,8/15/2026 8:20:00 AM,MIN_OPERATING_MW,42.99,
8/15/2026 8:20:00 AM,RTD,CLUZ,01BARBASOL_G01,G,8/15/2026 8:21:00 AM,8/15/2026 8:25:00 AM,MAX_OPERATING_MW,45.07,
8/15/2026 8:20:00 AM,RTD,CLUZ,01BARBASOL_G01,G,8/15/2026 8:21:00 AM,8/15/2026 8:25:00 AM,MIN_OPERATING_MW,45.07,
8/15/2026 8:20:00 AM,RTD,CLUZ,01BUGSOL_G01,G,8/15/2026 8:16:00 AM,8/15/2026 8:20:00 AM,MAX_OPERATING_MW,50,
8/15/2026 8:20:00 AM,RTD,CLUZ,01BUGSOL_G01,G,8/15/2026 8:16:00 AM,8/15/2026 8:20:00 AM,MIN_OPERATING_MW,50,
8/15/2026 8:20:00 AM,RTD,CLUZ,01BUGSOL_G01,G,8/15/2026 8:21:00 AM,8/15/2026 8:25:00 AM,MAX_OPERATING_MW,50,
8/15/2026 8:20:00 AM,RTD,CLUZ,01BUGSOL_G01,G,8/15/2026 8:21:00 AM,8/15/2026 8:25:00 AM,MIN_OPERATING_MW,50,
8/15/2026 8:20:00 AM,RTD,CLUZ,01BULACSOL_G01,G,8/15/2026 8:01:00 AM,8/15/2026 9:00:00 AM,MAX_OPERATING_MW,8.56,
8/15/2026 8:20:00 AM,RTD,CLUZ,01BULACSOL_G01,G,8/15/2026 8:01:00 AM,8/15/2026 9:00:00 AM,MIN_OPERATING_MW,8.56,
8/15/2026 8:20:00 AM,RTD,CLUZ,01CONSOL_G01,G,8/15/2026 8:16:00 AM,8/15/2026 8:20:00 AM,MAX_OPERATING_MW,40.73,
8/15/2026 8:20:00 AM,RTD,CLUZ,01CONSOL_G01,G,8/15/2026 8:16:00 AM,8/15/2026 8:20:00 AM,MIN_OPERATING_MW,40.73,
8/15/2026 8:20:00 AM,RTD,CLUZ,01CONSOL_G01,G,8/15/2026 8:21:00 AM,8/15/2026 8:25:00 AM,MAX_OPERATING_MW,42.19,
8/15/2026 8:20:00 AM,RTD,CLUZ,01CONSOL_G01,G,8/15/2026 8:21:00 AM,8/15/2026 8:25:00 AM,MIN_OPERATING_MW,42.19,
8/15/2026 8:20:00 AM,RTD,CLUZ,01PASBUSOL_G01,G,8/15/2026 8:01:00 AM,8/15/2026 9:00:00 AM,MAX_OPERATING_MW,23.61,
8/15/2026 8:20:00 AM,RTD,CLUZ,01PASBUSOL_G01,G,8/15/2026 8:01:00 AM,8/15/2026 9:00:00 AM,MIN_OPERATING_MW,23.61,
8/15/2026 8:20:00 AM,RTD,CLUZ,01TERRASOL_G01,G,8/15/2026 6:01:00 AM,8/15/2026 12:00:00 PM,MAX_OPERATING_MW,10,
8/15/2026 8:20:00 AM,RTD,CLUZ,01TERRASOL_G01,G,8/15/2026 6:01:00 AM,8/15/2026 12:00:00 PM,MIN_OPERATING_MW,10,
8/15/2026 8:20:00 AM,RTD,CLUZ,03LUMBSOL_G01,G,8/15/2026 8:16:00 AM,8/15/2026 8:20:00 AM,MAX_OPERATING_MW,1,
8/15/2026 8:20:00 AM,RTD,CLUZ,03LUMBSOL_G01,G,8/15/2026 8:16:00 AM,8/15/2026 8:20:00 AM,MIN_OPERATING_MW,1,
8/15/2026 8:20:00 AM,RTD,CLUZ,03LUMBSOL_G01,G,8/15/2026 8:21:00 AM,8/15/2026 8:25:00 AM,MAX_OPERATING_MW,1,
8/15/2026 8:20:00 AM,RTD,CLUZ,03LUMBSOL_G01,G,8/15/2026 8:21:00 AM,8/15/2026 8:25:00 AM,MIN_OPERATING_MW,1,
8/15/2026 8:20:00 AM,RTD,CLUZ,03LUNSOL_G01,G,8/15/2026 8:16:00 AM,8/15/2026 8:20:00 AM,MAX_OPERATING_MW,22.93,
8/15/2026 8:20:00 AM,RTD,CLUZ,03LUNSOL_G01,G,8/15/2026 8:16:00 AM,8/15/2026 8:20:00 AM,MIN_OPERATING_MW,22.93,
8/15/2026 8:20:00 AM,RTD,CLUZ,03LUNSOL_G01,G,8/15/2026 8:21:00 AM,8/15/2026 8:25:00 AM,MAX_OPERATING_MW,23.62,
8/15/2026 8:20:00 AM,RTD,CLUZ,03LUNSOL_G01,G,8/15/2026 8:21:00 AM,8/15/2026 8:25:00 AM,MIN_OPERATING_MW,23.62,
8/15/2026 8:20:00 AM,RTD,CLUZ,03TANWIND_G01,G,8/15/2026 8:16:00 AM,8/15/2026 8:20:00 AM,MAX_OPERATING_MW,3,
8/15/2026 8:20:00 AM,RTD,CLUZ,03TANWIND_G01,G,8/15/2026 8:16:00 AM,8/15/2026 8:20:00 AM,MIN_OPERATING_MW,3,
8/15/2026 8:20:00 AM,RTD,CLUZ,03TANWIND_G01,G,8/15/2026 8:21:00 AM,8/15/2026 8:25:00 AM,MAX_OPERATING_MW,3,
8/15/2026 8:20:00 AM,RTD,CLUZ,03TANWIND_G01,G,8/15/2026 8:21:00 AM,8/15/2026 8:25:00 AM,MIN_OPERATING_MW,3,
8/15/2026 8:20:00 AM,RTD,CVIS,04ISIDROSOL_G01,G,8/15/2026 8:01:00 AM,8/15/2026 9:00:00 AM,MAX_OPERATING_MW,54.10,
8/15/2026 8:20:00 AM,RTD,CVIS,04ISIDROSOL_G01,G,8/15/2026 8:01:00 AM,8/15/2026 9:00:00 AM,MIN_OPERATING_MW,54.10,
8/15/2026 8:20:00 AM,RTD,CVIS,06SLYSOL_G02,G,8/15/2026 8:01:00 AM,8/15/2026 9:00:00 AM,MAX_OPERATING_MW,9.45,
8/15/2026 8:20:00 AM,RTD,CVIS,06SLYSOL_G02,G,8/15/2026 8:01:00 AM,8/15/2026 9:00:00 AM,MIN_OPERATING_MW,9.45,
8/15/2026 8:20:00 AM,RTD,CVIS,06SLYSOL_G03,G,8/15/2026 8:01:00 AM,8/15/2026 9:00:00 AM,MAX_OPERATING_MW,9.04,
8/15/2026 8:20:00 AM,RTD,CVIS,06SLYSOL_G03,G,8/15/2026 8:01:00 AM,8/15/2026 9:00:00 AM,MIN_OPERATING_MW,9.04,
8/15/2026 8:20:00 AM,RTD,CMIN,10LIAN_G02,G,8/15/2026,8/15/2026 11:59:00 PM,MAX_OPERATING_MW,6.60,
8/15/2026 8:20:00 AM,RTD,CMIN,10LIAN_G02,G,8/15/2026,8/15/2026 11:59:00 PM,MIN_OPERATING_MW,6.60,
8/15/2026 8:20:00 AM,RTD,CMIN,14TANTASOL_G01,G,8/15/2026 8:01:00 AM,8/15/2026 9:00:00 AM,MAX_OPERATING_MW,39,
8/15/2026 8:20:00 AM,RTD,CMIN,14TANTASOL_G01,G,8/15/2026 8:01:00 AM,8/15/2026 9:00:00 AM,MIN_OPERATING_MW,39,
8/15/2026 8:25:00 AM,RTD,CLUZ,01BARBASOL_G01,G,8/15/2026 8:21:00 AM,8/15/2026 8:25:00 AM,MAX_OPERATING_MW,45.07,
8/15/2026 8:25:00 AM,RTD,CLUZ,01BARBASOL_G01,G,8/15/2026 8:21:00 AM,8/15/2026 8:25:00 AM,MIN_OPERATING_MW,45.07,
8/15/2026 8:25:00 AM,RTD,CLUZ,01BARBASOL_G01,G,8/15/2026 8:26:00 AM,8/15/2026 8:30:00 AM,MAX_OPERATING_MW,47.19,
8/15/2026 8:25:00 AM,RTD,CLUZ,01BARBASOL_G01,G,8/15/2026 8:26:00 AM,8/15/2026 8:30:00 AM,MIN_OPERATING_MW,47.19,
8/15/2026 8:25:00 AM,RTD,CLUZ,01BUGSOL_G01,G,8/15/2026 8:21:00 AM,8/15/2026 8:25:00 AM,MAX_OPERATING_MW,50,
8/15/2026 8:25:00 AM,RTD,CLUZ,01BUGSOL_G01,G,8/15/2026 8:21:00 AM,8/15/2026 8:25:00 AM,MIN_OPERATING_MW,50,
8/15/2026 8:25:00 AM,RTD,CLUZ,01BUGSOL_G01,G,8/15/2026 8:26:00 AM,8/15/2026 8:30:00 AM,MAX_OPERATING_MW,50,
8/15/2026 8:25:00 AM,RTD,CLUZ,01BUGSOL_G01,G,8/15/2026 8:26:00 AM,8/15/2026 8:30:00 AM,MIN_OPERATING_MW,50,
8/15/2026 8:25:00 AM,RTD,CLUZ,01BULACSOL_G01,G,8/15/2026 8:01:00 AM,8/15/2026 9:00:00 AM,MAX_OPERATING_MW,8.56,
8/15/2026 8:25:00 AM,RTD,CLUZ,01BULACSOL_G01,G,8/15/2026 8:01:00 AM,8/15/2026 9:00:00 AM,MIN_OPERATING_MW,8.56,
8/15/2026 8:25:00 AM,RTD,CLUZ,01CONSOL_G01,G,8/15/2026 8:21:00 AM,8/15/2026 8:25:00 AM,MAX_OPERATING_MW,42.19,
8/15/2026 8:25:00 AM,RTD,CLUZ,01CONSOL_G01,G,8/15/2026 8:21:00 AM,8/15/2026 8:25:00 AM,MIN_OPERATING_MW,42.19,
8/15/2026 8:25:00 AM,RTD,CLUZ,01CONSOL_G01,G,8/15/2026 8:26:00 AM,8/15/2026 8:30:00 AM,MAX_OPERATING_MW,43.64,
8/15/2026 8:25:00 AM,RTD,CLUZ,01CONSOL_G01,G,8/15/2026 8:26:00 AM,8/15/2026 8:30:00 AM,MIN_OPERATING_MW,43.64,
8/15/2026 8:25:00 AM,RTD,CLUZ,01PASBUSOL_G01,G,8/15/2026 8:01:00 AM,8/15/2026 9:00:00 AM,MAX_OPERATING_MW,23.61,
8/15/2026 8:25:00 AM,RTD,CLUZ,01PASBUSOL_G01,G,8/15/2026 8:01:00 AM,8/15/2026 9:00:00 AM,MIN_OPERATING_MW,23.61,
8/15/2026 8:25:00 AM,RTD,CLUZ,01TERRASOL_G01,G,8/15/2026 6:01:00 AM,8/15/2026 12:00:00 PM,MAX_OPERATING_MW,10,
8/15/2026 8:25:00 AM,RTD,CLUZ,01TERRASOL_G01,G,8/15/2026 6:01:00 AM,8/15/2026 12:00:00 PM,MIN_OPERATING_MW,10,
8/15/2026 8:25:00 AM,RTD,CLUZ,03LUMBSOL_G01,G,8/15/2026 8:21:00 AM,8/15/2026 8:25:00 AM,MAX_OPERATING_MW,1,
8/15/2026 8:25:00 AM,RTD,CLUZ,03LUMBSOL_G01,G,8/15/2026 8:21:00 AM,8/15/2026 8:25:00 AM,MIN_OPERATING_MW,1,
8/15/2026 8:25:00 AM,RTD,CLUZ,03LUMBSOL_G01,G,8/15/2026 8:26:00 AM,8/15/2026 8:30:00 AM,MAX_OPERATING_MW,1,
8/15/2026 8:25:00 AM,RTD,CLUZ,03LUMBSOL_G01,G,8/15/2026 8:26:00 AM,8/15/2026 8:30:00 AM,MIN_OPERATING_MW,1,
8/15/2026 8:25:00 AM,RTD,CLUZ,03LUNSOL_G01,G,8/15/2026 8:21:00 AM,8/15/2026 8:25:00 AM,MAX_OPERATING_MW,23.62,
8/15/2026 8:25:00 AM,RTD,CLUZ,03LUNSOL_G01,G,8/15/2026 8:21:00 AM,8/15/2026 8:25:00 AM,MIN_OPERATING_MW,23.62,
8/15/2026 8:25:00 AM,RTD,CLUZ,03LUNSOL_G01,G,8/15/2026 8:26:00 AM,8/15/2026 8:30:00 AM,MAX_OPERATING_MW,24.29,
8/15/2026 8:25:00 AM,RTD,CLUZ,03LUNSOL_G01,G,8/15/2026 8:26:00 AM,8/15/2026 8:30:00 AM,MIN_OPERATING_MW,24.29,
8/15/2026 8:25:00 AM,RTD,CLUZ,03TANWIND_G01,G,8/15/2026 8:21:00 AM,8/15/2026 8:25:00 AM,MAX_OPERATING_MW,3,
8/15/2026 8:25:00 AM,RTD,CLUZ,03TANWIND_G01,G,8/15/2026 8:21:00 AM,8/15/2026 8:25:00 AM,MIN_OPERATING_MW,3,
8/15/2026 8:25:00 AM,RTD,CLUZ,03TANWIND_G01,G,8/15/2026 8:26:00 AM,8/15/2026 8:30:00 AM,MAX_OPERATING_MW,3,
8/15/2026 8:25:00 AM,RTD,CLUZ,03TANWIND_G01,G,8/15/2026 8:26:00 AM,8/15/2026 8:30:00 AM,MIN_OPERATING_MW,3,
8/15/2026 8:25:00 AM,RTD,CVIS,04ISIDROSOL_G01,G,8/15/2026 8:01:00 AM,8/15/2026 9:00:00 AM,MAX_OPERATING_MW,54.10,
8/15/2026 8:25:00 AM,RTD,CVIS,04ISIDROSOL_G01,G,8/15/2026 8:01:00 AM,8/15/2026 9:00:00 AM,MIN_OPERATING_MW,54.10,
8/15/2026 8:25:00 AM,RTD,CVIS,06SLYSOL_G02,G,8/15/2026 8:01:00 AM,8/15/2026 9:00:00 AM,MAX_OPERATING_MW,9.45,
8/15/2026 8:25:00 AM,RTD,CVIS,06SLYSOL_G02,G,8/15/2026 8:01:00 AM,8/15/2026 9:00:00 AM,MIN_OPERATING_MW,9.45,
8/15/2026 8:25:00 AM,RTD,CVIS,06SLYSOL_G03,G,8/15/2026 8:01:00 AM,8/15/2026 9:00:00 AM,MAX_OPERATING_MW,9.04,
8/15/2026 8:25:00 AM,RTD,CVIS,06SLYSOL_G03,G,8/15/2026 8:01:00 AM,8/15/2026 9:00:00 AM,MIN_OPERATING_MW,9.04,
8/15/2026 8:25:00 AM,RTD,CMIN,10LIAN_G02,G,8/15/2026,8/15/2026 11:59:00 PM,MAX_OPERATING_MW,6.60,
8/15/2026 8:25:00 AM,RTD,CMIN,10LIAN_G02,G,8/15/2026,8/15/2026 11:59:00 PM,MIN_OPERATING_MW,6.60,
8/15/2026 8:25:00 AM,RTD,CMIN,14TANTASOL_G01,G,8/15/2026 8:01:00 AM,8/15/2026 9:00:00 AM,MAX_OPERATING_MW,39,
8/15/2026 8:25:00 AM,RTD,CMIN,14TANTASOL_G01,G,8/15/2026 8:01:00 AM,8/15/2026 9:00:00 AM,MIN_OPERATING_MW,39,
8/15/2026 8:30:00 AM,RTD,CLUZ,01BARBASOL_G01,G,8/15/2026 8:26:00 AM,8/15/2026 8:30:00 AM,MAX_OPERATING_MW,47.19,
8/15/2026 8:30:00 AM,RTD,CLUZ,01BARBASOL_G01,G,8/15/2026 8:26:00 AM,8/15/2026 8:30:00 AM,MIN_OPERATING_MW,47.19,
8/15/2026 8:30:00 AM,RTD,CLUZ,01BARBASOL_G01,G,8/15/2026 8:31:00 AM,8/15/2026 8:35:00 AM,MAX_OPERATING_MW,49.30,
8/15/2026 8:30:00 AM,RTD,CLUZ,01BARBASOL_G01,G,8/15/2026 8:31:00 AM,8/15/2026 8:35:00 AM,MIN_OPERATING_MW,49.30,
8/15/2026 8:30:00 AM,RTD,CLUZ,01BUGSOL_G01,G,8/15/2026 8:26:00 AM,8/15/2026 8:30:00 AM,MAX_OPERATING_MW,50,
8/15/2026 8:30:00 AM,RTD,CLUZ,01BUGSOL_G01,G,8/15/2026 8:26:00 AM,8/15/2026 8:30:00 AM,MIN_OPERATING_MW,50,
8/15/2026 8:30:00 AM,RTD,CLUZ,01BUGSOL_G01,G,8/15/2026 8:31:00 AM,8/15/2026 8:35:00 AM,MAX_OPERATING_MW,50,
8/15/2026 8:30:00 AM,RTD,CLUZ,01BUGSOL_G01,G,8/15/2026 8:31:00 AM,8/15/2026 8:35:00 AM,MIN_OPERATING_MW,50,
8/15/2026 8:30:00 AM,RTD,CLUZ,01BULACSOL_G01,G,8/15/2026 8:01:00 AM,8/15/2026 9:00:00 AM,MAX_OPERATING_MW,8.56,
8/15/2026 8:30:00 AM,RTD,CLUZ,01BULACSOL_G01,G,8/15/2026 8:01:00 AM,8/15/2026 9:00:00 AM,MIN_OPERATING_MW,8.56,
8/15/2026 8:30:00 AM,RTD,CLUZ,01CONSOL_G01,G,8/15/2026 8:26:00 AM,8/15/2026 8:30:00 AM,MAX_OPERATING_MW,43.64,
8/15/2026 8:30:00 AM,RTD,CLUZ,01CONSOL_G01,G,8/15/2026 8:26:00 AM,8/15/2026 8:30:00 AM,MIN_OPERATING_MW,43.64,
8/15/2026 8:30:00 AM,RTD,CLUZ,01CONSOL_G01,G,8/15/2026 8:31:00 AM,8/15/2026 8:35:00 AM,MAX_OPERATING_MW,45.05,
8/15/2026 8:30:00 AM,RTD,CLUZ,01CONSOL_G01,G,8/15/2026 8:31:00 AM,8/15/2026 8:35:00 AM,MIN_OPERATING_MW,45.05,
8/15/2026 8:30:00 AM,RTD,CLUZ,01PASBUSOL_G01,G,8/15/2026 8:01:00 AM,8/15/2026 9:00:00 AM,MAX_OPERATING_MW,23.61,
8/15/2026 8:30:00 AM,RTD,CLUZ,01PASBUSOL_G01,G,8/15/2026 8:01:00 AM,8/15/2026 9:00:00 AM,MIN_OPERATING_MW,23.61,
8/15/2026 8:30:00 AM,RTD,CLUZ,01TERRASOL_G01,G,8/15/2026 6:01:00 AM,8/15/2026 12:00:00 PM,MAX_OPERATING_MW,10,
8/15/2026 8:30:00 AM,RTD,CLUZ,01TERRASOL_G01,G,8/15/2026 6:01:00 AM,8/15/2026 12:00:00 PM,MIN_OPERATING_MW,10,
8/15/2026 8:30:00 AM,RTD,CLUZ,03LUMBSOL_G01,G,8/15/2026 8:26:00 AM,8/15/2026 8:30:00 AM,MAX_OPERATING_MW,1,
8/15/2026 8:30:00 AM,RTD,CLUZ,03LUMBSOL_G01,G,8/15/2026 8:26:00 AM,8/15/2026 8:30:00 AM,MIN_OPERATING_MW,1,
8/15/2026 8:30:00 AM,RTD,CLUZ,03LUMBSOL_G01,G,8/15/2026 8:31:00 AM,8/15/2026 8:35:00 AM,MAX_OPERATING_MW,1,
8/15/2026 8:30:00 AM,RTD,CLUZ,03LUMBSOL_G01,G,8/15/2026 8:31:00 AM,8/15/2026 8:35:00 AM,MIN_OPERATING_MW,1,
8/15/2026 8:30:00 AM,RTD,CLUZ,03LUNSOL_G01,G,8/15/2026 8:26:00 AM,8/15/2026 8:30:00 AM,MAX_OPERATING_MW,24.29,
8/15/2026 8:30:00 AM,RTD,CLUZ,03LUNSOL_G01,G,8/15/2026 8:26:00 AM,8/15/2026 8:30:00 AM,MIN_OPERATING_MW,24.29,
8/15/2026 8:30:00 AM,RTD,CLUZ,03LUNSOL_G01,G,8/15/2026 8:31:00 AM,8/15/2026 8:35:00 AM,MAX_OPERATING_MW,24.95,
8/15/2026 8:30:00 AM,RTD,CLUZ,03LUNSOL_G01,G,8/15/2026 8:31:00 AM,8/15/2026 8:35:00 AM,MIN_OPERATING_MW,24.95,
8/15/2026 8:30:00 AM,RTD,CLUZ,03TANWIND_G01,G,8/15/2026 8:26:00 AM,8/15/2026 8:30:00 AM,MAX_OPERATING_MW,3,
8/15/2026 8:30:00 AM,RTD,CLUZ,03TANWIND_G01,G,8/15/2026 8:26:00 AM,8/15/2026 8:30:00 AM,MIN_OPERATING_MW,3,
8/15/2026 8:30:00 AM,RTD,CLUZ,03TANWIND_G01,G,8/15/2026 8:31:00 AM,8/15/2026 8:35:00 AM,MAX_OPERATING_MW,3,
8/15/2026 8:30:00 AM,RTD,CLUZ,03TANWIND_G01,G,8/15/2026 8:31:00 AM,8/15/2026 8:35:00 AM,MIN_OPERATING_MW,3,
8/15/2026 8:30:00 AM,RTD,CVIS,04ISIDROSOL_G01,G,8/15/2026 8:01:00 AM,8/15/2026 9:00:00 AM,MAX_OPERATING_MW,54.10,
8/15/2026 8:30:00 AM,RTD,CVIS,04ISIDROSOL_G01,G,8/15/2026 8:01:00 AM,8/15/2026 9:00:00 AM,MIN_OPERATING_MW,54.10,
8/15/2026 8:30:00 AM,RTD,CVIS,06SLYSOL_G02,G,8/15/2026 8:01:00 AM,8/15/2026 9:00:00 AM,MAX_OPERATING_MW,9.45,
8/15/2026 8:30:00 AM,RTD,CVIS,06SLYSOL_G02,G,8/15/2026 8:01:00 AM,8/15/2026 9:00:00 AM,MIN_OPERATING_MW,9.45,
8/15/2026 8:30:00 AM,RTD,CVIS,06SLYSOL_G03,G,8/15/2026 8:01:00 AM,8/15/2026 9:00:00 AM,MAX_OPERATING_MW,9.04,
8/15/2026 8:30:00 AM,RTD,CVIS,06SLYSOL_G03,G,8/15/2026 8:01:00 AM,8/15/2026 9:00:00 AM,MIN_OPERATING_MW,9.04,
8/15/2026 8:30:00 AM,RTD,CMIN,10LIAN_G02,G,8/15/2026,8/15/2026 11:59:00 PM,MAX_OPERATING_MW,6.60,
8/15/2026 8:30:00 AM,RTD,CMIN,10LIAN_G02,G,8/15/2026,8/15/2026 11:59:00 PM,MIN_OPERATING_MW,6.60,
8/15/2026 8:30:00 AM,RTD,CMIN,14TANTASOL_G01,G,8/15/2026 8:01:00 AM,8/15/2026 9:00:00 AM,MAX_OPERATING_MW,39,
8/15/2026 8:30:00 AM,RTD,CMIN,14TANTASOL_G01,G,8/15/2026 8:01:00 AM,8/15/2026 9:00:00 AM,MIN_OPERATING_MW,39,
8/15/2026 8:35:00 AM,RTD,CLUZ,01BARBASOL_G01,G,8/15/2026 8:31:00 AM,8/15/2026 8:35:00 AM,MAX_OPERATING_MW,49.30,
8/15/2026 8:35:00 AM,RTD,CLUZ,01BARBASOL_G01,G,8/15/2026 8:31:00 AM,8/15/2026 8:35:00 AM,MIN_OPERATING_MW,49.30,
8/15/2026 8:35:00 AM,RTD,CLUZ,01BARBASOL_G01,G,8/15/2026 8:36:00 AM,8/15/2026 8:40:00 AM,MAX_OPERATING_MW,51.40,
8/15/2026 8:35:00 AM,RTD,CLUZ,01BARBASOL_G01,G,8/15/2026 8:36:00 AM,8/15/2026 8:40:00 AM,MIN_OPERATING_MW,51.40,
8/15/2026 8:35:00 AM,RTD,CLUZ,01BUGSOL_G01,G,8/15/2026 8:31:00 AM,8/15/2026 8:35:00 AM,MAX_OPERATING_MW,50,
8/15/2026 8:35:00 AM,RTD,CLUZ,01BUGSOL_G01,G,8/15/2026 8:31:00 AM,8/15/2026 8:35:00 AM,MIN_OPERATING_MW,50,
8/15/2026 8:35:00 AM,RTD,CLUZ,01BUGSOL_G01,G,8/15/2026 8:36:00 AM,8/15/2026 8:40:00 AM,MAX_OPERATING_MW,28.40,
8/15/2026 8:35:00 AM,RTD,CLUZ,01BUGSOL_G01,G,8/15/2026 8:36:00 AM,8/15/2026 8:40:00 AM,MIN_OPERATING_MW,28.40,
8/15/2026 8:35:00 AM,RTD,CLUZ,01BULACSOL_G01,G,8/15/2026 8:01:00 AM,8/15/2026 9:00:00 AM,MAX_OPERATING_MW,8.56,
8/15/2026 8:35:00 AM,RTD,CLUZ,01BULACSOL_G01,G,8/15/2026 8:01:00 AM,8/15/2026 9:00:00 AM,MIN_OPERATING_MW,8.56,
8/15/2026 8:35:00 AM,RTD,CLUZ,01CONSOL_G01,G,8/15/2026 8:31:00 AM,8/15/2026 8:35:00 AM,MAX_OPERATING_MW,45.05,
8/15/2026 8:35:00 AM,RTD,CLUZ,01CONSOL_G01,G,8/15/2026 8:31:00 AM,8/15/2026 8:35:00 AM,MIN_OPERATING_MW,45.05,
8/15/2026 8:35:00 AM,RTD,CLUZ,01CONSOL_G01,G,8/15/2026 8:36:00 AM,8/15/2026 8:40:00 AM,MAX_OPERATING_MW,46.45,
8/15/2026 8:35:00 AM,RTD,CLUZ,01CONSOL_G01,G,8/15/2026 8:36:00 AM,8/15/2026 8:40:00 AM,MIN_OPERATING_MW,46.45,
8/15/2026 8:35:00 AM,RTD,CLUZ,01PASBUSOL_G01,G,8/15/2026 8:01:00 AM,8/15/2026 9:00:00 AM,MAX_OPERATING_MW,23.61,
8/15/2026 8:35:00 AM,RTD,CLUZ,01PASBUSOL_G01,G,8/15/2026 8:01:00 AM,8/15/2026 9:00:00 AM,MIN_OPERATING_MW,23.61,
8/15/2026 8:35:00 AM,RTD,CLUZ,01TERRASOL_G01,G,8/15/2026 6:01:00 AM,8/15/2026 12:00:00 PM,MAX_OPERATING_MW,10,
8/15/2026 8:35:00 AM,RTD,CLUZ,01TERRASOL_G01,G,8/15/2026 6:01:00 AM,8/15/2026 12:00:00 PM,MIN_OPERATING_MW,10,
8/15/2026 8:35:00 AM,RTD,CLUZ,03LUMBSOL_G01,G,8/15/2026 8:31:00 AM,8/15/2026 8:35:00 AM,MAX_OPERATING_MW,1,
8/15/2026 8:35:00 AM,RTD,CLUZ,03LUMBSOL_G01,G,8/15/2026 8:31:00 AM,8/15/2026 8:35:00 AM,MIN_OPERATING_MW,1,
8/15/2026 8:35:00 AM,RTD,CLUZ,03LUMBSOL_G01,G,8/15/2026 8:36:00 AM,8/15/2026 8:40:00 AM,MAX_OPERATING_MW,1,
8/15/2026 8:35:00 AM,RTD,CLUZ,03LUMBSOL_G01,G,8/15/2026 8:36:00 AM,8/15/2026 8:40:00 AM,MIN_OPERATING_MW,1,
8/15/2026 8:35:00 AM,RTD,CLUZ,03LUNSOL_G01,G,8/15/2026 8:31:00 AM,8/15/2026 8:35:00 AM,MAX_OPERATING_MW,24.95,
8/15/2026 8:35:00 AM,RTD,CLUZ,03LUNSOL_G01,G,8/15/2026 8:31:00 AM,8/15/2026 8:35:00 AM,MIN_OPERATING_MW,24.95,
8/15/2026 8:35:00 AM,RTD,CLUZ,03LUNSOL_G01,G,8/15/2026 8:36:00 AM,8/15/2026 8:40:00 AM,MAX_OPERATING_MW,25.60,
8/15/2026 8:35:00 AM,RTD,CLUZ,03LUNSOL_G01,G,8/15/2026 8:36:00 AM,8/15/2026 8:40:00 AM,MIN_OPERATING_MW,25.60,
8/15/2026 8:35:00 AM,RTD,CLUZ,03TANWIND_G01,G,8/15/2026 8:31:00 AM,8/15/2026 8:35:00 AM,MAX_OPERATING_MW,3,
8/15/2026 8:35:00 AM,RTD,CLUZ,03TANWIND_G01,G,8/15/2026 8:31:00 AM,8/15/2026 8:35:00 AM,MIN_OPERATING_MW,3,
8/15/2026 8:35:00 AM,RTD,CLUZ,03TANWIND_G01,G,8/15/2026 8:36:00 AM,8/15/2026 8:40:00 AM,MAX_OPERATING_MW,3,
8/15/2026 8:35:00 AM,RTD,CLUZ,03TANWIND_G01,G,8/15/2026 8:36:00 AM,8/15/2026 8:40:00 AM,MIN_OPERATING_MW,3,
8/15/2026 8:35:00 AM,RTD,CVIS,04ISIDROSOL_G01,G,8/15/2026 8:01:00 AM,8/15/2026 9:00:00 AM,MAX_OPERATING_MW,54.10,
8/15/2026 8:35:00 AM,RTD,CVIS,04ISIDROSOL_G01,G,8/15/2026 8:01:00 AM,8/15/2026 9:00:00 AM,MIN_OPERATING_MW,54.10,
8/15/2026 8:35:00 AM,RTD,CVIS,06SLYSOL_G02,G,8/15/2026 8:01:00 AM,8/15/2026 9:00:00 AM,MAX_OPERATING_MW,9.45,
8/15/2026 8:35:00 AM,RTD,CVIS,06SLYSOL_G02,G,8/15/2026 8:01:00 AM,8/15/2026 9:00:00 AM,MIN_OPERATING_MW,9.45,
8/15/2026 8:35:00 AM,RTD,CVIS,06SLYSOL_G03,G,8/15/2026 8:01:00 AM,8/15/2026 9:00:00 AM,MAX_OPERATING_MW,9.04,
8/15/2026 8:35:00 AM,RTD,CVIS,06SLYSOL_G03,G,8/15/2026 8:01:00 AM,8/15/2026 9:00:00 AM,MIN_OPERATING_MW,9.04,
8/15/2026 8:35:00 AM,RTD,CMIN,10LIAN_G02,G,8/15/2026,8/15/2026 11:59:00 PM,MAX_OPERATING_MW,6.60,
8/15/2026 8:35:00 AM,RTD,CMIN,10LIAN_G02,G,8/15/2026,8/15/2026 11:59:00 PM,MIN_OPERATING_MW,6.60,
8/15/2026 8:35:00 AM,RTD,CMIN,14TANTASOL_G01,G,8/15/2026 8:01:00 AM,8/15/2026 9:00:00 AM,MAX_OPERATING_MW,39,
8/15/2026 8:35:00 AM,RTD,CMIN,14TANTASOL_G01,G,8/15/2026 8:01:00 AM,8/15/2026 9:00:00 AM,MIN_OPERATING_MW,39,
8/15/2026 8:40:00 AM,RTD,CLUZ,01BARBASOL_G01,G,8/15/2026 8:36:00 AM,8/15/2026 8:40:00 AM,MAX_OPERATING_MW,51.40,
8/15/2026 8:40:00 AM,RTD,CLUZ,01BARBASOL_G01,G,8/15/2026 8:36:00 AM,8/15/2026 8:40:00 AM,MIN_OPERATING_MW,51.40,
8/15/2026 8:40:00 AM,RTD,CLUZ,01BARBASOL_G01,G,8/15/2026 8:41:00 AM,8/15/2026 8:45:00 AM,MAX_OPERATING_MW,53.45,
8/15/2026 8:40:00 AM,RTD,CLUZ,01BARBASOL_G01,G,8/15/2026 8:41:00 AM,8/15/2026 8:45:00 AM,MIN_OPERATING_MW,53.45,
8/15/2026 8:40:00 AM,RTD,CLUZ,01BUGSOL_G01,G,8/15/2026 8:36:00 AM,8/15/2026 8:40:00 AM,MAX_OPERATING_MW,28.40,
8/15/2026 8:40:00 AM,RTD,CLUZ,01BUGSOL_G01,G,8/15/2026 8:36:00 AM,8/15/2026 8:40:00 AM,MIN_OPERATING_MW,28.40,
8/15/2026 8:40:00 AM,RTD,CLUZ,01BUGSOL_G01,G,8/15/2026 8:41:00 AM,8/15/2026 8:45:00 AM,MAX_OPERATING_MW,30.30,
8/15/2026 8:40:00 AM,RTD,CLUZ,01BUGSOL_G01,G,8/15/2026 8:41:00 AM,8/15/2026 8:45:00 AM,MIN_OPERATING_MW,30.30,
8/15/2026 8:40:00 AM,RTD,CLUZ,01BULACSOL_G01,G,8/15/2026 8:01:00 AM,8/15/2026 9:00:00 AM,MAX_OPERATING_MW,8.56,
8/15/2026 8:40:00 AM,RTD,CLUZ,01BULACSOL_G01,G,8/15/2026 8:01:00 AM,8/15/2026 9:00:00 AM,MIN_OPERATING_MW,8.56,
8/15/2026 8:40:00 AM,RTD,CLUZ,01CONSOL_G01,G,8/15/2026 8:36:00 AM,8/15/2026 8:40:00 AM,MAX_OPERATING_MW,46.45,
8/15/2026 8:40:00 AM,RTD,CLUZ,01CONSOL_G01,G,8/15/2026 8:36:00 AM,8/15/2026 8:40:00 AM,MIN_OPERATING_MW,46.45,
8/15/2026 8:40:00 AM,RTD,CLUZ,01CONSOL_G01,G,8/15/2026 8:41:00 AM,8/15/2026 8:45:00 AM,MAX_OPERATING_MW,47.82,
8/15/2026 8:40:00 AM,RTD,CLUZ,01CONSOL_G01,G,8/15/2026 8:41:00 AM,8/15/2026 8:45:00 AM,MIN_OPERATING_MW,47.82,
8/15/2026 8:40:00 AM,RTD,CLUZ,01PASBUSOL_G01,G,8/15/2026 8:01:00 AM,8/15/2026 9:00:00 AM,MAX_OPERATING_MW,23.61,
8/15/2026 8:40:00 AM,RTD,CLUZ,01PASBUSOL_G01,G,8/15/2026 8:01:00 AM,8/15/2026 9:00:00 AM,MIN_OPERATING_MW,23.61,
8/15/2026 8:40:00 AM,RTD,CLUZ,01TERRASOL_G01,G,8/15/2026 6:01:00 AM,8/15/2026 12:00:00 PM,MAX_OPERATING_MW,10,
8/15/2026 8:40:00 AM,RTD,CLUZ,01TERRASOL_G01,G,8/15/2026 6:01:00 AM,8/15/2026 12:00:00 PM,MIN_OPERATING_MW,10,
8/15/2026 8:40:00 AM,RTD,CLUZ,03LUMBSOL_G01,G,8/15/2026 8:36:00 AM,8/15/2026 8:40:00 AM,MAX_OPERATING_MW,1,
8/15/2026 8:40:00 AM,RTD,CLUZ,03LUMBSOL_G01,G,8/15/2026 8:36:00 AM,8/15/2026 8:40:00 AM,MIN_OPERATING_MW,1,
8/15/2026 8:40:00 AM,RTD,CLUZ,03LUMBSOL_G01,G,8/15/2026 8:41:00 AM,8/15/2026 8:45:00 AM,MAX_OPERATING_MW,1,
8/15/2026 8:40:00 AM,RTD,CLUZ,03LUMBSOL_G01,G,8/15/2026 8:41:00 AM,8/15/2026 8:45:00 AM,MIN_OPERATING_MW,1,
8/15/2026 8:40:00 AM,RTD,CLUZ,03LUNSOL_G01,G,8/15/2026 8:36:00 AM,8/15/2026 8:40:00 AM,MAX_OPERATING_MW,25.60,
8/15/2026 8:40:00 AM,RTD,CLUZ,03LUNSOL_G01,G,8/15/2026 8:36:00 AM,8/15/2026 8:40:00 AM,MIN_OPERATING_MW,25.60,
8/15/2026 8:40:00 AM,RTD,CLUZ,03LUNSOL_G01,G,8/15/2026 8:41:00 AM,8/15/2026 8:45:00 AM,MAX_OPERATING_MW,26.23,
8/15/2026 8:40:00 AM,RTD,CLUZ,03LUNSOL_G01,G,8/15/2026 8:41:00 AM,8/15/2026 8:45:00 AM,MIN_OPERATING_MW,26.23,
8/15/2026 8:40:00 AM,RTD,CLUZ,03TANWIND_G01,G,8/15/2026 8:36:00 AM,8/15/2026 8:40:00 AM,MAX_OPERATING_MW,3,
8/15/2026 8:40:00 AM,RTD,CLUZ,03TANWIND_G01,G,8/15/2026 8:36:00 AM,8/15/2026 8:40:00 AM,MIN_OPERATING_MW,3,
8/15/2026 8:40:00 AM,RTD,CLUZ,03TANWIND_G01,G,8/15/2026 8:41:00 AM,8/15/2026 8:45:00 AM,MAX_OPERATING_MW,3,
8/15/2026 8:40:00 AM,RTD,CLUZ,03TANWIND_G01,G,8/15/2026 8:41:00 AM,8/15/2026 8:45:00 AM,MIN_OPERATING_MW,3,
8/15/2026 8:40:00 AM,RTD,CVIS,04ISIDROSOL_G01,G,8/15/2026 8:01:00 AM,8/15/2026 9:00:00 AM,MAX_OPERATING_MW,54.10,
8/15/2026 8:40:00 AM,RTD,CVIS,04ISIDROSOL_G01,G,8/15/2026 8:01:00 AM,8/15/2026 9:00:00 AM,MIN_OPERATING_MW,54.10,
8/15/2026 8:40:00 AM,RTD,CVIS,06SLYSOL_G02,G,8/15/2026 8:01:00 AM,8/15/2026 9:00:00 AM,MAX_OPERATING_MW,9.45,
8/15/2026 8:40:00 AM,RTD,CVIS,06SLYSOL_G02,G,8/15/2026 8:01:00 AM,8/15/2026 9:00:00 AM,MIN_OPERATING_MW,9.45,
8/15/2026 8:40:00 AM,RTD,CVIS,06SLYSOL_G03,G,8/15/2026 8:01:00 AM,8/15/2026 9:00:00 AM,MAX_OPERATING_MW,9.04,
8/15/2026 8:40:00 AM,RTD,CVIS,06SLYSOL_G03,G,8/15/2026 8:01:00 AM,8/15/2026 9:00:00 AM,MIN_OPERATING_MW,9.04,
8/15/2026 8:40:00 AM,RTD,CMIN,10IDP1_U07,G,8/15/2026 8:45:00 AM,8/15/2026 9:00:00 AM,MAX_OPERATING_MW,0,
8/15/2026 8:40:00 AM,RTD,CMIN,10IDP1_U07,G,8/15/2026 8:45:00 AM,8/15/2026 9:00:00 AM,MIN_OPERATING_MW,0,
8/15/2026 8:40:00 AM,RTD,CMIN,10LIAN_G02,G,8/15/2026,8/15/2026 11:59:00 PM,MAX_OPERATING_MW,6.60,
8/15/2026 8:40:00 AM,RTD,CMIN,10LIAN_G02,G,8/15/2026,8/15/2026 11:59:00 PM,MIN_OPERATING_MW,6.60,
8/15/2026 8:40:00 AM,RTD,CMIN,14TANTASOL_G01,G,8/15/2026 8:01:00 AM,8/15/2026 9:00:00 AM,MAX_OPERATING_MW,39,
8/15/2026 8:40:00 AM,RTD,CMIN,14TANTASOL_G01,G,8/15/2026 8:01:00 AM,8/15/2026 9:00:00 AM,MIN_OPERATING_MW,39,
8/15/2026 8:45:00 AM,RTD,CLUZ,01BARBASOL_G01,G,8/15/2026 8:41:00 AM,8/15/2026 8:45:00 AM,MAX_OPERATING_MW,53.45,
8/15/2026 8:45:00 AM,RTD,CLUZ,01BARBASOL_G01,G,8/15/2026 8:41:00 AM,8/15/2026 8:45:00 AM,MIN_OPERATING_MW,53.45,
8/15/2026 8:45:00 AM,RTD,CLUZ,01BARBASOL_G01,G,8/15/2026 8:46:00 AM,8/15/2026 8:50:00 AM,MAX_OPERATING_MW,55.45,
8/15/2026 8:45:00 AM,RTD,CLUZ,01BARBASOL_G01,G,8/15/2026 8:46:00 AM,8/15/2026 8:50:00 AM,MIN_OPERATING_MW,55.45,
8/15/2026 8:45:00 AM,RTD,CLUZ,01BUGSOL_G01,G,8/15/2026 8:41:00 AM,8/15/2026 8:45:00 AM,MAX_OPERATING_MW,30.30,
8/15/2026 8:45:00 AM,RTD,CLUZ,01BUGSOL_G01,G,8/15/2026 8:41:00 AM,8/15/2026 8:45:00 AM,MIN_OPERATING_MW,30.30,
8/15/2026 8:45:00 AM,RTD,CLUZ,01BUGSOL_G01,G,8/15/2026 8:46:00 AM,8/15/2026 8:50:00 AM,MAX_OPERATING_MW,24.30,
8/15/2026 8:45:00 AM,RTD,CLUZ,01BUGSOL_G01,G,8/15/2026 8:46:00 AM,8/15/2026 8:50:00 AM,MIN_OPERATING_MW,24.30,
8/15/2026 8:45:00 AM,RTD,CLUZ,01BULACSOL_G01,G,8/15/2026 8:01:00 AM,8/15/2026 9:00:00 AM,MAX_OPERATING_MW,8.56,
8/15/2026 8:45:00 AM,RTD,CLUZ,01BULACSOL_G01,G,8/15/2026 8:01:00 AM,8/15/2026 9:00:00 AM,MIN_OPERATING_MW,8.56,
8/15/2026 8:45:00 AM,RTD,CLUZ,01CONSOL_G01,G,8/15/2026 8:41:00 AM,8/15/2026 8:45:00 AM,MAX_OPERATING_MW,47.82,
8/15/2026 8:45:00 AM,RTD,CLUZ,01CONSOL_G01,G,8/15/2026 8:41:00 AM,8/15/2026 8:45:00 AM,MIN_OPERATING_MW,47.82,
8/15/2026 8:45:00 AM,RTD,CLUZ,01CONSOL_G01,G,8/15/2026 8:46:00 AM,8/15/2026 8:50:00 AM,MAX_OPERATING_MW,49.16,
8/15/2026 8:45:00 AM,RTD,CLUZ,01CONSOL_G01,G,8/15/2026 8:46:00 AM,8/15/2026 8:50:00 AM,MIN_OPERATING_MW,49.16,
8/15/2026 8:45:00 AM,RTD,CLUZ,01PASBUSOL_G01,G,8/15/2026 8:01:00 AM,8/15/2026 9:00:00 AM,MAX_OPERATING_MW,23.61,
8/15/2026 8:45:00 AM,RTD,CLUZ,01PASBUSOL_G01,G,8/15/2026 8:01:00 AM,8/15/2026 9:00:00 AM,MIN_OPERATING_MW,23.61,
8/15/2026 8:45:00 AM,RTD,CLUZ,01TERRASOL_G01,G,8/15/2026 6:01:00 AM,8/15/2026 12:00:00 PM,MAX_OPERATING_MW,10,
8/15/2026 8:45:00 AM,RTD,CLUZ,01TERRASOL_G01,G,8/15/2026 6:01:00 AM,8/15/2026 12:00:00 PM,MIN_OPERATING_MW,10,
8/15/2026 8:45:00 AM,RTD,CLUZ,03LUMBSOL_G01,G,8/15/2026 8:41:00 AM,8/15/2026 8:45:00 AM,MAX_OPERATING_MW,1,
8/15/2026 8:45:00 AM,RTD,CLUZ,03LUMBSOL_G01,G,8/15/2026 8:41:00 AM,8/15/2026 8:45:00 AM,MIN_OPERATING_MW,1,
8/15/2026 8:45:00 AM,RTD,CLUZ,03LUMBSOL_G01,G,8/15/2026 8:46:00 AM,8/15/2026 8:50:00 AM,MAX_OPERATING_MW,1,
8/15/2026 8:45:00 AM,RTD,CLUZ,03LUMBSOL_G01,G,8/15/2026 8:46:00 AM,8/15/2026 8:50:00 AM,MIN_OPERATING_MW,1,
8/15/2026 8:45:00 AM,RTD,CLUZ,03LUNSOL_G01,G,8/15/2026 8:41:00 AM,8/15/2026 8:45:00 AM,MAX_OPERATING_MW,26.23,
8/15/2026 8:45:00 AM,RTD,CLUZ,03LUNSOL_G01,G,8/15/2026 8:41:00 AM,8/15/2026 8:45:00 AM,MIN_OPERATING_MW,26.23,
8/15/2026 8:45:00 AM,RTD,CLUZ,03LUNSOL_G01,G,8/15/2026 8:46:00 AM,8/15/2026 8:50:00 AM,MAX_OPERATING_MW,26.86,
8/15/2026 8:45:00 AM,RTD,CLUZ,03LUNSOL_G01,G,8/15/2026 8:46:00 AM,8/15/2026 8:50:00 AM,MIN_OPERATING_MW,26.86,
8/15/2026 8:45:00 AM,RTD,CLUZ,03TANWIND_G01,G,8/15/2026 8:41:00 AM,8/15/2026 8:45:00 AM,MAX_OPERATING_MW,3,
8/15/2026 8:45:00 AM,RTD,CLUZ,03TANWIND_G01,G,8/15/2026 8:41:00 AM,8/15/2026 8:45:00 AM,MIN_OPERATING_MW,3,
8/15/2026 8:45:00 AM,RTD,CLUZ,03TANWIND_G01,G,8/15/2026 8:46:00 AM,8/15/2026 8:50:00 AM,MAX_OPERATING_MW,3,
8/15/2026 8:45:00 AM,RTD,CLUZ,03TANWIND_G01,G,8/15/2026 8:46:00 AM,8/15/2026 8:50:00 AM,MIN_OPERATING_MW,3,
8/15/2026 8:45:00 AM,RTD,CVIS,04ISIDROSOL_G01,G,8/15/2026 8:01:00 AM,8/15/2026 9:00:00 AM,MAX_OPERATING_MW,54.10,
8/15/2026 8:45:00 AM,RTD,CVIS,04ISIDROSOL_G01,G,8/15/2026 8:01:00 AM,8/15/2026 9:00:00 AM,MIN_OPERATING_MW,54.10,
8/15/2026 8:45:00 AM,RTD,CVIS,06SLYSOL_G02,G,8/15/2026 8:01:00 AM,8/15/2026 9:00:00 AM,MAX_OPERATING_MW,9.45,
8/15/2026 8:45:00 AM,RTD,CVIS,06SLYSOL_G02,G,8/15/2026 8:01:00 AM,8/15/2026 9:00:00 AM,MIN_OPERATING_MW,9.45,
8/15/2026 8:45:00 AM,RTD,CVIS,06SLYSOL_G03,G,8/15/2026 8:01:00 AM,8/15/2026 9:00:00 AM,MAX_OPERATING_MW,9.04,
8/15/2026 8:45:00 AM,RTD,CVIS,06SLYSOL_G03,G,8/15/2026 8:01:00 AM,8/15/2026 9:00:00 AM,MIN_OPERATING_MW,9.04,
8/15/2026 8:45:00 AM,RTD,CMIN,10IDP1_U07,G,8/15/2026 8:45:00 AM,8/15/2026 9:00:00 AM,MAX_OPERATING_MW,0,
8/15/2026 8:45:00 AM,RTD,CMIN,10IDP1_U07,G,8/15/2026 8:45:00 AM,8/15/2026 9:00:00 AM,MIN_OPERATING_MW,0,
8/15/2026 8:45:00 AM,RTD,CMIN,10LIAN_G02,G,8/15/2026,8/15/2026 11:59:00 PM,MAX_OPERATING_MW,6.60,
8/15/2026 8:45:00 AM,RTD,CMIN,10LIAN_G02,G,8/15/2026,8/15/2026 11:59:00 PM,MIN_OPERATING_MW,6.60,
8/15/2026 8:45:00 AM,RTD,CMIN,14TANTASOL_G01,G,8/15/2026 8:01:00 AM,8/15/2026 9:00:00 AM,MAX_OPERATING_MW,39,
8/15/2026 8:45:00 AM,RTD,CMIN,14TANTASOL_G01,G,8/15/2026 8:01:00 AM,8/15/2026 9:00:00 AM,MIN_OPERATING_MW,39,
8/15/2026 8:50:00 AM,RTD,CLUZ,01BARBASOL_G01,G,8/15/2026 8:46:00 AM,8/15/2026 8:50:00 AM,MAX_OPERATING_MW,55.45,
8/15/2026 8:50:00 AM,RTD,CLUZ,01BARBASOL_G01,G,8/15/2026 8:46:00 AM,8/15/2026 8:50:00 AM,MIN_OPERATING_MW,55.45,
8/15/2026 8:50:00 AM,RTD,CLUZ,01BARBASOL_G01,G,8/15/2026 8:51:00 AM,8/15/2026 8:55:00 AM,MAX_OPERATING_MW,57.38,
8/15/2026 8:50:00 AM,RTD,CLUZ,01BARBASOL_G01,G,8/15/2026 8:51:00 AM,8/15/2026 8:55:00 AM,MIN_OPERATING_MW,57.38,
8/15/2026 8:50:00 AM,RTD,CLUZ,01BUGSOL_G01,G,8/15/2026 8:46:00 AM,8/15/2026 8:50:00 AM,MAX_OPERATING_MW,24.30,
8/15/2026 8:50:00 AM,RTD,CLUZ,01BUGSOL_G01,G,8/15/2026 8:46:00 AM,8/15/2026 8:50:00 AM,MIN_OPERATING_MW,24.30,
8/15/2026 8:50:00 AM,RTD,CLUZ,01BUGSOL_G01,G,8/15/2026 8:51:00 AM,8/15/2026 8:55:00 AM,MAX_OPERATING_MW,23.10,
8/15/2026 8:50:00 AM,RTD,CLUZ,01BUGSOL_G01,G,8/15/2026 8:51:00 AM,8/15/2026 8:55:00 AM,MIN_OPERATING_MW,23.10,
8/15/2026 8:50:00 AM,RTD,CLUZ,01BULACSOL_G01,G,8/15/2026 8:01:00 AM,8/15/2026 9:00:00 AM,MAX_OPERATING_MW,8.56,
8/15/2026 8:50:00 AM,RTD,CLUZ,01BULACSOL_G01,G,8/15/2026 8:01:00 AM,8/15/2026 9:00:00 AM,MIN_OPERATING_MW,8.56,
8/15/2026 8:50:00 AM,RTD,CLUZ,01CONSOL_G01,G,8/15/2026 8:46:00 AM,8/15/2026 8:50:00 AM,MAX_OPERATING_MW,49.16,
8/15/2026 8:50:00 AM,RTD,CLUZ,01CONSOL_G01,G,8/15/2026 8:46:00 AM,8/15/2026 8:50:00 AM,MIN_OPERATING_MW,49.16,
8/15/2026 8:50:00 AM,RTD,CLUZ,01CONSOL_G01,G,8/15/2026 8:51:00 AM,8/15/2026 8:55:00 AM,MAX_OPERATING_MW,50.47,
8/15/2026 8:50:00 AM,RTD,CLUZ,01CONSOL_G01,G,8/15/2026 8:51:00 AM,8/15/2026 8:55:00 AM,MIN_OPERATING_MW,50.47,
8/15/2026 8:50:00 AM,RTD,CLUZ,01PASBUSOL_G01,G,8/15/2026 8:01:00 AM,8/15/2026 9:00:00 AM,MAX_OPERATING_MW,23.61,
8/15/2026 8:50:00 AM,RTD,CLUZ,01PASBUSOL_G01,G,8/15/2026 8:01:00 AM,8/15/2026 9:00:00 AM,MIN_OPERATING_MW,23.61,
8/15/2026 8:50:00 AM,RTD,CLUZ,01TERRASOL_G01,G,8/15/2026 6:01:00 AM,8/15/2026 12:00:00 PM,MAX_OPERATING_MW,10,
8/15/2026 8:50:00 AM,RTD,CLUZ,01TERRASOL_G01,G,8/15/2026 6:01:00 AM,8/15/2026 12:00:00 PM,MIN_OPERATING_MW,10,
8/15/2026 8:50:00 AM,RTD,CLUZ,03LUMBSOL_G01,G,8/15/2026 8:46:00 AM,8/15/2026 8:50:00 AM,MAX_OPERATING_MW,1,
8/15/2026 8:50:00 AM,RTD,CLUZ,03LUMBSOL_G01,G,8/15/2026 8:46:00 AM,8/15/2026 8:50:00 AM,MIN_OPERATING_MW,1,
8/15/2026 8:50:00 AM,RTD,CLUZ,03LUMBSOL_G01,G,8/15/2026 8:51:00 AM,8/15/2026 8:55:00 AM,MAX_OPERATING_MW,1,
8/15/2026 8:50:00 AM,RTD,CLUZ,03LUMBSOL_G01,G,8/15/2026 8:51:00 AM,8/15/2026 8:55:00 AM,MIN_OPERATING_MW,1,
8/15/2026 8:50:00 AM,RTD,CLUZ,03LUNSOL_G01,G,8/15/2026 8:46:00 AM,8/15/2026 8:50:00 AM,MAX_OPERATING_MW,26.86,
8/15/2026 8:50:00 AM,RTD,CLUZ,03LUNSOL_G01,G,8/15/2026 8:46:00 AM,8/15/2026 8:50:00 AM,MIN_OPERATING_MW,26.86,
8/15/2026 8:50:00 AM,RTD,CLUZ,03LUNSOL_G01,G,8/15/2026 8:51:00 AM,8/15/2026 8:55:00 AM,MAX_OPERATING_MW,27.47,
8/15/2026 8:50:00 AM,RTD,CLUZ,03LUNSOL_G01,G,8/15/2026 8:51:00 AM,8/15/2026 8:55:00 AM,MIN_OPERATING_MW,27.47,
8/15/2026 8:50:00 AM,RTD,CLUZ,03TANWIND_G01,G,8/15/2026 8:46:00 AM,8/15/2026 8:50:00 AM,MAX_OPERATING_MW,3,
8/15/2026 8:50:00 AM,RTD,CLUZ,03TANWIND_G01,G,8/15/2026 8:46:00 AM,8/15/2026 8:50:00 AM,MIN_OPERATING_MW,3,
8/15/2026 8:50:00 AM,RTD,CLUZ,03TANWIND_G01,G,8/15/2026 8:51:00 AM,8/15/2026 8:55:00 AM,MAX_OPERATING_MW,3,
8/15/2026 8:50:00 AM,RTD,CLUZ,03TANWIND_G01,G,8/15/2026 8:51:00 AM,8/15/2026 8:55:00 AM,MIN_OPERATING_MW,3,
8/15/2026 8:50:00 AM,RTD,CVIS,04ISIDROSOL_G01,G,8/15/2026 8:01:00 AM,8/15/2026 9:00:00 AM,MAX_OPERATING_MW,54.10,
8/15/2026 8:50:00 AM,RTD,CVIS,04ISIDROSOL_G01,G,8/15/2026 8:01:00 AM,8/15/2026 9:00:00 AM,MIN_OPERATING_MW,54.10,
8/15/2026 8:50:00 AM,RTD,CVIS,06SLYSOL_G02,G,8/15/2026 8:01:00 AM,8/15/2026 9:00:00 AM,MAX_OPERATING_MW,9.45,
8/15/2026 8:50:00 AM,RTD,CVIS,06SLYSOL_G02,G,8/15/2026 8:01:00 AM,8/15/2026 9:00:00 AM,MIN_OPERATING_MW,9.45,
8/15/2026 8:50:00 AM,RTD,CVIS,06SLYSOL_G03,G,8/15/2026 8:01:00 AM,8/15/2026 9:00:00 AM,MAX_OPERATING_MW,9.04,
8/15/2026 8:50:00 AM,RTD,CVIS,06SLYSOL_G03,G,8/15/2026 8:01:00 AM,8/15/2026 9:00:00 AM,MIN_OPERATING_MW,9.04,
8/15/2026 8:50:00 AM,RTD,CMIN,10IDP1_U07,G,8/15/2026 8:45:00 AM,8/15/2026 9:00:00 AM,MAX_OPERATING_MW,0,
8/15/2026 8:50:00 AM,RTD,CMIN,10IDP1_U07,G,8/15/2026 8:45:00 AM,8/15/2026 9:00:00 AM,MIN_OPERATING_MW,0,
8/15/2026 8:50:00 AM,RTD,CMIN,10LIAN_G02,G,8/15/2026,8/15/2026 11:59:00 PM,MAX_OPERATING_MW,6.60,
8/15/2026 8:50:00 AM,RTD,CMIN,10LIAN_G02,G,8/15/2026,8/15/2026 11:59:00 PM,MIN_OPERATING_MW,6.60,
8/15/2026 8:50:00 AM,RTD,CMIN,14TANTASOL_G01,G,8/15/2026 8:01:00 AM,8/15/2026 9:00:00 AM,MAX_OPERATING_MW,39,
8/15/2026 8:50:00 AM,RTD,CMIN,14TANTASOL_G01,G,8/15/2026 8:01:00 AM,8/15/2026 9:00:00 AM,MIN_OPERATING_MW,39,
8/15/2026 8:55:00 AM,RTD,CLUZ,01BARBASOL_G01,G,8/15/2026 8:51:00 AM,8/15/2026 8:55:00 AM,MAX_OPERATING_MW,57.38,
8/15/2026 8:55:00 AM,RTD,CLUZ,01BARBASOL_G01,G,8/15/2026 8:51:00 AM,8/15/2026 8:55:00 AM,MIN_OPERATING_MW,57.38,
8/15/2026 8:55:00 AM,RTD,CLUZ,01BARBASOL_G01,G,8/15/2026 8:56:00 AM,8/15/2026 9:00:00 AM,MAX_OPERATING_MW,59.20,
8/15/2026 8:55:00 AM,RTD,CLUZ,01BARBASOL_G01,G,8/15/2026 8:56:00 AM,8/15/2026 9:00:00 AM,MIN_OPERATING_MW,59.20,
8/15/2026 8:55:00 AM,RTD,CLUZ,01BUGSOL_G01,G,8/15/2026 8:51:00 AM,8/15/2026 8:55:00 AM,MAX_OPERATING_MW,23.10,
8/15/2026 8:55:00 AM,RTD,CLUZ,01BUGSOL_G01,G,8/15/2026 8:51:00 AM,8/15/2026 8:55:00 AM,MIN_OPERATING_MW,23.10,
8/15/2026 8:55:00 AM,RTD,CLUZ,01BUGSOL_G01,G,8/15/2026 8:56:00 AM,8/15/2026 9:00:00 AM,MAX_OPERATING_MW,31.40,
8/15/2026 8:55:00 AM,RTD,CLUZ,01BUGSOL_G01,G,8/15/2026 8:56:00 AM,8/15/2026 9:00:00 AM,MIN_OPERATING_MW,31.40,
8/15/2026 8:55:00 AM,RTD,CLUZ,01BULACSOL_G01,G,8/15/2026 8:01:00 AM,8/15/2026 9:00:00 AM,MAX_OPERATING_MW,8.56,
8/15/2026 8:55:00 AM,RTD,CLUZ,01BULACSOL_G01,G,8/15/2026 8:01:00 AM,8/15/2026 9:00:00 AM,MIN_OPERATING_MW,8.56,
8/15/2026 8:55:00 AM,RTD,CLUZ,01CONSOL_G01,G,8/15/2026 8:51:00 AM,8/15/2026 8:55:00 AM,MAX_OPERATING_MW,50.47,
8/15/2026 8:55:00 AM,RTD,CLUZ,01CONSOL_G01,G,8/15/2026 8:51:00 AM,8/15/2026 8:55:00 AM,MIN_OPERATING_MW,50.47,
8/15/2026 8:55:00 AM,RTD,CLUZ,01CONSOL_G01,G,8/15/2026 8:56:00 AM,8/15/2026 9:00:00 AM,MAX_OPERATING_MW,51.74,
8/15/2026 8:55:00 AM,RTD,CLUZ,01CONSOL_G01,G,8/15/2026 8:56:00 AM,8/15/2026 9:00:00 AM,MIN_OPERATING_MW,51.74,
8/15/2026 8:55:00 AM,RTD,CLUZ,01PASBUSOL_G01,G,8/15/2026 8:01:00 AM,8/15/2026 9:00:00 AM,MAX_OPERATING_MW,23.61,
8/15/2026 8:55:00 AM,RTD,CLUZ,01PASBUSOL_G01,G,8/15/2026 8:01:00 AM,8/15/2026 9:00:00 AM,MIN_OPERATING_MW,23.61,
8/15/2026 8:55:00 AM,RTD,CLUZ,01TERRASOL_G01,G,8/15/2026 6:01:00 AM,8/15/2026 12:00:00 PM,MAX_OPERATING_MW,10,
8/15/2026 8:55:00 AM,RTD,CLUZ,01TERRASOL_G01,G,8/15/2026 6:01:00 AM,8/15/2026 12:00:00 PM,MIN_OPERATING_MW,10,
8/15/2026 8:55:00 AM,RTD,CLUZ,03LUMBSOL_G01,G,8/15/2026 8:51:00 AM,8/15/2026 8:55:00 AM,MAX_OPERATING_MW,1,
8/15/2026 8:55:00 AM,RTD,CLUZ,03LUMBSOL_G01,G,8/15/2026 8:51:00 AM,8/15/2026 8:55:00 AM,MIN_OPERATING_MW,1,
8/15/2026 8:55:00 AM,RTD,CLUZ,03LUMBSOL_G01,G,8/15/2026 8:56:00 AM,8/15/2026 9:00:00 AM,MAX_OPERATING_MW,1,
8/15/2026 8:55:00 AM,RTD,CLUZ,03LUMBSOL_G01,G,8/15/2026 8:56:00 AM,8/15/2026 9:00:00 AM,MIN_OPERATING_MW,1,
8/15/2026 8:55:00 AM,RTD,CLUZ,03LUNSOL_G01,G,8/15/2026 8:51:00 AM,8/15/2026 8:55:00 AM,MAX_OPERATING_MW,27.47,
8/15/2026 8:55:00 AM,RTD,CLUZ,03LUNSOL_G01,G,8/15/2026 8:51:00 AM,8/15/2026 8:55:00 AM,MIN_OPERATING_MW,27.47,
8/15/2026 8:55:00 AM,RTD,CLUZ,03LUNSOL_G01,G,8/15/2026 8:56:00 AM,8/15/2026 9:00:00 AM,MAX_OPERATING_MW,28.08,
8/15/2026 8:55:00 AM,RTD,CLUZ,03LUNSOL_G01,G,8/15/2026 8:56:00 AM,8/15/2026 9:00:00 AM,MIN_OPERATING_MW,28.08,
8/15/2026 8:55:00 AM,RTD,CLUZ,03TANWIND_G01,G,8/15/2026 8:51:00 AM,8/15/2026 8:55:00 AM,MAX_OPERATING_MW,3,
8/15/2026 8:55:00 AM,RTD,CLUZ,03TANWIND_G01,G,8/15/2026 8:51:00 AM,8/15/2026 8:55:00 AM,MIN_OPERATING_MW,3,
8/15/2026 8:55:00 AM,RTD,CLUZ,03TANWIND_G01,G,8/15/2026 8:56:00 AM,8/15/2026 9:00:00 AM,MAX_OPERATING_MW,3,
8/15/2026 8:55:00 AM,RTD,CLUZ,03TANWIND_G01,G,8/15/2026 8:56:00 AM,8/15/2026 9:00:00 AM,MIN_OPERATING_MW,3,
8/15/2026 8:55:00 AM,RTD,CVIS,04ISIDROSOL_G01,G,8/15/2026 8:01:00 AM,8/15/2026 9:00:00 AM,MAX_OPERATING_MW,54.10,
8/15/2026 8:55:00 AM,RTD,CVIS,04ISIDROSOL_G01,G,8/15/2026 8:01:00 AM,8/15/2026 9:00:00 AM,MIN_OPERATING_MW,54.10,
8/15/2026 8:55:00 AM,RTD,CVIS,06SLYSOL_G02,G,8/15/2026 8:01:00 AM,8/15/2026 9:00:00 AM,MAX_OPERATING_MW,9.45,
8/15/2026 8:55:00 AM,RTD,CVIS,06SLYSOL_G02,G,8/15/2026 8:01:00 AM,8/15/2026 9:00:00 AM,MIN_OPERATING_MW,9.45,
8/15/2026 8:55:00 AM,RTD,CVIS,06SLYSOL_G03,G,8/15/2026 8:01:00 AM,8/15/2026 9:00:00 AM,MAX_OPERATING_MW,9.04,
8/15/2026 8:55:00 AM,RTD,CVIS,06SLYSOL_G03,G,8/15/2026 8:01:00 AM,8/15/2026 9:00:00 AM,MIN_OPERATING_MW,9.04,
8/15/2026 8:55:00 AM,RTD,CMIN,10IDP1_U07,G,8/15/2026 8:45:00 AM,8/15/2026 9:00:00 AM,MAX_OPERATING_MW,0,
8/15/2026 8:55:00 AM,RTD,CMIN,10IDP1_U07,G,8/15/2026 8:45:00 AM,8/15/2026 9:00:00 AM,MIN_OPERATING_MW,0,
8/15/2026 8:55:00 AM,RTD,CMIN,10LIAN_G02,G,8/15/2026,8/15/2026 11:59:00 PM,MAX_OPERATING_MW,6.60,
8/15/2026 8:55:00 AM,RTD,CMIN,10LIAN_G02,G,8/15/2026,8/15/2026 11:59:00 PM,MIN_OPERATING_MW,6.60,
8/15/2026 8:55:00 AM,RTD,CMIN,14TANTASOL_G01,G,8/15/2026 8:01:00 AM,8/15/2026 9:00:00 AM,MAX_OPERATING_MW,39,
8/15/2026 8:55:00 AM,RTD,CMIN,14TANTASOL_G01,G,8/15/2026 8:01:00 AM,8/15/2026 9:00:00 AM,MIN_OPERATING_MW,39,
8/15/2026 9:00:00 AM,RTD,CLUZ,01BARBASOL_G01,G,8/15/2026 8:56:00 AM,8/15/2026 9:00:00 AM,MAX_OPERATING_MW,59.20,
8/15/2026 9:00:00 AM,RTD,CLUZ,01BARBASOL_G01,G,8/15/2026 8:56:00 AM,8/15/2026 9:00:00 AM,MIN_OPERATING_MW,59.20,
8/15/2026 9:00:00 AM,RTD,CLUZ,01BARBASOL_G01,G,8/15/2026 9:01:00 AM,8/15/2026 9:05:00 AM,MAX_OPERATING_MW,60.91,
8/15/2026 9:00:00 AM,RTD,CLUZ,01BARBASOL_G01,G,8/15/2026 9:01:00 AM,8/15/2026 9:05:00 AM,MIN_OPERATING_MW,60.91,
8/15/2026 9:00:00 AM,RTD,CLUZ,01BUGSOL_G01,G,8/15/2026 8:56:00 AM,8/15/2026 9:00:00 AM,MAX_OPERATING_MW,31.40,
8/15/2026 9:00:00 AM,RTD,CLUZ,01BUGSOL_G01,G,8/15/2026 8:56:00 AM,8/15/2026 9:00:00 AM,MIN_OPERATING_MW,31.40,
8/15/2026 9:00:00 AM,RTD,CLUZ,01BUGSOL_G01,G,8/15/2026 9:01:00 AM,8/15/2026 9:05:00 AM,MAX_OPERATING_MW,28,
8/15/2026 9:00:00 AM,RTD,CLUZ,01BUGSOL_G01,G,8/15/2026 9:01:00 AM,8/15/2026 9:05:00 AM,MIN_OPERATING_MW,28,
8/15/2026 9:00:00 AM,RTD,CLUZ,01BULACSOL_G01,G,8/15/2026 8:01:00 AM,8/15/2026 9:00:00 AM,MAX_OPERATING_MW,8.56,
8/15/2026 9:00:00 AM,RTD,CLUZ,01BULACSOL_G01,G,8/15/2026 8:01:00 AM,8/15/2026 9:00:00 AM,MIN_OPERATING_MW,8.56,
8/15/2026 9:00:00 AM,RTD,CLUZ,01BULACSOL_G01,G,8/15/2026 9:01:00 AM,8/15/2026 10:00:00 AM,MAX_OPERATING_MW,11.37,
8/15/2026 9:00:00 AM,RTD,CLUZ,01BULACSOL_G01,G,8/15/2026 9:01:00 AM,8/15/2026 10:00:00 AM,MIN_OPERATING_MW,11.37,
8/15/2026 9:00:00 AM,RTD,CLUZ,01CONSOL_G01,G,8/15/2026 8:56:00 AM,8/15/2026 9:00:00 AM,MAX_OPERATING_MW,51.74,
8/15/2026 9:00:00 AM,RTD,CLUZ,01CONSOL_G01,G,8/15/2026 8:56:00 AM,8/15/2026 9:00:00 AM,MIN_OPERATING_MW,51.74,
8/15/2026 9:00:00 AM,RTD,CLUZ,01CONSOL_G01,G,8/15/2026 9:01:00 AM,8/15/2026 9:05:00 AM,MAX_OPERATING_MW,52.82,
8/15/2026 9:00:00 AM,RTD,CLUZ,01CONSOL_G01,G,8/15/2026 9:01:00 AM,8/15/2026 9:05:00 AM,MIN_OPERATING_MW,52.82,
8/15/2026 9:00:00 AM,RTD,CLUZ,01PASBUSOL_G01,G,8/15/2026 8:01:00 AM,8/15/2026 9:00:00 AM,MAX_OPERATING_MW,23.61,
8/15/2026 9:00:00 AM,RTD,CLUZ,01PASBUSOL_G01,G,8/15/2026 8:01:00 AM,8/15/2026 9:00:00 AM,MIN_OPERATING_MW,23.61,
8/15/2026 9:00:00 AM,RTD,CLUZ,01PASBUSOL_G01,G,8/15/2026 9:01:00 AM,8/15/2026 10:00:00 AM,MAX_OPERATING_MW,31.73,
8/15/2026 9:00:00 AM,RTD,CLUZ,01PASBUSOL_G01,G,8/15/2026 9:01:00 AM,8/15/2026 10:00:00 AM,MIN_OPERATING_MW,31.73,
8/15/2026 9:00:00 AM,RTD,CLUZ,01TERRASOL_G01,G,8/15/2026 6:01:00 AM,8/15/2026 12:00:00 PM,MAX_OPERATING_MW,10,
8/15/2026 9:00:00 AM,RTD,CLUZ,01TERRASOL_G01,G,8/15/2026 6:01:00 AM,8/15/2026 12:00:00 PM,MIN_OPERATING_MW,10,
8/15/2026 9:00:00 AM,RTD,CLUZ,03LUMBSOL_G01,G,8/15/2026 8:56:00 AM,8/15/2026 9:00:00 AM,MAX_OPERATING_MW,1,
8/15/2026 9:00:00 AM,RTD,CLUZ,03LUMBSOL_G01,G,8/15/2026 8:56:00 AM,8/15/2026 9:00:00 AM,MIN_OPERATING_MW,1,
8/15/2026 9:00:00 AM,RTD,CLUZ,03LUMBSOL_G01,G,8/15/2026 9:01:00 AM,8/15/2026 9:05:00 AM,MAX_OPERATING_MW,1,
8/15/2026 9:00:00 AM,RTD,CLUZ,03LUMBSOL_G01,G,8/15/2026 9:01:00 AM,8/15/2026 9:05:00 AM,MIN_OPERATING_MW,1,
8/15/2026 9:00:00 AM,RTD,CLUZ,03LUNSOL_G01,G,8/15/2026 8:56:00 AM,8/15/2026 9:00:00 AM,MAX_OPERATING_MW,28.08,
8/15/2026 9:00:00 AM,RTD,CLUZ,03LUNSOL_G01,G,8/15/2026 8:56:00 AM,8/15/2026 9:00:00 AM,MIN_OPERATING_MW,28.08,
8/15/2026 9:00:00 AM,RTD,CLUZ,03LUNSOL_G01,G,8/15/2026 9:01:00 AM,8/15/2026 9:05:00 AM,MAX_OPERATING_MW,28.69,
8/15/2026 9:00:00 AM,RTD,CLUZ,03LUNSOL_G01,G,8/15/2026 9:01:00 AM,8/15/2026 9:05:00 AM,MIN_OPERATING_MW,28.69,
8/15/2026 9:00:00 AM,RTD,CLUZ,03TANWIND_G01,G,8/15/2026 8:56:00 AM,8/15/2026 9:00:00 AM,MAX_OPERATING_MW,3,
8/15/2026 9:00:00 AM,RTD,CLUZ,03TANWIND_G01,G,8/15/2026 8:56:00 AM,8/15/2026 9:00:00 AM,MIN_OPERATING_MW,3,
8/15/2026 9:00:00 AM,RTD,CLUZ,03TANWIND_G01,G,8/15/2026 9:01:00 AM,8/15/2026 9:05:00 AM,MAX_OPERATING_MW,3.40,
8/15/2026 9:00:00 AM,RTD,CLUZ,03TANWIND_G01,G,8/15/2026 9:01:00 AM,8/15/2026 9:05:00 AM,MIN_OPERATING_MW,3.40,
8/15/2026 9:00:00 AM,RTD,CVIS,04ISIDROSOL_G01,G,8/15/2026 8:01:00 AM,8/15/2026 9:00:00 AM,MAX_OPERATING_MW,54.10,
8/15/2026 9:00:00 AM,RTD,CVIS,04ISIDROSOL_G01,G,8/15/2026 8:01:00 AM,8/15/2026 9:00:00 AM,MIN_OPERATING_MW,54.10,
8/15/2026 9:00:00 AM,RTD,CVIS,04ISIDROSOL_G01,G,8/15/2026 9:01:00 AM,8/15/2026 10:00:00 AM,MAX_OPERATING_MW,71.50,
8/15/2026 9:00:00 AM,RTD,CVIS,04ISIDROSOL_G01,G,8/15/2026 9:01:00 AM,8/15/2026 10:00:00 AM,MIN_OPERATING_MW,71.50,
8/15/2026 9:00:00 AM,RTD,CVIS,06SLYSOL_G02,G,8/15/2026 8:01:00 AM,8/15/2026 9:00:00 AM,MAX_OPERATING_MW,9.45,
8/15/2026 9:00:00 AM,RTD,CVIS,06SLYSOL_G02,G,8/15/2026 8:01:00 AM,8/15/2026 9:00:00 AM,MIN_OPERATING_MW,9.45,
8/15/2026 9:00:00 AM,RTD,CVIS,06SLYSOL_G02,G,8/15/2026 9:01:00 AM,8/15/2026 10:00:00 AM,MAX_OPERATING_MW,9.48,
8/15/2026 9:00:00 AM,RTD,CVIS,06SLYSOL_G02,G,8/15/2026 9:01:00 AM,8/15/2026 10:00:00 AM,MIN_OPERATING_MW,9.48,
8/15/2026 9:00:00 AM,RTD,CVIS,06SLYSOL_G03,G,8/15/2026 8:01:00 AM,8/15/2026 9:00:00 AM,MAX_OPERATING_MW,9.04,
8/15/2026 9:00:00 AM,RTD,CVIS,06SLYSOL_G03,G,8/15/2026 8:01:00 AM,8/15/2026 9:00:00 AM,MIN_OPERATING_MW,9.04,
8/15/2026 9:00:00 AM,RTD,CVIS,06SLYSOL_G03,G,8/15/2026 9:01:00 AM,8/15/2026 10:00:00 AM,MAX_OPERATING_MW,9.49,
8/15/2026 9:00:00 AM,RTD,CVIS,06SLYSOL_G03,G,8/15/2026 9:01:00 AM,8/15/2026 10:00:00 AM,MIN_OPERATING_MW,9.49,
8/15/2026 9:00:00 AM,RTD,CMIN,10IDP1_U07,G,8/15/2026 8:45:00 AM,8/15/2026 9:00:00 AM,MAX_OPERATING_MW,0,
8/15/2026 9:00:00 AM,RTD,CMIN,10IDP1_U07,G,8/15/2026 8:45:00 AM,8/15/2026 9:00:00 AM,MIN_OPERATING_MW,0,
8/15/2026 9:00:00 AM,RTD,CMIN,10IDP1_U07,G,8/15/2026 9:01:00 AM,8/15/2026 9:05:00 AM,MAX_OPERATING_MW,0,
8/15/2026 9:00:00 AM,RTD,CMIN,10IDP1_U07,G,8/15/2026 9:01:00 AM,8/15/2026 9:05:00 AM,MIN_OPERATING_MW,0,
8/15/2026 9:00:00 AM,RTD,CMIN,10LIAN_G02,G,8/15/2026,8/15/2026 11:59:00 PM,MAX_OPERATING_MW,6.60,
8/15/2026 9:00:00 AM,RTD,CMIN,10LIAN_G02,G,8/15/2026,8/15/2026 11:59:00 PM,MIN_OPERATING_MW,6.60,
8/15/2026 9:00:00 AM,RTD,CMIN,14TANTASOL_G01,G,8/15/2026 8:01:00 AM,8/15/2026 9:00:00 AM,MAX_OPERATING_MW,39,
8/15/2026 9:00:00 AM,RTD,CMIN,14TANTASOL_G01,G,8/15/2026 8:01:00 AM,8/15/2026 9:00:00 AM,MIN_OPERATING_MW,39,
8/15/2026 9:00:00 AM,RTD,CMIN,14TANTASOL_G01,G,8/15/2026 9:01:00 AM,8/15/2026 10:00:00 AM,MAX_OPERATING_MW,45,
8/15/2026 9:00:00 AM,RTD,CMIN,14TANTASOL_G01,G,8/15/2026 9:01:00 AM,8/15/2026 10:00:00 AM,MIN_OPERATING_MW,45,
8/15/2026 9:05:00 AM,RTD,CLUZ,01BARBASOL_G01,G,8/15/2026 9:01:00 AM,8/15/2026 9:05:00 AM,MAX_OPERATING_MW,60.91,
8/15/2026 9:05:00 AM,RTD,CLUZ,01BARBASOL_G01,G,8/15/2026 9:01:00 AM,8/15/2026 9:05:00 AM,MIN_OPERATING_MW,60.91,
8/15/2026 9:05:00 AM,RTD,CLUZ,01BARBASOL_G01,G,8/15/2026 9:06:00 AM,8/15/2026 9:10:00 AM,MAX_OPERATING_MW,62.49,
8/15/2026 9:05:00 AM,RTD,CLUZ,01BARBASOL_G01,G,8/15/2026 9:06:00 AM,8/15/2026 9:10:00 AM,MIN_OPERATING_MW,62.49,
8/15/2026 9:05:00 AM,RTD,CLUZ,01BUGSOL_G01,G,8/15/2026 9:01:00 AM,8/15/2026 9:05:00 AM,MAX_OPERATING_MW,28,
8/15/2026 9:05:00 AM,RTD,CLUZ,01BUGSOL_G01,G,8/15/2026 9:01:00 AM,8/15/2026 9:05:00 AM,MIN_OPERATING_MW,28,
8/15/2026 9:05:00 AM,RTD,CLUZ,01BUGSOL_G01,G,8/15/2026 9:06:00 AM,8/15/2026 9:10:00 AM,MAX_OPERATING_MW,27.30,
8/15/2026 9:05:00 AM,RTD,CLUZ,01BUGSOL_G01,G,8/15/2026 9:06:00 AM,8/15/2026 9:10:00 AM,MIN_OPERATING_MW,27.30,
8/15/2026 9:05:00 AM,RTD,CLUZ,01BULACSOL_G01,G,8/15/2026 9:01:00 AM,8/15/2026 10:00:00 AM,MAX_OPERATING_MW,11.37,
8/15/2026 9:05:00 AM,RTD,CLUZ,01BULACSOL_G01,G,8/15/2026 9:01:00 AM,8/15/2026 10:00:00 AM,MIN_OPERATING_MW,11.37,
8/15/2026 9:05:00 AM,RTD,CLUZ,01CONSOL_G01,G,8/15/2026 9:01:00 AM,8/15/2026 9:05:00 AM,MAX_OPERATING_MW,52.82,
8/15/2026 9:05:00 AM,RTD,CLUZ,01CONSOL_G01,G,8/15/2026 9:01:00 AM,8/15/2026 9:05:00 AM,MIN_OPERATING_MW,52.82,
8/15/2026 9:05:00 AM,RTD,CLUZ,01CONSOL_G01,G,8/15/2026 9:06:00 AM,8/15/2026 9:10:00 AM,MAX_OPERATING_MW,53.70,
8/15/2026 9:05:00 AM,RTD,CLUZ,01CONSOL_G01,G,8/15/2026 9:06:00 AM,8/15/2026 9:10:00 AM,MIN_OPERATING_MW,53.70,
8/15/2026 9:05:00 AM,RTD,CLUZ,01PASBUSOL_G01,G,8/15/2026 9:01:00 AM,8/15/2026 10:00:00 AM,MAX_OPERATING_MW,31.73,
8/15/2026 9:05:00 AM,RTD,CLUZ,01PASBUSOL_G01,G,8/15/2026 9:01:00 AM,8/15/2026 10:00:00 AM,MIN_OPERATING_MW,31.73,
8/15/2026 9:05:00 AM,RTD,CLUZ,01TERRASOL_G01,G,8/15/2026 6:01:00 AM,8/15/2026 12:00:00 PM,MAX_OPERATING_MW,10,
8/15/2026 9:05:00 AM,RTD,CLUZ,01TERRASOL_G01,G,8/15/2026 6:01:00 AM,8/15/2026 12:00:00 PM,MIN_OPERATING_MW,10,
8/15/2026 9:05:00 AM,RTD,CLUZ,03LUMBSOL_G01,G,8/15/2026 9:01:00 AM,8/15/2026 9:05:00 AM,MAX_OPERATING_MW,1,
8/15/2026 9:05:00 AM,RTD,CLUZ,03LUMBSOL_G01,G,8/15/2026 9:01:00 AM,8/15/2026 9:05:00 AM,MIN_OPERATING_MW,1,
8/15/2026 9:05:00 AM,RTD,CLUZ,03LUMBSOL_G01,G,8/15/2026 9:06:00 AM,8/15/2026 9:10:00 AM,MAX_OPERATING_MW,1,
8/15/2026 9:05:00 AM,RTD,CLUZ,03LUMBSOL_G01,G,8/15/2026 9:06:00 AM,8/15/2026 9:10:00 AM,MIN_OPERATING_MW,1,
8/15/2026 9:05:00 AM,RTD,CLUZ,03LUNSOL_G01,G,8/15/2026 9:01:00 AM,8/15/2026 9:05:00 AM,MAX_OPERATING_MW,28.69,
8/15/2026 9:05:00 AM,RTD,CLUZ,03LUNSOL_G01,G,8/15/2026 9:01:00 AM,8/15/2026 9:05:00 AM,MIN_OPERATING_MW,28.69,
8/15/2026 9:05:00 AM,RTD,CLUZ,03LUNSOL_G01,G,8/15/2026 9:06:00 AM,8/15/2026 9:10:00 AM,MAX_OPERATING_MW,29.29,
8/15/2026 9:05:00 AM,RTD,CLUZ,03LUNSOL_G01,G,8/15/2026 9:06:00 AM,8/15/2026 9:10:00 AM,MIN_OPERATING_MW,29.29,
8/15/2026 9:05:00 AM,RTD,CLUZ,03TANWIND_G01,G,8/15/2026 9:01:00 AM,8/15/2026 9:05:00 AM,MAX_OPERATING_MW,3.40,
8/15/2026 9:05:00 AM,RTD,CLUZ,03TANWIND_G01,G,8/15/2026 9:01:00 AM,8/15/2026 9:05:00 AM,MIN_OPERATING_MW,3.40,
8/15/2026 9:05:00 AM,RTD,CLUZ,03TANWIND_G01,G,8/15/2026 9:06:00 AM,8/15/2026 9:10:00 AM,MAX_OPERATING_MW,3.40,
8/15/2026 9:05:00 AM,RTD,CLUZ,03TANWIND_G01,G,8/15/2026 9:06:00 AM,8/15/2026 9:10:00 AM,MIN_OPERATING_MW,3.40,
8/15/2026 9:05:00 AM,RTD,CVIS,04ISIDROSOL_G01,G,8/15/2026 9:01:00 AM,8/15/2026 10:00:00 AM,MAX_OPERATING_MW,71.50,
8/15/2026 9:05:00 AM,RTD,CVIS,04ISIDROSOL_G01,G,8/15/2026 9:01:00 AM,8/15/2026 10:00:00 AM,MIN_OPERATING_MW,71.50,
8/15/2026 9:05:00 AM,RTD,CVIS,06SLYSOL_G02,G,8/15/2026 9:01:00 AM,8/15/2026 10:00:00 AM,MAX_OPERATING_MW,9.48,
8/15/2026 9:05:00 AM,RTD,CVIS,06SLYSOL_G02,G,8/15/2026 9:01:00 AM,8/15/2026 10:00:00 AM,MIN_OPERATING_MW,9.48,
8/15/2026 9:05:00 AM,RTD,CVIS,06SLYSOL_G03,G,8/15/2026 9:01:00 AM,8/15/2026 10:00:00 AM,MAX_OPERATING_MW,9.49,
8/15/2026 9:05:00 AM,RTD,CVIS,06SLYSOL_G03,G,8/15/2026 9:01:00 AM,8/15/2026 10:00:00 AM,MIN_OPERATING_MW,9.49,
8/15/2026 9:05:00 AM,RTD,CMIN,10IDP1_U07,G,8/15/2026 9:01:00 AM,8/15/2026 9:05:00 AM,MAX_OPERATING_MW,0,
8/15/2026 9:05:00 AM,RTD,CMIN,10IDP1_U07,G,8/15/2026 9:01:00 AM,8/15/2026 9:05:00 AM,MIN_OPERATING_MW,0,
8/15/2026 9:05:00 AM,RTD,CMIN,10IDP1_U07,G,8/15/2026 9:06:00 AM,8/15/2026 9:10:00 AM,MAX_OPERATING_MW,2.50,
8/15/2026 9:05:00 AM,RTD,CMIN,10IDP1_U07,G,8/15/2026 9:06:00 AM,8/15/2026 9:10:00 AM,MIN_OPERATING_MW,2.50,
8/15/2026 9:05:00 AM,RTD,CMIN,10LIAN_G02,G,8/15/2026,8/15/2026 11:59:00 PM,MAX_OPERATING_MW,6.60,
8/15/2026 9:05:00 AM,RTD,CMIN,10LIAN_G02,G,8/15/2026,8/15/2026 11:59:00 PM,MIN_OPERATING_MW,6.60,
8/15/2026 9:05:00 AM,RTD,CMIN,14TANTASOL_G01,G,8/15/2026 9:01:00 AM,8/15/2026 10:00:00 AM,MAX_OPERATING_MW,45,
8/15/2026 9:05:00 AM,RTD,CMIN,14TANTASOL_G01,G,8/15/2026 9:01:00 AM,8/15/2026 10:00:00 AM,MIN_OPERATING_MW,45,
8/15/2026 9:10:00 AM,RTD,CLUZ,01BARBASOL_G01,G,8/15/2026 9:06:00 AM,8/15/2026 9:10:00 AM,MAX_OPERATING_MW,62.49,
8/15/2026 9:10:00 AM,RTD,CLUZ,01BARBASOL_G01,G,8/15/2026 9:06:00 AM,8/15/2026 9:10:00 AM,MIN_OPERATING_MW,62.49,
8/15/2026 9:10:00 AM,RTD,CLUZ,01BARBASOL_G01,G,8/15/2026 9:11:00 AM,8/15/2026 9:15:00 AM,MAX_OPERATING_MW,63.98,
8/15/2026 9:10:00 AM,RTD,CLUZ,01BARBASOL_G01,G,8/15/2026 9:11:00 AM,8/15/2026 9:15:00 AM,MIN_OPERATING_MW,63.98,
8/15/2026 9:10:00 AM,RTD,CLUZ,01BUGSOL_G01,G,8/15/2026 9:06:00 AM,8/15/2026 9:10:00 AM,MAX_OPERATING_MW,27.30,
8/15/2026 9:10:00 AM,RTD,CLUZ,01BUGSOL_G01,G,8/15/2026 9:06:00 AM,8/15/2026 9:10:00 AM,MIN_OPERATING_MW,27.30,
8/15/2026 9:10:00 AM,RTD,CLUZ,01BUGSOL_G01,G,8/15/2026 9:11:00 AM,8/15/2026 9:15:00 AM,MAX_OPERATING_MW,33.60,
8/15/2026 9:10:00 AM,RTD,CLUZ,01BUGSOL_G01,G,8/15/2026 9:11:00 AM,8/15/2026 9:15:00 AM,MIN_OPERATING_MW,33.60,
8/15/2026 9:10:00 AM,RTD,CLUZ,01BULACSOL_G01,G,8/15/2026 9:01:00 AM,8/15/2026 10:00:00 AM,MAX_OPERATING_MW,11.37,
8/15/2026 9:10:00 AM,RTD,CLUZ,01BULACSOL_G01,G,8/15/2026 9:01:00 AM,8/15/2026 10:00:00 AM,MIN_OPERATING_MW,11.37,
8/15/2026 9:10:00 AM,RTD,CLUZ,01CONSOL_G01,G,8/15/2026 9:06:00 AM,8/15/2026 9:10:00 AM,MAX_OPERATING_MW,53.70,
8/15/2026 9:10:00 AM,RTD,CLUZ,01CONSOL_G01,G,8/15/2026 9:06:00 AM,8/15/2026 9:10:00 AM,MIN_OPERATING_MW,53.70,
8/15/2026 9:10:00 AM,RTD,CLUZ,01CONSOL_G01,G,8/15/2026 9:11:00 AM,8/15/2026 9:15:00 AM,MAX_OPERATING_MW,54.53,
8/15/2026 9:10:00 AM,RTD,CLUZ,01CONSOL_G01,G,8/15/2026 9:11:00 AM,8/15/2026 9:15:00 AM,MIN_OPERATING_MW,54.53,
8/15/2026 9:10:00 AM,RTD,CLUZ,01PASBUSOL_G01,G,8/15/2026 9:01:00 AM,8/15/2026 10:00:00 AM,MAX_OPERATING_MW,31.73,
8/15/2026 9:10:00 AM,RTD,CLUZ,01PASBUSOL_G01,G,8/15/2026 9:01:00 AM,8/15/2026 10:00:00 AM,MIN_OPERATING_MW,31.73,
8/15/2026 9:10:00 AM,RTD,CLUZ,01TERRASOL_G01,G,8/15/2026 6:01:00 AM,8/15/2026 12:00:00 PM,MAX_OPERATING_MW,10,
8/15/2026 9:10:00 AM,RTD,CLUZ,01TERRASOL_G01,G,8/15/2026 6:01:00 AM,8/15/2026 12:00:00 PM,MIN_OPERATING_MW,10,
8/15/2026 9:10:00 AM,RTD,CLUZ,03LUMBSOL_G01,G,8/15/2026 9:06:00 AM,8/15/2026 9:10:00 AM,MAX_OPERATING_MW,1,
8/15/2026 9:10:00 AM,RTD,CLUZ,03LUMBSOL_G01,G,8/15/2026 9:06:00 AM,8/15/2026 9:10:00 AM,MIN_OPERATING_MW,1,
8/15/2026 9:10:00 AM,RTD,CLUZ,03LUMBSOL_G01,G,8/15/2026 9:11:00 AM,8/15/2026 9:15:00 AM,MAX_OPERATING_MW,1,
8/15/2026 9:10:00 AM,RTD,CLUZ,03LUMBSOL_G01,G,8/15/2026 9:11:00 AM,8/15/2026 9:15:00 AM,MIN_OPERATING_MW,1,
8/15/2026 9:10:00 AM,RTD,CLUZ,03LUNSOL_G01,G,8/15/2026 9:06:00 AM,8/15/2026 9:10:00 AM,MAX_OPERATING_MW,29.29,
8/15/2026 9:10:00 AM,RTD,CLUZ,03LUNSOL_G01,G,8/15/2026 9:06:00 AM,8/15/2026 9:10:00 AM,MIN_OPERATING_MW,29.29,
8/15/2026 9:10:00 AM,RTD,CLUZ,03LUNSOL_G01,G,8/15/2026 9:11:00 AM,8/15/2026 9:15:00 AM,MAX_OPERATING_MW,29.89,
8/15/2026 9:10:00 AM,RTD,CLUZ,03LUNSOL_G01,G,8/15/2026 9:11:00 AM,8/15/2026 9:15:00 AM,MIN_OPERATING_MW,29.89,
8/15/2026 9:10:00 AM,RTD,CLUZ,03TANWIND_G01,G,8/15/2026 9:06:00 AM,8/15/2026 9:10:00 AM,MAX_OPERATING_MW,3.40,
8/15/2026 9:10:00 AM,RTD,CLUZ,03TANWIND_G01,G,8/15/2026 9:06:00 AM,8/15/2026 9:10:00 AM,MIN_OPERATING_MW,3.40,
8/15/2026 9:10:00 AM,RTD,CLUZ,03TANWIND_G01,G,8/15/2026 9:11:00 AM,8/15/2026 9:15:00 AM,MAX_OPERATING_MW,3.40,
8/15/2026 9:10:00 AM,RTD,CLUZ,03TANWIND_G01,G,8/15/2026 9:11:00 AM,8/15/2026 9:15:00 AM,MIN_OPERATING_MW,3.40,
8/15/2026 9:10:00 AM,RTD,CVIS,04ISIDROSOL_G01,G,8/15/2026 9:01:00 AM,8/15/2026 10:00:00 AM,MAX_OPERATING_MW,71.50,
8/15/2026 9:10:00 AM,RTD,CVIS,04ISIDROSOL_G01,G,8/15/2026 9:01:00 AM,8/15/2026 10:00:00 AM,MIN_OPERATING_MW,71.50,
8/15/2026 9:10:00 AM,RTD,CVIS,06SLYSOL_G02,G,8/15/2026 9:01:00 AM,8/15/2026 10:00:00 AM,MAX_OPERATING_MW,9.48,
8/15/2026 9:10:00 AM,RTD,CVIS,06SLYSOL_G02,G,8/15/2026 9:01:00 AM,8/15/2026 10:00:00 AM,MIN_OPERATING_MW,9.48,
8/15/2026 9:10:00 AM,RTD,CVIS,06SLYSOL_G03,G,8/15/2026 9:01:00 AM,8/15/2026 10:00:00 AM,MAX_OPERATING_MW,9.49,
8/15/2026 9:10:00 AM,RTD,CVIS,06SLYSOL_G03,G,8/15/2026 9:01:00 AM,8/15/2026 10:00:00 AM,MIN_OPERATING_MW,9.49,
8/15/2026 9:10:00 AM,RTD,CMIN,10IDP1_U07,G,8/15/2026 9:06:00 AM,8/15/2026 9:10:00 AM,MAX_OPERATING_MW,2.50,
8/15/2026 9:10:00 AM,RTD,CMIN,10IDP1_U07,G,8/15/2026 9:06:00 AM,8/15/2026 9:10:00 AM,MIN_OPERATING_MW,2.50,
8/15/2026 9:10:00 AM,RTD,CMIN,10IDP1_U07,G,8/15/2026 9:11:00 AM,8/15/2026 9:15:00 AM,MAX_OPERATING_MW,3.30,
8/15/2026 9:10:00 AM,RTD,CMIN,10IDP1_U07,G,8/15/2026 9:11:00 AM,8/15/2026 9:15:00 AM,MIN_OPERATING_MW,3.30,
8/15/2026 9:10:00 AM,RTD,CMIN,10LIAN_G02,G,8/15/2026,8/15/2026 11:59:00 PM,MAX_OPERATING_MW,6.60,
8/15/2026 9:10:00 AM,RTD,CMIN,10LIAN_G02,G,8/15/2026,8/15/2026 11:59:00 PM,MIN_OPERATING_MW,6.60,
8/15/2026 9:10:00 AM,RTD,CMIN,14TANTASOL_G01,G,8/15/2026 9:01:00 AM,8/15/2026 10:00:00 AM,MAX_OPERATING_MW,45,
8/15/2026 9:10:00 AM,RTD,CMIN,14TANTASOL_G01,G,8/15/2026 9:01:00 AM,8/15/2026 10:00:00 AM,MIN_OPERATING_MW,45,
8/15/2026 9:15:00 AM,RTD,CLUZ,01BARBASOL_G01,G,8/15/2026 9:11:00 AM,8/15/2026 9:15:00 AM,MAX_OPERATING_MW,63.98,
8/15/2026 9:15:00 AM,RTD,CLUZ,01BARBASOL_G01,G,8/15/2026 9:11:00 AM,8/15/2026 9:15:00 AM,MIN_OPERATING_MW,63.98,
8/15/2026 9:15:00 AM,RTD,CLUZ,01BARBASOL_G01,G,8/15/2026 9:16:00 AM,8/15/2026 9:20:00 AM,MAX_OPERATING_MW,65.38,
8/15/2026 9:15:00 AM,RTD,CLUZ,01BARBASOL_G01,G,8/15/2026 9:16:00 AM,8/15/2026 9:20:00 AM,MIN_OPERATING_MW,65.38,
8/15/2026 9:15:00 AM,RTD,CLUZ,01BUGSOL_G01,G,8/15/2026 9:11:00 AM,8/15/2026 9:15:00 AM,MAX_OPERATING_MW,33.60,
8/15/2026 9:15:00 AM,RTD,CLUZ,01BUGSOL_G01,G,8/15/2026 9:11:00 AM,8/15/2026 9:15:00 AM,MIN_OPERATING_MW,33.60,
8/15/2026 9:15:00 AM,RTD,CLUZ,01BUGSOL_G01,G,8/15/2026 9:16:00 AM,8/15/2026 9:20:00 AM,MAX_OPERATING_MW,40.60,
8/15/2026 9:15:00 AM,RTD,CLUZ,01BUGSOL_G01,G,8/15/2026 9:16:00 AM,8/15/2026 9:20:00 AM,MIN_OPERATING_MW,40.60,
8/15/2026 9:15:00 AM,RTD,CLUZ,01BULACSOL_G01,G,8/15/2026 9:01:00 AM,8/15/2026 10:00:00 AM,MAX_OPERATING_MW,11.37,
8/15/2026 9:15:00 AM,RTD,CLUZ,01BULACSOL_G01,G,8/15/2026 9:01:00 AM,8/15/2026 10:00:00 AM,MIN_OPERATING_MW,11.37,
8/15/2026 9:15:00 AM,RTD,CLUZ,01CONSOL_G01,G,8/15/2026 9:11:00 AM,8/15/2026 9:15:00 AM,MAX_OPERATING_MW,54.53,
8/15/2026 9:15:00 AM,RTD,CLUZ,01CONSOL_G01,G,8/15/2026 9:11:00 AM,8/15/2026 9:15:00 AM,MIN_OPERATING_MW,54.53,
8/15/2026 9:15:00 AM,RTD,CLUZ,01CONSOL_G01,G,8/15/2026 9:16:00 AM,8/15/2026 9:20:00 AM,MAX_OPERATING_MW,55.31,
8/15/2026 9:15:00 AM,RTD,CLUZ,01CONSOL_G01,G,8/15/2026 9:16:00 AM,8/15/2026 9:20:00 AM,MIN_OPERATING_MW,55.31,
8/15/2026 9:15:00 AM,RTD,CLUZ,01PASBUSOL_G01,G,8/15/2026 9:01:00 AM,8/15/2026 10:00:00 AM,MAX_OPERATING_MW,31.73,
8/15/2026 9:15:00 AM,RTD,CLUZ,01PASBUSOL_G01,G,8/15/2026 9:01:00 AM,8/15/2026 10:00:00 AM,MIN_OPERATING_MW,31.73,
8/15/2026 9:15:00 AM,RTD,CLUZ,01TERRASOL_G01,G,8/15/2026 6:01:00 AM,8/15/2026 12:00:00 PM,MAX_OPERATING_MW,10,
8/15/2026 9:15:00 AM,RTD,CLUZ,01TERRASOL_G01,G,8/15/2026 6:01:00 AM,8/15/2026 12:00:00 PM,MIN_OPERATING_MW,10,
8/15/2026 9:15:00 AM,RTD,CLUZ,03LUMBSOL_G01,G,8/15/2026 9:11:00 AM,8/15/2026 9:15:00 AM,MAX_OPERATING_MW,1,
8/15/2026 9:15:00 AM,RTD,CLUZ,03LUMBSOL_G01,G,8/15/2026 9:11:00 AM,8/15/2026 9:15:00 AM,MIN_OPERATING_MW,1,
8/15/2026 9:15:00 AM,RTD,CLUZ,03LUMBSOL_G01,G,8/15/2026 9:16:00 AM,8/15/2026 9:20:00 AM,MAX_OPERATING_MW,1,
8/15/2026 9:15:00 AM,RTD,CLUZ,03LUMBSOL_G01,G,8/15/2026 9:16:00 AM,8/15/2026 9:20:00 AM,MIN_OPERATING_MW,1,
8/15/2026 9:15:00 AM,RTD,CLUZ,03LUNSOL_G01,G,8/15/2026 9:11:00 AM,8/15/2026 9:15:00 AM,MAX_OPERATING_MW,29.89,
8/15/2026 9:15:00 AM,RTD,CLUZ,03LUNSOL_G01,G,8/15/2026 9:11:00 AM,8/15/2026 9:15:00 AM,MIN_OPERATING_MW,29.89,
8/15/2026 9:15:00 AM,RTD,CLUZ,03LUNSOL_G01,G,8/15/2026 9:16:00 AM,8/15/2026 9:20:00 AM,MAX_OPERATING_MW,30.47,
8/15/2026 9:15:00 AM,RTD,CLUZ,03LUNSOL_G01,G,8/15/2026 9:16:00 AM,8/15/2026 9:20:00 AM,MIN_OPERATING_MW,30.47,
8/15/2026 9:15:00 AM,RTD,CLUZ,03TANWIND_G01,G,8/15/2026 9:11:00 AM,8/15/2026 9:15:00 AM,MAX_OPERATING_MW,3.40,
8/15/2026 9:15:00 AM,RTD,CLUZ,03TANWIND_G01,G,8/15/2026 9:11:00 AM,8/15/2026 9:15:00 AM,MIN_OPERATING_MW,3.40,
8/15/2026 9:15:00 AM,RTD,CLUZ,03TANWIND_G01,G,8/15/2026 9:16:00 AM,8/15/2026 9:20:00 AM,MAX_OPERATING_MW,3.40,
8/15/2026 9:15:00 AM,RTD,CLUZ,03TANWIND_G01,G,8/15/2026 9:16:00 AM,8/15/2026 9:20:00 AM,MIN_OPERATING_MW,3.40,
8/15/2026 9:15:00 AM,RTD,CVIS,04ISIDROSOL_G01,G,8/15/2026 9:01:00 AM,8/15/2026 10:00:00 AM,MAX_OPERATING_MW,71.50,
8/15/2026 9:15:00 AM,RTD,CVIS,04ISIDROSOL_G01,G,8/15/2026 9:01:00 AM,8/15/2026 10:00:00 AM,MIN_OPERATING_MW,71.50,
8/15/2026 9:15:00 AM,RTD,CVIS,06SLYSOL_G02,G,8/15/2026 9:01:00 AM,8/15/2026 10:00:00 AM,MAX_OPERATING_MW,9.48,
8/15/2026 9:15:00 AM,RTD,CVIS,06SLYSOL_G02,G,8/15/2026 9:01:00 AM,8/15/2026 10:00:00 AM,MIN_OPERATING_MW,9.48,
8/15/2026 9:15:00 AM,RTD,CVIS,06SLYSOL_G03,G,8/15/2026 9:01:00 AM,8/15/2026 10:00:00 AM,MAX_OPERATING_MW,9.49,
8/15/2026 9:15:00 AM,RTD,CVIS,06SLYSOL_G03,G,8/15/2026 9:01:00 AM,8/15/2026 10:00:00 AM,MIN_OPERATING_MW,9.49,
8/15/2026 9:15:00 AM,RTD,CMIN,10IDP1_U07,G,8/15/2026 9:11:00 AM,8/15/2026 9:15:00 AM,MAX_OPERATING_MW,3.30,
8/15/2026 9:15:00 AM,RTD,CMIN,10IDP1_U07,G,8/15/2026 9:11:00 AM,8/15/2026 9:15:00 AM,MIN_OPERATING_MW,3.30,
8/15/2026 9:15:00 AM,RTD,CMIN,10IDP1_U07,G,8/15/2026 9:16:00 AM,8/15/2026 9:20:00 AM,MAX_OPERATING_MW,4.10,
8/15/2026 9:15:00 AM,RTD,CMIN,10IDP1_U07,G,8/15/2026 9:16:00 AM,8/15/2026 9:20:00 AM,MIN_OPERATING_MW,4.10,
8/15/2026 9:15:00 AM,RTD,CMIN,10LIAN_G02,G,8/15/2026,8/15/2026 11:59:00 PM,MAX_OPERATING_MW,6.60,
8/15/2026 9:15:00 AM,RTD,CMIN,10LIAN_G02,G,8/15/2026,8/15/2026 11:59:00 PM,MIN_OPERATING_MW,6.60,
8/15/2026 9:15:00 AM,RTD,CMIN,14TANTASOL_G01,G,8/15/2026 9:01:00 AM,8/15/2026 10:00:00 AM,MAX_OPERATING_MW,45,
8/15/2026 9:15:00 AM,RTD,CMIN,14TANTASOL_G01,G,8/15/2026 9:01:00 AM,8/15/2026 10:00:00 AM,MIN_OPERATING_MW,45,
8/15/2026 9:20:00 AM,RTD,CLUZ,01BARBASOL_G01,G,8/15/2026 9:16:00 AM,8/15/2026 9:20:00 AM,MAX_OPERATING_MW,65.38,
8/15/2026 9:20:00 AM,RTD,CLUZ,01BARBASOL_G01,G,8/15/2026 9:16:00 AM,8/15/2026 9:20:00 AM,MIN_OPERATING_MW,65.38,
8/15/2026 9:20:00 AM,RTD,CLUZ,01BARBASOL_G01,G,8/15/2026 9:21:00 AM,8/15/2026 9:25:00 AM,MAX_OPERATING_MW,66.71,
8/15/2026 9:20:00 AM,RTD,CLUZ,01BARBASOL_G01,G,8/15/2026 9:21:00 AM,8/15/2026 9:25:00 AM,MIN_OPERATING_MW,66.71,
8/15/2026 9:20:00 AM,RTD,CLUZ,01BUGSOL_G01,G,8/15/2026 9:16:00 AM,8/15/2026 9:20:00 AM,MAX_OPERATING_MW,40.60,
8/15/2026 9:20:00 AM,RTD,CLUZ,01BUGSOL_G01,G,8/15/2026 9:16:00 AM,8/15/2026 9:20:00 AM,MIN_OPERATING_MW,40.60,
8/15/2026 9:20:00 AM,RTD,CLUZ,01BUGSOL_G01,G,8/15/2026 9:21:00 AM,8/15/2026 9:25:00 AM,MAX_OPERATING_MW,38,
8/15/2026 9:20:00 AM,RTD,CLUZ,01BUGSOL_G01,G,8/15/2026 9:21:00 AM,8/15/2026 9:25:00 AM,MIN_OPERATING_MW,38,
8/15/2026 9:20:00 AM,RTD,CLUZ,01BULACSOL_G01,G,8/15/2026 9:01:00 AM,8/15/2026 10:00:00 AM,MAX_OPERATING_MW,11.37,
8/15/2026 9:20:00 AM,RTD,CLUZ,01BULACSOL_G01,G,8/15/2026 9:01:00 AM,8/15/2026 10:00:00 AM,MIN_OPERATING_MW,11.37,
8/15/2026 9:20:00 AM,RTD,CLUZ,01CONSOL_G01,G,8/15/2026 9:16:00 AM,8/15/2026 9:20:00 AM,MAX_OPERATING_MW,55.31,
8/15/2026 9:20:00 AM,RTD,CLUZ,01CONSOL_G01,G,8/15/2026 9:16:00 AM,8/15/2026 9:20:00 AM,MIN_OPERATING_MW,55.31,
8/15/2026 9:20:00 AM,RTD,CLUZ,01CONSOL_G01,G,8/15/2026 9:21:00 AM,8/15/2026 9:25:00 AM,MAX_OPERATING_MW,56.05,
8/15/2026 9:20:00 AM,RTD,CLUZ,01CONSOL_G01,G,8/15/2026 9:21:00 AM,8/15/2026 9:25:00 AM,MIN_OPERATING_MW,56.05,
8/15/2026 9:20:00 AM,RTD,CLUZ,01PASBUSOL_G01,G,8/15/2026 9:01:00 AM,8/15/2026 10:00:00 AM,MAX_OPERATING_MW,31.73,
8/15/2026 9:20:00 AM,RTD,CLUZ,01PASBUSOL_G01,G,8/15/2026 9:01:00 AM,8/15/2026 10:00:00 AM,MIN_OPERATING_MW,31.73,
8/15/2026 9:20:00 AM,RTD,CLUZ,01TERRASOL_G01,G,8/15/2026 6:01:00 AM,8/15/2026 12:00:00 PM,MAX_OPERATING_MW,10,
8/15/2026 9:20:00 AM,RTD,CLUZ,01TERRASOL_G01,G,8/15/2026 6:01:00 AM,8/15/2026 12:00:00 PM,MIN_OPERATING_MW,10,
8/15/2026 9:20:00 AM,RTD,CLUZ,03LUMBSOL_G01,G,8/15/2026 9:16:00 AM,8/15/2026 9:20:00 AM,MAX_OPERATING_MW,1,
8/15/2026 9:20:00 AM,RTD,CLUZ,03LUMBSOL_G01,G,8/15/2026 9:16:00 AM,8/15/2026 9:20:00 AM,MIN_OPERATING_MW,1,
8/15/2026 9:20:00 AM,RTD,CLUZ,03LUMBSOL_G01,G,8/15/2026 9:21:00 AM,8/15/2026 9:25:00 AM,MAX_OPERATING_MW,1,
8/15/2026 9:20:00 AM,RTD,CLUZ,03LUMBSOL_G01,G,8/15/2026 9:21:00 AM,8/15/2026 9:25:00 AM,MIN_OPERATING_MW,1,
8/15/2026 9:20:00 AM,RTD,CLUZ,03LUNSOL_G01,G,8/15/2026 9:16:00 AM,8/15/2026 9:20:00 AM,MAX_OPERATING_MW,30.47,
8/15/2026 9:20:00 AM,RTD,CLUZ,03LUNSOL_G01,G,8/15/2026 9:16:00 AM,8/15/2026 9:20:00 AM,MIN_OPERATING_MW,30.47,
8/15/2026 9:20:00 AM,RTD,CLUZ,03LUNSOL_G01,G,8/15/2026 9:21:00 AM,8/15/2026 9:25:00 AM,MAX_OPERATING_MW,31.04,
8/15/2026 9:20:00 AM,RTD,CLUZ,03LUNSOL_G01,G,8/15/2026 9:21:00 AM,8/15/2026 9:25:00 AM,MIN_OPERATING_MW,31.04,
8/15/2026 9:20:00 AM,RTD,CLUZ,03TANWIND_G01,G,8/15/2026 9:16:00 AM,8/15/2026 9:20:00 AM,MAX_OPERATING_MW,3.40,
8/15/2026 9:20:00 AM,RTD,CLUZ,03TANWIND_G01,G,8/15/2026 9:16:00 AM,8/15/2026 9:20:00 AM,MIN_OPERATING_MW,3.40,
8/15/2026 9:20:00 AM,RTD,CLUZ,03TANWIND_G01,G,8/15/2026 9:21:00 AM,8/15/2026 9:25:00 AM,MAX_OPERATING_MW,3.40,
8/15/2026 9:20:00 AM,RTD,CLUZ,03TANWIND_G01,G,8/15/2026 9:21:00 AM,8/15/2026 9:25:00 AM,MIN_OPERATING_MW,3.40,
8/15/2026 9:20:00 AM,RTD,CVIS,04ISIDROSOL_G01,G,8/15/2026 9:01:00 AM,8/15/2026 10:00:00 AM,MAX_OPERATING_MW,71.50,
8/15/2026 9:20:00 AM,RTD,CVIS,04ISIDROSOL_G01,G,8/15/2026 9:01:00 AM,8/15/2026 10:00:00 AM,MIN_OPERATING_MW,71.50,
8/15/2026 9:20:00 AM,RTD,CVIS,06SLYSOL_G02,G,8/15/2026 9:01:00 AM,8/15/2026 10:00:00 AM,MAX_OPERATING_MW,9.48,
8/15/2026 9:20:00 AM,RTD,CVIS,06SLYSOL_G02,G,8/15/2026 9:01:00 AM,8/15/2026 10:00:00 AM,MIN_OPERATING_MW,9.48,
8/15/2026 9:20:00 AM,RTD,CVIS,06SLYSOL_G03,G,8/15/2026 9:01:00 AM,8/15/2026 10:00:00 AM,MAX_OPERATING_MW,9.49,
8/15/2026 9:20:00 AM,RTD,CVIS,06SLYSOL_G03,G,8/15/2026 9:01:00 AM,8/15/2026 10:00:00 AM,MIN_OPERATING_MW,9.49,
8/15/2026 9:20:00 AM,RTD,CMIN,10IDP1_U07,G,8/15/2026 9:16:00 AM,8/15/2026 9:20:00 AM,MAX_OPERATING_MW,4.10,
8/15/2026 9:20:00 AM,RTD,CMIN,10IDP1_U07,G,8/15/2026 9:16:00 AM,8/15/2026 9:20:00 AM,MIN_OPERATING_MW,4.10,
8/15/2026 9:20:00 AM,RTD,CMIN,10IDP1_U07,G,8/15/2026 9:21:00 AM,8/15/2026 12:21:00 PM,MAX_OPERATING_MW,5,
8/15/2026 9:20:00 AM,RTD,CMIN,10IDP1_U07,G,8/15/2026 9:21:00 AM,8/15/2026 12:21:00 PM,MIN_OPERATING_MW,5,
8/15/2026 9:20:00 AM,RTD,CMIN,10LIAN_G02,G,8/15/2026,8/15/2026 11:59:00 PM,MAX_OPERATING_MW,6.60,
8/15/2026 9:20:00 AM,RTD,CMIN,10LIAN_G02,G,8/15/2026,8/15/2026 11:59:00 PM,MIN_OPERATING_MW,6.60,
8/15/2026 9:20:00 AM,RTD,CMIN,14TANTASOL_G01,G,8/15/2026 9:01:00 AM,8/15/2026 10:00:00 AM,MAX_OPERATING_MW,45,
8/15/2026 9:20:00 AM,RTD,CMIN,14TANTASOL_G01,G,8/15/2026 9:01:00 AM,8/15/2026 10:00:00 AM,MIN_OPERATING_MW,45,
8/15/2026 9:25:00 AM,RTD,CLUZ,01BARBASOL_G01,G,8/15/2026 9:21:00 AM,8/15/2026 9:25:00 AM,MAX_OPERATING_MW,66.71,
8/15/2026 9:25:00 AM,RTD,CLUZ,01BARBASOL_G01,G,8/15/2026 9:21:00 AM,8/15/2026 9:25:00 AM,MIN_OPERATING_MW,66.71,
8/15/2026 9:25:00 AM,RTD,CLUZ,01BARBASOL_G01,G,8/15/2026 9:26:00 AM,8/15/2026 9:30:00 AM,MAX_OPERATING_MW,67.98,
8/15/2026 9:25:00 AM,RTD,CLUZ,01BARBASOL_G01,G,8/15/2026 9:26:00 AM,8/15/2026 9:30:00 AM,MIN_OPERATING_MW,67.98,
8/15/2026 9:25:00 AM,RTD,CLUZ,01BUGSOL_G01,G,8/15/2026 9:21:00 AM,8/15/2026 9:25:00 AM,MAX_OPERATING_MW,38,
8/15/2026 9:25:00 AM,RTD,CLUZ,01BUGSOL_G01,G,8/15/2026 9:21:00 AM,8/15/2026 9:25:00 AM,MIN_OPERATING_MW,38,
8/15/2026 9:25:00 AM,RTD,CLUZ,01BUGSOL_G01,G,8/15/2026 9:26:00 AM,8/15/2026 9:30:00 AM,MAX_OPERATING_MW,34.60,
8/15/2026 9:25:00 AM,RTD,CLUZ,01BUGSOL_G01,G,8/15/2026 9:26:00 AM,8/15/2026 9:30:00 AM,MIN_OPERATING_MW,34.60,
8/15/2026 9:25:00 AM,RTD,CLUZ,01BULACSOL_G01,G,8/15/2026 9:01:00 AM,8/15/2026 10:00:00 AM,MAX_OPERATING_MW,11.37,
8/15/2026 9:25:00 AM,RTD,CLUZ,01BULACSOL_G01,G,8/15/2026 9:01:00 AM,8/15/2026 10:00:00 AM,MIN_OPERATING_MW,11.37,
8/15/2026 9:25:00 AM,RTD,CLUZ,01CONSOL_G01,G,8/15/2026 9:21:00 AM,8/15/2026 9:25:00 AM,MAX_OPERATING_MW,56.05,
8/15/2026 9:25:00 AM,RTD,CLUZ,01CONSOL_G01,G,8/15/2026 9:21:00 AM,8/15/2026 9:25:00 AM,MIN_OPERATING_MW,56.05,
8/15/2026 9:25:00 AM,RTD,CLUZ,01CONSOL_G01,G,8/15/2026 9:26:00 AM,8/15/2026 9:30:00 AM,MAX_OPERATING_MW,56.75,
8/15/2026 9:25:00 AM,RTD,CLUZ,01CONSOL_G01,G,8/15/2026 9:26:00 AM,8/15/2026 9:30:00 AM,MIN_OPERATING_MW,56.75,
8/15/2026 9:25:00 AM,RTD,CLUZ,01PASBUSOL_G01,G,8/15/2026 9:01:00 AM,8/15/2026 10:00:00 AM,MAX_OPERATING_MW,31.73,
8/15/2026 9:25:00 AM,RTD,CLUZ,01PASBUSOL_G01,G,8/15/2026 9:01:00 AM,8/15/2026 10:00:00 AM,MIN_OPERATING_MW,31.73,
8/15/2026 9:25:00 AM,RTD,CLUZ,01TERRASOL_G01,G,8/15/2026 6:01:00 AM,8/15/2026 12:00:00 PM,MAX_OPERATING_MW,10,
8/15/2026 9:25:00 AM,RTD,CLUZ,01TERRASOL_G01,G,8/15/2026 6:01:00 AM,8/15/2026 12:00:00 PM,MIN_OPERATING_MW,10,
8/15/2026 9:25:00 AM,RTD,CLUZ,03LUMBSOL_G01,G,8/15/2026 9:21:00 AM,8/15/2026 9:25:00 AM,MAX_OPERATING_MW,1,
8/15/2026 9:25:00 AM,RTD,CLUZ,03LUMBSOL_G01,G,8/15/2026 9:21:00 AM,8/15/2026 9:25:00 AM,MIN_OPERATING_MW,1,
8/15/2026 9:25:00 AM,RTD,CLUZ,03LUMBSOL_G01,G,8/15/2026 9:26:00 AM,8/15/2026 9:30:00 AM,MAX_OPERATING_MW,1,
8/15/2026 9:25:00 AM,RTD,CLUZ,03LUMBSOL_G01,G,8/15/2026 9:26:00 AM,8/15/2026 9:30:00 AM,MIN_OPERATING_MW,1,
8/15/2026 9:25:00 AM,RTD,CLUZ,03LUNSOL_G01,G,8/15/2026 9:21:00 AM,8/15/2026 9:25:00 AM,MAX_OPERATING_MW,31.04,
8/15/2026 9:25:00 AM,RTD,CLUZ,03LUNSOL_G01,G,8/15/2026 9:21:00 AM,8/15/2026 9:25:00 AM,MIN_OPERATING_MW,31.04,
8/15/2026 9:25:00 AM,RTD,CLUZ,03LUNSOL_G01,G,8/15/2026 9:26:00 AM,8/15/2026 9:30:00 AM,MAX_OPERATING_MW,31.59,
8/15/2026 9:25:00 AM,RTD,CLUZ,03LUNSOL_G01,G,8/15/2026 9:26:00 AM,8/15/2026 9:30:00 AM,MIN_OPERATING_MW,31.59,
8/15/2026 9:25:00 AM,RTD,CLUZ,03TANWIND_G01,G,8/15/2026 9:21:00 AM,8/15/2026 9:25:00 AM,MAX_OPERATING_MW,3.40,
8/15/2026 9:25:00 AM,RTD,CLUZ,03TANWIND_G01,G,8/15/2026 9:21:00 AM,8/15/2026 9:25:00 AM,MIN_OPERATING_MW,3.40,
8/15/2026 9:25:00 AM,RTD,CLUZ,03TANWIND_G01,G,8/15/2026 9:26:00 AM,8/15/2026 9:30:00 AM,MAX_OPERATING_MW,3.40,
8/15/2026 9:25:00 AM,RTD,CLUZ,03TANWIND_G01,G,8/15/2026 9:26:00 AM,8/15/2026 9:30:00 AM,MIN_OPERATING_MW,3.40,
8/15/2026 9:25:00 AM,RTD,CVIS,04ISIDROSOL_G01,G,8/15/2026 9:01:00 AM,8/15/2026 10:00:00 AM,MAX_OPERATING_MW,71.50,
8/15/2026 9:25:00 AM,RTD,CVIS,04ISIDROSOL_G01,G,8/15/2026 9:01:00 AM,8/15/2026 10:00:00 AM,MIN_OPERATING_MW,71.50,
8/15/2026 9:25:00 AM,RTD,CVIS,06SLYSOL_G02,G,8/15/2026 9:01:00 AM,8/15/2026 10:00:00 AM,MAX_OPERATING_MW,9.48,
8/15/2026 9:25:00 AM,RTD,CVIS,06SLYSOL_G02,G,8/15/2026 9:01:00 AM,8/15/2026 10:00:00 AM,MIN_OPERATING_MW,9.48,
8/15/2026 9:25:00 AM,RTD,CVIS,06SLYSOL_G03,G,8/15/2026 9:01:00 AM,8/15/2026 10:00:00 AM,MAX_OPERATING_MW,9.49,
8/15/2026 9:25:00 AM,RTD,CVIS,06SLYSOL_G03,G,8/15/2026 9:01:00 AM,8/15/2026 10:00:00 AM,MIN_OPERATING_MW,9.49,
8/15/2026 9:25:00 AM,RTD,CMIN,10IDP1_U07,G,8/15/2026 9:21:00 AM,8/15/2026 12:21:00 PM,MAX_OPERATING_MW,5,
8/15/2026 9:25:00 AM,RTD,CMIN,10IDP1_U07,G,8/15/2026 9:21:00 AM,8/15/2026 12:21:00 PM,MIN_OPERATING_MW,5,
8/15/2026 9:25:00 AM,RTD,CMIN,10LIAN_G02,G,8/15/2026,8/15/2026 11:59:00 PM,MAX_OPERATING_MW,6.60,
8/15/2026 9:25:00 AM,RTD,CMIN,10LIAN_G02,G,8/15/2026,8/15/2026 11:59:00 PM,MIN_OPERATING_MW,6.60,
8/15/2026 9:25:00 AM,RTD,CMIN,14TANTASOL_G01,G,8/15/2026 9:01:00 AM,8/15/2026 10:00:00 AM,MAX_OPERATING_MW,45,
8/15/2026 9:25:00 AM,RTD,CMIN,14TANTASOL_G01,G,8/15/2026 9:01:00 AM,8/15/2026 10:00:00 AM,MIN_OPERATING_MW,45,
8/15/2026 9:30:00 AM,RTD,CLUZ,01BALWIND_G01,G,8/15/2026 9:11:00 AM,8/16/2026,MAX_OPERATING_MW,50,
8/15/2026 9:30:00 AM,RTD,CLUZ,01BALWIND_G01,G,8/15/2026 9:11:00 AM,8/16/2026,MIN_OPERATING_MW,50,
8/15/2026 9:30:00 AM,RTD,CLUZ,01BARBASOL_G01,G,8/15/2026 9:26:00 AM,8/15/2026 9:30:00 AM,MAX_OPERATING_MW,67.98,
8/15/2026 9:30:00 AM,RTD,CLUZ,01BARBASOL_G01,G,8/15/2026 9:26:00 AM,8/15/2026 9:30:00 AM,MIN_OPERATING_MW,67.98,
8/15/2026 9:30:00 AM,RTD,CLUZ,01BARBASOL_G01,G,8/15/2026 9:31:00 AM,8/15/2026 9:35:00 AM,MAX_OPERATING_MW,69.17,
8/15/2026 9:30:00 AM,RTD,CLUZ,01BARBASOL_G01,G,8/15/2026 9:31:00 AM,8/15/2026 9:35:00 AM,MIN_OPERATING_MW,69.17,
8/15/2026 9:30:00 AM,RTD,CLUZ,01BUGSOL_G01,G,8/15/2026 9:26:00 AM,8/15/2026 9:30:00 AM,MAX_OPERATING_MW,170,
8/15/2026 9:30:00 AM,RTD,CLUZ,01BUGSOL_G01,G,8/15/2026 9:26:00 AM,8/15/2026 9:30:00 AM,MIN_OPERATING_MW,170,
8/15/2026 9:30:00 AM,RTD,CLUZ,01BUGSOL_G01,G,8/15/2026 9:31:00 AM,8/15/2026 9:35:00 AM,MAX_OPERATING_MW,170,
8/15/2026 9:30:00 AM,RTD,CLUZ,01BUGSOL_G01,G,8/15/2026 9:31:00 AM,8/15/2026 9:35:00 AM,MIN_OPERATING_MW,170,
8/15/2026 9:30:00 AM,RTD,CLUZ,01BULACSOL_G01,G,8/15/2026 9:01:00 AM,8/15/2026 10:00:00 AM,MAX_OPERATING_MW,11.37,
8/15/2026 9:30:00 AM,RTD,CLUZ,01BULACSOL_G01,G,8/15/2026 9:01:00 AM,8/15/2026 10:00:00 AM,MIN_OPERATING_MW,11.37,
8/15/2026 9:30:00 AM,RTD,CLUZ,01CONSOL_G01,G,8/15/2026 9:26:00 AM,8/15/2026 9:30:00 AM,MAX_OPERATING_MW,56.75,
8/15/2026 9:30:00 AM,RTD,CLUZ,01CONSOL_G01,G,8/15/2026 9:26:00 AM,8/15/2026 9:30:00 AM,MIN_OPERATING_MW,56.75,
8/15/2026 9:30:00 AM,RTD,CLUZ,01CONSOL_G01,G,8/15/2026 9:31:00 AM,8/15/2026 9:35:00 AM,MAX_OPERATING_MW,57.39,
8/15/2026 9:30:00 AM,RTD,CLUZ,01CONSOL_G01,G,8/15/2026 9:31:00 AM,8/15/2026 9:35:00 AM,MIN_OPERATING_MW,57.39,
8/15/2026 9:30:00 AM,RTD,CLUZ,01PASBUSOL_G01,G,8/15/2026 9:01:00 AM,8/15/2026 10:00:00 AM,MAX_OPERATING_MW,31.73,
8/15/2026 9:30:00 AM,RTD,CLUZ,01PASBUSOL_G01,G,8/15/2026 9:01:00 AM,8/15/2026 10:00:00 AM,MIN_OPERATING_MW,31.73,
8/15/2026 9:30:00 AM,RTD,CLUZ,01TERRASOL_G01,G,8/15/2026 6:01:00 AM,8/15/2026 12:00:00 PM,MAX_OPERATING_MW,10,
8/15/2026 9:30:00 AM,RTD,CLUZ,01TERRASOL_G01,G,8/15/2026 6:01:00 AM,8/15/2026 12:00:00 PM,MIN_OPERATING_MW,10,
8/15/2026 9:30:00 AM,RTD,CLUZ,03LUMBSOL_G01,G,8/15/2026 9:26:00 AM,8/15/2026 9:30:00 AM,MAX_OPERATING_MW,1,
8/15/2026 9:30:00 AM,RTD,CLUZ,03LUMBSOL_G01,G,8/15/2026 9:26:00 AM,8/15/2026 9:30:00 AM,MIN_OPERATING_MW,1,
8/15/2026 9:30:00 AM,RTD,CLUZ,03LUMBSOL_G01,G,8/15/2026 9:31:00 AM,8/15/2026 9:35:00 AM,MAX_OPERATING_MW,1,
8/15/2026 9:30:00 AM,RTD,CLUZ,03LUMBSOL_G01,G,8/15/2026 9:31:00 AM,8/15/2026 9:35:00 AM,MIN_OPERATING_MW,1,
8/15/2026 9:30:00 AM,RTD,CLUZ,03LUNSOL_G01,G,8/15/2026 9:26:00 AM,8/15/2026 9:30:00 AM,MAX_OPERATING_MW,31.59,
8/15/2026 9:30:00 AM,RTD,CLUZ,03LUNSOL_G01,G,8/15/2026 9:26:00 AM,8/15/2026 9:30:00 AM,MIN_OPERATING_MW,31.59,
8/15/2026 9:30:00 AM,RTD,CLUZ,03LUNSOL_G01,G,8/15/2026 9:31:00 AM,8/15/2026 9:35:00 AM,MAX_OPERATING_MW,32.13,
8/15/2026 9:30:00 AM,RTD,CLUZ,03LUNSOL_G01,G,8/15/2026 9:31:00 AM,8/15/2026 9:35:00 AM,MIN_OPERATING_MW,32.13,
8/15/2026 9:30:00 AM,RTD,CLUZ,03TANWIND_G01,G,8/15/2026 9:26:00 AM,8/15/2026 9:30:00 AM,MAX_OPERATING_MW,3.40,
8/15/2026 9:30:00 AM,RTD,CLUZ,03TANWIND_G01,G,8/15/2026 9:26:00 AM,8/15/2026 9:30:00 AM,MIN_OPERATING_MW,3.40,
8/15/2026 9:30:00 AM,RTD,CLUZ,03TANWIND_G01,G,8/15/2026 9:31:00 AM,8/15/2026 9:35:00 AM,MAX_OPERATING_MW,3.40,
8/15/2026 9:30:00 AM,RTD,CLUZ,03TANWIND_G01,G,8/15/2026 9:31:00 AM,8/15/2026 9:35:00 AM,MIN_OPERATING_MW,3.40,
8/15/2026 9:30:00 AM,RTD,CVIS,04ISIDROSOL_G01,G,8/15/2026 9:01:00 AM,8/15/2026 10:00:00 AM,MAX_OPERATING_MW,71.50,
8/15/2026 9:30:00 AM,RTD,CVIS,04ISIDROSOL_G01,G,8/15/2026 9:01:00 AM,8/15/2026 10:00:00 AM,MIN_OPERATING_MW,71.50,
8/15/2026 9:30:00 AM,RTD,CVIS,06SLYSOL_G02,G,8/15/2026 9:01:00 AM,8/15/2026 10:00:00 AM,MAX_OPERATING_MW,9.48,
8/15/2026 9:30:00 AM,RTD,CVIS,06SLYSOL_G02,G,8/15/2026 9:01:00 AM,8/15/2026 10:00:00 AM,MIN_OPERATING_MW,9.48,
8/15/2026 9:30:00 AM,RTD,CVIS,06SLYSOL_G03,G,8/15/2026 9:01:00 AM,8/15/2026 10:00:00 AM,MAX_OPERATING_MW,9.49,
8/15/2026 9:30:00 AM,RTD,CVIS,06SLYSOL_G03,G,8/15/2026 9:01:00 AM,8/15/2026 10:00:00 AM,MIN_OPERATING_MW,9.49,
8/15/2026 9:30:00 AM,RTD,CMIN,10IDP1_U07,G,8/15/2026 9:21:00 AM,8/15/2026 12:21:00 PM,MAX_OPERATING_MW,5,
8/15/2026 9:30:00 AM,RTD,CMIN,10IDP1_U07,G,8/15/2026 9:21:00 AM,8/15/2026 12:21:00 PM,MIN_OPERATING_MW,5,
8/15/2026 9:30:00 AM,RTD,CMIN,10LIAN_G02,G,8/15/2026,8/15/2026 11:59:00 PM,MAX_OPERATING_MW,6.60,
8/15/2026 9:30:00 AM,RTD,CMIN,10LIAN_G02,G,8/15/2026,8/15/2026 11:59:00 PM,MIN_OPERATING_MW,6.60,
8/15/2026 9:30:00 AM,RTD,CMIN,14TANTASOL_G01,G,8/15/2026 9:01:00 AM,8/15/2026 10:00:00 AM,MAX_OPERATING_MW,45,
8/15/2026 9:30:00 AM,RTD,CMIN,14TANTASOL_G01,G,8/15/2026 9:01:00 AM,8/15/2026 10:00:00 AM,MIN_OPERATING_MW,45,
8/15/2026 9:35:00 AM,RTD,CLUZ,01BALWIND_G01,G,8/15/2026 9:11:00 AM,8/16/2026,MAX_OPERATING_MW,50,
8/15/2026 9:35:00 AM,RTD,CLUZ,01BALWIND_G01,G,8/15/2026 9:11:00 AM,8/16/2026,MIN_OPERATING_MW,50,
8/15/2026 9:35:00 AM,RTD,CLUZ,01BARBASOL_G01,G,8/15/2026 9:31:00 AM,8/15/2026 9:35:00 AM,MAX_OPERATING_MW,69.17,
8/15/2026 9:35:00 AM,RTD,CLUZ,01BARBASOL_G01,G,8/15/2026 9:31:00 AM,8/15/2026 9:35:00 AM,MIN_OPERATING_MW,69.17,
8/15/2026 9:35:00 AM,RTD,CLUZ,01BARBASOL_G01,G,8/15/2026 9:36:00 AM,8/15/2026 9:40:00 AM,MAX_OPERATING_MW,70.31,
8/15/2026 9:35:00 AM,RTD,CLUZ,01BARBASOL_G01,G,8/15/2026 9:36:00 AM,8/15/2026 9:40:00 AM,MIN_OPERATING_MW,70.31,
8/15/2026 9:35:00 AM,RTD,CLUZ,01BUGSOL_G01,G,8/15/2026 9:31:00 AM,8/15/2026 9:35:00 AM,MAX_OPERATING_MW,170,
8/15/2026 9:35:00 AM,RTD,CLUZ,01BUGSOL_G01,G,8/15/2026 9:31:00 AM,8/15/2026 9:35:00 AM,MIN_OPERATING_MW,170,
8/15/2026 9:35:00 AM,RTD,CLUZ,01BUGSOL_G01,G,8/15/2026 9:36:00 AM,8/15/2026 9:40:00 AM,MAX_OPERATING_MW,170,
8/15/2026 9:35:00 AM,RTD,CLUZ,01BUGSOL_G01,G,8/15/2026 9:36:00 AM,8/15/2026 9:40:00 AM,MIN_OPERATING_MW,170,
8/15/2026 9:35:00 AM,RTD,CLUZ,01BULACSOL_G01,G,8/15/2026 9:01:00 AM,8/15/2026 10:00:00 AM,MAX_OPERATING_MW,11.37,
8/15/2026 9:35:00 AM,RTD,CLUZ,01BULACSOL_G01,G,8/15/2026 9:01:00 AM,8/15/2026 10:00:00 AM,MIN_OPERATING_MW,11.37,
8/15/2026 9:35:00 AM,RTD,CLUZ,01CONSOL_G01,G,8/15/2026 9:31:00 AM,8/15/2026 9:35:00 AM,MAX_OPERATING_MW,57.39,
8/15/2026 9:35:00 AM,RTD,CLUZ,01CONSOL_G01,G,8/15/2026 9:31:00 AM,8/15/2026 9:35:00 AM,MIN_OPERATING_MW,57.39,
8/15/2026 9:35:00 AM,RTD,CLUZ,01CONSOL_G01,G,8/15/2026 9:36:00 AM,8/15/2026 9:40:00 AM,MAX_OPERATING_MW,58,
8/15/2026 9:35:00 AM,RTD,CLUZ,01CONSOL_G01,G,8/15/2026 9:36:00 AM,8/15/2026 9:40:00 AM,MIN_OPERATING_MW,58,
8/15/2026 9:35:00 AM,RTD,CLUZ,01PASBUSOL_G01,G,8/15/2026 9:01:00 AM,8/15/2026 10:00:00 AM,MAX_OPERATING_MW,31.73,
8/15/2026 9:35:00 AM,RTD,CLUZ,01PASBUSOL_G01,G,8/15/2026 9:01:00 AM,8/15/2026 10:00:00 AM,MIN_OPERATING_MW,31.73,
8/15/2026 9:35:00 AM,RTD,CLUZ,01TERRASOL_G01,G,8/15/2026 6:01:00 AM,8/15/2026 12:00:00 PM,MAX_OPERATING_MW,10,
8/15/2026 9:35:00 AM,RTD,CLUZ,01TERRASOL_G01,G,8/15/2026 6:01:00 AM,8/15/2026 12:00:00 PM,MIN_OPERATING_MW,10,
8/15/2026 9:35:00 AM,RTD,CLUZ,03LUMBSOL_G01,G,8/15/2026 9:31:00 AM,8/15/2026 9:35:00 AM,MAX_OPERATING_MW,1,
8/15/2026 9:35:00 AM,RTD,CLUZ,03LUMBSOL_G01,G,8/15/2026 9:31:00 AM,8/15/2026 9:35:00 AM,MIN_OPERATING_MW,1,
8/15/2026 9:35:00 AM,RTD,CLUZ,03LUMBSOL_G01,G,8/15/2026 9:36:00 AM,8/15/2026 9:40:00 AM,MAX_OPERATING_MW,1,
8/15/2026 9:35:00 AM,RTD,CLUZ,03LUMBSOL_G01,G,8/15/2026 9:36:00 AM,8/15/2026 9:40:00 AM,MIN_OPERATING_MW,1,
8/15/2026 9:35:00 AM,RTD,CLUZ,03LUNSOL_G01,G,8/15/2026 9:31:00 AM,8/15/2026 9:35:00 AM,MAX_OPERATING_MW,32.13,
8/15/2026 9:35:00 AM,RTD,CLUZ,03LUNSOL_G01,G,8/15/2026 9:31:00 AM,8/15/2026 9:35:00 AM,MIN_OPERATING_MW,32.13,
8/15/2026 9:35:00 AM,RTD,CLUZ,03LUNSOL_G01,G,8/15/2026 9:36:00 AM,8/15/2026 9:40:00 AM,MAX_OPERATING_MW,32.64,
8/15/2026 9:35:00 AM,RTD,CLUZ,03LUNSOL_G01,G,8/15/2026 9:36:00 AM,8/15/2026 9:40:00 AM,MIN_OPERATING_MW,32.64,
8/15/2026 9:35:00 AM,RTD,CLUZ,03TANWIND_G01,G,8/15/2026 9:31:00 AM,8/15/2026 9:35:00 AM,MAX_OPERATING_MW,3.40,
8/15/2026 9:35:00 AM,RTD,CLUZ,03TANWIND_G01,G,8/15/2026 9:31:00 AM,8/15/2026 9:35:00 AM,MIN_OPERATING_MW,3.40,
8/15/2026 9:35:00 AM,RTD,CLUZ,03TANWIND_G01,G,8/15/2026 9:36:00 AM,8/15/2026 9:40:00 AM,MAX_OPERATING_MW,3.40,
8/15/2026 9:35:00 AM,RTD,CLUZ,03TANWIND_G01,G,8/15/2026 9:36:00 AM,8/15/2026 9:40:00 AM,MIN_OPERATING_MW,3.40,
8/15/2026 9:35:00 AM,RTD,CVIS,04ISIDROSOL_G01,G,8/15/2026 9:01:00 AM,8/15/2026 10:00:00 AM,MAX_OPERATING_MW,71.50,
8/15/2026 9:35:00 AM,RTD,CVIS,04ISIDROSOL_G01,G,8/15/2026 9:01:00 AM,8/15/2026 10:00:00 AM,MIN_OPERATING_MW,71.50,
8/15/2026 9:35:00 AM,RTD,CVIS,06SLYSOL_G02,G,8/15/2026 9:01:00 AM,8/15/2026 10:00:00 AM,MAX_OPERATING_MW,9.48,
8/15/2026 9:35:00 AM,RTD,CVIS,06SLYSOL_G02,G,8/15/2026 9:01:00 AM,8/15/2026 10:00:00 AM,MIN_OPERATING_MW,9.48,
8/15/2026 9:35:00 AM,RTD,CVIS,06SLYSOL_G03,G,8/15/2026 9:01:00 AM,8/15/2026 10:00:00 AM,MAX_OPERATING_MW,9.49,
8/15/2026 9:35:00 AM,RTD,CVIS,06SLYSOL_G03,G,8/15/2026 9:01:00 AM,8/15/2026 10:00:00 AM,MIN_OPERATING_MW,9.49,
8/15/2026 9:35:00 AM,RTD,CMIN,10IDP1_U07,G,8/15/2026 9:21:00 AM,8/15/2026 12:21:00 PM,MAX_OPERATING_MW,5,
8/15/2026 9:35:00 AM,RTD,CMIN,10IDP1_U07,G,8/15/2026 9:21:00 AM,8/15/2026 12:21:00 PM,MIN_OPERATING_MW,5,
8/15/2026 9:35:00 AM,RTD,CMIN,10LIAN_G02,G,8/15/2026,8/15/2026 11:59:00 PM,MAX_OPERATING_MW,6.60,
8/15/2026 9:35:00 AM,RTD,CMIN,10LIAN_G02,G,8/15/2026,8/15/2026 11:59:00 PM,MIN_OPERATING_MW,6.60,
8/15/2026 9:35:00 AM,RTD,CMIN,14TANTASOL_G01,G,8/15/2026 9:01:00 AM,8/15/2026 10:00:00 AM,MAX_OPERATING_MW,45,
8/15/2026 9:35:00 AM,RTD,CMIN,14TANTASOL_G01,G,8/15/2026 9:01:00 AM,8/15/2026 10:00:00 AM,MIN_OPERATING_MW,45,
8/15/2026 9:40:00 AM,RTD,CLUZ,01BALWIND_G01,G,8/15/2026 9:11:00 AM,8/16/2026,MAX_OPERATING_MW,50,
8/15/2026 9:40:00 AM,RTD,CLUZ,01BALWIND_G01,G,8/15/2026 9:11:00 AM,8/16/2026,MIN_OPERATING_MW,50,
8/15/2026 9:40:00 AM,RTD,CLUZ,01BARBASOL_G01,G,8/15/2026 9:36:00 AM,8/15/2026 9:40:00 AM,MAX_OPERATING_MW,70.31,
8/15/2026 9:40:00 AM,RTD,CLUZ,01BARBASOL_G01,G,8/15/2026 9:36:00 AM,8/15/2026 9:40:00 AM,MIN_OPERATING_MW,70.31,
8/15/2026 9:40:00 AM,RTD,CLUZ,01BARBASOL_G01,G,8/15/2026 9:41:00 AM,8/15/2026 9:45:00 AM,MAX_OPERATING_MW,71.39,
8/15/2026 9:40:00 AM,RTD,CLUZ,01BARBASOL_G01,G,8/15/2026 9:41:00 AM,8/15/2026 9:45:00 AM,MIN_OPERATING_MW,71.39,
8/15/2026 9:40:00 AM,RTD,CLUZ,01BUGSOL_G01,G,8/15/2026 9:36:00 AM,8/15/2026 9:40:00 AM,MAX_OPERATING_MW,170,
8/15/2026 9:40:00 AM,RTD,CLUZ,01BUGSOL_G01,G,8/15/2026 9:36:00 AM,8/15/2026 9:40:00 AM,MIN_OPERATING_MW,170,
8/15/2026 9:40:00 AM,RTD,CLUZ,01BUGSOL_G01,G,8/15/2026 9:41:00 AM,8/15/2026 9:45:00 AM,MAX_OPERATING_MW,170,
8/15/2026 9:40:00 AM,RTD,CLUZ,01BUGSOL_G01,G,8/15/2026 9:41:00 AM,8/15/2026 9:45:00 AM,MIN_OPERATING_MW,170,
8/15/2026 9:40:00 AM,RTD,CLUZ,01BULACSOL_G01,G,8/15/2026 9:01:00 AM,8/15/2026 10:00:00 AM,MAX_OPERATING_MW,11.37,
8/15/2026 9:40:00 AM,RTD,CLUZ,01BULACSOL_G01,G,8/15/2026 9:01:00 AM,8/15/2026 10:00:00 AM,MIN_OPERATING_MW,11.37,
8/15/2026 9:40:00 AM,RTD,CLUZ,01CONSOL_G01,G,8/15/2026 9:36:00 AM,8/15/2026 9:40:00 AM,MAX_OPERATING_MW,58,
8/15/2026 9:40:00 AM,RTD,CLUZ,01CONSOL_G01,G,8/15/2026 9:36:00 AM,8/15/2026 9:40:00 AM,MIN_OPERATING_MW,58,
8/15/2026 9:40:00 AM,RTD,CLUZ,01CONSOL_G01,G,8/15/2026 9:41:00 AM,8/15/2026 9:45:00 AM,MAX_OPERATING_MW,58.44,
8/15/2026 9:40:00 AM,RTD,CLUZ,01CONSOL_G01,G,8/15/2026 9:41:00 AM,8/15/2026 9:45:00 AM,MIN_OPERATING_MW,58.44,
8/15/2026 9:40:00 AM,RTD,CLUZ,01PASBUSOL_G01,G,8/15/2026 9:01:00 AM,8/15/2026 10:00:00 AM,MAX_OPERATING_MW,31.73,
8/15/2026 9:40:00 AM,RTD,CLUZ,01PASBUSOL_G01,G,8/15/2026 9:01:00 AM,8/15/2026 10:00:00 AM,MIN_OPERATING_MW,31.73,
8/15/2026 9:40:00 AM,RTD,CLUZ,01TERRASOL_G01,G,8/15/2026 6:01:00 AM,8/15/2026 12:00:00 PM,MAX_OPERATING_MW,10,
8/15/2026 9:40:00 AM,RTD,CLUZ,01TERRASOL_G01,G,8/15/2026 6:01:00 AM,8/15/2026 12:00:00 PM,MIN_OPERATING_MW,10,
8/15/2026 9:40:00 AM,RTD,CLUZ,03LUMBSOL_G01,G,8/15/2026 9:36:00 AM,8/15/2026 9:40:00 AM,MAX_OPERATING_MW,1,
8/15/2026 9:40:00 AM,RTD,CLUZ,03LUMBSOL_G01,G,8/15/2026 9:36:00 AM,8/15/2026 9:40:00 AM,MIN_OPERATING_MW,1,
8/15/2026 9:40:00 AM,RTD,CLUZ,03LUMBSOL_G01,G,8/15/2026 9:41:00 AM,8/15/2026 9:45:00 AM,MAX_OPERATING_MW,1,
8/15/2026 9:40:00 AM,RTD,CLUZ,03LUMBSOL_G01,G,8/15/2026 9:41:00 AM,8/15/2026 9:45:00 AM,MIN_OPERATING_MW,1,
8/15/2026 9:40:00 AM,RTD,CLUZ,03LUNSOL_G01,G,8/15/2026 9:36:00 AM,8/15/2026 9:40:00 AM,MAX_OPERATING_MW,32.64,
8/15/2026 9:40:00 AM,RTD,CLUZ,03LUNSOL_G01,G,8/15/2026 9:36:00 AM,8/15/2026 9:40:00 AM,MIN_OPERATING_MW,32.64,
8/15/2026 9:40:00 AM,RTD,CLUZ,03LUNSOL_G01,G,8/15/2026 9:41:00 AM,8/15/2026 9:45:00 AM,MAX_OPERATING_MW,33.12,
8/15/2026 9:40:00 AM,RTD,CLUZ,03LUNSOL_G01,G,8/15/2026 9:41:00 AM,8/15/2026 9:45:00 AM,MIN_OPERATING_MW,33.12,
8/15/2026 9:40:00 AM,RTD,CLUZ,03TANWIND_G01,G,8/15/2026 9:36:00 AM,8/15/2026 9:40:00 AM,MAX_OPERATING_MW,3.40,
8/15/2026 9:40:00 AM,RTD,CLUZ,03TANWIND_G01,G,8/15/2026 9:36:00 AM,8/15/2026 9:40:00 AM,MIN_OPERATING_MW,3.40,
8/15/2026 9:40:00 AM,RTD,CLUZ,03TANWIND_G01,G,8/15/2026 9:41:00 AM,8/15/2026 9:45:00 AM,MAX_OPERATING_MW,3.40,
8/15/2026 9:40:00 AM,RTD,CLUZ,03TANWIND_G01,G,8/15/2026 9:41:00 AM,8/15/2026 9:45:00 AM,MIN_OPERATING_MW,3.40,
8/15/2026 9:40:00 AM,RTD,CVIS,04ISIDROSOL_G01,G,8/15/2026 9:01:00 AM,8/15/2026 10:00:00 AM,MAX_OPERATING_MW,71.50,
8/15/2026 9:40:00 AM,RTD,CVIS,04ISIDROSOL_G01,G,8/15/2026 9:01:00 AM,8/15/2026 10:00:00 AM,MIN_OPERATING_MW,71.50,
8/15/2026 9:40:00 AM,RTD,CVIS,06SLYSOL_G02,G,8/15/2026 9:01:00 AM,8/15/2026 10:00:00 AM,MAX_OPERATING_MW,9.48,
8/15/2026 9:40:00 AM,RTD,CVIS,06SLYSOL_G02,G,8/15/2026 9:01:00 AM,8/15/2026 10:00:00 AM,MIN_OPERATING_MW,9.48,
8/15/2026 9:40:00 AM,RTD,CVIS,06SLYSOL_G03,G,8/15/2026 9:01:00 AM,8/15/2026 10:00:00 AM,MAX_OPERATING_MW,9.49,
8/15/2026 9:40:00 AM,RTD,CVIS,06SLYSOL_G03,G,8/15/2026 9:01:00 AM,8/15/2026 10:00:00 AM,MIN_OPERATING_MW,9.49,
8/15/2026 9:40:00 AM,RTD,CMIN,10IDP1_U07,G,8/15/2026 9:21:00 AM,8/15/2026 12:21:00 PM,MAX_OPERATING_MW,5,
8/15/2026 9:40:00 AM,RTD,CMIN,10IDP1_U07,G,8/15/2026 9:21:00 AM,8/15/2026 12:21:00 PM,MIN_OPERATING_MW,5,
8/15/2026 9:40:00 AM,RTD,CMIN,10LIAN_G02,G,8/15/2026,8/15/2026 11:59:00 PM,MAX_OPERATING_MW,6.60,
8/15/2026 9:40:00 AM,RTD,CMIN,10LIAN_G02,G,8/15/2026,8/15/2026 11:59:00 PM,MIN_OPERATING_MW,6.60,
8/15/2026 9:40:00 AM,RTD,CMIN,14TANTASOL_G01,G,8/15/2026 9:01:00 AM,8/15/2026 10:00:00 AM,MAX_OPERATING_MW,45,
8/15/2026 9:40:00 AM,RTD,CMIN,14TANTASOL_G01,G,8/15/2026 9:01:00 AM,8/15/2026 10:00:00 AM,MIN_OPERATING_MW,45,
8/15/2026 9:45:00 AM,RTD,CLUZ,01BALWIND_G01,G,8/15/2026 9:11:00 AM,8/16/2026,MAX_OPERATING_MW,50,
8/15/2026 9:45:00 AM,RTD,CLUZ,01BALWIND_G01,G,8/15/2026 9:11:00 AM,8/16/2026,MIN_OPERATING_MW,50,
8/15/2026 9:45:00 AM,RTD,CLUZ,01BARBASOL_G01,G,8/15/2026 9:41:00 AM,8/15/2026 9:45:00 AM,MAX_OPERATING_MW,71.39,
8/15/2026 9:45:00 AM,RTD,CLUZ,01BARBASOL_G01,G,8/15/2026 9:41:00 AM,8/15/2026 9:45:00 AM,MIN_OPERATING_MW,71.39,
8/15/2026 9:45:00 AM,RTD,CLUZ,01BARBASOL_G01,G,8/15/2026 9:46:00 AM,8/15/2026 9:50:00 AM,MAX_OPERATING_MW,72.42,
8/15/2026 9:45:00 AM,RTD,CLUZ,01BARBASOL_G01,G,8/15/2026 9:46:00 AM,8/15/2026 9:50:00 AM,MIN_OPERATING_MW,72.42,
8/15/2026 9:45:00 AM,RTD,CLUZ,01BUGSOL_G01,G,8/15/2026 9:41:00 AM,8/15/2026 9:45:00 AM,MAX_OPERATING_MW,170,
8/15/2026 9:45:00 AM,RTD,CLUZ,01BUGSOL_G01,G,8/15/2026 9:41:00 AM,8/15/2026 9:45:00 AM,MIN_OPERATING_MW,170,
8/15/2026 9:45:00 AM,RTD,CLUZ,01BUGSOL_G01,G,8/15/2026 9:46:00 AM,8/15/2026 9:50:00 AM,MAX_OPERATING_MW,170,
8/15/2026 9:45:00 AM,RTD,CLUZ,01BUGSOL_G01,G,8/15/2026 9:46:00 AM,8/15/2026 9:50:00 AM,MIN_OPERATING_MW,170,
8/15/2026 9:45:00 AM,RTD,CLUZ,01BULACSOL_G01,G,8/15/2026 9:01:00 AM,8/15/2026 10:00:00 AM,MAX_OPERATING_MW,11.37,
8/15/2026 9:45:00 AM,RTD,CLUZ,01BULACSOL_G01,G,8/15/2026 9:01:00 AM,8/15/2026 10:00:00 AM,MIN_OPERATING_MW,11.37,
8/15/2026 9:45:00 AM,RTD,CLUZ,01CONSOL_G01,G,8/15/2026 9:41:00 AM,8/15/2026 9:45:00 AM,MAX_OPERATING_MW,58.44,
8/15/2026 9:45:00 AM,RTD,CLUZ,01CONSOL_G01,G,8/15/2026 9:41:00 AM,8/15/2026 9:45:00 AM,MIN_OPERATING_MW,58.44,
8/15/2026 9:45:00 AM,RTD,CLUZ,01CONSOL_G01,G,8/15/2026 9:46:00 AM,8/15/2026 9:50:00 AM,MAX_OPERATING_MW,58.85,
8/15/2026 9:45:00 AM,RTD,CLUZ,01CONSOL_G01,G,8/15/2026 9:46:00 AM,8/15/2026 9:50:00 AM,MIN_OPERATING_MW,58.85,
8/15/2026 9:45:00 AM,RTD,CLUZ,01PASBUSOL_G01,G,8/15/2026 9:01:00 AM,8/15/2026 10:00:00 AM,MAX_OPERATING_MW,31.73,
8/15/2026 9:45:00 AM,RTD,CLUZ,01PASBUSOL_G01,G,8/15/2026 9:01:00 AM,8/15/2026 10:00:00 AM,MIN_OPERATING_MW,31.73,
8/15/2026 9:45:00 AM,RTD,CLUZ,01TERRASOL_G01,G,8/15/2026 6:01:00 AM,8/15/2026 12:00:00 PM,MAX_OPERATING_MW,10,
8/15/2026 9:45:00 AM,RTD,CLUZ,01TERRASOL_G01,G,8/15/2026 6:01:00 AM,8/15/2026 12:00:00 PM,MIN_OPERATING_MW,10,
8/15/2026 9:45:00 AM,RTD,CLUZ,03LUMBSOL_G01,G,8/15/2026 9:41:00 AM,8/15/2026 9:45:00 AM,MAX_OPERATING_MW,1,
8/15/2026 9:45:00 AM,RTD,CLUZ,03LUMBSOL_G01,G,8/15/2026 9:41:00 AM,8/15/2026 9:45:00 AM,MIN_OPERATING_MW,1,
8/15/2026 9:45:00 AM,RTD,CLUZ,03LUMBSOL_G01,G,8/15/2026 9:46:00 AM,8/15/2026 9:50:00 AM,MAX_OPERATING_MW,1,
8/15/2026 9:45:00 AM,RTD,CLUZ,03LUMBSOL_G01,G,8/15/2026 9:46:00 AM,8/15/2026 9:50:00 AM,MIN_OPERATING_MW,1,
8/15/2026 9:45:00 AM,RTD,CLUZ,03LUNSOL_G01,G,8/15/2026 9:41:00 AM,8/15/2026 9:45:00 AM,MAX_OPERATING_MW,33.12,
8/15/2026 9:45:00 AM,RTD,CLUZ,03LUNSOL_G01,G,8/15/2026 9:41:00 AM,8/15/2026 9:45:00 AM,MIN_OPERATING_MW,33.12,
8/15/2026 9:45:00 AM,RTD,CLUZ,03LUNSOL_G01,G,8/15/2026 9:46:00 AM,8/15/2026 9:50:00 AM,MAX_OPERATING_MW,33.58,
8/15/2026 9:45:00 AM,RTD,CLUZ,03LUNSOL_G01,G,8/15/2026 9:46:00 AM,8/15/2026 9:50:00 AM,MIN_OPERATING_MW,33.58,
8/15/2026 9:45:00 AM,RTD,CLUZ,03TANWIND_G01,G,8/15/2026 9:41:00 AM,8/15/2026 9:45:00 AM,MAX_OPERATING_MW,3.40,
8/15/2026 9:45:00 AM,RTD,CLUZ,03TANWIND_G01,G,8/15/2026 9:41:00 AM,8/15/2026 9:45:00 AM,MIN_OPERATING_MW,3.40,
8/15/2026 9:45:00 AM,RTD,CLUZ,03TANWIND_G01,G,8/15/2026 9:46:00 AM,8/15/2026 9:50:00 AM,MAX_OPERATING_MW,3.40,
8/15/2026 9:45:00 AM,RTD,CLUZ,03TANWIND_G01,G,8/15/2026 9:46:00 AM,8/15/2026 9:50:00 AM,MIN_OPERATING_MW,3.40,
8/15/2026 9:45:00 AM,RTD,CVIS,04ISIDROSOL_G01,G,8/15/2026 9:01:00 AM,8/15/2026 10:00:00 AM,MAX_OPERATING_MW,71.50,
8/15/2026 9:45:00 AM,RTD,CVIS,04ISIDROSOL_G01,G,8/15/2026 9:01:00 AM,8/15/2026 10:00:00 AM,MIN_OPERATING_MW,71.50,
8/15/2026 9:45:00 AM,RTD,CVIS,06SLYSOL_G02,G,8/15/2026 9:01:00 AM,8/15/2026 10:00:00 AM,MAX_OPERATING_MW,9.48,
8/15/2026 9:45:00 AM,RTD,CVIS,06SLYSOL_G02,G,8/15/2026 9:01:00 AM,8/15/2026 10:00:00 AM,MIN_OPERATING_MW,9.48,
8/15/2026 9:45:00 AM,RTD,CVIS,06SLYSOL_G03,G,8/15/2026 9:01:00 AM,8/15/2026 10:00:00 AM,MAX_OPERATING_MW,9.49,
8/15/2026 9:45:00 AM,RTD,CVIS,06SLYSOL_G03,G,8/15/2026 9:01:00 AM,8/15/2026 10:00:00 AM,MIN_OPERATING_MW,9.49,
8/15/2026 9:45:00 AM,RTD,CMIN,10IDP1_U07,G,8/15/2026 9:21:00 AM,8/15/2026 12:21:00 PM,MAX_OPERATING_MW,5,
8/15/2026 9:45:00 AM,RTD,CMIN,10IDP1_U07,G,8/15/2026 9:21:00 AM,8/15/2026 12:21:00 PM,MIN_OPERATING_MW,5,
8/15/2026 9:45:00 AM,RTD,CMIN,10LIAN_G02,G,8/15/2026,8/15/2026 11:59:00 PM,MAX_OPERATING_MW,6.60,
8/15/2026 9:45:00 AM,RTD,CMIN,10LIAN_G02,G,8/15/2026,8/15/2026 11:59:00 PM,MIN_OPERATING_MW,6.60,
8/15/2026 9:45:00 AM,RTD,CMIN,14TANTASOL_G01,G,8/15/2026 9:01:00 AM,8/15/2026 10:00:00 AM,MAX_OPERATING_MW,45,
8/15/2026 9:45:00 AM,RTD,CMIN,14TANTASOL_G01,G,8/15/2026 9:01:00 AM,8/15/2026 10:00:00 AM,MIN_OPERATING_MW,45,
8/15/2026 9:50:00 AM,RTD,CLUZ,01BALWIND_G01,G,8/15/2026 9:11:00 AM,8/16/2026,MAX_OPERATING_MW,50,
8/15/2026 9:50:00 AM,RTD,CLUZ,01BALWIND_G01,G,8/15/2026 9:11:00 AM,8/16/2026,MIN_OPERATING_MW,50,
8/15/2026 9:50:00 AM,RTD,CLUZ,01BARBASOL_G01,G,8/15/2026 9:46:00 AM,8/15/2026 9:50:00 AM,MAX_OPERATING_MW,72.42,
8/15/2026 9:50:00 AM,RTD,CLUZ,01BARBASOL_G01,G,8/15/2026 9:46:00 AM,8/15/2026 9:50:00 AM,MIN_OPERATING_MW,72.42,
8/15/2026 9:50:00 AM,RTD,CLUZ,01BARBASOL_G01,G,8/15/2026 9:51:00 AM,8/15/2026 9:55:00 AM,MAX_OPERATING_MW,73.40,
8/15/2026 9:50:00 AM,RTD,CLUZ,01BARBASOL_G01,G,8/15/2026 9:51:00 AM,8/15/2026 9:55:00 AM,MIN_OPERATING_MW,73.40,
8/15/2026 9:50:00 AM,RTD,CLUZ,01BUGSOL_G01,G,8/15/2026 9:46:00 AM,8/15/2026 9:50:00 AM,MAX_OPERATING_MW,170,
8/15/2026 9:50:00 AM,RTD,CLUZ,01BUGSOL_G01,G,8/15/2026 9:46:00 AM,8/15/2026 9:50:00 AM,MIN_OPERATING_MW,170,
8/15/2026 9:50:00 AM,RTD,CLUZ,01BUGSOL_G01,G,8/15/2026 9:51:00 AM,8/15/2026 9:55:00 AM,MAX_OPERATING_MW,170,
8/15/2026 9:50:00 AM,RTD,CLUZ,01BUGSOL_G01,G,8/15/2026 9:51:00 AM,8/15/2026 9:55:00 AM,MIN_OPERATING_MW,170,
8/15/2026 9:50:00 AM,RTD,CLUZ,01BULACSOL_G01,G,8/15/2026 9:01:00 AM,8/15/2026 10:00:00 AM,MAX_OPERATING_MW,11.37,
8/15/2026 9:50:00 AM,RTD,CLUZ,01BULACSOL_G01,G,8/15/2026 9:01:00 AM,8/15/2026 10:00:00 AM,MIN_OPERATING_MW,11.37,
8/15/2026 9:50:00 AM,RTD,CLUZ,01CONSOL_G01,G,8/15/2026 9:46:00 AM,8/15/2026 9:50:00 AM,MAX_OPERATING_MW,58.85,
8/15/2026 9:50:00 AM,RTD,CLUZ,01CONSOL_G01,G,8/15/2026 9:46:00 AM,8/15/2026 9:50:00 AM,MIN_OPERATING_MW,58.85,
8/15/2026 9:50:00 AM,RTD,CLUZ,01CONSOL_G01,G,8/15/2026 9:51:00 AM,8/15/2026 9:55:00 AM,MAX_OPERATING_MW,59.24,
8/15/2026 9:50:00 AM,RTD,CLUZ,01CONSOL_G01,G,8/15/2026 9:51:00 AM,8/15/2026 9:55:00 AM,MIN_OPERATING_MW,59.24,
8/15/2026 9:50:00 AM,RTD,CLUZ,01PASBUSOL_G01,G,8/15/2026 9:01:00 AM,8/15/2026 10:00:00 AM,MAX_OPERATING_MW,31.73,
8/15/2026 9:50:00 AM,RTD,CLUZ,01PASBUSOL_G01,G,8/15/2026 9:01:00 AM,8/15/2026 10:00:00 AM,MIN_OPERATING_MW,31.73,
8/15/2026 9:50:00 AM,RTD,CLUZ,01TERRASOL_G01,G,8/15/2026 6:01:00 AM,8/15/2026 12:00:00 PM,MAX_OPERATING_MW,10,
8/15/2026 9:50:00 AM,RTD,CLUZ,01TERRASOL_G01,G,8/15/2026 6:01:00 AM,8/15/2026 12:00:00 PM,MIN_OPERATING_MW,10,
8/15/2026 9:50:00 AM,RTD,CLUZ,03LUMBSOL_G01,G,8/15/2026 9:46:00 AM,8/15/2026 9:50:00 AM,MAX_OPERATING_MW,1,
8/15/2026 9:50:00 AM,RTD,CLUZ,03LUMBSOL_G01,G,8/15/2026 9:46:00 AM,8/15/2026 9:50:00 AM,MIN_OPERATING_MW,1,
8/15/2026 9:50:00 AM,RTD,CLUZ,03LUMBSOL_G01,G,8/15/2026 9:51:00 AM,8/15/2026 9:55:00 AM,MAX_OPERATING_MW,1,
8/15/2026 9:50:00 AM,RTD,CLUZ,03LUMBSOL_G01,G,8/15/2026 9:51:00 AM,8/15/2026 9:55:00 AM,MIN_OPERATING_MW,1,
8/15/2026 9:50:00 AM,RTD,CLUZ,03LUNSOL_G01,G,8/15/2026 9:46:00 AM,8/15/2026 9:50:00 AM,MAX_OPERATING_MW,33.58,
8/15/2026 9:50:00 AM,RTD,CLUZ,03LUNSOL_G01,G,8/15/2026 9:46:00 AM,8/15/2026 9:50:00 AM,MIN_OPERATING_MW,33.58,
8/15/2026 9:50:00 AM,RTD,CLUZ,03LUNSOL_G01,G,8/15/2026 9:51:00 AM,8/15/2026 9:55:00 AM,MAX_OPERATING_MW,34.01,
8/15/2026 9:50:00 AM,RTD,CLUZ,03LUNSOL_G01,G,8/15/2026 9:51:00 AM,8/15/2026 9:55:00 AM,MIN_OPERATING_MW,34.01,
8/15/2026 9:50:00 AM,RTD,CLUZ,03TANWIND_G01,G,8/15/2026 9:46:00 AM,8/15/2026 9:50:00 AM,MAX_OPERATING_MW,3.40,
8/15/2026 9:50:00 AM,RTD,CLUZ,03TANWIND_G01,G,8/15/2026 9:46:00 AM,8/15/2026 9:50:00 AM,MIN_OPERATING_MW,3.40,
8/15/2026 9:50:00 AM,RTD,CLUZ,03TANWIND_G01,G,8/15/2026 9:51:00 AM,8/15/2026 9:55:00 AM,MAX_OPERATING_MW,3.40,
8/15/2026 9:50:00 AM,RTD,CLUZ,03TANWIND_G01,G,8/15/2026 9:51:00 AM,8/15/2026 9:55:00 AM,MIN_OPERATING_MW,3.40,
8/15/2026 9:50:00 AM,RTD,CVIS,04ISIDROSOL_G01,G,8/15/2026 9:01:00 AM,8/15/2026 10:00:00 AM,MAX_OPERATING_MW,71.50,
8/15/2026 9:50:00 AM,RTD,CVIS,04ISIDROSOL_G01,G,8/15/2026 9:01:00 AM,8/15/2026 10:00:00 AM,MIN_OPERATING_MW,71.50,
8/15/2026 9:50:00 AM,RTD,CVIS,06SLYSOL_G02,G,8/15/2026 9:01:00 AM,8/15/2026 10:00:00 AM,MAX_OPERATING_MW,9.48,
8/15/2026 9:50:00 AM,RTD,CVIS,06SLYSOL_G02,G,8/15/2026 9:01:00 AM,8/15/2026 10:00:00 AM,MIN_OPERATING_MW,9.48,
8/15/2026 9:50:00 AM,RTD,CVIS,06SLYSOL_G03,G,8/15/2026 9:01:00 AM,8/15/2026 10:00:00 AM,MAX_OPERATING_MW,9.49,
8/15/2026 9:50:00 AM,RTD,CVIS,06SLYSOL_G03,G,8/15/2026 9:01:00 AM,8/15/2026 10:00:00 AM,MIN_OPERATING_MW,9.49,
8/15/2026 9:50:00 AM,RTD,CMIN,10IDP1_U07,G,8/15/2026 9:21:00 AM,8/15/2026 12:21:00 PM,MAX_OPERATING_MW,5,
8/15/2026 9:50:00 AM,RTD,CMIN,10IDP1_U07,G,8/15/2026 9:21:00 AM,8/15/2026 12:21:00 PM,MIN_OPERATING_MW,5,
8/15/2026 9:50:00 AM,RTD,CMIN,10LIAN_G02,G,8/15/2026,8/15/2026 11:59:00 PM,MAX_OPERATING_MW,6.60,
8/15/2026 9:50:00 AM,RTD,CMIN,10LIAN_G02,G,8/15/2026,8/15/2026 11:59:00 PM,MIN_OPERATING_MW,6.60,
8/15/2026 9:50:00 AM,RTD,CMIN,14TANTASOL_G01,G,8/15/2026 9:01:00 AM,8/15/2026 10:00:00 AM,MAX_OPERATING_MW,45,
8/15/2026 9:50:00 AM,RTD,CMIN,14TANTASOL_G01,G,8/15/2026 9:01:00 AM,8/15/2026 10:00:00 AM,MIN_OPERATING_MW,45,
8/15/2026 9:55:00 AM,RTD,CLUZ,01BALWIND_G01,G,8/15/2026 9:11:00 AM,8/16/2026,MAX_OPERATING_MW,50,
8/15/2026 9:55:00 AM,RTD,CLUZ,01BALWIND_G01,G,8/15/2026 9:11:00 AM,8/16/2026,MIN_OPERATING_MW,50,
8/15/2026 9:55:00 AM,RTD,CLUZ,01BARBASOL_G01,G,8/15/2026 9:51:00 AM,8/15/2026 9:55:00 AM,MAX_OPERATING_MW,73.40,
8/15/2026 9:55:00 AM,RTD,CLUZ,01BARBASOL_G01,G,8/15/2026 9:51:00 AM,8/15/2026 9:55:00 AM,MIN_OPERATING_MW,73.40,
8/15/2026 9:55:00 AM,RTD,CLUZ,01BARBASOL_G01,G,8/15/2026 9:56:00 AM,8/15/2026 10:00:00 AM,MAX_OPERATING_MW,74.35,
8/15/2026 9:55:00 AM,RTD,CLUZ,01BARBASOL_G01,G,8/15/2026 9:56:00 AM,8/15/2026 10:00:00 AM,MIN_OPERATING_MW,74.35,
8/15/2026 9:55:00 AM,RTD,CLUZ,01BUGSOL_G01,G,8/15/2026 9:51:00 AM,8/15/2026 9:55:00 AM,MAX_OPERATING_MW,170,
8/15/2026 9:55:00 AM,RTD,CLUZ,01BUGSOL_G01,G,8/15/2026 9:51:00 AM,8/15/2026 9:55:00 AM,MIN_OPERATING_MW,170,
8/15/2026 9:55:00 AM,RTD,CLUZ,01BUGSOL_G01,G,8/15/2026 9:56:00 AM,8/15/2026 10:00:00 AM,MAX_OPERATING_MW,170,
8/15/2026 9:55:00 AM,RTD,CLUZ,01BUGSOL_G01,G,8/15/2026 9:56:00 AM,8/15/2026 10:00:00 AM,MIN_OPERATING_MW,170,
8/15/2026 9:55:00 AM,RTD,CLUZ,01BULACSOL_G01,G,8/15/2026 9:01:00 AM,8/15/2026 10:00:00 AM,MAX_OPERATING_MW,11.37,
8/15/2026 9:55:00 AM,RTD,CLUZ,01BULACSOL_G01,G,8/15/2026 9:01:00 AM,8/15/2026 10:00:00 AM,MIN_OPERATING_MW,11.37,
8/15/2026 9:55:00 AM,RTD,CLUZ,01CONSOL_G01,G,8/15/2026 9:51:00 AM,8/15/2026 9:55:00 AM,MAX_OPERATING_MW,59.24,
8/15/2026 9:55:00 AM,RTD,CLUZ,01CONSOL_G01,G,8/15/2026 9:51:00 AM,8/15/2026 9:55:00 AM,MIN_OPERATING_MW,59.24,
8/15/2026 9:55:00 AM,RTD,CLUZ,01CONSOL_G01,G,8/15/2026 9:56:00 AM,8/15/2026 10:00:00 AM,MAX_OPERATING_MW,59.60,
8/15/2026 9:55:00 AM,RTD,CLUZ,01CONSOL_G01,G,8/15/2026 9:56:00 AM,8/15/2026 10:00:00 AM,MIN_OPERATING_MW,59.60,
8/15/2026 9:55:00 AM,RTD,CLUZ,01PASBUSOL_G01,G,8/15/2026 9:01:00 AM,8/15/2026 10:00:00 AM,MAX_OPERATING_MW,31.73,
8/15/2026 9:55:00 AM,RTD,CLUZ,01PASBUSOL_G01,G,8/15/2026 9:01:00 AM,8/15/2026 10:00:00 AM,MIN_OPERATING_MW,31.73,
8/15/2026 9:55:00 AM,RTD,CLUZ,01TERRASOL_G01,G,8/15/2026 6:01:00 AM,8/15/2026 12:00:00 PM,MAX_OPERATING_MW,10,
8/15/2026 9:55:00 AM,RTD,CLUZ,01TERRASOL_G01,G,8/15/2026 6:01:00 AM,8/15/2026 12:00:00 PM,MIN_OPERATING_MW,10,
8/15/2026 9:55:00 AM,RTD,CLUZ,03LUMBSOL_G01,G,8/15/2026 9:51:00 AM,8/15/2026 9:55:00 AM,MAX_OPERATING_MW,1,
8/15/2026 9:55:00 AM,RTD,CLUZ,03LUMBSOL_G01,G,8/15/2026 9:51:00 AM,8/15/2026 9:55:00 AM,MIN_OPERATING_MW,1,
8/15/2026 9:55:00 AM,RTD,CLUZ,03LUMBSOL_G01,G,8/15/2026 9:56:00 AM,8/15/2026 10:00:00 AM,MAX_OPERATING_MW,1,
8/15/2026 9:55:00 AM,RTD,CLUZ,03LUMBSOL_G01,G,8/15/2026 9:56:00 AM,8/15/2026 10:00:00 AM,MIN_OPERATING_MW,1,
8/15/2026 9:55:00 AM,RTD,CLUZ,03LUNSOL_G01,G,8/15/2026 9:51:00 AM,8/15/2026 9:55:00 AM,MAX_OPERATING_MW,34.01,
8/15/2026 9:55:00 AM,RTD,CLUZ,03LUNSOL_G01,G,8/15/2026 9:51:00 AM,8/15/2026 9:55:00 AM,MIN_OPERATING_MW,34.01,
8/15/2026 9:55:00 AM,RTD,CLUZ,03LUNSOL_G01,G,8/15/2026 9:56:00 AM,8/15/2026 10:00:00 AM,MAX_OPERATING_MW,34.40,
8/15/2026 9:55:00 AM,RTD,CLUZ,03LUNSOL_G01,G,8/15/2026 9:56:00 AM,8/15/2026 10:00:00 AM,MIN_OPERATING_MW,34.40,
8/15/2026 9:55:00 AM,RTD,CLUZ,03TANWIND_G01,G,8/15/2026 9:51:00 AM,8/15/2026 9:55:00 AM,MAX_OPERATING_MW,3.40,
8/15/2026 9:55:00 AM,RTD,CLUZ,03TANWIND_G01,G,8/15/2026 9:51:00 AM,8/15/2026 9:55:00 AM,MIN_OPERATING_MW,3.40,
8/15/2026 9:55:00 AM,RTD,CLUZ,03TANWIND_G01,G,8/15/2026 9:56:00 AM,8/15/2026 10:00:00 AM,MAX_OPERATING_MW,3.40,
8/15/2026 9:55:00 AM,RTD,CLUZ,03TANWIND_G01,G,8/15/2026 9:56:00 AM,8/15/2026 10:00:00 AM,MIN_OPERATING_MW,3.40,
8/15/2026 9:55:00 AM,RTD,CVIS,04ISIDROSOL_G01,G,8/15/2026 9:01:00 AM,8/15/2026 10:00:00 AM,MAX_OPERATING_MW,71.50,
8/15/2026 9:55:00 AM,RTD,CVIS,04ISIDROSOL_G01,G,8/15/2026 9:01:00 AM,8/15/2026 10:00:00 AM,MIN_OPERATING_MW,71.50,
8/15/2026 9:55:00 AM,RTD,CVIS,06SLYSOL_G02,G,8/15/2026 9:01:00 AM,8/15/2026 10:00:00 AM,MAX_OPERATING_MW,9.48,
8/15/2026 9:55:00 AM,RTD,CVIS,06SLYSOL_G02,G,8/15/2026 9:01:00 AM,8/15/2026 10:00:00 AM,MIN_OPERATING_MW,9.48,
8/15/2026 9:55:00 AM,RTD,CVIS,06SLYSOL_G03,G,8/15/2026 9:01:00 AM,8/15/2026 10:00:00 AM,MAX_OPERATING_MW,9.49,
8/15/2026 9:55:00 AM,RTD,CVIS,06SLYSOL_G03,G,8/15/2026 9:01:00 AM,8/15/2026 10:00:00 AM,MIN_OPERATING_MW,9.49,
8/15/2026 9:55:00 AM,RTD,CMIN,10IDP1_U07,G,8/15/2026 9:21:00 AM,8/15/2026 12:21:00 PM,MAX_OPERATING_MW,5,
8/15/2026 9:55:00 AM,RTD,CMIN,10IDP1_U07,G,8/15/2026 9:21:00 AM,8/15/2026 12:21:00 PM,MIN_OPERATING_MW,5,
8/15/2026 9:55:00 AM,RTD,CMIN,10LIAN_G02,G,8/15/2026,8/15/2026 11:59:00 PM,MAX_OPERATING_MW,6.60,
8/15/2026 9:55:00 AM,RTD,CMIN,10LIAN_G02,G,8/15/2026,8/15/2026 11:59:00 PM,MIN_OPERATING_MW,6.60,
8/15/2026 9:55:00 AM,RTD,CMIN,14TANTASOL_G01,G,8/15/2026 9:01:00 AM,8/15/2026 10:00:00 AM,MAX_OPERATING_MW,45,
8/15/2026 9:55:00 AM,RTD,CMIN,14TANTASOL_G01,G,8/15/2026 9:01:00 AM,8/15/2026 10:00:00 AM,MIN_OPERATING_MW,45,
8/15/2026 10:00:00 AM,RTD,CLUZ,01BALWIND_G01,G,8/15/2026 9:11:00 AM,8/16/2026,MAX_OPERATING_MW,50,
8/15/2026 10:00:00 AM,RTD,CLUZ,01BALWIND_G01,G,8/15/2026 9:11:00 AM,8/16/2026,MIN_OPERATING_MW,50,
8/15/2026 10:00:00 AM,RTD,CLUZ,01BARBASOL_G01,G,8/15/2026 9:56:00 AM,8/15/2026 10:00:00 AM,MAX_OPERATING_MW,74.35,
8/15/2026 10:00:00 AM,RTD,CLUZ,01BARBASOL_G01,G,8/15/2026 9:56:00 AM,8/15/2026 10:00:00 AM,MIN_OPERATING_MW,74.35,
8/15/2026 10:00:00 AM,RTD,CLUZ,01BARBASOL_G01,G,8/15/2026 10:01:00 AM,8/15/2026 10:05:00 AM,MAX_OPERATING_MW,75.25,
8/15/2026 10:00:00 AM,RTD,CLUZ,01BARBASOL_G01,G,8/15/2026 10:01:00 AM,8/15/2026 10:05:00 AM,MIN_OPERATING_MW,75.25,
8/15/2026 10:00:00 AM,RTD,CLUZ,01BUGSOL_G01,G,8/15/2026 9:56:00 AM,8/15/2026 10:00:00 AM,MAX_OPERATING_MW,170,
8/15/2026 10:00:00 AM,RTD,CLUZ,01BUGSOL_G01,G,8/15/2026 9:56:00 AM,8/15/2026 10:00:00 AM,MIN_OPERATING_MW,170,
8/15/2026 10:00:00 AM,RTD,CLUZ,01BUGSOL_G01,G,8/15/2026 10:01:00 AM,8/15/2026 10:05:00 AM,MAX_OPERATING_MW,170,
8/15/2026 10:00:00 AM,RTD,CLUZ,01BUGSOL_G01,G,8/15/2026 10:01:00 AM,8/15/2026 10:05:00 AM,MIN_OPERATING_MW,170,
8/15/2026 10:00:00 AM,RTD,CLUZ,01BULACSOL_G01,G,8/15/2026 9:01:00 AM,8/15/2026 10:00:00 AM,MAX_OPERATING_MW,11.37,
8/15/2026 10:00:00 AM,RTD,CLUZ,01BULACSOL_G01,G,8/15/2026 9:01:00 AM,8/15/2026 10:00:00 AM,MIN_OPERATING_MW,11.37,
8/15/2026 10:00:00 AM,RTD,CLUZ,01BULACSOL_G01,G,8/15/2026 10:01:00 AM,8/15/2026 11:00:00 AM,MAX_OPERATING_MW,13.72,
8/15/2026 10:00:00 AM,RTD,CLUZ,01BULACSOL_G01,G,8/15/2026 10:01:00 AM,8/15/2026 11:00:00 AM,MIN_OPERATING_MW,13.72,
8/15/2026 10:00:00 AM,RTD,CLUZ,01CONSOL_G01,G,8/15/2026 9:56:00 AM,8/15/2026 10:00:00 AM,MAX_OPERATING_MW,59.60,
8/15/2026 10:00:00 AM,RTD,CLUZ,01CONSOL_G01,G,8/15/2026 9:56:00 AM,8/15/2026 10:00:00 AM,MIN_OPERATING_MW,59.60,
8/15/2026 10:00:00 AM,RTD,CLUZ,01CONSOL_G01,G,8/15/2026 10:01:00 AM,8/15/2026 10:05:00 AM,MAX_OPERATING_MW,60.07,
8/15/2026 10:00:00 AM,RTD,CLUZ,01CONSOL_G01,G,8/15/2026 10:01:00 AM,8/15/2026 10:05:00 AM,MIN_OPERATING_MW,60.07,
8/15/2026 10:00:00 AM,RTD,CLUZ,01PASBUSOL_G01,G,8/15/2026 9:01:00 AM,8/15/2026 10:00:00 AM,MAX_OPERATING_MW,31.73,
8/15/2026 10:00:00 AM,RTD,CLUZ,01PASBUSOL_G01,G,8/15/2026 9:01:00 AM,8/15/2026 10:00:00 AM,MIN_OPERATING_MW,31.73,
8/15/2026 10:00:00 AM,RTD,CLUZ,01PASBUSOL_G01,G,8/15/2026 10:01:00 AM,8/15/2026 11:00:00 AM,MAX_OPERATING_MW,37.43,
8/15/2026 10:00:00 AM,RTD,CLUZ,01PASBUSOL_G01,G,8/15/2026 10:01:00 AM,8/15/2026 11:00:00 AM,MIN_OPERATING_MW,37.43,
8/15/2026 10:00:00 AM,RTD,CLUZ,01TERRASOL_G01,G,8/15/2026 6:01:00 AM,8/15/2026 12:00:00 PM,MAX_OPERATING_MW,10,
8/15/2026 10:00:00 AM,RTD,CLUZ,01TERRASOL_G01,G,8/15/2026 6:01:00 AM,8/15/2026 12:00:00 PM,MIN_OPERATING_MW,10,
8/15/2026 10:00:00 AM,RTD,CLUZ,03LUMBSOL_G01,G,8/15/2026 9:56:00 AM,8/15/2026 10:00:00 AM,MAX_OPERATING_MW,1,
8/15/2026 10:00:00 AM,RTD,CLUZ,03LUMBSOL_G01,G,8/15/2026 9:56:00 AM,8/15/2026 10:00:00 AM,MIN_OPERATING_MW,1,
8/15/2026 10:00:00 AM,RTD,CLUZ,03LUMBSOL_G01,G,8/15/2026 10:01:00 AM,8/15/2026 10:05:00 AM,MAX_OPERATING_MW,10,
8/15/2026 10:00:00 AM,RTD,CLUZ,03LUMBSOL_G01,G,8/15/2026 10:01:00 AM,8/15/2026 10:05:00 AM,MIN_OPERATING_MW,10,
8/15/2026 10:00:00 AM,RTD,CLUZ,03LUNSOL_G01,G,8/15/2026 9:56:00 AM,8/15/2026 10:00:00 AM,MAX_OPERATING_MW,34.40,
8/15/2026 10:00:00 AM,RTD,CLUZ,03LUNSOL_G01,G,8/15/2026 9:56:00 AM,8/15/2026 10:00:00 AM,MIN_OPERATING_MW,34.40,
8/15/2026 10:00:00 AM,RTD,CLUZ,03LUNSOL_G01,G,8/15/2026 10:01:00 AM,8/15/2026 10:05:00 AM,MAX_OPERATING_MW,34.76,
8/15/2026 10:00:00 AM,RTD,CLUZ,03LUNSOL_G01,G,8/15/2026 10:01:00 AM,8/15/2026 10:05:00 AM,MIN_OPERATING_MW,34.76,
8/15/2026 10:00:00 AM,RTD,CLUZ,03TANWIND_G01,G,8/15/2026 9:56:00 AM,8/15/2026 10:00:00 AM,MAX_OPERATING_MW,3.40,
8/15/2026 10:00:00 AM,RTD,CLUZ,03TANWIND_G01,G,8/15/2026 9:56:00 AM,8/15/2026 10:00:00 AM,MIN_OPERATING_MW,3.40,
8/15/2026 10:00:00 AM,RTD,CLUZ,03TANWIND_G01,G,8/15/2026 10:01:00 AM,8/15/2026 10:05:00 AM,MAX_OPERATING_MW,4.20,
8/15/2026 10:00:00 AM,RTD,CLUZ,03TANWIND_G01,G,8/15/2026 10:01:00 AM,8/15/2026 10:05:00 AM,MIN_OPERATING_MW,4.20,
8/15/2026 10:00:00 AM,RTD,CVIS,04ISIDROSOL_G01,G,8/15/2026 9:01:00 AM,8/15/2026 10:00:00 AM,MAX_OPERATING_MW,71.50,
8/15/2026 10:00:00 AM,RTD,CVIS,04ISIDROSOL_G01,G,8/15/2026 9:01:00 AM,8/15/2026 10:00:00 AM,MIN_OPERATING_MW,71.50,
8/15/2026 10:00:00 AM,RTD,CVIS,04ISIDROSOL_G01,G,8/15/2026 10:01:00 AM,8/15/2026 11:00:00 AM,MAX_OPERATING_MW,85.10,
8/15/2026 10:00:00 AM,RTD,CVIS,04ISIDROSOL_G01,G,8/15/2026 10:01:00 AM,8/15/2026 11:00:00 AM,MIN_OPERATING_MW,85.10,
8/15/2026 10:00:00 AM,RTD,CVIS,06SLYSOL_G02,G,8/15/2026 9:01:00 AM,8/15/2026 10:00:00 AM,MAX_OPERATING_MW,9.48,
8/15/2026 10:00:00 AM,RTD,CVIS,06SLYSOL_G02,G,8/15/2026 9:01:00 AM,8/15/2026 10:00:00 AM,MIN_OPERATING_MW,9.48,
8/15/2026 10:00:00 AM,RTD,CVIS,06SLYSOL_G02,G,8/15/2026 10:01:00 AM,8/15/2026 11:00:00 AM,MAX_OPERATING_MW,9.52,
8/15/2026 10:00:00 AM,RTD,CVIS,06SLYSOL_G02,G,8/15/2026 10:01:00 AM,8/15/2026 11:00:00 AM,MIN_OPERATING_MW,9.52,
8/15/2026 10:00:00 AM,RTD,CVIS,06SLYSOL_G03,G,8/15/2026 9:01:00 AM,8/15/2026 10:00:00 AM,MAX_OPERATING_MW,9.49,
8/15/2026 10:00:00 AM,RTD,CVIS,06SLYSOL_G03,G,8/15/2026 9:01:00 AM,8/15/2026 10:00:00 AM,MIN_OPERATING_MW,9.49,
8/15/2026 10:00:00 AM,RTD,CVIS,06SLYSOL_G03,G,8/15/2026 10:01:00 AM,8/15/2026 11:00:00 AM,MAX_OPERATING_MW,9.43,
8/15/2026 10:00:00 AM,RTD,CVIS,06SLYSOL_G03,G,8/15/2026 10:01:00 AM,8/15/2026 11:00:00 AM,MIN_OPERATING_MW,9.43,
8/15/2026 10:00:00 AM,RTD,CMIN,10IDP1_U07,G,8/15/2026 9:21:00 AM,8/15/2026 12:21:00 PM,MAX_OPERATING_MW,5,
8/15/2026 10:00:00 AM,RTD,CMIN,10IDP1_U07,G,8/15/2026 9:21:00 AM,8/15/2026 12:21:00 PM,MIN_OPERATING_MW,5,
8/15/2026 10:00:00 AM,RTD,CMIN,10LIAN_G02,G,8/15/2026,8/15/2026 11:59:00 PM,MAX_OPERATING_MW,6.60,
8/15/2026 10:00:00 AM,RTD,CMIN,10LIAN_G02,G,8/15/2026,8/15/2026 11:59:00 PM,MIN_OPERATING_MW,6.60,
8/15/2026 10:00:00 AM,RTD,CMIN,14TANTASOL_G01,G,8/15/2026 9:01:00 AM,8/15/2026 10:00:00 AM,MAX_OPERATING_MW,45,
8/15/2026 10:00:00 AM,RTD,CMIN,14TANTASOL_G01,G,8/15/2026 9:01:00 AM,8/15/2026 10:00:00 AM,MIN_OPERATING_MW,45,
8/15/2026 10:00:00 AM,RTD,CMIN,14TANTASOL_G01,G,8/15/2026 10:01:00 AM,8/15/2026 11:00:00 AM,MAX_OPERATING_MW,50,
8/15/2026 10:00:00 AM,RTD,CMIN,14TANTASOL_G01,G,8/15/2026 10:01:00 AM,8/15/2026 11:00:00 AM,MIN_OPERATING_MW,50,
8/15/2026 10:05:00 AM,RTD,CLUZ,01BALWIND_G01,G,8/15/2026 9:11:00 AM,8/16/2026,MAX_OPERATING_MW,50,
8/15/2026 10:05:00 AM,RTD,CLUZ,01BALWIND_G01,G,8/15/2026 9:11:00 AM,8/16/2026,MIN_OPERATING_MW,50,
8/15/2026 10:05:00 AM,RTD,CLUZ,01BARBASOL_G01,G,8/15/2026 10:01:00 AM,8/15/2026 10:05:00 AM,MAX_OPERATING_MW,75.25,
8/15/2026 10:05:00 AM,RTD,CLUZ,01BARBASOL_G01,G,8/15/2026 10:01:00 AM,8/15/2026 10:05:00 AM,MIN_OPERATING_MW,75.25,
8/15/2026 10:05:00 AM,RTD,CLUZ,01BARBASOL_G01,G,8/15/2026 10:06:00 AM,8/15/2026 10:10:00 AM,MAX_OPERATING_MW,76.13,
8/15/2026 10:05:00 AM,RTD,CLUZ,01BARBASOL_G01,G,8/15/2026 10:06:00 AM,8/15/2026 10:10:00 AM,MIN_OPERATING_MW,76.13,
8/15/2026 10:05:00 AM,RTD,CLUZ,01BUGSOL_G01,G,8/15/2026 10:01:00 AM,8/15/2026 10:05:00 AM,MAX_OPERATING_MW,170,
8/15/2026 10:05:00 AM,RTD,CLUZ,01BUGSOL_G01,G,8/15/2026 10:01:00 AM,8/15/2026 10:05:00 AM,MIN_OPERATING_MW,170,
8/15/2026 10:05:00 AM,RTD,CLUZ,01BUGSOL_G01,G,8/15/2026 10:06:00 AM,8/15/2026 10:10:00 AM,MAX_OPERATING_MW,150,
8/15/2026 10:05:00 AM,RTD,CLUZ,01BUGSOL_G01,G,8/15/2026 10:06:00 AM,8/15/2026 10:10:00 AM,MIN_OPERATING_MW,150,
8/15/2026 10:05:00 AM,RTD,CLUZ,01BULACSOL_G01,G,8/15/2026 10:01:00 AM,8/15/2026 11:00:00 AM,MAX_OPERATING_MW,13.72,
8/15/2026 10:05:00 AM,RTD,CLUZ,01BULACSOL_G01,G,8/15/2026 10:01:00 AM,8/15/2026 11:00:00 AM,MIN_OPERATING_MW,13.72,
8/15/2026 10:05:00 AM,RTD,CLUZ,01CONSOL_G01,G,8/15/2026 10:01:00 AM,8/15/2026 10:05:00 AM,MAX_OPERATING_MW,60.07,
8/15/2026 10:05:00 AM,RTD,CLUZ,01CONSOL_G01,G,8/15/2026 10:01:00 AM,8/15/2026 10:05:00 AM,MIN_OPERATING_MW,60.07,
8/15/2026 10:05:00 AM,RTD,CLUZ,01CONSOL_G01,G,8/15/2026 10:06:00 AM,8/15/2026 10:10:00 AM,MAX_OPERATING_MW,60.65,
8/15/2026 10:05:00 AM,RTD,CLUZ,01CONSOL_G01,G,8/15/2026 10:06:00 AM,8/15/2026 10:10:00 AM,MIN_OPERATING_MW,60.65,
8/15/2026 10:05:00 AM,RTD,CLUZ,01PASBUSOL_G01,G,8/15/2026 10:01:00 AM,8/15/2026 11:00:00 AM,MAX_OPERATING_MW,37.43,
8/15/2026 10:05:00 AM,RTD,CLUZ,01PASBUSOL_G01,G,8/15/2026 10:01:00 AM,8/15/2026 11:00:00 AM,MIN_OPERATING_MW,37.43,
8/15/2026 10:05:00 AM,RTD,CLUZ,01TERRASOL_G01,G,8/15/2026 6:01:00 AM,8/15/2026 12:00:00 PM,MAX_OPERATING_MW,10,
8/15/2026 10:05:00 AM,RTD,CLUZ,01TERRASOL_G01,G,8/15/2026 6:01:00 AM,8/15/2026 12:00:00 PM,MIN_OPERATING_MW,10,
8/15/2026 10:05:00 AM,RTD,CLUZ,03LUMBSOL_G01,G,8/15/2026 10:01:00 AM,8/15/2026 10:05:00 AM,MAX_OPERATING_MW,10,
8/15/2026 10:05:00 AM,RTD,CLUZ,03LUMBSOL_G01,G,8/15/2026 10:01:00 AM,8/15/2026 10:05:00 AM,MIN_OPERATING_MW,10,
8/15/2026 10:05:00 AM,RTD,CLUZ,03LUMBSOL_G01,G,8/15/2026 10:06:00 AM,8/15/2026 10:10:00 AM,MAX_OPERATING_MW,10,
8/15/2026 10:05:00 AM,RTD,CLUZ,03LUMBSOL_G01,G,8/15/2026 10:06:00 AM,8/15/2026 10:10:00 AM,MIN_OPERATING_MW,10,
8/15/2026 10:05:00 AM,RTD,CLUZ,03LUNSOL_G01,G,8/15/2026 10:01:00 AM,8/15/2026 10:05:00 AM,MAX_OPERATING_MW,34.76,
8/15/2026 10:05:00 AM,RTD,CLUZ,03LUNSOL_G01,G,8/15/2026 10:01:00 AM,8/15/2026 10:05:00 AM,MIN_OPERATING_MW,34.76,
8/15/2026 10:05:00 AM,RTD,CLUZ,03LUNSOL_G01,G,8/15/2026 10:06:00 AM,8/15/2026 10:10:00 AM,MAX_OPERATING_MW,35.10,
8/15/2026 10:05:00 AM,RTD,CLUZ,03LUNSOL_G01,G,8/15/2026 10:06:00 AM,8/15/2026 10:10:00 AM,MIN_OPERATING_MW,35.10,
8/15/2026 10:05:00 AM,RTD,CLUZ,03TANWIND_G01,G,8/15/2026 10:01:00 AM,8/15/2026 10:05:00 AM,MAX_OPERATING_MW,4.20,
8/15/2026 10:05:00 AM,RTD,CLUZ,03TANWIND_G01,G,8/15/2026 10:01:00 AM,8/15/2026 10:05:00 AM,MIN_OPERATING_MW,4.20,
8/15/2026 10:05:00 AM,RTD,CLUZ,03TANWIND_G01,G,8/15/2026 10:06:00 AM,8/15/2026 10:10:00 AM,MAX_OPERATING_MW,4.20,
8/15/2026 10:05:00 AM,RTD,CLUZ,03TANWIND_G01,G,8/15/2026 10:06:00 AM,8/15/2026 10:10:00 AM,MIN_OPERATING_MW,4.20,
8/15/2026 10:05:00 AM,RTD,CVIS,04ISIDROSOL_G01,G,8/15/2026 10:01:00 AM,8/15/2026 11:00:00 AM,MAX_OPERATING_MW,85.10,
8/15/2026 10:05:00 AM,RTD,CVIS,04ISIDROSOL_G01,G,8/15/2026 10:01:00 AM,8/15/2026 11:00:00 AM,MIN_OPERATING_MW,85.10,
8/15/2026 10:05:00 AM,RTD,CVIS,06SLYSOL_G02,G,8/15/2026 10:01:00 AM,8/15/2026 11:00:00 AM,MAX_OPERATING_MW,9.52,
8/15/2026 10:05:00 AM,RTD,CVIS,06SLYSOL_G02,G,8/15/2026 10:01:00 AM,8/15/2026 11:00:00 AM,MIN_OPERATING_MW,9.52,
8/15/2026 10:05:00 AM,RTD,CVIS,06SLYSOL_G03,G,8/15/2026 10:01:00 AM,8/15/2026 11:00:00 AM,MAX_OPERATING_MW,9.43,
8/15/2026 10:05:00 AM,RTD,CVIS,06SLYSOL_G03,G,8/15/2026 10:01:00 AM,8/15/2026 11:00:00 AM,MIN_OPERATING_MW,9.43,
8/15/2026 10:05:00 AM,RTD,CMIN,10IDP1_U07,G,8/15/2026 9:21:00 AM,8/15/2026 12:21:00 PM,MAX_OPERATING_MW,5,
8/15/2026 10:05:00 AM,RTD,CMIN,10IDP1_U07,G,8/15/2026 9:21:00 AM,8/15/2026 12:21:00 PM,MIN_OPERATING_MW,5,
8/15/2026 10:05:00 AM,RTD,CMIN,10LIAN_G02,G,8/15/2026,8/15/2026 11:59:00 PM,MAX_OPERATING_MW,6.60,
8/15/2026 10:05:00 AM,RTD,CMIN,10LIAN_G02,G,8/15/2026,8/15/2026 11:59:00 PM,MIN_OPERATING_MW,6.60,
8/15/2026 10:05:00 AM,RTD,CMIN,14TANTASOL_G01,G,8/15/2026 10:01:00 AM,8/15/2026 11:00:00 AM,MAX_OPERATING_MW,50,
8/15/2026 10:05:00 AM,RTD,CMIN,14TANTASOL_G01,G,8/15/2026 10:01:00 AM,8/15/2026 11:00:00 AM,MIN_OPERATING_MW,50,
8/15/2026 10:10:00 AM,RTD,CLUZ,01BALWIND_G01,G,8/15/2026 9:11:00 AM,8/16/2026,MAX_OPERATING_MW,50,
8/15/2026 10:10:00 AM,RTD,CLUZ,01BALWIND_G01,G,8/15/2026 9:11:00 AM,8/16/2026,MIN_OPERATING_MW,50,
8/15/2026 10:10:00 AM,RTD,CLUZ,01BARBASOL_G01,G,8/15/2026 10:06:00 AM,8/15/2026 10:10:00 AM,MAX_OPERATING_MW,76.13,
8/15/2026 10:10:00 AM,RTD,CLUZ,01BARBASOL_G01,G,8/15/2026 10:06:00 AM,8/15/2026 10:10:00 AM,MIN_OPERATING_MW,76.13,
8/15/2026 10:10:00 AM,RTD,CLUZ,01BARBASOL_G01,G,8/15/2026 10:11:00 AM,8/15/2026 10:15:00 AM,MAX_OPERATING_MW,76.95,
8/15/2026 10:10:00 AM,RTD,CLUZ,01BARBASOL_G01,G,8/15/2026 10:11:00 AM,8/15/2026 10:15:00 AM,MIN_OPERATING_MW,76.95,
8/15/2026 10:10:00 AM,RTD,CLUZ,01BUGSOL_G01,G,8/15/2026 10:06:00 AM,8/15/2026 10:10:00 AM,MAX_OPERATING_MW,150,
8/15/2026 10:10:00 AM,RTD,CLUZ,01BUGSOL_G01,G,8/15/2026 10:06:00 AM,8/15/2026 10:10:00 AM,MIN_OPERATING_MW,150,
8/15/2026 10:10:00 AM,RTD,CLUZ,01BUGSOL_G01,G,8/15/2026 10:11:00 AM,8/15/2026 10:15:00 AM,MAX_OPERATING_MW,150,
8/15/2026 10:10:00 AM,RTD,CLUZ,01BUGSOL_G01,G,8/15/2026 10:11:00 AM,8/15/2026 10:15:00 AM,MIN_OPERATING_MW,150,
8/15/2026 10:10:00 AM,RTD,CLUZ,01BULACSOL_G01,G,8/15/2026 10:01:00 AM,8/15/2026 11:00:00 AM,MAX_OPERATING_MW,13.72,
8/15/2026 10:10:00 AM,RTD,CLUZ,01BULACSOL_G01,G,8/15/2026 10:01:00 AM,8/15/2026 11:00:00 AM,MIN_OPERATING_MW,13.72,
8/15/2026 10:10:00 AM,RTD,CLUZ,01CONSOL_G01,G,8/15/2026 10:06:00 AM,8/15/2026 10:10:00 AM,MAX_OPERATING_MW,60.65,
8/15/2026 10:10:00 AM,RTD,CLUZ,01CONSOL_G01,G,8/15/2026 10:06:00 AM,8/15/2026 10:10:00 AM,MIN_OPERATING_MW,60.65,
8/15/2026 10:10:00 AM,RTD,CLUZ,01CONSOL_G01,G,8/15/2026 10:11:00 AM,8/15/2026 10:15:00 AM,MAX_OPERATING_MW,61.21,
8/15/2026 10:10:00 AM,RTD,CLUZ,01CONSOL_G01,G,8/15/2026 10:11:00 AM,8/15/2026 10:15:00 AM,MIN_OPERATING_MW,61.21,
8/15/2026 10:10:00 AM,RTD,CLUZ,01PASBUSOL_G01,G,8/15/2026 10:01:00 AM,8/15/2026 11:00:00 AM,MAX_OPERATING_MW,37.43,
8/15/2026 10:10:00 AM,RTD,CLUZ,01PASBUSOL_G01,G,8/15/2026 10:01:00 AM,8/15/2026 11:00:00 AM,MIN_OPERATING_MW,37.43,
8/15/2026 10:10:00 AM,RTD,CLUZ,01TERRASOL_G01,G,8/15/2026 6:01:00 AM,8/15/2026 12:00:00 PM,MAX_OPERATING_MW,10,
8/15/2026 10:10:00 AM,RTD,CLUZ,01TERRASOL_G01,G,8/15/2026 6:01:00 AM,8/15/2026 12:00:00 PM,MIN_OPERATING_MW,10,
8/15/2026 10:10:00 AM,RTD,CLUZ,03LUMBSOL_G01,G,8/15/2026 10:06:00 AM,8/15/2026 10:10:00 AM,MAX_OPERATING_MW,10,
8/15/2026 10:10:00 AM,RTD,CLUZ,03LUMBSOL_G01,G,8/15/2026 10:06:00 AM,8/15/2026 10:10:00 AM,MIN_OPERATING_MW,10,
8/15/2026 10:10:00 AM,RTD,CLUZ,03LUMBSOL_G01,G,8/15/2026 10:11:00 AM,8/15/2026 10:15:00 AM,MAX_OPERATING_MW,10,
8/15/2026 10:10:00 AM,RTD,CLUZ,03LUMBSOL_G01,G,8/15/2026 10:11:00 AM,8/15/2026 10:15:00 AM,MIN_OPERATING_MW,10,
8/15/2026 10:10:00 AM,RTD,CLUZ,03LUNSOL_G01,G,8/15/2026 10:06:00 AM,8/15/2026 10:10:00 AM,MAX_OPERATING_MW,35.10,
8/15/2026 10:10:00 AM,RTD,CLUZ,03LUNSOL_G01,G,8/15/2026 10:06:00 AM,8/15/2026 10:10:00 AM,MIN_OPERATING_MW,35.10,
8/15/2026 10:10:00 AM,RTD,CLUZ,03LUNSOL_G01,G,8/15/2026 10:11:00 AM,8/15/2026 10:15:00 AM,MAX_OPERATING_MW,35.41,
8/15/2026 10:10:00 AM,RTD,CLUZ,03LUNSOL_G01,G,8/15/2026 10:11:00 AM,8/15/2026 10:15:00 AM,MIN_OPERATING_MW,35.41,
8/15/2026 10:10:00 AM,RTD,CLUZ,03TANWIND_G01,G,8/15/2026 10:06:00 AM,8/15/2026 10:10:00 AM,MAX_OPERATING_MW,4.20,
8/15/2026 10:10:00 AM,RTD,CLUZ,03TANWIND_G01,G,8/15/2026 10:06:00 AM,8/15/2026 10:10:00 AM,MIN_OPERATING_MW,4.20,
8/15/2026 10:10:00 AM,RTD,CLUZ,03TANWIND_G01,G,8/15/2026 10:11:00 AM,8/15/2026 10:15:00 AM,MAX_OPERATING_MW,4.20,
8/15/2026 10:10:00 AM,RTD,CLUZ,03TANWIND_G01,G,8/15/2026 10:11:00 AM,8/15/2026 10:15:00 AM,MIN_OPERATING_MW,4.20,
8/15/2026 10:10:00 AM,RTD,CVIS,04ISIDROSOL_G01,G,8/15/2026 10:01:00 AM,8/15/2026 11:00:00 AM,MAX_OPERATING_MW,85.10,
8/15/2026 10:10:00 AM,RTD,CVIS,04ISIDROSOL_G01,G,8/15/2026 10:01:00 AM,8/15/2026 11:00:00 AM,MIN_OPERATING_MW,85.10,
8/15/2026 10:10:00 AM,RTD,CVIS,06SLYSOL_G02,G,8/15/2026 10:01:00 AM,8/15/2026 11:00:00 AM,MAX_OPERATING_MW,9.52,
8/15/2026 10:10:00 AM,RTD,CVIS,06SLYSOL_G02,G,8/15/2026 10:01:00 AM,8/15/2026 11:00:00 AM,MIN_OPERATING_MW,9.52,
8/15/2026 10:10:00 AM,RTD,CVIS,06SLYSOL_G03,G,8/15/2026 10:01:00 AM,8/15/2026 11:00:00 AM,MAX_OPERATING_MW,9.43,
8/15/2026 10:10:00 AM,RTD,CVIS,06SLYSOL_G03,G,8/15/2026 10:01:00 AM,8/15/2026 11:00:00 AM,MIN_OPERATING_MW,9.43,
8/15/2026 10:10:00 AM,RTD,CMIN,10IDP1_U07,G,8/15/2026 9:21:00 AM,8/15/2026 12:21:00 PM,MAX_OPERATING_MW,5,
8/15/2026 10:10:00 AM,RTD,CMIN,10IDP1_U07,G,8/15/2026 9:21:00 AM,8/15/2026 12:21:00 PM,MIN_OPERATING_MW,5,
8/15/2026 10:10:00 AM,RTD,CMIN,10LIAN_G02,G,8/15/2026,8/15/2026 11:59:00 PM,MAX_OPERATING_MW,6.60,
8/15/2026 10:10:00 AM,RTD,CMIN,10LIAN_G02,G,8/15/2026,8/15/2026 11:59:00 PM,MIN_OPERATING_MW,6.60,
8/15/2026 10:10:00 AM,RTD,CMIN,14TANTASOL_G01,G,8/15/2026 10:01:00 AM,8/15/2026 11:00:00 AM,MAX_OPERATING_MW,50,
8/15/2026 10:10:00 AM,RTD,CMIN,14TANTASOL_G01,G,8/15/2026 10:01:00 AM,8/15/2026 11:00:00 AM,MIN_OPERATING_MW,50,
8/15/2026 10:15:00 AM,RTD,CLUZ,01BALWIND_G01,G,8/15/2026 9:11:00 AM,8/16/2026,MAX_OPERATING_MW,50,
8/15/2026 10:15:00 AM,RTD,CLUZ,01BALWIND_G01,G,8/15/2026 9:11:00 AM,8/16/2026,MIN_OPERATING_MW,50,
8/15/2026 10:15:00 AM,RTD,CLUZ,01BARBASOL_G01,G,8/15/2026 10:11:00 AM,8/15/2026 10:15:00 AM,MAX_OPERATING_MW,76.95,
8/15/2026 10:15:00 AM,RTD,CLUZ,01BARBASOL_G01,G,8/15/2026 10:11:00 AM,8/15/2026 10:15:00 AM,MIN_OPERATING_MW,76.95,
8/15/2026 10:15:00 AM,RTD,CLUZ,01BARBASOL_G01,G,8/15/2026 10:16:00 AM,8/15/2026 10:20:00 AM,MAX_OPERATING_MW,77.72,
8/15/2026 10:15:00 AM,RTD,CLUZ,01BARBASOL_G01,G,8/15/2026 10:16:00 AM,8/15/2026 10:20:00 AM,MIN_OPERATING_MW,77.72,
8/15/2026 10:15:00 AM,RTD,CLUZ,01BUGSOL_G01,G,8/15/2026 10:11:00 AM,8/15/2026 10:15:00 AM,MAX_OPERATING_MW,150,
8/15/2026 10:15:00 AM,RTD,CLUZ,01BUGSOL_G01,G,8/15/2026 10:11:00 AM,8/15/2026 10:15:00 AM,MIN_OPERATING_MW,150,
8/15/2026 10:15:00 AM,RTD,CLUZ,01BUGSOL_G01,G,8/15/2026 10:16:00 AM,8/15/2026 10:20:00 AM,MAX_OPERATING_MW,150,
8/15/2026 10:15:00 AM,RTD,CLUZ,01BUGSOL_G01,G,8/15/2026 10:16:00 AM,8/15/2026 10:20:00 AM,MIN_OPERATING_MW,150,
8/15/2026 10:15:00 AM,RTD,CLUZ,01BULACSOL_G01,G,8/15/2026 10:01:00 AM,8/15/2026 11:00:00 AM,MAX_OPERATING_MW,13.72,
8/15/2026 10:15:00 AM,RTD,CLUZ,01BULACSOL_G01,G,8/15/2026 10:01:00 AM,8/15/2026 11:00:00 AM,MIN_OPERATING_MW,13.72,
8/15/2026 10:15:00 AM,RTD,CLUZ,01CONSOL_G01,G,8/15/2026 10:11:00 AM,8/15/2026 10:15:00 AM,MAX_OPERATING_MW,61.21,
8/15/2026 10:15:00 AM,RTD,CLUZ,01CONSOL_G01,G,8/15/2026 10:11:00 AM,8/15/2026 10:15:00 AM,MIN_OPERATING_MW,61.21,
8/15/2026 10:15:00 AM,RTD,CLUZ,01CONSOL_G01,G,8/15/2026 10:16:00 AM,8/15/2026 10:20:00 AM,MAX_OPERATING_MW,61.74,
8/15/2026 10:15:00 AM,RTD,CLUZ,01CONSOL_G01,G,8/15/2026 10:16:00 AM,8/15/2026 10:20:00 AM,MIN_OPERATING_MW,61.74,
8/15/2026 10:15:00 AM,RTD,CLUZ,01PASBUSOL_G01,G,8/15/2026 10:01:00 AM,8/15/2026 11:00:00 AM,MAX_OPERATING_MW,37.43,
8/15/2026 10:15:00 AM,RTD,CLUZ,01PASBUSOL_G01,G,8/15/2026 10:01:00 AM,8/15/2026 11:00:00 AM,MIN_OPERATING_MW,37.43,
8/15/2026 10:15:00 AM,RTD,CLUZ,01TERRASOL_G01,G,8/15/2026 6:01:00 AM,8/15/2026 12:00:00 PM,MAX_OPERATING_MW,10,
8/15/2026 10:15:00 AM,RTD,CLUZ,01TERRASOL_G01,G,8/15/2026 6:01:00 AM,8/15/2026 12:00:00 PM,MIN_OPERATING_MW,10,
8/15/2026 10:15:00 AM,RTD,CLUZ,03LUMBSOL_G01,G,8/15/2026 10:11:00 AM,8/15/2026 10:15:00 AM,MAX_OPERATING_MW,10,
8/15/2026 10:15:00 AM,RTD,CLUZ,03LUMBSOL_G01,G,8/15/2026 10:11:00 AM,8/15/2026 10:15:00 AM,MIN_OPERATING_MW,10,
8/15/2026 10:15:00 AM,RTD,CLUZ,03LUMBSOL_G01,G,8/15/2026 10:16:00 AM,8/15/2026 10:20:00 AM,MAX_OPERATING_MW,10,
8/15/2026 10:15:00 AM,RTD,CLUZ,03LUMBSOL_G01,G,8/15/2026 10:16:00 AM,8/15/2026 10:20:00 AM,MIN_OPERATING_MW,10,
8/15/2026 10:15:00 AM,RTD,CLUZ,03LUNSOL_G01,G,8/15/2026 10:11:00 AM,8/15/2026 10:15:00 AM,MAX_OPERATING_MW,35.41,
8/15/2026 10:15:00 AM,RTD,CLUZ,03LUNSOL_G01,G,8/15/2026 10:11:00 AM,8/15/2026 10:15:00 AM,MIN_OPERATING_MW,35.41,
8/15/2026 10:15:00 AM,RTD,CLUZ,03LUNSOL_G01,G,8/15/2026 10:16:00 AM,8/15/2026 10:20:00 AM,MAX_OPERATING_MW,35.69,
8/15/2026 10:15:00 AM,RTD,CLUZ,03LUNSOL_G01,G,8/15/2026 10:16:00 AM,8/15/2026 10:20:00 AM,MIN_OPERATING_MW,35.69,
8/15/2026 10:15:00 AM,RTD,CLUZ,03TANWIND_G01,G,8/15/2026 10:11:00 AM,8/15/2026 10:15:00 AM,MAX_OPERATING_MW,4.20,
8/15/2026 10:15:00 AM,RTD,CLUZ,03TANWIND_G01,G,8/15/2026 10:11:00 AM,8/15/2026 10:15:00 AM,MIN_OPERATING_MW,4.20,
8/15/2026 10:15:00 AM,RTD,CLUZ,03TANWIND_G01,G,8/15/2026 10:16:00 AM,8/15/2026 10:20:00 AM,MAX_OPERATING_MW,4.20,
8/15/2026 10:15:00 AM,RTD,CLUZ,03TANWIND_G01,G,8/15/2026 10:16:00 AM,8/15/2026 10:20:00 AM,MIN_OPERATING_MW,4.20,
8/15/2026 10:15:00 AM,RTD,CVIS,04ISIDROSOL_G01,G,8/15/2026 10:01:00 AM,8/15/2026 11:00:00 AM,MAX_OPERATING_MW,85.10,
8/15/2026 10:15:00 AM,RTD,CVIS,04ISIDROSOL_G01,G,8/15/2026 10:01:00 AM,8/15/2026 11:00:00 AM,MIN_OPERATING_MW,85.10,
8/15/2026 10:15:00 AM,RTD,CVIS,06SLYSOL_G02,G,8/15/2026 10:01:00 AM,8/15/2026 11:00:00 AM,MAX_OPERATING_MW,9.52,
8/15/2026 10:15:00 AM,RTD,CVIS,06SLYSOL_G02,G,8/15/2026 10:01:00 AM,8/15/2026 11:00:00 AM,MIN_OPERATING_MW,9.52,
8/15/2026 10:15:00 AM,RTD,CVIS,06SLYSOL_G03,G,8/15/2026 10:01:00 AM,8/15/2026 11:00:00 AM,MAX_OPERATING_MW,9.43,
8/15/2026 10:15:00 AM,RTD,CVIS,06SLYSOL_G03,G,8/15/2026 10:01:00 AM,8/15/2026 11:00:00 AM,MIN_OPERATING_MW,9.43,
8/15/2026 10:15:00 AM,RTD,CMIN,10IDP1_U07,G,8/15/2026 9:21:00 AM,8/15/2026 12:21:00 PM,MAX_OPERATING_MW,5,
8/15/2026 10:15:00 AM,RTD,CMIN,10IDP1_U07,G,8/15/2026 9:21:00 AM,8/15/2026 12:21:00 PM,MIN_OPERATING_MW,5,
8/15/2026 10:15:00 AM,RTD,CMIN,10LIAN_G02,G,8/15/2026,8/15/2026 11:59:00 PM,MAX_OPERATING_MW,6.60,
8/15/2026 10:15:00 AM,RTD,CMIN,10LIAN_G02,G,8/15/2026,8/15/2026 11:59:00 PM,MIN_OPERATING_MW,6.60,
8/15/2026 10:15:00 AM,RTD,CMIN,14TANTASOL_G01,G,8/15/2026 10:01:00 AM,8/15/2026 11:00:00 AM,MAX_OPERATING_MW,50,
8/15/2026 10:15:00 AM,RTD,CMIN,14TANTASOL_G01,G,8/15/2026 10:01:00 AM,8/15/2026 11:00:00 AM,MIN_OPERATING_MW,50,
8/15/2026 10:20:00 AM,RTD,CLUZ,01BALWIND_G01,G,8/15/2026 9:11:00 AM,8/16/2026,MAX_OPERATING_MW,50,
8/15/2026 10:20:00 AM,RTD,CLUZ,01BALWIND_G01,G,8/15/2026 9:11:00 AM,8/16/2026,MIN_OPERATING_MW,50,
8/15/2026 10:20:00 AM,RTD,CLUZ,01BARBASOL_G01,G,8/15/2026 10:16:00 AM,8/15/2026 10:20:00 AM,MAX_OPERATING_MW,77.72,
8/15/2026 10:20:00 AM,RTD,CLUZ,01BARBASOL_G01,G,8/15/2026 10:16:00 AM,8/15/2026 10:20:00 AM,MIN_OPERATING_MW,77.72,
8/15/2026 10:20:00 AM,RTD,CLUZ,01BARBASOL_G01,G,8/15/2026 10:21:00 AM,8/15/2026 10:25:00 AM,MAX_OPERATING_MW,78.44,
8/15/2026 10:20:00 AM,RTD,CLUZ,01BARBASOL_G01,G,8/15/2026 10:21:00 AM,8/15/2026 10:25:00 AM,MIN_OPERATING_MW,78.44,
8/15/2026 10:20:00 AM,RTD,CLUZ,01BUGSOL_G01,G,8/15/2026 10:16:00 AM,8/15/2026 10:20:00 AM,MAX_OPERATING_MW,150,
8/15/2026 10:20:00 AM,RTD,CLUZ,01BUGSOL_G01,G,8/15/2026 10:16:00 AM,8/15/2026 10:20:00 AM,MIN_OPERATING_MW,150,
8/15/2026 10:20:00 AM,RTD,CLUZ,01BUGSOL_G01,G,8/15/2026 10:21:00 AM,8/15/2026 10:25:00 AM,MAX_OPERATING_MW,150,
8/15/2026 10:20:00 AM,RTD,CLUZ,01BUGSOL_G01,G,8/15/2026 10:21:00 AM,8/15/2026 10:25:00 AM,MIN_OPERATING_MW,150,
8/15/2026 10:20:00 AM,RTD,CLUZ,01BULACSOL_G01,G,8/15/2026 10:01:00 AM,8/15/2026 11:00:00 AM,MAX_OPERATING_MW,13.72,
8/15/2026 10:20:00 AM,RTD,CLUZ,01BULACSOL_G01,G,8/15/2026 10:01:00 AM,8/15/2026 11:00:00 AM,MIN_OPERATING_MW,13.72,
8/15/2026 10:20:00 AM,RTD,CLUZ,01CONSOL_G01,G,8/15/2026 10:16:00 AM,8/15/2026 10:20:00 AM,MAX_OPERATING_MW,61.74,
8/15/2026 10:20:00 AM,RTD,CLUZ,01CONSOL_G01,G,8/15/2026 10:16:00 AM,8/15/2026 10:20:00 AM,MIN_OPERATING_MW,61.74,
8/15/2026 10:20:00 AM,RTD,CLUZ,01CONSOL_G01,G,8/15/2026 10:21:00 AM,8/15/2026 10:25:00 AM,MAX_OPERATING_MW,62.17,
8/15/2026 10:20:00 AM,RTD,CLUZ,01CONSOL_G01,G,8/15/2026 10:21:00 AM,8/15/2026 10:25:00 AM,MIN_OPERATING_MW,62.17,
8/15/2026 10:20:00 AM,RTD,CLUZ,01PASBUSOL_G01,G,8/15/2026 10:01:00 AM,8/15/2026 11:00:00 AM,MAX_OPERATING_MW,37.43,
8/15/2026 10:20:00 AM,RTD,CLUZ,01PASBUSOL_G01,G,8/15/2026 10:01:00 AM,8/15/2026 11:00:00 AM,MIN_OPERATING_MW,37.43,
8/15/2026 10:20:00 AM,RTD,CLUZ,01TERRASOL_G01,G,8/15/2026 6:01:00 AM,8/15/2026 12:00:00 PM,MAX_OPERATING_MW,10,
8/15/2026 10:20:00 AM,RTD,CLUZ,01TERRASOL_G01,G,8/15/2026 6:01:00 AM,8/15/2026 12:00:00 PM,MIN_OPERATING_MW,10,
8/15/2026 10:20:00 AM,RTD,CLUZ,03LUMBSOL_G01,G,8/15/2026 10:16:00 AM,8/15/2026 10:20:00 AM,MAX_OPERATING_MW,10,
8/15/2026 10:20:00 AM,RTD,CLUZ,03LUMBSOL_G01,G,8/15/2026 10:16:00 AM,8/15/2026 10:20:00 AM,MIN_OPERATING_MW,10,
8/15/2026 10:20:00 AM,RTD,CLUZ,03LUMBSOL_G01,G,8/15/2026 10:21:00 AM,8/15/2026 10:25:00 AM,MAX_OPERATING_MW,10,
8/15/2026 10:20:00 AM,RTD,CLUZ,03LUMBSOL_G01,G,8/15/2026 10:21:00 AM,8/15/2026 10:25:00 AM,MIN_OPERATING_MW,10,
8/15/2026 10:20:00 AM,RTD,CLUZ,03LUNSOL_G01,G,8/15/2026 10:16:00 AM,8/15/2026 10:20:00 AM,MAX_OPERATING_MW,35.69,
8/15/2026 10:20:00 AM,RTD,CLUZ,03LUNSOL_G01,G,8/15/2026 10:16:00 AM,8/15/2026 10:20:00 AM,MIN_OPERATING_MW,35.69,
8/15/2026 10:20:00 AM,RTD,CLUZ,03LUNSOL_G01,G,8/15/2026 10:21:00 AM,8/15/2026 10:25:00 AM,MAX_OPERATING_MW,35.95,
8/15/2026 10:20:00 AM,RTD,CLUZ,03LUNSOL_G01,G,8/15/2026 10:21:00 AM,8/15/2026 10:25:00 AM,MIN_OPERATING_MW,35.95,
8/15/2026 10:20:00 AM,RTD,CLUZ,03TANWIND_G01,G,8/15/2026 10:16:00 AM,8/15/2026 10:20:00 AM,MAX_OPERATING_MW,4.20,
8/15/2026 10:20:00 AM,RTD,CLUZ,03TANWIND_G01,G,8/15/2026 10:16:00 AM,8/15/2026 10:20:00 AM,MIN_OPERATING_MW,4.20,
8/15/2026 10:20:00 AM,RTD,CLUZ,03TANWIND_G01,G,8/15/2026 10:21:00 AM,8/15/2026 10:25:00 AM,MAX_OPERATING_MW,4.20,
8/15/2026 10:20:00 AM,RTD,CLUZ,03TANWIND_G01,G,8/15/2026 10:21:00 AM,8/15/2026 10:25:00 AM,MIN_OPERATING_MW,4.20,
8/15/2026 10:20:00 AM,RTD,CVIS,04ISIDROSOL_G01,G,8/15/2026 10:01:00 AM,8/15/2026 11:00:00 AM,MAX_OPERATING_MW,85.10,
8/15/2026 10:20:00 AM,RTD,CVIS,04ISIDROSOL_G01,G,8/15/2026 10:01:00 AM,8/15/2026 11:00:00 AM,MIN_OPERATING_MW,85.10,
8/15/2026 10:20:00 AM,RTD,CVIS,06SLYSOL_G02,G,8/15/2026 10:01:00 AM,8/15/2026 11:00:00 AM,MAX_OPERATING_MW,9.52,
8/15/2026 10:20:00 AM,RTD,CVIS,06SLYSOL_G02,G,8/15/2026 10:01:00 AM,8/15/2026 11:00:00 AM,MIN_OPERATING_MW,9.52,
8/15/2026 10:20:00 AM,RTD,CVIS,06SLYSOL_G03,G,8/15/2026 10:01:00 AM,8/15/2026 11:00:00 AM,MAX_OPERATING_MW,9.43,
8/15/2026 10:20:00 AM,RTD,CVIS,06SLYSOL_G03,G,8/15/2026 10:01:00 AM,8/15/2026 11:00:00 AM,MIN_OPERATING_MW,9.43,
8/15/2026 10:20:00 AM,RTD,CMIN,10IDP1_U07,G,8/15/2026 9:21:00 AM,8/15/2026 12:21:00 PM,MAX_OPERATING_MW,5,
8/15/2026 10:20:00 AM,RTD,CMIN,10IDP1_U07,G,8/15/2026 9:21:00 AM,8/15/2026 12:21:00 PM,MIN_OPERATING_MW,5,
8/15/2026 10:20:00 AM,RTD,CMIN,10LIAN_G02,G,8/15/2026,8/15/2026 11:59:00 PM,MAX_OPERATING_MW,6.60,
8/15/2026 10:20:00 AM,RTD,CMIN,10LIAN_G02,G,8/15/2026,8/15/2026 11:59:00 PM,MIN_OPERATING_MW,6.60,
8/15/2026 10:20:00 AM,RTD,CMIN,14TANTASOL_G01,G,8/15/2026 10:01:00 AM,8/15/2026 11:00:00 AM,MAX_OPERATING_MW,50,
8/15/2026 10:20:00 AM,RTD,CMIN,14TANTASOL_G01,G,8/15/2026 10:01:00 AM,8/15/2026 11:00:00 AM,MIN_OPERATING_MW,50,
8/15/2026 10:25:00 AM,RTD,CLUZ,01BALWIND_G01,G,8/15/2026 9:11:00 AM,8/16/2026,MAX_OPERATING_MW,50,
8/15/2026 10:25:00 AM,RTD,CLUZ,01BALWIND_G01,G,8/15/2026 9:11:00 AM,8/16/2026,MIN_OPERATING_MW,50,
8/15/2026 10:25:00 AM,RTD,CLUZ,01BARBASOL_G01,G,8/15/2026 10:21:00 AM,8/15/2026 10:25:00 AM,MAX_OPERATING_MW,78.44,
8/15/2026 10:25:00 AM,RTD,CLUZ,01BARBASOL_G01,G,8/15/2026 10:21:00 AM,8/15/2026 10:25:00 AM,MIN_OPERATING_MW,78.44,
8/15/2026 10:25:00 AM,RTD,CLUZ,01BARBASOL_G01,G,8/15/2026 10:26:00 AM,8/15/2026 10:30:00 AM,MAX_OPERATING_MW,79.11,
8/15/2026 10:25:00 AM,RTD,CLUZ,01BARBASOL_G01,G,8/15/2026 10:26:00 AM,8/15/2026 10:30:00 AM,MIN_OPERATING_MW,79.11,
8/15/2026 10:25:00 AM,RTD,CLUZ,01BUGSOL_G01,G,8/15/2026 10:21:00 AM,8/15/2026 10:25:00 AM,MAX_OPERATING_MW,150,
8/15/2026 10:25:00 AM,RTD,CLUZ,01BUGSOL_G01,G,8/15/2026 10:21:00 AM,8/15/2026 10:25:00 AM,MIN_OPERATING_MW,150,
8/15/2026 10:25:00 AM,RTD,CLUZ,01BUGSOL_G01,G,8/15/2026 10:26:00 AM,8/15/2026 10:30:00 AM,MAX_OPERATING_MW,150,
8/15/2026 10:25:00 AM,RTD,CLUZ,01BUGSOL_G01,G,8/15/2026 10:26:00 AM,8/15/2026 10:30:00 AM,MIN_OPERATING_MW,150,
8/15/2026 10:25:00 AM,RTD,CLUZ,01BULACSOL_G01,G,8/15/2026 10:01:00 AM,8/15/2026 11:00:00 AM,MAX_OPERATING_MW,13.72,
8/15/2026 10:25:00 AM,RTD,CLUZ,01BULACSOL_G01,G,8/15/2026 10:01:00 AM,8/15/2026 11:00:00 AM,MIN_OPERATING_MW,13.72,
8/15/2026 10:25:00 AM,RTD,CLUZ,01CONSOL_G01,G,8/15/2026 10:21:00 AM,8/15/2026 10:25:00 AM,MAX_OPERATING_MW,62.17,
8/15/2026 10:25:00 AM,RTD,CLUZ,01CONSOL_G01,G,8/15/2026 10:21:00 AM,8/15/2026 10:25:00 AM,MIN_OPERATING_MW,62.17,
8/15/2026 10:25:00 AM,RTD,CLUZ,01CONSOL_G01,G,8/15/2026 10:26:00 AM,8/15/2026 10:30:00 AM,MAX_OPERATING_MW,62.52,
8/15/2026 10:25:00 AM,RTD,CLUZ,01CONSOL_G01,G,8/15/2026 10:26:00 AM,8/15/2026 10:30:00 AM,MIN_OPERATING_MW,62.52,
8/15/2026 10:25:00 AM,RTD,CLUZ,01PASBUSOL_G01,G,8/15/2026 10:01:00 AM,8/15/2026 11:00:00 AM,MAX_OPERATING_MW,37.43,
8/15/2026 10:25:00 AM,RTD,CLUZ,01PASBUSOL_G01,G,8/15/2026 10:01:00 AM,8/15/2026 11:00:00 AM,MIN_OPERATING_MW,37.43,
8/15/2026 10:25:00 AM,RTD,CLUZ,01TERRASOL_G01,G,8/15/2026 6:01:00 AM,8/15/2026 12:00:00 PM,MAX_OPERATING_MW,10,
8/15/2026 10:25:00 AM,RTD,CLUZ,01TERRASOL_G01,G,8/15/2026 6:01:00 AM,8/15/2026 12:00:00 PM,MIN_OPERATING_MW,10,
8/15/2026 10:25:00 AM,RTD,CLUZ,03LUMBSOL_G01,G,8/15/2026 10:21:00 AM,8/15/2026 10:25:00 AM,MAX_OPERATING_MW,10,
8/15/2026 10:25:00 AM,RTD,CLUZ,03LUMBSOL_G01,G,8/15/2026 10:21:00 AM,8/15/2026 10:25:00 AM,MIN_OPERATING_MW,10,
8/15/2026 10:25:00 AM,RTD,CLUZ,03LUMBSOL_G01,G,8/15/2026 10:26:00 AM,8/15/2026 10:30:00 AM,MAX_OPERATING_MW,10,
8/15/2026 10:25:00 AM,RTD,CLUZ,03LUMBSOL_G01,G,8/15/2026 10:26:00 AM,8/15/2026 10:30:00 AM,MIN_OPERATING_MW,10,
8/15/2026 10:25:00 AM,RTD,CLUZ,03LUNSOL_G01,G,8/15/2026 10:21:00 AM,8/15/2026 10:25:00 AM,MAX_OPERATING_MW,35.95,
8/15/2026 10:25:00 AM,RTD,CLUZ,03LUNSOL_G01,G,8/15/2026 10:21:00 AM,8/15/2026 10:25:00 AM,MIN_OPERATING_MW,35.95,
8/15/2026 10:25:00 AM,RTD,CLUZ,03LUNSOL_G01,G,8/15/2026 10:26:00 AM,8/15/2026 10:30:00 AM,MAX_OPERATING_MW,36.19,
8/15/2026 10:25:00 AM,RTD,CLUZ,03LUNSOL_G01,G,8/15/2026 10:26:00 AM,8/15/2026 10:30:00 AM,MIN_OPERATING_MW,36.19,
8/15/2026 10:25:00 AM,RTD,CLUZ,03TANWIND_G01,G,8/15/2026 10:21:00 AM,8/15/2026 10:25:00 AM,MAX_OPERATING_MW,4.20,
8/15/2026 10:25:00 AM,RTD,CLUZ,03TANWIND_G01,G,8/15/2026 10:21:00 AM,8/15/2026 10:25:00 AM,MIN_OPERATING_MW,4.20,
8/15/2026 10:25:00 AM,RTD,CLUZ,03TANWIND_G01,G,8/15/2026 10:26:00 AM,8/15/2026 10:30:00 AM,MAX_OPERATING_MW,4.20,
8/15/2026 10:25:00 AM,RTD,CLUZ,03TANWIND_G01,G,8/15/2026 10:26:00 AM,8/15/2026 10:30:00 AM,MIN_OPERATING_MW,4.20,
8/15/2026 10:25:00 AM,RTD,CVIS,04ISIDROSOL_G01,G,8/15/2026 10:01:00 AM,8/15/2026 11:00:00 AM,MAX_OPERATING_MW,85.10,
8/15/2026 10:25:00 AM,RTD,CVIS,04ISIDROSOL_G01,G,8/15/2026 10:01:00 AM,8/15/2026 11:00:00 AM,MIN_OPERATING_MW,85.10,
8/15/2026 10:25:00 AM,RTD,CVIS,06SLYSOL_G02,G,8/15/2026 10:01:00 AM,8/15/2026 11:00:00 AM,MAX_OPERATING_MW,9.52,
8/15/2026 10:25:00 AM,RTD,CVIS,06SLYSOL_G02,G,8/15/2026 10:01:00 AM,8/15/2026 11:00:00 AM,MIN_OPERATING_MW,9.52,
8/15/2026 10:25:00 AM,RTD,CVIS,06SLYSOL_G03,G,8/15/2026 10:01:00 AM,8/15/2026 11:00:00 AM,MAX_OPERATING_MW,9.43,
8/15/2026 10:25:00 AM,RTD,CVIS,06SLYSOL_G03,G,8/15/2026 10:01:00 AM,8/15/2026 11:00:00 AM,MIN_OPERATING_MW,9.43,
8/15/2026 10:25:00 AM,RTD,CMIN,10IDP1_U07,G,8/15/2026 9:21:00 AM,8/15/2026 12:21:00 PM,MAX_OPERATING_MW,5,
8/15/2026 10:25:00 AM,RTD,CMIN,10IDP1_U07,G,8/15/2026 9:21:00 AM,8/15/2026 12:21:00 PM,MIN_OPERATING_MW,5,
8/15/2026 10:25:00 AM,RTD,CMIN,10LIAN_G02,G,8/15/2026,8/15/2026 11:59:00 PM,MAX_OPERATING_MW,6.60,
8/15/2026 10:25:00 AM,RTD,CMIN,10LIAN_G02,G,8/15/2026,8/15/2026 11:59:00 PM,MIN_OPERATING_MW,6.60,
8/15/2026 10:25:00 AM,RTD,CMIN,14TANTASOL_G01,G,8/15/2026 10:01:00 AM,8/15/2026 11:00:00 AM,MAX_OPERATING_MW,50,
8/15/2026 10:25:00 AM,RTD,CMIN,14TANTASOL_G01,G,8/15/2026 10:01:00 AM,8/15/2026 11:00:00 AM,MIN_OPERATING_MW,50,
8/15/2026 10:30:00 AM,RTD,CLUZ,01BALWIND_G01,G,8/15/2026 9:11:00 AM,8/16/2026,MAX_OPERATING_MW,50,
8/15/2026 10:30:00 AM,RTD,CLUZ,01BALWIND_G01,G,8/15/2026 9:11:00 AM,8/16/2026,MIN_OPERATING_MW,50,
8/15/2026 10:30:00 AM,RTD,CLUZ,01BARBASOL_G01,G,8/15/2026 10:26:00 AM,8/15/2026 10:30:00 AM,MAX_OPERATING_MW,79.11,
8/15/2026 10:30:00 AM,RTD,CLUZ,01BARBASOL_G01,G,8/15/2026 10:26:00 AM,8/15/2026 10:30:00 AM,MIN_OPERATING_MW,79.11,
8/15/2026 10:30:00 AM,RTD,CLUZ,01BARBASOL_G01,G,8/15/2026 10:31:00 AM,8/15/2026 10:35:00 AM,MAX_OPERATING_MW,79.74,
8/15/2026 10:30:00 AM,RTD,CLUZ,01BARBASOL_G01,G,8/15/2026 10:31:00 AM,8/15/2026 10:35:00 AM,MIN_OPERATING_MW,79.74,
8/15/2026 10:30:00 AM,RTD,CLUZ,01BUGSOL_G01,G,8/15/2026 10:26:00 AM,8/15/2026 10:30:00 AM,MAX_OPERATING_MW,150,
8/15/2026 10:30:00 AM,RTD,CLUZ,01BUGSOL_G01,G,8/15/2026 10:26:00 AM,8/15/2026 10:30:00 AM,MIN_OPERATING_MW,150,
8/15/2026 10:30:00 AM,RTD,CLUZ,01BUGSOL_G01,G,8/15/2026 10:31:00 AM,8/15/2026 10:35:00 AM,MAX_OPERATING_MW,150,
8/15/2026 10:30:00 AM,RTD,CLUZ,01BUGSOL_G01,G,8/15/2026 10:31:00 AM,8/15/2026 10:35:00 AM,MIN_OPERATING_MW,150,
8/15/2026 10:30:00 AM,RTD,CLUZ,01BULACSOL_G01,G,8/15/2026 10:01:00 AM,8/15/2026 11:00:00 AM,MAX_OPERATING_MW,13.72,
8/15/2026 10:30:00 AM,RTD,CLUZ,01BULACSOL_G01,G,8/15/2026 10:01:00 AM,8/15/2026 11:00:00 AM,MIN_OPERATING_MW,13.72,
8/15/2026 10:30:00 AM,RTD,CLUZ,01CONSOL_G01,G,8/15/2026 10:26:00 AM,8/15/2026 10:30:00 AM,MAX_OPERATING_MW,62.52,
8/15/2026 10:30:00 AM,RTD,CLUZ,01CONSOL_G01,G,8/15/2026 10:26:00 AM,8/15/2026 10:30:00 AM,MIN_OPERATING_MW,62.52,
8/15/2026 10:30:00 AM,RTD,CLUZ,01CONSOL_G01,G,8/15/2026 10:31:00 AM,8/15/2026 10:35:00 AM,MAX_OPERATING_MW,62.84,
8/15/2026 10:30:00 AM,RTD,CLUZ,01CONSOL_G01,G,8/15/2026 10:31:00 AM,8/15/2026 10:35:00 AM,MIN_OPERATING_MW,62.84,
8/15/2026 10:30:00 AM,RTD,CLUZ,01PASBUSOL_G01,G,8/15/2026 10:01:00 AM,8/15/2026 11:00:00 AM,MAX_OPERATING_MW,37.43,
8/15/2026 10:30:00 AM,RTD,CLUZ,01PASBUSOL_G01,G,8/15/2026 10:01:00 AM,8/15/2026 11:00:00 AM,MIN_OPERATING_MW,37.43,
8/15/2026 10:30:00 AM,RTD,CLUZ,01TERRASOL_G01,G,8/15/2026 6:01:00 AM,8/15/2026 12:00:00 PM,MAX_OPERATING_MW,10,
8/15/2026 10:30:00 AM,RTD,CLUZ,01TERRASOL_G01,G,8/15/2026 6:01:00 AM,8/15/2026 12:00:00 PM,MIN_OPERATING_MW,10,
8/15/2026 10:30:00 AM,RTD,CLUZ,03LUMBSOL_G01,G,8/15/2026 10:26:00 AM,8/15/2026 10:30:00 AM,MAX_OPERATING_MW,10,
8/15/2026 10:30:00 AM,RTD,CLUZ,03LUMBSOL_G01,G,8/15/2026 10:26:00 AM,8/15/2026 10:30:00 AM,MIN_OPERATING_MW,10,
8/15/2026 10:30:00 AM,RTD,CLUZ,03LUMBSOL_G01,G,8/15/2026 10:31:00 AM,8/15/2026 10:35:00 AM,MAX_OPERATING_MW,10,
8/15/2026 10:30:00 AM,RTD,CLUZ,03LUMBSOL_G01,G,8/15/2026 10:31:00 AM,8/15/2026 10:35:00 AM,MIN_OPERATING_MW,10,
8/15/2026 10:30:00 AM,RTD,CLUZ,03LUNSOL_G01,G,8/15/2026 10:26:00 AM,8/15/2026 10:30:00 AM,MAX_OPERATING_MW,36.19,
8/15/2026 10:30:00 AM,RTD,CLUZ,03LUNSOL_G01,G,8/15/2026 10:26:00 AM,8/15/2026 10:30:00 AM,MIN_OPERATING_MW,36.19,
8/15/2026 10:30:00 AM,RTD,CLUZ,03LUNSOL_G01,G,8/15/2026 10:31:00 AM,8/15/2026 10:35:00 AM,MAX_OPERATING_MW,36.41,
8/15/2026 10:30:00 AM,RTD,CLUZ,03LUNSOL_G01,G,8/15/2026 10:31:00 AM,8/15/2026 10:35:00 AM,MIN_OPERATING_MW,36.41,
8/15/2026 10:30:00 AM,RTD,CLUZ,03TANWIND_G01,G,8/15/2026 10:26:00 AM,8/15/2026 10:30:00 AM,MAX_OPERATING_MW,4.20,
8/15/2026 10:30:00 AM,RTD,CLUZ,03TANWIND_G01,G,8/15/2026 10:26:00 AM,8/15/2026 10:30:00 AM,MIN_OPERATING_MW,4.20,
8/15/2026 10:30:00 AM,RTD,CLUZ,03TANWIND_G01,G,8/15/2026 10:31:00 AM,8/15/2026 10:35:00 AM,MAX_OPERATING_MW,4.20,
8/15/2026 10:30:00 AM,RTD,CLUZ,03TANWIND_G01,G,8/15/2026 10:31:00 AM,8/15/2026 10:35:00 AM,MIN_OPERATING_MW,4.20,
8/15/2026 10:30:00 AM,RTD,CVIS,04ISIDROSOL_G01,G,8/15/2026 10:01:00 AM,8/15/2026 11:00:00 AM,MAX_OPERATING_MW,85.10,
8/15/2026 10:30:00 AM,RTD,CVIS,04ISIDROSOL_G01,G,8/15/2026 10:01:00 AM,8/15/2026 11:00:00 AM,MIN_OPERATING_MW,85.10,
8/15/2026 10:30:00 AM,RTD,CVIS,06SLYSOL_G02,G,8/15/2026 10:01:00 AM,8/15/2026 11:00:00 AM,MAX_OPERATING_MW,9.52,
8/15/2026 10:30:00 AM,RTD,CVIS,06SLYSOL_G02,G,8/15/2026 10:01:00 AM,8/15/2026 11:00:00 AM,MIN_OPERATING_MW,9.52,
8/15/2026 10:30:00 AM,RTD,CVIS,06SLYSOL_G03,G,8/15/2026 10:01:00 AM,8/15/2026 11:00:00 AM,MAX_OPERATING_MW,9.43,
8/15/2026 10:30:00 AM,RTD,CVIS,06SLYSOL_G03,G,8/15/2026 10:01:00 AM,8/15/2026 11:00:00 AM,MIN_OPERATING_MW,9.43,
8/15/2026 10:30:00 AM,RTD,CMIN,10IDP1_U07,G,8/15/2026 9:21:00 AM,8/15/2026 12:21:00 PM,MAX_OPERATING_MW,5,
8/15/2026 10:30:00 AM,RTD,CMIN,10IDP1_U07,G,8/15/2026 9:21:00 AM,8/15/2026 12:21:00 PM,MIN_OPERATING_MW,5,
8/15/2026 10:30:00 AM,RTD,CMIN,10LIAN_G02,G,8/15/2026,8/15/2026 11:59:00 PM,MAX_OPERATING_MW,6.60,
8/15/2026 10:30:00 AM,RTD,CMIN,10LIAN_G02,G,8/15/2026,8/15/2026 11:59:00 PM,MIN_OPERATING_MW,6.60,
8/15/2026 10:30:00 AM,RTD,CMIN,14TANTASOL_G01,G,8/15/2026 10:01:00 AM,8/15/2026 11:00:00 AM,MAX_OPERATING_MW,50,
8/15/2026 10:30:00 AM,RTD,CMIN,14TANTASOL_G01,G,8/15/2026 10:01:00 AM,8/15/2026 11:00:00 AM,MIN_OPERATING_MW,50,
8/15/2026 10:35:00 AM,RTD,CLUZ,01BALWIND_G01,G,8/15/2026 9:11:00 AM,8/16/2026,MAX_OPERATING_MW,50,
8/15/2026 10:35:00 AM,RTD,CLUZ,01BALWIND_G01,G,8/15/2026 9:11:00 AM,8/16/2026,MIN_OPERATING_MW,50,
8/15/2026 10:35:00 AM,RTD,CLUZ,01BARBASOL_G01,G,8/15/2026 10:31:00 AM,8/15/2026 10:35:00 AM,MAX_OPERATING_MW,79.74,
8/15/2026 10:35:00 AM,RTD,CLUZ,01BARBASOL_G01,G,8/15/2026 10:31:00 AM,8/15/2026 10:35:00 AM,MIN_OPERATING_MW,79.74,
8/15/2026 10:35:00 AM,RTD,CLUZ,01BARBASOL_G01,G,8/15/2026 10:36:00 AM,8/15/2026 10:40:00 AM,MAX_OPERATING_MW,80.32,
8/15/2026 10:35:00 AM,RTD,CLUZ,01BARBASOL_G01,G,8/15/2026 10:36:00 AM,8/15/2026 10:40:00 AM,MIN_OPERATING_MW,80.32,
8/15/2026 10:35:00 AM,RTD,CLUZ,01BUGSOL_G01,G,8/15/2026 10:31:00 AM,8/15/2026 10:35:00 AM,MAX_OPERATING_MW,150,
8/15/2026 10:35:00 AM,RTD,CLUZ,01BUGSOL_G01,G,8/15/2026 10:31:00 AM,8/15/2026 10:35:00 AM,MIN_OPERATING_MW,150,
8/15/2026 10:35:00 AM,RTD,CLUZ,01BUGSOL_G01,G,8/15/2026 10:36:00 AM,8/15/2026 10:40:00 AM,MAX_OPERATING_MW,150,
8/15/2026 10:35:00 AM,RTD,CLUZ,01BUGSOL_G01,G,8/15/2026 10:36:00 AM,8/15/2026 10:40:00 AM,MIN_OPERATING_MW,150,
8/15/2026 10:35:00 AM,RTD,CLUZ,01BULACSOL_G01,G,8/15/2026 10:01:00 AM,8/15/2026 11:00:00 AM,MAX_OPERATING_MW,13.72,
8/15/2026 10:35:00 AM,RTD,CLUZ,01BULACSOL_G01,G,8/15/2026 10:01:00 AM,8/15/2026 11:00:00 AM,MIN_OPERATING_MW,13.72,
8/15/2026 10:35:00 AM,RTD,CLUZ,01CONSOL_G01,G,8/15/2026 10:31:00 AM,8/15/2026 10:35:00 AM,MAX_OPERATING_MW,62.84,
8/15/2026 10:35:00 AM,RTD,CLUZ,01CONSOL_G01,G,8/15/2026 10:31:00 AM,8/15/2026 10:35:00 AM,MIN_OPERATING_MW,62.84,
8/15/2026 10:35:00 AM,RTD,CLUZ,01CONSOL_G01,G,8/15/2026 10:36:00 AM,8/15/2026 10:40:00 AM,MAX_OPERATING_MW,63.11,
8/15/2026 10:35:00 AM,RTD,CLUZ,01CONSOL_G01,G,8/15/2026 10:36:00 AM,8/15/2026 10:40:00 AM,MIN_OPERATING_MW,63.11,
8/15/2026 10:35:00 AM,RTD,CLUZ,01PASBUSOL_G01,G,8/15/2026 10:01:00 AM,8/15/2026 11:00:00 AM,MAX_OPERATING_MW,37.43,
8/15/2026 10:35:00 AM,RTD,CLUZ,01PASBUSOL_G01,G,8/15/2026 10:01:00 AM,8/15/2026 11:00:00 AM,MIN_OPERATING_MW,37.43,
8/15/2026 10:35:00 AM,RTD,CLUZ,01TERRASOL_G01,G,8/15/2026 6:01:00 AM,8/15/2026 12:00:00 PM,MAX_OPERATING_MW,10,
8/15/2026 10:35:00 AM,RTD,CLUZ,01TERRASOL_G01,G,8/15/2026 6:01:00 AM,8/15/2026 12:00:00 PM,MIN_OPERATING_MW,10,
8/15/2026 10:35:00 AM,RTD,CLUZ,03LUMBSOL_G01,G,8/15/2026 10:31:00 AM,8/15/2026 10:35:00 AM,MAX_OPERATING_MW,10,
8/15/2026 10:35:00 AM,RTD,CLUZ,03LUMBSOL_G01,G,8/15/2026 10:31:00 AM,8/15/2026 10:35:00 AM,MIN_OPERATING_MW,10,
8/15/2026 10:35:00 AM,RTD,CLUZ,03LUMBSOL_G01,G,8/15/2026 10:36:00 AM,8/15/2026 10:40:00 AM,MAX_OPERATING_MW,10,
8/15/2026 10:35:00 AM,RTD,CLUZ,03LUMBSOL_G01,G,8/15/2026 10:36:00 AM,8/15/2026 10:40:00 AM,MIN_OPERATING_MW,10,
8/15/2026 10:35:00 AM,RTD,CLUZ,03LUNSOL_G01,G,8/15/2026 10:31:00 AM,8/15/2026 10:35:00 AM,MAX_OPERATING_MW,36.41,
8/15/2026 10:35:00 AM,RTD,CLUZ,03LUNSOL_G01,G,8/15/2026 10:31:00 AM,8/15/2026 10:35:00 AM,MIN_OPERATING_MW,36.41,
8/15/2026 10:35:00 AM,RTD,CLUZ,03LUNSOL_G01,G,8/15/2026 10:36:00 AM,8/15/2026 10:40:00 AM,MAX_OPERATING_MW,36.61,
8/15/2026 10:35:00 AM,RTD,CLUZ,03LUNSOL_G01,G,8/15/2026 10:36:00 AM,8/15/2026 10:40:00 AM,MIN_OPERATING_MW,36.61,
8/15/2026 10:35:00 AM,RTD,CLUZ,03TANWIND_G01,G,8/15/2026 10:31:00 AM,8/15/2026 10:35:00 AM,MAX_OPERATING_MW,4.20,
8/15/2026 10:35:00 AM,RTD,CLUZ,03TANWIND_G01,G,8/15/2026 10:31:00 AM,8/15/2026 10:35:00 AM,MIN_OPERATING_MW,4.20,
8/15/2026 10:35:00 AM,RTD,CLUZ,03TANWIND_G01,G,8/15/2026 10:36:00 AM,8/15/2026 10:40:00 AM,MAX_OPERATING_MW,4.20,
8/15/2026 10:35:00 AM,RTD,CLUZ,03TANWIND_G01,G,8/15/2026 10:36:00 AM,8/15/2026 10:40:00 AM,MIN_OPERATING_MW,4.20,
8/15/2026 10:35:00 AM,RTD,CVIS,04ISIDROSOL_G01,G,8/15/2026 10:01:00 AM,8/15/2026 11:00:00 AM,MAX_OPERATING_MW,85.10,
8/15/2026 10:35:00 AM,RTD,CVIS,04ISIDROSOL_G01,G,8/15/2026 10:01:00 AM,8/15/2026 11:00:00 AM,MIN_OPERATING_MW,85.10,
8/15/2026 10:35:00 AM,RTD,CVIS,06SLYSOL_G02,G,8/15/2026 10:01:00 AM,8/15/2026 11:00:00 AM,MAX_OPERATING_MW,9.52,
8/15/2026 10:35:00 AM,RTD,CVIS,06SLYSOL_G02,G,8/15/2026 10:01:00 AM,8/15/2026 11:00:00 AM,MIN_OPERATING_MW,9.52,
8/15/2026 10:35:00 AM,RTD,CVIS,06SLYSOL_G03,G,8/15/2026 10:01:00 AM,8/15/2026 11:00:00 AM,MAX_OPERATING_MW,9.43,
8/15/2026 10:35:00 AM,RTD,CVIS,06SLYSOL_G03,G,8/15/2026 10:01:00 AM,8/15/2026 11:00:00 AM,MIN_OPERATING_MW,9.43,
8/15/2026 10:35:00 AM,RTD,CMIN,10IDP1_U07,G,8/15/2026 9:21:00 AM,8/15/2026 12:21:00 PM,MAX_OPERATING_MW,5,
8/15/2026 10:35:00 AM,RTD,CMIN,10IDP1_U07,G,8/15/2026 9:21:00 AM,8/15/2026 12:21:00 PM,MIN_OPERATING_MW,5,
8/15/2026 10:35:00 AM,RTD,CMIN,10LIAN_G02,G,8/15/2026,8/15/2026 11:59:00 PM,MAX_OPERATING_MW,6.60,
8/15/2026 10:35:00 AM,RTD,CMIN,10LIAN_G02,G,8/15/2026,8/15/2026 11:59:00 PM,MIN_OPERATING_MW,6.60,
8/15/2026 10:35:00 AM,RTD,CMIN,14TANTASOL_G01,G,8/15/2026 10:01:00 AM,8/15/2026 11:00:00 AM,MAX_OPERATING_MW,50,
8/15/2026 10:35:00 AM,RTD,CMIN,14TANTASOL_G01,G,8/15/2026 10:01:00 AM,8/15/2026 11:00:00 AM,MIN_OPERATING_MW,50,
8/15/2026 10:40:00 AM,RTD,CLUZ,01BALWIND_G01,G,8/15/2026 9:11:00 AM,8/16/2026,MAX_OPERATING_MW,50,
8/15/2026 10:40:00 AM,RTD,CLUZ,01BALWIND_G01,G,8/15/2026 9:11:00 AM,8/16/2026,MIN_OPERATING_MW,50,
8/15/2026 10:40:00 AM,RTD,CLUZ,01BARBASOL_G01,G,8/15/2026 10:36:00 AM,8/15/2026 10:40:00 AM,MAX_OPERATING_MW,80.32,
8/15/2026 10:40:00 AM,RTD,CLUZ,01BARBASOL_G01,G,8/15/2026 10:36:00 AM,8/15/2026 10:40:00 AM,MIN_OPERATING_MW,80.32,
8/15/2026 10:40:00 AM,RTD,CLUZ,01BARBASOL_G01,G,8/15/2026 10:41:00 AM,8/15/2026 10:45:00 AM,MAX_OPERATING_MW,80.85,
8/15/2026 10:40:00 AM,RTD,CLUZ,01BARBASOL_G01,G,8/15/2026 10:41:00 AM,8/15/2026 10:45:00 AM,MIN_OPERATING_MW,80.85,
8/15/2026 10:40:00 AM,RTD,CLUZ,01BUGSOL_G01,G,8/15/2026 10:36:00 AM,8/15/2026 10:40:00 AM,MAX_OPERATING_MW,150,
8/15/2026 10:40:00 AM,RTD,CLUZ,01BUGSOL_G01,G,8/15/2026 10:36:00 AM,8/15/2026 10:40:00 AM,MIN_OPERATING_MW,150,
8/15/2026 10:40:00 AM,RTD,CLUZ,01BUGSOL_G01,G,8/15/2026 10:41:00 AM,8/15/2026 10:45:00 AM,MAX_OPERATING_MW,150,
8/15/2026 10:40:00 AM,RTD,CLUZ,01BUGSOL_G01,G,8/15/2026 10:41:00 AM,8/15/2026 10:45:00 AM,MIN_OPERATING_MW,150,
8/15/2026 10:40:00 AM,RTD,CLUZ,01BULACSOL_G01,G,8/15/2026 10:01:00 AM,8/15/2026 11:00:00 AM,MAX_OPERATING_MW,13.72,
8/15/2026 10:40:00 AM,RTD,CLUZ,01BULACSOL_G01,G,8/15/2026 10:01:00 AM,8/15/2026 11:00:00 AM,MIN_OPERATING_MW,13.72,
8/15/2026 10:40:00 AM,RTD,CLUZ,01CONSOL_G01,G,8/15/2026 10:36:00 AM,8/15/2026 10:40:00 AM,MAX_OPERATING_MW,63.11,
8/15/2026 10:40:00 AM,RTD,CLUZ,01CONSOL_G01,G,8/15/2026 10:36:00 AM,8/15/2026 10:40:00 AM,MIN_OPERATING_MW,63.11,
8/15/2026 10:40:00 AM,RTD,CLUZ,01CONSOL_G01,G,8/15/2026 10:41:00 AM,8/15/2026 10:45:00 AM,MAX_OPERATING_MW,63.35,
8/15/2026 10:40:00 AM,RTD,CLUZ,01CONSOL_G01,G,8/15/2026 10:41:00 AM,8/15/2026 10:45:00 AM,MIN_OPERATING_MW,63.35,
8/15/2026 10:40:00 AM,RTD,CLUZ,01PASBUSOL_G01,G,8/15/2026 10:01:00 AM,8/15/2026 11:00:00 AM,MAX_OPERATING_MW,37.43,
8/15/2026 10:40:00 AM,RTD,CLUZ,01PASBUSOL_G01,G,8/15/2026 10:01:00 AM,8/15/2026 11:00:00 AM,MIN_OPERATING_MW,37.43,
8/15/2026 10:40:00 AM,RTD,CLUZ,01TERRASOL_G01,G,8/15/2026 6:01:00 AM,8/15/2026 12:00:00 PM,MAX_OPERATING_MW,10,
8/15/2026 10:40:00 AM,RTD,CLUZ,01TERRASOL_G01,G,8/15/2026 6:01:00 AM,8/15/2026 12:00:00 PM,MIN_OPERATING_MW,10,
8/15/2026 10:40:00 AM,RTD,CLUZ,03LUMBSOL_G01,G,8/15/2026 10:36:00 AM,8/15/2026 10:40:00 AM,MAX_OPERATING_MW,10,
8/15/2026 10:40:00 AM,RTD,CLUZ,03LUMBSOL_G01,G,8/15/2026 10:36:00 AM,8/15/2026 10:40:00 AM,MIN_OPERATING_MW,10,
8/15/2026 10:40:00 AM,RTD,CLUZ,03LUMBSOL_G01,G,8/15/2026 10:41:00 AM,8/15/2026 10:45:00 AM,MAX_OPERATING_MW,10,
8/15/2026 10:40:00 AM,RTD,CLUZ,03LUMBSOL_G01,G,8/15/2026 10:41:00 AM,8/15/2026 10:45:00 AM,MIN_OPERATING_MW,10,
8/15/2026 10:40:00 AM,RTD,CLUZ,03LUNSOL_G01,G,8/15/2026 10:36:00 AM,8/15/2026 10:40:00 AM,MAX_OPERATING_MW,36.61,
8/15/2026 10:40:00 AM,RTD,CLUZ,03LUNSOL_G01,G,8/15/2026 10:36:00 AM,8/15/2026 10:40:00 AM,MIN_OPERATING_MW,36.61,
8/15/2026 10:40:00 AM,RTD,CLUZ,03LUNSOL_G01,G,8/15/2026 10:41:00 AM,8/15/2026 10:45:00 AM,MAX_OPERATING_MW,36.79,
8/15/2026 10:40:00 AM,RTD,CLUZ,03LUNSOL_G01,G,8/15/2026 10:41:00 AM,8/15/2026 10:45:00 AM,MIN_OPERATING_MW,36.79,
8/15/2026 10:40:00 AM,RTD,CLUZ,03TANWIND_G01,G,8/15/2026 10:36:00 AM,8/15/2026 10:40:00 AM,MAX_OPERATING_MW,4.20,
8/15/2026 10:40:00 AM,RTD,CLUZ,03TANWIND_G01,G,8/15/2026 10:36:00 AM,8/15/2026 10:40:00 AM,MIN_OPERATING_MW,4.20,
8/15/2026 10:40:00 AM,RTD,CLUZ,03TANWIND_G01,G,8/15/2026 10:41:00 AM,8/15/2026 10:45:00 AM,MAX_OPERATING_MW,4.20,
8/15/2026 10:40:00 AM,RTD,CLUZ,03TANWIND_G01,G,8/15/2026 10:41:00 AM,8/15/2026 10:45:00 AM,MIN_OPERATING_MW,4.20,
8/15/2026 10:40:00 AM,RTD,CVIS,04ISIDROSOL_G01,G,8/15/2026 10:01:00 AM,8/15/2026 11:00:00 AM,MAX_OPERATING_MW,85.10,
8/15/2026 10:40:00 AM,RTD,CVIS,04ISIDROSOL_G01,G,8/15/2026 10:01:00 AM,8/15/2026 11:00:00 AM,MIN_OPERATING_MW,85.10,
8/15/2026 10:40:00 AM,RTD,CVIS,06SLYSOL_G02,G,8/15/2026 10:01:00 AM,8/15/2026 11:00:00 AM,MAX_OPERATING_MW,9.52,
8/15/2026 10:40:00 AM,RTD,CVIS,06SLYSOL_G02,G,8/15/2026 10:01:00 AM,8/15/2026 11:00:00 AM,MIN_OPERATING_MW,9.52,
8/15/2026 10:40:00 AM,RTD,CVIS,06SLYSOL_G03,G,8/15/2026 10:01:00 AM,8/15/2026 11:00:00 AM,MAX_OPERATING_MW,9.43,
8/15/2026 10:40:00 AM,RTD,CVIS,06SLYSOL_G03,G,8/15/2026 10:01:00 AM,8/15/2026 11:00:00 AM,MIN_OPERATING_MW,9.43,
8/15/2026 10:40:00 AM,RTD,CMIN,10IDP1_U07,G,8/15/2026 9:21:00 AM,8/15/2026 12:21:00 PM,MAX_OPERATING_MW,5,
8/15/2026 10:40:00 AM,RTD,CMIN,10IDP1_U07,G,8/15/2026 9:21:00 AM,8/15/2026 12:21:00 PM,MIN_OPERATING_MW,5,
8/15/2026 10:40:00 AM,RTD,CMIN,10LIAN_G02,G,8/15/2026,8/15/2026 11:59:00 PM,MAX_OPERATING_MW,6.60,
8/15/2026 10:40:00 AM,RTD,CMIN,10LIAN_G02,G,8/15/2026,8/15/2026 11:59:00 PM,MIN_OPERATING_MW,6.60,
8/15/2026 10:40:00 AM,RTD,CMIN,14TANTASOL_G01,G,8/15/2026 10:01:00 AM,8/15/2026 11:00:00 AM,MAX_OPERATING_MW,50,
8/15/2026 10:40:00 AM,RTD,CMIN,14TANTASOL_G01,G,8/15/2026 10:01:00 AM,8/15/2026 11:00:00 AM,MIN_OPERATING_MW,50,
8/15/2026 10:45:00 AM,RTD,CLUZ,01BALWIND_G01,G,8/15/2026 9:11:00 AM,8/16/2026,MAX_OPERATING_MW,50,
8/15/2026 10:45:00 AM,RTD,CLUZ,01BALWIND_G01,G,8/15/2026 9:11:00 AM,8/16/2026,MIN_OPERATING_MW,50,
8/15/2026 10:45:00 AM,RTD,CLUZ,01BARBASOL_G01,G,8/15/2026 10:41:00 AM,8/15/2026 10:45:00 AM,MAX_OPERATING_MW,80.85,
8/15/2026 10:45:00 AM,RTD,CLUZ,01BARBASOL_G01,G,8/15/2026 10:41:00 AM,8/15/2026 10:45:00 AM,MIN_OPERATING_MW,80.85,
8/15/2026 10:45:00 AM,RTD,CLUZ,01BARBASOL_G01,G,8/15/2026 10:46:00 AM,8/15/2026 10:50:00 AM,MAX_OPERATING_MW,81.34,
8/15/2026 10:45:00 AM,RTD,CLUZ,01BARBASOL_G01,G,8/15/2026 10:46:00 AM,8/15/2026 10:50:00 AM,MIN_OPERATING_MW,81.34,
8/15/2026 10:45:00 AM,RTD,CLUZ,01BUGSOL_G01,G,8/15/2026 10:41:00 AM,8/15/2026 10:45:00 AM,MAX_OPERATING_MW,150,
8/15/2026 10:45:00 AM,RTD,CLUZ,01BUGSOL_G01,G,8/15/2026 10:41:00 AM,8/15/2026 10:45:00 AM,MIN_OPERATING_MW,150,
8/15/2026 10:45:00 AM,RTD,CLUZ,01BUGSOL_G01,G,8/15/2026 10:46:00 AM,8/15/2026 10:50:00 AM,MAX_OPERATING_MW,150,
8/15/2026 10:45:00 AM,RTD,CLUZ,01BUGSOL_G01,G,8/15/2026 10:46:00 AM,8/15/2026 10:50:00 AM,MIN_OPERATING_MW,150,
8/15/2026 10:45:00 AM,RTD,CLUZ,01BULACSOL_G01,G,8/15/2026 10:01:00 AM,8/15/2026 11:00:00 AM,MAX_OPERATING_MW,13.72,
8/15/2026 10:45:00 AM,RTD,CLUZ,01BULACSOL_G01,G,8/15/2026 10:01:00 AM,8/15/2026 11:00:00 AM,MIN_OPERATING_MW,13.72,
8/15/2026 10:45:00 AM,RTD,CLUZ,01CONSOL_G01,G,8/15/2026 10:41:00 AM,8/15/2026 10:45:00 AM,MAX_OPERATING_MW,63.35,
8/15/2026 10:45:00 AM,RTD,CLUZ,01CONSOL_G01,G,8/15/2026 10:41:00 AM,8/15/2026 10:45:00 AM,MIN_OPERATING_MW,63.35,
8/15/2026 10:45:00 AM,RTD,CLUZ,01CONSOL_G01,G,8/15/2026 10:46:00 AM,8/15/2026 10:50:00 AM,MAX_OPERATING_MW,63.54,
8/15/2026 10:45:00 AM,RTD,CLUZ,01CONSOL_G01,G,8/15/2026 10:46:00 AM,8/15/2026 10:50:00 AM,MIN_OPERATING_MW,63.54,
8/15/2026 10:45:00 AM,RTD,CLUZ,01PASBUSOL_G01,G,8/15/2026 10:01:00 AM,8/15/2026 11:00:00 AM,MAX_OPERATING_MW,37.43,
8/15/2026 10:45:00 AM,RTD,CLUZ,01PASBUSOL_G01,G,8/15/2026 10:01:00 AM,8/15/2026 11:00:00 AM,MIN_OPERATING_MW,37.43,
8/15/2026 10:45:00 AM,RTD,CLUZ,01TERRASOL_G01,G,8/15/2026 6:01:00 AM,8/15/2026 12:00:00 PM,MAX_OPERATING_MW,10,
8/15/2026 10:45:00 AM,RTD,CLUZ,01TERRASOL_G01,G,8/15/2026 6:01:00 AM,8/15/2026 12:00:00 PM,MIN_OPERATING_MW,10,
8/15/2026 10:45:00 AM,RTD,CLUZ,03LUMBSOL_G01,G,8/15/2026 10:41:00 AM,8/15/2026 10:45:00 AM,MAX_OPERATING_MW,10,
8/15/2026 10:45:00 AM,RTD,CLUZ,03LUMBSOL_G01,G,8/15/2026 10:41:00 AM,8/15/2026 10:45:00 AM,MIN_OPERATING_MW,10,
8/15/2026 10:45:00 AM,RTD,CLUZ,03LUMBSOL_G01,G,8/15/2026 10:46:00 AM,8/15/2026 10:50:00 AM,MAX_OPERATING_MW,10,
8/15/2026 10:45:00 AM,RTD,CLUZ,03LUMBSOL_G01,G,8/15/2026 10:46:00 AM,8/15/2026 10:50:00 AM,MIN_OPERATING_MW,10,
8/15/2026 10:45:00 AM,RTD,CLUZ,03LUNSOL_G01,G,8/15/2026 10:41:00 AM,8/15/2026 10:45:00 AM,MAX_OPERATING_MW,36.79,
8/15/2026 10:45:00 AM,RTD,CLUZ,03LUNSOL_G01,G,8/15/2026 10:41:00 AM,8/15/2026 10:45:00 AM,MIN_OPERATING_MW,36.79,
8/15/2026 10:45:00 AM,RTD,CLUZ,03LUNSOL_G01,G,8/15/2026 10:46:00 AM,8/15/2026 10:50:00 AM,MAX_OPERATING_MW,36.95,
8/15/2026 10:45:00 AM,RTD,CLUZ,03LUNSOL_G01,G,8/15/2026 10:46:00 AM,8/15/2026 10:50:00 AM,MIN_OPERATING_MW,36.95,
8/15/2026 10:45:00 AM,RTD,CLUZ,03TANWIND_G01,G,8/15/2026 10:41:00 AM,8/15/2026 10:45:00 AM,MAX_OPERATING_MW,4.20,
8/15/2026 10:45:00 AM,RTD,CLUZ,03TANWIND_G01,G,8/15/2026 10:41:00 AM,8/15/2026 10:45:00 AM,MIN_OPERATING_MW,4.20,
8/15/2026 10:45:00 AM,RTD,CLUZ,03TANWIND_G01,G,8/15/2026 10:46:00 AM,8/15/2026 10:50:00 AM,MAX_OPERATING_MW,4.20,
8/15/2026 10:45:00 AM,RTD,CLUZ,03TANWIND_G01,G,8/15/2026 10:46:00 AM,8/15/2026 10:50:00 AM,MIN_OPERATING_MW,4.20,
8/15/2026 10:45:00 AM,RTD,CVIS,04ISIDROSOL_G01,G,8/15/2026 10:01:00 AM,8/15/2026 11:00:00 AM,MAX_OPERATING_MW,85.10,
8/15/2026 10:45:00 AM,RTD,CVIS,04ISIDROSOL_G01,G,8/15/2026 10:01:00 AM,8/15/2026 11:00:00 AM,MIN_OPERATING_MW,85.10,
8/15/2026 10:45:00 AM,RTD,CVIS,06SLYSOL_G02,G,8/15/2026 10:01:00 AM,8/15/2026 11:00:00 AM,MAX_OPERATING_MW,9.52,
8/15/2026 10:45:00 AM,RTD,CVIS,06SLYSOL_G02,G,8/15/2026 10:01:00 AM,8/15/2026 11:00:00 AM,MIN_OPERATING_MW,9.52,
8/15/2026 10:45:00 AM,RTD,CVIS,06SLYSOL_G03,G,8/15/2026 10:01:00 AM,8/15/2026 11:00:00 AM,MAX_OPERATING_MW,9.43,
8/15/2026 10:45:00 AM,RTD,CVIS,06SLYSOL_G03,G,8/15/2026 10:01:00 AM,8/15/2026 11:00:00 AM,MIN_OPERATING_MW,9.43,
8/15/2026 10:45:00 AM,RTD,CMIN,10IDP1_U07,G,8/15/2026 9:21:00 AM,8/15/2026 12:21:00 PM,MAX_OPERATING_MW,5,
8/15/2026 10:45:00 AM,RTD,CMIN,10IDP1_U07,G,8/15/2026 9:21:00 AM,8/15/2026 12:21:00 PM,MIN_OPERATING_MW,5,
8/15/2026 10:45:00 AM,RTD,CMIN,10LIAN_G02,G,8/15/2026,8/15/2026 11:59:00 PM,MAX_OPERATING_MW,6.60,
8/15/2026 10:45:00 AM,RTD,CMIN,10LIAN_G02,G,8/15/2026,8/15/2026 11:59:00 PM,MIN_OPERATING_MW,6.60,
8/15/2026 10:45:00 AM,RTD,CMIN,14TANTASOL_G01,G,8/15/2026 10:01:00 AM,8/15/2026 11:00:00 AM,MAX_OPERATING_MW,50,
8/15/2026 10:45:00 AM,RTD,CMIN,14TANTASOL_G01,G,8/15/2026 10:01:00 AM,8/15/2026 11:00:00 AM,MIN_OPERATING_MW,50,
8/15/2026 10:50:00 AM,RTD,CLUZ,01BALWIND_G01,G,8/15/2026 9:11:00 AM,8/16/2026,MAX_OPERATING_MW,50,
8/15/2026 10:50:00 AM,RTD,CLUZ,01BALWIND_G01,G,8/15/2026 9:11:00 AM,8/16/2026,MIN_OPERATING_MW,50,
8/15/2026 10:50:00 AM,RTD,CLUZ,01BARBASOL_G01,G,8/15/2026 10:46:00 AM,8/15/2026 10:50:00 AM,MAX_OPERATING_MW,81.34,
8/15/2026 10:50:00 AM,RTD,CLUZ,01BARBASOL_G01,G,8/15/2026 10:46:00 AM,8/15/2026 10:50:00 AM,MIN_OPERATING_MW,81.34,
8/15/2026 10:50:00 AM,RTD,CLUZ,01BARBASOL_G01,G,8/15/2026 10:51:00 AM,8/15/2026 10:55:00 AM,MAX_OPERATING_MW,81.79,
8/15/2026 10:50:00 AM,RTD,CLUZ,01BARBASOL_G01,G,8/15/2026 10:51:00 AM,8/15/2026 10:55:00 AM,MIN_OPERATING_MW,81.79,
8/15/2026 10:50:00 AM,RTD,CLUZ,01BUGSOL_G01,G,8/15/2026 10:46:00 AM,8/15/2026 10:50:00 AM,MAX_OPERATING_MW,150,
8/15/2026 10:50:00 AM,RTD,CLUZ,01BUGSOL_G01,G,8/15/2026 10:46:00 AM,8/15/2026 10:50:00 AM,MIN_OPERATING_MW,150,
8/15/2026 10:50:00 AM,RTD,CLUZ,01BUGSOL_G01,G,8/15/2026 10:51:00 AM,8/15/2026 10:55:00 AM,MAX_OPERATING_MW,150,
8/15/2026 10:50:00 AM,RTD,CLUZ,01BUGSOL_G01,G,8/15/2026 10:51:00 AM,8/15/2026 10:55:00 AM,MIN_OPERATING_MW,150,
8/15/2026 10:50:00 AM,RTD,CLUZ,01BULACSOL_G01,G,8/15/2026 10:01:00 AM,8/15/2026 11:00:00 AM,MAX_OPERATING_MW,13.72,
8/15/2026 10:50:00 AM,RTD,CLUZ,01BULACSOL_G01,G,8/15/2026 10:01:00 AM,8/15/2026 11:00:00 AM,MIN_OPERATING_MW,13.72,
8/15/2026 10:50:00 AM,RTD,CLUZ,01CONSOL_G01,G,8/15/2026 10:46:00 AM,8/15/2026 10:50:00 AM,MAX_OPERATING_MW,63.54,
8/15/2026 10:50:00 AM,RTD,CLUZ,01CONSOL_G01,G,8/15/2026 10:46:00 AM,8/15/2026 10:50:00 AM,MIN_OPERATING_MW,63.54,
8/15/2026 10:50:00 AM,RTD,CLUZ,01CONSOL_G01,G,8/15/2026 10:51:00 AM,8/15/2026 10:55:00 AM,MAX_OPERATING_MW,63.69,
8/15/2026 10:50:00 AM,RTD,CLUZ,01CONSOL_G01,G,8/15/2026 10:51:00 AM,8/15/2026 10:55:00 AM,MIN_OPERATING_MW,63.69,
8/15/2026 10:50:00 AM,RTD,CLUZ,01PASBUSOL_G01,G,8/15/2026 10:01:00 AM,8/15/2026 11:00:00 AM,MAX_OPERATING_MW,37.43,
8/15/2026 10:50:00 AM,RTD,CLUZ,01PASBUSOL_G01,G,8/15/2026 10:01:00 AM,8/15/2026 11:00:00 AM,MIN_OPERATING_MW,37.43,
8/15/2026 10:50:00 AM,RTD,CLUZ,01TERRASOL_G01,G,8/15/2026 6:01:00 AM,8/15/2026 12:00:00 PM,MAX_OPERATING_MW,10,
8/15/2026 10:50:00 AM,RTD,CLUZ,01TERRASOL_G01,G,8/15/2026 6:01:00 AM,8/15/2026 12:00:00 PM,MIN_OPERATING_MW,10,
8/15/2026 10:50:00 AM,RTD,CLUZ,03LUMBSOL_G01,G,8/15/2026 10:46:00 AM,8/15/2026 10:50:00 AM,MAX_OPERATING_MW,10,
8/15/2026 10:50:00 AM,RTD,CLUZ,03LUMBSOL_G01,G,8/15/2026 10:46:00 AM,8/15/2026 10:50:00 AM,MIN_OPERATING_MW,10,
8/15/2026 10:50:00 AM,RTD,CLUZ,03LUMBSOL_G01,G,8/15/2026 10:51:00 AM,8/15/2026 10:55:00 AM,MAX_OPERATING_MW,10,
8/15/2026 10:50:00 AM,RTD,CLUZ,03LUMBSOL_G01,G,8/15/2026 10:51:00 AM,8/15/2026 10:55:00 AM,MIN_OPERATING_MW,10,
8/15/2026 10:50:00 AM,RTD,CLUZ,03LUNSOL_G01,G,8/15/2026 10:46:00 AM,8/15/2026 10:50:00 AM,MAX_OPERATING_MW,36.95,
8/15/2026 10:50:00 AM,RTD,CLUZ,03LUNSOL_G01,G,8/15/2026 10:46:00 AM,8/15/2026 10:50:00 AM,MIN_OPERATING_MW,36.95,
8/15/2026 10:50:00 AM,RTD,CLUZ,03LUNSOL_G01,G,8/15/2026 10:51:00 AM,8/15/2026 10:55:00 AM,MAX_OPERATING_MW,37.10,
8/15/2026 10:50:00 AM,RTD,CLUZ,03LUNSOL_G01,G,8/15/2026 10:51:00 AM,8/15/2026 10:55:00 AM,MIN_OPERATING_MW,37.10,
8/15/2026 10:50:00 AM,RTD,CLUZ,03TANWIND_G01,G,8/15/2026 10:46:00 AM,8/15/2026 10:50:00 AM,MAX_OPERATING_MW,4.20,
8/15/2026 10:50:00 AM,RTD,CLUZ,03TANWIND_G01,G,8/15/2026 10:46:00 AM,8/15/2026 10:50:00 AM,MIN_OPERATING_MW,4.20,
8/15/2026 10:50:00 AM,RTD,CLUZ,03TANWIND_G01,G,8/15/2026 10:51:00 AM,8/15/2026 10:55:00 AM,MAX_OPERATING_MW,4.20,
8/15/2026 10:50:00 AM,RTD,CLUZ,03TANWIND_G01,G,8/15/2026 10:51:00 AM,8/15/2026 10:55:00 AM,MIN_OPERATING_MW,4.20,
8/15/2026 10:50:00 AM,RTD,CVIS,04ISIDROSOL_G01,G,8/15/2026 10:01:00 AM,8/15/2026 11:00:00 AM,MAX_OPERATING_MW,85.10,
8/15/2026 10:50:00 AM,RTD,CVIS,04ISIDROSOL_G01,G,8/15/2026 10:01:00 AM,8/15/2026 11:00:00 AM,MIN_OPERATING_MW,85.10,
8/15/2026 10:50:00 AM,RTD,CVIS,06SLYSOL_G02,G,8/15/2026 10:01:00 AM,8/15/2026 11:00:00 AM,MAX_OPERATING_MW,9.52,
8/15/2026 10:50:00 AM,RTD,CVIS,06SLYSOL_G02,G,8/15/2026 10:01:00 AM,8/15/2026 11:00:00 AM,MIN_OPERATING_MW,9.52,
8/15/2026 10:50:00 AM,RTD,CVIS,06SLYSOL_G03,G,8/15/2026 10:01:00 AM,8/15/2026 11:00:00 AM,MAX_OPERATING_MW,9.43,
8/15/2026 10:50:00 AM,RTD,CVIS,06SLYSOL_G03,G,8/15/2026 10:01:00 AM,8/15/2026 11:00:00 AM,MIN_OPERATING_MW,9.43,
8/15/2026 10:50:00 AM,RTD,CMIN,10IDP1_U07,G,8/15/2026 9:21:00 AM,8/15/2026 12:21:00 PM,MAX_OPERATING_MW,5,
8/15/2026 10:50:00 AM,RTD,CMIN,10IDP1_U07,G,8/15/2026 9:21:00 AM,8/15/2026 12:21:00 PM,MIN_OPERATING_MW,5,
8/15/2026 10:50:00 AM,RTD,CMIN,10LIAN_G02,G,8/15/2026,8/15/2026 11:59:00 PM,MAX_OPERATING_MW,6.60,
8/15/2026 10:50:00 AM,RTD,CMIN,10LIAN_G02,G,8/15/2026,8/15/2026 11:59:00 PM,MIN_OPERATING_MW,6.60,
8/15/2026 10:50:00 AM,RTD,CMIN,14TANTASOL_G01,G,8/15/2026 10:01:00 AM,8/15/2026 11:00:00 AM,MAX_OPERATING_MW,50,
8/15/2026 10:50:00 AM,RTD,CMIN,14TANTASOL_G01,G,8/15/2026 10:01:00 AM,8/15/2026 11:00:00 AM,MIN_OPERATING_MW,50,
8/15/2026 10:55:00 AM,RTD,CLUZ,01BALWIND_G01,G,8/15/2026 9:11:00 AM,8/16/2026,MAX_OPERATING_MW,50,
8/15/2026 10:55:00 AM,RTD,CLUZ,01BALWIND_G01,G,8/15/2026 9:11:00 AM,8/16/2026,MIN_OPERATING_MW,50,
8/15/2026 10:55:00 AM,RTD,CLUZ,01BARBASOL_G01,G,8/15/2026 10:51:00 AM,8/15/2026 10:55:00 AM,MAX_OPERATING_MW,81.79,
8/15/2026 10:55:00 AM,RTD,CLUZ,01BARBASOL_G01,G,8/15/2026 10:51:00 AM,8/15/2026 10:55:00 AM,MIN_OPERATING_MW,81.79,
8/15/2026 10:55:00 AM,RTD,CLUZ,01BARBASOL_G01,G,8/15/2026 10:56:00 AM,8/15/2026 11:00:00 AM,MAX_OPERATING_MW,82.21,
8/15/2026 10:55:00 AM,RTD,CLUZ,01BARBASOL_G01,G,8/15/2026 10:56:00 AM,8/15/2026 11:00:00 AM,MIN_OPERATING_MW,82.21,
8/15/2026 10:55:00 AM,RTD,CLUZ,01BUGSOL_G01,G,8/15/2026 10:51:00 AM,8/15/2026 10:55:00 AM,MAX_OPERATING_MW,150,
8/15/2026 10:55:00 AM,RTD,CLUZ,01BUGSOL_G01,G,8/15/2026 10:51:00 AM,8/15/2026 10:55:00 AM,MIN_OPERATING_MW,150,
8/15/2026 10:55:00 AM,RTD,CLUZ,01BUGSOL_G01,G,8/15/2026 10:56:00 AM,8/15/2026 11:00:00 AM,MAX_OPERATING_MW,150,
8/15/2026 10:55:00 AM,RTD,CLUZ,01BUGSOL_G01,G,8/15/2026 10:56:00 AM,8/15/2026 11:00:00 AM,MIN_OPERATING_MW,150,
8/15/2026 10:55:00 AM,RTD,CLUZ,01BULACSOL_G01,G,8/15/2026 10:01:00 AM,8/15/2026 11:00:00 AM,MAX_OPERATING_MW,13.72,
8/15/2026 10:55:00 AM,RTD,CLUZ,01BULACSOL_G01,G,8/15/2026 10:01:00 AM,8/15/2026 11:00:00 AM,MIN_OPERATING_MW,13.72,
8/15/2026 10:55:00 AM,RTD,CLUZ,01CONSOL_G01,G,8/15/2026 10:51:00 AM,8/15/2026 10:55:00 AM,MAX_OPERATING_MW,63.69,
8/15/2026 10:55:00 AM,RTD,CLUZ,01CONSOL_G01,G,8/15/2026 10:51:00 AM,8/15/2026 10:55:00 AM,MIN_OPERATING_MW,63.69,
8/15/2026 10:55:00 AM,RTD,CLUZ,01CONSOL_G01,G,8/15/2026 10:56:00 AM,8/15/2026 11:00:00 AM,MAX_OPERATING_MW,63.81,
8/15/2026 10:55:00 AM,RTD,CLUZ,01CONSOL_G01,G,8/15/2026 10:56:00 AM,8/15/2026 11:00:00 AM,MIN_OPERATING_MW,63.81,
8/15/2026 10:55:00 AM,RTD,CLUZ,01PASBUSOL_G01,G,8/15/2026 10:01:00 AM,8/15/2026 11:00:00 AM,MAX_OPERATING_MW,37.43,
8/15/2026 10:55:00 AM,RTD,CLUZ,01PASBUSOL_G01,G,8/15/2026 10:01:00 AM,8/15/2026 11:00:00 AM,MIN_OPERATING_MW,37.43,
8/15/2026 10:55:00 AM,RTD,CLUZ,01TERRASOL_G01,G,8/15/2026 6:01:00 AM,8/15/2026 12:00:00 PM,MAX_OPERATING_MW,10,
8/15/2026 10:55:00 AM,RTD,CLUZ,01TERRASOL_G01,G,8/15/2026 6:01:00 AM,8/15/2026 12:00:00 PM,MIN_OPERATING_MW,10,
8/15/2026 10:55:00 AM,RTD,CLUZ,03LUMBSOL_G01,G,8/15/2026 10:51:00 AM,8/15/2026 10:55:00 AM,MAX_OPERATING_MW,10,
8/15/2026 10:55:00 AM,RTD,CLUZ,03LUMBSOL_G01,G,8/15/2026 10:51:00 AM,8/15/2026 10:55:00 AM,MIN_OPERATING_MW,10,
8/15/2026 10:55:00 AM,RTD,CLUZ,03LUMBSOL_G01,G,8/15/2026 10:56:00 AM,8/15/2026 11:00:00 AM,MAX_OPERATING_MW,10,
8/15/2026 10:55:00 AM,RTD,CLUZ,03LUMBSOL_G01,G,8/15/2026 10:56:00 AM,8/15/2026 11:00:00 AM,MIN_OPERATING_MW,10,
8/15/2026 10:55:00 AM,RTD,CLUZ,03LUNSOL_G01,G,8/15/2026 10:51:00 AM,8/15/2026 10:55:00 AM,MAX_OPERATING_MW,37.10,
8/15/2026 10:55:00 AM,RTD,CLUZ,03LUNSOL_G01,G,8/15/2026 10:51:00 AM,8/15/2026 10:55:00 AM,MIN_OPERATING_MW,37.10,
8/15/2026 10:55:00 AM,RTD,CLUZ,03LUNSOL_G01,G,8/15/2026 10:56:00 AM,8/15/2026 11:00:00 AM,MAX_OPERATING_MW,37.23,
8/15/2026 10:55:00 AM,RTD,CLUZ,03LUNSOL_G01,G,8/15/2026 10:56:00 AM,8/15/2026 11:00:00 AM,MIN_OPERATING_MW,37.23,
8/15/2026 10:55:00 AM,RTD,CLUZ,03TANWIND_G01,G,8/15/2026 10:51:00 AM,8/15/2026 10:55:00 AM,MAX_OPERATING_MW,4.20,
8/15/2026 10:55:00 AM,RTD,CLUZ,03TANWIND_G01,G,8/15/2026 10:51:00 AM,8/15/2026 10:55:00 AM,MIN_OPERATING_MW,4.20,
8/15/2026 10:55:00 AM,RTD,CLUZ,03TANWIND_G01,G,8/15/2026 10:56:00 AM,8/15/2026 11:00:00 AM,MAX_OPERATING_MW,4.20,
8/15/2026 10:55:00 AM,RTD,CLUZ,03TANWIND_G01,G,8/15/2026 10:56:00 AM,8/15/2026 11:00:00 AM,MIN_OPERATING_MW,4.20,
8/15/2026 10:55:00 AM,RTD,CVIS,04ISIDROSOL_G01,G,8/15/2026 10:01:00 AM,8/15/2026 11:00:00 AM,MAX_OPERATING_MW,85.10,
8/15/2026 10:55:00 AM,RTD,CVIS,04ISIDROSOL_G01,G,8/15/2026 10:01:00 AM,8/15/2026 11:00:00 AM,MIN_OPERATING_MW,85.10,
8/15/2026 10:55:00 AM,RTD,CVIS,06SLYSOL_G02,G,8/15/2026 10:01:00 AM,8/15/2026 11:00:00 AM,MAX_OPERATING_MW,9.52,
8/15/2026 10:55:00 AM,RTD,CVIS,06SLYSOL_G02,G,8/15/2026 10:01:00 AM,8/15/2026 11:00:00 AM,MIN_OPERATING_MW,9.52,
8/15/2026 10:55:00 AM,RTD,CVIS,06SLYSOL_G03,G,8/15/2026 10:01:00 AM,8/15/2026 11:00:00 AM,MAX_OPERATING_MW,9.43,
8/15/2026 10:55:00 AM,RTD,CVIS,06SLYSOL_G03,G,8/15/2026 10:01:00 AM,8/15/2026 11:00:00 AM,MIN_OPERATING_MW,9.43,
8/15/2026 10:55:00 AM,RTD,CMIN,10IDP1_U07,G,8/15/2026 9:21:00 AM,8/15/2026 12:21:00 PM,MAX_OPERATING_MW,5,
8/15/2026 10:55:00 AM,RTD,CMIN,10IDP1_U07,G,8/15/2026 9:21:00 AM,8/15/2026 12:21:00 PM,MIN_OPERATING_MW,5,
8/15/2026 10:55:00 AM,RTD,CMIN,10LIAN_G02,G,8/15/2026,8/15/2026 11:59:00 PM,MAX_OPERATING_MW,6.60,
8/15/2026 10:55:00 AM,RTD,CMIN,10LIAN_G02,G,8/15/2026,8/15/2026 11:59:00 PM,MIN_OPERATING_MW,6.60,
8/15/2026 10:55:00 AM,RTD,CMIN,14TANTASOL_G01,G,8/15/2026 10:01:00 AM,8/15/2026 11:00:00 AM,MAX_OPERATING_MW,50,
8/15/2026 10:55:00 AM,RTD,CMIN,14TANTASOL_G01,G,8/15/2026 10:01:00 AM,8/15/2026 11:00:00 AM,MIN_OPERATING_MW,50,
8/15/2026 11:00:00 AM,RTD,CLUZ,01BALWIND_G01,G,8/15/2026 9:11:00 AM,8/16/2026,MAX_OPERATING_MW,50,
8/15/2026 11:00:00 AM,RTD,CLUZ,01BALWIND_G01,G,8/15/2026 9:11:00 AM,8/16/2026,MIN_OPERATING_MW,50,
8/15/2026 11:00:00 AM,RTD,CLUZ,01BARBASOL_G01,G,8/15/2026 10:56:00 AM,8/15/2026 11:00:00 AM,MAX_OPERATING_MW,82.21,
8/15/2026 11:00:00 AM,RTD,CLUZ,01BARBASOL_G01,G,8/15/2026 10:56:00 AM,8/15/2026 11:00:00 AM,MIN_OPERATING_MW,82.21,
8/15/2026 11:00:00 AM,RTD,CLUZ,01BARBASOL_G01,G,8/15/2026 11:01:00 AM,8/15/2026 11:05:00 AM,MAX_OPERATING_MW,82.58,
8/15/2026 11:00:00 AM,RTD,CLUZ,01BARBASOL_G01,G,8/15/2026 11:01:00 AM,8/15/2026 11:05:00 AM,MIN_OPERATING_MW,82.58,
8/15/2026 11:00:00 AM,RTD,CLUZ,01BUGSOL_G01,G,8/15/2026 10:56:00 AM,8/15/2026 11:00:00 AM,MAX_OPERATING_MW,150,
8/15/2026 11:00:00 AM,RTD,CLUZ,01BUGSOL_G01,G,8/15/2026 10:56:00 AM,8/15/2026 11:00:00 AM,MIN_OPERATING_MW,150,
8/15/2026 11:00:00 AM,RTD,CLUZ,01BUGSOL_G01,G,8/15/2026 11:01:00 AM,8/15/2026 11:05:00 AM,MAX_OPERATING_MW,150,
8/15/2026 11:00:00 AM,RTD,CLUZ,01BUGSOL_G01,G,8/15/2026 11:01:00 AM,8/15/2026 11:05:00 AM,MIN_OPERATING_MW,150,
8/15/2026 11:00:00 AM,RTD,CLUZ,01BULACSOL_G01,G,8/15/2026 10:01:00 AM,8/15/2026 11:00:00 AM,MAX_OPERATING_MW,13.72,
8/15/2026 11:00:00 AM,RTD,CLUZ,01BULACSOL_G01,G,8/15/2026 10:01:00 AM,8/15/2026 11:00:00 AM,MIN_OPERATING_MW,13.72,
8/15/2026 11:00:00 AM,RTD,CLUZ,01BULACSOL_G01,G,8/15/2026 11:01:00 AM,8/15/2026 12:00:00 PM,MAX_OPERATING_MW,14.02,
8/15/2026 11:00:00 AM,RTD,CLUZ,01BULACSOL_G01,G,8/15/2026 11:01:00 AM,8/15/2026 12:00:00 PM,MIN_OPERATING_MW,14.02,
8/15/2026 11:00:00 AM,RTD,CLUZ,01CONSOL_G01,G,8/15/2026 10:56:00 AM,8/15/2026 11:00:00 AM,MAX_OPERATING_MW,63.81,
8/15/2026 11:00:00 AM,RTD,CLUZ,01CONSOL_G01,G,8/15/2026 10:56:00 AM,8/15/2026 11:00:00 AM,MIN_OPERATING_MW,63.81,
8/15/2026 11:00:00 AM,RTD,CLUZ,01CONSOL_G01,G,8/15/2026 11:01:00 AM,8/15/2026 11:05:00 AM,MAX_OPERATING_MW,63.50,
8/15/2026 11:00:00 AM,RTD,CLUZ,01CONSOL_G01,G,8/15/2026 11:01:00 AM,8/15/2026 11:05:00 AM,MIN_OPERATING_MW,63.50,
8/15/2026 11:00:00 AM,RTD,CLUZ,01PASBUSOL_G01,G,8/15/2026 10:01:00 AM,8/15/2026 11:00:00 AM,MAX_OPERATING_MW,37.43,
8/15/2026 11:00:00 AM,RTD,CLUZ,01PASBUSOL_G01,G,8/15/2026 10:01:00 AM,8/15/2026 11:00:00 AM,MIN_OPERATING_MW,37.43,
8/15/2026 11:00:00 AM,RTD,CLUZ,01PASBUSOL_G01,G,8/15/2026 11:01:00 AM,8/15/2026 12:00:00 PM,MAX_OPERATING_MW,40.09,
8/15/2026 11:00:00 AM,RTD,CLUZ,01PASBUSOL_G01,G,8/15/2026 11:01:00 AM,8/15/2026 12:00:00 PM,MIN_OPERATING_MW,40.09,
8/15/2026 11:00:00 AM,RTD,CLUZ,01TERRASOL_G01,G,8/15/2026 6:01:00 AM,8/15/2026 12:00:00 PM,MAX_OPERATING_MW,10,
8/15/2026 11:00:00 AM,RTD,CLUZ,01TERRASOL_G01,G,8/15/2026 6:01:00 AM,8/15/2026 12:00:00 PM,MIN_OPERATING_MW,10,
8/15/2026 11:00:00 AM,RTD,CLUZ,03LUMBSOL_G01,G,8/15/2026 10:56:00 AM,8/15/2026 11:00:00 AM,MAX_OPERATING_MW,10,
8/15/2026 11:00:00 AM,RTD,CLUZ,03LUMBSOL_G01,G,8/15/2026 10:56:00 AM,8/15/2026 11:00:00 AM,MIN_OPERATING_MW,10,
8/15/2026 11:00:00 AM,RTD,CLUZ,03LUMBSOL_G01,G,8/15/2026 11:01:00 AM,8/15/2026 11:05:00 AM,MAX_OPERATING_MW,15,
8/15/2026 11:00:00 AM,RTD,CLUZ,03LUMBSOL_G01,G,8/15/2026 11:01:00 AM,8/15/2026 11:05:00 AM,MIN_OPERATING_MW,15,
8/15/2026 11:00:00 AM,RTD,CLUZ,03LUNSOL_G01,G,8/15/2026 10:56:00 AM,8/15/2026 11:00:00 AM,MAX_OPERATING_MW,37.23,
8/15/2026 11:00:00 AM,RTD,CLUZ,03LUNSOL_G01,G,8/15/2026 10:56:00 AM,8/15/2026 11:00:00 AM,MIN_OPERATING_MW,37.23,
8/15/2026 11:00:00 AM,RTD,CLUZ,03LUNSOL_G01,G,8/15/2026 11:01:00 AM,8/15/2026 11:05:00 AM,MAX_OPERATING_MW,37.33,
8/15/2026 11:00:00 AM,RTD,CLUZ,03LUNSOL_G01,G,8/15/2026 11:01:00 AM,8/15/2026 11:05:00 AM,MIN_OPERATING_MW,37.33,
8/15/2026 11:00:00 AM,RTD,CLUZ,03TANWIND_G01,G,8/15/2026 10:56:00 AM,8/15/2026 11:00:00 AM,MAX_OPERATING_MW,4.20,
8/15/2026 11:00:00 AM,RTD,CLUZ,03TANWIND_G01,G,8/15/2026 10:56:00 AM,8/15/2026 11:00:00 AM,MIN_OPERATING_MW,4.20,
8/15/2026 11:00:00 AM,RTD,CLUZ,03TANWIND_G01,G,8/15/2026 11:01:00 AM,8/15/2026 11:05:00 AM,MAX_OPERATING_MW,4.50,
8/15/2026 11:00:00 AM,RTD,CLUZ,03TANWIND_G01,G,8/15/2026 11:01:00 AM,8/15/2026 11:05:00 AM,MIN_OPERATING_MW,4.50,
8/15/2026 11:00:00 AM,RTD,CVIS,04ISIDROSOL_G01,G,8/15/2026 10:01:00 AM,8/15/2026 11:00:00 AM,MAX_OPERATING_MW,85.10,
8/15/2026 11:00:00 AM,RTD,CVIS,04ISIDROSOL_G01,G,8/15/2026 10:01:00 AM,8/15/2026 11:00:00 AM,MIN_OPERATING_MW,85.10,
8/15/2026 11:00:00 AM,RTD,CVIS,04ISIDROSOL_G01,G,8/15/2026 11:01:00 AM,8/15/2026 12:00:00 PM,MAX_OPERATING_MW,93.60,
8/15/2026 11:00:00 AM,RTD,CVIS,04ISIDROSOL_G01,G,8/15/2026 11:01:00 AM,8/15/2026 12:00:00 PM,MIN_OPERATING_MW,93.60,
8/15/2026 11:00:00 AM,RTD,CVIS,06SLYSOL_G02,G,8/15/2026 10:01:00 AM,8/15/2026 11:00:00 AM,MAX_OPERATING_MW,9.52,
8/15/2026 11:00:00 AM,RTD,CVIS,06SLYSOL_G02,G,8/15/2026 10:01:00 AM,8/15/2026 11:00:00 AM,MIN_OPERATING_MW,9.52,
8/15/2026 11:00:00 AM,RTD,CVIS,06SLYSOL_G02,G,8/15/2026 11:01:00 AM,8/15/2026 12:00:00 PM,MAX_OPERATING_MW,9.50,
8/15/2026 11:00:00 AM,RTD,CVIS,06SLYSOL_G02,G,8/15/2026 11:01:00 AM,8/15/2026 12:00:00 PM,MIN_OPERATING_MW,9.50,
8/15/2026 11:00:00 AM,RTD,CVIS,06SLYSOL_G03,G,8/15/2026 10:01:00 AM,8/15/2026 11:00:00 AM,MAX_OPERATING_MW,9.43,
8/15/2026 11:00:00 AM,RTD,CVIS,06SLYSOL_G03,G,8/15/2026 10:01:00 AM,8/15/2026 11:00:00 AM,MIN_OPERATING_MW,9.43,
8/15/2026 11:00:00 AM,RTD,CVIS,06SLYSOL_G03,G,8/15/2026 11:01:00 AM,8/15/2026 12:00:00 PM,MAX_OPERATING_MW,9.50,
8/15/2026 11:00:00 AM,RTD,CVIS,06SLYSOL_G03,G,8/15/2026 11:01:00 AM,8/15/2026 12:00:00 PM,MIN_OPERATING_MW,9.50,
8/15/2026 11:00:00 AM,RTD,CMIN,10IDP1_U07,G,8/15/2026 9:21:00 AM,8/15/2026 12:21:00 PM,MAX_OPERATING_MW,5,
8/15/2026 11:00:00 AM,RTD,CMIN,10IDP1_U07,G,8/15/2026 9:21:00 AM,8/15/2026 12:21:00 PM,MIN_OPERATING_MW,5,
8/15/2026 11:00:00 AM,RTD,CMIN,10LIAN_G02,G,8/15/2026,8/15/2026 11:59:00 PM,MAX_OPERATING_MW,6.60,
8/15/2026 11:00:00 AM,RTD,CMIN,10LIAN_G02,G,8/15/2026,8/15/2026 11:59:00 PM,MIN_OPERATING_MW,6.60,
8/15/2026 11:00:00 AM,RTD,CMIN,14TANTASOL_G01,G,8/15/2026 10:01:00 AM,8/15/2026 11:00:00 AM,MAX_OPERATING_MW,50,
8/15/2026 11:00:00 AM,RTD,CMIN,14TANTASOL_G01,G,8/15/2026 10:01:00 AM,8/15/2026 11:00:00 AM,MIN_OPERATING_MW,50,
8/15/2026 11:00:00 AM,RTD,CMIN,14TANTASOL_G01,G,8/15/2026 11:01:00 AM,8/15/2026 12:00:00 PM,MAX_OPERATING_MW,50,
8/15/2026 11:00:00 AM,RTD,CMIN,14TANTASOL_G01,G,8/15/2026 11:01:00 AM,8/15/2026 12:00:00 PM,MIN_OPERATING_MW,50,
8/15/2026 11:05:00 AM,RTD,CLUZ,01BALWIND_G01,G,8/15/2026 9:11:00 AM,8/16/2026,MAX_OPERATING_MW,50,
8/15/2026 11:05:00 AM,RTD,CLUZ,01BALWIND_G01,G,8/15/2026 9:11:00 AM,8/16/2026,MIN_OPERATING_MW,50,
8/15/2026 11:05:00 AM,RTD,CLUZ,01BARBASOL_G01,G,8/15/2026 11:01:00 AM,8/15/2026 11:05:00 AM,MAX_OPERATING_MW,82.58,
8/15/2026 11:05:00 AM,RTD,CLUZ,01BARBASOL_G01,G,8/15/2026 11:01:00 AM,8/15/2026 11:05:00 AM,MIN_OPERATING_MW,82.58,
8/15/2026 11:05:00 AM,RTD,CLUZ,01BARBASOL_G01,G,8/15/2026 11:06:00 AM,8/15/2026 11:10:00 AM,MAX_OPERATING_MW,82.92,
8/15/2026 11:05:00 AM,RTD,CLUZ,01BARBASOL_G01,G,8/15/2026 11:06:00 AM,8/15/2026 11:10:00 AM,MIN_OPERATING_MW,82.92,
8/15/2026 11:05:00 AM,RTD,CLUZ,01BUGSOL_G01,G,8/15/2026 11:01:00 AM,8/15/2026 11:05:00 AM,MAX_OPERATING_MW,250,
8/15/2026 11:05:00 AM,RTD,CLUZ,01BUGSOL_G01,G,8/15/2026 11:01:00 AM,8/15/2026 11:05:00 AM,MIN_OPERATING_MW,250,
8/15/2026 11:05:00 AM,RTD,CLUZ,01BUGSOL_G01,G,8/15/2026 11:06:00 AM,8/15/2026 11:10:00 AM,MAX_OPERATING_MW,270,
8/15/2026 11:05:00 AM,RTD,CLUZ,01BUGSOL_G01,G,8/15/2026 11:06:00 AM,8/15/2026 11:10:00 AM,MIN_OPERATING_MW,270,
8/15/2026 11:05:00 AM,RTD,CLUZ,01BULACSOL_G01,G,8/15/2026 11:01:00 AM,8/15/2026 12:00:00 PM,MAX_OPERATING_MW,14.02,
8/15/2026 11:05:00 AM,RTD,CLUZ,01BULACSOL_G01,G,8/15/2026 11:01:00 AM,8/15/2026 12:00:00 PM,MIN_OPERATING_MW,14.02,
8/15/2026 11:05:00 AM,RTD,CLUZ,01CONSOL_G01,G,8/15/2026 11:01:00 AM,8/15/2026 11:05:00 AM,MAX_OPERATING_MW,63.50,
8/15/2026 11:05:00 AM,RTD,CLUZ,01CONSOL_G01,G,8/15/2026 11:01:00 AM,8/15/2026 11:05:00 AM,MIN_OPERATING_MW,63.50,
8/15/2026 11:05:00 AM,RTD,CLUZ,01CONSOL_G01,G,8/15/2026 11:06:00 AM,8/15/2026 11:10:00 AM,MAX_OPERATING_MW,62.64,
8/15/2026 11:05:00 AM,RTD,CLUZ,01CONSOL_G01,G,8/15/2026 11:06:00 AM,8/15/2026 11:10:00 AM,MIN_OPERATING_MW,62.64,
8/15/2026 11:05:00 AM,RTD,CLUZ,01PASBUSOL_G01,G,8/15/2026 11:01:00 AM,8/15/2026 12:00:00 PM,MAX_OPERATING_MW,40.09,
8/15/2026 11:05:00 AM,RTD,CLUZ,01PASBUSOL_G01,G,8/15/2026 11:01:00 AM,8/15/2026 12:00:00 PM,MIN_OPERATING_MW,40.09,
8/15/2026 11:05:00 AM,RTD,CLUZ,01TERRASOL_G01,G,8/15/2026 6:01:00 AM,8/15/2026 12:00:00 PM,MAX_OPERATING_MW,10,
8/15/2026 11:05:00 AM,RTD,CLUZ,01TERRASOL_G01,G,8/15/2026 6:01:00 AM,8/15/2026 12:00:00 PM,MIN_OPERATING_MW,10,
8/15/2026 11:05:00 AM,RTD,CLUZ,03LUMBSOL_G01,G,8/15/2026 11:01:00 AM,8/15/2026 11:05:00 AM,MAX_OPERATING_MW,15,
8/15/2026 11:05:00 AM,RTD,CLUZ,03LUMBSOL_G01,G,8/15/2026 11:01:00 AM,8/15/2026 11:05:00 AM,MIN_OPERATING_MW,15,
8/15/2026 11:05:00 AM,RTD,CLUZ,03LUMBSOL_G01,G,8/15/2026 11:06:00 AM,8/15/2026 11:10:00 AM,MAX_OPERATING_MW,15,
8/15/2026 11:05:00 AM,RTD,CLUZ,03LUMBSOL_G01,G,8/15/2026 11:06:00 AM,8/15/2026 11:10:00 AM,MIN_OPERATING_MW,15,
8/15/2026 11:05:00 AM,RTD,CLUZ,03LUNSOL_G01,G,8/15/2026 11:01:00 AM,8/15/2026 11:05:00 AM,MAX_OPERATING_MW,37.33,
8/15/2026 11:05:00 AM,RTD,CLUZ,03LUNSOL_G01,G,8/15/2026 11:01:00 AM,8/15/2026 11:05:00 AM,MIN_OPERATING_MW,37.33,
8/15/2026 11:05:00 AM,RTD,CLUZ,03LUNSOL_G01,G,8/15/2026 11:06:00 AM,8/15/2026 11:10:00 AM,MAX_OPERATING_MW,37.38,
8/15/2026 11:05:00 AM,RTD,CLUZ,03LUNSOL_G01,G,8/15/2026 11:06:00 AM,8/15/2026 11:10:00 AM,MIN_OPERATING_MW,37.38,
8/15/2026 11:05:00 AM,RTD,CLUZ,03TANWIND_G01,G,8/15/2026 11:01:00 AM,8/15/2026 11:05:00 AM,MAX_OPERATING_MW,4.50,
8/15/2026 11:05:00 AM,RTD,CLUZ,03TANWIND_G01,G,8/15/2026 11:01:00 AM,8/15/2026 11:05:00 AM,MIN_OPERATING_MW,4.50,
8/15/2026 11:05:00 AM,RTD,CLUZ,03TANWIND_G01,G,8/15/2026 11:06:00 AM,8/15/2026 11:10:00 AM,MAX_OPERATING_MW,4.50,
8/15/2026 11:05:00 AM,RTD,CLUZ,03TANWIND_G01,G,8/15/2026 11:06:00 AM,8/15/2026 11:10:00 AM,MIN_OPERATING_MW,4.50,
8/15/2026 11:05:00 AM,RTD,CVIS,04ISIDROSOL_G01,G,8/15/2026 11:01:00 AM,8/15/2026 12:00:00 PM,MAX_OPERATING_MW,93.60,
8/15/2026 11:05:00 AM,RTD,CVIS,04ISIDROSOL_G01,G,8/15/2026 11:01:00 AM,8/15/2026 12:00:00 PM,MIN_OPERATING_MW,93.60,
8/15/2026 11:05:00 AM,RTD,CVIS,06SLYSOL_G02,G,8/15/2026 11:01:00 AM,8/15/2026 12:00:00 PM,MAX_OPERATING_MW,9.50,
8/15/2026 11:05:00 AM,RTD,CVIS,06SLYSOL_G02,G,8/15/2026 11:01:00 AM,8/15/2026 12:00:00 PM,MIN_OPERATING_MW,9.50,
8/15/2026 11:05:00 AM,RTD,CVIS,06SLYSOL_G03,G,8/15/2026 11:01:00 AM,8/15/2026 12:00:00 PM,MAX_OPERATING_MW,9.50,
8/15/2026 11:05:00 AM,RTD,CVIS,06SLYSOL_G03,G,8/15/2026 11:01:00 AM,8/15/2026 12:00:00 PM,MIN_OPERATING_MW,9.50,
8/15/2026 11:05:00 AM,RTD,CMIN,10IDP1_U07,G,8/15/2026 9:21:00 AM,8/15/2026 12:21:00 PM,MAX_OPERATING_MW,5,
8/15/2026 11:05:00 AM,RTD,CMIN,10IDP1_U07,G,8/15/2026 9:21:00 AM,8/15/2026 12:21:00 PM,MIN_OPERATING_MW,5,
8/15/2026 11:05:00 AM,RTD,CMIN,10LIAN_G02,G,8/15/2026,8/15/2026 11:59:00 PM,MAX_OPERATING_MW,6.60,
8/15/2026 11:05:00 AM,RTD,CMIN,10LIAN_G02,G,8/15/2026,8/15/2026 11:59:00 PM,MIN_OPERATING_MW,6.60,
8/15/2026 11:05:00 AM,RTD,CMIN,14TANTASOL_G01,G,8/15/2026 11:01:00 AM,8/15/2026 12:00:00 PM,MAX_OPERATING_MW,50,
8/15/2026 11:05:00 AM,RTD,CMIN,14TANTASOL_G01,G,8/15/2026 11:01:00 AM,8/15/2026 12:00:00 PM,MIN_OPERATING_MW,50,
8/15/2026 11:10:00 AM,RTD,CLUZ,01BALWIND_G01,G,8/15/2026 9:11:00 AM,8/16/2026,MAX_OPERATING_MW,50,
8/15/2026 11:10:00 AM,RTD,CLUZ,01BALWIND_G01,G,8/15/2026 9:11:00 AM,8/16/2026,MIN_OPERATING_MW,50,
8/15/2026 11:10:00 AM,RTD,CLUZ,01BARBASOL_G01,G,8/15/2026 11:06:00 AM,8/15/2026 11:10:00 AM,MAX_OPERATING_MW,82.92,
8/15/2026 11:10:00 AM,RTD,CLUZ,01BARBASOL_G01,G,8/15/2026 11:06:00 AM,8/15/2026 11:10:00 AM,MIN_OPERATING_MW,82.92,
8/15/2026 11:10:00 AM,RTD,CLUZ,01BARBASOL_G01,G,8/15/2026 11:11:00 AM,8/15/2026 11:15:00 AM,MAX_OPERATING_MW,83.24,
8/15/2026 11:10:00 AM,RTD,CLUZ,01BARBASOL_G01,G,8/15/2026 11:11:00 AM,8/15/2026 11:15:00 AM,MIN_OPERATING_MW,83.24,
8/15/2026 11:10:00 AM,RTD,CLUZ,01BUGSOL_G01,G,8/15/2026 11:06:00 AM,8/15/2026 11:10:00 AM,MAX_OPERATING_MW,270,
8/15/2026 11:10:00 AM,RTD,CLUZ,01BUGSOL_G01,G,8/15/2026 11:06:00 AM,8/15/2026 11:10:00 AM,MIN_OPERATING_MW,270,
8/15/2026 11:10:00 AM,RTD,CLUZ,01BUGSOL_G01,G,8/15/2026 11:11:00 AM,8/15/2026 11:15:00 AM,MAX_OPERATING_MW,270,
8/15/2026 11:10:00 AM,RTD,CLUZ,01BUGSOL_G01,G,8/15/2026 11:11:00 AM,8/15/2026 11:15:00 AM,MIN_OPERATING_MW,270,
8/15/2026 11:10:00 AM,RTD,CLUZ,01BULACSOL_G01,G,8/15/2026 11:01:00 AM,8/15/2026 12:00:00 PM,MAX_OPERATING_MW,14.02,
8/15/2026 11:10:00 AM,RTD,CLUZ,01BULACSOL_G01,G,8/15/2026 11:01:00 AM,8/15/2026 12:00:00 PM,MIN_OPERATING_MW,14.02,
8/15/2026 11:10:00 AM,RTD,CLUZ,01CONSOL_G01,G,8/15/2026 11:06:00 AM,8/15/2026 11:10:00 AM,MAX_OPERATING_MW,62.64,
8/15/2026 11:10:00 AM,RTD,CLUZ,01CONSOL_G01,G,8/15/2026 11:06:00 AM,8/15/2026 11:10:00 AM,MIN_OPERATING_MW,62.64,
8/15/2026 11:10:00 AM,RTD,CLUZ,01CONSOL_G01,G,8/15/2026 11:11:00 AM,8/15/2026 11:15:00 AM,MAX_OPERATING_MW,61.71,
8/15/2026 11:10:00 AM,RTD,CLUZ,01CONSOL_G01,G,8/15/2026 11:11:00 AM,8/15/2026 11:15:00 AM,MIN_OPERATING_MW,61.71,
8/15/2026 11:10:00 AM,RTD,CLUZ,01PASBUSOL_G01,G,8/15/2026 11:01:00 AM,8/15/2026 12:00:00 PM,MAX_OPERATING_MW,40.09,
8/15/2026 11:10:00 AM,RTD,CLUZ,01PASBUSOL_G01,G,8/15/2026 11:01:00 AM,8/15/2026 12:00:00 PM,MIN_OPERATING_MW,40.09,
8/15/2026 11:10:00 AM,RTD,CLUZ,01TERRASOL_G01,G,8/15/2026 6:01:00 AM,8/15/2026 12:00:00 PM,MAX_OPERATING_MW,10,
8/15/2026 11:10:00 AM,RTD,CLUZ,01TERRASOL_G01,G,8/15/2026 6:01:00 AM,8/15/2026 12:00:00 PM,MIN_OPERATING_MW,10,
8/15/2026 11:10:00 AM,RTD,CLUZ,03LUMBSOL_G01,G,8/15/2026 11:06:00 AM,8/15/2026 11:10:00 AM,MAX_OPERATING_MW,15,
8/15/2026 11:10:00 AM,RTD,CLUZ,03LUMBSOL_G01,G,8/15/2026 11:06:00 AM,8/15/2026 11:10:00 AM,MIN_OPERATING_MW,15,
8/15/2026 11:10:00 AM,RTD,CLUZ,03LUMBSOL_G01,G,8/15/2026 11:11:00 AM,8/15/2026 11:15:00 AM,MAX_OPERATING_MW,15,
8/15/2026 11:10:00 AM,RTD,CLUZ,03LUMBSOL_G01,G,8/15/2026 11:11:00 AM,8/15/2026 11:15:00 AM,MIN_OPERATING_MW,15,
8/15/2026 11:10:00 AM,RTD,CLUZ,03LUNSOL_G01,G,8/15/2026 11:06:00 AM,8/15/2026 11:10:00 AM,MAX_OPERATING_MW,37.38,
8/15/2026 11:10:00 AM,RTD,CLUZ,03LUNSOL_G01,G,8/15/2026 11:06:00 AM,8/15/2026 11:10:00 AM,MIN_OPERATING_MW,37.38,
8/15/2026 11:10:00 AM,RTD,CLUZ,03LUNSOL_G01,G,8/15/2026 11:11:00 AM,8/15/2026 11:15:00 AM,MAX_OPERATING_MW,37.38,
8/15/2026 11:10:00 AM,RTD,CLUZ,03LUNSOL_G01,G,8/15/2026 11:11:00 AM,8/15/2026 11:15:00 AM,MIN_OPERATING_MW,37.38,
8/15/2026 11:10:00 AM,RTD,CLUZ,03TANWIND_G01,G,8/15/2026 11:06:00 AM,8/15/2026 11:10:00 AM,MAX_OPERATING_MW,4.50,
8/15/2026 11:10:00 AM,RTD,CLUZ,03TANWIND_G01,G,8/15/2026 11:06:00 AM,8/15/2026 11:10:00 AM,MIN_OPERATING_MW,4.50,
8/15/2026 11:10:00 AM,RTD,CLUZ,03TANWIND_G01,G,8/15/2026 11:11:00 AM,8/15/2026 11:15:00 AM,MAX_OPERATING_MW,4.50,
8/15/2026 11:10:00 AM,RTD,CLUZ,03TANWIND_G01,G,8/15/2026 11:11:00 AM,8/15/2026 11:15:00 AM,MIN_OPERATING_MW,4.50,
8/15/2026 11:10:00 AM,RTD,CVIS,04ISIDROSOL_G01,G,8/15/2026 11:01:00 AM,8/15/2026 12:00:00 PM,MAX_OPERATING_MW,93.60,
8/15/2026 11:10:00 AM,RTD,CVIS,04ISIDROSOL_G01,G,8/15/2026 11:01:00 AM,8/15/2026 12:00:00 PM,MIN_OPERATING_MW,93.60,
8/15/2026 11:10:00 AM,RTD,CVIS,06SLYSOL_G02,G,8/15/2026 11:01:00 AM,8/15/2026 12:00:00 PM,MAX_OPERATING_MW,9.50,
8/15/2026 11:10:00 AM,RTD,CVIS,06SLYSOL_G02,G,8/15/2026 11:01:00 AM,8/15/2026 12:00:00 PM,MIN_OPERATING_MW,9.50,
8/15/2026 11:10:00 AM,RTD,CVIS,06SLYSOL_G03,G,8/15/2026 11:01:00 AM,8/15/2026 12:00:00 PM,MAX_OPERATING_MW,9.50,
8/15/2026 11:10:00 AM,RTD,CVIS,06SLYSOL_G03,G,8/15/2026 11:01:00 AM,8/15/2026 12:00:00 PM,MIN_OPERATING_MW,9.50,
8/15/2026 11:10:00 AM,RTD,CMIN,10IDP1_U07,G,8/15/2026 9:21:00 AM,8/15/2026 12:21:00 PM,MAX_OPERATING_MW,5,
8/15/2026 11:10:00 AM,RTD,CMIN,10IDP1_U07,G,8/15/2026 9:21:00 AM,8/15/2026 12:21:00 PM,MIN_OPERATING_MW,5,
8/15/2026 11:10:00 AM,RTD,CMIN,10LIAN_G02,G,8/15/2026,8/15/2026 11:59:00 PM,MAX_OPERATING_MW,6.60,
8/15/2026 11:10:00 AM,RTD,CMIN,10LIAN_G02,G,8/15/2026,8/15/2026 11:59:00 PM,MIN_OPERATING_MW,6.60,
8/15/2026 11:10:00 AM,RTD,CMIN,14TANTASOL_G01,G,8/15/2026 11:01:00 AM,8/15/2026 12:00:00 PM,MAX_OPERATING_MW,50,
8/15/2026 11:10:00 AM,RTD,CMIN,14TANTASOL_G01,G,8/15/2026 11:01:00 AM,8/15/2026 12:00:00 PM,MIN_OPERATING_MW,50,
8/15/2026 11:15:00 AM,RTD,CLUZ,01BALWIND_G01,G,8/15/2026 9:11:00 AM,8/16/2026,MAX_OPERATING_MW,50,
8/15/2026 11:15:00 AM,RTD,CLUZ,01BALWIND_G01,G,8/15/2026 9:11:00 AM,8/16/2026,MIN_OPERATING_MW,50,
8/15/2026 11:15:00 AM,RTD,CLUZ,01BARBASOL_G01,G,8/15/2026 11:11:00 AM,8/15/2026 11:15:00 AM,MAX_OPERATING_MW,83.24,
8/15/2026 11:15:00 AM,RTD,CLUZ,01BARBASOL_G01,G,8/15/2026 11:11:00 AM,8/15/2026 11:15:00 AM,MIN_OPERATING_MW,83.24,
8/15/2026 11:15:00 AM,RTD,CLUZ,01BARBASOL_G01,G,8/15/2026 11:16:00 AM,8/15/2026 11:20:00 AM,MAX_OPERATING_MW,83.53,
8/15/2026 11:15:00 AM,RTD,CLUZ,01BARBASOL_G01,G,8/15/2026 11:16:00 AM,8/15/2026 11:20:00 AM,MIN_OPERATING_MW,83.53,
8/15/2026 11:15:00 AM,RTD,CLUZ,01BUGSOL_G01,G,8/15/2026 11:11:00 AM,8/15/2026 11:15:00 AM,MAX_OPERATING_MW,270,
8/15/2026 11:15:00 AM,RTD,CLUZ,01BUGSOL_G01,G,8/15/2026 11:11:00 AM,8/15/2026 11:15:00 AM,MIN_OPERATING_MW,270,
8/15/2026 11:15:00 AM,RTD,CLUZ,01BUGSOL_G01,G,8/15/2026 11:16:00 AM,8/15/2026 11:20:00 AM,MAX_OPERATING_MW,250,
8/15/2026 11:15:00 AM,RTD,CLUZ,01BUGSOL_G01,G,8/15/2026 11:16:00 AM,8/15/2026 11:20:00 AM,MIN_OPERATING_MW,250,
8/15/2026 11:15:00 AM,RTD,CLUZ,01BULACSOL_G01,G,8/15/2026 11:01:00 AM,8/15/2026 12:00:00 PM,MAX_OPERATING_MW,14.02,
8/15/2026 11:15:00 AM,RTD,CLUZ,01BULACSOL_G01,G,8/15/2026 11:01:00 AM,8/15/2026 12:00:00 PM,MIN_OPERATING_MW,14.02,
8/15/2026 11:15:00 AM,RTD,CLUZ,01CONSOL_G01,G,8/15/2026 11:11:00 AM,8/15/2026 11:15:00 AM,MAX_OPERATING_MW,61.71,
8/15/2026 11:15:00 AM,RTD,CLUZ,01CONSOL_G01,G,8/15/2026 11:11:00 AM,8/15/2026 11:15:00 AM,MIN_OPERATING_MW,61.71,
8/15/2026 11:15:00 AM,RTD,CLUZ,01CONSOL_G01,G,8/15/2026 11:16:00 AM,8/15/2026 11:20:00 AM,MAX_OPERATING_MW,60.72,
8/15/2026 11:15:00 AM,RTD,CLUZ,01CONSOL_G01,G,8/15/2026 11:16:00 AM,8/15/2026 11:20:00 AM,MIN_OPERATING_MW,60.72,
8/15/2026 11:15:00 AM,RTD,CLUZ,01PASBUSOL_G01,G,8/15/2026 11:01:00 AM,8/15/2026 12:00:00 PM,MAX_OPERATING_MW,40.09,
8/15/2026 11:15:00 AM,RTD,CLUZ,01PASBUSOL_G01,G,8/15/2026 11:01:00 AM,8/15/2026 12:00:00 PM,MIN_OPERATING_MW,40.09,
8/15/2026 11:15:00 AM,RTD,CLUZ,01TERRASOL_G01,G,8/15/2026 6:01:00 AM,8/15/2026 12:00:00 PM,MAX_OPERATING_MW,10,
8/15/2026 11:15:00 AM,RTD,CLUZ,01TERRASOL_G01,G,8/15/2026 6:01:00 AM,8/15/2026 12:00:00 PM,MIN_OPERATING_MW,10,
8/15/2026 11:15:00 AM,RTD,CLUZ,03LUMBSOL_G01,G,8/15/2026 11:11:00 AM,8/15/2026 11:15:00 AM,MAX_OPERATING_MW,15,
8/15/2026 11:15:00 AM,RTD,CLUZ,03LUMBSOL_G01,G,8/15/2026 11:11:00 AM,8/15/2026 11:15:00 AM,MIN_OPERATING_MW,15,
8/15/2026 11:15:00 AM,RTD,CLUZ,03LUMBSOL_G01,G,8/15/2026 11:16:00 AM,8/15/2026 11:20:00 AM,MAX_OPERATING_MW,15,
8/15/2026 11:15:00 AM,RTD,CLUZ,03LUMBSOL_G01,G,8/15/2026 11:16:00 AM,8/15/2026 11:20:00 AM,MIN_OPERATING_MW,15,
8/15/2026 11:15:00 AM,RTD,CLUZ,03LUNSOL_G01,G,8/15/2026 11:11:00 AM,8/15/2026 11:15:00 AM,MAX_OPERATING_MW,37.38,
8/15/2026 11:15:00 AM,RTD,CLUZ,03LUNSOL_G01,G,8/15/2026 11:11:00 AM,8/15/2026 11:15:00 AM,MIN_OPERATING_MW,37.38,
8/15/2026 11:15:00 AM,RTD,CLUZ,03LUNSOL_G01,G,8/15/2026 11:16:00 AM,8/15/2026 11:20:00 AM,MAX_OPERATING_MW,37.38,
8/15/2026 11:15:00 AM,RTD,CLUZ,03LUNSOL_G01,G,8/15/2026 11:16:00 AM,8/15/2026 11:20:00 AM,MIN_OPERATING_MW,37.38,
8/15/2026 11:15:00 AM,RTD,CLUZ,03TANWIND_G01,G,8/15/2026 11:11:00 AM,8/15/2026 11:15:00 AM,MAX_OPERATING_MW,4.50,
8/15/2026 11:15:00 AM,RTD,CLUZ,03TANWIND_G01,G,8/15/2026 11:11:00 AM,8/15/2026 11:15:00 AM,MIN_OPERATING_MW,4.50,
8/15/2026 11:15:00 AM,RTD,CLUZ,03TANWIND_G01,G,8/15/2026 11:16:00 AM,8/15/2026 11:20:00 AM,MAX_OPERATING_MW,4.50,
8/15/2026 11:15:00 AM,RTD,CLUZ,03TANWIND_G01,G,8/15/2026 11:16:00 AM,8/15/2026 11:20:00 AM,MIN_OPERATING_MW,4.50,
8/15/2026 11:15:00 AM,RTD,CVIS,04ISIDROSOL_G01,G,8/15/2026 11:01:00 AM,8/15/2026 12:00:00 PM,MAX_OPERATING_MW,93.60,
8/15/2026 11:15:00 AM,RTD,CVIS,04ISIDROSOL_G01,G,8/15/2026 11:01:00 AM,8/15/2026 12:00:00 PM,MIN_OPERATING_MW,93.60,
8/15/2026 11:15:00 AM,RTD,CVIS,06SLYSOL_G02,G,8/15/2026 11:01:00 AM,8/15/2026 12:00:00 PM,MAX_OPERATING_MW,9.50,
8/15/2026 11:15:00 AM,RTD,CVIS,06SLYSOL_G02,G,8/15/2026 11:01:00 AM,8/15/2026 12:00:00 PM,MIN_OPERATING_MW,9.50,
8/15/2026 11:15:00 AM,RTD,CVIS,06SLYSOL_G03,G,8/15/2026 11:01:00 AM,8/15/2026 12:00:00 PM,MAX_OPERATING_MW,9.50,
8/15/2026 11:15:00 AM,RTD,CVIS,06SLYSOL_G03,G,8/15/2026 11:01:00 AM,8/15/2026 12:00:00 PM,MIN_OPERATING_MW,9.50,
8/15/2026 11:15:00 AM,RTD,CMIN,10IDP1_U07,G,8/15/2026 9:21:00 AM,8/15/2026 12:21:00 PM,MAX_OPERATING_MW,5,
8/15/2026 11:15:00 AM,RTD,CMIN,10IDP1_U07,G,8/15/2026 9:21:00 AM,8/15/2026 12:21:00 PM,MIN_OPERATING_MW,5,
8/15/2026 11:15:00 AM,RTD,CMIN,10LIAN_G02,G,8/15/2026,8/15/2026 11:59:00 PM,MAX_OPERATING_MW,6.60,
8/15/2026 11:15:00 AM,RTD,CMIN,10LIAN_G02,G,8/15/2026,8/15/2026 11:59:00 PM,MIN_OPERATING_MW,6.60,
8/15/2026 11:15:00 AM,RTD,CMIN,14TANTASOL_G01,G,8/15/2026 11:01:00 AM,8/15/2026 12:00:00 PM,MAX_OPERATING_MW,50,
8/15/2026 11:15:00 AM,RTD,CMIN,14TANTASOL_G01,G,8/15/2026 11:01:00 AM,8/15/2026 12:00:00 PM,MIN_OPERATING_MW,50,
8/15/2026 11:20:00 AM,RTD,CLUZ,01BALWIND_G01,G,8/15/2026 9:11:00 AM,8/16/2026,MAX_OPERATING_MW,50,
8/15/2026 11:20:00 AM,RTD,CLUZ,01BALWIND_G01,G,8/15/2026 9:11:00 AM,8/16/2026,MIN_OPERATING_MW,50,
8/15/2026 11:20:00 AM,RTD,CLUZ,01BARBASOL_G01,G,8/15/2026 11:16:00 AM,8/15/2026 11:20:00 AM,MAX_OPERATING_MW,83.53,
8/15/2026 11:20:00 AM,RTD,CLUZ,01BARBASOL_G01,G,8/15/2026 11:16:00 AM,8/15/2026 11:20:00 AM,MIN_OPERATING_MW,83.53,
8/15/2026 11:20:00 AM,RTD,CLUZ,01BARBASOL_G01,G,8/15/2026 11:21:00 AM,8/15/2026 11:25:00 AM,MAX_OPERATING_MW,83.77,
8/15/2026 11:20:00 AM,RTD,CLUZ,01BARBASOL_G01,G,8/15/2026 11:21:00 AM,8/15/2026 11:25:00 AM,MIN_OPERATING_MW,83.77,
8/15/2026 11:20:00 AM,RTD,CLUZ,01BUGSOL_G01,G,8/15/2026 11:16:00 AM,8/15/2026 11:20:00 AM,MAX_OPERATING_MW,250,
8/15/2026 11:20:00 AM,RTD,CLUZ,01BUGSOL_G01,G,8/15/2026 11:16:00 AM,8/15/2026 11:20:00 AM,MIN_OPERATING_MW,250,
8/15/2026 11:20:00 AM,RTD,CLUZ,01BUGSOL_G01,G,8/15/2026 11:21:00 AM,8/15/2026 11:25:00 AM,MAX_OPERATING_MW,250,
8/15/2026 11:20:00 AM,RTD,CLUZ,01BUGSOL_G01,G,8/15/2026 11:21:00 AM,8/15/2026 11:25:00 AM,MIN_OPERATING_MW,250,
8/15/2026 11:20:00 AM,RTD,CLUZ,01BULACSOL_G01,G,8/15/2026 11:01:00 AM,8/15/2026 12:00:00 PM,MAX_OPERATING_MW,14.02,
8/15/2026 11:20:00 AM,RTD,CLUZ,01BULACSOL_G01,G,8/15/2026 11:01:00 AM,8/15/2026 12:00:00 PM,MIN_OPERATING_MW,14.02,
8/15/2026 11:20:00 AM,RTD,CLUZ,01CONSOL_G01,G,8/15/2026 11:16:00 AM,8/15/2026 11:20:00 AM,MAX_OPERATING_MW,60.72,
8/15/2026 11:20:00 AM,RTD,CLUZ,01CONSOL_G01,G,8/15/2026 11:16:00 AM,8/15/2026 11:20:00 AM,MIN_OPERATING_MW,60.72,
8/15/2026 11:20:00 AM,RTD,CLUZ,01CONSOL_G01,G,8/15/2026 11:21:00 AM,8/15/2026 11:25:00 AM,MAX_OPERATING_MW,59.67,
8/15/2026 11:20:00 AM,RTD,CLUZ,01CONSOL_G01,G,8/15/2026 11:21:00 AM,8/15/2026 11:25:00 AM,MIN_OPERATING_MW,59.67,
8/15/2026 11:20:00 AM,RTD,CLUZ,01PASBUSOL_G01,G,8/15/2026 11:01:00 AM,8/15/2026 12:00:00 PM,MAX_OPERATING_MW,40.09,
8/15/2026 11:20:00 AM,RTD,CLUZ,01PASBUSOL_G01,G,8/15/2026 11:01:00 AM,8/15/2026 12:00:00 PM,MIN_OPERATING_MW,40.09,
8/15/2026 11:20:00 AM,RTD,CLUZ,01TERRASOL_G01,G,8/15/2026 6:01:00 AM,8/15/2026 12:00:00 PM,MAX_OPERATING_MW,10,
8/15/2026 11:20:00 AM,RTD,CLUZ,01TERRASOL_G01,G,8/15/2026 6:01:00 AM,8/15/2026 12:00:00 PM,MIN_OPERATING_MW,10,
8/15/2026 11:20:00 AM,RTD,CLUZ,03LUMBSOL_G01,G,8/15/2026 11:16:00 AM,8/15/2026 11:20:00 AM,MAX_OPERATING_MW,15,
8/15/2026 11:20:00 AM,RTD,CLUZ,03LUMBSOL_G01,G,8/15/2026 11:16:00 AM,8/15/2026 11:20:00 AM,MIN_OPERATING_MW,15,
8/15/2026 11:20:00 AM,RTD,CLUZ,03LUMBSOL_G01,G,8/15/2026 11:21:00 AM,8/15/2026 11:25:00 AM,MAX_OPERATING_MW,15,
8/15/2026 11:20:00 AM,RTD,CLUZ,03LUMBSOL_G01,G,8/15/2026 11:21:00 AM,8/15/2026 11:25:00 AM,MIN_OPERATING_MW,15,
8/15/2026 11:20:00 AM,RTD,CLUZ,03LUNSOL_G01,G,8/15/2026 11:16:00 AM,8/15/2026 11:20:00 AM,MAX_OPERATING_MW,37.38,
8/15/2026 11:20:00 AM,RTD,CLUZ,03LUNSOL_G01,G,8/15/2026 11:16:00 AM,8/15/2026 11:20:00 AM,MIN_OPERATING_MW,37.38,
8/15/2026 11:20:00 AM,RTD,CLUZ,03LUNSOL_G01,G,8/15/2026 11:21:00 AM,8/15/2026 11:25:00 AM,MAX_OPERATING_MW,37.38,
8/15/2026 11:20:00 AM,RTD,CLUZ,03LUNSOL_G01,G,8/15/2026 11:21:00 AM,8/15/2026 11:25:00 AM,MIN_OPERATING_MW,37.38,
8/15/2026 11:20:00 AM,RTD,CLUZ,03TANWIND_G01,G,8/15/2026 11:16:00 AM,8/15/2026 11:20:00 AM,MAX_OPERATING_MW,4.50,
8/15/2026 11:20:00 AM,RTD,CLUZ,03TANWIND_G01,G,8/15/2026 11:16:00 AM,8/15/2026 11:20:00 AM,MIN_OPERATING_MW,4.50,
8/15/2026 11:20:00 AM,RTD,CLUZ,03TANWIND_G01,G,8/15/2026 11:21:00 AM,8/15/2026 11:25:00 AM,MAX_OPERATING_MW,4.50,
8/15/2026 11:20:00 AM,RTD,CLUZ,03TANWIND_G01,G,8/15/2026 11:21:00 AM,8/15/2026 11:25:00 AM,MIN_OPERATING_MW,4.50,
8/15/2026 11:20:00 AM,RTD,CVIS,04ISIDROSOL_G01,G,8/15/2026 11:01:00 AM,8/15/2026 12:00:00 PM,MAX_OPERATING_MW,93.60,
8/15/2026 11:20:00 AM,RTD,CVIS,04ISIDROSOL_G01,G,8/15/2026 11:01:00 AM,8/15/2026 12:00:00 PM,MIN_OPERATING_MW,93.60,
8/15/2026 11:20:00 AM,RTD,CVIS,06SLYSOL_G02,G,8/15/2026 11:01:00 AM,8/15/2026 12:00:00 PM,MAX_OPERATING_MW,9.50,
8/15/2026 11:20:00 AM,RTD,CVIS,06SLYSOL_G02,G,8/15/2026 11:01:00 AM,8/15/2026 12:00:00 PM,MIN_OPERATING_MW,9.50,
8/15/2026 11:20:00 AM,RTD,CVIS,06SLYSOL_G03,G,8/15/2026 11:01:00 AM,8/15/2026 12:00:00 PM,MAX_OPERATING_MW,9.50,
8/15/2026 11:20:00 AM,RTD,CVIS,06SLYSOL_G03,G,8/15/2026 11:01:00 AM,8/15/2026 12:00:00 PM,MIN_OPERATING_MW,9.50,
8/15/2026 11:20:00 AM,RTD,CMIN,10IDP1_U07,G,8/15/2026 9:21:00 AM,8/15/2026 12:21:00 PM,MAX_OPERATING_MW,5,
8/15/2026 11:20:00 AM,RTD,CMIN,10IDP1_U07,G,8/15/2026 9:21:00 AM,8/15/2026 12:21:00 PM,MIN_OPERATING_MW,5,
8/15/2026 11:20:00 AM,RTD,CMIN,10LIAN_G02,G,8/15/2026,8/15/2026 11:59:00 PM,MAX_OPERATING_MW,6.60,
8/15/2026 11:20:00 AM,RTD,CMIN,10LIAN_G02,G,8/15/2026,8/15/2026 11:59:00 PM,MIN_OPERATING_MW,6.60,
8/15/2026 11:20:00 AM,RTD,CMIN,14TANTASOL_G01,G,8/15/2026 11:01:00 AM,8/15/2026 12:00:00 PM,MAX_OPERATING_MW,50,
8/15/2026 11:20:00 AM,RTD,CMIN,14TANTASOL_G01,G,8/15/2026 11:01:00 AM,8/15/2026 12:00:00 PM,MIN_OPERATING_MW,50,
8/15/2026 11:25:00 AM,RTD,CLUZ,01BALWIND_G01,G,8/15/2026 9:11:00 AM,8/16/2026,MAX_OPERATING_MW,50,
8/15/2026 11:25:00 AM,RTD,CLUZ,01BALWIND_G01,G,8/15/2026 9:11:00 AM,8/16/2026,MIN_OPERATING_MW,50,
8/15/2026 11:25:00 AM,RTD,CLUZ,01BARBASOL_G01,G,8/15/2026 11:21:00 AM,8/15/2026 11:25:00 AM,MAX_OPERATING_MW,83.77,
8/15/2026 11:25:00 AM,RTD,CLUZ,01BARBASOL_G01,G,8/15/2026 11:21:00 AM,8/15/2026 11:25:00 AM,MIN_OPERATING_MW,83.77,
8/15/2026 11:25:00 AM,RTD,CLUZ,01BARBASOL_G01,G,8/15/2026 11:26:00 AM,8/15/2026 11:30:00 AM,MAX_OPERATING_MW,83.77,
8/15/2026 11:25:00 AM,RTD,CLUZ,01BARBASOL_G01,G,8/15/2026 11:26:00 AM,8/15/2026 11:30:00 AM,MIN_OPERATING_MW,83.77,
8/15/2026 11:25:00 AM,RTD,CLUZ,01BUGSOL_G01,G,8/15/2026 11:21:00 AM,8/15/2026 11:25:00 AM,MAX_OPERATING_MW,250,
8/15/2026 11:25:00 AM,RTD,CLUZ,01BUGSOL_G01,G,8/15/2026 11:21:00 AM,8/15/2026 11:25:00 AM,MIN_OPERATING_MW,250,
8/15/2026 11:25:00 AM,RTD,CLUZ,01BUGSOL_G01,G,8/15/2026 11:26:00 AM,8/15/2026 11:30:00 AM,MAX_OPERATING_MW,250,
8/15/2026 11:25:00 AM,RTD,CLUZ,01BUGSOL_G01,G,8/15/2026 11:26:00 AM,8/15/2026 11:30:00 AM,MIN_OPERATING_MW,250,
8/15/2026 11:25:00 AM,RTD,CLUZ,01BULACSOL_G01,G,8/15/2026 11:01:00 AM,8/15/2026 12:00:00 PM,MAX_OPERATING_MW,14.02,
8/15/2026 11:25:00 AM,RTD,CLUZ,01BULACSOL_G01,G,8/15/2026 11:01:00 AM,8/15/2026 12:00:00 PM,MIN_OPERATING_MW,14.02,
8/15/2026 11:25:00 AM,RTD,CLUZ,01CONSOL_G01,G,8/15/2026 11:21:00 AM,8/15/2026 11:25:00 AM,MAX_OPERATING_MW,59.67,
8/15/2026 11:25:00 AM,RTD,CLUZ,01CONSOL_G01,G,8/15/2026 11:21:00 AM,8/15/2026 11:25:00 AM,MIN_OPERATING_MW,59.67,
8/15/2026 11:25:00 AM,RTD,CLUZ,01CONSOL_G01,G,8/15/2026 11:26:00 AM,8/15/2026 11:30:00 AM,MAX_OPERATING_MW,58.55,
8/15/2026 11:25:00 AM,RTD,CLUZ,01CONSOL_G01,G,8/15/2026 11:26:00 AM,8/15/2026 11:30:00 AM,MIN_OPERATING_MW,58.55,
8/15/2026 11:25:00 AM,RTD,CLUZ,01PASBUSOL_G01,G,8/15/2026 11:01:00 AM,8/15/2026 12:00:00 PM,MAX_OPERATING_MW,40.09,
8/15/2026 11:25:00 AM,RTD,CLUZ,01PASBUSOL_G01,G,8/15/2026 11:01:00 AM,8/15/2026 12:00:00 PM,MIN_OPERATING_MW,40.09,
8/15/2026 11:25:00 AM,RTD,CLUZ,01TERRASOL_G01,G,8/15/2026 6:01:00 AM,8/15/2026 12:00:00 PM,MAX_OPERATING_MW,10,
8/15/2026 11:25:00 AM,RTD,CLUZ,01TERRASOL_G01,G,8/15/2026 6:01:00 AM,8/15/2026 12:00:00 PM,MIN_OPERATING_MW,10,
8/15/2026 11:25:00 AM,RTD,CLUZ,03LUMBSOL_G01,G,8/15/2026 11:21:00 AM,8/15/2026 11:25:00 AM,MAX_OPERATING_MW,15,
8/15/2026 11:25:00 AM,RTD,CLUZ,03LUMBSOL_G01,G,8/15/2026 11:21:00 AM,8/15/2026 11:25:00 AM,MIN_OPERATING_MW,15,
8/15/2026 11:25:00 AM,RTD,CLUZ,03LUMBSOL_G01,G,8/15/2026 11:26:00 AM,8/15/2026 11:30:00 AM,MAX_OPERATING_MW,15,
8/15/2026 11:25:00 AM,RTD,CLUZ,03LUMBSOL_G01,G,8/15/2026 11:26:00 AM,8/15/2026 11:30:00 AM,MIN_OPERATING_MW,15,
8/15/2026 11:25:00 AM,RTD,CLUZ,03LUNSOL_G01,G,8/15/2026 11:21:00 AM,8/15/2026 11:25:00 AM,MAX_OPERATING_MW,37.38,
8/15/2026 11:25:00 AM,RTD,CLUZ,03LUNSOL_G01,G,8/15/2026 11:21:00 AM,8/15/2026 11:25:00 AM,MIN_OPERATING_MW,37.38,
8/15/2026 11:25:00 AM,RTD,CLUZ,03LUNSOL_G01,G,8/15/2026 11:26:00 AM,8/15/2026 11:30:00 AM,MAX_OPERATING_MW,37.38,
8/15/2026 11:25:00 AM,RTD,CLUZ,03LUNSOL_G01,G,8/15/2026 11:26:00 AM,8/15/2026 11:30:00 AM,MIN_OPERATING_MW,37.38,
8/15/2026 11:25:00 AM,RTD,CLUZ,03TANWIND_G01,G,8/15/2026 11:21:00 AM,8/15/2026 11:25:00 AM,MAX_OPERATING_MW,4.50,
8/15/2026 11:25:00 AM,RTD,CLUZ,03TANWIND_G01,G,8/15/2026 11:21:00 AM,8/15/2026 11:25:00 AM,MIN_OPERATING_MW,4.50,
8/15/2026 11:25:00 AM,RTD,CLUZ,03TANWIND_G01,G,8/15/2026 11:26:00 AM,8/15/2026 11:30:00 AM,MAX_OPERATING_MW,4.50,
8/15/2026 11:25:00 AM,RTD,CLUZ,03TANWIND_G01,G,8/15/2026 11:26:00 AM,8/15/2026 11:30:00 AM,MIN_OPERATING_MW,4.50,
8/15/2026 11:25:00 AM,RTD,CVIS,04ISIDROSOL_G01,G,8/15/2026 11:01:00 AM,8/15/2026 12:00:00 PM,MAX_OPERATING_MW,93.60,
8/15/2026 11:25:00 AM,RTD,CVIS,04ISIDROSOL_G01,G,8/15/2026 11:01:00 AM,8/15/2026 12:00:00 PM,MIN_OPERATING_MW,93.60,
8/15/2026 11:25:00 AM,RTD,CVIS,06SLYSOL_G02,G,8/15/2026 11:01:00 AM,8/15/2026 12:00:00 PM,MAX_OPERATING_MW,9.50,
8/15/2026 11:25:00 AM,RTD,CVIS,06SLYSOL_G02,G,8/15/2026 11:01:00 AM,8/15/2026 12:00:00 PM,MIN_OPERATING_MW,9.50,
8/15/2026 11:25:00 AM,RTD,CVIS,06SLYSOL_G03,G,8/15/2026 11:01:00 AM,8/15/2026 12:00:00 PM,MAX_OPERATING_MW,9.50,
8/15/2026 11:25:00 AM,RTD,CVIS,06SLYSOL_G03,G,8/15/2026 11:01:00 AM,8/15/2026 12:00:00 PM,MIN_OPERATING_MW,9.50,
8/15/2026 11:25:00 AM,RTD,CMIN,10IDP1_U07,G,8/15/2026 9:21:00 AM,8/15/2026 12:21:00 PM,MAX_OPERATING_MW,5,
8/15/2026 11:25:00 AM,RTD,CMIN,10IDP1_U07,G,8/15/2026 9:21:00 AM,8/15/2026 12:21:00 PM,MIN_OPERATING_MW,5,
8/15/2026 11:25:00 AM,RTD,CMIN,10LIAN_G02,G,8/15/2026,8/15/2026 11:59:00 PM,MAX_OPERATING_MW,6.60,
8/15/2026 11:25:00 AM,RTD,CMIN,10LIAN_G02,G,8/15/2026,8/15/2026 11:59:00 PM,MIN_OPERATING_MW,6.60,
8/15/2026 11:25:00 AM,RTD,CMIN,14TANTASOL_G01,G,8/15/2026 11:01:00 AM,8/15/2026 12:00:00 PM,MAX_OPERATING_MW,50,
8/15/2026 11:25:00 AM,RTD,CMIN,14TANTASOL_G01,G,8/15/2026 11:01:00 AM,8/15/2026 12:00:00 PM,MIN_OPERATING_MW,50,
8/15/2026 11:30:00 AM,RTD,CLUZ,01BARBASOL_G01,G,8/15/2026 11:26:00 AM,8/15/2026 11:30:00 AM,MAX_OPERATING_MW,83.77,
8/15/2026 11:30:00 AM,RTD,CLUZ,01BARBASOL_G01,G,8/15/2026 11:26:00 AM,8/15/2026 11:30:00 AM,MIN_OPERATING_MW,83.77,
8/15/2026 11:30:00 AM,RTD,CLUZ,01BARBASOL_G01,G,8/15/2026 11:31:00 AM,8/15/2026 11:35:00 AM,MAX_OPERATING_MW,83.77,
8/15/2026 11:30:00 AM,RTD,CLUZ,01BARBASOL_G01,G,8/15/2026 11:31:00 AM,8/15/2026 11:35:00 AM,MIN_OPERATING_MW,83.77,
8/15/2026 11:30:00 AM,RTD,CLUZ,01BUGSOL_G01,G,8/15/2026 11:26:00 AM,8/15/2026 11:30:00 AM,MAX_OPERATING_MW,90,
8/15/2026 11:30:00 AM,RTD,CLUZ,01BUGSOL_G01,G,8/15/2026 11:26:00 AM,8/15/2026 11:30:00 AM,MIN_OPERATING_MW,90,
8/15/2026 11:30:00 AM,RTD,CLUZ,01BUGSOL_G01,G,8/15/2026 11:31:00 AM,8/15/2026 11:35:00 AM,MAX_OPERATING_MW,70,
8/15/2026 11:30:00 AM,RTD,CLUZ,01BUGSOL_G01,G,8/15/2026 11:31:00 AM,8/15/2026 11:35:00 AM,MIN_OPERATING_MW,70,
8/15/2026 11:30:00 AM,RTD,CLUZ,01BULACSOL_G01,G,8/15/2026 11:01:00 AM,8/15/2026 12:00:00 PM,MAX_OPERATING_MW,14.02,
8/15/2026 11:30:00 AM,RTD,CLUZ,01BULACSOL_G01,G,8/15/2026 11:01:00 AM,8/15/2026 12:00:00 PM,MIN_OPERATING_MW,14.02,
8/15/2026 11:30:00 AM,RTD,CLUZ,01CONSOL_G01,G,8/15/2026 11:26:00 AM,8/15/2026 11:30:00 AM,MAX_OPERATING_MW,58.55,
8/15/2026 11:30:00 AM,RTD,CLUZ,01CONSOL_G01,G,8/15/2026 11:26:00 AM,8/15/2026 11:30:00 AM,MIN_OPERATING_MW,58.55,
8/15/2026 11:30:00 AM,RTD,CLUZ,01CONSOL_G01,G,8/15/2026 11:31:00 AM,8/15/2026 11:35:00 AM,MAX_OPERATING_MW,57.38,
8/15/2026 11:30:00 AM,RTD,CLUZ,01CONSOL_G01,G,8/15/2026 11:31:00 AM,8/15/2026 11:35:00 AM,MIN_OPERATING_MW,57.38,
8/15/2026 11:30:00 AM,RTD,CLUZ,01PASBUSOL_G01,G,8/15/2026 11:01:00 AM,8/15/2026 12:00:00 PM,MAX_OPERATING_MW,40.09,
8/15/2026 11:30:00 AM,RTD,CLUZ,01PASBUSOL_G01,G,8/15/2026 11:01:00 AM,8/15/2026 12:00:00 PM,MIN_OPERATING_MW,40.09,
8/15/2026 11:30:00 AM,RTD,CLUZ,01TERRASOL_G01,G,8/15/2026 6:01:00 AM,8/15/2026 12:00:00 PM,MAX_OPERATING_MW,10,
8/15/2026 11:30:00 AM,RTD,CLUZ,01TERRASOL_G01,G,8/15/2026 6:01:00 AM,8/15/2026 12:00:00 PM,MIN_OPERATING_MW,10,
8/15/2026 11:30:00 AM,RTD,CLUZ,03LUMBSOL_G01,G,8/15/2026 11:26:00 AM,8/15/2026 11:30:00 AM,MAX_OPERATING_MW,15,
8/15/2026 11:30:00 AM,RTD,CLUZ,03LUMBSOL_G01,G,8/15/2026 11:26:00 AM,8/15/2026 11:30:00 AM,MIN_OPERATING_MW,15,
8/15/2026 11:30:00 AM,RTD,CLUZ,03LUMBSOL_G01,G,8/15/2026 11:31:00 AM,8/15/2026 11:35:00 AM,MAX_OPERATING_MW,15,
8/15/2026 11:30:00 AM,RTD,CLUZ,03LUMBSOL_G01,G,8/15/2026 11:31:00 AM,8/15/2026 11:35:00 AM,MIN_OPERATING_MW,15,
8/15/2026 11:30:00 AM,RTD,CLUZ,03LUNSOL_G01,G,8/15/2026 11:26:00 AM,8/15/2026 11:30:00 AM,MAX_OPERATING_MW,37.38,
8/15/2026 11:30:00 AM,RTD,CLUZ,03LUNSOL_G01,G,8/15/2026 11:26:00 AM,8/15/2026 11:30:00 AM,MIN_OPERATING_MW,37.38,
8/15/2026 11:30:00 AM,RTD,CLUZ,03LUNSOL_G01,G,8/15/2026 11:31:00 AM,8/15/2026 11:35:00 AM,MAX_OPERATING_MW,37.38,
8/15/2026 11:30:00 AM,RTD,CLUZ,03LUNSOL_G01,G,8/15/2026 11:31:00 AM,8/15/2026 11:35:00 AM,MIN_OPERATING_MW,37.38,
8/15/2026 11:30:00 AM,RTD,CLUZ,03TANWIND_G01,G,8/15/2026 11:26:00 AM,8/15/2026 11:30:00 AM,MAX_OPERATING_MW,4.50,
8/15/2026 11:30:00 AM,RTD,CLUZ,03TANWIND_G01,G,8/15/2026 11:26:00 AM,8/15/2026 11:30:00 AM,MIN_OPERATING_MW,4.50,
8/15/2026 11:30:00 AM,RTD,CLUZ,03TANWIND_G01,G,8/15/2026 11:31:00 AM,8/15/2026 11:35:00 AM,MAX_OPERATING_MW,4.50,
8/15/2026 11:30:00 AM,RTD,CLUZ,03TANWIND_G01,G,8/15/2026 11:31:00 AM,8/15/2026 11:35:00 AM,MIN_OPERATING_MW,4.50,
8/15/2026 11:30:00 AM,RTD,CVIS,04ISIDROSOL_G01,G,8/15/2026 11:01:00 AM,8/15/2026 12:00:00 PM,MAX_OPERATING_MW,93.60,
8/15/2026 11:30:00 AM,RTD,CVIS,04ISIDROSOL_G01,G,8/15/2026 11:01:00 AM,8/15/2026 12:00:00 PM,MIN_OPERATING_MW,93.60,
8/15/2026 11:30:00 AM,RTD,CVIS,06SLYSOL_G02,G,8/15/2026 11:01:00 AM,8/15/2026 12:00:00 PM,MAX_OPERATING_MW,9.50,
8/15/2026 11:30:00 AM,RTD,CVIS,06SLYSOL_G02,G,8/15/2026 11:01:00 AM,8/15/2026 12:00:00 PM,MIN_OPERATING_MW,9.50,
8/15/2026 11:30:00 AM,RTD,CVIS,06SLYSOL_G03,G,8/15/2026 11:01:00 AM,8/15/2026 12:00:00 PM,MAX_OPERATING_MW,9.50,
8/15/2026 11:30:00 AM,RTD,CVIS,06SLYSOL_G03,G,8/15/2026 11:01:00 AM,8/15/2026 12:00:00 PM,MIN_OPERATING_MW,9.50,
8/15/2026 11:30:00 AM,RTD,CMIN,10IDP1_U07,G,8/15/2026 9:21:00 AM,8/15/2026 12:21:00 PM,MAX_OPERATING_MW,5,
8/15/2026 11:30:00 AM,RTD,CMIN,10IDP1_U07,G,8/15/2026 9:21:00 AM,8/15/2026 12:21:00 PM,MIN_OPERATING_MW,5,
8/15/2026 11:30:00 AM,RTD,CMIN,10LIAN_G02,G,8/15/2026,8/15/2026 11:59:00 PM,MAX_OPERATING_MW,6.60,
8/15/2026 11:30:00 AM,RTD,CMIN,10LIAN_G02,G,8/15/2026,8/15/2026 11:59:00 PM,MIN_OPERATING_MW,6.60,
8/15/2026 11:30:00 AM,RTD,CMIN,14TANTASOL_G01,G,8/15/2026 11:01:00 AM,8/15/2026 12:00:00 PM,MAX_OPERATING_MW,50,
8/15/2026 11:30:00 AM,RTD,CMIN,14TANTASOL_G01,G,8/15/2026 11:01:00 AM,8/15/2026 12:00:00 PM,MIN_OPERATING_MW,50,
8/15/2026 11:35:00 AM,RTD,CLUZ,01BARBASOL_G01,G,8/15/2026 11:31:00 AM,8/15/2026 11:35:00 AM,MAX_OPERATING_MW,83.77,
8/15/2026 11:35:00 AM,RTD,CLUZ,01BARBASOL_G01,G,8/15/2026 11:31:00 AM,8/15/2026 11:35:00 AM,MIN_OPERATING_MW,83.77,
8/15/2026 11:35:00 AM,RTD,CLUZ,01BARBASOL_G01,G,8/15/2026 11:36:00 AM,8/15/2026 11:40:00 AM,MAX_OPERATING_MW,83.77,
8/15/2026 11:35:00 AM,RTD,CLUZ,01BARBASOL_G01,G,8/15/2026 11:36:00 AM,8/15/2026 11:40:00 AM,MIN_OPERATING_MW,83.77,
8/15/2026 11:35:00 AM,RTD,CLUZ,01BUGSOL_G01,G,8/15/2026 11:31:00 AM,8/15/2026 11:35:00 AM,MAX_OPERATING_MW,70,
8/15/2026 11:35:00 AM,RTD,CLUZ,01BUGSOL_G01,G,8/15/2026 11:31:00 AM,8/15/2026 11:35:00 AM,MIN_OPERATING_MW,70,
8/15/2026 11:35:00 AM,RTD,CLUZ,01BUGSOL_G01,G,8/15/2026 11:36:00 AM,8/15/2026 11:40:00 AM,MAX_OPERATING_MW,70,
8/15/2026 11:35:00 AM,RTD,CLUZ,01BUGSOL_G01,G,8/15/2026 11:36:00 AM,8/15/2026 11:40:00 AM,MIN_OPERATING_MW,70,
8/15/2026 11:35:00 AM,RTD,CLUZ,01BULACSOL_G01,G,8/15/2026 11:01:00 AM,8/15/2026 12:00:00 PM,MAX_OPERATING_MW,14.02,
8/15/2026 11:35:00 AM,RTD,CLUZ,01BULACSOL_G01,G,8/15/2026 11:01:00 AM,8/15/2026 12:00:00 PM,MIN_OPERATING_MW,14.02,
8/15/2026 11:35:00 AM,RTD,CLUZ,01CONSOL_G01,G,8/15/2026 11:31:00 AM,8/15/2026 11:35:00 AM,MAX_OPERATING_MW,57.38,
8/15/2026 11:35:00 AM,RTD,CLUZ,01CONSOL_G01,G,8/15/2026 11:31:00 AM,8/15/2026 11:35:00 AM,MIN_OPERATING_MW,57.38,
8/15/2026 11:35:00 AM,RTD,CLUZ,01CONSOL_G01,G,8/15/2026 11:36:00 AM,8/15/2026 11:40:00 AM,MAX_OPERATING_MW,56.16,
8/15/2026 11:35:00 AM,RTD,CLUZ,01CONSOL_G01,G,8/15/2026 11:36:00 AM,8/15/2026 11:40:00 AM,MIN_OPERATING_MW,56.16,
8/15/2026 11:35:00 AM,RTD,CLUZ,01PASBUSOL_G01,G,8/15/2026 11:01:00 AM,8/15/2026 12:00:00 PM,MAX_OPERATING_MW,40.09,
8/15/2026 11:35:00 AM,RTD,CLUZ,01PASBUSOL_G01,G,8/15/2026 11:01:00 AM,8/15/2026 12:00:00 PM,MIN_OPERATING_MW,40.09,
8/15/2026 11:35:00 AM,RTD,CLUZ,01TERRASOL_G01,G,8/15/2026 6:01:00 AM,8/15/2026 12:00:00 PM,MAX_OPERATING_MW,10,
8/15/2026 11:35:00 AM,RTD,CLUZ,01TERRASOL_G01,G,8/15/2026 6:01:00 AM,8/15/2026 12:00:00 PM,MIN_OPERATING_MW,10,
8/15/2026 11:35:00 AM,RTD,CLUZ,03LUMBSOL_G01,G,8/15/2026 11:31:00 AM,8/15/2026 11:35:00 AM,MAX_OPERATING_MW,15,
8/15/2026 11:35:00 AM,RTD,CLUZ,03LUMBSOL_G01,G,8/15/2026 11:31:00 AM,8/15/2026 11:35:00 AM,MIN_OPERATING_MW,15,
8/15/2026 11:35:00 AM,RTD,CLUZ,03LUMBSOL_G01,G,8/15/2026 11:36:00 AM,8/15/2026 11:40:00 AM,MAX_OPERATING_MW,15,
8/15/2026 11:35:00 AM,RTD,CLUZ,03LUMBSOL_G01,G,8/15/2026 11:36:00 AM,8/15/2026 11:40:00 AM,MIN_OPERATING_MW,15,
8/15/2026 11:35:00 AM,RTD,CLUZ,03LUNSOL_G01,G,8/15/2026 11:31:00 AM,8/15/2026 11:35:00 AM,MAX_OPERATING_MW,37.38,
8/15/2026 11:35:00 AM,RTD,CLUZ,03LUNSOL_G01,G,8/15/2026 11:31:00 AM,8/15/2026 11:35:00 AM,MIN_OPERATING_MW,37.38,
8/15/2026 11:35:00 AM,RTD,CLUZ,03LUNSOL_G01,G,8/15/2026 11:36:00 AM,8/15/2026 11:40:00 AM,MAX_OPERATING_MW,37.38,
8/15/2026 11:35:00 AM,RTD,CLUZ,03LUNSOL_G01,G,8/15/2026 11:36:00 AM,8/15/2026 11:40:00 AM,MIN_OPERATING_MW,37.38,
8/15/2026 11:35:00 AM,RTD,CLUZ,03TANWIND_G01,G,8/15/2026 11:31:00 AM,8/15/2026 11:35:00 AM,MAX_OPERATING_MW,4.50,
8/15/2026 11:35:00 AM,RTD,CLUZ,03TANWIND_G01,G,8/15/2026 11:31:00 AM,8/15/2026 11:35:00 AM,MIN_OPERATING_MW,4.50,
8/15/2026 11:35:00 AM,RTD,CLUZ,03TANWIND_G01,G,8/15/2026 11:36:00 AM,8/15/2026 11:40:00 AM,MAX_OPERATING_MW,4.50,
8/15/2026 11:35:00 AM,RTD,CLUZ,03TANWIND_G01,G,8/15/2026 11:36:00 AM,8/15/2026 11:40:00 AM,MIN_OPERATING_MW,4.50,
8/15/2026 11:35:00 AM,RTD,CVIS,04ISIDROSOL_G01,G,8/15/2026 11:01:00 AM,8/15/2026 12:00:00 PM,MAX_OPERATING_MW,93.60,
8/15/2026 11:35:00 AM,RTD,CVIS,04ISIDROSOL_G01,G,8/15/2026 11:01:00 AM,8/15/2026 12:00:00 PM,MIN_OPERATING_MW,93.60,
8/15/2026 11:35:00 AM,RTD,CVIS,06SLYSOL_G02,G,8/15/2026 11:01:00 AM,8/15/2026 12:00:00 PM,MAX_OPERATING_MW,9.50,
8/15/2026 11:35:00 AM,RTD,CVIS,06SLYSOL_G02,G,8/15/2026 11:01:00 AM,8/15/2026 12:00:00 PM,MIN_OPERATING_MW,9.50,
8/15/2026 11:35:00 AM,RTD,CVIS,06SLYSOL_G03,G,8/15/2026 11:01:00 AM,8/15/2026 12:00:00 PM,MAX_OPERATING_MW,9.50,
8/15/2026 11:35:00 AM,RTD,CVIS,06SLYSOL_G03,G,8/15/2026 11:01:00 AM,8/15/2026 12:00:00 PM,MIN_OPERATING_MW,9.50,
8/15/2026 11:35:00 AM,RTD,CMIN,10IDP1_U07,G,8/15/2026 9:21:00 AM,8/15/2026 12:21:00 PM,MAX_OPERATING_MW,5,
8/15/2026 11:35:00 AM,RTD,CMIN,10IDP1_U07,G,8/15/2026 9:21:00 AM,8/15/2026 12:21:00 PM,MIN_OPERATING_MW,5,
8/15/2026 11:35:00 AM,RTD,CMIN,10LIAN_G02,G,8/15/2026,8/15/2026 11:59:00 PM,MAX_OPERATING_MW,6.60,
8/15/2026 11:35:00 AM,RTD,CMIN,10LIAN_G02,G,8/15/2026,8/15/2026 11:59:00 PM,MIN_OPERATING_MW,6.60,
8/15/2026 11:35:00 AM,RTD,CMIN,14TANTASOL_G01,G,8/15/2026 11:01:00 AM,8/15/2026 12:00:00 PM,MAX_OPERATING_MW,50,
8/15/2026 11:35:00 AM,RTD,CMIN,14TANTASOL_G01,G,8/15/2026 11:01:00 AM,8/15/2026 12:00:00 PM,MIN_OPERATING_MW,50,
8/15/2026 11:40:00 AM,RTD,CLUZ,01BARBASOL_G01,G,8/15/2026 11:36:00 AM,8/15/2026 11:40:00 AM,MAX_OPERATING_MW,83.77,
8/15/2026 11:40:00 AM,RTD,CLUZ,01BARBASOL_G01,G,8/15/2026 11:36:00 AM,8/15/2026 11:40:00 AM,MIN_OPERATING_MW,83.77,
8/15/2026 11:40:00 AM,RTD,CLUZ,01BARBASOL_G01,G,8/15/2026 11:41:00 AM,8/15/2026 11:45:00 AM,MAX_OPERATING_MW,83.77,
8/15/2026 11:40:00 AM,RTD,CLUZ,01BARBASOL_G01,G,8/15/2026 11:41:00 AM,8/15/2026 11:45:00 AM,MIN_OPERATING_MW,83.77,
8/15/2026 11:40:00 AM,RTD,CLUZ,01BUGSOL_G01,G,8/15/2026 11:36:00 AM,8/15/2026 11:40:00 AM,MAX_OPERATING_MW,70,
8/15/2026 11:40:00 AM,RTD,CLUZ,01BUGSOL_G01,G,8/15/2026 11:36:00 AM,8/15/2026 11:40:00 AM,MIN_OPERATING_MW,70,
8/15/2026 11:40:00 AM,RTD,CLUZ,01BUGSOL_G01,G,8/15/2026 11:41:00 AM,8/15/2026 11:45:00 AM,MAX_OPERATING_MW,70,
8/15/2026 11:40:00 AM,RTD,CLUZ,01BUGSOL_G01,G,8/15/2026 11:41:00 AM,8/15/2026 11:45:00 AM,MIN_OPERATING_MW,70,
8/15/2026 11:40:00 AM,RTD,CLUZ,01BULACSOL_G01,G,8/15/2026 11:01:00 AM,8/15/2026 12:00:00 PM,MAX_OPERATING_MW,14.02,
8/15/2026 11:40:00 AM,RTD,CLUZ,01BULACSOL_G01,G,8/15/2026 11:01:00 AM,8/15/2026 12:00:00 PM,MIN_OPERATING_MW,14.02,
8/15/2026 11:40:00 AM,RTD,CLUZ,01CONSOL_G01,G,8/15/2026 11:36:00 AM,8/15/2026 11:40:00 AM,MAX_OPERATING_MW,56.16,
8/15/2026 11:40:00 AM,RTD,CLUZ,01CONSOL_G01,G,8/15/2026 11:36:00 AM,8/15/2026 11:40:00 AM,MIN_OPERATING_MW,56.16,
8/15/2026 11:40:00 AM,RTD,CLUZ,01CONSOL_G01,G,8/15/2026 11:41:00 AM,8/15/2026 11:45:00 AM,MAX_OPERATING_MW,54.99,
8/15/2026 11:40:00 AM,RTD,CLUZ,01CONSOL_G01,G,8/15/2026 11:41:00 AM,8/15/2026 11:45:00 AM,MIN_OPERATING_MW,54.99,
8/15/2026 11:40:00 AM,RTD,CLUZ,01PASBUSOL_G01,G,8/15/2026 11:01:00 AM,8/15/2026 12:00:00 PM,MAX_OPERATING_MW,40.09,
8/15/2026 11:40:00 AM,RTD,CLUZ,01PASBUSOL_G01,G,8/15/2026 11:01:00 AM,8/15/2026 12:00:00 PM,MIN_OPERATING_MW,40.09,
8/15/2026 11:40:00 AM,RTD,CLUZ,01TERRASOL_G01,G,8/15/2026 6:01:00 AM,8/15/2026 12:00:00 PM,MAX_OPERATING_MW,10,
8/15/2026 11:40:00 AM,RTD,CLUZ,01TERRASOL_G01,G,8/15/2026 6:01:00 AM,8/15/2026 12:00:00 PM,MIN_OPERATING_MW,10,
8/15/2026 11:40:00 AM,RTD,CLUZ,03LUMBSOL_G01,G,8/15/2026 11:36:00 AM,8/15/2026 11:40:00 AM,MAX_OPERATING_MW,15,
8/15/2026 11:40:00 AM,RTD,CLUZ,03LUMBSOL_G01,G,8/15/2026 11:36:00 AM,8/15/2026 11:40:00 AM,MIN_OPERATING_MW,15,
8/15/2026 11:40:00 AM,RTD,CLUZ,03LUMBSOL_G01,G,8/15/2026 11:41:00 AM,8/15/2026 11:45:00 AM,MAX_OPERATING_MW,15,
8/15/2026 11:40:00 AM,RTD,CLUZ,03LUMBSOL_G01,G,8/15/2026 11:41:00 AM,8/15/2026 11:45:00 AM,MIN_OPERATING_MW,15,
8/15/2026 11:40:00 AM,RTD,CLUZ,03LUNSOL_G01,G,8/15/2026 11:36:00 AM,8/15/2026 11:40:00 AM,MAX_OPERATING_MW,37.38,
8/15/2026 11:40:00 AM,RTD,CLUZ,03LUNSOL_G01,G,8/15/2026 11:36:00 AM,8/15/2026 11:40:00 AM,MIN_OPERATING_MW,37.38,
8/15/2026 11:40:00 AM,RTD,CLUZ,03LUNSOL_G01,G,8/15/2026 11:41:00 AM,8/15/2026 11:45:00 AM,MAX_OPERATING_MW,37.38,
8/15/2026 11:40:00 AM,RTD,CLUZ,03LUNSOL_G01,G,8/15/2026 11:41:00 AM,8/15/2026 11:45:00 AM,MIN_OPERATING_MW,37.38,
8/15/2026 11:40:00 AM,RTD,CLUZ,03TANWIND_G01,G,8/15/2026 11:36:00 AM,8/15/2026 11:40:00 AM,MAX_OPERATING_MW,4.50,
8/15/2026 11:40:00 AM,RTD,CLUZ,03TANWIND_G01,G,8/15/2026 11:36:00 AM,8/15/2026 11:40:00 AM,MIN_OPERATING_MW,4.50,
8/15/2026 11:40:00 AM,RTD,CLUZ,03TANWIND_G01,G,8/15/2026 11:41:00 AM,8/15/2026 11:45:00 AM,MAX_OPERATING_MW,4.50,
8/15/2026 11:40:00 AM,RTD,CLUZ,03TANWIND_G01,G,8/15/2026 11:41:00 AM,8/15/2026 11:45:00 AM,MIN_OPERATING_MW,4.50,
8/15/2026 11:40:00 AM,RTD,CVIS,04ISIDROSOL_G01,G,8/15/2026 11:01:00 AM,8/15/2026 12:00:00 PM,MAX_OPERATING_MW,93.60,
8/15/2026 11:40:00 AM,RTD,CVIS,04ISIDROSOL_G01,G,8/15/2026 11:01:00 AM,8/15/2026 12:00:00 PM,MIN_OPERATING_MW,93.60,
8/15/2026 11:40:00 AM,RTD,CVIS,06SLYSOL_G02,G,8/15/2026 11:01:00 AM,8/15/2026 12:00:00 PM,MAX_OPERATING_MW,9.50,
8/15/2026 11:40:00 AM,RTD,CVIS,06SLYSOL_G02,G,8/15/2026 11:01:00 AM,8/15/2026 12:00:00 PM,MIN_OPERATING_MW,9.50,
8/15/2026 11:40:00 AM,RTD,CVIS,06SLYSOL_G03,G,8/15/2026 11:01:00 AM,8/15/2026 12:00:00 PM,MAX_OPERATING_MW,9.50,
8/15/2026 11:40:00 AM,RTD,CVIS,06SLYSOL_G03,G,8/15/2026 11:01:00 AM,8/15/2026 12:00:00 PM,MIN_OPERATING_MW,9.50,
8/15/2026 11:40:00 AM,RTD,CMIN,10IDP1_U07,G,8/15/2026 9:21:00 AM,8/15/2026 12:21:00 PM,MAX_OPERATING_MW,5,
8/15/2026 11:40:00 AM,RTD,CMIN,10IDP1_U07,G,8/15/2026 9:21:00 AM,8/15/2026 12:21:00 PM,MIN_OPERATING_MW,5,
8/15/2026 11:40:00 AM,RTD,CMIN,10LIAN_G02,G,8/15/2026,8/15/2026 11:59:00 PM,MAX_OPERATING_MW,6.60,
8/15/2026 11:40:00 AM,RTD,CMIN,10LIAN_G02,G,8/15/2026,8/15/2026 11:59:00 PM,MIN_OPERATING_MW,6.60,
8/15/2026 11:40:00 AM,RTD,CMIN,14TANTASOL_G01,G,8/15/2026 11:01:00 AM,8/15/2026 12:00:00 PM,MAX_OPERATING_MW,50,
8/15/2026 11:40:00 AM,RTD,CMIN,14TANTASOL_G01,G,8/15/2026 11:01:00 AM,8/15/2026 12:00:00 PM,MIN_OPERATING_MW,50,
8/15/2026 11:45:00 AM,RTD,CLUZ,01BARBASOL_G01,G,8/15/2026 11:41:00 AM,8/15/2026 11:45:00 AM,MAX_OPERATING_MW,83.77,
8/15/2026 11:45:00 AM,RTD,CLUZ,01BARBASOL_G01,G,8/15/2026 11:41:00 AM,8/15/2026 11:45:00 AM,MIN_OPERATING_MW,83.77,
8/15/2026 11:45:00 AM,RTD,CLUZ,01BARBASOL_G01,G,8/15/2026 11:46:00 AM,8/15/2026 11:50:00 AM,MAX_OPERATING_MW,83.77,
8/15/2026 11:45:00 AM,RTD,CLUZ,01BARBASOL_G01,G,8/15/2026 11:46:00 AM,8/15/2026 11:50:00 AM,MIN_OPERATING_MW,83.77,
8/15/2026 11:45:00 AM,RTD,CLUZ,01BUGSOL_G01,G,8/15/2026 11:41:00 AM,8/15/2026 11:45:00 AM,MAX_OPERATING_MW,70,
8/15/2026 11:45:00 AM,RTD,CLUZ,01BUGSOL_G01,G,8/15/2026 11:41:00 AM,8/15/2026 11:45:00 AM,MIN_OPERATING_MW,70,
8/15/2026 11:45:00 AM,RTD,CLUZ,01BUGSOL_G01,G,8/15/2026 11:46:00 AM,8/15/2026 11:50:00 AM,MAX_OPERATING_MW,70,
8/15/2026 11:45:00 AM,RTD,CLUZ,01BUGSOL_G01,G,8/15/2026 11:46:00 AM,8/15/2026 11:50:00 AM,MIN_OPERATING_MW,70,
8/15/2026 11:45:00 AM,RTD,CLUZ,01BULACSOL_G01,G,8/15/2026 11:01:00 AM,8/15/2026 12:00:00 PM,MAX_OPERATING_MW,14.02,
8/15/2026 11:45:00 AM,RTD,CLUZ,01BULACSOL_G01,G,8/15/2026 11:01:00 AM,8/15/2026 12:00:00 PM,MIN_OPERATING_MW,14.02,
8/15/2026 11:45:00 AM,RTD,CLUZ,01CONSOL_G01,G,8/15/2026 11:41:00 AM,8/15/2026 11:45:00 AM,MAX_OPERATING_MW,54.99,
8/15/2026 11:45:00 AM,RTD,CLUZ,01CONSOL_G01,G,8/15/2026 11:41:00 AM,8/15/2026 11:45:00 AM,MIN_OPERATING_MW,54.99,
8/15/2026 11:45:00 AM,RTD,CLUZ,01CONSOL_G01,G,8/15/2026 11:46:00 AM,8/15/2026 11:50:00 AM,MAX_OPERATING_MW,54.63,
8/15/2026 11:45:00 AM,RTD,CLUZ,01CONSOL_G01,G,8/15/2026 11:46:00 AM,8/15/2026 11:50:00 AM,MIN_OPERATING_MW,54.63,
8/15/2026 11:45:00 AM,RTD,CLUZ,01PASBUSOL_G01,G,8/15/2026 11:01:00 AM,8/15/2026 12:00:00 PM,MAX_OPERATING_MW,40.09,
8/15/2026 11:45:00 AM,RTD,CLUZ,01PASBUSOL_G01,G,8/15/2026 11:01:00 AM,8/15/2026 12:00:00 PM,MIN_OPERATING_MW,40.09,
8/15/2026 11:45:00 AM,RTD,CLUZ,01TERRASOL_G01,G,8/15/2026 6:01:00 AM,8/15/2026 12:00:00 PM,MAX_OPERATING_MW,10,
8/15/2026 11:45:00 AM,RTD,CLUZ,01TERRASOL_G01,G,8/15/2026 6:01:00 AM,8/15/2026 12:00:00 PM,MIN_OPERATING_MW,10,
8/15/2026 11:45:00 AM,RTD,CLUZ,03LUMBSOL_G01,G,8/15/2026 11:41:00 AM,8/15/2026 11:45:00 AM,MAX_OPERATING_MW,15,
8/15/2026 11:45:00 AM,RTD,CLUZ,03LUMBSOL_G01,G,8/15/2026 11:41:00 AM,8/15/2026 11:45:00 AM,MIN_OPERATING_MW,15,
8/15/2026 11:45:00 AM,RTD,CLUZ,03LUMBSOL_G01,G,8/15/2026 11:46:00 AM,8/15/2026 11:50:00 AM,MAX_OPERATING_MW,15,
8/15/2026 11:45:00 AM,RTD,CLUZ,03LUMBSOL_G01,G,8/15/2026 11:46:00 AM,8/15/2026 11:50:00 AM,MIN_OPERATING_MW,15,
8/15/2026 11:45:00 AM,RTD,CLUZ,03LUNSOL_G01,G,8/15/2026 11:41:00 AM,8/15/2026 11:45:00 AM,MAX_OPERATING_MW,37.38,
8/15/2026 11:45:00 AM,RTD,CLUZ,03LUNSOL_G01,G,8/15/2026 11:41:00 AM,8/15/2026 11:45:00 AM,MIN_OPERATING_MW,37.38,
8/15/2026 11:45:00 AM,RTD,CLUZ,03LUNSOL_G01,G,8/15/2026 11:46:00 AM,8/15/2026 11:50:00 AM,MAX_OPERATING_MW,37.38,
8/15/2026 11:45:00 AM,RTD,CLUZ,03LUNSOL_G01,G,8/15/2026 11:46:00 AM,8/15/2026 11:50:00 AM,MIN_OPERATING_MW,37.38,
8/15/2026 11:45:00 AM,RTD,CLUZ,03TANWIND_G01,G,8/15/2026 11:41:00 AM,8/15/2026 11:45:00 AM,MAX_OPERATING_MW,4.50,
8/15/2026 11:45:00 AM,RTD,CLUZ,03TANWIND_G01,G,8/15/2026 11:41:00 AM,8/15/2026 11:45:00 AM,MIN_OPERATING_MW,4.50,
8/15/2026 11:45:00 AM,RTD,CLUZ,03TANWIND_G01,G,8/15/2026 11:46:00 AM,8/15/2026 11:50:00 AM,MAX_OPERATING_MW,4.50,
8/15/2026 11:45:00 AM,RTD,CLUZ,03TANWIND_G01,G,8/15/2026 11:46:00 AM,8/15/2026 11:50:00 AM,MIN_OPERATING_MW,4.50,
8/15/2026 11:45:00 AM,RTD,CVIS,04ISIDROSOL_G01,G,8/15/2026 11:01:00 AM,8/15/2026 12:00:00 PM,MAX_OPERATING_MW,93.60,
8/15/2026 11:45:00 AM,RTD,CVIS,04ISIDROSOL_G01,G,8/15/2026 11:01:00 AM,8/15/2026 12:00:00 PM,MIN_OPERATING_MW,93.60,
8/15/2026 11:45:00 AM,RTD,CVIS,06SLYSOL_G02,G,8/15/2026 11:01:00 AM,8/15/2026 12:00:00 PM,MAX_OPERATING_MW,9.50,
8/15/2026 11:45:00 AM,RTD,CVIS,06SLYSOL_G02,G,8/15/2026 11:01:00 AM,8/15/2026 12:00:00 PM,MIN_OPERATING_MW,9.50,
8/15/2026 11:45:00 AM,RTD,CVIS,06SLYSOL_G03,G,8/15/2026 11:01:00 AM,8/15/2026 12:00:00 PM,MAX_OPERATING_MW,9.50,
8/15/2026 11:45:00 AM,RTD,CVIS,06SLYSOL_G03,G,8/15/2026 11:01:00 AM,8/15/2026 12:00:00 PM,MIN_OPERATING_MW,9.50,
8/15/2026 11:45:00 AM,RTD,CMIN,10IDP1_U07,G,8/15/2026 9:21:00 AM,8/15/2026 12:21:00 PM,MAX_OPERATING_MW,5,
8/15/2026 11:45:00 AM,RTD,CMIN,10IDP1_U07,G,8/15/2026 9:21:00 AM,8/15/2026 12:21:00 PM,MIN_OPERATING_MW,5,
8/15/2026 11:45:00 AM,RTD,CMIN,10LIAN_G02,G,8/15/2026,8/15/2026 11:59:00 PM,MAX_OPERATING_MW,6.60,
8/15/2026 11:45:00 AM,RTD,CMIN,10LIAN_G02,G,8/15/2026,8/15/2026 11:59:00 PM,MIN_OPERATING_MW,6.60,
8/15/2026 11:45:00 AM,RTD,CMIN,14TANTASOL_G01,G,8/15/2026 11:01:00 AM,8/15/2026 12:00:00 PM,MAX_OPERATING_MW,50,
8/15/2026 11:45:00 AM,RTD,CMIN,14TANTASOL_G01,G,8/15/2026 11:01:00 AM,8/15/2026 12:00:00 PM,MIN_OPERATING_MW,50,
8/15/2026 11:50:00 AM,RTD,CLUZ,01BARBASOL_G01,G,8/15/2026 11:46:00 AM,8/15/2026 11:50:00 AM,MAX_OPERATING_MW,83.77,
8/15/2026 11:50:00 AM,RTD,CLUZ,01BARBASOL_G01,G,8/15/2026 11:46:00 AM,8/15/2026 11:50:00 AM,MIN_OPERATING_MW,83.77,
8/15/2026 11:50:00 AM,RTD,CLUZ,01BARBASOL_G01,G,8/15/2026 11:51:00 AM,8/15/2026 11:55:00 AM,MAX_OPERATING_MW,83.77,
8/15/2026 11:50:00 AM,RTD,CLUZ,01BARBASOL_G01,G,8/15/2026 11:51:00 AM,8/15/2026 11:55:00 AM,MIN_OPERATING_MW,83.77,
8/15/2026 11:50:00 AM,RTD,CLUZ,01BUGSOL_G01,G,8/15/2026 11:46:00 AM,8/15/2026 11:50:00 AM,MAX_OPERATING_MW,70,
8/15/2026 11:50:00 AM,RTD,CLUZ,01BUGSOL_G01,G,8/15/2026 11:46:00 AM,8/15/2026 11:50:00 AM,MIN_OPERATING_MW,70,
8/15/2026 11:50:00 AM,RTD,CLUZ,01BUGSOL_G01,G,8/15/2026 11:51:00 AM,8/15/2026 11:55:00 AM,MAX_OPERATING_MW,50,
8/15/2026 11:50:00 AM,RTD,CLUZ,01BUGSOL_G01,G,8/15/2026 11:51:00 AM,8/15/2026 11:55:00 AM,MIN_OPERATING_MW,50,
8/15/2026 11:50:00 AM,RTD,CLUZ,01BULACSOL_G01,G,8/15/2026 11:01:00 AM,8/15/2026 12:00:00 PM,MAX_OPERATING_MW,14.02,
8/15/2026 11:50:00 AM,RTD,CLUZ,01BULACSOL_G01,G,8/15/2026 11:01:00 AM,8/15/2026 12:00:00 PM,MIN_OPERATING_MW,14.02,
8/15/2026 11:50:00 AM,RTD,CLUZ,01CONSOL_G01,G,8/15/2026 11:46:00 AM,8/15/2026 11:50:00 AM,MAX_OPERATING_MW,54.63,
8/15/2026 11:50:00 AM,RTD,CLUZ,01CONSOL_G01,G,8/15/2026 11:46:00 AM,8/15/2026 11:50:00 AM,MIN_OPERATING_MW,54.63,
8/15/2026 11:50:00 AM,RTD,CLUZ,01CONSOL_G01,G,8/15/2026 11:51:00 AM,8/15/2026 11:55:00 AM,MAX_OPERATING_MW,54.25,
8/15/2026 11:50:00 AM,RTD,CLUZ,01CONSOL_G01,G,8/15/2026 11:51:00 AM,8/15/2026 11:55:00 AM,MIN_OPERATING_MW,54.25,
8/15/2026 11:50:00 AM,RTD,CLUZ,01PASBUSOL_G01,G,8/15/2026 11:01:00 AM,8/15/2026 12:00:00 PM,MAX_OPERATING_MW,40.09,
8/15/2026 11:50:00 AM,RTD,CLUZ,01PASBUSOL_G01,G,8/15/2026 11:01:00 AM,8/15/2026 12:00:00 PM,MIN_OPERATING_MW,40.09,
8/15/2026 11:50:00 AM,RTD,CLUZ,01TERRASOL_G01,G,8/15/2026 6:01:00 AM,8/15/2026 12:00:00 PM,MAX_OPERATING_MW,10,
8/15/2026 11:50:00 AM,RTD,CLUZ,01TERRASOL_G01,G,8/15/2026 6:01:00 AM,8/15/2026 12:00:00 PM,MIN_OPERATING_MW,10,
8/15/2026 11:50:00 AM,RTD,CLUZ,03LUMBSOL_G01,G,8/15/2026 11:46:00 AM,8/15/2026 11:50:00 AM,MAX_OPERATING_MW,15,
8/15/2026 11:50:00 AM,RTD,CLUZ,03LUMBSOL_G01,G,8/15/2026 11:46:00 AM,8/15/2026 11:50:00 AM,MIN_OPERATING_MW,15,
8/15/2026 11:50:00 AM,RTD,CLUZ,03LUMBSOL_G01,G,8/15/2026 11:51:00 AM,8/15/2026 11:55:00 AM,MAX_OPERATING_MW,15,
8/15/2026 11:50:00 AM,RTD,CLUZ,03LUMBSOL_G01,G,8/15/2026 11:51:00 AM,8/15/2026 11:55:00 AM,MIN_OPERATING_MW,15,
8/15/2026 11:50:00 AM,RTD,CLUZ,03LUNSOL_G01,G,8/15/2026 11:46:00 AM,8/15/2026 11:50:00 AM,MAX_OPERATING_MW,37.38,
8/15/2026 11:50:00 AM,RTD,CLUZ,03LUNSOL_G01,G,8/15/2026 11:46:00 AM,8/15/2026 11:50:00 AM,MIN_OPERATING_MW,37.38,
8/15/2026 11:50:00 AM,RTD,CLUZ,03LUNSOL_G01,G,8/15/2026 11:51:00 AM,8/15/2026 11:55:00 AM,MAX_OPERATING_MW,37.38,
8/15/2026 11:50:00 AM,RTD,CLUZ,03LUNSOL_G01,G,8/15/2026 11:51:00 AM,8/15/2026 11:55:00 AM,MIN_OPERATING_MW,37.38,
8/15/2026 11:50:00 AM,RTD,CLUZ,03TANWIND_G01,G,8/15/2026 11:46:00 AM,8/15/2026 11:50:00 AM,MAX_OPERATING_MW,4.50,
8/15/2026 11:50:00 AM,RTD,CLUZ,03TANWIND_G01,G,8/15/2026 11:46:00 AM,8/15/2026 11:50:00 AM,MIN_OPERATING_MW,4.50,
8/15/2026 11:50:00 AM,RTD,CLUZ,03TANWIND_G01,G,8/15/2026 11:51:00 AM,8/15/2026 11:55:00 AM,MAX_OPERATING_MW,4.50,
8/15/2026 11:50:00 AM,RTD,CLUZ,03TANWIND_G01,G,8/15/2026 11:51:00 AM,8/15/2026 11:55:00 AM,MIN_OPERATING_MW,4.50,
8/15/2026 11:50:00 AM,RTD,CVIS,04ISIDROSOL_G01,G,8/15/2026 11:01:00 AM,8/15/2026 12:00:00 PM,MAX_OPERATING_MW,93.60,
8/15/2026 11:50:00 AM,RTD,CVIS,04ISIDROSOL_G01,G,8/15/2026 11:01:00 AM,8/15/2026 12:00:00 PM,MIN_OPERATING_MW,93.60,
8/15/2026 11:50:00 AM,RTD,CVIS,06SLYSOL_G02,G,8/15/2026 11:01:00 AM,8/15/2026 12:00:00 PM,MAX_OPERATING_MW,9.50,
8/15/2026 11:50:00 AM,RTD,CVIS,06SLYSOL_G02,G,8/15/2026 11:01:00 AM,8/15/2026 12:00:00 PM,MIN_OPERATING_MW,9.50,
8/15/2026 11:50:00 AM,RTD,CVIS,06SLYSOL_G03,G,8/15/2026 11:01:00 AM,8/15/2026 12:00:00 PM,MAX_OPERATING_MW,9.50,
8/15/2026 11:50:00 AM,RTD,CVIS,06SLYSOL_G03,G,8/15/2026 11:01:00 AM,8/15/2026 12:00:00 PM,MIN_OPERATING_MW,9.50,
8/15/2026 11:50:00 AM,RTD,CMIN,10IDP1_U07,G,8/15/2026 9:21:00 AM,8/15/2026 12:21:00 PM,MAX_OPERATING_MW,5,
8/15/2026 11:50:00 AM,RTD,CMIN,10IDP1_U07,G,8/15/2026 9:21:00 AM,8/15/2026 12:21:00 PM,MIN_OPERATING_MW,5,
8/15/2026 11:50:00 AM,RTD,CMIN,10LIAN_G02,G,8/15/2026,8/15/2026 11:59:00 PM,MAX_OPERATING_MW,6.60,
8/15/2026 11:50:00 AM,RTD,CMIN,10LIAN_G02,G,8/15/2026,8/15/2026 11:59:00 PM,MIN_OPERATING_MW,6.60,
8/15/2026 11:50:00 AM,RTD,CMIN,14TANTASOL_G01,G,8/15/2026 11:01:00 AM,8/15/2026 12:00:00 PM,MAX_OPERATING_MW,50,
8/15/2026 11:50:00 AM,RTD,CMIN,14TANTASOL_G01,G,8/15/2026 11:01:00 AM,8/15/2026 12:00:00 PM,MIN_OPERATING_MW,50,
8/15/2026 11:55:00 AM,RTD,CLUZ,01BARBASOL_G01,G,8/15/2026 11:51:00 AM,8/15/2026 11:55:00 AM,MAX_OPERATING_MW,83.77,
8/15/2026 11:55:00 AM,RTD,CLUZ,01BARBASOL_G01,G,8/15/2026 11:51:00 AM,8/15/2026 11:55:00 AM,MIN_OPERATING_MW,83.77,
8/15/2026 11:55:00 AM,RTD,CLUZ,01BARBASOL_G01,G,8/15/2026 11:56:00 AM,8/15/2026 12:00:00 PM,MAX_OPERATING_MW,83.77,
8/15/2026 11:55:00 AM,RTD,CLUZ,01BARBASOL_G01,G,8/15/2026 11:56:00 AM,8/15/2026 12:00:00 PM,MIN_OPERATING_MW,83.77,
8/15/2026 11:55:00 AM,RTD,CLUZ,01BUGSOL_G01,G,8/15/2026 11:51:00 AM,8/15/2026 11:55:00 AM,MAX_OPERATING_MW,50,
8/15/2026 11:55:00 AM,RTD,CLUZ,01BUGSOL_G01,G,8/15/2026 11:51:00 AM,8/15/2026 11:55:00 AM,MIN_OPERATING_MW,50,
8/15/2026 11:55:00 AM,RTD,CLUZ,01BUGSOL_G01,G,8/15/2026 11:56:00 AM,8/15/2026 12:00:00 PM,MAX_OPERATING_MW,50,
8/15/2026 11:55:00 AM,RTD,CLUZ,01BUGSOL_G01,G,8/15/2026 11:56:00 AM,8/15/2026 12:00:00 PM,MIN_OPERATING_MW,50,
8/15/2026 11:55:00 AM,RTD,CLUZ,01BULACSOL_G01,G,8/15/2026 11:01:00 AM,8/15/2026 12:00:00 PM,MAX_OPERATING_MW,14.02,
8/15/2026 11:55:00 AM,RTD,CLUZ,01BULACSOL_G01,G,8/15/2026 11:01:00 AM,8/15/2026 12:00:00 PM,MIN_OPERATING_MW,14.02,
8/15/2026 11:55:00 AM,RTD,CLUZ,01CONSOL_G01,G,8/15/2026 11:51:00 AM,8/15/2026 11:55:00 AM,MAX_OPERATING_MW,54.25,
8/15/2026 11:55:00 AM,RTD,CLUZ,01CONSOL_G01,G,8/15/2026 11:51:00 AM,8/15/2026 11:55:00 AM,MIN_OPERATING_MW,54.25,
8/15/2026 11:55:00 AM,RTD,CLUZ,01CONSOL_G01,G,8/15/2026 11:56:00 AM,8/15/2026 12:00:00 PM,MAX_OPERATING_MW,53.84,
8/15/2026 11:55:00 AM,RTD,CLUZ,01CONSOL_G01,G,8/15/2026 11:56:00 AM,8/15/2026 12:00:00 PM,MIN_OPERATING_MW,53.84,
8/15/2026 11:55:00 AM,RTD,CLUZ,01PASBUSOL_G01,G,8/15/2026 11:01:00 AM,8/15/2026 12:00:00 PM,MAX_OPERATING_MW,40.09,
8/15/2026 11:55:00 AM,RTD,CLUZ,01PASBUSOL_G01,G,8/15/2026 11:01:00 AM,8/15/2026 12:00:00 PM,MIN_OPERATING_MW,40.09,
8/15/2026 11:55:00 AM,RTD,CLUZ,01TERRASOL_G01,G,8/15/2026 6:01:00 AM,8/15/2026 12:00:00 PM,MAX_OPERATING_MW,10,
8/15/2026 11:55:00 AM,RTD,CLUZ,01TERRASOL_G01,G,8/15/2026 6:01:00 AM,8/15/2026 12:00:00 PM,MIN_OPERATING_MW,10,
8/15/2026 11:55:00 AM,RTD,CLUZ,03LUMBSOL_G01,G,8/15/2026 11:51:00 AM,8/15/2026 11:55:00 AM,MAX_OPERATING_MW,15,
8/15/2026 11:55:00 AM,RTD,CLUZ,03LUMBSOL_G01,G,8/15/2026 11:51:00 AM,8/15/2026 11:55:00 AM,MIN_OPERATING_MW,15,
8/15/2026 11:55:00 AM,RTD,CLUZ,03LUMBSOL_G01,G,8/15/2026 11:56:00 AM,8/15/2026 12:00:00 PM,MAX_OPERATING_MW,15,
8/15/2026 11:55:00 AM,RTD,CLUZ,03LUMBSOL_G01,G,8/15/2026 11:56:00 AM,8/15/2026 12:00:00 PM,MIN_OPERATING_MW,15,
8/15/2026 11:55:00 AM,RTD,CLUZ,03LUNSOL_G01,G,8/15/2026 11:51:00 AM,8/15/2026 11:55:00 AM,MAX_OPERATING_MW,37.38,
8/15/2026 11:55:00 AM,RTD,CLUZ,03LUNSOL_G01,G,8/15/2026 11:51:00 AM,8/15/2026 11:55:00 AM,MIN_OPERATING_MW,37.38,
8/15/2026 11:55:00 AM,RTD,CLUZ,03LUNSOL_G01,G,8/15/2026 11:56:00 AM,8/15/2026 12:00:00 PM,MAX_OPERATING_MW,37.36,
8/15/2026 11:55:00 AM,RTD,CLUZ,03LUNSOL_G01,G,8/15/2026 11:56:00 AM,8/15/2026 12:00:00 PM,MIN_OPERATING_MW,37.36,
8/15/2026 11:55:00 AM,RTD,CLUZ,03TANWIND_G01,G,8/15/2026 11:51:00 AM,8/15/2026 11:55:00 AM,MAX_OPERATING_MW,4.50,
8/15/2026 11:55:00 AM,RTD,CLUZ,03TANWIND_G01,G,8/15/2026 11:51:00 AM,8/15/2026 11:55:00 AM,MIN_OPERATING_MW,4.50,
8/15/2026 11:55:00 AM,RTD,CLUZ,03TANWIND_G01,G,8/15/2026 11:56:00 AM,8/15/2026 12:00:00 PM,MAX_OPERATING_MW,4.50,
8/15/2026 11:55:00 AM,RTD,CLUZ,03TANWIND_G01,G,8/15/2026 11:56:00 AM,8/15/2026 12:00:00 PM,MIN_OPERATING_MW,4.50,
8/15/2026 11:55:00 AM,RTD,CVIS,04ISIDROSOL_G01,G,8/15/2026 11:01:00 AM,8/15/2026 12:00:00 PM,MAX_OPERATING_MW,93.60,
8/15/2026 11:55:00 AM,RTD,CVIS,04ISIDROSOL_G01,G,8/15/2026 11:01:00 AM,8/15/2026 12:00:00 PM,MIN_OPERATING_MW,93.60,
8/15/2026 11:55:00 AM,RTD,CVIS,06SLYSOL_G02,G,8/15/2026 11:01:00 AM,8/15/2026 12:00:00 PM,MAX_OPERATING_MW,9.50,
8/15/2026 11:55:00 AM,RTD,CVIS,06SLYSOL_G02,G,8/15/2026 11:01:00 AM,8/15/2026 12:00:00 PM,MIN_OPERATING_MW,9.50,
8/15/2026 11:55:00 AM,RTD,CVIS,06SLYSOL_G03,G,8/15/2026 11:01:00 AM,8/15/2026 12:00:00 PM,MAX_OPERATING_MW,9.50,
8/15/2026 11:55:00 AM,RTD,CVIS,06SLYSOL_G03,G,8/15/2026 11:01:00 AM,8/15/2026 12:00:00 PM,MIN_OPERATING_MW,9.50,
8/15/2026 11:55:00 AM,RTD,CMIN,10LIAN_G02,G,8/15/2026,8/15/2026 11:59:00 PM,MAX_OPERATING_MW,6.60,
8/15/2026 11:55:00 AM,RTD,CMIN,10LIAN_G02,G,8/15/2026,8/15/2026 11:59:00 PM,MIN_OPERATING_MW,6.60,
8/15/2026 11:55:00 AM,RTD,CMIN,14TANTASOL_G01,G,8/15/2026 11:01:00 AM,8/15/2026 12:00:00 PM,MAX_OPERATING_MW,50,
8/15/2026 11:55:00 AM,RTD,CMIN,14TANTASOL_G01,G,8/15/2026 11:01:00 AM,8/15/2026 12:00:00 PM,MIN_OPERATING_MW,50,
8/15/2026 12:00:00 PM,RTD,CLUZ,01BARBASOL_G01,G,8/15/2026 11:56:00 AM,8/15/2026 12:00:00 PM,MAX_OPERATING_MW,83.77,
8/15/2026 12:00:00 PM,RTD,CLUZ,01BARBASOL_G01,G,8/15/2026 11:56:00 AM,8/15/2026 12:00:00 PM,MIN_OPERATING_MW,83.77,
8/15/2026 12:00:00 PM,RTD,CLUZ,01BARBASOL_G01,G,8/15/2026 12:01:00 PM,8/15/2026 12:05:00 PM,MAX_OPERATING_MW,83.77,
8/15/2026 12:00:00 PM,RTD,CLUZ,01BARBASOL_G01,G,8/15/2026 12:01:00 PM,8/15/2026 12:05:00 PM,MIN_OPERATING_MW,83.77,
8/15/2026 12:00:00 PM,RTD,CLUZ,01BUGSOL_G01,G,8/15/2026 11:56:00 AM,8/15/2026 12:00:00 PM,MAX_OPERATING_MW,50,
8/15/2026 12:00:00 PM,RTD,CLUZ,01BUGSOL_G01,G,8/15/2026 11:56:00 AM,8/15/2026 12:00:00 PM,MIN_OPERATING_MW,50,
8/15/2026 12:00:00 PM,RTD,CLUZ,01BUGSOL_G01,G,8/15/2026 12:01:00 PM,8/15/2026 12:05:00 PM,MAX_OPERATING_MW,50,
8/15/2026 12:00:00 PM,RTD,CLUZ,01BUGSOL_G01,G,8/15/2026 12:01:00 PM,8/15/2026 12:05:00 PM,MIN_OPERATING_MW,50,
8/15/2026 12:00:00 PM,RTD,CLUZ,01BULACSOL_G01,G,8/15/2026 11:01:00 AM,8/15/2026 12:00:00 PM,MAX_OPERATING_MW,14.02,
8/15/2026 12:00:00 PM,RTD,CLUZ,01BULACSOL_G01,G,8/15/2026 11:01:00 AM,8/15/2026 12:00:00 PM,MIN_OPERATING_MW,14.02,
8/15/2026 12:00:00 PM,RTD,CLUZ,01BULACSOL_G01,G,8/15/2026 12:01:00 PM,8/15/2026 1:00:00 PM,MAX_OPERATING_MW,13.39,
8/15/2026 12:00:00 PM,RTD,CLUZ,01BULACSOL_G01,G,8/15/2026 12:01:00 PM,8/15/2026 1:00:00 PM,MIN_OPERATING_MW,13.39,
8/15/2026 12:00:00 PM,RTD,CLUZ,01CONSOL_G01,G,8/15/2026 11:56:00 AM,8/15/2026 12:00:00 PM,MAX_OPERATING_MW,53.84,
8/15/2026 12:00:00 PM,RTD,CLUZ,01CONSOL_G01,G,8/15/2026 11:56:00 AM,8/15/2026 12:00:00 PM,MIN_OPERATING_MW,53.84,
8/15/2026 12:00:00 PM,RTD,CLUZ,01CONSOL_G01,G,8/15/2026 12:01:00 PM,8/15/2026 12:05:00 PM,MAX_OPERATING_MW,53.53,
8/15/2026 12:00:00 PM,RTD,CLUZ,01CONSOL_G01,G,8/15/2026 12:01:00 PM,8/15/2026 12:05:00 PM,MIN_OPERATING_MW,53.53,
8/15/2026 12:00:00 PM,RTD,CLUZ,01PASBUSOL_G01,G,8/15/2026 11:01:00 AM,8/15/2026 12:00:00 PM,MAX_OPERATING_MW,40.09,
8/15/2026 12:00:00 PM,RTD,CLUZ,01PASBUSOL_G01,G,8/15/2026 11:01:00 AM,8/15/2026 12:00:00 PM,MIN_OPERATING_MW,40.09,
8/15/2026 12:00:00 PM,RTD,CLUZ,01PASBUSOL_G01,G,8/15/2026 12:01:00 PM,8/15/2026 1:00:00 PM,MAX_OPERATING_MW,39.97,
8/15/2026 12:00:00 PM,RTD,CLUZ,01PASBUSOL_G01,G,8/15/2026 12:01:00 PM,8/15/2026 1:00:00 PM,MIN_OPERATING_MW,39.97,
8/15/2026 12:00:00 PM,RTD,CLUZ,01TERRASOL_G01,G,8/15/2026 6:01:00 AM,8/15/2026 12:00:00 PM,MAX_OPERATING_MW,10,
8/15/2026 12:00:00 PM,RTD,CLUZ,01TERRASOL_G01,G,8/15/2026 6:01:00 AM,8/15/2026 12:00:00 PM,MIN_OPERATING_MW,10,
8/15/2026 12:00:00 PM,RTD,CLUZ,01TERRASOL_G01,G,8/15/2026 12:01:00 PM,8/15/2026 12:05:00 PM,MAX_OPERATING_MW,100,
8/15/2026 12:00:00 PM,RTD,CLUZ,01TERRASOL_G01,G,8/15/2026 12:01:00 PM,8/15/2026 12:05:00 PM,MIN_OPERATING_MW,100,
8/15/2026 12:00:00 PM,RTD,CLUZ,03LUMBSOL_G01,G,8/15/2026 11:56:00 AM,8/15/2026 12:00:00 PM,MAX_OPERATING_MW,15,
8/15/2026 12:00:00 PM,RTD,CLUZ,03LUMBSOL_G01,G,8/15/2026 11:56:00 AM,8/15/2026 12:00:00 PM,MIN_OPERATING_MW,15,
8/15/2026 12:00:00 PM,RTD,CLUZ,03LUMBSOL_G01,G,8/15/2026 12:01:00 PM,8/15/2026 12:05:00 PM,MAX_OPERATING_MW,15,
8/15/2026 12:00:00 PM,RTD,CLUZ,03LUMBSOL_G01,G,8/15/2026 12:01:00 PM,8/15/2026 12:05:00 PM,MIN_OPERATING_MW,15,
8/15/2026 12:00:00 PM,RTD,CLUZ,03LUNSOL_G01,G,8/15/2026 11:56:00 AM,8/15/2026 12:00:00 PM,MAX_OPERATING_MW,37.36,
8/15/2026 12:00:00 PM,RTD,CLUZ,03LUNSOL_G01,G,8/15/2026 11:56:00 AM,8/15/2026 12:00:00 PM,MIN_OPERATING_MW,37.36,
8/15/2026 12:00:00 PM,RTD,CLUZ,03LUNSOL_G01,G,8/15/2026 12:01:00 PM,8/15/2026 12:05:00 PM,MAX_OPERATING_MW,37.33,
8/15/2026 12:00:00 PM,RTD,CLUZ,03LUNSOL_G01,G,8/15/2026 12:01:00 PM,8/15/2026 12:05:00 PM,MIN_OPERATING_MW,37.33,
8/15/2026 12:00:00 PM,RTD,CLUZ,03TANWIND_G01,G,8/15/2026 11:56:00 AM,8/15/2026 12:00:00 PM,MAX_OPERATING_MW,4.50,
8/15/2026 12:00:00 PM,RTD,CLUZ,03TANWIND_G01,G,8/15/2026 11:56:00 AM,8/15/2026 12:00:00 PM,MIN_OPERATING_MW,4.50,
8/15/2026 12:00:00 PM,RTD,CLUZ,03TANWIND_G01,G,8/15/2026 12:01:00 PM,8/15/2026 12:05:00 PM,MAX_OPERATING_MW,5.10,
8/15/2026 12:00:00 PM,RTD,CLUZ,03TANWIND_G01,G,8/15/2026 12:01:00 PM,8/15/2026 12:05:00 PM,MIN_OPERATING_MW,5.10,
8/15/2026 12:00:00 PM,RTD,CVIS,04ISIDROSOL_G01,G,8/15/2026 11:01:00 AM,8/15/2026 12:00:00 PM,MAX_OPERATING_MW,93.60,
8/15/2026 12:00:00 PM,RTD,CVIS,04ISIDROSOL_G01,G,8/15/2026 11:01:00 AM,8/15/2026 12:00:00 PM,MIN_OPERATING_MW,93.60,
8/15/2026 12:00:00 PM,RTD,CVIS,04ISIDROSOL_G01,G,8/15/2026 12:01:00 PM,8/15/2026 1:00:00 PM,MAX_OPERATING_MW,94.70,
8/15/2026 12:00:00 PM,RTD,CVIS,04ISIDROSOL_G01,G,8/15/2026 12:01:00 PM,8/15/2026 1:00:00 PM,MIN_OPERATING_MW,94.70,
8/15/2026 12:00:00 PM,RTD,CVIS,06SLYSOL_G02,G,8/15/2026 11:01:00 AM,8/15/2026 12:00:00 PM,MAX_OPERATING_MW,9.50,
8/15/2026 12:00:00 PM,RTD,CVIS,06SLYSOL_G02,G,8/15/2026 11:01:00 AM,8/15/2026 12:00:00 PM,MIN_OPERATING_MW,9.50,
8/15/2026 12:00:00 PM,RTD,CVIS,06SLYSOL_G02,G,8/15/2026 12:01:00 PM,8/15/2026 1:00:00 PM,MAX_OPERATING_MW,9.52,
8/15/2026 12:00:00 PM,RTD,CVIS,06SLYSOL_G02,G,8/15/2026 12:01:00 PM,8/15/2026 1:00:00 PM,MIN_OPERATING_MW,9.52,
8/15/2026 12:00:00 PM,RTD,CVIS,06SLYSOL_G03,G,8/15/2026 11:01:00 AM,8/15/2026 12:00:00 PM,MAX_OPERATING_MW,9.50,
8/15/2026 12:00:00 PM,RTD,CVIS,06SLYSOL_G03,G,8/15/2026 11:01:00 AM,8/15/2026 12:00:00 PM,MIN_OPERATING_MW,9.50,
8/15/2026 12:00:00 PM,RTD,CVIS,06SLYSOL_G03,G,8/15/2026 12:01:00 PM,8/15/2026 1:00:00 PM,MAX_OPERATING_MW,9.53,
8/15/2026 12:00:00 PM,RTD,CVIS,06SLYSOL_G03,G,8/15/2026 12:01:00 PM,8/15/2026 1:00:00 PM,MIN_OPERATING_MW,9.53,
8/15/2026 12:00:00 PM,RTD,CMIN,10LIAN_G02,G,8/15/2026,8/15/2026 11:59:00 PM,MAX_OPERATING_MW,6.60,
8/15/2026 12:00:00 PM,RTD,CMIN,10LIAN_G02,G,8/15/2026,8/15/2026 11:59:00 PM,MIN_OPERATING_MW,6.60,
8/15/2026 12:00:00 PM,RTD,CMIN,14TANTASOL_G01,G,8/15/2026 11:01:00 AM,8/15/2026 12:00:00 PM,MAX_OPERATING_MW,50,
8/15/2026 12:00:00 PM,RTD,CMIN,14TANTASOL_G01,G,8/15/2026 11:01:00 AM,8/15/2026 12:00:00 PM,MIN_OPERATING_MW,50,
8/15/2026 12:00:00 PM,RTD,CMIN,14TANTASOL_G01,G,8/15/2026 12:01:00 PM,8/15/2026 1:00:00 PM,MAX_OPERATING_MW,50,
8/15/2026 12:00:00 PM,RTD,CMIN,14TANTASOL_G01,G,8/15/2026 12:01:00 PM,8/15/2026 1:00:00 PM,MIN_OPERATING_MW,50,
8/15/2026 12:05:00 PM,RTD,CLUZ,01BARBASOL_G01,G,8/15/2026 12:01:00 PM,8/15/2026 12:05:00 PM,MAX_OPERATING_MW,83.77,
8/15/2026 12:05:00 PM,RTD,CLUZ,01BARBASOL_G01,G,8/15/2026 12:01:00 PM,8/15/2026 12:05:00 PM,MIN_OPERATING_MW,83.77,
8/15/2026 12:05:00 PM,RTD,CLUZ,01BARBASOL_G01,G,8/15/2026 12:06:00 PM,8/15/2026 12:10:00 PM,MAX_OPERATING_MW,83.58,
8/15/2026 12:05:00 PM,RTD,CLUZ,01BARBASOL_G01,G,8/15/2026 12:06:00 PM,8/15/2026 12:10:00 PM,MIN_OPERATING_MW,83.58,
8/15/2026 12:05:00 PM,RTD,CLUZ,01BUGSOL_G01,G,8/15/2026 12:01:00 PM,8/15/2026 12:05:00 PM,MAX_OPERATING_MW,250,
8/15/2026 12:05:00 PM,RTD,CLUZ,01BUGSOL_G01,G,8/15/2026 12:01:00 PM,8/15/2026 12:05:00 PM,MIN_OPERATING_MW,250,
8/15/2026 12:05:00 PM,RTD,CLUZ,01BUGSOL_G01,G,8/15/2026 12:06:00 PM,8/15/2026 12:10:00 PM,MAX_OPERATING_MW,250,
8/15/2026 12:05:00 PM,RTD,CLUZ,01BUGSOL_G01,G,8/15/2026 12:06:00 PM,8/15/2026 12:10:00 PM,MIN_OPERATING_MW,250,
8/15/2026 12:05:00 PM,RTD,CLUZ,01BULACSOL_G01,G,8/15/2026 12:01:00 PM,8/15/2026 1:00:00 PM,MAX_OPERATING_MW,13.39,
8/15/2026 12:05:00 PM,RTD,CLUZ,01BULACSOL_G01,G,8/15/2026 12:01:00 PM,8/15/2026 1:00:00 PM,MIN_OPERATING_MW,13.39,
8/15/2026 12:05:00 PM,RTD,CLUZ,01CONSOL_G01,G,8/15/2026 12:01:00 PM,8/15/2026 12:05:00 PM,MAX_OPERATING_MW,53.53,
8/15/2026 12:05:00 PM,RTD,CLUZ,01CONSOL_G01,G,8/15/2026 12:01:00 PM,8/15/2026 12:05:00 PM,MIN_OPERATING_MW,53.53,
8/15/2026 12:05:00 PM,RTD,CLUZ,01CONSOL_G01,G,8/15/2026 12:06:00 PM,8/15/2026 12:10:00 PM,MAX_OPERATING_MW,53.32,
8/15/2026 12:05:00 PM,RTD,CLUZ,01CONSOL_G01,G,8/15/2026 12:06:00 PM,8/15/2026 12:10:00 PM,MIN_OPERATING_MW,53.32,
8/15/2026 12:05:00 PM,RTD,CLUZ,01PASBUSOL_G01,G,8/15/2026 12:01:00 PM,8/15/2026 1:00:00 PM,MAX_OPERATING_MW,39.97,
8/15/2026 12:05:00 PM,RTD,CLUZ,01PASBUSOL_G01,G,8/15/2026 12:01:00 PM,8/15/2026 1:00:00 PM,MIN_OPERATING_MW,39.97,
8/15/2026 12:05:00 PM,RTD,CLUZ,01TERRASOL_G01,G,8/15/2026 6:01:00 AM,8/15/2026 12:30:00 PM,MAX_OPERATING_MW,10,
8/15/2026 12:05:00 PM,RTD,CLUZ,01TERRASOL_G01,G,8/15/2026 6:01:00 AM,8/15/2026 12:30:00 PM,MIN_OPERATING_MW,10,
8/15/2026 12:05:00 PM,RTD,CLUZ,03LUMBSOL_G01,G,8/15/2026 12:01:00 PM,8/15/2026 12:05:00 PM,MAX_OPERATING_MW,15,
8/15/2026 12:05:00 PM,RTD,CLUZ,03LUMBSOL_G01,G,8/15/2026 12:01:00 PM,8/15/2026 12:05:00 PM,MIN_OPERATING_MW,15,
8/15/2026 12:05:00 PM,RTD,CLUZ,03LUMBSOL_G01,G,8/15/2026 12:06:00 PM,8/15/2026 12:10:00 PM,MAX_OPERATING_MW,15,
8/15/2026 12:05:00 PM,RTD,CLUZ,03LUMBSOL_G01,G,8/15/2026 12:06:00 PM,8/15/2026 12:10:00 PM,MIN_OPERATING_MW,15,
8/15/2026 12:05:00 PM,RTD,CLUZ,03LUNSOL_G01,G,8/15/2026 12:01:00 PM,8/15/2026 12:05:00 PM,MAX_OPERATING_MW,37.33,
8/15/2026 12:05:00 PM,RTD,CLUZ,03LUNSOL_G01,G,8/15/2026 12:01:00 PM,8/15/2026 12:05:00 PM,MIN_OPERATING_MW,37.33,
8/15/2026 12:05:00 PM,RTD,CLUZ,03LUNSOL_G01,G,8/15/2026 12:06:00 PM,8/15/2026 12:10:00 PM,MAX_OPERATING_MW,37.30,
8/15/2026 12:05:00 PM,RTD,CLUZ,03LUNSOL_G01,G,8/15/2026 12:06:00 PM,8/15/2026 12:10:00 PM,MIN_OPERATING_MW,37.30,
8/15/2026 12:05:00 PM,RTD,CLUZ,03TANWIND_G01,G,8/15/2026 12:01:00 PM,8/15/2026 12:05:00 PM,MAX_OPERATING_MW,5.10,
8/15/2026 12:05:00 PM,RTD,CLUZ,03TANWIND_G01,G,8/15/2026 12:01:00 PM,8/15/2026 12:05:00 PM,MIN_OPERATING_MW,5.10,
8/15/2026 12:05:00 PM,RTD,CLUZ,03TANWIND_G01,G,8/15/2026 12:06:00 PM,8/15/2026 12:10:00 PM,MAX_OPERATING_MW,5.10,
8/15/2026 12:05:00 PM,RTD,CLUZ,03TANWIND_G01,G,8/15/2026 12:06:00 PM,8/15/2026 12:10:00 PM,MIN_OPERATING_MW,5.10,
8/15/2026 12:05:00 PM,RTD,CVIS,04ISIDROSOL_G01,G,8/15/2026 12:01:00 PM,8/15/2026 1:00:00 PM,MAX_OPERATING_MW,94.70,
8/15/2026 12:05:00 PM,RTD,CVIS,04ISIDROSOL_G01,G,8/15/2026 12:01:00 PM,8/15/2026 1:00:00 PM,MIN_OPERATING_MW,94.70,
8/15/2026 12:05:00 PM,RTD,CVIS,06SLYSOL_G02,G,8/15/2026 12:01:00 PM,8/15/2026 1:00:00 PM,MAX_OPERATING_MW,9.52,
8/15/2026 12:05:00 PM,RTD,CVIS,06SLYSOL_G02,G,8/15/2026 12:01:00 PM,8/15/2026 1:00:00 PM,MIN_OPERATING_MW,9.52,
8/15/2026 12:05:00 PM,RTD,CVIS,06SLYSOL_G03,G,8/15/2026 12:01:00 PM,8/15/2026 1:00:00 PM,MAX_OPERATING_MW,9.53,
8/15/2026 12:05:00 PM,RTD,CVIS,06SLYSOL_G03,G,8/15/2026 12:01:00 PM,8/15/2026 1:00:00 PM,MIN_OPERATING_MW,9.53,
8/15/2026 12:05:00 PM,RTD,CMIN,10LIAN_G02,G,8/15/2026,8/15/2026 11:59:00 PM,MAX_OPERATING_MW,6.60,
8/15/2026 12:05:00 PM,RTD,CMIN,10LIAN_G02,G,8/15/2026,8/15/2026 11:59:00 PM,MIN_OPERATING_MW,6.60,
8/15/2026 12:05:00 PM,RTD,CMIN,14TANTASOL_G01,G,8/15/2026 12:01:00 PM,8/15/2026 1:00:00 PM,MAX_OPERATING_MW,50,
8/15/2026 12:05:00 PM,RTD,CMIN,14TANTASOL_G01,G,8/15/2026 12:01:00 PM,8/15/2026 1:00:00 PM,MIN_OPERATING_MW,50,
8/15/2026 12:10:00 PM,RTD,CLUZ,01BARBASOL_G01,G,8/15/2026 12:06:00 PM,8/15/2026 12:10:00 PM,MAX_OPERATING_MW,83.58,
8/15/2026 12:10:00 PM,RTD,CLUZ,01BARBASOL_G01,G,8/15/2026 12:06:00 PM,8/15/2026 12:10:00 PM,MIN_OPERATING_MW,83.58,
8/15/2026 12:10:00 PM,RTD,CLUZ,01BARBASOL_G01,G,8/15/2026 12:11:00 PM,8/15/2026 12:15:00 PM,MAX_OPERATING_MW,83.12,
8/15/2026 12:10:00 PM,RTD,CLUZ,01BARBASOL_G01,G,8/15/2026 12:11:00 PM,8/15/2026 12:15:00 PM,MIN_OPERATING_MW,83.12,
8/15/2026 12:10:00 PM,RTD,CLUZ,01BUGSOL_G01,G,8/15/2026 12:06:00 PM,8/15/2026 12:10:00 PM,MAX_OPERATING_MW,250,
8/15/2026 12:10:00 PM,RTD,CLUZ,01BUGSOL_G01,G,8/15/2026 12:06:00 PM,8/15/2026 12:10:00 PM,MIN_OPERATING_MW,250,
8/15/2026 12:10:00 PM,RTD,CLUZ,01BUGSOL_G01,G,8/15/2026 12:11:00 PM,8/15/2026 12:15:00 PM,MAX_OPERATING_MW,250,
8/15/2026 12:10:00 PM,RTD,CLUZ,01BUGSOL_G01,G,8/15/2026 12:11:00 PM,8/15/2026 12:15:00 PM,MIN_OPERATING_MW,250,
8/15/2026 12:10:00 PM,RTD,CLUZ,01BULACSOL_G01,G,8/15/2026 12:01:00 PM,8/15/2026 1:00:00 PM,MAX_OPERATING_MW,13.39,
8/15/2026 12:10:00 PM,RTD,CLUZ,01BULACSOL_G01,G,8/15/2026 12:01:00 PM,8/15/2026 1:00:00 PM,MIN_OPERATING_MW,13.39,
8/15/2026 12:10:00 PM,RTD,CLUZ,01CONSOL_G01,G,8/15/2026 12:06:00 PM,8/15/2026 12:10:00 PM,MAX_OPERATING_MW,53.32,
8/15/2026 12:10:00 PM,RTD,CLUZ,01CONSOL_G01,G,8/15/2026 12:06:00 PM,8/15/2026 12:10:00 PM,MIN_OPERATING_MW,53.32,
8/15/2026 12:10:00 PM,RTD,CLUZ,01CONSOL_G01,G,8/15/2026 12:11:00 PM,8/15/2026 12:15:00 PM,MAX_OPERATING_MW,53.08,
8/15/2026 12:10:00 PM,RTD,CLUZ,01CONSOL_G01,G,8/15/2026 12:11:00 PM,8/15/2026 12:15:00 PM,MIN_OPERATING_MW,53.08,
8/15/2026 12:10:00 PM,RTD,CLUZ,01PASBUSOL_G01,G,8/15/2026 12:01:00 PM,8/15/2026 1:00:00 PM,MAX_OPERATING_MW,39.97,
8/15/2026 12:10:00 PM,RTD,CLUZ,01PASBUSOL_G01,G,8/15/2026 12:01:00 PM,8/15/2026 1:00:00 PM,MIN_OPERATING_MW,39.97,
8/15/2026 12:10:00 PM,RTD,CLUZ,01TERRASOL_G01,G,8/15/2026 6:01:00 AM,8/15/2026 12:30:00 PM,MAX_OPERATING_MW,10,
8/15/2026 12:10:00 PM,RTD,CLUZ,01TERRASOL_G01,G,8/15/2026 6:01:00 AM,8/15/2026 12:30:00 PM,MIN_OPERATING_MW,10,
8/15/2026 12:10:00 PM,RTD,CLUZ,03LUMBSOL_G01,G,8/15/2026 12:06:00 PM,8/15/2026 12:10:00 PM,MAX_OPERATING_MW,15,
8/15/2026 12:10:00 PM,RTD,CLUZ,03LUMBSOL_G01,G,8/15/2026 12:06:00 PM,8/15/2026 12:10:00 PM,MIN_OPERATING_MW,15,
8/15/2026 12:10:00 PM,RTD,CLUZ,03LUMBSOL_G01,G,8/15/2026 12:11:00 PM,8/15/2026 12:15:00 PM,MAX_OPERATING_MW,15,
8/15/2026 12:10:00 PM,RTD,CLUZ,03LUMBSOL_G01,G,8/15/2026 12:11:00 PM,8/15/2026 12:15:00 PM,MIN_OPERATING_MW,15,
8/15/2026 12:10:00 PM,RTD,CLUZ,03LUNSOL_G01,G,8/15/2026 12:06:00 PM,8/15/2026 12:10:00 PM,MAX_OPERATING_MW,37.30,
8/15/2026 12:10:00 PM,RTD,CLUZ,03LUNSOL_G01,G,8/15/2026 12:06:00 PM,8/15/2026 12:10:00 PM,MIN_OPERATING_MW,37.30,
8/15/2026 12:10:00 PM,RTD,CLUZ,03LUNSOL_G01,G,8/15/2026 12:11:00 PM,8/15/2026 12:15:00 PM,MAX_OPERATING_MW,37.27,
8/15/2026 12:10:00 PM,RTD,CLUZ,03LUNSOL_G01,G,8/15/2026 12:11:00 PM,8/15/2026 12:15:00 PM,MIN_OPERATING_MW,37.27,
8/15/2026 12:10:00 PM,RTD,CLUZ,03TANWIND_G01,G,8/15/2026 12:06:00 PM,8/15/2026 12:10:00 PM,MAX_OPERATING_MW,5.10,
8/15/2026 12:10:00 PM,RTD,CLUZ,03TANWIND_G01,G,8/15/2026 12:06:00 PM,8/15/2026 12:10:00 PM,MIN_OPERATING_MW,5.10,
8/15/2026 12:10:00 PM,RTD,CLUZ,03TANWIND_G01,G,8/15/2026 12:11:00 PM,8/15/2026 12:15:00 PM,MAX_OPERATING_MW,5.10,
8/15/2026 12:10:00 PM,RTD,CLUZ,03TANWIND_G01,G,8/15/2026 12:11:00 PM,8/15/2026 12:15:00 PM,MIN_OPERATING_MW,5.10,
8/15/2026 12:10:00 PM,RTD,CVIS,04ISIDROSOL_G01,G,8/15/2026 12:01:00 PM,8/15/2026 1:00:00 PM,MAX_OPERATING_MW,94.70,
8/15/2026 12:10:00 PM,RTD,CVIS,04ISIDROSOL_G01,G,8/15/2026 12:01:00 PM,8/15/2026 1:00:00 PM,MIN_OPERATING_MW,94.70,
8/15/2026 12:10:00 PM,RTD,CVIS,06SLYSOL_G02,G,8/15/2026 12:01:00 PM,8/15/2026 1:00:00 PM,MAX_OPERATING_MW,9.52,
8/15/2026 12:10:00 PM,RTD,CVIS,06SLYSOL_G02,G,8/15/2026 12:01:00 PM,8/15/2026 1:00:00 PM,MIN_OPERATING_MW,9.52,
8/15/2026 12:10:00 PM,RTD,CVIS,06SLYSOL_G03,G,8/15/2026 12:01:00 PM,8/15/2026 1:00:00 PM,MAX_OPERATING_MW,9.53,
8/15/2026 12:10:00 PM,RTD,CVIS,06SLYSOL_G03,G,8/15/2026 12:01:00 PM,8/15/2026 1:00:00 PM,MIN_OPERATING_MW,9.53,
8/15/2026 12:10:00 PM,RTD,CMIN,10LIAN_G02,G,8/15/2026,8/15/2026 11:59:00 PM,MAX_OPERATING_MW,6.60,
8/15/2026 12:10:00 PM,RTD,CMIN,10LIAN_G02,G,8/15/2026,8/15/2026 11:59:00 PM,MIN_OPERATING_MW,6.60,
8/15/2026 12:10:00 PM,RTD,CMIN,14TANTASOL_G01,G,8/15/2026 12:01:00 PM,8/15/2026 1:00:00 PM,MAX_OPERATING_MW,50,
8/15/2026 12:10:00 PM,RTD,CMIN,14TANTASOL_G01,G,8/15/2026 12:01:00 PM,8/15/2026 1:00:00 PM,MIN_OPERATING_MW,50,
8/15/2026 12:15:00 PM,RTD,CLUZ,01BARBASOL_G01,G,8/15/2026 12:11:00 PM,8/15/2026 12:15:00 PM,MAX_OPERATING_MW,83.12,
8/15/2026 12:15:00 PM,RTD,CLUZ,01BARBASOL_G01,G,8/15/2026 12:11:00 PM,8/15/2026 12:15:00 PM,MIN_OPERATING_MW,83.12,
8/15/2026 12:15:00 PM,RTD,CLUZ,01BARBASOL_G01,G,8/15/2026 12:16:00 PM,8/15/2026 12:20:00 PM,MAX_OPERATING_MW,82.54,
8/15/2026 12:15:00 PM,RTD,CLUZ,01BARBASOL_G01,G,8/15/2026 12:16:00 PM,8/15/2026 12:20:00 PM,MIN_OPERATING_MW,82.54,
8/15/2026 12:15:00 PM,RTD,CLUZ,01BUGSOL_G01,G,8/15/2026 12:11:00 PM,8/15/2026 12:15:00 PM,MAX_OPERATING_MW,250,
8/15/2026 12:15:00 PM,RTD,CLUZ,01BUGSOL_G01,G,8/15/2026 12:11:00 PM,8/15/2026 12:15:00 PM,MIN_OPERATING_MW,250,
8/15/2026 12:15:00 PM,RTD,CLUZ,01BUGSOL_G01,G,8/15/2026 12:16:00 PM,8/15/2026 12:20:00 PM,MAX_OPERATING_MW,250,
8/15/2026 12:15:00 PM,RTD,CLUZ,01BUGSOL_G01,G,8/15/2026 12:16:00 PM,8/15/2026 12:20:00 PM,MIN_OPERATING_MW,250,
8/15/2026 12:15:00 PM,RTD,CLUZ,01BULACSOL_G01,G,8/15/2026 12:01:00 PM,8/15/2026 1:00:00 PM,MAX_OPERATING_MW,13.39,
8/15/2026 12:15:00 PM,RTD,CLUZ,01BULACSOL_G01,G,8/15/2026 12:01:00 PM,8/15/2026 1:00:00 PM,MIN_OPERATING_MW,13.39,
8/15/2026 12:15:00 PM,RTD,CLUZ,01CONSOL_G01,G,8/15/2026 12:11:00 PM,8/15/2026 12:15:00 PM,MAX_OPERATING_MW,53.08,
8/15/2026 12:15:00 PM,RTD,CLUZ,01CONSOL_G01,G,8/15/2026 12:11:00 PM,8/15/2026 12:15:00 PM,MIN_OPERATING_MW,53.08,
8/15/2026 12:15:00 PM,RTD,CLUZ,01CONSOL_G01,G,8/15/2026 12:16:00 PM,8/15/2026 12:20:00 PM,MAX_OPERATING_MW,52.82,
8/15/2026 12:15:00 PM,RTD,CLUZ,01CONSOL_G01,G,8/15/2026 12:16:00 PM,8/15/2026 12:20:00 PM,MIN_OPERATING_MW,52.82,
8/15/2026 12:15:00 PM,RTD,CLUZ,01PASBUSOL_G01,G,8/15/2026 12:01:00 PM,8/15/2026 1:00:00 PM,MAX_OPERATING_MW,39.97,
8/15/2026 12:15:00 PM,RTD,CLUZ,01PASBUSOL_G01,G,8/15/2026 12:01:00 PM,8/15/2026 1:00:00 PM,MIN_OPERATING_MW,39.97,
8/15/2026 12:15:00 PM,RTD,CLUZ,01TERRASOL_G01,G,8/15/2026 6:01:00 AM,8/15/2026 12:30:00 PM,MAX_OPERATING_MW,10,
8/15/2026 12:15:00 PM,RTD,CLUZ,01TERRASOL_G01,G,8/15/2026 6:01:00 AM,8/15/2026 12:30:00 PM,MIN_OPERATING_MW,10,
8/15/2026 12:15:00 PM,RTD,CLUZ,03LUMBSOL_G01,G,8/15/2026 12:11:00 PM,8/15/2026 12:15:00 PM,MAX_OPERATING_MW,15,
8/15/2026 12:15:00 PM,RTD,CLUZ,03LUMBSOL_G01,G,8/15/2026 12:11:00 PM,8/15/2026 12:15:00 PM,MIN_OPERATING_MW,15,
8/15/2026 12:15:00 PM,RTD,CLUZ,03LUMBSOL_G01,G,8/15/2026 12:16:00 PM,8/15/2026 12:20:00 PM,MAX_OPERATING_MW,15,
8/15/2026 12:15:00 PM,RTD,CLUZ,03LUMBSOL_G01,G,8/15/2026 12:16:00 PM,8/15/2026 12:20:00 PM,MIN_OPERATING_MW,15,
8/15/2026 12:15:00 PM,RTD,CLUZ,03LUNSOL_G01,G,8/15/2026 12:11:00 PM,8/15/2026 12:15:00 PM,MAX_OPERATING_MW,37.27,
8/15/2026 12:15:00 PM,RTD,CLUZ,03LUNSOL_G01,G,8/15/2026 12:11:00 PM,8/15/2026 12:15:00 PM,MIN_OPERATING_MW,37.27,
8/15/2026 12:15:00 PM,RTD,CLUZ,03LUNSOL_G01,G,8/15/2026 12:16:00 PM,8/15/2026 12:20:00 PM,MAX_OPERATING_MW,37.23,
8/15/2026 12:15:00 PM,RTD,CLUZ,03LUNSOL_G01,G,8/15/2026 12:16:00 PM,8/15/2026 12:20:00 PM,MIN_OPERATING_MW,37.23,
8/15/2026 12:15:00 PM,RTD,CLUZ,03TANWIND_G01,G,8/15/2026 12:11:00 PM,8/15/2026 12:15:00 PM,MAX_OPERATING_MW,5.10,
8/15/2026 12:15:00 PM,RTD,CLUZ,03TANWIND_G01,G,8/15/2026 12:11:00 PM,8/15/2026 12:15:00 PM,MIN_OPERATING_MW,5.10,
8/15/2026 12:15:00 PM,RTD,CLUZ,03TANWIND_G01,G,8/15/2026 12:16:00 PM,8/15/2026 12:20:00 PM,MAX_OPERATING_MW,5.10,
8/15/2026 12:15:00 PM,RTD,CLUZ,03TANWIND_G01,G,8/15/2026 12:16:00 PM,8/15/2026 12:20:00 PM,MIN_OPERATING_MW,5.10,
8/15/2026 12:15:00 PM,RTD,CVIS,04ISIDROSOL_G01,G,8/15/2026 12:01:00 PM,8/15/2026 1:00:00 PM,MAX_OPERATING_MW,94.70,
8/15/2026 12:15:00 PM,RTD,CVIS,04ISIDROSOL_G01,G,8/15/2026 12:01:00 PM,8/15/2026 1:00:00 PM,MIN_OPERATING_MW,94.70,
8/15/2026 12:15:00 PM,RTD,CVIS,06SLYSOL_G02,G,8/15/2026 12:01:00 PM,8/15/2026 1:00:00 PM,MAX_OPERATING_MW,9.52,
8/15/2026 12:15:00 PM,RTD,CVIS,06SLYSOL_G02,G,8/15/2026 12:01:00 PM,8/15/2026 1:00:00 PM,MIN_OPERATING_MW,9.52,
8/15/2026 12:15:00 PM,RTD,CVIS,06SLYSOL_G03,G,8/15/2026 12:01:00 PM,8/15/2026 1:00:00 PM,MAX_OPERATING_MW,9.53,
8/15/2026 12:15:00 PM,RTD,CVIS,06SLYSOL_G03,G,8/15/2026 12:01:00 PM,8/15/2026 1:00:00 PM,MIN_OPERATING_MW,9.53,
8/15/2026 12:15:00 PM,RTD,CMIN,10LIAN_G02,G,8/15/2026,8/15/2026 11:59:00 PM,MAX_OPERATING_MW,6.60,
8/15/2026 12:15:00 PM,RTD,CMIN,10LIAN_G02,G,8/15/2026,8/15/2026 11:59:00 PM,MIN_OPERATING_MW,6.60,
8/15/2026 12:15:00 PM,RTD,CMIN,14TANTASOL_G01,G,8/15/2026 12:01:00 PM,8/15/2026 1:00:00 PM,MAX_OPERATING_MW,50,
8/15/2026 12:15:00 PM,RTD,CMIN,14TANTASOL_G01,G,8/15/2026 12:01:00 PM,8/15/2026 1:00:00 PM,MIN_OPERATING_MW,50,
8/15/2026 12:20:00 PM,RTD,CLUZ,01BARBASOL_G01,G,8/15/2026 12:16:00 PM,8/15/2026 12:20:00 PM,MAX_OPERATING_MW,82.54,
8/15/2026 12:20:00 PM,RTD,CLUZ,01BARBASOL_G01,G,8/15/2026 12:16:00 PM,8/15/2026 12:20:00 PM,MIN_OPERATING_MW,82.54,
8/15/2026 12:20:00 PM,RTD,CLUZ,01BARBASOL_G01,G,8/15/2026 12:21:00 PM,8/15/2026 12:25:00 PM,MAX_OPERATING_MW,81.87,
8/15/2026 12:20:00 PM,RTD,CLUZ,01BARBASOL_G01,G,8/15/2026 12:21:00 PM,8/15/2026 12:25:00 PM,MIN_OPERATING_MW,81.87,
8/15/2026 12:20:00 PM,RTD,CLUZ,01BUGSOL_G01,G,8/15/2026 12:16:00 PM,8/15/2026 12:20:00 PM,MAX_OPERATING_MW,250,
8/15/2026 12:20:00 PM,RTD,CLUZ,01BUGSOL_G01,G,8/15/2026 12:16:00 PM,8/15/2026 12:20:00 PM,MIN_OPERATING_MW,250,
8/15/2026 12:20:00 PM,RTD,CLUZ,01BUGSOL_G01,G,8/15/2026 12:21:00 PM,8/15/2026 12:25:00 PM,MAX_OPERATING_MW,250,
8/15/2026 12:20:00 PM,RTD,CLUZ,01BUGSOL_G01,G,8/15/2026 12:21:00 PM,8/15/2026 12:25:00 PM,MIN_OPERATING_MW,250,
8/15/2026 12:20:00 PM,RTD,CLUZ,01BULACSOL_G01,G,8/15/2026 12:01:00 PM,8/15/2026 1:00:00 PM,MAX_OPERATING_MW,13.39,
8/15/2026 12:20:00 PM,RTD,CLUZ,01BULACSOL_G01,G,8/15/2026 12:01:00 PM,8/15/2026 1:00:00 PM,MIN_OPERATING_MW,13.39,
8/15/2026 12:20:00 PM,RTD,CLUZ,01CONSOL_G01,G,8/15/2026 12:16:00 PM,8/15/2026 12:20:00 PM,MAX_OPERATING_MW,52.82,
8/15/2026 12:20:00 PM,RTD,CLUZ,01CONSOL_G01,G,8/15/2026 12:16:00 PM,8/15/2026 12:20:00 PM,MIN_OPERATING_MW,52.82,
8/15/2026 12:20:00 PM,RTD,CLUZ,01CONSOL_G01,G,8/15/2026 12:21:00 PM,8/15/2026 12:25:00 PM,MAX_OPERATING_MW,52.52,
8/15/2026 12:20:00 PM,RTD,CLUZ,01CONSOL_G01,G,8/15/2026 12:21:00 PM,8/15/2026 12:25:00 PM,MIN_OPERATING_MW,52.52,
8/15/2026 12:20:00 PM,RTD,CLUZ,01PASBUSOL_G01,G,8/15/2026 12:01:00 PM,8/15/2026 1:00:00 PM,MAX_OPERATING_MW,39.97,
8/15/2026 12:20:00 PM,RTD,CLUZ,01PASBUSOL_G01,G,8/15/2026 12:01:00 PM,8/15/2026 1:00:00 PM,MIN_OPERATING_MW,39.97,
8/15/2026 12:20:00 PM,RTD,CLUZ,01TERRASOL_G01,G,8/15/2026 6:01:00 AM,8/15/2026 12:30:00 PM,MAX_OPERATING_MW,10,
8/15/2026 12:20:00 PM,RTD,CLUZ,01TERRASOL_G01,G,8/15/2026 6:01:00 AM,8/15/2026 12:30:00 PM,MIN_OPERATING_MW,10,
8/15/2026 12:20:00 PM,RTD,CLUZ,03LUMBSOL_G01,G,8/15/2026 12:16:00 PM,8/15/2026 12:20:00 PM,MAX_OPERATING_MW,15,
8/15/2026 12:20:00 PM,RTD,CLUZ,03LUMBSOL_G01,G,8/15/2026 12:16:00 PM,8/15/2026 12:20:00 PM,MIN_OPERATING_MW,15,
8/15/2026 12:20:00 PM,RTD,CLUZ,03LUMBSOL_G01,G,8/15/2026 12:21:00 PM,8/15/2026 12:25:00 PM,MAX_OPERATING_MW,15,
8/15/2026 12:20:00 PM,RTD,CLUZ,03LUMBSOL_G01,G,8/15/2026 12:21:00 PM,8/15/2026 12:25:00 PM,MIN_OPERATING_MW,15,
8/15/2026 12:20:00 PM,RTD,CLUZ,03LUNSOL_G01,G,8/15/2026 12:16:00 PM,8/15/2026 12:20:00 PM,MAX_OPERATING_MW,37.23,
8/15/2026 12:20:00 PM,RTD,CLUZ,03LUNSOL_G01,G,8/15/2026 12:16:00 PM,8/15/2026 12:20:00 PM,MIN_OPERATING_MW,37.23,
8/15/2026 12:20:00 PM,RTD,CLUZ,03LUNSOL_G01,G,8/15/2026 12:21:00 PM,8/15/2026 12:25:00 PM,MAX_OPERATING_MW,37.17,
8/15/2026 12:20:00 PM,RTD,CLUZ,03LUNSOL_G01,G,8/15/2026 12:21:00 PM,8/15/2026 12:25:00 PM,MIN_OPERATING_MW,37.17,
8/15/2026 12:20:00 PM,RTD,CLUZ,03TANWIND_G01,G,8/15/2026 12:16:00 PM,8/15/2026 12:20:00 PM,MAX_OPERATING_MW,5.10,
8/15/2026 12:20:00 PM,RTD,CLUZ,03TANWIND_G01,G,8/15/2026 12:16:00 PM,8/15/2026 12:20:00 PM,MIN_OPERATING_MW,5.10,
8/15/2026 12:20:00 PM,RTD,CLUZ,03TANWIND_G01,G,8/15/2026 12:21:00 PM,8/15/2026 12:25:00 PM,MAX_OPERATING_MW,5.10,
8/15/2026 12:20:00 PM,RTD,CLUZ,03TANWIND_G01,G,8/15/2026 12:21:00 PM,8/15/2026 12:25:00 PM,MIN_OPERATING_MW,5.10,
8/15/2026 12:20:00 PM,RTD,CVIS,04ISIDROSOL_G01,G,8/15/2026 12:01:00 PM,8/15/2026 1:00:00 PM,MAX_OPERATING_MW,94.70,
8/15/2026 12:20:00 PM,RTD,CVIS,04ISIDROSOL_G01,G,8/15/2026 12:01:00 PM,8/15/2026 1:00:00 PM,MIN_OPERATING_MW,94.70,
8/15/2026 12:20:00 PM,RTD,CVIS,06SLYSOL_G02,G,8/15/2026 12:01:00 PM,8/15/2026 1:00:00 PM,MAX_OPERATING_MW,9.52,
8/15/2026 12:20:00 PM,RTD,CVIS,06SLYSOL_G02,G,8/15/2026 12:01:00 PM,8/15/2026 1:00:00 PM,MIN_OPERATING_MW,9.52,
8/15/2026 12:20:00 PM,RTD,CVIS,06SLYSOL_G03,G,8/15/2026 12:01:00 PM,8/15/2026 1:00:00 PM,MAX_OPERATING_MW,9.53,
8/15/2026 12:20:00 PM,RTD,CVIS,06SLYSOL_G03,G,8/15/2026 12:01:00 PM,8/15/2026 1:00:00 PM,MIN_OPERATING_MW,9.53,
8/15/2026 12:20:00 PM,RTD,CMIN,10LIAN_G02,G,8/15/2026,8/15/2026 11:59:00 PM,MAX_OPERATING_MW,6.60,
8/15/2026 12:20:00 PM,RTD,CMIN,10LIAN_G02,G,8/15/2026,8/15/2026 11:59:00 PM,MIN_OPERATING_MW,6.60,
8/15/2026 12:20:00 PM,RTD,CMIN,14TANTASOL_G01,G,8/15/2026 12:01:00 PM,8/15/2026 1:00:00 PM,MAX_OPERATING_MW,50,
8/15/2026 12:20:00 PM,RTD,CMIN,14TANTASOL_G01,G,8/15/2026 12:01:00 PM,8/15/2026 1:00:00 PM,MIN_OPERATING_MW,50,
8/15/2026 12:25:00 PM,RTD,CLUZ,01BARBASOL_G01,G,8/15/2026 12:21:00 PM,8/15/2026 12:25:00 PM,MAX_OPERATING_MW,81.87,
8/15/2026 12:25:00 PM,RTD,CLUZ,01BARBASOL_G01,G,8/15/2026 12:21:00 PM,8/15/2026 12:25:00 PM,MIN_OPERATING_MW,81.87,
8/15/2026 12:25:00 PM,RTD,CLUZ,01BARBASOL_G01,G,8/15/2026 12:26:00 PM,8/15/2026 12:30:00 PM,MAX_OPERATING_MW,81.12,
8/15/2026 12:25:00 PM,RTD,CLUZ,01BARBASOL_G01,G,8/15/2026 12:26:00 PM,8/15/2026 12:30:00 PM,MIN_OPERATING_MW,81.12,
8/15/2026 12:25:00 PM,RTD,CLUZ,01BUGSOL_G01,G,8/15/2026 12:21:00 PM,8/15/2026 12:25:00 PM,MAX_OPERATING_MW,250,
8/15/2026 12:25:00 PM,RTD,CLUZ,01BUGSOL_G01,G,8/15/2026 12:21:00 PM,8/15/2026 12:25:00 PM,MIN_OPERATING_MW,250,
8/15/2026 12:25:00 PM,RTD,CLUZ,01BUGSOL_G01,G,8/15/2026 12:26:00 PM,8/15/2026 12:30:00 PM,MAX_OPERATING_MW,250,
8/15/2026 12:25:00 PM,RTD,CLUZ,01BUGSOL_G01,G,8/15/2026 12:26:00 PM,8/15/2026 12:30:00 PM,MIN_OPERATING_MW,250,
8/15/2026 12:25:00 PM,RTD,CLUZ,01BULACSOL_G01,G,8/15/2026 12:01:00 PM,8/15/2026 1:00:00 PM,MAX_OPERATING_MW,13.39,
8/15/2026 12:25:00 PM,RTD,CLUZ,01BULACSOL_G01,G,8/15/2026 12:01:00 PM,8/15/2026 1:00:00 PM,MIN_OPERATING_MW,13.39,
8/15/2026 12:25:00 PM,RTD,CLUZ,01CONSOL_G01,G,8/15/2026 12:21:00 PM,8/15/2026 12:25:00 PM,MAX_OPERATING_MW,52.52,
8/15/2026 12:25:00 PM,RTD,CLUZ,01CONSOL_G01,G,8/15/2026 12:21:00 PM,8/15/2026 12:25:00 PM,MIN_OPERATING_MW,52.52,
8/15/2026 12:25:00 PM,RTD,CLUZ,01CONSOL_G01,G,8/15/2026 12:26:00 PM,8/15/2026 12:30:00 PM,MAX_OPERATING_MW,53.16,
8/15/2026 12:25:00 PM,RTD,CLUZ,01CONSOL_G01,G,8/15/2026 12:26:00 PM,8/15/2026 12:30:00 PM,MIN_OPERATING_MW,53.16,
8/15/2026 12:25:00 PM,RTD,CLUZ,01PASBUSOL_G01,G,8/15/2026 12:01:00 PM,8/15/2026 1:00:00 PM,MAX_OPERATING_MW,39.97,
8/15/2026 12:25:00 PM,RTD,CLUZ,01PASBUSOL_G01,G,8/15/2026 12:01:00 PM,8/15/2026 1:00:00 PM,MIN_OPERATING_MW,39.97,
8/15/2026 12:25:00 PM,RTD,CLUZ,01TERRASOL_G01,G,8/15/2026 6:01:00 AM,8/15/2026 12:30:00 PM,MAX_OPERATING_MW,10,
8/15/2026 12:25:00 PM,RTD,CLUZ,01TERRASOL_G01,G,8/15/2026 6:01:00 AM,8/15/2026 12:30:00 PM,MIN_OPERATING_MW,10,
8/15/2026 12:25:00 PM,RTD,CLUZ,03LUMBSOL_G01,G,8/15/2026 12:21:00 PM,8/15/2026 12:25:00 PM,MAX_OPERATING_MW,15,
8/15/2026 12:25:00 PM,RTD,CLUZ,03LUMBSOL_G01,G,8/15/2026 12:21:00 PM,8/15/2026 12:25:00 PM,MIN_OPERATING_MW,15,
8/15/2026 12:25:00 PM,RTD,CLUZ,03LUMBSOL_G01,G,8/15/2026 12:26:00 PM,8/15/2026 12:30:00 PM,MAX_OPERATING_MW,15,
8/15/2026 12:25:00 PM,RTD,CLUZ,03LUMBSOL_G01,G,8/15/2026 12:26:00 PM,8/15/2026 12:30:00 PM,MIN_OPERATING_MW,15,
8/15/2026 12:25:00 PM,RTD,CLUZ,03LUNSOL_G01,G,8/15/2026 12:21:00 PM,8/15/2026 12:25:00 PM,MAX_OPERATING_MW,37.17,
8/15/2026 12:25:00 PM,RTD,CLUZ,03LUNSOL_G01,G,8/15/2026 12:21:00 PM,8/15/2026 12:25:00 PM,MIN_OPERATING_MW,37.17,
8/15/2026 12:25:00 PM,RTD,CLUZ,03LUNSOL_G01,G,8/15/2026 12:26:00 PM,8/15/2026 12:30:00 PM,MAX_OPERATING_MW,37.11,
8/15/2026 12:25:00 PM,RTD,CLUZ,03LUNSOL_G01,G,8/15/2026 12:26:00 PM,8/15/2026 12:30:00 PM,MIN_OPERATING_MW,37.11,
8/15/2026 12:25:00 PM,RTD,CLUZ,03TANWIND_G01,G,8/15/2026 12:21:00 PM,8/15/2026 12:25:00 PM,MAX_OPERATING_MW,5.10,
8/15/2026 12:25:00 PM,RTD,CLUZ,03TANWIND_G01,G,8/15/2026 12:21:00 PM,8/15/2026 12:25:00 PM,MIN_OPERATING_MW,5.10,
8/15/2026 12:25:00 PM,RTD,CLUZ,03TANWIND_G01,G,8/15/2026 12:26:00 PM,8/15/2026 12:30:00 PM,MAX_OPERATING_MW,5.10,
8/15/2026 12:25:00 PM,RTD,CLUZ,03TANWIND_G01,G,8/15/2026 12:26:00 PM,8/15/2026 12:30:00 PM,MIN_OPERATING_MW,5.10,
8/15/2026 12:25:00 PM,RTD,CVIS,04ISIDROSOL_G01,G,8/15/2026 12:01:00 PM,8/15/2026 1:00:00 PM,MAX_OPERATING_MW,94.70,
8/15/2026 12:25:00 PM,RTD,CVIS,04ISIDROSOL_G01,G,8/15/2026 12:01:00 PM,8/15/2026 1:00:00 PM,MIN_OPERATING_MW,94.70,
8/15/2026 12:25:00 PM,RTD,CVIS,06SLYSOL_G02,G,8/15/2026 12:01:00 PM,8/15/2026 1:00:00 PM,MAX_OPERATING_MW,9.52,
8/15/2026 12:25:00 PM,RTD,CVIS,06SLYSOL_G02,G,8/15/2026 12:01:00 PM,8/15/2026 1:00:00 PM,MIN_OPERATING_MW,9.52,
8/15/2026 12:25:00 PM,RTD,CVIS,06SLYSOL_G03,G,8/15/2026 12:01:00 PM,8/15/2026 1:00:00 PM,MAX_OPERATING_MW,9.53,
8/15/2026 12:25:00 PM,RTD,CVIS,06SLYSOL_G03,G,8/15/2026 12:01:00 PM,8/15/2026 1:00:00 PM,MIN_OPERATING_MW,9.53,
8/15/2026 12:25:00 PM,RTD,CMIN,10LIAN_G02,G,8/15/2026,8/15/2026 11:59:00 PM,MAX_OPERATING_MW,6.60,
8/15/2026 12:25:00 PM,RTD,CMIN,10LIAN_G02,G,8/15/2026,8/15/2026 11:59:00 PM,MIN_OPERATING_MW,6.60,
8/15/2026 12:25:00 PM,RTD,CMIN,14TANTASOL_G01,G,8/15/2026 12:01:00 PM,8/15/2026 1:00:00 PM,MAX_OPERATING_MW,50,
8/15/2026 12:25:00 PM,RTD,CMIN,14TANTASOL_G01,G,8/15/2026 12:01:00 PM,8/15/2026 1:00:00 PM,MIN_OPERATING_MW,50,
8/15/2026 12:30:00 PM,RTD,CLUZ,01BARBASOL_G01,G,8/15/2026 12:26:00 PM,8/15/2026 12:30:00 PM,MAX_OPERATING_MW,81.12,
8/15/2026 12:30:00 PM,RTD,CLUZ,01BARBASOL_G01,G,8/15/2026 12:26:00 PM,8/15/2026 12:30:00 PM,MIN_OPERATING_MW,81.12,
8/15/2026 12:30:00 PM,RTD,CLUZ,01BARBASOL_G01,G,8/15/2026 12:31:00 PM,8/15/2026 12:35:00 PM,MAX_OPERATING_MW,80.31,
8/15/2026 12:30:00 PM,RTD,CLUZ,01BARBASOL_G01,G,8/15/2026 12:31:00 PM,8/15/2026 12:35:00 PM,MIN_OPERATING_MW,80.31,
8/15/2026 12:30:00 PM,RTD,CLUZ,01BUGSOL_G01,G,8/15/2026 12:26:00 PM,8/15/2026 12:30:00 PM,MAX_OPERATING_MW,250,
8/15/2026 12:30:00 PM,RTD,CLUZ,01BUGSOL_G01,G,8/15/2026 12:26:00 PM,8/15/2026 12:30:00 PM,MIN_OPERATING_MW,250,
8/15/2026 12:30:00 PM,RTD,CLUZ,01BUGSOL_G01,G,8/15/2026 12:31:00 PM,8/15/2026 12:35:00 PM,MAX_OPERATING_MW,200,
8/15/2026 12:30:00 PM,RTD,CLUZ,01BUGSOL_G01,G,8/15/2026 12:31:00 PM,8/15/2026 12:35:00 PM,MIN_OPERATING_MW,200,
8/15/2026 12:30:00 PM,RTD,CLUZ,01BULACSOL_G01,G,8/15/2026 12:01:00 PM,8/15/2026 1:00:00 PM,MAX_OPERATING_MW,13.39,
8/15/2026 12:30:00 PM,RTD,CLUZ,01BULACSOL_G01,G,8/15/2026 12:01:00 PM,8/15/2026 1:00:00 PM,MIN_OPERATING_MW,13.39,
8/15/2026 12:30:00 PM,RTD,CLUZ,01CONSOL_G01,G,8/15/2026 12:26:00 PM,8/15/2026 12:30:00 PM,MAX_OPERATING_MW,53.16,
8/15/2026 12:30:00 PM,RTD,CLUZ,01CONSOL_G01,G,8/15/2026 12:26:00 PM,8/15/2026 12:30:00 PM,MIN_OPERATING_MW,53.16,
8/15/2026 12:30:00 PM,RTD,CLUZ,01CONSOL_G01,G,8/15/2026 12:31:00 PM,8/15/2026 12:35:00 PM,MAX_OPERATING_MW,53.83,
8/15/2026 12:30:00 PM,RTD,CLUZ,01CONSOL_G01,G,8/15/2026 12:31:00 PM,8/15/2026 12:35:00 PM,MIN_OPERATING_MW,53.83,
8/15/2026 12:30:00 PM,RTD,CLUZ,01PASBUSOL_G01,G,8/15/2026 12:01:00 PM,8/15/2026 1:00:00 PM,MAX_OPERATING_MW,39.97,
8/15/2026 12:30:00 PM,RTD,CLUZ,01PASBUSOL_G01,G,8/15/2026 12:01:00 PM,8/15/2026 1:00:00 PM,MIN_OPERATING_MW,39.97,
8/15/2026 12:30:00 PM,RTD,CLUZ,01TERRASOL_G01,G,8/15/2026 6:01:00 AM,8/15/2026 12:30:00 PM,MAX_OPERATING_MW,10,
8/15/2026 12:30:00 PM,RTD,CLUZ,01TERRASOL_G01,G,8/15/2026 6:01:00 AM,8/15/2026 12:30:00 PM,MIN_OPERATING_MW,10,
8/15/2026 12:30:00 PM,RTD,CLUZ,01TERRASOL_G01,G,8/15/2026 12:31:00 PM,8/15/2026 12:35:00 PM,MAX_OPERATING_MW,100,
8/15/2026 12:30:00 PM,RTD,CLUZ,01TERRASOL_G01,G,8/15/2026 12:31:00 PM,8/15/2026 12:35:00 PM,MIN_OPERATING_MW,100,
8/15/2026 12:30:00 PM,RTD,CLUZ,03LUMBSOL_G01,G,8/15/2026 12:26:00 PM,8/15/2026 12:30:00 PM,MAX_OPERATING_MW,15,
8/15/2026 12:30:00 PM,RTD,CLUZ,03LUMBSOL_G01,G,8/15/2026 12:26:00 PM,8/15/2026 12:30:00 PM,MIN_OPERATING_MW,15,
8/15/2026 12:30:00 PM,RTD,CLUZ,03LUMBSOL_G01,G,8/15/2026 12:31:00 PM,8/15/2026 12:35:00 PM,MAX_OPERATING_MW,15,
8/15/2026 12:30:00 PM,RTD,CLUZ,03LUMBSOL_G01,G,8/15/2026 12:31:00 PM,8/15/2026 12:35:00 PM,MIN_OPERATING_MW,15,
8/15/2026 12:30:00 PM,RTD,CLUZ,03LUNSOL_G01,G,8/15/2026 12:26:00 PM,8/15/2026 12:30:00 PM,MAX_OPERATING_MW,37.11,
8/15/2026 12:30:00 PM,RTD,CLUZ,03LUNSOL_G01,G,8/15/2026 12:26:00 PM,8/15/2026 12:30:00 PM,MIN_OPERATING_MW,37.11,
8/15/2026 12:30:00 PM,RTD,CLUZ,03LUNSOL_G01,G,8/15/2026 12:31:00 PM,8/15/2026 12:35:00 PM,MAX_OPERATING_MW,37.02,
8/15/2026 12:30:00 PM,RTD,CLUZ,03LUNSOL_G01,G,8/15/2026 12:31:00 PM,8/15/2026 12:35:00 PM,MIN_OPERATING_MW,37.02,
8/15/2026 12:30:00 PM,RTD,CLUZ,03TANWIND_G01,G,8/15/2026 12:26:00 PM,8/15/2026 12:30:00 PM,MAX_OPERATING_MW,5.10,
8/15/2026 12:30:00 PM,RTD,CLUZ,03TANWIND_G01,G,8/15/2026 12:26:00 PM,8/15/2026 12:30:00 PM,MIN_OPERATING_MW,5.10,
8/15/2026 12:30:00 PM,RTD,CLUZ,03TANWIND_G01,G,8/15/2026 12:31:00 PM,8/15/2026 12:35:00 PM,MAX_OPERATING_MW,5.10,
8/15/2026 12:30:00 PM,RTD,CLUZ,03TANWIND_G01,G,8/15/2026 12:31:00 PM,8/15/2026 12:35:00 PM,MIN_OPERATING_MW,5.10,
8/15/2026 12:30:00 PM,RTD,CVIS,04ISIDROSOL_G01,G,8/15/2026 12:01:00 PM,8/15/2026 1:00:00 PM,MAX_OPERATING_MW,94.70,
8/15/2026 12:30:00 PM,RTD,CVIS,04ISIDROSOL_G01,G,8/15/2026 12:01:00 PM,8/15/2026 1:00:00 PM,MIN_OPERATING_MW,94.70,
8/15/2026 12:30:00 PM,RTD,CVIS,06SLYSOL_G02,G,8/15/2026 12:01:00 PM,8/15/2026 1:00:00 PM,MAX_OPERATING_MW,9.52,
8/15/2026 12:30:00 PM,RTD,CVIS,06SLYSOL_G02,G,8/15/2026 12:01:00 PM,8/15/2026 1:00:00 PM,MIN_OPERATING_MW,9.52,
8/15/2026 12:30:00 PM,RTD,CVIS,06SLYSOL_G03,G,8/15/2026 12:01:00 PM,8/15/2026 1:00:00 PM,MAX_OPERATING_MW,9.53,
8/15/2026 12:30:00 PM,RTD,CVIS,06SLYSOL_G03,G,8/15/2026 12:01:00 PM,8/15/2026 1:00:00 PM,MIN_OPERATING_MW,9.53,
8/15/2026 12:30:00 PM,RTD,CMIN,10LIAN_G02,G,8/15/2026,8/15/2026 11:59:00 PM,MAX_OPERATING_MW,6.60,
8/15/2026 12:30:00 PM,RTD,CMIN,10LIAN_G02,G,8/15/2026,8/15/2026 11:59:00 PM,MIN_OPERATING_MW,6.60,
8/15/2026 12:30:00 PM,RTD,CMIN,14TANTASOL_G01,G,8/15/2026 12:01:00 PM,8/15/2026 1:00:00 PM,MAX_OPERATING_MW,50,
8/15/2026 12:30:00 PM,RTD,CMIN,14TANTASOL_G01,G,8/15/2026 12:01:00 PM,8/15/2026 1:00:00 PM,MIN_OPERATING_MW,50,
8/15/2026 12:35:00 PM,RTD,CLUZ,01BALWIND_G01,G,8/15/2026 12:16:00 PM,8/16/2026,MAX_OPERATING_MW,40,
8/15/2026 12:35:00 PM,RTD,CLUZ,01BALWIND_G01,G,8/15/2026 12:16:00 PM,8/16/2026,MIN_OPERATING_MW,40,
8/15/2026 12:35:00 PM,RTD,CLUZ,01BARBASOL_G01,G,8/15/2026 12:31:00 PM,8/15/2026 12:35:00 PM,MAX_OPERATING_MW,80.31,
8/15/2026 12:35:00 PM,RTD,CLUZ,01BARBASOL_G01,G,8/15/2026 12:31:00 PM,8/15/2026 12:35:00 PM,MIN_OPERATING_MW,80.31,
8/15/2026 12:35:00 PM,RTD,CLUZ,01BARBASOL_G01,G,8/15/2026 12:36:00 PM,8/15/2026 12:40:00 PM,MAX_OPERATING_MW,79.45,
8/15/2026 12:35:00 PM,RTD,CLUZ,01BARBASOL_G01,G,8/15/2026 12:36:00 PM,8/15/2026 12:40:00 PM,MIN_OPERATING_MW,79.45,
8/15/2026 12:35:00 PM,RTD,CLUZ,01BUGSOL_G01,G,8/15/2026 12:31:00 PM,8/15/2026 12:35:00 PM,MAX_OPERATING_MW,80,
8/15/2026 12:35:00 PM,RTD,CLUZ,01BUGSOL_G01,G,8/15/2026 12:31:00 PM,8/15/2026 12:35:00 PM,MIN_OPERATING_MW,80,
8/15/2026 12:35:00 PM,RTD,CLUZ,01BUGSOL_G01,G,8/15/2026 12:36:00 PM,8/15/2026 12:40:00 PM,MAX_OPERATING_MW,80,
8/15/2026 12:35:00 PM,RTD,CLUZ,01BUGSOL_G01,G,8/15/2026 12:36:00 PM,8/15/2026 12:40:00 PM,MIN_OPERATING_MW,80,
8/15/2026 12:35:00 PM,RTD,CLUZ,01BULACSOL_G01,G,8/15/2026 12:01:00 PM,8/15/2026 1:00:00 PM,MAX_OPERATING_MW,13.39,
8/15/2026 12:35:00 PM,RTD,CLUZ,01BULACSOL_G01,G,8/15/2026 12:01:00 PM,8/15/2026 1:00:00 PM,MIN_OPERATING_MW,13.39,
8/15/2026 12:35:00 PM,RTD,CLUZ,01CONSOL_G01,G,8/15/2026 12:31:00 PM,8/15/2026 12:35:00 PM,MAX_OPERATING_MW,53.83,
8/15/2026 12:35:00 PM,RTD,CLUZ,01CONSOL_G01,G,8/15/2026 12:31:00 PM,8/15/2026 12:35:00 PM,MIN_OPERATING_MW,53.83,
8/15/2026 12:35:00 PM,RTD,CLUZ,01CONSOL_G01,G,8/15/2026 12:36:00 PM,8/15/2026 12:40:00 PM,MAX_OPERATING_MW,54.48,
8/15/2026 12:35:00 PM,RTD,CLUZ,01CONSOL_G01,G,8/15/2026 12:36:00 PM,8/15/2026 12:40:00 PM,MIN_OPERATING_MW,54.48,
8/15/2026 12:35:00 PM,RTD,CLUZ,01PASBUSOL_G01,G,8/15/2026 12:01:00 PM,8/15/2026 1:00:00 PM,MAX_OPERATING_MW,39.97,
8/15/2026 12:35:00 PM,RTD,CLUZ,01PASBUSOL_G01,G,8/15/2026 12:01:00 PM,8/15/2026 1:00:00 PM,MIN_OPERATING_MW,39.97,
8/15/2026 12:35:00 PM,RTD,CLUZ,01TERRASOL_G01,G,8/15/2026 12:31:00 PM,8/15/2026 12:35:00 PM,MAX_OPERATING_MW,100,
8/15/2026 12:35:00 PM,RTD,CLUZ,01TERRASOL_G01,G,8/15/2026 12:31:00 PM,8/15/2026 12:35:00 PM,MIN_OPERATING_MW,100,
8/15/2026 12:35:00 PM,RTD,CLUZ,01TERRASOL_G01,G,8/15/2026 12:36:00 PM,8/15/2026 12:40:00 PM,MAX_OPERATING_MW,200,
8/15/2026 12:35:00 PM,RTD,CLUZ,01TERRASOL_G01,G,8/15/2026 12:36:00 PM,8/15/2026 12:40:00 PM,MIN_OPERATING_MW,200,
8/15/2026 12:35:00 PM,RTD,CLUZ,03LUMBSOL_G01,G,8/15/2026 12:31:00 PM,8/15/2026 12:35:00 PM,MAX_OPERATING_MW,15,
8/15/2026 12:35:00 PM,RTD,CLUZ,03LUMBSOL_G01,G,8/15/2026 12:31:00 PM,8/15/2026 12:35:00 PM,MIN_OPERATING_MW,15,
8/15/2026 12:35:00 PM,RTD,CLUZ,03LUMBSOL_G01,G,8/15/2026 12:36:00 PM,8/15/2026 12:40:00 PM,MAX_OPERATING_MW,15,
8/15/2026 12:35:00 PM,RTD,CLUZ,03LUMBSOL_G01,G,8/15/2026 12:36:00 PM,8/15/2026 12:40:00 PM,MIN_OPERATING_MW,15,
8/15/2026 12:35:00 PM,RTD,CLUZ,03LUNSOL_G01,G,8/15/2026 12:31:00 PM,8/15/2026 12:35:00 PM,MAX_OPERATING_MW,37.02,
8/15/2026 12:35:00 PM,RTD,CLUZ,03LUNSOL_G01,G,8/15/2026 12:31:00 PM,8/15/2026 12:35:00 PM,MIN_OPERATING_MW,37.02,
8/15/2026 12:35:00 PM,RTD,CLUZ,03LUNSOL_G01,G,8/15/2026 12:36:00 PM,8/15/2026 12:40:00 PM,MAX_OPERATING_MW,36.90,
8/15/2026 12:35:00 PM,RTD,CLUZ,03LUNSOL_G01,G,8/15/2026 12:36:00 PM,8/15/2026 12:40:00 PM,MIN_OPERATING_MW,36.90,
8/15/2026 12:35:00 PM,RTD,CLUZ,03TANWIND_G01,G,8/15/2026 12:31:00 PM,8/15/2026 12:35:00 PM,MAX_OPERATING_MW,5.10,
8/15/2026 12:35:00 PM,RTD,CLUZ,03TANWIND_G01,G,8/15/2026 12:31:00 PM,8/15/2026 12:35:00 PM,MIN_OPERATING_MW,5.10,
8/15/2026 12:35:00 PM,RTD,CLUZ,03TANWIND_G01,G,8/15/2026 12:36:00 PM,8/15/2026 12:40:00 PM,MAX_OPERATING_MW,5.10,
8/15/2026 12:35:00 PM,RTD,CLUZ,03TANWIND_G01,G,8/15/2026 12:36:00 PM,8/15/2026 12:40:00 PM,MIN_OPERATING_MW,5.10,
8/15/2026 12:35:00 PM,RTD,CVIS,04ISIDROSOL_G01,G,8/15/2026 12:01:00 PM,8/15/2026 1:00:00 PM,MAX_OPERATING_MW,94.70,
8/15/2026 12:35:00 PM,RTD,CVIS,04ISIDROSOL_G01,G,8/15/2026 12:01:00 PM,8/15/2026 1:00:00 PM,MIN_OPERATING_MW,94.70,
8/15/2026 12:35:00 PM,RTD,CVIS,06SLYSOL_G02,G,8/15/2026 12:01:00 PM,8/15/2026 1:00:00 PM,MAX_OPERATING_MW,9.52,
8/15/2026 12:35:00 PM,RTD,CVIS,06SLYSOL_G02,G,8/15/2026 12:01:00 PM,8/15/2026 1:00:00 PM,MIN_OPERATING_MW,9.52,
8/15/2026 12:35:00 PM,RTD,CVIS,06SLYSOL_G03,G,8/15/2026 12:01:00 PM,8/15/2026 1:00:00 PM,MAX_OPERATING_MW,9.53,
8/15/2026 12:35:00 PM,RTD,CVIS,06SLYSOL_G03,G,8/15/2026 12:01:00 PM,8/15/2026 1:00:00 PM,MIN_OPERATING_MW,9.53,
8/15/2026 12:35:00 PM,RTD,CMIN,10IDP1_U08,G,8/15/2026 12:36:00 PM,8/15/2026 12:40:00 PM,MAX_OPERATING_MW,0,
8/15/2026 12:35:00 PM,RTD,CMIN,10IDP1_U08,G,8/15/2026 12:36:00 PM,8/15/2026 12:40:00 PM,MIN_OPERATING_MW,0,
8/15/2026 12:35:00 PM,RTD,CMIN,10LIAN_G02,G,8/15/2026,8/15/2026 11:59:00 PM,MAX_OPERATING_MW,6.60,
8/15/2026 12:35:00 PM,RTD,CMIN,10LIAN_G02,G,8/15/2026,8/15/2026 11:59:00 PM,MIN_OPERATING_MW,6.60,
8/15/2026 12:35:00 PM,RTD,CMIN,14TANTASOL_G01,G,8/15/2026 12:01:00 PM,8/15/2026 1:00:00 PM,MAX_OPERATING_MW,50,
8/15/2026 12:35:00 PM,RTD,CMIN,14TANTASOL_G01,G,8/15/2026 12:01:00 PM,8/15/2026 1:00:00 PM,MIN_OPERATING_MW,50,
8/15/2026 12:40:00 PM,RTD,CLUZ,01BALWIND_G01,G,8/15/2026 12:16:00 PM,8/16/2026,MAX_OPERATING_MW,40,
8/15/2026 12:40:00 PM,RTD,CLUZ,01BALWIND_G01,G,8/15/2026 12:16:00 PM,8/16/2026,MIN_OPERATING_MW,40,
8/15/2026 12:40:00 PM,RTD,CLUZ,01BARBASOL_G01,G,8/15/2026 12:36:00 PM,8/15/2026 12:40:00 PM,MAX_OPERATING_MW,79.45,
8/15/2026 12:40:00 PM,RTD,CLUZ,01BARBASOL_G01,G,8/15/2026 12:36:00 PM,8/15/2026 12:40:00 PM,MIN_OPERATING_MW,79.45,
8/15/2026 12:40:00 PM,RTD,CLUZ,01BARBASOL_G01,G,8/15/2026 12:41:00 PM,8/15/2026 12:45:00 PM,MAX_OPERATING_MW,78.57,
8/15/2026 12:40:00 PM,RTD,CLUZ,01BARBASOL_G01,G,8/15/2026 12:41:00 PM,8/15/2026 12:45:00 PM,MIN_OPERATING_MW,78.57,
8/15/2026 12:40:00 PM,RTD,CLUZ,01BUGSOL_G01,G,8/15/2026 12:36:00 PM,8/15/2026 12:40:00 PM,MAX_OPERATING_MW,80,
8/15/2026 12:40:00 PM,RTD,CLUZ,01BUGSOL_G01,G,8/15/2026 12:36:00 PM,8/15/2026 12:40:00 PM,MIN_OPERATING_MW,80,
8/15/2026 12:40:00 PM,RTD,CLUZ,01BUGSOL_G01,G,8/15/2026 12:41:00 PM,8/15/2026 12:45:00 PM,MAX_OPERATING_MW,85,
8/15/2026 12:40:00 PM,RTD,CLUZ,01BUGSOL_G01,G,8/15/2026 12:41:00 PM,8/15/2026 12:45:00 PM,MIN_OPERATING_MW,85,
8/15/2026 12:40:00 PM,RTD,CLUZ,01BULACSOL_G01,G,8/15/2026 12:01:00 PM,8/15/2026 1:00:00 PM,MAX_OPERATING_MW,13.39,
8/15/2026 12:40:00 PM,RTD,CLUZ,01BULACSOL_G01,G,8/15/2026 12:01:00 PM,8/15/2026 1:00:00 PM,MIN_OPERATING_MW,13.39,
8/15/2026 12:40:00 PM,RTD,CLUZ,01CONSOL_G01,G,8/15/2026 12:36:00 PM,8/15/2026 12:40:00 PM,MAX_OPERATING_MW,54.48,
8/15/2026 12:40:00 PM,RTD,CLUZ,01CONSOL_G01,G,8/15/2026 12:36:00 PM,8/15/2026 12:40:00 PM,MIN_OPERATING_MW,54.48,
8/15/2026 12:40:00 PM,RTD,CLUZ,01CONSOL_G01,G,8/15/2026 12:41:00 PM,8/15/2026 12:45:00 PM,MAX_OPERATING_MW,55.10,
8/15/2026 12:40:00 PM,RTD,CLUZ,01CONSOL_G01,G,8/15/2026 12:41:00 PM,8/15/2026 12:45:00 PM,MIN_OPERATING_MW,55.10,
8/15/2026 12:40:00 PM,RTD,CLUZ,01PASBUSOL_G01,G,8/15/2026 12:01:00 PM,8/15/2026 1:00:00 PM,MAX_OPERATING_MW,39.97,
8/15/2026 12:40:00 PM,RTD,CLUZ,01PASBUSOL_G01,G,8/15/2026 12:01:00 PM,8/15/2026 1:00:00 PM,MIN_OPERATING_MW,39.97,
8/15/2026 12:40:00 PM,RTD,CLUZ,01TERRASOL_G01,G,8/15/2026 12:36:00 PM,8/15/2026 12:40:00 PM,MAX_OPERATING_MW,200,
8/15/2026 12:40:00 PM,RTD,CLUZ,01TERRASOL_G01,G,8/15/2026 12:36:00 PM,8/15/2026 12:40:00 PM,MIN_OPERATING_MW,200,
8/15/2026 12:40:00 PM,RTD,CLUZ,01TERRASOL_G01,G,8/15/2026 12:41:00 PM,8/15/2026 2:00:00 PM,MAX_OPERATING_MW,300,
8/15/2026 12:40:00 PM,RTD,CLUZ,01TERRASOL_G01,G,8/15/2026 12:41:00 PM,8/15/2026 2:00:00 PM,MIN_OPERATING_MW,300,
8/15/2026 12:40:00 PM,RTD,CLUZ,03LUMBSOL_G01,G,8/15/2026 12:36:00 PM,8/15/2026 12:40:00 PM,MAX_OPERATING_MW,15,
8/15/2026 12:40:00 PM,RTD,CLUZ,03LUMBSOL_G01,G,8/15/2026 12:36:00 PM,8/15/2026 12:40:00 PM,MIN_OPERATING_MW,15,
8/15/2026 12:40:00 PM,RTD,CLUZ,03LUMBSOL_G01,G,8/15/2026 12:41:00 PM,8/15/2026 12:45:00 PM,MAX_OPERATING_MW,15,
8/15/2026 12:40:00 PM,RTD,CLUZ,03LUMBSOL_G01,G,8/15/2026 12:41:00 PM,8/15/2026 12:45:00 PM,MIN_OPERATING_MW,15,
8/15/2026 12:40:00 PM,RTD,CLUZ,03LUNSOL_G01,G,8/15/2026 12:36:00 PM,8/15/2026 12:40:00 PM,MAX_OPERATING_MW,36.90,
8/15/2026 12:40:00 PM,RTD,CLUZ,03LUNSOL_G01,G,8/15/2026 12:36:00 PM,8/15/2026 12:40:00 PM,MIN_OPERATING_MW,36.90,
8/15/2026 12:40:00 PM,RTD,CLUZ,03LUNSOL_G01,G,8/15/2026 12:41:00 PM,8/15/2026 12:45:00 PM,MAX_OPERATING_MW,36.75,
8/15/2026 12:40:00 PM,RTD,CLUZ,03LUNSOL_G01,G,8/15/2026 12:41:00 PM,8/15/2026 12:45:00 PM,MIN_OPERATING_MW,36.75,
8/15/2026 12:40:00 PM,RTD,CLUZ,03TANWIND_G01,G,8/15/2026 12:36:00 PM,8/15/2026 12:40:00 PM,MAX_OPERATING_MW,5.10,
8/15/2026 12:40:00 PM,RTD,CLUZ,03TANWIND_G01,G,8/15/2026 12:36:00 PM,8/15/2026 12:40:00 PM,MIN_OPERATING_MW,5.10,
8/15/2026 12:40:00 PM,RTD,CLUZ,03TANWIND_G01,G,8/15/2026 12:41:00 PM,8/15/2026 12:45:00 PM,MAX_OPERATING_MW,5.10,
8/15/2026 12:40:00 PM,RTD,CLUZ,03TANWIND_G01,G,8/15/2026 12:41:00 PM,8/15/2026 12:45:00 PM,MIN_OPERATING_MW,5.10,
8/15/2026 12:40:00 PM,RTD,CVIS,04ISIDROSOL_G01,G,8/15/2026 12:01:00 PM,8/15/2026 1:00:00 PM,MAX_OPERATING_MW,94.70,
8/15/2026 12:40:00 PM,RTD,CVIS,04ISIDROSOL_G01,G,8/15/2026 12:01:00 PM,8/15/2026 1:00:00 PM,MIN_OPERATING_MW,94.70,
8/15/2026 12:40:00 PM,RTD,CVIS,06SLYSOL_G02,G,8/15/2026 12:01:00 PM,8/15/2026 1:00:00 PM,MAX_OPERATING_MW,9.52,
8/15/2026 12:40:00 PM,RTD,CVIS,06SLYSOL_G02,G,8/15/2026 12:01:00 PM,8/15/2026 1:00:00 PM,MIN_OPERATING_MW,9.52,
8/15/2026 12:40:00 PM,RTD,CVIS,06SLYSOL_G03,G,8/15/2026 12:01:00 PM,8/15/2026 1:00:00 PM,MAX_OPERATING_MW,9.53,
8/15/2026 12:40:00 PM,RTD,CVIS,06SLYSOL_G03,G,8/15/2026 12:01:00 PM,8/15/2026 1:00:00 PM,MIN_OPERATING_MW,9.53,
8/15/2026 12:40:00 PM,RTD,CMIN,10IDP1_U08,G,8/15/2026 12:36:00 PM,8/15/2026 12:40:00 PM,MAX_OPERATING_MW,0,
8/15/2026 12:40:00 PM,RTD,CMIN,10IDP1_U08,G,8/15/2026 12:36:00 PM,8/15/2026 12:40:00 PM,MIN_OPERATING_MW,0,
8/15/2026 12:40:00 PM,RTD,CMIN,10IDP1_U08,G,8/15/2026 12:41:00 PM,8/15/2026 12:45:00 PM,MAX_OPERATING_MW,0,
8/15/2026 12:40:00 PM,RTD,CMIN,10IDP1_U08,G,8/15/2026 12:41:00 PM,8/15/2026 12:45:00 PM,MIN_OPERATING_MW,0,
8/15/2026 12:40:00 PM,RTD,CMIN,10LIAN_G02,G,8/15/2026,8/15/2026 11:59:00 PM,MAX_OPERATING_MW,6.60,
8/15/2026 12:40:00 PM,RTD,CMIN,10LIAN_G02,G,8/15/2026,8/15/2026 11:59:00 PM,MIN_OPERATING_MW,6.60,
8/15/2026 12:40:00 PM,RTD,CMIN,14TANTASOL_G01,G,8/15/2026 12:01:00 PM,8/15/2026 1:00:00 PM,MAX_OPERATING_MW,50,
8/15/2026 12:40:00 PM,RTD,CMIN,14TANTASOL_G01,G,8/15/2026 12:01:00 PM,8/15/2026 1:00:00 PM,MIN_OPERATING_MW,50,
8/15/2026 12:45:00 PM,RTD,CLUZ,01BALWIND_G01,G,8/15/2026 12:16:00 PM,8/16/2026,MAX_OPERATING_MW,40,
8/15/2026 12:45:00 PM,RTD,CLUZ,01BALWIND_G01,G,8/15/2026 12:16:00 PM,8/16/2026,MIN_OPERATING_MW,40,
8/15/2026 12:45:00 PM,RTD,CLUZ,01BARBASOL_G01,G,8/15/2026 12:41:00 PM,8/15/2026 12:45:00 PM,MAX_OPERATING_MW,78.57,
8/15/2026 12:45:00 PM,RTD,CLUZ,01BARBASOL_G01,G,8/15/2026 12:41:00 PM,8/15/2026 12:45:00 PM,MIN_OPERATING_MW,78.57,
8/15/2026 12:45:00 PM,RTD,CLUZ,01BARBASOL_G01,G,8/15/2026 12:46:00 PM,8/15/2026 12:50:00 PM,MAX_OPERATING_MW,77.67,
8/15/2026 12:45:00 PM,RTD,CLUZ,01BARBASOL_G01,G,8/15/2026 12:46:00 PM,8/15/2026 12:50:00 PM,MIN_OPERATING_MW,77.67,
8/15/2026 12:45:00 PM,RTD,CLUZ,01BUGSOL_G01,G,8/15/2026 12:41:00 PM,8/15/2026 12:45:00 PM,MAX_OPERATING_MW,85,
8/15/2026 12:45:00 PM,RTD,CLUZ,01BUGSOL_G01,G,8/15/2026 12:41:00 PM,8/15/2026 12:45:00 PM,MIN_OPERATING_MW,85,
8/15/2026 12:45:00 PM,RTD,CLUZ,01BUGSOL_G01,G,8/15/2026 12:46:00 PM,8/15/2026 12:50:00 PM,MAX_OPERATING_MW,85,
8/15/2026 12:45:00 PM,RTD,CLUZ,01BUGSOL_G01,G,8/15/2026 12:46:00 PM,8/15/2026 12:50:00 PM,MIN_OPERATING_MW,85,
8/15/2026 12:45:00 PM,RTD,CLUZ,01BULACSOL_G01,G,8/15/2026 12:01:00 PM,8/15/2026 1:00:00 PM,MAX_OPERATING_MW,13.39,
8/15/2026 12:45:00 PM,RTD,CLUZ,01BULACSOL_G01,G,8/15/2026 12:01:00 PM,8/15/2026 1:00:00 PM,MIN_OPERATING_MW,13.39,
8/15/2026 12:45:00 PM,RTD,CLUZ,01CONSOL_G01,G,8/15/2026 12:41:00 PM,8/15/2026 12:45:00 PM,MAX_OPERATING_MW,55.10,
8/15/2026 12:45:00 PM,RTD,CLUZ,01CONSOL_G01,G,8/15/2026 12:41:00 PM,8/15/2026 12:45:00 PM,MIN_OPERATING_MW,55.10,
8/15/2026 12:45:00 PM,RTD,CLUZ,01CONSOL_G01,G,8/15/2026 12:46:00 PM,8/15/2026 12:50:00 PM,MAX_OPERATING_MW,55.70,
8/15/2026 12:45:00 PM,RTD,CLUZ,01CONSOL_G01,G,8/15/2026 12:46:00 PM,8/15/2026 12:50:00 PM,MIN_OPERATING_MW,55.70,
8/15/2026 12:45:00 PM,RTD,CLUZ,01PASBUSOL_G01,G,8/15/2026 12:01:00 PM,8/15/2026 1:00:00 PM,MAX_OPERATING_MW,39.97,
8/15/2026 12:45:00 PM,RTD,CLUZ,01PASBUSOL_G01,G,8/15/2026 12:01:00 PM,8/15/2026 1:00:00 PM,MIN_OPERATING_MW,39.97,
8/15/2026 12:45:00 PM,RTD,CLUZ,01TERRASOL_G01,G,8/15/2026 12:41:00 PM,8/15/2026 2:00:00 PM,MAX_OPERATING_MW,300,
8/15/2026 12:45:00 PM,RTD,CLUZ,01TERRASOL_G01,G,8/15/2026 12:41:00 PM,8/15/2026 2:00:00 PM,MIN_OPERATING_MW,300,
8/15/2026 12:45:00 PM,RTD,CLUZ,03LUMBSOL_G01,G,8/15/2026 12:41:00 PM,8/15/2026 12:45:00 PM,MAX_OPERATING_MW,15,
8/15/2026 12:45:00 PM,RTD,CLUZ,03LUMBSOL_G01,G,8/15/2026 12:41:00 PM,8/15/2026 12:45:00 PM,MIN_OPERATING_MW,15,
8/15/2026 12:45:00 PM,RTD,CLUZ,03LUMBSOL_G01,G,8/15/2026 12:46:00 PM,8/15/2026 12:50:00 PM,MAX_OPERATING_MW,15,
8/15/2026 12:45:00 PM,RTD,CLUZ,03LUMBSOL_G01,G,8/15/2026 12:46:00 PM,8/15/2026 12:50:00 PM,MIN_OPERATING_MW,15,
8/15/2026 12:45:00 PM,RTD,CLUZ,03LUNSOL_G01,G,8/15/2026 12:41:00 PM,8/15/2026 12:45:00 PM,MAX_OPERATING_MW,36.75,
8/15/2026 12:45:00 PM,RTD,CLUZ,03LUNSOL_G01,G,8/15/2026 12:41:00 PM,8/15/2026 12:45:00 PM,MIN_OPERATING_MW,36.75,
8/15/2026 12:45:00 PM,RTD,CLUZ,03LUNSOL_G01,G,8/15/2026 12:46:00 PM,8/15/2026 12:50:00 PM,MAX_OPERATING_MW,36.56,
8/15/2026 12:45:00 PM,RTD,CLUZ,03LUNSOL_G01,G,8/15/2026 12:46:00 PM,8/15/2026 12:50:00 PM,MIN_OPERATING_MW,36.56,
8/15/2026 12:45:00 PM,RTD,CLUZ,03TANWIND_G01,G,8/15/2026 12:41:00 PM,8/15/2026 12:45:00 PM,MAX_OPERATING_MW,5.10,
8/15/2026 12:45:00 PM,RTD,CLUZ,03TANWIND_G01,G,8/15/2026 12:41:00 PM,8/15/2026 12:45:00 PM,MIN_OPERATING_MW,5.10,
8/15/2026 12:45:00 PM,RTD,CLUZ,03TANWIND_G01,G,8/15/2026 12:46:00 PM,8/15/2026 12:50:00 PM,MAX_OPERATING_MW,5.10,
8/15/2026 12:45:00 PM,RTD,CLUZ,03TANWIND_G01,G,8/15/2026 12:46:00 PM,8/15/2026 12:50:00 PM,MIN_OPERATING_MW,5.10,
8/15/2026 12:45:00 PM,RTD,CVIS,04ISIDROSOL_G01,G,8/15/2026 12:01:00 PM,8/15/2026 1:00:00 PM,MAX_OPERATING_MW,94.70,
8/15/2026 12:45:00 PM,RTD,CVIS,04ISIDROSOL_G01,G,8/15/2026 12:01:00 PM,8/15/2026 1:00:00 PM,MIN_OPERATING_MW,94.70,
8/15/2026 12:45:00 PM,RTD,CVIS,06SLYSOL_G02,G,8/15/2026 12:01:00 PM,8/15/2026 1:00:00 PM,MAX_OPERATING_MW,9.52,
8/15/2026 12:45:00 PM,RTD,CVIS,06SLYSOL_G02,G,8/15/2026 12:01:00 PM,8/15/2026 1:00:00 PM,MIN_OPERATING_MW,9.52,
8/15/2026 12:45:00 PM,RTD,CVIS,06SLYSOL_G03,G,8/15/2026 12:01:00 PM,8/15/2026 1:00:00 PM,MAX_OPERATING_MW,9.53,
8/15/2026 12:45:00 PM,RTD,CVIS,06SLYSOL_G03,G,8/15/2026 12:01:00 PM,8/15/2026 1:00:00 PM,MIN_OPERATING_MW,9.53,
8/15/2026 12:45:00 PM,RTD,CMIN,10IDP1_U08,G,8/15/2026 12:41:00 PM,8/15/2026 12:45:00 PM,MAX_OPERATING_MW,0,
8/15/2026 12:45:00 PM,RTD,CMIN,10IDP1_U08,G,8/15/2026 12:41:00 PM,8/15/2026 12:45:00 PM,MIN_OPERATING_MW,0,
8/15/2026 12:45:00 PM,RTD,CMIN,10IDP1_U08,G,8/15/2026 12:46:00 PM,8/15/2026 12:50:00 PM,MAX_OPERATING_MW,2.50,
8/15/2026 12:45:00 PM,RTD,CMIN,10IDP1_U08,G,8/15/2026 12:46:00 PM,8/15/2026 12:50:00 PM,MIN_OPERATING_MW,2.50,
8/15/2026 12:45:00 PM,RTD,CMIN,10LIAN_G02,G,8/15/2026,8/15/2026 11:59:00 PM,MAX_OPERATING_MW,6.60,
8/15/2026 12:45:00 PM,RTD,CMIN,10LIAN_G02,G,8/15/2026,8/15/2026 11:59:00 PM,MIN_OPERATING_MW,6.60,
8/15/2026 12:45:00 PM,RTD,CMIN,14TANTASOL_G01,G,8/15/2026 12:01:00 PM,8/15/2026 1:00:00 PM,MAX_OPERATING_MW,50,
8/15/2026 12:45:00 PM,RTD,CMIN,14TANTASOL_G01,G,8/15/2026 12:01:00 PM,8/15/2026 1:00:00 PM,MIN_OPERATING_MW,50,
8/15/2026 12:50:00 PM,RTD,CLUZ,01BALWIND_G01,G,8/15/2026 12:16:00 PM,8/16/2026,MAX_OPERATING_MW,40,
8/15/2026 12:50:00 PM,RTD,CLUZ,01BALWIND_G01,G,8/15/2026 12:16:00 PM,8/16/2026,MIN_OPERATING_MW,40,
8/15/2026 12:50:00 PM,RTD,CLUZ,01BARBASOL_G01,G,8/15/2026 12:46:00 PM,8/15/2026 12:50:00 PM,MAX_OPERATING_MW,77.67,
8/15/2026 12:50:00 PM,RTD,CLUZ,01BARBASOL_G01,G,8/15/2026 12:46:00 PM,8/15/2026 12:50:00 PM,MIN_OPERATING_MW,77.67,
8/15/2026 12:50:00 PM,RTD,CLUZ,01BARBASOL_G01,G,8/15/2026 12:51:00 PM,8/15/2026 12:55:00 PM,MAX_OPERATING_MW,76.78,
8/15/2026 12:50:00 PM,RTD,CLUZ,01BARBASOL_G01,G,8/15/2026 12:51:00 PM,8/15/2026 12:55:00 PM,MIN_OPERATING_MW,76.78,
8/15/2026 12:50:00 PM,RTD,CLUZ,01BUGSOL_G01,G,8/15/2026 12:46:00 PM,8/15/2026 12:50:00 PM,MAX_OPERATING_MW,300,
8/15/2026 12:50:00 PM,RTD,CLUZ,01BUGSOL_G01,G,8/15/2026 12:46:00 PM,8/15/2026 12:50:00 PM,MIN_OPERATING_MW,300,
8/15/2026 12:50:00 PM,RTD,CLUZ,01BUGSOL_G01,G,8/15/2026 12:51:00 PM,8/15/2026 12:55:00 PM,MAX_OPERATING_MW,290,
8/15/2026 12:50:00 PM,RTD,CLUZ,01BUGSOL_G01,G,8/15/2026 12:51:00 PM,8/15/2026 12:55:00 PM,MIN_OPERATING_MW,290,
8/15/2026 12:50:00 PM,RTD,CLUZ,01BULACSOL_G01,G,8/15/2026 12:01:00 PM,8/15/2026 1:00:00 PM,MAX_OPERATING_MW,13.39,
8/15/2026 12:50:00 PM,RTD,CLUZ,01BULACSOL_G01,G,8/15/2026 12:01:00 PM,8/15/2026 1:00:00 PM,MIN_OPERATING_MW,13.39,
8/15/2026 12:50:00 PM,RTD,CLUZ,01CONSOL_G01,G,8/15/2026 12:46:00 PM,8/15/2026 12:50:00 PM,MAX_OPERATING_MW,55.70,
8/15/2026 12:50:00 PM,RTD,CLUZ,01CONSOL_G01,G,8/15/2026 12:46:00 PM,8/15/2026 12:50:00 PM,MIN_OPERATING_MW,55.70,
8/15/2026 12:50:00 PM,RTD,CLUZ,01CONSOL_G01,G,8/15/2026 12:51:00 PM,8/15/2026 12:55:00 PM,MAX_OPERATING_MW,56.27,
8/15/2026 12:50:00 PM,RTD,CLUZ,01CONSOL_G01,G,8/15/2026 12:51:00 PM,8/15/2026 12:55:00 PM,MIN_OPERATING_MW,56.27,
8/15/2026 12:50:00 PM,RTD,CLUZ,01PASBUSOL_G01,G,8/15/2026 12:01:00 PM,8/15/2026 1:00:00 PM,MAX_OPERATING_MW,39.97,
8/15/2026 12:50:00 PM,RTD,CLUZ,01PASBUSOL_G01,G,8/15/2026 12:01:00 PM,8/15/2026 1:00:00 PM,MIN_OPERATING_MW,39.97,
8/15/2026 12:50:00 PM,RTD,CLUZ,01TERRASOL_G01,G,8/15/2026 12:41:00 PM,8/15/2026 2:00:00 PM,MAX_OPERATING_MW,300,
8/15/2026 12:50:00 PM,RTD,CLUZ,01TERRASOL_G01,G,8/15/2026 12:41:00 PM,8/15/2026 2:00:00 PM,MIN_OPERATING_MW,300,
8/15/2026 12:50:00 PM,RTD,CLUZ,03LUMBSOL_G01,G,8/15/2026 12:46:00 PM,8/15/2026 12:50:00 PM,MAX_OPERATING_MW,15,
8/15/2026 12:50:00 PM,RTD,CLUZ,03LUMBSOL_G01,G,8/15/2026 12:46:00 PM,8/15/2026 12:50:00 PM,MIN_OPERATING_MW,15,
8/15/2026 12:50:00 PM,RTD,CLUZ,03LUMBSOL_G01,G,8/15/2026 12:51:00 PM,8/15/2026 12:55:00 PM,MAX_OPERATING_MW,15,
8/15/2026 12:50:00 PM,RTD,CLUZ,03LUMBSOL_G01,G,8/15/2026 12:51:00 PM,8/15/2026 12:55:00 PM,MIN_OPERATING_MW,15,
8/15/2026 12:50:00 PM,RTD,CLUZ,03LUNSOL_G01,G,8/15/2026 12:46:00 PM,8/15/2026 12:50:00 PM,MAX_OPERATING_MW,36.56,
8/15/2026 12:50:00 PM,RTD,CLUZ,03LUNSOL_G01,G,8/15/2026 12:46:00 PM,8/15/2026 12:50:00 PM,MIN_OPERATING_MW,36.56,
8/15/2026 12:50:00 PM,RTD,CLUZ,03LUNSOL_G01,G,8/15/2026 12:51:00 PM,8/15/2026 12:55:00 PM,MAX_OPERATING_MW,36.34,
8/15/2026 12:50:00 PM,RTD,CLUZ,03LUNSOL_G01,G,8/15/2026 12:51:00 PM,8/15/2026 12:55:00 PM,MIN_OPERATING_MW,36.34,
8/15/2026 12:50:00 PM,RTD,CLUZ,03TANWIND_G01,G,8/15/2026 12:46:00 PM,8/15/2026 12:50:00 PM,MAX_OPERATING_MW,5.10,
8/15/2026 12:50:00 PM,RTD,CLUZ,03TANWIND_G01,G,8/15/2026 12:46:00 PM,8/15/2026 12:50:00 PM,MIN_OPERATING_MW,5.10,
8/15/2026 12:50:00 PM,RTD,CLUZ,03TANWIND_G01,G,8/15/2026 12:51:00 PM,8/15/2026 12:55:00 PM,MAX_OPERATING_MW,5.10,
8/15/2026 12:50:00 PM,RTD,CLUZ,03TANWIND_G01,G,8/15/2026 12:51:00 PM,8/15/2026 12:55:00 PM,MIN_OPERATING_MW,5.10,
8/15/2026 12:50:00 PM,RTD,CVIS,04ISIDROSOL_G01,G,8/15/2026 12:01:00 PM,8/15/2026 1:00:00 PM,MAX_OPERATING_MW,94.70,
8/15/2026 12:50:00 PM,RTD,CVIS,04ISIDROSOL_G01,G,8/15/2026 12:01:00 PM,8/15/2026 1:00:00 PM,MIN_OPERATING_MW,94.70,
8/15/2026 12:50:00 PM,RTD,CVIS,06SLYSOL_G02,G,8/15/2026 12:01:00 PM,8/15/2026 1:00:00 PM,MAX_OPERATING_MW,9.52,
8/15/2026 12:50:00 PM,RTD,CVIS,06SLYSOL_G02,G,8/15/2026 12:01:00 PM,8/15/2026 1:00:00 PM,MIN_OPERATING_MW,9.52,
8/15/2026 12:50:00 PM,RTD,CVIS,06SLYSOL_G03,G,8/15/2026 12:01:00 PM,8/15/2026 1:00:00 PM,MAX_OPERATING_MW,9.53,
8/15/2026 12:50:00 PM,RTD,CVIS,06SLYSOL_G03,G,8/15/2026 12:01:00 PM,8/15/2026 1:00:00 PM,MIN_OPERATING_MW,9.53,
8/15/2026 12:50:00 PM,RTD,CMIN,10IDP1_U08,G,8/15/2026 12:46:00 PM,8/15/2026 12:50:00 PM,MAX_OPERATING_MW,2.50,
8/15/2026 12:50:00 PM,RTD,CMIN,10IDP1_U08,G,8/15/2026 12:46:00 PM,8/15/2026 12:50:00 PM,MIN_OPERATING_MW,2.50,
8/15/2026 12:50:00 PM,RTD,CMIN,10IDP1_U08,G,8/15/2026 12:51:00 PM,8/15/2026 12:55:00 PM,MAX_OPERATING_MW,3.30,
8/15/2026 12:50:00 PM,RTD,CMIN,10IDP1_U08,G,8/15/2026 12:51:00 PM,8/15/2026 12:55:00 PM,MIN_OPERATING_MW,3.30,
8/15/2026 12:50:00 PM,RTD,CMIN,10LIAN_G02,G,8/15/2026,8/15/2026 11:59:00 PM,MAX_OPERATING_MW,6.60,
8/15/2026 12:50:00 PM,RTD,CMIN,10LIAN_G02,G,8/15/2026,8/15/2026 11:59:00 PM,MIN_OPERATING_MW,6.60,
8/15/2026 12:50:00 PM,RTD,CMIN,14TANTASOL_G01,G,8/15/2026 12:01:00 PM,8/15/2026 1:00:00 PM,MAX_OPERATING_MW,50,
8/15/2026 12:50:00 PM,RTD,CMIN,14TANTASOL_G01,G,8/15/2026 12:01:00 PM,8/15/2026 1:00:00 PM,MIN_OPERATING_MW,50,
8/15/2026 12:55:00 PM,RTD,CLUZ,01BALWIND_G01,G,8/15/2026 12:16:00 PM,8/16/2026,MAX_OPERATING_MW,40,
8/15/2026 12:55:00 PM,RTD,CLUZ,01BALWIND_G01,G,8/15/2026 12:16:00 PM,8/16/2026,MIN_OPERATING_MW,40,
8/15/2026 12:55:00 PM,RTD,CLUZ,01BARBASOL_G01,G,8/15/2026 12:51:00 PM,8/15/2026 12:55:00 PM,MAX_OPERATING_MW,76.78,
8/15/2026 12:55:00 PM,RTD,CLUZ,01BARBASOL_G01,G,8/15/2026 12:51:00 PM,8/15/2026 12:55:00 PM,MIN_OPERATING_MW,76.78,
8/15/2026 12:55:00 PM,RTD,CLUZ,01BARBASOL_G01,G,8/15/2026 12:56:00 PM,8/15/2026 1:00:00 PM,MAX_OPERATING_MW,75.92,
8/15/2026 12:55:00 PM,RTD,CLUZ,01BARBASOL_G01,G,8/15/2026 12:56:00 PM,8/15/2026 1:00:00 PM,MIN_OPERATING_MW,75.92,
8/15/2026 12:55:00 PM,RTD,CLUZ,01BUGSOL_G01,G,8/15/2026 12:51:00 PM,8/15/2026 12:55:00 PM,MAX_OPERATING_MW,290,
8/15/2026 12:55:00 PM,RTD,CLUZ,01BUGSOL_G01,G,8/15/2026 12:51:00 PM,8/15/2026 12:55:00 PM,MIN_OPERATING_MW,290,
8/15/2026 12:55:00 PM,RTD,CLUZ,01BUGSOL_G01,G,8/15/2026 12:56:00 PM,8/15/2026 1:00:00 PM,MAX_OPERATING_MW,297.70,
8/15/2026 12:55:00 PM,RTD,CLUZ,01BUGSOL_G01,G,8/15/2026 12:56:00 PM,8/15/2026 1:00:00 PM,MIN_OPERATING_MW,297.70,
8/15/2026 12:55:00 PM,RTD,CLUZ,01BULACSOL_G01,G,8/15/2026 12:01:00 PM,8/15/2026 1:00:00 PM,MAX_OPERATING_MW,13.39,
8/15/2026 12:55:00 PM,RTD,CLUZ,01BULACSOL_G01,G,8/15/2026 12:01:00 PM,8/15/2026 1:00:00 PM,MIN_OPERATING_MW,13.39,
8/15/2026 12:55:00 PM,RTD,CLUZ,01CONSOL_G01,G,8/15/2026 12:51:00 PM,8/15/2026 12:55:00 PM,MAX_OPERATING_MW,56.27,
8/15/2026 12:55:00 PM,RTD,CLUZ,01CONSOL_G01,G,8/15/2026 12:51:00 PM,8/15/2026 12:55:00 PM,MIN_OPERATING_MW,56.27,
8/15/2026 12:55:00 PM,RTD,CLUZ,01CONSOL_G01,G,8/15/2026 12:56:00 PM,8/15/2026 1:00:00 PM,MAX_OPERATING_MW,56.80,
8/15/2026 12:55:00 PM,RTD,CLUZ,01CONSOL_G01,G,8/15/2026 12:56:00 PM,8/15/2026 1:00:00 PM,MIN_OPERATING_MW,56.80,
8/15/2026 12:55:00 PM,RTD,CLUZ,01PASBUSOL_G01,G,8/15/2026 12:01:00 PM,8/15/2026 1:00:00 PM,MAX_OPERATING_MW,39.97,
8/15/2026 12:55:00 PM,RTD,CLUZ,01PASBUSOL_G01,G,8/15/2026 12:01:00 PM,8/15/2026 1:00:00 PM,MIN_OPERATING_MW,39.97,
8/15/2026 12:55:00 PM,RTD,CLUZ,01TERRASOL_G01,G,8/15/2026 12:41:00 PM,8/15/2026 2:00:00 PM,MAX_OPERATING_MW,300,
8/15/2026 12:55:00 PM,RTD,CLUZ,01TERRASOL_G01,G,8/15/2026 12:41:00 PM,8/15/2026 2:00:00 PM,MIN_OPERATING_MW,300,
8/15/2026 12:55:00 PM,RTD,CLUZ,03LUMBSOL_G01,G,8/15/2026 12:51:00 PM,8/15/2026 12:55:00 PM,MAX_OPERATING_MW,15,
8/15/2026 12:55:00 PM,RTD,CLUZ,03LUMBSOL_G01,G,8/15/2026 12:51:00 PM,8/15/2026 12:55:00 PM,MIN_OPERATING_MW,15,
8/15/2026 12:55:00 PM,RTD,CLUZ,03LUMBSOL_G01,G,8/15/2026 12:56:00 PM,8/15/2026 1:00:00 PM,MAX_OPERATING_MW,15,
8/15/2026 12:55:00 PM,RTD,CLUZ,03LUMBSOL_G01,G,8/15/2026 12:56:00 PM,8/15/2026 1:00:00 PM,MIN_OPERATING_MW,15,
8/15/2026 12:55:00 PM,RTD,CLUZ,03LUNSOL_G01,G,8/15/2026 12:51:00 PM,8/15/2026 12:55:00 PM,MAX_OPERATING_MW,36.34,
8/15/2026 12:55:00 PM,RTD,CLUZ,03LUNSOL_G01,G,8/15/2026 12:51:00 PM,8/15/2026 12:55:00 PM,MIN_OPERATING_MW,36.34,
8/15/2026 12:55:00 PM,RTD,CLUZ,03LUNSOL_G01,G,8/15/2026 12:56:00 PM,8/15/2026 1:00:00 PM,MAX_OPERATING_MW,36.06,
8/15/2026 12:55:00 PM,RTD,CLUZ,03LUNSOL_G01,G,8/15/2026 12:56:00 PM,8/15/2026 1:00:00 PM,MIN_OPERATING_MW,36.06,
8/15/2026 12:55:00 PM,RTD,CLUZ,03TANWIND_G01,G,8/15/2026 12:51:00 PM,8/15/2026 12:55:00 PM,MAX_OPERATING_MW,5.10,
8/15/2026 12:55:00 PM,RTD,CLUZ,03TANWIND_G01,G,8/15/2026 12:51:00 PM,8/15/2026 12:55:00 PM,MIN_OPERATING_MW,5.10,
8/15/2026 12:55:00 PM,RTD,CLUZ,03TANWIND_G01,G,8/15/2026 12:56:00 PM,8/15/2026 1:00:00 PM,MAX_OPERATING_MW,5.10,
8/15/2026 12:55:00 PM,RTD,CLUZ,03TANWIND_G01,G,8/15/2026 12:56:00 PM,8/15/2026 1:00:00 PM,MIN_OPERATING_MW,5.10,
8/15/2026 12:55:00 PM,RTD,CVIS,04ISIDROSOL_G01,G,8/15/2026 12:01:00 PM,8/15/2026 1:00:00 PM,MAX_OPERATING_MW,94.70,
8/15/2026 12:55:00 PM,RTD,CVIS,04ISIDROSOL_G01,G,8/15/2026 12:01:00 PM,8/15/2026 1:00:00 PM,MIN_OPERATING_MW,94.70,
8/15/2026 12:55:00 PM,RTD,CVIS,06SLYSOL_G02,G,8/15/2026 12:01:00 PM,8/15/2026 1:00:00 PM,MAX_OPERATING_MW,9.52,
8/15/2026 12:55:00 PM,RTD,CVIS,06SLYSOL_G02,G,8/15/2026 12:01:00 PM,8/15/2026 1:00:00 PM,MIN_OPERATING_MW,9.52,
8/15/2026 12:55:00 PM,RTD,CVIS,06SLYSOL_G03,G,8/15/2026 12:01:00 PM,8/15/2026 1:00:00 PM,MAX_OPERATING_MW,9.53,
8/15/2026 12:55:00 PM,RTD,CVIS,06SLYSOL_G03,G,8/15/2026 12:01:00 PM,8/15/2026 1:00:00 PM,MIN_OPERATING_MW,9.53,
8/15/2026 12:55:00 PM,RTD,CMIN,10IDP1_U08,G,8/15/2026 12:51:00 PM,8/15/2026 12:55:00 PM,MAX_OPERATING_MW,3.30,
8/15/2026 12:55:00 PM,RTD,CMIN,10IDP1_U08,G,8/15/2026 12:51:00 PM,8/15/2026 12:55:00 PM,MIN_OPERATING_MW,3.30,
8/15/2026 12:55:00 PM,RTD,CMIN,10IDP1_U08,G,8/15/2026 12:56:00 PM,8/15/2026 3:55:00 PM,MAX_OPERATING_MW,4.90,
8/15/2026 12:55:00 PM,RTD,CMIN,10IDP1_U08,G,8/15/2026 12:56:00 PM,8/15/2026 3:55:00 PM,MIN_OPERATING_MW,4.90,
8/15/2026 12:55:00 PM,RTD,CMIN,10LIAN_G02,G,8/15/2026,8/15/2026 11:59:00 PM,MAX_OPERATING_MW,6.60,
8/15/2026 12:55:00 PM,RTD,CMIN,10LIAN_G02,G,8/15/2026,8/15/2026 11:59:00 PM,MIN_OPERATING_MW,6.60,
8/15/2026 12:55:00 PM,RTD,CMIN,14TANTASOL_G01,G,8/15/2026 12:01:00 PM,8/15/2026 1:00:00 PM,MAX_OPERATING_MW,50,
8/15/2026 12:55:00 PM,RTD,CMIN,14TANTASOL_G01,G,8/15/2026 12:01:00 PM,8/15/2026 1:00:00 PM,MIN_OPERATING_MW,50,
8/15/2026 1:00:00 PM,RTD,CLUZ,01BALWIND_G01,G,8/15/2026 12:16:00 PM,8/16/2026,MAX_OPERATING_MW,40,
8/15/2026 1:00:00 PM,RTD,CLUZ,01BALWIND_G01,G,8/15/2026 12:16:00 PM,8/16/2026,MIN_OPERATING_MW,40,
8/15/2026 1:00:00 PM,RTD,CLUZ,01BARBASOL_G01,G,8/15/2026 12:56:00 PM,8/15/2026 1:00:00 PM,MAX_OPERATING_MW,75.92,
8/15/2026 1:00:00 PM,RTD,CLUZ,01BARBASOL_G01,G,8/15/2026 12:56:00 PM,8/15/2026 1:00:00 PM,MIN_OPERATING_MW,75.92,
8/15/2026 1:00:00 PM,RTD,CLUZ,01BARBASOL_G01,G,8/15/2026 1:01:00 PM,8/15/2026 1:05:00 PM,MAX_OPERATING_MW,75.09,
8/15/2026 1:00:00 PM,RTD,CLUZ,01BARBASOL_G01,G,8/15/2026 1:01:00 PM,8/15/2026 1:05:00 PM,MIN_OPERATING_MW,75.09,
8/15/2026 1:00:00 PM,RTD,CLUZ,01BUGSOL_G01,G,8/15/2026 12:56:00 PM,8/15/2026 1:00:00 PM,MAX_OPERATING_MW,297.70,
8/15/2026 1:00:00 PM,RTD,CLUZ,01BUGSOL_G01,G,8/15/2026 12:56:00 PM,8/15/2026 1:00:00 PM,MIN_OPERATING_MW,297.70,
8/15/2026 1:00:00 PM,RTD,CLUZ,01BUGSOL_G01,G,8/15/2026 1:01:00 PM,8/15/2026 1:05:00 PM,MAX_OPERATING_MW,295.40,
8/15/2026 1:00:00 PM,RTD,CLUZ,01BUGSOL_G01,G,8/15/2026 1:01:00 PM,8/15/2026 1:05:00 PM,MIN_OPERATING_MW,295.40,
8/15/2026 1:00:00 PM,RTD,CLUZ,01BULACSOL_G01,G,8/15/2026 12:01:00 PM,8/15/2026 1:00:00 PM,MAX_OPERATING_MW,13.39,
8/15/2026 1:00:00 PM,RTD,CLUZ,01BULACSOL_G01,G,8/15/2026 12:01:00 PM,8/15/2026 1:00:00 PM,MIN_OPERATING_MW,13.39,
8/15/2026 1:00:00 PM,RTD,CLUZ,01BULACSOL_G01,G,8/15/2026 1:01:00 PM,8/15/2026 2:00:00 PM,MAX_OPERATING_MW,13.47,
8/15/2026 1:00:00 PM,RTD,CLUZ,01BULACSOL_G01,G,8/15/2026 1:01:00 PM,8/15/2026 2:00:00 PM,MIN_OPERATING_MW,13.47,
8/15/2026 1:00:00 PM,RTD,CLUZ,01CONSOL_G01,G,8/15/2026 12:56:00 PM,8/15/2026 1:00:00 PM,MAX_OPERATING_MW,56.80,
8/15/2026 1:00:00 PM,RTD,CLUZ,01CONSOL_G01,G,8/15/2026 12:56:00 PM,8/15/2026 1:00:00 PM,MIN_OPERATING_MW,56.80,
8/15/2026 1:00:00 PM,RTD,CLUZ,01CONSOL_G01,G,8/15/2026 1:01:00 PM,8/15/2026 1:05:00 PM,MAX_OPERATING_MW,57.20,
8/15/2026 1:00:00 PM,RTD,CLUZ,01CONSOL_G01,G,8/15/2026 1:01:00 PM,8/15/2026 1:05:00 PM,MIN_OPERATING_MW,57.20,
8/15/2026 1:00:00 PM,RTD,CLUZ,01PASBUSOL_G01,G,8/15/2026 12:01:00 PM,8/15/2026 1:00:00 PM,MAX_OPERATING_MW,39.97,
8/15/2026 1:00:00 PM,RTD,CLUZ,01PASBUSOL_G01,G,8/15/2026 12:01:00 PM,8/15/2026 1:00:00 PM,MIN_OPERATING_MW,39.97,
8/15/2026 1:00:00 PM,RTD,CLUZ,01PASBUSOL_G01,G,8/15/2026 1:01:00 PM,8/15/2026 2:00:00 PM,MAX_OPERATING_MW,37.06,
8/15/2026 1:00:00 PM,RTD,CLUZ,01PASBUSOL_G01,G,8/15/2026 1:01:00 PM,8/15/2026 2:00:00 PM,MIN_OPERATING_MW,37.06,
8/15/2026 1:00:00 PM,RTD,CLUZ,01TERRASOL_G01,G,8/15/2026 12:41:00 PM,8/15/2026 2:00:00 PM,MAX_OPERATING_MW,300,
8/15/2026 1:00:00 PM,RTD,CLUZ,01TERRASOL_G01,G,8/15/2026 12:41:00 PM,8/15/2026 2:00:00 PM,MIN_OPERATING_MW,300,
8/15/2026 1:00:00 PM,RTD,CLUZ,03LUMBSOL_G01,G,8/15/2026 12:56:00 PM,8/15/2026 1:00:00 PM,MAX_OPERATING_MW,15,
8/15/2026 1:00:00 PM,RTD,CLUZ,03LUMBSOL_G01,G,8/15/2026 12:56:00 PM,8/15/2026 1:00:00 PM,MIN_OPERATING_MW,15,
8/15/2026 1:00:00 PM,RTD,CLUZ,03LUMBSOL_G01,G,8/15/2026 1:01:00 PM,8/15/2026 1:05:00 PM,MAX_OPERATING_MW,15,
8/15/2026 1:00:00 PM,RTD,CLUZ,03LUMBSOL_G01,G,8/15/2026 1:01:00 PM,8/15/2026 1:05:00 PM,MIN_OPERATING_MW,15,
8/15/2026 1:00:00 PM,RTD,CLUZ,03LUNSOL_G01,G,8/15/2026 12:56:00 PM,8/15/2026 1:00:00 PM,MAX_OPERATING_MW,36.06,
8/15/2026 1:00:00 PM,RTD,CLUZ,03LUNSOL_G01,G,8/15/2026 12:56:00 PM,8/15/2026 1:00:00 PM,MIN_OPERATING_MW,36.06,
8/15/2026 1:00:00 PM,RTD,CLUZ,03LUNSOL_G01,G,8/15/2026 1:01:00 PM,8/15/2026 1:05:00 PM,MAX_OPERATING_MW,35.74,
8/15/2026 1:00:00 PM,RTD,CLUZ,03LUNSOL_G01,G,8/15/2026 1:01:00 PM,8/15/2026 1:05:00 PM,MIN_OPERATING_MW,35.74,
8/15/2026 1:00:00 PM,RTD,CLUZ,03TANWIND_G01,G,8/15/2026 12:56:00 PM,8/15/2026 1:00:00 PM,MAX_OPERATING_MW,5.10,
8/15/2026 1:00:00 PM,RTD,CLUZ,03TANWIND_G01,G,8/15/2026 12:56:00 PM,8/15/2026 1:00:00 PM,MIN_OPERATING_MW,5.10,
8/15/2026 1:00:00 PM,RTD,CLUZ,03TANWIND_G01,G,8/15/2026 1:01:00 PM,8/15/2026 1:05:00 PM,MAX_OPERATING_MW,5.50,
8/15/2026 1:00:00 PM,RTD,CLUZ,03TANWIND_G01,G,8/15/2026 1:01:00 PM,8/15/2026 1:05:00 PM,MIN_OPERATING_MW,5.50,
8/15/2026 1:00:00 PM,RTD,CVIS,04ISIDROSOL_G01,G,8/15/2026 12:01:00 PM,8/15/2026 1:00:00 PM,MAX_OPERATING_MW,94.70,
8/15/2026 1:00:00 PM,RTD,CVIS,04ISIDROSOL_G01,G,8/15/2026 12:01:00 PM,8/15/2026 1:00:00 PM,MIN_OPERATING_MW,94.70,
8/15/2026 1:00:00 PM,RTD,CVIS,04ISIDROSOL_G01,G,8/15/2026 1:01:00 PM,8/15/2026 2:00:00 PM,MAX_OPERATING_MW,87.50,
8/15/2026 1:00:00 PM,RTD,CVIS,04ISIDROSOL_G01,G,8/15/2026 1:01:00 PM,8/15/2026 2:00:00 PM,MIN_OPERATING_MW,87.50,
8/15/2026 1:00:00 PM,RTD,CVIS,06SLYSOL_G02,G,8/15/2026 12:01:00 PM,8/15/2026 1:00:00 PM,MAX_OPERATING_MW,9.52,
8/15/2026 1:00:00 PM,RTD,CVIS,06SLYSOL_G02,G,8/15/2026 12:01:00 PM,8/15/2026 1:00:00 PM,MIN_OPERATING_MW,9.52,
8/15/2026 1:00:00 PM,RTD,CVIS,06SLYSOL_G02,G,8/15/2026 1:01:00 PM,8/15/2026 2:00:00 PM,MAX_OPERATING_MW,9.42,
8/15/2026 1:00:00 PM,RTD,CVIS,06SLYSOL_G02,G,8/15/2026 1:01:00 PM,8/15/2026 2:00:00 PM,MIN_OPERATING_MW,9.42,
8/15/2026 1:00:00 PM,RTD,CVIS,06SLYSOL_G03,G,8/15/2026 12:01:00 PM,8/15/2026 1:00:00 PM,MAX_OPERATING_MW,9.53,
8/15/2026 1:00:00 PM,RTD,CVIS,06SLYSOL_G03,G,8/15/2026 12:01:00 PM,8/15/2026 1:00:00 PM,MIN_OPERATING_MW,9.53,
8/15/2026 1:00:00 PM,RTD,CVIS,06SLYSOL_G03,G,8/15/2026 1:01:00 PM,8/15/2026 2:00:00 PM,MAX_OPERATING_MW,9.50,
8/15/2026 1:00:00 PM,RTD,CVIS,06SLYSOL_G03,G,8/15/2026 1:01:00 PM,8/15/2026 2:00:00 PM,MIN_OPERATING_MW,9.50,
8/15/2026 1:00:00 PM,RTD,CMIN,10IDP1_U08,G,8/15/2026 12:56:00 PM,8/15/2026 3:55:00 PM,MAX_OPERATING_MW,4.90,
8/15/2026 1:00:00 PM,RTD,CMIN,10IDP1_U08,G,8/15/2026 12:56:00 PM,8/15/2026 3:55:00 PM,MIN_OPERATING_MW,4.90,
8/15/2026 1:00:00 PM,RTD,CMIN,10LIAN_G02,G,8/15/2026,8/15/2026 11:59:00 PM,MAX_OPERATING_MW,6.60,
8/15/2026 1:00:00 PM,RTD,CMIN,10LIAN_G02,G,8/15/2026,8/15/2026 11:59:00 PM,MIN_OPERATING_MW,6.60,
8/15/2026 1:00:00 PM,RTD,CMIN,14TANTASOL_G01,G,8/15/2026 12:01:00 PM,8/15/2026 1:00:00 PM,MAX_OPERATING_MW,50,
8/15/2026 1:00:00 PM,RTD,CMIN,14TANTASOL_G01,G,8/15/2026 12:01:00 PM,8/15/2026 1:00:00 PM,MIN_OPERATING_MW,50,
8/15/2026 1:00:00 PM,RTD,CMIN,14TANTASOL_G01,G,8/15/2026 1:01:00 PM,8/15/2026 2:00:00 PM,MAX_OPERATING_MW,50,
8/15/2026 1:00:00 PM,RTD,CMIN,14TANTASOL_G01,G,8/15/2026 1:01:00 PM,8/15/2026 2:00:00 PM,MIN_OPERATING_MW,50,
8/15/2026 1:05:00 PM,RTD,CLUZ,01BALWIND_G01,G,8/15/2026 12:16:00 PM,8/16/2026,MIN_OPERATING_MW,40,
8/15/2026 1:05:00 PM,RTD,CLUZ,01BARBASOL_G01,G,8/15/2026 1:01:00 PM,8/15/2026 1:05:00 PM,MIN_OPERATING_MW,75.09,
8/15/2026 1:05:00 PM,RTD,CLUZ,01BARBASOL_G01,G,8/15/2026 1:06:00 PM,8/15/2026 1:10:00 PM,MIN_OPERATING_MW,74.31,
8/15/2026 1:05:00 PM,RTD,CLUZ,01BUGSOL_G01,G,8/15/2026 1:01:00 PM,8/15/2026 1:05:00 PM,MIN_OPERATING_MW,295.40,
8/15/2026 1:05:00 PM,RTD,CLUZ,01BUGSOL_G01,G,8/15/2026 1:06:00 PM,8/15/2026 1:10:00 PM,MIN_OPERATING_MW,290.30,
8/15/2026 1:05:00 PM,RTD,CLUZ,01BULACSOL_G01,G,8/15/2026 1:01:00 PM,8/15/2026 2:00:00 PM,MIN_OPERATING_MW,13.47,
8/15/2026 1:05:00 PM,RTD,CLUZ,01CONSOL_G01,G,8/15/2026 1:01:00 PM,8/15/2026 1:05:00 PM,MIN_OPERATING_MW,57.20,
8/15/2026 1:05:00 PM,RTD,CLUZ,01CONSOL_G01,G,8/15/2026 1:06:00 PM,8/15/2026 1:10:00 PM,MIN_OPERATING_MW,56.90,
8/15/2026 1:05:00 PM,RTD,CLUZ,01PASBUSOL_G01,G,8/15/2026 1:01:00 PM,8/15/2026 2:00:00 PM,MIN_OPERATING_MW,37.06,
8/15/2026 1:05:00 PM,RTD,CLUZ,01TERRASOL_G01,G,8/15/2026 12:41:00 PM,8/15/2026 2:00:00 PM,MIN_OPERATING_MW,300,
8/15/2026 1:05:00 PM,RTD,CLUZ,03LUMBSOL_G01,G,8/15/2026 1:01:00 PM,8/15/2026 1:05:00 PM,MIN_OPERATING_MW,15,
8/15/2026 1:05:00 PM,RTD,CLUZ,03LUMBSOL_G01,G,8/15/2026 1:06:00 PM,8/15/2026 1:10:00 PM,MIN_OPERATING_MW,15,
8/15/2026 1:05:00 PM,RTD,CLUZ,03LUNSOL_G01,G,8/15/2026 1:01:00 PM,8/15/2026 1:05:00 PM,MIN_OPERATING_MW,35.74,
8/15/2026 1:05:00 PM,RTD,CLUZ,03LUNSOL_G01,G,8/15/2026 1:06:00 PM,8/15/2026 1:10:00 PM,MIN_OPERATING_MW,35.38,
8/15/2026 1:05:00 PM,RTD,CLUZ,03TANWIND_G01,G,8/15/2026 1:01:00 PM,8/15/2026 1:05:00 PM,MIN_OPERATING_MW,5.50,
8/15/2026 1:05:00 PM,RTD,CLUZ,03TANWIND_G01,G,8/15/2026 1:06:00 PM,8/15/2026 1:10:00 PM,MIN_OPERATING_MW,5.50,
8/15/2026 1:05:00 PM,RTD,CVIS,04ISIDROSOL_G01,G,8/15/2026 1:01:00 PM,8/15/2026 2:00:00 PM,MIN_OPERATING_MW,87.50,
8/15/2026 1:05:00 PM,RTD,CVIS,06SLYSOL_G02,G,8/15/2026 1:01:00 PM,8/15/2026 2:00:00 PM,MIN_OPERATING_MW,9.42,
8/15/2026 1:05:00 PM,RTD,CVIS,06SLYSOL_G03,G,8/15/2026 1:01:00 PM,8/15/2026 2:00:00 PM,MIN_OPERATING_MW,9.50,
8/15/2026 1:05:00 PM,RTD,CMIN,10IDP1_U08,G,8/15/2026 12:56:00 PM,8/15/2026 3:55:00 PM,MIN_OPERATING_MW,4.90,
8/15/2026 1:05:00 PM,RTD,CMIN,10LIAN_G02,G,8/15/2026,8/15/2026 11:59:00 PM,MIN_OPERATING_MW,6.60,
8/15/2026 1:05:00 PM,RTD,CMIN,14TANTASOL_G01,G,8/15/2026 1:01:00 PM,8/15/2026 2:00:00 PM,MIN_OPERATING_MW,50,
8/15/2026 1:10:00 PM,RTD,CLUZ,01BALWIND_G01,G,8/15/2026 12:16:00 PM,8/16/2026,MAX_OPERATING_MW,40,
8/15/2026 1:10:00 PM,RTD,CLUZ,01BALWIND_G01,G,8/15/2026 12:16:00 PM,8/16/2026,MIN_OPERATING_MW,40,
8/15/2026 1:10:00 PM,RTD,CLUZ,01BARBASOL_G01,G,8/15/2026 1:06:00 PM,8/15/2026 1:10:00 PM,MAX_OPERATING_MW,74.31,
8/15/2026 1:10:00 PM,RTD,CLUZ,01BARBASOL_G01,G,8/15/2026 1:06:00 PM,8/15/2026 1:10:00 PM,MIN_OPERATING_MW,74.31,
8/15/2026 1:10:00 PM,RTD,CLUZ,01BARBASOL_G01,G,8/15/2026 1:11:00 PM,8/15/2026 1:15:00 PM,MAX_OPERATING_MW,73.56,
8/15/2026 1:10:00 PM,RTD,CLUZ,01BARBASOL_G01,G,8/15/2026 1:11:00 PM,8/15/2026 1:15:00 PM,MIN_OPERATING_MW,73.56,
8/15/2026 1:10:00 PM,RTD,CLUZ,01BUGSOL_G01,G,8/15/2026 1:06:00 PM,8/15/2026 1:10:00 PM,MAX_OPERATING_MW,290.30,
8/15/2026 1:10:00 PM,RTD,CLUZ,01BUGSOL_G01,G,8/15/2026 1:06:00 PM,8/15/2026 1:10:00 PM,MIN_OPERATING_MW,290.30,
8/15/2026 1:10:00 PM,RTD,CLUZ,01BUGSOL_G01,G,8/15/2026 1:11:00 PM,8/15/2026 1:15:00 PM,MAX_OPERATING_MW,270,
8/15/2026 1:10:00 PM,RTD,CLUZ,01BUGSOL_G01,G,8/15/2026 1:11:00 PM,8/15/2026 1:15:00 PM,MIN_OPERATING_MW,270,
8/15/2026 1:10:00 PM,RTD,CLUZ,01BULACSOL_G01,G,8/15/2026 1:01:00 PM,8/15/2026 2:00:00 PM,MAX_OPERATING_MW,13.47,
8/15/2026 1:10:00 PM,RTD,CLUZ,01BULACSOL_G01,G,8/15/2026 1:01:00 PM,8/15/2026 2:00:00 PM,MIN_OPERATING_MW,13.47,
8/15/2026 1:10:00 PM,RTD,CLUZ,01CONSOL_G01,G,8/15/2026 1:06:00 PM,8/15/2026 1:10:00 PM,MAX_OPERATING_MW,56.90,
8/15/2026 1:10:00 PM,RTD,CLUZ,01CONSOL_G01,G,8/15/2026 1:06:00 PM,8/15/2026 1:10:00 PM,MIN_OPERATING_MW,56.90,
8/15/2026 1:10:00 PM,RTD,CLUZ,01CONSOL_G01,G,8/15/2026 1:11:00 PM,8/15/2026 1:15:00 PM,MAX_OPERATING_MW,56.22,
8/15/2026 1:10:00 PM,RTD,CLUZ,01CONSOL_G01,G,8/15/2026 1:11:00 PM,8/15/2026 1:15:00 PM,MIN_OPERATING_MW,56.22,
8/15/2026 1:10:00 PM,RTD,CLUZ,01PASBUSOL_G01,G,8/15/2026 1:01:00 PM,8/15/2026 2:00:00 PM,MAX_OPERATING_MW,37.06,
8/15/2026 1:10:00 PM,RTD,CLUZ,01PASBUSOL_G01,G,8/15/2026 1:01:00 PM,8/15/2026 2:00:00 PM,MIN_OPERATING_MW,37.06,
8/15/2026 1:10:00 PM,RTD,CLUZ,01TERRASOL_G01,G,8/15/2026 12:41:00 PM,8/15/2026 2:00:00 PM,MAX_OPERATING_MW,300,
8/15/2026 1:10:00 PM,RTD,CLUZ,01TERRASOL_G01,G,8/15/2026 12:41:00 PM,8/15/2026 2:00:00 PM,MIN_OPERATING_MW,300,
8/15/2026 1:10:00 PM,RTD,CLUZ,03LUMBSOL_G01,G,8/15/2026 1:06:00 PM,8/15/2026 1:10:00 PM,MAX_OPERATING_MW,15,
8/15/2026 1:10:00 PM,RTD,CLUZ,03LUMBSOL_G01,G,8/15/2026 1:06:00 PM,8/15/2026 1:10:00 PM,MIN_OPERATING_MW,15,
8/15/2026 1:10:00 PM,RTD,CLUZ,03LUMBSOL_G01,G,8/15/2026 1:11:00 PM,8/15/2026 1:15:00 PM,MAX_OPERATING_MW,15,
8/15/2026 1:10:00 PM,RTD,CLUZ,03LUMBSOL_G01,G,8/15/2026 1:11:00 PM,8/15/2026 1:15:00 PM,MIN_OPERATING_MW,15,
8/15/2026 1:10:00 PM,RTD,CLUZ,03LUNSOL_G01,G,8/15/2026 1:06:00 PM,8/15/2026 1:10:00 PM,MAX_OPERATING_MW,35.38,
8/15/2026 1:10:00 PM,RTD,CLUZ,03LUNSOL_G01,G,8/15/2026 1:06:00 PM,8/15/2026 1:10:00 PM,MIN_OPERATING_MW,35.38,
8/15/2026 1:10:00 PM,RTD,CLUZ,03LUNSOL_G01,G,8/15/2026 1:11:00 PM,8/15/2026 1:15:00 PM,MAX_OPERATING_MW,34.99,
8/15/2026 1:10:00 PM,RTD,CLUZ,03LUNSOL_G01,G,8/15/2026 1:11:00 PM,8/15/2026 1:15:00 PM,MIN_OPERATING_MW,34.99,
8/15/2026 1:10:00 PM,RTD,CLUZ,03TANWIND_G01,G,8/15/2026 1:06:00 PM,8/15/2026 1:10:00 PM,MAX_OPERATING_MW,5.50,
8/15/2026 1:10:00 PM,RTD,CLUZ,03TANWIND_G01,G,8/15/2026 1:06:00 PM,8/15/2026 1:10:00 PM,MIN_OPERATING_MW,5.50,
8/15/2026 1:10:00 PM,RTD,CLUZ,03TANWIND_G01,G,8/15/2026 1:11:00 PM,8/15/2026 1:15:00 PM,MAX_OPERATING_MW,5.50,
8/15/2026 1:10:00 PM,RTD,CLUZ,03TANWIND_G01,G,8/15/2026 1:11:00 PM,8/15/2026 1:15:00 PM,MIN_OPERATING_MW,5.50,
8/15/2026 1:10:00 PM,RTD,CVIS,04ISIDROSOL_G01,G,8/15/2026 1:01:00 PM,8/15/2026 2:00:00 PM,MAX_OPERATING_MW,87.50,
8/15/2026 1:10:00 PM,RTD,CVIS,04ISIDROSOL_G01,G,8/15/2026 1:01:00 PM,8/15/2026 2:00:00 PM,MIN_OPERATING_MW,87.50,
8/15/2026 1:10:00 PM,RTD,CVIS,06SLYSOL_G02,G,8/15/2026 1:01:00 PM,8/15/2026 2:00:00 PM,MAX_OPERATING_MW,9.42,
8/15/2026 1:10:00 PM,RTD,CVIS,06SLYSOL_G02,G,8/15/2026 1:01:00 PM,8/15/2026 2:00:00 PM,MIN_OPERATING_MW,9.42,
8/15/2026 1:10:00 PM,RTD,CVIS,06SLYSOL_G03,G,8/15/2026 1:01:00 PM,8/15/2026 2:00:00 PM,MAX_OPERATING_MW,9.50,
8/15/2026 1:10:00 PM,RTD,CVIS,06SLYSOL_G03,G,8/15/2026 1:01:00 PM,8/15/2026 2:00:00 PM,MIN_OPERATING_MW,9.50,
8/15/2026 1:10:00 PM,RTD,CMIN,10IDP1_U08,G,8/15/2026 12:56:00 PM,8/15/2026 3:55:00 PM,MAX_OPERATING_MW,4.90,
8/15/2026 1:10:00 PM,RTD,CMIN,10IDP1_U08,G,8/15/2026 12:56:00 PM,8/15/2026 3:55:00 PM,MIN_OPERATING_MW,4.90,
8/15/2026 1:10:00 PM,RTD,CMIN,10LIAN_G02,G,8/15/2026,8/15/2026 11:59:00 PM,MAX_OPERATING_MW,6.60,
8/15/2026 1:10:00 PM,RTD,CMIN,10LIAN_G02,G,8/15/2026,8/15/2026 11:59:00 PM,MIN_OPERATING_MW,6.60,
8/15/2026 1:10:00 PM,RTD,CMIN,14TANTASOL_G01,G,8/15/2026 1:01:00 PM,8/15/2026 2:00:00 PM,MAX_OPERATING_MW,50,
8/15/2026 1:10:00 PM,RTD,CMIN,14TANTASOL_G01,G,8/15/2026 1:01:00 PM,8/15/2026 2:00:00 PM,MIN_OPERATING_MW,50,
8/15/2026 1:15:00 PM,RTD,CLUZ,01BALWIND_G01,G,8/15/2026 12:16:00 PM,8/16/2026,MAX_OPERATING_MW,40,
8/15/2026 1:15:00 PM,RTD,CLUZ,01BALWIND_G01,G,8/15/2026 12:16:00 PM,8/16/2026,MIN_OPERATING_MW,40,
8/15/2026 1:15:00 PM,RTD,CLUZ,01BARBASOL_G01,G,8/15/2026 1:11:00 PM,8/15/2026 1:15:00 PM,MAX_OPERATING_MW,73.56,
8/15/2026 1:15:00 PM,RTD,CLUZ,01BARBASOL_G01,G,8/15/2026 1:11:00 PM,8/15/2026 1:15:00 PM,MIN_OPERATING_MW,73.56,
8/15/2026 1:15:00 PM,RTD,CLUZ,01BARBASOL_G01,G,8/15/2026 1:16:00 PM,8/15/2026 1:20:00 PM,MAX_OPERATING_MW,72.81,
8/15/2026 1:15:00 PM,RTD,CLUZ,01BARBASOL_G01,G,8/15/2026 1:16:00 PM,8/15/2026 1:20:00 PM,MIN_OPERATING_MW,72.81,
8/15/2026 1:15:00 PM,RTD,CLUZ,01BUGSOL_G01,G,8/15/2026 1:11:00 PM,8/15/2026 1:15:00 PM,MAX_OPERATING_MW,270,
8/15/2026 1:15:00 PM,RTD,CLUZ,01BUGSOL_G01,G,8/15/2026 1:11:00 PM,8/15/2026 1:15:00 PM,MIN_OPERATING_MW,270,
8/15/2026 1:15:00 PM,RTD,CLUZ,01BUGSOL_G01,G,8/15/2026 1:16:00 PM,8/15/2026 1:20:00 PM,MAX_OPERATING_MW,279.60,
8/15/2026 1:15:00 PM,RTD,CLUZ,01BUGSOL_G01,G,8/15/2026 1:16:00 PM,8/15/2026 1:20:00 PM,MIN_OPERATING_MW,279.60,
8/15/2026 1:15:00 PM,RTD,CLUZ,01BULACSOL_G01,G,8/15/2026 1:01:00 PM,8/15/2026 2:00:00 PM,MAX_OPERATING_MW,13.47,
8/15/2026 1:15:00 PM,RTD,CLUZ,01BULACSOL_G01,G,8/15/2026 1:01:00 PM,8/15/2026 2:00:00 PM,MIN_OPERATING_MW,13.47,
8/15/2026 1:15:00 PM,RTD,CLUZ,01CONSOL_G01,G,8/15/2026 1:11:00 PM,8/15/2026 1:15:00 PM,MAX_OPERATING_MW,56.22,
8/15/2026 1:15:00 PM,RTD,CLUZ,01CONSOL_G01,G,8/15/2026 1:11:00 PM,8/15/2026 1:15:00 PM,MIN_OPERATING_MW,56.22,
8/15/2026 1:15:00 PM,RTD,CLUZ,01CONSOL_G01,G,8/15/2026 1:16:00 PM,8/15/2026 1:20:00 PM,MAX_OPERATING_MW,55.53,
8/15/2026 1:15:00 PM,RTD,CLUZ,01CONSOL_G01,G,8/15/2026 1:16:00 PM,8/15/2026 1:20:00 PM,MIN_OPERATING_MW,55.53,
8/15/2026 1:15:00 PM,RTD,CLUZ,01PASBUSOL_G01,G,8/15/2026 1:01:00 PM,8/15/2026 2:00:00 PM,MAX_OPERATING_MW,37.06,
8/15/2026 1:15:00 PM,RTD,CLUZ,01PASBUSOL_G01,G,8/15/2026 1:01:00 PM,8/15/2026 2:00:00 PM,MIN_OPERATING_MW,37.06,
8/15/2026 1:15:00 PM,RTD,CLUZ,01TERRASOL_G01,G,8/15/2026 12:41:00 PM,8/15/2026 2:00:00 PM,MAX_OPERATING_MW,300,
8/15/2026 1:15:00 PM,RTD,CLUZ,01TERRASOL_G01,G,8/15/2026 12:41:00 PM,8/15/2026 2:00:00 PM,MIN_OPERATING_MW,300,
8/15/2026 1:15:00 PM,RTD,CLUZ,03LUMBSOL_G01,G,8/15/2026 1:11:00 PM,8/15/2026 1:15:00 PM,MAX_OPERATING_MW,15,
8/15/2026 1:15:00 PM,RTD,CLUZ,03LUMBSOL_G01,G,8/15/2026 1:11:00 PM,8/15/2026 1:15:00 PM,MIN_OPERATING_MW,15,
8/15/2026 1:15:00 PM,RTD,CLUZ,03LUMBSOL_G01,G,8/15/2026 1:16:00 PM,8/15/2026 1:20:00 PM,MAX_OPERATING_MW,15,
8/15/2026 1:15:00 PM,RTD,CLUZ,03LUMBSOL_G01,G,8/15/2026 1:16:00 PM,8/15/2026 1:20:00 PM,MIN_OPERATING_MW,15,
8/15/2026 1:15:00 PM,RTD,CLUZ,03LUNSOL_G01,G,8/15/2026 1:11:00 PM,8/15/2026 1:15:00 PM,MAX_OPERATING_MW,34.99,
8/15/2026 1:15:00 PM,RTD,CLUZ,03LUNSOL_G01,G,8/15/2026 1:11:00 PM,8/15/2026 1:15:00 PM,MIN_OPERATING_MW,34.99,
8/15/2026 1:15:00 PM,RTD,CLUZ,03LUNSOL_G01,G,8/15/2026 1:16:00 PM,8/15/2026 1:20:00 PM,MAX_OPERATING_MW,34.56,
8/15/2026 1:15:00 PM,RTD,CLUZ,03LUNSOL_G01,G,8/15/2026 1:16:00 PM,8/15/2026 1:20:00 PM,MIN_OPERATING_MW,34.56,
8/15/2026 1:15:00 PM,RTD,CLUZ,03TANWIND_G01,G,8/15/2026 1:11:00 PM,8/15/2026 1:15:00 PM,MAX_OPERATING_MW,5.50,
8/15/2026 1:15:00 PM,RTD,CLUZ,03TANWIND_G01,G,8/15/2026 1:11:00 PM,8/15/2026 1:15:00 PM,MIN_OPERATING_MW,5.50,
8/15/2026 1:15:00 PM,RTD,CLUZ,03TANWIND_G01,G,8/15/2026 1:16:00 PM,8/15/2026 1:20:00 PM,MAX_OPERATING_MW,5.50,
8/15/2026 1:15:00 PM,RTD,CLUZ,03TANWIND_G01,G,8/15/2026 1:16:00 PM,8/15/2026 1:20:00 PM,MIN_OPERATING_MW,5.50,
8/15/2026 1:15:00 PM,RTD,CVIS,04ISIDROSOL_G01,G,8/15/2026 1:01:00 PM,8/15/2026 2:00:00 PM,MAX_OPERATING_MW,87.50,
8/15/2026 1:15:00 PM,RTD,CVIS,04ISIDROSOL_G01,G,8/15/2026 1:01:00 PM,8/15/2026 2:00:00 PM,MIN_OPERATING_MW,87.50,
8/15/2026 1:15:00 PM,RTD,CVIS,06SLYSOL_G02,G,8/15/2026 1:01:00 PM,8/15/2026 2:00:00 PM,MAX_OPERATING_MW,9.42,
8/15/2026 1:15:00 PM,RTD,CVIS,06SLYSOL_G02,G,8/15/2026 1:01:00 PM,8/15/2026 2:00:00 PM,MIN_OPERATING_MW,9.42,
8/15/2026 1:15:00 PM,RTD,CVIS,06SLYSOL_G03,G,8/15/2026 1:01:00 PM,8/15/2026 2:00:00 PM,MAX_OPERATING_MW,9.50,
8/15/2026 1:15:00 PM,RTD,CVIS,06SLYSOL_G03,G,8/15/2026 1:01:00 PM,8/15/2026 2:00:00 PM,MIN_OPERATING_MW,9.50,
8/15/2026 1:15:00 PM,RTD,CMIN,10IDP1_U08,G,8/15/2026 12:56:00 PM,8/15/2026 3:55:00 PM,MAX_OPERATING_MW,4.90,
8/15/2026 1:15:00 PM,RTD,CMIN,10IDP1_U08,G,8/15/2026 12:56:00 PM,8/15/2026 3:55:00 PM,MIN_OPERATING_MW,4.90,
8/15/2026 1:15:00 PM,RTD,CMIN,10LIAN_G02,G,8/15/2026,8/15/2026 11:59:00 PM,MAX_OPERATING_MW,6.60,
8/15/2026 1:15:00 PM,RTD,CMIN,10LIAN_G02,G,8/15/2026,8/15/2026 11:59:00 PM,MIN_OPERATING_MW,6.60,
8/15/2026 1:15:00 PM,RTD,CMIN,14TANTASOL_G01,G,8/15/2026 1:01:00 PM,8/15/2026 2:00:00 PM,MAX_OPERATING_MW,50,
8/15/2026 1:15:00 PM,RTD,CMIN,14TANTASOL_G01,G,8/15/2026 1:01:00 PM,8/15/2026 2:00:00 PM,MIN_OPERATING_MW,50,
8/15/2026 1:20:00 PM,RTD,CLUZ,01BALWIND_G01,G,8/15/2026 12:16:00 PM,8/16/2026,MAX_OPERATING_MW,40,
8/15/2026 1:20:00 PM,RTD,CLUZ,01BALWIND_G01,G,8/15/2026 12:16:00 PM,8/16/2026,MIN_OPERATING_MW,40,
8/15/2026 1:20:00 PM,RTD,CLUZ,01BARBASOL_G01,G,8/15/2026 1:16:00 PM,8/15/2026 1:20:00 PM,MAX_OPERATING_MW,72.81,
8/15/2026 1:20:00 PM,RTD,CLUZ,01BARBASOL_G01,G,8/15/2026 1:16:00 PM,8/15/2026 1:20:00 PM,MIN_OPERATING_MW,72.81,
8/15/2026 1:20:00 PM,RTD,CLUZ,01BARBASOL_G01,G,8/15/2026 1:21:00 PM,8/15/2026 1:25:00 PM,MAX_OPERATING_MW,72.08,
8/15/2026 1:20:00 PM,RTD,CLUZ,01BARBASOL_G01,G,8/15/2026 1:21:00 PM,8/15/2026 1:25:00 PM,MIN_OPERATING_MW,72.08,
8/15/2026 1:20:00 PM,RTD,CLUZ,01BUGSOL_G01,G,8/15/2026 1:16:00 PM,8/15/2026 1:20:00 PM,MAX_OPERATING_MW,279.60,
8/15/2026 1:20:00 PM,RTD,CLUZ,01BUGSOL_G01,G,8/15/2026 1:16:00 PM,8/15/2026 1:20:00 PM,MIN_OPERATING_MW,279.60,
8/15/2026 1:20:00 PM,RTD,CLUZ,01BUGSOL_G01,G,8/15/2026 1:21:00 PM,8/15/2026 1:25:00 PM,MAX_OPERATING_MW,276.70,
8/15/2026 1:20:00 PM,RTD,CLUZ,01BUGSOL_G01,G,8/15/2026 1:21:00 PM,8/15/2026 1:25:00 PM,MIN_OPERATING_MW,276.70,
8/15/2026 1:20:00 PM,RTD,CLUZ,01BULACSOL_G01,G,8/15/2026 1:01:00 PM,8/15/2026 2:00:00 PM,MAX_OPERATING_MW,13.47,
8/15/2026 1:20:00 PM,RTD,CLUZ,01BULACSOL_G01,G,8/15/2026 1:01:00 PM,8/15/2026 2:00:00 PM,MIN_OPERATING_MW,13.47,
8/15/2026 1:20:00 PM,RTD,CLUZ,01CONSOL_G01,G,8/15/2026 1:16:00 PM,8/15/2026 1:20:00 PM,MAX_OPERATING_MW,55.53,
8/15/2026 1:20:00 PM,RTD,CLUZ,01CONSOL_G01,G,8/15/2026 1:16:00 PM,8/15/2026 1:20:00 PM,MIN_OPERATING_MW,55.53,
8/15/2026 1:20:00 PM,RTD,CLUZ,01CONSOL_G01,G,8/15/2026 1:21:00 PM,8/15/2026 1:25:00 PM,MAX_OPERATING_MW,54.81,
8/15/2026 1:20:00 PM,RTD,CLUZ,01CONSOL_G01,G,8/15/2026 1:21:00 PM,8/15/2026 1:25:00 PM,MIN_OPERATING_MW,54.81,
8/15/2026 1:20:00 PM,RTD,CLUZ,01PASBUSOL_G01,G,8/15/2026 1:01:00 PM,8/15/2026 2:00:00 PM,MAX_OPERATING_MW,37.06,
8/15/2026 1:20:00 PM,RTD,CLUZ,01PASBUSOL_G01,G,8/15/2026 1:01:00 PM,8/15/2026 2:00:00 PM,MIN_OPERATING_MW,37.06,
8/15/2026 1:20:00 PM,RTD,CLUZ,01TERRASOL_G01,G,8/15/2026 12:41:00 PM,8/15/2026 2:00:00 PM,MAX_OPERATING_MW,300,
8/15/2026 1:20:00 PM,RTD,CLUZ,01TERRASOL_G01,G,8/15/2026 12:41:00 PM,8/15/2026 2:00:00 PM,MIN_OPERATING_MW,300,
8/15/2026 1:20:00 PM,RTD,CLUZ,03LUMBSOL_G01,G,8/15/2026 1:16:00 PM,8/15/2026 1:20:00 PM,MAX_OPERATING_MW,15,
8/15/2026 1:20:00 PM,RTD,CLUZ,03LUMBSOL_G01,G,8/15/2026 1:16:00 PM,8/15/2026 1:20:00 PM,MIN_OPERATING_MW,15,
8/15/2026 1:20:00 PM,RTD,CLUZ,03LUMBSOL_G01,G,8/15/2026 1:21:00 PM,8/15/2026 1:25:00 PM,MAX_OPERATING_MW,15,
8/15/2026 1:20:00 PM,RTD,CLUZ,03LUMBSOL_G01,G,8/15/2026 1:21:00 PM,8/15/2026 1:25:00 PM,MIN_OPERATING_MW,15,
8/15/2026 1:20:00 PM,RTD,CLUZ,03LUNSOL_G01,G,8/15/2026 1:16:00 PM,8/15/2026 1:20:00 PM,MAX_OPERATING_MW,34.56,
8/15/2026 1:20:00 PM,RTD,CLUZ,03LUNSOL_G01,G,8/15/2026 1:16:00 PM,8/15/2026 1:20:00 PM,MIN_OPERATING_MW,34.56,
8/15/2026 1:20:00 PM,RTD,CLUZ,03LUNSOL_G01,G,8/15/2026 1:21:00 PM,8/15/2026 1:25:00 PM,MAX_OPERATING_MW,34.10,
8/15/2026 1:20:00 PM,RTD,CLUZ,03LUNSOL_G01,G,8/15/2026 1:21:00 PM,8/15/2026 1:25:00 PM,MIN_OPERATING_MW,34.10,
8/15/2026 1:20:00 PM,RTD,CLUZ,03TANWIND_G01,G,8/15/2026 1:16:00 PM,8/15/2026 1:20:00 PM,MAX_OPERATING_MW,5.50,
8/15/2026 1:20:00 PM,RTD,CLUZ,03TANWIND_G01,G,8/15/2026 1:16:00 PM,8/15/2026 1:20:00 PM,MIN_OPERATING_MW,5.50,
8/15/2026 1:20:00 PM,RTD,CLUZ,03TANWIND_G01,G,8/15/2026 1:21:00 PM,8/15/2026 1:25:00 PM,MAX_OPERATING_MW,5.50,
8/15/2026 1:20:00 PM,RTD,CLUZ,03TANWIND_G01,G,8/15/2026 1:21:00 PM,8/15/2026 1:25:00 PM,MIN_OPERATING_MW,5.50,
8/15/2026 1:20:00 PM,RTD,CVIS,04ISIDROSOL_G01,G,8/15/2026 1:01:00 PM,8/15/2026 2:00:00 PM,MAX_OPERATING_MW,87.50,
8/15/2026 1:20:00 PM,RTD,CVIS,04ISIDROSOL_G01,G,8/15/2026 1:01:00 PM,8/15/2026 2:00:00 PM,MIN_OPERATING_MW,87.50,
8/15/2026 1:20:00 PM,RTD,CVIS,06SLYSOL_G02,G,8/15/2026 1:01:00 PM,8/15/2026 2:00:00 PM,MAX_OPERATING_MW,9.42,
8/15/2026 1:20:00 PM,RTD,CVIS,06SLYSOL_G02,G,8/15/2026 1:01:00 PM,8/15/2026 2:00:00 PM,MIN_OPERATING_MW,9.42,
8/15/2026 1:20:00 PM,RTD,CVIS,06SLYSOL_G03,G,8/15/2026 1:01:00 PM,8/15/2026 2:00:00 PM,MAX_OPERATING_MW,9.50,
8/15/2026 1:20:00 PM,RTD,CVIS,06SLYSOL_G03,G,8/15/2026 1:01:00 PM,8/15/2026 2:00:00 PM,MIN_OPERATING_MW,9.50,
8/15/2026 1:20:00 PM,RTD,CMIN,10IDP1_U08,G,8/15/2026 12:56:00 PM,8/15/2026 3:55:00 PM,MAX_OPERATING_MW,4.90,
8/15/2026 1:20:00 PM,RTD,CMIN,10IDP1_U08,G,8/15/2026 12:56:00 PM,8/15/2026 3:55:00 PM,MIN_OPERATING_MW,4.90,
8/15/2026 1:20:00 PM,RTD,CMIN,10LIAN_G02,G,8/15/2026,8/15/2026 11:59:00 PM,MAX_OPERATING_MW,6.60,
8/15/2026 1:20:00 PM,RTD,CMIN,10LIAN_G02,G,8/15/2026,8/15/2026 11:59:00 PM,MIN_OPERATING_MW,6.60,
8/15/2026 1:20:00 PM,RTD,CMIN,14TANTASOL_G01,G,8/15/2026 1:01:00 PM,8/15/2026 2:00:00 PM,MAX_OPERATING_MW,50,
8/15/2026 1:20:00 PM,RTD,CMIN,14TANTASOL_G01,G,8/15/2026 1:01:00 PM,8/15/2026 2:00:00 PM,MIN_OPERATING_MW,50,
8/15/2026 1:25:00 PM,RTD,CLUZ,01BALWIND_G01,G,8/15/2026 12:16:00 PM,8/16/2026,MAX_OPERATING_MW,40,
8/15/2026 1:25:00 PM,RTD,CLUZ,01BALWIND_G01,G,8/15/2026 12:16:00 PM,8/16/2026,MIN_OPERATING_MW,40,
8/15/2026 1:25:00 PM,RTD,CLUZ,01BARBASOL_G01,G,8/15/2026 1:21:00 PM,8/15/2026 1:25:00 PM,MAX_OPERATING_MW,72.08,
8/15/2026 1:25:00 PM,RTD,CLUZ,01BARBASOL_G01,G,8/15/2026 1:21:00 PM,8/15/2026 1:25:00 PM,MIN_OPERATING_MW,72.08,
8/15/2026 1:25:00 PM,RTD,CLUZ,01BARBASOL_G01,G,8/15/2026 1:26:00 PM,8/15/2026 1:30:00 PM,MAX_OPERATING_MW,71.35,
8/15/2026 1:25:00 PM,RTD,CLUZ,01BARBASOL_G01,G,8/15/2026 1:26:00 PM,8/15/2026 1:30:00 PM,MIN_OPERATING_MW,71.35,
8/15/2026 1:25:00 PM,RTD,CLUZ,01BUGSOL_G01,G,8/15/2026 1:21:00 PM,8/15/2026 1:25:00 PM,MAX_OPERATING_MW,276.70,
8/15/2026 1:25:00 PM,RTD,CLUZ,01BUGSOL_G01,G,8/15/2026 1:21:00 PM,8/15/2026 1:25:00 PM,MIN_OPERATING_MW,276.70,
8/15/2026 1:25:00 PM,RTD,CLUZ,01BUGSOL_G01,G,8/15/2026 1:26:00 PM,8/15/2026 1:30:00 PM,MAX_OPERATING_MW,270,
8/15/2026 1:25:00 PM,RTD,CLUZ,01BUGSOL_G01,G,8/15/2026 1:26:00 PM,8/15/2026 1:30:00 PM,MIN_OPERATING_MW,270,
8/15/2026 1:25:00 PM,RTD,CLUZ,01BULACSOL_G01,G,8/15/2026 1:01:00 PM,8/15/2026 2:00:00 PM,MAX_OPERATING_MW,13.47,
8/15/2026 1:25:00 PM,RTD,CLUZ,01BULACSOL_G01,G,8/15/2026 1:01:00 PM,8/15/2026 2:00:00 PM,MIN_OPERATING_MW,13.47,
8/15/2026 1:25:00 PM,RTD,CLUZ,01CONSOL_G01,G,8/15/2026 1:21:00 PM,8/15/2026 1:25:00 PM,MAX_OPERATING_MW,54.81,
8/15/2026 1:25:00 PM,RTD,CLUZ,01CONSOL_G01,G,8/15/2026 1:21:00 PM,8/15/2026 1:25:00 PM,MIN_OPERATING_MW,54.81,
8/15/2026 1:25:00 PM,RTD,CLUZ,01CONSOL_G01,G,8/15/2026 1:26:00 PM,8/15/2026 1:30:00 PM,MAX_OPERATING_MW,54.07,
8/15/2026 1:25:00 PM,RTD,CLUZ,01CONSOL_G01,G,8/15/2026 1:26:00 PM,8/15/2026 1:30:00 PM,MIN_OPERATING_MW,54.07,
8/15/2026 1:25:00 PM,RTD,CLUZ,01PASBUSOL_G01,G,8/15/2026 1:01:00 PM,8/15/2026 2:00:00 PM,MAX_OPERATING_MW,37.06,
8/15/2026 1:25:00 PM,RTD,CLUZ,01PASBUSOL_G01,G,8/15/2026 1:01:00 PM,8/15/2026 2:00:00 PM,MIN_OPERATING_MW,37.06,
8/15/2026 1:25:00 PM,RTD,CLUZ,01TERRASOL_G01,G,8/15/2026 12:41:00 PM,8/15/2026 2:00:00 PM,MAX_OPERATING_MW,300,
8/15/2026 1:25:00 PM,RTD,CLUZ,01TERRASOL_G01,G,8/15/2026 12:41:00 PM,8/15/2026 2:00:00 PM,MIN_OPERATING_MW,300,
8/15/2026 1:25:00 PM,RTD,CLUZ,03LUMBSOL_G01,G,8/15/2026 1:21:00 PM,8/15/2026 1:25:00 PM,MAX_OPERATING_MW,15,
8/15/2026 1:25:00 PM,RTD,CLUZ,03LUMBSOL_G01,G,8/15/2026 1:21:00 PM,8/15/2026 1:25:00 PM,MIN_OPERATING_MW,15,
8/15/2026 1:25:00 PM,RTD,CLUZ,03LUMBSOL_G01,G,8/15/2026 1:26:00 PM,8/15/2026 1:30:00 PM,MAX_OPERATING_MW,15,
8/15/2026 1:25:00 PM,RTD,CLUZ,03LUMBSOL_G01,G,8/15/2026 1:26:00 PM,8/15/2026 1:30:00 PM,MIN_OPERATING_MW,15,
8/15/2026 1:25:00 PM,RTD,CLUZ,03LUNSOL_G01,G,8/15/2026 1:21:00 PM,8/15/2026 1:25:00 PM,MAX_OPERATING_MW,34.10,
8/15/2026 1:25:00 PM,RTD,CLUZ,03LUNSOL_G01,G,8/15/2026 1:21:00 PM,8/15/2026 1:25:00 PM,MIN_OPERATING_MW,34.10,
8/15/2026 1:25:00 PM,RTD,CLUZ,03LUNSOL_G01,G,8/15/2026 1:26:00 PM,8/15/2026 1:30:00 PM,MAX_OPERATING_MW,33.63,
8/15/2026 1:25:00 PM,RTD,CLUZ,03LUNSOL_G01,G,8/15/2026 1:26:00 PM,8/15/2026 1:30:00 PM,MIN_OPERATING_MW,33.63,
8/15/2026 1:25:00 PM,RTD,CLUZ,03TANWIND_G01,G,8/15/2026 1:21:00 PM,8/15/2026 1:25:00 PM,MAX_OPERATING_MW,5.50,
8/15/2026 1:25:00 PM,RTD,CLUZ,03TANWIND_G01,G,8/15/2026 1:21:00 PM,8/15/2026 1:25:00 PM,MIN_OPERATING_MW,5.50,
8/15/2026 1:25:00 PM,RTD,CLUZ,03TANWIND_G01,G,8/15/2026 1:26:00 PM,8/15/2026 1:30:00 PM,MAX_OPERATING_MW,5.50,
8/15/2026 1:25:00 PM,RTD,CLUZ,03TANWIND_G01,G,8/15/2026 1:26:00 PM,8/15/2026 1:30:00 PM,MIN_OPERATING_MW,5.50,
8/15/2026 1:25:00 PM,RTD,CVIS,04ISIDROSOL_G01,G,8/15/2026 1:01:00 PM,8/15/2026 2:00:00 PM,MAX_OPERATING_MW,87.50,
8/15/2026 1:25:00 PM,RTD,CVIS,04ISIDROSOL_G01,G,8/15/2026 1:01:00 PM,8/15/2026 2:00:00 PM,MIN_OPERATING_MW,87.50,
8/15/2026 1:25:00 PM,RTD,CVIS,06SLYSOL_G02,G,8/15/2026 1:01:00 PM,8/15/2026 2:00:00 PM,MAX_OPERATING_MW,9.42,
8/15/2026 1:25:00 PM,RTD,CVIS,06SLYSOL_G02,G,8/15/2026 1:01:00 PM,8/15/2026 2:00:00 PM,MIN_OPERATING_MW,9.42,
8/15/2026 1:25:00 PM,RTD,CVIS,06SLYSOL_G03,G,8/15/2026 1:01:00 PM,8/15/2026 2:00:00 PM,MAX_OPERATING_MW,9.50,
8/15/2026 1:25:00 PM,RTD,CVIS,06SLYSOL_G03,G,8/15/2026 1:01:00 PM,8/15/2026 2:00:00 PM,MIN_OPERATING_MW,9.50,
8/15/2026 1:25:00 PM,RTD,CMIN,10IDP1_U08,G,8/15/2026 12:56:00 PM,8/15/2026 3:55:00 PM,MAX_OPERATING_MW,4.90,
8/15/2026 1:25:00 PM,RTD,CMIN,10IDP1_U08,G,8/15/2026 12:56:00 PM,8/15/2026 3:55:00 PM,MIN_OPERATING_MW,4.90,
8/15/2026 1:25:00 PM,RTD,CMIN,10LIAN_G02,G,8/15/2026,8/15/2026 11:59:00 PM,MAX_OPERATING_MW,6.60,
8/15/2026 1:25:00 PM,RTD,CMIN,10LIAN_G02,G,8/15/2026,8/15/2026 11:59:00 PM,MIN_OPERATING_MW,6.60,
8/15/2026 1:25:00 PM,RTD,CMIN,14TANTASOL_G01,G,8/15/2026 1:01:00 PM,8/15/2026 2:00:00 PM,MAX_OPERATING_MW,50,
8/15/2026 1:25:00 PM,RTD,CMIN,14TANTASOL_G01,G,8/15/2026 1:01:00 PM,8/15/2026 2:00:00 PM,MIN_OPERATING_MW,50,
8/15/2026 1:30:00 PM,RTD,CLUZ,01BALWIND_G01,G,8/15/2026 12:16:00 PM,8/16/2026,MAX_OPERATING_MW,40,
8/15/2026 1:30:00 PM,RTD,CLUZ,01BALWIND_G01,G,8/15/2026 12:16:00 PM,8/16/2026,MIN_OPERATING_MW,40,
8/15/2026 1:30:00 PM,RTD,CLUZ,01BARBASOL_G01,G,8/15/2026 1:26:00 PM,8/15/2026 1:30:00 PM,MAX_OPERATING_MW,71.35,
8/15/2026 1:30:00 PM,RTD,CLUZ,01BARBASOL_G01,G,8/15/2026 1:26:00 PM,8/15/2026 1:30:00 PM,MIN_OPERATING_MW,71.35,
8/15/2026 1:30:00 PM,RTD,CLUZ,01BARBASOL_G01,G,8/15/2026 1:31:00 PM,8/15/2026 1:35:00 PM,MAX_OPERATING_MW,70.61,
8/15/2026 1:30:00 PM,RTD,CLUZ,01BARBASOL_G01,G,8/15/2026 1:31:00 PM,8/15/2026 1:35:00 PM,MIN_OPERATING_MW,70.61,
8/15/2026 1:30:00 PM,RTD,CLUZ,01BUGSOL_G01,G,8/15/2026 1:26:00 PM,8/15/2026 1:30:00 PM,MAX_OPERATING_MW,270,
8/15/2026 1:30:00 PM,RTD,CLUZ,01BUGSOL_G01,G,8/15/2026 1:26:00 PM,8/15/2026 1:30:00 PM,MIN_OPERATING_MW,270,
8/15/2026 1:30:00 PM,RTD,CLUZ,01BUGSOL_G01,G,8/15/2026 1:31:00 PM,8/15/2026 1:35:00 PM,MAX_OPERATING_MW,250,
8/15/2026 1:30:00 PM,RTD,CLUZ,01BUGSOL_G01,G,8/15/2026 1:31:00 PM,8/15/2026 1:35:00 PM,MIN_OPERATING_MW,250,
8/15/2026 1:30:00 PM,RTD,CLUZ,01BULACSOL_G01,G,8/15/2026 1:01:00 PM,8/15/2026 2:00:00 PM,MAX_OPERATING_MW,13.47,
8/15/2026 1:30:00 PM,RTD,CLUZ,01BULACSOL_G01,G,8/15/2026 1:01:00 PM,8/15/2026 2:00:00 PM,MIN_OPERATING_MW,13.47,
8/15/2026 1:30:00 PM,RTD,CLUZ,01CONSOL_G01,G,8/15/2026 1:26:00 PM,8/15/2026 1:30:00 PM,MAX_OPERATING_MW,54.07,
8/15/2026 1:30:00 PM,RTD,CLUZ,01CONSOL_G01,G,8/15/2026 1:26:00 PM,8/15/2026 1:30:00 PM,MIN_OPERATING_MW,54.07,
8/15/2026 1:30:00 PM,RTD,CLUZ,01CONSOL_G01,G,8/15/2026 1:31:00 PM,8/15/2026 1:35:00 PM,MAX_OPERATING_MW,53.32,
8/15/2026 1:30:00 PM,RTD,CLUZ,01CONSOL_G01,G,8/15/2026 1:31:00 PM,8/15/2026 1:35:00 PM,MIN_OPERATING_MW,53.32,
8/15/2026 1:30:00 PM,RTD,CLUZ,01PASBUSOL_G01,G,8/15/2026 1:01:00 PM,8/15/2026 2:00:00 PM,MAX_OPERATING_MW,37.06,
8/15/2026 1:30:00 PM,RTD,CLUZ,01PASBUSOL_G01,G,8/15/2026 1:01:00 PM,8/15/2026 2:00:00 PM,MIN_OPERATING_MW,37.06,
8/15/2026 1:30:00 PM,RTD,CLUZ,01TERRASOL_G01,G,8/15/2026 12:41:00 PM,8/15/2026 2:00:00 PM,MAX_OPERATING_MW,300,
8/15/2026 1:30:00 PM,RTD,CLUZ,01TERRASOL_G01,G,8/15/2026 12:41:00 PM,8/15/2026 2:00:00 PM,MIN_OPERATING_MW,300,
8/15/2026 1:30:00 PM,RTD,CLUZ,03LUMBSOL_G01,G,8/15/2026 1:26:00 PM,8/15/2026 1:30:00 PM,MAX_OPERATING_MW,15,
8/15/2026 1:30:00 PM,RTD,CLUZ,03LUMBSOL_G01,G,8/15/2026 1:26:00 PM,8/15/2026 1:30:00 PM,MIN_OPERATING_MW,15,
8/15/2026 1:30:00 PM,RTD,CLUZ,03LUMBSOL_G01,G,8/15/2026 1:31:00 PM,8/15/2026 1:35:00 PM,MAX_OPERATING_MW,15,
8/15/2026 1:30:00 PM,RTD,CLUZ,03LUMBSOL_G01,G,8/15/2026 1:31:00 PM,8/15/2026 1:35:00 PM,MIN_OPERATING_MW,15,
8/15/2026 1:30:00 PM,RTD,CLUZ,03LUNSOL_G01,G,8/15/2026 1:26:00 PM,8/15/2026 1:30:00 PM,MAX_OPERATING_MW,33.63,
8/15/2026 1:30:00 PM,RTD,CLUZ,03LUNSOL_G01,G,8/15/2026 1:26:00 PM,8/15/2026 1:30:00 PM,MIN_OPERATING_MW,33.63,
8/15/2026 1:30:00 PM,RTD,CLUZ,03LUNSOL_G01,G,8/15/2026 1:31:00 PM,8/15/2026 1:35:00 PM,MAX_OPERATING_MW,33.13,
8/15/2026 1:30:00 PM,RTD,CLUZ,03LUNSOL_G01,G,8/15/2026 1:31:00 PM,8/15/2026 1:35:00 PM,MIN_OPERATING_MW,33.13,
8/15/2026 1:30:00 PM,RTD,CLUZ,03TANWIND_G01,G,8/15/2026 1:26:00 PM,8/15/2026 1:30:00 PM,MAX_OPERATING_MW,5.50,
8/15/2026 1:30:00 PM,RTD,CLUZ,03TANWIND_G01,G,8/15/2026 1:26:00 PM,8/15/2026 1:30:00 PM,MIN_OPERATING_MW,5.50,
8/15/2026 1:30:00 PM,RTD,CLUZ,03TANWIND_G01,G,8/15/2026 1:31:00 PM,8/15/2026 1:35:00 PM,MAX_OPERATING_MW,5.50,
8/15/2026 1:30:00 PM,RTD,CLUZ,03TANWIND_G01,G,8/15/2026 1:31:00 PM,8/15/2026 1:35:00 PM,MIN_OPERATING_MW,5.50,
8/15/2026 1:30:00 PM,RTD,CVIS,04ISIDROSOL_G01,G,8/15/2026 1:01:00 PM,8/15/2026 2:00:00 PM,MAX_OPERATING_MW,87.50,
8/15/2026 1:30:00 PM,RTD,CVIS,04ISIDROSOL_G01,G,8/15/2026 1:01:00 PM,8/15/2026 2:00:00 PM,MIN_OPERATING_MW,87.50,
8/15/2026 1:30:00 PM,RTD,CVIS,06SLYSOL_G02,G,8/15/2026 1:01:00 PM,8/15/2026 2:00:00 PM,MAX_OPERATING_MW,9.42,
8/15/2026 1:30:00 PM,RTD,CVIS,06SLYSOL_G02,G,8/15/2026 1:01:00 PM,8/15/2026 2:00:00 PM,MIN_OPERATING_MW,9.42,
8/15/2026 1:30:00 PM,RTD,CVIS,06SLYSOL_G03,G,8/15/2026 1:01:00 PM,8/15/2026 2:00:00 PM,MAX_OPERATING_MW,9.50,
8/15/2026 1:30:00 PM,RTD,CVIS,06SLYSOL_G03,G,8/15/2026 1:01:00 PM,8/15/2026 2:00:00 PM,MIN_OPERATING_MW,9.50,
8/15/2026 1:30:00 PM,RTD,CMIN,10IDP1_U08,G,8/15/2026 12:56:00 PM,8/15/2026 3:55:00 PM,MAX_OPERATING_MW,4.90,
8/15/2026 1:30:00 PM,RTD,CMIN,10IDP1_U08,G,8/15/2026 12:56:00 PM,8/15/2026 3:55:00 PM,MIN_OPERATING_MW,4.90,
8/15/2026 1:30:00 PM,RTD,CMIN,10LIAN_G02,G,8/15/2026,8/15/2026 11:59:00 PM,MAX_OPERATING_MW,6.60,
8/15/2026 1:30:00 PM,RTD,CMIN,10LIAN_G02,G,8/15/2026,8/15/2026 11:59:00 PM,MIN_OPERATING_MW,6.60,
8/15/2026 1:30:00 PM,RTD,CMIN,14TANTASOL_G01,G,8/15/2026 1:01:00 PM,8/15/2026 2:00:00 PM,MAX_OPERATING_MW,50,
8/15/2026 1:30:00 PM,RTD,CMIN,14TANTASOL_G01,G,8/15/2026 1:01:00 PM,8/15/2026 2:00:00 PM,MIN_OPERATING_MW,50,
8/15/2026 1:35:00 PM,RTD,CLUZ,01BALWIND_G01,G,8/15/2026 12:16:00 PM,8/16/2026,MAX_OPERATING_MW,40,
8/15/2026 1:35:00 PM,RTD,CLUZ,01BALWIND_G01,G,8/15/2026 12:16:00 PM,8/16/2026,MIN_OPERATING_MW,40,
8/15/2026 1:35:00 PM,RTD,CLUZ,01BARBASOL_G01,G,8/15/2026 1:31:00 PM,8/15/2026 1:35:00 PM,MAX_OPERATING_MW,70.61,
8/15/2026 1:35:00 PM,RTD,CLUZ,01BARBASOL_G01,G,8/15/2026 1:31:00 PM,8/15/2026 1:35:00 PM,MIN_OPERATING_MW,70.61,
8/15/2026 1:35:00 PM,RTD,CLUZ,01BARBASOL_G01,G,8/15/2026 1:36:00 PM,8/15/2026 1:40:00 PM,MAX_OPERATING_MW,69.86,
8/15/2026 1:35:00 PM,RTD,CLUZ,01BARBASOL_G01,G,8/15/2026 1:36:00 PM,8/15/2026 1:40:00 PM,MIN_OPERATING_MW,69.86,
8/15/2026 1:35:00 PM,RTD,CLUZ,01BUGSOL_G01,G,8/15/2026 1:31:00 PM,8/15/2026 1:35:00 PM,MAX_OPERATING_MW,250,
8/15/2026 1:35:00 PM,RTD,CLUZ,01BUGSOL_G01,G,8/15/2026 1:31:00 PM,8/15/2026 1:35:00 PM,MIN_OPERATING_MW,250,
8/15/2026 1:35:00 PM,RTD,CLUZ,01BUGSOL_G01,G,8/15/2026 1:36:00 PM,8/15/2026 1:40:00 PM,MAX_OPERATING_MW,250,
8/15/2026 1:35:00 PM,RTD,CLUZ,01BUGSOL_G01,G,8/15/2026 1:36:00 PM,8/15/2026 1:40:00 PM,MIN_OPERATING_MW,250,
8/15/2026 1:35:00 PM,RTD,CLUZ,01BULACSOL_G01,G,8/15/2026 1:01:00 PM,8/15/2026 2:00:00 PM,MAX_OPERATING_MW,13.47,
8/15/2026 1:35:00 PM,RTD,CLUZ,01BULACSOL_G01,G,8/15/2026 1:01:00 PM,8/15/2026 2:00:00 PM,MIN_OPERATING_MW,13.47,
8/15/2026 1:35:00 PM,RTD,CLUZ,01CONSOL_G01,G,8/15/2026 1:31:00 PM,8/15/2026 1:35:00 PM,MAX_OPERATING_MW,53.32,
8/15/2026 1:35:00 PM,RTD,CLUZ,01CONSOL_G01,G,8/15/2026 1:31:00 PM,8/15/2026 1:35:00 PM,MIN_OPERATING_MW,53.32,
8/15/2026 1:35:00 PM,RTD,CLUZ,01CONSOL_G01,G,8/15/2026 1:36:00 PM,8/15/2026 1:40:00 PM,MAX_OPERATING_MW,52.54,
8/15/2026 1:35:00 PM,RTD,CLUZ,01CONSOL_G01,G,8/15/2026 1:36:00 PM,8/15/2026 1:40:00 PM,MIN_OPERATING_MW,52.54,
8/15/2026 1:35:00 PM,RTD,CLUZ,01PASBUSOL_G01,G,8/15/2026 1:01:00 PM,8/15/2026 2:00:00 PM,MAX_OPERATING_MW,37.06,
8/15/2026 1:35:00 PM,RTD,CLUZ,01PASBUSOL_G01,G,8/15/2026 1:01:00 PM,8/15/2026 2:00:00 PM,MIN_OPERATING_MW,37.06,
8/15/2026 1:35:00 PM,RTD,CLUZ,01TERRASOL_G01,G,8/15/2026 12:41:00 PM,8/15/2026 2:00:00 PM,MAX_OPERATING_MW,300,
8/15/2026 1:35:00 PM,RTD,CLUZ,01TERRASOL_G01,G,8/15/2026 12:41:00 PM,8/15/2026 2:00:00 PM,MIN_OPERATING_MW,300,
8/15/2026 1:35:00 PM,RTD,CLUZ,03LUMBSOL_G01,G,8/15/2026 1:31:00 PM,8/15/2026 1:35:00 PM,MAX_OPERATING_MW,15,
8/15/2026 1:35:00 PM,RTD,CLUZ,03LUMBSOL_G01,G,8/15/2026 1:31:00 PM,8/15/2026 1:35:00 PM,MIN_OPERATING_MW,15,
8/15/2026 1:35:00 PM,RTD,CLUZ,03LUMBSOL_G01,G,8/15/2026 1:36:00 PM,8/15/2026 1:40:00 PM,MAX_OPERATING_MW,15,
8/15/2026 1:35:00 PM,RTD,CLUZ,03LUMBSOL_G01,G,8/15/2026 1:36:00 PM,8/15/2026 1:40:00 PM,MIN_OPERATING_MW,15,
8/15/2026 1:35:00 PM,RTD,CLUZ,03LUNSOL_G01,G,8/15/2026 1:31:00 PM,8/15/2026 1:35:00 PM,MAX_OPERATING_MW,33.13,
8/15/2026 1:35:00 PM,RTD,CLUZ,03LUNSOL_G01,G,8/15/2026 1:31:00 PM,8/15/2026 1:35:00 PM,MIN_OPERATING_MW,33.13,
8/15/2026 1:35:00 PM,RTD,CLUZ,03LUNSOL_G01,G,8/15/2026 1:36:00 PM,8/15/2026 1:40:00 PM,MAX_OPERATING_MW,32.62,
8/15/2026 1:35:00 PM,RTD,CLUZ,03LUNSOL_G01,G,8/15/2026 1:36:00 PM,8/15/2026 1:40:00 PM,MIN_OPERATING_MW,32.62,
8/15/2026 1:35:00 PM,RTD,CLUZ,03TANWIND_G01,G,8/15/2026 1:31:00 PM,8/15/2026 1:35:00 PM,MAX_OPERATING_MW,5.50,
8/15/2026 1:35:00 PM,RTD,CLUZ,03TANWIND_G01,G,8/15/2026 1:31:00 PM,8/15/2026 1:35:00 PM,MIN_OPERATING_MW,5.50,
8/15/2026 1:35:00 PM,RTD,CLUZ,03TANWIND_G01,G,8/15/2026 1:36:00 PM,8/15/2026 1:40:00 PM,MAX_OPERATING_MW,5.50,
8/15/2026 1:35:00 PM,RTD,CLUZ,03TANWIND_G01,G,8/15/2026 1:36:00 PM,8/15/2026 1:40:00 PM,MIN_OPERATING_MW,5.50,
8/15/2026 1:35:00 PM,RTD,CVIS,04ISIDROSOL_G01,G,8/15/2026 1:01:00 PM,8/15/2026 2:00:00 PM,MAX_OPERATING_MW,87.50,
8/15/2026 1:35:00 PM,RTD,CVIS,04ISIDROSOL_G01,G,8/15/2026 1:01:00 PM,8/15/2026 2:00:00 PM,MIN_OPERATING_MW,87.50,
8/15/2026 1:35:00 PM,RTD,CVIS,06SLYSOL_G02,G,8/15/2026 1:01:00 PM,8/15/2026 2:00:00 PM,MAX_OPERATING_MW,9.42,
8/15/2026 1:35:00 PM,RTD,CVIS,06SLYSOL_G02,G,8/15/2026 1:01:00 PM,8/15/2026 2:00:00 PM,MIN_OPERATING_MW,9.42,
8/15/2026 1:35:00 PM,RTD,CVIS,06SLYSOL_G03,G,8/15/2026 1:01:00 PM,8/15/2026 2:00:00 PM,MAX_OPERATING_MW,9.50,
8/15/2026 1:35:00 PM,RTD,CVIS,06SLYSOL_G03,G,8/15/2026 1:01:00 PM,8/15/2026 2:00:00 PM,MIN_OPERATING_MW,9.50,
8/15/2026 1:35:00 PM,RTD,CMIN,10IDP1_U08,G,8/15/2026 12:56:00 PM,8/15/2026 3:55:00 PM,MAX_OPERATING_MW,4.90,
8/15/2026 1:35:00 PM,RTD,CMIN,10IDP1_U08,G,8/15/2026 12:56:00 PM,8/15/2026 3:55:00 PM,MIN_OPERATING_MW,4.90,
8/15/2026 1:35:00 PM,RTD,CMIN,10LIAN_G02,G,8/15/2026,8/15/2026 11:59:00 PM,MAX_OPERATING_MW,6.60,
8/15/2026 1:35:00 PM,RTD,CMIN,10LIAN_G02,G,8/15/2026,8/15/2026 11:59:00 PM,MIN_OPERATING_MW,6.60,
8/15/2026 1:35:00 PM,RTD,CMIN,14TANTASOL_G01,G,8/15/2026 1:01:00 PM,8/15/2026 2:00:00 PM,MAX_OPERATING_MW,50,
8/15/2026 1:35:00 PM,RTD,CMIN,14TANTASOL_G01,G,8/15/2026 1:01:00 PM,8/15/2026 2:00:00 PM,MIN_OPERATING_MW,50,
8/15/2026 1:40:00 PM,RTD,CLUZ,01BALWIND_G01,G,8/15/2026 12:16:00 PM,8/16/2026,MAX_OPERATING_MW,40,
8/15/2026 1:40:00 PM,RTD,CLUZ,01BALWIND_G01,G,8/15/2026 12:16:00 PM,8/16/2026,MIN_OPERATING_MW,40,
8/15/2026 1:40:00 PM,RTD,CLUZ,01BARBASOL_G01,G,8/15/2026 1:36:00 PM,8/15/2026 1:40:00 PM,MAX_OPERATING_MW,69.86,
8/15/2026 1:40:00 PM,RTD,CLUZ,01BARBASOL_G01,G,8/15/2026 1:36:00 PM,8/15/2026 1:40:00 PM,MIN_OPERATING_MW,69.86,
8/15/2026 1:40:00 PM,RTD,CLUZ,01BARBASOL_G01,G,8/15/2026 1:41:00 PM,8/15/2026 1:45:00 PM,MAX_OPERATING_MW,69.09,
8/15/2026 1:40:00 PM,RTD,CLUZ,01BARBASOL_G01,G,8/15/2026 1:41:00 PM,8/15/2026 1:45:00 PM,MIN_OPERATING_MW,69.09,
8/15/2026 1:40:00 PM,RTD,CLUZ,01BUGSOL_G01,G,8/15/2026 1:36:00 PM,8/15/2026 1:40:00 PM,MAX_OPERATING_MW,250,
8/15/2026 1:40:00 PM,RTD,CLUZ,01BUGSOL_G01,G,8/15/2026 1:36:00 PM,8/15/2026 1:40:00 PM,MIN_OPERATING_MW,250,
8/15/2026 1:40:00 PM,RTD,CLUZ,01BUGSOL_G01,G,8/15/2026 1:41:00 PM,8/15/2026 1:45:00 PM,MAX_OPERATING_MW,250,
8/15/2026 1:40:00 PM,RTD,CLUZ,01BUGSOL_G01,G,8/15/2026 1:41:00 PM,8/15/2026 1:45:00 PM,MIN_OPERATING_MW,250,
8/15/2026 1:40:00 PM,RTD,CLUZ,01BULACSOL_G01,G,8/15/2026 1:01:00 PM,8/15/2026 2:00:00 PM,MAX_OPERATING_MW,13.47,
8/15/2026 1:40:00 PM,RTD,CLUZ,01BULACSOL_G01,G,8/15/2026 1:01:00 PM,8/15/2026 2:00:00 PM,MIN_OPERATING_MW,13.47,
8/15/2026 1:40:00 PM,RTD,CLUZ,01CONSOL_G01,G,8/15/2026 1:36:00 PM,8/15/2026 1:40:00 PM,MAX_OPERATING_MW,52.54,
8/15/2026 1:40:00 PM,RTD,CLUZ,01CONSOL_G01,G,8/15/2026 1:36:00 PM,8/15/2026 1:40:00 PM,MIN_OPERATING_MW,52.54,
8/15/2026 1:40:00 PM,RTD,CLUZ,01CONSOL_G01,G,8/15/2026 1:41:00 PM,8/15/2026 1:45:00 PM,MAX_OPERATING_MW,51.75,
8/15/2026 1:40:00 PM,RTD,CLUZ,01CONSOL_G01,G,8/15/2026 1:41:00 PM,8/15/2026 1:45:00 PM,MIN_OPERATING_MW,51.75,
8/15/2026 1:40:00 PM,RTD,CLUZ,01PASBUSOL_G01,G,8/15/2026 1:01:00 PM,8/15/2026 2:00:00 PM,MAX_OPERATING_MW,37.06,
8/15/2026 1:40:00 PM,RTD,CLUZ,01PASBUSOL_G01,G,8/15/2026 1:01:00 PM,8/15/2026 2:00:00 PM,MIN_OPERATING_MW,37.06,
8/15/2026 1:40:00 PM,RTD,CLUZ,01TERRASOL_G01,G,8/15/2026 12:41:00 PM,8/15/2026 2:00:00 PM,MAX_OPERATING_MW,300,
8/15/2026 1:40:00 PM,RTD,CLUZ,01TERRASOL_G01,G,8/15/2026 12:41:00 PM,8/15/2026 2:00:00 PM,MIN_OPERATING_MW,300,
8/15/2026 1:40:00 PM,RTD,CLUZ,03LUMBSOL_G01,G,8/15/2026 1:36:00 PM,8/15/2026 1:40:00 PM,MAX_OPERATING_MW,15,
8/15/2026 1:40:00 PM,RTD,CLUZ,03LUMBSOL_G01,G,8/15/2026 1:36:00 PM,8/15/2026 1:40:00 PM,MIN_OPERATING_MW,15,
8/15/2026 1:40:00 PM,RTD,CLUZ,03LUMBSOL_G01,G,8/15/2026 1:41:00 PM,8/15/2026 1:45:00 PM,MAX_OPERATING_MW,15,
8/15/2026 1:40:00 PM,RTD,CLUZ,03LUMBSOL_G01,G,8/15/2026 1:41:00 PM,8/15/2026 1:45:00 PM,MIN_OPERATING_MW,15,
8/15/2026 1:40:00 PM,RTD,CLUZ,03LUNSOL_G01,G,8/15/2026 1:36:00 PM,8/15/2026 1:40:00 PM,MAX_OPERATING_MW,32.62,
8/15/2026 1:40:00 PM,RTD,CLUZ,03LUNSOL_G01,G,8/15/2026 1:36:00 PM,8/15/2026 1:40:00 PM,MIN_OPERATING_MW,32.62,
8/15/2026 1:40:00 PM,RTD,CLUZ,03LUNSOL_G01,G,8/15/2026 1:41:00 PM,8/15/2026 1:45:00 PM,MAX_OPERATING_MW,32.11,
8/15/2026 1:40:00 PM,RTD,CLUZ,03LUNSOL_G01,G,8/15/2026 1:41:00 PM,8/15/2026 1:45:00 PM,MIN_OPERATING_MW,32.11,
8/15/2026 1:40:00 PM,RTD,CLUZ,03TANWIND_G01,G,8/15/2026 1:36:00 PM,8/15/2026 1:40:00 PM,MAX_OPERATING_MW,5.50,
8/15/2026 1:40:00 PM,RTD,CLUZ,03TANWIND_G01,G,8/15/2026 1:36:00 PM,8/15/2026 1:40:00 PM,MIN_OPERATING_MW,5.50,
8/15/2026 1:40:00 PM,RTD,CLUZ,03TANWIND_G01,G,8/15/2026 1:41:00 PM,8/15/2026 1:45:00 PM,MAX_OPERATING_MW,5.50,
8/15/2026 1:40:00 PM,RTD,CLUZ,03TANWIND_G01,G,8/15/2026 1:41:00 PM,8/15/2026 1:45:00 PM,MIN_OPERATING_MW,5.50,
8/15/2026 1:40:00 PM,RTD,CVIS,04ISIDROSOL_G01,G,8/15/2026 1:01:00 PM,8/15/2026 2:00:00 PM,MAX_OPERATING_MW,87.50,
8/15/2026 1:40:00 PM,RTD,CVIS,04ISIDROSOL_G01,G,8/15/2026 1:01:00 PM,8/15/2026 2:00:00 PM,MIN_OPERATING_MW,87.50,
8/15/2026 1:40:00 PM,RTD,CVIS,06SLYSOL_G02,G,8/15/2026 1:01:00 PM,8/15/2026 2:00:00 PM,MAX_OPERATING_MW,9.42,
8/15/2026 1:40:00 PM,RTD,CVIS,06SLYSOL_G02,G,8/15/2026 1:01:00 PM,8/15/2026 2:00:00 PM,MIN_OPERATING_MW,9.42,
8/15/2026 1:40:00 PM,RTD,CVIS,06SLYSOL_G03,G,8/15/2026 1:01:00 PM,8/15/2026 2:00:00 PM,MAX_OPERATING_MW,9.50,
8/15/2026 1:40:00 PM,RTD,CVIS,06SLYSOL_G03,G,8/15/2026 1:01:00 PM,8/15/2026 2:00:00 PM,MIN_OPERATING_MW,9.50,
8/15/2026 1:40:00 PM,RTD,CMIN,10IDP1_U08,G,8/15/2026 12:56:00 PM,8/15/2026 3:55:00 PM,MAX_OPERATING_MW,4.90,
8/15/2026 1:40:00 PM,RTD,CMIN,10IDP1_U08,G,8/15/2026 12:56:00 PM,8/15/2026 3:55:00 PM,MIN_OPERATING_MW,4.90,
8/15/2026 1:40:00 PM,RTD,CMIN,10LIAN_G02,G,8/15/2026,8/15/2026 11:59:00 PM,MAX_OPERATING_MW,6.60,
8/15/2026 1:40:00 PM,RTD,CMIN,10LIAN_G02,G,8/15/2026,8/15/2026 11:59:00 PM,MIN_OPERATING_MW,6.60,
8/15/2026 1:40:00 PM,RTD,CMIN,14TANTASOL_G01,G,8/15/2026 1:01:00 PM,8/15/2026 2:00:00 PM,MAX_OPERATING_MW,50,
8/15/2026 1:40:00 PM,RTD,CMIN,14TANTASOL_G01,G,8/15/2026 1:01:00 PM,8/15/2026 2:00:00 PM,MIN_OPERATING_MW,50,
8/15/2026 1:45:00 PM,RTD,CLUZ,01BALWIND_G01,G,8/15/2026 12:16:00 PM,8/16/2026,MAX_OPERATING_MW,40,
8/15/2026 1:45:00 PM,RTD,CLUZ,01BALWIND_G01,G,8/15/2026 12:16:00 PM,8/16/2026,MIN_OPERATING_MW,40,
8/15/2026 1:45:00 PM,RTD,CLUZ,01BARBASOL_G01,G,8/15/2026 1:41:00 PM,8/15/2026 1:45:00 PM,MAX_OPERATING_MW,69.09,
8/15/2026 1:45:00 PM,RTD,CLUZ,01BARBASOL_G01,G,8/15/2026 1:41:00 PM,8/15/2026 1:45:00 PM,MIN_OPERATING_MW,69.09,
8/15/2026 1:45:00 PM,RTD,CLUZ,01BARBASOL_G01,G,8/15/2026 1:46:00 PM,8/15/2026 1:50:00 PM,MAX_OPERATING_MW,68.29,
8/15/2026 1:45:00 PM,RTD,CLUZ,01BARBASOL_G01,G,8/15/2026 1:46:00 PM,8/15/2026 1:50:00 PM,MIN_OPERATING_MW,68.29,
8/15/2026 1:45:00 PM,RTD,CLUZ,01BUGSOL_G01,G,8/15/2026 1:41:00 PM,8/15/2026 1:45:00 PM,MAX_OPERATING_MW,250,
8/15/2026 1:45:00 PM,RTD,CLUZ,01BUGSOL_G01,G,8/15/2026 1:41:00 PM,8/15/2026 1:45:00 PM,MIN_OPERATING_MW,250,
8/15/2026 1:45:00 PM,RTD,CLUZ,01BUGSOL_G01,G,8/15/2026 1:46:00 PM,8/15/2026 1:50:00 PM,MAX_OPERATING_MW,250,
8/15/2026 1:45:00 PM,RTD,CLUZ,01BUGSOL_G01,G,8/15/2026 1:46:00 PM,8/15/2026 1:50:00 PM,MIN_OPERATING_MW,250,
8/15/2026 1:45:00 PM,RTD,CLUZ,01BULACSOL_G01,G,8/15/2026 1:01:00 PM,8/15/2026 2:00:00 PM,MAX_OPERATING_MW,13.47,
8/15/2026 1:45:00 PM,RTD,CLUZ,01BULACSOL_G01,G,8/15/2026 1:01:00 PM,8/15/2026 2:00:00 PM,MIN_OPERATING_MW,13.47,
8/15/2026 1:45:00 PM,RTD,CLUZ,01CONSOL_G01,G,8/15/2026 1:41:00 PM,8/15/2026 1:45:00 PM,MAX_OPERATING_MW,51.75,
8/15/2026 1:45:00 PM,RTD,CLUZ,01CONSOL_G01,G,8/15/2026 1:41:00 PM,8/15/2026 1:45:00 PM,MIN_OPERATING_MW,51.75,
8/15/2026 1:45:00 PM,RTD,CLUZ,01CONSOL_G01,G,8/15/2026 1:46:00 PM,8/15/2026 1:50:00 PM,MAX_OPERATING_MW,50.82,
8/15/2026 1:45:00 PM,RTD,CLUZ,01CONSOL_G01,G,8/15/2026 1:46:00 PM,8/15/2026 1:50:00 PM,MIN_OPERATING_MW,50.82,
8/15/2026 1:45:00 PM,RTD,CLUZ,01PASBUSOL_G01,G,8/15/2026 1:01:00 PM,8/15/2026 2:00:00 PM,MAX_OPERATING_MW,37.06,
8/15/2026 1:45:00 PM,RTD,CLUZ,01PASBUSOL_G01,G,8/15/2026 1:01:00 PM,8/15/2026 2:00:00 PM,MIN_OPERATING_MW,37.06,
8/15/2026 1:45:00 PM,RTD,CLUZ,01TERRASOL_G01,G,8/15/2026 12:41:00 PM,8/15/2026 2:00:00 PM,MAX_OPERATING_MW,300,
8/15/2026 1:45:00 PM,RTD,CLUZ,01TERRASOL_G01,G,8/15/2026 12:41:00 PM,8/15/2026 2:00:00 PM,MIN_OPERATING_MW,300,
8/15/2026 1:45:00 PM,RTD,CLUZ,03LUMBSOL_G01,G,8/15/2026 1:41:00 PM,8/15/2026 1:45:00 PM,MAX_OPERATING_MW,15,
8/15/2026 1:45:00 PM,RTD,CLUZ,03LUMBSOL_G01,G,8/15/2026 1:41:00 PM,8/15/2026 1:45:00 PM,MIN_OPERATING_MW,15,
8/15/2026 1:45:00 PM,RTD,CLUZ,03LUMBSOL_G01,G,8/15/2026 1:46:00 PM,8/15/2026 1:50:00 PM,MAX_OPERATING_MW,15,
8/15/2026 1:45:00 PM,RTD,CLUZ,03LUMBSOL_G01,G,8/15/2026 1:46:00 PM,8/15/2026 1:50:00 PM,MIN_OPERATING_MW,15,
8/15/2026 1:45:00 PM,RTD,CLUZ,03LUNSOL_G01,G,8/15/2026 1:41:00 PM,8/15/2026 1:45:00 PM,MAX_OPERATING_MW,32.11,
8/15/2026 1:45:00 PM,RTD,CLUZ,03LUNSOL_G01,G,8/15/2026 1:41:00 PM,8/15/2026 1:45:00 PM,MIN_OPERATING_MW,32.11,
8/15/2026 1:45:00 PM,RTD,CLUZ,03LUNSOL_G01,G,8/15/2026 1:46:00 PM,8/15/2026 1:50:00 PM,MAX_OPERATING_MW,31.59,
8/15/2026 1:45:00 PM,RTD,CLUZ,03LUNSOL_G01,G,8/15/2026 1:46:00 PM,8/15/2026 1:50:00 PM,MIN_OPERATING_MW,31.59,
8/15/2026 1:45:00 PM,RTD,CLUZ,03TANWIND_G01,G,8/15/2026 1:41:00 PM,8/15/2026 1:45:00 PM,MAX_OPERATING_MW,5.50,
8/15/2026 1:45:00 PM,RTD,CLUZ,03TANWIND_G01,G,8/15/2026 1:41:00 PM,8/15/2026 1:45:00 PM,MIN_OPERATING_MW,5.50,
8/15/2026 1:45:00 PM,RTD,CLUZ,03TANWIND_G01,G,8/15/2026 1:46:00 PM,8/15/2026 1:50:00 PM,MAX_OPERATING_MW,5.50,
8/15/2026 1:45:00 PM,RTD,CLUZ,03TANWIND_G01,G,8/15/2026 1:46:00 PM,8/15/2026 1:50:00 PM,MIN_OPERATING_MW,5.50,
8/15/2026 1:45:00 PM,RTD,CVIS,04ISIDROSOL_G01,G,8/15/2026 1:01:00 PM,8/15/2026 2:00:00 PM,MAX_OPERATING_MW,87.50,
8/15/2026 1:45:00 PM,RTD,CVIS,04ISIDROSOL_G01,G,8/15/2026 1:01:00 PM,8/15/2026 2:00:00 PM,MIN_OPERATING_MW,87.50,
8/15/2026 1:45:00 PM,RTD,CVIS,06SLYSOL_G02,G,8/15/2026 1:01:00 PM,8/15/2026 2:00:00 PM,MAX_OPERATING_MW,9.42,
8/15/2026 1:45:00 PM,RTD,CVIS,06SLYSOL_G02,G,8/15/2026 1:01:00 PM,8/15/2026 2:00:00 PM,MIN_OPERATING_MW,9.42,
8/15/2026 1:45:00 PM,RTD,CVIS,06SLYSOL_G03,G,8/15/2026 1:01:00 PM,8/15/2026 2:00:00 PM,MAX_OPERATING_MW,9.50,
8/15/2026 1:45:00 PM,RTD,CVIS,06SLYSOL_G03,G,8/15/2026 1:01:00 PM,8/15/2026 2:00:00 PM,MIN_OPERATING_MW,9.50,
8/15/2026 1:45:00 PM,RTD,CMIN,10IDP1_U08,G,8/15/2026 12:56:00 PM,8/15/2026 3:55:00 PM,MAX_OPERATING_MW,4.90,
8/15/2026 1:45:00 PM,RTD,CMIN,10IDP1_U08,G,8/15/2026 12:56:00 PM,8/15/2026 3:55:00 PM,MIN_OPERATING_MW,4.90,
8/15/2026 1:45:00 PM,RTD,CMIN,10LIAN_G02,G,8/15/2026,8/15/2026 11:59:00 PM,MAX_OPERATING_MW,6.60,
8/15/2026 1:45:00 PM,RTD,CMIN,10LIAN_G02,G,8/15/2026,8/15/2026 11:59:00 PM,MIN_OPERATING_MW,6.60,
8/15/2026 1:45:00 PM,RTD,CMIN,14TANTASOL_G01,G,8/15/2026 1:01:00 PM,8/15/2026 2:00:00 PM,MAX_OPERATING_MW,50,
8/15/2026 1:45:00 PM,RTD,CMIN,14TANTASOL_G01,G,8/15/2026 1:01:00 PM,8/15/2026 2:00:00 PM,MIN_OPERATING_MW,50,
8/15/2026 1:50:00 PM,RTD,CLUZ,01BALWIND_G01,G,8/15/2026 12:16:00 PM,8/16/2026,MAX_OPERATING_MW,40,
8/15/2026 1:50:00 PM,RTD,CLUZ,01BALWIND_G01,G,8/15/2026 12:16:00 PM,8/16/2026,MIN_OPERATING_MW,40,
8/15/2026 1:50:00 PM,RTD,CLUZ,01BARBASOL_G01,G,8/15/2026 1:46:00 PM,8/15/2026 1:50:00 PM,MAX_OPERATING_MW,68.29,
8/15/2026 1:50:00 PM,RTD,CLUZ,01BARBASOL_G01,G,8/15/2026 1:46:00 PM,8/15/2026 1:50:00 PM,MIN_OPERATING_MW,68.29,
8/15/2026 1:50:00 PM,RTD,CLUZ,01BARBASOL_G01,G,8/15/2026 1:51:00 PM,8/15/2026 1:55:00 PM,MAX_OPERATING_MW,67.46,
8/15/2026 1:50:00 PM,RTD,CLUZ,01BARBASOL_G01,G,8/15/2026 1:51:00 PM,8/15/2026 1:55:00 PM,MIN_OPERATING_MW,67.46,
8/15/2026 1:50:00 PM,RTD,CLUZ,01BUGSOL_G01,G,8/15/2026 1:46:00 PM,8/15/2026 1:50:00 PM,MAX_OPERATING_MW,250,
8/15/2026 1:50:00 PM,RTD,CLUZ,01BUGSOL_G01,G,8/15/2026 1:46:00 PM,8/15/2026 1:50:00 PM,MIN_OPERATING_MW,250,
8/15/2026 1:50:00 PM,RTD,CLUZ,01BUGSOL_G01,G,8/15/2026 1:51:00 PM,8/15/2026 1:55:00 PM,MAX_OPERATING_MW,250,
8/15/2026 1:50:00 PM,RTD,CLUZ,01BUGSOL_G01,G,8/15/2026 1:51:00 PM,8/15/2026 1:55:00 PM,MIN_OPERATING_MW,250,
8/15/2026 1:50:00 PM,RTD,CLUZ,01BULACSOL_G01,G,8/15/2026 1:01:00 PM,8/15/2026 2:00:00 PM,MAX_OPERATING_MW,13.47,
8/15/2026 1:50:00 PM,RTD,CLUZ,01BULACSOL_G01,G,8/15/2026 1:01:00 PM,8/15/2026 2:00:00 PM,MIN_OPERATING_MW,13.47,
8/15/2026 1:50:00 PM,RTD,CLUZ,01CONSOL_G01,G,8/15/2026 1:46:00 PM,8/15/2026 1:50:00 PM,MAX_OPERATING_MW,50.82,
8/15/2026 1:50:00 PM,RTD,CLUZ,01CONSOL_G01,G,8/15/2026 1:46:00 PM,8/15/2026 1:50:00 PM,MIN_OPERATING_MW,50.82,
8/15/2026 1:50:00 PM,RTD,CLUZ,01CONSOL_G01,G,8/15/2026 1:51:00 PM,8/15/2026 1:55:00 PM,MAX_OPERATING_MW,49.63,
8/15/2026 1:50:00 PM,RTD,CLUZ,01CONSOL_G01,G,8/15/2026 1:51:00 PM,8/15/2026 1:55:00 PM,MIN_OPERATING_MW,49.63,
8/15/2026 1:50:00 PM,RTD,CLUZ,01PASBUSOL_G01,G,8/15/2026 1:01:00 PM,8/15/2026 2:00:00 PM,MAX_OPERATING_MW,37.06,
8/15/2026 1:50:00 PM,RTD,CLUZ,01PASBUSOL_G01,G,8/15/2026 1:01:00 PM,8/15/2026 2:00:00 PM,MIN_OPERATING_MW,37.06,
8/15/2026 1:50:00 PM,RTD,CLUZ,01TERRASOL_G01,G,8/15/2026 12:41:00 PM,8/15/2026 2:00:00 PM,MAX_OPERATING_MW,300,
8/15/2026 1:50:00 PM,RTD,CLUZ,01TERRASOL_G01,G,8/15/2026 12:41:00 PM,8/15/2026 2:00:00 PM,MIN_OPERATING_MW,300,
8/15/2026 1:50:00 PM,RTD,CLUZ,03LUMBSOL_G01,G,8/15/2026 1:46:00 PM,8/15/2026 1:50:00 PM,MAX_OPERATING_MW,15,
8/15/2026 1:50:00 PM,RTD,CLUZ,03LUMBSOL_G01,G,8/15/2026 1:46:00 PM,8/15/2026 1:50:00 PM,MIN_OPERATING_MW,15,
8/15/2026 1:50:00 PM,RTD,CLUZ,03LUMBSOL_G01,G,8/15/2026 1:51:00 PM,8/15/2026 1:55:00 PM,MAX_OPERATING_MW,15,
8/15/2026 1:50:00 PM,RTD,CLUZ,03LUMBSOL_G01,G,8/15/2026 1:51:00 PM,8/15/2026 1:55:00 PM,MIN_OPERATING_MW,15,
8/15/2026 1:50:00 PM,RTD,CLUZ,03LUNSOL_G01,G,8/15/2026 1:46:00 PM,8/15/2026 1:50:00 PM,MAX_OPERATING_MW,31.59,
8/15/2026 1:50:00 PM,RTD,CLUZ,03LUNSOL_G01,G,8/15/2026 1:46:00 PM,8/15/2026 1:50:00 PM,MIN_OPERATING_MW,31.59,
8/15/2026 1:50:00 PM,RTD,CLUZ,03LUNSOL_G01,G,8/15/2026 1:51:00 PM,8/15/2026 1:55:00 PM,MAX_OPERATING_MW,31.08,
8/15/2026 1:50:00 PM,RTD,CLUZ,03LUNSOL_G01,G,8/15/2026 1:51:00 PM,8/15/2026 1:55:00 PM,MIN_OPERATING_MW,31.08,
8/15/2026 1:50:00 PM,RTD,CLUZ,03TANWIND_G01,G,8/15/2026 1:46:00 PM,8/15/2026 1:50:00 PM,MAX_OPERATING_MW,5.50,
8/15/2026 1:50:00 PM,RTD,CLUZ,03TANWIND_G01,G,8/15/2026 1:46:00 PM,8/15/2026 1:50:00 PM,MIN_OPERATING_MW,5.50,
8/15/2026 1:50:00 PM,RTD,CLUZ,03TANWIND_G01,G,8/15/2026 1:51:00 PM,8/15/2026 1:55:00 PM,MAX_OPERATING_MW,5.50,
8/15/2026 1:50:00 PM,RTD,CLUZ,03TANWIND_G01,G,8/15/2026 1:51:00 PM,8/15/2026 1:55:00 PM,MIN_OPERATING_MW,5.50,
8/15/2026 1:50:00 PM,RTD,CVIS,04ISIDROSOL_G01,G,8/15/2026 1:01:00 PM,8/15/2026 2:00:00 PM,MAX_OPERATING_MW,87.50,
8/15/2026 1:50:00 PM,RTD,CVIS,04ISIDROSOL_G01,G,8/15/2026 1:01:00 PM,8/15/2026 2:00:00 PM,MIN_OPERATING_MW,87.50,
8/15/2026 1:50:00 PM,RTD,CVIS,06SLYSOL_G02,G,8/15/2026 1:01:00 PM,8/15/2026 2:00:00 PM,MAX_OPERATING_MW,9.42,
8/15/2026 1:50:00 PM,RTD,CVIS,06SLYSOL_G02,G,8/15/2026 1:01:00 PM,8/15/2026 2:00:00 PM,MIN_OPERATING_MW,9.42,
8/15/2026 1:50:00 PM,RTD,CVIS,06SLYSOL_G03,G,8/15/2026 1:01:00 PM,8/15/2026 2:00:00 PM,MAX_OPERATING_MW,9.50,
8/15/2026 1:50:00 PM,RTD,CVIS,06SLYSOL_G03,G,8/15/2026 1:01:00 PM,8/15/2026 2:00:00 PM,MIN_OPERATING_MW,9.50,
8/15/2026 1:50:00 PM,RTD,CMIN,10IDP1_U08,G,8/15/2026 12:56:00 PM,8/15/2026 3:55:00 PM,MAX_OPERATING_MW,4.90,
8/15/2026 1:50:00 PM,RTD,CMIN,10IDP1_U08,G,8/15/2026 12:56:00 PM,8/15/2026 3:55:00 PM,MIN_OPERATING_MW,4.90,
8/15/2026 1:50:00 PM,RTD,CMIN,10LIAN_G02,G,8/15/2026,8/15/2026 11:59:00 PM,MAX_OPERATING_MW,6.60,
8/15/2026 1:50:00 PM,RTD,CMIN,10LIAN_G02,G,8/15/2026,8/15/2026 11:59:00 PM,MIN_OPERATING_MW,6.60,
8/15/2026 1:50:00 PM,RTD,CMIN,14TANTASOL_G01,G,8/15/2026 1:01:00 PM,8/15/2026 2:00:00 PM,MAX_OPERATING_MW,50,
8/15/2026 1:50:00 PM,RTD,CMIN,14TANTASOL_G01,G,8/15/2026 1:01:00 PM,8/15/2026 2:00:00 PM,MIN_OPERATING_MW,50,
8/15/2026 1:55:00 PM,RTD,CLUZ,01BALWIND_G01,G,8/15/2026 12:16:00 PM,8/16/2026,MAX_OPERATING_MW,40,
8/15/2026 1:55:00 PM,RTD,CLUZ,01BALWIND_G01,G,8/15/2026 12:16:00 PM,8/16/2026,MIN_OPERATING_MW,40,
8/15/2026 1:55:00 PM,RTD,CLUZ,01BARBASOL_G01,G,8/15/2026 1:51:00 PM,8/15/2026 1:55:00 PM,MAX_OPERATING_MW,67.46,
8/15/2026 1:55:00 PM,RTD,CLUZ,01BARBASOL_G01,G,8/15/2026 1:51:00 PM,8/15/2026 1:55:00 PM,MIN_OPERATING_MW,67.46,
8/15/2026 1:55:00 PM,RTD,CLUZ,01BARBASOL_G01,G,8/15/2026 1:56:00 PM,8/15/2026 2:00:00 PM,MAX_OPERATING_MW,66.60,
8/15/2026 1:55:00 PM,RTD,CLUZ,01BARBASOL_G01,G,8/15/2026 1:56:00 PM,8/15/2026 2:00:00 PM,MIN_OPERATING_MW,66.60,
8/15/2026 1:55:00 PM,RTD,CLUZ,01BUGSOL_G01,G,8/15/2026 1:51:00 PM,8/15/2026 1:55:00 PM,MAX_OPERATING_MW,250,
8/15/2026 1:55:00 PM,RTD,CLUZ,01BUGSOL_G01,G,8/15/2026 1:51:00 PM,8/15/2026 1:55:00 PM,MIN_OPERATING_MW,250,
8/15/2026 1:55:00 PM,RTD,CLUZ,01BUGSOL_G01,G,8/15/2026 1:56:00 PM,8/15/2026 2:00:00 PM,MAX_OPERATING_MW,250,
8/15/2026 1:55:00 PM,RTD,CLUZ,01BUGSOL_G01,G,8/15/2026 1:56:00 PM,8/15/2026 2:00:00 PM,MIN_OPERATING_MW,250,
8/15/2026 1:55:00 PM,RTD,CLUZ,01BULACSOL_G01,G,8/15/2026 1:01:00 PM,8/15/2026 2:00:00 PM,MAX_OPERATING_MW,13.47,
8/15/2026 1:55:00 PM,RTD,CLUZ,01BULACSOL_G01,G,8/15/2026 1:01:00 PM,8/15/2026 2:00:00 PM,MIN_OPERATING_MW,13.47,
8/15/2026 1:55:00 PM,RTD,CLUZ,01CONSOL_G01,G,8/15/2026 1:51:00 PM,8/15/2026 1:55:00 PM,MAX_OPERATING_MW,49.63,
8/15/2026 1:55:00 PM,RTD,CLUZ,01CONSOL_G01,G,8/15/2026 1:51:00 PM,8/15/2026 1:55:00 PM,MIN_OPERATING_MW,49.63,
8/15/2026 1:55:00 PM,RTD,CLUZ,01CONSOL_G01,G,8/15/2026 1:56:00 PM,8/15/2026 2:00:00 PM,MAX_OPERATING_MW,48.42,
8/15/2026 1:55:00 PM,RTD,CLUZ,01CONSOL_G01,G,8/15/2026 1:56:00 PM,8/15/2026 2:00:00 PM,MIN_OPERATING_MW,48.42,
8/15/2026 1:55:00 PM,RTD,CLUZ,01PASBUSOL_G01,G,8/15/2026 1:01:00 PM,8/15/2026 2:00:00 PM,MAX_OPERATING_MW,37.06,
8/15/2026 1:55:00 PM,RTD,CLUZ,01PASBUSOL_G01,G,8/15/2026 1:01:00 PM,8/15/2026 2:00:00 PM,MIN_OPERATING_MW,37.06,
8/15/2026 1:55:00 PM,RTD,CLUZ,01TERRASOL_G01,G,8/15/2026 12:41:00 PM,8/15/2026 2:00:00 PM,MAX_OPERATING_MW,300,
8/15/2026 1:55:00 PM,RTD,CLUZ,01TERRASOL_G01,G,8/15/2026 12:41:00 PM,8/15/2026 2:00:00 PM,MIN_OPERATING_MW,300,
8/15/2026 1:55:00 PM,RTD,CLUZ,03LUMBSOL_G01,G,8/15/2026 1:51:00 PM,8/15/2026 1:55:00 PM,MAX_OPERATING_MW,15,
8/15/2026 1:55:00 PM,RTD,CLUZ,03LUMBSOL_G01,G,8/15/2026 1:51:00 PM,8/15/2026 1:55:00 PM,MIN_OPERATING_MW,15,
8/15/2026 1:55:00 PM,RTD,CLUZ,03LUMBSOL_G01,G,8/15/2026 1:56:00 PM,8/15/2026 2:00:00 PM,MAX_OPERATING_MW,15,
8/15/2026 1:55:00 PM,RTD,CLUZ,03LUMBSOL_G01,G,8/15/2026 1:56:00 PM,8/15/2026 2:00:00 PM,MIN_OPERATING_MW,15,
8/15/2026 1:55:00 PM,RTD,CLUZ,03LUNSOL_G01,G,8/15/2026 1:51:00 PM,8/15/2026 1:55:00 PM,MAX_OPERATING_MW,31.08,
8/15/2026 1:55:00 PM,RTD,CLUZ,03LUNSOL_G01,G,8/15/2026 1:51:00 PM,8/15/2026 1:55:00 PM,MIN_OPERATING_MW,31.08,
8/15/2026 1:55:00 PM,RTD,CLUZ,03LUNSOL_G01,G,8/15/2026 1:56:00 PM,8/15/2026 2:00:00 PM,MAX_OPERATING_MW,30.57,
8/15/2026 1:55:00 PM,RTD,CLUZ,03LUNSOL_G01,G,8/15/2026 1:56:00 PM,8/15/2026 2:00:00 PM,MIN_OPERATING_MW,30.57,
8/15/2026 1:55:00 PM,RTD,CLUZ,03TANWIND_G01,G,8/15/2026 1:51:00 PM,8/15/2026 1:55:00 PM,MAX_OPERATING_MW,5.50,
8/15/2026 1:55:00 PM,RTD,CLUZ,03TANWIND_G01,G,8/15/2026 1:51:00 PM,8/15/2026 1:55:00 PM,MIN_OPERATING_MW,5.50,
8/15/2026 1:55:00 PM,RTD,CLUZ,03TANWIND_G01,G,8/15/2026 1:56:00 PM,8/15/2026 2:00:00 PM,MAX_OPERATING_MW,5.50,
8/15/2026 1:55:00 PM,RTD,CLUZ,03TANWIND_G01,G,8/15/2026 1:56:00 PM,8/15/2026 2:00:00 PM,MIN_OPERATING_MW,5.50,
8/15/2026 1:55:00 PM,RTD,CVIS,04ISIDROSOL_G01,G,8/15/2026 1:01:00 PM,8/15/2026 2:00:00 PM,MAX_OPERATING_MW,87.50,
8/15/2026 1:55:00 PM,RTD,CVIS,04ISIDROSOL_G01,G,8/15/2026 1:01:00 PM,8/15/2026 2:00:00 PM,MIN_OPERATING_MW,87.50,
8/15/2026 1:55:00 PM,RTD,CVIS,06SLYSOL_G02,G,8/15/2026 1:01:00 PM,8/15/2026 2:00:00 PM,MAX_OPERATING_MW,9.42,
8/15/2026 1:55:00 PM,RTD,CVIS,06SLYSOL_G02,G,8/15/2026 1:01:00 PM,8/15/2026 2:00:00 PM,MIN_OPERATING_MW,9.42,
8/15/2026 1:55:00 PM,RTD,CVIS,06SLYSOL_G03,G,8/15/2026 1:01:00 PM,8/15/2026 2:00:00 PM,MAX_OPERATING_MW,9.50,
8/15/2026 1:55:00 PM,RTD,CVIS,06SLYSOL_G03,G,8/15/2026 1:01:00 PM,8/15/2026 2:00:00 PM,MIN_OPERATING_MW,9.50,
8/15/2026 1:55:00 PM,RTD,CMIN,10IDP1_U08,G,8/15/2026 12:56:00 PM,8/15/2026 3:55:00 PM,MAX_OPERATING_MW,4.90,
8/15/2026 1:55:00 PM,RTD,CMIN,10IDP1_U08,G,8/15/2026 12:56:00 PM,8/15/2026 3:55:00 PM,MIN_OPERATING_MW,4.90,
8/15/2026 1:55:00 PM,RTD,CMIN,10LIAN_G02,G,8/15/2026,8/15/2026 11:59:00 PM,MAX_OPERATING_MW,6.60,
8/15/2026 1:55:00 PM,RTD,CMIN,10LIAN_G02,G,8/15/2026,8/15/2026 11:59:00 PM,MIN_OPERATING_MW,6.60,
8/15/2026 1:55:00 PM,RTD,CMIN,14TANTASOL_G01,G,8/15/2026 1:01:00 PM,8/15/2026 2:00:00 PM,MAX_OPERATING_MW,50,
8/15/2026 1:55:00 PM,RTD,CMIN,14TANTASOL_G01,G,8/15/2026 1:01:00 PM,8/15/2026 2:00:00 PM,MIN_OPERATING_MW,50,
8/15/2026 2:00:00 PM,RTD,CLUZ,01BALWIND_G01,G,8/15/2026 12:16:00 PM,8/16/2026,MAX_OPERATING_MW,40,
8/15/2026 2:00:00 PM,RTD,CLUZ,01BALWIND_G01,G,8/15/2026 12:16:00 PM,8/16/2026,MIN_OPERATING_MW,40,
8/15/2026 2:00:00 PM,RTD,CLUZ,01BARBASOL_G01,G,8/15/2026 1:56:00 PM,8/15/2026 2:00:00 PM,MAX_OPERATING_MW,66.60,
8/15/2026 2:00:00 PM,RTD,CLUZ,01BARBASOL_G01,G,8/15/2026 1:56:00 PM,8/15/2026 2:00:00 PM,MIN_OPERATING_MW,66.60,
8/15/2026 2:00:00 PM,RTD,CLUZ,01BARBASOL_G01,G,8/15/2026 2:01:00 PM,8/15/2026 2:05:00 PM,MAX_OPERATING_MW,65.68,
8/15/2026 2:00:00 PM,RTD,CLUZ,01BARBASOL_G01,G,8/15/2026 2:01:00 PM,8/15/2026 2:05:00 PM,MIN_OPERATING_MW,65.68,
8/15/2026 2:00:00 PM,RTD,CLUZ,01BUGSOL_G01,G,8/15/2026 1:56:00 PM,8/15/2026 2:00:00 PM,MAX_OPERATING_MW,250,
8/15/2026 2:00:00 PM,RTD,CLUZ,01BUGSOL_G01,G,8/15/2026 1:56:00 PM,8/15/2026 2:00:00 PM,MIN_OPERATING_MW,250,
8/15/2026 2:00:00 PM,RTD,CLUZ,01BUGSOL_G01,G,8/15/2026 2:01:00 PM,8/15/2026 2:05:00 PM,MAX_OPERATING_MW,143.20,
8/15/2026 2:00:00 PM,RTD,CLUZ,01BUGSOL_G01,G,8/15/2026 2:01:00 PM,8/15/2026 2:05:00 PM,MIN_OPERATING_MW,143.20,
8/15/2026 2:00:00 PM,RTD,CLUZ,01BULACSOL_G01,G,8/15/2026 1:01:00 PM,8/15/2026 2:00:00 PM,MAX_OPERATING_MW,13.47,
8/15/2026 2:00:00 PM,RTD,CLUZ,01BULACSOL_G01,G,8/15/2026 1:01:00 PM,8/15/2026 2:00:00 PM,MIN_OPERATING_MW,13.47,
8/15/2026 2:00:00 PM,RTD,CLUZ,01BULACSOL_G01,G,8/15/2026 2:01:00 PM,8/15/2026 3:00:00 PM,MAX_OPERATING_MW,11.52,
8/15/2026 2:00:00 PM,RTD,CLUZ,01BULACSOL_G01,G,8/15/2026 2:01:00 PM,8/15/2026 3:00:00 PM,MIN_OPERATING_MW,11.52,
8/15/2026 2:00:00 PM,RTD,CLUZ,01CONSOL_G01,G,8/15/2026 1:56:00 PM,8/15/2026 2:00:00 PM,MAX_OPERATING_MW,48.42,
8/15/2026 2:00:00 PM,RTD,CLUZ,01CONSOL_G01,G,8/15/2026 1:56:00 PM,8/15/2026 2:00:00 PM,MIN_OPERATING_MW,48.42,
8/15/2026 2:00:00 PM,RTD,CLUZ,01CONSOL_G01,G,8/15/2026 2:01:00 PM,8/15/2026 2:05:00 PM,MAX_OPERATING_MW,47.63,
8/15/2026 2:00:00 PM,RTD,CLUZ,01CONSOL_G01,G,8/15/2026 2:01:00 PM,8/15/2026 2:05:00 PM,MIN_OPERATING_MW,47.63,
8/15/2026 2:00:00 PM,RTD,CLUZ,01PASBUSOL_G01,G,8/15/2026 1:01:00 PM,8/15/2026 2:00:00 PM,MAX_OPERATING_MW,37.06,
8/15/2026 2:00:00 PM,RTD,CLUZ,01PASBUSOL_G01,G,8/15/2026 1:01:00 PM,8/15/2026 2:00:00 PM,MIN_OPERATING_MW,37.06,
8/15/2026 2:00:00 PM,RTD,CLUZ,01PASBUSOL_G01,G,8/15/2026 2:01:00 PM,8/15/2026 3:00:00 PM,MAX_OPERATING_MW,31.15,
8/15/2026 2:00:00 PM,RTD,CLUZ,01PASBUSOL_G01,G,8/15/2026 2:01:00 PM,8/15/2026 3:00:00 PM,MIN_OPERATING_MW,31.15,
8/15/2026 2:00:00 PM,RTD,CLUZ,01TERRASOL_G01,G,8/15/2026 12:41:00 PM,8/15/2026 2:00:00 PM,MAX_OPERATING_MW,300,
8/15/2026 2:00:00 PM,RTD,CLUZ,01TERRASOL_G01,G,8/15/2026 12:41:00 PM,8/15/2026 2:00:00 PM,MIN_OPERATING_MW,300,
8/15/2026 2:00:00 PM,RTD,CLUZ,01TERRASOL_G01,G,8/15/2026 2:01:00 PM,8/15/2026 2:05:00 PM,MAX_OPERATING_MW,400,
8/15/2026 2:00:00 PM,RTD,CLUZ,01TERRASOL_G01,G,8/15/2026 2:01:00 PM,8/15/2026 2:05:00 PM,MIN_OPERATING_MW,400,
8/15/2026 2:00:00 PM,RTD,CLUZ,03LUMBSOL_G01,G,8/15/2026 1:56:00 PM,8/15/2026 2:00:00 PM,MAX_OPERATING_MW,15,
8/15/2026 2:00:00 PM,RTD,CLUZ,03LUMBSOL_G01,G,8/15/2026 1:56:00 PM,8/15/2026 2:00:00 PM,MIN_OPERATING_MW,15,
8/15/2026 2:00:00 PM,RTD,CLUZ,03LUMBSOL_G01,G,8/15/2026 2:01:00 PM,8/15/2026 2:05:00 PM,MAX_OPERATING_MW,15,
8/15/2026 2:00:00 PM,RTD,CLUZ,03LUMBSOL_G01,G,8/15/2026 2:01:00 PM,8/15/2026 2:05:00 PM,MIN_OPERATING_MW,15,
8/15/2026 2:00:00 PM,RTD,CLUZ,03LUNSOL_G01,G,8/15/2026 1:56:00 PM,8/15/2026 2:00:00 PM,MAX_OPERATING_MW,30.57,
8/15/2026 2:00:00 PM,RTD,CLUZ,03LUNSOL_G01,G,8/15/2026 1:56:00 PM,8/15/2026 2:00:00 PM,MIN_OPERATING_MW,30.57,
8/15/2026 2:00:00 PM,RTD,CLUZ,03LUNSOL_G01,G,8/15/2026 2:01:00 PM,8/15/2026 2:05:00 PM,MAX_OPERATING_MW,30.05,
8/15/2026 2:00:00 PM,RTD,CLUZ,03LUNSOL_G01,G,8/15/2026 2:01:00 PM,8/15/2026 2:05:00 PM,MIN_OPERATING_MW,30.05,
8/15/2026 2:00:00 PM,RTD,CLUZ,03TANWIND_G01,G,8/15/2026 1:56:00 PM,8/15/2026 2:00:00 PM,MAX_OPERATING_MW,5.50,
8/15/2026 2:00:00 PM,RTD,CLUZ,03TANWIND_G01,G,8/15/2026 1:56:00 PM,8/15/2026 2:00:00 PM,MIN_OPERATING_MW,5.50,
8/15/2026 2:00:00 PM,RTD,CLUZ,03TANWIND_G01,G,8/15/2026 2:01:00 PM,8/15/2026 2:05:00 PM,MAX_OPERATING_MW,5.20,
8/15/2026 2:00:00 PM,RTD,CLUZ,03TANWIND_G01,G,8/15/2026 2:01:00 PM,8/15/2026 2:05:00 PM,MIN_OPERATING_MW,5.20,
8/15/2026 2:00:00 PM,RTD,CVIS,04ISIDROSOL_G01,G,8/15/2026 1:01:00 PM,8/15/2026 2:00:00 PM,MAX_OPERATING_MW,87.50,
8/15/2026 2:00:00 PM,RTD,CVIS,04ISIDROSOL_G01,G,8/15/2026 1:01:00 PM,8/15/2026 2:00:00 PM,MIN_OPERATING_MW,87.50,
8/15/2026 2:00:00 PM,RTD,CVIS,04ISIDROSOL_G01,G,8/15/2026 2:01:00 PM,8/15/2026 3:00:00 PM,MAX_OPERATING_MW,72,
8/15/2026 2:00:00 PM,RTD,CVIS,04ISIDROSOL_G01,G,8/15/2026 2:01:00 PM,8/15/2026 3:00:00 PM,MIN_OPERATING_MW,72,
8/15/2026 2:00:00 PM,RTD,CVIS,06SLYSOL_G02,G,8/15/2026 1:01:00 PM,8/15/2026 2:00:00 PM,MAX_OPERATING_MW,9.42,
8/15/2026 2:00:00 PM,RTD,CVIS,06SLYSOL_G02,G,8/15/2026 1:01:00 PM,8/15/2026 2:00:00 PM,MIN_OPERATING_MW,9.42,
8/15/2026 2:00:00 PM,RTD,CVIS,06SLYSOL_G02,G,8/15/2026 2:01:00 PM,8/15/2026 3:00:00 PM,MAX_OPERATING_MW,9.65,
8/15/2026 2:00:00 PM,RTD,CVIS,06SLYSOL_G02,G,8/15/2026 2:01:00 PM,8/15/2026 3:00:00 PM,MIN_OPERATING_MW,9.65,
8/15/2026 2:00:00 PM,RTD,CVIS,06SLYSOL_G03,G,8/15/2026 1:01:00 PM,8/15/2026 2:00:00 PM,MAX_OPERATING_MW,9.50,
8/15/2026 2:00:00 PM,RTD,CVIS,06SLYSOL_G03,G,8/15/2026 1:01:00 PM,8/15/2026 2:00:00 PM,MIN_OPERATING_MW,9.50,
8/15/2026 2:00:00 PM,RTD,CVIS,06SLYSOL_G03,G,8/15/2026 2:01:00 PM,8/15/2026 3:00:00 PM,MAX_OPERATING_MW,9.53,
8/15/2026 2:00:00 PM,RTD,CVIS,06SLYSOL_G03,G,8/15/2026 2:01:00 PM,8/15/2026 3:00:00 PM,MIN_OPERATING_MW,9.53,
8/15/2026 2:00:00 PM,RTD,CMIN,10IDP1_U08,G,8/15/2026 12:56:00 PM,8/15/2026 3:55:00 PM,MAX_OPERATING_MW,4.90,
8/15/2026 2:00:00 PM,RTD,CMIN,10IDP1_U08,G,8/15/2026 12:56:00 PM,8/15/2026 3:55:00 PM,MIN_OPERATING_MW,4.90,
8/15/2026 2:00:00 PM,RTD,CMIN,10LIAN_G02,G,8/15/2026,8/15/2026 11:59:00 PM,MAX_OPERATING_MW,6.60,
8/15/2026 2:00:00 PM,RTD,CMIN,10LIAN_G02,G,8/15/2026,8/15/2026 11:59:00 PM,MIN_OPERATING_MW,6.60,
8/15/2026 2:00:00 PM,RTD,CMIN,14TANTASOL_G01,G,8/15/2026 1:01:00 PM,8/15/2026 2:00:00 PM,MAX_OPERATING_MW,50,
8/15/2026 2:00:00 PM,RTD,CMIN,14TANTASOL_G01,G,8/15/2026 1:01:00 PM,8/15/2026 2:00:00 PM,MIN_OPERATING_MW,50,
8/15/2026 2:00:00 PM,RTD,CMIN,14TANTASOL_G01,G,8/15/2026 2:01:00 PM,8/15/2026 3:00:00 PM,MAX_OPERATING_MW,45,
8/15/2026 2:00:00 PM,RTD,CMIN,14TANTASOL_G01,G,8/15/2026 2:01:00 PM,8/15/2026 3:00:00 PM,MIN_OPERATING_MW,45,
8/15/2026 2:05:00 PM,RTD,CLUZ,01BALWIND_G01,G,8/15/2026 12:16:00 PM,8/16/2026,MAX_OPERATING_MW,40,
8/15/2026 2:05:00 PM,RTD,CLUZ,01BALWIND_G01,G,8/15/2026 12:16:00 PM,8/16/2026,MIN_OPERATING_MW,40,
8/15/2026 2:05:00 PM,RTD,CLUZ,01BARBASOL_G01,G,8/15/2026 2:01:00 PM,8/15/2026 2:05:00 PM,MAX_OPERATING_MW,65.68,
8/15/2026 2:05:00 PM,RTD,CLUZ,01BARBASOL_G01,G,8/15/2026 2:01:00 PM,8/15/2026 2:05:00 PM,MIN_OPERATING_MW,65.68,
8/15/2026 2:05:00 PM,RTD,CLUZ,01BARBASOL_G01,G,8/15/2026 2:06:00 PM,8/15/2026 2:10:00 PM,MAX_OPERATING_MW,64.73,
8/15/2026 2:05:00 PM,RTD,CLUZ,01BARBASOL_G01,G,8/15/2026 2:06:00 PM,8/15/2026 2:10:00 PM,MIN_OPERATING_MW,64.73,
8/15/2026 2:05:00 PM,RTD,CLUZ,01BUGSOL_G01,G,8/15/2026 2:01:00 PM,8/15/2026 2:05:00 PM,MAX_OPERATING_MW,143.20,
8/15/2026 2:05:00 PM,RTD,CLUZ,01BUGSOL_G01,G,8/15/2026 2:01:00 PM,8/15/2026 2:05:00 PM,MIN_OPERATING_MW,143.20,
8/15/2026 2:05:00 PM,RTD,CLUZ,01BUGSOL_G01,G,8/15/2026 2:06:00 PM,8/15/2026 2:10:00 PM,MAX_OPERATING_MW,144.70,
8/15/2026 2:05:00 PM,RTD,CLUZ,01BUGSOL_G01,G,8/15/2026 2:06:00 PM,8/15/2026 2:10:00 PM,MIN_OPERATING_MW,144.70,
8/15/2026 2:05:00 PM,RTD,CLUZ,01BULACSOL_G01,G,8/15/2026 2:01:00 PM,8/15/2026 3:00:00 PM,MAX_OPERATING_MW,11.52,
8/15/2026 2:05:00 PM,RTD,CLUZ,01BULACSOL_G01,G,8/15/2026 2:01:00 PM,8/15/2026 3:00:00 PM,MIN_OPERATING_MW,11.52,
8/15/2026 2:05:00 PM,RTD,CLUZ,01CONSOL_G01,G,8/15/2026 2:01:00 PM,8/15/2026 2:05:00 PM,MAX_OPERATING_MW,47.63,
8/15/2026 2:05:00 PM,RTD,CLUZ,01CONSOL_G01,G,8/15/2026 2:01:00 PM,8/15/2026 2:05:00 PM,MIN_OPERATING_MW,47.63,
8/15/2026 2:05:00 PM,RTD,CLUZ,01CONSOL_G01,G,8/15/2026 2:06:00 PM,8/15/2026 2:10:00 PM,MAX_OPERATING_MW,47.28,
8/15/2026 2:05:00 PM,RTD,CLUZ,01CONSOL_G01,G,8/15/2026 2:06:00 PM,8/15/2026 2:10:00 PM,MIN_OPERATING_MW,47.28,
8/15/2026 2:05:00 PM,RTD,CLUZ,01PASBUSOL_G01,G,8/15/2026 2:01:00 PM,8/15/2026 3:00:00 PM,MAX_OPERATING_MW,31.15,
8/15/2026 2:05:00 PM,RTD,CLUZ,01PASBUSOL_G01,G,8/15/2026 2:01:00 PM,8/15/2026 3:00:00 PM,MIN_OPERATING_MW,31.15,
8/15/2026 2:05:00 PM,RTD,CLUZ,01TERRASOL_G01,G,8/15/2026 2:01:00 PM,8/15/2026 2:05:00 PM,MAX_OPERATING_MW,400,
8/15/2026 2:05:00 PM,RTD,CLUZ,01TERRASOL_G01,G,8/15/2026 2:01:00 PM,8/15/2026 2:05:00 PM,MIN_OPERATING_MW,400,
8/15/2026 2:05:00 PM,RTD,CLUZ,01TERRASOL_G01,G,8/15/2026 2:06:00 PM,8/15/2026 2:10:00 PM,MAX_OPERATING_MW,450,
8/15/2026 2:05:00 PM,RTD,CLUZ,01TERRASOL_G01,G,8/15/2026 2:06:00 PM,8/15/2026 2:10:00 PM,MIN_OPERATING_MW,450,
8/15/2026 2:05:00 PM,RTD,CLUZ,03LUMBSOL_G01,G,8/15/2026 2:01:00 PM,8/15/2026 2:05:00 PM,MAX_OPERATING_MW,15,
8/15/2026 2:05:00 PM,RTD,CLUZ,03LUMBSOL_G01,G,8/15/2026 2:01:00 PM,8/15/2026 2:05:00 PM,MIN_OPERATING_MW,15,
8/15/2026 2:05:00 PM,RTD,CLUZ,03LUMBSOL_G01,G,8/15/2026 2:06:00 PM,8/15/2026 2:10:00 PM,MAX_OPERATING_MW,15,
8/15/2026 2:05:00 PM,RTD,CLUZ,03LUMBSOL_G01,G,8/15/2026 2:06:00 PM,8/15/2026 2:10:00 PM,MIN_OPERATING_MW,15,
8/15/2026 2:05:00 PM,RTD,CLUZ,03LUNSOL_G01,G,8/15/2026 2:01:00 PM,8/15/2026 2:05:00 PM,MAX_OPERATING_MW,30.05,
8/15/2026 2:05:00 PM,RTD,CLUZ,03LUNSOL_G01,G,8/15/2026 2:01:00 PM,8/15/2026 2:05:00 PM,MIN_OPERATING_MW,30.05,
8/15/2026 2:05:00 PM,RTD,CLUZ,03LUNSOL_G01,G,8/15/2026 2:06:00 PM,8/15/2026 2:10:00 PM,MAX_OPERATING_MW,29.53,
8/15/2026 2:05:00 PM,RTD,CLUZ,03LUNSOL_G01,G,8/15/2026 2:06:00 PM,8/15/2026 2:10:00 PM,MIN_OPERATING_MW,29.53,
8/15/2026 2:05:00 PM,RTD,CLUZ,03TANWIND_G01,G,8/15/2026 2:01:00 PM,8/15/2026 2:05:00 PM,MAX_OPERATING_MW,5.20,
8/15/2026 2:05:00 PM,RTD,CLUZ,03TANWIND_G01,G,8/15/2026 2:01:00 PM,8/15/2026 2:05:00 PM,MIN_OPERATING_MW,5.20,
8/15/2026 2:05:00 PM,RTD,CLUZ,03TANWIND_G01,G,8/15/2026 2:06:00 PM,8/15/2026 2:10:00 PM,MAX_OPERATING_MW,5.20,
8/15/2026 2:05:00 PM,RTD,CLUZ,03TANWIND_G01,G,8/15/2026 2:06:00 PM,8/15/2026 2:10:00 PM,MIN_OPERATING_MW,5.20,
8/15/2026 2:05:00 PM,RTD,CVIS,04ISIDROSOL_G01,G,8/15/2026 2:01:00 PM,8/15/2026 3:00:00 PM,MAX_OPERATING_MW,72,
8/15/2026 2:05:00 PM,RTD,CVIS,04ISIDROSOL_G01,G,8/15/2026 2:01:00 PM,8/15/2026 3:00:00 PM,MIN_OPERATING_MW,72,
8/15/2026 2:05:00 PM,RTD,CVIS,06SLYSOL_G02,G,8/15/2026 2:01:00 PM,8/15/2026 3:00:00 PM,MAX_OPERATING_MW,9.65,
8/15/2026 2:05:00 PM,RTD,CVIS,06SLYSOL_G02,G,8/15/2026 2:01:00 PM,8/15/2026 3:00:00 PM,MIN_OPERATING_MW,9.65,
8/15/2026 2:05:00 PM,RTD,CVIS,06SLYSOL_G03,G,8/15/2026 2:01:00 PM,8/15/2026 3:00:00 PM,MAX_OPERATING_MW,9.53,
8/15/2026 2:05:00 PM,RTD,CVIS,06SLYSOL_G03,G,8/15/2026 2:01:00 PM,8/15/2026 3:00:00 PM,MIN_OPERATING_MW,9.53,
8/15/2026 2:05:00 PM,RTD,CMIN,10IDP1_U08,G,8/15/2026 12:56:00 PM,8/15/2026 3:55:00 PM,MAX_OPERATING_MW,4.90,
8/15/2026 2:05:00 PM,RTD,CMIN,10IDP1_U08,G,8/15/2026 12:56:00 PM,8/15/2026 3:55:00 PM,MIN_OPERATING_MW,4.90,
8/15/2026 2:05:00 PM,RTD,CMIN,10LIAN_G02,G,8/15/2026,8/15/2026 11:59:00 PM,MAX_OPERATING_MW,6.60,
8/15/2026 2:05:00 PM,RTD,CMIN,10LIAN_G02,G,8/15/2026,8/15/2026 11:59:00 PM,MIN_OPERATING_MW,6.60,
8/15/2026 2:05:00 PM,RTD,CMIN,14TANTASOL_G01,G,8/15/2026 2:01:00 PM,8/15/2026 3:00:00 PM,MAX_OPERATING_MW,45,
8/15/2026 2:05:00 PM,RTD,CMIN,14TANTASOL_G01,G,8/15/2026 2:01:00 PM,8/15/2026 3:00:00 PM,MIN_OPERATING_MW,45,
8/15/2026 2:10:00 PM,RTD,CLUZ,01BALWIND_G01,G,8/15/2026 12:16:00 PM,8/16/2026,MAX_OPERATING_MW,40,
8/15/2026 2:10:00 PM,RTD,CLUZ,01BALWIND_G01,G,8/15/2026 12:16:00 PM,8/16/2026,MIN_OPERATING_MW,40,
8/15/2026 2:10:00 PM,RTD,CLUZ,01BARBASOL_G01,G,8/15/2026 2:06:00 PM,8/15/2026 2:10:00 PM,MAX_OPERATING_MW,64.73,
8/15/2026 2:10:00 PM,RTD,CLUZ,01BARBASOL_G01,G,8/15/2026 2:06:00 PM,8/15/2026 2:10:00 PM,MIN_OPERATING_MW,64.73,
8/15/2026 2:10:00 PM,RTD,CLUZ,01BARBASOL_G01,G,8/15/2026 2:11:00 PM,8/15/2026 2:15:00 PM,MAX_OPERATING_MW,63.78,
8/15/2026 2:10:00 PM,RTD,CLUZ,01BARBASOL_G01,G,8/15/2026 2:11:00 PM,8/15/2026 2:15:00 PM,MIN_OPERATING_MW,63.78,
8/15/2026 2:10:00 PM,RTD,CLUZ,01BUGSOL_G01,G,8/15/2026 2:06:00 PM,8/15/2026 2:10:00 PM,MAX_OPERATING_MW,144.70,
8/15/2026 2:10:00 PM,RTD,CLUZ,01BUGSOL_G01,G,8/15/2026 2:06:00 PM,8/15/2026 2:10:00 PM,MIN_OPERATING_MW,144.70,
8/15/2026 2:10:00 PM,RTD,CLUZ,01BUGSOL_G01,G,8/15/2026 2:11:00 PM,8/15/2026 2:15:00 PM,MAX_OPERATING_MW,123.60,
8/15/2026 2:10:00 PM,RTD,CLUZ,01BUGSOL_G01,G,8/15/2026 2:11:00 PM,8/15/2026 2:15:00 PM,MIN_OPERATING_MW,123.60,
8/15/2026 2:10:00 PM,RTD,CLUZ,01BULACSOL_G01,G,8/15/2026 2:01:00 PM,8/15/2026 3:00:00 PM,MAX_OPERATING_MW,11.52,
8/15/2026 2:10:00 PM,RTD,CLUZ,01BULACSOL_G01,G,8/15/2026 2:01:00 PM,8/15/2026 3:00:00 PM,MIN_OPERATING_MW,11.52,
8/15/2026 2:10:00 PM,RTD,CLUZ,01CONSOL_G01,G,8/15/2026 2:06:00 PM,8/15/2026 2:10:00 PM,MAX_OPERATING_MW,47.28,
8/15/2026 2:10:00 PM,RTD,CLUZ,01CONSOL_G01,G,8/15/2026 2:06:00 PM,8/15/2026 2:10:00 PM,MIN_OPERATING_MW,47.28,
8/15/2026 2:10:00 PM,RTD,CLUZ,01CONSOL_G01,G,8/15/2026 2:11:00 PM,8/15/2026 2:15:00 PM,MAX_OPERATING_MW,46.92,
8/15/2026 2:10:00 PM,RTD,CLUZ,01CONSOL_G01,G,8/15/2026 2:11:00 PM,8/15/2026 2:15:00 PM,MIN_OPERATING_MW,46.92,
8/15/2026 2:10:00 PM,RTD,CLUZ,01PASBUSOL_G01,G,8/15/2026 2:01:00 PM,8/15/2026 3:00:00 PM,MAX_OPERATING_MW,31.15,
8/15/2026 2:10:00 PM,RTD,CLUZ,01PASBUSOL_G01,G,8/15/2026 2:01:00 PM,8/15/2026 3:00:00 PM,MIN_OPERATING_MW,31.15,
8/15/2026 2:10:00 PM,RTD,CLUZ,01TERRASOL_G01,G,8/15/2026 2:06:00 PM,8/15/2026 2:10:00 PM,MAX_OPERATING_MW,450,
8/15/2026 2:10:00 PM,RTD,CLUZ,01TERRASOL_G01,G,8/15/2026 2:06:00 PM,8/15/2026 2:10:00 PM,MIN_OPERATING_MW,450,
8/15/2026 2:10:00 PM,RTD,CLUZ,01TERRASOL_G01,G,8/15/2026 2:11:00 PM,8/15/2026 3:00:00 PM,MAX_OPERATING_MW,530.20,
8/15/2026 2:10:00 PM,RTD,CLUZ,01TERRASOL_G01,G,8/15/2026 2:11:00 PM,8/15/2026 3:00:00 PM,MIN_OPERATING_MW,530.20,
8/15/2026 2:10:00 PM,RTD,CLUZ,03LUMBSOL_G01,G,8/15/2026 2:06:00 PM,8/15/2026 2:10:00 PM,MAX_OPERATING_MW,15,
8/15/2026 2:10:00 PM,RTD,CLUZ,03LUMBSOL_G01,G,8/15/2026 2:06:00 PM,8/15/2026 2:10:00 PM,MIN_OPERATING_MW,15,
8/15/2026 2:10:00 PM,RTD,CLUZ,03LUMBSOL_G01,G,8/15/2026 2:11:00 PM,8/15/2026 2:15:00 PM,MAX_OPERATING_MW,15,
8/15/2026 2:10:00 PM,RTD,CLUZ,03LUMBSOL_G01,G,8/15/2026 2:11:00 PM,8/15/2026 2:15:00 PM,MIN_OPERATING_MW,15,
8/15/2026 2:10:00 PM,RTD,CLUZ,03LUNSOL_G01,G,8/15/2026 2:06:00 PM,8/15/2026 2:10:00 PM,MAX_OPERATING_MW,29.53,
8/15/2026 2:10:00 PM,RTD,CLUZ,03LUNSOL_G01,G,8/15/2026 2:06:00 PM,8/15/2026 2:10:00 PM,MIN_OPERATING_MW,29.53,
8/15/2026 2:10:00 PM,RTD,CLUZ,03LUNSOL_G01,G,8/15/2026 2:11:00 PM,8/15/2026 2:15:00 PM,MAX_OPERATING_MW,29,
8/15/2026 2:10:00 PM,RTD,CLUZ,03LUNSOL_G01,G,8/15/2026 2:11:00 PM,8/15/2026 2:15:00 PM,MIN_OPERATING_MW,29,
8/15/2026 2:10:00 PM,RTD,CLUZ,03TANWIND_G01,G,8/15/2026 2:06:00 PM,8/15/2026 2:10:00 PM,MAX_OPERATING_MW,5.20,
8/15/2026 2:10:00 PM,RTD,CLUZ,03TANWIND_G01,G,8/15/2026 2:06:00 PM,8/15/2026 2:10:00 PM,MIN_OPERATING_MW,5.20,
8/15/2026 2:10:00 PM,RTD,CLUZ,03TANWIND_G01,G,8/15/2026 2:11:00 PM,8/15/2026 2:15:00 PM,MAX_OPERATING_MW,5.20,
8/15/2026 2:10:00 PM,RTD,CLUZ,03TANWIND_G01,G,8/15/2026 2:11:00 PM,8/15/2026 2:15:00 PM,MIN_OPERATING_MW,5.20,
8/15/2026 2:10:00 PM,RTD,CVIS,04ISIDROSOL_G01,G,8/15/2026 2:01:00 PM,8/15/2026 3:00:00 PM,MAX_OPERATING_MW,72,
8/15/2026 2:10:00 PM,RTD,CVIS,04ISIDROSOL_G01,G,8/15/2026 2:01:00 PM,8/15/2026 3:00:00 PM,MIN_OPERATING_MW,72,
8/15/2026 2:10:00 PM,RTD,CVIS,06SLYSOL_G02,G,8/15/2026 2:01:00 PM,8/15/2026 3:00:00 PM,MAX_OPERATING_MW,9.65,
8/15/2026 2:10:00 PM,RTD,CVIS,06SLYSOL_G02,G,8/15/2026 2:01:00 PM,8/15/2026 3:00:00 PM,MIN_OPERATING_MW,9.65,
8/15/2026 2:10:00 PM,RTD,CVIS,06SLYSOL_G03,G,8/15/2026 2:01:00 PM,8/15/2026 3:00:00 PM,MAX_OPERATING_MW,9.53,
8/15/2026 2:10:00 PM,RTD,CVIS,06SLYSOL_G03,G,8/15/2026 2:01:00 PM,8/15/2026 3:00:00 PM,MIN_OPERATING_MW,9.53,
8/15/2026 2:10:00 PM,RTD,CMIN,10IDP1_U08,G,8/15/2026 12:56:00 PM,8/15/2026 3:55:00 PM,MAX_OPERATING_MW,4.90,
8/15/2026 2:10:00 PM,RTD,CMIN,10IDP1_U08,G,8/15/2026 12:56:00 PM,8/15/2026 3:55:00 PM,MIN_OPERATING_MW,4.90,
8/15/2026 2:10:00 PM,RTD,CMIN,10LIAN_G02,G,8/15/2026,8/15/2026 11:59:00 PM,MAX_OPERATING_MW,6.60,
8/15/2026 2:10:00 PM,RTD,CMIN,10LIAN_G02,G,8/15/2026,8/15/2026 11:59:00 PM,MIN_OPERATING_MW,6.60,
8/15/2026 2:10:00 PM,RTD,CMIN,14TANTASOL_G01,G,8/15/2026 2:01:00 PM,8/15/2026 3:00:00 PM,MAX_OPERATING_MW,45,
8/15/2026 2:10:00 PM,RTD,CMIN,14TANTASOL_G01,G,8/15/2026 2:01:00 PM,8/15/2026 3:00:00 PM,MIN_OPERATING_MW,45,
8/15/2026 2:15:00 PM,RTD,CLUZ,01BALWIND_G01,G,8/15/2026 12:16:00 PM,8/16/2026,MAX_OPERATING_MW,40,
8/15/2026 2:15:00 PM,RTD,CLUZ,01BALWIND_G01,G,8/15/2026 12:16:00 PM,8/16/2026,MIN_OPERATING_MW,40,
8/15/2026 2:15:00 PM,RTD,CLUZ,01BARBASOL_G01,G,8/15/2026 2:11:00 PM,8/15/2026 2:15:00 PM,MAX_OPERATING_MW,63.78,
8/15/2026 2:15:00 PM,RTD,CLUZ,01BARBASOL_G01,G,8/15/2026 2:11:00 PM,8/15/2026 2:15:00 PM,MIN_OPERATING_MW,63.78,
8/15/2026 2:15:00 PM,RTD,CLUZ,01BARBASOL_G01,G,8/15/2026 2:16:00 PM,8/15/2026 2:20:00 PM,MAX_OPERATING_MW,62.83,
8/15/2026 2:15:00 PM,RTD,CLUZ,01BARBASOL_G01,G,8/15/2026 2:16:00 PM,8/15/2026 2:20:00 PM,MIN_OPERATING_MW,62.83,
8/15/2026 2:15:00 PM,RTD,CLUZ,01BUGSOL_G01,G,8/15/2026 2:11:00 PM,8/15/2026 2:15:00 PM,MAX_OPERATING_MW,123.60,
8/15/2026 2:15:00 PM,RTD,CLUZ,01BUGSOL_G01,G,8/15/2026 2:11:00 PM,8/15/2026 2:15:00 PM,MIN_OPERATING_MW,123.60,
8/15/2026 2:15:00 PM,RTD,CLUZ,01BUGSOL_G01,G,8/15/2026 2:16:00 PM,8/15/2026 2:20:00 PM,MAX_OPERATING_MW,95.80,
8/15/2026 2:15:00 PM,RTD,CLUZ,01BUGSOL_G01,G,8/15/2026 2:16:00 PM,8/15/2026 2:20:00 PM,MIN_OPERATING_MW,95.80,
8/15/2026 2:15:00 PM,RTD,CLUZ,01BULACSOL_G01,G,8/15/2026 2:01:00 PM,8/15/2026 3:00:00 PM,MAX_OPERATING_MW,11.52,
8/15/2026 2:15:00 PM,RTD,CLUZ,01BULACSOL_G01,G,8/15/2026 2:01:00 PM,8/15/2026 3:00:00 PM,MIN_OPERATING_MW,11.52,
8/15/2026 2:15:00 PM,RTD,CLUZ,01CONSOL_G01,G,8/15/2026 2:11:00 PM,8/15/2026 2:15:00 PM,MAX_OPERATING_MW,46.92,
8/15/2026 2:15:00 PM,RTD,CLUZ,01CONSOL_G01,G,8/15/2026 2:11:00 PM,8/15/2026 2:15:00 PM,MIN_OPERATING_MW,46.92,
8/15/2026 2:15:00 PM,RTD,CLUZ,01CONSOL_G01,G,8/15/2026 2:16:00 PM,8/15/2026 2:20:00 PM,MAX_OPERATING_MW,46.53,
8/15/2026 2:15:00 PM,RTD,CLUZ,01CONSOL_G01,G,8/15/2026 2:16:00 PM,8/15/2026 2:20:00 PM,MIN_OPERATING_MW,46.53,
8/15/2026 2:15:00 PM,RTD,CLUZ,01PASBUSOL_G01,G,8/15/2026 2:01:00 PM,8/15/2026 3:00:00 PM,MAX_OPERATING_MW,31.15,
8/15/2026 2:15:00 PM,RTD,CLUZ,01PASBUSOL_G01,G,8/15/2026 2:01:00 PM,8/15/2026 3:00:00 PM,MIN_OPERATING_MW,31.15,
8/15/2026 2:15:00 PM,RTD,CLUZ,01TERRASOL_G01,G,8/15/2026 2:11:00 PM,8/15/2026 3:00:00 PM,MAX_OPERATING_MW,530.20,
8/15/2026 2:15:00 PM,RTD,CLUZ,01TERRASOL_G01,G,8/15/2026 2:11:00 PM,8/15/2026 3:00:00 PM,MIN_OPERATING_MW,530.20,
8/15/2026 2:15:00 PM,RTD,CLUZ,03LUMBSOL_G01,G,8/15/2026 2:11:00 PM,8/15/2026 2:15:00 PM,MAX_OPERATING_MW,15,
8/15/2026 2:15:00 PM,RTD,CLUZ,03LUMBSOL_G01,G,8/15/2026 2:11:00 PM,8/15/2026 2:15:00 PM,MIN_OPERATING_MW,15,
8/15/2026 2:15:00 PM,RTD,CLUZ,03LUMBSOL_G01,G,8/15/2026 2:16:00 PM,8/15/2026 2:20:00 PM,MAX_OPERATING_MW,15,
8/15/2026 2:15:00 PM,RTD,CLUZ,03LUMBSOL_G01,G,8/15/2026 2:16:00 PM,8/15/2026 2:20:00 PM,MIN_OPERATING_MW,15,
8/15/2026 2:15:00 PM,RTD,CLUZ,03LUNSOL_G01,G,8/15/2026 2:11:00 PM,8/15/2026 2:15:00 PM,MAX_OPERATING_MW,29,
8/15/2026 2:15:00 PM,RTD,CLUZ,03LUNSOL_G01,G,8/15/2026 2:11:00 PM,8/15/2026 2:15:00 PM,MIN_OPERATING_MW,29,
8/15/2026 2:15:00 PM,RTD,CLUZ,03LUNSOL_G01,G,8/15/2026 2:16:00 PM,8/15/2026 2:20:00 PM,MAX_OPERATING_MW,28.46,
8/15/2026 2:15:00 PM,RTD,CLUZ,03LUNSOL_G01,G,8/15/2026 2:16:00 PM,8/15/2026 2:20:00 PM,MIN_OPERATING_MW,28.46,
8/15/2026 2:15:00 PM,RTD,CLUZ,03TANWIND_G01,G,8/15/2026 2:11:00 PM,8/15/2026 2:15:00 PM,MAX_OPERATING_MW,5.20,
8/15/2026 2:15:00 PM,RTD,CLUZ,03TANWIND_G01,G,8/15/2026 2:11:00 PM,8/15/2026 2:15:00 PM,MIN_OPERATING_MW,5.20,
8/15/2026 2:15:00 PM,RTD,CLUZ,03TANWIND_G01,G,8/15/2026 2:16:00 PM,8/15/2026 2:20:00 PM,MAX_OPERATING_MW,5.20,
8/15/2026 2:15:00 PM,RTD,CLUZ,03TANWIND_G01,G,8/15/2026 2:16:00 PM,8/15/2026 2:20:00 PM,MIN_OPERATING_MW,5.20,
8/15/2026 2:15:00 PM,RTD,CVIS,04ISIDROSOL_G01,G,8/15/2026 2:01:00 PM,8/15/2026 3:00:00 PM,MAX_OPERATING_MW,72,
8/15/2026 2:15:00 PM,RTD,CVIS,04ISIDROSOL_G01,G,8/15/2026 2:01:00 PM,8/15/2026 3:00:00 PM,MIN_OPERATING_MW,72,
8/15/2026 2:15:00 PM,RTD,CVIS,06SLYSOL_G02,G,8/15/2026 2:01:00 PM,8/15/2026 3:00:00 PM,MAX_OPERATING_MW,9.65,
8/15/2026 2:15:00 PM,RTD,CVIS,06SLYSOL_G02,G,8/15/2026 2:01:00 PM,8/15/2026 3:00:00 PM,MIN_OPERATING_MW,9.65,
8/15/2026 2:15:00 PM,RTD,CVIS,06SLYSOL_G03,G,8/15/2026 2:01:00 PM,8/15/2026 3:00:00 PM,MAX_OPERATING_MW,9.53,
8/15/2026 2:15:00 PM,RTD,CVIS,06SLYSOL_G03,G,8/15/2026 2:01:00 PM,8/15/2026 3:00:00 PM,MIN_OPERATING_MW,9.53,
8/15/2026 2:15:00 PM,RTD,CMIN,10IDP1_U08,G,8/15/2026 12:56:00 PM,8/15/2026 3:55:00 PM,MAX_OPERATING_MW,4.90,
8/15/2026 2:15:00 PM,RTD,CMIN,10IDP1_U08,G,8/15/2026 12:56:00 PM,8/15/2026 3:55:00 PM,MIN_OPERATING_MW,4.90,
8/15/2026 2:15:00 PM,RTD,CMIN,10LIAN_G02,G,8/15/2026,8/15/2026 11:59:00 PM,MAX_OPERATING_MW,6.60,
8/15/2026 2:15:00 PM,RTD,CMIN,10LIAN_G02,G,8/15/2026,8/15/2026 11:59:00 PM,MIN_OPERATING_MW,6.60,
8/15/2026 2:15:00 PM,RTD,CMIN,14TANTASOL_G01,G,8/15/2026 2:01:00 PM,8/15/2026 3:00:00 PM,MAX_OPERATING_MW,45,
8/15/2026 2:15:00 PM,RTD,CMIN,14TANTASOL_G01,G,8/15/2026 2:01:00 PM,8/15/2026 3:00:00 PM,MIN_OPERATING_MW,45,
8/15/2026 2:20:00 PM,RTD,CLUZ,01BALWIND_G01,G,8/15/2026 12:16:00 PM,8/16/2026,MAX_OPERATING_MW,40,
8/15/2026 2:20:00 PM,RTD,CLUZ,01BALWIND_G01,G,8/15/2026 12:16:00 PM,8/16/2026,MIN_OPERATING_MW,40,
8/15/2026 2:20:00 PM,RTD,CLUZ,01BARBASOL_G01,G,8/15/2026 2:16:00 PM,8/15/2026 2:20:00 PM,MAX_OPERATING_MW,62.83,
8/15/2026 2:20:00 PM,RTD,CLUZ,01BARBASOL_G01,G,8/15/2026 2:16:00 PM,8/15/2026 2:20:00 PM,MIN_OPERATING_MW,62.83,
8/15/2026 2:20:00 PM,RTD,CLUZ,01BARBASOL_G01,G,8/15/2026 2:21:00 PM,8/15/2026 2:25:00 PM,MAX_OPERATING_MW,61.86,
8/15/2026 2:20:00 PM,RTD,CLUZ,01BARBASOL_G01,G,8/15/2026 2:21:00 PM,8/15/2026 2:25:00 PM,MIN_OPERATING_MW,61.86,
8/15/2026 2:20:00 PM,RTD,CLUZ,01BUGSOL_G01,G,8/15/2026 2:16:00 PM,8/15/2026 2:20:00 PM,MAX_OPERATING_MW,95.80,
8/15/2026 2:20:00 PM,RTD,CLUZ,01BUGSOL_G01,G,8/15/2026 2:16:00 PM,8/15/2026 2:20:00 PM,MIN_OPERATING_MW,95.80,
8/15/2026 2:20:00 PM,RTD,CLUZ,01BUGSOL_G01,G,8/15/2026 2:21:00 PM,8/15/2026 2:25:00 PM,MAX_OPERATING_MW,86,
8/15/2026 2:20:00 PM,RTD,CLUZ,01BUGSOL_G01,G,8/15/2026 2:21:00 PM,8/15/2026 2:25:00 PM,MIN_OPERATING_MW,86,
8/15/2026 2:20:00 PM,RTD,CLUZ,01BULACSOL_G01,G,8/15/2026 2:01:00 PM,8/15/2026 3:00:00 PM,MAX_OPERATING_MW,11.52,
8/15/2026 2:20:00 PM,RTD,CLUZ,01BULACSOL_G01,G,8/15/2026 2:01:00 PM,8/15/2026 3:00:00 PM,MIN_OPERATING_MW,11.52,
8/15/2026 2:20:00 PM,RTD,CLUZ,01CONSOL_G01,G,8/15/2026 2:16:00 PM,8/15/2026 2:20:00 PM,MAX_OPERATING_MW,46.53,
8/15/2026 2:20:00 PM,RTD,CLUZ,01CONSOL_G01,G,8/15/2026 2:16:00 PM,8/15/2026 2:20:00 PM,MIN_OPERATING_MW,46.53,
8/15/2026 2:20:00 PM,RTD,CLUZ,01CONSOL_G01,G,8/15/2026 2:21:00 PM,8/15/2026 2:25:00 PM,MAX_OPERATING_MW,46.14,
8/15/2026 2:20:00 PM,RTD,CLUZ,01CONSOL_G01,G,8/15/2026 2:21:00 PM,8/15/2026 2:25:00 PM,MIN_OPERATING_MW,46.14,
8/15/2026 2:20:00 PM,RTD,CLUZ,01PASBUSOL_G01,G,8/15/2026 2:01:00 PM,8/15/2026 3:00:00 PM,MAX_OPERATING_MW,31.15,
8/15/2026 2:20:00 PM,RTD,CLUZ,01PASBUSOL_G01,G,8/15/2026 2:01:00 PM,8/15/2026 3:00:00 PM,MIN_OPERATING_MW,31.15,
8/15/2026 2:20:00 PM,RTD,CLUZ,01TERRASOL_G01,G,8/15/2026 2:11:00 PM,8/15/2026 3:00:00 PM,MAX_OPERATING_MW,530.20,
8/15/2026 2:20:00 PM,RTD,CLUZ,01TERRASOL_G01,G,8/15/2026 2:11:00 PM,8/15/2026 3:00:00 PM,MIN_OPERATING_MW,530.20,
8/15/2026 2:20:00 PM,RTD,CLUZ,03LUMBSOL_G01,G,8/15/2026 2:16:00 PM,8/15/2026 2:20:00 PM,MAX_OPERATING_MW,15,
8/15/2026 2:20:00 PM,RTD,CLUZ,03LUMBSOL_G01,G,8/15/2026 2:16:00 PM,8/15/2026 2:20:00 PM,MIN_OPERATING_MW,15,
8/15/2026 2:20:00 PM,RTD,CLUZ,03LUMBSOL_G01,G,8/15/2026 2:21:00 PM,8/15/2026 2:25:00 PM,MAX_OPERATING_MW,15,
8/15/2026 2:20:00 PM,RTD,CLUZ,03LUMBSOL_G01,G,8/15/2026 2:21:00 PM,8/15/2026 2:25:00 PM,MIN_OPERATING_MW,15,
8/15/2026 2:20:00 PM,RTD,CLUZ,03LUNSOL_G01,G,8/15/2026 2:16:00 PM,8/15/2026 2:20:00 PM,MAX_OPERATING_MW,28.46,
8/15/2026 2:20:00 PM,RTD,CLUZ,03LUNSOL_G01,G,8/15/2026 2:16:00 PM,8/15/2026 2:20:00 PM,MIN_OPERATING_MW,28.46,
8/15/2026 2:20:00 PM,RTD,CLUZ,03LUNSOL_G01,G,8/15/2026 2:21:00 PM,8/15/2026 2:25:00 PM,MAX_OPERATING_MW,27.91,
8/15/2026 2:20:00 PM,RTD,CLUZ,03LUNSOL_G01,G,8/15/2026 2:21:00 PM,8/15/2026 2:25:00 PM,MIN_OPERATING_MW,27.91,
8/15/2026 2:20:00 PM,RTD,CLUZ,03TANWIND_G01,G,8/15/2026 2:16:00 PM,8/15/2026 2:20:00 PM,MAX_OPERATING_MW,5.20,
8/15/2026 2:20:00 PM,RTD,CLUZ,03TANWIND_G01,G,8/15/2026 2:16:00 PM,8/15/2026 2:20:00 PM,MIN_OPERATING_MW,5.20,
8/15/2026 2:20:00 PM,RTD,CLUZ,03TANWIND_G01,G,8/15/2026 2:21:00 PM,8/15/2026 2:25:00 PM,MAX_OPERATING_MW,5.20,
8/15/2026 2:20:00 PM,RTD,CLUZ,03TANWIND_G01,G,8/15/2026 2:21:00 PM,8/15/2026 2:25:00 PM,MIN_OPERATING_MW,5.20,
8/15/2026 2:20:00 PM,RTD,CVIS,04ISIDROSOL_G01,G,8/15/2026 2:01:00 PM,8/15/2026 3:00:00 PM,MAX_OPERATING_MW,72,
8/15/2026 2:20:00 PM,RTD,CVIS,04ISIDROSOL_G01,G,8/15/2026 2:01:00 PM,8/15/2026 3:00:00 PM,MIN_OPERATING_MW,72,
8/15/2026 2:20:00 PM,RTD,CVIS,06SLYSOL_G02,G,8/15/2026 2:01:00 PM,8/15/2026 3:00:00 PM,MAX_OPERATING_MW,9.65,
8/15/2026 2:20:00 PM,RTD,CVIS,06SLYSOL_G02,G,8/15/2026 2:01:00 PM,8/15/2026 3:00:00 PM,MIN_OPERATING_MW,9.65,
8/15/2026 2:20:00 PM,RTD,CVIS,06SLYSOL_G03,G,8/15/2026 2:01:00 PM,8/15/2026 3:00:00 PM,MAX_OPERATING_MW,9.53,
8/15/2026 2:20:00 PM,RTD,CVIS,06SLYSOL_G03,G,8/15/2026 2:01:00 PM,8/15/2026 3:00:00 PM,MIN_OPERATING_MW,9.53,
8/15/2026 2:20:00 PM,RTD,CMIN,10IDP1_U08,G,8/15/2026 12:56:00 PM,8/15/2026 3:55:00 PM,MAX_OPERATING_MW,4.90,
8/15/2026 2:20:00 PM,RTD,CMIN,10IDP1_U08,G,8/15/2026 12:56:00 PM,8/15/2026 3:55:00 PM,MIN_OPERATING_MW,4.90,
8/15/2026 2:20:00 PM,RTD,CMIN,10LIAN_G02,G,8/15/2026,8/15/2026 11:59:00 PM,MAX_OPERATING_MW,6.60,
8/15/2026 2:20:00 PM,RTD,CMIN,10LIAN_G02,G,8/15/2026,8/15/2026 11:59:00 PM,MIN_OPERATING_MW,6.60,
8/15/2026 2:20:00 PM,RTD,CMIN,14TANTASOL_G01,G,8/15/2026 2:01:00 PM,8/15/2026 3:00:00 PM,MAX_OPERATING_MW,45,
8/15/2026 2:20:00 PM,RTD,CMIN,14TANTASOL_G01,G,8/15/2026 2:01:00 PM,8/15/2026 3:00:00 PM,MIN_OPERATING_MW,45,
8/15/2026 2:25:00 PM,RTD,CLUZ,01BALWIND_G01,G,8/15/2026 12:16:00 PM,8/16/2026,MAX_OPERATING_MW,40,
8/15/2026 2:25:00 PM,RTD,CLUZ,01BALWIND_G01,G,8/15/2026 12:16:00 PM,8/16/2026,MIN_OPERATING_MW,40,
8/15/2026 2:25:00 PM,RTD,CLUZ,01BARBASOL_G01,G,8/15/2026 2:21:00 PM,8/15/2026 2:25:00 PM,MAX_OPERATING_MW,61.86,
8/15/2026 2:25:00 PM,RTD,CLUZ,01BARBASOL_G01,G,8/15/2026 2:21:00 PM,8/15/2026 2:25:00 PM,MIN_OPERATING_MW,61.86,
8/15/2026 2:25:00 PM,RTD,CLUZ,01BARBASOL_G01,G,8/15/2026 2:26:00 PM,8/15/2026 2:30:00 PM,MAX_OPERATING_MW,60.87,
8/15/2026 2:25:00 PM,RTD,CLUZ,01BARBASOL_G01,G,8/15/2026 2:26:00 PM,8/15/2026 2:30:00 PM,MIN_OPERATING_MW,60.87,
8/15/2026 2:25:00 PM,RTD,CLUZ,01BUGSOL_G01,G,8/15/2026 2:21:00 PM,8/15/2026 2:25:00 PM,MAX_OPERATING_MW,86,
8/15/2026 2:25:00 PM,RTD,CLUZ,01BUGSOL_G01,G,8/15/2026 2:21:00 PM,8/15/2026 2:25:00 PM,MIN_OPERATING_MW,86,
8/15/2026 2:25:00 PM,RTD,CLUZ,01BUGSOL_G01,G,8/15/2026 2:26:00 PM,8/15/2026 2:30:00 PM,MAX_OPERATING_MW,88,
8/15/2026 2:25:00 PM,RTD,CLUZ,01BUGSOL_G01,G,8/15/2026 2:26:00 PM,8/15/2026 2:30:00 PM,MIN_OPERATING_MW,88,
8/15/2026 2:25:00 PM,RTD,CLUZ,01BULACSOL_G01,G,8/15/2026 2:01:00 PM,8/15/2026 3:00:00 PM,MAX_OPERATING_MW,11.52,
8/15/2026 2:25:00 PM,RTD,CLUZ,01BULACSOL_G01,G,8/15/2026 2:01:00 PM,8/15/2026 3:00:00 PM,MIN_OPERATING_MW,11.52,
8/15/2026 2:25:00 PM,RTD,CLUZ,01CONSOL_G01,G,8/15/2026 2:21:00 PM,8/15/2026 2:25:00 PM,MAX_OPERATING_MW,46.14,
8/15/2026 2:25:00 PM,RTD,CLUZ,01CONSOL_G01,G,8/15/2026 2:21:00 PM,8/15/2026 2:25:00 PM,MIN_OPERATING_MW,46.14,
8/15/2026 2:25:00 PM,RTD,CLUZ,01CONSOL_G01,G,8/15/2026 2:26:00 PM,8/15/2026 2:30:00 PM,MAX_OPERATING_MW,45.72,
8/15/2026 2:25:00 PM,RTD,CLUZ,01CONSOL_G01,G,8/15/2026 2:26:00 PM,8/15/2026 2:30:00 PM,MIN_OPERATING_MW,45.72,
8/15/2026 2:25:00 PM,RTD,CLUZ,01PASBUSOL_G01,G,8/15/2026 2:01:00 PM,8/15/2026 3:00:00 PM,MAX_OPERATING_MW,31.15,
8/15/2026 2:25:00 PM,RTD,CLUZ,01PASBUSOL_G01,G,8/15/2026 2:01:00 PM,8/15/2026 3:00:00 PM,MIN_OPERATING_MW,31.15,
8/15/2026 2:25:00 PM,RTD,CLUZ,01TERRASOL_G01,G,8/15/2026 2:11:00 PM,8/15/2026 3:00:00 PM,MAX_OPERATING_MW,530.20,
8/15/2026 2:25:00 PM,RTD,CLUZ,01TERRASOL_G01,G,8/15/2026 2:11:00 PM,8/15/2026 3:00:00 PM,MIN_OPERATING_MW,530.20,
8/15/2026 2:25:00 PM,RTD,CLUZ,03LUMBSOL_G01,G,8/15/2026 2:21:00 PM,8/15/2026 2:25:00 PM,MAX_OPERATING_MW,15,
8/15/2026 2:25:00 PM,RTD,CLUZ,03LUMBSOL_G01,G,8/15/2026 2:21:00 PM,8/15/2026 2:25:00 PM,MIN_OPERATING_MW,15,
8/15/2026 2:25:00 PM,RTD,CLUZ,03LUMBSOL_G01,G,8/15/2026 2:26:00 PM,8/15/2026 2:30:00 PM,MAX_OPERATING_MW,15,
8/15/2026 2:25:00 PM,RTD,CLUZ,03LUMBSOL_G01,G,8/15/2026 2:26:00 PM,8/15/2026 2:30:00 PM,MIN_OPERATING_MW,15,
8/15/2026 2:25:00 PM,RTD,CLUZ,03LUNSOL_G01,G,8/15/2026 2:21:00 PM,8/15/2026 2:25:00 PM,MAX_OPERATING_MW,27.91,
8/15/2026 2:25:00 PM,RTD,CLUZ,03LUNSOL_G01,G,8/15/2026 2:21:00 PM,8/15/2026 2:25:00 PM,MIN_OPERATING_MW,27.91,
8/15/2026 2:25:00 PM,RTD,CLUZ,03LUNSOL_G01,G,8/15/2026 2:26:00 PM,8/15/2026 2:30:00 PM,MAX_OPERATING_MW,27.35,
8/15/2026 2:25:00 PM,RTD,CLUZ,03LUNSOL_G01,G,8/15/2026 2:26:00 PM,8/15/2026 2:30:00 PM,MIN_OPERATING_MW,27.35,
8/15/2026 2:25:00 PM,RTD,CLUZ,03TANWIND_G01,G,8/15/2026 2:21:00 PM,8/15/2026 2:25:00 PM,MAX_OPERATING_MW,5.20,
8/15/2026 2:25:00 PM,RTD,CLUZ,03TANWIND_G01,G,8/15/2026 2:21:00 PM,8/15/2026 2:25:00 PM,MIN_OPERATING_MW,5.20,
8/15/2026 2:25:00 PM,RTD,CLUZ,03TANWIND_G01,G,8/15/2026 2:26:00 PM,8/15/2026 2:30:00 PM,MAX_OPERATING_MW,5.20,
8/15/2026 2:25:00 PM,RTD,CLUZ,03TANWIND_G01,G,8/15/2026 2:26:00 PM,8/15/2026 2:30:00 PM,MIN_OPERATING_MW,5.20,
8/15/2026 2:25:00 PM,RTD,CVIS,04ISIDROSOL_G01,G,8/15/2026 2:01:00 PM,8/15/2026 3:00:00 PM,MAX_OPERATING_MW,72,
8/15/2026 2:25:00 PM,RTD,CVIS,04ISIDROSOL_G01,G,8/15/2026 2:01:00 PM,8/15/2026 3:00:00 PM,MIN_OPERATING_MW,72,
8/15/2026 2:25:00 PM,RTD,CVIS,06SLYSOL_G02,G,8/15/2026 2:01:00 PM,8/15/2026 3:00:00 PM,MAX_OPERATING_MW,9.65,
8/15/2026 2:25:00 PM,RTD,CVIS,06SLYSOL_G02,G,8/15/2026 2:01:00 PM,8/15/2026 3:00:00 PM,MIN_OPERATING_MW,9.65,
8/15/2026 2:25:00 PM,RTD,CVIS,06SLYSOL_G03,G,8/15/2026 2:01:00 PM,8/15/2026 3:00:00 PM,MAX_OPERATING_MW,9.53,
8/15/2026 2:25:00 PM,RTD,CVIS,06SLYSOL_G03,G,8/15/2026 2:01:00 PM,8/15/2026 3:00:00 PM,MIN_OPERATING_MW,9.53,
8/15/2026 2:25:00 PM,RTD,CMIN,10IDP1_U08,G,8/15/2026 12:56:00 PM,8/15/2026 3:55:00 PM,MAX_OPERATING_MW,4.90,
8/15/2026 2:25:00 PM,RTD,CMIN,10IDP1_U08,G,8/15/2026 12:56:00 PM,8/15/2026 3:55:00 PM,MIN_OPERATING_MW,4.90,
8/15/2026 2:25:00 PM,RTD,CMIN,10LIAN_G02,G,8/15/2026,8/15/2026 11:59:00 PM,MAX_OPERATING_MW,6.60,
8/15/2026 2:25:00 PM,RTD,CMIN,10LIAN_G02,G,8/15/2026,8/15/2026 11:59:00 PM,MIN_OPERATING_MW,6.60,
8/15/2026 2:25:00 PM,RTD,CMIN,14TANTASOL_G01,G,8/15/2026 2:01:00 PM,8/15/2026 3:00:00 PM,MAX_OPERATING_MW,45,
8/15/2026 2:25:00 PM,RTD,CMIN,14TANTASOL_G01,G,8/15/2026 2:01:00 PM,8/15/2026 3:00:00 PM,MIN_OPERATING_MW,45,
8/15/2026 2:30:00 PM,RTD,CLUZ,01BALWIND_G01,G,8/15/2026 12:16:00 PM,8/16/2026,MAX_OPERATING_MW,40,
8/15/2026 2:30:00 PM,RTD,CLUZ,01BALWIND_G01,G,8/15/2026 12:16:00 PM,8/16/2026,MIN_OPERATING_MW,40,
8/15/2026 2:30:00 PM,RTD,CLUZ,01BARBASOL_G01,G,8/15/2026 2:26:00 PM,8/15/2026 2:30:00 PM,MAX_OPERATING_MW,60.87,
8/15/2026 2:30:00 PM,RTD,CLUZ,01BARBASOL_G01,G,8/15/2026 2:26:00 PM,8/15/2026 2:30:00 PM,MIN_OPERATING_MW,60.87,
8/15/2026 2:30:00 PM,RTD,CLUZ,01BARBASOL_G01,G,8/15/2026 2:31:00 PM,8/15/2026 2:35:00 PM,MAX_OPERATING_MW,59.84,
8/15/2026 2:30:00 PM,RTD,CLUZ,01BARBASOL_G01,G,8/15/2026 2:31:00 PM,8/15/2026 2:35:00 PM,MIN_OPERATING_MW,59.84,
8/15/2026 2:30:00 PM,RTD,CLUZ,01BUGSOL_G01,G,8/15/2026 2:26:00 PM,8/15/2026 2:30:00 PM,MAX_OPERATING_MW,88,
8/15/2026 2:30:00 PM,RTD,CLUZ,01BUGSOL_G01,G,8/15/2026 2:26:00 PM,8/15/2026 2:30:00 PM,MIN_OPERATING_MW,88,
8/15/2026 2:30:00 PM,RTD,CLUZ,01BUGSOL_G01,G,8/15/2026 2:31:00 PM,8/15/2026 2:35:00 PM,MAX_OPERATING_MW,80,
8/15/2026 2:30:00 PM,RTD,CLUZ,01BUGSOL_G01,G,8/15/2026 2:31:00 PM,8/15/2026 2:35:00 PM,MIN_OPERATING_MW,80,
8/15/2026 2:30:00 PM,RTD,CLUZ,01BULACSOL_G01,G,8/15/2026 2:01:00 PM,8/15/2026 3:00:00 PM,MAX_OPERATING_MW,11.52,
8/15/2026 2:30:00 PM,RTD,CLUZ,01BULACSOL_G01,G,8/15/2026 2:01:00 PM,8/15/2026 3:00:00 PM,MIN_OPERATING_MW,11.52,
8/15/2026 2:30:00 PM,RTD,CLUZ,01CONSOL_G01,G,8/15/2026 2:26:00 PM,8/15/2026 2:30:00 PM,MAX_OPERATING_MW,45.72,
8/15/2026 2:30:00 PM,RTD,CLUZ,01CONSOL_G01,G,8/15/2026 2:26:00 PM,8/15/2026 2:30:00 PM,MIN_OPERATING_MW,45.72,
8/15/2026 2:30:00 PM,RTD,CLUZ,01CONSOL_G01,G,8/15/2026 2:31:00 PM,8/15/2026 2:35:00 PM,MAX_OPERATING_MW,45.36,
8/15/2026 2:30:00 PM,RTD,CLUZ,01CONSOL_G01,G,8/15/2026 2:31:00 PM,8/15/2026 2:35:00 PM,MIN_OPERATING_MW,45.36,
8/15/2026 2:30:00 PM,RTD,CLUZ,01PASBUSOL_G01,G,8/15/2026 2:01:00 PM,8/15/2026 3:00:00 PM,MAX_OPERATING_MW,31.15,
8/15/2026 2:30:00 PM,RTD,CLUZ,01PASBUSOL_G01,G,8/15/2026 2:01:00 PM,8/15/2026 3:00:00 PM,MIN_OPERATING_MW,31.15,
8/15/2026 2:30:00 PM,RTD,CLUZ,01TERRASOL_G01,G,8/15/2026 2:11:00 PM,8/15/2026 3:00:00 PM,MAX_OPERATING_MW,530.20,
8/15/2026 2:30:00 PM,RTD,CLUZ,01TERRASOL_G01,G,8/15/2026 2:11:00 PM,8/15/2026 3:00:00 PM,MIN_OPERATING_MW,530.20,
8/15/2026 2:30:00 PM,RTD,CLUZ,03LUMBSOL_G01,G,8/15/2026 2:26:00 PM,8/15/2026 2:30:00 PM,MAX_OPERATING_MW,15,
8/15/2026 2:30:00 PM,RTD,CLUZ,03LUMBSOL_G01,G,8/15/2026 2:26:00 PM,8/15/2026 2:30:00 PM,MIN_OPERATING_MW,15,
8/15/2026 2:30:00 PM,RTD,CLUZ,03LUMBSOL_G01,G,8/15/2026 2:31:00 PM,8/15/2026 2:35:00 PM,MAX_OPERATING_MW,15,
8/15/2026 2:30:00 PM,RTD,CLUZ,03LUMBSOL_G01,G,8/15/2026 2:31:00 PM,8/15/2026 2:35:00 PM,MIN_OPERATING_MW,15,
8/15/2026 2:30:00 PM,RTD,CLUZ,03LUNSOL_G01,G,8/15/2026 2:26:00 PM,8/15/2026 2:30:00 PM,MAX_OPERATING_MW,27.35,
8/15/2026 2:30:00 PM,RTD,CLUZ,03LUNSOL_G01,G,8/15/2026 2:26:00 PM,8/15/2026 2:30:00 PM,MIN_OPERATING_MW,27.35,
8/15/2026 2:30:00 PM,RTD,CLUZ,03LUNSOL_G01,G,8/15/2026 2:31:00 PM,8/15/2026 2:35:00 PM,MAX_OPERATING_MW,26.77,
8/15/2026 2:30:00 PM,RTD,CLUZ,03LUNSOL_G01,G,8/15/2026 2:31:00 PM,8/15/2026 2:35:00 PM,MIN_OPERATING_MW,26.77,
8/15/2026 2:30:00 PM,RTD,CLUZ,03TANWIND_G01,G,8/15/2026 2:26:00 PM,8/15/2026 2:30:00 PM,MAX_OPERATING_MW,5.20,
8/15/2026 2:30:00 PM,RTD,CLUZ,03TANWIND_G01,G,8/15/2026 2:26:00 PM,8/15/2026 2:30:00 PM,MIN_OPERATING_MW,5.20,
8/15/2026 2:30:00 PM,RTD,CLUZ,03TANWIND_G01,G,8/15/2026 2:31:00 PM,8/15/2026 2:35:00 PM,MAX_OPERATING_MW,5.20,
8/15/2026 2:30:00 PM,RTD,CLUZ,03TANWIND_G01,G,8/15/2026 2:31:00 PM,8/15/2026 2:35:00 PM,MIN_OPERATING_MW,5.20,
8/15/2026 2:30:00 PM,RTD,CVIS,04ISIDROSOL_G01,G,8/15/2026 2:01:00 PM,8/15/2026 3:00:00 PM,MAX_OPERATING_MW,72,
8/15/2026 2:30:00 PM,RTD,CVIS,04ISIDROSOL_G01,G,8/15/2026 2:01:00 PM,8/15/2026 3:00:00 PM,MIN_OPERATING_MW,72,
8/15/2026 2:30:00 PM,RTD,CVIS,06SLYSOL_G02,G,8/15/2026 2:01:00 PM,8/15/2026 3:00:00 PM,MAX_OPERATING_MW,9.65,
8/15/2026 2:30:00 PM,RTD,CVIS,06SLYSOL_G02,G,8/15/2026 2:01:00 PM,8/15/2026 3:00:00 PM,MIN_OPERATING_MW,9.65,
8/15/2026 2:30:00 PM,RTD,CVIS,06SLYSOL_G03,G,8/15/2026 2:01:00 PM,8/15/2026 3:00:00 PM,MAX_OPERATING_MW,9.53,
8/15/2026 2:30:00 PM,RTD,CVIS,06SLYSOL_G03,G,8/15/2026 2:01:00 PM,8/15/2026 3:00:00 PM,MIN_OPERATING_MW,9.53,
8/15/2026 2:30:00 PM,RTD,CMIN,10IDP1_U08,G,8/15/2026 12:56:00 PM,8/15/2026 3:55:00 PM,MAX_OPERATING_MW,4.90,
8/15/2026 2:30:00 PM,RTD,CMIN,10IDP1_U08,G,8/15/2026 12:56:00 PM,8/15/2026 3:55:00 PM,MIN_OPERATING_MW,4.90,
8/15/2026 2:30:00 PM,RTD,CMIN,10LIAN_G02,G,8/15/2026,8/15/2026 11:59:00 PM,MAX_OPERATING_MW,6.60,
8/15/2026 2:30:00 PM,RTD,CMIN,10LIAN_G02,G,8/15/2026,8/15/2026 11:59:00 PM,MIN_OPERATING_MW,6.60,
8/15/2026 2:30:00 PM,RTD,CMIN,14TANTASOL_G01,G,8/15/2026 2:01:00 PM,8/15/2026 3:00:00 PM,MAX_OPERATING_MW,45,
8/15/2026 2:30:00 PM,RTD,CMIN,14TANTASOL_G01,G,8/15/2026 2:01:00 PM,8/15/2026 3:00:00 PM,MIN_OPERATING_MW,45,
8/15/2026 2:35:00 PM,RTD,CLUZ,01BALWIND_G01,G,8/15/2026 12:16:00 PM,8/16/2026,MAX_OPERATING_MW,40,
8/15/2026 2:35:00 PM,RTD,CLUZ,01BALWIND_G01,G,8/15/2026 12:16:00 PM,8/16/2026,MIN_OPERATING_MW,40,
8/15/2026 2:35:00 PM,RTD,CLUZ,01BARBASOL_G01,G,8/15/2026 2:31:00 PM,8/15/2026 2:35:00 PM,MAX_OPERATING_MW,59.84,
8/15/2026 2:35:00 PM,RTD,CLUZ,01BARBASOL_G01,G,8/15/2026 2:31:00 PM,8/15/2026 2:35:00 PM,MIN_OPERATING_MW,59.84,
8/15/2026 2:35:00 PM,RTD,CLUZ,01BARBASOL_G01,G,8/15/2026 2:36:00 PM,8/15/2026 2:40:00 PM,MAX_OPERATING_MW,58.77,
8/15/2026 2:35:00 PM,RTD,CLUZ,01BARBASOL_G01,G,8/15/2026 2:36:00 PM,8/15/2026 2:40:00 PM,MIN_OPERATING_MW,58.77,
8/15/2026 2:35:00 PM,RTD,CLUZ,01BUGSOL_G01,G,8/15/2026 2:31:00 PM,8/15/2026 2:35:00 PM,MAX_OPERATING_MW,80,
8/15/2026 2:35:00 PM,RTD,CLUZ,01BUGSOL_G01,G,8/15/2026 2:31:00 PM,8/15/2026 2:35:00 PM,MIN_OPERATING_MW,80,
8/15/2026 2:35:00 PM,RTD,CLUZ,01BUGSOL_G01,G,8/15/2026 2:36:00 PM,8/15/2026 2:40:00 PM,MAX_OPERATING_MW,70,
8/15/2026 2:35:00 PM,RTD,CLUZ,01BUGSOL_G01,G,8/15/2026 2:36:00 PM,8/15/2026 2:40:00 PM,MIN_OPERATING_MW,70,
8/15/2026 2:35:00 PM,RTD,CLUZ,01BULACSOL_G01,G,8/15/2026 2:01:00 PM,8/15/2026 3:00:00 PM,MAX_OPERATING_MW,11.52,
8/15/2026 2:35:00 PM,RTD,CLUZ,01BULACSOL_G01,G,8/15/2026 2:01:00 PM,8/15/2026 3:00:00 PM,MIN_OPERATING_MW,11.52,
8/15/2026 2:35:00 PM,RTD,CLUZ,01CONSOL_G01,G,8/15/2026 2:31:00 PM,8/15/2026 2:35:00 PM,MAX_OPERATING_MW,45.36,
8/15/2026 2:35:00 PM,RTD,CLUZ,01CONSOL_G01,G,8/15/2026 2:31:00 PM,8/15/2026 2:35:00 PM,MIN_OPERATING_MW,45.36,
8/15/2026 2:35:00 PM,RTD,CLUZ,01CONSOL_G01,G,8/15/2026 2:36:00 PM,8/15/2026 2:40:00 PM,MAX_OPERATING_MW,44.96,
8/15/2026 2:35:00 PM,RTD,CLUZ,01CONSOL_G01,G,8/15/2026 2:36:00 PM,8/15/2026 2:40:00 PM,MIN_OPERATING_MW,44.96,
8/15/2026 2:35:00 PM,RTD,CLUZ,01PASBUSOL_G01,G,8/15/2026 2:01:00 PM,8/15/2026 3:00:00 PM,MAX_OPERATING_MW,31.15,
8/15/2026 2:35:00 PM,RTD,CLUZ,01PASBUSOL_G01,G,8/15/2026 2:01:00 PM,8/15/2026 3:00:00 PM,MIN_OPERATING_MW,31.15,
8/15/2026 2:35:00 PM,RTD,CLUZ,01TERRASOL_G01,G,8/15/2026 2:11:00 PM,8/15/2026 3:00:00 PM,MAX_OPERATING_MW,530.20,
8/15/2026 2:35:00 PM,RTD,CLUZ,01TERRASOL_G01,G,8/15/2026 2:11:00 PM,8/15/2026 3:00:00 PM,MIN_OPERATING_MW,530.20,
8/15/2026 2:35:00 PM,RTD,CLUZ,03LUMBSOL_G01,G,8/15/2026 2:31:00 PM,8/15/2026 2:35:00 PM,MAX_OPERATING_MW,15,
8/15/2026 2:35:00 PM,RTD,CLUZ,03LUMBSOL_G01,G,8/15/2026 2:31:00 PM,8/15/2026 2:35:00 PM,MIN_OPERATING_MW,15,
8/15/2026 2:35:00 PM,RTD,CLUZ,03LUMBSOL_G01,G,8/15/2026 2:36:00 PM,8/15/2026 2:40:00 PM,MAX_OPERATING_MW,15,
8/15/2026 2:35:00 PM,RTD,CLUZ,03LUMBSOL_G01,G,8/15/2026 2:36:00 PM,8/15/2026 2:40:00 PM,MIN_OPERATING_MW,15,
8/15/2026 2:35:00 PM,RTD,CLUZ,03LUNSOL_G01,G,8/15/2026 2:31:00 PM,8/15/2026 2:35:00 PM,MAX_OPERATING_MW,26.77,
8/15/2026 2:35:00 PM,RTD,CLUZ,03LUNSOL_G01,G,8/15/2026 2:31:00 PM,8/15/2026 2:35:00 PM,MIN_OPERATING_MW,26.77,
8/15/2026 2:35:00 PM,RTD,CLUZ,03LUNSOL_G01,G,8/15/2026 2:36:00 PM,8/15/2026 2:40:00 PM,MAX_OPERATING_MW,26.19,
8/15/2026 2:35:00 PM,RTD,CLUZ,03LUNSOL_G01,G,8/15/2026 2:36:00 PM,8/15/2026 2:40:00 PM,MIN_OPERATING_MW,26.19,
8/15/2026 2:35:00 PM,RTD,CLUZ,03TANWIND_G01,G,8/15/2026 2:31:00 PM,8/15/2026 2:35:00 PM,MAX_OPERATING_MW,5.20,
8/15/2026 2:35:00 PM,RTD,CLUZ,03TANWIND_G01,G,8/15/2026 2:31:00 PM,8/15/2026 2:35:00 PM,MIN_OPERATING_MW,5.20,
8/15/2026 2:35:00 PM,RTD,CLUZ,03TANWIND_G01,G,8/15/2026 2:36:00 PM,8/15/2026 2:40:00 PM,MAX_OPERATING_MW,5.20,
8/15/2026 2:35:00 PM,RTD,CLUZ,03TANWIND_G01,G,8/15/2026 2:36:00 PM,8/15/2026 2:40:00 PM,MIN_OPERATING_MW,5.20,
8/15/2026 2:35:00 PM,RTD,CVIS,04ISIDROSOL_G01,G,8/15/2026 2:01:00 PM,8/15/2026 3:00:00 PM,MAX_OPERATING_MW,72,
8/15/2026 2:35:00 PM,RTD,CVIS,04ISIDROSOL_G01,G,8/15/2026 2:01:00 PM,8/15/2026 3:00:00 PM,MIN_OPERATING_MW,72,
8/15/2026 2:35:00 PM,RTD,CVIS,06SLYSOL_G02,G,8/15/2026 2:01:00 PM,8/15/2026 3:00:00 PM,MAX_OPERATING_MW,9.65,
8/15/2026 2:35:00 PM,RTD,CVIS,06SLYSOL_G02,G,8/15/2026 2:01:00 PM,8/15/2026 3:00:00 PM,MIN_OPERATING_MW,9.65,
8/15/2026 2:35:00 PM,RTD,CVIS,06SLYSOL_G03,G,8/15/2026 2:01:00 PM,8/15/2026 3:00:00 PM,MAX_OPERATING_MW,9.53,
8/15/2026 2:35:00 PM,RTD,CVIS,06SLYSOL_G03,G,8/15/2026 2:01:00 PM,8/15/2026 3:00:00 PM,MIN_OPERATING_MW,9.53,
8/15/2026 2:35:00 PM,RTD,CMIN,10IDP1_U08,G,8/15/2026 12:56:00 PM,8/15/2026 3:55:00 PM,MAX_OPERATING_MW,4.90,
8/15/2026 2:35:00 PM,RTD,CMIN,10IDP1_U08,G,8/15/2026 12:56:00 PM,8/15/2026 3:55:00 PM,MIN_OPERATING_MW,4.90,
8/15/2026 2:35:00 PM,RTD,CMIN,10LIAN_G02,G,8/15/2026,8/15/2026 11:59:00 PM,MAX_OPERATING_MW,6.60,
8/15/2026 2:35:00 PM,RTD,CMIN,10LIAN_G02,G,8/15/2026,8/15/2026 11:59:00 PM,MIN_OPERATING_MW,6.60,
8/15/2026 2:35:00 PM,RTD,CMIN,14TANTASOL_G01,G,8/15/2026 2:01:00 PM,8/15/2026 3:00:00 PM,MAX_OPERATING_MW,45,
8/15/2026 2:35:00 PM,RTD,CMIN,14TANTASOL_G01,G,8/15/2026 2:01:00 PM,8/15/2026 3:00:00 PM,MIN_OPERATING_MW,45,
8/15/2026 2:40:00 PM,RTD,CLUZ,01BALWIND_G01,G,8/15/2026 12:16:00 PM,8/16/2026,MAX_OPERATING_MW,40,
8/15/2026 2:40:00 PM,RTD,CLUZ,01BALWIND_G01,G,8/15/2026 12:16:00 PM,8/16/2026,MIN_OPERATING_MW,40,
8/15/2026 2:40:00 PM,RTD,CLUZ,01BARBASOL_G01,G,8/15/2026 2:36:00 PM,8/15/2026 2:40:00 PM,MAX_OPERATING_MW,58.77,
8/15/2026 2:40:00 PM,RTD,CLUZ,01BARBASOL_G01,G,8/15/2026 2:36:00 PM,8/15/2026 2:40:00 PM,MIN_OPERATING_MW,58.77,
8/15/2026 2:40:00 PM,RTD,CLUZ,01BARBASOL_G01,G,8/15/2026 2:41:00 PM,8/15/2026 2:45:00 PM,MAX_OPERATING_MW,57.65,
8/15/2026 2:40:00 PM,RTD,CLUZ,01BARBASOL_G01,G,8/15/2026 2:41:00 PM,8/15/2026 2:45:00 PM,MIN_OPERATING_MW,57.65,
8/15/2026 2:40:00 PM,RTD,CLUZ,01BUGSOL_G01,G,8/15/2026 2:36:00 PM,8/15/2026 2:40:00 PM,MAX_OPERATING_MW,70,
8/15/2026 2:40:00 PM,RTD,CLUZ,01BUGSOL_G01,G,8/15/2026 2:36:00 PM,8/15/2026 2:40:00 PM,MIN_OPERATING_MW,70,
8/15/2026 2:40:00 PM,RTD,CLUZ,01BUGSOL_G01,G,8/15/2026 2:41:00 PM,8/15/2026 2:45:00 PM,MAX_OPERATING_MW,60,
8/15/2026 2:40:00 PM,RTD,CLUZ,01BUGSOL_G01,G,8/15/2026 2:41:00 PM,8/15/2026 2:45:00 PM,MIN_OPERATING_MW,60,
8/15/2026 2:40:00 PM,RTD,CLUZ,01BULACSOL_G01,G,8/15/2026 2:01:00 PM,8/15/2026 3:00:00 PM,MAX_OPERATING_MW,11.52,
8/15/2026 2:40:00 PM,RTD,CLUZ,01BULACSOL_G01,G,8/15/2026 2:01:00 PM,8/15/2026 3:00:00 PM,MIN_OPERATING_MW,11.52,
8/15/2026 2:40:00 PM,RTD,CLUZ,01CONSOL_G01,G,8/15/2026 2:36:00 PM,8/15/2026 2:40:00 PM,MAX_OPERATING_MW,44.96,
8/15/2026 2:40:00 PM,RTD,CLUZ,01CONSOL_G01,G,8/15/2026 2:36:00 PM,8/15/2026 2:40:00 PM,MIN_OPERATING_MW,44.96,
8/15/2026 2:40:00 PM,RTD,CLUZ,01CONSOL_G01,G,8/15/2026 2:41:00 PM,8/15/2026 2:45:00 PM,MAX_OPERATING_MW,44.52,
8/15/2026 2:40:00 PM,RTD,CLUZ,01CONSOL_G01,G,8/15/2026 2:41:00 PM,8/15/2026 2:45:00 PM,MIN_OPERATING_MW,44.52,
8/15/2026 2:40:00 PM,RTD,CLUZ,01PASBUSOL_G01,G,8/15/2026 2:01:00 PM,8/15/2026 3:00:00 PM,MAX_OPERATING_MW,31.15,
8/15/2026 2:40:00 PM,RTD,CLUZ,01PASBUSOL_G01,G,8/15/2026 2:01:00 PM,8/15/2026 3:00:00 PM,MIN_OPERATING_MW,31.15,
8/15/2026 2:40:00 PM,RTD,CLUZ,01TERRASOL_G01,G,8/15/2026 2:11:00 PM,8/15/2026 3:00:00 PM,MAX_OPERATING_MW,530.20,
8/15/2026 2:40:00 PM,RTD,CLUZ,01TERRASOL_G01,G,8/15/2026 2:11:00 PM,8/15/2026 3:00:00 PM,MIN_OPERATING_MW,530.20,
8/15/2026 2:40:00 PM,RTD,CLUZ,03LUMBSOL_G01,G,8/15/2026 2:36:00 PM,8/15/2026 2:40:00 PM,MAX_OPERATING_MW,15,
8/15/2026 2:40:00 PM,RTD,CLUZ,03LUMBSOL_G01,G,8/15/2026 2:36:00 PM,8/15/2026 2:40:00 PM,MIN_OPERATING_MW,15,
8/15/2026 2:40:00 PM,RTD,CLUZ,03LUMBSOL_G01,G,8/15/2026 2:41:00 PM,8/15/2026 2:45:00 PM,MAX_OPERATING_MW,15,
8/15/2026 2:40:00 PM,RTD,CLUZ,03LUMBSOL_G01,G,8/15/2026 2:41:00 PM,8/15/2026 2:45:00 PM,MIN_OPERATING_MW,15,
8/15/2026 2:40:00 PM,RTD,CLUZ,03LUNSOL_G01,G,8/15/2026 2:36:00 PM,8/15/2026 2:40:00 PM,MAX_OPERATING_MW,26.19,
8/15/2026 2:40:00 PM,RTD,CLUZ,03LUNSOL_G01,G,8/15/2026 2:36:00 PM,8/15/2026 2:40:00 PM,MIN_OPERATING_MW,26.19,
8/15/2026 2:40:00 PM,RTD,CLUZ,03LUNSOL_G01,G,8/15/2026 2:41:00 PM,8/15/2026 2:45:00 PM,MAX_OPERATING_MW,25.58,
8/15/2026 2:40:00 PM,RTD,CLUZ,03LUNSOL_G01,G,8/15/2026 2:41:00 PM,8/15/2026 2:45:00 PM,MIN_OPERATING_MW,25.58,
8/15/2026 2:40:00 PM,RTD,CLUZ,03TANWIND_G01,G,8/15/2026 2:36:00 PM,8/15/2026 2:40:00 PM,MAX_OPERATING_MW,5.20,
8/15/2026 2:40:00 PM,RTD,CLUZ,03TANWIND_G01,G,8/15/2026 2:36:00 PM,8/15/2026 2:40:00 PM,MIN_OPERATING_MW,5.20,
8/15/2026 2:40:00 PM,RTD,CLUZ,03TANWIND_G01,G,8/15/2026 2:41:00 PM,8/15/2026 2:45:00 PM,MAX_OPERATING_MW,5.20,
8/15/2026 2:40:00 PM,RTD,CLUZ,03TANWIND_G01,G,8/15/2026 2:41:00 PM,8/15/2026 2:45:00 PM,MIN_OPERATING_MW,5.20,
8/15/2026 2:40:00 PM,RTD,CVIS,04ISIDROSOL_G01,G,8/15/2026 2:01:00 PM,8/15/2026 3:00:00 PM,MAX_OPERATING_MW,72,
8/15/2026 2:40:00 PM,RTD,CVIS,04ISIDROSOL_G01,G,8/15/2026 2:01:00 PM,8/15/2026 3:00:00 PM,MIN_OPERATING_MW,72,
8/15/2026 2:40:00 PM,RTD,CVIS,06SLYSOL_G02,G,8/15/2026 2:01:00 PM,8/15/2026 3:00:00 PM,MAX_OPERATING_MW,9.65,
8/15/2026 2:40:00 PM,RTD,CVIS,06SLYSOL_G02,G,8/15/2026 2:01:00 PM,8/15/2026 3:00:00 PM,MIN_OPERATING_MW,9.65,
8/15/2026 2:40:00 PM,RTD,CVIS,06SLYSOL_G03,G,8/15/2026 2:01:00 PM,8/15/2026 3:00:00 PM,MAX_OPERATING_MW,9.53,
8/15/2026 2:40:00 PM,RTD,CVIS,06SLYSOL_G03,G,8/15/2026 2:01:00 PM,8/15/2026 3:00:00 PM,MIN_OPERATING_MW,9.53,
8/15/2026 2:40:00 PM,RTD,CMIN,10IDP1_U08,G,8/15/2026 12:56:00 PM,8/15/2026 3:55:00 PM,MAX_OPERATING_MW,4.90,
8/15/2026 2:40:00 PM,RTD,CMIN,10IDP1_U08,G,8/15/2026 12:56:00 PM,8/15/2026 3:55:00 PM,MIN_OPERATING_MW,4.90,
8/15/2026 2:40:00 PM,RTD,CMIN,10LIAN_G02,G,8/15/2026,8/15/2026 11:59:00 PM,MAX_OPERATING_MW,6.60,
8/15/2026 2:40:00 PM,RTD,CMIN,10LIAN_G02,G,8/15/2026,8/15/2026 11:59:00 PM,MIN_OPERATING_MW,6.60,
8/15/2026 2:40:00 PM,RTD,CMIN,14TANTASOL_G01,G,8/15/2026 2:01:00 PM,8/15/2026 3:00:00 PM,MAX_OPERATING_MW,45,
8/15/2026 2:40:00 PM,RTD,CMIN,14TANTASOL_G01,G,8/15/2026 2:01:00 PM,8/15/2026 3:00:00 PM,MIN_OPERATING_MW,45,
8/15/2026 2:45:00 PM,RTD,CLUZ,01BALWIND_G01,G,8/15/2026 12:16:00 PM,8/16/2026,MAX_OPERATING_MW,40,
8/15/2026 2:45:00 PM,RTD,CLUZ,01BALWIND_G01,G,8/15/2026 12:16:00 PM,8/16/2026,MIN_OPERATING_MW,40,
8/15/2026 2:45:00 PM,RTD,CLUZ,01BARBASOL_G01,G,8/15/2026 2:41:00 PM,8/15/2026 2:45:00 PM,MAX_OPERATING_MW,57.65,
8/15/2026 2:45:00 PM,RTD,CLUZ,01BARBASOL_G01,G,8/15/2026 2:41:00 PM,8/15/2026 2:45:00 PM,MIN_OPERATING_MW,57.65,
8/15/2026 2:45:00 PM,RTD,CLUZ,01BARBASOL_G01,G,8/15/2026 2:46:00 PM,8/15/2026 2:50:00 PM,MAX_OPERATING_MW,56.46,
8/15/2026 2:45:00 PM,RTD,CLUZ,01BARBASOL_G01,G,8/15/2026 2:46:00 PM,8/15/2026 2:50:00 PM,MIN_OPERATING_MW,56.46,
8/15/2026 2:45:00 PM,RTD,CLUZ,01BUGSOL_G01,G,8/15/2026 2:41:00 PM,8/15/2026 2:45:00 PM,MAX_OPERATING_MW,60,
8/15/2026 2:45:00 PM,RTD,CLUZ,01BUGSOL_G01,G,8/15/2026 2:41:00 PM,8/15/2026 2:45:00 PM,MIN_OPERATING_MW,60,
8/15/2026 2:45:00 PM,RTD,CLUZ,01BUGSOL_G01,G,8/15/2026 2:46:00 PM,8/15/2026 2:50:00 PM,MAX_OPERATING_MW,44.60,
8/15/2026 2:45:00 PM,RTD,CLUZ,01BUGSOL_G01,G,8/15/2026 2:46:00 PM,8/15/2026 2:50:00 PM,MIN_OPERATING_MW,44.60,
8/15/2026 2:45:00 PM,RTD,CLUZ,01BULACSOL_G01,G,8/15/2026 2:01:00 PM,8/15/2026 3:00:00 PM,MAX_OPERATING_MW,11.52,
8/15/2026 2:45:00 PM,RTD,CLUZ,01BULACSOL_G01,G,8/15/2026 2:01:00 PM,8/15/2026 3:00:00 PM,MIN_OPERATING_MW,11.52,
8/15/2026 2:45:00 PM,RTD,CLUZ,01CONSOL_G01,G,8/15/2026 2:41:00 PM,8/15/2026 2:45:00 PM,MAX_OPERATING_MW,44.52,
8/15/2026 2:45:00 PM,RTD,CLUZ,01CONSOL_G01,G,8/15/2026 2:41:00 PM,8/15/2026 2:45:00 PM,MIN_OPERATING_MW,44.52,
8/15/2026 2:45:00 PM,RTD,CLUZ,01CONSOL_G01,G,8/15/2026 2:46:00 PM,8/15/2026 2:50:00 PM,MAX_OPERATING_MW,44.04,
8/15/2026 2:45:00 PM,RTD,CLUZ,01CONSOL_G01,G,8/15/2026 2:46:00 PM,8/15/2026 2:50:00 PM,MIN_OPERATING_MW,44.04,
8/15/2026 2:45:00 PM,RTD,CLUZ,01PASBUSOL_G01,G,8/15/2026 2:01:00 PM,8/15/2026 3:00:00 PM,MAX_OPERATING_MW,31.15,
8/15/2026 2:45:00 PM,RTD,CLUZ,01PASBUSOL_G01,G,8/15/2026 2:01:00 PM,8/15/2026 3:00:00 PM,MIN_OPERATING_MW,31.15,
8/15/2026 2:45:00 PM,RTD,CLUZ,01TERRASOL_G01,G,8/15/2026 2:11:00 PM,8/15/2026 3:00:00 PM,MAX_OPERATING_MW,530.20,
8/15/2026 2:45:00 PM,RTD,CLUZ,01TERRASOL_G01,G,8/15/2026 2:11:00 PM,8/15/2026 3:00:00 PM,MIN_OPERATING_MW,530.20,
8/15/2026 2:45:00 PM,RTD,CLUZ,03LUMBSOL_G01,G,8/15/2026 2:41:00 PM,8/15/2026 2:45:00 PM,MAX_OPERATING_MW,15,
8/15/2026 2:45:00 PM,RTD,CLUZ,03LUMBSOL_G01,G,8/15/2026 2:41:00 PM,8/15/2026 2:45:00 PM,MIN_OPERATING_MW,15,
8/15/2026 2:45:00 PM,RTD,CLUZ,03LUMBSOL_G01,G,8/15/2026 2:46:00 PM,8/15/2026 2:50:00 PM,MAX_OPERATING_MW,15,
8/15/2026 2:45:00 PM,RTD,CLUZ,03LUMBSOL_G01,G,8/15/2026 2:46:00 PM,8/15/2026 2:50:00 PM,MIN_OPERATING_MW,15,
8/15/2026 2:45:00 PM,RTD,CLUZ,03LUNSOL_G01,G,8/15/2026 2:41:00 PM,8/15/2026 2:45:00 PM,MAX_OPERATING_MW,25.58,
8/15/2026 2:45:00 PM,RTD,CLUZ,03LUNSOL_G01,G,8/15/2026 2:41:00 PM,8/15/2026 2:45:00 PM,MIN_OPERATING_MW,25.58,
8/15/2026 2:45:00 PM,RTD,CLUZ,03LUNSOL_G01,G,8/15/2026 2:46:00 PM,8/15/2026 2:50:00 PM,MAX_OPERATING_MW,24.96,
8/15/2026 2:45:00 PM,RTD,CLUZ,03LUNSOL_G01,G,8/15/2026 2:46:00 PM,8/15/2026 2:50:00 PM,MIN_OPERATING_MW,24.96,
8/15/2026 2:45:00 PM,RTD,CLUZ,03TANWIND_G01,G,8/15/2026 2:41:00 PM,8/15/2026 2:45:00 PM,MAX_OPERATING_MW,5.20,
8/15/2026 2:45:00 PM,RTD,CLUZ,03TANWIND_G01,G,8/15/2026 2:41:00 PM,8/15/2026 2:45:00 PM,MIN_OPERATING_MW,5.20,
8/15/2026 2:45:00 PM,RTD,CLUZ,03TANWIND_G01,G,8/15/2026 2:46:00 PM,8/15/2026 2:50:00 PM,MAX_OPERATING_MW,5.20,
8/15/2026 2:45:00 PM,RTD,CLUZ,03TANWIND_G01,G,8/15/2026 2:46:00 PM,8/15/2026 2:50:00 PM,MIN_OPERATING_MW,5.20,
8/15/2026 2:45:00 PM,RTD,CVIS,04ISIDROSOL_G01,G,8/15/2026 2:01:00 PM,8/15/2026 3:00:00 PM,MAX_OPERATING_MW,72,
8/15/2026 2:45:00 PM,RTD,CVIS,04ISIDROSOL_G01,G,8/15/2026 2:01:00 PM,8/15/2026 3:00:00 PM,MIN_OPERATING_MW,72,
8/15/2026 2:45:00 PM,RTD,CVIS,06SLYSOL_G02,G,8/15/2026 2:01:00 PM,8/15/2026 3:00:00 PM,MAX_OPERATING_MW,9.65,
8/15/2026 2:45:00 PM,RTD,CVIS,06SLYSOL_G02,G,8/15/2026 2:01:00 PM,8/15/2026 3:00:00 PM,MIN_OPERATING_MW,9.65,
8/15/2026 2:45:00 PM,RTD,CVIS,06SLYSOL_G03,G,8/15/2026 2:01:00 PM,8/15/2026 3:00:00 PM,MAX_OPERATING_MW,9.53,
8/15/2026 2:45:00 PM,RTD,CVIS,06SLYSOL_G03,G,8/15/2026 2:01:00 PM,8/15/2026 3:00:00 PM,MIN_OPERATING_MW,9.53,
8/15/2026 2:45:00 PM,RTD,CMIN,10IDP1_U08,G,8/15/2026 12:56:00 PM,8/15/2026 3:55:00 PM,MAX_OPERATING_MW,4.90,
8/15/2026 2:45:00 PM,RTD,CMIN,10IDP1_U08,G,8/15/2026 12:56:00 PM,8/15/2026 3:55:00 PM,MIN_OPERATING_MW,4.90,
8/15/2026 2:45:00 PM,RTD,CMIN,10LIAN_G02,G,8/15/2026,8/15/2026 11:59:00 PM,MAX_OPERATING_MW,6.60,
8/15/2026 2:45:00 PM,RTD,CMIN,10LIAN_G02,G,8/15/2026,8/15/2026 11:59:00 PM,MIN_OPERATING_MW,6.60,
8/15/2026 2:45:00 PM,RTD,CMIN,14TANTASOL_G01,G,8/15/2026 2:01:00 PM,8/15/2026 3:00:00 PM,MAX_OPERATING_MW,45,
8/15/2026 2:45:00 PM,RTD,CMIN,14TANTASOL_G01,G,8/15/2026 2:01:00 PM,8/15/2026 3:00:00 PM,MIN_OPERATING_MW,45,
8/15/2026 2:50:00 PM,RTD,CLUZ,01BALWIND_G01,G,8/15/2026 12:16:00 PM,8/16/2026,MAX_OPERATING_MW,40,
8/15/2026 2:50:00 PM,RTD,CLUZ,01BALWIND_G01,G,8/15/2026 12:16:00 PM,8/16/2026,MIN_OPERATING_MW,40,
8/15/2026 2:50:00 PM,RTD,CLUZ,01BARBASOL_G01,G,8/15/2026 2:46:00 PM,8/15/2026 2:50:00 PM,MAX_OPERATING_MW,56.46,
8/15/2026 2:50:00 PM,RTD,CLUZ,01BARBASOL_G01,G,8/15/2026 2:46:00 PM,8/15/2026 2:50:00 PM,MIN_OPERATING_MW,56.46,
8/15/2026 2:50:00 PM,RTD,CLUZ,01BARBASOL_G01,G,8/15/2026 2:51:00 PM,8/15/2026 2:55:00 PM,MAX_OPERATING_MW,55.19,
8/15/2026 2:50:00 PM,RTD,CLUZ,01BARBASOL_G01,G,8/15/2026 2:51:00 PM,8/15/2026 2:55:00 PM,MIN_OPERATING_MW,55.19,
8/15/2026 2:50:00 PM,RTD,CLUZ,01BUGSOL_G01,G,8/15/2026 2:46:00 PM,8/15/2026 2:50:00 PM,MAX_OPERATING_MW,44.60,
8/15/2026 2:50:00 PM,RTD,CLUZ,01BUGSOL_G01,G,8/15/2026 2:46:00 PM,8/15/2026 2:50:00 PM,MIN_OPERATING_MW,44.60,
8/15/2026 2:50:00 PM,RTD,CLUZ,01BUGSOL_G01,G,8/15/2026 2:51:00 PM,8/15/2026 2:55:00 PM,MAX_OPERATING_MW,43.20,
8/15/2026 2:50:00 PM,RTD,CLUZ,01BUGSOL_G01,G,8/15/2026 2:51:00 PM,8/15/2026 2:55:00 PM,MIN_OPERATING_MW,43.20,
8/15/2026 2:50:00 PM,RTD,CLUZ,01BULACSOL_G01,G,8/15/2026 2:01:00 PM,8/15/2026 3:00:00 PM,MAX_OPERATING_MW,11.52,
8/15/2026 2:50:00 PM,RTD,CLUZ,01BULACSOL_G01,G,8/15/2026 2:01:00 PM,8/15/2026 3:00:00 PM,MIN_OPERATING_MW,11.52,
8/15/2026 2:50:00 PM,RTD,CLUZ,01CONSOL_G01,G,8/15/2026 2:46:00 PM,8/15/2026 2:50:00 PM,MAX_OPERATING_MW,44.04,
8/15/2026 2:50:00 PM,RTD,CLUZ,01CONSOL_G01,G,8/15/2026 2:46:00 PM,8/15/2026 2:50:00 PM,MIN_OPERATING_MW,44.04,
8/15/2026 2:50:00 PM,RTD,CLUZ,01CONSOL_G01,G,8/15/2026 2:51:00 PM,8/15/2026 2:55:00 PM,MAX_OPERATING_MW,43.52,
8/15/2026 2:50:00 PM,RTD,CLUZ,01CONSOL_G01,G,8/15/2026 2:51:00 PM,8/15/2026 2:55:00 PM,MIN_OPERATING_MW,43.52,
8/15/2026 2:50:00 PM,RTD,CLUZ,01PASBUSOL_G01,G,8/15/2026 2:01:00 PM,8/15/2026 3:00:00 PM,MAX_OPERATING_MW,31.15,
8/15/2026 2:50:00 PM,RTD,CLUZ,01PASBUSOL_G01,G,8/15/2026 2:01:00 PM,8/15/2026 3:00:00 PM,MIN_OPERATING_MW,31.15,
8/15/2026 2:50:00 PM,RTD,CLUZ,01TERRASOL_G01,G,8/15/2026 2:11:00 PM,8/15/2026 3:00:00 PM,MAX_OPERATING_MW,530.20,
8/15/2026 2:50:00 PM,RTD,CLUZ,01TERRASOL_G01,G,8/15/2026 2:11:00 PM,8/15/2026 3:00:00 PM,MIN_OPERATING_MW,530.20,
8/15/2026 2:50:00 PM,RTD,CLUZ,03LUMBSOL_G01,G,8/15/2026 2:46:00 PM,8/15/2026 2:50:00 PM,MAX_OPERATING_MW,15,
8/15/2026 2:50:00 PM,RTD,CLUZ,03LUMBSOL_G01,G,8/15/2026 2:46:00 PM,8/15/2026 2:50:00 PM,MIN_OPERATING_MW,15,
8/15/2026 2:50:00 PM,RTD,CLUZ,03LUMBSOL_G01,G,8/15/2026 2:51:00 PM,8/15/2026 2:55:00 PM,MAX_OPERATING_MW,15,
8/15/2026 2:50:00 PM,RTD,CLUZ,03LUMBSOL_G01,G,8/15/2026 2:51:00 PM,8/15/2026 2:55:00 PM,MIN_OPERATING_MW,15,
8/15/2026 2:50:00 PM,RTD,CLUZ,03LUNSOL_G01,G,8/15/2026 2:46:00 PM,8/15/2026 2:50:00 PM,MAX_OPERATING_MW,24.96,
8/15/2026 2:50:00 PM,RTD,CLUZ,03LUNSOL_G01,G,8/15/2026 2:46:00 PM,8/15/2026 2:50:00 PM,MIN_OPERATING_MW,24.96,
8/15/2026 2:50:00 PM,RTD,CLUZ,03LUNSOL_G01,G,8/15/2026 2:51:00 PM,8/15/2026 2:55:00 PM,MAX_OPERATING_MW,24.32,
8/15/2026 2:50:00 PM,RTD,CLUZ,03LUNSOL_G01,G,8/15/2026 2:51:00 PM,8/15/2026 2:55:00 PM,MIN_OPERATING_MW,24.32,
8/15/2026 2:50:00 PM,RTD,CLUZ,03TANWIND_G01,G,8/15/2026 2:46:00 PM,8/15/2026 2:50:00 PM,MAX_OPERATING_MW,5.20,
8/15/2026 2:50:00 PM,RTD,CLUZ,03TANWIND_G01,G,8/15/2026 2:46:00 PM,8/15/2026 2:50:00 PM,MIN_OPERATING_MW,5.20,
8/15/2026 2:50:00 PM,RTD,CLUZ,03TANWIND_G01,G,8/15/2026 2:51:00 PM,8/15/2026 2:55:00 PM,MAX_OPERATING_MW,5.20,
8/15/2026 2:50:00 PM,RTD,CLUZ,03TANWIND_G01,G,8/15/2026 2:51:00 PM,8/15/2026 2:55:00 PM,MIN_OPERATING_MW,5.20,
8/15/2026 2:50:00 PM,RTD,CVIS,04ISIDROSOL_G01,G,8/15/2026 2:01:00 PM,8/15/2026 3:00:00 PM,MAX_OPERATING_MW,72,
8/15/2026 2:50:00 PM,RTD,CVIS,04ISIDROSOL_G01,G,8/15/2026 2:01:00 PM,8/15/2026 3:00:00 PM,MIN_OPERATING_MW,72,
8/15/2026 2:50:00 PM,RTD,CVIS,06SLYSOL_G02,G,8/15/2026 2:01:00 PM,8/15/2026 3:00:00 PM,MAX_OPERATING_MW,9.65,
8/15/2026 2:50:00 PM,RTD,CVIS,06SLYSOL_G02,G,8/15/2026 2:01:00 PM,8/15/2026 3:00:00 PM,MIN_OPERATING_MW,9.65,
8/15/2026 2:50:00 PM,RTD,CVIS,06SLYSOL_G03,G,8/15/2026 2:01:00 PM,8/15/2026 3:00:00 PM,MAX_OPERATING_MW,9.53,
8/15/2026 2:50:00 PM,RTD,CVIS,06SLYSOL_G03,G,8/15/2026 2:01:00 PM,8/15/2026 3:00:00 PM,MIN_OPERATING_MW,9.53,
8/15/2026 2:50:00 PM,RTD,CMIN,10IDP1_U08,G,8/15/2026 12:56:00 PM,8/15/2026 3:55:00 PM,MAX_OPERATING_MW,4.90,
8/15/2026 2:50:00 PM,RTD,CMIN,10IDP1_U08,G,8/15/2026 12:56:00 PM,8/15/2026 3:55:00 PM,MIN_OPERATING_MW,4.90,
8/15/2026 2:50:00 PM,RTD,CMIN,10LIAN_G02,G,8/15/2026,8/15/2026 11:59:00 PM,MAX_OPERATING_MW,6.60,
8/15/2026 2:50:00 PM,RTD,CMIN,10LIAN_G02,G,8/15/2026,8/15/2026 11:59:00 PM,MIN_OPERATING_MW,6.60,
8/15/2026 2:50:00 PM,RTD,CMIN,14TANTASOL_G01,G,8/15/2026 2:01:00 PM,8/15/2026 3:00:00 PM,MAX_OPERATING_MW,45,
8/15/2026 2:50:00 PM,RTD,CMIN,14TANTASOL_G01,G,8/15/2026 2:01:00 PM,8/15/2026 3:00:00 PM,MIN_OPERATING_MW,45,
8/15/2026 2:55:00 PM,RTD,CLUZ,01BALWIND_G01,G,8/15/2026 12:16:00 PM,8/16/2026,MAX_OPERATING_MW,40,
8/15/2026 2:55:00 PM,RTD,CLUZ,01BALWIND_G01,G,8/15/2026 12:16:00 PM,8/16/2026,MIN_OPERATING_MW,40,
8/15/2026 2:55:00 PM,RTD,CLUZ,01BARBASOL_G01,G,8/15/2026 2:51:00 PM,8/15/2026 2:55:00 PM,MAX_OPERATING_MW,55.19,
8/15/2026 2:55:00 PM,RTD,CLUZ,01BARBASOL_G01,G,8/15/2026 2:51:00 PM,8/15/2026 2:55:00 PM,MIN_OPERATING_MW,55.19,
8/15/2026 2:55:00 PM,RTD,CLUZ,01BARBASOL_G01,G,8/15/2026 2:56:00 PM,8/15/2026 3:00:00 PM,MAX_OPERATING_MW,53.83,
8/15/2026 2:55:00 PM,RTD,CLUZ,01BARBASOL_G01,G,8/15/2026 2:56:00 PM,8/15/2026 3:00:00 PM,MIN_OPERATING_MW,53.83,
8/15/2026 2:55:00 PM,RTD,CLUZ,01BUGSOL_G01,G,8/15/2026 2:51:00 PM,8/15/2026 2:55:00 PM,MAX_OPERATING_MW,43.20,
8/15/2026 2:55:00 PM,RTD,CLUZ,01BUGSOL_G01,G,8/15/2026 2:51:00 PM,8/15/2026 2:55:00 PM,MIN_OPERATING_MW,43.20,
8/15/2026 2:55:00 PM,RTD,CLUZ,01BUGSOL_G01,G,8/15/2026 2:56:00 PM,8/15/2026 3:00:00 PM,MAX_OPERATING_MW,30.50,
8/15/2026 2:55:00 PM,RTD,CLUZ,01BUGSOL_G01,G,8/15/2026 2:56:00 PM,8/15/2026 3:00:00 PM,MIN_OPERATING_MW,30.50,
8/15/2026 2:55:00 PM,RTD,CLUZ,01BULACSOL_G01,G,8/15/2026 2:01:00 PM,8/15/2026 3:00:00 PM,MAX_OPERATING_MW,11.52,
8/15/2026 2:55:00 PM,RTD,CLUZ,01BULACSOL_G01,G,8/15/2026 2:01:00 PM,8/15/2026 3:00:00 PM,MIN_OPERATING_MW,11.52,
8/15/2026 2:55:00 PM,RTD,CLUZ,01CONSOL_G01,G,8/15/2026 2:51:00 PM,8/15/2026 2:55:00 PM,MAX_OPERATING_MW,43.52,
8/15/2026 2:55:00 PM,RTD,CLUZ,01CONSOL_G01,G,8/15/2026 2:51:00 PM,8/15/2026 2:55:00 PM,MIN_OPERATING_MW,43.52,
8/15/2026 2:55:00 PM,RTD,CLUZ,01CONSOL_G01,G,8/15/2026 2:56:00 PM,8/15/2026 3:00:00 PM,MAX_OPERATING_MW,42.96,
8/15/2026 2:55:00 PM,RTD,CLUZ,01CONSOL_G01,G,8/15/2026 2:56:00 PM,8/15/2026 3:00:00 PM,MIN_OPERATING_MW,42.96,
8/15/2026 2:55:00 PM,RTD,CLUZ,01PASBUSOL_G01,G,8/15/2026 2:01:00 PM,8/15/2026 3:00:00 PM,MAX_OPERATING_MW,31.15,
8/15/2026 2:55:00 PM,RTD,CLUZ,01PASBUSOL_G01,G,8/15/2026 2:01:00 PM,8/15/2026 3:00:00 PM,MIN_OPERATING_MW,31.15,
8/15/2026 2:55:00 PM,RTD,CLUZ,01TERRASOL_G01,G,8/15/2026 2:11:00 PM,8/15/2026 3:00:00 PM,MAX_OPERATING_MW,530.20,
8/15/2026 2:55:00 PM,RTD,CLUZ,01TERRASOL_G01,G,8/15/2026 2:11:00 PM,8/15/2026 3:00:00 PM,MIN_OPERATING_MW,530.20,
8/15/2026 2:55:00 PM,RTD,CLUZ,03LUMBSOL_G01,G,8/15/2026 2:51:00 PM,8/15/2026 2:55:00 PM,MAX_OPERATING_MW,15,
8/15/2026 2:55:00 PM,RTD,CLUZ,03LUMBSOL_G01,G,8/15/2026 2:51:00 PM,8/15/2026 2:55:00 PM,MIN_OPERATING_MW,15,
8/15/2026 2:55:00 PM,RTD,CLUZ,03LUMBSOL_G01,G,8/15/2026 2:56:00 PM,8/15/2026 3:00:00 PM,MAX_OPERATING_MW,15,
8/15/2026 2:55:00 PM,RTD,CLUZ,03LUMBSOL_G01,G,8/15/2026 2:56:00 PM,8/15/2026 3:00:00 PM,MIN_OPERATING_MW,15,
8/15/2026 2:55:00 PM,RTD,CLUZ,03LUNSOL_G01,G,8/15/2026 2:51:00 PM,8/15/2026 2:55:00 PM,MAX_OPERATING_MW,24.32,
8/15/2026 2:55:00 PM,RTD,CLUZ,03LUNSOL_G01,G,8/15/2026 2:51:00 PM,8/15/2026 2:55:00 PM,MIN_OPERATING_MW,24.32,
8/15/2026 2:55:00 PM,RTD,CLUZ,03LUNSOL_G01,G,8/15/2026 2:56:00 PM,8/15/2026 3:00:00 PM,MAX_OPERATING_MW,23.66,
8/15/2026 2:55:00 PM,RTD,CLUZ,03LUNSOL_G01,G,8/15/2026 2:56:00 PM,8/15/2026 3:00:00 PM,MIN_OPERATING_MW,23.66,
8/15/2026 2:55:00 PM,RTD,CLUZ,03TANWIND_G01,G,8/15/2026 2:51:00 PM,8/15/2026 2:55:00 PM,MAX_OPERATING_MW,5.20,
8/15/2026 2:55:00 PM,RTD,CLUZ,03TANWIND_G01,G,8/15/2026 2:51:00 PM,8/15/2026 2:55:00 PM,MIN_OPERATING_MW,5.20,
8/15/2026 2:55:00 PM,RTD,CLUZ,03TANWIND_G01,G,8/15/2026 2:56:00 PM,8/15/2026 3:00:00 PM,MAX_OPERATING_MW,5.20,
8/15/2026 2:55:00 PM,RTD,CLUZ,03TANWIND_G01,G,8/15/2026 2:56:00 PM,8/15/2026 3:00:00 PM,MIN_OPERATING_MW,5.20,
8/15/2026 2:55:00 PM,RTD,CVIS,04ISIDROSOL_G01,G,8/15/2026 2:01:00 PM,8/15/2026 3:00:00 PM,MAX_OPERATING_MW,72,
8/15/2026 2:55:00 PM,RTD,CVIS,04ISIDROSOL_G01,G,8/15/2026 2:01:00 PM,8/15/2026 3:00:00 PM,MIN_OPERATING_MW,72,
8/15/2026 2:55:00 PM,RTD,CVIS,06SLYSOL_G02,G,8/15/2026 2:01:00 PM,8/15/2026 3:00:00 PM,MAX_OPERATING_MW,9.65,
8/15/2026 2:55:00 PM,RTD,CVIS,06SLYSOL_G02,G,8/15/2026 2:01:00 PM,8/15/2026 3:00:00 PM,MIN_OPERATING_MW,9.65,
8/15/2026 2:55:00 PM,RTD,CVIS,06SLYSOL_G03,G,8/15/2026 2:01:00 PM,8/15/2026 3:00:00 PM,MAX_OPERATING_MW,9.53,
8/15/2026 2:55:00 PM,RTD,CVIS,06SLYSOL_G03,G,8/15/2026 2:01:00 PM,8/15/2026 3:00:00 PM,MIN_OPERATING_MW,9.53,
8/15/2026 2:55:00 PM,RTD,CMIN,10IDP1_U08,G,8/15/2026 12:56:00 PM,8/15/2026 3:55:00 PM,MAX_OPERATING_MW,4.90,
8/15/2026 2:55:00 PM,RTD,CMIN,10IDP1_U08,G,8/15/2026 12:56:00 PM,8/15/2026 3:55:00 PM,MIN_OPERATING_MW,4.90,
8/15/2026 2:55:00 PM,RTD,CMIN,10LIAN_G02,G,8/15/2026,8/15/2026 11:59:00 PM,MAX_OPERATING_MW,6.60,
8/15/2026 2:55:00 PM,RTD,CMIN,10LIAN_G02,G,8/15/2026,8/15/2026 11:59:00 PM,MIN_OPERATING_MW,6.60,
8/15/2026 2:55:00 PM,RTD,CMIN,14TANTASOL_G01,G,8/15/2026 2:01:00 PM,8/15/2026 3:00:00 PM,MAX_OPERATING_MW,45,
8/15/2026 2:55:00 PM,RTD,CMIN,14TANTASOL_G01,G,8/15/2026 2:01:00 PM,8/15/2026 3:00:00 PM,MIN_OPERATING_MW,45,
8/15/2026 3:00:00 PM,RTD,CLUZ,01BALWIND_G01,G,8/15/2026 12:16:00 PM,8/16/2026,MAX_OPERATING_MW,40,
8/15/2026 3:00:00 PM,RTD,CLUZ,01BALWIND_G01,G,8/15/2026 12:16:00 PM,8/16/2026,MIN_OPERATING_MW,40,
8/15/2026 3:00:00 PM,RTD,CLUZ,01BARBASOL_G01,G,8/15/2026 2:56:00 PM,8/15/2026 3:00:00 PM,MAX_OPERATING_MW,53.83,
8/15/2026 3:00:00 PM,RTD,CLUZ,01BARBASOL_G01,G,8/15/2026 2:56:00 PM,8/15/2026 3:00:00 PM,MIN_OPERATING_MW,53.83,
8/15/2026 3:00:00 PM,RTD,CLUZ,01BARBASOL_G01,G,8/15/2026 3:01:00 PM,8/15/2026 3:05:00 PM,MAX_OPERATING_MW,52.37,
8/15/2026 3:00:00 PM,RTD,CLUZ,01BARBASOL_G01,G,8/15/2026 3:01:00 PM,8/15/2026 3:05:00 PM,MIN_OPERATING_MW,52.37,
8/15/2026 3:00:00 PM,RTD,CLUZ,01BUGSOL_G01,G,8/15/2026 2:56:00 PM,8/15/2026 3:00:00 PM,MAX_OPERATING_MW,30.50,
8/15/2026 3:00:00 PM,RTD,CLUZ,01BUGSOL_G01,G,8/15/2026 2:56:00 PM,8/15/2026 3:00:00 PM,MIN_OPERATING_MW,30.50,
8/15/2026 3:00:00 PM,RTD,CLUZ,01BUGSOL_G01,G,8/15/2026 3:01:00 PM,8/15/2026 3:05:00 PM,MAX_OPERATING_MW,30.70,
8/15/2026 3:00:00 PM,RTD,CLUZ,01BUGSOL_G01,G,8/15/2026 3:01:00 PM,8/15/2026 3:05:00 PM,MIN_OPERATING_MW,30.70,
8/15/2026 3:00:00 PM,RTD,CLUZ,01BULACSOL_G01,G,8/15/2026 2:01:00 PM,8/15/2026 3:00:00 PM,MAX_OPERATING_MW,11.52,
8/15/2026 3:00:00 PM,RTD,CLUZ,01BULACSOL_G01,G,8/15/2026 2:01:00 PM,8/15/2026 3:00:00 PM,MIN_OPERATING_MW,11.52,
8/15/2026 3:00:00 PM,RTD,CLUZ,01BULACSOL_G01,G,8/15/2026 3:01:00 PM,8/15/2026 4:00:00 PM,MAX_OPERATING_MW,9.13,
8/15/2026 3:00:00 PM,RTD,CLUZ,01BULACSOL_G01,G,8/15/2026 3:01:00 PM,8/15/2026 4:00:00 PM,MIN_OPERATING_MW,9.13,
8/15/2026 3:00:00 PM,RTD,CLUZ,01CONSOL_G01,G,8/15/2026 2:56:00 PM,8/15/2026 3:00:00 PM,MAX_OPERATING_MW,42.96,
8/15/2026 3:00:00 PM,RTD,CLUZ,01CONSOL_G01,G,8/15/2026 2:56:00 PM,8/15/2026 3:00:00 PM,MIN_OPERATING_MW,42.96,
8/15/2026 3:00:00 PM,RTD,CLUZ,01CONSOL_G01,G,8/15/2026 3:01:00 PM,8/15/2026 3:05:00 PM,MAX_OPERATING_MW,42.07,
8/15/2026 3:00:00 PM,RTD,CLUZ,01CONSOL_G01,G,8/15/2026 3:01:00 PM,8/15/2026 3:05:00 PM,MIN_OPERATING_MW,42.07,
8/15/2026 3:00:00 PM,RTD,CLUZ,01PASBUSOL_G01,G,8/15/2026 2:01:00 PM,8/15/2026 3:00:00 PM,MAX_OPERATING_MW,31.15,
8/15/2026 3:00:00 PM,RTD,CLUZ,01PASBUSOL_G01,G,8/15/2026 2:01:00 PM,8/15/2026 3:00:00 PM,MIN_OPERATING_MW,31.15,
8/15/2026 3:00:00 PM,RTD,CLUZ,01PASBUSOL_G01,G,8/15/2026 3:01:00 PM,8/15/2026 4:00:00 PM,MAX_OPERATING_MW,20.14,
8/15/2026 3:00:00 PM,RTD,CLUZ,01PASBUSOL_G01,G,8/15/2026 3:01:00 PM,8/15/2026 4:00:00 PM,MIN_OPERATING_MW,20.14,
8/15/2026 3:00:00 PM,RTD,CLUZ,01TERRASOL_G01,G,8/15/2026 2:11:00 PM,8/15/2026 3:00:00 PM,MAX_OPERATING_MW,530.20,
8/15/2026 3:00:00 PM,RTD,CLUZ,01TERRASOL_G01,G,8/15/2026 2:11:00 PM,8/15/2026 3:00:00 PM,MIN_OPERATING_MW,530.20,
8/15/2026 3:00:00 PM,RTD,CLUZ,01TERRASOL_G01,G,8/15/2026 3:01:00 PM,8/15/2026 3:05:00 PM,MAX_OPERATING_MW,430,
8/15/2026 3:00:00 PM,RTD,CLUZ,01TERRASOL_G01,G,8/15/2026 3:01:00 PM,8/15/2026 3:05:00 PM,MIN_OPERATING_MW,430,
8/15/2026 3:00:00 PM,RTD,CLUZ,03LUMBSOL_G01,G,8/15/2026 2:56:00 PM,8/15/2026 3:00:00 PM,MAX_OPERATING_MW,15,
8/15/2026 3:00:00 PM,RTD,CLUZ,03LUMBSOL_G01,G,8/15/2026 2:56:00 PM,8/15/2026 3:00:00 PM,MIN_OPERATING_MW,15,
8/15/2026 3:00:00 PM,RTD,CLUZ,03LUMBSOL_G01,G,8/15/2026 3:01:00 PM,8/15/2026 3:05:00 PM,MAX_OPERATING_MW,15,
8/15/2026 3:00:00 PM,RTD,CLUZ,03LUMBSOL_G01,G,8/15/2026 3:01:00 PM,8/15/2026 3:05:00 PM,MIN_OPERATING_MW,15,
8/15/2026 3:00:00 PM,RTD,CLUZ,03LUNSOL_G01,G,8/15/2026 2:56:00 PM,8/15/2026 3:00:00 PM,MAX_OPERATING_MW,23.66,
8/15/2026 3:00:00 PM,RTD,CLUZ,03LUNSOL_G01,G,8/15/2026 2:56:00 PM,8/15/2026 3:00:00 PM,MIN_OPERATING_MW,23.66,
8/15/2026 3:00:00 PM,RTD,CLUZ,03LUNSOL_G01,G,8/15/2026 3:01:00 PM,8/15/2026 3:05:00 PM,MAX_OPERATING_MW,22.98,
8/15/2026 3:00:00 PM,RTD,CLUZ,03LUNSOL_G01,G,8/15/2026 3:01:00 PM,8/15/2026 3:05:00 PM,MIN_OPERATING_MW,22.98,
8/15/2026 3:00:00 PM,RTD,CLUZ,03TANWIND_G01,G,8/15/2026 2:56:00 PM,8/15/2026 3:00:00 PM,MAX_OPERATING_MW,5.20,
8/15/2026 3:00:00 PM,RTD,CLUZ,03TANWIND_G01,G,8/15/2026 2:56:00 PM,8/15/2026 3:00:00 PM,MIN_OPERATING_MW,5.20,
8/15/2026 3:00:00 PM,RTD,CLUZ,03TANWIND_G01,G,8/15/2026 3:01:00 PM,8/15/2026 3:05:00 PM,MAX_OPERATING_MW,5.50,
8/15/2026 3:00:00 PM,RTD,CLUZ,03TANWIND_G01,G,8/15/2026 3:01:00 PM,8/15/2026 3:05:00 PM,MIN_OPERATING_MW,5.50,
8/15/2026 3:00:00 PM,RTD,CVIS,04ISIDROSOL_G01,G,8/15/2026 2:01:00 PM,8/15/2026 3:00:00 PM,MAX_OPERATING_MW,72,
8/15/2026 3:00:00 PM,RTD,CVIS,04ISIDROSOL_G01,G,8/15/2026 2:01:00 PM,8/15/2026 3:00:00 PM,MIN_OPERATING_MW,72,
8/15/2026 3:00:00 PM,RTD,CVIS,04ISIDROSOL_G01,G,8/15/2026 3:01:00 PM,8/15/2026 4:00:00 PM,MAX_OPERATING_MW,50.90,
8/15/2026 3:00:00 PM,RTD,CVIS,04ISIDROSOL_G01,G,8/15/2026 3:01:00 PM,8/15/2026 4:00:00 PM,MIN_OPERATING_MW,50.90,
8/15/2026 3:00:00 PM,RTD,CVIS,06SLYSOL_G02,G,8/15/2026 2:01:00 PM,8/15/2026 3:00:00 PM,MAX_OPERATING_MW,9.65,
8/15/2026 3:00:00 PM,RTD,CVIS,06SLYSOL_G02,G,8/15/2026 2:01:00 PM,8/15/2026 3:00:00 PM,MIN_OPERATING_MW,9.65,
8/15/2026 3:00:00 PM,RTD,CVIS,06SLYSOL_G02,G,8/15/2026 3:01:00 PM,8/15/2026 4:00:00 PM,MAX_OPERATING_MW,9.38,
8/15/2026 3:00:00 PM,RTD,CVIS,06SLYSOL_G02,G,8/15/2026 3:01:00 PM,8/15/2026 4:00:00 PM,MIN_OPERATING_MW,9.38,
8/15/2026 3:00:00 PM,RTD,CVIS,06SLYSOL_G03,G,8/15/2026 2:01:00 PM,8/15/2026 3:00:00 PM,MAX_OPERATING_MW,9.53,
8/15/2026 3:00:00 PM,RTD,CVIS,06SLYSOL_G03,G,8/15/2026 2:01:00 PM,8/15/2026 3:00:00 PM,MIN_OPERATING_MW,9.53,
8/15/2026 3:00:00 PM,RTD,CVIS,06SLYSOL_G03,G,8/15/2026 3:01:00 PM,8/15/2026 4:00:00 PM,MAX_OPERATING_MW,8.62,
8/15/2026 3:00:00 PM,RTD,CVIS,06SLYSOL_G03,G,8/15/2026 3:01:00 PM,8/15/2026 4:00:00 PM,MIN_OPERATING_MW,8.62,
8/15/2026 3:00:00 PM,RTD,CMIN,10IDP1_U08,G,8/15/2026 12:56:00 PM,8/15/2026 3:55:00 PM,MAX_OPERATING_MW,4.90,
8/15/2026 3:00:00 PM,RTD,CMIN,10IDP1_U08,G,8/15/2026 12:56:00 PM,8/15/2026 3:55:00 PM,MIN_OPERATING_MW,4.90,
8/15/2026 3:00:00 PM,RTD,CMIN,10LIAN_G02,G,8/15/2026,8/15/2026 11:59:00 PM,MAX_OPERATING_MW,6.60,
8/15/2026 3:00:00 PM,RTD,CMIN,10LIAN_G02,G,8/15/2026,8/15/2026 11:59:00 PM,MIN_OPERATING_MW,6.60,
8/15/2026 3:00:00 PM,RTD,CMIN,14TANTASOL_G01,G,8/15/2026 2:01:00 PM,8/15/2026 3:00:00 PM,MAX_OPERATING_MW,45,
8/15/2026 3:00:00 PM,RTD,CMIN,14TANTASOL_G01,G,8/15/2026 2:01:00 PM,8/15/2026 3:00:00 PM,MIN_OPERATING_MW,45,
8/15/2026 3:00:00 PM,RTD,CMIN,14TANTASOL_G01,G,8/15/2026 3:01:00 PM,8/15/2026 4:00:00 PM,MAX_OPERATING_MW,39,
8/15/2026 3:00:00 PM,RTD,CMIN,14TANTASOL_G01,G,8/15/2026 3:01:00 PM,8/15/2026 4:00:00 PM,MIN_OPERATING_MW,39,
8/15/2026 3:05:00 PM,RTD,CLUZ,01BALWIND_G01,G,8/15/2026 12:16:00 PM,8/16/2026,MAX_OPERATING_MW,40,
8/15/2026 3:05:00 PM,RTD,CLUZ,01BALWIND_G01,G,8/15/2026 12:16:00 PM,8/16/2026,MIN_OPERATING_MW,40,
8/15/2026 3:05:00 PM,RTD,CLUZ,01BARBASOL_G01,G,8/15/2026 3:01:00 PM,8/15/2026 3:05:00 PM,MAX_OPERATING_MW,52.37,
8/15/2026 3:05:00 PM,RTD,CLUZ,01BARBASOL_G01,G,8/15/2026 3:01:00 PM,8/15/2026 3:05:00 PM,MIN_OPERATING_MW,52.37,
8/15/2026 3:05:00 PM,RTD,CLUZ,01BARBASOL_G01,G,8/15/2026 3:06:00 PM,8/15/2026 3:10:00 PM,MAX_OPERATING_MW,50.80,
8/15/2026 3:05:00 PM,RTD,CLUZ,01BARBASOL_G01,G,8/15/2026 3:06:00 PM,8/15/2026 3:10:00 PM,MIN_OPERATING_MW,50.80,
8/15/2026 3:05:00 PM,RTD,CLUZ,01BUGSOL_G01,G,8/15/2026 3:01:00 PM,8/15/2026 3:05:00 PM,MAX_OPERATING_MW,30.70,
8/15/2026 3:05:00 PM,RTD,CLUZ,01BUGSOL_G01,G,8/15/2026 3:01:00 PM,8/15/2026 3:05:00 PM,MIN_OPERATING_MW,30.70,
8/15/2026 3:05:00 PM,RTD,CLUZ,01BUGSOL_G01,G,8/15/2026 3:06:00 PM,8/15/2026 3:10:00 PM,MAX_OPERATING_MW,22.80,
8/15/2026 3:05:00 PM,RTD,CLUZ,01BUGSOL_G01,G,8/15/2026 3:06:00 PM,8/15/2026 3:10:00 PM,MIN_OPERATING_MW,22.80,
8/15/2026 3:05:00 PM,RTD,CLUZ,01BULACSOL_G01,G,8/15/2026 3:01:00 PM,8/15/2026 4:00:00 PM,MAX_OPERATING_MW,9.13,
8/15/2026 3:05:00 PM,RTD,CLUZ,01BULACSOL_G01,G,8/15/2026 3:01:00 PM,8/15/2026 4:00:00 PM,MIN_OPERATING_MW,9.13,
8/15/2026 3:05:00 PM,RTD,CLUZ,01CONSOL_G01,G,8/15/2026 3:01:00 PM,8/15/2026 3:05:00 PM,MAX_OPERATING_MW,42.07,
8/15/2026 3:05:00 PM,RTD,CLUZ,01CONSOL_G01,G,8/15/2026 3:01:00 PM,8/15/2026 3:05:00 PM,MIN_OPERATING_MW,42.07,
8/15/2026 3:05:00 PM,RTD,CLUZ,01CONSOL_G01,G,8/15/2026 3:06:00 PM,8/15/2026 3:10:00 PM,MAX_OPERATING_MW,40.86,
8/15/2026 3:05:00 PM,RTD,CLUZ,01CONSOL_G01,G,8/15/2026 3:06:00 PM,8/15/2026 3:10:00 PM,MIN_OPERATING_MW,40.86,
8/15/2026 3:05:00 PM,RTD,CLUZ,01PASBUSOL_G01,G,8/15/2026 3:01:00 PM,8/15/2026 4:00:00 PM,MAX_OPERATING_MW,20.14,
8/15/2026 3:05:00 PM,RTD,CLUZ,01PASBUSOL_G01,G,8/15/2026 3:01:00 PM,8/15/2026 4:00:00 PM,MIN_OPERATING_MW,20.14,
8/15/2026 3:05:00 PM,RTD,CLUZ,01TERRASOL_G01,G,8/15/2026 3:01:00 PM,8/15/2026 3:05:00 PM,MAX_OPERATING_MW,430,
8/15/2026 3:05:00 PM,RTD,CLUZ,01TERRASOL_G01,G,8/15/2026 3:01:00 PM,8/15/2026 3:05:00 PM,MIN_OPERATING_MW,430,
8/15/2026 3:05:00 PM,RTD,CLUZ,01TERRASOL_G01,G,8/15/2026 3:06:00 PM,8/15/2026 4:00:00 PM,MAX_OPERATING_MW,315.20,
8/15/2026 3:05:00 PM,RTD,CLUZ,01TERRASOL_G01,G,8/15/2026 3:06:00 PM,8/15/2026 4:00:00 PM,MIN_OPERATING_MW,315.20,
8/15/2026 3:05:00 PM,RTD,CLUZ,03LUMBSOL_G01,G,8/15/2026 3:01:00 PM,8/15/2026 3:05:00 PM,MAX_OPERATING_MW,15,
8/15/2026 3:05:00 PM,RTD,CLUZ,03LUMBSOL_G01,G,8/15/2026 3:01:00 PM,8/15/2026 3:05:00 PM,MIN_OPERATING_MW,15,
8/15/2026 3:05:00 PM,RTD,CLUZ,03LUMBSOL_G01,G,8/15/2026 3:06:00 PM,8/15/2026 3:10:00 PM,MAX_OPERATING_MW,15,
8/15/2026 3:05:00 PM,RTD,CLUZ,03LUMBSOL_G01,G,8/15/2026 3:06:00 PM,8/15/2026 3:10:00 PM,MIN_OPERATING_MW,15,
8/15/2026 3:05:00 PM,RTD,CLUZ,03LUNSOL_G01,G,8/15/2026 3:01:00 PM,8/15/2026 3:05:00 PM,MAX_OPERATING_MW,22.98,
8/15/2026 3:05:00 PM,RTD,CLUZ,03LUNSOL_G01,G,8/15/2026 3:01:00 PM,8/15/2026 3:05:00 PM,MIN_OPERATING_MW,22.98,
8/15/2026 3:05:00 PM,RTD,CLUZ,03LUNSOL_G01,G,8/15/2026 3:06:00 PM,8/15/2026 3:10:00 PM,MAX_OPERATING_MW,22.28,
8/15/2026 3:05:00 PM,RTD,CLUZ,03LUNSOL_G01,G,8/15/2026 3:06:00 PM,8/15/2026 3:10:00 PM,MIN_OPERATING_MW,22.28,
8/15/2026 3:05:00 PM,RTD,CLUZ,03TANWIND_G01,G,8/15/2026 3:01:00 PM,8/15/2026 3:05:00 PM,MAX_OPERATING_MW,5.50,
8/15/2026 3:05:00 PM,RTD,CLUZ,03TANWIND_G01,G,8/15/2026 3:01:00 PM,8/15/2026 3:05:00 PM,MIN_OPERATING_MW,5.50,
8/15/2026 3:05:00 PM,RTD,CLUZ,03TANWIND_G01,G,8/15/2026 3:06:00 PM,8/15/2026 3:10:00 PM,MAX_OPERATING_MW,5.50,
8/15/2026 3:05:00 PM,RTD,CLUZ,03TANWIND_G01,G,8/15/2026 3:06:00 PM,8/15/2026 3:10:00 PM,MIN_OPERATING_MW,5.50,
8/15/2026 3:05:00 PM,RTD,CVIS,04ISIDROSOL_G01,G,8/15/2026 3:01:00 PM,8/15/2026 4:00:00 PM,MAX_OPERATING_MW,50.90,
8/15/2026 3:05:00 PM,RTD,CVIS,04ISIDROSOL_G01,G,8/15/2026 3:01:00 PM,8/15/2026 4:00:00 PM,MIN_OPERATING_MW,50.90,
8/15/2026 3:05:00 PM,RTD,CVIS,06SLYSOL_G02,G,8/15/2026 3:01:00 PM,8/15/2026 4:00:00 PM,MAX_OPERATING_MW,9.38,
8/15/2026 3:05:00 PM,RTD,CVIS,06SLYSOL_G02,G,8/15/2026 3:01:00 PM,8/15/2026 4:00:00 PM,MIN_OPERATING_MW,9.38,
8/15/2026 3:05:00 PM,RTD,CVIS,06SLYSOL_G03,G,8/15/2026 3:01:00 PM,8/15/2026 4:00:00 PM,MAX_OPERATING_MW,8.62,
8/15/2026 3:05:00 PM,RTD,CVIS,06SLYSOL_G03,G,8/15/2026 3:01:00 PM,8/15/2026 4:00:00 PM,MIN_OPERATING_MW,8.62,
8/15/2026 3:05:00 PM,RTD,CMIN,10IDP1_U08,G,8/15/2026 12:56:00 PM,8/15/2026 3:55:00 PM,MAX_OPERATING_MW,4.90,
8/15/2026 3:05:00 PM,RTD,CMIN,10IDP1_U08,G,8/15/2026 12:56:00 PM,8/15/2026 3:55:00 PM,MIN_OPERATING_MW,4.90,
8/15/2026 3:05:00 PM,RTD,CMIN,10LIAN_G02,G,8/15/2026,8/15/2026 11:59:00 PM,MAX_OPERATING_MW,6.60,
8/15/2026 3:05:00 PM,RTD,CMIN,10LIAN_G02,G,8/15/2026,8/15/2026 11:59:00 PM,MIN_OPERATING_MW,6.60,
8/15/2026 3:05:00 PM,RTD,CMIN,14TANTASOL_G01,G,8/15/2026 3:01:00 PM,8/15/2026 4:00:00 PM,MAX_OPERATING_MW,39,
8/15/2026 3:05:00 PM,RTD,CMIN,14TANTASOL_G01,G,8/15/2026 3:01:00 PM,8/15/2026 4:00:00 PM,MIN_OPERATING_MW,39,
8/15/2026 3:10:00 PM,RTD,CLUZ,01BALWIND_G01,G,8/15/2026 12:16:00 PM,8/16/2026,MAX_OPERATING_MW,40,
8/15/2026 3:10:00 PM,RTD,CLUZ,01BALWIND_G01,G,8/15/2026 12:16:00 PM,8/16/2026,MIN_OPERATING_MW,40,
8/15/2026 3:10:00 PM,RTD,CLUZ,01BARBASOL_G01,G,8/15/2026 3:06:00 PM,8/15/2026 3:10:00 PM,MAX_OPERATING_MW,50.80,
8/15/2026 3:10:00 PM,RTD,CLUZ,01BARBASOL_G01,G,8/15/2026 3:06:00 PM,8/15/2026 3:10:00 PM,MIN_OPERATING_MW,50.80,
8/15/2026 3:10:00 PM,RTD,CLUZ,01BARBASOL_G01,G,8/15/2026 3:11:00 PM,8/15/2026 3:15:00 PM,MAX_OPERATING_MW,49.06,
8/15/2026 3:10:00 PM,RTD,CLUZ,01BARBASOL_G01,G,8/15/2026 3:11:00 PM,8/15/2026 3:15:00 PM,MIN_OPERATING_MW,49.06,
8/15/2026 3:10:00 PM,RTD,CLUZ,01BUGSOL_G01,G,8/15/2026 3:06:00 PM,8/15/2026 3:10:00 PM,MAX_OPERATING_MW,22.80,
8/15/2026 3:10:00 PM,RTD,CLUZ,01BUGSOL_G01,G,8/15/2026 3:06:00 PM,8/15/2026 3:10:00 PM,MIN_OPERATING_MW,22.80,
8/15/2026 3:10:00 PM,RTD,CLUZ,01BUGSOL_G01,G,8/15/2026 3:11:00 PM,8/15/2026 3:15:00 PM,MAX_OPERATING_MW,22.30,
8/15/2026 3:10:00 PM,RTD,CLUZ,01BUGSOL_G01,G,8/15/2026 3:11:00 PM,8/15/2026 3:15:00 PM,MIN_OPERATING_MW,22.30,
8/15/2026 3:10:00 PM,RTD,CLUZ,01BULACSOL_G01,G,8/15/2026 3:01:00 PM,8/15/2026 4:00:00 PM,MAX_OPERATING_MW,9.13,
8/15/2026 3:10:00 PM,RTD,CLUZ,01BULACSOL_G01,G,8/15/2026 3:01:00 PM,8/15/2026 4:00:00 PM,MIN_OPERATING_MW,9.13,
8/15/2026 3:10:00 PM,RTD,CLUZ,01CONSOL_G01,G,8/15/2026 3:06:00 PM,8/15/2026 3:10:00 PM,MAX_OPERATING_MW,40.86,
8/15/2026 3:10:00 PM,RTD,CLUZ,01CONSOL_G01,G,8/15/2026 3:06:00 PM,8/15/2026 3:10:00 PM,MIN_OPERATING_MW,40.86,
8/15/2026 3:10:00 PM,RTD,CLUZ,01CONSOL_G01,G,8/15/2026 3:11:00 PM,8/15/2026 3:15:00 PM,MAX_OPERATING_MW,39.63,
8/15/2026 3:10:00 PM,RTD,CLUZ,01CONSOL_G01,G,8/15/2026 3:11:00 PM,8/15/2026 3:15:00 PM,MIN_OPERATING_MW,39.63,
8/15/2026 3:10:00 PM,RTD,CLUZ,01PASBUSOL_G01,G,8/15/2026 3:01:00 PM,8/15/2026 4:00:00 PM,MAX_OPERATING_MW,20.14,
8/15/2026 3:10:00 PM,RTD,CLUZ,01PASBUSOL_G01,G,8/15/2026 3:01:00 PM,8/15/2026 4:00:00 PM,MIN_OPERATING_MW,20.14,
8/15/2026 3:10:00 PM,RTD,CLUZ,01TERRASOL_G01,G,8/15/2026 3:06:00 PM,8/15/2026 4:00:00 PM,MAX_OPERATING_MW,315.20,
8/15/2026 3:10:00 PM,RTD,CLUZ,01TERRASOL_G01,G,8/15/2026 3:06:00 PM,8/15/2026 4:00:00 PM,MIN_OPERATING_MW,315.20,
8/15/2026 3:10:00 PM,RTD,CLUZ,03LUMBSOL_G01,G,8/15/2026 3:06:00 PM,8/15/2026 3:10:00 PM,MAX_OPERATING_MW,15,
8/15/2026 3:10:00 PM,RTD,CLUZ,03LUMBSOL_G01,G,8/15/2026 3:06:00 PM,8/15/2026 3:10:00 PM,MIN_OPERATING_MW,15,
8/15/2026 3:10:00 PM,RTD,CLUZ,03LUMBSOL_G01,G,8/15/2026 3:11:00 PM,8/15/2026 3:15:00 PM,MAX_OPERATING_MW,15,
8/15/2026 3:10:00 PM,RTD,CLUZ,03LUMBSOL_G01,G,8/15/2026 3:11:00 PM,8/15/2026 3:15:00 PM,MIN_OPERATING_MW,15,
8/15/2026 3:10:00 PM,RTD,CLUZ,03LUNSOL_G01,G,8/15/2026 3:06:00 PM,8/15/2026 3:10:00 PM,MAX_OPERATING_MW,22.28,
8/15/2026 3:10:00 PM,RTD,CLUZ,03LUNSOL_G01,G,8/15/2026 3:06:00 PM,8/15/2026 3:10:00 PM,MIN_OPERATING_MW,22.28,
8/15/2026 3:10:00 PM,RTD,CLUZ,03LUNSOL_G01,G,8/15/2026 3:11:00 PM,8/15/2026 3:15:00 PM,MAX_OPERATING_MW,21.57,
8/15/2026 3:10:00 PM,RTD,CLUZ,03LUNSOL_G01,G,8/15/2026 3:11:00 PM,8/15/2026 3:15:00 PM,MIN_OPERATING_MW,21.57,
8/15/2026 3:10:00 PM,RTD,CLUZ,03TANWIND_G01,G,8/15/2026 3:06:00 PM,8/15/2026 3:10:00 PM,MAX_OPERATING_MW,5.50,
8/15/2026 3:10:00 PM,RTD,CLUZ,03TANWIND_G01,G,8/15/2026 3:06:00 PM,8/15/2026 3:10:00 PM,MIN_OPERATING_MW,5.50,
8/15/2026 3:10:00 PM,RTD,CLUZ,03TANWIND_G01,G,8/15/2026 3:11:00 PM,8/15/2026 3:15:00 PM,MAX_OPERATING_MW,5.50,
8/15/2026 3:10:00 PM,RTD,CLUZ,03TANWIND_G01,G,8/15/2026 3:11:00 PM,8/15/2026 3:15:00 PM,MIN_OPERATING_MW,5.50,
8/15/2026 3:10:00 PM,RTD,CVIS,04ISIDROSOL_G01,G,8/15/2026 3:01:00 PM,8/15/2026 4:00:00 PM,MAX_OPERATING_MW,50.90,
8/15/2026 3:10:00 PM,RTD,CVIS,04ISIDROSOL_G01,G,8/15/2026 3:01:00 PM,8/15/2026 4:00:00 PM,MIN_OPERATING_MW,50.90,
8/15/2026 3:10:00 PM,RTD,CVIS,06SLYSOL_G02,G,8/15/2026 3:01:00 PM,8/15/2026 4:00:00 PM,MAX_OPERATING_MW,9.38,
8/15/2026 3:10:00 PM,RTD,CVIS,06SLYSOL_G02,G,8/15/2026 3:01:00 PM,8/15/2026 4:00:00 PM,MIN_OPERATING_MW,9.38,
8/15/2026 3:10:00 PM,RTD,CVIS,06SLYSOL_G03,G,8/15/2026 3:01:00 PM,8/15/2026 4:00:00 PM,MAX_OPERATING_MW,8.62,
8/15/2026 3:10:00 PM,RTD,CVIS,06SLYSOL_G03,G,8/15/2026 3:01:00 PM,8/15/2026 4:00:00 PM,MIN_OPERATING_MW,8.62,
8/15/2026 3:10:00 PM,RTD,CMIN,10IDP1_U08,G,8/15/2026 12:56:00 PM,8/15/2026 3:55:00 PM,MAX_OPERATING_MW,4.90,
8/15/2026 3:10:00 PM,RTD,CMIN,10IDP1_U08,G,8/15/2026 12:56:00 PM,8/15/2026 3:55:00 PM,MIN_OPERATING_MW,4.90,
8/15/2026 3:10:00 PM,RTD,CMIN,10LIAN_G02,G,8/15/2026,8/15/2026 11:59:00 PM,MAX_OPERATING_MW,6.60,
8/15/2026 3:10:00 PM,RTD,CMIN,10LIAN_G02,G,8/15/2026,8/15/2026 11:59:00 PM,MIN_OPERATING_MW,6.60,
8/15/2026 3:10:00 PM,RTD,CMIN,14TANTASOL_G01,G,8/15/2026 3:01:00 PM,8/15/2026 4:00:00 PM,MAX_OPERATING_MW,39,
8/15/2026 3:10:00 PM,RTD,CMIN,14TANTASOL_G01,G,8/15/2026 3:01:00 PM,8/15/2026 4:00:00 PM,MIN_OPERATING_MW,39,
8/15/2026 3:15:00 PM,RTD,CLUZ,01BALWIND_G01,G,8/15/2026 12:16:00 PM,8/16/2026,MAX_OPERATING_MW,40,
8/15/2026 3:15:00 PM,RTD,CLUZ,01BALWIND_G01,G,8/15/2026 12:16:00 PM,8/16/2026,MIN_OPERATING_MW,40,
8/15/2026 3:15:00 PM,RTD,CLUZ,01BARBASOL_G01,G,8/15/2026 3:11:00 PM,8/15/2026 3:15:00 PM,MAX_OPERATING_MW,49.06,
8/15/2026 3:15:00 PM,RTD,CLUZ,01BARBASOL_G01,G,8/15/2026 3:11:00 PM,8/15/2026 3:15:00 PM,MIN_OPERATING_MW,49.06,
8/15/2026 3:15:00 PM,RTD,CLUZ,01BARBASOL_G01,G,8/15/2026 3:16:00 PM,8/15/2026 3:20:00 PM,MAX_OPERATING_MW,47.18,
8/15/2026 3:15:00 PM,RTD,CLUZ,01BARBASOL_G01,G,8/15/2026 3:16:00 PM,8/15/2026 3:20:00 PM,MIN_OPERATING_MW,47.18,
8/15/2026 3:15:00 PM,RTD,CLUZ,01BUGSOL_G01,G,8/15/2026 3:11:00 PM,8/15/2026 3:15:00 PM,MAX_OPERATING_MW,22.30,
8/15/2026 3:15:00 PM,RTD,CLUZ,01BUGSOL_G01,G,8/15/2026 3:11:00 PM,8/15/2026 3:15:00 PM,MIN_OPERATING_MW,22.30,
8/15/2026 3:15:00 PM,RTD,CLUZ,01BUGSOL_G01,G,8/15/2026 3:16:00 PM,8/15/2026 3:20:00 PM,MAX_OPERATING_MW,24.80,
8/15/2026 3:15:00 PM,RTD,CLUZ,01BUGSOL_G01,G,8/15/2026 3:16:00 PM,8/15/2026 3:20:00 PM,MIN_OPERATING_MW,24.80,
8/15/2026 3:15:00 PM,RTD,CLUZ,01BULACSOL_G01,G,8/15/2026 3:01:00 PM,8/15/2026 4:00:00 PM,MAX_OPERATING_MW,9.13,
8/15/2026 3:15:00 PM,RTD,CLUZ,01BULACSOL_G01,G,8/15/2026 3:01:00 PM,8/15/2026 4:00:00 PM,MIN_OPERATING_MW,9.13,
8/15/2026 3:15:00 PM,RTD,CLUZ,01CONSOL_G01,G,8/15/2026 3:11:00 PM,8/15/2026 3:15:00 PM,MAX_OPERATING_MW,39.63,
8/15/2026 3:15:00 PM,RTD,CLUZ,01CONSOL_G01,G,8/15/2026 3:11:00 PM,8/15/2026 3:15:00 PM,MIN_OPERATING_MW,39.63,
8/15/2026 3:15:00 PM,RTD,CLUZ,01CONSOL_G01,G,8/15/2026 3:16:00 PM,8/15/2026 3:20:00 PM,MAX_OPERATING_MW,38.38,
8/15/2026 3:15:00 PM,RTD,CLUZ,01CONSOL_G01,G,8/15/2026 3:16:00 PM,8/15/2026 3:20:00 PM,MIN_OPERATING_MW,38.38,
8/15/2026 3:15:00 PM,RTD,CLUZ,01PASBUSOL_G01,G,8/15/2026 3:01:00 PM,8/15/2026 4:00:00 PM,MAX_OPERATING_MW,20.14,
8/15/2026 3:15:00 PM,RTD,CLUZ,01PASBUSOL_G01,G,8/15/2026 3:01:00 PM,8/15/2026 4:00:00 PM,MIN_OPERATING_MW,20.14,
8/15/2026 3:15:00 PM,RTD,CLUZ,01TERRASOL_G01,G,8/15/2026 3:06:00 PM,8/15/2026 4:00:00 PM,MAX_OPERATING_MW,315.20,
8/15/2026 3:15:00 PM,RTD,CLUZ,01TERRASOL_G01,G,8/15/2026 3:06:00 PM,8/15/2026 4:00:00 PM,MIN_OPERATING_MW,315.20,
8/15/2026 3:15:00 PM,RTD,CLUZ,03LUMBSOL_G01,G,8/15/2026 3:11:00 PM,8/15/2026 3:15:00 PM,MAX_OPERATING_MW,15,
8/15/2026 3:15:00 PM,RTD,CLUZ,03LUMBSOL_G01,G,8/15/2026 3:11:00 PM,8/15/2026 3:15:00 PM,MIN_OPERATING_MW,15,
8/15/2026 3:15:00 PM,RTD,CLUZ,03LUMBSOL_G01,G,8/15/2026 3:16:00 PM,8/15/2026 3:20:00 PM,MAX_OPERATING_MW,15,
8/15/2026 3:15:00 PM,RTD,CLUZ,03LUMBSOL_G01,G,8/15/2026 3:16:00 PM,8/15/2026 3:20:00 PM,MIN_OPERATING_MW,15,
8/15/2026 3:15:00 PM,RTD,CLUZ,03LUNSOL_G01,G,8/15/2026 3:11:00 PM,8/15/2026 3:15:00 PM,MAX_OPERATING_MW,21.57,
8/15/2026 3:15:00 PM,RTD,CLUZ,03LUNSOL_G01,G,8/15/2026 3:11:00 PM,8/15/2026 3:15:00 PM,MIN_OPERATING_MW,21.57,
8/15/2026 3:15:00 PM,RTD,CLUZ,03LUNSOL_G01,G,8/15/2026 3:16:00 PM,8/15/2026 3:20:00 PM,MAX_OPERATING_MW,20.83,
8/15/2026 3:15:00 PM,RTD,CLUZ,03LUNSOL_G01,G,8/15/2026 3:16:00 PM,8/15/2026 3:20:00 PM,MIN_OPERATING_MW,20.83,
8/15/2026 3:15:00 PM,RTD,CLUZ,03TANWIND_G01,G,8/15/2026 3:11:00 PM,8/15/2026 3:15:00 PM,MAX_OPERATING_MW,5.50,
8/15/2026 3:15:00 PM,RTD,CLUZ,03TANWIND_G01,G,8/15/2026 3:11:00 PM,8/15/2026 3:15:00 PM,MIN_OPERATING_MW,5.50,
8/15/2026 3:15:00 PM,RTD,CLUZ,03TANWIND_G01,G,8/15/2026 3:16:00 PM,8/15/2026 3:20:00 PM,MAX_OPERATING_MW,5.50,
8/15/2026 3:15:00 PM,RTD,CLUZ,03TANWIND_G01,G,8/15/2026 3:16:00 PM,8/15/2026 3:20:00 PM,MIN_OPERATING_MW,5.50,
8/15/2026 3:15:00 PM,RTD,CVIS,04ISIDROSOL_G01,G,8/15/2026 3:01:00 PM,8/15/2026 4:00:00 PM,MAX_OPERATING_MW,50.90,
8/15/2026 3:15:00 PM,RTD,CVIS,04ISIDROSOL_G01,G,8/15/2026 3:01:00 PM,8/15/2026 4:00:00 PM,MIN_OPERATING_MW,50.90,
8/15/2026 3:15:00 PM,RTD,CVIS,06SLYSOL_G02,G,8/15/2026 3:01:00 PM,8/15/2026 4:00:00 PM,MAX_OPERATING_MW,9.38,
8/15/2026 3:15:00 PM,RTD,CVIS,06SLYSOL_G02,G,8/15/2026 3:01:00 PM,8/15/2026 4:00:00 PM,MIN_OPERATING_MW,9.38,
8/15/2026 3:15:00 PM,RTD,CVIS,06SLYSOL_G03,G,8/15/2026 3:01:00 PM,8/15/2026 4:00:00 PM,MAX_OPERATING_MW,8.62,
8/15/2026 3:15:00 PM,RTD,CVIS,06SLYSOL_G03,G,8/15/2026 3:01:00 PM,8/15/2026 4:00:00 PM,MIN_OPERATING_MW,8.62,
8/15/2026 3:15:00 PM,RTD,CMIN,10IDP1_U08,G,8/15/2026 12:56:00 PM,8/15/2026 3:55:00 PM,MAX_OPERATING_MW,4.90,
8/15/2026 3:15:00 PM,RTD,CMIN,10IDP1_U08,G,8/15/2026 12:56:00 PM,8/15/2026 3:55:00 PM,MIN_OPERATING_MW,4.90,
8/15/2026 3:15:00 PM,RTD,CMIN,10LIAN_G02,G,8/15/2026,8/15/2026 11:59:00 PM,MAX_OPERATING_MW,6.60,
8/15/2026 3:15:00 PM,RTD,CMIN,10LIAN_G02,G,8/15/2026,8/15/2026 11:59:00 PM,MIN_OPERATING_MW,6.60,
8/15/2026 3:15:00 PM,RTD,CMIN,14TANTASOL_G01,G,8/15/2026 3:01:00 PM,8/15/2026 4:00:00 PM,MAX_OPERATING_MW,39,
8/15/2026 3:15:00 PM,RTD,CMIN,14TANTASOL_G01,G,8/15/2026 3:01:00 PM,8/15/2026 4:00:00 PM,MIN_OPERATING_MW,39,
8/15/2026 3:20:00 PM,RTD,CLUZ,01BALWIND_G01,G,8/15/2026 12:16:00 PM,8/16/2026,MAX_OPERATING_MW,40,
8/15/2026 3:20:00 PM,RTD,CLUZ,01BALWIND_G01,G,8/15/2026 12:16:00 PM,8/16/2026,MIN_OPERATING_MW,40,
8/15/2026 3:20:00 PM,RTD,CLUZ,01BARBASOL_G01,G,8/15/2026 3:16:00 PM,8/15/2026 3:20:00 PM,MAX_OPERATING_MW,47.18,
8/15/2026 3:20:00 PM,RTD,CLUZ,01BARBASOL_G01,G,8/15/2026 3:16:00 PM,8/15/2026 3:20:00 PM,MIN_OPERATING_MW,47.18,
8/15/2026 3:20:00 PM,RTD,CLUZ,01BARBASOL_G01,G,8/15/2026 3:21:00 PM,8/15/2026 3:25:00 PM,MAX_OPERATING_MW,45.19,
8/15/2026 3:20:00 PM,RTD,CLUZ,01BARBASOL_G01,G,8/15/2026 3:21:00 PM,8/15/2026 3:25:00 PM,MIN_OPERATING_MW,45.19,
8/15/2026 3:20:00 PM,RTD,CLUZ,01BUGSOL_G01,G,8/15/2026 3:16:00 PM,8/15/2026 3:20:00 PM,MAX_OPERATING_MW,24.80,
8/15/2026 3:20:00 PM,RTD,CLUZ,01BUGSOL_G01,G,8/15/2026 3:16:00 PM,8/15/2026 3:20:00 PM,MIN_OPERATING_MW,24.80,
8/15/2026 3:20:00 PM,RTD,CLUZ,01BUGSOL_G01,G,8/15/2026 3:21:00 PM,8/15/2026 3:25:00 PM,MAX_OPERATING_MW,24.40,
8/15/2026 3:20:00 PM,RTD,CLUZ,01BUGSOL_G01,G,8/15/2026 3:21:00 PM,8/15/2026 3:25:00 PM,MIN_OPERATING_MW,24.40,
8/15/2026 3:20:00 PM,RTD,CLUZ,01BULACSOL_G01,G,8/15/2026 3:01:00 PM,8/15/2026 4:00:00 PM,MAX_OPERATING_MW,9.13,
8/15/2026 3:20:00 PM,RTD,CLUZ,01BULACSOL_G01,G,8/15/2026 3:01:00 PM,8/15/2026 4:00:00 PM,MIN_OPERATING_MW,9.13,
8/15/2026 3:20:00 PM,RTD,CLUZ,01CONSOL_G01,G,8/15/2026 3:16:00 PM,8/15/2026 3:20:00 PM,MAX_OPERATING_MW,38.38,
8/15/2026 3:20:00 PM,RTD,CLUZ,01CONSOL_G01,G,8/15/2026 3:16:00 PM,8/15/2026 3:20:00 PM,MIN_OPERATING_MW,38.38,
8/15/2026 3:20:00 PM,RTD,CLUZ,01CONSOL_G01,G,8/15/2026 3:21:00 PM,8/15/2026 3:25:00 PM,MAX_OPERATING_MW,37.12,
8/15/2026 3:20:00 PM,RTD,CLUZ,01CONSOL_G01,G,8/15/2026 3:21:00 PM,8/15/2026 3:25:00 PM,MIN_OPERATING_MW,37.12,
8/15/2026 3:20:00 PM,RTD,CLUZ,01PASBUSOL_G01,G,8/15/2026 3:01:00 PM,8/15/2026 4:00:00 PM,MAX_OPERATING_MW,20.14,
8/15/2026 3:20:00 PM,RTD,CLUZ,01PASBUSOL_G01,G,8/15/2026 3:01:00 PM,8/15/2026 4:00:00 PM,MIN_OPERATING_MW,20.14,
8/15/2026 3:20:00 PM,RTD,CLUZ,01TERRASOL_G01,G,8/15/2026 3:06:00 PM,8/15/2026 4:00:00 PM,MAX_OPERATING_MW,315.20,
8/15/2026 3:20:00 PM,RTD,CLUZ,01TERRASOL_G01,G,8/15/2026 3:06:00 PM,8/15/2026 4:00:00 PM,MIN_OPERATING_MW,315.20,
8/15/2026 3:20:00 PM,RTD,CLUZ,03LUMBSOL_G01,G,8/15/2026 3:16:00 PM,8/15/2026 3:20:00 PM,MAX_OPERATING_MW,15,
8/15/2026 3:20:00 PM,RTD,CLUZ,03LUMBSOL_G01,G,8/15/2026 3:16:00 PM,8/15/2026 3:20:00 PM,MIN_OPERATING_MW,15,
8/15/2026 3:20:00 PM,RTD,CLUZ,03LUMBSOL_G01,G,8/15/2026 3:21:00 PM,8/15/2026 3:25:00 PM,MAX_OPERATING_MW,15,
8/15/2026 3:20:00 PM,RTD,CLUZ,03LUMBSOL_G01,G,8/15/2026 3:21:00 PM,8/15/2026 3:25:00 PM,MIN_OPERATING_MW,15,
8/15/2026 3:20:00 PM,RTD,CLUZ,03LUNSOL_G01,G,8/15/2026 3:16:00 PM,8/15/2026 3:20:00 PM,MAX_OPERATING_MW,20.83,
8/15/2026 3:20:00 PM,RTD,CLUZ,03LUNSOL_G01,G,8/15/2026 3:16:00 PM,8/15/2026 3:20:00 PM,MIN_OPERATING_MW,20.83,
8/15/2026 3:20:00 PM,RTD,CLUZ,03LUNSOL_G01,G,8/15/2026 3:21:00 PM,8/15/2026 3:25:00 PM,MAX_OPERATING_MW,20.08,
8/15/2026 3:20:00 PM,RTD,CLUZ,03LUNSOL_G01,G,8/15/2026 3:21:00 PM,8/15/2026 3:25:00 PM,MIN_OPERATING_MW,20.08,
8/15/2026 3:20:00 PM,RTD,CLUZ,03TANWIND_G01,G,8/15/2026 3:16:00 PM,8/15/2026 3:20:00 PM,MAX_OPERATING_MW,5.50,
8/15/2026 3:20:00 PM,RTD,CLUZ,03TANWIND_G01,G,8/15/2026 3:16:00 PM,8/15/2026 3:20:00 PM,MIN_OPERATING_MW,5.50,
8/15/2026 3:20:00 PM,RTD,CLUZ,03TANWIND_G01,G,8/15/2026 3:21:00 PM,8/15/2026 3:25:00 PM,MAX_OPERATING_MW,5.50,
8/15/2026 3:20:00 PM,RTD,CLUZ,03TANWIND_G01,G,8/15/2026 3:21:00 PM,8/15/2026 3:25:00 PM,MIN_OPERATING_MW,5.50,
8/15/2026 3:20:00 PM,RTD,CVIS,04ISIDROSOL_G01,G,8/15/2026 3:01:00 PM,8/15/2026 4:00:00 PM,MAX_OPERATING_MW,50.90,
8/15/2026 3:20:00 PM,RTD,CVIS,04ISIDROSOL_G01,G,8/15/2026 3:01:00 PM,8/15/2026 4:00:00 PM,MIN_OPERATING_MW,50.90,
8/15/2026 3:20:00 PM,RTD,CVIS,06SLYSOL_G02,G,8/15/2026 3:01:00 PM,8/15/2026 4:00:00 PM,MAX_OPERATING_MW,9.38,
8/15/2026 3:20:00 PM,RTD,CVIS,06SLYSOL_G02,G,8/15/2026 3:01:00 PM,8/15/2026 4:00:00 PM,MIN_OPERATING_MW,9.38,
8/15/2026 3:20:00 PM,RTD,CVIS,06SLYSOL_G03,G,8/15/2026 3:01:00 PM,8/15/2026 4:00:00 PM,MAX_OPERATING_MW,8.62,
8/15/2026 3:20:00 PM,RTD,CVIS,06SLYSOL_G03,G,8/15/2026 3:01:00 PM,8/15/2026 4:00:00 PM,MIN_OPERATING_MW,8.62,
8/15/2026 3:20:00 PM,RTD,CMIN,10IDP1_U08,G,8/15/2026 12:56:00 PM,8/15/2026 3:55:00 PM,MAX_OPERATING_MW,4.90,
8/15/2026 3:20:00 PM,RTD,CMIN,10IDP1_U08,G,8/15/2026 12:56:00 PM,8/15/2026 3:55:00 PM,MIN_OPERATING_MW,4.90,
8/15/2026 3:20:00 PM,RTD,CMIN,10LIAN_G02,G,8/15/2026,8/15/2026 11:59:00 PM,MAX_OPERATING_MW,6.60,
8/15/2026 3:20:00 PM,RTD,CMIN,10LIAN_G02,G,8/15/2026,8/15/2026 11:59:00 PM,MIN_OPERATING_MW,6.60,
8/15/2026 3:20:00 PM,RTD,CMIN,14TANTASOL_G01,G,8/15/2026 3:01:00 PM,8/15/2026 4:00:00 PM,MAX_OPERATING_MW,39,
8/15/2026 3:20:00 PM,RTD,CMIN,14TANTASOL_G01,G,8/15/2026 3:01:00 PM,8/15/2026 4:00:00 PM,MIN_OPERATING_MW,39,
8/15/2026 3:25:00 PM,RTD,CLUZ,01BALWIND_G01,G,8/15/2026 12:16:00 PM,8/16/2026,MAX_OPERATING_MW,40,
8/15/2026 3:25:00 PM,RTD,CLUZ,01BALWIND_G01,G,8/15/2026 12:16:00 PM,8/16/2026,MIN_OPERATING_MW,40,
8/15/2026 3:25:00 PM,RTD,CLUZ,01BARBASOL_G01,G,8/15/2026 3:21:00 PM,8/15/2026 3:25:00 PM,MAX_OPERATING_MW,45.19,
8/15/2026 3:25:00 PM,RTD,CLUZ,01BARBASOL_G01,G,8/15/2026 3:21:00 PM,8/15/2026 3:25:00 PM,MIN_OPERATING_MW,45.19,
8/15/2026 3:25:00 PM,RTD,CLUZ,01BARBASOL_G01,G,8/15/2026 3:26:00 PM,8/15/2026 3:30:00 PM,MAX_OPERATING_MW,43.11,
8/15/2026 3:25:00 PM,RTD,CLUZ,01BARBASOL_G01,G,8/15/2026 3:26:00 PM,8/15/2026 3:30:00 PM,MIN_OPERATING_MW,43.11,
8/15/2026 3:25:00 PM,RTD,CLUZ,01BUGSOL_G01,G,8/15/2026 3:21:00 PM,8/15/2026 3:25:00 PM,MAX_OPERATING_MW,24.40,
8/15/2026 3:25:00 PM,RTD,CLUZ,01BUGSOL_G01,G,8/15/2026 3:21:00 PM,8/15/2026 3:25:00 PM,MIN_OPERATING_MW,24.40,
8/15/2026 3:25:00 PM,RTD,CLUZ,01BUGSOL_G01,G,8/15/2026 3:26:00 PM,8/15/2026 3:30:00 PM,MAX_OPERATING_MW,25.90,
8/15/2026 3:25:00 PM,RTD,CLUZ,01BUGSOL_G01,G,8/15/2026 3:26:00 PM,8/15/2026 3:30:00 PM,MIN_OPERATING_MW,25.90,
8/15/2026 3:25:00 PM,RTD,CLUZ,01BULACSOL_G01,G,8/15/2026 3:01:00 PM,8/15/2026 4:00:00 PM,MAX_OPERATING_MW,9.13,
8/15/2026 3:25:00 PM,RTD,CLUZ,01BULACSOL_G01,G,8/15/2026 3:01:00 PM,8/15/2026 4:00:00 PM,MIN_OPERATING_MW,9.13,
8/15/2026 3:25:00 PM,RTD,CLUZ,01CONSOL_G01,G,8/15/2026 3:21:00 PM,8/15/2026 3:25:00 PM,MAX_OPERATING_MW,37.12,
8/15/2026 3:25:00 PM,RTD,CLUZ,01CONSOL_G01,G,8/15/2026 3:21:00 PM,8/15/2026 3:25:00 PM,MIN_OPERATING_MW,37.12,
8/15/2026 3:25:00 PM,RTD,CLUZ,01CONSOL_G01,G,8/15/2026 3:26:00 PM,8/15/2026 3:30:00 PM,MAX_OPERATING_MW,35.86,
8/15/2026 3:25:00 PM,RTD,CLUZ,01CONSOL_G01,G,8/15/2026 3:26:00 PM,8/15/2026 3:30:00 PM,MIN_OPERATING_MW,35.86,
8/15/2026 3:25:00 PM,RTD,CLUZ,01PASBUSOL_G01,G,8/15/2026 3:01:00 PM,8/15/2026 4:00:00 PM,MAX_OPERATING_MW,20.14,
8/15/2026 3:25:00 PM,RTD,CLUZ,01PASBUSOL_G01,G,8/15/2026 3:01:00 PM,8/15/2026 4:00:00 PM,MIN_OPERATING_MW,20.14,
8/15/2026 3:25:00 PM,RTD,CLUZ,01TERRASOL_G01,G,8/15/2026 3:06:00 PM,8/15/2026 4:00:00 PM,MAX_OPERATING_MW,315.20,
8/15/2026 3:25:00 PM,RTD,CLUZ,01TERRASOL_G01,G,8/15/2026 3:06:00 PM,8/15/2026 4:00:00 PM,MIN_OPERATING_MW,315.20,
8/15/2026 3:25:00 PM,RTD,CLUZ,03LUMBSOL_G01,G,8/15/2026 3:21:00 PM,8/15/2026 3:25:00 PM,MAX_OPERATING_MW,15,
8/15/2026 3:25:00 PM,RTD,CLUZ,03LUMBSOL_G01,G,8/15/2026 3:21:00 PM,8/15/2026 3:25:00 PM,MIN_OPERATING_MW,15,
8/15/2026 3:25:00 PM,RTD,CLUZ,03LUMBSOL_G01,G,8/15/2026 3:26:00 PM,8/15/2026 3:30:00 PM,MAX_OPERATING_MW,15,
8/15/2026 3:25:00 PM,RTD,CLUZ,03LUMBSOL_G01,G,8/15/2026 3:26:00 PM,8/15/2026 3:30:00 PM,MIN_OPERATING_MW,15,
8/15/2026 3:25:00 PM,RTD,CLUZ,03LUNSOL_G01,G,8/15/2026 3:21:00 PM,8/15/2026 3:25:00 PM,MAX_OPERATING_MW,20.08,
8/15/2026 3:25:00 PM,RTD,CLUZ,03LUNSOL_G01,G,8/15/2026 3:21:00 PM,8/15/2026 3:25:00 PM,MIN_OPERATING_MW,20.08,
8/15/2026 3:25:00 PM,RTD,CLUZ,03LUNSOL_G01,G,8/15/2026 3:26:00 PM,8/15/2026 3:30:00 PM,MAX_OPERATING_MW,19.32,
8/15/2026 3:25:00 PM,RTD,CLUZ,03LUNSOL_G01,G,8/15/2026 3:26:00 PM,8/15/2026 3:30:00 PM,MIN_OPERATING_MW,19.32,
8/15/2026 3:25:00 PM,RTD,CLUZ,03TANWIND_G01,G,8/15/2026 3:21:00 PM,8/15/2026 3:25:00 PM,MAX_OPERATING_MW,5.50,
8/15/2026 3:25:00 PM,RTD,CLUZ,03TANWIND_G01,G,8/15/2026 3:21:00 PM,8/15/2026 3:25:00 PM,MIN_OPERATING_MW,5.50,
8/15/2026 3:25:00 PM,RTD,CLUZ,03TANWIND_G01,G,8/15/2026 3:26:00 PM,8/15/2026 3:30:00 PM,MAX_OPERATING_MW,5.50,
8/15/2026 3:25:00 PM,RTD,CLUZ,03TANWIND_G01,G,8/15/2026 3:26:00 PM,8/15/2026 3:30:00 PM,MIN_OPERATING_MW,5.50,
8/15/2026 3:25:00 PM,RTD,CVIS,04ISIDROSOL_G01,G,8/15/2026 3:01:00 PM,8/15/2026 4:00:00 PM,MAX_OPERATING_MW,50.90,
8/15/2026 3:25:00 PM,RTD,CVIS,04ISIDROSOL_G01,G,8/15/2026 3:01:00 PM,8/15/2026 4:00:00 PM,MIN_OPERATING_MW,50.90,
8/15/2026 3:25:00 PM,RTD,CVIS,06SLYSOL_G02,G,8/15/2026 3:01:00 PM,8/15/2026 4:00:00 PM,MAX_OPERATING_MW,9.38,
8/15/2026 3:25:00 PM,RTD,CVIS,06SLYSOL_G02,G,8/15/2026 3:01:00 PM,8/15/2026 4:00:00 PM,MIN_OPERATING_MW,9.38,
8/15/2026 3:25:00 PM,RTD,CVIS,06SLYSOL_G03,G,8/15/2026 3:01:00 PM,8/15/2026 4:00:00 PM,MAX_OPERATING_MW,8.62,
8/15/2026 3:25:00 PM,RTD,CVIS,06SLYSOL_G03,G,8/15/2026 3:01:00 PM,8/15/2026 4:00:00 PM,MIN_OPERATING_MW,8.62,
8/15/2026 3:25:00 PM,RTD,CMIN,10IDP1_U08,G,8/15/2026 12:56:00 PM,8/15/2026 3:55:00 PM,MAX_OPERATING_MW,4.90,
8/15/2026 3:25:00 PM,RTD,CMIN,10IDP1_U08,G,8/15/2026 12:56:00 PM,8/15/2026 3:55:00 PM,MIN_OPERATING_MW,4.90,
8/15/2026 3:25:00 PM,RTD,CMIN,10LIAN_G02,G,8/15/2026,8/15/2026 11:59:00 PM,MAX_OPERATING_MW,6.60,
8/15/2026 3:25:00 PM,RTD,CMIN,10LIAN_G02,G,8/15/2026,8/15/2026 11:59:00 PM,MIN_OPERATING_MW,6.60,
8/15/2026 3:25:00 PM,RTD,CMIN,14TANTASOL_G01,G,8/15/2026 3:01:00 PM,8/15/2026 4:00:00 PM,MAX_OPERATING_MW,39,
8/15/2026 3:25:00 PM,RTD,CMIN,14TANTASOL_G01,G,8/15/2026 3:01:00 PM,8/15/2026 4:00:00 PM,MIN_OPERATING_MW,39,
8/15/2026 3:30:00 PM,RTD,CLUZ,01BALWIND_G01,G,8/15/2026 12:16:00 PM,8/16/2026,MAX_OPERATING_MW,40,
8/15/2026 3:30:00 PM,RTD,CLUZ,01BALWIND_G01,G,8/15/2026 12:16:00 PM,8/16/2026,MIN_OPERATING_MW,40,
8/15/2026 3:30:00 PM,RTD,CLUZ,01BARBASOL_G01,G,8/15/2026 3:26:00 PM,8/15/2026 3:30:00 PM,MAX_OPERATING_MW,43.11,
8/15/2026 3:30:00 PM,RTD,CLUZ,01BARBASOL_G01,G,8/15/2026 3:26:00 PM,8/15/2026 3:30:00 PM,MIN_OPERATING_MW,43.11,
8/15/2026 3:30:00 PM,RTD,CLUZ,01BARBASOL_G01,G,8/15/2026 3:31:00 PM,8/15/2026 3:35:00 PM,MAX_OPERATING_MW,40.97,
8/15/2026 3:30:00 PM,RTD,CLUZ,01BARBASOL_G01,G,8/15/2026 3:31:00 PM,8/15/2026 3:35:00 PM,MIN_OPERATING_MW,40.97,
8/15/2026 3:30:00 PM,RTD,CLUZ,01BUGSOL_G01,G,8/15/2026 3:26:00 PM,8/15/2026 3:30:00 PM,MAX_OPERATING_MW,25.90,
8/15/2026 3:30:00 PM,RTD,CLUZ,01BUGSOL_G01,G,8/15/2026 3:26:00 PM,8/15/2026 3:30:00 PM,MIN_OPERATING_MW,25.90,
8/15/2026 3:30:00 PM,RTD,CLUZ,01BUGSOL_G01,G,8/15/2026 3:31:00 PM,8/15/2026 3:35:00 PM,MAX_OPERATING_MW,29.40,
8/15/2026 3:30:00 PM,RTD,CLUZ,01BUGSOL_G01,G,8/15/2026 3:31:00 PM,8/15/2026 3:35:00 PM,MIN_OPERATING_MW,29.40,
8/15/2026 3:30:00 PM,RTD,CLUZ,01BULACSOL_G01,G,8/15/2026 3:01:00 PM,8/15/2026 4:00:00 PM,MAX_OPERATING_MW,9.13,
8/15/2026 3:30:00 PM,RTD,CLUZ,01BULACSOL_G01,G,8/15/2026 3:01:00 PM,8/15/2026 4:00:00 PM,MIN_OPERATING_MW,9.13,
8/15/2026 3:30:00 PM,RTD,CLUZ,01CONSOL_G01,G,8/15/2026 3:26:00 PM,8/15/2026 3:30:00 PM,MAX_OPERATING_MW,35.86,
8/15/2026 3:30:00 PM,RTD,CLUZ,01CONSOL_G01,G,8/15/2026 3:26:00 PM,8/15/2026 3:30:00 PM,MIN_OPERATING_MW,35.86,
8/15/2026 3:30:00 PM,RTD,CLUZ,01CONSOL_G01,G,8/15/2026 3:31:00 PM,8/15/2026 3:35:00 PM,MAX_OPERATING_MW,34.58,
8/15/2026 3:30:00 PM,RTD,CLUZ,01CONSOL_G01,G,8/15/2026 3:31:00 PM,8/15/2026 3:35:00 PM,MIN_OPERATING_MW,34.58,
8/15/2026 3:30:00 PM,RTD,CLUZ,01PASBUSOL_G01,G,8/15/2026 3:01:00 PM,8/15/2026 4:00:00 PM,MAX_OPERATING_MW,20.14,
8/15/2026 3:30:00 PM,RTD,CLUZ,01PASBUSOL_G01,G,8/15/2026 3:01:00 PM,8/15/2026 4:00:00 PM,MIN_OPERATING_MW,20.14,
8/15/2026 3:30:00 PM,RTD,CLUZ,01TERRASOL_G01,G,8/15/2026 3:06:00 PM,8/15/2026 4:00:00 PM,MAX_OPERATING_MW,315.20,
8/15/2026 3:30:00 PM,RTD,CLUZ,01TERRASOL_G01,G,8/15/2026 3:06:00 PM,8/15/2026 4:00:00 PM,MIN_OPERATING_MW,315.20,
8/15/2026 3:30:00 PM,RTD,CLUZ,03LUMBSOL_G01,G,8/15/2026 3:26:00 PM,8/15/2026 3:30:00 PM,MAX_OPERATING_MW,15,
8/15/2026 3:30:00 PM,RTD,CLUZ,03LUMBSOL_G01,G,8/15/2026 3:26:00 PM,8/15/2026 3:30:00 PM,MIN_OPERATING_MW,15,
8/15/2026 3:30:00 PM,RTD,CLUZ,03LUMBSOL_G01,G,8/15/2026 3:31:00 PM,8/15/2026 3:35:00 PM,MAX_OPERATING_MW,15,
8/15/2026 3:30:00 PM,RTD,CLUZ,03LUMBSOL_G01,G,8/15/2026 3:31:00 PM,8/15/2026 3:35:00 PM,MIN_OPERATING_MW,15,
8/15/2026 3:30:00 PM,RTD,CLUZ,03LUNSOL_G01,G,8/15/2026 3:26:00 PM,8/15/2026 3:30:00 PM,MAX_OPERATING_MW,19.32,
8/15/2026 3:30:00 PM,RTD,CLUZ,03LUNSOL_G01,G,8/15/2026 3:26:00 PM,8/15/2026 3:30:00 PM,MIN_OPERATING_MW,19.32,
8/15/2026 3:30:00 PM,RTD,CLUZ,03LUNSOL_G01,G,8/15/2026 3:31:00 PM,8/15/2026 3:35:00 PM,MAX_OPERATING_MW,18.55,
8/15/2026 3:30:00 PM,RTD,CLUZ,03LUNSOL_G01,G,8/15/2026 3:31:00 PM,8/15/2026 3:35:00 PM,MIN_OPERATING_MW,18.55,
8/15/2026 3:30:00 PM,RTD,CLUZ,03TANWIND_G01,G,8/15/2026 3:26:00 PM,8/15/2026 3:30:00 PM,MAX_OPERATING_MW,5.50,
8/15/2026 3:30:00 PM,RTD,CLUZ,03TANWIND_G01,G,8/15/2026 3:26:00 PM,8/15/2026 3:30:00 PM,MIN_OPERATING_MW,5.50,
8/15/2026 3:30:00 PM,RTD,CLUZ,03TANWIND_G01,G,8/15/2026 3:31:00 PM,8/15/2026 3:35:00 PM,MAX_OPERATING_MW,5.50,
8/15/2026 3:30:00 PM,RTD,CLUZ,03TANWIND_G01,G,8/15/2026 3:31:00 PM,8/15/2026 3:35:00 PM,MIN_OPERATING_MW,5.50,
8/15/2026 3:30:00 PM,RTD,CVIS,04ISIDROSOL_G01,G,8/15/2026 3:01:00 PM,8/15/2026 4:00:00 PM,MAX_OPERATING_MW,50.90,
8/15/2026 3:30:00 PM,RTD,CVIS,04ISIDROSOL_G01,G,8/15/2026 3:01:00 PM,8/15/2026 4:00:00 PM,MIN_OPERATING_MW,50.90,
8/15/2026 3:30:00 PM,RTD,CVIS,06SLYSOL_G02,G,8/15/2026 3:01:00 PM,8/15/2026 4:00:00 PM,MAX_OPERATING_MW,9.38,
8/15/2026 3:30:00 PM,RTD,CVIS,06SLYSOL_G02,G,8/15/2026 3:01:00 PM,8/15/2026 4:00:00 PM,MIN_OPERATING_MW,9.38,
8/15/2026 3:30:00 PM,RTD,CVIS,06SLYSOL_G03,G,8/15/2026 3:01:00 PM,8/15/2026 4:00:00 PM,MAX_OPERATING_MW,8.62,
8/15/2026 3:30:00 PM,RTD,CVIS,06SLYSOL_G03,G,8/15/2026 3:01:00 PM,8/15/2026 4:00:00 PM,MIN_OPERATING_MW,8.62,
8/15/2026 3:30:00 PM,RTD,CMIN,10IDP1_U08,G,8/15/2026 12:56:00 PM,8/15/2026 3:55:00 PM,MAX_OPERATING_MW,4.90,
8/15/2026 3:30:00 PM,RTD,CMIN,10IDP1_U08,G,8/15/2026 12:56:00 PM,8/15/2026 3:55:00 PM,MIN_OPERATING_MW,4.90,
8/15/2026 3:30:00 PM,RTD,CMIN,10LIAN_G02,G,8/15/2026,8/15/2026 11:59:00 PM,MAX_OPERATING_MW,6.60,
8/15/2026 3:30:00 PM,RTD,CMIN,10LIAN_G02,G,8/15/2026,8/15/2026 11:59:00 PM,MIN_OPERATING_MW,6.60,
8/15/2026 3:30:00 PM,RTD,CMIN,14TANTASOL_G01,G,8/15/2026 3:01:00 PM,8/15/2026 4:00:00 PM,MAX_OPERATING_MW,12,
8/15/2026 3:30:00 PM,RTD,CMIN,14TANTASOL_G01,G,8/15/2026 3:01:00 PM,8/15/2026 4:00:00 PM,MIN_OPERATING_MW,12,
8/15/2026 3:35:00 PM,RTD,CLUZ,01BALWIND_G01,G,8/15/2026 12:16:00 PM,8/16/2026,MAX_OPERATING_MW,40,
8/15/2026 3:35:00 PM,RTD,CLUZ,01BALWIND_G01,G,8/15/2026 12:16:00 PM,8/16/2026,MIN_OPERATING_MW,40,
8/15/2026 3:35:00 PM,RTD,CLUZ,01BARBASOL_G01,G,8/15/2026 3:31:00 PM,8/15/2026 3:35:00 PM,MAX_OPERATING_MW,40.97,
8/15/2026 3:35:00 PM,RTD,CLUZ,01BARBASOL_G01,G,8/15/2026 3:31:00 PM,8/15/2026 3:35:00 PM,MIN_OPERATING_MW,40.97,
8/15/2026 3:35:00 PM,RTD,CLUZ,01BARBASOL_G01,G,8/15/2026 3:36:00 PM,8/15/2026 3:40:00 PM,MAX_OPERATING_MW,38.80,
8/15/2026 3:35:00 PM,RTD,CLUZ,01BARBASOL_G01,G,8/15/2026 3:36:00 PM,8/15/2026 3:40:00 PM,MIN_OPERATING_MW,38.80,
8/15/2026 3:35:00 PM,RTD,CLUZ,01BUGSOL_G01,G,8/15/2026 3:31:00 PM,8/15/2026 3:35:00 PM,MAX_OPERATING_MW,29.40,
8/15/2026 3:35:00 PM,RTD,CLUZ,01BUGSOL_G01,G,8/15/2026 3:31:00 PM,8/15/2026 3:35:00 PM,MIN_OPERATING_MW,29.40,
8/15/2026 3:35:00 PM,RTD,CLUZ,01BUGSOL_G01,G,8/15/2026 3:36:00 PM,8/15/2026 3:40:00 PM,MAX_OPERATING_MW,22,
8/15/2026 3:35:00 PM,RTD,CLUZ,01BUGSOL_G01,G,8/15/2026 3:36:00 PM,8/15/2026 3:40:00 PM,MIN_OPERATING_MW,22,
8/15/2026 3:35:00 PM,RTD,CLUZ,01BULACSOL_G01,G,8/15/2026 3:01:00 PM,8/15/2026 4:00:00 PM,MAX_OPERATING_MW,9.13,
8/15/2026 3:35:00 PM,RTD,CLUZ,01BULACSOL_G01,G,8/15/2026 3:01:00 PM,8/15/2026 4:00:00 PM,MIN_OPERATING_MW,9.13,
8/15/2026 3:35:00 PM,RTD,CLUZ,01CONSOL_G01,G,8/15/2026 3:31:00 PM,8/15/2026 3:35:00 PM,MAX_OPERATING_MW,34.58,
8/15/2026 3:35:00 PM,RTD,CLUZ,01CONSOL_G01,G,8/15/2026 3:31:00 PM,8/15/2026 3:35:00 PM,MIN_OPERATING_MW,34.58,
8/15/2026 3:35:00 PM,RTD,CLUZ,01CONSOL_G01,G,8/15/2026 3:36:00 PM,8/15/2026 3:40:00 PM,MAX_OPERATING_MW,33.27,
8/15/2026 3:35:00 PM,RTD,CLUZ,01CONSOL_G01,G,8/15/2026 3:36:00 PM,8/15/2026 3:40:00 PM,MIN_OPERATING_MW,33.27,
8/15/2026 3:35:00 PM,RTD,CLUZ,01PASBUSOL_G01,G,8/15/2026 3:01:00 PM,8/15/2026 4:00:00 PM,MAX_OPERATING_MW,20.14,
8/15/2026 3:35:00 PM,RTD,CLUZ,01PASBUSOL_G01,G,8/15/2026 3:01:00 PM,8/15/2026 4:00:00 PM,MIN_OPERATING_MW,20.14,
8/15/2026 3:35:00 PM,RTD,CLUZ,01TERRASOL_G01,G,8/15/2026 3:06:00 PM,8/15/2026 4:00:00 PM,MAX_OPERATING_MW,315.20,
8/15/2026 3:35:00 PM,RTD,CLUZ,01TERRASOL_G01,G,8/15/2026 3:06:00 PM,8/15/2026 4:00:00 PM,MIN_OPERATING_MW,315.20,
8/15/2026 3:35:00 PM,RTD,CLUZ,03LUMBSOL_G01,G,8/15/2026 3:31:00 PM,8/15/2026 3:35:00 PM,MAX_OPERATING_MW,15,
8/15/2026 3:35:00 PM,RTD,CLUZ,03LUMBSOL_G01,G,8/15/2026 3:31:00 PM,8/15/2026 3:35:00 PM,MIN_OPERATING_MW,15,
8/15/2026 3:35:00 PM,RTD,CLUZ,03LUMBSOL_G01,G,8/15/2026 3:36:00 PM,8/15/2026 3:40:00 PM,MAX_OPERATING_MW,15,
8/15/2026 3:35:00 PM,RTD,CLUZ,03LUMBSOL_G01,G,8/15/2026 3:36:00 PM,8/15/2026 3:40:00 PM,MIN_OPERATING_MW,15,
8/15/2026 3:35:00 PM,RTD,CLUZ,03LUNSOL_G01,G,8/15/2026 3:31:00 PM,8/15/2026 3:35:00 PM,MAX_OPERATING_MW,18.55,
8/15/2026 3:35:00 PM,RTD,CLUZ,03LUNSOL_G01,G,8/15/2026 3:31:00 PM,8/15/2026 3:35:00 PM,MIN_OPERATING_MW,18.55,
8/15/2026 3:35:00 PM,RTD,CLUZ,03LUNSOL_G01,G,8/15/2026 3:36:00 PM,8/15/2026 3:40:00 PM,MAX_OPERATING_MW,17.78,
8/15/2026 3:35:00 PM,RTD,CLUZ,03LUNSOL_G01,G,8/15/2026 3:36:00 PM,8/15/2026 3:40:00 PM,MIN_OPERATING_MW,17.78,
8/15/2026 3:35:00 PM,RTD,CLUZ,03TANWIND_G01,G,8/15/2026 3:31:00 PM,8/15/2026 3:35:00 PM,MAX_OPERATING_MW,5.50,
8/15/2026 3:35:00 PM,RTD,CLUZ,03TANWIND_G01,G,8/15/2026 3:31:00 PM,8/15/2026 3:35:00 PM,MIN_OPERATING_MW,5.50,
8/15/2026 3:35:00 PM,RTD,CLUZ,03TANWIND_G01,G,8/15/2026 3:36:00 PM,8/15/2026 3:40:00 PM,MAX_OPERATING_MW,5.50,
8/15/2026 3:35:00 PM,RTD,CLUZ,03TANWIND_G01,G,8/15/2026 3:36:00 PM,8/15/2026 3:40:00 PM,MIN_OPERATING_MW,5.50,
8/15/2026 3:35:00 PM,RTD,CVIS,04ISIDROSOL_G01,G,8/15/2026 3:01:00 PM,8/15/2026 4:00:00 PM,MAX_OPERATING_MW,50.90,
8/15/2026 3:35:00 PM,RTD,CVIS,04ISIDROSOL_G01,G,8/15/2026 3:01:00 PM,8/15/2026 4:00:00 PM,MIN_OPERATING_MW,50.90,
8/15/2026 3:35:00 PM,RTD,CVIS,06SLYSOL_G02,G,8/15/2026 3:01:00 PM,8/15/2026 4:00:00 PM,MAX_OPERATING_MW,9.38,
8/15/2026 3:35:00 PM,RTD,CVIS,06SLYSOL_G02,G,8/15/2026 3:01:00 PM,8/15/2026 4:00:00 PM,MIN_OPERATING_MW,9.38,
8/15/2026 3:35:00 PM,RTD,CVIS,06SLYSOL_G03,G,8/15/2026 3:01:00 PM,8/15/2026 4:00:00 PM,MAX_OPERATING_MW,8.62,
8/15/2026 3:35:00 PM,RTD,CVIS,06SLYSOL_G03,G,8/15/2026 3:01:00 PM,8/15/2026 4:00:00 PM,MIN_OPERATING_MW,8.62,
8/15/2026 3:35:00 PM,RTD,CMIN,10IDP1_U08,G,8/15/2026 12:56:00 PM,8/15/2026 3:55:00 PM,MAX_OPERATING_MW,4.90,
8/15/2026 3:35:00 PM,RTD,CMIN,10IDP1_U08,G,8/15/2026 12:56:00 PM,8/15/2026 3:55:00 PM,MIN_OPERATING_MW,4.90,
8/15/2026 3:35:00 PM,RTD,CMIN,10LIAN_G02,G,8/15/2026,8/15/2026 11:59:00 PM,MAX_OPERATING_MW,6.60,
8/15/2026 3:35:00 PM,RTD,CMIN,10LIAN_G02,G,8/15/2026,8/15/2026 11:59:00 PM,MIN_OPERATING_MW,6.60,
8/15/2026 3:35:00 PM,RTD,CMIN,14TANTASOL_G01,G,8/15/2026 3:01:00 PM,8/15/2026 4:00:00 PM,MAX_OPERATING_MW,12,
8/15/2026 3:35:00 PM,RTD,CMIN,14TANTASOL_G01,G,8/15/2026 3:01:00 PM,8/15/2026 4:00:00 PM,MIN_OPERATING_MW,12,
8/15/2026 3:40:00 PM,RTD,CLUZ,01BALWIND_G01,G,8/15/2026 12:16:00 PM,8/16/2026,MAX_OPERATING_MW,40,
8/15/2026 3:40:00 PM,RTD,CLUZ,01BALWIND_G01,G,8/15/2026 12:16:00 PM,8/16/2026,MIN_OPERATING_MW,40,
8/15/2026 3:40:00 PM,RTD,CLUZ,01BARBASOL_G01,G,8/15/2026 3:36:00 PM,8/15/2026 3:40:00 PM,MAX_OPERATING_MW,38.80,
8/15/2026 3:40:00 PM,RTD,CLUZ,01BARBASOL_G01,G,8/15/2026 3:36:00 PM,8/15/2026 3:40:00 PM,MIN_OPERATING_MW,38.80,
8/15/2026 3:40:00 PM,RTD,CLUZ,01BARBASOL_G01,G,8/15/2026 3:41:00 PM,8/15/2026 3:45:00 PM,MAX_OPERATING_MW,36.63,
8/15/2026 3:40:00 PM,RTD,CLUZ,01BARBASOL_G01,G,8/15/2026 3:41:00 PM,8/15/2026 3:45:00 PM,MIN_OPERATING_MW,36.63,
8/15/2026 3:40:00 PM,RTD,CLUZ,01BUGSOL_G01,G,8/15/2026 3:36:00 PM,8/15/2026 3:40:00 PM,MAX_OPERATING_MW,22,
8/15/2026 3:40:00 PM,RTD,CLUZ,01BUGSOL_G01,G,8/15/2026 3:36:00 PM,8/15/2026 3:40:00 PM,MIN_OPERATING_MW,22,
8/15/2026 3:40:00 PM,RTD,CLUZ,01BUGSOL_G01,G,8/15/2026 3:41:00 PM,8/15/2026 3:45:00 PM,MAX_OPERATING_MW,22.60,
8/15/2026 3:40:00 PM,RTD,CLUZ,01BUGSOL_G01,G,8/15/2026 3:41:00 PM,8/15/2026 3:45:00 PM,MIN_OPERATING_MW,22.60,
8/15/2026 3:40:00 PM,RTD,CLUZ,01BULACSOL_G01,G,8/15/2026 3:01:00 PM,8/15/2026 4:00:00 PM,MAX_OPERATING_MW,9.13,
8/15/2026 3:40:00 PM,RTD,CLUZ,01BULACSOL_G01,G,8/15/2026 3:01:00 PM,8/15/2026 4:00:00 PM,MIN_OPERATING_MW,9.13,
8/15/2026 3:40:00 PM,RTD,CLUZ,01CONSOL_G01,G,8/15/2026 3:36:00 PM,8/15/2026 3:40:00 PM,MAX_OPERATING_MW,33.27,
8/15/2026 3:40:00 PM,RTD,CLUZ,01CONSOL_G01,G,8/15/2026 3:36:00 PM,8/15/2026 3:40:00 PM,MIN_OPERATING_MW,33.27,
8/15/2026 3:40:00 PM,RTD,CLUZ,01CONSOL_G01,G,8/15/2026 3:41:00 PM,8/15/2026 3:45:00 PM,MAX_OPERATING_MW,31.96,
8/15/2026 3:40:00 PM,RTD,CLUZ,01CONSOL_G01,G,8/15/2026 3:41:00 PM,8/15/2026 3:45:00 PM,MIN_OPERATING_MW,31.96,
8/15/2026 3:40:00 PM,RTD,CLUZ,01PASBUSOL_G01,G,8/15/2026 3:01:00 PM,8/15/2026 4:00:00 PM,MAX_OPERATING_MW,20.14,
8/15/2026 3:40:00 PM,RTD,CLUZ,01PASBUSOL_G01,G,8/15/2026 3:01:00 PM,8/15/2026 4:00:00 PM,MIN_OPERATING_MW,20.14,
8/15/2026 3:40:00 PM,RTD,CLUZ,01TERRASOL_G01,G,8/15/2026 3:06:00 PM,8/15/2026 4:00:00 PM,MAX_OPERATING_MW,315.20,
8/15/2026 3:40:00 PM,RTD,CLUZ,01TERRASOL_G01,G,8/15/2026 3:06:00 PM,8/15/2026 4:00:00 PM,MIN_OPERATING_MW,315.20,
8/15/2026 3:40:00 PM,RTD,CLUZ,03LUMBSOL_G01,G,8/15/2026 3:36:00 PM,8/15/2026 3:40:00 PM,MAX_OPERATING_MW,15,
8/15/2026 3:40:00 PM,RTD,CLUZ,03LUMBSOL_G01,G,8/15/2026 3:36:00 PM,8/15/2026 3:40:00 PM,MIN_OPERATING_MW,15,
8/15/2026 3:40:00 PM,RTD,CLUZ,03LUMBSOL_G01,G,8/15/2026 3:41:00 PM,8/15/2026 3:45:00 PM,MAX_OPERATING_MW,15,
8/15/2026 3:40:00 PM,RTD,CLUZ,03LUMBSOL_G01,G,8/15/2026 3:41:00 PM,8/15/2026 3:45:00 PM,MIN_OPERATING_MW,15,
8/15/2026 3:40:00 PM,RTD,CLUZ,03LUNSOL_G01,G,8/15/2026 3:36:00 PM,8/15/2026 3:40:00 PM,MAX_OPERATING_MW,17.78,
8/15/2026 3:40:00 PM,RTD,CLUZ,03LUNSOL_G01,G,8/15/2026 3:36:00 PM,8/15/2026 3:40:00 PM,MIN_OPERATING_MW,17.78,
8/15/2026 3:40:00 PM,RTD,CLUZ,03LUNSOL_G01,G,8/15/2026 3:41:00 PM,8/15/2026 3:45:00 PM,MAX_OPERATING_MW,17,
8/15/2026 3:40:00 PM,RTD,CLUZ,03LUNSOL_G01,G,8/15/2026 3:41:00 PM,8/15/2026 3:45:00 PM,MIN_OPERATING_MW,17,
8/15/2026 3:40:00 PM,RTD,CLUZ,03TANWIND_G01,G,8/15/2026 3:36:00 PM,8/15/2026 3:40:00 PM,MAX_OPERATING_MW,5.50,
8/15/2026 3:40:00 PM,RTD,CLUZ,03TANWIND_G01,G,8/15/2026 3:36:00 PM,8/15/2026 3:40:00 PM,MIN_OPERATING_MW,5.50,
8/15/2026 3:40:00 PM,RTD,CLUZ,03TANWIND_G01,G,8/15/2026 3:41:00 PM,8/15/2026 3:45:00 PM,MAX_OPERATING_MW,5.50,
8/15/2026 3:40:00 PM,RTD,CLUZ,03TANWIND_G01,G,8/15/2026 3:41:00 PM,8/15/2026 3:45:00 PM,MIN_OPERATING_MW,5.50,
8/15/2026 3:40:00 PM,RTD,CVIS,04ISIDROSOL_G01,G,8/15/2026 3:01:00 PM,8/15/2026 4:00:00 PM,MAX_OPERATING_MW,50.90,
8/15/2026 3:40:00 PM,RTD,CVIS,04ISIDROSOL_G01,G,8/15/2026 3:01:00 PM,8/15/2026 4:00:00 PM,MIN_OPERATING_MW,50.90,
8/15/2026 3:40:00 PM,RTD,CVIS,06SLYSOL_G02,G,8/15/2026 3:01:00 PM,8/15/2026 4:00:00 PM,MAX_OPERATING_MW,9.38,
8/15/2026 3:40:00 PM,RTD,CVIS,06SLYSOL_G02,G,8/15/2026 3:01:00 PM,8/15/2026 4:00:00 PM,MIN_OPERATING_MW,9.38,
8/15/2026 3:40:00 PM,RTD,CVIS,06SLYSOL_G03,G,8/15/2026 3:01:00 PM,8/15/2026 4:00:00 PM,MAX_OPERATING_MW,8.62,
8/15/2026 3:40:00 PM,RTD,CVIS,06SLYSOL_G03,G,8/15/2026 3:01:00 PM,8/15/2026 4:00:00 PM,MIN_OPERATING_MW,8.62,
8/15/2026 3:40:00 PM,RTD,CMIN,10IDP1_U08,G,8/15/2026 12:56:00 PM,8/15/2026 3:55:00 PM,MAX_OPERATING_MW,4.90,
8/15/2026 3:40:00 PM,RTD,CMIN,10IDP1_U08,G,8/15/2026 12:56:00 PM,8/15/2026 3:55:00 PM,MIN_OPERATING_MW,4.90,
8/15/2026 3:40:00 PM,RTD,CMIN,10LIAN_G02,G,8/15/2026,8/15/2026 11:59:00 PM,MAX_OPERATING_MW,6.60,
8/15/2026 3:40:00 PM,RTD,CMIN,10LIAN_G02,G,8/15/2026,8/15/2026 11:59:00 PM,MIN_OPERATING_MW,6.60,
8/15/2026 3:40:00 PM,RTD,CMIN,14TANTASOL_G01,G,8/15/2026 3:01:00 PM,8/15/2026 4:00:00 PM,MAX_OPERATING_MW,12,
8/15/2026 3:40:00 PM,RTD,CMIN,14TANTASOL_G01,G,8/15/2026 3:01:00 PM,8/15/2026 4:00:00 PM,MIN_OPERATING_MW,12,
8/15/2026 3:45:00 PM,RTD,CLUZ,01BALWIND_G01,G,8/15/2026 12:16:00 PM,8/16/2026,MAX_OPERATING_MW,40,
8/15/2026 3:45:00 PM,RTD,CLUZ,01BALWIND_G01,G,8/15/2026 12:16:00 PM,8/16/2026,MIN_OPERATING_MW,40,
8/15/2026 3:45:00 PM,RTD,CLUZ,01BARBASOL_G01,G,8/15/2026 3:41:00 PM,8/15/2026 3:45:00 PM,MAX_OPERATING_MW,36.63,
8/15/2026 3:45:00 PM,RTD,CLUZ,01BARBASOL_G01,G,8/15/2026 3:41:00 PM,8/15/2026 3:45:00 PM,MIN_OPERATING_MW,36.63,
8/15/2026 3:45:00 PM,RTD,CLUZ,01BARBASOL_G01,G,8/15/2026 3:46:00 PM,8/15/2026 3:50:00 PM,MAX_OPERATING_MW,34.50,
8/15/2026 3:45:00 PM,RTD,CLUZ,01BARBASOL_G01,G,8/15/2026 3:46:00 PM,8/15/2026 3:50:00 PM,MIN_OPERATING_MW,34.50,
8/15/2026 3:45:00 PM,RTD,CLUZ,01BUGSOL_G01,G,8/15/2026 3:41:00 PM,8/15/2026 3:45:00 PM,MAX_OPERATING_MW,22.60,
8/15/2026 3:45:00 PM,RTD,CLUZ,01BUGSOL_G01,G,8/15/2026 3:41:00 PM,8/15/2026 3:45:00 PM,MIN_OPERATING_MW,22.60,
8/15/2026 3:45:00 PM,RTD,CLUZ,01BUGSOL_G01,G,8/15/2026 3:46:00 PM,8/15/2026 3:50:00 PM,MAX_OPERATING_MW,21.60,
8/15/2026 3:45:00 PM,RTD,CLUZ,01BUGSOL_G01,G,8/15/2026 3:46:00 PM,8/15/2026 3:50:00 PM,MIN_OPERATING_MW,21.60,
8/15/2026 3:45:00 PM,RTD,CLUZ,01BULACSOL_G01,G,8/15/2026 3:01:00 PM,8/15/2026 4:00:00 PM,MAX_OPERATING_MW,9.13,
8/15/2026 3:45:00 PM,RTD,CLUZ,01BULACSOL_G01,G,8/15/2026 3:01:00 PM,8/15/2026 4:00:00 PM,MIN_OPERATING_MW,9.13,
8/15/2026 3:45:00 PM,RTD,CLUZ,01CONSOL_G01,G,8/15/2026 3:41:00 PM,8/15/2026 3:45:00 PM,MAX_OPERATING_MW,31.96,
8/15/2026 3:45:00 PM,RTD,CLUZ,01CONSOL_G01,G,8/15/2026 3:41:00 PM,8/15/2026 3:45:00 PM,MIN_OPERATING_MW,31.96,
8/15/2026 3:45:00 PM,RTD,CLUZ,01CONSOL_G01,G,8/15/2026 3:46:00 PM,8/15/2026 3:50:00 PM,MAX_OPERATING_MW,30.64,
8/15/2026 3:45:00 PM,RTD,CLUZ,01CONSOL_G01,G,8/15/2026 3:46:00 PM,8/15/2026 3:50:00 PM,MIN_OPERATING_MW,30.64,
8/15/2026 3:45:00 PM,RTD,CLUZ,01PASBUSOL_G01,G,8/15/2026 3:01:00 PM,8/15/2026 4:00:00 PM,MAX_OPERATING_MW,20.14,
8/15/2026 3:45:00 PM,RTD,CLUZ,01PASBUSOL_G01,G,8/15/2026 3:01:00 PM,8/15/2026 4:00:00 PM,MIN_OPERATING_MW,20.14,
8/15/2026 3:45:00 PM,RTD,CLUZ,01TERRASOL_G01,G,8/15/2026 3:06:00 PM,8/15/2026 4:00:00 PM,MAX_OPERATING_MW,315.20,
8/15/2026 3:45:00 PM,RTD,CLUZ,01TERRASOL_G01,G,8/15/2026 3:06:00 PM,8/15/2026 4:00:00 PM,MIN_OPERATING_MW,315.20,
8/15/2026 3:45:00 PM,RTD,CLUZ,03LUMBSOL_G01,G,8/15/2026 3:41:00 PM,8/15/2026 3:45:00 PM,MAX_OPERATING_MW,15,
8/15/2026 3:45:00 PM,RTD,CLUZ,03LUMBSOL_G01,G,8/15/2026 3:41:00 PM,8/15/2026 3:45:00 PM,MIN_OPERATING_MW,15,
8/15/2026 3:45:00 PM,RTD,CLUZ,03LUMBSOL_G01,G,8/15/2026 3:46:00 PM,8/15/2026 3:50:00 PM,MAX_OPERATING_MW,15,
8/15/2026 3:45:00 PM,RTD,CLUZ,03LUMBSOL_G01,G,8/15/2026 3:46:00 PM,8/15/2026 3:50:00 PM,MIN_OPERATING_MW,15,
8/15/2026 3:45:00 PM,RTD,CLUZ,03LUNSOL_G01,G,8/15/2026 3:41:00 PM,8/15/2026 3:45:00 PM,MAX_OPERATING_MW,17,
8/15/2026 3:45:00 PM,RTD,CLUZ,03LUNSOL_G01,G,8/15/2026 3:41:00 PM,8/15/2026 3:45:00 PM,MIN_OPERATING_MW,17,
8/15/2026 3:45:00 PM,RTD,CLUZ,03LUNSOL_G01,G,8/15/2026 3:46:00 PM,8/15/2026 3:50:00 PM,MAX_OPERATING_MW,16.22,
8/15/2026 3:45:00 PM,RTD,CLUZ,03LUNSOL_G01,G,8/15/2026 3:46:00 PM,8/15/2026 3:50:00 PM,MIN_OPERATING_MW,16.22,
8/15/2026 3:45:00 PM,RTD,CLUZ,03TANWIND_G01,G,8/15/2026 3:41:00 PM,8/15/2026 3:45:00 PM,MAX_OPERATING_MW,5.50,
8/15/2026 3:45:00 PM,RTD,CLUZ,03TANWIND_G01,G,8/15/2026 3:41:00 PM,8/15/2026 3:45:00 PM,MIN_OPERATING_MW,5.50,
8/15/2026 3:45:00 PM,RTD,CLUZ,03TANWIND_G01,G,8/15/2026 3:46:00 PM,8/15/2026 3:50:00 PM,MAX_OPERATING_MW,5.50,
8/15/2026 3:45:00 PM,RTD,CLUZ,03TANWIND_G01,G,8/15/2026 3:46:00 PM,8/15/2026 3:50:00 PM,MIN_OPERATING_MW,5.50,
8/15/2026 3:45:00 PM,RTD,CVIS,04ISIDROSOL_G01,G,8/15/2026 3:01:00 PM,8/15/2026 4:00:00 PM,MAX_OPERATING_MW,50.90,
8/15/2026 3:45:00 PM,RTD,CVIS,04ISIDROSOL_G01,G,8/15/2026 3:01:00 PM,8/15/2026 4:00:00 PM,MIN_OPERATING_MW,50.90,
8/15/2026 3:45:00 PM,RTD,CVIS,06SLYSOL_G02,G,8/15/2026 3:01:00 PM,8/15/2026 4:00:00 PM,MAX_OPERATING_MW,9.38,
8/15/2026 3:45:00 PM,RTD,CVIS,06SLYSOL_G02,G,8/15/2026 3:01:00 PM,8/15/2026 4:00:00 PM,MIN_OPERATING_MW,9.38,
8/15/2026 3:45:00 PM,RTD,CVIS,06SLYSOL_G03,G,8/15/2026 3:01:00 PM,8/15/2026 4:00:00 PM,MAX_OPERATING_MW,8.62,
8/15/2026 3:45:00 PM,RTD,CVIS,06SLYSOL_G03,G,8/15/2026 3:01:00 PM,8/15/2026 4:00:00 PM,MIN_OPERATING_MW,8.62,
8/15/2026 3:45:00 PM,RTD,CMIN,10IDP1_U08,G,8/15/2026 12:56:00 PM,8/15/2026 3:55:00 PM,MAX_OPERATING_MW,4.90,
8/15/2026 3:45:00 PM,RTD,CMIN,10IDP1_U08,G,8/15/2026 12:56:00 PM,8/15/2026 3:55:00 PM,MIN_OPERATING_MW,4.90,
8/15/2026 3:45:00 PM,RTD,CMIN,10LIAN_G02,G,8/15/2026,8/15/2026 11:59:00 PM,MAX_OPERATING_MW,6.60,
8/15/2026 3:45:00 PM,RTD,CMIN,10LIAN_G02,G,8/15/2026,8/15/2026 11:59:00 PM,MIN_OPERATING_MW,6.60,
8/15/2026 3:45:00 PM,RTD,CMIN,14TANTASOL_G01,G,8/15/2026 3:01:00 PM,8/15/2026 4:00:00 PM,MAX_OPERATING_MW,12,
8/15/2026 3:45:00 PM,RTD,CMIN,14TANTASOL_G01,G,8/15/2026 3:01:00 PM,8/15/2026 4:00:00 PM,MIN_OPERATING_MW,12,
8/15/2026 3:50:00 PM,RTD,CLUZ,01BALWIND_G01,G,8/15/2026 12:16:00 PM,8/16/2026,MAX_OPERATING_MW,40,
8/15/2026 3:50:00 PM,RTD,CLUZ,01BALWIND_G01,G,8/15/2026 12:16:00 PM,8/16/2026,MIN_OPERATING_MW,40,
8/15/2026 3:50:00 PM,RTD,CLUZ,01BARBASOL_G01,G,8/15/2026 3:46:00 PM,8/15/2026 3:50:00 PM,MAX_OPERATING_MW,34.50,
8/15/2026 3:50:00 PM,RTD,CLUZ,01BARBASOL_G01,G,8/15/2026 3:46:00 PM,8/15/2026 3:50:00 PM,MIN_OPERATING_MW,34.50,
8/15/2026 3:50:00 PM,RTD,CLUZ,01BARBASOL_G01,G,8/15/2026 3:51:00 PM,8/15/2026 3:55:00 PM,MAX_OPERATING_MW,32.42,
8/15/2026 3:50:00 PM,RTD,CLUZ,01BARBASOL_G01,G,8/15/2026 3:51:00 PM,8/15/2026 3:55:00 PM,MIN_OPERATING_MW,32.42,
8/15/2026 3:50:00 PM,RTD,CLUZ,01BUGSOL_G01,G,8/15/2026 3:46:00 PM,8/15/2026 3:50:00 PM,MAX_OPERATING_MW,21.60,
8/15/2026 3:50:00 PM,RTD,CLUZ,01BUGSOL_G01,G,8/15/2026 3:46:00 PM,8/15/2026 3:50:00 PM,MIN_OPERATING_MW,21.60,
8/15/2026 3:50:00 PM,RTD,CLUZ,01BUGSOL_G01,G,8/15/2026 3:51:00 PM,8/15/2026 3:55:00 PM,MAX_OPERATING_MW,18.80,
8/15/2026 3:50:00 PM,RTD,CLUZ,01BUGSOL_G01,G,8/15/2026 3:51:00 PM,8/15/2026 3:55:00 PM,MIN_OPERATING_MW,18.80,
8/15/2026 3:50:00 PM,RTD,CLUZ,01BULACSOL_G01,G,8/15/2026 3:01:00 PM,8/15/2026 4:00:00 PM,MAX_OPERATING_MW,9.13,
8/15/2026 3:50:00 PM,RTD,CLUZ,01BULACSOL_G01,G,8/15/2026 3:01:00 PM,8/15/2026 4:00:00 PM,MIN_OPERATING_MW,9.13,
8/15/2026 3:50:00 PM,RTD,CLUZ,01CONSOL_G01,G,8/15/2026 3:46:00 PM,8/15/2026 3:50:00 PM,MAX_OPERATING_MW,30.64,
8/15/2026 3:50:00 PM,RTD,CLUZ,01CONSOL_G01,G,8/15/2026 3:46:00 PM,8/15/2026 3:50:00 PM,MIN_OPERATING_MW,30.64,
8/15/2026 3:50:00 PM,RTD,CLUZ,01CONSOL_G01,G,8/15/2026 3:51:00 PM,8/15/2026 3:55:00 PM,MAX_OPERATING_MW,29.42,
8/15/2026 3:50:00 PM,RTD,CLUZ,01CONSOL_G01,G,8/15/2026 3:51:00 PM,8/15/2026 3:55:00 PM,MIN_OPERATING_MW,29.42,
8/15/2026 3:50:00 PM,RTD,CLUZ,01PASBUSOL_G01,G,8/15/2026 3:01:00 PM,8/15/2026 4:00:00 PM,MAX_OPERATING_MW,20.14,
8/15/2026 3:50:00 PM,RTD,CLUZ,01PASBUSOL_G01,G,8/15/2026 3:01:00 PM,8/15/2026 4:00:00 PM,MIN_OPERATING_MW,20.14,
8/15/2026 3:50:00 PM,RTD,CLUZ,01TERRASOL_G01,G,8/15/2026 3:06:00 PM,8/15/2026 4:00:00 PM,MAX_OPERATING_MW,315.20,
8/15/2026 3:50:00 PM,RTD,CLUZ,01TERRASOL_G01,G,8/15/2026 3:06:00 PM,8/15/2026 4:00:00 PM,MIN_OPERATING_MW,315.20,
8/15/2026 3:50:00 PM,RTD,CLUZ,03LUMBSOL_G01,G,8/15/2026 3:46:00 PM,8/15/2026 3:50:00 PM,MAX_OPERATING_MW,15,
8/15/2026 3:50:00 PM,RTD,CLUZ,03LUMBSOL_G01,G,8/15/2026 3:46:00 PM,8/15/2026 3:50:00 PM,MIN_OPERATING_MW,15,
8/15/2026 3:50:00 PM,RTD,CLUZ,03LUMBSOL_G01,G,8/15/2026 3:51:00 PM,8/15/2026 3:55:00 PM,MAX_OPERATING_MW,15,
8/15/2026 3:50:00 PM,RTD,CLUZ,03LUMBSOL_G01,G,8/15/2026 3:51:00 PM,8/15/2026 3:55:00 PM,MIN_OPERATING_MW,15,
8/15/2026 3:50:00 PM,RTD,CLUZ,03LUNSOL_G01,G,8/15/2026 3:46:00 PM,8/15/2026 3:50:00 PM,MAX_OPERATING_MW,16.22,
8/15/2026 3:50:00 PM,RTD,CLUZ,03LUNSOL_G01,G,8/15/2026 3:46:00 PM,8/15/2026 3:50:00 PM,MIN_OPERATING_MW,16.22,
8/15/2026 3:50:00 PM,RTD,CLUZ,03LUNSOL_G01,G,8/15/2026 3:51:00 PM,8/15/2026 3:55:00 PM,MAX_OPERATING_MW,15.43,
8/15/2026 3:50:00 PM,RTD,CLUZ,03LUNSOL_G01,G,8/15/2026 3:51:00 PM,8/15/2026 3:55:00 PM,MIN_OPERATING_MW,15.43,
8/15/2026 3:50:00 PM,RTD,CLUZ,03TANWIND_G01,G,8/15/2026 3:46:00 PM,8/15/2026 3:50:00 PM,MAX_OPERATING_MW,5.50,
8/15/2026 3:50:00 PM,RTD,CLUZ,03TANWIND_G01,G,8/15/2026 3:46:00 PM,8/15/2026 3:50:00 PM,MIN_OPERATING_MW,5.50,
8/15/2026 3:50:00 PM,RTD,CLUZ,03TANWIND_G01,G,8/15/2026 3:51:00 PM,8/15/2026 3:55:00 PM,MAX_OPERATING_MW,5.50,
8/15/2026 3:50:00 PM,RTD,CLUZ,03TANWIND_G01,G,8/15/2026 3:51:00 PM,8/15/2026 3:55:00 PM,MIN_OPERATING_MW,5.50,
8/15/2026 3:50:00 PM,RTD,CVIS,04ISIDROSOL_G01,G,8/15/2026 3:01:00 PM,8/15/2026 4:00:00 PM,MAX_OPERATING_MW,50.90,
8/15/2026 3:50:00 PM,RTD,CVIS,04ISIDROSOL_G01,G,8/15/2026 3:01:00 PM,8/15/2026 4:00:00 PM,MIN_OPERATING_MW,50.90,
8/15/2026 3:50:00 PM,RTD,CVIS,06SLYSOL_G02,G,8/15/2026 3:01:00 PM,8/15/2026 4:00:00 PM,MAX_OPERATING_MW,9.38,
8/15/2026 3:50:00 PM,RTD,CVIS,06SLYSOL_G02,G,8/15/2026 3:01:00 PM,8/15/2026 4:00:00 PM,MIN_OPERATING_MW,9.38,
8/15/2026 3:50:00 PM,RTD,CVIS,06SLYSOL_G03,G,8/15/2026 3:01:00 PM,8/15/2026 4:00:00 PM,MAX_OPERATING_MW,8.62,
8/15/2026 3:50:00 PM,RTD,CVIS,06SLYSOL_G03,G,8/15/2026 3:01:00 PM,8/15/2026 4:00:00 PM,MIN_OPERATING_MW,8.62,
8/15/2026 3:50:00 PM,RTD,CMIN,10IDP1_U08,G,8/15/2026 12:56:00 PM,8/15/2026 3:55:00 PM,MAX_OPERATING_MW,4.90,
8/15/2026 3:50:00 PM,RTD,CMIN,10IDP1_U08,G,8/15/2026 12:56:00 PM,8/15/2026 3:55:00 PM,MIN_OPERATING_MW,4.90,
8/15/2026 3:50:00 PM,RTD,CMIN,10LIAN_G02,G,8/15/2026,8/15/2026 11:59:00 PM,MAX_OPERATING_MW,6.60,
8/15/2026 3:50:00 PM,RTD,CMIN,10LIAN_G02,G,8/15/2026,8/15/2026 11:59:00 PM,MIN_OPERATING_MW,6.60,
8/15/2026 3:50:00 PM,RTD,CMIN,14TANTASOL_G01,G,8/15/2026 3:01:00 PM,8/15/2026 4:00:00 PM,MAX_OPERATING_MW,12,
8/15/2026 3:50:00 PM,RTD,CMIN,14TANTASOL_G01,G,8/15/2026 3:01:00 PM,8/15/2026 4:00:00 PM,MIN_OPERATING_MW,12,
8/15/2026 3:55:00 PM,RTD,CLUZ,01BALWIND_G01,G,8/15/2026 12:16:00 PM,8/16/2026,MAX_OPERATING_MW,40,
8/15/2026 3:55:00 PM,RTD,CLUZ,01BALWIND_G01,G,8/15/2026 12:16:00 PM,8/16/2026,MIN_OPERATING_MW,40,
8/15/2026 3:55:00 PM,RTD,CLUZ,01BARBASOL_G01,G,8/15/2026 3:51:00 PM,8/15/2026 3:55:00 PM,MAX_OPERATING_MW,32.42,
8/15/2026 3:55:00 PM,RTD,CLUZ,01BARBASOL_G01,G,8/15/2026 3:51:00 PM,8/15/2026 3:55:00 PM,MIN_OPERATING_MW,32.42,
8/15/2026 3:55:00 PM,RTD,CLUZ,01BARBASOL_G01,G,8/15/2026 3:56:00 PM,8/15/2026 4:00:00 PM,MAX_OPERATING_MW,30.42,
8/15/2026 3:55:00 PM,RTD,CLUZ,01BARBASOL_G01,G,8/15/2026 3:56:00 PM,8/15/2026 4:00:00 PM,MIN_OPERATING_MW,30.42,
8/15/2026 3:55:00 PM,RTD,CLUZ,01BUGSOL_G01,G,8/15/2026 3:51:00 PM,8/15/2026 3:55:00 PM,MAX_OPERATING_MW,18.80,
8/15/2026 3:55:00 PM,RTD,CLUZ,01BUGSOL_G01,G,8/15/2026 3:51:00 PM,8/15/2026 3:55:00 PM,MIN_OPERATING_MW,18.80,
8/15/2026 3:55:00 PM,RTD,CLUZ,01BUGSOL_G01,G,8/15/2026 3:56:00 PM,8/15/2026 4:00:00 PM,MAX_OPERATING_MW,17.30,
8/15/2026 3:55:00 PM,RTD,CLUZ,01BUGSOL_G01,G,8/15/2026 3:56:00 PM,8/15/2026 4:00:00 PM,MIN_OPERATING_MW,17.30,
8/15/2026 3:55:00 PM,RTD,CLUZ,01BULACSOL_G01,G,8/15/2026 3:01:00 PM,8/15/2026 4:00:00 PM,MAX_OPERATING_MW,9.13,
8/15/2026 3:55:00 PM,RTD,CLUZ,01BULACSOL_G01,G,8/15/2026 3:01:00 PM,8/15/2026 4:00:00 PM,MIN_OPERATING_MW,9.13,
8/15/2026 3:55:00 PM,RTD,CLUZ,01CONSOL_G01,G,8/15/2026 3:51:00 PM,8/15/2026 3:55:00 PM,MAX_OPERATING_MW,29.42,
8/15/2026 3:55:00 PM,RTD,CLUZ,01CONSOL_G01,G,8/15/2026 3:51:00 PM,8/15/2026 3:55:00 PM,MIN_OPERATING_MW,29.42,
8/15/2026 3:55:00 PM,RTD,CLUZ,01CONSOL_G01,G,8/15/2026 3:56:00 PM,8/15/2026 4:00:00 PM,MAX_OPERATING_MW,28.35,
8/15/2026 3:55:00 PM,RTD,CLUZ,01CONSOL_G01,G,8/15/2026 3:56:00 PM,8/15/2026 4:00:00 PM,MIN_OPERATING_MW,28.35,
8/15/2026 3:55:00 PM,RTD,CLUZ,01PASBUSOL_G01,G,8/15/2026 3:01:00 PM,8/15/2026 4:00:00 PM,MAX_OPERATING_MW,20.14,
8/15/2026 3:55:00 PM,RTD,CLUZ,01PASBUSOL_G01,G,8/15/2026 3:01:00 PM,8/15/2026 4:00:00 PM,MIN_OPERATING_MW,20.14,
8/15/2026 3:55:00 PM,RTD,CLUZ,01TERRASOL_G01,G,8/15/2026 3:06:00 PM,8/15/2026 4:00:00 PM,MAX_OPERATING_MW,315.20,
8/15/2026 3:55:00 PM,RTD,CLUZ,01TERRASOL_G01,G,8/15/2026 3:06:00 PM,8/15/2026 4:00:00 PM,MIN_OPERATING_MW,315.20,
8/15/2026 3:55:00 PM,RTD,CLUZ,03LUMBSOL_G01,G,8/15/2026 3:51:00 PM,8/15/2026 3:55:00 PM,MAX_OPERATING_MW,15,
8/15/2026 3:55:00 PM,RTD,CLUZ,03LUMBSOL_G01,G,8/15/2026 3:51:00 PM,8/15/2026 3:55:00 PM,MIN_OPERATING_MW,15,
8/15/2026 3:55:00 PM,RTD,CLUZ,03LUMBSOL_G01,G,8/15/2026 3:56:00 PM,8/15/2026 4:00:00 PM,MAX_OPERATING_MW,15,
8/15/2026 3:55:00 PM,RTD,CLUZ,03LUMBSOL_G01,G,8/15/2026 3:56:00 PM,8/15/2026 4:00:00 PM,MIN_OPERATING_MW,15,
8/15/2026 3:55:00 PM,RTD,CLUZ,03LUNSOL_G01,G,8/15/2026 3:51:00 PM,8/15/2026 3:55:00 PM,MAX_OPERATING_MW,15.43,
8/15/2026 3:55:00 PM,RTD,CLUZ,03LUNSOL_G01,G,8/15/2026 3:51:00 PM,8/15/2026 3:55:00 PM,MIN_OPERATING_MW,15.43,
8/15/2026 3:55:00 PM,RTD,CLUZ,03LUNSOL_G01,G,8/15/2026 3:56:00 PM,8/15/2026 4:00:00 PM,MAX_OPERATING_MW,14.64,
8/15/2026 3:55:00 PM,RTD,CLUZ,03LUNSOL_G01,G,8/15/2026 3:56:00 PM,8/15/2026 4:00:00 PM,MIN_OPERATING_MW,14.64,
8/15/2026 3:55:00 PM,RTD,CLUZ,03TANWIND_G01,G,8/15/2026 3:51:00 PM,8/15/2026 3:55:00 PM,MAX_OPERATING_MW,5.50,
8/15/2026 3:55:00 PM,RTD,CLUZ,03TANWIND_G01,G,8/15/2026 3:51:00 PM,8/15/2026 3:55:00 PM,MIN_OPERATING_MW,5.50,
8/15/2026 3:55:00 PM,RTD,CLUZ,03TANWIND_G01,G,8/15/2026 3:56:00 PM,8/15/2026 4:00:00 PM,MAX_OPERATING_MW,5.50,
8/15/2026 3:55:00 PM,RTD,CLUZ,03TANWIND_G01,G,8/15/2026 3:56:00 PM,8/15/2026 4:00:00 PM,MIN_OPERATING_MW,5.50,
8/15/2026 3:55:00 PM,RTD,CVIS,04ISIDROSOL_G01,G,8/15/2026 3:01:00 PM,8/15/2026 4:00:00 PM,MAX_OPERATING_MW,50.90,
8/15/2026 3:55:00 PM,RTD,CVIS,04ISIDROSOL_G01,G,8/15/2026 3:01:00 PM,8/15/2026 4:00:00 PM,MIN_OPERATING_MW,50.90,
8/15/2026 3:55:00 PM,RTD,CVIS,06SLYSOL_G02,G,8/15/2026 3:01:00 PM,8/15/2026 4:00:00 PM,MAX_OPERATING_MW,9.38,
8/15/2026 3:55:00 PM,RTD,CVIS,06SLYSOL_G02,G,8/15/2026 3:01:00 PM,8/15/2026 4:00:00 PM,MIN_OPERATING_MW,9.38,
8/15/2026 3:55:00 PM,RTD,CVIS,06SLYSOL_G03,G,8/15/2026 3:01:00 PM,8/15/2026 4:00:00 PM,MAX_OPERATING_MW,8.62,
8/15/2026 3:55:00 PM,RTD,CVIS,06SLYSOL_G03,G,8/15/2026 3:01:00 PM,8/15/2026 4:00:00 PM,MIN_OPERATING_MW,8.62,
8/15/2026 3:55:00 PM,RTD,CMIN,10IDP1_U08,G,8/15/2026 12:56:00 PM,8/15/2026 3:55:00 PM,MAX_OPERATING_MW,4.90,
8/15/2026 3:55:00 PM,RTD,CMIN,10IDP1_U08,G,8/15/2026 12:56:00 PM,8/15/2026 3:55:00 PM,MIN_OPERATING_MW,4.90,
8/15/2026 3:55:00 PM,RTD,CMIN,10IDP1_U08,G,8/15/2026 3:56:00 PM,8/15/2026 4:00:00 PM,MAX_OPERATING_MW,4.10,
8/15/2026 3:55:00 PM,RTD,CMIN,10IDP1_U08,G,8/15/2026 3:56:00 PM,8/15/2026 4:00:00 PM,MIN_OPERATING_MW,4.10,
8/15/2026 3:55:00 PM,RTD,CMIN,10LIAN_G02,G,8/15/2026,8/15/2026 11:59:00 PM,MAX_OPERATING_MW,6.60,
8/15/2026 3:55:00 PM,RTD,CMIN,10LIAN_G02,G,8/15/2026,8/15/2026 11:59:00 PM,MIN_OPERATING_MW,6.60,
8/15/2026 3:55:00 PM,RTD,CMIN,14TANTASOL_G01,G,8/15/2026 3:01:00 PM,8/15/2026 4:00:00 PM,MAX_OPERATING_MW,19,
8/15/2026 3:55:00 PM,RTD,CMIN,14TANTASOL_G01,G,8/15/2026 3:01:00 PM,8/15/2026 4:00:00 PM,MIN_OPERATING_MW,19,
8/15/2026 4:00:00 PM,RTD,CLUZ,01BALWIND_G01,G,8/15/2026 12:16:00 PM,8/16/2026,MAX_OPERATING_MW,40,
8/15/2026 4:00:00 PM,RTD,CLUZ,01BALWIND_G01,G,8/15/2026 12:16:00 PM,8/16/2026,MIN_OPERATING_MW,40,
8/15/2026 4:00:00 PM,RTD,CLUZ,01BARBASOL_G01,G,8/15/2026 3:56:00 PM,8/15/2026 4:00:00 PM,MAX_OPERATING_MW,30.42,
8/15/2026 4:00:00 PM,RTD,CLUZ,01BARBASOL_G01,G,8/15/2026 3:56:00 PM,8/15/2026 4:00:00 PM,MIN_OPERATING_MW,30.42,
8/15/2026 4:00:00 PM,RTD,CLUZ,01BARBASOL_G01,G,8/15/2026 4:01:00 PM,8/15/2026 4:05:00 PM,MAX_OPERATING_MW,28.54,
8/15/2026 4:00:00 PM,RTD,CLUZ,01BARBASOL_G01,G,8/15/2026 4:01:00 PM,8/15/2026 4:05:00 PM,MIN_OPERATING_MW,28.54,
8/15/2026 4:00:00 PM,RTD,CLUZ,01BUGSOL_G01,G,8/15/2026 3:56:00 PM,8/15/2026 4:00:00 PM,MAX_OPERATING_MW,17.30,
8/15/2026 4:00:00 PM,RTD,CLUZ,01BUGSOL_G01,G,8/15/2026 3:56:00 PM,8/15/2026 4:00:00 PM,MIN_OPERATING_MW,17.30,
8/15/2026 4:00:00 PM,RTD,CLUZ,01BUGSOL_G01,G,8/15/2026 4:01:00 PM,8/15/2026 4:05:00 PM,MAX_OPERATING_MW,16.50,
8/15/2026 4:00:00 PM,RTD,CLUZ,01BUGSOL_G01,G,8/15/2026 4:01:00 PM,8/15/2026 4:05:00 PM,MIN_OPERATING_MW,16.50,
8/15/2026 4:00:00 PM,RTD,CLUZ,01BULACSOL_G01,G,8/15/2026 3:01:00 PM,8/15/2026 4:00:00 PM,MAX_OPERATING_MW,9.13,
8/15/2026 4:00:00 PM,RTD,CLUZ,01BULACSOL_G01,G,8/15/2026 3:01:00 PM,8/15/2026 4:00:00 PM,MIN_OPERATING_MW,9.13,
8/15/2026 4:00:00 PM,RTD,CLUZ,01BULACSOL_G01,G,8/15/2026 4:01:00 PM,8/15/2026 5:00:00 PM,MAX_OPERATING_MW,5.14,
8/15/2026 4:00:00 PM,RTD,CLUZ,01BULACSOL_G01,G,8/15/2026 4:01:00 PM,8/15/2026 5:00:00 PM,MIN_OPERATING_MW,5.14,
8/15/2026 4:00:00 PM,RTD,CLUZ,01CONSOL_G01,G,8/15/2026 3:56:00 PM,8/15/2026 4:00:00 PM,MAX_OPERATING_MW,28.35,
8/15/2026 4:00:00 PM,RTD,CLUZ,01CONSOL_G01,G,8/15/2026 3:56:00 PM,8/15/2026 4:00:00 PM,MIN_OPERATING_MW,28.35,
8/15/2026 4:00:00 PM,RTD,CLUZ,01CONSOL_G01,G,8/15/2026 4:01:00 PM,8/15/2026 4:05:00 PM,MAX_OPERATING_MW,27.28,
8/15/2026 4:00:00 PM,RTD,CLUZ,01CONSOL_G01,G,8/15/2026 4:01:00 PM,8/15/2026 4:05:00 PM,MIN_OPERATING_MW,27.28,
8/15/2026 4:00:00 PM,RTD,CLUZ,01PASBUSOL_G01,G,8/15/2026 3:01:00 PM,8/15/2026 4:00:00 PM,MAX_OPERATING_MW,20.14,
8/15/2026 4:00:00 PM,RTD,CLUZ,01PASBUSOL_G01,G,8/15/2026 3:01:00 PM,8/15/2026 4:00:00 PM,MIN_OPERATING_MW,20.14,
8/15/2026 4:00:00 PM,RTD,CLUZ,01PASBUSOL_G01,G,8/15/2026 4:01:00 PM,8/15/2026 5:00:00 PM,MAX_OPERATING_MW,10.88,
8/15/2026 4:00:00 PM,RTD,CLUZ,01PASBUSOL_G01,G,8/15/2026 4:01:00 PM,8/15/2026 5:00:00 PM,MIN_OPERATING_MW,10.88,
8/15/2026 4:00:00 PM,RTD,CLUZ,01TERRASOL_G01,G,8/15/2026 3:06:00 PM,8/15/2026 4:00:00 PM,MAX_OPERATING_MW,315.20,
8/15/2026 4:00:00 PM,RTD,CLUZ,01TERRASOL_G01,G,8/15/2026 3:06:00 PM,8/15/2026 4:00:00 PM,MIN_OPERATING_MW,315.20,
8/15/2026 4:00:00 PM,RTD,CLUZ,01TERRASOL_G01,G,8/15/2026 4:01:00 PM,8/15/2026 4:05:00 PM,MAX_OPERATING_MW,215,
8/15/2026 4:00:00 PM,RTD,CLUZ,01TERRASOL_G01,G,8/15/2026 4:01:00 PM,8/15/2026 4:05:00 PM,MIN_OPERATING_MW,215,
8/15/2026 4:00:00 PM,RTD,CLUZ,03LUMBSOL_G01,G,8/15/2026 3:56:00 PM,8/15/2026 4:00:00 PM,MAX_OPERATING_MW,15,
8/15/2026 4:00:00 PM,RTD,CLUZ,03LUMBSOL_G01,G,8/15/2026 3:56:00 PM,8/15/2026 4:00:00 PM,MIN_OPERATING_MW,15,
8/15/2026 4:00:00 PM,RTD,CLUZ,03LUMBSOL_G01,G,8/15/2026 4:01:00 PM,8/15/2026 4:05:00 PM,MAX_OPERATING_MW,10,
8/15/2026 4:00:00 PM,RTD,CLUZ,03LUMBSOL_G01,G,8/15/2026 4:01:00 PM,8/15/2026 4:05:00 PM,MIN_OPERATING_MW,10,
8/15/2026 4:00:00 PM,RTD,CLUZ,03LUNSOL_G01,G,8/15/2026 3:56:00 PM,8/15/2026 4:00:00 PM,MAX_OPERATING_MW,14.64,
8/15/2026 4:00:00 PM,RTD,CLUZ,03LUNSOL_G01,G,8/15/2026 3:56:00 PM,8/15/2026 4:00:00 PM,MIN_OPERATING_MW,14.64,
8/15/2026 4:00:00 PM,RTD,CLUZ,03LUNSOL_G01,G,8/15/2026 4:01:00 PM,8/15/2026 4:05:00 PM,MAX_OPERATING_MW,13.83,
8/15/2026 4:00:00 PM,RTD,CLUZ,03LUNSOL_G01,G,8/15/2026 4:01:00 PM,8/15/2026 4:05:00 PM,MIN_OPERATING_MW,13.83,
8/15/2026 4:00:00 PM,RTD,CLUZ,03TANWIND_G01,G,8/15/2026 3:56:00 PM,8/15/2026 4:00:00 PM,MAX_OPERATING_MW,5.50,
8/15/2026 4:00:00 PM,RTD,CLUZ,03TANWIND_G01,G,8/15/2026 3:56:00 PM,8/15/2026 4:00:00 PM,MIN_OPERATING_MW,5.50,
8/15/2026 4:00:00 PM,RTD,CLUZ,03TANWIND_G01,G,8/15/2026 4:01:00 PM,8/15/2026 4:05:00 PM,MAX_OPERATING_MW,5.10,
8/15/2026 4:00:00 PM,RTD,CLUZ,03TANWIND_G01,G,8/15/2026 4:01:00 PM,8/15/2026 4:05:00 PM,MIN_OPERATING_MW,5.10,
8/15/2026 4:00:00 PM,RTD,CVIS,04ISIDROSOL_G01,G,8/15/2026 3:01:00 PM,8/15/2026 4:00:00 PM,MAX_OPERATING_MW,50.90,
8/15/2026 4:00:00 PM,RTD,CVIS,04ISIDROSOL_G01,G,8/15/2026 3:01:00 PM,8/15/2026 4:00:00 PM,MIN_OPERATING_MW,50.90,
8/15/2026 4:00:00 PM,RTD,CVIS,04ISIDROSOL_G01,G,8/15/2026 4:01:00 PM,8/15/2026 5:00:00 PM,MAX_OPERATING_MW,25.90,
8/15/2026 4:00:00 PM,RTD,CVIS,04ISIDROSOL_G01,G,8/15/2026 4:01:00 PM,8/15/2026 5:00:00 PM,MIN_OPERATING_MW,25.90,
8/15/2026 4:00:00 PM,RTD,CVIS,06SLYSOL_G02,G,8/15/2026 3:01:00 PM,8/15/2026 4:00:00 PM,MAX_OPERATING_MW,9.38,
8/15/2026 4:00:00 PM,RTD,CVIS,06SLYSOL_G02,G,8/15/2026 3:01:00 PM,8/15/2026 4:00:00 PM,MIN_OPERATING_MW,9.38,
8/15/2026 4:00:00 PM,RTD,CVIS,06SLYSOL_G02,G,8/15/2026 4:01:00 PM,8/15/2026 5:00:00 PM,MAX_OPERATING_MW,5.85,
8/15/2026 4:00:00 PM,RTD,CVIS,06SLYSOL_G02,G,8/15/2026 4:01:00 PM,8/15/2026 5:00:00 PM,MIN_OPERATING_MW,5.85,
8/15/2026 4:00:00 PM,RTD,CVIS,06SLYSOL_G03,G,8/15/2026 3:01:00 PM,8/15/2026 4:00:00 PM,MAX_OPERATING_MW,8.62,
8/15/2026 4:00:00 PM,RTD,CVIS,06SLYSOL_G03,G,8/15/2026 3:01:00 PM,8/15/2026 4:00:00 PM,MIN_OPERATING_MW,8.62,
8/15/2026 4:00:00 PM,RTD,CVIS,06SLYSOL_G03,G,8/15/2026 4:01:00 PM,8/15/2026 5:00:00 PM,MAX_OPERATING_MW,3.42,
8/15/2026 4:00:00 PM,RTD,CVIS,06SLYSOL_G03,G,8/15/2026 4:01:00 PM,8/15/2026 5:00:00 PM,MIN_OPERATING_MW,3.42,
8/15/2026 4:00:00 PM,RTD,CMIN,10IDP1_U08,G,8/15/2026 3:56:00 PM,8/15/2026 4:00:00 PM,MAX_OPERATING_MW,4.10,
8/15/2026 4:00:00 PM,RTD,CMIN,10IDP1_U08,G,8/15/2026 3:56:00 PM,8/15/2026 4:00:00 PM,MIN_OPERATING_MW,4.10,
8/15/2026 4:00:00 PM,RTD,CMIN,10IDP1_U08,G,8/15/2026 4:01:00 PM,8/15/2026 4:05:00 PM,MAX_OPERATING_MW,3.30,
8/15/2026 4:00:00 PM,RTD,CMIN,10IDP1_U08,G,8/15/2026 4:01:00 PM,8/15/2026 4:05:00 PM,MIN_OPERATING_MW,3.30,
8/15/2026 4:00:00 PM,RTD,CMIN,10LIAN_G02,G,8/15/2026,8/15/2026 11:59:00 PM,MAX_OPERATING_MW,6.60,
8/15/2026 4:00:00 PM,RTD,CMIN,10LIAN_G02,G,8/15/2026,8/15/2026 11:59:00 PM,MIN_OPERATING_MW,6.60,
8/15/2026 4:00:00 PM,RTD,CMIN,14TANTASOL_G01,G,8/15/2026 3:01:00 PM,8/15/2026 4:00:00 PM,MAX_OPERATING_MW,19,
8/15/2026 4:00:00 PM,RTD,CMIN,14TANTASOL_G01,G,8/15/2026 3:01:00 PM,8/15/2026 4:00:00 PM,MIN_OPERATING_MW,19,
8/15/2026 4:00:00 PM,RTD,CMIN,14TANTASOL_G01,G,8/15/2026 4:01:00 PM,8/15/2026 5:00:00 PM,MAX_OPERATING_MW,10,
8/15/2026 4:00:00 PM,RTD,CMIN,14TANTASOL_G01,G,8/15/2026 4:01:00 PM,8/15/2026 5:00:00 PM,MIN_OPERATING_MW,10,
8/15/2026 4:05:00 PM,RTD,CLUZ,01BALWIND_G01,G,8/15/2026 12:16:00 PM,8/16/2026,MAX_OPERATING_MW,40,
8/15/2026 4:05:00 PM,RTD,CLUZ,01BALWIND_G01,G,8/15/2026 12:16:00 PM,8/16/2026,MIN_OPERATING_MW,40,
8/15/2026 4:05:00 PM,RTD,CLUZ,01BARBASOL_G01,G,8/15/2026 4:01:00 PM,8/15/2026 4:05:00 PM,MAX_OPERATING_MW,28.54,
8/15/2026 4:05:00 PM,RTD,CLUZ,01BARBASOL_G01,G,8/15/2026 4:01:00 PM,8/15/2026 4:05:00 PM,MIN_OPERATING_MW,28.54,
8/15/2026 4:05:00 PM,RTD,CLUZ,01BARBASOL_G01,G,8/15/2026 4:06:00 PM,8/15/2026 4:10:00 PM,MAX_OPERATING_MW,26.79,
8/15/2026 4:05:00 PM,RTD,CLUZ,01BARBASOL_G01,G,8/15/2026 4:06:00 PM,8/15/2026 4:10:00 PM,MIN_OPERATING_MW,26.79,
8/15/2026 4:05:00 PM,RTD,CLUZ,01BUGSOL_G01,G,8/15/2026 4:01:00 PM,8/15/2026 4:05:00 PM,MAX_OPERATING_MW,70,
8/15/2026 4:05:00 PM,RTD,CLUZ,01BUGSOL_G01,G,8/15/2026 4:01:00 PM,8/15/2026 4:05:00 PM,MIN_OPERATING_MW,70,
8/15/2026 4:05:00 PM,RTD,CLUZ,01BUGSOL_G01,G,8/15/2026 4:06:00 PM,8/15/2026 4:10:00 PM,MAX_OPERATING_MW,70,
8/15/2026 4:05:00 PM,RTD,CLUZ,01BUGSOL_G01,G,8/15/2026 4:06:00 PM,8/15/2026 4:10:00 PM,MIN_OPERATING_MW,70,
8/15/2026 4:05:00 PM,RTD,CLUZ,01BULACSOL_G01,G,8/15/2026 4:01:00 PM,8/15/2026 5:00:00 PM,MAX_OPERATING_MW,5.14,
8/15/2026 4:05:00 PM,RTD,CLUZ,01BULACSOL_G01,G,8/15/2026 4:01:00 PM,8/15/2026 5:00:00 PM,MIN_OPERATING_MW,5.14,
8/15/2026 4:05:00 PM,RTD,CLUZ,01CONSOL_G01,G,8/15/2026 4:01:00 PM,8/15/2026 4:05:00 PM,MAX_OPERATING_MW,27.28,
8/15/2026 4:05:00 PM,RTD,CLUZ,01CONSOL_G01,G,8/15/2026 4:01:00 PM,8/15/2026 4:05:00 PM,MIN_OPERATING_MW,27.28,
8/15/2026 4:05:00 PM,RTD,CLUZ,01CONSOL_G01,G,8/15/2026 4:06:00 PM,8/15/2026 4:10:00 PM,MAX_OPERATING_MW,26.19,
8/15/2026 4:05:00 PM,RTD,CLUZ,01CONSOL_G01,G,8/15/2026 4:06:00 PM,8/15/2026 4:10:00 PM,MIN_OPERATING_MW,26.19,
8/15/2026 4:05:00 PM,RTD,CLUZ,01PASBUSOL_G01,G,8/15/2026 4:01:00 PM,8/15/2026 5:00:00 PM,MAX_OPERATING_MW,10.88,
8/15/2026 4:05:00 PM,RTD,CLUZ,01PASBUSOL_G01,G,8/15/2026 4:01:00 PM,8/15/2026 5:00:00 PM,MIN_OPERATING_MW,10.88,
8/15/2026 4:05:00 PM,RTD,CLUZ,01TERRASOL_G01,G,8/15/2026 2:16:00 PM,8/15/2026 4:40:00 PM,MAX_OPERATING_MW,100,
8/15/2026 4:05:00 PM,RTD,CLUZ,01TERRASOL_G01,G,8/15/2026 2:16:00 PM,8/15/2026 4:40:00 PM,MIN_OPERATING_MW,100,
8/15/2026 4:05:00 PM,RTD,CLUZ,03LUMBSOL_G01,G,8/15/2026 4:01:00 PM,8/15/2026 4:05:00 PM,MAX_OPERATING_MW,10,
8/15/2026 4:05:00 PM,RTD,CLUZ,03LUMBSOL_G01,G,8/15/2026 4:01:00 PM,8/15/2026 4:05:00 PM,MIN_OPERATING_MW,10,
8/15/2026 4:05:00 PM,RTD,CLUZ,03LUMBSOL_G01,G,8/15/2026 4:06:00 PM,8/15/2026 4:10:00 PM,MAX_OPERATING_MW,10,
8/15/2026 4:05:00 PM,RTD,CLUZ,03LUMBSOL_G01,G,8/15/2026 4:06:00 PM,8/15/2026 4:10:00 PM,MIN_OPERATING_MW,10,
8/15/2026 4:05:00 PM,RTD,CLUZ,03LUNSOL_G01,G,8/15/2026 4:01:00 PM,8/15/2026 4:05:00 PM,MAX_OPERATING_MW,13.83,
8/15/2026 4:05:00 PM,RTD,CLUZ,03LUNSOL_G01,G,8/15/2026 4:01:00 PM,8/15/2026 4:05:00 PM,MIN_OPERATING_MW,13.83,
8/15/2026 4:05:00 PM,RTD,CLUZ,03LUNSOL_G01,G,8/15/2026 4:06:00 PM,8/15/2026 4:10:00 PM,MAX_OPERATING_MW,12.98,
8/15/2026 4:05:00 PM,RTD,CLUZ,03LUNSOL_G01,G,8/15/2026 4:06:00 PM,8/15/2026 4:10:00 PM,MIN_OPERATING_MW,12.98,
8/15/2026 4:05:00 PM,RTD,CLUZ,03TANWIND_G01,G,8/15/2026 4:01:00 PM,8/15/2026 4:05:00 PM,MAX_OPERATING_MW,5.10,
8/15/2026 4:05:00 PM,RTD,CLUZ,03TANWIND_G01,G,8/15/2026 4:01:00 PM,8/15/2026 4:05:00 PM,MIN_OPERATING_MW,5.10,
8/15/2026 4:05:00 PM,RTD,CLUZ,03TANWIND_G01,G,8/15/2026 4:06:00 PM,8/15/2026 4:10:00 PM,MAX_OPERATING_MW,5.10,
8/15/2026 4:05:00 PM,RTD,CLUZ,03TANWIND_G01,G,8/15/2026 4:06:00 PM,8/15/2026 4:10:00 PM,MIN_OPERATING_MW,5.10,
8/15/2026 4:05:00 PM,RTD,CVIS,04ISIDROSOL_G01,G,8/15/2026 4:01:00 PM,8/15/2026 5:00:00 PM,MAX_OPERATING_MW,25.90,
8/15/2026 4:05:00 PM,RTD,CVIS,04ISIDROSOL_G01,G,8/15/2026 4:01:00 PM,8/15/2026 5:00:00 PM,MIN_OPERATING_MW,25.90,
8/15/2026 4:05:00 PM,RTD,CVIS,06SLYSOL_G02,G,8/15/2026 4:01:00 PM,8/15/2026 5:00:00 PM,MAX_OPERATING_MW,5.85,
8/15/2026 4:05:00 PM,RTD,CVIS,06SLYSOL_G02,G,8/15/2026 4:01:00 PM,8/15/2026 5:00:00 PM,MIN_OPERATING_MW,5.85,
8/15/2026 4:05:00 PM,RTD,CVIS,06SLYSOL_G03,G,8/15/2026 4:01:00 PM,8/15/2026 5:00:00 PM,MAX_OPERATING_MW,3.42,
8/15/2026 4:05:00 PM,RTD,CVIS,06SLYSOL_G03,G,8/15/2026 4:01:00 PM,8/15/2026 5:00:00 PM,MIN_OPERATING_MW,3.42,
8/15/2026 4:05:00 PM,RTD,CMIN,10IDP1_U08,G,8/15/2026 4:01:00 PM,8/15/2026 4:05:00 PM,MAX_OPERATING_MW,3.30,
8/15/2026 4:05:00 PM,RTD,CMIN,10IDP1_U08,G,8/15/2026 4:01:00 PM,8/15/2026 4:05:00 PM,MIN_OPERATING_MW,3.30,
8/15/2026 4:05:00 PM,RTD,CMIN,10IDP1_U08,G,8/15/2026 4:06:00 PM,8/15/2026 4:10:00 PM,MAX_OPERATING_MW,2.50,
8/15/2026 4:05:00 PM,RTD,CMIN,10IDP1_U08,G,8/15/2026 4:06:00 PM,8/15/2026 4:10:00 PM,MIN_OPERATING_MW,2.50,
8/15/2026 4:05:00 PM,RTD,CMIN,10LIAN_G02,G,8/15/2026,8/15/2026 11:59:00 PM,MAX_OPERATING_MW,6.60,
8/15/2026 4:05:00 PM,RTD,CMIN,10LIAN_G02,G,8/15/2026,8/15/2026 11:59:00 PM,MIN_OPERATING_MW,6.60,
8/15/2026 4:05:00 PM,RTD,CMIN,14TANTASOL_G01,G,8/15/2026 4:01:00 PM,8/15/2026 5:00:00 PM,MAX_OPERATING_MW,10,
8/15/2026 4:05:00 PM,RTD,CMIN,14TANTASOL_G01,G,8/15/2026 4:01:00 PM,8/15/2026 5:00:00 PM,MIN_OPERATING_MW,10,
8/15/2026 4:10:00 PM,RTD,CLUZ,01BALWIND_G01,G,8/15/2026 12:16:00 PM,8/16/2026,MAX_OPERATING_MW,40,
8/15/2026 4:10:00 PM,RTD,CLUZ,01BALWIND_G01,G,8/15/2026 12:16:00 PM,8/16/2026,MIN_OPERATING_MW,40,
8/15/2026 4:10:00 PM,RTD,CLUZ,01BARBASOL_G01,G,8/15/2026 4:06:00 PM,8/15/2026 4:10:00 PM,MAX_OPERATING_MW,26.79,
8/15/2026 4:10:00 PM,RTD,CLUZ,01BARBASOL_G01,G,8/15/2026 4:06:00 PM,8/15/2026 4:10:00 PM,MIN_OPERATING_MW,26.79,
8/15/2026 4:10:00 PM,RTD,CLUZ,01BARBASOL_G01,G,8/15/2026 4:11:00 PM,8/15/2026 4:15:00 PM,MAX_OPERATING_MW,25.07,
8/15/2026 4:10:00 PM,RTD,CLUZ,01BARBASOL_G01,G,8/15/2026 4:11:00 PM,8/15/2026 4:15:00 PM,MIN_OPERATING_MW,25.07,
8/15/2026 4:10:00 PM,RTD,CLUZ,01BUGSOL_G01,G,8/15/2026 4:06:00 PM,8/15/2026 4:10:00 PM,MAX_OPERATING_MW,70,
8/15/2026 4:10:00 PM,RTD,CLUZ,01BUGSOL_G01,G,8/15/2026 4:06:00 PM,8/15/2026 4:10:00 PM,MIN_OPERATING_MW,70,
8/15/2026 4:10:00 PM,RTD,CLUZ,01BUGSOL_G01,G,8/15/2026 4:11:00 PM,8/15/2026 4:15:00 PM,MAX_OPERATING_MW,60,
8/15/2026 4:10:00 PM,RTD,CLUZ,01BUGSOL_G01,G,8/15/2026 4:11:00 PM,8/15/2026 4:15:00 PM,MIN_OPERATING_MW,60,
8/15/2026 4:10:00 PM,RTD,CLUZ,01BULACSOL_G01,G,8/15/2026 4:01:00 PM,8/15/2026 5:00:00 PM,MAX_OPERATING_MW,5.14,
8/15/2026 4:10:00 PM,RTD,CLUZ,01BULACSOL_G01,G,8/15/2026 4:01:00 PM,8/15/2026 5:00:00 PM,MIN_OPERATING_MW,5.14,
8/15/2026 4:10:00 PM,RTD,CLUZ,01CONSOL_G01,G,8/15/2026 4:06:00 PM,8/15/2026 4:10:00 PM,MAX_OPERATING_MW,26.19,
8/15/2026 4:10:00 PM,RTD,CLUZ,01CONSOL_G01,G,8/15/2026 4:06:00 PM,8/15/2026 4:10:00 PM,MIN_OPERATING_MW,26.19,
8/15/2026 4:10:00 PM,RTD,CLUZ,01CONSOL_G01,G,8/15/2026 4:11:00 PM,8/15/2026 4:15:00 PM,MAX_OPERATING_MW,25.08,
8/15/2026 4:10:00 PM,RTD,CLUZ,01CONSOL_G01,G,8/15/2026 4:11:00 PM,8/15/2026 4:15:00 PM,MIN_OPERATING_MW,25.08,
8/15/2026 4:10:00 PM,RTD,CLUZ,01PASBUSOL_G01,G,8/15/2026 4:01:00 PM,8/15/2026 5:00:00 PM,MAX_OPERATING_MW,10.88,
8/15/2026 4:10:00 PM,RTD,CLUZ,01PASBUSOL_G01,G,8/15/2026 4:01:00 PM,8/15/2026 5:00:00 PM,MIN_OPERATING_MW,10.88,
8/15/2026 4:10:00 PM,RTD,CLUZ,01TERRASOL_G01,G,8/15/2026 2:16:00 PM,8/15/2026 4:40:00 PM,MAX_OPERATING_MW,100,
8/15/2026 4:10:00 PM,RTD,CLUZ,01TERRASOL_G01,G,8/15/2026 2:16:00 PM,8/15/2026 4:40:00 PM,MIN_OPERATING_MW,100,
8/15/2026 4:10:00 PM,RTD,CLUZ,03LUMBSOL_G01,G,8/15/2026 4:06:00 PM,8/15/2026 4:10:00 PM,MAX_OPERATING_MW,10,
8/15/2026 4:10:00 PM,RTD,CLUZ,03LUMBSOL_G01,G,8/15/2026 4:06:00 PM,8/15/2026 4:10:00 PM,MIN_OPERATING_MW,10,
8/15/2026 4:10:00 PM,RTD,CLUZ,03LUMBSOL_G01,G,8/15/2026 4:11:00 PM,8/15/2026 4:15:00 PM,MAX_OPERATING_MW,10,
8/15/2026 4:10:00 PM,RTD,CLUZ,03LUMBSOL_G01,G,8/15/2026 4:11:00 PM,8/15/2026 4:15:00 PM,MIN_OPERATING_MW,10,
8/15/2026 4:10:00 PM,RTD,CLUZ,03LUNSOL_G01,G,8/15/2026 4:06:00 PM,8/15/2026 4:10:00 PM,MAX_OPERATING_MW,12.98,
8/15/2026 4:10:00 PM,RTD,CLUZ,03LUNSOL_G01,G,8/15/2026 4:06:00 PM,8/15/2026 4:10:00 PM,MIN_OPERATING_MW,12.98,
8/15/2026 4:10:00 PM,RTD,CLUZ,03LUNSOL_G01,G,8/15/2026 4:11:00 PM,8/15/2026 4:15:00 PM,MAX_OPERATING_MW,12.12,
8/15/2026 4:10:00 PM,RTD,CLUZ,03LUNSOL_G01,G,8/15/2026 4:11:00 PM,8/15/2026 4:15:00 PM,MIN_OPERATING_MW,12.12,
8/15/2026 4:10:00 PM,RTD,CLUZ,03TANWIND_G01,G,8/15/2026 4:06:00 PM,8/15/2026 4:10:00 PM,MAX_OPERATING_MW,5.10,
8/15/2026 4:10:00 PM,RTD,CLUZ,03TANWIND_G01,G,8/15/2026 4:06:00 PM,8/15/2026 4:10:00 PM,MIN_OPERATING_MW,5.10,
8/15/2026 4:10:00 PM,RTD,CLUZ,03TANWIND_G01,G,8/15/2026 4:11:00 PM,8/15/2026 4:15:00 PM,MAX_OPERATING_MW,5.10,
8/15/2026 4:10:00 PM,RTD,CLUZ,03TANWIND_G01,G,8/15/2026 4:11:00 PM,8/15/2026 4:15:00 PM,MIN_OPERATING_MW,5.10,
8/15/2026 4:10:00 PM,RTD,CVIS,04ISIDROSOL_G01,G,8/15/2026 4:01:00 PM,8/15/2026 5:00:00 PM,MAX_OPERATING_MW,25.90,
8/15/2026 4:10:00 PM,RTD,CVIS,04ISIDROSOL_G01,G,8/15/2026 4:01:00 PM,8/15/2026 5:00:00 PM,MIN_OPERATING_MW,25.90,
8/15/2026 4:10:00 PM,RTD,CVIS,06SLYSOL_G02,G,8/15/2026 4:01:00 PM,8/15/2026 5:00:00 PM,MAX_OPERATING_MW,5.85,
8/15/2026 4:10:00 PM,RTD,CVIS,06SLYSOL_G02,G,8/15/2026 4:01:00 PM,8/15/2026 5:00:00 PM,MIN_OPERATING_MW,5.85,
8/15/2026 4:10:00 PM,RTD,CVIS,06SLYSOL_G03,G,8/15/2026 4:01:00 PM,8/15/2026 5:00:00 PM,MAX_OPERATING_MW,3.42,
8/15/2026 4:10:00 PM,RTD,CVIS,06SLYSOL_G03,G,8/15/2026 4:01:00 PM,8/15/2026 5:00:00 PM,MIN_OPERATING_MW,3.42,
8/15/2026 4:10:00 PM,RTD,CMIN,10IDP1_U08,G,8/15/2026 4:06:00 PM,8/15/2026 4:10:00 PM,MAX_OPERATING_MW,2.50,
8/15/2026 4:10:00 PM,RTD,CMIN,10IDP1_U08,G,8/15/2026 4:06:00 PM,8/15/2026 4:10:00 PM,MIN_OPERATING_MW,2.50,
8/15/2026 4:10:00 PM,RTD,CMIN,10IDP1_U08,G,8/15/2026 4:11:00 PM,8/15/2026 4:16:00 PM,MAX_OPERATING_MW,0,
8/15/2026 4:10:00 PM,RTD,CMIN,10IDP1_U08,G,8/15/2026 4:11:00 PM,8/15/2026 4:16:00 PM,MIN_OPERATING_MW,0,
8/15/2026 4:10:00 PM,RTD,CMIN,10LIAN_G02,G,8/15/2026,8/15/2026 11:59:00 PM,MAX_OPERATING_MW,6.60,
8/15/2026 4:10:00 PM,RTD,CMIN,10LIAN_G02,G,8/15/2026,8/15/2026 11:59:00 PM,MIN_OPERATING_MW,6.60,
8/15/2026 4:10:00 PM,RTD,CMIN,14TANTASOL_G01,G,8/15/2026 4:01:00 PM,8/15/2026 5:00:00 PM,MAX_OPERATING_MW,10,
8/15/2026 4:10:00 PM,RTD,CMIN,14TANTASOL_G01,G,8/15/2026 4:01:00 PM,8/15/2026 5:00:00 PM,MIN_OPERATING_MW,10,
8/15/2026 4:15:00 PM,RTD,CLUZ,01BALWIND_G01,G,8/15/2026 12:16:00 PM,8/16/2026,MAX_OPERATING_MW,40,
8/15/2026 4:15:00 PM,RTD,CLUZ,01BALWIND_G01,G,8/15/2026 12:16:00 PM,8/16/2026,MIN_OPERATING_MW,40,
8/15/2026 4:15:00 PM,RTD,CLUZ,01BARBASOL_G01,G,8/15/2026 4:11:00 PM,8/15/2026 4:15:00 PM,MAX_OPERATING_MW,25.07,
8/15/2026 4:15:00 PM,RTD,CLUZ,01BARBASOL_G01,G,8/15/2026 4:11:00 PM,8/15/2026 4:15:00 PM,MIN_OPERATING_MW,25.07,
8/15/2026 4:15:00 PM,RTD,CLUZ,01BARBASOL_G01,G,8/15/2026 4:16:00 PM,8/15/2026 4:20:00 PM,MAX_OPERATING_MW,23.39,
8/15/2026 4:15:00 PM,RTD,CLUZ,01BARBASOL_G01,G,8/15/2026 4:16:00 PM,8/15/2026 4:20:00 PM,MIN_OPERATING_MW,23.39,
8/15/2026 4:15:00 PM,RTD,CLUZ,01BUGSOL_G01,G,8/15/2026 4:11:00 PM,8/15/2026 4:15:00 PM,MAX_OPERATING_MW,60,
8/15/2026 4:15:00 PM,RTD,CLUZ,01BUGSOL_G01,G,8/15/2026 4:11:00 PM,8/15/2026 4:15:00 PM,MIN_OPERATING_MW,60,
8/15/2026 4:15:00 PM,RTD,CLUZ,01BUGSOL_G01,G,8/15/2026 4:16:00 PM,8/15/2026 4:20:00 PM,MAX_OPERATING_MW,60,
8/15/2026 4:15:00 PM,RTD,CLUZ,01BUGSOL_G01,G,8/15/2026 4:16:00 PM,8/15/2026 4:20:00 PM,MIN_OPERATING_MW,60,
8/15/2026 4:15:00 PM,RTD,CLUZ,01BULACSOL_G01,G,8/15/2026 4:01:00 PM,8/15/2026 5:00:00 PM,MAX_OPERATING_MW,5.14,
8/15/2026 4:15:00 PM,RTD,CLUZ,01BULACSOL_G01,G,8/15/2026 4:01:00 PM,8/15/2026 5:00:00 PM,MIN_OPERATING_MW,5.14,
8/15/2026 4:15:00 PM,RTD,CLUZ,01CONSOL_G01,G,8/15/2026 4:11:00 PM,8/15/2026 4:15:00 PM,MAX_OPERATING_MW,25.08,
8/15/2026 4:15:00 PM,RTD,CLUZ,01CONSOL_G01,G,8/15/2026 4:11:00 PM,8/15/2026 4:15:00 PM,MIN_OPERATING_MW,25.08,
8/15/2026 4:15:00 PM,RTD,CLUZ,01CONSOL_G01,G,8/15/2026 4:16:00 PM,8/15/2026 4:20:00 PM,MAX_OPERATING_MW,23.96,
8/15/2026 4:15:00 PM,RTD,CLUZ,01CONSOL_G01,G,8/15/2026 4:16:00 PM,8/15/2026 4:20:00 PM,MIN_OPERATING_MW,23.96,
8/15/2026 4:15:00 PM,RTD,CLUZ,01PASBUSOL_G01,G,8/15/2026 4:01:00 PM,8/15/2026 5:00:00 PM,MAX_OPERATING_MW,10.88,
8/15/2026 4:15:00 PM,RTD,CLUZ,01PASBUSOL_G01,G,8/15/2026 4:01:00 PM,8/15/2026 5:00:00 PM,MIN_OPERATING_MW,10.88,
8/15/2026 4:15:00 PM,RTD,CLUZ,01TERRASOL_G01,G,8/15/2026 2:16:00 PM,8/15/2026 4:40:00 PM,MAX_OPERATING_MW,100,
8/15/2026 4:15:00 PM,RTD,CLUZ,01TERRASOL_G01,G,8/15/2026 2:16:00 PM,8/15/2026 4:40:00 PM,MIN_OPERATING_MW,100,
8/15/2026 4:15:00 PM,RTD,CLUZ,03LUMBSOL_G01,G,8/15/2026 4:11:00 PM,8/15/2026 4:15:00 PM,MAX_OPERATING_MW,10,
8/15/2026 4:15:00 PM,RTD,CLUZ,03LUMBSOL_G01,G,8/15/2026 4:11:00 PM,8/15/2026 4:15:00 PM,MIN_OPERATING_MW,10,
8/15/2026 4:15:00 PM,RTD,CLUZ,03LUMBSOL_G01,G,8/15/2026 4:16:00 PM,8/15/2026 4:20:00 PM,MAX_OPERATING_MW,10,
8/15/2026 4:15:00 PM,RTD,CLUZ,03LUMBSOL_G01,G,8/15/2026 4:16:00 PM,8/15/2026 4:20:00 PM,MIN_OPERATING_MW,10,
8/15/2026 4:15:00 PM,RTD,CLUZ,03LUNSOL_G01,G,8/15/2026 4:11:00 PM,8/15/2026 4:15:00 PM,MAX_OPERATING_MW,12.12,
8/15/2026 4:15:00 PM,RTD,CLUZ,03LUNSOL_G01,G,8/15/2026 4:11:00 PM,8/15/2026 4:15:00 PM,MIN_OPERATING_MW,12.12,
8/15/2026 4:15:00 PM,RTD,CLUZ,03LUNSOL_G01,G,8/15/2026 4:16:00 PM,8/15/2026 4:20:00 PM,MAX_OPERATING_MW,11.24,
8/15/2026 4:15:00 PM,RTD,CLUZ,03LUNSOL_G01,G,8/15/2026 4:16:00 PM,8/15/2026 4:20:00 PM,MIN_OPERATING_MW,11.24,
8/15/2026 4:15:00 PM,RTD,CLUZ,03TANWIND_G01,G,8/15/2026 4:11:00 PM,8/15/2026 4:15:00 PM,MAX_OPERATING_MW,5.10,
8/15/2026 4:15:00 PM,RTD,CLUZ,03TANWIND_G01,G,8/15/2026 4:11:00 PM,8/15/2026 4:15:00 PM,MIN_OPERATING_MW,5.10,
8/15/2026 4:15:00 PM,RTD,CLUZ,03TANWIND_G01,G,8/15/2026 4:16:00 PM,8/15/2026 4:20:00 PM,MAX_OPERATING_MW,5.10,
8/15/2026 4:15:00 PM,RTD,CLUZ,03TANWIND_G01,G,8/15/2026 4:16:00 PM,8/15/2026 4:20:00 PM,MIN_OPERATING_MW,5.10,
8/15/2026 4:15:00 PM,RTD,CVIS,04ISIDROSOL_G01,G,8/15/2026 4:01:00 PM,8/15/2026 5:00:00 PM,MAX_OPERATING_MW,25.90,
8/15/2026 4:15:00 PM,RTD,CVIS,04ISIDROSOL_G01,G,8/15/2026 4:01:00 PM,8/15/2026 5:00:00 PM,MIN_OPERATING_MW,25.90,
8/15/2026 4:15:00 PM,RTD,CVIS,06SLYSOL_G02,G,8/15/2026 4:01:00 PM,8/15/2026 5:00:00 PM,MAX_OPERATING_MW,5.85,
8/15/2026 4:15:00 PM,RTD,CVIS,06SLYSOL_G02,G,8/15/2026 4:01:00 PM,8/15/2026 5:00:00 PM,MIN_OPERATING_MW,5.85,
8/15/2026 4:15:00 PM,RTD,CVIS,06SLYSOL_G03,G,8/15/2026 4:01:00 PM,8/15/2026 5:00:00 PM,MAX_OPERATING_MW,3.42,
8/15/2026 4:15:00 PM,RTD,CVIS,06SLYSOL_G03,G,8/15/2026 4:01:00 PM,8/15/2026 5:00:00 PM,MIN_OPERATING_MW,3.42,
8/15/2026 4:15:00 PM,RTD,CMIN,10IDP1_U08,G,8/15/2026 4:11:00 PM,8/15/2026 4:16:00 PM,MAX_OPERATING_MW,0,
8/15/2026 4:15:00 PM,RTD,CMIN,10IDP1_U08,G,8/15/2026 4:11:00 PM,8/15/2026 4:16:00 PM,MIN_OPERATING_MW,0,
8/15/2026 4:15:00 PM,RTD,CMIN,10LIAN_G02,G,8/15/2026,8/15/2026 11:59:00 PM,MAX_OPERATING_MW,6.60,
8/15/2026 4:15:00 PM,RTD,CMIN,10LIAN_G02,G,8/15/2026,8/15/2026 11:59:00 PM,MIN_OPERATING_MW,6.60,
8/15/2026 4:15:00 PM,RTD,CMIN,14TANTASOL_G01,G,8/15/2026 4:01:00 PM,8/15/2026 5:00:00 PM,MAX_OPERATING_MW,10,
8/15/2026 4:15:00 PM,RTD,CMIN,14TANTASOL_G01,G,8/15/2026 4:01:00 PM,8/15/2026 5:00:00 PM,MIN_OPERATING_MW,10,
8/15/2026 4:20:00 PM,RTD,CLUZ,01BALWIND_G01,G,8/15/2026 12:16:00 PM,8/16/2026,MAX_OPERATING_MW,40,
8/15/2026 4:20:00 PM,RTD,CLUZ,01BALWIND_G01,G,8/15/2026 12:16:00 PM,8/16/2026,MIN_OPERATING_MW,40,
8/15/2026 4:20:00 PM,RTD,CLUZ,01BARBASOL_G01,G,8/15/2026 4:16:00 PM,8/15/2026 4:20:00 PM,MAX_OPERATING_MW,23.39,
8/15/2026 4:20:00 PM,RTD,CLUZ,01BARBASOL_G01,G,8/15/2026 4:16:00 PM,8/15/2026 4:20:00 PM,MIN_OPERATING_MW,23.39,
8/15/2026 4:20:00 PM,RTD,CLUZ,01BARBASOL_G01,G,8/15/2026 4:21:00 PM,8/15/2026 4:25:00 PM,MAX_OPERATING_MW,21.75,
8/15/2026 4:20:00 PM,RTD,CLUZ,01BARBASOL_G01,G,8/15/2026 4:21:00 PM,8/15/2026 4:25:00 PM,MIN_OPERATING_MW,21.75,
8/15/2026 4:20:00 PM,RTD,CLUZ,01BUGSOL_G01,G,8/15/2026 4:16:00 PM,8/15/2026 4:20:00 PM,MAX_OPERATING_MW,60,
8/15/2026 4:20:00 PM,RTD,CLUZ,01BUGSOL_G01,G,8/15/2026 4:16:00 PM,8/15/2026 4:20:00 PM,MIN_OPERATING_MW,60,
8/15/2026 4:20:00 PM,RTD,CLUZ,01BUGSOL_G01,G,8/15/2026 4:21:00 PM,8/15/2026 4:25:00 PM,MAX_OPERATING_MW,50,
8/15/2026 4:20:00 PM,RTD,CLUZ,01BUGSOL_G01,G,8/15/2026 4:21:00 PM,8/15/2026 4:25:00 PM,MIN_OPERATING_MW,50,
8/15/2026 4:20:00 PM,RTD,CLUZ,01BULACSOL_G01,G,8/15/2026 4:01:00 PM,8/15/2026 5:00:00 PM,MAX_OPERATING_MW,5.14,
8/15/2026 4:20:00 PM,RTD,CLUZ,01BULACSOL_G01,G,8/15/2026 4:01:00 PM,8/15/2026 5:00:00 PM,MIN_OPERATING_MW,5.14,
8/15/2026 4:20:00 PM,RTD,CLUZ,01CONSOL_G01,G,8/15/2026 4:16:00 PM,8/15/2026 4:20:00 PM,MAX_OPERATING_MW,23.96,
8/15/2026 4:20:00 PM,RTD,CLUZ,01CONSOL_G01,G,8/15/2026 4:16:00 PM,8/15/2026 4:20:00 PM,MIN_OPERATING_MW,23.96,
8/15/2026 4:20:00 PM,RTD,CLUZ,01CONSOL_G01,G,8/15/2026 4:21:00 PM,8/15/2026 4:25:00 PM,MAX_OPERATING_MW,22.82,
8/15/2026 4:20:00 PM,RTD,CLUZ,01CONSOL_G01,G,8/15/2026 4:21:00 PM,8/15/2026 4:25:00 PM,MIN_OPERATING_MW,22.82,
8/15/2026 4:20:00 PM,RTD,CLUZ,01PASBUSOL_G01,G,8/15/2026 4:01:00 PM,8/15/2026 5:00:00 PM,MAX_OPERATING_MW,10.88,
8/15/2026 4:20:00 PM,RTD,CLUZ,01PASBUSOL_G01,G,8/15/2026 4:01:00 PM,8/15/2026 5:00:00 PM,MIN_OPERATING_MW,10.88,
8/15/2026 4:20:00 PM,RTD,CLUZ,01TERRASOL_G01,G,8/15/2026 2:16:00 PM,8/15/2026 4:40:00 PM,MAX_OPERATING_MW,100,
8/15/2026 4:20:00 PM,RTD,CLUZ,01TERRASOL_G01,G,8/15/2026 2:16:00 PM,8/15/2026 4:40:00 PM,MIN_OPERATING_MW,100,
8/15/2026 4:20:00 PM,RTD,CLUZ,03LUMBSOL_G01,G,8/15/2026 4:16:00 PM,8/15/2026 4:20:00 PM,MAX_OPERATING_MW,10,
8/15/2026 4:20:00 PM,RTD,CLUZ,03LUMBSOL_G01,G,8/15/2026 4:16:00 PM,8/15/2026 4:20:00 PM,MIN_OPERATING_MW,10,
8/15/2026 4:20:00 PM,RTD,CLUZ,03LUMBSOL_G01,G,8/15/2026 4:21:00 PM,8/15/2026 4:25:00 PM,MAX_OPERATING_MW,10,
8/15/2026 4:20:00 PM,RTD,CLUZ,03LUMBSOL_G01,G,8/15/2026 4:21:00 PM,8/15/2026 4:25:00 PM,MIN_OPERATING_MW,10,
8/15/2026 4:20:00 PM,RTD,CLUZ,03LUNSOL_G01,G,8/15/2026 4:16:00 PM,8/15/2026 4:20:00 PM,MAX_OPERATING_MW,11.24,
8/15/2026 4:20:00 PM,RTD,CLUZ,03LUNSOL_G01,G,8/15/2026 4:16:00 PM,8/15/2026 4:20:00 PM,MIN_OPERATING_MW,11.24,
8/15/2026 4:20:00 PM,RTD,CLUZ,03LUNSOL_G01,G,8/15/2026 4:21:00 PM,8/15/2026 4:25:00 PM,MAX_OPERATING_MW,10.37,
8/15/2026 4:20:00 PM,RTD,CLUZ,03LUNSOL_G01,G,8/15/2026 4:21:00 PM,8/15/2026 4:25:00 PM,MIN_OPERATING_MW,10.37,
8/15/2026 4:20:00 PM,RTD,CLUZ,03TANWIND_G01,G,8/15/2026 4:16:00 PM,8/15/2026 4:20:00 PM,MAX_OPERATING_MW,5.10,
8/15/2026 4:20:00 PM,RTD,CLUZ,03TANWIND_G01,G,8/15/2026 4:16:00 PM,8/15/2026 4:20:00 PM,MIN_OPERATING_MW,5.10,
8/15/2026 4:20:00 PM,RTD,CLUZ,03TANWIND_G01,G,8/15/2026 4:21:00 PM,8/15/2026 4:25:00 PM,MAX_OPERATING_MW,5.10,
8/15/2026 4:20:00 PM,RTD,CLUZ,03TANWIND_G01,G,8/15/2026 4:21:00 PM,8/15/2026 4:25:00 PM,MIN_OPERATING_MW,5.10,
8/15/2026 4:20:00 PM,RTD,CVIS,04ISIDROSOL_G01,G,8/15/2026 4:01:00 PM,8/15/2026 5:00:00 PM,MAX_OPERATING_MW,25.90,
8/15/2026 4:20:00 PM,RTD,CVIS,04ISIDROSOL_G01,G,8/15/2026 4:01:00 PM,8/15/2026 5:00:00 PM,MIN_OPERATING_MW,25.90,
8/15/2026 4:20:00 PM,RTD,CVIS,06SLYSOL_G02,G,8/15/2026 4:01:00 PM,8/15/2026 5:00:00 PM,MAX_OPERATING_MW,5.85,
8/15/2026 4:20:00 PM,RTD,CVIS,06SLYSOL_G02,G,8/15/2026 4:01:00 PM,8/15/2026 5:00:00 PM,MIN_OPERATING_MW,5.85,
8/15/2026 4:20:00 PM,RTD,CVIS,06SLYSOL_G03,G,8/15/2026 4:01:00 PM,8/15/2026 5:00:00 PM,MAX_OPERATING_MW,3.42,
8/15/2026 4:20:00 PM,RTD,CVIS,06SLYSOL_G03,G,8/15/2026 4:01:00 PM,8/15/2026 5:00:00 PM,MIN_OPERATING_MW,3.42,
8/15/2026 4:20:00 PM,RTD,CMIN,10LIAN_G02,G,8/15/2026,8/15/2026 11:59:00 PM,MAX_OPERATING_MW,6.60,
8/15/2026 4:20:00 PM,RTD,CMIN,10LIAN_G02,G,8/15/2026,8/15/2026 11:59:00 PM,MIN_OPERATING_MW,6.60,
8/15/2026 4:20:00 PM,RTD,CMIN,14TANTASOL_G01,G,8/15/2026 4:01:00 PM,8/15/2026 5:00:00 PM,MAX_OPERATING_MW,10,
8/15/2026 4:20:00 PM,RTD,CMIN,14TANTASOL_G01,G,8/15/2026 4:01:00 PM,8/15/2026 5:00:00 PM,MIN_OPERATING_MW,10,
8/15/2026 4:25:00 PM,RTD,CLUZ,01BALWIND_G01,G,8/15/2026 12:16:00 PM,8/16/2026,MAX_OPERATING_MW,40,
8/15/2026 4:25:00 PM,RTD,CLUZ,01BALWIND_G01,G,8/15/2026 12:16:00 PM,8/16/2026,MIN_OPERATING_MW,40,
8/15/2026 4:25:00 PM,RTD,CLUZ,01BARBASOL_G01,G,8/15/2026 4:21:00 PM,8/15/2026 4:25:00 PM,MAX_OPERATING_MW,21.75,
8/15/2026 4:25:00 PM,RTD,CLUZ,01BARBASOL_G01,G,8/15/2026 4:21:00 PM,8/15/2026 4:25:00 PM,MIN_OPERATING_MW,21.75,
8/15/2026 4:25:00 PM,RTD,CLUZ,01BARBASOL_G01,G,8/15/2026 4:26:00 PM,8/15/2026 4:30:00 PM,MAX_OPERATING_MW,20.14,
8/15/2026 4:25:00 PM,RTD,CLUZ,01BARBASOL_G01,G,8/15/2026 4:26:00 PM,8/15/2026 4:30:00 PM,MIN_OPERATING_MW,20.14,
8/15/2026 4:25:00 PM,RTD,CLUZ,01BUGSOL_G01,G,8/15/2026 4:21:00 PM,8/15/2026 4:25:00 PM,MAX_OPERATING_MW,50,
8/15/2026 4:25:00 PM,RTD,CLUZ,01BUGSOL_G01,G,8/15/2026 4:21:00 PM,8/15/2026 4:25:00 PM,MIN_OPERATING_MW,50,
8/15/2026 4:25:00 PM,RTD,CLUZ,01BUGSOL_G01,G,8/15/2026 4:26:00 PM,8/15/2026 4:30:00 PM,MAX_OPERATING_MW,50,
8/15/2026 4:25:00 PM,RTD,CLUZ,01BUGSOL_G01,G,8/15/2026 4:26:00 PM,8/15/2026 4:30:00 PM,MIN_OPERATING_MW,50,
8/15/2026 4:25:00 PM,RTD,CLUZ,01BULACSOL_G01,G,8/15/2026 4:01:00 PM,8/15/2026 5:00:00 PM,MAX_OPERATING_MW,5.14,
8/15/2026 4:25:00 PM,RTD,CLUZ,01BULACSOL_G01,G,8/15/2026 4:01:00 PM,8/15/2026 5:00:00 PM,MIN_OPERATING_MW,5.14,
8/15/2026 4:25:00 PM,RTD,CLUZ,01CONSOL_G01,G,8/15/2026 4:21:00 PM,8/15/2026 4:25:00 PM,MAX_OPERATING_MW,22.82,
8/15/2026 4:25:00 PM,RTD,CLUZ,01CONSOL_G01,G,8/15/2026 4:21:00 PM,8/15/2026 4:25:00 PM,MIN_OPERATING_MW,22.82,
8/15/2026 4:25:00 PM,RTD,CLUZ,01CONSOL_G01,G,8/15/2026 4:26:00 PM,8/15/2026 4:30:00 PM,MAX_OPERATING_MW,21.67,
8/15/2026 4:25:00 PM,RTD,CLUZ,01CONSOL_G01,G,8/15/2026 4:26:00 PM,8/15/2026 4:30:00 PM,MIN_OPERATING_MW,21.67,
8/15/2026 4:25:00 PM,RTD,CLUZ,01PASBUSOL_G01,G,8/15/2026 4:01:00 PM,8/15/2026 5:00:00 PM,MAX_OPERATING_MW,10.88,
8/15/2026 4:25:00 PM,RTD,CLUZ,01PASBUSOL_G01,G,8/15/2026 4:01:00 PM,8/15/2026 5:00:00 PM,MIN_OPERATING_MW,10.88,
8/15/2026 4:25:00 PM,RTD,CLUZ,01TERRASOL_G01,G,8/15/2026 2:16:00 PM,8/15/2026 4:40:00 PM,MAX_OPERATING_MW,100,
8/15/2026 4:25:00 PM,RTD,CLUZ,01TERRASOL_G01,G,8/15/2026 2:16:00 PM,8/15/2026 4:40:00 PM,MIN_OPERATING_MW,100,
8/15/2026 4:25:00 PM,RTD,CLUZ,03LUMBSOL_G01,G,8/15/2026 4:21:00 PM,8/15/2026 4:25:00 PM,MAX_OPERATING_MW,10,
8/15/2026 4:25:00 PM,RTD,CLUZ,03LUMBSOL_G01,G,8/15/2026 4:21:00 PM,8/15/2026 4:25:00 PM,MIN_OPERATING_MW,10,
8/15/2026 4:25:00 PM,RTD,CLUZ,03LUMBSOL_G01,G,8/15/2026 4:26:00 PM,8/15/2026 4:30:00 PM,MAX_OPERATING_MW,10,
8/15/2026 4:25:00 PM,RTD,CLUZ,03LUMBSOL_G01,G,8/15/2026 4:26:00 PM,8/15/2026 4:30:00 PM,MIN_OPERATING_MW,10,
8/15/2026 4:25:00 PM,RTD,CLUZ,03LUNSOL_G01,G,8/15/2026 4:21:00 PM,8/15/2026 4:25:00 PM,MAX_OPERATING_MW,10.37,
8/15/2026 4:25:00 PM,RTD,CLUZ,03LUNSOL_G01,G,8/15/2026 4:21:00 PM,8/15/2026 4:25:00 PM,MIN_OPERATING_MW,10.37,
8/15/2026 4:25:00 PM,RTD,CLUZ,03LUNSOL_G01,G,8/15/2026 4:26:00 PM,8/15/2026 4:30:00 PM,MAX_OPERATING_MW,9.50,
8/15/2026 4:25:00 PM,RTD,CLUZ,03LUNSOL_G01,G,8/15/2026 4:26:00 PM,8/15/2026 4:30:00 PM,MIN_OPERATING_MW,9.50,
8/15/2026 4:25:00 PM,RTD,CLUZ,03TANWIND_G01,G,8/15/2026 4:21:00 PM,8/15/2026 4:25:00 PM,MAX_OPERATING_MW,5.10,
8/15/2026 4:25:00 PM,RTD,CLUZ,03TANWIND_G01,G,8/15/2026 4:21:00 PM,8/15/2026 4:25:00 PM,MIN_OPERATING_MW,5.10,
8/15/2026 4:25:00 PM,RTD,CLUZ,03TANWIND_G01,G,8/15/2026 4:26:00 PM,8/15/2026 4:30:00 PM,MAX_OPERATING_MW,5.10,
8/15/2026 4:25:00 PM,RTD,CLUZ,03TANWIND_G01,G,8/15/2026 4:26:00 PM,8/15/2026 4:30:00 PM,MIN_OPERATING_MW,5.10,
8/15/2026 4:25:00 PM,RTD,CVIS,04ISIDROSOL_G01,G,8/15/2026 4:01:00 PM,8/15/2026 5:00:00 PM,MAX_OPERATING_MW,25.90,
8/15/2026 4:25:00 PM,RTD,CVIS,04ISIDROSOL_G01,G,8/15/2026 4:01:00 PM,8/15/2026 5:00:00 PM,MIN_OPERATING_MW,25.90,
8/15/2026 4:25:00 PM,RTD,CVIS,06SLYSOL_G02,G,8/15/2026 4:01:00 PM,8/15/2026 5:00:00 PM,MAX_OPERATING_MW,5.85,
8/15/2026 4:25:00 PM,RTD,CVIS,06SLYSOL_G02,G,8/15/2026 4:01:00 PM,8/15/2026 5:00:00 PM,MIN_OPERATING_MW,5.85,
8/15/2026 4:25:00 PM,RTD,CVIS,06SLYSOL_G03,G,8/15/2026 4:01:00 PM,8/15/2026 5:00:00 PM,MAX_OPERATING_MW,3.42,
8/15/2026 4:25:00 PM,RTD,CVIS,06SLYSOL_G03,G,8/15/2026 4:01:00 PM,8/15/2026 5:00:00 PM,MIN_OPERATING_MW,3.42,
8/15/2026 4:25:00 PM,RTD,CMIN,10LIAN_G02,G,8/15/2026,8/15/2026 11:59:00 PM,MAX_OPERATING_MW,6.60,
8/15/2026 4:25:00 PM,RTD,CMIN,10LIAN_G02,G,8/15/2026,8/15/2026 11:59:00 PM,MIN_OPERATING_MW,6.60,
8/15/2026 4:25:00 PM,RTD,CMIN,14TANTASOL_G01,G,8/15/2026 4:01:00 PM,8/15/2026 5:00:00 PM,MAX_OPERATING_MW,10,
8/15/2026 4:25:00 PM,RTD,CMIN,14TANTASOL_G01,G,8/15/2026 4:01:00 PM,8/15/2026 5:00:00 PM,MIN_OPERATING_MW,10,
8/15/2026 4:30:00 PM,RTD,CLUZ,01BALWIND_G01,G,8/15/2026 12:16:00 PM,8/16/2026,MAX_OPERATING_MW,40,
8/15/2026 4:30:00 PM,RTD,CLUZ,01BALWIND_G01,G,8/15/2026 12:16:00 PM,8/16/2026,MIN_OPERATING_MW,40,
8/15/2026 4:30:00 PM,RTD,CLUZ,01BARBASOL_G01,G,8/15/2026 4:26:00 PM,8/15/2026 4:30:00 PM,MAX_OPERATING_MW,20.14,
8/15/2026 4:30:00 PM,RTD,CLUZ,01BARBASOL_G01,G,8/15/2026 4:26:00 PM,8/15/2026 4:30:00 PM,MIN_OPERATING_MW,20.14,
8/15/2026 4:30:00 PM,RTD,CLUZ,01BARBASOL_G01,G,8/15/2026 4:31:00 PM,8/15/2026 4:35:00 PM,MAX_OPERATING_MW,18.58,
8/15/2026 4:30:00 PM,RTD,CLUZ,01BARBASOL_G01,G,8/15/2026 4:31:00 PM,8/15/2026 4:35:00 PM,MIN_OPERATING_MW,18.58,
8/15/2026 4:30:00 PM,RTD,CLUZ,01BUGSOL_G01,G,8/15/2026 4:26:00 PM,8/15/2026 4:30:00 PM,MAX_OPERATING_MW,50,
8/15/2026 4:30:00 PM,RTD,CLUZ,01BUGSOL_G01,G,8/15/2026 4:26:00 PM,8/15/2026 4:30:00 PM,MIN_OPERATING_MW,50,
8/15/2026 4:30:00 PM,RTD,CLUZ,01BUGSOL_G01,G,8/15/2026 4:31:00 PM,8/15/2026 4:35:00 PM,MAX_OPERATING_MW,60,
8/15/2026 4:30:00 PM,RTD,CLUZ,01BUGSOL_G01,G,8/15/2026 4:31:00 PM,8/15/2026 4:35:00 PM,MIN_OPERATING_MW,60,
8/15/2026 4:30:00 PM,RTD,CLUZ,01BULACSOL_G01,G,8/15/2026 4:01:00 PM,8/15/2026 5:00:00 PM,MAX_OPERATING_MW,5.14,
8/15/2026 4:30:00 PM,RTD,CLUZ,01BULACSOL_G01,G,8/15/2026 4:01:00 PM,8/15/2026 5:00:00 PM,MIN_OPERATING_MW,5.14,
8/15/2026 4:30:00 PM,RTD,CLUZ,01CONSOL_G01,G,8/15/2026 4:26:00 PM,8/15/2026 4:30:00 PM,MAX_OPERATING_MW,21.67,
8/15/2026 4:30:00 PM,RTD,CLUZ,01CONSOL_G01,G,8/15/2026 4:26:00 PM,8/15/2026 4:30:00 PM,MIN_OPERATING_MW,21.67,
8/15/2026 4:30:00 PM,RTD,CLUZ,01CONSOL_G01,G,8/15/2026 4:31:00 PM,8/15/2026 4:35:00 PM,MAX_OPERATING_MW,20.50,
8/15/2026 4:30:00 PM,RTD,CLUZ,01CONSOL_G01,G,8/15/2026 4:31:00 PM,8/15/2026 4:35:00 PM,MIN_OPERATING_MW,20.50,
8/15/2026 4:30:00 PM,RTD,CLUZ,01PASBUSOL_G01,G,8/15/2026 4:01:00 PM,8/15/2026 5:00:00 PM,MAX_OPERATING_MW,10.88,
8/15/2026 4:30:00 PM,RTD,CLUZ,01PASBUSOL_G01,G,8/15/2026 4:01:00 PM,8/15/2026 5:00:00 PM,MIN_OPERATING_MW,10.88,
8/15/2026 4:30:00 PM,RTD,CLUZ,01TERRASOL_G01,G,8/15/2026 2:16:00 PM,8/15/2026 4:40:00 PM,MAX_OPERATING_MW,100,
8/15/2026 4:30:00 PM,RTD,CLUZ,01TERRASOL_G01,G,8/15/2026 2:16:00 PM,8/15/2026 4:40:00 PM,MIN_OPERATING_MW,100,
8/15/2026 4:30:00 PM,RTD,CLUZ,03LUMBSOL_G01,G,8/15/2026 4:26:00 PM,8/15/2026 4:30:00 PM,MAX_OPERATING_MW,10,
8/15/2026 4:30:00 PM,RTD,CLUZ,03LUMBSOL_G01,G,8/15/2026 4:26:00 PM,8/15/2026 4:30:00 PM,MIN_OPERATING_MW,10,
8/15/2026 4:30:00 PM,RTD,CLUZ,03LUMBSOL_G01,G,8/15/2026 4:31:00 PM,8/15/2026 4:35:00 PM,MAX_OPERATING_MW,10,
8/15/2026 4:30:00 PM,RTD,CLUZ,03LUMBSOL_G01,G,8/15/2026 4:31:00 PM,8/15/2026 4:35:00 PM,MIN_OPERATING_MW,10,
8/15/2026 4:30:00 PM,RTD,CLUZ,03LUNSOL_G01,G,8/15/2026 4:26:00 PM,8/15/2026 4:30:00 PM,MAX_OPERATING_MW,9.50,
8/15/2026 4:30:00 PM,RTD,CLUZ,03LUNSOL_G01,G,8/15/2026 4:26:00 PM,8/15/2026 4:30:00 PM,MIN_OPERATING_MW,9.50,
8/15/2026 4:30:00 PM,RTD,CLUZ,03LUNSOL_G01,G,8/15/2026 4:31:00 PM,8/15/2026 4:35:00 PM,MAX_OPERATING_MW,8.65,
8/15/2026 4:30:00 PM,RTD,CLUZ,03LUNSOL_G01,G,8/15/2026 4:31:00 PM,8/15/2026 4:35:00 PM,MIN_OPERATING_MW,8.65,
8/15/2026 4:30:00 PM,RTD,CLUZ,03TANWIND_G01,G,8/15/2026 4:26:00 PM,8/15/2026 4:30:00 PM,MAX_OPERATING_MW,5.10,
8/15/2026 4:30:00 PM,RTD,CLUZ,03TANWIND_G01,G,8/15/2026 4:26:00 PM,8/15/2026 4:30:00 PM,MIN_OPERATING_MW,5.10,
8/15/2026 4:30:00 PM,RTD,CLUZ,03TANWIND_G01,G,8/15/2026 4:31:00 PM,8/15/2026 4:35:00 PM,MAX_OPERATING_MW,5.10,
8/15/2026 4:30:00 PM,RTD,CLUZ,03TANWIND_G01,G,8/15/2026 4:31:00 PM,8/15/2026 4:35:00 PM,MIN_OPERATING_MW,5.10,
8/15/2026 4:30:00 PM,RTD,CVIS,04ISIDROSOL_G01,G,8/15/2026 4:01:00 PM,8/15/2026 5:00:00 PM,MAX_OPERATING_MW,25.90,
8/15/2026 4:30:00 PM,RTD,CVIS,04ISIDROSOL_G01,G,8/15/2026 4:01:00 PM,8/15/2026 5:00:00 PM,MIN_OPERATING_MW,25.90,
8/15/2026 4:30:00 PM,RTD,CVIS,06SLYSOL_G02,G,8/15/2026 4:01:00 PM,8/15/2026 5:00:00 PM,MAX_OPERATING_MW,5.85,
8/15/2026 4:30:00 PM,RTD,CVIS,06SLYSOL_G02,G,8/15/2026 4:01:00 PM,8/15/2026 5:00:00 PM,MIN_OPERATING_MW,5.85,
8/15/2026 4:30:00 PM,RTD,CVIS,06SLYSOL_G03,G,8/15/2026 4:01:00 PM,8/15/2026 5:00:00 PM,MAX_OPERATING_MW,3.42,
8/15/2026 4:30:00 PM,RTD,CVIS,06SLYSOL_G03,G,8/15/2026 4:01:00 PM,8/15/2026 5:00:00 PM,MIN_OPERATING_MW,3.42,
8/15/2026 4:30:00 PM,RTD,CMIN,10LIAN_G02,G,8/15/2026,8/15/2026 11:59:00 PM,MAX_OPERATING_MW,6.60,
8/15/2026 4:30:00 PM,RTD,CMIN,10LIAN_G02,G,8/15/2026,8/15/2026 11:59:00 PM,MIN_OPERATING_MW,6.60,
8/15/2026 4:30:00 PM,RTD,CMIN,14TANTASOL_G01,G,8/15/2026 4:01:00 PM,8/15/2026 5:00:00 PM,MAX_OPERATING_MW,10,
8/15/2026 4:30:00 PM,RTD,CMIN,14TANTASOL_G01,G,8/15/2026 4:01:00 PM,8/15/2026 5:00:00 PM,MIN_OPERATING_MW,10,
8/15/2026 4:35:00 PM,RTD,CLUZ,01BALWIND_G01,G,8/15/2026 12:16:00 PM,8/16/2026,MAX_OPERATING_MW,40,
8/15/2026 4:35:00 PM,RTD,CLUZ,01BALWIND_G01,G,8/15/2026 12:16:00 PM,8/16/2026,MIN_OPERATING_MW,40,
8/15/2026 4:35:00 PM,RTD,CLUZ,01BARBASOL_G01,G,8/15/2026 4:31:00 PM,8/15/2026 4:35:00 PM,MAX_OPERATING_MW,18.58,
8/15/2026 4:35:00 PM,RTD,CLUZ,01BARBASOL_G01,G,8/15/2026 4:31:00 PM,8/15/2026 4:35:00 PM,MIN_OPERATING_MW,18.58,
8/15/2026 4:35:00 PM,RTD,CLUZ,01BARBASOL_G01,G,8/15/2026 4:36:00 PM,8/15/2026 4:40:00 PM,MAX_OPERATING_MW,17.07,
8/15/2026 4:35:00 PM,RTD,CLUZ,01BARBASOL_G01,G,8/15/2026 4:36:00 PM,8/15/2026 4:40:00 PM,MIN_OPERATING_MW,17.07,
8/15/2026 4:35:00 PM,RTD,CLUZ,01BUGSOL_G01,G,8/15/2026 4:31:00 PM,8/15/2026 4:35:00 PM,MAX_OPERATING_MW,60,
8/15/2026 4:35:00 PM,RTD,CLUZ,01BUGSOL_G01,G,8/15/2026 4:31:00 PM,8/15/2026 4:35:00 PM,MIN_OPERATING_MW,60,
8/15/2026 4:35:00 PM,RTD,CLUZ,01BUGSOL_G01,G,8/15/2026 4:36:00 PM,8/15/2026 4:40:00 PM,MAX_OPERATING_MW,50,
8/15/2026 4:35:00 PM,RTD,CLUZ,01BUGSOL_G01,G,8/15/2026 4:36:00 PM,8/15/2026 4:40:00 PM,MIN_OPERATING_MW,50,
8/15/2026 4:35:00 PM,RTD,CLUZ,01BULACSOL_G01,G,8/15/2026 4:01:00 PM,8/15/2026 5:00:00 PM,MAX_OPERATING_MW,5.14,
8/15/2026 4:35:00 PM,RTD,CLUZ,01BULACSOL_G01,G,8/15/2026 4:01:00 PM,8/15/2026 5:00:00 PM,MIN_OPERATING_MW,5.14,
8/15/2026 4:35:00 PM,RTD,CLUZ,01CONSOL_G01,G,8/15/2026 4:31:00 PM,8/15/2026 4:35:00 PM,MAX_OPERATING_MW,20.50,
8/15/2026 4:35:00 PM,RTD,CLUZ,01CONSOL_G01,G,8/15/2026 4:31:00 PM,8/15/2026 4:35:00 PM,MIN_OPERATING_MW,20.50,
8/15/2026 4:35:00 PM,RTD,CLUZ,01CONSOL_G01,G,8/15/2026 4:36:00 PM,8/15/2026 4:40:00 PM,MAX_OPERATING_MW,18.99,
8/15/2026 4:35:00 PM,RTD,CLUZ,01CONSOL_G01,G,8/15/2026 4:36:00 PM,8/15/2026 4:40:00 PM,MIN_OPERATING_MW,18.99,
8/15/2026 4:35:00 PM,RTD,CLUZ,01PASBUSOL_G01,G,8/15/2026 4:01:00 PM,8/15/2026 5:00:00 PM,MAX_OPERATING_MW,10.88,
8/15/2026 4:35:00 PM,RTD,CLUZ,01PASBUSOL_G01,G,8/15/2026 4:01:00 PM,8/15/2026 5:00:00 PM,MIN_OPERATING_MW,10.88,
8/15/2026 4:35:00 PM,RTD,CLUZ,01TERRASOL_G01,G,8/15/2026 2:16:00 PM,8/15/2026 4:40:00 PM,MAX_OPERATING_MW,100,
8/15/2026 4:35:00 PM,RTD,CLUZ,01TERRASOL_G01,G,8/15/2026 2:16:00 PM,8/15/2026 4:40:00 PM,MIN_OPERATING_MW,100,
8/15/2026 4:35:00 PM,RTD,CLUZ,03LUMBSOL_G01,G,8/15/2026 4:31:00 PM,8/15/2026 4:35:00 PM,MAX_OPERATING_MW,10,
8/15/2026 4:35:00 PM,RTD,CLUZ,03LUMBSOL_G01,G,8/15/2026 4:31:00 PM,8/15/2026 4:35:00 PM,MIN_OPERATING_MW,10,
8/15/2026 4:35:00 PM,RTD,CLUZ,03LUMBSOL_G01,G,8/15/2026 4:36:00 PM,8/15/2026 4:40:00 PM,MAX_OPERATING_MW,10,
8/15/2026 4:35:00 PM,RTD,CLUZ,03LUMBSOL_G01,G,8/15/2026 4:36:00 PM,8/15/2026 4:40:00 PM,MIN_OPERATING_MW,10,
8/15/2026 4:35:00 PM,RTD,CLUZ,03LUNSOL_G01,G,8/15/2026 4:31:00 PM,8/15/2026 4:35:00 PM,MAX_OPERATING_MW,8.65,
8/15/2026 4:35:00 PM,RTD,CLUZ,03LUNSOL_G01,G,8/15/2026 4:31:00 PM,8/15/2026 4:35:00 PM,MIN_OPERATING_MW,8.65,
8/15/2026 4:35:00 PM,RTD,CLUZ,03LUNSOL_G01,G,8/15/2026 4:36:00 PM,8/15/2026 4:40:00 PM,MAX_OPERATING_MW,7.82,
8/15/2026 4:35:00 PM,RTD,CLUZ,03LUNSOL_G01,G,8/15/2026 4:36:00 PM,8/15/2026 4:40:00 PM,MIN_OPERATING_MW,7.82,
8/15/2026 4:35:00 PM,RTD,CLUZ,03TANWIND_G01,G,8/15/2026 4:31:00 PM,8/15/2026 4:35:00 PM,MAX_OPERATING_MW,5.10,
8/15/2026 4:35:00 PM,RTD,CLUZ,03TANWIND_G01,G,8/15/2026 4:31:00 PM,8/15/2026 4:35:00 PM,MIN_OPERATING_MW,5.10,
8/15/2026 4:35:00 PM,RTD,CLUZ,03TANWIND_G01,G,8/15/2026 4:36:00 PM,8/15/2026 4:40:00 PM,MAX_OPERATING_MW,5.10,
8/15/2026 4:35:00 PM,RTD,CLUZ,03TANWIND_G01,G,8/15/2026 4:36:00 PM,8/15/2026 4:40:00 PM,MIN_OPERATING_MW,5.10,
8/15/2026 4:35:00 PM,RTD,CVIS,04ISIDROSOL_G01,G,8/15/2026 4:01:00 PM,8/15/2026 5:00:00 PM,MAX_OPERATING_MW,25.90,
8/15/2026 4:35:00 PM,RTD,CVIS,04ISIDROSOL_G01,G,8/15/2026 4:01:00 PM,8/15/2026 5:00:00 PM,MIN_OPERATING_MW,25.90,
8/15/2026 4:35:00 PM,RTD,CVIS,06SLYSOL_G02,G,8/15/2026 4:01:00 PM,8/15/2026 5:00:00 PM,MAX_OPERATING_MW,5.85,
8/15/2026 4:35:00 PM,RTD,CVIS,06SLYSOL_G02,G,8/15/2026 4:01:00 PM,8/15/2026 5:00:00 PM,MIN_OPERATING_MW,5.85,
8/15/2026 4:35:00 PM,RTD,CVIS,06SLYSOL_G03,G,8/15/2026 4:01:00 PM,8/15/2026 5:00:00 PM,MAX_OPERATING_MW,3.42,
8/15/2026 4:35:00 PM,RTD,CVIS,06SLYSOL_G03,G,8/15/2026 4:01:00 PM,8/15/2026 5:00:00 PM,MIN_OPERATING_MW,3.42,
8/15/2026 4:35:00 PM,RTD,CMIN,10LIAN_G02,G,8/15/2026,8/15/2026 11:59:00 PM,MAX_OPERATING_MW,6.60,
8/15/2026 4:35:00 PM,RTD,CMIN,10LIAN_G02,G,8/15/2026,8/15/2026 11:59:00 PM,MIN_OPERATING_MW,6.60,
8/15/2026 4:35:00 PM,RTD,CMIN,14TANTASOL_G01,G,8/15/2026 4:01:00 PM,8/15/2026 5:00:00 PM,MAX_OPERATING_MW,10,
8/15/2026 4:35:00 PM,RTD,CMIN,14TANTASOL_G01,G,8/15/2026 4:01:00 PM,8/15/2026 5:00:00 PM,MIN_OPERATING_MW,10,
8/15/2026 4:40:00 PM,RTD,CLUZ,01BALWIND_G01,G,8/15/2026 12:16:00 PM,8/16/2026,MAX_OPERATING_MW,40,
8/15/2026 4:40:00 PM,RTD,CLUZ,01BALWIND_G01,G,8/15/2026 12:16:00 PM,8/16/2026,MIN_OPERATING_MW,40,
8/15/2026 4:40:00 PM,RTD,CLUZ,01BARBASOL_G01,G,8/15/2026 4:36:00 PM,8/15/2026 4:40:00 PM,MAX_OPERATING_MW,17.07,
8/15/2026 4:40:00 PM,RTD,CLUZ,01BARBASOL_G01,G,8/15/2026 4:36:00 PM,8/15/2026 4:40:00 PM,MIN_OPERATING_MW,17.07,
8/15/2026 4:40:00 PM,RTD,CLUZ,01BARBASOL_G01,G,8/15/2026 4:41:00 PM,8/15/2026 4:45:00 PM,MAX_OPERATING_MW,15.62,
8/15/2026 4:40:00 PM,RTD,CLUZ,01BARBASOL_G01,G,8/15/2026 4:41:00 PM,8/15/2026 4:45:00 PM,MIN_OPERATING_MW,15.62,
8/15/2026 4:40:00 PM,RTD,CLUZ,01BUGSOL_G01,G,8/15/2026 4:36:00 PM,8/15/2026 4:40:00 PM,MAX_OPERATING_MW,50,
8/15/2026 4:40:00 PM,RTD,CLUZ,01BUGSOL_G01,G,8/15/2026 4:36:00 PM,8/15/2026 4:40:00 PM,MIN_OPERATING_MW,50,
8/15/2026 4:40:00 PM,RTD,CLUZ,01BUGSOL_G01,G,8/15/2026 4:41:00 PM,8/15/2026 4:45:00 PM,MAX_OPERATING_MW,50,
8/15/2026 4:40:00 PM,RTD,CLUZ,01BUGSOL_G01,G,8/15/2026 4:41:00 PM,8/15/2026 4:45:00 PM,MIN_OPERATING_MW,50,
8/15/2026 4:40:00 PM,RTD,CLUZ,01BULACSOL_G01,G,8/15/2026 4:01:00 PM,8/15/2026 5:00:00 PM,MAX_OPERATING_MW,5.14,
8/15/2026 4:40:00 PM,RTD,CLUZ,01BULACSOL_G01,G,8/15/2026 4:01:00 PM,8/15/2026 5:00:00 PM,MIN_OPERATING_MW,5.14,
8/15/2026 4:40:00 PM,RTD,CLUZ,01CONSOL_G01,G,8/15/2026 4:36:00 PM,8/15/2026 4:40:00 PM,MAX_OPERATING_MW,18.99,
8/15/2026 4:40:00 PM,RTD,CLUZ,01CONSOL_G01,G,8/15/2026 4:36:00 PM,8/15/2026 4:40:00 PM,MIN_OPERATING_MW,18.99,
8/15/2026 4:40:00 PM,RTD,CLUZ,01CONSOL_G01,G,8/15/2026 4:41:00 PM,8/15/2026 4:45:00 PM,MAX_OPERATING_MW,17.49,
8/15/2026 4:40:00 PM,RTD,CLUZ,01CONSOL_G01,G,8/15/2026 4:41:00 PM,8/15/2026 4:45:00 PM,MIN_OPERATING_MW,17.49,
8/15/2026 4:40:00 PM,RTD,CLUZ,01PASBUSOL_G01,G,8/15/2026 4:01:00 PM,8/15/2026 5:00:00 PM,MAX_OPERATING_MW,10.88,
8/15/2026 4:40:00 PM,RTD,CLUZ,01PASBUSOL_G01,G,8/15/2026 4:01:00 PM,8/15/2026 5:00:00 PM,MIN_OPERATING_MW,10.88,
8/15/2026 4:40:00 PM,RTD,CLUZ,01TERRASOL_G01,G,8/15/2026 2:16:00 PM,8/15/2026 4:40:00 PM,MAX_OPERATING_MW,100,
8/15/2026 4:40:00 PM,RTD,CLUZ,01TERRASOL_G01,G,8/15/2026 2:16:00 PM,8/15/2026 4:40:00 PM,MIN_OPERATING_MW,100,
8/15/2026 4:40:00 PM,RTD,CLUZ,01TERRASOL_G01,G,8/15/2026 4:41:00 PM,8/15/2026 5:05:00 PM,MAX_OPERATING_MW,50,
8/15/2026 4:40:00 PM,RTD,CLUZ,01TERRASOL_G01,G,8/15/2026 4:41:00 PM,8/15/2026 5:05:00 PM,MIN_OPERATING_MW,50,
8/15/2026 4:40:00 PM,RTD,CLUZ,03LUMBSOL_G01,G,8/15/2026 4:36:00 PM,8/15/2026 4:40:00 PM,MAX_OPERATING_MW,10,
8/15/2026 4:40:00 PM,RTD,CLUZ,03LUMBSOL_G01,G,8/15/2026 4:36:00 PM,8/15/2026 4:40:00 PM,MIN_OPERATING_MW,10,
8/15/2026 4:40:00 PM,RTD,CLUZ,03LUMBSOL_G01,G,8/15/2026 4:41:00 PM,8/15/2026 4:45:00 PM,MAX_OPERATING_MW,10,
8/15/2026 4:40:00 PM,RTD,CLUZ,03LUMBSOL_G01,G,8/15/2026 4:41:00 PM,8/15/2026 4:45:00 PM,MIN_OPERATING_MW,10,
8/15/2026 4:40:00 PM,RTD,CLUZ,03LUNSOL_G01,G,8/15/2026 4:36:00 PM,8/15/2026 4:40:00 PM,MAX_OPERATING_MW,7.82,
8/15/2026 4:40:00 PM,RTD,CLUZ,03LUNSOL_G01,G,8/15/2026 4:36:00 PM,8/15/2026 4:40:00 PM,MIN_OPERATING_MW,7.82,
8/15/2026 4:40:00 PM,RTD,CLUZ,03LUNSOL_G01,G,8/15/2026 4:41:00 PM,8/15/2026 4:45:00 PM,MAX_OPERATING_MW,7.03,
8/15/2026 4:40:00 PM,RTD,CLUZ,03LUNSOL_G01,G,8/15/2026 4:41:00 PM,8/15/2026 4:45:00 PM,MIN_OPERATING_MW,7.03,
8/15/2026 4:40:00 PM,RTD,CLUZ,03TANWIND_G01,G,8/15/2026 4:36:00 PM,8/15/2026 4:40:00 PM,MAX_OPERATING_MW,5.10,
8/15/2026 4:40:00 PM,RTD,CLUZ,03TANWIND_G01,G,8/15/2026 4:36:00 PM,8/15/2026 4:40:00 PM,MIN_OPERATING_MW,5.10,
8/15/2026 4:40:00 PM,RTD,CLUZ,03TANWIND_G01,G,8/15/2026 4:41:00 PM,8/15/2026 4:45:00 PM,MAX_OPERATING_MW,5.10,
8/15/2026 4:40:00 PM,RTD,CLUZ,03TANWIND_G01,G,8/15/2026 4:41:00 PM,8/15/2026 4:45:00 PM,MIN_OPERATING_MW,5.10,
8/15/2026 4:40:00 PM,RTD,CVIS,04ISIDROSOL_G01,G,8/15/2026 4:01:00 PM,8/15/2026 5:00:00 PM,MAX_OPERATING_MW,25.90,
8/15/2026 4:40:00 PM,RTD,CVIS,04ISIDROSOL_G01,G,8/15/2026 4:01:00 PM,8/15/2026 5:00:00 PM,MIN_OPERATING_MW,25.90,
8/15/2026 4:40:00 PM,RTD,CVIS,06SLYSOL_G02,G,8/15/2026 4:01:00 PM,8/15/2026 5:00:00 PM,MAX_OPERATING_MW,5.85,
8/15/2026 4:40:00 PM,RTD,CVIS,06SLYSOL_G02,G,8/15/2026 4:01:00 PM,8/15/2026 5:00:00 PM,MIN_OPERATING_MW,5.85,
8/15/2026 4:40:00 PM,RTD,CVIS,06SLYSOL_G03,G,8/15/2026 4:01:00 PM,8/15/2026 5:00:00 PM,MAX_OPERATING_MW,3.42,
8/15/2026 4:40:00 PM,RTD,CVIS,06SLYSOL_G03,G,8/15/2026 4:01:00 PM,8/15/2026 5:00:00 PM,MIN_OPERATING_MW,3.42,
8/15/2026 4:40:00 PM,RTD,CMIN,10LIAN_G02,G,8/15/2026,8/15/2026 11:59:00 PM,MAX_OPERATING_MW,6.60,
8/15/2026 4:40:00 PM,RTD,CMIN,10LIAN_G02,G,8/15/2026,8/15/2026 11:59:00 PM,MIN_OPERATING_MW,6.60,
8/15/2026 4:40:00 PM,RTD,CMIN,14TANTASOL_G01,G,8/15/2026 4:01:00 PM,8/15/2026 5:00:00 PM,MAX_OPERATING_MW,10,
8/15/2026 4:40:00 PM,RTD,CMIN,14TANTASOL_G01,G,8/15/2026 4:01:00 PM,8/15/2026 5:00:00 PM,MIN_OPERATING_MW,10,
8/15/2026 4:45:00 PM,RTD,CLUZ,01BALWIND_G01,G,8/15/2026 12:16:00 PM,8/16/2026,MAX_OPERATING_MW,40,
8/15/2026 4:45:00 PM,RTD,CLUZ,01BALWIND_G01,G,8/15/2026 12:16:00 PM,8/16/2026,MIN_OPERATING_MW,40,
8/15/2026 4:45:00 PM,RTD,CLUZ,01BARBASOL_G01,G,8/15/2026 4:41:00 PM,8/15/2026 4:45:00 PM,MAX_OPERATING_MW,15.62,
8/15/2026 4:45:00 PM,RTD,CLUZ,01BARBASOL_G01,G,8/15/2026 4:41:00 PM,8/15/2026 4:45:00 PM,MIN_OPERATING_MW,15.62,
8/15/2026 4:45:00 PM,RTD,CLUZ,01BARBASOL_G01,G,8/15/2026 4:46:00 PM,8/15/2026 4:50:00 PM,MAX_OPERATING_MW,14.23,
8/15/2026 4:45:00 PM,RTD,CLUZ,01BARBASOL_G01,G,8/15/2026 4:46:00 PM,8/15/2026 4:50:00 PM,MIN_OPERATING_MW,14.23,
8/15/2026 4:45:00 PM,RTD,CLUZ,01BUGSOL_G01,G,8/15/2026 4:41:00 PM,8/15/2026 4:45:00 PM,MAX_OPERATING_MW,50,
8/15/2026 4:45:00 PM,RTD,CLUZ,01BUGSOL_G01,G,8/15/2026 4:41:00 PM,8/15/2026 4:45:00 PM,MIN_OPERATING_MW,50,
8/15/2026 4:45:00 PM,RTD,CLUZ,01BUGSOL_G01,G,8/15/2026 4:46:00 PM,8/15/2026 4:50:00 PM,MAX_OPERATING_MW,32.90,
8/15/2026 4:45:00 PM,RTD,CLUZ,01BUGSOL_G01,G,8/15/2026 4:46:00 PM,8/15/2026 4:50:00 PM,MIN_OPERATING_MW,32.90,
8/15/2026 4:45:00 PM,RTD,CLUZ,01BULACSOL_G01,G,8/15/2026 4:01:00 PM,8/15/2026 5:00:00 PM,MAX_OPERATING_MW,5.14,
8/15/2026 4:45:00 PM,RTD,CLUZ,01BULACSOL_G01,G,8/15/2026 4:01:00 PM,8/15/2026 5:00:00 PM,MIN_OPERATING_MW,5.14,
8/15/2026 4:45:00 PM,RTD,CLUZ,01CONSOL_G01,G,8/15/2026 4:41:00 PM,8/15/2026 4:45:00 PM,MAX_OPERATING_MW,17.49,
8/15/2026 4:45:00 PM,RTD,CLUZ,01CONSOL_G01,G,8/15/2026 4:41:00 PM,8/15/2026 4:45:00 PM,MIN_OPERATING_MW,17.49,
8/15/2026 4:45:00 PM,RTD,CLUZ,01CONSOL_G01,G,8/15/2026 4:46:00 PM,8/15/2026 4:50:00 PM,MAX_OPERATING_MW,16.03,
8/15/2026 4:45:00 PM,RTD,CLUZ,01CONSOL_G01,G,8/15/2026 4:46:00 PM,8/15/2026 4:50:00 PM,MIN_OPERATING_MW,16.03,
8/15/2026 4:45:00 PM,RTD,CLUZ,01PASBUSOL_G01,G,8/15/2026 4:01:00 PM,8/15/2026 5:00:00 PM,MAX_OPERATING_MW,10.88,
8/15/2026 4:45:00 PM,RTD,CLUZ,01PASBUSOL_G01,G,8/15/2026 4:01:00 PM,8/15/2026 5:00:00 PM,MIN_OPERATING_MW,10.88,
8/15/2026 4:45:00 PM,RTD,CLUZ,01TERRASOL_G01,G,8/15/2026 4:41:00 PM,8/15/2026 5:05:00 PM,MAX_OPERATING_MW,50,
8/15/2026 4:45:00 PM,RTD,CLUZ,01TERRASOL_G01,G,8/15/2026 4:41:00 PM,8/15/2026 5:05:00 PM,MIN_OPERATING_MW,50,
8/15/2026 4:45:00 PM,RTD,CLUZ,03LUMBSOL_G01,G,8/15/2026 4:41:00 PM,8/15/2026 4:45:00 PM,MAX_OPERATING_MW,10,
8/15/2026 4:45:00 PM,RTD,CLUZ,03LUMBSOL_G01,G,8/15/2026 4:41:00 PM,8/15/2026 4:45:00 PM,MIN_OPERATING_MW,10,
8/15/2026 4:45:00 PM,RTD,CLUZ,03LUMBSOL_G01,G,8/15/2026 4:46:00 PM,8/15/2026 4:50:00 PM,MAX_OPERATING_MW,10,
8/15/2026 4:45:00 PM,RTD,CLUZ,03LUMBSOL_G01,G,8/15/2026 4:46:00 PM,8/15/2026 4:50:00 PM,MIN_OPERATING_MW,10,
8/15/2026 4:45:00 PM,RTD,CLUZ,03LUNSOL_G01,G,8/15/2026 4:41:00 PM,8/15/2026 4:45:00 PM,MAX_OPERATING_MW,7.03,
8/15/2026 4:45:00 PM,RTD,CLUZ,03LUNSOL_G01,G,8/15/2026 4:41:00 PM,8/15/2026 4:45:00 PM,MIN_OPERATING_MW,7.03,
8/15/2026 4:45:00 PM,RTD,CLUZ,03LUNSOL_G01,G,8/15/2026 4:46:00 PM,8/15/2026 4:50:00 PM,MAX_OPERATING_MW,6.28,
8/15/2026 4:45:00 PM,RTD,CLUZ,03LUNSOL_G01,G,8/15/2026 4:46:00 PM,8/15/2026 4:50:00 PM,MIN_OPERATING_MW,6.28,
8/15/2026 4:45:00 PM,RTD,CLUZ,03TANWIND_G01,G,8/15/2026 4:41:00 PM,8/15/2026 4:45:00 PM,MAX_OPERATING_MW,5.10,
8/15/2026 4:45:00 PM,RTD,CLUZ,03TANWIND_G01,G,8/15/2026 4:41:00 PM,8/15/2026 4:45:00 PM,MIN_OPERATING_MW,5.10,
8/15/2026 4:45:00 PM,RTD,CLUZ,03TANWIND_G01,G,8/15/2026 4:46:00 PM,8/15/2026 4:50:00 PM,MAX_OPERATING_MW,5.10,
8/15/2026 4:45:00 PM,RTD,CLUZ,03TANWIND_G01,G,8/15/2026 4:46:00 PM,8/15/2026 4:50:00 PM,MIN_OPERATING_MW,5.10,
8/15/2026 4:45:00 PM,RTD,CVIS,04ISIDROSOL_G01,G,8/15/2026 4:01:00 PM,8/15/2026 5:00:00 PM,MAX_OPERATING_MW,25.90,
8/15/2026 4:45:00 PM,RTD,CVIS,04ISIDROSOL_G01,G,8/15/2026 4:01:00 PM,8/15/2026 5:00:00 PM,MIN_OPERATING_MW,25.90,
8/15/2026 4:45:00 PM,RTD,CVIS,06SLYSOL_G02,G,8/15/2026 4:01:00 PM,8/15/2026 5:00:00 PM,MAX_OPERATING_MW,5.85,
8/15/2026 4:45:00 PM,RTD,CVIS,06SLYSOL_G02,G,8/15/2026 4:01:00 PM,8/15/2026 5:00:00 PM,MIN_OPERATING_MW,5.85,
8/15/2026 4:45:00 PM,RTD,CVIS,06SLYSOL_G03,G,8/15/2026 4:01:00 PM,8/15/2026 5:00:00 PM,MAX_OPERATING_MW,3.42,
8/15/2026 4:45:00 PM,RTD,CVIS,06SLYSOL_G03,G,8/15/2026 4:01:00 PM,8/15/2026 5:00:00 PM,MIN_OPERATING_MW,3.42,
8/15/2026 4:45:00 PM,RTD,CMIN,10LIAN_G02,G,8/15/2026,8/15/2026 11:59:00 PM,MAX_OPERATING_MW,6.60,
8/15/2026 4:45:00 PM,RTD,CMIN,10LIAN_G02,G,8/15/2026,8/15/2026 11:59:00 PM,MIN_OPERATING_MW,6.60,
8/15/2026 4:45:00 PM,RTD,CMIN,14TANTASOL_G01,G,8/15/2026 4:01:00 PM,8/15/2026 5:00:00 PM,MAX_OPERATING_MW,10,
8/15/2026 4:45:00 PM,RTD,CMIN,14TANTASOL_G01,G,8/15/2026 4:01:00 PM,8/15/2026 5:00:00 PM,MIN_OPERATING_MW,10,
8/15/2026 4:50:00 PM,RTD,CLUZ,01BALWIND_G01,G,8/15/2026 12:16:00 PM,8/16/2026,MAX_OPERATING_MW,40,
8/15/2026 4:50:00 PM,RTD,CLUZ,01BALWIND_G01,G,8/15/2026 12:16:00 PM,8/16/2026,MIN_OPERATING_MW,40,
8/15/2026 4:50:00 PM,RTD,CLUZ,01BARBASOL_G01,G,8/15/2026 4:46:00 PM,8/15/2026 4:50:00 PM,MAX_OPERATING_MW,14.23,
8/15/2026 4:50:00 PM,RTD,CLUZ,01BARBASOL_G01,G,8/15/2026 4:46:00 PM,8/15/2026 4:50:00 PM,MIN_OPERATING_MW,14.23,
8/15/2026 4:50:00 PM,RTD,CLUZ,01BARBASOL_G01,G,8/15/2026 4:51:00 PM,8/15/2026 4:55:00 PM,MAX_OPERATING_MW,12.91,
8/15/2026 4:50:00 PM,RTD,CLUZ,01BARBASOL_G01,G,8/15/2026 4:51:00 PM,8/15/2026 4:55:00 PM,MIN_OPERATING_MW,12.91,
8/15/2026 4:50:00 PM,RTD,CLUZ,01BUGSOL_G01,G,8/15/2026 4:46:00 PM,8/15/2026 4:50:00 PM,MAX_OPERATING_MW,32.90,
8/15/2026 4:50:00 PM,RTD,CLUZ,01BUGSOL_G01,G,8/15/2026 4:46:00 PM,8/15/2026 4:50:00 PM,MIN_OPERATING_MW,32.90,
8/15/2026 4:50:00 PM,RTD,CLUZ,01BUGSOL_G01,G,8/15/2026 4:51:00 PM,8/15/2026 4:55:00 PM,MAX_OPERATING_MW,32.50,
8/15/2026 4:50:00 PM,RTD,CLUZ,01BUGSOL_G01,G,8/15/2026 4:51:00 PM,8/15/2026 4:55:00 PM,MIN_OPERATING_MW,32.50,
8/15/2026 4:50:00 PM,RTD,CLUZ,01BULACSOL_G01,G,8/15/2026 4:01:00 PM,8/15/2026 5:00:00 PM,MAX_OPERATING_MW,5.14,
8/15/2026 4:50:00 PM,RTD,CLUZ,01BULACSOL_G01,G,8/15/2026 4:01:00 PM,8/15/2026 5:00:00 PM,MIN_OPERATING_MW,5.14,
8/15/2026 4:50:00 PM,RTD,CLUZ,01CONSOL_G01,G,8/15/2026 4:46:00 PM,8/15/2026 4:50:00 PM,MAX_OPERATING_MW,16.03,
8/15/2026 4:50:00 PM,RTD,CLUZ,01CONSOL_G01,G,8/15/2026 4:46:00 PM,8/15/2026 4:50:00 PM,MIN_OPERATING_MW,16.03,
8/15/2026 4:50:00 PM,RTD,CLUZ,01CONSOL_G01,G,8/15/2026 4:51:00 PM,8/15/2026 4:55:00 PM,MAX_OPERATING_MW,14.60,
8/15/2026 4:50:00 PM,RTD,CLUZ,01CONSOL_G01,G,8/15/2026 4:51:00 PM,8/15/2026 4:55:00 PM,MIN_OPERATING_MW,14.60,
8/15/2026 4:50:00 PM,RTD,CLUZ,01PASBUSOL_G01,G,8/15/2026 4:01:00 PM,8/15/2026 5:00:00 PM,MAX_OPERATING_MW,10.88,
8/15/2026 4:50:00 PM,RTD,CLUZ,01PASBUSOL_G01,G,8/15/2026 4:01:00 PM,8/15/2026 5:00:00 PM,MIN_OPERATING_MW,10.88,
8/15/2026 4:50:00 PM,RTD,CLUZ,01TERRASOL_G01,G,8/15/2026 4:41:00 PM,8/15/2026 5:05:00 PM,MAX_OPERATING_MW,50,
8/15/2026 4:50:00 PM,RTD,CLUZ,01TERRASOL_G01,G,8/15/2026 4:41:00 PM,8/15/2026 5:05:00 PM,MIN_OPERATING_MW,50,
8/15/2026 4:50:00 PM,RTD,CLUZ,03LUMBSOL_G01,G,8/15/2026 4:46:00 PM,8/15/2026 4:50:00 PM,MAX_OPERATING_MW,10,
8/15/2026 4:50:00 PM,RTD,CLUZ,03LUMBSOL_G01,G,8/15/2026 4:46:00 PM,8/15/2026 4:50:00 PM,MIN_OPERATING_MW,10,
8/15/2026 4:50:00 PM,RTD,CLUZ,03LUMBSOL_G01,G,8/15/2026 4:51:00 PM,8/15/2026 4:55:00 PM,MAX_OPERATING_MW,10,
8/15/2026 4:50:00 PM,RTD,CLUZ,03LUMBSOL_G01,G,8/15/2026 4:51:00 PM,8/15/2026 4:55:00 PM,MIN_OPERATING_MW,10,
8/15/2026 4:50:00 PM,RTD,CLUZ,03LUNSOL_G01,G,8/15/2026 4:46:00 PM,8/15/2026 4:50:00 PM,MAX_OPERATING_MW,6.28,
8/15/2026 4:50:00 PM,RTD,CLUZ,03LUNSOL_G01,G,8/15/2026 4:46:00 PM,8/15/2026 4:50:00 PM,MIN_OPERATING_MW,6.28,
8/15/2026 4:50:00 PM,RTD,CLUZ,03LUNSOL_G01,G,8/15/2026 4:51:00 PM,8/15/2026 4:55:00 PM,MAX_OPERATING_MW,5.58,
8/15/2026 4:50:00 PM,RTD,CLUZ,03LUNSOL_G01,G,8/15/2026 4:51:00 PM,8/15/2026 4:55:00 PM,MIN_OPERATING_MW,5.58,
8/15/2026 4:50:00 PM,RTD,CLUZ,03TANWIND_G01,G,8/15/2026 4:46:00 PM,8/15/2026 4:50:00 PM,MAX_OPERATING_MW,5.10,
8/15/2026 4:50:00 PM,RTD,CLUZ,03TANWIND_G01,G,8/15/2026 4:46:00 PM,8/15/2026 4:50:00 PM,MIN_OPERATING_MW,5.10,
8/15/2026 4:50:00 PM,RTD,CLUZ,03TANWIND_G01,G,8/15/2026 4:51:00 PM,8/15/2026 4:55:00 PM,MAX_OPERATING_MW,5.10,
8/15/2026 4:50:00 PM,RTD,CLUZ,03TANWIND_G01,G,8/15/2026 4:51:00 PM,8/15/2026 4:55:00 PM,MIN_OPERATING_MW,5.10,
8/15/2026 4:50:00 PM,RTD,CVIS,04ISIDROSOL_G01,G,8/15/2026 4:01:00 PM,8/15/2026 5:00:00 PM,MAX_OPERATING_MW,25.90,
8/15/2026 4:50:00 PM,RTD,CVIS,04ISIDROSOL_G01,G,8/15/2026 4:01:00 PM,8/15/2026 5:00:00 PM,MIN_OPERATING_MW,25.90,
8/15/2026 4:50:00 PM,RTD,CVIS,06SLYSOL_G02,G,8/15/2026 4:01:00 PM,8/15/2026 5:00:00 PM,MAX_OPERATING_MW,5.85,
8/15/2026 4:50:00 PM,RTD,CVIS,06SLYSOL_G02,G,8/15/2026 4:01:00 PM,8/15/2026 5:00:00 PM,MIN_OPERATING_MW,5.85,
8/15/2026 4:50:00 PM,RTD,CVIS,06SLYSOL_G03,G,8/15/2026 4:01:00 PM,8/15/2026 5:00:00 PM,MAX_OPERATING_MW,3.42,
8/15/2026 4:50:00 PM,RTD,CVIS,06SLYSOL_G03,G,8/15/2026 4:01:00 PM,8/15/2026 5:00:00 PM,MIN_OPERATING_MW,3.42,
8/15/2026 4:50:00 PM,RTD,CMIN,10LIAN_G02,G,8/15/2026,8/15/2026 11:59:00 PM,MAX_OPERATING_MW,6.60,
8/15/2026 4:50:00 PM,RTD,CMIN,10LIAN_G02,G,8/15/2026,8/15/2026 11:59:00 PM,MIN_OPERATING_MW,6.60,
8/15/2026 4:50:00 PM,RTD,CMIN,14TANTASOL_G01,G,8/15/2026 4:01:00 PM,8/15/2026 5:00:00 PM,MAX_OPERATING_MW,10,
8/15/2026 4:50:00 PM,RTD,CMIN,14TANTASOL_G01,G,8/15/2026 4:01:00 PM,8/15/2026 5:00:00 PM,MIN_OPERATING_MW,10,
8/15/2026 4:55:00 PM,RTD,CLUZ,01BALWIND_G01,G,8/15/2026 12:16:00 PM,8/16/2026,MAX_OPERATING_MW,40,
8/15/2026 4:55:00 PM,RTD,CLUZ,01BALWIND_G01,G,8/15/2026 12:16:00 PM,8/16/2026,MIN_OPERATING_MW,40,
8/15/2026 4:55:00 PM,RTD,CLUZ,01BARBASOL_G01,G,8/15/2026 4:51:00 PM,8/15/2026 4:55:00 PM,MAX_OPERATING_MW,12.91,
8/15/2026 4:55:00 PM,RTD,CLUZ,01BARBASOL_G01,G,8/15/2026 4:51:00 PM,8/15/2026 4:55:00 PM,MIN_OPERATING_MW,12.91,
8/15/2026 4:55:00 PM,RTD,CLUZ,01BARBASOL_G01,G,8/15/2026 4:56:00 PM,8/15/2026 5:00:00 PM,MAX_OPERATING_MW,11.66,
8/15/2026 4:55:00 PM,RTD,CLUZ,01BARBASOL_G01,G,8/15/2026 4:56:00 PM,8/15/2026 5:00:00 PM,MIN_OPERATING_MW,11.66,
8/15/2026 4:55:00 PM,RTD,CLUZ,01BUGSOL_G01,G,8/15/2026 4:51:00 PM,8/15/2026 4:55:00 PM,MAX_OPERATING_MW,32.50,
8/15/2026 4:55:00 PM,RTD,CLUZ,01BUGSOL_G01,G,8/15/2026 4:51:00 PM,8/15/2026 4:55:00 PM,MIN_OPERATING_MW,32.50,
8/15/2026 4:55:00 PM,RTD,CLUZ,01BUGSOL_G01,G,8/15/2026 4:56:00 PM,8/15/2026 5:00:00 PM,MAX_OPERATING_MW,35.90,
8/15/2026 4:55:00 PM,RTD,CLUZ,01BUGSOL_G01,G,8/15/2026 4:56:00 PM,8/15/2026 5:00:00 PM,MIN_OPERATING_MW,35.90,
8/15/2026 4:55:00 PM,RTD,CLUZ,01BULACSOL_G01,G,8/15/2026 4:01:00 PM,8/15/2026 5:00:00 PM,MAX_OPERATING_MW,5.14,
8/15/2026 4:55:00 PM,RTD,CLUZ,01BULACSOL_G01,G,8/15/2026 4:01:00 PM,8/15/2026 5:00:00 PM,MIN_OPERATING_MW,5.14,
8/15/2026 4:55:00 PM,RTD,CLUZ,01CONSOL_G01,G,8/15/2026 4:51:00 PM,8/15/2026 4:55:00 PM,MAX_OPERATING_MW,14.60,
8/15/2026 4:55:00 PM,RTD,CLUZ,01CONSOL_G01,G,8/15/2026 4:51:00 PM,8/15/2026 4:55:00 PM,MIN_OPERATING_MW,14.60,
8/15/2026 4:55:00 PM,RTD,CLUZ,01CONSOL_G01,G,8/15/2026 4:56:00 PM,8/15/2026 5:00:00 PM,MAX_OPERATING_MW,13.21,
8/15/2026 4:55:00 PM,RTD,CLUZ,01CONSOL_G01,G,8/15/2026 4:56:00 PM,8/15/2026 5:00:00 PM,MIN_OPERATING_MW,13.21,
8/15/2026 4:55:00 PM,RTD,CLUZ,01PASBUSOL_G01,G,8/15/2026 4:01:00 PM,8/15/2026 5:00:00 PM,MAX_OPERATING_MW,10.88,
8/15/2026 4:55:00 PM,RTD,CLUZ,01PASBUSOL_G01,G,8/15/2026 4:01:00 PM,8/15/2026 5:00:00 PM,MIN_OPERATING_MW,10.88,
8/15/2026 4:55:00 PM,RTD,CLUZ,01TERRASOL_G01,G,8/15/2026 4:41:00 PM,8/15/2026 5:05:00 PM,MAX_OPERATING_MW,50,
8/15/2026 4:55:00 PM,RTD,CLUZ,01TERRASOL_G01,G,8/15/2026 4:41:00 PM,8/15/2026 5:05:00 PM,MIN_OPERATING_MW,50,
8/15/2026 4:55:00 PM,RTD,CLUZ,03LUMBSOL_G01,G,8/15/2026 4:51:00 PM,8/15/2026 4:55:00 PM,MAX_OPERATING_MW,10,
8/15/2026 4:55:00 PM,RTD,CLUZ,03LUMBSOL_G01,G,8/15/2026 4:51:00 PM,8/15/2026 4:55:00 PM,MIN_OPERATING_MW,10,
8/15/2026 4:55:00 PM,RTD,CLUZ,03LUMBSOL_G01,G,8/15/2026 4:56:00 PM,8/15/2026 5:00:00 PM,MAX_OPERATING_MW,10,
8/15/2026 4:55:00 PM,RTD,CLUZ,03LUMBSOL_G01,G,8/15/2026 4:56:00 PM,8/15/2026 5:00:00 PM,MIN_OPERATING_MW,10,
8/15/2026 4:55:00 PM,RTD,CLUZ,03LUNSOL_G01,G,8/15/2026 4:51:00 PM,8/15/2026 4:55:00 PM,MAX_OPERATING_MW,5.58,
8/15/2026 4:55:00 PM,RTD,CLUZ,03LUNSOL_G01,G,8/15/2026 4:51:00 PM,8/15/2026 4:55:00 PM,MIN_OPERATING_MW,5.58,
8/15/2026 4:55:00 PM,RTD,CLUZ,03LUNSOL_G01,G,8/15/2026 4:56:00 PM,8/15/2026 5:00:00 PM,MAX_OPERATING_MW,4.93,
8/15/2026 4:55:00 PM,RTD,CLUZ,03LUNSOL_G01,G,8/15/2026 4:56:00 PM,8/15/2026 5:00:00 PM,MIN_OPERATING_MW,4.93,
8/15/2026 4:55:00 PM,RTD,CLUZ,03TANWIND_G01,G,8/15/2026 4:51:00 PM,8/15/2026 4:55:00 PM,MAX_OPERATING_MW,5.10,
8/15/2026 4:55:00 PM,RTD,CLUZ,03TANWIND_G01,G,8/15/2026 4:51:00 PM,8/15/2026 4:55:00 PM,MIN_OPERATING_MW,5.10,
8/15/2026 4:55:00 PM,RTD,CLUZ,03TANWIND_G01,G,8/15/2026 4:56:00 PM,8/15/2026 5:00:00 PM,MAX_OPERATING_MW,5.10,
8/15/2026 4:55:00 PM,RTD,CLUZ,03TANWIND_G01,G,8/15/2026 4:56:00 PM,8/15/2026 5:00:00 PM,MIN_OPERATING_MW,5.10,
8/15/2026 4:55:00 PM,RTD,CVIS,04ISIDROSOL_G01,G,8/15/2026 4:01:00 PM,8/15/2026 5:00:00 PM,MAX_OPERATING_MW,25.90,
8/15/2026 4:55:00 PM,RTD,CVIS,04ISIDROSOL_G01,G,8/15/2026 4:01:00 PM,8/15/2026 5:00:00 PM,MIN_OPERATING_MW,25.90,
8/15/2026 4:55:00 PM,RTD,CVIS,06SLYSOL_G02,G,8/15/2026 4:01:00 PM,8/15/2026 5:00:00 PM,MAX_OPERATING_MW,5.85,
8/15/2026 4:55:00 PM,RTD,CVIS,06SLYSOL_G02,G,8/15/2026 4:01:00 PM,8/15/2026 5:00:00 PM,MIN_OPERATING_MW,5.85,
8/15/2026 4:55:00 PM,RTD,CVIS,06SLYSOL_G03,G,8/15/2026 4:01:00 PM,8/15/2026 5:00:00 PM,MAX_OPERATING_MW,3.42,
8/15/2026 4:55:00 PM,RTD,CVIS,06SLYSOL_G03,G,8/15/2026 4:01:00 PM,8/15/2026 5:00:00 PM,MIN_OPERATING_MW,3.42,
8/15/2026 4:55:00 PM,RTD,CMIN,10LIAN_G02,G,8/15/2026,8/15/2026 11:59:00 PM,MAX_OPERATING_MW,6.60,
8/15/2026 4:55:00 PM,RTD,CMIN,10LIAN_G02,G,8/15/2026,8/15/2026 11:59:00 PM,MIN_OPERATING_MW,6.60,
8/15/2026 4:55:00 PM,RTD,CMIN,14TANTASOL_G01,G,8/15/2026 4:01:00 PM,8/15/2026 5:00:00 PM,MAX_OPERATING_MW,10,
8/15/2026 4:55:00 PM,RTD,CMIN,14TANTASOL_G01,G,8/15/2026 4:01:00 PM,8/15/2026 5:00:00 PM,MIN_OPERATING_MW,10,
8/15/2026 5:00:00 PM,RTD,CLUZ,01BALWIND_G01,G,8/15/2026 12:16:00 PM,8/16/2026,MAX_OPERATING_MW,40,
8/15/2026 5:00:00 PM,RTD,CLUZ,01BALWIND_G01,G,8/15/2026 12:16:00 PM,8/16/2026,MIN_OPERATING_MW,40,
8/15/2026 5:00:00 PM,RTD,CLUZ,01BARBASOL_G01,G,8/15/2026 4:56:00 PM,8/15/2026 5:00:00 PM,MAX_OPERATING_MW,11.66,
8/15/2026 5:00:00 PM,RTD,CLUZ,01BARBASOL_G01,G,8/15/2026 4:56:00 PM,8/15/2026 5:00:00 PM,MIN_OPERATING_MW,11.66,
8/15/2026 5:00:00 PM,RTD,CLUZ,01BARBASOL_G01,G,8/15/2026 5:01:00 PM,8/15/2026 5:05:00 PM,MAX_OPERATING_MW,10.49,
8/15/2026 5:00:00 PM,RTD,CLUZ,01BARBASOL_G01,G,8/15/2026 5:01:00 PM,8/15/2026 5:05:00 PM,MIN_OPERATING_MW,10.49,
8/15/2026 5:00:00 PM,RTD,CLUZ,01BUGSOL_G01,G,8/15/2026 4:56:00 PM,8/15/2026 5:00:00 PM,MAX_OPERATING_MW,35.90,
8/15/2026 5:00:00 PM,RTD,CLUZ,01BUGSOL_G01,G,8/15/2026 4:56:00 PM,8/15/2026 5:00:00 PM,MIN_OPERATING_MW,35.90,
8/15/2026 5:00:00 PM,RTD,CLUZ,01BUGSOL_G01,G,8/15/2026 5:01:00 PM,8/15/2026 5:05:00 PM,MAX_OPERATING_MW,35.10,
8/15/2026 5:00:00 PM,RTD,CLUZ,01BUGSOL_G01,G,8/15/2026 5:01:00 PM,8/15/2026 5:05:00 PM,MIN_OPERATING_MW,35.10,
8/15/2026 5:00:00 PM,RTD,CLUZ,01BULACSOL_G01,G,8/15/2026 4:01:00 PM,8/15/2026 5:00:00 PM,MAX_OPERATING_MW,5.14,
8/15/2026 5:00:00 PM,RTD,CLUZ,01BULACSOL_G01,G,8/15/2026 4:01:00 PM,8/15/2026 5:00:00 PM,MIN_OPERATING_MW,5.14,
8/15/2026 5:00:00 PM,RTD,CLUZ,01BULACSOL_G01,G,8/15/2026 5:01:00 PM,8/15/2026 6:00:00 PM,MAX_OPERATING_MW,1.49,
8/15/2026 5:00:00 PM,RTD,CLUZ,01BULACSOL_G01,G,8/15/2026 5:01:00 PM,8/15/2026 6:00:00 PM,MIN_OPERATING_MW,1.49,
8/15/2026 5:00:00 PM,RTD,CLUZ,01CONSOL_G01,G,8/15/2026 4:56:00 PM,8/15/2026 5:00:00 PM,MAX_OPERATING_MW,13.21,
8/15/2026 5:00:00 PM,RTD,CLUZ,01CONSOL_G01,G,8/15/2026 4:56:00 PM,8/15/2026 5:00:00 PM,MIN_OPERATING_MW,13.21,
8/15/2026 5:00:00 PM,RTD,CLUZ,01CONSOL_G01,G,8/15/2026 5:01:00 PM,8/15/2026 5:05:00 PM,MAX_OPERATING_MW,11.91,
8/15/2026 5:00:00 PM,RTD,CLUZ,01CONSOL_G01,G,8/15/2026 5:01:00 PM,8/15/2026 5:05:00 PM,MIN_OPERATING_MW,11.91,
8/15/2026 5:00:00 PM,RTD,CLUZ,01PASBUSOL_G01,G,8/15/2026 4:01:00 PM,8/15/2026 5:00:00 PM,MAX_OPERATING_MW,10.88,
8/15/2026 5:00:00 PM,RTD,CLUZ,01PASBUSOL_G01,G,8/15/2026 4:01:00 PM,8/15/2026 5:00:00 PM,MIN_OPERATING_MW,10.88,
8/15/2026 5:00:00 PM,RTD,CLUZ,01PASBUSOL_G01,G,8/15/2026 5:01:00 PM,8/15/2026 6:00:00 PM,MAX_OPERATING_MW,2.83,
8/15/2026 5:00:00 PM,RTD,CLUZ,01PASBUSOL_G01,G,8/15/2026 5:01:00 PM,8/15/2026 6:00:00 PM,MIN_OPERATING_MW,2.83,
8/15/2026 5:00:00 PM,RTD,CLUZ,01TERRASOL_G01,G,8/15/2026 4:41:00 PM,8/15/2026 5:05:00 PM,MAX_OPERATING_MW,50,
8/15/2026 5:00:00 PM,RTD,CLUZ,01TERRASOL_G01,G,8/15/2026 4:41:00 PM,8/15/2026 5:05:00 PM,MIN_OPERATING_MW,50,
8/15/2026 5:00:00 PM,RTD,CLUZ,03LUMBSOL_G01,G,8/15/2026 4:56:00 PM,8/15/2026 5:00:00 PM,MAX_OPERATING_MW,10,
8/15/2026 5:00:00 PM,RTD,CLUZ,03LUMBSOL_G01,G,8/15/2026 4:56:00 PM,8/15/2026 5:00:00 PM,MIN_OPERATING_MW,10,
8/15/2026 5:00:00 PM,RTD,CLUZ,03LUMBSOL_G01,G,8/15/2026 5:01:00 PM,8/15/2026 5:05:00 PM,MAX_OPERATING_MW,7,
8/15/2026 5:00:00 PM,RTD,CLUZ,03LUMBSOL_G01,G,8/15/2026 5:01:00 PM,8/15/2026 5:05:00 PM,MIN_OPERATING_MW,7,
8/15/2026 5:00:00 PM,RTD,CLUZ,03LUNSOL_G01,G,8/15/2026 4:56:00 PM,8/15/2026 5:00:00 PM,MAX_OPERATING_MW,4.93,
8/15/2026 5:00:00 PM,RTD,CLUZ,03LUNSOL_G01,G,8/15/2026 4:56:00 PM,8/15/2026 5:00:00 PM,MIN_OPERATING_MW,4.93,
8/15/2026 5:00:00 PM,RTD,CLUZ,03LUNSOL_G01,G,8/15/2026 5:01:00 PM,8/15/2026 5:05:00 PM,MAX_OPERATING_MW,4.29,
8/15/2026 5:00:00 PM,RTD,CLUZ,03LUNSOL_G01,G,8/15/2026 5:01:00 PM,8/15/2026 5:05:00 PM,MIN_OPERATING_MW,4.29,
8/15/2026 5:00:00 PM,RTD,CLUZ,03TANWIND_G01,G,8/15/2026 4:56:00 PM,8/15/2026 5:00:00 PM,MAX_OPERATING_MW,5.10,
8/15/2026 5:00:00 PM,RTD,CLUZ,03TANWIND_G01,G,8/15/2026 4:56:00 PM,8/15/2026 5:00:00 PM,MIN_OPERATING_MW,5.10,
8/15/2026 5:00:00 PM,RTD,CLUZ,03TANWIND_G01,G,8/15/2026 5:01:00 PM,8/15/2026 5:05:00 PM,MAX_OPERATING_MW,4.50,
8/15/2026 5:00:00 PM,RTD,CLUZ,03TANWIND_G01,G,8/15/2026 5:01:00 PM,8/15/2026 5:05:00 PM,MIN_OPERATING_MW,4.50,
8/15/2026 5:00:00 PM,RTD,CVIS,04ISIDROSOL_G01,G,8/15/2026 4:01:00 PM,8/15/2026 5:00:00 PM,MAX_OPERATING_MW,25.90,
8/15/2026 5:00:00 PM,RTD,CVIS,04ISIDROSOL_G01,G,8/15/2026 4:01:00 PM,8/15/2026 5:00:00 PM,MIN_OPERATING_MW,25.90,
8/15/2026 5:00:00 PM,RTD,CVIS,04ISIDROSOL_G01,G,8/15/2026 5:01:00 PM,8/15/2026 6:00:00 PM,MAX_OPERATING_MW,5,
8/15/2026 5:00:00 PM,RTD,CVIS,04ISIDROSOL_G01,G,8/15/2026 5:01:00 PM,8/15/2026 6:00:00 PM,MIN_OPERATING_MW,5,
8/15/2026 5:00:00 PM,RTD,CVIS,06SLYSOL_G02,G,8/15/2026 4:01:00 PM,8/15/2026 5:00:00 PM,MAX_OPERATING_MW,5.85,
8/15/2026 5:00:00 PM,RTD,CVIS,06SLYSOL_G02,G,8/15/2026 4:01:00 PM,8/15/2026 5:00:00 PM,MIN_OPERATING_MW,5.85,
8/15/2026 5:00:00 PM,RTD,CVIS,06SLYSOL_G02,G,8/15/2026 5:01:00 PM,8/15/2026 6:00:00 PM,MAX_OPERATING_MW,1.81,
8/15/2026 5:00:00 PM,RTD,CVIS,06SLYSOL_G02,G,8/15/2026 5:01:00 PM,8/15/2026 6:00:00 PM,MIN_OPERATING_MW,1.81,
8/15/2026 5:00:00 PM,RTD,CVIS,06SLYSOL_G03,G,8/15/2026 4:01:00 PM,8/15/2026 5:00:00 PM,MAX_OPERATING_MW,3.42,
8/15/2026 5:00:00 PM,RTD,CVIS,06SLYSOL_G03,G,8/15/2026 4:01:00 PM,8/15/2026 5:00:00 PM,MIN_OPERATING_MW,3.42,
8/15/2026 5:00:00 PM,RTD,CVIS,06SLYSOL_G03,G,8/15/2026 5:01:00 PM,8/15/2026 6:00:00 PM,MAX_OPERATING_MW,1.04,
8/15/2026 5:00:00 PM,RTD,CVIS,06SLYSOL_G03,G,8/15/2026 5:01:00 PM,8/15/2026 6:00:00 PM,MIN_OPERATING_MW,1.04,
8/15/2026 5:00:00 PM,RTD,CMIN,10LIAN_G02,G,8/15/2026,8/15/2026 11:59:00 PM,MAX_OPERATING_MW,6.60,
8/15/2026 5:00:00 PM,RTD,CMIN,10LIAN_G02,G,8/15/2026,8/15/2026 11:59:00 PM,MIN_OPERATING_MW,6.60,
8/15/2026 5:00:00 PM,RTD,CMIN,14TANTASOL_G01,G,8/15/2026 4:01:00 PM,8/15/2026 5:00:00 PM,MAX_OPERATING_MW,10,
8/15/2026 5:00:00 PM,RTD,CMIN,14TANTASOL_G01,G,8/15/2026 4:01:00 PM,8/15/2026 5:00:00 PM,MIN_OPERATING_MW,10,
8/15/2026 5:00:00 PM,RTD,CMIN,14TANTASOL_G01,G,8/15/2026 5:01:00 PM,8/15/2026 6:00:00 PM,MAX_OPERATING_MW,8,
8/15/2026 5:00:00 PM,RTD,CMIN,14TANTASOL_G01,G,8/15/2026 5:01:00 PM,8/15/2026 6:00:00 PM,MIN_OPERATING_MW,8,
8/15/2026 5:05:00 PM,RTD,CLUZ,01BALWIND_G01,G,8/15/2026 12:16:00 PM,8/16/2026,MAX_OPERATING_MW,40,
8/15/2026 5:05:00 PM,RTD,CLUZ,01BALWIND_G01,G,8/15/2026 12:16:00 PM,8/16/2026,MIN_OPERATING_MW,40,
8/15/2026 5:05:00 PM,RTD,CLUZ,01BARBASOL_G01,G,8/15/2026 5:01:00 PM,8/15/2026 5:05:00 PM,MAX_OPERATING_MW,10.49,
8/15/2026 5:05:00 PM,RTD,CLUZ,01BARBASOL_G01,G,8/15/2026 5:01:00 PM,8/15/2026 5:05:00 PM,MIN_OPERATING_MW,10.49,
8/15/2026 5:05:00 PM,RTD,CLUZ,01BARBASOL_G01,G,8/15/2026 5:06:00 PM,8/15/2026 5:10:00 PM,MAX_OPERATING_MW,9.41,
8/15/2026 5:05:00 PM,RTD,CLUZ,01BARBASOL_G01,G,8/15/2026 5:06:00 PM,8/15/2026 5:10:00 PM,MIN_OPERATING_MW,9.41,
8/15/2026 5:05:00 PM,RTD,CLUZ,01BUGSOL_G01,G,8/15/2026 5:01:00 PM,8/15/2026 5:05:00 PM,MAX_OPERATING_MW,35.10,
8/15/2026 5:05:00 PM,RTD,CLUZ,01BUGSOL_G01,G,8/15/2026 5:01:00 PM,8/15/2026 5:05:00 PM,MIN_OPERATING_MW,35.10,
8/15/2026 5:05:00 PM,RTD,CLUZ,01BUGSOL_G01,G,8/15/2026 5:06:00 PM,8/15/2026 5:10:00 PM,MAX_OPERATING_MW,28.30,
8/15/2026 5:05:00 PM,RTD,CLUZ,01BUGSOL_G01,G,8/15/2026 5:06:00 PM,8/15/2026 5:10:00 PM,MIN_OPERATING_MW,28.30,
8/15/2026 5:05:00 PM,RTD,CLUZ,01BULACSOL_G01,G,8/15/2026 5:01:00 PM,8/15/2026 6:00:00 PM,MAX_OPERATING_MW,1.49,
8/15/2026 5:05:00 PM,RTD,CLUZ,01BULACSOL_G01,G,8/15/2026 5:01:00 PM,8/15/2026 6:00:00 PM,MIN_OPERATING_MW,1.49,
8/15/2026 5:05:00 PM,RTD,CLUZ,01CONSOL_G01,G,8/15/2026 5:01:00 PM,8/15/2026 5:05:00 PM,MAX_OPERATING_MW,11.91,
8/15/2026 5:05:00 PM,RTD,CLUZ,01CONSOL_G01,G,8/15/2026 5:01:00 PM,8/15/2026 5:05:00 PM,MIN_OPERATING_MW,11.91,
8/15/2026 5:05:00 PM,RTD,CLUZ,01CONSOL_G01,G,8/15/2026 5:06:00 PM,8/15/2026 5:10:00 PM,MAX_OPERATING_MW,10.67,
8/15/2026 5:05:00 PM,RTD,CLUZ,01CONSOL_G01,G,8/15/2026 5:06:00 PM,8/15/2026 5:10:00 PM,MIN_OPERATING_MW,10.67,
8/15/2026 5:05:00 PM,RTD,CLUZ,01PASBUSOL_G01,G,8/15/2026 5:01:00 PM,8/15/2026 6:00:00 PM,MAX_OPERATING_MW,2.83,
8/15/2026 5:05:00 PM,RTD,CLUZ,01PASBUSOL_G01,G,8/15/2026 5:01:00 PM,8/15/2026 6:00:00 PM,MIN_OPERATING_MW,2.83,
8/15/2026 5:05:00 PM,RTD,CLUZ,01TERRASOL_G01,G,8/15/2026 4:41:00 PM,8/15/2026 5:05:00 PM,MAX_OPERATING_MW,50,
8/15/2026 5:05:00 PM,RTD,CLUZ,01TERRASOL_G01,G,8/15/2026 4:41:00 PM,8/15/2026 5:05:00 PM,MIN_OPERATING_MW,50,
8/15/2026 5:05:00 PM,RTD,CLUZ,01TERRASOL_G01,G,8/15/2026 5:06:00 PM,8/15/2026 6:00:00 PM,MAX_OPERATING_MW,10,
8/15/2026 5:05:00 PM,RTD,CLUZ,01TERRASOL_G01,G,8/15/2026 5:06:00 PM,8/15/2026 6:00:00 PM,MIN_OPERATING_MW,10,
8/15/2026 5:05:00 PM,RTD,CLUZ,03LUMBSOL_G01,G,8/15/2026 5:01:00 PM,8/15/2026 5:05:00 PM,MAX_OPERATING_MW,7,
8/15/2026 5:05:00 PM,RTD,CLUZ,03LUMBSOL_G01,G,8/15/2026 5:01:00 PM,8/15/2026 5:05:00 PM,MIN_OPERATING_MW,7,
8/15/2026 5:05:00 PM,RTD,CLUZ,03LUMBSOL_G01,G,8/15/2026 5:06:00 PM,8/15/2026 5:10:00 PM,MAX_OPERATING_MW,7,
8/15/2026 5:05:00 PM,RTD,CLUZ,03LUMBSOL_G01,G,8/15/2026 5:06:00 PM,8/15/2026 5:10:00 PM,MIN_OPERATING_MW,7,
8/15/2026 5:05:00 PM,RTD,CLUZ,03LUNSOL_G01,G,8/15/2026 5:01:00 PM,8/15/2026 5:05:00 PM,MAX_OPERATING_MW,4.29,
8/15/2026 5:05:00 PM,RTD,CLUZ,03LUNSOL_G01,G,8/15/2026 5:01:00 PM,8/15/2026 5:05:00 PM,MIN_OPERATING_MW,4.29,
8/15/2026 5:05:00 PM,RTD,CLUZ,03LUNSOL_G01,G,8/15/2026 5:06:00 PM,8/15/2026 5:10:00 PM,MAX_OPERATING_MW,3.64,
8/15/2026 5:05:00 PM,RTD,CLUZ,03LUNSOL_G01,G,8/15/2026 5:06:00 PM,8/15/2026 5:10:00 PM,MIN_OPERATING_MW,3.64,
8/15/2026 5:05:00 PM,RTD,CLUZ,03TANWIND_G01,G,8/15/2026 5:01:00 PM,8/15/2026 5:05:00 PM,MAX_OPERATING_MW,4.50,
8/15/2026 5:05:00 PM,RTD,CLUZ,03TANWIND_G01,G,8/15/2026 5:01:00 PM,8/15/2026 5:05:00 PM,MIN_OPERATING_MW,4.50,
8/15/2026 5:05:00 PM,RTD,CLUZ,03TANWIND_G01,G,8/15/2026 5:06:00 PM,8/15/2026 5:10:00 PM,MAX_OPERATING_MW,4.50,
8/15/2026 5:05:00 PM,RTD,CLUZ,03TANWIND_G01,G,8/15/2026 5:06:00 PM,8/15/2026 5:10:00 PM,MIN_OPERATING_MW,4.50,
8/15/2026 5:05:00 PM,RTD,CVIS,04ISIDROSOL_G01,G,8/15/2026 5:01:00 PM,8/15/2026 6:00:00 PM,MAX_OPERATING_MW,5,
8/15/2026 5:05:00 PM,RTD,CVIS,04ISIDROSOL_G01,G,8/15/2026 5:01:00 PM,8/15/2026 6:00:00 PM,MIN_OPERATING_MW,5,
8/15/2026 5:05:00 PM,RTD,CVIS,06SLYSOL_G02,G,8/15/2026 5:01:00 PM,8/15/2026 6:00:00 PM,MAX_OPERATING_MW,1.81,
8/15/2026 5:05:00 PM,RTD,CVIS,06SLYSOL_G02,G,8/15/2026 5:01:00 PM,8/15/2026 6:00:00 PM,MIN_OPERATING_MW,1.81,
8/15/2026 5:05:00 PM,RTD,CVIS,06SLYSOL_G03,G,8/15/2026 5:01:00 PM,8/15/2026 6:00:00 PM,MAX_OPERATING_MW,1.04,
8/15/2026 5:05:00 PM,RTD,CVIS,06SLYSOL_G03,G,8/15/2026 5:01:00 PM,8/15/2026 6:00:00 PM,MIN_OPERATING_MW,1.04,
8/15/2026 5:05:00 PM,RTD,CMIN,10LIAN_G02,G,8/15/2026,8/15/2026 11:59:00 PM,MAX_OPERATING_MW,6.60,
8/15/2026 5:05:00 PM,RTD,CMIN,10LIAN_G02,G,8/15/2026,8/15/2026 11:59:00 PM,MIN_OPERATING_MW,6.60,
8/15/2026 5:05:00 PM,RTD,CMIN,14TANTASOL_G01,G,8/15/2026 5:01:00 PM,8/15/2026 6:00:00 PM,MAX_OPERATING_MW,8,
8/15/2026 5:05:00 PM,RTD,CMIN,14TANTASOL_G01,G,8/15/2026 5:01:00 PM,8/15/2026 6:00:00 PM,MIN_OPERATING_MW,8,
8/15/2026 5:10:00 PM,RTD,CLUZ,01BALWIND_G01,G,8/15/2026 12:16:00 PM,8/16/2026,MAX_OPERATING_MW,40,
8/15/2026 5:10:00 PM,RTD,CLUZ,01BALWIND_G01,G,8/15/2026 12:16:00 PM,8/16/2026,MIN_OPERATING_MW,40,
8/15/2026 5:10:00 PM,RTD,CLUZ,01BARBASOL_G01,G,8/15/2026 5:06:00 PM,8/15/2026 5:10:00 PM,MAX_OPERATING_MW,9.41,
8/15/2026 5:10:00 PM,RTD,CLUZ,01BARBASOL_G01,G,8/15/2026 5:06:00 PM,8/15/2026 5:10:00 PM,MIN_OPERATING_MW,9.41,
8/15/2026 5:10:00 PM,RTD,CLUZ,01BARBASOL_G01,G,8/15/2026 5:11:00 PM,8/15/2026 5:15:00 PM,MAX_OPERATING_MW,8.42,
8/15/2026 5:10:00 PM,RTD,CLUZ,01BARBASOL_G01,G,8/15/2026 5:11:00 PM,8/15/2026 5:15:00 PM,MIN_OPERATING_MW,8.42,
8/15/2026 5:10:00 PM,RTD,CLUZ,01BUGSOL_G01,G,8/15/2026 5:06:00 PM,8/15/2026 5:10:00 PM,MAX_OPERATING_MW,28.30,
8/15/2026 5:10:00 PM,RTD,CLUZ,01BUGSOL_G01,G,8/15/2026 5:06:00 PM,8/15/2026 5:10:00 PM,MIN_OPERATING_MW,28.30,
8/15/2026 5:10:00 PM,RTD,CLUZ,01BUGSOL_G01,G,8/15/2026 5:11:00 PM,8/15/2026 5:15:00 PM,MAX_OPERATING_MW,21.30,
8/15/2026 5:10:00 PM,RTD,CLUZ,01BUGSOL_G01,G,8/15/2026 5:11:00 PM,8/15/2026 5:15:00 PM,MIN_OPERATING_MW,21.30,
8/15/2026 5:10:00 PM,RTD,CLUZ,01BULACSOL_G01,G,8/15/2026 5:01:00 PM,8/15/2026 6:00:00 PM,MAX_OPERATING_MW,1.49,
8/15/2026 5:10:00 PM,RTD,CLUZ,01BULACSOL_G01,G,8/15/2026 5:01:00 PM,8/15/2026 6:00:00 PM,MIN_OPERATING_MW,1.49,
8/15/2026 5:10:00 PM,RTD,CLUZ,01CONSOL_G01,G,8/15/2026 5:06:00 PM,8/15/2026 5:10:00 PM,MAX_OPERATING_MW,10.67,
8/15/2026 5:10:00 PM,RTD,CLUZ,01CONSOL_G01,G,8/15/2026 5:06:00 PM,8/15/2026 5:10:00 PM,MIN_OPERATING_MW,10.67,
8/15/2026 5:10:00 PM,RTD,CLUZ,01CONSOL_G01,G,8/15/2026 5:11:00 PM,8/15/2026 5:15:00 PM,MAX_OPERATING_MW,9.48,
8/15/2026 5:10:00 PM,RTD,CLUZ,01CONSOL_G01,G,8/15/2026 5:11:00 PM,8/15/2026 5:15:00 PM,MIN_OPERATING_MW,9.48,
8/15/2026 5:10:00 PM,RTD,CLUZ,01PASBUSOL_G01,G,8/15/2026 5:01:00 PM,8/15/2026 6:00:00 PM,MAX_OPERATING_MW,2.83,
8/15/2026 5:10:00 PM,RTD,CLUZ,01PASBUSOL_G01,G,8/15/2026 5:01:00 PM,8/15/2026 6:00:00 PM,MIN_OPERATING_MW,2.83,
8/15/2026 5:10:00 PM,RTD,CLUZ,01TERRASOL_G01,G,8/15/2026 5:06:00 PM,8/15/2026 6:00:00 PM,MAX_OPERATING_MW,10,
8/15/2026 5:10:00 PM,RTD,CLUZ,01TERRASOL_G01,G,8/15/2026 5:06:00 PM,8/15/2026 6:00:00 PM,MIN_OPERATING_MW,10,
8/15/2026 5:10:00 PM,RTD,CLUZ,03LUMBSOL_G01,G,8/15/2026 5:06:00 PM,8/15/2026 5:10:00 PM,MAX_OPERATING_MW,7,
8/15/2026 5:10:00 PM,RTD,CLUZ,03LUMBSOL_G01,G,8/15/2026 5:06:00 PM,8/15/2026 5:10:00 PM,MIN_OPERATING_MW,7,
8/15/2026 5:10:00 PM,RTD,CLUZ,03LUMBSOL_G01,G,8/15/2026 5:11:00 PM,8/15/2026 5:15:00 PM,MAX_OPERATING_MW,7,
8/15/2026 5:10:00 PM,RTD,CLUZ,03LUMBSOL_G01,G,8/15/2026 5:11:00 PM,8/15/2026 5:15:00 PM,MIN_OPERATING_MW,7,
8/15/2026 5:10:00 PM,RTD,CLUZ,03LUNSOL_G01,G,8/15/2026 5:06:00 PM,8/15/2026 5:10:00 PM,MAX_OPERATING_MW,3.64,
8/15/2026 5:10:00 PM,RTD,CLUZ,03LUNSOL_G01,G,8/15/2026 5:06:00 PM,8/15/2026 5:10:00 PM,MIN_OPERATING_MW,3.64,
8/15/2026 5:10:00 PM,RTD,CLUZ,03LUNSOL_G01,G,8/15/2026 5:11:00 PM,8/15/2026 5:15:00 PM,MAX_OPERATING_MW,3.01,
8/15/2026 5:10:00 PM,RTD,CLUZ,03LUNSOL_G01,G,8/15/2026 5:11:00 PM,8/15/2026 5:15:00 PM,MIN_OPERATING_MW,3.01,
8/15/2026 5:10:00 PM,RTD,CLUZ,03TANWIND_G01,G,8/15/2026 5:06:00 PM,8/15/2026 5:10:00 PM,MAX_OPERATING_MW,4.50,
8/15/2026 5:10:00 PM,RTD,CLUZ,03TANWIND_G01,G,8/15/2026 5:06:00 PM,8/15/2026 5:10:00 PM,MIN_OPERATING_MW,4.50,
8/15/2026 5:10:00 PM,RTD,CLUZ,03TANWIND_G01,G,8/15/2026 5:11:00 PM,8/15/2026 5:15:00 PM,MAX_OPERATING_MW,4.50,
8/15/2026 5:10:00 PM,RTD,CLUZ,03TANWIND_G01,G,8/15/2026 5:11:00 PM,8/15/2026 5:15:00 PM,MIN_OPERATING_MW,4.50,
8/15/2026 5:10:00 PM,RTD,CVIS,04ISIDROSOL_G01,G,8/15/2026 5:01:00 PM,8/15/2026 6:00:00 PM,MAX_OPERATING_MW,5,
8/15/2026 5:10:00 PM,RTD,CVIS,04ISIDROSOL_G01,G,8/15/2026 5:01:00 PM,8/15/2026 6:00:00 PM,MIN_OPERATING_MW,5,
8/15/2026 5:10:00 PM,RTD,CVIS,06SLYSOL_G02,G,8/15/2026 5:01:00 PM,8/15/2026 6:00:00 PM,MAX_OPERATING_MW,1.81,
8/15/2026 5:10:00 PM,RTD,CVIS,06SLYSOL_G02,G,8/15/2026 5:01:00 PM,8/15/2026 6:00:00 PM,MIN_OPERATING_MW,1.81,
8/15/2026 5:10:00 PM,RTD,CVIS,06SLYSOL_G03,G,8/15/2026 5:01:00 PM,8/15/2026 6:00:00 PM,MAX_OPERATING_MW,1.04,
8/15/2026 5:10:00 PM,RTD,CVIS,06SLYSOL_G03,G,8/15/2026 5:01:00 PM,8/15/2026 6:00:00 PM,MIN_OPERATING_MW,1.04,
8/15/2026 5:10:00 PM,RTD,CMIN,10LIAN_G02,G,8/15/2026,8/15/2026 11:59:00 PM,MAX_OPERATING_MW,6.60,
8/15/2026 5:10:00 PM,RTD,CMIN,10LIAN_G02,G,8/15/2026,8/15/2026 11:59:00 PM,MIN_OPERATING_MW,6.60,
8/15/2026 5:10:00 PM,RTD,CMIN,14TANTASOL_G01,G,8/15/2026 5:01:00 PM,8/15/2026 6:00:00 PM,MAX_OPERATING_MW,8,
8/15/2026 5:10:00 PM,RTD,CMIN,14TANTASOL_G01,G,8/15/2026 5:01:00 PM,8/15/2026 6:00:00 PM,MIN_OPERATING_MW,8,
8/15/2026 5:15:00 PM,RTD,CLUZ,01BALWIND_G01,G,8/15/2026 12:16:00 PM,8/16/2026,MAX_OPERATING_MW,40,
8/15/2026 5:15:00 PM,RTD,CLUZ,01BALWIND_G01,G,8/15/2026 12:16:00 PM,8/16/2026,MIN_OPERATING_MW,40,
8/15/2026 5:15:00 PM,RTD,CLUZ,01BARBASOL_G01,G,8/15/2026 5:11:00 PM,8/15/2026 5:15:00 PM,MAX_OPERATING_MW,8.42,
8/15/2026 5:15:00 PM,RTD,CLUZ,01BARBASOL_G01,G,8/15/2026 5:11:00 PM,8/15/2026 5:15:00 PM,MIN_OPERATING_MW,8.42,
8/15/2026 5:15:00 PM,RTD,CLUZ,01BARBASOL_G01,G,8/15/2026 5:16:00 PM,8/15/2026 5:20:00 PM,MAX_OPERATING_MW,7.53,
8/15/2026 5:15:00 PM,RTD,CLUZ,01BARBASOL_G01,G,8/15/2026 5:16:00 PM,8/15/2026 5:20:00 PM,MIN_OPERATING_MW,7.53,
8/15/2026 5:15:00 PM,RTD,CLUZ,01BUGSOL_G01,G,8/15/2026 5:11:00 PM,8/15/2026 5:15:00 PM,MAX_OPERATING_MW,21.30,
8/15/2026 5:15:00 PM,RTD,CLUZ,01BUGSOL_G01,G,8/15/2026 5:11:00 PM,8/15/2026 5:15:00 PM,MIN_OPERATING_MW,21.30,
8/15/2026 5:15:00 PM,RTD,CLUZ,01BUGSOL_G01,G,8/15/2026 5:16:00 PM,8/15/2026 5:20:00 PM,MAX_OPERATING_MW,15.30,
8/15/2026 5:15:00 PM,RTD,CLUZ,01BUGSOL_G01,G,8/15/2026 5:16:00 PM,8/15/2026 5:20:00 PM,MIN_OPERATING_MW,15.30,
8/15/2026 5:15:00 PM,RTD,CLUZ,01BULACSOL_G01,G,8/15/2026 5:01:00 PM,8/15/2026 6:00:00 PM,MAX_OPERATING_MW,1.49,
8/15/2026 5:15:00 PM,RTD,CLUZ,01BULACSOL_G01,G,8/15/2026 5:01:00 PM,8/15/2026 6:00:00 PM,MIN_OPERATING_MW,1.49,
8/15/2026 5:15:00 PM,RTD,CLUZ,01CONSOL_G01,G,8/15/2026 5:11:00 PM,8/15/2026 5:15:00 PM,MAX_OPERATING_MW,9.48,
8/15/2026 5:15:00 PM,RTD,CLUZ,01CONSOL_G01,G,8/15/2026 5:11:00 PM,8/15/2026 5:15:00 PM,MIN_OPERATING_MW,9.48,
8/15/2026 5:15:00 PM,RTD,CLUZ,01CONSOL_G01,G,8/15/2026 5:16:00 PM,8/15/2026 5:20:00 PM,MAX_OPERATING_MW,8.08,
8/15/2026 5:15:00 PM,RTD,CLUZ,01CONSOL_G01,G,8/15/2026 5:16:00 PM,8/15/2026 5:20:00 PM,MIN_OPERATING_MW,8.08,
8/15/2026 5:15:00 PM,RTD,CLUZ,01PASBUSOL_G01,G,8/15/2026 5:01:00 PM,8/15/2026 6:00:00 PM,MAX_OPERATING_MW,2.83,
8/15/2026 5:15:00 PM,RTD,CLUZ,01PASBUSOL_G01,G,8/15/2026 5:01:00 PM,8/15/2026 6:00:00 PM,MIN_OPERATING_MW,2.83,
8/15/2026 5:15:00 PM,RTD,CLUZ,01TERRASOL_G01,G,8/15/2026 5:06:00 PM,8/15/2026 6:00:00 PM,MAX_OPERATING_MW,10,
8/15/2026 5:15:00 PM,RTD,CLUZ,01TERRASOL_G01,G,8/15/2026 5:06:00 PM,8/15/2026 6:00:00 PM,MIN_OPERATING_MW,10,
8/15/2026 5:15:00 PM,RTD,CLUZ,03LUMBSOL_G01,G,8/15/2026 5:11:00 PM,8/15/2026 5:15:00 PM,MAX_OPERATING_MW,7,
8/15/2026 5:15:00 PM,RTD,CLUZ,03LUMBSOL_G01,G,8/15/2026 5:11:00 PM,8/15/2026 5:15:00 PM,MIN_OPERATING_MW,7,
8/15/2026 5:15:00 PM,RTD,CLUZ,03LUMBSOL_G01,G,8/15/2026 5:16:00 PM,8/15/2026 5:20:00 PM,MAX_OPERATING_MW,7,
8/15/2026 5:15:00 PM,RTD,CLUZ,03LUMBSOL_G01,G,8/15/2026 5:16:00 PM,8/15/2026 5:20:00 PM,MIN_OPERATING_MW,7,
8/15/2026 5:15:00 PM,RTD,CLUZ,03LUNSOL_G01,G,8/15/2026 5:11:00 PM,8/15/2026 5:15:00 PM,MAX_OPERATING_MW,3.01,
8/15/2026 5:15:00 PM,RTD,CLUZ,03LUNSOL_G01,G,8/15/2026 5:11:00 PM,8/15/2026 5:15:00 PM,MIN_OPERATING_MW,3.01,
8/15/2026 5:15:00 PM,RTD,CLUZ,03LUNSOL_G01,G,8/15/2026 5:16:00 PM,8/15/2026 5:20:00 PM,MAX_OPERATING_MW,2.40,
8/15/2026 5:15:00 PM,RTD,CLUZ,03LUNSOL_G01,G,8/15/2026 5:16:00 PM,8/15/2026 5:20:00 PM,MIN_OPERATING_MW,2.40,
8/15/2026 5:15:00 PM,RTD,CLUZ,03TANWIND_G01,G,8/15/2026 5:11:00 PM,8/15/2026 5:15:00 PM,MAX_OPERATING_MW,4.50,
8/15/2026 5:15:00 PM,RTD,CLUZ,03TANWIND_G01,G,8/15/2026 5:11:00 PM,8/15/2026 5:15:00 PM,MIN_OPERATING_MW,4.50,
8/15/2026 5:15:00 PM,RTD,CLUZ,03TANWIND_G01,G,8/15/2026 5:16:00 PM,8/15/2026 5:20:00 PM,MAX_OPERATING_MW,4.50,
8/15/2026 5:15:00 PM,RTD,CLUZ,03TANWIND_G01,G,8/15/2026 5:16:00 PM,8/15/2026 5:20:00 PM,MIN_OPERATING_MW,4.50,
8/15/2026 5:15:00 PM,RTD,CVIS,04ISIDROSOL_G01,G,8/15/2026 5:01:00 PM,8/15/2026 6:00:00 PM,MAX_OPERATING_MW,5,
8/15/2026 5:15:00 PM,RTD,CVIS,04ISIDROSOL_G01,G,8/15/2026 5:01:00 PM,8/15/2026 6:00:00 PM,MIN_OPERATING_MW,5,
8/15/2026 5:15:00 PM,RTD,CVIS,06SLYSOL_G02,G,8/15/2026 5:01:00 PM,8/15/2026 6:00:00 PM,MAX_OPERATING_MW,1.81,
8/15/2026 5:15:00 PM,RTD,CVIS,06SLYSOL_G02,G,8/15/2026 5:01:00 PM,8/15/2026 6:00:00 PM,MIN_OPERATING_MW,1.81,
8/15/2026 5:15:00 PM,RTD,CVIS,06SLYSOL_G03,G,8/15/2026 5:01:00 PM,8/15/2026 6:00:00 PM,MAX_OPERATING_MW,1.04,
8/15/2026 5:15:00 PM,RTD,CVIS,06SLYSOL_G03,G,8/15/2026 5:01:00 PM,8/15/2026 6:00:00 PM,MIN_OPERATING_MW,1.04,
8/15/2026 5:15:00 PM,RTD,CMIN,10LIAN_G02,G,8/15/2026,8/15/2026 11:59:00 PM,MAX_OPERATING_MW,6.60,
8/15/2026 5:15:00 PM,RTD,CMIN,10LIAN_G02,G,8/15/2026,8/15/2026 11:59:00 PM,MIN_OPERATING_MW,6.60,
8/15/2026 5:15:00 PM,RTD,CMIN,14TANTASOL_G01,G,8/15/2026 5:01:00 PM,8/15/2026 6:00:00 PM,MAX_OPERATING_MW,8,
8/15/2026 5:15:00 PM,RTD,CMIN,14TANTASOL_G01,G,8/15/2026 5:01:00 PM,8/15/2026 6:00:00 PM,MIN_OPERATING_MW,8,
8/15/2026 5:20:00 PM,RTD,CLUZ,01BALWIND_G01,G,8/15/2026 12:16:00 PM,8/16/2026,MAX_OPERATING_MW,40,
8/15/2026 5:20:00 PM,RTD,CLUZ,01BALWIND_G01,G,8/15/2026 12:16:00 PM,8/16/2026,MIN_OPERATING_MW,40,
8/15/2026 5:20:00 PM,RTD,CLUZ,01BARBASOL_G01,G,8/15/2026 5:16:00 PM,8/15/2026 5:20:00 PM,MAX_OPERATING_MW,7.53,
8/15/2026 5:20:00 PM,RTD,CLUZ,01BARBASOL_G01,G,8/15/2026 5:16:00 PM,8/15/2026 5:20:00 PM,MIN_OPERATING_MW,7.53,
8/15/2026 5:20:00 PM,RTD,CLUZ,01BARBASOL_G01,G,8/15/2026 5:21:00 PM,8/15/2026 5:25:00 PM,MAX_OPERATING_MW,6.71,
8/15/2026 5:20:00 PM,RTD,CLUZ,01BARBASOL_G01,G,8/15/2026 5:21:00 PM,8/15/2026 5:25:00 PM,MIN_OPERATING_MW,6.71,
8/15/2026 5:20:00 PM,RTD,CLUZ,01BUGSOL_G01,G,8/15/2026 5:16:00 PM,8/15/2026 5:20:00 PM,MAX_OPERATING_MW,15.30,
8/15/2026 5:20:00 PM,RTD,CLUZ,01BUGSOL_G01,G,8/15/2026 5:16:00 PM,8/15/2026 5:20:00 PM,MIN_OPERATING_MW,15.30,
8/15/2026 5:20:00 PM,RTD,CLUZ,01BUGSOL_G01,G,8/15/2026 5:21:00 PM,8/15/2026 5:25:00 PM,MAX_OPERATING_MW,10.30,
8/15/2026 5:20:00 PM,RTD,CLUZ,01BUGSOL_G01,G,8/15/2026 5:21:00 PM,8/15/2026 5:25:00 PM,MIN_OPERATING_MW,10.30,
8/15/2026 5:20:00 PM,RTD,CLUZ,01BULACSOL_G01,G,8/15/2026 5:01:00 PM,8/15/2026 6:00:00 PM,MAX_OPERATING_MW,1.49,
8/15/2026 5:20:00 PM,RTD,CLUZ,01BULACSOL_G01,G,8/15/2026 5:01:00 PM,8/15/2026 6:00:00 PM,MIN_OPERATING_MW,1.49,
8/15/2026 5:20:00 PM,RTD,CLUZ,01CONSOL_G01,G,8/15/2026 5:16:00 PM,8/15/2026 5:20:00 PM,MAX_OPERATING_MW,8.08,
8/15/2026 5:20:00 PM,RTD,CLUZ,01CONSOL_G01,G,8/15/2026 5:16:00 PM,8/15/2026 5:20:00 PM,MIN_OPERATING_MW,8.08,
8/15/2026 5:20:00 PM,RTD,CLUZ,01CONSOL_G01,G,8/15/2026 5:21:00 PM,8/15/2026 5:25:00 PM,MAX_OPERATING_MW,6.60,
8/15/2026 5:20:00 PM,RTD,CLUZ,01CONSOL_G01,G,8/15/2026 5:21:00 PM,8/15/2026 5:25:00 PM,MIN_OPERATING_MW,6.60,
8/15/2026 5:20:00 PM,RTD,CLUZ,01PASBUSOL_G01,G,8/15/2026 5:01:00 PM,8/15/2026 6:00:00 PM,MAX_OPERATING_MW,2.83,
8/15/2026 5:20:00 PM,RTD,CLUZ,01PASBUSOL_G01,G,8/15/2026 5:01:00 PM,8/15/2026 6:00:00 PM,MIN_OPERATING_MW,2.83,
8/15/2026 5:20:00 PM,RTD,CLUZ,01TERRASOL_G01,G,8/15/2026 5:06:00 PM,8/15/2026 6:00:00 PM,MAX_OPERATING_MW,10,
8/15/2026 5:20:00 PM,RTD,CLUZ,01TERRASOL_G01,G,8/15/2026 5:06:00 PM,8/15/2026 6:00:00 PM,MIN_OPERATING_MW,10,
8/15/2026 5:20:00 PM,RTD,CLUZ,03LUMBSOL_G01,G,8/15/2026 5:16:00 PM,8/15/2026 5:20:00 PM,MAX_OPERATING_MW,7,
8/15/2026 5:20:00 PM,RTD,CLUZ,03LUMBSOL_G01,G,8/15/2026 5:16:00 PM,8/15/2026 5:20:00 PM,MIN_OPERATING_MW,7,
8/15/2026 5:20:00 PM,RTD,CLUZ,03LUMBSOL_G01,G,8/15/2026 5:21:00 PM,8/15/2026 5:25:00 PM,MAX_OPERATING_MW,7,
8/15/2026 5:20:00 PM,RTD,CLUZ,03LUMBSOL_G01,G,8/15/2026 5:21:00 PM,8/15/2026 5:25:00 PM,MIN_OPERATING_MW,7,
8/15/2026 5:20:00 PM,RTD,CLUZ,03LUNSOL_G01,G,8/15/2026 5:16:00 PM,8/15/2026 5:20:00 PM,MAX_OPERATING_MW,2.40,
8/15/2026 5:20:00 PM,RTD,CLUZ,03LUNSOL_G01,G,8/15/2026 5:16:00 PM,8/15/2026 5:20:00 PM,MIN_OPERATING_MW,2.40,
8/15/2026 5:20:00 PM,RTD,CLUZ,03LUNSOL_G01,G,8/15/2026 5:21:00 PM,8/15/2026 5:25:00 PM,MAX_OPERATING_MW,1.83,
8/15/2026 5:20:00 PM,RTD,CLUZ,03LUNSOL_G01,G,8/15/2026 5:21:00 PM,8/15/2026 5:25:00 PM,MIN_OPERATING_MW,1.83,
8/15/2026 5:20:00 PM,RTD,CLUZ,03TANWIND_G01,G,8/15/2026 5:16:00 PM,8/15/2026 5:20:00 PM,MAX_OPERATING_MW,4.50,
8/15/2026 5:20:00 PM,RTD,CLUZ,03TANWIND_G01,G,8/15/2026 5:16:00 PM,8/15/2026 5:20:00 PM,MIN_OPERATING_MW,4.50,
8/15/2026 5:20:00 PM,RTD,CLUZ,03TANWIND_G01,G,8/15/2026 5:21:00 PM,8/15/2026 5:25:00 PM,MAX_OPERATING_MW,4.50,
8/15/2026 5:20:00 PM,RTD,CLUZ,03TANWIND_G01,G,8/15/2026 5:21:00 PM,8/15/2026 5:25:00 PM,MIN_OPERATING_MW,4.50,
8/15/2026 5:20:00 PM,RTD,CVIS,04ISIDROSOL_G01,G,8/15/2026 5:01:00 PM,8/15/2026 6:00:00 PM,MAX_OPERATING_MW,5,
8/15/2026 5:20:00 PM,RTD,CVIS,04ISIDROSOL_G01,G,8/15/2026 5:01:00 PM,8/15/2026 6:00:00 PM,MIN_OPERATING_MW,5,
8/15/2026 5:20:00 PM,RTD,CVIS,06SLYSOL_G02,G,8/15/2026 5:01:00 PM,8/15/2026 6:00:00 PM,MAX_OPERATING_MW,1.81,
8/15/2026 5:20:00 PM,RTD,CVIS,06SLYSOL_G02,G,8/15/2026 5:01:00 PM,8/15/2026 6:00:00 PM,MIN_OPERATING_MW,1.81,
8/15/2026 5:20:00 PM,RTD,CVIS,06SLYSOL_G03,G,8/15/2026 5:01:00 PM,8/15/2026 6:00:00 PM,MAX_OPERATING_MW,1.04,
8/15/2026 5:20:00 PM,RTD,CVIS,06SLYSOL_G03,G,8/15/2026 5:01:00 PM,8/15/2026 6:00:00 PM,MIN_OPERATING_MW,1.04,
8/15/2026 5:20:00 PM,RTD,CMIN,10LIAN_G02,G,8/15/2026,8/15/2026 11:59:00 PM,MAX_OPERATING_MW,6.60,
8/15/2026 5:20:00 PM,RTD,CMIN,10LIAN_G02,G,8/15/2026,8/15/2026 11:59:00 PM,MIN_OPERATING_MW,6.60,
8/15/2026 5:20:00 PM,RTD,CMIN,14TANTASOL_G01,G,8/15/2026 5:01:00 PM,8/15/2026 6:00:00 PM,MAX_OPERATING_MW,8,
8/15/2026 5:20:00 PM,RTD,CMIN,14TANTASOL_G01,G,8/15/2026 5:01:00 PM,8/15/2026 6:00:00 PM,MIN_OPERATING_MW,8,
8/15/2026 5:25:00 PM,RTD,CLUZ,01BALWIND_G01,G,8/15/2026 12:16:00 PM,8/16/2026,MAX_OPERATING_MW,40,
8/15/2026 5:25:00 PM,RTD,CLUZ,01BALWIND_G01,G,8/15/2026 12:16:00 PM,8/16/2026,MIN_OPERATING_MW,40,
8/15/2026 5:25:00 PM,RTD,CLUZ,01BARBASOL_G01,G,8/15/2026 5:21:00 PM,8/15/2026 5:25:00 PM,MAX_OPERATING_MW,6.71,
8/15/2026 5:25:00 PM,RTD,CLUZ,01BARBASOL_G01,G,8/15/2026 5:21:00 PM,8/15/2026 5:25:00 PM,MIN_OPERATING_MW,6.71,
8/15/2026 5:25:00 PM,RTD,CLUZ,01BARBASOL_G01,G,8/15/2026 5:26:00 PM,8/15/2026 5:30:00 PM,MAX_OPERATING_MW,5.97,
8/15/2026 5:25:00 PM,RTD,CLUZ,01BARBASOL_G01,G,8/15/2026 5:26:00 PM,8/15/2026 5:30:00 PM,MIN_OPERATING_MW,5.97,
8/15/2026 5:25:00 PM,RTD,CLUZ,01BUGSOL_G01,G,8/15/2026 5:21:00 PM,8/15/2026 5:25:00 PM,MAX_OPERATING_MW,10.30,
8/15/2026 5:25:00 PM,RTD,CLUZ,01BUGSOL_G01,G,8/15/2026 5:21:00 PM,8/15/2026 5:25:00 PM,MIN_OPERATING_MW,10.30,
8/15/2026 5:25:00 PM,RTD,CLUZ,01BUGSOL_G01,G,8/15/2026 5:26:00 PM,8/15/2026 5:30:00 PM,MAX_OPERATING_MW,8,
8/15/2026 5:25:00 PM,RTD,CLUZ,01BUGSOL_G01,G,8/15/2026 5:26:00 PM,8/15/2026 5:30:00 PM,MIN_OPERATING_MW,8,
8/15/2026 5:25:00 PM,RTD,CLUZ,01BULACSOL_G01,G,8/15/2026 5:01:00 PM,8/15/2026 6:00:00 PM,MAX_OPERATING_MW,1.49,
8/15/2026 5:25:00 PM,RTD,CLUZ,01BULACSOL_G01,G,8/15/2026 5:01:00 PM,8/15/2026 6:00:00 PM,MIN_OPERATING_MW,1.49,
8/15/2026 5:25:00 PM,RTD,CLUZ,01CONSOL_G01,G,8/15/2026 5:21:00 PM,8/15/2026 5:25:00 PM,MAX_OPERATING_MW,6.60,
8/15/2026 5:25:00 PM,RTD,CLUZ,01CONSOL_G01,G,8/15/2026 5:21:00 PM,8/15/2026 5:25:00 PM,MIN_OPERATING_MW,6.60,
8/15/2026 5:25:00 PM,RTD,CLUZ,01CONSOL_G01,G,8/15/2026 5:26:00 PM,8/15/2026 5:30:00 PM,MAX_OPERATING_MW,5.26,
8/15/2026 5:25:00 PM,RTD,CLUZ,01CONSOL_G01,G,8/15/2026 5:26:00 PM,8/15/2026 5:30:00 PM,MIN_OPERATING_MW,5.26,
8/15/2026 5:25:00 PM,RTD,CLUZ,01PASBUSOL_G01,G,8/15/2026 5:01:00 PM,8/15/2026 6:00:00 PM,MAX_OPERATING_MW,2.83,
8/15/2026 5:25:00 PM,RTD,CLUZ,01PASBUSOL_G01,G,8/15/2026 5:01:00 PM,8/15/2026 6:00:00 PM,MIN_OPERATING_MW,2.83,
8/15/2026 5:25:00 PM,RTD,CLUZ,01TERRASOL_G01,G,8/15/2026 5:06:00 PM,8/15/2026 6:00:00 PM,MAX_OPERATING_MW,10,
8/15/2026 5:25:00 PM,RTD,CLUZ,01TERRASOL_G01,G,8/15/2026 5:06:00 PM,8/15/2026 6:00:00 PM,MIN_OPERATING_MW,10,
8/15/2026 5:25:00 PM,RTD,CLUZ,03LUMBSOL_G01,G,8/15/2026 5:21:00 PM,8/15/2026 5:25:00 PM,MAX_OPERATING_MW,7,
8/15/2026 5:25:00 PM,RTD,CLUZ,03LUMBSOL_G01,G,8/15/2026 5:21:00 PM,8/15/2026 5:25:00 PM,MIN_OPERATING_MW,7,
8/15/2026 5:25:00 PM,RTD,CLUZ,03LUMBSOL_G01,G,8/15/2026 5:26:00 PM,8/15/2026 5:30:00 PM,MAX_OPERATING_MW,7,
8/15/2026 5:25:00 PM,RTD,CLUZ,03LUMBSOL_G01,G,8/15/2026 5:26:00 PM,8/15/2026 5:30:00 PM,MIN_OPERATING_MW,7,
8/15/2026 5:25:00 PM,RTD,CLUZ,03LUNSOL_G01,G,8/15/2026 5:21:00 PM,8/15/2026 5:25:00 PM,MAX_OPERATING_MW,1.83,
8/15/2026 5:25:00 PM,RTD,CLUZ,03LUNSOL_G01,G,8/15/2026 5:21:00 PM,8/15/2026 5:25:00 PM,MIN_OPERATING_MW,1.83,
8/15/2026 5:25:00 PM,RTD,CLUZ,03LUNSOL_G01,G,8/15/2026 5:26:00 PM,8/15/2026 5:30:00 PM,MAX_OPERATING_MW,1.32,
8/15/2026 5:25:00 PM,RTD,CLUZ,03LUNSOL_G01,G,8/15/2026 5:26:00 PM,8/15/2026 5:30:00 PM,MIN_OPERATING_MW,1.32,
8/15/2026 5:25:00 PM,RTD,CLUZ,03TANWIND_G01,G,8/15/2026 5:21:00 PM,8/15/2026 5:25:00 PM,MAX_OPERATING_MW,4.50,
8/15/2026 5:25:00 PM,RTD,CLUZ,03TANWIND_G01,G,8/15/2026 5:21:00 PM,8/15/2026 5:25:00 PM,MIN_OPERATING_MW,4.50,
8/15/2026 5:25:00 PM,RTD,CLUZ,03TANWIND_G01,G,8/15/2026 5:26:00 PM,8/15/2026 5:30:00 PM,MAX_OPERATING_MW,4.50,
8/15/2026 5:25:00 PM,RTD,CLUZ,03TANWIND_G01,G,8/15/2026 5:26:00 PM,8/15/2026 5:30:00 PM,MIN_OPERATING_MW,4.50,
8/15/2026 5:25:00 PM,RTD,CVIS,04ISIDROSOL_G01,G,8/15/2026 5:01:00 PM,8/15/2026 6:00:00 PM,MAX_OPERATING_MW,5,
8/15/2026 5:25:00 PM,RTD,CVIS,04ISIDROSOL_G01,G,8/15/2026 5:01:00 PM,8/15/2026 6:00:00 PM,MIN_OPERATING_MW,5,
8/15/2026 5:25:00 PM,RTD,CVIS,06SLYSOL_G02,G,8/15/2026 5:01:00 PM,8/15/2026 6:00:00 PM,MAX_OPERATING_MW,1.81,
8/15/2026 5:25:00 PM,RTD,CVIS,06SLYSOL_G02,G,8/15/2026 5:01:00 PM,8/15/2026 6:00:00 PM,MIN_OPERATING_MW,1.81,
8/15/2026 5:25:00 PM,RTD,CVIS,06SLYSOL_G03,G,8/15/2026 5:01:00 PM,8/15/2026 6:00:00 PM,MAX_OPERATING_MW,1.04,
8/15/2026 5:25:00 PM,RTD,CVIS,06SLYSOL_G03,G,8/15/2026 5:01:00 PM,8/15/2026 6:00:00 PM,MIN_OPERATING_MW,1.04,
8/15/2026 5:25:00 PM,RTD,CMIN,10LIAN_G02,G,8/15/2026,8/15/2026 11:59:00 PM,MAX_OPERATING_MW,6.60,
8/15/2026 5:25:00 PM,RTD,CMIN,10LIAN_G02,G,8/15/2026,8/15/2026 11:59:00 PM,MIN_OPERATING_MW,6.60,
8/15/2026 5:25:00 PM,RTD,CMIN,14TANTASOL_G01,G,8/15/2026 5:01:00 PM,8/15/2026 6:00:00 PM,MAX_OPERATING_MW,8,
8/15/2026 5:25:00 PM,RTD,CMIN,14TANTASOL_G01,G,8/15/2026 5:01:00 PM,8/15/2026 6:00:00 PM,MIN_OPERATING_MW,8,
8/15/2026 5:30:00 PM,RTD,CLUZ,01BALWIND_G01,G,8/15/2026 12:16:00 PM,8/16/2026,MAX_OPERATING_MW,40,
8/15/2026 5:30:00 PM,RTD,CLUZ,01BALWIND_G01,G,8/15/2026 12:16:00 PM,8/16/2026,MIN_OPERATING_MW,40,
8/15/2026 5:30:00 PM,RTD,CLUZ,01BARBASOL_G01,G,8/15/2026 5:26:00 PM,8/15/2026 5:30:00 PM,MAX_OPERATING_MW,5.97,
8/15/2026 5:30:00 PM,RTD,CLUZ,01BARBASOL_G01,G,8/15/2026 5:26:00 PM,8/15/2026 5:30:00 PM,MIN_OPERATING_MW,5.97,
8/15/2026 5:30:00 PM,RTD,CLUZ,01BARBASOL_G01,G,8/15/2026 5:31:00 PM,8/15/2026 5:35:00 PM,MAX_OPERATING_MW,5.28,
8/15/2026 5:30:00 PM,RTD,CLUZ,01BARBASOL_G01,G,8/15/2026 5:31:00 PM,8/15/2026 5:35:00 PM,MIN_OPERATING_MW,5.28,
8/15/2026 5:30:00 PM,RTD,CLUZ,01BUGSOL_G01,G,8/15/2026 5:26:00 PM,8/15/2026 5:30:00 PM,MAX_OPERATING_MW,8,
8/15/2026 5:30:00 PM,RTD,CLUZ,01BUGSOL_G01,G,8/15/2026 5:26:00 PM,8/15/2026 5:30:00 PM,MIN_OPERATING_MW,8,
8/15/2026 5:30:00 PM,RTD,CLUZ,01BUGSOL_G01,G,8/15/2026 5:31:00 PM,8/15/2026 5:35:00 PM,MAX_OPERATING_MW,7.10,
8/15/2026 5:30:00 PM,RTD,CLUZ,01BUGSOL_G01,G,8/15/2026 5:31:00 PM,8/15/2026 5:35:00 PM,MIN_OPERATING_MW,7.10,
8/15/2026 5:30:00 PM,RTD,CLUZ,01BULACSOL_G01,G,8/15/2026 5:01:00 PM,8/15/2026 6:00:00 PM,MAX_OPERATING_MW,1.49,
8/15/2026 5:30:00 PM,RTD,CLUZ,01BULACSOL_G01,G,8/15/2026 5:01:00 PM,8/15/2026 6:00:00 PM,MIN_OPERATING_MW,1.49,
8/15/2026 5:30:00 PM,RTD,CLUZ,01CONSOL_G01,G,8/15/2026 5:26:00 PM,8/15/2026 5:30:00 PM,MAX_OPERATING_MW,5.26,
8/15/2026 5:30:00 PM,RTD,CLUZ,01CONSOL_G01,G,8/15/2026 5:26:00 PM,8/15/2026 5:30:00 PM,MIN_OPERATING_MW,5.26,
8/15/2026 5:30:00 PM,RTD,CLUZ,01CONSOL_G01,G,8/15/2026 5:31:00 PM,8/15/2026 5:35:00 PM,MAX_OPERATING_MW,4.07,
8/15/2026 5:30:00 PM,RTD,CLUZ,01CONSOL_G01,G,8/15/2026 5:31:00 PM,8/15/2026 5:35:00 PM,MIN_OPERATING_MW,4.07,
8/15/2026 5:30:00 PM,RTD,CLUZ,01PASBUSOL_G01,G,8/15/2026 5:01:00 PM,8/15/2026 6:00:00 PM,MAX_OPERATING_MW,2.83,
8/15/2026 5:30:00 PM,RTD,CLUZ,01PASBUSOL_G01,G,8/15/2026 5:01:00 PM,8/15/2026 6:00:00 PM,MIN_OPERATING_MW,2.83,
8/15/2026 5:30:00 PM,RTD,CLUZ,01TERRASOL_G01,G,8/15/2026 5:06:00 PM,8/15/2026 6:00:00 PM,MAX_OPERATING_MW,10,
8/15/2026 5:30:00 PM,RTD,CLUZ,01TERRASOL_G01,G,8/15/2026 5:06:00 PM,8/15/2026 6:00:00 PM,MIN_OPERATING_MW,10,
8/15/2026 5:30:00 PM,RTD,CLUZ,03LUMBSOL_G01,G,8/15/2026 5:26:00 PM,8/15/2026 5:30:00 PM,MAX_OPERATING_MW,7,
8/15/2026 5:30:00 PM,RTD,CLUZ,03LUMBSOL_G01,G,8/15/2026 5:26:00 PM,8/15/2026 5:30:00 PM,MIN_OPERATING_MW,7,
8/15/2026 5:30:00 PM,RTD,CLUZ,03LUMBSOL_G01,G,8/15/2026 5:31:00 PM,8/15/2026 5:35:00 PM,MAX_OPERATING_MW,5,
8/15/2026 5:30:00 PM,RTD,CLUZ,03LUMBSOL_G01,G,8/15/2026 5:31:00 PM,8/15/2026 5:35:00 PM,MIN_OPERATING_MW,5,
8/15/2026 5:30:00 PM,RTD,CLUZ,03LUNSOL_G01,G,8/15/2026 5:26:00 PM,8/15/2026 5:30:00 PM,MAX_OPERATING_MW,1.32,
8/15/2026 5:30:00 PM,RTD,CLUZ,03LUNSOL_G01,G,8/15/2026 5:26:00 PM,8/15/2026 5:30:00 PM,MIN_OPERATING_MW,1.32,
8/15/2026 5:30:00 PM,RTD,CLUZ,03LUNSOL_G01,G,8/15/2026 5:31:00 PM,8/15/2026 5:35:00 PM,MAX_OPERATING_MW,0.87,
8/15/2026 5:30:00 PM,RTD,CLUZ,03LUNSOL_G01,G,8/15/2026 5:31:00 PM,8/15/2026 5:35:00 PM,MIN_OPERATING_MW,0.87,
8/15/2026 5:30:00 PM,RTD,CLUZ,03TANWIND_G01,G,8/15/2026 5:26:00 PM,8/15/2026 5:30:00 PM,MAX_OPERATING_MW,4.50,
8/15/2026 5:30:00 PM,RTD,CLUZ,03TANWIND_G01,G,8/15/2026 5:26:00 PM,8/15/2026 5:30:00 PM,MIN_OPERATING_MW,4.50,
8/15/2026 5:30:00 PM,RTD,CLUZ,03TANWIND_G01,G,8/15/2026 5:31:00 PM,8/15/2026 5:35:00 PM,MAX_OPERATING_MW,4.50,
8/15/2026 5:30:00 PM,RTD,CLUZ,03TANWIND_G01,G,8/15/2026 5:31:00 PM,8/15/2026 5:35:00 PM,MIN_OPERATING_MW,4.50,
8/15/2026 5:30:00 PM,RTD,CVIS,04ISIDROSOL_G01,G,8/15/2026 5:01:00 PM,8/15/2026 6:00:00 PM,MAX_OPERATING_MW,5,
8/15/2026 5:30:00 PM,RTD,CVIS,04ISIDROSOL_G01,G,8/15/2026 5:01:00 PM,8/15/2026 6:00:00 PM,MIN_OPERATING_MW,5,
8/15/2026 5:30:00 PM,RTD,CVIS,06SLYSOL_G02,G,8/15/2026 5:01:00 PM,8/15/2026 6:00:00 PM,MAX_OPERATING_MW,1.81,
8/15/2026 5:30:00 PM,RTD,CVIS,06SLYSOL_G02,G,8/15/2026 5:01:00 PM,8/15/2026 6:00:00 PM,MIN_OPERATING_MW,1.81,
8/15/2026 5:30:00 PM,RTD,CVIS,06SLYSOL_G03,G,8/15/2026 5:01:00 PM,8/15/2026 6:00:00 PM,MAX_OPERATING_MW,1.04,
8/15/2026 5:30:00 PM,RTD,CVIS,06SLYSOL_G03,G,8/15/2026 5:01:00 PM,8/15/2026 6:00:00 PM,MIN_OPERATING_MW,1.04,
8/15/2026 5:30:00 PM,RTD,CMIN,10LIAN_G02,G,8/15/2026,8/15/2026 11:59:00 PM,MAX_OPERATING_MW,6.60,
8/15/2026 5:30:00 PM,RTD,CMIN,10LIAN_G02,G,8/15/2026,8/15/2026 11:59:00 PM,MIN_OPERATING_MW,6.60,
8/15/2026 5:30:00 PM,RTD,CMIN,14TANTASOL_G01,G,8/15/2026 5:01:00 PM,8/15/2026 6:00:00 PM,MAX_OPERATING_MW,8,
8/15/2026 5:30:00 PM,RTD,CMIN,14TANTASOL_G01,G,8/15/2026 5:01:00 PM,8/15/2026 6:00:00 PM,MIN_OPERATING_MW,8,
8/15/2026 5:35:00 PM,RTD,CLUZ,01BALWIND_G01,G,8/15/2026 12:16:00 PM,8/16/2026,MAX_OPERATING_MW,40,
8/15/2026 5:35:00 PM,RTD,CLUZ,01BALWIND_G01,G,8/15/2026 12:16:00 PM,8/16/2026,MIN_OPERATING_MW,40,
8/15/2026 5:35:00 PM,RTD,CLUZ,01BARBASOL_G01,G,8/15/2026 5:31:00 PM,8/15/2026 5:35:00 PM,MAX_OPERATING_MW,5.28,
8/15/2026 5:35:00 PM,RTD,CLUZ,01BARBASOL_G01,G,8/15/2026 5:31:00 PM,8/15/2026 5:35:00 PM,MIN_OPERATING_MW,5.28,
8/15/2026 5:35:00 PM,RTD,CLUZ,01BARBASOL_G01,G,8/15/2026 5:36:00 PM,8/15/2026 5:40:00 PM,MAX_OPERATING_MW,4.64,
8/15/2026 5:35:00 PM,RTD,CLUZ,01BARBASOL_G01,G,8/15/2026 5:36:00 PM,8/15/2026 5:40:00 PM,MIN_OPERATING_MW,4.64,
8/15/2026 5:35:00 PM,RTD,CLUZ,01BUGSOL_G01,G,8/15/2026 5:31:00 PM,8/15/2026 5:35:00 PM,MAX_OPERATING_MW,7.10,
8/15/2026 5:35:00 PM,RTD,CLUZ,01BUGSOL_G01,G,8/15/2026 5:31:00 PM,8/15/2026 5:35:00 PM,MIN_OPERATING_MW,7.10,
8/15/2026 5:35:00 PM,RTD,CLUZ,01BUGSOL_G01,G,8/15/2026 5:36:00 PM,8/15/2026 5:40:00 PM,MAX_OPERATING_MW,6.40,
8/15/2026 5:35:00 PM,RTD,CLUZ,01BUGSOL_G01,G,8/15/2026 5:36:00 PM,8/15/2026 5:40:00 PM,MIN_OPERATING_MW,6.40,
8/15/2026 5:35:00 PM,RTD,CLUZ,01BULACSOL_G01,G,8/15/2026 5:01:00 PM,8/15/2026 6:00:00 PM,MAX_OPERATING_MW,1.49,
8/15/2026 5:35:00 PM,RTD,CLUZ,01BULACSOL_G01,G,8/15/2026 5:01:00 PM,8/15/2026 6:00:00 PM,MIN_OPERATING_MW,1.49,
8/15/2026 5:35:00 PM,RTD,CLUZ,01CONSOL_G01,G,8/15/2026 5:31:00 PM,8/15/2026 5:35:00 PM,MAX_OPERATING_MW,4.07,
8/15/2026 5:35:00 PM,RTD,CLUZ,01CONSOL_G01,G,8/15/2026 5:31:00 PM,8/15/2026 5:35:00 PM,MIN_OPERATING_MW,4.07,
8/15/2026 5:35:00 PM,RTD,CLUZ,01CONSOL_G01,G,8/15/2026 5:36:00 PM,8/15/2026 5:40:00 PM,MAX_OPERATING_MW,3.02,
8/15/2026 5:35:00 PM,RTD,CLUZ,01CONSOL_G01,G,8/15/2026 5:36:00 PM,8/15/2026 5:40:00 PM,MIN_OPERATING_MW,3.02,
8/15/2026 5:35:00 PM,RTD,CLUZ,01PASBUSOL_G01,G,8/15/2026 5:01:00 PM,8/15/2026 6:00:00 PM,MAX_OPERATING_MW,2.83,
8/15/2026 5:35:00 PM,RTD,CLUZ,01PASBUSOL_G01,G,8/15/2026 5:01:00 PM,8/15/2026 6:00:00 PM,MIN_OPERATING_MW,2.83,
8/15/2026 5:35:00 PM,RTD,CLUZ,01TERRASOL_G01,G,8/15/2026 5:06:00 PM,8/15/2026 6:00:00 PM,MAX_OPERATING_MW,10,
8/15/2026 5:35:00 PM,RTD,CLUZ,01TERRASOL_G01,G,8/15/2026 5:06:00 PM,8/15/2026 6:00:00 PM,MIN_OPERATING_MW,10,
8/15/2026 5:35:00 PM,RTD,CLUZ,03LUMBSOL_G01,G,8/15/2026 5:31:00 PM,8/15/2026 5:35:00 PM,MAX_OPERATING_MW,5,
8/15/2026 5:35:00 PM,RTD,CLUZ,03LUMBSOL_G01,G,8/15/2026 5:31:00 PM,8/15/2026 5:35:00 PM,MIN_OPERATING_MW,5,
8/15/2026 5:35:00 PM,RTD,CLUZ,03LUMBSOL_G01,G,8/15/2026 5:36:00 PM,8/15/2026 5:40:00 PM,MAX_OPERATING_MW,5,
8/15/2026 5:35:00 PM,RTD,CLUZ,03LUMBSOL_G01,G,8/15/2026 5:36:00 PM,8/15/2026 5:40:00 PM,MIN_OPERATING_MW,5,
8/15/2026 5:35:00 PM,RTD,CLUZ,03LUNSOL_G01,G,8/15/2026 5:31:00 PM,8/15/2026 5:35:00 PM,MAX_OPERATING_MW,0.87,
8/15/2026 5:35:00 PM,RTD,CLUZ,03LUNSOL_G01,G,8/15/2026 5:31:00 PM,8/15/2026 5:35:00 PM,MIN_OPERATING_MW,0.87,
8/15/2026 5:35:00 PM,RTD,CLUZ,03LUNSOL_G01,G,8/15/2026 5:36:00 PM,8/15/2026 5:40:00 PM,MAX_OPERATING_MW,0.51,
8/15/2026 5:35:00 PM,RTD,CLUZ,03LUNSOL_G01,G,8/15/2026 5:36:00 PM,8/15/2026 5:40:00 PM,MIN_OPERATING_MW,0.51,
8/15/2026 5:35:00 PM,RTD,CLUZ,03TANWIND_G01,G,8/15/2026 5:31:00 PM,8/15/2026 5:35:00 PM,MAX_OPERATING_MW,4.50,
8/15/2026 5:35:00 PM,RTD,CLUZ,03TANWIND_G01,G,8/15/2026 5:31:00 PM,8/15/2026 5:35:00 PM,MIN_OPERATING_MW,4.50,
8/15/2026 5:35:00 PM,RTD,CLUZ,03TANWIND_G01,G,8/15/2026 5:36:00 PM,8/15/2026 5:40:00 PM,MAX_OPERATING_MW,4.50,
8/15/2026 5:35:00 PM,RTD,CLUZ,03TANWIND_G01,G,8/15/2026 5:36:00 PM,8/15/2026 5:40:00 PM,MIN_OPERATING_MW,4.50,
8/15/2026 5:35:00 PM,RTD,CVIS,04ISIDROSOL_G01,G,8/15/2026 5:01:00 PM,8/15/2026 6:00:00 PM,MAX_OPERATING_MW,5,
8/15/2026 5:35:00 PM,RTD,CVIS,04ISIDROSOL_G01,G,8/15/2026 5:01:00 PM,8/15/2026 6:00:00 PM,MIN_OPERATING_MW,5,
8/15/2026 5:35:00 PM,RTD,CVIS,06SLYSOL_G02,G,8/15/2026 5:01:00 PM,8/15/2026 6:00:00 PM,MAX_OPERATING_MW,1.81,
8/15/2026 5:35:00 PM,RTD,CVIS,06SLYSOL_G02,G,8/15/2026 5:01:00 PM,8/15/2026 6:00:00 PM,MIN_OPERATING_MW,1.81,
8/15/2026 5:35:00 PM,RTD,CVIS,06SLYSOL_G03,G,8/15/2026 5:01:00 PM,8/15/2026 6:00:00 PM,MAX_OPERATING_MW,1.04,
8/15/2026 5:35:00 PM,RTD,CVIS,06SLYSOL_G03,G,8/15/2026 5:01:00 PM,8/15/2026 6:00:00 PM,MIN_OPERATING_MW,1.04,
8/15/2026 5:35:00 PM,RTD,CMIN,10LIAN_G02,G,8/15/2026,8/15/2026 11:59:00 PM,MAX_OPERATING_MW,6.60,
8/15/2026 5:35:00 PM,RTD,CMIN,10LIAN_G02,G,8/15/2026,8/15/2026 11:59:00 PM,MIN_OPERATING_MW,6.60,
8/15/2026 5:35:00 PM,RTD,CMIN,14TANTASOL_G01,G,8/15/2026 5:01:00 PM,8/15/2026 6:00:00 PM,MAX_OPERATING_MW,8,
8/15/2026 5:35:00 PM,RTD,CMIN,14TANTASOL_G01,G,8/15/2026 5:01:00 PM,8/15/2026 6:00:00 PM,MIN_OPERATING_MW,8,
8/15/2026 5:40:00 PM,RTD,CLUZ,01BALWIND_G01,G,8/15/2026 12:16:00 PM,8/16/2026,MAX_OPERATING_MW,40,
8/15/2026 5:40:00 PM,RTD,CLUZ,01BALWIND_G01,G,8/15/2026 12:16:00 PM,8/16/2026,MIN_OPERATING_MW,40,
8/15/2026 5:40:00 PM,RTD,CLUZ,01BARBASOL_G01,G,8/15/2026 5:36:00 PM,8/15/2026 5:40:00 PM,MAX_OPERATING_MW,4.64,
8/15/2026 5:40:00 PM,RTD,CLUZ,01BARBASOL_G01,G,8/15/2026 5:36:00 PM,8/15/2026 5:40:00 PM,MIN_OPERATING_MW,4.64,
8/15/2026 5:40:00 PM,RTD,CLUZ,01BARBASOL_G01,G,8/15/2026 5:41:00 PM,8/15/2026 5:45:00 PM,MAX_OPERATING_MW,4.05,
8/15/2026 5:40:00 PM,RTD,CLUZ,01BARBASOL_G01,G,8/15/2026 5:41:00 PM,8/15/2026 5:45:00 PM,MIN_OPERATING_MW,4.05,
8/15/2026 5:40:00 PM,RTD,CLUZ,01BUGSOL_G01,G,8/15/2026 5:36:00 PM,8/15/2026 5:40:00 PM,MAX_OPERATING_MW,6.40,
8/15/2026 5:40:00 PM,RTD,CLUZ,01BUGSOL_G01,G,8/15/2026 5:36:00 PM,8/15/2026 5:40:00 PM,MIN_OPERATING_MW,6.40,
8/15/2026 5:40:00 PM,RTD,CLUZ,01BUGSOL_G01,G,8/15/2026 5:41:00 PM,8/15/2026 5:45:00 PM,MAX_OPERATING_MW,4.90,
8/15/2026 5:40:00 PM,RTD,CLUZ,01BUGSOL_G01,G,8/15/2026 5:41:00 PM,8/15/2026 5:45:00 PM,MIN_OPERATING_MW,4.90,
8/15/2026 5:40:00 PM,RTD,CLUZ,01BULACSOL_G01,G,8/15/2026 5:01:00 PM,8/15/2026 6:00:00 PM,MAX_OPERATING_MW,1.49,
8/15/2026 5:40:00 PM,RTD,CLUZ,01BULACSOL_G01,G,8/15/2026 5:01:00 PM,8/15/2026 6:00:00 PM,MIN_OPERATING_MW,1.49,
8/15/2026 5:40:00 PM,RTD,CLUZ,01CONSOL_G01,G,8/15/2026 5:36:00 PM,8/15/2026 5:40:00 PM,MAX_OPERATING_MW,3.02,
8/15/2026 5:40:00 PM,RTD,CLUZ,01CONSOL_G01,G,8/15/2026 5:36:00 PM,8/15/2026 5:40:00 PM,MIN_OPERATING_MW,3.02,
8/15/2026 5:40:00 PM,RTD,CLUZ,01CONSOL_G01,G,8/15/2026 5:41:00 PM,8/15/2026 5:45:00 PM,MAX_OPERATING_MW,2.13,
8/15/2026 5:40:00 PM,RTD,CLUZ,01CONSOL_G01,G,8/15/2026 5:41:00 PM,8/15/2026 5:45:00 PM,MIN_OPERATING_MW,2.13,
8/15/2026 5:40:00 PM,RTD,CLUZ,01PASBUSOL_G01,G,8/15/2026 5:01:00 PM,8/15/2026 6:00:00 PM,MAX_OPERATING_MW,2.83,
8/15/2026 5:40:00 PM,RTD,CLUZ,01PASBUSOL_G01,G,8/15/2026 5:01:00 PM,8/15/2026 6:00:00 PM,MIN_OPERATING_MW,2.83,
8/15/2026 5:40:00 PM,RTD,CLUZ,01TERRASOL_G01,G,8/15/2026 5:06:00 PM,8/15/2026 6:00:00 PM,MAX_OPERATING_MW,10,
8/15/2026 5:40:00 PM,RTD,CLUZ,01TERRASOL_G01,G,8/15/2026 5:06:00 PM,8/15/2026 6:00:00 PM,MIN_OPERATING_MW,10,
8/15/2026 5:40:00 PM,RTD,CLUZ,03LUMBSOL_G01,G,8/15/2026 5:36:00 PM,8/15/2026 5:40:00 PM,MAX_OPERATING_MW,5,
8/15/2026 5:40:00 PM,RTD,CLUZ,03LUMBSOL_G01,G,8/15/2026 5:36:00 PM,8/15/2026 5:40:00 PM,MIN_OPERATING_MW,5,
8/15/2026 5:40:00 PM,RTD,CLUZ,03LUMBSOL_G01,G,8/15/2026 5:41:00 PM,8/15/2026 5:45:00 PM,MAX_OPERATING_MW,5,
8/15/2026 5:40:00 PM,RTD,CLUZ,03LUMBSOL_G01,G,8/15/2026 5:41:00 PM,8/15/2026 5:45:00 PM,MIN_OPERATING_MW,5,
8/15/2026 5:40:00 PM,RTD,CLUZ,03LUNSOL_G01,G,8/15/2026 5:36:00 PM,8/15/2026 5:40:00 PM,MAX_OPERATING_MW,0.51,
8/15/2026 5:40:00 PM,RTD,CLUZ,03LUNSOL_G01,G,8/15/2026 5:36:00 PM,8/15/2026 5:40:00 PM,MIN_OPERATING_MW,0.51,
8/15/2026 5:40:00 PM,RTD,CLUZ,03LUNSOL_G01,G,8/15/2026 5:41:00 PM,8/15/2026 5:45:00 PM,MAX_OPERATING_MW,0.23,
8/15/2026 5:40:00 PM,RTD,CLUZ,03LUNSOL_G01,G,8/15/2026 5:41:00 PM,8/15/2026 5:45:00 PM,MIN_OPERATING_MW,0.23,
8/15/2026 5:40:00 PM,RTD,CLUZ,03TANWIND_G01,G,8/15/2026 5:36:00 PM,8/15/2026 5:40:00 PM,MAX_OPERATING_MW,4.50,
8/15/2026 5:40:00 PM,RTD,CLUZ,03TANWIND_G01,G,8/15/2026 5:36:00 PM,8/15/2026 5:40:00 PM,MIN_OPERATING_MW,4.50,
8/15/2026 5:40:00 PM,RTD,CLUZ,03TANWIND_G01,G,8/15/2026 5:41:00 PM,8/15/2026 5:45:00 PM,MAX_OPERATING_MW,4.50,
8/15/2026 5:40:00 PM,RTD,CLUZ,03TANWIND_G01,G,8/15/2026 5:41:00 PM,8/15/2026 5:45:00 PM,MIN_OPERATING_MW,4.50,
8/15/2026 5:40:00 PM,RTD,CVIS,04ISIDROSOL_G01,G,8/15/2026 5:01:00 PM,8/15/2026 6:00:00 PM,MAX_OPERATING_MW,5,
8/15/2026 5:40:00 PM,RTD,CVIS,04ISIDROSOL_G01,G,8/15/2026 5:01:00 PM,8/15/2026 6:00:00 PM,MIN_OPERATING_MW,5,
8/15/2026 5:40:00 PM,RTD,CVIS,06SLYSOL_G02,G,8/15/2026 5:01:00 PM,8/15/2026 6:00:00 PM,MAX_OPERATING_MW,1.81,
8/15/2026 5:40:00 PM,RTD,CVIS,06SLYSOL_G02,G,8/15/2026 5:01:00 PM,8/15/2026 6:00:00 PM,MIN_OPERATING_MW,1.81,
8/15/2026 5:40:00 PM,RTD,CVIS,06SLYSOL_G03,G,8/15/2026 5:01:00 PM,8/15/2026 6:00:00 PM,MAX_OPERATING_MW,1.04,
8/15/2026 5:40:00 PM,RTD,CVIS,06SLYSOL_G03,G,8/15/2026 5:01:00 PM,8/15/2026 6:00:00 PM,MIN_OPERATING_MW,1.04,
8/15/2026 5:40:00 PM,RTD,CMIN,10LIAN_G02,G,8/15/2026,8/15/2026 11:59:00 PM,MAX_OPERATING_MW,6.60,
8/15/2026 5:40:00 PM,RTD,CMIN,10LIAN_G02,G,8/15/2026,8/15/2026 11:59:00 PM,MIN_OPERATING_MW,6.60,
8/15/2026 5:40:00 PM,RTD,CMIN,14TANTASOL_G01,G,8/15/2026 5:01:00 PM,8/15/2026 6:00:00 PM,MAX_OPERATING_MW,8,
8/15/2026 5:40:00 PM,RTD,CMIN,14TANTASOL_G01,G,8/15/2026 5:01:00 PM,8/15/2026 6:00:00 PM,MIN_OPERATING_MW,8,
8/15/2026 5:45:00 PM,RTD,CLUZ,01BALWIND_G01,G,8/15/2026 12:16:00 PM,8/16/2026,MAX_OPERATING_MW,40,
8/15/2026 5:45:00 PM,RTD,CLUZ,01BALWIND_G01,G,8/15/2026 12:16:00 PM,8/16/2026,MIN_OPERATING_MW,40,
8/15/2026 5:45:00 PM,RTD,CLUZ,01BARBASOL_G01,G,8/15/2026 5:41:00 PM,8/15/2026 5:45:00 PM,MAX_OPERATING_MW,4.05,
8/15/2026 5:45:00 PM,RTD,CLUZ,01BARBASOL_G01,G,8/15/2026 5:41:00 PM,8/15/2026 5:45:00 PM,MIN_OPERATING_MW,4.05,
8/15/2026 5:45:00 PM,RTD,CLUZ,01BARBASOL_G01,G,8/15/2026 5:46:00 PM,8/15/2026 5:50:00 PM,MAX_OPERATING_MW,3.48,
8/15/2026 5:45:00 PM,RTD,CLUZ,01BARBASOL_G01,G,8/15/2026 5:46:00 PM,8/15/2026 5:50:00 PM,MIN_OPERATING_MW,3.48,
8/15/2026 5:45:00 PM,RTD,CLUZ,01BUGSOL_G01,G,8/15/2026 5:41:00 PM,8/15/2026 5:45:00 PM,MAX_OPERATING_MW,4.90,
8/15/2026 5:45:00 PM,RTD,CLUZ,01BUGSOL_G01,G,8/15/2026 5:41:00 PM,8/15/2026 5:45:00 PM,MIN_OPERATING_MW,4.90,
8/15/2026 5:45:00 PM,RTD,CLUZ,01BUGSOL_G01,G,8/15/2026 5:46:00 PM,8/15/2026 5:50:00 PM,MAX_OPERATING_MW,3,
8/15/2026 5:45:00 PM,RTD,CLUZ,01BUGSOL_G01,G,8/15/2026 5:46:00 PM,8/15/2026 5:50:00 PM,MIN_OPERATING_MW,3,
8/15/2026 5:45:00 PM,RTD,CLUZ,01BULACSOL_G01,G,8/15/2026 5:01:00 PM,8/15/2026 6:00:00 PM,MAX_OPERATING_MW,1.49,
8/15/2026 5:45:00 PM,RTD,CLUZ,01BULACSOL_G01,G,8/15/2026 5:01:00 PM,8/15/2026 6:00:00 PM,MIN_OPERATING_MW,1.49,
8/15/2026 5:45:00 PM,RTD,CLUZ,01CONSOL_G01,G,8/15/2026 5:41:00 PM,8/15/2026 5:45:00 PM,MAX_OPERATING_MW,2.13,
8/15/2026 5:45:00 PM,RTD,CLUZ,01CONSOL_G01,G,8/15/2026 5:41:00 PM,8/15/2026 5:45:00 PM,MIN_OPERATING_MW,2.13,
8/15/2026 5:45:00 PM,RTD,CLUZ,01CONSOL_G01,G,8/15/2026 5:46:00 PM,8/15/2026 5:50:00 PM,MAX_OPERATING_MW,1.41,
8/15/2026 5:45:00 PM,RTD,CLUZ,01CONSOL_G01,G,8/15/2026 5:46:00 PM,8/15/2026 5:50:00 PM,MIN_OPERATING_MW,1.41,
8/15/2026 5:45:00 PM,RTD,CLUZ,01PASBUSOL_G01,G,8/15/2026 5:01:00 PM,8/15/2026 6:00:00 PM,MAX_OPERATING_MW,2.83,
8/15/2026 5:45:00 PM,RTD,CLUZ,01PASBUSOL_G01,G,8/15/2026 5:01:00 PM,8/15/2026 6:00:00 PM,MIN_OPERATING_MW,2.83,
8/15/2026 5:45:00 PM,RTD,CLUZ,01TERRASOL_G01,G,8/15/2026 5:06:00 PM,8/15/2026 6:00:00 PM,MAX_OPERATING_MW,10,
8/15/2026 5:45:00 PM,RTD,CLUZ,01TERRASOL_G01,G,8/15/2026 5:06:00 PM,8/15/2026 6:00:00 PM,MIN_OPERATING_MW,10,
8/15/2026 5:45:00 PM,RTD,CLUZ,03LUMBSOL_G01,G,8/15/2026 5:41:00 PM,8/15/2026 5:45:00 PM,MAX_OPERATING_MW,5,
8/15/2026 5:45:00 PM,RTD,CLUZ,03LUMBSOL_G01,G,8/15/2026 5:41:00 PM,8/15/2026 5:45:00 PM,MIN_OPERATING_MW,5,
8/15/2026 5:45:00 PM,RTD,CLUZ,03LUMBSOL_G01,G,8/15/2026 5:46:00 PM,8/15/2026 5:50:00 PM,MAX_OPERATING_MW,5,
8/15/2026 5:45:00 PM,RTD,CLUZ,03LUMBSOL_G01,G,8/15/2026 5:46:00 PM,8/15/2026 5:50:00 PM,MIN_OPERATING_MW,5,
8/15/2026 5:45:00 PM,RTD,CLUZ,03LUNSOL_G01,G,8/15/2026 5:41:00 PM,8/15/2026 5:45:00 PM,MAX_OPERATING_MW,0.23,
8/15/2026 5:45:00 PM,RTD,CLUZ,03LUNSOL_G01,G,8/15/2026 5:41:00 PM,8/15/2026 5:45:00 PM,MIN_OPERATING_MW,0.23,
8/15/2026 5:45:00 PM,RTD,CLUZ,03LUNSOL_G01,G,8/15/2026 5:46:00 PM,8/15/2026 5:50:00 PM,MAX_OPERATING_MW,0.06,
8/15/2026 5:45:00 PM,RTD,CLUZ,03LUNSOL_G01,G,8/15/2026 5:46:00 PM,8/15/2026 5:50:00 PM,MIN_OPERATING_MW,0.06,
8/15/2026 5:45:00 PM,RTD,CLUZ,03TANWIND_G01,G,8/15/2026 5:41:00 PM,8/15/2026 5:45:00 PM,MAX_OPERATING_MW,4.50,
8/15/2026 5:45:00 PM,RTD,CLUZ,03TANWIND_G01,G,8/15/2026 5:41:00 PM,8/15/2026 5:45:00 PM,MIN_OPERATING_MW,4.50,
8/15/2026 5:45:00 PM,RTD,CLUZ,03TANWIND_G01,G,8/15/2026 5:46:00 PM,8/15/2026 5:50:00 PM,MAX_OPERATING_MW,4.50,
8/15/2026 5:45:00 PM,RTD,CLUZ,03TANWIND_G01,G,8/15/2026 5:46:00 PM,8/15/2026 5:50:00 PM,MIN_OPERATING_MW,4.50,
8/15/2026 5:45:00 PM,RTD,CVIS,04ISIDROSOL_G01,G,8/15/2026 5:01:00 PM,8/15/2026 6:00:00 PM,MAX_OPERATING_MW,5,
8/15/2026 5:45:00 PM,RTD,CVIS,04ISIDROSOL_G01,G,8/15/2026 5:01:00 PM,8/15/2026 6:00:00 PM,MIN_OPERATING_MW,5,
8/15/2026 5:45:00 PM,RTD,CVIS,06SLYSOL_G02,G,8/15/2026 5:01:00 PM,8/15/2026 6:00:00 PM,MAX_OPERATING_MW,1.81,
8/15/2026 5:45:00 PM,RTD,CVIS,06SLYSOL_G02,G,8/15/2026 5:01:00 PM,8/15/2026 6:00:00 PM,MIN_OPERATING_MW,1.81,
8/15/2026 5:45:00 PM,RTD,CVIS,06SLYSOL_G03,G,8/15/2026 5:01:00 PM,8/15/2026 6:00:00 PM,MAX_OPERATING_MW,1.04,
8/15/2026 5:45:00 PM,RTD,CVIS,06SLYSOL_G03,G,8/15/2026 5:01:00 PM,8/15/2026 6:00:00 PM,MIN_OPERATING_MW,1.04,
8/15/2026 5:45:00 PM,RTD,CMIN,10LIAN_G02,G,8/15/2026,8/15/2026 11:59:00 PM,MAX_OPERATING_MW,6.60,
8/15/2026 5:45:00 PM,RTD,CMIN,10LIAN_G02,G,8/15/2026,8/15/2026 11:59:00 PM,MIN_OPERATING_MW,6.60,
8/15/2026 5:45:00 PM,RTD,CMIN,14TANTASOL_G01,G,8/15/2026 5:01:00 PM,8/15/2026 6:00:00 PM,MAX_OPERATING_MW,8,
8/15/2026 5:45:00 PM,RTD,CMIN,14TANTASOL_G01,G,8/15/2026 5:01:00 PM,8/15/2026 6:00:00 PM,MIN_OPERATING_MW,8,
8/15/2026 5:50:00 PM,RTD,CLUZ,01BALWIND_G01,G,8/15/2026 12:16:00 PM,8/16/2026,MAX_OPERATING_MW,40,
8/15/2026 5:50:00 PM,RTD,CLUZ,01BALWIND_G01,G,8/15/2026 12:16:00 PM,8/16/2026,MIN_OPERATING_MW,40,
8/15/2026 5:50:00 PM,RTD,CLUZ,01BARBASOL_G01,G,8/15/2026 5:46:00 PM,8/15/2026 5:50:00 PM,MAX_OPERATING_MW,3.48,
8/15/2026 5:50:00 PM,RTD,CLUZ,01BARBASOL_G01,G,8/15/2026 5:46:00 PM,8/15/2026 5:50:00 PM,MIN_OPERATING_MW,3.48,
8/15/2026 5:50:00 PM,RTD,CLUZ,01BARBASOL_G01,G,8/15/2026 5:51:00 PM,8/15/2026 5:55:00 PM,MAX_OPERATING_MW,2.93,
8/15/2026 5:50:00 PM,RTD,CLUZ,01BARBASOL_G01,G,8/15/2026 5:51:00 PM,8/15/2026 5:55:00 PM,MIN_OPERATING_MW,2.93,
8/15/2026 5:50:00 PM,RTD,CLUZ,01BUGSOL_G01,G,8/15/2026 5:46:00 PM,8/15/2026 5:50:00 PM,MAX_OPERATING_MW,3,
8/15/2026 5:50:00 PM,RTD,CLUZ,01BUGSOL_G01,G,8/15/2026 5:46:00 PM,8/15/2026 5:50:00 PM,MIN_OPERATING_MW,3,
8/15/2026 5:50:00 PM,RTD,CLUZ,01BUGSOL_G01,G,8/15/2026 5:51:00 PM,8/15/2026 5:55:00 PM,MAX_OPERATING_MW,1.80,
8/15/2026 5:50:00 PM,RTD,CLUZ,01BUGSOL_G01,G,8/15/2026 5:51:00 PM,8/15/2026 5:55:00 PM,MIN_OPERATING_MW,1.80,
8/15/2026 5:50:00 PM,RTD,CLUZ,01BULACSOL_G01,G,8/15/2026 5:01:00 PM,8/15/2026 6:00:00 PM,MAX_OPERATING_MW,1.49,
8/15/2026 5:50:00 PM,RTD,CLUZ,01BULACSOL_G01,G,8/15/2026 5:01:00 PM,8/15/2026 6:00:00 PM,MIN_OPERATING_MW,1.49,
8/15/2026 5:50:00 PM,RTD,CLUZ,01CONSOL_G01,G,8/15/2026 5:46:00 PM,8/15/2026 5:50:00 PM,MAX_OPERATING_MW,1.41,
8/15/2026 5:50:00 PM,RTD,CLUZ,01CONSOL_G01,G,8/15/2026 5:46:00 PM,8/15/2026 5:50:00 PM,MIN_OPERATING_MW,1.41,
8/15/2026 5:50:00 PM,RTD,CLUZ,01CONSOL_G01,G,8/15/2026 5:51:00 PM,8/15/2026 5:55:00 PM,MAX_OPERATING_MW,0.97,
8/15/2026 5:50:00 PM,RTD,CLUZ,01CONSOL_G01,G,8/15/2026 5:51:00 PM,8/15/2026 5:55:00 PM,MIN_OPERATING_MW,0.97,
8/15/2026 5:50:00 PM,RTD,CLUZ,01PASBUSOL_G01,G,8/15/2026 5:01:00 PM,8/15/2026 6:00:00 PM,MAX_OPERATING_MW,2.83,
8/15/2026 5:50:00 PM,RTD,CLUZ,01PASBUSOL_G01,G,8/15/2026 5:01:00 PM,8/15/2026 6:00:00 PM,MIN_OPERATING_MW,2.83,
8/15/2026 5:50:00 PM,RTD,CLUZ,01TERRASOL_G01,G,8/15/2026 5:06:00 PM,8/15/2026 6:00:00 PM,MAX_OPERATING_MW,10,
8/15/2026 5:50:00 PM,RTD,CLUZ,01TERRASOL_G01,G,8/15/2026 5:06:00 PM,8/15/2026 6:00:00 PM,MIN_OPERATING_MW,10,
8/15/2026 5:50:00 PM,RTD,CLUZ,03LUMBSOL_G01,G,8/15/2026 5:46:00 PM,8/15/2026 5:50:00 PM,MAX_OPERATING_MW,5,
8/15/2026 5:50:00 PM,RTD,CLUZ,03LUMBSOL_G01,G,8/15/2026 5:46:00 PM,8/15/2026 5:50:00 PM,MIN_OPERATING_MW,5,
8/15/2026 5:50:00 PM,RTD,CLUZ,03LUMBSOL_G01,G,8/15/2026 5:51:00 PM,8/15/2026 5:55:00 PM,MAX_OPERATING_MW,5,
8/15/2026 5:50:00 PM,RTD,CLUZ,03LUMBSOL_G01,G,8/15/2026 5:51:00 PM,8/15/2026 5:55:00 PM,MIN_OPERATING_MW,5,
8/15/2026 5:50:00 PM,RTD,CLUZ,03LUNSOL_G01,G,8/15/2026 5:46:00 PM,8/15/2026 5:50:00 PM,MAX_OPERATING_MW,0.06,
8/15/2026 5:50:00 PM,RTD,CLUZ,03LUNSOL_G01,G,8/15/2026 5:46:00 PM,8/15/2026 5:50:00 PM,MIN_OPERATING_MW,0.06,
8/15/2026 5:50:00 PM,RTD,CLUZ,03LUNSOL_G01,G,8/15/2026 5:51:00 PM,8/15/2026 5:55:00 PM,MAX_OPERATING_MW,0.02,
8/15/2026 5:50:00 PM,RTD,CLUZ,03LUNSOL_G01,G,8/15/2026 5:51:00 PM,8/15/2026 5:55:00 PM,MIN_OPERATING_MW,0.02,
8/15/2026 5:50:00 PM,RTD,CLUZ,03TANWIND_G01,G,8/15/2026 5:46:00 PM,8/15/2026 5:50:00 PM,MAX_OPERATING_MW,4.50,
8/15/2026 5:50:00 PM,RTD,CLUZ,03TANWIND_G01,G,8/15/2026 5:46:00 PM,8/15/2026 5:50:00 PM,MIN_OPERATING_MW,4.50,
8/15/2026 5:50:00 PM,RTD,CLUZ,03TANWIND_G01,G,8/15/2026 5:51:00 PM,8/15/2026 5:55:00 PM,MAX_OPERATING_MW,4.50,
8/15/2026 5:50:00 PM,RTD,CLUZ,03TANWIND_G01,G,8/15/2026 5:51:00 PM,8/15/2026 5:55:00 PM,MIN_OPERATING_MW,4.50,
8/15/2026 5:50:00 PM,RTD,CVIS,04ISIDROSOL_G01,G,8/15/2026 5:01:00 PM,8/15/2026 6:00:00 PM,MAX_OPERATING_MW,5,
8/15/2026 5:50:00 PM,RTD,CVIS,04ISIDROSOL_G01,G,8/15/2026 5:01:00 PM,8/15/2026 6:00:00 PM,MIN_OPERATING_MW,5,
8/15/2026 5:50:00 PM,RTD,CVIS,06SLYSOL_G02,G,8/15/2026 5:01:00 PM,8/15/2026 6:00:00 PM,MAX_OPERATING_MW,1.81,
8/15/2026 5:50:00 PM,RTD,CVIS,06SLYSOL_G02,G,8/15/2026 5:01:00 PM,8/15/2026 6:00:00 PM,MIN_OPERATING_MW,1.81,
8/15/2026 5:50:00 PM,RTD,CVIS,06SLYSOL_G03,G,8/15/2026 5:01:00 PM,8/15/2026 6:00:00 PM,MAX_OPERATING_MW,1.04,
8/15/2026 5:50:00 PM,RTD,CVIS,06SLYSOL_G03,G,8/15/2026 5:01:00 PM,8/15/2026 6:00:00 PM,MIN_OPERATING_MW,1.04,
8/15/2026 5:50:00 PM,RTD,CMIN,10LIAN_G02,G,8/15/2026,8/15/2026 11:59:00 PM,MAX_OPERATING_MW,6.60,
8/15/2026 5:50:00 PM,RTD,CMIN,10LIAN_G02,G,8/15/2026,8/15/2026 11:59:00 PM,MIN_OPERATING_MW,6.60,
8/15/2026 5:50:00 PM,RTD,CMIN,14TANTASOL_G01,G,8/15/2026 5:01:00 PM,8/15/2026 6:00:00 PM,MAX_OPERATING_MW,8,
8/15/2026 5:50:00 PM,RTD,CMIN,14TANTASOL_G01,G,8/15/2026 5:01:00 PM,8/15/2026 6:00:00 PM,MIN_OPERATING_MW,8,
8/15/2026 5:55:00 PM,RTD,CLUZ,01BALWIND_G01,G,8/15/2026 12:16:00 PM,8/16/2026,MAX_OPERATING_MW,40,
8/15/2026 5:55:00 PM,RTD,CLUZ,01BALWIND_G01,G,8/15/2026 12:16:00 PM,8/16/2026,MIN_OPERATING_MW,40,
8/15/2026 5:55:00 PM,RTD,CLUZ,01BARBASOL_G01,G,8/15/2026 5:51:00 PM,8/15/2026 5:55:00 PM,MAX_OPERATING_MW,2.93,
8/15/2026 5:55:00 PM,RTD,CLUZ,01BARBASOL_G01,G,8/15/2026 5:51:00 PM,8/15/2026 5:55:00 PM,MIN_OPERATING_MW,2.93,
8/15/2026 5:55:00 PM,RTD,CLUZ,01BARBASOL_G01,G,8/15/2026 5:56:00 PM,8/15/2026 6:00:00 PM,MAX_OPERATING_MW,2.38,
8/15/2026 5:55:00 PM,RTD,CLUZ,01BARBASOL_G01,G,8/15/2026 5:56:00 PM,8/15/2026 6:00:00 PM,MIN_OPERATING_MW,2.38,
8/15/2026 5:55:00 PM,RTD,CLUZ,01BUGSOL_G01,G,8/15/2026 5:51:00 PM,8/15/2026 5:55:00 PM,MAX_OPERATING_MW,1.80,
8/15/2026 5:55:00 PM,RTD,CLUZ,01BUGSOL_G01,G,8/15/2026 5:51:00 PM,8/15/2026 5:55:00 PM,MIN_OPERATING_MW,1.80,
8/15/2026 5:55:00 PM,RTD,CLUZ,01BUGSOL_G01,G,8/15/2026 5:56:00 PM,8/15/2026 6:00:00 PM,MAX_OPERATING_MW,0.90,
8/15/2026 5:55:00 PM,RTD,CLUZ,01BUGSOL_G01,G,8/15/2026 5:56:00 PM,8/15/2026 6:00:00 PM,MIN_OPERATING_MW,0.90,
8/15/2026 5:55:00 PM,RTD,CLUZ,01BULACSOL_G01,G,8/15/2026 5:01:00 PM,8/15/2026 6:00:00 PM,MAX_OPERATING_MW,1.49,
8/15/2026 5:55:00 PM,RTD,CLUZ,01BULACSOL_G01,G,8/15/2026 5:01:00 PM,8/15/2026 6:00:00 PM,MIN_OPERATING_MW,1.49,
8/15/2026 5:55:00 PM,RTD,CLUZ,01CONSOL_G01,G,8/15/2026 5:51:00 PM,8/15/2026 5:55:00 PM,MAX_OPERATING_MW,0.97,
8/15/2026 5:55:00 PM,RTD,CLUZ,01CONSOL_G01,G,8/15/2026 5:51:00 PM,8/15/2026 5:55:00 PM,MIN_OPERATING_MW,0.97,
8/15/2026 5:55:00 PM,RTD,CLUZ,01CONSOL_G01,G,8/15/2026 5:56:00 PM,8/15/2026 6:00:00 PM,MAX_OPERATING_MW,0.56,
8/15/2026 5:55:00 PM,RTD,CLUZ,01CONSOL_G01,G,8/15/2026 5:56:00 PM,8/15/2026 6:00:00 PM,MIN_OPERATING_MW,0.56,
8/15/2026 5:55:00 PM,RTD,CLUZ,01PASBUSOL_G01,G,8/15/2026 5:01:00 PM,8/15/2026 6:00:00 PM,MAX_OPERATING_MW,2.83,
8/15/2026 5:55:00 PM,RTD,CLUZ,01PASBUSOL_G01,G,8/15/2026 5:01:00 PM,8/15/2026 6:00:00 PM,MIN_OPERATING_MW,2.83,
8/15/2026 5:55:00 PM,RTD,CLUZ,01TERRASOL_G01,G,8/15/2026 5:06:00 PM,8/15/2026 6:00:00 PM,MAX_OPERATING_MW,10,
8/15/2026 5:55:00 PM,RTD,CLUZ,01TERRASOL_G01,G,8/15/2026 5:06:00 PM,8/15/2026 6:00:00 PM,MIN_OPERATING_MW,10,
8/15/2026 5:55:00 PM,RTD,CLUZ,03LUMBSOL_G01,G,8/15/2026 5:51:00 PM,8/15/2026 5:55:00 PM,MAX_OPERATING_MW,5,
8/15/2026 5:55:00 PM,RTD,CLUZ,03LUMBSOL_G01,G,8/15/2026 5:51:00 PM,8/15/2026 5:55:00 PM,MIN_OPERATING_MW,5,
8/15/2026 5:55:00 PM,RTD,CLUZ,03LUMBSOL_G01,G,8/15/2026 5:56:00 PM,8/15/2026 6:00:00 PM,MAX_OPERATING_MW,5,
8/15/2026 5:55:00 PM,RTD,CLUZ,03LUMBSOL_G01,G,8/15/2026 5:56:00 PM,8/15/2026 6:00:00 PM,MIN_OPERATING_MW,5,
8/15/2026 5:55:00 PM,RTD,CLUZ,03LUNSOL_G01,G,8/15/2026 5:51:00 PM,8/15/2026 5:55:00 PM,MAX_OPERATING_MW,0.02,
8/15/2026 5:55:00 PM,RTD,CLUZ,03LUNSOL_G01,G,8/15/2026 5:51:00 PM,8/15/2026 5:55:00 PM,MIN_OPERATING_MW,0.02,
8/15/2026 5:55:00 PM,RTD,CLUZ,03LUNSOL_G01,G,8/15/2026 5:56:00 PM,8/15/2026 6:00:00 PM,MAX_OPERATING_MW,0.02,
8/15/2026 5:55:00 PM,RTD,CLUZ,03LUNSOL_G01,G,8/15/2026 5:56:00 PM,8/15/2026 6:00:00 PM,MIN_OPERATING_MW,0.02,
8/15/2026 5:55:00 PM,RTD,CLUZ,03TANWIND_G01,G,8/15/2026 5:51:00 PM,8/15/2026 5:55:00 PM,MAX_OPERATING_MW,4.50,
8/15/2026 5:55:00 PM,RTD,CLUZ,03TANWIND_G01,G,8/15/2026 5:51:00 PM,8/15/2026 5:55:00 PM,MIN_OPERATING_MW,4.50,
8/15/2026 5:55:00 PM,RTD,CLUZ,03TANWIND_G01,G,8/15/2026 5:56:00 PM,8/15/2026 6:00:00 PM,MAX_OPERATING_MW,4.50,
8/15/2026 5:55:00 PM,RTD,CLUZ,03TANWIND_G01,G,8/15/2026 5:56:00 PM,8/15/2026 6:00:00 PM,MIN_OPERATING_MW,4.50,
8/15/2026 5:55:00 PM,RTD,CVIS,04ISIDROSOL_G01,G,8/15/2026 5:01:00 PM,8/15/2026 6:00:00 PM,MAX_OPERATING_MW,5,
8/15/2026 5:55:00 PM,RTD,CVIS,04ISIDROSOL_G01,G,8/15/2026 5:01:00 PM,8/15/2026 6:00:00 PM,MIN_OPERATING_MW,5,
8/15/2026 5:55:00 PM,RTD,CVIS,06SLYSOL_G02,G,8/15/2026 5:01:00 PM,8/15/2026 6:00:00 PM,MAX_OPERATING_MW,1.81,
8/15/2026 5:55:00 PM,RTD,CVIS,06SLYSOL_G02,G,8/15/2026 5:01:00 PM,8/15/2026 6:00:00 PM,MIN_OPERATING_MW,1.81,
8/15/2026 5:55:00 PM,RTD,CVIS,06SLYSOL_G03,G,8/15/2026 5:01:00 PM,8/15/2026 6:00:00 PM,MAX_OPERATING_MW,1.04,
8/15/2026 5:55:00 PM,RTD,CVIS,06SLYSOL_G03,G,8/15/2026 5:01:00 PM,8/15/2026 6:00:00 PM,MIN_OPERATING_MW,1.04,
8/15/2026 5:55:00 PM,RTD,CMIN,10LIAN_G02,G,8/15/2026,8/15/2026 11:59:00 PM,MAX_OPERATING_MW,6.60,
8/15/2026 5:55:00 PM,RTD,CMIN,10LIAN_G02,G,8/15/2026,8/15/2026 11:59:00 PM,MIN_OPERATING_MW,6.60,
8/15/2026 5:55:00 PM,RTD,CMIN,14TANTASOL_G01,G,8/15/2026 5:01:00 PM,8/15/2026 6:00:00 PM,MAX_OPERATING_MW,8,
8/15/2026 5:55:00 PM,RTD,CMIN,14TANTASOL_G01,G,8/15/2026 5:01:00 PM,8/15/2026 6:00:00 PM,MIN_OPERATING_MW,8,
8/15/2026 6:00:00 PM,RTD,CLUZ,01BALWIND_G01,G,8/15/2026 12:16:00 PM,8/16/2026,MAX_OPERATING_MW,40,
8/15/2026 6:00:00 PM,RTD,CLUZ,01BALWIND_G01,G,8/15/2026 12:16:00 PM,8/16/2026,MIN_OPERATING_MW,40,
8/15/2026 6:00:00 PM,RTD,CLUZ,01BARBASOL_G01,G,8/15/2026 5:56:00 PM,8/15/2026 6:00:00 PM,MAX_OPERATING_MW,2.38,
8/15/2026 6:00:00 PM,RTD,CLUZ,01BARBASOL_G01,G,8/15/2026 5:56:00 PM,8/15/2026 6:00:00 PM,MIN_OPERATING_MW,2.38,
8/15/2026 6:00:00 PM,RTD,CLUZ,01BUGSOL_G01,G,8/15/2026 5:56:00 PM,8/15/2026 6:00:00 PM,MAX_OPERATING_MW,0.90,
8/15/2026 6:00:00 PM,RTD,CLUZ,01BUGSOL_G01,G,8/15/2026 5:56:00 PM,8/15/2026 6:00:00 PM,MIN_OPERATING_MW,0.90,
8/15/2026 6:00:00 PM,RTD,CLUZ,01BUGSOL_G01,G,8/15/2026 6:01:00 PM,8/15/2026 6:05:00 PM,MAX_OPERATING_MW,0.50,
8/15/2026 6:00:00 PM,RTD,CLUZ,01BUGSOL_G01,G,8/15/2026 6:01:00 PM,8/15/2026 6:05:00 PM,MIN_OPERATING_MW,0.50,
8/15/2026 6:00:00 PM,RTD,CLUZ,01BULACSOL_G01,G,8/15/2026 5:01:00 PM,8/15/2026 6:00:00 PM,MAX_OPERATING_MW,1.49,
8/15/2026 6:00:00 PM,RTD,CLUZ,01BULACSOL_G01,G,8/15/2026 5:01:00 PM,8/15/2026 6:00:00 PM,MIN_OPERATING_MW,1.49,
8/15/2026 6:00:00 PM,RTD,CLUZ,01CONSOL_G01,G,8/15/2026 5:56:00 PM,8/15/2026 6:00:00 PM,MAX_OPERATING_MW,0.56,
8/15/2026 6:00:00 PM,RTD,CLUZ,01CONSOL_G01,G,8/15/2026 5:56:00 PM,8/15/2026 6:00:00 PM,MIN_OPERATING_MW,0.56,
8/15/2026 6:00:00 PM,RTD,CLUZ,01CONSOL_G01,G,8/15/2026 6:01:00 PM,8/15/2026 6:05:00 PM,MAX_OPERATING_MW,0.15,
8/15/2026 6:00:00 PM,RTD,CLUZ,01CONSOL_G01,G,8/15/2026 6:01:00 PM,8/15/2026 6:05:00 PM,MIN_OPERATING_MW,0.15,
8/15/2026 6:00:00 PM,RTD,CLUZ,01PASBUSOL_G01,G,8/15/2026 5:01:00 PM,8/15/2026 6:00:00 PM,MAX_OPERATING_MW,2.83,
8/15/2026 6:00:00 PM,RTD,CLUZ,01PASBUSOL_G01,G,8/15/2026 5:01:00 PM,8/15/2026 6:00:00 PM,MIN_OPERATING_MW,2.83,
8/15/2026 6:00:00 PM,RTD,CLUZ,01PASBUSOL_G01,G,8/15/2026 6:01:00 PM,8/15/2026 7:00:00 PM,MAX_OPERATING_MW,0.09,
8/15/2026 6:00:00 PM,RTD,CLUZ,01PASBUSOL_G01,G,8/15/2026 6:01:00 PM,8/15/2026 7:00:00 PM,MIN_OPERATING_MW,0.09,
8/15/2026 6:00:00 PM,RTD,CLUZ,01TERRASOL_G01,G,8/15/2026 5:06:00 PM,8/15/2026 6:00:00 PM,MAX_OPERATING_MW,10,
8/15/2026 6:00:00 PM,RTD,CLUZ,01TERRASOL_G01,G,8/15/2026 5:06:00 PM,8/15/2026 6:00:00 PM,MIN_OPERATING_MW,10,
8/15/2026 6:00:00 PM,RTD,CLUZ,01TERRASOL_G01,G,8/15/2026 6:01:00 PM,8/15/2026 6:05:00 PM,MAX_OPERATING_MW,3.31,
8/15/2026 6:00:00 PM,RTD,CLUZ,01TERRASOL_G01,G,8/15/2026 6:01:00 PM,8/15/2026 6:05:00 PM,MIN_OPERATING_MW,3.31,
8/15/2026 6:00:00 PM,RTD,CLUZ,03LUMBSOL_G01,G,8/15/2026 5:56:00 PM,8/15/2026 6:00:00 PM,MAX_OPERATING_MW,5,
8/15/2026 6:00:00 PM,RTD,CLUZ,03LUMBSOL_G01,G,8/15/2026 5:56:00 PM,8/15/2026 6:00:00 PM,MIN_OPERATING_MW,5,
8/15/2026 6:00:00 PM,RTD,CLUZ,03LUMBSOL_G01,G,8/15/2026 6:01:00 PM,8/15/2026 6:05:00 PM,MAX_OPERATING_MW,5,
8/15/2026 6:00:00 PM,RTD,CLUZ,03LUMBSOL_G01,G,8/15/2026 6:01:00 PM,8/15/2026 6:05:00 PM,MIN_OPERATING_MW,5,
8/15/2026 6:00:00 PM,RTD,CLUZ,03LUNSOL_G01,G,8/15/2026 5:56:00 PM,8/15/2026 6:00:00 PM,MAX_OPERATING_MW,0.02,
8/15/2026 6:00:00 PM,RTD,CLUZ,03LUNSOL_G01,G,8/15/2026 5:56:00 PM,8/15/2026 6:00:00 PM,MIN_OPERATING_MW,0.02,
8/15/2026 6:00:00 PM,RTD,CLUZ,03TANWIND_G01,G,8/15/2026 5:56:00 PM,8/15/2026 6:00:00 PM,MAX_OPERATING_MW,4.50,
8/15/2026 6:00:00 PM,RTD,CLUZ,03TANWIND_G01,G,8/15/2026 5:56:00 PM,8/15/2026 6:00:00 PM,MIN_OPERATING_MW,4.50,
8/15/2026 6:00:00 PM,RTD,CLUZ,03TANWIND_G01,G,8/15/2026 6:01:00 PM,8/15/2026 6:05:00 PM,MAX_OPERATING_MW,4.50,
8/15/2026 6:00:00 PM,RTD,CLUZ,03TANWIND_G01,G,8/15/2026 6:01:00 PM,8/15/2026 6:05:00 PM,MIN_OPERATING_MW,4.50,
8/15/2026 6:00:00 PM,RTD,CVIS,04ISIDROSOL_G01,G,8/15/2026 5:01:00 PM,8/15/2026 6:00:00 PM,MAX_OPERATING_MW,5,
8/15/2026 6:00:00 PM,RTD,CVIS,04ISIDROSOL_G01,G,8/15/2026 5:01:00 PM,8/15/2026 6:00:00 PM,MIN_OPERATING_MW,5,
8/15/2026 6:00:00 PM,RTD,CVIS,06SLYSOL_G02,G,8/15/2026 5:01:00 PM,8/15/2026 6:00:00 PM,MAX_OPERATING_MW,1.81,
8/15/2026 6:00:00 PM,RTD,CVIS,06SLYSOL_G02,G,8/15/2026 5:01:00 PM,8/15/2026 6:00:00 PM,MIN_OPERATING_MW,1.81,
8/15/2026 6:00:00 PM,RTD,CVIS,06SLYSOL_G03,G,8/15/2026 5:01:00 PM,8/15/2026 6:00:00 PM,MAX_OPERATING_MW,1.04,
8/15/2026 6:00:00 PM,RTD,CVIS,06SLYSOL_G03,G,8/15/2026 5:01:00 PM,8/15/2026 6:00:00 PM,MIN_OPERATING_MW,1.04,
8/15/2026 6:00:00 PM,RTD,CMIN,10LIAN_G02,G,8/15/2026,8/15/2026 11:59:00 PM,MAX_OPERATING_MW,6.60,
8/15/2026 6:00:00 PM,RTD,CMIN,10LIAN_G02,G,8/15/2026,8/15/2026 11:59:00 PM,MIN_OPERATING_MW,6.60,
8/15/2026 6:00:00 PM,RTD,CMIN,14TANTASOL_G01,G,8/15/2026 5:01:00 PM,8/15/2026 6:00:00 PM,MAX_OPERATING_MW,8,
8/15/2026 6:00:00 PM,RTD,CMIN,14TANTASOL_G01,G,8/15/2026 5:01:00 PM,8/15/2026 6:00:00 PM,MIN_OPERATING_MW,8,
8/15/2026 6:05:00 PM,RTD,CLUZ,01BALWIND_G01,G,8/15/2026 12:16:00 PM,8/16/2026,MAX_OPERATING_MW,40,
8/15/2026 6:05:00 PM,RTD,CLUZ,01BALWIND_G01,G,8/15/2026 12:16:00 PM,8/16/2026,MIN_OPERATING_MW,40,
8/15/2026 6:05:00 PM,RTD,CLUZ,01BUGSOL_G01,G,8/15/2026 6:01:00 PM,8/15/2026 6:05:00 PM,MAX_OPERATING_MW,0.50,
8/15/2026 6:05:00 PM,RTD,CLUZ,01BUGSOL_G01,G,8/15/2026 6:01:00 PM,8/15/2026 6:05:00 PM,MIN_OPERATING_MW,0.50,
8/15/2026 6:05:00 PM,RTD,CLUZ,01BUGSOL_G01,G,8/15/2026 6:06:00 PM,8/15/2026 6:10:00 PM,MAX_OPERATING_MW,0.20,
8/15/2026 6:05:00 PM,RTD,CLUZ,01BUGSOL_G01,G,8/15/2026 6:06:00 PM,8/15/2026 6:10:00 PM,MIN_OPERATING_MW,0.20,
8/15/2026 6:05:00 PM,RTD,CLUZ,01CONSOL_G01,G,8/15/2026 6:01:00 PM,8/15/2026 6:05:00 PM,MAX_OPERATING_MW,0.15,
8/15/2026 6:05:00 PM,RTD,CLUZ,01CONSOL_G01,G,8/15/2026 6:01:00 PM,8/15/2026 6:05:00 PM,MIN_OPERATING_MW,0.15,
8/15/2026 6:05:00 PM,RTD,CLUZ,01CONSOL_G01,G,8/15/2026 6:06:00 PM,8/15/2026 6:10:00 PM,MAX_OPERATING_MW,0,
8/15/2026 6:05:00 PM,RTD,CLUZ,01CONSOL_G01,G,8/15/2026 6:06:00 PM,8/15/2026 6:10:00 PM,MIN_OPERATING_MW,0,
8/15/2026 6:05:00 PM,RTD,CLUZ,01PASBUSOL_G01,G,8/15/2026 6:01:00 PM,8/15/2026 7:00:00 PM,MAX_OPERATING_MW,0.09,
8/15/2026 6:05:00 PM,RTD,CLUZ,01PASBUSOL_G01,G,8/15/2026 6:01:00 PM,8/15/2026 7:00:00 PM,MIN_OPERATING_MW,0.09,
8/15/2026 6:05:00 PM,RTD,CLUZ,01TERRASOL_G01,G,8/15/2026 6:01:00 PM,8/15/2026 6:05:00 PM,MAX_OPERATING_MW,3.31,
8/15/2026 6:05:00 PM,RTD,CLUZ,01TERRASOL_G01,G,8/15/2026 6:01:00 PM,8/15/2026 6:05:00 PM,MIN_OPERATING_MW,3.31,
8/15/2026 6:05:00 PM,RTD,CLUZ,01TERRASOL_G01,G,8/15/2026 6:06:00 PM,8/15/2026 9:00:00 PM,MAX_OPERATING_MW,0,
8/15/2026 6:05:00 PM,RTD,CLUZ,01TERRASOL_G01,G,8/15/2026 6:06:00 PM,8/15/2026 9:00:00 PM,MIN_OPERATING_MW,0,
8/15/2026 6:05:00 PM,RTD,CLUZ,03LUMBSOL_G01,G,8/15/2026 6:01:00 PM,8/15/2026 6:05:00 PM,MAX_OPERATING_MW,5,
8/15/2026 6:05:00 PM,RTD,CLUZ,03LUMBSOL_G01,G,8/15/2026 6:01:00 PM,8/15/2026 6:05:00 PM,MIN_OPERATING_MW,5,
8/15/2026 6:05:00 PM,RTD,CLUZ,03LUMBSOL_G01,G,8/15/2026 6:06:00 PM,8/15/2026 6:10:00 PM,MAX_OPERATING_MW,5,
8/15/2026 6:05:00 PM,RTD,CLUZ,03LUMBSOL_G01,G,8/15/2026 6:06:00 PM,8/15/2026 6:10:00 PM,MIN_OPERATING_MW,5,
8/15/2026 6:05:00 PM,RTD,CLUZ,03TANWIND_G01,G,8/15/2026 6:01:00 PM,8/15/2026 6:05:00 PM,MAX_OPERATING_MW,4.50,
8/15/2026 6:05:00 PM,RTD,CLUZ,03TANWIND_G01,G,8/15/2026 6:01:00 PM,8/15/2026 6:05:00 PM,MIN_OPERATING_MW,4.50,
8/15/2026 6:05:00 PM,RTD,CLUZ,03TANWIND_G01,G,8/15/2026 6:06:00 PM,8/15/2026 6:10:00 PM,MAX_OPERATING_MW,4.50,
8/15/2026 6:05:00 PM,RTD,CLUZ,03TANWIND_G01,G,8/15/2026 6:06:00 PM,8/15/2026 6:10:00 PM,MIN_OPERATING_MW,4.50,
8/15/2026 6:05:00 PM,RTD,CMIN,10LIAN_G02,G,8/15/2026,8/15/2026 11:59:00 PM,MAX_OPERATING_MW,6.60,
8/15/2026 6:05:00 PM,RTD,CMIN,10LIAN_G02,G,8/15/2026,8/15/2026 11:59:00 PM,MIN_OPERATING_MW,6.60,
8/15/2026 6:10:00 PM,RTD,CLUZ,01BALWIND_G01,G,8/15/2026 12:16:00 PM,8/16/2026,MAX_OPERATING_MW,40,
8/15/2026 6:10:00 PM,RTD,CLUZ,01BALWIND_G01,G,8/15/2026 12:16:00 PM,8/16/2026,MIN_OPERATING_MW,40,
8/15/2026 6:10:00 PM,RTD,CLUZ,01BUGSOL_G01,G,8/15/2026 6:06:00 PM,8/15/2026 6:10:00 PM,MAX_OPERATING_MW,0.20,
8/15/2026 6:10:00 PM,RTD,CLUZ,01BUGSOL_G01,G,8/15/2026 6:06:00 PM,8/15/2026 6:10:00 PM,MIN_OPERATING_MW,0.20,
8/15/2026 6:10:00 PM,RTD,CLUZ,01CONSOL_G01,G,8/15/2026 6:06:00 PM,8/15/2026 6:10:00 PM,MAX_OPERATING_MW,0,
8/15/2026 6:10:00 PM,RTD,CLUZ,01CONSOL_G01,G,8/15/2026 6:06:00 PM,8/15/2026 6:10:00 PM,MIN_OPERATING_MW,0,
8/15/2026 6:10:00 PM,RTD,CLUZ,01CONSOL_G01,G,8/15/2026 6:11:00 PM,8/15/2026 6:15:00 PM,MAX_OPERATING_MW,0,
8/15/2026 6:10:00 PM,RTD,CLUZ,01CONSOL_G01,G,8/15/2026 6:11:00 PM,8/15/2026 6:15:00 PM,MIN_OPERATING_MW,0,
8/15/2026 6:10:00 PM,RTD,CLUZ,01PASBUSOL_G01,G,8/15/2026 6:01:00 PM,8/15/2026 7:00:00 PM,MAX_OPERATING_MW,0.09,
8/15/2026 6:10:00 PM,RTD,CLUZ,01PASBUSOL_G01,G,8/15/2026 6:01:00 PM,8/15/2026 7:00:00 PM,MIN_OPERATING_MW,0.09,
8/15/2026 6:10:00 PM,RTD,CLUZ,01TERRASOL_G01,G,8/15/2026 6:06:00 PM,8/15/2026 9:00:00 PM,MAX_OPERATING_MW,0,
8/15/2026 6:10:00 PM,RTD,CLUZ,01TERRASOL_G01,G,8/15/2026 6:06:00 PM,8/15/2026 9:00:00 PM,MIN_OPERATING_MW,0,
8/15/2026 6:10:00 PM,RTD,CLUZ,03LUMBSOL_G01,G,8/15/2026 6:06:00 PM,8/15/2026 6:10:00 PM,MAX_OPERATING_MW,5,
8/15/2026 6:10:00 PM,RTD,CLUZ,03LUMBSOL_G01,G,8/15/2026 6:06:00 PM,8/15/2026 6:10:00 PM,MIN_OPERATING_MW,5,
8/15/2026 6:10:00 PM,RTD,CLUZ,03LUMBSOL_G01,G,8/15/2026 6:11:00 PM,8/15/2026 6:15:00 PM,MAX_OPERATING_MW,5,
8/15/2026 6:10:00 PM,RTD,CLUZ,03LUMBSOL_G01,G,8/15/2026 6:11:00 PM,8/15/2026 6:15:00 PM,MIN_OPERATING_MW,5,
8/15/2026 6:10:00 PM,RTD,CLUZ,03TANWIND_G01,G,8/15/2026 6:06:00 PM,8/15/2026 6:10:00 PM,MAX_OPERATING_MW,4.50,
8/15/2026 6:10:00 PM,RTD,CLUZ,03TANWIND_G01,G,8/15/2026 6:06:00 PM,8/15/2026 6:10:00 PM,MIN_OPERATING_MW,4.50,
8/15/2026 6:10:00 PM,RTD,CLUZ,03TANWIND_G01,G,8/15/2026 6:11:00 PM,8/15/2026 6:15:00 PM,MAX_OPERATING_MW,4.50,
8/15/2026 6:10:00 PM,RTD,CLUZ,03TANWIND_G01,G,8/15/2026 6:11:00 PM,8/15/2026 6:15:00 PM,MIN_OPERATING_MW,4.50,
8/15/2026 6:10:00 PM,RTD,CMIN,10LIAN_G02,G,8/15/2026,8/15/2026 11:59:00 PM,MAX_OPERATING_MW,6.60,
8/15/2026 6:10:00 PM,RTD,CMIN,10LIAN_G02,G,8/15/2026,8/15/2026 11:59:00 PM,MIN_OPERATING_MW,6.60,
8/15/2026 6:15:00 PM,RTD,CLUZ,01BALWIND_G01,G,8/15/2026 12:16:00 PM,8/16/2026,MAX_OPERATING_MW,40,
8/15/2026 6:15:00 PM,RTD,CLUZ,01BALWIND_G01,G,8/15/2026 12:16:00 PM,8/16/2026,MIN_OPERATING_MW,40,
8/15/2026 6:15:00 PM,RTD,CLUZ,01CONSOL_G01,G,8/15/2026 6:11:00 PM,8/15/2026 6:15:00 PM,MAX_OPERATING_MW,0,
8/15/2026 6:15:00 PM,RTD,CLUZ,01CONSOL_G01,G,8/15/2026 6:11:00 PM,8/15/2026 6:15:00 PM,MIN_OPERATING_MW,0,
8/15/2026 6:15:00 PM,RTD,CLUZ,01CONSOL_G01,G,8/15/2026 6:16:00 PM,8/15/2026 6:20:00 PM,MAX_OPERATING_MW,0,
8/15/2026 6:15:00 PM,RTD,CLUZ,01CONSOL_G01,G,8/15/2026 6:16:00 PM,8/15/2026 6:20:00 PM,MIN_OPERATING_MW,0,
8/15/2026 6:15:00 PM,RTD,CLUZ,01PASBUSOL_G01,G,8/15/2026 6:01:00 PM,8/15/2026 7:00:00 PM,MAX_OPERATING_MW,0.09,
8/15/2026 6:15:00 PM,RTD,CLUZ,01PASBUSOL_G01,G,8/15/2026 6:01:00 PM,8/15/2026 7:00:00 PM,MIN_OPERATING_MW,0.09,
8/15/2026 6:15:00 PM,RTD,CLUZ,01TERRASOL_G01,G,8/15/2026 6:06:00 PM,8/15/2026 9:00:00 PM,MAX_OPERATING_MW,0,
8/15/2026 6:15:00 PM,RTD,CLUZ,01TERRASOL_G01,G,8/15/2026 6:06:00 PM,8/15/2026 9:00:00 PM,MIN_OPERATING_MW,0,
8/15/2026 6:15:00 PM,RTD,CLUZ,03LUMBSOL_G01,G,8/15/2026 6:11:00 PM,8/15/2026 6:15:00 PM,MAX_OPERATING_MW,5,
8/15/2026 6:15:00 PM,RTD,CLUZ,03LUMBSOL_G01,G,8/15/2026 6:11:00 PM,8/15/2026 6:15:00 PM,MIN_OPERATING_MW,5,
8/15/2026 6:15:00 PM,RTD,CLUZ,03LUMBSOL_G01,G,8/15/2026 6:16:00 PM,8/15/2026 6:20:00 PM,MAX_OPERATING_MW,5,
8/15/2026 6:15:00 PM,RTD,CLUZ,03LUMBSOL_G01,G,8/15/2026 6:16:00 PM,8/15/2026 6:20:00 PM,MIN_OPERATING_MW,5,
8/15/2026 6:15:00 PM,RTD,CLUZ,03TANWIND_G01,G,8/15/2026 6:11:00 PM,8/15/2026 6:15:00 PM,MAX_OPERATING_MW,4.50,
8/15/2026 6:15:00 PM,RTD,CLUZ,03TANWIND_G01,G,8/15/2026 6:11:00 PM,8/15/2026 6:15:00 PM,MIN_OPERATING_MW,4.50,
8/15/2026 6:15:00 PM,RTD,CLUZ,03TANWIND_G01,G,8/15/2026 6:16:00 PM,8/15/2026 6:20:00 PM,MAX_OPERATING_MW,4.50,
8/15/2026 6:15:00 PM,RTD,CLUZ,03TANWIND_G01,G,8/15/2026 6:16:00 PM,8/15/2026 6:20:00 PM,MIN_OPERATING_MW,4.50,
8/15/2026 6:15:00 PM,RTD,CMIN,10LIAN_G02,G,8/15/2026,8/15/2026 11:59:00 PM,MAX_OPERATING_MW,6.60,
8/15/2026 6:15:00 PM,RTD,CMIN,10LIAN_G02,G,8/15/2026,8/15/2026 11:59:00 PM,MIN_OPERATING_MW,6.60,
8/15/2026 6:20:00 PM,RTD,CLUZ,01BALWIND_G01,G,8/15/2026 12:16:00 PM,8/16/2026,MAX_OPERATING_MW,40,
8/15/2026 6:20:00 PM,RTD,CLUZ,01BALWIND_G01,G,8/15/2026 12:16:00 PM,8/16/2026,MIN_OPERATING_MW,40,
8/15/2026 6:20:00 PM,RTD,CLUZ,01CONSOL_G01,G,8/15/2026 6:16:00 PM,8/15/2026 6:20:00 PM,MAX_OPERATING_MW,0,
8/15/2026 6:20:00 PM,RTD,CLUZ,01CONSOL_G01,G,8/15/2026 6:16:00 PM,8/15/2026 6:20:00 PM,MIN_OPERATING_MW,0,
8/15/2026 6:20:00 PM,RTD,CLUZ,01CONSOL_G01,G,8/15/2026 6:21:00 PM,8/15/2026 6:25:00 PM,MAX_OPERATING_MW,0,
8/15/2026 6:20:00 PM,RTD,CLUZ,01CONSOL_G01,G,8/15/2026 6:21:00 PM,8/15/2026 6:25:00 PM,MIN_OPERATING_MW,0,
8/15/2026 6:20:00 PM,RTD,CLUZ,01PASBUSOL_G01,G,8/15/2026 6:01:00 PM,8/15/2026 7:00:00 PM,MAX_OPERATING_MW,0.09,
8/15/2026 6:20:00 PM,RTD,CLUZ,01PASBUSOL_G01,G,8/15/2026 6:01:00 PM,8/15/2026 7:00:00 PM,MIN_OPERATING_MW,0.09,
8/15/2026 6:20:00 PM,RTD,CLUZ,01TERRASOL_G01,G,8/15/2026 6:06:00 PM,8/15/2026 9:00:00 PM,MAX_OPERATING_MW,0,
8/15/2026 6:20:00 PM,RTD,CLUZ,01TERRASOL_G01,G,8/15/2026 6:06:00 PM,8/15/2026 9:00:00 PM,MIN_OPERATING_MW,0,
8/15/2026 6:20:00 PM,RTD,CLUZ,03LUMBSOL_G01,G,8/15/2026 6:16:00 PM,8/15/2026 6:20:00 PM,MAX_OPERATING_MW,5,
8/15/2026 6:20:00 PM,RTD,CLUZ,03LUMBSOL_G01,G,8/15/2026 6:16:00 PM,8/15/2026 6:20:00 PM,MIN_OPERATING_MW,5,
8/15/2026 6:20:00 PM,RTD,CLUZ,03LUMBSOL_G01,G,8/15/2026 6:21:00 PM,8/15/2026 6:25:00 PM,MAX_OPERATING_MW,5,
8/15/2026 6:20:00 PM,RTD,CLUZ,03LUMBSOL_G01,G,8/15/2026 6:21:00 PM,8/15/2026 6:25:00 PM,MIN_OPERATING_MW,5,
8/15/2026 6:20:00 PM,RTD,CLUZ,03TANWIND_G01,G,8/15/2026 6:16:00 PM,8/15/2026 6:20:00 PM,MAX_OPERATING_MW,4.50,
8/15/2026 6:20:00 PM,RTD,CLUZ,03TANWIND_G01,G,8/15/2026 6:16:00 PM,8/15/2026 6:20:00 PM,MIN_OPERATING_MW,4.50,
8/15/2026 6:20:00 PM,RTD,CLUZ,03TANWIND_G01,G,8/15/2026 6:21:00 PM,8/15/2026 6:25:00 PM,MAX_OPERATING_MW,4.50,
8/15/2026 6:20:00 PM,RTD,CLUZ,03TANWIND_G01,G,8/15/2026 6:21:00 PM,8/15/2026 6:25:00 PM,MIN_OPERATING_MW,4.50,
8/15/2026 6:20:00 PM,RTD,CMIN,10LIAN_G02,G,8/15/2026,8/15/2026 11:59:00 PM,MAX_OPERATING_MW,6.60,
8/15/2026 6:20:00 PM,RTD,CMIN,10LIAN_G02,G,8/15/2026,8/15/2026 11:59:00 PM,MIN_OPERATING_MW,6.60,
8/15/2026 6:25:00 PM,RTD,CLUZ,01BALWIND_G01,G,8/15/2026 12:16:00 PM,8/16/2026,MAX_OPERATING_MW,40,
8/15/2026 6:25:00 PM,RTD,CLUZ,01BALWIND_G01,G,8/15/2026 12:16:00 PM,8/16/2026,MIN_OPERATING_MW,40,
8/15/2026 6:25:00 PM,RTD,CLUZ,01CONSOL_G01,G,8/15/2026 6:21:00 PM,8/15/2026 6:25:00 PM,MAX_OPERATING_MW,0,
8/15/2026 6:25:00 PM,RTD,CLUZ,01CONSOL_G01,G,8/15/2026 6:21:00 PM,8/15/2026 6:25:00 PM,MIN_OPERATING_MW,0,
8/15/2026 6:25:00 PM,RTD,CLUZ,01CONSOL_G01,G,8/15/2026 6:26:00 PM,8/15/2026 6:30:00 PM,MAX_OPERATING_MW,0,
8/15/2026 6:25:00 PM,RTD,CLUZ,01CONSOL_G01,G,8/15/2026 6:26:00 PM,8/15/2026 6:30:00 PM,MIN_OPERATING_MW,0,
8/15/2026 6:25:00 PM,RTD,CLUZ,01PASBUSOL_G01,G,8/15/2026 6:01:00 PM,8/15/2026 7:00:00 PM,MAX_OPERATING_MW,0.09,
8/15/2026 6:25:00 PM,RTD,CLUZ,01PASBUSOL_G01,G,8/15/2026 6:01:00 PM,8/15/2026 7:00:00 PM,MIN_OPERATING_MW,0.09,
8/15/2026 6:25:00 PM,RTD,CLUZ,01TERRASOL_G01,G,8/15/2026 6:06:00 PM,8/15/2026 9:00:00 PM,MAX_OPERATING_MW,0,
8/15/2026 6:25:00 PM,RTD,CLUZ,01TERRASOL_G01,G,8/15/2026 6:06:00 PM,8/15/2026 9:00:00 PM,MIN_OPERATING_MW,0,
8/15/2026 6:25:00 PM,RTD,CLUZ,03LUMBSOL_G01,G,8/15/2026 6:21:00 PM,8/15/2026 6:25:00 PM,MAX_OPERATING_MW,5,
8/15/2026 6:25:00 PM,RTD,CLUZ,03LUMBSOL_G01,G,8/15/2026 6:21:00 PM,8/15/2026 6:25:00 PM,MIN_OPERATING_MW,5,
8/15/2026 6:25:00 PM,RTD,CLUZ,03LUMBSOL_G01,G,8/15/2026 6:26:00 PM,8/15/2026 6:30:00 PM,MAX_OPERATING_MW,5,
8/15/2026 6:25:00 PM,RTD,CLUZ,03LUMBSOL_G01,G,8/15/2026 6:26:00 PM,8/15/2026 6:30:00 PM,MIN_OPERATING_MW,5,
8/15/2026 6:25:00 PM,RTD,CLUZ,03TANWIND_G01,G,8/15/2026 6:21:00 PM,8/15/2026 6:25:00 PM,MAX_OPERATING_MW,4.50,
8/15/2026 6:25:00 PM,RTD,CLUZ,03TANWIND_G01,G,8/15/2026 6:21:00 PM,8/15/2026 6:25:00 PM,MIN_OPERATING_MW,4.50,
8/15/2026 6:25:00 PM,RTD,CLUZ,03TANWIND_G01,G,8/15/2026 6:26:00 PM,8/15/2026 6:30:00 PM,MAX_OPERATING_MW,4.50,
8/15/2026 6:25:00 PM,RTD,CLUZ,03TANWIND_G01,G,8/15/2026 6:26:00 PM,8/15/2026 6:30:00 PM,MIN_OPERATING_MW,4.50,
8/15/2026 6:25:00 PM,RTD,CMIN,10LIAN_G02,G,8/15/2026,8/15/2026 11:59:00 PM,MAX_OPERATING_MW,6.60,
8/15/2026 6:25:00 PM,RTD,CMIN,10LIAN_G02,G,8/15/2026,8/15/2026 11:59:00 PM,MIN_OPERATING_MW,6.60,
8/15/2026 6:30:00 PM,RTD,CLUZ,01BALWIND_G01,G,8/15/2026 12:16:00 PM,8/16/2026,MAX_OPERATING_MW,40,
8/15/2026 6:30:00 PM,RTD,CLUZ,01BALWIND_G01,G,8/15/2026 12:16:00 PM,8/16/2026,MIN_OPERATING_MW,40,
8/15/2026 6:30:00 PM,RTD,CLUZ,01CONSOL_G01,G,8/15/2026 6:26:00 PM,8/15/2026 6:30:00 PM,MAX_OPERATING_MW,0,
8/15/2026 6:30:00 PM,RTD,CLUZ,01CONSOL_G01,G,8/15/2026 6:26:00 PM,8/15/2026 6:30:00 PM,MIN_OPERATING_MW,0,
8/15/2026 6:30:00 PM,RTD,CLUZ,01CONSOL_G01,G,8/15/2026 6:31:00 PM,8/15/2026 6:35:00 PM,MAX_OPERATING_MW,0,
8/15/2026 6:30:00 PM,RTD,CLUZ,01CONSOL_G01,G,8/15/2026 6:31:00 PM,8/15/2026 6:35:00 PM,MIN_OPERATING_MW,0,
8/15/2026 6:30:00 PM,RTD,CLUZ,01PASBUSOL_G01,G,8/15/2026 6:01:00 PM,8/15/2026 7:00:00 PM,MAX_OPERATING_MW,0.09,
8/15/2026 6:30:00 PM,RTD,CLUZ,01PASBUSOL_G01,G,8/15/2026 6:01:00 PM,8/15/2026 7:00:00 PM,MIN_OPERATING_MW,0.09,
8/15/2026 6:30:00 PM,RTD,CLUZ,01TERRASOL_G01,G,8/15/2026 6:06:00 PM,8/15/2026 9:00:00 PM,MAX_OPERATING_MW,0,
8/15/2026 6:30:00 PM,RTD,CLUZ,01TERRASOL_G01,G,8/15/2026 6:06:00 PM,8/15/2026 9:00:00 PM,MIN_OPERATING_MW,0,
8/15/2026 6:30:00 PM,RTD,CLUZ,03LUMBSOL_G01,G,8/15/2026 6:26:00 PM,8/15/2026 6:30:00 PM,MAX_OPERATING_MW,5,
8/15/2026 6:30:00 PM,RTD,CLUZ,03LUMBSOL_G01,G,8/15/2026 6:26:00 PM,8/15/2026 6:30:00 PM,MIN_OPERATING_MW,5,
8/15/2026 6:30:00 PM,RTD,CLUZ,03LUMBSOL_G01,G,8/15/2026 6:31:00 PM,8/15/2026 6:35:00 PM,MAX_OPERATING_MW,1,
8/15/2026 6:30:00 PM,RTD,CLUZ,03LUMBSOL_G01,G,8/15/2026 6:31:00 PM,8/15/2026 6:35:00 PM,MIN_OPERATING_MW,1,
8/15/2026 6:30:00 PM,RTD,CLUZ,03TANWIND_G01,G,8/15/2026 6:26:00 PM,8/15/2026 6:30:00 PM,MAX_OPERATING_MW,4.50,
8/15/2026 6:30:00 PM,RTD,CLUZ,03TANWIND_G01,G,8/15/2026 6:26:00 PM,8/15/2026 6:30:00 PM,MIN_OPERATING_MW,4.50,
8/15/2026 6:30:00 PM,RTD,CLUZ,03TANWIND_G01,G,8/15/2026 6:31:00 PM,8/15/2026 6:35:00 PM,MAX_OPERATING_MW,4.50,
8/15/2026 6:30:00 PM,RTD,CLUZ,03TANWIND_G01,G,8/15/2026 6:31:00 PM,8/15/2026 6:35:00 PM,MIN_OPERATING_MW,4.50,
8/15/2026 6:30:00 PM,RTD,CMIN,10LIAN_G02,G,8/15/2026,8/15/2026 11:59:00 PM,MAX_OPERATING_MW,6.60,
8/15/2026 6:30:00 PM,RTD,CMIN,10LIAN_G02,G,8/15/2026,8/15/2026 11:59:00 PM,MIN_OPERATING_MW,6.60,
8/15/2026 6:35:00 PM,RTD,CLUZ,01BALWIND_G01,G,8/15/2026 12:16:00 PM,8/16/2026,MAX_OPERATING_MW,40,
8/15/2026 6:35:00 PM,RTD,CLUZ,01BALWIND_G01,G,8/15/2026 12:16:00 PM,8/16/2026,MIN_OPERATING_MW,40,
8/15/2026 6:35:00 PM,RTD,CLUZ,01CONSOL_G01,G,8/15/2026 6:31:00 PM,8/15/2026 6:35:00 PM,MAX_OPERATING_MW,0,
8/15/2026 6:35:00 PM,RTD,CLUZ,01CONSOL_G01,G,8/15/2026 6:31:00 PM,8/15/2026 6:35:00 PM,MIN_OPERATING_MW,0,
8/15/2026 6:35:00 PM,RTD,CLUZ,01CONSOL_G01,G,8/15/2026 6:36:00 PM,8/15/2026 6:40:00 PM,MAX_OPERATING_MW,0,
8/15/2026 6:35:00 PM,RTD,CLUZ,01CONSOL_G01,G,8/15/2026 6:36:00 PM,8/15/2026 6:40:00 PM,MIN_OPERATING_MW,0,
8/15/2026 6:35:00 PM,RTD,CLUZ,01PASBUSOL_G01,G,8/15/2026 6:01:00 PM,8/15/2026 7:00:00 PM,MAX_OPERATING_MW,0.09,
8/15/2026 6:35:00 PM,RTD,CLUZ,01PASBUSOL_G01,G,8/15/2026 6:01:00 PM,8/15/2026 7:00:00 PM,MIN_OPERATING_MW,0.09,
8/15/2026 6:35:00 PM,RTD,CLUZ,01TERRASOL_G01,G,8/15/2026 6:06:00 PM,8/15/2026 9:00:00 PM,MAX_OPERATING_MW,0,
8/15/2026 6:35:00 PM,RTD,CLUZ,01TERRASOL_G01,G,8/15/2026 6:06:00 PM,8/15/2026 9:00:00 PM,MIN_OPERATING_MW,0,
8/15/2026 6:35:00 PM,RTD,CLUZ,03LUMBSOL_G01,G,8/15/2026 6:31:00 PM,8/15/2026 6:35:00 PM,MAX_OPERATING_MW,1,
8/15/2026 6:35:00 PM,RTD,CLUZ,03LUMBSOL_G01,G,8/15/2026 6:31:00 PM,8/15/2026 6:35:00 PM,MIN_OPERATING_MW,1,
8/15/2026 6:35:00 PM,RTD,CLUZ,03LUMBSOL_G01,G,8/15/2026 6:36:00 PM,8/15/2026 6:40:00 PM,MAX_OPERATING_MW,1,
8/15/2026 6:35:00 PM,RTD,CLUZ,03LUMBSOL_G01,G,8/15/2026 6:36:00 PM,8/15/2026 6:40:00 PM,MIN_OPERATING_MW,1,
8/15/2026 6:35:00 PM,RTD,CLUZ,03TANWIND_G01,G,8/15/2026 6:31:00 PM,8/15/2026 6:35:00 PM,MAX_OPERATING_MW,4.50,
8/15/2026 6:35:00 PM,RTD,CLUZ,03TANWIND_G01,G,8/15/2026 6:31:00 PM,8/15/2026 6:35:00 PM,MIN_OPERATING_MW,4.50,
8/15/2026 6:35:00 PM,RTD,CLUZ,03TANWIND_G01,G,8/15/2026 6:36:00 PM,8/15/2026 6:40:00 PM,MAX_OPERATING_MW,4.50,
8/15/2026 6:35:00 PM,RTD,CLUZ,03TANWIND_G01,G,8/15/2026 6:36:00 PM,8/15/2026 6:40:00 PM,MIN_OPERATING_MW,4.50,
8/15/2026 6:35:00 PM,RTD,CMIN,10LIAN_G02,G,8/15/2026,8/15/2026 11:59:00 PM,MAX_OPERATING_MW,6.60,
8/15/2026 6:35:00 PM,RTD,CMIN,10LIAN_G02,G,8/15/2026,8/15/2026 11:59:00 PM,MIN_OPERATING_MW,6.60,
8/15/2026 6:40:00 PM,RTD,CLUZ,01BALWIND_G01,G,8/15/2026 12:16:00 PM,8/16/2026,MAX_OPERATING_MW,40,
8/15/2026 6:40:00 PM,RTD,CLUZ,01BALWIND_G01,G,8/15/2026 12:16:00 PM,8/16/2026,MIN_OPERATING_MW,40,
8/15/2026 6:40:00 PM,RTD,CLUZ,01CONSOL_G01,G,8/15/2026 6:36:00 PM,8/15/2026 6:40:00 PM,MAX_OPERATING_MW,0,
8/15/2026 6:40:00 PM,RTD,CLUZ,01CONSOL_G01,G,8/15/2026 6:36:00 PM,8/15/2026 6:40:00 PM,MIN_OPERATING_MW,0,
8/15/2026 6:40:00 PM,RTD,CLUZ,01CONSOL_G01,G,8/15/2026 6:41:00 PM,8/15/2026 6:45:00 PM,MAX_OPERATING_MW,0,
8/15/2026 6:40:00 PM,RTD,CLUZ,01CONSOL_G01,G,8/15/2026 6:41:00 PM,8/15/2026 6:45:00 PM,MIN_OPERATING_MW,0,
8/15/2026 6:40:00 PM,RTD,CLUZ,01PASBUSOL_G01,G,8/15/2026 6:01:00 PM,8/15/2026 7:00:00 PM,MAX_OPERATING_MW,0.09,
8/15/2026 6:40:00 PM,RTD,CLUZ,01PASBUSOL_G01,G,8/15/2026 6:01:00 PM,8/15/2026 7:00:00 PM,MIN_OPERATING_MW,0.09,
8/15/2026 6:40:00 PM,RTD,CLUZ,01TERRASOL_G01,G,8/15/2026 6:06:00 PM,8/15/2026 9:00:00 PM,MAX_OPERATING_MW,0,
8/15/2026 6:40:00 PM,RTD,CLUZ,01TERRASOL_G01,G,8/15/2026 6:06:00 PM,8/15/2026 9:00:00 PM,MIN_OPERATING_MW,0,
8/15/2026 6:40:00 PM,RTD,CLUZ,03LUMBSOL_G01,G,8/15/2026 6:36:00 PM,8/15/2026 6:40:00 PM,MAX_OPERATING_MW,1,
8/15/2026 6:40:00 PM,RTD,CLUZ,03LUMBSOL_G01,G,8/15/2026 6:36:00 PM,8/15/2026 6:40:00 PM,MIN_OPERATING_MW,1,
8/15/2026 6:40:00 PM,RTD,CLUZ,03LUMBSOL_G01,G,8/15/2026 6:41:00 PM,8/15/2026 6:45:00 PM,MAX_OPERATING_MW,1,
8/15/2026 6:40:00 PM,RTD,CLUZ,03LUMBSOL_G01,G,8/15/2026 6:41:00 PM,8/15/2026 6:45:00 PM,MIN_OPERATING_MW,1,
8/15/2026 6:40:00 PM,RTD,CLUZ,03TANWIND_G01,G,8/15/2026 6:36:00 PM,8/15/2026 6:40:00 PM,MAX_OPERATING_MW,4.50,
8/15/2026 6:40:00 PM,RTD,CLUZ,03TANWIND_G01,G,8/15/2026 6:36:00 PM,8/15/2026 6:40:00 PM,MIN_OPERATING_MW,4.50,
8/15/2026 6:40:00 PM,RTD,CLUZ,03TANWIND_G01,G,8/15/2026 6:41:00 PM,8/15/2026 6:45:00 PM,MAX_OPERATING_MW,4.50,
8/15/2026 6:40:00 PM,RTD,CLUZ,03TANWIND_G01,G,8/15/2026 6:41:00 PM,8/15/2026 6:45:00 PM,MIN_OPERATING_MW,4.50,
8/15/2026 6:40:00 PM,RTD,CMIN,10LIAN_G02,G,8/15/2026,8/15/2026 11:59:00 PM,MAX_OPERATING_MW,6.60,
8/15/2026 6:40:00 PM,RTD,CMIN,10LIAN_G02,G,8/15/2026,8/15/2026 11:59:00 PM,MIN_OPERATING_MW,6.60,
8/15/2026 6:45:00 PM,RTD,CLUZ,01BALWIND_G01,G,8/15/2026 12:16:00 PM,8/16/2026,MAX_OPERATING_MW,40,
8/15/2026 6:45:00 PM,RTD,CLUZ,01BALWIND_G01,G,8/15/2026 12:16:00 PM,8/16/2026,MIN_OPERATING_MW,40,
8/15/2026 6:45:00 PM,RTD,CLUZ,01CONSOL_G01,G,8/15/2026 6:41:00 PM,8/15/2026 6:45:00 PM,MAX_OPERATING_MW,0,
8/15/2026 6:45:00 PM,RTD,CLUZ,01CONSOL_G01,G,8/15/2026 6:41:00 PM,8/15/2026 6:45:00 PM,MIN_OPERATING_MW,0,
8/15/2026 6:45:00 PM,RTD,CLUZ,01CONSOL_G01,G,8/15/2026 6:46:00 PM,8/15/2026 6:50:00 PM,MAX_OPERATING_MW,0,
8/15/2026 6:45:00 PM,RTD,CLUZ,01CONSOL_G01,G,8/15/2026 6:46:00 PM,8/15/2026 6:50:00 PM,MIN_OPERATING_MW,0,
8/15/2026 6:45:00 PM,RTD,CLUZ,01PASBUSOL_G01,G,8/15/2026 6:01:00 PM,8/15/2026 7:00:00 PM,MAX_OPERATING_MW,0.09,
8/15/2026 6:45:00 PM,RTD,CLUZ,01PASBUSOL_G01,G,8/15/2026 6:01:00 PM,8/15/2026 7:00:00 PM,MIN_OPERATING_MW,0.09,
8/15/2026 6:45:00 PM,RTD,CLUZ,01TERRASOL_G01,G,8/15/2026 6:06:00 PM,8/15/2026 9:00:00 PM,MAX_OPERATING_MW,0,
8/15/2026 6:45:00 PM,RTD,CLUZ,01TERRASOL_G01,G,8/15/2026 6:06:00 PM,8/15/2026 9:00:00 PM,MIN_OPERATING_MW,0,
8/15/2026 6:45:00 PM,RTD,CLUZ,03LUMBSOL_G01,G,8/15/2026 6:41:00 PM,8/15/2026 6:45:00 PM,MAX_OPERATING_MW,1,
8/15/2026 6:45:00 PM,RTD,CLUZ,03LUMBSOL_G01,G,8/15/2026 6:41:00 PM,8/15/2026 6:45:00 PM,MIN_OPERATING_MW,1,
8/15/2026 6:45:00 PM,RTD,CLUZ,03LUMBSOL_G01,G,8/15/2026 6:46:00 PM,8/15/2026 6:50:00 PM,MAX_OPERATING_MW,1,
8/15/2026 6:45:00 PM,RTD,CLUZ,03LUMBSOL_G01,G,8/15/2026 6:46:00 PM,8/15/2026 6:50:00 PM,MIN_OPERATING_MW,1,
8/15/2026 6:45:00 PM,RTD,CLUZ,03TANWIND_G01,G,8/15/2026 6:41:00 PM,8/15/2026 6:45:00 PM,MAX_OPERATING_MW,4.50,
8/15/2026 6:45:00 PM,RTD,CLUZ,03TANWIND_G01,G,8/15/2026 6:41:00 PM,8/15/2026 6:45:00 PM,MIN_OPERATING_MW,4.50,
8/15/2026 6:45:00 PM,RTD,CLUZ,03TANWIND_G01,G,8/15/2026 6:46:00 PM,8/15/2026 6:50:00 PM,MAX_OPERATING_MW,4.50,
8/15/2026 6:45:00 PM,RTD,CLUZ,03TANWIND_G01,G,8/15/2026 6:46:00 PM,8/15/2026 6:50:00 PM,MIN_OPERATING_MW,4.50,
8/15/2026 6:45:00 PM,RTD,CMIN,10LIAN_G02,G,8/15/2026,8/15/2026 11:59:00 PM,MAX_OPERATING_MW,6.60,
8/15/2026 6:45:00 PM,RTD,CMIN,10LIAN_G02,G,8/15/2026,8/15/2026 11:59:00 PM,MIN_OPERATING_MW,6.60,
8/15/2026 6:50:00 PM,RTD,CLUZ,01BALWIND_G01,G,8/15/2026 12:16:00 PM,8/16/2026,MAX_OPERATING_MW,40,
8/15/2026 6:50:00 PM,RTD,CLUZ,01BALWIND_G01,G,8/15/2026 12:16:00 PM,8/16/2026,MIN_OPERATING_MW,40,
8/15/2026 6:50:00 PM,RTD,CLUZ,01CONSOL_G01,G,8/15/2026 6:46:00 PM,8/15/2026 6:50:00 PM,MAX_OPERATING_MW,0,
8/15/2026 6:50:00 PM,RTD,CLUZ,01CONSOL_G01,G,8/15/2026 6:46:00 PM,8/15/2026 6:50:00 PM,MIN_OPERATING_MW,0,
8/15/2026 6:50:00 PM,RTD,CLUZ,01CONSOL_G01,G,8/15/2026 6:51:00 PM,8/15/2026 6:55:00 PM,MAX_OPERATING_MW,0,
8/15/2026 6:50:00 PM,RTD,CLUZ,01CONSOL_G01,G,8/15/2026 6:51:00 PM,8/15/2026 6:55:00 PM,MIN_OPERATING_MW,0,
8/15/2026 6:50:00 PM,RTD,CLUZ,01PASBUSOL_G01,G,8/15/2026 6:01:00 PM,8/15/2026 7:00:00 PM,MAX_OPERATING_MW,0.09,
8/15/2026 6:50:00 PM,RTD,CLUZ,01PASBUSOL_G01,G,8/15/2026 6:01:00 PM,8/15/2026 7:00:00 PM,MIN_OPERATING_MW,0.09,
8/15/2026 6:50:00 PM,RTD,CLUZ,01TERRASOL_G01,G,8/15/2026 6:06:00 PM,8/15/2026 9:00:00 PM,MAX_OPERATING_MW,0,
8/15/2026 6:50:00 PM,RTD,CLUZ,01TERRASOL_G01,G,8/15/2026 6:06:00 PM,8/15/2026 9:00:00 PM,MIN_OPERATING_MW,0,
8/15/2026 6:50:00 PM,RTD,CLUZ,03LUMBSOL_G01,G,8/15/2026 6:46:00 PM,8/15/2026 6:50:00 PM,MAX_OPERATING_MW,1,
8/15/2026 6:50:00 PM,RTD,CLUZ,03LUMBSOL_G01,G,8/15/2026 6:46:00 PM,8/15/2026 6:50:00 PM,MIN_OPERATING_MW,1,
8/15/2026 6:50:00 PM,RTD,CLUZ,03LUMBSOL_G01,G,8/15/2026 6:51:00 PM,8/15/2026 6:55:00 PM,MAX_OPERATING_MW,1,
8/15/2026 6:50:00 PM,RTD,CLUZ,03LUMBSOL_G01,G,8/15/2026 6:51:00 PM,8/15/2026 6:55:00 PM,MIN_OPERATING_MW,1,
8/15/2026 6:50:00 PM,RTD,CLUZ,03TANWIND_G01,G,8/15/2026 6:46:00 PM,8/15/2026 6:50:00 PM,MAX_OPERATING_MW,4.50,
8/15/2026 6:50:00 PM,RTD,CLUZ,03TANWIND_G01,G,8/15/2026 6:46:00 PM,8/15/2026 6:50:00 PM,MIN_OPERATING_MW,4.50,
8/15/2026 6:50:00 PM,RTD,CLUZ,03TANWIND_G01,G,8/15/2026 6:51:00 PM,8/15/2026 6:55:00 PM,MAX_OPERATING_MW,4.50,
8/15/2026 6:50:00 PM,RTD,CLUZ,03TANWIND_G01,G,8/15/2026 6:51:00 PM,8/15/2026 6:55:00 PM,MIN_OPERATING_MW,4.50,
8/15/2026 6:50:00 PM,RTD,CMIN,10LIAN_G02,G,8/15/2026,8/15/2026 11:59:00 PM,MAX_OPERATING_MW,6.60,
8/15/2026 6:50:00 PM,RTD,CMIN,10LIAN_G02,G,8/15/2026,8/15/2026 11:59:00 PM,MIN_OPERATING_MW,6.60,
8/15/2026 6:55:00 PM,RTD,CLUZ,01BALWIND_G01,G,8/15/2026 12:16:00 PM,8/16/2026,MAX_OPERATING_MW,40,
8/15/2026 6:55:00 PM,RTD,CLUZ,01BALWIND_G01,G,8/15/2026 12:16:00 PM,8/16/2026,MIN_OPERATING_MW,40,
8/15/2026 6:55:00 PM,RTD,CLUZ,01CONSOL_G01,G,8/15/2026 6:51:00 PM,8/15/2026 6:55:00 PM,MAX_OPERATING_MW,0,
8/15/2026 6:55:00 PM,RTD,CLUZ,01CONSOL_G01,G,8/15/2026 6:51:00 PM,8/15/2026 6:55:00 PM,MIN_OPERATING_MW,0,
8/15/2026 6:55:00 PM,RTD,CLUZ,01CONSOL_G01,G,8/15/2026 6:56:00 PM,8/15/2026 7:00:00 PM,MAX_OPERATING_MW,0,
8/15/2026 6:55:00 PM,RTD,CLUZ,01CONSOL_G01,G,8/15/2026 6:56:00 PM,8/15/2026 7:00:00 PM,MIN_OPERATING_MW,0,
8/15/2026 6:55:00 PM,RTD,CLUZ,01PASBUSOL_G01,G,8/15/2026 6:01:00 PM,8/15/2026 7:00:00 PM,MAX_OPERATING_MW,0.09,
8/15/2026 6:55:00 PM,RTD,CLUZ,01PASBUSOL_G01,G,8/15/2026 6:01:00 PM,8/15/2026 7:00:00 PM,MIN_OPERATING_MW,0.09,
8/15/2026 6:55:00 PM,RTD,CLUZ,01TERRASOL_G01,G,8/15/2026 6:06:00 PM,8/15/2026 9:00:00 PM,MAX_OPERATING_MW,0,
8/15/2026 6:55:00 PM,RTD,CLUZ,01TERRASOL_G01,G,8/15/2026 6:06:00 PM,8/15/2026 9:00:00 PM,MIN_OPERATING_MW,0,
8/15/2026 6:55:00 PM,RTD,CLUZ,03LUMBSOL_G01,G,8/15/2026 6:51:00 PM,8/15/2026 6:55:00 PM,MAX_OPERATING_MW,1,
8/15/2026 6:55:00 PM,RTD,CLUZ,03LUMBSOL_G01,G,8/15/2026 6:51:00 PM,8/15/2026 6:55:00 PM,MIN_OPERATING_MW,1,
8/15/2026 6:55:00 PM,RTD,CLUZ,03LUMBSOL_G01,G,8/15/2026 6:56:00 PM,8/15/2026 7:00:00 PM,MAX_OPERATING_MW,1,
8/15/2026 6:55:00 PM,RTD,CLUZ,03LUMBSOL_G01,G,8/15/2026 6:56:00 PM,8/15/2026 7:00:00 PM,MIN_OPERATING_MW,1,
8/15/2026 6:55:00 PM,RTD,CLUZ,03TANWIND_G01,G,8/15/2026 6:51:00 PM,8/15/2026 6:55:00 PM,MAX_OPERATING_MW,4.50,
8/15/2026 6:55:00 PM,RTD,CLUZ,03TANWIND_G01,G,8/15/2026 6:51:00 PM,8/15/2026 6:55:00 PM,MIN_OPERATING_MW,4.50,
8/15/2026 6:55:00 PM,RTD,CLUZ,03TANWIND_G01,G,8/15/2026 6:56:00 PM,8/15/2026 7:00:00 PM,MAX_OPERATING_MW,4.50,
8/15/2026 6:55:00 PM,RTD,CLUZ,03TANWIND_G01,G,8/15/2026 6:56:00 PM,8/15/2026 7:00:00 PM,MIN_OPERATING_MW,4.50,
8/15/2026 6:55:00 PM,RTD,CMIN,10LIAN_G02,G,8/15/2026,8/15/2026 11:59:00 PM,MAX_OPERATING_MW,6.60,
8/15/2026 6:55:00 PM,RTD,CMIN,10LIAN_G02,G,8/15/2026,8/15/2026 11:59:00 PM,MIN_OPERATING_MW,6.60,
8/15/2026 7:00:00 PM,RTD,CLUZ,01BALWIND_G01,G,8/15/2026 12:16:00 PM,8/16/2026,MAX_OPERATING_MW,40,
8/15/2026 7:00:00 PM,RTD,CLUZ,01CONSOL_G01,G,8/15/2026 6:56:00 PM,8/15/2026 7:00:00 PM,MAX_OPERATING_MW,0,
8/15/2026 7:00:00 PM,RTD,CLUZ,01PASBUSOL_G01,G,8/15/2026 6:01:00 PM,8/15/2026 7:00:00 PM,MAX_OPERATING_MW,0.09,
8/15/2026 7:00:00 PM,RTD,CLUZ,01TERRASOL_G01,G,8/15/2026 6:06:00 PM,8/15/2026 9:00:00 PM,MAX_OPERATING_MW,0,
8/15/2026 7:00:00 PM,RTD,CLUZ,03LUMBSOL_G01,G,8/15/2026 6:56:00 PM,8/15/2026 7:00:00 PM,MAX_OPERATING_MW,1,
8/15/2026 7:00:00 PM,RTD,CLUZ,03TANWIND_G01,G,8/15/2026 6:56:00 PM,8/15/2026 7:00:00 PM,MAX_OPERATING_MW,4.50,
8/15/2026 7:00:00 PM,RTD,CLUZ,03TANWIND_G01,G,8/15/2026 7:01:00 PM,8/15/2026 7:05:00 PM,MAX_OPERATING_MW,3.20,
8/15/2026 7:00:00 PM,RTD,CMIN,10LIAN_G02,G,8/15/2026,8/15/2026 11:59:00 PM,MAX_OPERATING_MW,6.60,
8/15/2026 7:05:00 PM,RTD,CLUZ,01TERRASOL_G01,G,8/15/2026 6:06:00 PM,8/15/2026 9:00:00 PM,MAX_OPERATING_MW,0,
8/15/2026 7:05:00 PM,RTD,CLUZ,01TERRASOL_G01,G,8/15/2026 6:06:00 PM,8/15/2026 9:00:00 PM,MIN_OPERATING_MW,0,
8/15/2026 7:05:00 PM,RTD,CLUZ,03TANWIND_G01,G,8/15/2026 7:01:00 PM,8/15/2026 7:05:00 PM,MAX_OPERATING_MW,3.20,
8/15/2026 7:05:00 PM,RTD,CLUZ,03TANWIND_G01,G,8/15/2026 7:01:00 PM,8/15/2026 7:05:00 PM,MIN_OPERATING_MW,3.20,
8/15/2026 7:05:00 PM,RTD,CLUZ,03TANWIND_G01,G,8/15/2026 7:06:00 PM,8/15/2026 7:10:00 PM,MAX_OPERATING_MW,3.20,
8/15/2026 7:05:00 PM,RTD,CLUZ,03TANWIND_G01,G,8/15/2026 7:06:00 PM,8/15/2026 7:10:00 PM,MIN_OPERATING_MW,3.20,
8/15/2026 7:05:00 PM,RTD,CMIN,10LIAN_G02,G,8/15/2026,8/15/2026 11:59:00 PM,MAX_OPERATING_MW,6.60,
8/15/2026 7:05:00 PM,RTD,CMIN,10LIAN_G02,G,8/15/2026,8/15/2026 11:59:00 PM,MIN_OPERATING_MW,6.60,
8/15/2026 7:10:00 PM,RTD,CLUZ,01TERRASOL_G01,G,8/15/2026 6:06:00 PM,8/15/2026 9:00:00 PM,MAX_OPERATING_MW,0,
8/15/2026 7:10:00 PM,RTD,CLUZ,01TERRASOL_G01,G,8/15/2026 6:06:00 PM,8/15/2026 9:00:00 PM,MIN_OPERATING_MW,0,
8/15/2026 7:10:00 PM,RTD,CLUZ,03TANWIND_G01,G,8/15/2026 7:06:00 PM,8/15/2026 7:10:00 PM,MAX_OPERATING_MW,3.20,
8/15/2026 7:10:00 PM,RTD,CLUZ,03TANWIND_G01,G,8/15/2026 7:06:00 PM,8/15/2026 7:10:00 PM,MIN_OPERATING_MW,3.20,
8/15/2026 7:10:00 PM,RTD,CLUZ,03TANWIND_G01,G,8/15/2026 7:11:00 PM,8/15/2026 7:15:00 PM,MAX_OPERATING_MW,3.20,
8/15/2026 7:10:00 PM,RTD,CLUZ,03TANWIND_G01,G,8/15/2026 7:11:00 PM,8/15/2026 7:15:00 PM,MIN_OPERATING_MW,3.20,
8/15/2026 7:10:00 PM,RTD,CMIN,10LIAN_G02,G,8/15/2026,8/15/2026 11:59:00 PM,MAX_OPERATING_MW,6.60,
8/15/2026 7:10:00 PM,RTD,CMIN,10LIAN_G02,G,8/15/2026,8/15/2026 11:59:00 PM,MIN_OPERATING_MW,6.60,
8/15/2026 7:15:00 PM,RTD,CLUZ,01TERRASOL_G01,G,8/15/2026 6:06:00 PM,8/15/2026 9:00:00 PM,MAX_OPERATING_MW,0,
8/15/2026 7:15:00 PM,RTD,CLUZ,01TERRASOL_G01,G,8/15/2026 6:06:00 PM,8/15/2026 9:00:00 PM,MIN_OPERATING_MW,0,
8/15/2026 7:15:00 PM,RTD,CLUZ,03TANWIND_G01,G,8/15/2026 7:11:00 PM,8/15/2026 7:15:00 PM,MAX_OPERATING_MW,3.20,
8/15/2026 7:15:00 PM,RTD,CLUZ,03TANWIND_G01,G,8/15/2026 7:11:00 PM,8/15/2026 7:15:00 PM,MIN_OPERATING_MW,3.20,
8/15/2026 7:15:00 PM,RTD,CLUZ,03TANWIND_G01,G,8/15/2026 7:16:00 PM,8/15/2026 7:20:00 PM,MAX_OPERATING_MW,3.20,
8/15/2026 7:15:00 PM,RTD,CLUZ,03TANWIND_G01,G,8/15/2026 7:16:00 PM,8/15/2026 7:20:00 PM,MIN_OPERATING_MW,3.20,
8/15/2026 7:15:00 PM,RTD,CMIN,10LIAN_G02,G,8/15/2026,8/15/2026 11:59:00 PM,MAX_OPERATING_MW,6.60,
8/15/2026 7:15:00 PM,RTD,CMIN,10LIAN_G02,G,8/15/2026,8/15/2026 11:59:00 PM,MIN_OPERATING_MW,6.60,
8/15/2026 7:20:00 PM,RTD,CLUZ,01TERRASOL_G01,G,8/15/2026 6:06:00 PM,8/15/2026 9:00:00 PM,MAX_OPERATING_MW,0,
8/15/2026 7:20:00 PM,RTD,CLUZ,01TERRASOL_G01,G,8/15/2026 6:06:00 PM,8/15/2026 9:00:00 PM,MIN_OPERATING_MW,0,
8/15/2026 7:20:00 PM,RTD,CLUZ,03TANWIND_G01,G,8/15/2026 7:16:00 PM,8/15/2026 7:20:00 PM,MAX_OPERATING_MW,3.20,
8/15/2026 7:20:00 PM,RTD,CLUZ,03TANWIND_G01,G,8/15/2026 7:16:00 PM,8/15/2026 7:20:00 PM,MIN_OPERATING_MW,3.20,
8/15/2026 7:20:00 PM,RTD,CLUZ,03TANWIND_G01,G,8/15/2026 7:21:00 PM,8/15/2026 7:25:00 PM,MAX_OPERATING_MW,3.20,
8/15/2026 7:20:00 PM,RTD,CLUZ,03TANWIND_G01,G,8/15/2026 7:21:00 PM,8/15/2026 7:25:00 PM,MIN_OPERATING_MW,3.20,
8/15/2026 7:20:00 PM,RTD,CMIN,10LIAN_G02,G,8/15/2026,8/15/2026 11:59:00 PM,MAX_OPERATING_MW,6.60,
8/15/2026 7:20:00 PM,RTD,CMIN,10LIAN_G02,G,8/15/2026,8/15/2026 11:59:00 PM,MIN_OPERATING_MW,6.60,
8/15/2026 7:25:00 PM,RTD,CLUZ,01TERRASOL_G01,G,8/15/2026 6:06:00 PM,8/15/2026 9:00:00 PM,MAX_OPERATING_MW,0,
8/15/2026 7:25:00 PM,RTD,CLUZ,01TERRASOL_G01,G,8/15/2026 6:06:00 PM,8/15/2026 9:00:00 PM,MIN_OPERATING_MW,0,
8/15/2026 7:25:00 PM,RTD,CLUZ,03TANWIND_G01,G,8/15/2026 7:21:00 PM,8/15/2026 7:25:00 PM,MAX_OPERATING_MW,3.20,
8/15/2026 7:25:00 PM,RTD,CLUZ,03TANWIND_G01,G,8/15/2026 7:21:00 PM,8/15/2026 7:25:00 PM,MIN_OPERATING_MW,3.20,
8/15/2026 7:25:00 PM,RTD,CLUZ,03TANWIND_G01,G,8/15/2026 7:26:00 PM,8/15/2026 7:30:00 PM,MAX_OPERATING_MW,3.20,
8/15/2026 7:25:00 PM,RTD,CLUZ,03TANWIND_G01,G,8/15/2026 7:26:00 PM,8/15/2026 7:30:00 PM,MIN_OPERATING_MW,3.20,
8/15/2026 7:25:00 PM,RTD,CMIN,10LIAN_G02,G,8/15/2026,8/15/2026 11:59:00 PM,MAX_OPERATING_MW,6.60,
8/15/2026 7:25:00 PM,RTD,CMIN,10LIAN_G02,G,8/15/2026,8/15/2026 11:59:00 PM,MIN_OPERATING_MW,6.60,
8/15/2026 7:30:00 PM,RTD,CLUZ,01TERRASOL_G01,G,8/15/2026 6:06:00 PM,8/15/2026 9:00:00 PM,MAX_OPERATING_MW,0,
8/15/2026 7:30:00 PM,RTD,CLUZ,01TERRASOL_G01,G,8/15/2026 6:06:00 PM,8/15/2026 9:00:00 PM,MIN_OPERATING_MW,0,
8/15/2026 7:30:00 PM,RTD,CLUZ,03TANWIND_G01,G,8/15/2026 7:26:00 PM,8/15/2026 7:30:00 PM,MAX_OPERATING_MW,3.20,
8/15/2026 7:30:00 PM,RTD,CLUZ,03TANWIND_G01,G,8/15/2026 7:26:00 PM,8/15/2026 7:30:00 PM,MIN_OPERATING_MW,3.20,
8/15/2026 7:30:00 PM,RTD,CLUZ,03TANWIND_G01,G,8/15/2026 7:31:00 PM,8/15/2026 7:35:00 PM,MAX_OPERATING_MW,3.20,
8/15/2026 7:30:00 PM,RTD,CLUZ,03TANWIND_G01,G,8/15/2026 7:31:00 PM,8/15/2026 7:35:00 PM,MIN_OPERATING_MW,3.20,
8/15/2026 7:30:00 PM,RTD,CMIN,10LIAN_G02,G,8/15/2026,8/15/2026 11:59:00 PM,MAX_OPERATING_MW,6.60,
8/15/2026 7:30:00 PM,RTD,CMIN,10LIAN_G02,G,8/15/2026,8/15/2026 11:59:00 PM,MIN_OPERATING_MW,6.60,
8/15/2026 7:35:00 PM,RTD,CLUZ,01TERRASOL_G01,G,8/15/2026 6:06:00 PM,8/15/2026 9:00:00 PM,MAX_OPERATING_MW,0,
8/15/2026 7:35:00 PM,RTD,CLUZ,01TERRASOL_G01,G,8/15/2026 6:06:00 PM,8/15/2026 9:00:00 PM,MIN_OPERATING_MW,0,
8/15/2026 7:35:00 PM,RTD,CLUZ,03TANWIND_G01,G,8/15/2026 7:31:00 PM,8/15/2026 7:35:00 PM,MAX_OPERATING_MW,3.20,
8/15/2026 7:35:00 PM,RTD,CLUZ,03TANWIND_G01,G,8/15/2026 7:31:00 PM,8/15/2026 7:35:00 PM,MIN_OPERATING_MW,3.20,
8/15/2026 7:35:00 PM,RTD,CLUZ,03TANWIND_G01,G,8/15/2026 7:36:00 PM,8/15/2026 7:40:00 PM,MAX_OPERATING_MW,3.20,
8/15/2026 7:35:00 PM,RTD,CLUZ,03TANWIND_G01,G,8/15/2026 7:36:00 PM,8/15/2026 7:40:00 PM,MIN_OPERATING_MW,3.20,
8/15/2026 7:35:00 PM,RTD,CMIN,10LIAN_G02,G,8/15/2026,8/15/2026 11:59:00 PM,MAX_OPERATING_MW,6.60,
8/15/2026 7:35:00 PM,RTD,CMIN,10LIAN_G02,G,8/15/2026,8/15/2026 11:59:00 PM,MIN_OPERATING_MW,6.60,
8/15/2026 7:40:00 PM,RTD,CLUZ,01TERRASOL_G01,G,8/15/2026 6:06:00 PM,8/15/2026 9:00:00 PM,MAX_OPERATING_MW,0,
8/15/2026 7:40:00 PM,RTD,CLUZ,01TERRASOL_G01,G,8/15/2026 6:06:00 PM,8/15/2026 9:00:00 PM,MIN_OPERATING_MW,0,
8/15/2026 7:40:00 PM,RTD,CLUZ,03TANWIND_G01,G,8/15/2026 7:36:00 PM,8/15/2026 7:40:00 PM,MAX_OPERATING_MW,3.20,
8/15/2026 7:40:00 PM,RTD,CLUZ,03TANWIND_G01,G,8/15/2026 7:36:00 PM,8/15/2026 7:40:00 PM,MIN_OPERATING_MW,3.20,
8/15/2026 7:40:00 PM,RTD,CLUZ,03TANWIND_G01,G,8/15/2026 7:41:00 PM,8/15/2026 7:45:00 PM,MAX_OPERATING_MW,3.20,
8/15/2026 7:40:00 PM,RTD,CLUZ,03TANWIND_G01,G,8/15/2026 7:41:00 PM,8/15/2026 7:45:00 PM,MIN_OPERATING_MW,3.20,
8/15/2026 7:40:00 PM,RTD,CMIN,10LIAN_G02,G,8/15/2026,8/15/2026 11:59:00 PM,MAX_OPERATING_MW,6.60,
8/15/2026 7:40:00 PM,RTD,CMIN,10LIAN_G02,G,8/15/2026,8/15/2026 11:59:00 PM,MIN_OPERATING_MW,6.60,
8/15/2026 7:45:00 PM,RTD,CLUZ,01TERRASOL_G01,G,8/15/2026 6:06:00 PM,8/15/2026 9:00:00 PM,MAX_OPERATING_MW,0,
8/15/2026 7:45:00 PM,RTD,CLUZ,01TERRASOL_G01,G,8/15/2026 6:06:00 PM,8/15/2026 9:00:00 PM,MIN_OPERATING_MW,0,
8/15/2026 7:45:00 PM,RTD,CLUZ,03TANWIND_G01,G,8/15/2026 7:41:00 PM,8/15/2026 7:45:00 PM,MAX_OPERATING_MW,3.20,
8/15/2026 7:45:00 PM,RTD,CLUZ,03TANWIND_G01,G,8/15/2026 7:41:00 PM,8/15/2026 7:45:00 PM,MIN_OPERATING_MW,3.20,
8/15/2026 7:45:00 PM,RTD,CLUZ,03TANWIND_G01,G,8/15/2026 7:46:00 PM,8/15/2026 7:50:00 PM,MAX_OPERATING_MW,3.20,
8/15/2026 7:45:00 PM,RTD,CLUZ,03TANWIND_G01,G,8/15/2026 7:46:00 PM,8/15/2026 7:50:00 PM,MIN_OPERATING_MW,3.20,
8/15/2026 7:45:00 PM,RTD,CMIN,10LIAN_G02,G,8/15/2026,8/15/2026 11:59:00 PM,MAX_OPERATING_MW,6.60,
8/15/2026 7:45:00 PM,RTD,CMIN,10LIAN_G02,G,8/15/2026,8/15/2026 11:59:00 PM,MIN_OPERATING_MW,6.60,
8/15/2026 7:50:00 PM,RTD,CLUZ,01TERRASOL_G01,G,8/15/2026 6:06:00 PM,8/15/2026 9:00:00 PM,MAX_OPERATING_MW,0,
8/15/2026 7:50:00 PM,RTD,CLUZ,01TERRASOL_G01,G,8/15/2026 6:06:00 PM,8/15/2026 9:00:00 PM,MIN_OPERATING_MW,0,
8/15/2026 7:50:00 PM,RTD,CLUZ,03TANWIND_G01,G,8/15/2026 7:46:00 PM,8/15/2026 7:50:00 PM,MAX_OPERATING_MW,3.20,
8/15/2026 7:50:00 PM,RTD,CLUZ,03TANWIND_G01,G,8/15/2026 7:46:00 PM,8/15/2026 7:50:00 PM,MIN_OPERATING_MW,3.20,
8/15/2026 7:50:00 PM,RTD,CLUZ,03TANWIND_G01,G,8/15/2026 7:51:00 PM,8/15/2026 7:55:00 PM,MAX_OPERATING_MW,3.20,
8/15/2026 7:50:00 PM,RTD,CLUZ,03TANWIND_G01,G,8/15/2026 7:51:00 PM,8/15/2026 7:55:00 PM,MIN_OPERATING_MW,3.20,
8/15/2026 7:50:00 PM,RTD,CMIN,10LIAN_G02,G,8/15/2026,8/15/2026 11:59:00 PM,MAX_OPERATING_MW,6.60,
8/15/2026 7:50:00 PM,RTD,CMIN,10LIAN_G02,G,8/15/2026,8/15/2026 11:59:00 PM,MIN_OPERATING_MW,6.60,
8/15/2026 7:55:00 PM,RTD,CLUZ,01TERRASOL_G01,G,8/15/2026 6:06:00 PM,8/15/2026 9:00:00 PM,MAX_OPERATING_MW,0,
8/15/2026 7:55:00 PM,RTD,CLUZ,01TERRASOL_G01,G,8/15/2026 6:06:00 PM,8/15/2026 9:00:00 PM,MIN_OPERATING_MW,0,
8/15/2026 7:55:00 PM,RTD,CLUZ,03TANWIND_G01,G,8/15/2026 7:51:00 PM,8/15/2026 7:55:00 PM,MAX_OPERATING_MW,3.20,
8/15/2026 7:55:00 PM,RTD,CLUZ,03TANWIND_G01,G,8/15/2026 7:51:00 PM,8/15/2026 7:55:00 PM,MIN_OPERATING_MW,3.20,
8/15/2026 7:55:00 PM,RTD,CLUZ,03TANWIND_G01,G,8/15/2026 7:56:00 PM,8/15/2026 8:00:00 PM,MAX_OPERATING_MW,3.20,
8/15/2026 7:55:00 PM,RTD,CLUZ,03TANWIND_G01,G,8/15/2026 7:56:00 PM,8/15/2026 8:00:00 PM,MIN_OPERATING_MW,3.20,
8/15/2026 7:55:00 PM,RTD,CMIN,10LIAN_G02,G,8/15/2026,8/15/2026 11:59:00 PM,MAX_OPERATING_MW,6.60,
8/15/2026 7:55:00 PM,RTD,CMIN,10LIAN_G02,G,8/15/2026,8/15/2026 11:59:00 PM,MIN_OPERATING_MW,6.60,
8/15/2026 8:00:00 PM,RTD,CLUZ,01TERRASOL_G01,G,8/15/2026 6:06:00 PM,8/15/2026 9:00:00 PM,MAX_OPERATING_MW,0,
8/15/2026 8:00:00 PM,RTD,CLUZ,01TERRASOL_G01,G,8/15/2026 6:06:00 PM,8/15/2026 9:00:00 PM,MIN_OPERATING_MW,0,
8/15/2026 8:00:00 PM,RTD,CLUZ,03TANWIND_G01,G,8/15/2026 7:56:00 PM,8/15/2026 8:00:00 PM,MAX_OPERATING_MW,3.20,
8/15/2026 8:00:00 PM,RTD,CLUZ,03TANWIND_G01,G,8/15/2026 7:56:00 PM,8/15/2026 8:00:00 PM,MIN_OPERATING_MW,3.20,
8/15/2026 8:00:00 PM,RTD,CLUZ,03TANWIND_G01,G,8/15/2026 8:01:00 PM,8/15/2026 8:05:00 PM,MAX_OPERATING_MW,3.20,
8/15/2026 8:00:00 PM,RTD,CLUZ,03TANWIND_G01,G,8/15/2026 8:01:00 PM,8/15/2026 8:05:00 PM,MIN_OPERATING_MW,3.20,
8/15/2026 8:00:00 PM,RTD,CMIN,10LIAN_G02,G,8/15/2026,8/15/2026 11:59:00 PM,MAX_OPERATING_MW,6.60,
8/15/2026 8:00:00 PM,RTD,CMIN,10LIAN_G02,G,8/15/2026,8/15/2026 11:59:00 PM,MIN_OPERATING_MW,6.60,
8/15/2026 8:05:00 PM,RTD,CLUZ,01TERRASOL_G01,G,8/15/2026 6:06:00 PM,8/15/2026 9:00:00 PM,MAX_OPERATING_MW,0,
8/15/2026 8:05:00 PM,RTD,CLUZ,01TERRASOL_G01,G,8/15/2026 6:06:00 PM,8/15/2026 9:00:00 PM,MIN_OPERATING_MW,0,
8/15/2026 8:05:00 PM,RTD,CLUZ,03TANWIND_G01,G,8/15/2026 8:01:00 PM,8/15/2026 8:05:00 PM,MAX_OPERATING_MW,3.20,
8/15/2026 8:05:00 PM,RTD,CLUZ,03TANWIND_G01,G,8/15/2026 8:01:00 PM,8/15/2026 8:05:00 PM,MIN_OPERATING_MW,3.20,
8/15/2026 8:05:00 PM,RTD,CLUZ,03TANWIND_G01,G,8/15/2026 8:06:00 PM,8/15/2026 8:10:00 PM,MAX_OPERATING_MW,3.20,
8/15/2026 8:05:00 PM,RTD,CLUZ,03TANWIND_G01,G,8/15/2026 8:06:00 PM,8/15/2026 8:10:00 PM,MIN_OPERATING_MW,3.20,
8/15/2026 8:05:00 PM,RTD,CMIN,10LIAN_G02,G,8/15/2026,8/15/2026 11:59:00 PM,MAX_OPERATING_MW,6.60,
8/15/2026 8:05:00 PM,RTD,CMIN,10LIAN_G02,G,8/15/2026,8/15/2026 11:59:00 PM,MIN_OPERATING_MW,6.60,
8/15/2026 8:10:00 PM,RTD,CLUZ,01TERRASOL_G01,G,8/15/2026 6:06:00 PM,8/15/2026 9:00:00 PM,MAX_OPERATING_MW,0,
8/15/2026 8:10:00 PM,RTD,CLUZ,01TERRASOL_G01,G,8/15/2026 6:06:00 PM,8/15/2026 9:00:00 PM,MIN_OPERATING_MW,0,
8/15/2026 8:10:00 PM,RTD,CLUZ,03TANWIND_G01,G,8/15/2026 8:06:00 PM,8/15/2026 8:10:00 PM,MAX_OPERATING_MW,3.20,
8/15/2026 8:10:00 PM,RTD,CLUZ,03TANWIND_G01,G,8/15/2026 8:06:00 PM,8/15/2026 8:10:00 PM,MIN_OPERATING_MW,3.20,
8/15/2026 8:10:00 PM,RTD,CLUZ,03TANWIND_G01,G,8/15/2026 8:11:00 PM,8/15/2026 8:15:00 PM,MAX_OPERATING_MW,3.20,
8/15/2026 8:10:00 PM,RTD,CLUZ,03TANWIND_G01,G,8/15/2026 8:11:00 PM,8/15/2026 8:15:00 PM,MIN_OPERATING_MW,3.20,
8/15/2026 8:10:00 PM,RTD,CMIN,10LIAN_G02,G,8/15/2026,8/15/2026 11:59:00 PM,MAX_OPERATING_MW,6.60,
8/15/2026 8:10:00 PM,RTD,CMIN,10LIAN_G02,G,8/15/2026,8/15/2026 11:59:00 PM,MIN_OPERATING_MW,6.60,
8/15/2026 8:15:00 PM,RTD,CLUZ,01TERRASOL_G01,G,8/15/2026 6:06:00 PM,8/15/2026 9:00:00 PM,MAX_OPERATING_MW,0,
8/15/2026 8:15:00 PM,RTD,CLUZ,01TERRASOL_G01,G,8/15/2026 6:06:00 PM,8/15/2026 9:00:00 PM,MIN_OPERATING_MW,0,
8/15/2026 8:15:00 PM,RTD,CLUZ,03TANWIND_G01,G,8/15/2026 8:11:00 PM,8/15/2026 8:15:00 PM,MAX_OPERATING_MW,3.20,
8/15/2026 8:15:00 PM,RTD,CLUZ,03TANWIND_G01,G,8/15/2026 8:11:00 PM,8/15/2026 8:15:00 PM,MIN_OPERATING_MW,3.20,
8/15/2026 8:15:00 PM,RTD,CLUZ,03TANWIND_G01,G,8/15/2026 8:16:00 PM,8/15/2026 8:20:00 PM,MAX_OPERATING_MW,3.20,
8/15/2026 8:15:00 PM,RTD,CLUZ,03TANWIND_G01,G,8/15/2026 8:16:00 PM,8/15/2026 8:20:00 PM,MIN_OPERATING_MW,3.20,
8/15/2026 8:15:00 PM,RTD,CMIN,10LIAN_G02,G,8/15/2026,8/15/2026 11:59:00 PM,MAX_OPERATING_MW,6.60,
8/15/2026 8:15:00 PM,RTD,CMIN,10LIAN_G02,G,8/15/2026,8/15/2026 11:59:00 PM,MIN_OPERATING_MW,6.60,
8/15/2026 8:20:00 PM,RTD,CLUZ,01TERRASOL_G01,G,8/15/2026 6:06:00 PM,8/15/2026 9:00:00 PM,MAX_OPERATING_MW,0,
8/15/2026 8:20:00 PM,RTD,CLUZ,01TERRASOL_G01,G,8/15/2026 6:06:00 PM,8/15/2026 9:00:00 PM,MIN_OPERATING_MW,0,
8/15/2026 8:20:00 PM,RTD,CLUZ,03TANWIND_G01,G,8/15/2026 8:16:00 PM,8/15/2026 8:20:00 PM,MAX_OPERATING_MW,3.20,
8/15/2026 8:20:00 PM,RTD,CLUZ,03TANWIND_G01,G,8/15/2026 8:16:00 PM,8/15/2026 8:20:00 PM,MIN_OPERATING_MW,3.20,
8/15/2026 8:20:00 PM,RTD,CLUZ,03TANWIND_G01,G,8/15/2026 8:21:00 PM,8/15/2026 8:25:00 PM,MAX_OPERATING_MW,3.20,
8/15/2026 8:20:00 PM,RTD,CLUZ,03TANWIND_G01,G,8/15/2026 8:21:00 PM,8/15/2026 8:25:00 PM,MIN_OPERATING_MW,3.20,
8/15/2026 8:20:00 PM,RTD,CMIN,10LIAN_G02,G,8/15/2026,8/15/2026 11:59:00 PM,MAX_OPERATING_MW,6.60,
8/15/2026 8:20:00 PM,RTD,CMIN,10LIAN_G02,G,8/15/2026,8/15/2026 11:59:00 PM,MIN_OPERATING_MW,6.60,
8/15/2026 8:25:00 PM,RTD,CLUZ,01TERRASOL_G01,G,8/15/2026 6:06:00 PM,8/15/2026 9:00:00 PM,MAX_OPERATING_MW,0,
8/15/2026 8:25:00 PM,RTD,CLUZ,01TERRASOL_G01,G,8/15/2026 6:06:00 PM,8/15/2026 9:00:00 PM,MIN_OPERATING_MW,0,
8/15/2026 8:25:00 PM,RTD,CLUZ,03TANWIND_G01,G,8/15/2026 8:21:00 PM,8/15/2026 8:25:00 PM,MAX_OPERATING_MW,3.20,
8/15/2026 8:25:00 PM,RTD,CLUZ,03TANWIND_G01,G,8/15/2026 8:21:00 PM,8/15/2026 8:25:00 PM,MIN_OPERATING_MW,3.20,
8/15/2026 8:25:00 PM,RTD,CLUZ,03TANWIND_G01,G,8/15/2026 8:26:00 PM,8/15/2026 8:30:00 PM,MAX_OPERATING_MW,3.20,
8/15/2026 8:25:00 PM,RTD,CLUZ,03TANWIND_G01,G,8/15/2026 8:26:00 PM,8/15/2026 8:30:00 PM,MIN_OPERATING_MW,3.20,
8/15/2026 8:25:00 PM,RTD,CMIN,10LIAN_G02,G,8/15/2026,8/15/2026 11:59:00 PM,MAX_OPERATING_MW,6.60,
8/15/2026 8:25:00 PM,RTD,CMIN,10LIAN_G02,G,8/15/2026,8/15/2026 11:59:00 PM,MIN_OPERATING_MW,6.60,
8/15/2026 8:30:00 PM,RTD,CLUZ,01TERRASOL_G01,G,8/15/2026 6:06:00 PM,8/15/2026 9:00:00 PM,MAX_OPERATING_MW,0,
8/15/2026 8:30:00 PM,RTD,CLUZ,01TERRASOL_G01,G,8/15/2026 6:06:00 PM,8/15/2026 9:00:00 PM,MIN_OPERATING_MW,0,
8/15/2026 8:30:00 PM,RTD,CLUZ,03TANWIND_G01,G,8/15/2026 8:26:00 PM,8/15/2026 8:30:00 PM,MAX_OPERATING_MW,3.20,
8/15/2026 8:30:00 PM,RTD,CLUZ,03TANWIND_G01,G,8/15/2026 8:26:00 PM,8/15/2026 8:30:00 PM,MIN_OPERATING_MW,3.20,
8/15/2026 8:30:00 PM,RTD,CLUZ,03TANWIND_G01,G,8/15/2026 8:31:00 PM,8/15/2026 8:35:00 PM,MAX_OPERATING_MW,3.20,
8/15/2026 8:30:00 PM,RTD,CLUZ,03TANWIND_G01,G,8/15/2026 8:31:00 PM,8/15/2026 8:35:00 PM,MIN_OPERATING_MW,3.20,
8/15/2026 8:30:00 PM,RTD,CMIN,10LIAN_G02,G,8/15/2026,8/15/2026 11:59:00 PM,MAX_OPERATING_MW,6.60,
8/15/2026 8:30:00 PM,RTD,CMIN,10LIAN_G02,G,8/15/2026,8/15/2026 11:59:00 PM,MIN_OPERATING_MW,6.60,
8/15/2026 8:35:00 PM,RTD,CLUZ,01TERRASOL_G01,G,8/15/2026 6:06:00 PM,8/15/2026 9:00:00 PM,MAX_OPERATING_MW,0,
8/15/2026 8:35:00 PM,RTD,CLUZ,01TERRASOL_G01,G,8/15/2026 6:06:00 PM,8/15/2026 9:00:00 PM,MIN_OPERATING_MW,0,
8/15/2026 8:35:00 PM,RTD,CLUZ,03TANWIND_G01,G,8/15/2026 8:31:00 PM,8/15/2026 8:35:00 PM,MAX_OPERATING_MW,3.20,
8/15/2026 8:35:00 PM,RTD,CLUZ,03TANWIND_G01,G,8/15/2026 8:31:00 PM,8/15/2026 8:35:00 PM,MIN_OPERATING_MW,3.20,
8/15/2026 8:35:00 PM,RTD,CLUZ,03TANWIND_G01,G,8/15/2026 8:36:00 PM,8/15/2026 8:40:00 PM,MAX_OPERATING_MW,3.20,
8/15/2026 8:35:00 PM,RTD,CLUZ,03TANWIND_G01,G,8/15/2026 8:36:00 PM,8/15/2026 8:40:00 PM,MIN_OPERATING_MW,3.20,
8/15/2026 8:35:00 PM,RTD,CMIN,10LIAN_G02,G,8/15/2026,8/15/2026 11:59:00 PM,MAX_OPERATING_MW,6.60,
8/15/2026 8:35:00 PM,RTD,CMIN,10LIAN_G02,G,8/15/2026,8/15/2026 11:59:00 PM,MIN_OPERATING_MW,6.60,
8/15/2026 8:40:00 PM,RTD,CLUZ,01TERRASOL_G01,G,8/15/2026 6:06:00 PM,8/15/2026 9:00:00 PM,MAX_OPERATING_MW,0,
8/15/2026 8:40:00 PM,RTD,CLUZ,01TERRASOL_G01,G,8/15/2026 6:06:00 PM,8/15/2026 9:00:00 PM,MIN_OPERATING_MW,0,
8/15/2026 8:40:00 PM,RTD,CLUZ,03TANWIND_G01,G,8/15/2026 8:36:00 PM,8/15/2026 8:40:00 PM,MAX_OPERATING_MW,3.20,
8/15/2026 8:40:00 PM,RTD,CLUZ,03TANWIND_G01,G,8/15/2026 8:36:00 PM,8/15/2026 8:40:00 PM,MIN_OPERATING_MW,3.20,
8/15/2026 8:40:00 PM,RTD,CLUZ,03TANWIND_G01,G,8/15/2026 8:41:00 PM,8/15/2026 8:45:00 PM,MAX_OPERATING_MW,3.20,
8/15/2026 8:40:00 PM,RTD,CLUZ,03TANWIND_G01,G,8/15/2026 8:41:00 PM,8/15/2026 8:45:00 PM,MIN_OPERATING_MW,3.20,
8/15/2026 8:40:00 PM,RTD,CMIN,10LIAN_G02,G,8/15/2026,8/15/2026 11:59:00 PM,MAX_OPERATING_MW,6.60,
8/15/2026 8:40:00 PM,RTD,CMIN,10LIAN_G02,G,8/15/2026,8/15/2026 11:59:00 PM,MIN_OPERATING_MW,6.60,
8/15/2026 8:45:00 PM,RTD,CLUZ,01TERRASOL_G01,G,8/15/2026 6:06:00 PM,8/15/2026 9:00:00 PM,MAX_OPERATING_MW,0,
8/15/2026 8:45:00 PM,RTD,CLUZ,01TERRASOL_G01,G,8/15/2026 6:06:00 PM,8/15/2026 9:00:00 PM,MIN_OPERATING_MW,0,
8/15/2026 8:45:00 PM,RTD,CLUZ,03TANWIND_G01,G,8/15/2026 8:41:00 PM,8/15/2026 8:45:00 PM,MAX_OPERATING_MW,3.20,
8/15/2026 8:45:00 PM,RTD,CLUZ,03TANWIND_G01,G,8/15/2026 8:41:00 PM,8/15/2026 8:45:00 PM,MIN_OPERATING_MW,3.20,
8/15/2026 8:45:00 PM,RTD,CLUZ,03TANWIND_G01,G,8/15/2026 8:46:00 PM,8/15/2026 8:50:00 PM,MAX_OPERATING_MW,3.20,
8/15/2026 8:45:00 PM,RTD,CLUZ,03TANWIND_G01,G,8/15/2026 8:46:00 PM,8/15/2026 8:50:00 PM,MIN_OPERATING_MW,3.20,
8/15/2026 8:45:00 PM,RTD,CMIN,10LIAN_G02,G,8/15/2026,8/15/2026 11:59:00 PM,MAX_OPERATING_MW,6.60,
8/15/2026 8:45:00 PM,RTD,CMIN,10LIAN_G02,G,8/15/2026,8/15/2026 11:59:00 PM,MIN_OPERATING_MW,6.60,
8/15/2026 8:50:00 PM,RTD,CLUZ,01TERRASOL_G01,G,8/15/2026 6:06:00 PM,8/15/2026 9:00:00 PM,MAX_OPERATING_MW,0,
8/15/2026 8:50:00 PM,RTD,CLUZ,01TERRASOL_G01,G,8/15/2026 6:06:00 PM,8/15/2026 9:00:00 PM,MIN_OPERATING_MW,0,
8/15/2026 8:50:00 PM,RTD,CLUZ,03TANWIND_G01,G,8/15/2026 8:46:00 PM,8/15/2026 8:50:00 PM,MAX_OPERATING_MW,3.20,
8/15/2026 8:50:00 PM,RTD,CLUZ,03TANWIND_G01,G,8/15/2026 8:46:00 PM,8/15/2026 8:50:00 PM,MIN_OPERATING_MW,3.20,
8/15/2026 8:50:00 PM,RTD,CLUZ,03TANWIND_G01,G,8/15/2026 8:51:00 PM,8/15/2026 8:55:00 PM,MAX_OPERATING_MW,3.20,
8/15/2026 8:50:00 PM,RTD,CLUZ,03TANWIND_G01,G,8/15/2026 8:51:00 PM,8/15/2026 8:55:00 PM,MIN_OPERATING_MW,3.20,
8/15/2026 8:50:00 PM,RTD,CMIN,10LIAN_G02,G,8/15/2026,8/15/2026 11:59:00 PM,MAX_OPERATING_MW,6.60,
8/15/2026 8:50:00 PM,RTD,CMIN,10LIAN_G02,G,8/15/2026,8/15/2026 11:59:00 PM,MIN_OPERATING_MW,6.60,
8/15/2026 8:55:00 PM,RTD,CLUZ,01TERRASOL_G01,G,8/15/2026 6:06:00 PM,8/15/2026 9:00:00 PM,MAX_OPERATING_MW,0,
8/15/2026 8:55:00 PM,RTD,CLUZ,01TERRASOL_G01,G,8/15/2026 6:06:00 PM,8/15/2026 9:00:00 PM,MIN_OPERATING_MW,0,
8/15/2026 8:55:00 PM,RTD,CLUZ,03TANWIND_G01,G,8/15/2026 8:51:00 PM,8/15/2026 8:55:00 PM,MAX_OPERATING_MW,3.20,
8/15/2026 8:55:00 PM,RTD,CLUZ,03TANWIND_G01,G,8/15/2026 8:51:00 PM,8/15/2026 8:55:00 PM,MIN_OPERATING_MW,3.20,
8/15/2026 8:55:00 PM,RTD,CLUZ,03TANWIND_G01,G,8/15/2026 8:56:00 PM,8/15/2026 9:00:00 PM,MAX_OPERATING_MW,3.20,
8/15/2026 8:55:00 PM,RTD,CLUZ,03TANWIND_G01,G,8/15/2026 8:56:00 PM,8/15/2026 9:00:00 PM,MIN_OPERATING_MW,3.20,
8/15/2026 8:55:00 PM,RTD,CMIN,10LIAN_G02,G,8/15/2026,8/15/2026 11:59:00 PM,MAX_OPERATING_MW,6.60,
8/15/2026 8:55:00 PM,RTD,CMIN,10LIAN_G02,G,8/15/2026,8/15/2026 11:59:00 PM,MIN_OPERATING_MW,6.60,
8/15/2026 9:00:00 PM,RTD,CLUZ,01TERRASOL_G01,G,8/15/2026 6:06:00 PM,8/15/2026 9:00:00 PM,MAX_OPERATING_MW,0,
8/15/2026 9:00:00 PM,RTD,CLUZ,01TERRASOL_G01,G,8/15/2026 6:06:00 PM,8/15/2026 9:00:00 PM,MIN_OPERATING_MW,0,
8/15/2026 9:00:00 PM,RTD,CLUZ,01TERRASOL_G01,G,8/15/2026 9:01:00 PM,8/15/2026 9:05:00 PM,MAX_OPERATING_MW,100,
8/15/2026 9:00:00 PM,RTD,CLUZ,01TERRASOL_G01,G,8/15/2026 9:01:00 PM,8/15/2026 9:05:00 PM,MIN_OPERATING_MW,100,
8/15/2026 9:00:00 PM,RTD,CLUZ,03TANWIND_G01,G,8/15/2026 8:56:00 PM,8/15/2026 9:00:00 PM,MAX_OPERATING_MW,3.20,
8/15/2026 9:00:00 PM,RTD,CLUZ,03TANWIND_G01,G,8/15/2026 8:56:00 PM,8/15/2026 9:00:00 PM,MIN_OPERATING_MW,3.20,
8/15/2026 9:00:00 PM,RTD,CLUZ,03TANWIND_G01,G,8/15/2026 9:01:00 PM,8/15/2026 9:05:00 PM,MAX_OPERATING_MW,2.50,
8/15/2026 9:00:00 PM,RTD,CLUZ,03TANWIND_G01,G,8/15/2026 9:01:00 PM,8/15/2026 9:05:00 PM,MIN_OPERATING_MW,2.50,
8/15/2026 9:00:00 PM,RTD,CMIN,10LIAN_G02,G,8/15/2026,8/15/2026 11:59:00 PM,MAX_OPERATING_MW,6.60,
8/15/2026 9:00:00 PM,RTD,CMIN,10LIAN_G02,G,8/15/2026,8/15/2026 11:59:00 PM,MIN_OPERATING_MW,6.60,
8/15/2026 9:05:00 PM,RTD,CLUZ,01TERRASOL_G01,G,8/15/2026 9:01:00 PM,8/15/2026 9:05:00 PM,MAX_OPERATING_MW,100,
8/15/2026 9:05:00 PM,RTD,CLUZ,01TERRASOL_G01,G,8/15/2026 9:01:00 PM,8/15/2026 9:05:00 PM,MIN_OPERATING_MW,100,
8/15/2026 9:05:00 PM,RTD,CLUZ,01TERRASOL_G01,G,8/15/2026 9:06:00 PM,8/15/2026 9:10:00 PM,MAX_OPERATING_MW,200,
8/15/2026 9:05:00 PM,RTD,CLUZ,01TERRASOL_G01,G,8/15/2026 9:06:00 PM,8/15/2026 9:10:00 PM,MIN_OPERATING_MW,200,
8/15/2026 9:05:00 PM,RTD,CLUZ,03TANWIND_G01,G,8/15/2026 9:01:00 PM,8/15/2026 9:05:00 PM,MAX_OPERATING_MW,2.50,
8/15/2026 9:05:00 PM,RTD,CLUZ,03TANWIND_G01,G,8/15/2026 9:01:00 PM,8/15/2026 9:05:00 PM,MIN_OPERATING_MW,2.50,
8/15/2026 9:05:00 PM,RTD,CLUZ,03TANWIND_G01,G,8/15/2026 9:06:00 PM,8/15/2026 9:10:00 PM,MAX_OPERATING_MW,2.50,
8/15/2026 9:05:00 PM,RTD,CLUZ,03TANWIND_G01,G,8/15/2026 9:06:00 PM,8/15/2026 9:10:00 PM,MIN_OPERATING_MW,2.50,
8/15/2026 9:05:00 PM,RTD,CMIN,10LIAN_G02,G,8/15/2026,8/15/2026 11:59:00 PM,MAX_OPERATING_MW,6.60,
8/15/2026 9:05:00 PM,RTD,CMIN,10LIAN_G02,G,8/15/2026,8/15/2026 11:59:00 PM,MIN_OPERATING_MW,6.60,
8/15/2026 9:10:00 PM,RTD,CLUZ,01TERRASOL_G01,G,8/15/2026 9:06:00 PM,8/15/2026 9:10:00 PM,MAX_OPERATING_MW,200,
8/15/2026 9:10:00 PM,RTD,CLUZ,01TERRASOL_G01,G,8/15/2026 9:06:00 PM,8/15/2026 9:10:00 PM,MIN_OPERATING_MW,200,
8/15/2026 9:10:00 PM,RTD,CLUZ,01TERRASOL_G01,G,8/15/2026 9:11:00 PM,8/15/2026 9:15:00 PM,MAX_OPERATING_MW,300,
8/15/2026 9:10:00 PM,RTD,CLUZ,01TERRASOL_G01,G,8/15/2026 9:11:00 PM,8/15/2026 9:15:00 PM,MIN_OPERATING_MW,300,
8/15/2026 9:10:00 PM,RTD,CLUZ,03TANWIND_G01,G,8/15/2026 9:06:00 PM,8/15/2026 9:10:00 PM,MAX_OPERATING_MW,2.50,
8/15/2026 9:10:00 PM,RTD,CLUZ,03TANWIND_G01,G,8/15/2026 9:06:00 PM,8/15/2026 9:10:00 PM,MIN_OPERATING_MW,2.50,
8/15/2026 9:10:00 PM,RTD,CLUZ,03TANWIND_G01,G,8/15/2026 9:11:00 PM,8/15/2026 9:15:00 PM,MAX_OPERATING_MW,2.50,
8/15/2026 9:10:00 PM,RTD,CLUZ,03TANWIND_G01,G,8/15/2026 9:11:00 PM,8/15/2026 9:15:00 PM,MIN_OPERATING_MW,2.50,
8/15/2026 9:10:00 PM,RTD,CMIN,10LIAN_G02,G,8/15/2026,8/15/2026 11:59:00 PM,MAX_OPERATING_MW,6.60,
8/15/2026 9:10:00 PM,RTD,CMIN,10LIAN_G02,G,8/15/2026,8/15/2026 11:59:00 PM,MIN_OPERATING_MW,6.60,
8/15/2026 9:15:00 PM,RTD,CLUZ,01TERRASOL_G01,G,8/15/2026 9:11:00 PM,8/15/2026 9:15:00 PM,MAX_OPERATING_MW,300,
8/15/2026 9:15:00 PM,RTD,CLUZ,01TERRASOL_G01,G,8/15/2026 9:11:00 PM,8/15/2026 9:15:00 PM,MIN_OPERATING_MW,300,
8/15/2026 9:15:00 PM,RTD,CLUZ,01TERRASOL_G01,G,8/15/2026 9:16:00 PM,8/15/2026 9:20:00 PM,MAX_OPERATING_MW,400,
8/15/2026 9:15:00 PM,RTD,CLUZ,01TERRASOL_G01,G,8/15/2026 9:16:00 PM,8/15/2026 9:20:00 PM,MIN_OPERATING_MW,400,
8/15/2026 9:15:00 PM,RTD,CLUZ,03TANWIND_G01,G,8/15/2026 9:11:00 PM,8/15/2026 9:15:00 PM,MAX_OPERATING_MW,2.50,
8/15/2026 9:15:00 PM,RTD,CLUZ,03TANWIND_G01,G,8/15/2026 9:11:00 PM,8/15/2026 9:15:00 PM,MIN_OPERATING_MW,2.50,
8/15/2026 9:15:00 PM,RTD,CLUZ,03TANWIND_G01,G,8/15/2026 9:16:00 PM,8/15/2026 9:20:00 PM,MAX_OPERATING_MW,2.50,
8/15/2026 9:15:00 PM,RTD,CLUZ,03TANWIND_G01,G,8/15/2026 9:16:00 PM,8/15/2026 9:20:00 PM,MIN_OPERATING_MW,2.50,
8/15/2026 9:15:00 PM,RTD,CMIN,10LIAN_G02,G,8/15/2026,8/15/2026 11:59:00 PM,MAX_OPERATING_MW,6.60,
8/15/2026 9:15:00 PM,RTD,CMIN,10LIAN_G02,G,8/15/2026,8/15/2026 11:59:00 PM,MIN_OPERATING_MW,6.60,
8/15/2026 9:20:00 PM,RTD,CLUZ,01TERRASOL_G01,G,8/15/2026 9:16:00 PM,8/15/2026 9:20:00 PM,MAX_OPERATING_MW,400,
8/15/2026 9:20:00 PM,RTD,CLUZ,01TERRASOL_G01,G,8/15/2026 9:16:00 PM,8/15/2026 9:20:00 PM,MIN_OPERATING_MW,400,
8/15/2026 9:20:00 PM,RTD,CLUZ,01TERRASOL_G01,G,8/15/2026 9:21:00 PM,8/15/2026 9:25:00 PM,MAX_OPERATING_MW,500,
8/15/2026 9:20:00 PM,RTD,CLUZ,01TERRASOL_G01,G,8/15/2026 9:21:00 PM,8/15/2026 9:25:00 PM,MIN_OPERATING_MW,500,
8/15/2026 9:20:00 PM,RTD,CLUZ,03TANWIND_G01,G,8/15/2026 9:16:00 PM,8/15/2026 9:20:00 PM,MAX_OPERATING_MW,2.50,
8/15/2026 9:20:00 PM,RTD,CLUZ,03TANWIND_G01,G,8/15/2026 9:16:00 PM,8/15/2026 9:20:00 PM,MIN_OPERATING_MW,2.50,
8/15/2026 9:20:00 PM,RTD,CLUZ,03TANWIND_G01,G,8/15/2026 9:21:00 PM,8/15/2026 9:25:00 PM,MAX_OPERATING_MW,2.50,
8/15/2026 9:20:00 PM,RTD,CLUZ,03TANWIND_G01,G,8/15/2026 9:21:00 PM,8/15/2026 9:25:00 PM,MIN_OPERATING_MW,2.50,
8/15/2026 9:20:00 PM,RTD,CMIN,10LIAN_G02,G,8/15/2026,8/15/2026 11:59:00 PM,MAX_OPERATING_MW,6.60,
8/15/2026 9:20:00 PM,RTD,CMIN,10LIAN_G02,G,8/15/2026,8/15/2026 11:59:00 PM,MIN_OPERATING_MW,6.60,
8/15/2026 9:25:00 PM,RTD,CLUZ,01TERRASOL_G01,G,8/15/2026 9:21:00 PM,8/15/2026 9:25:00 PM,MAX_OPERATING_MW,500,
8/15/2026 9:25:00 PM,RTD,CLUZ,01TERRASOL_G01,G,8/15/2026 9:21:00 PM,8/15/2026 9:25:00 PM,MIN_OPERATING_MW,500,
8/15/2026 9:25:00 PM,RTD,CLUZ,01TERRASOL_G01,G,8/15/2026 9:26:00 PM,8/15/2026 10:05:00 PM,MAX_OPERATING_MW,600,
8/15/2026 9:25:00 PM,RTD,CLUZ,01TERRASOL_G01,G,8/15/2026 9:26:00 PM,8/15/2026 10:05:00 PM,MIN_OPERATING_MW,600,
8/15/2026 9:25:00 PM,RTD,CLUZ,03TANWIND_G01,G,8/15/2026 9:21:00 PM,8/15/2026 9:25:00 PM,MAX_OPERATING_MW,2.50,
8/15/2026 9:25:00 PM,RTD,CLUZ,03TANWIND_G01,G,8/15/2026 9:21:00 PM,8/15/2026 9:25:00 PM,MIN_OPERATING_MW,2.50,
8/15/2026 9:25:00 PM,RTD,CLUZ,03TANWIND_G01,G,8/15/2026 9:26:00 PM,8/15/2026 9:30:00 PM,MAX_OPERATING_MW,2.50,
8/15/2026 9:25:00 PM,RTD,CLUZ,03TANWIND_G01,G,8/15/2026 9:26:00 PM,8/15/2026 9:30:00 PM,MIN_OPERATING_MW,2.50,
8/15/2026 9:25:00 PM,RTD,CMIN,10LIAN_G02,G,8/15/2026,8/15/2026 11:59:00 PM,MAX_OPERATING_MW,6.60,
8/15/2026 9:25:00 PM,RTD,CMIN,10LIAN_G02,G,8/15/2026,8/15/2026 11:59:00 PM,MIN_OPERATING_MW,6.60,
8/15/2026 9:30:00 PM,RTD,CLUZ,01TERRASOL_G01,G,8/15/2026 9:26:00 PM,8/15/2026 10:05:00 PM,MAX_OPERATING_MW,600,
8/15/2026 9:30:00 PM,RTD,CLUZ,01TERRASOL_G01,G,8/15/2026 9:26:00 PM,8/15/2026 10:05:00 PM,MIN_OPERATING_MW,600,
8/15/2026 9:30:00 PM,RTD,CLUZ,03TANWIND_G01,G,8/15/2026 9:26:00 PM,8/15/2026 9:30:00 PM,MAX_OPERATING_MW,2.50,
8/15/2026 9:30:00 PM,RTD,CLUZ,03TANWIND_G01,G,8/15/2026 9:26:00 PM,8/15/2026 9:30:00 PM,MIN_OPERATING_MW,2.50,
8/15/2026 9:30:00 PM,RTD,CLUZ,03TANWIND_G01,G,8/15/2026 9:31:00 PM,8/15/2026 9:35:00 PM,MAX_OPERATING_MW,2.50,
8/15/2026 9:30:00 PM,RTD,CLUZ,03TANWIND_G01,G,8/15/2026 9:31:00 PM,8/15/2026 9:35:00 PM,MIN_OPERATING_MW,2.50,
8/15/2026 9:30:00 PM,RTD,CMIN,10LIAN_G02,G,8/15/2026,8/15/2026 11:59:00 PM,MAX_OPERATING_MW,6.60,
8/15/2026 9:30:00 PM,RTD,CMIN,10LIAN_G02,G,8/15/2026,8/15/2026 11:59:00 PM,MIN_OPERATING_MW,6.60,
8/15/2026 9:35:00 PM,RTD,CLUZ,01TERRASOL_G01,G,8/15/2026 9:26:00 PM,8/15/2026 10:05:00 PM,MAX_OPERATING_MW,600,
8/15/2026 9:35:00 PM,RTD,CLUZ,01TERRASOL_G01,G,8/15/2026 9:26:00 PM,8/15/2026 10:05:00 PM,MIN_OPERATING_MW,600,
8/15/2026 9:35:00 PM,RTD,CLUZ,03TANWIND_G01,G,8/15/2026 9:31:00 PM,8/15/2026 9:35:00 PM,MAX_OPERATING_MW,2.50,
8/15/2026 9:35:00 PM,RTD,CLUZ,03TANWIND_G01,G,8/15/2026 9:31:00 PM,8/15/2026 9:35:00 PM,MIN_OPERATING_MW,2.50,
8/15/2026 9:35:00 PM,RTD,CLUZ,03TANWIND_G01,G,8/15/2026 9:36:00 PM,8/15/2026 9:40:00 PM,MAX_OPERATING_MW,2.50,
8/15/2026 9:35:00 PM,RTD,CLUZ,03TANWIND_G01,G,8/15/2026 9:36:00 PM,8/15/2026 9:40:00 PM,MIN_OPERATING_MW,2.50,
8/15/2026 9:35:00 PM,RTD,CMIN,10LIAN_G02,G,8/15/2026,8/15/2026 11:59:00 PM,MAX_OPERATING_MW,6.60,
8/15/2026 9:35:00 PM,RTD,CMIN,10LIAN_G02,G,8/15/2026,8/15/2026 11:59:00 PM,MIN_OPERATING_MW,6.60,
8/15/2026 9:40:00 PM,RTD,CLUZ,01TERRASOL_G01,G,8/15/2026 9:26:00 PM,8/15/2026 10:05:00 PM,MAX_OPERATING_MW,600,
8/15/2026 9:40:00 PM,RTD,CLUZ,01TERRASOL_G01,G,8/15/2026 9:26:00 PM,8/15/2026 10:05:00 PM,MIN_OPERATING_MW,600,
8/15/2026 9:40:00 PM,RTD,CLUZ,03TANWIND_G01,G,8/15/2026 9:36:00 PM,8/15/2026 9:40:00 PM,MAX_OPERATING_MW,2.50,
8/15/2026 9:40:00 PM,RTD,CLUZ,03TANWIND_G01,G,8/15/2026 9:36:00 PM,8/15/2026 9:40:00 PM,MIN_OPERATING_MW,2.50,
8/15/2026 9:40:00 PM,RTD,CLUZ,03TANWIND_G01,G,8/15/2026 9:41:00 PM,8/15/2026 9:45:00 PM,MAX_OPERATING_MW,2.50,
8/15/2026 9:40:00 PM,RTD,CLUZ,03TANWIND_G01,G,8/15/2026 9:41:00 PM,8/15/2026 9:45:00 PM,MIN_OPERATING_MW,2.50,
8/15/2026 9:40:00 PM,RTD,CMIN,10LIAN_G02,G,8/15/2026,8/15/2026 11:59:00 PM,MAX_OPERATING_MW,6.60,
8/15/2026 9:40:00 PM,RTD,CMIN,10LIAN_G02,G,8/15/2026,8/15/2026 11:59:00 PM,MIN_OPERATING_MW,6.60,
8/15/2026 9:45:00 PM,RTD,CLUZ,01TERRASOL_G01,G,8/15/2026 9:26:00 PM,8/15/2026 10:05:00 PM,MAX_OPERATING_MW,600,
8/15/2026 9:45:00 PM,RTD,CLUZ,01TERRASOL_G01,G,8/15/2026 9:26:00 PM,8/15/2026 10:05:00 PM,MIN_OPERATING_MW,600,
8/15/2026 9:45:00 PM,RTD,CLUZ,03TANWIND_G01,G,8/15/2026 9:41:00 PM,8/15/2026 9:45:00 PM,MAX_OPERATING_MW,2.50,
8/15/2026 9:45:00 PM,RTD,CLUZ,03TANWIND_G01,G,8/15/2026 9:41:00 PM,8/15/2026 9:45:00 PM,MIN_OPERATING_MW,2.50,
8/15/2026 9:45:00 PM,RTD,CLUZ,03TANWIND_G01,G,8/15/2026 9:46:00 PM,8/15/2026 9:50:00 PM,MAX_OPERATING_MW,2.50,
8/15/2026 9:45:00 PM,RTD,CLUZ,03TANWIND_G01,G,8/15/2026 9:46:00 PM,8/15/2026 9:50:00 PM,MIN_OPERATING_MW,2.50,
8/15/2026 9:45:00 PM,RTD,CMIN,10LIAN_G02,G,8/15/2026,8/15/2026 11:59:00 PM,MAX_OPERATING_MW,6.60,
8/15/2026 9:45:00 PM,RTD,CMIN,10LIAN_G02,G,8/15/2026,8/15/2026 11:59:00 PM,MIN_OPERATING_MW,6.60,
8/15/2026 9:50:00 PM,RTD,CLUZ,01TERRASOL_G01,G,8/15/2026 9:26:00 PM,8/15/2026 10:05:00 PM,MAX_OPERATING_MW,600,
8/15/2026 9:50:00 PM,RTD,CLUZ,01TERRASOL_G01,G,8/15/2026 9:26:00 PM,8/15/2026 10:05:00 PM,MIN_OPERATING_MW,600,
8/15/2026 9:50:00 PM,RTD,CLUZ,03TANWIND_G01,G,8/15/2026 9:46:00 PM,8/15/2026 9:50:00 PM,MAX_OPERATING_MW,2.50,
8/15/2026 9:50:00 PM,RTD,CLUZ,03TANWIND_G01,G,8/15/2026 9:46:00 PM,8/15/2026 9:50:00 PM,MIN_OPERATING_MW,2.50,
8/15/2026 9:50:00 PM,RTD,CLUZ,03TANWIND_G01,G,8/15/2026 9:51:00 PM,8/15/2026 9:55:00 PM,MAX_OPERATING_MW,2.50,
8/15/2026 9:50:00 PM,RTD,CLUZ,03TANWIND_G01,G,8/15/2026 9:51:00 PM,8/15/2026 9:55:00 PM,MIN_OPERATING_MW,2.50,
8/15/2026 9:50:00 PM,RTD,CMIN,10LIAN_G02,G,8/15/2026,8/15/2026 11:59:00 PM,MAX_OPERATING_MW,6.60,
8/15/2026 9:50:00 PM,RTD,CMIN,10LIAN_G02,G,8/15/2026,8/15/2026 11:59:00 PM,MIN_OPERATING_MW,6.60,
8/15/2026 9:55:00 PM,RTD,CLUZ,01TERRASOL_G01,G,8/15/2026 9:26:00 PM,8/15/2026 10:05:00 PM,MAX_OPERATING_MW,600,
8/15/2026 9:55:00 PM,RTD,CLUZ,01TERRASOL_G01,G,8/15/2026 9:26:00 PM,8/15/2026 10:05:00 PM,MIN_OPERATING_MW,600,
8/15/2026 9:55:00 PM,RTD,CLUZ,03TANWIND_G01,G,8/15/2026 9:51:00 PM,8/15/2026 9:55:00 PM,MAX_OPERATING_MW,2.50,
8/15/2026 9:55:00 PM,RTD,CLUZ,03TANWIND_G01,G,8/15/2026 9:51:00 PM,8/15/2026 9:55:00 PM,MIN_OPERATING_MW,2.50,
8/15/2026 9:55:00 PM,RTD,CLUZ,03TANWIND_G01,G,8/15/2026 9:56:00 PM,8/15/2026 10:00:00 PM,MAX_OPERATING_MW,2.50,
8/15/2026 9:55:00 PM,RTD,CLUZ,03TANWIND_G01,G,8/15/2026 9:56:00 PM,8/15/2026 10:00:00 PM,MIN_OPERATING_MW,2.50,
8/15/2026 9:55:00 PM,RTD,CMIN,10LIAN_G02,G,8/15/2026,8/15/2026 11:59:00 PM,MAX_OPERATING_MW,6.60,
8/15/2026 9:55:00 PM,RTD,CMIN,10LIAN_G02,G,8/15/2026,8/15/2026 11:59:00 PM,MIN_OPERATING_MW,6.60,
8/15/2026 10:00:00 PM,RTD,CLUZ,01TERRASOL_G01,G,8/15/2026 9:26:00 PM,8/15/2026 10:05:00 PM,MAX_OPERATING_MW,600,
8/15/2026 10:00:00 PM,RTD,CLUZ,01TERRASOL_G01,G,8/15/2026 9:26:00 PM,8/15/2026 10:05:00 PM,MIN_OPERATING_MW,600,
8/15/2026 10:00:00 PM,RTD,CLUZ,03TANWIND_G01,G,8/15/2026 9:56:00 PM,8/15/2026 10:00:00 PM,MAX_OPERATING_MW,2.50,
8/15/2026 10:00:00 PM,RTD,CLUZ,03TANWIND_G01,G,8/15/2026 9:56:00 PM,8/15/2026 10:00:00 PM,MIN_OPERATING_MW,2.50,
8/15/2026 10:00:00 PM,RTD,CLUZ,03TANWIND_G01,G,8/15/2026 10:01:00 PM,8/15/2026 10:05:00 PM,MAX_OPERATING_MW,2.50,
8/15/2026 10:00:00 PM,RTD,CLUZ,03TANWIND_G01,G,8/15/2026 10:01:00 PM,8/15/2026 10:05:00 PM,MIN_OPERATING_MW,2.50,
8/15/2026 10:00:00 PM,RTD,CMIN,10LIAN_G02,G,8/15/2026,8/15/2026 11:59:00 PM,MAX_OPERATING_MW,6.60,
8/15/2026 10:00:00 PM,RTD,CMIN,10LIAN_G02,G,8/15/2026,8/15/2026 11:59:00 PM,MIN_OPERATING_MW,6.60,
8/15/2026 10:05:00 PM,RTD,CLUZ,01TERRASOL_G01,G,8/15/2026 9:26:00 PM,8/15/2026 10:05:00 PM,MAX_OPERATING_MW,600,
8/15/2026 10:05:00 PM,RTD,CLUZ,01TERRASOL_G01,G,8/15/2026 9:26:00 PM,8/15/2026 10:05:00 PM,MIN_OPERATING_MW,600,
8/15/2026 10:05:00 PM,RTD,CLUZ,01TERRASOL_G01,G,8/15/2026 10:06:00 PM,8/15/2026 10:10:00 PM,MAX_OPERATING_MW,500,
8/15/2026 10:05:00 PM,RTD,CLUZ,01TERRASOL_G01,G,8/15/2026 10:06:00 PM,8/15/2026 10:10:00 PM,MIN_OPERATING_MW,500,
8/15/2026 10:05:00 PM,RTD,CLUZ,03TANWIND_G01,G,8/15/2026 10:01:00 PM,8/15/2026 10:05:00 PM,MAX_OPERATING_MW,2.50,
8/15/2026 10:05:00 PM,RTD,CLUZ,03TANWIND_G01,G,8/15/2026 10:01:00 PM,8/15/2026 10:05:00 PM,MIN_OPERATING_MW,2.50,
8/15/2026 10:05:00 PM,RTD,CLUZ,03TANWIND_G01,G,8/15/2026 10:06:00 PM,8/15/2026 10:10:00 PM,MAX_OPERATING_MW,2.50,
8/15/2026 10:05:00 PM,RTD,CLUZ,03TANWIND_G01,G,8/15/2026 10:06:00 PM,8/15/2026 10:10:00 PM,MIN_OPERATING_MW,2.50,
8/15/2026 10:05:00 PM,RTD,CMIN,10LIAN_G02,G,8/15/2026,8/15/2026 11:59:00 PM,MAX_OPERATING_MW,6.60,
8/15/2026 10:05:00 PM,RTD,CMIN,10LIAN_G02,G,8/15/2026,8/15/2026 11:59:00 PM,MIN_OPERATING_MW,6.60,
8/15/2026 10:10:00 PM,RTD,CLUZ,01TERRASOL_G01,G,8/15/2026 10:06:00 PM,8/15/2026 10:10:00 PM,MAX_OPERATING_MW,500,
8/15/2026 10:10:00 PM,RTD,CLUZ,01TERRASOL_G01,G,8/15/2026 10:06:00 PM,8/15/2026 10:10:00 PM,MIN_OPERATING_MW,500,
8/15/2026 10:10:00 PM,RTD,CLUZ,01TERRASOL_G01,G,8/15/2026 10:11:00 PM,8/15/2026 11:00:00 PM,MAX_OPERATING_MW,450,
8/15/2026 10:10:00 PM,RTD,CLUZ,01TERRASOL_G01,G,8/15/2026 10:11:00 PM,8/15/2026 11:00:00 PM,MIN_OPERATING_MW,450,
8/15/2026 10:10:00 PM,RTD,CLUZ,03TANWIND_G01,G,8/15/2026 10:06:00 PM,8/15/2026 10:10:00 PM,MAX_OPERATING_MW,2.50,
8/15/2026 10:10:00 PM,RTD,CLUZ,03TANWIND_G01,G,8/15/2026 10:06:00 PM,8/15/2026 10:10:00 PM,MIN_OPERATING_MW,2.50,
8/15/2026 10:10:00 PM,RTD,CLUZ,03TANWIND_G01,G,8/15/2026 10:11:00 PM,8/15/2026 10:15:00 PM,MAX_OPERATING_MW,2.50,
8/15/2026 10:10:00 PM,RTD,CLUZ,03TANWIND_G01,G,8/15/2026 10:11:00 PM,8/15/2026 10:15:00 PM,MIN_OPERATING_MW,2.50,
8/15/2026 10:10:00 PM,RTD,CMIN,10LIAN_G02,G,8/15/2026,8/15/2026 11:59:00 PM,MAX_OPERATING_MW,6.60,
8/15/2026 10:10:00 PM,RTD,CMIN,10LIAN_G02,G,8/15/2026,8/15/2026 11:59:00 PM,MIN_OPERATING_MW,6.60,
8/15/2026 10:15:00 PM,RTD,CLUZ,01TERRASOL_G01,G,8/15/2026 10:11:00 PM,8/15/2026 11:00:00 PM,MAX_OPERATING_MW,450,
8/15/2026 10:15:00 PM,RTD,CLUZ,01TERRASOL_G01,G,8/15/2026 10:11:00 PM,8/15/2026 11:00:00 PM,MIN_OPERATING_MW,450,
8/15/2026 10:15:00 PM,RTD,CLUZ,03TANWIND_G01,G,8/15/2026 10:11:00 PM,8/15/2026 10:15:00 PM,MAX_OPERATING_MW,2.50,
8/15/2026 10:15:00 PM,RTD,CLUZ,03TANWIND_G01,G,8/15/2026 10:11:00 PM,8/15/2026 10:15:00 PM,MIN_OPERATING_MW,2.50,
8/15/2026 10:15:00 PM,RTD,CLUZ,03TANWIND_G01,G,8/15/2026 10:16:00 PM,8/15/2026 10:20:00 PM,MAX_OPERATING_MW,2.50,
8/15/2026 10:15:00 PM,RTD,CLUZ,03TANWIND_G01,G,8/15/2026 10:16:00 PM,8/15/2026 10:20:00 PM,MIN_OPERATING_MW,2.50,
8/15/2026 10:15:00 PM,RTD,CMIN,10LIAN_G02,G,8/15/2026,8/15/2026 11:59:00 PM,MAX_OPERATING_MW,6.60,
8/15/2026 10:15:00 PM,RTD,CMIN,10LIAN_G02,G,8/15/2026,8/15/2026 11:59:00 PM,MIN_OPERATING_MW,6.60,
8/15/2026 10:20:00 PM,RTD,CLUZ,01TERRASOL_G01,G,8/15/2026 10:11:00 PM,8/15/2026 11:00:00 PM,MAX_OPERATING_MW,450,
8/15/2026 10:20:00 PM,RTD,CLUZ,01TERRASOL_G01,G,8/15/2026 10:11:00 PM,8/15/2026 11:00:00 PM,MIN_OPERATING_MW,450,
8/15/2026 10:20:00 PM,RTD,CLUZ,03TANWIND_G01,G,8/15/2026 10:16:00 PM,8/15/2026 10:20:00 PM,MAX_OPERATING_MW,2.50,
8/15/2026 10:20:00 PM,RTD,CLUZ,03TANWIND_G01,G,8/15/2026 10:16:00 PM,8/15/2026 10:20:00 PM,MIN_OPERATING_MW,2.50,
8/15/2026 10:20:00 PM,RTD,CLUZ,03TANWIND_G01,G,8/15/2026 10:21:00 PM,8/15/2026 10:25:00 PM,MAX_OPERATING_MW,2.50,
8/15/2026 10:20:00 PM,RTD,CLUZ,03TANWIND_G01,G,8/15/2026 10:21:00 PM,8/15/2026 10:25:00 PM,MIN_OPERATING_MW,2.50,
8/15/2026 10:20:00 PM,RTD,CMIN,10LIAN_G02,G,8/15/2026,8/15/2026 11:59:00 PM,MAX_OPERATING_MW,6.60,
8/15/2026 10:20:00 PM,RTD,CMIN,10LIAN_G02,G,8/15/2026,8/15/2026 11:59:00 PM,MIN_OPERATING_MW,6.60,
8/15/2026 10:25:00 PM,RTD,CLUZ,01TERRASOL_G01,G,8/15/2026 10:11:00 PM,8/15/2026 11:00:00 PM,MAX_OPERATING_MW,450,
8/15/2026 10:25:00 PM,RTD,CLUZ,01TERRASOL_G01,G,8/15/2026 10:11:00 PM,8/15/2026 11:00:00 PM,MIN_OPERATING_MW,450,
8/15/2026 10:25:00 PM,RTD,CLUZ,03TANWIND_G01,G,8/15/2026 10:21:00 PM,8/15/2026 10:25:00 PM,MAX_OPERATING_MW,2.50,
8/15/2026 10:25:00 PM,RTD,CLUZ,03TANWIND_G01,G,8/15/2026 10:21:00 PM,8/15/2026 10:25:00 PM,MIN_OPERATING_MW,2.50,
8/15/2026 10:25:00 PM,RTD,CLUZ,03TANWIND_G01,G,8/15/2026 10:26:00 PM,8/15/2026 10:30:00 PM,MAX_OPERATING_MW,2.50,
8/15/2026 10:25:00 PM,RTD,CLUZ,03TANWIND_G01,G,8/15/2026 10:26:00 PM,8/15/2026 10:30:00 PM,MIN_OPERATING_MW,2.50,
8/15/2026 10:25:00 PM,RTD,CMIN,10LIAN_G02,G,8/15/2026,8/15/2026 11:59:00 PM,MAX_OPERATING_MW,6.60,
8/15/2026 10:25:00 PM,RTD,CMIN,10LIAN_G02,G,8/15/2026,8/15/2026 11:59:00 PM,MIN_OPERATING_MW,6.60,
8/15/2026 10:30:00 PM,RTD,CLUZ,01TERRASOL_G01,G,8/15/2026 10:11:00 PM,8/15/2026 11:00:00 PM,MAX_OPERATING_MW,450,
8/15/2026 10:30:00 PM,RTD,CLUZ,01TERRASOL_G01,G,8/15/2026 10:11:00 PM,8/15/2026 11:00:00 PM,MIN_OPERATING_MW,450,
8/15/2026 10:30:00 PM,RTD,CLUZ,03TANWIND_G01,G,8/15/2026 10:26:00 PM,8/15/2026 10:30:00 PM,MAX_OPERATING_MW,2.50,
8/15/2026 10:30:00 PM,RTD,CLUZ,03TANWIND_G01,G,8/15/2026 10:26:00 PM,8/15/2026 10:30:00 PM,MIN_OPERATING_MW,2.50,
8/15/2026 10:30:00 PM,RTD,CLUZ,03TANWIND_G01,G,8/15/2026 10:31:00 PM,8/15/2026 10:35:00 PM,MAX_OPERATING_MW,2.50,
8/15/2026 10:30:00 PM,RTD,CLUZ,03TANWIND_G01,G,8/15/2026 10:31:00 PM,8/15/2026 10:35:00 PM,MIN_OPERATING_MW,2.50,
8/15/2026 10:30:00 PM,RTD,CMIN,10LIAN_G02,G,8/15/2026,8/15/2026 11:59:00 PM,MAX_OPERATING_MW,6.60,
8/15/2026 10:30:00 PM,RTD,CMIN,10LIAN_G02,G,8/15/2026,8/15/2026 11:59:00 PM,MIN_OPERATING_MW,6.60,
8/15/2026 10:35:00 PM,RTD,CLUZ,01TERRASOL_G01,G,8/15/2026 10:11:00 PM,8/15/2026 11:00:00 PM,MAX_OPERATING_MW,450,
8/15/2026 10:35:00 PM,RTD,CLUZ,01TERRASOL_G01,G,8/15/2026 10:11:00 PM,8/15/2026 11:00:00 PM,MIN_OPERATING_MW,450,
8/15/2026 10:35:00 PM,RTD,CLUZ,03TANWIND_G01,G,8/15/2026 10:31:00 PM,8/15/2026 10:35:00 PM,MAX_OPERATING_MW,2.50,
8/15/2026 10:35:00 PM,RTD,CLUZ,03TANWIND_G01,G,8/15/2026 10:31:00 PM,8/15/2026 10:35:00 PM,MIN_OPERATING_MW,2.50,
8/15/2026 10:35:00 PM,RTD,CLUZ,03TANWIND_G01,G,8/15/2026 10:36:00 PM,8/15/2026 10:40:00 PM,MAX_OPERATING_MW,2.50,
8/15/2026 10:35:00 PM,RTD,CLUZ,03TANWIND_G01,G,8/15/2026 10:36:00 PM,8/15/2026 10:40:00 PM,MIN_OPERATING_MW,2.50,
8/15/2026 10:35:00 PM,RTD,CMIN,10LIAN_G02,G,8/15/2026,8/15/2026 11:59:00 PM,MAX_OPERATING_MW,6.60,
8/15/2026 10:35:00 PM,RTD,CMIN,10LIAN_G02,G,8/15/2026,8/15/2026 11:59:00 PM,MIN_OPERATING_MW,6.60,
8/15/2026 10:40:00 PM,RTD,CLUZ,01TERRASOL_G01,G,8/15/2026 10:11:00 PM,8/15/2026 11:00:00 PM,MAX_OPERATING_MW,450,
8/15/2026 10:40:00 PM,RTD,CLUZ,01TERRASOL_G01,G,8/15/2026 10:11:00 PM,8/15/2026 11:00:00 PM,MIN_OPERATING_MW,450,
8/15/2026 10:40:00 PM,RTD,CLUZ,03TANWIND_G01,G,8/15/2026 10:36:00 PM,8/15/2026 10:40:00 PM,MAX_OPERATING_MW,2.50,
8/15/2026 10:40:00 PM,RTD,CLUZ,03TANWIND_G01,G,8/15/2026 10:36:00 PM,8/15/2026 10:40:00 PM,MIN_OPERATING_MW,2.50,
8/15/2026 10:40:00 PM,RTD,CLUZ,03TANWIND_G01,G,8/15/2026 10:41:00 PM,8/15/2026 10:45:00 PM,MAX_OPERATING_MW,2.50,
8/15/2026 10:40:00 PM,RTD,CLUZ,03TANWIND_G01,G,8/15/2026 10:41:00 PM,8/15/2026 10:45:00 PM,MIN_OPERATING_MW,2.50,
8/15/2026 10:40:00 PM,RTD,CMIN,10LIAN_G02,G,8/15/2026,8/15/2026 11:59:00 PM,MAX_OPERATING_MW,6.60,
8/15/2026 10:40:00 PM,RTD,CMIN,10LIAN_G02,G,8/15/2026,8/15/2026 11:59:00 PM,MIN_OPERATING_MW,6.60,
8/15/2026 10:45:00 PM,RTD,CLUZ,01TERRASOL_G01,G,8/15/2026 10:11:00 PM,8/15/2026 11:00:00 PM,MAX_OPERATING_MW,450,
8/15/2026 10:45:00 PM,RTD,CLUZ,01TERRASOL_G01,G,8/15/2026 10:11:00 PM,8/15/2026 11:00:00 PM,MIN_OPERATING_MW,450,
8/15/2026 10:45:00 PM,RTD,CLUZ,03TANWIND_G01,G,8/15/2026 10:41:00 PM,8/15/2026 10:45:00 PM,MAX_OPERATING_MW,2.50,
8/15/2026 10:45:00 PM,RTD,CLUZ,03TANWIND_G01,G,8/15/2026 10:41:00 PM,8/15/2026 10:45:00 PM,MIN_OPERATING_MW,2.50,
8/15/2026 10:45:00 PM,RTD,CLUZ,03TANWIND_G01,G,8/15/2026 10:46:00 PM,8/15/2026 10:50:00 PM,MAX_OPERATING_MW,2.50,
8/15/2026 10:45:00 PM,RTD,CLUZ,03TANWIND_G01,G,8/15/2026 10:46:00 PM,8/15/2026 10:50:00 PM,MIN_OPERATING_MW,2.50,
8/15/2026 10:45:00 PM,RTD,CMIN,10LIAN_G02,G,8/15/2026,8/15/2026 11:59:00 PM,MAX_OPERATING_MW,6.60,
8/15/2026 10:45:00 PM,RTD,CMIN,10LIAN_G02,G,8/15/2026,8/15/2026 11:59:00 PM,MIN_OPERATING_MW,6.60,
8/15/2026 10:50:00 PM,RTD,CLUZ,01TERRASOL_G01,G,8/15/2026 10:11:00 PM,8/15/2026 11:00:00 PM,MAX_OPERATING_MW,450,
8/15/2026 10:50:00 PM,RTD,CLUZ,01TERRASOL_G01,G,8/15/2026 10:11:00 PM,8/15/2026 11:00:00 PM,MIN_OPERATING_MW,450,
8/15/2026 10:50:00 PM,RTD,CLUZ,03TANWIND_G01,G,8/15/2026 10:46:00 PM,8/15/2026 10:50:00 PM,MAX_OPERATING_MW,2.50,
8/15/2026 10:50:00 PM,RTD,CLUZ,03TANWIND_G01,G,8/15/2026 10:46:00 PM,8/15/2026 10:50:00 PM,MIN_OPERATING_MW,2.50,
8/15/2026 10:50:00 PM,RTD,CLUZ,03TANWIND_G01,G,8/15/2026 10:51:00 PM,8/15/2026 10:55:00 PM,MAX_OPERATING_MW,2.50,
8/15/2026 10:50:00 PM,RTD,CLUZ,03TANWIND_G01,G,8/15/2026 10:51:00 PM,8/15/2026 10:55:00 PM,MIN_OPERATING_MW,2.50,
8/15/2026 10:50:00 PM,RTD,CMIN,10LIAN_G02,G,8/15/2026,8/15/2026 11:59:00 PM,MAX_OPERATING_MW,6.60,
8/15/2026 10:50:00 PM,RTD,CMIN,10LIAN_G02,G,8/15/2026,8/15/2026 11:59:00 PM,MIN_OPERATING_MW,6.60,
8/15/2026 10:55:00 PM,RTD,CLUZ,01BALWIND_G01,G,8/15/2026 10:00:00 PM,8/17/2026,MAX_OPERATING_MW,40,
8/15/2026 10:55:00 PM,RTD,CLUZ,01BALWIND_G01,G,8/15/2026 10:00:00 PM,8/17/2026,MIN_OPERATING_MW,40,
8/15/2026 10:55:00 PM,RTD,CLUZ,01TERRASOL_G01,G,8/15/2026 10:11:00 PM,8/15/2026 11:00:00 PM,MAX_OPERATING_MW,450,
8/15/2026 10:55:00 PM,RTD,CLUZ,01TERRASOL_G01,G,8/15/2026 10:11:00 PM,8/15/2026 11:00:00 PM,MIN_OPERATING_MW,450,
8/15/2026 10:55:00 PM,RTD,CLUZ,03TANWIND_G01,G,8/15/2026 10:51:00 PM,8/15/2026 10:55:00 PM,MAX_OPERATING_MW,2.50,
8/15/2026 10:55:00 PM,RTD,CLUZ,03TANWIND_G01,G,8/15/2026 10:51:00 PM,8/15/2026 10:55:00 PM,MIN_OPERATING_MW,2.50,
8/15/2026 10:55:00 PM,RTD,CLUZ,03TANWIND_G01,G,8/15/2026 10:56:00 PM,8/15/2026 11:00:00 PM,MAX_OPERATING_MW,2.50,
8/15/2026 10:55:00 PM,RTD,CLUZ,03TANWIND_G01,G,8/15/2026 10:56:00 PM,8/15/2026 11:00:00 PM,MIN_OPERATING_MW,2.50,
8/15/2026 10:55:00 PM,RTD,CMIN,10LIAN_G02,G,8/15/2026,8/15/2026 11:59:00 PM,MAX_OPERATING_MW,6.60,
8/15/2026 10:55:00 PM,RTD,CMIN,10LIAN_G02,G,8/15/2026,8/15/2026 11:59:00 PM,MIN_OPERATING_MW,6.60,
8/15/2026 11:00:00 PM,RTD,CLUZ,01BALWIND_G01,G,8/15/2026 10:00:00 PM,8/17/2026,MAX_OPERATING_MW,40,
8/15/2026 11:00:00 PM,RTD,CLUZ,01BALWIND_G01,G,8/15/2026 10:00:00 PM,8/17/2026,MIN_OPERATING_MW,40,
8/15/2026 11:00:00 PM,RTD,CLUZ,01TERRASOL_G01,G,8/15/2026 10:11:00 PM,8/15/2026 11:00:00 PM,MAX_OPERATING_MW,450,
8/15/2026 11:00:00 PM,RTD,CLUZ,01TERRASOL_G01,G,8/15/2026 10:11:00 PM,8/15/2026 11:00:00 PM,MIN_OPERATING_MW,450,
8/15/2026 11:00:00 PM,RTD,CLUZ,01TERRASOL_G01,G,8/15/2026 11:01:00 PM,8/15/2026 11:05:00 PM,MAX_OPERATING_MW,400,
8/15/2026 11:00:00 PM,RTD,CLUZ,01TERRASOL_G01,G,8/15/2026 11:01:00 PM,8/15/2026 11:05:00 PM,MIN_OPERATING_MW,400,
8/15/2026 11:00:00 PM,RTD,CLUZ,03TANWIND_G01,G,8/15/2026 10:56:00 PM,8/15/2026 11:00:00 PM,MAX_OPERATING_MW,2.50,
8/15/2026 11:00:00 PM,RTD,CLUZ,03TANWIND_G01,G,8/15/2026 10:56:00 PM,8/15/2026 11:00:00 PM,MIN_OPERATING_MW,2.50,
8/15/2026 11:00:00 PM,RTD,CLUZ,03TANWIND_G01,G,8/15/2026 11:01:00 PM,8/15/2026 11:05:00 PM,MAX_OPERATING_MW,2.50,
8/15/2026 11:00:00 PM,RTD,CLUZ,03TANWIND_G01,G,8/15/2026 11:01:00 PM,8/15/2026 11:05:00 PM,MIN_OPERATING_MW,2.50,
8/15/2026 11:00:00 PM,RTD,CMIN,10LIAN_G02,G,8/15/2026,8/15/2026 11:59:00 PM,MAX_OPERATING_MW,6.60,
8/15/2026 11:00:00 PM,RTD,CMIN,10LIAN_G02,G,8/15/2026,8/15/2026 11:59:00 PM,MIN_OPERATING_MW,6.60,
8/15/2026 11:05:00 PM,RTD,CLUZ,01BALWIND_G01,G,8/15/2026 10:00:00 PM,8/17/2026,MAX_OPERATING_MW,40,
8/15/2026 11:05:00 PM,RTD,CLUZ,01BALWIND_G01,G,8/15/2026 10:00:00 PM,8/17/2026,MIN_OPERATING_MW,40,
8/15/2026 11:05:00 PM,RTD,CLUZ,01TERRASOL_G01,G,8/15/2026 11:01:00 PM,8/15/2026 11:05:00 PM,MAX_OPERATING_MW,400,
8/15/2026 11:05:00 PM,RTD,CLUZ,01TERRASOL_G01,G,8/15/2026 11:01:00 PM,8/15/2026 11:05:00 PM,MIN_OPERATING_MW,400,
8/15/2026 11:05:00 PM,RTD,CLUZ,01TERRASOL_G01,G,8/15/2026 11:06:00 PM,8/16/2026,MAX_OPERATING_MW,300,
8/15/2026 11:05:00 PM,RTD,CLUZ,01TERRASOL_G01,G,8/15/2026 11:06:00 PM,8/16/2026,MIN_OPERATING_MW,300,
8/15/2026 11:05:00 PM,RTD,CLUZ,03TANWIND_G01,G,8/15/2026 11:01:00 PM,8/15/2026 11:05:00 PM,MAX_OPERATING_MW,2.50,
8/15/2026 11:05:00 PM,RTD,CLUZ,03TANWIND_G01,G,8/15/2026 11:01:00 PM,8/15/2026 11:05:00 PM,MIN_OPERATING_MW,2.50,
8/15/2026 11:05:00 PM,RTD,CLUZ,03TANWIND_G01,G,8/15/2026 11:06:00 PM,8/15/2026 11:10:00 PM,MAX_OPERATING_MW,2.50,
8/15/2026 11:05:00 PM,RTD,CLUZ,03TANWIND_G01,G,8/15/2026 11:06:00 PM,8/15/2026 11:10:00 PM,MIN_OPERATING_MW,2.50,
8/15/2026 11:05:00 PM,RTD,CMIN,10LIAN_G02,G,8/15/2026,8/15/2026 11:59:00 PM,MAX_OPERATING_MW,6.60,
8/15/2026 11:05:00 PM,RTD,CMIN,10LIAN_G02,G,8/15/2026,8/15/2026 11:59:00 PM,MIN_OPERATING_MW,6.60,
8/15/2026 11:10:00 PM,RTD,CLUZ,01BALWIND_G01,G,8/15/2026 10:00:00 PM,8/17/2026,MAX_OPERATING_MW,40,
8/15/2026 11:10:00 PM,RTD,CLUZ,01BALWIND_G01,G,8/15/2026 10:00:00 PM,8/17/2026,MIN_OPERATING_MW,40,
8/15/2026 11:10:00 PM,RTD,CLUZ,01TERRASOL_G01,G,8/15/2026 11:06:00 PM,8/16/2026,MAX_OPERATING_MW,300,
8/15/2026 11:10:00 PM,RTD,CLUZ,01TERRASOL_G01,G,8/15/2026 11:06:00 PM,8/16/2026,MIN_OPERATING_MW,300,
8/15/2026 11:10:00 PM,RTD,CLUZ,03TANWIND_G01,G,8/15/2026 11:06:00 PM,8/15/2026 11:10:00 PM,MAX_OPERATING_MW,2.50,
8/15/2026 11:10:00 PM,RTD,CLUZ,03TANWIND_G01,G,8/15/2026 11:06:00 PM,8/15/2026 11:10:00 PM,MIN_OPERATING_MW,2.50,
8/15/2026 11:10:00 PM,RTD,CLUZ,03TANWIND_G01,G,8/15/2026 11:11:00 PM,8/15/2026 11:15:00 PM,MAX_OPERATING_MW,2.50,
8/15/2026 11:10:00 PM,RTD,CLUZ,03TANWIND_G01,G,8/15/2026 11:11:00 PM,8/15/2026 11:15:00 PM,MIN_OPERATING_MW,2.50,
8/15/2026 11:10:00 PM,RTD,CMIN,10LIAN_G02,G,8/15/2026,8/15/2026 11:59:00 PM,MAX_OPERATING_MW,6.60,
8/15/2026 11:10:00 PM,RTD,CMIN,10LIAN_G02,G,8/15/2026,8/15/2026 11:59:00 PM,MIN_OPERATING_MW,6.60,
8/15/2026 11:15:00 PM,RTD,CLUZ,01BALWIND_G01,G,8/15/2026 10:00:00 PM,8/17/2026,MAX_OPERATING_MW,40,
8/15/2026 11:15:00 PM,RTD,CLUZ,01BALWIND_G01,G,8/15/2026 10:00:00 PM,8/17/2026,MIN_OPERATING_MW,40,
8/15/2026 11:15:00 PM,RTD,CLUZ,01TERRASOL_G01,G,8/15/2026 11:06:00 PM,8/16/2026,MAX_OPERATING_MW,300,
8/15/2026 11:15:00 PM,RTD,CLUZ,01TERRASOL_G01,G,8/15/2026 11:06:00 PM,8/16/2026,MIN_OPERATING_MW,300,
8/15/2026 11:15:00 PM,RTD,CLUZ,03TANWIND_G01,G,8/15/2026 11:11:00 PM,8/15/2026 11:15:00 PM,MAX_OPERATING_MW,2.50,
8/15/2026 11:15:00 PM,RTD,CLUZ,03TANWIND_G01,G,8/15/2026 11:11:00 PM,8/15/2026 11:15:00 PM,MIN_OPERATING_MW,2.50,
8/15/2026 11:15:00 PM,RTD,CLUZ,03TANWIND_G01,G,8/15/2026 11:16:00 PM,8/15/2026 11:20:00 PM,MAX_OPERATING_MW,2.50,
8/15/2026 11:15:00 PM,RTD,CLUZ,03TANWIND_G01,G,8/15/2026 11:16:00 PM,8/15/2026 11:20:00 PM,MIN_OPERATING_MW,2.50,
8/15/2026 11:15:00 PM,RTD,CMIN,10LIAN_G02,G,8/15/2026,8/15/2026 11:59:00 PM,MAX_OPERATING_MW,6.60,
8/15/2026 11:15:00 PM,RTD,CMIN,10LIAN_G02,G,8/15/2026,8/15/2026 11:59:00 PM,MIN_OPERATING_MW,6.60,
8/15/2026 11:20:00 PM,RTD,CLUZ,01BALWIND_G01,G,8/15/2026 10:00:00 PM,8/17/2026,MAX_OPERATING_MW,40,
8/15/2026 11:20:00 PM,RTD,CLUZ,01BALWIND_G01,G,8/15/2026 10:00:00 PM,8/17/2026,MIN_OPERATING_MW,40,
8/15/2026 11:20:00 PM,RTD,CLUZ,01TERRASOL_G01,G,8/15/2026 11:06:00 PM,8/16/2026,MAX_OPERATING_MW,300,
8/15/2026 11:20:00 PM,RTD,CLUZ,01TERRASOL_G01,G,8/15/2026 11:06:00 PM,8/16/2026,MIN_OPERATING_MW,300,
8/15/2026 11:20:00 PM,RTD,CLUZ,03TANWIND_G01,G,8/15/2026 11:16:00 PM,8/15/2026 11:20:00 PM,MAX_OPERATING_MW,2.50,
8/15/2026 11:20:00 PM,RTD,CLUZ,03TANWIND_G01,G,8/15/2026 11:16:00 PM,8/15/2026 11:20:00 PM,MIN_OPERATING_MW,2.50,
8/15/2026 11:20:00 PM,RTD,CLUZ,03TANWIND_G01,G,8/15/2026 11:21:00 PM,8/15/2026 11:25:00 PM,MAX_OPERATING_MW,2.50,
8/15/2026 11:20:00 PM,RTD,CLUZ,03TANWIND_G01,G,8/15/2026 11:21:00 PM,8/15/2026 11:25:00 PM,MIN_OPERATING_MW,2.50,
8/15/2026 11:20:00 PM,RTD,CMIN,10LIAN_G02,G,8/15/2026,8/15/2026 11:59:00 PM,MAX_OPERATING_MW,6.60,
8/15/2026 11:20:00 PM,RTD,CMIN,10LIAN_G02,G,8/15/2026,8/15/2026 11:59:00 PM,MIN_OPERATING_MW,6.60,
8/15/2026 11:25:00 PM,RTD,CLUZ,01BALWIND_G01,G,8/15/2026 10:00:00 PM,8/17/2026,MAX_OPERATING_MW,40,
8/15/2026 11:25:00 PM,RTD,CLUZ,01BALWIND_G01,G,8/15/2026 10:00:00 PM,8/17/2026,MIN_OPERATING_MW,40,
8/15/2026 11:25:00 PM,RTD,CLUZ,01TERRASOL_G01,G,8/15/2026 11:06:00 PM,8/16/2026,MAX_OPERATING_MW,300,
8/15/2026 11:25:00 PM,RTD,CLUZ,01TERRASOL_G01,G,8/15/2026 11:06:00 PM,8/16/2026,MIN_OPERATING_MW,300,
8/15/2026 11:25:00 PM,RTD,CLUZ,03TANWIND_G01,G,8/15/2026 11:21:00 PM,8/15/2026 11:25:00 PM,MAX_OPERATING_MW,2.50,
8/15/2026 11:25:00 PM,RTD,CLUZ,03TANWIND_G01,G,8/15/2026 11:21:00 PM,8/15/2026 11:25:00 PM,MIN_OPERATING_MW,2.50,
8/15/2026 11:25:00 PM,RTD,CLUZ,03TANWIND_G01,G,8/15/2026 11:26:00 PM,8/15/2026 11:30:00 PM,MAX_OPERATING_MW,2.50,
8/15/2026 11:25:00 PM,RTD,CLUZ,03TANWIND_G01,G,8/15/2026 11:26:00 PM,8/15/2026 11:30:00 PM,MIN_OPERATING_MW,2.50,
8/15/2026 11:25:00 PM,RTD,CMIN,10LIAN_G02,G,8/15/2026,8/15/2026 11:59:00 PM,MAX_OPERATING_MW,6.60,
8/15/2026 11:25:00 PM,RTD,CMIN,10LIAN_G02,G,8/15/2026,8/15/2026 11:59:00 PM,MIN_OPERATING_MW,6.60,
8/15/2026 11:30:00 PM,RTD,CLUZ,01BALWIND_G01,G,8/15/2026 10:00:00 PM,8/17/2026,MAX_OPERATING_MW,40,
8/15/2026 11:30:00 PM,RTD,CLUZ,01BALWIND_G01,G,8/15/2026 10:00:00 PM,8/17/2026,MIN_OPERATING_MW,40,
8/15/2026 11:30:00 PM,RTD,CLUZ,01TERRASOL_G01,G,8/15/2026 11:06:00 PM,8/16/2026,MAX_OPERATING_MW,300,
8/15/2026 11:30:00 PM,RTD,CLUZ,01TERRASOL_G01,G,8/15/2026 11:06:00 PM,8/16/2026,MIN_OPERATING_MW,300,
8/15/2026 11:30:00 PM,RTD,CLUZ,03TANWIND_G01,G,8/15/2026 11:26:00 PM,8/15/2026 11:30:00 PM,MAX_OPERATING_MW,2.50,
8/15/2026 11:30:00 PM,RTD,CLUZ,03TANWIND_G01,G,8/15/2026 11:26:00 PM,8/15/2026 11:30:00 PM,MIN_OPERATING_MW,2.50,
8/15/2026 11:30:00 PM,RTD,CLUZ,03TANWIND_G01,G,8/15/2026 11:31:00 PM,8/15/2026 11:35:00 PM,MAX_OPERATING_MW,2.50,
8/15/2026 11:30:00 PM,RTD,CLUZ,03TANWIND_G01,G,8/15/2026 11:31:00 PM,8/15/2026 11:35:00 PM,MIN_OPERATING_MW,2.50,
8/15/2026 11:30:00 PM,RTD,CMIN,10LIAN_G02,G,8/15/2026,8/15/2026 11:59:00 PM,MAX_OPERATING_MW,6.60,
8/15/2026 11:30:00 PM,RTD,CMIN,10LIAN_G02,G,8/15/2026,8/15/2026 11:59:00 PM,MIN_OPERATING_MW,6.60,
8/15/2026 11:35:00 PM,RTD,CLUZ,01BALWIND_G01,G,8/15/2026 10:00:00 PM,8/17/2026,MAX_OPERATING_MW,40,
8/15/2026 11:35:00 PM,RTD,CLUZ,01BALWIND_G01,G,8/15/2026 10:00:00 PM,8/17/2026,MIN_OPERATING_MW,40,
8/15/2026 11:35:00 PM,RTD,CLUZ,01TERRASOL_G01,G,8/15/2026 11:06:00 PM,8/16/2026,MAX_OPERATING_MW,300,
8/15/2026 11:35:00 PM,RTD,CLUZ,01TERRASOL_G01,G,8/15/2026 11:06:00 PM,8/16/2026,MIN_OPERATING_MW,300,
8/15/2026 11:35:00 PM,RTD,CLUZ,03TANWIND_G01,G,8/15/2026 11:31:00 PM,8/15/2026 11:35:00 PM,MAX_OPERATING_MW,2.50,
8/15/2026 11:35:00 PM,RTD,CLUZ,03TANWIND_G01,G,8/15/2026 11:31:00 PM,8/15/2026 11:35:00 PM,MIN_OPERATING_MW,2.50,
8/15/2026 11:35:00 PM,RTD,CLUZ,03TANWIND_G01,G,8/15/2026 11:36:00 PM,8/15/2026 11:40:00 PM,MAX_OPERATING_MW,2.50,
8/15/2026 11:35:00 PM,RTD,CLUZ,03TANWIND_G01,G,8/15/2026 11:36:00 PM,8/15/2026 11:40:00 PM,MIN_OPERATING_MW,2.50,
8/15/2026 11:35:00 PM,RTD,CMIN,10LIAN_G02,G,8/15/2026,8/15/2026 11:59:00 PM,MAX_OPERATING_MW,6.60,
8/15/2026 11:35:00 PM,RTD,CMIN,10LIAN_G02,G,8/15/2026,8/15/2026 11:59:00 PM,MIN_OPERATING_MW,6.60,
8/15/2026 11:40:00 PM,RTD,CLUZ,01BALWIND_G01,G,8/15/2026 10:00:00 PM,8/17/2026,MAX_OPERATING_MW,40,
8/15/2026 11:40:00 PM,RTD,CLUZ,01BALWIND_G01,G,8/15/2026 10:00:00 PM,8/17/2026,MIN_OPERATING_MW,40,
8/15/2026 11:40:00 PM,RTD,CLUZ,01TERRASOL_G01,G,8/15/2026 11:06:00 PM,8/16/2026,MAX_OPERATING_MW,300,
8/15/2026 11:40:00 PM,RTD,CLUZ,01TERRASOL_G01,G,8/15/2026 11:06:00 PM,8/16/2026,MIN_OPERATING_MW,300,
8/15/2026 11:40:00 PM,RTD,CLUZ,03TANWIND_G01,G,8/15/2026 11:36:00 PM,8/15/2026 11:40:00 PM,MAX_OPERATING_MW,2.50,
8/15/2026 11:40:00 PM,RTD,CLUZ,03TANWIND_G01,G,8/15/2026 11:36:00 PM,8/15/2026 11:40:00 PM,MIN_OPERATING_MW,2.50,
8/15/2026 11:40:00 PM,RTD,CLUZ,03TANWIND_G01,G,8/15/2026 11:41:00 PM,8/15/2026 11:45:00 PM,MAX_OPERATING_MW,2.50,
8/15/2026 11:40:00 PM,RTD,CLUZ,03TANWIND_G01,G,8/15/2026 11:41:00 PM,8/15/2026 11:45:00 PM,MIN_OPERATING_MW,2.50,
8/15/2026 11:40:00 PM,RTD,CMIN,10LIAN_G02,G,8/15/2026,8/15/2026 11:59:00 PM,MAX_OPERATING_MW,6.60,
8/15/2026 11:40:00 PM,RTD,CMIN,10LIAN_G02,G,8/15/2026,8/15/2026 11:59:00 PM,MIN_OPERATING_MW,6.60,
8/15/2026 11:45:00 PM,RTD,CLUZ,01BALWIND_G01,G,8/15/2026 10:00:00 PM,8/17/2026,MAX_OPERATING_MW,40,
8/15/2026 11:45:00 PM,RTD,CLUZ,01BALWIND_G01,G,8/15/2026 10:00:00 PM,8/17/2026,MIN_OPERATING_MW,40,
8/15/2026 11:45:00 PM,RTD,CLUZ,01TERRASOL_G01,G,8/15/2026 11:06:00 PM,8/16/2026,MAX_OPERATING_MW,300,
8/15/2026 11:45:00 PM,RTD,CLUZ,01TERRASOL_G01,G,8/15/2026 11:06:00 PM,8/16/2026,MIN_OPERATING_MW,300,
8/15/2026 11:45:00 PM,RTD,CLUZ,03TANWIND_G01,G,8/15/2026 11:41:00 PM,8/15/2026 11:45:00 PM,MAX_OPERATING_MW,2.50,
8/15/2026 11:45:00 PM,RTD,CLUZ,03TANWIND_G01,G,8/15/2026 11:41:00 PM,8/15/2026 11:45:00 PM,MIN_OPERATING_MW,2.50,
8/15/2026 11:45:00 PM,RTD,CLUZ,03TANWIND_G01,G,8/15/2026 11:46:00 PM,8/15/2026 11:50:00 PM,MAX_OPERATING_MW,2.50,
8/15/2026 11:45:00 PM,RTD,CLUZ,03TANWIND_G01,G,8/15/2026 11:46:00 PM,8/15/2026 11:50:00 PM,MIN_OPERATING_MW,2.50,
8/15/2026 11:45:00 PM,RTD,CMIN,10LIAN_G02,G,8/15/2026,8/15/2026 11:59:00 PM,MAX_OPERATING_MW,6.60,
8/15/2026 11:45:00 PM,RTD,CMIN,10LIAN_G02,G,8/15/2026,8/15/2026 11:59:00 PM,MIN_OPERATING_MW,6.60,
8/15/2026 11:50:00 PM,RTD,CLUZ,01BALWIND_G01,G,8/15/2026 10:00:00 PM,8/17/2026,MAX_OPERATING_MW,40,
8/15/2026 11:50:00 PM,RTD,CLUZ,01BALWIND_G01,G,8/15/2026 10:00:00 PM,8/17/2026,MIN_OPERATING_MW,40,
8/15/2026 11:50:00 PM,RTD,CLUZ,01TERRASOL_G01,G,8/15/2026 11:06:00 PM,8/16/2026,MAX_OPERATING_MW,300,
8/15/2026 11:50:00 PM,RTD,CLUZ,01TERRASOL_G01,G,8/15/2026 11:06:00 PM,8/16/2026,MIN_OPERATING_MW,300,
8/15/2026 11:50:00 PM,RTD,CLUZ,03TANWIND_G01,G,8/15/2026 11:46:00 PM,8/15/2026 11:50:00 PM,MAX_OPERATING_MW,2.50,
8/15/2026 11:50:00 PM,RTD,CLUZ,03TANWIND_G01,G,8/15/2026 11:46:00 PM,8/15/2026 11:50:00 PM,MIN_OPERATING_MW,2.50,
8/15/2026 11:50:00 PM,RTD,CLUZ,03TANWIND_G01,G,8/15/2026 11:51:00 PM,8/15/2026 11:55:00 PM,MAX_OPERATING_MW,2.50,
8/15/2026 11:50:00 PM,RTD,CLUZ,03TANWIND_G01,G,8/15/2026 11:51:00 PM,8/15/2026 11:55:00 PM,MIN_OPERATING_MW,2.50,
8/15/2026 11:50:00 PM,RTD,CMIN,10LIAN_G02,G,8/15/2026,8/15/2026 11:59:00 PM,MAX_OPERATING_MW,6.60,
8/15/2026 11:50:00 PM,RTD,CMIN,10LIAN_G02,G,8/15/2026,8/15/2026 11:59:00 PM,MIN_OPERATING_MW,6.60,
8/15/2026 11:55:00 PM,RTD,CLUZ,01BALWIND_G01,G,8/15/2026 10:00:00 PM,8/17/2026,MAX_OPERATING_MW,40,
8/15/2026 11:55:00 PM,RTD,CLUZ,01BALWIND_G01,G,8/15/2026 10:00:00 PM,8/17/2026,MIN_OPERATING_MW,40,
8/15/2026 11:55:00 PM,RTD,CLUZ,01TERRASOL_G01,G,8/15/2026 11:06:00 PM,8/16/2026,MAX_OPERATING_MW,300,
8/15/2026 11:55:00 PM,RTD,CLUZ,01TERRASOL_G01,G,8/15/2026 11:06:00 PM,8/16/2026,MIN_OPERATING_MW,300,
8/15/2026 11:55:00 PM,RTD,CLUZ,03TANWIND_G01,G,8/15/2026 11:51:00 PM,8/15/2026 11:55:00 PM,MAX_OPERATING_MW,2.50,
8/15/2026 11:55:00 PM,RTD,CLUZ,03TANWIND_G01,G,8/15/2026 11:51:00 PM,8/15/2026 11:55:00 PM,MIN_OPERATING_MW,2.50,
8/15/2026 11:55:00 PM,RTD,CLUZ,03TANWIND_G01,G,8/15/2026 11:56:00 PM,8/15/2026 11:59:00 PM,MAX_OPERATING_MW,2.50,
8/15/2026 11:55:00 PM,RTD,CLUZ,03TANWIND_G01,G,8/15/2026 11:56:00 PM,8/15/2026 11:59:00 PM,MIN_OPERATING_MW,2.50,
8/15/2026 11:55:00 PM,RTD,CLUZ,03TANWIND_G01,G,8/16/2026,8/16/2026 12:05:00 AM,MAX_OPERATING_MW,2.50,
8/15/2026 11:55:00 PM,RTD,CLUZ,03TANWIND_G01,G,8/16/2026,8/16/2026 12:05:00 AM,MIN_OPERATING_MW,2.50,
8/15/2026 11:55:00 PM,RTD,CMIN,10LIAN_G02,G,8/15/2026,8/15/2026 11:59:00 PM,MAX_OPERATING_MW,6.60,
8/15/2026 11:55:00 PM,RTD,CMIN,10LIAN_G02,G,8/15/2026,8/15/2026 11:59:00 PM,MIN_OPERATING_MW,6.60,
8/16/2026,RTD,CLUZ,01BALWIND_G01,G,8/15/2026 10:00:00 PM,8/17/2026,MAX_OPERATING_MW,40,
8/16/2026,RTD,CLUZ,01BALWIND_G01,G,8/15/2026 10:00:00 PM,8/17/2026,MIN_OPERATING_MW,40,
8/16/2026,RTD,CLUZ,01TERRASOL_G01,G,8/15/2026 11:06:00 PM,8/16/2026,MAX_OPERATING_MW,300,
8/16/2026,RTD,CLUZ,01TERRASOL_G01,G,8/15/2026 11:06:00 PM,8/16/2026,MIN_OPERATING_MW,300,
8/16/2026,RTD,CLUZ,01TERRASOL_G01,G,8/16/2026 12:01:00 AM,8/16/2026 3:05:00 AM,MAX_OPERATING_MW,300,
8/16/2026,RTD,CLUZ,01TERRASOL_G01,G,8/16/2026 12:01:00 AM,8/16/2026 3:05:00 AM,MIN_OPERATING_MW,300,
8/16/2026,RTD,CLUZ,03TANWIND_G01,G,8/16/2026,8/16/2026 12:05:00 AM,MAX_OPERATING_MW,2.50,
8/16/2026,RTD,CLUZ,03TANWIND_G01,G,8/16/2026,8/16/2026 12:05:00 AM,MIN_OPERATING_MW,2.50,
EOF
