RUN_TIME,MKT_TYPE,REGION_NAME,RESOURCE_NAME,RESOURCE_TYPE,START_TIME,END_TIME,PARAMETER_TYPE,PARAMETER_VALUE,
7/25/2026 12:05:00 AM,RTD,CLUZ,01MSINLO_G04,G,7/25/2026 12:01:00 AM,7/26/2026,MAX_OPERATING_MW,319,
7/25/2026 12:05:00 AM,RTD,CLUZ,01MSINLO_G04,G,7/25/2026 12:01:00 AM,7/26/2026,MIN_OPERATING_MW,319,
7/25/2026 12:05:00 AM,RTD,CLUZ,01TERRASOL_G01,G,7/25/2026 12:01:00 AM,7/25/2026 12:05:00 AM,MAX_OPERATING_MW,50,
7/25/2026 12:05:00 AM,RTD,CLUZ,01TERRASOL_G01,G,7/25/2026 12:01:00 AM,7/25/2026 12:05:00 AM,MIN_OPERATING_MW,50,
7/25/2026 12:05:00 AM,RTD,CLUZ,01TERRASOL_G01,G,7/25/2026 12:06:00 AM,7/25/2026 12:10:00 AM,MAX_OPERATING_MW,100,
7/25/2026 12:05:00 AM,RTD,CLUZ,01TERRASOL_G01,G,7/25/2026 12:06:00 AM,7/25/2026 12:10:00 AM,MIN_OPERATING_MW,100,
7/25/2026 12:05:00 AM,RTD,CLUZ,03ALMNOS_BAT1,G,7/25/2026 12:01:00 AM,7/25/2026 12:05:00 AM,MAX_OPERATING_MW,-20,
7/25/2026 12:05:00 AM,RTD,CLUZ,03ALMNOS_BAT1,G,7/25/2026 12:01:00 AM,7/25/2026 12:05:00 AM,MIN_OPERATING_MW,-20,
7/25/2026 12:05:00 AM,RTD,CLUZ,03ALMNOS_BAT1,G,7/25/2026 12:06:00 AM,7/25/2026 12:10:00 AM,MAX_OPERATING_MW,-20,
7/25/2026 12:05:00 AM,RTD,CLUZ,03ALMNOS_BAT1,G,7/25/2026 12:06:00 AM,7/25/2026 12:10:00 AM,MIN_OPERATING_MW,-20,
7/25/2026 12:05:00 AM,RTD,CVIS,05EAUC_BAT,G,7/24/2026 11:01:00 PM,7/25/2026 2:00:00 AM,MAX_OPERATING_MW,-8,
7/25/2026 12:05:00 AM,RTD,CVIS,05EAUC_BAT,G,7/24/2026 11:01:00 PM,7/25/2026 2:00:00 AM,MIN_OPERATING_MW,-8,
7/25/2026 12:05:00 AM,RTD,CMIN,10LIAN_G02,G,7/25/2026 12:05:00 AM,7/25/2026 11:59:00 PM,MAX_OPERATING_MW,6,
7/25/2026 12:05:00 AM,RTD,CMIN,10LIAN_G02,G,7/25/2026 12:05:00 AM,7/25/2026 11:59:00 PM,MIN_OPERATING_MW,3,
7/25/2026 12:05:00 AM,RTD,CMIN,11MALADU_G01,G,7/25/2026 12:01:00 AM,7/26/2026,MAX_OPERATING_MW,9.50,
7/25/2026 12:05:00 AM,RTD,CMIN,11MALADU_G01,G,7/25/2026 12:01:00 AM,7/26/2026,MIN_OPERATING_MW,9.50,
7/25/2026 12:10:00 AM,RTD,CLUZ,01MSINLO_G04,G,7/25/2026 12:01:00 AM,7/26/2026,MAX_OPERATING_MW,319,
7/25/2026 12:10:00 AM,RTD,CLUZ,01MSINLO_G04,G,7/25/2026 12:01:00 AM,7/26/2026,MIN_OPERATING_MW,319,
7/25/2026 12:10:00 AM,RTD,CLUZ,01TERRASOL_G01,G,7/25/2026 12:06:00 AM,7/25/2026 12:10:00 AM,MAX_OPERATING_MW,100,
7/25/2026 12:10:00 AM,RTD,CLUZ,01TERRASOL_G01,G,7/25/2026 12:06:00 AM,7/25/2026 12:10:00 AM,MIN_OPERATING_MW,100,
7/25/2026 12:10:00 AM,RTD,CLUZ,01TERRASOL_G01,G,7/25/2026 12:11:00 AM,7/25/2026 12:15:00 AM,MAX_OPERATING_MW,150,
7/25/2026 12:10:00 AM,RTD,CLUZ,01TERRASOL_G01,G,7/25/2026 12:11:00 AM,7/25/2026 12:15:00 AM,MIN_OPERATING_MW,150,
7/25/2026 12:10:00 AM,RTD,CLUZ,03ALMNOS_BAT1,G,7/25/2026 12:06:00 AM,7/25/2026 12:10:00 AM,MAX_OPERATING_MW,-20,
7/25/2026 12:10:00 AM,RTD,CLUZ,03ALMNOS_BAT1,G,7/25/2026 12:06:00 AM,7/25/2026 12:10:00 AM,MIN_OPERATING_MW,-20,
7/25/2026 12:10:00 AM,RTD,CLUZ,03ALMNOS_BAT1,G,7/25/2026 12:11:00 AM,7/25/2026 12:15:00 AM,MAX_OPERATING_MW,-20,
7/25/2026 12:10:00 AM,RTD,CLUZ,03ALMNOS_BAT1,G,7/25/2026 12:11:00 AM,7/25/2026 12:15:00 AM,MIN_OPERATING_MW,-20,
7/25/2026 12:10:00 AM,RTD,CVIS,05EAUC_BAT,G,7/24/2026 11:01:00 PM,7/25/2026 2:00:00 AM,MAX_OPERATING_MW,-8,
7/25/2026 12:10:00 AM,RTD,CVIS,05EAUC_BAT,G,7/24/2026 11:01:00 PM,7/25/2026 2:00:00 AM,MIN_OPERATING_MW,-8,
7/25/2026 12:10:00 AM,RTD,CMIN,10LIAN_G02,G,7/25/2026 12:05:00 AM,7/25/2026 11:59:00 PM,MAX_OPERATING_MW,6,
7/25/2026 12:10:00 AM,RTD,CMIN,10LIAN_G02,G,7/25/2026 12:05:00 AM,7/25/2026 11:59:00 PM,MIN_OPERATING_MW,3,
7/25/2026 12:10:00 AM,RTD,CMIN,11MALADU_G01,G,7/25/2026 12:01:00 AM,7/26/2026,MAX_OPERATING_MW,9.50,
7/25/2026 12:10:00 AM,RTD,CMIN,11MALADU_G01,G,7/25/2026 12:01:00 AM,7/26/2026,MIN_OPERATING_MW,9.50,
7/25/2026 12:15:00 AM,RTD,CLUZ,01MSINLO_G04,G,7/25/2026 12:01:00 AM,7/26/2026,MAX_OPERATING_MW,319,
7/25/2026 12:15:00 AM,RTD,CLUZ,01MSINLO_G04,G,7/25/2026 12:01:00 AM,7/26/2026,MIN_OPERATING_MW,319,
7/25/2026 12:15:00 AM,RTD,CLUZ,01TERRASOL_G01,G,7/25/2026 12:11:00 AM,7/25/2026 12:15:00 AM,MAX_OPERATING_MW,150,
7/25/2026 12:15:00 AM,RTD,CLUZ,01TERRASOL_G01,G,7/25/2026 12:11:00 AM,7/25/2026 12:15:00 AM,MIN_OPERATING_MW,150,
7/25/2026 12:15:00 AM,RTD,CLUZ,01TERRASOL_G01,G,7/25/2026 12:16:00 AM,7/25/2026 3:00:00 AM,MAX_OPERATING_MW,200,
7/25/2026 12:15:00 AM,RTD,CLUZ,01TERRASOL_G01,G,7/25/2026 12:16:00 AM,7/25/2026 3:00:00 AM,MIN_OPERATING_MW,200,
7/25/2026 12:15:00 AM,RTD,CLUZ,03ALMNOS_BAT1,G,7/25/2026 12:11:00 AM,7/25/2026 12:15:00 AM,MAX_OPERATING_MW,-20,
7/25/2026 12:15:00 AM,RTD,CLUZ,03ALMNOS_BAT1,G,7/25/2026 12:11:00 AM,7/25/2026 12:15:00 AM,MIN_OPERATING_MW,-20,
7/25/2026 12:15:00 AM,RTD,CLUZ,03ALMNOS_BAT1,G,7/25/2026 12:16:00 AM,7/25/2026 12:20:00 AM,MAX_OPERATING_MW,-20,
7/25/2026 12:15:00 AM,RTD,CLUZ,03ALMNOS_BAT1,G,7/25/2026 12:16:00 AM,7/25/2026 12:20:00 AM,MIN_OPERATING_MW,-20,
7/25/2026 12:15:00 AM,RTD,CVIS,05EAUC_BAT,G,7/24/2026 11:01:00 PM,7/25/2026 2:00:00 AM,MAX_OPERATING_MW,-8,
7/25/2026 12:15:00 AM,RTD,CVIS,05EAUC_BAT,G,7/24/2026 11:01:00 PM,7/25/2026 2:00:00 AM,MIN_OPERATING_MW,-8,
7/25/2026 12:15:00 AM,RTD,CMIN,10LIAN_G02,G,7/25/2026 12:05:00 AM,7/25/2026 11:59:00 PM,MAX_OPERATING_MW,6,
7/25/2026 12:15:00 AM,RTD,CMIN,10LIAN_G02,G,7/25/2026 12:05:00 AM,7/25/2026 11:59:00 PM,MIN_OPERATING_MW,3,
7/25/2026 12:15:00 AM,RTD,CMIN,11MALADU_G01,G,7/25/2026 12:01:00 AM,7/26/2026,MAX_OPERATING_MW,9.50,
7/25/2026 12:15:00 AM,RTD,CMIN,11MALADU_G01,G,7/25/2026 12:01:00 AM,7/26/2026,MIN_OPERATING_MW,9.50,
7/25/2026 12:20:00 AM,RTD,CLUZ,01MSINLO_G04,G,7/25/2026 12:01:00 AM,7/26/2026,MAX_OPERATING_MW,319,
7/25/2026 12:20:00 AM,RTD,CLUZ,01MSINLO_G04,G,7/25/2026 12:01:00 AM,7/26/2026,MIN_OPERATING_MW,319,
7/25/2026 12:20:00 AM,RTD,CLUZ,01TERRASOL_G01,G,7/25/2026 12:16:00 AM,7/25/2026 3:00:00 AM,MAX_OPERATING_MW,200,
7/25/2026 12:20:00 AM,RTD,CLUZ,01TERRASOL_G01,G,7/25/2026 12:16:00 AM,7/25/2026 3:00:00 AM,MIN_OPERATING_MW,200,
7/25/2026 12:20:00 AM,RTD,CLUZ,03ALMNOS_BAT1,G,7/25/2026 12:16:00 AM,7/25/2026 12:20:00 AM,MAX_OPERATING_MW,-20,
7/25/2026 12:20:00 AM,RTD,CLUZ,03ALMNOS_BAT1,G,7/25/2026 12:16:00 AM,7/25/2026 12:20:00 AM,MIN_OPERATING_MW,-20,
7/25/2026 12:20:00 AM,RTD,CLUZ,03ALMNOS_BAT1,G,7/25/2026 12:21:00 AM,7/25/2026 12:25:00 AM,MAX_OPERATING_MW,-20,
7/25/2026 12:20:00 AM,RTD,CLUZ,03ALMNOS_BAT1,G,7/25/2026 12:21:00 AM,7/25/2026 12:25:00 AM,MIN_OPERATING_MW,-20,
7/25/2026 12:20:00 AM,RTD,CVIS,05EAUC_BAT,G,7/24/2026 11:01:00 PM,7/25/2026 2:00:00 AM,MAX_OPERATING_MW,-8,
7/25/2026 12:20:00 AM,RTD,CVIS,05EAUC_BAT,G,7/24/2026 11:01:00 PM,7/25/2026 2:00:00 AM,MIN_OPERATING_MW,-8,
7/25/2026 12:20:00 AM,RTD,CMIN,10LIAN_G02,G,7/25/2026 12:05:00 AM,7/25/2026 11:59:00 PM,MAX_OPERATING_MW,6,
7/25/2026 12:20:00 AM,RTD,CMIN,10LIAN_G02,G,7/25/2026 12:05:00 AM,7/25/2026 11:59:00 PM,MIN_OPERATING_MW,3,
7/25/2026 12:20:00 AM,RTD,CMIN,11MALADU_G01,G,7/25/2026 12:01:00 AM,7/26/2026,MAX_OPERATING_MW,9.50,
7/25/2026 12:20:00 AM,RTD,CMIN,11MALADU_G01,G,7/25/2026 12:01:00 AM,7/26/2026,MIN_OPERATING_MW,9.50,
7/25/2026 12:25:00 AM,RTD,CLUZ,01MSINLO_G04,G,7/25/2026 12:01:00 AM,7/26/2026,MAX_OPERATING_MW,319,
7/25/2026 12:25:00 AM,RTD,CLUZ,01MSINLO_G04,G,7/25/2026 12:01:00 AM,7/26/2026,MIN_OPERATING_MW,319,
7/25/2026 12:25:00 AM,RTD,CLUZ,01TERRASOL_G01,G,7/25/2026 12:16:00 AM,7/25/2026 3:00:00 AM,MAX_OPERATING_MW,200,
7/25/2026 12:25:00 AM,RTD,CLUZ,01TERRASOL_G01,G,7/25/2026 12:16:00 AM,7/25/2026 3:00:00 AM,MIN_OPERATING_MW,200,
7/25/2026 12:25:00 AM,RTD,CLUZ,03ALMNOS_BAT1,G,7/25/2026 12:21:00 AM,7/25/2026 12:25:00 AM,MAX_OPERATING_MW,-20,
7/25/2026 12:25:00 AM,RTD,CLUZ,03ALMNOS_BAT1,G,7/25/2026 12:21:00 AM,7/25/2026 12:25:00 AM,MIN_OPERATING_MW,-20,
7/25/2026 12:25:00 AM,RTD,CLUZ,03ALMNOS_BAT1,G,7/25/2026 12:26:00 AM,7/25/2026 12:30:00 AM,MAX_OPERATING_MW,-20,
7/25/2026 12:25:00 AM,RTD,CLUZ,03ALMNOS_BAT1,G,7/25/2026 12:26:00 AM,7/25/2026 12:30:00 AM,MIN_OPERATING_MW,-20,
7/25/2026 12:25:00 AM,RTD,CVIS,05EAUC_BAT,G,7/24/2026 11:01:00 PM,7/25/2026 2:00:00 AM,MAX_OPERATING_MW,-8,
7/25/2026 12:25:00 AM,RTD,CVIS,05EAUC_BAT,G,7/24/2026 11:01:00 PM,7/25/2026 2:00:00 AM,MIN_OPERATING_MW,-8,
7/25/2026 12:25:00 AM,RTD,CMIN,10LIAN_G02,G,7/25/2026 12:05:00 AM,7/25/2026 11:59:00 PM,MAX_OPERATING_MW,6,
7/25/2026 12:25:00 AM,RTD,CMIN,10LIAN_G02,G,7/25/2026 12:05:00 AM,7/25/2026 11:59:00 PM,MIN_OPERATING_MW,3,
7/25/2026 12:25:00 AM,RTD,CMIN,11MALADU_G01,G,7/25/2026 12:01:00 AM,7/26/2026,MAX_OPERATING_MW,9.50,
7/25/2026 12:25:00 AM,RTD,CMIN,11MALADU_G01,G,7/25/2026 12:01:00 AM,7/26/2026,MIN_OPERATING_MW,9.50,
7/25/2026 12:30:00 AM,RTD,CLUZ,01MSINLO_G04,G,7/25/2026 12:01:00 AM,7/26/2026,MAX_OPERATING_MW,319,
7/25/2026 12:30:00 AM,RTD,CLUZ,01MSINLO_G04,G,7/25/2026 12:01:00 AM,7/26/2026,MIN_OPERATING_MW,319,
7/25/2026 12:30:00 AM,RTD,CLUZ,01TERRASOL_G01,G,7/25/2026 12:16:00 AM,7/25/2026 3:00:00 AM,MAX_OPERATING_MW,200,
7/25/2026 12:30:00 AM,RTD,CLUZ,01TERRASOL_G01,G,7/25/2026 12:16:00 AM,7/25/2026 3:00:00 AM,MIN_OPERATING_MW,200,
7/25/2026 12:30:00 AM,RTD,CLUZ,03ALMNOS_BAT1,G,7/25/2026 12:26:00 AM,7/25/2026 12:30:00 AM,MAX_OPERATING_MW,-20,
7/25/2026 12:30:00 AM,RTD,CLUZ,03ALMNOS_BAT1,G,7/25/2026 12:26:00 AM,7/25/2026 12:30:00 AM,MIN_OPERATING_MW,-20,
7/25/2026 12:30:00 AM,RTD,CLUZ,03ALMNOS_BAT1,G,7/25/2026 12:31:00 AM,7/25/2026 12:35:00 AM,MAX_OPERATING_MW,-20,
7/25/2026 12:30:00 AM,RTD,CLUZ,03ALMNOS_BAT1,G,7/25/2026 12:31:00 AM,7/25/2026 12:35:00 AM,MIN_OPERATING_MW,-20,
7/25/2026 12:30:00 AM,RTD,CVIS,05EAUC_BAT,G,7/24/2026 11:01:00 PM,7/25/2026 2:00:00 AM,MAX_OPERATING_MW,-8,
7/25/2026 12:30:00 AM,RTD,CVIS,05EAUC_BAT,G,7/24/2026 11:01:00 PM,7/25/2026 2:00:00 AM,MIN_OPERATING_MW,-8,
7/25/2026 12:30:00 AM,RTD,CMIN,10LIAN_G02,G,7/25/2026 12:05:00 AM,7/25/2026 11:59:00 PM,MAX_OPERATING_MW,6,
7/25/2026 12:30:00 AM,RTD,CMIN,10LIAN_G02,G,7/25/2026 12:05:00 AM,7/25/2026 11:59:00 PM,MIN_OPERATING_MW,3,
7/25/2026 12:30:00 AM,RTD,CMIN,11MALADU_G01,G,7/25/2026 12:01:00 AM,7/26/2026,MAX_OPERATING_MW,9.50,
7/25/2026 12:30:00 AM,RTD,CMIN,11MALADU_G01,G,7/25/2026 12:01:00 AM,7/26/2026,MIN_OPERATING_MW,9.50,
7/25/2026 12:35:00 AM,RTD,CLUZ,01MSINLO_G04,G,7/25/2026 12:01:00 AM,7/26/2026,MAX_OPERATING_MW,319,
7/25/2026 12:35:00 AM,RTD,CLUZ,01MSINLO_G04,G,7/25/2026 12:01:00 AM,7/26/2026,MIN_OPERATING_MW,319,
7/25/2026 12:35:00 AM,RTD,CLUZ,01TERRASOL_G01,G,7/25/2026 12:16:00 AM,7/25/2026 3:00:00 AM,MAX_OPERATING_MW,200,
7/25/2026 12:35:00 AM,RTD,CLUZ,01TERRASOL_G01,G,7/25/2026 12:16:00 AM,7/25/2026 3:00:00 AM,MIN_OPERATING_MW,200,
7/25/2026 12:35:00 AM,RTD,CLUZ,03ALMNOS_BAT1,G,7/25/2026 12:31:00 AM,7/25/2026 12:35:00 AM,MAX_OPERATING_MW,-20,
7/25/2026 12:35:00 AM,RTD,CLUZ,03ALMNOS_BAT1,G,7/25/2026 12:31:00 AM,7/25/2026 12:35:00 AM,MIN_OPERATING_MW,-20,
7/25/2026 12:35:00 AM,RTD,CLUZ,03ALMNOS_BAT1,G,7/25/2026 12:36:00 AM,7/25/2026 12:40:00 AM,MAX_OPERATING_MW,-20,
7/25/2026 12:35:00 AM,RTD,CLUZ,03ALMNOS_BAT1,G,7/25/2026 12:36:00 AM,7/25/2026 12:40:00 AM,MIN_OPERATING_MW,-20,
7/25/2026 12:35:00 AM,RTD,CVIS,05EAUC_BAT,G,7/24/2026 11:01:00 PM,7/25/2026 2:00:00 AM,MAX_OPERATING_MW,-8,
7/25/2026 12:35:00 AM,RTD,CVIS,05EAUC_BAT,G,7/24/2026 11:01:00 PM,7/25/2026 2:00:00 AM,MIN_OPERATING_MW,-8,
7/25/2026 12:35:00 AM,RTD,CMIN,10LIAN_G02,G,7/25/2026 12:05:00 AM,7/25/2026 11:59:00 PM,MAX_OPERATING_MW,6,
7/25/2026 12:35:00 AM,RTD,CMIN,10LIAN_G02,G,7/25/2026 12:05:00 AM,7/25/2026 11:59:00 PM,MIN_OPERATING_MW,3,
7/25/2026 12:35:00 AM,RTD,CMIN,11MALADU_G01,G,7/25/2026 12:01:00 AM,7/26/2026,MAX_OPERATING_MW,9.50,
7/25/2026 12:35:00 AM,RTD,CMIN,11MALADU_G01,G,7/25/2026 12:01:00 AM,7/26/2026,MIN_OPERATING_MW,9.50,
7/25/2026 12:40:00 AM,RTD,CLUZ,01MSINLO_G04,G,7/25/2026 12:01:00 AM,7/26/2026,MAX_OPERATING_MW,319,
7/25/2026 12:40:00 AM,RTD,CLUZ,01MSINLO_G04,G,7/25/2026 12:01:00 AM,7/26/2026,MIN_OPERATING_MW,319,
7/25/2026 12:40:00 AM,RTD,CLUZ,01TERRASOL_G01,G,7/25/2026 12:16:00 AM,7/25/2026 3:00:00 AM,MAX_OPERATING_MW,200,
7/25/2026 12:40:00 AM,RTD,CLUZ,01TERRASOL_G01,G,7/25/2026 12:16:00 AM,7/25/2026 3:00:00 AM,MIN_OPERATING_MW,200,
7/25/2026 12:40:00 AM,RTD,CLUZ,03ALMNOS_BAT1,G,7/25/2026 12:36:00 AM,7/25/2026 12:40:00 AM,MAX_OPERATING_MW,-20,
7/25/2026 12:40:00 AM,RTD,CLUZ,03ALMNOS_BAT1,G,7/25/2026 12:36:00 AM,7/25/2026 12:40:00 AM,MIN_OPERATING_MW,-20,
7/25/2026 12:40:00 AM,RTD,CLUZ,03ALMNOS_BAT1,G,7/25/2026 12:41:00 AM,7/25/2026 12:45:00 AM,MAX_OPERATING_MW,-20,
7/25/2026 12:40:00 AM,RTD,CLUZ,03ALMNOS_BAT1,G,7/25/2026 12:41:00 AM,7/25/2026 12:45:00 AM,MIN_OPERATING_MW,-20,
7/25/2026 12:40:00 AM,RTD,CVIS,05EAUC_BAT,G,7/24/2026 11:01:00 PM,7/25/2026 2:00:00 AM,MAX_OPERATING_MW,-8,
7/25/2026 12:40:00 AM,RTD,CVIS,05EAUC_BAT,G,7/24/2026 11:01:00 PM,7/25/2026 2:00:00 AM,MIN_OPERATING_MW,-8,
7/25/2026 12:40:00 AM,RTD,CMIN,10LIAN_G02,G,7/25/2026 12:05:00 AM,7/25/2026 11:59:00 PM,MAX_OPERATING_MW,6,
7/25/2026 12:40:00 AM,RTD,CMIN,10LIAN_G02,G,7/25/2026 12:05:00 AM,7/25/2026 11:59:00 PM,MIN_OPERATING_MW,3,
7/25/2026 12:40:00 AM,RTD,CMIN,11MALADU_G01,G,7/25/2026 12:01:00 AM,7/26/2026,MAX_OPERATING_MW,9.50,
7/25/2026 12:40:00 AM,RTD,CMIN,11MALADU_G01,G,7/25/2026 12:01:00 AM,7/26/2026,MIN_OPERATING_MW,9.50,
7/25/2026 12:45:00 AM,RTD,CLUZ,01MSINLO_G04,G,7/25/2026 12:01:00 AM,7/26/2026,MAX_OPERATING_MW,319,
7/25/2026 12:45:00 AM,RTD,CLUZ,01MSINLO_G04,G,7/25/2026 12:01:00 AM,7/26/2026,MIN_OPERATING_MW,319,
7/25/2026 12:45:00 AM,RTD,CLUZ,01TERRASOL_G01,G,7/25/2026 12:16:00 AM,7/25/2026 3:00:00 AM,MAX_OPERATING_MW,200,
7/25/2026 12:45:00 AM,RTD,CLUZ,01TERRASOL_G01,G,7/25/2026 12:16:00 AM,7/25/2026 3:00:00 AM,MIN_OPERATING_MW,200,
7/25/2026 12:45:00 AM,RTD,CLUZ,03ALMNOS_BAT1,G,7/25/2026 12:41:00 AM,7/25/2026 12:45:00 AM,MAX_OPERATING_MW,-20,
7/25/2026 12:45:00 AM,RTD,CLUZ,03ALMNOS_BAT1,G,7/25/2026 12:41:00 AM,7/25/2026 12:45:00 AM,MIN_OPERATING_MW,-20,
7/25/2026 12:45:00 AM,RTD,CLUZ,03ALMNOS_BAT1,G,7/25/2026 12:46:00 AM,7/25/2026 12:50:00 AM,MAX_OPERATING_MW,-20,
7/25/2026 12:45:00 AM,RTD,CLUZ,03ALMNOS_BAT1,G,7/25/2026 12:46:00 AM,7/25/2026 12:50:00 AM,MIN_OPERATING_MW,-20,
7/25/2026 12:45:00 AM,RTD,CVIS,05EAUC_BAT,G,7/24/2026 11:01:00 PM,7/25/2026 2:00:00 AM,MAX_OPERATING_MW,-8,
7/25/2026 12:45:00 AM,RTD,CVIS,05EAUC_BAT,G,7/24/2026 11:01:00 PM,7/25/2026 2:00:00 AM,MIN_OPERATING_MW,-8,
7/25/2026 12:45:00 AM,RTD,CMIN,10LIAN_G02,G,7/25/2026 12:05:00 AM,7/25/2026 11:59:00 PM,MAX_OPERATING_MW,6,
7/25/2026 12:45:00 AM,RTD,CMIN,10LIAN_G02,G,7/25/2026 12:05:00 AM,7/25/2026 11:59:00 PM,MIN_OPERATING_MW,3,
7/25/2026 12:45:00 AM,RTD,CMIN,11MALADU_G01,G,7/25/2026 12:01:00 AM,7/26/2026,MAX_OPERATING_MW,9.50,
7/25/2026 12:45:00 AM,RTD,CMIN,11MALADU_G01,G,7/25/2026 12:01:00 AM,7/26/2026,MIN_OPERATING_MW,9.50,
7/25/2026 12:50:00 AM,RTD,CLUZ,01MSINLO_G04,G,7/25/2026 12:01:00 AM,7/26/2026,MAX_OPERATING_MW,319,
7/25/2026 12:50:00 AM,RTD,CLUZ,01MSINLO_G04,G,7/25/2026 12:01:00 AM,7/26/2026,MIN_OPERATING_MW,319,
7/25/2026 12:50:00 AM,RTD,CLUZ,01TERRASOL_G01,G,7/25/2026 12:16:00 AM,7/25/2026 3:00:00 AM,MAX_OPERATING_MW,200,
7/25/2026 12:50:00 AM,RTD,CLUZ,01TERRASOL_G01,G,7/25/2026 12:16:00 AM,7/25/2026 3:00:00 AM,MIN_OPERATING_MW,200,
7/25/2026 12:50:00 AM,RTD,CLUZ,03ALMNOS_BAT1,G,7/25/2026 12:46:00 AM,7/25/2026 12:50:00 AM,MAX_OPERATING_MW,-20,
7/25/2026 12:50:00 AM,RTD,CLUZ,03ALMNOS_BAT1,G,7/25/2026 12:46:00 AM,7/25/2026 12:50:00 AM,MIN_OPERATING_MW,-20,
7/25/2026 12:50:00 AM,RTD,CLUZ,03ALMNOS_BAT1,G,7/25/2026 12:51:00 AM,7/25/2026 12:55:00 AM,MAX_OPERATING_MW,-20,
7/25/2026 12:50:00 AM,RTD,CLUZ,03ALMNOS_BAT1,G,7/25/2026 12:51:00 AM,7/25/2026 12:55:00 AM,MIN_OPERATING_MW,-20,
7/25/2026 12:50:00 AM,RTD,CVIS,05EAUC_BAT,G,7/24/2026 11:01:00 PM,7/25/2026 2:00:00 AM,MAX_OPERATING_MW,-8,
7/25/2026 12:50:00 AM,RTD,CVIS,05EAUC_BAT,G,7/24/2026 11:01:00 PM,7/25/2026 2:00:00 AM,MIN_OPERATING_MW,-8,
7/25/2026 12:50:00 AM,RTD,CMIN,10LIAN_G02,G,7/25/2026 12:05:00 AM,7/25/2026 11:59:00 PM,MAX_OPERATING_MW,6,
7/25/2026 12:50:00 AM,RTD,CMIN,10LIAN_G02,G,7/25/2026 12:05:00 AM,7/25/2026 11:59:00 PM,MIN_OPERATING_MW,3,
7/25/2026 12:50:00 AM,RTD,CMIN,11MALADU_G01,G,7/25/2026 12:01:00 AM,7/26/2026,MAX_OPERATING_MW,9.50,
7/25/2026 12:50:00 AM,RTD,CMIN,11MALADU_G01,G,7/25/2026 12:01:00 AM,7/26/2026,MIN_OPERATING_MW,9.50,
7/25/2026 12:55:00 AM,RTD,CLUZ,01BALWIND_G01,G,7/24/2026 2:00:00 PM,7/25/2026 3:00:00 AM,MAX_OPERATING_MW,50,
7/25/2026 12:55:00 AM,RTD,CLUZ,01BALWIND_G01,G,7/24/2026 2:00:00 PM,7/25/2026 3:00:00 AM,MIN_OPERATING_MW,50,
7/25/2026 12:55:00 AM,RTD,CLUZ,01MSINLO_G04,G,7/25/2026 12:01:00 AM,7/26/2026,MAX_OPERATING_MW,319,
7/25/2026 12:55:00 AM,RTD,CLUZ,01MSINLO_G04,G,7/25/2026 12:01:00 AM,7/26/2026,MIN_OPERATING_MW,319,
7/25/2026 12:55:00 AM,RTD,CLUZ,01TERRASOL_G01,G,7/25/2026 12:16:00 AM,7/25/2026 3:00:00 AM,MAX_OPERATING_MW,200,
7/25/2026 12:55:00 AM,RTD,CLUZ,01TERRASOL_G01,G,7/25/2026 12:16:00 AM,7/25/2026 3:00:00 AM,MIN_OPERATING_MW,200,
7/25/2026 12:55:00 AM,RTD,CLUZ,03ALMNOS_BAT1,G,7/25/2026 12:51:00 AM,7/25/2026 12:55:00 AM,MAX_OPERATING_MW,-20,
7/25/2026 12:55:00 AM,RTD,CLUZ,03ALMNOS_BAT1,G,7/25/2026 12:51:00 AM,7/25/2026 12:55:00 AM,MIN_OPERATING_MW,-20,
7/25/2026 12:55:00 AM,RTD,CLUZ,03ALMNOS_BAT1,G,7/25/2026 12:56:00 AM,7/25/2026 1:00:00 AM,MAX_OPERATING_MW,-20,
7/25/2026 12:55:00 AM,RTD,CLUZ,03ALMNOS_BAT1,G,7/25/2026 12:56:00 AM,7/25/2026 1:00:00 AM,MIN_OPERATING_MW,-20,
7/25/2026 12:55:00 AM,RTD,CVIS,05EAUC_BAT,G,7/24/2026 11:01:00 PM,7/25/2026 2:00:00 AM,MAX_OPERATING_MW,-8,
7/25/2026 12:55:00 AM,RTD,CVIS,05EAUC_BAT,G,7/24/2026 11:01:00 PM,7/25/2026 2:00:00 AM,MIN_OPERATING_MW,-8,
7/25/2026 12:55:00 AM,RTD,CMIN,10LIAN_G02,G,7/25/2026 12:05:00 AM,7/25/2026 11:59:00 PM,MAX_OPERATING_MW,6,
7/25/2026 12:55:00 AM,RTD,CMIN,10LIAN_G02,G,7/25/2026 12:05:00 AM,7/25/2026 11:59:00 PM,MIN_OPERATING_MW,3,
7/25/2026 12:55:00 AM,RTD,CMIN,11MALADU_G01,G,7/25/2026 12:01:00 AM,7/26/2026,MAX_OPERATING_MW,9.50,
7/25/2026 12:55:00 AM,RTD,CMIN,11MALADU_G01,G,7/25/2026 12:01:00 AM,7/26/2026,MIN_OPERATING_MW,9.50,
7/25/2026 1:00:00 AM,RTD,CLUZ,01BALWIND_G01,G,7/24/2026 2:00:00 PM,7/25/2026 3:00:00 AM,MAX_OPERATING_MW,50,
7/25/2026 1:00:00 AM,RTD,CLUZ,01BALWIND_G01,G,7/24/2026 2:00:00 PM,7/25/2026 3:00:00 AM,MIN_OPERATING_MW,50,
7/25/2026 1:00:00 AM,RTD,CLUZ,01MSINLO_G04,G,7/25/2026 12:01:00 AM,7/26/2026,MAX_OPERATING_MW,319,
7/25/2026 1:00:00 AM,RTD,CLUZ,01MSINLO_G04,G,7/25/2026 12:01:00 AM,7/26/2026,MIN_OPERATING_MW,319,
7/25/2026 1:00:00 AM,RTD,CLUZ,01TERRASOL_G01,G,7/25/2026 12:16:00 AM,7/25/2026 3:00:00 AM,MAX_OPERATING_MW,200,
7/25/2026 1:00:00 AM,RTD,CLUZ,01TERRASOL_G01,G,7/25/2026 12:16:00 AM,7/25/2026 3:00:00 AM,MIN_OPERATING_MW,200,
7/25/2026 1:00:00 AM,RTD,CLUZ,03ALMNOS_BAT1,G,7/25/2026 12:56:00 AM,7/25/2026 1:00:00 AM,MAX_OPERATING_MW,-20,
7/25/2026 1:00:00 AM,RTD,CLUZ,03ALMNOS_BAT1,G,7/25/2026 12:56:00 AM,7/25/2026 1:00:00 AM,MIN_OPERATING_MW,-20,
7/25/2026 1:00:00 AM,RTD,CLUZ,03ALMNOS_BAT1,G,7/25/2026 1:01:00 AM,7/25/2026 1:05:00 AM,MAX_OPERATING_MW,-20,
7/25/2026 1:00:00 AM,RTD,CLUZ,03ALMNOS_BAT1,G,7/25/2026 1:01:00 AM,7/25/2026 1:05:00 AM,MIN_OPERATING_MW,-20,
7/25/2026 1:00:00 AM,RTD,CVIS,05EAUC_BAT,G,7/24/2026 11:01:00 PM,7/25/2026 2:00:00 AM,MAX_OPERATING_MW,-8,
7/25/2026 1:00:00 AM,RTD,CVIS,05EAUC_BAT,G,7/24/2026 11:01:00 PM,7/25/2026 2:00:00 AM,MIN_OPERATING_MW,-8,
7/25/2026 1:00:00 AM,RTD,CMIN,10LIAN_G02,G,7/25/2026 12:05:00 AM,7/25/2026 11:59:00 PM,MAX_OPERATING_MW,6,
7/25/2026 1:00:00 AM,RTD,CMIN,10LIAN_G02,G,7/25/2026 12:05:00 AM,7/25/2026 11:59:00 PM,MIN_OPERATING_MW,3,
7/25/2026 1:00:00 AM,RTD,CMIN,11MALADU_G01,G,7/25/2026 12:01:00 AM,7/26/2026,MAX_OPERATING_MW,9.50,
7/25/2026 1:00:00 AM,RTD,CMIN,11MALADU_G01,G,7/25/2026 12:01:00 AM,7/26/2026,MIN_OPERATING_MW,9.50,
7/25/2026 1:05:00 AM,RTD,CLUZ,01BALWIND_G01,G,7/24/2026 2:00:00 PM,7/25/2026 3:00:00 AM,MAX_OPERATING_MW,50,
7/25/2026 1:05:00 AM,RTD,CLUZ,01BALWIND_G01,G,7/24/2026 2:00:00 PM,7/25/2026 3:00:00 AM,MIN_OPERATING_MW,50,
7/25/2026 1:05:00 AM,RTD,CLUZ,01MSINLO_G04,G,7/25/2026 12:01:00 AM,7/26/2026,MAX_OPERATING_MW,319,
7/25/2026 1:05:00 AM,RTD,CLUZ,01MSINLO_G04,G,7/25/2026 12:01:00 AM,7/26/2026,MIN_OPERATING_MW,319,
7/25/2026 1:05:00 AM,RTD,CLUZ,01TERRASOL_G01,G,7/25/2026 12:16:00 AM,7/25/2026 3:00:00 AM,MAX_OPERATING_MW,200,
7/25/2026 1:05:00 AM,RTD,CLUZ,01TERRASOL_G01,G,7/25/2026 12:16:00 AM,7/25/2026 3:00:00 AM,MIN_OPERATING_MW,200,
7/25/2026 1:05:00 AM,RTD,CLUZ,03ALMNOS_BAT1,G,7/25/2026 1:01:00 AM,7/25/2026 1:05:00 AM,MAX_OPERATING_MW,-20,
7/25/2026 1:05:00 AM,RTD,CLUZ,03ALMNOS_BAT1,G,7/25/2026 1:01:00 AM,7/25/2026 1:05:00 AM,MIN_OPERATING_MW,-20,
7/25/2026 1:05:00 AM,RTD,CLUZ,03ALMNOS_BAT1,G,7/25/2026 1:06:00 AM,7/25/2026 1:10:00 AM,MAX_OPERATING_MW,-20,
7/25/2026 1:05:00 AM,RTD,CLUZ,03ALMNOS_BAT1,G,7/25/2026 1:06:00 AM,7/25/2026 1:10:00 AM,MIN_OPERATING_MW,-20,
7/25/2026 1:05:00 AM,RTD,CVIS,05EAUC_BAT,G,7/24/2026 11:01:00 PM,7/25/2026 2:00:00 AM,MAX_OPERATING_MW,-8,
7/25/2026 1:05:00 AM,RTD,CVIS,05EAUC_BAT,G,7/24/2026 11:01:00 PM,7/25/2026 2:00:00 AM,MIN_OPERATING_MW,-8,
7/25/2026 1:05:00 AM,RTD,CMIN,10LIAN_G02,G,7/25/2026 12:05:00 AM,7/25/2026 11:59:00 PM,MAX_OPERATING_MW,6,
7/25/2026 1:05:00 AM,RTD,CMIN,10LIAN_G02,G,7/25/2026 12:05:00 AM,7/25/2026 11:59:00 PM,MIN_OPERATING_MW,3,
7/25/2026 1:05:00 AM,RTD,CMIN,11MALADU_G01,G,7/25/2026 12:01:00 AM,7/26/2026,MAX_OPERATING_MW,9.50,
7/25/2026 1:05:00 AM,RTD,CMIN,11MALADU_G01,G,7/25/2026 12:01:00 AM,7/26/2026,MIN_OPERATING_MW,9.50,
7/25/2026 1:10:00 AM,RTD,CLUZ,01BALWIND_G01,G,7/24/2026 2:00:00 PM,7/25/2026 3:00:00 AM,MAX_OPERATING_MW,50,
7/25/2026 1:10:00 AM,RTD,CLUZ,01BALWIND_G01,G,7/24/2026 2:00:00 PM,7/25/2026 3:00:00 AM,MIN_OPERATING_MW,50,
7/25/2026 1:10:00 AM,RTD,CLUZ,01MSINLO_G04,G,7/25/2026 12:01:00 AM,7/26/2026,MAX_OPERATING_MW,319,
7/25/2026 1:10:00 AM,RTD,CLUZ,01MSINLO_G04,G,7/25/2026 12:01:00 AM,7/26/2026,MIN_OPERATING_MW,319,
7/25/2026 1:10:00 AM,RTD,CLUZ,01TERRASOL_G01,G,7/25/2026 12:16:00 AM,7/25/2026 3:00:00 AM,MAX_OPERATING_MW,200,
7/25/2026 1:10:00 AM,RTD,CLUZ,01TERRASOL_G01,G,7/25/2026 12:16:00 AM,7/25/2026 3:00:00 AM,MIN_OPERATING_MW,200,
7/25/2026 1:10:00 AM,RTD,CLUZ,03ALMNOS_BAT1,G,7/25/2026 1:06:00 AM,7/25/2026 1:10:00 AM,MAX_OPERATING_MW,-20,
7/25/2026 1:10:00 AM,RTD,CLUZ,03ALMNOS_BAT1,G,7/25/2026 1:06:00 AM,7/25/2026 1:10:00 AM,MIN_OPERATING_MW,-20,
7/25/2026 1:10:00 AM,RTD,CLUZ,03ALMNOS_BAT1,G,7/25/2026 1:11:00 AM,7/25/2026 1:15:00 AM,MAX_OPERATING_MW,-20,
7/25/2026 1:10:00 AM,RTD,CLUZ,03ALMNOS_BAT1,G,7/25/2026 1:11:00 AM,7/25/2026 1:15:00 AM,MIN_OPERATING_MW,-20,
7/25/2026 1:10:00 AM,RTD,CVIS,05EAUC_BAT,G,7/24/2026 11:01:00 PM,7/25/2026 2:00:00 AM,MAX_OPERATING_MW,-8,
7/25/2026 1:10:00 AM,RTD,CVIS,05EAUC_BAT,G,7/24/2026 11:01:00 PM,7/25/2026 2:00:00 AM,MIN_OPERATING_MW,-8,
7/25/2026 1:10:00 AM,RTD,CMIN,10LIAN_G02,G,7/25/2026 12:05:00 AM,7/25/2026 11:59:00 PM,MAX_OPERATING_MW,6,
7/25/2026 1:10:00 AM,RTD,CMIN,10LIAN_G02,G,7/25/2026 12:05:00 AM,7/25/2026 11:59:00 PM,MIN_OPERATING_MW,3,
7/25/2026 1:10:00 AM,RTD,CMIN,11MALADU_G01,G,7/25/2026 12:01:00 AM,7/26/2026,MAX_OPERATING_MW,9.50,
7/25/2026 1:10:00 AM,RTD,CMIN,11MALADU_G01,G,7/25/2026 12:01:00 AM,7/26/2026,MIN_OPERATING_MW,9.50,
7/25/2026 1:15:00 AM,RTD,CLUZ,01BALWIND_G01,G,7/24/2026 2:00:00 PM,7/25/2026 3:00:00 AM,MAX_OPERATING_MW,50,
7/25/2026 1:15:00 AM,RTD,CLUZ,01BALWIND_G01,G,7/24/2026 2:00:00 PM,7/25/2026 3:00:00 AM,MIN_OPERATING_MW,50,
7/25/2026 1:15:00 AM,RTD,CLUZ,01MSINLO_G04,G,7/25/2026 12:01:00 AM,7/26/2026,MAX_OPERATING_MW,319,
7/25/2026 1:15:00 AM,RTD,CLUZ,01MSINLO_G04,G,7/25/2026 12:01:00 AM,7/26/2026,MIN_OPERATING_MW,319,
7/25/2026 1:15:00 AM,RTD,CLUZ,01TERRASOL_G01,G,7/25/2026 12:16:00 AM,7/25/2026 3:00:00 AM,MAX_OPERATING_MW,200,
7/25/2026 1:15:00 AM,RTD,CLUZ,01TERRASOL_G01,G,7/25/2026 12:16:00 AM,7/25/2026 3:00:00 AM,MIN_OPERATING_MW,200,
7/25/2026 1:15:00 AM,RTD,CLUZ,03ALMNOS_BAT1,G,7/25/2026 1:11:00 AM,7/25/2026 1:15:00 AM,MAX_OPERATING_MW,-20,
7/25/2026 1:15:00 AM,RTD,CLUZ,03ALMNOS_BAT1,G,7/25/2026 1:11:00 AM,7/25/2026 1:15:00 AM,MIN_OPERATING_MW,-20,
7/25/2026 1:15:00 AM,RTD,CLUZ,03ALMNOS_BAT1,G,7/25/2026 1:16:00 AM,7/25/2026 1:20:00 AM,MAX_OPERATING_MW,-20,
7/25/2026 1:15:00 AM,RTD,CLUZ,03ALMNOS_BAT1,G,7/25/2026 1:16:00 AM,7/25/2026 1:20:00 AM,MIN_OPERATING_MW,-20,
7/25/2026 1:15:00 AM,RTD,CVIS,05EAUC_BAT,G,7/24/2026 11:01:00 PM,7/25/2026 2:00:00 AM,MAX_OPERATING_MW,-8,
7/25/2026 1:15:00 AM,RTD,CVIS,05EAUC_BAT,G,7/24/2026 11:01:00 PM,7/25/2026 2:00:00 AM,MIN_OPERATING_MW,-8,
7/25/2026 1:15:00 AM,RTD,CMIN,10LIAN_G02,G,7/25/2026 12:05:00 AM,7/25/2026 11:59:00 PM,MAX_OPERATING_MW,6,
7/25/2026 1:15:00 AM,RTD,CMIN,10LIAN_G02,G,7/25/2026 12:05:00 AM,7/25/2026 11:59:00 PM,MIN_OPERATING_MW,3,
7/25/2026 1:15:00 AM,RTD,CMIN,11MALADU_G01,G,7/25/2026 12:01:00 AM,7/26/2026,MAX_OPERATING_MW,9.50,
7/25/2026 1:15:00 AM,RTD,CMIN,11MALADU_G01,G,7/25/2026 12:01:00 AM,7/26/2026,MIN_OPERATING_MW,9.50,
7/25/2026 1:20:00 AM,RTD,CLUZ,01BALWIND_G01,G,7/24/2026 2:00:00 PM,7/25/2026 3:00:00 AM,MAX_OPERATING_MW,50,
7/25/2026 1:20:00 AM,RTD,CLUZ,01BALWIND_G01,G,7/24/2026 2:00:00 PM,7/25/2026 3:00:00 AM,MIN_OPERATING_MW,50,
7/25/2026 1:20:00 AM,RTD,CLUZ,01MSINLO_G04,G,7/25/2026 12:01:00 AM,7/26/2026,MAX_OPERATING_MW,319,
7/25/2026 1:20:00 AM,RTD,CLUZ,01MSINLO_G04,G,7/25/2026 12:01:00 AM,7/26/2026,MIN_OPERATING_MW,319,
7/25/2026 1:20:00 AM,RTD,CLUZ,01TERRASOL_G01,G,7/25/2026 12:16:00 AM,7/25/2026 3:00:00 AM,MAX_OPERATING_MW,200,
7/25/2026 1:20:00 AM,RTD,CLUZ,01TERRASOL_G01,G,7/25/2026 12:16:00 AM,7/25/2026 3:00:00 AM,MIN_OPERATING_MW,200,
7/25/2026 1:20:00 AM,RTD,CLUZ,03ALMNOS_BAT1,G,7/25/2026 1:16:00 AM,7/25/2026 1:20:00 AM,MAX_OPERATING_MW,-20,
7/25/2026 1:20:00 AM,RTD,CLUZ,03ALMNOS_BAT1,G,7/25/2026 1:16:00 AM,7/25/2026 1:20:00 AM,MIN_OPERATING_MW,-20,
7/25/2026 1:20:00 AM,RTD,CLUZ,03ALMNOS_BAT1,G,7/25/2026 1:21:00 AM,7/25/2026 1:25:00 AM,MAX_OPERATING_MW,-20,
7/25/2026 1:20:00 AM,RTD,CLUZ,03ALMNOS_BAT1,G,7/25/2026 1:21:00 AM,7/25/2026 1:25:00 AM,MIN_OPERATING_MW,-20,
7/25/2026 1:20:00 AM,RTD,CVIS,05EAUC_BAT,G,7/24/2026 11:01:00 PM,7/25/2026 2:00:00 AM,MAX_OPERATING_MW,-8,
7/25/2026 1:20:00 AM,RTD,CVIS,05EAUC_BAT,G,7/24/2026 11:01:00 PM,7/25/2026 2:00:00 AM,MIN_OPERATING_MW,-8,
7/25/2026 1:20:00 AM,RTD,CMIN,10LIAN_G02,G,7/25/2026 12:05:00 AM,7/25/2026 11:59:00 PM,MAX_OPERATING_MW,6,
7/25/2026 1:20:00 AM,RTD,CMIN,10LIAN_G02,G,7/25/2026 12:05:00 AM,7/25/2026 11:59:00 PM,MIN_OPERATING_MW,3,
7/25/2026 1:20:00 AM,RTD,CMIN,11MALADU_G01,G,7/25/2026 12:01:00 AM,7/26/2026,MAX_OPERATING_MW,9.50,
7/25/2026 1:20:00 AM,RTD,CMIN,11MALADU_G01,G,7/25/2026 12:01:00 AM,7/26/2026,MIN_OPERATING_MW,9.50,
7/25/2026 1:25:00 AM,RTD,CLUZ,01BALWIND_G01,G,7/24/2026 2:00:00 PM,7/25/2026 3:00:00 AM,MAX_OPERATING_MW,50,
7/25/2026 1:25:00 AM,RTD,CLUZ,01BALWIND_G01,G,7/24/2026 2:00:00 PM,7/25/2026 3:00:00 AM,MIN_OPERATING_MW,50,
7/25/2026 1:25:00 AM,RTD,CLUZ,01MSINLO_G04,G,7/25/2026 12:01:00 AM,7/26/2026,MAX_OPERATING_MW,319,
7/25/2026 1:25:00 AM,RTD,CLUZ,01MSINLO_G04,G,7/25/2026 12:01:00 AM,7/26/2026,MIN_OPERATING_MW,319,
7/25/2026 1:25:00 AM,RTD,CLUZ,01TERRASOL_G01,G,7/25/2026 12:16:00 AM,7/25/2026 3:00:00 AM,MAX_OPERATING_MW,200,
7/25/2026 1:25:00 AM,RTD,CLUZ,01TERRASOL_G01,G,7/25/2026 12:16:00 AM,7/25/2026 3:00:00 AM,MIN_OPERATING_MW,200,
7/25/2026 1:25:00 AM,RTD,CLUZ,03ALMNOS_BAT1,G,7/25/2026 1:21:00 AM,7/25/2026 1:25:00 AM,MAX_OPERATING_MW,-20,
7/25/2026 1:25:00 AM,RTD,CLUZ,03ALMNOS_BAT1,G,7/25/2026 1:21:00 AM,7/25/2026 1:25:00 AM,MIN_OPERATING_MW,-20,
7/25/2026 1:25:00 AM,RTD,CLUZ,03ALMNOS_BAT1,G,7/25/2026 1:26:00 AM,7/25/2026 1:30:00 AM,MAX_OPERATING_MW,-20,
7/25/2026 1:25:00 AM,RTD,CLUZ,03ALMNOS_BAT1,G,7/25/2026 1:26:00 AM,7/25/2026 1:30:00 AM,MIN_OPERATING_MW,-20,
7/25/2026 1:25:00 AM,RTD,CVIS,05EAUC_BAT,G,7/24/2026 11:01:00 PM,7/25/2026 2:00:00 AM,MAX_OPERATING_MW,-8,
7/25/2026 1:25:00 AM,RTD,CVIS,05EAUC_BAT,G,7/24/2026 11:01:00 PM,7/25/2026 2:00:00 AM,MIN_OPERATING_MW,-8,
7/25/2026 1:25:00 AM,RTD,CMIN,10LIAN_G02,G,7/25/2026 12:05:00 AM,7/25/2026 11:59:00 PM,MAX_OPERATING_MW,6,
7/25/2026 1:25:00 AM,RTD,CMIN,10LIAN_G02,G,7/25/2026 12:05:00 AM,7/25/2026 11:59:00 PM,MIN_OPERATING_MW,3,
7/25/2026 1:25:00 AM,RTD,CMIN,11MALADU_G01,G,7/25/2026 12:01:00 AM,7/26/2026,MAX_OPERATING_MW,9.50,
7/25/2026 1:25:00 AM,RTD,CMIN,11MALADU_G01,G,7/25/2026 12:01:00 AM,7/26/2026,MIN_OPERATING_MW,9.50,
7/25/2026 1:30:00 AM,RTD,CLUZ,01BALWIND_G01,G,7/24/2026 2:00:00 PM,7/25/2026 3:00:00 AM,MAX_OPERATING_MW,50,
7/25/2026 1:30:00 AM,RTD,CLUZ,01BALWIND_G01,G,7/24/2026 2:00:00 PM,7/25/2026 3:00:00 AM,MIN_OPERATING_MW,50,
7/25/2026 1:30:00 AM,RTD,CLUZ,01MSINLO_G04,G,7/25/2026 12:01:00 AM,7/26/2026,MAX_OPERATING_MW,319,
7/25/2026 1:30:00 AM,RTD,CLUZ,01MSINLO_G04,G,7/25/2026 12:01:00 AM,7/26/2026,MIN_OPERATING_MW,319,
7/25/2026 1:30:00 AM,RTD,CLUZ,01TERRASOL_G01,G,7/25/2026 12:16:00 AM,7/25/2026 3:00:00 AM,MAX_OPERATING_MW,200,
7/25/2026 1:30:00 AM,RTD,CLUZ,01TERRASOL_G01,G,7/25/2026 12:16:00 AM,7/25/2026 3:00:00 AM,MIN_OPERATING_MW,200,
7/25/2026 1:30:00 AM,RTD,CLUZ,03ALMNOS_BAT1,G,7/25/2026 1:31:00 AM,7/25/2026 2:30:00 AM,MAX_OPERATING_MW,0,
7/25/2026 1:30:00 AM,RTD,CLUZ,03ALMNOS_BAT1,G,7/25/2026 1:31:00 AM,7/25/2026 2:30:00 AM,MIN_OPERATING_MW,0,
7/25/2026 1:30:00 AM,RTD,CVIS,05EAUC_BAT,G,7/24/2026 11:01:00 PM,7/25/2026 2:00:00 AM,MAX_OPERATING_MW,-8,
7/25/2026 1:30:00 AM,RTD,CVIS,05EAUC_BAT,G,7/24/2026 11:01:00 PM,7/25/2026 2:00:00 AM,MIN_OPERATING_MW,-8,
7/25/2026 1:30:00 AM,RTD,CMIN,10LIAN_G02,G,7/25/2026 12:05:00 AM,7/25/2026 11:59:00 PM,MAX_OPERATING_MW,6,
7/25/2026 1:30:00 AM,RTD,CMIN,10LIAN_G02,G,7/25/2026 12:05:00 AM,7/25/2026 11:59:00 PM,MIN_OPERATING_MW,3,
7/25/2026 1:30:00 AM,RTD,CMIN,11MALADU_G01,G,7/25/2026 12:01:00 AM,7/26/2026,MAX_OPERATING_MW,9.50,
7/25/2026 1:30:00 AM,RTD,CMIN,11MALADU_G01,G,7/25/2026 12:01:00 AM,7/26/2026,MIN_OPERATING_MW,9.50,
7/25/2026 1:35:00 AM,RTD,CLUZ,01BALWIND_G01,G,7/24/2026 2:00:00 PM,7/25/2026 3:00:00 AM,MAX_OPERATING_MW,50,
7/25/2026 1:35:00 AM,RTD,CLUZ,01BALWIND_G01,G,7/24/2026 2:00:00 PM,7/25/2026 3:00:00 AM,MIN_OPERATING_MW,50,
7/25/2026 1:35:00 AM,RTD,CLUZ,01MSINLO_G04,G,7/25/2026 12:01:00 AM,7/26/2026,MAX_OPERATING_MW,319,
7/25/2026 1:35:00 AM,RTD,CLUZ,01MSINLO_G04,G,7/25/2026 12:01:00 AM,7/26/2026,MIN_OPERATING_MW,319,
7/25/2026 1:35:00 AM,RTD,CLUZ,01TERRASOL_G01,G,7/25/2026 12:16:00 AM,7/25/2026 3:00:00 AM,MAX_OPERATING_MW,200,
7/25/2026 1:35:00 AM,RTD,CLUZ,01TERRASOL_G01,G,7/25/2026 12:16:00 AM,7/25/2026 3:00:00 AM,MIN_OPERATING_MW,200,
7/25/2026 1:35:00 AM,RTD,CLUZ,03ALMNOS_BAT1,G,7/25/2026 1:31:00 AM,7/25/2026 2:30:00 AM,MAX_OPERATING_MW,0,
7/25/2026 1:35:00 AM,RTD,CLUZ,03ALMNOS_BAT1,G,7/25/2026 1:31:00 AM,7/25/2026 2:30:00 AM,MIN_OPERATING_MW,0,
7/25/2026 1:35:00 AM,RTD,CVIS,05EAUC_BAT,G,7/24/2026 11:01:00 PM,7/25/2026 2:00:00 AM,MAX_OPERATING_MW,-8,
7/25/2026 1:35:00 AM,RTD,CVIS,05EAUC_BAT,G,7/24/2026 11:01:00 PM,7/25/2026 2:00:00 AM,MIN_OPERATING_MW,-8,
7/25/2026 1:35:00 AM,RTD,CMIN,10LIAN_G02,G,7/25/2026 12:05:00 AM,7/25/2026 11:59:00 PM,MAX_OPERATING_MW,6,
7/25/2026 1:35:00 AM,RTD,CMIN,10LIAN_G02,G,7/25/2026 12:05:00 AM,7/25/2026 11:59:00 PM,MIN_OPERATING_MW,3,
7/25/2026 1:35:00 AM,RTD,CMIN,11MALADU_G01,G,7/25/2026 12:01:00 AM,7/26/2026,MAX_OPERATING_MW,9.50,
7/25/2026 1:35:00 AM,RTD,CMIN,11MALADU_G01,G,7/25/2026 12:01:00 AM,7/26/2026,MIN_OPERATING_MW,9.50,
7/25/2026 1:40:00 AM,RTD,CLUZ,01BALWIND_G01,G,7/24/2026 2:00:00 PM,7/25/2026 3:00:00 AM,MAX_OPERATING_MW,50,
7/25/2026 1:40:00 AM,RTD,CLUZ,01BALWIND_G01,G,7/24/2026 2:00:00 PM,7/25/2026 3:00:00 AM,MIN_OPERATING_MW,50,
7/25/2026 1:40:00 AM,RTD,CLUZ,01MSINLO_G04,G,7/25/2026 12:01:00 AM,7/26/2026,MAX_OPERATING_MW,319,
7/25/2026 1:40:00 AM,RTD,CLUZ,01MSINLO_G04,G,7/25/2026 12:01:00 AM,7/26/2026,MIN_OPERATING_MW,319,
7/25/2026 1:40:00 AM,RTD,CLUZ,01TERRASOL_G01,G,7/25/2026 12:16:00 AM,7/25/2026 3:00:00 AM,MAX_OPERATING_MW,200,
7/25/2026 1:40:00 AM,RTD,CLUZ,01TERRASOL_G01,G,7/25/2026 12:16:00 AM,7/25/2026 3:00:00 AM,MIN_OPERATING_MW,200,
7/25/2026 1:40:00 AM,RTD,CLUZ,03ALMNOS_BAT1,G,7/25/2026 1:31:00 AM,7/25/2026 2:30:00 AM,MAX_OPERATING_MW,0,
7/25/2026 1:40:00 AM,RTD,CLUZ,03ALMNOS_BAT1,G,7/25/2026 1:31:00 AM,7/25/2026 2:30:00 AM,MIN_OPERATING_MW,0,
7/25/2026 1:40:00 AM,RTD,CVIS,05EAUC_BAT,G,7/24/2026 11:01:00 PM,7/25/2026 2:00:00 AM,MAX_OPERATING_MW,-8,
7/25/2026 1:40:00 AM,RTD,CVIS,05EAUC_BAT,G,7/24/2026 11:01:00 PM,7/25/2026 2:00:00 AM,MIN_OPERATING_MW,-8,
7/25/2026 1:40:00 AM,RTD,CMIN,10LIAN_G02,G,7/25/2026 12:05:00 AM,7/25/2026 11:59:00 PM,MAX_OPERATING_MW,6,
7/25/2026 1:40:00 AM,RTD,CMIN,10LIAN_G02,G,7/25/2026 12:05:00 AM,7/25/2026 11:59:00 PM,MIN_OPERATING_MW,3,
7/25/2026 1:40:00 AM,RTD,CMIN,11MALADU_G01,G,7/25/2026 12:01:00 AM,7/26/2026,MAX_OPERATING_MW,9.50,
7/25/2026 1:40:00 AM,RTD,CMIN,11MALADU_G01,G,7/25/2026 12:01:00 AM,7/26/2026,MIN_OPERATING_MW,9.50,
7/25/2026 1:45:00 AM,RTD,CLUZ,01BALWIND_G01,G,7/24/2026 2:00:00 PM,7/25/2026 3:00:00 AM,MAX_OPERATING_MW,50,
7/25/2026 1:45:00 AM,RTD,CLUZ,01BALWIND_G01,G,7/24/2026 2:00:00 PM,7/25/2026 3:00:00 AM,MIN_OPERATING_MW,50,
7/25/2026 1:45:00 AM,RTD,CLUZ,01MSINLO_G04,G,7/25/2026 12:01:00 AM,7/26/2026,MAX_OPERATING_MW,319,
7/25/2026 1:45:00 AM,RTD,CLUZ,01MSINLO_G04,G,7/25/2026 12:01:00 AM,7/26/2026,MIN_OPERATING_MW,319,
7/25/2026 1:45:00 AM,RTD,CLUZ,01TERRASOL_G01,G,7/25/2026 12:16:00 AM,7/25/2026 3:00:00 AM,MAX_OPERATING_MW,200,
7/25/2026 1:45:00 AM,RTD,CLUZ,01TERRASOL_G01,G,7/25/2026 12:16:00 AM,7/25/2026 3:00:00 AM,MIN_OPERATING_MW,200,
7/25/2026 1:45:00 AM,RTD,CLUZ,03ALMNOS_BAT1,G,7/25/2026 1:31:00 AM,7/25/2026 2:30:00 AM,MAX_OPERATING_MW,0,
7/25/2026 1:45:00 AM,RTD,CLUZ,03ALMNOS_BAT1,G,7/25/2026 1:31:00 AM,7/25/2026 2:30:00 AM,MIN_OPERATING_MW,0,
7/25/2026 1:45:00 AM,RTD,CVIS,05EAUC_BAT,G,7/24/2026 11:01:00 PM,7/25/2026 2:00:00 AM,MAX_OPERATING_MW,-8,
7/25/2026 1:45:00 AM,RTD,CVIS,05EAUC_BAT,G,7/24/2026 11:01:00 PM,7/25/2026 2:00:00 AM,MIN_OPERATING_MW,-8,
7/25/2026 1:45:00 AM,RTD,CMIN,10LIAN_G02,G,7/25/2026 12:05:00 AM,7/25/2026 11:59:00 PM,MAX_OPERATING_MW,6,
7/25/2026 1:45:00 AM,RTD,CMIN,10LIAN_G02,G,7/25/2026 12:05:00 AM,7/25/2026 11:59:00 PM,MIN_OPERATING_MW,3,
7/25/2026 1:45:00 AM,RTD,CMIN,11MALADU_G01,G,7/25/2026 12:01:00 AM,7/26/2026,MAX_OPERATING_MW,9.50,
7/25/2026 1:45:00 AM,RTD,CMIN,11MALADU_G01,G,7/25/2026 12:01:00 AM,7/26/2026,MIN_OPERATING_MW,9.50,
7/25/2026 1:50:00 AM,RTD,CLUZ,01BALWIND_G01,G,7/24/2026 2:00:00 PM,7/25/2026 3:00:00 AM,MAX_OPERATING_MW,50,
7/25/2026 1:50:00 AM,RTD,CLUZ,01BALWIND_G01,G,7/24/2026 2:00:00 PM,7/25/2026 3:00:00 AM,MIN_OPERATING_MW,50,
7/25/2026 1:50:00 AM,RTD,CLUZ,01MSINLO_G04,G,7/25/2026 12:01:00 AM,7/26/2026,MAX_OPERATING_MW,319,
7/25/2026 1:50:00 AM,RTD,CLUZ,01MSINLO_G04,G,7/25/2026 12:01:00 AM,7/26/2026,MIN_OPERATING_MW,319,
7/25/2026 1:50:00 AM,RTD,CLUZ,01TERRASOL_G01,G,7/25/2026 12:16:00 AM,7/25/2026 3:00:00 AM,MAX_OPERATING_MW,200,
7/25/2026 1:50:00 AM,RTD,CLUZ,01TERRASOL_G01,G,7/25/2026 12:16:00 AM,7/25/2026 3:00:00 AM,MIN_OPERATING_MW,200,
7/25/2026 1:50:00 AM,RTD,CLUZ,03ALMNOS_BAT1,G,7/25/2026 1:31:00 AM,7/25/2026 2:30:00 AM,MAX_OPERATING_MW,0,
7/25/2026 1:50:00 AM,RTD,CLUZ,03ALMNOS_BAT1,G,7/25/2026 1:31:00 AM,7/25/2026 2:30:00 AM,MIN_OPERATING_MW,0,
7/25/2026 1:50:00 AM,RTD,CVIS,05EAUC_BAT,G,7/24/2026 11:01:00 PM,7/25/2026 2:00:00 AM,MAX_OPERATING_MW,-8,
7/25/2026 1:50:00 AM,RTD,CVIS,05EAUC_BAT,G,7/24/2026 11:01:00 PM,7/25/2026 2:00:00 AM,MIN_OPERATING_MW,-8,
7/25/2026 1:50:00 AM,RTD,CMIN,10LIAN_G02,G,7/25/2026 12:05:00 AM,7/25/2026 11:59:00 PM,MAX_OPERATING_MW,6,
7/25/2026 1:50:00 AM,RTD,CMIN,10LIAN_G02,G,7/25/2026 12:05:00 AM,7/25/2026 11:59:00 PM,MIN_OPERATING_MW,3,
7/25/2026 1:50:00 AM,RTD,CMIN,11MALADU_G01,G,7/25/2026 12:01:00 AM,7/26/2026,MAX_OPERATING_MW,9.50,
7/25/2026 1:50:00 AM,RTD,CMIN,11MALADU_G01,G,7/25/2026 12:01:00 AM,7/26/2026,MIN_OPERATING_MW,9.50,
7/25/2026 1:55:00 AM,RTD,CLUZ,01BALWIND_G01,G,7/24/2026 2:00:00 PM,7/25/2026 3:00:00 AM,MAX_OPERATING_MW,50,
7/25/2026 1:55:00 AM,RTD,CLUZ,01BALWIND_G01,G,7/24/2026 2:00:00 PM,7/25/2026 3:00:00 AM,MIN_OPERATING_MW,50,
7/25/2026 1:55:00 AM,RTD,CLUZ,01MSINLO_G04,G,7/25/2026 12:01:00 AM,7/26/2026,MAX_OPERATING_MW,319,
7/25/2026 1:55:00 AM,RTD,CLUZ,01MSINLO_G04,G,7/25/2026 12:01:00 AM,7/26/2026,MIN_OPERATING_MW,319,
7/25/2026 1:55:00 AM,RTD,CLUZ,01TERRASOL_G01,G,7/25/2026 12:16:00 AM,7/25/2026 3:00:00 AM,MAX_OPERATING_MW,200,
7/25/2026 1:55:00 AM,RTD,CLUZ,01TERRASOL_G01,G,7/25/2026 12:16:00 AM,7/25/2026 3:00:00 AM,MIN_OPERATING_MW,200,
7/25/2026 1:55:00 AM,RTD,CLUZ,03ALMNOS_BAT1,G,7/25/2026 1:31:00 AM,7/25/2026 2:30:00 AM,MAX_OPERATING_MW,0,
7/25/2026 1:55:00 AM,RTD,CLUZ,03ALMNOS_BAT1,G,7/25/2026 1:31:00 AM,7/25/2026 2:30:00 AM,MIN_OPERATING_MW,0,
7/25/2026 1:55:00 AM,RTD,CVIS,05EAUC_BAT,G,7/24/2026 11:01:00 PM,7/25/2026 2:00:00 AM,MAX_OPERATING_MW,-8,
7/25/2026 1:55:00 AM,RTD,CVIS,05EAUC_BAT,G,7/24/2026 11:01:00 PM,7/25/2026 2:00:00 AM,MIN_OPERATING_MW,-8,
7/25/2026 1:55:00 AM,RTD,CMIN,10LIAN_G02,G,7/25/2026 12:05:00 AM,7/25/2026 11:59:00 PM,MAX_OPERATING_MW,6,
7/25/2026 1:55:00 AM,RTD,CMIN,10LIAN_G02,G,7/25/2026 12:05:00 AM,7/25/2026 11:59:00 PM,MIN_OPERATING_MW,3,
7/25/2026 1:55:00 AM,RTD,CMIN,11MALADU_G01,G,7/25/2026 12:01:00 AM,7/26/2026,MAX_OPERATING_MW,9.50,
7/25/2026 1:55:00 AM,RTD,CMIN,11MALADU_G01,G,7/25/2026 12:01:00 AM,7/26/2026,MIN_OPERATING_MW,9.50,
7/25/2026 2:00:00 AM,RTD,CLUZ,01BALWIND_G01,G,7/24/2026 2:00:00 PM,7/25/2026 3:00:00 AM,MAX_OPERATING_MW,50,
7/25/2026 2:00:00 AM,RTD,CLUZ,01BALWIND_G01,G,7/24/2026 2:00:00 PM,7/25/2026 3:00:00 AM,MIN_OPERATING_MW,50,
7/25/2026 2:00:00 AM,RTD,CLUZ,01MSINLO_G04,G,7/25/2026 12:01:00 AM,7/26/2026,MAX_OPERATING_MW,319,
7/25/2026 2:00:00 AM,RTD,CLUZ,01MSINLO_G04,G,7/25/2026 12:01:00 AM,7/26/2026,MIN_OPERATING_MW,319,
7/25/2026 2:00:00 AM,RTD,CLUZ,01TERRASOL_G01,G,7/25/2026 12:16:00 AM,7/25/2026 3:00:00 AM,MAX_OPERATING_MW,200,
7/25/2026 2:00:00 AM,RTD,CLUZ,01TERRASOL_G01,G,7/25/2026 12:16:00 AM,7/25/2026 3:00:00 AM,MIN_OPERATING_MW,200,
7/25/2026 2:00:00 AM,RTD,CLUZ,03ALMNOS_BAT1,G,7/25/2026 1:31:00 AM,7/25/2026 2:30:00 AM,MAX_OPERATING_MW,0,
7/25/2026 2:00:00 AM,RTD,CLUZ,03ALMNOS_BAT1,G,7/25/2026 1:31:00 AM,7/25/2026 2:30:00 AM,MIN_OPERATING_MW,0,
7/25/2026 2:00:00 AM,RTD,CVIS,05EAUC_BAT,G,7/24/2026 11:01:00 PM,7/25/2026 2:00:00 AM,MAX_OPERATING_MW,-8,
7/25/2026 2:00:00 AM,RTD,CVIS,05EAUC_BAT,G,7/24/2026 11:01:00 PM,7/25/2026 2:00:00 AM,MIN_OPERATING_MW,-8,
7/25/2026 2:00:00 AM,RTD,CMIN,10LIAN_G02,G,7/25/2026 12:05:00 AM,7/25/2026 11:59:00 PM,MAX_OPERATING_MW,6,
7/25/2026 2:00:00 AM,RTD,CMIN,10LIAN_G02,G,7/25/2026 12:05:00 AM,7/25/2026 11:59:00 PM,MIN_OPERATING_MW,3,
7/25/2026 2:00:00 AM,RTD,CMIN,11MALADU_G01,G,7/25/2026 12:01:00 AM,7/26/2026,MAX_OPERATING_MW,9.50,
7/25/2026 2:00:00 AM,RTD,CMIN,11MALADU_G01,G,7/25/2026 12:01:00 AM,7/26/2026,MIN_OPERATING_MW,9.50,
7/25/2026 2:05:00 AM,RTD,CLUZ,01BALWIND_G01,G,7/24/2026 2:00:00 PM,7/25/2026 3:00:00 AM,MAX_OPERATING_MW,50,
7/25/2026 2:05:00 AM,RTD,CLUZ,01BALWIND_G01,G,7/24/2026 2:00:00 PM,7/25/2026 3:00:00 AM,MIN_OPERATING_MW,50,
7/25/2026 2:05:00 AM,RTD,CLUZ,01MSINLO_G04,G,7/25/2026 12:01:00 AM,7/26/2026,MAX_OPERATING_MW,319,
7/25/2026 2:05:00 AM,RTD,CLUZ,01MSINLO_G04,G,7/25/2026 12:01:00 AM,7/26/2026,MIN_OPERATING_MW,319,
7/25/2026 2:05:00 AM,RTD,CLUZ,01TERRASOL_G01,G,7/25/2026 12:16:00 AM,7/25/2026 2:20:00 AM,MAX_OPERATING_MW,200,
7/25/2026 2:05:00 AM,RTD,CLUZ,01TERRASOL_G01,G,7/25/2026 12:16:00 AM,7/25/2026 2:20:00 AM,MIN_OPERATING_MW,200,
7/25/2026 2:05:00 AM,RTD,CLUZ,03ALMNOS_BAT1,G,7/25/2026 1:31:00 AM,7/25/2026 2:30:00 AM,MAX_OPERATING_MW,0,
7/25/2026 2:05:00 AM,RTD,CLUZ,03ALMNOS_BAT1,G,7/25/2026 1:31:00 AM,7/25/2026 2:30:00 AM,MIN_OPERATING_MW,0,
7/25/2026 2:05:00 AM,RTD,CMIN,10LIAN_G02,G,7/25/2026 12:05:00 AM,7/25/2026 11:59:00 PM,MAX_OPERATING_MW,6,
7/25/2026 2:05:00 AM,RTD,CMIN,10LIAN_G02,G,7/25/2026 12:05:00 AM,7/25/2026 11:59:00 PM,MIN_OPERATING_MW,3,
7/25/2026 2:05:00 AM,RTD,CMIN,11MALADU_G01,G,7/25/2026 12:01:00 AM,7/26/2026,MAX_OPERATING_MW,9.50,
7/25/2026 2:05:00 AM,RTD,CMIN,11MALADU_G01,G,7/25/2026 12:01:00 AM,7/26/2026,MIN_OPERATING_MW,9.50,
7/25/2026 2:10:00 AM,RTD,CLUZ,01BALWIND_G01,G,7/24/2026 2:00:00 PM,7/25/2026 3:00:00 AM,MAX_OPERATING_MW,50,
7/25/2026 2:10:00 AM,RTD,CLUZ,01BALWIND_G01,G,7/24/2026 2:00:00 PM,7/25/2026 3:00:00 AM,MIN_OPERATING_MW,50,
7/25/2026 2:10:00 AM,RTD,CLUZ,01MSINLO_G04,G,7/25/2026 12:01:00 AM,7/26/2026,MAX_OPERATING_MW,319,
7/25/2026 2:10:00 AM,RTD,CLUZ,01MSINLO_G04,G,7/25/2026 12:01:00 AM,7/26/2026,MIN_OPERATING_MW,319,
7/25/2026 2:10:00 AM,RTD,CLUZ,01TERRASOL_G01,G,7/25/2026 12:16:00 AM,7/25/2026 2:20:00 AM,MAX_OPERATING_MW,200,
7/25/2026 2:10:00 AM,RTD,CLUZ,01TERRASOL_G01,G,7/25/2026 12:16:00 AM,7/25/2026 2:20:00 AM,MIN_OPERATING_MW,200,
7/25/2026 2:10:00 AM,RTD,CLUZ,03ALMNOS_BAT1,G,7/25/2026 1:31:00 AM,7/25/2026 2:30:00 AM,MAX_OPERATING_MW,0,
7/25/2026 2:10:00 AM,RTD,CLUZ,03ALMNOS_BAT1,G,7/25/2026 1:31:00 AM,7/25/2026 2:30:00 AM,MIN_OPERATING_MW,0,
7/25/2026 2:10:00 AM,RTD,CMIN,10LIAN_G02,G,7/25/2026 12:05:00 AM,7/25/2026 11:59:00 PM,MAX_OPERATING_MW,6,
7/25/2026 2:10:00 AM,RTD,CMIN,10LIAN_G02,G,7/25/2026 12:05:00 AM,7/25/2026 11:59:00 PM,MIN_OPERATING_MW,3,
7/25/2026 2:10:00 AM,RTD,CMIN,11MALADU_G01,G,7/25/2026 12:01:00 AM,7/26/2026,MAX_OPERATING_MW,9.50,
7/25/2026 2:10:00 AM,RTD,CMIN,11MALADU_G01,G,7/25/2026 12:01:00 AM,7/26/2026,MIN_OPERATING_MW,9.50,
7/25/2026 2:15:00 AM,RTD,CLUZ,01BALWIND_G01,G,7/24/2026 2:00:00 PM,7/25/2026 3:00:00 AM,MAX_OPERATING_MW,50,
7/25/2026 2:15:00 AM,RTD,CLUZ,01BALWIND_G01,G,7/24/2026 2:00:00 PM,7/25/2026 3:00:00 AM,MIN_OPERATING_MW,50,
7/25/2026 2:15:00 AM,RTD,CLUZ,01MSINLO_G04,G,7/25/2026 12:01:00 AM,7/26/2026,MAX_OPERATING_MW,319,
7/25/2026 2:15:00 AM,RTD,CLUZ,01MSINLO_G04,G,7/25/2026 12:01:00 AM,7/26/2026,MIN_OPERATING_MW,319,
7/25/2026 2:15:00 AM,RTD,CLUZ,01TERRASOL_G01,G,7/25/2026 12:16:00 AM,7/25/2026 2:20:00 AM,MAX_OPERATING_MW,200,
7/25/2026 2:15:00 AM,RTD,CLUZ,01TERRASOL_G01,G,7/25/2026 12:16:00 AM,7/25/2026 2:20:00 AM,MIN_OPERATING_MW,200,
7/25/2026 2:15:00 AM,RTD,CLUZ,03ALMNOS_BAT1,G,7/25/2026 1:31:00 AM,7/25/2026 2:30:00 AM,MAX_OPERATING_MW,0,
7/25/2026 2:15:00 AM,RTD,CLUZ,03ALMNOS_BAT1,G,7/25/2026 1:31:00 AM,7/25/2026 2:30:00 AM,MIN_OPERATING_MW,0,
7/25/2026 2:15:00 AM,RTD,CMIN,10LIAN_G02,G,7/25/2026 12:05:00 AM,7/25/2026 11:59:00 PM,MAX_OPERATING_MW,6,
7/25/2026 2:15:00 AM,RTD,CMIN,10LIAN_G02,G,7/25/2026 12:05:00 AM,7/25/2026 11:59:00 PM,MIN_OPERATING_MW,3,
7/25/2026 2:15:00 AM,RTD,CMIN,11MALADU_G01,G,7/25/2026 12:01:00 AM,7/26/2026,MAX_OPERATING_MW,9.50,
7/25/2026 2:15:00 AM,RTD,CMIN,11MALADU_G01,G,7/25/2026 12:01:00 AM,7/26/2026,MIN_OPERATING_MW,9.50,
7/25/2026 2:20:00 AM,RTD,CLUZ,01BALWIND_G01,G,7/24/2026 2:00:00 PM,7/25/2026 3:00:00 AM,MAX_OPERATING_MW,50,
7/25/2026 2:20:00 AM,RTD,CLUZ,01BALWIND_G01,G,7/24/2026 2:00:00 PM,7/25/2026 3:00:00 AM,MIN_OPERATING_MW,50,
7/25/2026 2:20:00 AM,RTD,CLUZ,01MSINLO_G04,G,7/25/2026 12:01:00 AM,7/26/2026,MAX_OPERATING_MW,319,
7/25/2026 2:20:00 AM,RTD,CLUZ,01MSINLO_G04,G,7/25/2026 12:01:00 AM,7/26/2026,MIN_OPERATING_MW,319,
7/25/2026 2:20:00 AM,RTD,CLUZ,01TERRASOL_G01,G,7/25/2026 12:16:00 AM,7/25/2026 2:20:00 AM,MAX_OPERATING_MW,200,
7/25/2026 2:20:00 AM,RTD,CLUZ,01TERRASOL_G01,G,7/25/2026 12:16:00 AM,7/25/2026 2:20:00 AM,MIN_OPERATING_MW,200,
7/25/2026 2:20:00 AM,RTD,CLUZ,01TERRASOL_G01,G,7/25/2026 2:21:00 AM,7/25/2026 5:50:00 AM,MAX_OPERATING_MW,0,
7/25/2026 2:20:00 AM,RTD,CLUZ,01TERRASOL_G01,G,7/25/2026 2:21:00 AM,7/25/2026 5:50:00 AM,MIN_OPERATING_MW,0,
7/25/2026 2:20:00 AM,RTD,CLUZ,03ALMNOS_BAT1,G,7/25/2026 1:31:00 AM,7/25/2026 2:30:00 AM,MAX_OPERATING_MW,0,
7/25/2026 2:20:00 AM,RTD,CLUZ,03ALMNOS_BAT1,G,7/25/2026 1:31:00 AM,7/25/2026 2:30:00 AM,MIN_OPERATING_MW,0,
7/25/2026 2:20:00 AM,RTD,CMIN,10LIAN_G02,G,7/25/2026 12:05:00 AM,7/25/2026 11:59:00 PM,MAX_OPERATING_MW,6,
7/25/2026 2:20:00 AM,RTD,CMIN,10LIAN_G02,G,7/25/2026 12:05:00 AM,7/25/2026 11:59:00 PM,MIN_OPERATING_MW,3,
7/25/2026 2:20:00 AM,RTD,CMIN,11MALADU_G01,G,7/25/2026 12:01:00 AM,7/26/2026,MAX_OPERATING_MW,9.50,
7/25/2026 2:20:00 AM,RTD,CMIN,11MALADU_G01,G,7/25/2026 12:01:00 AM,7/26/2026,MIN_OPERATING_MW,9.50,
7/25/2026 2:25:00 AM,RTD,CLUZ,01BALWIND_G01,G,7/24/2026 2:00:00 PM,7/25/2026 3:00:00 AM,MAX_OPERATING_MW,50,
7/25/2026 2:25:00 AM,RTD,CLUZ,01BALWIND_G01,G,7/24/2026 2:00:00 PM,7/25/2026 3:00:00 AM,MIN_OPERATING_MW,50,
7/25/2026 2:25:00 AM,RTD,CLUZ,01MSINLO_G04,G,7/25/2026 12:01:00 AM,7/26/2026,MAX_OPERATING_MW,319,
7/25/2026 2:25:00 AM,RTD,CLUZ,01MSINLO_G04,G,7/25/2026 12:01:00 AM,7/26/2026,MIN_OPERATING_MW,319,
7/25/2026 2:25:00 AM,RTD,CLUZ,01TERRASOL_G01,G,7/25/2026 2:21:00 AM,7/25/2026 5:50:00 AM,MAX_OPERATING_MW,0,
7/25/2026 2:25:00 AM,RTD,CLUZ,01TERRASOL_G01,G,7/25/2026 2:21:00 AM,7/25/2026 5:50:00 AM,MIN_OPERATING_MW,0,
7/25/2026 2:25:00 AM,RTD,CLUZ,03ALMNOS_BAT1,G,7/25/2026 1:31:00 AM,7/25/2026 2:30:00 AM,MAX_OPERATING_MW,0,
7/25/2026 2:25:00 AM,RTD,CLUZ,03ALMNOS_BAT1,G,7/25/2026 1:31:00 AM,7/25/2026 2:30:00 AM,MIN_OPERATING_MW,0,
7/25/2026 2:25:00 AM,RTD,CMIN,10LIAN_G02,G,7/25/2026 12:05:00 AM,7/25/2026 11:59:00 PM,MAX_OPERATING_MW,6,
7/25/2026 2:25:00 AM,RTD,CMIN,10LIAN_G02,G,7/25/2026 12:05:00 AM,7/25/2026 11:59:00 PM,MIN_OPERATING_MW,3,
7/25/2026 2:25:00 AM,RTD,CMIN,11MALADU_G01,G,7/25/2026 12:01:00 AM,7/26/2026,MAX_OPERATING_MW,9.50,
7/25/2026 2:25:00 AM,RTD,CMIN,11MALADU_G01,G,7/25/2026 12:01:00 AM,7/26/2026,MIN_OPERATING_MW,9.50,
7/25/2026 2:30:00 AM,RTD,CLUZ,01BALWIND_G01,G,7/24/2026 2:00:00 PM,7/25/2026 3:00:00 AM,MAX_OPERATING_MW,50,
7/25/2026 2:30:00 AM,RTD,CLUZ,01BALWIND_G01,G,7/24/2026 2:00:00 PM,7/25/2026 3:00:00 AM,MIN_OPERATING_MW,50,
7/25/2026 2:30:00 AM,RTD,CLUZ,01MSINLO_G04,G,7/25/2026 12:01:00 AM,7/26/2026,MAX_OPERATING_MW,319,
7/25/2026 2:30:00 AM,RTD,CLUZ,01MSINLO_G04,G,7/25/2026 12:01:00 AM,7/26/2026,MIN_OPERATING_MW,319,
7/25/2026 2:30:00 AM,RTD,CLUZ,01TERRASOL_G01,G,7/25/2026 2:21:00 AM,7/25/2026 5:50:00 AM,MAX_OPERATING_MW,0,
7/25/2026 2:30:00 AM,RTD,CLUZ,01TERRASOL_G01,G,7/25/2026 2:21:00 AM,7/25/2026 5:50:00 AM,MIN_OPERATING_MW,0,
7/25/2026 2:30:00 AM,RTD,CLUZ,03ALMNOS_BAT1,G,7/25/2026 1:31:00 AM,7/25/2026 2:30:00 AM,MAX_OPERATING_MW,0,
7/25/2026 2:30:00 AM,RTD,CLUZ,03ALMNOS_BAT1,G,7/25/2026 1:31:00 AM,7/25/2026 2:30:00 AM,MIN_OPERATING_MW,0,
7/25/2026 2:30:00 AM,RTD,CMIN,10LIAN_G02,G,7/25/2026 12:05:00 AM,7/25/2026 11:59:00 PM,MAX_OPERATING_MW,6,
7/25/2026 2:30:00 AM,RTD,CMIN,10LIAN_G02,G,7/25/2026 12:05:00 AM,7/25/2026 11:59:00 PM,MIN_OPERATING_MW,3,
7/25/2026 2:30:00 AM,RTD,CMIN,11MALADU_G01,G,7/25/2026 12:01:00 AM,7/26/2026,MAX_OPERATING_MW,9.50,
7/25/2026 2:30:00 AM,RTD,CMIN,11MALADU_G01,G,7/25/2026 12:01:00 AM,7/26/2026,MIN_OPERATING_MW,9.50,
7/25/2026 2:35:00 AM,RTD,CLUZ,01BALWIND_G01,G,7/24/2026 2:00:00 PM,7/25/2026 3:00:00 AM,MAX_OPERATING_MW,50,
7/25/2026 2:35:00 AM,RTD,CLUZ,01BALWIND_G01,G,7/24/2026 2:00:00 PM,7/25/2026 3:00:00 AM,MIN_OPERATING_MW,50,
7/25/2026 2:35:00 AM,RTD,CLUZ,01MSINLO_G04,G,7/25/2026 12:01:00 AM,7/26/2026,MAX_OPERATING_MW,319,
7/25/2026 2:35:00 AM,RTD,CLUZ,01MSINLO_G04,G,7/25/2026 12:01:00 AM,7/26/2026,MIN_OPERATING_MW,319,
7/25/2026 2:35:00 AM,RTD,CLUZ,01TERRASOL_G01,G,7/25/2026 2:21:00 AM,7/25/2026 5:50:00 AM,MAX_OPERATING_MW,0,
7/25/2026 2:35:00 AM,RTD,CLUZ,01TERRASOL_G01,G,7/25/2026 2:21:00 AM,7/25/2026 5:50:00 AM,MIN_OPERATING_MW,0,
7/25/2026 2:35:00 AM,RTD,CMIN,10LIAN_G02,G,7/25/2026 12:05:00 AM,7/25/2026 11:59:00 PM,MAX_OPERATING_MW,6,
7/25/2026 2:35:00 AM,RTD,CMIN,10LIAN_G02,G,7/25/2026 12:05:00 AM,7/25/2026 11:59:00 PM,MIN_OPERATING_MW,3,
7/25/2026 2:35:00 AM,RTD,CMIN,11MALADU_G01,G,7/25/2026 12:01:00 AM,7/26/2026,MAX_OPERATING_MW,9.50,
7/25/2026 2:35:00 AM,RTD,CMIN,11MALADU_G01,G,7/25/2026 12:01:00 AM,7/26/2026,MIN_OPERATING_MW,9.50,
7/25/2026 2:40:00 AM,RTD,CLUZ,01BALWIND_G01,G,7/24/2026 2:00:00 PM,7/25/2026 3:00:00 AM,MAX_OPERATING_MW,50,
7/25/2026 2:40:00 AM,RTD,CLUZ,01BALWIND_G01,G,7/24/2026 2:00:00 PM,7/25/2026 3:00:00 AM,MIN_OPERATING_MW,50,
7/25/2026 2:40:00 AM,RTD,CLUZ,01MSINLO_G04,G,7/25/2026 12:01:00 AM,7/26/2026,MAX_OPERATING_MW,319,
7/25/2026 2:40:00 AM,RTD,CLUZ,01MSINLO_G04,G,7/25/2026 12:01:00 AM,7/26/2026,MIN_OPERATING_MW,319,
7/25/2026 2:40:00 AM,RTD,CLUZ,01TERRASOL_G01,G,7/25/2026 2:21:00 AM,7/25/2026 5:50:00 AM,MAX_OPERATING_MW,0,
7/25/2026 2:40:00 AM,RTD,CLUZ,01TERRASOL_G01,G,7/25/2026 2:21:00 AM,7/25/2026 5:50:00 AM,MIN_OPERATING_MW,0,
7/25/2026 2:40:00 AM,RTD,CMIN,10LIAN_G02,G,7/25/2026 12:05:00 AM,7/25/2026 11:59:00 PM,MAX_OPERATING_MW,6,
7/25/2026 2:40:00 AM,RTD,CMIN,10LIAN_G02,G,7/25/2026 12:05:00 AM,7/25/2026 11:59:00 PM,MIN_OPERATING_MW,3,
7/25/2026 2:40:00 AM,RTD,CMIN,11MALADU_G01,G,7/25/2026 12:01:00 AM,7/26/2026,MAX_OPERATING_MW,9.50,
7/25/2026 2:40:00 AM,RTD,CMIN,11MALADU_G01,G,7/25/2026 12:01:00 AM,7/26/2026,MIN_OPERATING_MW,9.50,
7/25/2026 2:45:00 AM,RTD,CLUZ,01BALWIND_G01,G,7/24/2026 2:00:00 PM,7/25/2026 3:00:00 AM,MAX_OPERATING_MW,50,
7/25/2026 2:45:00 AM,RTD,CLUZ,01BALWIND_G01,G,7/24/2026 2:00:00 PM,7/25/2026 3:00:00 AM,MIN_OPERATING_MW,50,
7/25/2026 2:45:00 AM,RTD,CLUZ,01MSINLO_G04,G,7/25/2026 12:01:00 AM,7/26/2026,MAX_OPERATING_MW,319,
7/25/2026 2:45:00 AM,RTD,CLUZ,01MSINLO_G04,G,7/25/2026 12:01:00 AM,7/26/2026,MIN_OPERATING_MW,319,
7/25/2026 2:45:00 AM,RTD,CLUZ,01TERRASOL_G01,G,7/25/2026 2:21:00 AM,7/25/2026 5:50:00 AM,MAX_OPERATING_MW,0,
7/25/2026 2:45:00 AM,RTD,CLUZ,01TERRASOL_G01,G,7/25/2026 2:21:00 AM,7/25/2026 5:50:00 AM,MIN_OPERATING_MW,0,
7/25/2026 2:45:00 AM,RTD,CMIN,10LIAN_G02,G,7/25/2026 12:05:00 AM,7/25/2026 11:59:00 PM,MAX_OPERATING_MW,6,
7/25/2026 2:45:00 AM,RTD,CMIN,10LIAN_G02,G,7/25/2026 12:05:00 AM,7/25/2026 11:59:00 PM,MIN_OPERATING_MW,3,
7/25/2026 2:45:00 AM,RTD,CMIN,11MALADU_G01,G,7/25/2026 12:01:00 AM,7/26/2026,MAX_OPERATING_MW,9.50,
7/25/2026 2:45:00 AM,RTD,CMIN,11MALADU_G01,G,7/25/2026 12:01:00 AM,7/26/2026,MIN_OPERATING_MW,9.50,
7/25/2026 2:50:00 AM,RTD,CLUZ,01BALWIND_G01,G,7/24/2026 2:00:00 PM,7/25/2026 3:00:00 AM,MAX_OPERATING_MW,50,
7/25/2026 2:50:00 AM,RTD,CLUZ,01BALWIND_G01,G,7/24/2026 2:00:00 PM,7/25/2026 3:00:00 AM,MIN_OPERATING_MW,50,
7/25/2026 2:50:00 AM,RTD,CLUZ,01MSINLO_G04,G,7/25/2026 12:01:00 AM,7/26/2026,MAX_OPERATING_MW,319,
7/25/2026 2:50:00 AM,RTD,CLUZ,01MSINLO_G04,G,7/25/2026 12:01:00 AM,7/26/2026,MIN_OPERATING_MW,319,
7/25/2026 2:50:00 AM,RTD,CLUZ,01TERRASOL_G01,G,7/25/2026 2:21:00 AM,7/25/2026 5:50:00 AM,MAX_OPERATING_MW,0,
7/25/2026 2:50:00 AM,RTD,CLUZ,01TERRASOL_G01,G,7/25/2026 2:21:00 AM,7/25/2026 5:50:00 AM,MIN_OPERATING_MW,0,
7/25/2026 2:50:00 AM,RTD,CMIN,10LIAN_G02,G,7/25/2026 12:05:00 AM,7/25/2026 11:59:00 PM,MAX_OPERATING_MW,6,
7/25/2026 2:50:00 AM,RTD,CMIN,10LIAN_G02,G,7/25/2026 12:05:00 AM,7/25/2026 11:59:00 PM,MIN_OPERATING_MW,3,
7/25/2026 2:50:00 AM,RTD,CMIN,11MALADU_G01,G,7/25/2026 12:01:00 AM,7/26/2026,MAX_OPERATING_MW,9.50,
7/25/2026 2:50:00 AM,RTD,CMIN,11MALADU_G01,G,7/25/2026 12:01:00 AM,7/26/2026,MIN_OPERATING_MW,9.50,
7/25/2026 2:55:00 AM,RTD,CLUZ,01BALWIND_G01,G,7/24/2026 2:00:00 PM,7/25/2026 3:00:00 AM,MAX_OPERATING_MW,50,
7/25/2026 2:55:00 AM,RTD,CLUZ,01BALWIND_G01,G,7/24/2026 2:00:00 PM,7/25/2026 3:00:00 AM,MIN_OPERATING_MW,50,
7/25/2026 2:55:00 AM,RTD,CLUZ,01MSINLO_G04,G,7/25/2026 12:01:00 AM,7/26/2026,MAX_OPERATING_MW,319,
7/25/2026 2:55:00 AM,RTD,CLUZ,01MSINLO_G04,G,7/25/2026 12:01:00 AM,7/26/2026,MIN_OPERATING_MW,319,
7/25/2026 2:55:00 AM,RTD,CLUZ,01TERRASOL_G01,G,7/25/2026 2:21:00 AM,7/25/2026 5:50:00 AM,MAX_OPERATING_MW,0,
7/25/2026 2:55:00 AM,RTD,CLUZ,01TERRASOL_G01,G,7/25/2026 2:21:00 AM,7/25/2026 5:50:00 AM,MIN_OPERATING_MW,0,
7/25/2026 2:55:00 AM,RTD,CMIN,10LIAN_G02,G,7/25/2026 12:05:00 AM,7/25/2026 11:59:00 PM,MAX_OPERATING_MW,6,
7/25/2026 2:55:00 AM,RTD,CMIN,10LIAN_G02,G,7/25/2026 12:05:00 AM,7/25/2026 11:59:00 PM,MIN_OPERATING_MW,3,
7/25/2026 2:55:00 AM,RTD,CMIN,11MALADU_G01,G,7/25/2026 12:01:00 AM,7/26/2026,MAX_OPERATING_MW,9.50,
7/25/2026 2:55:00 AM,RTD,CMIN,11MALADU_G01,G,7/25/2026 12:01:00 AM,7/26/2026,MIN_OPERATING_MW,9.50,
7/25/2026 3:00:00 AM,RTD,CLUZ,01BALWIND_G01,G,7/24/2026 2:00:00 PM,7/25/2026 3:00:00 AM,MAX_OPERATING_MW,50,
7/25/2026 3:00:00 AM,RTD,CLUZ,01BALWIND_G01,G,7/24/2026 2:00:00 PM,7/25/2026 3:00:00 AM,MIN_OPERATING_MW,50,
7/25/2026 3:00:00 AM,RTD,CLUZ,01MSINLO_G04,G,7/25/2026 12:01:00 AM,7/26/2026,MAX_OPERATING_MW,319,
7/25/2026 3:00:00 AM,RTD,CLUZ,01MSINLO_G04,G,7/25/2026 12:01:00 AM,7/26/2026,MIN_OPERATING_MW,319,
7/25/2026 3:00:00 AM,RTD,CLUZ,01TERRASOL_G01,G,7/25/2026 2:21:00 AM,7/25/2026 5:50:00 AM,MAX_OPERATING_MW,0,
7/25/2026 3:00:00 AM,RTD,CLUZ,01TERRASOL_G01,G,7/25/2026 2:21:00 AM,7/25/2026 5:50:00 AM,MIN_OPERATING_MW,0,
7/25/2026 3:00:00 AM,RTD,CMIN,10LIAN_G02,G,7/25/2026 12:05:00 AM,7/25/2026 11:59:00 PM,MAX_OPERATING_MW,6,
7/25/2026 3:00:00 AM,RTD,CMIN,10LIAN_G02,G,7/25/2026 12:05:00 AM,7/25/2026 11:59:00 PM,MIN_OPERATING_MW,3,
7/25/2026 3:00:00 AM,RTD,CMIN,11MALADU_G01,G,7/25/2026 12:01:00 AM,7/26/2026,MAX_OPERATING_MW,9.50,
7/25/2026 3:00:00 AM,RTD,CMIN,11MALADU_G01,G,7/25/2026 12:01:00 AM,7/26/2026,MIN_OPERATING_MW,9.50,
7/25/2026 3:05:00 AM,RTD,CLUZ,01MSINLO_G04,G,7/25/2026 12:01:00 AM,7/26/2026,MAX_OPERATING_MW,319,
7/25/2026 3:05:00 AM,RTD,CLUZ,01MSINLO_G04,G,7/25/2026 12:01:00 AM,7/26/2026,MIN_OPERATING_MW,319,
7/25/2026 3:05:00 AM,RTD,CLUZ,01TERRASOL_G01,G,7/25/2026 2:21:00 AM,7/25/2026 5:50:00 AM,MAX_OPERATING_MW,0,
7/25/2026 3:05:00 AM,RTD,CLUZ,01TERRASOL_G01,G,7/25/2026 2:21:00 AM,7/25/2026 5:50:00 AM,MIN_OPERATING_MW,0,
7/25/2026 3:05:00 AM,RTD,CMIN,10LIAN_G02,G,7/25/2026 12:05:00 AM,7/25/2026 11:59:00 PM,MAX_OPERATING_MW,6,
7/25/2026 3:05:00 AM,RTD,CMIN,10LIAN_G02,G,7/25/2026 12:05:00 AM,7/25/2026 11:59:00 PM,MIN_OPERATING_MW,3,
7/25/2026 3:05:00 AM,RTD,CMIN,11MALADU_G01,G,7/25/2026 12:01:00 AM,7/26/2026,MAX_OPERATING_MW,9.50,
7/25/2026 3:05:00 AM,RTD,CMIN,11MALADU_G01,G,7/25/2026 12:01:00 AM,7/26/2026,MIN_OPERATING_MW,9.50,
7/25/2026 3:10:00 AM,RTD,CLUZ,01MSINLO_G04,G,7/25/2026 12:01:00 AM,7/26/2026,MAX_OPERATING_MW,319,
7/25/2026 3:10:00 AM,RTD,CLUZ,01MSINLO_G04,G,7/25/2026 12:01:00 AM,7/26/2026,MIN_OPERATING_MW,319,
7/25/2026 3:10:00 AM,RTD,CLUZ,01TERRASOL_G01,G,7/25/2026 2:21:00 AM,7/25/2026 5:50:00 AM,MAX_OPERATING_MW,0,
7/25/2026 3:10:00 AM,RTD,CLUZ,01TERRASOL_G01,G,7/25/2026 2:21:00 AM,7/25/2026 5:50:00 AM,MIN_OPERATING_MW,0,
7/25/2026 3:10:00 AM,RTD,CMIN,10LIAN_G02,G,7/25/2026 12:05:00 AM,7/25/2026 11:59:00 PM,MAX_OPERATING_MW,6,
7/25/2026 3:10:00 AM,RTD,CMIN,10LIAN_G02,G,7/25/2026 12:05:00 AM,7/25/2026 11:59:00 PM,MIN_OPERATING_MW,3,
7/25/2026 3:10:00 AM,RTD,CMIN,11MALADU_G01,G,7/25/2026 12:01:00 AM,7/26/2026,MAX_OPERATING_MW,9.50,
7/25/2026 3:10:00 AM,RTD,CMIN,11MALADU_G01,G,7/25/2026 12:01:00 AM,7/26/2026,MIN_OPERATING_MW,9.50,
7/25/2026 3:15:00 AM,RTD,CLUZ,01MSINLO_G04,G,7/25/2026 12:01:00 AM,7/26/2026,MAX_OPERATING_MW,319,
7/25/2026 3:15:00 AM,RTD,CLUZ,01MSINLO_G04,G,7/25/2026 12:01:00 AM,7/26/2026,MIN_OPERATING_MW,319,
7/25/2026 3:15:00 AM,RTD,CLUZ,01TERRASOL_G01,G,7/25/2026 2:21:00 AM,7/25/2026 5:50:00 AM,MAX_OPERATING_MW,0,
7/25/2026 3:15:00 AM,RTD,CLUZ,01TERRASOL_G01,G,7/25/2026 2:21:00 AM,7/25/2026 5:50:00 AM,MIN_OPERATING_MW,0,
7/25/2026 3:15:00 AM,RTD,CMIN,10LIAN_G02,G,7/25/2026 12:05:00 AM,7/25/2026 11:59:00 PM,MAX_OPERATING_MW,6,
7/25/2026 3:15:00 AM,RTD,CMIN,10LIAN_G02,G,7/25/2026 12:05:00 AM,7/25/2026 11:59:00 PM,MIN_OPERATING_MW,3,
7/25/2026 3:15:00 AM,RTD,CMIN,11MALADU_G01,G,7/25/2026 12:01:00 AM,7/26/2026,MAX_OPERATING_MW,9.50,
7/25/2026 3:15:00 AM,RTD,CMIN,11MALADU_G01,G,7/25/2026 12:01:00 AM,7/26/2026,MIN_OPERATING_MW,9.50,
7/25/2026 3:20:00 AM,RTD,CLUZ,01MSINLO_G04,G,7/25/2026 12:01:00 AM,7/26/2026,MAX_OPERATING_MW,319,
7/25/2026 3:20:00 AM,RTD,CLUZ,01MSINLO_G04,G,7/25/2026 12:01:00 AM,7/26/2026,MIN_OPERATING_MW,319,
7/25/2026 3:20:00 AM,RTD,CLUZ,01TERRASOL_G01,G,7/25/2026 2:21:00 AM,7/25/2026 5:50:00 AM,MAX_OPERATING_MW,0,
7/25/2026 3:20:00 AM,RTD,CLUZ,01TERRASOL_G01,G,7/25/2026 2:21:00 AM,7/25/2026 5:50:00 AM,MIN_OPERATING_MW,0,
7/25/2026 3:20:00 AM,RTD,CMIN,10LIAN_G02,G,7/25/2026 12:05:00 AM,7/25/2026 11:59:00 PM,MAX_OPERATING_MW,6,
7/25/2026 3:20:00 AM,RTD,CMIN,10LIAN_G02,G,7/25/2026 12:05:00 AM,7/25/2026 11:59:00 PM,MIN_OPERATING_MW,3,
7/25/2026 3:20:00 AM,RTD,CMIN,11MALADU_G01,G,7/25/2026 12:01:00 AM,7/26/2026,MAX_OPERATING_MW,9.50,
7/25/2026 3:20:00 AM,RTD,CMIN,11MALADU_G01,G,7/25/2026 12:01:00 AM,7/26/2026,MIN_OPERATING_MW,9.50,
7/25/2026 3:25:00 AM,RTD,CLUZ,01MSINLO_G04,G,7/25/2026 12:01:00 AM,7/26/2026,MAX_OPERATING_MW,319,
7/25/2026 3:25:00 AM,RTD,CLUZ,01MSINLO_G04,G,7/25/2026 12:01:00 AM,7/26/2026,MIN_OPERATING_MW,319,
7/25/2026 3:25:00 AM,RTD,CLUZ,01TERRASOL_G01,G,7/25/2026 2:21:00 AM,7/25/2026 5:50:00 AM,MAX_OPERATING_MW,0,
7/25/2026 3:25:00 AM,RTD,CLUZ,01TERRASOL_G01,G,7/25/2026 2:21:00 AM,7/25/2026 5:50:00 AM,MIN_OPERATING_MW,0,
7/25/2026 3:25:00 AM,RTD,CMIN,10LIAN_G02,G,7/25/2026 12:05:00 AM,7/25/2026 11:59:00 PM,MAX_OPERATING_MW,6,
7/25/2026 3:25:00 AM,RTD,CMIN,10LIAN_G02,G,7/25/2026 12:05:00 AM,7/25/2026 11:59:00 PM,MIN_OPERATING_MW,3,
7/25/2026 3:25:00 AM,RTD,CMIN,11MALADU_G01,G,7/25/2026 12:01:00 AM,7/26/2026,MAX_OPERATING_MW,9.50,
7/25/2026 3:25:00 AM,RTD,CMIN,11MALADU_G01,G,7/25/2026 12:01:00 AM,7/26/2026,MIN_OPERATING_MW,9.50,
7/25/2026 3:30:00 AM,RTD,CLUZ,01MSINLO_G04,G,7/25/2026 12:01:00 AM,7/26/2026,MAX_OPERATING_MW,319,
7/25/2026 3:30:00 AM,RTD,CLUZ,01MSINLO_G04,G,7/25/2026 12:01:00 AM,7/26/2026,MIN_OPERATING_MW,319,
7/25/2026 3:30:00 AM,RTD,CLUZ,01TERRASOL_G01,G,7/25/2026 2:21:00 AM,7/25/2026 5:50:00 AM,MAX_OPERATING_MW,0,
7/25/2026 3:30:00 AM,RTD,CLUZ,01TERRASOL_G01,G,7/25/2026 2:21:00 AM,7/25/2026 5:50:00 AM,MIN_OPERATING_MW,0,
7/25/2026 3:30:00 AM,RTD,CMIN,10LIAN_G02,G,7/25/2026 12:05:00 AM,7/25/2026 11:59:00 PM,MAX_OPERATING_MW,6,
7/25/2026 3:30:00 AM,RTD,CMIN,10LIAN_G02,G,7/25/2026 12:05:00 AM,7/25/2026 11:59:00 PM,MIN_OPERATING_MW,3,
7/25/2026 3:30:00 AM,RTD,CMIN,11MALADU_G01,G,7/25/2026 12:01:00 AM,7/26/2026,MAX_OPERATING_MW,9.50,
7/25/2026 3:30:00 AM,RTD,CMIN,11MALADU_G01,G,7/25/2026 12:01:00 AM,7/26/2026,MIN_OPERATING_MW,9.50,
7/25/2026 3:35:00 AM,RTD,CLUZ,01MSINLO_G04,G,7/25/2026 12:01:00 AM,7/26/2026,MAX_OPERATING_MW,319,
7/25/2026 3:35:00 AM,RTD,CLUZ,01MSINLO_G04,G,7/25/2026 12:01:00 AM,7/26/2026,MIN_OPERATING_MW,319,
7/25/2026 3:35:00 AM,RTD,CLUZ,01TERRASOL_G01,G,7/25/2026 2:21:00 AM,7/25/2026 5:50:00 AM,MAX_OPERATING_MW,0,
7/25/2026 3:35:00 AM,RTD,CLUZ,01TERRASOL_G01,G,7/25/2026 2:21:00 AM,7/25/2026 5:50:00 AM,MIN_OPERATING_MW,0,
7/25/2026 3:35:00 AM,RTD,CMIN,10LIAN_G02,G,7/25/2026 12:05:00 AM,7/25/2026 11:59:00 PM,MAX_OPERATING_MW,6,
7/25/2026 3:35:00 AM,RTD,CMIN,10LIAN_G02,G,7/25/2026 12:05:00 AM,7/25/2026 11:59:00 PM,MIN_OPERATING_MW,3,
7/25/2026 3:35:00 AM,RTD,CMIN,11MALADU_G01,G,7/25/2026 12:01:00 AM,7/26/2026,MAX_OPERATING_MW,9.50,
7/25/2026 3:35:00 AM,RTD,CMIN,11MALADU_G01,G,7/25/2026 12:01:00 AM,7/26/2026,MIN_OPERATING_MW,9.50,
7/25/2026 3:40:00 AM,RTD,CLUZ,01MSINLO_G04,G,7/25/2026 12:01:00 AM,7/26/2026,MAX_OPERATING_MW,319,
7/25/2026 3:40:00 AM,RTD,CLUZ,01MSINLO_G04,G,7/25/2026 12:01:00 AM,7/26/2026,MIN_OPERATING_MW,319,
7/25/2026 3:40:00 AM,RTD,CLUZ,01TERRASOL_G01,G,7/25/2026 2:21:00 AM,7/25/2026 5:50:00 AM,MAX_OPERATING_MW,0,
7/25/2026 3:40:00 AM,RTD,CLUZ,01TERRASOL_G01,G,7/25/2026 2:21:00 AM,7/25/2026 5:50:00 AM,MIN_OPERATING_MW,0,
7/25/2026 3:40:00 AM,RTD,CMIN,10LIAN_G02,G,7/25/2026 12:05:00 AM,7/25/2026 11:59:00 PM,MAX_OPERATING_MW,6,
7/25/2026 3:40:00 AM,RTD,CMIN,10LIAN_G02,G,7/25/2026 12:05:00 AM,7/25/2026 11:59:00 PM,MIN_OPERATING_MW,3,
7/25/2026 3:40:00 AM,RTD,CMIN,11MALADU_G01,G,7/25/2026 12:01:00 AM,7/26/2026,MAX_OPERATING_MW,9.50,
7/25/2026 3:40:00 AM,RTD,CMIN,11MALADU_G01,G,7/25/2026 12:01:00 AM,7/26/2026,MIN_OPERATING_MW,9.50,
7/25/2026 3:45:00 AM,RTD,CLUZ,01MSINLO_G04,G,7/25/2026 12:01:00 AM,7/26/2026,MAX_OPERATING_MW,319,
7/25/2026 3:45:00 AM,RTD,CLUZ,01MSINLO_G04,G,7/25/2026 12:01:00 AM,7/26/2026,MIN_OPERATING_MW,319,
7/25/2026 3:45:00 AM,RTD,CLUZ,01TERRASOL_G01,G,7/25/2026 2:21:00 AM,7/25/2026 5:50:00 AM,MAX_OPERATING_MW,0,
7/25/2026 3:45:00 AM,RTD,CLUZ,01TERRASOL_G01,G,7/25/2026 2:21:00 AM,7/25/2026 5:50:00 AM,MIN_OPERATING_MW,0,
7/25/2026 3:45:00 AM,RTD,CMIN,10LIAN_G02,G,7/25/2026 12:05:00 AM,7/25/2026 11:59:00 PM,MAX_OPERATING_MW,6,
7/25/2026 3:45:00 AM,RTD,CMIN,10LIAN_G02,G,7/25/2026 12:05:00 AM,7/25/2026 11:59:00 PM,MIN_OPERATING_MW,3,
7/25/2026 3:45:00 AM,RTD,CMIN,11MALADU_G01,G,7/25/2026 12:01:00 AM,7/26/2026,MAX_OPERATING_MW,9.50,
7/25/2026 3:45:00 AM,RTD,CMIN,11MALADU_G01,G,7/25/2026 12:01:00 AM,7/26/2026,MIN_OPERATING_MW,9.50,
7/25/2026 3:50:00 AM,RTD,CLUZ,01MSINLO_G04,G,7/25/2026 12:01:00 AM,7/26/2026,MAX_OPERATING_MW,319,
7/25/2026 3:50:00 AM,RTD,CLUZ,01MSINLO_G04,G,7/25/2026 12:01:00 AM,7/26/2026,MIN_OPERATING_MW,319,
7/25/2026 3:50:00 AM,RTD,CLUZ,01TERRASOL_G01,G,7/25/2026 2:21:00 AM,7/25/2026 5:50:00 AM,MAX_OPERATING_MW,0,
7/25/2026 3:50:00 AM,RTD,CLUZ,01TERRASOL_G01,G,7/25/2026 2:21:00 AM,7/25/2026 5:50:00 AM,MIN_OPERATING_MW,0,
7/25/2026 3:50:00 AM,RTD,CMIN,10LIAN_G02,G,7/25/2026 12:05:00 AM,7/25/2026 11:59:00 PM,MAX_OPERATING_MW,6,
7/25/2026 3:50:00 AM,RTD,CMIN,10LIAN_G02,G,7/25/2026 12:05:00 AM,7/25/2026 11:59:00 PM,MIN_OPERATING_MW,3,
7/25/2026 3:50:00 AM,RTD,CMIN,11MALADU_G01,G,7/25/2026 12:01:00 AM,7/26/2026,MAX_OPERATING_MW,9.50,
7/25/2026 3:50:00 AM,RTD,CMIN,11MALADU_G01,G,7/25/2026 12:01:00 AM,7/26/2026,MIN_OPERATING_MW,9.50,
7/25/2026 3:55:00 AM,RTD,CLUZ,01MSINLO_G04,G,7/25/2026 12:01:00 AM,7/26/2026,MAX_OPERATING_MW,319,
7/25/2026 3:55:00 AM,RTD,CLUZ,01MSINLO_G04,G,7/25/2026 12:01:00 AM,7/26/2026,MIN_OPERATING_MW,319,
7/25/2026 3:55:00 AM,RTD,CLUZ,01TERRASOL_G01,G,7/25/2026 2:21:00 AM,7/25/2026 5:50:00 AM,MAX_OPERATING_MW,0,
7/25/2026 3:55:00 AM,RTD,CLUZ,01TERRASOL_G01,G,7/25/2026 2:21:00 AM,7/25/2026 5:50:00 AM,MIN_OPERATING_MW,0,
7/25/2026 3:55:00 AM,RTD,CMIN,10LIAN_G02,G,7/25/2026 12:05:00 AM,7/25/2026 11:59:00 PM,MAX_OPERATING_MW,6,
7/25/2026 3:55:00 AM,RTD,CMIN,10LIAN_G02,G,7/25/2026 12:05:00 AM,7/25/2026 11:59:00 PM,MIN_OPERATING_MW,3,
7/25/2026 3:55:00 AM,RTD,CMIN,11MALADU_G01,G,7/25/2026 12:01:00 AM,7/26/2026,MAX_OPERATING_MW,9.50,
7/25/2026 3:55:00 AM,RTD,CMIN,11MALADU_G01,G,7/25/2026 12:01:00 AM,7/26/2026,MIN_OPERATING_MW,9.50,
7/25/2026 4:00:00 AM,RTD,CLUZ,01MSINLO_G04,G,7/25/2026 12:01:00 AM,7/26/2026,MAX_OPERATING_MW,319,
7/25/2026 4:00:00 AM,RTD,CLUZ,01MSINLO_G04,G,7/25/2026 12:01:00 AM,7/26/2026,MIN_OPERATING_MW,319,
7/25/2026 4:00:00 AM,RTD,CLUZ,01TERRASOL_G01,G,7/25/2026 2:21:00 AM,7/25/2026 5:50:00 AM,MAX_OPERATING_MW,0,
7/25/2026 4:00:00 AM,RTD,CLUZ,01TERRASOL_G01,G,7/25/2026 2:21:00 AM,7/25/2026 5:50:00 AM,MIN_OPERATING_MW,0,
7/25/2026 4:00:00 AM,RTD,CMIN,10LIAN_G02,G,7/25/2026 12:05:00 AM,7/25/2026 11:59:00 PM,MAX_OPERATING_MW,6,
7/25/2026 4:00:00 AM,RTD,CMIN,10LIAN_G02,G,7/25/2026 12:05:00 AM,7/25/2026 11:59:00 PM,MIN_OPERATING_MW,3,
7/25/2026 4:00:00 AM,RTD,CMIN,11MALADU_G01,G,7/25/2026 12:01:00 AM,7/26/2026,MAX_OPERATING_MW,9.50,
7/25/2026 4:00:00 AM,RTD,CMIN,11MALADU_G01,G,7/25/2026 12:01:00 AM,7/26/2026,MIN_OPERATING_MW,9.50,
7/25/2026 4:05:00 AM,RTD,CLUZ,01MSINLO_G04,G,7/25/2026 12:01:00 AM,7/26/2026,MAX_OPERATING_MW,319,
7/25/2026 4:05:00 AM,RTD,CLUZ,01MSINLO_G04,G,7/25/2026 12:01:00 AM,7/26/2026,MIN_OPERATING_MW,319,
7/25/2026 4:05:00 AM,RTD,CLUZ,01TERRASOL_G01,G,7/25/2026 2:21:00 AM,7/25/2026 5:50:00 AM,MAX_OPERATING_MW,0,
7/25/2026 4:05:00 AM,RTD,CLUZ,01TERRASOL_G01,G,7/25/2026 2:21:00 AM,7/25/2026 5:50:00 AM,MIN_OPERATING_MW,0,
7/25/2026 4:05:00 AM,RTD,CMIN,10LIAN_G02,G,7/25/2026 12:05:00 AM,7/25/2026 11:59:00 PM,MAX_OPERATING_MW,6,
7/25/2026 4:05:00 AM,RTD,CMIN,10LIAN_G02,G,7/25/2026 12:05:00 AM,7/25/2026 11:59:00 PM,MIN_OPERATING_MW,3,
7/25/2026 4:05:00 AM,RTD,CMIN,11MALADU_G01,G,7/25/2026 12:01:00 AM,7/26/2026,MAX_OPERATING_MW,9.50,
7/25/2026 4:05:00 AM,RTD,CMIN,11MALADU_G01,G,7/25/2026 12:01:00 AM,7/26/2026,MIN_OPERATING_MW,9.50,
7/25/2026 4:10:00 AM,RTD,CLUZ,01MSINLO_G04,G,7/25/2026 12:01:00 AM,7/26/2026,MAX_OPERATING_MW,319,
7/25/2026 4:10:00 AM,RTD,CLUZ,01MSINLO_G04,G,7/25/2026 12:01:00 AM,7/26/2026,MIN_OPERATING_MW,319,
7/25/2026 4:10:00 AM,RTD,CLUZ,01TERRASOL_G01,G,7/25/2026 2:21:00 AM,7/25/2026 5:50:00 AM,MAX_OPERATING_MW,0,
7/25/2026 4:10:00 AM,RTD,CLUZ,01TERRASOL_G01,G,7/25/2026 2:21:00 AM,7/25/2026 5:50:00 AM,MIN_OPERATING_MW,0,
7/25/2026 4:10:00 AM,RTD,CMIN,10LIAN_G02,G,7/25/2026 12:05:00 AM,7/25/2026 11:59:00 PM,MAX_OPERATING_MW,6,
7/25/2026 4:10:00 AM,RTD,CMIN,10LIAN_G02,G,7/25/2026 12:05:00 AM,7/25/2026 11:59:00 PM,MIN_OPERATING_MW,3,
7/25/2026 4:10:00 AM,RTD,CMIN,11MALADU_G01,G,7/25/2026 12:01:00 AM,7/26/2026,MAX_OPERATING_MW,9.50,
7/25/2026 4:10:00 AM,RTD,CMIN,11MALADU_G01,G,7/25/2026 12:01:00 AM,7/26/2026,MIN_OPERATING_MW,9.50,
7/25/2026 4:15:00 AM,RTD,CLUZ,01MSINLO_G04,G,7/25/2026 12:01:00 AM,7/26/2026,MAX_OPERATING_MW,319,
7/25/2026 4:15:00 AM,RTD,CLUZ,01MSINLO_G04,G,7/25/2026 12:01:00 AM,7/26/2026,MIN_OPERATING_MW,319,
7/25/2026 4:15:00 AM,RTD,CLUZ,01TERRASOL_G01,G,7/25/2026 2:21:00 AM,7/25/2026 5:50:00 AM,MAX_OPERATING_MW,0,
7/25/2026 4:15:00 AM,RTD,CLUZ,01TERRASOL_G01,G,7/25/2026 2:21:00 AM,7/25/2026 5:50:00 AM,MIN_OPERATING_MW,0,
7/25/2026 4:15:00 AM,RTD,CMIN,10LIAN_G02,G,7/25/2026 12:05:00 AM,7/25/2026 11:59:00 PM,MAX_OPERATING_MW,6,
7/25/2026 4:15:00 AM,RTD,CMIN,10LIAN_G02,G,7/25/2026 12:05:00 AM,7/25/2026 11:59:00 PM,MIN_OPERATING_MW,3,
7/25/2026 4:15:00 AM,RTD,CMIN,11MALADU_G01,G,7/25/2026 12:01:00 AM,7/26/2026,MAX_OPERATING_MW,9.50,
7/25/2026 4:15:00 AM,RTD,CMIN,11MALADU_G01,G,7/25/2026 12:01:00 AM,7/26/2026,MIN_OPERATING_MW,9.50,
7/25/2026 4:20:00 AM,RTD,CLUZ,01MSINLO_G04,G,7/25/2026 12:01:00 AM,7/26/2026,MAX_OPERATING_MW,319,
7/25/2026 4:20:00 AM,RTD,CLUZ,01MSINLO_G04,G,7/25/2026 12:01:00 AM,7/26/2026,MIN_OPERATING_MW,319,
7/25/2026 4:20:00 AM,RTD,CLUZ,01TERRASOL_G01,G,7/25/2026 2:21:00 AM,7/25/2026 5:50:00 AM,MAX_OPERATING_MW,0,
7/25/2026 4:20:00 AM,RTD,CLUZ,01TERRASOL_G01,G,7/25/2026 2:21:00 AM,7/25/2026 5:50:00 AM,MIN_OPERATING_MW,0,
7/25/2026 4:20:00 AM,RTD,CMIN,10LIAN_G02,G,7/25/2026 12:05:00 AM,7/25/2026 11:59:00 PM,MAX_OPERATING_MW,6,
7/25/2026 4:20:00 AM,RTD,CMIN,10LIAN_G02,G,7/25/2026 12:05:00 AM,7/25/2026 11:59:00 PM,MIN_OPERATING_MW,3,
7/25/2026 4:20:00 AM,RTD,CMIN,11MALADU_G01,G,7/25/2026 12:01:00 AM,7/26/2026,MAX_OPERATING_MW,9.50,
7/25/2026 4:20:00 AM,RTD,CMIN,11MALADU_G01,G,7/25/2026 12:01:00 AM,7/26/2026,MIN_OPERATING_MW,9.50,
7/25/2026 4:25:00 AM,RTD,CLUZ,01MSINLO_G04,G,7/25/2026 12:01:00 AM,7/26/2026,MAX_OPERATING_MW,319,
7/25/2026 4:25:00 AM,RTD,CLUZ,01MSINLO_G04,G,7/25/2026 12:01:00 AM,7/26/2026,MIN_OPERATING_MW,319,
7/25/2026 4:25:00 AM,RTD,CLUZ,01TERRASOL_G01,G,7/25/2026 2:21:00 AM,7/25/2026 5:50:00 AM,MAX_OPERATING_MW,0,
7/25/2026 4:25:00 AM,RTD,CLUZ,01TERRASOL_G01,G,7/25/2026 2:21:00 AM,7/25/2026 5:50:00 AM,MIN_OPERATING_MW,0,
7/25/2026 4:25:00 AM,RTD,CMIN,10LIAN_G02,G,7/25/2026 12:05:00 AM,7/25/2026 11:59:00 PM,MAX_OPERATING_MW,6,
7/25/2026 4:25:00 AM,RTD,CMIN,10LIAN_G02,G,7/25/2026 12:05:00 AM,7/25/2026 11:59:00 PM,MIN_OPERATING_MW,3,
7/25/2026 4:25:00 AM,RTD,CMIN,11MALADU_G01,G,7/25/2026 12:01:00 AM,7/26/2026,MAX_OPERATING_MW,9.50,
7/25/2026 4:25:00 AM,RTD,CMIN,11MALADU_G01,G,7/25/2026 12:01:00 AM,7/26/2026,MIN_OPERATING_MW,9.50,
7/25/2026 4:30:00 AM,RTD,CLUZ,01MSINLO_G04,G,7/25/2026 12:01:00 AM,7/26/2026,MAX_OPERATING_MW,319,
7/25/2026 4:30:00 AM,RTD,CLUZ,01MSINLO_G04,G,7/25/2026 12:01:00 AM,7/26/2026,MIN_OPERATING_MW,319,
7/25/2026 4:30:00 AM,RTD,CLUZ,01TERRASOL_G01,G,7/25/2026 2:21:00 AM,7/25/2026 5:50:00 AM,MAX_OPERATING_MW,0,
7/25/2026 4:30:00 AM,RTD,CLUZ,01TERRASOL_G01,G,7/25/2026 2:21:00 AM,7/25/2026 5:50:00 AM,MIN_OPERATING_MW,0,
7/25/2026 4:30:00 AM,RTD,CMIN,10LIAN_G02,G,7/25/2026 12:05:00 AM,7/25/2026 11:59:00 PM,MAX_OPERATING_MW,6,
7/25/2026 4:30:00 AM,RTD,CMIN,10LIAN_G02,G,7/25/2026 12:05:00 AM,7/25/2026 11:59:00 PM,MIN_OPERATING_MW,3,
7/25/2026 4:30:00 AM,RTD,CMIN,11MALADU_G01,G,7/25/2026 12:01:00 AM,7/26/2026,MAX_OPERATING_MW,9.50,
7/25/2026 4:30:00 AM,RTD,CMIN,11MALADU_G01,G,7/25/2026 12:01:00 AM,7/26/2026,MIN_OPERATING_MW,9.50,
7/25/2026 4:35:00 AM,RTD,CLUZ,01MSINLO_G04,G,7/25/2026 12:01:00 AM,7/26/2026,MAX_OPERATING_MW,319,
7/25/2026 4:35:00 AM,RTD,CLUZ,01MSINLO_G04,G,7/25/2026 12:01:00 AM,7/26/2026,MIN_OPERATING_MW,319,
7/25/2026 4:35:00 AM,RTD,CLUZ,01TERRASOL_G01,G,7/25/2026 2:21:00 AM,7/25/2026 5:50:00 AM,MAX_OPERATING_MW,0,
7/25/2026 4:35:00 AM,RTD,CLUZ,01TERRASOL_G01,G,7/25/2026 2:21:00 AM,7/25/2026 5:50:00 AM,MIN_OPERATING_MW,0,
7/25/2026 4:35:00 AM,RTD,CVIS,05EAUC_BAT,G,7/25/2026 4:36:00 AM,7/25/2026 8:05:00 AM,MAX_OPERATING_MW,13,
7/25/2026 4:35:00 AM,RTD,CVIS,05EAUC_BAT,G,7/25/2026 4:36:00 AM,7/25/2026 8:05:00 AM,MIN_OPERATING_MW,13,
7/25/2026 4:35:00 AM,RTD,CMIN,10LIAN_G02,G,7/25/2026 12:05:00 AM,7/25/2026 11:59:00 PM,MAX_OPERATING_MW,6,
7/25/2026 4:35:00 AM,RTD,CMIN,10LIAN_G02,G,7/25/2026 12:05:00 AM,7/25/2026 11:59:00 PM,MIN_OPERATING_MW,3,
7/25/2026 4:35:00 AM,RTD,CMIN,11MALADU_G01,G,7/25/2026 12:01:00 AM,7/26/2026,MAX_OPERATING_MW,9.50,
7/25/2026 4:35:00 AM,RTD,CMIN,11MALADU_G01,G,7/25/2026 12:01:00 AM,7/26/2026,MIN_OPERATING_MW,9.50,
7/25/2026 4:40:00 AM,RTD,CLUZ,01MSINLO_G04,G,7/25/2026 12:01:00 AM,7/26/2026,MAX_OPERATING_MW,319,
7/25/2026 4:40:00 AM,RTD,CLUZ,01MSINLO_G04,G,7/25/2026 12:01:00 AM,7/26/2026,MIN_OPERATING_MW,319,
7/25/2026 4:40:00 AM,RTD,CLUZ,01TERRASOL_G01,G,7/25/2026 2:21:00 AM,7/25/2026 5:50:00 AM,MAX_OPERATING_MW,0,
7/25/2026 4:40:00 AM,RTD,CLUZ,01TERRASOL_G01,G,7/25/2026 2:21:00 AM,7/25/2026 5:50:00 AM,MIN_OPERATING_MW,0,
7/25/2026 4:40:00 AM,RTD,CVIS,05EAUC_BAT,G,7/25/2026 4:36:00 AM,7/25/2026 8:05:00 AM,MAX_OPERATING_MW,13,
7/25/2026 4:40:00 AM,RTD,CVIS,05EAUC_BAT,G,7/25/2026 4:36:00 AM,7/25/2026 8:05:00 AM,MIN_OPERATING_MW,13,
7/25/2026 4:40:00 AM,RTD,CMIN,10LIAN_G02,G,7/25/2026 12:05:00 AM,7/25/2026 11:59:00 PM,MAX_OPERATING_MW,6,
7/25/2026 4:40:00 AM,RTD,CMIN,10LIAN_G02,G,7/25/2026 12:05:00 AM,7/25/2026 11:59:00 PM,MIN_OPERATING_MW,3,
7/25/2026 4:40:00 AM,RTD,CMIN,11MALADU_G01,G,7/25/2026 12:01:00 AM,7/26/2026,MAX_OPERATING_MW,9.50,
7/25/2026 4:40:00 AM,RTD,CMIN,11MALADU_G01,G,7/25/2026 12:01:00 AM,7/26/2026,MIN_OPERATING_MW,9.50,
7/25/2026 4:45:00 AM,RTD,CLUZ,01MSINLO_G04,G,7/25/2026 12:01:00 AM,7/26/2026,MAX_OPERATING_MW,319,
7/25/2026 4:45:00 AM,RTD,CLUZ,01MSINLO_G04,G,7/25/2026 12:01:00 AM,7/26/2026,MIN_OPERATING_MW,319,
7/25/2026 4:45:00 AM,RTD,CLUZ,01TERRASOL_G01,G,7/25/2026 2:21:00 AM,7/25/2026 5:50:00 AM,MAX_OPERATING_MW,0,
7/25/2026 4:45:00 AM,RTD,CLUZ,01TERRASOL_G01,G,7/25/2026 2:21:00 AM,7/25/2026 5:50:00 AM,MIN_OPERATING_MW,0,
7/25/2026 4:45:00 AM,RTD,CVIS,05EAUC_BAT,G,7/25/2026 4:36:00 AM,7/25/2026 8:05:00 AM,MAX_OPERATING_MW,13,
7/25/2026 4:45:00 AM,RTD,CVIS,05EAUC_BAT,G,7/25/2026 4:36:00 AM,7/25/2026 8:05:00 AM,MIN_OPERATING_MW,13,
7/25/2026 4:45:00 AM,RTD,CMIN,10LIAN_G02,G,7/25/2026 12:05:00 AM,7/25/2026 11:59:00 PM,MAX_OPERATING_MW,6,
7/25/2026 4:45:00 AM,RTD,CMIN,10LIAN_G02,G,7/25/2026 12:05:00 AM,7/25/2026 11:59:00 PM,MIN_OPERATING_MW,3,
7/25/2026 4:45:00 AM,RTD,CMIN,11MALADU_G01,G,7/25/2026 12:01:00 AM,7/26/2026,MAX_OPERATING_MW,9.50,
7/25/2026 4:45:00 AM,RTD,CMIN,11MALADU_G01,G,7/25/2026 12:01:00 AM,7/26/2026,MIN_OPERATING_MW,9.50,
7/25/2026 4:50:00 AM,RTD,CLUZ,01MSINLO_G04,G,7/25/2026 12:01:00 AM,7/26/2026,MAX_OPERATING_MW,319,
7/25/2026 4:50:00 AM,RTD,CLUZ,01MSINLO_G04,G,7/25/2026 12:01:00 AM,7/26/2026,MIN_OPERATING_MW,319,
7/25/2026 4:50:00 AM,RTD,CLUZ,01TERRASOL_G01,G,7/25/2026 2:21:00 AM,7/25/2026 5:50:00 AM,MAX_OPERATING_MW,0,
7/25/2026 4:50:00 AM,RTD,CLUZ,01TERRASOL_G01,G,7/25/2026 2:21:00 AM,7/25/2026 5:50:00 AM,MIN_OPERATING_MW,0,
7/25/2026 4:50:00 AM,RTD,CVIS,05EAUC_BAT,G,7/25/2026 4:36:00 AM,7/25/2026 8:05:00 AM,MAX_OPERATING_MW,13,
7/25/2026 4:50:00 AM,RTD,CVIS,05EAUC_BAT,G,7/25/2026 4:36:00 AM,7/25/2026 8:05:00 AM,MIN_OPERATING_MW,13,
7/25/2026 4:50:00 AM,RTD,CMIN,10LIAN_G02,G,7/25/2026 12:05:00 AM,7/25/2026 11:59:00 PM,MAX_OPERATING_MW,6,
7/25/2026 4:50:00 AM,RTD,CMIN,10LIAN_G02,G,7/25/2026 12:05:00 AM,7/25/2026 11:59:00 PM,MIN_OPERATING_MW,3,
7/25/2026 4:50:00 AM,RTD,CMIN,11MALADU_G01,G,7/25/2026 12:01:00 AM,7/26/2026,MAX_OPERATING_MW,9.50,
7/25/2026 4:50:00 AM,RTD,CMIN,11MALADU_G01,G,7/25/2026 12:01:00 AM,7/26/2026,MIN_OPERATING_MW,9.50,
7/25/2026 4:55:00 AM,RTD,CLUZ,01MSINLO_G04,G,7/25/2026 12:01:00 AM,7/26/2026,MAX_OPERATING_MW,319,
7/25/2026 4:55:00 AM,RTD,CLUZ,01MSINLO_G04,G,7/25/2026 12:01:00 AM,7/26/2026,MIN_OPERATING_MW,319,
7/25/2026 4:55:00 AM,RTD,CLUZ,01TERRASOL_G01,G,7/25/2026 2:21:00 AM,7/25/2026 5:50:00 AM,MAX_OPERATING_MW,0,
7/25/2026 4:55:00 AM,RTD,CLUZ,01TERRASOL_G01,G,7/25/2026 2:21:00 AM,7/25/2026 5:50:00 AM,MIN_OPERATING_MW,0,
7/25/2026 4:55:00 AM,RTD,CVIS,05EAUC_BAT,G,7/25/2026 4:36:00 AM,7/25/2026 8:05:00 AM,MAX_OPERATING_MW,13,
7/25/2026 4:55:00 AM,RTD,CVIS,05EAUC_BAT,G,7/25/2026 4:36:00 AM,7/25/2026 8:05:00 AM,MIN_OPERATING_MW,13,
7/25/2026 4:55:00 AM,RTD,CMIN,10LIAN_G02,G,7/25/2026 12:05:00 AM,7/25/2026 11:59:00 PM,MAX_OPERATING_MW,6,
7/25/2026 4:55:00 AM,RTD,CMIN,10LIAN_G02,G,7/25/2026 12:05:00 AM,7/25/2026 11:59:00 PM,MIN_OPERATING_MW,3,
7/25/2026 4:55:00 AM,RTD,CMIN,11MALADU_G01,G,7/25/2026 12:01:00 AM,7/26/2026,MAX_OPERATING_MW,9.50,
7/25/2026 4:55:00 AM,RTD,CMIN,11MALADU_G01,G,7/25/2026 12:01:00 AM,7/26/2026,MIN_OPERATING_MW,9.50,
7/25/2026 5:00:00 AM,RTD,CLUZ,01MSINLO_G04,G,7/25/2026 12:01:00 AM,7/26/2026,MAX_OPERATING_MW,319,
7/25/2026 5:00:00 AM,RTD,CLUZ,01MSINLO_G04,G,7/25/2026 12:01:00 AM,7/26/2026,MIN_OPERATING_MW,319,
7/25/2026 5:00:00 AM,RTD,CLUZ,01PASBUSOL_G01,G,7/25/2026 5:01:00 AM,7/25/2026 6:00:00 AM,MAX_OPERATING_MW,0.10,
7/25/2026 5:00:00 AM,RTD,CLUZ,01PASBUSOL_G01,G,7/25/2026 5:01:00 AM,7/25/2026 6:00:00 AM,MIN_OPERATING_MW,0.10,
7/25/2026 5:00:00 AM,RTD,CLUZ,01TERRASOL_G01,G,7/25/2026 2:21:00 AM,7/25/2026 5:50:00 AM,MAX_OPERATING_MW,0,
7/25/2026 5:00:00 AM,RTD,CLUZ,01TERRASOL_G01,G,7/25/2026 2:21:00 AM,7/25/2026 5:50:00 AM,MIN_OPERATING_MW,0,
7/25/2026 5:00:00 AM,RTD,CVIS,05EAUC_BAT,G,7/25/2026 4:36:00 AM,7/25/2026 8:05:00 AM,MAX_OPERATING_MW,13,
7/25/2026 5:00:00 AM,RTD,CVIS,05EAUC_BAT,G,7/25/2026 4:36:00 AM,7/25/2026 8:05:00 AM,MIN_OPERATING_MW,13,
7/25/2026 5:00:00 AM,RTD,CMIN,10LIAN_G02,G,7/25/2026 12:05:00 AM,7/25/2026 11:59:00 PM,MAX_OPERATING_MW,6,
7/25/2026 5:00:00 AM,RTD,CMIN,10LIAN_G02,G,7/25/2026 12:05:00 AM,7/25/2026 11:59:00 PM,MIN_OPERATING_MW,3,
7/25/2026 5:00:00 AM,RTD,CMIN,11MALADU_G01,G,7/25/2026 12:01:00 AM,7/26/2026,MAX_OPERATING_MW,9.50,
7/25/2026 5:00:00 AM,RTD,CMIN,11MALADU_G01,G,7/25/2026 12:01:00 AM,7/26/2026,MIN_OPERATING_MW,9.50,
7/25/2026 5:05:00 AM,RTD,CLUZ,01MSINLO_G04,G,7/25/2026 12:01:00 AM,7/26/2026,MAX_OPERATING_MW,319,
7/25/2026 5:05:00 AM,RTD,CLUZ,01MSINLO_G04,G,7/25/2026 12:01:00 AM,7/26/2026,MIN_OPERATING_MW,319,
7/25/2026 5:05:00 AM,RTD,CLUZ,01PASBUSOL_G01,G,7/25/2026 5:01:00 AM,7/25/2026 6:00:00 AM,MAX_OPERATING_MW,0.10,
7/25/2026 5:05:00 AM,RTD,CLUZ,01PASBUSOL_G01,G,7/25/2026 5:01:00 AM,7/25/2026 6:00:00 AM,MIN_OPERATING_MW,0.10,
7/25/2026 5:05:00 AM,RTD,CLUZ,01TERRASOL_G01,G,7/25/2026 2:21:00 AM,7/25/2026 5:50:00 AM,MAX_OPERATING_MW,0,
7/25/2026 5:05:00 AM,RTD,CLUZ,01TERRASOL_G01,G,7/25/2026 2:21:00 AM,7/25/2026 5:50:00 AM,MIN_OPERATING_MW,0,
7/25/2026 5:05:00 AM,RTD,CVIS,05EAUC_BAT,G,7/25/2026 4:36:00 AM,7/25/2026 8:05:00 AM,MAX_OPERATING_MW,13,
7/25/2026 5:05:00 AM,RTD,CVIS,05EAUC_BAT,G,7/25/2026 4:36:00 AM,7/25/2026 8:05:00 AM,MIN_OPERATING_MW,13,
7/25/2026 5:05:00 AM,RTD,CMIN,10LIAN_G02,G,7/25/2026 12:05:00 AM,7/25/2026 11:59:00 PM,MAX_OPERATING_MW,6,
7/25/2026 5:05:00 AM,RTD,CMIN,10LIAN_G02,G,7/25/2026 12:05:00 AM,7/25/2026 11:59:00 PM,MIN_OPERATING_MW,3,
7/25/2026 5:05:00 AM,RTD,CMIN,11MALADU_G01,G,7/25/2026 12:01:00 AM,7/26/2026,MAX_OPERATING_MW,9.50,
7/25/2026 5:05:00 AM,RTD,CMIN,11MALADU_G01,G,7/25/2026 12:01:00 AM,7/26/2026,MIN_OPERATING_MW,9.50,
7/25/2026 5:10:00 AM,RTD,CLUZ,01MSINLO_G04,G,7/25/2026 12:01:00 AM,7/26/2026,MAX_OPERATING_MW,319,
7/25/2026 5:10:00 AM,RTD,CLUZ,01MSINLO_G04,G,7/25/2026 12:01:00 AM,7/26/2026,MIN_OPERATING_MW,319,
7/25/2026 5:10:00 AM,RTD,CLUZ,01PASBUSOL_G01,G,7/25/2026 5:01:00 AM,7/25/2026 6:00:00 AM,MAX_OPERATING_MW,0.10,
7/25/2026 5:10:00 AM,RTD,CLUZ,01PASBUSOL_G01,G,7/25/2026 5:01:00 AM,7/25/2026 6:00:00 AM,MIN_OPERATING_MW,0.10,
7/25/2026 5:10:00 AM,RTD,CLUZ,01TERRASOL_G01,G,7/25/2026 2:21:00 AM,7/25/2026 5:50:00 AM,MAX_OPERATING_MW,0,
7/25/2026 5:10:00 AM,RTD,CLUZ,01TERRASOL_G01,G,7/25/2026 2:21:00 AM,7/25/2026 5:50:00 AM,MIN_OPERATING_MW,0,
7/25/2026 5:10:00 AM,RTD,CVIS,05EAUC_BAT,G,7/25/2026 4:36:00 AM,7/25/2026 8:05:00 AM,MAX_OPERATING_MW,13,
7/25/2026 5:10:00 AM,RTD,CVIS,05EAUC_BAT,G,7/25/2026 4:36:00 AM,7/25/2026 8:05:00 AM,MIN_OPERATING_MW,13,
7/25/2026 5:10:00 AM,RTD,CMIN,10LIAN_G02,G,7/25/2026 12:05:00 AM,7/25/2026 11:59:00 PM,MAX_OPERATING_MW,6,
7/25/2026 5:10:00 AM,RTD,CMIN,10LIAN_G02,G,7/25/2026 12:05:00 AM,7/25/2026 11:59:00 PM,MIN_OPERATING_MW,3,
7/25/2026 5:10:00 AM,RTD,CMIN,11MALADU_G01,G,7/25/2026 12:01:00 AM,7/26/2026,MAX_OPERATING_MW,9.50,
7/25/2026 5:10:00 AM,RTD,CMIN,11MALADU_G01,G,7/25/2026 12:01:00 AM,7/26/2026,MIN_OPERATING_MW,9.50,
7/25/2026 5:15:00 AM,RTD,CLUZ,01MSINLO_G04,G,7/25/2026 12:01:00 AM,7/26/2026,MAX_OPERATING_MW,319,
7/25/2026 5:15:00 AM,RTD,CLUZ,01MSINLO_G04,G,7/25/2026 12:01:00 AM,7/26/2026,MIN_OPERATING_MW,319,
7/25/2026 5:15:00 AM,RTD,CLUZ,01PASBUSOL_G01,G,7/25/2026 5:01:00 AM,7/25/2026 6:00:00 AM,MAX_OPERATING_MW,0.10,
7/25/2026 5:15:00 AM,RTD,CLUZ,01PASBUSOL_G01,G,7/25/2026 5:01:00 AM,7/25/2026 6:00:00 AM,MIN_OPERATING_MW,0.10,
7/25/2026 5:15:00 AM,RTD,CLUZ,01TERRASOL_G01,G,7/25/2026 2:21:00 AM,7/25/2026 5:50:00 AM,MAX_OPERATING_MW,0,
7/25/2026 5:15:00 AM,RTD,CLUZ,01TERRASOL_G01,G,7/25/2026 2:21:00 AM,7/25/2026 5:50:00 AM,MIN_OPERATING_MW,0,
7/25/2026 5:15:00 AM,RTD,CVIS,05EAUC_BAT,G,7/25/2026 4:36:00 AM,7/25/2026 8:05:00 AM,MAX_OPERATING_MW,13,
7/25/2026 5:15:00 AM,RTD,CVIS,05EAUC_BAT,G,7/25/2026 4:36:00 AM,7/25/2026 8:05:00 AM,MIN_OPERATING_MW,13,
7/25/2026 5:15:00 AM,RTD,CMIN,10LIAN_G02,G,7/25/2026 12:05:00 AM,7/25/2026 11:59:00 PM,MAX_OPERATING_MW,6,
7/25/2026 5:15:00 AM,RTD,CMIN,10LIAN_G02,G,7/25/2026 12:05:00 AM,7/25/2026 11:59:00 PM,MIN_OPERATING_MW,3,
7/25/2026 5:15:00 AM,RTD,CMIN,11MALADU_G01,G,7/25/2026 12:01:00 AM,7/26/2026,MAX_OPERATING_MW,9.50,
7/25/2026 5:15:00 AM,RTD,CMIN,11MALADU_G01,G,7/25/2026 12:01:00 AM,7/26/2026,MIN_OPERATING_MW,9.50,
7/25/2026 5:20:00 AM,RTD,CLUZ,01MSINLO_G04,G,7/25/2026 12:01:00 AM,7/26/2026,MAX_OPERATING_MW,319,
7/25/2026 5:20:00 AM,RTD,CLUZ,01MSINLO_G04,G,7/25/2026 12:01:00 AM,7/26/2026,MIN_OPERATING_MW,319,
7/25/2026 5:20:00 AM,RTD,CLUZ,01PASBUSOL_G01,G,7/25/2026 5:01:00 AM,7/25/2026 6:00:00 AM,MAX_OPERATING_MW,0.10,
7/25/2026 5:20:00 AM,RTD,CLUZ,01PASBUSOL_G01,G,7/25/2026 5:01:00 AM,7/25/2026 6:00:00 AM,MIN_OPERATING_MW,0.10,
7/25/2026 5:20:00 AM,RTD,CLUZ,01TERRASOL_G01,G,7/25/2026 2:21:00 AM,7/25/2026 5:50:00 AM,MAX_OPERATING_MW,0,
7/25/2026 5:20:00 AM,RTD,CLUZ,01TERRASOL_G01,G,7/25/2026 2:21:00 AM,7/25/2026 5:50:00 AM,MIN_OPERATING_MW,0,
7/25/2026 5:20:00 AM,RTD,CVIS,05EAUC_BAT,G,7/25/2026 4:36:00 AM,7/25/2026 8:05:00 AM,MAX_OPERATING_MW,13,
7/25/2026 5:20:00 AM,RTD,CVIS,05EAUC_BAT,G,7/25/2026 4:36:00 AM,7/25/2026 8:05:00 AM,MIN_OPERATING_MW,13,
7/25/2026 5:20:00 AM,RTD,CMIN,10LIAN_G02,G,7/25/2026 12:05:00 AM,7/25/2026 11:59:00 PM,MAX_OPERATING_MW,6,
7/25/2026 5:20:00 AM,RTD,CMIN,10LIAN_G02,G,7/25/2026 12:05:00 AM,7/25/2026 11:59:00 PM,MIN_OPERATING_MW,3,
7/25/2026 5:20:00 AM,RTD,CMIN,11MALADU_G01,G,7/25/2026 12:01:00 AM,7/26/2026,MAX_OPERATING_MW,9.50,
7/25/2026 5:20:00 AM,RTD,CMIN,11MALADU_G01,G,7/25/2026 12:01:00 AM,7/26/2026,MIN_OPERATING_MW,9.50,
7/25/2026 5:25:00 AM,RTD,CLUZ,01BUGSOL_G01,G,7/25/2026 5:26:00 AM,7/25/2026 5:30:00 AM,MAX_OPERATING_MW,0.12,
7/25/2026 5:25:00 AM,RTD,CLUZ,01BUGSOL_G01,G,7/25/2026 5:26:00 AM,7/25/2026 5:30:00 AM,MIN_OPERATING_MW,0.12,
7/25/2026 5:25:00 AM,RTD,CLUZ,01MSINLO_G04,G,7/25/2026 12:01:00 AM,7/26/2026,MAX_OPERATING_MW,319,
7/25/2026 5:25:00 AM,RTD,CLUZ,01MSINLO_G04,G,7/25/2026 12:01:00 AM,7/26/2026,MIN_OPERATING_MW,319,
7/25/2026 5:25:00 AM,RTD,CLUZ,01PASBUSOL_G01,G,7/25/2026 5:01:00 AM,7/25/2026 6:00:00 AM,MAX_OPERATING_MW,0.10,
7/25/2026 5:25:00 AM,RTD,CLUZ,01PASBUSOL_G01,G,7/25/2026 5:01:00 AM,7/25/2026 6:00:00 AM,MIN_OPERATING_MW,0.10,
7/25/2026 5:25:00 AM,RTD,CLUZ,01TERRASOL_G01,G,7/25/2026 2:21:00 AM,7/25/2026 5:50:00 AM,MAX_OPERATING_MW,0,
7/25/2026 5:25:00 AM,RTD,CLUZ,01TERRASOL_G01,G,7/25/2026 2:21:00 AM,7/25/2026 5:50:00 AM,MIN_OPERATING_MW,0,
7/25/2026 5:25:00 AM,RTD,CVIS,05EAUC_BAT,G,7/25/2026 4:36:00 AM,7/25/2026 8:05:00 AM,MAX_OPERATING_MW,13,
7/25/2026 5:25:00 AM,RTD,CVIS,05EAUC_BAT,G,7/25/2026 4:36:00 AM,7/25/2026 8:05:00 AM,MIN_OPERATING_MW,13,
7/25/2026 5:25:00 AM,RTD,CMIN,10LIAN_G02,G,7/25/2026 12:05:00 AM,7/25/2026 11:59:00 PM,MAX_OPERATING_MW,6,
7/25/2026 5:25:00 AM,RTD,CMIN,10LIAN_G02,G,7/25/2026 12:05:00 AM,7/25/2026 11:59:00 PM,MIN_OPERATING_MW,3,
7/25/2026 5:25:00 AM,RTD,CMIN,11MALADU_G01,G,7/25/2026 12:01:00 AM,7/26/2026,MAX_OPERATING_MW,9.50,
7/25/2026 5:25:00 AM,RTD,CMIN,11MALADU_G01,G,7/25/2026 12:01:00 AM,7/26/2026,MIN_OPERATING_MW,9.50,
7/25/2026 5:30:00 AM,RTD,CLUZ,01BUGSOL_G01,G,7/25/2026 5:26:00 AM,7/25/2026 5:30:00 AM,MAX_OPERATING_MW,0.12,
7/25/2026 5:30:00 AM,RTD,CLUZ,01BUGSOL_G01,G,7/25/2026 5:26:00 AM,7/25/2026 5:30:00 AM,MIN_OPERATING_MW,0.12,
7/25/2026 5:30:00 AM,RTD,CLUZ,01BUGSOL_G01,G,7/25/2026 5:31:00 AM,7/25/2026 5:35:00 AM,MAX_OPERATING_MW,0.28,
7/25/2026 5:30:00 AM,RTD,CLUZ,01BUGSOL_G01,G,7/25/2026 5:31:00 AM,7/25/2026 5:35:00 AM,MIN_OPERATING_MW,0.28,
7/25/2026 5:30:00 AM,RTD,CLUZ,01MSINLO_G04,G,7/25/2026 12:01:00 AM,7/26/2026,MAX_OPERATING_MW,319,
7/25/2026 5:30:00 AM,RTD,CLUZ,01MSINLO_G04,G,7/25/2026 12:01:00 AM,7/26/2026,MIN_OPERATING_MW,319,
7/25/2026 5:30:00 AM,RTD,CLUZ,01PASBUSOL_G01,G,7/25/2026 5:01:00 AM,7/25/2026 6:00:00 AM,MAX_OPERATING_MW,0.10,
7/25/2026 5:30:00 AM,RTD,CLUZ,01PASBUSOL_G01,G,7/25/2026 5:01:00 AM,7/25/2026 6:00:00 AM,MIN_OPERATING_MW,0.10,
7/25/2026 5:30:00 AM,RTD,CLUZ,01TERRASOL_G01,G,7/25/2026 2:21:00 AM,7/25/2026 5:50:00 AM,MAX_OPERATING_MW,0,
7/25/2026 5:30:00 AM,RTD,CLUZ,01TERRASOL_G01,G,7/25/2026 2:21:00 AM,7/25/2026 5:50:00 AM,MIN_OPERATING_MW,0,
7/25/2026 5:30:00 AM,RTD,CLUZ,03LUNSOL_G01,G,7/25/2026 5:31:00 AM,7/25/2026 5:35:00 AM,MAX_OPERATING_MW,0.05,
7/25/2026 5:30:00 AM,RTD,CLUZ,03LUNSOL_G01,G,7/25/2026 5:31:00 AM,7/25/2026 5:35:00 AM,MIN_OPERATING_MW,0.05,
7/25/2026 5:30:00 AM,RTD,CVIS,05EAUC_BAT,G,7/25/2026 4:36:00 AM,7/25/2026 8:05:00 AM,MAX_OPERATING_MW,13,
7/25/2026 5:30:00 AM,RTD,CVIS,05EAUC_BAT,G,7/25/2026 4:36:00 AM,7/25/2026 8:05:00 AM,MIN_OPERATING_MW,13,
7/25/2026 5:30:00 AM,RTD,CMIN,10LIAN_G02,G,7/25/2026 12:05:00 AM,7/25/2026 11:59:00 PM,MAX_OPERATING_MW,6,
7/25/2026 5:30:00 AM,RTD,CMIN,10LIAN_G02,G,7/25/2026 12:05:00 AM,7/25/2026 11:59:00 PM,MIN_OPERATING_MW,3,
7/25/2026 5:30:00 AM,RTD,CMIN,11MALADU_G01,G,7/25/2026 12:01:00 AM,7/26/2026,MAX_OPERATING_MW,9.50,
7/25/2026 5:30:00 AM,RTD,CMIN,11MALADU_G01,G,7/25/2026 12:01:00 AM,7/26/2026,MIN_OPERATING_MW,9.50,
7/25/2026 5:35:00 AM,RTD,CLUZ,01BUGSOL_G01,G,7/25/2026 5:31:00 AM,7/25/2026 5:35:00 AM,MAX_OPERATING_MW,0.28,
7/25/2026 5:35:00 AM,RTD,CLUZ,01BUGSOL_G01,G,7/25/2026 5:31:00 AM,7/25/2026 5:35:00 AM,MIN_OPERATING_MW,0.28,
7/25/2026 5:35:00 AM,RTD,CLUZ,01BUGSOL_G01,G,7/25/2026 5:36:00 AM,7/25/2026 5:40:00 AM,MAX_OPERATING_MW,0.51,
7/25/2026 5:35:00 AM,RTD,CLUZ,01BUGSOL_G01,G,7/25/2026 5:36:00 AM,7/25/2026 5:40:00 AM,MIN_OPERATING_MW,0.51,
7/25/2026 5:35:00 AM,RTD,CLUZ,01MSINLO_G04,G,7/25/2026 12:01:00 AM,7/26/2026,MAX_OPERATING_MW,319,
7/25/2026 5:35:00 AM,RTD,CLUZ,01MSINLO_G04,G,7/25/2026 12:01:00 AM,7/26/2026,MIN_OPERATING_MW,319,
7/25/2026 5:35:00 AM,RTD,CLUZ,01PASBUSOL_G01,G,7/25/2026 5:01:00 AM,7/25/2026 6:00:00 AM,MAX_OPERATING_MW,0.10,
7/25/2026 5:35:00 AM,RTD,CLUZ,01PASBUSOL_G01,G,7/25/2026 5:01:00 AM,7/25/2026 6:00:00 AM,MIN_OPERATING_MW,0.10,
7/25/2026 5:35:00 AM,RTD,CLUZ,01TERRASOL_G01,G,7/25/2026 2:21:00 AM,7/25/2026 5:50:00 AM,MAX_OPERATING_MW,0,
7/25/2026 5:35:00 AM,RTD,CLUZ,01TERRASOL_G01,G,7/25/2026 2:21:00 AM,7/25/2026 5:50:00 AM,MIN_OPERATING_MW,0,
7/25/2026 5:35:00 AM,RTD,CLUZ,03LUNSOL_G01,G,7/25/2026 5:31:00 AM,7/25/2026 5:35:00 AM,MAX_OPERATING_MW,0.05,
7/25/2026 5:35:00 AM,RTD,CLUZ,03LUNSOL_G01,G,7/25/2026 5:31:00 AM,7/25/2026 5:35:00 AM,MIN_OPERATING_MW,0.05,
7/25/2026 5:35:00 AM,RTD,CLUZ,03LUNSOL_G01,G,7/25/2026 5:36:00 AM,7/25/2026 5:40:00 AM,MAX_OPERATING_MW,0.16,
7/25/2026 5:35:00 AM,RTD,CLUZ,03LUNSOL_G01,G,7/25/2026 5:36:00 AM,7/25/2026 5:40:00 AM,MIN_OPERATING_MW,0.16,
7/25/2026 5:35:00 AM,RTD,CVIS,05EAUC_BAT,G,7/25/2026 4:36:00 AM,7/25/2026 8:05:00 AM,MAX_OPERATING_MW,13,
7/25/2026 5:35:00 AM,RTD,CVIS,05EAUC_BAT,G,7/25/2026 4:36:00 AM,7/25/2026 8:05:00 AM,MIN_OPERATING_MW,13,
7/25/2026 5:35:00 AM,RTD,CMIN,10LIAN_G02,G,7/25/2026 12:05:00 AM,7/25/2026 11:59:00 PM,MAX_OPERATING_MW,6,
7/25/2026 5:35:00 AM,RTD,CMIN,10LIAN_G02,G,7/25/2026 12:05:00 AM,7/25/2026 11:59:00 PM,MIN_OPERATING_MW,3,
7/25/2026 5:35:00 AM,RTD,CMIN,11MALADU_G01,G,7/25/2026 12:01:00 AM,7/26/2026,MAX_OPERATING_MW,9.50,
7/25/2026 5:35:00 AM,RTD,CMIN,11MALADU_G01,G,7/25/2026 12:01:00 AM,7/26/2026,MIN_OPERATING_MW,9.50,
7/25/2026 5:40:00 AM,RTD,CLUZ,01BUGSOL_G01,G,7/25/2026 5:36:00 AM,7/25/2026 5:40:00 AM,MAX_OPERATING_MW,0.51,
7/25/2026 5:40:00 AM,RTD,CLUZ,01BUGSOL_G01,G,7/25/2026 5:36:00 AM,7/25/2026 5:40:00 AM,MIN_OPERATING_MW,0.51,
7/25/2026 5:40:00 AM,RTD,CLUZ,01BUGSOL_G01,G,7/25/2026 5:41:00 AM,7/25/2026 5:45:00 AM,MAX_OPERATING_MW,0.78,
7/25/2026 5:40:00 AM,RTD,CLUZ,01BUGSOL_G01,G,7/25/2026 5:41:00 AM,7/25/2026 5:45:00 AM,MIN_OPERATING_MW,0.78,
7/25/2026 5:40:00 AM,RTD,CLUZ,01MSINLO_G04,G,7/25/2026 12:01:00 AM,7/26/2026,MAX_OPERATING_MW,319,
7/25/2026 5:40:00 AM,RTD,CLUZ,01MSINLO_G04,G,7/25/2026 12:01:00 AM,7/26/2026,MIN_OPERATING_MW,319,
7/25/2026 5:40:00 AM,RTD,CLUZ,01PASBUSOL_G01,G,7/25/2026 5:01:00 AM,7/25/2026 6:00:00 AM,MAX_OPERATING_MW,0.10,
7/25/2026 5:40:00 AM,RTD,CLUZ,01PASBUSOL_G01,G,7/25/2026 5:01:00 AM,7/25/2026 6:00:00 AM,MIN_OPERATING_MW,0.10,
7/25/2026 5:40:00 AM,RTD,CLUZ,01TERRASOL_G01,G,7/25/2026 2:21:00 AM,7/25/2026 5:50:00 AM,MAX_OPERATING_MW,0,
7/25/2026 5:40:00 AM,RTD,CLUZ,01TERRASOL_G01,G,7/25/2026 2:21:00 AM,7/25/2026 5:50:00 AM,MIN_OPERATING_MW,0,
7/25/2026 5:40:00 AM,RTD,CLUZ,03LUNSOL_G01,G,7/25/2026 5:36:00 AM,7/25/2026 5:40:00 AM,MAX_OPERATING_MW,0.16,
7/25/2026 5:40:00 AM,RTD,CLUZ,03LUNSOL_G01,G,7/25/2026 5:36:00 AM,7/25/2026 5:40:00 AM,MIN_OPERATING_MW,0.16,
7/25/2026 5:40:00 AM,RTD,CLUZ,03LUNSOL_G01,G,7/25/2026 5:41:00 AM,7/25/2026 5:45:00 AM,MAX_OPERATING_MW,0.36,
7/25/2026 5:40:00 AM,RTD,CLUZ,03LUNSOL_G01,G,7/25/2026 5:41:00 AM,7/25/2026 5:45:00 AM,MIN_OPERATING_MW,0.36,
7/25/2026 5:40:00 AM,RTD,CVIS,05EAUC_BAT,G,7/25/2026 4:36:00 AM,7/25/2026 8:05:00 AM,MAX_OPERATING_MW,13,
7/25/2026 5:40:00 AM,RTD,CVIS,05EAUC_BAT,G,7/25/2026 4:36:00 AM,7/25/2026 8:05:00 AM,MIN_OPERATING_MW,13,
7/25/2026 5:40:00 AM,RTD,CMIN,10LIAN_G02,G,7/25/2026 12:05:00 AM,7/25/2026 11:59:00 PM,MAX_OPERATING_MW,6,
7/25/2026 5:40:00 AM,RTD,CMIN,10LIAN_G02,G,7/25/2026 12:05:00 AM,7/25/2026 11:59:00 PM,MIN_OPERATING_MW,3,
7/25/2026 5:40:00 AM,RTD,CMIN,11MALADU_G01,G,7/25/2026 12:01:00 AM,7/26/2026,MAX_OPERATING_MW,9.50,
7/25/2026 5:40:00 AM,RTD,CMIN,11MALADU_G01,G,7/25/2026 12:01:00 AM,7/26/2026,MIN_OPERATING_MW,9.50,
7/25/2026 5:45:00 AM,RTD,CLUZ,01BUGSOL_G01,G,7/25/2026 5:41:00 AM,7/25/2026 5:45:00 AM,MAX_OPERATING_MW,0.78,
7/25/2026 5:45:00 AM,RTD,CLUZ,01BUGSOL_G01,G,7/25/2026 5:41:00 AM,7/25/2026 5:45:00 AM,MIN_OPERATING_MW,0.78,
7/25/2026 5:45:00 AM,RTD,CLUZ,01BUGSOL_G01,G,7/25/2026 5:46:00 AM,7/25/2026 5:50:00 AM,MAX_OPERATING_MW,1,
7/25/2026 5:45:00 AM,RTD,CLUZ,01BUGSOL_G01,G,7/25/2026 5:46:00 AM,7/25/2026 5:50:00 AM,MIN_OPERATING_MW,1,
7/25/2026 5:45:00 AM,RTD,CLUZ,01MSINLO_G04,G,7/25/2026 12:01:00 AM,7/26/2026,MAX_OPERATING_MW,319,
7/25/2026 5:45:00 AM,RTD,CLUZ,01MSINLO_G04,G,7/25/2026 12:01:00 AM,7/26/2026,MIN_OPERATING_MW,319,
7/25/2026 5:45:00 AM,RTD,CLUZ,01PASBUSOL_G01,G,7/25/2026 5:01:00 AM,7/25/2026 6:00:00 AM,MAX_OPERATING_MW,0.10,
7/25/2026 5:45:00 AM,RTD,CLUZ,01PASBUSOL_G01,G,7/25/2026 5:01:00 AM,7/25/2026 6:00:00 AM,MIN_OPERATING_MW,0.10,
7/25/2026 5:45:00 AM,RTD,CLUZ,01TERRASOL_G01,G,7/25/2026 2:21:00 AM,7/25/2026 5:50:00 AM,MAX_OPERATING_MW,0,
7/25/2026 5:45:00 AM,RTD,CLUZ,01TERRASOL_G01,G,7/25/2026 2:21:00 AM,7/25/2026 5:50:00 AM,MIN_OPERATING_MW,0,
7/25/2026 5:45:00 AM,RTD,CLUZ,03LUNSOL_G01,G,7/25/2026 5:41:00 AM,7/25/2026 5:45:00 AM,MAX_OPERATING_MW,0.36,
7/25/2026 5:45:00 AM,RTD,CLUZ,03LUNSOL_G01,G,7/25/2026 5:41:00 AM,7/25/2026 5:45:00 AM,MIN_OPERATING_MW,0.36,
7/25/2026 5:45:00 AM,RTD,CLUZ,03LUNSOL_G01,G,7/25/2026 5:46:00 AM,7/25/2026 5:50:00 AM,MAX_OPERATING_MW,0.64,
7/25/2026 5:45:00 AM,RTD,CLUZ,03LUNSOL_G01,G,7/25/2026 5:46:00 AM,7/25/2026 5:50:00 AM,MIN_OPERATING_MW,0.64,
7/25/2026 5:45:00 AM,RTD,CVIS,05EAUC_BAT,G,7/25/2026 4:36:00 AM,7/25/2026 8:05:00 AM,MAX_OPERATING_MW,13,
7/25/2026 5:45:00 AM,RTD,CVIS,05EAUC_BAT,G,7/25/2026 4:36:00 AM,7/25/2026 8:05:00 AM,MIN_OPERATING_MW,13,
7/25/2026 5:45:00 AM,RTD,CMIN,10LIAN_G02,G,7/25/2026 12:05:00 AM,7/25/2026 11:59:00 PM,MAX_OPERATING_MW,6,
7/25/2026 5:45:00 AM,RTD,CMIN,10LIAN_G02,G,7/25/2026 12:05:00 AM,7/25/2026 11:59:00 PM,MIN_OPERATING_MW,3,
7/25/2026 5:45:00 AM,RTD,CMIN,11MALADU_G01,G,7/25/2026 12:01:00 AM,7/26/2026,MAX_OPERATING_MW,9.50,
7/25/2026 5:45:00 AM,RTD,CMIN,11MALADU_G01,G,7/25/2026 12:01:00 AM,7/26/2026,MIN_OPERATING_MW,9.50,
7/25/2026 5:50:00 AM,RTD,CLUZ,01BUGSOL_G01,G,7/25/2026 5:46:00 AM,7/25/2026 5:50:00 AM,MAX_OPERATING_MW,1,
7/25/2026 5:50:00 AM,RTD,CLUZ,01BUGSOL_G01,G,7/25/2026 5:46:00 AM,7/25/2026 5:50:00 AM,MIN_OPERATING_MW,1,
7/25/2026 5:50:00 AM,RTD,CLUZ,01BUGSOL_G01,G,7/25/2026 5:51:00 AM,7/25/2026 5:55:00 AM,MAX_OPERATING_MW,1.04,
7/25/2026 5:50:00 AM,RTD,CLUZ,01BUGSOL_G01,G,7/25/2026 5:51:00 AM,7/25/2026 5:55:00 AM,MIN_OPERATING_MW,1.04,
7/25/2026 5:50:00 AM,RTD,CLUZ,01MSINLO_G04,G,7/25/2026 12:01:00 AM,7/26/2026,MAX_OPERATING_MW,319,
7/25/2026 5:50:00 AM,RTD,CLUZ,01MSINLO_G04,G,7/25/2026 12:01:00 AM,7/26/2026,MIN_OPERATING_MW,319,
7/25/2026 5:50:00 AM,RTD,CLUZ,01PASBUSOL_G01,G,7/25/2026 5:01:00 AM,7/25/2026 6:00:00 AM,MAX_OPERATING_MW,0.10,
7/25/2026 5:50:00 AM,RTD,CLUZ,01PASBUSOL_G01,G,7/25/2026 5:01:00 AM,7/25/2026 6:00:00 AM,MIN_OPERATING_MW,0.10,
7/25/2026 5:50:00 AM,RTD,CLUZ,01TERRASOL_G01,G,7/25/2026 2:21:00 AM,7/25/2026 5:50:00 AM,MAX_OPERATING_MW,0,
7/25/2026 5:50:00 AM,RTD,CLUZ,01TERRASOL_G01,G,7/25/2026 2:21:00 AM,7/25/2026 5:50:00 AM,MIN_OPERATING_MW,0,
7/25/2026 5:50:00 AM,RTD,CLUZ,01TERRASOL_G01,G,7/25/2026 5:51:00 AM,7/25/2026 5:55:00 AM,MAX_OPERATING_MW,3,
7/25/2026 5:50:00 AM,RTD,CLUZ,01TERRASOL_G01,G,7/25/2026 5:51:00 AM,7/25/2026 5:55:00 AM,MIN_OPERATING_MW,3,
7/25/2026 5:50:00 AM,RTD,CLUZ,03LUNSOL_G01,G,7/25/2026 5:46:00 AM,7/25/2026 5:50:00 AM,MAX_OPERATING_MW,0.64,
7/25/2026 5:50:00 AM,RTD,CLUZ,03LUNSOL_G01,G,7/25/2026 5:46:00 AM,7/25/2026 5:50:00 AM,MIN_OPERATING_MW,0.64,
7/25/2026 5:50:00 AM,RTD,CLUZ,03LUNSOL_G01,G,7/25/2026 5:51:00 AM,7/25/2026 5:55:00 AM,MAX_OPERATING_MW,1,
7/25/2026 5:50:00 AM,RTD,CLUZ,03LUNSOL_G01,G,7/25/2026 5:51:00 AM,7/25/2026 5:55:00 AM,MIN_OPERATING_MW,1,
7/25/2026 5:50:00 AM,RTD,CVIS,05EAUC_BAT,G,7/25/2026 4:36:00 AM,7/25/2026 8:05:00 AM,MAX_OPERATING_MW,13,
7/25/2026 5:50:00 AM,RTD,CVIS,05EAUC_BAT,G,7/25/2026 4:36:00 AM,7/25/2026 8:05:00 AM,MIN_OPERATING_MW,13,
7/25/2026 5:50:00 AM,RTD,CMIN,10LIAN_G02,G,7/25/2026 12:05:00 AM,7/25/2026 11:59:00 PM,MAX_OPERATING_MW,6,
7/25/2026 5:50:00 AM,RTD,CMIN,10LIAN_G02,G,7/25/2026 12:05:00 AM,7/25/2026 11:59:00 PM,MIN_OPERATING_MW,3,
7/25/2026 5:50:00 AM,RTD,CMIN,11MALADU_G01,G,7/25/2026 12:01:00 AM,7/26/2026,MAX_OPERATING_MW,9.50,
7/25/2026 5:50:00 AM,RTD,CMIN,11MALADU_G01,G,7/25/2026 12:01:00 AM,7/26/2026,MIN_OPERATING_MW,9.50,
7/25/2026 5:55:00 AM,RTD,CLUZ,01BUGSOL_G01,G,7/25/2026 5:51:00 AM,7/25/2026 5:55:00 AM,MAX_OPERATING_MW,1.04,
7/25/2026 5:55:00 AM,RTD,CLUZ,01BUGSOL_G01,G,7/25/2026 5:51:00 AM,7/25/2026 5:55:00 AM,MIN_OPERATING_MW,1.04,
7/25/2026 5:55:00 AM,RTD,CLUZ,01BUGSOL_G01,G,7/25/2026 5:56:00 AM,7/25/2026 6:00:00 AM,MAX_OPERATING_MW,1.27,
7/25/2026 5:55:00 AM,RTD,CLUZ,01BUGSOL_G01,G,7/25/2026 5:56:00 AM,7/25/2026 6:00:00 AM,MIN_OPERATING_MW,1.27,
7/25/2026 5:55:00 AM,RTD,CLUZ,01MSINLO_G04,G,7/25/2026 12:01:00 AM,7/26/2026,MAX_OPERATING_MW,319,
7/25/2026 5:55:00 AM,RTD,CLUZ,01MSINLO_G04,G,7/25/2026 12:01:00 AM,7/26/2026,MIN_OPERATING_MW,319,
7/25/2026 5:55:00 AM,RTD,CLUZ,01PASBUSOL_G01,G,7/25/2026 5:01:00 AM,7/25/2026 6:00:00 AM,MAX_OPERATING_MW,0.10,
7/25/2026 5:55:00 AM,RTD,CLUZ,01PASBUSOL_G01,G,7/25/2026 5:01:00 AM,7/25/2026 6:00:00 AM,MIN_OPERATING_MW,0.10,
7/25/2026 5:55:00 AM,RTD,CLUZ,01TERRASOL_G01,G,7/25/2026 5:51:00 AM,7/25/2026 5:55:00 AM,MAX_OPERATING_MW,3,
7/25/2026 5:55:00 AM,RTD,CLUZ,01TERRASOL_G01,G,7/25/2026 5:51:00 AM,7/25/2026 5:55:00 AM,MIN_OPERATING_MW,3,
7/25/2026 5:55:00 AM,RTD,CLUZ,01TERRASOL_G01,G,7/25/2026 5:56:00 AM,7/25/2026 6:00:00 AM,MAX_OPERATING_MW,8.20,
7/25/2026 5:55:00 AM,RTD,CLUZ,01TERRASOL_G01,G,7/25/2026 5:56:00 AM,7/25/2026 6:00:00 AM,MIN_OPERATING_MW,8.20,
7/25/2026 5:55:00 AM,RTD,CLUZ,03LUNSOL_G01,G,7/25/2026 5:51:00 AM,7/25/2026 5:55:00 AM,MAX_OPERATING_MW,1,
7/25/2026 5:55:00 AM,RTD,CLUZ,03LUNSOL_G01,G,7/25/2026 5:51:00 AM,7/25/2026 5:55:00 AM,MIN_OPERATING_MW,1,
7/25/2026 5:55:00 AM,RTD,CLUZ,03LUNSOL_G01,G,7/25/2026 5:56:00 AM,7/25/2026 6:00:00 AM,MAX_OPERATING_MW,1.42,
7/25/2026 5:55:00 AM,RTD,CLUZ,03LUNSOL_G01,G,7/25/2026 5:56:00 AM,7/25/2026 6:00:00 AM,MIN_OPERATING_MW,1.42,
7/25/2026 5:55:00 AM,RTD,CVIS,05EAUC_BAT,G,7/25/2026 4:36:00 AM,7/25/2026 8:05:00 AM,MAX_OPERATING_MW,13,
7/25/2026 5:55:00 AM,RTD,CVIS,05EAUC_BAT,G,7/25/2026 4:36:00 AM,7/25/2026 8:05:00 AM,MIN_OPERATING_MW,13,
7/25/2026 5:55:00 AM,RTD,CMIN,10LIAN_G02,G,7/25/2026 12:05:00 AM,7/25/2026 11:59:00 PM,MAX_OPERATING_MW,6,
7/25/2026 5:55:00 AM,RTD,CMIN,10LIAN_G02,G,7/25/2026 12:05:00 AM,7/25/2026 11:59:00 PM,MIN_OPERATING_MW,3,
7/25/2026 5:55:00 AM,RTD,CMIN,11MALADU_G01,G,7/25/2026 12:01:00 AM,7/26/2026,MAX_OPERATING_MW,9.50,
7/25/2026 5:55:00 AM,RTD,CMIN,11MALADU_G01,G,7/25/2026 12:01:00 AM,7/26/2026,MIN_OPERATING_MW,9.50,
7/25/2026 6:00:00 AM,RTD,CLUZ,01BARBASOL_G01,G,7/25/2026 6:01:00 AM,7/25/2026 6:05:00 AM,MAX_OPERATING_MW,2.22,
7/25/2026 6:00:00 AM,RTD,CLUZ,01BARBASOL_G01,G,7/25/2026 6:01:00 AM,7/25/2026 6:05:00 AM,MIN_OPERATING_MW,2.22,
7/25/2026 6:00:00 AM,RTD,CLUZ,01BUGSOL_G01,G,7/25/2026 5:56:00 AM,7/25/2026 6:00:00 AM,MAX_OPERATING_MW,1.27,
7/25/2026 6:00:00 AM,RTD,CLUZ,01BUGSOL_G01,G,7/25/2026 5:56:00 AM,7/25/2026 6:00:00 AM,MIN_OPERATING_MW,1.27,
7/25/2026 6:00:00 AM,RTD,CLUZ,01BUGSOL_G01,G,7/25/2026 6:01:00 AM,7/25/2026 6:05:00 AM,MAX_OPERATING_MW,1.65,
7/25/2026 6:00:00 AM,RTD,CLUZ,01BUGSOL_G01,G,7/25/2026 6:01:00 AM,7/25/2026 6:05:00 AM,MIN_OPERATING_MW,1.65,
7/25/2026 6:00:00 AM,RTD,CLUZ,01BULACSOL_G01,G,7/25/2026 6:01:00 AM,7/25/2026 7:00:00 AM,MAX_OPERATING_MW,0.29,
7/25/2026 6:00:00 AM,RTD,CLUZ,01BULACSOL_G01,G,7/25/2026 6:01:00 AM,7/25/2026 7:00:00 AM,MIN_OPERATING_MW,0.29,
7/25/2026 6:00:00 AM,RTD,CLUZ,01MSINLO_G04,G,7/25/2026 12:01:00 AM,7/26/2026,MAX_OPERATING_MW,319,
7/25/2026 6:00:00 AM,RTD,CLUZ,01MSINLO_G04,G,7/25/2026 12:01:00 AM,7/26/2026,MIN_OPERATING_MW,319,
7/25/2026 6:00:00 AM,RTD,CLUZ,01PASBUSOL_G01,G,7/25/2026 5:01:00 AM,7/25/2026 6:00:00 AM,MAX_OPERATING_MW,0.10,
7/25/2026 6:00:00 AM,RTD,CLUZ,01PASBUSOL_G01,G,7/25/2026 5:01:00 AM,7/25/2026 6:00:00 AM,MIN_OPERATING_MW,0.10,
7/25/2026 6:00:00 AM,RTD,CLUZ,01PASBUSOL_G01,G,7/25/2026 6:01:00 AM,7/25/2026 7:00:00 AM,MAX_OPERATING_MW,2.35,
7/25/2026 6:00:00 AM,RTD,CLUZ,01PASBUSOL_G01,G,7/25/2026 6:01:00 AM,7/25/2026 7:00:00 AM,MIN_OPERATING_MW,2.35,
7/25/2026 6:00:00 AM,RTD,CLUZ,01TERRASOL_G01,G,7/25/2026 5:56:00 AM,7/25/2026 6:00:00 AM,MAX_OPERATING_MW,8.20,
7/25/2026 6:00:00 AM,RTD,CLUZ,01TERRASOL_G01,G,7/25/2026 5:56:00 AM,7/25/2026 6:00:00 AM,MIN_OPERATING_MW,8.20,
7/25/2026 6:00:00 AM,RTD,CLUZ,01TERRASOL_G01,G,7/25/2026 6:01:00 AM,7/25/2026 8:25:00 AM,MAX_OPERATING_MW,10,
7/25/2026 6:00:00 AM,RTD,CLUZ,01TERRASOL_G01,G,7/25/2026 6:01:00 AM,7/25/2026 8:25:00 AM,MIN_OPERATING_MW,10,
7/25/2026 6:00:00 AM,RTD,CLUZ,03LUNSOL_G01,G,7/25/2026 5:56:00 AM,7/25/2026 6:00:00 AM,MAX_OPERATING_MW,1.42,
7/25/2026 6:00:00 AM,RTD,CLUZ,03LUNSOL_G01,G,7/25/2026 5:56:00 AM,7/25/2026 6:00:00 AM,MIN_OPERATING_MW,1.42,
7/25/2026 6:00:00 AM,RTD,CLUZ,03LUNSOL_G01,G,7/25/2026 6:01:00 AM,7/25/2026 6:05:00 AM,MAX_OPERATING_MW,1.90,
7/25/2026 6:00:00 AM,RTD,CLUZ,03LUNSOL_G01,G,7/25/2026 6:01:00 AM,7/25/2026 6:05:00 AM,MIN_OPERATING_MW,1.90,
7/25/2026 6:00:00 AM,RTD,CVIS,05EAUC_BAT,G,7/25/2026 4:36:00 AM,7/25/2026 8:05:00 AM,MAX_OPERATING_MW,13,
7/25/2026 6:00:00 AM,RTD,CVIS,05EAUC_BAT,G,7/25/2026 4:36:00 AM,7/25/2026 8:05:00 AM,MIN_OPERATING_MW,13,
7/25/2026 6:00:00 AM,RTD,CVIS,06SLYSOL_G02,G,7/25/2026 6:01:00 AM,7/25/2026 7:00:00 AM,MAX_OPERATING_MW,1.53,
7/25/2026 6:00:00 AM,RTD,CVIS,06SLYSOL_G02,G,7/25/2026 6:01:00 AM,7/25/2026 7:00:00 AM,MIN_OPERATING_MW,1.53,
7/25/2026 6:00:00 AM,RTD,CVIS,06SLYSOL_G03,G,7/25/2026 6:01:00 AM,7/25/2026 7:00:00 AM,MAX_OPERATING_MW,0.37,
7/25/2026 6:00:00 AM,RTD,CVIS,06SLYSOL_G03,G,7/25/2026 6:01:00 AM,7/25/2026 7:00:00 AM,MIN_OPERATING_MW,0.37,
7/25/2026 6:00:00 AM,RTD,CMIN,10LIAN_G02,G,7/25/2026 12:05:00 AM,7/25/2026 11:59:00 PM,MAX_OPERATING_MW,6,
7/25/2026 6:00:00 AM,RTD,CMIN,10LIAN_G02,G,7/25/2026 12:05:00 AM,7/25/2026 11:59:00 PM,MIN_OPERATING_MW,3,
7/25/2026 6:00:00 AM,RTD,CMIN,11MALADU_G01,G,7/25/2026 12:01:00 AM,7/26/2026,MAX_OPERATING_MW,9.50,
7/25/2026 6:00:00 AM,RTD,CMIN,11MALADU_G01,G,7/25/2026 12:01:00 AM,7/26/2026,MIN_OPERATING_MW,9.50,
7/25/2026 6:05:00 AM,RTD,CLUZ,01BARBASOL_G01,G,7/25/2026 6:01:00 AM,7/25/2026 6:05:00 AM,MAX_OPERATING_MW,2.22,
7/25/2026 6:05:00 AM,RTD,CLUZ,01BARBASOL_G01,G,7/25/2026 6:01:00 AM,7/25/2026 6:05:00 AM,MIN_OPERATING_MW,2.22,
7/25/2026 6:05:00 AM,RTD,CLUZ,01BARBASOL_G01,G,7/25/2026 6:06:00 AM,7/25/2026 6:10:00 AM,MAX_OPERATING_MW,2.86,
7/25/2026 6:05:00 AM,RTD,CLUZ,01BARBASOL_G01,G,7/25/2026 6:06:00 AM,7/25/2026 6:10:00 AM,MIN_OPERATING_MW,2.86,
7/25/2026 6:05:00 AM,RTD,CLUZ,01BUGSOL_G01,G,7/25/2026 6:01:00 AM,7/25/2026 6:05:00 AM,MAX_OPERATING_MW,1.65,
7/25/2026 6:05:00 AM,RTD,CLUZ,01BUGSOL_G01,G,7/25/2026 6:01:00 AM,7/25/2026 6:05:00 AM,MIN_OPERATING_MW,1.65,
7/25/2026 6:05:00 AM,RTD,CLUZ,01BUGSOL_G01,G,7/25/2026 6:06:00 AM,7/25/2026 6:10:00 AM,MAX_OPERATING_MW,2.24,
7/25/2026 6:05:00 AM,RTD,CLUZ,01BUGSOL_G01,G,7/25/2026 6:06:00 AM,7/25/2026 6:10:00 AM,MIN_OPERATING_MW,2.24,
7/25/2026 6:05:00 AM,RTD,CLUZ,01BULACSOL_G01,G,7/25/2026 6:01:00 AM,7/25/2026 7:00:00 AM,MAX_OPERATING_MW,0.29,
7/25/2026 6:05:00 AM,RTD,CLUZ,01BULACSOL_G01,G,7/25/2026 6:01:00 AM,7/25/2026 7:00:00 AM,MIN_OPERATING_MW,0.29,
7/25/2026 6:05:00 AM,RTD,CLUZ,01MSINLO_G04,G,7/25/2026 6:01:00 AM,7/25/2026 6:05:00 AM,MAX_OPERATING_MW,250,
7/25/2026 6:05:00 AM,RTD,CLUZ,01MSINLO_G04,G,7/25/2026 6:01:00 AM,7/25/2026 6:05:00 AM,MIN_OPERATING_MW,250,
7/25/2026 6:05:00 AM,RTD,CLUZ,01MSINLO_G04,G,7/25/2026 6:06:00 AM,7/25/2026 6:10:00 AM,MAX_OPERATING_MW,250,
7/25/2026 6:05:00 AM,RTD,CLUZ,01MSINLO_G04,G,7/25/2026 6:06:00 AM,7/25/2026 6:10:00 AM,MIN_OPERATING_MW,250,
7/25/2026 6:05:00 AM,RTD,CLUZ,01PASBUSOL_G01,G,7/25/2026 6:01:00 AM,7/25/2026 7:00:00 AM,MAX_OPERATING_MW,2.35,
7/25/2026 6:05:00 AM,RTD,CLUZ,01PASBUSOL_G01,G,7/25/2026 6:01:00 AM,7/25/2026 7:00:00 AM,MIN_OPERATING_MW,2.35,
7/25/2026 6:05:00 AM,RTD,CLUZ,01TERRASOL_G01,G,7/25/2026 6:01:00 AM,7/25/2026 8:25:00 AM,MAX_OPERATING_MW,10,
7/25/2026 6:05:00 AM,RTD,CLUZ,01TERRASOL_G01,G,7/25/2026 6:01:00 AM,7/25/2026 8:25:00 AM,MIN_OPERATING_MW,10,
7/25/2026 6:05:00 AM,RTD,CLUZ,03LUNSOL_G01,G,7/25/2026 6:01:00 AM,7/25/2026 6:05:00 AM,MAX_OPERATING_MW,1.90,
7/25/2026 6:05:00 AM,RTD,CLUZ,03LUNSOL_G01,G,7/25/2026 6:01:00 AM,7/25/2026 6:05:00 AM,MIN_OPERATING_MW,1.90,
7/25/2026 6:05:00 AM,RTD,CLUZ,03LUNSOL_G01,G,7/25/2026 6:06:00 AM,7/25/2026 6:10:00 AM,MAX_OPERATING_MW,2.43,
7/25/2026 6:05:00 AM,RTD,CLUZ,03LUNSOL_G01,G,7/25/2026 6:06:00 AM,7/25/2026 6:10:00 AM,MIN_OPERATING_MW,2.43,
7/25/2026 6:05:00 AM,RTD,CVIS,05EAUC_BAT,G,7/25/2026 4:36:00 AM,7/25/2026 8:05:00 AM,MAX_OPERATING_MW,13,
7/25/2026 6:05:00 AM,RTD,CVIS,05EAUC_BAT,G,7/25/2026 4:36:00 AM,7/25/2026 8:05:00 AM,MIN_OPERATING_MW,13,
7/25/2026 6:05:00 AM,RTD,CVIS,06SLYSOL_G02,G,7/25/2026 6:01:00 AM,7/25/2026 7:00:00 AM,MAX_OPERATING_MW,1.53,
7/25/2026 6:05:00 AM,RTD,CVIS,06SLYSOL_G02,G,7/25/2026 6:01:00 AM,7/25/2026 7:00:00 AM,MIN_OPERATING_MW,1.53,
7/25/2026 6:05:00 AM,RTD,CVIS,06SLYSOL_G03,G,7/25/2026 6:01:00 AM,7/25/2026 7:00:00 AM,MAX_OPERATING_MW,0.37,
7/25/2026 6:05:00 AM,RTD,CVIS,06SLYSOL_G03,G,7/25/2026 6:01:00 AM,7/25/2026 7:00:00 AM,MIN_OPERATING_MW,0.37,
7/25/2026 6:05:00 AM,RTD,CMIN,10LIAN_G02,G,7/25/2026 12:05:00 AM,7/25/2026 11:59:00 PM,MAX_OPERATING_MW,6,
7/25/2026 6:05:00 AM,RTD,CMIN,10LIAN_G02,G,7/25/2026 12:05:00 AM,7/25/2026 11:59:00 PM,MIN_OPERATING_MW,3,
7/25/2026 6:05:00 AM,RTD,CMIN,11MALADU_G01,G,7/25/2026 12:01:00 AM,7/26/2026,MAX_OPERATING_MW,9.50,
7/25/2026 6:05:00 AM,RTD,CMIN,11MALADU_G01,G,7/25/2026 12:01:00 AM,7/26/2026,MIN_OPERATING_MW,9.50,
7/25/2026 6:10:00 AM,RTD,CLUZ,01BARBASOL_G01,G,7/25/2026 6:06:00 AM,7/25/2026 6:10:00 AM,MAX_OPERATING_MW,2.86,
7/25/2026 6:10:00 AM,RTD,CLUZ,01BARBASOL_G01,G,7/25/2026 6:06:00 AM,7/25/2026 6:10:00 AM,MIN_OPERATING_MW,2.86,
7/25/2026 6:10:00 AM,RTD,CLUZ,01BARBASOL_G01,G,7/25/2026 6:11:00 AM,7/25/2026 6:15:00 AM,MAX_OPERATING_MW,3.58,
7/25/2026 6:10:00 AM,RTD,CLUZ,01BARBASOL_G01,G,7/25/2026 6:11:00 AM,7/25/2026 6:15:00 AM,MIN_OPERATING_MW,3.58,
7/25/2026 6:10:00 AM,RTD,CLUZ,01BUGSOL_G01,G,7/25/2026 6:06:00 AM,7/25/2026 6:10:00 AM,MAX_OPERATING_MW,2.24,
7/25/2026 6:10:00 AM,RTD,CLUZ,01BUGSOL_G01,G,7/25/2026 6:06:00 AM,7/25/2026 6:10:00 AM,MIN_OPERATING_MW,2.24,
7/25/2026 6:10:00 AM,RTD,CLUZ,01BUGSOL_G01,G,7/25/2026 6:11:00 AM,7/25/2026 6:15:00 AM,MAX_OPERATING_MW,3.12,
7/25/2026 6:10:00 AM,RTD,CLUZ,01BUGSOL_G01,G,7/25/2026 6:11:00 AM,7/25/2026 6:15:00 AM,MIN_OPERATING_MW,3.12,
7/25/2026 6:10:00 AM,RTD,CLUZ,01BULACSOL_G01,G,7/25/2026 6:01:00 AM,7/25/2026 7:00:00 AM,MAX_OPERATING_MW,0.29,
7/25/2026 6:10:00 AM,RTD,CLUZ,01BULACSOL_G01,G,7/25/2026 6:01:00 AM,7/25/2026 7:00:00 AM,MIN_OPERATING_MW,0.29,
7/25/2026 6:10:00 AM,RTD,CLUZ,01MSINLO_G04,G,7/25/2026 6:06:00 AM,7/25/2026 6:10:00 AM,MAX_OPERATING_MW,250,
7/25/2026 6:10:00 AM,RTD,CLUZ,01MSINLO_G04,G,7/25/2026 6:06:00 AM,7/25/2026 6:10:00 AM,MIN_OPERATING_MW,250,
7/25/2026 6:10:00 AM,RTD,CLUZ,01MSINLO_G04,G,7/25/2026 6:11:00 AM,7/25/2026 6:15:00 AM,MAX_OPERATING_MW,250,
7/25/2026 6:10:00 AM,RTD,CLUZ,01MSINLO_G04,G,7/25/2026 6:11:00 AM,7/25/2026 6:15:00 AM,MIN_OPERATING_MW,250,
7/25/2026 6:10:00 AM,RTD,CLUZ,01PASBUSOL_G01,G,7/25/2026 6:01:00 AM,7/25/2026 7:00:00 AM,MAX_OPERATING_MW,2.35,
7/25/2026 6:10:00 AM,RTD,CLUZ,01PASBUSOL_G01,G,7/25/2026 6:01:00 AM,7/25/2026 7:00:00 AM,MIN_OPERATING_MW,2.35,
7/25/2026 6:10:00 AM,RTD,CLUZ,01TERRASOL_G01,G,7/25/2026 6:01:00 AM,7/25/2026 8:25:00 AM,MAX_OPERATING_MW,10,
7/25/2026 6:10:00 AM,RTD,CLUZ,01TERRASOL_G01,G,7/25/2026 6:01:00 AM,7/25/2026 8:25:00 AM,MIN_OPERATING_MW,10,
7/25/2026 6:10:00 AM,RTD,CLUZ,03LUNSOL_G01,G,7/25/2026 6:06:00 AM,7/25/2026 6:10:00 AM,MAX_OPERATING_MW,2.43,
7/25/2026 6:10:00 AM,RTD,CLUZ,03LUNSOL_G01,G,7/25/2026 6:06:00 AM,7/25/2026 6:10:00 AM,MIN_OPERATING_MW,2.43,
7/25/2026 6:10:00 AM,RTD,CLUZ,03LUNSOL_G01,G,7/25/2026 6:11:00 AM,7/25/2026 6:15:00 AM,MAX_OPERATING_MW,3,
7/25/2026 6:10:00 AM,RTD,CLUZ,03LUNSOL_G01,G,7/25/2026 6:11:00 AM,7/25/2026 6:15:00 AM,MIN_OPERATING_MW,3,
7/25/2026 6:10:00 AM,RTD,CVIS,05EAUC_BAT,G,7/25/2026 4:36:00 AM,7/25/2026 8:05:00 AM,MAX_OPERATING_MW,13,
7/25/2026 6:10:00 AM,RTD,CVIS,05EAUC_BAT,G,7/25/2026 4:36:00 AM,7/25/2026 8:05:00 AM,MIN_OPERATING_MW,13,
7/25/2026 6:10:00 AM,RTD,CVIS,06SLYSOL_G02,G,7/25/2026 6:01:00 AM,7/25/2026 7:00:00 AM,MAX_OPERATING_MW,1.53,
7/25/2026 6:10:00 AM,RTD,CVIS,06SLYSOL_G02,G,7/25/2026 6:01:00 AM,7/25/2026 7:00:00 AM,MIN_OPERATING_MW,1.53,
7/25/2026 6:10:00 AM,RTD,CVIS,06SLYSOL_G03,G,7/25/2026 6:01:00 AM,7/25/2026 7:00:00 AM,MAX_OPERATING_MW,0.37,
7/25/2026 6:10:00 AM,RTD,CVIS,06SLYSOL_G03,G,7/25/2026 6:01:00 AM,7/25/2026 7:00:00 AM,MIN_OPERATING_MW,0.37,
7/25/2026 6:10:00 AM,RTD,CMIN,10LIAN_G02,G,7/25/2026 12:05:00 AM,7/25/2026 11:59:00 PM,MAX_OPERATING_MW,6,
7/25/2026 6:10:00 AM,RTD,CMIN,10LIAN_G02,G,7/25/2026 12:05:00 AM,7/25/2026 11:59:00 PM,MIN_OPERATING_MW,3,
7/25/2026 6:10:00 AM,RTD,CMIN,11MALADU_G01,G,7/25/2026 12:01:00 AM,7/26/2026,MAX_OPERATING_MW,9.50,
7/25/2026 6:10:00 AM,RTD,CMIN,11MALADU_G01,G,7/25/2026 12:01:00 AM,7/26/2026,MIN_OPERATING_MW,9.50,
7/25/2026 6:15:00 AM,RTD,CLUZ,01BARBASOL_G01,G,7/25/2026 6:11:00 AM,7/25/2026 6:15:00 AM,MAX_OPERATING_MW,3.58,
7/25/2026 6:15:00 AM,RTD,CLUZ,01BARBASOL_G01,G,7/25/2026 6:11:00 AM,7/25/2026 6:15:00 AM,MIN_OPERATING_MW,3.58,
7/25/2026 6:15:00 AM,RTD,CLUZ,01BARBASOL_G01,G,7/25/2026 6:16:00 AM,7/25/2026 6:20:00 AM,MAX_OPERATING_MW,4.37,
7/25/2026 6:15:00 AM,RTD,CLUZ,01BARBASOL_G01,G,7/25/2026 6:16:00 AM,7/25/2026 6:20:00 AM,MIN_OPERATING_MW,4.37,
7/25/2026 6:15:00 AM,RTD,CLUZ,01BUGSOL_G01,G,7/25/2026 6:11:00 AM,7/25/2026 6:15:00 AM,MAX_OPERATING_MW,3.12,
7/25/2026 6:15:00 AM,RTD,CLUZ,01BUGSOL_G01,G,7/25/2026 6:11:00 AM,7/25/2026 6:15:00 AM,MIN_OPERATING_MW,3.12,
7/25/2026 6:15:00 AM,RTD,CLUZ,01BUGSOL_G01,G,7/25/2026 6:16:00 AM,7/25/2026 6:20:00 AM,MAX_OPERATING_MW,3.16,
7/25/2026 6:15:00 AM,RTD,CLUZ,01BUGSOL_G01,G,7/25/2026 6:16:00 AM,7/25/2026 6:20:00 AM,MIN_OPERATING_MW,3.16,
7/25/2026 6:15:00 AM,RTD,CLUZ,01BULACSOL_G01,G,7/25/2026 6:01:00 AM,7/25/2026 7:00:00 AM,MAX_OPERATING_MW,0.29,
7/25/2026 6:15:00 AM,RTD,CLUZ,01BULACSOL_G01,G,7/25/2026 6:01:00 AM,7/25/2026 7:00:00 AM,MIN_OPERATING_MW,0.29,
7/25/2026 6:15:00 AM,RTD,CLUZ,01MSINLO_G04,G,7/25/2026 6:11:00 AM,7/25/2026 6:15:00 AM,MAX_OPERATING_MW,250,
7/25/2026 6:15:00 AM,RTD,CLUZ,01MSINLO_G04,G,7/25/2026 6:11:00 AM,7/25/2026 6:15:00 AM,MIN_OPERATING_MW,250,
7/25/2026 6:15:00 AM,RTD,CLUZ,01MSINLO_G04,G,7/25/2026 6:16:00 AM,7/26/2026,MAX_OPERATING_MW,250,
7/25/2026 6:15:00 AM,RTD,CLUZ,01MSINLO_G04,G,7/25/2026 6:16:00 AM,7/26/2026,MIN_OPERATING_MW,250,
7/25/2026 6:15:00 AM,RTD,CLUZ,01PASBUSOL_G01,G,7/25/2026 6:01:00 AM,7/25/2026 7:00:00 AM,MAX_OPERATING_MW,2.35,
7/25/2026 6:15:00 AM,RTD,CLUZ,01PASBUSOL_G01,G,7/25/2026 6:01:00 AM,7/25/2026 7:00:00 AM,MIN_OPERATING_MW,2.35,
7/25/2026 6:15:00 AM,RTD,CLUZ,01TERRASOL_G01,G,7/25/2026 6:01:00 AM,7/25/2026 8:25:00 AM,MAX_OPERATING_MW,10,
7/25/2026 6:15:00 AM,RTD,CLUZ,01TERRASOL_G01,G,7/25/2026 6:01:00 AM,7/25/2026 8:25:00 AM,MIN_OPERATING_MW,10,
7/25/2026 6:15:00 AM,RTD,CLUZ,03LUNSOL_G01,G,7/25/2026 6:11:00 AM,7/25/2026 6:15:00 AM,MAX_OPERATING_MW,3,
7/25/2026 6:15:00 AM,RTD,CLUZ,03LUNSOL_G01,G,7/25/2026 6:11:00 AM,7/25/2026 6:15:00 AM,MIN_OPERATING_MW,3,
7/25/2026 6:15:00 AM,RTD,CLUZ,03LUNSOL_G01,G,7/25/2026 6:16:00 AM,7/25/2026 6:20:00 AM,MAX_OPERATING_MW,3.60,
7/25/2026 6:15:00 AM,RTD,CLUZ,03LUNSOL_G01,G,7/25/2026 6:16:00 AM,7/25/2026 6:20:00 AM,MIN_OPERATING_MW,3.60,
7/25/2026 6:15:00 AM,RTD,CVIS,05EAUC_BAT,G,7/25/2026 4:36:00 AM,7/25/2026 8:05:00 AM,MAX_OPERATING_MW,13,
7/25/2026 6:15:00 AM,RTD,CVIS,05EAUC_BAT,G,7/25/2026 4:36:00 AM,7/25/2026 8:05:00 AM,MIN_OPERATING_MW,13,
7/25/2026 6:15:00 AM,RTD,CVIS,06SLYSOL_G02,G,7/25/2026 6:01:00 AM,7/25/2026 7:00:00 AM,MAX_OPERATING_MW,1.53,
7/25/2026 6:15:00 AM,RTD,CVIS,06SLYSOL_G02,G,7/25/2026 6:01:00 AM,7/25/2026 7:00:00 AM,MIN_OPERATING_MW,1.53,
7/25/2026 6:15:00 AM,RTD,CVIS,06SLYSOL_G03,G,7/25/2026 6:01:00 AM,7/25/2026 7:00:00 AM,MAX_OPERATING_MW,0.37,
7/25/2026 6:15:00 AM,RTD,CVIS,06SLYSOL_G03,G,7/25/2026 6:01:00 AM,7/25/2026 7:00:00 AM,MIN_OPERATING_MW,0.37,
7/25/2026 6:15:00 AM,RTD,CMIN,10LIAN_G02,G,7/25/2026 12:05:00 AM,7/25/2026 11:59:00 PM,MAX_OPERATING_MW,6,
7/25/2026 6:15:00 AM,RTD,CMIN,10LIAN_G02,G,7/25/2026 12:05:00 AM,7/25/2026 11:59:00 PM,MIN_OPERATING_MW,3,
7/25/2026 6:15:00 AM,RTD,CMIN,11MALADU_G01,G,7/25/2026 12:01:00 AM,7/26/2026,MAX_OPERATING_MW,9.50,
7/25/2026 6:15:00 AM,RTD,CMIN,11MALADU_G01,G,7/25/2026 12:01:00 AM,7/26/2026,MIN_OPERATING_MW,9.50,
7/25/2026 6:20:00 AM,RTD,CLUZ,01BARBASOL_G01,G,7/25/2026 6:16:00 AM,7/25/2026 6:20:00 AM,MAX_OPERATING_MW,4.37,
7/25/2026 6:20:00 AM,RTD,CLUZ,01BARBASOL_G01,G,7/25/2026 6:16:00 AM,7/25/2026 6:20:00 AM,MIN_OPERATING_MW,4.37,
7/25/2026 6:20:00 AM,RTD,CLUZ,01BARBASOL_G01,G,7/25/2026 6:21:00 AM,7/25/2026 6:25:00 AM,MAX_OPERATING_MW,5.24,
7/25/2026 6:20:00 AM,RTD,CLUZ,01BARBASOL_G01,G,7/25/2026 6:21:00 AM,7/25/2026 6:25:00 AM,MIN_OPERATING_MW,5.24,
7/25/2026 6:20:00 AM,RTD,CLUZ,01BUGSOL_G01,G,7/25/2026 6:16:00 AM,7/25/2026 6:20:00 AM,MAX_OPERATING_MW,3.16,
7/25/2026 6:20:00 AM,RTD,CLUZ,01BUGSOL_G01,G,7/25/2026 6:16:00 AM,7/25/2026 6:20:00 AM,MIN_OPERATING_MW,3.16,
7/25/2026 6:20:00 AM,RTD,CLUZ,01BUGSOL_G01,G,7/25/2026 6:21:00 AM,7/25/2026 6:25:00 AM,MAX_OPERATING_MW,4.70,
7/25/2026 6:20:00 AM,RTD,CLUZ,01BUGSOL_G01,G,7/25/2026 6:21:00 AM,7/25/2026 6:25:00 AM,MIN_OPERATING_MW,4.70,
7/25/2026 6:20:00 AM,RTD,CLUZ,01BULACSOL_G01,G,7/25/2026 6:01:00 AM,7/25/2026 7:00:00 AM,MAX_OPERATING_MW,0.29,
7/25/2026 6:20:00 AM,RTD,CLUZ,01BULACSOL_G01,G,7/25/2026 6:01:00 AM,7/25/2026 7:00:00 AM,MIN_OPERATING_MW,0.29,
7/25/2026 6:20:00 AM,RTD,CLUZ,01MSINLO_G04,G,7/25/2026 6:16:00 AM,7/26/2026,MAX_OPERATING_MW,250,
7/25/2026 6:20:00 AM,RTD,CLUZ,01MSINLO_G04,G,7/25/2026 6:16:00 AM,7/26/2026,MIN_OPERATING_MW,250,
7/25/2026 6:20:00 AM,RTD,CLUZ,01PASBUSOL_G01,G,7/25/2026 6:01:00 AM,7/25/2026 7:00:00 AM,MAX_OPERATING_MW,2.35,
7/25/2026 6:20:00 AM,RTD,CLUZ,01PASBUSOL_G01,G,7/25/2026 6:01:00 AM,7/25/2026 7:00:00 AM,MIN_OPERATING_MW,2.35,
7/25/2026 6:20:00 AM,RTD,CLUZ,01TERRASOL_G01,G,7/25/2026 6:01:00 AM,7/25/2026 8:25:00 AM,MAX_OPERATING_MW,10,
7/25/2026 6:20:00 AM,RTD,CLUZ,01TERRASOL_G01,G,7/25/2026 6:01:00 AM,7/25/2026 8:25:00 AM,MIN_OPERATING_MW,10,
7/25/2026 6:20:00 AM,RTD,CLUZ,03LUNSOL_G01,G,7/25/2026 6:16:00 AM,7/25/2026 6:20:00 AM,MAX_OPERATING_MW,3.60,
7/25/2026 6:20:00 AM,RTD,CLUZ,03LUNSOL_G01,G,7/25/2026 6:16:00 AM,7/25/2026 6:20:00 AM,MIN_OPERATING_MW,3.60,
7/25/2026 6:20:00 AM,RTD,CLUZ,03LUNSOL_G01,G,7/25/2026 6:21:00 AM,7/25/2026 6:25:00 AM,MAX_OPERATING_MW,4.23,
7/25/2026 6:20:00 AM,RTD,CLUZ,03LUNSOL_G01,G,7/25/2026 6:21:00 AM,7/25/2026 6:25:00 AM,MIN_OPERATING_MW,4.23,
7/25/2026 6:20:00 AM,RTD,CVIS,05EAUC_BAT,G,7/25/2026 4:36:00 AM,7/25/2026 8:05:00 AM,MAX_OPERATING_MW,13,
7/25/2026 6:20:00 AM,RTD,CVIS,05EAUC_BAT,G,7/25/2026 4:36:00 AM,7/25/2026 8:05:00 AM,MIN_OPERATING_MW,13,
7/25/2026 6:20:00 AM,RTD,CVIS,06SLYSOL_G02,G,7/25/2026 6:01:00 AM,7/25/2026 7:00:00 AM,MAX_OPERATING_MW,1.53,
7/25/2026 6:20:00 AM,RTD,CVIS,06SLYSOL_G02,G,7/25/2026 6:01:00 AM,7/25/2026 7:00:00 AM,MIN_OPERATING_MW,1.53,
7/25/2026 6:20:00 AM,RTD,CVIS,06SLYSOL_G03,G,7/25/2026 6:01:00 AM,7/25/2026 7:00:00 AM,MAX_OPERATING_MW,0.37,
7/25/2026 6:20:00 AM,RTD,CVIS,06SLYSOL_G03,G,7/25/2026 6:01:00 AM,7/25/2026 7:00:00 AM,MIN_OPERATING_MW,0.37,
7/25/2026 6:20:00 AM,RTD,CMIN,10LIAN_G02,G,7/25/2026 12:05:00 AM,7/25/2026 11:59:00 PM,MAX_OPERATING_MW,6,
7/25/2026 6:20:00 AM,RTD,CMIN,10LIAN_G02,G,7/25/2026 12:05:00 AM,7/25/2026 11:59:00 PM,MIN_OPERATING_MW,3,
7/25/2026 6:20:00 AM,RTD,CMIN,11MALADU_G01,G,7/25/2026 12:01:00 AM,7/26/2026,MAX_OPERATING_MW,9.50,
7/25/2026 6:20:00 AM,RTD,CMIN,11MALADU_G01,G,7/25/2026 12:01:00 AM,7/26/2026,MIN_OPERATING_MW,9.50,
7/25/2026 6:25:00 AM,RTD,CLUZ,01BARBASOL_G01,G,7/25/2026 6:21:00 AM,7/25/2026 6:25:00 AM,MAX_OPERATING_MW,5.24,
7/25/2026 6:25:00 AM,RTD,CLUZ,01BARBASOL_G01,G,7/25/2026 6:21:00 AM,7/25/2026 6:25:00 AM,MIN_OPERATING_MW,5.24,
7/25/2026 6:25:00 AM,RTD,CLUZ,01BARBASOL_G01,G,7/25/2026 6:26:00 AM,7/25/2026 6:30:00 AM,MAX_OPERATING_MW,6.16,
7/25/2026 6:25:00 AM,RTD,CLUZ,01BARBASOL_G01,G,7/25/2026 6:26:00 AM,7/25/2026 6:30:00 AM,MIN_OPERATING_MW,6.16,
7/25/2026 6:25:00 AM,RTD,CLUZ,01BUGSOL_G01,G,7/25/2026 6:21:00 AM,7/25/2026 6:25:00 AM,MAX_OPERATING_MW,4.70,
7/25/2026 6:25:00 AM,RTD,CLUZ,01BUGSOL_G01,G,7/25/2026 6:21:00 AM,7/25/2026 6:25:00 AM,MIN_OPERATING_MW,4.70,
7/25/2026 6:25:00 AM,RTD,CLUZ,01BUGSOL_G01,G,7/25/2026 6:26:00 AM,7/25/2026 6:30:00 AM,MAX_OPERATING_MW,6.21,
7/25/2026 6:25:00 AM,RTD,CLUZ,01BUGSOL_G01,G,7/25/2026 6:26:00 AM,7/25/2026 6:30:00 AM,MIN_OPERATING_MW,6.21,
7/25/2026 6:25:00 AM,RTD,CLUZ,01BULACSOL_G01,G,7/25/2026 6:01:00 AM,7/25/2026 7:00:00 AM,MAX_OPERATING_MW,0.29,
7/25/2026 6:25:00 AM,RTD,CLUZ,01BULACSOL_G01,G,7/25/2026 6:01:00 AM,7/25/2026 7:00:00 AM,MIN_OPERATING_MW,0.29,
7/25/2026 6:25:00 AM,RTD,CLUZ,01MSINLO_G04,G,7/25/2026 6:16:00 AM,7/26/2026,MAX_OPERATING_MW,250,
7/25/2026 6:25:00 AM,RTD,CLUZ,01MSINLO_G04,G,7/25/2026 6:16:00 AM,7/26/2026,MIN_OPERATING_MW,250,
7/25/2026 6:25:00 AM,RTD,CLUZ,01PASBUSOL_G01,G,7/25/2026 6:01:00 AM,7/25/2026 7:00:00 AM,MAX_OPERATING_MW,2.35,
7/25/2026 6:25:00 AM,RTD,CLUZ,01PASBUSOL_G01,G,7/25/2026 6:01:00 AM,7/25/2026 7:00:00 AM,MIN_OPERATING_MW,2.35,
7/25/2026 6:25:00 AM,RTD,CLUZ,01TERRASOL_G01,G,7/25/2026 6:01:00 AM,7/25/2026 8:25:00 AM,MAX_OPERATING_MW,10,
7/25/2026 6:25:00 AM,RTD,CLUZ,01TERRASOL_G01,G,7/25/2026 6:01:00 AM,7/25/2026 8:25:00 AM,MIN_OPERATING_MW,10,
7/25/2026 6:25:00 AM,RTD,CLUZ,03LUNSOL_G01,G,7/25/2026 6:21:00 AM,7/25/2026 6:25:00 AM,MAX_OPERATING_MW,4.23,
7/25/2026 6:25:00 AM,RTD,CLUZ,03LUNSOL_G01,G,7/25/2026 6:21:00 AM,7/25/2026 6:25:00 AM,MIN_OPERATING_MW,4.23,
7/25/2026 6:25:00 AM,RTD,CLUZ,03LUNSOL_G01,G,7/25/2026 6:26:00 AM,7/25/2026 6:30:00 AM,MAX_OPERATING_MW,4.87,
7/25/2026 6:25:00 AM,RTD,CLUZ,03LUNSOL_G01,G,7/25/2026 6:26:00 AM,7/25/2026 6:30:00 AM,MIN_OPERATING_MW,4.87,
7/25/2026 6:25:00 AM,RTD,CVIS,05EAUC_BAT,G,7/25/2026 4:36:00 AM,7/25/2026 8:05:00 AM,MAX_OPERATING_MW,13,
7/25/2026 6:25:00 AM,RTD,CVIS,05EAUC_BAT,G,7/25/2026 4:36:00 AM,7/25/2026 8:05:00 AM,MIN_OPERATING_MW,13,
7/25/2026 6:25:00 AM,RTD,CVIS,06SLYSOL_G02,G,7/25/2026 6:01:00 AM,7/25/2026 7:00:00 AM,MAX_OPERATING_MW,1.53,
7/25/2026 6:25:00 AM,RTD,CVIS,06SLYSOL_G02,G,7/25/2026 6:01:00 AM,7/25/2026 7:00:00 AM,MIN_OPERATING_MW,1.53,
7/25/2026 6:25:00 AM,RTD,CVIS,06SLYSOL_G03,G,7/25/2026 6:01:00 AM,7/25/2026 7:00:00 AM,MAX_OPERATING_MW,0.37,
7/25/2026 6:25:00 AM,RTD,CVIS,06SLYSOL_G03,G,7/25/2026 6:01:00 AM,7/25/2026 7:00:00 AM,MIN_OPERATING_MW,0.37,
7/25/2026 6:25:00 AM,RTD,CMIN,10LIAN_G02,G,7/25/2026 12:05:00 AM,7/25/2026 11:59:00 PM,MAX_OPERATING_MW,6,
7/25/2026 6:25:00 AM,RTD,CMIN,10LIAN_G02,G,7/25/2026 12:05:00 AM,7/25/2026 11:59:00 PM,MIN_OPERATING_MW,3,
7/25/2026 6:25:00 AM,RTD,CMIN,11MALADU_G01,G,7/25/2026 12:01:00 AM,7/26/2026,MAX_OPERATING_MW,9.50,
7/25/2026 6:25:00 AM,RTD,CMIN,11MALADU_G01,G,7/25/2026 12:01:00 AM,7/26/2026,MIN_OPERATING_MW,9.50,
7/25/2026 6:30:00 AM,RTD,CLUZ,01BARBASOL_G01,G,7/25/2026 6:26:00 AM,7/25/2026 6:30:00 AM,MAX_OPERATING_MW,6.16,
7/25/2026 6:30:00 AM,RTD,CLUZ,01BARBASOL_G01,G,7/25/2026 6:26:00 AM,7/25/2026 6:30:00 AM,MIN_OPERATING_MW,6.16,
7/25/2026 6:30:00 AM,RTD,CLUZ,01BARBASOL_G01,G,7/25/2026 6:31:00 AM,7/25/2026 6:35:00 AM,MAX_OPERATING_MW,7.14,
7/25/2026 6:30:00 AM,RTD,CLUZ,01BARBASOL_G01,G,7/25/2026 6:31:00 AM,7/25/2026 6:35:00 AM,MIN_OPERATING_MW,7.14,
7/25/2026 6:30:00 AM,RTD,CLUZ,01BUGSOL_G01,G,7/25/2026 6:26:00 AM,7/25/2026 6:30:00 AM,MAX_OPERATING_MW,6.21,
7/25/2026 6:30:00 AM,RTD,CLUZ,01BUGSOL_G01,G,7/25/2026 6:26:00 AM,7/25/2026 6:30:00 AM,MIN_OPERATING_MW,6.21,
7/25/2026 6:30:00 AM,RTD,CLUZ,01BUGSOL_G01,G,7/25/2026 6:31:00 AM,7/25/2026 6:35:00 AM,MAX_OPERATING_MW,7.61,
7/25/2026 6:30:00 AM,RTD,CLUZ,01BUGSOL_G01,G,7/25/2026 6:31:00 AM,7/25/2026 6:35:00 AM,MIN_OPERATING_MW,7.61,
7/25/2026 6:30:00 AM,RTD,CLUZ,01BULACSOL_G01,G,7/25/2026 6:01:00 AM,7/25/2026 7:00:00 AM,MAX_OPERATING_MW,0.29,
7/25/2026 6:30:00 AM,RTD,CLUZ,01BULACSOL_G01,G,7/25/2026 6:01:00 AM,7/25/2026 7:00:00 AM,MIN_OPERATING_MW,0.29,
7/25/2026 6:30:00 AM,RTD,CLUZ,01MSINLO_G04,G,7/25/2026 6:16:00 AM,7/26/2026,MAX_OPERATING_MW,250,
7/25/2026 6:30:00 AM,RTD,CLUZ,01MSINLO_G04,G,7/25/2026 6:16:00 AM,7/26/2026,MIN_OPERATING_MW,250,
7/25/2026 6:30:00 AM,RTD,CLUZ,01PASBUSOL_G01,G,7/25/2026 6:01:00 AM,7/25/2026 7:00:00 AM,MAX_OPERATING_MW,2.35,
7/25/2026 6:30:00 AM,RTD,CLUZ,01PASBUSOL_G01,G,7/25/2026 6:01:00 AM,7/25/2026 7:00:00 AM,MIN_OPERATING_MW,2.35,
7/25/2026 6:30:00 AM,RTD,CLUZ,01TERRASOL_G01,G,7/25/2026 6:01:00 AM,7/25/2026 8:25:00 AM,MAX_OPERATING_MW,10,
7/25/2026 6:30:00 AM,RTD,CLUZ,01TERRASOL_G01,G,7/25/2026 6:01:00 AM,7/25/2026 8:25:00 AM,MIN_OPERATING_MW,10,
7/25/2026 6:30:00 AM,RTD,CLUZ,03LUNSOL_G01,G,7/25/2026 6:26:00 AM,7/25/2026 6:30:00 AM,MAX_OPERATING_MW,4.87,
7/25/2026 6:30:00 AM,RTD,CLUZ,03LUNSOL_G01,G,7/25/2026 6:26:00 AM,7/25/2026 6:30:00 AM,MIN_OPERATING_MW,4.87,
7/25/2026 6:30:00 AM,RTD,CLUZ,03LUNSOL_G01,G,7/25/2026 6:31:00 AM,7/25/2026 6:35:00 AM,MAX_OPERATING_MW,5.52,
7/25/2026 6:30:00 AM,RTD,CLUZ,03LUNSOL_G01,G,7/25/2026 6:31:00 AM,7/25/2026 6:35:00 AM,MIN_OPERATING_MW,5.52,
7/25/2026 6:30:00 AM,RTD,CVIS,05EAUC_BAT,G,7/25/2026 4:36:00 AM,7/25/2026 8:05:00 AM,MAX_OPERATING_MW,13,
7/25/2026 6:30:00 AM,RTD,CVIS,05EAUC_BAT,G,7/25/2026 4:36:00 AM,7/25/2026 8:05:00 AM,MIN_OPERATING_MW,13,
7/25/2026 6:30:00 AM,RTD,CVIS,06SLYSOL_G02,G,7/25/2026 6:01:00 AM,7/25/2026 7:00:00 AM,MAX_OPERATING_MW,1.53,
7/25/2026 6:30:00 AM,RTD,CVIS,06SLYSOL_G02,G,7/25/2026 6:01:00 AM,7/25/2026 7:00:00 AM,MIN_OPERATING_MW,1.53,
7/25/2026 6:30:00 AM,RTD,CVIS,06SLYSOL_G03,G,7/25/2026 6:01:00 AM,7/25/2026 7:00:00 AM,MAX_OPERATING_MW,0.37,
7/25/2026 6:30:00 AM,RTD,CVIS,06SLYSOL_G03,G,7/25/2026 6:01:00 AM,7/25/2026 7:00:00 AM,MIN_OPERATING_MW,0.37,
7/25/2026 6:30:00 AM,RTD,CMIN,10LIAN_G02,G,7/25/2026 12:05:00 AM,7/25/2026 11:59:00 PM,MAX_OPERATING_MW,6,
7/25/2026 6:30:00 AM,RTD,CMIN,10LIAN_G02,G,7/25/2026 12:05:00 AM,7/25/2026 11:59:00 PM,MIN_OPERATING_MW,3,
7/25/2026 6:30:00 AM,RTD,CMIN,11MALADU_G01,G,7/25/2026 12:01:00 AM,7/26/2026,MAX_OPERATING_MW,9.50,
7/25/2026 6:30:00 AM,RTD,CMIN,11MALADU_G01,G,7/25/2026 12:01:00 AM,7/26/2026,MIN_OPERATING_MW,9.50,
7/25/2026 6:35:00 AM,RTD,CLUZ,01BARBASOL_G01,G,7/25/2026 6:31:00 AM,7/25/2026 6:35:00 AM,MAX_OPERATING_MW,7.14,
7/25/2026 6:35:00 AM,RTD,CLUZ,01BARBASOL_G01,G,7/25/2026 6:31:00 AM,7/25/2026 6:35:00 AM,MIN_OPERATING_MW,7.14,
7/25/2026 6:35:00 AM,RTD,CLUZ,01BARBASOL_G01,G,7/25/2026 6:36:00 AM,7/25/2026 6:40:00 AM,MAX_OPERATING_MW,8.17,
7/25/2026 6:35:00 AM,RTD,CLUZ,01BARBASOL_G01,G,7/25/2026 6:36:00 AM,7/25/2026 6:40:00 AM,MIN_OPERATING_MW,8.17,
7/25/2026 6:35:00 AM,RTD,CLUZ,01BUGSOL_G01,G,7/25/2026 6:31:00 AM,7/25/2026 6:35:00 AM,MAX_OPERATING_MW,7.61,
7/25/2026 6:35:00 AM,RTD,CLUZ,01BUGSOL_G01,G,7/25/2026 6:31:00 AM,7/25/2026 6:35:00 AM,MIN_OPERATING_MW,7.61,
7/25/2026 6:35:00 AM,RTD,CLUZ,01BUGSOL_G01,G,7/25/2026 6:36:00 AM,7/25/2026 6:40:00 AM,MAX_OPERATING_MW,12.16,
7/25/2026 6:35:00 AM,RTD,CLUZ,01BUGSOL_G01,G,7/25/2026 6:36:00 AM,7/25/2026 6:40:00 AM,MIN_OPERATING_MW,12.16,
7/25/2026 6:35:00 AM,RTD,CLUZ,01BULACSOL_G01,G,7/25/2026 6:01:00 AM,7/25/2026 7:00:00 AM,MAX_OPERATING_MW,0.29,
7/25/2026 6:35:00 AM,RTD,CLUZ,01BULACSOL_G01,G,7/25/2026 6:01:00 AM,7/25/2026 7:00:00 AM,MIN_OPERATING_MW,0.29,
7/25/2026 6:35:00 AM,RTD,CLUZ,01MSINLO_G04,G,7/25/2026 6:16:00 AM,7/26/2026,MAX_OPERATING_MW,250,
7/25/2026 6:35:00 AM,RTD,CLUZ,01MSINLO_G04,G,7/25/2026 6:16:00 AM,7/26/2026,MIN_OPERATING_MW,250,
7/25/2026 6:35:00 AM,RTD,CLUZ,01PASBUSOL_G01,G,7/25/2026 6:01:00 AM,7/25/2026 7:00:00 AM,MAX_OPERATING_MW,2.35,
7/25/2026 6:35:00 AM,RTD,CLUZ,01PASBUSOL_G01,G,7/25/2026 6:01:00 AM,7/25/2026 7:00:00 AM,MIN_OPERATING_MW,2.35,
7/25/2026 6:35:00 AM,RTD,CLUZ,01TERRASOL_G01,G,7/25/2026 6:01:00 AM,7/25/2026 8:25:00 AM,MAX_OPERATING_MW,10,
7/25/2026 6:35:00 AM,RTD,CLUZ,01TERRASOL_G01,G,7/25/2026 6:01:00 AM,7/25/2026 8:25:00 AM,MIN_OPERATING_MW,10,
7/25/2026 6:35:00 AM,RTD,CLUZ,03LUNSOL_G01,G,7/25/2026 6:31:00 AM,7/25/2026 6:35:00 AM,MAX_OPERATING_MW,5.52,
7/25/2026 6:35:00 AM,RTD,CLUZ,03LUNSOL_G01,G,7/25/2026 6:31:00 AM,7/25/2026 6:35:00 AM,MIN_OPERATING_MW,5.52,
7/25/2026 6:35:00 AM,RTD,CLUZ,03LUNSOL_G01,G,7/25/2026 6:36:00 AM,7/25/2026 6:40:00 AM,MAX_OPERATING_MW,6.17,
7/25/2026 6:35:00 AM,RTD,CLUZ,03LUNSOL_G01,G,7/25/2026 6:36:00 AM,7/25/2026 6:40:00 AM,MIN_OPERATING_MW,6.17,
7/25/2026 6:35:00 AM,RTD,CVIS,05EAUC_BAT,G,7/25/2026 4:36:00 AM,7/25/2026 8:05:00 AM,MAX_OPERATING_MW,13,
7/25/2026 6:35:00 AM,RTD,CVIS,05EAUC_BAT,G,7/25/2026 4:36:00 AM,7/25/2026 8:05:00 AM,MIN_OPERATING_MW,13,
7/25/2026 6:35:00 AM,RTD,CVIS,06SLYSOL_G02,G,7/25/2026 6:01:00 AM,7/25/2026 7:00:00 AM,MAX_OPERATING_MW,1.53,
7/25/2026 6:35:00 AM,RTD,CVIS,06SLYSOL_G02,G,7/25/2026 6:01:00 AM,7/25/2026 7:00:00 AM,MIN_OPERATING_MW,1.53,
7/25/2026 6:35:00 AM,RTD,CVIS,06SLYSOL_G03,G,7/25/2026 6:01:00 AM,7/25/2026 7:00:00 AM,MAX_OPERATING_MW,0.37,
7/25/2026 6:35:00 AM,RTD,CVIS,06SLYSOL_G03,G,7/25/2026 6:01:00 AM,7/25/2026 7:00:00 AM,MIN_OPERATING_MW,0.37,
7/25/2026 6:35:00 AM,RTD,CMIN,10LIAN_G02,G,7/25/2026 12:05:00 AM,7/25/2026 11:59:00 PM,MAX_OPERATING_MW,6,
7/25/2026 6:35:00 AM,RTD,CMIN,10LIAN_G02,G,7/25/2026 12:05:00 AM,7/25/2026 11:59:00 PM,MIN_OPERATING_MW,3,
7/25/2026 6:35:00 AM,RTD,CMIN,11MALADU_G01,G,7/25/2026 12:01:00 AM,7/26/2026,MAX_OPERATING_MW,9.50,
7/25/2026 6:35:00 AM,RTD,CMIN,11MALADU_G01,G,7/25/2026 12:01:00 AM,7/26/2026,MIN_OPERATING_MW,9.50,
7/25/2026 6:40:00 AM,RTD,CLUZ,01BARBASOL_G01,G,7/25/2026 6:36:00 AM,7/25/2026 6:40:00 AM,MAX_OPERATING_MW,8.17,
7/25/2026 6:40:00 AM,RTD,CLUZ,01BARBASOL_G01,G,7/25/2026 6:36:00 AM,7/25/2026 6:40:00 AM,MIN_OPERATING_MW,8.17,
7/25/2026 6:40:00 AM,RTD,CLUZ,01BARBASOL_G01,G,7/25/2026 6:41:00 AM,7/25/2026 6:45:00 AM,MAX_OPERATING_MW,9.24,
7/25/2026 6:40:00 AM,RTD,CLUZ,01BARBASOL_G01,G,7/25/2026 6:41:00 AM,7/25/2026 6:45:00 AM,MIN_OPERATING_MW,9.24,
7/25/2026 6:40:00 AM,RTD,CLUZ,01BUGSOL_G01,G,7/25/2026 6:36:00 AM,7/25/2026 6:40:00 AM,MAX_OPERATING_MW,12.16,
7/25/2026 6:40:00 AM,RTD,CLUZ,01BUGSOL_G01,G,7/25/2026 6:36:00 AM,7/25/2026 6:40:00 AM,MIN_OPERATING_MW,12.16,
7/25/2026 6:40:00 AM,RTD,CLUZ,01BUGSOL_G01,G,7/25/2026 6:41:00 AM,7/25/2026 6:45:00 AM,MAX_OPERATING_MW,21.05,
7/25/2026 6:40:00 AM,RTD,CLUZ,01BUGSOL_G01,G,7/25/2026 6:41:00 AM,7/25/2026 6:45:00 AM,MIN_OPERATING_MW,21.05,
7/25/2026 6:40:00 AM,RTD,CLUZ,01BULACSOL_G01,G,7/25/2026 6:01:00 AM,7/25/2026 7:00:00 AM,MAX_OPERATING_MW,0.29,
7/25/2026 6:40:00 AM,RTD,CLUZ,01BULACSOL_G01,G,7/25/2026 6:01:00 AM,7/25/2026 7:00:00 AM,MIN_OPERATING_MW,0.29,
7/25/2026 6:40:00 AM,RTD,CLUZ,01MSINLO_G04,G,7/25/2026 6:36:00 AM,7/25/2026 6:40:00 AM,MAX_OPERATING_MW,162.50,
7/25/2026 6:40:00 AM,RTD,CLUZ,01MSINLO_G04,G,7/25/2026 6:36:00 AM,7/25/2026 6:40:00 AM,MIN_OPERATING_MW,162.50,
7/25/2026 6:40:00 AM,RTD,CLUZ,01MSINLO_G04,G,7/25/2026 6:41:00 AM,7/25/2026 6:45:00 AM,MAX_OPERATING_MW,150,
7/25/2026 6:40:00 AM,RTD,CLUZ,01MSINLO_G04,G,7/25/2026 6:41:00 AM,7/25/2026 6:45:00 AM,MIN_OPERATING_MW,150,
7/25/2026 6:40:00 AM,RTD,CLUZ,01PASBUSOL_G01,G,7/25/2026 6:01:00 AM,7/25/2026 7:00:00 AM,MAX_OPERATING_MW,2.35,
7/25/2026 6:40:00 AM,RTD,CLUZ,01PASBUSOL_G01,G,7/25/2026 6:01:00 AM,7/25/2026 7:00:00 AM,MIN_OPERATING_MW,2.35,
7/25/2026 6:40:00 AM,RTD,CLUZ,01TERRASOL_G01,G,7/25/2026 6:01:00 AM,7/25/2026 8:25:00 AM,MAX_OPERATING_MW,10,
7/25/2026 6:40:00 AM,RTD,CLUZ,01TERRASOL_G01,G,7/25/2026 6:01:00 AM,7/25/2026 8:25:00 AM,MIN_OPERATING_MW,10,
7/25/2026 6:40:00 AM,RTD,CLUZ,03LUNSOL_G01,G,7/25/2026 6:36:00 AM,7/25/2026 6:40:00 AM,MAX_OPERATING_MW,6.17,
7/25/2026 6:40:00 AM,RTD,CLUZ,03LUNSOL_G01,G,7/25/2026 6:36:00 AM,7/25/2026 6:40:00 AM,MIN_OPERATING_MW,6.17,
7/25/2026 6:40:00 AM,RTD,CLUZ,03LUNSOL_G01,G,7/25/2026 6:41:00 AM,7/25/2026 6:45:00 AM,MAX_OPERATING_MW,6.83,
7/25/2026 6:40:00 AM,RTD,CLUZ,03LUNSOL_G01,G,7/25/2026 6:41:00 AM,7/25/2026 6:45:00 AM,MIN_OPERATING_MW,6.83,
7/25/2026 6:40:00 AM,RTD,CVIS,05EAUC_BAT,G,7/25/2026 4:36:00 AM,7/25/2026 8:05:00 AM,MAX_OPERATING_MW,13,
7/25/2026 6:40:00 AM,RTD,CVIS,05EAUC_BAT,G,7/25/2026 4:36:00 AM,7/25/2026 8:05:00 AM,MIN_OPERATING_MW,13,
7/25/2026 6:40:00 AM,RTD,CVIS,06SLYSOL_G02,G,7/25/2026 6:01:00 AM,7/25/2026 7:00:00 AM,MAX_OPERATING_MW,1.53,
7/25/2026 6:40:00 AM,RTD,CVIS,06SLYSOL_G02,G,7/25/2026 6:01:00 AM,7/25/2026 7:00:00 AM,MIN_OPERATING_MW,1.53,
7/25/2026 6:40:00 AM,RTD,CVIS,06SLYSOL_G03,G,7/25/2026 6:01:00 AM,7/25/2026 7:00:00 AM,MAX_OPERATING_MW,0.37,
7/25/2026 6:40:00 AM,RTD,CVIS,06SLYSOL_G03,G,7/25/2026 6:01:00 AM,7/25/2026 7:00:00 AM,MIN_OPERATING_MW,0.37,
7/25/2026 6:40:00 AM,RTD,CMIN,10LIAN_G02,G,7/25/2026 12:05:00 AM,7/25/2026 11:59:00 PM,MAX_OPERATING_MW,6,
7/25/2026 6:40:00 AM,RTD,CMIN,10LIAN_G02,G,7/25/2026 12:05:00 AM,7/25/2026 11:59:00 PM,MIN_OPERATING_MW,3,
7/25/2026 6:40:00 AM,RTD,CMIN,11MALADU_G01,G,7/25/2026 12:01:00 AM,7/26/2026,MAX_OPERATING_MW,9.50,
7/25/2026 6:40:00 AM,RTD,CMIN,11MALADU_G01,G,7/25/2026 12:01:00 AM,7/26/2026,MIN_OPERATING_MW,9.50,
7/25/2026 6:45:00 AM,RTD,CLUZ,01BARBASOL_G01,G,7/25/2026 6:41:00 AM,7/25/2026 6:45:00 AM,MAX_OPERATING_MW,9.24,
7/25/2026 6:45:00 AM,RTD,CLUZ,01BARBASOL_G01,G,7/25/2026 6:41:00 AM,7/25/2026 6:45:00 AM,MIN_OPERATING_MW,9.24,
7/25/2026 6:45:00 AM,RTD,CLUZ,01BARBASOL_G01,G,7/25/2026 6:46:00 AM,7/25/2026 6:50:00 AM,MAX_OPERATING_MW,10.35,
7/25/2026 6:45:00 AM,RTD,CLUZ,01BARBASOL_G01,G,7/25/2026 6:46:00 AM,7/25/2026 6:50:00 AM,MIN_OPERATING_MW,10.35,
7/25/2026 6:45:00 AM,RTD,CLUZ,01BUGSOL_G01,G,7/25/2026 6:41:00 AM,7/25/2026 6:45:00 AM,MAX_OPERATING_MW,21.05,
7/25/2026 6:45:00 AM,RTD,CLUZ,01BUGSOL_G01,G,7/25/2026 6:41:00 AM,7/25/2026 6:45:00 AM,MIN_OPERATING_MW,21.05,
7/25/2026 6:45:00 AM,RTD,CLUZ,01BUGSOL_G01,G,7/25/2026 6:46:00 AM,7/25/2026 6:50:00 AM,MAX_OPERATING_MW,24.36,
7/25/2026 6:45:00 AM,RTD,CLUZ,01BUGSOL_G01,G,7/25/2026 6:46:00 AM,7/25/2026 6:50:00 AM,MIN_OPERATING_MW,24.36,
7/25/2026 6:45:00 AM,RTD,CLUZ,01BULACSOL_G01,G,7/25/2026 6:01:00 AM,7/25/2026 7:00:00 AM,MAX_OPERATING_MW,0.29,
7/25/2026 6:45:00 AM,RTD,CLUZ,01BULACSOL_G01,G,7/25/2026 6:01:00 AM,7/25/2026 7:00:00 AM,MIN_OPERATING_MW,0.29,
7/25/2026 6:45:00 AM,RTD,CLUZ,01MSINLO_G04,G,7/25/2026 6:41:00 AM,7/25/2026 6:45:00 AM,MAX_OPERATING_MW,150,
7/25/2026 6:45:00 AM,RTD,CLUZ,01MSINLO_G04,G,7/25/2026 6:41:00 AM,7/25/2026 6:45:00 AM,MIN_OPERATING_MW,150,
7/25/2026 6:45:00 AM,RTD,CLUZ,01MSINLO_G04,G,7/25/2026 6:46:00 AM,7/25/2026 6:50:00 AM,MAX_OPERATING_MW,150,
7/25/2026 6:45:00 AM,RTD,CLUZ,01MSINLO_G04,G,7/25/2026 6:46:00 AM,7/25/2026 6:50:00 AM,MIN_OPERATING_MW,150,
7/25/2026 6:45:00 AM,RTD,CLUZ,01PASBUSOL_G01,G,7/25/2026 6:01:00 AM,7/25/2026 7:00:00 AM,MAX_OPERATING_MW,2.35,
7/25/2026 6:45:00 AM,RTD,CLUZ,01PASBUSOL_G01,G,7/25/2026 6:01:00 AM,7/25/2026 7:00:00 AM,MIN_OPERATING_MW,2.35,
7/25/2026 6:45:00 AM,RTD,CLUZ,01TERRASOL_G01,G,7/25/2026 6:01:00 AM,7/25/2026 8:25:00 AM,MAX_OPERATING_MW,10,
7/25/2026 6:45:00 AM,RTD,CLUZ,01TERRASOL_G01,G,7/25/2026 6:01:00 AM,7/25/2026 8:25:00 AM,MIN_OPERATING_MW,10,
7/25/2026 6:45:00 AM,RTD,CLUZ,03LUNSOL_G01,G,7/25/2026 6:41:00 AM,7/25/2026 6:45:00 AM,MAX_OPERATING_MW,6.83,
7/25/2026 6:45:00 AM,RTD,CLUZ,03LUNSOL_G01,G,7/25/2026 6:41:00 AM,7/25/2026 6:45:00 AM,MIN_OPERATING_MW,6.83,
7/25/2026 6:45:00 AM,RTD,CLUZ,03LUNSOL_G01,G,7/25/2026 6:46:00 AM,7/25/2026 6:50:00 AM,MAX_OPERATING_MW,7.53,
7/25/2026 6:45:00 AM,RTD,CLUZ,03LUNSOL_G01,G,7/25/2026 6:46:00 AM,7/25/2026 6:50:00 AM,MIN_OPERATING_MW,7.53,
7/25/2026 6:45:00 AM,RTD,CVIS,05EAUC_BAT,G,7/25/2026 4:36:00 AM,7/25/2026 8:05:00 AM,MAX_OPERATING_MW,13,
7/25/2026 6:45:00 AM,RTD,CVIS,05EAUC_BAT,G,7/25/2026 4:36:00 AM,7/25/2026 8:05:00 AM,MIN_OPERATING_MW,13,
7/25/2026 6:45:00 AM,RTD,CVIS,06SLYSOL_G02,G,7/25/2026 6:01:00 AM,7/25/2026 7:00:00 AM,MAX_OPERATING_MW,1.53,
7/25/2026 6:45:00 AM,RTD,CVIS,06SLYSOL_G02,G,7/25/2026 6:01:00 AM,7/25/2026 7:00:00 AM,MIN_OPERATING_MW,1.53,
7/25/2026 6:45:00 AM,RTD,CVIS,06SLYSOL_G03,G,7/25/2026 6:01:00 AM,7/25/2026 7:00:00 AM,MAX_OPERATING_MW,0.37,
7/25/2026 6:45:00 AM,RTD,CVIS,06SLYSOL_G03,G,7/25/2026 6:01:00 AM,7/25/2026 7:00:00 AM,MIN_OPERATING_MW,0.37,
7/25/2026 6:45:00 AM,RTD,CMIN,10LIAN_G02,G,7/25/2026 12:05:00 AM,7/25/2026 11:59:00 PM,MAX_OPERATING_MW,6,
7/25/2026 6:45:00 AM,RTD,CMIN,10LIAN_G02,G,7/25/2026 12:05:00 AM,7/25/2026 11:59:00 PM,MIN_OPERATING_MW,3,
7/25/2026 6:45:00 AM,RTD,CMIN,11MALADU_G01,G,7/25/2026 12:01:00 AM,7/26/2026,MAX_OPERATING_MW,9.50,
7/25/2026 6:45:00 AM,RTD,CMIN,11MALADU_G01,G,7/25/2026 12:01:00 AM,7/26/2026,MIN_OPERATING_MW,9.50,
7/25/2026 6:50:00 AM,RTD,CLUZ,01BARBASOL_G01,G,7/25/2026 6:46:00 AM,7/25/2026 6:50:00 AM,MAX_OPERATING_MW,10.35,
7/25/2026 6:50:00 AM,RTD,CLUZ,01BARBASOL_G01,G,7/25/2026 6:46:00 AM,7/25/2026 6:50:00 AM,MIN_OPERATING_MW,10.35,
7/25/2026 6:50:00 AM,RTD,CLUZ,01BARBASOL_G01,G,7/25/2026 6:51:00 AM,7/25/2026 6:55:00 AM,MAX_OPERATING_MW,11.48,
7/25/2026 6:50:00 AM,RTD,CLUZ,01BARBASOL_G01,G,7/25/2026 6:51:00 AM,7/25/2026 6:55:00 AM,MIN_OPERATING_MW,11.48,
7/25/2026 6:50:00 AM,RTD,CLUZ,01BUGSOL_G01,G,7/25/2026 6:46:00 AM,7/25/2026 6:50:00 AM,MAX_OPERATING_MW,24.36,
7/25/2026 6:50:00 AM,RTD,CLUZ,01BUGSOL_G01,G,7/25/2026 6:46:00 AM,7/25/2026 6:50:00 AM,MIN_OPERATING_MW,24.36,
7/25/2026 6:50:00 AM,RTD,CLUZ,01BUGSOL_G01,G,7/25/2026 6:51:00 AM,7/25/2026 6:55:00 AM,MAX_OPERATING_MW,24.64,
7/25/2026 6:50:00 AM,RTD,CLUZ,01BUGSOL_G01,G,7/25/2026 6:51:00 AM,7/25/2026 6:55:00 AM,MIN_OPERATING_MW,24.64,
7/25/2026 6:50:00 AM,RTD,CLUZ,01BULACSOL_G01,G,7/25/2026 6:01:00 AM,7/25/2026 7:00:00 AM,MAX_OPERATING_MW,0.29,
7/25/2026 6:50:00 AM,RTD,CLUZ,01BULACSOL_G01,G,7/25/2026 6:01:00 AM,7/25/2026 7:00:00 AM,MIN_OPERATING_MW,0.29,
7/25/2026 6:50:00 AM,RTD,CLUZ,01MSINLO_G04,G,7/25/2026 6:46:00 AM,7/25/2026 6:50:00 AM,MAX_OPERATING_MW,150,
7/25/2026 6:50:00 AM,RTD,CLUZ,01MSINLO_G04,G,7/25/2026 6:46:00 AM,7/25/2026 6:50:00 AM,MIN_OPERATING_MW,150,
7/25/2026 6:50:00 AM,RTD,CLUZ,01MSINLO_G04,G,7/25/2026 6:51:00 AM,7/26/2026,MAX_OPERATING_MW,150,
7/25/2026 6:50:00 AM,RTD,CLUZ,01MSINLO_G04,G,7/25/2026 6:51:00 AM,7/26/2026,MIN_OPERATING_MW,150,
7/25/2026 6:50:00 AM,RTD,CLUZ,01PASBUSOL_G01,G,7/25/2026 6:01:00 AM,7/25/2026 7:00:00 AM,MAX_OPERATING_MW,2.35,
7/25/2026 6:50:00 AM,RTD,CLUZ,01PASBUSOL_G01,G,7/25/2026 6:01:00 AM,7/25/2026 7:00:00 AM,MIN_OPERATING_MW,2.35,
7/25/2026 6:50:00 AM,RTD,CLUZ,01TERRASOL_G01,G,7/25/2026 6:01:00 AM,7/25/2026 8:25:00 AM,MAX_OPERATING_MW,10,
7/25/2026 6:50:00 AM,RTD,CLUZ,01TERRASOL_G01,G,7/25/2026 6:01:00 AM,7/25/2026 8:25:00 AM,MIN_OPERATING_MW,10,
7/25/2026 6:50:00 AM,RTD,CLUZ,03LUNSOL_G01,G,7/25/2026 6:46:00 AM,7/25/2026 6:50:00 AM,MAX_OPERATING_MW,7.53,
7/25/2026 6:50:00 AM,RTD,CLUZ,03LUNSOL_G01,G,7/25/2026 6:46:00 AM,7/25/2026 6:50:00 AM,MIN_OPERATING_MW,7.53,
7/25/2026 6:50:00 AM,RTD,CLUZ,03LUNSOL_G01,G,7/25/2026 6:51:00 AM,7/25/2026 6:55:00 AM,MAX_OPERATING_MW,8.27,
7/25/2026 6:50:00 AM,RTD,CLUZ,03LUNSOL_G01,G,7/25/2026 6:51:00 AM,7/25/2026 6:55:00 AM,MIN_OPERATING_MW,8.27,
7/25/2026 6:50:00 AM,RTD,CVIS,05EAUC_BAT,G,7/25/2026 4:36:00 AM,7/25/2026 8:05:00 AM,MAX_OPERATING_MW,13,
7/25/2026 6:50:00 AM,RTD,CVIS,05EAUC_BAT,G,7/25/2026 4:36:00 AM,7/25/2026 8:05:00 AM,MIN_OPERATING_MW,13,
7/25/2026 6:50:00 AM,RTD,CVIS,06SLYSOL_G02,G,7/25/2026 6:01:00 AM,7/25/2026 7:00:00 AM,MAX_OPERATING_MW,1.53,
7/25/2026 6:50:00 AM,RTD,CVIS,06SLYSOL_G02,G,7/25/2026 6:01:00 AM,7/25/2026 7:00:00 AM,MIN_OPERATING_MW,1.53,
7/25/2026 6:50:00 AM,RTD,CVIS,06SLYSOL_G03,G,7/25/2026 6:01:00 AM,7/25/2026 7:00:00 AM,MAX_OPERATING_MW,0.37,
7/25/2026 6:50:00 AM,RTD,CVIS,06SLYSOL_G03,G,7/25/2026 6:01:00 AM,7/25/2026 7:00:00 AM,MIN_OPERATING_MW,0.37,
7/25/2026 6:50:00 AM,RTD,CMIN,10LIAN_G02,G,7/25/2026 12:05:00 AM,7/25/2026 11:59:00 PM,MAX_OPERATING_MW,6,
7/25/2026 6:50:00 AM,RTD,CMIN,10LIAN_G02,G,7/25/2026 12:05:00 AM,7/25/2026 11:59:00 PM,MIN_OPERATING_MW,3,
7/25/2026 6:50:00 AM,RTD,CMIN,11MALADU_G01,G,7/25/2026 12:01:00 AM,7/26/2026,MAX_OPERATING_MW,9.50,
7/25/2026 6:50:00 AM,RTD,CMIN,11MALADU_G01,G,7/25/2026 12:01:00 AM,7/26/2026,MIN_OPERATING_MW,9.50,
7/25/2026 6:55:00 AM,RTD,CLUZ,01BARBASOL_G01,G,7/25/2026 6:51:00 AM,7/25/2026 6:55:00 AM,MAX_OPERATING_MW,11.48,
7/25/2026 6:55:00 AM,RTD,CLUZ,01BARBASOL_G01,G,7/25/2026 6:51:00 AM,7/25/2026 6:55:00 AM,MIN_OPERATING_MW,11.48,
7/25/2026 6:55:00 AM,RTD,CLUZ,01BARBASOL_G01,G,7/25/2026 6:56:00 AM,7/25/2026 7:00:00 AM,MAX_OPERATING_MW,12.63,
7/25/2026 6:55:00 AM,RTD,CLUZ,01BARBASOL_G01,G,7/25/2026 6:56:00 AM,7/25/2026 7:00:00 AM,MIN_OPERATING_MW,12.63,
7/25/2026 6:55:00 AM,RTD,CLUZ,01BUGSOL_G01,G,7/25/2026 6:51:00 AM,7/25/2026 6:55:00 AM,MAX_OPERATING_MW,24.64,
7/25/2026 6:55:00 AM,RTD,CLUZ,01BUGSOL_G01,G,7/25/2026 6:51:00 AM,7/25/2026 6:55:00 AM,MIN_OPERATING_MW,24.64,
7/25/2026 6:55:00 AM,RTD,CLUZ,01BUGSOL_G01,G,7/25/2026 6:56:00 AM,7/25/2026 7:00:00 AM,MAX_OPERATING_MW,26.06,
7/25/2026 6:55:00 AM,RTD,CLUZ,01BUGSOL_G01,G,7/25/2026 6:56:00 AM,7/25/2026 7:00:00 AM,MIN_OPERATING_MW,26.06,
7/25/2026 6:55:00 AM,RTD,CLUZ,01BULACSOL_G01,G,7/25/2026 6:01:00 AM,7/25/2026 7:00:00 AM,MAX_OPERATING_MW,0.29,
7/25/2026 6:55:00 AM,RTD,CLUZ,01BULACSOL_G01,G,7/25/2026 6:01:00 AM,7/25/2026 7:00:00 AM,MIN_OPERATING_MW,0.29,
7/25/2026 6:55:00 AM,RTD,CLUZ,01MSINLO_G04,G,7/25/2026 6:51:00 AM,7/26/2026,MAX_OPERATING_MW,150,
7/25/2026 6:55:00 AM,RTD,CLUZ,01MSINLO_G04,G,7/25/2026 6:51:00 AM,7/26/2026,MIN_OPERATING_MW,150,
7/25/2026 6:55:00 AM,RTD,CLUZ,01PASBUSOL_G01,G,7/25/2026 6:01:00 AM,7/25/2026 7:00:00 AM,MAX_OPERATING_MW,2.35,
7/25/2026 6:55:00 AM,RTD,CLUZ,01PASBUSOL_G01,G,7/25/2026 6:01:00 AM,7/25/2026 7:00:00 AM,MIN_OPERATING_MW,2.35,
7/25/2026 6:55:00 AM,RTD,CLUZ,01TERRASOL_G01,G,7/25/2026 6:01:00 AM,7/25/2026 8:25:00 AM,MAX_OPERATING_MW,10,
7/25/2026 6:55:00 AM,RTD,CLUZ,01TERRASOL_G01,G,7/25/2026 6:01:00 AM,7/25/2026 8:25:00 AM,MIN_OPERATING_MW,10,
7/25/2026 6:55:00 AM,RTD,CLUZ,03LUNSOL_G01,G,7/25/2026 6:51:00 AM,7/25/2026 6:55:00 AM,MAX_OPERATING_MW,8.27,
7/25/2026 6:55:00 AM,RTD,CLUZ,03LUNSOL_G01,G,7/25/2026 6:51:00 AM,7/25/2026 6:55:00 AM,MIN_OPERATING_MW,8.27,
7/25/2026 6:55:00 AM,RTD,CLUZ,03LUNSOL_G01,G,7/25/2026 6:56:00 AM,7/25/2026 7:00:00 AM,MAX_OPERATING_MW,9.05,
7/25/2026 6:55:00 AM,RTD,CLUZ,03LUNSOL_G01,G,7/25/2026 6:56:00 AM,7/25/2026 7:00:00 AM,MIN_OPERATING_MW,9.05,
7/25/2026 6:55:00 AM,RTD,CVIS,05EAUC_BAT,G,7/25/2026 4:36:00 AM,7/25/2026 8:05:00 AM,MAX_OPERATING_MW,13,
7/25/2026 6:55:00 AM,RTD,CVIS,05EAUC_BAT,G,7/25/2026 4:36:00 AM,7/25/2026 8:05:00 AM,MIN_OPERATING_MW,13,
7/25/2026 6:55:00 AM,RTD,CVIS,06SLYSOL_G02,G,7/25/2026 6:01:00 AM,7/25/2026 7:00:00 AM,MAX_OPERATING_MW,1.53,
7/25/2026 6:55:00 AM,RTD,CVIS,06SLYSOL_G02,G,7/25/2026 6:01:00 AM,7/25/2026 7:00:00 AM,MIN_OPERATING_MW,1.53,
7/25/2026 6:55:00 AM,RTD,CVIS,06SLYSOL_G03,G,7/25/2026 6:01:00 AM,7/25/2026 7:00:00 AM,MAX_OPERATING_MW,0.37,
7/25/2026 6:55:00 AM,RTD,CVIS,06SLYSOL_G03,G,7/25/2026 6:01:00 AM,7/25/2026 7:00:00 AM,MIN_OPERATING_MW,0.37,
7/25/2026 6:55:00 AM,RTD,CMIN,10LIAN_G02,G,7/25/2026 12:05:00 AM,7/25/2026 11:59:00 PM,MAX_OPERATING_MW,6,
7/25/2026 6:55:00 AM,RTD,CMIN,10LIAN_G02,G,7/25/2026 12:05:00 AM,7/25/2026 11:59:00 PM,MIN_OPERATING_MW,3,
7/25/2026 6:55:00 AM,RTD,CMIN,11MALADU_G01,G,7/25/2026 12:01:00 AM,7/26/2026,MAX_OPERATING_MW,9.50,
7/25/2026 6:55:00 AM,RTD,CMIN,11MALADU_G01,G,7/25/2026 12:01:00 AM,7/26/2026,MIN_OPERATING_MW,9.50,
7/25/2026 7:00:00 AM,RTD,CLUZ,01BARBASOL_G01,G,7/25/2026 6:56:00 AM,7/25/2026 7:00:00 AM,MAX_OPERATING_MW,12.63,
7/25/2026 7:00:00 AM,RTD,CLUZ,01BARBASOL_G01,G,7/25/2026 6:56:00 AM,7/25/2026 7:00:00 AM,MIN_OPERATING_MW,12.63,
7/25/2026 7:00:00 AM,RTD,CLUZ,01BARBASOL_G01,G,7/25/2026 7:01:00 AM,7/25/2026 7:05:00 AM,MAX_OPERATING_MW,13.80,
7/25/2026 7:00:00 AM,RTD,CLUZ,01BARBASOL_G01,G,7/25/2026 7:01:00 AM,7/25/2026 7:05:00 AM,MIN_OPERATING_MW,13.80,
7/25/2026 7:00:00 AM,RTD,CLUZ,01BUGSOL_G01,G,7/25/2026 6:56:00 AM,7/25/2026 7:00:00 AM,MAX_OPERATING_MW,26.06,
7/25/2026 7:00:00 AM,RTD,CLUZ,01BUGSOL_G01,G,7/25/2026 6:56:00 AM,7/25/2026 7:00:00 AM,MIN_OPERATING_MW,26.06,
7/25/2026 7:00:00 AM,RTD,CLUZ,01BUGSOL_G01,G,7/25/2026 7:01:00 AM,7/25/2026 7:05:00 AM,MAX_OPERATING_MW,26.06,
7/25/2026 7:00:00 AM,RTD,CLUZ,01BUGSOL_G01,G,7/25/2026 7:01:00 AM,7/25/2026 7:05:00 AM,MIN_OPERATING_MW,26.06,
7/25/2026 7:00:00 AM,RTD,CLUZ,01BULACSOL_G01,G,7/25/2026 6:01:00 AM,7/25/2026 7:00:00 AM,MAX_OPERATING_MW,0.29,
7/25/2026 7:00:00 AM,RTD,CLUZ,01BULACSOL_G01,G,7/25/2026 6:01:00 AM,7/25/2026 7:00:00 AM,MIN_OPERATING_MW,0.29,
7/25/2026 7:00:00 AM,RTD,CLUZ,01BULACSOL_G01,G,7/25/2026 7:01:00 AM,7/25/2026 8:00:00 AM,MAX_OPERATING_MW,1.15,
7/25/2026 7:00:00 AM,RTD,CLUZ,01BULACSOL_G01,G,7/25/2026 7:01:00 AM,7/25/2026 8:00:00 AM,MIN_OPERATING_MW,1.15,
7/25/2026 7:00:00 AM,RTD,CLUZ,01MSINLO_G04,G,7/25/2026 6:51:00 AM,7/26/2026,MAX_OPERATING_MW,150,
7/25/2026 7:00:00 AM,RTD,CLUZ,01MSINLO_G04,G,7/25/2026 6:51:00 AM,7/26/2026,MIN_OPERATING_MW,150,
7/25/2026 7:00:00 AM,RTD,CLUZ,01PASBUSOL_G01,G,7/25/2026 6:01:00 AM,7/25/2026 7:00:00 AM,MAX_OPERATING_MW,2.35,
7/25/2026 7:00:00 AM,RTD,CLUZ,01PASBUSOL_G01,G,7/25/2026 6:01:00 AM,7/25/2026 7:00:00 AM,MIN_OPERATING_MW,2.35,
7/25/2026 7:00:00 AM,RTD,CLUZ,01PASBUSOL_G01,G,7/25/2026 7:01:00 AM,7/25/2026 8:00:00 AM,MAX_OPERATING_MW,8.17,
7/25/2026 7:00:00 AM,RTD,CLUZ,01PASBUSOL_G01,G,7/25/2026 7:01:00 AM,7/25/2026 8:00:00 AM,MIN_OPERATING_MW,8.17,
7/25/2026 7:00:00 AM,RTD,CLUZ,01TERRASOL_G01,G,7/25/2026 6:01:00 AM,7/25/2026 8:25:00 AM,MAX_OPERATING_MW,10,
7/25/2026 7:00:00 AM,RTD,CLUZ,01TERRASOL_G01,G,7/25/2026 6:01:00 AM,7/25/2026 8:25:00 AM,MIN_OPERATING_MW,10,
7/25/2026 7:00:00 AM,RTD,CLUZ,03LUNSOL_G01,G,7/25/2026 6:56:00 AM,7/25/2026 7:00:00 AM,MAX_OPERATING_MW,9.05,
7/25/2026 7:00:00 AM,RTD,CLUZ,03LUNSOL_G01,G,7/25/2026 6:56:00 AM,7/25/2026 7:00:00 AM,MIN_OPERATING_MW,9.05,
7/25/2026 7:00:00 AM,RTD,CLUZ,03LUNSOL_G01,G,7/25/2026 7:01:00 AM,7/25/2026 7:05:00 AM,MAX_OPERATING_MW,9.85,
7/25/2026 7:00:00 AM,RTD,CLUZ,03LUNSOL_G01,G,7/25/2026 7:01:00 AM,7/25/2026 7:05:00 AM,MIN_OPERATING_MW,9.85,
7/25/2026 7:00:00 AM,RTD,CVIS,04TABAN_BAT,G,7/25/2026 7:01:00 AM,7/25/2026 8:00:00 AM,MAX_OPERATING_MW,-4,
7/25/2026 7:00:00 AM,RTD,CVIS,04TABAN_BAT,G,7/25/2026 7:01:00 AM,7/25/2026 8:00:00 AM,MIN_OPERATING_MW,-4,
7/25/2026 7:00:00 AM,RTD,CVIS,05EAUC_BAT,G,7/25/2026 4:36:00 AM,7/25/2026 8:05:00 AM,MAX_OPERATING_MW,13,
7/25/2026 7:00:00 AM,RTD,CVIS,05EAUC_BAT,G,7/25/2026 4:36:00 AM,7/25/2026 8:05:00 AM,MIN_OPERATING_MW,13,
7/25/2026 7:00:00 AM,RTD,CVIS,06SLYSOL_G02,G,7/25/2026 6:01:00 AM,7/25/2026 7:00:00 AM,MAX_OPERATING_MW,1.53,
7/25/2026 7:00:00 AM,RTD,CVIS,06SLYSOL_G02,G,7/25/2026 6:01:00 AM,7/25/2026 7:00:00 AM,MIN_OPERATING_MW,1.53,
7/25/2026 7:00:00 AM,RTD,CVIS,06SLYSOL_G02,G,7/25/2026 7:01:00 AM,7/25/2026 8:00:00 AM,MAX_OPERATING_MW,0.68,
7/25/2026 7:00:00 AM,RTD,CVIS,06SLYSOL_G02,G,7/25/2026 7:01:00 AM,7/25/2026 8:00:00 AM,MIN_OPERATING_MW,0.68,
7/25/2026 7:00:00 AM,RTD,CVIS,06SLYSOL_G03,G,7/25/2026 6:01:00 AM,7/25/2026 7:00:00 AM,MAX_OPERATING_MW,0.37,
7/25/2026 7:00:00 AM,RTD,CVIS,06SLYSOL_G03,G,7/25/2026 6:01:00 AM,7/25/2026 7:00:00 AM,MIN_OPERATING_MW,0.37,
7/25/2026 7:00:00 AM,RTD,CVIS,06SLYSOL_G03,G,7/25/2026 7:01:00 AM,7/25/2026 8:00:00 AM,MAX_OPERATING_MW,1,
7/25/2026 7:00:00 AM,RTD,CVIS,06SLYSOL_G03,G,7/25/2026 7:01:00 AM,7/25/2026 8:00:00 AM,MIN_OPERATING_MW,1,
7/25/2026 7:00:00 AM,RTD,CMIN,10LIAN_G02,G,7/25/2026 12:05:00 AM,7/25/2026 11:59:00 PM,MAX_OPERATING_MW,6,
7/25/2026 7:00:00 AM,RTD,CMIN,10LIAN_G02,G,7/25/2026 12:05:00 AM,7/25/2026 11:59:00 PM,MIN_OPERATING_MW,3,
7/25/2026 7:00:00 AM,RTD,CMIN,11MALADU_G01,G,7/25/2026 12:01:00 AM,7/26/2026,MAX_OPERATING_MW,9.50,
7/25/2026 7:00:00 AM,RTD,CMIN,11MALADU_G01,G,7/25/2026 12:01:00 AM,7/26/2026,MIN_OPERATING_MW,9.50,
7/25/2026 7:05:00 AM,RTD,CLUZ,01BARBASOL_G01,G,7/25/2026 7:01:00 AM,7/25/2026 7:05:00 AM,MAX_OPERATING_MW,13.80,
7/25/2026 7:05:00 AM,RTD,CLUZ,01BARBASOL_G01,G,7/25/2026 7:01:00 AM,7/25/2026 7:05:00 AM,MIN_OPERATING_MW,13.80,
7/25/2026 7:05:00 AM,RTD,CLUZ,01BARBASOL_G01,G,7/25/2026 7:06:00 AM,7/25/2026 7:10:00 AM,MAX_OPERATING_MW,15.05,
7/25/2026 7:05:00 AM,RTD,CLUZ,01BARBASOL_G01,G,7/25/2026 7:06:00 AM,7/25/2026 7:10:00 AM,MIN_OPERATING_MW,15.05,
7/25/2026 7:05:00 AM,RTD,CLUZ,01BUGSOL_G01,G,7/25/2026 7:01:00 AM,7/25/2026 7:05:00 AM,MAX_OPERATING_MW,26.06,
7/25/2026 7:05:00 AM,RTD,CLUZ,01BUGSOL_G01,G,7/25/2026 7:01:00 AM,7/25/2026 7:05:00 AM,MIN_OPERATING_MW,26.06,
7/25/2026 7:05:00 AM,RTD,CLUZ,01BUGSOL_G01,G,7/25/2026 7:06:00 AM,7/25/2026 7:10:00 AM,MAX_OPERATING_MW,29.35,
7/25/2026 7:05:00 AM,RTD,CLUZ,01BUGSOL_G01,G,7/25/2026 7:06:00 AM,7/25/2026 7:10:00 AM,MIN_OPERATING_MW,29.35,
7/25/2026 7:05:00 AM,RTD,CLUZ,01BULACSOL_G01,G,7/25/2026 7:01:00 AM,7/25/2026 8:00:00 AM,MAX_OPERATING_MW,1.15,
7/25/2026 7:05:00 AM,RTD,CLUZ,01BULACSOL_G01,G,7/25/2026 7:01:00 AM,7/25/2026 8:00:00 AM,MIN_OPERATING_MW,1.15,
7/25/2026 7:05:00 AM,RTD,CLUZ,01MSINLO_G04,G,7/25/2026 6:51:00 AM,7/26/2026,MAX_OPERATING_MW,150,
7/25/2026 7:05:00 AM,RTD,CLUZ,01MSINLO_G04,G,7/25/2026 6:51:00 AM,7/26/2026,MIN_OPERATING_MW,150,
7/25/2026 7:05:00 AM,RTD,CLUZ,01PASBUSOL_G01,G,7/25/2026 7:01:00 AM,7/25/2026 8:00:00 AM,MAX_OPERATING_MW,8.17,
7/25/2026 7:05:00 AM,RTD,CLUZ,01PASBUSOL_G01,G,7/25/2026 7:01:00 AM,7/25/2026 8:00:00 AM,MIN_OPERATING_MW,8.17,
7/25/2026 7:05:00 AM,RTD,CLUZ,01TERRASOL_G01,G,7/25/2026 6:01:00 AM,7/25/2026 8:25:00 AM,MAX_OPERATING_MW,10,
7/25/2026 7:05:00 AM,RTD,CLUZ,01TERRASOL_G01,G,7/25/2026 6:01:00 AM,7/25/2026 8:25:00 AM,MIN_OPERATING_MW,10,
7/25/2026 7:05:00 AM,RTD,CLUZ,03LUNSOL_G01,G,7/25/2026 7:01:00 AM,7/25/2026 7:05:00 AM,MAX_OPERATING_MW,9.85,
7/25/2026 7:05:00 AM,RTD,CLUZ,03LUNSOL_G01,G,7/25/2026 7:01:00 AM,7/25/2026 7:05:00 AM,MIN_OPERATING_MW,9.85,
7/25/2026 7:05:00 AM,RTD,CLUZ,03LUNSOL_G01,G,7/25/2026 7:06:00 AM,7/25/2026 7:10:00 AM,MAX_OPERATING_MW,10.67,
7/25/2026 7:05:00 AM,RTD,CLUZ,03LUNSOL_G01,G,7/25/2026 7:06:00 AM,7/25/2026 7:10:00 AM,MIN_OPERATING_MW,10.67,
7/25/2026 7:05:00 AM,RTD,CVIS,05EAUC_BAT,G,7/25/2026 4:36:00 AM,7/25/2026 8:05:00 AM,MAX_OPERATING_MW,13,
7/25/2026 7:05:00 AM,RTD,CVIS,05EAUC_BAT,G,7/25/2026 4:36:00 AM,7/25/2026 8:05:00 AM,MIN_OPERATING_MW,13,
7/25/2026 7:05:00 AM,RTD,CVIS,06SLYSOL_G02,G,7/25/2026 7:01:00 AM,7/25/2026 8:00:00 AM,MAX_OPERATING_MW,0.68,
7/25/2026 7:05:00 AM,RTD,CVIS,06SLYSOL_G02,G,7/25/2026 7:01:00 AM,7/25/2026 8:00:00 AM,MIN_OPERATING_MW,0.68,
7/25/2026 7:05:00 AM,RTD,CVIS,06SLYSOL_G03,G,7/25/2026 7:01:00 AM,7/25/2026 8:00:00 AM,MAX_OPERATING_MW,1,
7/25/2026 7:05:00 AM,RTD,CVIS,06SLYSOL_G03,G,7/25/2026 7:01:00 AM,7/25/2026 8:00:00 AM,MIN_OPERATING_MW,1,
7/25/2026 7:05:00 AM,RTD,CMIN,10LIAN_G02,G,7/25/2026 12:05:00 AM,7/25/2026 11:59:00 PM,MAX_OPERATING_MW,6,
7/25/2026 7:05:00 AM,RTD,CMIN,10LIAN_G02,G,7/25/2026 12:05:00 AM,7/25/2026 11:59:00 PM,MIN_OPERATING_MW,3,
7/25/2026 7:05:00 AM,RTD,CMIN,11MALADU_G01,G,7/25/2026 12:01:00 AM,7/26/2026,MAX_OPERATING_MW,9.50,
7/25/2026 7:05:00 AM,RTD,CMIN,11MALADU_G01,G,7/25/2026 12:01:00 AM,7/26/2026,MIN_OPERATING_MW,9.50,
7/25/2026 7:10:00 AM,RTD,CLUZ,01BARBASOL_G01,G,7/25/2026 7:06:00 AM,7/25/2026 7:10:00 AM,MAX_OPERATING_MW,15.05,
7/25/2026 7:10:00 AM,RTD,CLUZ,01BARBASOL_G01,G,7/25/2026 7:06:00 AM,7/25/2026 7:10:00 AM,MIN_OPERATING_MW,15.05,
7/25/2026 7:10:00 AM,RTD,CLUZ,01BARBASOL_G01,G,7/25/2026 7:11:00 AM,7/25/2026 7:15:00 AM,MAX_OPERATING_MW,16.36,
7/25/2026 7:10:00 AM,RTD,CLUZ,01BARBASOL_G01,G,7/25/2026 7:11:00 AM,7/25/2026 7:15:00 AM,MIN_OPERATING_MW,16.36,
7/25/2026 7:10:00 AM,RTD,CLUZ,01BUGSOL_G01,G,7/25/2026 7:06:00 AM,7/25/2026 7:10:00 AM,MAX_OPERATING_MW,29.35,
7/25/2026 7:10:00 AM,RTD,CLUZ,01BUGSOL_G01,G,7/25/2026 7:06:00 AM,7/25/2026 7:10:00 AM,MIN_OPERATING_MW,29.35,
7/25/2026 7:10:00 AM,RTD,CLUZ,01BUGSOL_G01,G,7/25/2026 7:11:00 AM,7/25/2026 7:15:00 AM,MAX_OPERATING_MW,27.11,
7/25/2026 7:10:00 AM,RTD,CLUZ,01BUGSOL_G01,G,7/25/2026 7:11:00 AM,7/25/2026 7:15:00 AM,MIN_OPERATING_MW,27.11,
7/25/2026 7:10:00 AM,RTD,CLUZ,01BULACSOL_G01,G,7/25/2026 7:01:00 AM,7/25/2026 8:00:00 AM,MAX_OPERATING_MW,1.15,
7/25/2026 7:10:00 AM,RTD,CLUZ,01BULACSOL_G01,G,7/25/2026 7:01:00 AM,7/25/2026 8:00:00 AM,MIN_OPERATING_MW,1.15,
7/25/2026 7:10:00 AM,RTD,CLUZ,01MSINLO_G04,G,7/25/2026 6:51:00 AM,7/26/2026,MAX_OPERATING_MW,150,
7/25/2026 7:10:00 AM,RTD,CLUZ,01MSINLO_G04,G,7/25/2026 6:51:00 AM,7/26/2026,MIN_OPERATING_MW,150,
7/25/2026 7:10:00 AM,RTD,CLUZ,01PASBUSOL_G01,G,7/25/2026 7:01:00 AM,7/25/2026 8:00:00 AM,MAX_OPERATING_MW,8.17,
7/25/2026 7:10:00 AM,RTD,CLUZ,01PASBUSOL_G01,G,7/25/2026 7:01:00 AM,7/25/2026 8:00:00 AM,MIN_OPERATING_MW,8.17,
7/25/2026 7:10:00 AM,RTD,CLUZ,01TERRASOL_G01,G,7/25/2026 6:01:00 AM,7/25/2026 8:25:00 AM,MAX_OPERATING_MW,10,
7/25/2026 7:10:00 AM,RTD,CLUZ,01TERRASOL_G01,G,7/25/2026 6:01:00 AM,7/25/2026 8:25:00 AM,MIN_OPERATING_MW,10,
7/25/2026 7:10:00 AM,RTD,CLUZ,03LUNSOL_G01,G,7/25/2026 7:06:00 AM,7/25/2026 7:10:00 AM,MAX_OPERATING_MW,10.67,
7/25/2026 7:10:00 AM,RTD,CLUZ,03LUNSOL_G01,G,7/25/2026 7:06:00 AM,7/25/2026 7:10:00 AM,MIN_OPERATING_MW,10.67,
7/25/2026 7:10:00 AM,RTD,CLUZ,03LUNSOL_G01,G,7/25/2026 7:11:00 AM,7/25/2026 7:15:00 AM,MAX_OPERATING_MW,11.50,
7/25/2026 7:10:00 AM,RTD,CLUZ,03LUNSOL_G01,G,7/25/2026 7:11:00 AM,7/25/2026 7:15:00 AM,MIN_OPERATING_MW,11.50,
7/25/2026 7:10:00 AM,RTD,CVIS,05EAUC_BAT,G,7/25/2026 4:36:00 AM,7/25/2026 8:05:00 AM,MAX_OPERATING_MW,13,
7/25/2026 7:10:00 AM,RTD,CVIS,05EAUC_BAT,G,7/25/2026 4:36:00 AM,7/25/2026 8:05:00 AM,MIN_OPERATING_MW,13,
7/25/2026 7:10:00 AM,RTD,CVIS,06SLYSOL_G02,G,7/25/2026 7:01:00 AM,7/25/2026 8:00:00 AM,MAX_OPERATING_MW,0.68,
7/25/2026 7:10:00 AM,RTD,CVIS,06SLYSOL_G02,G,7/25/2026 7:01:00 AM,7/25/2026 8:00:00 AM,MIN_OPERATING_MW,0.68,
7/25/2026 7:10:00 AM,RTD,CVIS,06SLYSOL_G03,G,7/25/2026 7:01:00 AM,7/25/2026 8:00:00 AM,MAX_OPERATING_MW,1,
7/25/2026 7:10:00 AM,RTD,CVIS,06SLYSOL_G03,G,7/25/2026 7:01:00 AM,7/25/2026 8:00:00 AM,MIN_OPERATING_MW,1,
7/25/2026 7:10:00 AM,RTD,CMIN,10LIAN_G02,G,7/25/2026 12:05:00 AM,7/25/2026 11:59:00 PM,MAX_OPERATING_MW,6,
7/25/2026 7:10:00 AM,RTD,CMIN,10LIAN_G02,G,7/25/2026 12:05:00 AM,7/25/2026 11:59:00 PM,MIN_OPERATING_MW,3,
7/25/2026 7:10:00 AM,RTD,CMIN,11MALADU_G01,G,7/25/2026 12:01:00 AM,7/26/2026,MAX_OPERATING_MW,9.50,
7/25/2026 7:10:00 AM,RTD,CMIN,11MALADU_G01,G,7/25/2026 12:01:00 AM,7/26/2026,MIN_OPERATING_MW,9.50,
7/25/2026 7:15:00 AM,RTD,CLUZ,01BARBASOL_G01,G,7/25/2026 7:11:00 AM,7/25/2026 7:15:00 AM,MAX_OPERATING_MW,16.36,
7/25/2026 7:15:00 AM,RTD,CLUZ,01BARBASOL_G01,G,7/25/2026 7:11:00 AM,7/25/2026 7:15:00 AM,MIN_OPERATING_MW,16.36,
7/25/2026 7:15:00 AM,RTD,CLUZ,01BARBASOL_G01,G,7/25/2026 7:16:00 AM,7/25/2026 7:20:00 AM,MAX_OPERATING_MW,17.72,
7/25/2026 7:15:00 AM,RTD,CLUZ,01BARBASOL_G01,G,7/25/2026 7:16:00 AM,7/25/2026 7:20:00 AM,MIN_OPERATING_MW,17.72,
7/25/2026 7:15:00 AM,RTD,CLUZ,01BUGSOL_G01,G,7/25/2026 7:11:00 AM,7/25/2026 7:15:00 AM,MAX_OPERATING_MW,27.11,
7/25/2026 7:15:00 AM,RTD,CLUZ,01BUGSOL_G01,G,7/25/2026 7:11:00 AM,7/25/2026 7:15:00 AM,MIN_OPERATING_MW,27.11,
7/25/2026 7:15:00 AM,RTD,CLUZ,01BUGSOL_G01,G,7/25/2026 7:16:00 AM,7/25/2026 7:20:00 AM,MAX_OPERATING_MW,29.03,
7/25/2026 7:15:00 AM,RTD,CLUZ,01BUGSOL_G01,G,7/25/2026 7:16:00 AM,7/25/2026 7:20:00 AM,MIN_OPERATING_MW,29.03,
7/25/2026 7:15:00 AM,RTD,CLUZ,01BULACSOL_G01,G,7/25/2026 7:01:00 AM,7/25/2026 8:00:00 AM,MAX_OPERATING_MW,1.15,
7/25/2026 7:15:00 AM,RTD,CLUZ,01BULACSOL_G01,G,7/25/2026 7:01:00 AM,7/25/2026 8:00:00 AM,MIN_OPERATING_MW,1.15,
7/25/2026 7:15:00 AM,RTD,CLUZ,01MSINLO_G04,G,7/25/2026 6:51:00 AM,7/26/2026,MAX_OPERATING_MW,150,
7/25/2026 7:15:00 AM,RTD,CLUZ,01MSINLO_G04,G,7/25/2026 6:51:00 AM,7/26/2026,MIN_OPERATING_MW,150,
7/25/2026 7:15:00 AM,RTD,CLUZ,01PASBUSOL_G01,G,7/25/2026 7:01:00 AM,7/25/2026 8:00:00 AM,MAX_OPERATING_MW,8.17,
7/25/2026 7:15:00 AM,RTD,CLUZ,01PASBUSOL_G01,G,7/25/2026 7:01:00 AM,7/25/2026 8:00:00 AM,MIN_OPERATING_MW,8.17,
7/25/2026 7:15:00 AM,RTD,CLUZ,01TERRASOL_G01,G,7/25/2026 6:01:00 AM,7/25/2026 8:25:00 AM,MAX_OPERATING_MW,10,
7/25/2026 7:15:00 AM,RTD,CLUZ,01TERRASOL_G01,G,7/25/2026 6:01:00 AM,7/25/2026 8:25:00 AM,MIN_OPERATING_MW,10,
7/25/2026 7:15:00 AM,RTD,CLUZ,03LUNSOL_G01,G,7/25/2026 7:11:00 AM,7/25/2026 7:15:00 AM,MAX_OPERATING_MW,11.50,
7/25/2026 7:15:00 AM,RTD,CLUZ,03LUNSOL_G01,G,7/25/2026 7:11:00 AM,7/25/2026 7:15:00 AM,MIN_OPERATING_MW,11.50,
7/25/2026 7:15:00 AM,RTD,CLUZ,03LUNSOL_G01,G,7/25/2026 7:16:00 AM,7/25/2026 7:20:00 AM,MAX_OPERATING_MW,12.32,
7/25/2026 7:15:00 AM,RTD,CLUZ,03LUNSOL_G01,G,7/25/2026 7:16:00 AM,7/25/2026 7:20:00 AM,MIN_OPERATING_MW,12.32,
7/25/2026 7:15:00 AM,RTD,CVIS,05EAUC_BAT,G,7/25/2026 4:36:00 AM,7/25/2026 8:05:00 AM,MAX_OPERATING_MW,13,
7/25/2026 7:15:00 AM,RTD,CVIS,05EAUC_BAT,G,7/25/2026 4:36:00 AM,7/25/2026 8:05:00 AM,MIN_OPERATING_MW,13,
7/25/2026 7:15:00 AM,RTD,CVIS,06SLYSOL_G02,G,7/25/2026 7:01:00 AM,7/25/2026 8:00:00 AM,MAX_OPERATING_MW,0.68,
7/25/2026 7:15:00 AM,RTD,CVIS,06SLYSOL_G02,G,7/25/2026 7:01:00 AM,7/25/2026 8:00:00 AM,MIN_OPERATING_MW,0.68,
7/25/2026 7:15:00 AM,RTD,CVIS,06SLYSOL_G03,G,7/25/2026 7:01:00 AM,7/25/2026 8:00:00 AM,MAX_OPERATING_MW,1,
7/25/2026 7:15:00 AM,RTD,CVIS,06SLYSOL_G03,G,7/25/2026 7:01:00 AM,7/25/2026 8:00:00 AM,MIN_OPERATING_MW,1,
7/25/2026 7:15:00 AM,RTD,CMIN,10LIAN_G02,G,7/25/2026 12:05:00 AM,7/25/2026 11:59:00 PM,MAX_OPERATING_MW,6,
7/25/2026 7:15:00 AM,RTD,CMIN,10LIAN_G02,G,7/25/2026 12:05:00 AM,7/25/2026 11:59:00 PM,MIN_OPERATING_MW,3,
7/25/2026 7:15:00 AM,RTD,CMIN,11MALADU_G01,G,7/25/2026 12:01:00 AM,7/26/2026,MAX_OPERATING_MW,9.50,
7/25/2026 7:15:00 AM,RTD,CMIN,11MALADU_G01,G,7/25/2026 12:01:00 AM,7/26/2026,MIN_OPERATING_MW,9.50,
7/25/2026 7:20:00 AM,RTD,CLUZ,01BARBASOL_G01,G,7/25/2026 7:16:00 AM,7/25/2026 7:20:00 AM,MAX_OPERATING_MW,17.72,
7/25/2026 7:20:00 AM,RTD,CLUZ,01BARBASOL_G01,G,7/25/2026 7:16:00 AM,7/25/2026 7:20:00 AM,MIN_OPERATING_MW,17.72,
7/25/2026 7:20:00 AM,RTD,CLUZ,01BARBASOL_G01,G,7/25/2026 7:21:00 AM,7/25/2026 7:25:00 AM,MAX_OPERATING_MW,19.13,
7/25/2026 7:20:00 AM,RTD,CLUZ,01BARBASOL_G01,G,7/25/2026 7:21:00 AM,7/25/2026 7:25:00 AM,MIN_OPERATING_MW,19.13,
7/25/2026 7:20:00 AM,RTD,CLUZ,01BUGSOL_G01,G,7/25/2026 7:16:00 AM,7/25/2026 7:20:00 AM,MAX_OPERATING_MW,29.03,
7/25/2026 7:20:00 AM,RTD,CLUZ,01BUGSOL_G01,G,7/25/2026 7:16:00 AM,7/25/2026 7:20:00 AM,MIN_OPERATING_MW,29.03,
7/25/2026 7:20:00 AM,RTD,CLUZ,01BUGSOL_G01,G,7/25/2026 7:21:00 AM,7/25/2026 7:25:00 AM,MAX_OPERATING_MW,33.65,
7/25/2026 7:20:00 AM,RTD,CLUZ,01BUGSOL_G01,G,7/25/2026 7:21:00 AM,7/25/2026 7:25:00 AM,MIN_OPERATING_MW,33.65,
7/25/2026 7:20:00 AM,RTD,CLUZ,01BULACSOL_G01,G,7/25/2026 7:01:00 AM,7/25/2026 8:00:00 AM,MAX_OPERATING_MW,1.15,
7/25/2026 7:20:00 AM,RTD,CLUZ,01BULACSOL_G01,G,7/25/2026 7:01:00 AM,7/25/2026 8:00:00 AM,MIN_OPERATING_MW,1.15,
7/25/2026 7:20:00 AM,RTD,CLUZ,01MSINLO_G04,G,7/25/2026 6:51:00 AM,7/26/2026,MAX_OPERATING_MW,150,
7/25/2026 7:20:00 AM,RTD,CLUZ,01MSINLO_G04,G,7/25/2026 6:51:00 AM,7/26/2026,MIN_OPERATING_MW,150,
7/25/2026 7:20:00 AM,RTD,CLUZ,01PASBUSOL_G01,G,7/25/2026 7:01:00 AM,7/25/2026 8:00:00 AM,MAX_OPERATING_MW,8.17,
7/25/2026 7:20:00 AM,RTD,CLUZ,01PASBUSOL_G01,G,7/25/2026 7:01:00 AM,7/25/2026 8:00:00 AM,MIN_OPERATING_MW,8.17,
7/25/2026 7:20:00 AM,RTD,CLUZ,01TERRASOL_G01,G,7/25/2026 6:01:00 AM,7/25/2026 8:25:00 AM,MAX_OPERATING_MW,10,
7/25/2026 7:20:00 AM,RTD,CLUZ,01TERRASOL_G01,G,7/25/2026 6:01:00 AM,7/25/2026 8:25:00 AM,MIN_OPERATING_MW,10,
7/25/2026 7:20:00 AM,RTD,CLUZ,03LUNSOL_G01,G,7/25/2026 7:16:00 AM,7/25/2026 7:20:00 AM,MAX_OPERATING_MW,12.32,
7/25/2026 7:20:00 AM,RTD,CLUZ,03LUNSOL_G01,G,7/25/2026 7:16:00 AM,7/25/2026 7:20:00 AM,MIN_OPERATING_MW,12.32,
7/25/2026 7:20:00 AM,RTD,CLUZ,03LUNSOL_G01,G,7/25/2026 7:21:00 AM,7/25/2026 7:25:00 AM,MAX_OPERATING_MW,13.13,
7/25/2026 7:20:00 AM,RTD,CLUZ,03LUNSOL_G01,G,7/25/2026 7:21:00 AM,7/25/2026 7:25:00 AM,MIN_OPERATING_MW,13.13,
7/25/2026 7:20:00 AM,RTD,CVIS,05EAUC_BAT,G,7/25/2026 4:36:00 AM,7/25/2026 8:05:00 AM,MAX_OPERATING_MW,13,
7/25/2026 7:20:00 AM,RTD,CVIS,05EAUC_BAT,G,7/25/2026 4:36:00 AM,7/25/2026 8:05:00 AM,MIN_OPERATING_MW,13,
7/25/2026 7:20:00 AM,RTD,CVIS,06SLYSOL_G02,G,7/25/2026 7:01:00 AM,7/25/2026 8:00:00 AM,MAX_OPERATING_MW,0.68,
7/25/2026 7:20:00 AM,RTD,CVIS,06SLYSOL_G02,G,7/25/2026 7:01:00 AM,7/25/2026 8:00:00 AM,MIN_OPERATING_MW,0.68,
7/25/2026 7:20:00 AM,RTD,CVIS,06SLYSOL_G03,G,7/25/2026 7:01:00 AM,7/25/2026 8:00:00 AM,MAX_OPERATING_MW,1,
7/25/2026 7:20:00 AM,RTD,CVIS,06SLYSOL_G03,G,7/25/2026 7:01:00 AM,7/25/2026 8:00:00 AM,MIN_OPERATING_MW,1,
7/25/2026 7:20:00 AM,RTD,CMIN,10LIAN_G02,G,7/25/2026 12:05:00 AM,7/25/2026 11:59:00 PM,MAX_OPERATING_MW,6,
7/25/2026 7:20:00 AM,RTD,CMIN,10LIAN_G02,G,7/25/2026 12:05:00 AM,7/25/2026 11:59:00 PM,MIN_OPERATING_MW,3,
7/25/2026 7:20:00 AM,RTD,CMIN,11MALADU_G01,G,7/25/2026 12:01:00 AM,7/26/2026,MAX_OPERATING_MW,9.50,
7/25/2026 7:20:00 AM,RTD,CMIN,11MALADU_G01,G,7/25/2026 12:01:00 AM,7/26/2026,MIN_OPERATING_MW,9.50,
7/25/2026 7:25:00 AM,RTD,CLUZ,01BARBASOL_G01,G,7/25/2026 7:21:00 AM,7/25/2026 7:25:00 AM,MAX_OPERATING_MW,19.13,
7/25/2026 7:25:00 AM,RTD,CLUZ,01BARBASOL_G01,G,7/25/2026 7:21:00 AM,7/25/2026 7:25:00 AM,MIN_OPERATING_MW,19.13,
7/25/2026 7:25:00 AM,RTD,CLUZ,01BARBASOL_G01,G,7/25/2026 7:26:00 AM,7/25/2026 7:30:00 AM,MAX_OPERATING_MW,20.57,
7/25/2026 7:25:00 AM,RTD,CLUZ,01BARBASOL_G01,G,7/25/2026 7:26:00 AM,7/25/2026 7:30:00 AM,MIN_OPERATING_MW,20.57,
7/25/2026 7:25:00 AM,RTD,CLUZ,01BUGSOL_G01,G,7/25/2026 7:21:00 AM,7/25/2026 7:25:00 AM,MAX_OPERATING_MW,33.65,
7/25/2026 7:25:00 AM,RTD,CLUZ,01BUGSOL_G01,G,7/25/2026 7:21:00 AM,7/25/2026 7:25:00 AM,MIN_OPERATING_MW,33.65,
7/25/2026 7:25:00 AM,RTD,CLUZ,01BUGSOL_G01,G,7/25/2026 7:26:00 AM,7/25/2026 7:30:00 AM,MAX_OPERATING_MW,45.02,
7/25/2026 7:25:00 AM,RTD,CLUZ,01BUGSOL_G01,G,7/25/2026 7:26:00 AM,7/25/2026 7:30:00 AM,MIN_OPERATING_MW,45.02,
7/25/2026 7:25:00 AM,RTD,CLUZ,01BULACSOL_G01,G,7/25/2026 7:01:00 AM,7/25/2026 8:00:00 AM,MAX_OPERATING_MW,1.15,
7/25/2026 7:25:00 AM,RTD,CLUZ,01BULACSOL_G01,G,7/25/2026 7:01:00 AM,7/25/2026 8:00:00 AM,MIN_OPERATING_MW,1.15,
7/25/2026 7:25:00 AM,RTD,CLUZ,01MSINLO_G04,G,7/25/2026 6:51:00 AM,7/26/2026,MAX_OPERATING_MW,150,
7/25/2026 7:25:00 AM,RTD,CLUZ,01MSINLO_G04,G,7/25/2026 6:51:00 AM,7/26/2026,MIN_OPERATING_MW,150,
7/25/2026 7:25:00 AM,RTD,CLUZ,01PASBUSOL_G01,G,7/25/2026 7:01:00 AM,7/25/2026 8:00:00 AM,MAX_OPERATING_MW,8.17,
7/25/2026 7:25:00 AM,RTD,CLUZ,01PASBUSOL_G01,G,7/25/2026 7:01:00 AM,7/25/2026 8:00:00 AM,MIN_OPERATING_MW,8.17,
7/25/2026 7:25:00 AM,RTD,CLUZ,01TERRASOL_G01,G,7/25/2026 6:01:00 AM,7/25/2026 8:25:00 AM,MAX_OPERATING_MW,10,
7/25/2026 7:25:00 AM,RTD,CLUZ,01TERRASOL_G01,G,7/25/2026 6:01:00 AM,7/25/2026 8:25:00 AM,MIN_OPERATING_MW,10,
7/25/2026 7:25:00 AM,RTD,CLUZ,03LUNSOL_G01,G,7/25/2026 7:21:00 AM,7/25/2026 7:25:00 AM,MAX_OPERATING_MW,13.13,
7/25/2026 7:25:00 AM,RTD,CLUZ,03LUNSOL_G01,G,7/25/2026 7:21:00 AM,7/25/2026 7:25:00 AM,MIN_OPERATING_MW,13.13,
7/25/2026 7:25:00 AM,RTD,CLUZ,03LUNSOL_G01,G,7/25/2026 7:26:00 AM,7/25/2026 7:30:00 AM,MAX_OPERATING_MW,13.91,
7/25/2026 7:25:00 AM,RTD,CLUZ,03LUNSOL_G01,G,7/25/2026 7:26:00 AM,7/25/2026 7:30:00 AM,MIN_OPERATING_MW,13.91,
7/25/2026 7:25:00 AM,RTD,CVIS,05EAUC_BAT,G,7/25/2026 4:36:00 AM,7/25/2026 8:05:00 AM,MAX_OPERATING_MW,13,
7/25/2026 7:25:00 AM,RTD,CVIS,05EAUC_BAT,G,7/25/2026 4:36:00 AM,7/25/2026 8:05:00 AM,MIN_OPERATING_MW,13,
7/25/2026 7:25:00 AM,RTD,CVIS,06SLYSOL_G02,G,7/25/2026 7:01:00 AM,7/25/2026 8:00:00 AM,MAX_OPERATING_MW,0.68,
7/25/2026 7:25:00 AM,RTD,CVIS,06SLYSOL_G02,G,7/25/2026 7:01:00 AM,7/25/2026 8:00:00 AM,MIN_OPERATING_MW,0.68,
7/25/2026 7:25:00 AM,RTD,CVIS,06SLYSOL_G03,G,7/25/2026 7:01:00 AM,7/25/2026 8:00:00 AM,MAX_OPERATING_MW,1,
7/25/2026 7:25:00 AM,RTD,CVIS,06SLYSOL_G03,G,7/25/2026 7:01:00 AM,7/25/2026 8:00:00 AM,MIN_OPERATING_MW,1,
7/25/2026 7:25:00 AM,RTD,CMIN,10LIAN_G02,G,7/25/2026 12:05:00 AM,7/25/2026 11:59:00 PM,MAX_OPERATING_MW,6,
7/25/2026 7:25:00 AM,RTD,CMIN,10LIAN_G02,G,7/25/2026 12:05:00 AM,7/25/2026 11:59:00 PM,MIN_OPERATING_MW,3,
7/25/2026 7:25:00 AM,RTD,CMIN,11MALADU_G01,G,7/25/2026 12:01:00 AM,7/26/2026,MAX_OPERATING_MW,9.50,
7/25/2026 7:25:00 AM,RTD,CMIN,11MALADU_G01,G,7/25/2026 12:01:00 AM,7/26/2026,MIN_OPERATING_MW,9.50,
7/25/2026 7:30:00 AM,RTD,CLUZ,01BARBASOL_G01,G,7/25/2026 7:26:00 AM,7/25/2026 7:30:00 AM,MAX_OPERATING_MW,20.57,
7/25/2026 7:30:00 AM,RTD,CLUZ,01BARBASOL_G01,G,7/25/2026 7:26:00 AM,7/25/2026 7:30:00 AM,MIN_OPERATING_MW,20.57,
7/25/2026 7:30:00 AM,RTD,CLUZ,01BARBASOL_G01,G,7/25/2026 7:31:00 AM,7/25/2026 7:35:00 AM,MAX_OPERATING_MW,22.03,
7/25/2026 7:30:00 AM,RTD,CLUZ,01BARBASOL_G01,G,7/25/2026 7:31:00 AM,7/25/2026 7:35:00 AM,MIN_OPERATING_MW,22.03,
7/25/2026 7:30:00 AM,RTD,CLUZ,01BUGSOL_G01,G,7/25/2026 7:26:00 AM,7/25/2026 7:30:00 AM,MAX_OPERATING_MW,45.02,
7/25/2026 7:30:00 AM,RTD,CLUZ,01BUGSOL_G01,G,7/25/2026 7:26:00 AM,7/25/2026 7:30:00 AM,MIN_OPERATING_MW,45.02,
7/25/2026 7:30:00 AM,RTD,CLUZ,01BUGSOL_G01,G,7/25/2026 7:31:00 AM,7/25/2026 7:35:00 AM,MAX_OPERATING_MW,49.06,
7/25/2026 7:30:00 AM,RTD,CLUZ,01BUGSOL_G01,G,7/25/2026 7:31:00 AM,7/25/2026 7:35:00 AM,MIN_OPERATING_MW,49.06,
7/25/2026 7:30:00 AM,RTD,CLUZ,01BULACSOL_G01,G,7/25/2026 7:01:00 AM,7/25/2026 8:00:00 AM,MAX_OPERATING_MW,1.15,
7/25/2026 7:30:00 AM,RTD,CLUZ,01BULACSOL_G01,G,7/25/2026 7:01:00 AM,7/25/2026 8:00:00 AM,MIN_OPERATING_MW,1.15,
7/25/2026 7:30:00 AM,RTD,CLUZ,01MSINLO_G04,G,7/25/2026 6:51:00 AM,7/26/2026,MAX_OPERATING_MW,150,
7/25/2026 7:30:00 AM,RTD,CLUZ,01MSINLO_G04,G,7/25/2026 6:51:00 AM,7/26/2026,MIN_OPERATING_MW,150,
7/25/2026 7:30:00 AM,RTD,CLUZ,01PASBUSOL_G01,G,7/25/2026 7:01:00 AM,7/25/2026 8:00:00 AM,MAX_OPERATING_MW,8.17,
7/25/2026 7:30:00 AM,RTD,CLUZ,01PASBUSOL_G01,G,7/25/2026 7:01:00 AM,7/25/2026 8:00:00 AM,MIN_OPERATING_MW,8.17,
7/25/2026 7:30:00 AM,RTD,CLUZ,01TERRASOL_G01,G,7/25/2026 6:01:00 AM,7/25/2026 8:25:00 AM,MAX_OPERATING_MW,10,
7/25/2026 7:30:00 AM,RTD,CLUZ,01TERRASOL_G01,G,7/25/2026 6:01:00 AM,7/25/2026 8:25:00 AM,MIN_OPERATING_MW,10,
7/25/2026 7:30:00 AM,RTD,CLUZ,03LUNSOL_G01,G,7/25/2026 7:26:00 AM,7/25/2026 7:30:00 AM,MAX_OPERATING_MW,13.91,
7/25/2026 7:30:00 AM,RTD,CLUZ,03LUNSOL_G01,G,7/25/2026 7:26:00 AM,7/25/2026 7:30:00 AM,MIN_OPERATING_MW,13.91,
7/25/2026 7:30:00 AM,RTD,CLUZ,03LUNSOL_G01,G,7/25/2026 7:31:00 AM,7/25/2026 7:35:00 AM,MAX_OPERATING_MW,14.67,
7/25/2026 7:30:00 AM,RTD,CLUZ,03LUNSOL_G01,G,7/25/2026 7:31:00 AM,7/25/2026 7:35:00 AM,MIN_OPERATING_MW,14.67,
7/25/2026 7:30:00 AM,RTD,CVIS,05EAUC_BAT,G,7/25/2026 4:36:00 AM,7/25/2026 8:05:00 AM,MAX_OPERATING_MW,13,
7/25/2026 7:30:00 AM,RTD,CVIS,05EAUC_BAT,G,7/25/2026 4:36:00 AM,7/25/2026 8:05:00 AM,MIN_OPERATING_MW,13,
7/25/2026 7:30:00 AM,RTD,CVIS,06SLYSOL_G02,G,7/25/2026 7:01:00 AM,7/25/2026 8:00:00 AM,MAX_OPERATING_MW,0.68,
7/25/2026 7:30:00 AM,RTD,CVIS,06SLYSOL_G02,G,7/25/2026 7:01:00 AM,7/25/2026 8:00:00 AM,MIN_OPERATING_MW,0.68,
7/25/2026 7:30:00 AM,RTD,CVIS,06SLYSOL_G03,G,7/25/2026 7:01:00 AM,7/25/2026 8:00:00 AM,MAX_OPERATING_MW,1,
7/25/2026 7:30:00 AM,RTD,CVIS,06SLYSOL_G03,G,7/25/2026 7:01:00 AM,7/25/2026 8:00:00 AM,MIN_OPERATING_MW,1,
7/25/2026 7:30:00 AM,RTD,CMIN,10LIAN_G02,G,7/25/2026 12:05:00 AM,7/25/2026 11:59:00 PM,MAX_OPERATING_MW,6,
7/25/2026 7:30:00 AM,RTD,CMIN,10LIAN_G02,G,7/25/2026 12:05:00 AM,7/25/2026 11:59:00 PM,MIN_OPERATING_MW,3,
7/25/2026 7:30:00 AM,RTD,CMIN,11MALADU_G01,G,7/25/2026 12:01:00 AM,7/26/2026,MAX_OPERATING_MW,9.50,
7/25/2026 7:30:00 AM,RTD,CMIN,11MALADU_G01,G,7/25/2026 12:01:00 AM,7/26/2026,MIN_OPERATING_MW,9.50,
7/25/2026 7:35:00 AM,RTD,CLUZ,01BARBASOL_G01,G,7/25/2026 7:31:00 AM,7/25/2026 7:35:00 AM,MAX_OPERATING_MW,22.03,
7/25/2026 7:35:00 AM,RTD,CLUZ,01BARBASOL_G01,G,7/25/2026 7:31:00 AM,7/25/2026 7:35:00 AM,MIN_OPERATING_MW,22.03,
7/25/2026 7:35:00 AM,RTD,CLUZ,01BARBASOL_G01,G,7/25/2026 7:36:00 AM,7/25/2026 7:40:00 AM,MAX_OPERATING_MW,23.50,
7/25/2026 7:35:00 AM,RTD,CLUZ,01BARBASOL_G01,G,7/25/2026 7:36:00 AM,7/25/2026 7:40:00 AM,MIN_OPERATING_MW,23.50,
7/25/2026 7:35:00 AM,RTD,CLUZ,01BUGSOL_G01,G,7/25/2026 7:31:00 AM,7/25/2026 7:35:00 AM,MAX_OPERATING_MW,49.06,
7/25/2026 7:35:00 AM,RTD,CLUZ,01BUGSOL_G01,G,7/25/2026 7:31:00 AM,7/25/2026 7:35:00 AM,MIN_OPERATING_MW,49.06,
7/25/2026 7:35:00 AM,RTD,CLUZ,01BUGSOL_G01,G,7/25/2026 7:36:00 AM,7/25/2026 7:40:00 AM,MAX_OPERATING_MW,61.90,
7/25/2026 7:35:00 AM,RTD,CLUZ,01BUGSOL_G01,G,7/25/2026 7:36:00 AM,7/25/2026 7:40:00 AM,MIN_OPERATING_MW,61.90,
7/25/2026 7:35:00 AM,RTD,CLUZ,01BULACSOL_G01,G,7/25/2026 7:01:00 AM,7/25/2026 8:00:00 AM,MAX_OPERATING_MW,1.15,
7/25/2026 7:35:00 AM,RTD,CLUZ,01BULACSOL_G01,G,7/25/2026 7:01:00 AM,7/25/2026 8:00:00 AM,MIN_OPERATING_MW,1.15,
7/25/2026 7:35:00 AM,RTD,CLUZ,01MSINLO_G04,G,7/25/2026 6:51:00 AM,7/26/2026,MAX_OPERATING_MW,150,
7/25/2026 7:35:00 AM,RTD,CLUZ,01MSINLO_G04,G,7/25/2026 6:51:00 AM,7/26/2026,MIN_OPERATING_MW,150,
7/25/2026 7:35:00 AM,RTD,CLUZ,01PASBUSOL_G01,G,7/25/2026 7:01:00 AM,7/25/2026 8:00:00 AM,MAX_OPERATING_MW,8.17,
7/25/2026 7:35:00 AM,RTD,CLUZ,01PASBUSOL_G01,G,7/25/2026 7:01:00 AM,7/25/2026 8:00:00 AM,MIN_OPERATING_MW,8.17,
7/25/2026 7:35:00 AM,RTD,CLUZ,01TERRASOL_G01,G,7/25/2026 6:01:00 AM,7/25/2026 8:25:00 AM,MAX_OPERATING_MW,10,
7/25/2026 7:35:00 AM,RTD,CLUZ,01TERRASOL_G01,G,7/25/2026 6:01:00 AM,7/25/2026 8:25:00 AM,MIN_OPERATING_MW,10,
7/25/2026 7:35:00 AM,RTD,CLUZ,03LUNSOL_G01,G,7/25/2026 7:31:00 AM,7/25/2026 7:35:00 AM,MAX_OPERATING_MW,14.67,
7/25/2026 7:35:00 AM,RTD,CLUZ,03LUNSOL_G01,G,7/25/2026 7:31:00 AM,7/25/2026 7:35:00 AM,MIN_OPERATING_MW,14.67,
7/25/2026 7:35:00 AM,RTD,CLUZ,03LUNSOL_G01,G,7/25/2026 7:36:00 AM,7/25/2026 7:40:00 AM,MAX_OPERATING_MW,15.38,
7/25/2026 7:35:00 AM,RTD,CLUZ,03LUNSOL_G01,G,7/25/2026 7:36:00 AM,7/25/2026 7:40:00 AM,MIN_OPERATING_MW,15.38,
7/25/2026 7:35:00 AM,RTD,CVIS,05EAUC_BAT,G,7/25/2026 4:36:00 AM,7/25/2026 8:05:00 AM,MAX_OPERATING_MW,13,
7/25/2026 7:35:00 AM,RTD,CVIS,05EAUC_BAT,G,7/25/2026 4:36:00 AM,7/25/2026 8:05:00 AM,MIN_OPERATING_MW,13,
7/25/2026 7:35:00 AM,RTD,CVIS,06SLYSOL_G02,G,7/25/2026 7:01:00 AM,7/25/2026 8:00:00 AM,MAX_OPERATING_MW,0.68,
7/25/2026 7:35:00 AM,RTD,CVIS,06SLYSOL_G02,G,7/25/2026 7:01:00 AM,7/25/2026 8:00:00 AM,MIN_OPERATING_MW,0.68,
7/25/2026 7:35:00 AM,RTD,CVIS,06SLYSOL_G03,G,7/25/2026 7:01:00 AM,7/25/2026 8:00:00 AM,MAX_OPERATING_MW,1,
7/25/2026 7:35:00 AM,RTD,CVIS,06SLYSOL_G03,G,7/25/2026 7:01:00 AM,7/25/2026 8:00:00 AM,MIN_OPERATING_MW,1,
7/25/2026 7:35:00 AM,RTD,CMIN,10LIAN_G02,G,7/25/2026 12:05:00 AM,7/25/2026 11:59:00 PM,MAX_OPERATING_MW,6,
7/25/2026 7:35:00 AM,RTD,CMIN,10LIAN_G02,G,7/25/2026 12:05:00 AM,7/25/2026 11:59:00 PM,MIN_OPERATING_MW,3,
7/25/2026 7:35:00 AM,RTD,CMIN,11MALADU_G01,G,7/25/2026 12:01:00 AM,7/26/2026,MAX_OPERATING_MW,9.50,
7/25/2026 7:35:00 AM,RTD,CMIN,11MALADU_G01,G,7/25/2026 12:01:00 AM,7/26/2026,MIN_OPERATING_MW,9.50,
7/25/2026 7:40:00 AM,RTD,CLUZ,01BARBASOL_G01,G,7/25/2026 7:36:00 AM,7/25/2026 7:40:00 AM,MAX_OPERATING_MW,23.50,
7/25/2026 7:40:00 AM,RTD,CLUZ,01BARBASOL_G01,G,7/25/2026 7:36:00 AM,7/25/2026 7:40:00 AM,MIN_OPERATING_MW,23.50,
7/25/2026 7:40:00 AM,RTD,CLUZ,01BARBASOL_G01,G,7/25/2026 7:41:00 AM,7/25/2026 7:45:00 AM,MAX_OPERATING_MW,24.96,
7/25/2026 7:40:00 AM,RTD,CLUZ,01BARBASOL_G01,G,7/25/2026 7:41:00 AM,7/25/2026 7:45:00 AM,MIN_OPERATING_MW,24.96,
7/25/2026 7:40:00 AM,RTD,CLUZ,01BUGSOL_G01,G,7/25/2026 7:36:00 AM,7/25/2026 7:40:00 AM,MAX_OPERATING_MW,61.90,
7/25/2026 7:40:00 AM,RTD,CLUZ,01BUGSOL_G01,G,7/25/2026 7:36:00 AM,7/25/2026 7:40:00 AM,MIN_OPERATING_MW,61.90,
7/25/2026 7:40:00 AM,RTD,CLUZ,01BUGSOL_G01,G,7/25/2026 7:41:00 AM,7/25/2026 7:45:00 AM,MAX_OPERATING_MW,61.80,
7/25/2026 7:40:00 AM,RTD,CLUZ,01BUGSOL_G01,G,7/25/2026 7:41:00 AM,7/25/2026 7:45:00 AM,MIN_OPERATING_MW,61.80,
7/25/2026 7:40:00 AM,RTD,CLUZ,01BULACSOL_G01,G,7/25/2026 7:01:00 AM,7/25/2026 8:00:00 AM,MAX_OPERATING_MW,1.15,
7/25/2026 7:40:00 AM,RTD,CLUZ,01BULACSOL_G01,G,7/25/2026 7:01:00 AM,7/25/2026 8:00:00 AM,MIN_OPERATING_MW,1.15,
7/25/2026 7:40:00 AM,RTD,CLUZ,01MSINLO_G04,G,7/25/2026 6:51:00 AM,7/26/2026,MAX_OPERATING_MW,150,
7/25/2026 7:40:00 AM,RTD,CLUZ,01MSINLO_G04,G,7/25/2026 6:51:00 AM,7/26/2026,MIN_OPERATING_MW,150,
7/25/2026 7:40:00 AM,RTD,CLUZ,01PASBUSOL_G01,G,7/25/2026 7:01:00 AM,7/25/2026 8:00:00 AM,MAX_OPERATING_MW,8.17,
7/25/2026 7:40:00 AM,RTD,CLUZ,01PASBUSOL_G01,G,7/25/2026 7:01:00 AM,7/25/2026 8:00:00 AM,MIN_OPERATING_MW,8.17,
7/25/2026 7:40:00 AM,RTD,CLUZ,01TERRASOL_G01,G,7/25/2026 6:01:00 AM,7/25/2026 8:25:00 AM,MAX_OPERATING_MW,10,
7/25/2026 7:40:00 AM,RTD,CLUZ,01TERRASOL_G01,G,7/25/2026 6:01:00 AM,7/25/2026 8:25:00 AM,MIN_OPERATING_MW,10,
7/25/2026 7:40:00 AM,RTD,CLUZ,03LUNSOL_G01,G,7/25/2026 7:36:00 AM,7/25/2026 7:40:00 AM,MAX_OPERATING_MW,15.38,
7/25/2026 7:40:00 AM,RTD,CLUZ,03LUNSOL_G01,G,7/25/2026 7:36:00 AM,7/25/2026 7:40:00 AM,MIN_OPERATING_MW,15.38,
7/25/2026 7:40:00 AM,RTD,CLUZ,03LUNSOL_G01,G,7/25/2026 7:41:00 AM,7/25/2026 7:45:00 AM,MAX_OPERATING_MW,16.05,
7/25/2026 7:40:00 AM,RTD,CLUZ,03LUNSOL_G01,G,7/25/2026 7:41:00 AM,7/25/2026 7:45:00 AM,MIN_OPERATING_MW,16.05,
7/25/2026 7:40:00 AM,RTD,CVIS,05EAUC_BAT,G,7/25/2026 4:36:00 AM,7/25/2026 8:05:00 AM,MAX_OPERATING_MW,13,
7/25/2026 7:40:00 AM,RTD,CVIS,05EAUC_BAT,G,7/25/2026 4:36:00 AM,7/25/2026 8:05:00 AM,MIN_OPERATING_MW,13,
7/25/2026 7:40:00 AM,RTD,CVIS,06SLYSOL_G02,G,7/25/2026 7:01:00 AM,7/25/2026 8:00:00 AM,MAX_OPERATING_MW,0.68,
7/25/2026 7:40:00 AM,RTD,CVIS,06SLYSOL_G02,G,7/25/2026 7:01:00 AM,7/25/2026 8:00:00 AM,MIN_OPERATING_MW,0.68,
7/25/2026 7:40:00 AM,RTD,CVIS,06SLYSOL_G03,G,7/25/2026 7:01:00 AM,7/25/2026 8:00:00 AM,MAX_OPERATING_MW,1,
7/25/2026 7:40:00 AM,RTD,CVIS,06SLYSOL_G03,G,7/25/2026 7:01:00 AM,7/25/2026 8:00:00 AM,MIN_OPERATING_MW,1,
7/25/2026 7:40:00 AM,RTD,CMIN,10LIAN_G02,G,7/25/2026 12:05:00 AM,7/25/2026 11:59:00 PM,MAX_OPERATING_MW,6,
7/25/2026 7:40:00 AM,RTD,CMIN,10LIAN_G02,G,7/25/2026 12:05:00 AM,7/25/2026 11:59:00 PM,MIN_OPERATING_MW,3,
7/25/2026 7:40:00 AM,RTD,CMIN,11MALADU_G01,G,7/25/2026 12:01:00 AM,7/26/2026,MAX_OPERATING_MW,9.50,
7/25/2026 7:40:00 AM,RTD,CMIN,11MALADU_G01,G,7/25/2026 12:01:00 AM,7/26/2026,MIN_OPERATING_MW,9.50,
7/25/2026 7:45:00 AM,RTD,CLUZ,01BARBASOL_G01,G,7/25/2026 7:41:00 AM,7/25/2026 7:45:00 AM,MAX_OPERATING_MW,24.96,
7/25/2026 7:45:00 AM,RTD,CLUZ,01BARBASOL_G01,G,7/25/2026 7:41:00 AM,7/25/2026 7:45:00 AM,MIN_OPERATING_MW,24.96,
7/25/2026 7:45:00 AM,RTD,CLUZ,01BARBASOL_G01,G,7/25/2026 7:46:00 AM,7/25/2026 7:50:00 AM,MAX_OPERATING_MW,26.41,
7/25/2026 7:45:00 AM,RTD,CLUZ,01BARBASOL_G01,G,7/25/2026 7:46:00 AM,7/25/2026 7:50:00 AM,MIN_OPERATING_MW,26.41,
7/25/2026 7:45:00 AM,RTD,CLUZ,01BUGSOL_G01,G,7/25/2026 7:41:00 AM,7/25/2026 7:45:00 AM,MAX_OPERATING_MW,61.80,
7/25/2026 7:45:00 AM,RTD,CLUZ,01BUGSOL_G01,G,7/25/2026 7:41:00 AM,7/25/2026 7:45:00 AM,MIN_OPERATING_MW,61.80,
7/25/2026 7:45:00 AM,RTD,CLUZ,01BUGSOL_G01,G,7/25/2026 7:46:00 AM,7/25/2026 7:50:00 AM,MAX_OPERATING_MW,54.20,
7/25/2026 7:45:00 AM,RTD,CLUZ,01BUGSOL_G01,G,7/25/2026 7:46:00 AM,7/25/2026 7:50:00 AM,MIN_OPERATING_MW,54.20,
7/25/2026 7:45:00 AM,RTD,CLUZ,01BULACSOL_G01,G,7/25/2026 7:01:00 AM,7/25/2026 8:00:00 AM,MAX_OPERATING_MW,1.15,
7/25/2026 7:45:00 AM,RTD,CLUZ,01BULACSOL_G01,G,7/25/2026 7:01:00 AM,7/25/2026 8:00:00 AM,MIN_OPERATING_MW,1.15,
7/25/2026 7:45:00 AM,RTD,CLUZ,01MSINLO_G04,G,7/25/2026 6:51:00 AM,7/26/2026,MAX_OPERATING_MW,150,
7/25/2026 7:45:00 AM,RTD,CLUZ,01MSINLO_G04,G,7/25/2026 6:51:00 AM,7/26/2026,MIN_OPERATING_MW,150,
7/25/2026 7:45:00 AM,RTD,CLUZ,01PASBUSOL_G01,G,7/25/2026 7:01:00 AM,7/25/2026 8:00:00 AM,MAX_OPERATING_MW,8.17,
7/25/2026 7:45:00 AM,RTD,CLUZ,01PASBUSOL_G01,G,7/25/2026 7:01:00 AM,7/25/2026 8:00:00 AM,MIN_OPERATING_MW,8.17,
7/25/2026 7:45:00 AM,RTD,CLUZ,01TERRASOL_G01,G,7/25/2026 6:01:00 AM,7/25/2026 8:25:00 AM,MAX_OPERATING_MW,10,
7/25/2026 7:45:00 AM,RTD,CLUZ,01TERRASOL_G01,G,7/25/2026 6:01:00 AM,7/25/2026 8:25:00 AM,MIN_OPERATING_MW,10,
7/25/2026 7:45:00 AM,RTD,CLUZ,03LUNSOL_G01,G,7/25/2026 7:41:00 AM,7/25/2026 7:45:00 AM,MAX_OPERATING_MW,16.05,
7/25/2026 7:45:00 AM,RTD,CLUZ,03LUNSOL_G01,G,7/25/2026 7:41:00 AM,7/25/2026 7:45:00 AM,MIN_OPERATING_MW,16.05,
7/25/2026 7:45:00 AM,RTD,CLUZ,03LUNSOL_G01,G,7/25/2026 7:46:00 AM,7/25/2026 7:50:00 AM,MAX_OPERATING_MW,16.70,
7/25/2026 7:45:00 AM,RTD,CLUZ,03LUNSOL_G01,G,7/25/2026 7:46:00 AM,7/25/2026 7:50:00 AM,MIN_OPERATING_MW,16.70,
7/25/2026 7:45:00 AM,RTD,CVIS,05EAUC_BAT,G,7/25/2026 4:36:00 AM,7/25/2026 8:05:00 AM,MAX_OPERATING_MW,13,
7/25/2026 7:45:00 AM,RTD,CVIS,05EAUC_BAT,G,7/25/2026 4:36:00 AM,7/25/2026 8:05:00 AM,MIN_OPERATING_MW,13,
7/25/2026 7:45:00 AM,RTD,CVIS,06SLYSOL_G02,G,7/25/2026 7:01:00 AM,7/25/2026 8:00:00 AM,MAX_OPERATING_MW,0.68,
7/25/2026 7:45:00 AM,RTD,CVIS,06SLYSOL_G02,G,7/25/2026 7:01:00 AM,7/25/2026 8:00:00 AM,MIN_OPERATING_MW,0.68,
7/25/2026 7:45:00 AM,RTD,CVIS,06SLYSOL_G03,G,7/25/2026 7:01:00 AM,7/25/2026 8:00:00 AM,MAX_OPERATING_MW,1,
7/25/2026 7:45:00 AM,RTD,CVIS,06SLYSOL_G03,G,7/25/2026 7:01:00 AM,7/25/2026 8:00:00 AM,MIN_OPERATING_MW,1,
7/25/2026 7:45:00 AM,RTD,CMIN,10LIAN_G02,G,7/25/2026 12:05:00 AM,7/25/2026 11:59:00 PM,MAX_OPERATING_MW,6,
7/25/2026 7:45:00 AM,RTD,CMIN,10LIAN_G02,G,7/25/2026 12:05:00 AM,7/25/2026 11:59:00 PM,MIN_OPERATING_MW,3,
7/25/2026 7:45:00 AM,RTD,CMIN,11MALADU_G01,G,7/25/2026 12:01:00 AM,7/26/2026,MAX_OPERATING_MW,9.50,
7/25/2026 7:45:00 AM,RTD,CMIN,11MALADU_G01,G,7/25/2026 12:01:00 AM,7/26/2026,MIN_OPERATING_MW,9.50,
7/25/2026 7:50:00 AM,RTD,CLUZ,01BARBASOL_G01,G,7/25/2026 7:46:00 AM,7/25/2026 7:50:00 AM,MAX_OPERATING_MW,26.41,
7/25/2026 7:50:00 AM,RTD,CLUZ,01BARBASOL_G01,G,7/25/2026 7:46:00 AM,7/25/2026 7:50:00 AM,MIN_OPERATING_MW,26.41,
7/25/2026 7:50:00 AM,RTD,CLUZ,01BARBASOL_G01,G,7/25/2026 7:51:00 AM,7/25/2026 7:55:00 AM,MAX_OPERATING_MW,27.83,
7/25/2026 7:50:00 AM,RTD,CLUZ,01BARBASOL_G01,G,7/25/2026 7:51:00 AM,7/25/2026 7:55:00 AM,MIN_OPERATING_MW,27.83,
7/25/2026 7:50:00 AM,RTD,CLUZ,01BUGSOL_G01,G,7/25/2026 7:46:00 AM,7/25/2026 7:50:00 AM,MAX_OPERATING_MW,54.20,
7/25/2026 7:50:00 AM,RTD,CLUZ,01BUGSOL_G01,G,7/25/2026 7:46:00 AM,7/25/2026 7:50:00 AM,MIN_OPERATING_MW,54.20,
7/25/2026 7:50:00 AM,RTD,CLUZ,01BUGSOL_G01,G,7/25/2026 7:51:00 AM,7/25/2026 7:55:00 AM,MAX_OPERATING_MW,56.52,
7/25/2026 7:50:00 AM,RTD,CLUZ,01BUGSOL_G01,G,7/25/2026 7:51:00 AM,7/25/2026 7:55:00 AM,MIN_OPERATING_MW,56.52,
7/25/2026 7:50:00 AM,RTD,CLUZ,01BULACSOL_G01,G,7/25/2026 7:01:00 AM,7/25/2026 8:00:00 AM,MAX_OPERATING_MW,1.15,
7/25/2026 7:50:00 AM,RTD,CLUZ,01BULACSOL_G01,G,7/25/2026 7:01:00 AM,7/25/2026 8:00:00 AM,MIN_OPERATING_MW,1.15,
7/25/2026 7:50:00 AM,RTD,CLUZ,01MSINLO_G04,G,7/25/2026 6:51:00 AM,7/26/2026,MAX_OPERATING_MW,150,
7/25/2026 7:50:00 AM,RTD,CLUZ,01MSINLO_G04,G,7/25/2026 6:51:00 AM,7/26/2026,MIN_OPERATING_MW,150,
7/25/2026 7:50:00 AM,RTD,CLUZ,01PASBUSOL_G01,G,7/25/2026 7:01:00 AM,7/25/2026 8:00:00 AM,MAX_OPERATING_MW,8.17,
7/25/2026 7:50:00 AM,RTD,CLUZ,01PASBUSOL_G01,G,7/25/2026 7:01:00 AM,7/25/2026 8:00:00 AM,MIN_OPERATING_MW,8.17,
7/25/2026 7:50:00 AM,RTD,CLUZ,01TERRASOL_G01,G,7/25/2026 6:01:00 AM,7/25/2026 8:25:00 AM,MAX_OPERATING_MW,10,
7/25/2026 7:50:00 AM,RTD,CLUZ,01TERRASOL_G01,G,7/25/2026 6:01:00 AM,7/25/2026 8:25:00 AM,MIN_OPERATING_MW,10,
7/25/2026 7:50:00 AM,RTD,CLUZ,03LUNSOL_G01,G,7/25/2026 7:46:00 AM,7/25/2026 7:50:00 AM,MAX_OPERATING_MW,16.70,
7/25/2026 7:50:00 AM,RTD,CLUZ,03LUNSOL_G01,G,7/25/2026 7:46:00 AM,7/25/2026 7:50:00 AM,MIN_OPERATING_MW,16.70,
7/25/2026 7:50:00 AM,RTD,CLUZ,03LUNSOL_G01,G,7/25/2026 7:51:00 AM,7/25/2026 7:55:00 AM,MAX_OPERATING_MW,17.32,
7/25/2026 7:50:00 AM,RTD,CLUZ,03LUNSOL_G01,G,7/25/2026 7:51:00 AM,7/25/2026 7:55:00 AM,MIN_OPERATING_MW,17.32,
7/25/2026 7:50:00 AM,RTD,CVIS,05EAUC_BAT,G,7/25/2026 4:36:00 AM,7/25/2026 8:05:00 AM,MAX_OPERATING_MW,13,
7/25/2026 7:50:00 AM,RTD,CVIS,05EAUC_BAT,G,7/25/2026 4:36:00 AM,7/25/2026 8:05:00 AM,MIN_OPERATING_MW,13,
7/25/2026 7:50:00 AM,RTD,CVIS,06SLYSOL_G02,G,7/25/2026 7:01:00 AM,7/25/2026 8:00:00 AM,MAX_OPERATING_MW,0.68,
7/25/2026 7:50:00 AM,RTD,CVIS,06SLYSOL_G02,G,7/25/2026 7:01:00 AM,7/25/2026 8:00:00 AM,MIN_OPERATING_MW,0.68,
7/25/2026 7:50:00 AM,RTD,CVIS,06SLYSOL_G03,G,7/25/2026 7:01:00 AM,7/25/2026 8:00:00 AM,MAX_OPERATING_MW,1,
7/25/2026 7:50:00 AM,RTD,CVIS,06SLYSOL_G03,G,7/25/2026 7:01:00 AM,7/25/2026 8:00:00 AM,MIN_OPERATING_MW,1,
7/25/2026 7:50:00 AM,RTD,CMIN,10LIAN_G02,G,7/25/2026 12:05:00 AM,7/25/2026 11:59:00 PM,MAX_OPERATING_MW,6,
7/25/2026 7:50:00 AM,RTD,CMIN,10LIAN_G02,G,7/25/2026 12:05:00 AM,7/25/2026 11:59:00 PM,MIN_OPERATING_MW,3,
7/25/2026 7:50:00 AM,RTD,CMIN,11MALADU_G01,G,7/25/2026 12:01:00 AM,7/26/2026,MAX_OPERATING_MW,9.50,
7/25/2026 7:50:00 AM,RTD,CMIN,11MALADU_G01,G,7/25/2026 12:01:00 AM,7/26/2026,MIN_OPERATING_MW,9.50,
7/25/2026 7:55:00 AM,RTD,CLUZ,01BARBASOL_G01,G,7/25/2026 7:51:00 AM,7/25/2026 7:55:00 AM,MAX_OPERATING_MW,27.83,
7/25/2026 7:55:00 AM,RTD,CLUZ,01BARBASOL_G01,G,7/25/2026 7:51:00 AM,7/25/2026 7:55:00 AM,MIN_OPERATING_MW,27.83,
7/25/2026 7:55:00 AM,RTD,CLUZ,01BARBASOL_G01,G,7/25/2026 7:56:00 AM,7/25/2026 8:00:00 AM,MAX_OPERATING_MW,29.21,
7/25/2026 7:55:00 AM,RTD,CLUZ,01BARBASOL_G01,G,7/25/2026 7:56:00 AM,7/25/2026 8:00:00 AM,MIN_OPERATING_MW,29.21,
7/25/2026 7:55:00 AM,RTD,CLUZ,01BUGSOL_G01,G,7/25/2026 7:51:00 AM,7/25/2026 7:55:00 AM,MAX_OPERATING_MW,56.52,
7/25/2026 7:55:00 AM,RTD,CLUZ,01BUGSOL_G01,G,7/25/2026 7:51:00 AM,7/25/2026 7:55:00 AM,MIN_OPERATING_MW,56.52,
7/25/2026 7:55:00 AM,RTD,CLUZ,01BUGSOL_G01,G,7/25/2026 7:56:00 AM,7/25/2026 8:00:00 AM,MAX_OPERATING_MW,70.83,
7/25/2026 7:55:00 AM,RTD,CLUZ,01BUGSOL_G01,G,7/25/2026 7:56:00 AM,7/25/2026 8:00:00 AM,MIN_OPERATING_MW,70.83,
7/25/2026 7:55:00 AM,RTD,CLUZ,01BULACSOL_G01,G,7/25/2026 7:01:00 AM,7/25/2026 8:00:00 AM,MAX_OPERATING_MW,1.15,
7/25/2026 7:55:00 AM,RTD,CLUZ,01BULACSOL_G01,G,7/25/2026 7:01:00 AM,7/25/2026 8:00:00 AM,MIN_OPERATING_MW,1.15,
7/25/2026 7:55:00 AM,RTD,CLUZ,01MSINLO_G04,G,7/25/2026 6:51:00 AM,7/26/2026,MAX_OPERATING_MW,150,
7/25/2026 7:55:00 AM,RTD,CLUZ,01MSINLO_G04,G,7/25/2026 6:51:00 AM,7/26/2026,MIN_OPERATING_MW,150,
7/25/2026 7:55:00 AM,RTD,CLUZ,01PASBUSOL_G01,G,7/25/2026 7:01:00 AM,7/25/2026 8:00:00 AM,MAX_OPERATING_MW,8.17,
7/25/2026 7:55:00 AM,RTD,CLUZ,01PASBUSOL_G01,G,7/25/2026 7:01:00 AM,7/25/2026 8:00:00 AM,MIN_OPERATING_MW,8.17,
7/25/2026 7:55:00 AM,RTD,CLUZ,01TERRASOL_G01,G,7/25/2026 6:01:00 AM,7/25/2026 8:25:00 AM,MAX_OPERATING_MW,10,
7/25/2026 7:55:00 AM,RTD,CLUZ,01TERRASOL_G01,G,7/25/2026 6:01:00 AM,7/25/2026 8:25:00 AM,MIN_OPERATING_MW,10,
7/25/2026 7:55:00 AM,RTD,CLUZ,03LUNSOL_G01,G,7/25/2026 7:51:00 AM,7/25/2026 7:55:00 AM,MAX_OPERATING_MW,17.32,
7/25/2026 7:55:00 AM,RTD,CLUZ,03LUNSOL_G01,G,7/25/2026 7:51:00 AM,7/25/2026 7:55:00 AM,MIN_OPERATING_MW,17.32,
7/25/2026 7:55:00 AM,RTD,CLUZ,03LUNSOL_G01,G,7/25/2026 7:56:00 AM,7/25/2026 8:00:00 AM,MAX_OPERATING_MW,17.92,
7/25/2026 7:55:00 AM,RTD,CLUZ,03LUNSOL_G01,G,7/25/2026 7:56:00 AM,7/25/2026 8:00:00 AM,MIN_OPERATING_MW,17.92,
7/25/2026 7:55:00 AM,RTD,CVIS,05EAUC_BAT,G,7/25/2026 4:36:00 AM,7/25/2026 8:05:00 AM,MAX_OPERATING_MW,13,
7/25/2026 7:55:00 AM,RTD,CVIS,05EAUC_BAT,G,7/25/2026 4:36:00 AM,7/25/2026 8:05:00 AM,MIN_OPERATING_MW,13,
7/25/2026 7:55:00 AM,RTD,CVIS,06SLYSOL_G02,G,7/25/2026 7:01:00 AM,7/25/2026 8:00:00 AM,MAX_OPERATING_MW,0.68,
7/25/2026 7:55:00 AM,RTD,CVIS,06SLYSOL_G02,G,7/25/2026 7:01:00 AM,7/25/2026 8:00:00 AM,MIN_OPERATING_MW,0.68,
7/25/2026 7:55:00 AM,RTD,CVIS,06SLYSOL_G03,G,7/25/2026 7:01:00 AM,7/25/2026 8:00:00 AM,MAX_OPERATING_MW,1,
7/25/2026 7:55:00 AM,RTD,CVIS,06SLYSOL_G03,G,7/25/2026 7:01:00 AM,7/25/2026 8:00:00 AM,MIN_OPERATING_MW,1,
7/25/2026 7:55:00 AM,RTD,CMIN,10LIAN_G02,G,7/25/2026 12:05:00 AM,7/25/2026 11:59:00 PM,MAX_OPERATING_MW,6,
7/25/2026 7:55:00 AM,RTD,CMIN,10LIAN_G02,G,7/25/2026 12:05:00 AM,7/25/2026 11:59:00 PM,MIN_OPERATING_MW,3,
7/25/2026 7:55:00 AM,RTD,CMIN,11MALADU_G01,G,7/25/2026 12:01:00 AM,7/26/2026,MAX_OPERATING_MW,9.50,
7/25/2026 7:55:00 AM,RTD,CMIN,11MALADU_G01,G,7/25/2026 12:01:00 AM,7/26/2026,MIN_OPERATING_MW,9.50,
7/25/2026 8:00:00 AM,RTD,CLUZ,01BARBASOL_G01,G,7/25/2026 7:56:00 AM,7/25/2026 8:00:00 AM,MAX_OPERATING_MW,29.21,
7/25/2026 8:00:00 AM,RTD,CLUZ,01BARBASOL_G01,G,7/25/2026 7:56:00 AM,7/25/2026 8:00:00 AM,MIN_OPERATING_MW,29.21,
7/25/2026 8:00:00 AM,RTD,CLUZ,01BARBASOL_G01,G,7/25/2026 8:01:00 AM,7/25/2026 8:05:00 AM,MAX_OPERATING_MW,30.56,
7/25/2026 8:00:00 AM,RTD,CLUZ,01BARBASOL_G01,G,7/25/2026 8:01:00 AM,7/25/2026 8:05:00 AM,MIN_OPERATING_MW,30.56,
7/25/2026 8:00:00 AM,RTD,CLUZ,01BUGSOL_G01,G,7/25/2026 7:56:00 AM,7/25/2026 8:00:00 AM,MAX_OPERATING_MW,70.83,
7/25/2026 8:00:00 AM,RTD,CLUZ,01BUGSOL_G01,G,7/25/2026 7:56:00 AM,7/25/2026 8:00:00 AM,MIN_OPERATING_MW,70.83,
7/25/2026 8:00:00 AM,RTD,CLUZ,01BUGSOL_G01,G,7/25/2026 8:01:00 AM,7/25/2026 8:05:00 AM,MAX_OPERATING_MW,74.34,
7/25/2026 8:00:00 AM,RTD,CLUZ,01BUGSOL_G01,G,7/25/2026 8:01:00 AM,7/25/2026 8:05:00 AM,MIN_OPERATING_MW,74.34,
7/25/2026 8:00:00 AM,RTD,CLUZ,01BULACSOL_G01,G,7/25/2026 7:01:00 AM,7/25/2026 8:00:00 AM,MAX_OPERATING_MW,1.15,
7/25/2026 8:00:00 AM,RTD,CLUZ,01BULACSOL_G01,G,7/25/2026 7:01:00 AM,7/25/2026 8:00:00 AM,MIN_OPERATING_MW,1.15,
7/25/2026 8:00:00 AM,RTD,CLUZ,01BULACSOL_G01,G,7/25/2026 8:01:00 AM,7/25/2026 9:00:00 AM,MAX_OPERATING_MW,2.14,
7/25/2026 8:00:00 AM,RTD,CLUZ,01BULACSOL_G01,G,7/25/2026 8:01:00 AM,7/25/2026 9:00:00 AM,MIN_OPERATING_MW,2.14,
7/25/2026 8:00:00 AM,RTD,CLUZ,01MSINLO_G04,G,7/25/2026 6:51:00 AM,7/26/2026,MAX_OPERATING_MW,150,
7/25/2026 8:00:00 AM,RTD,CLUZ,01MSINLO_G04,G,7/25/2026 6:51:00 AM,7/26/2026,MIN_OPERATING_MW,150,
7/25/2026 8:00:00 AM,RTD,CLUZ,01PASBUSOL_G01,G,7/25/2026 7:01:00 AM,7/25/2026 8:00:00 AM,MAX_OPERATING_MW,8.17,
7/25/2026 8:00:00 AM,RTD,CLUZ,01PASBUSOL_G01,G,7/25/2026 7:01:00 AM,7/25/2026 8:00:00 AM,MIN_OPERATING_MW,8.17,
7/25/2026 8:00:00 AM,RTD,CLUZ,01PASBUSOL_G01,G,7/25/2026 8:01:00 AM,7/25/2026 9:00:00 AM,MAX_OPERATING_MW,14.78,
7/25/2026 8:00:00 AM,RTD,CLUZ,01PASBUSOL_G01,G,7/25/2026 8:01:00 AM,7/25/2026 9:00:00 AM,MIN_OPERATING_MW,14.78,
7/25/2026 8:00:00 AM,RTD,CLUZ,01TERRASOL_G01,G,7/25/2026 6:01:00 AM,7/25/2026 8:25:00 AM,MAX_OPERATING_MW,10,
7/25/2026 8:00:00 AM,RTD,CLUZ,01TERRASOL_G01,G,7/25/2026 6:01:00 AM,7/25/2026 8:25:00 AM,MIN_OPERATING_MW,10,
7/25/2026 8:00:00 AM,RTD,CLUZ,03LUNSOL_G01,G,7/25/2026 7:56:00 AM,7/25/2026 8:00:00 AM,MAX_OPERATING_MW,17.92,
7/25/2026 8:00:00 AM,RTD,CLUZ,03LUNSOL_G01,G,7/25/2026 7:56:00 AM,7/25/2026 8:00:00 AM,MIN_OPERATING_MW,17.92,
7/25/2026 8:00:00 AM,RTD,CLUZ,03LUNSOL_G01,G,7/25/2026 8:01:00 AM,7/25/2026 8:05:00 AM,MAX_OPERATING_MW,18.51,
7/25/2026 8:00:00 AM,RTD,CLUZ,03LUNSOL_G01,G,7/25/2026 8:01:00 AM,7/25/2026 8:05:00 AM,MIN_OPERATING_MW,18.51,
7/25/2026 8:00:00 AM,RTD,CVIS,05EAUC_BAT,G,7/25/2026 4:36:00 AM,7/25/2026 8:05:00 AM,MAX_OPERATING_MW,13,
7/25/2026 8:00:00 AM,RTD,CVIS,05EAUC_BAT,G,7/25/2026 4:36:00 AM,7/25/2026 8:05:00 AM,MIN_OPERATING_MW,13,
7/25/2026 8:00:00 AM,RTD,CVIS,06SLYSOL_G02,G,7/25/2026 7:01:00 AM,7/25/2026 8:00:00 AM,MAX_OPERATING_MW,0.68,
7/25/2026 8:00:00 AM,RTD,CVIS,06SLYSOL_G02,G,7/25/2026 7:01:00 AM,7/25/2026 8:00:00 AM,MIN_OPERATING_MW,0.68,
7/25/2026 8:00:00 AM,RTD,CVIS,06SLYSOL_G02,G,7/25/2026 8:01:00 AM,7/25/2026 9:00:00 AM,MAX_OPERATING_MW,5.87,
7/25/2026 8:00:00 AM,RTD,CVIS,06SLYSOL_G02,G,7/25/2026 8:01:00 AM,7/25/2026 9:00:00 AM,MIN_OPERATING_MW,5.87,
7/25/2026 8:00:00 AM,RTD,CVIS,06SLYSOL_G03,G,7/25/2026 7:01:00 AM,7/25/2026 8:00:00 AM,MAX_OPERATING_MW,1,
7/25/2026 8:00:00 AM,RTD,CVIS,06SLYSOL_G03,G,7/25/2026 7:01:00 AM,7/25/2026 8:00:00 AM,MIN_OPERATING_MW,1,
7/25/2026 8:00:00 AM,RTD,CVIS,06SLYSOL_G03,G,7/25/2026 8:01:00 AM,7/25/2026 9:00:00 AM,MAX_OPERATING_MW,3.69,
7/25/2026 8:00:00 AM,RTD,CVIS,06SLYSOL_G03,G,7/25/2026 8:01:00 AM,7/25/2026 9:00:00 AM,MIN_OPERATING_MW,3.69,
7/25/2026 8:00:00 AM,RTD,CMIN,10LIAN_G02,G,7/25/2026 12:05:00 AM,7/25/2026 11:59:00 PM,MAX_OPERATING_MW,6,
7/25/2026 8:00:00 AM,RTD,CMIN,10LIAN_G02,G,7/25/2026 12:05:00 AM,7/25/2026 11:59:00 PM,MIN_OPERATING_MW,3,
7/25/2026 8:00:00 AM,RTD,CMIN,11MALADU_G01,G,7/25/2026 12:01:00 AM,7/26/2026,MAX_OPERATING_MW,9.50,
7/25/2026 8:00:00 AM,RTD,CMIN,11MALADU_G01,G,7/25/2026 12:01:00 AM,7/26/2026,MIN_OPERATING_MW,9.50,
7/25/2026 8:05:00 AM,RTD,CLUZ,01BARBASOL_G01,G,7/25/2026 8:01:00 AM,7/25/2026 8:05:00 AM,MAX_OPERATING_MW,30.56,
7/25/2026 8:05:00 AM,RTD,CLUZ,01BARBASOL_G01,G,7/25/2026 8:01:00 AM,7/25/2026 8:05:00 AM,MIN_OPERATING_MW,30.56,
7/25/2026 8:05:00 AM,RTD,CLUZ,01BARBASOL_G01,G,7/25/2026 8:06:00 AM,7/25/2026 8:10:00 AM,MAX_OPERATING_MW,31.89,
7/25/2026 8:05:00 AM,RTD,CLUZ,01BARBASOL_G01,G,7/25/2026 8:06:00 AM,7/25/2026 8:10:00 AM,MIN_OPERATING_MW,31.89,
7/25/2026 8:05:00 AM,RTD,CLUZ,01BUGSOL_G01,G,7/25/2026 8:01:00 AM,7/25/2026 8:05:00 AM,MAX_OPERATING_MW,74.34,
7/25/2026 8:05:00 AM,RTD,CLUZ,01BUGSOL_G01,G,7/25/2026 8:01:00 AM,7/25/2026 8:05:00 AM,MIN_OPERATING_MW,74.34,
7/25/2026 8:05:00 AM,RTD,CLUZ,01BUGSOL_G01,G,7/25/2026 8:06:00 AM,7/25/2026 8:10:00 AM,MAX_OPERATING_MW,63.90,
7/25/2026 8:05:00 AM,RTD,CLUZ,01BUGSOL_G01,G,7/25/2026 8:06:00 AM,7/25/2026 8:10:00 AM,MIN_OPERATING_MW,63.90,
7/25/2026 8:05:00 AM,RTD,CLUZ,01BULACSOL_G01,G,7/25/2026 8:01:00 AM,7/25/2026 9:00:00 AM,MAX_OPERATING_MW,2.14,
7/25/2026 8:05:00 AM,RTD,CLUZ,01BULACSOL_G01,G,7/25/2026 8:01:00 AM,7/25/2026 9:00:00 AM,MIN_OPERATING_MW,2.14,
7/25/2026 8:05:00 AM,RTD,CLUZ,01MSINLO_G04,G,7/25/2026 6:51:00 AM,7/26/2026,MAX_OPERATING_MW,150,
7/25/2026 8:05:00 AM,RTD,CLUZ,01MSINLO_G04,G,7/25/2026 6:51:00 AM,7/26/2026,MIN_OPERATING_MW,150,
7/25/2026 8:05:00 AM,RTD,CLUZ,01PASBUSOL_G01,G,7/25/2026 8:01:00 AM,7/25/2026 9:00:00 AM,MAX_OPERATING_MW,14.78,
7/25/2026 8:05:00 AM,RTD,CLUZ,01PASBUSOL_G01,G,7/25/2026 8:01:00 AM,7/25/2026 9:00:00 AM,MIN_OPERATING_MW,14.78,
7/25/2026 8:05:00 AM,RTD,CLUZ,01TERRASOL_G01,G,7/25/2026 6:01:00 AM,7/25/2026 8:25:00 AM,MAX_OPERATING_MW,10,
7/25/2026 8:05:00 AM,RTD,CLUZ,01TERRASOL_G01,G,7/25/2026 6:01:00 AM,7/25/2026 8:25:00 AM,MIN_OPERATING_MW,10,
7/25/2026 8:05:00 AM,RTD,CLUZ,03LUNSOL_G01,G,7/25/2026 8:01:00 AM,7/25/2026 8:05:00 AM,MAX_OPERATING_MW,18.51,
7/25/2026 8:05:00 AM,RTD,CLUZ,03LUNSOL_G01,G,7/25/2026 8:01:00 AM,7/25/2026 8:05:00 AM,MIN_OPERATING_MW,18.51,
7/25/2026 8:05:00 AM,RTD,CLUZ,03LUNSOL_G01,G,7/25/2026 8:06:00 AM,7/25/2026 8:10:00 AM,MAX_OPERATING_MW,19.08,
7/25/2026 8:05:00 AM,RTD,CLUZ,03LUNSOL_G01,G,7/25/2026 8:06:00 AM,7/25/2026 8:10:00 AM,MIN_OPERATING_MW,19.08,
7/25/2026 8:05:00 AM,RTD,CVIS,05EAUC_BAT,G,7/25/2026 4:36:00 AM,7/25/2026 8:05:00 AM,MAX_OPERATING_MW,13,
7/25/2026 8:05:00 AM,RTD,CVIS,05EAUC_BAT,G,7/25/2026 4:36:00 AM,7/25/2026 8:05:00 AM,MIN_OPERATING_MW,13,
7/25/2026 8:05:00 AM,RTD,CVIS,06SLYSOL_G02,G,7/25/2026 8:01:00 AM,7/25/2026 9:00:00 AM,MAX_OPERATING_MW,5.87,
7/25/2026 8:05:00 AM,RTD,CVIS,06SLYSOL_G02,G,7/25/2026 8:01:00 AM,7/25/2026 9:00:00 AM,MIN_OPERATING_MW,5.87,
7/25/2026 8:05:00 AM,RTD,CVIS,06SLYSOL_G03,G,7/25/2026 8:01:00 AM,7/25/2026 9:00:00 AM,MAX_OPERATING_MW,3.69,
7/25/2026 8:05:00 AM,RTD,CVIS,06SLYSOL_G03,G,7/25/2026 8:01:00 AM,7/25/2026 9:00:00 AM,MIN_OPERATING_MW,3.69,
7/25/2026 8:05:00 AM,RTD,CMIN,10LIAN_G02,G,7/25/2026 12:05:00 AM,7/25/2026 11:59:00 PM,MAX_OPERATING_MW,6,
7/25/2026 8:05:00 AM,RTD,CMIN,10LIAN_G02,G,7/25/2026 12:05:00 AM,7/25/2026 11:59:00 PM,MIN_OPERATING_MW,3,
7/25/2026 8:05:00 AM,RTD,CMIN,11MALADU_G01,G,7/25/2026 12:01:00 AM,7/26/2026,MAX_OPERATING_MW,9.50,
7/25/2026 8:05:00 AM,RTD,CMIN,11MALADU_G01,G,7/25/2026 12:01:00 AM,7/26/2026,MIN_OPERATING_MW,9.50,
7/25/2026 8:10:00 AM,RTD,CLUZ,01BARBASOL_G01,G,7/25/2026 8:06:00 AM,7/25/2026 8:10:00 AM,MAX_OPERATING_MW,31.89,
7/25/2026 8:10:00 AM,RTD,CLUZ,01BARBASOL_G01,G,7/25/2026 8:06:00 AM,7/25/2026 8:10:00 AM,MIN_OPERATING_MW,31.89,
7/25/2026 8:10:00 AM,RTD,CLUZ,01BARBASOL_G01,G,7/25/2026 8:11:00 AM,7/25/2026 8:15:00 AM,MAX_OPERATING_MW,33.23,
7/25/2026 8:10:00 AM,RTD,CLUZ,01BARBASOL_G01,G,7/25/2026 8:11:00 AM,7/25/2026 8:15:00 AM,MIN_OPERATING_MW,33.23,
7/25/2026 8:10:00 AM,RTD,CLUZ,01BUGSOL_G01,G,7/25/2026 8:06:00 AM,7/25/2026 8:10:00 AM,MAX_OPERATING_MW,63.90,
7/25/2026 8:10:00 AM,RTD,CLUZ,01BUGSOL_G01,G,7/25/2026 8:06:00 AM,7/25/2026 8:10:00 AM,MIN_OPERATING_MW,63.90,
7/25/2026 8:10:00 AM,RTD,CLUZ,01BUGSOL_G01,G,7/25/2026 8:11:00 AM,7/25/2026 8:15:00 AM,MAX_OPERATING_MW,59.10,
7/25/2026 8:10:00 AM,RTD,CLUZ,01BUGSOL_G01,G,7/25/2026 8:11:00 AM,7/25/2026 8:15:00 AM,MIN_OPERATING_MW,59.10,
7/25/2026 8:10:00 AM,RTD,CLUZ,01BULACSOL_G01,G,7/25/2026 8:01:00 AM,7/25/2026 9:00:00 AM,MAX_OPERATING_MW,2.14,
7/25/2026 8:10:00 AM,RTD,CLUZ,01BULACSOL_G01,G,7/25/2026 8:01:00 AM,7/25/2026 9:00:00 AM,MIN_OPERATING_MW,2.14,
7/25/2026 8:10:00 AM,RTD,CLUZ,01MSINLO_G04,G,7/25/2026 6:51:00 AM,7/26/2026,MAX_OPERATING_MW,150,
7/25/2026 8:10:00 AM,RTD,CLUZ,01MSINLO_G04,G,7/25/2026 6:51:00 AM,7/26/2026,MIN_OPERATING_MW,150,
7/25/2026 8:10:00 AM,RTD,CLUZ,01PASBUSOL_G01,G,7/25/2026 8:01:00 AM,7/25/2026 9:00:00 AM,MAX_OPERATING_MW,14.78,
7/25/2026 8:10:00 AM,RTD,CLUZ,01PASBUSOL_G01,G,7/25/2026 8:01:00 AM,7/25/2026 9:00:00 AM,MIN_OPERATING_MW,14.78,
7/25/2026 8:10:00 AM,RTD,CLUZ,01TERRASOL_G01,G,7/25/2026 6:01:00 AM,7/25/2026 8:25:00 AM,MAX_OPERATING_MW,10,
7/25/2026 8:10:00 AM,RTD,CLUZ,01TERRASOL_G01,G,7/25/2026 6:01:00 AM,7/25/2026 8:25:00 AM,MIN_OPERATING_MW,10,
7/25/2026 8:10:00 AM,RTD,CLUZ,03LUNSOL_G01,G,7/25/2026 8:06:00 AM,7/25/2026 8:10:00 AM,MAX_OPERATING_MW,19.08,
7/25/2026 8:10:00 AM,RTD,CLUZ,03LUNSOL_G01,G,7/25/2026 8:06:00 AM,7/25/2026 8:10:00 AM,MIN_OPERATING_MW,19.08,
7/25/2026 8:10:00 AM,RTD,CLUZ,03LUNSOL_G01,G,7/25/2026 8:11:00 AM,7/25/2026 8:15:00 AM,MAX_OPERATING_MW,19.63,
7/25/2026 8:10:00 AM,RTD,CLUZ,03LUNSOL_G01,G,7/25/2026 8:11:00 AM,7/25/2026 8:15:00 AM,MIN_OPERATING_MW,19.63,
7/25/2026 8:10:00 AM,RTD,CVIS,06SLYSOL_G02,G,7/25/2026 8:01:00 AM,7/25/2026 9:00:00 AM,MAX_OPERATING_MW,5.87,
7/25/2026 8:10:00 AM,RTD,CVIS,06SLYSOL_G02,G,7/25/2026 8:01:00 AM,7/25/2026 9:00:00 AM,MIN_OPERATING_MW,5.87,
7/25/2026 8:10:00 AM,RTD,CVIS,06SLYSOL_G03,G,7/25/2026 8:01:00 AM,7/25/2026 9:00:00 AM,MAX_OPERATING_MW,3.69,
7/25/2026 8:10:00 AM,RTD,CVIS,06SLYSOL_G03,G,7/25/2026 8:01:00 AM,7/25/2026 9:00:00 AM,MIN_OPERATING_MW,3.69,
7/25/2026 8:10:00 AM,RTD,CMIN,10LIAN_G02,G,7/25/2026 12:05:00 AM,7/25/2026 11:59:00 PM,MAX_OPERATING_MW,6,
7/25/2026 8:10:00 AM,RTD,CMIN,10LIAN_G02,G,7/25/2026 12:05:00 AM,7/25/2026 11:59:00 PM,MIN_OPERATING_MW,3,
7/25/2026 8:10:00 AM,RTD,CMIN,11MALADU_G01,G,7/25/2026 12:01:00 AM,7/26/2026,MAX_OPERATING_MW,9.50,
7/25/2026 8:10:00 AM,RTD,CMIN,11MALADU_G01,G,7/25/2026 12:01:00 AM,7/26/2026,MIN_OPERATING_MW,9.50,
7/25/2026 8:15:00 AM,RTD,CLUZ,01BARBASOL_G01,G,7/25/2026 8:11:00 AM,7/25/2026 8:15:00 AM,MAX_OPERATING_MW,33.23,
7/25/2026 8:15:00 AM,RTD,CLUZ,01BARBASOL_G01,G,7/25/2026 8:11:00 AM,7/25/2026 8:15:00 AM,MIN_OPERATING_MW,33.23,
7/25/2026 8:15:00 AM,RTD,CLUZ,01BARBASOL_G01,G,7/25/2026 8:16:00 AM,7/25/2026 8:20:00 AM,MAX_OPERATING_MW,34.56,
7/25/2026 8:15:00 AM,RTD,CLUZ,01BARBASOL_G01,G,7/25/2026 8:16:00 AM,7/25/2026 8:20:00 AM,MIN_OPERATING_MW,34.56,
7/25/2026 8:15:00 AM,RTD,CLUZ,01BUGSOL_G01,G,7/25/2026 8:11:00 AM,7/25/2026 8:15:00 AM,MAX_OPERATING_MW,59.10,
7/25/2026 8:15:00 AM,RTD,CLUZ,01BUGSOL_G01,G,7/25/2026 8:11:00 AM,7/25/2026 8:15:00 AM,MIN_OPERATING_MW,59.10,
7/25/2026 8:15:00 AM,RTD,CLUZ,01BUGSOL_G01,G,7/25/2026 8:16:00 AM,7/25/2026 8:20:00 AM,MAX_OPERATING_MW,62.64,
7/25/2026 8:15:00 AM,RTD,CLUZ,01BUGSOL_G01,G,7/25/2026 8:16:00 AM,7/25/2026 8:20:00 AM,MIN_OPERATING_MW,62.64,
7/25/2026 8:15:00 AM,RTD,CLUZ,01BULACSOL_G01,G,7/25/2026 8:01:00 AM,7/25/2026 9:00:00 AM,MAX_OPERATING_MW,2.14,
7/25/2026 8:15:00 AM,RTD,CLUZ,01BULACSOL_G01,G,7/25/2026 8:01:00 AM,7/25/2026 9:00:00 AM,MIN_OPERATING_MW,2.14,
7/25/2026 8:15:00 AM,RTD,CLUZ,01MSINLO_G04,G,7/25/2026 6:51:00 AM,7/26/2026,MAX_OPERATING_MW,150,
7/25/2026 8:15:00 AM,RTD,CLUZ,01MSINLO_G04,G,7/25/2026 6:51:00 AM,7/26/2026,MIN_OPERATING_MW,150,
7/25/2026 8:15:00 AM,RTD,CLUZ,01PASBUSOL_G01,G,7/25/2026 8:01:00 AM,7/25/2026 9:00:00 AM,MAX_OPERATING_MW,14.78,
7/25/2026 8:15:00 AM,RTD,CLUZ,01PASBUSOL_G01,G,7/25/2026 8:01:00 AM,7/25/2026 9:00:00 AM,MIN_OPERATING_MW,14.78,
7/25/2026 8:15:00 AM,RTD,CLUZ,01TERRASOL_G01,G,7/25/2026 6:01:00 AM,7/25/2026 8:25:00 AM,MAX_OPERATING_MW,10,
7/25/2026 8:15:00 AM,RTD,CLUZ,01TERRASOL_G01,G,7/25/2026 6:01:00 AM,7/25/2026 8:25:00 AM,MIN_OPERATING_MW,10,
7/25/2026 8:15:00 AM,RTD,CLUZ,03LUNSOL_G01,G,7/25/2026 8:11:00 AM,7/25/2026 8:15:00 AM,MAX_OPERATING_MW,19.63,
7/25/2026 8:15:00 AM,RTD,CLUZ,03LUNSOL_G01,G,7/25/2026 8:11:00 AM,7/25/2026 8:15:00 AM,MIN_OPERATING_MW,19.63,
7/25/2026 8:15:00 AM,RTD,CLUZ,03LUNSOL_G01,G,7/25/2026 8:16:00 AM,7/25/2026 8:20:00 AM,MAX_OPERATING_MW,20.17,
7/25/2026 8:15:00 AM,RTD,CLUZ,03LUNSOL_G01,G,7/25/2026 8:16:00 AM,7/25/2026 8:20:00 AM,MIN_OPERATING_MW,20.17,
7/25/2026 8:15:00 AM,RTD,CVIS,06SLYSOL_G02,G,7/25/2026 8:01:00 AM,7/25/2026 9:00:00 AM,MAX_OPERATING_MW,5.87,
7/25/2026 8:15:00 AM,RTD,CVIS,06SLYSOL_G02,G,7/25/2026 8:01:00 AM,7/25/2026 9:00:00 AM,MIN_OPERATING_MW,5.87,
7/25/2026 8:15:00 AM,RTD,CVIS,06SLYSOL_G03,G,7/25/2026 8:01:00 AM,7/25/2026 9:00:00 AM,MAX_OPERATING_MW,3.69,
7/25/2026 8:15:00 AM,RTD,CVIS,06SLYSOL_G03,G,7/25/2026 8:01:00 AM,7/25/2026 9:00:00 AM,MIN_OPERATING_MW,3.69,
7/25/2026 8:15:00 AM,RTD,CMIN,10LIAN_G02,G,7/25/2026 12:05:00 AM,7/25/2026 11:59:00 PM,MAX_OPERATING_MW,6,
7/25/2026 8:15:00 AM,RTD,CMIN,10LIAN_G02,G,7/25/2026 12:05:00 AM,7/25/2026 11:59:00 PM,MIN_OPERATING_MW,3,
7/25/2026 8:15:00 AM,RTD,CMIN,11MALADU_G01,G,7/25/2026 12:01:00 AM,7/26/2026,MAX_OPERATING_MW,9.50,
7/25/2026 8:15:00 AM,RTD,CMIN,11MALADU_G01,G,7/25/2026 12:01:00 AM,7/26/2026,MIN_OPERATING_MW,9.50,
7/25/2026 8:20:00 AM,RTD,CLUZ,01BARBASOL_G01,G,7/25/2026 8:16:00 AM,7/25/2026 8:20:00 AM,MAX_OPERATING_MW,34.56,
7/25/2026 8:20:00 AM,RTD,CLUZ,01BARBASOL_G01,G,7/25/2026 8:16:00 AM,7/25/2026 8:20:00 AM,MIN_OPERATING_MW,34.56,
7/25/2026 8:20:00 AM,RTD,CLUZ,01BARBASOL_G01,G,7/25/2026 8:21:00 AM,7/25/2026 8:25:00 AM,MAX_OPERATING_MW,35.88,
7/25/2026 8:20:00 AM,RTD,CLUZ,01BARBASOL_G01,G,7/25/2026 8:21:00 AM,7/25/2026 8:25:00 AM,MIN_OPERATING_MW,35.88,
7/25/2026 8:20:00 AM,RTD,CLUZ,01BUGSOL_G01,G,7/25/2026 8:16:00 AM,7/25/2026 8:20:00 AM,MAX_OPERATING_MW,62.64,
7/25/2026 8:20:00 AM,RTD,CLUZ,01BUGSOL_G01,G,7/25/2026 8:16:00 AM,7/25/2026 8:20:00 AM,MIN_OPERATING_MW,62.64,
7/25/2026 8:20:00 AM,RTD,CLUZ,01BUGSOL_G01,G,7/25/2026 8:21:00 AM,7/25/2026 8:25:00 AM,MAX_OPERATING_MW,63.63,
7/25/2026 8:20:00 AM,RTD,CLUZ,01BUGSOL_G01,G,7/25/2026 8:21:00 AM,7/25/2026 8:25:00 AM,MIN_OPERATING_MW,63.63,
7/25/2026 8:20:00 AM,RTD,CLUZ,01BULACSOL_G01,G,7/25/2026 8:01:00 AM,7/25/2026 9:00:00 AM,MAX_OPERATING_MW,2.14,
7/25/2026 8:20:00 AM,RTD,CLUZ,01BULACSOL_G01,G,7/25/2026 8:01:00 AM,7/25/2026 9:00:00 AM,MIN_OPERATING_MW,2.14,
7/25/2026 8:20:00 AM,RTD,CLUZ,01MSINLO_G04,G,7/25/2026 6:51:00 AM,7/26/2026,MAX_OPERATING_MW,150,
7/25/2026 8:20:00 AM,RTD,CLUZ,01MSINLO_G04,G,7/25/2026 6:51:00 AM,7/26/2026,MIN_OPERATING_MW,150,
7/25/2026 8:20:00 AM,RTD,CLUZ,01PASBUSOL_G01,G,7/25/2026 8:01:00 AM,7/25/2026 9:00:00 AM,MAX_OPERATING_MW,14.78,
7/25/2026 8:20:00 AM,RTD,CLUZ,01PASBUSOL_G01,G,7/25/2026 8:01:00 AM,7/25/2026 9:00:00 AM,MIN_OPERATING_MW,14.78,
7/25/2026 8:20:00 AM,RTD,CLUZ,01TERRASOL_G01,G,7/25/2026 6:01:00 AM,7/25/2026 8:25:00 AM,MAX_OPERATING_MW,10,
7/25/2026 8:20:00 AM,RTD,CLUZ,01TERRASOL_G01,G,7/25/2026 6:01:00 AM,7/25/2026 8:25:00 AM,MIN_OPERATING_MW,10,
7/25/2026 8:20:00 AM,RTD,CLUZ,03LUNSOL_G01,G,7/25/2026 8:16:00 AM,7/25/2026 8:20:00 AM,MAX_OPERATING_MW,20.17,
7/25/2026 8:20:00 AM,RTD,CLUZ,03LUNSOL_G01,G,7/25/2026 8:16:00 AM,7/25/2026 8:20:00 AM,MIN_OPERATING_MW,20.17,
7/25/2026 8:20:00 AM,RTD,CLUZ,03LUNSOL_G01,G,7/25/2026 8:21:00 AM,7/25/2026 8:25:00 AM,MAX_OPERATING_MW,20.69,
7/25/2026 8:20:00 AM,RTD,CLUZ,03LUNSOL_G01,G,7/25/2026 8:21:00 AM,7/25/2026 8:25:00 AM,MIN_OPERATING_MW,20.69,
7/25/2026 8:20:00 AM,RTD,CVIS,06SLYSOL_G02,G,7/25/2026 8:01:00 AM,7/25/2026 9:00:00 AM,MAX_OPERATING_MW,5.87,
7/25/2026 8:20:00 AM,RTD,CVIS,06SLYSOL_G02,G,7/25/2026 8:01:00 AM,7/25/2026 9:00:00 AM,MIN_OPERATING_MW,5.87,
7/25/2026 8:20:00 AM,RTD,CVIS,06SLYSOL_G03,G,7/25/2026 8:01:00 AM,7/25/2026 9:00:00 AM,MAX_OPERATING_MW,3.69,
7/25/2026 8:20:00 AM,RTD,CVIS,06SLYSOL_G03,G,7/25/2026 8:01:00 AM,7/25/2026 9:00:00 AM,MIN_OPERATING_MW,3.69,
7/25/2026 8:20:00 AM,RTD,CMIN,10LIAN_G02,G,7/25/2026 12:05:00 AM,7/25/2026 11:59:00 PM,MAX_OPERATING_MW,6,
7/25/2026 8:20:00 AM,RTD,CMIN,10LIAN_G02,G,7/25/2026 12:05:00 AM,7/25/2026 11:59:00 PM,MIN_OPERATING_MW,3,
7/25/2026 8:20:00 AM,RTD,CMIN,11MALADU_G01,G,7/25/2026 12:01:00 AM,7/26/2026,MAX_OPERATING_MW,9.50,
7/25/2026 8:20:00 AM,RTD,CMIN,11MALADU_G01,G,7/25/2026 12:01:00 AM,7/26/2026,MIN_OPERATING_MW,9.50,
7/25/2026 8:25:00 AM,RTD,CLUZ,01BARBASOL_G01,G,7/25/2026 8:21:00 AM,7/25/2026 8:25:00 AM,MAX_OPERATING_MW,35.88,
7/25/2026 8:25:00 AM,RTD,CLUZ,01BARBASOL_G01,G,7/25/2026 8:21:00 AM,7/25/2026 8:25:00 AM,MIN_OPERATING_MW,35.88,
7/25/2026 8:25:00 AM,RTD,CLUZ,01BARBASOL_G01,G,7/25/2026 8:26:00 AM,7/25/2026 8:30:00 AM,MAX_OPERATING_MW,37.20,
7/25/2026 8:25:00 AM,RTD,CLUZ,01BARBASOL_G01,G,7/25/2026 8:26:00 AM,7/25/2026 8:30:00 AM,MIN_OPERATING_MW,37.20,
7/25/2026 8:25:00 AM,RTD,CLUZ,01BUGSOL_G01,G,7/25/2026 8:21:00 AM,7/25/2026 8:25:00 AM,MAX_OPERATING_MW,63.63,
7/25/2026 8:25:00 AM,RTD,CLUZ,01BUGSOL_G01,G,7/25/2026 8:21:00 AM,7/25/2026 8:25:00 AM,MIN_OPERATING_MW,63.63,
7/25/2026 8:25:00 AM,RTD,CLUZ,01BUGSOL_G01,G,7/25/2026 8:26:00 AM,7/25/2026 8:30:00 AM,MAX_OPERATING_MW,59.01,
7/25/2026 8:25:00 AM,RTD,CLUZ,01BUGSOL_G01,G,7/25/2026 8:26:00 AM,7/25/2026 8:30:00 AM,MIN_OPERATING_MW,59.01,
7/25/2026 8:25:00 AM,RTD,CLUZ,01BULACSOL_G01,G,7/25/2026 8:01:00 AM,7/25/2026 9:00:00 AM,MAX_OPERATING_MW,2.14,
7/25/2026 8:25:00 AM,RTD,CLUZ,01BULACSOL_G01,G,7/25/2026 8:01:00 AM,7/25/2026 9:00:00 AM,MIN_OPERATING_MW,2.14,
7/25/2026 8:25:00 AM,RTD,CLUZ,01MSINLO_G04,G,7/25/2026 6:51:00 AM,7/26/2026,MAX_OPERATING_MW,150,
7/25/2026 8:25:00 AM,RTD,CLUZ,01MSINLO_G04,G,7/25/2026 6:51:00 AM,7/26/2026,MIN_OPERATING_MW,150,
7/25/2026 8:25:00 AM,RTD,CLUZ,01PASBUSOL_G01,G,7/25/2026 8:01:00 AM,7/25/2026 9:00:00 AM,MAX_OPERATING_MW,14.78,
7/25/2026 8:25:00 AM,RTD,CLUZ,01PASBUSOL_G01,G,7/25/2026 8:01:00 AM,7/25/2026 9:00:00 AM,MIN_OPERATING_MW,14.78,
7/25/2026 8:25:00 AM,RTD,CLUZ,01TERRASOL_G01,G,7/25/2026 6:01:00 AM,7/25/2026 8:25:00 AM,MAX_OPERATING_MW,10,
7/25/2026 8:25:00 AM,RTD,CLUZ,01TERRASOL_G01,G,7/25/2026 6:01:00 AM,7/25/2026 8:25:00 AM,MIN_OPERATING_MW,10,
7/25/2026 8:25:00 AM,RTD,CLUZ,01TERRASOL_G01,G,7/25/2026 8:26:00 AM,7/25/2026 8:30:00 AM,MAX_OPERATING_MW,100,
7/25/2026 8:25:00 AM,RTD,CLUZ,01TERRASOL_G01,G,7/25/2026 8:26:00 AM,7/25/2026 8:30:00 AM,MIN_OPERATING_MW,100,
7/25/2026 8:25:00 AM,RTD,CLUZ,03LUNSOL_G01,G,7/25/2026 8:21:00 AM,7/25/2026 8:25:00 AM,MAX_OPERATING_MW,20.69,
7/25/2026 8:25:00 AM,RTD,CLUZ,03LUNSOL_G01,G,7/25/2026 8:21:00 AM,7/25/2026 8:25:00 AM,MIN_OPERATING_MW,20.69,
7/25/2026 8:25:00 AM,RTD,CLUZ,03LUNSOL_G01,G,7/25/2026 8:26:00 AM,7/25/2026 8:30:00 AM,MAX_OPERATING_MW,21.21,
7/25/2026 8:25:00 AM,RTD,CLUZ,03LUNSOL_G01,G,7/25/2026 8:26:00 AM,7/25/2026 8:30:00 AM,MIN_OPERATING_MW,21.21,
7/25/2026 8:25:00 AM,RTD,CVIS,06SLYSOL_G02,G,7/25/2026 8:01:00 AM,7/25/2026 9:00:00 AM,MAX_OPERATING_MW,5.87,
7/25/2026 8:25:00 AM,RTD,CVIS,06SLYSOL_G02,G,7/25/2026 8:01:00 AM,7/25/2026 9:00:00 AM,MIN_OPERATING_MW,5.87,
7/25/2026 8:25:00 AM,RTD,CVIS,06SLYSOL_G03,G,7/25/2026 8:01:00 AM,7/25/2026 9:00:00 AM,MAX_OPERATING_MW,3.69,
7/25/2026 8:25:00 AM,RTD,CVIS,06SLYSOL_G03,G,7/25/2026 8:01:00 AM,7/25/2026 9:00:00 AM,MIN_OPERATING_MW,3.69,
7/25/2026 8:25:00 AM,RTD,CMIN,10LIAN_G02,G,7/25/2026 12:05:00 AM,7/25/2026 11:59:00 PM,MAX_OPERATING_MW,6,
7/25/2026 8:25:00 AM,RTD,CMIN,10LIAN_G02,G,7/25/2026 12:05:00 AM,7/25/2026 11:59:00 PM,MIN_OPERATING_MW,3,
7/25/2026 8:25:00 AM,RTD,CMIN,11MALADU_G01,G,7/25/2026 12:01:00 AM,7/26/2026,MAX_OPERATING_MW,9.50,
7/25/2026 8:25:00 AM,RTD,CMIN,11MALADU_G01,G,7/25/2026 12:01:00 AM,7/26/2026,MIN_OPERATING_MW,9.50,
7/25/2026 8:30:00 AM,RTD,CLUZ,01BARBASOL_G01,G,7/25/2026 8:26:00 AM,7/25/2026 8:30:00 AM,MAX_OPERATING_MW,37.20,
7/25/2026 8:30:00 AM,RTD,CLUZ,01BARBASOL_G01,G,7/25/2026 8:26:00 AM,7/25/2026 8:30:00 AM,MIN_OPERATING_MW,37.20,
7/25/2026 8:30:00 AM,RTD,CLUZ,01BARBASOL_G01,G,7/25/2026 8:31:00 AM,7/25/2026 8:35:00 AM,MAX_OPERATING_MW,38.49,
7/25/2026 8:30:00 AM,RTD,CLUZ,01BARBASOL_G01,G,7/25/2026 8:31:00 AM,7/25/2026 8:35:00 AM,MIN_OPERATING_MW,38.49,
7/25/2026 8:30:00 AM,RTD,CLUZ,01BUGSOL_G01,G,7/25/2026 8:26:00 AM,7/25/2026 8:30:00 AM,MAX_OPERATING_MW,59.01,
7/25/2026 8:30:00 AM,RTD,CLUZ,01BUGSOL_G01,G,7/25/2026 8:26:00 AM,7/25/2026 8:30:00 AM,MIN_OPERATING_MW,59.01,
7/25/2026 8:30:00 AM,RTD,CLUZ,01BUGSOL_G01,G,7/25/2026 8:31:00 AM,7/25/2026 8:35:00 AM,MAX_OPERATING_MW,62.05,
7/25/2026 8:30:00 AM,RTD,CLUZ,01BUGSOL_G01,G,7/25/2026 8:31:00 AM,7/25/2026 8:35:00 AM,MIN_OPERATING_MW,62.05,
7/25/2026 8:30:00 AM,RTD,CLUZ,01BULACSOL_G01,G,7/25/2026 8:01:00 AM,7/25/2026 9:00:00 AM,MAX_OPERATING_MW,2.14,
7/25/2026 8:30:00 AM,RTD,CLUZ,01BULACSOL_G01,G,7/25/2026 8:01:00 AM,7/25/2026 9:00:00 AM,MIN_OPERATING_MW,2.14,
7/25/2026 8:30:00 AM,RTD,CLUZ,01MSINLO_G04,G,7/25/2026 6:51:00 AM,7/26/2026,MAX_OPERATING_MW,150,
7/25/2026 8:30:00 AM,RTD,CLUZ,01MSINLO_G04,G,7/25/2026 6:51:00 AM,7/26/2026,MIN_OPERATING_MW,150,
7/25/2026 8:30:00 AM,RTD,CLUZ,01PASBUSOL_G01,G,7/25/2026 8:01:00 AM,7/25/2026 9:00:00 AM,MAX_OPERATING_MW,14.78,
7/25/2026 8:30:00 AM,RTD,CLUZ,01PASBUSOL_G01,G,7/25/2026 8:01:00 AM,7/25/2026 9:00:00 AM,MIN_OPERATING_MW,14.78,
7/25/2026 8:30:00 AM,RTD,CLUZ,01TERRASOL_G01,G,7/25/2026 8:26:00 AM,7/25/2026 8:30:00 AM,MAX_OPERATING_MW,100,
7/25/2026 8:30:00 AM,RTD,CLUZ,01TERRASOL_G01,G,7/25/2026 8:26:00 AM,7/25/2026 8:30:00 AM,MIN_OPERATING_MW,100,
7/25/2026 8:30:00 AM,RTD,CLUZ,01TERRASOL_G01,G,7/25/2026 8:31:00 AM,7/25/2026 8:35:00 AM,MAX_OPERATING_MW,250,
7/25/2026 8:30:00 AM,RTD,CLUZ,01TERRASOL_G01,G,7/25/2026 8:31:00 AM,7/25/2026 8:35:00 AM,MIN_OPERATING_MW,250,
7/25/2026 8:30:00 AM,RTD,CLUZ,03LUNSOL_G01,G,7/25/2026 8:26:00 AM,7/25/2026 8:30:00 AM,MAX_OPERATING_MW,21.21,
7/25/2026 8:30:00 AM,RTD,CLUZ,03LUNSOL_G01,G,7/25/2026 8:26:00 AM,7/25/2026 8:30:00 AM,MIN_OPERATING_MW,21.21,
7/25/2026 8:30:00 AM,RTD,CLUZ,03LUNSOL_G01,G,7/25/2026 8:31:00 AM,7/25/2026 8:35:00 AM,MAX_OPERATING_MW,21.71,
7/25/2026 8:30:00 AM,RTD,CLUZ,03LUNSOL_G01,G,7/25/2026 8:31:00 AM,7/25/2026 8:35:00 AM,MIN_OPERATING_MW,21.71,
7/25/2026 8:30:00 AM,RTD,CVIS,06SLYSOL_G02,G,7/25/2026 8:01:00 AM,7/25/2026 9:00:00 AM,MAX_OPERATING_MW,5.87,
7/25/2026 8:30:00 AM,RTD,CVIS,06SLYSOL_G02,G,7/25/2026 8:01:00 AM,7/25/2026 9:00:00 AM,MIN_OPERATING_MW,5.87,
7/25/2026 8:30:00 AM,RTD,CVIS,06SLYSOL_G03,G,7/25/2026 8:01:00 AM,7/25/2026 9:00:00 AM,MAX_OPERATING_MW,3.69,
7/25/2026 8:30:00 AM,RTD,CVIS,06SLYSOL_G03,G,7/25/2026 8:01:00 AM,7/25/2026 9:00:00 AM,MIN_OPERATING_MW,3.69,
7/25/2026 8:30:00 AM,RTD,CMIN,10LIAN_G02,G,7/25/2026 12:05:00 AM,7/25/2026 11:59:00 PM,MAX_OPERATING_MW,6,
7/25/2026 8:30:00 AM,RTD,CMIN,10LIAN_G02,G,7/25/2026 12:05:00 AM,7/25/2026 11:59:00 PM,MIN_OPERATING_MW,3,
7/25/2026 8:30:00 AM,RTD,CMIN,11MALADU_G01,G,7/25/2026 12:01:00 AM,7/26/2026,MAX_OPERATING_MW,9.50,
7/25/2026 8:30:00 AM,RTD,CMIN,11MALADU_G01,G,7/25/2026 12:01:00 AM,7/26/2026,MIN_OPERATING_MW,9.50,
7/25/2026 8:35:00 AM,RTD,CLUZ,01BARBASOL_G01,G,7/25/2026 8:31:00 AM,7/25/2026 8:35:00 AM,MAX_OPERATING_MW,38.49,
7/25/2026 8:35:00 AM,RTD,CLUZ,01BARBASOL_G01,G,7/25/2026 8:31:00 AM,7/25/2026 8:35:00 AM,MIN_OPERATING_MW,38.49,
7/25/2026 8:35:00 AM,RTD,CLUZ,01BARBASOL_G01,G,7/25/2026 8:36:00 AM,7/25/2026 8:40:00 AM,MAX_OPERATING_MW,39.77,
7/25/2026 8:35:00 AM,RTD,CLUZ,01BARBASOL_G01,G,7/25/2026 8:36:00 AM,7/25/2026 8:40:00 AM,MIN_OPERATING_MW,39.77,
7/25/2026 8:35:00 AM,RTD,CLUZ,01BUGSOL_G01,G,7/25/2026 8:31:00 AM,7/25/2026 8:35:00 AM,MAX_OPERATING_MW,62.05,
7/25/2026 8:35:00 AM,RTD,CLUZ,01BUGSOL_G01,G,7/25/2026 8:31:00 AM,7/25/2026 8:35:00 AM,MIN_OPERATING_MW,62.05,
7/25/2026 8:35:00 AM,RTD,CLUZ,01BUGSOL_G01,G,7/25/2026 8:36:00 AM,7/25/2026 8:40:00 AM,MAX_OPERATING_MW,68.10,
7/25/2026 8:35:00 AM,RTD,CLUZ,01BUGSOL_G01,G,7/25/2026 8:36:00 AM,7/25/2026 8:40:00 AM,MIN_OPERATING_MW,68.10,
7/25/2026 8:35:00 AM,RTD,CLUZ,01BULACSOL_G01,G,7/25/2026 8:01:00 AM,7/25/2026 9:00:00 AM,MAX_OPERATING_MW,2.14,
7/25/2026 8:35:00 AM,RTD,CLUZ,01BULACSOL_G01,G,7/25/2026 8:01:00 AM,7/25/2026 9:00:00 AM,MIN_OPERATING_MW,2.14,
7/25/2026 8:35:00 AM,RTD,CLUZ,01MSINLO_G04,G,7/25/2026 6:51:00 AM,7/26/2026,MAX_OPERATING_MW,150,
7/25/2026 8:35:00 AM,RTD,CLUZ,01MSINLO_G04,G,7/25/2026 6:51:00 AM,7/26/2026,MIN_OPERATING_MW,150,
7/25/2026 8:35:00 AM,RTD,CLUZ,01PASBUSOL_G01,G,7/25/2026 8:01:00 AM,7/25/2026 9:00:00 AM,MAX_OPERATING_MW,14.78,
7/25/2026 8:35:00 AM,RTD,CLUZ,01PASBUSOL_G01,G,7/25/2026 8:01:00 AM,7/25/2026 9:00:00 AM,MIN_OPERATING_MW,14.78,
7/25/2026 8:35:00 AM,RTD,CLUZ,01TERRASOL_G01,G,7/25/2026 8:31:00 AM,7/25/2026 8:35:00 AM,MAX_OPERATING_MW,250,
7/25/2026 8:35:00 AM,RTD,CLUZ,01TERRASOL_G01,G,7/25/2026 8:31:00 AM,7/25/2026 8:35:00 AM,MIN_OPERATING_MW,250,
7/25/2026 8:35:00 AM,RTD,CLUZ,01TERRASOL_G01,G,7/25/2026 8:36:00 AM,7/25/2026 8:40:00 AM,MAX_OPERATING_MW,350,
7/25/2026 8:35:00 AM,RTD,CLUZ,01TERRASOL_G01,G,7/25/2026 8:36:00 AM,7/25/2026 8:40:00 AM,MIN_OPERATING_MW,350,
7/25/2026 8:35:00 AM,RTD,CLUZ,03LUNSOL_G01,G,7/25/2026 8:31:00 AM,7/25/2026 8:35:00 AM,MAX_OPERATING_MW,21.71,
7/25/2026 8:35:00 AM,RTD,CLUZ,03LUNSOL_G01,G,7/25/2026 8:31:00 AM,7/25/2026 8:35:00 AM,MIN_OPERATING_MW,21.71,
7/25/2026 8:35:00 AM,RTD,CLUZ,03LUNSOL_G01,G,7/25/2026 8:36:00 AM,7/25/2026 8:40:00 AM,MAX_OPERATING_MW,22.21,
7/25/2026 8:35:00 AM,RTD,CLUZ,03LUNSOL_G01,G,7/25/2026 8:36:00 AM,7/25/2026 8:40:00 AM,MIN_OPERATING_MW,22.21,
7/25/2026 8:35:00 AM,RTD,CVIS,06SLYSOL_G02,G,7/25/2026 8:01:00 AM,7/25/2026 9:00:00 AM,MAX_OPERATING_MW,5.87,
7/25/2026 8:35:00 AM,RTD,CVIS,06SLYSOL_G02,G,7/25/2026 8:01:00 AM,7/25/2026 9:00:00 AM,MIN_OPERATING_MW,5.87,
7/25/2026 8:35:00 AM,RTD,CVIS,06SLYSOL_G03,G,7/25/2026 8:01:00 AM,7/25/2026 9:00:00 AM,MAX_OPERATING_MW,3.69,
7/25/2026 8:35:00 AM,RTD,CVIS,06SLYSOL_G03,G,7/25/2026 8:01:00 AM,7/25/2026 9:00:00 AM,MIN_OPERATING_MW,3.69,
7/25/2026 8:35:00 AM,RTD,CMIN,10LIAN_G02,G,7/25/2026 12:05:00 AM,7/25/2026 11:59:00 PM,MAX_OPERATING_MW,6,
7/25/2026 8:35:00 AM,RTD,CMIN,10LIAN_G02,G,7/25/2026 12:05:00 AM,7/25/2026 11:59:00 PM,MIN_OPERATING_MW,3,
7/25/2026 8:35:00 AM,RTD,CMIN,11MALADU_G01,G,7/25/2026 12:01:00 AM,7/26/2026,MAX_OPERATING_MW,9.50,
7/25/2026 8:35:00 AM,RTD,CMIN,11MALADU_G01,G,7/25/2026 12:01:00 AM,7/26/2026,MIN_OPERATING_MW,9.50,
7/25/2026 8:40:00 AM,RTD,CLUZ,01BARBASOL_G01,G,7/25/2026 8:36:00 AM,7/25/2026 8:40:00 AM,MAX_OPERATING_MW,39.77,
7/25/2026 8:40:00 AM,RTD,CLUZ,01BARBASOL_G01,G,7/25/2026 8:36:00 AM,7/25/2026 8:40:00 AM,MIN_OPERATING_MW,39.77,
7/25/2026 8:40:00 AM,RTD,CLUZ,01BARBASOL_G01,G,7/25/2026 8:41:00 AM,7/25/2026 8:45:00 AM,MAX_OPERATING_MW,41.02,
7/25/2026 8:40:00 AM,RTD,CLUZ,01BARBASOL_G01,G,7/25/2026 8:41:00 AM,7/25/2026 8:45:00 AM,MIN_OPERATING_MW,41.02,
7/25/2026 8:40:00 AM,RTD,CLUZ,01BUGSOL_G01,G,7/25/2026 8:36:00 AM,7/25/2026 8:40:00 AM,MAX_OPERATING_MW,68.10,
7/25/2026 8:40:00 AM,RTD,CLUZ,01BUGSOL_G01,G,7/25/2026 8:36:00 AM,7/25/2026 8:40:00 AM,MIN_OPERATING_MW,68.10,
7/25/2026 8:40:00 AM,RTD,CLUZ,01BUGSOL_G01,G,7/25/2026 8:41:00 AM,7/25/2026 8:45:00 AM,MAX_OPERATING_MW,67.96,
7/25/2026 8:40:00 AM,RTD,CLUZ,01BUGSOL_G01,G,7/25/2026 8:41:00 AM,7/25/2026 8:45:00 AM,MIN_OPERATING_MW,67.96,
7/25/2026 8:40:00 AM,RTD,CLUZ,01BULACSOL_G01,G,7/25/2026 8:01:00 AM,7/25/2026 9:00:00 AM,MAX_OPERATING_MW,2.14,
7/25/2026 8:40:00 AM,RTD,CLUZ,01BULACSOL_G01,G,7/25/2026 8:01:00 AM,7/25/2026 9:00:00 AM,MIN_OPERATING_MW,2.14,
7/25/2026 8:40:00 AM,RTD,CLUZ,01MSINLO_G04,G,7/25/2026 6:51:00 AM,7/26/2026,MAX_OPERATING_MW,150,
7/25/2026 8:40:00 AM,RTD,CLUZ,01MSINLO_G04,G,7/25/2026 6:51:00 AM,7/26/2026,MIN_OPERATING_MW,150,
7/25/2026 8:40:00 AM,RTD,CLUZ,01PASBUSOL_G01,G,7/25/2026 8:01:00 AM,7/25/2026 9:00:00 AM,MAX_OPERATING_MW,14.78,
7/25/2026 8:40:00 AM,RTD,CLUZ,01PASBUSOL_G01,G,7/25/2026 8:01:00 AM,7/25/2026 9:00:00 AM,MIN_OPERATING_MW,14.78,
7/25/2026 8:40:00 AM,RTD,CLUZ,01TERRASOL_G01,G,7/25/2026 8:36:00 AM,7/25/2026 8:40:00 AM,MAX_OPERATING_MW,350,
7/25/2026 8:40:00 AM,RTD,CLUZ,01TERRASOL_G01,G,7/25/2026 8:36:00 AM,7/25/2026 8:40:00 AM,MIN_OPERATING_MW,350,
7/25/2026 8:40:00 AM,RTD,CLUZ,01TERRASOL_G01,G,7/25/2026 8:41:00 AM,7/25/2026 9:00:00 AM,MAX_OPERATING_MW,400,
7/25/2026 8:40:00 AM,RTD,CLUZ,01TERRASOL_G01,G,7/25/2026 8:41:00 AM,7/25/2026 9:00:00 AM,MIN_OPERATING_MW,400,
7/25/2026 8:40:00 AM,RTD,CLUZ,03LUNSOL_G01,G,7/25/2026 8:36:00 AM,7/25/2026 8:40:00 AM,MAX_OPERATING_MW,22.21,
7/25/2026 8:40:00 AM,RTD,CLUZ,03LUNSOL_G01,G,7/25/2026 8:36:00 AM,7/25/2026 8:40:00 AM,MIN_OPERATING_MW,22.21,
7/25/2026 8:40:00 AM,RTD,CLUZ,03LUNSOL_G01,G,7/25/2026 8:41:00 AM,7/25/2026 8:45:00 AM,MAX_OPERATING_MW,22.69,
7/25/2026 8:40:00 AM,RTD,CLUZ,03LUNSOL_G01,G,7/25/2026 8:41:00 AM,7/25/2026 8:45:00 AM,MIN_OPERATING_MW,22.69,
7/25/2026 8:40:00 AM,RTD,CVIS,06SLYSOL_G02,G,7/25/2026 8:01:00 AM,7/25/2026 9:00:00 AM,MAX_OPERATING_MW,5.87,
7/25/2026 8:40:00 AM,RTD,CVIS,06SLYSOL_G02,G,7/25/2026 8:01:00 AM,7/25/2026 9:00:00 AM,MIN_OPERATING_MW,5.87,
7/25/2026 8:40:00 AM,RTD,CVIS,06SLYSOL_G03,G,7/25/2026 8:01:00 AM,7/25/2026 9:00:00 AM,MAX_OPERATING_MW,3.69,
7/25/2026 8:40:00 AM,RTD,CVIS,06SLYSOL_G03,G,7/25/2026 8:01:00 AM,7/25/2026 9:00:00 AM,MIN_OPERATING_MW,3.69,
7/25/2026 8:40:00 AM,RTD,CMIN,10LIAN_G02,G,7/25/2026 12:05:00 AM,7/25/2026 11:59:00 PM,MAX_OPERATING_MW,6,
7/25/2026 8:40:00 AM,RTD,CMIN,10LIAN_G02,G,7/25/2026 12:05:00 AM,7/25/2026 11:59:00 PM,MIN_OPERATING_MW,3,
7/25/2026 8:40:00 AM,RTD,CMIN,11MALADU_G01,G,7/25/2026 12:01:00 AM,7/26/2026,MAX_OPERATING_MW,9.50,
7/25/2026 8:40:00 AM,RTD,CMIN,11MALADU_G01,G,7/25/2026 12:01:00 AM,7/26/2026,MIN_OPERATING_MW,9.50,
7/25/2026 8:45:00 AM,RTD,CLUZ,01BARBASOL_G01,G,7/25/2026 8:41:00 AM,7/25/2026 8:45:00 AM,MAX_OPERATING_MW,41.02,
7/25/2026 8:45:00 AM,RTD,CLUZ,01BARBASOL_G01,G,7/25/2026 8:41:00 AM,7/25/2026 8:45:00 AM,MIN_OPERATING_MW,41.02,
7/25/2026 8:45:00 AM,RTD,CLUZ,01BARBASOL_G01,G,7/25/2026 8:46:00 AM,7/25/2026 8:50:00 AM,MAX_OPERATING_MW,42.25,
7/25/2026 8:45:00 AM,RTD,CLUZ,01BARBASOL_G01,G,7/25/2026 8:46:00 AM,7/25/2026 8:50:00 AM,MIN_OPERATING_MW,42.25,
7/25/2026 8:45:00 AM,RTD,CLUZ,01BUGSOL_G01,G,7/25/2026 8:41:00 AM,7/25/2026 8:45:00 AM,MAX_OPERATING_MW,67.96,
7/25/2026 8:45:00 AM,RTD,CLUZ,01BUGSOL_G01,G,7/25/2026 8:41:00 AM,7/25/2026 8:45:00 AM,MIN_OPERATING_MW,67.96,
7/25/2026 8:45:00 AM,RTD,CLUZ,01BUGSOL_G01,G,7/25/2026 8:46:00 AM,7/25/2026 8:50:00 AM,MAX_OPERATING_MW,63.26,
7/25/2026 8:45:00 AM,RTD,CLUZ,01BUGSOL_G01,G,7/25/2026 8:46:00 AM,7/25/2026 8:50:00 AM,MIN_OPERATING_MW,63.26,
7/25/2026 8:45:00 AM,RTD,CLUZ,01BULACSOL_G01,G,7/25/2026 8:01:00 AM,7/25/2026 9:00:00 AM,MAX_OPERATING_MW,2.14,
7/25/2026 8:45:00 AM,RTD,CLUZ,01BULACSOL_G01,G,7/25/2026 8:01:00 AM,7/25/2026 9:00:00 AM,MIN_OPERATING_MW,2.14,
7/25/2026 8:45:00 AM,RTD,CLUZ,01MSINLO_G04,G,7/25/2026 6:51:00 AM,7/26/2026,MAX_OPERATING_MW,150,
7/25/2026 8:45:00 AM,RTD,CLUZ,01MSINLO_G04,G,7/25/2026 6:51:00 AM,7/26/2026,MIN_OPERATING_MW,150,
7/25/2026 8:45:00 AM,RTD,CLUZ,01PASBUSOL_G01,G,7/25/2026 8:01:00 AM,7/25/2026 9:00:00 AM,MAX_OPERATING_MW,14.78,
7/25/2026 8:45:00 AM,RTD,CLUZ,01PASBUSOL_G01,G,7/25/2026 8:01:00 AM,7/25/2026 9:00:00 AM,MIN_OPERATING_MW,14.78,
7/25/2026 8:45:00 AM,RTD,CLUZ,01TERRASOL_G01,G,7/25/2026 8:41:00 AM,7/25/2026 9:00:00 AM,MAX_OPERATING_MW,400,
7/25/2026 8:45:00 AM,RTD,CLUZ,01TERRASOL_G01,G,7/25/2026 8:41:00 AM,7/25/2026 9:00:00 AM,MIN_OPERATING_MW,400,
7/25/2026 8:45:00 AM,RTD,CLUZ,03LUNSOL_G01,G,7/25/2026 8:41:00 AM,7/25/2026 8:45:00 AM,MAX_OPERATING_MW,22.69,
7/25/2026 8:45:00 AM,RTD,CLUZ,03LUNSOL_G01,G,7/25/2026 8:41:00 AM,7/25/2026 8:45:00 AM,MIN_OPERATING_MW,22.69,
7/25/2026 8:45:00 AM,RTD,CLUZ,03LUNSOL_G01,G,7/25/2026 8:46:00 AM,7/25/2026 8:50:00 AM,MAX_OPERATING_MW,23.17,
7/25/2026 8:45:00 AM,RTD,CLUZ,03LUNSOL_G01,G,7/25/2026 8:46:00 AM,7/25/2026 8:50:00 AM,MIN_OPERATING_MW,23.17,
7/25/2026 8:45:00 AM,RTD,CVIS,06SLYSOL_G02,G,7/25/2026 8:01:00 AM,7/25/2026 9:00:00 AM,MAX_OPERATING_MW,5.87,
7/25/2026 8:45:00 AM,RTD,CVIS,06SLYSOL_G02,G,7/25/2026 8:01:00 AM,7/25/2026 9:00:00 AM,MIN_OPERATING_MW,5.87,
7/25/2026 8:45:00 AM,RTD,CVIS,06SLYSOL_G03,G,7/25/2026 8:01:00 AM,7/25/2026 9:00:00 AM,MAX_OPERATING_MW,3.69,
7/25/2026 8:45:00 AM,RTD,CVIS,06SLYSOL_G03,G,7/25/2026 8:01:00 AM,7/25/2026 9:00:00 AM,MIN_OPERATING_MW,3.69,
7/25/2026 8:45:00 AM,RTD,CMIN,10LIAN_G02,G,7/25/2026 12:05:00 AM,7/25/2026 11:59:00 PM,MAX_OPERATING_MW,6,
7/25/2026 8:45:00 AM,RTD,CMIN,10LIAN_G02,G,7/25/2026 12:05:00 AM,7/25/2026 11:59:00 PM,MIN_OPERATING_MW,3,
7/25/2026 8:45:00 AM,RTD,CMIN,11MALADU_G01,G,7/25/2026 12:01:00 AM,7/26/2026,MAX_OPERATING_MW,9.50,
7/25/2026 8:45:00 AM,RTD,CMIN,11MALADU_G01,G,7/25/2026 12:01:00 AM,7/26/2026,MIN_OPERATING_MW,9.50,
7/25/2026 8:50:00 AM,RTD,CLUZ,01BARBASOL_G01,G,7/25/2026 8:46:00 AM,7/25/2026 8:50:00 AM,MAX_OPERATING_MW,42.25,
7/25/2026 8:50:00 AM,RTD,CLUZ,01BARBASOL_G01,G,7/25/2026 8:46:00 AM,7/25/2026 8:50:00 AM,MIN_OPERATING_MW,42.25,
7/25/2026 8:50:00 AM,RTD,CLUZ,01BARBASOL_G01,G,7/25/2026 8:51:00 AM,7/25/2026 8:55:00 AM,MAX_OPERATING_MW,43.44,
7/25/2026 8:50:00 AM,RTD,CLUZ,01BARBASOL_G01,G,7/25/2026 8:51:00 AM,7/25/2026 8:55:00 AM,MIN_OPERATING_MW,43.44,
7/25/2026 8:50:00 AM,RTD,CLUZ,01BUGSOL_G01,G,7/25/2026 8:46:00 AM,7/25/2026 8:50:00 AM,MAX_OPERATING_MW,63.26,
7/25/2026 8:50:00 AM,RTD,CLUZ,01BUGSOL_G01,G,7/25/2026 8:46:00 AM,7/25/2026 8:50:00 AM,MIN_OPERATING_MW,63.26,
7/25/2026 8:50:00 AM,RTD,CLUZ,01BUGSOL_G01,G,7/25/2026 8:51:00 AM,7/25/2026 8:55:00 AM,MAX_OPERATING_MW,60.80,
7/25/2026 8:50:00 AM,RTD,CLUZ,01BUGSOL_G01,G,7/25/2026 8:51:00 AM,7/25/2026 8:55:00 AM,MIN_OPERATING_MW,60.80,
7/25/2026 8:50:00 AM,RTD,CLUZ,01BULACSOL_G01,G,7/25/2026 8:01:00 AM,7/25/2026 9:00:00 AM,MAX_OPERATING_MW,2.14,
7/25/2026 8:50:00 AM,RTD,CLUZ,01BULACSOL_G01,G,7/25/2026 8:01:00 AM,7/25/2026 9:00:00 AM,MIN_OPERATING_MW,2.14,
7/25/2026 8:50:00 AM,RTD,CLUZ,01MSINLO_G04,G,7/25/2026 6:51:00 AM,7/26/2026,MAX_OPERATING_MW,150,
7/25/2026 8:50:00 AM,RTD,CLUZ,01MSINLO_G04,G,7/25/2026 6:51:00 AM,7/26/2026,MIN_OPERATING_MW,150,
7/25/2026 8:50:00 AM,RTD,CLUZ,01PASBUSOL_G01,G,7/25/2026 8:01:00 AM,7/25/2026 9:00:00 AM,MAX_OPERATING_MW,14.78,
7/25/2026 8:50:00 AM,RTD,CLUZ,01PASBUSOL_G01,G,7/25/2026 8:01:00 AM,7/25/2026 9:00:00 AM,MIN_OPERATING_MW,14.78,
7/25/2026 8:50:00 AM,RTD,CLUZ,01TERRASOL_G01,G,7/25/2026 8:41:00 AM,7/25/2026 9:00:00 AM,MAX_OPERATING_MW,400,
7/25/2026 8:50:00 AM,RTD,CLUZ,01TERRASOL_G01,G,7/25/2026 8:41:00 AM,7/25/2026 9:00:00 AM,MIN_OPERATING_MW,400,
7/25/2026 8:50:00 AM,RTD,CLUZ,03LUNSOL_G01,G,7/25/2026 8:46:00 AM,7/25/2026 8:50:00 AM,MAX_OPERATING_MW,23.17,
7/25/2026 8:50:00 AM,RTD,CLUZ,03LUNSOL_G01,G,7/25/2026 8:46:00 AM,7/25/2026 8:50:00 AM,MIN_OPERATING_MW,23.17,
7/25/2026 8:50:00 AM,RTD,CLUZ,03LUNSOL_G01,G,7/25/2026 8:51:00 AM,7/25/2026 8:55:00 AM,MAX_OPERATING_MW,23.63,
7/25/2026 8:50:00 AM,RTD,CLUZ,03LUNSOL_G01,G,7/25/2026 8:51:00 AM,7/25/2026 8:55:00 AM,MIN_OPERATING_MW,23.63,
7/25/2026 8:50:00 AM,RTD,CVIS,06SLYSOL_G02,G,7/25/2026 8:01:00 AM,7/25/2026 9:00:00 AM,MAX_OPERATING_MW,5.87,
7/25/2026 8:50:00 AM,RTD,CVIS,06SLYSOL_G02,G,7/25/2026 8:01:00 AM,7/25/2026 9:00:00 AM,MIN_OPERATING_MW,5.87,
7/25/2026 8:50:00 AM,RTD,CVIS,06SLYSOL_G03,G,7/25/2026 8:01:00 AM,7/25/2026 9:00:00 AM,MAX_OPERATING_MW,3.69,
7/25/2026 8:50:00 AM,RTD,CVIS,06SLYSOL_G03,G,7/25/2026 8:01:00 AM,7/25/2026 9:00:00 AM,MIN_OPERATING_MW,3.69,
7/25/2026 8:50:00 AM,RTD,CMIN,10LIAN_G02,G,7/25/2026 12:05:00 AM,7/25/2026 11:59:00 PM,MAX_OPERATING_MW,6,
7/25/2026 8:50:00 AM,RTD,CMIN,10LIAN_G02,G,7/25/2026 12:05:00 AM,7/25/2026 11:59:00 PM,MIN_OPERATING_MW,3,
7/25/2026 8:50:00 AM,RTD,CMIN,11MALADU_G01,G,7/25/2026 12:01:00 AM,7/26/2026,MAX_OPERATING_MW,9.50,
7/25/2026 8:50:00 AM,RTD,CMIN,11MALADU_G01,G,7/25/2026 12:01:00 AM,7/26/2026,MIN_OPERATING_MW,9.50,
7/25/2026 8:55:00 AM,RTD,CLUZ,01BARBASOL_G01,G,7/25/2026 8:51:00 AM,7/25/2026 8:55:00 AM,MAX_OPERATING_MW,43.44,
7/25/2026 8:55:00 AM,RTD,CLUZ,01BARBASOL_G01,G,7/25/2026 8:51:00 AM,7/25/2026 8:55:00 AM,MIN_OPERATING_MW,43.44,
7/25/2026 8:55:00 AM,RTD,CLUZ,01BARBASOL_G01,G,7/25/2026 8:56:00 AM,7/25/2026 9:00:00 AM,MAX_OPERATING_MW,44.59,
7/25/2026 8:55:00 AM,RTD,CLUZ,01BARBASOL_G01,G,7/25/2026 8:56:00 AM,7/25/2026 9:00:00 AM,MIN_OPERATING_MW,44.59,
7/25/2026 8:55:00 AM,RTD,CLUZ,01BUGSOL_G01,G,7/25/2026 8:51:00 AM,7/25/2026 8:55:00 AM,MAX_OPERATING_MW,60.80,
7/25/2026 8:55:00 AM,RTD,CLUZ,01BUGSOL_G01,G,7/25/2026 8:51:00 AM,7/25/2026 8:55:00 AM,MIN_OPERATING_MW,60.80,
7/25/2026 8:55:00 AM,RTD,CLUZ,01BUGSOL_G01,G,7/25/2026 8:56:00 AM,7/25/2026 9:00:00 AM,MAX_OPERATING_MW,54.49,
7/25/2026 8:55:00 AM,RTD,CLUZ,01BUGSOL_G01,G,7/25/2026 8:56:00 AM,7/25/2026 9:00:00 AM,MIN_OPERATING_MW,54.49,
7/25/2026 8:55:00 AM,RTD,CLUZ,01BULACSOL_G01,G,7/25/2026 8:01:00 AM,7/25/2026 9:00:00 AM,MAX_OPERATING_MW,2.14,
7/25/2026 8:55:00 AM,RTD,CLUZ,01BULACSOL_G01,G,7/25/2026 8:01:00 AM,7/25/2026 9:00:00 AM,MIN_OPERATING_MW,2.14,
7/25/2026 8:55:00 AM,RTD,CLUZ,01MSINLO_G04,G,7/25/2026 6:51:00 AM,7/26/2026,MAX_OPERATING_MW,150,
7/25/2026 8:55:00 AM,RTD,CLUZ,01MSINLO_G04,G,7/25/2026 6:51:00 AM,7/26/2026,MIN_OPERATING_MW,150,
7/25/2026 8:55:00 AM,RTD,CLUZ,01PASBUSOL_G01,G,7/25/2026 8:01:00 AM,7/25/2026 9:00:00 AM,MAX_OPERATING_MW,14.78,
7/25/2026 8:55:00 AM,RTD,CLUZ,01PASBUSOL_G01,G,7/25/2026 8:01:00 AM,7/25/2026 9:00:00 AM,MIN_OPERATING_MW,14.78,
7/25/2026 8:55:00 AM,RTD,CLUZ,01TERRASOL_G01,G,7/25/2026 8:41:00 AM,7/25/2026 9:00:00 AM,MAX_OPERATING_MW,400,
7/25/2026 8:55:00 AM,RTD,CLUZ,01TERRASOL_G01,G,7/25/2026 8:41:00 AM,7/25/2026 9:00:00 AM,MIN_OPERATING_MW,400,
7/25/2026 8:55:00 AM,RTD,CLUZ,03LUNSOL_G01,G,7/25/2026 8:51:00 AM,7/25/2026 8:55:00 AM,MAX_OPERATING_MW,23.63,
7/25/2026 8:55:00 AM,RTD,CLUZ,03LUNSOL_G01,G,7/25/2026 8:51:00 AM,7/25/2026 8:55:00 AM,MIN_OPERATING_MW,23.63,
7/25/2026 8:55:00 AM,RTD,CLUZ,03LUNSOL_G01,G,7/25/2026 8:56:00 AM,7/25/2026 9:00:00 AM,MAX_OPERATING_MW,24.08,
7/25/2026 8:55:00 AM,RTD,CLUZ,03LUNSOL_G01,G,7/25/2026 8:56:00 AM,7/25/2026 9:00:00 AM,MIN_OPERATING_MW,24.08,
7/25/2026 8:55:00 AM,RTD,CVIS,06SLYSOL_G02,G,7/25/2026 8:01:00 AM,7/25/2026 9:00:00 AM,MAX_OPERATING_MW,5.87,
7/25/2026 8:55:00 AM,RTD,CVIS,06SLYSOL_G02,G,7/25/2026 8:01:00 AM,7/25/2026 9:00:00 AM,MIN_OPERATING_MW,5.87,
7/25/2026 8:55:00 AM,RTD,CVIS,06SLYSOL_G03,G,7/25/2026 8:01:00 AM,7/25/2026 9:00:00 AM,MAX_OPERATING_MW,3.69,
7/25/2026 8:55:00 AM,RTD,CVIS,06SLYSOL_G03,G,7/25/2026 8:01:00 AM,7/25/2026 9:00:00 AM,MIN_OPERATING_MW,3.69,
7/25/2026 8:55:00 AM,RTD,CMIN,10LIAN_G02,G,7/25/2026 12:05:00 AM,7/25/2026 11:59:00 PM,MAX_OPERATING_MW,6,
7/25/2026 8:55:00 AM,RTD,CMIN,10LIAN_G02,G,7/25/2026 12:05:00 AM,7/25/2026 11:59:00 PM,MIN_OPERATING_MW,3,
7/25/2026 8:55:00 AM,RTD,CMIN,11MALADU_G01,G,7/25/2026 12:01:00 AM,7/26/2026,MAX_OPERATING_MW,9.50,
7/25/2026 8:55:00 AM,RTD,CMIN,11MALADU_G01,G,7/25/2026 12:01:00 AM,7/26/2026,MIN_OPERATING_MW,9.50,
7/25/2026 9:00:00 AM,RTD,CLUZ,01BARBASOL_G01,G,7/25/2026 8:56:00 AM,7/25/2026 9:00:00 AM,MAX_OPERATING_MW,44.59,
7/25/2026 9:00:00 AM,RTD,CLUZ,01BARBASOL_G01,G,7/25/2026 8:56:00 AM,7/25/2026 9:00:00 AM,MIN_OPERATING_MW,44.59,
7/25/2026 9:00:00 AM,RTD,CLUZ,01BARBASOL_G01,G,7/25/2026 9:01:00 AM,7/25/2026 9:05:00 AM,MAX_OPERATING_MW,45.71,
7/25/2026 9:00:00 AM,RTD,CLUZ,01BARBASOL_G01,G,7/25/2026 9:01:00 AM,7/25/2026 9:05:00 AM,MIN_OPERATING_MW,45.71,
7/25/2026 9:00:00 AM,RTD,CLUZ,01BUGSOL_G01,G,7/25/2026 8:56:00 AM,7/25/2026 9:00:00 AM,MAX_OPERATING_MW,54.49,
7/25/2026 9:00:00 AM,RTD,CLUZ,01BUGSOL_G01,G,7/25/2026 8:56:00 AM,7/25/2026 9:00:00 AM,MIN_OPERATING_MW,54.49,
7/25/2026 9:00:00 AM,RTD,CLUZ,01BUGSOL_G01,G,7/25/2026 9:01:00 AM,7/25/2026 9:05:00 AM,MAX_OPERATING_MW,42.88,
7/25/2026 9:00:00 AM,RTD,CLUZ,01BUGSOL_G01,G,7/25/2026 9:01:00 AM,7/25/2026 9:05:00 AM,MIN_OPERATING_MW,42.88,
7/25/2026 9:00:00 AM,RTD,CLUZ,01BULACSOL_G01,G,7/25/2026 8:01:00 AM,7/25/2026 9:00:00 AM,MAX_OPERATING_MW,2.14,
7/25/2026 9:00:00 AM,RTD,CLUZ,01BULACSOL_G01,G,7/25/2026 8:01:00 AM,7/25/2026 9:00:00 AM,MIN_OPERATING_MW,2.14,
7/25/2026 9:00:00 AM,RTD,CLUZ,01BULACSOL_G01,G,7/25/2026 9:01:00 AM,7/25/2026 10:00:00 AM,MAX_OPERATING_MW,2.84,
7/25/2026 9:00:00 AM,RTD,CLUZ,01BULACSOL_G01,G,7/25/2026 9:01:00 AM,7/25/2026 10:00:00 AM,MIN_OPERATING_MW,2.84,
7/25/2026 9:00:00 AM,RTD,CLUZ,01MSINLO_G04,G,7/25/2026 6:51:00 AM,7/26/2026,MAX_OPERATING_MW,150,
7/25/2026 9:00:00 AM,RTD,CLUZ,01MSINLO_G04,G,7/25/2026 6:51:00 AM,7/26/2026,MIN_OPERATING_MW,150,
7/25/2026 9:00:00 AM,RTD,CLUZ,01PASBUSOL_G01,G,7/25/2026 8:01:00 AM,7/25/2026 9:00:00 AM,MAX_OPERATING_MW,14.78,
7/25/2026 9:00:00 AM,RTD,CLUZ,01PASBUSOL_G01,G,7/25/2026 8:01:00 AM,7/25/2026 9:00:00 AM,MIN_OPERATING_MW,14.78,
7/25/2026 9:00:00 AM,RTD,CLUZ,01PASBUSOL_G01,G,7/25/2026 9:01:00 AM,7/25/2026 10:00:00 AM,MAX_OPERATING_MW,19.86,
7/25/2026 9:00:00 AM,RTD,CLUZ,01PASBUSOL_G01,G,7/25/2026 9:01:00 AM,7/25/2026 10:00:00 AM,MIN_OPERATING_MW,19.86,
7/25/2026 9:00:00 AM,RTD,CLUZ,01TERRASOL_G01,G,7/25/2026 8:41:00 AM,7/25/2026 9:00:00 AM,MAX_OPERATING_MW,400,
7/25/2026 9:00:00 AM,RTD,CLUZ,01TERRASOL_G01,G,7/25/2026 8:41:00 AM,7/25/2026 9:00:00 AM,MIN_OPERATING_MW,400,
7/25/2026 9:00:00 AM,RTD,CLUZ,01TERRASOL_G01,G,7/25/2026 9:01:00 AM,7/25/2026 9:15:00 AM,MAX_OPERATING_MW,450,
7/25/2026 9:00:00 AM,RTD,CLUZ,01TERRASOL_G01,G,7/25/2026 9:01:00 AM,7/25/2026 9:15:00 AM,MIN_OPERATING_MW,450,
7/25/2026 9:00:00 AM,RTD,CLUZ,03LUNSOL_G01,G,7/25/2026 8:56:00 AM,7/25/2026 9:00:00 AM,MAX_OPERATING_MW,24.08,
7/25/2026 9:00:00 AM,RTD,CLUZ,03LUNSOL_G01,G,7/25/2026 8:56:00 AM,7/25/2026 9:00:00 AM,MIN_OPERATING_MW,24.08,
7/25/2026 9:00:00 AM,RTD,CLUZ,03LUNSOL_G01,G,7/25/2026 9:01:00 AM,7/25/2026 9:05:00 AM,MAX_OPERATING_MW,24.52,
7/25/2026 9:00:00 AM,RTD,CLUZ,03LUNSOL_G01,G,7/25/2026 9:01:00 AM,7/25/2026 9:05:00 AM,MIN_OPERATING_MW,24.52,
7/25/2026 9:00:00 AM,RTD,CVIS,06SLYSOL_G02,G,7/25/2026 8:01:00 AM,7/25/2026 9:00:00 AM,MAX_OPERATING_MW,5.87,
7/25/2026 9:00:00 AM,RTD,CVIS,06SLYSOL_G02,G,7/25/2026 8:01:00 AM,7/25/2026 9:00:00 AM,MIN_OPERATING_MW,5.87,
7/25/2026 9:00:00 AM,RTD,CVIS,06SLYSOL_G02,G,7/25/2026 9:01:00 AM,7/25/2026 10:00:00 AM,MAX_OPERATING_MW,9.48,
7/25/2026 9:00:00 AM,RTD,CVIS,06SLYSOL_G02,G,7/25/2026 9:01:00 AM,7/25/2026 10:00:00 AM,MIN_OPERATING_MW,9.48,
7/25/2026 9:00:00 AM,RTD,CVIS,06SLYSOL_G03,G,7/25/2026 8:01:00 AM,7/25/2026 9:00:00 AM,MAX_OPERATING_MW,3.69,
7/25/2026 9:00:00 AM,RTD,CVIS,06SLYSOL_G03,G,7/25/2026 8:01:00 AM,7/25/2026 9:00:00 AM,MIN_OPERATING_MW,3.69,
7/25/2026 9:00:00 AM,RTD,CVIS,06SLYSOL_G03,G,7/25/2026 9:01:00 AM,7/25/2026 10:00:00 AM,MAX_OPERATING_MW,9.03,
7/25/2026 9:00:00 AM,RTD,CVIS,06SLYSOL_G03,G,7/25/2026 9:01:00 AM,7/25/2026 10:00:00 AM,MIN_OPERATING_MW,9.03,
7/25/2026 9:00:00 AM,RTD,CMIN,10LIAN_G02,G,7/25/2026 12:05:00 AM,7/25/2026 11:59:00 PM,MAX_OPERATING_MW,6,
7/25/2026 9:00:00 AM,RTD,CMIN,10LIAN_G02,G,7/25/2026 12:05:00 AM,7/25/2026 11:59:00 PM,MIN_OPERATING_MW,3,
7/25/2026 9:00:00 AM,RTD,CMIN,11MALADU_G01,G,7/25/2026 12:01:00 AM,7/26/2026,MAX_OPERATING_MW,9.50,
7/25/2026 9:00:00 AM,RTD,CMIN,11MALADU_G01,G,7/25/2026 12:01:00 AM,7/26/2026,MIN_OPERATING_MW,9.50,
7/25/2026 9:05:00 AM,RTD,CLUZ,01BARBASOL_G01,G,7/25/2026 9:01:00 AM,7/25/2026 9:05:00 AM,MAX_OPERATING_MW,45.71,
7/25/2026 9:05:00 AM,RTD,CLUZ,01BARBASOL_G01,G,7/25/2026 9:01:00 AM,7/25/2026 9:05:00 AM,MIN_OPERATING_MW,45.71,
7/25/2026 9:05:00 AM,RTD,CLUZ,01BARBASOL_G01,G,7/25/2026 9:06:00 AM,7/25/2026 9:10:00 AM,MAX_OPERATING_MW,46.79,
7/25/2026 9:05:00 AM,RTD,CLUZ,01BARBASOL_G01,G,7/25/2026 9:06:00 AM,7/25/2026 9:10:00 AM,MIN_OPERATING_MW,46.79,
7/25/2026 9:05:00 AM,RTD,CLUZ,01BUGSOL_G01,G,7/25/2026 9:01:00 AM,7/25/2026 9:05:00 AM,MAX_OPERATING_MW,42.88,
7/25/2026 9:05:00 AM,RTD,CLUZ,01BUGSOL_G01,G,7/25/2026 9:01:00 AM,7/25/2026 9:05:00 AM,MIN_OPERATING_MW,42.88,
7/25/2026 9:05:00 AM,RTD,CLUZ,01BUGSOL_G01,G,7/25/2026 9:06:00 AM,7/25/2026 9:10:00 AM,MAX_OPERATING_MW,56.90,
7/25/2026 9:05:00 AM,RTD,CLUZ,01BUGSOL_G01,G,7/25/2026 9:06:00 AM,7/25/2026 9:10:00 AM,MIN_OPERATING_MW,56.90,
7/25/2026 9:05:00 AM,RTD,CLUZ,01BULACSOL_G01,G,7/25/2026 9:01:00 AM,7/25/2026 10:00:00 AM,MAX_OPERATING_MW,2.84,
7/25/2026 9:05:00 AM,RTD,CLUZ,01BULACSOL_G01,G,7/25/2026 9:01:00 AM,7/25/2026 10:00:00 AM,MIN_OPERATING_MW,2.84,
7/25/2026 9:05:00 AM,RTD,CLUZ,01MSINLO_G04,G,7/25/2026 6:51:00 AM,7/26/2026,MAX_OPERATING_MW,150,
7/25/2026 9:05:00 AM,RTD,CLUZ,01MSINLO_G04,G,7/25/2026 6:51:00 AM,7/26/2026,MIN_OPERATING_MW,150,
7/25/2026 9:05:00 AM,RTD,CLUZ,01PASBUSOL_G01,G,7/25/2026 9:01:00 AM,7/25/2026 10:00:00 AM,MAX_OPERATING_MW,19.86,
7/25/2026 9:05:00 AM,RTD,CLUZ,01PASBUSOL_G01,G,7/25/2026 9:01:00 AM,7/25/2026 10:00:00 AM,MIN_OPERATING_MW,19.86,
7/25/2026 9:05:00 AM,RTD,CLUZ,01TERRASOL_G01,G,7/25/2026 9:01:00 AM,7/25/2026 9:15:00 AM,MAX_OPERATING_MW,450,
7/25/2026 9:05:00 AM,RTD,CLUZ,01TERRASOL_G01,G,7/25/2026 9:01:00 AM,7/25/2026 9:15:00 AM,MIN_OPERATING_MW,450,
7/25/2026 9:05:00 AM,RTD,CLUZ,03LUNSOL_G01,G,7/25/2026 9:01:00 AM,7/25/2026 9:05:00 AM,MAX_OPERATING_MW,24.52,
7/25/2026 9:05:00 AM,RTD,CLUZ,03LUNSOL_G01,G,7/25/2026 9:01:00 AM,7/25/2026 9:05:00 AM,MIN_OPERATING_MW,24.52,
7/25/2026 9:05:00 AM,RTD,CLUZ,03LUNSOL_G01,G,7/25/2026 9:06:00 AM,7/25/2026 9:10:00 AM,MAX_OPERATING_MW,24.95,
7/25/2026 9:05:00 AM,RTD,CLUZ,03LUNSOL_G01,G,7/25/2026 9:06:00 AM,7/25/2026 9:10:00 AM,MIN_OPERATING_MW,24.95,
7/25/2026 9:05:00 AM,RTD,CVIS,06SLYSOL_G02,G,7/25/2026 9:01:00 AM,7/25/2026 10:00:00 AM,MAX_OPERATING_MW,9.48,
7/25/2026 9:05:00 AM,RTD,CVIS,06SLYSOL_G02,G,7/25/2026 9:01:00 AM,7/25/2026 10:00:00 AM,MIN_OPERATING_MW,9.48,
7/25/2026 9:05:00 AM,RTD,CVIS,06SLYSOL_G03,G,7/25/2026 9:01:00 AM,7/25/2026 10:00:00 AM,MAX_OPERATING_MW,9.03,
7/25/2026 9:05:00 AM,RTD,CVIS,06SLYSOL_G03,G,7/25/2026 9:01:00 AM,7/25/2026 10:00:00 AM,MIN_OPERATING_MW,9.03,
7/25/2026 9:05:00 AM,RTD,CMIN,10LIAN_G02,G,7/25/2026 12:05:00 AM,7/25/2026 11:59:00 PM,MAX_OPERATING_MW,6,
7/25/2026 9:05:00 AM,RTD,CMIN,10LIAN_G02,G,7/25/2026 12:05:00 AM,7/25/2026 11:59:00 PM,MIN_OPERATING_MW,3,
7/25/2026 9:05:00 AM,RTD,CMIN,11MALADU_G01,G,7/25/2026 12:01:00 AM,7/26/2026,MAX_OPERATING_MW,9.50,
7/25/2026 9:05:00 AM,RTD,CMIN,11MALADU_G01,G,7/25/2026 12:01:00 AM,7/26/2026,MIN_OPERATING_MW,9.50,
7/25/2026 9:10:00 AM,RTD,CLUZ,01BARBASOL_G01,G,7/25/2026 9:06:00 AM,7/25/2026 9:10:00 AM,MAX_OPERATING_MW,46.79,
7/25/2026 9:10:00 AM,RTD,CLUZ,01BARBASOL_G01,G,7/25/2026 9:06:00 AM,7/25/2026 9:10:00 AM,MIN_OPERATING_MW,46.79,
7/25/2026 9:10:00 AM,RTD,CLUZ,01BARBASOL_G01,G,7/25/2026 9:11:00 AM,7/25/2026 9:15:00 AM,MAX_OPERATING_MW,47.84,
7/25/2026 9:10:00 AM,RTD,CLUZ,01BARBASOL_G01,G,7/25/2026 9:11:00 AM,7/25/2026 9:15:00 AM,MIN_OPERATING_MW,47.84,
7/25/2026 9:10:00 AM,RTD,CLUZ,01BUGSOL_G01,G,7/25/2026 9:06:00 AM,7/25/2026 9:10:00 AM,MAX_OPERATING_MW,140,
7/25/2026 9:10:00 AM,RTD,CLUZ,01BUGSOL_G01,G,7/25/2026 9:06:00 AM,7/25/2026 9:10:00 AM,MIN_OPERATING_MW,140,
7/25/2026 9:10:00 AM,RTD,CLUZ,01BUGSOL_G01,G,7/25/2026 9:11:00 AM,7/25/2026 9:15:00 AM,MAX_OPERATING_MW,140,
7/25/2026 9:10:00 AM,RTD,CLUZ,01BUGSOL_G01,G,7/25/2026 9:11:00 AM,7/25/2026 9:15:00 AM,MIN_OPERATING_MW,140,
7/25/2026 9:10:00 AM,RTD,CLUZ,01BULACSOL_G01,G,7/25/2026 9:01:00 AM,7/25/2026 10:00:00 AM,MAX_OPERATING_MW,2.84,
7/25/2026 9:10:00 AM,RTD,CLUZ,01BULACSOL_G01,G,7/25/2026 9:01:00 AM,7/25/2026 10:00:00 AM,MIN_OPERATING_MW,2.84,
7/25/2026 9:10:00 AM,RTD,CLUZ,01MSINLO_G04,G,7/25/2026 6:51:00 AM,7/26/2026,MAX_OPERATING_MW,150,
7/25/2026 9:10:00 AM,RTD,CLUZ,01MSINLO_G04,G,7/25/2026 6:51:00 AM,7/26/2026,MIN_OPERATING_MW,150,
7/25/2026 9:10:00 AM,RTD,CLUZ,01PASBUSOL_G01,G,7/25/2026 9:01:00 AM,7/25/2026 10:00:00 AM,MAX_OPERATING_MW,19.86,
7/25/2026 9:10:00 AM,RTD,CLUZ,01PASBUSOL_G01,G,7/25/2026 9:01:00 AM,7/25/2026 10:00:00 AM,MIN_OPERATING_MW,19.86,
7/25/2026 9:10:00 AM,RTD,CLUZ,01TERRASOL_G01,G,7/25/2026 9:01:00 AM,7/25/2026 9:15:00 AM,MAX_OPERATING_MW,450,
7/25/2026 9:10:00 AM,RTD,CLUZ,01TERRASOL_G01,G,7/25/2026 9:01:00 AM,7/25/2026 9:15:00 AM,MIN_OPERATING_MW,450,
7/25/2026 9:10:00 AM,RTD,CLUZ,03LUNSOL_G01,G,7/25/2026 9:06:00 AM,7/25/2026 9:10:00 AM,MAX_OPERATING_MW,24.95,
7/25/2026 9:10:00 AM,RTD,CLUZ,03LUNSOL_G01,G,7/25/2026 9:06:00 AM,7/25/2026 9:10:00 AM,MIN_OPERATING_MW,24.95,
7/25/2026 9:10:00 AM,RTD,CLUZ,03LUNSOL_G01,G,7/25/2026 9:11:00 AM,7/25/2026 9:15:00 AM,MAX_OPERATING_MW,25.36,
7/25/2026 9:10:00 AM,RTD,CLUZ,03LUNSOL_G01,G,7/25/2026 9:11:00 AM,7/25/2026 9:15:00 AM,MIN_OPERATING_MW,25.36,
7/25/2026 9:10:00 AM,RTD,CVIS,06SLYSOL_G02,G,7/25/2026 9:01:00 AM,7/25/2026 10:00:00 AM,MAX_OPERATING_MW,9.48,
7/25/2026 9:10:00 AM,RTD,CVIS,06SLYSOL_G02,G,7/25/2026 9:01:00 AM,7/25/2026 10:00:00 AM,MIN_OPERATING_MW,9.48,
7/25/2026 9:10:00 AM,RTD,CVIS,06SLYSOL_G03,G,7/25/2026 9:01:00 AM,7/25/2026 10:00:00 AM,MAX_OPERATING_MW,9.03,
7/25/2026 9:10:00 AM,RTD,CVIS,06SLYSOL_G03,G,7/25/2026 9:01:00 AM,7/25/2026 10:00:00 AM,MIN_OPERATING_MW,9.03,
7/25/2026 9:10:00 AM,RTD,CMIN,10LIAN_G02,G,7/25/2026 12:05:00 AM,7/25/2026 11:59:00 PM,MAX_OPERATING_MW,6,
7/25/2026 9:10:00 AM,RTD,CMIN,10LIAN_G02,G,7/25/2026 12:05:00 AM,7/25/2026 11:59:00 PM,MIN_OPERATING_MW,3,
7/25/2026 9:10:00 AM,RTD,CMIN,11MALADU_G01,G,7/25/2026 12:01:00 AM,7/26/2026,MAX_OPERATING_MW,9.50,
7/25/2026 9:10:00 AM,RTD,CMIN,11MALADU_G01,G,7/25/2026 12:01:00 AM,7/26/2026,MIN_OPERATING_MW,9.50,
7/25/2026 9:15:00 AM,RTD,CLUZ,01BARBASOL_G01,G,7/25/2026 9:11:00 AM,7/25/2026 9:15:00 AM,MAX_OPERATING_MW,47.84,
7/25/2026 9:15:00 AM,RTD,CLUZ,01BARBASOL_G01,G,7/25/2026 9:11:00 AM,7/25/2026 9:15:00 AM,MIN_OPERATING_MW,47.84,
7/25/2026 9:15:00 AM,RTD,CLUZ,01BARBASOL_G01,G,7/25/2026 9:16:00 AM,7/25/2026 9:20:00 AM,MAX_OPERATING_MW,48.87,
7/25/2026 9:15:00 AM,RTD,CLUZ,01BARBASOL_G01,G,7/25/2026 9:16:00 AM,7/25/2026 9:20:00 AM,MIN_OPERATING_MW,48.87,
7/25/2026 9:15:00 AM,RTD,CLUZ,01BUGSOL_G01,G,7/25/2026 9:11:00 AM,7/25/2026 9:15:00 AM,MAX_OPERATING_MW,140,
7/25/2026 9:15:00 AM,RTD,CLUZ,01BUGSOL_G01,G,7/25/2026 9:11:00 AM,7/25/2026 9:15:00 AM,MIN_OPERATING_MW,140,
7/25/2026 9:15:00 AM,RTD,CLUZ,01BUGSOL_G01,G,7/25/2026 9:16:00 AM,7/25/2026 9:20:00 AM,MAX_OPERATING_MW,140,
7/25/2026 9:15:00 AM,RTD,CLUZ,01BUGSOL_G01,G,7/25/2026 9:16:00 AM,7/25/2026 9:20:00 AM,MIN_OPERATING_MW,140,
7/25/2026 9:15:00 AM,RTD,CLUZ,01BULACSOL_G01,G,7/25/2026 9:01:00 AM,7/25/2026 10:00:00 AM,MAX_OPERATING_MW,2.84,
7/25/2026 9:15:00 AM,RTD,CLUZ,01BULACSOL_G01,G,7/25/2026 9:01:00 AM,7/25/2026 10:00:00 AM,MIN_OPERATING_MW,2.84,
7/25/2026 9:15:00 AM,RTD,CLUZ,01MSINLO_G04,G,7/25/2026 6:51:00 AM,7/26/2026,MAX_OPERATING_MW,150,
7/25/2026 9:15:00 AM,RTD,CLUZ,01MSINLO_G04,G,7/25/2026 6:51:00 AM,7/26/2026,MIN_OPERATING_MW,150,
7/25/2026 9:15:00 AM,RTD,CLUZ,01PASBUSOL_G01,G,7/25/2026 9:01:00 AM,7/25/2026 10:00:00 AM,MAX_OPERATING_MW,19.86,
7/25/2026 9:15:00 AM,RTD,CLUZ,01PASBUSOL_G01,G,7/25/2026 9:01:00 AM,7/25/2026 10:00:00 AM,MIN_OPERATING_MW,19.86,
7/25/2026 9:15:00 AM,RTD,CLUZ,01TERRASOL_G01,G,7/25/2026 9:01:00 AM,7/25/2026 9:15:00 AM,MAX_OPERATING_MW,450,
7/25/2026 9:15:00 AM,RTD,CLUZ,01TERRASOL_G01,G,7/25/2026 9:01:00 AM,7/25/2026 9:15:00 AM,MIN_OPERATING_MW,450,
7/25/2026 9:15:00 AM,RTD,CLUZ,01TERRASOL_G01,G,7/25/2026 9:16:00 AM,7/25/2026 12:15:00 PM,MAX_OPERATING_MW,600,
7/25/2026 9:15:00 AM,RTD,CLUZ,01TERRASOL_G01,G,7/25/2026 9:16:00 AM,7/25/2026 12:15:00 PM,MIN_OPERATING_MW,600,
7/25/2026 9:15:00 AM,RTD,CLUZ,03LUNSOL_G01,G,7/25/2026 9:11:00 AM,7/25/2026 9:15:00 AM,MAX_OPERATING_MW,25.36,
7/25/2026 9:15:00 AM,RTD,CLUZ,03LUNSOL_G01,G,7/25/2026 9:11:00 AM,7/25/2026 9:15:00 AM,MIN_OPERATING_MW,25.36,
7/25/2026 9:15:00 AM,RTD,CLUZ,03LUNSOL_G01,G,7/25/2026 9:16:00 AM,7/25/2026 9:20:00 AM,MAX_OPERATING_MW,25.76,
7/25/2026 9:15:00 AM,RTD,CLUZ,03LUNSOL_G01,G,7/25/2026 9:16:00 AM,7/25/2026 9:20:00 AM,MIN_OPERATING_MW,25.76,
7/25/2026 9:15:00 AM,RTD,CVIS,06SLYSOL_G02,G,7/25/2026 9:01:00 AM,7/25/2026 10:00:00 AM,MAX_OPERATING_MW,9.48,
7/25/2026 9:15:00 AM,RTD,CVIS,06SLYSOL_G02,G,7/25/2026 9:01:00 AM,7/25/2026 10:00:00 AM,MIN_OPERATING_MW,9.48,
7/25/2026 9:15:00 AM,RTD,CVIS,06SLYSOL_G03,G,7/25/2026 9:01:00 AM,7/25/2026 10:00:00 AM,MAX_OPERATING_MW,9.03,
7/25/2026 9:15:00 AM,RTD,CVIS,06SLYSOL_G03,G,7/25/2026 9:01:00 AM,7/25/2026 10:00:00 AM,MIN_OPERATING_MW,9.03,
7/25/2026 9:15:00 AM,RTD,CMIN,10LIAN_G02,G,7/25/2026 12:05:00 AM,7/25/2026 11:59:00 PM,MAX_OPERATING_MW,6,
7/25/2026 9:15:00 AM,RTD,CMIN,10LIAN_G02,G,7/25/2026 12:05:00 AM,7/25/2026 11:59:00 PM,MIN_OPERATING_MW,3,
7/25/2026 9:15:00 AM,RTD,CMIN,11MALADU_G01,G,7/25/2026 12:01:00 AM,7/26/2026,MAX_OPERATING_MW,9.50,
7/25/2026 9:15:00 AM,RTD,CMIN,11MALADU_G01,G,7/25/2026 12:01:00 AM,7/26/2026,MIN_OPERATING_MW,9.50,
7/25/2026 9:20:00 AM,RTD,CLUZ,01BARBASOL_G01,G,7/25/2026 9:16:00 AM,7/25/2026 9:20:00 AM,MAX_OPERATING_MW,48.87,
7/25/2026 9:20:00 AM,RTD,CLUZ,01BARBASOL_G01,G,7/25/2026 9:16:00 AM,7/25/2026 9:20:00 AM,MIN_OPERATING_MW,48.87,
7/25/2026 9:20:00 AM,RTD,CLUZ,01BARBASOL_G01,G,7/25/2026 9:21:00 AM,7/25/2026 9:25:00 AM,MAX_OPERATING_MW,49.86,
7/25/2026 9:20:00 AM,RTD,CLUZ,01BARBASOL_G01,G,7/25/2026 9:21:00 AM,7/25/2026 9:25:00 AM,MIN_OPERATING_MW,49.86,
7/25/2026 9:20:00 AM,RTD,CLUZ,01BUGSOL_G01,G,7/25/2026 9:16:00 AM,7/25/2026 9:20:00 AM,MAX_OPERATING_MW,140,
7/25/2026 9:20:00 AM,RTD,CLUZ,01BUGSOL_G01,G,7/25/2026 9:16:00 AM,7/25/2026 9:20:00 AM,MIN_OPERATING_MW,140,
7/25/2026 9:20:00 AM,RTD,CLUZ,01BUGSOL_G01,G,7/25/2026 9:21:00 AM,7/25/2026 9:25:00 AM,MAX_OPERATING_MW,96.17,
7/25/2026 9:20:00 AM,RTD,CLUZ,01BUGSOL_G01,G,7/25/2026 9:21:00 AM,7/25/2026 9:25:00 AM,MIN_OPERATING_MW,96.17,
7/25/2026 9:20:00 AM,RTD,CLUZ,01BULACSOL_G01,G,7/25/2026 9:01:00 AM,7/25/2026 10:00:00 AM,MAX_OPERATING_MW,2.84,
7/25/2026 9:20:00 AM,RTD,CLUZ,01BULACSOL_G01,G,7/25/2026 9:01:00 AM,7/25/2026 10:00:00 AM,MIN_OPERATING_MW,2.84,
7/25/2026 9:20:00 AM,RTD,CLUZ,01MSINLO_G04,G,7/25/2026 6:51:00 AM,7/26/2026,MAX_OPERATING_MW,150,
7/25/2026 9:20:00 AM,RTD,CLUZ,01MSINLO_G04,G,7/25/2026 6:51:00 AM,7/26/2026,MIN_OPERATING_MW,150,
7/25/2026 9:20:00 AM,RTD,CLUZ,01PASBUSOL_G01,G,7/25/2026 9:01:00 AM,7/25/2026 10:00:00 AM,MAX_OPERATING_MW,19.86,
7/25/2026 9:20:00 AM,RTD,CLUZ,01PASBUSOL_G01,G,7/25/2026 9:01:00 AM,7/25/2026 10:00:00 AM,MIN_OPERATING_MW,19.86,
7/25/2026 9:20:00 AM,RTD,CLUZ,01TERRASOL_G01,G,7/25/2026 9:16:00 AM,7/25/2026 12:15:00 PM,MAX_OPERATING_MW,600,
7/25/2026 9:20:00 AM,RTD,CLUZ,01TERRASOL_G01,G,7/25/2026 9:16:00 AM,7/25/2026 12:15:00 PM,MIN_OPERATING_MW,600,
7/25/2026 9:20:00 AM,RTD,CLUZ,03LUNSOL_G01,G,7/25/2026 9:16:00 AM,7/25/2026 9:20:00 AM,MAX_OPERATING_MW,25.76,
7/25/2026 9:20:00 AM,RTD,CLUZ,03LUNSOL_G01,G,7/25/2026 9:16:00 AM,7/25/2026 9:20:00 AM,MIN_OPERATING_MW,25.76,
7/25/2026 9:20:00 AM,RTD,CLUZ,03LUNSOL_G01,G,7/25/2026 9:21:00 AM,7/25/2026 9:25:00 AM,MAX_OPERATING_MW,26.15,
7/25/2026 9:20:00 AM,RTD,CLUZ,03LUNSOL_G01,G,7/25/2026 9:21:00 AM,7/25/2026 9:25:00 AM,MIN_OPERATING_MW,26.15,
7/25/2026 9:20:00 AM,RTD,CVIS,06SLYSOL_G02,G,7/25/2026 9:01:00 AM,7/25/2026 10:00:00 AM,MAX_OPERATING_MW,9.48,
7/25/2026 9:20:00 AM,RTD,CVIS,06SLYSOL_G02,G,7/25/2026 9:01:00 AM,7/25/2026 10:00:00 AM,MIN_OPERATING_MW,9.48,
7/25/2026 9:20:00 AM,RTD,CVIS,06SLYSOL_G03,G,7/25/2026 9:01:00 AM,7/25/2026 10:00:00 AM,MAX_OPERATING_MW,9.03,
7/25/2026 9:20:00 AM,RTD,CVIS,06SLYSOL_G03,G,7/25/2026 9:01:00 AM,7/25/2026 10:00:00 AM,MIN_OPERATING_MW,9.03,
7/25/2026 9:20:00 AM,RTD,CMIN,10LIAN_G02,G,7/25/2026 12:05:00 AM,7/25/2026 11:59:00 PM,MAX_OPERATING_MW,6,
7/25/2026 9:20:00 AM,RTD,CMIN,10LIAN_G02,G,7/25/2026 12:05:00 AM,7/25/2026 11:59:00 PM,MIN_OPERATING_MW,3,
7/25/2026 9:20:00 AM,RTD,CMIN,11MALADU_G01,G,7/25/2026 12:01:00 AM,7/26/2026,MAX_OPERATING_MW,9.50,
7/25/2026 9:20:00 AM,RTD,CMIN,11MALADU_G01,G,7/25/2026 12:01:00 AM,7/26/2026,MIN_OPERATING_MW,9.50,
7/25/2026 9:25:00 AM,RTD,CLUZ,01BARBASOL_G01,G,7/25/2026 9:21:00 AM,7/25/2026 9:25:00 AM,MAX_OPERATING_MW,49.86,
7/25/2026 9:25:00 AM,RTD,CLUZ,01BARBASOL_G01,G,7/25/2026 9:21:00 AM,7/25/2026 9:25:00 AM,MIN_OPERATING_MW,49.86,
7/25/2026 9:25:00 AM,RTD,CLUZ,01BARBASOL_G01,G,7/25/2026 9:26:00 AM,7/25/2026 9:30:00 AM,MAX_OPERATING_MW,50.83,
7/25/2026 9:25:00 AM,RTD,CLUZ,01BARBASOL_G01,G,7/25/2026 9:26:00 AM,7/25/2026 9:30:00 AM,MIN_OPERATING_MW,50.83,
7/25/2026 9:25:00 AM,RTD,CLUZ,01BUGSOL_G01,G,7/25/2026 9:21:00 AM,7/25/2026 9:25:00 AM,MAX_OPERATING_MW,96.17,
7/25/2026 9:25:00 AM,RTD,CLUZ,01BUGSOL_G01,G,7/25/2026 9:21:00 AM,7/25/2026 9:25:00 AM,MIN_OPERATING_MW,96.17,
7/25/2026 9:25:00 AM,RTD,CLUZ,01BUGSOL_G01,G,7/25/2026 9:26:00 AM,7/25/2026 9:30:00 AM,MAX_OPERATING_MW,102.53,
7/25/2026 9:25:00 AM,RTD,CLUZ,01BUGSOL_G01,G,7/25/2026 9:26:00 AM,7/25/2026 9:30:00 AM,MIN_OPERATING_MW,102.53,
7/25/2026 9:25:00 AM,RTD,CLUZ,01BULACSOL_G01,G,7/25/2026 9:01:00 AM,7/25/2026 10:00:00 AM,MAX_OPERATING_MW,2.84,
7/25/2026 9:25:00 AM,RTD,CLUZ,01BULACSOL_G01,G,7/25/2026 9:01:00 AM,7/25/2026 10:00:00 AM,MIN_OPERATING_MW,2.84,
7/25/2026 9:25:00 AM,RTD,CLUZ,01MSINLO_G04,G,7/25/2026 6:51:00 AM,7/26/2026,MAX_OPERATING_MW,150,
7/25/2026 9:25:00 AM,RTD,CLUZ,01MSINLO_G04,G,7/25/2026 6:51:00 AM,7/26/2026,MIN_OPERATING_MW,150,
7/25/2026 9:25:00 AM,RTD,CLUZ,01PASBUSOL_G01,G,7/25/2026 9:01:00 AM,7/25/2026 10:00:00 AM,MAX_OPERATING_MW,19.86,
7/25/2026 9:25:00 AM,RTD,CLUZ,01PASBUSOL_G01,G,7/25/2026 9:01:00 AM,7/25/2026 10:00:00 AM,MIN_OPERATING_MW,19.86,
7/25/2026 9:25:00 AM,RTD,CLUZ,01TERRASOL_G01,G,7/25/2026 9:16:00 AM,7/25/2026 12:15:00 PM,MAX_OPERATING_MW,600,
7/25/2026 9:25:00 AM,RTD,CLUZ,01TERRASOL_G01,G,7/25/2026 9:16:00 AM,7/25/2026 12:15:00 PM,MIN_OPERATING_MW,600,
7/25/2026 9:25:00 AM,RTD,CLUZ,03LUNSOL_G01,G,7/25/2026 9:21:00 AM,7/25/2026 9:25:00 AM,MAX_OPERATING_MW,26.15,
7/25/2026 9:25:00 AM,RTD,CLUZ,03LUNSOL_G01,G,7/25/2026 9:21:00 AM,7/25/2026 9:25:00 AM,MIN_OPERATING_MW,26.15,
7/25/2026 9:25:00 AM,RTD,CLUZ,03LUNSOL_G01,G,7/25/2026 9:26:00 AM,7/25/2026 9:30:00 AM,MAX_OPERATING_MW,26.53,
7/25/2026 9:25:00 AM,RTD,CLUZ,03LUNSOL_G01,G,7/25/2026 9:26:00 AM,7/25/2026 9:30:00 AM,MIN_OPERATING_MW,26.53,
7/25/2026 9:25:00 AM,RTD,CVIS,06SLYSOL_G02,G,7/25/2026 9:01:00 AM,7/25/2026 10:00:00 AM,MAX_OPERATING_MW,9.48,
7/25/2026 9:25:00 AM,RTD,CVIS,06SLYSOL_G02,G,7/25/2026 9:01:00 AM,7/25/2026 10:00:00 AM,MIN_OPERATING_MW,9.48,
7/25/2026 9:25:00 AM,RTD,CVIS,06SLYSOL_G03,G,7/25/2026 9:01:00 AM,7/25/2026 10:00:00 AM,MAX_OPERATING_MW,9.03,
7/25/2026 9:25:00 AM,RTD,CVIS,06SLYSOL_G03,G,7/25/2026 9:01:00 AM,7/25/2026 10:00:00 AM,MIN_OPERATING_MW,9.03,
7/25/2026 9:25:00 AM,RTD,CMIN,10LIAN_G02,G,7/25/2026 12:05:00 AM,7/25/2026 11:59:00 PM,MAX_OPERATING_MW,6,
7/25/2026 9:25:00 AM,RTD,CMIN,10LIAN_G02,G,7/25/2026 12:05:00 AM,7/25/2026 11:59:00 PM,MIN_OPERATING_MW,3,
7/25/2026 9:25:00 AM,RTD,CMIN,11MALADU_G01,G,7/25/2026 12:01:00 AM,7/26/2026,MAX_OPERATING_MW,9.50,
7/25/2026 9:25:00 AM,RTD,CMIN,11MALADU_G01,G,7/25/2026 12:01:00 AM,7/26/2026,MIN_OPERATING_MW,9.50,
7/25/2026 9:30:00 AM,RTD,CLUZ,01BARBASOL_G01,G,7/25/2026 9:26:00 AM,7/25/2026 9:30:00 AM,MAX_OPERATING_MW,50.83,
7/25/2026 9:30:00 AM,RTD,CLUZ,01BARBASOL_G01,G,7/25/2026 9:26:00 AM,7/25/2026 9:30:00 AM,MIN_OPERATING_MW,50.83,
7/25/2026 9:30:00 AM,RTD,CLUZ,01BARBASOL_G01,G,7/25/2026 9:31:00 AM,7/25/2026 9:35:00 AM,MAX_OPERATING_MW,51.78,
7/25/2026 9:30:00 AM,RTD,CLUZ,01BARBASOL_G01,G,7/25/2026 9:31:00 AM,7/25/2026 9:35:00 AM,MIN_OPERATING_MW,51.78,
7/25/2026 9:30:00 AM,RTD,CLUZ,01BUGSOL_G01,G,7/25/2026 9:26:00 AM,7/25/2026 9:30:00 AM,MAX_OPERATING_MW,102.53,
7/25/2026 9:30:00 AM,RTD,CLUZ,01BUGSOL_G01,G,7/25/2026 9:26:00 AM,7/25/2026 9:30:00 AM,MIN_OPERATING_MW,102.53,
7/25/2026 9:30:00 AM,RTD,CLUZ,01BUGSOL_G01,G,7/25/2026 9:31:00 AM,7/25/2026 9:35:00 AM,MAX_OPERATING_MW,111.64,
7/25/2026 9:30:00 AM,RTD,CLUZ,01BUGSOL_G01,G,7/25/2026 9:31:00 AM,7/25/2026 9:35:00 AM,MIN_OPERATING_MW,111.64,
7/25/2026 9:30:00 AM,RTD,CLUZ,01BULACSOL_G01,G,7/25/2026 9:01:00 AM,7/25/2026 10:00:00 AM,MAX_OPERATING_MW,2.84,
7/25/2026 9:30:00 AM,RTD,CLUZ,01BULACSOL_G01,G,7/25/2026 9:01:00 AM,7/25/2026 10:00:00 AM,MIN_OPERATING_MW,2.84,
7/25/2026 9:30:00 AM,RTD,CLUZ,01MSINLO_G04,G,7/25/2026 6:51:00 AM,7/26/2026,MAX_OPERATING_MW,150,
7/25/2026 9:30:00 AM,RTD,CLUZ,01MSINLO_G04,G,7/25/2026 6:51:00 AM,7/26/2026,MIN_OPERATING_MW,150,
7/25/2026 9:30:00 AM,RTD,CLUZ,01PASBUSOL_G01,G,7/25/2026 9:01:00 AM,7/25/2026 10:00:00 AM,MAX_OPERATING_MW,19.86,
7/25/2026 9:30:00 AM,RTD,CLUZ,01PASBUSOL_G01,G,7/25/2026 9:01:00 AM,7/25/2026 10:00:00 AM,MIN_OPERATING_MW,19.86,
7/25/2026 9:30:00 AM,RTD,CLUZ,01TERRASOL_G01,G,7/25/2026 9:16:00 AM,7/25/2026 12:15:00 PM,MAX_OPERATING_MW,600,
7/25/2026 9:30:00 AM,RTD,CLUZ,01TERRASOL_G01,G,7/25/2026 9:16:00 AM,7/25/2026 12:15:00 PM,MIN_OPERATING_MW,600,
7/25/2026 9:30:00 AM,RTD,CLUZ,03LUNSOL_G01,G,7/25/2026 9:26:00 AM,7/25/2026 9:30:00 AM,MAX_OPERATING_MW,26.53,
7/25/2026 9:30:00 AM,RTD,CLUZ,03LUNSOL_G01,G,7/25/2026 9:26:00 AM,7/25/2026 9:30:00 AM,MIN_OPERATING_MW,26.53,
7/25/2026 9:30:00 AM,RTD,CLUZ,03LUNSOL_G01,G,7/25/2026 9:31:00 AM,7/25/2026 9:35:00 AM,MAX_OPERATING_MW,26.90,
7/25/2026 9:30:00 AM,RTD,CLUZ,03LUNSOL_G01,G,7/25/2026 9:31:00 AM,7/25/2026 9:35:00 AM,MIN_OPERATING_MW,26.90,
7/25/2026 9:30:00 AM,RTD,CVIS,06SLYSOL_G02,G,7/25/2026 9:01:00 AM,7/25/2026 10:00:00 AM,MAX_OPERATING_MW,9.48,
7/25/2026 9:30:00 AM,RTD,CVIS,06SLYSOL_G02,G,7/25/2026 9:01:00 AM,7/25/2026 10:00:00 AM,MIN_OPERATING_MW,9.48,
7/25/2026 9:30:00 AM,RTD,CVIS,06SLYSOL_G03,G,7/25/2026 9:01:00 AM,7/25/2026 10:00:00 AM,MAX_OPERATING_MW,9.03,
7/25/2026 9:30:00 AM,RTD,CVIS,06SLYSOL_G03,G,7/25/2026 9:01:00 AM,7/25/2026 10:00:00 AM,MIN_OPERATING_MW,9.03,
7/25/2026 9:30:00 AM,RTD,CMIN,10LIAN_G02,G,7/25/2026 12:05:00 AM,7/25/2026 11:59:00 PM,MAX_OPERATING_MW,6,
7/25/2026 9:30:00 AM,RTD,CMIN,10LIAN_G02,G,7/25/2026 12:05:00 AM,7/25/2026 11:59:00 PM,MIN_OPERATING_MW,3,
7/25/2026 9:30:00 AM,RTD,CMIN,11MALADU_G01,G,7/25/2026 12:01:00 AM,7/26/2026,MAX_OPERATING_MW,9.50,
7/25/2026 9:30:00 AM,RTD,CMIN,11MALADU_G01,G,7/25/2026 12:01:00 AM,7/26/2026,MIN_OPERATING_MW,9.50,
7/25/2026 9:35:00 AM,RTD,CLUZ,01BARBASOL_G01,G,7/25/2026 9:31:00 AM,7/25/2026 9:35:00 AM,MAX_OPERATING_MW,51.78,
7/25/2026 9:35:00 AM,RTD,CLUZ,01BARBASOL_G01,G,7/25/2026 9:31:00 AM,7/25/2026 9:35:00 AM,MIN_OPERATING_MW,51.78,
7/25/2026 9:35:00 AM,RTD,CLUZ,01BARBASOL_G01,G,7/25/2026 9:36:00 AM,7/25/2026 9:40:00 AM,MAX_OPERATING_MW,52.70,
7/25/2026 9:35:00 AM,RTD,CLUZ,01BARBASOL_G01,G,7/25/2026 9:36:00 AM,7/25/2026 9:40:00 AM,MIN_OPERATING_MW,52.70,
7/25/2026 9:35:00 AM,RTD,CLUZ,01BUGSOL_G01,G,7/25/2026 9:31:00 AM,7/25/2026 9:35:00 AM,MAX_OPERATING_MW,111.64,
7/25/2026 9:35:00 AM,RTD,CLUZ,01BUGSOL_G01,G,7/25/2026 9:31:00 AM,7/25/2026 9:35:00 AM,MIN_OPERATING_MW,111.64,
7/25/2026 9:35:00 AM,RTD,CLUZ,01BUGSOL_G01,G,7/25/2026 9:36:00 AM,7/25/2026 9:40:00 AM,MAX_OPERATING_MW,119.23,
7/25/2026 9:35:00 AM,RTD,CLUZ,01BUGSOL_G01,G,7/25/2026 9:36:00 AM,7/25/2026 9:40:00 AM,MIN_OPERATING_MW,119.23,
7/25/2026 9:35:00 AM,RTD,CLUZ,01BULACSOL_G01,G,7/25/2026 9:01:00 AM,7/25/2026 10:00:00 AM,MAX_OPERATING_MW,2.84,
7/25/2026 9:35:00 AM,RTD,CLUZ,01BULACSOL_G01,G,7/25/2026 9:01:00 AM,7/25/2026 10:00:00 AM,MIN_OPERATING_MW,2.84,
7/25/2026 9:35:00 AM,RTD,CLUZ,01MSINLO_G04,G,7/25/2026 6:51:00 AM,7/26/2026,MAX_OPERATING_MW,150,
7/25/2026 9:35:00 AM,RTD,CLUZ,01MSINLO_G04,G,7/25/2026 6:51:00 AM,7/26/2026,MIN_OPERATING_MW,150,
7/25/2026 9:35:00 AM,RTD,CLUZ,01PASBUSOL_G01,G,7/25/2026 9:01:00 AM,7/25/2026 10:00:00 AM,MAX_OPERATING_MW,19.86,
7/25/2026 9:35:00 AM,RTD,CLUZ,01PASBUSOL_G01,G,7/25/2026 9:01:00 AM,7/25/2026 10:00:00 AM,MIN_OPERATING_MW,19.86,
7/25/2026 9:35:00 AM,RTD,CLUZ,01TERRASOL_G01,G,7/25/2026 9:16:00 AM,7/25/2026 12:15:00 PM,MAX_OPERATING_MW,600,
7/25/2026 9:35:00 AM,RTD,CLUZ,01TERRASOL_G01,G,7/25/2026 9:16:00 AM,7/25/2026 12:15:00 PM,MIN_OPERATING_MW,600,
7/25/2026 9:35:00 AM,RTD,CLUZ,03LUNSOL_G01,G,7/25/2026 9:31:00 AM,7/25/2026 9:35:00 AM,MAX_OPERATING_MW,26.90,
7/25/2026 9:35:00 AM,RTD,CLUZ,03LUNSOL_G01,G,7/25/2026 9:31:00 AM,7/25/2026 9:35:00 AM,MIN_OPERATING_MW,26.90,
7/25/2026 9:35:00 AM,RTD,CLUZ,03LUNSOL_G01,G,7/25/2026 9:36:00 AM,7/25/2026 9:40:00 AM,MAX_OPERATING_MW,27.25,
7/25/2026 9:35:00 AM,RTD,CLUZ,03LUNSOL_G01,G,7/25/2026 9:36:00 AM,7/25/2026 9:40:00 AM,MIN_OPERATING_MW,27.25,
7/25/2026 9:35:00 AM,RTD,CVIS,06SLYSOL_G02,G,7/25/2026 9:01:00 AM,7/25/2026 10:00:00 AM,MAX_OPERATING_MW,9.48,
7/25/2026 9:35:00 AM,RTD,CVIS,06SLYSOL_G02,G,7/25/2026 9:01:00 AM,7/25/2026 10:00:00 AM,MIN_OPERATING_MW,9.48,
7/25/2026 9:35:00 AM,RTD,CVIS,06SLYSOL_G03,G,7/25/2026 9:01:00 AM,7/25/2026 10:00:00 AM,MAX_OPERATING_MW,9.03,
7/25/2026 9:35:00 AM,RTD,CVIS,06SLYSOL_G03,G,7/25/2026 9:01:00 AM,7/25/2026 10:00:00 AM,MIN_OPERATING_MW,9.03,
7/25/2026 9:35:00 AM,RTD,CMIN,10LIAN_G02,G,7/25/2026 12:05:00 AM,7/25/2026 11:59:00 PM,MAX_OPERATING_MW,6,
7/25/2026 9:35:00 AM,RTD,CMIN,10LIAN_G02,G,7/25/2026 12:05:00 AM,7/25/2026 11:59:00 PM,MIN_OPERATING_MW,3,
7/25/2026 9:35:00 AM,RTD,CMIN,11MALADU_G01,G,7/25/2026 12:01:00 AM,7/26/2026,MAX_OPERATING_MW,9.50,
7/25/2026 9:35:00 AM,RTD,CMIN,11MALADU_G01,G,7/25/2026 12:01:00 AM,7/26/2026,MIN_OPERATING_MW,9.50,
7/25/2026 9:40:00 AM,RTD,CLUZ,01BARBASOL_G01,G,7/25/2026 9:36:00 AM,7/25/2026 9:40:00 AM,MAX_OPERATING_MW,52.70,
7/25/2026 9:40:00 AM,RTD,CLUZ,01BARBASOL_G01,G,7/25/2026 9:36:00 AM,7/25/2026 9:40:00 AM,MIN_OPERATING_MW,52.70,
7/25/2026 9:40:00 AM,RTD,CLUZ,01BARBASOL_G01,G,7/25/2026 9:41:00 AM,7/25/2026 9:45:00 AM,MAX_OPERATING_MW,53.61,
7/25/2026 9:40:00 AM,RTD,CLUZ,01BARBASOL_G01,G,7/25/2026 9:41:00 AM,7/25/2026 9:45:00 AM,MIN_OPERATING_MW,53.61,
7/25/2026 9:40:00 AM,RTD,CLUZ,01BUGSOL_G01,G,7/25/2026 9:36:00 AM,7/25/2026 9:40:00 AM,MAX_OPERATING_MW,119.23,
7/25/2026 9:40:00 AM,RTD,CLUZ,01BUGSOL_G01,G,7/25/2026 9:36:00 AM,7/25/2026 9:40:00 AM,MIN_OPERATING_MW,119.23,
7/25/2026 9:40:00 AM,RTD,CLUZ,01BUGSOL_G01,G,7/25/2026 9:41:00 AM,7/25/2026 9:45:00 AM,MAX_OPERATING_MW,122.42,
7/25/2026 9:40:00 AM,RTD,CLUZ,01BUGSOL_G01,G,7/25/2026 9:41:00 AM,7/25/2026 9:45:00 AM,MIN_OPERATING_MW,122.42,
7/25/2026 9:40:00 AM,RTD,CLUZ,01BULACSOL_G01,G,7/25/2026 9:01:00 AM,7/25/2026 10:00:00 AM,MAX_OPERATING_MW,2.84,
7/25/2026 9:40:00 AM,RTD,CLUZ,01BULACSOL_G01,G,7/25/2026 9:01:00 AM,7/25/2026 10:00:00 AM,MIN_OPERATING_MW,2.84,
7/25/2026 9:40:00 AM,RTD,CLUZ,01MSINLO_G04,G,7/25/2026 6:51:00 AM,7/26/2026,MAX_OPERATING_MW,150,
7/25/2026 9:40:00 AM,RTD,CLUZ,01MSINLO_G04,G,7/25/2026 6:51:00 AM,7/26/2026,MIN_OPERATING_MW,150,
7/25/2026 9:40:00 AM,RTD,CLUZ,01PASBUSOL_G01,G,7/25/2026 9:01:00 AM,7/25/2026 10:00:00 AM,MAX_OPERATING_MW,19.86,
7/25/2026 9:40:00 AM,RTD,CLUZ,01PASBUSOL_G01,G,7/25/2026 9:01:00 AM,7/25/2026 10:00:00 AM,MIN_OPERATING_MW,19.86,
7/25/2026 9:40:00 AM,RTD,CLUZ,01TERRASOL_G01,G,7/25/2026 9:16:00 AM,7/25/2026 12:15:00 PM,MAX_OPERATING_MW,600,
7/25/2026 9:40:00 AM,RTD,CLUZ,01TERRASOL_G01,G,7/25/2026 9:16:00 AM,7/25/2026 12:15:00 PM,MIN_OPERATING_MW,600,
7/25/2026 9:40:00 AM,RTD,CLUZ,03LUNSOL_G01,G,7/25/2026 9:36:00 AM,7/25/2026 9:40:00 AM,MAX_OPERATING_MW,27.25,
7/25/2026 9:40:00 AM,RTD,CLUZ,03LUNSOL_G01,G,7/25/2026 9:36:00 AM,7/25/2026 9:40:00 AM,MIN_OPERATING_MW,27.25,
7/25/2026 9:40:00 AM,RTD,CLUZ,03LUNSOL_G01,G,7/25/2026 9:41:00 AM,7/25/2026 9:45:00 AM,MAX_OPERATING_MW,27.60,
7/25/2026 9:40:00 AM,RTD,CLUZ,03LUNSOL_G01,G,7/25/2026 9:41:00 AM,7/25/2026 9:45:00 AM,MIN_OPERATING_MW,27.60,
7/25/2026 9:40:00 AM,RTD,CVIS,06SLYSOL_G02,G,7/25/2026 9:01:00 AM,7/25/2026 10:00:00 AM,MAX_OPERATING_MW,9.48,
7/25/2026 9:40:00 AM,RTD,CVIS,06SLYSOL_G02,G,7/25/2026 9:01:00 AM,7/25/2026 10:00:00 AM,MIN_OPERATING_MW,9.48,
7/25/2026 9:40:00 AM,RTD,CVIS,06SLYSOL_G03,G,7/25/2026 9:01:00 AM,7/25/2026 10:00:00 AM,MAX_OPERATING_MW,9.03,
7/25/2026 9:40:00 AM,RTD,CVIS,06SLYSOL_G03,G,7/25/2026 9:01:00 AM,7/25/2026 10:00:00 AM,MIN_OPERATING_MW,9.03,
7/25/2026 9:40:00 AM,RTD,CMIN,10LIAN_G02,G,7/25/2026 12:05:00 AM,7/25/2026 11:59:00 PM,MAX_OPERATING_MW,6,
7/25/2026 9:40:00 AM,RTD,CMIN,10LIAN_G02,G,7/25/2026 12:05:00 AM,7/25/2026 11:59:00 PM,MIN_OPERATING_MW,3,
7/25/2026 9:40:00 AM,RTD,CMIN,11MALADU_G01,G,7/25/2026 12:01:00 AM,7/26/2026,MAX_OPERATING_MW,9.50,
7/25/2026 9:40:00 AM,RTD,CMIN,11MALADU_G01,G,7/25/2026 12:01:00 AM,7/26/2026,MIN_OPERATING_MW,9.50,
7/25/2026 9:45:00 AM,RTD,CLUZ,01BARBASOL_G01,G,7/25/2026 9:41:00 AM,7/25/2026 9:45:00 AM,MAX_OPERATING_MW,53.61,
7/25/2026 9:45:00 AM,RTD,CLUZ,01BARBASOL_G01,G,7/25/2026 9:41:00 AM,7/25/2026 9:45:00 AM,MIN_OPERATING_MW,53.61,
7/25/2026 9:45:00 AM,RTD,CLUZ,01BARBASOL_G01,G,7/25/2026 9:46:00 AM,7/25/2026 9:50:00 AM,MAX_OPERATING_MW,54.48,
7/25/2026 9:45:00 AM,RTD,CLUZ,01BARBASOL_G01,G,7/25/2026 9:46:00 AM,7/25/2026 9:50:00 AM,MIN_OPERATING_MW,54.48,
7/25/2026 9:45:00 AM,RTD,CLUZ,01BUGSOL_G01,G,7/25/2026 9:41:00 AM,7/25/2026 9:45:00 AM,MAX_OPERATING_MW,122.42,
7/25/2026 9:45:00 AM,RTD,CLUZ,01BUGSOL_G01,G,7/25/2026 9:41:00 AM,7/25/2026 9:45:00 AM,MIN_OPERATING_MW,122.42,
7/25/2026 9:45:00 AM,RTD,CLUZ,01BUGSOL_G01,G,7/25/2026 9:46:00 AM,7/25/2026 9:50:00 AM,MAX_OPERATING_MW,118.11,
7/25/2026 9:45:00 AM,RTD,CLUZ,01BUGSOL_G01,G,7/25/2026 9:46:00 AM,7/25/2026 9:50:00 AM,MIN_OPERATING_MW,118.11,
7/25/2026 9:45:00 AM,RTD,CLUZ,01BULACSOL_G01,G,7/25/2026 9:01:00 AM,7/25/2026 10:00:00 AM,MAX_OPERATING_MW,2.84,
7/25/2026 9:45:00 AM,RTD,CLUZ,01BULACSOL_G01,G,7/25/2026 9:01:00 AM,7/25/2026 10:00:00 AM,MIN_OPERATING_MW,2.84,
7/25/2026 9:45:00 AM,RTD,CLUZ,01MSINLO_G04,G,7/25/2026 6:51:00 AM,7/26/2026,MAX_OPERATING_MW,150,
7/25/2026 9:45:00 AM,RTD,CLUZ,01MSINLO_G04,G,7/25/2026 6:51:00 AM,7/26/2026,MIN_OPERATING_MW,150,
7/25/2026 9:45:00 AM,RTD,CLUZ,01PASBUSOL_G01,G,7/25/2026 9:01:00 AM,7/25/2026 10:00:00 AM,MAX_OPERATING_MW,19.86,
7/25/2026 9:45:00 AM,RTD,CLUZ,01PASBUSOL_G01,G,7/25/2026 9:01:00 AM,7/25/2026 10:00:00 AM,MIN_OPERATING_MW,19.86,
7/25/2026 9:45:00 AM,RTD,CLUZ,01TERRASOL_G01,G,7/25/2026 9:16:00 AM,7/25/2026 12:15:00 PM,MAX_OPERATING_MW,600,
7/25/2026 9:45:00 AM,RTD,CLUZ,01TERRASOL_G01,G,7/25/2026 9:16:00 AM,7/25/2026 12:15:00 PM,MIN_OPERATING_MW,600,
7/25/2026 9:45:00 AM,RTD,CLUZ,03LUNSOL_G01,G,7/25/2026 9:41:00 AM,7/25/2026 9:45:00 AM,MAX_OPERATING_MW,27.60,
7/25/2026 9:45:00 AM,RTD,CLUZ,03LUNSOL_G01,G,7/25/2026 9:41:00 AM,7/25/2026 9:45:00 AM,MIN_OPERATING_MW,27.60,
7/25/2026 9:45:00 AM,RTD,CLUZ,03LUNSOL_G01,G,7/25/2026 9:46:00 AM,7/25/2026 9:50:00 AM,MAX_OPERATING_MW,27.93,
7/25/2026 9:45:00 AM,RTD,CLUZ,03LUNSOL_G01,G,7/25/2026 9:46:00 AM,7/25/2026 9:50:00 AM,MIN_OPERATING_MW,27.93,
7/25/2026 9:45:00 AM,RTD,CVIS,06SLYSOL_G02,G,7/25/2026 9:01:00 AM,7/25/2026 10:00:00 AM,MAX_OPERATING_MW,9.48,
7/25/2026 9:45:00 AM,RTD,CVIS,06SLYSOL_G02,G,7/25/2026 9:01:00 AM,7/25/2026 10:00:00 AM,MIN_OPERATING_MW,9.48,
7/25/2026 9:45:00 AM,RTD,CVIS,06SLYSOL_G03,G,7/25/2026 9:01:00 AM,7/25/2026 10:00:00 AM,MAX_OPERATING_MW,9.03,
7/25/2026 9:45:00 AM,RTD,CVIS,06SLYSOL_G03,G,7/25/2026 9:01:00 AM,7/25/2026 10:00:00 AM,MIN_OPERATING_MW,9.03,
7/25/2026 9:45:00 AM,RTD,CMIN,10LIAN_G02,G,7/25/2026 12:05:00 AM,7/25/2026 11:59:00 PM,MAX_OPERATING_MW,6,
7/25/2026 9:45:00 AM,RTD,CMIN,10LIAN_G02,G,7/25/2026 12:05:00 AM,7/25/2026 11:59:00 PM,MIN_OPERATING_MW,3,
7/25/2026 9:45:00 AM,RTD,CMIN,11MALADU_G01,G,7/25/2026 12:01:00 AM,7/26/2026,MAX_OPERATING_MW,9.50,
7/25/2026 9:45:00 AM,RTD,CMIN,11MALADU_G01,G,7/25/2026 12:01:00 AM,7/26/2026,MIN_OPERATING_MW,9.50,
7/25/2026 9:50:00 AM,RTD,CLUZ,01BARBASOL_G01,G,7/25/2026 9:46:00 AM,7/25/2026 9:50:00 AM,MAX_OPERATING_MW,54.48,
7/25/2026 9:50:00 AM,RTD,CLUZ,01BARBASOL_G01,G,7/25/2026 9:46:00 AM,7/25/2026 9:50:00 AM,MIN_OPERATING_MW,54.48,
7/25/2026 9:50:00 AM,RTD,CLUZ,01BARBASOL_G01,G,7/25/2026 9:51:00 AM,7/25/2026 9:55:00 AM,MAX_OPERATING_MW,55.34,
7/25/2026 9:50:00 AM,RTD,CLUZ,01BARBASOL_G01,G,7/25/2026 9:51:00 AM,7/25/2026 9:55:00 AM,MIN_OPERATING_MW,55.34,
7/25/2026 9:50:00 AM,RTD,CLUZ,01BUGSOL_G01,G,7/25/2026 9:46:00 AM,7/25/2026 9:50:00 AM,MAX_OPERATING_MW,118.11,
7/25/2026 9:50:00 AM,RTD,CLUZ,01BUGSOL_G01,G,7/25/2026 9:46:00 AM,7/25/2026 9:50:00 AM,MIN_OPERATING_MW,118.11,
7/25/2026 9:50:00 AM,RTD,CLUZ,01BUGSOL_G01,G,7/25/2026 9:51:00 AM,7/25/2026 9:55:00 AM,MAX_OPERATING_MW,125.81,
7/25/2026 9:50:00 AM,RTD,CLUZ,01BUGSOL_G01,G,7/25/2026 9:51:00 AM,7/25/2026 9:55:00 AM,MIN_OPERATING_MW,125.81,
7/25/2026 9:50:00 AM,RTD,CLUZ,01BULACSOL_G01,G,7/25/2026 9:01:00 AM,7/25/2026 10:00:00 AM,MAX_OPERATING_MW,2.84,
7/25/2026 9:50:00 AM,RTD,CLUZ,01BULACSOL_G01,G,7/25/2026 9:01:00 AM,7/25/2026 10:00:00 AM,MIN_OPERATING_MW,2.84,
7/25/2026 9:50:00 AM,RTD,CLUZ,01MSINLO_G04,G,7/25/2026 6:51:00 AM,7/26/2026,MAX_OPERATING_MW,150,
7/25/2026 9:50:00 AM,RTD,CLUZ,01MSINLO_G04,G,7/25/2026 6:51:00 AM,7/26/2026,MIN_OPERATING_MW,150,
7/25/2026 9:50:00 AM,RTD,CLUZ,01PASBUSOL_G01,G,7/25/2026 9:01:00 AM,7/25/2026 10:00:00 AM,MAX_OPERATING_MW,19.86,
7/25/2026 9:50:00 AM,RTD,CLUZ,01PASBUSOL_G01,G,7/25/2026 9:01:00 AM,7/25/2026 10:00:00 AM,MIN_OPERATING_MW,19.86,
7/25/2026 9:50:00 AM,RTD,CLUZ,01TERRASOL_G01,G,7/25/2026 9:16:00 AM,7/25/2026 12:15:00 PM,MAX_OPERATING_MW,600,
7/25/2026 9:50:00 AM,RTD,CLUZ,01TERRASOL_G01,G,7/25/2026 9:16:00 AM,7/25/2026 12:15:00 PM,MIN_OPERATING_MW,600,
7/25/2026 9:50:00 AM,RTD,CLUZ,03LUNSOL_G01,G,7/25/2026 9:46:00 AM,7/25/2026 9:50:00 AM,MAX_OPERATING_MW,27.93,
7/25/2026 9:50:00 AM,RTD,CLUZ,03LUNSOL_G01,G,7/25/2026 9:46:00 AM,7/25/2026 9:50:00 AM,MIN_OPERATING_MW,27.93,
7/25/2026 9:50:00 AM,RTD,CLUZ,03LUNSOL_G01,G,7/25/2026 9:51:00 AM,7/25/2026 9:55:00 AM,MAX_OPERATING_MW,28.26,
7/25/2026 9:50:00 AM,RTD,CLUZ,03LUNSOL_G01,G,7/25/2026 9:51:00 AM,7/25/2026 9:55:00 AM,MIN_OPERATING_MW,28.26,
7/25/2026 9:50:00 AM,RTD,CVIS,06SLYSOL_G02,G,7/25/2026 9:01:00 AM,7/25/2026 10:00:00 AM,MAX_OPERATING_MW,9.48,
7/25/2026 9:50:00 AM,RTD,CVIS,06SLYSOL_G02,G,7/25/2026 9:01:00 AM,7/25/2026 10:00:00 AM,MIN_OPERATING_MW,9.48,
7/25/2026 9:50:00 AM,RTD,CVIS,06SLYSOL_G03,G,7/25/2026 9:01:00 AM,7/25/2026 10:00:00 AM,MAX_OPERATING_MW,9.03,
7/25/2026 9:50:00 AM,RTD,CVIS,06SLYSOL_G03,G,7/25/2026 9:01:00 AM,7/25/2026 10:00:00 AM,MIN_OPERATING_MW,9.03,
7/25/2026 9:50:00 AM,RTD,CMIN,10LIAN_G02,G,7/25/2026 12:05:00 AM,7/25/2026 11:59:00 PM,MAX_OPERATING_MW,6,
7/25/2026 9:50:00 AM,RTD,CMIN,10LIAN_G02,G,7/25/2026 12:05:00 AM,7/25/2026 11:59:00 PM,MIN_OPERATING_MW,3,
7/25/2026 9:50:00 AM,RTD,CMIN,11MALADU_G01,G,7/25/2026 12:01:00 AM,7/26/2026,MAX_OPERATING_MW,9.50,
7/25/2026 9:50:00 AM,RTD,CMIN,11MALADU_G01,G,7/25/2026 12:01:00 AM,7/26/2026,MIN_OPERATING_MW,9.50,
7/25/2026 9:55:00 AM,RTD,CLUZ,01BARBASOL_G01,G,7/25/2026 9:51:00 AM,7/25/2026 9:55:00 AM,MAX_OPERATING_MW,55.34,
7/25/2026 9:55:00 AM,RTD,CLUZ,01BARBASOL_G01,G,7/25/2026 9:51:00 AM,7/25/2026 9:55:00 AM,MIN_OPERATING_MW,55.34,
7/25/2026 9:55:00 AM,RTD,CLUZ,01BARBASOL_G01,G,7/25/2026 9:56:00 AM,7/25/2026 10:00:00 AM,MAX_OPERATING_MW,56.19,
7/25/2026 9:55:00 AM,RTD,CLUZ,01BARBASOL_G01,G,7/25/2026 9:56:00 AM,7/25/2026 10:00:00 AM,MIN_OPERATING_MW,56.19,
7/25/2026 9:55:00 AM,RTD,CLUZ,01BUGSOL_G01,G,7/25/2026 9:51:00 AM,7/25/2026 9:55:00 AM,MAX_OPERATING_MW,125.81,
7/25/2026 9:55:00 AM,RTD,CLUZ,01BUGSOL_G01,G,7/25/2026 9:51:00 AM,7/25/2026 9:55:00 AM,MIN_OPERATING_MW,125.81,
7/25/2026 9:55:00 AM,RTD,CLUZ,01BUGSOL_G01,G,7/25/2026 9:56:00 AM,7/25/2026 10:00:00 AM,MAX_OPERATING_MW,123.22,
7/25/2026 9:55:00 AM,RTD,CLUZ,01BUGSOL_G01,G,7/25/2026 9:56:00 AM,7/25/2026 10:00:00 AM,MIN_OPERATING_MW,123.22,
7/25/2026 9:55:00 AM,RTD,CLUZ,01BULACSOL_G01,G,7/25/2026 9:01:00 AM,7/25/2026 10:00:00 AM,MAX_OPERATING_MW,2.84,
7/25/2026 9:55:00 AM,RTD,CLUZ,01BULACSOL_G01,G,7/25/2026 9:01:00 AM,7/25/2026 10:00:00 AM,MIN_OPERATING_MW,2.84,
7/25/2026 9:55:00 AM,RTD,CLUZ,01MSINLO_G04,G,7/25/2026 6:51:00 AM,7/26/2026,MAX_OPERATING_MW,150,
7/25/2026 9:55:00 AM,RTD,CLUZ,01MSINLO_G04,G,7/25/2026 6:51:00 AM,7/26/2026,MIN_OPERATING_MW,150,
7/25/2026 9:55:00 AM,RTD,CLUZ,01PASBUSOL_G01,G,7/25/2026 9:01:00 AM,7/25/2026 10:00:00 AM,MAX_OPERATING_MW,19.86,
7/25/2026 9:55:00 AM,RTD,CLUZ,01PASBUSOL_G01,G,7/25/2026 9:01:00 AM,7/25/2026 10:00:00 AM,MIN_OPERATING_MW,19.86,
7/25/2026 9:55:00 AM,RTD,CLUZ,01TERRASOL_G01,G,7/25/2026 9:16:00 AM,7/25/2026 12:15:00 PM,MAX_OPERATING_MW,600,
7/25/2026 9:55:00 AM,RTD,CLUZ,01TERRASOL_G01,G,7/25/2026 9:16:00 AM,7/25/2026 12:15:00 PM,MIN_OPERATING_MW,600,
7/25/2026 9:55:00 AM,RTD,CLUZ,03LUNSOL_G01,G,7/25/2026 9:51:00 AM,7/25/2026 9:55:00 AM,MAX_OPERATING_MW,28.26,
7/25/2026 9:55:00 AM,RTD,CLUZ,03LUNSOL_G01,G,7/25/2026 9:51:00 AM,7/25/2026 9:55:00 AM,MIN_OPERATING_MW,28.26,
7/25/2026 9:55:00 AM,RTD,CLUZ,03LUNSOL_G01,G,7/25/2026 9:56:00 AM,7/25/2026 10:00:00 AM,MAX_OPERATING_MW,28.57,
7/25/2026 9:55:00 AM,RTD,CLUZ,03LUNSOL_G01,G,7/25/2026 9:56:00 AM,7/25/2026 10:00:00 AM,MIN_OPERATING_MW,28.57,
7/25/2026 9:55:00 AM,RTD,CVIS,06SLYSOL_G02,G,7/25/2026 9:01:00 AM,7/25/2026 10:00:00 AM,MAX_OPERATING_MW,9.48,
7/25/2026 9:55:00 AM,RTD,CVIS,06SLYSOL_G02,G,7/25/2026 9:01:00 AM,7/25/2026 10:00:00 AM,MIN_OPERATING_MW,9.48,
7/25/2026 9:55:00 AM,RTD,CVIS,06SLYSOL_G03,G,7/25/2026 9:01:00 AM,7/25/2026 10:00:00 AM,MAX_OPERATING_MW,9.03,
7/25/2026 9:55:00 AM,RTD,CVIS,06SLYSOL_G03,G,7/25/2026 9:01:00 AM,7/25/2026 10:00:00 AM,MIN_OPERATING_MW,9.03,
7/25/2026 9:55:00 AM,RTD,CMIN,10LIAN_G02,G,7/25/2026 12:05:00 AM,7/25/2026 11:59:00 PM,MAX_OPERATING_MW,6,
7/25/2026 9:55:00 AM,RTD,CMIN,10LIAN_G02,G,7/25/2026 12:05:00 AM,7/25/2026 11:59:00 PM,MIN_OPERATING_MW,3,
7/25/2026 9:55:00 AM,RTD,CMIN,11MALADU_G01,G,7/25/2026 12:01:00 AM,7/26/2026,MAX_OPERATING_MW,9.50,
7/25/2026 9:55:00 AM,RTD,CMIN,11MALADU_G01,G,7/25/2026 12:01:00 AM,7/26/2026,MIN_OPERATING_MW,9.50,
7/25/2026 10:00:00 AM,RTD,CLUZ,01BARBASOL_G01,G,7/25/2026 9:56:00 AM,7/25/2026 10:00:00 AM,MAX_OPERATING_MW,56.19,
7/25/2026 10:00:00 AM,RTD,CLUZ,01BARBASOL_G01,G,7/25/2026 9:56:00 AM,7/25/2026 10:00:00 AM,MIN_OPERATING_MW,56.19,
7/25/2026 10:00:00 AM,RTD,CLUZ,01BARBASOL_G01,G,7/25/2026 10:01:00 AM,7/25/2026 10:05:00 AM,MAX_OPERATING_MW,57.01,
7/25/2026 10:00:00 AM,RTD,CLUZ,01BARBASOL_G01,G,7/25/2026 10:01:00 AM,7/25/2026 10:05:00 AM,MIN_OPERATING_MW,57.01,
7/25/2026 10:00:00 AM,RTD,CLUZ,01BUGSOL_G01,G,7/25/2026 9:56:00 AM,7/25/2026 10:00:00 AM,MAX_OPERATING_MW,123.22,
7/25/2026 10:00:00 AM,RTD,CLUZ,01BUGSOL_G01,G,7/25/2026 9:56:00 AM,7/25/2026 10:00:00 AM,MIN_OPERATING_MW,123.22,
7/25/2026 10:00:00 AM,RTD,CLUZ,01BUGSOL_G01,G,7/25/2026 10:01:00 AM,7/25/2026 10:05:00 AM,MAX_OPERATING_MW,140.06,
7/25/2026 10:00:00 AM,RTD,CLUZ,01BUGSOL_G01,G,7/25/2026 10:01:00 AM,7/25/2026 10:05:00 AM,MIN_OPERATING_MW,140.06,
7/25/2026 10:00:00 AM,RTD,CLUZ,01BULACSOL_G01,G,7/25/2026 9:01:00 AM,7/25/2026 10:00:00 AM,MAX_OPERATING_MW,2.84,
7/25/2026 10:00:00 AM,RTD,CLUZ,01BULACSOL_G01,G,7/25/2026 9:01:00 AM,7/25/2026 10:00:00 AM,MIN_OPERATING_MW,2.84,
7/25/2026 10:00:00 AM,RTD,CLUZ,01BULACSOL_G01,G,7/25/2026 10:01:00 AM,7/25/2026 11:00:00 AM,MAX_OPERATING_MW,3.43,
7/25/2026 10:00:00 AM,RTD,CLUZ,01BULACSOL_G01,G,7/25/2026 10:01:00 AM,7/25/2026 11:00:00 AM,MIN_OPERATING_MW,3.43,
7/25/2026 10:00:00 AM,RTD,CLUZ,01MSINLO_G04,G,7/25/2026 6:51:00 AM,7/26/2026,MAX_OPERATING_MW,150,
7/25/2026 10:00:00 AM,RTD,CLUZ,01MSINLO_G04,G,7/25/2026 6:51:00 AM,7/26/2026,MIN_OPERATING_MW,150,
7/25/2026 10:00:00 AM,RTD,CLUZ,01PASBUSOL_G01,G,7/25/2026 9:01:00 AM,7/25/2026 10:00:00 AM,MAX_OPERATING_MW,19.86,
7/25/2026 10:00:00 AM,RTD,CLUZ,01PASBUSOL_G01,G,7/25/2026 9:01:00 AM,7/25/2026 10:00:00 AM,MIN_OPERATING_MW,19.86,
7/25/2026 10:00:00 AM,RTD,CLUZ,01PASBUSOL_G01,G,7/25/2026 10:01:00 AM,7/25/2026 11:00:00 AM,MAX_OPERATING_MW,23.43,
7/25/2026 10:00:00 AM,RTD,CLUZ,01PASBUSOL_G01,G,7/25/2026 10:01:00 AM,7/25/2026 11:00:00 AM,MIN_OPERATING_MW,23.43,
7/25/2026 10:00:00 AM,RTD,CLUZ,01TERRASOL_G01,G,7/25/2026 9:16:00 AM,7/25/2026 12:15:00 PM,MAX_OPERATING_MW,600,
7/25/2026 10:00:00 AM,RTD,CLUZ,01TERRASOL_G01,G,7/25/2026 9:16:00 AM,7/25/2026 12:15:00 PM,MIN_OPERATING_MW,600,
7/25/2026 10:00:00 AM,RTD,CLUZ,03LUNSOL_G01,G,7/25/2026 9:56:00 AM,7/25/2026 10:00:00 AM,MAX_OPERATING_MW,28.57,
7/25/2026 10:00:00 AM,RTD,CLUZ,03LUNSOL_G01,G,7/25/2026 9:56:00 AM,7/25/2026 10:00:00 AM,MIN_OPERATING_MW,28.57,
7/25/2026 10:00:00 AM,RTD,CLUZ,03LUNSOL_G01,G,7/25/2026 10:01:00 AM,7/25/2026 10:05:00 AM,MAX_OPERATING_MW,28.88,
7/25/2026 10:00:00 AM,RTD,CLUZ,03LUNSOL_G01,G,7/25/2026 10:01:00 AM,7/25/2026 10:05:00 AM,MIN_OPERATING_MW,28.88,
7/25/2026 10:00:00 AM,RTD,CVIS,06SLYSOL_G02,G,7/25/2026 9:01:00 AM,7/25/2026 10:00:00 AM,MAX_OPERATING_MW,9.48,
7/25/2026 10:00:00 AM,RTD,CVIS,06SLYSOL_G02,G,7/25/2026 9:01:00 AM,7/25/2026 10:00:00 AM,MIN_OPERATING_MW,9.48,
7/25/2026 10:00:00 AM,RTD,CVIS,06SLYSOL_G02,G,7/25/2026 10:01:00 AM,7/25/2026 11:00:00 AM,MAX_OPERATING_MW,9.49,
7/25/2026 10:00:00 AM,RTD,CVIS,06SLYSOL_G02,G,7/25/2026 10:01:00 AM,7/25/2026 11:00:00 AM,MIN_OPERATING_MW,9.49,
7/25/2026 10:00:00 AM,RTD,CVIS,06SLYSOL_G03,G,7/25/2026 9:01:00 AM,7/25/2026 10:00:00 AM,MAX_OPERATING_MW,9.03,
7/25/2026 10:00:00 AM,RTD,CVIS,06SLYSOL_G03,G,7/25/2026 9:01:00 AM,7/25/2026 10:00:00 AM,MIN_OPERATING_MW,9.03,
7/25/2026 10:00:00 AM,RTD,CVIS,06SLYSOL_G03,G,7/25/2026 10:01:00 AM,7/25/2026 11:00:00 AM,MAX_OPERATING_MW,9.49,
7/25/2026 10:00:00 AM,RTD,CVIS,06SLYSOL_G03,G,7/25/2026 10:01:00 AM,7/25/2026 11:00:00 AM,MIN_OPERATING_MW,9.49,
7/25/2026 10:00:00 AM,RTD,CMIN,10LIAN_G02,G,7/25/2026 12:05:00 AM,7/25/2026 11:59:00 PM,MAX_OPERATING_MW,6,
7/25/2026 10:00:00 AM,RTD,CMIN,10LIAN_G02,G,7/25/2026 12:05:00 AM,7/25/2026 11:59:00 PM,MIN_OPERATING_MW,3,
7/25/2026 10:00:00 AM,RTD,CMIN,11MALADU_G01,G,7/25/2026 12:01:00 AM,7/26/2026,MAX_OPERATING_MW,9.50,
7/25/2026 10:00:00 AM,RTD,CMIN,11MALADU_G01,G,7/25/2026 12:01:00 AM,7/26/2026,MIN_OPERATING_MW,9.50,
7/25/2026 10:00:00 AM,RTD,CMIN,11MARAMSOL_G01,G,7/25/2026 10:01:00 AM,7/25/2026 10:15:00 AM,MAX_OPERATING_MW,40,
7/25/2026 10:00:00 AM,RTD,CMIN,11MARAMSOL_G01,G,7/25/2026 10:01:00 AM,7/25/2026 10:15:00 AM,MIN_OPERATING_MW,40,
7/25/2026 10:05:00 AM,RTD,CLUZ,01BARBASOL_G01,G,7/25/2026 10:01:00 AM,7/25/2026 10:05:00 AM,MAX_OPERATING_MW,57.01,
7/25/2026 10:05:00 AM,RTD,CLUZ,01BARBASOL_G01,G,7/25/2026 10:01:00 AM,7/25/2026 10:05:00 AM,MIN_OPERATING_MW,57.01,
7/25/2026 10:05:00 AM,RTD,CLUZ,01BARBASOL_G01,G,7/25/2026 10:06:00 AM,7/25/2026 10:10:00 AM,MAX_OPERATING_MW,57.85,
7/25/2026 10:05:00 AM,RTD,CLUZ,01BARBASOL_G01,G,7/25/2026 10:06:00 AM,7/25/2026 10:10:00 AM,MIN_OPERATING_MW,57.85,
7/25/2026 10:05:00 AM,RTD,CLUZ,01BUGSOL_G01,G,7/25/2026 10:01:00 AM,7/25/2026 10:05:00 AM,MAX_OPERATING_MW,140.06,
7/25/2026 10:05:00 AM,RTD,CLUZ,01BUGSOL_G01,G,7/25/2026 10:01:00 AM,7/25/2026 10:05:00 AM,MIN_OPERATING_MW,140.06,
7/25/2026 10:05:00 AM,RTD,CLUZ,01BUGSOL_G01,G,7/25/2026 10:06:00 AM,7/25/2026 10:10:00 AM,MAX_OPERATING_MW,137.25,
7/25/2026 10:05:00 AM,RTD,CLUZ,01BUGSOL_G01,G,7/25/2026 10:06:00 AM,7/25/2026 10:10:00 AM,MIN_OPERATING_MW,137.25,
7/25/2026 10:05:00 AM,RTD,CLUZ,01BULACSOL_G01,G,7/25/2026 10:01:00 AM,7/25/2026 11:00:00 AM,MAX_OPERATING_MW,3.43,
7/25/2026 10:05:00 AM,RTD,CLUZ,01BULACSOL_G01,G,7/25/2026 10:01:00 AM,7/25/2026 11:00:00 AM,MIN_OPERATING_MW,3.43,
7/25/2026 10:05:00 AM,RTD,CLUZ,01MSINLO_G04,G,7/25/2026 6:51:00 AM,7/26/2026,MAX_OPERATING_MW,150,
7/25/2026 10:05:00 AM,RTD,CLUZ,01MSINLO_G04,G,7/25/2026 6:51:00 AM,7/26/2026,MIN_OPERATING_MW,150,
7/25/2026 10:05:00 AM,RTD,CLUZ,01PASBUSOL_G01,G,7/25/2026 10:01:00 AM,7/25/2026 11:00:00 AM,MAX_OPERATING_MW,23.43,
7/25/2026 10:05:00 AM,RTD,CLUZ,01PASBUSOL_G01,G,7/25/2026 10:01:00 AM,7/25/2026 11:00:00 AM,MIN_OPERATING_MW,23.43,
7/25/2026 10:05:00 AM,RTD,CLUZ,01TERRASOL_G01,G,7/25/2026 9:16:00 AM,7/25/2026 12:15:00 PM,MAX_OPERATING_MW,600,
7/25/2026 10:05:00 AM,RTD,CLUZ,01TERRASOL_G01,G,7/25/2026 9:16:00 AM,7/25/2026 12:15:00 PM,MIN_OPERATING_MW,600,
7/25/2026 10:05:00 AM,RTD,CLUZ,03LUNSOL_G01,G,7/25/2026 10:01:00 AM,7/25/2026 10:05:00 AM,MAX_OPERATING_MW,28.88,
7/25/2026 10:05:00 AM,RTD,CLUZ,03LUNSOL_G01,G,7/25/2026 10:01:00 AM,7/25/2026 10:05:00 AM,MIN_OPERATING_MW,28.88,
7/25/2026 10:05:00 AM,RTD,CLUZ,03LUNSOL_G01,G,7/25/2026 10:06:00 AM,7/25/2026 10:10:00 AM,MAX_OPERATING_MW,29.17,
7/25/2026 10:05:00 AM,RTD,CLUZ,03LUNSOL_G01,G,7/25/2026 10:06:00 AM,7/25/2026 10:10:00 AM,MIN_OPERATING_MW,29.17,
7/25/2026 10:05:00 AM,RTD,CVIS,06SLYSOL_G02,G,7/25/2026 10:01:00 AM,7/25/2026 11:00:00 AM,MAX_OPERATING_MW,9.49,
7/25/2026 10:05:00 AM,RTD,CVIS,06SLYSOL_G02,G,7/25/2026 10:01:00 AM,7/25/2026 11:00:00 AM,MIN_OPERATING_MW,9.49,
7/25/2026 10:05:00 AM,RTD,CVIS,06SLYSOL_G03,G,7/25/2026 10:01:00 AM,7/25/2026 11:00:00 AM,MAX_OPERATING_MW,9.49,
7/25/2026 10:05:00 AM,RTD,CVIS,06SLYSOL_G03,G,7/25/2026 10:01:00 AM,7/25/2026 11:00:00 AM,MIN_OPERATING_MW,9.49,
7/25/2026 10:05:00 AM,RTD,CMIN,10LIAN_G02,G,7/25/2026 12:05:00 AM,7/25/2026 11:59:00 PM,MAX_OPERATING_MW,6,
7/25/2026 10:05:00 AM,RTD,CMIN,10LIAN_G02,G,7/25/2026 12:05:00 AM,7/25/2026 11:59:00 PM,MIN_OPERATING_MW,3,
7/25/2026 10:05:00 AM,RTD,CMIN,11MALADU_G01,G,7/25/2026 12:01:00 AM,7/26/2026,MAX_OPERATING_MW,9.50,
7/25/2026 10:05:00 AM,RTD,CMIN,11MALADU_G01,G,7/25/2026 12:01:00 AM,7/26/2026,MIN_OPERATING_MW,9.50,
7/25/2026 10:05:00 AM,RTD,CMIN,11MARAMSOL_G01,G,7/25/2026 10:01:00 AM,7/25/2026 10:15:00 AM,MAX_OPERATING_MW,40,
7/25/2026 10:05:00 AM,RTD,CMIN,11MARAMSOL_G01,G,7/25/2026 10:01:00 AM,7/25/2026 10:15:00 AM,MIN_OPERATING_MW,40,
7/25/2026 10:10:00 AM,RTD,CLUZ,01BARBASOL_G01,G,7/25/2026 10:06:00 AM,7/25/2026 10:10:00 AM,MAX_OPERATING_MW,57.85,
7/25/2026 10:10:00 AM,RTD,CLUZ,01BARBASOL_G01,G,7/25/2026 10:06:00 AM,7/25/2026 10:10:00 AM,MIN_OPERATING_MW,57.85,
7/25/2026 10:10:00 AM,RTD,CLUZ,01BARBASOL_G01,G,7/25/2026 10:11:00 AM,7/25/2026 10:15:00 AM,MAX_OPERATING_MW,58.68,
7/25/2026 10:10:00 AM,RTD,CLUZ,01BARBASOL_G01,G,7/25/2026 10:11:00 AM,7/25/2026 10:15:00 AM,MIN_OPERATING_MW,58.68,
7/25/2026 10:10:00 AM,RTD,CLUZ,01BUGSOL_G01,G,7/25/2026 10:06:00 AM,7/25/2026 10:10:00 AM,MAX_OPERATING_MW,137.25,
7/25/2026 10:10:00 AM,RTD,CLUZ,01BUGSOL_G01,G,7/25/2026 10:06:00 AM,7/25/2026 10:10:00 AM,MIN_OPERATING_MW,137.25,
7/25/2026 10:10:00 AM,RTD,CLUZ,01BUGSOL_G01,G,7/25/2026 10:11:00 AM,7/25/2026 10:15:00 AM,MAX_OPERATING_MW,125.36,
7/25/2026 10:10:00 AM,RTD,CLUZ,01BUGSOL_G01,G,7/25/2026 10:11:00 AM,7/25/2026 10:15:00 AM,MIN_OPERATING_MW,125.36,
7/25/2026 10:10:00 AM,RTD,CLUZ,01BULACSOL_G01,G,7/25/2026 10:01:00 AM,7/25/2026 11:00:00 AM,MAX_OPERATING_MW,3.43,
7/25/2026 10:10:00 AM,RTD,CLUZ,01BULACSOL_G01,G,7/25/2026 10:01:00 AM,7/25/2026 11:00:00 AM,MIN_OPERATING_MW,3.43,
7/25/2026 10:10:00 AM,RTD,CLUZ,01MSINLO_G04,G,7/25/2026 6:51:00 AM,7/26/2026,MAX_OPERATING_MW,150,
7/25/2026 10:10:00 AM,RTD,CLUZ,01MSINLO_G04,G,7/25/2026 6:51:00 AM,7/26/2026,MIN_OPERATING_MW,150,
7/25/2026 10:10:00 AM,RTD,CLUZ,01PASBUSOL_G01,G,7/25/2026 10:01:00 AM,7/25/2026 11:00:00 AM,MAX_OPERATING_MW,23.43,
7/25/2026 10:10:00 AM,RTD,CLUZ,01PASBUSOL_G01,G,7/25/2026 10:01:00 AM,7/25/2026 11:00:00 AM,MIN_OPERATING_MW,23.43,
7/25/2026 10:10:00 AM,RTD,CLUZ,01TERRASOL_G01,G,7/25/2026 9:16:00 AM,7/25/2026 12:15:00 PM,MAX_OPERATING_MW,600,
7/25/2026 10:10:00 AM,RTD,CLUZ,01TERRASOL_G01,G,7/25/2026 9:16:00 AM,7/25/2026 12:15:00 PM,MIN_OPERATING_MW,600,
7/25/2026 10:10:00 AM,RTD,CLUZ,03LUNSOL_G01,G,7/25/2026 10:06:00 AM,7/25/2026 10:10:00 AM,MAX_OPERATING_MW,29.17,
7/25/2026 10:10:00 AM,RTD,CLUZ,03LUNSOL_G01,G,7/25/2026 10:06:00 AM,7/25/2026 10:10:00 AM,MIN_OPERATING_MW,29.17,
7/25/2026 10:10:00 AM,RTD,CLUZ,03LUNSOL_G01,G,7/25/2026 10:11:00 AM,7/25/2026 10:15:00 AM,MAX_OPERATING_MW,29.44,
7/25/2026 10:10:00 AM,RTD,CLUZ,03LUNSOL_G01,G,7/25/2026 10:11:00 AM,7/25/2026 10:15:00 AM,MIN_OPERATING_MW,29.44,
7/25/2026 10:10:00 AM,RTD,CVIS,06SLYSOL_G02,G,7/25/2026 10:01:00 AM,7/25/2026 11:00:00 AM,MAX_OPERATING_MW,9.49,
7/25/2026 10:10:00 AM,RTD,CVIS,06SLYSOL_G02,G,7/25/2026 10:01:00 AM,7/25/2026 11:00:00 AM,MIN_OPERATING_MW,9.49,
7/25/2026 10:10:00 AM,RTD,CVIS,06SLYSOL_G03,G,7/25/2026 10:01:00 AM,7/25/2026 11:00:00 AM,MAX_OPERATING_MW,9.49,
7/25/2026 10:10:00 AM,RTD,CVIS,06SLYSOL_G03,G,7/25/2026 10:01:00 AM,7/25/2026 11:00:00 AM,MIN_OPERATING_MW,9.49,
7/25/2026 10:10:00 AM,RTD,CMIN,10LIAN_G02,G,7/25/2026 12:05:00 AM,7/25/2026 11:59:00 PM,MAX_OPERATING_MW,6,
7/25/2026 10:10:00 AM,RTD,CMIN,10LIAN_G02,G,7/25/2026 12:05:00 AM,7/25/2026 11:59:00 PM,MIN_OPERATING_MW,3,
7/25/2026 10:10:00 AM,RTD,CMIN,11MALADU_G01,G,7/25/2026 12:01:00 AM,7/26/2026,MAX_OPERATING_MW,9.50,
7/25/2026 10:10:00 AM,RTD,CMIN,11MALADU_G01,G,7/25/2026 12:01:00 AM,7/26/2026,MIN_OPERATING_MW,9.50,
7/25/2026 10:10:00 AM,RTD,CMIN,11MARAMSOL_G01,G,7/25/2026 10:01:00 AM,7/25/2026 10:15:00 AM,MAX_OPERATING_MW,40,
7/25/2026 10:10:00 AM,RTD,CMIN,11MARAMSOL_G01,G,7/25/2026 10:01:00 AM,7/25/2026 10:15:00 AM,MIN_OPERATING_MW,40,
7/25/2026 10:15:00 AM,RTD,CLUZ,01BARBASOL_G01,G,7/25/2026 10:11:00 AM,7/25/2026 10:15:00 AM,MAX_OPERATING_MW,58.68,
7/25/2026 10:15:00 AM,RTD,CLUZ,01BARBASOL_G01,G,7/25/2026 10:11:00 AM,7/25/2026 10:15:00 AM,MIN_OPERATING_MW,58.68,
7/25/2026 10:15:00 AM,RTD,CLUZ,01BARBASOL_G01,G,7/25/2026 10:16:00 AM,7/25/2026 10:20:00 AM,MAX_OPERATING_MW,59.50,
7/25/2026 10:15:00 AM,RTD,CLUZ,01BARBASOL_G01,G,7/25/2026 10:16:00 AM,7/25/2026 10:20:00 AM,MIN_OPERATING_MW,59.50,
7/25/2026 10:15:00 AM,RTD,CLUZ,01BUGSOL_G01,G,7/25/2026 10:11:00 AM,7/25/2026 10:15:00 AM,MAX_OPERATING_MW,200,
7/25/2026 10:15:00 AM,RTD,CLUZ,01BUGSOL_G01,G,7/25/2026 10:11:00 AM,7/25/2026 10:15:00 AM,MIN_OPERATING_MW,200,
7/25/2026 10:15:00 AM,RTD,CLUZ,01BUGSOL_G01,G,7/25/2026 10:16:00 AM,7/25/2026 10:20:00 AM,MAX_OPERATING_MW,200,
7/25/2026 10:15:00 AM,RTD,CLUZ,01BUGSOL_G01,G,7/25/2026 10:16:00 AM,7/25/2026 10:20:00 AM,MIN_OPERATING_MW,200,
7/25/2026 10:15:00 AM,RTD,CLUZ,01BULACSOL_G01,G,7/25/2026 10:01:00 AM,7/25/2026 11:00:00 AM,MAX_OPERATING_MW,3.43,
7/25/2026 10:15:00 AM,RTD,CLUZ,01BULACSOL_G01,G,7/25/2026 10:01:00 AM,7/25/2026 11:00:00 AM,MIN_OPERATING_MW,3.43,
7/25/2026 10:15:00 AM,RTD,CLUZ,01MSINLO_G04,G,7/25/2026 6:51:00 AM,7/26/2026,MAX_OPERATING_MW,150,
7/25/2026 10:15:00 AM,RTD,CLUZ,01MSINLO_G04,G,7/25/2026 6:51:00 AM,7/26/2026,MIN_OPERATING_MW,150,
7/25/2026 10:15:00 AM,RTD,CLUZ,01PASBUSOL_G01,G,7/25/2026 10:01:00 AM,7/25/2026 11:00:00 AM,MAX_OPERATING_MW,23.43,
7/25/2026 10:15:00 AM,RTD,CLUZ,01PASBUSOL_G01,G,7/25/2026 10:01:00 AM,7/25/2026 11:00:00 AM,MIN_OPERATING_MW,23.43,
7/25/2026 10:15:00 AM,RTD,CLUZ,01TERRASOL_G01,G,7/25/2026 9:16:00 AM,7/25/2026 12:15:00 PM,MAX_OPERATING_MW,600,
7/25/2026 10:15:00 AM,RTD,CLUZ,01TERRASOL_G01,G,7/25/2026 9:16:00 AM,7/25/2026 12:15:00 PM,MIN_OPERATING_MW,600,
7/25/2026 10:15:00 AM,RTD,CLUZ,03LUNSOL_G01,G,7/25/2026 10:11:00 AM,7/25/2026 10:15:00 AM,MAX_OPERATING_MW,29.44,
7/25/2026 10:15:00 AM,RTD,CLUZ,03LUNSOL_G01,G,7/25/2026 10:11:00 AM,7/25/2026 10:15:00 AM,MIN_OPERATING_MW,29.44,
7/25/2026 10:15:00 AM,RTD,CLUZ,03LUNSOL_G01,G,7/25/2026 10:16:00 AM,7/25/2026 10:20:00 AM,MAX_OPERATING_MW,29.71,
7/25/2026 10:15:00 AM,RTD,CLUZ,03LUNSOL_G01,G,7/25/2026 10:16:00 AM,7/25/2026 10:20:00 AM,MIN_OPERATING_MW,29.71,
7/25/2026 10:15:00 AM,RTD,CVIS,06SLYSOL_G02,G,7/25/2026 10:01:00 AM,7/25/2026 11:00:00 AM,MAX_OPERATING_MW,9.49,
7/25/2026 10:15:00 AM,RTD,CVIS,06SLYSOL_G02,G,7/25/2026 10:01:00 AM,7/25/2026 11:00:00 AM,MIN_OPERATING_MW,9.49,
7/25/2026 10:15:00 AM,RTD,CVIS,06SLYSOL_G03,G,7/25/2026 10:01:00 AM,7/25/2026 11:00:00 AM,MAX_OPERATING_MW,9.49,
7/25/2026 10:15:00 AM,RTD,CVIS,06SLYSOL_G03,G,7/25/2026 10:01:00 AM,7/25/2026 11:00:00 AM,MIN_OPERATING_MW,9.49,
7/25/2026 10:15:00 AM,RTD,CMIN,10LIAN_G02,G,7/25/2026 12:05:00 AM,7/25/2026 11:59:00 PM,MAX_OPERATING_MW,6,
7/25/2026 10:15:00 AM,RTD,CMIN,10LIAN_G02,G,7/25/2026 12:05:00 AM,7/25/2026 11:59:00 PM,MIN_OPERATING_MW,3,
7/25/2026 10:15:00 AM,RTD,CMIN,11MALADU_G01,G,7/25/2026 12:01:00 AM,7/26/2026,MAX_OPERATING_MW,9.50,
7/25/2026 10:15:00 AM,RTD,CMIN,11MALADU_G01,G,7/25/2026 12:01:00 AM,7/26/2026,MIN_OPERATING_MW,9.50,
7/25/2026 10:15:00 AM,RTD,CMIN,11MARAMSOL_G01,G,7/25/2026 10:01:00 AM,7/25/2026 10:15:00 AM,MAX_OPERATING_MW,40,
7/25/2026 10:15:00 AM,RTD,CMIN,11MARAMSOL_G01,G,7/25/2026 10:01:00 AM,7/25/2026 10:15:00 AM,MIN_OPERATING_MW,40,
7/25/2026 10:15:00 AM,RTD,CMIN,11MARAMSOL_G01,G,7/25/2026 10:16:00 AM,7/25/2026 10:30:00 AM,MAX_OPERATING_MW,52.14,
7/25/2026 10:15:00 AM,RTD,CMIN,11MARAMSOL_G01,G,7/25/2026 10:16:00 AM,7/25/2026 10:30:00 AM,MIN_OPERATING_MW,52.14,
7/25/2026 10:20:00 AM,RTD,CLUZ,01BARBASOL_G01,G,7/25/2026 10:16:00 AM,7/25/2026 10:20:00 AM,MAX_OPERATING_MW,59.50,
7/25/2026 10:20:00 AM,RTD,CLUZ,01BARBASOL_G01,G,7/25/2026 10:16:00 AM,7/25/2026 10:20:00 AM,MIN_OPERATING_MW,59.50,
7/25/2026 10:20:00 AM,RTD,CLUZ,01BARBASOL_G01,G,7/25/2026 10:21:00 AM,7/25/2026 10:25:00 AM,MAX_OPERATING_MW,60.31,
7/25/2026 10:20:00 AM,RTD,CLUZ,01BARBASOL_G01,G,7/25/2026 10:21:00 AM,7/25/2026 10:25:00 AM,MIN_OPERATING_MW,60.31,
7/25/2026 10:20:00 AM,RTD,CLUZ,01BUGSOL_G01,G,7/25/2026 10:16:00 AM,7/25/2026 10:20:00 AM,MAX_OPERATING_MW,200,
7/25/2026 10:20:00 AM,RTD,CLUZ,01BUGSOL_G01,G,7/25/2026 10:16:00 AM,7/25/2026 10:20:00 AM,MIN_OPERATING_MW,200,
7/25/2026 10:20:00 AM,RTD,CLUZ,01BUGSOL_G01,G,7/25/2026 10:21:00 AM,7/25/2026 10:25:00 AM,MAX_OPERATING_MW,116.30,
7/25/2026 10:20:00 AM,RTD,CLUZ,01BUGSOL_G01,G,7/25/2026 10:21:00 AM,7/25/2026 10:25:00 AM,MIN_OPERATING_MW,116.30,
7/25/2026 10:20:00 AM,RTD,CLUZ,01BULACSOL_G01,G,7/25/2026 10:01:00 AM,7/25/2026 11:00:00 AM,MAX_OPERATING_MW,3.43,
7/25/2026 10:20:00 AM,RTD,CLUZ,01BULACSOL_G01,G,7/25/2026 10:01:00 AM,7/25/2026 11:00:00 AM,MIN_OPERATING_MW,3.43,
7/25/2026 10:20:00 AM,RTD,CLUZ,01MSINLO_G04,G,7/25/2026 6:51:00 AM,7/26/2026,MAX_OPERATING_MW,150,
7/25/2026 10:20:00 AM,RTD,CLUZ,01MSINLO_G04,G,7/25/2026 6:51:00 AM,7/26/2026,MIN_OPERATING_MW,150,
7/25/2026 10:20:00 AM,RTD,CLUZ,01PASBUSOL_G01,G,7/25/2026 10:01:00 AM,7/25/2026 11:00:00 AM,MAX_OPERATING_MW,23.43,
7/25/2026 10:20:00 AM,RTD,CLUZ,01PASBUSOL_G01,G,7/25/2026 10:01:00 AM,7/25/2026 11:00:00 AM,MIN_OPERATING_MW,23.43,
7/25/2026 10:20:00 AM,RTD,CLUZ,01TERRASOL_G01,G,7/25/2026 9:16:00 AM,7/25/2026 12:15:00 PM,MAX_OPERATING_MW,600,
7/25/2026 10:20:00 AM,RTD,CLUZ,01TERRASOL_G01,G,7/25/2026 9:16:00 AM,7/25/2026 12:15:00 PM,MIN_OPERATING_MW,600,
7/25/2026 10:20:00 AM,RTD,CLUZ,03LUNSOL_G01,G,7/25/2026 10:16:00 AM,7/25/2026 10:20:00 AM,MAX_OPERATING_MW,29.71,
7/25/2026 10:20:00 AM,RTD,CLUZ,03LUNSOL_G01,G,7/25/2026 10:16:00 AM,7/25/2026 10:20:00 AM,MIN_OPERATING_MW,29.71,
7/25/2026 10:20:00 AM,RTD,CLUZ,03LUNSOL_G01,G,7/25/2026 10:21:00 AM,7/25/2026 10:25:00 AM,MAX_OPERATING_MW,29.95,
7/25/2026 10:20:00 AM,RTD,CLUZ,03LUNSOL_G01,G,7/25/2026 10:21:00 AM,7/25/2026 10:25:00 AM,MIN_OPERATING_MW,29.95,
7/25/2026 10:20:00 AM,RTD,CVIS,06SLYSOL_G02,G,7/25/2026 10:01:00 AM,7/25/2026 11:00:00 AM,MAX_OPERATING_MW,9.49,
7/25/2026 10:20:00 AM,RTD,CVIS,06SLYSOL_G02,G,7/25/2026 10:01:00 AM,7/25/2026 11:00:00 AM,MIN_OPERATING_MW,9.49,
7/25/2026 10:20:00 AM,RTD,CVIS,06SLYSOL_G03,G,7/25/2026 10:01:00 AM,7/25/2026 11:00:00 AM,MAX_OPERATING_MW,9.49,
7/25/2026 10:20:00 AM,RTD,CVIS,06SLYSOL_G03,G,7/25/2026 10:01:00 AM,7/25/2026 11:00:00 AM,MIN_OPERATING_MW,9.49,
7/25/2026 10:20:00 AM,RTD,CMIN,10LIAN_G02,G,7/25/2026 12:05:00 AM,7/25/2026 11:59:00 PM,MAX_OPERATING_MW,6,
7/25/2026 10:20:00 AM,RTD,CMIN,10LIAN_G02,G,7/25/2026 12:05:00 AM,7/25/2026 11:59:00 PM,MIN_OPERATING_MW,3,
7/25/2026 10:20:00 AM,RTD,CMIN,11MALADU_G01,G,7/25/2026 12:01:00 AM,7/26/2026,MAX_OPERATING_MW,9.50,
7/25/2026 10:20:00 AM,RTD,CMIN,11MALADU_G01,G,7/25/2026 12:01:00 AM,7/26/2026,MIN_OPERATING_MW,9.50,
7/25/2026 10:20:00 AM,RTD,CMIN,11MARAMSOL_G01,G,7/25/2026 10:16:00 AM,7/25/2026 10:30:00 AM,MAX_OPERATING_MW,52.14,
7/25/2026 10:20:00 AM,RTD,CMIN,11MARAMSOL_G01,G,7/25/2026 10:16:00 AM,7/25/2026 10:30:00 AM,MIN_OPERATING_MW,52.14,
7/25/2026 10:25:00 AM,RTD,CLUZ,01BARBASOL_G01,G,7/25/2026 10:21:00 AM,7/25/2026 10:25:00 AM,MAX_OPERATING_MW,60.31,
7/25/2026 10:25:00 AM,RTD,CLUZ,01BARBASOL_G01,G,7/25/2026 10:21:00 AM,7/25/2026 10:25:00 AM,MIN_OPERATING_MW,60.31,
7/25/2026 10:25:00 AM,RTD,CLUZ,01BARBASOL_G01,G,7/25/2026 10:26:00 AM,7/25/2026 10:30:00 AM,MAX_OPERATING_MW,61.09,
7/25/2026 10:25:00 AM,RTD,CLUZ,01BARBASOL_G01,G,7/25/2026 10:26:00 AM,7/25/2026 10:30:00 AM,MIN_OPERATING_MW,61.09,
7/25/2026 10:25:00 AM,RTD,CLUZ,01BUGSOL_G01,G,7/25/2026 10:21:00 AM,7/25/2026 10:25:00 AM,MAX_OPERATING_MW,116.30,
7/25/2026 10:25:00 AM,RTD,CLUZ,01BUGSOL_G01,G,7/25/2026 10:21:00 AM,7/25/2026 10:25:00 AM,MIN_OPERATING_MW,116.30,
7/25/2026 10:25:00 AM,RTD,CLUZ,01BUGSOL_G01,G,7/25/2026 10:26:00 AM,7/25/2026 10:30:00 AM,MAX_OPERATING_MW,118.70,
7/25/2026 10:25:00 AM,RTD,CLUZ,01BUGSOL_G01,G,7/25/2026 10:26:00 AM,7/25/2026 10:30:00 AM,MIN_OPERATING_MW,118.70,
7/25/2026 10:25:00 AM,RTD,CLUZ,01BULACSOL_G01,G,7/25/2026 10:01:00 AM,7/25/2026 11:00:00 AM,MAX_OPERATING_MW,3.43,
7/25/2026 10:25:00 AM,RTD,CLUZ,01BULACSOL_G01,G,7/25/2026 10:01:00 AM,7/25/2026 11:00:00 AM,MIN_OPERATING_MW,3.43,
7/25/2026 10:25:00 AM,RTD,CLUZ,01MSINLO_G04,G,7/25/2026 6:51:00 AM,7/26/2026,MAX_OPERATING_MW,150,
7/25/2026 10:25:00 AM,RTD,CLUZ,01MSINLO_G04,G,7/25/2026 6:51:00 AM,7/26/2026,MIN_OPERATING_MW,150,
7/25/2026 10:25:00 AM,RTD,CLUZ,01PASBUSOL_G01,G,7/25/2026 10:01:00 AM,7/25/2026 11:00:00 AM,MAX_OPERATING_MW,23.43,
7/25/2026 10:25:00 AM,RTD,CLUZ,01PASBUSOL_G01,G,7/25/2026 10:01:00 AM,7/25/2026 11:00:00 AM,MIN_OPERATING_MW,23.43,
7/25/2026 10:25:00 AM,RTD,CLUZ,01TERRASOL_G01,G,7/25/2026 9:16:00 AM,7/25/2026 12:15:00 PM,MAX_OPERATING_MW,600,
7/25/2026 10:25:00 AM,RTD,CLUZ,01TERRASOL_G01,G,7/25/2026 9:16:00 AM,7/25/2026 12:15:00 PM,MIN_OPERATING_MW,600,
7/25/2026 10:25:00 AM,RTD,CLUZ,03LUNSOL_G01,G,7/25/2026 10:21:00 AM,7/25/2026 10:25:00 AM,MAX_OPERATING_MW,29.95,
7/25/2026 10:25:00 AM,RTD,CLUZ,03LUNSOL_G01,G,7/25/2026 10:21:00 AM,7/25/2026 10:25:00 AM,MIN_OPERATING_MW,29.95,
7/25/2026 10:25:00 AM,RTD,CLUZ,03LUNSOL_G01,G,7/25/2026 10:26:00 AM,7/25/2026 10:30:00 AM,MAX_OPERATING_MW,30.19,
7/25/2026 10:25:00 AM,RTD,CLUZ,03LUNSOL_G01,G,7/25/2026 10:26:00 AM,7/25/2026 10:30:00 AM,MIN_OPERATING_MW,30.19,
7/25/2026 10:25:00 AM,RTD,CVIS,06SLYSOL_G02,G,7/25/2026 10:01:00 AM,7/25/2026 11:00:00 AM,MAX_OPERATING_MW,9.49,
7/25/2026 10:25:00 AM,RTD,CVIS,06SLYSOL_G02,G,7/25/2026 10:01:00 AM,7/25/2026 11:00:00 AM,MIN_OPERATING_MW,9.49,
7/25/2026 10:25:00 AM,RTD,CVIS,06SLYSOL_G03,G,7/25/2026 10:01:00 AM,7/25/2026 11:00:00 AM,MAX_OPERATING_MW,9.49,
7/25/2026 10:25:00 AM,RTD,CVIS,06SLYSOL_G03,G,7/25/2026 10:01:00 AM,7/25/2026 11:00:00 AM,MIN_OPERATING_MW,9.49,
7/25/2026 10:25:00 AM,RTD,CMIN,10LIAN_G02,G,7/25/2026 12:05:00 AM,7/25/2026 11:59:00 PM,MAX_OPERATING_MW,6,
7/25/2026 10:25:00 AM,RTD,CMIN,10LIAN_G02,G,7/25/2026 12:05:00 AM,7/25/2026 11:59:00 PM,MIN_OPERATING_MW,3,
7/25/2026 10:25:00 AM,RTD,CMIN,11MALADU_G01,G,7/25/2026 12:01:00 AM,7/26/2026,MAX_OPERATING_MW,9.50,
7/25/2026 10:25:00 AM,RTD,CMIN,11MALADU_G01,G,7/25/2026 12:01:00 AM,7/26/2026,MIN_OPERATING_MW,9.50,
7/25/2026 10:25:00 AM,RTD,CMIN,11MARAMSOL_G01,G,7/25/2026 10:16:00 AM,7/25/2026 10:30:00 AM,MAX_OPERATING_MW,52.14,
7/25/2026 10:25:00 AM,RTD,CMIN,11MARAMSOL_G01,G,7/25/2026 10:16:00 AM,7/25/2026 10:30:00 AM,MIN_OPERATING_MW,52.14,
7/25/2026 10:30:00 AM,RTD,CLUZ,01BARBASOL_G01,G,7/25/2026 10:26:00 AM,7/25/2026 10:30:00 AM,MAX_OPERATING_MW,61.09,
7/25/2026 10:30:00 AM,RTD,CLUZ,01BARBASOL_G01,G,7/25/2026 10:26:00 AM,7/25/2026 10:30:00 AM,MIN_OPERATING_MW,61.09,
7/25/2026 10:30:00 AM,RTD,CLUZ,01BARBASOL_G01,G,7/25/2026 10:31:00 AM,7/25/2026 10:35:00 AM,MAX_OPERATING_MW,61.84,
7/25/2026 10:30:00 AM,RTD,CLUZ,01BARBASOL_G01,G,7/25/2026 10:31:00 AM,7/25/2026 10:35:00 AM,MIN_OPERATING_MW,61.84,
7/25/2026 10:30:00 AM,RTD,CLUZ,01BUGSOL_G01,G,7/25/2026 10:26:00 AM,7/25/2026 10:30:00 AM,MAX_OPERATING_MW,118.70,
7/25/2026 10:30:00 AM,RTD,CLUZ,01BUGSOL_G01,G,7/25/2026 10:26:00 AM,7/25/2026 10:30:00 AM,MIN_OPERATING_MW,118.70,
7/25/2026 10:30:00 AM,RTD,CLUZ,01BUGSOL_G01,G,7/25/2026 10:31:00 AM,7/25/2026 10:35:00 AM,MAX_OPERATING_MW,127.40,
7/25/2026 10:30:00 AM,RTD,CLUZ,01BUGSOL_G01,G,7/25/2026 10:31:00 AM,7/25/2026 10:35:00 AM,MIN_OPERATING_MW,127.40,
7/25/2026 10:30:00 AM,RTD,CLUZ,01BULACSOL_G01,G,7/25/2026 10:01:00 AM,7/25/2026 11:00:00 AM,MAX_OPERATING_MW,3.43,
7/25/2026 10:30:00 AM,RTD,CLUZ,01BULACSOL_G01,G,7/25/2026 10:01:00 AM,7/25/2026 11:00:00 AM,MIN_OPERATING_MW,3.43,
7/25/2026 10:30:00 AM,RTD,CLUZ,01MSINLO_G04,G,7/25/2026 6:51:00 AM,7/26/2026,MAX_OPERATING_MW,150,
7/25/2026 10:30:00 AM,RTD,CLUZ,01MSINLO_G04,G,7/25/2026 6:51:00 AM,7/26/2026,MIN_OPERATING_MW,150,
7/25/2026 10:30:00 AM,RTD,CLUZ,01PASBUSOL_G01,G,7/25/2026 10:01:00 AM,7/25/2026 11:00:00 AM,MAX_OPERATING_MW,23.43,
7/25/2026 10:30:00 AM,RTD,CLUZ,01PASBUSOL_G01,G,7/25/2026 10:01:00 AM,7/25/2026 11:00:00 AM,MIN_OPERATING_MW,23.43,
7/25/2026 10:30:00 AM,RTD,CLUZ,01TERRASOL_G01,G,7/25/2026 9:16:00 AM,7/25/2026 12:15:00 PM,MAX_OPERATING_MW,600,
7/25/2026 10:30:00 AM,RTD,CLUZ,01TERRASOL_G01,G,7/25/2026 9:16:00 AM,7/25/2026 12:15:00 PM,MIN_OPERATING_MW,600,
7/25/2026 10:30:00 AM,RTD,CLUZ,03LUNSOL_G01,G,7/25/2026 10:26:00 AM,7/25/2026 10:30:00 AM,MAX_OPERATING_MW,30.19,
7/25/2026 10:30:00 AM,RTD,CLUZ,03LUNSOL_G01,G,7/25/2026 10:26:00 AM,7/25/2026 10:30:00 AM,MIN_OPERATING_MW,30.19,
7/25/2026 10:30:00 AM,RTD,CLUZ,03LUNSOL_G01,G,7/25/2026 10:31:00 AM,7/25/2026 10:35:00 AM,MAX_OPERATING_MW,30.40,
7/25/2026 10:30:00 AM,RTD,CLUZ,03LUNSOL_G01,G,7/25/2026 10:31:00 AM,7/25/2026 10:35:00 AM,MIN_OPERATING_MW,30.40,
7/25/2026 10:30:00 AM,RTD,CVIS,06SLYSOL_G02,G,7/25/2026 10:01:00 AM,7/25/2026 11:00:00 AM,MAX_OPERATING_MW,9.49,
7/25/2026 10:30:00 AM,RTD,CVIS,06SLYSOL_G02,G,7/25/2026 10:01:00 AM,7/25/2026 11:00:00 AM,MIN_OPERATING_MW,9.49,
7/25/2026 10:30:00 AM,RTD,CVIS,06SLYSOL_G03,G,7/25/2026 10:01:00 AM,7/25/2026 11:00:00 AM,MAX_OPERATING_MW,9.49,
7/25/2026 10:30:00 AM,RTD,CVIS,06SLYSOL_G03,G,7/25/2026 10:01:00 AM,7/25/2026 11:00:00 AM,MIN_OPERATING_MW,9.49,
7/25/2026 10:30:00 AM,RTD,CMIN,10LIAN_G02,G,7/25/2026 12:05:00 AM,7/25/2026 11:59:00 PM,MAX_OPERATING_MW,6,
7/25/2026 10:30:00 AM,RTD,CMIN,10LIAN_G02,G,7/25/2026 12:05:00 AM,7/25/2026 11:59:00 PM,MIN_OPERATING_MW,3,
7/25/2026 10:30:00 AM,RTD,CMIN,11MALADU_G01,G,7/25/2026 12:01:00 AM,7/26/2026,MAX_OPERATING_MW,9.50,
7/25/2026 10:30:00 AM,RTD,CMIN,11MALADU_G01,G,7/25/2026 12:01:00 AM,7/26/2026,MIN_OPERATING_MW,9.50,
7/25/2026 10:30:00 AM,RTD,CMIN,11MARAMSOL_G01,G,7/25/2026 10:16:00 AM,7/25/2026 10:30:00 AM,MAX_OPERATING_MW,52.14,
7/25/2026 10:30:00 AM,RTD,CMIN,11MARAMSOL_G01,G,7/25/2026 10:16:00 AM,7/25/2026 10:30:00 AM,MIN_OPERATING_MW,52.14,
7/25/2026 10:30:00 AM,RTD,CMIN,11MARAMSOL_G01,G,7/25/2026 10:31:00 AM,7/25/2026 2:30:00 PM,MAX_OPERATING_MW,52.14,
7/25/2026 10:30:00 AM,RTD,CMIN,11MARAMSOL_G01,G,7/25/2026 10:31:00 AM,7/25/2026 2:30:00 PM,MIN_OPERATING_MW,52.14,
7/25/2026 10:35:00 AM,RTD,CLUZ,01BARBASOL_G01,G,7/25/2026 10:31:00 AM,7/25/2026 10:35:00 AM,MAX_OPERATING_MW,61.84,
7/25/2026 10:35:00 AM,RTD,CLUZ,01BARBASOL_G01,G,7/25/2026 10:31:00 AM,7/25/2026 10:35:00 AM,MIN_OPERATING_MW,61.84,
7/25/2026 10:35:00 AM,RTD,CLUZ,01BARBASOL_G01,G,7/25/2026 10:36:00 AM,7/25/2026 10:40:00 AM,MAX_OPERATING_MW,62.54,
7/25/2026 10:35:00 AM,RTD,CLUZ,01BARBASOL_G01,G,7/25/2026 10:36:00 AM,7/25/2026 10:40:00 AM,MIN_OPERATING_MW,62.54,
7/25/2026 10:35:00 AM,RTD,CLUZ,01BUGSOL_G01,G,7/25/2026 10:31:00 AM,7/25/2026 10:35:00 AM,MAX_OPERATING_MW,400,
7/25/2026 10:35:00 AM,RTD,CLUZ,01BUGSOL_G01,G,7/25/2026 10:31:00 AM,7/25/2026 10:35:00 AM,MIN_OPERATING_MW,400,
7/25/2026 10:35:00 AM,RTD,CLUZ,01BUGSOL_G01,G,7/25/2026 10:36:00 AM,7/25/2026 10:40:00 AM,MAX_OPERATING_MW,400,
7/25/2026 10:35:00 AM,RTD,CLUZ,01BUGSOL_G01,G,7/25/2026 10:36:00 AM,7/25/2026 10:40:00 AM,MIN_OPERATING_MW,400,
7/25/2026 10:35:00 AM,RTD,CLUZ,01BULACSOL_G01,G,7/25/2026 10:01:00 AM,7/25/2026 11:00:00 AM,MAX_OPERATING_MW,3.43,
7/25/2026 10:35:00 AM,RTD,CLUZ,01BULACSOL_G01,G,7/25/2026 10:01:00 AM,7/25/2026 11:00:00 AM,MIN_OPERATING_MW,3.43,
7/25/2026 10:35:00 AM,RTD,CLUZ,01MSINLO_G04,G,7/25/2026 6:51:00 AM,7/26/2026,MAX_OPERATING_MW,150,
7/25/2026 10:35:00 AM,RTD,CLUZ,01MSINLO_G04,G,7/25/2026 6:51:00 AM,7/26/2026,MIN_OPERATING_MW,150,
7/25/2026 10:35:00 AM,RTD,CLUZ,01PASBUSOL_G01,G,7/25/2026 10:01:00 AM,7/25/2026 11:00:00 AM,MAX_OPERATING_MW,23.43,
7/25/2026 10:35:00 AM,RTD,CLUZ,01PASBUSOL_G01,G,7/25/2026 10:01:00 AM,7/25/2026 11:00:00 AM,MIN_OPERATING_MW,23.43,
7/25/2026 10:35:00 AM,RTD,CLUZ,01TERRASOL_G01,G,7/25/2026 9:16:00 AM,7/25/2026 12:15:00 PM,MAX_OPERATING_MW,600,
7/25/2026 10:35:00 AM,RTD,CLUZ,01TERRASOL_G01,G,7/25/2026 9:16:00 AM,7/25/2026 12:15:00 PM,MIN_OPERATING_MW,600,
7/25/2026 10:35:00 AM,RTD,CLUZ,03LUNSOL_G01,G,7/25/2026 10:31:00 AM,7/25/2026 10:35:00 AM,MAX_OPERATING_MW,30.40,
7/25/2026 10:35:00 AM,RTD,CLUZ,03LUNSOL_G01,G,7/25/2026 10:31:00 AM,7/25/2026 10:35:00 AM,MIN_OPERATING_MW,30.40,
7/25/2026 10:35:00 AM,RTD,CLUZ,03LUNSOL_G01,G,7/25/2026 10:36:00 AM,7/25/2026 10:40:00 AM,MAX_OPERATING_MW,30.60,
7/25/2026 10:35:00 AM,RTD,CLUZ,03LUNSOL_G01,G,7/25/2026 10:36:00 AM,7/25/2026 10:40:00 AM,MIN_OPERATING_MW,30.60,
7/25/2026 10:35:00 AM,RTD,CVIS,06SLYSOL_G02,G,7/25/2026 10:01:00 AM,7/25/2026 11:00:00 AM,MAX_OPERATING_MW,9.49,
7/25/2026 10:35:00 AM,RTD,CVIS,06SLYSOL_G02,G,7/25/2026 10:01:00 AM,7/25/2026 11:00:00 AM,MIN_OPERATING_MW,9.49,
7/25/2026 10:35:00 AM,RTD,CVIS,06SLYSOL_G03,G,7/25/2026 10:01:00 AM,7/25/2026 11:00:00 AM,MAX_OPERATING_MW,9.49,
7/25/2026 10:35:00 AM,RTD,CVIS,06SLYSOL_G03,G,7/25/2026 10:01:00 AM,7/25/2026 11:00:00 AM,MIN_OPERATING_MW,9.49,
7/25/2026 10:35:00 AM,RTD,CMIN,10LIAN_G02,G,7/25/2026 12:05:00 AM,7/25/2026 11:59:00 PM,MAX_OPERATING_MW,6,
7/25/2026 10:35:00 AM,RTD,CMIN,10LIAN_G02,G,7/25/2026 12:05:00 AM,7/25/2026 11:59:00 PM,MIN_OPERATING_MW,3,
7/25/2026 10:35:00 AM,RTD,CMIN,11MALADU_G01,G,7/25/2026 12:01:00 AM,7/26/2026,MAX_OPERATING_MW,9.50,
7/25/2026 10:35:00 AM,RTD,CMIN,11MALADU_G01,G,7/25/2026 12:01:00 AM,7/26/2026,MIN_OPERATING_MW,9.50,
7/25/2026 10:35:00 AM,RTD,CMIN,11MARAMSOL_G01,G,7/25/2026 10:31:00 AM,7/25/2026 2:30:00 PM,MAX_OPERATING_MW,52.14,
7/25/2026 10:35:00 AM,RTD,CMIN,11MARAMSOL_G01,G,7/25/2026 10:31:00 AM,7/25/2026 2:30:00 PM,MIN_OPERATING_MW,52.14,
7/25/2026 10:40:00 AM,RTD,CLUZ,01BARBASOL_G01,G,7/25/2026 10:36:00 AM,7/25/2026 10:40:00 AM,MAX_OPERATING_MW,62.54,
7/25/2026 10:40:00 AM,RTD,CLUZ,01BARBASOL_G01,G,7/25/2026 10:36:00 AM,7/25/2026 10:40:00 AM,MIN_OPERATING_MW,62.54,
7/25/2026 10:40:00 AM,RTD,CLUZ,01BARBASOL_G01,G,7/25/2026 10:41:00 AM,7/25/2026 10:45:00 AM,MAX_OPERATING_MW,63.19,
7/25/2026 10:40:00 AM,RTD,CLUZ,01BARBASOL_G01,G,7/25/2026 10:41:00 AM,7/25/2026 10:45:00 AM,MIN_OPERATING_MW,63.19,
7/25/2026 10:40:00 AM,RTD,CLUZ,01BUGSOL_G01,G,7/25/2026 10:36:00 AM,7/25/2026 10:40:00 AM,MAX_OPERATING_MW,400,
7/25/2026 10:40:00 AM,RTD,CLUZ,01BUGSOL_G01,G,7/25/2026 10:36:00 AM,7/25/2026 10:40:00 AM,MIN_OPERATING_MW,400,
7/25/2026 10:40:00 AM,RTD,CLUZ,01BUGSOL_G01,G,7/25/2026 10:41:00 AM,7/25/2026 10:45:00 AM,MAX_OPERATING_MW,400,
7/25/2026 10:40:00 AM,RTD,CLUZ,01BUGSOL_G01,G,7/25/2026 10:41:00 AM,7/25/2026 10:45:00 AM,MIN_OPERATING_MW,400,
7/25/2026 10:40:00 AM,RTD,CLUZ,01BULACSOL_G01,G,7/25/2026 10:01:00 AM,7/25/2026 11:00:00 AM,MAX_OPERATING_MW,3.43,
7/25/2026 10:40:00 AM,RTD,CLUZ,01BULACSOL_G01,G,7/25/2026 10:01:00 AM,7/25/2026 11:00:00 AM,MIN_OPERATING_MW,3.43,
7/25/2026 10:40:00 AM,RTD,CLUZ,01MSINLO_G04,G,7/25/2026 6:51:00 AM,7/26/2026,MAX_OPERATING_MW,150,
7/25/2026 10:40:00 AM,RTD,CLUZ,01MSINLO_G04,G,7/25/2026 6:51:00 AM,7/26/2026,MIN_OPERATING_MW,150,
7/25/2026 10:40:00 AM,RTD,CLUZ,01PASBUSOL_G01,G,7/25/2026 10:01:00 AM,7/25/2026 11:00:00 AM,MAX_OPERATING_MW,23.43,
7/25/2026 10:40:00 AM,RTD,CLUZ,01PASBUSOL_G01,G,7/25/2026 10:01:00 AM,7/25/2026 11:00:00 AM,MIN_OPERATING_MW,23.43,
7/25/2026 10:40:00 AM,RTD,CLUZ,01TERRASOL_G01,G,7/25/2026 9:16:00 AM,7/25/2026 12:15:00 PM,MAX_OPERATING_MW,600,
7/25/2026 10:40:00 AM,RTD,CLUZ,01TERRASOL_G01,G,7/25/2026 9:16:00 AM,7/25/2026 12:15:00 PM,MIN_OPERATING_MW,600,
7/25/2026 10:40:00 AM,RTD,CLUZ,03LUNSOL_G01,G,7/25/2026 10:36:00 AM,7/25/2026 10:40:00 AM,MAX_OPERATING_MW,30.60,
7/25/2026 10:40:00 AM,RTD,CLUZ,03LUNSOL_G01,G,7/25/2026 10:36:00 AM,7/25/2026 10:40:00 AM,MIN_OPERATING_MW,30.60,
7/25/2026 10:40:00 AM,RTD,CLUZ,03LUNSOL_G01,G,7/25/2026 10:41:00 AM,7/25/2026 10:45:00 AM,MAX_OPERATING_MW,30.77,
7/25/2026 10:40:00 AM,RTD,CLUZ,03LUNSOL_G01,G,7/25/2026 10:41:00 AM,7/25/2026 10:45:00 AM,MIN_OPERATING_MW,30.77,
7/25/2026 10:40:00 AM,RTD,CVIS,06SLYSOL_G02,G,7/25/2026 10:01:00 AM,7/25/2026 11:00:00 AM,MAX_OPERATING_MW,9.49,
7/25/2026 10:40:00 AM,RTD,CVIS,06SLYSOL_G02,G,7/25/2026 10:01:00 AM,7/25/2026 11:00:00 AM,MIN_OPERATING_MW,9.49,
7/25/2026 10:40:00 AM,RTD,CVIS,06SLYSOL_G03,G,7/25/2026 10:01:00 AM,7/25/2026 11:00:00 AM,MAX_OPERATING_MW,9.49,
7/25/2026 10:40:00 AM,RTD,CVIS,06SLYSOL_G03,G,7/25/2026 10:01:00 AM,7/25/2026 11:00:00 AM,MIN_OPERATING_MW,9.49,
7/25/2026 10:40:00 AM,RTD,CMIN,10LIAN_G02,G,7/25/2026 12:05:00 AM,7/25/2026 11:59:00 PM,MAX_OPERATING_MW,6,
7/25/2026 10:40:00 AM,RTD,CMIN,10LIAN_G02,G,7/25/2026 12:05:00 AM,7/25/2026 11:59:00 PM,MIN_OPERATING_MW,3,
7/25/2026 10:40:00 AM,RTD,CMIN,11MALADU_G01,G,7/25/2026 12:01:00 AM,7/26/2026,MAX_OPERATING_MW,9.50,
7/25/2026 10:40:00 AM,RTD,CMIN,11MALADU_G01,G,7/25/2026 12:01:00 AM,7/26/2026,MIN_OPERATING_MW,9.50,
7/25/2026 10:40:00 AM,RTD,CMIN,11MARAMSOL_G01,G,7/25/2026 10:31:00 AM,7/25/2026 2:30:00 PM,MAX_OPERATING_MW,52.14,
7/25/2026 10:40:00 AM,RTD,CMIN,11MARAMSOL_G01,G,7/25/2026 10:31:00 AM,7/25/2026 2:30:00 PM,MIN_OPERATING_MW,52.14,
7/25/2026 10:45:00 AM,RTD,CLUZ,01BARBASOL_G01,G,7/25/2026 10:41:00 AM,7/25/2026 10:45:00 AM,MAX_OPERATING_MW,63.19,
7/25/2026 10:45:00 AM,RTD,CLUZ,01BARBASOL_G01,G,7/25/2026 10:41:00 AM,7/25/2026 10:45:00 AM,MIN_OPERATING_MW,63.19,
7/25/2026 10:45:00 AM,RTD,CLUZ,01BARBASOL_G01,G,7/25/2026 10:46:00 AM,7/25/2026 10:50:00 AM,MAX_OPERATING_MW,63.77,
7/25/2026 10:45:00 AM,RTD,CLUZ,01BARBASOL_G01,G,7/25/2026 10:46:00 AM,7/25/2026 10:50:00 AM,MIN_OPERATING_MW,63.77,
7/25/2026 10:45:00 AM,RTD,CLUZ,01BUGSOL_G01,G,7/25/2026 10:41:00 AM,7/25/2026 10:45:00 AM,MAX_OPERATING_MW,400,
7/25/2026 10:45:00 AM,RTD,CLUZ,01BUGSOL_G01,G,7/25/2026 10:41:00 AM,7/25/2026 10:45:00 AM,MIN_OPERATING_MW,400,
7/25/2026 10:45:00 AM,RTD,CLUZ,01BUGSOL_G01,G,7/25/2026 10:46:00 AM,7/25/2026 10:50:00 AM,MAX_OPERATING_MW,400,
7/25/2026 10:45:00 AM,RTD,CLUZ,01BUGSOL_G01,G,7/25/2026 10:46:00 AM,7/25/2026 10:50:00 AM,MIN_OPERATING_MW,400,
7/25/2026 10:45:00 AM,RTD,CLUZ,01BULACSOL_G01,G,7/25/2026 10:01:00 AM,7/25/2026 11:00:00 AM,MAX_OPERATING_MW,3.43,
7/25/2026 10:45:00 AM,RTD,CLUZ,01BULACSOL_G01,G,7/25/2026 10:01:00 AM,7/25/2026 11:00:00 AM,MIN_OPERATING_MW,3.43,
7/25/2026 10:45:00 AM,RTD,CLUZ,01MSINLO_G04,G,7/25/2026 6:51:00 AM,7/26/2026,MAX_OPERATING_MW,150,
7/25/2026 10:45:00 AM,RTD,CLUZ,01MSINLO_G04,G,7/25/2026 6:51:00 AM,7/26/2026,MIN_OPERATING_MW,150,
7/25/2026 10:45:00 AM,RTD,CLUZ,01PASBUSOL_G01,G,7/25/2026 10:01:00 AM,7/25/2026 11:00:00 AM,MAX_OPERATING_MW,23.43,
7/25/2026 10:45:00 AM,RTD,CLUZ,01PASBUSOL_G01,G,7/25/2026 10:01:00 AM,7/25/2026 11:00:00 AM,MIN_OPERATING_MW,23.43,
7/25/2026 10:45:00 AM,RTD,CLUZ,01TERRASOL_G01,G,7/25/2026 9:16:00 AM,7/25/2026 12:15:00 PM,MAX_OPERATING_MW,600,
7/25/2026 10:45:00 AM,RTD,CLUZ,01TERRASOL_G01,G,7/25/2026 9:16:00 AM,7/25/2026 12:15:00 PM,MIN_OPERATING_MW,600,
7/25/2026 10:45:00 AM,RTD,CLUZ,03LUNSOL_G01,G,7/25/2026 10:41:00 AM,7/25/2026 10:45:00 AM,MAX_OPERATING_MW,30.77,
7/25/2026 10:45:00 AM,RTD,CLUZ,03LUNSOL_G01,G,7/25/2026 10:41:00 AM,7/25/2026 10:45:00 AM,MIN_OPERATING_MW,30.77,
7/25/2026 10:45:00 AM,RTD,CLUZ,03LUNSOL_G01,G,7/25/2026 10:46:00 AM,7/25/2026 10:50:00 AM,MAX_OPERATING_MW,30.94,
7/25/2026 10:45:00 AM,RTD,CLUZ,03LUNSOL_G01,G,7/25/2026 10:46:00 AM,7/25/2026 10:50:00 AM,MIN_OPERATING_MW,30.94,
7/25/2026 10:45:00 AM,RTD,CVIS,06SLYSOL_G02,G,7/25/2026 10:01:00 AM,7/25/2026 11:00:00 AM,MAX_OPERATING_MW,9.49,
7/25/2026 10:45:00 AM,RTD,CVIS,06SLYSOL_G02,G,7/25/2026 10:01:00 AM,7/25/2026 11:00:00 AM,MIN_OPERATING_MW,9.49,
7/25/2026 10:45:00 AM,RTD,CVIS,06SLYSOL_G03,G,7/25/2026 10:01:00 AM,7/25/2026 11:00:00 AM,MAX_OPERATING_MW,9.49,
7/25/2026 10:45:00 AM,RTD,CVIS,06SLYSOL_G03,G,7/25/2026 10:01:00 AM,7/25/2026 11:00:00 AM,MIN_OPERATING_MW,9.49,
7/25/2026 10:45:00 AM,RTD,CMIN,10LIAN_G02,G,7/25/2026 12:05:00 AM,7/25/2026 11:59:00 PM,MAX_OPERATING_MW,6,
7/25/2026 10:45:00 AM,RTD,CMIN,10LIAN_G02,G,7/25/2026 12:05:00 AM,7/25/2026 11:59:00 PM,MIN_OPERATING_MW,3,
7/25/2026 10:45:00 AM,RTD,CMIN,11MALADU_G01,G,7/25/2026 12:01:00 AM,7/26/2026,MAX_OPERATING_MW,9.50,
7/25/2026 10:45:00 AM,RTD,CMIN,11MALADU_G01,G,7/25/2026 12:01:00 AM,7/26/2026,MIN_OPERATING_MW,9.50,
7/25/2026 10:45:00 AM,RTD,CMIN,11MARAMSOL_G01,G,7/25/2026 10:31:00 AM,7/25/2026 2:30:00 PM,MAX_OPERATING_MW,52.14,
7/25/2026 10:45:00 AM,RTD,CMIN,11MARAMSOL_G01,G,7/25/2026 10:31:00 AM,7/25/2026 2:30:00 PM,MIN_OPERATING_MW,52.14,
7/25/2026 10:50:00 AM,RTD,CLUZ,01BARBASOL_G01,G,7/25/2026 10:46:00 AM,7/25/2026 10:50:00 AM,MAX_OPERATING_MW,63.77,
7/25/2026 10:50:00 AM,RTD,CLUZ,01BARBASOL_G01,G,7/25/2026 10:46:00 AM,7/25/2026 10:50:00 AM,MIN_OPERATING_MW,63.77,
7/25/2026 10:50:00 AM,RTD,CLUZ,01BARBASOL_G01,G,7/25/2026 10:51:00 AM,7/25/2026 10:55:00 AM,MAX_OPERATING_MW,64.29,
7/25/2026 10:50:00 AM,RTD,CLUZ,01BARBASOL_G01,G,7/25/2026 10:51:00 AM,7/25/2026 10:55:00 AM,MIN_OPERATING_MW,64.29,
7/25/2026 10:50:00 AM,RTD,CLUZ,01BUGSOL_G01,G,7/25/2026 10:46:00 AM,7/25/2026 10:50:00 AM,MAX_OPERATING_MW,400,
7/25/2026 10:50:00 AM,RTD,CLUZ,01BUGSOL_G01,G,7/25/2026 10:46:00 AM,7/25/2026 10:50:00 AM,MIN_OPERATING_MW,400,
7/25/2026 10:50:00 AM,RTD,CLUZ,01BUGSOL_G01,G,7/25/2026 10:51:00 AM,7/25/2026 10:55:00 AM,MAX_OPERATING_MW,400,
7/25/2026 10:50:00 AM,RTD,CLUZ,01BUGSOL_G01,G,7/25/2026 10:51:00 AM,7/25/2026 10:55:00 AM,MIN_OPERATING_MW,400,
7/25/2026 10:50:00 AM,RTD,CLUZ,01BULACSOL_G01,G,7/25/2026 10:01:00 AM,7/25/2026 11:00:00 AM,MAX_OPERATING_MW,3.43,
7/25/2026 10:50:00 AM,RTD,CLUZ,01BULACSOL_G01,G,7/25/2026 10:01:00 AM,7/25/2026 11:00:00 AM,MIN_OPERATING_MW,3.43,
7/25/2026 10:50:00 AM,RTD,CLUZ,01MSINLO_G04,G,7/25/2026 6:51:00 AM,7/26/2026,MAX_OPERATING_MW,150,
7/25/2026 10:50:00 AM,RTD,CLUZ,01MSINLO_G04,G,7/25/2026 6:51:00 AM,7/26/2026,MIN_OPERATING_MW,150,
7/25/2026 10:50:00 AM,RTD,CLUZ,01PASBUSOL_G01,G,7/25/2026 10:01:00 AM,7/25/2026 11:00:00 AM,MAX_OPERATING_MW,23.43,
7/25/2026 10:50:00 AM,RTD,CLUZ,01PASBUSOL_G01,G,7/25/2026 10:01:00 AM,7/25/2026 11:00:00 AM,MIN_OPERATING_MW,23.43,
7/25/2026 10:50:00 AM,RTD,CLUZ,01TERRASOL_G01,G,7/25/2026 9:16:00 AM,7/25/2026 12:15:00 PM,MAX_OPERATING_MW,600,
7/25/2026 10:50:00 AM,RTD,CLUZ,01TERRASOL_G01,G,7/25/2026 9:16:00 AM,7/25/2026 12:15:00 PM,MIN_OPERATING_MW,600,
7/25/2026 10:50:00 AM,RTD,CLUZ,03LUNSOL_G01,G,7/25/2026 10:46:00 AM,7/25/2026 10:50:00 AM,MAX_OPERATING_MW,30.94,
7/25/2026 10:50:00 AM,RTD,CLUZ,03LUNSOL_G01,G,7/25/2026 10:46:00 AM,7/25/2026 10:50:00 AM,MIN_OPERATING_MW,30.94,
7/25/2026 10:50:00 AM,RTD,CLUZ,03LUNSOL_G01,G,7/25/2026 10:51:00 AM,7/25/2026 10:55:00 AM,MAX_OPERATING_MW,31.09,
7/25/2026 10:50:00 AM,RTD,CLUZ,03LUNSOL_G01,G,7/25/2026 10:51:00 AM,7/25/2026 10:55:00 AM,MIN_OPERATING_MW,31.09,
7/25/2026 10:50:00 AM,RTD,CVIS,06SLYSOL_G02,G,7/25/2026 10:01:00 AM,7/25/2026 11:00:00 AM,MAX_OPERATING_MW,9.49,
7/25/2026 10:50:00 AM,RTD,CVIS,06SLYSOL_G02,G,7/25/2026 10:01:00 AM,7/25/2026 11:00:00 AM,MIN_OPERATING_MW,9.49,
7/25/2026 10:50:00 AM,RTD,CVIS,06SLYSOL_G03,G,7/25/2026 10:01:00 AM,7/25/2026 11:00:00 AM,MAX_OPERATING_MW,9.49,
7/25/2026 10:50:00 AM,RTD,CVIS,06SLYSOL_G03,G,7/25/2026 10:01:00 AM,7/25/2026 11:00:00 AM,MIN_OPERATING_MW,9.49,
7/25/2026 10:50:00 AM,RTD,CMIN,10LIAN_G02,G,7/25/2026 12:05:00 AM,7/25/2026 11:59:00 PM,MAX_OPERATING_MW,6,
7/25/2026 10:50:00 AM,RTD,CMIN,10LIAN_G02,G,7/25/2026 12:05:00 AM,7/25/2026 11:59:00 PM,MIN_OPERATING_MW,3,
7/25/2026 10:50:00 AM,RTD,CMIN,11MALADU_G01,G,7/25/2026 12:01:00 AM,7/26/2026,MAX_OPERATING_MW,9.50,
7/25/2026 10:50:00 AM,RTD,CMIN,11MALADU_G01,G,7/25/2026 12:01:00 AM,7/26/2026,MIN_OPERATING_MW,9.50,
7/25/2026 10:50:00 AM,RTD,CMIN,11MARAMSOL_G01,G,7/25/2026 10:31:00 AM,7/25/2026 2:30:00 PM,MAX_OPERATING_MW,52.14,
7/25/2026 10:50:00 AM,RTD,CMIN,11MARAMSOL_G01,G,7/25/2026 10:31:00 AM,7/25/2026 2:30:00 PM,MIN_OPERATING_MW,52.14,
7/25/2026 10:55:00 AM,RTD,CLUZ,01BARBASOL_G01,G,7/25/2026 10:51:00 AM,7/25/2026 10:55:00 AM,MAX_OPERATING_MW,64.29,
7/25/2026 10:55:00 AM,RTD,CLUZ,01BARBASOL_G01,G,7/25/2026 10:51:00 AM,7/25/2026 10:55:00 AM,MIN_OPERATING_MW,64.29,
7/25/2026 10:55:00 AM,RTD,CLUZ,01BARBASOL_G01,G,7/25/2026 10:56:00 AM,7/25/2026 11:00:00 AM,MAX_OPERATING_MW,64.73,
7/25/2026 10:55:00 AM,RTD,CLUZ,01BARBASOL_G01,G,7/25/2026 10:56:00 AM,7/25/2026 11:00:00 AM,MIN_OPERATING_MW,64.73,
7/25/2026 10:55:00 AM,RTD,CLUZ,01BUGSOL_G01,G,7/25/2026 10:51:00 AM,7/25/2026 10:55:00 AM,MAX_OPERATING_MW,400,
7/25/2026 10:55:00 AM,RTD,CLUZ,01BUGSOL_G01,G,7/25/2026 10:51:00 AM,7/25/2026 10:55:00 AM,MIN_OPERATING_MW,400,
7/25/2026 10:55:00 AM,RTD,CLUZ,01BUGSOL_G01,G,7/25/2026 10:56:00 AM,7/25/2026 11:00:00 AM,MAX_OPERATING_MW,400,
7/25/2026 10:55:00 AM,RTD,CLUZ,01BUGSOL_G01,G,7/25/2026 10:56:00 AM,7/25/2026 11:00:00 AM,MIN_OPERATING_MW,400,
7/25/2026 10:55:00 AM,RTD,CLUZ,01BULACSOL_G01,G,7/25/2026 10:01:00 AM,7/25/2026 11:00:00 AM,MAX_OPERATING_MW,3.43,
7/25/2026 10:55:00 AM,RTD,CLUZ,01BULACSOL_G01,G,7/25/2026 10:01:00 AM,7/25/2026 11:00:00 AM,MIN_OPERATING_MW,3.43,
7/25/2026 10:55:00 AM,RTD,CLUZ,01MSINLO_G04,G,7/25/2026 6:51:00 AM,7/26/2026,MAX_OPERATING_MW,150,
7/25/2026 10:55:00 AM,RTD,CLUZ,01MSINLO_G04,G,7/25/2026 6:51:00 AM,7/26/2026,MIN_OPERATING_MW,150,
7/25/2026 10:55:00 AM,RTD,CLUZ,01PASBUSOL_G01,G,7/25/2026 10:01:00 AM,7/25/2026 11:00:00 AM,MAX_OPERATING_MW,23.43,
7/25/2026 10:55:00 AM,RTD,CLUZ,01PASBUSOL_G01,G,7/25/2026 10:01:00 AM,7/25/2026 11:00:00 AM,MIN_OPERATING_MW,23.43,
7/25/2026 10:55:00 AM,RTD,CLUZ,01TERRASOL_G01,G,7/25/2026 9:16:00 AM,7/25/2026 12:15:00 PM,MAX_OPERATING_MW,600,
7/25/2026 10:55:00 AM,RTD,CLUZ,01TERRASOL_G01,G,7/25/2026 9:16:00 AM,7/25/2026 12:15:00 PM,MIN_OPERATING_MW,600,
7/25/2026 10:55:00 AM,RTD,CLUZ,03LUNSOL_G01,G,7/25/2026 10:51:00 AM,7/25/2026 10:55:00 AM,MAX_OPERATING_MW,31.09,
7/25/2026 10:55:00 AM,RTD,CLUZ,03LUNSOL_G01,G,7/25/2026 10:51:00 AM,7/25/2026 10:55:00 AM,MIN_OPERATING_MW,31.09,
7/25/2026 10:55:00 AM,RTD,CLUZ,03LUNSOL_G01,G,7/25/2026 10:56:00 AM,7/25/2026 11:00:00 AM,MAX_OPERATING_MW,31.22,
7/25/2026 10:55:00 AM,RTD,CLUZ,03LUNSOL_G01,G,7/25/2026 10:56:00 AM,7/25/2026 11:00:00 AM,MIN_OPERATING_MW,31.22,
7/25/2026 10:55:00 AM,RTD,CVIS,06SLYSOL_G02,G,7/25/2026 10:01:00 AM,7/25/2026 11:00:00 AM,MAX_OPERATING_MW,9.49,
7/25/2026 10:55:00 AM,RTD,CVIS,06SLYSOL_G02,G,7/25/2026 10:01:00 AM,7/25/2026 11:00:00 AM,MIN_OPERATING_MW,9.49,
7/25/2026 10:55:00 AM,RTD,CVIS,06SLYSOL_G03,G,7/25/2026 10:01:00 AM,7/25/2026 11:00:00 AM,MAX_OPERATING_MW,9.49,
7/25/2026 10:55:00 AM,RTD,CVIS,06SLYSOL_G03,G,7/25/2026 10:01:00 AM,7/25/2026 11:00:00 AM,MIN_OPERATING_MW,9.49,
7/25/2026 10:55:00 AM,RTD,CMIN,10LIAN_G02,G,7/25/2026 12:05:00 AM,7/25/2026 11:59:00 PM,MAX_OPERATING_MW,6,
7/25/2026 10:55:00 AM,RTD,CMIN,10LIAN_G02,G,7/25/2026 12:05:00 AM,7/25/2026 11:59:00 PM,MIN_OPERATING_MW,3,
7/25/2026 10:55:00 AM,RTD,CMIN,11MALADU_G01,G,7/25/2026 12:01:00 AM,7/26/2026,MAX_OPERATING_MW,9.50,
7/25/2026 10:55:00 AM,RTD,CMIN,11MALADU_G01,G,7/25/2026 12:01:00 AM,7/26/2026,MIN_OPERATING_MW,9.50,
7/25/2026 10:55:00 AM,RTD,CMIN,11MARAMSOL_G01,G,7/25/2026 10:31:00 AM,7/25/2026 2:30:00 PM,MAX_OPERATING_MW,52.14,
7/25/2026 10:55:00 AM,RTD,CMIN,11MARAMSOL_G01,G,7/25/2026 10:31:00 AM,7/25/2026 2:30:00 PM,MIN_OPERATING_MW,52.14,
7/25/2026 11:00:00 AM,RTD,CLUZ,01BARBASOL_G01,G,7/25/2026 10:56:00 AM,7/25/2026 11:00:00 AM,MAX_OPERATING_MW,64.73,
7/25/2026 11:00:00 AM,RTD,CLUZ,01BARBASOL_G01,G,7/25/2026 10:56:00 AM,7/25/2026 11:00:00 AM,MIN_OPERATING_MW,64.73,
7/25/2026 11:00:00 AM,RTD,CLUZ,01BARBASOL_G01,G,7/25/2026 11:01:00 AM,7/25/2026 11:05:00 AM,MAX_OPERATING_MW,65.02,
7/25/2026 11:00:00 AM,RTD,CLUZ,01BARBASOL_G01,G,7/25/2026 11:01:00 AM,7/25/2026 11:05:00 AM,MIN_OPERATING_MW,65.02,
7/25/2026 11:00:00 AM,RTD,CLUZ,01BUGSOL_G01,G,7/25/2026 10:56:00 AM,7/25/2026 11:00:00 AM,MAX_OPERATING_MW,400,
7/25/2026 11:00:00 AM,RTD,CLUZ,01BUGSOL_G01,G,7/25/2026 10:56:00 AM,7/25/2026 11:00:00 AM,MIN_OPERATING_MW,400,
7/25/2026 11:00:00 AM,RTD,CLUZ,01BUGSOL_G01,G,7/25/2026 11:01:00 AM,7/25/2026 11:05:00 AM,MAX_OPERATING_MW,360,
7/25/2026 11:00:00 AM,RTD,CLUZ,01BUGSOL_G01,G,7/25/2026 11:01:00 AM,7/25/2026 11:05:00 AM,MIN_OPERATING_MW,360,
7/25/2026 11:00:00 AM,RTD,CLUZ,01BULACSOL_G01,G,7/25/2026 10:01:00 AM,7/25/2026 11:00:00 AM,MAX_OPERATING_MW,3.43,
7/25/2026 11:00:00 AM,RTD,CLUZ,01BULACSOL_G01,G,7/25/2026 10:01:00 AM,7/25/2026 11:00:00 AM,MIN_OPERATING_MW,3.43,
7/25/2026 11:00:00 AM,RTD,CLUZ,01BULACSOL_G01,G,7/25/2026 11:01:00 AM,7/25/2026 12:00:00 PM,MAX_OPERATING_MW,3.50,
7/25/2026 11:00:00 AM,RTD,CLUZ,01BULACSOL_G01,G,7/25/2026 11:01:00 AM,7/25/2026 12:00:00 PM,MIN_OPERATING_MW,3.50,
7/25/2026 11:00:00 AM,RTD,CLUZ,01MSINLO_G04,G,7/25/2026 6:51:00 AM,7/26/2026,MAX_OPERATING_MW,150,
7/25/2026 11:00:00 AM,RTD,CLUZ,01MSINLO_G04,G,7/25/2026 6:51:00 AM,7/26/2026,MIN_OPERATING_MW,150,
7/25/2026 11:00:00 AM,RTD,CLUZ,01PASBUSOL_G01,G,7/25/2026 10:01:00 AM,7/25/2026 11:00:00 AM,MAX_OPERATING_MW,23.43,
7/25/2026 11:00:00 AM,RTD,CLUZ,01PASBUSOL_G01,G,7/25/2026 10:01:00 AM,7/25/2026 11:00:00 AM,MIN_OPERATING_MW,23.43,
7/25/2026 11:00:00 AM,RTD,CLUZ,01PASBUSOL_G01,G,7/25/2026 11:01:00 AM,7/25/2026 12:00:00 PM,MAX_OPERATING_MW,25.09,
7/25/2026 11:00:00 AM,RTD,CLUZ,01PASBUSOL_G01,G,7/25/2026 11:01:00 AM,7/25/2026 12:00:00 PM,MIN_OPERATING_MW,25.09,
7/25/2026 11:00:00 AM,RTD,CLUZ,01TERRASOL_G01,G,7/25/2026 9:16:00 AM,7/25/2026 12:15:00 PM,MAX_OPERATING_MW,600,
7/25/2026 11:00:00 AM,RTD,CLUZ,01TERRASOL_G01,G,7/25/2026 9:16:00 AM,7/25/2026 12:15:00 PM,MIN_OPERATING_MW,600,
7/25/2026 11:00:00 AM,RTD,CLUZ,03LUNSOL_G01,G,7/25/2026 10:56:00 AM,7/25/2026 11:00:00 AM,MAX_OPERATING_MW,31.22,
7/25/2026 11:00:00 AM,RTD,CLUZ,03LUNSOL_G01,G,7/25/2026 10:56:00 AM,7/25/2026 11:00:00 AM,MIN_OPERATING_MW,31.22,
7/25/2026 11:00:00 AM,RTD,CLUZ,03LUNSOL_G01,G,7/25/2026 11:01:00 AM,7/25/2026 11:05:00 AM,MAX_OPERATING_MW,31.34,
7/25/2026 11:00:00 AM,RTD,CLUZ,03LUNSOL_G01,G,7/25/2026 11:01:00 AM,7/25/2026 11:05:00 AM,MIN_OPERATING_MW,31.34,
7/25/2026 11:00:00 AM,RTD,CVIS,06SLYSOL_G02,G,7/25/2026 10:01:00 AM,7/25/2026 11:00:00 AM,MAX_OPERATING_MW,9.49,
7/25/2026 11:00:00 AM,RTD,CVIS,06SLYSOL_G02,G,7/25/2026 10:01:00 AM,7/25/2026 11:00:00 AM,MIN_OPERATING_MW,9.49,
7/25/2026 11:00:00 AM,RTD,CVIS,06SLYSOL_G02,G,7/25/2026 11:01:00 AM,7/25/2026 12:00:00 PM,MAX_OPERATING_MW,9.55,
7/25/2026 11:00:00 AM,RTD,CVIS,06SLYSOL_G02,G,7/25/2026 11:01:00 AM,7/25/2026 12:00:00 PM,MIN_OPERATING_MW,9.55,
7/25/2026 11:00:00 AM,RTD,CVIS,06SLYSOL_G03,G,7/25/2026 10:01:00 AM,7/25/2026 11:00:00 AM,MAX_OPERATING_MW,9.49,
7/25/2026 11:00:00 AM,RTD,CVIS,06SLYSOL_G03,G,7/25/2026 10:01:00 AM,7/25/2026 11:00:00 AM,MIN_OPERATING_MW,9.49,
7/25/2026 11:00:00 AM,RTD,CVIS,06SLYSOL_G03,G,7/25/2026 11:01:00 AM,7/25/2026 12:00:00 PM,MAX_OPERATING_MW,9.50,
7/25/2026 11:00:00 AM,RTD,CVIS,06SLYSOL_G03,G,7/25/2026 11:01:00 AM,7/25/2026 12:00:00 PM,MIN_OPERATING_MW,9.50,
7/25/2026 11:00:00 AM,RTD,CMIN,10LIAN_G02,G,7/25/2026 12:05:00 AM,7/25/2026 11:59:00 PM,MAX_OPERATING_MW,6,
7/25/2026 11:00:00 AM,RTD,CMIN,10LIAN_G02,G,7/25/2026 12:05:00 AM,7/25/2026 11:59:00 PM,MIN_OPERATING_MW,3,
7/25/2026 11:00:00 AM,RTD,CMIN,11MALADU_G01,G,7/25/2026 12:01:00 AM,7/26/2026,MAX_OPERATING_MW,9.50,
7/25/2026 11:00:00 AM,RTD,CMIN,11MALADU_G01,G,7/25/2026 12:01:00 AM,7/26/2026,MIN_OPERATING_MW,9.50,
7/25/2026 11:00:00 AM,RTD,CMIN,11MARAMSOL_G01,G,7/25/2026 10:31:00 AM,7/25/2026 2:30:00 PM,MAX_OPERATING_MW,52.14,
7/25/2026 11:00:00 AM,RTD,CMIN,11MARAMSOL_G01,G,7/25/2026 10:31:00 AM,7/25/2026 2:30:00 PM,MIN_OPERATING_MW,52.14,
7/25/2026 11:05:00 AM,RTD,CLUZ,01BARBASOL_G01,G,7/25/2026 11:01:00 AM,7/25/2026 11:05:00 AM,MAX_OPERATING_MW,65.02,
7/25/2026 11:05:00 AM,RTD,CLUZ,01BARBASOL_G01,G,7/25/2026 11:01:00 AM,7/25/2026 11:05:00 AM,MIN_OPERATING_MW,65.02,
7/25/2026 11:05:00 AM,RTD,CLUZ,01BARBASOL_G01,G,7/25/2026 11:06:00 AM,7/25/2026 11:10:00 AM,MAX_OPERATING_MW,65.02,
7/25/2026 11:05:00 AM,RTD,CLUZ,01BARBASOL_G01,G,7/25/2026 11:06:00 AM,7/25/2026 11:10:00 AM,MIN_OPERATING_MW,65.02,
7/25/2026 11:05:00 AM,RTD,CLUZ,01BUGSOL_G01,G,7/25/2026 11:01:00 AM,7/25/2026 11:05:00 AM,MAX_OPERATING_MW,360,
7/25/2026 11:05:00 AM,RTD,CLUZ,01BUGSOL_G01,G,7/25/2026 11:01:00 AM,7/25/2026 11:05:00 AM,MIN_OPERATING_MW,360,
7/25/2026 11:05:00 AM,RTD,CLUZ,01BUGSOL_G01,G,7/25/2026 11:06:00 AM,7/25/2026 11:10:00 AM,MAX_OPERATING_MW,135.10,
7/25/2026 11:05:00 AM,RTD,CLUZ,01BUGSOL_G01,G,7/25/2026 11:06:00 AM,7/25/2026 11:10:00 AM,MIN_OPERATING_MW,135.10,
7/25/2026 11:05:00 AM,RTD,CLUZ,01BULACSOL_G01,G,7/25/2026 11:01:00 AM,7/25/2026 12:00:00 PM,MAX_OPERATING_MW,3.50,
7/25/2026 11:05:00 AM,RTD,CLUZ,01BULACSOL_G01,G,7/25/2026 11:01:00 AM,7/25/2026 12:00:00 PM,MIN_OPERATING_MW,3.50,
7/25/2026 11:05:00 AM,RTD,CLUZ,01MSINLO_G04,G,7/25/2026 6:51:00 AM,7/26/2026,MAX_OPERATING_MW,150,
7/25/2026 11:05:00 AM,RTD,CLUZ,01MSINLO_G04,G,7/25/2026 6:51:00 AM,7/26/2026,MIN_OPERATING_MW,150,
7/25/2026 11:05:00 AM,RTD,CLUZ,01PASBUSOL_G01,G,7/25/2026 11:01:00 AM,7/25/2026 12:00:00 PM,MAX_OPERATING_MW,25.09,
7/25/2026 11:05:00 AM,RTD,CLUZ,01PASBUSOL_G01,G,7/25/2026 11:01:00 AM,7/25/2026 12:00:00 PM,MIN_OPERATING_MW,25.09,
7/25/2026 11:05:00 AM,RTD,CLUZ,01TERRASOL_G01,G,7/25/2026 9:16:00 AM,7/25/2026 12:15:00 PM,MAX_OPERATING_MW,600,
7/25/2026 11:05:00 AM,RTD,CLUZ,01TERRASOL_G01,G,7/25/2026 9:16:00 AM,7/25/2026 12:15:00 PM,MIN_OPERATING_MW,600,
7/25/2026 11:05:00 AM,RTD,CLUZ,03LUNSOL_G01,G,7/25/2026 11:01:00 AM,7/25/2026 11:05:00 AM,MAX_OPERATING_MW,31.34,
7/25/2026 11:05:00 AM,RTD,CLUZ,03LUNSOL_G01,G,7/25/2026 11:01:00 AM,7/25/2026 11:05:00 AM,MIN_OPERATING_MW,31.34,
7/25/2026 11:05:00 AM,RTD,CLUZ,03LUNSOL_G01,G,7/25/2026 11:06:00 AM,7/25/2026 11:10:00 AM,MAX_OPERATING_MW,31.44,
7/25/2026 11:05:00 AM,RTD,CLUZ,03LUNSOL_G01,G,7/25/2026 11:06:00 AM,7/25/2026 11:10:00 AM,MIN_OPERATING_MW,31.44,
7/25/2026 11:05:00 AM,RTD,CVIS,06SLYSOL_G02,G,7/25/2026 11:01:00 AM,7/25/2026 12:00:00 PM,MAX_OPERATING_MW,9.55,
7/25/2026 11:05:00 AM,RTD,CVIS,06SLYSOL_G02,G,7/25/2026 11:01:00 AM,7/25/2026 12:00:00 PM,MIN_OPERATING_MW,9.55,
7/25/2026 11:05:00 AM,RTD,CVIS,06SLYSOL_G03,G,7/25/2026 11:01:00 AM,7/25/2026 12:00:00 PM,MAX_OPERATING_MW,9.50,
7/25/2026 11:05:00 AM,RTD,CVIS,06SLYSOL_G03,G,7/25/2026 11:01:00 AM,7/25/2026 12:00:00 PM,MIN_OPERATING_MW,9.50,
7/25/2026 11:05:00 AM,RTD,CMIN,10LIAN_G02,G,7/25/2026 12:05:00 AM,7/25/2026 11:59:00 PM,MAX_OPERATING_MW,6,
7/25/2026 11:05:00 AM,RTD,CMIN,10LIAN_G02,G,7/25/2026 12:05:00 AM,7/25/2026 11:59:00 PM,MIN_OPERATING_MW,3,
7/25/2026 11:05:00 AM,RTD,CMIN,11MALADU_G01,G,7/25/2026 12:01:00 AM,7/26/2026,MAX_OPERATING_MW,9.50,
7/25/2026 11:05:00 AM,RTD,CMIN,11MALADU_G01,G,7/25/2026 12:01:00 AM,7/26/2026,MIN_OPERATING_MW,9.50,
7/25/2026 11:05:00 AM,RTD,CMIN,11MARAMSOL_G01,G,7/25/2026 10:31:00 AM,7/25/2026 2:30:00 PM,MAX_OPERATING_MW,52.14,
7/25/2026 11:05:00 AM,RTD,CMIN,11MARAMSOL_G01,G,7/25/2026 10:31:00 AM,7/25/2026 2:30:00 PM,MIN_OPERATING_MW,52.14,
7/25/2026 11:10:00 AM,RTD,CLUZ,01BARBASOL_G01,G,7/25/2026 11:06:00 AM,7/25/2026 11:10:00 AM,MAX_OPERATING_MW,65.02,
7/25/2026 11:10:00 AM,RTD,CLUZ,01BARBASOL_G01,G,7/25/2026 11:06:00 AM,7/25/2026 11:10:00 AM,MIN_OPERATING_MW,65.02,
7/25/2026 11:10:00 AM,RTD,CLUZ,01BARBASOL_G01,G,7/25/2026 11:11:00 AM,7/25/2026 11:15:00 AM,MAX_OPERATING_MW,65.02,
7/25/2026 11:10:00 AM,RTD,CLUZ,01BARBASOL_G01,G,7/25/2026 11:11:00 AM,7/25/2026 11:15:00 AM,MIN_OPERATING_MW,65.02,
7/25/2026 11:10:00 AM,RTD,CLUZ,01BUGSOL_G01,G,7/25/2026 11:06:00 AM,7/25/2026 11:10:00 AM,MAX_OPERATING_MW,135.10,
7/25/2026 11:10:00 AM,RTD,CLUZ,01BUGSOL_G01,G,7/25/2026 11:06:00 AM,7/25/2026 11:10:00 AM,MIN_OPERATING_MW,135.10,
7/25/2026 11:10:00 AM,RTD,CLUZ,01BUGSOL_G01,G,7/25/2026 11:11:00 AM,7/25/2026 11:15:00 AM,MAX_OPERATING_MW,120.10,
7/25/2026 11:10:00 AM,RTD,CLUZ,01BUGSOL_G01,G,7/25/2026 11:11:00 AM,7/25/2026 11:15:00 AM,MIN_OPERATING_MW,120.10,
7/25/2026 11:10:00 AM,RTD,CLUZ,01BULACSOL_G01,G,7/25/2026 11:01:00 AM,7/25/2026 12:00:00 PM,MAX_OPERATING_MW,3.50,
7/25/2026 11:10:00 AM,RTD,CLUZ,01BULACSOL_G01,G,7/25/2026 11:01:00 AM,7/25/2026 12:00:00 PM,MIN_OPERATING_MW,3.50,
7/25/2026 11:10:00 AM,RTD,CLUZ,01MSINLO_G04,G,7/25/2026 6:51:00 AM,7/26/2026,MAX_OPERATING_MW,150,
7/25/2026 11:10:00 AM,RTD,CLUZ,01MSINLO_G04,G,7/25/2026 6:51:00 AM,7/26/2026,MIN_OPERATING_MW,150,
7/25/2026 11:10:00 AM,RTD,CLUZ,01PASBUSOL_G01,G,7/25/2026 11:01:00 AM,7/25/2026 12:00:00 PM,MAX_OPERATING_MW,25.09,
7/25/2026 11:10:00 AM,RTD,CLUZ,01PASBUSOL_G01,G,7/25/2026 11:01:00 AM,7/25/2026 12:00:00 PM,MIN_OPERATING_MW,25.09,
7/25/2026 11:10:00 AM,RTD,CLUZ,01TERRASOL_G01,G,7/25/2026 9:16:00 AM,7/25/2026 12:15:00 PM,MAX_OPERATING_MW,600,
7/25/2026 11:10:00 AM,RTD,CLUZ,01TERRASOL_G01,G,7/25/2026 9:16:00 AM,7/25/2026 12:15:00 PM,MIN_OPERATING_MW,600,
7/25/2026 11:10:00 AM,RTD,CLUZ,03LUNSOL_G01,G,7/25/2026 11:06:00 AM,7/25/2026 11:10:00 AM,MAX_OPERATING_MW,31.44,
7/25/2026 11:10:00 AM,RTD,CLUZ,03LUNSOL_G01,G,7/25/2026 11:06:00 AM,7/25/2026 11:10:00 AM,MIN_OPERATING_MW,31.44,
7/25/2026 11:10:00 AM,RTD,CLUZ,03LUNSOL_G01,G,7/25/2026 11:11:00 AM,7/25/2026 11:15:00 AM,MAX_OPERATING_MW,31.52,
7/25/2026 11:10:00 AM,RTD,CLUZ,03LUNSOL_G01,G,7/25/2026 11:11:00 AM,7/25/2026 11:15:00 AM,MIN_OPERATING_MW,31.52,
7/25/2026 11:10:00 AM,RTD,CVIS,06SLYSOL_G02,G,7/25/2026 11:01:00 AM,7/25/2026 12:00:00 PM,MAX_OPERATING_MW,9.55,
7/25/2026 11:10:00 AM,RTD,CVIS,06SLYSOL_G02,G,7/25/2026 11:01:00 AM,7/25/2026 12:00:00 PM,MIN_OPERATING_MW,9.55,
7/25/2026 11:10:00 AM,RTD,CVIS,06SLYSOL_G03,G,7/25/2026 11:01:00 AM,7/25/2026 12:00:00 PM,MAX_OPERATING_MW,9.50,
7/25/2026 11:10:00 AM,RTD,CVIS,06SLYSOL_G03,G,7/25/2026 11:01:00 AM,7/25/2026 12:00:00 PM,MIN_OPERATING_MW,9.50,
7/25/2026 11:10:00 AM,RTD,CMIN,10LIAN_G02,G,7/25/2026 12:05:00 AM,7/25/2026 11:59:00 PM,MAX_OPERATING_MW,6,
7/25/2026 11:10:00 AM,RTD,CMIN,10LIAN_G02,G,7/25/2026 12:05:00 AM,7/25/2026 11:59:00 PM,MIN_OPERATING_MW,3,
7/25/2026 11:10:00 AM,RTD,CMIN,11MALADU_G01,G,7/25/2026 12:01:00 AM,7/26/2026,MAX_OPERATING_MW,9.50,
7/25/2026 11:10:00 AM,RTD,CMIN,11MALADU_G01,G,7/25/2026 12:01:00 AM,7/26/2026,MIN_OPERATING_MW,9.50,
7/25/2026 11:10:00 AM,RTD,CMIN,11MARAMSOL_G01,G,7/25/2026 10:31:00 AM,7/25/2026 2:30:00 PM,MAX_OPERATING_MW,52.14,
7/25/2026 11:10:00 AM,RTD,CMIN,11MARAMSOL_G01,G,7/25/2026 10:31:00 AM,7/25/2026 2:30:00 PM,MIN_OPERATING_MW,52.14,
7/25/2026 11:15:00 AM,RTD,CLUZ,01BARBASOL_G01,G,7/25/2026 11:11:00 AM,7/25/2026 11:15:00 AM,MAX_OPERATING_MW,65.02,
7/25/2026 11:15:00 AM,RTD,CLUZ,01BARBASOL_G01,G,7/25/2026 11:11:00 AM,7/25/2026 11:15:00 AM,MIN_OPERATING_MW,65.02,
7/25/2026 11:15:00 AM,RTD,CLUZ,01BARBASOL_G01,G,7/25/2026 11:16:00 AM,7/25/2026 11:20:00 AM,MAX_OPERATING_MW,65.02,
7/25/2026 11:15:00 AM,RTD,CLUZ,01BARBASOL_G01,G,7/25/2026 11:16:00 AM,7/25/2026 11:20:00 AM,MIN_OPERATING_MW,65.02,
7/25/2026 11:15:00 AM,RTD,CLUZ,01BUGSOL_G01,G,7/25/2026 11:11:00 AM,7/25/2026 11:15:00 AM,MAX_OPERATING_MW,120.10,
7/25/2026 11:15:00 AM,RTD,CLUZ,01BUGSOL_G01,G,7/25/2026 11:11:00 AM,7/25/2026 11:15:00 AM,MIN_OPERATING_MW,120.10,
7/25/2026 11:15:00 AM,RTD,CLUZ,01BUGSOL_G01,G,7/25/2026 11:16:00 AM,7/25/2026 11:20:00 AM,MAX_OPERATING_MW,116.80,
7/25/2026 11:15:00 AM,RTD,CLUZ,01BUGSOL_G01,G,7/25/2026 11:16:00 AM,7/25/2026 11:20:00 AM,MIN_OPERATING_MW,116.80,
7/25/2026 11:15:00 AM,RTD,CLUZ,01BULACSOL_G01,G,7/25/2026 11:01:00 AM,7/25/2026 12:00:00 PM,MAX_OPERATING_MW,3.50,
7/25/2026 11:15:00 AM,RTD,CLUZ,01BULACSOL_G01,G,7/25/2026 11:01:00 AM,7/25/2026 12:00:00 PM,MIN_OPERATING_MW,3.50,
7/25/2026 11:15:00 AM,RTD,CLUZ,01MSINLO_G04,G,7/25/2026 6:51:00 AM,7/26/2026,MAX_OPERATING_MW,150,
7/25/2026 11:15:00 AM,RTD,CLUZ,01MSINLO_G04,G,7/25/2026 6:51:00 AM,7/26/2026,MIN_OPERATING_MW,150,
7/25/2026 11:15:00 AM,RTD,CLUZ,01PASBUSOL_G01,G,7/25/2026 11:01:00 AM,7/25/2026 12:00:00 PM,MAX_OPERATING_MW,25.09,
7/25/2026 11:15:00 AM,RTD,CLUZ,01PASBUSOL_G01,G,7/25/2026 11:01:00 AM,7/25/2026 12:00:00 PM,MIN_OPERATING_MW,25.09,
7/25/2026 11:15:00 AM,RTD,CLUZ,01TERRASOL_G01,G,7/25/2026 9:16:00 AM,7/25/2026 12:15:00 PM,MAX_OPERATING_MW,600,
7/25/2026 11:15:00 AM,RTD,CLUZ,01TERRASOL_G01,G,7/25/2026 9:16:00 AM,7/25/2026 12:15:00 PM,MIN_OPERATING_MW,600,
7/25/2026 11:15:00 AM,RTD,CLUZ,03LUNSOL_G01,G,7/25/2026 11:11:00 AM,7/25/2026 11:15:00 AM,MAX_OPERATING_MW,31.52,
7/25/2026 11:15:00 AM,RTD,CLUZ,03LUNSOL_G01,G,7/25/2026 11:11:00 AM,7/25/2026 11:15:00 AM,MIN_OPERATING_MW,31.52,
7/25/2026 11:15:00 AM,RTD,CLUZ,03LUNSOL_G01,G,7/25/2026 11:16:00 AM,7/25/2026 11:20:00 AM,MAX_OPERATING_MW,31.59,
7/25/2026 11:15:00 AM,RTD,CLUZ,03LUNSOL_G01,G,7/25/2026 11:16:00 AM,7/25/2026 11:20:00 AM,MIN_OPERATING_MW,31.59,
7/25/2026 11:15:00 AM,RTD,CVIS,06SLYSOL_G02,G,7/25/2026 11:01:00 AM,7/25/2026 12:00:00 PM,MAX_OPERATING_MW,9.55,
7/25/2026 11:15:00 AM,RTD,CVIS,06SLYSOL_G02,G,7/25/2026 11:01:00 AM,7/25/2026 12:00:00 PM,MIN_OPERATING_MW,9.55,
7/25/2026 11:15:00 AM,RTD,CVIS,06SLYSOL_G03,G,7/25/2026 11:01:00 AM,7/25/2026 12:00:00 PM,MAX_OPERATING_MW,9.50,
7/25/2026 11:15:00 AM,RTD,CVIS,06SLYSOL_G03,G,7/25/2026 11:01:00 AM,7/25/2026 12:00:00 PM,MIN_OPERATING_MW,9.50,
7/25/2026 11:15:00 AM,RTD,CMIN,10LIAN_G02,G,7/25/2026 12:05:00 AM,7/25/2026 11:59:00 PM,MAX_OPERATING_MW,6,
7/25/2026 11:15:00 AM,RTD,CMIN,10LIAN_G02,G,7/25/2026 12:05:00 AM,7/25/2026 11:59:00 PM,MIN_OPERATING_MW,3,
7/25/2026 11:15:00 AM,RTD,CMIN,11MALADU_G01,G,7/25/2026 12:01:00 AM,7/26/2026,MAX_OPERATING_MW,9.50,
7/25/2026 11:15:00 AM,RTD,CMIN,11MALADU_G01,G,7/25/2026 12:01:00 AM,7/26/2026,MIN_OPERATING_MW,9.50,
7/25/2026 11:15:00 AM,RTD,CMIN,11MARAMSOL_G01,G,7/25/2026 10:31:00 AM,7/25/2026 2:30:00 PM,MAX_OPERATING_MW,52.14,
7/25/2026 11:15:00 AM,RTD,CMIN,11MARAMSOL_G01,G,7/25/2026 10:31:00 AM,7/25/2026 2:30:00 PM,MIN_OPERATING_MW,52.14,
7/25/2026 11:20:00 AM,RTD,CLUZ,01BARBASOL_G01,G,7/25/2026 11:16:00 AM,7/25/2026 11:20:00 AM,MAX_OPERATING_MW,65.02,
7/25/2026 11:20:00 AM,RTD,CLUZ,01BARBASOL_G01,G,7/25/2026 11:16:00 AM,7/25/2026 11:20:00 AM,MIN_OPERATING_MW,65.02,
7/25/2026 11:20:00 AM,RTD,CLUZ,01BARBASOL_G01,G,7/25/2026 11:21:00 AM,7/25/2026 11:25:00 AM,MAX_OPERATING_MW,65.02,
7/25/2026 11:20:00 AM,RTD,CLUZ,01BARBASOL_G01,G,7/25/2026 11:21:00 AM,7/25/2026 11:25:00 AM,MIN_OPERATING_MW,65.02,
7/25/2026 11:20:00 AM,RTD,CLUZ,01BUGSOL_G01,G,7/25/2026 11:16:00 AM,7/25/2026 11:20:00 AM,MAX_OPERATING_MW,116.80,
7/25/2026 11:20:00 AM,RTD,CLUZ,01BUGSOL_G01,G,7/25/2026 11:16:00 AM,7/25/2026 11:20:00 AM,MIN_OPERATING_MW,116.80,
7/25/2026 11:20:00 AM,RTD,CLUZ,01BUGSOL_G01,G,7/25/2026 11:21:00 AM,7/25/2026 11:25:00 AM,MAX_OPERATING_MW,119.80,
7/25/2026 11:20:00 AM,RTD,CLUZ,01BUGSOL_G01,G,7/25/2026 11:21:00 AM,7/25/2026 11:25:00 AM,MIN_OPERATING_MW,119.80,
7/25/2026 11:20:00 AM,RTD,CLUZ,01BULACSOL_G01,G,7/25/2026 11:01:00 AM,7/25/2026 12:00:00 PM,MAX_OPERATING_MW,3.50,
7/25/2026 11:20:00 AM,RTD,CLUZ,01BULACSOL_G01,G,7/25/2026 11:01:00 AM,7/25/2026 12:00:00 PM,MIN_OPERATING_MW,3.50,
7/25/2026 11:20:00 AM,RTD,CLUZ,01MSINLO_G04,G,7/25/2026 6:51:00 AM,7/26/2026,MAX_OPERATING_MW,150,
7/25/2026 11:20:00 AM,RTD,CLUZ,01MSINLO_G04,G,7/25/2026 6:51:00 AM,7/26/2026,MIN_OPERATING_MW,150,
7/25/2026 11:20:00 AM,RTD,CLUZ,01PASBUSOL_G01,G,7/25/2026 11:01:00 AM,7/25/2026 12:00:00 PM,MAX_OPERATING_MW,25.09,
7/25/2026 11:20:00 AM,RTD,CLUZ,01PASBUSOL_G01,G,7/25/2026 11:01:00 AM,7/25/2026 12:00:00 PM,MIN_OPERATING_MW,25.09,
7/25/2026 11:20:00 AM,RTD,CLUZ,01TERRASOL_G01,G,7/25/2026 9:16:00 AM,7/25/2026 12:15:00 PM,MAX_OPERATING_MW,600,
7/25/2026 11:20:00 AM,RTD,CLUZ,01TERRASOL_G01,G,7/25/2026 9:16:00 AM,7/25/2026 12:15:00 PM,MIN_OPERATING_MW,600,
7/25/2026 11:20:00 AM,RTD,CLUZ,03LUNSOL_G01,G,7/25/2026 11:16:00 AM,7/25/2026 11:20:00 AM,MAX_OPERATING_MW,31.59,
7/25/2026 11:20:00 AM,RTD,CLUZ,03LUNSOL_G01,G,7/25/2026 11:16:00 AM,7/25/2026 11:20:00 AM,MIN_OPERATING_MW,31.59,
7/25/2026 11:20:00 AM,RTD,CLUZ,03LUNSOL_G01,G,7/25/2026 11:21:00 AM,7/25/2026 11:25:00 AM,MAX_OPERATING_MW,31.64,
7/25/2026 11:20:00 AM,RTD,CLUZ,03LUNSOL_G01,G,7/25/2026 11:21:00 AM,7/25/2026 11:25:00 AM,MIN_OPERATING_MW,31.64,
7/25/2026 11:20:00 AM,RTD,CVIS,06SLYSOL_G02,G,7/25/2026 11:01:00 AM,7/25/2026 12:00:00 PM,MAX_OPERATING_MW,9.55,
7/25/2026 11:20:00 AM,RTD,CVIS,06SLYSOL_G02,G,7/25/2026 11:01:00 AM,7/25/2026 12:00:00 PM,MIN_OPERATING_MW,9.55,
7/25/2026 11:20:00 AM,RTD,CVIS,06SLYSOL_G03,G,7/25/2026 11:01:00 AM,7/25/2026 12:00:00 PM,MAX_OPERATING_MW,9.50,
7/25/2026 11:20:00 AM,RTD,CVIS,06SLYSOL_G03,G,7/25/2026 11:01:00 AM,7/25/2026 12:00:00 PM,MIN_OPERATING_MW,9.50,
7/25/2026 11:20:00 AM,RTD,CMIN,10LIAN_G02,G,7/25/2026 12:05:00 AM,7/25/2026 11:59:00 PM,MAX_OPERATING_MW,6,
7/25/2026 11:20:00 AM,RTD,CMIN,10LIAN_G02,G,7/25/2026 12:05:00 AM,7/25/2026 11:59:00 PM,MIN_OPERATING_MW,3,
7/25/2026 11:20:00 AM,RTD,CMIN,11MALADU_G01,G,7/25/2026 12:01:00 AM,7/26/2026,MAX_OPERATING_MW,9.50,
7/25/2026 11:20:00 AM,RTD,CMIN,11MALADU_G01,G,7/25/2026 12:01:00 AM,7/26/2026,MIN_OPERATING_MW,9.50,
7/25/2026 11:20:00 AM,RTD,CMIN,11MARAMSOL_G01,G,7/25/2026 10:31:00 AM,7/25/2026 2:30:00 PM,MAX_OPERATING_MW,27,
7/25/2026 11:20:00 AM,RTD,CMIN,11MARAMSOL_G01,G,7/25/2026 10:31:00 AM,7/25/2026 2:30:00 PM,MIN_OPERATING_MW,27,
7/25/2026 11:25:00 AM,RTD,CLUZ,01BARBASOL_G01,G,7/25/2026 11:21:00 AM,7/25/2026 11:25:00 AM,MAX_OPERATING_MW,65.02,
7/25/2026 11:25:00 AM,RTD,CLUZ,01BARBASOL_G01,G,7/25/2026 11:21:00 AM,7/25/2026 11:25:00 AM,MIN_OPERATING_MW,65.02,
7/25/2026 11:25:00 AM,RTD,CLUZ,01BARBASOL_G01,G,7/25/2026 11:26:00 AM,7/25/2026 11:30:00 AM,MAX_OPERATING_MW,65.02,
7/25/2026 11:25:00 AM,RTD,CLUZ,01BARBASOL_G01,G,7/25/2026 11:26:00 AM,7/25/2026 11:30:00 AM,MIN_OPERATING_MW,65.02,
7/25/2026 11:25:00 AM,RTD,CLUZ,01BUGSOL_G01,G,7/25/2026 11:21:00 AM,7/25/2026 11:25:00 AM,MAX_OPERATING_MW,119.80,
7/25/2026 11:25:00 AM,RTD,CLUZ,01BUGSOL_G01,G,7/25/2026 11:21:00 AM,7/25/2026 11:25:00 AM,MIN_OPERATING_MW,119.80,
7/25/2026 11:25:00 AM,RTD,CLUZ,01BUGSOL_G01,G,7/25/2026 11:26:00 AM,7/25/2026 11:30:00 AM,MAX_OPERATING_MW,126.20,
7/25/2026 11:25:00 AM,RTD,CLUZ,01BUGSOL_G01,G,7/25/2026 11:26:00 AM,7/25/2026 11:30:00 AM,MIN_OPERATING_MW,126.20,
7/25/2026 11:25:00 AM,RTD,CLUZ,01BULACSOL_G01,G,7/25/2026 11:01:00 AM,7/25/2026 12:00:00 PM,MAX_OPERATING_MW,3.50,
7/25/2026 11:25:00 AM,RTD,CLUZ,01BULACSOL_G01,G,7/25/2026 11:01:00 AM,7/25/2026 12:00:00 PM,MIN_OPERATING_MW,3.50,
7/25/2026 11:25:00 AM,RTD,CLUZ,01MSINLO_G04,G,7/25/2026 6:51:00 AM,7/26/2026,MAX_OPERATING_MW,150,
7/25/2026 11:25:00 AM,RTD,CLUZ,01MSINLO_G04,G,7/25/2026 6:51:00 AM,7/26/2026,MIN_OPERATING_MW,150,
7/25/2026 11:25:00 AM,RTD,CLUZ,01PASBUSOL_G01,G,7/25/2026 11:01:00 AM,7/25/2026 12:00:00 PM,MAX_OPERATING_MW,25.09,
7/25/2026 11:25:00 AM,RTD,CLUZ,01PASBUSOL_G01,G,7/25/2026 11:01:00 AM,7/25/2026 12:00:00 PM,MIN_OPERATING_MW,25.09,
7/25/2026 11:25:00 AM,RTD,CLUZ,01TERRASOL_G01,G,7/25/2026 9:16:00 AM,7/25/2026 12:15:00 PM,MAX_OPERATING_MW,600,
7/25/2026 11:25:00 AM,RTD,CLUZ,01TERRASOL_G01,G,7/25/2026 9:16:00 AM,7/25/2026 12:15:00 PM,MIN_OPERATING_MW,600,
7/25/2026 11:25:00 AM,RTD,CLUZ,03LUNSOL_G01,G,7/25/2026 11:21:00 AM,7/25/2026 11:25:00 AM,MAX_OPERATING_MW,31.64,
7/25/2026 11:25:00 AM,RTD,CLUZ,03LUNSOL_G01,G,7/25/2026 11:21:00 AM,7/25/2026 11:25:00 AM,MIN_OPERATING_MW,31.64,
7/25/2026 11:25:00 AM,RTD,CLUZ,03LUNSOL_G01,G,7/25/2026 11:26:00 AM,7/25/2026 11:30:00 AM,MAX_OPERATING_MW,31.68,
7/25/2026 11:25:00 AM,RTD,CLUZ,03LUNSOL_G01,G,7/25/2026 11:26:00 AM,7/25/2026 11:30:00 AM,MIN_OPERATING_MW,31.68,
7/25/2026 11:25:00 AM,RTD,CVIS,06SLYSOL_G02,G,7/25/2026 11:01:00 AM,7/25/2026 12:00:00 PM,MAX_OPERATING_MW,9.55,
7/25/2026 11:25:00 AM,RTD,CVIS,06SLYSOL_G02,G,7/25/2026 11:01:00 AM,7/25/2026 12:00:00 PM,MIN_OPERATING_MW,9.55,
7/25/2026 11:25:00 AM,RTD,CVIS,06SLYSOL_G03,G,7/25/2026 11:01:00 AM,7/25/2026 12:00:00 PM,MAX_OPERATING_MW,9.50,
7/25/2026 11:25:00 AM,RTD,CVIS,06SLYSOL_G03,G,7/25/2026 11:01:00 AM,7/25/2026 12:00:00 PM,MIN_OPERATING_MW,9.50,
7/25/2026 11:25:00 AM,RTD,CMIN,10LIAN_G02,G,7/25/2026 12:05:00 AM,7/25/2026 11:59:00 PM,MAX_OPERATING_MW,6,
7/25/2026 11:25:00 AM,RTD,CMIN,10LIAN_G02,G,7/25/2026 12:05:00 AM,7/25/2026 11:59:00 PM,MIN_OPERATING_MW,3,
7/25/2026 11:25:00 AM,RTD,CMIN,11MALADU_G01,G,7/25/2026 12:01:00 AM,7/26/2026,MAX_OPERATING_MW,9.50,
7/25/2026 11:25:00 AM,RTD,CMIN,11MALADU_G01,G,7/25/2026 12:01:00 AM,7/26/2026,MIN_OPERATING_MW,9.50,
7/25/2026 11:25:00 AM,RTD,CMIN,11MARAMSOL_G01,G,7/25/2026 10:31:00 AM,7/25/2026 2:30:00 PM,MAX_OPERATING_MW,27,
7/25/2026 11:25:00 AM,RTD,CMIN,11MARAMSOL_G01,G,7/25/2026 10:31:00 AM,7/25/2026 2:30:00 PM,MIN_OPERATING_MW,27,
7/25/2026 11:30:00 AM,RTD,CLUZ,01BARBASOL_G01,G,7/25/2026 11:26:00 AM,7/25/2026 11:30:00 AM,MAX_OPERATING_MW,65.02,
7/25/2026 11:30:00 AM,RTD,CLUZ,01BARBASOL_G01,G,7/25/2026 11:26:00 AM,7/25/2026 11:30:00 AM,MIN_OPERATING_MW,65.02,
7/25/2026 11:30:00 AM,RTD,CLUZ,01BARBASOL_G01,G,7/25/2026 11:31:00 AM,7/25/2026 11:35:00 AM,MAX_OPERATING_MW,65.02,
7/25/2026 11:30:00 AM,RTD,CLUZ,01BARBASOL_G01,G,7/25/2026 11:31:00 AM,7/25/2026 11:35:00 AM,MIN_OPERATING_MW,65.02,
7/25/2026 11:30:00 AM,RTD,CLUZ,01BUGSOL_G01,G,7/25/2026 11:26:00 AM,7/25/2026 11:30:00 AM,MAX_OPERATING_MW,126.20,
7/25/2026 11:30:00 AM,RTD,CLUZ,01BUGSOL_G01,G,7/25/2026 11:26:00 AM,7/25/2026 11:30:00 AM,MIN_OPERATING_MW,126.20,
7/25/2026 11:30:00 AM,RTD,CLUZ,01BUGSOL_G01,G,7/25/2026 11:31:00 AM,7/25/2026 11:35:00 AM,MAX_OPERATING_MW,118.90,
7/25/2026 11:30:00 AM,RTD,CLUZ,01BUGSOL_G01,G,7/25/2026 11:31:00 AM,7/25/2026 11:35:00 AM,MIN_OPERATING_MW,118.90,
7/25/2026 11:30:00 AM,RTD,CLUZ,01BULACSOL_G01,G,7/25/2026 11:01:00 AM,7/25/2026 12:00:00 PM,MAX_OPERATING_MW,3.50,
7/25/2026 11:30:00 AM,RTD,CLUZ,01BULACSOL_G01,G,7/25/2026 11:01:00 AM,7/25/2026 12:00:00 PM,MIN_OPERATING_MW,3.50,
7/25/2026 11:30:00 AM,RTD,CLUZ,01MSINLO_G04,G,7/25/2026 6:51:00 AM,7/26/2026,MAX_OPERATING_MW,150,
7/25/2026 11:30:00 AM,RTD,CLUZ,01MSINLO_G04,G,7/25/2026 6:51:00 AM,7/26/2026,MIN_OPERATING_MW,150,
7/25/2026 11:30:00 AM,RTD,CLUZ,01PASBUSOL_G01,G,7/25/2026 11:01:00 AM,7/25/2026 12:00:00 PM,MAX_OPERATING_MW,25.09,
7/25/2026 11:30:00 AM,RTD,CLUZ,01PASBUSOL_G01,G,7/25/2026 11:01:00 AM,7/25/2026 12:00:00 PM,MIN_OPERATING_MW,25.09,
7/25/2026 11:30:00 AM,RTD,CLUZ,01TERRASOL_G01,G,7/25/2026 9:16:00 AM,7/25/2026 12:15:00 PM,MAX_OPERATING_MW,600,
7/25/2026 11:30:00 AM,RTD,CLUZ,01TERRASOL_G01,G,7/25/2026 9:16:00 AM,7/25/2026 12:15:00 PM,MIN_OPERATING_MW,600,
7/25/2026 11:30:00 AM,RTD,CLUZ,03LUNSOL_G01,G,7/25/2026 11:26:00 AM,7/25/2026 11:30:00 AM,MAX_OPERATING_MW,31.68,
7/25/2026 11:30:00 AM,RTD,CLUZ,03LUNSOL_G01,G,7/25/2026 11:26:00 AM,7/25/2026 11:30:00 AM,MIN_OPERATING_MW,31.68,
7/25/2026 11:30:00 AM,RTD,CLUZ,03LUNSOL_G01,G,7/25/2026 11:31:00 AM,7/25/2026 11:35:00 AM,MAX_OPERATING_MW,31.68,
7/25/2026 11:30:00 AM,RTD,CLUZ,03LUNSOL_G01,G,7/25/2026 11:31:00 AM,7/25/2026 11:35:00 AM,MIN_OPERATING_MW,31.68,
7/25/2026 11:30:00 AM,RTD,CVIS,06SLYSOL_G02,G,7/25/2026 11:01:00 AM,7/25/2026 12:00:00 PM,MAX_OPERATING_MW,9.55,
7/25/2026 11:30:00 AM,RTD,CVIS,06SLYSOL_G02,G,7/25/2026 11:01:00 AM,7/25/2026 12:00:00 PM,MIN_OPERATING_MW,9.55,
7/25/2026 11:30:00 AM,RTD,CVIS,06SLYSOL_G03,G,7/25/2026 11:01:00 AM,7/25/2026 12:00:00 PM,MAX_OPERATING_MW,9.50,
7/25/2026 11:30:00 AM,RTD,CVIS,06SLYSOL_G03,G,7/25/2026 11:01:00 AM,7/25/2026 12:00:00 PM,MIN_OPERATING_MW,9.50,
7/25/2026 11:30:00 AM,RTD,CMIN,10LIAN_G02,G,7/25/2026 12:05:00 AM,7/25/2026 11:59:00 PM,MAX_OPERATING_MW,6,
7/25/2026 11:30:00 AM,RTD,CMIN,10LIAN_G02,G,7/25/2026 12:05:00 AM,7/25/2026 11:59:00 PM,MIN_OPERATING_MW,3,
7/25/2026 11:30:00 AM,RTD,CMIN,11MALADU_G01,G,7/25/2026 12:01:00 AM,7/26/2026,MAX_OPERATING_MW,9.50,
7/25/2026 11:30:00 AM,RTD,CMIN,11MALADU_G01,G,7/25/2026 12:01:00 AM,7/26/2026,MIN_OPERATING_MW,9.50,
7/25/2026 11:30:00 AM,RTD,CMIN,11MARAMSOL_G01,G,7/25/2026 10:31:00 AM,7/25/2026 2:30:00 PM,MAX_OPERATING_MW,27,
7/25/2026 11:30:00 AM,RTD,CMIN,11MARAMSOL_G01,G,7/25/2026 10:31:00 AM,7/25/2026 2:30:00 PM,MIN_OPERATING_MW,27,
7/25/2026 11:35:00 AM,RTD,CLUZ,01BARBASOL_G01,G,7/25/2026 11:31:00 AM,7/25/2026 11:35:00 AM,MAX_OPERATING_MW,65.02,
7/25/2026 11:35:00 AM,RTD,CLUZ,01BARBASOL_G01,G,7/25/2026 11:31:00 AM,7/25/2026 11:35:00 AM,MIN_OPERATING_MW,65.02,
7/25/2026 11:35:00 AM,RTD,CLUZ,01BARBASOL_G01,G,7/25/2026 11:36:00 AM,7/25/2026 11:40:00 AM,MAX_OPERATING_MW,65.02,
7/25/2026 11:35:00 AM,RTD,CLUZ,01BARBASOL_G01,G,7/25/2026 11:36:00 AM,7/25/2026 11:40:00 AM,MIN_OPERATING_MW,65.02,
7/25/2026 11:35:00 AM,RTD,CLUZ,01BUGSOL_G01,G,7/25/2026 11:31:00 AM,7/25/2026 11:35:00 AM,MAX_OPERATING_MW,118.90,
7/25/2026 11:35:00 AM,RTD,CLUZ,01BUGSOL_G01,G,7/25/2026 11:31:00 AM,7/25/2026 11:35:00 AM,MIN_OPERATING_MW,118.90,
7/25/2026 11:35:00 AM,RTD,CLUZ,01BUGSOL_G01,G,7/25/2026 11:36:00 AM,7/25/2026 11:40:00 AM,MAX_OPERATING_MW,125.20,
7/25/2026 11:35:00 AM,RTD,CLUZ,01BUGSOL_G01,G,7/25/2026 11:36:00 AM,7/25/2026 11:40:00 AM,MIN_OPERATING_MW,125.20,
7/25/2026 11:35:00 AM,RTD,CLUZ,01BULACSOL_G01,G,7/25/2026 11:01:00 AM,7/25/2026 12:00:00 PM,MAX_OPERATING_MW,3.50,
7/25/2026 11:35:00 AM,RTD,CLUZ,01BULACSOL_G01,G,7/25/2026 11:01:00 AM,7/25/2026 12:00:00 PM,MIN_OPERATING_MW,3.50,
7/25/2026 11:35:00 AM,RTD,CLUZ,01MSINLO_G04,G,7/25/2026 6:51:00 AM,7/26/2026,MAX_OPERATING_MW,150,
7/25/2026 11:35:00 AM,RTD,CLUZ,01MSINLO_G04,G,7/25/2026 6:51:00 AM,7/26/2026,MIN_OPERATING_MW,150,
7/25/2026 11:35:00 AM,RTD,CLUZ,01PASBUSOL_G01,G,7/25/2026 11:01:00 AM,7/25/2026 12:00:00 PM,MAX_OPERATING_MW,25.09,
7/25/2026 11:35:00 AM,RTD,CLUZ,01PASBUSOL_G01,G,7/25/2026 11:01:00 AM,7/25/2026 12:00:00 PM,MIN_OPERATING_MW,25.09,
7/25/2026 11:35:00 AM,RTD,CLUZ,01TERRASOL_G01,G,7/25/2026 9:16:00 AM,7/25/2026 12:15:00 PM,MAX_OPERATING_MW,600,
7/25/2026 11:35:00 AM,RTD,CLUZ,01TERRASOL_G01,G,7/25/2026 9:16:00 AM,7/25/2026 12:15:00 PM,MIN_OPERATING_MW,600,
7/25/2026 11:35:00 AM,RTD,CLUZ,03LUNSOL_G01,G,7/25/2026 11:31:00 AM,7/25/2026 11:35:00 AM,MAX_OPERATING_MW,31.68,
7/25/2026 11:35:00 AM,RTD,CLUZ,03LUNSOL_G01,G,7/25/2026 11:31:00 AM,7/25/2026 11:35:00 AM,MIN_OPERATING_MW,31.68,
7/25/2026 11:35:00 AM,RTD,CLUZ,03LUNSOL_G01,G,7/25/2026 11:36:00 AM,7/25/2026 11:40:00 AM,MAX_OPERATING_MW,31.68,
7/25/2026 11:35:00 AM,RTD,CLUZ,03LUNSOL_G01,G,7/25/2026 11:36:00 AM,7/25/2026 11:40:00 AM,MIN_OPERATING_MW,31.68,
7/25/2026 11:35:00 AM,RTD,CVIS,06SLYSOL_G02,G,7/25/2026 11:01:00 AM,7/25/2026 12:00:00 PM,MAX_OPERATING_MW,9.55,
7/25/2026 11:35:00 AM,RTD,CVIS,06SLYSOL_G02,G,7/25/2026 11:01:00 AM,7/25/2026 12:00:00 PM,MIN_OPERATING_MW,9.55,
7/25/2026 11:35:00 AM,RTD,CVIS,06SLYSOL_G03,G,7/25/2026 11:01:00 AM,7/25/2026 12:00:00 PM,MAX_OPERATING_MW,9.50,
7/25/2026 11:35:00 AM,RTD,CVIS,06SLYSOL_G03,G,7/25/2026 11:01:00 AM,7/25/2026 12:00:00 PM,MIN_OPERATING_MW,9.50,
7/25/2026 11:35:00 AM,RTD,CMIN,10LIAN_G02,G,7/25/2026 12:05:00 AM,7/25/2026 11:59:00 PM,MAX_OPERATING_MW,6,
7/25/2026 11:35:00 AM,RTD,CMIN,10LIAN_G02,G,7/25/2026 12:05:00 AM,7/25/2026 11:59:00 PM,MIN_OPERATING_MW,3,
7/25/2026 11:35:00 AM,RTD,CMIN,11MALADU_G01,G,7/25/2026 12:01:00 AM,7/26/2026,MAX_OPERATING_MW,9.50,
7/25/2026 11:35:00 AM,RTD,CMIN,11MALADU_G01,G,7/25/2026 12:01:00 AM,7/26/2026,MIN_OPERATING_MW,9.50,
7/25/2026 11:35:00 AM,RTD,CMIN,11MARAMSOL_G01,G,7/25/2026 10:31:00 AM,7/25/2026 2:30:00 PM,MAX_OPERATING_MW,27,
7/25/2026 11:35:00 AM,RTD,CMIN,11MARAMSOL_G01,G,7/25/2026 10:31:00 AM,7/25/2026 2:30:00 PM,MIN_OPERATING_MW,27,
7/25/2026 11:40:00 AM,RTD,CLUZ,01BARBASOL_G01,G,7/25/2026 11:36:00 AM,7/25/2026 11:40:00 AM,MAX_OPERATING_MW,65.02,
7/25/2026 11:40:00 AM,RTD,CLUZ,01BARBASOL_G01,G,7/25/2026 11:36:00 AM,7/25/2026 11:40:00 AM,MIN_OPERATING_MW,65.02,
7/25/2026 11:40:00 AM,RTD,CLUZ,01BARBASOL_G01,G,7/25/2026 11:41:00 AM,7/25/2026 11:45:00 AM,MAX_OPERATING_MW,65.02,
7/25/2026 11:40:00 AM,RTD,CLUZ,01BARBASOL_G01,G,7/25/2026 11:41:00 AM,7/25/2026 11:45:00 AM,MIN_OPERATING_MW,65.02,
7/25/2026 11:40:00 AM,RTD,CLUZ,01BUGSOL_G01,G,7/25/2026 11:36:00 AM,7/25/2026 11:40:00 AM,MAX_OPERATING_MW,125.20,
7/25/2026 11:40:00 AM,RTD,CLUZ,01BUGSOL_G01,G,7/25/2026 11:36:00 AM,7/25/2026 11:40:00 AM,MIN_OPERATING_MW,125.20,
7/25/2026 11:40:00 AM,RTD,CLUZ,01BUGSOL_G01,G,7/25/2026 11:41:00 AM,7/25/2026 11:45:00 AM,MAX_OPERATING_MW,128.20,
7/25/2026 11:40:00 AM,RTD,CLUZ,01BUGSOL_G01,G,7/25/2026 11:41:00 AM,7/25/2026 11:45:00 AM,MIN_OPERATING_MW,128.20,
7/25/2026 11:40:00 AM,RTD,CLUZ,01BULACSOL_G01,G,7/25/2026 11:01:00 AM,7/25/2026 12:00:00 PM,MAX_OPERATING_MW,3.50,
7/25/2026 11:40:00 AM,RTD,CLUZ,01BULACSOL_G01,G,7/25/2026 11:01:00 AM,7/25/2026 12:00:00 PM,MIN_OPERATING_MW,3.50,
7/25/2026 11:40:00 AM,RTD,CLUZ,01MSINLO_G04,G,7/25/2026 6:51:00 AM,7/26/2026,MAX_OPERATING_MW,150,
7/25/2026 11:40:00 AM,RTD,CLUZ,01MSINLO_G04,G,7/25/2026 6:51:00 AM,7/26/2026,MIN_OPERATING_MW,150,
7/25/2026 11:40:00 AM,RTD,CLUZ,01PASBUSOL_G01,G,7/25/2026 11:01:00 AM,7/25/2026 12:00:00 PM,MAX_OPERATING_MW,25.09,
7/25/2026 11:40:00 AM,RTD,CLUZ,01PASBUSOL_G01,G,7/25/2026 11:01:00 AM,7/25/2026 12:00:00 PM,MIN_OPERATING_MW,25.09,
7/25/2026 11:40:00 AM,RTD,CLUZ,01TERRASOL_G01,G,7/25/2026 9:16:00 AM,7/25/2026 12:10:00 PM,MAX_OPERATING_MW,600,
7/25/2026 11:40:00 AM,RTD,CLUZ,01TERRASOL_G01,G,7/25/2026 9:16:00 AM,7/25/2026 12:10:00 PM,MIN_OPERATING_MW,600,
7/25/2026 11:40:00 AM,RTD,CLUZ,03LUNSOL_G01,G,7/25/2026 11:36:00 AM,7/25/2026 11:40:00 AM,MAX_OPERATING_MW,31.68,
7/25/2026 11:40:00 AM,RTD,CLUZ,03LUNSOL_G01,G,7/25/2026 11:36:00 AM,7/25/2026 11:40:00 AM,MIN_OPERATING_MW,31.68,
7/25/2026 11:40:00 AM,RTD,CLUZ,03LUNSOL_G01,G,7/25/2026 11:41:00 AM,7/25/2026 11:45:00 AM,MAX_OPERATING_MW,31.67,
7/25/2026 11:40:00 AM,RTD,CLUZ,03LUNSOL_G01,G,7/25/2026 11:41:00 AM,7/25/2026 11:45:00 AM,MIN_OPERATING_MW,31.67,
7/25/2026 11:40:00 AM,RTD,CVIS,06SLYSOL_G02,G,7/25/2026 11:01:00 AM,7/25/2026 12:00:00 PM,MAX_OPERATING_MW,9.55,
7/25/2026 11:40:00 AM,RTD,CVIS,06SLYSOL_G02,G,7/25/2026 11:01:00 AM,7/25/2026 12:00:00 PM,MIN_OPERATING_MW,9.55,
7/25/2026 11:40:00 AM,RTD,CVIS,06SLYSOL_G03,G,7/25/2026 11:01:00 AM,7/25/2026 12:00:00 PM,MAX_OPERATING_MW,9.50,
7/25/2026 11:40:00 AM,RTD,CVIS,06SLYSOL_G03,G,7/25/2026 11:01:00 AM,7/25/2026 12:00:00 PM,MIN_OPERATING_MW,9.50,
7/25/2026 11:40:00 AM,RTD,CMIN,10LIAN_G02,G,7/25/2026 12:05:00 AM,7/25/2026 11:59:00 PM,MAX_OPERATING_MW,6,
7/25/2026 11:40:00 AM,RTD,CMIN,10LIAN_G02,G,7/25/2026 12:05:00 AM,7/25/2026 11:59:00 PM,MIN_OPERATING_MW,3,
7/25/2026 11:40:00 AM,RTD,CMIN,11MALADU_G01,G,7/25/2026 12:01:00 AM,7/26/2026,MAX_OPERATING_MW,9.50,
7/25/2026 11:40:00 AM,RTD,CMIN,11MALADU_G01,G,7/25/2026 12:01:00 AM,7/26/2026,MIN_OPERATING_MW,9.50,
7/25/2026 11:40:00 AM,RTD,CMIN,11MARAMSOL_G01,G,7/25/2026 10:31:00 AM,7/25/2026 2:30:00 PM,MAX_OPERATING_MW,27,
7/25/2026 11:40:00 AM,RTD,CMIN,11MARAMSOL_G01,G,7/25/2026 10:31:00 AM,7/25/2026 2:30:00 PM,MIN_OPERATING_MW,27,
7/25/2026 11:45:00 AM,RTD,CLUZ,01BARBASOL_G01,G,7/25/2026 11:41:00 AM,7/25/2026 11:45:00 AM,MAX_OPERATING_MW,65.02,
7/25/2026 11:45:00 AM,RTD,CLUZ,01BARBASOL_G01,G,7/25/2026 11:41:00 AM,7/25/2026 11:45:00 AM,MIN_OPERATING_MW,65.02,
7/25/2026 11:45:00 AM,RTD,CLUZ,01BARBASOL_G01,G,7/25/2026 11:46:00 AM,7/25/2026 11:50:00 AM,MAX_OPERATING_MW,65.02,
7/25/2026 11:45:00 AM,RTD,CLUZ,01BARBASOL_G01,G,7/25/2026 11:46:00 AM,7/25/2026 11:50:00 AM,MIN_OPERATING_MW,65.02,
7/25/2026 11:45:00 AM,RTD,CLUZ,01BUGSOL_G01,G,7/25/2026 11:41:00 AM,7/25/2026 11:45:00 AM,MAX_OPERATING_MW,128.20,
7/25/2026 11:45:00 AM,RTD,CLUZ,01BUGSOL_G01,G,7/25/2026 11:41:00 AM,7/25/2026 11:45:00 AM,MIN_OPERATING_MW,128.20,
7/25/2026 11:45:00 AM,RTD,CLUZ,01BUGSOL_G01,G,7/25/2026 11:46:00 AM,7/25/2026 11:50:00 AM,MAX_OPERATING_MW,141,
7/25/2026 11:45:00 AM,RTD,CLUZ,01BUGSOL_G01,G,7/25/2026 11:46:00 AM,7/25/2026 11:50:00 AM,MIN_OPERATING_MW,141,
7/25/2026 11:45:00 AM,RTD,CLUZ,01BULACSOL_G01,G,7/25/2026 11:01:00 AM,7/25/2026 12:00:00 PM,MAX_OPERATING_MW,3.50,
7/25/2026 11:45:00 AM,RTD,CLUZ,01BULACSOL_G01,G,7/25/2026 11:01:00 AM,7/25/2026 12:00:00 PM,MIN_OPERATING_MW,3.50,
7/25/2026 11:45:00 AM,RTD,CLUZ,01MSINLO_G04,G,7/25/2026 6:51:00 AM,7/26/2026,MAX_OPERATING_MW,150,
7/25/2026 11:45:00 AM,RTD,CLUZ,01MSINLO_G04,G,7/25/2026 6:51:00 AM,7/26/2026,MIN_OPERATING_MW,150,
7/25/2026 11:45:00 AM,RTD,CLUZ,01PASBUSOL_G01,G,7/25/2026 11:01:00 AM,7/25/2026 12:00:00 PM,MAX_OPERATING_MW,25.09,
7/25/2026 11:45:00 AM,RTD,CLUZ,01PASBUSOL_G01,G,7/25/2026 11:01:00 AM,7/25/2026 12:00:00 PM,MIN_OPERATING_MW,25.09,
7/25/2026 11:45:00 AM,RTD,CLUZ,01TERRASOL_G01,G,7/25/2026 9:16:00 AM,7/25/2026 12:10:00 PM,MAX_OPERATING_MW,600,
7/25/2026 11:45:00 AM,RTD,CLUZ,01TERRASOL_G01,G,7/25/2026 9:16:00 AM,7/25/2026 12:10:00 PM,MIN_OPERATING_MW,600,
7/25/2026 11:45:00 AM,RTD,CLUZ,03LUNSOL_G01,G,7/25/2026 11:41:00 AM,7/25/2026 11:45:00 AM,MAX_OPERATING_MW,31.67,
7/25/2026 11:45:00 AM,RTD,CLUZ,03LUNSOL_G01,G,7/25/2026 11:41:00 AM,7/25/2026 11:45:00 AM,MIN_OPERATING_MW,31.67,
7/25/2026 11:45:00 AM,RTD,CLUZ,03LUNSOL_G01,G,7/25/2026 11:46:00 AM,7/25/2026 11:50:00 AM,MAX_OPERATING_MW,31.63,
7/25/2026 11:45:00 AM,RTD,CLUZ,03LUNSOL_G01,G,7/25/2026 11:46:00 AM,7/25/2026 11:50:00 AM,MIN_OPERATING_MW,31.63,
7/25/2026 11:45:00 AM,RTD,CVIS,06SLYSOL_G02,G,7/25/2026 11:01:00 AM,7/25/2026 12:00:00 PM,MAX_OPERATING_MW,9.55,
7/25/2026 11:45:00 AM,RTD,CVIS,06SLYSOL_G02,G,7/25/2026 11:01:00 AM,7/25/2026 12:00:00 PM,MIN_OPERATING_MW,9.55,
7/25/2026 11:45:00 AM,RTD,CVIS,06SLYSOL_G03,G,7/25/2026 11:01:00 AM,7/25/2026 12:00:00 PM,MAX_OPERATING_MW,9.50,
7/25/2026 11:45:00 AM,RTD,CVIS,06SLYSOL_G03,G,7/25/2026 11:01:00 AM,7/25/2026 12:00:00 PM,MIN_OPERATING_MW,9.50,
7/25/2026 11:45:00 AM,RTD,CMIN,10LIAN_G02,G,7/25/2026 12:05:00 AM,7/25/2026 11:59:00 PM,MAX_OPERATING_MW,6,
7/25/2026 11:45:00 AM,RTD,CMIN,10LIAN_G02,G,7/25/2026 12:05:00 AM,7/25/2026 11:59:00 PM,MIN_OPERATING_MW,3,
7/25/2026 11:45:00 AM,RTD,CMIN,11MALADU_G01,G,7/25/2026 12:01:00 AM,7/26/2026,MAX_OPERATING_MW,9.50,
7/25/2026 11:45:00 AM,RTD,CMIN,11MALADU_G01,G,7/25/2026 12:01:00 AM,7/26/2026,MIN_OPERATING_MW,9.50,
7/25/2026 11:45:00 AM,RTD,CMIN,11MARAMSOL_G01,G,7/25/2026 10:31:00 AM,7/25/2026 2:30:00 PM,MAX_OPERATING_MW,27,
7/25/2026 11:45:00 AM,RTD,CMIN,11MARAMSOL_G01,G,7/25/2026 10:31:00 AM,7/25/2026 2:30:00 PM,MIN_OPERATING_MW,27,
7/25/2026 11:50:00 AM,RTD,CLUZ,01BARBASOL_G01,G,7/25/2026 11:46:00 AM,7/25/2026 11:50:00 AM,MAX_OPERATING_MW,65.02,
7/25/2026 11:50:00 AM,RTD,CLUZ,01BARBASOL_G01,G,7/25/2026 11:46:00 AM,7/25/2026 11:50:00 AM,MIN_OPERATING_MW,65.02,
7/25/2026 11:50:00 AM,RTD,CLUZ,01BARBASOL_G01,G,7/25/2026 11:51:00 AM,7/25/2026 11:55:00 AM,MAX_OPERATING_MW,65.02,
7/25/2026 11:50:00 AM,RTD,CLUZ,01BARBASOL_G01,G,7/25/2026 11:51:00 AM,7/25/2026 11:55:00 AM,MIN_OPERATING_MW,65.02,
7/25/2026 11:50:00 AM,RTD,CLUZ,01BUGSOL_G01,G,7/25/2026 11:46:00 AM,7/25/2026 11:50:00 AM,MAX_OPERATING_MW,141,
7/25/2026 11:50:00 AM,RTD,CLUZ,01BUGSOL_G01,G,7/25/2026 11:46:00 AM,7/25/2026 11:50:00 AM,MIN_OPERATING_MW,141,
7/25/2026 11:50:00 AM,RTD,CLUZ,01BUGSOL_G01,G,7/25/2026 11:51:00 AM,7/25/2026 11:55:00 AM,MAX_OPERATING_MW,141,
7/25/2026 11:50:00 AM,RTD,CLUZ,01BUGSOL_G01,G,7/25/2026 11:51:00 AM,7/25/2026 11:55:00 AM,MIN_OPERATING_MW,141,
7/25/2026 11:50:00 AM,RTD,CLUZ,01BULACSOL_G01,G,7/25/2026 11:01:00 AM,7/25/2026 12:00:00 PM,MAX_OPERATING_MW,3.50,
7/25/2026 11:50:00 AM,RTD,CLUZ,01BULACSOL_G01,G,7/25/2026 11:01:00 AM,7/25/2026 12:00:00 PM,MIN_OPERATING_MW,3.50,
7/25/2026 11:50:00 AM,RTD,CLUZ,01MSINLO_G04,G,7/25/2026 6:51:00 AM,7/26/2026,MAX_OPERATING_MW,150,
7/25/2026 11:50:00 AM,RTD,CLUZ,01MSINLO_G04,G,7/25/2026 6:51:00 AM,7/26/2026,MIN_OPERATING_MW,150,
7/25/2026 11:50:00 AM,RTD,CLUZ,01PASBUSOL_G01,G,7/25/2026 11:01:00 AM,7/25/2026 12:00:00 PM,MAX_OPERATING_MW,25.09,
7/25/2026 11:50:00 AM,RTD,CLUZ,01PASBUSOL_G01,G,7/25/2026 11:01:00 AM,7/25/2026 12:00:00 PM,MIN_OPERATING_MW,25.09,
7/25/2026 11:50:00 AM,RTD,CLUZ,01TERRASOL_G01,G,7/25/2026 9:16:00 AM,7/25/2026 12:10:00 PM,MAX_OPERATING_MW,600,
7/25/2026 11:50:00 AM,RTD,CLUZ,01TERRASOL_G01,G,7/25/2026 9:16:00 AM,7/25/2026 12:10:00 PM,MIN_OPERATING_MW,600,
7/25/2026 11:50:00 AM,RTD,CLUZ,03LUNSOL_G01,G,7/25/2026 11:46:00 AM,7/25/2026 11:50:00 AM,MAX_OPERATING_MW,31.63,
7/25/2026 11:50:00 AM,RTD,CLUZ,03LUNSOL_G01,G,7/25/2026 11:46:00 AM,7/25/2026 11:50:00 AM,MIN_OPERATING_MW,31.63,
7/25/2026 11:50:00 AM,RTD,CLUZ,03LUNSOL_G01,G,7/25/2026 11:51:00 AM,7/25/2026 11:55:00 AM,MAX_OPERATING_MW,31.58,
7/25/2026 11:50:00 AM,RTD,CLUZ,03LUNSOL_G01,G,7/25/2026 11:51:00 AM,7/25/2026 11:55:00 AM,MIN_OPERATING_MW,31.58,
7/25/2026 11:50:00 AM,RTD,CVIS,06SLYSOL_G02,G,7/25/2026 11:01:00 AM,7/25/2026 12:00:00 PM,MAX_OPERATING_MW,9.55,
7/25/2026 11:50:00 AM,RTD,CVIS,06SLYSOL_G02,G,7/25/2026 11:01:00 AM,7/25/2026 12:00:00 PM,MIN_OPERATING_MW,9.55,
7/25/2026 11:50:00 AM,RTD,CVIS,06SLYSOL_G03,G,7/25/2026 11:01:00 AM,7/25/2026 12:00:00 PM,MAX_OPERATING_MW,9.50,
7/25/2026 11:50:00 AM,RTD,CVIS,06SLYSOL_G03,G,7/25/2026 11:01:00 AM,7/25/2026 12:00:00 PM,MIN_OPERATING_MW,9.50,
7/25/2026 11:50:00 AM,RTD,CMIN,10LIAN_G02,G,7/25/2026 12:05:00 AM,7/25/2026 11:59:00 PM,MAX_OPERATING_MW,6,
7/25/2026 11:50:00 AM,RTD,CMIN,10LIAN_G02,G,7/25/2026 12:05:00 AM,7/25/2026 11:59:00 PM,MIN_OPERATING_MW,3,
7/25/2026 11:50:00 AM,RTD,CMIN,11MALADU_G01,G,7/25/2026 12:01:00 AM,7/26/2026,MAX_OPERATING_MW,9.50,
7/25/2026 11:50:00 AM,RTD,CMIN,11MALADU_G01,G,7/25/2026 12:01:00 AM,7/26/2026,MIN_OPERATING_MW,9.50,
7/25/2026 11:50:00 AM,RTD,CMIN,11MARAMSOL_G01,G,7/25/2026 10:31:00 AM,7/25/2026 2:30:00 PM,MAX_OPERATING_MW,27,
7/25/2026 11:50:00 AM,RTD,CMIN,11MARAMSOL_G01,G,7/25/2026 10:31:00 AM,7/25/2026 2:30:00 PM,MIN_OPERATING_MW,27,
7/25/2026 11:55:00 AM,RTD,CLUZ,01BARBASOL_G01,G,7/25/2026 11:51:00 AM,7/25/2026 11:55:00 AM,MAX_OPERATING_MW,65.02,
7/25/2026 11:55:00 AM,RTD,CLUZ,01BARBASOL_G01,G,7/25/2026 11:51:00 AM,7/25/2026 11:55:00 AM,MIN_OPERATING_MW,65.02,
7/25/2026 11:55:00 AM,RTD,CLUZ,01BARBASOL_G01,G,7/25/2026 11:56:00 AM,7/25/2026 12:00:00 PM,MAX_OPERATING_MW,65.02,
7/25/2026 11:55:00 AM,RTD,CLUZ,01BARBASOL_G01,G,7/25/2026 11:56:00 AM,7/25/2026 12:00:00 PM,MIN_OPERATING_MW,65.02,
7/25/2026 11:55:00 AM,RTD,CLUZ,01BUGSOL_G01,G,7/25/2026 11:51:00 AM,7/25/2026 11:55:00 AM,MAX_OPERATING_MW,141,
7/25/2026 11:55:00 AM,RTD,CLUZ,01BUGSOL_G01,G,7/25/2026 11:51:00 AM,7/25/2026 11:55:00 AM,MIN_OPERATING_MW,141,
7/25/2026 11:55:00 AM,RTD,CLUZ,01BUGSOL_G01,G,7/25/2026 11:56:00 AM,7/25/2026 12:00:00 PM,MAX_OPERATING_MW,125.80,
7/25/2026 11:55:00 AM,RTD,CLUZ,01BUGSOL_G01,G,7/25/2026 11:56:00 AM,7/25/2026 12:00:00 PM,MIN_OPERATING_MW,125.80,
7/25/2026 11:55:00 AM,RTD,CLUZ,01BULACSOL_G01,G,7/25/2026 11:01:00 AM,7/25/2026 12:00:00 PM,MAX_OPERATING_MW,3.50,
7/25/2026 11:55:00 AM,RTD,CLUZ,01BULACSOL_G01,G,7/25/2026 11:01:00 AM,7/25/2026 12:00:00 PM,MIN_OPERATING_MW,3.50,
7/25/2026 11:55:00 AM,RTD,CLUZ,01MSINLO_G04,G,7/25/2026 6:51:00 AM,7/26/2026,MAX_OPERATING_MW,150,
7/25/2026 11:55:00 AM,RTD,CLUZ,01MSINLO_G04,G,7/25/2026 6:51:00 AM,7/26/2026,MIN_OPERATING_MW,150,
7/25/2026 11:55:00 AM,RTD,CLUZ,01PASBUSOL_G01,G,7/25/2026 11:01:00 AM,7/25/2026 12:00:00 PM,MAX_OPERATING_MW,25.09,
7/25/2026 11:55:00 AM,RTD,CLUZ,01PASBUSOL_G01,G,7/25/2026 11:01:00 AM,7/25/2026 12:00:00 PM,MIN_OPERATING_MW,25.09,
7/25/2026 11:55:00 AM,RTD,CLUZ,01TERRASOL_G01,G,7/25/2026 9:16:00 AM,7/25/2026 12:10:00 PM,MAX_OPERATING_MW,600,
7/25/2026 11:55:00 AM,RTD,CLUZ,01TERRASOL_G01,G,7/25/2026 9:16:00 AM,7/25/2026 12:10:00 PM,MIN_OPERATING_MW,600,
7/25/2026 11:55:00 AM,RTD,CLUZ,03LUNSOL_G01,G,7/25/2026 11:51:00 AM,7/25/2026 11:55:00 AM,MAX_OPERATING_MW,31.58,
7/25/2026 11:55:00 AM,RTD,CLUZ,03LUNSOL_G01,G,7/25/2026 11:51:00 AM,7/25/2026 11:55:00 AM,MIN_OPERATING_MW,31.58,
7/25/2026 11:55:00 AM,RTD,CLUZ,03LUNSOL_G01,G,7/25/2026 11:56:00 AM,7/25/2026 12:00:00 PM,MAX_OPERATING_MW,31.52,
7/25/2026 11:55:00 AM,RTD,CLUZ,03LUNSOL_G01,G,7/25/2026 11:56:00 AM,7/25/2026 12:00:00 PM,MIN_OPERATING_MW,31.52,
7/25/2026 11:55:00 AM,RTD,CVIS,06SLYSOL_G02,G,7/25/2026 11:01:00 AM,7/25/2026 12:00:00 PM,MAX_OPERATING_MW,9.55,
7/25/2026 11:55:00 AM,RTD,CVIS,06SLYSOL_G02,G,7/25/2026 11:01:00 AM,7/25/2026 12:00:00 PM,MIN_OPERATING_MW,9.55,
7/25/2026 11:55:00 AM,RTD,CVIS,06SLYSOL_G03,G,7/25/2026 11:01:00 AM,7/25/2026 12:00:00 PM,MAX_OPERATING_MW,9.50,
7/25/2026 11:55:00 AM,RTD,CVIS,06SLYSOL_G03,G,7/25/2026 11:01:00 AM,7/25/2026 12:00:00 PM,MIN_OPERATING_MW,9.50,
7/25/2026 11:55:00 AM,RTD,CMIN,10LIAN_G02,G,7/25/2026 12:05:00 AM,7/25/2026 11:59:00 PM,MAX_OPERATING_MW,6,
7/25/2026 11:55:00 AM,RTD,CMIN,10LIAN_G02,G,7/25/2026 12:05:00 AM,7/25/2026 11:59:00 PM,MIN_OPERATING_MW,3,
7/25/2026 11:55:00 AM,RTD,CMIN,11MALADU_G01,G,7/25/2026 12:01:00 AM,7/26/2026,MAX_OPERATING_MW,9.50,
7/25/2026 11:55:00 AM,RTD,CMIN,11MALADU_G01,G,7/25/2026 12:01:00 AM,7/26/2026,MIN_OPERATING_MW,9.50,
7/25/2026 11:55:00 AM,RTD,CMIN,11MARAMSOL_G01,G,7/25/2026 10:31:00 AM,7/25/2026 2:30:00 PM,MAX_OPERATING_MW,27,
7/25/2026 11:55:00 AM,RTD,CMIN,11MARAMSOL_G01,G,7/25/2026 10:31:00 AM,7/25/2026 2:30:00 PM,MIN_OPERATING_MW,27,
7/25/2026 12:00:00 PM,RTD,CLUZ,01BARBASOL_G01,G,7/25/2026 11:56:00 AM,7/25/2026 12:00:00 PM,MAX_OPERATING_MW,65.02,
7/25/2026 12:00:00 PM,RTD,CLUZ,01BARBASOL_G01,G,7/25/2026 11:56:00 AM,7/25/2026 12:00:00 PM,MIN_OPERATING_MW,65.02,
7/25/2026 12:00:00 PM,RTD,CLUZ,01BARBASOL_G01,G,7/25/2026 12:01:00 PM,7/25/2026 12:05:00 PM,MAX_OPERATING_MW,64.81,
7/25/2026 12:00:00 PM,RTD,CLUZ,01BARBASOL_G01,G,7/25/2026 12:01:00 PM,7/25/2026 12:05:00 PM,MIN_OPERATING_MW,64.81,
7/25/2026 12:00:00 PM,RTD,CLUZ,01BUGSOL_G01,G,7/25/2026 11:56:00 AM,7/25/2026 12:00:00 PM,MAX_OPERATING_MW,125.80,
7/25/2026 12:00:00 PM,RTD,CLUZ,01BUGSOL_G01,G,7/25/2026 11:56:00 AM,7/25/2026 12:00:00 PM,MIN_OPERATING_MW,125.80,
7/25/2026 12:00:00 PM,RTD,CLUZ,01BUGSOL_G01,G,7/25/2026 12:01:00 PM,7/25/2026 12:05:00 PM,MAX_OPERATING_MW,133.90,
7/25/2026 12:00:00 PM,RTD,CLUZ,01BUGSOL_G01,G,7/25/2026 12:01:00 PM,7/25/2026 12:05:00 PM,MIN_OPERATING_MW,133.90,
7/25/2026 12:00:00 PM,RTD,CLUZ,01BULACSOL_G01,G,7/25/2026 11:01:00 AM,7/25/2026 12:00:00 PM,MAX_OPERATING_MW,3.50,
7/25/2026 12:00:00 PM,RTD,CLUZ,01BULACSOL_G01,G,7/25/2026 11:01:00 AM,7/25/2026 12:00:00 PM,MIN_OPERATING_MW,3.50,
7/25/2026 12:00:00 PM,RTD,CLUZ,01BULACSOL_G01,G,7/25/2026 12:01:00 PM,7/25/2026 1:00:00 PM,MAX_OPERATING_MW,3.35,
7/25/2026 12:00:00 PM,RTD,CLUZ,01BULACSOL_G01,G,7/25/2026 12:01:00 PM,7/25/2026 1:00:00 PM,MIN_OPERATING_MW,3.35,
7/25/2026 12:00:00 PM,RTD,CLUZ,01MSINLO_G04,G,7/25/2026 6:51:00 AM,7/26/2026,MAX_OPERATING_MW,150,
7/25/2026 12:00:00 PM,RTD,CLUZ,01MSINLO_G04,G,7/25/2026 6:51:00 AM,7/26/2026,MIN_OPERATING_MW,150,
7/25/2026 12:00:00 PM,RTD,CLUZ,01PASBUSOL_G01,G,7/25/2026 11:01:00 AM,7/25/2026 12:00:00 PM,MAX_OPERATING_MW,25.09,
7/25/2026 12:00:00 PM,RTD,CLUZ,01PASBUSOL_G01,G,7/25/2026 11:01:00 AM,7/25/2026 12:00:00 PM,MIN_OPERATING_MW,25.09,
7/25/2026 12:00:00 PM,RTD,CLUZ,01PASBUSOL_G01,G,7/25/2026 12:01:00 PM,7/25/2026 1:00:00 PM,MAX_OPERATING_MW,25.02,
7/25/2026 12:00:00 PM,RTD,CLUZ,01PASBUSOL_G01,G,7/25/2026 12:01:00 PM,7/25/2026 1:00:00 PM,MIN_OPERATING_MW,25.02,
7/25/2026 12:00:00 PM,RTD,CLUZ,01TERRASOL_G01,G,7/25/2026 9:16:00 AM,7/25/2026 12:10:00 PM,MAX_OPERATING_MW,600,
7/25/2026 12:00:00 PM,RTD,CLUZ,01TERRASOL_G01,G,7/25/2026 9:16:00 AM,7/25/2026 12:10:00 PM,MIN_OPERATING_MW,600,
7/25/2026 12:00:00 PM,RTD,CLUZ,03ALMNOS_BAT1,G,7/25/2026 12:01:00 PM,7/25/2026 4:00:00 PM,MAX_OPERATING_MW,0,
7/25/2026 12:00:00 PM,RTD,CLUZ,03ALMNOS_BAT1,G,7/25/2026 12:01:00 PM,7/25/2026 4:00:00 PM,MIN_OPERATING_MW,0,
7/25/2026 12:00:00 PM,RTD,CLUZ,03LUNSOL_G01,G,7/25/2026 11:56:00 AM,7/25/2026 12:00:00 PM,MAX_OPERATING_MW,31.52,
7/25/2026 12:00:00 PM,RTD,CLUZ,03LUNSOL_G01,G,7/25/2026 11:56:00 AM,7/25/2026 12:00:00 PM,MIN_OPERATING_MW,31.52,
7/25/2026 12:00:00 PM,RTD,CLUZ,03LUNSOL_G01,G,7/25/2026 12:01:00 PM,7/25/2026 12:05:00 PM,MAX_OPERATING_MW,31.44,
7/25/2026 12:00:00 PM,RTD,CLUZ,03LUNSOL_G01,G,7/25/2026 12:01:00 PM,7/25/2026 12:05:00 PM,MIN_OPERATING_MW,31.44,
7/25/2026 12:00:00 PM,RTD,CVIS,06SLYSOL_G02,G,7/25/2026 11:01:00 AM,7/25/2026 12:00:00 PM,MAX_OPERATING_MW,9.55,
7/25/2026 12:00:00 PM,RTD,CVIS,06SLYSOL_G02,G,7/25/2026 11:01:00 AM,7/25/2026 12:00:00 PM,MIN_OPERATING_MW,9.55,
7/25/2026 12:00:00 PM,RTD,CVIS,06SLYSOL_G02,G,7/25/2026 12:01:00 PM,7/25/2026 1:00:00 PM,MAX_OPERATING_MW,9.58,
7/25/2026 12:00:00 PM,RTD,CVIS,06SLYSOL_G02,G,7/25/2026 12:01:00 PM,7/25/2026 1:00:00 PM,MIN_OPERATING_MW,9.58,
7/25/2026 12:00:00 PM,RTD,CVIS,06SLYSOL_G03,G,7/25/2026 11:01:00 AM,7/25/2026 12:00:00 PM,MAX_OPERATING_MW,9.50,
7/25/2026 12:00:00 PM,RTD,CVIS,06SLYSOL_G03,G,7/25/2026 11:01:00 AM,7/25/2026 12:00:00 PM,MIN_OPERATING_MW,9.50,
7/25/2026 12:00:00 PM,RTD,CVIS,06SLYSOL_G03,G,7/25/2026 12:01:00 PM,7/25/2026 1:00:00 PM,MAX_OPERATING_MW,9.54,
7/25/2026 12:00:00 PM,RTD,CVIS,06SLYSOL_G03,G,7/25/2026 12:01:00 PM,7/25/2026 1:00:00 PM,MIN_OPERATING_MW,9.54,
7/25/2026 12:00:00 PM,RTD,CMIN,10LIAN_G02,G,7/25/2026 12:05:00 AM,7/25/2026 11:59:00 PM,MAX_OPERATING_MW,6,
7/25/2026 12:00:00 PM,RTD,CMIN,10LIAN_G02,G,7/25/2026 12:05:00 AM,7/25/2026 11:59:00 PM,MIN_OPERATING_MW,3,
7/25/2026 12:00:00 PM,RTD,CMIN,11MALADU_G01,G,7/25/2026 12:01:00 AM,7/26/2026,MAX_OPERATING_MW,9.50,
7/25/2026 12:00:00 PM,RTD,CMIN,11MALADU_G01,G,7/25/2026 12:01:00 AM,7/26/2026,MIN_OPERATING_MW,9.50,
7/25/2026 12:00:00 PM,RTD,CMIN,11MARAMSOL_G01,G,7/25/2026 10:31:00 AM,7/25/2026 2:30:00 PM,MAX_OPERATING_MW,27,
7/25/2026 12:00:00 PM,RTD,CMIN,11MARAMSOL_G01,G,7/25/2026 10:31:00 AM,7/25/2026 2:30:00 PM,MIN_OPERATING_MW,27,
7/25/2026 12:05:00 PM,RTD,CLUZ,01BARBASOL_G01,G,7/25/2026 12:01:00 PM,7/25/2026 12:05:00 PM,MAX_OPERATING_MW,64.81,
7/25/2026 12:05:00 PM,RTD,CLUZ,01BARBASOL_G01,G,7/25/2026 12:01:00 PM,7/25/2026 12:05:00 PM,MIN_OPERATING_MW,64.81,
7/25/2026 12:05:00 PM,RTD,CLUZ,01BARBASOL_G01,G,7/25/2026 12:06:00 PM,7/25/2026 12:10:00 PM,MAX_OPERATING_MW,64.35,
7/25/2026 12:05:00 PM,RTD,CLUZ,01BARBASOL_G01,G,7/25/2026 12:06:00 PM,7/25/2026 12:10:00 PM,MIN_OPERATING_MW,64.35,
7/25/2026 12:05:00 PM,RTD,CLUZ,01BUGSOL_G01,G,7/25/2026 12:01:00 PM,7/25/2026 12:05:00 PM,MAX_OPERATING_MW,133.90,
7/25/2026 12:05:00 PM,RTD,CLUZ,01BUGSOL_G01,G,7/25/2026 12:01:00 PM,7/25/2026 12:05:00 PM,MIN_OPERATING_MW,133.90,
7/25/2026 12:05:00 PM,RTD,CLUZ,01BUGSOL_G01,G,7/25/2026 12:06:00 PM,7/25/2026 12:10:00 PM,MAX_OPERATING_MW,118.80,
7/25/2026 12:05:00 PM,RTD,CLUZ,01BUGSOL_G01,G,7/25/2026 12:06:00 PM,7/25/2026 12:10:00 PM,MIN_OPERATING_MW,118.80,
7/25/2026 12:05:00 PM,RTD,CLUZ,01BULACSOL_G01,G,7/25/2026 12:01:00 PM,7/25/2026 1:00:00 PM,MAX_OPERATING_MW,3.35,
7/25/2026 12:05:00 PM,RTD,CLUZ,01BULACSOL_G01,G,7/25/2026 12:01:00 PM,7/25/2026 1:00:00 PM,MIN_OPERATING_MW,3.35,
7/25/2026 12:05:00 PM,RTD,CLUZ,01MSINLO_G04,G,7/25/2026 6:51:00 AM,7/26/2026,MAX_OPERATING_MW,150,
7/25/2026 12:05:00 PM,RTD,CLUZ,01MSINLO_G04,G,7/25/2026 6:51:00 AM,7/26/2026,MIN_OPERATING_MW,150,
7/25/2026 12:05:00 PM,RTD,CLUZ,01PASBUSOL_G01,G,7/25/2026 12:01:00 PM,7/25/2026 1:00:00 PM,MAX_OPERATING_MW,25.02,
7/25/2026 12:05:00 PM,RTD,CLUZ,01PASBUSOL_G01,G,7/25/2026 12:01:00 PM,7/25/2026 1:00:00 PM,MIN_OPERATING_MW,25.02,
7/25/2026 12:05:00 PM,RTD,CLUZ,01TERRASOL_G01,G,7/25/2026 9:16:00 AM,7/25/2026 12:10:00 PM,MAX_OPERATING_MW,600,
7/25/2026 12:05:00 PM,RTD,CLUZ,01TERRASOL_G01,G,7/25/2026 9:16:00 AM,7/25/2026 12:10:00 PM,MIN_OPERATING_MW,600,
7/25/2026 12:05:00 PM,RTD,CLUZ,03ALMNOS_BAT1,G,7/25/2026 12:01:00 PM,7/25/2026 4:00:00 PM,MAX_OPERATING_MW,0,
7/25/2026 12:05:00 PM,RTD,CLUZ,03ALMNOS_BAT1,G,7/25/2026 12:01:00 PM,7/25/2026 4:00:00 PM,MIN_OPERATING_MW,0,
7/25/2026 12:05:00 PM,RTD,CLUZ,03LUNSOL_G01,G,7/25/2026 12:01:00 PM,7/25/2026 12:05:00 PM,MAX_OPERATING_MW,31.44,
7/25/2026 12:05:00 PM,RTD,CLUZ,03LUNSOL_G01,G,7/25/2026 12:01:00 PM,7/25/2026 12:05:00 PM,MIN_OPERATING_MW,31.44,
7/25/2026 12:05:00 PM,RTD,CLUZ,03LUNSOL_G01,G,7/25/2026 12:06:00 PM,7/25/2026 12:10:00 PM,MAX_OPERATING_MW,31.34,
7/25/2026 12:05:00 PM,RTD,CLUZ,03LUNSOL_G01,G,7/25/2026 12:06:00 PM,7/25/2026 12:10:00 PM,MIN_OPERATING_MW,31.34,
7/25/2026 12:05:00 PM,RTD,CVIS,06SLYSOL_G02,G,7/25/2026 12:01:00 PM,7/25/2026 1:00:00 PM,MAX_OPERATING_MW,9.58,
7/25/2026 12:05:00 PM,RTD,CVIS,06SLYSOL_G02,G,7/25/2026 12:01:00 PM,7/25/2026 1:00:00 PM,MIN_OPERATING_MW,9.58,
7/25/2026 12:05:00 PM,RTD,CVIS,06SLYSOL_G03,G,7/25/2026 12:01:00 PM,7/25/2026 1:00:00 PM,MAX_OPERATING_MW,9.54,
7/25/2026 12:05:00 PM,RTD,CVIS,06SLYSOL_G03,G,7/25/2026 12:01:00 PM,7/25/2026 1:00:00 PM,MIN_OPERATING_MW,9.54,
7/25/2026 12:05:00 PM,RTD,CMIN,10LIAN_G02,G,7/25/2026 12:05:00 AM,7/25/2026 11:59:00 PM,MAX_OPERATING_MW,6,
7/25/2026 12:05:00 PM,RTD,CMIN,10LIAN_G02,G,7/25/2026 12:05:00 AM,7/25/2026 11:59:00 PM,MIN_OPERATING_MW,3,
7/25/2026 12:05:00 PM,RTD,CMIN,11MALADU_G01,G,7/25/2026 12:01:00 AM,7/26/2026,MAX_OPERATING_MW,9.50,
7/25/2026 12:05:00 PM,RTD,CMIN,11MALADU_G01,G,7/25/2026 12:01:00 AM,7/26/2026,MIN_OPERATING_MW,9.50,
7/25/2026 12:05:00 PM,RTD,CMIN,11MARAMSOL_G01,G,7/25/2026 10:31:00 AM,7/25/2026 2:30:00 PM,MAX_OPERATING_MW,27,
7/25/2026 12:05:00 PM,RTD,CMIN,11MARAMSOL_G01,G,7/25/2026 10:31:00 AM,7/25/2026 2:30:00 PM,MIN_OPERATING_MW,27,
7/25/2026 12:10:00 PM,RTD,CLUZ,01BARBASOL_G01,G,7/25/2026 12:06:00 PM,7/25/2026 12:10:00 PM,MAX_OPERATING_MW,64.35,
7/25/2026 12:10:00 PM,RTD,CLUZ,01BARBASOL_G01,G,7/25/2026 12:06:00 PM,7/25/2026 12:10:00 PM,MIN_OPERATING_MW,64.35,
7/25/2026 12:10:00 PM,RTD,CLUZ,01BARBASOL_G01,G,7/25/2026 12:11:00 PM,7/25/2026 12:15:00 PM,MAX_OPERATING_MW,63.81,
7/25/2026 12:10:00 PM,RTD,CLUZ,01BARBASOL_G01,G,7/25/2026 12:11:00 PM,7/25/2026 12:15:00 PM,MIN_OPERATING_MW,63.81,
7/25/2026 12:10:00 PM,RTD,CLUZ,01BUGSOL_G01,G,7/25/2026 12:06:00 PM,7/25/2026 12:10:00 PM,MAX_OPERATING_MW,118.80,
7/25/2026 12:10:00 PM,RTD,CLUZ,01BUGSOL_G01,G,7/25/2026 12:06:00 PM,7/25/2026 12:10:00 PM,MIN_OPERATING_MW,118.80,
7/25/2026 12:10:00 PM,RTD,CLUZ,01BUGSOL_G01,G,7/25/2026 12:11:00 PM,7/25/2026 12:15:00 PM,MAX_OPERATING_MW,115.60,
7/25/2026 12:10:00 PM,RTD,CLUZ,01BUGSOL_G01,G,7/25/2026 12:11:00 PM,7/25/2026 12:15:00 PM,MIN_OPERATING_MW,115.60,
7/25/2026 12:10:00 PM,RTD,CLUZ,01BULACSOL_G01,G,7/25/2026 12:01:00 PM,7/25/2026 1:00:00 PM,MAX_OPERATING_MW,3.35,
7/25/2026 12:10:00 PM,RTD,CLUZ,01BULACSOL_G01,G,7/25/2026 12:01:00 PM,7/25/2026 1:00:00 PM,MIN_OPERATING_MW,3.35,
7/25/2026 12:10:00 PM,RTD,CLUZ,01MSINLO_G04,G,7/25/2026 6:51:00 AM,7/26/2026,MAX_OPERATING_MW,150,
7/25/2026 12:10:00 PM,RTD,CLUZ,01MSINLO_G04,G,7/25/2026 6:51:00 AM,7/26/2026,MIN_OPERATING_MW,150,
7/25/2026 12:10:00 PM,RTD,CLUZ,01PASBUSOL_G01,G,7/25/2026 12:01:00 PM,7/25/2026 1:00:00 PM,MAX_OPERATING_MW,25.02,
7/25/2026 12:10:00 PM,RTD,CLUZ,01PASBUSOL_G01,G,7/25/2026 12:01:00 PM,7/25/2026 1:00:00 PM,MIN_OPERATING_MW,25.02,
7/25/2026 12:10:00 PM,RTD,CLUZ,01TERRASOL_G01,G,7/25/2026 9:16:00 AM,7/25/2026 12:10:00 PM,MAX_OPERATING_MW,600,
7/25/2026 12:10:00 PM,RTD,CLUZ,01TERRASOL_G01,G,7/25/2026 9:16:00 AM,7/25/2026 12:10:00 PM,MIN_OPERATING_MW,600,
7/25/2026 12:10:00 PM,RTD,CLUZ,01TERRASOL_G01,G,7/25/2026 12:11:00 PM,7/25/2026 12:15:00 PM,MAX_OPERATING_MW,500,
7/25/2026 12:10:00 PM,RTD,CLUZ,01TERRASOL_G01,G,7/25/2026 12:11:00 PM,7/25/2026 12:15:00 PM,MIN_OPERATING_MW,500,
7/25/2026 12:10:00 PM,RTD,CLUZ,03ALMNOS_BAT1,G,7/25/2026 12:01:00 PM,7/25/2026 4:00:00 PM,MAX_OPERATING_MW,0,
7/25/2026 12:10:00 PM,RTD,CLUZ,03ALMNOS_BAT1,G,7/25/2026 12:01:00 PM,7/25/2026 4:00:00 PM,MIN_OPERATING_MW,0,
7/25/2026 12:10:00 PM,RTD,CLUZ,03LUNSOL_G01,G,7/25/2026 12:06:00 PM,7/25/2026 12:10:00 PM,MAX_OPERATING_MW,31.34,
7/25/2026 12:10:00 PM,RTD,CLUZ,03LUNSOL_G01,G,7/25/2026 12:06:00 PM,7/25/2026 12:10:00 PM,MIN_OPERATING_MW,31.34,
7/25/2026 12:10:00 PM,RTD,CLUZ,03LUNSOL_G01,G,7/25/2026 12:11:00 PM,7/25/2026 12:15:00 PM,MAX_OPERATING_MW,31.23,
7/25/2026 12:10:00 PM,RTD,CLUZ,03LUNSOL_G01,G,7/25/2026 12:11:00 PM,7/25/2026 12:15:00 PM,MIN_OPERATING_MW,31.23,
7/25/2026 12:10:00 PM,RTD,CVIS,06SLYSOL_G02,G,7/25/2026 12:01:00 PM,7/25/2026 1:00:00 PM,MAX_OPERATING_MW,9.58,
7/25/2026 12:10:00 PM,RTD,CVIS,06SLYSOL_G02,G,7/25/2026 12:01:00 PM,7/25/2026 1:00:00 PM,MIN_OPERATING_MW,9.58,
7/25/2026 12:10:00 PM,RTD,CVIS,06SLYSOL_G03,G,7/25/2026 12:01:00 PM,7/25/2026 1:00:00 PM,MAX_OPERATING_MW,9.54,
7/25/2026 12:10:00 PM,RTD,CVIS,06SLYSOL_G03,G,7/25/2026 12:01:00 PM,7/25/2026 1:00:00 PM,MIN_OPERATING_MW,9.54,
7/25/2026 12:10:00 PM,RTD,CMIN,10LIAN_G02,G,7/25/2026 12:05:00 AM,7/25/2026 11:59:00 PM,MAX_OPERATING_MW,6,
7/25/2026 12:10:00 PM,RTD,CMIN,10LIAN_G02,G,7/25/2026 12:05:00 AM,7/25/2026 11:59:00 PM,MIN_OPERATING_MW,3,
7/25/2026 12:10:00 PM,RTD,CMIN,11MALADU_G01,G,7/25/2026 12:01:00 AM,7/26/2026,MAX_OPERATING_MW,9.50,
7/25/2026 12:10:00 PM,RTD,CMIN,11MALADU_G01,G,7/25/2026 12:01:00 AM,7/26/2026,MIN_OPERATING_MW,9.50,
7/25/2026 12:10:00 PM,RTD,CMIN,11MARAMSOL_G01,G,7/25/2026 10:31:00 AM,7/25/2026 2:30:00 PM,MAX_OPERATING_MW,27,
7/25/2026 12:10:00 PM,RTD,CMIN,11MARAMSOL_G01,G,7/25/2026 10:31:00 AM,7/25/2026 2:30:00 PM,MIN_OPERATING_MW,27,
7/25/2026 12:15:00 PM,RTD,CLUZ,01BARBASOL_G01,G,7/25/2026 12:11:00 PM,7/25/2026 12:15:00 PM,MAX_OPERATING_MW,63.81,
7/25/2026 12:15:00 PM,RTD,CLUZ,01BARBASOL_G01,G,7/25/2026 12:11:00 PM,7/25/2026 12:15:00 PM,MIN_OPERATING_MW,63.81,
7/25/2026 12:15:00 PM,RTD,CLUZ,01BARBASOL_G01,G,7/25/2026 12:16:00 PM,7/25/2026 12:20:00 PM,MAX_OPERATING_MW,63.20,
7/25/2026 12:15:00 PM,RTD,CLUZ,01BARBASOL_G01,G,7/25/2026 12:16:00 PM,7/25/2026 12:20:00 PM,MIN_OPERATING_MW,63.20,
7/25/2026 12:15:00 PM,RTD,CLUZ,01BUGSOL_G01,G,7/25/2026 12:11:00 PM,7/25/2026 12:15:00 PM,MAX_OPERATING_MW,115.60,
7/25/2026 12:15:00 PM,RTD,CLUZ,01BUGSOL_G01,G,7/25/2026 12:11:00 PM,7/25/2026 12:15:00 PM,MIN_OPERATING_MW,115.60,
7/25/2026 12:15:00 PM,RTD,CLUZ,01BUGSOL_G01,G,7/25/2026 12:16:00 PM,7/25/2026 12:20:00 PM,MAX_OPERATING_MW,119,
7/25/2026 12:15:00 PM,RTD,CLUZ,01BUGSOL_G01,G,7/25/2026 12:16:00 PM,7/25/2026 12:20:00 PM,MIN_OPERATING_MW,119,
7/25/2026 12:15:00 PM,RTD,CLUZ,01BULACSOL_G01,G,7/25/2026 12:01:00 PM,7/25/2026 1:00:00 PM,MAX_OPERATING_MW,3.35,
7/25/2026 12:15:00 PM,RTD,CLUZ,01BULACSOL_G01,G,7/25/2026 12:01:00 PM,7/25/2026 1:00:00 PM,MIN_OPERATING_MW,3.35,
7/25/2026 12:15:00 PM,RTD,CLUZ,01MSINLO_G04,G,7/25/2026 6:51:00 AM,7/26/2026,MAX_OPERATING_MW,150,
7/25/2026 12:15:00 PM,RTD,CLUZ,01MSINLO_G04,G,7/25/2026 6:51:00 AM,7/26/2026,MIN_OPERATING_MW,150,
7/25/2026 12:15:00 PM,RTD,CLUZ,01PASBUSOL_G01,G,7/25/2026 12:01:00 PM,7/25/2026 1:00:00 PM,MAX_OPERATING_MW,25.02,
7/25/2026 12:15:00 PM,RTD,CLUZ,01PASBUSOL_G01,G,7/25/2026 12:01:00 PM,7/25/2026 1:00:00 PM,MIN_OPERATING_MW,25.02,
7/25/2026 12:15:00 PM,RTD,CLUZ,01TERRASOL_G01,G,7/25/2026 12:11:00 PM,7/25/2026 12:15:00 PM,MAX_OPERATING_MW,500,
7/25/2026 12:15:00 PM,RTD,CLUZ,01TERRASOL_G01,G,7/25/2026 12:11:00 PM,7/25/2026 12:15:00 PM,MIN_OPERATING_MW,500,
7/25/2026 12:15:00 PM,RTD,CLUZ,01TERRASOL_G01,G,7/25/2026 12:16:00 PM,7/25/2026 1:00:00 PM,MAX_OPERATING_MW,400,
7/25/2026 12:15:00 PM,RTD,CLUZ,01TERRASOL_G01,G,7/25/2026 12:16:00 PM,7/25/2026 1:00:00 PM,MIN_OPERATING_MW,400,
7/25/2026 12:15:00 PM,RTD,CLUZ,03ALMNOS_BAT1,G,7/25/2026 12:01:00 PM,7/25/2026 4:00:00 PM,MAX_OPERATING_MW,0,
7/25/2026 12:15:00 PM,RTD,CLUZ,03ALMNOS_BAT1,G,7/25/2026 12:01:00 PM,7/25/2026 4:00:00 PM,MIN_OPERATING_MW,0,
7/25/2026 12:15:00 PM,RTD,CLUZ,03LUNSOL_G01,G,7/25/2026 12:11:00 PM,7/25/2026 12:15:00 PM,MAX_OPERATING_MW,31.23,
7/25/2026 12:15:00 PM,RTD,CLUZ,03LUNSOL_G01,G,7/25/2026 12:11:00 PM,7/25/2026 12:15:00 PM,MIN_OPERATING_MW,31.23,
7/25/2026 12:15:00 PM,RTD,CLUZ,03LUNSOL_G01,G,7/25/2026 12:16:00 PM,7/25/2026 12:20:00 PM,MAX_OPERATING_MW,31.09,
7/25/2026 12:15:00 PM,RTD,CLUZ,03LUNSOL_G01,G,7/25/2026 12:16:00 PM,7/25/2026 12:20:00 PM,MIN_OPERATING_MW,31.09,
7/25/2026 12:15:00 PM,RTD,CVIS,06SLYSOL_G02,G,7/25/2026 12:01:00 PM,7/25/2026 1:00:00 PM,MAX_OPERATING_MW,9.58,
7/25/2026 12:15:00 PM,RTD,CVIS,06SLYSOL_G02,G,7/25/2026 12:01:00 PM,7/25/2026 1:00:00 PM,MIN_OPERATING_MW,9.58,
7/25/2026 12:15:00 PM,RTD,CVIS,06SLYSOL_G03,G,7/25/2026 12:01:00 PM,7/25/2026 1:00:00 PM,MAX_OPERATING_MW,9.54,
7/25/2026 12:15:00 PM,RTD,CVIS,06SLYSOL_G03,G,7/25/2026 12:01:00 PM,7/25/2026 1:00:00 PM,MIN_OPERATING_MW,9.54,
7/25/2026 12:15:00 PM,RTD,CMIN,10LIAN_G02,G,7/25/2026 12:05:00 AM,7/25/2026 11:59:00 PM,MAX_OPERATING_MW,6,
7/25/2026 12:15:00 PM,RTD,CMIN,10LIAN_G02,G,7/25/2026 12:05:00 AM,7/25/2026 11:59:00 PM,MIN_OPERATING_MW,3,
7/25/2026 12:15:00 PM,RTD,CMIN,11MALADU_G01,G,7/25/2026 12:01:00 AM,7/26/2026,MAX_OPERATING_MW,9.50,
7/25/2026 12:15:00 PM,RTD,CMIN,11MALADU_G01,G,7/25/2026 12:01:00 AM,7/26/2026,MIN_OPERATING_MW,9.50,
7/25/2026 12:15:00 PM,RTD,CMIN,11MARAMSOL_G01,G,7/25/2026 10:31:00 AM,7/25/2026 2:30:00 PM,MAX_OPERATING_MW,27,
7/25/2026 12:15:00 PM,RTD,CMIN,11MARAMSOL_G01,G,7/25/2026 10:31:00 AM,7/25/2026 2:30:00 PM,MIN_OPERATING_MW,27,
7/25/2026 12:20:00 PM,RTD,CLUZ,01BARBASOL_G01,G,7/25/2026 12:16:00 PM,7/25/2026 12:20:00 PM,MAX_OPERATING_MW,63.20,
7/25/2026 12:20:00 PM,RTD,CLUZ,01BARBASOL_G01,G,7/25/2026 12:16:00 PM,7/25/2026 12:20:00 PM,MIN_OPERATING_MW,63.20,
7/25/2026 12:20:00 PM,RTD,CLUZ,01BARBASOL_G01,G,7/25/2026 12:21:00 PM,7/25/2026 12:25:00 PM,MAX_OPERATING_MW,62.52,
7/25/2026 12:20:00 PM,RTD,CLUZ,01BARBASOL_G01,G,7/25/2026 12:21:00 PM,7/25/2026 12:25:00 PM,MIN_OPERATING_MW,62.52,
7/25/2026 12:20:00 PM,RTD,CLUZ,01BUGSOL_G01,G,7/25/2026 12:16:00 PM,7/25/2026 12:20:00 PM,MAX_OPERATING_MW,119,
7/25/2026 12:20:00 PM,RTD,CLUZ,01BUGSOL_G01,G,7/25/2026 12:16:00 PM,7/25/2026 12:20:00 PM,MIN_OPERATING_MW,119,
7/25/2026 12:20:00 PM,RTD,CLUZ,01BUGSOL_G01,G,7/25/2026 12:21:00 PM,7/25/2026 12:25:00 PM,MAX_OPERATING_MW,123.10,
7/25/2026 12:20:00 PM,RTD,CLUZ,01BUGSOL_G01,G,7/25/2026 12:21:00 PM,7/25/2026 12:25:00 PM,MIN_OPERATING_MW,123.10,
7/25/2026 12:20:00 PM,RTD,CLUZ,01BULACSOL_G01,G,7/25/2026 12:01:00 PM,7/25/2026 1:00:00 PM,MAX_OPERATING_MW,3.35,
7/25/2026 12:20:00 PM,RTD,CLUZ,01BULACSOL_G01,G,7/25/2026 12:01:00 PM,7/25/2026 1:00:00 PM,MIN_OPERATING_MW,3.35,
7/25/2026 12:20:00 PM,RTD,CLUZ,01MSINLO_G04,G,7/25/2026 6:51:00 AM,7/26/2026,MAX_OPERATING_MW,150,
7/25/2026 12:20:00 PM,RTD,CLUZ,01MSINLO_G04,G,7/25/2026 6:51:00 AM,7/26/2026,MIN_OPERATING_MW,150,
7/25/2026 12:20:00 PM,RTD,CLUZ,01PASBUSOL_G01,G,7/25/2026 12:01:00 PM,7/25/2026 1:00:00 PM,MAX_OPERATING_MW,25.02,
7/25/2026 12:20:00 PM,RTD,CLUZ,01PASBUSOL_G01,G,7/25/2026 12:01:00 PM,7/25/2026 1:00:00 PM,MIN_OPERATING_MW,25.02,
7/25/2026 12:20:00 PM,RTD,CLUZ,01TERRASOL_G01,G,7/25/2026 12:16:00 PM,7/25/2026 1:00:00 PM,MAX_OPERATING_MW,400,
7/25/2026 12:20:00 PM,RTD,CLUZ,01TERRASOL_G01,G,7/25/2026 12:16:00 PM,7/25/2026 1:00:00 PM,MIN_OPERATING_MW,400,
7/25/2026 12:20:00 PM,RTD,CLUZ,03ALMNOS_BAT1,G,7/25/2026 12:01:00 PM,7/25/2026 4:00:00 PM,MAX_OPERATING_MW,0,
7/25/2026 12:20:00 PM,RTD,CLUZ,03ALMNOS_BAT1,G,7/25/2026 12:01:00 PM,7/25/2026 4:00:00 PM,MIN_OPERATING_MW,0,
7/25/2026 12:20:00 PM,RTD,CLUZ,03LUNSOL_G01,G,7/25/2026 12:16:00 PM,7/25/2026 12:20:00 PM,MAX_OPERATING_MW,31.09,
7/25/2026 12:20:00 PM,RTD,CLUZ,03LUNSOL_G01,G,7/25/2026 12:16:00 PM,7/25/2026 12:20:00 PM,MIN_OPERATING_MW,31.09,
7/25/2026 12:20:00 PM,RTD,CLUZ,03LUNSOL_G01,G,7/25/2026 12:21:00 PM,7/25/2026 12:25:00 PM,MAX_OPERATING_MW,30.92,
7/25/2026 12:20:00 PM,RTD,CLUZ,03LUNSOL_G01,G,7/25/2026 12:21:00 PM,7/25/2026 12:25:00 PM,MIN_OPERATING_MW,30.92,
7/25/2026 12:20:00 PM,RTD,CVIS,06SLYSOL_G02,G,7/25/2026 12:01:00 PM,7/25/2026 1:00:00 PM,MAX_OPERATING_MW,9.58,
7/25/2026 12:20:00 PM,RTD,CVIS,06SLYSOL_G02,G,7/25/2026 12:01:00 PM,7/25/2026 1:00:00 PM,MIN_OPERATING_MW,9.58,
7/25/2026 12:20:00 PM,RTD,CVIS,06SLYSOL_G03,G,7/25/2026 12:01:00 PM,7/25/2026 1:00:00 PM,MAX_OPERATING_MW,9.54,
7/25/2026 12:20:00 PM,RTD,CVIS,06SLYSOL_G03,G,7/25/2026 12:01:00 PM,7/25/2026 1:00:00 PM,MIN_OPERATING_MW,9.54,
7/25/2026 12:20:00 PM,RTD,CMIN,10LIAN_G02,G,7/25/2026 12:05:00 AM,7/25/2026 11:59:00 PM,MAX_OPERATING_MW,6,
7/25/2026 12:20:00 PM,RTD,CMIN,10LIAN_G02,G,7/25/2026 12:05:00 AM,7/25/2026 11:59:00 PM,MIN_OPERATING_MW,3,
7/25/2026 12:20:00 PM,RTD,CMIN,11MALADU_G01,G,7/25/2026 12:01:00 AM,7/26/2026,MAX_OPERATING_MW,9.50,
7/25/2026 12:20:00 PM,RTD,CMIN,11MALADU_G01,G,7/25/2026 12:01:00 AM,7/26/2026,MIN_OPERATING_MW,9.50,
7/25/2026 12:20:00 PM,RTD,CMIN,11MARAMSOL_G01,G,7/25/2026 10:31:00 AM,7/25/2026 2:30:00 PM,MAX_OPERATING_MW,27,
7/25/2026 12:20:00 PM,RTD,CMIN,11MARAMSOL_G01,G,7/25/2026 10:31:00 AM,7/25/2026 2:30:00 PM,MIN_OPERATING_MW,27,
7/25/2026 12:25:00 PM,RTD,CLUZ,01BARBASOL_G01,G,7/25/2026 12:21:00 PM,7/25/2026 12:25:00 PM,MAX_OPERATING_MW,62.52,
7/25/2026 12:25:00 PM,RTD,CLUZ,01BARBASOL_G01,G,7/25/2026 12:21:00 PM,7/25/2026 12:25:00 PM,MIN_OPERATING_MW,62.52,
7/25/2026 12:25:00 PM,RTD,CLUZ,01BARBASOL_G01,G,7/25/2026 12:26:00 PM,7/25/2026 12:30:00 PM,MAX_OPERATING_MW,61.78,
7/25/2026 12:25:00 PM,RTD,CLUZ,01BARBASOL_G01,G,7/25/2026 12:26:00 PM,7/25/2026 12:30:00 PM,MIN_OPERATING_MW,61.78,
7/25/2026 12:25:00 PM,RTD,CLUZ,01BUGSOL_G01,G,7/25/2026 12:21:00 PM,7/25/2026 12:25:00 PM,MAX_OPERATING_MW,393.92,
7/25/2026 12:25:00 PM,RTD,CLUZ,01BUGSOL_G01,G,7/25/2026 12:21:00 PM,7/25/2026 12:25:00 PM,MIN_OPERATING_MW,393.92,
7/25/2026 12:25:00 PM,RTD,CLUZ,01BUGSOL_G01,G,7/25/2026 12:26:00 PM,7/25/2026 12:30:00 PM,MAX_OPERATING_MW,393.28,
7/25/2026 12:25:00 PM,RTD,CLUZ,01BUGSOL_G01,G,7/25/2026 12:26:00 PM,7/25/2026 12:30:00 PM,MIN_OPERATING_MW,393.28,
7/25/2026 12:25:00 PM,RTD,CLUZ,01BULACSOL_G01,G,7/25/2026 12:01:00 PM,7/25/2026 1:00:00 PM,MAX_OPERATING_MW,3.35,
7/25/2026 12:25:00 PM,RTD,CLUZ,01BULACSOL_G01,G,7/25/2026 12:01:00 PM,7/25/2026 1:00:00 PM,MIN_OPERATING_MW,3.35,
7/25/2026 12:25:00 PM,RTD,CLUZ,01MSINLO_G04,G,7/25/2026 6:51:00 AM,7/26/2026,MAX_OPERATING_MW,150,
7/25/2026 12:25:00 PM,RTD,CLUZ,01MSINLO_G04,G,7/25/2026 6:51:00 AM,7/26/2026,MIN_OPERATING_MW,150,
7/25/2026 12:25:00 PM,RTD,CLUZ,01PASBUSOL_G01,G,7/25/2026 12:01:00 PM,7/25/2026 1:00:00 PM,MAX_OPERATING_MW,25.02,
7/25/2026 12:25:00 PM,RTD,CLUZ,01PASBUSOL_G01,G,7/25/2026 12:01:00 PM,7/25/2026 1:00:00 PM,MIN_OPERATING_MW,25.02,
7/25/2026 12:25:00 PM,RTD,CLUZ,01TERRASOL_G01,G,7/25/2026 12:16:00 PM,7/25/2026 1:00:00 PM,MAX_OPERATING_MW,400,
7/25/2026 12:25:00 PM,RTD,CLUZ,01TERRASOL_G01,G,7/25/2026 12:16:00 PM,7/25/2026 1:00:00 PM,MIN_OPERATING_MW,400,
7/25/2026 12:25:00 PM,RTD,CLUZ,03ALMNOS_BAT1,G,7/25/2026 12:01:00 PM,7/25/2026 4:00:00 PM,MAX_OPERATING_MW,0,
7/25/2026 12:25:00 PM,RTD,CLUZ,03ALMNOS_BAT1,G,7/25/2026 12:01:00 PM,7/25/2026 4:00:00 PM,MIN_OPERATING_MW,0,
7/25/2026 12:25:00 PM,RTD,CLUZ,03LUNSOL_G01,G,7/25/2026 12:21:00 PM,7/25/2026 12:25:00 PM,MAX_OPERATING_MW,30.92,
7/25/2026 12:25:00 PM,RTD,CLUZ,03LUNSOL_G01,G,7/25/2026 12:21:00 PM,7/25/2026 12:25:00 PM,MIN_OPERATING_MW,30.92,
7/25/2026 12:25:00 PM,RTD,CLUZ,03LUNSOL_G01,G,7/25/2026 12:26:00 PM,7/25/2026 12:30:00 PM,MAX_OPERATING_MW,30.73,
7/25/2026 12:25:00 PM,RTD,CLUZ,03LUNSOL_G01,G,7/25/2026 12:26:00 PM,7/25/2026 12:30:00 PM,MIN_OPERATING_MW,30.73,
7/25/2026 12:25:00 PM,RTD,CVIS,06SLYSOL_G02,G,7/25/2026 12:01:00 PM,7/25/2026 1:00:00 PM,MAX_OPERATING_MW,9.58,
7/25/2026 12:25:00 PM,RTD,CVIS,06SLYSOL_G02,G,7/25/2026 12:01:00 PM,7/25/2026 1:00:00 PM,MIN_OPERATING_MW,9.58,
7/25/2026 12:25:00 PM,RTD,CVIS,06SLYSOL_G03,G,7/25/2026 12:01:00 PM,7/25/2026 1:00:00 PM,MAX_OPERATING_MW,9.54,
7/25/2026 12:25:00 PM,RTD,CVIS,06SLYSOL_G03,G,7/25/2026 12:01:00 PM,7/25/2026 1:00:00 PM,MIN_OPERATING_MW,9.54,
7/25/2026 12:25:00 PM,RTD,CMIN,10LIAN_G02,G,7/25/2026 12:05:00 AM,7/25/2026 11:59:00 PM,MAX_OPERATING_MW,6,
7/25/2026 12:25:00 PM,RTD,CMIN,10LIAN_G02,G,7/25/2026 12:05:00 AM,7/25/2026 11:59:00 PM,MIN_OPERATING_MW,3,
7/25/2026 12:25:00 PM,RTD,CMIN,11MALADU_G01,G,7/25/2026 12:01:00 AM,7/26/2026,MAX_OPERATING_MW,9.50,
7/25/2026 12:25:00 PM,RTD,CMIN,11MALADU_G01,G,7/25/2026 12:01:00 AM,7/26/2026,MIN_OPERATING_MW,9.50,
7/25/2026 12:25:00 PM,RTD,CMIN,11MARAMSOL_G01,G,7/25/2026 10:31:00 AM,7/25/2026 2:30:00 PM,MAX_OPERATING_MW,27,
7/25/2026 12:25:00 PM,RTD,CMIN,11MARAMSOL_G01,G,7/25/2026 10:31:00 AM,7/25/2026 2:30:00 PM,MIN_OPERATING_MW,27,
7/25/2026 12:30:00 PM,RTD,CLUZ,01BARBASOL_G01,G,7/25/2026 12:26:00 PM,7/25/2026 12:30:00 PM,MAX_OPERATING_MW,61.78,
7/25/2026 12:30:00 PM,RTD,CLUZ,01BARBASOL_G01,G,7/25/2026 12:26:00 PM,7/25/2026 12:30:00 PM,MIN_OPERATING_MW,61.78,
7/25/2026 12:30:00 PM,RTD,CLUZ,01BARBASOL_G01,G,7/25/2026 12:31:00 PM,7/25/2026 12:35:00 PM,MAX_OPERATING_MW,60.98,
7/25/2026 12:30:00 PM,RTD,CLUZ,01BARBASOL_G01,G,7/25/2026 12:31:00 PM,7/25/2026 12:35:00 PM,MIN_OPERATING_MW,60.98,
7/25/2026 12:30:00 PM,RTD,CLUZ,01BUGSOL_G01,G,7/25/2026 12:26:00 PM,7/25/2026 12:30:00 PM,MAX_OPERATING_MW,393.28,
7/25/2026 12:30:00 PM,RTD,CLUZ,01BUGSOL_G01,G,7/25/2026 12:26:00 PM,7/25/2026 12:30:00 PM,MIN_OPERATING_MW,393.28,
7/25/2026 12:30:00 PM,RTD,CLUZ,01BUGSOL_G01,G,7/25/2026 12:31:00 PM,7/25/2026 12:35:00 PM,MAX_OPERATING_MW,403.52,
7/25/2026 12:30:00 PM,RTD,CLUZ,01BUGSOL_G01,G,7/25/2026 12:31:00 PM,7/25/2026 12:35:00 PM,MIN_OPERATING_MW,403.52,
7/25/2026 12:30:00 PM,RTD,CLUZ,01BULACSOL_G01,G,7/25/2026 12:01:00 PM,7/25/2026 1:00:00 PM,MAX_OPERATING_MW,3.35,
7/25/2026 12:30:00 PM,RTD,CLUZ,01BULACSOL_G01,G,7/25/2026 12:01:00 PM,7/25/2026 1:00:00 PM,MIN_OPERATING_MW,3.35,
7/25/2026 12:30:00 PM,RTD,CLUZ,01MSINLO_G04,G,7/25/2026 6:51:00 AM,7/26/2026,MAX_OPERATING_MW,150,
7/25/2026 12:30:00 PM,RTD,CLUZ,01MSINLO_G04,G,7/25/2026 6:51:00 AM,7/26/2026,MIN_OPERATING_MW,150,
7/25/2026 12:30:00 PM,RTD,CLUZ,01PASBUSOL_G01,G,7/25/2026 12:01:00 PM,7/25/2026 1:00:00 PM,MAX_OPERATING_MW,25.02,
7/25/2026 12:30:00 PM,RTD,CLUZ,01PASBUSOL_G01,G,7/25/2026 12:01:00 PM,7/25/2026 1:00:00 PM,MIN_OPERATING_MW,25.02,
7/25/2026 12:30:00 PM,RTD,CLUZ,01TERRASOL_G01,G,7/25/2026 12:16:00 PM,7/25/2026 1:00:00 PM,MAX_OPERATING_MW,400,
7/25/2026 12:30:00 PM,RTD,CLUZ,01TERRASOL_G01,G,7/25/2026 12:16:00 PM,7/25/2026 1:00:00 PM,MIN_OPERATING_MW,400,
7/25/2026 12:30:00 PM,RTD,CLUZ,03ALMNOS_BAT1,G,7/25/2026 12:01:00 PM,7/25/2026 4:00:00 PM,MAX_OPERATING_MW,0,
7/25/2026 12:30:00 PM,RTD,CLUZ,03ALMNOS_BAT1,G,7/25/2026 12:01:00 PM,7/25/2026 4:00:00 PM,MIN_OPERATING_MW,0,
7/25/2026 12:30:00 PM,RTD,CLUZ,03LUNSOL_G01,G,7/25/2026 12:26:00 PM,7/25/2026 12:30:00 PM,MAX_OPERATING_MW,30.73,
7/25/2026 12:30:00 PM,RTD,CLUZ,03LUNSOL_G01,G,7/25/2026 12:26:00 PM,7/25/2026 12:30:00 PM,MIN_OPERATING_MW,30.73,
7/25/2026 12:30:00 PM,RTD,CLUZ,03LUNSOL_G01,G,7/25/2026 12:31:00 PM,7/25/2026 12:35:00 PM,MAX_OPERATING_MW,30.52,
7/25/2026 12:30:00 PM,RTD,CLUZ,03LUNSOL_G01,G,7/25/2026 12:31:00 PM,7/25/2026 12:35:00 PM,MIN_OPERATING_MW,30.52,
7/25/2026 12:30:00 PM,RTD,CVIS,06SLYSOL_G02,G,7/25/2026 12:01:00 PM,7/25/2026 1:00:00 PM,MAX_OPERATING_MW,9.58,
7/25/2026 12:30:00 PM,RTD,CVIS,06SLYSOL_G02,G,7/25/2026 12:01:00 PM,7/25/2026 1:00:00 PM,MIN_OPERATING_MW,9.58,
7/25/2026 12:30:00 PM,RTD,CVIS,06SLYSOL_G03,G,7/25/2026 12:01:00 PM,7/25/2026 1:00:00 PM,MAX_OPERATING_MW,9.54,
7/25/2026 12:30:00 PM,RTD,CVIS,06SLYSOL_G03,G,7/25/2026 12:01:00 PM,7/25/2026 1:00:00 PM,MIN_OPERATING_MW,9.54,
7/25/2026 12:30:00 PM,RTD,CMIN,10LIAN_G02,G,7/25/2026 12:05:00 AM,7/25/2026 11:59:00 PM,MAX_OPERATING_MW,6,
7/25/2026 12:30:00 PM,RTD,CMIN,10LIAN_G02,G,7/25/2026 12:05:00 AM,7/25/2026 11:59:00 PM,MIN_OPERATING_MW,3,
7/25/2026 12:30:00 PM,RTD,CMIN,11MALADU_G01,G,7/25/2026 12:01:00 AM,7/26/2026,MAX_OPERATING_MW,9.50,
7/25/2026 12:30:00 PM,RTD,CMIN,11MALADU_G01,G,7/25/2026 12:01:00 AM,7/26/2026,MIN_OPERATING_MW,9.50,
7/25/2026 12:30:00 PM,RTD,CMIN,11MARAMSOL_G01,G,7/25/2026 10:31:00 AM,7/25/2026 2:30:00 PM,MAX_OPERATING_MW,27,
7/25/2026 12:30:00 PM,RTD,CMIN,11MARAMSOL_G01,G,7/25/2026 10:31:00 AM,7/25/2026 2:30:00 PM,MIN_OPERATING_MW,27,
7/25/2026 12:35:00 PM,RTD,CLUZ,01BARBASOL_G01,G,7/25/2026 12:31:00 PM,7/25/2026 12:35:00 PM,MAX_OPERATING_MW,60.98,
7/25/2026 12:35:00 PM,RTD,CLUZ,01BARBASOL_G01,G,7/25/2026 12:31:00 PM,7/25/2026 12:35:00 PM,MIN_OPERATING_MW,60.98,
7/25/2026 12:35:00 PM,RTD,CLUZ,01BARBASOL_G01,G,7/25/2026 12:36:00 PM,7/25/2026 12:40:00 PM,MAX_OPERATING_MW,60.13,
7/25/2026 12:35:00 PM,RTD,CLUZ,01BARBASOL_G01,G,7/25/2026 12:36:00 PM,7/25/2026 12:40:00 PM,MIN_OPERATING_MW,60.13,
7/25/2026 12:35:00 PM,RTD,CLUZ,01BUGSOL_G01,G,7/25/2026 12:31:00 PM,7/25/2026 12:35:00 PM,MAX_OPERATING_MW,403.52,
7/25/2026 12:35:00 PM,RTD,CLUZ,01BUGSOL_G01,G,7/25/2026 12:31:00 PM,7/25/2026 12:35:00 PM,MIN_OPERATING_MW,403.52,
7/25/2026 12:35:00 PM,RTD,CLUZ,01BUGSOL_G01,G,7/25/2026 12:36:00 PM,7/25/2026 12:40:00 PM,MAX_OPERATING_MW,406.40,
7/25/2026 12:35:00 PM,RTD,CLUZ,01BUGSOL_G01,G,7/25/2026 12:36:00 PM,7/25/2026 12:40:00 PM,MIN_OPERATING_MW,406.40,
7/25/2026 12:35:00 PM,RTD,CLUZ,01BULACSOL_G01,G,7/25/2026 12:01:00 PM,7/25/2026 1:00:00 PM,MAX_OPERATING_MW,3.35,
7/25/2026 12:35:00 PM,RTD,CLUZ,01BULACSOL_G01,G,7/25/2026 12:01:00 PM,7/25/2026 1:00:00 PM,MIN_OPERATING_MW,3.35,
7/25/2026 12:35:00 PM,RTD,CLUZ,01MSINLO_G04,G,7/25/2026 6:51:00 AM,7/26/2026,MAX_OPERATING_MW,150,
7/25/2026 12:35:00 PM,RTD,CLUZ,01MSINLO_G04,G,7/25/2026 6:51:00 AM,7/26/2026,MIN_OPERATING_MW,150,
7/25/2026 12:35:00 PM,RTD,CLUZ,01PASBUSOL_G01,G,7/25/2026 12:01:00 PM,7/25/2026 1:00:00 PM,MAX_OPERATING_MW,25.02,
7/25/2026 12:35:00 PM,RTD,CLUZ,01PASBUSOL_G01,G,7/25/2026 12:01:00 PM,7/25/2026 1:00:00 PM,MIN_OPERATING_MW,25.02,
7/25/2026 12:35:00 PM,RTD,CLUZ,01TERRASOL_G01,G,7/25/2026 12:16:00 PM,7/25/2026 1:00:00 PM,MAX_OPERATING_MW,400,
7/25/2026 12:35:00 PM,RTD,CLUZ,01TERRASOL_G01,G,7/25/2026 12:16:00 PM,7/25/2026 1:00:00 PM,MIN_OPERATING_MW,400,
7/25/2026 12:35:00 PM,RTD,CLUZ,03ALMNOS_BAT1,G,7/25/2026 12:01:00 PM,7/25/2026 4:00:00 PM,MAX_OPERATING_MW,0,
7/25/2026 12:35:00 PM,RTD,CLUZ,03ALMNOS_BAT1,G,7/25/2026 12:01:00 PM,7/25/2026 4:00:00 PM,MIN_OPERATING_MW,0,
7/25/2026 12:35:00 PM,RTD,CLUZ,03LUNSOL_G01,G,7/25/2026 12:31:00 PM,7/25/2026 12:35:00 PM,MAX_OPERATING_MW,30.52,
7/25/2026 12:35:00 PM,RTD,CLUZ,03LUNSOL_G01,G,7/25/2026 12:31:00 PM,7/25/2026 12:35:00 PM,MIN_OPERATING_MW,30.52,
7/25/2026 12:35:00 PM,RTD,CLUZ,03LUNSOL_G01,G,7/25/2026 12:36:00 PM,7/25/2026 12:40:00 PM,MAX_OPERATING_MW,30.27,
7/25/2026 12:35:00 PM,RTD,CLUZ,03LUNSOL_G01,G,7/25/2026 12:36:00 PM,7/25/2026 12:40:00 PM,MIN_OPERATING_MW,30.27,
7/25/2026 12:35:00 PM,RTD,CVIS,06SLYSOL_G02,G,7/25/2026 12:01:00 PM,7/25/2026 1:00:00 PM,MAX_OPERATING_MW,9.58,
7/25/2026 12:35:00 PM,RTD,CVIS,06SLYSOL_G02,G,7/25/2026 12:01:00 PM,7/25/2026 1:00:00 PM,MIN_OPERATING_MW,9.58,
7/25/2026 12:35:00 PM,RTD,CVIS,06SLYSOL_G03,G,7/25/2026 12:01:00 PM,7/25/2026 1:00:00 PM,MAX_OPERATING_MW,9.54,
7/25/2026 12:35:00 PM,RTD,CVIS,06SLYSOL_G03,G,7/25/2026 12:01:00 PM,7/25/2026 1:00:00 PM,MIN_OPERATING_MW,9.54,
7/25/2026 12:35:00 PM,RTD,CMIN,10LIAN_G02,G,7/25/2026 12:05:00 AM,7/25/2026 11:59:00 PM,MAX_OPERATING_MW,6,
7/25/2026 12:35:00 PM,RTD,CMIN,10LIAN_G02,G,7/25/2026 12:05:00 AM,7/25/2026 11:59:00 PM,MIN_OPERATING_MW,3,
7/25/2026 12:35:00 PM,RTD,CMIN,11MALADU_G01,G,7/25/2026 12:01:00 AM,7/26/2026,MAX_OPERATING_MW,9.50,
7/25/2026 12:35:00 PM,RTD,CMIN,11MALADU_G01,G,7/25/2026 12:01:00 AM,7/26/2026,MIN_OPERATING_MW,9.50,
7/25/2026 12:35:00 PM,RTD,CMIN,11MARAMSOL_G01,G,7/25/2026 10:31:00 AM,7/25/2026 2:30:00 PM,MAX_OPERATING_MW,27,
7/25/2026 12:35:00 PM,RTD,CMIN,11MARAMSOL_G01,G,7/25/2026 10:31:00 AM,7/25/2026 2:30:00 PM,MIN_OPERATING_MW,27,
7/25/2026 12:40:00 PM,RTD,CLUZ,01BARBASOL_G01,G,7/25/2026 12:36:00 PM,7/25/2026 12:40:00 PM,MAX_OPERATING_MW,60.13,
7/25/2026 12:40:00 PM,RTD,CLUZ,01BARBASOL_G01,G,7/25/2026 12:36:00 PM,7/25/2026 12:40:00 PM,MIN_OPERATING_MW,60.13,
7/25/2026 12:40:00 PM,RTD,CLUZ,01BARBASOL_G01,G,7/25/2026 12:41:00 PM,7/25/2026 12:45:00 PM,MAX_OPERATING_MW,59.22,
7/25/2026 12:40:00 PM,RTD,CLUZ,01BARBASOL_G01,G,7/25/2026 12:41:00 PM,7/25/2026 12:45:00 PM,MIN_OPERATING_MW,59.22,
7/25/2026 12:40:00 PM,RTD,CLUZ,01BUGSOL_G01,G,7/25/2026 12:36:00 PM,7/25/2026 12:40:00 PM,MAX_OPERATING_MW,406.40,
7/25/2026 12:40:00 PM,RTD,CLUZ,01BUGSOL_G01,G,7/25/2026 12:36:00 PM,7/25/2026 12:40:00 PM,MIN_OPERATING_MW,406.40,
7/25/2026 12:40:00 PM,RTD,CLUZ,01BUGSOL_G01,G,7/25/2026 12:41:00 PM,7/25/2026 12:45:00 PM,MAX_OPERATING_MW,447.36,
7/25/2026 12:40:00 PM,RTD,CLUZ,01BUGSOL_G01,G,7/25/2026 12:41:00 PM,7/25/2026 12:45:00 PM,MIN_OPERATING_MW,447.36,
7/25/2026 12:40:00 PM,RTD,CLUZ,01BULACSOL_G01,G,7/25/2026 12:01:00 PM,7/25/2026 1:00:00 PM,MAX_OPERATING_MW,3.35,
7/25/2026 12:40:00 PM,RTD,CLUZ,01BULACSOL_G01,G,7/25/2026 12:01:00 PM,7/25/2026 1:00:00 PM,MIN_OPERATING_MW,3.35,
7/25/2026 12:40:00 PM,RTD,CLUZ,01MSINLO_G04,G,7/25/2026 6:51:00 AM,7/26/2026,MAX_OPERATING_MW,150,
7/25/2026 12:40:00 PM,RTD,CLUZ,01MSINLO_G04,G,7/25/2026 6:51:00 AM,7/26/2026,MIN_OPERATING_MW,150,
7/25/2026 12:40:00 PM,RTD,CLUZ,01PASBUSOL_G01,G,7/25/2026 12:01:00 PM,7/25/2026 1:00:00 PM,MAX_OPERATING_MW,25.02,
7/25/2026 12:40:00 PM,RTD,CLUZ,01PASBUSOL_G01,G,7/25/2026 12:01:00 PM,7/25/2026 1:00:00 PM,MIN_OPERATING_MW,25.02,
7/25/2026 12:40:00 PM,RTD,CLUZ,01TERRASOL_G01,G,7/25/2026 12:16:00 PM,7/25/2026 1:00:00 PM,MAX_OPERATING_MW,400,
7/25/2026 12:40:00 PM,RTD,CLUZ,01TERRASOL_G01,G,7/25/2026 12:16:00 PM,7/25/2026 1:00:00 PM,MIN_OPERATING_MW,400,
7/25/2026 12:40:00 PM,RTD,CLUZ,03ALMNOS_BAT1,G,7/25/2026 12:01:00 PM,7/25/2026 4:00:00 PM,MAX_OPERATING_MW,0,
7/25/2026 12:40:00 PM,RTD,CLUZ,03ALMNOS_BAT1,G,7/25/2026 12:01:00 PM,7/25/2026 4:00:00 PM,MIN_OPERATING_MW,0,
7/25/2026 12:40:00 PM,RTD,CLUZ,03LUNSOL_G01,G,7/25/2026 12:36:00 PM,7/25/2026 12:40:00 PM,MAX_OPERATING_MW,30.27,
7/25/2026 12:40:00 PM,RTD,CLUZ,03LUNSOL_G01,G,7/25/2026 12:36:00 PM,7/25/2026 12:40:00 PM,MIN_OPERATING_MW,30.27,
7/25/2026 12:40:00 PM,RTD,CLUZ,03LUNSOL_G01,G,7/25/2026 12:41:00 PM,7/25/2026 12:45:00 PM,MAX_OPERATING_MW,29.99,
7/25/2026 12:40:00 PM,RTD,CLUZ,03LUNSOL_G01,G,7/25/2026 12:41:00 PM,7/25/2026 12:45:00 PM,MIN_OPERATING_MW,29.99,
7/25/2026 12:40:00 PM,RTD,CVIS,06SLYSOL_G02,G,7/25/2026 12:01:00 PM,7/25/2026 1:00:00 PM,MAX_OPERATING_MW,9.58,
7/25/2026 12:40:00 PM,RTD,CVIS,06SLYSOL_G02,G,7/25/2026 12:01:00 PM,7/25/2026 1:00:00 PM,MIN_OPERATING_MW,9.58,
7/25/2026 12:40:00 PM,RTD,CVIS,06SLYSOL_G03,G,7/25/2026 12:01:00 PM,7/25/2026 1:00:00 PM,MAX_OPERATING_MW,9.54,
7/25/2026 12:40:00 PM,RTD,CVIS,06SLYSOL_G03,G,7/25/2026 12:01:00 PM,7/25/2026 1:00:00 PM,MIN_OPERATING_MW,9.54,
7/25/2026 12:40:00 PM,RTD,CMIN,10LIAN_G02,G,7/25/2026 12:05:00 AM,7/25/2026 11:59:00 PM,MAX_OPERATING_MW,6,
7/25/2026 12:40:00 PM,RTD,CMIN,10LIAN_G02,G,7/25/2026 12:05:00 AM,7/25/2026 11:59:00 PM,MIN_OPERATING_MW,3,
7/25/2026 12:40:00 PM,RTD,CMIN,11MALADU_G01,G,7/25/2026 12:01:00 AM,7/26/2026,MAX_OPERATING_MW,9.50,
7/25/2026 12:40:00 PM,RTD,CMIN,11MALADU_G01,G,7/25/2026 12:01:00 AM,7/26/2026,MIN_OPERATING_MW,9.50,
7/25/2026 12:40:00 PM,RTD,CMIN,11MARAMSOL_G01,G,7/25/2026 10:31:00 AM,7/25/2026 2:30:00 PM,MAX_OPERATING_MW,27,
7/25/2026 12:40:00 PM,RTD,CMIN,11MARAMSOL_G01,G,7/25/2026 10:31:00 AM,7/25/2026 2:30:00 PM,MIN_OPERATING_MW,27,
7/25/2026 12:45:00 PM,RTD,CLUZ,01BARBASOL_G01,G,7/25/2026 12:41:00 PM,7/25/2026 12:45:00 PM,MAX_OPERATING_MW,59.22,
7/25/2026 12:45:00 PM,RTD,CLUZ,01BARBASOL_G01,G,7/25/2026 12:41:00 PM,7/25/2026 12:45:00 PM,MIN_OPERATING_MW,59.22,
7/25/2026 12:45:00 PM,RTD,CLUZ,01BARBASOL_G01,G,7/25/2026 12:46:00 PM,7/25/2026 12:50:00 PM,MAX_OPERATING_MW,58.28,
7/25/2026 12:45:00 PM,RTD,CLUZ,01BARBASOL_G01,G,7/25/2026 12:46:00 PM,7/25/2026 12:50:00 PM,MIN_OPERATING_MW,58.28,
7/25/2026 12:45:00 PM,RTD,CLUZ,01BUGSOL_G01,G,7/25/2026 12:41:00 PM,7/25/2026 12:45:00 PM,MAX_OPERATING_MW,447.36,
7/25/2026 12:45:00 PM,RTD,CLUZ,01BUGSOL_G01,G,7/25/2026 12:41:00 PM,7/25/2026 12:45:00 PM,MIN_OPERATING_MW,447.36,
7/25/2026 12:45:00 PM,RTD,CLUZ,01BUGSOL_G01,G,7/25/2026 12:46:00 PM,7/25/2026 12:50:00 PM,MAX_OPERATING_MW,455.04,
7/25/2026 12:45:00 PM,RTD,CLUZ,01BUGSOL_G01,G,7/25/2026 12:46:00 PM,7/25/2026 12:50:00 PM,MIN_OPERATING_MW,455.04,
7/25/2026 12:45:00 PM,RTD,CLUZ,01BULACSOL_G01,G,7/25/2026 12:01:00 PM,7/25/2026 1:00:00 PM,MAX_OPERATING_MW,3.35,
7/25/2026 12:45:00 PM,RTD,CLUZ,01BULACSOL_G01,G,7/25/2026 12:01:00 PM,7/25/2026 1:00:00 PM,MIN_OPERATING_MW,3.35,
7/25/2026 12:45:00 PM,RTD,CLUZ,01MSINLO_G04,G,7/25/2026 6:51:00 AM,7/26/2026,MAX_OPERATING_MW,150,
7/25/2026 12:45:00 PM,RTD,CLUZ,01MSINLO_G04,G,7/25/2026 6:51:00 AM,7/26/2026,MIN_OPERATING_MW,150,
7/25/2026 12:45:00 PM,RTD,CLUZ,01PASBUSOL_G01,G,7/25/2026 12:01:00 PM,7/25/2026 1:00:00 PM,MAX_OPERATING_MW,25.02,
7/25/2026 12:45:00 PM,RTD,CLUZ,01PASBUSOL_G01,G,7/25/2026 12:01:00 PM,7/25/2026 1:00:00 PM,MIN_OPERATING_MW,25.02,
7/25/2026 12:45:00 PM,RTD,CLUZ,01TERRASOL_G01,G,7/25/2026 12:16:00 PM,7/25/2026 1:00:00 PM,MAX_OPERATING_MW,400,
7/25/2026 12:45:00 PM,RTD,CLUZ,01TERRASOL_G01,G,7/25/2026 12:16:00 PM,7/25/2026 1:00:00 PM,MIN_OPERATING_MW,400,
7/25/2026 12:45:00 PM,RTD,CLUZ,03ALMNOS_BAT1,G,7/25/2026 12:01:00 PM,7/25/2026 4:00:00 PM,MAX_OPERATING_MW,0,
7/25/2026 12:45:00 PM,RTD,CLUZ,03ALMNOS_BAT1,G,7/25/2026 12:01:00 PM,7/25/2026 4:00:00 PM,MIN_OPERATING_MW,0,
7/25/2026 12:45:00 PM,RTD,CLUZ,03LUNSOL_G01,G,7/25/2026 12:41:00 PM,7/25/2026 12:45:00 PM,MAX_OPERATING_MW,29.99,
7/25/2026 12:45:00 PM,RTD,CLUZ,03LUNSOL_G01,G,7/25/2026 12:41:00 PM,7/25/2026 12:45:00 PM,MIN_OPERATING_MW,29.99,
7/25/2026 12:45:00 PM,RTD,CLUZ,03LUNSOL_G01,G,7/25/2026 12:46:00 PM,7/25/2026 12:50:00 PM,MAX_OPERATING_MW,29.68,
7/25/2026 12:45:00 PM,RTD,CLUZ,03LUNSOL_G01,G,7/25/2026 12:46:00 PM,7/25/2026 12:50:00 PM,MIN_OPERATING_MW,29.68,
7/25/2026 12:45:00 PM,RTD,CVIS,06SLYSOL_G02,G,7/25/2026 12:01:00 PM,7/25/2026 1:00:00 PM,MAX_OPERATING_MW,9.58,
7/25/2026 12:45:00 PM,RTD,CVIS,06SLYSOL_G02,G,7/25/2026 12:01:00 PM,7/25/2026 1:00:00 PM,MIN_OPERATING_MW,9.58,
7/25/2026 12:45:00 PM,RTD,CVIS,06SLYSOL_G03,G,7/25/2026 12:01:00 PM,7/25/2026 1:00:00 PM,MAX_OPERATING_MW,9.54,
7/25/2026 12:45:00 PM,RTD,CVIS,06SLYSOL_G03,G,7/25/2026 12:01:00 PM,7/25/2026 1:00:00 PM,MIN_OPERATING_MW,9.54,
7/25/2026 12:45:00 PM,RTD,CMIN,10LIAN_G02,G,7/25/2026 12:05:00 AM,7/25/2026 11:59:00 PM,MAX_OPERATING_MW,6,
7/25/2026 12:45:00 PM,RTD,CMIN,10LIAN_G02,G,7/25/2026 12:05:00 AM,7/25/2026 11:59:00 PM,MIN_OPERATING_MW,3,
7/25/2026 12:45:00 PM,RTD,CMIN,11MALADU_G01,G,7/25/2026 12:01:00 AM,7/26/2026,MAX_OPERATING_MW,9.50,
7/25/2026 12:45:00 PM,RTD,CMIN,11MALADU_G01,G,7/25/2026 12:01:00 AM,7/26/2026,MIN_OPERATING_MW,9.50,
7/25/2026 12:45:00 PM,RTD,CMIN,11MARAMSOL_G01,G,7/25/2026 10:31:00 AM,7/25/2026 2:30:00 PM,MAX_OPERATING_MW,27,
7/25/2026 12:45:00 PM,RTD,CMIN,11MARAMSOL_G01,G,7/25/2026 10:31:00 AM,7/25/2026 2:30:00 PM,MIN_OPERATING_MW,27,
7/25/2026 12:50:00 PM,RTD,CLUZ,01BARBASOL_G01,G,7/25/2026 12:46:00 PM,7/25/2026 12:50:00 PM,MAX_OPERATING_MW,58.28,
7/25/2026 12:50:00 PM,RTD,CLUZ,01BARBASOL_G01,G,7/25/2026 12:46:00 PM,7/25/2026 12:50:00 PM,MIN_OPERATING_MW,58.28,
7/25/2026 12:50:00 PM,RTD,CLUZ,01BARBASOL_G01,G,7/25/2026 12:51:00 PM,7/25/2026 12:55:00 PM,MAX_OPERATING_MW,57.29,
7/25/2026 12:50:00 PM,RTD,CLUZ,01BARBASOL_G01,G,7/25/2026 12:51:00 PM,7/25/2026 12:55:00 PM,MIN_OPERATING_MW,57.29,
7/25/2026 12:50:00 PM,RTD,CLUZ,01BUGSOL_G01,G,7/25/2026 12:46:00 PM,7/25/2026 12:50:00 PM,MAX_OPERATING_MW,455.04,
7/25/2026 12:50:00 PM,RTD,CLUZ,01BUGSOL_G01,G,7/25/2026 12:46:00 PM,7/25/2026 12:50:00 PM,MIN_OPERATING_MW,455.04,
7/25/2026 12:50:00 PM,RTD,CLUZ,01BUGSOL_G01,G,7/25/2026 12:51:00 PM,7/25/2026 12:55:00 PM,MAX_OPERATING_MW,400,
7/25/2026 12:50:00 PM,RTD,CLUZ,01BUGSOL_G01,G,7/25/2026 12:51:00 PM,7/25/2026 12:55:00 PM,MIN_OPERATING_MW,400,
7/25/2026 12:50:00 PM,RTD,CLUZ,01BULACSOL_G01,G,7/25/2026 12:01:00 PM,7/25/2026 1:00:00 PM,MAX_OPERATING_MW,3.35,
7/25/2026 12:50:00 PM,RTD,CLUZ,01BULACSOL_G01,G,7/25/2026 12:01:00 PM,7/25/2026 1:00:00 PM,MIN_OPERATING_MW,3.35,
7/25/2026 12:50:00 PM,RTD,CLUZ,01MSINLO_G04,G,7/25/2026 6:51:00 AM,7/26/2026,MAX_OPERATING_MW,150,
7/25/2026 12:50:00 PM,RTD,CLUZ,01MSINLO_G04,G,7/25/2026 6:51:00 AM,7/26/2026,MIN_OPERATING_MW,150,
7/25/2026 12:50:00 PM,RTD,CLUZ,01PASBUSOL_G01,G,7/25/2026 12:01:00 PM,7/25/2026 1:00:00 PM,MAX_OPERATING_MW,25.02,
7/25/2026 12:50:00 PM,RTD,CLUZ,01PASBUSOL_G01,G,7/25/2026 12:01:00 PM,7/25/2026 1:00:00 PM,MIN_OPERATING_MW,25.02,
7/25/2026 12:50:00 PM,RTD,CLUZ,01TERRASOL_G01,G,7/25/2026 12:16:00 PM,7/25/2026 1:00:00 PM,MAX_OPERATING_MW,400,
7/25/2026 12:50:00 PM,RTD,CLUZ,01TERRASOL_G01,G,7/25/2026 12:16:00 PM,7/25/2026 1:00:00 PM,MIN_OPERATING_MW,400,
7/25/2026 12:50:00 PM,RTD,CLUZ,03ALMNOS_BAT1,G,7/25/2026 12:01:00 PM,7/25/2026 4:00:00 PM,MAX_OPERATING_MW,0,
7/25/2026 12:50:00 PM,RTD,CLUZ,03ALMNOS_BAT1,G,7/25/2026 12:01:00 PM,7/25/2026 4:00:00 PM,MIN_OPERATING_MW,0,
7/25/2026 12:50:00 PM,RTD,CLUZ,03LUNSOL_G01,G,7/25/2026 12:46:00 PM,7/25/2026 12:50:00 PM,MAX_OPERATING_MW,29.68,
7/25/2026 12:50:00 PM,RTD,CLUZ,03LUNSOL_G01,G,7/25/2026 12:46:00 PM,7/25/2026 12:50:00 PM,MIN_OPERATING_MW,29.68,
7/25/2026 12:50:00 PM,RTD,CLUZ,03LUNSOL_G01,G,7/25/2026 12:51:00 PM,7/25/2026 12:55:00 PM,MAX_OPERATING_MW,29.33,
7/25/2026 12:50:00 PM,RTD,CLUZ,03LUNSOL_G01,G,7/25/2026 12:51:00 PM,7/25/2026 12:55:00 PM,MIN_OPERATING_MW,29.33,
7/25/2026 12:50:00 PM,RTD,CVIS,06SLYSOL_G02,G,7/25/2026 12:01:00 PM,7/25/2026 1:00:00 PM,MAX_OPERATING_MW,9.58,
7/25/2026 12:50:00 PM,RTD,CVIS,06SLYSOL_G02,G,7/25/2026 12:01:00 PM,7/25/2026 1:00:00 PM,MIN_OPERATING_MW,9.58,
7/25/2026 12:50:00 PM,RTD,CVIS,06SLYSOL_G03,G,7/25/2026 12:01:00 PM,7/25/2026 1:00:00 PM,MAX_OPERATING_MW,9.54,
7/25/2026 12:50:00 PM,RTD,CVIS,06SLYSOL_G03,G,7/25/2026 12:01:00 PM,7/25/2026 1:00:00 PM,MIN_OPERATING_MW,9.54,
7/25/2026 12:50:00 PM,RTD,CMIN,10LIAN_G02,G,7/25/2026 12:05:00 AM,7/25/2026 11:59:00 PM,MAX_OPERATING_MW,6,
7/25/2026 12:50:00 PM,RTD,CMIN,10LIAN_G02,G,7/25/2026 12:05:00 AM,7/25/2026 11:59:00 PM,MIN_OPERATING_MW,3,
7/25/2026 12:50:00 PM,RTD,CMIN,11MALADU_G01,G,7/25/2026 12:01:00 AM,7/26/2026,MAX_OPERATING_MW,9.50,
7/25/2026 12:50:00 PM,RTD,CMIN,11MALADU_G01,G,7/25/2026 12:01:00 AM,7/26/2026,MIN_OPERATING_MW,9.50,
7/25/2026 12:50:00 PM,RTD,CMIN,11MARAMSOL_G01,G,7/25/2026 10:31:00 AM,7/25/2026 2:30:00 PM,MAX_OPERATING_MW,27,
7/25/2026 12:50:00 PM,RTD,CMIN,11MARAMSOL_G01,G,7/25/2026 10:31:00 AM,7/25/2026 2:30:00 PM,MIN_OPERATING_MW,27,
7/25/2026 12:55:00 PM,RTD,CLUZ,01BARBASOL_G01,G,7/25/2026 12:51:00 PM,7/25/2026 12:55:00 PM,MAX_OPERATING_MW,57.29,
7/25/2026 12:55:00 PM,RTD,CLUZ,01BARBASOL_G01,G,7/25/2026 12:51:00 PM,7/25/2026 12:55:00 PM,MIN_OPERATING_MW,57.29,
7/25/2026 12:55:00 PM,RTD,CLUZ,01BARBASOL_G01,G,7/25/2026 12:56:00 PM,7/25/2026 1:00:00 PM,MAX_OPERATING_MW,56.27,
7/25/2026 12:55:00 PM,RTD,CLUZ,01BARBASOL_G01,G,7/25/2026 12:56:00 PM,7/25/2026 1:00:00 PM,MIN_OPERATING_MW,56.27,
7/25/2026 12:55:00 PM,RTD,CLUZ,01BUGSOL_G01,G,7/25/2026 12:51:00 PM,7/25/2026 12:55:00 PM,MAX_OPERATING_MW,400,
7/25/2026 12:55:00 PM,RTD,CLUZ,01BUGSOL_G01,G,7/25/2026 12:51:00 PM,7/25/2026 12:55:00 PM,MIN_OPERATING_MW,400,
7/25/2026 12:55:00 PM,RTD,CLUZ,01BUGSOL_G01,G,7/25/2026 12:56:00 PM,7/25/2026 1:00:00 PM,MAX_OPERATING_MW,431.36,
7/25/2026 12:55:00 PM,RTD,CLUZ,01BUGSOL_G01,G,7/25/2026 12:56:00 PM,7/25/2026 1:00:00 PM,MIN_OPERATING_MW,431.36,
7/25/2026 12:55:00 PM,RTD,CLUZ,01BULACSOL_G01,G,7/25/2026 12:01:00 PM,7/25/2026 1:00:00 PM,MAX_OPERATING_MW,3.35,
7/25/2026 12:55:00 PM,RTD,CLUZ,01BULACSOL_G01,G,7/25/2026 12:01:00 PM,7/25/2026 1:00:00 PM,MIN_OPERATING_MW,3.35,
7/25/2026 12:55:00 PM,RTD,CLUZ,01MSINLO_G04,G,7/25/2026 6:51:00 AM,7/26/2026,MAX_OPERATING_MW,150,
7/25/2026 12:55:00 PM,RTD,CLUZ,01MSINLO_G04,G,7/25/2026 6:51:00 AM,7/26/2026,MIN_OPERATING_MW,150,
7/25/2026 12:55:00 PM,RTD,CLUZ,01PASBUSOL_G01,G,7/25/2026 12:01:00 PM,7/25/2026 1:00:00 PM,MAX_OPERATING_MW,25.02,
7/25/2026 12:55:00 PM,RTD,CLUZ,01PASBUSOL_G01,G,7/25/2026 12:01:00 PM,7/25/2026 1:00:00 PM,MIN_OPERATING_MW,25.02,
7/25/2026 12:55:00 PM,RTD,CLUZ,01TERRASOL_G01,G,7/25/2026 12:16:00 PM,7/25/2026 1:00:00 PM,MAX_OPERATING_MW,400,
7/25/2026 12:55:00 PM,RTD,CLUZ,01TERRASOL_G01,G,7/25/2026 12:16:00 PM,7/25/2026 1:00:00 PM,MIN_OPERATING_MW,400,
7/25/2026 12:55:00 PM,RTD,CLUZ,03ALMNOS_BAT1,G,7/25/2026 12:01:00 PM,7/25/2026 4:00:00 PM,MAX_OPERATING_MW,0,
7/25/2026 12:55:00 PM,RTD,CLUZ,03ALMNOS_BAT1,G,7/25/2026 12:01:00 PM,7/25/2026 4:00:00 PM,MIN_OPERATING_MW,0,
7/25/2026 12:55:00 PM,RTD,CLUZ,03LUNSOL_G01,G,7/25/2026 12:51:00 PM,7/25/2026 12:55:00 PM,MAX_OPERATING_MW,29.33,
7/25/2026 12:55:00 PM,RTD,CLUZ,03LUNSOL_G01,G,7/25/2026 12:51:00 PM,7/25/2026 12:55:00 PM,MIN_OPERATING_MW,29.33,
7/25/2026 12:55:00 PM,RTD,CLUZ,03LUNSOL_G01,G,7/25/2026 12:56:00 PM,7/25/2026 1:00:00 PM,MAX_OPERATING_MW,28.95,
7/25/2026 12:55:00 PM,RTD,CLUZ,03LUNSOL_G01,G,7/25/2026 12:56:00 PM,7/25/2026 1:00:00 PM,MIN_OPERATING_MW,28.95,
7/25/2026 12:55:00 PM,RTD,CVIS,06SLYSOL_G02,G,7/25/2026 12:01:00 PM,7/25/2026 1:00:00 PM,MAX_OPERATING_MW,9.58,
7/25/2026 12:55:00 PM,RTD,CVIS,06SLYSOL_G02,G,7/25/2026 12:01:00 PM,7/25/2026 1:00:00 PM,MIN_OPERATING_MW,9.58,
7/25/2026 12:55:00 PM,RTD,CVIS,06SLYSOL_G03,G,7/25/2026 12:01:00 PM,7/25/2026 1:00:00 PM,MAX_OPERATING_MW,9.54,
7/25/2026 12:55:00 PM,RTD,CVIS,06SLYSOL_G03,G,7/25/2026 12:01:00 PM,7/25/2026 1:00:00 PM,MIN_OPERATING_MW,9.54,
7/25/2026 12:55:00 PM,RTD,CMIN,10LIAN_G02,G,7/25/2026 12:05:00 AM,7/25/2026 11:59:00 PM,MAX_OPERATING_MW,6,
7/25/2026 12:55:00 PM,RTD,CMIN,10LIAN_G02,G,7/25/2026 12:05:00 AM,7/25/2026 11:59:00 PM,MIN_OPERATING_MW,3,
7/25/2026 12:55:00 PM,RTD,CMIN,11MALADU_G01,G,7/25/2026 12:01:00 AM,7/26/2026,MAX_OPERATING_MW,9.50,
7/25/2026 12:55:00 PM,RTD,CMIN,11MALADU_G01,G,7/25/2026 12:01:00 AM,7/26/2026,MIN_OPERATING_MW,9.50,
7/25/2026 12:55:00 PM,RTD,CMIN,11MARAMSOL_G01,G,7/25/2026 10:31:00 AM,7/25/2026 2:30:00 PM,MAX_OPERATING_MW,27,
7/25/2026 12:55:00 PM,RTD,CMIN,11MARAMSOL_G01,G,7/25/2026 10:31:00 AM,7/25/2026 2:30:00 PM,MIN_OPERATING_MW,27,
7/25/2026 1:00:00 PM,RTD,CLUZ,01BARBASOL_G01,G,7/25/2026 12:56:00 PM,7/25/2026 1:00:00 PM,MAX_OPERATING_MW,56.27,
7/25/2026 1:00:00 PM,RTD,CLUZ,01BARBASOL_G01,G,7/25/2026 12:56:00 PM,7/25/2026 1:00:00 PM,MIN_OPERATING_MW,56.27,
7/25/2026 1:00:00 PM,RTD,CLUZ,01BARBASOL_G01,G,7/25/2026 1:01:00 PM,7/25/2026 1:05:00 PM,MAX_OPERATING_MW,55.20,
7/25/2026 1:00:00 PM,RTD,CLUZ,01BARBASOL_G01,G,7/25/2026 1:01:00 PM,7/25/2026 1:05:00 PM,MIN_OPERATING_MW,55.20,
7/25/2026 1:00:00 PM,RTD,CLUZ,01BUGSOL_G01,G,7/25/2026 12:56:00 PM,7/25/2026 1:00:00 PM,MAX_OPERATING_MW,80,
7/25/2026 1:00:00 PM,RTD,CLUZ,01BUGSOL_G01,G,7/25/2026 12:56:00 PM,7/25/2026 1:00:00 PM,MIN_OPERATING_MW,80,
7/25/2026 1:00:00 PM,RTD,CLUZ,01BUGSOL_G01,G,7/25/2026 1:01:00 PM,7/25/2026 1:05:00 PM,MAX_OPERATING_MW,80,
7/25/2026 1:00:00 PM,RTD,CLUZ,01BUGSOL_G01,G,7/25/2026 1:01:00 PM,7/25/2026 1:05:00 PM,MIN_OPERATING_MW,80,
7/25/2026 1:00:00 PM,RTD,CLUZ,01BULACSOL_G01,G,7/25/2026 12:01:00 PM,7/25/2026 1:00:00 PM,MAX_OPERATING_MW,3.35,
7/25/2026 1:00:00 PM,RTD,CLUZ,01BULACSOL_G01,G,7/25/2026 12:01:00 PM,7/25/2026 1:00:00 PM,MIN_OPERATING_MW,3.35,
7/25/2026 1:00:00 PM,RTD,CLUZ,01BULACSOL_G01,G,7/25/2026 1:01:00 PM,7/25/2026 2:00:00 PM,MAX_OPERATING_MW,3.37,
7/25/2026 1:00:00 PM,RTD,CLUZ,01BULACSOL_G01,G,7/25/2026 1:01:00 PM,7/25/2026 2:00:00 PM,MIN_OPERATING_MW,3.37,
7/25/2026 1:00:00 PM,RTD,CLUZ,01MSINLO_G04,G,7/25/2026 6:51:00 AM,7/26/2026,MAX_OPERATING_MW,150,
7/25/2026 1:00:00 PM,RTD,CLUZ,01MSINLO_G04,G,7/25/2026 6:51:00 AM,7/26/2026,MIN_OPERATING_MW,150,
7/25/2026 1:00:00 PM,RTD,CLUZ,01PASBUSOL_G01,G,7/25/2026 12:01:00 PM,7/25/2026 1:00:00 PM,MAX_OPERATING_MW,25.02,
7/25/2026 1:00:00 PM,RTD,CLUZ,01PASBUSOL_G01,G,7/25/2026 12:01:00 PM,7/25/2026 1:00:00 PM,MIN_OPERATING_MW,25.02,
7/25/2026 1:00:00 PM,RTD,CLUZ,01PASBUSOL_G01,G,7/25/2026 1:01:00 PM,7/25/2026 2:00:00 PM,MAX_OPERATING_MW,23.20,
7/25/2026 1:00:00 PM,RTD,CLUZ,01PASBUSOL_G01,G,7/25/2026 1:01:00 PM,7/25/2026 2:00:00 PM,MIN_OPERATING_MW,23.20,
7/25/2026 1:00:00 PM,RTD,CLUZ,01TERRASOL_G01,G,7/25/2026 12:16:00 PM,7/25/2026 1:00:00 PM,MAX_OPERATING_MW,400,
7/25/2026 1:00:00 PM,RTD,CLUZ,01TERRASOL_G01,G,7/25/2026 12:16:00 PM,7/25/2026 1:00:00 PM,MIN_OPERATING_MW,400,
7/25/2026 1:00:00 PM,RTD,CLUZ,01TERRASOL_G01,G,7/25/2026 1:01:00 PM,7/25/2026 1:05:00 PM,MAX_OPERATING_MW,500,
7/25/2026 1:00:00 PM,RTD,CLUZ,01TERRASOL_G01,G,7/25/2026 1:01:00 PM,7/25/2026 1:05:00 PM,MIN_OPERATING_MW,500,
7/25/2026 1:00:00 PM,RTD,CLUZ,03ALMNOS_BAT1,G,7/25/2026 12:01:00 PM,7/25/2026 4:00:00 PM,MAX_OPERATING_MW,0,
7/25/2026 1:00:00 PM,RTD,CLUZ,03ALMNOS_BAT1,G,7/25/2026 12:01:00 PM,7/25/2026 4:00:00 PM,MIN_OPERATING_MW,0,
7/25/2026 1:00:00 PM,RTD,CLUZ,03LUNSOL_G01,G,7/25/2026 12:56:00 PM,7/25/2026 1:00:00 PM,MAX_OPERATING_MW,28.95,
7/25/2026 1:00:00 PM,RTD,CLUZ,03LUNSOL_G01,G,7/25/2026 12:56:00 PM,7/25/2026 1:00:00 PM,MIN_OPERATING_MW,28.95,
7/25/2026 1:00:00 PM,RTD,CLUZ,03LUNSOL_G01,G,7/25/2026 1:01:00 PM,7/25/2026 1:05:00 PM,MAX_OPERATING_MW,28.55,
7/25/2026 1:00:00 PM,RTD,CLUZ,03LUNSOL_G01,G,7/25/2026 1:01:00 PM,7/25/2026 1:05:00 PM,MIN_OPERATING_MW,28.55,
7/25/2026 1:00:00 PM,RTD,CVIS,06SLYSOL_G02,G,7/25/2026 12:01:00 PM,7/25/2026 1:00:00 PM,MAX_OPERATING_MW,9.58,
7/25/2026 1:00:00 PM,RTD,CVIS,06SLYSOL_G02,G,7/25/2026 12:01:00 PM,7/25/2026 1:00:00 PM,MIN_OPERATING_MW,9.58,
7/25/2026 1:00:00 PM,RTD,CVIS,06SLYSOL_G02,G,7/25/2026 1:01:00 PM,7/25/2026 2:00:00 PM,MAX_OPERATING_MW,9.45,
7/25/2026 1:00:00 PM,RTD,CVIS,06SLYSOL_G02,G,7/25/2026 1:01:00 PM,7/25/2026 2:00:00 PM,MIN_OPERATING_MW,9.45,
7/25/2026 1:00:00 PM,RTD,CVIS,06SLYSOL_G03,G,7/25/2026 12:01:00 PM,7/25/2026 1:00:00 PM,MAX_OPERATING_MW,9.54,
7/25/2026 1:00:00 PM,RTD,CVIS,06SLYSOL_G03,G,7/25/2026 12:01:00 PM,7/25/2026 1:00:00 PM,MIN_OPERATING_MW,9.54,
7/25/2026 1:00:00 PM,RTD,CVIS,06SLYSOL_G03,G,7/25/2026 1:01:00 PM,7/25/2026 2:00:00 PM,MAX_OPERATING_MW,9.52,
7/25/2026 1:00:00 PM,RTD,CVIS,06SLYSOL_G03,G,7/25/2026 1:01:00 PM,7/25/2026 2:00:00 PM,MIN_OPERATING_MW,9.52,
7/25/2026 1:00:00 PM,RTD,CMIN,10LIAN_G02,G,7/25/2026 12:05:00 AM,7/25/2026 11:59:00 PM,MAX_OPERATING_MW,6,
7/25/2026 1:00:00 PM,RTD,CMIN,10LIAN_G02,G,7/25/2026 12:05:00 AM,7/25/2026 11:59:00 PM,MIN_OPERATING_MW,3,
7/25/2026 1:00:00 PM,RTD,CMIN,11MALADU_G01,G,7/25/2026 12:01:00 AM,7/26/2026,MAX_OPERATING_MW,9.50,
7/25/2026 1:00:00 PM,RTD,CMIN,11MALADU_G01,G,7/25/2026 12:01:00 AM,7/26/2026,MIN_OPERATING_MW,9.50,
7/25/2026 1:00:00 PM,RTD,CMIN,11MARAMSOL_G01,G,7/25/2026 10:31:00 AM,7/25/2026 2:30:00 PM,MAX_OPERATING_MW,27,
7/25/2026 1:00:00 PM,RTD,CMIN,11MARAMSOL_G01,G,7/25/2026 10:31:00 AM,7/25/2026 2:30:00 PM,MIN_OPERATING_MW,27,
7/25/2026 1:05:00 PM,RTD,CLUZ,01BARBASOL_G01,G,7/25/2026 1:01:00 PM,7/25/2026 1:05:00 PM,MAX_OPERATING_MW,55.20,
7/25/2026 1:05:00 PM,RTD,CLUZ,01BARBASOL_G01,G,7/25/2026 1:01:00 PM,7/25/2026 1:05:00 PM,MIN_OPERATING_MW,55.20,
7/25/2026 1:05:00 PM,RTD,CLUZ,01BARBASOL_G01,G,7/25/2026 1:06:00 PM,7/25/2026 1:10:00 PM,MAX_OPERATING_MW,54.04,
7/25/2026 1:05:00 PM,RTD,CLUZ,01BARBASOL_G01,G,7/25/2026 1:06:00 PM,7/25/2026 1:10:00 PM,MIN_OPERATING_MW,54.04,
7/25/2026 1:05:00 PM,RTD,CLUZ,01BUGSOL_G01,G,7/25/2026 1:01:00 PM,7/25/2026 1:05:00 PM,MAX_OPERATING_MW,80,
7/25/2026 1:05:00 PM,RTD,CLUZ,01BUGSOL_G01,G,7/25/2026 1:01:00 PM,7/25/2026 1:05:00 PM,MIN_OPERATING_MW,80,
7/25/2026 1:05:00 PM,RTD,CLUZ,01BUGSOL_G01,G,7/25/2026 1:06:00 PM,7/25/2026 1:10:00 PM,MAX_OPERATING_MW,80,
7/25/2026 1:05:00 PM,RTD,CLUZ,01BUGSOL_G01,G,7/25/2026 1:06:00 PM,7/25/2026 1:10:00 PM,MIN_OPERATING_MW,80,
7/25/2026 1:05:00 PM,RTD,CLUZ,01BULACSOL_G01,G,7/25/2026 1:01:00 PM,7/25/2026 2:00:00 PM,MAX_OPERATING_MW,3.37,
7/25/2026 1:05:00 PM,RTD,CLUZ,01BULACSOL_G01,G,7/25/2026 1:01:00 PM,7/25/2026 2:00:00 PM,MIN_OPERATING_MW,3.37,
7/25/2026 1:05:00 PM,RTD,CLUZ,01MSINLO_G04,G,7/25/2026 6:51:00 AM,7/26/2026,MAX_OPERATING_MW,150,
7/25/2026 1:05:00 PM,RTD,CLUZ,01MSINLO_G04,G,7/25/2026 6:51:00 AM,7/26/2026,MIN_OPERATING_MW,150,
7/25/2026 1:05:00 PM,RTD,CLUZ,01PASBUSOL_G01,G,7/25/2026 1:01:00 PM,7/25/2026 2:00:00 PM,MAX_OPERATING_MW,23.20,
7/25/2026 1:05:00 PM,RTD,CLUZ,01PASBUSOL_G01,G,7/25/2026 1:01:00 PM,7/25/2026 2:00:00 PM,MIN_OPERATING_MW,23.20,
7/25/2026 1:05:00 PM,RTD,CLUZ,01TERRASOL_G01,G,7/25/2026 1:01:00 PM,7/25/2026 1:05:00 PM,MAX_OPERATING_MW,500,
7/25/2026 1:05:00 PM,RTD,CLUZ,01TERRASOL_G01,G,7/25/2026 1:01:00 PM,7/25/2026 1:05:00 PM,MIN_OPERATING_MW,500,
7/25/2026 1:05:00 PM,RTD,CLUZ,01TERRASOL_G01,G,7/25/2026 1:06:00 PM,7/25/2026 4:00:00 PM,MAX_OPERATING_MW,600,
7/25/2026 1:05:00 PM,RTD,CLUZ,01TERRASOL_G01,G,7/25/2026 1:06:00 PM,7/25/2026 4:00:00 PM,MIN_OPERATING_MW,600,
7/25/2026 1:05:00 PM,RTD,CLUZ,03ALMNOS_BAT1,G,7/25/2026 12:01:00 PM,7/25/2026 4:00:00 PM,MAX_OPERATING_MW,0,
7/25/2026 1:05:00 PM,RTD,CLUZ,03ALMNOS_BAT1,G,7/25/2026 12:01:00 PM,7/25/2026 4:00:00 PM,MIN_OPERATING_MW,0,
7/25/2026 1:05:00 PM,RTD,CLUZ,03LUNSOL_G01,G,7/25/2026 1:01:00 PM,7/25/2026 1:05:00 PM,MAX_OPERATING_MW,28.55,
7/25/2026 1:05:00 PM,RTD,CLUZ,03LUNSOL_G01,G,7/25/2026 1:01:00 PM,7/25/2026 1:05:00 PM,MIN_OPERATING_MW,28.55,
7/25/2026 1:05:00 PM,RTD,CLUZ,03LUNSOL_G01,G,7/25/2026 1:06:00 PM,7/25/2026 1:10:00 PM,MAX_OPERATING_MW,28.12,
7/25/2026 1:05:00 PM,RTD,CLUZ,03LUNSOL_G01,G,7/25/2026 1:06:00 PM,7/25/2026 1:10:00 PM,MIN_OPERATING_MW,28.12,
7/25/2026 1:05:00 PM,RTD,CVIS,06SLYSOL_G02,G,7/25/2026 1:01:00 PM,7/25/2026 2:00:00 PM,MAX_OPERATING_MW,9.45,
7/25/2026 1:05:00 PM,RTD,CVIS,06SLYSOL_G02,G,7/25/2026 1:01:00 PM,7/25/2026 2:00:00 PM,MIN_OPERATING_MW,9.45,
7/25/2026 1:05:00 PM,RTD,CVIS,06SLYSOL_G03,G,7/25/2026 1:01:00 PM,7/25/2026 2:00:00 PM,MAX_OPERATING_MW,9.52,
7/25/2026 1:05:00 PM,RTD,CVIS,06SLYSOL_G03,G,7/25/2026 1:01:00 PM,7/25/2026 2:00:00 PM,MIN_OPERATING_MW,9.52,
7/25/2026 1:05:00 PM,RTD,CMIN,10LIAN_G02,G,7/25/2026 12:05:00 AM,7/25/2026 11:59:00 PM,MAX_OPERATING_MW,6,
7/25/2026 1:05:00 PM,RTD,CMIN,10LIAN_G02,G,7/25/2026 12:05:00 AM,7/25/2026 11:59:00 PM,MIN_OPERATING_MW,3,
7/25/2026 1:05:00 PM,RTD,CMIN,11MALADU_G01,G,7/25/2026 12:01:00 AM,7/26/2026,MAX_OPERATING_MW,9.50,
7/25/2026 1:05:00 PM,RTD,CMIN,11MALADU_G01,G,7/25/2026 12:01:00 AM,7/26/2026,MIN_OPERATING_MW,9.50,
7/25/2026 1:05:00 PM,RTD,CMIN,11MARAMSOL_G01,G,7/25/2026 10:31:00 AM,7/25/2026 2:30:00 PM,MAX_OPERATING_MW,27,
7/25/2026 1:05:00 PM,RTD,CMIN,11MARAMSOL_G01,G,7/25/2026 10:31:00 AM,7/25/2026 2:30:00 PM,MIN_OPERATING_MW,27,
7/25/2026 1:10:00 PM,RTD,CLUZ,01BARBASOL_G01,G,7/25/2026 1:06:00 PM,7/25/2026 1:10:00 PM,MAX_OPERATING_MW,54.04,
7/25/2026 1:10:00 PM,RTD,CLUZ,01BARBASOL_G01,G,7/25/2026 1:06:00 PM,7/25/2026 1:10:00 PM,MIN_OPERATING_MW,54.04,
7/25/2026 1:10:00 PM,RTD,CLUZ,01BARBASOL_G01,G,7/25/2026 1:11:00 PM,7/25/2026 1:15:00 PM,MAX_OPERATING_MW,52.79,
7/25/2026 1:10:00 PM,RTD,CLUZ,01BARBASOL_G01,G,7/25/2026 1:11:00 PM,7/25/2026 1:15:00 PM,MIN_OPERATING_MW,52.79,
7/25/2026 1:10:00 PM,RTD,CLUZ,01BUGSOL_G01,G,7/25/2026 1:06:00 PM,7/25/2026 1:10:00 PM,MAX_OPERATING_MW,80,
7/25/2026 1:10:00 PM,RTD,CLUZ,01BUGSOL_G01,G,7/25/2026 1:06:00 PM,7/25/2026 1:10:00 PM,MIN_OPERATING_MW,80,
7/25/2026 1:10:00 PM,RTD,CLUZ,01BUGSOL_G01,G,7/25/2026 1:11:00 PM,7/25/2026 1:15:00 PM,MAX_OPERATING_MW,80,
7/25/2026 1:10:00 PM,RTD,CLUZ,01BUGSOL_G01,G,7/25/2026 1:11:00 PM,7/25/2026 1:15:00 PM,MIN_OPERATING_MW,80,
7/25/2026 1:10:00 PM,RTD,CLUZ,01BULACSOL_G01,G,7/25/2026 1:01:00 PM,7/25/2026 2:00:00 PM,MAX_OPERATING_MW,3.37,
7/25/2026 1:10:00 PM,RTD,CLUZ,01BULACSOL_G01,G,7/25/2026 1:01:00 PM,7/25/2026 2:00:00 PM,MIN_OPERATING_MW,3.37,
7/25/2026 1:10:00 PM,RTD,CLUZ,01MSINLO_G04,G,7/25/2026 6:51:00 AM,7/26/2026,MAX_OPERATING_MW,150,
7/25/2026 1:10:00 PM,RTD,CLUZ,01MSINLO_G04,G,7/25/2026 6:51:00 AM,7/26/2026,MIN_OPERATING_MW,150,
7/25/2026 1:10:00 PM,RTD,CLUZ,01PASBUSOL_G01,G,7/25/2026 1:01:00 PM,7/25/2026 2:00:00 PM,MAX_OPERATING_MW,23.20,
7/25/2026 1:10:00 PM,RTD,CLUZ,01PASBUSOL_G01,G,7/25/2026 1:01:00 PM,7/25/2026 2:00:00 PM,MIN_OPERATING_MW,23.20,
7/25/2026 1:10:00 PM,RTD,CLUZ,01TERRASOL_G01,G,7/25/2026 1:06:00 PM,7/25/2026 4:00:00 PM,MAX_OPERATING_MW,600,
7/25/2026 1:10:00 PM,RTD,CLUZ,01TERRASOL_G01,G,7/25/2026 1:06:00 PM,7/25/2026 4:00:00 PM,MIN_OPERATING_MW,600,
7/25/2026 1:10:00 PM,RTD,CLUZ,03ALMNOS_BAT1,G,7/25/2026 12:01:00 PM,7/25/2026 4:00:00 PM,MAX_OPERATING_MW,0,
7/25/2026 1:10:00 PM,RTD,CLUZ,03ALMNOS_BAT1,G,7/25/2026 12:01:00 PM,7/25/2026 4:00:00 PM,MIN_OPERATING_MW,0,
7/25/2026 1:10:00 PM,RTD,CLUZ,03LUNSOL_G01,G,7/25/2026 1:06:00 PM,7/25/2026 1:10:00 PM,MAX_OPERATING_MW,28.12,
7/25/2026 1:10:00 PM,RTD,CLUZ,03LUNSOL_G01,G,7/25/2026 1:06:00 PM,7/25/2026 1:10:00 PM,MIN_OPERATING_MW,28.12,
7/25/2026 1:10:00 PM,RTD,CLUZ,03LUNSOL_G01,G,7/25/2026 1:11:00 PM,7/25/2026 1:15:00 PM,MAX_OPERATING_MW,27.67,
7/25/2026 1:10:00 PM,RTD,CLUZ,03LUNSOL_G01,G,7/25/2026 1:11:00 PM,7/25/2026 1:15:00 PM,MIN_OPERATING_MW,27.67,
7/25/2026 1:10:00 PM,RTD,CVIS,06SLYSOL_G02,G,7/25/2026 1:01:00 PM,7/25/2026 2:00:00 PM,MAX_OPERATING_MW,9.45,
7/25/2026 1:10:00 PM,RTD,CVIS,06SLYSOL_G02,G,7/25/2026 1:01:00 PM,7/25/2026 2:00:00 PM,MIN_OPERATING_MW,9.45,
7/25/2026 1:10:00 PM,RTD,CVIS,06SLYSOL_G03,G,7/25/2026 1:01:00 PM,7/25/2026 2:00:00 PM,MAX_OPERATING_MW,9.52,
7/25/2026 1:10:00 PM,RTD,CVIS,06SLYSOL_G03,G,7/25/2026 1:01:00 PM,7/25/2026 2:00:00 PM,MIN_OPERATING_MW,9.52,
7/25/2026 1:10:00 PM,RTD,CMIN,10LIAN_G02,G,7/25/2026 12:05:00 AM,7/25/2026 11:59:00 PM,MAX_OPERATING_MW,6,
7/25/2026 1:10:00 PM,RTD,CMIN,10LIAN_G02,G,7/25/2026 12:05:00 AM,7/25/2026 11:59:00 PM,MIN_OPERATING_MW,3,
7/25/2026 1:10:00 PM,RTD,CMIN,11MALADU_G01,G,7/25/2026 12:01:00 AM,7/26/2026,MAX_OPERATING_MW,9.50,
7/25/2026 1:10:00 PM,RTD,CMIN,11MALADU_G01,G,7/25/2026 12:01:00 AM,7/26/2026,MIN_OPERATING_MW,9.50,
7/25/2026 1:10:00 PM,RTD,CMIN,11MARAMSOL_G01,G,7/25/2026 10:31:00 AM,7/25/2026 2:30:00 PM,MAX_OPERATING_MW,27,
7/25/2026 1:10:00 PM,RTD,CMIN,11MARAMSOL_G01,G,7/25/2026 10:31:00 AM,7/25/2026 2:30:00 PM,MIN_OPERATING_MW,27,
7/25/2026 1:15:00 PM,RTD,CLUZ,01BARBASOL_G01,G,7/25/2026 1:11:00 PM,7/25/2026 1:15:00 PM,MAX_OPERATING_MW,52.79,
7/25/2026 1:15:00 PM,RTD,CLUZ,01BARBASOL_G01,G,7/25/2026 1:11:00 PM,7/25/2026 1:15:00 PM,MIN_OPERATING_MW,52.79,
7/25/2026 1:15:00 PM,RTD,CLUZ,01BARBASOL_G01,G,7/25/2026 1:16:00 PM,7/25/2026 1:20:00 PM,MAX_OPERATING_MW,51.46,
7/25/2026 1:15:00 PM,RTD,CLUZ,01BARBASOL_G01,G,7/25/2026 1:16:00 PM,7/25/2026 1:20:00 PM,MIN_OPERATING_MW,51.46,
7/25/2026 1:15:00 PM,RTD,CLUZ,01BUGSOL_G01,G,7/25/2026 1:11:00 PM,7/25/2026 1:15:00 PM,MAX_OPERATING_MW,80,
7/25/2026 1:15:00 PM,RTD,CLUZ,01BUGSOL_G01,G,7/25/2026 1:11:00 PM,7/25/2026 1:15:00 PM,MIN_OPERATING_MW,80,
7/25/2026 1:15:00 PM,RTD,CLUZ,01BUGSOL_G01,G,7/25/2026 1:16:00 PM,7/25/2026 1:20:00 PM,MAX_OPERATING_MW,80,
7/25/2026 1:15:00 PM,RTD,CLUZ,01BUGSOL_G01,G,7/25/2026 1:16:00 PM,7/25/2026 1:20:00 PM,MIN_OPERATING_MW,80,
7/25/2026 1:15:00 PM,RTD,CLUZ,01BULACSOL_G01,G,7/25/2026 1:01:00 PM,7/25/2026 2:00:00 PM,MAX_OPERATING_MW,3.37,
7/25/2026 1:15:00 PM,RTD,CLUZ,01BULACSOL_G01,G,7/25/2026 1:01:00 PM,7/25/2026 2:00:00 PM,MIN_OPERATING_MW,3.37,
7/25/2026 1:15:00 PM,RTD,CLUZ,01MSINLO_G04,G,7/25/2026 6:51:00 AM,7/26/2026,MAX_OPERATING_MW,150,
7/25/2026 1:15:00 PM,RTD,CLUZ,01MSINLO_G04,G,7/25/2026 6:51:00 AM,7/26/2026,MIN_OPERATING_MW,150,
7/25/2026 1:15:00 PM,RTD,CLUZ,01PASBUSOL_G01,G,7/25/2026 1:01:00 PM,7/25/2026 2:00:00 PM,MAX_OPERATING_MW,23.20,
7/25/2026 1:15:00 PM,RTD,CLUZ,01PASBUSOL_G01,G,7/25/2026 1:01:00 PM,7/25/2026 2:00:00 PM,MIN_OPERATING_MW,23.20,
7/25/2026 1:15:00 PM,RTD,CLUZ,01TERRASOL_G01,G,7/25/2026 1:06:00 PM,7/25/2026 4:00:00 PM,MAX_OPERATING_MW,600,
7/25/2026 1:15:00 PM,RTD,CLUZ,01TERRASOL_G01,G,7/25/2026 1:06:00 PM,7/25/2026 4:00:00 PM,MIN_OPERATING_MW,600,
7/25/2026 1:15:00 PM,RTD,CLUZ,03ALMNOS_BAT1,G,7/25/2026 12:01:00 PM,7/25/2026 4:00:00 PM,MAX_OPERATING_MW,0,
7/25/2026 1:15:00 PM,RTD,CLUZ,03ALMNOS_BAT1,G,7/25/2026 12:01:00 PM,7/25/2026 4:00:00 PM,MIN_OPERATING_MW,0,
7/25/2026 1:15:00 PM,RTD,CLUZ,03LUNSOL_G01,G,7/25/2026 1:11:00 PM,7/25/2026 1:15:00 PM,MAX_OPERATING_MW,27.67,
7/25/2026 1:15:00 PM,RTD,CLUZ,03LUNSOL_G01,G,7/25/2026 1:11:00 PM,7/25/2026 1:15:00 PM,MIN_OPERATING_MW,27.67,
7/25/2026 1:15:00 PM,RTD,CLUZ,03LUNSOL_G01,G,7/25/2026 1:16:00 PM,7/25/2026 1:20:00 PM,MAX_OPERATING_MW,27.21,
7/25/2026 1:15:00 PM,RTD,CLUZ,03LUNSOL_G01,G,7/25/2026 1:16:00 PM,7/25/2026 1:20:00 PM,MIN_OPERATING_MW,27.21,
7/25/2026 1:15:00 PM,RTD,CVIS,06SLYSOL_G02,G,7/25/2026 1:01:00 PM,7/25/2026 2:00:00 PM,MAX_OPERATING_MW,9.45,
7/25/2026 1:15:00 PM,RTD,CVIS,06SLYSOL_G02,G,7/25/2026 1:01:00 PM,7/25/2026 2:00:00 PM,MIN_OPERATING_MW,9.45,
7/25/2026 1:15:00 PM,RTD,CVIS,06SLYSOL_G03,G,7/25/2026 1:01:00 PM,7/25/2026 2:00:00 PM,MAX_OPERATING_MW,9.52,
7/25/2026 1:15:00 PM,RTD,CVIS,06SLYSOL_G03,G,7/25/2026 1:01:00 PM,7/25/2026 2:00:00 PM,MIN_OPERATING_MW,9.52,
7/25/2026 1:15:00 PM,RTD,CMIN,10LIAN_G02,G,7/25/2026 12:05:00 AM,7/25/2026 11:59:00 PM,MAX_OPERATING_MW,6,
7/25/2026 1:15:00 PM,RTD,CMIN,10LIAN_G02,G,7/25/2026 12:05:00 AM,7/25/2026 11:59:00 PM,MIN_OPERATING_MW,3,
7/25/2026 1:15:00 PM,RTD,CMIN,11MALADU_G01,G,7/25/2026 12:01:00 AM,7/26/2026,MAX_OPERATING_MW,9.50,
7/25/2026 1:15:00 PM,RTD,CMIN,11MALADU_G01,G,7/25/2026 12:01:00 AM,7/26/2026,MIN_OPERATING_MW,9.50,
7/25/2026 1:15:00 PM,RTD,CMIN,11MARAMSOL_G01,G,7/25/2026 10:31:00 AM,7/25/2026 2:30:00 PM,MAX_OPERATING_MW,15,
7/25/2026 1:15:00 PM,RTD,CMIN,11MARAMSOL_G01,G,7/25/2026 10:31:00 AM,7/25/2026 2:30:00 PM,MIN_OPERATING_MW,15,
7/25/2026 1:20:00 PM,RTD,CLUZ,01BARBASOL_G01,G,7/25/2026 1:16:00 PM,7/25/2026 1:20:00 PM,MAX_OPERATING_MW,51.46,
7/25/2026 1:20:00 PM,RTD,CLUZ,01BARBASOL_G01,G,7/25/2026 1:16:00 PM,7/25/2026 1:20:00 PM,MIN_OPERATING_MW,51.46,
7/25/2026 1:20:00 PM,RTD,CLUZ,01BARBASOL_G01,G,7/25/2026 1:21:00 PM,7/25/2026 1:25:00 PM,MAX_OPERATING_MW,50.07,
7/25/2026 1:20:00 PM,RTD,CLUZ,01BARBASOL_G01,G,7/25/2026 1:21:00 PM,7/25/2026 1:25:00 PM,MIN_OPERATING_MW,50.07,
7/25/2026 1:20:00 PM,RTD,CLUZ,01BUGSOL_G01,G,7/25/2026 1:16:00 PM,7/25/2026 1:20:00 PM,MAX_OPERATING_MW,80,
7/25/2026 1:20:00 PM,RTD,CLUZ,01BUGSOL_G01,G,7/25/2026 1:16:00 PM,7/25/2026 1:20:00 PM,MIN_OPERATING_MW,80,
7/25/2026 1:20:00 PM,RTD,CLUZ,01BUGSOL_G01,G,7/25/2026 1:21:00 PM,7/25/2026 1:25:00 PM,MAX_OPERATING_MW,80,
7/25/2026 1:20:00 PM,RTD,CLUZ,01BUGSOL_G01,G,7/25/2026 1:21:00 PM,7/25/2026 1:25:00 PM,MIN_OPERATING_MW,80,
7/25/2026 1:20:00 PM,RTD,CLUZ,01BULACSOL_G01,G,7/25/2026 1:01:00 PM,7/25/2026 2:00:00 PM,MAX_OPERATING_MW,3.37,
7/25/2026 1:20:00 PM,RTD,CLUZ,01BULACSOL_G01,G,7/25/2026 1:01:00 PM,7/25/2026 2:00:00 PM,MIN_OPERATING_MW,3.37,
7/25/2026 1:20:00 PM,RTD,CLUZ,01MSINLO_G04,G,7/25/2026 6:51:00 AM,7/26/2026,MAX_OPERATING_MW,150,
7/25/2026 1:20:00 PM,RTD,CLUZ,01MSINLO_G04,G,7/25/2026 6:51:00 AM,7/26/2026,MIN_OPERATING_MW,150,
7/25/2026 1:20:00 PM,RTD,CLUZ,01PASBUSOL_G01,G,7/25/2026 1:01:00 PM,7/25/2026 2:00:00 PM,MAX_OPERATING_MW,23.20,
7/25/2026 1:20:00 PM,RTD,CLUZ,01PASBUSOL_G01,G,7/25/2026 1:01:00 PM,7/25/2026 2:00:00 PM,MIN_OPERATING_MW,23.20,
7/25/2026 1:20:00 PM,RTD,CLUZ,01TERRASOL_G01,G,7/25/2026 1:06:00 PM,7/25/2026 4:00:00 PM,MAX_OPERATING_MW,600,
7/25/2026 1:20:00 PM,RTD,CLUZ,01TERRASOL_G01,G,7/25/2026 1:06:00 PM,7/25/2026 4:00:00 PM,MIN_OPERATING_MW,600,
7/25/2026 1:20:00 PM,RTD,CLUZ,03ALMNOS_BAT1,G,7/25/2026 12:01:00 PM,7/25/2026 4:00:00 PM,MAX_OPERATING_MW,0,
7/25/2026 1:20:00 PM,RTD,CLUZ,03ALMNOS_BAT1,G,7/25/2026 12:01:00 PM,7/25/2026 4:00:00 PM,MIN_OPERATING_MW,0,
7/25/2026 1:20:00 PM,RTD,CLUZ,03LUNSOL_G01,G,7/25/2026 1:16:00 PM,7/25/2026 1:20:00 PM,MAX_OPERATING_MW,27.21,
7/25/2026 1:20:00 PM,RTD,CLUZ,03LUNSOL_G01,G,7/25/2026 1:16:00 PM,7/25/2026 1:20:00 PM,MIN_OPERATING_MW,27.21,
7/25/2026 1:20:00 PM,RTD,CLUZ,03LUNSOL_G01,G,7/25/2026 1:21:00 PM,7/25/2026 1:25:00 PM,MAX_OPERATING_MW,26.74,
7/25/2026 1:20:00 PM,RTD,CLUZ,03LUNSOL_G01,G,7/25/2026 1:21:00 PM,7/25/2026 1:25:00 PM,MIN_OPERATING_MW,26.74,
7/25/2026 1:20:00 PM,RTD,CVIS,06SLYSOL_G02,G,7/25/2026 1:01:00 PM,7/25/2026 2:00:00 PM,MAX_OPERATING_MW,9.45,
7/25/2026 1:20:00 PM,RTD,CVIS,06SLYSOL_G02,G,7/25/2026 1:01:00 PM,7/25/2026 2:00:00 PM,MIN_OPERATING_MW,9.45,
7/25/2026 1:20:00 PM,RTD,CVIS,06SLYSOL_G03,G,7/25/2026 1:01:00 PM,7/25/2026 2:00:00 PM,MAX_OPERATING_MW,9.52,
7/25/2026 1:20:00 PM,RTD,CVIS,06SLYSOL_G03,G,7/25/2026 1:01:00 PM,7/25/2026 2:00:00 PM,MIN_OPERATING_MW,9.52,
7/25/2026 1:20:00 PM,RTD,CMIN,10LIAN_G02,G,7/25/2026 12:05:00 AM,7/25/2026 11:59:00 PM,MAX_OPERATING_MW,6,
7/25/2026 1:20:00 PM,RTD,CMIN,10LIAN_G02,G,7/25/2026 12:05:00 AM,7/25/2026 11:59:00 PM,MIN_OPERATING_MW,3,
7/25/2026 1:20:00 PM,RTD,CMIN,11MALADU_G01,G,7/25/2026 12:01:00 AM,7/26/2026,MAX_OPERATING_MW,9.50,
7/25/2026 1:20:00 PM,RTD,CMIN,11MALADU_G01,G,7/25/2026 12:01:00 AM,7/26/2026,MIN_OPERATING_MW,9.50,
7/25/2026 1:20:00 PM,RTD,CMIN,11MARAMSOL_G01,G,7/25/2026 10:31:00 AM,7/25/2026 2:30:00 PM,MAX_OPERATING_MW,15,
7/25/2026 1:20:00 PM,RTD,CMIN,11MARAMSOL_G01,G,7/25/2026 10:31:00 AM,7/25/2026 2:30:00 PM,MIN_OPERATING_MW,15,
7/25/2026 1:25:00 PM,RTD,CLUZ,01BARBASOL_G01,G,7/25/2026 1:21:00 PM,7/25/2026 1:25:00 PM,MAX_OPERATING_MW,50.07,
7/25/2026 1:25:00 PM,RTD,CLUZ,01BARBASOL_G01,G,7/25/2026 1:21:00 PM,7/25/2026 1:25:00 PM,MIN_OPERATING_MW,50.07,
7/25/2026 1:25:00 PM,RTD,CLUZ,01BARBASOL_G01,G,7/25/2026 1:26:00 PM,7/25/2026 1:30:00 PM,MAX_OPERATING_MW,48.65,
7/25/2026 1:25:00 PM,RTD,CLUZ,01BARBASOL_G01,G,7/25/2026 1:26:00 PM,7/25/2026 1:30:00 PM,MIN_OPERATING_MW,48.65,
7/25/2026 1:25:00 PM,RTD,CLUZ,01BUGSOL_G01,G,7/25/2026 1:21:00 PM,7/25/2026 1:25:00 PM,MAX_OPERATING_MW,80,
7/25/2026 1:25:00 PM,RTD,CLUZ,01BUGSOL_G01,G,7/25/2026 1:21:00 PM,7/25/2026 1:25:00 PM,MIN_OPERATING_MW,80,
7/25/2026 1:25:00 PM,RTD,CLUZ,01BUGSOL_G01,G,7/25/2026 1:26:00 PM,7/25/2026 1:30:00 PM,MAX_OPERATING_MW,80,
7/25/2026 1:25:00 PM,RTD,CLUZ,01BUGSOL_G01,G,7/25/2026 1:26:00 PM,7/25/2026 1:30:00 PM,MIN_OPERATING_MW,80,
7/25/2026 1:25:00 PM,RTD,CLUZ,01BULACSOL_G01,G,7/25/2026 1:01:00 PM,7/25/2026 2:00:00 PM,MAX_OPERATING_MW,3.37,
7/25/2026 1:25:00 PM,RTD,CLUZ,01BULACSOL_G01,G,7/25/2026 1:01:00 PM,7/25/2026 2:00:00 PM,MIN_OPERATING_MW,3.37,
7/25/2026 1:25:00 PM,RTD,CLUZ,01MSINLO_G04,G,7/25/2026 6:51:00 AM,7/26/2026,MAX_OPERATING_MW,150,
7/25/2026 1:25:00 PM,RTD,CLUZ,01MSINLO_G04,G,7/25/2026 6:51:00 AM,7/26/2026,MIN_OPERATING_MW,150,
7/25/2026 1:25:00 PM,RTD,CLUZ,01PASBUSOL_G01,G,7/25/2026 1:01:00 PM,7/25/2026 2:00:00 PM,MAX_OPERATING_MW,23.20,
7/25/2026 1:25:00 PM,RTD,CLUZ,01PASBUSOL_G01,G,7/25/2026 1:01:00 PM,7/25/2026 2:00:00 PM,MIN_OPERATING_MW,23.20,
7/25/2026 1:25:00 PM,RTD,CLUZ,01TERRASOL_G01,G,7/25/2026 1:06:00 PM,7/25/2026 4:00:00 PM,MAX_OPERATING_MW,600,
7/25/2026 1:25:00 PM,RTD,CLUZ,01TERRASOL_G01,G,7/25/2026 1:06:00 PM,7/25/2026 4:00:00 PM,MIN_OPERATING_MW,600,
7/25/2026 1:25:00 PM,RTD,CLUZ,03ALMNOS_BAT1,G,7/25/2026 12:01:00 PM,7/25/2026 4:00:00 PM,MAX_OPERATING_MW,0,
7/25/2026 1:25:00 PM,RTD,CLUZ,03ALMNOS_BAT1,G,7/25/2026 12:01:00 PM,7/25/2026 4:00:00 PM,MIN_OPERATING_MW,0,
7/25/2026 1:25:00 PM,RTD,CLUZ,03LUNSOL_G01,G,7/25/2026 1:21:00 PM,7/25/2026 1:25:00 PM,MAX_OPERATING_MW,26.74,
7/25/2026 1:25:00 PM,RTD,CLUZ,03LUNSOL_G01,G,7/25/2026 1:21:00 PM,7/25/2026 1:25:00 PM,MIN_OPERATING_MW,26.74,
7/25/2026 1:25:00 PM,RTD,CLUZ,03LUNSOL_G01,G,7/25/2026 1:26:00 PM,7/25/2026 1:30:00 PM,MAX_OPERATING_MW,26.25,
7/25/2026 1:25:00 PM,RTD,CLUZ,03LUNSOL_G01,G,7/25/2026 1:26:00 PM,7/25/2026 1:30:00 PM,MIN_OPERATING_MW,26.25,
7/25/2026 1:25:00 PM,RTD,CVIS,06SLYSOL_G02,G,7/25/2026 1:01:00 PM,7/25/2026 2:00:00 PM,MAX_OPERATING_MW,9.45,
7/25/2026 1:25:00 PM,RTD,CVIS,06SLYSOL_G02,G,7/25/2026 1:01:00 PM,7/25/2026 2:00:00 PM,MIN_OPERATING_MW,9.45,
7/25/2026 1:25:00 PM,RTD,CVIS,06SLYSOL_G03,G,7/25/2026 1:01:00 PM,7/25/2026 2:00:00 PM,MAX_OPERATING_MW,9.52,
7/25/2026 1:25:00 PM,RTD,CVIS,06SLYSOL_G03,G,7/25/2026 1:01:00 PM,7/25/2026 2:00:00 PM,MIN_OPERATING_MW,9.52,
7/25/2026 1:25:00 PM,RTD,CMIN,10LIAN_G02,G,7/25/2026 12:05:00 AM,7/25/2026 11:59:00 PM,MAX_OPERATING_MW,6,
7/25/2026 1:25:00 PM,RTD,CMIN,10LIAN_G02,G,7/25/2026 12:05:00 AM,7/25/2026 11:59:00 PM,MIN_OPERATING_MW,3,
7/25/2026 1:25:00 PM,RTD,CMIN,11MALADU_G01,G,7/25/2026 12:01:00 AM,7/26/2026,MAX_OPERATING_MW,9.50,
7/25/2026 1:25:00 PM,RTD,CMIN,11MALADU_G01,G,7/25/2026 12:01:00 AM,7/26/2026,MIN_OPERATING_MW,9.50,
7/25/2026 1:25:00 PM,RTD,CMIN,11MARAMSOL_G01,G,7/25/2026 10:31:00 AM,7/25/2026 2:30:00 PM,MAX_OPERATING_MW,15,
7/25/2026 1:25:00 PM,RTD,CMIN,11MARAMSOL_G01,G,7/25/2026 10:31:00 AM,7/25/2026 2:30:00 PM,MIN_OPERATING_MW,15,
7/25/2026 1:30:00 PM,RTD,CLUZ,01BARBASOL_G01,G,7/25/2026 1:26:00 PM,7/25/2026 1:30:00 PM,MAX_OPERATING_MW,48.65,
7/25/2026 1:30:00 PM,RTD,CLUZ,01BARBASOL_G01,G,7/25/2026 1:26:00 PM,7/25/2026 1:30:00 PM,MIN_OPERATING_MW,48.65,
7/25/2026 1:30:00 PM,RTD,CLUZ,01BARBASOL_G01,G,7/25/2026 1:31:00 PM,7/25/2026 1:35:00 PM,MAX_OPERATING_MW,47.21,
7/25/2026 1:30:00 PM,RTD,CLUZ,01BARBASOL_G01,G,7/25/2026 1:31:00 PM,7/25/2026 1:35:00 PM,MIN_OPERATING_MW,47.21,
7/25/2026 1:30:00 PM,RTD,CLUZ,01BUGSOL_G01,G,7/25/2026 1:26:00 PM,7/25/2026 1:30:00 PM,MAX_OPERATING_MW,80,
7/25/2026 1:30:00 PM,RTD,CLUZ,01BUGSOL_G01,G,7/25/2026 1:26:00 PM,7/25/2026 1:30:00 PM,MIN_OPERATING_MW,80,
7/25/2026 1:30:00 PM,RTD,CLUZ,01BUGSOL_G01,G,7/25/2026 1:31:00 PM,7/25/2026 1:35:00 PM,MAX_OPERATING_MW,80,
7/25/2026 1:30:00 PM,RTD,CLUZ,01BUGSOL_G01,G,7/25/2026 1:31:00 PM,7/25/2026 1:35:00 PM,MIN_OPERATING_MW,80,
7/25/2026 1:30:00 PM,RTD,CLUZ,01BULACSOL_G01,G,7/25/2026 1:01:00 PM,7/25/2026 2:00:00 PM,MAX_OPERATING_MW,3.37,
7/25/2026 1:30:00 PM,RTD,CLUZ,01BULACSOL_G01,G,7/25/2026 1:01:00 PM,7/25/2026 2:00:00 PM,MIN_OPERATING_MW,3.37,
7/25/2026 1:30:00 PM,RTD,CLUZ,01MSINLO_G04,G,7/25/2026 6:51:00 AM,7/26/2026,MAX_OPERATING_MW,150,
7/25/2026 1:30:00 PM,RTD,CLUZ,01MSINLO_G04,G,7/25/2026 6:51:00 AM,7/26/2026,MIN_OPERATING_MW,150,
7/25/2026 1:30:00 PM,RTD,CLUZ,01PASBUSOL_G01,G,7/25/2026 1:01:00 PM,7/25/2026 2:00:00 PM,MAX_OPERATING_MW,23.20,
7/25/2026 1:30:00 PM,RTD,CLUZ,01PASBUSOL_G01,G,7/25/2026 1:01:00 PM,7/25/2026 2:00:00 PM,MIN_OPERATING_MW,23.20,
7/25/2026 1:30:00 PM,RTD,CLUZ,01TERRASOL_G01,G,7/25/2026 1:06:00 PM,7/25/2026 4:00:00 PM,MAX_OPERATING_MW,600,
7/25/2026 1:30:00 PM,RTD,CLUZ,01TERRASOL_G01,G,7/25/2026 1:06:00 PM,7/25/2026 4:00:00 PM,MIN_OPERATING_MW,600,
7/25/2026 1:30:00 PM,RTD,CLUZ,03ALMNOS_BAT1,G,7/25/2026 12:01:00 PM,7/25/2026 4:00:00 PM,MAX_OPERATING_MW,0,
7/25/2026 1:30:00 PM,RTD,CLUZ,03ALMNOS_BAT1,G,7/25/2026 12:01:00 PM,7/25/2026 4:00:00 PM,MIN_OPERATING_MW,0,
7/25/2026 1:30:00 PM,RTD,CLUZ,03LUNSOL_G01,G,7/25/2026 1:26:00 PM,7/25/2026 1:30:00 PM,MAX_OPERATING_MW,26.25,
7/25/2026 1:30:00 PM,RTD,CLUZ,03LUNSOL_G01,G,7/25/2026 1:26:00 PM,7/25/2026 1:30:00 PM,MIN_OPERATING_MW,26.25,
7/25/2026 1:30:00 PM,RTD,CLUZ,03LUNSOL_G01,G,7/25/2026 1:31:00 PM,7/25/2026 1:35:00 PM,MAX_OPERATING_MW,25.77,
7/25/2026 1:30:00 PM,RTD,CLUZ,03LUNSOL_G01,G,7/25/2026 1:31:00 PM,7/25/2026 1:35:00 PM,MIN_OPERATING_MW,25.77,
7/25/2026 1:30:00 PM,RTD,CVIS,06SLYSOL_G02,G,7/25/2026 1:01:00 PM,7/25/2026 2:00:00 PM,MAX_OPERATING_MW,9.45,
7/25/2026 1:30:00 PM,RTD,CVIS,06SLYSOL_G02,G,7/25/2026 1:01:00 PM,7/25/2026 2:00:00 PM,MIN_OPERATING_MW,9.45,
7/25/2026 1:30:00 PM,RTD,CVIS,06SLYSOL_G03,G,7/25/2026 1:01:00 PM,7/25/2026 2:00:00 PM,MAX_OPERATING_MW,9.52,
7/25/2026 1:30:00 PM,RTD,CVIS,06SLYSOL_G03,G,7/25/2026 1:01:00 PM,7/25/2026 2:00:00 PM,MIN_OPERATING_MW,9.52,
7/25/2026 1:30:00 PM,RTD,CMIN,10LIAN_G02,G,7/25/2026 12:05:00 AM,7/25/2026 11:59:00 PM,MAX_OPERATING_MW,6,
7/25/2026 1:30:00 PM,RTD,CMIN,10LIAN_G02,G,7/25/2026 12:05:00 AM,7/25/2026 11:59:00 PM,MIN_OPERATING_MW,3,
7/25/2026 1:30:00 PM,RTD,CMIN,11MALADU_G01,G,7/25/2026 12:01:00 AM,7/26/2026,MAX_OPERATING_MW,9.50,
7/25/2026 1:30:00 PM,RTD,CMIN,11MALADU_G01,G,7/25/2026 12:01:00 AM,7/26/2026,MIN_OPERATING_MW,9.50,
7/25/2026 1:30:00 PM,RTD,CMIN,11MARAMSOL_G01,G,7/25/2026 10:31:00 AM,7/25/2026 2:30:00 PM,MAX_OPERATING_MW,15,
7/25/2026 1:30:00 PM,RTD,CMIN,11MARAMSOL_G01,G,7/25/2026 10:31:00 AM,7/25/2026 2:30:00 PM,MIN_OPERATING_MW,15,
7/25/2026 1:35:00 PM,RTD,CLUZ,01BARBASOL_G01,G,7/25/2026 1:31:00 PM,7/25/2026 1:35:00 PM,MAX_OPERATING_MW,47.21,
7/25/2026 1:35:00 PM,RTD,CLUZ,01BARBASOL_G01,G,7/25/2026 1:31:00 PM,7/25/2026 1:35:00 PM,MIN_OPERATING_MW,47.21,
7/25/2026 1:35:00 PM,RTD,CLUZ,01BARBASOL_G01,G,7/25/2026 1:36:00 PM,7/25/2026 1:40:00 PM,MAX_OPERATING_MW,45.77,
7/25/2026 1:35:00 PM,RTD,CLUZ,01BARBASOL_G01,G,7/25/2026 1:36:00 PM,7/25/2026 1:40:00 PM,MIN_OPERATING_MW,45.77,
7/25/2026 1:35:00 PM,RTD,CLUZ,01BUGSOL_G01,G,7/25/2026 1:31:00 PM,7/25/2026 1:35:00 PM,MAX_OPERATING_MW,80,
7/25/2026 1:35:00 PM,RTD,CLUZ,01BUGSOL_G01,G,7/25/2026 1:31:00 PM,7/25/2026 1:35:00 PM,MIN_OPERATING_MW,80,
7/25/2026 1:35:00 PM,RTD,CLUZ,01BUGSOL_G01,G,7/25/2026 1:36:00 PM,7/25/2026 1:40:00 PM,MAX_OPERATING_MW,145.10,
7/25/2026 1:35:00 PM,RTD,CLUZ,01BUGSOL_G01,G,7/25/2026 1:36:00 PM,7/25/2026 1:40:00 PM,MIN_OPERATING_MW,145.10,
7/25/2026 1:35:00 PM,RTD,CLUZ,01BULACSOL_G01,G,7/25/2026 1:01:00 PM,7/25/2026 2:00:00 PM,MAX_OPERATING_MW,3.37,
7/25/2026 1:35:00 PM,RTD,CLUZ,01BULACSOL_G01,G,7/25/2026 1:01:00 PM,7/25/2026 2:00:00 PM,MIN_OPERATING_MW,3.37,
7/25/2026 1:35:00 PM,RTD,CLUZ,01MSINLO_G04,G,7/25/2026 6:51:00 AM,7/26/2026,MAX_OPERATING_MW,150,
7/25/2026 1:35:00 PM,RTD,CLUZ,01MSINLO_G04,G,7/25/2026 6:51:00 AM,7/26/2026,MIN_OPERATING_MW,150,
7/25/2026 1:35:00 PM,RTD,CLUZ,01PASBUSOL_G01,G,7/25/2026 1:01:00 PM,7/25/2026 2:00:00 PM,MAX_OPERATING_MW,23.20,
7/25/2026 1:35:00 PM,RTD,CLUZ,01PASBUSOL_G01,G,7/25/2026 1:01:00 PM,7/25/2026 2:00:00 PM,MIN_OPERATING_MW,23.20,
7/25/2026 1:35:00 PM,RTD,CLUZ,01TERRASOL_G01,G,7/25/2026 1:06:00 PM,7/25/2026 4:00:00 PM,MAX_OPERATING_MW,600,
7/25/2026 1:35:00 PM,RTD,CLUZ,01TERRASOL_G01,G,7/25/2026 1:06:00 PM,7/25/2026 4:00:00 PM,MIN_OPERATING_MW,600,
7/25/2026 1:35:00 PM,RTD,CLUZ,03ALMNOS_BAT1,G,7/25/2026 12:01:00 PM,7/25/2026 4:00:00 PM,MAX_OPERATING_MW,0,
7/25/2026 1:35:00 PM,RTD,CLUZ,03ALMNOS_BAT1,G,7/25/2026 12:01:00 PM,7/25/2026 4:00:00 PM,MIN_OPERATING_MW,0,
7/25/2026 1:35:00 PM,RTD,CLUZ,03LUNSOL_G01,G,7/25/2026 1:31:00 PM,7/25/2026 1:35:00 PM,MAX_OPERATING_MW,25.77,
7/25/2026 1:35:00 PM,RTD,CLUZ,03LUNSOL_G01,G,7/25/2026 1:31:00 PM,7/25/2026 1:35:00 PM,MIN_OPERATING_MW,25.77,
7/25/2026 1:35:00 PM,RTD,CLUZ,03LUNSOL_G01,G,7/25/2026 1:36:00 PM,7/25/2026 1:40:00 PM,MAX_OPERATING_MW,25.28,
7/25/2026 1:35:00 PM,RTD,CLUZ,03LUNSOL_G01,G,7/25/2026 1:36:00 PM,7/25/2026 1:40:00 PM,MIN_OPERATING_MW,25.28,
7/25/2026 1:35:00 PM,RTD,CVIS,06SLYSOL_G02,G,7/25/2026 1:01:00 PM,7/25/2026 2:00:00 PM,MAX_OPERATING_MW,9.45,
7/25/2026 1:35:00 PM,RTD,CVIS,06SLYSOL_G02,G,7/25/2026 1:01:00 PM,7/25/2026 2:00:00 PM,MIN_OPERATING_MW,9.45,
7/25/2026 1:35:00 PM,RTD,CVIS,06SLYSOL_G03,G,7/25/2026 1:01:00 PM,7/25/2026 2:00:00 PM,MAX_OPERATING_MW,9.52,
7/25/2026 1:35:00 PM,RTD,CVIS,06SLYSOL_G03,G,7/25/2026 1:01:00 PM,7/25/2026 2:00:00 PM,MIN_OPERATING_MW,9.52,
7/25/2026 1:35:00 PM,RTD,CMIN,10LIAN_G02,G,7/25/2026 12:05:00 AM,7/25/2026 11:59:00 PM,MAX_OPERATING_MW,6,
7/25/2026 1:35:00 PM,RTD,CMIN,10LIAN_G02,G,7/25/2026 12:05:00 AM,7/25/2026 11:59:00 PM,MIN_OPERATING_MW,3,
7/25/2026 1:35:00 PM,RTD,CMIN,11MALADU_G01,G,7/25/2026 12:01:00 AM,7/26/2026,MAX_OPERATING_MW,9.50,
7/25/2026 1:35:00 PM,RTD,CMIN,11MALADU_G01,G,7/25/2026 12:01:00 AM,7/26/2026,MIN_OPERATING_MW,9.50,
7/25/2026 1:35:00 PM,RTD,CMIN,11MARAMSOL_G01,G,7/25/2026 10:31:00 AM,7/25/2026 2:30:00 PM,MAX_OPERATING_MW,15,
7/25/2026 1:35:00 PM,RTD,CMIN,11MARAMSOL_G01,G,7/25/2026 10:31:00 AM,7/25/2026 2:30:00 PM,MIN_OPERATING_MW,15,
7/25/2026 1:40:00 PM,RTD,CLUZ,01BARBASOL_G01,G,7/25/2026 1:36:00 PM,7/25/2026 1:40:00 PM,MAX_OPERATING_MW,45.77,
7/25/2026 1:40:00 PM,RTD,CLUZ,01BARBASOL_G01,G,7/25/2026 1:36:00 PM,7/25/2026 1:40:00 PM,MIN_OPERATING_MW,45.77,
7/25/2026 1:40:00 PM,RTD,CLUZ,01BARBASOL_G01,G,7/25/2026 1:41:00 PM,7/25/2026 1:45:00 PM,MAX_OPERATING_MW,44.34,
7/25/2026 1:40:00 PM,RTD,CLUZ,01BARBASOL_G01,G,7/25/2026 1:41:00 PM,7/25/2026 1:45:00 PM,MIN_OPERATING_MW,44.34,
7/25/2026 1:40:00 PM,RTD,CLUZ,01BUGSOL_G01,G,7/25/2026 1:36:00 PM,7/25/2026 1:40:00 PM,MAX_OPERATING_MW,145.10,
7/25/2026 1:40:00 PM,RTD,CLUZ,01BUGSOL_G01,G,7/25/2026 1:36:00 PM,7/25/2026 1:40:00 PM,MIN_OPERATING_MW,145.10,
7/25/2026 1:40:00 PM,RTD,CLUZ,01BUGSOL_G01,G,7/25/2026 1:41:00 PM,7/25/2026 1:45:00 PM,MAX_OPERATING_MW,136.80,
7/25/2026 1:40:00 PM,RTD,CLUZ,01BUGSOL_G01,G,7/25/2026 1:41:00 PM,7/25/2026 1:45:00 PM,MIN_OPERATING_MW,136.80,
7/25/2026 1:40:00 PM,RTD,CLUZ,01BULACSOL_G01,G,7/25/2026 1:01:00 PM,7/25/2026 2:00:00 PM,MAX_OPERATING_MW,3.37,
7/25/2026 1:40:00 PM,RTD,CLUZ,01BULACSOL_G01,G,7/25/2026 1:01:00 PM,7/25/2026 2:00:00 PM,MIN_OPERATING_MW,3.37,
7/25/2026 1:40:00 PM,RTD,CLUZ,01MSINLO_G04,G,7/25/2026 6:51:00 AM,7/26/2026,MAX_OPERATING_MW,150,
7/25/2026 1:40:00 PM,RTD,CLUZ,01MSINLO_G04,G,7/25/2026 6:51:00 AM,7/26/2026,MIN_OPERATING_MW,150,
7/25/2026 1:40:00 PM,RTD,CLUZ,01PASBUSOL_G01,G,7/25/2026 1:01:00 PM,7/25/2026 2:00:00 PM,MAX_OPERATING_MW,23.20,
7/25/2026 1:40:00 PM,RTD,CLUZ,01PASBUSOL_G01,G,7/25/2026 1:01:00 PM,7/25/2026 2:00:00 PM,MIN_OPERATING_MW,23.20,
7/25/2026 1:40:00 PM,RTD,CLUZ,01TERRASOL_G01,G,7/25/2026 1:06:00 PM,7/25/2026 4:00:00 PM,MAX_OPERATING_MW,600,
7/25/2026 1:40:00 PM,RTD,CLUZ,01TERRASOL_G01,G,7/25/2026 1:06:00 PM,7/25/2026 4:00:00 PM,MIN_OPERATING_MW,600,
7/25/2026 1:40:00 PM,RTD,CLUZ,03ALMNOS_BAT1,G,7/25/2026 12:01:00 PM,7/25/2026 4:00:00 PM,MAX_OPERATING_MW,0,
7/25/2026 1:40:00 PM,RTD,CLUZ,03ALMNOS_BAT1,G,7/25/2026 12:01:00 PM,7/25/2026 4:00:00 PM,MIN_OPERATING_MW,0,
7/25/2026 1:40:00 PM,RTD,CLUZ,03LUNSOL_G01,G,7/25/2026 1:36:00 PM,7/25/2026 1:40:00 PM,MAX_OPERATING_MW,25.28,
7/25/2026 1:40:00 PM,RTD,CLUZ,03LUNSOL_G01,G,7/25/2026 1:36:00 PM,7/25/2026 1:40:00 PM,MIN_OPERATING_MW,25.28,
7/25/2026 1:40:00 PM,RTD,CLUZ,03LUNSOL_G01,G,7/25/2026 1:41:00 PM,7/25/2026 1:45:00 PM,MAX_OPERATING_MW,24.79,
7/25/2026 1:40:00 PM,RTD,CLUZ,03LUNSOL_G01,G,7/25/2026 1:41:00 PM,7/25/2026 1:45:00 PM,MIN_OPERATING_MW,24.79,
7/25/2026 1:40:00 PM,RTD,CVIS,06SLYSOL_G02,G,7/25/2026 1:01:00 PM,7/25/2026 2:00:00 PM,MAX_OPERATING_MW,9.45,
7/25/2026 1:40:00 PM,RTD,CVIS,06SLYSOL_G02,G,7/25/2026 1:01:00 PM,7/25/2026 2:00:00 PM,MIN_OPERATING_MW,9.45,
7/25/2026 1:40:00 PM,RTD,CVIS,06SLYSOL_G03,G,7/25/2026 1:01:00 PM,7/25/2026 2:00:00 PM,MAX_OPERATING_MW,9.52,
7/25/2026 1:40:00 PM,RTD,CVIS,06SLYSOL_G03,G,7/25/2026 1:01:00 PM,7/25/2026 2:00:00 PM,MIN_OPERATING_MW,9.52,
7/25/2026 1:40:00 PM,RTD,CMIN,10LIAN_G02,G,7/25/2026 12:05:00 AM,7/25/2026 11:59:00 PM,MAX_OPERATING_MW,6,
7/25/2026 1:40:00 PM,RTD,CMIN,10LIAN_G02,G,7/25/2026 12:05:00 AM,7/25/2026 11:59:00 PM,MIN_OPERATING_MW,3,
7/25/2026 1:40:00 PM,RTD,CMIN,11MALADU_G01,G,7/25/2026 12:01:00 AM,7/26/2026,MAX_OPERATING_MW,9.50,
7/25/2026 1:40:00 PM,RTD,CMIN,11MALADU_G01,G,7/25/2026 12:01:00 AM,7/26/2026,MIN_OPERATING_MW,9.50,
7/25/2026 1:40:00 PM,RTD,CMIN,11MARAMSOL_G01,G,7/25/2026 10:31:00 AM,7/25/2026 2:30:00 PM,MAX_OPERATING_MW,15,
7/25/2026 1:40:00 PM,RTD,CMIN,11MARAMSOL_G01,G,7/25/2026 10:31:00 AM,7/25/2026 2:30:00 PM,MIN_OPERATING_MW,15,
7/25/2026 1:45:00 PM,RTD,CLUZ,01BARBASOL_G01,G,7/25/2026 1:41:00 PM,7/25/2026 1:45:00 PM,MAX_OPERATING_MW,44.34,
7/25/2026 1:45:00 PM,RTD,CLUZ,01BARBASOL_G01,G,7/25/2026 1:41:00 PM,7/25/2026 1:45:00 PM,MIN_OPERATING_MW,44.34,
7/25/2026 1:45:00 PM,RTD,CLUZ,01BARBASOL_G01,G,7/25/2026 1:46:00 PM,7/25/2026 1:50:00 PM,MAX_OPERATING_MW,42.96,
7/25/2026 1:45:00 PM,RTD,CLUZ,01BARBASOL_G01,G,7/25/2026 1:46:00 PM,7/25/2026 1:50:00 PM,MIN_OPERATING_MW,42.96,
7/25/2026 1:45:00 PM,RTD,CLUZ,01BUGSOL_G01,G,7/25/2026 1:41:00 PM,7/25/2026 1:45:00 PM,MAX_OPERATING_MW,136.80,
7/25/2026 1:45:00 PM,RTD,CLUZ,01BUGSOL_G01,G,7/25/2026 1:41:00 PM,7/25/2026 1:45:00 PM,MIN_OPERATING_MW,136.80,
7/25/2026 1:45:00 PM,RTD,CLUZ,01BUGSOL_G01,G,7/25/2026 1:46:00 PM,7/25/2026 1:50:00 PM,MAX_OPERATING_MW,130.70,
7/25/2026 1:45:00 PM,RTD,CLUZ,01BUGSOL_G01,G,7/25/2026 1:46:00 PM,7/25/2026 1:50:00 PM,MIN_OPERATING_MW,130.70,
7/25/2026 1:45:00 PM,RTD,CLUZ,01BULACSOL_G01,G,7/25/2026 1:01:00 PM,7/25/2026 2:00:00 PM,MAX_OPERATING_MW,3.37,
7/25/2026 1:45:00 PM,RTD,CLUZ,01BULACSOL_G01,G,7/25/2026 1:01:00 PM,7/25/2026 2:00:00 PM,MIN_OPERATING_MW,3.37,
7/25/2026 1:45:00 PM,RTD,CLUZ,01MSINLO_G04,G,7/25/2026 6:51:00 AM,7/26/2026,MAX_OPERATING_MW,150,
7/25/2026 1:45:00 PM,RTD,CLUZ,01MSINLO_G04,G,7/25/2026 6:51:00 AM,7/26/2026,MIN_OPERATING_MW,150,
7/25/2026 1:45:00 PM,RTD,CLUZ,01PASBUSOL_G01,G,7/25/2026 1:01:00 PM,7/25/2026 2:00:00 PM,MAX_OPERATING_MW,23.20,
7/25/2026 1:45:00 PM,RTD,CLUZ,01PASBUSOL_G01,G,7/25/2026 1:01:00 PM,7/25/2026 2:00:00 PM,MIN_OPERATING_MW,23.20,
7/25/2026 1:45:00 PM,RTD,CLUZ,01TERRASOL_G01,G,7/25/2026 1:06:00 PM,7/25/2026 4:00:00 PM,MAX_OPERATING_MW,600,
7/25/2026 1:45:00 PM,RTD,CLUZ,01TERRASOL_G01,G,7/25/2026 1:06:00 PM,7/25/2026 4:00:00 PM,MIN_OPERATING_MW,600,
7/25/2026 1:45:00 PM,RTD,CLUZ,03ALMNOS_BAT1,G,7/25/2026 12:01:00 PM,7/25/2026 4:00:00 PM,MAX_OPERATING_MW,0,
7/25/2026 1:45:00 PM,RTD,CLUZ,03ALMNOS_BAT1,G,7/25/2026 12:01:00 PM,7/25/2026 4:00:00 PM,MIN_OPERATING_MW,0,
7/25/2026 1:45:00 PM,RTD,CLUZ,03LUNSOL_G01,G,7/25/2026 1:41:00 PM,7/25/2026 1:45:00 PM,MAX_OPERATING_MW,24.79,
7/25/2026 1:45:00 PM,RTD,CLUZ,03LUNSOL_G01,G,7/25/2026 1:41:00 PM,7/25/2026 1:45:00 PM,MIN_OPERATING_MW,24.79,
7/25/2026 1:45:00 PM,RTD,CLUZ,03LUNSOL_G01,G,7/25/2026 1:46:00 PM,7/25/2026 1:50:00 PM,MAX_OPERATING_MW,24.29,
7/25/2026 1:45:00 PM,RTD,CLUZ,03LUNSOL_G01,G,7/25/2026 1:46:00 PM,7/25/2026 1:50:00 PM,MIN_OPERATING_MW,24.29,
7/25/2026 1:45:00 PM,RTD,CVIS,06SLYSOL_G02,G,7/25/2026 1:01:00 PM,7/25/2026 2:00:00 PM,MAX_OPERATING_MW,9.45,
7/25/2026 1:45:00 PM,RTD,CVIS,06SLYSOL_G02,G,7/25/2026 1:01:00 PM,7/25/2026 2:00:00 PM,MIN_OPERATING_MW,9.45,
7/25/2026 1:45:00 PM,RTD,CVIS,06SLYSOL_G03,G,7/25/2026 1:01:00 PM,7/25/2026 2:00:00 PM,MAX_OPERATING_MW,9.52,
7/25/2026 1:45:00 PM,RTD,CVIS,06SLYSOL_G03,G,7/25/2026 1:01:00 PM,7/25/2026 2:00:00 PM,MIN_OPERATING_MW,9.52,
7/25/2026 1:45:00 PM,RTD,CMIN,10LIAN_G02,G,7/25/2026 12:05:00 AM,7/25/2026 11:59:00 PM,MAX_OPERATING_MW,6,
7/25/2026 1:45:00 PM,RTD,CMIN,10LIAN_G02,G,7/25/2026 12:05:00 AM,7/25/2026 11:59:00 PM,MIN_OPERATING_MW,3,
7/25/2026 1:45:00 PM,RTD,CMIN,11MALADU_G01,G,7/25/2026 12:01:00 AM,7/26/2026,MAX_OPERATING_MW,9.50,
7/25/2026 1:45:00 PM,RTD,CMIN,11MALADU_G01,G,7/25/2026 12:01:00 AM,7/26/2026,MIN_OPERATING_MW,9.50,
7/25/2026 1:45:00 PM,RTD,CMIN,11MARAMSOL_G01,G,7/25/2026 10:31:00 AM,7/25/2026 2:30:00 PM,MAX_OPERATING_MW,15,
7/25/2026 1:45:00 PM,RTD,CMIN,11MARAMSOL_G01,G,7/25/2026 10:31:00 AM,7/25/2026 2:30:00 PM,MIN_OPERATING_MW,15,
7/25/2026 1:50:00 PM,RTD,CLUZ,01BARBASOL_G01,G,7/25/2026 1:46:00 PM,7/25/2026 1:50:00 PM,MAX_OPERATING_MW,42.96,
7/25/2026 1:50:00 PM,RTD,CLUZ,01BARBASOL_G01,G,7/25/2026 1:46:00 PM,7/25/2026 1:50:00 PM,MIN_OPERATING_MW,42.96,
7/25/2026 1:50:00 PM,RTD,CLUZ,01BARBASOL_G01,G,7/25/2026 1:51:00 PM,7/25/2026 1:55:00 PM,MAX_OPERATING_MW,41.62,
7/25/2026 1:50:00 PM,RTD,CLUZ,01BARBASOL_G01,G,7/25/2026 1:51:00 PM,7/25/2026 1:55:00 PM,MIN_OPERATING_MW,41.62,
7/25/2026 1:50:00 PM,RTD,CLUZ,01BUGSOL_G01,G,7/25/2026 1:46:00 PM,7/25/2026 1:50:00 PM,MAX_OPERATING_MW,130.70,
7/25/2026 1:50:00 PM,RTD,CLUZ,01BUGSOL_G01,G,7/25/2026 1:46:00 PM,7/25/2026 1:50:00 PM,MIN_OPERATING_MW,130.70,
7/25/2026 1:50:00 PM,RTD,CLUZ,01BUGSOL_G01,G,7/25/2026 1:51:00 PM,7/25/2026 1:55:00 PM,MAX_OPERATING_MW,129.70,
7/25/2026 1:50:00 PM,RTD,CLUZ,01BUGSOL_G01,G,7/25/2026 1:51:00 PM,7/25/2026 1:55:00 PM,MIN_OPERATING_MW,129.70,
7/25/2026 1:50:00 PM,RTD,CLUZ,01BULACSOL_G01,G,7/25/2026 1:01:00 PM,7/25/2026 2:00:00 PM,MAX_OPERATING_MW,3.37,
7/25/2026 1:50:00 PM,RTD,CLUZ,01BULACSOL_G01,G,7/25/2026 1:01:00 PM,7/25/2026 2:00:00 PM,MIN_OPERATING_MW,3.37,
7/25/2026 1:50:00 PM,RTD,CLUZ,01MSINLO_G04,G,7/25/2026 6:51:00 AM,7/26/2026,MAX_OPERATING_MW,150,
7/25/2026 1:50:00 PM,RTD,CLUZ,01MSINLO_G04,G,7/25/2026 6:51:00 AM,7/26/2026,MIN_OPERATING_MW,150,
7/25/2026 1:50:00 PM,RTD,CLUZ,01PASBUSOL_G01,G,7/25/2026 1:01:00 PM,7/25/2026 2:00:00 PM,MAX_OPERATING_MW,23.20,
7/25/2026 1:50:00 PM,RTD,CLUZ,01PASBUSOL_G01,G,7/25/2026 1:01:00 PM,7/25/2026 2:00:00 PM,MIN_OPERATING_MW,23.20,
7/25/2026 1:50:00 PM,RTD,CLUZ,01TERRASOL_G01,G,7/25/2026 1:06:00 PM,7/25/2026 4:00:00 PM,MAX_OPERATING_MW,600,
7/25/2026 1:50:00 PM,RTD,CLUZ,01TERRASOL_G01,G,7/25/2026 1:06:00 PM,7/25/2026 4:00:00 PM,MIN_OPERATING_MW,600,
7/25/2026 1:50:00 PM,RTD,CLUZ,03ALMNOS_BAT1,G,7/25/2026 12:01:00 PM,7/25/2026 4:00:00 PM,MAX_OPERATING_MW,0,
7/25/2026 1:50:00 PM,RTD,CLUZ,03ALMNOS_BAT1,G,7/25/2026 12:01:00 PM,7/25/2026 4:00:00 PM,MIN_OPERATING_MW,0,
7/25/2026 1:50:00 PM,RTD,CLUZ,03LUNSOL_G01,G,7/25/2026 1:46:00 PM,7/25/2026 1:50:00 PM,MAX_OPERATING_MW,24.29,
7/25/2026 1:50:00 PM,RTD,CLUZ,03LUNSOL_G01,G,7/25/2026 1:46:00 PM,7/25/2026 1:50:00 PM,MIN_OPERATING_MW,24.29,
7/25/2026 1:50:00 PM,RTD,CLUZ,03LUNSOL_G01,G,7/25/2026 1:51:00 PM,7/25/2026 1:55:00 PM,MAX_OPERATING_MW,23.77,
7/25/2026 1:50:00 PM,RTD,CLUZ,03LUNSOL_G01,G,7/25/2026 1:51:00 PM,7/25/2026 1:55:00 PM,MIN_OPERATING_MW,23.77,
7/25/2026 1:50:00 PM,RTD,CVIS,06SLYSOL_G02,G,7/25/2026 1:01:00 PM,7/25/2026 2:00:00 PM,MAX_OPERATING_MW,9.45,
7/25/2026 1:50:00 PM,RTD,CVIS,06SLYSOL_G02,G,7/25/2026 1:01:00 PM,7/25/2026 2:00:00 PM,MIN_OPERATING_MW,9.45,
7/25/2026 1:50:00 PM,RTD,CVIS,06SLYSOL_G03,G,7/25/2026 1:01:00 PM,7/25/2026 2:00:00 PM,MAX_OPERATING_MW,9.52,
7/25/2026 1:50:00 PM,RTD,CVIS,06SLYSOL_G03,G,7/25/2026 1:01:00 PM,7/25/2026 2:00:00 PM,MIN_OPERATING_MW,9.52,
7/25/2026 1:50:00 PM,RTD,CMIN,10LIAN_G02,G,7/25/2026 12:05:00 AM,7/25/2026 11:59:00 PM,MAX_OPERATING_MW,6,
7/25/2026 1:50:00 PM,RTD,CMIN,10LIAN_G02,G,7/25/2026 12:05:00 AM,7/25/2026 11:59:00 PM,MIN_OPERATING_MW,3,
7/25/2026 1:50:00 PM,RTD,CMIN,11MALADU_G01,G,7/25/2026 12:01:00 AM,7/26/2026,MAX_OPERATING_MW,9.50,
7/25/2026 1:50:00 PM,RTD,CMIN,11MALADU_G01,G,7/25/2026 12:01:00 AM,7/26/2026,MIN_OPERATING_MW,9.50,
7/25/2026 1:50:00 PM,RTD,CMIN,11MARAMSOL_G01,G,7/25/2026 10:31:00 AM,7/25/2026 2:30:00 PM,MAX_OPERATING_MW,15,
7/25/2026 1:50:00 PM,RTD,CMIN,11MARAMSOL_G01,G,7/25/2026 10:31:00 AM,7/25/2026 2:30:00 PM,MIN_OPERATING_MW,15,
7/25/2026 1:55:00 PM,RTD,CLUZ,01BARBASOL_G01,G,7/25/2026 1:51:00 PM,7/25/2026 1:55:00 PM,MAX_OPERATING_MW,41.62,
7/25/2026 1:55:00 PM,RTD,CLUZ,01BARBASOL_G01,G,7/25/2026 1:51:00 PM,7/25/2026 1:55:00 PM,MIN_OPERATING_MW,41.62,
7/25/2026 1:55:00 PM,RTD,CLUZ,01BARBASOL_G01,G,7/25/2026 1:56:00 PM,7/25/2026 2:00:00 PM,MAX_OPERATING_MW,40.36,
7/25/2026 1:55:00 PM,RTD,CLUZ,01BARBASOL_G01,G,7/25/2026 1:56:00 PM,7/25/2026 2:00:00 PM,MIN_OPERATING_MW,40.36,
7/25/2026 1:55:00 PM,RTD,CLUZ,01BUGSOL_G01,G,7/25/2026 1:51:00 PM,7/25/2026 1:55:00 PM,MAX_OPERATING_MW,129.70,
7/25/2026 1:55:00 PM,RTD,CLUZ,01BUGSOL_G01,G,7/25/2026 1:51:00 PM,7/25/2026 1:55:00 PM,MIN_OPERATING_MW,129.70,
7/25/2026 1:55:00 PM,RTD,CLUZ,01BUGSOL_G01,G,7/25/2026 1:56:00 PM,7/25/2026 2:00:00 PM,MAX_OPERATING_MW,123.60,
7/25/2026 1:55:00 PM,RTD,CLUZ,01BUGSOL_G01,G,7/25/2026 1:56:00 PM,7/25/2026 2:00:00 PM,MIN_OPERATING_MW,123.60,
7/25/2026 1:55:00 PM,RTD,CLUZ,01BULACSOL_G01,G,7/25/2026 1:01:00 PM,7/25/2026 2:00:00 PM,MAX_OPERATING_MW,3.37,
7/25/2026 1:55:00 PM,RTD,CLUZ,01BULACSOL_G01,G,7/25/2026 1:01:00 PM,7/25/2026 2:00:00 PM,MIN_OPERATING_MW,3.37,
7/25/2026 1:55:00 PM,RTD,CLUZ,01MSINLO_G04,G,7/25/2026 6:51:00 AM,7/26/2026,MAX_OPERATING_MW,150,
7/25/2026 1:55:00 PM,RTD,CLUZ,01MSINLO_G04,G,7/25/2026 6:51:00 AM,7/26/2026,MIN_OPERATING_MW,150,
7/25/2026 1:55:00 PM,RTD,CLUZ,01PASBUSOL_G01,G,7/25/2026 1:01:00 PM,7/25/2026 2:00:00 PM,MAX_OPERATING_MW,23.20,
7/25/2026 1:55:00 PM,RTD,CLUZ,01PASBUSOL_G01,G,7/25/2026 1:01:00 PM,7/25/2026 2:00:00 PM,MIN_OPERATING_MW,23.20,
7/25/2026 1:55:00 PM,RTD,CLUZ,01TERRASOL_G01,G,7/25/2026 1:06:00 PM,7/25/2026 4:00:00 PM,MAX_OPERATING_MW,600,
7/25/2026 1:55:00 PM,RTD,CLUZ,01TERRASOL_G01,G,7/25/2026 1:06:00 PM,7/25/2026 4:00:00 PM,MIN_OPERATING_MW,600,
7/25/2026 1:55:00 PM,RTD,CLUZ,03ALMNOS_BAT1,G,7/25/2026 12:01:00 PM,7/25/2026 4:00:00 PM,MAX_OPERATING_MW,0,
7/25/2026 1:55:00 PM,RTD,CLUZ,03ALMNOS_BAT1,G,7/25/2026 12:01:00 PM,7/25/2026 4:00:00 PM,MIN_OPERATING_MW,0,
7/25/2026 1:55:00 PM,RTD,CLUZ,03LUNSOL_G01,G,7/25/2026 1:51:00 PM,7/25/2026 1:55:00 PM,MAX_OPERATING_MW,23.77,
7/25/2026 1:55:00 PM,RTD,CLUZ,03LUNSOL_G01,G,7/25/2026 1:51:00 PM,7/25/2026 1:55:00 PM,MIN_OPERATING_MW,23.77,
7/25/2026 1:55:00 PM,RTD,CLUZ,03LUNSOL_G01,G,7/25/2026 1:56:00 PM,7/25/2026 2:00:00 PM,MAX_OPERATING_MW,23.24,
7/25/2026 1:55:00 PM,RTD,CLUZ,03LUNSOL_G01,G,7/25/2026 1:56:00 PM,7/25/2026 2:00:00 PM,MIN_OPERATING_MW,23.24,
7/25/2026 1:55:00 PM,RTD,CVIS,06SLYSOL_G02,G,7/25/2026 1:01:00 PM,7/25/2026 2:00:00 PM,MAX_OPERATING_MW,9.45,
7/25/2026 1:55:00 PM,RTD,CVIS,06SLYSOL_G02,G,7/25/2026 1:01:00 PM,7/25/2026 2:00:00 PM,MIN_OPERATING_MW,9.45,
7/25/2026 1:55:00 PM,RTD,CVIS,06SLYSOL_G03,G,7/25/2026 1:01:00 PM,7/25/2026 2:00:00 PM,MAX_OPERATING_MW,9.52,
7/25/2026 1:55:00 PM,RTD,CVIS,06SLYSOL_G03,G,7/25/2026 1:01:00 PM,7/25/2026 2:00:00 PM,MIN_OPERATING_MW,9.52,
7/25/2026 1:55:00 PM,RTD,CMIN,10LIAN_G02,G,7/25/2026 12:05:00 AM,7/25/2026 11:59:00 PM,MAX_OPERATING_MW,6,
7/25/2026 1:55:00 PM,RTD,CMIN,10LIAN_G02,G,7/25/2026 12:05:00 AM,7/25/2026 11:59:00 PM,MIN_OPERATING_MW,3,
7/25/2026 1:55:00 PM,RTD,CMIN,11MALADU_G01,G,7/25/2026 12:01:00 AM,7/26/2026,MAX_OPERATING_MW,9.50,
7/25/2026 1:55:00 PM,RTD,CMIN,11MALADU_G01,G,7/25/2026 12:01:00 AM,7/26/2026,MIN_OPERATING_MW,9.50,
7/25/2026 1:55:00 PM,RTD,CMIN,11MARAMSOL_G01,G,7/25/2026 10:31:00 AM,7/25/2026 2:30:00 PM,MAX_OPERATING_MW,15,
7/25/2026 1:55:00 PM,RTD,CMIN,11MARAMSOL_G01,G,7/25/2026 10:31:00 AM,7/25/2026 2:30:00 PM,MIN_OPERATING_MW,15,
7/25/2026 2:00:00 PM,RTD,CLUZ,01BARBASOL_G01,G,7/25/2026 1:56:00 PM,7/25/2026 2:00:00 PM,MAX_OPERATING_MW,40.36,
7/25/2026 2:00:00 PM,RTD,CLUZ,01BARBASOL_G01,G,7/25/2026 1:56:00 PM,7/25/2026 2:00:00 PM,MIN_OPERATING_MW,40.36,
7/25/2026 2:00:00 PM,RTD,CLUZ,01BARBASOL_G01,G,7/25/2026 2:01:00 PM,7/25/2026 2:05:00 PM,MAX_OPERATING_MW,39.18,
7/25/2026 2:00:00 PM,RTD,CLUZ,01BARBASOL_G01,G,7/25/2026 2:01:00 PM,7/25/2026 2:05:00 PM,MIN_OPERATING_MW,39.18,
7/25/2026 2:00:00 PM,RTD,CLUZ,01BUGSOL_G01,G,7/25/2026 1:56:00 PM,7/25/2026 2:00:00 PM,MAX_OPERATING_MW,123.60,
7/25/2026 2:00:00 PM,RTD,CLUZ,01BUGSOL_G01,G,7/25/2026 1:56:00 PM,7/25/2026 2:00:00 PM,MIN_OPERATING_MW,123.60,
7/25/2026 2:00:00 PM,RTD,CLUZ,01BUGSOL_G01,G,7/25/2026 2:01:00 PM,7/25/2026 2:05:00 PM,MAX_OPERATING_MW,111.40,
7/25/2026 2:00:00 PM,RTD,CLUZ,01BUGSOL_G01,G,7/25/2026 2:01:00 PM,7/25/2026 2:05:00 PM,MIN_OPERATING_MW,111.40,
7/25/2026 2:00:00 PM,RTD,CLUZ,01BULACSOL_G01,G,7/25/2026 1:01:00 PM,7/25/2026 2:00:00 PM,MAX_OPERATING_MW,3.37,
7/25/2026 2:00:00 PM,RTD,CLUZ,01BULACSOL_G01,G,7/25/2026 1:01:00 PM,7/25/2026 2:00:00 PM,MIN_OPERATING_MW,3.37,
7/25/2026 2:00:00 PM,RTD,CLUZ,01BULACSOL_G01,G,7/25/2026 2:01:00 PM,7/25/2026 3:00:00 PM,MAX_OPERATING_MW,2.88,
7/25/2026 2:00:00 PM,RTD,CLUZ,01BULACSOL_G01,G,7/25/2026 2:01:00 PM,7/25/2026 3:00:00 PM,MIN_OPERATING_MW,2.88,
7/25/2026 2:00:00 PM,RTD,CLUZ,01MSINLO_G04,G,7/25/2026 6:51:00 AM,7/26/2026,MAX_OPERATING_MW,150,
7/25/2026 2:00:00 PM,RTD,CLUZ,01MSINLO_G04,G,7/25/2026 6:51:00 AM,7/26/2026,MIN_OPERATING_MW,150,
7/25/2026 2:00:00 PM,RTD,CLUZ,01PASBUSOL_G01,G,7/25/2026 1:01:00 PM,7/25/2026 2:00:00 PM,MAX_OPERATING_MW,23.20,
7/25/2026 2:00:00 PM,RTD,CLUZ,01PASBUSOL_G01,G,7/25/2026 1:01:00 PM,7/25/2026 2:00:00 PM,MIN_OPERATING_MW,23.20,
7/25/2026 2:00:00 PM,RTD,CLUZ,01PASBUSOL_G01,G,7/25/2026 2:01:00 PM,7/25/2026 3:00:00 PM,MAX_OPERATING_MW,19.50,
7/25/2026 2:00:00 PM,RTD,CLUZ,01PASBUSOL_G01,G,7/25/2026 2:01:00 PM,7/25/2026 3:00:00 PM,MIN_OPERATING_MW,19.50,
7/25/2026 2:00:00 PM,RTD,CLUZ,01TERRASOL_G01,G,7/25/2026 1:06:00 PM,7/25/2026 4:00:00 PM,MAX_OPERATING_MW,600,
7/25/2026 2:00:00 PM,RTD,CLUZ,01TERRASOL_G01,G,7/25/2026 1:06:00 PM,7/25/2026 4:00:00 PM,MIN_OPERATING_MW,600,
7/25/2026 2:00:00 PM,RTD,CLUZ,03ALMNOS_BAT1,G,7/25/2026 12:01:00 PM,7/25/2026 4:00:00 PM,MAX_OPERATING_MW,0,
7/25/2026 2:00:00 PM,RTD,CLUZ,03ALMNOS_BAT1,G,7/25/2026 12:01:00 PM,7/25/2026 4:00:00 PM,MIN_OPERATING_MW,0,
7/25/2026 2:00:00 PM,RTD,CLUZ,03LUNSOL_G01,G,7/25/2026 1:56:00 PM,7/25/2026 2:00:00 PM,MAX_OPERATING_MW,23.24,
7/25/2026 2:00:00 PM,RTD,CLUZ,03LUNSOL_G01,G,7/25/2026 1:56:00 PM,7/25/2026 2:00:00 PM,MIN_OPERATING_MW,23.24,
7/25/2026 2:00:00 PM,RTD,CLUZ,03LUNSOL_G01,G,7/25/2026 2:01:00 PM,7/25/2026 2:05:00 PM,MAX_OPERATING_MW,22.70,
7/25/2026 2:00:00 PM,RTD,CLUZ,03LUNSOL_G01,G,7/25/2026 2:01:00 PM,7/25/2026 2:05:00 PM,MIN_OPERATING_MW,22.70,
7/25/2026 2:00:00 PM,RTD,CVIS,06SLYSOL_G02,G,7/25/2026 1:01:00 PM,7/25/2026 2:00:00 PM,MAX_OPERATING_MW,9.45,
7/25/2026 2:00:00 PM,RTD,CVIS,06SLYSOL_G02,G,7/25/2026 1:01:00 PM,7/25/2026 2:00:00 PM,MIN_OPERATING_MW,9.45,
7/25/2026 2:00:00 PM,RTD,CVIS,06SLYSOL_G02,G,7/25/2026 2:01:00 PM,7/25/2026 3:00:00 PM,MAX_OPERATING_MW,9.55,
7/25/2026 2:00:00 PM,RTD,CVIS,06SLYSOL_G02,G,7/25/2026 2:01:00 PM,7/25/2026 3:00:00 PM,MIN_OPERATING_MW,9.55,
7/25/2026 2:00:00 PM,RTD,CVIS,06SLYSOL_G03,G,7/25/2026 1:01:00 PM,7/25/2026 2:00:00 PM,MAX_OPERATING_MW,9.52,
7/25/2026 2:00:00 PM,RTD,CVIS,06SLYSOL_G03,G,7/25/2026 1:01:00 PM,7/25/2026 2:00:00 PM,MIN_OPERATING_MW,9.52,
7/25/2026 2:00:00 PM,RTD,CVIS,06SLYSOL_G03,G,7/25/2026 2:01:00 PM,7/25/2026 3:00:00 PM,MAX_OPERATING_MW,9.42,
7/25/2026 2:00:00 PM,RTD,CVIS,06SLYSOL_G03,G,7/25/2026 2:01:00 PM,7/25/2026 3:00:00 PM,MIN_OPERATING_MW,9.42,
7/25/2026 2:00:00 PM,RTD,CMIN,10LIAN_G02,G,7/25/2026 12:05:00 AM,7/25/2026 11:59:00 PM,MAX_OPERATING_MW,6,
7/25/2026 2:00:00 PM,RTD,CMIN,10LIAN_G02,G,7/25/2026 12:05:00 AM,7/25/2026 11:59:00 PM,MIN_OPERATING_MW,3,
7/25/2026 2:00:00 PM,RTD,CMIN,11MALADU_G01,G,7/25/2026 12:01:00 AM,7/26/2026,MAX_OPERATING_MW,9.50,
7/25/2026 2:00:00 PM,RTD,CMIN,11MALADU_G01,G,7/25/2026 12:01:00 AM,7/26/2026,MIN_OPERATING_MW,9.50,
7/25/2026 2:00:00 PM,RTD,CMIN,11MARAMSOL_G01,G,7/25/2026 10:31:00 AM,7/25/2026 2:30:00 PM,MAX_OPERATING_MW,15,
7/25/2026 2:00:00 PM,RTD,CMIN,11MARAMSOL_G01,G,7/25/2026 10:31:00 AM,7/25/2026 2:30:00 PM,MIN_OPERATING_MW,15,
7/25/2026 2:05:00 PM,RTD,CLUZ,01BARBASOL_G01,G,7/25/2026 2:01:00 PM,7/25/2026 2:05:00 PM,MAX_OPERATING_MW,39.18,
7/25/2026 2:05:00 PM,RTD,CLUZ,01BARBASOL_G01,G,7/25/2026 2:01:00 PM,7/25/2026 2:05:00 PM,MIN_OPERATING_MW,39.18,
7/25/2026 2:05:00 PM,RTD,CLUZ,01BARBASOL_G01,G,7/25/2026 2:06:00 PM,7/25/2026 2:10:00 PM,MAX_OPERATING_MW,38.04,
7/25/2026 2:05:00 PM,RTD,CLUZ,01BARBASOL_G01,G,7/25/2026 2:06:00 PM,7/25/2026 2:10:00 PM,MIN_OPERATING_MW,38.04,
7/25/2026 2:05:00 PM,RTD,CLUZ,01BUGSOL_G01,G,7/25/2026 2:01:00 PM,7/25/2026 2:05:00 PM,MAX_OPERATING_MW,111.40,
7/25/2026 2:05:00 PM,RTD,CLUZ,01BUGSOL_G01,G,7/25/2026 2:01:00 PM,7/25/2026 2:05:00 PM,MIN_OPERATING_MW,111.40,
7/25/2026 2:05:00 PM,RTD,CLUZ,01BUGSOL_G01,G,7/25/2026 2:06:00 PM,7/25/2026 2:10:00 PM,MAX_OPERATING_MW,124.10,
7/25/2026 2:05:00 PM,RTD,CLUZ,01BUGSOL_G01,G,7/25/2026 2:06:00 PM,7/25/2026 2:10:00 PM,MIN_OPERATING_MW,124.10,
7/25/2026 2:05:00 PM,RTD,CLUZ,01BULACSOL_G01,G,7/25/2026 2:01:00 PM,7/25/2026 3:00:00 PM,MAX_OPERATING_MW,2.88,
7/25/2026 2:05:00 PM,RTD,CLUZ,01BULACSOL_G01,G,7/25/2026 2:01:00 PM,7/25/2026 3:00:00 PM,MIN_OPERATING_MW,2.88,
7/25/2026 2:05:00 PM,RTD,CLUZ,01MSINLO_G04,G,7/25/2026 6:51:00 AM,7/26/2026,MAX_OPERATING_MW,150,
7/25/2026 2:05:00 PM,RTD,CLUZ,01MSINLO_G04,G,7/25/2026 6:51:00 AM,7/26/2026,MIN_OPERATING_MW,150,
7/25/2026 2:05:00 PM,RTD,CLUZ,01PASBUSOL_G01,G,7/25/2026 2:01:00 PM,7/25/2026 3:00:00 PM,MAX_OPERATING_MW,19.50,
7/25/2026 2:05:00 PM,RTD,CLUZ,01PASBUSOL_G01,G,7/25/2026 2:01:00 PM,7/25/2026 3:00:00 PM,MIN_OPERATING_MW,19.50,
7/25/2026 2:05:00 PM,RTD,CLUZ,01TERRASOL_G01,G,7/25/2026 1:06:00 PM,7/25/2026 4:00:00 PM,MAX_OPERATING_MW,600,
7/25/2026 2:05:00 PM,RTD,CLUZ,01TERRASOL_G01,G,7/25/2026 1:06:00 PM,7/25/2026 4:00:00 PM,MIN_OPERATING_MW,600,
7/25/2026 2:05:00 PM,RTD,CLUZ,03ALMNOS_BAT1,G,7/25/2026 12:01:00 PM,7/25/2026 4:00:00 PM,MAX_OPERATING_MW,0,
7/25/2026 2:05:00 PM,RTD,CLUZ,03ALMNOS_BAT1,G,7/25/2026 12:01:00 PM,7/25/2026 4:00:00 PM,MIN_OPERATING_MW,0,
7/25/2026 2:05:00 PM,RTD,CLUZ,03LUNSOL_G01,G,7/25/2026 2:01:00 PM,7/25/2026 2:05:00 PM,MAX_OPERATING_MW,22.70,
7/25/2026 2:05:00 PM,RTD,CLUZ,03LUNSOL_G01,G,7/25/2026 2:01:00 PM,7/25/2026 2:05:00 PM,MIN_OPERATING_MW,22.70,
7/25/2026 2:05:00 PM,RTD,CLUZ,03LUNSOL_G01,G,7/25/2026 2:06:00 PM,7/25/2026 2:10:00 PM,MAX_OPERATING_MW,22.15,
7/25/2026 2:05:00 PM,RTD,CLUZ,03LUNSOL_G01,G,7/25/2026 2:06:00 PM,7/25/2026 2:10:00 PM,MIN_OPERATING_MW,22.15,
7/25/2026 2:05:00 PM,RTD,CVIS,06SLYSOL_G02,G,7/25/2026 2:01:00 PM,7/25/2026 3:00:00 PM,MAX_OPERATING_MW,9.55,
7/25/2026 2:05:00 PM,RTD,CVIS,06SLYSOL_G02,G,7/25/2026 2:01:00 PM,7/25/2026 3:00:00 PM,MIN_OPERATING_MW,9.55,
7/25/2026 2:05:00 PM,RTD,CVIS,06SLYSOL_G03,G,7/25/2026 2:01:00 PM,7/25/2026 3:00:00 PM,MAX_OPERATING_MW,9.42,
7/25/2026 2:05:00 PM,RTD,CVIS,06SLYSOL_G03,G,7/25/2026 2:01:00 PM,7/25/2026 3:00:00 PM,MIN_OPERATING_MW,9.42,
7/25/2026 2:05:00 PM,RTD,CMIN,10LIAN_G02,G,7/25/2026 12:05:00 AM,7/25/2026 11:59:00 PM,MAX_OPERATING_MW,6,
7/25/2026 2:05:00 PM,RTD,CMIN,10LIAN_G02,G,7/25/2026 12:05:00 AM,7/25/2026 11:59:00 PM,MIN_OPERATING_MW,3,
7/25/2026 2:05:00 PM,RTD,CMIN,11MALADU_G01,G,7/25/2026 12:01:00 AM,7/26/2026,MAX_OPERATING_MW,9.50,
7/25/2026 2:05:00 PM,RTD,CMIN,11MALADU_G01,G,7/25/2026 12:01:00 AM,7/26/2026,MIN_OPERATING_MW,9.50,
7/25/2026 2:05:00 PM,RTD,CMIN,11MARAMSOL_G01,G,7/25/2026 10:31:00 AM,7/25/2026 2:30:00 PM,MAX_OPERATING_MW,15,
7/25/2026 2:05:00 PM,RTD,CMIN,11MARAMSOL_G01,G,7/25/2026 10:31:00 AM,7/25/2026 2:30:00 PM,MIN_OPERATING_MW,15,
7/25/2026 2:10:00 PM,RTD,CLUZ,01BARBASOL_G01,G,7/25/2026 2:06:00 PM,7/25/2026 2:10:00 PM,MAX_OPERATING_MW,38.04,
7/25/2026 2:10:00 PM,RTD,CLUZ,01BARBASOL_G01,G,7/25/2026 2:06:00 PM,7/25/2026 2:10:00 PM,MIN_OPERATING_MW,38.04,
7/25/2026 2:10:00 PM,RTD,CLUZ,01BARBASOL_G01,G,7/25/2026 2:11:00 PM,7/25/2026 2:15:00 PM,MAX_OPERATING_MW,36.93,
7/25/2026 2:10:00 PM,RTD,CLUZ,01BARBASOL_G01,G,7/25/2026 2:11:00 PM,7/25/2026 2:15:00 PM,MIN_OPERATING_MW,36.93,
7/25/2026 2:10:00 PM,RTD,CLUZ,01BUGSOL_G01,G,7/25/2026 2:06:00 PM,7/25/2026 2:10:00 PM,MAX_OPERATING_MW,124.10,
7/25/2026 2:10:00 PM,RTD,CLUZ,01BUGSOL_G01,G,7/25/2026 2:06:00 PM,7/25/2026 2:10:00 PM,MIN_OPERATING_MW,124.10,
7/25/2026 2:10:00 PM,RTD,CLUZ,01BUGSOL_G01,G,7/25/2026 2:11:00 PM,7/25/2026 2:15:00 PM,MAX_OPERATING_MW,121.49,
7/25/2026 2:10:00 PM,RTD,CLUZ,01BUGSOL_G01,G,7/25/2026 2:11:00 PM,7/25/2026 2:15:00 PM,MIN_OPERATING_MW,121.49,
7/25/2026 2:10:00 PM,RTD,CLUZ,01BULACSOL_G01,G,7/25/2026 2:01:00 PM,7/25/2026 3:00:00 PM,MAX_OPERATING_MW,2.88,
7/25/2026 2:10:00 PM,RTD,CLUZ,01BULACSOL_G01,G,7/25/2026 2:01:00 PM,7/25/2026 3:00:00 PM,MIN_OPERATING_MW,2.88,
7/25/2026 2:10:00 PM,RTD,CLUZ,01MSINLO_G04,G,7/25/2026 6:51:00 AM,7/26/2026,MAX_OPERATING_MW,150,
7/25/2026 2:10:00 PM,RTD,CLUZ,01MSINLO_G04,G,7/25/2026 6:51:00 AM,7/26/2026,MIN_OPERATING_MW,150,
7/25/2026 2:10:00 PM,RTD,CLUZ,01PASBUSOL_G01,G,7/25/2026 2:01:00 PM,7/25/2026 3:00:00 PM,MAX_OPERATING_MW,19.50,
7/25/2026 2:10:00 PM,RTD,CLUZ,01PASBUSOL_G01,G,7/25/2026 2:01:00 PM,7/25/2026 3:00:00 PM,MIN_OPERATING_MW,19.50,
7/25/2026 2:10:00 PM,RTD,CLUZ,01TERRASOL_G01,G,7/25/2026 1:06:00 PM,7/25/2026 4:00:00 PM,MAX_OPERATING_MW,600,
7/25/2026 2:10:00 PM,RTD,CLUZ,01TERRASOL_G01,G,7/25/2026 1:06:00 PM,7/25/2026 4:00:00 PM,MIN_OPERATING_MW,600,
7/25/2026 2:10:00 PM,RTD,CLUZ,03ALMNOS_BAT1,G,7/25/2026 12:01:00 PM,7/25/2026 4:00:00 PM,MAX_OPERATING_MW,0,
7/25/2026 2:10:00 PM,RTD,CLUZ,03ALMNOS_BAT1,G,7/25/2026 12:01:00 PM,7/25/2026 4:00:00 PM,MIN_OPERATING_MW,0,
7/25/2026 2:10:00 PM,RTD,CLUZ,03LUNSOL_G01,G,7/25/2026 2:06:00 PM,7/25/2026 2:10:00 PM,MAX_OPERATING_MW,22.15,
7/25/2026 2:10:00 PM,RTD,CLUZ,03LUNSOL_G01,G,7/25/2026 2:06:00 PM,7/25/2026 2:10:00 PM,MIN_OPERATING_MW,22.15,
7/25/2026 2:10:00 PM,RTD,CLUZ,03LUNSOL_G01,G,7/25/2026 2:11:00 PM,7/25/2026 2:15:00 PM,MAX_OPERATING_MW,21.59,
7/25/2026 2:10:00 PM,RTD,CLUZ,03LUNSOL_G01,G,7/25/2026 2:11:00 PM,7/25/2026 2:15:00 PM,MIN_OPERATING_MW,21.59,
7/25/2026 2:10:00 PM,RTD,CVIS,06SLYSOL_G02,G,7/25/2026 2:01:00 PM,7/25/2026 3:00:00 PM,MAX_OPERATING_MW,9.55,
7/25/2026 2:10:00 PM,RTD,CVIS,06SLYSOL_G02,G,7/25/2026 2:01:00 PM,7/25/2026 3:00:00 PM,MIN_OPERATING_MW,9.55,
7/25/2026 2:10:00 PM,RTD,CVIS,06SLYSOL_G03,G,7/25/2026 2:01:00 PM,7/25/2026 3:00:00 PM,MAX_OPERATING_MW,9.42,
7/25/2026 2:10:00 PM,RTD,CVIS,06SLYSOL_G03,G,7/25/2026 2:01:00 PM,7/25/2026 3:00:00 PM,MIN_OPERATING_MW,9.42,
7/25/2026 2:10:00 PM,RTD,CMIN,10LIAN_G02,G,7/25/2026 12:05:00 AM,7/25/2026 11:59:00 PM,MAX_OPERATING_MW,6,
7/25/2026 2:10:00 PM,RTD,CMIN,10LIAN_G02,G,7/25/2026 12:05:00 AM,7/25/2026 11:59:00 PM,MIN_OPERATING_MW,3,
7/25/2026 2:10:00 PM,RTD,CMIN,11MALADU_G01,G,7/25/2026 12:01:00 AM,7/26/2026,MAX_OPERATING_MW,9.50,
7/25/2026 2:10:00 PM,RTD,CMIN,11MALADU_G01,G,7/25/2026 12:01:00 AM,7/26/2026,MIN_OPERATING_MW,9.50,
7/25/2026 2:10:00 PM,RTD,CMIN,11MARAMSOL_G01,G,7/25/2026 10:31:00 AM,7/25/2026 2:30:00 PM,MAX_OPERATING_MW,15,
7/25/2026 2:10:00 PM,RTD,CMIN,11MARAMSOL_G01,G,7/25/2026 10:31:00 AM,7/25/2026 2:30:00 PM,MIN_OPERATING_MW,15,
7/25/2026 2:15:00 PM,RTD,CLUZ,01BARBASOL_G01,G,7/25/2026 2:11:00 PM,7/25/2026 2:15:00 PM,MAX_OPERATING_MW,36.93,
7/25/2026 2:15:00 PM,RTD,CLUZ,01BARBASOL_G01,G,7/25/2026 2:11:00 PM,7/25/2026 2:15:00 PM,MIN_OPERATING_MW,36.93,
7/25/2026 2:15:00 PM,RTD,CLUZ,01BARBASOL_G01,G,7/25/2026 2:16:00 PM,7/25/2026 2:20:00 PM,MAX_OPERATING_MW,35.85,
7/25/2026 2:15:00 PM,RTD,CLUZ,01BARBASOL_G01,G,7/25/2026 2:16:00 PM,7/25/2026 2:20:00 PM,MIN_OPERATING_MW,35.85,
7/25/2026 2:15:00 PM,RTD,CLUZ,01BUGSOL_G01,G,7/25/2026 2:11:00 PM,7/25/2026 2:15:00 PM,MAX_OPERATING_MW,121.49,
7/25/2026 2:15:00 PM,RTD,CLUZ,01BUGSOL_G01,G,7/25/2026 2:11:00 PM,7/25/2026 2:15:00 PM,MIN_OPERATING_MW,121.49,
7/25/2026 2:15:00 PM,RTD,CLUZ,01BUGSOL_G01,G,7/25/2026 2:16:00 PM,7/25/2026 2:20:00 PM,MAX_OPERATING_MW,122.49,
7/25/2026 2:15:00 PM,RTD,CLUZ,01BUGSOL_G01,G,7/25/2026 2:16:00 PM,7/25/2026 2:20:00 PM,MIN_OPERATING_MW,122.49,
7/25/2026 2:15:00 PM,RTD,CLUZ,01BULACSOL_G01,G,7/25/2026 2:01:00 PM,7/25/2026 3:00:00 PM,MAX_OPERATING_MW,2.88,
7/25/2026 2:15:00 PM,RTD,CLUZ,01BULACSOL_G01,G,7/25/2026 2:01:00 PM,7/25/2026 3:00:00 PM,MIN_OPERATING_MW,2.88,
7/25/2026 2:15:00 PM,RTD,CLUZ,01MSINLO_G04,G,7/25/2026 6:51:00 AM,7/26/2026,MAX_OPERATING_MW,150,
7/25/2026 2:15:00 PM,RTD,CLUZ,01MSINLO_G04,G,7/25/2026 6:51:00 AM,7/26/2026,MIN_OPERATING_MW,150,
7/25/2026 2:15:00 PM,RTD,CLUZ,01PASBUSOL_G01,G,7/25/2026 2:01:00 PM,7/25/2026 3:00:00 PM,MAX_OPERATING_MW,19.50,
7/25/2026 2:15:00 PM,RTD,CLUZ,01PASBUSOL_G01,G,7/25/2026 2:01:00 PM,7/25/2026 3:00:00 PM,MIN_OPERATING_MW,19.50,
7/25/2026 2:15:00 PM,RTD,CLUZ,01TERRASOL_G01,G,7/25/2026 1:06:00 PM,7/25/2026 4:00:00 PM,MAX_OPERATING_MW,600,
7/25/2026 2:15:00 PM,RTD,CLUZ,01TERRASOL_G01,G,7/25/2026 1:06:00 PM,7/25/2026 4:00:00 PM,MIN_OPERATING_MW,600,
7/25/2026 2:15:00 PM,RTD,CLUZ,03ALMNOS_BAT1,G,7/25/2026 12:01:00 PM,7/25/2026 4:00:00 PM,MAX_OPERATING_MW,0,
7/25/2026 2:15:00 PM,RTD,CLUZ,03ALMNOS_BAT1,G,7/25/2026 12:01:00 PM,7/25/2026 4:00:00 PM,MIN_OPERATING_MW,0,
7/25/2026 2:15:00 PM,RTD,CLUZ,03LUNSOL_G01,G,7/25/2026 2:11:00 PM,7/25/2026 2:15:00 PM,MAX_OPERATING_MW,21.59,
7/25/2026 2:15:00 PM,RTD,CLUZ,03LUNSOL_G01,G,7/25/2026 2:11:00 PM,7/25/2026 2:15:00 PM,MIN_OPERATING_MW,21.59,
7/25/2026 2:15:00 PM,RTD,CLUZ,03LUNSOL_G01,G,7/25/2026 2:16:00 PM,7/25/2026 2:20:00 PM,MAX_OPERATING_MW,21.02,
7/25/2026 2:15:00 PM,RTD,CLUZ,03LUNSOL_G01,G,7/25/2026 2:16:00 PM,7/25/2026 2:20:00 PM,MIN_OPERATING_MW,21.02,
7/25/2026 2:15:00 PM,RTD,CVIS,06SLYSOL_G02,G,7/25/2026 2:01:00 PM,7/25/2026 3:00:00 PM,MAX_OPERATING_MW,9.55,
7/25/2026 2:15:00 PM,RTD,CVIS,06SLYSOL_G02,G,7/25/2026 2:01:00 PM,7/25/2026 3:00:00 PM,MIN_OPERATING_MW,9.55,
7/25/2026 2:15:00 PM,RTD,CVIS,06SLYSOL_G03,G,7/25/2026 2:01:00 PM,7/25/2026 3:00:00 PM,MAX_OPERATING_MW,9.42,
7/25/2026 2:15:00 PM,RTD,CVIS,06SLYSOL_G03,G,7/25/2026 2:01:00 PM,7/25/2026 3:00:00 PM,MIN_OPERATING_MW,9.42,
7/25/2026 2:15:00 PM,RTD,CMIN,10LIAN_G02,G,7/25/2026 12:05:00 AM,7/25/2026 11:59:00 PM,MAX_OPERATING_MW,6,
7/25/2026 2:15:00 PM,RTD,CMIN,10LIAN_G02,G,7/25/2026 12:05:00 AM,7/25/2026 11:59:00 PM,MIN_OPERATING_MW,3,
7/25/2026 2:15:00 PM,RTD,CMIN,11MALADU_G01,G,7/25/2026 12:01:00 AM,7/26/2026,MAX_OPERATING_MW,9.50,
7/25/2026 2:15:00 PM,RTD,CMIN,11MALADU_G01,G,7/25/2026 12:01:00 AM,7/26/2026,MIN_OPERATING_MW,9.50,
7/25/2026 2:15:00 PM,RTD,CMIN,11MARAMSOL_G01,G,7/25/2026 10:31:00 AM,7/25/2026 2:30:00 PM,MAX_OPERATING_MW,15,
7/25/2026 2:15:00 PM,RTD,CMIN,11MARAMSOL_G01,G,7/25/2026 10:31:00 AM,7/25/2026 2:30:00 PM,MIN_OPERATING_MW,15,
7/25/2026 2:20:00 PM,RTD,CLUZ,01BARBASOL_G01,G,7/25/2026 2:16:00 PM,7/25/2026 2:20:00 PM,MAX_OPERATING_MW,35.85,
7/25/2026 2:20:00 PM,RTD,CLUZ,01BARBASOL_G01,G,7/25/2026 2:16:00 PM,7/25/2026 2:20:00 PM,MIN_OPERATING_MW,35.85,
7/25/2026 2:20:00 PM,RTD,CLUZ,01BARBASOL_G01,G,7/25/2026 2:21:00 PM,7/25/2026 2:25:00 PM,MAX_OPERATING_MW,34.79,
7/25/2026 2:20:00 PM,RTD,CLUZ,01BARBASOL_G01,G,7/25/2026 2:21:00 PM,7/25/2026 2:25:00 PM,MIN_OPERATING_MW,34.79,
7/25/2026 2:20:00 PM,RTD,CLUZ,01BUGSOL_G01,G,7/25/2026 2:16:00 PM,7/25/2026 2:20:00 PM,MAX_OPERATING_MW,122.49,
7/25/2026 2:20:00 PM,RTD,CLUZ,01BUGSOL_G01,G,7/25/2026 2:16:00 PM,7/25/2026 2:20:00 PM,MIN_OPERATING_MW,122.49,
7/25/2026 2:20:00 PM,RTD,CLUZ,01BUGSOL_G01,G,7/25/2026 2:21:00 PM,7/25/2026 2:25:00 PM,MAX_OPERATING_MW,109.02,
7/25/2026 2:20:00 PM,RTD,CLUZ,01BUGSOL_G01,G,7/25/2026 2:21:00 PM,7/25/2026 2:25:00 PM,MIN_OPERATING_MW,109.02,
7/25/2026 2:20:00 PM,RTD,CLUZ,01BULACSOL_G01,G,7/25/2026 2:01:00 PM,7/25/2026 3:00:00 PM,MAX_OPERATING_MW,2.88,
7/25/2026 2:20:00 PM,RTD,CLUZ,01BULACSOL_G01,G,7/25/2026 2:01:00 PM,7/25/2026 3:00:00 PM,MIN_OPERATING_MW,2.88,
7/25/2026 2:20:00 PM,RTD,CLUZ,01MSINLO_G04,G,7/25/2026 6:51:00 AM,7/26/2026,MAX_OPERATING_MW,150,
7/25/2026 2:20:00 PM,RTD,CLUZ,01MSINLO_G04,G,7/25/2026 6:51:00 AM,7/26/2026,MIN_OPERATING_MW,150,
7/25/2026 2:20:00 PM,RTD,CLUZ,01PASBUSOL_G01,G,7/25/2026 2:01:00 PM,7/25/2026 3:00:00 PM,MAX_OPERATING_MW,19.50,
7/25/2026 2:20:00 PM,RTD,CLUZ,01PASBUSOL_G01,G,7/25/2026 2:01:00 PM,7/25/2026 3:00:00 PM,MIN_OPERATING_MW,19.50,
7/25/2026 2:20:00 PM,RTD,CLUZ,01TERRASOL_G01,G,7/25/2026 1:06:00 PM,7/25/2026 4:00:00 PM,MAX_OPERATING_MW,600,
7/25/2026 2:20:00 PM,RTD,CLUZ,01TERRASOL_G01,G,7/25/2026 1:06:00 PM,7/25/2026 4:00:00 PM,MIN_OPERATING_MW,600,
7/25/2026 2:20:00 PM,RTD,CLUZ,03ALMNOS_BAT1,G,7/25/2026 12:01:00 PM,7/25/2026 4:00:00 PM,MAX_OPERATING_MW,0,
7/25/2026 2:20:00 PM,RTD,CLUZ,03ALMNOS_BAT1,G,7/25/2026 12:01:00 PM,7/25/2026 4:00:00 PM,MIN_OPERATING_MW,0,
7/25/2026 2:20:00 PM,RTD,CLUZ,03LUNSOL_G01,G,7/25/2026 2:16:00 PM,7/25/2026 2:20:00 PM,MAX_OPERATING_MW,21.02,
7/25/2026 2:20:00 PM,RTD,CLUZ,03LUNSOL_G01,G,7/25/2026 2:16:00 PM,7/25/2026 2:20:00 PM,MIN_OPERATING_MW,21.02,
7/25/2026 2:20:00 PM,RTD,CLUZ,03LUNSOL_G01,G,7/25/2026 2:21:00 PM,7/25/2026 2:25:00 PM,MAX_OPERATING_MW,20.46,
7/25/2026 2:20:00 PM,RTD,CLUZ,03LUNSOL_G01,G,7/25/2026 2:21:00 PM,7/25/2026 2:25:00 PM,MIN_OPERATING_MW,20.46,
7/25/2026 2:20:00 PM,RTD,CVIS,06SLYSOL_G02,G,7/25/2026 2:01:00 PM,7/25/2026 3:00:00 PM,MAX_OPERATING_MW,9.55,
7/25/2026 2:20:00 PM,RTD,CVIS,06SLYSOL_G02,G,7/25/2026 2:01:00 PM,7/25/2026 3:00:00 PM,MIN_OPERATING_MW,9.55,
7/25/2026 2:20:00 PM,RTD,CVIS,06SLYSOL_G03,G,7/25/2026 2:01:00 PM,7/25/2026 3:00:00 PM,MAX_OPERATING_MW,9.42,
7/25/2026 2:20:00 PM,RTD,CVIS,06SLYSOL_G03,G,7/25/2026 2:01:00 PM,7/25/2026 3:00:00 PM,MIN_OPERATING_MW,9.42,
7/25/2026 2:20:00 PM,RTD,CMIN,10LIAN_G02,G,7/25/2026 12:05:00 AM,7/25/2026 11:59:00 PM,MAX_OPERATING_MW,6,
7/25/2026 2:20:00 PM,RTD,CMIN,10LIAN_G02,G,7/25/2026 12:05:00 AM,7/25/2026 11:59:00 PM,MIN_OPERATING_MW,3,
7/25/2026 2:20:00 PM,RTD,CMIN,11MALADU_G01,G,7/25/2026 12:01:00 AM,7/26/2026,MAX_OPERATING_MW,9.50,
7/25/2026 2:20:00 PM,RTD,CMIN,11MALADU_G01,G,7/25/2026 12:01:00 AM,7/26/2026,MIN_OPERATING_MW,9.50,
7/25/2026 2:20:00 PM,RTD,CMIN,11MARAMSOL_G01,G,7/25/2026 10:31:00 AM,7/25/2026 2:30:00 PM,MAX_OPERATING_MW,15,
7/25/2026 2:20:00 PM,RTD,CMIN,11MARAMSOL_G01,G,7/25/2026 10:31:00 AM,7/25/2026 2:30:00 PM,MIN_OPERATING_MW,15,
7/25/2026 2:25:00 PM,RTD,CLUZ,01BARBASOL_G01,G,7/25/2026 2:21:00 PM,7/25/2026 2:25:00 PM,MAX_OPERATING_MW,34.79,
7/25/2026 2:25:00 PM,RTD,CLUZ,01BARBASOL_G01,G,7/25/2026 2:21:00 PM,7/25/2026 2:25:00 PM,MIN_OPERATING_MW,34.79,
7/25/2026 2:25:00 PM,RTD,CLUZ,01BARBASOL_G01,G,7/25/2026 2:26:00 PM,7/25/2026 2:30:00 PM,MAX_OPERATING_MW,33.77,
7/25/2026 2:25:00 PM,RTD,CLUZ,01BARBASOL_G01,G,7/25/2026 2:26:00 PM,7/25/2026 2:30:00 PM,MIN_OPERATING_MW,33.77,
7/25/2026 2:25:00 PM,RTD,CLUZ,01BUGSOL_G01,G,7/25/2026 2:21:00 PM,7/25/2026 2:25:00 PM,MAX_OPERATING_MW,109.02,
7/25/2026 2:25:00 PM,RTD,CLUZ,01BUGSOL_G01,G,7/25/2026 2:21:00 PM,7/25/2026 2:25:00 PM,MIN_OPERATING_MW,109.02,
7/25/2026 2:25:00 PM,RTD,CLUZ,01BUGSOL_G01,G,7/25/2026 2:26:00 PM,7/25/2026 2:30:00 PM,MAX_OPERATING_MW,123.39,
7/25/2026 2:25:00 PM,RTD,CLUZ,01BUGSOL_G01,G,7/25/2026 2:26:00 PM,7/25/2026 2:30:00 PM,MIN_OPERATING_MW,123.39,
7/25/2026 2:25:00 PM,RTD,CLUZ,01BULACSOL_G01,G,7/25/2026 2:01:00 PM,7/25/2026 3:00:00 PM,MAX_OPERATING_MW,2.88,
7/25/2026 2:25:00 PM,RTD,CLUZ,01BULACSOL_G01,G,7/25/2026 2:01:00 PM,7/25/2026 3:00:00 PM,MIN_OPERATING_MW,2.88,
7/25/2026 2:25:00 PM,RTD,CLUZ,01MSINLO_G04,G,7/25/2026 6:51:00 AM,7/26/2026,MAX_OPERATING_MW,150,
7/25/2026 2:25:00 PM,RTD,CLUZ,01MSINLO_G04,G,7/25/2026 6:51:00 AM,7/26/2026,MIN_OPERATING_MW,150,
7/25/2026 2:25:00 PM,RTD,CLUZ,01PASBUSOL_G01,G,7/25/2026 2:01:00 PM,7/25/2026 3:00:00 PM,MAX_OPERATING_MW,19.50,
7/25/2026 2:25:00 PM,RTD,CLUZ,01PASBUSOL_G01,G,7/25/2026 2:01:00 PM,7/25/2026 3:00:00 PM,MIN_OPERATING_MW,19.50,
7/25/2026 2:25:00 PM,RTD,CLUZ,01TERRASOL_G01,G,7/25/2026 1:06:00 PM,7/25/2026 4:00:00 PM,MAX_OPERATING_MW,600,
7/25/2026 2:25:00 PM,RTD,CLUZ,01TERRASOL_G01,G,7/25/2026 1:06:00 PM,7/25/2026 4:00:00 PM,MIN_OPERATING_MW,600,
7/25/2026 2:25:00 PM,RTD,CLUZ,03ALMNOS_BAT1,G,7/25/2026 12:01:00 PM,7/25/2026 4:00:00 PM,MAX_OPERATING_MW,0,
7/25/2026 2:25:00 PM,RTD,CLUZ,03ALMNOS_BAT1,G,7/25/2026 12:01:00 PM,7/25/2026 4:00:00 PM,MIN_OPERATING_MW,0,
7/25/2026 2:25:00 PM,RTD,CLUZ,03LUNSOL_G01,G,7/25/2026 2:21:00 PM,7/25/2026 2:25:00 PM,MAX_OPERATING_MW,20.46,
7/25/2026 2:25:00 PM,RTD,CLUZ,03LUNSOL_G01,G,7/25/2026 2:21:00 PM,7/25/2026 2:25:00 PM,MIN_OPERATING_MW,20.46,
7/25/2026 2:25:00 PM,RTD,CLUZ,03LUNSOL_G01,G,7/25/2026 2:26:00 PM,7/25/2026 2:30:00 PM,MAX_OPERATING_MW,19.89,
7/25/2026 2:25:00 PM,RTD,CLUZ,03LUNSOL_G01,G,7/25/2026 2:26:00 PM,7/25/2026 2:30:00 PM,MIN_OPERATING_MW,19.89,
7/25/2026 2:25:00 PM,RTD,CVIS,06SLYSOL_G02,G,7/25/2026 2:01:00 PM,7/25/2026 3:00:00 PM,MAX_OPERATING_MW,9.55,
7/25/2026 2:25:00 PM,RTD,CVIS,06SLYSOL_G02,G,7/25/2026 2:01:00 PM,7/25/2026 3:00:00 PM,MIN_OPERATING_MW,9.55,
7/25/2026 2:25:00 PM,RTD,CVIS,06SLYSOL_G03,G,7/25/2026 2:01:00 PM,7/25/2026 3:00:00 PM,MAX_OPERATING_MW,9.42,
7/25/2026 2:25:00 PM,RTD,CVIS,06SLYSOL_G03,G,7/25/2026 2:01:00 PM,7/25/2026 3:00:00 PM,MIN_OPERATING_MW,9.42,
7/25/2026 2:25:00 PM,RTD,CMIN,10LIAN_G02,G,7/25/2026 12:05:00 AM,7/25/2026 11:59:00 PM,MAX_OPERATING_MW,6,
7/25/2026 2:25:00 PM,RTD,CMIN,10LIAN_G02,G,7/25/2026 12:05:00 AM,7/25/2026 11:59:00 PM,MIN_OPERATING_MW,3,
7/25/2026 2:25:00 PM,RTD,CMIN,11MALADU_G01,G,7/25/2026 12:01:00 AM,7/26/2026,MAX_OPERATING_MW,9.50,
7/25/2026 2:25:00 PM,RTD,CMIN,11MALADU_G01,G,7/25/2026 12:01:00 AM,7/26/2026,MIN_OPERATING_MW,9.50,
7/25/2026 2:25:00 PM,RTD,CMIN,11MARAMSOL_G01,G,7/25/2026 10:31:00 AM,7/25/2026 2:30:00 PM,MAX_OPERATING_MW,15,
7/25/2026 2:25:00 PM,RTD,CMIN,11MARAMSOL_G01,G,7/25/2026 10:31:00 AM,7/25/2026 2:30:00 PM,MIN_OPERATING_MW,15,
7/25/2026 2:30:00 PM,RTD,CLUZ,01BARBASOL_G01,G,7/25/2026 2:26:00 PM,7/25/2026 2:30:00 PM,MAX_OPERATING_MW,33.77,
7/25/2026 2:30:00 PM,RTD,CLUZ,01BARBASOL_G01,G,7/25/2026 2:26:00 PM,7/25/2026 2:30:00 PM,MIN_OPERATING_MW,33.77,
7/25/2026 2:30:00 PM,RTD,CLUZ,01BARBASOL_G01,G,7/25/2026 2:31:00 PM,7/25/2026 2:35:00 PM,MAX_OPERATING_MW,32.76,
7/25/2026 2:30:00 PM,RTD,CLUZ,01BARBASOL_G01,G,7/25/2026 2:31:00 PM,7/25/2026 2:35:00 PM,MIN_OPERATING_MW,32.76,
7/25/2026 2:30:00 PM,RTD,CLUZ,01BUGSOL_G01,G,7/25/2026 2:26:00 PM,7/25/2026 2:30:00 PM,MAX_OPERATING_MW,123.39,
7/25/2026 2:30:00 PM,RTD,CLUZ,01BUGSOL_G01,G,7/25/2026 2:26:00 PM,7/25/2026 2:30:00 PM,MIN_OPERATING_MW,123.39,
7/25/2026 2:30:00 PM,RTD,CLUZ,01BUGSOL_G01,G,7/25/2026 2:31:00 PM,7/25/2026 2:35:00 PM,MAX_OPERATING_MW,122.65,
7/25/2026 2:30:00 PM,RTD,CLUZ,01BUGSOL_G01,G,7/25/2026 2:31:00 PM,7/25/2026 2:35:00 PM,MIN_OPERATING_MW,122.65,
7/25/2026 2:30:00 PM,RTD,CLUZ,01BULACSOL_G01,G,7/25/2026 2:01:00 PM,7/25/2026 3:00:00 PM,MAX_OPERATING_MW,2.88,
7/25/2026 2:30:00 PM,RTD,CLUZ,01BULACSOL_G01,G,7/25/2026 2:01:00 PM,7/25/2026 3:00:00 PM,MIN_OPERATING_MW,2.88,
7/25/2026 2:30:00 PM,RTD,CLUZ,01MSINLO_G04,G,7/25/2026 6:51:00 AM,7/26/2026,MAX_OPERATING_MW,150,
7/25/2026 2:30:00 PM,RTD,CLUZ,01MSINLO_G04,G,7/25/2026 6:51:00 AM,7/26/2026,MIN_OPERATING_MW,150,
7/25/2026 2:30:00 PM,RTD,CLUZ,01PASBUSOL_G01,G,7/25/2026 2:01:00 PM,7/25/2026 3:00:00 PM,MAX_OPERATING_MW,19.50,
7/25/2026 2:30:00 PM,RTD,CLUZ,01PASBUSOL_G01,G,7/25/2026 2:01:00 PM,7/25/2026 3:00:00 PM,MIN_OPERATING_MW,19.50,
7/25/2026 2:30:00 PM,RTD,CLUZ,01TERRASOL_G01,G,7/25/2026 1:06:00 PM,7/25/2026 4:00:00 PM,MAX_OPERATING_MW,600,
7/25/2026 2:30:00 PM,RTD,CLUZ,01TERRASOL_G01,G,7/25/2026 1:06:00 PM,7/25/2026 4:00:00 PM,MIN_OPERATING_MW,600,
7/25/2026 2:30:00 PM,RTD,CLUZ,03ALMNOS_BAT1,G,7/25/2026 12:01:00 PM,7/25/2026 4:00:00 PM,MAX_OPERATING_MW,0,
7/25/2026 2:30:00 PM,RTD,CLUZ,03ALMNOS_BAT1,G,7/25/2026 12:01:00 PM,7/25/2026 4:00:00 PM,MIN_OPERATING_MW,0,
7/25/2026 2:30:00 PM,RTD,CLUZ,03LUNSOL_G01,G,7/25/2026 2:26:00 PM,7/25/2026 2:30:00 PM,MAX_OPERATING_MW,19.89,
7/25/2026 2:30:00 PM,RTD,CLUZ,03LUNSOL_G01,G,7/25/2026 2:26:00 PM,7/25/2026 2:30:00 PM,MIN_OPERATING_MW,19.89,
7/25/2026 2:30:00 PM,RTD,CLUZ,03LUNSOL_G01,G,7/25/2026 2:31:00 PM,7/25/2026 2:35:00 PM,MAX_OPERATING_MW,19.32,
7/25/2026 2:30:00 PM,RTD,CLUZ,03LUNSOL_G01,G,7/25/2026 2:31:00 PM,7/25/2026 2:35:00 PM,MIN_OPERATING_MW,19.32,
7/25/2026 2:30:00 PM,RTD,CVIS,06SLYSOL_G02,G,7/25/2026 2:01:00 PM,7/25/2026 3:00:00 PM,MAX_OPERATING_MW,9.55,
7/25/2026 2:30:00 PM,RTD,CVIS,06SLYSOL_G02,G,7/25/2026 2:01:00 PM,7/25/2026 3:00:00 PM,MIN_OPERATING_MW,9.55,
7/25/2026 2:30:00 PM,RTD,CVIS,06SLYSOL_G03,G,7/25/2026 2:01:00 PM,7/25/2026 3:00:00 PM,MAX_OPERATING_MW,9.42,
7/25/2026 2:30:00 PM,RTD,CVIS,06SLYSOL_G03,G,7/25/2026 2:01:00 PM,7/25/2026 3:00:00 PM,MIN_OPERATING_MW,9.42,
7/25/2026 2:30:00 PM,RTD,CMIN,10LIAN_G02,G,7/25/2026 12:05:00 AM,7/25/2026 11:59:00 PM,MAX_OPERATING_MW,6,
7/25/2026 2:30:00 PM,RTD,CMIN,10LIAN_G02,G,7/25/2026 12:05:00 AM,7/25/2026 11:59:00 PM,MIN_OPERATING_MW,3,
7/25/2026 2:30:00 PM,RTD,CMIN,11MALADU_G01,G,7/25/2026 12:01:00 AM,7/26/2026,MAX_OPERATING_MW,9.50,
7/25/2026 2:30:00 PM,RTD,CMIN,11MALADU_G01,G,7/25/2026 12:01:00 AM,7/26/2026,MIN_OPERATING_MW,9.50,
7/25/2026 2:30:00 PM,RTD,CMIN,11MARAMSOL_G01,G,7/25/2026 10:31:00 AM,7/25/2026 2:30:00 PM,MAX_OPERATING_MW,15,
7/25/2026 2:30:00 PM,RTD,CMIN,11MARAMSOL_G01,G,7/25/2026 10:31:00 AM,7/25/2026 2:30:00 PM,MIN_OPERATING_MW,15,
7/25/2026 2:30:00 PM,RTD,CMIN,11MARAMSOL_G01,G,7/25/2026 2:31:00 PM,7/25/2026 2:35:00 PM,MAX_OPERATING_MW,15,
7/25/2026 2:30:00 PM,RTD,CMIN,11MARAMSOL_G01,G,7/25/2026 2:31:00 PM,7/25/2026 2:35:00 PM,MIN_OPERATING_MW,15,
7/25/2026 2:35:00 PM,RTD,CLUZ,01BARBASOL_G01,G,7/25/2026 2:31:00 PM,7/25/2026 2:35:00 PM,MAX_OPERATING_MW,32.76,
7/25/2026 2:35:00 PM,RTD,CLUZ,01BARBASOL_G01,G,7/25/2026 2:31:00 PM,7/25/2026 2:35:00 PM,MIN_OPERATING_MW,32.76,
7/25/2026 2:35:00 PM,RTD,CLUZ,01BARBASOL_G01,G,7/25/2026 2:36:00 PM,7/25/2026 2:40:00 PM,MAX_OPERATING_MW,31.78,
7/25/2026 2:35:00 PM,RTD,CLUZ,01BARBASOL_G01,G,7/25/2026 2:36:00 PM,7/25/2026 2:40:00 PM,MIN_OPERATING_MW,31.78,
7/25/2026 2:35:00 PM,RTD,CLUZ,01BUGSOL_G01,G,7/25/2026 2:31:00 PM,7/25/2026 2:35:00 PM,MAX_OPERATING_MW,122.65,
7/25/2026 2:35:00 PM,RTD,CLUZ,01BUGSOL_G01,G,7/25/2026 2:31:00 PM,7/25/2026 2:35:00 PM,MIN_OPERATING_MW,122.65,
7/25/2026 2:35:00 PM,RTD,CLUZ,01BUGSOL_G01,G,7/25/2026 2:36:00 PM,7/25/2026 2:40:00 PM,MAX_OPERATING_MW,131.59,
7/25/2026 2:35:00 PM,RTD,CLUZ,01BUGSOL_G01,G,7/25/2026 2:36:00 PM,7/25/2026 2:40:00 PM,MIN_OPERATING_MW,131.59,
7/25/2026 2:35:00 PM,RTD,CLUZ,01BULACSOL_G01,G,7/25/2026 2:01:00 PM,7/25/2026 3:00:00 PM,MAX_OPERATING_MW,2.88,
7/25/2026 2:35:00 PM,RTD,CLUZ,01BULACSOL_G01,G,7/25/2026 2:01:00 PM,7/25/2026 3:00:00 PM,MIN_OPERATING_MW,2.88,
7/25/2026 2:35:00 PM,RTD,CLUZ,01MSINLO_G04,G,7/25/2026 6:51:00 AM,7/26/2026,MAX_OPERATING_MW,150,
7/25/2026 2:35:00 PM,RTD,CLUZ,01MSINLO_G04,G,7/25/2026 6:51:00 AM,7/26/2026,MIN_OPERATING_MW,150,
7/25/2026 2:35:00 PM,RTD,CLUZ,01PASBUSOL_G01,G,7/25/2026 2:01:00 PM,7/25/2026 3:00:00 PM,MAX_OPERATING_MW,19.50,
7/25/2026 2:35:00 PM,RTD,CLUZ,01PASBUSOL_G01,G,7/25/2026 2:01:00 PM,7/25/2026 3:00:00 PM,MIN_OPERATING_MW,19.50,
7/25/2026 2:35:00 PM,RTD,CLUZ,01TERRASOL_G01,G,7/25/2026 1:06:00 PM,7/25/2026 4:00:00 PM,MAX_OPERATING_MW,600,
7/25/2026 2:35:00 PM,RTD,CLUZ,01TERRASOL_G01,G,7/25/2026 1:06:00 PM,7/25/2026 4:00:00 PM,MIN_OPERATING_MW,600,
7/25/2026 2:35:00 PM,RTD,CLUZ,03ALMNOS_BAT1,G,7/25/2026 12:01:00 PM,7/25/2026 4:00:00 PM,MAX_OPERATING_MW,0,
7/25/2026 2:35:00 PM,RTD,CLUZ,03ALMNOS_BAT1,G,7/25/2026 12:01:00 PM,7/25/2026 4:00:00 PM,MIN_OPERATING_MW,0,
7/25/2026 2:35:00 PM,RTD,CLUZ,03LUNSOL_G01,G,7/25/2026 2:31:00 PM,7/25/2026 2:35:00 PM,MAX_OPERATING_MW,19.32,
7/25/2026 2:35:00 PM,RTD,CLUZ,03LUNSOL_G01,G,7/25/2026 2:31:00 PM,7/25/2026 2:35:00 PM,MIN_OPERATING_MW,19.32,
7/25/2026 2:35:00 PM,RTD,CLUZ,03LUNSOL_G01,G,7/25/2026 2:36:00 PM,7/25/2026 2:40:00 PM,MAX_OPERATING_MW,18.76,
7/25/2026 2:35:00 PM,RTD,CLUZ,03LUNSOL_G01,G,7/25/2026 2:36:00 PM,7/25/2026 2:40:00 PM,MIN_OPERATING_MW,18.76,
7/25/2026 2:35:00 PM,RTD,CVIS,06SLYSOL_G02,G,7/25/2026 2:01:00 PM,7/25/2026 3:00:00 PM,MAX_OPERATING_MW,9.55,
7/25/2026 2:35:00 PM,RTD,CVIS,06SLYSOL_G02,G,7/25/2026 2:01:00 PM,7/25/2026 3:00:00 PM,MIN_OPERATING_MW,9.55,
7/25/2026 2:35:00 PM,RTD,CVIS,06SLYSOL_G03,G,7/25/2026 2:01:00 PM,7/25/2026 3:00:00 PM,MAX_OPERATING_MW,9.42,
7/25/2026 2:35:00 PM,RTD,CVIS,06SLYSOL_G03,G,7/25/2026 2:01:00 PM,7/25/2026 3:00:00 PM,MIN_OPERATING_MW,9.42,
7/25/2026 2:35:00 PM,RTD,CMIN,10LIAN_G02,G,7/25/2026 12:05:00 AM,7/25/2026 11:59:00 PM,MAX_OPERATING_MW,6,
7/25/2026 2:35:00 PM,RTD,CMIN,10LIAN_G02,G,7/25/2026 12:05:00 AM,7/25/2026 11:59:00 PM,MIN_OPERATING_MW,3,
7/25/2026 2:35:00 PM,RTD,CMIN,11MALADU_G01,G,7/25/2026 12:01:00 AM,7/26/2026,MAX_OPERATING_MW,9.50,
7/25/2026 2:35:00 PM,RTD,CMIN,11MALADU_G01,G,7/25/2026 12:01:00 AM,7/26/2026,MIN_OPERATING_MW,9.50,
7/25/2026 2:35:00 PM,RTD,CMIN,11MARAMSOL_G01,G,7/25/2026 2:31:00 PM,7/25/2026 2:35:00 PM,MAX_OPERATING_MW,15,
7/25/2026 2:35:00 PM,RTD,CMIN,11MARAMSOL_G01,G,7/25/2026 2:31:00 PM,7/25/2026 2:35:00 PM,MIN_OPERATING_MW,15,
7/25/2026 2:35:00 PM,RTD,CMIN,11MARAMSOL_G01,G,7/25/2026 2:36:00 PM,7/25/2026 2:40:00 PM,MAX_OPERATING_MW,15,
7/25/2026 2:35:00 PM,RTD,CMIN,11MARAMSOL_G01,G,7/25/2026 2:36:00 PM,7/25/2026 2:40:00 PM,MIN_OPERATING_MW,15,
7/25/2026 2:40:00 PM,RTD,CLUZ,01BARBASOL_G01,G,7/25/2026 2:36:00 PM,7/25/2026 2:40:00 PM,MAX_OPERATING_MW,31.78,
7/25/2026 2:40:00 PM,RTD,CLUZ,01BARBASOL_G01,G,7/25/2026 2:36:00 PM,7/25/2026 2:40:00 PM,MIN_OPERATING_MW,31.78,
7/25/2026 2:40:00 PM,RTD,CLUZ,01BARBASOL_G01,G,7/25/2026 2:41:00 PM,7/25/2026 2:45:00 PM,MAX_OPERATING_MW,30.83,
7/25/2026 2:40:00 PM,RTD,CLUZ,01BARBASOL_G01,G,7/25/2026 2:41:00 PM,7/25/2026 2:45:00 PM,MIN_OPERATING_MW,30.83,
7/25/2026 2:40:00 PM,RTD,CLUZ,01BUGSOL_G01,G,7/25/2026 2:36:00 PM,7/25/2026 2:40:00 PM,MAX_OPERATING_MW,131.59,
7/25/2026 2:40:00 PM,RTD,CLUZ,01BUGSOL_G01,G,7/25/2026 2:36:00 PM,7/25/2026 2:40:00 PM,MIN_OPERATING_MW,131.59,
7/25/2026 2:40:00 PM,RTD,CLUZ,01BUGSOL_G01,G,7/25/2026 2:41:00 PM,7/25/2026 2:45:00 PM,MAX_OPERATING_MW,146.90,
7/25/2026 2:40:00 PM,RTD,CLUZ,01BUGSOL_G01,G,7/25/2026 2:41:00 PM,7/25/2026 2:45:00 PM,MIN_OPERATING_MW,146.90,
7/25/2026 2:40:00 PM,RTD,CLUZ,01BULACSOL_G01,G,7/25/2026 2:01:00 PM,7/25/2026 3:00:00 PM,MAX_OPERATING_MW,2.88,
7/25/2026 2:40:00 PM,RTD,CLUZ,01BULACSOL_G01,G,7/25/2026 2:01:00 PM,7/25/2026 3:00:00 PM,MIN_OPERATING_MW,2.88,
7/25/2026 2:40:00 PM,RTD,CLUZ,01MSINLO_G04,G,7/25/2026 6:51:00 AM,7/26/2026,MAX_OPERATING_MW,150,
7/25/2026 2:40:00 PM,RTD,CLUZ,01MSINLO_G04,G,7/25/2026 6:51:00 AM,7/26/2026,MIN_OPERATING_MW,150,
7/25/2026 2:40:00 PM,RTD,CLUZ,01PASBUSOL_G01,G,7/25/2026 2:01:00 PM,7/25/2026 3:00:00 PM,MAX_OPERATING_MW,19.50,
7/25/2026 2:40:00 PM,RTD,CLUZ,01PASBUSOL_G01,G,7/25/2026 2:01:00 PM,7/25/2026 3:00:00 PM,MIN_OPERATING_MW,19.50,
7/25/2026 2:40:00 PM,RTD,CLUZ,01TERRASOL_G01,G,7/25/2026 1:06:00 PM,7/25/2026 4:00:00 PM,MAX_OPERATING_MW,600,
7/25/2026 2:40:00 PM,RTD,CLUZ,01TERRASOL_G01,G,7/25/2026 1:06:00 PM,7/25/2026 4:00:00 PM,MIN_OPERATING_MW,600,
7/25/2026 2:40:00 PM,RTD,CLUZ,03ALMNOS_BAT1,G,7/25/2026 12:01:00 PM,7/25/2026 4:00:00 PM,MAX_OPERATING_MW,0,
7/25/2026 2:40:00 PM,RTD,CLUZ,03ALMNOS_BAT1,G,7/25/2026 12:01:00 PM,7/25/2026 4:00:00 PM,MIN_OPERATING_MW,0,
7/25/2026 2:40:00 PM,RTD,CLUZ,03LUNSOL_G01,G,7/25/2026 2:36:00 PM,7/25/2026 2:40:00 PM,MAX_OPERATING_MW,18.76,
7/25/2026 2:40:00 PM,RTD,CLUZ,03LUNSOL_G01,G,7/25/2026 2:36:00 PM,7/25/2026 2:40:00 PM,MIN_OPERATING_MW,18.76,
7/25/2026 2:40:00 PM,RTD,CLUZ,03LUNSOL_G01,G,7/25/2026 2:41:00 PM,7/25/2026 2:45:00 PM,MAX_OPERATING_MW,18.20,
7/25/2026 2:40:00 PM,RTD,CLUZ,03LUNSOL_G01,G,7/25/2026 2:41:00 PM,7/25/2026 2:45:00 PM,MIN_OPERATING_MW,18.20,
7/25/2026 2:40:00 PM,RTD,CVIS,06SLYSOL_G02,G,7/25/2026 2:01:00 PM,7/25/2026 3:00:00 PM,MAX_OPERATING_MW,9.55,
7/25/2026 2:40:00 PM,RTD,CVIS,06SLYSOL_G02,G,7/25/2026 2:01:00 PM,7/25/2026 3:00:00 PM,MIN_OPERATING_MW,9.55,
7/25/2026 2:40:00 PM,RTD,CVIS,06SLYSOL_G03,G,7/25/2026 2:01:00 PM,7/25/2026 3:00:00 PM,MAX_OPERATING_MW,9.42,
7/25/2026 2:40:00 PM,RTD,CVIS,06SLYSOL_G03,G,7/25/2026 2:01:00 PM,7/25/2026 3:00:00 PM,MIN_OPERATING_MW,9.42,
7/25/2026 2:40:00 PM,RTD,CMIN,10LIAN_G02,G,7/25/2026 12:05:00 AM,7/25/2026 11:59:00 PM,MAX_OPERATING_MW,6,
7/25/2026 2:40:00 PM,RTD,CMIN,10LIAN_G02,G,7/25/2026 12:05:00 AM,7/25/2026 11:59:00 PM,MIN_OPERATING_MW,3,
7/25/2026 2:40:00 PM,RTD,CMIN,11MALADU_G01,G,7/25/2026 12:01:00 AM,7/26/2026,MAX_OPERATING_MW,9.50,
7/25/2026 2:40:00 PM,RTD,CMIN,11MALADU_G01,G,7/25/2026 12:01:00 AM,7/26/2026,MIN_OPERATING_MW,9.50,
7/25/2026 2:40:00 PM,RTD,CMIN,11MARAMSOL_G01,G,7/25/2026 2:36:00 PM,7/25/2026 2:40:00 PM,MAX_OPERATING_MW,15,
7/25/2026 2:40:00 PM,RTD,CMIN,11MARAMSOL_G01,G,7/25/2026 2:36:00 PM,7/25/2026 2:40:00 PM,MIN_OPERATING_MW,15,
7/25/2026 2:40:00 PM,RTD,CMIN,11MARAMSOL_G01,G,7/25/2026 2:41:00 PM,7/25/2026 2:45:00 PM,MAX_OPERATING_MW,15,
7/25/2026 2:40:00 PM,RTD,CMIN,11MARAMSOL_G01,G,7/25/2026 2:41:00 PM,7/25/2026 2:45:00 PM,MIN_OPERATING_MW,15,
7/25/2026 2:45:00 PM,RTD,CLUZ,01BARBASOL_G01,G,7/25/2026 2:41:00 PM,7/25/2026 2:45:00 PM,MAX_OPERATING_MW,30.83,
7/25/2026 2:45:00 PM,RTD,CLUZ,01BARBASOL_G01,G,7/25/2026 2:41:00 PM,7/25/2026 2:45:00 PM,MIN_OPERATING_MW,30.83,
7/25/2026 2:45:00 PM,RTD,CLUZ,01BARBASOL_G01,G,7/25/2026 2:46:00 PM,7/25/2026 2:50:00 PM,MAX_OPERATING_MW,29.89,
7/25/2026 2:45:00 PM,RTD,CLUZ,01BARBASOL_G01,G,7/25/2026 2:46:00 PM,7/25/2026 2:50:00 PM,MIN_OPERATING_MW,29.89,
7/25/2026 2:45:00 PM,RTD,CLUZ,01BUGSOL_G01,G,7/25/2026 2:41:00 PM,7/25/2026 2:45:00 PM,MAX_OPERATING_MW,70,
7/25/2026 2:45:00 PM,RTD,CLUZ,01BUGSOL_G01,G,7/25/2026 2:41:00 PM,7/25/2026 2:45:00 PM,MIN_OPERATING_MW,70,
7/25/2026 2:45:00 PM,RTD,CLUZ,01BUGSOL_G01,G,7/25/2026 2:46:00 PM,7/25/2026 2:50:00 PM,MAX_OPERATING_MW,70,
7/25/2026 2:45:00 PM,RTD,CLUZ,01BUGSOL_G01,G,7/25/2026 2:46:00 PM,7/25/2026 2:50:00 PM,MIN_OPERATING_MW,70,
7/25/2026 2:45:00 PM,RTD,CLUZ,01BULACSOL_G01,G,7/25/2026 2:01:00 PM,7/25/2026 3:00:00 PM,MAX_OPERATING_MW,2.88,
7/25/2026 2:45:00 PM,RTD,CLUZ,01BULACSOL_G01,G,7/25/2026 2:01:00 PM,7/25/2026 3:00:00 PM,MIN_OPERATING_MW,2.88,
7/25/2026 2:45:00 PM,RTD,CLUZ,01MSINLO_G04,G,7/25/2026 6:51:00 AM,7/26/2026,MAX_OPERATING_MW,150,
7/25/2026 2:45:00 PM,RTD,CLUZ,01MSINLO_G04,G,7/25/2026 6:51:00 AM,7/26/2026,MIN_OPERATING_MW,150,
7/25/2026 2:45:00 PM,RTD,CLUZ,01PASBUSOL_G01,G,7/25/2026 2:01:00 PM,7/25/2026 3:00:00 PM,MAX_OPERATING_MW,19.50,
7/25/2026 2:45:00 PM,RTD,CLUZ,01PASBUSOL_G01,G,7/25/2026 2:01:00 PM,7/25/2026 3:00:00 PM,MIN_OPERATING_MW,19.50,
7/25/2026 2:45:00 PM,RTD,CLUZ,01TERRASOL_G01,G,7/25/2026 2:16:00 PM,7/25/2026 2:45:00 PM,MAX_OPERATING_MW,750,
7/25/2026 2:45:00 PM,RTD,CLUZ,01TERRASOL_G01,G,7/25/2026 2:16:00 PM,7/25/2026 2:45:00 PM,MIN_OPERATING_MW,750,
7/25/2026 2:45:00 PM,RTD,CLUZ,01TERRASOL_G01,G,7/25/2026 2:46:00 PM,7/25/2026 2:50:00 PM,MAX_OPERATING_MW,650,
7/25/2026 2:45:00 PM,RTD,CLUZ,01TERRASOL_G01,G,7/25/2026 2:46:00 PM,7/25/2026 2:50:00 PM,MIN_OPERATING_MW,650,
7/25/2026 2:45:00 PM,RTD,CLUZ,03ALMNOS_BAT1,G,7/25/2026 12:01:00 PM,7/25/2026 4:00:00 PM,MAX_OPERATING_MW,0,
7/25/2026 2:45:00 PM,RTD,CLUZ,03ALMNOS_BAT1,G,7/25/2026 12:01:00 PM,7/25/2026 4:00:00 PM,MIN_OPERATING_MW,0,
7/25/2026 2:45:00 PM,RTD,CLUZ,03LUMBSOL_G01,G,7/25/2026 2:41:00 PM,7/25/2026 2:45:00 PM,MAX_OPERATING_MW,25,
7/25/2026 2:45:00 PM,RTD,CLUZ,03LUMBSOL_G01,G,7/25/2026 2:41:00 PM,7/25/2026 2:45:00 PM,MIN_OPERATING_MW,25,
7/25/2026 2:45:00 PM,RTD,CLUZ,03LUMBSOL_G01,G,7/25/2026 2:46:00 PM,7/25/2026 2:50:00 PM,MAX_OPERATING_MW,25,
7/25/2026 2:45:00 PM,RTD,CLUZ,03LUMBSOL_G01,G,7/25/2026 2:46:00 PM,7/25/2026 2:50:00 PM,MIN_OPERATING_MW,25,
7/25/2026 2:45:00 PM,RTD,CLUZ,03LUNSOL_G01,G,7/25/2026 2:41:00 PM,7/25/2026 2:45:00 PM,MAX_OPERATING_MW,18.20,
7/25/2026 2:45:00 PM,RTD,CLUZ,03LUNSOL_G01,G,7/25/2026 2:41:00 PM,7/25/2026 2:45:00 PM,MIN_OPERATING_MW,18.20,
7/25/2026 2:45:00 PM,RTD,CLUZ,03LUNSOL_G01,G,7/25/2026 2:46:00 PM,7/25/2026 2:50:00 PM,MAX_OPERATING_MW,17.63,
7/25/2026 2:45:00 PM,RTD,CLUZ,03LUNSOL_G01,G,7/25/2026 2:46:00 PM,7/25/2026 2:50:00 PM,MIN_OPERATING_MW,17.63,
7/25/2026 2:45:00 PM,RTD,CVIS,06SLYSOL_G02,G,7/25/2026 2:01:00 PM,7/25/2026 3:00:00 PM,MAX_OPERATING_MW,9.55,
7/25/2026 2:45:00 PM,RTD,CVIS,06SLYSOL_G02,G,7/25/2026 2:01:00 PM,7/25/2026 3:00:00 PM,MIN_OPERATING_MW,9.55,
7/25/2026 2:45:00 PM,RTD,CVIS,06SLYSOL_G03,G,7/25/2026 2:01:00 PM,7/25/2026 3:00:00 PM,MAX_OPERATING_MW,9.42,
7/25/2026 2:45:00 PM,RTD,CVIS,06SLYSOL_G03,G,7/25/2026 2:01:00 PM,7/25/2026 3:00:00 PM,MIN_OPERATING_MW,9.42,
7/25/2026 2:45:00 PM,RTD,CMIN,10LIAN_G02,G,7/25/2026 12:05:00 AM,7/25/2026 11:59:00 PM,MAX_OPERATING_MW,6,
7/25/2026 2:45:00 PM,RTD,CMIN,10LIAN_G02,G,7/25/2026 12:05:00 AM,7/25/2026 11:59:00 PM,MIN_OPERATING_MW,3,
7/25/2026 2:45:00 PM,RTD,CMIN,11MALADU_G01,G,7/25/2026 12:01:00 AM,7/26/2026,MAX_OPERATING_MW,9.50,
7/25/2026 2:45:00 PM,RTD,CMIN,11MALADU_G01,G,7/25/2026 12:01:00 AM,7/26/2026,MIN_OPERATING_MW,9.50,
7/25/2026 2:45:00 PM,RTD,CMIN,11MARAMSOL_G01,G,7/25/2026 2:41:00 PM,7/25/2026 2:45:00 PM,MAX_OPERATING_MW,15,
7/25/2026 2:45:00 PM,RTD,CMIN,11MARAMSOL_G01,G,7/25/2026 2:41:00 PM,7/25/2026 2:45:00 PM,MIN_OPERATING_MW,15,
7/25/2026 2:45:00 PM,RTD,CMIN,11MARAMSOL_G01,G,7/25/2026 2:46:00 PM,7/25/2026 6:45:00 PM,MAX_OPERATING_MW,10,
7/25/2026 2:45:00 PM,RTD,CMIN,11MARAMSOL_G01,G,7/25/2026 2:46:00 PM,7/25/2026 6:45:00 PM,MIN_OPERATING_MW,10,
7/25/2026 2:50:00 PM,RTD,CLUZ,01BARBASOL_G01,G,7/25/2026 2:46:00 PM,7/25/2026 2:50:00 PM,MAX_OPERATING_MW,29.89,
7/25/2026 2:50:00 PM,RTD,CLUZ,01BARBASOL_G01,G,7/25/2026 2:46:00 PM,7/25/2026 2:50:00 PM,MIN_OPERATING_MW,29.89,
7/25/2026 2:50:00 PM,RTD,CLUZ,01BARBASOL_G01,G,7/25/2026 2:51:00 PM,7/25/2026 2:55:00 PM,MAX_OPERATING_MW,28.98,
7/25/2026 2:50:00 PM,RTD,CLUZ,01BARBASOL_G01,G,7/25/2026 2:51:00 PM,7/25/2026 2:55:00 PM,MIN_OPERATING_MW,28.98,
7/25/2026 2:50:00 PM,RTD,CLUZ,01BUGSOL_G01,G,7/25/2026 2:46:00 PM,7/25/2026 2:50:00 PM,MAX_OPERATING_MW,70,
7/25/2026 2:50:00 PM,RTD,CLUZ,01BUGSOL_G01,G,7/25/2026 2:46:00 PM,7/25/2026 2:50:00 PM,MIN_OPERATING_MW,70,
7/25/2026 2:50:00 PM,RTD,CLUZ,01BUGSOL_G01,G,7/25/2026 2:51:00 PM,7/25/2026 2:55:00 PM,MAX_OPERATING_MW,70,
7/25/2026 2:50:00 PM,RTD,CLUZ,01BUGSOL_G01,G,7/25/2026 2:51:00 PM,7/25/2026 2:55:00 PM,MIN_OPERATING_MW,70,
7/25/2026 2:50:00 PM,RTD,CLUZ,01BULACSOL_G01,G,7/25/2026 2:01:00 PM,7/25/2026 3:00:00 PM,MAX_OPERATING_MW,2.88,
7/25/2026 2:50:00 PM,RTD,CLUZ,01BULACSOL_G01,G,7/25/2026 2:01:00 PM,7/25/2026 3:00:00 PM,MIN_OPERATING_MW,2.88,
7/25/2026 2:50:00 PM,RTD,CLUZ,01MSINLO_G04,G,7/25/2026 6:51:00 AM,7/26/2026,MAX_OPERATING_MW,150,
7/25/2026 2:50:00 PM,RTD,CLUZ,01MSINLO_G04,G,7/25/2026 6:51:00 AM,7/26/2026,MIN_OPERATING_MW,150,
7/25/2026 2:50:00 PM,RTD,CLUZ,01PASBUSOL_G01,G,7/25/2026 2:01:00 PM,7/25/2026 3:00:00 PM,MAX_OPERATING_MW,19.50,
7/25/2026 2:50:00 PM,RTD,CLUZ,01PASBUSOL_G01,G,7/25/2026 2:01:00 PM,7/25/2026 3:00:00 PM,MIN_OPERATING_MW,19.50,
7/25/2026 2:50:00 PM,RTD,CLUZ,01TERRASOL_G01,G,7/25/2026 2:46:00 PM,7/25/2026 2:50:00 PM,MAX_OPERATING_MW,650,
7/25/2026 2:50:00 PM,RTD,CLUZ,01TERRASOL_G01,G,7/25/2026 2:46:00 PM,7/25/2026 2:50:00 PM,MIN_OPERATING_MW,650,
7/25/2026 2:50:00 PM,RTD,CLUZ,01TERRASOL_G01,G,7/25/2026 2:51:00 PM,7/25/2026 2:55:00 PM,MAX_OPERATING_MW,550,
7/25/2026 2:50:00 PM,RTD,CLUZ,01TERRASOL_G01,G,7/25/2026 2:51:00 PM,7/25/2026 2:55:00 PM,MIN_OPERATING_MW,550,
7/25/2026 2:50:00 PM,RTD,CLUZ,03ALMNOS_BAT1,G,7/25/2026 12:01:00 PM,7/25/2026 4:00:00 PM,MAX_OPERATING_MW,0,
7/25/2026 2:50:00 PM,RTD,CLUZ,03ALMNOS_BAT1,G,7/25/2026 12:01:00 PM,7/25/2026 4:00:00 PM,MIN_OPERATING_MW,0,
7/25/2026 2:50:00 PM,RTD,CLUZ,03LUMBSOL_G01,G,7/25/2026 2:46:00 PM,7/25/2026 2:50:00 PM,MAX_OPERATING_MW,25,
7/25/2026 2:50:00 PM,RTD,CLUZ,03LUMBSOL_G01,G,7/25/2026 2:46:00 PM,7/25/2026 2:50:00 PM,MIN_OPERATING_MW,25,
7/25/2026 2:50:00 PM,RTD,CLUZ,03LUMBSOL_G01,G,7/25/2026 2:51:00 PM,7/25/2026 2:55:00 PM,MAX_OPERATING_MW,25,
7/25/2026 2:50:00 PM,RTD,CLUZ,03LUMBSOL_G01,G,7/25/2026 2:51:00 PM,7/25/2026 2:55:00 PM,MIN_OPERATING_MW,25,
7/25/2026 2:50:00 PM,RTD,CLUZ,03LUNSOL_G01,G,7/25/2026 2:46:00 PM,7/25/2026 2:50:00 PM,MAX_OPERATING_MW,17.63,
7/25/2026 2:50:00 PM,RTD,CLUZ,03LUNSOL_G01,G,7/25/2026 2:46:00 PM,7/25/2026 2:50:00 PM,MIN_OPERATING_MW,17.63,
7/25/2026 2:50:00 PM,RTD,CLUZ,03LUNSOL_G01,G,7/25/2026 2:51:00 PM,7/25/2026 2:55:00 PM,MAX_OPERATING_MW,17.07,
7/25/2026 2:50:00 PM,RTD,CLUZ,03LUNSOL_G01,G,7/25/2026 2:51:00 PM,7/25/2026 2:55:00 PM,MIN_OPERATING_MW,17.07,
7/25/2026 2:50:00 PM,RTD,CVIS,06SLYSOL_G02,G,7/25/2026 2:01:00 PM,7/25/2026 3:00:00 PM,MAX_OPERATING_MW,9.55,
7/25/2026 2:50:00 PM,RTD,CVIS,06SLYSOL_G02,G,7/25/2026 2:01:00 PM,7/25/2026 3:00:00 PM,MIN_OPERATING_MW,9.55,
7/25/2026 2:50:00 PM,RTD,CVIS,06SLYSOL_G03,G,7/25/2026 2:01:00 PM,7/25/2026 3:00:00 PM,MAX_OPERATING_MW,9.42,
7/25/2026 2:50:00 PM,RTD,CVIS,06SLYSOL_G03,G,7/25/2026 2:01:00 PM,7/25/2026 3:00:00 PM,MIN_OPERATING_MW,9.42,
7/25/2026 2:50:00 PM,RTD,CMIN,10LIAN_G02,G,7/25/2026 12:05:00 AM,7/25/2026 11:59:00 PM,MAX_OPERATING_MW,6,
7/25/2026 2:50:00 PM,RTD,CMIN,10LIAN_G02,G,7/25/2026 12:05:00 AM,7/25/2026 11:59:00 PM,MIN_OPERATING_MW,3,
7/25/2026 2:50:00 PM,RTD,CMIN,11MALADU_G01,G,7/25/2026 12:01:00 AM,7/26/2026,MAX_OPERATING_MW,9.50,
7/25/2026 2:50:00 PM,RTD,CMIN,11MALADU_G01,G,7/25/2026 12:01:00 AM,7/26/2026,MIN_OPERATING_MW,9.50,
7/25/2026 2:50:00 PM,RTD,CMIN,11MARAMSOL_G01,G,7/25/2026 2:46:00 PM,7/25/2026 6:45:00 PM,MAX_OPERATING_MW,10,
7/25/2026 2:50:00 PM,RTD,CMIN,11MARAMSOL_G01,G,7/25/2026 2:46:00 PM,7/25/2026 6:45:00 PM,MIN_OPERATING_MW,10,
7/25/2026 2:55:00 PM,RTD,CLUZ,01BARBASOL_G01,G,7/25/2026 2:51:00 PM,7/25/2026 2:55:00 PM,MAX_OPERATING_MW,28.98,
7/25/2026 2:55:00 PM,RTD,CLUZ,01BARBASOL_G01,G,7/25/2026 2:51:00 PM,7/25/2026 2:55:00 PM,MIN_OPERATING_MW,28.98,
7/25/2026 2:55:00 PM,RTD,CLUZ,01BARBASOL_G01,G,7/25/2026 2:56:00 PM,7/25/2026 3:00:00 PM,MAX_OPERATING_MW,28.08,
7/25/2026 2:55:00 PM,RTD,CLUZ,01BARBASOL_G01,G,7/25/2026 2:56:00 PM,7/25/2026 3:00:00 PM,MIN_OPERATING_MW,28.08,
7/25/2026 2:55:00 PM,RTD,CLUZ,01BUGSOL_G01,G,7/25/2026 2:51:00 PM,7/25/2026 2:55:00 PM,MAX_OPERATING_MW,70,
7/25/2026 2:55:00 PM,RTD,CLUZ,01BUGSOL_G01,G,7/25/2026 2:51:00 PM,7/25/2026 2:55:00 PM,MIN_OPERATING_MW,70,
7/25/2026 2:55:00 PM,RTD,CLUZ,01BUGSOL_G01,G,7/25/2026 2:56:00 PM,7/25/2026 3:00:00 PM,MAX_OPERATING_MW,70,
7/25/2026 2:55:00 PM,RTD,CLUZ,01BUGSOL_G01,G,7/25/2026 2:56:00 PM,7/25/2026 3:00:00 PM,MIN_OPERATING_MW,70,
7/25/2026 2:55:00 PM,RTD,CLUZ,01BULACSOL_G01,G,7/25/2026 2:01:00 PM,7/25/2026 3:00:00 PM,MAX_OPERATING_MW,2.88,
7/25/2026 2:55:00 PM,RTD,CLUZ,01BULACSOL_G01,G,7/25/2026 2:01:00 PM,7/25/2026 3:00:00 PM,MIN_OPERATING_MW,2.88,
7/25/2026 2:55:00 PM,RTD,CLUZ,01MSINLO_G04,G,7/25/2026 6:51:00 AM,7/26/2026,MAX_OPERATING_MW,150,
7/25/2026 2:55:00 PM,RTD,CLUZ,01MSINLO_G04,G,7/25/2026 6:51:00 AM,7/26/2026,MIN_OPERATING_MW,150,
7/25/2026 2:55:00 PM,RTD,CLUZ,01PASBUSOL_G01,G,7/25/2026 2:01:00 PM,7/25/2026 3:00:00 PM,MAX_OPERATING_MW,19.50,
7/25/2026 2:55:00 PM,RTD,CLUZ,01PASBUSOL_G01,G,7/25/2026 2:01:00 PM,7/25/2026 3:00:00 PM,MIN_OPERATING_MW,19.50,
7/25/2026 2:55:00 PM,RTD,CLUZ,01TERRASOL_G01,G,7/25/2026 2:51:00 PM,7/25/2026 2:55:00 PM,MAX_OPERATING_MW,550,
7/25/2026 2:55:00 PM,RTD,CLUZ,01TERRASOL_G01,G,7/25/2026 2:51:00 PM,7/25/2026 2:55:00 PM,MIN_OPERATING_MW,550,
7/25/2026 2:55:00 PM,RTD,CLUZ,01TERRASOL_G01,G,7/25/2026 2:56:00 PM,7/25/2026 3:00:00 PM,MAX_OPERATING_MW,450,
7/25/2026 2:55:00 PM,RTD,CLUZ,01TERRASOL_G01,G,7/25/2026 2:56:00 PM,7/25/2026 3:00:00 PM,MIN_OPERATING_MW,450,
7/25/2026 2:55:00 PM,RTD,CLUZ,03ALMNOS_BAT1,G,7/25/2026 12:01:00 PM,7/25/2026 4:00:00 PM,MAX_OPERATING_MW,0,
7/25/2026 2:55:00 PM,RTD,CLUZ,03ALMNOS_BAT1,G,7/25/2026 12:01:00 PM,7/25/2026 4:00:00 PM,MIN_OPERATING_MW,0,
7/25/2026 2:55:00 PM,RTD,CLUZ,03LUMBSOL_G01,G,7/25/2026 2:51:00 PM,7/25/2026 2:55:00 PM,MAX_OPERATING_MW,25,
7/25/2026 2:55:00 PM,RTD,CLUZ,03LUMBSOL_G01,G,7/25/2026 2:51:00 PM,7/25/2026 2:55:00 PM,MIN_OPERATING_MW,25,
7/25/2026 2:55:00 PM,RTD,CLUZ,03LUMBSOL_G01,G,7/25/2026 2:56:00 PM,7/25/2026 3:00:00 PM,MAX_OPERATING_MW,25,
7/25/2026 2:55:00 PM,RTD,CLUZ,03LUMBSOL_G01,G,7/25/2026 2:56:00 PM,7/25/2026 3:00:00 PM,MIN_OPERATING_MW,25,
7/25/2026 2:55:00 PM,RTD,CLUZ,03LUNSOL_G01,G,7/25/2026 2:51:00 PM,7/25/2026 2:55:00 PM,MAX_OPERATING_MW,17.07,
7/25/2026 2:55:00 PM,RTD,CLUZ,03LUNSOL_G01,G,7/25/2026 2:51:00 PM,7/25/2026 2:55:00 PM,MIN_OPERATING_MW,17.07,
7/25/2026 2:55:00 PM,RTD,CLUZ,03LUNSOL_G01,G,7/25/2026 2:56:00 PM,7/25/2026 3:00:00 PM,MAX_OPERATING_MW,16.51,
7/25/2026 2:55:00 PM,RTD,CLUZ,03LUNSOL_G01,G,7/25/2026 2:56:00 PM,7/25/2026 3:00:00 PM,MIN_OPERATING_MW,16.51,
7/25/2026 2:55:00 PM,RTD,CVIS,06SLYSOL_G02,G,7/25/2026 2:01:00 PM,7/25/2026 3:00:00 PM,MAX_OPERATING_MW,9.55,
7/25/2026 2:55:00 PM,RTD,CVIS,06SLYSOL_G02,G,7/25/2026 2:01:00 PM,7/25/2026 3:00:00 PM,MIN_OPERATING_MW,9.55,
7/25/2026 2:55:00 PM,RTD,CVIS,06SLYSOL_G03,G,7/25/2026 2:01:00 PM,7/25/2026 3:00:00 PM,MAX_OPERATING_MW,9.42,
7/25/2026 2:55:00 PM,RTD,CVIS,06SLYSOL_G03,G,7/25/2026 2:01:00 PM,7/25/2026 3:00:00 PM,MIN_OPERATING_MW,9.42,
7/25/2026 2:55:00 PM,RTD,CMIN,10LIAN_G02,G,7/25/2026 12:05:00 AM,7/25/2026 11:59:00 PM,MAX_OPERATING_MW,6,
7/25/2026 2:55:00 PM,RTD,CMIN,10LIAN_G02,G,7/25/2026 12:05:00 AM,7/25/2026 11:59:00 PM,MIN_OPERATING_MW,3,
7/25/2026 2:55:00 PM,RTD,CMIN,11MALADU_G01,G,7/25/2026 12:01:00 AM,7/26/2026,MAX_OPERATING_MW,9.50,
7/25/2026 2:55:00 PM,RTD,CMIN,11MALADU_G01,G,7/25/2026 12:01:00 AM,7/26/2026,MIN_OPERATING_MW,9.50,
7/25/2026 2:55:00 PM,RTD,CMIN,11MARAMSOL_G01,G,7/25/2026 2:46:00 PM,7/25/2026 6:45:00 PM,MAX_OPERATING_MW,10,
7/25/2026 2:55:00 PM,RTD,CMIN,11MARAMSOL_G01,G,7/25/2026 2:46:00 PM,7/25/2026 6:45:00 PM,MIN_OPERATING_MW,10,
7/25/2026 3:00:00 PM,RTD,CLUZ,01BARBASOL_G01,G,7/25/2026 2:56:00 PM,7/25/2026 3:00:00 PM,MAX_OPERATING_MW,28.08,
7/25/2026 3:00:00 PM,RTD,CLUZ,01BARBASOL_G01,G,7/25/2026 2:56:00 PM,7/25/2026 3:00:00 PM,MIN_OPERATING_MW,28.08,
7/25/2026 3:00:00 PM,RTD,CLUZ,01BARBASOL_G01,G,7/25/2026 3:01:00 PM,7/25/2026 3:05:00 PM,MAX_OPERATING_MW,27.21,
7/25/2026 3:00:00 PM,RTD,CLUZ,01BARBASOL_G01,G,7/25/2026 3:01:00 PM,7/25/2026 3:05:00 PM,MIN_OPERATING_MW,27.21,
7/25/2026 3:00:00 PM,RTD,CLUZ,01BUGSOL_G01,G,7/25/2026 2:56:00 PM,7/25/2026 3:00:00 PM,MAX_OPERATING_MW,70,
7/25/2026 3:00:00 PM,RTD,CLUZ,01BUGSOL_G01,G,7/25/2026 2:56:00 PM,7/25/2026 3:00:00 PM,MIN_OPERATING_MW,70,
7/25/2026 3:00:00 PM,RTD,CLUZ,01BUGSOL_G01,G,7/25/2026 3:01:00 PM,7/25/2026 3:05:00 PM,MAX_OPERATING_MW,70,
7/25/2026 3:00:00 PM,RTD,CLUZ,01BUGSOL_G01,G,7/25/2026 3:01:00 PM,7/25/2026 3:05:00 PM,MIN_OPERATING_MW,70,
7/25/2026 3:00:00 PM,RTD,CLUZ,01BULACSOL_G01,G,7/25/2026 2:01:00 PM,7/25/2026 3:00:00 PM,MAX_OPERATING_MW,2.88,
7/25/2026 3:00:00 PM,RTD,CLUZ,01BULACSOL_G01,G,7/25/2026 2:01:00 PM,7/25/2026 3:00:00 PM,MIN_OPERATING_MW,2.88,
7/25/2026 3:00:00 PM,RTD,CLUZ,01BULACSOL_G01,G,7/25/2026 3:01:00 PM,7/25/2026 4:00:00 PM,MAX_OPERATING_MW,2.28,
7/25/2026 3:00:00 PM,RTD,CLUZ,01BULACSOL_G01,G,7/25/2026 3:01:00 PM,7/25/2026 4:00:00 PM,MIN_OPERATING_MW,2.28,
7/25/2026 3:00:00 PM,RTD,CLUZ,01MSINLO_G04,G,7/25/2026 6:51:00 AM,7/26/2026,MAX_OPERATING_MW,150,
7/25/2026 3:00:00 PM,RTD,CLUZ,01MSINLO_G04,G,7/25/2026 6:51:00 AM,7/26/2026,MIN_OPERATING_MW,150,
7/25/2026 3:00:00 PM,RTD,CLUZ,01PASBUSOL_G01,G,7/25/2026 2:01:00 PM,7/25/2026 3:00:00 PM,MAX_OPERATING_MW,19.50,
7/25/2026 3:00:00 PM,RTD,CLUZ,01PASBUSOL_G01,G,7/25/2026 2:01:00 PM,7/25/2026 3:00:00 PM,MIN_OPERATING_MW,19.50,
7/25/2026 3:00:00 PM,RTD,CLUZ,01PASBUSOL_G01,G,7/25/2026 3:01:00 PM,7/25/2026 4:00:00 PM,MAX_OPERATING_MW,12.61,
7/25/2026 3:00:00 PM,RTD,CLUZ,01PASBUSOL_G01,G,7/25/2026 3:01:00 PM,7/25/2026 4:00:00 PM,MIN_OPERATING_MW,12.61,
7/25/2026 3:00:00 PM,RTD,CLUZ,01TERRASOL_G01,G,7/25/2026 2:56:00 PM,7/25/2026 3:00:00 PM,MAX_OPERATING_MW,450,
7/25/2026 3:00:00 PM,RTD,CLUZ,01TERRASOL_G01,G,7/25/2026 2:56:00 PM,7/25/2026 3:00:00 PM,MIN_OPERATING_MW,450,
7/25/2026 3:00:00 PM,RTD,CLUZ,01TERRASOL_G01,G,7/25/2026 3:01:00 PM,7/25/2026 3:05:00 PM,MAX_OPERATING_MW,350,
7/25/2026 3:00:00 PM,RTD,CLUZ,01TERRASOL_G01,G,7/25/2026 3:01:00 PM,7/25/2026 3:05:00 PM,MIN_OPERATING_MW,350,
7/25/2026 3:00:00 PM,RTD,CLUZ,03ALMNOS_BAT1,G,7/25/2026 12:01:00 PM,7/25/2026 4:00:00 PM,MAX_OPERATING_MW,0,
7/25/2026 3:00:00 PM,RTD,CLUZ,03ALMNOS_BAT1,G,7/25/2026 12:01:00 PM,7/25/2026 4:00:00 PM,MIN_OPERATING_MW,0,
7/25/2026 3:00:00 PM,RTD,CLUZ,03LUMBSOL_G01,G,7/25/2026 2:56:00 PM,7/25/2026 3:00:00 PM,MAX_OPERATING_MW,25,
7/25/2026 3:00:00 PM,RTD,CLUZ,03LUMBSOL_G01,G,7/25/2026 2:56:00 PM,7/25/2026 3:00:00 PM,MIN_OPERATING_MW,25,
7/25/2026 3:00:00 PM,RTD,CLUZ,03LUMBSOL_G01,G,7/25/2026 3:01:00 PM,7/25/2026 3:05:00 PM,MAX_OPERATING_MW,30,
7/25/2026 3:00:00 PM,RTD,CLUZ,03LUMBSOL_G01,G,7/25/2026 3:01:00 PM,7/25/2026 3:05:00 PM,MIN_OPERATING_MW,30,
7/25/2026 3:00:00 PM,RTD,CLUZ,03LUNSOL_G01,G,7/25/2026 2:56:00 PM,7/25/2026 3:00:00 PM,MAX_OPERATING_MW,16.51,
7/25/2026 3:00:00 PM,RTD,CLUZ,03LUNSOL_G01,G,7/25/2026 2:56:00 PM,7/25/2026 3:00:00 PM,MIN_OPERATING_MW,16.51,
7/25/2026 3:00:00 PM,RTD,CLUZ,03LUNSOL_G01,G,7/25/2026 3:01:00 PM,7/25/2026 3:05:00 PM,MAX_OPERATING_MW,15.94,
7/25/2026 3:00:00 PM,RTD,CLUZ,03LUNSOL_G01,G,7/25/2026 3:01:00 PM,7/25/2026 3:05:00 PM,MIN_OPERATING_MW,15.94,
7/25/2026 3:00:00 PM,RTD,CVIS,06SLYSOL_G02,G,7/25/2026 2:01:00 PM,7/25/2026 3:00:00 PM,MAX_OPERATING_MW,9.55,
7/25/2026 3:00:00 PM,RTD,CVIS,06SLYSOL_G02,G,7/25/2026 2:01:00 PM,7/25/2026 3:00:00 PM,MIN_OPERATING_MW,9.55,
7/25/2026 3:00:00 PM,RTD,CVIS,06SLYSOL_G02,G,7/25/2026 3:01:00 PM,7/25/2026 4:00:00 PM,MAX_OPERATING_MW,9.22,
7/25/2026 3:00:00 PM,RTD,CVIS,06SLYSOL_G02,G,7/25/2026 3:01:00 PM,7/25/2026 4:00:00 PM,MIN_OPERATING_MW,9.22,
7/25/2026 3:00:00 PM,RTD,CVIS,06SLYSOL_G03,G,7/25/2026 2:01:00 PM,7/25/2026 3:00:00 PM,MAX_OPERATING_MW,9.42,
7/25/2026 3:00:00 PM,RTD,CVIS,06SLYSOL_G03,G,7/25/2026 2:01:00 PM,7/25/2026 3:00:00 PM,MIN_OPERATING_MW,9.42,
7/25/2026 3:00:00 PM,RTD,CVIS,06SLYSOL_G03,G,7/25/2026 3:01:00 PM,7/25/2026 4:00:00 PM,MAX_OPERATING_MW,9.07,
7/25/2026 3:00:00 PM,RTD,CVIS,06SLYSOL_G03,G,7/25/2026 3:01:00 PM,7/25/2026 4:00:00 PM,MIN_OPERATING_MW,9.07,
7/25/2026 3:00:00 PM,RTD,CMIN,10LIAN_G02,G,7/25/2026 12:05:00 AM,7/25/2026 11:59:00 PM,MAX_OPERATING_MW,6,
7/25/2026 3:00:00 PM,RTD,CMIN,10LIAN_G02,G,7/25/2026 12:05:00 AM,7/25/2026 11:59:00 PM,MIN_OPERATING_MW,3,
7/25/2026 3:00:00 PM,RTD,CMIN,11MALADU_G01,G,7/25/2026 12:01:00 AM,7/26/2026,MAX_OPERATING_MW,9.50,
7/25/2026 3:00:00 PM,RTD,CMIN,11MALADU_G01,G,7/25/2026 12:01:00 AM,7/26/2026,MIN_OPERATING_MW,9.50,
7/25/2026 3:00:00 PM,RTD,CMIN,11MARAMSOL_G01,G,7/25/2026 2:46:00 PM,7/25/2026 6:45:00 PM,MAX_OPERATING_MW,10,
7/25/2026 3:00:00 PM,RTD,CMIN,11MARAMSOL_G01,G,7/25/2026 2:46:00 PM,7/25/2026 6:45:00 PM,MIN_OPERATING_MW,10,
7/25/2026 3:05:00 PM,RTD,CLUZ,01BARBASOL_G01,G,7/25/2026 3:01:00 PM,7/25/2026 3:05:00 PM,MAX_OPERATING_MW,27.21,
7/25/2026 3:05:00 PM,RTD,CLUZ,01BARBASOL_G01,G,7/25/2026 3:01:00 PM,7/25/2026 3:05:00 PM,MIN_OPERATING_MW,27.21,
7/25/2026 3:05:00 PM,RTD,CLUZ,01BARBASOL_G01,G,7/25/2026 3:06:00 PM,7/25/2026 3:10:00 PM,MAX_OPERATING_MW,26.38,
7/25/2026 3:05:00 PM,RTD,CLUZ,01BARBASOL_G01,G,7/25/2026 3:06:00 PM,7/25/2026 3:10:00 PM,MIN_OPERATING_MW,26.38,
7/25/2026 3:05:00 PM,RTD,CLUZ,01BUGSOL_G01,G,7/25/2026 3:01:00 PM,7/25/2026 3:05:00 PM,MAX_OPERATING_MW,70,
7/25/2026 3:05:00 PM,RTD,CLUZ,01BUGSOL_G01,G,7/25/2026 3:01:00 PM,7/25/2026 3:05:00 PM,MIN_OPERATING_MW,70,
7/25/2026 3:05:00 PM,RTD,CLUZ,01BUGSOL_G01,G,7/25/2026 3:06:00 PM,7/25/2026 3:10:00 PM,MAX_OPERATING_MW,70,
7/25/2026 3:05:00 PM,RTD,CLUZ,01BUGSOL_G01,G,7/25/2026 3:06:00 PM,7/25/2026 3:10:00 PM,MIN_OPERATING_MW,70,
7/25/2026 3:05:00 PM,RTD,CLUZ,01BULACSOL_G01,G,7/25/2026 3:01:00 PM,7/25/2026 4:00:00 PM,MAX_OPERATING_MW,2.28,
7/25/2026 3:05:00 PM,RTD,CLUZ,01BULACSOL_G01,G,7/25/2026 3:01:00 PM,7/25/2026 4:00:00 PM,MIN_OPERATING_MW,2.28,
7/25/2026 3:05:00 PM,RTD,CLUZ,01MSINLO_G04,G,7/25/2026 6:51:00 AM,7/26/2026,MAX_OPERATING_MW,150,
7/25/2026 3:05:00 PM,RTD,CLUZ,01MSINLO_G04,G,7/25/2026 6:51:00 AM,7/26/2026,MIN_OPERATING_MW,150,
7/25/2026 3:05:00 PM,RTD,CLUZ,01PASBUSOL_G01,G,7/25/2026 3:01:00 PM,7/25/2026 4:00:00 PM,MAX_OPERATING_MW,12.61,
7/25/2026 3:05:00 PM,RTD,CLUZ,01PASBUSOL_G01,G,7/25/2026 3:01:00 PM,7/25/2026 4:00:00 PM,MIN_OPERATING_MW,12.61,
7/25/2026 3:05:00 PM,RTD,CLUZ,01TERRASOL_G01,G,7/25/2026 3:01:00 PM,7/25/2026 3:05:00 PM,MAX_OPERATING_MW,350,
7/25/2026 3:05:00 PM,RTD,CLUZ,01TERRASOL_G01,G,7/25/2026 3:01:00 PM,7/25/2026 3:05:00 PM,MIN_OPERATING_MW,350,
7/25/2026 3:05:00 PM,RTD,CLUZ,01TERRASOL_G01,G,7/25/2026 3:06:00 PM,7/25/2026 4:45:00 PM,MAX_OPERATING_MW,300,
7/25/2026 3:05:00 PM,RTD,CLUZ,01TERRASOL_G01,G,7/25/2026 3:06:00 PM,7/25/2026 4:45:00 PM,MIN_OPERATING_MW,300,
7/25/2026 3:05:00 PM,RTD,CLUZ,03ALMNOS_BAT1,G,7/25/2026 12:01:00 PM,7/25/2026 4:00:00 PM,MAX_OPERATING_MW,0,
7/25/2026 3:05:00 PM,RTD,CLUZ,03ALMNOS_BAT1,G,7/25/2026 12:01:00 PM,7/25/2026 4:00:00 PM,MIN_OPERATING_MW,0,
7/25/2026 3:05:00 PM,RTD,CLUZ,03LUMBSOL_G01,G,7/25/2026 3:01:00 PM,7/25/2026 3:05:00 PM,MAX_OPERATING_MW,30,
7/25/2026 3:05:00 PM,RTD,CLUZ,03LUMBSOL_G01,G,7/25/2026 3:01:00 PM,7/25/2026 3:05:00 PM,MIN_OPERATING_MW,30,
7/25/2026 3:05:00 PM,RTD,CLUZ,03LUMBSOL_G01,G,7/25/2026 3:06:00 PM,7/25/2026 3:10:00 PM,MAX_OPERATING_MW,30,
7/25/2026 3:05:00 PM,RTD,CLUZ,03LUMBSOL_G01,G,7/25/2026 3:06:00 PM,7/25/2026 3:10:00 PM,MIN_OPERATING_MW,30,
7/25/2026 3:05:00 PM,RTD,CLUZ,03LUNSOL_G01,G,7/25/2026 3:01:00 PM,7/25/2026 3:05:00 PM,MAX_OPERATING_MW,15.94,
7/25/2026 3:05:00 PM,RTD,CLUZ,03LUNSOL_G01,G,7/25/2026 3:01:00 PM,7/25/2026 3:05:00 PM,MIN_OPERATING_MW,15.94,
7/25/2026 3:05:00 PM,RTD,CLUZ,03LUNSOL_G01,G,7/25/2026 3:06:00 PM,7/25/2026 3:10:00 PM,MAX_OPERATING_MW,15.37,
7/25/2026 3:05:00 PM,RTD,CLUZ,03LUNSOL_G01,G,7/25/2026 3:06:00 PM,7/25/2026 3:10:00 PM,MIN_OPERATING_MW,15.37,
7/25/2026 3:05:00 PM,RTD,CVIS,06SLYSOL_G02,G,7/25/2026 3:01:00 PM,7/25/2026 4:00:00 PM,MAX_OPERATING_MW,9.22,
7/25/2026 3:05:00 PM,RTD,CVIS,06SLYSOL_G02,G,7/25/2026 3:01:00 PM,7/25/2026 4:00:00 PM,MIN_OPERATING_MW,9.22,
7/25/2026 3:05:00 PM,RTD,CVIS,06SLYSOL_G03,G,7/25/2026 3:01:00 PM,7/25/2026 4:00:00 PM,MAX_OPERATING_MW,9.07,
7/25/2026 3:05:00 PM,RTD,CVIS,06SLYSOL_G03,G,7/25/2026 3:01:00 PM,7/25/2026 4:00:00 PM,MIN_OPERATING_MW,9.07,
7/25/2026 3:05:00 PM,RTD,CMIN,10LIAN_G02,G,7/25/2026 12:05:00 AM,7/25/2026 11:59:00 PM,MAX_OPERATING_MW,6,
7/25/2026 3:05:00 PM,RTD,CMIN,10LIAN_G02,G,7/25/2026 12:05:00 AM,7/25/2026 11:59:00 PM,MIN_OPERATING_MW,3,
7/25/2026 3:05:00 PM,RTD,CMIN,11MALADU_G01,G,7/25/2026 12:01:00 AM,7/26/2026,MAX_OPERATING_MW,9.50,
7/25/2026 3:05:00 PM,RTD,CMIN,11MALADU_G01,G,7/25/2026 12:01:00 AM,7/26/2026,MIN_OPERATING_MW,9.50,
7/25/2026 3:05:00 PM,RTD,CMIN,11MARAMSOL_G01,G,7/25/2026 2:46:00 PM,7/25/2026 6:45:00 PM,MAX_OPERATING_MW,10,
7/25/2026 3:05:00 PM,RTD,CMIN,11MARAMSOL_G01,G,7/25/2026 2:46:00 PM,7/25/2026 6:45:00 PM,MIN_OPERATING_MW,10,
7/25/2026 3:10:00 PM,RTD,CLUZ,01BARBASOL_G01,G,7/25/2026 3:06:00 PM,7/25/2026 3:10:00 PM,MAX_OPERATING_MW,26.38,
7/25/2026 3:10:00 PM,RTD,CLUZ,01BARBASOL_G01,G,7/25/2026 3:06:00 PM,7/25/2026 3:10:00 PM,MIN_OPERATING_MW,26.38,
7/25/2026 3:10:00 PM,RTD,CLUZ,01BARBASOL_G01,G,7/25/2026 3:11:00 PM,7/25/2026 3:15:00 PM,MAX_OPERATING_MW,25.60,
7/25/2026 3:10:00 PM,RTD,CLUZ,01BARBASOL_G01,G,7/25/2026 3:11:00 PM,7/25/2026 3:15:00 PM,MIN_OPERATING_MW,25.60,
7/25/2026 3:10:00 PM,RTD,CLUZ,01BUGSOL_G01,G,7/25/2026 3:06:00 PM,7/25/2026 3:10:00 PM,MAX_OPERATING_MW,70,
7/25/2026 3:10:00 PM,RTD,CLUZ,01BUGSOL_G01,G,7/25/2026 3:06:00 PM,7/25/2026 3:10:00 PM,MIN_OPERATING_MW,70,
7/25/2026 3:10:00 PM,RTD,CLUZ,01BUGSOL_G01,G,7/25/2026 3:11:00 PM,7/25/2026 3:15:00 PM,MAX_OPERATING_MW,70,
7/25/2026 3:10:00 PM,RTD,CLUZ,01BUGSOL_G01,G,7/25/2026 3:11:00 PM,7/25/2026 3:15:00 PM,MIN_OPERATING_MW,70,
7/25/2026 3:10:00 PM,RTD,CLUZ,01BULACSOL_G01,G,7/25/2026 3:01:00 PM,7/25/2026 4:00:00 PM,MAX_OPERATING_MW,2.28,
7/25/2026 3:10:00 PM,RTD,CLUZ,01BULACSOL_G01,G,7/25/2026 3:01:00 PM,7/25/2026 4:00:00 PM,MIN_OPERATING_MW,2.28,
7/25/2026 3:10:00 PM,RTD,CLUZ,01MSINLO_G04,G,7/25/2026 6:51:00 AM,7/26/2026,MAX_OPERATING_MW,150,
7/25/2026 3:10:00 PM,RTD,CLUZ,01MSINLO_G04,G,7/25/2026 6:51:00 AM,7/26/2026,MIN_OPERATING_MW,150,
7/25/2026 3:10:00 PM,RTD,CLUZ,01PASBUSOL_G01,G,7/25/2026 3:01:00 PM,7/25/2026 4:00:00 PM,MAX_OPERATING_MW,12.61,
7/25/2026 3:10:00 PM,RTD,CLUZ,01PASBUSOL_G01,G,7/25/2026 3:01:00 PM,7/25/2026 4:00:00 PM,MIN_OPERATING_MW,12.61,
7/25/2026 3:10:00 PM,RTD,CLUZ,01TERRASOL_G01,G,7/25/2026 3:06:00 PM,7/25/2026 4:45:00 PM,MAX_OPERATING_MW,300,
7/25/2026 3:10:00 PM,RTD,CLUZ,01TERRASOL_G01,G,7/25/2026 3:06:00 PM,7/25/2026 4:45:00 PM,MIN_OPERATING_MW,300,
7/25/2026 3:10:00 PM,RTD,CLUZ,03ALMNOS_BAT1,G,7/25/2026 12:01:00 PM,7/25/2026 4:00:00 PM,MAX_OPERATING_MW,0,
7/25/2026 3:10:00 PM,RTD,CLUZ,03ALMNOS_BAT1,G,7/25/2026 12:01:00 PM,7/25/2026 4:00:00 PM,MIN_OPERATING_MW,0,
7/25/2026 3:10:00 PM,RTD,CLUZ,03LUMBSOL_G01,G,7/25/2026 3:06:00 PM,7/25/2026 3:10:00 PM,MAX_OPERATING_MW,30,
7/25/2026 3:10:00 PM,RTD,CLUZ,03LUMBSOL_G01,G,7/25/2026 3:06:00 PM,7/25/2026 3:10:00 PM,MIN_OPERATING_MW,30,
7/25/2026 3:10:00 PM,RTD,CLUZ,03LUMBSOL_G01,G,7/25/2026 3:11:00 PM,7/25/2026 3:15:00 PM,MAX_OPERATING_MW,30,
7/25/2026 3:10:00 PM,RTD,CLUZ,03LUMBSOL_G01,G,7/25/2026 3:11:00 PM,7/25/2026 3:15:00 PM,MIN_OPERATING_MW,30,
7/25/2026 3:10:00 PM,RTD,CLUZ,03LUNSOL_G01,G,7/25/2026 3:06:00 PM,7/25/2026 3:10:00 PM,MAX_OPERATING_MW,15.37,
7/25/2026 3:10:00 PM,RTD,CLUZ,03LUNSOL_G01,G,7/25/2026 3:06:00 PM,7/25/2026 3:10:00 PM,MIN_OPERATING_MW,15.37,
7/25/2026 3:10:00 PM,RTD,CLUZ,03LUNSOL_G01,G,7/25/2026 3:11:00 PM,7/25/2026 3:15:00 PM,MAX_OPERATING_MW,14.80,
7/25/2026 3:10:00 PM,RTD,CLUZ,03LUNSOL_G01,G,7/25/2026 3:11:00 PM,7/25/2026 3:15:00 PM,MIN_OPERATING_MW,14.80,
7/25/2026 3:10:00 PM,RTD,CVIS,06SLYSOL_G02,G,7/25/2026 3:01:00 PM,7/25/2026 4:00:00 PM,MAX_OPERATING_MW,9.22,
7/25/2026 3:10:00 PM,RTD,CVIS,06SLYSOL_G02,G,7/25/2026 3:01:00 PM,7/25/2026 4:00:00 PM,MIN_OPERATING_MW,9.22,
7/25/2026 3:10:00 PM,RTD,CVIS,06SLYSOL_G03,G,7/25/2026 3:01:00 PM,7/25/2026 4:00:00 PM,MAX_OPERATING_MW,9.07,
7/25/2026 3:10:00 PM,RTD,CVIS,06SLYSOL_G03,G,7/25/2026 3:01:00 PM,7/25/2026 4:00:00 PM,MIN_OPERATING_MW,9.07,
7/25/2026 3:10:00 PM,RTD,CMIN,10LIAN_G02,G,7/25/2026 12:05:00 AM,7/25/2026 11:59:00 PM,MAX_OPERATING_MW,6,
7/25/2026 3:10:00 PM,RTD,CMIN,10LIAN_G02,G,7/25/2026 12:05:00 AM,7/25/2026 11:59:00 PM,MIN_OPERATING_MW,3,
7/25/2026 3:10:00 PM,RTD,CMIN,11MALADU_G01,G,7/25/2026 12:01:00 AM,7/26/2026,MAX_OPERATING_MW,9.50,
7/25/2026 3:10:00 PM,RTD,CMIN,11MALADU_G01,G,7/25/2026 12:01:00 AM,7/26/2026,MIN_OPERATING_MW,9.50,
7/25/2026 3:10:00 PM,RTD,CMIN,11MARAMSOL_G01,G,7/25/2026 2:46:00 PM,7/25/2026 6:45:00 PM,MAX_OPERATING_MW,10,
7/25/2026 3:10:00 PM,RTD,CMIN,11MARAMSOL_G01,G,7/25/2026 2:46:00 PM,7/25/2026 6:45:00 PM,MIN_OPERATING_MW,10,
7/25/2026 3:15:00 PM,RTD,CLUZ,01BARBASOL_G01,G,7/25/2026 3:11:00 PM,7/25/2026 3:15:00 PM,MAX_OPERATING_MW,25.60,
7/25/2026 3:15:00 PM,RTD,CLUZ,01BARBASOL_G01,G,7/25/2026 3:11:00 PM,7/25/2026 3:15:00 PM,MIN_OPERATING_MW,25.60,
7/25/2026 3:15:00 PM,RTD,CLUZ,01BARBASOL_G01,G,7/25/2026 3:16:00 PM,7/25/2026 3:20:00 PM,MAX_OPERATING_MW,24.84,
7/25/2026 3:15:00 PM,RTD,CLUZ,01BARBASOL_G01,G,7/25/2026 3:16:00 PM,7/25/2026 3:20:00 PM,MIN_OPERATING_MW,24.84,
7/25/2026 3:15:00 PM,RTD,CLUZ,01BUGSOL_G01,G,7/25/2026 3:11:00 PM,7/25/2026 3:15:00 PM,MAX_OPERATING_MW,70,
7/25/2026 3:15:00 PM,RTD,CLUZ,01BUGSOL_G01,G,7/25/2026 3:11:00 PM,7/25/2026 3:15:00 PM,MIN_OPERATING_MW,70,
7/25/2026 3:15:00 PM,RTD,CLUZ,01BUGSOL_G01,G,7/25/2026 3:16:00 PM,7/25/2026 3:20:00 PM,MAX_OPERATING_MW,70,
7/25/2026 3:15:00 PM,RTD,CLUZ,01BUGSOL_G01,G,7/25/2026 3:16:00 PM,7/25/2026 3:20:00 PM,MIN_OPERATING_MW,70,
7/25/2026 3:15:00 PM,RTD,CLUZ,01BULACSOL_G01,G,7/25/2026 3:01:00 PM,7/25/2026 4:00:00 PM,MAX_OPERATING_MW,2.28,
7/25/2026 3:15:00 PM,RTD,CLUZ,01BULACSOL_G01,G,7/25/2026 3:01:00 PM,7/25/2026 4:00:00 PM,MIN_OPERATING_MW,2.28,
7/25/2026 3:15:00 PM,RTD,CLUZ,01MSINLO_G04,G,7/25/2026 6:51:00 AM,7/26/2026,MAX_OPERATING_MW,150,
7/25/2026 3:15:00 PM,RTD,CLUZ,01MSINLO_G04,G,7/25/2026 6:51:00 AM,7/26/2026,MIN_OPERATING_MW,150,
7/25/2026 3:15:00 PM,RTD,CLUZ,01PASBUSOL_G01,G,7/25/2026 3:01:00 PM,7/25/2026 4:00:00 PM,MAX_OPERATING_MW,12.61,
7/25/2026 3:15:00 PM,RTD,CLUZ,01PASBUSOL_G01,G,7/25/2026 3:01:00 PM,7/25/2026 4:00:00 PM,MIN_OPERATING_MW,12.61,
7/25/2026 3:15:00 PM,RTD,CLUZ,01TERRASOL_G01,G,7/25/2026 3:06:00 PM,7/25/2026 4:45:00 PM,MAX_OPERATING_MW,300,
7/25/2026 3:15:00 PM,RTD,CLUZ,01TERRASOL_G01,G,7/25/2026 3:06:00 PM,7/25/2026 4:45:00 PM,MIN_OPERATING_MW,300,
7/25/2026 3:15:00 PM,RTD,CLUZ,03ALMNOS_BAT1,G,7/25/2026 12:01:00 PM,7/25/2026 4:00:00 PM,MAX_OPERATING_MW,0,
7/25/2026 3:15:00 PM,RTD,CLUZ,03ALMNOS_BAT1,G,7/25/2026 12:01:00 PM,7/25/2026 4:00:00 PM,MIN_OPERATING_MW,0,
7/25/2026 3:15:00 PM,RTD,CLUZ,03LUMBSOL_G01,G,7/25/2026 3:11:00 PM,7/25/2026 3:15:00 PM,MAX_OPERATING_MW,30,
7/25/2026 3:15:00 PM,RTD,CLUZ,03LUMBSOL_G01,G,7/25/2026 3:11:00 PM,7/25/2026 3:15:00 PM,MIN_OPERATING_MW,30,
7/25/2026 3:15:00 PM,RTD,CLUZ,03LUMBSOL_G01,G,7/25/2026 3:16:00 PM,7/25/2026 3:20:00 PM,MAX_OPERATING_MW,30,
7/25/2026 3:15:00 PM,RTD,CLUZ,03LUMBSOL_G01,G,7/25/2026 3:16:00 PM,7/25/2026 3:20:00 PM,MIN_OPERATING_MW,30,
7/25/2026 3:15:00 PM,RTD,CLUZ,03LUNSOL_G01,G,7/25/2026 3:11:00 PM,7/25/2026 3:15:00 PM,MAX_OPERATING_MW,14.80,
7/25/2026 3:15:00 PM,RTD,CLUZ,03LUNSOL_G01,G,7/25/2026 3:11:00 PM,7/25/2026 3:15:00 PM,MIN_OPERATING_MW,14.80,
7/25/2026 3:15:00 PM,RTD,CLUZ,03LUNSOL_G01,G,7/25/2026 3:16:00 PM,7/25/2026 3:20:00 PM,MAX_OPERATING_MW,14.23,
7/25/2026 3:15:00 PM,RTD,CLUZ,03LUNSOL_G01,G,7/25/2026 3:16:00 PM,7/25/2026 3:20:00 PM,MIN_OPERATING_MW,14.23,
7/25/2026 3:15:00 PM,RTD,CVIS,06SLYSOL_G02,G,7/25/2026 3:01:00 PM,7/25/2026 4:00:00 PM,MAX_OPERATING_MW,9.22,
7/25/2026 3:15:00 PM,RTD,CVIS,06SLYSOL_G02,G,7/25/2026 3:01:00 PM,7/25/2026 4:00:00 PM,MIN_OPERATING_MW,9.22,
7/25/2026 3:15:00 PM,RTD,CVIS,06SLYSOL_G03,G,7/25/2026 3:01:00 PM,7/25/2026 4:00:00 PM,MAX_OPERATING_MW,9.07,
7/25/2026 3:15:00 PM,RTD,CVIS,06SLYSOL_G03,G,7/25/2026 3:01:00 PM,7/25/2026 4:00:00 PM,MIN_OPERATING_MW,9.07,
7/25/2026 3:15:00 PM,RTD,CMIN,10LIAN_G02,G,7/25/2026 12:05:00 AM,7/25/2026 11:59:00 PM,MAX_OPERATING_MW,6,
7/25/2026 3:15:00 PM,RTD,CMIN,10LIAN_G02,G,7/25/2026 12:05:00 AM,7/25/2026 11:59:00 PM,MIN_OPERATING_MW,3,
7/25/2026 3:15:00 PM,RTD,CMIN,11MALADU_G01,G,7/25/2026 12:01:00 AM,7/26/2026,MAX_OPERATING_MW,9.50,
7/25/2026 3:15:00 PM,RTD,CMIN,11MALADU_G01,G,7/25/2026 12:01:00 AM,7/26/2026,MIN_OPERATING_MW,9.50,
7/25/2026 3:15:00 PM,RTD,CMIN,11MARAMSOL_G01,G,7/25/2026 2:46:00 PM,7/25/2026 6:45:00 PM,MAX_OPERATING_MW,10,
7/25/2026 3:15:00 PM,RTD,CMIN,11MARAMSOL_G01,G,7/25/2026 2:46:00 PM,7/25/2026 6:45:00 PM,MIN_OPERATING_MW,10,
7/25/2026 3:20:00 PM,RTD,CLUZ,01BARBASOL_G01,G,7/25/2026 3:16:00 PM,7/25/2026 3:20:00 PM,MAX_OPERATING_MW,24.84,
7/25/2026 3:20:00 PM,RTD,CLUZ,01BARBASOL_G01,G,7/25/2026 3:16:00 PM,7/25/2026 3:20:00 PM,MIN_OPERATING_MW,24.84,
7/25/2026 3:20:00 PM,RTD,CLUZ,01BARBASOL_G01,G,7/25/2026 3:21:00 PM,7/25/2026 3:25:00 PM,MAX_OPERATING_MW,24.12,
7/25/2026 3:20:00 PM,RTD,CLUZ,01BARBASOL_G01,G,7/25/2026 3:21:00 PM,7/25/2026 3:25:00 PM,MIN_OPERATING_MW,24.12,
7/25/2026 3:20:00 PM,RTD,CLUZ,01BUGSOL_G01,G,7/25/2026 3:16:00 PM,7/25/2026 3:20:00 PM,MAX_OPERATING_MW,70,
7/25/2026 3:20:00 PM,RTD,CLUZ,01BUGSOL_G01,G,7/25/2026 3:16:00 PM,7/25/2026 3:20:00 PM,MIN_OPERATING_MW,70,
7/25/2026 3:20:00 PM,RTD,CLUZ,01BUGSOL_G01,G,7/25/2026 3:21:00 PM,7/25/2026 3:25:00 PM,MAX_OPERATING_MW,70,
7/25/2026 3:20:00 PM,RTD,CLUZ,01BUGSOL_G01,G,7/25/2026 3:21:00 PM,7/25/2026 3:25:00 PM,MIN_OPERATING_MW,70,
7/25/2026 3:20:00 PM,RTD,CLUZ,01BULACSOL_G01,G,7/25/2026 3:01:00 PM,7/25/2026 4:00:00 PM,MAX_OPERATING_MW,2.28,
7/25/2026 3:20:00 PM,RTD,CLUZ,01BULACSOL_G01,G,7/25/2026 3:01:00 PM,7/25/2026 4:00:00 PM,MIN_OPERATING_MW,2.28,
7/25/2026 3:20:00 PM,RTD,CLUZ,01MSINLO_G04,G,7/25/2026 6:51:00 AM,7/26/2026,MAX_OPERATING_MW,150,
7/25/2026 3:20:00 PM,RTD,CLUZ,01MSINLO_G04,G,7/25/2026 6:51:00 AM,7/26/2026,MIN_OPERATING_MW,150,
7/25/2026 3:20:00 PM,RTD,CLUZ,01PASBUSOL_G01,G,7/25/2026 3:01:00 PM,7/25/2026 4:00:00 PM,MAX_OPERATING_MW,12.61,
7/25/2026 3:20:00 PM,RTD,CLUZ,01PASBUSOL_G01,G,7/25/2026 3:01:00 PM,7/25/2026 4:00:00 PM,MIN_OPERATING_MW,12.61,
7/25/2026 3:20:00 PM,RTD,CLUZ,01TERRASOL_G01,G,7/25/2026 3:06:00 PM,7/25/2026 4:45:00 PM,MAX_OPERATING_MW,300,
7/25/2026 3:20:00 PM,RTD,CLUZ,01TERRASOL_G01,G,7/25/2026 3:06:00 PM,7/25/2026 4:45:00 PM,MIN_OPERATING_MW,300,
7/25/2026 3:20:00 PM,RTD,CLUZ,03ALMNOS_BAT1,G,7/25/2026 12:01:00 PM,7/25/2026 4:00:00 PM,MAX_OPERATING_MW,0,
7/25/2026 3:20:00 PM,RTD,CLUZ,03ALMNOS_BAT1,G,7/25/2026 12:01:00 PM,7/25/2026 4:00:00 PM,MIN_OPERATING_MW,0,
7/25/2026 3:20:00 PM,RTD,CLUZ,03LUMBSOL_G01,G,7/25/2026 3:16:00 PM,7/25/2026 3:20:00 PM,MAX_OPERATING_MW,30,
7/25/2026 3:20:00 PM,RTD,CLUZ,03LUMBSOL_G01,G,7/25/2026 3:16:00 PM,7/25/2026 3:20:00 PM,MIN_OPERATING_MW,30,
7/25/2026 3:20:00 PM,RTD,CLUZ,03LUMBSOL_G01,G,7/25/2026 3:21:00 PM,7/25/2026 3:25:00 PM,MAX_OPERATING_MW,30,
7/25/2026 3:20:00 PM,RTD,CLUZ,03LUMBSOL_G01,G,7/25/2026 3:21:00 PM,7/25/2026 3:25:00 PM,MIN_OPERATING_MW,30,
7/25/2026 3:20:00 PM,RTD,CLUZ,03LUNSOL_G01,G,7/25/2026 3:16:00 PM,7/25/2026 3:20:00 PM,MAX_OPERATING_MW,14.23,
7/25/2026 3:20:00 PM,RTD,CLUZ,03LUNSOL_G01,G,7/25/2026 3:16:00 PM,7/25/2026 3:20:00 PM,MIN_OPERATING_MW,14.23,
7/25/2026 3:20:00 PM,RTD,CLUZ,03LUNSOL_G01,G,7/25/2026 3:21:00 PM,7/25/2026 3:25:00 PM,MAX_OPERATING_MW,13.65,
7/25/2026 3:20:00 PM,RTD,CLUZ,03LUNSOL_G01,G,7/25/2026 3:21:00 PM,7/25/2026 3:25:00 PM,MIN_OPERATING_MW,13.65,
7/25/2026 3:20:00 PM,RTD,CVIS,06SLYSOL_G02,G,7/25/2026 3:01:00 PM,7/25/2026 4:00:00 PM,MAX_OPERATING_MW,9.22,
7/25/2026 3:20:00 PM,RTD,CVIS,06SLYSOL_G02,G,7/25/2026 3:01:00 PM,7/25/2026 4:00:00 PM,MIN_OPERATING_MW,9.22,
7/25/2026 3:20:00 PM,RTD,CVIS,06SLYSOL_G03,G,7/25/2026 3:01:00 PM,7/25/2026 4:00:00 PM,MAX_OPERATING_MW,9.07,
7/25/2026 3:20:00 PM,RTD,CVIS,06SLYSOL_G03,G,7/25/2026 3:01:00 PM,7/25/2026 4:00:00 PM,MIN_OPERATING_MW,9.07,
7/25/2026 3:20:00 PM,RTD,CMIN,10LIAN_G02,G,7/25/2026 12:05:00 AM,7/25/2026 11:59:00 PM,MAX_OPERATING_MW,6,
7/25/2026 3:20:00 PM,RTD,CMIN,10LIAN_G02,G,7/25/2026 12:05:00 AM,7/25/2026 11:59:00 PM,MIN_OPERATING_MW,3,
7/25/2026 3:20:00 PM,RTD,CMIN,11MALADU_G01,G,7/25/2026 12:01:00 AM,7/26/2026,MAX_OPERATING_MW,9.50,
7/25/2026 3:20:00 PM,RTD,CMIN,11MALADU_G01,G,7/25/2026 12:01:00 AM,7/26/2026,MIN_OPERATING_MW,9.50,
7/25/2026 3:20:00 PM,RTD,CMIN,11MARAMSOL_G01,G,7/25/2026 2:46:00 PM,7/25/2026 6:45:00 PM,MAX_OPERATING_MW,10,
7/25/2026 3:20:00 PM,RTD,CMIN,11MARAMSOL_G01,G,7/25/2026 2:46:00 PM,7/25/2026 6:45:00 PM,MIN_OPERATING_MW,10,
7/25/2026 3:25:00 PM,RTD,CLUZ,01BARBASOL_G01,G,7/25/2026 3:21:00 PM,7/25/2026 3:25:00 PM,MAX_OPERATING_MW,24.12,
7/25/2026 3:25:00 PM,RTD,CLUZ,01BARBASOL_G01,G,7/25/2026 3:21:00 PM,7/25/2026 3:25:00 PM,MIN_OPERATING_MW,24.12,
7/25/2026 3:25:00 PM,RTD,CLUZ,01BARBASOL_G01,G,7/25/2026 3:26:00 PM,7/25/2026 3:30:00 PM,MAX_OPERATING_MW,23.41,
7/25/2026 3:25:00 PM,RTD,CLUZ,01BARBASOL_G01,G,7/25/2026 3:26:00 PM,7/25/2026 3:30:00 PM,MIN_OPERATING_MW,23.41,
7/25/2026 3:25:00 PM,RTD,CLUZ,01BUGSOL_G01,G,7/25/2026 3:21:00 PM,7/25/2026 3:25:00 PM,MAX_OPERATING_MW,70,
7/25/2026 3:25:00 PM,RTD,CLUZ,01BUGSOL_G01,G,7/25/2026 3:21:00 PM,7/25/2026 3:25:00 PM,MIN_OPERATING_MW,70,
7/25/2026 3:25:00 PM,RTD,CLUZ,01BUGSOL_G01,G,7/25/2026 3:26:00 PM,7/25/2026 3:30:00 PM,MAX_OPERATING_MW,85.80,
7/25/2026 3:25:00 PM,RTD,CLUZ,01BUGSOL_G01,G,7/25/2026 3:26:00 PM,7/25/2026 3:30:00 PM,MIN_OPERATING_MW,85.80,
7/25/2026 3:25:00 PM,RTD,CLUZ,01BULACSOL_G01,G,7/25/2026 3:01:00 PM,7/25/2026 4:00:00 PM,MAX_OPERATING_MW,2.28,
7/25/2026 3:25:00 PM,RTD,CLUZ,01BULACSOL_G01,G,7/25/2026 3:01:00 PM,7/25/2026 4:00:00 PM,MIN_OPERATING_MW,2.28,
7/25/2026 3:25:00 PM,RTD,CLUZ,01MSINLO_G04,G,7/25/2026 6:51:00 AM,7/26/2026,MAX_OPERATING_MW,150,
7/25/2026 3:25:00 PM,RTD,CLUZ,01MSINLO_G04,G,7/25/2026 6:51:00 AM,7/26/2026,MIN_OPERATING_MW,150,
7/25/2026 3:25:00 PM,RTD,CLUZ,01PASBUSOL_G01,G,7/25/2026 3:01:00 PM,7/25/2026 4:00:00 PM,MAX_OPERATING_MW,12.61,
7/25/2026 3:25:00 PM,RTD,CLUZ,01PASBUSOL_G01,G,7/25/2026 3:01:00 PM,7/25/2026 4:00:00 PM,MIN_OPERATING_MW,12.61,
7/25/2026 3:25:00 PM,RTD,CLUZ,01TERRASOL_G01,G,7/25/2026 3:06:00 PM,7/25/2026 4:45:00 PM,MAX_OPERATING_MW,300,
7/25/2026 3:25:00 PM,RTD,CLUZ,01TERRASOL_G01,G,7/25/2026 3:06:00 PM,7/25/2026 4:45:00 PM,MIN_OPERATING_MW,300,
7/25/2026 3:25:00 PM,RTD,CLUZ,03ALMNOS_BAT1,G,7/25/2026 12:01:00 PM,7/25/2026 4:00:00 PM,MAX_OPERATING_MW,0,
7/25/2026 3:25:00 PM,RTD,CLUZ,03ALMNOS_BAT1,G,7/25/2026 12:01:00 PM,7/25/2026 4:00:00 PM,MIN_OPERATING_MW,0,
7/25/2026 3:25:00 PM,RTD,CLUZ,03LUMBSOL_G01,G,7/25/2026 3:21:00 PM,7/25/2026 3:25:00 PM,MAX_OPERATING_MW,30,
7/25/2026 3:25:00 PM,RTD,CLUZ,03LUMBSOL_G01,G,7/25/2026 3:21:00 PM,7/25/2026 3:25:00 PM,MIN_OPERATING_MW,30,
7/25/2026 3:25:00 PM,RTD,CLUZ,03LUMBSOL_G01,G,7/25/2026 3:26:00 PM,7/25/2026 3:30:00 PM,MAX_OPERATING_MW,30,
7/25/2026 3:25:00 PM,RTD,CLUZ,03LUMBSOL_G01,G,7/25/2026 3:26:00 PM,7/25/2026 3:30:00 PM,MIN_OPERATING_MW,30,
7/25/2026 3:25:00 PM,RTD,CLUZ,03LUNSOL_G01,G,7/25/2026 3:21:00 PM,7/25/2026 3:25:00 PM,MAX_OPERATING_MW,13.65,
7/25/2026 3:25:00 PM,RTD,CLUZ,03LUNSOL_G01,G,7/25/2026 3:21:00 PM,7/25/2026 3:25:00 PM,MIN_OPERATING_MW,13.65,
7/25/2026 3:25:00 PM,RTD,CLUZ,03LUNSOL_G01,G,7/25/2026 3:26:00 PM,7/25/2026 3:30:00 PM,MAX_OPERATING_MW,13.07,
7/25/2026 3:25:00 PM,RTD,CLUZ,03LUNSOL_G01,G,7/25/2026 3:26:00 PM,7/25/2026 3:30:00 PM,MIN_OPERATING_MW,13.07,
7/25/2026 3:25:00 PM,RTD,CVIS,06SLYSOL_G02,G,7/25/2026 3:01:00 PM,7/25/2026 4:00:00 PM,MAX_OPERATING_MW,9.22,
7/25/2026 3:25:00 PM,RTD,CVIS,06SLYSOL_G02,G,7/25/2026 3:01:00 PM,7/25/2026 4:00:00 PM,MIN_OPERATING_MW,9.22,
7/25/2026 3:25:00 PM,RTD,CVIS,06SLYSOL_G03,G,7/25/2026 3:01:00 PM,7/25/2026 4:00:00 PM,MAX_OPERATING_MW,9.07,
7/25/2026 3:25:00 PM,RTD,CVIS,06SLYSOL_G03,G,7/25/2026 3:01:00 PM,7/25/2026 4:00:00 PM,MIN_OPERATING_MW,9.07,
7/25/2026 3:25:00 PM,RTD,CMIN,10LIAN_G02,G,7/25/2026 12:05:00 AM,7/25/2026 11:59:00 PM,MAX_OPERATING_MW,6,
7/25/2026 3:25:00 PM,RTD,CMIN,10LIAN_G02,G,7/25/2026 12:05:00 AM,7/25/2026 11:59:00 PM,MIN_OPERATING_MW,3,
7/25/2026 3:25:00 PM,RTD,CMIN,11MALADU_G01,G,7/25/2026 12:01:00 AM,7/26/2026,MAX_OPERATING_MW,9.50,
7/25/2026 3:25:00 PM,RTD,CMIN,11MALADU_G01,G,7/25/2026 12:01:00 AM,7/26/2026,MIN_OPERATING_MW,9.50,
7/25/2026 3:25:00 PM,RTD,CMIN,11MARAMSOL_G01,G,7/25/2026 2:46:00 PM,7/25/2026 6:45:00 PM,MAX_OPERATING_MW,10,
7/25/2026 3:25:00 PM,RTD,CMIN,11MARAMSOL_G01,G,7/25/2026 2:46:00 PM,7/25/2026 6:45:00 PM,MIN_OPERATING_MW,10,
7/25/2026 3:30:00 PM,RTD,CLUZ,01BARBASOL_G01,G,7/25/2026 3:26:00 PM,7/25/2026 3:30:00 PM,MAX_OPERATING_MW,23.41,
7/25/2026 3:30:00 PM,RTD,CLUZ,01BARBASOL_G01,G,7/25/2026 3:26:00 PM,7/25/2026 3:30:00 PM,MIN_OPERATING_MW,23.41,
7/25/2026 3:30:00 PM,RTD,CLUZ,01BARBASOL_G01,G,7/25/2026 3:31:00 PM,7/25/2026 3:35:00 PM,MAX_OPERATING_MW,22.71,
7/25/2026 3:30:00 PM,RTD,CLUZ,01BARBASOL_G01,G,7/25/2026 3:31:00 PM,7/25/2026 3:35:00 PM,MIN_OPERATING_MW,22.71,
7/25/2026 3:30:00 PM,RTD,CLUZ,01BUGSOL_G01,G,7/25/2026 3:26:00 PM,7/25/2026 3:30:00 PM,MAX_OPERATING_MW,85.80,
7/25/2026 3:30:00 PM,RTD,CLUZ,01BUGSOL_G01,G,7/25/2026 3:26:00 PM,7/25/2026 3:30:00 PM,MIN_OPERATING_MW,85.80,
7/25/2026 3:30:00 PM,RTD,CLUZ,01BUGSOL_G01,G,7/25/2026 3:31:00 PM,7/25/2026 3:35:00 PM,MAX_OPERATING_MW,83.93,
7/25/2026 3:30:00 PM,RTD,CLUZ,01BUGSOL_G01,G,7/25/2026 3:31:00 PM,7/25/2026 3:35:00 PM,MIN_OPERATING_MW,83.93,
7/25/2026 3:30:00 PM,RTD,CLUZ,01BULACSOL_G01,G,7/25/2026 3:01:00 PM,7/25/2026 4:00:00 PM,MAX_OPERATING_MW,2.28,
7/25/2026 3:30:00 PM,RTD,CLUZ,01BULACSOL_G01,G,7/25/2026 3:01:00 PM,7/25/2026 4:00:00 PM,MIN_OPERATING_MW,2.28,
7/25/2026 3:30:00 PM,RTD,CLUZ,01MSINLO_G04,G,7/25/2026 6:51:00 AM,7/26/2026,MAX_OPERATING_MW,150,
7/25/2026 3:30:00 PM,RTD,CLUZ,01MSINLO_G04,G,7/25/2026 6:51:00 AM,7/26/2026,MIN_OPERATING_MW,150,
7/25/2026 3:30:00 PM,RTD,CLUZ,01PASBUSOL_G01,G,7/25/2026 3:01:00 PM,7/25/2026 4:00:00 PM,MAX_OPERATING_MW,12.61,
7/25/2026 3:30:00 PM,RTD,CLUZ,01PASBUSOL_G01,G,7/25/2026 3:01:00 PM,7/25/2026 4:00:00 PM,MIN_OPERATING_MW,12.61,
7/25/2026 3:30:00 PM,RTD,CLUZ,01TERRASOL_G01,G,7/25/2026 3:06:00 PM,7/25/2026 4:45:00 PM,MAX_OPERATING_MW,300,
7/25/2026 3:30:00 PM,RTD,CLUZ,01TERRASOL_G01,G,7/25/2026 3:06:00 PM,7/25/2026 4:45:00 PM,MIN_OPERATING_MW,300,
7/25/2026 3:30:00 PM,RTD,CLUZ,03ALMNOS_BAT1,G,7/25/2026 12:01:00 PM,7/25/2026 4:00:00 PM,MAX_OPERATING_MW,0,
7/25/2026 3:30:00 PM,RTD,CLUZ,03ALMNOS_BAT1,G,7/25/2026 12:01:00 PM,7/25/2026 4:00:00 PM,MIN_OPERATING_MW,0,
7/25/2026 3:30:00 PM,RTD,CLUZ,03LUMBSOL_G01,G,7/25/2026 3:26:00 PM,7/25/2026 3:30:00 PM,MAX_OPERATING_MW,30,
7/25/2026 3:30:00 PM,RTD,CLUZ,03LUMBSOL_G01,G,7/25/2026 3:26:00 PM,7/25/2026 3:30:00 PM,MIN_OPERATING_MW,30,
7/25/2026 3:30:00 PM,RTD,CLUZ,03LUMBSOL_G01,G,7/25/2026 3:31:00 PM,7/25/2026 3:35:00 PM,MAX_OPERATING_MW,30,
7/25/2026 3:30:00 PM,RTD,CLUZ,03LUMBSOL_G01,G,7/25/2026 3:31:00 PM,7/25/2026 3:35:00 PM,MIN_OPERATING_MW,30,
7/25/2026 3:30:00 PM,RTD,CLUZ,03LUNSOL_G01,G,7/25/2026 3:26:00 PM,7/25/2026 3:30:00 PM,MAX_OPERATING_MW,13.07,
7/25/2026 3:30:00 PM,RTD,CLUZ,03LUNSOL_G01,G,7/25/2026 3:26:00 PM,7/25/2026 3:30:00 PM,MIN_OPERATING_MW,13.07,
7/25/2026 3:30:00 PM,RTD,CLUZ,03LUNSOL_G01,G,7/25/2026 3:31:00 PM,7/25/2026 3:35:00 PM,MAX_OPERATING_MW,12.48,
7/25/2026 3:30:00 PM,RTD,CLUZ,03LUNSOL_G01,G,7/25/2026 3:31:00 PM,7/25/2026 3:35:00 PM,MIN_OPERATING_MW,12.48,
7/25/2026 3:30:00 PM,RTD,CVIS,06SLYSOL_G02,G,7/25/2026 3:01:00 PM,7/25/2026 4:00:00 PM,MAX_OPERATING_MW,9.22,
7/25/2026 3:30:00 PM,RTD,CVIS,06SLYSOL_G02,G,7/25/2026 3:01:00 PM,7/25/2026 4:00:00 PM,MIN_OPERATING_MW,9.22,
7/25/2026 3:30:00 PM,RTD,CVIS,06SLYSOL_G03,G,7/25/2026 3:01:00 PM,7/25/2026 4:00:00 PM,MAX_OPERATING_MW,9.07,
7/25/2026 3:30:00 PM,RTD,CVIS,06SLYSOL_G03,G,7/25/2026 3:01:00 PM,7/25/2026 4:00:00 PM,MIN_OPERATING_MW,9.07,
7/25/2026 3:30:00 PM,RTD,CMIN,10LIAN_G02,G,7/25/2026 12:05:00 AM,7/25/2026 11:59:00 PM,MAX_OPERATING_MW,6,
7/25/2026 3:30:00 PM,RTD,CMIN,10LIAN_G02,G,7/25/2026 12:05:00 AM,7/25/2026 11:59:00 PM,MIN_OPERATING_MW,3,
7/25/2026 3:30:00 PM,RTD,CMIN,11MALADU_G01,G,7/25/2026 12:01:00 AM,7/26/2026,MAX_OPERATING_MW,9.50,
7/25/2026 3:30:00 PM,RTD,CMIN,11MALADU_G01,G,7/25/2026 12:01:00 AM,7/26/2026,MIN_OPERATING_MW,9.50,
7/25/2026 3:30:00 PM,RTD,CMIN,11MARAMSOL_G01,G,7/25/2026 2:46:00 PM,7/25/2026 6:45:00 PM,MAX_OPERATING_MW,10,
7/25/2026 3:30:00 PM,RTD,CMIN,11MARAMSOL_G01,G,7/25/2026 2:46:00 PM,7/25/2026 6:45:00 PM,MIN_OPERATING_MW,10,
7/25/2026 3:35:00 PM,RTD,CLUZ,01BARBASOL_G01,G,7/25/2026 3:31:00 PM,7/25/2026 3:35:00 PM,MAX_OPERATING_MW,22.71,
7/25/2026 3:35:00 PM,RTD,CLUZ,01BARBASOL_G01,G,7/25/2026 3:31:00 PM,7/25/2026 3:35:00 PM,MIN_OPERATING_MW,22.71,
7/25/2026 3:35:00 PM,RTD,CLUZ,01BARBASOL_G01,G,7/25/2026 3:36:00 PM,7/25/2026 3:40:00 PM,MAX_OPERATING_MW,22.02,
7/25/2026 3:35:00 PM,RTD,CLUZ,01BARBASOL_G01,G,7/25/2026 3:36:00 PM,7/25/2026 3:40:00 PM,MIN_OPERATING_MW,22.02,
7/25/2026 3:35:00 PM,RTD,CLUZ,01BUGSOL_G01,G,7/25/2026 3:31:00 PM,7/25/2026 3:35:00 PM,MAX_OPERATING_MW,83.93,
7/25/2026 3:35:00 PM,RTD,CLUZ,01BUGSOL_G01,G,7/25/2026 3:31:00 PM,7/25/2026 3:35:00 PM,MIN_OPERATING_MW,83.93,
7/25/2026 3:35:00 PM,RTD,CLUZ,01BUGSOL_G01,G,7/25/2026 3:36:00 PM,7/25/2026 3:40:00 PM,MAX_OPERATING_MW,83.86,
7/25/2026 3:35:00 PM,RTD,CLUZ,01BUGSOL_G01,G,7/25/2026 3:36:00 PM,7/25/2026 3:40:00 PM,MIN_OPERATING_MW,83.86,
7/25/2026 3:35:00 PM,RTD,CLUZ,01BULACSOL_G01,G,7/25/2026 3:01:00 PM,7/25/2026 4:00:00 PM,MAX_OPERATING_MW,2.28,
7/25/2026 3:35:00 PM,RTD,CLUZ,01BULACSOL_G01,G,7/25/2026 3:01:00 PM,7/25/2026 4:00:00 PM,MIN_OPERATING_MW,2.28,
7/25/2026 3:35:00 PM,RTD,CLUZ,01MSINLO_G04,G,7/25/2026 6:51:00 AM,7/26/2026,MAX_OPERATING_MW,150,
7/25/2026 3:35:00 PM,RTD,CLUZ,01MSINLO_G04,G,7/25/2026 6:51:00 AM,7/26/2026,MIN_OPERATING_MW,150,
7/25/2026 3:35:00 PM,RTD,CLUZ,01PASBUSOL_G01,G,7/25/2026 3:01:00 PM,7/25/2026 4:00:00 PM,MAX_OPERATING_MW,12.61,
7/25/2026 3:35:00 PM,RTD,CLUZ,01PASBUSOL_G01,G,7/25/2026 3:01:00 PM,7/25/2026 4:00:00 PM,MIN_OPERATING_MW,12.61,
7/25/2026 3:35:00 PM,RTD,CLUZ,01TERRASOL_G01,G,7/25/2026 3:06:00 PM,7/25/2026 4:45:00 PM,MAX_OPERATING_MW,300,
7/25/2026 3:35:00 PM,RTD,CLUZ,01TERRASOL_G01,G,7/25/2026 3:06:00 PM,7/25/2026 4:45:00 PM,MIN_OPERATING_MW,300,
7/25/2026 3:35:00 PM,RTD,CLUZ,03ALMNOS_BAT1,G,7/25/2026 12:01:00 PM,7/25/2026 4:00:00 PM,MAX_OPERATING_MW,0,
7/25/2026 3:35:00 PM,RTD,CLUZ,03ALMNOS_BAT1,G,7/25/2026 12:01:00 PM,7/25/2026 4:00:00 PM,MIN_OPERATING_MW,0,
7/25/2026 3:35:00 PM,RTD,CLUZ,03LUMBSOL_G01,G,7/25/2026 3:31:00 PM,7/25/2026 3:35:00 PM,MAX_OPERATING_MW,30,
7/25/2026 3:35:00 PM,RTD,CLUZ,03LUMBSOL_G01,G,7/25/2026 3:31:00 PM,7/25/2026 3:35:00 PM,MIN_OPERATING_MW,30,
7/25/2026 3:35:00 PM,RTD,CLUZ,03LUMBSOL_G01,G,7/25/2026 3:36:00 PM,7/25/2026 3:40:00 PM,MAX_OPERATING_MW,30,
7/25/2026 3:35:00 PM,RTD,CLUZ,03LUMBSOL_G01,G,7/25/2026 3:36:00 PM,7/25/2026 3:40:00 PM,MIN_OPERATING_MW,30,
7/25/2026 3:35:00 PM,RTD,CLUZ,03LUNSOL_G01,G,7/25/2026 3:31:00 PM,7/25/2026 3:35:00 PM,MAX_OPERATING_MW,12.48,
7/25/2026 3:35:00 PM,RTD,CLUZ,03LUNSOL_G01,G,7/25/2026 3:31:00 PM,7/25/2026 3:35:00 PM,MIN_OPERATING_MW,12.48,
7/25/2026 3:35:00 PM,RTD,CLUZ,03LUNSOL_G01,G,7/25/2026 3:36:00 PM,7/25/2026 3:40:00 PM,MAX_OPERATING_MW,11.89,
7/25/2026 3:35:00 PM,RTD,CLUZ,03LUNSOL_G01,G,7/25/2026 3:36:00 PM,7/25/2026 3:40:00 PM,MIN_OPERATING_MW,11.89,
7/25/2026 3:35:00 PM,RTD,CVIS,06SLYSOL_G02,G,7/25/2026 3:01:00 PM,7/25/2026 4:00:00 PM,MAX_OPERATING_MW,9.22,
7/25/2026 3:35:00 PM,RTD,CVIS,06SLYSOL_G02,G,7/25/2026 3:01:00 PM,7/25/2026 4:00:00 PM,MIN_OPERATING_MW,9.22,
7/25/2026 3:35:00 PM,RTD,CVIS,06SLYSOL_G03,G,7/25/2026 3:01:00 PM,7/25/2026 4:00:00 PM,MAX_OPERATING_MW,9.07,
7/25/2026 3:35:00 PM,RTD,CVIS,06SLYSOL_G03,G,7/25/2026 3:01:00 PM,7/25/2026 4:00:00 PM,MIN_OPERATING_MW,9.07,
7/25/2026 3:35:00 PM,RTD,CMIN,10LIAN_G02,G,7/25/2026 12:05:00 AM,7/25/2026 11:59:00 PM,MAX_OPERATING_MW,6,
7/25/2026 3:35:00 PM,RTD,CMIN,10LIAN_G02,G,7/25/2026 12:05:00 AM,7/25/2026 11:59:00 PM,MIN_OPERATING_MW,3,
7/25/2026 3:35:00 PM,RTD,CMIN,11MALADU_G01,G,7/25/2026 12:01:00 AM,7/26/2026,MAX_OPERATING_MW,9.50,
7/25/2026 3:35:00 PM,RTD,CMIN,11MALADU_G01,G,7/25/2026 12:01:00 AM,7/26/2026,MIN_OPERATING_MW,9.50,
7/25/2026 3:35:00 PM,RTD,CMIN,11MARAMSOL_G01,G,7/25/2026 2:46:00 PM,7/25/2026 6:45:00 PM,MAX_OPERATING_MW,10,
7/25/2026 3:35:00 PM,RTD,CMIN,11MARAMSOL_G01,G,7/25/2026 2:46:00 PM,7/25/2026 6:45:00 PM,MIN_OPERATING_MW,10,
7/25/2026 3:40:00 PM,RTD,CLUZ,01BARBASOL_G01,G,7/25/2026 3:36:00 PM,7/25/2026 3:40:00 PM,MAX_OPERATING_MW,22.02,
7/25/2026 3:40:00 PM,RTD,CLUZ,01BARBASOL_G01,G,7/25/2026 3:36:00 PM,7/25/2026 3:40:00 PM,MIN_OPERATING_MW,22.02,
7/25/2026 3:40:00 PM,RTD,CLUZ,01BARBASOL_G01,G,7/25/2026 3:41:00 PM,7/25/2026 3:45:00 PM,MAX_OPERATING_MW,21.31,
7/25/2026 3:40:00 PM,RTD,CLUZ,01BARBASOL_G01,G,7/25/2026 3:41:00 PM,7/25/2026 3:45:00 PM,MIN_OPERATING_MW,21.31,
7/25/2026 3:40:00 PM,RTD,CLUZ,01BUGSOL_G01,G,7/25/2026 3:36:00 PM,7/25/2026 3:40:00 PM,MAX_OPERATING_MW,83.86,
7/25/2026 3:40:00 PM,RTD,CLUZ,01BUGSOL_G01,G,7/25/2026 3:36:00 PM,7/25/2026 3:40:00 PM,MIN_OPERATING_MW,83.86,
7/25/2026 3:40:00 PM,RTD,CLUZ,01BUGSOL_G01,G,7/25/2026 3:41:00 PM,7/25/2026 3:45:00 PM,MAX_OPERATING_MW,77.20,
7/25/2026 3:40:00 PM,RTD,CLUZ,01BUGSOL_G01,G,7/25/2026 3:41:00 PM,7/25/2026 3:45:00 PM,MIN_OPERATING_MW,77.20,
7/25/2026 3:40:00 PM,RTD,CLUZ,01BULACSOL_G01,G,7/25/2026 3:01:00 PM,7/25/2026 4:00:00 PM,MAX_OPERATING_MW,2.28,
7/25/2026 3:40:00 PM,RTD,CLUZ,01BULACSOL_G01,G,7/25/2026 3:01:00 PM,7/25/2026 4:00:00 PM,MIN_OPERATING_MW,2.28,
7/25/2026 3:40:00 PM,RTD,CLUZ,01MSINLO_G04,G,7/25/2026 6:51:00 AM,7/26/2026,MAX_OPERATING_MW,150,
7/25/2026 3:40:00 PM,RTD,CLUZ,01MSINLO_G04,G,7/25/2026 6:51:00 AM,7/26/2026,MIN_OPERATING_MW,150,
7/25/2026 3:40:00 PM,RTD,CLUZ,01PASBUSOL_G01,G,7/25/2026 3:01:00 PM,7/25/2026 4:00:00 PM,MAX_OPERATING_MW,12.61,
7/25/2026 3:40:00 PM,RTD,CLUZ,01PASBUSOL_G01,G,7/25/2026 3:01:00 PM,7/25/2026 4:00:00 PM,MIN_OPERATING_MW,12.61,
7/25/2026 3:40:00 PM,RTD,CLUZ,01TERRASOL_G01,G,7/25/2026 3:06:00 PM,7/25/2026 4:45:00 PM,MAX_OPERATING_MW,300,
7/25/2026 3:40:00 PM,RTD,CLUZ,01TERRASOL_G01,G,7/25/2026 3:06:00 PM,7/25/2026 4:45:00 PM,MIN_OPERATING_MW,300,
7/25/2026 3:40:00 PM,RTD,CLUZ,03ALMNOS_BAT1,G,7/25/2026 12:01:00 PM,7/25/2026 4:00:00 PM,MAX_OPERATING_MW,0,
7/25/2026 3:40:00 PM,RTD,CLUZ,03ALMNOS_BAT1,G,7/25/2026 12:01:00 PM,7/25/2026 4:00:00 PM,MIN_OPERATING_MW,0,
7/25/2026 3:40:00 PM,RTD,CLUZ,03LUMBSOL_G01,G,7/25/2026 3:36:00 PM,7/25/2026 3:40:00 PM,MAX_OPERATING_MW,30,
7/25/2026 3:40:00 PM,RTD,CLUZ,03LUMBSOL_G01,G,7/25/2026 3:36:00 PM,7/25/2026 3:40:00 PM,MIN_OPERATING_MW,30,
7/25/2026 3:40:00 PM,RTD,CLUZ,03LUMBSOL_G01,G,7/25/2026 3:41:00 PM,7/25/2026 3:45:00 PM,MAX_OPERATING_MW,30,
7/25/2026 3:40:00 PM,RTD,CLUZ,03LUMBSOL_G01,G,7/25/2026 3:41:00 PM,7/25/2026 3:45:00 PM,MIN_OPERATING_MW,30,
7/25/2026 3:40:00 PM,RTD,CLUZ,03LUNSOL_G01,G,7/25/2026 3:36:00 PM,7/25/2026 3:40:00 PM,MAX_OPERATING_MW,11.89,
7/25/2026 3:40:00 PM,RTD,CLUZ,03LUNSOL_G01,G,7/25/2026 3:36:00 PM,7/25/2026 3:40:00 PM,MIN_OPERATING_MW,11.89,
7/25/2026 3:40:00 PM,RTD,CLUZ,03LUNSOL_G01,G,7/25/2026 3:41:00 PM,7/25/2026 3:45:00 PM,MAX_OPERATING_MW,11.29,
7/25/2026 3:40:00 PM,RTD,CLUZ,03LUNSOL_G01,G,7/25/2026 3:41:00 PM,7/25/2026 3:45:00 PM,MIN_OPERATING_MW,11.29,
7/25/2026 3:40:00 PM,RTD,CVIS,06SLYSOL_G02,G,7/25/2026 3:01:00 PM,7/25/2026 4:00:00 PM,MAX_OPERATING_MW,9.22,
7/25/2026 3:40:00 PM,RTD,CVIS,06SLYSOL_G02,G,7/25/2026 3:01:00 PM,7/25/2026 4:00:00 PM,MIN_OPERATING_MW,9.22,
7/25/2026 3:40:00 PM,RTD,CVIS,06SLYSOL_G03,G,7/25/2026 3:01:00 PM,7/25/2026 4:00:00 PM,MAX_OPERATING_MW,9.07,
7/25/2026 3:40:00 PM,RTD,CVIS,06SLYSOL_G03,G,7/25/2026 3:01:00 PM,7/25/2026 4:00:00 PM,MIN_OPERATING_MW,9.07,
7/25/2026 3:40:00 PM,RTD,CMIN,10LIAN_G02,G,7/25/2026 12:05:00 AM,7/25/2026 11:59:00 PM,MAX_OPERATING_MW,6,
7/25/2026 3:40:00 PM,RTD,CMIN,10LIAN_G02,G,7/25/2026 12:05:00 AM,7/25/2026 11:59:00 PM,MIN_OPERATING_MW,3,
7/25/2026 3:40:00 PM,RTD,CMIN,11MALADU_G01,G,7/25/2026 12:01:00 AM,7/26/2026,MAX_OPERATING_MW,9.50,
7/25/2026 3:40:00 PM,RTD,CMIN,11MALADU_G01,G,7/25/2026 12:01:00 AM,7/26/2026,MIN_OPERATING_MW,9.50,
7/25/2026 3:40:00 PM,RTD,CMIN,11MARAMSOL_G01,G,7/25/2026 2:46:00 PM,7/25/2026 6:45:00 PM,MAX_OPERATING_MW,10,
7/25/2026 3:40:00 PM,RTD,CMIN,11MARAMSOL_G01,G,7/25/2026 2:46:00 PM,7/25/2026 6:45:00 PM,MIN_OPERATING_MW,10,
7/25/2026 3:45:00 PM,RTD,CLUZ,01BARBASOL_G01,G,7/25/2026 3:41:00 PM,7/25/2026 3:45:00 PM,MAX_OPERATING_MW,21.31,
7/25/2026 3:45:00 PM,RTD,CLUZ,01BARBASOL_G01,G,7/25/2026 3:41:00 PM,7/25/2026 3:45:00 PM,MIN_OPERATING_MW,21.31,
7/25/2026 3:45:00 PM,RTD,CLUZ,01BARBASOL_G01,G,7/25/2026 3:46:00 PM,7/25/2026 3:50:00 PM,MAX_OPERATING_MW,20.60,
7/25/2026 3:45:00 PM,RTD,CLUZ,01BARBASOL_G01,G,7/25/2026 3:46:00 PM,7/25/2026 3:50:00 PM,MIN_OPERATING_MW,20.60,
7/25/2026 3:45:00 PM,RTD,CLUZ,01BUGSOL_G01,G,7/25/2026 3:41:00 PM,7/25/2026 3:45:00 PM,MAX_OPERATING_MW,77.20,
7/25/2026 3:45:00 PM,RTD,CLUZ,01BUGSOL_G01,G,7/25/2026 3:41:00 PM,7/25/2026 3:45:00 PM,MIN_OPERATING_MW,77.20,
7/25/2026 3:45:00 PM,RTD,CLUZ,01BUGSOL_G01,G,7/25/2026 3:46:00 PM,7/25/2026 3:50:00 PM,MAX_OPERATING_MW,67.56,
7/25/2026 3:45:00 PM,RTD,CLUZ,01BUGSOL_G01,G,7/25/2026 3:46:00 PM,7/25/2026 3:50:00 PM,MIN_OPERATING_MW,67.56,
7/25/2026 3:45:00 PM,RTD,CLUZ,01BULACSOL_G01,G,7/25/2026 3:01:00 PM,7/25/2026 4:00:00 PM,MAX_OPERATING_MW,2.28,
7/25/2026 3:45:00 PM,RTD,CLUZ,01BULACSOL_G01,G,7/25/2026 3:01:00 PM,7/25/2026 4:00:00 PM,MIN_OPERATING_MW,2.28,
7/25/2026 3:45:00 PM,RTD,CLUZ,01MSINLO_G04,G,7/25/2026 6:51:00 AM,7/26/2026,MAX_OPERATING_MW,150,
7/25/2026 3:45:00 PM,RTD,CLUZ,01MSINLO_G04,G,7/25/2026 6:51:00 AM,7/26/2026,MIN_OPERATING_MW,150,
7/25/2026 3:45:00 PM,RTD,CLUZ,01PASBUSOL_G01,G,7/25/2026 3:01:00 PM,7/25/2026 4:00:00 PM,MAX_OPERATING_MW,12.61,
7/25/2026 3:45:00 PM,RTD,CLUZ,01PASBUSOL_G01,G,7/25/2026 3:01:00 PM,7/25/2026 4:00:00 PM,MIN_OPERATING_MW,12.61,
7/25/2026 3:45:00 PM,RTD,CLUZ,01TERRASOL_G01,G,7/25/2026 3:06:00 PM,7/25/2026 4:45:00 PM,MAX_OPERATING_MW,300,
7/25/2026 3:45:00 PM,RTD,CLUZ,01TERRASOL_G01,G,7/25/2026 3:06:00 PM,7/25/2026 4:45:00 PM,MIN_OPERATING_MW,300,
7/25/2026 3:45:00 PM,RTD,CLUZ,03ALMNOS_BAT1,G,7/25/2026 12:01:00 PM,7/25/2026 4:00:00 PM,MAX_OPERATING_MW,0,
7/25/2026 3:45:00 PM,RTD,CLUZ,03ALMNOS_BAT1,G,7/25/2026 12:01:00 PM,7/25/2026 4:00:00 PM,MIN_OPERATING_MW,0,
7/25/2026 3:45:00 PM,RTD,CLUZ,03LUMBSOL_G01,G,7/25/2026 3:41:00 PM,7/25/2026 3:45:00 PM,MAX_OPERATING_MW,30,
7/25/2026 3:45:00 PM,RTD,CLUZ,03LUMBSOL_G01,G,7/25/2026 3:41:00 PM,7/25/2026 3:45:00 PM,MIN_OPERATING_MW,30,
7/25/2026 3:45:00 PM,RTD,CLUZ,03LUMBSOL_G01,G,7/25/2026 3:46:00 PM,7/25/2026 3:50:00 PM,MAX_OPERATING_MW,30,
7/25/2026 3:45:00 PM,RTD,CLUZ,03LUMBSOL_G01,G,7/25/2026 3:46:00 PM,7/25/2026 3:50:00 PM,MIN_OPERATING_MW,30,
7/25/2026 3:45:00 PM,RTD,CLUZ,03LUNSOL_G01,G,7/25/2026 3:41:00 PM,7/25/2026 3:45:00 PM,MAX_OPERATING_MW,11.29,
7/25/2026 3:45:00 PM,RTD,CLUZ,03LUNSOL_G01,G,7/25/2026 3:41:00 PM,7/25/2026 3:45:00 PM,MIN_OPERATING_MW,11.29,
7/25/2026 3:45:00 PM,RTD,CLUZ,03LUNSOL_G01,G,7/25/2026 3:46:00 PM,7/25/2026 3:50:00 PM,MAX_OPERATING_MW,10.66,
7/25/2026 3:45:00 PM,RTD,CLUZ,03LUNSOL_G01,G,7/25/2026 3:46:00 PM,7/25/2026 3:50:00 PM,MIN_OPERATING_MW,10.66,
7/25/2026 3:45:00 PM,RTD,CVIS,06SLYSOL_G02,G,7/25/2026 3:01:00 PM,7/25/2026 4:00:00 PM,MAX_OPERATING_MW,9.22,
7/25/2026 3:45:00 PM,RTD,CVIS,06SLYSOL_G02,G,7/25/2026 3:01:00 PM,7/25/2026 4:00:00 PM,MIN_OPERATING_MW,9.22,
7/25/2026 3:45:00 PM,RTD,CVIS,06SLYSOL_G03,G,7/25/2026 3:01:00 PM,7/25/2026 4:00:00 PM,MAX_OPERATING_MW,9.07,
7/25/2026 3:45:00 PM,RTD,CVIS,06SLYSOL_G03,G,7/25/2026 3:01:00 PM,7/25/2026 4:00:00 PM,MIN_OPERATING_MW,9.07,
7/25/2026 3:45:00 PM,RTD,CMIN,10LIAN_G02,G,7/25/2026 12:05:00 AM,7/25/2026 11:59:00 PM,MAX_OPERATING_MW,6,
7/25/2026 3:45:00 PM,RTD,CMIN,10LIAN_G02,G,7/25/2026 12:05:00 AM,7/25/2026 11:59:00 PM,MIN_OPERATING_MW,3,
7/25/2026 3:45:00 PM,RTD,CMIN,11MALADU_G01,G,7/25/2026 12:01:00 AM,7/26/2026,MAX_OPERATING_MW,9.50,
7/25/2026 3:45:00 PM,RTD,CMIN,11MALADU_G01,G,7/25/2026 12:01:00 AM,7/26/2026,MIN_OPERATING_MW,9.50,
7/25/2026 3:45:00 PM,RTD,CMIN,11MARAMSOL_G01,G,7/25/2026 2:46:00 PM,7/25/2026 6:45:00 PM,MAX_OPERATING_MW,10,
7/25/2026 3:45:00 PM,RTD,CMIN,11MARAMSOL_G01,G,7/25/2026 2:46:00 PM,7/25/2026 6:45:00 PM,MIN_OPERATING_MW,10,
7/25/2026 3:50:00 PM,RTD,CLUZ,01BARBASOL_G01,G,7/25/2026 3:46:00 PM,7/25/2026 3:50:00 PM,MAX_OPERATING_MW,20.60,
7/25/2026 3:50:00 PM,RTD,CLUZ,01BARBASOL_G01,G,7/25/2026 3:46:00 PM,7/25/2026 3:50:00 PM,MIN_OPERATING_MW,20.60,
7/25/2026 3:50:00 PM,RTD,CLUZ,01BARBASOL_G01,G,7/25/2026 3:51:00 PM,7/25/2026 3:55:00 PM,MAX_OPERATING_MW,19.86,
7/25/2026 3:50:00 PM,RTD,CLUZ,01BARBASOL_G01,G,7/25/2026 3:51:00 PM,7/25/2026 3:55:00 PM,MIN_OPERATING_MW,19.86,
7/25/2026 3:50:00 PM,RTD,CLUZ,01BUGSOL_G01,G,7/25/2026 3:46:00 PM,7/25/2026 3:50:00 PM,MAX_OPERATING_MW,67.56,
7/25/2026 3:50:00 PM,RTD,CLUZ,01BUGSOL_G01,G,7/25/2026 3:46:00 PM,7/25/2026 3:50:00 PM,MIN_OPERATING_MW,67.56,
7/25/2026 3:50:00 PM,RTD,CLUZ,01BUGSOL_G01,G,7/25/2026 3:51:00 PM,7/25/2026 3:55:00 PM,MAX_OPERATING_MW,74.08,
7/25/2026 3:50:00 PM,RTD,CLUZ,01BUGSOL_G01,G,7/25/2026 3:51:00 PM,7/25/2026 3:55:00 PM,MIN_OPERATING_MW,74.08,
7/25/2026 3:50:00 PM,RTD,CLUZ,01BULACSOL_G01,G,7/25/2026 3:01:00 PM,7/25/2026 4:00:00 PM,MAX_OPERATING_MW,2.28,
7/25/2026 3:50:00 PM,RTD,CLUZ,01BULACSOL_G01,G,7/25/2026 3:01:00 PM,7/25/2026 4:00:00 PM,MIN_OPERATING_MW,2.28,
7/25/2026 3:50:00 PM,RTD,CLUZ,01MSINLO_G04,G,7/25/2026 6:51:00 AM,7/26/2026,MAX_OPERATING_MW,150,
7/25/2026 3:50:00 PM,RTD,CLUZ,01MSINLO_G04,G,7/25/2026 6:51:00 AM,7/26/2026,MIN_OPERATING_MW,150,
7/25/2026 3:50:00 PM,RTD,CLUZ,01PASBUSOL_G01,G,7/25/2026 3:01:00 PM,7/25/2026 4:00:00 PM,MAX_OPERATING_MW,12.61,
7/25/2026 3:50:00 PM,RTD,CLUZ,01PASBUSOL_G01,G,7/25/2026 3:01:00 PM,7/25/2026 4:00:00 PM,MIN_OPERATING_MW,12.61,
7/25/2026 3:50:00 PM,RTD,CLUZ,01TERRASOL_G01,G,7/25/2026 3:06:00 PM,7/25/2026 4:45:00 PM,MAX_OPERATING_MW,300,
7/25/2026 3:50:00 PM,RTD,CLUZ,01TERRASOL_G01,G,7/25/2026 3:06:00 PM,7/25/2026 4:45:00 PM,MIN_OPERATING_MW,300,
7/25/2026 3:50:00 PM,RTD,CLUZ,03ALMNOS_BAT1,G,7/25/2026 12:01:00 PM,7/25/2026 4:00:00 PM,MAX_OPERATING_MW,0,
7/25/2026 3:50:00 PM,RTD,CLUZ,03ALMNOS_BAT1,G,7/25/2026 12:01:00 PM,7/25/2026 4:00:00 PM,MIN_OPERATING_MW,0,
7/25/2026 3:50:00 PM,RTD,CLUZ,03LUMBSOL_G01,G,7/25/2026 3:46:00 PM,7/25/2026 3:50:00 PM,MAX_OPERATING_MW,30,
7/25/2026 3:50:00 PM,RTD,CLUZ,03LUMBSOL_G01,G,7/25/2026 3:46:00 PM,7/25/2026 3:50:00 PM,MIN_OPERATING_MW,30,
7/25/2026 3:50:00 PM,RTD,CLUZ,03LUMBSOL_G01,G,7/25/2026 3:51:00 PM,7/25/2026 3:55:00 PM,MAX_OPERATING_MW,30,
7/25/2026 3:50:00 PM,RTD,CLUZ,03LUMBSOL_G01,G,7/25/2026 3:51:00 PM,7/25/2026 3:55:00 PM,MIN_OPERATING_MW,30,
7/25/2026 3:50:00 PM,RTD,CLUZ,03LUNSOL_G01,G,7/25/2026 3:46:00 PM,7/25/2026 3:50:00 PM,MAX_OPERATING_MW,10.66,
7/25/2026 3:50:00 PM,RTD,CLUZ,03LUNSOL_G01,G,7/25/2026 3:46:00 PM,7/25/2026 3:50:00 PM,MIN_OPERATING_MW,10.66,
7/25/2026 3:50:00 PM,RTD,CLUZ,03LUNSOL_G01,G,7/25/2026 3:51:00 PM,7/25/2026 3:55:00 PM,MAX_OPERATING_MW,10.02,
7/25/2026 3:50:00 PM,RTD,CLUZ,03LUNSOL_G01,G,7/25/2026 3:51:00 PM,7/25/2026 3:55:00 PM,MIN_OPERATING_MW,10.02,
7/25/2026 3:50:00 PM,RTD,CVIS,06SLYSOL_G02,G,7/25/2026 3:01:00 PM,7/25/2026 4:00:00 PM,MAX_OPERATING_MW,9.22,
7/25/2026 3:50:00 PM,RTD,CVIS,06SLYSOL_G02,G,7/25/2026 3:01:00 PM,7/25/2026 4:00:00 PM,MIN_OPERATING_MW,9.22,
7/25/2026 3:50:00 PM,RTD,CVIS,06SLYSOL_G03,G,7/25/2026 3:01:00 PM,7/25/2026 4:00:00 PM,MAX_OPERATING_MW,9.07,
7/25/2026 3:50:00 PM,RTD,CVIS,06SLYSOL_G03,G,7/25/2026 3:01:00 PM,7/25/2026 4:00:00 PM,MIN_OPERATING_MW,9.07,
7/25/2026 3:50:00 PM,RTD,CMIN,10LIAN_G02,G,7/25/2026 12:05:00 AM,7/25/2026 11:59:00 PM,MAX_OPERATING_MW,6,
7/25/2026 3:50:00 PM,RTD,CMIN,10LIAN_G02,G,7/25/2026 12:05:00 AM,7/25/2026 11:59:00 PM,MIN_OPERATING_MW,3,
7/25/2026 3:50:00 PM,RTD,CMIN,11MALADU_G01,G,7/25/2026 12:01:00 AM,7/26/2026,MAX_OPERATING_MW,9.50,
7/25/2026 3:50:00 PM,RTD,CMIN,11MALADU_G01,G,7/25/2026 12:01:00 AM,7/26/2026,MIN_OPERATING_MW,9.50,
7/25/2026 3:50:00 PM,RTD,CMIN,11MARAMSOL_G01,G,7/25/2026 2:46:00 PM,7/25/2026 6:45:00 PM,MAX_OPERATING_MW,10,
7/25/2026 3:50:00 PM,RTD,CMIN,11MARAMSOL_G01,G,7/25/2026 2:46:00 PM,7/25/2026 6:45:00 PM,MIN_OPERATING_MW,10,
7/25/2026 3:55:00 PM,RTD,CLUZ,01BARBASOL_G01,G,7/25/2026 3:51:00 PM,7/25/2026 3:55:00 PM,MAX_OPERATING_MW,19.86,
7/25/2026 3:55:00 PM,RTD,CLUZ,01BARBASOL_G01,G,7/25/2026 3:51:00 PM,7/25/2026 3:55:00 PM,MIN_OPERATING_MW,19.86,
7/25/2026 3:55:00 PM,RTD,CLUZ,01BARBASOL_G01,G,7/25/2026 3:56:00 PM,7/25/2026 4:00:00 PM,MAX_OPERATING_MW,19.08,
7/25/2026 3:55:00 PM,RTD,CLUZ,01BARBASOL_G01,G,7/25/2026 3:56:00 PM,7/25/2026 4:00:00 PM,MIN_OPERATING_MW,19.08,
7/25/2026 3:55:00 PM,RTD,CLUZ,01BUGSOL_G01,G,7/25/2026 3:51:00 PM,7/25/2026 3:55:00 PM,MAX_OPERATING_MW,74.08,
7/25/2026 3:55:00 PM,RTD,CLUZ,01BUGSOL_G01,G,7/25/2026 3:51:00 PM,7/25/2026 3:55:00 PM,MIN_OPERATING_MW,74.08,
7/25/2026 3:55:00 PM,RTD,CLUZ,01BUGSOL_G01,G,7/25/2026 3:56:00 PM,7/25/2026 4:00:00 PM,MAX_OPERATING_MW,75.61,
7/25/2026 3:55:00 PM,RTD,CLUZ,01BUGSOL_G01,G,7/25/2026 3:56:00 PM,7/25/2026 4:00:00 PM,MIN_OPERATING_MW,75.61,
7/25/2026 3:55:00 PM,RTD,CLUZ,01BULACSOL_G01,G,7/25/2026 3:01:00 PM,7/25/2026 4:00:00 PM,MAX_OPERATING_MW,2.28,
7/25/2026 3:55:00 PM,RTD,CLUZ,01BULACSOL_G01,G,7/25/2026 3:01:00 PM,7/25/2026 4:00:00 PM,MIN_OPERATING_MW,2.28,
7/25/2026 3:55:00 PM,RTD,CLUZ,01MSINLO_G04,G,7/25/2026 6:51:00 AM,7/26/2026,MAX_OPERATING_MW,150,
7/25/2026 3:55:00 PM,RTD,CLUZ,01MSINLO_G04,G,7/25/2026 6:51:00 AM,7/26/2026,MIN_OPERATING_MW,150,
7/25/2026 3:55:00 PM,RTD,CLUZ,01PASBUSOL_G01,G,7/25/2026 3:01:00 PM,7/25/2026 4:00:00 PM,MAX_OPERATING_MW,12.61,
7/25/2026 3:55:00 PM,RTD,CLUZ,01PASBUSOL_G01,G,7/25/2026 3:01:00 PM,7/25/2026 4:00:00 PM,MIN_OPERATING_MW,12.61,
7/25/2026 3:55:00 PM,RTD,CLUZ,01TERRASOL_G01,G,7/25/2026 3:06:00 PM,7/25/2026 4:45:00 PM,MAX_OPERATING_MW,300,
7/25/2026 3:55:00 PM,RTD,CLUZ,01TERRASOL_G01,G,7/25/2026 3:06:00 PM,7/25/2026 4:45:00 PM,MIN_OPERATING_MW,300,
7/25/2026 3:55:00 PM,RTD,CLUZ,03ALMNOS_BAT1,G,7/25/2026 12:01:00 PM,7/25/2026 4:00:00 PM,MAX_OPERATING_MW,0,
7/25/2026 3:55:00 PM,RTD,CLUZ,03ALMNOS_BAT1,G,7/25/2026 12:01:00 PM,7/25/2026 4:00:00 PM,MIN_OPERATING_MW,0,
7/25/2026 3:55:00 PM,RTD,CLUZ,03LUMBSOL_G01,G,7/25/2026 3:51:00 PM,7/25/2026 3:55:00 PM,MAX_OPERATING_MW,30,
7/25/2026 3:55:00 PM,RTD,CLUZ,03LUMBSOL_G01,G,7/25/2026 3:51:00 PM,7/25/2026 3:55:00 PM,MIN_OPERATING_MW,30,
7/25/2026 3:55:00 PM,RTD,CLUZ,03LUMBSOL_G01,G,7/25/2026 3:56:00 PM,7/25/2026 4:00:00 PM,MAX_OPERATING_MW,30,
7/25/2026 3:55:00 PM,RTD,CLUZ,03LUMBSOL_G01,G,7/25/2026 3:56:00 PM,7/25/2026 4:00:00 PM,MIN_OPERATING_MW,30,
7/25/2026 3:55:00 PM,RTD,CLUZ,03LUNSOL_G01,G,7/25/2026 3:51:00 PM,7/25/2026 3:55:00 PM,MAX_OPERATING_MW,10.02,
7/25/2026 3:55:00 PM,RTD,CLUZ,03LUNSOL_G01,G,7/25/2026 3:51:00 PM,7/25/2026 3:55:00 PM,MIN_OPERATING_MW,10.02,
7/25/2026 3:55:00 PM,RTD,CLUZ,03LUNSOL_G01,G,7/25/2026 3:56:00 PM,7/25/2026 4:00:00 PM,MAX_OPERATING_MW,9.36,
7/25/2026 3:55:00 PM,RTD,CLUZ,03LUNSOL_G01,G,7/25/2026 3:56:00 PM,7/25/2026 4:00:00 PM,MIN_OPERATING_MW,9.36,
7/25/2026 3:55:00 PM,RTD,CVIS,06SLYSOL_G02,G,7/25/2026 3:01:00 PM,7/25/2026 4:00:00 PM,MAX_OPERATING_MW,9.22,
7/25/2026 3:55:00 PM,RTD,CVIS,06SLYSOL_G02,G,7/25/2026 3:01:00 PM,7/25/2026 4:00:00 PM,MIN_OPERATING_MW,9.22,
7/25/2026 3:55:00 PM,RTD,CVIS,06SLYSOL_G03,G,7/25/2026 3:01:00 PM,7/25/2026 4:00:00 PM,MAX_OPERATING_MW,9.07,
7/25/2026 3:55:00 PM,RTD,CVIS,06SLYSOL_G03,G,7/25/2026 3:01:00 PM,7/25/2026 4:00:00 PM,MIN_OPERATING_MW,9.07,
7/25/2026 3:55:00 PM,RTD,CMIN,10LIAN_G02,G,7/25/2026 12:05:00 AM,7/25/2026 11:59:00 PM,MAX_OPERATING_MW,6,
7/25/2026 3:55:00 PM,RTD,CMIN,10LIAN_G02,G,7/25/2026 12:05:00 AM,7/25/2026 11:59:00 PM,MIN_OPERATING_MW,3,
7/25/2026 3:55:00 PM,RTD,CMIN,11MALADU_G01,G,7/25/2026 12:01:00 AM,7/26/2026,MAX_OPERATING_MW,9.50,
7/25/2026 3:55:00 PM,RTD,CMIN,11MALADU_G01,G,7/25/2026 12:01:00 AM,7/26/2026,MIN_OPERATING_MW,9.50,
7/25/2026 3:55:00 PM,RTD,CMIN,11MARAMSOL_G01,G,7/25/2026 2:46:00 PM,7/25/2026 6:45:00 PM,MAX_OPERATING_MW,10,
7/25/2026 3:55:00 PM,RTD,CMIN,11MARAMSOL_G01,G,7/25/2026 2:46:00 PM,7/25/2026 6:45:00 PM,MIN_OPERATING_MW,10,
7/25/2026 4:00:00 PM,RTD,CLUZ,01BARBASOL_G01,G,7/25/2026 3:56:00 PM,7/25/2026 4:00:00 PM,MAX_OPERATING_MW,19.08,
7/25/2026 4:00:00 PM,RTD,CLUZ,01BARBASOL_G01,G,7/25/2026 3:56:00 PM,7/25/2026 4:00:00 PM,MIN_OPERATING_MW,19.08,
7/25/2026 4:00:00 PM,RTD,CLUZ,01BARBASOL_G01,G,7/25/2026 4:01:00 PM,7/25/2026 4:05:00 PM,MAX_OPERATING_MW,18.27,
7/25/2026 4:00:00 PM,RTD,CLUZ,01BARBASOL_G01,G,7/25/2026 4:01:00 PM,7/25/2026 4:05:00 PM,MIN_OPERATING_MW,18.27,
7/25/2026 4:00:00 PM,RTD,CLUZ,01BUGSOL_G01,G,7/25/2026 3:56:00 PM,7/25/2026 4:00:00 PM,MAX_OPERATING_MW,75.61,
7/25/2026 4:00:00 PM,RTD,CLUZ,01BUGSOL_G01,G,7/25/2026 3:56:00 PM,7/25/2026 4:00:00 PM,MIN_OPERATING_MW,75.61,
7/25/2026 4:00:00 PM,RTD,CLUZ,01BUGSOL_G01,G,7/25/2026 4:01:00 PM,7/25/2026 4:05:00 PM,MAX_OPERATING_MW,69.87,
7/25/2026 4:00:00 PM,RTD,CLUZ,01BUGSOL_G01,G,7/25/2026 4:01:00 PM,7/25/2026 4:05:00 PM,MIN_OPERATING_MW,69.87,
7/25/2026 4:00:00 PM,RTD,CLUZ,01BULACSOL_G01,G,7/25/2026 3:01:00 PM,7/25/2026 4:00:00 PM,MAX_OPERATING_MW,2.28,
7/25/2026 4:00:00 PM,RTD,CLUZ,01BULACSOL_G01,G,7/25/2026 3:01:00 PM,7/25/2026 4:00:00 PM,MIN_OPERATING_MW,2.28,
7/25/2026 4:00:00 PM,RTD,CLUZ,01BULACSOL_G01,G,7/25/2026 4:01:00 PM,7/25/2026 5:00:00 PM,MAX_OPERATING_MW,1.29,
7/25/2026 4:00:00 PM,RTD,CLUZ,01BULACSOL_G01,G,7/25/2026 4:01:00 PM,7/25/2026 5:00:00 PM,MIN_OPERATING_MW,1.29,
7/25/2026 4:00:00 PM,RTD,CLUZ,01MSINLO_G04,G,7/25/2026 6:51:00 AM,7/26/2026,MAX_OPERATING_MW,150,
7/25/2026 4:00:00 PM,RTD,CLUZ,01MSINLO_G04,G,7/25/2026 6:51:00 AM,7/26/2026,MIN_OPERATING_MW,150,
7/25/2026 4:00:00 PM,RTD,CLUZ,01PASBUSOL_G01,G,7/25/2026 3:01:00 PM,7/25/2026 4:00:00 PM,MAX_OPERATING_MW,12.61,
7/25/2026 4:00:00 PM,RTD,CLUZ,01PASBUSOL_G01,G,7/25/2026 3:01:00 PM,7/25/2026 4:00:00 PM,MIN_OPERATING_MW,12.61,
7/25/2026 4:00:00 PM,RTD,CLUZ,01PASBUSOL_G01,G,7/25/2026 4:01:00 PM,7/25/2026 5:00:00 PM,MAX_OPERATING_MW,6.81,
7/25/2026 4:00:00 PM,RTD,CLUZ,01PASBUSOL_G01,G,7/25/2026 4:01:00 PM,7/25/2026 5:00:00 PM,MIN_OPERATING_MW,6.81,
7/25/2026 4:00:00 PM,RTD,CLUZ,01TERRASOL_G01,G,7/25/2026 3:06:00 PM,7/25/2026 4:45:00 PM,MAX_OPERATING_MW,300,
7/25/2026 4:00:00 PM,RTD,CLUZ,01TERRASOL_G01,G,7/25/2026 3:06:00 PM,7/25/2026 4:45:00 PM,MIN_OPERATING_MW,300,
7/25/2026 4:00:00 PM,RTD,CLUZ,03ALMNOS_BAT1,G,7/25/2026 12:01:00 PM,7/25/2026 4:00:00 PM,MAX_OPERATING_MW,0,
7/25/2026 4:00:00 PM,RTD,CLUZ,03ALMNOS_BAT1,G,7/25/2026 12:01:00 PM,7/25/2026 4:00:00 PM,MIN_OPERATING_MW,0,
7/25/2026 4:00:00 PM,RTD,CLUZ,03ALMNOS_BAT1,G,7/25/2026 4:01:00 PM,7/25/2026 5:30:00 PM,MAX_OPERATING_MW,20,
7/25/2026 4:00:00 PM,RTD,CLUZ,03ALMNOS_BAT1,G,7/25/2026 4:01:00 PM,7/25/2026 5:30:00 PM,MIN_OPERATING_MW,20,
7/25/2026 4:00:00 PM,RTD,CLUZ,03LUMBSOL_G01,G,7/25/2026 3:56:00 PM,7/25/2026 4:00:00 PM,MAX_OPERATING_MW,30,
7/25/2026 4:00:00 PM,RTD,CLUZ,03LUMBSOL_G01,G,7/25/2026 3:56:00 PM,7/25/2026 4:00:00 PM,MIN_OPERATING_MW,30,
7/25/2026 4:00:00 PM,RTD,CLUZ,03LUMBSOL_G01,G,7/25/2026 4:01:00 PM,7/25/2026 4:05:00 PM,MAX_OPERATING_MW,30,
7/25/2026 4:00:00 PM,RTD,CLUZ,03LUMBSOL_G01,G,7/25/2026 4:01:00 PM,7/25/2026 4:05:00 PM,MIN_OPERATING_MW,30,
7/25/2026 4:00:00 PM,RTD,CLUZ,03LUNSOL_G01,G,7/25/2026 3:56:00 PM,7/25/2026 4:00:00 PM,MAX_OPERATING_MW,9.36,
7/25/2026 4:00:00 PM,RTD,CLUZ,03LUNSOL_G01,G,7/25/2026 3:56:00 PM,7/25/2026 4:00:00 PM,MIN_OPERATING_MW,9.36,
7/25/2026 4:00:00 PM,RTD,CLUZ,03LUNSOL_G01,G,7/25/2026 4:01:00 PM,7/25/2026 4:05:00 PM,MAX_OPERATING_MW,8.69,
7/25/2026 4:00:00 PM,RTD,CLUZ,03LUNSOL_G01,G,7/25/2026 4:01:00 PM,7/25/2026 4:05:00 PM,MIN_OPERATING_MW,8.69,
7/25/2026 4:00:00 PM,RTD,CVIS,06SLYSOL_G02,G,7/25/2026 3:01:00 PM,7/25/2026 4:00:00 PM,MAX_OPERATING_MW,9.22,
7/25/2026 4:00:00 PM,RTD,CVIS,06SLYSOL_G02,G,7/25/2026 3:01:00 PM,7/25/2026 4:00:00 PM,MIN_OPERATING_MW,9.22,
7/25/2026 4:00:00 PM,RTD,CVIS,06SLYSOL_G02,G,7/25/2026 4:01:00 PM,7/25/2026 5:00:00 PM,MAX_OPERATING_MW,7.18,
7/25/2026 4:00:00 PM,RTD,CVIS,06SLYSOL_G02,G,7/25/2026 4:01:00 PM,7/25/2026 5:00:00 PM,MIN_OPERATING_MW,7.18,
7/25/2026 4:00:00 PM,RTD,CVIS,06SLYSOL_G03,G,7/25/2026 3:01:00 PM,7/25/2026 4:00:00 PM,MAX_OPERATING_MW,9.07,
7/25/2026 4:00:00 PM,RTD,CVIS,06SLYSOL_G03,G,7/25/2026 3:01:00 PM,7/25/2026 4:00:00 PM,MIN_OPERATING_MW,9.07,
7/25/2026 4:00:00 PM,RTD,CVIS,06SLYSOL_G03,G,7/25/2026 4:01:00 PM,7/25/2026 5:00:00 PM,MAX_OPERATING_MW,4.66,
7/25/2026 4:00:00 PM,RTD,CVIS,06SLYSOL_G03,G,7/25/2026 4:01:00 PM,7/25/2026 5:00:00 PM,MIN_OPERATING_MW,4.66,
7/25/2026 4:00:00 PM,RTD,CMIN,10LIAN_G02,G,7/25/2026 12:05:00 AM,7/25/2026 11:59:00 PM,MAX_OPERATING_MW,6,
7/25/2026 4:00:00 PM,RTD,CMIN,10LIAN_G02,G,7/25/2026 12:05:00 AM,7/25/2026 11:59:00 PM,MIN_OPERATING_MW,3,
7/25/2026 4:00:00 PM,RTD,CMIN,11MALADU_G01,G,7/25/2026 12:01:00 AM,7/26/2026,MAX_OPERATING_MW,9.50,
7/25/2026 4:00:00 PM,RTD,CMIN,11MALADU_G01,G,7/25/2026 12:01:00 AM,7/26/2026,MIN_OPERATING_MW,9.50,
7/25/2026 4:00:00 PM,RTD,CMIN,11MARAMSOL_G01,G,7/25/2026 2:46:00 PM,7/25/2026 6:45:00 PM,MAX_OPERATING_MW,10,
7/25/2026 4:00:00 PM,RTD,CMIN,11MARAMSOL_G01,G,7/25/2026 2:46:00 PM,7/25/2026 6:45:00 PM,MIN_OPERATING_MW,10,
7/25/2026 4:05:00 PM,RTD,CLUZ,01BARBASOL_G01,G,7/25/2026 4:01:00 PM,7/25/2026 4:05:00 PM,MAX_OPERATING_MW,18.27,
7/25/2026 4:05:00 PM,RTD,CLUZ,01BARBASOL_G01,G,7/25/2026 4:01:00 PM,7/25/2026 4:05:00 PM,MIN_OPERATING_MW,18.27,
7/25/2026 4:05:00 PM,RTD,CLUZ,01BARBASOL_G01,G,7/25/2026 4:06:00 PM,7/25/2026 4:10:00 PM,MAX_OPERATING_MW,17.42,
7/25/2026 4:05:00 PM,RTD,CLUZ,01BARBASOL_G01,G,7/25/2026 4:06:00 PM,7/25/2026 4:10:00 PM,MIN_OPERATING_MW,17.42,
7/25/2026 4:05:00 PM,RTD,CLUZ,01BUGSOL_G01,G,7/25/2026 4:01:00 PM,7/25/2026 4:05:00 PM,MAX_OPERATING_MW,69.87,
7/25/2026 4:05:00 PM,RTD,CLUZ,01BUGSOL_G01,G,7/25/2026 4:01:00 PM,7/25/2026 4:05:00 PM,MIN_OPERATING_MW,69.87,
7/25/2026 4:05:00 PM,RTD,CLUZ,01BUGSOL_G01,G,7/25/2026 4:06:00 PM,7/25/2026 4:10:00 PM,MAX_OPERATING_MW,59.56,
7/25/2026 4:05:00 PM,RTD,CLUZ,01BUGSOL_G01,G,7/25/2026 4:06:00 PM,7/25/2026 4:10:00 PM,MIN_OPERATING_MW,59.56,
7/25/2026 4:05:00 PM,RTD,CLUZ,01BULACSOL_G01,G,7/25/2026 4:01:00 PM,7/25/2026 5:00:00 PM,MAX_OPERATING_MW,1.29,
7/25/2026 4:05:00 PM,RTD,CLUZ,01BULACSOL_G01,G,7/25/2026 4:01:00 PM,7/25/2026 5:00:00 PM,MIN_OPERATING_MW,1.29,
7/25/2026 4:05:00 PM,RTD,CLUZ,01MSINLO_G04,G,7/25/2026 6:51:00 AM,7/26/2026,MAX_OPERATING_MW,150,
7/25/2026 4:05:00 PM,RTD,CLUZ,01MSINLO_G04,G,7/25/2026 6:51:00 AM,7/26/2026,MIN_OPERATING_MW,150,
7/25/2026 4:05:00 PM,RTD,CLUZ,01PASBUSOL_G01,G,7/25/2026 4:01:00 PM,7/25/2026 5:00:00 PM,MAX_OPERATING_MW,6.81,
7/25/2026 4:05:00 PM,RTD,CLUZ,01PASBUSOL_G01,G,7/25/2026 4:01:00 PM,7/25/2026 5:00:00 PM,MIN_OPERATING_MW,6.81,
7/25/2026 4:05:00 PM,RTD,CLUZ,01TERRASOL_G01,G,7/25/2026 3:06:00 PM,7/25/2026 4:45:00 PM,MAX_OPERATING_MW,300,
7/25/2026 4:05:00 PM,RTD,CLUZ,01TERRASOL_G01,G,7/25/2026 3:06:00 PM,7/25/2026 4:45:00 PM,MIN_OPERATING_MW,300,
7/25/2026 4:05:00 PM,RTD,CLUZ,03ALMNOS_BAT1,G,7/25/2026 4:01:00 PM,7/25/2026 5:30:00 PM,MAX_OPERATING_MW,20,
7/25/2026 4:05:00 PM,RTD,CLUZ,03ALMNOS_BAT1,G,7/25/2026 4:01:00 PM,7/25/2026 5:30:00 PM,MIN_OPERATING_MW,20,
7/25/2026 4:05:00 PM,RTD,CLUZ,03LUMBSOL_G01,G,7/25/2026 4:01:00 PM,7/25/2026 4:05:00 PM,MAX_OPERATING_MW,30,
7/25/2026 4:05:00 PM,RTD,CLUZ,03LUMBSOL_G01,G,7/25/2026 4:01:00 PM,7/25/2026 4:05:00 PM,MIN_OPERATING_MW,30,
7/25/2026 4:05:00 PM,RTD,CLUZ,03LUMBSOL_G01,G,7/25/2026 4:06:00 PM,7/25/2026 4:10:00 PM,MAX_OPERATING_MW,30,
7/25/2026 4:05:00 PM,RTD,CLUZ,03LUMBSOL_G01,G,7/25/2026 4:06:00 PM,7/25/2026 4:10:00 PM,MIN_OPERATING_MW,30,
7/25/2026 4:05:00 PM,RTD,CLUZ,03LUNSOL_G01,G,7/25/2026 4:01:00 PM,7/25/2026 4:05:00 PM,MAX_OPERATING_MW,8.69,
7/25/2026 4:05:00 PM,RTD,CLUZ,03LUNSOL_G01,G,7/25/2026 4:01:00 PM,7/25/2026 4:05:00 PM,MIN_OPERATING_MW,8.69,
7/25/2026 4:05:00 PM,RTD,CLUZ,03LUNSOL_G01,G,7/25/2026 4:06:00 PM,7/25/2026 4:10:00 PM,MAX_OPERATING_MW,8.02,
7/25/2026 4:05:00 PM,RTD,CLUZ,03LUNSOL_G01,G,7/25/2026 4:06:00 PM,7/25/2026 4:10:00 PM,MIN_OPERATING_MW,8.02,
7/25/2026 4:05:00 PM,RTD,CVIS,06SLYSOL_G02,G,7/25/2026 4:01:00 PM,7/25/2026 5:00:00 PM,MAX_OPERATING_MW,7.18,
7/25/2026 4:05:00 PM,RTD,CVIS,06SLYSOL_G02,G,7/25/2026 4:01:00 PM,7/25/2026 5:00:00 PM,MIN_OPERATING_MW,7.18,
7/25/2026 4:05:00 PM,RTD,CVIS,06SLYSOL_G03,G,7/25/2026 4:01:00 PM,7/25/2026 5:00:00 PM,MAX_OPERATING_MW,4.66,
7/25/2026 4:05:00 PM,RTD,CVIS,06SLYSOL_G03,G,7/25/2026 4:01:00 PM,7/25/2026 5:00:00 PM,MIN_OPERATING_MW,4.66,
7/25/2026 4:05:00 PM,RTD,CMIN,10LIAN_G02,G,7/25/2026 12:05:00 AM,7/25/2026 11:59:00 PM,MAX_OPERATING_MW,6,
7/25/2026 4:05:00 PM,RTD,CMIN,10LIAN_G02,G,7/25/2026 12:05:00 AM,7/25/2026 11:59:00 PM,MIN_OPERATING_MW,3,
7/25/2026 4:05:00 PM,RTD,CMIN,11MALADU_G01,G,7/25/2026 12:01:00 AM,7/26/2026,MAX_OPERATING_MW,9.50,
7/25/2026 4:05:00 PM,RTD,CMIN,11MALADU_G01,G,7/25/2026 12:01:00 AM,7/26/2026,MIN_OPERATING_MW,9.50,
7/25/2026 4:05:00 PM,RTD,CMIN,11MARAMSOL_G01,G,7/25/2026 2:46:00 PM,7/25/2026 6:45:00 PM,MAX_OPERATING_MW,10,
7/25/2026 4:05:00 PM,RTD,CMIN,11MARAMSOL_G01,G,7/25/2026 2:46:00 PM,7/25/2026 6:45:00 PM,MIN_OPERATING_MW,10,
7/25/2026 4:10:00 PM,RTD,CLUZ,01BARBASOL_G01,G,7/25/2026 4:06:00 PM,7/25/2026 4:10:00 PM,MAX_OPERATING_MW,17.42,
7/25/2026 4:10:00 PM,RTD,CLUZ,01BARBASOL_G01,G,7/25/2026 4:06:00 PM,7/25/2026 4:10:00 PM,MIN_OPERATING_MW,17.42,
7/25/2026 4:10:00 PM,RTD,CLUZ,01BARBASOL_G01,G,7/25/2026 4:11:00 PM,7/25/2026 4:15:00 PM,MAX_OPERATING_MW,16.53,
7/25/2026 4:10:00 PM,RTD,CLUZ,01BARBASOL_G01,G,7/25/2026 4:11:00 PM,7/25/2026 4:15:00 PM,MIN_OPERATING_MW,16.53,
7/25/2026 4:10:00 PM,RTD,CLUZ,01BUGSOL_G01,G,7/25/2026 4:06:00 PM,7/25/2026 4:10:00 PM,MAX_OPERATING_MW,59.56,
7/25/2026 4:10:00 PM,RTD,CLUZ,01BUGSOL_G01,G,7/25/2026 4:06:00 PM,7/25/2026 4:10:00 PM,MIN_OPERATING_MW,59.56,
7/25/2026 4:10:00 PM,RTD,CLUZ,01BUGSOL_G01,G,7/25/2026 4:11:00 PM,7/25/2026 4:15:00 PM,MAX_OPERATING_MW,47.48,
7/25/2026 4:10:00 PM,RTD,CLUZ,01BUGSOL_G01,G,7/25/2026 4:11:00 PM,7/25/2026 4:15:00 PM,MIN_OPERATING_MW,47.48,
7/25/2026 4:10:00 PM,RTD,CLUZ,01BULACSOL_G01,G,7/25/2026 4:01:00 PM,7/25/2026 5:00:00 PM,MAX_OPERATING_MW,1.29,
7/25/2026 4:10:00 PM,RTD,CLUZ,01BULACSOL_G01,G,7/25/2026 4:01:00 PM,7/25/2026 5:00:00 PM,MIN_OPERATING_MW,1.29,
7/25/2026 4:10:00 PM,RTD,CLUZ,01MSINLO_G04,G,7/25/2026 6:51:00 AM,7/26/2026,MAX_OPERATING_MW,150,
7/25/2026 4:10:00 PM,RTD,CLUZ,01MSINLO_G04,G,7/25/2026 6:51:00 AM,7/26/2026,MIN_OPERATING_MW,150,
7/25/2026 4:10:00 PM,RTD,CLUZ,01PASBUSOL_G01,G,7/25/2026 4:01:00 PM,7/25/2026 5:00:00 PM,MAX_OPERATING_MW,6.81,
7/25/2026 4:10:00 PM,RTD,CLUZ,01PASBUSOL_G01,G,7/25/2026 4:01:00 PM,7/25/2026 5:00:00 PM,MIN_OPERATING_MW,6.81,
7/25/2026 4:10:00 PM,RTD,CLUZ,01TERRASOL_G01,G,7/25/2026 3:06:00 PM,7/25/2026 4:45:00 PM,MAX_OPERATING_MW,300,
7/25/2026 4:10:00 PM,RTD,CLUZ,01TERRASOL_G01,G,7/25/2026 3:06:00 PM,7/25/2026 4:45:00 PM,MIN_OPERATING_MW,300,
7/25/2026 4:10:00 PM,RTD,CLUZ,03ALMNOS_BAT1,G,7/25/2026 4:01:00 PM,7/25/2026 5:30:00 PM,MAX_OPERATING_MW,20,
7/25/2026 4:10:00 PM,RTD,CLUZ,03ALMNOS_BAT1,G,7/25/2026 4:01:00 PM,7/25/2026 5:30:00 PM,MIN_OPERATING_MW,20,
7/25/2026 4:10:00 PM,RTD,CLUZ,03LUMBSOL_G01,G,7/25/2026 4:06:00 PM,7/25/2026 4:10:00 PM,MAX_OPERATING_MW,30,
7/25/2026 4:10:00 PM,RTD,CLUZ,03LUMBSOL_G01,G,7/25/2026 4:06:00 PM,7/25/2026 4:10:00 PM,MIN_OPERATING_MW,30,
7/25/2026 4:10:00 PM,RTD,CLUZ,03LUMBSOL_G01,G,7/25/2026 4:11:00 PM,7/25/2026 4:15:00 PM,MAX_OPERATING_MW,30,
7/25/2026 4:10:00 PM,RTD,CLUZ,03LUMBSOL_G01,G,7/25/2026 4:11:00 PM,7/25/2026 4:15:00 PM,MIN_OPERATING_MW,30,
7/25/2026 4:10:00 PM,RTD,CLUZ,03LUNSOL_G01,G,7/25/2026 4:06:00 PM,7/25/2026 4:10:00 PM,MAX_OPERATING_MW,8.02,
7/25/2026 4:10:00 PM,RTD,CLUZ,03LUNSOL_G01,G,7/25/2026 4:06:00 PM,7/25/2026 4:10:00 PM,MIN_OPERATING_MW,8.02,
7/25/2026 4:10:00 PM,RTD,CLUZ,03LUNSOL_G01,G,7/25/2026 4:11:00 PM,7/25/2026 4:15:00 PM,MAX_OPERATING_MW,7.36,
7/25/2026 4:10:00 PM,RTD,CLUZ,03LUNSOL_G01,G,7/25/2026 4:11:00 PM,7/25/2026 4:15:00 PM,MIN_OPERATING_MW,7.36,
7/25/2026 4:10:00 PM,RTD,CVIS,06SLYSOL_G02,G,7/25/2026 4:01:00 PM,7/25/2026 5:00:00 PM,MAX_OPERATING_MW,7.18,
7/25/2026 4:10:00 PM,RTD,CVIS,06SLYSOL_G02,G,7/25/2026 4:01:00 PM,7/25/2026 5:00:00 PM,MIN_OPERATING_MW,7.18,
7/25/2026 4:10:00 PM,RTD,CVIS,06SLYSOL_G03,G,7/25/2026 4:01:00 PM,7/25/2026 5:00:00 PM,MAX_OPERATING_MW,4.66,
7/25/2026 4:10:00 PM,RTD,CVIS,06SLYSOL_G03,G,7/25/2026 4:01:00 PM,7/25/2026 5:00:00 PM,MIN_OPERATING_MW,4.66,
7/25/2026 4:10:00 PM,RTD,CMIN,10LIAN_G02,G,7/25/2026 12:05:00 AM,7/25/2026 11:59:00 PM,MAX_OPERATING_MW,6,
7/25/2026 4:10:00 PM,RTD,CMIN,10LIAN_G02,G,7/25/2026 12:05:00 AM,7/25/2026 11:59:00 PM,MIN_OPERATING_MW,3,
7/25/2026 4:10:00 PM,RTD,CMIN,11MALADU_G01,G,7/25/2026 12:01:00 AM,7/26/2026,MAX_OPERATING_MW,9.50,
7/25/2026 4:10:00 PM,RTD,CMIN,11MALADU_G01,G,7/25/2026 12:01:00 AM,7/26/2026,MIN_OPERATING_MW,9.50,
7/25/2026 4:10:00 PM,RTD,CMIN,11MARAMSOL_G01,G,7/25/2026 2:46:00 PM,7/25/2026 6:45:00 PM,MAX_OPERATING_MW,10,
7/25/2026 4:10:00 PM,RTD,CMIN,11MARAMSOL_G01,G,7/25/2026 2:46:00 PM,7/25/2026 6:45:00 PM,MIN_OPERATING_MW,10,
7/25/2026 4:15:00 PM,RTD,CLUZ,01BARBASOL_G01,G,7/25/2026 4:11:00 PM,7/25/2026 4:15:00 PM,MAX_OPERATING_MW,16.53,
7/25/2026 4:15:00 PM,RTD,CLUZ,01BARBASOL_G01,G,7/25/2026 4:11:00 PM,7/25/2026 4:15:00 PM,MIN_OPERATING_MW,16.53,
7/25/2026 4:15:00 PM,RTD,CLUZ,01BARBASOL_G01,G,7/25/2026 4:16:00 PM,7/25/2026 4:20:00 PM,MAX_OPERATING_MW,15.62,
7/25/2026 4:15:00 PM,RTD,CLUZ,01BARBASOL_G01,G,7/25/2026 4:16:00 PM,7/25/2026 4:20:00 PM,MIN_OPERATING_MW,15.62,
7/25/2026 4:15:00 PM,RTD,CLUZ,01BUGSOL_G01,G,7/25/2026 4:11:00 PM,7/25/2026 4:15:00 PM,MAX_OPERATING_MW,47.48,
7/25/2026 4:15:00 PM,RTD,CLUZ,01BUGSOL_G01,G,7/25/2026 4:11:00 PM,7/25/2026 4:15:00 PM,MIN_OPERATING_MW,47.48,
7/25/2026 4:15:00 PM,RTD,CLUZ,01BUGSOL_G01,G,7/25/2026 4:16:00 PM,7/25/2026 4:20:00 PM,MAX_OPERATING_MW,38.69,
7/25/2026 4:15:00 PM,RTD,CLUZ,01BUGSOL_G01,G,7/25/2026 4:16:00 PM,7/25/2026 4:20:00 PM,MIN_OPERATING_MW,38.69,
7/25/2026 4:15:00 PM,RTD,CLUZ,01BULACSOL_G01,G,7/25/2026 4:01:00 PM,7/25/2026 5:00:00 PM,MAX_OPERATING_MW,1.29,
7/25/2026 4:15:00 PM,RTD,CLUZ,01BULACSOL_G01,G,7/25/2026 4:01:00 PM,7/25/2026 5:00:00 PM,MIN_OPERATING_MW,1.29,
7/25/2026 4:15:00 PM,RTD,CLUZ,01MSINLO_G04,G,7/25/2026 6:51:00 AM,7/26/2026,MAX_OPERATING_MW,150,
7/25/2026 4:15:00 PM,RTD,CLUZ,01MSINLO_G04,G,7/25/2026 6:51:00 AM,7/26/2026,MIN_OPERATING_MW,150,
7/25/2026 4:15:00 PM,RTD,CLUZ,01PASBUSOL_G01,G,7/25/2026 4:01:00 PM,7/25/2026 5:00:00 PM,MAX_OPERATING_MW,6.81,
7/25/2026 4:15:00 PM,RTD,CLUZ,01PASBUSOL_G01,G,7/25/2026 4:01:00 PM,7/25/2026 5:00:00 PM,MIN_OPERATING_MW,6.81,
7/25/2026 4:15:00 PM,RTD,CLUZ,01TERRASOL_G01,G,7/25/2026 3:06:00 PM,7/25/2026 4:45:00 PM,MAX_OPERATING_MW,300,
7/25/2026 4:15:00 PM,RTD,CLUZ,01TERRASOL_G01,G,7/25/2026 3:06:00 PM,7/25/2026 4:45:00 PM,MIN_OPERATING_MW,300,
7/25/2026 4:15:00 PM,RTD,CLUZ,03ALMNOS_BAT1,G,7/25/2026 4:01:00 PM,7/25/2026 5:30:00 PM,MAX_OPERATING_MW,20,
7/25/2026 4:15:00 PM,RTD,CLUZ,03ALMNOS_BAT1,G,7/25/2026 4:01:00 PM,7/25/2026 5:30:00 PM,MIN_OPERATING_MW,20,
7/25/2026 4:15:00 PM,RTD,CLUZ,03LUMBSOL_G01,G,7/25/2026 4:11:00 PM,7/25/2026 4:15:00 PM,MAX_OPERATING_MW,30,
7/25/2026 4:15:00 PM,RTD,CLUZ,03LUMBSOL_G01,G,7/25/2026 4:11:00 PM,7/25/2026 4:15:00 PM,MIN_OPERATING_MW,30,
7/25/2026 4:15:00 PM,RTD,CLUZ,03LUMBSOL_G01,G,7/25/2026 4:16:00 PM,7/25/2026 4:20:00 PM,MAX_OPERATING_MW,30,
7/25/2026 4:15:00 PM,RTD,CLUZ,03LUMBSOL_G01,G,7/25/2026 4:16:00 PM,7/25/2026 4:20:00 PM,MIN_OPERATING_MW,30,
7/25/2026 4:15:00 PM,RTD,CLUZ,03LUNSOL_G01,G,7/25/2026 4:11:00 PM,7/25/2026 4:15:00 PM,MAX_OPERATING_MW,7.36,
7/25/2026 4:15:00 PM,RTD,CLUZ,03LUNSOL_G01,G,7/25/2026 4:11:00 PM,7/25/2026 4:15:00 PM,MIN_OPERATING_MW,7.36,
7/25/2026 4:15:00 PM,RTD,CLUZ,03LUNSOL_G01,G,7/25/2026 4:16:00 PM,7/25/2026 4:20:00 PM,MAX_OPERATING_MW,6.71,
7/25/2026 4:15:00 PM,RTD,CLUZ,03LUNSOL_G01,G,7/25/2026 4:16:00 PM,7/25/2026 4:20:00 PM,MIN_OPERATING_MW,6.71,
7/25/2026 4:15:00 PM,RTD,CVIS,06SLYSOL_G02,G,7/25/2026 4:01:00 PM,7/25/2026 5:00:00 PM,MAX_OPERATING_MW,7.18,
7/25/2026 4:15:00 PM,RTD,CVIS,06SLYSOL_G02,G,7/25/2026 4:01:00 PM,7/25/2026 5:00:00 PM,MIN_OPERATING_MW,7.18,
7/25/2026 4:15:00 PM,RTD,CVIS,06SLYSOL_G03,G,7/25/2026 4:01:00 PM,7/25/2026 5:00:00 PM,MAX_OPERATING_MW,4.66,
7/25/2026 4:15:00 PM,RTD,CVIS,06SLYSOL_G03,G,7/25/2026 4:01:00 PM,7/25/2026 5:00:00 PM,MIN_OPERATING_MW,4.66,
7/25/2026 4:15:00 PM,RTD,CMIN,10LIAN_G02,G,7/25/2026 12:05:00 AM,7/25/2026 11:59:00 PM,MAX_OPERATING_MW,6,
7/25/2026 4:15:00 PM,RTD,CMIN,10LIAN_G02,G,7/25/2026 12:05:00 AM,7/25/2026 11:59:00 PM,MIN_OPERATING_MW,3,
7/25/2026 4:15:00 PM,RTD,CMIN,11MALADU_G01,G,7/25/2026 12:01:00 AM,7/26/2026,MAX_OPERATING_MW,9.50,
7/25/2026 4:15:00 PM,RTD,CMIN,11MALADU_G01,G,7/25/2026 12:01:00 AM,7/26/2026,MIN_OPERATING_MW,9.50,
7/25/2026 4:15:00 PM,RTD,CMIN,11MARAMSOL_G01,G,7/25/2026 2:46:00 PM,7/25/2026 6:45:00 PM,MAX_OPERATING_MW,10,
7/25/2026 4:15:00 PM,RTD,CMIN,11MARAMSOL_G01,G,7/25/2026 2:46:00 PM,7/25/2026 6:45:00 PM,MIN_OPERATING_MW,10,
7/25/2026 4:20:00 PM,RTD,CLUZ,01BARBASOL_G01,G,7/25/2026 4:16:00 PM,7/25/2026 4:20:00 PM,MAX_OPERATING_MW,15.62,
7/25/2026 4:20:00 PM,RTD,CLUZ,01BARBASOL_G01,G,7/25/2026 4:16:00 PM,7/25/2026 4:20:00 PM,MIN_OPERATING_MW,15.62,
7/25/2026 4:20:00 PM,RTD,CLUZ,01BARBASOL_G01,G,7/25/2026 4:21:00 PM,7/25/2026 4:25:00 PM,MAX_OPERATING_MW,14.69,
7/25/2026 4:20:00 PM,RTD,CLUZ,01BARBASOL_G01,G,7/25/2026 4:21:00 PM,7/25/2026 4:25:00 PM,MIN_OPERATING_MW,14.69,
7/25/2026 4:20:00 PM,RTD,CLUZ,01BUGSOL_G01,G,7/25/2026 4:16:00 PM,7/25/2026 4:20:00 PM,MAX_OPERATING_MW,38.69,
7/25/2026 4:20:00 PM,RTD,CLUZ,01BUGSOL_G01,G,7/25/2026 4:16:00 PM,7/25/2026 4:20:00 PM,MIN_OPERATING_MW,38.69,
7/25/2026 4:20:00 PM,RTD,CLUZ,01BUGSOL_G01,G,7/25/2026 4:21:00 PM,7/25/2026 4:25:00 PM,MAX_OPERATING_MW,32.68,
7/25/2026 4:20:00 PM,RTD,CLUZ,01BUGSOL_G01,G,7/25/2026 4:21:00 PM,7/25/2026 4:25:00 PM,MIN_OPERATING_MW,32.68,
7/25/2026 4:20:00 PM,RTD,CLUZ,01BULACSOL_G01,G,7/25/2026 4:01:00 PM,7/25/2026 5:00:00 PM,MAX_OPERATING_MW,1.29,
7/25/2026 4:20:00 PM,RTD,CLUZ,01BULACSOL_G01,G,7/25/2026 4:01:00 PM,7/25/2026 5:00:00 PM,MIN_OPERATING_MW,1.29,
7/25/2026 4:20:00 PM,RTD,CLUZ,01MSINLO_G04,G,7/25/2026 6:51:00 AM,7/26/2026,MAX_OPERATING_MW,150,
7/25/2026 4:20:00 PM,RTD,CLUZ,01MSINLO_G04,G,7/25/2026 6:51:00 AM,7/26/2026,MIN_OPERATING_MW,150,
7/25/2026 4:20:00 PM,RTD,CLUZ,01PASBUSOL_G01,G,7/25/2026 4:01:00 PM,7/25/2026 5:00:00 PM,MAX_OPERATING_MW,6.81,
7/25/2026 4:20:00 PM,RTD,CLUZ,01PASBUSOL_G01,G,7/25/2026 4:01:00 PM,7/25/2026 5:00:00 PM,MIN_OPERATING_MW,6.81,
7/25/2026 4:20:00 PM,RTD,CLUZ,01TERRASOL_G01,G,7/25/2026 3:06:00 PM,7/25/2026 4:45:00 PM,MAX_OPERATING_MW,300,
7/25/2026 4:20:00 PM,RTD,CLUZ,01TERRASOL_G01,G,7/25/2026 3:06:00 PM,7/25/2026 4:45:00 PM,MIN_OPERATING_MW,300,
7/25/2026 4:20:00 PM,RTD,CLUZ,03ALMNOS_BAT1,G,7/25/2026 4:01:00 PM,7/25/2026 5:30:00 PM,MAX_OPERATING_MW,20,
7/25/2026 4:20:00 PM,RTD,CLUZ,03ALMNOS_BAT1,G,7/25/2026 4:01:00 PM,7/25/2026 5:30:00 PM,MIN_OPERATING_MW,20,
7/25/2026 4:20:00 PM,RTD,CLUZ,03LUMBSOL_G01,G,7/25/2026 4:16:00 PM,7/25/2026 4:20:00 PM,MAX_OPERATING_MW,30,
7/25/2026 4:20:00 PM,RTD,CLUZ,03LUMBSOL_G01,G,7/25/2026 4:16:00 PM,7/25/2026 4:20:00 PM,MIN_OPERATING_MW,30,
7/25/2026 4:20:00 PM,RTD,CLUZ,03LUMBSOL_G01,G,7/25/2026 4:21:00 PM,7/25/2026 4:25:00 PM,MAX_OPERATING_MW,30,
7/25/2026 4:20:00 PM,RTD,CLUZ,03LUMBSOL_G01,G,7/25/2026 4:21:00 PM,7/25/2026 4:25:00 PM,MIN_OPERATING_MW,30,
7/25/2026 4:20:00 PM,RTD,CLUZ,03LUNSOL_G01,G,7/25/2026 4:16:00 PM,7/25/2026 4:20:00 PM,MAX_OPERATING_MW,6.71,
7/25/2026 4:20:00 PM,RTD,CLUZ,03LUNSOL_G01,G,7/25/2026 4:16:00 PM,7/25/2026 4:20:00 PM,MIN_OPERATING_MW,6.71,
7/25/2026 4:20:00 PM,RTD,CLUZ,03LUNSOL_G01,G,7/25/2026 4:21:00 PM,7/25/2026 4:25:00 PM,MAX_OPERATING_MW,6.08,
7/25/2026 4:20:00 PM,RTD,CLUZ,03LUNSOL_G01,G,7/25/2026 4:21:00 PM,7/25/2026 4:25:00 PM,MIN_OPERATING_MW,6.08,
7/25/2026 4:20:00 PM,RTD,CVIS,06SLYSOL_G02,G,7/25/2026 4:01:00 PM,7/25/2026 5:00:00 PM,MAX_OPERATING_MW,7.18,
7/25/2026 4:20:00 PM,RTD,CVIS,06SLYSOL_G02,G,7/25/2026 4:01:00 PM,7/25/2026 5:00:00 PM,MIN_OPERATING_MW,7.18,
7/25/2026 4:20:00 PM,RTD,CVIS,06SLYSOL_G03,G,7/25/2026 4:01:00 PM,7/25/2026 5:00:00 PM,MAX_OPERATING_MW,4.66,
7/25/2026 4:20:00 PM,RTD,CVIS,06SLYSOL_G03,G,7/25/2026 4:01:00 PM,7/25/2026 5:00:00 PM,MIN_OPERATING_MW,4.66,
7/25/2026 4:20:00 PM,RTD,CMIN,10LIAN_G02,G,7/25/2026 12:05:00 AM,7/25/2026 11:59:00 PM,MAX_OPERATING_MW,6,
7/25/2026 4:20:00 PM,RTD,CMIN,10LIAN_G02,G,7/25/2026 12:05:00 AM,7/25/2026 11:59:00 PM,MIN_OPERATING_MW,3,
7/25/2026 4:20:00 PM,RTD,CMIN,11MALADU_G01,G,7/25/2026 12:01:00 AM,7/26/2026,MAX_OPERATING_MW,9.50,
7/25/2026 4:20:00 PM,RTD,CMIN,11MALADU_G01,G,7/25/2026 12:01:00 AM,7/26/2026,MIN_OPERATING_MW,9.50,
7/25/2026 4:20:00 PM,RTD,CMIN,11MARAMSOL_G01,G,7/25/2026 2:46:00 PM,7/25/2026 6:45:00 PM,MAX_OPERATING_MW,10,
7/25/2026 4:20:00 PM,RTD,CMIN,11MARAMSOL_G01,G,7/25/2026 2:46:00 PM,7/25/2026 6:45:00 PM,MIN_OPERATING_MW,10,
7/25/2026 4:25:00 PM,RTD,CLUZ,01BARBASOL_G01,G,7/25/2026 4:21:00 PM,7/25/2026 4:25:00 PM,MAX_OPERATING_MW,14.69,
7/25/2026 4:25:00 PM,RTD,CLUZ,01BARBASOL_G01,G,7/25/2026 4:21:00 PM,7/25/2026 4:25:00 PM,MIN_OPERATING_MW,14.69,
7/25/2026 4:25:00 PM,RTD,CLUZ,01BARBASOL_G01,G,7/25/2026 4:26:00 PM,7/25/2026 4:30:00 PM,MAX_OPERATING_MW,13.75,
7/25/2026 4:25:00 PM,RTD,CLUZ,01BARBASOL_G01,G,7/25/2026 4:26:00 PM,7/25/2026 4:30:00 PM,MIN_OPERATING_MW,13.75,
7/25/2026 4:25:00 PM,RTD,CLUZ,01BUGSOL_G01,G,7/25/2026 4:21:00 PM,7/25/2026 4:25:00 PM,MAX_OPERATING_MW,32.68,
7/25/2026 4:25:00 PM,RTD,CLUZ,01BUGSOL_G01,G,7/25/2026 4:21:00 PM,7/25/2026 4:25:00 PM,MIN_OPERATING_MW,32.68,
7/25/2026 4:25:00 PM,RTD,CLUZ,01BUGSOL_G01,G,7/25/2026 4:26:00 PM,7/25/2026 4:30:00 PM,MAX_OPERATING_MW,23.30,
7/25/2026 4:25:00 PM,RTD,CLUZ,01BUGSOL_G01,G,7/25/2026 4:26:00 PM,7/25/2026 4:30:00 PM,MIN_OPERATING_MW,23.30,
7/25/2026 4:25:00 PM,RTD,CLUZ,01BULACSOL_G01,G,7/25/2026 4:01:00 PM,7/25/2026 5:00:00 PM,MAX_OPERATING_MW,1.29,
7/25/2026 4:25:00 PM,RTD,CLUZ,01BULACSOL_G01,G,7/25/2026 4:01:00 PM,7/25/2026 5:00:00 PM,MIN_OPERATING_MW,1.29,
7/25/2026 4:25:00 PM,RTD,CLUZ,01MSINLO_G04,G,7/25/2026 6:51:00 AM,7/26/2026,MAX_OPERATING_MW,150,
7/25/2026 4:25:00 PM,RTD,CLUZ,01MSINLO_G04,G,7/25/2026 6:51:00 AM,7/26/2026,MIN_OPERATING_MW,150,
7/25/2026 4:25:00 PM,RTD,CLUZ,01PASBUSOL_G01,G,7/25/2026 4:01:00 PM,7/25/2026 5:00:00 PM,MAX_OPERATING_MW,6.81,
7/25/2026 4:25:00 PM,RTD,CLUZ,01PASBUSOL_G01,G,7/25/2026 4:01:00 PM,7/25/2026 5:00:00 PM,MIN_OPERATING_MW,6.81,
7/25/2026 4:25:00 PM,RTD,CLUZ,01TERRASOL_G01,G,7/25/2026 3:06:00 PM,7/25/2026 4:45:00 PM,MAX_OPERATING_MW,300,
7/25/2026 4:25:00 PM,RTD,CLUZ,01TERRASOL_G01,G,7/25/2026 3:06:00 PM,7/25/2026 4:45:00 PM,MIN_OPERATING_MW,300,
7/25/2026 4:25:00 PM,RTD,CLUZ,03ALMNOS_BAT1,G,7/25/2026 4:01:00 PM,7/25/2026 5:30:00 PM,MAX_OPERATING_MW,20,
7/25/2026 4:25:00 PM,RTD,CLUZ,03ALMNOS_BAT1,G,7/25/2026 4:01:00 PM,7/25/2026 5:30:00 PM,MIN_OPERATING_MW,20,
7/25/2026 4:25:00 PM,RTD,CLUZ,03LUMBSOL_G01,G,7/25/2026 4:21:00 PM,7/25/2026 4:25:00 PM,MAX_OPERATING_MW,30,
7/25/2026 4:25:00 PM,RTD,CLUZ,03LUMBSOL_G01,G,7/25/2026 4:21:00 PM,7/25/2026 4:25:00 PM,MIN_OPERATING_MW,30,
7/25/2026 4:25:00 PM,RTD,CLUZ,03LUMBSOL_G01,G,7/25/2026 4:26:00 PM,7/25/2026 4:30:00 PM,MAX_OPERATING_MW,30,
7/25/2026 4:25:00 PM,RTD,CLUZ,03LUMBSOL_G01,G,7/25/2026 4:26:00 PM,7/25/2026 4:30:00 PM,MIN_OPERATING_MW,30,
7/25/2026 4:25:00 PM,RTD,CLUZ,03LUNSOL_G01,G,7/25/2026 4:21:00 PM,7/25/2026 4:25:00 PM,MAX_OPERATING_MW,6.08,
7/25/2026 4:25:00 PM,RTD,CLUZ,03LUNSOL_G01,G,7/25/2026 4:21:00 PM,7/25/2026 4:25:00 PM,MIN_OPERATING_MW,6.08,
7/25/2026 4:25:00 PM,RTD,CLUZ,03LUNSOL_G01,G,7/25/2026 4:26:00 PM,7/25/2026 4:30:00 PM,MAX_OPERATING_MW,5.48,
7/25/2026 4:25:00 PM,RTD,CLUZ,03LUNSOL_G01,G,7/25/2026 4:26:00 PM,7/25/2026 4:30:00 PM,MIN_OPERATING_MW,5.48,
7/25/2026 4:25:00 PM,RTD,CVIS,06SLYSOL_G02,G,7/25/2026 4:01:00 PM,7/25/2026 5:00:00 PM,MAX_OPERATING_MW,7.18,
7/25/2026 4:25:00 PM,RTD,CVIS,06SLYSOL_G02,G,7/25/2026 4:01:00 PM,7/25/2026 5:00:00 PM,MIN_OPERATING_MW,7.18,
7/25/2026 4:25:00 PM,RTD,CVIS,06SLYSOL_G03,G,7/25/2026 4:01:00 PM,7/25/2026 5:00:00 PM,MAX_OPERATING_MW,4.66,
7/25/2026 4:25:00 PM,RTD,CVIS,06SLYSOL_G03,G,7/25/2026 4:01:00 PM,7/25/2026 5:00:00 PM,MIN_OPERATING_MW,4.66,
7/25/2026 4:25:00 PM,RTD,CMIN,10LIAN_G02,G,7/25/2026 12:05:00 AM,7/25/2026 11:59:00 PM,MAX_OPERATING_MW,6,
7/25/2026 4:25:00 PM,RTD,CMIN,10LIAN_G02,G,7/25/2026 12:05:00 AM,7/25/2026 11:59:00 PM,MIN_OPERATING_MW,3,
7/25/2026 4:25:00 PM,RTD,CMIN,11MALADU_G01,G,7/25/2026 12:01:00 AM,7/26/2026,MAX_OPERATING_MW,9.50,
7/25/2026 4:25:00 PM,RTD,CMIN,11MALADU_G01,G,7/25/2026 12:01:00 AM,7/26/2026,MIN_OPERATING_MW,9.50,
7/25/2026 4:25:00 PM,RTD,CMIN,11MARAMSOL_G01,G,7/25/2026 2:46:00 PM,7/25/2026 6:45:00 PM,MAX_OPERATING_MW,10,
7/25/2026 4:25:00 PM,RTD,CMIN,11MARAMSOL_G01,G,7/25/2026 2:46:00 PM,7/25/2026 6:45:00 PM,MIN_OPERATING_MW,10,
7/25/2026 4:30:00 PM,RTD,CLUZ,01BARBASOL_G01,G,7/25/2026 4:26:00 PM,7/25/2026 4:30:00 PM,MAX_OPERATING_MW,13.75,
7/25/2026 4:30:00 PM,RTD,CLUZ,01BARBASOL_G01,G,7/25/2026 4:26:00 PM,7/25/2026 4:30:00 PM,MIN_OPERATING_MW,13.75,
7/25/2026 4:30:00 PM,RTD,CLUZ,01BARBASOL_G01,G,7/25/2026 4:31:00 PM,7/25/2026 4:35:00 PM,MAX_OPERATING_MW,12.82,
7/25/2026 4:30:00 PM,RTD,CLUZ,01BARBASOL_G01,G,7/25/2026 4:31:00 PM,7/25/2026 4:35:00 PM,MIN_OPERATING_MW,12.82,
7/25/2026 4:30:00 PM,RTD,CLUZ,01BUGSOL_G01,G,7/25/2026 4:26:00 PM,7/25/2026 4:30:00 PM,MAX_OPERATING_MW,23.30,
7/25/2026 4:30:00 PM,RTD,CLUZ,01BUGSOL_G01,G,7/25/2026 4:26:00 PM,7/25/2026 4:30:00 PM,MIN_OPERATING_MW,23.30,
7/25/2026 4:30:00 PM,RTD,CLUZ,01BUGSOL_G01,G,7/25/2026 4:31:00 PM,7/25/2026 4:35:00 PM,MAX_OPERATING_MW,16.69,
7/25/2026 4:30:00 PM,RTD,CLUZ,01BUGSOL_G01,G,7/25/2026 4:31:00 PM,7/25/2026 4:35:00 PM,MIN_OPERATING_MW,16.69,
7/25/2026 4:30:00 PM,RTD,CLUZ,01BULACSOL_G01,G,7/25/2026 4:01:00 PM,7/25/2026 5:00:00 PM,MAX_OPERATING_MW,1.29,
7/25/2026 4:30:00 PM,RTD,CLUZ,01BULACSOL_G01,G,7/25/2026 4:01:00 PM,7/25/2026 5:00:00 PM,MIN_OPERATING_MW,1.29,
7/25/2026 4:30:00 PM,RTD,CLUZ,01MSINLO_G04,G,7/25/2026 6:51:00 AM,7/26/2026,MAX_OPERATING_MW,150,
7/25/2026 4:30:00 PM,RTD,CLUZ,01MSINLO_G04,G,7/25/2026 6:51:00 AM,7/26/2026,MIN_OPERATING_MW,150,
7/25/2026 4:30:00 PM,RTD,CLUZ,01PASBUSOL_G01,G,7/25/2026 4:01:00 PM,7/25/2026 5:00:00 PM,MAX_OPERATING_MW,6.81,
7/25/2026 4:30:00 PM,RTD,CLUZ,01PASBUSOL_G01,G,7/25/2026 4:01:00 PM,7/25/2026 5:00:00 PM,MIN_OPERATING_MW,6.81,
7/25/2026 4:30:00 PM,RTD,CLUZ,01TERRASOL_G01,G,7/25/2026 3:06:00 PM,7/25/2026 4:45:00 PM,MAX_OPERATING_MW,300,
7/25/2026 4:30:00 PM,RTD,CLUZ,01TERRASOL_G01,G,7/25/2026 3:06:00 PM,7/25/2026 4:45:00 PM,MIN_OPERATING_MW,300,
7/25/2026 4:30:00 PM,RTD,CLUZ,03ALMNOS_BAT1,G,7/25/2026 4:01:00 PM,7/25/2026 5:30:00 PM,MAX_OPERATING_MW,20,
7/25/2026 4:30:00 PM,RTD,CLUZ,03ALMNOS_BAT1,G,7/25/2026 4:01:00 PM,7/25/2026 5:30:00 PM,MIN_OPERATING_MW,20,
7/25/2026 4:30:00 PM,RTD,CLUZ,03LUMBSOL_G01,G,7/25/2026 4:26:00 PM,7/25/2026 4:30:00 PM,MAX_OPERATING_MW,30,
7/25/2026 4:30:00 PM,RTD,CLUZ,03LUMBSOL_G01,G,7/25/2026 4:26:00 PM,7/25/2026 4:30:00 PM,MIN_OPERATING_MW,30,
7/25/2026 4:30:00 PM,RTD,CLUZ,03LUMBSOL_G01,G,7/25/2026 4:31:00 PM,7/25/2026 4:35:00 PM,MAX_OPERATING_MW,30,
7/25/2026 4:30:00 PM,RTD,CLUZ,03LUMBSOL_G01,G,7/25/2026 4:31:00 PM,7/25/2026 4:35:00 PM,MIN_OPERATING_MW,30,
7/25/2026 4:30:00 PM,RTD,CLUZ,03LUNSOL_G01,G,7/25/2026 4:26:00 PM,7/25/2026 4:30:00 PM,MAX_OPERATING_MW,5.48,
7/25/2026 4:30:00 PM,RTD,CLUZ,03LUNSOL_G01,G,7/25/2026 4:26:00 PM,7/25/2026 4:30:00 PM,MIN_OPERATING_MW,5.48,
7/25/2026 4:30:00 PM,RTD,CLUZ,03LUNSOL_G01,G,7/25/2026 4:31:00 PM,7/25/2026 4:35:00 PM,MAX_OPERATING_MW,4.91,
7/25/2026 4:30:00 PM,RTD,CLUZ,03LUNSOL_G01,G,7/25/2026 4:31:00 PM,7/25/2026 4:35:00 PM,MIN_OPERATING_MW,4.91,
7/25/2026 4:30:00 PM,RTD,CVIS,06SLYSOL_G02,G,7/25/2026 4:01:00 PM,7/25/2026 5:00:00 PM,MAX_OPERATING_MW,7.18,
7/25/2026 4:30:00 PM,RTD,CVIS,06SLYSOL_G02,G,7/25/2026 4:01:00 PM,7/25/2026 5:00:00 PM,MIN_OPERATING_MW,7.18,
7/25/2026 4:30:00 PM,RTD,CVIS,06SLYSOL_G03,G,7/25/2026 4:01:00 PM,7/25/2026 5:00:00 PM,MAX_OPERATING_MW,4.66,
7/25/2026 4:30:00 PM,RTD,CVIS,06SLYSOL_G03,G,7/25/2026 4:01:00 PM,7/25/2026 5:00:00 PM,MIN_OPERATING_MW,4.66,
7/25/2026 4:30:00 PM,RTD,CMIN,10LIAN_G02,G,7/25/2026 12:05:00 AM,7/25/2026 11:59:00 PM,MAX_OPERATING_MW,6,
7/25/2026 4:30:00 PM,RTD,CMIN,10LIAN_G02,G,7/25/2026 12:05:00 AM,7/25/2026 11:59:00 PM,MIN_OPERATING_MW,3,
7/25/2026 4:30:00 PM,RTD,CMIN,11MALADU_G01,G,7/25/2026 12:01:00 AM,7/26/2026,MAX_OPERATING_MW,9.50,
7/25/2026 4:30:00 PM,RTD,CMIN,11MALADU_G01,G,7/25/2026 12:01:00 AM,7/26/2026,MIN_OPERATING_MW,9.50,
7/25/2026 4:30:00 PM,RTD,CMIN,11MARAMSOL_G01,G,7/25/2026 2:46:00 PM,7/25/2026 6:45:00 PM,MAX_OPERATING_MW,10,
7/25/2026 4:30:00 PM,RTD,CMIN,11MARAMSOL_G01,G,7/25/2026 2:46:00 PM,7/25/2026 6:45:00 PM,MIN_OPERATING_MW,10,
7/25/2026 4:35:00 PM,RTD,CLUZ,01BARBASOL_G01,G,7/25/2026 4:31:00 PM,7/25/2026 4:35:00 PM,MAX_OPERATING_MW,12.82,
7/25/2026 4:35:00 PM,RTD,CLUZ,01BARBASOL_G01,G,7/25/2026 4:31:00 PM,7/25/2026 4:35:00 PM,MIN_OPERATING_MW,12.82,
7/25/2026 4:35:00 PM,RTD,CLUZ,01BARBASOL_G01,G,7/25/2026 4:36:00 PM,7/25/2026 4:40:00 PM,MAX_OPERATING_MW,11.90,
7/25/2026 4:35:00 PM,RTD,CLUZ,01BARBASOL_G01,G,7/25/2026 4:36:00 PM,7/25/2026 4:40:00 PM,MIN_OPERATING_MW,11.90,
7/25/2026 4:35:00 PM,RTD,CLUZ,01BUGSOL_G01,G,7/25/2026 4:31:00 PM,7/25/2026 4:35:00 PM,MAX_OPERATING_MW,16.69,
7/25/2026 4:35:00 PM,RTD,CLUZ,01BUGSOL_G01,G,7/25/2026 4:31:00 PM,7/25/2026 4:35:00 PM,MIN_OPERATING_MW,16.69,
7/25/2026 4:35:00 PM,RTD,CLUZ,01BUGSOL_G01,G,7/25/2026 4:36:00 PM,7/25/2026 4:40:00 PM,MAX_OPERATING_MW,13.31,
7/25/2026 4:35:00 PM,RTD,CLUZ,01BUGSOL_G01,G,7/25/2026 4:36:00 PM,7/25/2026 4:40:00 PM,MIN_OPERATING_MW,13.31,
7/25/2026 4:35:00 PM,RTD,CLUZ,01BULACSOL_G01,G,7/25/2026 4:01:00 PM,7/25/2026 5:00:00 PM,MAX_OPERATING_MW,1.29,
7/25/2026 4:35:00 PM,RTD,CLUZ,01BULACSOL_G01,G,7/25/2026 4:01:00 PM,7/25/2026 5:00:00 PM,MIN_OPERATING_MW,1.29,
7/25/2026 4:35:00 PM,RTD,CLUZ,01MSINLO_G04,G,7/25/2026 6:51:00 AM,7/26/2026,MAX_OPERATING_MW,150,
7/25/2026 4:35:00 PM,RTD,CLUZ,01MSINLO_G04,G,7/25/2026 6:51:00 AM,7/26/2026,MIN_OPERATING_MW,150,
7/25/2026 4:35:00 PM,RTD,CLUZ,01PASBUSOL_G01,G,7/25/2026 4:01:00 PM,7/25/2026 5:00:00 PM,MAX_OPERATING_MW,6.81,
7/25/2026 4:35:00 PM,RTD,CLUZ,01PASBUSOL_G01,G,7/25/2026 4:01:00 PM,7/25/2026 5:00:00 PM,MIN_OPERATING_MW,6.81,
7/25/2026 4:35:00 PM,RTD,CLUZ,01TERRASOL_G01,G,7/25/2026 3:06:00 PM,7/25/2026 4:45:00 PM,MAX_OPERATING_MW,300,
7/25/2026 4:35:00 PM,RTD,CLUZ,01TERRASOL_G01,G,7/25/2026 3:06:00 PM,7/25/2026 4:45:00 PM,MIN_OPERATING_MW,300,
7/25/2026 4:35:00 PM,RTD,CLUZ,03ALMNOS_BAT1,G,7/25/2026 4:01:00 PM,7/25/2026 5:30:00 PM,MAX_OPERATING_MW,20,
7/25/2026 4:35:00 PM,RTD,CLUZ,03ALMNOS_BAT1,G,7/25/2026 4:01:00 PM,7/25/2026 5:30:00 PM,MIN_OPERATING_MW,20,
7/25/2026 4:35:00 PM,RTD,CLUZ,03LUMBSOL_G01,G,7/25/2026 4:31:00 PM,7/25/2026 4:35:00 PM,MAX_OPERATING_MW,30,
7/25/2026 4:35:00 PM,RTD,CLUZ,03LUMBSOL_G01,G,7/25/2026 4:31:00 PM,7/25/2026 4:35:00 PM,MIN_OPERATING_MW,30,
7/25/2026 4:35:00 PM,RTD,CLUZ,03LUMBSOL_G01,G,7/25/2026 4:36:00 PM,7/25/2026 4:40:00 PM,MAX_OPERATING_MW,30,
7/25/2026 4:35:00 PM,RTD,CLUZ,03LUMBSOL_G01,G,7/25/2026 4:36:00 PM,7/25/2026 4:40:00 PM,MIN_OPERATING_MW,30,
7/25/2026 4:35:00 PM,RTD,CLUZ,03LUNSOL_G01,G,7/25/2026 4:31:00 PM,7/25/2026 4:35:00 PM,MAX_OPERATING_MW,4.91,
7/25/2026 4:35:00 PM,RTD,CLUZ,03LUNSOL_G01,G,7/25/2026 4:31:00 PM,7/25/2026 4:35:00 PM,MIN_OPERATING_MW,4.91,
7/25/2026 4:35:00 PM,RTD,CLUZ,03LUNSOL_G01,G,7/25/2026 4:36:00 PM,7/25/2026 4:40:00 PM,MAX_OPERATING_MW,4.38,
7/25/2026 4:35:00 PM,RTD,CLUZ,03LUNSOL_G01,G,7/25/2026 4:36:00 PM,7/25/2026 4:40:00 PM,MIN_OPERATING_MW,4.38,
7/25/2026 4:35:00 PM,RTD,CVIS,06SLYSOL_G02,G,7/25/2026 4:01:00 PM,7/25/2026 5:00:00 PM,MAX_OPERATING_MW,7.18,
7/25/2026 4:35:00 PM,RTD,CVIS,06SLYSOL_G02,G,7/25/2026 4:01:00 PM,7/25/2026 5:00:00 PM,MIN_OPERATING_MW,7.18,
7/25/2026 4:35:00 PM,RTD,CVIS,06SLYSOL_G03,G,7/25/2026 4:01:00 PM,7/25/2026 5:00:00 PM,MAX_OPERATING_MW,4.66,
7/25/2026 4:35:00 PM,RTD,CVIS,06SLYSOL_G03,G,7/25/2026 4:01:00 PM,7/25/2026 5:00:00 PM,MIN_OPERATING_MW,4.66,
7/25/2026 4:35:00 PM,RTD,CMIN,10LIAN_G02,G,7/25/2026 12:05:00 AM,7/25/2026 11:59:00 PM,MAX_OPERATING_MW,6,
7/25/2026 4:35:00 PM,RTD,CMIN,10LIAN_G02,G,7/25/2026 12:05:00 AM,7/25/2026 11:59:00 PM,MIN_OPERATING_MW,3,
7/25/2026 4:35:00 PM,RTD,CMIN,11MALADU_G01,G,7/25/2026 12:01:00 AM,7/26/2026,MAX_OPERATING_MW,9.50,
7/25/2026 4:35:00 PM,RTD,CMIN,11MALADU_G01,G,7/25/2026 12:01:00 AM,7/26/2026,MIN_OPERATING_MW,9.50,
7/25/2026 4:35:00 PM,RTD,CMIN,11MARAMSOL_G01,G,7/25/2026 2:46:00 PM,7/25/2026 6:45:00 PM,MAX_OPERATING_MW,10,
7/25/2026 4:35:00 PM,RTD,CMIN,11MARAMSOL_G01,G,7/25/2026 2:46:00 PM,7/25/2026 6:45:00 PM,MIN_OPERATING_MW,10,
7/25/2026 4:40:00 PM,RTD,CLUZ,01BARBASOL_G01,G,7/25/2026 4:36:00 PM,7/25/2026 4:40:00 PM,MAX_OPERATING_MW,11.90,
7/25/2026 4:40:00 PM,RTD,CLUZ,01BARBASOL_G01,G,7/25/2026 4:36:00 PM,7/25/2026 4:40:00 PM,MIN_OPERATING_MW,11.90,
7/25/2026 4:40:00 PM,RTD,CLUZ,01BARBASOL_G01,G,7/25/2026 4:41:00 PM,7/25/2026 4:45:00 PM,MAX_OPERATING_MW,11.01,
7/25/2026 4:40:00 PM,RTD,CLUZ,01BARBASOL_G01,G,7/25/2026 4:41:00 PM,7/25/2026 4:45:00 PM,MIN_OPERATING_MW,11.01,
7/25/2026 4:40:00 PM,RTD,CLUZ,01BUGSOL_G01,G,7/25/2026 4:36:00 PM,7/25/2026 4:40:00 PM,MAX_OPERATING_MW,50,
7/25/2026 4:40:00 PM,RTD,CLUZ,01BUGSOL_G01,G,7/25/2026 4:36:00 PM,7/25/2026 4:40:00 PM,MIN_OPERATING_MW,50,
7/25/2026 4:40:00 PM,RTD,CLUZ,01BUGSOL_G01,G,7/25/2026 4:41:00 PM,7/25/2026 4:45:00 PM,MAX_OPERATING_MW,50,
7/25/2026 4:40:00 PM,RTD,CLUZ,01BUGSOL_G01,G,7/25/2026 4:41:00 PM,7/25/2026 4:45:00 PM,MIN_OPERATING_MW,50,
7/25/2026 4:40:00 PM,RTD,CLUZ,01BULACSOL_G01,G,7/25/2026 4:01:00 PM,7/25/2026 5:00:00 PM,MAX_OPERATING_MW,1.29,
7/25/2026 4:40:00 PM,RTD,CLUZ,01BULACSOL_G01,G,7/25/2026 4:01:00 PM,7/25/2026 5:00:00 PM,MIN_OPERATING_MW,1.29,
7/25/2026 4:40:00 PM,RTD,CLUZ,01MSINLO_G04,G,7/25/2026 6:51:00 AM,7/26/2026,MAX_OPERATING_MW,150,
7/25/2026 4:40:00 PM,RTD,CLUZ,01MSINLO_G04,G,7/25/2026 6:51:00 AM,7/26/2026,MIN_OPERATING_MW,150,
7/25/2026 4:40:00 PM,RTD,CLUZ,01PASBUSOL_G01,G,7/25/2026 4:01:00 PM,7/25/2026 5:00:00 PM,MAX_OPERATING_MW,6.81,
7/25/2026 4:40:00 PM,RTD,CLUZ,01PASBUSOL_G01,G,7/25/2026 4:01:00 PM,7/25/2026 5:00:00 PM,MIN_OPERATING_MW,6.81,
7/25/2026 4:40:00 PM,RTD,CLUZ,01TERRASOL_G01,G,7/25/2026 3:06:00 PM,7/25/2026 4:45:00 PM,MAX_OPERATING_MW,300,
7/25/2026 4:40:00 PM,RTD,CLUZ,01TERRASOL_G01,G,7/25/2026 3:06:00 PM,7/25/2026 4:45:00 PM,MIN_OPERATING_MW,300,
7/25/2026 4:40:00 PM,RTD,CLUZ,03ALMNOS_BAT1,G,7/25/2026 4:01:00 PM,7/25/2026 5:30:00 PM,MAX_OPERATING_MW,20,
7/25/2026 4:40:00 PM,RTD,CLUZ,03ALMNOS_BAT1,G,7/25/2026 4:01:00 PM,7/25/2026 5:30:00 PM,MIN_OPERATING_MW,20,
7/25/2026 4:40:00 PM,RTD,CLUZ,03LUMBSOL_G01,G,7/25/2026 4:36:00 PM,7/25/2026 4:40:00 PM,MAX_OPERATING_MW,30,
7/25/2026 4:40:00 PM,RTD,CLUZ,03LUMBSOL_G01,G,7/25/2026 4:36:00 PM,7/25/2026 4:40:00 PM,MIN_OPERATING_MW,30,
7/25/2026 4:40:00 PM,RTD,CLUZ,03LUMBSOL_G01,G,7/25/2026 4:41:00 PM,7/25/2026 4:45:00 PM,MAX_OPERATING_MW,30,
7/25/2026 4:40:00 PM,RTD,CLUZ,03LUMBSOL_G01,G,7/25/2026 4:41:00 PM,7/25/2026 4:45:00 PM,MIN_OPERATING_MW,30,
7/25/2026 4:40:00 PM,RTD,CLUZ,03LUNSOL_G01,G,7/25/2026 4:36:00 PM,7/25/2026 4:40:00 PM,MAX_OPERATING_MW,4.38,
7/25/2026 4:40:00 PM,RTD,CLUZ,03LUNSOL_G01,G,7/25/2026 4:36:00 PM,7/25/2026 4:40:00 PM,MIN_OPERATING_MW,4.38,
7/25/2026 4:40:00 PM,RTD,CLUZ,03LUNSOL_G01,G,7/25/2026 4:41:00 PM,7/25/2026 4:45:00 PM,MAX_OPERATING_MW,3.89,
7/25/2026 4:40:00 PM,RTD,CLUZ,03LUNSOL_G01,G,7/25/2026 4:41:00 PM,7/25/2026 4:45:00 PM,MIN_OPERATING_MW,3.89,
7/25/2026 4:40:00 PM,RTD,CVIS,06SLYSOL_G02,G,7/25/2026 4:01:00 PM,7/25/2026 5:00:00 PM,MAX_OPERATING_MW,7.18,
7/25/2026 4:40:00 PM,RTD,CVIS,06SLYSOL_G02,G,7/25/2026 4:01:00 PM,7/25/2026 5:00:00 PM,MIN_OPERATING_MW,7.18,
7/25/2026 4:40:00 PM,RTD,CVIS,06SLYSOL_G03,G,7/25/2026 4:01:00 PM,7/25/2026 5:00:00 PM,MAX_OPERATING_MW,4.66,
7/25/2026 4:40:00 PM,RTD,CVIS,06SLYSOL_G03,G,7/25/2026 4:01:00 PM,7/25/2026 5:00:00 PM,MIN_OPERATING_MW,4.66,
7/25/2026 4:40:00 PM,RTD,CMIN,10LIAN_G02,G,7/25/2026 12:05:00 AM,7/25/2026 11:59:00 PM,MAX_OPERATING_MW,6,
7/25/2026 4:40:00 PM,RTD,CMIN,10LIAN_G02,G,7/25/2026 12:05:00 AM,7/25/2026 11:59:00 PM,MIN_OPERATING_MW,3,
7/25/2026 4:40:00 PM,RTD,CMIN,11MALADU_G01,G,7/25/2026 12:01:00 AM,7/26/2026,MAX_OPERATING_MW,9.50,
7/25/2026 4:40:00 PM,RTD,CMIN,11MALADU_G01,G,7/25/2026 12:01:00 AM,7/26/2026,MIN_OPERATING_MW,9.50,
7/25/2026 4:40:00 PM,RTD,CMIN,11MARAMSOL_G01,G,7/25/2026 2:46:00 PM,7/25/2026 6:45:00 PM,MAX_OPERATING_MW,10,
7/25/2026 4:40:00 PM,RTD,CMIN,11MARAMSOL_G01,G,7/25/2026 2:46:00 PM,7/25/2026 6:45:00 PM,MIN_OPERATING_MW,10,
7/25/2026 4:45:00 PM,RTD,CLUZ,01BARBASOL_G01,G,7/25/2026 4:41:00 PM,7/25/2026 4:45:00 PM,MAX_OPERATING_MW,11.01,
7/25/2026 4:45:00 PM,RTD,CLUZ,01BARBASOL_G01,G,7/25/2026 4:41:00 PM,7/25/2026 4:45:00 PM,MIN_OPERATING_MW,11.01,
7/25/2026 4:45:00 PM,RTD,CLUZ,01BARBASOL_G01,G,7/25/2026 4:46:00 PM,7/25/2026 4:50:00 PM,MAX_OPERATING_MW,10.15,
7/25/2026 4:45:00 PM,RTD,CLUZ,01BARBASOL_G01,G,7/25/2026 4:46:00 PM,7/25/2026 4:50:00 PM,MIN_OPERATING_MW,10.15,
7/25/2026 4:45:00 PM,RTD,CLUZ,01BUGSOL_G01,G,7/25/2026 4:41:00 PM,7/25/2026 4:45:00 PM,MAX_OPERATING_MW,50,
7/25/2026 4:45:00 PM,RTD,CLUZ,01BUGSOL_G01,G,7/25/2026 4:41:00 PM,7/25/2026 4:45:00 PM,MIN_OPERATING_MW,50,
7/25/2026 4:45:00 PM,RTD,CLUZ,01BUGSOL_G01,G,7/25/2026 4:46:00 PM,7/25/2026 4:50:00 PM,MAX_OPERATING_MW,50,
7/25/2026 4:45:00 PM,RTD,CLUZ,01BUGSOL_G01,G,7/25/2026 4:46:00 PM,7/25/2026 4:50:00 PM,MIN_OPERATING_MW,50,
7/25/2026 4:45:00 PM,RTD,CLUZ,01BULACSOL_G01,G,7/25/2026 4:01:00 PM,7/25/2026 5:00:00 PM,MAX_OPERATING_MW,1.29,
7/25/2026 4:45:00 PM,RTD,CLUZ,01BULACSOL_G01,G,7/25/2026 4:01:00 PM,7/25/2026 5:00:00 PM,MIN_OPERATING_MW,1.29,
7/25/2026 4:45:00 PM,RTD,CLUZ,01MSINLO_G04,G,7/25/2026 6:51:00 AM,7/26/2026,MAX_OPERATING_MW,150,
7/25/2026 4:45:00 PM,RTD,CLUZ,01MSINLO_G04,G,7/25/2026 6:51:00 AM,7/26/2026,MIN_OPERATING_MW,150,
7/25/2026 4:45:00 PM,RTD,CLUZ,01PASBUSOL_G01,G,7/25/2026 4:01:00 PM,7/25/2026 5:00:00 PM,MAX_OPERATING_MW,6.81,
7/25/2026 4:45:00 PM,RTD,CLUZ,01PASBUSOL_G01,G,7/25/2026 4:01:00 PM,7/25/2026 5:00:00 PM,MIN_OPERATING_MW,6.81,
7/25/2026 4:45:00 PM,RTD,CLUZ,01TERRASOL_G01,G,7/25/2026 3:06:00 PM,7/25/2026 4:45:00 PM,MAX_OPERATING_MW,300,
7/25/2026 4:45:00 PM,RTD,CLUZ,01TERRASOL_G01,G,7/25/2026 3:06:00 PM,7/25/2026 4:45:00 PM,MIN_OPERATING_MW,300,
7/25/2026 4:45:00 PM,RTD,CLUZ,01TERRASOL_G01,G,7/25/2026 4:46:00 PM,7/25/2026 4:50:00 PM,MAX_OPERATING_MW,289.19,
7/25/2026 4:45:00 PM,RTD,CLUZ,01TERRASOL_G01,G,7/25/2026 4:46:00 PM,7/25/2026 4:50:00 PM,MIN_OPERATING_MW,289.19,
7/25/2026 4:45:00 PM,RTD,CLUZ,03ALMNOS_BAT1,G,7/25/2026 4:01:00 PM,7/25/2026 5:30:00 PM,MAX_OPERATING_MW,20,
7/25/2026 4:45:00 PM,RTD,CLUZ,03ALMNOS_BAT1,G,7/25/2026 4:01:00 PM,7/25/2026 5:30:00 PM,MIN_OPERATING_MW,20,
7/25/2026 4:45:00 PM,RTD,CLUZ,03LUMBSOL_G01,G,7/25/2026 4:41:00 PM,7/25/2026 4:45:00 PM,MAX_OPERATING_MW,30,
7/25/2026 4:45:00 PM,RTD,CLUZ,03LUMBSOL_G01,G,7/25/2026 4:41:00 PM,7/25/2026 4:45:00 PM,MIN_OPERATING_MW,30,
7/25/2026 4:45:00 PM,RTD,CLUZ,03LUMBSOL_G01,G,7/25/2026 4:46:00 PM,7/25/2026 4:50:00 PM,MAX_OPERATING_MW,30,
7/25/2026 4:45:00 PM,RTD,CLUZ,03LUMBSOL_G01,G,7/25/2026 4:46:00 PM,7/25/2026 4:50:00 PM,MIN_OPERATING_MW,30,
7/25/2026 4:45:00 PM,RTD,CLUZ,03LUNSOL_G01,G,7/25/2026 4:41:00 PM,7/25/2026 4:45:00 PM,MAX_OPERATING_MW,3.89,
7/25/2026 4:45:00 PM,RTD,CLUZ,03LUNSOL_G01,G,7/25/2026 4:41:00 PM,7/25/2026 4:45:00 PM,MIN_OPERATING_MW,3.89,
7/25/2026 4:45:00 PM,RTD,CLUZ,03LUNSOL_G01,G,7/25/2026 4:46:00 PM,7/25/2026 4:50:00 PM,MAX_OPERATING_MW,3.42,
7/25/2026 4:45:00 PM,RTD,CLUZ,03LUNSOL_G01,G,7/25/2026 4:46:00 PM,7/25/2026 4:50:00 PM,MIN_OPERATING_MW,3.42,
7/25/2026 4:45:00 PM,RTD,CVIS,06SLYSOL_G02,G,7/25/2026 4:01:00 PM,7/25/2026 5:00:00 PM,MAX_OPERATING_MW,7.18,
7/25/2026 4:45:00 PM,RTD,CVIS,06SLYSOL_G02,G,7/25/2026 4:01:00 PM,7/25/2026 5:00:00 PM,MIN_OPERATING_MW,7.18,
7/25/2026 4:45:00 PM,RTD,CVIS,06SLYSOL_G03,G,7/25/2026 4:01:00 PM,7/25/2026 5:00:00 PM,MAX_OPERATING_MW,4.66,
7/25/2026 4:45:00 PM,RTD,CVIS,06SLYSOL_G03,G,7/25/2026 4:01:00 PM,7/25/2026 5:00:00 PM,MIN_OPERATING_MW,4.66,
7/25/2026 4:45:00 PM,RTD,CMIN,10LIAN_G02,G,7/25/2026 12:05:00 AM,7/25/2026 11:59:00 PM,MAX_OPERATING_MW,6,
7/25/2026 4:45:00 PM,RTD,CMIN,10LIAN_G02,G,7/25/2026 12:05:00 AM,7/25/2026 11:59:00 PM,MIN_OPERATING_MW,3,
7/25/2026 4:45:00 PM,RTD,CMIN,11MALADU_G01,G,7/25/2026 12:01:00 AM,7/26/2026,MAX_OPERATING_MW,9.50,
7/25/2026 4:45:00 PM,RTD,CMIN,11MALADU_G01,G,7/25/2026 12:01:00 AM,7/26/2026,MIN_OPERATING_MW,9.50,
7/25/2026 4:45:00 PM,RTD,CMIN,11MARAMSOL_G01,G,7/25/2026 2:46:00 PM,7/25/2026 6:45:00 PM,MAX_OPERATING_MW,10,
7/25/2026 4:45:00 PM,RTD,CMIN,11MARAMSOL_G01,G,7/25/2026 2:46:00 PM,7/25/2026 6:45:00 PM,MIN_OPERATING_MW,10,
7/25/2026 4:50:00 PM,RTD,CLUZ,01BARBASOL_G01,G,7/25/2026 4:46:00 PM,7/25/2026 4:50:00 PM,MAX_OPERATING_MW,10.15,
7/25/2026 4:50:00 PM,RTD,CLUZ,01BARBASOL_G01,G,7/25/2026 4:46:00 PM,7/25/2026 4:50:00 PM,MIN_OPERATING_MW,10.15,
7/25/2026 4:50:00 PM,RTD,CLUZ,01BARBASOL_G01,G,7/25/2026 4:51:00 PM,7/25/2026 4:55:00 PM,MAX_OPERATING_MW,9.33,
7/25/2026 4:50:00 PM,RTD,CLUZ,01BARBASOL_G01,G,7/25/2026 4:51:00 PM,7/25/2026 4:55:00 PM,MIN_OPERATING_MW,9.33,
7/25/2026 4:50:00 PM,RTD,CLUZ,01BUGSOL_G01,G,7/25/2026 4:46:00 PM,7/25/2026 4:50:00 PM,MAX_OPERATING_MW,50,
7/25/2026 4:50:00 PM,RTD,CLUZ,01BUGSOL_G01,G,7/25/2026 4:46:00 PM,7/25/2026 4:50:00 PM,MIN_OPERATING_MW,50,
7/25/2026 4:50:00 PM,RTD,CLUZ,01BUGSOL_G01,G,7/25/2026 4:51:00 PM,7/25/2026 4:55:00 PM,MAX_OPERATING_MW,50,
7/25/2026 4:50:00 PM,RTD,CLUZ,01BUGSOL_G01,G,7/25/2026 4:51:00 PM,7/25/2026 4:55:00 PM,MIN_OPERATING_MW,50,
7/25/2026 4:50:00 PM,RTD,CLUZ,01BULACSOL_G01,G,7/25/2026 4:01:00 PM,7/25/2026 5:00:00 PM,MAX_OPERATING_MW,1.29,
7/25/2026 4:50:00 PM,RTD,CLUZ,01BULACSOL_G01,G,7/25/2026 4:01:00 PM,7/25/2026 5:00:00 PM,MIN_OPERATING_MW,1.29,
7/25/2026 4:50:00 PM,RTD,CLUZ,01MSINLO_G04,G,7/25/2026 6:51:00 AM,7/26/2026,MAX_OPERATING_MW,150,
7/25/2026 4:50:00 PM,RTD,CLUZ,01MSINLO_G04,G,7/25/2026 6:51:00 AM,7/26/2026,MIN_OPERATING_MW,150,
7/25/2026 4:50:00 PM,RTD,CLUZ,01PASBUSOL_G01,G,7/25/2026 4:01:00 PM,7/25/2026 5:00:00 PM,MAX_OPERATING_MW,6.81,
7/25/2026 4:50:00 PM,RTD,CLUZ,01PASBUSOL_G01,G,7/25/2026 4:01:00 PM,7/25/2026 5:00:00 PM,MIN_OPERATING_MW,6.81,
7/25/2026 4:50:00 PM,RTD,CLUZ,01TERRASOL_G01,G,7/25/2026 4:46:00 PM,7/25/2026 4:50:00 PM,MAX_OPERATING_MW,289.19,
7/25/2026 4:50:00 PM,RTD,CLUZ,01TERRASOL_G01,G,7/25/2026 4:46:00 PM,7/25/2026 4:50:00 PM,MIN_OPERATING_MW,289.19,
7/25/2026 4:50:00 PM,RTD,CLUZ,01TERRASOL_G01,G,7/25/2026 4:51:00 PM,7/25/2026 4:55:00 PM,MAX_OPERATING_MW,266.21,
7/25/2026 4:50:00 PM,RTD,CLUZ,01TERRASOL_G01,G,7/25/2026 4:51:00 PM,7/25/2026 4:55:00 PM,MIN_OPERATING_MW,266.21,
7/25/2026 4:50:00 PM,RTD,CLUZ,03ALMNOS_BAT1,G,7/25/2026 4:01:00 PM,7/25/2026 5:30:00 PM,MAX_OPERATING_MW,20,
7/25/2026 4:50:00 PM,RTD,CLUZ,03ALMNOS_BAT1,G,7/25/2026 4:01:00 PM,7/25/2026 5:30:00 PM,MIN_OPERATING_MW,20,
7/25/2026 4:50:00 PM,RTD,CLUZ,03LUMBSOL_G01,G,7/25/2026 4:46:00 PM,7/25/2026 4:50:00 PM,MAX_OPERATING_MW,30,
7/25/2026 4:50:00 PM,RTD,CLUZ,03LUMBSOL_G01,G,7/25/2026 4:46:00 PM,7/25/2026 4:50:00 PM,MIN_OPERATING_MW,30,
7/25/2026 4:50:00 PM,RTD,CLUZ,03LUMBSOL_G01,G,7/25/2026 4:51:00 PM,7/25/2026 4:55:00 PM,MAX_OPERATING_MW,30,
7/25/2026 4:50:00 PM,RTD,CLUZ,03LUMBSOL_G01,G,7/25/2026 4:51:00 PM,7/25/2026 4:55:00 PM,MIN_OPERATING_MW,30,
7/25/2026 4:50:00 PM,RTD,CLUZ,03LUNSOL_G01,G,7/25/2026 4:46:00 PM,7/25/2026 4:50:00 PM,MAX_OPERATING_MW,3.42,
7/25/2026 4:50:00 PM,RTD,CLUZ,03LUNSOL_G01,G,7/25/2026 4:46:00 PM,7/25/2026 4:50:00 PM,MIN_OPERATING_MW,3.42,
7/25/2026 4:50:00 PM,RTD,CLUZ,03LUNSOL_G01,G,7/25/2026 4:51:00 PM,7/25/2026 4:55:00 PM,MAX_OPERATING_MW,2.98,
7/25/2026 4:50:00 PM,RTD,CLUZ,03LUNSOL_G01,G,7/25/2026 4:51:00 PM,7/25/2026 4:55:00 PM,MIN_OPERATING_MW,2.98,
7/25/2026 4:50:00 PM,RTD,CVIS,06SLYSOL_G02,G,7/25/2026 4:01:00 PM,7/25/2026 5:00:00 PM,MAX_OPERATING_MW,7.18,
7/25/2026 4:50:00 PM,RTD,CVIS,06SLYSOL_G02,G,7/25/2026 4:01:00 PM,7/25/2026 5:00:00 PM,MIN_OPERATING_MW,7.18,
7/25/2026 4:50:00 PM,RTD,CVIS,06SLYSOL_G03,G,7/25/2026 4:01:00 PM,7/25/2026 5:00:00 PM,MAX_OPERATING_MW,4.66,
7/25/2026 4:50:00 PM,RTD,CVIS,06SLYSOL_G03,G,7/25/2026 4:01:00 PM,7/25/2026 5:00:00 PM,MIN_OPERATING_MW,4.66,
7/25/2026 4:50:00 PM,RTD,CMIN,10LIAN_G02,G,7/25/2026 12:05:00 AM,7/25/2026 11:59:00 PM,MAX_OPERATING_MW,6,
7/25/2026 4:50:00 PM,RTD,CMIN,10LIAN_G02,G,7/25/2026 12:05:00 AM,7/25/2026 11:59:00 PM,MIN_OPERATING_MW,3,
7/25/2026 4:50:00 PM,RTD,CMIN,11MALADU_G01,G,7/25/2026 12:01:00 AM,7/26/2026,MAX_OPERATING_MW,9.50,
7/25/2026 4:50:00 PM,RTD,CMIN,11MALADU_G01,G,7/25/2026 12:01:00 AM,7/26/2026,MIN_OPERATING_MW,9.50,
7/25/2026 4:50:00 PM,RTD,CMIN,11MARAMSOL_G01,G,7/25/2026 2:46:00 PM,7/25/2026 6:45:00 PM,MAX_OPERATING_MW,10,
7/25/2026 4:50:00 PM,RTD,CMIN,11MARAMSOL_G01,G,7/25/2026 2:46:00 PM,7/25/2026 6:45:00 PM,MIN_OPERATING_MW,10,
7/25/2026 4:55:00 PM,RTD,CLUZ,01BARBASOL_G01,G,7/25/2026 4:51:00 PM,7/25/2026 4:55:00 PM,MAX_OPERATING_MW,9.33,
7/25/2026 4:55:00 PM,RTD,CLUZ,01BARBASOL_G01,G,7/25/2026 4:51:00 PM,7/25/2026 4:55:00 PM,MIN_OPERATING_MW,9.33,
7/25/2026 4:55:00 PM,RTD,CLUZ,01BARBASOL_G01,G,7/25/2026 4:56:00 PM,7/25/2026 5:00:00 PM,MAX_OPERATING_MW,8.56,
7/25/2026 4:55:00 PM,RTD,CLUZ,01BARBASOL_G01,G,7/25/2026 4:56:00 PM,7/25/2026 5:00:00 PM,MIN_OPERATING_MW,8.56,
7/25/2026 4:55:00 PM,RTD,CLUZ,01BUGSOL_G01,G,7/25/2026 4:51:00 PM,7/25/2026 4:55:00 PM,MAX_OPERATING_MW,50,
7/25/2026 4:55:00 PM,RTD,CLUZ,01BUGSOL_G01,G,7/25/2026 4:51:00 PM,7/25/2026 4:55:00 PM,MIN_OPERATING_MW,50,
7/25/2026 4:55:00 PM,RTD,CLUZ,01BUGSOL_G01,G,7/25/2026 4:56:00 PM,7/25/2026 5:00:00 PM,MAX_OPERATING_MW,50,
7/25/2026 4:55:00 PM,RTD,CLUZ,01BUGSOL_G01,G,7/25/2026 4:56:00 PM,7/25/2026 5:00:00 PM,MIN_OPERATING_MW,50,
7/25/2026 4:55:00 PM,RTD,CLUZ,01BULACSOL_G01,G,7/25/2026 4:01:00 PM,7/25/2026 5:00:00 PM,MAX_OPERATING_MW,1.29,
7/25/2026 4:55:00 PM,RTD,CLUZ,01BULACSOL_G01,G,7/25/2026 4:01:00 PM,7/25/2026 5:00:00 PM,MIN_OPERATING_MW,1.29,
7/25/2026 4:55:00 PM,RTD,CLUZ,01MSINLO_G04,G,7/25/2026 6:51:00 AM,7/26/2026,MAX_OPERATING_MW,150,
7/25/2026 4:55:00 PM,RTD,CLUZ,01MSINLO_G04,G,7/25/2026 6:51:00 AM,7/26/2026,MIN_OPERATING_MW,150,
7/25/2026 4:55:00 PM,RTD,CLUZ,01PASBUSOL_G01,G,7/25/2026 4:01:00 PM,7/25/2026 5:00:00 PM,MAX_OPERATING_MW,6.81,
7/25/2026 4:55:00 PM,RTD,CLUZ,01PASBUSOL_G01,G,7/25/2026 4:01:00 PM,7/25/2026 5:00:00 PM,MIN_OPERATING_MW,6.81,
7/25/2026 4:55:00 PM,RTD,CLUZ,01TERRASOL_G01,G,7/25/2026 4:01:00 PM,7/25/2026 5:30:00 PM,MAX_OPERATING_MW,100,
7/25/2026 4:55:00 PM,RTD,CLUZ,01TERRASOL_G01,G,7/25/2026 4:01:00 PM,7/25/2026 5:30:00 PM,MIN_OPERATING_MW,100,
7/25/2026 4:55:00 PM,RTD,CLUZ,03ALMNOS_BAT1,G,7/25/2026 4:01:00 PM,7/25/2026 5:30:00 PM,MAX_OPERATING_MW,20,
7/25/2026 4:55:00 PM,RTD,CLUZ,03ALMNOS_BAT1,G,7/25/2026 4:01:00 PM,7/25/2026 5:30:00 PM,MIN_OPERATING_MW,20,
7/25/2026 4:55:00 PM,RTD,CLUZ,03LUMBSOL_G01,G,7/25/2026 4:51:00 PM,7/25/2026 4:55:00 PM,MAX_OPERATING_MW,30,
7/25/2026 4:55:00 PM,RTD,CLUZ,03LUMBSOL_G01,G,7/25/2026 4:51:00 PM,7/25/2026 4:55:00 PM,MIN_OPERATING_MW,30,
7/25/2026 4:55:00 PM,RTD,CLUZ,03LUMBSOL_G01,G,7/25/2026 4:56:00 PM,7/25/2026 5:00:00 PM,MAX_OPERATING_MW,30,
7/25/2026 4:55:00 PM,RTD,CLUZ,03LUMBSOL_G01,G,7/25/2026 4:56:00 PM,7/25/2026 5:00:00 PM,MIN_OPERATING_MW,30,
7/25/2026 4:55:00 PM,RTD,CLUZ,03LUNSOL_G01,G,7/25/2026 4:51:00 PM,7/25/2026 4:55:00 PM,MAX_OPERATING_MW,2.98,
7/25/2026 4:55:00 PM,RTD,CLUZ,03LUNSOL_G01,G,7/25/2026 4:51:00 PM,7/25/2026 4:55:00 PM,MIN_OPERATING_MW,2.98,
7/25/2026 4:55:00 PM,RTD,CLUZ,03LUNSOL_G01,G,7/25/2026 4:56:00 PM,7/25/2026 5:00:00 PM,MAX_OPERATING_MW,2.56,
7/25/2026 4:55:00 PM,RTD,CLUZ,03LUNSOL_G01,G,7/25/2026 4:56:00 PM,7/25/2026 5:00:00 PM,MIN_OPERATING_MW,2.56,
7/25/2026 4:55:00 PM,RTD,CVIS,06SLYSOL_G02,G,7/25/2026 4:01:00 PM,7/25/2026 5:00:00 PM,MAX_OPERATING_MW,7.18,
7/25/2026 4:55:00 PM,RTD,CVIS,06SLYSOL_G02,G,7/25/2026 4:01:00 PM,7/25/2026 5:00:00 PM,MIN_OPERATING_MW,7.18,
7/25/2026 4:55:00 PM,RTD,CVIS,06SLYSOL_G03,G,7/25/2026 4:01:00 PM,7/25/2026 5:00:00 PM,MAX_OPERATING_MW,4.66,
7/25/2026 4:55:00 PM,RTD,CVIS,06SLYSOL_G03,G,7/25/2026 4:01:00 PM,7/25/2026 5:00:00 PM,MIN_OPERATING_MW,4.66,
7/25/2026 4:55:00 PM,RTD,CMIN,10LIAN_G02,G,7/25/2026 12:05:00 AM,7/25/2026 11:59:00 PM,MAX_OPERATING_MW,6,
7/25/2026 4:55:00 PM,RTD,CMIN,10LIAN_G02,G,7/25/2026 12:05:00 AM,7/25/2026 11:59:00 PM,MIN_OPERATING_MW,3,
7/25/2026 4:55:00 PM,RTD,CMIN,11MALADU_G01,G,7/25/2026 12:01:00 AM,7/26/2026,MAX_OPERATING_MW,9.50,
7/25/2026 4:55:00 PM,RTD,CMIN,11MALADU_G01,G,7/25/2026 12:01:00 AM,7/26/2026,MIN_OPERATING_MW,9.50,
7/25/2026 4:55:00 PM,RTD,CMIN,11MARAMSOL_G01,G,7/25/2026 2:46:00 PM,7/25/2026 6:45:00 PM,MAX_OPERATING_MW,10,
7/25/2026 4:55:00 PM,RTD,CMIN,11MARAMSOL_G01,G,7/25/2026 2:46:00 PM,7/25/2026 6:45:00 PM,MIN_OPERATING_MW,10,
7/25/2026 5:00:00 PM,RTD,CLUZ,01BARBASOL_G01,G,7/25/2026 4:56:00 PM,7/25/2026 5:00:00 PM,MAX_OPERATING_MW,8.56,
7/25/2026 5:00:00 PM,RTD,CLUZ,01BARBASOL_G01,G,7/25/2026 4:56:00 PM,7/25/2026 5:00:00 PM,MIN_OPERATING_MW,8.56,
7/25/2026 5:00:00 PM,RTD,CLUZ,01BARBASOL_G01,G,7/25/2026 5:01:00 PM,7/25/2026 5:05:00 PM,MAX_OPERATING_MW,7.85,
7/25/2026 5:00:00 PM,RTD,CLUZ,01BARBASOL_G01,G,7/25/2026 5:01:00 PM,7/25/2026 5:05:00 PM,MIN_OPERATING_MW,7.85,
7/25/2026 5:00:00 PM,RTD,CLUZ,01BUGSOL_G01,G,7/25/2026 4:56:00 PM,7/25/2026 5:00:00 PM,MAX_OPERATING_MW,50,
7/25/2026 5:00:00 PM,RTD,CLUZ,01BUGSOL_G01,G,7/25/2026 4:56:00 PM,7/25/2026 5:00:00 PM,MIN_OPERATING_MW,50,
7/25/2026 5:00:00 PM,RTD,CLUZ,01BUGSOL_G01,G,7/25/2026 5:01:00 PM,7/25/2026 5:05:00 PM,MAX_OPERATING_MW,50,
7/25/2026 5:00:00 PM,RTD,CLUZ,01BUGSOL_G01,G,7/25/2026 5:01:00 PM,7/25/2026 5:05:00 PM,MIN_OPERATING_MW,50,
7/25/2026 5:00:00 PM,RTD,CLUZ,01BULACSOL_G01,G,7/25/2026 4:01:00 PM,7/25/2026 5:00:00 PM,MAX_OPERATING_MW,1.29,
7/25/2026 5:00:00 PM,RTD,CLUZ,01BULACSOL_G01,G,7/25/2026 4:01:00 PM,7/25/2026 5:00:00 PM,MIN_OPERATING_MW,1.29,
7/25/2026 5:00:00 PM,RTD,CLUZ,01BULACSOL_G01,G,7/25/2026 5:01:00 PM,7/25/2026 6:00:00 PM,MAX_OPERATING_MW,0.37,
7/25/2026 5:00:00 PM,RTD,CLUZ,01BULACSOL_G01,G,7/25/2026 5:01:00 PM,7/25/2026 6:00:00 PM,MIN_OPERATING_MW,0.37,
7/25/2026 5:00:00 PM,RTD,CLUZ,01MSINLO_G04,G,7/25/2026 6:51:00 AM,7/26/2026,MAX_OPERATING_MW,150,
7/25/2026 5:00:00 PM,RTD,CLUZ,01MSINLO_G04,G,7/25/2026 6:51:00 AM,7/26/2026,MIN_OPERATING_MW,150,
7/25/2026 5:00:00 PM,RTD,CLUZ,01PASBUSOL_G01,G,7/25/2026 4:01:00 PM,7/25/2026 5:00:00 PM,MAX_OPERATING_MW,6.81,
7/25/2026 5:00:00 PM,RTD,CLUZ,01PASBUSOL_G01,G,7/25/2026 4:01:00 PM,7/25/2026 5:00:00 PM,MIN_OPERATING_MW,6.81,
7/25/2026 5:00:00 PM,RTD,CLUZ,01PASBUSOL_G01,G,7/25/2026 5:01:00 PM,7/25/2026 6:00:00 PM,MAX_OPERATING_MW,1.77,
7/25/2026 5:00:00 PM,RTD,CLUZ,01PASBUSOL_G01,G,7/25/2026 5:01:00 PM,7/25/2026 6:00:00 PM,MIN_OPERATING_MW,1.77,
7/25/2026 5:00:00 PM,RTD,CLUZ,01TERRASOL_G01,G,7/25/2026 4:01:00 PM,7/25/2026 5:30:00 PM,MAX_OPERATING_MW,100,
7/25/2026 5:00:00 PM,RTD,CLUZ,01TERRASOL_G01,G,7/25/2026 4:01:00 PM,7/25/2026 5:30:00 PM,MIN_OPERATING_MW,100,
7/25/2026 5:00:00 PM,RTD,CLUZ,03ALMNOS_BAT1,G,7/25/2026 4:01:00 PM,7/25/2026 5:30:00 PM,MAX_OPERATING_MW,20,
7/25/2026 5:00:00 PM,RTD,CLUZ,03ALMNOS_BAT1,G,7/25/2026 4:01:00 PM,7/25/2026 5:30:00 PM,MIN_OPERATING_MW,20,
7/25/2026 5:00:00 PM,RTD,CLUZ,03LUMBSOL_G01,G,7/25/2026 4:56:00 PM,7/25/2026 5:00:00 PM,MAX_OPERATING_MW,30,
7/25/2026 5:00:00 PM,RTD,CLUZ,03LUMBSOL_G01,G,7/25/2026 4:56:00 PM,7/25/2026 5:00:00 PM,MIN_OPERATING_MW,30,
7/25/2026 5:00:00 PM,RTD,CLUZ,03LUMBSOL_G01,G,7/25/2026 5:01:00 PM,7/25/2026 5:05:00 PM,MAX_OPERATING_MW,30,
7/25/2026 5:00:00 PM,RTD,CLUZ,03LUMBSOL_G01,G,7/25/2026 5:01:00 PM,7/25/2026 5:05:00 PM,MIN_OPERATING_MW,30,
7/25/2026 5:00:00 PM,RTD,CLUZ,03LUNSOL_G01,G,7/25/2026 4:56:00 PM,7/25/2026 5:00:00 PM,MAX_OPERATING_MW,2.56,
7/25/2026 5:00:00 PM,RTD,CLUZ,03LUNSOL_G01,G,7/25/2026 4:56:00 PM,7/25/2026 5:00:00 PM,MIN_OPERATING_MW,2.56,
7/25/2026 5:00:00 PM,RTD,CLUZ,03LUNSOL_G01,G,7/25/2026 5:01:00 PM,7/25/2026 5:05:00 PM,MAX_OPERATING_MW,2.16,
7/25/2026 5:00:00 PM,RTD,CLUZ,03LUNSOL_G01,G,7/25/2026 5:01:00 PM,7/25/2026 5:05:00 PM,MIN_OPERATING_MW,2.16,
7/25/2026 5:00:00 PM,RTD,CVIS,06SLYSOL_G02,G,7/25/2026 4:01:00 PM,7/25/2026 5:00:00 PM,MAX_OPERATING_MW,7.18,
7/25/2026 5:00:00 PM,RTD,CVIS,06SLYSOL_G02,G,7/25/2026 4:01:00 PM,7/25/2026 5:00:00 PM,MIN_OPERATING_MW,7.18,
7/25/2026 5:00:00 PM,RTD,CVIS,06SLYSOL_G02,G,7/25/2026 5:01:00 PM,7/25/2026 6:00:00 PM,MAX_OPERATING_MW,2.03,
7/25/2026 5:00:00 PM,RTD,CVIS,06SLYSOL_G02,G,7/25/2026 5:01:00 PM,7/25/2026 6:00:00 PM,MIN_OPERATING_MW,2.03,
7/25/2026 5:00:00 PM,RTD,CVIS,06SLYSOL_G03,G,7/25/2026 4:01:00 PM,7/25/2026 5:00:00 PM,MAX_OPERATING_MW,4.66,
7/25/2026 5:00:00 PM,RTD,CVIS,06SLYSOL_G03,G,7/25/2026 4:01:00 PM,7/25/2026 5:00:00 PM,MIN_OPERATING_MW,4.66,
7/25/2026 5:00:00 PM,RTD,CVIS,06SLYSOL_G03,G,7/25/2026 5:01:00 PM,7/25/2026 6:00:00 PM,MAX_OPERATING_MW,1.20,
7/25/2026 5:00:00 PM,RTD,CVIS,06SLYSOL_G03,G,7/25/2026 5:01:00 PM,7/25/2026 6:00:00 PM,MIN_OPERATING_MW,1.20,
7/25/2026 5:00:00 PM,RTD,CMIN,10LIAN_G02,G,7/25/2026 12:05:00 AM,7/25/2026 11:59:00 PM,MAX_OPERATING_MW,6,
7/25/2026 5:00:00 PM,RTD,CMIN,10LIAN_G02,G,7/25/2026 12:05:00 AM,7/25/2026 11:59:00 PM,MIN_OPERATING_MW,3,
7/25/2026 5:00:00 PM,RTD,CMIN,11MALADU_G01,G,7/25/2026 12:01:00 AM,7/26/2026,MAX_OPERATING_MW,9.50,
7/25/2026 5:00:00 PM,RTD,CMIN,11MALADU_G01,G,7/25/2026 12:01:00 AM,7/26/2026,MIN_OPERATING_MW,9.50,
7/25/2026 5:00:00 PM,RTD,CMIN,11MARAMSOL_G01,G,7/25/2026 2:46:00 PM,7/25/2026 6:45:00 PM,MAX_OPERATING_MW,10,
7/25/2026 5:00:00 PM,RTD,CMIN,11MARAMSOL_G01,G,7/25/2026 2:46:00 PM,7/25/2026 6:45:00 PM,MIN_OPERATING_MW,10,
7/25/2026 5:05:00 PM,RTD,CLUZ,01BARBASOL_G01,G,7/25/2026 5:01:00 PM,7/25/2026 5:05:00 PM,MAX_OPERATING_MW,7.85,
7/25/2026 5:05:00 PM,RTD,CLUZ,01BARBASOL_G01,G,7/25/2026 5:01:00 PM,7/25/2026 5:05:00 PM,MIN_OPERATING_MW,7.85,
7/25/2026 5:05:00 PM,RTD,CLUZ,01BARBASOL_G01,G,7/25/2026 5:06:00 PM,7/25/2026 5:10:00 PM,MAX_OPERATING_MW,7.18,
7/25/2026 5:05:00 PM,RTD,CLUZ,01BARBASOL_G01,G,7/25/2026 5:06:00 PM,7/25/2026 5:10:00 PM,MIN_OPERATING_MW,7.18,
7/25/2026 5:05:00 PM,RTD,CLUZ,01BUGSOL_G01,G,7/25/2026 5:01:00 PM,7/25/2026 5:05:00 PM,MAX_OPERATING_MW,50,
7/25/2026 5:05:00 PM,RTD,CLUZ,01BUGSOL_G01,G,7/25/2026 5:01:00 PM,7/25/2026 5:05:00 PM,MIN_OPERATING_MW,50,
7/25/2026 5:05:00 PM,RTD,CLUZ,01BUGSOL_G01,G,7/25/2026 5:06:00 PM,7/25/2026 5:10:00 PM,MAX_OPERATING_MW,29.91,
7/25/2026 5:05:00 PM,RTD,CLUZ,01BUGSOL_G01,G,7/25/2026 5:06:00 PM,7/25/2026 5:10:00 PM,MIN_OPERATING_MW,29.91,
7/25/2026 5:05:00 PM,RTD,CLUZ,01BULACSOL_G01,G,7/25/2026 5:01:00 PM,7/25/2026 6:00:00 PM,MAX_OPERATING_MW,0.37,
7/25/2026 5:05:00 PM,RTD,CLUZ,01BULACSOL_G01,G,7/25/2026 5:01:00 PM,7/25/2026 6:00:00 PM,MIN_OPERATING_MW,0.37,
7/25/2026 5:05:00 PM,RTD,CLUZ,01MSINLO_G04,G,7/25/2026 6:51:00 AM,7/26/2026,MAX_OPERATING_MW,150,
7/25/2026 5:05:00 PM,RTD,CLUZ,01MSINLO_G04,G,7/25/2026 6:51:00 AM,7/26/2026,MIN_OPERATING_MW,150,
7/25/2026 5:05:00 PM,RTD,CLUZ,01PASBUSOL_G01,G,7/25/2026 5:01:00 PM,7/25/2026 6:00:00 PM,MAX_OPERATING_MW,1.77,
7/25/2026 5:05:00 PM,RTD,CLUZ,01PASBUSOL_G01,G,7/25/2026 5:01:00 PM,7/25/2026 6:00:00 PM,MIN_OPERATING_MW,1.77,
7/25/2026 5:05:00 PM,RTD,CLUZ,01TERRASOL_G01,G,7/25/2026 4:01:00 PM,7/25/2026 5:30:00 PM,MAX_OPERATING_MW,100,
7/25/2026 5:05:00 PM,RTD,CLUZ,01TERRASOL_G01,G,7/25/2026 4:01:00 PM,7/25/2026 5:30:00 PM,MIN_OPERATING_MW,100,
7/25/2026 5:05:00 PM,RTD,CLUZ,03ALMNOS_BAT1,G,7/25/2026 4:01:00 PM,7/25/2026 5:30:00 PM,MAX_OPERATING_MW,20,
7/25/2026 5:05:00 PM,RTD,CLUZ,03ALMNOS_BAT1,G,7/25/2026 4:01:00 PM,7/25/2026 5:30:00 PM,MIN_OPERATING_MW,20,
7/25/2026 5:05:00 PM,RTD,CLUZ,03LUMBSOL_G01,G,7/25/2026 5:01:00 PM,7/25/2026 5:05:00 PM,MAX_OPERATING_MW,30,
7/25/2026 5:05:00 PM,RTD,CLUZ,03LUMBSOL_G01,G,7/25/2026 5:01:00 PM,7/25/2026 5:05:00 PM,MIN_OPERATING_MW,30,
7/25/2026 5:05:00 PM,RTD,CLUZ,03LUMBSOL_G01,G,7/25/2026 5:06:00 PM,7/25/2026 5:10:00 PM,MAX_OPERATING_MW,30,
7/25/2026 5:05:00 PM,RTD,CLUZ,03LUMBSOL_G01,G,7/25/2026 5:06:00 PM,7/25/2026 5:10:00 PM,MIN_OPERATING_MW,30,
7/25/2026 5:05:00 PM,RTD,CLUZ,03LUNSOL_G01,G,7/25/2026 5:01:00 PM,7/25/2026 5:05:00 PM,MAX_OPERATING_MW,2.16,
7/25/2026 5:05:00 PM,RTD,CLUZ,03LUNSOL_G01,G,7/25/2026 5:01:00 PM,7/25/2026 5:05:00 PM,MIN_OPERATING_MW,2.16,
7/25/2026 5:05:00 PM,RTD,CLUZ,03LUNSOL_G01,G,7/25/2026 5:06:00 PM,7/25/2026 5:10:00 PM,MAX_OPERATING_MW,1.78,
7/25/2026 5:05:00 PM,RTD,CLUZ,03LUNSOL_G01,G,7/25/2026 5:06:00 PM,7/25/2026 5:10:00 PM,MIN_OPERATING_MW,1.78,
7/25/2026 5:05:00 PM,RTD,CVIS,06SLYSOL_G02,G,7/25/2026 5:01:00 PM,7/25/2026 6:00:00 PM,MAX_OPERATING_MW,2.03,
7/25/2026 5:05:00 PM,RTD,CVIS,06SLYSOL_G02,G,7/25/2026 5:01:00 PM,7/25/2026 6:00:00 PM,MIN_OPERATING_MW,2.03,
7/25/2026 5:05:00 PM,RTD,CVIS,06SLYSOL_G03,G,7/25/2026 5:01:00 PM,7/25/2026 6:00:00 PM,MAX_OPERATING_MW,1.20,
7/25/2026 5:05:00 PM,RTD,CVIS,06SLYSOL_G03,G,7/25/2026 5:01:00 PM,7/25/2026 6:00:00 PM,MIN_OPERATING_MW,1.20,
7/25/2026 5:05:00 PM,RTD,CMIN,10LIAN_G02,G,7/25/2026 12:05:00 AM,7/25/2026 11:59:00 PM,MAX_OPERATING_MW,6,
7/25/2026 5:05:00 PM,RTD,CMIN,10LIAN_G02,G,7/25/2026 12:05:00 AM,7/25/2026 11:59:00 PM,MIN_OPERATING_MW,3,
7/25/2026 5:05:00 PM,RTD,CMIN,11MALADU_G01,G,7/25/2026 12:01:00 AM,7/26/2026,MAX_OPERATING_MW,9.50,
7/25/2026 5:05:00 PM,RTD,CMIN,11MALADU_G01,G,7/25/2026 12:01:00 AM,7/26/2026,MIN_OPERATING_MW,9.50,
7/25/2026 5:05:00 PM,RTD,CMIN,11MARAMSOL_G01,G,7/25/2026 2:46:00 PM,7/25/2026 6:45:00 PM,MAX_OPERATING_MW,10,
7/25/2026 5:05:00 PM,RTD,CMIN,11MARAMSOL_G01,G,7/25/2026 2:46:00 PM,7/25/2026 6:45:00 PM,MIN_OPERATING_MW,10,
7/25/2026 5:10:00 PM,RTD,CLUZ,01BARBASOL_G01,G,7/25/2026 5:06:00 PM,7/25/2026 5:10:00 PM,MAX_OPERATING_MW,7.18,
7/25/2026 5:10:00 PM,RTD,CLUZ,01BARBASOL_G01,G,7/25/2026 5:06:00 PM,7/25/2026 5:10:00 PM,MIN_OPERATING_MW,7.18,
7/25/2026 5:10:00 PM,RTD,CLUZ,01BARBASOL_G01,G,7/25/2026 5:11:00 PM,7/25/2026 5:15:00 PM,MAX_OPERATING_MW,6.54,
7/25/2026 5:10:00 PM,RTD,CLUZ,01BARBASOL_G01,G,7/25/2026 5:11:00 PM,7/25/2026 5:15:00 PM,MIN_OPERATING_MW,6.54,
7/25/2026 5:10:00 PM,RTD,CLUZ,01BUGSOL_G01,G,7/25/2026 5:06:00 PM,7/25/2026 5:10:00 PM,MAX_OPERATING_MW,29.91,
7/25/2026 5:10:00 PM,RTD,CLUZ,01BUGSOL_G01,G,7/25/2026 5:06:00 PM,7/25/2026 5:10:00 PM,MIN_OPERATING_MW,29.91,
7/25/2026 5:10:00 PM,RTD,CLUZ,01BUGSOL_G01,G,7/25/2026 5:11:00 PM,7/25/2026 5:15:00 PM,MAX_OPERATING_MW,18.95,
7/25/2026 5:10:00 PM,RTD,CLUZ,01BUGSOL_G01,G,7/25/2026 5:11:00 PM,7/25/2026 5:15:00 PM,MIN_OPERATING_MW,18.95,
7/25/2026 5:10:00 PM,RTD,CLUZ,01BULACSOL_G01,G,7/25/2026 5:01:00 PM,7/25/2026 6:00:00 PM,MAX_OPERATING_MW,0.37,
7/25/2026 5:10:00 PM,RTD,CLUZ,01BULACSOL_G01,G,7/25/2026 5:01:00 PM,7/25/2026 6:00:00 PM,MIN_OPERATING_MW,0.37,
7/25/2026 5:10:00 PM,RTD,CLUZ,01MSINLO_G04,G,7/25/2026 6:51:00 AM,7/26/2026,MAX_OPERATING_MW,150,
7/25/2026 5:10:00 PM,RTD,CLUZ,01MSINLO_G04,G,7/25/2026 6:51:00 AM,7/26/2026,MIN_OPERATING_MW,150,
7/25/2026 5:10:00 PM,RTD,CLUZ,01PASBUSOL_G01,G,7/25/2026 5:01:00 PM,7/25/2026 6:00:00 PM,MAX_OPERATING_MW,1.77,
7/25/2026 5:10:00 PM,RTD,CLUZ,01PASBUSOL_G01,G,7/25/2026 5:01:00 PM,7/25/2026 6:00:00 PM,MIN_OPERATING_MW,1.77,
7/25/2026 5:10:00 PM,RTD,CLUZ,01TERRASOL_G01,G,7/25/2026 4:01:00 PM,7/25/2026 5:30:00 PM,MAX_OPERATING_MW,100,
7/25/2026 5:10:00 PM,RTD,CLUZ,01TERRASOL_G01,G,7/25/2026 4:01:00 PM,7/25/2026 5:30:00 PM,MIN_OPERATING_MW,100,
7/25/2026 5:10:00 PM,RTD,CLUZ,03ALMNOS_BAT1,G,7/25/2026 4:01:00 PM,7/25/2026 5:30:00 PM,MAX_OPERATING_MW,20,
7/25/2026 5:10:00 PM,RTD,CLUZ,03ALMNOS_BAT1,G,7/25/2026 4:01:00 PM,7/25/2026 5:30:00 PM,MIN_OPERATING_MW,20,
7/25/2026 5:10:00 PM,RTD,CLUZ,03LUMBSOL_G01,G,7/25/2026 5:06:00 PM,7/25/2026 5:10:00 PM,MAX_OPERATING_MW,30,
7/25/2026 5:10:00 PM,RTD,CLUZ,03LUMBSOL_G01,G,7/25/2026 5:06:00 PM,7/25/2026 5:10:00 PM,MIN_OPERATING_MW,30,
7/25/2026 5:10:00 PM,RTD,CLUZ,03LUMBSOL_G01,G,7/25/2026 5:11:00 PM,7/25/2026 5:15:00 PM,MAX_OPERATING_MW,30,
7/25/2026 5:10:00 PM,RTD,CLUZ,03LUMBSOL_G01,G,7/25/2026 5:11:00 PM,7/25/2026 5:15:00 PM,MIN_OPERATING_MW,30,
7/25/2026 5:10:00 PM,RTD,CLUZ,03LUNSOL_G01,G,7/25/2026 5:06:00 PM,7/25/2026 5:10:00 PM,MAX_OPERATING_MW,1.78,
7/25/2026 5:10:00 PM,RTD,CLUZ,03LUNSOL_G01,G,7/25/2026 5:06:00 PM,7/25/2026 5:10:00 PM,MIN_OPERATING_MW,1.78,
7/25/2026 5:10:00 PM,RTD,CLUZ,03LUNSOL_G01,G,7/25/2026 5:11:00 PM,7/25/2026 5:15:00 PM,MAX_OPERATING_MW,1.43,
7/25/2026 5:10:00 PM,RTD,CLUZ,03LUNSOL_G01,G,7/25/2026 5:11:00 PM,7/25/2026 5:15:00 PM,MIN_OPERATING_MW,1.43,
7/25/2026 5:10:00 PM,RTD,CVIS,06SLYSOL_G02,G,7/25/2026 5:01:00 PM,7/25/2026 6:00:00 PM,MAX_OPERATING_MW,2.03,
7/25/2026 5:10:00 PM,RTD,CVIS,06SLYSOL_G02,G,7/25/2026 5:01:00 PM,7/25/2026 6:00:00 PM,MIN_OPERATING_MW,2.03,
7/25/2026 5:10:00 PM,RTD,CVIS,06SLYSOL_G03,G,7/25/2026 5:01:00 PM,7/25/2026 6:00:00 PM,MAX_OPERATING_MW,1.20,
7/25/2026 5:10:00 PM,RTD,CVIS,06SLYSOL_G03,G,7/25/2026 5:01:00 PM,7/25/2026 6:00:00 PM,MIN_OPERATING_MW,1.20,
7/25/2026 5:10:00 PM,RTD,CMIN,10LIAN_G02,G,7/25/2026 12:05:00 AM,7/25/2026 11:59:00 PM,MAX_OPERATING_MW,6,
7/25/2026 5:10:00 PM,RTD,CMIN,10LIAN_G02,G,7/25/2026 12:05:00 AM,7/25/2026 11:59:00 PM,MIN_OPERATING_MW,3,
7/25/2026 5:10:00 PM,RTD,CMIN,11MALADU_G01,G,7/25/2026 12:01:00 AM,7/26/2026,MAX_OPERATING_MW,9.50,
7/25/2026 5:10:00 PM,RTD,CMIN,11MALADU_G01,G,7/25/2026 12:01:00 AM,7/26/2026,MIN_OPERATING_MW,9.50,
7/25/2026 5:10:00 PM,RTD,CMIN,11MARAMSOL_G01,G,7/25/2026 2:46:00 PM,7/25/2026 6:45:00 PM,MAX_OPERATING_MW,10,
7/25/2026 5:10:00 PM,RTD,CMIN,11MARAMSOL_G01,G,7/25/2026 2:46:00 PM,7/25/2026 6:45:00 PM,MIN_OPERATING_MW,10,
7/25/2026 5:15:00 PM,RTD,CLUZ,01BARBASOL_G01,G,7/25/2026 5:11:00 PM,7/25/2026 5:15:00 PM,MAX_OPERATING_MW,6.54,
7/25/2026 5:15:00 PM,RTD,CLUZ,01BARBASOL_G01,G,7/25/2026 5:11:00 PM,7/25/2026 5:15:00 PM,MIN_OPERATING_MW,6.54,
7/25/2026 5:15:00 PM,RTD,CLUZ,01BARBASOL_G01,G,7/25/2026 5:16:00 PM,7/25/2026 5:20:00 PM,MAX_OPERATING_MW,5.94,
7/25/2026 5:15:00 PM,RTD,CLUZ,01BARBASOL_G01,G,7/25/2026 5:16:00 PM,7/25/2026 5:20:00 PM,MIN_OPERATING_MW,5.94,
7/25/2026 5:15:00 PM,RTD,CLUZ,01BUGSOL_G01,G,7/25/2026 5:11:00 PM,7/25/2026 5:15:00 PM,MAX_OPERATING_MW,18.95,
7/25/2026 5:15:00 PM,RTD,CLUZ,01BUGSOL_G01,G,7/25/2026 5:11:00 PM,7/25/2026 5:15:00 PM,MIN_OPERATING_MW,18.95,
7/25/2026 5:15:00 PM,RTD,CLUZ,01BUGSOL_G01,G,7/25/2026 5:16:00 PM,7/25/2026 5:20:00 PM,MAX_OPERATING_MW,18.87,
7/25/2026 5:15:00 PM,RTD,CLUZ,01BUGSOL_G01,G,7/25/2026 5:16:00 PM,7/25/2026 5:20:00 PM,MIN_OPERATING_MW,18.87,
7/25/2026 5:15:00 PM,RTD,CLUZ,01BULACSOL_G01,G,7/25/2026 5:01:00 PM,7/25/2026 6:00:00 PM,MAX_OPERATING_MW,0.37,
7/25/2026 5:15:00 PM,RTD,CLUZ,01BULACSOL_G01,G,7/25/2026 5:01:00 PM,7/25/2026 6:00:00 PM,MIN_OPERATING_MW,0.37,
7/25/2026 5:15:00 PM,RTD,CLUZ,01MSINLO_G04,G,7/25/2026 6:51:00 AM,7/26/2026,MAX_OPERATING_MW,150,
7/25/2026 5:15:00 PM,RTD,CLUZ,01MSINLO_G04,G,7/25/2026 6:51:00 AM,7/26/2026,MIN_OPERATING_MW,150,
7/25/2026 5:15:00 PM,RTD,CLUZ,01PASBUSOL_G01,G,7/25/2026 5:01:00 PM,7/25/2026 6:00:00 PM,MAX_OPERATING_MW,1.77,
7/25/2026 5:15:00 PM,RTD,CLUZ,01PASBUSOL_G01,G,7/25/2026 5:01:00 PM,7/25/2026 6:00:00 PM,MIN_OPERATING_MW,1.77,
7/25/2026 5:15:00 PM,RTD,CLUZ,01TERRASOL_G01,G,7/25/2026 4:01:00 PM,7/25/2026 5:30:00 PM,MAX_OPERATING_MW,100,
7/25/2026 5:15:00 PM,RTD,CLUZ,01TERRASOL_G01,G,7/25/2026 4:01:00 PM,7/25/2026 5:30:00 PM,MIN_OPERATING_MW,100,
7/25/2026 5:15:00 PM,RTD,CLUZ,03ALMNOS_BAT1,G,7/25/2026 4:01:00 PM,7/25/2026 5:30:00 PM,MAX_OPERATING_MW,20,
7/25/2026 5:15:00 PM,RTD,CLUZ,03ALMNOS_BAT1,G,7/25/2026 4:01:00 PM,7/25/2026 5:30:00 PM,MIN_OPERATING_MW,20,
7/25/2026 5:15:00 PM,RTD,CLUZ,03LUMBSOL_G01,G,7/25/2026 5:11:00 PM,7/25/2026 5:15:00 PM,MAX_OPERATING_MW,30,
7/25/2026 5:15:00 PM,RTD,CLUZ,03LUMBSOL_G01,G,7/25/2026 5:11:00 PM,7/25/2026 5:15:00 PM,MIN_OPERATING_MW,30,
7/25/2026 5:15:00 PM,RTD,CLUZ,03LUMBSOL_G01,G,7/25/2026 5:16:00 PM,7/25/2026 5:20:00 PM,MAX_OPERATING_MW,30,
7/25/2026 5:15:00 PM,RTD,CLUZ,03LUMBSOL_G01,G,7/25/2026 5:16:00 PM,7/25/2026 5:20:00 PM,MIN_OPERATING_MW,30,
7/25/2026 5:15:00 PM,RTD,CLUZ,03LUNSOL_G01,G,7/25/2026 5:11:00 PM,7/25/2026 5:15:00 PM,MAX_OPERATING_MW,1.43,
7/25/2026 5:15:00 PM,RTD,CLUZ,03LUNSOL_G01,G,7/25/2026 5:11:00 PM,7/25/2026 5:15:00 PM,MIN_OPERATING_MW,1.43,
7/25/2026 5:15:00 PM,RTD,CLUZ,03LUNSOL_G01,G,7/25/2026 5:16:00 PM,7/25/2026 5:20:00 PM,MAX_OPERATING_MW,1.10,
7/25/2026 5:15:00 PM,RTD,CLUZ,03LUNSOL_G01,G,7/25/2026 5:16:00 PM,7/25/2026 5:20:00 PM,MIN_OPERATING_MW,1.10,
7/25/2026 5:15:00 PM,RTD,CVIS,06SLYSOL_G02,G,7/25/2026 5:01:00 PM,7/25/2026 6:00:00 PM,MAX_OPERATING_MW,2.03,
7/25/2026 5:15:00 PM,RTD,CVIS,06SLYSOL_G02,G,7/25/2026 5:01:00 PM,7/25/2026 6:00:00 PM,MIN_OPERATING_MW,2.03,
7/25/2026 5:15:00 PM,RTD,CVIS,06SLYSOL_G03,G,7/25/2026 5:01:00 PM,7/25/2026 6:00:00 PM,MAX_OPERATING_MW,1.20,
7/25/2026 5:15:00 PM,RTD,CVIS,06SLYSOL_G03,G,7/25/2026 5:01:00 PM,7/25/2026 6:00:00 PM,MIN_OPERATING_MW,1.20,
7/25/2026 5:15:00 PM,RTD,CMIN,10LIAN_G02,G,7/25/2026 12:05:00 AM,7/25/2026 11:59:00 PM,MAX_OPERATING_MW,6,
7/25/2026 5:15:00 PM,RTD,CMIN,10LIAN_G02,G,7/25/2026 12:05:00 AM,7/25/2026 11:59:00 PM,MIN_OPERATING_MW,3,
7/25/2026 5:15:00 PM,RTD,CMIN,11MALADU_G01,G,7/25/2026 12:01:00 AM,7/26/2026,MAX_OPERATING_MW,9.50,
7/25/2026 5:15:00 PM,RTD,CMIN,11MALADU_G01,G,7/25/2026 12:01:00 AM,7/26/2026,MIN_OPERATING_MW,9.50,
7/25/2026 5:15:00 PM,RTD,CMIN,11MARAMSOL_G01,G,7/25/2026 2:46:00 PM,7/25/2026 6:45:00 PM,MAX_OPERATING_MW,10,
7/25/2026 5:15:00 PM,RTD,CMIN,11MARAMSOL_G01,G,7/25/2026 2:46:00 PM,7/25/2026 6:45:00 PM,MIN_OPERATING_MW,10,
7/25/2026 5:20:00 PM,RTD,CLUZ,01BARBASOL_G01,G,7/25/2026 5:16:00 PM,7/25/2026 5:20:00 PM,MAX_OPERATING_MW,5.94,
7/25/2026 5:20:00 PM,RTD,CLUZ,01BARBASOL_G01,G,7/25/2026 5:16:00 PM,7/25/2026 5:20:00 PM,MIN_OPERATING_MW,5.94,
7/25/2026 5:20:00 PM,RTD,CLUZ,01BARBASOL_G01,G,7/25/2026 5:21:00 PM,7/25/2026 5:25:00 PM,MAX_OPERATING_MW,5.37,
7/25/2026 5:20:00 PM,RTD,CLUZ,01BARBASOL_G01,G,7/25/2026 5:21:00 PM,7/25/2026 5:25:00 PM,MIN_OPERATING_MW,5.37,
7/25/2026 5:20:00 PM,RTD,CLUZ,01BUGSOL_G01,G,7/25/2026 5:16:00 PM,7/25/2026 5:20:00 PM,MAX_OPERATING_MW,18.87,
7/25/2026 5:20:00 PM,RTD,CLUZ,01BUGSOL_G01,G,7/25/2026 5:16:00 PM,7/25/2026 5:20:00 PM,MIN_OPERATING_MW,18.87,
7/25/2026 5:20:00 PM,RTD,CLUZ,01BUGSOL_G01,G,7/25/2026 5:21:00 PM,7/25/2026 5:25:00 PM,MAX_OPERATING_MW,21.97,
7/25/2026 5:20:00 PM,RTD,CLUZ,01BUGSOL_G01,G,7/25/2026 5:21:00 PM,7/25/2026 5:25:00 PM,MIN_OPERATING_MW,21.97,
7/25/2026 5:20:00 PM,RTD,CLUZ,01BULACSOL_G01,G,7/25/2026 5:01:00 PM,7/25/2026 6:00:00 PM,MAX_OPERATING_MW,0.37,
7/25/2026 5:20:00 PM,RTD,CLUZ,01BULACSOL_G01,G,7/25/2026 5:01:00 PM,7/25/2026 6:00:00 PM,MIN_OPERATING_MW,0.37,
7/25/2026 5:20:00 PM,RTD,CLUZ,01MSINLO_G04,G,7/25/2026 6:51:00 AM,7/26/2026,MAX_OPERATING_MW,150,
7/25/2026 5:20:00 PM,RTD,CLUZ,01MSINLO_G04,G,7/25/2026 6:51:00 AM,7/26/2026,MIN_OPERATING_MW,150,
7/25/2026 5:20:00 PM,RTD,CLUZ,01PASBUSOL_G01,G,7/25/2026 5:01:00 PM,7/25/2026 6:00:00 PM,MAX_OPERATING_MW,1.77,
7/25/2026 5:20:00 PM,RTD,CLUZ,01PASBUSOL_G01,G,7/25/2026 5:01:00 PM,7/25/2026 6:00:00 PM,MIN_OPERATING_MW,1.77,
7/25/2026 5:20:00 PM,RTD,CLUZ,01TERRASOL_G01,G,7/25/2026 4:01:00 PM,7/25/2026 5:30:00 PM,MAX_OPERATING_MW,100,
7/25/2026 5:20:00 PM,RTD,CLUZ,01TERRASOL_G01,G,7/25/2026 4:01:00 PM,7/25/2026 5:30:00 PM,MIN_OPERATING_MW,100,
7/25/2026 5:20:00 PM,RTD,CLUZ,03ALMNOS_BAT1,G,7/25/2026 4:01:00 PM,7/25/2026 5:30:00 PM,MAX_OPERATING_MW,20,
7/25/2026 5:20:00 PM,RTD,CLUZ,03ALMNOS_BAT1,G,7/25/2026 4:01:00 PM,7/25/2026 5:30:00 PM,MIN_OPERATING_MW,20,
7/25/2026 5:20:00 PM,RTD,CLUZ,03LUMBSOL_G01,G,7/25/2026 5:16:00 PM,7/25/2026 5:20:00 PM,MAX_OPERATING_MW,30,
7/25/2026 5:20:00 PM,RTD,CLUZ,03LUMBSOL_G01,G,7/25/2026 5:16:00 PM,7/25/2026 5:20:00 PM,MIN_OPERATING_MW,30,
7/25/2026 5:20:00 PM,RTD,CLUZ,03LUMBSOL_G01,G,7/25/2026 5:21:00 PM,7/25/2026 5:25:00 PM,MAX_OPERATING_MW,30,
7/25/2026 5:20:00 PM,RTD,CLUZ,03LUMBSOL_G01,G,7/25/2026 5:21:00 PM,7/25/2026 5:25:00 PM,MIN_OPERATING_MW,30,
7/25/2026 5:20:00 PM,RTD,CLUZ,03LUNSOL_G01,G,7/25/2026 5:16:00 PM,7/25/2026 5:20:00 PM,MAX_OPERATING_MW,1.10,
7/25/2026 5:20:00 PM,RTD,CLUZ,03LUNSOL_G01,G,7/25/2026 5:16:00 PM,7/25/2026 5:20:00 PM,MIN_OPERATING_MW,1.10,
7/25/2026 5:20:00 PM,RTD,CLUZ,03LUNSOL_G01,G,7/25/2026 5:21:00 PM,7/25/2026 5:25:00 PM,MAX_OPERATING_MW,0.80,
7/25/2026 5:20:00 PM,RTD,CLUZ,03LUNSOL_G01,G,7/25/2026 5:21:00 PM,7/25/2026 5:25:00 PM,MIN_OPERATING_MW,0.80,
7/25/2026 5:20:00 PM,RTD,CVIS,06SLYSOL_G02,G,7/25/2026 5:01:00 PM,7/25/2026 6:00:00 PM,MAX_OPERATING_MW,2.03,
7/25/2026 5:20:00 PM,RTD,CVIS,06SLYSOL_G02,G,7/25/2026 5:01:00 PM,7/25/2026 6:00:00 PM,MIN_OPERATING_MW,2.03,
7/25/2026 5:20:00 PM,RTD,CVIS,06SLYSOL_G03,G,7/25/2026 5:01:00 PM,7/25/2026 6:00:00 PM,MAX_OPERATING_MW,1.20,
7/25/2026 5:20:00 PM,RTD,CVIS,06SLYSOL_G03,G,7/25/2026 5:01:00 PM,7/25/2026 6:00:00 PM,MIN_OPERATING_MW,1.20,
7/25/2026 5:20:00 PM,RTD,CMIN,10LIAN_G02,G,7/25/2026 12:05:00 AM,7/25/2026 11:59:00 PM,MAX_OPERATING_MW,6,
7/25/2026 5:20:00 PM,RTD,CMIN,10LIAN_G02,G,7/25/2026 12:05:00 AM,7/25/2026 11:59:00 PM,MIN_OPERATING_MW,3,
7/25/2026 5:20:00 PM,RTD,CMIN,11MALADU_G01,G,7/25/2026 12:01:00 AM,7/26/2026,MAX_OPERATING_MW,9.50,
7/25/2026 5:20:00 PM,RTD,CMIN,11MALADU_G01,G,7/25/2026 12:01:00 AM,7/26/2026,MIN_OPERATING_MW,9.50,
7/25/2026 5:20:00 PM,RTD,CMIN,11MARAMSOL_G01,G,7/25/2026 2:46:00 PM,7/25/2026 6:45:00 PM,MAX_OPERATING_MW,10,
7/25/2026 5:20:00 PM,RTD,CMIN,11MARAMSOL_G01,G,7/25/2026 2:46:00 PM,7/25/2026 6:45:00 PM,MIN_OPERATING_MW,10,
7/25/2026 5:25:00 PM,RTD,CLUZ,01BARBASOL_G01,G,7/25/2026 5:21:00 PM,7/25/2026 5:25:00 PM,MAX_OPERATING_MW,5.37,
7/25/2026 5:25:00 PM,RTD,CLUZ,01BARBASOL_G01,G,7/25/2026 5:21:00 PM,7/25/2026 5:25:00 PM,MIN_OPERATING_MW,5.37,
7/25/2026 5:25:00 PM,RTD,CLUZ,01BARBASOL_G01,G,7/25/2026 5:26:00 PM,7/25/2026 5:30:00 PM,MAX_OPERATING_MW,4.82,
7/25/2026 5:25:00 PM,RTD,CLUZ,01BARBASOL_G01,G,7/25/2026 5:26:00 PM,7/25/2026 5:30:00 PM,MIN_OPERATING_MW,4.82,
7/25/2026 5:25:00 PM,RTD,CLUZ,01BUGSOL_G01,G,7/25/2026 5:21:00 PM,7/25/2026 5:25:00 PM,MAX_OPERATING_MW,21.97,
7/25/2026 5:25:00 PM,RTD,CLUZ,01BUGSOL_G01,G,7/25/2026 5:21:00 PM,7/25/2026 5:25:00 PM,MIN_OPERATING_MW,21.97,
7/25/2026 5:25:00 PM,RTD,CLUZ,01BUGSOL_G01,G,7/25/2026 5:26:00 PM,7/25/2026 5:30:00 PM,MAX_OPERATING_MW,25.39,
7/25/2026 5:25:00 PM,RTD,CLUZ,01BUGSOL_G01,G,7/25/2026 5:26:00 PM,7/25/2026 5:30:00 PM,MIN_OPERATING_MW,25.39,
7/25/2026 5:25:00 PM,RTD,CLUZ,01BULACSOL_G01,G,7/25/2026 5:01:00 PM,7/25/2026 6:00:00 PM,MAX_OPERATING_MW,0.37,
7/25/2026 5:25:00 PM,RTD,CLUZ,01BULACSOL_G01,G,7/25/2026 5:01:00 PM,7/25/2026 6:00:00 PM,MIN_OPERATING_MW,0.37,
7/25/2026 5:25:00 PM,RTD,CLUZ,01MSINLO_G04,G,7/25/2026 6:51:00 AM,7/26/2026,MAX_OPERATING_MW,150,
7/25/2026 5:25:00 PM,RTD,CLUZ,01MSINLO_G04,G,7/25/2026 6:51:00 AM,7/26/2026,MIN_OPERATING_MW,150,
7/25/2026 5:25:00 PM,RTD,CLUZ,01PASBUSOL_G01,G,7/25/2026 5:01:00 PM,7/25/2026 6:00:00 PM,MAX_OPERATING_MW,1.77,
7/25/2026 5:25:00 PM,RTD,CLUZ,01PASBUSOL_G01,G,7/25/2026 5:01:00 PM,7/25/2026 6:00:00 PM,MIN_OPERATING_MW,1.77,
7/25/2026 5:25:00 PM,RTD,CLUZ,01TERRASOL_G01,G,7/25/2026 4:01:00 PM,7/25/2026 5:30:00 PM,MAX_OPERATING_MW,100,
7/25/2026 5:25:00 PM,RTD,CLUZ,01TERRASOL_G01,G,7/25/2026 4:01:00 PM,7/25/2026 5:30:00 PM,MIN_OPERATING_MW,100,
7/25/2026 5:25:00 PM,RTD,CLUZ,03ALMNOS_BAT1,G,7/25/2026 4:01:00 PM,7/25/2026 5:30:00 PM,MAX_OPERATING_MW,20,
7/25/2026 5:25:00 PM,RTD,CLUZ,03ALMNOS_BAT1,G,7/25/2026 4:01:00 PM,7/25/2026 5:30:00 PM,MIN_OPERATING_MW,20,
7/25/2026 5:25:00 PM,RTD,CLUZ,03LUMBSOL_G01,G,7/25/2026 5:21:00 PM,7/25/2026 5:25:00 PM,MAX_OPERATING_MW,30,
7/25/2026 5:25:00 PM,RTD,CLUZ,03LUMBSOL_G01,G,7/25/2026 5:21:00 PM,7/25/2026 5:25:00 PM,MIN_OPERATING_MW,30,
7/25/2026 5:25:00 PM,RTD,CLUZ,03LUMBSOL_G01,G,7/25/2026 5:26:00 PM,7/25/2026 5:30:00 PM,MAX_OPERATING_MW,30,
7/25/2026 5:25:00 PM,RTD,CLUZ,03LUMBSOL_G01,G,7/25/2026 5:26:00 PM,7/25/2026 5:30:00 PM,MIN_OPERATING_MW,30,
7/25/2026 5:25:00 PM,RTD,CLUZ,03LUNSOL_G01,G,7/25/2026 5:21:00 PM,7/25/2026 5:25:00 PM,MAX_OPERATING_MW,0.80,
7/25/2026 5:25:00 PM,RTD,CLUZ,03LUNSOL_G01,G,7/25/2026 5:21:00 PM,7/25/2026 5:25:00 PM,MIN_OPERATING_MW,0.80,
7/25/2026 5:25:00 PM,RTD,CLUZ,03LUNSOL_G01,G,7/25/2026 5:26:00 PM,7/25/2026 5:30:00 PM,MAX_OPERATING_MW,0.53,
7/25/2026 5:25:00 PM,RTD,CLUZ,03LUNSOL_G01,G,7/25/2026 5:26:00 PM,7/25/2026 5:30:00 PM,MIN_OPERATING_MW,0.53,
7/25/2026 5:25:00 PM,RTD,CVIS,06SLYSOL_G02,G,7/25/2026 5:01:00 PM,7/25/2026 6:00:00 PM,MAX_OPERATING_MW,2.03,
7/25/2026 5:25:00 PM,RTD,CVIS,06SLYSOL_G02,G,7/25/2026 5:01:00 PM,7/25/2026 6:00:00 PM,MIN_OPERATING_MW,2.03,
7/25/2026 5:25:00 PM,RTD,CVIS,06SLYSOL_G03,G,7/25/2026 5:01:00 PM,7/25/2026 6:00:00 PM,MAX_OPERATING_MW,1.20,
7/25/2026 5:25:00 PM,RTD,CVIS,06SLYSOL_G03,G,7/25/2026 5:01:00 PM,7/25/2026 6:00:00 PM,MIN_OPERATING_MW,1.20,
7/25/2026 5:25:00 PM,RTD,CMIN,10LIAN_G02,G,7/25/2026 12:05:00 AM,7/25/2026 11:59:00 PM,MAX_OPERATING_MW,6,
7/25/2026 5:25:00 PM,RTD,CMIN,10LIAN_G02,G,7/25/2026 12:05:00 AM,7/25/2026 11:59:00 PM,MIN_OPERATING_MW,3,
7/25/2026 5:25:00 PM,RTD,CMIN,11MALADU_G01,G,7/25/2026 12:01:00 AM,7/26/2026,MAX_OPERATING_MW,9.50,
7/25/2026 5:25:00 PM,RTD,CMIN,11MALADU_G01,G,7/25/2026 12:01:00 AM,7/26/2026,MIN_OPERATING_MW,9.50,
7/25/2026 5:25:00 PM,RTD,CMIN,11MARAMSOL_G01,G,7/25/2026 2:46:00 PM,7/25/2026 6:45:00 PM,MAX_OPERATING_MW,10,
7/25/2026 5:25:00 PM,RTD,CMIN,11MARAMSOL_G01,G,7/25/2026 2:46:00 PM,7/25/2026 6:45:00 PM,MIN_OPERATING_MW,10,
7/25/2026 5:30:00 PM,RTD,CLUZ,01BARBASOL_G01,G,7/25/2026 5:26:00 PM,7/25/2026 5:30:00 PM,MAX_OPERATING_MW,4.82,
7/25/2026 5:30:00 PM,RTD,CLUZ,01BARBASOL_G01,G,7/25/2026 5:26:00 PM,7/25/2026 5:30:00 PM,MIN_OPERATING_MW,4.82,
7/25/2026 5:30:00 PM,RTD,CLUZ,01BARBASOL_G01,G,7/25/2026 5:31:00 PM,7/25/2026 5:35:00 PM,MAX_OPERATING_MW,4.30,
7/25/2026 5:30:00 PM,RTD,CLUZ,01BARBASOL_G01,G,7/25/2026 5:31:00 PM,7/25/2026 5:35:00 PM,MIN_OPERATING_MW,4.30,
7/25/2026 5:30:00 PM,RTD,CLUZ,01BUGSOL_G01,G,7/25/2026 5:26:00 PM,7/25/2026 5:30:00 PM,MAX_OPERATING_MW,25.39,
7/25/2026 5:30:00 PM,RTD,CLUZ,01BUGSOL_G01,G,7/25/2026 5:26:00 PM,7/25/2026 5:30:00 PM,MIN_OPERATING_MW,25.39,
7/25/2026 5:30:00 PM,RTD,CLUZ,01BUGSOL_G01,G,7/25/2026 5:31:00 PM,7/25/2026 5:35:00 PM,MAX_OPERATING_MW,25.83,
7/25/2026 5:30:00 PM,RTD,CLUZ,01BUGSOL_G01,G,7/25/2026 5:31:00 PM,7/25/2026 5:35:00 PM,MIN_OPERATING_MW,25.83,
7/25/2026 5:30:00 PM,RTD,CLUZ,01BULACSOL_G01,G,7/25/2026 5:01:00 PM,7/25/2026 6:00:00 PM,MAX_OPERATING_MW,0.37,
7/25/2026 5:30:00 PM,RTD,CLUZ,01BULACSOL_G01,G,7/25/2026 5:01:00 PM,7/25/2026 6:00:00 PM,MIN_OPERATING_MW,0.37,
7/25/2026 5:30:00 PM,RTD,CLUZ,01MSINLO_G04,G,7/25/2026 6:51:00 AM,7/26/2026,MAX_OPERATING_MW,150,
7/25/2026 5:30:00 PM,RTD,CLUZ,01MSINLO_G04,G,7/25/2026 6:51:00 AM,7/26/2026,MIN_OPERATING_MW,150,
7/25/2026 5:30:00 PM,RTD,CLUZ,01PASBUSOL_G01,G,7/25/2026 5:01:00 PM,7/25/2026 6:00:00 PM,MAX_OPERATING_MW,1.77,
7/25/2026 5:30:00 PM,RTD,CLUZ,01PASBUSOL_G01,G,7/25/2026 5:01:00 PM,7/25/2026 6:00:00 PM,MIN_OPERATING_MW,1.77,
7/25/2026 5:30:00 PM,RTD,CLUZ,01TERRASOL_G01,G,7/25/2026 4:01:00 PM,7/25/2026 5:30:00 PM,MAX_OPERATING_MW,100,
7/25/2026 5:30:00 PM,RTD,CLUZ,01TERRASOL_G01,G,7/25/2026 4:01:00 PM,7/25/2026 5:30:00 PM,MIN_OPERATING_MW,100,
7/25/2026 5:30:00 PM,RTD,CLUZ,01TERRASOL_G01,G,7/25/2026 5:31:00 PM,7/25/2026 5:35:00 PM,MAX_OPERATING_MW,94.54,
7/25/2026 5:30:00 PM,RTD,CLUZ,01TERRASOL_G01,G,7/25/2026 5:31:00 PM,7/25/2026 5:35:00 PM,MIN_OPERATING_MW,94.54,
7/25/2026 5:30:00 PM,RTD,CLUZ,03ALMNOS_BAT1,G,7/25/2026 4:01:00 PM,7/25/2026 5:30:00 PM,MAX_OPERATING_MW,20,
7/25/2026 5:30:00 PM,RTD,CLUZ,03ALMNOS_BAT1,G,7/25/2026 4:01:00 PM,7/25/2026 5:30:00 PM,MIN_OPERATING_MW,20,
7/25/2026 5:30:00 PM,RTD,CLUZ,03ALMNOS_BAT1,G,7/25/2026 5:31:00 PM,7/25/2026 7:00:00 PM,MAX_OPERATING_MW,0,
7/25/2026 5:30:00 PM,RTD,CLUZ,03ALMNOS_BAT1,G,7/25/2026 5:31:00 PM,7/25/2026 7:00:00 PM,MIN_OPERATING_MW,0,
7/25/2026 5:30:00 PM,RTD,CLUZ,03LUMBSOL_G01,G,7/25/2026 5:26:00 PM,7/25/2026 5:30:00 PM,MAX_OPERATING_MW,30,
7/25/2026 5:30:00 PM,RTD,CLUZ,03LUMBSOL_G01,G,7/25/2026 5:26:00 PM,7/25/2026 5:30:00 PM,MIN_OPERATING_MW,30,
7/25/2026 5:30:00 PM,RTD,CLUZ,03LUMBSOL_G01,G,7/25/2026 5:31:00 PM,7/25/2026 5:35:00 PM,MAX_OPERATING_MW,30,
7/25/2026 5:30:00 PM,RTD,CLUZ,03LUMBSOL_G01,G,7/25/2026 5:31:00 PM,7/25/2026 5:35:00 PM,MIN_OPERATING_MW,30,
7/25/2026 5:30:00 PM,RTD,CLUZ,03LUNSOL_G01,G,7/25/2026 5:26:00 PM,7/25/2026 5:30:00 PM,MAX_OPERATING_MW,0.53,
7/25/2026 5:30:00 PM,RTD,CLUZ,03LUNSOL_G01,G,7/25/2026 5:26:00 PM,7/25/2026 5:30:00 PM,MIN_OPERATING_MW,0.53,
7/25/2026 5:30:00 PM,RTD,CLUZ,03LUNSOL_G01,G,7/25/2026 5:31:00 PM,7/25/2026 5:35:00 PM,MAX_OPERATING_MW,0.30,
7/25/2026 5:30:00 PM,RTD,CLUZ,03LUNSOL_G01,G,7/25/2026 5:31:00 PM,7/25/2026 5:35:00 PM,MIN_OPERATING_MW,0.30,
7/25/2026 5:30:00 PM,RTD,CVIS,06SLYSOL_G02,G,7/25/2026 5:01:00 PM,7/25/2026 6:00:00 PM,MAX_OPERATING_MW,2.03,
7/25/2026 5:30:00 PM,RTD,CVIS,06SLYSOL_G02,G,7/25/2026 5:01:00 PM,7/25/2026 6:00:00 PM,MIN_OPERATING_MW,2.03,
7/25/2026 5:30:00 PM,RTD,CVIS,06SLYSOL_G03,G,7/25/2026 5:01:00 PM,7/25/2026 6:00:00 PM,MAX_OPERATING_MW,1.20,
7/25/2026 5:30:00 PM,RTD,CVIS,06SLYSOL_G03,G,7/25/2026 5:01:00 PM,7/25/2026 6:00:00 PM,MIN_OPERATING_MW,1.20,
7/25/2026 5:30:00 PM,RTD,CMIN,10LIAN_G02,G,7/25/2026 12:05:00 AM,7/25/2026 11:59:00 PM,MAX_OPERATING_MW,6,
7/25/2026 5:30:00 PM,RTD,CMIN,10LIAN_G02,G,7/25/2026 12:05:00 AM,7/25/2026 11:59:00 PM,MIN_OPERATING_MW,3,
7/25/2026 5:30:00 PM,RTD,CMIN,11MALADU_G01,G,7/25/2026 12:01:00 AM,7/26/2026,MAX_OPERATING_MW,9.50,
7/25/2026 5:30:00 PM,RTD,CMIN,11MALADU_G01,G,7/25/2026 12:01:00 AM,7/26/2026,MIN_OPERATING_MW,9.50,
7/25/2026 5:30:00 PM,RTD,CMIN,11MARAMSOL_G01,G,7/25/2026 2:46:00 PM,7/25/2026 6:45:00 PM,MAX_OPERATING_MW,10,
7/25/2026 5:30:00 PM,RTD,CMIN,11MARAMSOL_G01,G,7/25/2026 2:46:00 PM,7/25/2026 6:45:00 PM,MIN_OPERATING_MW,10,
7/25/2026 5:35:00 PM,RTD,CLUZ,01BARBASOL_G01,G,7/25/2026 5:31:00 PM,7/25/2026 5:35:00 PM,MAX_OPERATING_MW,4.30,
7/25/2026 5:35:00 PM,RTD,CLUZ,01BARBASOL_G01,G,7/25/2026 5:31:00 PM,7/25/2026 5:35:00 PM,MIN_OPERATING_MW,4.30,
7/25/2026 5:35:00 PM,RTD,CLUZ,01BARBASOL_G01,G,7/25/2026 5:36:00 PM,7/25/2026 5:40:00 PM,MAX_OPERATING_MW,3.79,
7/25/2026 5:35:00 PM,RTD,CLUZ,01BARBASOL_G01,G,7/25/2026 5:36:00 PM,7/25/2026 5:40:00 PM,MIN_OPERATING_MW,3.79,
7/25/2026 5:35:00 PM,RTD,CLUZ,01BUGSOL_G01,G,7/25/2026 5:31:00 PM,7/25/2026 5:35:00 PM,MAX_OPERATING_MW,25.83,
7/25/2026 5:35:00 PM,RTD,CLUZ,01BUGSOL_G01,G,7/25/2026 5:31:00 PM,7/25/2026 5:35:00 PM,MIN_OPERATING_MW,25.83,
7/25/2026 5:35:00 PM,RTD,CLUZ,01BUGSOL_G01,G,7/25/2026 5:36:00 PM,7/25/2026 5:40:00 PM,MAX_OPERATING_MW,20.37,
7/25/2026 5:35:00 PM,RTD,CLUZ,01BUGSOL_G01,G,7/25/2026 5:36:00 PM,7/25/2026 5:40:00 PM,MIN_OPERATING_MW,20.37,
7/25/2026 5:35:00 PM,RTD,CLUZ,01BULACSOL_G01,G,7/25/2026 5:01:00 PM,7/25/2026 6:00:00 PM,MAX_OPERATING_MW,0.37,
7/25/2026 5:35:00 PM,RTD,CLUZ,01BULACSOL_G01,G,7/25/2026 5:01:00 PM,7/25/2026 6:00:00 PM,MIN_OPERATING_MW,0.37,
7/25/2026 5:35:00 PM,RTD,CLUZ,01MSINLO_G04,G,7/25/2026 6:51:00 AM,7/26/2026,MAX_OPERATING_MW,150,
7/25/2026 5:35:00 PM,RTD,CLUZ,01MSINLO_G04,G,7/25/2026 6:51:00 AM,7/26/2026,MIN_OPERATING_MW,150,
7/25/2026 5:35:00 PM,RTD,CLUZ,01PASBUSOL_G01,G,7/25/2026 5:01:00 PM,7/25/2026 6:00:00 PM,MAX_OPERATING_MW,1.77,
7/25/2026 5:35:00 PM,RTD,CLUZ,01PASBUSOL_G01,G,7/25/2026 5:01:00 PM,7/25/2026 6:00:00 PM,MIN_OPERATING_MW,1.77,
7/25/2026 5:35:00 PM,RTD,CLUZ,01TERRASOL_G01,G,7/25/2026 5:31:00 PM,7/25/2026 5:35:00 PM,MAX_OPERATING_MW,94.54,
7/25/2026 5:35:00 PM,RTD,CLUZ,01TERRASOL_G01,G,7/25/2026 5:31:00 PM,7/25/2026 5:35:00 PM,MIN_OPERATING_MW,94.54,
7/25/2026 5:35:00 PM,RTD,CLUZ,01TERRASOL_G01,G,7/25/2026 5:36:00 PM,7/25/2026 5:40:00 PM,MAX_OPERATING_MW,75.03,
7/25/2026 5:35:00 PM,RTD,CLUZ,01TERRASOL_G01,G,7/25/2026 5:36:00 PM,7/25/2026 5:40:00 PM,MIN_OPERATING_MW,75.03,
7/25/2026 5:35:00 PM,RTD,CLUZ,03ALMNOS_BAT1,G,7/25/2026 5:31:00 PM,7/25/2026 7:00:00 PM,MAX_OPERATING_MW,0,
7/25/2026 5:35:00 PM,RTD,CLUZ,03ALMNOS_BAT1,G,7/25/2026 5:31:00 PM,7/25/2026 7:00:00 PM,MIN_OPERATING_MW,0,
7/25/2026 5:35:00 PM,RTD,CLUZ,03LUMBSOL_G01,G,7/25/2026 5:31:00 PM,7/25/2026 5:35:00 PM,MAX_OPERATING_MW,30,
7/25/2026 5:35:00 PM,RTD,CLUZ,03LUMBSOL_G01,G,7/25/2026 5:31:00 PM,7/25/2026 5:35:00 PM,MIN_OPERATING_MW,30,
7/25/2026 5:35:00 PM,RTD,CLUZ,03LUMBSOL_G01,G,7/25/2026 5:36:00 PM,7/25/2026 5:40:00 PM,MAX_OPERATING_MW,30,
7/25/2026 5:35:00 PM,RTD,CLUZ,03LUMBSOL_G01,G,7/25/2026 5:36:00 PM,7/25/2026 5:40:00 PM,MIN_OPERATING_MW,30,
7/25/2026 5:35:00 PM,RTD,CLUZ,03LUNSOL_G01,G,7/25/2026 5:31:00 PM,7/25/2026 5:35:00 PM,MAX_OPERATING_MW,0.30,
7/25/2026 5:35:00 PM,RTD,CLUZ,03LUNSOL_G01,G,7/25/2026 5:31:00 PM,7/25/2026 5:35:00 PM,MIN_OPERATING_MW,0.30,
7/25/2026 5:35:00 PM,RTD,CLUZ,03LUNSOL_G01,G,7/25/2026 5:36:00 PM,7/25/2026 5:40:00 PM,MAX_OPERATING_MW,0.09,
7/25/2026 5:35:00 PM,RTD,CLUZ,03LUNSOL_G01,G,7/25/2026 5:36:00 PM,7/25/2026 5:40:00 PM,MIN_OPERATING_MW,0.09,
7/25/2026 5:35:00 PM,RTD,CVIS,06SLYSOL_G02,G,7/25/2026 5:01:00 PM,7/25/2026 6:00:00 PM,MAX_OPERATING_MW,2.03,
7/25/2026 5:35:00 PM,RTD,CVIS,06SLYSOL_G02,G,7/25/2026 5:01:00 PM,7/25/2026 6:00:00 PM,MIN_OPERATING_MW,2.03,
7/25/2026 5:35:00 PM,RTD,CVIS,06SLYSOL_G03,G,7/25/2026 5:01:00 PM,7/25/2026 6:00:00 PM,MAX_OPERATING_MW,1.20,
7/25/2026 5:35:00 PM,RTD,CVIS,06SLYSOL_G03,G,7/25/2026 5:01:00 PM,7/25/2026 6:00:00 PM,MIN_OPERATING_MW,1.20,
7/25/2026 5:35:00 PM,RTD,CMIN,10LIAN_G02,G,7/25/2026 12:05:00 AM,7/25/2026 11:59:00 PM,MAX_OPERATING_MW,6,
7/25/2026 5:35:00 PM,RTD,CMIN,10LIAN_G02,G,7/25/2026 12:05:00 AM,7/25/2026 11:59:00 PM,MIN_OPERATING_MW,3,
7/25/2026 5:35:00 PM,RTD,CMIN,11MALADU_G01,G,7/25/2026 12:01:00 AM,7/26/2026,MAX_OPERATING_MW,9.50,
7/25/2026 5:35:00 PM,RTD,CMIN,11MALADU_G01,G,7/25/2026 12:01:00 AM,7/26/2026,MIN_OPERATING_MW,9.50,
7/25/2026 5:35:00 PM,RTD,CMIN,11MARAMSOL_G01,G,7/25/2026 2:46:00 PM,7/25/2026 6:45:00 PM,MAX_OPERATING_MW,10,
7/25/2026 5:35:00 PM,RTD,CMIN,11MARAMSOL_G01,G,7/25/2026 2:46:00 PM,7/25/2026 6:45:00 PM,MIN_OPERATING_MW,10,
7/25/2026 5:40:00 PM,RTD,CLUZ,01BARBASOL_G01,G,7/25/2026 5:36:00 PM,7/25/2026 5:40:00 PM,MAX_OPERATING_MW,3.79,
7/25/2026 5:40:00 PM,RTD,CLUZ,01BARBASOL_G01,G,7/25/2026 5:36:00 PM,7/25/2026 5:40:00 PM,MIN_OPERATING_MW,3.79,
7/25/2026 5:40:00 PM,RTD,CLUZ,01BARBASOL_G01,G,7/25/2026 5:41:00 PM,7/25/2026 5:45:00 PM,MAX_OPERATING_MW,3.31,
7/25/2026 5:40:00 PM,RTD,CLUZ,01BARBASOL_G01,G,7/25/2026 5:41:00 PM,7/25/2026 5:45:00 PM,MIN_OPERATING_MW,3.31,
7/25/2026 5:40:00 PM,RTD,CLUZ,01BUGSOL_G01,G,7/25/2026 5:36:00 PM,7/25/2026 5:40:00 PM,MAX_OPERATING_MW,20.37,
7/25/2026 5:40:00 PM,RTD,CLUZ,01BUGSOL_G01,G,7/25/2026 5:36:00 PM,7/25/2026 5:40:00 PM,MIN_OPERATING_MW,20.37,
7/25/2026 5:40:00 PM,RTD,CLUZ,01BUGSOL_G01,G,7/25/2026 5:41:00 PM,7/25/2026 5:45:00 PM,MAX_OPERATING_MW,14.97,
7/25/2026 5:40:00 PM,RTD,CLUZ,01BUGSOL_G01,G,7/25/2026 5:41:00 PM,7/25/2026 5:45:00 PM,MIN_OPERATING_MW,14.97,
7/25/2026 5:40:00 PM,RTD,CLUZ,01BULACSOL_G01,G,7/25/2026 5:01:00 PM,7/25/2026 6:00:00 PM,MAX_OPERATING_MW,0.37,
7/25/2026 5:40:00 PM,RTD,CLUZ,01BULACSOL_G01,G,7/25/2026 5:01:00 PM,7/25/2026 6:00:00 PM,MIN_OPERATING_MW,0.37,
7/25/2026 5:40:00 PM,RTD,CLUZ,01MSINLO_G04,G,7/25/2026 6:51:00 AM,7/26/2026,MAX_OPERATING_MW,150,
7/25/2026 5:40:00 PM,RTD,CLUZ,01MSINLO_G04,G,7/25/2026 6:51:00 AM,7/26/2026,MIN_OPERATING_MW,150,
7/25/2026 5:40:00 PM,RTD,CLUZ,01PASBUSOL_G01,G,7/25/2026 5:01:00 PM,7/25/2026 6:00:00 PM,MAX_OPERATING_MW,1.77,
7/25/2026 5:40:00 PM,RTD,CLUZ,01PASBUSOL_G01,G,7/25/2026 5:01:00 PM,7/25/2026 6:00:00 PM,MIN_OPERATING_MW,1.77,
7/25/2026 5:40:00 PM,RTD,CLUZ,01TERRASOL_G01,G,7/25/2026 5:36:00 PM,7/25/2026 5:40:00 PM,MAX_OPERATING_MW,75.03,
7/25/2026 5:40:00 PM,RTD,CLUZ,01TERRASOL_G01,G,7/25/2026 5:36:00 PM,7/25/2026 5:40:00 PM,MIN_OPERATING_MW,75.03,
7/25/2026 5:40:00 PM,RTD,CLUZ,01TERRASOL_G01,G,7/25/2026 5:41:00 PM,7/25/2026 5:45:00 PM,MAX_OPERATING_MW,57.74,
7/25/2026 5:40:00 PM,RTD,CLUZ,01TERRASOL_G01,G,7/25/2026 5:41:00 PM,7/25/2026 5:45:00 PM,MIN_OPERATING_MW,57.74,
7/25/2026 5:40:00 PM,RTD,CLUZ,03ALMNOS_BAT1,G,7/25/2026 5:31:00 PM,7/25/2026 7:00:00 PM,MAX_OPERATING_MW,0,
7/25/2026 5:40:00 PM,RTD,CLUZ,03ALMNOS_BAT1,G,7/25/2026 5:31:00 PM,7/25/2026 7:00:00 PM,MIN_OPERATING_MW,0,
7/25/2026 5:40:00 PM,RTD,CLUZ,03LUMBSOL_G01,G,7/25/2026 5:36:00 PM,7/25/2026 5:40:00 PM,MAX_OPERATING_MW,30,
7/25/2026 5:40:00 PM,RTD,CLUZ,03LUMBSOL_G01,G,7/25/2026 5:36:00 PM,7/25/2026 5:40:00 PM,MIN_OPERATING_MW,30,
7/25/2026 5:40:00 PM,RTD,CLUZ,03LUMBSOL_G01,G,7/25/2026 5:41:00 PM,7/25/2026 5:45:00 PM,MAX_OPERATING_MW,30,
7/25/2026 5:40:00 PM,RTD,CLUZ,03LUMBSOL_G01,G,7/25/2026 5:41:00 PM,7/25/2026 5:45:00 PM,MIN_OPERATING_MW,30,
7/25/2026 5:40:00 PM,RTD,CLUZ,03LUNSOL_G01,G,7/25/2026 5:36:00 PM,7/25/2026 5:40:00 PM,MAX_OPERATING_MW,0.09,
7/25/2026 5:40:00 PM,RTD,CLUZ,03LUNSOL_G01,G,7/25/2026 5:36:00 PM,7/25/2026 5:40:00 PM,MIN_OPERATING_MW,0.09,
7/25/2026 5:40:00 PM,RTD,CLUZ,03LUNSOL_G01,G,7/25/2026 5:41:00 PM,7/25/2026 5:45:00 PM,MAX_OPERATING_MW,0.64,
7/25/2026 5:40:00 PM,RTD,CLUZ,03LUNSOL_G01,G,7/25/2026 5:41:00 PM,7/25/2026 5:45:00 PM,MIN_OPERATING_MW,0.64,
7/25/2026 5:40:00 PM,RTD,CVIS,06SLYSOL_G02,G,7/25/2026 5:01:00 PM,7/25/2026 6:00:00 PM,MAX_OPERATING_MW,2.03,
7/25/2026 5:40:00 PM,RTD,CVIS,06SLYSOL_G02,G,7/25/2026 5:01:00 PM,7/25/2026 6:00:00 PM,MIN_OPERATING_MW,2.03,
7/25/2026 5:40:00 PM,RTD,CVIS,06SLYSOL_G03,G,7/25/2026 5:01:00 PM,7/25/2026 6:00:00 PM,MAX_OPERATING_MW,1.20,
7/25/2026 5:40:00 PM,RTD,CVIS,06SLYSOL_G03,G,7/25/2026 5:01:00 PM,7/25/2026 6:00:00 PM,MIN_OPERATING_MW,1.20,
7/25/2026 5:40:00 PM,RTD,CMIN,10LIAN_G02,G,7/25/2026 12:05:00 AM,7/25/2026 11:59:00 PM,MAX_OPERATING_MW,6,
7/25/2026 5:40:00 PM,RTD,CMIN,10LIAN_G02,G,7/25/2026 12:05:00 AM,7/25/2026 11:59:00 PM,MIN_OPERATING_MW,3,
7/25/2026 5:40:00 PM,RTD,CMIN,11MALADU_G01,G,7/25/2026 12:01:00 AM,7/26/2026,MAX_OPERATING_MW,9.50,
7/25/2026 5:40:00 PM,RTD,CMIN,11MALADU_G01,G,7/25/2026 12:01:00 AM,7/26/2026,MIN_OPERATING_MW,9.50,
7/25/2026 5:40:00 PM,RTD,CMIN,11MARAMSOL_G01,G,7/25/2026 2:46:00 PM,7/25/2026 6:45:00 PM,MAX_OPERATING_MW,10,
7/25/2026 5:40:00 PM,RTD,CMIN,11MARAMSOL_G01,G,7/25/2026 2:46:00 PM,7/25/2026 6:45:00 PM,MIN_OPERATING_MW,10,
7/25/2026 5:45:00 PM,RTD,CLUZ,01BARBASOL_G01,G,7/25/2026 5:41:00 PM,7/25/2026 5:45:00 PM,MAX_OPERATING_MW,3.31,
7/25/2026 5:45:00 PM,RTD,CLUZ,01BARBASOL_G01,G,7/25/2026 5:41:00 PM,7/25/2026 5:45:00 PM,MIN_OPERATING_MW,3.31,
7/25/2026 5:45:00 PM,RTD,CLUZ,01BARBASOL_G01,G,7/25/2026 5:46:00 PM,7/25/2026 5:50:00 PM,MAX_OPERATING_MW,2.85,
7/25/2026 5:45:00 PM,RTD,CLUZ,01BARBASOL_G01,G,7/25/2026 5:46:00 PM,7/25/2026 5:50:00 PM,MIN_OPERATING_MW,2.85,
7/25/2026 5:45:00 PM,RTD,CLUZ,01BUGSOL_G01,G,7/25/2026 5:41:00 PM,7/25/2026 5:45:00 PM,MAX_OPERATING_MW,14.97,
7/25/2026 5:45:00 PM,RTD,CLUZ,01BUGSOL_G01,G,7/25/2026 5:41:00 PM,7/25/2026 5:45:00 PM,MIN_OPERATING_MW,14.97,
7/25/2026 5:45:00 PM,RTD,CLUZ,01BUGSOL_G01,G,7/25/2026 5:46:00 PM,7/25/2026 5:50:00 PM,MAX_OPERATING_MW,13.20,
7/25/2026 5:45:00 PM,RTD,CLUZ,01BUGSOL_G01,G,7/25/2026 5:46:00 PM,7/25/2026 5:50:00 PM,MIN_OPERATING_MW,13.20,
7/25/2026 5:45:00 PM,RTD,CLUZ,01BULACSOL_G01,G,7/25/2026 5:01:00 PM,7/25/2026 6:00:00 PM,MAX_OPERATING_MW,0.37,
7/25/2026 5:45:00 PM,RTD,CLUZ,01BULACSOL_G01,G,7/25/2026 5:01:00 PM,7/25/2026 6:00:00 PM,MIN_OPERATING_MW,0.37,
7/25/2026 5:45:00 PM,RTD,CLUZ,01MSINLO_G04,G,7/25/2026 6:51:00 AM,7/26/2026,MAX_OPERATING_MW,150,
7/25/2026 5:45:00 PM,RTD,CLUZ,01MSINLO_G04,G,7/25/2026 6:51:00 AM,7/26/2026,MIN_OPERATING_MW,150,
7/25/2026 5:45:00 PM,RTD,CLUZ,01PASBUSOL_G01,G,7/25/2026 5:01:00 PM,7/25/2026 6:00:00 PM,MAX_OPERATING_MW,1.77,
7/25/2026 5:45:00 PM,RTD,CLUZ,01PASBUSOL_G01,G,7/25/2026 5:01:00 PM,7/25/2026 6:00:00 PM,MIN_OPERATING_MW,1.77,
7/25/2026 5:45:00 PM,RTD,CLUZ,01TERRASOL_G01,G,7/25/2026 5:41:00 PM,7/25/2026 5:45:00 PM,MAX_OPERATING_MW,57.74,
7/25/2026 5:45:00 PM,RTD,CLUZ,01TERRASOL_G01,G,7/25/2026 5:41:00 PM,7/25/2026 5:45:00 PM,MIN_OPERATING_MW,57.74,
7/25/2026 5:45:00 PM,RTD,CLUZ,01TERRASOL_G01,G,7/25/2026 5:46:00 PM,7/25/2026 5:50:00 PM,MAX_OPERATING_MW,42.68,
7/25/2026 5:45:00 PM,RTD,CLUZ,01TERRASOL_G01,G,7/25/2026 5:46:00 PM,7/25/2026 5:50:00 PM,MIN_OPERATING_MW,42.68,
7/25/2026 5:45:00 PM,RTD,CLUZ,03ALMNOS_BAT1,G,7/25/2026 5:31:00 PM,7/25/2026 7:00:00 PM,MAX_OPERATING_MW,0,
7/25/2026 5:45:00 PM,RTD,CLUZ,03ALMNOS_BAT1,G,7/25/2026 5:31:00 PM,7/25/2026 7:00:00 PM,MIN_OPERATING_MW,0,
7/25/2026 5:45:00 PM,RTD,CLUZ,03LUMBSOL_G01,G,7/25/2026 5:41:00 PM,7/25/2026 5:45:00 PM,MAX_OPERATING_MW,30,
7/25/2026 5:45:00 PM,RTD,CLUZ,03LUMBSOL_G01,G,7/25/2026 5:41:00 PM,7/25/2026 5:45:00 PM,MIN_OPERATING_MW,30,
7/25/2026 5:45:00 PM,RTD,CLUZ,03LUMBSOL_G01,G,7/25/2026 5:46:00 PM,7/25/2026 5:50:00 PM,MAX_OPERATING_MW,30,
7/25/2026 5:45:00 PM,RTD,CLUZ,03LUMBSOL_G01,G,7/25/2026 5:46:00 PM,7/25/2026 5:50:00 PM,MIN_OPERATING_MW,30,
7/25/2026 5:45:00 PM,RTD,CLUZ,03LUNSOL_G01,G,7/25/2026 5:41:00 PM,7/25/2026 5:45:00 PM,MAX_OPERATING_MW,0.64,
7/25/2026 5:45:00 PM,RTD,CLUZ,03LUNSOL_G01,G,7/25/2026 5:41:00 PM,7/25/2026 5:45:00 PM,MIN_OPERATING_MW,0.64,
7/25/2026 5:45:00 PM,RTD,CLUZ,03LUNSOL_G01,G,7/25/2026 5:46:00 PM,7/25/2026 5:50:00 PM,MAX_OPERATING_MW,0.43,
7/25/2026 5:45:00 PM,RTD,CLUZ,03LUNSOL_G01,G,7/25/2026 5:46:00 PM,7/25/2026 5:50:00 PM,MIN_OPERATING_MW,0.43,
7/25/2026 5:45:00 PM,RTD,CVIS,06SLYSOL_G02,G,7/25/2026 5:01:00 PM,7/25/2026 6:00:00 PM,MAX_OPERATING_MW,2.03,
7/25/2026 5:45:00 PM,RTD,CVIS,06SLYSOL_G02,G,7/25/2026 5:01:00 PM,7/25/2026 6:00:00 PM,MIN_OPERATING_MW,2.03,
7/25/2026 5:45:00 PM,RTD,CVIS,06SLYSOL_G03,G,7/25/2026 5:01:00 PM,7/25/2026 6:00:00 PM,MAX_OPERATING_MW,1.20,
7/25/2026 5:45:00 PM,RTD,CVIS,06SLYSOL_G03,G,7/25/2026 5:01:00 PM,7/25/2026 6:00:00 PM,MIN_OPERATING_MW,1.20,
7/25/2026 5:45:00 PM,RTD,CMIN,10LIAN_G02,G,7/25/2026 12:05:00 AM,7/25/2026 11:59:00 PM,MAX_OPERATING_MW,6,
7/25/2026 5:45:00 PM,RTD,CMIN,10LIAN_G02,G,7/25/2026 12:05:00 AM,7/25/2026 11:59:00 PM,MIN_OPERATING_MW,3,
7/25/2026 5:45:00 PM,RTD,CMIN,11MALADU_G01,G,7/25/2026 12:01:00 AM,7/26/2026,MAX_OPERATING_MW,9.50,
7/25/2026 5:45:00 PM,RTD,CMIN,11MALADU_G01,G,7/25/2026 12:01:00 AM,7/26/2026,MIN_OPERATING_MW,9.50,
7/25/2026 5:45:00 PM,RTD,CMIN,11MARAMSOL_G01,G,7/25/2026 2:46:00 PM,7/25/2026 6:45:00 PM,MAX_OPERATING_MW,10,
7/25/2026 5:45:00 PM,RTD,CMIN,11MARAMSOL_G01,G,7/25/2026 2:46:00 PM,7/25/2026 6:45:00 PM,MIN_OPERATING_MW,10,
7/25/2026 5:50:00 PM,RTD,CLUZ,01BARBASOL_G01,G,7/25/2026 5:46:00 PM,7/25/2026 5:50:00 PM,MAX_OPERATING_MW,2.85,
7/25/2026 5:50:00 PM,RTD,CLUZ,01BARBASOL_G01,G,7/25/2026 5:46:00 PM,7/25/2026 5:50:00 PM,MIN_OPERATING_MW,2.85,
7/25/2026 5:50:00 PM,RTD,CLUZ,01BARBASOL_G01,G,7/25/2026 5:51:00 PM,7/25/2026 5:55:00 PM,MAX_OPERATING_MW,2.39,
7/25/2026 5:50:00 PM,RTD,CLUZ,01BARBASOL_G01,G,7/25/2026 5:51:00 PM,7/25/2026 5:55:00 PM,MIN_OPERATING_MW,2.39,
7/25/2026 5:50:00 PM,RTD,CLUZ,01BUGSOL_G01,G,7/25/2026 5:46:00 PM,7/25/2026 5:50:00 PM,MAX_OPERATING_MW,13.20,
7/25/2026 5:50:00 PM,RTD,CLUZ,01BUGSOL_G01,G,7/25/2026 5:46:00 PM,7/25/2026 5:50:00 PM,MIN_OPERATING_MW,13.20,
7/25/2026 5:50:00 PM,RTD,CLUZ,01BUGSOL_G01,G,7/25/2026 5:51:00 PM,7/25/2026 5:55:00 PM,MAX_OPERATING_MW,11.76,
7/25/2026 5:50:00 PM,RTD,CLUZ,01BUGSOL_G01,G,7/25/2026 5:51:00 PM,7/25/2026 5:55:00 PM,MIN_OPERATING_MW,11.76,
7/25/2026 5:50:00 PM,RTD,CLUZ,01BULACSOL_G01,G,7/25/2026 5:01:00 PM,7/25/2026 6:00:00 PM,MAX_OPERATING_MW,0.37,
7/25/2026 5:50:00 PM,RTD,CLUZ,01BULACSOL_G01,G,7/25/2026 5:01:00 PM,7/25/2026 6:00:00 PM,MIN_OPERATING_MW,0.37,
7/25/2026 5:50:00 PM,RTD,CLUZ,01MSINLO_G04,G,7/25/2026 6:51:00 AM,7/26/2026,MAX_OPERATING_MW,150,
7/25/2026 5:50:00 PM,RTD,CLUZ,01MSINLO_G04,G,7/25/2026 6:51:00 AM,7/26/2026,MIN_OPERATING_MW,150,
7/25/2026 5:50:00 PM,RTD,CLUZ,01PASBUSOL_G01,G,7/25/2026 5:01:00 PM,7/25/2026 6:00:00 PM,MAX_OPERATING_MW,1.77,
7/25/2026 5:50:00 PM,RTD,CLUZ,01PASBUSOL_G01,G,7/25/2026 5:01:00 PM,7/25/2026 6:00:00 PM,MIN_OPERATING_MW,1.77,
7/25/2026 5:50:00 PM,RTD,CLUZ,01TERRASOL_G01,G,7/25/2026 5:46:00 PM,7/25/2026 5:50:00 PM,MAX_OPERATING_MW,42.68,
7/25/2026 5:50:00 PM,RTD,CLUZ,01TERRASOL_G01,G,7/25/2026 5:46:00 PM,7/25/2026 5:50:00 PM,MIN_OPERATING_MW,42.68,
7/25/2026 5:50:00 PM,RTD,CLUZ,01TERRASOL_G01,G,7/25/2026 5:51:00 PM,7/25/2026 5:55:00 PM,MAX_OPERATING_MW,30.05,
7/25/2026 5:50:00 PM,RTD,CLUZ,01TERRASOL_G01,G,7/25/2026 5:51:00 PM,7/25/2026 5:55:00 PM,MIN_OPERATING_MW,30.05,
7/25/2026 5:50:00 PM,RTD,CLUZ,03ALMNOS_BAT1,G,7/25/2026 5:31:00 PM,7/25/2026 7:00:00 PM,MAX_OPERATING_MW,0,
7/25/2026 5:50:00 PM,RTD,CLUZ,03ALMNOS_BAT1,G,7/25/2026 5:31:00 PM,7/25/2026 7:00:00 PM,MIN_OPERATING_MW,0,
7/25/2026 5:50:00 PM,RTD,CLUZ,03LUMBSOL_G01,G,7/25/2026 5:46:00 PM,7/25/2026 5:50:00 PM,MAX_OPERATING_MW,30,
7/25/2026 5:50:00 PM,RTD,CLUZ,03LUMBSOL_G01,G,7/25/2026 5:46:00 PM,7/25/2026 5:50:00 PM,MIN_OPERATING_MW,30,
7/25/2026 5:50:00 PM,RTD,CLUZ,03LUMBSOL_G01,G,7/25/2026 5:51:00 PM,7/25/2026 5:55:00 PM,MAX_OPERATING_MW,30,
7/25/2026 5:50:00 PM,RTD,CLUZ,03LUMBSOL_G01,G,7/25/2026 5:51:00 PM,7/25/2026 5:55:00 PM,MIN_OPERATING_MW,30,
7/25/2026 5:50:00 PM,RTD,CLUZ,03LUNSOL_G01,G,7/25/2026 5:46:00 PM,7/25/2026 5:50:00 PM,MAX_OPERATING_MW,0.43,
7/25/2026 5:50:00 PM,RTD,CLUZ,03LUNSOL_G01,G,7/25/2026 5:46:00 PM,7/25/2026 5:50:00 PM,MIN_OPERATING_MW,0.43,
7/25/2026 5:50:00 PM,RTD,CLUZ,03LUNSOL_G01,G,7/25/2026 5:51:00 PM,7/25/2026 5:55:00 PM,MAX_OPERATING_MW,0.24,
7/25/2026 5:50:00 PM,RTD,CLUZ,03LUNSOL_G01,G,7/25/2026 5:51:00 PM,7/25/2026 5:55:00 PM,MIN_OPERATING_MW,0.24,
7/25/2026 5:50:00 PM,RTD,CVIS,06SLYSOL_G02,G,7/25/2026 5:01:00 PM,7/25/2026 6:00:00 PM,MAX_OPERATING_MW,2.03,
7/25/2026 5:50:00 PM,RTD,CVIS,06SLYSOL_G02,G,7/25/2026 5:01:00 PM,7/25/2026 6:00:00 PM,MIN_OPERATING_MW,2.03,
7/25/2026 5:50:00 PM,RTD,CVIS,06SLYSOL_G03,G,7/25/2026 5:01:00 PM,7/25/2026 6:00:00 PM,MAX_OPERATING_MW,1.20,
7/25/2026 5:50:00 PM,RTD,CVIS,06SLYSOL_G03,G,7/25/2026 5:01:00 PM,7/25/2026 6:00:00 PM,MIN_OPERATING_MW,1.20,
7/25/2026 5:50:00 PM,RTD,CMIN,10LIAN_G02,G,7/25/2026 12:05:00 AM,7/25/2026 11:59:00 PM,MAX_OPERATING_MW,6,
7/25/2026 5:50:00 PM,RTD,CMIN,10LIAN_G02,G,7/25/2026 12:05:00 AM,7/25/2026 11:59:00 PM,MIN_OPERATING_MW,3,
7/25/2026 5:50:00 PM,RTD,CMIN,11MALADU_G01,G,7/25/2026 12:01:00 AM,7/26/2026,MAX_OPERATING_MW,9.50,
7/25/2026 5:50:00 PM,RTD,CMIN,11MALADU_G01,G,7/25/2026 12:01:00 AM,7/26/2026,MIN_OPERATING_MW,9.50,
7/25/2026 5:50:00 PM,RTD,CMIN,11MARAMSOL_G01,G,7/25/2026 2:46:00 PM,7/25/2026 6:45:00 PM,MAX_OPERATING_MW,10,
7/25/2026 5:50:00 PM,RTD,CMIN,11MARAMSOL_G01,G,7/25/2026 2:46:00 PM,7/25/2026 6:45:00 PM,MIN_OPERATING_MW,10,
7/25/2026 5:55:00 PM,RTD,CLUZ,01BARBASOL_G01,G,7/25/2026 5:51:00 PM,7/25/2026 5:55:00 PM,MAX_OPERATING_MW,2.39,
7/25/2026 5:55:00 PM,RTD,CLUZ,01BARBASOL_G01,G,7/25/2026 5:51:00 PM,7/25/2026 5:55:00 PM,MIN_OPERATING_MW,2.39,
7/25/2026 5:55:00 PM,RTD,CLUZ,01BARBASOL_G01,G,7/25/2026 5:56:00 PM,7/25/2026 6:00:00 PM,MAX_OPERATING_MW,1.95,
7/25/2026 5:55:00 PM,RTD,CLUZ,01BARBASOL_G01,G,7/25/2026 5:56:00 PM,7/25/2026 6:00:00 PM,MIN_OPERATING_MW,1.95,
7/25/2026 5:55:00 PM,RTD,CLUZ,01BUGSOL_G01,G,7/25/2026 5:51:00 PM,7/25/2026 5:55:00 PM,MAX_OPERATING_MW,11.76,
7/25/2026 5:55:00 PM,RTD,CLUZ,01BUGSOL_G01,G,7/25/2026 5:51:00 PM,7/25/2026 5:55:00 PM,MIN_OPERATING_MW,11.76,
7/25/2026 5:55:00 PM,RTD,CLUZ,01BUGSOL_G01,G,7/25/2026 5:56:00 PM,7/25/2026 6:00:00 PM,MAX_OPERATING_MW,7.08,
7/25/2026 5:55:00 PM,RTD,CLUZ,01BUGSOL_G01,G,7/25/2026 5:56:00 PM,7/25/2026 6:00:00 PM,MIN_OPERATING_MW,7.08,
7/25/2026 5:55:00 PM,RTD,CLUZ,01BULACSOL_G01,G,7/25/2026 5:01:00 PM,7/25/2026 6:00:00 PM,MAX_OPERATING_MW,0.37,
7/25/2026 5:55:00 PM,RTD,CLUZ,01BULACSOL_G01,G,7/25/2026 5:01:00 PM,7/25/2026 6:00:00 PM,MIN_OPERATING_MW,0.37,
7/25/2026 5:55:00 PM,RTD,CLUZ,01MSINLO_G04,G,7/25/2026 6:51:00 AM,7/26/2026,MAX_OPERATING_MW,150,
7/25/2026 5:55:00 PM,RTD,CLUZ,01MSINLO_G04,G,7/25/2026 6:51:00 AM,7/26/2026,MIN_OPERATING_MW,150,
7/25/2026 5:55:00 PM,RTD,CLUZ,01PASBUSOL_G01,G,7/25/2026 5:01:00 PM,7/25/2026 6:00:00 PM,MAX_OPERATING_MW,1.77,
7/25/2026 5:55:00 PM,RTD,CLUZ,01PASBUSOL_G01,G,7/25/2026 5:01:00 PM,7/25/2026 6:00:00 PM,MIN_OPERATING_MW,1.77,
7/25/2026 5:55:00 PM,RTD,CLUZ,01TERRASOL_G01,G,7/25/2026 5:51:00 PM,7/25/2026 5:55:00 PM,MAX_OPERATING_MW,30.05,
7/25/2026 5:55:00 PM,RTD,CLUZ,01TERRASOL_G01,G,7/25/2026 5:51:00 PM,7/25/2026 5:55:00 PM,MIN_OPERATING_MW,30.05,
7/25/2026 5:55:00 PM,RTD,CLUZ,01TERRASOL_G01,G,7/25/2026 5:56:00 PM,7/25/2026 6:00:00 PM,MAX_OPERATING_MW,22.23,
7/25/2026 5:55:00 PM,RTD,CLUZ,01TERRASOL_G01,G,7/25/2026 5:56:00 PM,7/25/2026 6:00:00 PM,MIN_OPERATING_MW,22.23,
7/25/2026 5:55:00 PM,RTD,CLUZ,03ALMNOS_BAT1,G,7/25/2026 5:31:00 PM,7/25/2026 7:00:00 PM,MAX_OPERATING_MW,0,
7/25/2026 5:55:00 PM,RTD,CLUZ,03ALMNOS_BAT1,G,7/25/2026 5:31:00 PM,7/25/2026 7:00:00 PM,MIN_OPERATING_MW,0,
7/25/2026 5:55:00 PM,RTD,CLUZ,03LUMBSOL_G01,G,7/25/2026 5:51:00 PM,7/25/2026 5:55:00 PM,MAX_OPERATING_MW,30,
7/25/2026 5:55:00 PM,RTD,CLUZ,03LUMBSOL_G01,G,7/25/2026 5:51:00 PM,7/25/2026 5:55:00 PM,MIN_OPERATING_MW,30,
7/25/2026 5:55:00 PM,RTD,CLUZ,03LUMBSOL_G01,G,7/25/2026 5:56:00 PM,7/25/2026 6:00:00 PM,MAX_OPERATING_MW,30,
7/25/2026 5:55:00 PM,RTD,CLUZ,03LUMBSOL_G01,G,7/25/2026 5:56:00 PM,7/25/2026 6:00:00 PM,MIN_OPERATING_MW,30,
7/25/2026 5:55:00 PM,RTD,CLUZ,03LUNSOL_G01,G,7/25/2026 5:51:00 PM,7/25/2026 5:55:00 PM,MAX_OPERATING_MW,0.24,
7/25/2026 5:55:00 PM,RTD,CLUZ,03LUNSOL_G01,G,7/25/2026 5:51:00 PM,7/25/2026 5:55:00 PM,MIN_OPERATING_MW,0.24,
7/25/2026 5:55:00 PM,RTD,CLUZ,03LUNSOL_G01,G,7/25/2026 5:56:00 PM,7/25/2026 6:00:00 PM,MAX_OPERATING_MW,0.07,
7/25/2026 5:55:00 PM,RTD,CLUZ,03LUNSOL_G01,G,7/25/2026 5:56:00 PM,7/25/2026 6:00:00 PM,MIN_OPERATING_MW,0.07,
7/25/2026 5:55:00 PM,RTD,CVIS,06SLYSOL_G02,G,7/25/2026 5:01:00 PM,7/25/2026 6:00:00 PM,MAX_OPERATING_MW,2.03,
7/25/2026 5:55:00 PM,RTD,CVIS,06SLYSOL_G02,G,7/25/2026 5:01:00 PM,7/25/2026 6:00:00 PM,MIN_OPERATING_MW,2.03,
7/25/2026 5:55:00 PM,RTD,CVIS,06SLYSOL_G03,G,7/25/2026 5:01:00 PM,7/25/2026 6:00:00 PM,MAX_OPERATING_MW,1.20,
7/25/2026 5:55:00 PM,RTD,CVIS,06SLYSOL_G03,G,7/25/2026 5:01:00 PM,7/25/2026 6:00:00 PM,MIN_OPERATING_MW,1.20,
7/25/2026 5:55:00 PM,RTD,CMIN,10LIAN_G02,G,7/25/2026 12:05:00 AM,7/25/2026 11:59:00 PM,MAX_OPERATING_MW,6,
7/25/2026 5:55:00 PM,RTD,CMIN,10LIAN_G02,G,7/25/2026 12:05:00 AM,7/25/2026 11:59:00 PM,MIN_OPERATING_MW,3,
7/25/2026 5:55:00 PM,RTD,CMIN,11MALADU_G01,G,7/25/2026 12:01:00 AM,7/26/2026,MAX_OPERATING_MW,9.50,
7/25/2026 5:55:00 PM,RTD,CMIN,11MALADU_G01,G,7/25/2026 12:01:00 AM,7/26/2026,MIN_OPERATING_MW,9.50,
7/25/2026 5:55:00 PM,RTD,CMIN,11MARAMSOL_G01,G,7/25/2026 2:46:00 PM,7/25/2026 6:45:00 PM,MAX_OPERATING_MW,10,
7/25/2026 5:55:00 PM,RTD,CMIN,11MARAMSOL_G01,G,7/25/2026 2:46:00 PM,7/25/2026 6:45:00 PM,MIN_OPERATING_MW,10,
7/25/2026 6:00:00 PM,RTD,CLUZ,01BARBASOL_G01,G,7/25/2026 5:56:00 PM,7/25/2026 6:00:00 PM,MAX_OPERATING_MW,1.95,
7/25/2026 6:00:00 PM,RTD,CLUZ,01BARBASOL_G01,G,7/25/2026 5:56:00 PM,7/25/2026 6:00:00 PM,MIN_OPERATING_MW,1.95,
7/25/2026 6:00:00 PM,RTD,CLUZ,01BUGSOL_G01,G,7/25/2026 5:56:00 PM,7/25/2026 6:00:00 PM,MAX_OPERATING_MW,7.08,
7/25/2026 6:00:00 PM,RTD,CLUZ,01BUGSOL_G01,G,7/25/2026 5:56:00 PM,7/25/2026 6:00:00 PM,MIN_OPERATING_MW,7.08,
7/25/2026 6:00:00 PM,RTD,CLUZ,01BUGSOL_G01,G,7/25/2026 6:01:00 PM,7/25/2026 6:05:00 PM,MAX_OPERATING_MW,4.50,
7/25/2026 6:00:00 PM,RTD,CLUZ,01BUGSOL_G01,G,7/25/2026 6:01:00 PM,7/25/2026 6:05:00 PM,MIN_OPERATING_MW,4.50,
7/25/2026 6:00:00 PM,RTD,CLUZ,01BULACSOL_G01,G,7/25/2026 5:01:00 PM,7/25/2026 6:00:00 PM,MAX_OPERATING_MW,0.37,
7/25/2026 6:00:00 PM,RTD,CLUZ,01BULACSOL_G01,G,7/25/2026 5:01:00 PM,7/25/2026 6:00:00 PM,MIN_OPERATING_MW,0.37,
7/25/2026 6:00:00 PM,RTD,CLUZ,01MSINLO_G04,G,7/25/2026 6:51:00 AM,7/26/2026,MAX_OPERATING_MW,150,
7/25/2026 6:00:00 PM,RTD,CLUZ,01MSINLO_G04,G,7/25/2026 6:51:00 AM,7/26/2026,MIN_OPERATING_MW,150,
7/25/2026 6:00:00 PM,RTD,CLUZ,01PASBUSOL_G01,G,7/25/2026 5:01:00 PM,7/25/2026 6:00:00 PM,MAX_OPERATING_MW,1.77,
7/25/2026 6:00:00 PM,RTD,CLUZ,01PASBUSOL_G01,G,7/25/2026 5:01:00 PM,7/25/2026 6:00:00 PM,MIN_OPERATING_MW,1.77,
7/25/2026 6:00:00 PM,RTD,CLUZ,01PASBUSOL_G01,G,7/25/2026 6:01:00 PM,7/25/2026 7:00:00 PM,MAX_OPERATING_MW,0.07,
7/25/2026 6:00:00 PM,RTD,CLUZ,01PASBUSOL_G01,G,7/25/2026 6:01:00 PM,7/25/2026 7:00:00 PM,MIN_OPERATING_MW,0.07,
7/25/2026 6:00:00 PM,RTD,CLUZ,01TERRASOL_G01,G,7/25/2026 5:56:00 PM,7/25/2026 6:00:00 PM,MAX_OPERATING_MW,22.23,
7/25/2026 6:00:00 PM,RTD,CLUZ,01TERRASOL_G01,G,7/25/2026 5:56:00 PM,7/25/2026 6:00:00 PM,MIN_OPERATING_MW,22.23,
7/25/2026 6:00:00 PM,RTD,CLUZ,01TERRASOL_G01,G,7/25/2026 6:01:00 PM,7/25/2026 6:05:00 PM,MAX_OPERATING_MW,14.63,
7/25/2026 6:00:00 PM,RTD,CLUZ,01TERRASOL_G01,G,7/25/2026 6:01:00 PM,7/25/2026 6:05:00 PM,MIN_OPERATING_MW,14.63,
7/25/2026 6:00:00 PM,RTD,CLUZ,03ALMNOS_BAT1,G,7/25/2026 5:31:00 PM,7/25/2026 7:00:00 PM,MAX_OPERATING_MW,0,
7/25/2026 6:00:00 PM,RTD,CLUZ,03ALMNOS_BAT1,G,7/25/2026 5:31:00 PM,7/25/2026 7:00:00 PM,MIN_OPERATING_MW,0,
7/25/2026 6:00:00 PM,RTD,CLUZ,03LUMBSOL_G01,G,7/25/2026 5:56:00 PM,7/25/2026 6:00:00 PM,MAX_OPERATING_MW,30,
7/25/2026 6:00:00 PM,RTD,CLUZ,03LUMBSOL_G01,G,7/25/2026 5:56:00 PM,7/25/2026 6:00:00 PM,MIN_OPERATING_MW,30,
7/25/2026 6:00:00 PM,RTD,CLUZ,03LUMBSOL_G01,G,7/25/2026 6:01:00 PM,7/25/2026 6:05:00 PM,MAX_OPERATING_MW,30,
7/25/2026 6:00:00 PM,RTD,CLUZ,03LUMBSOL_G01,G,7/25/2026 6:01:00 PM,7/25/2026 6:05:00 PM,MIN_OPERATING_MW,30,
7/25/2026 6:00:00 PM,RTD,CLUZ,03LUNSOL_G01,G,7/25/2026 5:56:00 PM,7/25/2026 6:00:00 PM,MAX_OPERATING_MW,0.07,
7/25/2026 6:00:00 PM,RTD,CLUZ,03LUNSOL_G01,G,7/25/2026 5:56:00 PM,7/25/2026 6:00:00 PM,MIN_OPERATING_MW,0.07,
7/25/2026 6:00:00 PM,RTD,CVIS,06SLYSOL_G02,G,7/25/2026 5:01:00 PM,7/25/2026 6:00:00 PM,MAX_OPERATING_MW,2.03,
7/25/2026 6:00:00 PM,RTD,CVIS,06SLYSOL_G02,G,7/25/2026 5:01:00 PM,7/25/2026 6:00:00 PM,MIN_OPERATING_MW,2.03,
7/25/2026 6:00:00 PM,RTD,CVIS,06SLYSOL_G03,G,7/25/2026 5:01:00 PM,7/25/2026 6:00:00 PM,MAX_OPERATING_MW,1.20,
7/25/2026 6:00:00 PM,RTD,CVIS,06SLYSOL_G03,G,7/25/2026 5:01:00 PM,7/25/2026 6:00:00 PM,MIN_OPERATING_MW,1.20,
7/25/2026 6:00:00 PM,RTD,CMIN,10LIAN_G02,G,7/25/2026 12:05:00 AM,7/25/2026 11:59:00 PM,MAX_OPERATING_MW,6,
7/25/2026 6:00:00 PM,RTD,CMIN,10LIAN_G02,G,7/25/2026 12:05:00 AM,7/25/2026 11:59:00 PM,MIN_OPERATING_MW,3,
7/25/2026 6:00:00 PM,RTD,CMIN,11MALADU_G01,G,7/25/2026 12:01:00 AM,7/26/2026,MAX_OPERATING_MW,9.50,
7/25/2026 6:00:00 PM,RTD,CMIN,11MALADU_G01,G,7/25/2026 12:01:00 AM,7/26/2026,MIN_OPERATING_MW,9.50,
7/25/2026 6:00:00 PM,RTD,CMIN,11MARAMSOL_G01,G,7/25/2026 2:46:00 PM,7/25/2026 6:45:00 PM,MAX_OPERATING_MW,10,
7/25/2026 6:00:00 PM,RTD,CMIN,11MARAMSOL_G01,G,7/25/2026 2:46:00 PM,7/25/2026 6:45:00 PM,MIN_OPERATING_MW,10,
7/25/2026 6:05:00 PM,RTD,CLUZ,01BUGSOL_G01,G,7/25/2026 6:01:00 PM,7/25/2026 6:05:00 PM,MAX_OPERATING_MW,4.50,
7/25/2026 6:05:00 PM,RTD,CLUZ,01BUGSOL_G01,G,7/25/2026 6:01:00 PM,7/25/2026 6:05:00 PM,MIN_OPERATING_MW,4.50,
7/25/2026 6:05:00 PM,RTD,CLUZ,01BUGSOL_G01,G,7/25/2026 6:06:00 PM,7/25/2026 6:10:00 PM,MAX_OPERATING_MW,2.95,
7/25/2026 6:05:00 PM,RTD,CLUZ,01BUGSOL_G01,G,7/25/2026 6:06:00 PM,7/25/2026 6:10:00 PM,MIN_OPERATING_MW,2.95,
7/25/2026 6:05:00 PM,RTD,CLUZ,01MSINLO_G04,G,7/25/2026 6:51:00 AM,7/26/2026,MAX_OPERATING_MW,150,
7/25/2026 6:05:00 PM,RTD,CLUZ,01MSINLO_G04,G,7/25/2026 6:51:00 AM,7/26/2026,MIN_OPERATING_MW,150,
7/25/2026 6:05:00 PM,RTD,CLUZ,01PASBUSOL_G01,G,7/25/2026 6:01:00 PM,7/25/2026 7:00:00 PM,MAX_OPERATING_MW,0.07,
7/25/2026 6:05:00 PM,RTD,CLUZ,01PASBUSOL_G01,G,7/25/2026 6:01:00 PM,7/25/2026 7:00:00 PM,MIN_OPERATING_MW,0.07,
7/25/2026 6:05:00 PM,RTD,CLUZ,01TERRASOL_G01,G,7/25/2026 6:01:00 PM,7/25/2026 6:05:00 PM,MAX_OPERATING_MW,14.63,
7/25/2026 6:05:00 PM,RTD,CLUZ,01TERRASOL_G01,G,7/25/2026 6:01:00 PM,7/25/2026 6:05:00 PM,MIN_OPERATING_MW,14.63,
7/25/2026 6:05:00 PM,RTD,CLUZ,01TERRASOL_G01,G,7/25/2026 6:06:00 PM,7/25/2026 6:10:00 PM,MAX_OPERATING_MW,7.65,
7/25/2026 6:05:00 PM,RTD,CLUZ,01TERRASOL_G01,G,7/25/2026 6:06:00 PM,7/25/2026 6:10:00 PM,MIN_OPERATING_MW,7.65,
7/25/2026 6:05:00 PM,RTD,CLUZ,03ALMNOS_BAT1,G,7/25/2026 5:31:00 PM,7/25/2026 7:00:00 PM,MAX_OPERATING_MW,0,
7/25/2026 6:05:00 PM,RTD,CLUZ,03ALMNOS_BAT1,G,7/25/2026 5:31:00 PM,7/25/2026 7:00:00 PM,MIN_OPERATING_MW,0,
7/25/2026 6:05:00 PM,RTD,CLUZ,03LUMBSOL_G01,G,7/25/2026 6:01:00 PM,7/25/2026 6:05:00 PM,MAX_OPERATING_MW,30,
7/25/2026 6:05:00 PM,RTD,CLUZ,03LUMBSOL_G01,G,7/25/2026 6:01:00 PM,7/25/2026 6:05:00 PM,MIN_OPERATING_MW,30,
7/25/2026 6:05:00 PM,RTD,CLUZ,03LUMBSOL_G01,G,7/25/2026 6:06:00 PM,7/25/2026 6:10:00 PM,MAX_OPERATING_MW,30,
7/25/2026 6:05:00 PM,RTD,CLUZ,03LUMBSOL_G01,G,7/25/2026 6:06:00 PM,7/25/2026 6:10:00 PM,MIN_OPERATING_MW,30,
7/25/2026 6:05:00 PM,RTD,CMIN,10LIAN_G02,G,7/25/2026 12:05:00 AM,7/25/2026 11:59:00 PM,MAX_OPERATING_MW,6,
7/25/2026 6:05:00 PM,RTD,CMIN,10LIAN_G02,G,7/25/2026 12:05:00 AM,7/25/2026 11:59:00 PM,MIN_OPERATING_MW,3,
7/25/2026 6:05:00 PM,RTD,CMIN,11MALADU_G01,G,7/25/2026 12:01:00 AM,7/26/2026,MAX_OPERATING_MW,9.50,
7/25/2026 6:05:00 PM,RTD,CMIN,11MALADU_G01,G,7/25/2026 12:01:00 AM,7/26/2026,MIN_OPERATING_MW,9.50,
7/25/2026 6:05:00 PM,RTD,CMIN,11MARAMSOL_G01,G,7/25/2026 2:46:00 PM,7/25/2026 6:45:00 PM,MAX_OPERATING_MW,10,
7/25/2026 6:05:00 PM,RTD,CMIN,11MARAMSOL_G01,G,7/25/2026 2:46:00 PM,7/25/2026 6:45:00 PM,MIN_OPERATING_MW,10,
7/25/2026 6:10:00 PM,RTD,CLUZ,01BUGSOL_G01,G,7/25/2026 6:06:00 PM,7/25/2026 6:10:00 PM,MAX_OPERATING_MW,2.95,
7/25/2026 6:10:00 PM,RTD,CLUZ,01BUGSOL_G01,G,7/25/2026 6:06:00 PM,7/25/2026 6:10:00 PM,MIN_OPERATING_MW,2.95,
7/25/2026 6:10:00 PM,RTD,CLUZ,01BUGSOL_G01,G,7/25/2026 6:11:00 PM,7/25/2026 6:15:00 PM,MAX_OPERATING_MW,1.74,
7/25/2026 6:10:00 PM,RTD,CLUZ,01BUGSOL_G01,G,7/25/2026 6:11:00 PM,7/25/2026 6:15:00 PM,MIN_OPERATING_MW,1.74,
7/25/2026 6:10:00 PM,RTD,CLUZ,01MSINLO_G04,G,7/25/2026 6:51:00 AM,7/26/2026,MAX_OPERATING_MW,150,
7/25/2026 6:10:00 PM,RTD,CLUZ,01MSINLO_G04,G,7/25/2026 6:51:00 AM,7/26/2026,MIN_OPERATING_MW,150,
7/25/2026 6:10:00 PM,RTD,CLUZ,01PASBUSOL_G01,G,7/25/2026 6:01:00 PM,7/25/2026 7:00:00 PM,MAX_OPERATING_MW,0.07,
7/25/2026 6:10:00 PM,RTD,CLUZ,01PASBUSOL_G01,G,7/25/2026 6:01:00 PM,7/25/2026 7:00:00 PM,MIN_OPERATING_MW,0.07,
7/25/2026 6:10:00 PM,RTD,CLUZ,01TERRASOL_G01,G,7/25/2026 6:06:00 PM,7/25/2026 6:10:00 PM,MAX_OPERATING_MW,7.65,
7/25/2026 6:10:00 PM,RTD,CLUZ,01TERRASOL_G01,G,7/25/2026 6:06:00 PM,7/25/2026 6:10:00 PM,MIN_OPERATING_MW,7.65,
7/25/2026 6:10:00 PM,RTD,CLUZ,01TERRASOL_G01,G,7/25/2026 6:11:00 PM,7/25/2026 6:15:00 PM,MAX_OPERATING_MW,2.05,
7/25/2026 6:10:00 PM,RTD,CLUZ,01TERRASOL_G01,G,7/25/2026 6:11:00 PM,7/25/2026 6:15:00 PM,MIN_OPERATING_MW,2.05,
7/25/2026 6:10:00 PM,RTD,CLUZ,03ALMNOS_BAT1,G,7/25/2026 5:31:00 PM,7/25/2026 7:00:00 PM,MAX_OPERATING_MW,0,
7/25/2026 6:10:00 PM,RTD,CLUZ,03ALMNOS_BAT1,G,7/25/2026 5:31:00 PM,7/25/2026 7:00:00 PM,MIN_OPERATING_MW,0,
7/25/2026 6:10:00 PM,RTD,CLUZ,03LUMBSOL_G01,G,7/25/2026 6:06:00 PM,7/25/2026 6:10:00 PM,MAX_OPERATING_MW,30,
7/25/2026 6:10:00 PM,RTD,CLUZ,03LUMBSOL_G01,G,7/25/2026 6:06:00 PM,7/25/2026 6:10:00 PM,MIN_OPERATING_MW,30,
7/25/2026 6:10:00 PM,RTD,CLUZ,03LUMBSOL_G01,G,7/25/2026 6:11:00 PM,7/25/2026 6:15:00 PM,MAX_OPERATING_MW,30,
7/25/2026 6:10:00 PM,RTD,CLUZ,03LUMBSOL_G01,G,7/25/2026 6:11:00 PM,7/25/2026 6:15:00 PM,MIN_OPERATING_MW,30,
7/25/2026 6:10:00 PM,RTD,CMIN,10LIAN_G02,G,7/25/2026 12:05:00 AM,7/25/2026 11:59:00 PM,MAX_OPERATING_MW,6,
7/25/2026 6:10:00 PM,RTD,CMIN,10LIAN_G02,G,7/25/2026 12:05:00 AM,7/25/2026 11:59:00 PM,MIN_OPERATING_MW,3,
7/25/2026 6:10:00 PM,RTD,CMIN,11MALADU_G01,G,7/25/2026 12:01:00 AM,7/26/2026,MAX_OPERATING_MW,9.50,
7/25/2026 6:10:00 PM,RTD,CMIN,11MALADU_G01,G,7/25/2026 12:01:00 AM,7/26/2026,MIN_OPERATING_MW,9.50,
7/25/2026 6:10:00 PM,RTD,CMIN,11MARAMSOL_G01,G,7/25/2026 2:46:00 PM,7/25/2026 6:45:00 PM,MAX_OPERATING_MW,10,
7/25/2026 6:10:00 PM,RTD,CMIN,11MARAMSOL_G01,G,7/25/2026 2:46:00 PM,7/25/2026 6:45:00 PM,MIN_OPERATING_MW,10,
7/25/2026 6:15:00 PM,RTD,CLUZ,01BUGSOL_G01,G,7/25/2026 6:11:00 PM,7/25/2026 6:15:00 PM,MAX_OPERATING_MW,1.74,
7/25/2026 6:15:00 PM,RTD,CLUZ,01BUGSOL_G01,G,7/25/2026 6:11:00 PM,7/25/2026 6:15:00 PM,MIN_OPERATING_MW,1.74,
7/25/2026 6:15:00 PM,RTD,CLUZ,01BUGSOL_G01,G,7/25/2026 6:16:00 PM,7/25/2026 6:20:00 PM,MAX_OPERATING_MW,0.56,
7/25/2026 6:15:00 PM,RTD,CLUZ,01BUGSOL_G01,G,7/25/2026 6:16:00 PM,7/25/2026 6:20:00 PM,MIN_OPERATING_MW,0.56,
7/25/2026 6:15:00 PM,RTD,CLUZ,01MSINLO_G04,G,7/25/2026 6:51:00 AM,7/26/2026,MAX_OPERATING_MW,150,
7/25/2026 6:15:00 PM,RTD,CLUZ,01MSINLO_G04,G,7/25/2026 6:51:00 AM,7/26/2026,MIN_OPERATING_MW,150,
7/25/2026 6:15:00 PM,RTD,CLUZ,01PASBUSOL_G01,G,7/25/2026 6:01:00 PM,7/25/2026 7:00:00 PM,MAX_OPERATING_MW,0.07,
7/25/2026 6:15:00 PM,RTD,CLUZ,01PASBUSOL_G01,G,7/25/2026 6:01:00 PM,7/25/2026 7:00:00 PM,MIN_OPERATING_MW,0.07,
7/25/2026 6:15:00 PM,RTD,CLUZ,01TERRASOL_G01,G,7/25/2026 6:11:00 PM,7/25/2026 6:15:00 PM,MAX_OPERATING_MW,2.05,
7/25/2026 6:15:00 PM,RTD,CLUZ,01TERRASOL_G01,G,7/25/2026 6:11:00 PM,7/25/2026 6:15:00 PM,MIN_OPERATING_MW,2.05,
7/25/2026 6:15:00 PM,RTD,CLUZ,01TERRASOL_G01,G,7/25/2026 6:16:00 PM,7/25/2026 9:00:00 PM,MAX_OPERATING_MW,0,
7/25/2026 6:15:00 PM,RTD,CLUZ,01TERRASOL_G01,G,7/25/2026 6:16:00 PM,7/25/2026 9:00:00 PM,MIN_OPERATING_MW,0,
7/25/2026 6:15:00 PM,RTD,CLUZ,03ALMNOS_BAT1,G,7/25/2026 5:31:00 PM,7/25/2026 7:00:00 PM,MAX_OPERATING_MW,0,
7/25/2026 6:15:00 PM,RTD,CLUZ,03ALMNOS_BAT1,G,7/25/2026 5:31:00 PM,7/25/2026 7:00:00 PM,MIN_OPERATING_MW,0,
7/25/2026 6:15:00 PM,RTD,CLUZ,03LUMBSOL_G01,G,7/25/2026 6:11:00 PM,7/25/2026 6:15:00 PM,MAX_OPERATING_MW,30,
7/25/2026 6:15:00 PM,RTD,CLUZ,03LUMBSOL_G01,G,7/25/2026 6:11:00 PM,7/25/2026 6:15:00 PM,MIN_OPERATING_MW,30,
7/25/2026 6:15:00 PM,RTD,CLUZ,03LUMBSOL_G01,G,7/25/2026 6:16:00 PM,7/25/2026 6:20:00 PM,MAX_OPERATING_MW,30,
7/25/2026 6:15:00 PM,RTD,CLUZ,03LUMBSOL_G01,G,7/25/2026 6:16:00 PM,7/25/2026 6:20:00 PM,MIN_OPERATING_MW,30,
7/25/2026 6:15:00 PM,RTD,CMIN,10LIAN_G02,G,7/25/2026 12:05:00 AM,7/25/2026 11:59:00 PM,MAX_OPERATING_MW,6,
7/25/2026 6:15:00 PM,RTD,CMIN,10LIAN_G02,G,7/25/2026 12:05:00 AM,7/25/2026 11:59:00 PM,MIN_OPERATING_MW,3,
7/25/2026 6:15:00 PM,RTD,CMIN,11MALADU_G01,G,7/25/2026 12:01:00 AM,7/26/2026,MAX_OPERATING_MW,9.50,
7/25/2026 6:15:00 PM,RTD,CMIN,11MALADU_G01,G,7/25/2026 12:01:00 AM,7/26/2026,MIN_OPERATING_MW,9.50,
7/25/2026 6:15:00 PM,RTD,CMIN,11MARAMSOL_G01,G,7/25/2026 2:46:00 PM,7/25/2026 6:45:00 PM,MAX_OPERATING_MW,10,
7/25/2026 6:15:00 PM,RTD,CMIN,11MARAMSOL_G01,G,7/25/2026 2:46:00 PM,7/25/2026 6:45:00 PM,MIN_OPERATING_MW,10,
7/25/2026 6:20:00 PM,RTD,CLUZ,01BUGSOL_G01,G,7/25/2026 6:16:00 PM,7/25/2026 6:20:00 PM,MAX_OPERATING_MW,0.56,
7/25/2026 6:20:00 PM,RTD,CLUZ,01BUGSOL_G01,G,7/25/2026 6:16:00 PM,7/25/2026 6:20:00 PM,MIN_OPERATING_MW,0.56,
7/25/2026 6:20:00 PM,RTD,CLUZ,01BUGSOL_G01,G,7/25/2026 6:21:00 PM,7/25/2026 6:25:00 PM,MAX_OPERATING_MW,0.07,
7/25/2026 6:20:00 PM,RTD,CLUZ,01BUGSOL_G01,G,7/25/2026 6:21:00 PM,7/25/2026 6:25:00 PM,MIN_OPERATING_MW,0.07,
7/25/2026 6:20:00 PM,RTD,CLUZ,01MSINLO_G04,G,7/25/2026 6:51:00 AM,7/26/2026,MAX_OPERATING_MW,150,
7/25/2026 6:20:00 PM,RTD,CLUZ,01MSINLO_G04,G,7/25/2026 6:51:00 AM,7/26/2026,MIN_OPERATING_MW,150,
7/25/2026 6:20:00 PM,RTD,CLUZ,01PASBUSOL_G01,G,7/25/2026 6:01:00 PM,7/25/2026 7:00:00 PM,MAX_OPERATING_MW,0.07,
7/25/2026 6:20:00 PM,RTD,CLUZ,01PASBUSOL_G01,G,7/25/2026 6:01:00 PM,7/25/2026 7:00:00 PM,MIN_OPERATING_MW,0.07,
7/25/2026 6:20:00 PM,RTD,CLUZ,01TERRASOL_G01,G,7/25/2026 6:16:00 PM,7/25/2026 9:00:00 PM,MAX_OPERATING_MW,0,
7/25/2026 6:20:00 PM,RTD,CLUZ,01TERRASOL_G01,G,7/25/2026 6:16:00 PM,7/25/2026 9:00:00 PM,MIN_OPERATING_MW,0,
7/25/2026 6:20:00 PM,RTD,CLUZ,03ALMNOS_BAT1,G,7/25/2026 5:31:00 PM,7/25/2026 7:00:00 PM,MAX_OPERATING_MW,0,
7/25/2026 6:20:00 PM,RTD,CLUZ,03ALMNOS_BAT1,G,7/25/2026 5:31:00 PM,7/25/2026 7:00:00 PM,MIN_OPERATING_MW,0,
7/25/2026 6:20:00 PM,RTD,CLUZ,03LUMBSOL_G01,G,7/25/2026 6:16:00 PM,7/25/2026 6:20:00 PM,MAX_OPERATING_MW,30,
7/25/2026 6:20:00 PM,RTD,CLUZ,03LUMBSOL_G01,G,7/25/2026 6:16:00 PM,7/25/2026 6:20:00 PM,MIN_OPERATING_MW,30,
7/25/2026 6:20:00 PM,RTD,CLUZ,03LUMBSOL_G01,G,7/25/2026 6:21:00 PM,7/25/2026 6:25:00 PM,MAX_OPERATING_MW,30,
7/25/2026 6:20:00 PM,RTD,CLUZ,03LUMBSOL_G01,G,7/25/2026 6:21:00 PM,7/25/2026 6:25:00 PM,MIN_OPERATING_MW,30,
7/25/2026 6:20:00 PM,RTD,CMIN,10LIAN_G02,G,7/25/2026 12:05:00 AM,7/25/2026 11:59:00 PM,MAX_OPERATING_MW,6,
7/25/2026 6:20:00 PM,RTD,CMIN,10LIAN_G02,G,7/25/2026 12:05:00 AM,7/25/2026 11:59:00 PM,MIN_OPERATING_MW,3,
7/25/2026 6:20:00 PM,RTD,CMIN,11MALADU_G01,G,7/25/2026 12:01:00 AM,7/26/2026,MAX_OPERATING_MW,9.50,
7/25/2026 6:20:00 PM,RTD,CMIN,11MALADU_G01,G,7/25/2026 12:01:00 AM,7/26/2026,MIN_OPERATING_MW,9.50,
7/25/2026 6:20:00 PM,RTD,CMIN,11MARAMSOL_G01,G,7/25/2026 2:46:00 PM,7/25/2026 6:45:00 PM,MAX_OPERATING_MW,10,
7/25/2026 6:20:00 PM,RTD,CMIN,11MARAMSOL_G01,G,7/25/2026 2:46:00 PM,7/25/2026 6:45:00 PM,MIN_OPERATING_MW,10,
7/25/2026 6:25:00 PM,RTD,CLUZ,01BUGSOL_G01,G,7/25/2026 6:21:00 PM,7/25/2026 6:25:00 PM,MAX_OPERATING_MW,0.07,
7/25/2026 6:25:00 PM,RTD,CLUZ,01BUGSOL_G01,G,7/25/2026 6:21:00 PM,7/25/2026 6:25:00 PM,MIN_OPERATING_MW,0.07,
7/25/2026 6:25:00 PM,RTD,CLUZ,01BUGSOL_G01,G,7/25/2026 6:26:00 PM,7/25/2026 6:30:00 PM,MAX_OPERATING_MW,0.03,
7/25/2026 6:25:00 PM,RTD,CLUZ,01BUGSOL_G01,G,7/25/2026 6:26:00 PM,7/25/2026 6:30:00 PM,MIN_OPERATING_MW,0.03,
7/25/2026 6:25:00 PM,RTD,CLUZ,01MSINLO_G04,G,7/25/2026 6:51:00 AM,7/26/2026,MAX_OPERATING_MW,150,
7/25/2026 6:25:00 PM,RTD,CLUZ,01MSINLO_G04,G,7/25/2026 6:51:00 AM,7/26/2026,MIN_OPERATING_MW,150,
7/25/2026 6:25:00 PM,RTD,CLUZ,01PASBUSOL_G01,G,7/25/2026 6:01:00 PM,7/25/2026 7:00:00 PM,MAX_OPERATING_MW,0.07,
7/25/2026 6:25:00 PM,RTD,CLUZ,01PASBUSOL_G01,G,7/25/2026 6:01:00 PM,7/25/2026 7:00:00 PM,MIN_OPERATING_MW,0.07,
7/25/2026 6:25:00 PM,RTD,CLUZ,01TERRASOL_G01,G,7/25/2026 6:16:00 PM,7/25/2026 9:00:00 PM,MAX_OPERATING_MW,0,
7/25/2026 6:25:00 PM,RTD,CLUZ,01TERRASOL_G01,G,7/25/2026 6:16:00 PM,7/25/2026 9:00:00 PM,MIN_OPERATING_MW,0,
7/25/2026 6:25:00 PM,RTD,CLUZ,03ALMNOS_BAT1,G,7/25/2026 5:31:00 PM,7/25/2026 7:00:00 PM,MAX_OPERATING_MW,0,
7/25/2026 6:25:00 PM,RTD,CLUZ,03ALMNOS_BAT1,G,7/25/2026 5:31:00 PM,7/25/2026 7:00:00 PM,MIN_OPERATING_MW,0,
7/25/2026 6:25:00 PM,RTD,CLUZ,03LUMBSOL_G01,G,7/25/2026 6:21:00 PM,7/25/2026 6:25:00 PM,MAX_OPERATING_MW,30,
7/25/2026 6:25:00 PM,RTD,CLUZ,03LUMBSOL_G01,G,7/25/2026 6:21:00 PM,7/25/2026 6:25:00 PM,MIN_OPERATING_MW,30,
7/25/2026 6:25:00 PM,RTD,CLUZ,03LUMBSOL_G01,G,7/25/2026 6:26:00 PM,7/25/2026 6:30:00 PM,MAX_OPERATING_MW,30,
7/25/2026 6:25:00 PM,RTD,CLUZ,03LUMBSOL_G01,G,7/25/2026 6:26:00 PM,7/25/2026 6:30:00 PM,MIN_OPERATING_MW,30,
7/25/2026 6:25:00 PM,RTD,CMIN,10LIAN_G02,G,7/25/2026 12:05:00 AM,7/25/2026 11:59:00 PM,MAX_OPERATING_MW,6,
7/25/2026 6:25:00 PM,RTD,CMIN,10LIAN_G02,G,7/25/2026 12:05:00 AM,7/25/2026 11:59:00 PM,MIN_OPERATING_MW,3,
7/25/2026 6:25:00 PM,RTD,CMIN,11MALADU_G01,G,7/25/2026 12:01:00 AM,7/26/2026,MAX_OPERATING_MW,9.50,
7/25/2026 6:25:00 PM,RTD,CMIN,11MALADU_G01,G,7/25/2026 12:01:00 AM,7/26/2026,MIN_OPERATING_MW,9.50,
7/25/2026 6:25:00 PM,RTD,CMIN,11MARAMSOL_G01,G,7/25/2026 2:46:00 PM,7/25/2026 6:45:00 PM,MAX_OPERATING_MW,10,
7/25/2026 6:25:00 PM,RTD,CMIN,11MARAMSOL_G01,G,7/25/2026 2:46:00 PM,7/25/2026 6:45:00 PM,MIN_OPERATING_MW,10,
7/25/2026 6:30:00 PM,RTD,CLUZ,01BUGSOL_G01,G,7/25/2026 6:26:00 PM,7/25/2026 6:30:00 PM,MAX_OPERATING_MW,0.03,
7/25/2026 6:30:00 PM,RTD,CLUZ,01BUGSOL_G01,G,7/25/2026 6:26:00 PM,7/25/2026 6:30:00 PM,MIN_OPERATING_MW,0.03,
7/25/2026 6:30:00 PM,RTD,CLUZ,01MSINLO_G04,G,7/25/2026 6:51:00 AM,7/26/2026,MAX_OPERATING_MW,150,
7/25/2026 6:30:00 PM,RTD,CLUZ,01MSINLO_G04,G,7/25/2026 6:51:00 AM,7/26/2026,MIN_OPERATING_MW,150,
7/25/2026 6:30:00 PM,RTD,CLUZ,01PASBUSOL_G01,G,7/25/2026 6:01:00 PM,7/25/2026 7:00:00 PM,MAX_OPERATING_MW,0.07,
7/25/2026 6:30:00 PM,RTD,CLUZ,01PASBUSOL_G01,G,7/25/2026 6:01:00 PM,7/25/2026 7:00:00 PM,MIN_OPERATING_MW,0.07,
7/25/2026 6:30:00 PM,RTD,CLUZ,01TERRASOL_G01,G,7/25/2026 6:16:00 PM,7/25/2026 9:00:00 PM,MAX_OPERATING_MW,0,
7/25/2026 6:30:00 PM,RTD,CLUZ,01TERRASOL_G01,G,7/25/2026 6:16:00 PM,7/25/2026 9:00:00 PM,MIN_OPERATING_MW,0,
7/25/2026 6:30:00 PM,RTD,CLUZ,03ALMNOS_BAT1,G,7/25/2026 5:31:00 PM,7/25/2026 7:00:00 PM,MAX_OPERATING_MW,0,
7/25/2026 6:30:00 PM,RTD,CLUZ,03ALMNOS_BAT1,G,7/25/2026 5:31:00 PM,7/25/2026 7:00:00 PM,MIN_OPERATING_MW,0,
7/25/2026 6:30:00 PM,RTD,CLUZ,03LUMBSOL_G01,G,7/25/2026 6:26:00 PM,7/25/2026 6:30:00 PM,MAX_OPERATING_MW,30,
7/25/2026 6:30:00 PM,RTD,CLUZ,03LUMBSOL_G01,G,7/25/2026 6:26:00 PM,7/25/2026 6:30:00 PM,MIN_OPERATING_MW,30,
7/25/2026 6:30:00 PM,RTD,CLUZ,03LUMBSOL_G01,G,7/25/2026 6:31:00 PM,7/25/2026 6:35:00 PM,MAX_OPERATING_MW,30,
7/25/2026 6:30:00 PM,RTD,CLUZ,03LUMBSOL_G01,G,7/25/2026 6:31:00 PM,7/25/2026 6:35:00 PM,MIN_OPERATING_MW,30,
7/25/2026 6:30:00 PM,RTD,CVIS,05EAUC_BAT,G,7/25/2026 6:31:00 PM,7/25/2026 6:50:00 PM,MAX_OPERATING_MW,6,
7/25/2026 6:30:00 PM,RTD,CVIS,05EAUC_BAT,G,7/25/2026 6:31:00 PM,7/25/2026 6:50:00 PM,MIN_OPERATING_MW,6,
7/25/2026 6:30:00 PM,RTD,CMIN,10LIAN_G02,G,7/25/2026 12:05:00 AM,7/25/2026 11:59:00 PM,MAX_OPERATING_MW,6,
7/25/2026 6:30:00 PM,RTD,CMIN,10LIAN_G02,G,7/25/2026 12:05:00 AM,7/25/2026 11:59:00 PM,MIN_OPERATING_MW,3,
7/25/2026 6:30:00 PM,RTD,CMIN,11MALADU_G01,G,7/25/2026 12:01:00 AM,7/26/2026,MAX_OPERATING_MW,9.50,
7/25/2026 6:30:00 PM,RTD,CMIN,11MALADU_G01,G,7/25/2026 12:01:00 AM,7/26/2026,MIN_OPERATING_MW,9.50,
7/25/2026 6:30:00 PM,RTD,CMIN,11MARAMSOL_G01,G,7/25/2026 2:46:00 PM,7/25/2026 6:45:00 PM,MAX_OPERATING_MW,10,
7/25/2026 6:30:00 PM,RTD,CMIN,11MARAMSOL_G01,G,7/25/2026 2:46:00 PM,7/25/2026 6:45:00 PM,MIN_OPERATING_MW,10,
7/25/2026 6:35:00 PM,RTD,CLUZ,01MSINLO_G04,G,7/25/2026 6:51:00 AM,7/26/2026,MAX_OPERATING_MW,150,
7/25/2026 6:35:00 PM,RTD,CLUZ,01MSINLO_G04,G,7/25/2026 6:51:00 AM,7/26/2026,MIN_OPERATING_MW,150,
7/25/2026 6:35:00 PM,RTD,CLUZ,01PASBUSOL_G01,G,7/25/2026 6:01:00 PM,7/25/2026 7:00:00 PM,MAX_OPERATING_MW,0.07,
7/25/2026 6:35:00 PM,RTD,CLUZ,01PASBUSOL_G01,G,7/25/2026 6:01:00 PM,7/25/2026 7:00:00 PM,MIN_OPERATING_MW,0.07,
7/25/2026 6:35:00 PM,RTD,CLUZ,01TERRASOL_G01,G,7/25/2026 6:16:00 PM,7/25/2026 9:00:00 PM,MAX_OPERATING_MW,0,
7/25/2026 6:35:00 PM,RTD,CLUZ,01TERRASOL_G01,G,7/25/2026 6:16:00 PM,7/25/2026 9:00:00 PM,MIN_OPERATING_MW,0,
7/25/2026 6:35:00 PM,RTD,CLUZ,03ALMNOS_BAT1,G,7/25/2026 5:31:00 PM,7/25/2026 7:00:00 PM,MAX_OPERATING_MW,0,
7/25/2026 6:35:00 PM,RTD,CLUZ,03ALMNOS_BAT1,G,7/25/2026 5:31:00 PM,7/25/2026 7:00:00 PM,MIN_OPERATING_MW,0,
7/25/2026 6:35:00 PM,RTD,CLUZ,03LUMBSOL_G01,G,7/25/2026 6:31:00 PM,7/25/2026 6:35:00 PM,MAX_OPERATING_MW,30,
7/25/2026 6:35:00 PM,RTD,CLUZ,03LUMBSOL_G01,G,7/25/2026 6:31:00 PM,7/25/2026 6:35:00 PM,MIN_OPERATING_MW,30,
7/25/2026 6:35:00 PM,RTD,CLUZ,03LUMBSOL_G01,G,7/25/2026 6:36:00 PM,7/25/2026 6:40:00 PM,MAX_OPERATING_MW,30,
7/25/2026 6:35:00 PM,RTD,CLUZ,03LUMBSOL_G01,G,7/25/2026 6:36:00 PM,7/25/2026 6:40:00 PM,MIN_OPERATING_MW,30,
7/25/2026 6:35:00 PM,RTD,CVIS,05EAUC_BAT,G,7/25/2026 6:31:00 PM,7/25/2026 6:50:00 PM,MAX_OPERATING_MW,6,
7/25/2026 6:35:00 PM,RTD,CVIS,05EAUC_BAT,G,7/25/2026 6:31:00 PM,7/25/2026 6:50:00 PM,MIN_OPERATING_MW,6,
7/25/2026 6:35:00 PM,RTD,CMIN,10LIAN_G02,G,7/25/2026 12:05:00 AM,7/25/2026 11:59:00 PM,MAX_OPERATING_MW,6,
7/25/2026 6:35:00 PM,RTD,CMIN,10LIAN_G02,G,7/25/2026 12:05:00 AM,7/25/2026 11:59:00 PM,MIN_OPERATING_MW,3,
7/25/2026 6:35:00 PM,RTD,CMIN,11MALADU_G01,G,7/25/2026 12:01:00 AM,7/26/2026,MAX_OPERATING_MW,9.50,
7/25/2026 6:35:00 PM,RTD,CMIN,11MALADU_G01,G,7/25/2026 12:01:00 AM,7/26/2026,MIN_OPERATING_MW,9.50,
7/25/2026 6:35:00 PM,RTD,CMIN,11MARAMSOL_G01,G,7/25/2026 2:46:00 PM,7/25/2026 6:45:00 PM,MAX_OPERATING_MW,10,
7/25/2026 6:35:00 PM,RTD,CMIN,11MARAMSOL_G01,G,7/25/2026 2:46:00 PM,7/25/2026 6:45:00 PM,MIN_OPERATING_MW,10,
7/25/2026 6:40:00 PM,RTD,CLUZ,01MSINLO_G04,G,7/25/2026 6:51:00 AM,7/26/2026,MAX_OPERATING_MW,150,
7/25/2026 6:40:00 PM,RTD,CLUZ,01MSINLO_G04,G,7/25/2026 6:51:00 AM,7/26/2026,MIN_OPERATING_MW,150,
7/25/2026 6:40:00 PM,RTD,CLUZ,01PASBUSOL_G01,G,7/25/2026 6:01:00 PM,7/25/2026 7:00:00 PM,MAX_OPERATING_MW,0.07,
7/25/2026 6:40:00 PM,RTD,CLUZ,01PASBUSOL_G01,G,7/25/2026 6:01:00 PM,7/25/2026 7:00:00 PM,MIN_OPERATING_MW,0.07,
7/25/2026 6:40:00 PM,RTD,CLUZ,01TERRASOL_G01,G,7/25/2026 6:16:00 PM,7/25/2026 9:00:00 PM,MAX_OPERATING_MW,0,
7/25/2026 6:40:00 PM,RTD,CLUZ,01TERRASOL_G01,G,7/25/2026 6:16:00 PM,7/25/2026 9:00:00 PM,MIN_OPERATING_MW,0,
7/25/2026 6:40:00 PM,RTD,CLUZ,03ALMNOS_BAT1,G,7/25/2026 5:31:00 PM,7/25/2026 7:00:00 PM,MAX_OPERATING_MW,0,
7/25/2026 6:40:00 PM,RTD,CLUZ,03ALMNOS_BAT1,G,7/25/2026 5:31:00 PM,7/25/2026 7:00:00 PM,MIN_OPERATING_MW,0,
7/25/2026 6:40:00 PM,RTD,CLUZ,03LUMBSOL_G01,G,7/25/2026 6:36:00 PM,7/25/2026 6:40:00 PM,MAX_OPERATING_MW,30,
7/25/2026 6:40:00 PM,RTD,CLUZ,03LUMBSOL_G01,G,7/25/2026 6:36:00 PM,7/25/2026 6:40:00 PM,MIN_OPERATING_MW,30,
7/25/2026 6:40:00 PM,RTD,CLUZ,03LUMBSOL_G01,G,7/25/2026 6:41:00 PM,7/25/2026 6:45:00 PM,MAX_OPERATING_MW,30,
7/25/2026 6:40:00 PM,RTD,CLUZ,03LUMBSOL_G01,G,7/25/2026 6:41:00 PM,7/25/2026 6:45:00 PM,MIN_OPERATING_MW,30,
7/25/2026 6:40:00 PM,RTD,CVIS,05EAUC_BAT,G,7/25/2026 6:31:00 PM,7/25/2026 6:50:00 PM,MAX_OPERATING_MW,6,
7/25/2026 6:40:00 PM,RTD,CVIS,05EAUC_BAT,G,7/25/2026 6:31:00 PM,7/25/2026 6:50:00 PM,MIN_OPERATING_MW,6,
7/25/2026 6:40:00 PM,RTD,CMIN,10LIAN_G02,G,7/25/2026 12:05:00 AM,7/25/2026 11:59:00 PM,MAX_OPERATING_MW,6,
7/25/2026 6:40:00 PM,RTD,CMIN,10LIAN_G02,G,7/25/2026 12:05:00 AM,7/25/2026 11:59:00 PM,MIN_OPERATING_MW,3,
7/25/2026 6:40:00 PM,RTD,CMIN,11MALADU_G01,G,7/25/2026 12:01:00 AM,7/26/2026,MAX_OPERATING_MW,9.50,
7/25/2026 6:40:00 PM,RTD,CMIN,11MALADU_G01,G,7/25/2026 12:01:00 AM,7/26/2026,MIN_OPERATING_MW,9.50,
7/25/2026 6:40:00 PM,RTD,CMIN,11MARAMSOL_G01,G,7/25/2026 2:46:00 PM,7/25/2026 6:45:00 PM,MAX_OPERATING_MW,10,
7/25/2026 6:40:00 PM,RTD,CMIN,11MARAMSOL_G01,G,7/25/2026 2:46:00 PM,7/25/2026 6:45:00 PM,MIN_OPERATING_MW,10,
7/25/2026 6:45:00 PM,RTD,CLUZ,01MSINLO_G04,G,7/25/2026 6:51:00 AM,7/26/2026,MAX_OPERATING_MW,150,
7/25/2026 6:45:00 PM,RTD,CLUZ,01MSINLO_G04,G,7/25/2026 6:51:00 AM,7/26/2026,MIN_OPERATING_MW,150,
7/25/2026 6:45:00 PM,RTD,CLUZ,01PASBUSOL_G01,G,7/25/2026 6:01:00 PM,7/25/2026 7:00:00 PM,MAX_OPERATING_MW,0.07,
7/25/2026 6:45:00 PM,RTD,CLUZ,01PASBUSOL_G01,G,7/25/2026 6:01:00 PM,7/25/2026 7:00:00 PM,MIN_OPERATING_MW,0.07,
7/25/2026 6:45:00 PM,RTD,CLUZ,01TERRASOL_G01,G,7/25/2026 6:16:00 PM,7/25/2026 9:00:00 PM,MAX_OPERATING_MW,0,
7/25/2026 6:45:00 PM,RTD,CLUZ,01TERRASOL_G01,G,7/25/2026 6:16:00 PM,7/25/2026 9:00:00 PM,MIN_OPERATING_MW,0,
7/25/2026 6:45:00 PM,RTD,CLUZ,03ALMNOS_BAT1,G,7/25/2026 5:31:00 PM,7/25/2026 7:00:00 PM,MAX_OPERATING_MW,0,
7/25/2026 6:45:00 PM,RTD,CLUZ,03ALMNOS_BAT1,G,7/25/2026 5:31:00 PM,7/25/2026 7:00:00 PM,MIN_OPERATING_MW,0,
7/25/2026 6:45:00 PM,RTD,CLUZ,03LUMBSOL_G01,G,7/25/2026 6:41:00 PM,7/25/2026 6:45:00 PM,MAX_OPERATING_MW,30,
7/25/2026 6:45:00 PM,RTD,CLUZ,03LUMBSOL_G01,G,7/25/2026 6:41:00 PM,7/25/2026 6:45:00 PM,MIN_OPERATING_MW,30,
7/25/2026 6:45:00 PM,RTD,CLUZ,03LUMBSOL_G01,G,7/25/2026 6:46:00 PM,7/25/2026 6:50:00 PM,MAX_OPERATING_MW,30,
7/25/2026 6:45:00 PM,RTD,CLUZ,03LUMBSOL_G01,G,7/25/2026 6:46:00 PM,7/25/2026 6:50:00 PM,MIN_OPERATING_MW,30,
7/25/2026 6:45:00 PM,RTD,CVIS,05EAUC_BAT,G,7/25/2026 6:31:00 PM,7/25/2026 6:50:00 PM,MAX_OPERATING_MW,6,
7/25/2026 6:45:00 PM,RTD,CVIS,05EAUC_BAT,G,7/25/2026 6:31:00 PM,7/25/2026 6:50:00 PM,MIN_OPERATING_MW,6,
7/25/2026 6:45:00 PM,RTD,CMIN,10LIAN_G02,G,7/25/2026 12:05:00 AM,7/25/2026 11:59:00 PM,MAX_OPERATING_MW,6,
7/25/2026 6:45:00 PM,RTD,CMIN,10LIAN_G02,G,7/25/2026 12:05:00 AM,7/25/2026 11:59:00 PM,MIN_OPERATING_MW,3,
7/25/2026 6:45:00 PM,RTD,CMIN,11MALADU_G01,G,7/25/2026 12:01:00 AM,7/26/2026,MAX_OPERATING_MW,9.50,
7/25/2026 6:45:00 PM,RTD,CMIN,11MALADU_G01,G,7/25/2026 12:01:00 AM,7/26/2026,MIN_OPERATING_MW,9.50,
7/25/2026 6:45:00 PM,RTD,CMIN,11MARAMSOL_G01,G,7/25/2026 2:46:00 PM,7/25/2026 6:45:00 PM,MAX_OPERATING_MW,10,
7/25/2026 6:45:00 PM,RTD,CMIN,11MARAMSOL_G01,G,7/25/2026 2:46:00 PM,7/25/2026 6:45:00 PM,MIN_OPERATING_MW,10,
7/25/2026 6:45:00 PM,RTD,CMIN,11MARAMSOL_G01,G,7/25/2026 6:46:00 PM,7/25/2026 7:50:00 PM,MAX_OPERATING_MW,0,
7/25/2026 6:45:00 PM,RTD,CMIN,11MARAMSOL_G01,G,7/25/2026 6:46:00 PM,7/25/2026 7:50:00 PM,MIN_OPERATING_MW,0,
7/25/2026 6:50:00 PM,RTD,CLUZ,01MSINLO_G04,G,7/25/2026 6:51:00 AM,7/26/2026,MAX_OPERATING_MW,150,
7/25/2026 6:50:00 PM,RTD,CLUZ,01MSINLO_G04,G,7/25/2026 6:51:00 AM,7/26/2026,MIN_OPERATING_MW,150,
7/25/2026 6:50:00 PM,RTD,CLUZ,01PASBUSOL_G01,G,7/25/2026 6:01:00 PM,7/25/2026 7:00:00 PM,MAX_OPERATING_MW,0.07,
7/25/2026 6:50:00 PM,RTD,CLUZ,01PASBUSOL_G01,G,7/25/2026 6:01:00 PM,7/25/2026 7:00:00 PM,MIN_OPERATING_MW,0.07,
7/25/2026 6:50:00 PM,RTD,CLUZ,01TERRASOL_G01,G,7/25/2026 6:16:00 PM,7/25/2026 9:00:00 PM,MAX_OPERATING_MW,0,
7/25/2026 6:50:00 PM,RTD,CLUZ,01TERRASOL_G01,G,7/25/2026 6:16:00 PM,7/25/2026 9:00:00 PM,MIN_OPERATING_MW,0,
7/25/2026 6:50:00 PM,RTD,CLUZ,03ALMNOS_BAT1,G,7/25/2026 5:31:00 PM,7/25/2026 7:00:00 PM,MAX_OPERATING_MW,0,
7/25/2026 6:50:00 PM,RTD,CLUZ,03ALMNOS_BAT1,G,7/25/2026 5:31:00 PM,7/25/2026 7:00:00 PM,MIN_OPERATING_MW,0,
7/25/2026 6:50:00 PM,RTD,CLUZ,03LUMBSOL_G01,G,7/25/2026 6:46:00 PM,7/25/2026 6:50:00 PM,MAX_OPERATING_MW,30,
7/25/2026 6:50:00 PM,RTD,CLUZ,03LUMBSOL_G01,G,7/25/2026 6:46:00 PM,7/25/2026 6:50:00 PM,MIN_OPERATING_MW,30,
7/25/2026 6:50:00 PM,RTD,CLUZ,03LUMBSOL_G01,G,7/25/2026 6:51:00 PM,7/25/2026 6:55:00 PM,MAX_OPERATING_MW,30,
7/25/2026 6:50:00 PM,RTD,CLUZ,03LUMBSOL_G01,G,7/25/2026 6:51:00 PM,7/25/2026 6:55:00 PM,MIN_OPERATING_MW,30,
7/25/2026 6:50:00 PM,RTD,CVIS,05EAUC_BAT,G,7/25/2026 6:31:00 PM,7/25/2026 6:50:00 PM,MAX_OPERATING_MW,6,
7/25/2026 6:50:00 PM,RTD,CVIS,05EAUC_BAT,G,7/25/2026 6:31:00 PM,7/25/2026 6:50:00 PM,MIN_OPERATING_MW,6,
7/25/2026 6:50:00 PM,RTD,CMIN,10LIAN_G02,G,7/25/2026 12:05:00 AM,7/25/2026 11:59:00 PM,MAX_OPERATING_MW,6,
7/25/2026 6:50:00 PM,RTD,CMIN,10LIAN_G02,G,7/25/2026 12:05:00 AM,7/25/2026 11:59:00 PM,MIN_OPERATING_MW,3,
7/25/2026 6:50:00 PM,RTD,CMIN,11MALADU_G01,G,7/25/2026 12:01:00 AM,7/26/2026,MAX_OPERATING_MW,9.50,
7/25/2026 6:50:00 PM,RTD,CMIN,11MALADU_G01,G,7/25/2026 12:01:00 AM,7/26/2026,MIN_OPERATING_MW,9.50,
7/25/2026 6:50:00 PM,RTD,CMIN,11MARAMSOL_G01,G,7/25/2026 6:46:00 PM,7/25/2026 7:50:00 PM,MAX_OPERATING_MW,0,
7/25/2026 6:50:00 PM,RTD,CMIN,11MARAMSOL_G01,G,7/25/2026 6:46:00 PM,7/25/2026 7:50:00 PM,MIN_OPERATING_MW,0,
7/25/2026 6:55:00 PM,RTD,CLUZ,01MSINLO_G04,G,7/25/2026 6:51:00 AM,7/26/2026,MAX_OPERATING_MW,150,
7/25/2026 6:55:00 PM,RTD,CLUZ,01MSINLO_G04,G,7/25/2026 6:51:00 AM,7/26/2026,MIN_OPERATING_MW,150,
7/25/2026 6:55:00 PM,RTD,CLUZ,01PASBUSOL_G01,G,7/25/2026 6:01:00 PM,7/25/2026 7:00:00 PM,MAX_OPERATING_MW,0.07,
7/25/2026 6:55:00 PM,RTD,CLUZ,01PASBUSOL_G01,G,7/25/2026 6:01:00 PM,7/25/2026 7:00:00 PM,MIN_OPERATING_MW,0.07,
7/25/2026 6:55:00 PM,RTD,CLUZ,01TERRASOL_G01,G,7/25/2026 6:16:00 PM,7/25/2026 9:00:00 PM,MAX_OPERATING_MW,0,
7/25/2026 6:55:00 PM,RTD,CLUZ,01TERRASOL_G01,G,7/25/2026 6:16:00 PM,7/25/2026 9:00:00 PM,MIN_OPERATING_MW,0,
7/25/2026 6:55:00 PM,RTD,CLUZ,03ALMNOS_BAT1,G,7/25/2026 5:31:00 PM,7/25/2026 7:00:00 PM,MAX_OPERATING_MW,0,
7/25/2026 6:55:00 PM,RTD,CLUZ,03ALMNOS_BAT1,G,7/25/2026 5:31:00 PM,7/25/2026 7:00:00 PM,MIN_OPERATING_MW,0,
7/25/2026 6:55:00 PM,RTD,CLUZ,03LUMBSOL_G01,G,7/25/2026 6:51:00 PM,7/25/2026 6:55:00 PM,MAX_OPERATING_MW,30,
7/25/2026 6:55:00 PM,RTD,CLUZ,03LUMBSOL_G01,G,7/25/2026 6:51:00 PM,7/25/2026 6:55:00 PM,MIN_OPERATING_MW,30,
7/25/2026 6:55:00 PM,RTD,CLUZ,03LUMBSOL_G01,G,7/25/2026 6:56:00 PM,7/25/2026 7:00:00 PM,MAX_OPERATING_MW,30,
7/25/2026 6:55:00 PM,RTD,CLUZ,03LUMBSOL_G01,G,7/25/2026 6:56:00 PM,7/25/2026 7:00:00 PM,MIN_OPERATING_MW,30,
7/25/2026 6:55:00 PM,RTD,CMIN,10LIAN_G02,G,7/25/2026 12:05:00 AM,7/25/2026 11:59:00 PM,MAX_OPERATING_MW,6,
7/25/2026 6:55:00 PM,RTD,CMIN,10LIAN_G02,G,7/25/2026 12:05:00 AM,7/25/2026 11:59:00 PM,MIN_OPERATING_MW,3,
7/25/2026 6:55:00 PM,RTD,CMIN,11MALADU_G01,G,7/25/2026 12:01:00 AM,7/26/2026,MAX_OPERATING_MW,9.50,
7/25/2026 6:55:00 PM,RTD,CMIN,11MALADU_G01,G,7/25/2026 12:01:00 AM,7/26/2026,MIN_OPERATING_MW,9.50,
7/25/2026 6:55:00 PM,RTD,CMIN,11MARAMSOL_G01,G,7/25/2026 6:46:00 PM,7/25/2026 7:50:00 PM,MAX_OPERATING_MW,0,
7/25/2026 6:55:00 PM,RTD,CMIN,11MARAMSOL_G01,G,7/25/2026 6:46:00 PM,7/25/2026 7:50:00 PM,MIN_OPERATING_MW,0,
7/25/2026 7:00:00 PM,RTD,CLUZ,01MSINLO_G04,G,7/25/2026 6:51:00 AM,7/26/2026,MAX_OPERATING_MW,150,
7/25/2026 7:00:00 PM,RTD,CLUZ,01MSINLO_G04,G,7/25/2026 6:51:00 AM,7/26/2026,MIN_OPERATING_MW,150,
7/25/2026 7:00:00 PM,RTD,CLUZ,01PASBUSOL_G01,G,7/25/2026 6:01:00 PM,7/25/2026 7:00:00 PM,MAX_OPERATING_MW,0.07,
7/25/2026 7:00:00 PM,RTD,CLUZ,01PASBUSOL_G01,G,7/25/2026 6:01:00 PM,7/25/2026 7:00:00 PM,MIN_OPERATING_MW,0.07,
7/25/2026 7:00:00 PM,RTD,CLUZ,01TERRASOL_G01,G,7/25/2026 6:16:00 PM,7/25/2026 9:00:00 PM,MAX_OPERATING_MW,0,
7/25/2026 7:00:00 PM,RTD,CLUZ,01TERRASOL_G01,G,7/25/2026 6:16:00 PM,7/25/2026 9:00:00 PM,MIN_OPERATING_MW,0,
7/25/2026 7:00:00 PM,RTD,CLUZ,03ALMNOS_BAT1,G,7/25/2026 5:31:00 PM,7/25/2026 7:00:00 PM,MAX_OPERATING_MW,0,
7/25/2026 7:00:00 PM,RTD,CLUZ,03ALMNOS_BAT1,G,7/25/2026 5:31:00 PM,7/25/2026 7:00:00 PM,MIN_OPERATING_MW,0,
7/25/2026 7:00:00 PM,RTD,CLUZ,03ALMNOS_BAT1,G,7/25/2026 7:01:00 PM,7/25/2026 8:30:00 PM,MAX_OPERATING_MW,-20,
7/25/2026 7:00:00 PM,RTD,CLUZ,03ALMNOS_BAT1,G,7/25/2026 7:01:00 PM,7/25/2026 8:30:00 PM,MIN_OPERATING_MW,-20,
7/25/2026 7:00:00 PM,RTD,CLUZ,03LUMBSOL_G01,G,7/25/2026 6:56:00 PM,7/25/2026 7:00:00 PM,MAX_OPERATING_MW,30,
7/25/2026 7:00:00 PM,RTD,CLUZ,03LUMBSOL_G01,G,7/25/2026 6:56:00 PM,7/25/2026 7:00:00 PM,MIN_OPERATING_MW,30,
7/25/2026 7:00:00 PM,RTD,CLUZ,03LUMBSOL_G01,G,7/25/2026 7:01:00 PM,7/25/2026 7:05:00 PM,MAX_OPERATING_MW,30,
7/25/2026 7:00:00 PM,RTD,CLUZ,03LUMBSOL_G01,G,7/25/2026 7:01:00 PM,7/25/2026 7:05:00 PM,MIN_OPERATING_MW,30,
7/25/2026 7:00:00 PM,RTD,CMIN,10LIAN_G02,G,7/25/2026 12:05:00 AM,7/25/2026 11:59:00 PM,MAX_OPERATING_MW,6,
7/25/2026 7:00:00 PM,RTD,CMIN,10LIAN_G02,G,7/25/2026 12:05:00 AM,7/25/2026 11:59:00 PM,MIN_OPERATING_MW,3,
7/25/2026 7:00:00 PM,RTD,CMIN,11MALADU_G01,G,7/25/2026 12:01:00 AM,7/26/2026,MAX_OPERATING_MW,9.50,
7/25/2026 7:00:00 PM,RTD,CMIN,11MALADU_G01,G,7/25/2026 12:01:00 AM,7/26/2026,MIN_OPERATING_MW,9.50,
7/25/2026 7:00:00 PM,RTD,CMIN,11MARAMSOL_G01,G,7/25/2026 6:46:00 PM,7/25/2026 7:50:00 PM,MAX_OPERATING_MW,0,
7/25/2026 7:00:00 PM,RTD,CMIN,11MARAMSOL_G01,G,7/25/2026 6:46:00 PM,7/25/2026 7:50:00 PM,MIN_OPERATING_MW,0,
7/25/2026 7:05:00 PM,RTD,CLUZ,01MSINLO_G04,G,7/25/2026 6:51:00 AM,7/26/2026,MAX_OPERATING_MW,150,
7/25/2026 7:05:00 PM,RTD,CLUZ,01MSINLO_G04,G,7/25/2026 6:51:00 AM,7/26/2026,MIN_OPERATING_MW,150,
7/25/2026 7:05:00 PM,RTD,CLUZ,01TERRASOL_G01,G,7/25/2026 6:16:00 PM,7/25/2026 9:00:00 PM,MAX_OPERATING_MW,0,
7/25/2026 7:05:00 PM,RTD,CLUZ,01TERRASOL_G01,G,7/25/2026 6:16:00 PM,7/25/2026 9:00:00 PM,MIN_OPERATING_MW,0,
7/25/2026 7:05:00 PM,RTD,CLUZ,03ALMNOS_BAT1,G,7/25/2026 7:01:00 PM,7/25/2026 8:30:00 PM,MAX_OPERATING_MW,-20,
7/25/2026 7:05:00 PM,RTD,CLUZ,03ALMNOS_BAT1,G,7/25/2026 7:01:00 PM,7/25/2026 8:30:00 PM,MIN_OPERATING_MW,-20,
7/25/2026 7:05:00 PM,RTD,CLUZ,03LUMBSOL_G01,G,7/25/2026 7:01:00 PM,7/25/2026 7:05:00 PM,MAX_OPERATING_MW,30,
7/25/2026 7:05:00 PM,RTD,CLUZ,03LUMBSOL_G01,G,7/25/2026 7:01:00 PM,7/25/2026 7:05:00 PM,MIN_OPERATING_MW,30,
7/25/2026 7:05:00 PM,RTD,CLUZ,03LUMBSOL_G01,G,7/25/2026 7:06:00 PM,7/25/2026 7:10:00 PM,MAX_OPERATING_MW,30,
7/25/2026 7:05:00 PM,RTD,CLUZ,03LUMBSOL_G01,G,7/25/2026 7:06:00 PM,7/25/2026 7:10:00 PM,MIN_OPERATING_MW,30,
7/25/2026 7:05:00 PM,RTD,CMIN,10LIAN_G02,G,7/25/2026 12:05:00 AM,7/25/2026 11:59:00 PM,MAX_OPERATING_MW,6,
7/25/2026 7:05:00 PM,RTD,CMIN,10LIAN_G02,G,7/25/2026 12:05:00 AM,7/25/2026 11:59:00 PM,MIN_OPERATING_MW,3,
7/25/2026 7:05:00 PM,RTD,CMIN,11MALADU_G01,G,7/25/2026 12:01:00 AM,7/26/2026,MAX_OPERATING_MW,9.50,
7/25/2026 7:05:00 PM,RTD,CMIN,11MALADU_G01,G,7/25/2026 12:01:00 AM,7/26/2026,MIN_OPERATING_MW,9.50,
7/25/2026 7:05:00 PM,RTD,CMIN,11MARAMSOL_G01,G,7/25/2026 6:46:00 PM,7/25/2026 7:50:00 PM,MAX_OPERATING_MW,0,
7/25/2026 7:05:00 PM,RTD,CMIN,11MARAMSOL_G01,G,7/25/2026 6:46:00 PM,7/25/2026 7:50:00 PM,MIN_OPERATING_MW,0,
7/25/2026 7:10:00 PM,RTD,CLUZ,01MSINLO_G04,G,7/25/2026 6:51:00 AM,7/26/2026,MAX_OPERATING_MW,150,
7/25/2026 7:10:00 PM,RTD,CLUZ,01MSINLO_G04,G,7/25/2026 6:51:00 AM,7/26/2026,MIN_OPERATING_MW,150,
7/25/2026 7:10:00 PM,RTD,CLUZ,01TERRASOL_G01,G,7/25/2026 6:16:00 PM,7/25/2026 9:00:00 PM,MAX_OPERATING_MW,0,
7/25/2026 7:10:00 PM,RTD,CLUZ,01TERRASOL_G01,G,7/25/2026 6:16:00 PM,7/25/2026 9:00:00 PM,MIN_OPERATING_MW,0,
7/25/2026 7:10:00 PM,RTD,CLUZ,03ALMNOS_BAT1,G,7/25/2026 7:01:00 PM,7/25/2026 8:30:00 PM,MAX_OPERATING_MW,-20,
7/25/2026 7:10:00 PM,RTD,CLUZ,03ALMNOS_BAT1,G,7/25/2026 7:01:00 PM,7/25/2026 8:30:00 PM,MIN_OPERATING_MW,-20,
7/25/2026 7:10:00 PM,RTD,CLUZ,03LUMBSOL_G01,G,7/25/2026 7:06:00 PM,7/25/2026 7:10:00 PM,MAX_OPERATING_MW,30,
7/25/2026 7:10:00 PM,RTD,CLUZ,03LUMBSOL_G01,G,7/25/2026 7:06:00 PM,7/25/2026 7:10:00 PM,MIN_OPERATING_MW,30,
7/25/2026 7:10:00 PM,RTD,CLUZ,03LUMBSOL_G01,G,7/25/2026 7:11:00 PM,7/25/2026 7:15:00 PM,MAX_OPERATING_MW,30,
7/25/2026 7:10:00 PM,RTD,CLUZ,03LUMBSOL_G01,G,7/25/2026 7:11:00 PM,7/25/2026 7:15:00 PM,MIN_OPERATING_MW,30,
7/25/2026 7:10:00 PM,RTD,CMIN,10LIAN_G02,G,7/25/2026 12:05:00 AM,7/25/2026 11:59:00 PM,MAX_OPERATING_MW,6,
7/25/2026 7:10:00 PM,RTD,CMIN,10LIAN_G02,G,7/25/2026 12:05:00 AM,7/25/2026 11:59:00 PM,MIN_OPERATING_MW,3,
7/25/2026 7:10:00 PM,RTD,CMIN,11MALADU_G01,G,7/25/2026 12:01:00 AM,7/26/2026,MAX_OPERATING_MW,9.50,
7/25/2026 7:10:00 PM,RTD,CMIN,11MALADU_G01,G,7/25/2026 12:01:00 AM,7/26/2026,MIN_OPERATING_MW,9.50,
7/25/2026 7:10:00 PM,RTD,CMIN,11MARAMSOL_G01,G,7/25/2026 6:46:00 PM,7/25/2026 7:50:00 PM,MAX_OPERATING_MW,0,
7/25/2026 7:10:00 PM,RTD,CMIN,11MARAMSOL_G01,G,7/25/2026 6:46:00 PM,7/25/2026 7:50:00 PM,MIN_OPERATING_MW,0,
7/25/2026 7:15:00 PM,RTD,CLUZ,01MSINLO_G04,G,7/25/2026 6:51:00 AM,7/26/2026,MAX_OPERATING_MW,150,
7/25/2026 7:15:00 PM,RTD,CLUZ,01MSINLO_G04,G,7/25/2026 6:51:00 AM,7/26/2026,MIN_OPERATING_MW,150,
7/25/2026 7:15:00 PM,RTD,CLUZ,01TERRASOL_G01,G,7/25/2026 6:16:00 PM,7/25/2026 9:00:00 PM,MAX_OPERATING_MW,0,
7/25/2026 7:15:00 PM,RTD,CLUZ,01TERRASOL_G01,G,7/25/2026 6:16:00 PM,7/25/2026 9:00:00 PM,MIN_OPERATING_MW,0,
7/25/2026 7:15:00 PM,RTD,CLUZ,03ALMNOS_BAT1,G,7/25/2026 7:01:00 PM,7/25/2026 8:30:00 PM,MAX_OPERATING_MW,-20,
7/25/2026 7:15:00 PM,RTD,CLUZ,03ALMNOS_BAT1,G,7/25/2026 7:01:00 PM,7/25/2026 8:30:00 PM,MIN_OPERATING_MW,-20,
7/25/2026 7:15:00 PM,RTD,CLUZ,03LUMBSOL_G01,G,7/25/2026 7:11:00 PM,7/25/2026 7:15:00 PM,MAX_OPERATING_MW,30,
7/25/2026 7:15:00 PM,RTD,CLUZ,03LUMBSOL_G01,G,7/25/2026 7:11:00 PM,7/25/2026 7:15:00 PM,MIN_OPERATING_MW,30,
7/25/2026 7:15:00 PM,RTD,CLUZ,03LUMBSOL_G01,G,7/25/2026 7:16:00 PM,7/25/2026 7:20:00 PM,MAX_OPERATING_MW,30,
7/25/2026 7:15:00 PM,RTD,CLUZ,03LUMBSOL_G01,G,7/25/2026 7:16:00 PM,7/25/2026 7:20:00 PM,MIN_OPERATING_MW,30,
7/25/2026 7:15:00 PM,RTD,CMIN,10LIAN_G02,G,7/25/2026 12:05:00 AM,7/25/2026 11:59:00 PM,MAX_OPERATING_MW,6,
7/25/2026 7:15:00 PM,RTD,CMIN,10LIAN_G02,G,7/25/2026 12:05:00 AM,7/25/2026 11:59:00 PM,MIN_OPERATING_MW,3,
7/25/2026 7:15:00 PM,RTD,CMIN,11MALADU_G01,G,7/25/2026 12:01:00 AM,7/26/2026,MAX_OPERATING_MW,9.50,
7/25/2026 7:15:00 PM,RTD,CMIN,11MALADU_G01,G,7/25/2026 12:01:00 AM,7/26/2026,MIN_OPERATING_MW,9.50,
7/25/2026 7:15:00 PM,RTD,CMIN,11MARAMSOL_G01,G,7/25/2026 6:46:00 PM,7/25/2026 7:50:00 PM,MAX_OPERATING_MW,0,
7/25/2026 7:15:00 PM,RTD,CMIN,11MARAMSOL_G01,G,7/25/2026 6:46:00 PM,7/25/2026 7:50:00 PM,MIN_OPERATING_MW,0,
7/25/2026 7:20:00 PM,RTD,CLUZ,01MSINLO_G04,G,7/25/2026 6:51:00 AM,7/26/2026,MAX_OPERATING_MW,150,
7/25/2026 7:20:00 PM,RTD,CLUZ,01MSINLO_G04,G,7/25/2026 6:51:00 AM,7/26/2026,MIN_OPERATING_MW,150,
7/25/2026 7:20:00 PM,RTD,CLUZ,01TERRASOL_G01,G,7/25/2026 6:16:00 PM,7/25/2026 9:00:00 PM,MAX_OPERATING_MW,0,
7/25/2026 7:20:00 PM,RTD,CLUZ,01TERRASOL_G01,G,7/25/2026 6:16:00 PM,7/25/2026 9:00:00 PM,MIN_OPERATING_MW,0,
7/25/2026 7:20:00 PM,RTD,CLUZ,03ALMNOS_BAT1,G,7/25/2026 7:01:00 PM,7/25/2026 8:30:00 PM,MAX_OPERATING_MW,-20,
7/25/2026 7:20:00 PM,RTD,CLUZ,03ALMNOS_BAT1,G,7/25/2026 7:01:00 PM,7/25/2026 8:30:00 PM,MIN_OPERATING_MW,-20,
7/25/2026 7:20:00 PM,RTD,CLUZ,03LUMBSOL_G01,G,7/25/2026 7:16:00 PM,7/25/2026 7:20:00 PM,MAX_OPERATING_MW,30,
7/25/2026 7:20:00 PM,RTD,CLUZ,03LUMBSOL_G01,G,7/25/2026 7:16:00 PM,7/25/2026 7:20:00 PM,MIN_OPERATING_MW,30,
7/25/2026 7:20:00 PM,RTD,CLUZ,03LUMBSOL_G01,G,7/25/2026 7:21:00 PM,7/25/2026 7:25:00 PM,MAX_OPERATING_MW,30,
7/25/2026 7:20:00 PM,RTD,CLUZ,03LUMBSOL_G01,G,7/25/2026 7:21:00 PM,7/25/2026 7:25:00 PM,MIN_OPERATING_MW,30,
7/25/2026 7:20:00 PM,RTD,CMIN,10LIAN_G02,G,7/25/2026 12:05:00 AM,7/25/2026 11:59:00 PM,MAX_OPERATING_MW,6,
7/25/2026 7:20:00 PM,RTD,CMIN,10LIAN_G02,G,7/25/2026 12:05:00 AM,7/25/2026 11:59:00 PM,MIN_OPERATING_MW,3,
7/25/2026 7:20:00 PM,RTD,CMIN,11MALADU_G01,G,7/25/2026 12:01:00 AM,7/26/2026,MAX_OPERATING_MW,9.50,
7/25/2026 7:20:00 PM,RTD,CMIN,11MALADU_G01,G,7/25/2026 12:01:00 AM,7/26/2026,MIN_OPERATING_MW,9.50,
7/25/2026 7:20:00 PM,RTD,CMIN,11MARAMSOL_G01,G,7/25/2026 6:46:00 PM,7/25/2026 7:50:00 PM,MAX_OPERATING_MW,0,
7/25/2026 7:20:00 PM,RTD,CMIN,11MARAMSOL_G01,G,7/25/2026 6:46:00 PM,7/25/2026 7:50:00 PM,MIN_OPERATING_MW,0,
7/25/2026 7:25:00 PM,RTD,CLUZ,01MSINLO_G04,G,7/25/2026 6:51:00 AM,7/26/2026,MAX_OPERATING_MW,150,
7/25/2026 7:25:00 PM,RTD,CLUZ,01MSINLO_G04,G,7/25/2026 6:51:00 AM,7/26/2026,MIN_OPERATING_MW,150,
7/25/2026 7:25:00 PM,RTD,CLUZ,01TERRASOL_G01,G,7/25/2026 6:16:00 PM,7/25/2026 9:00:00 PM,MAX_OPERATING_MW,0,
7/25/2026 7:25:00 PM,RTD,CLUZ,01TERRASOL_G01,G,7/25/2026 6:16:00 PM,7/25/2026 9:00:00 PM,MIN_OPERATING_MW,0,
7/25/2026 7:25:00 PM,RTD,CLUZ,03ALMNOS_BAT1,G,7/25/2026 7:01:00 PM,7/25/2026 8:30:00 PM,MAX_OPERATING_MW,-20,
7/25/2026 7:25:00 PM,RTD,CLUZ,03ALMNOS_BAT1,G,7/25/2026 7:01:00 PM,7/25/2026 8:30:00 PM,MIN_OPERATING_MW,-20,
7/25/2026 7:25:00 PM,RTD,CLUZ,03LUMBSOL_G01,G,7/25/2026 7:21:00 PM,7/25/2026 7:25:00 PM,MAX_OPERATING_MW,30,
7/25/2026 7:25:00 PM,RTD,CLUZ,03LUMBSOL_G01,G,7/25/2026 7:21:00 PM,7/25/2026 7:25:00 PM,MIN_OPERATING_MW,30,
7/25/2026 7:25:00 PM,RTD,CLUZ,03LUMBSOL_G01,G,7/25/2026 7:26:00 PM,7/25/2026 7:30:00 PM,MAX_OPERATING_MW,30,
7/25/2026 7:25:00 PM,RTD,CLUZ,03LUMBSOL_G01,G,7/25/2026 7:26:00 PM,7/25/2026 7:30:00 PM,MIN_OPERATING_MW,30,
7/25/2026 7:25:00 PM,RTD,CMIN,10LIAN_G02,G,7/25/2026 12:05:00 AM,7/25/2026 11:59:00 PM,MAX_OPERATING_MW,6,
7/25/2026 7:25:00 PM,RTD,CMIN,10LIAN_G02,G,7/25/2026 12:05:00 AM,7/25/2026 11:59:00 PM,MIN_OPERATING_MW,3,
7/25/2026 7:25:00 PM,RTD,CMIN,11MALADU_G01,G,7/25/2026 12:01:00 AM,7/26/2026,MAX_OPERATING_MW,9.50,
7/25/2026 7:25:00 PM,RTD,CMIN,11MALADU_G01,G,7/25/2026 12:01:00 AM,7/26/2026,MIN_OPERATING_MW,9.50,
7/25/2026 7:25:00 PM,RTD,CMIN,11MARAMSOL_G01,G,7/25/2026 6:46:00 PM,7/25/2026 7:50:00 PM,MAX_OPERATING_MW,0,
7/25/2026 7:25:00 PM,RTD,CMIN,11MARAMSOL_G01,G,7/25/2026 6:46:00 PM,7/25/2026 7:50:00 PM,MIN_OPERATING_MW,0,
7/25/2026 7:30:00 PM,RTD,CLUZ,01MSINLO_G04,G,7/25/2026 6:51:00 AM,7/26/2026,MAX_OPERATING_MW,150,
7/25/2026 7:30:00 PM,RTD,CLUZ,01MSINLO_G04,G,7/25/2026 6:51:00 AM,7/26/2026,MIN_OPERATING_MW,150,
7/25/2026 7:30:00 PM,RTD,CLUZ,01TERRASOL_G01,G,7/25/2026 6:16:00 PM,7/25/2026 9:00:00 PM,MAX_OPERATING_MW,0,
7/25/2026 7:30:00 PM,RTD,CLUZ,01TERRASOL_G01,G,7/25/2026 6:16:00 PM,7/25/2026 9:00:00 PM,MIN_OPERATING_MW,0,
7/25/2026 7:30:00 PM,RTD,CLUZ,03ALMNOS_BAT1,G,7/25/2026 7:01:00 PM,7/25/2026 8:30:00 PM,MAX_OPERATING_MW,-20,
7/25/2026 7:30:00 PM,RTD,CLUZ,03ALMNOS_BAT1,G,7/25/2026 7:01:00 PM,7/25/2026 8:30:00 PM,MIN_OPERATING_MW,-20,
7/25/2026 7:30:00 PM,RTD,CLUZ,03LUMBSOL_G01,G,7/25/2026 7:26:00 PM,7/25/2026 7:30:00 PM,MAX_OPERATING_MW,30,
7/25/2026 7:30:00 PM,RTD,CLUZ,03LUMBSOL_G01,G,7/25/2026 7:26:00 PM,7/25/2026 7:30:00 PM,MIN_OPERATING_MW,30,
7/25/2026 7:30:00 PM,RTD,CLUZ,03LUMBSOL_G01,G,7/25/2026 7:31:00 PM,7/25/2026 7:35:00 PM,MAX_OPERATING_MW,30,
7/25/2026 7:30:00 PM,RTD,CLUZ,03LUMBSOL_G01,G,7/25/2026 7:31:00 PM,7/25/2026 7:35:00 PM,MIN_OPERATING_MW,30,
7/25/2026 7:30:00 PM,RTD,CMIN,10LIAN_G02,G,7/25/2026 12:05:00 AM,7/25/2026 11:59:00 PM,MAX_OPERATING_MW,6,
7/25/2026 7:30:00 PM,RTD,CMIN,10LIAN_G02,G,7/25/2026 12:05:00 AM,7/25/2026 11:59:00 PM,MIN_OPERATING_MW,3,
7/25/2026 7:30:00 PM,RTD,CMIN,11MALADU_G01,G,7/25/2026 12:01:00 AM,7/26/2026,MAX_OPERATING_MW,9.50,
7/25/2026 7:30:00 PM,RTD,CMIN,11MALADU_G01,G,7/25/2026 12:01:00 AM,7/26/2026,MIN_OPERATING_MW,9.50,
7/25/2026 7:30:00 PM,RTD,CMIN,11MARAMSOL_G01,G,7/25/2026 6:46:00 PM,7/25/2026 7:50:00 PM,MAX_OPERATING_MW,0,
7/25/2026 7:30:00 PM,RTD,CMIN,11MARAMSOL_G01,G,7/25/2026 6:46:00 PM,7/25/2026 7:50:00 PM,MIN_OPERATING_MW,0,
7/25/2026 7:35:00 PM,RTD,CLUZ,01MSINLO_G04,G,7/25/2026 6:51:00 AM,7/26/2026,MAX_OPERATING_MW,150,
7/25/2026 7:35:00 PM,RTD,CLUZ,01MSINLO_G04,G,7/25/2026 6:51:00 AM,7/26/2026,MIN_OPERATING_MW,150,
7/25/2026 7:35:00 PM,RTD,CLUZ,01TERRASOL_G01,G,7/25/2026 6:16:00 PM,7/25/2026 9:00:00 PM,MAX_OPERATING_MW,0,
7/25/2026 7:35:00 PM,RTD,CLUZ,01TERRASOL_G01,G,7/25/2026 6:16:00 PM,7/25/2026 9:00:00 PM,MIN_OPERATING_MW,0,
7/25/2026 7:35:00 PM,RTD,CLUZ,03ALMNOS_BAT1,G,7/25/2026 7:01:00 PM,7/25/2026 8:30:00 PM,MAX_OPERATING_MW,-20,
7/25/2026 7:35:00 PM,RTD,CLUZ,03ALMNOS_BAT1,G,7/25/2026 7:01:00 PM,7/25/2026 8:30:00 PM,MIN_OPERATING_MW,-20,
7/25/2026 7:35:00 PM,RTD,CLUZ,03LUMBSOL_G01,G,7/25/2026 7:31:00 PM,7/25/2026 7:35:00 PM,MAX_OPERATING_MW,30,
7/25/2026 7:35:00 PM,RTD,CLUZ,03LUMBSOL_G01,G,7/25/2026 7:31:00 PM,7/25/2026 7:35:00 PM,MIN_OPERATING_MW,30,
7/25/2026 7:35:00 PM,RTD,CLUZ,03LUMBSOL_G01,G,7/25/2026 7:36:00 PM,7/25/2026 7:40:00 PM,MAX_OPERATING_MW,30,
7/25/2026 7:35:00 PM,RTD,CLUZ,03LUMBSOL_G01,G,7/25/2026 7:36:00 PM,7/25/2026 7:40:00 PM,MIN_OPERATING_MW,30,
7/25/2026 7:35:00 PM,RTD,CMIN,10LIAN_G02,G,7/25/2026 12:05:00 AM,7/25/2026 11:59:00 PM,MAX_OPERATING_MW,6,
7/25/2026 7:35:00 PM,RTD,CMIN,10LIAN_G02,G,7/25/2026 12:05:00 AM,7/25/2026 11:59:00 PM,MIN_OPERATING_MW,3,
7/25/2026 7:35:00 PM,RTD,CMIN,11MALADU_G01,G,7/25/2026 12:01:00 AM,7/26/2026,MAX_OPERATING_MW,9.50,
7/25/2026 7:35:00 PM,RTD,CMIN,11MALADU_G01,G,7/25/2026 12:01:00 AM,7/26/2026,MIN_OPERATING_MW,9.50,
7/25/2026 7:35:00 PM,RTD,CMIN,11MARAMSOL_G01,G,7/25/2026 6:46:00 PM,7/25/2026 7:50:00 PM,MAX_OPERATING_MW,0,
7/25/2026 7:35:00 PM,RTD,CMIN,11MARAMSOL_G01,G,7/25/2026 6:46:00 PM,7/25/2026 7:50:00 PM,MIN_OPERATING_MW,0,
7/25/2026 7:40:00 PM,RTD,CLUZ,01MSINLO_G04,G,7/25/2026 6:51:00 AM,7/26/2026,MAX_OPERATING_MW,150,
7/25/2026 7:40:00 PM,RTD,CLUZ,01MSINLO_G04,G,7/25/2026 6:51:00 AM,7/26/2026,MIN_OPERATING_MW,150,
7/25/2026 7:40:00 PM,RTD,CLUZ,01TERRASOL_G01,G,7/25/2026 6:16:00 PM,7/25/2026 9:00:00 PM,MAX_OPERATING_MW,0,
7/25/2026 7:40:00 PM,RTD,CLUZ,01TERRASOL_G01,G,7/25/2026 6:16:00 PM,7/25/2026 9:00:00 PM,MIN_OPERATING_MW,0,
7/25/2026 7:40:00 PM,RTD,CLUZ,03ALMNOS_BAT1,G,7/25/2026 7:01:00 PM,7/25/2026 8:30:00 PM,MAX_OPERATING_MW,-20,
7/25/2026 7:40:00 PM,RTD,CLUZ,03ALMNOS_BAT1,G,7/25/2026 7:01:00 PM,7/25/2026 8:30:00 PM,MIN_OPERATING_MW,-20,
7/25/2026 7:40:00 PM,RTD,CLUZ,03LUMBSOL_G01,G,7/25/2026 7:36:00 PM,7/25/2026 7:40:00 PM,MAX_OPERATING_MW,30,
7/25/2026 7:40:00 PM,RTD,CLUZ,03LUMBSOL_G01,G,7/25/2026 7:36:00 PM,7/25/2026 7:40:00 PM,MIN_OPERATING_MW,30,
7/25/2026 7:40:00 PM,RTD,CLUZ,03LUMBSOL_G01,G,7/25/2026 7:41:00 PM,7/25/2026 7:45:00 PM,MAX_OPERATING_MW,30,
7/25/2026 7:40:00 PM,RTD,CLUZ,03LUMBSOL_G01,G,7/25/2026 7:41:00 PM,7/25/2026 7:45:00 PM,MIN_OPERATING_MW,30,
7/25/2026 7:40:00 PM,RTD,CMIN,10LIAN_G02,G,7/25/2026 12:05:00 AM,7/25/2026 11:59:00 PM,MAX_OPERATING_MW,6,
7/25/2026 7:40:00 PM,RTD,CMIN,10LIAN_G02,G,7/25/2026 12:05:00 AM,7/25/2026 11:59:00 PM,MIN_OPERATING_MW,3,
7/25/2026 7:40:00 PM,RTD,CMIN,11MALADU_G01,G,7/25/2026 12:01:00 AM,7/26/2026,MAX_OPERATING_MW,9.50,
7/25/2026 7:40:00 PM,RTD,CMIN,11MALADU_G01,G,7/25/2026 12:01:00 AM,7/26/2026,MIN_OPERATING_MW,9.50,
7/25/2026 7:40:00 PM,RTD,CMIN,11MARAMSOL_G01,G,7/25/2026 6:46:00 PM,7/25/2026 7:50:00 PM,MAX_OPERATING_MW,0,
7/25/2026 7:40:00 PM,RTD,CMIN,11MARAMSOL_G01,G,7/25/2026 6:46:00 PM,7/25/2026 7:50:00 PM,MIN_OPERATING_MW,0,
7/25/2026 7:45:00 PM,RTD,CLUZ,01MSINLO_G04,G,7/25/2026 6:51:00 AM,7/26/2026,MAX_OPERATING_MW,150,
7/25/2026 7:45:00 PM,RTD,CLUZ,01MSINLO_G04,G,7/25/2026 6:51:00 AM,7/26/2026,MIN_OPERATING_MW,150,
7/25/2026 7:45:00 PM,RTD,CLUZ,01TERRASOL_G01,G,7/25/2026 6:16:00 PM,7/25/2026 9:00:00 PM,MAX_OPERATING_MW,0,
7/25/2026 7:45:00 PM,RTD,CLUZ,01TERRASOL_G01,G,7/25/2026 6:16:00 PM,7/25/2026 9:00:00 PM,MIN_OPERATING_MW,0,
7/25/2026 7:45:00 PM,RTD,CLUZ,03ALMNOS_BAT1,G,7/25/2026 7:01:00 PM,7/25/2026 8:30:00 PM,MAX_OPERATING_MW,-20,
7/25/2026 7:45:00 PM,RTD,CLUZ,03ALMNOS_BAT1,G,7/25/2026 7:01:00 PM,7/25/2026 8:30:00 PM,MIN_OPERATING_MW,-20,
7/25/2026 7:45:00 PM,RTD,CLUZ,03LUMBSOL_G01,G,7/25/2026 7:41:00 PM,7/25/2026 7:45:00 PM,MAX_OPERATING_MW,30,
7/25/2026 7:45:00 PM,RTD,CLUZ,03LUMBSOL_G01,G,7/25/2026 7:41:00 PM,7/25/2026 7:45:00 PM,MIN_OPERATING_MW,30,
7/25/2026 7:45:00 PM,RTD,CLUZ,03LUMBSOL_G01,G,7/25/2026 7:46:00 PM,7/25/2026 7:50:00 PM,MAX_OPERATING_MW,30,
7/25/2026 7:45:00 PM,RTD,CLUZ,03LUMBSOL_G01,G,7/25/2026 7:46:00 PM,7/25/2026 7:50:00 PM,MIN_OPERATING_MW,30,
7/25/2026 7:45:00 PM,RTD,CMIN,10LIAN_G02,G,7/25/2026 12:05:00 AM,7/25/2026 11:59:00 PM,MAX_OPERATING_MW,6,
7/25/2026 7:45:00 PM,RTD,CMIN,10LIAN_G02,G,7/25/2026 12:05:00 AM,7/25/2026 11:59:00 PM,MIN_OPERATING_MW,3,
7/25/2026 7:45:00 PM,RTD,CMIN,11MALADU_G01,G,7/25/2026 12:01:00 AM,7/26/2026,MAX_OPERATING_MW,9.50,
7/25/2026 7:45:00 PM,RTD,CMIN,11MALADU_G01,G,7/25/2026 12:01:00 AM,7/26/2026,MIN_OPERATING_MW,9.50,
7/25/2026 7:45:00 PM,RTD,CMIN,11MARAMSOL_G01,G,7/25/2026 6:46:00 PM,7/25/2026 7:50:00 PM,MAX_OPERATING_MW,0,
7/25/2026 7:45:00 PM,RTD,CMIN,11MARAMSOL_G01,G,7/25/2026 6:46:00 PM,7/25/2026 7:50:00 PM,MIN_OPERATING_MW,0,
7/25/2026 7:50:00 PM,RTD,CLUZ,01MSINLO_G04,G,7/25/2026 6:51:00 AM,7/26/2026,MAX_OPERATING_MW,150,
7/25/2026 7:50:00 PM,RTD,CLUZ,01MSINLO_G04,G,7/25/2026 6:51:00 AM,7/26/2026,MIN_OPERATING_MW,150,
7/25/2026 7:50:00 PM,RTD,CLUZ,01TERRASOL_G01,G,7/25/2026 6:16:00 PM,7/25/2026 9:00:00 PM,MAX_OPERATING_MW,0,
7/25/2026 7:50:00 PM,RTD,CLUZ,01TERRASOL_G01,G,7/25/2026 6:16:00 PM,7/25/2026 9:00:00 PM,MIN_OPERATING_MW,0,
7/25/2026 7:50:00 PM,RTD,CLUZ,03ALMNOS_BAT1,G,7/25/2026 7:01:00 PM,7/25/2026 8:30:00 PM,MAX_OPERATING_MW,-20,
7/25/2026 7:50:00 PM,RTD,CLUZ,03ALMNOS_BAT1,G,7/25/2026 7:01:00 PM,7/25/2026 8:30:00 PM,MIN_OPERATING_MW,-20,
7/25/2026 7:50:00 PM,RTD,CLUZ,03LUMBSOL_G01,G,7/25/2026 7:46:00 PM,7/25/2026 7:50:00 PM,MAX_OPERATING_MW,30,
7/25/2026 7:50:00 PM,RTD,CLUZ,03LUMBSOL_G01,G,7/25/2026 7:46:00 PM,7/25/2026 7:50:00 PM,MIN_OPERATING_MW,30,
7/25/2026 7:50:00 PM,RTD,CLUZ,03LUMBSOL_G01,G,7/25/2026 7:51:00 PM,7/25/2026 7:55:00 PM,MAX_OPERATING_MW,30,
7/25/2026 7:50:00 PM,RTD,CLUZ,03LUMBSOL_G01,G,7/25/2026 7:51:00 PM,7/25/2026 7:55:00 PM,MIN_OPERATING_MW,30,
7/25/2026 7:50:00 PM,RTD,CMIN,10LIAN_G02,G,7/25/2026 12:05:00 AM,7/25/2026 11:59:00 PM,MAX_OPERATING_MW,6,
7/25/2026 7:50:00 PM,RTD,CMIN,10LIAN_G02,G,7/25/2026 12:05:00 AM,7/25/2026 11:59:00 PM,MIN_OPERATING_MW,3,
7/25/2026 7:50:00 PM,RTD,CMIN,11MALADU_G01,G,7/25/2026 12:01:00 AM,7/26/2026,MAX_OPERATING_MW,9.50,
7/25/2026 7:50:00 PM,RTD,CMIN,11MALADU_G01,G,7/25/2026 12:01:00 AM,7/26/2026,MIN_OPERATING_MW,9.50,
7/25/2026 7:50:00 PM,RTD,CMIN,11MARAMSOL_G01,G,7/25/2026 6:46:00 PM,7/25/2026 7:50:00 PM,MAX_OPERATING_MW,0,
7/25/2026 7:50:00 PM,RTD,CMIN,11MARAMSOL_G01,G,7/25/2026 6:46:00 PM,7/25/2026 7:50:00 PM,MIN_OPERATING_MW,0,
7/25/2026 7:55:00 PM,RTD,CLUZ,01MSINLO_G04,G,7/25/2026 6:51:00 AM,7/26/2026,MAX_OPERATING_MW,150,
7/25/2026 7:55:00 PM,RTD,CLUZ,01MSINLO_G04,G,7/25/2026 6:51:00 AM,7/26/2026,MIN_OPERATING_MW,150,
7/25/2026 7:55:00 PM,RTD,CLUZ,01TERRASOL_G01,G,7/25/2026 6:16:00 PM,7/25/2026 9:00:00 PM,MAX_OPERATING_MW,0,
7/25/2026 7:55:00 PM,RTD,CLUZ,01TERRASOL_G01,G,7/25/2026 6:16:00 PM,7/25/2026 9:00:00 PM,MIN_OPERATING_MW,0,
7/25/2026 7:55:00 PM,RTD,CLUZ,03ALMNOS_BAT1,G,7/25/2026 7:01:00 PM,7/25/2026 8:30:00 PM,MAX_OPERATING_MW,-20,
7/25/2026 7:55:00 PM,RTD,CLUZ,03ALMNOS_BAT1,G,7/25/2026 7:01:00 PM,7/25/2026 8:30:00 PM,MIN_OPERATING_MW,-20,
7/25/2026 7:55:00 PM,RTD,CLUZ,03LUMBSOL_G01,G,7/25/2026 7:51:00 PM,7/25/2026 7:55:00 PM,MAX_OPERATING_MW,30,
7/25/2026 7:55:00 PM,RTD,CLUZ,03LUMBSOL_G01,G,7/25/2026 7:51:00 PM,7/25/2026 7:55:00 PM,MIN_OPERATING_MW,30,
7/25/2026 7:55:00 PM,RTD,CLUZ,03LUMBSOL_G01,G,7/25/2026 7:56:00 PM,7/25/2026 8:00:00 PM,MAX_OPERATING_MW,30,
7/25/2026 7:55:00 PM,RTD,CLUZ,03LUMBSOL_G01,G,7/25/2026 7:56:00 PM,7/25/2026 8:00:00 PM,MIN_OPERATING_MW,30,
7/25/2026 7:55:00 PM,RTD,CMIN,10LIAN_G02,G,7/25/2026 12:05:00 AM,7/25/2026 11:59:00 PM,MAX_OPERATING_MW,6,
7/25/2026 7:55:00 PM,RTD,CMIN,10LIAN_G02,G,7/25/2026 12:05:00 AM,7/25/2026 11:59:00 PM,MIN_OPERATING_MW,3,
7/25/2026 7:55:00 PM,RTD,CMIN,11MALADU_G01,G,7/25/2026 12:01:00 AM,7/26/2026,MAX_OPERATING_MW,9.50,
7/25/2026 7:55:00 PM,RTD,CMIN,11MALADU_G01,G,7/25/2026 12:01:00 AM,7/26/2026,MIN_OPERATING_MW,9.50,
7/25/2026 8:00:00 PM,RTD,CLUZ,01MSINLO_G04,G,7/25/2026 6:51:00 AM,7/26/2026,MAX_OPERATING_MW,150,
7/25/2026 8:00:00 PM,RTD,CLUZ,01MSINLO_G04,G,7/25/2026 6:51:00 AM,7/26/2026,MIN_OPERATING_MW,150,
7/25/2026 8:00:00 PM,RTD,CLUZ,01TERRASOL_G01,G,7/25/2026 6:16:00 PM,7/25/2026 9:00:00 PM,MAX_OPERATING_MW,0,
7/25/2026 8:00:00 PM,RTD,CLUZ,01TERRASOL_G01,G,7/25/2026 6:16:00 PM,7/25/2026 9:00:00 PM,MIN_OPERATING_MW,0,
7/25/2026 8:00:00 PM,RTD,CLUZ,03ALMNOS_BAT1,G,7/25/2026 7:01:00 PM,7/25/2026 8:30:00 PM,MAX_OPERATING_MW,-20,
7/25/2026 8:00:00 PM,RTD,CLUZ,03ALMNOS_BAT1,G,7/25/2026 7:01:00 PM,7/25/2026 8:30:00 PM,MIN_OPERATING_MW,-20,
7/25/2026 8:00:00 PM,RTD,CLUZ,03LUMBSOL_G01,G,7/25/2026 7:56:00 PM,7/25/2026 8:00:00 PM,MAX_OPERATING_MW,30,
7/25/2026 8:00:00 PM,RTD,CLUZ,03LUMBSOL_G01,G,7/25/2026 7:56:00 PM,7/25/2026 8:00:00 PM,MIN_OPERATING_MW,30,
7/25/2026 8:00:00 PM,RTD,CLUZ,03LUMBSOL_G01,G,7/25/2026 8:01:00 PM,7/25/2026 8:05:00 PM,MAX_OPERATING_MW,30,
7/25/2026 8:00:00 PM,RTD,CLUZ,03LUMBSOL_G01,G,7/25/2026 8:01:00 PM,7/25/2026 8:05:00 PM,MIN_OPERATING_MW,30,
7/25/2026 8:00:00 PM,RTD,CVIS,05EAUC_BAT,G,7/25/2026 8:01:00 PM,7/25/2026 9:00:00 PM,MAX_OPERATING_MW,-5,
7/25/2026 8:00:00 PM,RTD,CVIS,05EAUC_BAT,G,7/25/2026 8:01:00 PM,7/25/2026 9:00:00 PM,MIN_OPERATING_MW,-5,
7/25/2026 8:00:00 PM,RTD,CMIN,10LIAN_G02,G,7/25/2026 12:05:00 AM,7/25/2026 11:59:00 PM,MAX_OPERATING_MW,6,
7/25/2026 8:00:00 PM,RTD,CMIN,10LIAN_G02,G,7/25/2026 12:05:00 AM,7/25/2026 11:59:00 PM,MIN_OPERATING_MW,3,
7/25/2026 8:00:00 PM,RTD,CMIN,11MALADU_G01,G,7/25/2026 12:01:00 AM,7/26/2026,MAX_OPERATING_MW,9.50,
7/25/2026 8:00:00 PM,RTD,CMIN,11MALADU_G01,G,7/25/2026 12:01:00 AM,7/26/2026,MIN_OPERATING_MW,9.50,
7/25/2026 8:05:00 PM,RTD,CLUZ,01MSINLO_G04,G,7/25/2026 6:51:00 AM,7/26/2026,MAX_OPERATING_MW,150,
7/25/2026 8:05:00 PM,RTD,CLUZ,01MSINLO_G04,G,7/25/2026 6:51:00 AM,7/26/2026,MIN_OPERATING_MW,150,
7/25/2026 8:05:00 PM,RTD,CLUZ,01TERRASOL_G01,G,7/25/2026 6:16:00 PM,7/25/2026 9:00:00 PM,MAX_OPERATING_MW,0,
7/25/2026 8:05:00 PM,RTD,CLUZ,01TERRASOL_G01,G,7/25/2026 6:16:00 PM,7/25/2026 9:00:00 PM,MIN_OPERATING_MW,0,
7/25/2026 8:05:00 PM,RTD,CLUZ,03ALMNOS_BAT1,G,7/25/2026 7:01:00 PM,7/25/2026 8:30:00 PM,MAX_OPERATING_MW,-20,
7/25/2026 8:05:00 PM,RTD,CLUZ,03ALMNOS_BAT1,G,7/25/2026 7:01:00 PM,7/25/2026 8:30:00 PM,MIN_OPERATING_MW,-20,
7/25/2026 8:05:00 PM,RTD,CLUZ,03LUMBSOL_G01,G,7/25/2026 8:01:00 PM,7/25/2026 8:05:00 PM,MAX_OPERATING_MW,30,
7/25/2026 8:05:00 PM,RTD,CLUZ,03LUMBSOL_G01,G,7/25/2026 8:01:00 PM,7/25/2026 8:05:00 PM,MIN_OPERATING_MW,30,
7/25/2026 8:05:00 PM,RTD,CLUZ,03LUMBSOL_G01,G,7/25/2026 8:06:00 PM,7/25/2026 8:10:00 PM,MAX_OPERATING_MW,30,
7/25/2026 8:05:00 PM,RTD,CLUZ,03LUMBSOL_G01,G,7/25/2026 8:06:00 PM,7/25/2026 8:10:00 PM,MIN_OPERATING_MW,30,
7/25/2026 8:05:00 PM,RTD,CVIS,05EAUC_BAT,G,7/25/2026 8:01:00 PM,7/25/2026 9:00:00 PM,MAX_OPERATING_MW,-5,
7/25/2026 8:05:00 PM,RTD,CVIS,05EAUC_BAT,G,7/25/2026 8:01:00 PM,7/25/2026 9:00:00 PM,MIN_OPERATING_MW,-5,
7/25/2026 8:05:00 PM,RTD,CMIN,10LIAN_G02,G,7/25/2026 12:05:00 AM,7/25/2026 11:59:00 PM,MAX_OPERATING_MW,6,
7/25/2026 8:05:00 PM,RTD,CMIN,10LIAN_G02,G,7/25/2026 12:05:00 AM,7/25/2026 11:59:00 PM,MIN_OPERATING_MW,3,
7/25/2026 8:05:00 PM,RTD,CMIN,11MALADU_G01,G,7/25/2026 12:01:00 AM,7/26/2026,MAX_OPERATING_MW,9.50,
7/25/2026 8:05:00 PM,RTD,CMIN,11MALADU_G01,G,7/25/2026 12:01:00 AM,7/26/2026,MIN_OPERATING_MW,9.50,
7/25/2026 8:10:00 PM,RTD,CLUZ,01MSINLO_G04,G,7/25/2026 6:51:00 AM,7/26/2026,MAX_OPERATING_MW,150,
7/25/2026 8:10:00 PM,RTD,CLUZ,01MSINLO_G04,G,7/25/2026 6:51:00 AM,7/26/2026,MIN_OPERATING_MW,150,
7/25/2026 8:10:00 PM,RTD,CLUZ,01TERRASOL_G01,G,7/25/2026 6:16:00 PM,7/25/2026 9:00:00 PM,MAX_OPERATING_MW,0,
7/25/2026 8:10:00 PM,RTD,CLUZ,01TERRASOL_G01,G,7/25/2026 6:16:00 PM,7/25/2026 9:00:00 PM,MIN_OPERATING_MW,0,
7/25/2026 8:10:00 PM,RTD,CLUZ,03ALMNOS_BAT1,G,7/25/2026 7:01:00 PM,7/25/2026 8:30:00 PM,MAX_OPERATING_MW,-20,
7/25/2026 8:10:00 PM,RTD,CLUZ,03ALMNOS_BAT1,G,7/25/2026 7:01:00 PM,7/25/2026 8:30:00 PM,MIN_OPERATING_MW,-20,
7/25/2026 8:10:00 PM,RTD,CLUZ,03LUMBSOL_G01,G,7/25/2026 8:06:00 PM,7/25/2026 8:10:00 PM,MAX_OPERATING_MW,30,
7/25/2026 8:10:00 PM,RTD,CLUZ,03LUMBSOL_G01,G,7/25/2026 8:06:00 PM,7/25/2026 8:10:00 PM,MIN_OPERATING_MW,30,
7/25/2026 8:10:00 PM,RTD,CLUZ,03LUMBSOL_G01,G,7/25/2026 8:11:00 PM,7/25/2026 8:15:00 PM,MAX_OPERATING_MW,30,
7/25/2026 8:10:00 PM,RTD,CLUZ,03LUMBSOL_G01,G,7/25/2026 8:11:00 PM,7/25/2026 8:15:00 PM,MIN_OPERATING_MW,30,
7/25/2026 8:10:00 PM,RTD,CVIS,05EAUC_BAT,G,7/25/2026 8:01:00 PM,7/25/2026 9:00:00 PM,MAX_OPERATING_MW,-5,
7/25/2026 8:10:00 PM,RTD,CVIS,05EAUC_BAT,G,7/25/2026 8:01:00 PM,7/25/2026 9:00:00 PM,MIN_OPERATING_MW,-5,
7/25/2026 8:10:00 PM,RTD,CMIN,10LIAN_G02,G,7/25/2026 12:05:00 AM,7/25/2026 11:59:00 PM,MAX_OPERATING_MW,6,
7/25/2026 8:10:00 PM,RTD,CMIN,10LIAN_G02,G,7/25/2026 12:05:00 AM,7/25/2026 11:59:00 PM,MIN_OPERATING_MW,3,
7/25/2026 8:10:00 PM,RTD,CMIN,11MALADU_G01,G,7/25/2026 12:01:00 AM,7/26/2026,MAX_OPERATING_MW,9.50,
7/25/2026 8:10:00 PM,RTD,CMIN,11MALADU_G01,G,7/25/2026 12:01:00 AM,7/26/2026,MIN_OPERATING_MW,9.50,
7/25/2026 8:15:00 PM,RTD,CLUZ,01MSINLO_G04,G,7/25/2026 8:01:00 PM,7/26/2026,MAX_OPERATING_MW,150,
7/25/2026 8:15:00 PM,RTD,CLUZ,01MSINLO_G04,G,7/25/2026 8:01:00 PM,7/26/2026,MIN_OPERATING_MW,150,
7/25/2026 8:15:00 PM,RTD,CLUZ,01TERRASOL_G01,G,7/25/2026 6:16:00 PM,7/25/2026 9:00:00 PM,MAX_OPERATING_MW,0,
7/25/2026 8:15:00 PM,RTD,CLUZ,01TERRASOL_G01,G,7/25/2026 6:16:00 PM,7/25/2026 9:00:00 PM,MIN_OPERATING_MW,0,
7/25/2026 8:15:00 PM,RTD,CLUZ,03ALMNOS_BAT1,G,7/25/2026 7:01:00 PM,7/25/2026 8:30:00 PM,MAX_OPERATING_MW,-20,
7/25/2026 8:15:00 PM,RTD,CLUZ,03ALMNOS_BAT1,G,7/25/2026 7:01:00 PM,7/25/2026 8:30:00 PM,MIN_OPERATING_MW,-20,
7/25/2026 8:15:00 PM,RTD,CLUZ,03LUMBSOL_G01,G,7/25/2026 8:11:00 PM,7/25/2026 8:15:00 PM,MAX_OPERATING_MW,30,
7/25/2026 8:15:00 PM,RTD,CLUZ,03LUMBSOL_G01,G,7/25/2026 8:11:00 PM,7/25/2026 8:15:00 PM,MIN_OPERATING_MW,30,
7/25/2026 8:15:00 PM,RTD,CLUZ,03LUMBSOL_G01,G,7/25/2026 8:16:00 PM,7/25/2026 8:20:00 PM,MAX_OPERATING_MW,30,
7/25/2026 8:15:00 PM,RTD,CLUZ,03LUMBSOL_G01,G,7/25/2026 8:16:00 PM,7/25/2026 8:20:00 PM,MIN_OPERATING_MW,30,
7/25/2026 8:15:00 PM,RTD,CVIS,05EAUC_BAT,G,7/25/2026 8:01:00 PM,7/25/2026 9:00:00 PM,MAX_OPERATING_MW,-5,
7/25/2026 8:15:00 PM,RTD,CVIS,05EAUC_BAT,G,7/25/2026 8:01:00 PM,7/25/2026 9:00:00 PM,MIN_OPERATING_MW,-5,
7/25/2026 8:15:00 PM,RTD,CMIN,10LIAN_G02,G,7/25/2026 12:05:00 AM,7/25/2026 11:59:00 PM,MAX_OPERATING_MW,6,
7/25/2026 8:15:00 PM,RTD,CMIN,10LIAN_G02,G,7/25/2026 12:05:00 AM,7/25/2026 11:59:00 PM,MIN_OPERATING_MW,3,
7/25/2026 8:15:00 PM,RTD,CMIN,11MALADU_G01,G,7/25/2026 12:01:00 AM,7/26/2026,MAX_OPERATING_MW,9.50,
7/25/2026 8:15:00 PM,RTD,CMIN,11MALADU_G01,G,7/25/2026 12:01:00 AM,7/26/2026,MIN_OPERATING_MW,9.50,
7/25/2026 8:20:00 PM,RTD,CLUZ,01MSINLO_G04,G,7/25/2026 8:01:00 PM,7/26/2026,MAX_OPERATING_MW,150,
7/25/2026 8:20:00 PM,RTD,CLUZ,01MSINLO_G04,G,7/25/2026 8:01:00 PM,7/26/2026,MIN_OPERATING_MW,150,
7/25/2026 8:20:00 PM,RTD,CLUZ,01TERRASOL_G01,G,7/25/2026 6:16:00 PM,7/25/2026 9:00:00 PM,MAX_OPERATING_MW,0,
7/25/2026 8:20:00 PM,RTD,CLUZ,01TERRASOL_G01,G,7/25/2026 6:16:00 PM,7/25/2026 9:00:00 PM,MIN_OPERATING_MW,0,
7/25/2026 8:20:00 PM,RTD,CLUZ,03ALMNOS_BAT1,G,7/25/2026 7:01:00 PM,7/25/2026 8:30:00 PM,MAX_OPERATING_MW,-20,
7/25/2026 8:20:00 PM,RTD,CLUZ,03ALMNOS_BAT1,G,7/25/2026 7:01:00 PM,7/25/2026 8:30:00 PM,MIN_OPERATING_MW,-20,
7/25/2026 8:20:00 PM,RTD,CLUZ,03LUMBSOL_G01,G,7/25/2026 8:16:00 PM,7/25/2026 8:20:00 PM,MAX_OPERATING_MW,30,
7/25/2026 8:20:00 PM,RTD,CLUZ,03LUMBSOL_G01,G,7/25/2026 8:16:00 PM,7/25/2026 8:20:00 PM,MIN_OPERATING_MW,30,
7/25/2026 8:20:00 PM,RTD,CLUZ,03LUMBSOL_G01,G,7/25/2026 8:21:00 PM,7/25/2026 8:25:00 PM,MAX_OPERATING_MW,30,
7/25/2026 8:20:00 PM,RTD,CLUZ,03LUMBSOL_G01,G,7/25/2026 8:21:00 PM,7/25/2026 8:25:00 PM,MIN_OPERATING_MW,30,
7/25/2026 8:20:00 PM,RTD,CVIS,05EAUC_BAT,G,7/25/2026 8:01:00 PM,7/25/2026 9:00:00 PM,MAX_OPERATING_MW,-5,
7/25/2026 8:20:00 PM,RTD,CVIS,05EAUC_BAT,G,7/25/2026 8:01:00 PM,7/25/2026 9:00:00 PM,MIN_OPERATING_MW,-5,
7/25/2026 8:20:00 PM,RTD,CMIN,10LIAN_G02,G,7/25/2026 12:05:00 AM,7/25/2026 11:59:00 PM,MAX_OPERATING_MW,6,
7/25/2026 8:20:00 PM,RTD,CMIN,10LIAN_G02,G,7/25/2026 12:05:00 AM,7/25/2026 11:59:00 PM,MIN_OPERATING_MW,3,
7/25/2026 8:20:00 PM,RTD,CMIN,11MALADU_G01,G,7/25/2026 12:01:00 AM,7/26/2026,MAX_OPERATING_MW,9.50,
7/25/2026 8:20:00 PM,RTD,CMIN,11MALADU_G01,G,7/25/2026 12:01:00 AM,7/26/2026,MIN_OPERATING_MW,9.50,
7/25/2026 8:25:00 PM,RTD,CLUZ,01MSINLO_G04,G,7/25/2026 8:01:00 PM,7/26/2026,MAX_OPERATING_MW,150,
7/25/2026 8:25:00 PM,RTD,CLUZ,01MSINLO_G04,G,7/25/2026 8:01:00 PM,7/26/2026,MIN_OPERATING_MW,150,
7/25/2026 8:25:00 PM,RTD,CLUZ,01TERRASOL_G01,G,7/25/2026 6:16:00 PM,7/25/2026 9:00:00 PM,MAX_OPERATING_MW,0,
7/25/2026 8:25:00 PM,RTD,CLUZ,01TERRASOL_G01,G,7/25/2026 6:16:00 PM,7/25/2026 9:00:00 PM,MIN_OPERATING_MW,0,
7/25/2026 8:25:00 PM,RTD,CLUZ,03ALMNOS_BAT1,G,7/25/2026 7:01:00 PM,7/25/2026 8:30:00 PM,MAX_OPERATING_MW,-20,
7/25/2026 8:25:00 PM,RTD,CLUZ,03ALMNOS_BAT1,G,7/25/2026 7:01:00 PM,7/25/2026 8:30:00 PM,MIN_OPERATING_MW,-20,
7/25/2026 8:25:00 PM,RTD,CLUZ,03LUMBSOL_G01,G,7/25/2026 8:21:00 PM,7/25/2026 8:25:00 PM,MAX_OPERATING_MW,30,
7/25/2026 8:25:00 PM,RTD,CLUZ,03LUMBSOL_G01,G,7/25/2026 8:21:00 PM,7/25/2026 8:25:00 PM,MIN_OPERATING_MW,30,
7/25/2026 8:25:00 PM,RTD,CLUZ,03LUMBSOL_G01,G,7/25/2026 8:26:00 PM,7/25/2026 8:30:00 PM,MAX_OPERATING_MW,30,
7/25/2026 8:25:00 PM,RTD,CLUZ,03LUMBSOL_G01,G,7/25/2026 8:26:00 PM,7/25/2026 8:30:00 PM,MIN_OPERATING_MW,30,
7/25/2026 8:25:00 PM,RTD,CVIS,05EAUC_BAT,G,7/25/2026 8:01:00 PM,7/25/2026 9:00:00 PM,MAX_OPERATING_MW,-5,
7/25/2026 8:25:00 PM,RTD,CVIS,05EAUC_BAT,G,7/25/2026 8:01:00 PM,7/25/2026 9:00:00 PM,MIN_OPERATING_MW,-5,
7/25/2026 8:25:00 PM,RTD,CMIN,10LIAN_G02,G,7/25/2026 12:05:00 AM,7/25/2026 11:59:00 PM,MAX_OPERATING_MW,6,
7/25/2026 8:25:00 PM,RTD,CMIN,10LIAN_G02,G,7/25/2026 12:05:00 AM,7/25/2026 11:59:00 PM,MIN_OPERATING_MW,3,
7/25/2026 8:25:00 PM,RTD,CMIN,11MALADU_G01,G,7/25/2026 12:01:00 AM,7/26/2026,MAX_OPERATING_MW,9.50,
7/25/2026 8:25:00 PM,RTD,CMIN,11MALADU_G01,G,7/25/2026 12:01:00 AM,7/26/2026,MIN_OPERATING_MW,9.50,
7/25/2026 8:30:00 PM,RTD,CLUZ,01MSINLO_G04,G,7/25/2026 8:01:00 PM,7/26/2026,MAX_OPERATING_MW,150,
7/25/2026 8:30:00 PM,RTD,CLUZ,01MSINLO_G04,G,7/25/2026 8:01:00 PM,7/26/2026,MIN_OPERATING_MW,150,
7/25/2026 8:30:00 PM,RTD,CLUZ,01TERRASOL_G01,G,7/25/2026 6:16:00 PM,7/25/2026 9:00:00 PM,MAX_OPERATING_MW,0,
7/25/2026 8:30:00 PM,RTD,CLUZ,01TERRASOL_G01,G,7/25/2026 6:16:00 PM,7/25/2026 9:00:00 PM,MIN_OPERATING_MW,0,
7/25/2026 8:30:00 PM,RTD,CLUZ,03ALMNOS_BAT1,G,7/25/2026 7:01:00 PM,7/25/2026 8:30:00 PM,MAX_OPERATING_MW,-20,
7/25/2026 8:30:00 PM,RTD,CLUZ,03ALMNOS_BAT1,G,7/25/2026 7:01:00 PM,7/25/2026 8:30:00 PM,MIN_OPERATING_MW,-20,
7/25/2026 8:30:00 PM,RTD,CLUZ,03ALMNOS_BAT1,G,7/25/2026 8:31:00 PM,7/25/2026 9:00:00 PM,MAX_OPERATING_MW,0,
7/25/2026 8:30:00 PM,RTD,CLUZ,03ALMNOS_BAT1,G,7/25/2026 8:31:00 PM,7/25/2026 9:00:00 PM,MIN_OPERATING_MW,0,
7/25/2026 8:30:00 PM,RTD,CLUZ,03LUMBSOL_G01,G,7/25/2026 8:26:00 PM,7/25/2026 8:30:00 PM,MAX_OPERATING_MW,30,
7/25/2026 8:30:00 PM,RTD,CLUZ,03LUMBSOL_G01,G,7/25/2026 8:26:00 PM,7/25/2026 8:30:00 PM,MIN_OPERATING_MW,30,
7/25/2026 8:30:00 PM,RTD,CLUZ,03LUMBSOL_G01,G,7/25/2026 8:31:00 PM,7/25/2026 8:35:00 PM,MAX_OPERATING_MW,30,
7/25/2026 8:30:00 PM,RTD,CLUZ,03LUMBSOL_G01,G,7/25/2026 8:31:00 PM,7/25/2026 8:35:00 PM,MIN_OPERATING_MW,30,
7/25/2026 8:30:00 PM,RTD,CVIS,05EAUC_BAT,G,7/25/2026 8:01:00 PM,7/25/2026 9:00:00 PM,MAX_OPERATING_MW,-5,
7/25/2026 8:30:00 PM,RTD,CVIS,05EAUC_BAT,G,7/25/2026 8:01:00 PM,7/25/2026 9:00:00 PM,MIN_OPERATING_MW,-5,
7/25/2026 8:30:00 PM,RTD,CMIN,10LIAN_G02,G,7/25/2026 12:05:00 AM,7/25/2026 11:59:00 PM,MAX_OPERATING_MW,6,
7/25/2026 8:30:00 PM,RTD,CMIN,10LIAN_G02,G,7/25/2026 12:05:00 AM,7/25/2026 11:59:00 PM,MIN_OPERATING_MW,3,
7/25/2026 8:30:00 PM,RTD,CMIN,11MALADU_G01,G,7/25/2026 12:01:00 AM,7/26/2026,MAX_OPERATING_MW,9.50,
7/25/2026 8:30:00 PM,RTD,CMIN,11MALADU_G01,G,7/25/2026 12:01:00 AM,7/26/2026,MIN_OPERATING_MW,9.50,
7/25/2026 8:35:00 PM,RTD,CLUZ,01MSINLO_G04,G,7/25/2026 8:01:00 PM,7/26/2026,MAX_OPERATING_MW,150,
7/25/2026 8:35:00 PM,RTD,CLUZ,01MSINLO_G04,G,7/25/2026 8:01:00 PM,7/26/2026,MIN_OPERATING_MW,150,
7/25/2026 8:35:00 PM,RTD,CLUZ,01TERRASOL_G01,G,7/25/2026 6:16:00 PM,7/25/2026 9:00:00 PM,MAX_OPERATING_MW,0,
7/25/2026 8:35:00 PM,RTD,CLUZ,01TERRASOL_G01,G,7/25/2026 6:16:00 PM,7/25/2026 9:00:00 PM,MIN_OPERATING_MW,0,
7/25/2026 8:35:00 PM,RTD,CLUZ,03ALMNOS_BAT1,G,7/25/2026 8:31:00 PM,7/25/2026 9:00:00 PM,MAX_OPERATING_MW,0,
7/25/2026 8:35:00 PM,RTD,CLUZ,03ALMNOS_BAT1,G,7/25/2026 8:31:00 PM,7/25/2026 9:00:00 PM,MIN_OPERATING_MW,0,
7/25/2026 8:35:00 PM,RTD,CLUZ,03LUMBSOL_G01,G,7/25/2026 8:31:00 PM,7/25/2026 8:35:00 PM,MAX_OPERATING_MW,30,
7/25/2026 8:35:00 PM,RTD,CLUZ,03LUMBSOL_G01,G,7/25/2026 8:31:00 PM,7/25/2026 8:35:00 PM,MIN_OPERATING_MW,30,
7/25/2026 8:35:00 PM,RTD,CLUZ,03LUMBSOL_G01,G,7/25/2026 8:36:00 PM,7/25/2026 8:40:00 PM,MAX_OPERATING_MW,30,
7/25/2026 8:35:00 PM,RTD,CLUZ,03LUMBSOL_G01,G,7/25/2026 8:36:00 PM,7/25/2026 8:40:00 PM,MIN_OPERATING_MW,30,
7/25/2026 8:35:00 PM,RTD,CVIS,05EAUC_BAT,G,7/25/2026 8:01:00 PM,7/25/2026 9:00:00 PM,MAX_OPERATING_MW,-5,
7/25/2026 8:35:00 PM,RTD,CVIS,05EAUC_BAT,G,7/25/2026 8:01:00 PM,7/25/2026 9:00:00 PM,MIN_OPERATING_MW,-5,
7/25/2026 8:35:00 PM,RTD,CMIN,10LIAN_G02,G,7/25/2026 12:05:00 AM,7/25/2026 11:59:00 PM,MAX_OPERATING_MW,6,
7/25/2026 8:35:00 PM,RTD,CMIN,10LIAN_G02,G,7/25/2026 12:05:00 AM,7/25/2026 11:59:00 PM,MIN_OPERATING_MW,3,
7/25/2026 8:35:00 PM,RTD,CMIN,11MALADU_G01,G,7/25/2026 12:01:00 AM,7/26/2026,MAX_OPERATING_MW,9.50,
7/25/2026 8:35:00 PM,RTD,CMIN,11MALADU_G01,G,7/25/2026 12:01:00 AM,7/26/2026,MIN_OPERATING_MW,9.50,
7/25/2026 8:40:00 PM,RTD,CLUZ,01MSINLO_G04,G,7/25/2026 8:16:00 PM,7/26/2026,MAX_OPERATING_MW,130,
7/25/2026 8:40:00 PM,RTD,CLUZ,01MSINLO_G04,G,7/25/2026 8:16:00 PM,7/26/2026,MIN_OPERATING_MW,130,
7/25/2026 8:40:00 PM,RTD,CLUZ,01TERRASOL_G01,G,7/25/2026 6:16:00 PM,7/25/2026 9:00:00 PM,MAX_OPERATING_MW,0,
7/25/2026 8:40:00 PM,RTD,CLUZ,01TERRASOL_G01,G,7/25/2026 6:16:00 PM,7/25/2026 9:00:00 PM,MIN_OPERATING_MW,0,
7/25/2026 8:40:00 PM,RTD,CLUZ,03ALMNOS_BAT1,G,7/25/2026 8:31:00 PM,7/25/2026 9:00:00 PM,MAX_OPERATING_MW,0,
7/25/2026 8:40:00 PM,RTD,CLUZ,03ALMNOS_BAT1,G,7/25/2026 8:31:00 PM,7/25/2026 9:00:00 PM,MIN_OPERATING_MW,0,
7/25/2026 8:40:00 PM,RTD,CLUZ,03LUMBSOL_G01,G,7/25/2026 8:36:00 PM,7/25/2026 8:40:00 PM,MAX_OPERATING_MW,30,
7/25/2026 8:40:00 PM,RTD,CLUZ,03LUMBSOL_G01,G,7/25/2026 8:36:00 PM,7/25/2026 8:40:00 PM,MIN_OPERATING_MW,30,
7/25/2026 8:40:00 PM,RTD,CLUZ,03LUMBSOL_G01,G,7/25/2026 8:41:00 PM,7/25/2026 8:45:00 PM,MAX_OPERATING_MW,30,
7/25/2026 8:40:00 PM,RTD,CLUZ,03LUMBSOL_G01,G,7/25/2026 8:41:00 PM,7/25/2026 8:45:00 PM,MIN_OPERATING_MW,30,
7/25/2026 8:40:00 PM,RTD,CVIS,05EAUC_BAT,G,7/25/2026 8:01:00 PM,7/25/2026 9:00:00 PM,MAX_OPERATING_MW,-5,
7/25/2026 8:40:00 PM,RTD,CVIS,05EAUC_BAT,G,7/25/2026 8:01:00 PM,7/25/2026 9:00:00 PM,MIN_OPERATING_MW,-5,
7/25/2026 8:40:00 PM,RTD,CMIN,10LIAN_G02,G,7/25/2026 12:05:00 AM,7/25/2026 11:59:00 PM,MAX_OPERATING_MW,6,
7/25/2026 8:40:00 PM,RTD,CMIN,10LIAN_G02,G,7/25/2026 12:05:00 AM,7/25/2026 11:59:00 PM,MIN_OPERATING_MW,3,
7/25/2026 8:40:00 PM,RTD,CMIN,11MALADU_G01,G,7/25/2026 12:01:00 AM,7/26/2026,MAX_OPERATING_MW,9.50,
7/25/2026 8:40:00 PM,RTD,CMIN,11MALADU_G01,G,7/25/2026 12:01:00 AM,7/26/2026,MIN_OPERATING_MW,9.50,
7/25/2026 8:45:00 PM,RTD,CLUZ,01MSINLO_G04,G,7/25/2026 8:16:00 PM,7/26/2026,MAX_OPERATING_MW,130,
7/25/2026 8:45:00 PM,RTD,CLUZ,01MSINLO_G04,G,7/25/2026 8:16:00 PM,7/26/2026,MIN_OPERATING_MW,130,
7/25/2026 8:45:00 PM,RTD,CLUZ,01TERRASOL_G01,G,7/25/2026 6:16:00 PM,7/25/2026 9:00:00 PM,MAX_OPERATING_MW,0,
7/25/2026 8:45:00 PM,RTD,CLUZ,01TERRASOL_G01,G,7/25/2026 6:16:00 PM,7/25/2026 9:00:00 PM,MIN_OPERATING_MW,0,
7/25/2026 8:45:00 PM,RTD,CLUZ,03ALMNOS_BAT1,G,7/25/2026 8:31:00 PM,7/25/2026 9:00:00 PM,MAX_OPERATING_MW,0,
7/25/2026 8:45:00 PM,RTD,CLUZ,03ALMNOS_BAT1,G,7/25/2026 8:31:00 PM,7/25/2026 9:00:00 PM,MIN_OPERATING_MW,0,
7/25/2026 8:45:00 PM,RTD,CLUZ,03LUMBSOL_G01,G,7/25/2026 8:41:00 PM,7/25/2026 8:45:00 PM,MAX_OPERATING_MW,30,
7/25/2026 8:45:00 PM,RTD,CLUZ,03LUMBSOL_G01,G,7/25/2026 8:41:00 PM,7/25/2026 8:45:00 PM,MIN_OPERATING_MW,30,
7/25/2026 8:45:00 PM,RTD,CLUZ,03LUMBSOL_G01,G,7/25/2026 8:46:00 PM,7/25/2026 8:50:00 PM,MAX_OPERATING_MW,30,
7/25/2026 8:45:00 PM,RTD,CLUZ,03LUMBSOL_G01,G,7/25/2026 8:46:00 PM,7/25/2026 8:50:00 PM,MIN_OPERATING_MW,30,
7/25/2026 8:45:00 PM,RTD,CVIS,05EAUC_BAT,G,7/25/2026 8:01:00 PM,7/25/2026 9:00:00 PM,MAX_OPERATING_MW,-5,
7/25/2026 8:45:00 PM,RTD,CVIS,05EAUC_BAT,G,7/25/2026 8:01:00 PM,7/25/2026 9:00:00 PM,MIN_OPERATING_MW,-5,
7/25/2026 8:45:00 PM,RTD,CMIN,10LIAN_G02,G,7/25/2026 12:05:00 AM,7/25/2026 11:59:00 PM,MAX_OPERATING_MW,6,
7/25/2026 8:45:00 PM,RTD,CMIN,10LIAN_G02,G,7/25/2026 12:05:00 AM,7/25/2026 11:59:00 PM,MIN_OPERATING_MW,3,
7/25/2026 8:45:00 PM,RTD,CMIN,11MALADU_G01,G,7/25/2026 12:01:00 AM,7/26/2026,MAX_OPERATING_MW,9.50,
7/25/2026 8:45:00 PM,RTD,CMIN,11MALADU_G01,G,7/25/2026 12:01:00 AM,7/26/2026,MIN_OPERATING_MW,9.50,
7/25/2026 8:50:00 PM,RTD,CLUZ,01MSINLO_G04,G,7/25/2026 8:16:00 PM,7/26/2026,MAX_OPERATING_MW,130,
7/25/2026 8:50:00 PM,RTD,CLUZ,01MSINLO_G04,G,7/25/2026 8:16:00 PM,7/26/2026,MIN_OPERATING_MW,130,
7/25/2026 8:50:00 PM,RTD,CLUZ,01TERRASOL_G01,G,7/25/2026 6:16:00 PM,7/25/2026 9:00:00 PM,MAX_OPERATING_MW,0,
7/25/2026 8:50:00 PM,RTD,CLUZ,01TERRASOL_G01,G,7/25/2026 6:16:00 PM,7/25/2026 9:00:00 PM,MIN_OPERATING_MW,0,
7/25/2026 8:50:00 PM,RTD,CLUZ,03ALMNOS_BAT1,G,7/25/2026 8:31:00 PM,7/25/2026 9:00:00 PM,MAX_OPERATING_MW,0,
7/25/2026 8:50:00 PM,RTD,CLUZ,03ALMNOS_BAT1,G,7/25/2026 8:31:00 PM,7/25/2026 9:00:00 PM,MIN_OPERATING_MW,0,
7/25/2026 8:50:00 PM,RTD,CLUZ,03LUMBSOL_G01,G,7/25/2026 8:46:00 PM,7/25/2026 8:50:00 PM,MAX_OPERATING_MW,30,
7/25/2026 8:50:00 PM,RTD,CLUZ,03LUMBSOL_G01,G,7/25/2026 8:46:00 PM,7/25/2026 8:50:00 PM,MIN_OPERATING_MW,30,
7/25/2026 8:50:00 PM,RTD,CLUZ,03LUMBSOL_G01,G,7/25/2026 8:51:00 PM,7/25/2026 8:55:00 PM,MAX_OPERATING_MW,30,
7/25/2026 8:50:00 PM,RTD,CLUZ,03LUMBSOL_G01,G,7/25/2026 8:51:00 PM,7/25/2026 8:55:00 PM,MIN_OPERATING_MW,30,
7/25/2026 8:50:00 PM,RTD,CVIS,05EAUC_BAT,G,7/25/2026 8:01:00 PM,7/25/2026 9:00:00 PM,MAX_OPERATING_MW,-5,
7/25/2026 8:50:00 PM,RTD,CVIS,05EAUC_BAT,G,7/25/2026 8:01:00 PM,7/25/2026 9:00:00 PM,MIN_OPERATING_MW,-5,
7/25/2026 8:50:00 PM,RTD,CMIN,10LIAN_G02,G,7/25/2026 12:05:00 AM,7/25/2026 11:59:00 PM,MAX_OPERATING_MW,6,
7/25/2026 8:50:00 PM,RTD,CMIN,10LIAN_G02,G,7/25/2026 12:05:00 AM,7/25/2026 11:59:00 PM,MIN_OPERATING_MW,3,
7/25/2026 8:50:00 PM,RTD,CMIN,11MALADU_G01,G,7/25/2026 12:01:00 AM,7/26/2026,MAX_OPERATING_MW,9.50,
7/25/2026 8:50:00 PM,RTD,CMIN,11MALADU_G01,G,7/25/2026 12:01:00 AM,7/26/2026,MIN_OPERATING_MW,9.50,
7/25/2026 8:55:00 PM,RTD,CLUZ,01MSINLO_G04,G,7/25/2026 8:16:00 PM,7/26/2026,MAX_OPERATING_MW,130,
7/25/2026 8:55:00 PM,RTD,CLUZ,01MSINLO_G04,G,7/25/2026 8:16:00 PM,7/26/2026,MIN_OPERATING_MW,130,
7/25/2026 8:55:00 PM,RTD,CLUZ,01TERRASOL_G01,G,7/25/2026 6:16:00 PM,7/25/2026 9:00:00 PM,MAX_OPERATING_MW,0,
7/25/2026 8:55:00 PM,RTD,CLUZ,01TERRASOL_G01,G,7/25/2026 6:16:00 PM,7/25/2026 9:00:00 PM,MIN_OPERATING_MW,0,
7/25/2026 8:55:00 PM,RTD,CLUZ,03ALMNOS_BAT1,G,7/25/2026 8:31:00 PM,7/25/2026 9:00:00 PM,MAX_OPERATING_MW,0,
7/25/2026 8:55:00 PM,RTD,CLUZ,03ALMNOS_BAT1,G,7/25/2026 8:31:00 PM,7/25/2026 9:00:00 PM,MIN_OPERATING_MW,0,
7/25/2026 8:55:00 PM,RTD,CLUZ,03LUMBSOL_G01,G,7/25/2026 8:51:00 PM,7/25/2026 8:55:00 PM,MAX_OPERATING_MW,30,
7/25/2026 8:55:00 PM,RTD,CLUZ,03LUMBSOL_G01,G,7/25/2026 8:51:00 PM,7/25/2026 8:55:00 PM,MIN_OPERATING_MW,30,
7/25/2026 8:55:00 PM,RTD,CLUZ,03LUMBSOL_G01,G,7/25/2026 8:56:00 PM,7/25/2026 9:00:00 PM,MAX_OPERATING_MW,30,
7/25/2026 8:55:00 PM,RTD,CLUZ,03LUMBSOL_G01,G,7/25/2026 8:56:00 PM,7/25/2026 9:00:00 PM,MIN_OPERATING_MW,30,
7/25/2026 8:55:00 PM,RTD,CVIS,05EAUC_BAT,G,7/25/2026 8:01:00 PM,7/25/2026 9:00:00 PM,MAX_OPERATING_MW,-5,
7/25/2026 8:55:00 PM,RTD,CVIS,05EAUC_BAT,G,7/25/2026 8:01:00 PM,7/25/2026 9:00:00 PM,MIN_OPERATING_MW,-5,
7/25/2026 8:55:00 PM,RTD,CMIN,10LIAN_G02,G,7/25/2026 12:05:00 AM,7/25/2026 11:59:00 PM,MAX_OPERATING_MW,6,
7/25/2026 8:55:00 PM,RTD,CMIN,10LIAN_G02,G,7/25/2026 12:05:00 AM,7/25/2026 11:59:00 PM,MIN_OPERATING_MW,3,
7/25/2026 8:55:00 PM,RTD,CMIN,11MALADU_G01,G,7/25/2026 12:01:00 AM,7/26/2026,MAX_OPERATING_MW,9.50,
7/25/2026 8:55:00 PM,RTD,CMIN,11MALADU_G01,G,7/25/2026 12:01:00 AM,7/26/2026,MIN_OPERATING_MW,9.50,
7/25/2026 9:00:00 PM,RTD,CLUZ,01MSINLO_G04,G,7/25/2026 8:16:00 PM,7/26/2026,MAX_OPERATING_MW,130,
7/25/2026 9:00:00 PM,RTD,CLUZ,01MSINLO_G04,G,7/25/2026 8:16:00 PM,7/26/2026,MIN_OPERATING_MW,130,
7/25/2026 9:00:00 PM,RTD,CLUZ,01TERRASOL_G01,G,7/25/2026 6:16:00 PM,7/25/2026 9:00:00 PM,MAX_OPERATING_MW,0,
7/25/2026 9:00:00 PM,RTD,CLUZ,01TERRASOL_G01,G,7/25/2026 6:16:00 PM,7/25/2026 9:00:00 PM,MIN_OPERATING_MW,0,
7/25/2026 9:00:00 PM,RTD,CLUZ,01TERRASOL_G01,G,7/25/2026 9:01:00 PM,7/25/2026 9:05:00 PM,MAX_OPERATING_MW,40,
7/25/2026 9:00:00 PM,RTD,CLUZ,01TERRASOL_G01,G,7/25/2026 9:01:00 PM,7/25/2026 9:05:00 PM,MIN_OPERATING_MW,40,
7/25/2026 9:00:00 PM,RTD,CLUZ,03ALMNOS_BAT1,G,7/25/2026 8:31:00 PM,7/25/2026 9:00:00 PM,MAX_OPERATING_MW,0,
7/25/2026 9:00:00 PM,RTD,CLUZ,03ALMNOS_BAT1,G,7/25/2026 8:31:00 PM,7/25/2026 9:00:00 PM,MIN_OPERATING_MW,0,
7/25/2026 9:00:00 PM,RTD,CLUZ,03LUMBSOL_G01,G,7/25/2026 8:56:00 PM,7/25/2026 9:00:00 PM,MAX_OPERATING_MW,30,
7/25/2026 9:00:00 PM,RTD,CLUZ,03LUMBSOL_G01,G,7/25/2026 8:56:00 PM,7/25/2026 9:00:00 PM,MIN_OPERATING_MW,30,
7/25/2026 9:00:00 PM,RTD,CLUZ,03LUMBSOL_G01,G,7/25/2026 9:01:00 PM,7/25/2026 9:05:00 PM,MAX_OPERATING_MW,30,
7/25/2026 9:00:00 PM,RTD,CLUZ,03LUMBSOL_G01,G,7/25/2026 9:01:00 PM,7/25/2026 9:05:00 PM,MIN_OPERATING_MW,30,
7/25/2026 9:00:00 PM,RTD,CVIS,05EAUC_BAT,G,7/25/2026 8:01:00 PM,7/25/2026 9:00:00 PM,MAX_OPERATING_MW,-5,
7/25/2026 9:00:00 PM,RTD,CVIS,05EAUC_BAT,G,7/25/2026 8:01:00 PM,7/25/2026 9:00:00 PM,MIN_OPERATING_MW,-5,
7/25/2026 9:00:00 PM,RTD,CVIS,05EAUC_BAT,G,7/25/2026 9:01:00 PM,7/25/2026 10:00:00 PM,MAX_OPERATING_MW,-6,
7/25/2026 9:00:00 PM,RTD,CVIS,05EAUC_BAT,G,7/25/2026 9:01:00 PM,7/25/2026 10:00:00 PM,MIN_OPERATING_MW,-6,
7/25/2026 9:00:00 PM,RTD,CMIN,10LIAN_G02,G,7/25/2026 12:05:00 AM,7/25/2026 11:59:00 PM,MAX_OPERATING_MW,6,
7/25/2026 9:00:00 PM,RTD,CMIN,10LIAN_G02,G,7/25/2026 12:05:00 AM,7/25/2026 11:59:00 PM,MIN_OPERATING_MW,3,
7/25/2026 9:00:00 PM,RTD,CMIN,11MALADU_G01,G,7/25/2026 12:01:00 AM,7/26/2026,MAX_OPERATING_MW,9.50,
7/25/2026 9:00:00 PM,RTD,CMIN,11MALADU_G01,G,7/25/2026 12:01:00 AM,7/26/2026,MIN_OPERATING_MW,9.50,
7/25/2026 9:05:00 PM,RTD,CLUZ,01MSINLO_G04,G,7/25/2026 8:16:00 PM,7/26/2026,MAX_OPERATING_MW,130,
7/25/2026 9:05:00 PM,RTD,CLUZ,01MSINLO_G04,G,7/25/2026 8:16:00 PM,7/26/2026,MIN_OPERATING_MW,130,
7/25/2026 9:05:00 PM,RTD,CLUZ,01TERRASOL_G01,G,7/25/2026 9:01:00 PM,7/25/2026 9:05:00 PM,MAX_OPERATING_MW,40,
7/25/2026 9:05:00 PM,RTD,CLUZ,01TERRASOL_G01,G,7/25/2026 9:01:00 PM,7/25/2026 9:05:00 PM,MIN_OPERATING_MW,40,
7/25/2026 9:05:00 PM,RTD,CLUZ,01TERRASOL_G01,G,7/25/2026 9:06:00 PM,7/25/2026 9:10:00 PM,MAX_OPERATING_MW,80,
7/25/2026 9:05:00 PM,RTD,CLUZ,01TERRASOL_G01,G,7/25/2026 9:06:00 PM,7/25/2026 9:10:00 PM,MIN_OPERATING_MW,80,
7/25/2026 9:05:00 PM,RTD,CLUZ,03LUMBSOL_G01,G,7/25/2026 9:01:00 PM,7/25/2026 9:05:00 PM,MAX_OPERATING_MW,30,
7/25/2026 9:05:00 PM,RTD,CLUZ,03LUMBSOL_G01,G,7/25/2026 9:01:00 PM,7/25/2026 9:05:00 PM,MIN_OPERATING_MW,30,
7/25/2026 9:05:00 PM,RTD,CLUZ,03LUMBSOL_G01,G,7/25/2026 9:06:00 PM,7/25/2026 9:10:00 PM,MAX_OPERATING_MW,30,
7/25/2026 9:05:00 PM,RTD,CLUZ,03LUMBSOL_G01,G,7/25/2026 9:06:00 PM,7/25/2026 9:10:00 PM,MIN_OPERATING_MW,30,
7/25/2026 9:05:00 PM,RTD,CVIS,05EAUC_BAT,G,7/25/2026 9:01:00 PM,7/25/2026 10:00:00 PM,MAX_OPERATING_MW,-6,
7/25/2026 9:05:00 PM,RTD,CVIS,05EAUC_BAT,G,7/25/2026 9:01:00 PM,7/25/2026 10:00:00 PM,MIN_OPERATING_MW,-6,
7/25/2026 9:05:00 PM,RTD,CMIN,10LIAN_G02,G,7/25/2026 12:05:00 AM,7/25/2026 11:59:00 PM,MAX_OPERATING_MW,6,
7/25/2026 9:05:00 PM,RTD,CMIN,10LIAN_G02,G,7/25/2026 12:05:00 AM,7/25/2026 11:59:00 PM,MIN_OPERATING_MW,3,
7/25/2026 9:05:00 PM,RTD,CMIN,11MALADU_G01,G,7/25/2026 12:01:00 AM,7/26/2026,MAX_OPERATING_MW,9.50,
7/25/2026 9:05:00 PM,RTD,CMIN,11MALADU_G01,G,7/25/2026 12:01:00 AM,7/26/2026,MIN_OPERATING_MW,9.50,
7/25/2026 9:10:00 PM,RTD,CLUZ,01MSINLO_G04,G,7/25/2026 8:16:00 PM,7/26/2026,MAX_OPERATING_MW,130,
7/25/2026 9:10:00 PM,RTD,CLUZ,01MSINLO_G04,G,7/25/2026 8:16:00 PM,7/26/2026,MIN_OPERATING_MW,130,
7/25/2026 9:10:00 PM,RTD,CLUZ,01TERRASOL_G01,G,7/25/2026 9:06:00 PM,7/25/2026 9:10:00 PM,MAX_OPERATING_MW,80,
7/25/2026 9:10:00 PM,RTD,CLUZ,01TERRASOL_G01,G,7/25/2026 9:06:00 PM,7/25/2026 9:10:00 PM,MIN_OPERATING_MW,80,
7/25/2026 9:10:00 PM,RTD,CLUZ,01TERRASOL_G01,G,7/25/2026 9:11:00 PM,7/25/2026 10:00:00 PM,MAX_OPERATING_MW,120,
7/25/2026 9:10:00 PM,RTD,CLUZ,01TERRASOL_G01,G,7/25/2026 9:11:00 PM,7/25/2026 10:00:00 PM,MIN_OPERATING_MW,120,
7/25/2026 9:10:00 PM,RTD,CLUZ,03LUMBSOL_G01,G,7/25/2026 9:06:00 PM,7/25/2026 9:10:00 PM,MAX_OPERATING_MW,30,
7/25/2026 9:10:00 PM,RTD,CLUZ,03LUMBSOL_G01,G,7/25/2026 9:06:00 PM,7/25/2026 9:10:00 PM,MIN_OPERATING_MW,30,
7/25/2026 9:10:00 PM,RTD,CLUZ,03LUMBSOL_G01,G,7/25/2026 9:11:00 PM,7/25/2026 9:15:00 PM,MAX_OPERATING_MW,30,
7/25/2026 9:10:00 PM,RTD,CLUZ,03LUMBSOL_G01,G,7/25/2026 9:11:00 PM,7/25/2026 9:15:00 PM,MIN_OPERATING_MW,30,
7/25/2026 9:10:00 PM,RTD,CVIS,05EAUC_BAT,G,7/25/2026 9:01:00 PM,7/25/2026 10:00:00 PM,MAX_OPERATING_MW,-6,
7/25/2026 9:10:00 PM,RTD,CVIS,05EAUC_BAT,G,7/25/2026 9:01:00 PM,7/25/2026 10:00:00 PM,MIN_OPERATING_MW,-6,
7/25/2026 9:10:00 PM,RTD,CMIN,10LIAN_G02,G,7/25/2026 12:05:00 AM,7/25/2026 11:59:00 PM,MAX_OPERATING_MW,6,
7/25/2026 9:10:00 PM,RTD,CMIN,10LIAN_G02,G,7/25/2026 12:05:00 AM,7/25/2026 11:59:00 PM,MIN_OPERATING_MW,3,
7/25/2026 9:10:00 PM,RTD,CMIN,11MALADU_G01,G,7/25/2026 12:01:00 AM,7/26/2026,MAX_OPERATING_MW,9.50,
7/25/2026 9:10:00 PM,RTD,CMIN,11MALADU_G01,G,7/25/2026 12:01:00 AM,7/26/2026,MIN_OPERATING_MW,9.50,
7/25/2026 9:15:00 PM,RTD,CLUZ,01MSINLO_G04,G,7/25/2026 8:16:00 PM,7/26/2026,MAX_OPERATING_MW,130,
7/25/2026 9:15:00 PM,RTD,CLUZ,01MSINLO_G04,G,7/25/2026 8:16:00 PM,7/26/2026,MIN_OPERATING_MW,130,
7/25/2026 9:15:00 PM,RTD,CLUZ,01TERRASOL_G01,G,7/25/2026 9:11:00 PM,7/25/2026 10:00:00 PM,MAX_OPERATING_MW,120,
7/25/2026 9:15:00 PM,RTD,CLUZ,01TERRASOL_G01,G,7/25/2026 9:11:00 PM,7/25/2026 10:00:00 PM,MIN_OPERATING_MW,120,
7/25/2026 9:15:00 PM,RTD,CLUZ,03LUMBSOL_G01,G,7/25/2026 9:11:00 PM,7/25/2026 9:15:00 PM,MAX_OPERATING_MW,30,
7/25/2026 9:15:00 PM,RTD,CLUZ,03LUMBSOL_G01,G,7/25/2026 9:11:00 PM,7/25/2026 9:15:00 PM,MIN_OPERATING_MW,30,
7/25/2026 9:15:00 PM,RTD,CLUZ,03LUMBSOL_G01,G,7/25/2026 9:16:00 PM,7/25/2026 9:20:59 PM,MAX_OPERATING_MW,30,
7/25/2026 9:15:00 PM,RTD,CLUZ,03LUMBSOL_G01,G,7/25/2026 9:16:00 PM,7/25/2026 9:20:59 PM,MIN_OPERATING_MW,30,
7/25/2026 9:15:00 PM,RTD,CVIS,05EAUC_BAT,G,7/25/2026 9:01:00 PM,7/25/2026 10:00:00 PM,MAX_OPERATING_MW,-6,
7/25/2026 9:15:00 PM,RTD,CVIS,05EAUC_BAT,G,7/25/2026 9:01:00 PM,7/25/2026 10:00:00 PM,MIN_OPERATING_MW,-6,
7/25/2026 9:15:00 PM,RTD,CMIN,10LIAN_G02,G,7/25/2026 12:05:00 AM,7/25/2026 11:59:00 PM,MAX_OPERATING_MW,6,
7/25/2026 9:15:00 PM,RTD,CMIN,10LIAN_G02,G,7/25/2026 12:05:00 AM,7/25/2026 11:59:00 PM,MIN_OPERATING_MW,3,
7/25/2026 9:15:00 PM,RTD,CMIN,11MALADU_G01,G,7/25/2026 12:01:00 AM,7/26/2026,MAX_OPERATING_MW,9.50,
7/25/2026 9:15:00 PM,RTD,CMIN,11MALADU_G01,G,7/25/2026 12:01:00 AM,7/26/2026,MIN_OPERATING_MW,9.50,
7/25/2026 9:20:00 PM,RTD,CLUZ,01MSINLO_G04,G,7/25/2026 8:16:00 PM,7/26/2026,MAX_OPERATING_MW,130,
7/25/2026 9:20:00 PM,RTD,CLUZ,01MSINLO_G04,G,7/25/2026 8:16:00 PM,7/26/2026,MIN_OPERATING_MW,130,
7/25/2026 9:20:00 PM,RTD,CLUZ,01TERRASOL_G01,G,7/25/2026 9:11:00 PM,7/25/2026 10:00:00 PM,MAX_OPERATING_MW,120,
7/25/2026 9:20:00 PM,RTD,CLUZ,01TERRASOL_G01,G,7/25/2026 9:11:00 PM,7/25/2026 10:00:00 PM,MIN_OPERATING_MW,120,
7/25/2026 9:20:00 PM,RTD,CLUZ,03LUMBSOL_G01,G,7/25/2026 9:16:00 PM,7/25/2026 9:20:59 PM,MAX_OPERATING_MW,30,
7/25/2026 9:20:00 PM,RTD,CLUZ,03LUMBSOL_G01,G,7/25/2026 9:16:00 PM,7/25/2026 9:20:59 PM,MIN_OPERATING_MW,30,
7/25/2026 9:20:00 PM,RTD,CLUZ,03LUMBSOL_G01,G,7/25/2026 9:21:00 PM,7/25/2026 9:25:00 PM,MAX_OPERATING_MW,30,
7/25/2026 9:20:00 PM,RTD,CLUZ,03LUMBSOL_G01,G,7/25/2026 9:21:00 PM,7/25/2026 9:25:00 PM,MIN_OPERATING_MW,30,
7/25/2026 9:20:00 PM,RTD,CVIS,05EAUC_BAT,G,7/25/2026 9:01:00 PM,7/25/2026 10:00:00 PM,MAX_OPERATING_MW,-6,
7/25/2026 9:20:00 PM,RTD,CVIS,05EAUC_BAT,G,7/25/2026 9:01:00 PM,7/25/2026 10:00:00 PM,MIN_OPERATING_MW,-6,
7/25/2026 9:20:00 PM,RTD,CMIN,10LIAN_G02,G,7/25/2026 12:05:00 AM,7/25/2026 11:59:00 PM,MAX_OPERATING_MW,6,
7/25/2026 9:20:00 PM,RTD,CMIN,10LIAN_G02,G,7/25/2026 12:05:00 AM,7/25/2026 11:59:00 PM,MIN_OPERATING_MW,3,
7/25/2026 9:20:00 PM,RTD,CMIN,11MALADU_G01,G,7/25/2026 12:01:00 AM,7/26/2026,MAX_OPERATING_MW,9.50,
7/25/2026 9:20:00 PM,RTD,CMIN,11MALADU_G01,G,7/25/2026 12:01:00 AM,7/26/2026,MIN_OPERATING_MW,9.50,
7/25/2026 9:25:00 PM,RTD,CLUZ,01MSINLO_G04,G,7/25/2026 8:16:00 PM,7/26/2026,MAX_OPERATING_MW,130,
7/25/2026 9:25:00 PM,RTD,CLUZ,01MSINLO_G04,G,7/25/2026 8:16:00 PM,7/26/2026,MIN_OPERATING_MW,130,
7/25/2026 9:25:00 PM,RTD,CLUZ,01TERRASOL_G01,G,7/25/2026 9:11:00 PM,7/25/2026 10:00:00 PM,MAX_OPERATING_MW,120,
7/25/2026 9:25:00 PM,RTD,CLUZ,01TERRASOL_G01,G,7/25/2026 9:11:00 PM,7/25/2026 10:00:00 PM,MIN_OPERATING_MW,120,
7/25/2026 9:25:00 PM,RTD,CLUZ,03LUMBSOL_G01,G,7/25/2026 9:21:00 PM,7/25/2026 9:25:00 PM,MAX_OPERATING_MW,30,
7/25/2026 9:25:00 PM,RTD,CLUZ,03LUMBSOL_G01,G,7/25/2026 9:21:00 PM,7/25/2026 9:25:00 PM,MIN_OPERATING_MW,30,
7/25/2026 9:25:00 PM,RTD,CLUZ,03LUMBSOL_G01,G,7/25/2026 9:26:00 PM,7/25/2026 9:30:00 PM,MAX_OPERATING_MW,30,
7/25/2026 9:25:00 PM,RTD,CLUZ,03LUMBSOL_G01,G,7/25/2026 9:26:00 PM,7/25/2026 9:30:00 PM,MIN_OPERATING_MW,30,
7/25/2026 9:25:00 PM,RTD,CVIS,05EAUC_BAT,G,7/25/2026 9:01:00 PM,7/25/2026 10:00:00 PM,MAX_OPERATING_MW,-6,
7/25/2026 9:25:00 PM,RTD,CVIS,05EAUC_BAT,G,7/25/2026 9:01:00 PM,7/25/2026 10:00:00 PM,MIN_OPERATING_MW,-6,
7/25/2026 9:25:00 PM,RTD,CMIN,10LIAN_G02,G,7/25/2026 12:05:00 AM,7/25/2026 11:59:00 PM,MAX_OPERATING_MW,6,
7/25/2026 9:25:00 PM,RTD,CMIN,10LIAN_G02,G,7/25/2026 12:05:00 AM,7/25/2026 11:59:00 PM,MIN_OPERATING_MW,3,
7/25/2026 9:25:00 PM,RTD,CMIN,11MALADU_G01,G,7/25/2026 12:01:00 AM,7/26/2026,MAX_OPERATING_MW,9.50,
7/25/2026 9:25:00 PM,RTD,CMIN,11MALADU_G01,G,7/25/2026 12:01:00 AM,7/26/2026,MIN_OPERATING_MW,9.50,
7/25/2026 9:30:00 PM,RTD,CLUZ,01MSINLO_G04,G,7/25/2026 8:16:00 PM,7/26/2026,MAX_OPERATING_MW,130,
7/25/2026 9:30:00 PM,RTD,CLUZ,01MSINLO_G04,G,7/25/2026 8:16:00 PM,7/26/2026,MIN_OPERATING_MW,130,
7/25/2026 9:30:00 PM,RTD,CLUZ,01TERRASOL_G01,G,7/25/2026 9:11:00 PM,7/25/2026 10:00:00 PM,MAX_OPERATING_MW,120,
7/25/2026 9:30:00 PM,RTD,CLUZ,01TERRASOL_G01,G,7/25/2026 9:11:00 PM,7/25/2026 10:00:00 PM,MIN_OPERATING_MW,120,
7/25/2026 9:30:00 PM,RTD,CLUZ,03LUMBSOL_G01,G,7/25/2026 9:26:00 PM,7/25/2026 9:30:00 PM,MAX_OPERATING_MW,30,
7/25/2026 9:30:00 PM,RTD,CLUZ,03LUMBSOL_G01,G,7/25/2026 9:26:00 PM,7/25/2026 9:30:00 PM,MIN_OPERATING_MW,30,
7/25/2026 9:30:00 PM,RTD,CLUZ,03LUMBSOL_G01,G,7/25/2026 9:31:00 PM,7/25/2026 9:35:00 PM,MAX_OPERATING_MW,30,
7/25/2026 9:30:00 PM,RTD,CLUZ,03LUMBSOL_G01,G,7/25/2026 9:31:00 PM,7/25/2026 9:35:00 PM,MIN_OPERATING_MW,30,
7/25/2026 9:30:00 PM,RTD,CVIS,05EAUC_BAT,G,7/25/2026 9:01:00 PM,7/25/2026 10:00:00 PM,MAX_OPERATING_MW,-6,
7/25/2026 9:30:00 PM,RTD,CVIS,05EAUC_BAT,G,7/25/2026 9:01:00 PM,7/25/2026 10:00:00 PM,MIN_OPERATING_MW,-6,
7/25/2026 9:30:00 PM,RTD,CMIN,10LIAN_G02,G,7/25/2026 12:05:00 AM,7/25/2026 11:59:00 PM,MAX_OPERATING_MW,6,
7/25/2026 9:30:00 PM,RTD,CMIN,10LIAN_G02,G,7/25/2026 12:05:00 AM,7/25/2026 11:59:00 PM,MIN_OPERATING_MW,3,
7/25/2026 9:30:00 PM,RTD,CMIN,11MALADU_G01,G,7/25/2026 12:01:00 AM,7/26/2026,MAX_OPERATING_MW,9.50,
7/25/2026 9:30:00 PM,RTD,CMIN,11MALADU_G01,G,7/25/2026 12:01:00 AM,7/26/2026,MIN_OPERATING_MW,9.50,
7/25/2026 9:35:00 PM,RTD,CLUZ,01MSINLO_G04,G,7/25/2026 8:16:00 PM,7/26/2026,MAX_OPERATING_MW,130,
7/25/2026 9:35:00 PM,RTD,CLUZ,01MSINLO_G04,G,7/25/2026 8:16:00 PM,7/26/2026,MIN_OPERATING_MW,130,
7/25/2026 9:35:00 PM,RTD,CLUZ,01TERRASOL_G01,G,7/25/2026 9:11:00 PM,7/25/2026 10:00:00 PM,MAX_OPERATING_MW,120,
7/25/2026 9:35:00 PM,RTD,CLUZ,01TERRASOL_G01,G,7/25/2026 9:11:00 PM,7/25/2026 10:00:00 PM,MIN_OPERATING_MW,120,
7/25/2026 9:35:00 PM,RTD,CLUZ,03LUMBSOL_G01,G,7/25/2026 9:31:00 PM,7/25/2026 9:35:00 PM,MAX_OPERATING_MW,30,
7/25/2026 9:35:00 PM,RTD,CLUZ,03LUMBSOL_G01,G,7/25/2026 9:31:00 PM,7/25/2026 9:35:00 PM,MIN_OPERATING_MW,30,
7/25/2026 9:35:00 PM,RTD,CLUZ,03LUMBSOL_G01,G,7/25/2026 9:36:00 PM,7/25/2026 9:40:00 PM,MAX_OPERATING_MW,30,
7/25/2026 9:35:00 PM,RTD,CLUZ,03LUMBSOL_G01,G,7/25/2026 9:36:00 PM,7/25/2026 9:40:00 PM,MIN_OPERATING_MW,30,
7/25/2026 9:35:00 PM,RTD,CVIS,05EAUC_BAT,G,7/25/2026 9:01:00 PM,7/25/2026 10:00:00 PM,MAX_OPERATING_MW,-6,
7/25/2026 9:35:00 PM,RTD,CVIS,05EAUC_BAT,G,7/25/2026 9:01:00 PM,7/25/2026 10:00:00 PM,MIN_OPERATING_MW,-6,
7/25/2026 9:35:00 PM,RTD,CMIN,10LIAN_G02,G,7/25/2026 12:05:00 AM,7/25/2026 11:59:00 PM,MAX_OPERATING_MW,6,
7/25/2026 9:35:00 PM,RTD,CMIN,10LIAN_G02,G,7/25/2026 12:05:00 AM,7/25/2026 11:59:00 PM,MIN_OPERATING_MW,3,
7/25/2026 9:35:00 PM,RTD,CMIN,11MALADU_G01,G,7/25/2026 12:01:00 AM,7/26/2026,MAX_OPERATING_MW,9.50,
7/25/2026 9:35:00 PM,RTD,CMIN,11MALADU_G01,G,7/25/2026 12:01:00 AM,7/26/2026,MIN_OPERATING_MW,9.50,
7/25/2026 9:40:00 PM,RTD,CLUZ,01MSINLO_G04,G,7/25/2026 8:16:00 PM,7/26/2026,MAX_OPERATING_MW,130,
7/25/2026 9:40:00 PM,RTD,CLUZ,01MSINLO_G04,G,7/25/2026 8:16:00 PM,7/26/2026,MIN_OPERATING_MW,130,
7/25/2026 9:40:00 PM,RTD,CLUZ,01TERRASOL_G01,G,7/25/2026 9:11:00 PM,7/25/2026 10:00:00 PM,MAX_OPERATING_MW,120,
7/25/2026 9:40:00 PM,RTD,CLUZ,01TERRASOL_G01,G,7/25/2026 9:11:00 PM,7/25/2026 10:00:00 PM,MIN_OPERATING_MW,120,
7/25/2026 9:40:00 PM,RTD,CLUZ,03LUMBSOL_G01,G,7/25/2026 9:36:00 PM,7/25/2026 9:40:00 PM,MAX_OPERATING_MW,30,
7/25/2026 9:40:00 PM,RTD,CLUZ,03LUMBSOL_G01,G,7/25/2026 9:36:00 PM,7/25/2026 9:40:00 PM,MIN_OPERATING_MW,30,
7/25/2026 9:40:00 PM,RTD,CLUZ,03LUMBSOL_G01,G,7/25/2026 9:41:00 PM,7/25/2026 9:45:00 PM,MAX_OPERATING_MW,30,
7/25/2026 9:40:00 PM,RTD,CLUZ,03LUMBSOL_G01,G,7/25/2026 9:41:00 PM,7/25/2026 9:45:00 PM,MIN_OPERATING_MW,30,
7/25/2026 9:40:00 PM,RTD,CVIS,05EAUC_BAT,G,7/25/2026 9:01:00 PM,7/25/2026 10:00:00 PM,MAX_OPERATING_MW,-6,
7/25/2026 9:40:00 PM,RTD,CVIS,05EAUC_BAT,G,7/25/2026 9:01:00 PM,7/25/2026 10:00:00 PM,MIN_OPERATING_MW,-6,
7/25/2026 9:40:00 PM,RTD,CMIN,10LIAN_G02,G,7/25/2026 12:05:00 AM,7/25/2026 11:59:00 PM,MAX_OPERATING_MW,6,
7/25/2026 9:40:00 PM,RTD,CMIN,10LIAN_G02,G,7/25/2026 12:05:00 AM,7/25/2026 11:59:00 PM,MIN_OPERATING_MW,3,
7/25/2026 9:40:00 PM,RTD,CMIN,11MALADU_G01,G,7/25/2026 12:01:00 AM,7/26/2026,MAX_OPERATING_MW,9.50,
7/25/2026 9:40:00 PM,RTD,CMIN,11MALADU_G01,G,7/25/2026 12:01:00 AM,7/26/2026,MIN_OPERATING_MW,9.50,
7/25/2026 9:45:00 PM,RTD,CLUZ,01MSINLO_G04,G,7/25/2026 8:16:00 PM,7/26/2026,MAX_OPERATING_MW,130,
7/25/2026 9:45:00 PM,RTD,CLUZ,01MSINLO_G04,G,7/25/2026 8:16:00 PM,7/26/2026,MIN_OPERATING_MW,130,
7/25/2026 9:45:00 PM,RTD,CLUZ,01TERRASOL_G01,G,7/25/2026 9:11:00 PM,7/25/2026 10:00:00 PM,MAX_OPERATING_MW,120,
7/25/2026 9:45:00 PM,RTD,CLUZ,01TERRASOL_G01,G,7/25/2026 9:11:00 PM,7/25/2026 10:00:00 PM,MIN_OPERATING_MW,120,
7/25/2026 9:45:00 PM,RTD,CLUZ,03LUMBSOL_G01,G,7/25/2026 9:41:00 PM,7/25/2026 9:45:00 PM,MAX_OPERATING_MW,30,
7/25/2026 9:45:00 PM,RTD,CLUZ,03LUMBSOL_G01,G,7/25/2026 9:41:00 PM,7/25/2026 9:45:00 PM,MIN_OPERATING_MW,30,
7/25/2026 9:45:00 PM,RTD,CLUZ,03LUMBSOL_G01,G,7/25/2026 9:46:00 PM,7/25/2026 9:50:00 PM,MAX_OPERATING_MW,30,
7/25/2026 9:45:00 PM,RTD,CLUZ,03LUMBSOL_G01,G,7/25/2026 9:46:00 PM,7/25/2026 9:50:00 PM,MIN_OPERATING_MW,30,
7/25/2026 9:45:00 PM,RTD,CVIS,05EAUC_BAT,G,7/25/2026 9:01:00 PM,7/25/2026 10:00:00 PM,MAX_OPERATING_MW,-6,
7/25/2026 9:45:00 PM,RTD,CVIS,05EAUC_BAT,G,7/25/2026 9:01:00 PM,7/25/2026 10:00:00 PM,MIN_OPERATING_MW,-6,
7/25/2026 9:45:00 PM,RTD,CMIN,10LIAN_G02,G,7/25/2026 12:05:00 AM,7/25/2026 11:59:00 PM,MAX_OPERATING_MW,6,
7/25/2026 9:45:00 PM,RTD,CMIN,10LIAN_G02,G,7/25/2026 12:05:00 AM,7/25/2026 11:59:00 PM,MIN_OPERATING_MW,3,
7/25/2026 9:45:00 PM,RTD,CMIN,11MALADU_G01,G,7/25/2026 12:01:00 AM,7/26/2026,MAX_OPERATING_MW,9.50,
7/25/2026 9:45:00 PM,RTD,CMIN,11MALADU_G01,G,7/25/2026 12:01:00 AM,7/26/2026,MIN_OPERATING_MW,9.50,
7/25/2026 9:50:00 PM,RTD,CLUZ,01MSINLO_G04,G,7/25/2026 8:16:00 PM,7/26/2026,MAX_OPERATING_MW,130,
7/25/2026 9:50:00 PM,RTD,CLUZ,01MSINLO_G04,G,7/25/2026 8:16:00 PM,7/26/2026,MIN_OPERATING_MW,130,
7/25/2026 9:50:00 PM,RTD,CLUZ,01TERRASOL_G01,G,7/25/2026 9:11:00 PM,7/25/2026 10:00:00 PM,MAX_OPERATING_MW,120,
7/25/2026 9:50:00 PM,RTD,CLUZ,01TERRASOL_G01,G,7/25/2026 9:11:00 PM,7/25/2026 10:00:00 PM,MIN_OPERATING_MW,120,
7/25/2026 9:50:00 PM,RTD,CLUZ,03LUMBSOL_G01,G,7/25/2026 9:46:00 PM,7/25/2026 9:50:00 PM,MAX_OPERATING_MW,30,
7/25/2026 9:50:00 PM,RTD,CLUZ,03LUMBSOL_G01,G,7/25/2026 9:46:00 PM,7/25/2026 9:50:00 PM,MIN_OPERATING_MW,30,
7/25/2026 9:50:00 PM,RTD,CLUZ,03LUMBSOL_G01,G,7/25/2026 9:51:00 PM,7/25/2026 9:55:00 PM,MAX_OPERATING_MW,30,
7/25/2026 9:50:00 PM,RTD,CLUZ,03LUMBSOL_G01,G,7/25/2026 9:51:00 PM,7/25/2026 9:55:00 PM,MIN_OPERATING_MW,30,
7/25/2026 9:50:00 PM,RTD,CVIS,05EAUC_BAT,G,7/25/2026 9:01:00 PM,7/25/2026 10:00:00 PM,MAX_OPERATING_MW,-6,
7/25/2026 9:50:00 PM,RTD,CVIS,05EAUC_BAT,G,7/25/2026 9:01:00 PM,7/25/2026 10:00:00 PM,MIN_OPERATING_MW,-6,
7/25/2026 9:50:00 PM,RTD,CMIN,10LIAN_G02,G,7/25/2026 12:05:00 AM,7/25/2026 11:59:00 PM,MAX_OPERATING_MW,6,
7/25/2026 9:50:00 PM,RTD,CMIN,10LIAN_G02,G,7/25/2026 12:05:00 AM,7/25/2026 11:59:00 PM,MIN_OPERATING_MW,3,
7/25/2026 9:50:00 PM,RTD,CMIN,11MALADU_G01,G,7/25/2026 12:01:00 AM,7/26/2026,MAX_OPERATING_MW,9.50,
7/25/2026 9:50:00 PM,RTD,CMIN,11MALADU_G01,G,7/25/2026 12:01:00 AM,7/26/2026,MIN_OPERATING_MW,9.50,
7/25/2026 9:55:00 PM,RTD,CLUZ,01MSINLO_G04,G,7/25/2026 8:16:00 PM,7/26/2026,MAX_OPERATING_MW,130,
7/25/2026 9:55:00 PM,RTD,CLUZ,01MSINLO_G04,G,7/25/2026 8:16:00 PM,7/26/2026,MIN_OPERATING_MW,130,
7/25/2026 9:55:00 PM,RTD,CLUZ,01TERRASOL_G01,G,7/25/2026 9:11:00 PM,7/25/2026 10:00:00 PM,MAX_OPERATING_MW,120,
7/25/2026 9:55:00 PM,RTD,CLUZ,01TERRASOL_G01,G,7/25/2026 9:11:00 PM,7/25/2026 10:00:00 PM,MIN_OPERATING_MW,120,
7/25/2026 9:55:00 PM,RTD,CLUZ,03LUMBSOL_G01,G,7/25/2026 9:51:00 PM,7/25/2026 9:55:00 PM,MAX_OPERATING_MW,30,
7/25/2026 9:55:00 PM,RTD,CLUZ,03LUMBSOL_G01,G,7/25/2026 9:51:00 PM,7/25/2026 9:55:00 PM,MIN_OPERATING_MW,30,
7/25/2026 9:55:00 PM,RTD,CLUZ,03LUMBSOL_G01,G,7/25/2026 9:56:00 PM,7/25/2026 10:00:00 PM,MAX_OPERATING_MW,30,
7/25/2026 9:55:00 PM,RTD,CLUZ,03LUMBSOL_G01,G,7/25/2026 9:56:00 PM,7/25/2026 10:00:00 PM,MIN_OPERATING_MW,30,
7/25/2026 9:55:00 PM,RTD,CVIS,05EAUC_BAT,G,7/25/2026 9:01:00 PM,7/25/2026 10:00:00 PM,MAX_OPERATING_MW,-6,
7/25/2026 9:55:00 PM,RTD,CVIS,05EAUC_BAT,G,7/25/2026 9:01:00 PM,7/25/2026 10:00:00 PM,MIN_OPERATING_MW,-6,
7/25/2026 9:55:00 PM,RTD,CMIN,10LIAN_G02,G,7/25/2026 12:05:00 AM,7/25/2026 11:59:00 PM,MAX_OPERATING_MW,6,
7/25/2026 9:55:00 PM,RTD,CMIN,10LIAN_G02,G,7/25/2026 12:05:00 AM,7/25/2026 11:59:00 PM,MIN_OPERATING_MW,3,
7/25/2026 9:55:00 PM,RTD,CMIN,11MALADU_G01,G,7/25/2026 12:01:00 AM,7/26/2026,MAX_OPERATING_MW,9.50,
7/25/2026 9:55:00 PM,RTD,CMIN,11MALADU_G01,G,7/25/2026 12:01:00 AM,7/26/2026,MIN_OPERATING_MW,9.50,
7/25/2026 10:00:00 PM,RTD,CLUZ,01MSINLO_G04,G,7/25/2026 8:16:00 PM,7/26/2026,MAX_OPERATING_MW,130,
7/25/2026 10:00:00 PM,RTD,CLUZ,01MSINLO_G04,G,7/25/2026 8:16:00 PM,7/26/2026,MIN_OPERATING_MW,130,
7/25/2026 10:00:00 PM,RTD,CLUZ,01TERRASOL_G01,G,7/25/2026 9:11:00 PM,7/25/2026 10:00:00 PM,MAX_OPERATING_MW,120,
7/25/2026 10:00:00 PM,RTD,CLUZ,01TERRASOL_G01,G,7/25/2026 9:11:00 PM,7/25/2026 10:00:00 PM,MIN_OPERATING_MW,120,
7/25/2026 10:00:00 PM,RTD,CLUZ,01TERRASOL_G01,G,7/25/2026 10:01:00 PM,7/25/2026 10:05:00 PM,MAX_OPERATING_MW,80,
7/25/2026 10:00:00 PM,RTD,CLUZ,01TERRASOL_G01,G,7/25/2026 10:01:00 PM,7/25/2026 10:05:00 PM,MIN_OPERATING_MW,80,
7/25/2026 10:00:00 PM,RTD,CLUZ,03LUMBSOL_G01,G,7/25/2026 9:56:00 PM,7/25/2026 10:00:00 PM,MAX_OPERATING_MW,30,
7/25/2026 10:00:00 PM,RTD,CLUZ,03LUMBSOL_G01,G,7/25/2026 9:56:00 PM,7/25/2026 10:00:00 PM,MIN_OPERATING_MW,30,
7/25/2026 10:00:00 PM,RTD,CVIS,05EAUC_BAT,G,7/25/2026 9:01:00 PM,7/25/2026 10:00:00 PM,MAX_OPERATING_MW,-6,
7/25/2026 10:00:00 PM,RTD,CVIS,05EAUC_BAT,G,7/25/2026 9:01:00 PM,7/25/2026 10:00:00 PM,MIN_OPERATING_MW,-6,
7/25/2026 10:00:00 PM,RTD,CVIS,05EAUC_BAT,G,7/25/2026 10:01:00 PM,7/25/2026 11:00:00 PM,MAX_OPERATING_MW,-6,
7/25/2026 10:00:00 PM,RTD,CVIS,05EAUC_BAT,G,7/25/2026 10:01:00 PM,7/25/2026 11:00:00 PM,MIN_OPERATING_MW,-6,
7/25/2026 10:00:00 PM,RTD,CMIN,10LIAN_G02,G,7/25/2026 12:05:00 AM,7/25/2026 11:59:00 PM,MAX_OPERATING_MW,6,
7/25/2026 10:00:00 PM,RTD,CMIN,10LIAN_G02,G,7/25/2026 12:05:00 AM,7/25/2026 11:59:00 PM,MIN_OPERATING_MW,3,
7/25/2026 10:00:00 PM,RTD,CMIN,11MALADU_G01,G,7/25/2026 12:01:00 AM,7/26/2026,MAX_OPERATING_MW,9.50,
7/25/2026 10:00:00 PM,RTD,CMIN,11MALADU_G01,G,7/25/2026 12:01:00 AM,7/26/2026,MIN_OPERATING_MW,9.50,
7/25/2026 10:05:00 PM,RTD,CLUZ,01MSINLO_G04,G,7/25/2026 8:16:00 PM,7/26/2026,MAX_OPERATING_MW,130,
7/25/2026 10:05:00 PM,RTD,CLUZ,01MSINLO_G04,G,7/25/2026 8:16:00 PM,7/26/2026,MIN_OPERATING_MW,130,
7/25/2026 10:05:00 PM,RTD,CLUZ,01TERRASOL_G01,G,7/25/2026 10:01:00 PM,7/25/2026 10:05:00 PM,MAX_OPERATING_MW,80,
7/25/2026 10:05:00 PM,RTD,CLUZ,01TERRASOL_G01,G,7/25/2026 10:01:00 PM,7/25/2026 10:05:00 PM,MIN_OPERATING_MW,80,
7/25/2026 10:05:00 PM,RTD,CLUZ,01TERRASOL_G01,G,7/25/2026 10:06:00 PM,7/25/2026 10:10:00 PM,MAX_OPERATING_MW,40,
7/25/2026 10:05:00 PM,RTD,CLUZ,01TERRASOL_G01,G,7/25/2026 10:06:00 PM,7/25/2026 10:10:00 PM,MIN_OPERATING_MW,40,
7/25/2026 10:05:00 PM,RTD,CVIS,05EAUC_BAT,G,7/25/2026 10:01:00 PM,7/25/2026 11:00:00 PM,MAX_OPERATING_MW,-6,
7/25/2026 10:05:00 PM,RTD,CVIS,05EAUC_BAT,G,7/25/2026 10:01:00 PM,7/25/2026 11:00:00 PM,MIN_OPERATING_MW,-6,
7/25/2026 10:05:00 PM,RTD,CMIN,10LIAN_G02,G,7/25/2026 12:05:00 AM,7/25/2026 11:59:00 PM,MAX_OPERATING_MW,6,
7/25/2026 10:05:00 PM,RTD,CMIN,10LIAN_G02,G,7/25/2026 12:05:00 AM,7/25/2026 11:59:00 PM,MIN_OPERATING_MW,3,
7/25/2026 10:05:00 PM,RTD,CMIN,11MALADU_G01,G,7/25/2026 12:01:00 AM,7/26/2026,MAX_OPERATING_MW,9.50,
7/25/2026 10:05:00 PM,RTD,CMIN,11MALADU_G01,G,7/25/2026 12:01:00 AM,7/26/2026,MIN_OPERATING_MW,9.50,
7/25/2026 10:10:00 PM,RTD,CLUZ,01MSINLO_G04,G,7/25/2026 8:16:00 PM,7/26/2026,MAX_OPERATING_MW,130,
7/25/2026 10:10:00 PM,RTD,CLUZ,01MSINLO_G04,G,7/25/2026 8:16:00 PM,7/26/2026,MIN_OPERATING_MW,130,
7/25/2026 10:10:00 PM,RTD,CLUZ,01TERRASOL_G01,G,7/25/2026 10:06:00 PM,7/25/2026 10:10:00 PM,MAX_OPERATING_MW,40,
7/25/2026 10:10:00 PM,RTD,CLUZ,01TERRASOL_G01,G,7/25/2026 10:06:00 PM,7/25/2026 10:10:00 PM,MIN_OPERATING_MW,40,
7/25/2026 10:10:00 PM,RTD,CLUZ,01TERRASOL_G01,G,7/25/2026 10:11:00 PM,7/26/2026,MAX_OPERATING_MW,0,
7/25/2026 10:10:00 PM,RTD,CLUZ,01TERRASOL_G01,G,7/25/2026 10:11:00 PM,7/26/2026,MIN_OPERATING_MW,0,
7/25/2026 10:10:00 PM,RTD,CVIS,05EAUC_BAT,G,7/25/2026 10:01:00 PM,7/25/2026 11:00:00 PM,MAX_OPERATING_MW,-6,
7/25/2026 10:10:00 PM,RTD,CVIS,05EAUC_BAT,G,7/25/2026 10:01:00 PM,7/25/2026 11:00:00 PM,MIN_OPERATING_MW,-6,
7/25/2026 10:10:00 PM,RTD,CMIN,10LIAN_G02,G,7/25/2026 12:05:00 AM,7/25/2026 11:59:00 PM,MAX_OPERATING_MW,6,
7/25/2026 10:10:00 PM,RTD,CMIN,10LIAN_G02,G,7/25/2026 12:05:00 AM,7/25/2026 11:59:00 PM,MIN_OPERATING_MW,3,
7/25/2026 10:10:00 PM,RTD,CMIN,11MALADU_G01,G,7/25/2026 12:01:00 AM,7/26/2026,MAX_OPERATING_MW,9.50,
7/25/2026 10:10:00 PM,RTD,CMIN,11MALADU_G01,G,7/25/2026 12:01:00 AM,7/26/2026,MIN_OPERATING_MW,9.50,
7/25/2026 10:15:00 PM,RTD,CLUZ,01MSINLO_G04,G,7/25/2026 8:16:00 PM,7/26/2026,MAX_OPERATING_MW,130,
7/25/2026 10:15:00 PM,RTD,CLUZ,01MSINLO_G04,G,7/25/2026 8:16:00 PM,7/26/2026,MIN_OPERATING_MW,130,
7/25/2026 10:15:00 PM,RTD,CLUZ,01TERRASOL_G01,G,7/25/2026 10:11:00 PM,7/26/2026,MAX_OPERATING_MW,0,
7/25/2026 10:15:00 PM,RTD,CLUZ,01TERRASOL_G01,G,7/25/2026 10:11:00 PM,7/26/2026,MIN_OPERATING_MW,0,
7/25/2026 10:15:00 PM,RTD,CVIS,05EAUC_BAT,G,7/25/2026 10:01:00 PM,7/25/2026 11:00:00 PM,MAX_OPERATING_MW,-6,
7/25/2026 10:15:00 PM,RTD,CVIS,05EAUC_BAT,G,7/25/2026 10:01:00 PM,7/25/2026 11:00:00 PM,MIN_OPERATING_MW,-6,
7/25/2026 10:15:00 PM,RTD,CMIN,10LIAN_G02,G,7/25/2026 12:05:00 AM,7/25/2026 11:59:00 PM,MAX_OPERATING_MW,6,
7/25/2026 10:15:00 PM,RTD,CMIN,10LIAN_G02,G,7/25/2026 12:05:00 AM,7/25/2026 11:59:00 PM,MIN_OPERATING_MW,3,
7/25/2026 10:15:00 PM,RTD,CMIN,11MALADU_G01,G,7/25/2026 12:01:00 AM,7/26/2026,MAX_OPERATING_MW,9.50,
7/25/2026 10:15:00 PM,RTD,CMIN,11MALADU_G01,G,7/25/2026 12:01:00 AM,7/26/2026,MIN_OPERATING_MW,9.50,
7/25/2026 10:20:00 PM,RTD,CLUZ,01MSINLO_G04,G,7/25/2026 8:16:00 PM,7/26/2026,MAX_OPERATING_MW,130,
7/25/2026 10:20:00 PM,RTD,CLUZ,01MSINLO_G04,G,7/25/2026 8:16:00 PM,7/26/2026,MIN_OPERATING_MW,130,
7/25/2026 10:20:00 PM,RTD,CLUZ,01TERRASOL_G01,G,7/25/2026 10:11:00 PM,7/26/2026,MAX_OPERATING_MW,0,
7/25/2026 10:20:00 PM,RTD,CLUZ,01TERRASOL_G01,G,7/25/2026 10:11:00 PM,7/26/2026,MIN_OPERATING_MW,0,
7/25/2026 10:20:00 PM,RTD,CVIS,05EAUC_BAT,G,7/25/2026 10:01:00 PM,7/25/2026 11:00:00 PM,MAX_OPERATING_MW,-6,
7/25/2026 10:20:00 PM,RTD,CVIS,05EAUC_BAT,G,7/25/2026 10:01:00 PM,7/25/2026 11:00:00 PM,MIN_OPERATING_MW,-6,
7/25/2026 10:20:00 PM,RTD,CMIN,10LIAN_G02,G,7/25/2026 12:05:00 AM,7/25/2026 11:59:00 PM,MAX_OPERATING_MW,6,
7/25/2026 10:20:00 PM,RTD,CMIN,10LIAN_G02,G,7/25/2026 12:05:00 AM,7/25/2026 11:59:00 PM,MIN_OPERATING_MW,3,
7/25/2026 10:20:00 PM,RTD,CMIN,11MALADU_G01,G,7/25/2026 12:01:00 AM,7/26/2026,MAX_OPERATING_MW,9.50,
7/25/2026 10:20:00 PM,RTD,CMIN,11MALADU_G01,G,7/25/2026 12:01:00 AM,7/26/2026,MIN_OPERATING_MW,9.50,
7/25/2026 10:25:00 PM,RTD,CLUZ,01MSINLO_G04,G,7/25/2026 8:16:00 PM,7/26/2026,MAX_OPERATING_MW,130,
7/25/2026 10:25:00 PM,RTD,CLUZ,01MSINLO_G04,G,7/25/2026 8:16:00 PM,7/26/2026,MIN_OPERATING_MW,130,
7/25/2026 10:25:00 PM,RTD,CLUZ,01TERRASOL_G01,G,7/25/2026 10:11:00 PM,7/26/2026,MAX_OPERATING_MW,0,
7/25/2026 10:25:00 PM,RTD,CLUZ,01TERRASOL_G01,G,7/25/2026 10:11:00 PM,7/26/2026,MIN_OPERATING_MW,0,
7/25/2026 10:25:00 PM,RTD,CVIS,05EAUC_BAT,G,7/25/2026 10:01:00 PM,7/25/2026 11:00:00 PM,MAX_OPERATING_MW,-6,
7/25/2026 10:25:00 PM,RTD,CVIS,05EAUC_BAT,G,7/25/2026 10:01:00 PM,7/25/2026 11:00:00 PM,MIN_OPERATING_MW,-6,
7/25/2026 10:25:00 PM,RTD,CMIN,10LIAN_G02,G,7/25/2026 12:05:00 AM,7/25/2026 11:59:00 PM,MAX_OPERATING_MW,6,
7/25/2026 10:25:00 PM,RTD,CMIN,10LIAN_G02,G,7/25/2026 12:05:00 AM,7/25/2026 11:59:00 PM,MIN_OPERATING_MW,3,
7/25/2026 10:25:00 PM,RTD,CMIN,11MALADU_G01,G,7/25/2026 12:01:00 AM,7/26/2026,MAX_OPERATING_MW,9.50,
7/25/2026 10:25:00 PM,RTD,CMIN,11MALADU_G01,G,7/25/2026 12:01:00 AM,7/26/2026,MIN_OPERATING_MW,9.50,
7/25/2026 10:30:00 PM,RTD,CLUZ,01MSINLO_G04,G,7/25/2026 8:16:00 PM,7/26/2026,MAX_OPERATING_MW,130,
7/25/2026 10:30:00 PM,RTD,CLUZ,01MSINLO_G04,G,7/25/2026 8:16:00 PM,7/26/2026,MIN_OPERATING_MW,130,
7/25/2026 10:30:00 PM,RTD,CLUZ,01TERRASOL_G01,G,7/25/2026 10:11:00 PM,7/26/2026,MAX_OPERATING_MW,0,
7/25/2026 10:30:00 PM,RTD,CLUZ,01TERRASOL_G01,G,7/25/2026 10:11:00 PM,7/26/2026,MIN_OPERATING_MW,0,
7/25/2026 10:30:00 PM,RTD,CVIS,05EAUC_BAT,G,7/25/2026 10:01:00 PM,7/25/2026 11:00:00 PM,MAX_OPERATING_MW,-6,
7/25/2026 10:30:00 PM,RTD,CVIS,05EAUC_BAT,G,7/25/2026 10:01:00 PM,7/25/2026 11:00:00 PM,MIN_OPERATING_MW,-6,
7/25/2026 10:30:00 PM,RTD,CMIN,10LIAN_G02,G,7/25/2026 12:05:00 AM,7/25/2026 11:59:00 PM,MAX_OPERATING_MW,6,
7/25/2026 10:30:00 PM,RTD,CMIN,10LIAN_G02,G,7/25/2026 12:05:00 AM,7/25/2026 11:59:00 PM,MIN_OPERATING_MW,3,
7/25/2026 10:30:00 PM,RTD,CMIN,11MALADU_G01,G,7/25/2026 12:01:00 AM,7/26/2026,MAX_OPERATING_MW,9.50,
7/25/2026 10:30:00 PM,RTD,CMIN,11MALADU_G01,G,7/25/2026 12:01:00 AM,7/26/2026,MIN_OPERATING_MW,9.50,
7/25/2026 10:35:00 PM,RTD,CLUZ,01MSINLO_G04,G,7/25/2026 8:16:00 PM,7/26/2026,MAX_OPERATING_MW,130,
7/25/2026 10:35:00 PM,RTD,CLUZ,01MSINLO_G04,G,7/25/2026 8:16:00 PM,7/26/2026,MIN_OPERATING_MW,130,
7/25/2026 10:35:00 PM,RTD,CLUZ,01TERRASOL_G01,G,7/25/2026 10:11:00 PM,7/26/2026,MAX_OPERATING_MW,0,
7/25/2026 10:35:00 PM,RTD,CLUZ,01TERRASOL_G01,G,7/25/2026 10:11:00 PM,7/26/2026,MIN_OPERATING_MW,0,
7/25/2026 10:35:00 PM,RTD,CVIS,05EAUC_BAT,G,7/25/2026 10:01:00 PM,7/25/2026 11:00:00 PM,MAX_OPERATING_MW,-6,
7/25/2026 10:35:00 PM,RTD,CVIS,05EAUC_BAT,G,7/25/2026 10:01:00 PM,7/25/2026 11:00:00 PM,MIN_OPERATING_MW,-6,
7/25/2026 10:35:00 PM,RTD,CMIN,10LIAN_G02,G,7/25/2026 12:05:00 AM,7/25/2026 11:59:00 PM,MAX_OPERATING_MW,6,
7/25/2026 10:35:00 PM,RTD,CMIN,10LIAN_G02,G,7/25/2026 12:05:00 AM,7/25/2026 11:59:00 PM,MIN_OPERATING_MW,3,
7/25/2026 10:35:00 PM,RTD,CMIN,11MALADU_G01,G,7/25/2026 12:01:00 AM,7/26/2026,MAX_OPERATING_MW,9.50,
7/25/2026 10:35:00 PM,RTD,CMIN,11MALADU_G01,G,7/25/2026 12:01:00 AM,7/26/2026,MIN_OPERATING_MW,9.50,
7/25/2026 10:40:00 PM,RTD,CLUZ,01MSINLO_G04,G,7/25/2026 8:16:00 PM,7/26/2026,MAX_OPERATING_MW,130,
7/25/2026 10:40:00 PM,RTD,CLUZ,01MSINLO_G04,G,7/25/2026 8:16:00 PM,7/26/2026,MIN_OPERATING_MW,130,
7/25/2026 10:40:00 PM,RTD,CLUZ,01TERRASOL_G01,G,7/25/2026 10:11:00 PM,7/26/2026,MAX_OPERATING_MW,0,
7/25/2026 10:40:00 PM,RTD,CLUZ,01TERRASOL_G01,G,7/25/2026 10:11:00 PM,7/26/2026,MIN_OPERATING_MW,0,
7/25/2026 10:40:00 PM,RTD,CVIS,05EAUC_BAT,G,7/25/2026 10:01:00 PM,7/25/2026 11:00:00 PM,MAX_OPERATING_MW,-6,
7/25/2026 10:40:00 PM,RTD,CVIS,05EAUC_BAT,G,7/25/2026 10:01:00 PM,7/25/2026 11:00:00 PM,MIN_OPERATING_MW,-6,
7/25/2026 10:40:00 PM,RTD,CMIN,10LIAN_G02,G,7/25/2026 12:05:00 AM,7/25/2026 11:59:00 PM,MAX_OPERATING_MW,6,
7/25/2026 10:40:00 PM,RTD,CMIN,10LIAN_G02,G,7/25/2026 12:05:00 AM,7/25/2026 11:59:00 PM,MIN_OPERATING_MW,3,
7/25/2026 10:40:00 PM,RTD,CMIN,11MALADU_G01,G,7/25/2026 12:01:00 AM,7/26/2026,MAX_OPERATING_MW,9.50,
7/25/2026 10:40:00 PM,RTD,CMIN,11MALADU_G01,G,7/25/2026 12:01:00 AM,7/26/2026,MIN_OPERATING_MW,9.50,
7/25/2026 10:45:00 PM,RTD,CLUZ,01MSINLO_G04,G,7/25/2026 8:16:00 PM,7/26/2026,MAX_OPERATING_MW,130,
7/25/2026 10:45:00 PM,RTD,CLUZ,01MSINLO_G04,G,7/25/2026 8:16:00 PM,7/26/2026,MIN_OPERATING_MW,130,
7/25/2026 10:45:00 PM,RTD,CLUZ,01TERRASOL_G01,G,7/25/2026 10:11:00 PM,7/26/2026,MAX_OPERATING_MW,0,
7/25/2026 10:45:00 PM,RTD,CLUZ,01TERRASOL_G01,G,7/25/2026 10:11:00 PM,7/26/2026,MIN_OPERATING_MW,0,
7/25/2026 10:45:00 PM,RTD,CVIS,05EAUC_BAT,G,7/25/2026 10:01:00 PM,7/25/2026 11:00:00 PM,MAX_OPERATING_MW,-6,
7/25/2026 10:45:00 PM,RTD,CVIS,05EAUC_BAT,G,7/25/2026 10:01:00 PM,7/25/2026 11:00:00 PM,MIN_OPERATING_MW,-6,
7/25/2026 10:45:00 PM,RTD,CMIN,10LIAN_G02,G,7/25/2026 12:05:00 AM,7/25/2026 11:59:00 PM,MAX_OPERATING_MW,6,
7/25/2026 10:45:00 PM,RTD,CMIN,10LIAN_G02,G,7/25/2026 12:05:00 AM,7/25/2026 11:59:00 PM,MIN_OPERATING_MW,3,
7/25/2026 10:45:00 PM,RTD,CMIN,11MALADU_G01,G,7/25/2026 12:01:00 AM,7/26/2026,MAX_OPERATING_MW,9.50,
7/25/2026 10:45:00 PM,RTD,CMIN,11MALADU_G01,G,7/25/2026 12:01:00 AM,7/26/2026,MIN_OPERATING_MW,9.50,
7/25/2026 10:50:00 PM,RTD,CLUZ,01MSINLO_G04,G,7/25/2026 8:16:00 PM,7/26/2026,MAX_OPERATING_MW,130,
7/25/2026 10:50:00 PM,RTD,CLUZ,01MSINLO_G04,G,7/25/2026 8:16:00 PM,7/26/2026,MIN_OPERATING_MW,130,
7/25/2026 10:50:00 PM,RTD,CLUZ,01TERRASOL_G01,G,7/25/2026 10:11:00 PM,7/26/2026,MAX_OPERATING_MW,0,
7/25/2026 10:50:00 PM,RTD,CLUZ,01TERRASOL_G01,G,7/25/2026 10:11:00 PM,7/26/2026,MIN_OPERATING_MW,0,
7/25/2026 10:50:00 PM,RTD,CVIS,05EAUC_BAT,G,7/25/2026 10:01:00 PM,7/25/2026 11:00:00 PM,MAX_OPERATING_MW,-6,
7/25/2026 10:50:00 PM,RTD,CVIS,05EAUC_BAT,G,7/25/2026 10:01:00 PM,7/25/2026 11:00:00 PM,MIN_OPERATING_MW,-6,
7/25/2026 10:50:00 PM,RTD,CMIN,10LIAN_G02,G,7/25/2026 12:05:00 AM,7/25/2026 11:59:00 PM,MAX_OPERATING_MW,6,
7/25/2026 10:50:00 PM,RTD,CMIN,10LIAN_G02,G,7/25/2026 12:05:00 AM,7/25/2026 11:59:00 PM,MIN_OPERATING_MW,3,
7/25/2026 10:50:00 PM,RTD,CMIN,11MALADU_G01,G,7/25/2026 12:01:00 AM,7/26/2026,MAX_OPERATING_MW,9.50,
7/25/2026 10:50:00 PM,RTD,CMIN,11MALADU_G01,G,7/25/2026 12:01:00 AM,7/26/2026,MIN_OPERATING_MW,9.50,
7/25/2026 10:55:00 PM,RTD,CLUZ,01MSINLO_G04,G,7/25/2026 8:16:00 PM,7/26/2026,MAX_OPERATING_MW,130,
7/25/2026 10:55:00 PM,RTD,CLUZ,01MSINLO_G04,G,7/25/2026 8:16:00 PM,7/26/2026,MIN_OPERATING_MW,130,
7/25/2026 10:55:00 PM,RTD,CLUZ,01TERRASOL_G01,G,7/25/2026 10:11:00 PM,7/26/2026,MAX_OPERATING_MW,0,
7/25/2026 10:55:00 PM,RTD,CLUZ,01TERRASOL_G01,G,7/25/2026 10:11:00 PM,7/26/2026,MIN_OPERATING_MW,0,
7/25/2026 10:55:00 PM,RTD,CVIS,05EAUC_BAT,G,7/25/2026 10:01:00 PM,7/25/2026 11:00:00 PM,MAX_OPERATING_MW,-6,
7/25/2026 10:55:00 PM,RTD,CVIS,05EAUC_BAT,G,7/25/2026 10:01:00 PM,7/25/2026 11:00:00 PM,MIN_OPERATING_MW,-6,
7/25/2026 10:55:00 PM,RTD,CMIN,10LIAN_G02,G,7/25/2026 12:05:00 AM,7/25/2026 11:59:00 PM,MAX_OPERATING_MW,6,
7/25/2026 10:55:00 PM,RTD,CMIN,10LIAN_G02,G,7/25/2026 12:05:00 AM,7/25/2026 11:59:00 PM,MIN_OPERATING_MW,3,
7/25/2026 10:55:00 PM,RTD,CMIN,11MALADU_G01,G,7/25/2026 12:01:00 AM,7/26/2026,MAX_OPERATING_MW,9.50,
7/25/2026 10:55:00 PM,RTD,CMIN,11MALADU_G01,G,7/25/2026 12:01:00 AM,7/26/2026,MIN_OPERATING_MW,9.50,
7/25/2026 11:00:00 PM,RTD,CLUZ,01MSINLO_G04,G,7/25/2026 8:16:00 PM,7/26/2026,MAX_OPERATING_MW,130,
7/25/2026 11:00:00 PM,RTD,CLUZ,01MSINLO_G04,G,7/25/2026 8:16:00 PM,7/26/2026,MIN_OPERATING_MW,130,
7/25/2026 11:00:00 PM,RTD,CLUZ,01TERRASOL_G01,G,7/25/2026 10:11:00 PM,7/26/2026,MAX_OPERATING_MW,0,
7/25/2026 11:00:00 PM,RTD,CLUZ,01TERRASOL_G01,G,7/25/2026 10:11:00 PM,7/26/2026,MIN_OPERATING_MW,0,
7/25/2026 11:00:00 PM,RTD,CVIS,05EAUC_BAT,G,7/25/2026 10:01:00 PM,7/25/2026 11:00:00 PM,MAX_OPERATING_MW,-6,
7/25/2026 11:00:00 PM,RTD,CVIS,05EAUC_BAT,G,7/25/2026 10:01:00 PM,7/25/2026 11:00:00 PM,MIN_OPERATING_MW,-6,
7/25/2026 11:00:00 PM,RTD,CVIS,05EAUC_BAT,G,7/25/2026 11:01:00 PM,7/26/2026,MAX_OPERATING_MW,-8,
7/25/2026 11:00:00 PM,RTD,CVIS,05EAUC_BAT,G,7/25/2026 11:01:00 PM,7/26/2026,MIN_OPERATING_MW,-8,
7/25/2026 11:00:00 PM,RTD,CMIN,10LIAN_G02,G,7/25/2026 12:05:00 AM,7/25/2026 11:59:00 PM,MAX_OPERATING_MW,6,
7/25/2026 11:00:00 PM,RTD,CMIN,10LIAN_G02,G,7/25/2026 12:05:00 AM,7/25/2026 11:59:00 PM,MIN_OPERATING_MW,3,
7/25/2026 11:00:00 PM,RTD,CMIN,11MALADU_G01,G,7/25/2026 12:01:00 AM,7/26/2026,MAX_OPERATING_MW,9.50,
7/25/2026 11:00:00 PM,RTD,CMIN,11MALADU_G01,G,7/25/2026 12:01:00 AM,7/26/2026,MIN_OPERATING_MW,9.50,
7/25/2026 11:05:00 PM,RTD,CLUZ,01MSINLO_G04,G,7/25/2026 8:16:00 PM,7/26/2026,MAX_OPERATING_MW,130,
7/25/2026 11:05:00 PM,RTD,CLUZ,01MSINLO_G04,G,7/25/2026 8:16:00 PM,7/26/2026,MIN_OPERATING_MW,130,
7/25/2026 11:05:00 PM,RTD,CLUZ,01TERRASOL_G01,G,7/25/2026 10:11:00 PM,7/26/2026,MAX_OPERATING_MW,0,
7/25/2026 11:05:00 PM,RTD,CLUZ,01TERRASOL_G01,G,7/25/2026 10:11:00 PM,7/26/2026,MIN_OPERATING_MW,0,
7/25/2026 11:05:00 PM,RTD,CVIS,05EAUC_BAT,G,7/25/2026 11:01:00 PM,7/26/2026,MAX_OPERATING_MW,-8,
7/25/2026 11:05:00 PM,RTD,CVIS,05EAUC_BAT,G,7/25/2026 11:01:00 PM,7/26/2026,MIN_OPERATING_MW,-8,
7/25/2026 11:05:00 PM,RTD,CMIN,10LIAN_G02,G,7/25/2026 12:05:00 AM,7/25/2026 11:59:00 PM,MAX_OPERATING_MW,6,
7/25/2026 11:05:00 PM,RTD,CMIN,10LIAN_G02,G,7/25/2026 12:05:00 AM,7/25/2026 11:59:00 PM,MIN_OPERATING_MW,3,
7/25/2026 11:05:00 PM,RTD,CMIN,11MALADU_G01,G,7/25/2026 12:01:00 AM,7/26/2026,MAX_OPERATING_MW,9.50,
7/25/2026 11:05:00 PM,RTD,CMIN,11MALADU_G01,G,7/25/2026 12:01:00 AM,7/26/2026,MIN_OPERATING_MW,9.50,
7/25/2026 11:10:00 PM,RTD,CLUZ,01MSINLO_G04,G,7/25/2026 8:16:00 PM,7/26/2026,MAX_OPERATING_MW,130,
7/25/2026 11:10:00 PM,RTD,CLUZ,01MSINLO_G04,G,7/25/2026 8:16:00 PM,7/26/2026,MIN_OPERATING_MW,130,
7/25/2026 11:10:00 PM,RTD,CLUZ,01TERRASOL_G01,G,7/25/2026 10:11:00 PM,7/26/2026,MAX_OPERATING_MW,0,
7/25/2026 11:10:00 PM,RTD,CLUZ,01TERRASOL_G01,G,7/25/2026 10:11:00 PM,7/26/2026,MIN_OPERATING_MW,0,
7/25/2026 11:10:00 PM,RTD,CVIS,05EAUC_BAT,G,7/25/2026 11:01:00 PM,7/26/2026,MAX_OPERATING_MW,-8,
7/25/2026 11:10:00 PM,RTD,CVIS,05EAUC_BAT,G,7/25/2026 11:01:00 PM,7/26/2026,MIN_OPERATING_MW,-8,
7/25/2026 11:10:00 PM,RTD,CMIN,10LIAN_G02,G,7/25/2026 12:05:00 AM,7/25/2026 11:59:00 PM,MAX_OPERATING_MW,6,
7/25/2026 11:10:00 PM,RTD,CMIN,10LIAN_G02,G,7/25/2026 12:05:00 AM,7/25/2026 11:59:00 PM,MIN_OPERATING_MW,3,
7/25/2026 11:10:00 PM,RTD,CMIN,11MALADU_G01,G,7/25/2026 12:01:00 AM,7/26/2026,MAX_OPERATING_MW,9.50,
7/25/2026 11:10:00 PM,RTD,CMIN,11MALADU_G01,G,7/25/2026 12:01:00 AM,7/26/2026,MIN_OPERATING_MW,9.50,
7/25/2026 11:15:00 PM,RTD,CLUZ,01MSINLO_G04,G,7/25/2026 8:16:00 PM,7/26/2026,MAX_OPERATING_MW,130,
7/25/2026 11:15:00 PM,RTD,CLUZ,01MSINLO_G04,G,7/25/2026 8:16:00 PM,7/26/2026,MIN_OPERATING_MW,130,
7/25/2026 11:15:00 PM,RTD,CLUZ,01TERRASOL_G01,G,7/25/2026 10:11:00 PM,7/26/2026,MAX_OPERATING_MW,0,
7/25/2026 11:15:00 PM,RTD,CLUZ,01TERRASOL_G01,G,7/25/2026 10:11:00 PM,7/26/2026,MIN_OPERATING_MW,0,
7/25/2026 11:15:00 PM,RTD,CVIS,05EAUC_BAT,G,7/25/2026 11:01:00 PM,7/26/2026,MAX_OPERATING_MW,-8,
7/25/2026 11:15:00 PM,RTD,CVIS,05EAUC_BAT,G,7/25/2026 11:01:00 PM,7/26/2026,MIN_OPERATING_MW,-8,
7/25/2026 11:15:00 PM,RTD,CMIN,10LIAN_G02,G,7/25/2026 12:05:00 AM,7/25/2026 11:59:00 PM,MAX_OPERATING_MW,6,
7/25/2026 11:15:00 PM,RTD,CMIN,10LIAN_G02,G,7/25/2026 12:05:00 AM,7/25/2026 11:59:00 PM,MIN_OPERATING_MW,3,
7/25/2026 11:15:00 PM,RTD,CMIN,11MALADU_G01,G,7/25/2026 12:01:00 AM,7/26/2026,MAX_OPERATING_MW,9.50,
7/25/2026 11:15:00 PM,RTD,CMIN,11MALADU_G01,G,7/25/2026 12:01:00 AM,7/26/2026,MIN_OPERATING_MW,9.50,
7/25/2026 11:20:00 PM,RTD,CLUZ,01MSINLO_G04,G,7/25/2026 8:16:00 PM,7/27/2026,MAX_OPERATING_MW,130,
7/25/2026 11:20:00 PM,RTD,CLUZ,01MSINLO_G04,G,7/25/2026 8:16:00 PM,7/27/2026,MIN_OPERATING_MW,130,
7/25/2026 11:20:00 PM,RTD,CLUZ,01TERRASOL_G01,G,7/25/2026 10:11:00 PM,7/26/2026,MAX_OPERATING_MW,0,
7/25/2026 11:20:00 PM,RTD,CLUZ,01TERRASOL_G01,G,7/25/2026 10:11:00 PM,7/26/2026,MIN_OPERATING_MW,0,
7/25/2026 11:20:00 PM,RTD,CVIS,05EAUC_BAT,G,7/25/2026 11:01:00 PM,7/26/2026,MAX_OPERATING_MW,-8,
7/25/2026 11:20:00 PM,RTD,CVIS,05EAUC_BAT,G,7/25/2026 11:01:00 PM,7/26/2026,MIN_OPERATING_MW,-8,
7/25/2026 11:20:00 PM,RTD,CMIN,10LIAN_G02,G,7/25/2026 12:05:00 AM,7/25/2026 11:59:00 PM,MAX_OPERATING_MW,6,
7/25/2026 11:20:00 PM,RTD,CMIN,10LIAN_G02,G,7/25/2026 12:05:00 AM,7/25/2026 11:59:00 PM,MIN_OPERATING_MW,3,
7/25/2026 11:20:00 PM,RTD,CMIN,11MALADU_G01,G,7/25/2026 12:01:00 AM,7/26/2026,MAX_OPERATING_MW,9.50,
7/25/2026 11:20:00 PM,RTD,CMIN,11MALADU_G01,G,7/25/2026 12:01:00 AM,7/26/2026,MIN_OPERATING_MW,9.50,
7/25/2026 11:25:00 PM,RTD,CLUZ,01MSINLO_G04,G,7/25/2026 8:16:00 PM,7/27/2026,MAX_OPERATING_MW,130,
7/25/2026 11:25:00 PM,RTD,CLUZ,01MSINLO_G04,G,7/25/2026 8:16:00 PM,7/27/2026,MIN_OPERATING_MW,130,
7/25/2026 11:25:00 PM,RTD,CLUZ,01TERRASOL_G01,G,7/25/2026 10:11:00 PM,7/26/2026,MAX_OPERATING_MW,0,
7/25/2026 11:25:00 PM,RTD,CLUZ,01TERRASOL_G01,G,7/25/2026 10:11:00 PM,7/26/2026,MIN_OPERATING_MW,0,
7/25/2026 11:25:00 PM,RTD,CVIS,05EAUC_BAT,G,7/25/2026 11:01:00 PM,7/26/2026,MAX_OPERATING_MW,-8,
7/25/2026 11:25:00 PM,RTD,CVIS,05EAUC_BAT,G,7/25/2026 11:01:00 PM,7/26/2026,MIN_OPERATING_MW,-8,
7/25/2026 11:25:00 PM,RTD,CMIN,10LIAN_G02,G,7/25/2026 12:05:00 AM,7/25/2026 11:59:00 PM,MAX_OPERATING_MW,6,
7/25/2026 11:25:00 PM,RTD,CMIN,10LIAN_G02,G,7/25/2026 12:05:00 AM,7/25/2026 11:59:00 PM,MIN_OPERATING_MW,3,
7/25/2026 11:25:00 PM,RTD,CMIN,11MALADU_G01,G,7/25/2026 12:01:00 AM,7/26/2026,MAX_OPERATING_MW,9.50,
7/25/2026 11:25:00 PM,RTD,CMIN,11MALADU_G01,G,7/25/2026 12:01:00 AM,7/26/2026,MIN_OPERATING_MW,9.50,
7/25/2026 11:30:00 PM,RTD,CLUZ,01MSINLO_G04,G,7/25/2026 8:16:00 PM,7/27/2026,MAX_OPERATING_MW,130,
7/25/2026 11:30:00 PM,RTD,CLUZ,01MSINLO_G04,G,7/25/2026 8:16:00 PM,7/27/2026,MIN_OPERATING_MW,130,
7/25/2026 11:30:00 PM,RTD,CLUZ,01TERRASOL_G01,G,7/25/2026 10:11:00 PM,7/26/2026,MAX_OPERATING_MW,0,
7/25/2026 11:30:00 PM,RTD,CLUZ,01TERRASOL_G01,G,7/25/2026 10:11:00 PM,7/26/2026,MIN_OPERATING_MW,0,
7/25/2026 11:30:00 PM,RTD,CVIS,05EAUC_BAT,G,7/25/2026 11:01:00 PM,7/26/2026,MAX_OPERATING_MW,-8,
7/25/2026 11:30:00 PM,RTD,CVIS,05EAUC_BAT,G,7/25/2026 11:01:00 PM,7/26/2026,MIN_OPERATING_MW,-8,
7/25/2026 11:30:00 PM,RTD,CMIN,10LIAN_G02,G,7/25/2026 12:05:00 AM,7/25/2026 11:59:00 PM,MAX_OPERATING_MW,6,
7/25/2026 11:30:00 PM,RTD,CMIN,10LIAN_G02,G,7/25/2026 12:05:00 AM,7/25/2026 11:59:00 PM,MIN_OPERATING_MW,3,
7/25/2026 11:30:00 PM,RTD,CMIN,11MALADU_G01,G,7/25/2026 12:01:00 AM,7/26/2026,MAX_OPERATING_MW,9.50,
7/25/2026 11:30:00 PM,RTD,CMIN,11MALADU_G01,G,7/25/2026 12:01:00 AM,7/26/2026,MIN_OPERATING_MW,9.50,
7/25/2026 11:35:00 PM,RTD,CLUZ,01MSINLO_G04,G,7/25/2026 8:16:00 PM,7/27/2026,MAX_OPERATING_MW,130,
7/25/2026 11:35:00 PM,RTD,CLUZ,01MSINLO_G04,G,7/25/2026 8:16:00 PM,7/27/2026,MIN_OPERATING_MW,130,
7/25/2026 11:35:00 PM,RTD,CLUZ,01TERRASOL_G01,G,7/25/2026 10:11:00 PM,7/26/2026,MAX_OPERATING_MW,0,
7/25/2026 11:35:00 PM,RTD,CLUZ,01TERRASOL_G01,G,7/25/2026 10:11:00 PM,7/26/2026,MIN_OPERATING_MW,0,
7/25/2026 11:35:00 PM,RTD,CVIS,05EAUC_BAT,G,7/25/2026 11:01:00 PM,7/26/2026,MAX_OPERATING_MW,-8,
7/25/2026 11:35:00 PM,RTD,CVIS,05EAUC_BAT,G,7/25/2026 11:01:00 PM,7/26/2026,MIN_OPERATING_MW,-8,
7/25/2026 11:35:00 PM,RTD,CMIN,10LIAN_G02,G,7/25/2026 12:05:00 AM,7/25/2026 11:59:00 PM,MAX_OPERATING_MW,6,
7/25/2026 11:35:00 PM,RTD,CMIN,10LIAN_G02,G,7/25/2026 12:05:00 AM,7/25/2026 11:59:00 PM,MIN_OPERATING_MW,3,
7/25/2026 11:35:00 PM,RTD,CMIN,11MALADU_G01,G,7/25/2026 12:01:00 AM,7/26/2026,MAX_OPERATING_MW,9.50,
7/25/2026 11:35:00 PM,RTD,CMIN,11MALADU_G01,G,7/25/2026 12:01:00 AM,7/26/2026,MIN_OPERATING_MW,9.50,
7/25/2026 11:40:00 PM,RTD,CLUZ,01MSINLO_G04,G,7/25/2026 8:16:00 PM,7/27/2026,MAX_OPERATING_MW,130,
7/25/2026 11:40:00 PM,RTD,CLUZ,01MSINLO_G04,G,7/25/2026 8:16:00 PM,7/27/2026,MIN_OPERATING_MW,130,
7/25/2026 11:40:00 PM,RTD,CLUZ,01TERRASOL_G01,G,7/25/2026 10:11:00 PM,7/26/2026,MAX_OPERATING_MW,0,
7/25/2026 11:40:00 PM,RTD,CLUZ,01TERRASOL_G01,G,7/25/2026 10:11:00 PM,7/26/2026,MIN_OPERATING_MW,0,
7/25/2026 11:40:00 PM,RTD,CVIS,05EAUC_BAT,G,7/25/2026 11:01:00 PM,7/26/2026,MAX_OPERATING_MW,-8,
7/25/2026 11:40:00 PM,RTD,CVIS,05EAUC_BAT,G,7/25/2026 11:01:00 PM,7/26/2026,MIN_OPERATING_MW,-8,
7/25/2026 11:40:00 PM,RTD,CMIN,10LIAN_G02,G,7/25/2026 12:05:00 AM,7/25/2026 11:59:00 PM,MAX_OPERATING_MW,6,
7/25/2026 11:40:00 PM,RTD,CMIN,10LIAN_G02,G,7/25/2026 12:05:00 AM,7/25/2026 11:59:00 PM,MIN_OPERATING_MW,3,
7/25/2026 11:40:00 PM,RTD,CMIN,11MALADU_G01,G,7/25/2026 12:01:00 AM,7/26/2026,MAX_OPERATING_MW,9.50,
7/25/2026 11:40:00 PM,RTD,CMIN,11MALADU_G01,G,7/25/2026 12:01:00 AM,7/26/2026,MIN_OPERATING_MW,9.50,
7/25/2026 11:45:00 PM,RTD,CLUZ,01MSINLO_G04,G,7/25/2026 8:16:00 PM,7/27/2026,MAX_OPERATING_MW,130,
7/25/2026 11:45:00 PM,RTD,CLUZ,01MSINLO_G04,G,7/25/2026 8:16:00 PM,7/27/2026,MIN_OPERATING_MW,130,
7/25/2026 11:45:00 PM,RTD,CLUZ,01TERRASOL_G01,G,7/25/2026 10:11:00 PM,7/26/2026,MAX_OPERATING_MW,0,
7/25/2026 11:45:00 PM,RTD,CLUZ,01TERRASOL_G01,G,7/25/2026 10:11:00 PM,7/26/2026,MIN_OPERATING_MW,0,
7/25/2026 11:45:00 PM,RTD,CVIS,05EAUC_BAT,G,7/25/2026 11:01:00 PM,7/26/2026,MAX_OPERATING_MW,-8,
7/25/2026 11:45:00 PM,RTD,CVIS,05EAUC_BAT,G,7/25/2026 11:01:00 PM,7/26/2026,MIN_OPERATING_MW,-8,
7/25/2026 11:45:00 PM,RTD,CMIN,10LIAN_G02,G,7/25/2026 12:05:00 AM,7/25/2026 11:59:00 PM,MAX_OPERATING_MW,6,
7/25/2026 11:45:00 PM,RTD,CMIN,10LIAN_G02,G,7/25/2026 12:05:00 AM,7/25/2026 11:59:00 PM,MIN_OPERATING_MW,3,
7/25/2026 11:45:00 PM,RTD,CMIN,11MALADU_G01,G,7/25/2026 12:01:00 AM,7/26/2026,MAX_OPERATING_MW,9.50,
7/25/2026 11:45:00 PM,RTD,CMIN,11MALADU_G01,G,7/25/2026 12:01:00 AM,7/26/2026,MIN_OPERATING_MW,9.50,
7/25/2026 11:50:00 PM,RTD,CLUZ,01MSINLO_G04,G,7/25/2026 8:16:00 PM,7/27/2026,MAX_OPERATING_MW,130,
7/25/2026 11:50:00 PM,RTD,CLUZ,01MSINLO_G04,G,7/25/2026 8:16:00 PM,7/27/2026,MIN_OPERATING_MW,130,
7/25/2026 11:50:00 PM,RTD,CLUZ,01TERRASOL_G01,G,7/25/2026 10:11:00 PM,7/26/2026,MAX_OPERATING_MW,0,
7/25/2026 11:50:00 PM,RTD,CLUZ,01TERRASOL_G01,G,7/25/2026 10:11:00 PM,7/26/2026,MIN_OPERATING_MW,0,
7/25/2026 11:50:00 PM,RTD,CVIS,05EAUC_BAT,G,7/25/2026 11:01:00 PM,7/26/2026,MAX_OPERATING_MW,-8,
7/25/2026 11:50:00 PM,RTD,CVIS,05EAUC_BAT,G,7/25/2026 11:01:00 PM,7/26/2026,MIN_OPERATING_MW,-8,
7/25/2026 11:50:00 PM,RTD,CMIN,10LIAN_G02,G,7/25/2026 12:05:00 AM,7/25/2026 11:59:00 PM,MAX_OPERATING_MW,6,
7/25/2026 11:50:00 PM,RTD,CMIN,10LIAN_G02,G,7/25/2026 12:05:00 AM,7/25/2026 11:59:00 PM,MIN_OPERATING_MW,3,
7/25/2026 11:50:00 PM,RTD,CMIN,11MALADU_G01,G,7/25/2026 12:01:00 AM,7/26/2026,MAX_OPERATING_MW,9.50,
7/25/2026 11:50:00 PM,RTD,CMIN,11MALADU_G01,G,7/25/2026 12:01:00 AM,7/26/2026,MIN_OPERATING_MW,9.50,
7/25/2026 11:55:00 PM,RTD,CLUZ,01MSINLO_G04,G,7/25/2026 8:16:00 PM,7/27/2026,MAX_OPERATING_MW,130,
7/25/2026 11:55:00 PM,RTD,CLUZ,01MSINLO_G04,G,7/25/2026 8:16:00 PM,7/27/2026,MIN_OPERATING_MW,130,
7/25/2026 11:55:00 PM,RTD,CLUZ,01TERRASOL_G01,G,7/25/2026 10:11:00 PM,7/26/2026,MAX_OPERATING_MW,0,
7/25/2026 11:55:00 PM,RTD,CLUZ,01TERRASOL_G01,G,7/25/2026 10:11:00 PM,7/26/2026,MIN_OPERATING_MW,0,
7/25/2026 11:55:00 PM,RTD,CVIS,05EAUC_BAT,G,7/25/2026 11:01:00 PM,7/26/2026,MAX_OPERATING_MW,-8,
7/25/2026 11:55:00 PM,RTD,CVIS,05EAUC_BAT,G,7/25/2026 11:01:00 PM,7/26/2026,MIN_OPERATING_MW,-8,
7/25/2026 11:55:00 PM,RTD,CMIN,10LIAN_G02,G,7/25/2026 12:05:00 AM,7/25/2026 11:59:00 PM,MAX_OPERATING_MW,6,
7/25/2026 11:55:00 PM,RTD,CMIN,10LIAN_G02,G,7/25/2026 12:05:00 AM,7/25/2026 11:59:00 PM,MIN_OPERATING_MW,3,
7/25/2026 11:55:00 PM,RTD,CMIN,11MALADU_G01,G,7/25/2026 12:01:00 AM,7/26/2026,MAX_OPERATING_MW,9.50,
7/25/2026 11:55:00 PM,RTD,CMIN,11MALADU_G01,G,7/25/2026 12:01:00 AM,7/26/2026,MIN_OPERATING_MW,9.50,
7/26/2026,RTD,CLUZ,01MSINLO_G04,G,7/25/2026 8:16:00 PM,7/27/2026,MAX_OPERATING_MW,130,
7/26/2026,RTD,CLUZ,01MSINLO_G04,G,7/25/2026 8:16:00 PM,7/27/2026,MIN_OPERATING_MW,130,
7/26/2026,RTD,CLUZ,01TERRASOL_G01,G,7/25/2026 10:11:00 PM,7/26/2026,MAX_OPERATING_MW,0,
7/26/2026,RTD,CLUZ,01TERRASOL_G01,G,7/25/2026 10:11:00 PM,7/26/2026,MIN_OPERATING_MW,0,
7/26/2026,RTD,CLUZ,01TERRASOL_G01,G,7/26/2026 12:01:00 AM,7/26/2026 5:50:00 AM,MAX_OPERATING_MW,0,
7/26/2026,RTD,CLUZ,01TERRASOL_G01,G,7/26/2026 12:01:00 AM,7/26/2026 5:50:00 AM,MIN_OPERATING_MW,0,
7/26/2026,RTD,CLUZ,03PAGBIL_G03,G,7/26/2026 12:01:00 AM,7/26/2026 3:00:00 AM,MAX_OPERATING_MW,220,
7/26/2026,RTD,CLUZ,03PAGBIL_G03,G,7/26/2026 12:01:00 AM,7/26/2026 3:00:00 AM,MIN_OPERATING_MW,220,
7/26/2026,RTD,CVIS,05EAUC_BAT,G,7/25/2026 11:01:00 PM,7/26/2026,MAX_OPERATING_MW,-8,
7/26/2026,RTD,CVIS,05EAUC_BAT,G,7/25/2026 11:01:00 PM,7/26/2026,MIN_OPERATING_MW,-8,
7/26/2026,RTD,CVIS,05EAUC_BAT,G,7/26/2026 12:01:00 AM,7/26/2026 1:00:00 AM,MAX_OPERATING_MW,-7.50,
7/26/2026,RTD,CVIS,05EAUC_BAT,G,7/26/2026 12:01:00 AM,7/26/2026 1:00:00 AM,MIN_OPERATING_MW,-7.50,
7/26/2026,RTD,CMIN,10LIAN_G02,G,7/26/2026 12:01:00 AM,7/30/2026 7:59:59 AM,MAX_OPERATING_MW,6,
7/26/2026,RTD,CMIN,10LIAN_G02,G,7/26/2026 12:01:00 AM,7/30/2026 7:59:59 AM,MIN_OPERATING_MW,6,
7/26/2026,RTD,CMIN,11MALADU_G01,G,7/25/2026 12:01:00 AM,7/26/2026,MAX_OPERATING_MW,9.50,
7/26/2026,RTD,CMIN,11MALADU_G01,G,7/25/2026 12:01:00 AM,7/26/2026,MIN_OPERATING_MW,9.50,
7/26/2026,RTD,CMIN,11MALADU_G01,G,7/26/2026 12:01:00 AM,7/27/2026,MAX_OPERATING_MW,9.50,
7/26/2026,RTD,CMIN,11MALADU_G01,G,7/26/2026 12:01:00 AM,7/27/2026,MIN_OPERATING_MW,9.50,
EOF
