RUN_TIME,MKT_TYPE,TIME_INTERVAL,REGION_NAME,COMMODITY_TYPE,PRICE,
8/15/2026,RTD,8/15/2026 12:05:00 AM,CVIS,Dr,8000,
8/15/2026,RTD,8/15/2026 12:05:00 AM,CMIN,Dr,2330.20,
8/15/2026,RTD,8/15/2026 12:05:00 AM,CLUZ,Dr,7000.08,
8/15/2026,RTD,8/15/2026 12:05:00 AM,CMIN,Fr,3255,
8/15/2026,RTD,8/15/2026 12:05:00 AM,CVIS,Fr,16500,
8/15/2026,RTD,8/15/2026 12:05:00 AM,CLUZ,Fr,19310.08,
8/15/2026,RTD,8/15/2026 12:05:00 AM,CVIS,Rd,19998,
8/15/2026,RTD,8/15/2026 12:05:00 AM,CMIN,Rd,24946.08,
8/15/2026,RTD,8/15/2026 12:05:00 AM,CLUZ,Rd,550,
8/15/2026,RTD,8/15/2026 12:05:00 AM,CVIS,Ru,19999,
8/15/2026,RTD,8/15/2026 12:05:00 AM,CLUZ,Ru,14449,
8/15/2026,RTD,8/15/2026 12:05:00 AM,CMIN,Ru,24999.89,
8/15/2026 12:05:00 AM,RTD,8/15/2026 12:10:00 AM,CVIS,Dr,8000,
8/15/2026 12:05:00 AM,RTD,8/15/2026 12:10:00 AM,CMIN,Dr,702.68,
8/15/2026 12:05:00 AM,RTD,8/15/2026 12:10:00 AM,CLUZ,Dr,2000.08,
8/15/2026 12:05:00 AM,RTD,8/15/2026 12:10:00 AM,CMIN,Fr,13588.86,
8/15/2026 12:05:00 AM,RTD,8/15/2026 12:10:00 AM,CVIS,Fr,16500,
8/15/2026 12:05:00 AM,RTD,8/15/2026 12:10:00 AM,CLUZ,Fr,9831.16,
8/15/2026 12:05:00 AM,RTD,8/15/2026 12:10:00 AM,CVIS,Rd,19998,
8/15/2026 12:05:00 AM,RTD,8/15/2026 12:10:00 AM,CMIN,Rd,24946.08,
8/15/2026 12:05:00 AM,RTD,8/15/2026 12:10:00 AM,CLUZ,Rd,550,
8/15/2026 12:05:00 AM,RTD,8/15/2026 12:10:00 AM,CVIS,Ru,19999,
8/15/2026 12:05:00 AM,RTD,8/15/2026 12:10:00 AM,CLUZ,Ru,22300,
8/15/2026 12:05:00 AM,RTD,8/15/2026 12:10:00 AM,CMIN,Ru,24999.89,
8/15/2026 12:10:00 AM,RTD,8/15/2026 12:15:00 AM,CVIS,Dr,8000,
8/15/2026 12:10:00 AM,RTD,8/15/2026 12:15:00 AM,CMIN,Dr,478.79,
8/15/2026 12:10:00 AM,RTD,8/15/2026 12:15:00 AM,CLUZ,Dr,2000.08,
8/15/2026 12:10:00 AM,RTD,8/15/2026 12:15:00 AM,CMIN,Fr,13533.69,
8/15/2026 12:10:00 AM,RTD,8/15/2026 12:15:00 AM,CVIS,Fr,16500,
8/15/2026 12:10:00 AM,RTD,8/15/2026 12:15:00 AM,CLUZ,Fr,4367.99,
8/15/2026 12:10:00 AM,RTD,8/15/2026 12:15:00 AM,CVIS,Rd,19998,
8/15/2026 12:10:00 AM,RTD,8/15/2026 12:15:00 AM,CMIN,Rd,24946.08,
8/15/2026 12:10:00 AM,RTD,8/15/2026 12:15:00 AM,CLUZ,Rd,550,
8/15/2026 12:10:00 AM,RTD,8/15/2026 12:15:00 AM,CVIS,Ru,19999,
8/15/2026 12:10:00 AM,RTD,8/15/2026 12:15:00 AM,CLUZ,Ru,14449,
8/15/2026 12:10:00 AM,RTD,8/15/2026 12:15:00 AM,CMIN,Ru,24999.89,
8/15/2026 12:15:00 AM,RTD,8/15/2026 12:20:00 AM,CVIS,Dr,8000,
8/15/2026 12:15:00 AM,RTD,8/15/2026 12:20:00 AM,CMIN,Dr,7400,
8/15/2026 12:15:00 AM,RTD,8/15/2026 12:20:00 AM,CLUZ,Dr,2000.08,
8/15/2026 12:15:00 AM,RTD,8/15/2026 12:20:00 AM,CMIN,Fr,13473.75,
8/15/2026 12:15:00 AM,RTD,8/15/2026 12:20:00 AM,CVIS,Fr,16500,
8/15/2026 12:15:00 AM,RTD,8/15/2026 12:20:00 AM,CLUZ,Fr,4083.18,
8/15/2026 12:15:00 AM,RTD,8/15/2026 12:20:00 AM,CVIS,Rd,19998,
8/15/2026 12:15:00 AM,RTD,8/15/2026 12:20:00 AM,CMIN,Rd,24946.08,
8/15/2026 12:15:00 AM,RTD,8/15/2026 12:20:00 AM,CLUZ,Rd,550,
8/15/2026 12:15:00 AM,RTD,8/15/2026 12:20:00 AM,CVIS,Ru,19999,
8/15/2026 12:15:00 AM,RTD,8/15/2026 12:20:00 AM,CLUZ,Ru,550,
8/15/2026 12:15:00 AM,RTD,8/15/2026 12:20:00 AM,CMIN,Ru,24999.89,
8/15/2026 12:20:00 AM,RTD,8/15/2026 12:25:00 AM,CLUZ,Dr,2000.08,
8/15/2026 12:20:00 AM,RTD,8/15/2026 12:25:00 AM,CVIS,Dr,9439.09,
8/15/2026 12:20:00 AM,RTD,8/15/2026 12:25:00 AM,CMIN,Dr,7400,
8/15/2026 12:20:00 AM,RTD,8/15/2026 12:25:00 AM,CVIS,Fr,16500,
8/15/2026 12:20:00 AM,RTD,8/15/2026 12:25:00 AM,CLUZ,Fr,4064.55,
8/15/2026 12:20:00 AM,RTD,8/15/2026 12:25:00 AM,CMIN,Fr,3255,
8/15/2026 12:20:00 AM,RTD,8/15/2026 12:25:00 AM,CLUZ,Rd,550,
8/15/2026 12:20:00 AM,RTD,8/15/2026 12:25:00 AM,CVIS,Rd,19998,
8/15/2026 12:20:00 AM,RTD,8/15/2026 12:25:00 AM,CMIN,Rd,24946.08,
8/15/2026 12:20:00 AM,RTD,8/15/2026 12:25:00 AM,CLUZ,Ru,550,
8/15/2026 12:20:00 AM,RTD,8/15/2026 12:25:00 AM,CMIN,Ru,24999.89,
8/15/2026 12:20:00 AM,RTD,8/15/2026 12:25:00 AM,CVIS,Ru,19999,
8/15/2026 12:25:00 AM,RTD,8/15/2026 12:30:00 AM,CVIS,Dr,9376.86,
8/15/2026 12:25:00 AM,RTD,8/15/2026 12:30:00 AM,CMIN,Dr,7400,
8/15/2026 12:25:00 AM,RTD,8/15/2026 12:30:00 AM,CLUZ,Dr,2000.08,
8/15/2026 12:25:00 AM,RTD,8/15/2026 12:30:00 AM,CMIN,Fr,3255,
8/15/2026 12:25:00 AM,RTD,8/15/2026 12:30:00 AM,CVIS,Fr,16500,
8/15/2026 12:25:00 AM,RTD,8/15/2026 12:30:00 AM,CLUZ,Fr,4057.93,
8/15/2026 12:25:00 AM,RTD,8/15/2026 12:30:00 AM,CVIS,Rd,19998,
8/15/2026 12:25:00 AM,RTD,8/15/2026 12:30:00 AM,CMIN,Rd,24946.08,
8/15/2026 12:25:00 AM,RTD,8/15/2026 12:30:00 AM,CLUZ,Rd,550,
8/15/2026 12:25:00 AM,RTD,8/15/2026 12:30:00 AM,CVIS,Ru,19999,
8/15/2026 12:25:00 AM,RTD,8/15/2026 12:30:00 AM,CLUZ,Ru,550,
8/15/2026 12:25:00 AM,RTD,8/15/2026 12:30:00 AM,CMIN,Ru,24999.89,
8/15/2026 12:30:00 AM,RTD,8/15/2026 12:35:00 AM,CVIS,Dr,10667.30,
8/15/2026 12:30:00 AM,RTD,8/15/2026 12:35:00 AM,CMIN,Dr,7400,
8/15/2026 12:30:00 AM,RTD,8/15/2026 12:35:00 AM,CLUZ,Dr,2000.08,
8/15/2026 12:30:00 AM,RTD,8/15/2026 12:35:00 AM,CMIN,Fr,3255,
8/15/2026 12:30:00 AM,RTD,8/15/2026 12:35:00 AM,CVIS,Fr,16500,
8/15/2026 12:30:00 AM,RTD,8/15/2026 12:35:00 AM,CLUZ,Fr,4041.87,
8/15/2026 12:30:00 AM,RTD,8/15/2026 12:35:00 AM,CVIS,Rd,19998,
8/15/2026 12:30:00 AM,RTD,8/15/2026 12:35:00 AM,CMIN,Rd,24946.08,
8/15/2026 12:30:00 AM,RTD,8/15/2026 12:35:00 AM,CLUZ,Rd,550,
8/15/2026 12:30:00 AM,RTD,8/15/2026 12:35:00 AM,CVIS,Ru,19999,
8/15/2026 12:30:00 AM,RTD,8/15/2026 12:35:00 AM,CLUZ,Ru,500,
8/15/2026 12:30:00 AM,RTD,8/15/2026 12:35:00 AM,CMIN,Ru,24999.89,
8/15/2026 12:35:00 AM,RTD,8/15/2026 12:40:00 AM,CMIN,Dr,7400,
8/15/2026 12:35:00 AM,RTD,8/15/2026 12:40:00 AM,CVIS,Dr,10233.94,
8/15/2026 12:35:00 AM,RTD,8/15/2026 12:40:00 AM,CLUZ,Dr,2000.08,
8/15/2026 12:35:00 AM,RTD,8/15/2026 12:40:00 AM,CLUZ,Fr,4045.13,
8/15/2026 12:35:00 AM,RTD,8/15/2026 12:40:00 AM,CVIS,Fr,16500,
8/15/2026 12:35:00 AM,RTD,8/15/2026 12:40:00 AM,CMIN,Fr,14252.18,
8/15/2026 12:35:00 AM,RTD,8/15/2026 12:40:00 AM,CMIN,Rd,24946.08,
8/15/2026 12:35:00 AM,RTD,8/15/2026 12:40:00 AM,CVIS,Rd,19998,
8/15/2026 12:35:00 AM,RTD,8/15/2026 12:40:00 AM,CLUZ,Rd,550,
8/15/2026 12:35:00 AM,RTD,8/15/2026 12:40:00 AM,CLUZ,Ru,550,
8/15/2026 12:35:00 AM,RTD,8/15/2026 12:40:00 AM,CMIN,Ru,24999.89,
8/15/2026 12:35:00 AM,RTD,8/15/2026 12:40:00 AM,CVIS,Ru,19999,
8/15/2026 12:40:00 AM,RTD,8/15/2026 12:45:00 AM,CMIN,Dr,7400,
8/15/2026 12:40:00 AM,RTD,8/15/2026 12:45:00 AM,CLUZ,Dr,2000.08,
8/15/2026 12:40:00 AM,RTD,8/15/2026 12:45:00 AM,CVIS,Dr,9528.42,
8/15/2026 12:40:00 AM,RTD,8/15/2026 12:45:00 AM,CMIN,Fr,13586.41,
8/15/2026 12:40:00 AM,RTD,8/15/2026 12:45:00 AM,CVIS,Fr,16500,
8/15/2026 12:40:00 AM,RTD,8/15/2026 12:45:00 AM,CLUZ,Fr,2334.64,
8/15/2026 12:40:00 AM,RTD,8/15/2026 12:45:00 AM,CMIN,Rd,24946.08,
8/15/2026 12:40:00 AM,RTD,8/15/2026 12:45:00 AM,CVIS,Rd,19998,
8/15/2026 12:40:00 AM,RTD,8/15/2026 12:45:00 AM,CLUZ,Rd,550,
8/15/2026 12:40:00 AM,RTD,8/15/2026 12:45:00 AM,CLUZ,Ru,550,
8/15/2026 12:40:00 AM,RTD,8/15/2026 12:45:00 AM,CMIN,Ru,24999.89,
8/15/2026 12:40:00 AM,RTD,8/15/2026 12:45:00 AM,CVIS,Ru,19999,
8/15/2026 12:45:00 AM,RTD,8/15/2026 12:50:00 AM,CVIS,Dr,9121.55,
8/15/2026 12:45:00 AM,RTD,8/15/2026 12:50:00 AM,CMIN,Dr,7400,
8/15/2026 12:45:00 AM,RTD,8/15/2026 12:50:00 AM,CLUZ,Dr,2000.08,
8/15/2026 12:45:00 AM,RTD,8/15/2026 12:50:00 AM,CMIN,Fr,4000,
8/15/2026 12:45:00 AM,RTD,8/15/2026 12:50:00 AM,CVIS,Fr,16500,
8/15/2026 12:45:00 AM,RTD,8/15/2026 12:50:00 AM,CLUZ,Fr,1130,
8/15/2026 12:45:00 AM,RTD,8/15/2026 12:50:00 AM,CMIN,Rd,24946.08,
8/15/2026 12:45:00 AM,RTD,8/15/2026 12:50:00 AM,CVIS,Rd,19998,
8/15/2026 12:45:00 AM,RTD,8/15/2026 12:50:00 AM,CLUZ,Rd,550,
8/15/2026 12:45:00 AM,RTD,8/15/2026 12:50:00 AM,CLUZ,Ru,550,
8/15/2026 12:45:00 AM,RTD,8/15/2026 12:50:00 AM,CVIS,Ru,19999,
8/15/2026 12:45:00 AM,RTD,8/15/2026 12:50:00 AM,CMIN,Ru,24999.83,
8/15/2026 12:50:00 AM,RTD,8/15/2026 12:55:00 AM,CLUZ,Dr,2000.08,
8/15/2026 12:50:00 AM,RTD,8/15/2026 12:55:00 AM,CVIS,Dr,9173.26,
8/15/2026 12:50:00 AM,RTD,8/15/2026 12:55:00 AM,CMIN,Dr,7400,
8/15/2026 12:50:00 AM,RTD,8/15/2026 12:55:00 AM,CLUZ,Fr,1700,
8/15/2026 12:50:00 AM,RTD,8/15/2026 12:55:00 AM,CVIS,Fr,16500,
8/15/2026 12:50:00 AM,RTD,8/15/2026 12:55:00 AM,CMIN,Fr,13260.79,
8/15/2026 12:50:00 AM,RTD,8/15/2026 12:55:00 AM,CVIS,Rd,19998,
8/15/2026 12:50:00 AM,RTD,8/15/2026 12:55:00 AM,CMIN,Rd,24946.08,
8/15/2026 12:50:00 AM,RTD,8/15/2026 12:55:00 AM,CLUZ,Rd,550,
8/15/2026 12:50:00 AM,RTD,8/15/2026 12:55:00 AM,CLUZ,Ru,500,
8/15/2026 12:50:00 AM,RTD,8/15/2026 12:55:00 AM,CVIS,Ru,19999,
8/15/2026 12:50:00 AM,RTD,8/15/2026 12:55:00 AM,CMIN,Ru,24999.89,
8/15/2026 12:55:00 AM,RTD,8/15/2026 1:00:00 AM,CMIN,Dr,7400,
8/15/2026 12:55:00 AM,RTD,8/15/2026 1:00:00 AM,CLUZ,Dr,2000.08,
8/15/2026 12:55:00 AM,RTD,8/15/2026 1:00:00 AM,CVIS,Dr,8873.05,
8/15/2026 12:55:00 AM,RTD,8/15/2026 1:00:00 AM,CVIS,Fr,16500,
8/15/2026 12:55:00 AM,RTD,8/15/2026 1:00:00 AM,CMIN,Fr,12983.22,
8/15/2026 12:55:00 AM,RTD,8/15/2026 1:00:00 AM,CLUZ,Fr,1100,
8/15/2026 12:55:00 AM,RTD,8/15/2026 1:00:00 AM,CLUZ,Rd,550,
8/15/2026 12:55:00 AM,RTD,8/15/2026 1:00:00 AM,CVIS,Rd,19998,
8/15/2026 12:55:00 AM,RTD,8/15/2026 1:00:00 AM,CMIN,Rd,24946.08,
8/15/2026 12:55:00 AM,RTD,8/15/2026 1:00:00 AM,CMIN,Ru,24999.83,
8/15/2026 12:55:00 AM,RTD,8/15/2026 1:00:00 AM,CLUZ,Ru,500,
8/15/2026 12:55:00 AM,RTD,8/15/2026 1:00:00 AM,CVIS,Ru,19999,
8/15/2026 1:00:00 AM,RTD,8/15/2026 1:05:00 AM,CVIS,Dr,8000,
8/15/2026 1:00:00 AM,RTD,8/15/2026 1:05:00 AM,CMIN,Dr,7400,
8/15/2026 1:00:00 AM,RTD,8/15/2026 1:05:00 AM,CLUZ,Dr,2000.08,
8/15/2026 1:00:00 AM,RTD,8/15/2026 1:05:00 AM,CMIN,Fr,3255,
8/15/2026 1:00:00 AM,RTD,8/15/2026 1:05:00 AM,CVIS,Fr,16500,
8/15/2026 1:00:00 AM,RTD,8/15/2026 1:05:00 AM,CLUZ,Fr,1750,
8/15/2026 1:00:00 AM,RTD,8/15/2026 1:05:00 AM,CVIS,Rd,19998,
8/15/2026 1:00:00 AM,RTD,8/15/2026 1:05:00 AM,CMIN,Rd,24946.08,
8/15/2026 1:00:00 AM,RTD,8/15/2026 1:05:00 AM,CLUZ,Rd,550,
8/15/2026 1:00:00 AM,RTD,8/15/2026 1:05:00 AM,CVIS,Ru,19999,
8/15/2026 1:00:00 AM,RTD,8/15/2026 1:05:00 AM,CLUZ,Ru,550,
8/15/2026 1:00:00 AM,RTD,8/15/2026 1:05:00 AM,CMIN,Ru,24999.89,
8/15/2026 1:05:00 AM,RTD,8/15/2026 1:10:00 AM,CVIS,Dr,7214.02,
8/15/2026 1:05:00 AM,RTD,8/15/2026 1:10:00 AM,CMIN,Dr,7400,
8/15/2026 1:05:00 AM,RTD,8/15/2026 1:10:00 AM,CLUZ,Dr,2000.08,
8/15/2026 1:05:00 AM,RTD,8/15/2026 1:10:00 AM,CMIN,Fr,3255,
8/15/2026 1:05:00 AM,RTD,8/15/2026 1:10:00 AM,CVIS,Fr,16500,
8/15/2026 1:05:00 AM,RTD,8/15/2026 1:10:00 AM,CLUZ,Fr,1850,
8/15/2026 1:05:00 AM,RTD,8/15/2026 1:10:00 AM,CVIS,Rd,19998,
8/15/2026 1:05:00 AM,RTD,8/15/2026 1:10:00 AM,CMIN,Rd,24946.08,
8/15/2026 1:05:00 AM,RTD,8/15/2026 1:10:00 AM,CLUZ,Rd,550,
8/15/2026 1:05:00 AM,RTD,8/15/2026 1:10:00 AM,CVIS,Ru,19998,
8/15/2026 1:05:00 AM,RTD,8/15/2026 1:10:00 AM,CLUZ,Ru,550,
8/15/2026 1:05:00 AM,RTD,8/15/2026 1:10:00 AM,CMIN,Ru,24999.83,
8/15/2026 1:10:00 AM,RTD,8/15/2026 1:15:00 AM,CVIS,Dr,200,
8/15/2026 1:10:00 AM,RTD,8/15/2026 1:15:00 AM,CMIN,Dr,7400,
8/15/2026 1:10:00 AM,RTD,8/15/2026 1:15:00 AM,CLUZ,Dr,2000.08,
8/15/2026 1:10:00 AM,RTD,8/15/2026 1:15:00 AM,CMIN,Fr,12931.35,
8/15/2026 1:10:00 AM,RTD,8/15/2026 1:15:00 AM,CVIS,Fr,16500,
8/15/2026 1:10:00 AM,RTD,8/15/2026 1:15:00 AM,CLUZ,Fr,1950,
8/15/2026 1:10:00 AM,RTD,8/15/2026 1:15:00 AM,CVIS,Rd,19998,
8/15/2026 1:10:00 AM,RTD,8/15/2026 1:15:00 AM,CMIN,Rd,24946.08,
8/15/2026 1:10:00 AM,RTD,8/15/2026 1:15:00 AM,CLUZ,Rd,550,
8/15/2026 1:10:00 AM,RTD,8/15/2026 1:15:00 AM,CVIS,Ru,19999,
8/15/2026 1:10:00 AM,RTD,8/15/2026 1:15:00 AM,CLUZ,Ru,550,
8/15/2026 1:10:00 AM,RTD,8/15/2026 1:15:00 AM,CMIN,Ru,24999.89,
8/15/2026 1:15:00 AM,RTD,8/15/2026 1:20:00 AM,CVIS,Dr,200,
8/15/2026 1:15:00 AM,RTD,8/15/2026 1:20:00 AM,CMIN,Dr,7400,
8/15/2026 1:15:00 AM,RTD,8/15/2026 1:20:00 AM,CLUZ,Dr,2000.08,
8/15/2026 1:15:00 AM,RTD,8/15/2026 1:20:00 AM,CMIN,Fr,13298.20,
8/15/2026 1:15:00 AM,RTD,8/15/2026 1:20:00 AM,CVIS,Fr,16500,
8/15/2026 1:15:00 AM,RTD,8/15/2026 1:20:00 AM,CLUZ,Fr,2150,
8/15/2026 1:15:00 AM,RTD,8/15/2026 1:20:00 AM,CVIS,Rd,19998,
8/15/2026 1:15:00 AM,RTD,8/15/2026 1:20:00 AM,CMIN,Rd,24946.08,
8/15/2026 1:15:00 AM,RTD,8/15/2026 1:20:00 AM,CLUZ,Rd,550,
8/15/2026 1:15:00 AM,RTD,8/15/2026 1:20:00 AM,CVIS,Ru,19999,
8/15/2026 1:15:00 AM,RTD,8/15/2026 1:20:00 AM,CLUZ,Ru,550,
8/15/2026 1:15:00 AM,RTD,8/15/2026 1:20:00 AM,CMIN,Ru,24999.89,
8/15/2026 1:20:00 AM,RTD,8/15/2026 1:25:00 AM,CVIS,Dr,200,
8/15/2026 1:20:00 AM,RTD,8/15/2026 1:25:00 AM,CMIN,Dr,7453.61,
8/15/2026 1:20:00 AM,RTD,8/15/2026 1:25:00 AM,CLUZ,Dr,2000.08,
8/15/2026 1:20:00 AM,RTD,8/15/2026 1:25:00 AM,CMIN,Fr,13288.70,
8/15/2026 1:20:00 AM,RTD,8/15/2026 1:25:00 AM,CVIS,Fr,16500,
8/15/2026 1:20:00 AM,RTD,8/15/2026 1:25:00 AM,CLUZ,Fr,2150,
8/15/2026 1:20:00 AM,RTD,8/15/2026 1:25:00 AM,CVIS,Rd,19998,
8/15/2026 1:20:00 AM,RTD,8/15/2026 1:25:00 AM,CMIN,Rd,24946.08,
8/15/2026 1:20:00 AM,RTD,8/15/2026 1:25:00 AM,CLUZ,Rd,550,
8/15/2026 1:20:00 AM,RTD,8/15/2026 1:25:00 AM,CVIS,Ru,19999,
8/15/2026 1:20:00 AM,RTD,8/15/2026 1:25:00 AM,CLUZ,Ru,550,
8/15/2026 1:20:00 AM,RTD,8/15/2026 1:25:00 AM,CMIN,Ru,24999.89,
8/15/2026 1:25:00 AM,RTD,8/15/2026 1:30:00 AM,CVIS,Dr,378.87,
8/15/2026 1:25:00 AM,RTD,8/15/2026 1:30:00 AM,CMIN,Dr,7463.18,
8/15/2026 1:25:00 AM,RTD,8/15/2026 1:30:00 AM,CLUZ,Dr,2000.08,
8/15/2026 1:25:00 AM,RTD,8/15/2026 1:30:00 AM,CMIN,Fr,13396.25,
8/15/2026 1:25:00 AM,RTD,8/15/2026 1:30:00 AM,CVIS,Fr,16500,
8/15/2026 1:25:00 AM,RTD,8/15/2026 1:30:00 AM,CLUZ,Fr,1900,
8/15/2026 1:25:00 AM,RTD,8/15/2026 1:30:00 AM,CVIS,Rd,19998,
8/15/2026 1:25:00 AM,RTD,8/15/2026 1:30:00 AM,CMIN,Rd,24946.08,
8/15/2026 1:25:00 AM,RTD,8/15/2026 1:30:00 AM,CLUZ,Rd,550,
8/15/2026 1:25:00 AM,RTD,8/15/2026 1:30:00 AM,CVIS,Ru,19999,
8/15/2026 1:25:00 AM,RTD,8/15/2026 1:30:00 AM,CLUZ,Ru,550,
8/15/2026 1:25:00 AM,RTD,8/15/2026 1:30:00 AM,CMIN,Ru,24999.89,
8/15/2026 1:30:00 AM,RTD,8/15/2026 1:35:00 AM,CVIS,Dr,200,
8/15/2026 1:30:00 AM,RTD,8/15/2026 1:35:00 AM,CMIN,Dr,7400,
8/15/2026 1:30:00 AM,RTD,8/15/2026 1:35:00 AM,CLUZ,Dr,2000.08,
8/15/2026 1:30:00 AM,RTD,8/15/2026 1:35:00 AM,CMIN,Fr,13218.53,
8/15/2026 1:30:00 AM,RTD,8/15/2026 1:35:00 AM,CVIS,Fr,16500,
8/15/2026 1:30:00 AM,RTD,8/15/2026 1:35:00 AM,CLUZ,Fr,2100,
8/15/2026 1:30:00 AM,RTD,8/15/2026 1:35:00 AM,CVIS,Rd,19998,
8/15/2026 1:30:00 AM,RTD,8/15/2026 1:35:00 AM,CMIN,Rd,24946.08,
8/15/2026 1:30:00 AM,RTD,8/15/2026 1:35:00 AM,CLUZ,Rd,500,
8/15/2026 1:30:00 AM,RTD,8/15/2026 1:35:00 AM,CVIS,Ru,19999,
8/15/2026 1:30:00 AM,RTD,8/15/2026 1:35:00 AM,CLUZ,Ru,500,
8/15/2026 1:30:00 AM,RTD,8/15/2026 1:35:00 AM,CMIN,Ru,24999.89,
8/15/2026 1:35:00 AM,RTD,8/15/2026 1:40:00 AM,CVIS,Dr,200,
8/15/2026 1:35:00 AM,RTD,8/15/2026 1:40:00 AM,CMIN,Dr,7400,
8/15/2026 1:35:00 AM,RTD,8/15/2026 1:40:00 AM,CLUZ,Dr,850,
8/15/2026 1:35:00 AM,RTD,8/15/2026 1:40:00 AM,CMIN,Fr,12419.12,
8/15/2026 1:35:00 AM,RTD,8/15/2026 1:40:00 AM,CVIS,Fr,16500,
8/15/2026 1:35:00 AM,RTD,8/15/2026 1:40:00 AM,CLUZ,Fr,2000,
8/15/2026 1:35:00 AM,RTD,8/15/2026 1:40:00 AM,CVIS,Rd,19998,
8/15/2026 1:35:00 AM,RTD,8/15/2026 1:40:00 AM,CMIN,Rd,24946.08,
8/15/2026 1:35:00 AM,RTD,8/15/2026 1:40:00 AM,CLUZ,Rd,5174,
8/15/2026 1:35:00 AM,RTD,8/15/2026 1:40:00 AM,CVIS,Ru,19998,
8/15/2026 1:35:00 AM,RTD,8/15/2026 1:40:00 AM,CLUZ,Ru,23000,
8/15/2026 1:35:00 AM,RTD,8/15/2026 1:40:00 AM,CMIN,Ru,24999.83,
8/15/2026 1:40:00 AM,RTD,8/15/2026 1:45:00 AM,CLUZ,Dr,850,
8/15/2026 1:40:00 AM,RTD,8/15/2026 1:45:00 AM,CVIS,Dr,200,
8/15/2026 1:40:00 AM,RTD,8/15/2026 1:45:00 AM,CMIN,Dr,7400,
8/15/2026 1:40:00 AM,RTD,8/15/2026 1:45:00 AM,CVIS,Fr,16500,
8/15/2026 1:40:00 AM,RTD,8/15/2026 1:45:00 AM,CLUZ,Fr,2000,
8/15/2026 1:40:00 AM,RTD,8/15/2026 1:45:00 AM,CMIN,Fr,12404.62,
8/15/2026 1:40:00 AM,RTD,8/15/2026 1:45:00 AM,CVIS,Rd,19998,
8/15/2026 1:40:00 AM,RTD,8/15/2026 1:45:00 AM,CLUZ,Rd,5275.69,
8/15/2026 1:40:00 AM,RTD,8/15/2026 1:45:00 AM,CMIN,Rd,24946.08,
8/15/2026 1:40:00 AM,RTD,8/15/2026 1:45:00 AM,CVIS,Ru,19999,
8/15/2026 1:40:00 AM,RTD,8/15/2026 1:45:00 AM,CLUZ,Ru,23000,
8/15/2026 1:40:00 AM,RTD,8/15/2026 1:45:00 AM,CMIN,Ru,24999.83,
8/15/2026 1:45:00 AM,RTD,8/15/2026 1:50:00 AM,CLUZ,Dr,850,
8/15/2026 1:45:00 AM,RTD,8/15/2026 1:50:00 AM,CMIN,Dr,7400,
8/15/2026 1:45:00 AM,RTD,8/15/2026 1:50:00 AM,CVIS,Dr,8861.65,
8/15/2026 1:45:00 AM,RTD,8/15/2026 1:50:00 AM,CLUZ,Fr,2000,
8/15/2026 1:45:00 AM,RTD,8/15/2026 1:50:00 AM,CVIS,Fr,16500,
8/15/2026 1:45:00 AM,RTD,8/15/2026 1:50:00 AM,CMIN,Fr,12102.25,
8/15/2026 1:45:00 AM,RTD,8/15/2026 1:50:00 AM,CVIS,Rd,19998,
8/15/2026 1:45:00 AM,RTD,8/15/2026 1:50:00 AM,CLUZ,Rd,5275.67,
8/15/2026 1:45:00 AM,RTD,8/15/2026 1:50:00 AM,CMIN,Rd,24946.08,
8/15/2026 1:45:00 AM,RTD,8/15/2026 1:50:00 AM,CMIN,Ru,24999.83,
8/15/2026 1:45:00 AM,RTD,8/15/2026 1:50:00 AM,CVIS,Ru,19999,
8/15/2026 1:45:00 AM,RTD,8/15/2026 1:50:00 AM,CLUZ,Ru,23000,
8/15/2026 1:50:00 AM,RTD,8/15/2026 1:55:00 AM,CLUZ,Dr,850,
8/15/2026 1:50:00 AM,RTD,8/15/2026 1:55:00 AM,CVIS,Dr,8284.64,
8/15/2026 1:50:00 AM,RTD,8/15/2026 1:55:00 AM,CMIN,Dr,7400,
8/15/2026 1:50:00 AM,RTD,8/15/2026 1:55:00 AM,CLUZ,Fr,2000,
8/15/2026 1:50:00 AM,RTD,8/15/2026 1:55:00 AM,CVIS,Fr,16500,
8/15/2026 1:50:00 AM,RTD,8/15/2026 1:55:00 AM,CMIN,Fr,12442.75,
8/15/2026 1:50:00 AM,RTD,8/15/2026 1:55:00 AM,CLUZ,Rd,15000,
8/15/2026 1:50:00 AM,RTD,8/15/2026 1:55:00 AM,CMIN,Rd,24946.08,
8/15/2026 1:50:00 AM,RTD,8/15/2026 1:55:00 AM,CVIS,Rd,19998,
8/15/2026 1:50:00 AM,RTD,8/15/2026 1:55:00 AM,CMIN,Ru,24999.83,
8/15/2026 1:50:00 AM,RTD,8/15/2026 1:55:00 AM,CVIS,Ru,19998,
8/15/2026 1:50:00 AM,RTD,8/15/2026 1:55:00 AM,CLUZ,Ru,3144.43,
8/15/2026 1:55:00 AM,RTD,8/15/2026 2:00:00 AM,CLUZ,Dr,850,
8/15/2026 1:55:00 AM,RTD,8/15/2026 2:00:00 AM,CVIS,Dr,8053.17,
8/15/2026 1:55:00 AM,RTD,8/15/2026 2:00:00 AM,CMIN,Dr,7400,
8/15/2026 1:55:00 AM,RTD,8/15/2026 2:00:00 AM,CVIS,Fr,16500,
8/15/2026 1:55:00 AM,RTD,8/15/2026 2:00:00 AM,CMIN,Fr,12223.96,
8/15/2026 1:55:00 AM,RTD,8/15/2026 2:00:00 AM,CLUZ,Fr,2000,
8/15/2026 1:55:00 AM,RTD,8/15/2026 2:00:00 AM,CMIN,Rd,24946.08,
8/15/2026 1:55:00 AM,RTD,8/15/2026 2:00:00 AM,CVIS,Rd,19998,
8/15/2026 1:55:00 AM,RTD,8/15/2026 2:00:00 AM,CLUZ,Rd,15000,
8/15/2026 1:55:00 AM,RTD,8/15/2026 2:00:00 AM,CVIS,Ru,19998,
8/15/2026 1:55:00 AM,RTD,8/15/2026 2:00:00 AM,CLUZ,Ru,3007,
8/15/2026 1:55:00 AM,RTD,8/15/2026 2:00:00 AM,CMIN,Ru,24999.83,
8/15/2026 2:00:00 AM,RTD,8/15/2026 2:05:00 AM,CVIS,Dr,12500,
8/15/2026 2:00:00 AM,RTD,8/15/2026 2:05:00 AM,CMIN,Dr,7400,
8/15/2026 2:00:00 AM,RTD,8/15/2026 2:05:00 AM,CLUZ,Dr,850,
8/15/2026 2:00:00 AM,RTD,8/15/2026 2:05:00 AM,CMIN,Fr,12599.94,
8/15/2026 2:00:00 AM,RTD,8/15/2026 2:05:00 AM,CVIS,Fr,16500,
8/15/2026 2:00:00 AM,RTD,8/15/2026 2:05:00 AM,CLUZ,Fr,2000,
8/15/2026 2:00:00 AM,RTD,8/15/2026 2:05:00 AM,CVIS,Rd,19998,
8/15/2026 2:00:00 AM,RTD,8/15/2026 2:05:00 AM,CMIN,Rd,24946.08,
8/15/2026 2:00:00 AM,RTD,8/15/2026 2:05:00 AM,CLUZ,Rd,15000,
8/15/2026 2:00:00 AM,RTD,8/15/2026 2:05:00 AM,CVIS,Ru,19998,
8/15/2026 2:00:00 AM,RTD,8/15/2026 2:05:00 AM,CLUZ,Ru,17797.27,
8/15/2026 2:00:00 AM,RTD,8/15/2026 2:05:00 AM,CMIN,Ru,24999.83,
8/15/2026 2:05:00 AM,RTD,8/15/2026 2:10:00 AM,CVIS,Dr,11600,
8/15/2026 2:05:00 AM,RTD,8/15/2026 2:10:00 AM,CMIN,Dr,7400,
8/15/2026 2:05:00 AM,RTD,8/15/2026 2:10:00 AM,CLUZ,Dr,850,
8/15/2026 2:05:00 AM,RTD,8/15/2026 2:10:00 AM,CMIN,Fr,12664.64,
8/15/2026 2:05:00 AM,RTD,8/15/2026 2:10:00 AM,CVIS,Fr,16500,
8/15/2026 2:05:00 AM,RTD,8/15/2026 2:10:00 AM,CLUZ,Fr,2000,
8/15/2026 2:05:00 AM,RTD,8/15/2026 2:10:00 AM,CVIS,Rd,19998,
8/15/2026 2:05:00 AM,RTD,8/15/2026 2:10:00 AM,CMIN,Rd,24946.08,
8/15/2026 2:05:00 AM,RTD,8/15/2026 2:10:00 AM,CLUZ,Rd,15000,
8/15/2026 2:05:00 AM,RTD,8/15/2026 2:10:00 AM,CVIS,Ru,19998,
8/15/2026 2:05:00 AM,RTD,8/15/2026 2:10:00 AM,CLUZ,Ru,17827.59,
8/15/2026 2:05:00 AM,RTD,8/15/2026 2:10:00 AM,CMIN,Ru,24999.83,
8/15/2026 2:10:00 AM,RTD,8/15/2026 2:15:00 AM,CVIS,Dr,11600,
8/15/2026 2:10:00 AM,RTD,8/15/2026 2:15:00 AM,CMIN,Dr,7400,
8/15/2026 2:10:00 AM,RTD,8/15/2026 2:15:00 AM,CLUZ,Dr,850,
8/15/2026 2:10:00 AM,RTD,8/15/2026 2:15:00 AM,CMIN,Fr,12492.21,
8/15/2026 2:10:00 AM,RTD,8/15/2026 2:15:00 AM,CVIS,Fr,16500,
8/15/2026 2:10:00 AM,RTD,8/15/2026 2:15:00 AM,CLUZ,Fr,2000,
8/15/2026 2:10:00 AM,RTD,8/15/2026 2:15:00 AM,CVIS,Rd,19998,
8/15/2026 2:10:00 AM,RTD,8/15/2026 2:15:00 AM,CMIN,Rd,24946.08,
8/15/2026 2:10:00 AM,RTD,8/15/2026 2:15:00 AM,CLUZ,Rd,14999,
8/15/2026 2:10:00 AM,RTD,8/15/2026 2:15:00 AM,CVIS,Ru,19998,
8/15/2026 2:10:00 AM,RTD,8/15/2026 2:15:00 AM,CLUZ,Ru,17932.45,
8/15/2026 2:10:00 AM,RTD,8/15/2026 2:15:00 AM,CMIN,Ru,24999.83,
8/15/2026 2:15:00 AM,RTD,8/15/2026 2:20:00 AM,CVIS,Dr,11600,
8/15/2026 2:15:00 AM,RTD,8/15/2026 2:20:00 AM,CMIN,Dr,7400,
8/15/2026 2:15:00 AM,RTD,8/15/2026 2:20:00 AM,CLUZ,Dr,850,
8/15/2026 2:15:00 AM,RTD,8/15/2026 2:20:00 AM,CMIN,Fr,12522.62,
8/15/2026 2:15:00 AM,RTD,8/15/2026 2:20:00 AM,CVIS,Fr,16500,
8/15/2026 2:15:00 AM,RTD,8/15/2026 2:20:00 AM,CLUZ,Fr,2000,
8/15/2026 2:15:00 AM,RTD,8/15/2026 2:20:00 AM,CVIS,Rd,19998,
8/15/2026 2:15:00 AM,RTD,8/15/2026 2:20:00 AM,CMIN,Rd,24946.08,
8/15/2026 2:15:00 AM,RTD,8/15/2026 2:20:00 AM,CLUZ,Rd,14999,
8/15/2026 2:15:00 AM,RTD,8/15/2026 2:20:00 AM,CVIS,Ru,19998,
8/15/2026 2:15:00 AM,RTD,8/15/2026 2:20:00 AM,CLUZ,Ru,17937.37,
8/15/2026 2:15:00 AM,RTD,8/15/2026 2:20:00 AM,CMIN,Ru,24999.83,
8/15/2026 2:20:00 AM,RTD,8/15/2026 2:25:00 AM,CVIS,Dr,11600,
8/15/2026 2:20:00 AM,RTD,8/15/2026 2:25:00 AM,CMIN,Dr,7400,
8/15/2026 2:20:00 AM,RTD,8/15/2026 2:25:00 AM,CLUZ,Dr,850,
8/15/2026 2:20:00 AM,RTD,8/15/2026 2:25:00 AM,CMIN,Fr,12181.13,
8/15/2026 2:20:00 AM,RTD,8/15/2026 2:25:00 AM,CVIS,Fr,16500,
8/15/2026 2:20:00 AM,RTD,8/15/2026 2:25:00 AM,CLUZ,Fr,2000,
8/15/2026 2:20:00 AM,RTD,8/15/2026 2:25:00 AM,CVIS,Rd,19998,
8/15/2026 2:20:00 AM,RTD,8/15/2026 2:25:00 AM,CMIN,Rd,24946.08,
8/15/2026 2:20:00 AM,RTD,8/15/2026 2:25:00 AM,CLUZ,Rd,14999,
8/15/2026 2:20:00 AM,RTD,8/15/2026 2:25:00 AM,CVIS,Ru,19998,
8/15/2026 2:20:00 AM,RTD,8/15/2026 2:25:00 AM,CLUZ,Ru,17841.99,
8/15/2026 2:20:00 AM,RTD,8/15/2026 2:25:00 AM,CMIN,Ru,24999.83,
8/15/2026 2:25:00 AM,RTD,8/15/2026 2:30:00 AM,CVIS,Dr,11600,
8/15/2026 2:25:00 AM,RTD,8/15/2026 2:30:00 AM,CMIN,Dr,7400,
8/15/2026 2:25:00 AM,RTD,8/15/2026 2:30:00 AM,CLUZ,Dr,850,
8/15/2026 2:25:00 AM,RTD,8/15/2026 2:30:00 AM,CMIN,Fr,12503.49,
8/15/2026 2:25:00 AM,RTD,8/15/2026 2:30:00 AM,CVIS,Fr,16500,
8/15/2026 2:25:00 AM,RTD,8/15/2026 2:30:00 AM,CLUZ,Fr,2000,
8/15/2026 2:25:00 AM,RTD,8/15/2026 2:30:00 AM,CVIS,Rd,19998,
8/15/2026 2:25:00 AM,RTD,8/15/2026 2:30:00 AM,CMIN,Rd,24946.08,
8/15/2026 2:25:00 AM,RTD,8/15/2026 2:30:00 AM,CLUZ,Rd,14999,
8/15/2026 2:25:00 AM,RTD,8/15/2026 2:30:00 AM,CVIS,Ru,19998,
8/15/2026 2:25:00 AM,RTD,8/15/2026 2:30:00 AM,CLUZ,Ru,17841.70,
8/15/2026 2:25:00 AM,RTD,8/15/2026 2:30:00 AM,CMIN,Ru,24999.83,
8/15/2026 2:30:00 AM,RTD,8/15/2026 2:35:00 AM,CVIS,Dr,11600,
8/15/2026 2:30:00 AM,RTD,8/15/2026 2:35:00 AM,CMIN,Dr,7400,
8/15/2026 2:30:00 AM,RTD,8/15/2026 2:35:00 AM,CLUZ,Dr,850,
8/15/2026 2:30:00 AM,RTD,8/15/2026 2:35:00 AM,CMIN,Fr,12149.50,
8/15/2026 2:30:00 AM,RTD,8/15/2026 2:35:00 AM,CVIS,Fr,16500,
8/15/2026 2:30:00 AM,RTD,8/15/2026 2:35:00 AM,CLUZ,Fr,2000,
8/15/2026 2:30:00 AM,RTD,8/15/2026 2:35:00 AM,CVIS,Rd,19998,
8/15/2026 2:30:00 AM,RTD,8/15/2026 2:35:00 AM,CMIN,Rd,24946.08,
8/15/2026 2:30:00 AM,RTD,8/15/2026 2:35:00 AM,CLUZ,Rd,14999,
8/15/2026 2:30:00 AM,RTD,8/15/2026 2:35:00 AM,CVIS,Ru,19998,
8/15/2026 2:30:00 AM,RTD,8/15/2026 2:35:00 AM,CLUZ,Ru,17800.55,
8/15/2026 2:30:00 AM,RTD,8/15/2026 2:35:00 AM,CMIN,Ru,24999.83,
8/15/2026 2:35:00 AM,RTD,8/15/2026 2:40:00 AM,CVIS,Dr,8000,
8/15/2026 2:35:00 AM,RTD,8/15/2026 2:40:00 AM,CMIN,Dr,7400,
8/15/2026 2:35:00 AM,RTD,8/15/2026 2:40:00 AM,CLUZ,Dr,850,
8/15/2026 2:35:00 AM,RTD,8/15/2026 2:40:00 AM,CMIN,Fr,12049.30,
8/15/2026 2:35:00 AM,RTD,8/15/2026 2:40:00 AM,CVIS,Fr,16500,
8/15/2026 2:35:00 AM,RTD,8/15/2026 2:40:00 AM,CLUZ,Fr,2000,
8/15/2026 2:35:00 AM,RTD,8/15/2026 2:40:00 AM,CVIS,Rd,19998,
8/15/2026 2:35:00 AM,RTD,8/15/2026 2:40:00 AM,CMIN,Rd,24946.08,
8/15/2026 2:35:00 AM,RTD,8/15/2026 2:40:00 AM,CLUZ,Rd,14999,
8/15/2026 2:35:00 AM,RTD,8/15/2026 2:40:00 AM,CVIS,Ru,19998,
8/15/2026 2:35:00 AM,RTD,8/15/2026 2:40:00 AM,CLUZ,Ru,17797.25,
8/15/2026 2:35:00 AM,RTD,8/15/2026 2:40:00 AM,CMIN,Ru,24999.83,
8/15/2026 2:40:00 AM,RTD,8/15/2026 2:45:00 AM,CVIS,Dr,8000,
8/15/2026 2:40:00 AM,RTD,8/15/2026 2:45:00 AM,CMIN,Dr,7400,
8/15/2026 2:40:00 AM,RTD,8/15/2026 2:45:00 AM,CLUZ,Dr,850,
8/15/2026 2:40:00 AM,RTD,8/15/2026 2:45:00 AM,CMIN,Fr,11597.82,
8/15/2026 2:40:00 AM,RTD,8/15/2026 2:45:00 AM,CVIS,Fr,16500,
8/15/2026 2:40:00 AM,RTD,8/15/2026 2:45:00 AM,CLUZ,Fr,2000,
8/15/2026 2:40:00 AM,RTD,8/15/2026 2:45:00 AM,CVIS,Rd,19998,
8/15/2026 2:40:00 AM,RTD,8/15/2026 2:45:00 AM,CMIN,Rd,24946.08,
8/15/2026 2:40:00 AM,RTD,8/15/2026 2:45:00 AM,CLUZ,Rd,14999,
8/15/2026 2:40:00 AM,RTD,8/15/2026 2:45:00 AM,CVIS,Ru,19998,
8/15/2026 2:40:00 AM,RTD,8/15/2026 2:45:00 AM,CLUZ,Ru,17796.38,
8/15/2026 2:40:00 AM,RTD,8/15/2026 2:45:00 AM,CMIN,Ru,24999.83,
8/15/2026 2:45:00 AM,RTD,8/15/2026 2:50:00 AM,CVIS,Dr,8000,
8/15/2026 2:45:00 AM,RTD,8/15/2026 2:50:00 AM,CMIN,Dr,7400,
8/15/2026 2:45:00 AM,RTD,8/15/2026 2:50:00 AM,CLUZ,Dr,850,
8/15/2026 2:45:00 AM,RTD,8/15/2026 2:50:00 AM,CMIN,Fr,11223.29,
8/15/2026 2:45:00 AM,RTD,8/15/2026 2:50:00 AM,CVIS,Fr,16500,
8/15/2026 2:45:00 AM,RTD,8/15/2026 2:50:00 AM,CLUZ,Fr,2000,
8/15/2026 2:45:00 AM,RTD,8/15/2026 2:50:00 AM,CVIS,Rd,19998,
8/15/2026 2:45:00 AM,RTD,8/15/2026 2:50:00 AM,CMIN,Rd,24946.08,
8/15/2026 2:45:00 AM,RTD,8/15/2026 2:50:00 AM,CLUZ,Rd,14999,
8/15/2026 2:45:00 AM,RTD,8/15/2026 2:50:00 AM,CVIS,Ru,19998,
8/15/2026 2:45:00 AM,RTD,8/15/2026 2:50:00 AM,CLUZ,Ru,17830.83,
8/15/2026 2:45:00 AM,RTD,8/15/2026 2:50:00 AM,CMIN,Ru,24999.83,
8/15/2026 2:50:00 AM,RTD,8/15/2026 2:55:00 AM,CLUZ,Dr,850,
8/15/2026 2:50:00 AM,RTD,8/15/2026 2:55:00 AM,CVIS,Dr,8000,
8/15/2026 2:50:00 AM,RTD,8/15/2026 2:55:00 AM,CMIN,Dr,7400,
8/15/2026 2:50:00 AM,RTD,8/15/2026 2:55:00 AM,CLUZ,Fr,2000,
8/15/2026 2:50:00 AM,RTD,8/15/2026 2:55:00 AM,CMIN,Fr,10568.19,
8/15/2026 2:50:00 AM,RTD,8/15/2026 2:55:00 AM,CVIS,Fr,16500,
8/15/2026 2:50:00 AM,RTD,8/15/2026 2:55:00 AM,CLUZ,Rd,14999,
8/15/2026 2:50:00 AM,RTD,8/15/2026 2:55:00 AM,CMIN,Rd,24946.08,
8/15/2026 2:50:00 AM,RTD,8/15/2026 2:55:00 AM,CVIS,Rd,19998,
8/15/2026 2:50:00 AM,RTD,8/15/2026 2:55:00 AM,CLUZ,Ru,17797.85,
8/15/2026 2:50:00 AM,RTD,8/15/2026 2:55:00 AM,CMIN,Ru,24999.83,
8/15/2026 2:50:00 AM,RTD,8/15/2026 2:55:00 AM,CVIS,Ru,19998,
8/15/2026 2:55:00 AM,RTD,8/15/2026 3:00:00 AM,CLUZ,Dr,850,
8/15/2026 2:55:00 AM,RTD,8/15/2026 3:00:00 AM,CVIS,Dr,8000,
8/15/2026 2:55:00 AM,RTD,8/15/2026 3:00:00 AM,CMIN,Dr,7400,
8/15/2026 2:55:00 AM,RTD,8/15/2026 3:00:00 AM,CVIS,Fr,15168.38,
8/15/2026 2:55:00 AM,RTD,8/15/2026 3:00:00 AM,CMIN,Fr,3255,
8/15/2026 2:55:00 AM,RTD,8/15/2026 3:00:00 AM,CLUZ,Fr,1900,
8/15/2026 2:55:00 AM,RTD,8/15/2026 3:00:00 AM,CMIN,Rd,24946.08,
8/15/2026 2:55:00 AM,RTD,8/15/2026 3:00:00 AM,CLUZ,Rd,14999,
8/15/2026 2:55:00 AM,RTD,8/15/2026 3:00:00 AM,CVIS,Rd,19998,
8/15/2026 2:55:00 AM,RTD,8/15/2026 3:00:00 AM,CLUZ,Ru,16813.82,
8/15/2026 2:55:00 AM,RTD,8/15/2026 3:00:00 AM,CMIN,Ru,24999.83,
8/15/2026 2:55:00 AM,RTD,8/15/2026 3:00:00 AM,CVIS,Ru,12868.06,
8/15/2026 3:00:00 AM,RTD,8/15/2026 3:05:00 AM,CVIS,Dr,11600,
8/15/2026 3:00:00 AM,RTD,8/15/2026 3:05:00 AM,CLUZ,Dr,850,
8/15/2026 3:00:00 AM,RTD,8/15/2026 3:05:00 AM,CMIN,Dr,7400,
8/15/2026 3:00:00 AM,RTD,8/15/2026 3:05:00 AM,CLUZ,Fr,2050,
8/15/2026 3:00:00 AM,RTD,8/15/2026 3:05:00 AM,CVIS,Fr,20000,
8/15/2026 3:00:00 AM,RTD,8/15/2026 3:05:00 AM,CMIN,Fr,3255,
8/15/2026 3:00:00 AM,RTD,8/15/2026 3:05:00 AM,CLUZ,Rd,14999,
8/15/2026 3:00:00 AM,RTD,8/15/2026 3:05:00 AM,CMIN,Rd,24946.08,
8/15/2026 3:00:00 AM,RTD,8/15/2026 3:05:00 AM,CVIS,Rd,19998,
8/15/2026 3:00:00 AM,RTD,8/15/2026 3:05:00 AM,CMIN,Ru,1323.11,
8/15/2026 3:00:00 AM,RTD,8/15/2026 3:05:00 AM,CVIS,Ru,17419.78,
8/15/2026 3:00:00 AM,RTD,8/15/2026 3:05:00 AM,CLUZ,Ru,1000,
8/15/2026 3:05:00 AM,RTD,8/15/2026 3:10:00 AM,CVIS,Dr,8000,
8/15/2026 3:05:00 AM,RTD,8/15/2026 3:10:00 AM,CLUZ,Dr,850,
8/15/2026 3:05:00 AM,RTD,8/15/2026 3:10:00 AM,CMIN,Dr,7400,
8/15/2026 3:05:00 AM,RTD,8/15/2026 3:10:00 AM,CLUZ,Fr,2200,
8/15/2026 3:05:00 AM,RTD,8/15/2026 3:10:00 AM,CVIS,Fr,19000,
8/15/2026 3:05:00 AM,RTD,8/15/2026 3:10:00 AM,CMIN,Fr,3255,
8/15/2026 3:05:00 AM,RTD,8/15/2026 3:10:00 AM,CVIS,Rd,19998,
8/15/2026 3:05:00 AM,RTD,8/15/2026 3:10:00 AM,CLUZ,Rd,14999,
8/15/2026 3:05:00 AM,RTD,8/15/2026 3:10:00 AM,CMIN,Rd,24946.08,
8/15/2026 3:05:00 AM,RTD,8/15/2026 3:10:00 AM,CVIS,Ru,12839.61,
8/15/2026 3:05:00 AM,RTD,8/15/2026 3:10:00 AM,CMIN,Ru,1000.09,
8/15/2026 3:05:00 AM,RTD,8/15/2026 3:10:00 AM,CLUZ,Ru,550,
8/15/2026 3:10:00 AM,RTD,8/15/2026 3:15:00 AM,CVIS,Dr,8000,
8/15/2026 3:10:00 AM,RTD,8/15/2026 3:15:00 AM,CLUZ,Dr,850,
8/15/2026 3:10:00 AM,RTD,8/15/2026 3:15:00 AM,CMIN,Dr,7400,
8/15/2026 3:10:00 AM,RTD,8/15/2026 3:15:00 AM,CLUZ,Fr,2200,
8/15/2026 3:10:00 AM,RTD,8/15/2026 3:15:00 AM,CVIS,Fr,19000,
8/15/2026 3:10:00 AM,RTD,8/15/2026 3:15:00 AM,CMIN,Fr,3255,
8/15/2026 3:10:00 AM,RTD,8/15/2026 3:15:00 AM,CMIN,Rd,24946.08,
8/15/2026 3:10:00 AM,RTD,8/15/2026 3:15:00 AM,CVIS,Rd,19998,
8/15/2026 3:10:00 AM,RTD,8/15/2026 3:15:00 AM,CLUZ,Rd,14999,
8/15/2026 3:10:00 AM,RTD,8/15/2026 3:15:00 AM,CMIN,Ru,24999.83,
8/15/2026 3:10:00 AM,RTD,8/15/2026 3:15:00 AM,CLUZ,Ru,550,
8/15/2026 3:10:00 AM,RTD,8/15/2026 3:15:00 AM,CVIS,Ru,12845.74,
8/15/2026 3:15:00 AM,RTD,8/15/2026 3:20:00 AM,CLUZ,Dr,850,
8/15/2026 3:15:00 AM,RTD,8/15/2026 3:20:00 AM,CVIS,Dr,8000,
8/15/2026 3:15:00 AM,RTD,8/15/2026 3:20:00 AM,CMIN,Dr,7400,
8/15/2026 3:15:00 AM,RTD,8/15/2026 3:20:00 AM,CLUZ,Fr,2250,
8/15/2026 3:15:00 AM,RTD,8/15/2026 3:20:00 AM,CVIS,Fr,19000,
8/15/2026 3:15:00 AM,RTD,8/15/2026 3:20:00 AM,CMIN,Fr,3255,
8/15/2026 3:15:00 AM,RTD,8/15/2026 3:20:00 AM,CVIS,Rd,19998,
8/15/2026 3:15:00 AM,RTD,8/15/2026 3:20:00 AM,CLUZ,Rd,14999,
8/15/2026 3:15:00 AM,RTD,8/15/2026 3:20:00 AM,CMIN,Rd,24946.08,
8/15/2026 3:15:00 AM,RTD,8/15/2026 3:20:00 AM,CLUZ,Ru,550,
8/15/2026 3:15:00 AM,RTD,8/15/2026 3:20:00 AM,CMIN,Ru,24999.83,
8/15/2026 3:15:00 AM,RTD,8/15/2026 3:20:00 AM,CVIS,Ru,16712.79,
8/15/2026 3:20:00 AM,RTD,8/15/2026 3:25:00 AM,CLUZ,Dr,850,
8/15/2026 3:20:00 AM,RTD,8/15/2026 3:25:00 AM,CMIN,Dr,7400,
8/15/2026 3:20:00 AM,RTD,8/15/2026 3:25:00 AM,CVIS,Dr,8000,
8/15/2026 3:20:00 AM,RTD,8/15/2026 3:25:00 AM,CLUZ,Fr,2200,
8/15/2026 3:20:00 AM,RTD,8/15/2026 3:25:00 AM,CVIS,Fr,19000,
8/15/2026 3:20:00 AM,RTD,8/15/2026 3:25:00 AM,CMIN,Fr,3255,
8/15/2026 3:20:00 AM,RTD,8/15/2026 3:25:00 AM,CMIN,Rd,24946.08,
8/15/2026 3:20:00 AM,RTD,8/15/2026 3:25:00 AM,CVIS,Rd,19998,
8/15/2026 3:20:00 AM,RTD,8/15/2026 3:25:00 AM,CLUZ,Rd,14999,
8/15/2026 3:20:00 AM,RTD,8/15/2026 3:25:00 AM,CVIS,Ru,14632.51,
8/15/2026 3:20:00 AM,RTD,8/15/2026 3:25:00 AM,CLUZ,Ru,550,
8/15/2026 3:20:00 AM,RTD,8/15/2026 3:25:00 AM,CMIN,Ru,24999.83,
8/15/2026 3:25:00 AM,RTD,8/15/2026 3:30:00 AM,CVIS,Dr,8000,
8/15/2026 3:25:00 AM,RTD,8/15/2026 3:30:00 AM,CMIN,Dr,7400,
8/15/2026 3:25:00 AM,RTD,8/15/2026 3:30:00 AM,CLUZ,Dr,850,
8/15/2026 3:25:00 AM,RTD,8/15/2026 3:30:00 AM,CMIN,Fr,3255,
8/15/2026 3:25:00 AM,RTD,8/15/2026 3:30:00 AM,CVIS,Fr,19000,
8/15/2026 3:25:00 AM,RTD,8/15/2026 3:30:00 AM,CLUZ,Fr,2100,
8/15/2026 3:25:00 AM,RTD,8/15/2026 3:30:00 AM,CVIS,Rd,19998,
8/15/2026 3:25:00 AM,RTD,8/15/2026 3:30:00 AM,CMIN,Rd,24946.08,
8/15/2026 3:25:00 AM,RTD,8/15/2026 3:30:00 AM,CLUZ,Rd,14999,
8/15/2026 3:25:00 AM,RTD,8/15/2026 3:30:00 AM,CVIS,Ru,12588.87,
8/15/2026 3:25:00 AM,RTD,8/15/2026 3:30:00 AM,CLUZ,Ru,550,
8/15/2026 3:25:00 AM,RTD,8/15/2026 3:30:00 AM,CMIN,Ru,24999.83,
8/15/2026 3:30:00 AM,RTD,8/15/2026 3:35:00 AM,CVIS,Dr,8000,
8/15/2026 3:30:00 AM,RTD,8/15/2026 3:35:00 AM,CMIN,Dr,7400,
8/15/2026 3:30:00 AM,RTD,8/15/2026 3:35:00 AM,CLUZ,Dr,850,
8/15/2026 3:30:00 AM,RTD,8/15/2026 3:35:00 AM,CMIN,Fr,1000,
8/15/2026 3:30:00 AM,RTD,8/15/2026 3:35:00 AM,CVIS,Fr,17046.27,
8/15/2026 3:30:00 AM,RTD,8/15/2026 3:35:00 AM,CLUZ,Fr,2100,
8/15/2026 3:30:00 AM,RTD,8/15/2026 3:35:00 AM,CVIS,Rd,19998,
8/15/2026 3:30:00 AM,RTD,8/15/2026 3:35:00 AM,CMIN,Rd,24946.08,
8/15/2026 3:30:00 AM,RTD,8/15/2026 3:35:00 AM,CLUZ,Rd,14999,
8/15/2026 3:30:00 AM,RTD,8/15/2026 3:35:00 AM,CVIS,Ru,10552.07,
8/15/2026 3:30:00 AM,RTD,8/15/2026 3:35:00 AM,CLUZ,Ru,550,
8/15/2026 3:30:00 AM,RTD,8/15/2026 3:35:00 AM,CMIN,Ru,24999.83,
8/15/2026 3:35:00 AM,RTD,8/15/2026 3:40:00 AM,CVIS,Dr,8000,
8/15/2026 3:35:00 AM,RTD,8/15/2026 3:40:00 AM,CMIN,Dr,7400,
8/15/2026 3:35:00 AM,RTD,8/15/2026 3:40:00 AM,CLUZ,Dr,850,
8/15/2026 3:35:00 AM,RTD,8/15/2026 3:40:00 AM,CMIN,Fr,1000,
8/15/2026 3:35:00 AM,RTD,8/15/2026 3:40:00 AM,CVIS,Fr,17042.86,
8/15/2026 3:35:00 AM,RTD,8/15/2026 3:40:00 AM,CLUZ,Fr,2100,
8/15/2026 3:35:00 AM,RTD,8/15/2026 3:40:00 AM,CVIS,Rd,19998,
8/15/2026 3:35:00 AM,RTD,8/15/2026 3:40:00 AM,CMIN,Rd,24946.08,
8/15/2026 3:35:00 AM,RTD,8/15/2026 3:40:00 AM,CLUZ,Rd,14999,
8/15/2026 3:35:00 AM,RTD,8/15/2026 3:40:00 AM,CVIS,Ru,10550.44,
8/15/2026 3:35:00 AM,RTD,8/15/2026 3:40:00 AM,CLUZ,Ru,550,
8/15/2026 3:35:00 AM,RTD,8/15/2026 3:40:00 AM,CMIN,Ru,24999.83,
8/15/2026 3:40:00 AM,RTD,8/15/2026 3:45:00 AM,CVIS,Dr,8000,
8/15/2026 3:40:00 AM,RTD,8/15/2026 3:45:00 AM,CMIN,Dr,7400,
8/15/2026 3:40:00 AM,RTD,8/15/2026 3:45:00 AM,CLUZ,Dr,850,
8/15/2026 3:40:00 AM,RTD,8/15/2026 3:45:00 AM,CMIN,Fr,1000,
8/15/2026 3:40:00 AM,RTD,8/15/2026 3:45:00 AM,CVIS,Fr,12399.19,
8/15/2026 3:40:00 AM,RTD,8/15/2026 3:45:00 AM,CLUZ,Fr,2100,
8/15/2026 3:40:00 AM,RTD,8/15/2026 3:45:00 AM,CVIS,Rd,19998,
8/15/2026 3:40:00 AM,RTD,8/15/2026 3:45:00 AM,CMIN,Rd,24946.08,
8/15/2026 3:40:00 AM,RTD,8/15/2026 3:45:00 AM,CLUZ,Rd,14999,
8/15/2026 3:40:00 AM,RTD,8/15/2026 3:45:00 AM,CVIS,Ru,5768.37,
8/15/2026 3:40:00 AM,RTD,8/15/2026 3:45:00 AM,CLUZ,Ru,550,
8/15/2026 3:40:00 AM,RTD,8/15/2026 3:45:00 AM,CMIN,Ru,24999.83,
8/15/2026 3:45:00 AM,RTD,8/15/2026 3:50:00 AM,CMIN,Dr,7400,
8/15/2026 3:45:00 AM,RTD,8/15/2026 3:50:00 AM,CLUZ,Dr,850,
8/15/2026 3:45:00 AM,RTD,8/15/2026 3:50:00 AM,CVIS,Dr,8000,
8/15/2026 3:45:00 AM,RTD,8/15/2026 3:50:00 AM,CLUZ,Fr,2100,
8/15/2026 3:45:00 AM,RTD,8/15/2026 3:50:00 AM,CMIN,Fr,14750,
8/15/2026 3:45:00 AM,RTD,8/15/2026 3:50:00 AM,CVIS,Fr,16049.91,
8/15/2026 3:45:00 AM,RTD,8/15/2026 3:50:00 AM,CMIN,Rd,24946.08,
8/15/2026 3:45:00 AM,RTD,8/15/2026 3:50:00 AM,CLUZ,Rd,14999,
8/15/2026 3:45:00 AM,RTD,8/15/2026 3:50:00 AM,CVIS,Rd,19998,
8/15/2026 3:45:00 AM,RTD,8/15/2026 3:50:00 AM,CMIN,Ru,24999.83,
8/15/2026 3:45:00 AM,RTD,8/15/2026 3:50:00 AM,CVIS,Ru,9517.58,
8/15/2026 3:45:00 AM,RTD,8/15/2026 3:50:00 AM,CLUZ,Ru,550,
8/15/2026 3:50:00 AM,RTD,8/15/2026 3:55:00 AM,CVIS,Dr,8000,
8/15/2026 3:50:00 AM,RTD,8/15/2026 3:55:00 AM,CMIN,Dr,7400,
8/15/2026 3:50:00 AM,RTD,8/15/2026 3:55:00 AM,CLUZ,Dr,850,
8/15/2026 3:50:00 AM,RTD,8/15/2026 3:55:00 AM,CMIN,Fr,4204.60,
8/15/2026 3:50:00 AM,RTD,8/15/2026 3:55:00 AM,CVIS,Fr,4410,
8/15/2026 3:50:00 AM,RTD,8/15/2026 3:55:00 AM,CLUZ,Fr,2100,
8/15/2026 3:50:00 AM,RTD,8/15/2026 3:55:00 AM,CVIS,Rd,19998,
8/15/2026 3:50:00 AM,RTD,8/15/2026 3:55:00 AM,CLUZ,Rd,14999,
8/15/2026 3:50:00 AM,RTD,8/15/2026 3:55:00 AM,CMIN,Rd,24999.83,
8/15/2026 3:50:00 AM,RTD,8/15/2026 3:55:00 AM,CVIS,Ru,2001,
8/15/2026 3:50:00 AM,RTD,8/15/2026 3:55:00 AM,CLUZ,Ru,550,
8/15/2026 3:50:00 AM,RTD,8/15/2026 3:55:00 AM,CMIN,Ru,24999.83,
8/15/2026 3:55:00 AM,RTD,8/15/2026 4:00:00 AM,CVIS,Dr,8000,
8/15/2026 3:55:00 AM,RTD,8/15/2026 4:00:00 AM,CMIN,Dr,7400,
8/15/2026 3:55:00 AM,RTD,8/15/2026 4:00:00 AM,CLUZ,Dr,850,
8/15/2026 3:55:00 AM,RTD,8/15/2026 4:00:00 AM,CMIN,Fr,4594.50,
8/15/2026 3:55:00 AM,RTD,8/15/2026 4:00:00 AM,CVIS,Fr,4410,
8/15/2026 3:55:00 AM,RTD,8/15/2026 4:00:00 AM,CLUZ,Fr,2100,
8/15/2026 3:55:00 AM,RTD,8/15/2026 4:00:00 AM,CVIS,Rd,19998,
8/15/2026 3:55:00 AM,RTD,8/15/2026 4:00:00 AM,CMIN,Rd,24999.83,
8/15/2026 3:55:00 AM,RTD,8/15/2026 4:00:00 AM,CLUZ,Rd,14999,
8/15/2026 3:55:00 AM,RTD,8/15/2026 4:00:00 AM,CVIS,Ru,2001,
8/15/2026 3:55:00 AM,RTD,8/15/2026 4:00:00 AM,CLUZ,Ru,550,
8/15/2026 3:55:00 AM,RTD,8/15/2026 4:00:00 AM,CMIN,Ru,24999.83,
8/15/2026 4:00:00 AM,RTD,8/15/2026 4:05:00 AM,CVIS,Dr,11600,
8/15/2026 4:00:00 AM,RTD,8/15/2026 4:05:00 AM,CMIN,Dr,7400,
8/15/2026 4:00:00 AM,RTD,8/15/2026 4:05:00 AM,CLUZ,Dr,800,
8/15/2026 4:00:00 AM,RTD,8/15/2026 4:05:00 AM,CMIN,Fr,5576.87,
8/15/2026 4:00:00 AM,RTD,8/15/2026 4:05:00 AM,CVIS,Fr,6555.93,
8/15/2026 4:00:00 AM,RTD,8/15/2026 4:05:00 AM,CLUZ,Fr,2050,
8/15/2026 4:00:00 AM,RTD,8/15/2026 4:05:00 AM,CVIS,Rd,19998,
8/15/2026 4:00:00 AM,RTD,8/15/2026 4:05:00 AM,CMIN,Rd,24999.83,
8/15/2026 4:00:00 AM,RTD,8/15/2026 4:05:00 AM,CLUZ,Rd,14999,
8/15/2026 4:00:00 AM,RTD,8/15/2026 4:05:00 AM,CVIS,Ru,2001,
8/15/2026 4:00:00 AM,RTD,8/15/2026 4:05:00 AM,CLUZ,Ru,550,
8/15/2026 4:00:00 AM,RTD,8/15/2026 4:05:00 AM,CMIN,Ru,1000.08,
8/15/2026 4:05:00 AM,RTD,8/15/2026 4:10:00 AM,CMIN,Dr,7400,
8/15/2026 4:05:00 AM,RTD,8/15/2026 4:10:00 AM,CLUZ,Dr,800,
8/15/2026 4:05:00 AM,RTD,8/15/2026 4:10:00 AM,CVIS,Dr,11600,
8/15/2026 4:05:00 AM,RTD,8/15/2026 4:10:00 AM,CLUZ,Fr,2050,
8/15/2026 4:05:00 AM,RTD,8/15/2026 4:10:00 AM,CMIN,Fr,5576.91,
8/15/2026 4:05:00 AM,RTD,8/15/2026 4:10:00 AM,CVIS,Fr,6557.10,
8/15/2026 4:05:00 AM,RTD,8/15/2026 4:10:00 AM,CMIN,Rd,24946.08,
8/15/2026 4:05:00 AM,RTD,8/15/2026 4:10:00 AM,CLUZ,Rd,14999,
8/15/2026 4:05:00 AM,RTD,8/15/2026 4:10:00 AM,CVIS,Rd,19998,
8/15/2026 4:05:00 AM,RTD,8/15/2026 4:10:00 AM,CMIN,Ru,4400.21,
8/15/2026 4:05:00 AM,RTD,8/15/2026 4:10:00 AM,CVIS,Ru,2001,
8/15/2026 4:05:00 AM,RTD,8/15/2026 4:10:00 AM,CLUZ,Ru,550,
8/15/2026 4:10:00 AM,RTD,8/15/2026 4:15:00 AM,CVIS,Dr,11600,
8/15/2026 4:10:00 AM,RTD,8/15/2026 4:15:00 AM,CMIN,Dr,7400,
8/15/2026 4:10:00 AM,RTD,8/15/2026 4:15:00 AM,CLUZ,Dr,800,
8/15/2026 4:10:00 AM,RTD,8/15/2026 4:15:00 AM,CMIN,Fr,5571.40,
8/15/2026 4:10:00 AM,RTD,8/15/2026 4:15:00 AM,CVIS,Fr,6557.68,
8/15/2026 4:10:00 AM,RTD,8/15/2026 4:15:00 AM,CLUZ,Fr,2050,
8/15/2026 4:10:00 AM,RTD,8/15/2026 4:15:00 AM,CVIS,Rd,19998,
8/15/2026 4:10:00 AM,RTD,8/15/2026 4:15:00 AM,CMIN,Rd,24946.08,
8/15/2026 4:10:00 AM,RTD,8/15/2026 4:15:00 AM,CLUZ,Rd,14999,
8/15/2026 4:10:00 AM,RTD,8/15/2026 4:15:00 AM,CVIS,Ru,2001,
8/15/2026 4:10:00 AM,RTD,8/15/2026 4:15:00 AM,CLUZ,Ru,550,
8/15/2026 4:10:00 AM,RTD,8/15/2026 4:15:00 AM,CMIN,Ru,1000.09,
8/15/2026 4:15:00 AM,RTD,8/15/2026 4:20:00 AM,CVIS,Dr,11600,
8/15/2026 4:15:00 AM,RTD,8/15/2026 4:20:00 AM,CMIN,Dr,7400,
8/15/2026 4:15:00 AM,RTD,8/15/2026 4:20:00 AM,CLUZ,Dr,800,
8/15/2026 4:15:00 AM,RTD,8/15/2026 4:20:00 AM,CMIN,Fr,5578.73,
8/15/2026 4:15:00 AM,RTD,8/15/2026 4:20:00 AM,CVIS,Fr,6555.28,
8/15/2026 4:15:00 AM,RTD,8/15/2026 4:20:00 AM,CLUZ,Fr,2050,
8/15/2026 4:15:00 AM,RTD,8/15/2026 4:20:00 AM,CVIS,Rd,19998,
8/15/2026 4:15:00 AM,RTD,8/15/2026 4:20:00 AM,CMIN,Rd,24946.08,
8/15/2026 4:15:00 AM,RTD,8/15/2026 4:20:00 AM,CLUZ,Rd,14999,
8/15/2026 4:15:00 AM,RTD,8/15/2026 4:20:00 AM,CVIS,Ru,2001,
8/15/2026 4:15:00 AM,RTD,8/15/2026 4:20:00 AM,CLUZ,Ru,550,
8/15/2026 4:15:00 AM,RTD,8/15/2026 4:20:00 AM,CMIN,Ru,1000.09,
8/15/2026 4:20:00 AM,RTD,8/15/2026 4:25:00 AM,CVIS,Dr,11600,
8/15/2026 4:20:00 AM,RTD,8/15/2026 4:25:00 AM,CMIN,Dr,7400,
8/15/2026 4:20:00 AM,RTD,8/15/2026 4:25:00 AM,CLUZ,Dr,800,
8/15/2026 4:20:00 AM,RTD,8/15/2026 4:25:00 AM,CMIN,Fr,4570.79,
8/15/2026 4:20:00 AM,RTD,8/15/2026 4:25:00 AM,CVIS,Fr,5528.66,
8/15/2026 4:20:00 AM,RTD,8/15/2026 4:25:00 AM,CLUZ,Fr,2050,
8/15/2026 4:20:00 AM,RTD,8/15/2026 4:25:00 AM,CVIS,Rd,19998,
8/15/2026 4:20:00 AM,RTD,8/15/2026 4:25:00 AM,CMIN,Rd,24946.08,
8/15/2026 4:20:00 AM,RTD,8/15/2026 4:25:00 AM,CLUZ,Rd,14999,
8/15/2026 4:20:00 AM,RTD,8/15/2026 4:25:00 AM,CVIS,Ru,2001,
8/15/2026 4:20:00 AM,RTD,8/15/2026 4:25:00 AM,CLUZ,Ru,550,
8/15/2026 4:20:00 AM,RTD,8/15/2026 4:25:00 AM,CMIN,Ru,1000.09,
8/15/2026 4:25:00 AM,RTD,8/15/2026 4:30:00 AM,CVIS,Dr,11600,
8/15/2026 4:25:00 AM,RTD,8/15/2026 4:30:00 AM,CMIN,Dr,7400,
8/15/2026 4:25:00 AM,RTD,8/15/2026 4:30:00 AM,CLUZ,Dr,800,
8/15/2026 4:25:00 AM,RTD,8/15/2026 4:30:00 AM,CMIN,Fr,4578.89,
8/15/2026 4:25:00 AM,RTD,8/15/2026 4:30:00 AM,CVIS,Fr,5535.93,
8/15/2026 4:25:00 AM,RTD,8/15/2026 4:30:00 AM,CLUZ,Fr,2050,
8/15/2026 4:25:00 AM,RTD,8/15/2026 4:30:00 AM,CVIS,Rd,19998,
8/15/2026 4:25:00 AM,RTD,8/15/2026 4:30:00 AM,CMIN,Rd,24946.08,
8/15/2026 4:25:00 AM,RTD,8/15/2026 4:30:00 AM,CLUZ,Rd,14999,
8/15/2026 4:25:00 AM,RTD,8/15/2026 4:30:00 AM,CVIS,Ru,19998,
8/15/2026 4:25:00 AM,RTD,8/15/2026 4:30:00 AM,CLUZ,Ru,550,
8/15/2026 4:25:00 AM,RTD,8/15/2026 4:30:00 AM,CMIN,Ru,1000.09,
8/15/2026 4:30:00 AM,RTD,8/15/2026 4:35:00 AM,CMIN,Dr,7400,
8/15/2026 4:30:00 AM,RTD,8/15/2026 4:35:00 AM,CVIS,Dr,11600,
8/15/2026 4:30:00 AM,RTD,8/15/2026 4:35:00 AM,CLUZ,Dr,800,
8/15/2026 4:30:00 AM,RTD,8/15/2026 4:35:00 AM,CVIS,Fr,6550.93,
8/15/2026 4:30:00 AM,RTD,8/15/2026 4:35:00 AM,CMIN,Fr,5576.94,
8/15/2026 4:30:00 AM,RTD,8/15/2026 4:35:00 AM,CLUZ,Fr,2050,
8/15/2026 4:30:00 AM,RTD,8/15/2026 4:35:00 AM,CMIN,Rd,24946.08,
8/15/2026 4:30:00 AM,RTD,8/15/2026 4:35:00 AM,CVIS,Rd,19998,
8/15/2026 4:30:00 AM,RTD,8/15/2026 4:35:00 AM,CLUZ,Rd,14999,
8/15/2026 4:30:00 AM,RTD,8/15/2026 4:35:00 AM,CMIN,Ru,1000.09,
8/15/2026 4:30:00 AM,RTD,8/15/2026 4:35:00 AM,CVIS,Ru,19998,
8/15/2026 4:30:00 AM,RTD,8/15/2026 4:35:00 AM,CLUZ,Ru,550,
8/15/2026 4:35:00 AM,RTD,8/15/2026 4:40:00 AM,CVIS,Dr,11600,
8/15/2026 4:35:00 AM,RTD,8/15/2026 4:40:00 AM,CMIN,Dr,7400,
8/15/2026 4:35:00 AM,RTD,8/15/2026 4:40:00 AM,CLUZ,Dr,800,
8/15/2026 4:35:00 AM,RTD,8/15/2026 4:40:00 AM,CMIN,Fr,5079.13,
8/15/2026 4:35:00 AM,RTD,8/15/2026 4:40:00 AM,CVIS,Fr,6044.72,
8/15/2026 4:35:00 AM,RTD,8/15/2026 4:40:00 AM,CLUZ,Fr,2050,
8/15/2026 4:35:00 AM,RTD,8/15/2026 4:40:00 AM,CVIS,Rd,19998,
8/15/2026 4:35:00 AM,RTD,8/15/2026 4:40:00 AM,CMIN,Rd,24946.08,
8/15/2026 4:35:00 AM,RTD,8/15/2026 4:40:00 AM,CLUZ,Rd,14999,
8/15/2026 4:35:00 AM,RTD,8/15/2026 4:40:00 AM,CVIS,Ru,19998,
8/15/2026 4:35:00 AM,RTD,8/15/2026 4:40:00 AM,CLUZ,Ru,550,
8/15/2026 4:35:00 AM,RTD,8/15/2026 4:40:00 AM,CMIN,Ru,1000.09,
8/15/2026 4:40:00 AM,RTD,8/15/2026 4:45:00 AM,CVIS,Dr,11600,
8/15/2026 4:40:00 AM,RTD,8/15/2026 4:45:00 AM,CMIN,Dr,7400,
8/15/2026 4:40:00 AM,RTD,8/15/2026 4:45:00 AM,CLUZ,Dr,800,
8/15/2026 4:40:00 AM,RTD,8/15/2026 4:45:00 AM,CMIN,Fr,5576.34,
8/15/2026 4:40:00 AM,RTD,8/15/2026 4:45:00 AM,CVIS,Fr,6553.37,
8/15/2026 4:40:00 AM,RTD,8/15/2026 4:45:00 AM,CLUZ,Fr,2050,
8/15/2026 4:40:00 AM,RTD,8/15/2026 4:45:00 AM,CVIS,Rd,19998,
8/15/2026 4:40:00 AM,RTD,8/15/2026 4:45:00 AM,CMIN,Rd,24946.08,
8/15/2026 4:40:00 AM,RTD,8/15/2026 4:45:00 AM,CLUZ,Rd,14999,
8/15/2026 4:40:00 AM,RTD,8/15/2026 4:45:00 AM,CVIS,Ru,19998,
8/15/2026 4:40:00 AM,RTD,8/15/2026 4:45:00 AM,CLUZ,Ru,14500,
8/15/2026 4:40:00 AM,RTD,8/15/2026 4:45:00 AM,CMIN,Ru,1000.09,
8/15/2026 4:45:00 AM,RTD,8/15/2026 4:50:00 AM,CVIS,Dr,11600,
8/15/2026 4:45:00 AM,RTD,8/15/2026 4:50:00 AM,CMIN,Dr,7400,
8/15/2026 4:45:00 AM,RTD,8/15/2026 4:50:00 AM,CLUZ,Dr,800,
8/15/2026 4:45:00 AM,RTD,8/15/2026 4:50:00 AM,CMIN,Fr,5576.31,
8/15/2026 4:45:00 AM,RTD,8/15/2026 4:50:00 AM,CVIS,Fr,6553.40,
8/15/2026 4:45:00 AM,RTD,8/15/2026 4:50:00 AM,CLUZ,Fr,2050,
8/15/2026 4:45:00 AM,RTD,8/15/2026 4:50:00 AM,CVIS,Rd,19998,
8/15/2026 4:45:00 AM,RTD,8/15/2026 4:50:00 AM,CMIN,Rd,24946.08,
8/15/2026 4:45:00 AM,RTD,8/15/2026 4:50:00 AM,CLUZ,Rd,14999,
8/15/2026 4:45:00 AM,RTD,8/15/2026 4:50:00 AM,CVIS,Ru,19998,
8/15/2026 4:45:00 AM,RTD,8/15/2026 4:50:00 AM,CLUZ,Ru,14500,
8/15/2026 4:45:00 AM,RTD,8/15/2026 4:50:00 AM,CMIN,Ru,1000.09,
8/15/2026 4:50:00 AM,RTD,8/15/2026 4:55:00 AM,CLUZ,Dr,800,
8/15/2026 4:50:00 AM,RTD,8/15/2026 4:55:00 AM,CVIS,Dr,11100,
8/15/2026 4:50:00 AM,RTD,8/15/2026 4:55:00 AM,CMIN,Dr,7400,
8/15/2026 4:50:00 AM,RTD,8/15/2026 4:55:00 AM,CVIS,Fr,16500,
8/15/2026 4:50:00 AM,RTD,8/15/2026 4:55:00 AM,CLUZ,Fr,2050,
8/15/2026 4:50:00 AM,RTD,8/15/2026 4:55:00 AM,CMIN,Fr,5563.52,
8/15/2026 4:50:00 AM,RTD,8/15/2026 4:55:00 AM,CLUZ,Rd,14999,
8/15/2026 4:50:00 AM,RTD,8/15/2026 4:55:00 AM,CVIS,Rd,19998,
8/15/2026 4:50:00 AM,RTD,8/15/2026 4:55:00 AM,CMIN,Rd,24946.08,
8/15/2026 4:50:00 AM,RTD,8/15/2026 4:55:00 AM,CLUZ,Ru,14500,
8/15/2026 4:50:00 AM,RTD,8/15/2026 4:55:00 AM,CMIN,Ru,1000.09,
8/15/2026 4:50:00 AM,RTD,8/15/2026 4:55:00 AM,CVIS,Ru,19998,
8/15/2026 4:55:00 AM,RTD,8/15/2026 5:00:00 AM,CVIS,Dr,11100,
8/15/2026 4:55:00 AM,RTD,8/15/2026 5:00:00 AM,CMIN,Dr,7400,
8/15/2026 4:55:00 AM,RTD,8/15/2026 5:00:00 AM,CLUZ,Dr,800,
8/15/2026 4:55:00 AM,RTD,8/15/2026 5:00:00 AM,CMIN,Fr,7951.17,
8/15/2026 4:55:00 AM,RTD,8/15/2026 5:00:00 AM,CVIS,Fr,9010,
8/15/2026 4:55:00 AM,RTD,8/15/2026 5:00:00 AM,CLUZ,Fr,2050,
8/15/2026 4:55:00 AM,RTD,8/15/2026 5:00:00 AM,CVIS,Rd,19998,
8/15/2026 4:55:00 AM,RTD,8/15/2026 5:00:00 AM,CMIN,Rd,24946.08,
8/15/2026 4:55:00 AM,RTD,8/15/2026 5:00:00 AM,CLUZ,Rd,14999,
8/15/2026 4:55:00 AM,RTD,8/15/2026 5:00:00 AM,CVIS,Ru,19998,
8/15/2026 4:55:00 AM,RTD,8/15/2026 5:00:00 AM,CLUZ,Ru,14500,
8/15/2026 4:55:00 AM,RTD,8/15/2026 5:00:00 AM,CMIN,Ru,1000.09,
8/15/2026 5:00:00 AM,RTD,8/15/2026 5:05:00 AM,CVIS,Dr,8000,
8/15/2026 5:00:00 AM,RTD,8/15/2026 5:05:00 AM,CMIN,Dr,7400,
8/15/2026 5:00:00 AM,RTD,8/15/2026 5:05:00 AM,CLUZ,Dr,800,
8/15/2026 5:00:00 AM,RTD,8/15/2026 5:05:00 AM,CLUZ,Fr,2050,
8/15/2026 5:00:00 AM,RTD,8/15/2026 5:05:00 AM,CMIN,Fr,5580,
8/15/2026 5:00:00 AM,RTD,8/15/2026 5:05:00 AM,CVIS,Fr,6475.88,
8/15/2026 5:00:00 AM,RTD,8/15/2026 5:05:00 AM,CLUZ,Rd,14999,
8/15/2026 5:00:00 AM,RTD,8/15/2026 5:05:00 AM,CMIN,Rd,24946.08,
8/15/2026 5:00:00 AM,RTD,8/15/2026 5:05:00 AM,CVIS,Rd,19998,
8/15/2026 5:00:00 AM,RTD,8/15/2026 5:05:00 AM,CLUZ,Ru,14500,
8/15/2026 5:00:00 AM,RTD,8/15/2026 5:05:00 AM,CMIN,Ru,1000.09,
8/15/2026 5:00:00 AM,RTD,8/15/2026 5:05:00 AM,CVIS,Ru,2001,
8/15/2026 5:05:00 AM,RTD,8/15/2026 5:10:00 AM,CMIN,Dr,7400,
8/15/2026 5:05:00 AM,RTD,8/15/2026 5:10:00 AM,CLUZ,Dr,800,
8/15/2026 5:05:00 AM,RTD,8/15/2026 5:10:00 AM,CVIS,Dr,1990,
8/15/2026 5:05:00 AM,RTD,8/15/2026 5:10:00 AM,CLUZ,Fr,2050,
8/15/2026 5:05:00 AM,RTD,8/15/2026 5:10:00 AM,CVIS,Fr,19000,
8/15/2026 5:05:00 AM,RTD,8/15/2026 5:10:00 AM,CMIN,Fr,14750,
8/15/2026 5:05:00 AM,RTD,8/15/2026 5:10:00 AM,CMIN,Rd,24946.08,
8/15/2026 5:05:00 AM,RTD,8/15/2026 5:10:00 AM,CVIS,Rd,19998,
8/15/2026 5:05:00 AM,RTD,8/15/2026 5:10:00 AM,CLUZ,Rd,14999,
8/15/2026 5:05:00 AM,RTD,8/15/2026 5:10:00 AM,CVIS,Ru,15975.83,
8/15/2026 5:05:00 AM,RTD,8/15/2026 5:10:00 AM,CLUZ,Ru,14500,
8/15/2026 5:05:00 AM,RTD,8/15/2026 5:10:00 AM,CMIN,Ru,1000.09,
8/15/2026 5:10:00 AM,RTD,8/15/2026 5:15:00 AM,CMIN,Dr,7400,
8/15/2026 5:10:00 AM,RTD,8/15/2026 5:15:00 AM,CVIS,Dr,1910,
8/15/2026 5:10:00 AM,RTD,8/15/2026 5:15:00 AM,CLUZ,Dr,800,
8/15/2026 5:10:00 AM,RTD,8/15/2026 5:15:00 AM,CVIS,Fr,20000,
8/15/2026 5:10:00 AM,RTD,8/15/2026 5:15:00 AM,CMIN,Fr,14750,
8/15/2026 5:10:00 AM,RTD,8/15/2026 5:15:00 AM,CLUZ,Fr,2050,
8/15/2026 5:10:00 AM,RTD,8/15/2026 5:15:00 AM,CLUZ,Rd,14999,
8/15/2026 5:10:00 AM,RTD,8/15/2026 5:15:00 AM,CVIS,Rd,19998,
8/15/2026 5:10:00 AM,RTD,8/15/2026 5:15:00 AM,CMIN,Rd,24946.08,
8/15/2026 5:10:00 AM,RTD,8/15/2026 5:15:00 AM,CMIN,Ru,24999.83,
8/15/2026 5:10:00 AM,RTD,8/15/2026 5:15:00 AM,CVIS,Ru,13535.30,
8/15/2026 5:10:00 AM,RTD,8/15/2026 5:15:00 AM,CLUZ,Ru,14500,
8/15/2026 5:15:00 AM,RTD,8/15/2026 5:20:00 AM,CVIS,Dr,1920,
8/15/2026 5:15:00 AM,RTD,8/15/2026 5:20:00 AM,CMIN,Dr,7400,
8/15/2026 5:15:00 AM,RTD,8/15/2026 5:20:00 AM,CLUZ,Dr,800,
8/15/2026 5:15:00 AM,RTD,8/15/2026 5:20:00 AM,CVIS,Fr,23000,
8/15/2026 5:15:00 AM,RTD,8/15/2026 5:20:00 AM,CMIN,Fr,14750,
8/15/2026 5:15:00 AM,RTD,8/15/2026 5:20:00 AM,CLUZ,Fr,2050,
8/15/2026 5:15:00 AM,RTD,8/15/2026 5:20:00 AM,CMIN,Rd,24946.08,
8/15/2026 5:15:00 AM,RTD,8/15/2026 5:20:00 AM,CLUZ,Rd,14999,
8/15/2026 5:15:00 AM,RTD,8/15/2026 5:20:00 AM,CVIS,Rd,19998,
8/15/2026 5:15:00 AM,RTD,8/15/2026 5:20:00 AM,CVIS,Ru,18237.63,
8/15/2026 5:15:00 AM,RTD,8/15/2026 5:20:00 AM,CLUZ,Ru,14500,
8/15/2026 5:15:00 AM,RTD,8/15/2026 5:20:00 AM,CMIN,Ru,24999.83,
8/15/2026 5:20:00 AM,RTD,8/15/2026 5:25:00 AM,CLUZ,Dr,800,
8/15/2026 5:20:00 AM,RTD,8/15/2026 5:25:00 AM,CVIS,Dr,1900,
8/15/2026 5:20:00 AM,RTD,8/15/2026 5:25:00 AM,CMIN,Dr,7400,
8/15/2026 5:20:00 AM,RTD,8/15/2026 5:25:00 AM,CVIS,Fr,23000,
8/15/2026 5:20:00 AM,RTD,8/15/2026 5:25:00 AM,CLUZ,Fr,2050,
8/15/2026 5:20:00 AM,RTD,8/15/2026 5:25:00 AM,CMIN,Fr,14750,
8/15/2026 5:20:00 AM,RTD,8/15/2026 5:25:00 AM,CLUZ,Rd,14999,
8/15/2026 5:20:00 AM,RTD,8/15/2026 5:25:00 AM,CVIS,Rd,19998,
8/15/2026 5:20:00 AM,RTD,8/15/2026 5:25:00 AM,CMIN,Rd,24946.08,
8/15/2026 5:20:00 AM,RTD,8/15/2026 5:25:00 AM,CLUZ,Ru,14500,
8/15/2026 5:20:00 AM,RTD,8/15/2026 5:25:00 AM,CMIN,Ru,24999.83,
8/15/2026 5:20:00 AM,RTD,8/15/2026 5:25:00 AM,CVIS,Ru,19998,
8/15/2026 5:25:00 AM,RTD,8/15/2026 5:30:00 AM,CLUZ,Dr,800,
8/15/2026 5:25:00 AM,RTD,8/15/2026 5:30:00 AM,CMIN,Dr,7400,
8/15/2026 5:25:00 AM,RTD,8/15/2026 5:30:00 AM,CVIS,Dr,1900,
8/15/2026 5:25:00 AM,RTD,8/15/2026 5:30:00 AM,CMIN,Fr,14750,
8/15/2026 5:25:00 AM,RTD,8/15/2026 5:30:00 AM,CLUZ,Fr,2050,
8/15/2026 5:25:00 AM,RTD,8/15/2026 5:30:00 AM,CVIS,Fr,23000,
8/15/2026 5:25:00 AM,RTD,8/15/2026 5:30:00 AM,CLUZ,Rd,14999,
8/15/2026 5:25:00 AM,RTD,8/15/2026 5:30:00 AM,CMIN,Rd,24946.08,
8/15/2026 5:25:00 AM,RTD,8/15/2026 5:30:00 AM,CVIS,Rd,19998,
8/15/2026 5:25:00 AM,RTD,8/15/2026 5:30:00 AM,CLUZ,Ru,17800.42,
8/15/2026 5:25:00 AM,RTD,8/15/2026 5:30:00 AM,CMIN,Ru,24999.83,
8/15/2026 5:25:00 AM,RTD,8/15/2026 5:30:00 AM,CVIS,Ru,19998,
8/15/2026 5:30:00 AM,RTD,8/15/2026 5:35:00 AM,CVIS,Dr,5047.48,
8/15/2026 5:30:00 AM,RTD,8/15/2026 5:35:00 AM,CMIN,Dr,7400,
8/15/2026 5:30:00 AM,RTD,8/15/2026 5:35:00 AM,CLUZ,Dr,800,
8/15/2026 5:30:00 AM,RTD,8/15/2026 5:35:00 AM,CMIN,Fr,14750,
8/15/2026 5:30:00 AM,RTD,8/15/2026 5:35:00 AM,CVIS,Fr,23000,
8/15/2026 5:30:00 AM,RTD,8/15/2026 5:35:00 AM,CLUZ,Fr,2050,
8/15/2026 5:30:00 AM,RTD,8/15/2026 5:35:00 AM,CVIS,Rd,19998,
8/15/2026 5:30:00 AM,RTD,8/15/2026 5:35:00 AM,CMIN,Rd,24946.08,
8/15/2026 5:30:00 AM,RTD,8/15/2026 5:35:00 AM,CLUZ,Rd,14999,
8/15/2026 5:30:00 AM,RTD,8/15/2026 5:35:00 AM,CVIS,Ru,19998,
8/15/2026 5:30:00 AM,RTD,8/15/2026 5:35:00 AM,CLUZ,Ru,17836.35,
8/15/2026 5:30:00 AM,RTD,8/15/2026 5:35:00 AM,CMIN,Ru,24999.83,
8/15/2026 5:35:00 AM,RTD,8/15/2026 5:40:00 AM,CVIS,Dr,6296.95,
8/15/2026 5:35:00 AM,RTD,8/15/2026 5:40:00 AM,CMIN,Dr,7400,
8/15/2026 5:35:00 AM,RTD,8/15/2026 5:40:00 AM,CLUZ,Dr,800,
8/15/2026 5:35:00 AM,RTD,8/15/2026 5:40:00 AM,CMIN,Fr,15000,
8/15/2026 5:35:00 AM,RTD,8/15/2026 5:40:00 AM,CVIS,Fr,23000,
8/15/2026 5:35:00 AM,RTD,8/15/2026 5:40:00 AM,CLUZ,Fr,2050,
8/15/2026 5:35:00 AM,RTD,8/15/2026 5:40:00 AM,CVIS,Rd,19998,
8/15/2026 5:35:00 AM,RTD,8/15/2026 5:40:00 AM,CMIN,Rd,24946.08,
8/15/2026 5:35:00 AM,RTD,8/15/2026 5:40:00 AM,CLUZ,Rd,14999,
8/15/2026 5:35:00 AM,RTD,8/15/2026 5:40:00 AM,CVIS,Ru,19998,
8/15/2026 5:35:00 AM,RTD,8/15/2026 5:40:00 AM,CLUZ,Ru,17835.44,
8/15/2026 5:35:00 AM,RTD,8/15/2026 5:40:00 AM,CMIN,Ru,24999.83,
8/15/2026 5:40:00 AM,RTD,8/15/2026 5:45:00 AM,CVIS,Dr,6509.59,
8/15/2026 5:40:00 AM,RTD,8/15/2026 5:45:00 AM,CMIN,Dr,600,
8/15/2026 5:40:00 AM,RTD,8/15/2026 5:45:00 AM,CLUZ,Dr,800,
8/15/2026 5:40:00 AM,RTD,8/15/2026 5:45:00 AM,CMIN,Fr,15000,
8/15/2026 5:40:00 AM,RTD,8/15/2026 5:45:00 AM,CVIS,Fr,23000,
8/15/2026 5:40:00 AM,RTD,8/15/2026 5:45:00 AM,CLUZ,Fr,2050,
8/15/2026 5:40:00 AM,RTD,8/15/2026 5:45:00 AM,CVIS,Rd,19998,
8/15/2026 5:40:00 AM,RTD,8/15/2026 5:45:00 AM,CMIN,Rd,24946.08,
8/15/2026 5:40:00 AM,RTD,8/15/2026 5:45:00 AM,CLUZ,Rd,14999,
8/15/2026 5:40:00 AM,RTD,8/15/2026 5:45:00 AM,CVIS,Ru,19998,
8/15/2026 5:40:00 AM,RTD,8/15/2026 5:45:00 AM,CLUZ,Ru,17796.79,
8/15/2026 5:40:00 AM,RTD,8/15/2026 5:45:00 AM,CMIN,Ru,24999.83,
8/15/2026 5:45:00 AM,RTD,8/15/2026 5:50:00 AM,CVIS,Dr,5337.02,
8/15/2026 5:45:00 AM,RTD,8/15/2026 5:50:00 AM,CMIN,Dr,600,
8/15/2026 5:45:00 AM,RTD,8/15/2026 5:50:00 AM,CLUZ,Dr,800,
8/15/2026 5:45:00 AM,RTD,8/15/2026 5:50:00 AM,CMIN,Fr,15000,
8/15/2026 5:45:00 AM,RTD,8/15/2026 5:50:00 AM,CVIS,Fr,23000,
8/15/2026 5:45:00 AM,RTD,8/15/2026 5:50:00 AM,CLUZ,Fr,2050,
8/15/2026 5:45:00 AM,RTD,8/15/2026 5:50:00 AM,CVIS,Rd,19998,
8/15/2026 5:45:00 AM,RTD,8/15/2026 5:50:00 AM,CMIN,Rd,24946.08,
8/15/2026 5:45:00 AM,RTD,8/15/2026 5:50:00 AM,CLUZ,Rd,14999,
8/15/2026 5:45:00 AM,RTD,8/15/2026 5:50:00 AM,CVIS,Ru,19998,
8/15/2026 5:45:00 AM,RTD,8/15/2026 5:50:00 AM,CLUZ,Ru,17929.58,
8/15/2026 5:45:00 AM,RTD,8/15/2026 5:50:00 AM,CMIN,Ru,24999.83,
8/15/2026 5:50:00 AM,RTD,8/15/2026 5:55:00 AM,CVIS,Dr,5271.87,
8/15/2026 5:50:00 AM,RTD,8/15/2026 5:55:00 AM,CMIN,Dr,600,
8/15/2026 5:50:00 AM,RTD,8/15/2026 5:55:00 AM,CLUZ,Dr,800,
8/15/2026 5:50:00 AM,RTD,8/15/2026 5:55:00 AM,CMIN,Fr,15000,
8/15/2026 5:50:00 AM,RTD,8/15/2026 5:55:00 AM,CVIS,Fr,23000,
8/15/2026 5:50:00 AM,RTD,8/15/2026 5:55:00 AM,CLUZ,Fr,2050,
8/15/2026 5:50:00 AM,RTD,8/15/2026 5:55:00 AM,CVIS,Rd,19998,
8/15/2026 5:50:00 AM,RTD,8/15/2026 5:55:00 AM,CMIN,Rd,24946.08,
8/15/2026 5:50:00 AM,RTD,8/15/2026 5:55:00 AM,CLUZ,Rd,14999,
8/15/2026 5:50:00 AM,RTD,8/15/2026 5:55:00 AM,CVIS,Ru,19998,
8/15/2026 5:50:00 AM,RTD,8/15/2026 5:55:00 AM,CLUZ,Ru,18309.31,
8/15/2026 5:50:00 AM,RTD,8/15/2026 5:55:00 AM,CMIN,Ru,24999.83,
8/15/2026 5:55:00 AM,RTD,8/15/2026 6:00:00 AM,CLUZ,Dr,800,
8/15/2026 5:55:00 AM,RTD,8/15/2026 6:00:00 AM,CVIS,Dr,1900,
8/15/2026 5:55:00 AM,RTD,8/15/2026 6:00:00 AM,CMIN,Dr,600,
8/15/2026 5:55:00 AM,RTD,8/15/2026 6:00:00 AM,CVIS,Fr,22277.88,
8/15/2026 5:55:00 AM,RTD,8/15/2026 6:00:00 AM,CLUZ,Fr,2050,
8/15/2026 5:55:00 AM,RTD,8/15/2026 6:00:00 AM,CMIN,Fr,15000,
8/15/2026 5:55:00 AM,RTD,8/15/2026 6:00:00 AM,CLUZ,Rd,14999,
8/15/2026 5:55:00 AM,RTD,8/15/2026 6:00:00 AM,CVIS,Rd,19998,
8/15/2026 5:55:00 AM,RTD,8/15/2026 6:00:00 AM,CMIN,Rd,24946.08,
8/15/2026 5:55:00 AM,RTD,8/15/2026 6:00:00 AM,CLUZ,Ru,18105.28,
8/15/2026 5:55:00 AM,RTD,8/15/2026 6:00:00 AM,CMIN,Ru,24999.83,
8/15/2026 5:55:00 AM,RTD,8/15/2026 6:00:00 AM,CVIS,Ru,19998,
8/15/2026 6:00:00 AM,RTD,8/15/2026 6:05:00 AM,CLUZ,Dr,800,
8/15/2026 6:00:00 AM,RTD,8/15/2026 6:05:00 AM,CVIS,Dr,2000,
8/15/2026 6:00:00 AM,RTD,8/15/2026 6:05:00 AM,CMIN,Dr,600,
8/15/2026 6:00:00 AM,RTD,8/15/2026 6:05:00 AM,CVIS,Fr,18000,
8/15/2026 6:00:00 AM,RTD,8/15/2026 6:05:00 AM,CLUZ,Fr,2050,
8/15/2026 6:00:00 AM,RTD,8/15/2026 6:05:00 AM,CMIN,Fr,7963.99,
8/15/2026 6:00:00 AM,RTD,8/15/2026 6:05:00 AM,CLUZ,Rd,14999,
8/15/2026 6:00:00 AM,RTD,8/15/2026 6:05:00 AM,CVIS,Rd,19998,
8/15/2026 6:00:00 AM,RTD,8/15/2026 6:05:00 AM,CMIN,Rd,24946.08,
8/15/2026 6:00:00 AM,RTD,8/15/2026 6:05:00 AM,CLUZ,Ru,18055.65,
8/15/2026 6:00:00 AM,RTD,8/15/2026 6:05:00 AM,CMIN,Ru,24999.83,
8/15/2026 6:00:00 AM,RTD,8/15/2026 6:05:00 AM,CVIS,Ru,19998,
8/15/2026 6:05:00 AM,RTD,8/15/2026 6:10:00 AM,CVIS,Dr,1900,
8/15/2026 6:05:00 AM,RTD,8/15/2026 6:10:00 AM,CMIN,Dr,600,
8/15/2026 6:05:00 AM,RTD,8/15/2026 6:10:00 AM,CLUZ,Dr,800,
8/15/2026 6:05:00 AM,RTD,8/15/2026 6:10:00 AM,CMIN,Fr,4545.73,
8/15/2026 6:05:00 AM,RTD,8/15/2026 6:10:00 AM,CVIS,Fr,15820.77,
8/15/2026 6:05:00 AM,RTD,8/15/2026 6:10:00 AM,CLUZ,Fr,2050,
8/15/2026 6:05:00 AM,RTD,8/15/2026 6:10:00 AM,CVIS,Rd,19998,
8/15/2026 6:05:00 AM,RTD,8/15/2026 6:10:00 AM,CMIN,Rd,24946.08,
8/15/2026 6:05:00 AM,RTD,8/15/2026 6:10:00 AM,CLUZ,Rd,14999,
8/15/2026 6:05:00 AM,RTD,8/15/2026 6:10:00 AM,CVIS,Ru,19998,
8/15/2026 6:05:00 AM,RTD,8/15/2026 6:10:00 AM,CLUZ,Ru,19717.88,
8/15/2026 6:05:00 AM,RTD,8/15/2026 6:10:00 AM,CMIN,Ru,24999.83,
8/15/2026 6:10:00 AM,RTD,8/15/2026 6:15:00 AM,CVIS,Dr,1900,
8/15/2026 6:10:00 AM,RTD,8/15/2026 6:15:00 AM,CMIN,Dr,600,
8/15/2026 6:10:00 AM,RTD,8/15/2026 6:15:00 AM,CLUZ,Dr,800,
8/15/2026 6:10:00 AM,RTD,8/15/2026 6:15:00 AM,CMIN,Fr,4143.76,
8/15/2026 6:10:00 AM,RTD,8/15/2026 6:15:00 AM,CVIS,Fr,15410.13,
8/15/2026 6:10:00 AM,RTD,8/15/2026 6:15:00 AM,CLUZ,Fr,2050,
8/15/2026 6:10:00 AM,RTD,8/15/2026 6:15:00 AM,CVIS,Rd,19998,
8/15/2026 6:10:00 AM,RTD,8/15/2026 6:15:00 AM,CMIN,Rd,24946.08,
8/15/2026 6:10:00 AM,RTD,8/15/2026 6:15:00 AM,CLUZ,Rd,14999,
8/15/2026 6:10:00 AM,RTD,8/15/2026 6:15:00 AM,CVIS,Ru,19998,
8/15/2026 6:10:00 AM,RTD,8/15/2026 6:15:00 AM,CLUZ,Ru,18022.11,
8/15/2026 6:10:00 AM,RTD,8/15/2026 6:15:00 AM,CMIN,Ru,24999.83,
8/15/2026 6:15:00 AM,RTD,8/15/2026 6:20:00 AM,CLUZ,Dr,800,
8/15/2026 6:15:00 AM,RTD,8/15/2026 6:20:00 AM,CVIS,Dr,1900,
8/15/2026 6:15:00 AM,RTD,8/15/2026 6:20:00 AM,CMIN,Dr,600,
8/15/2026 6:15:00 AM,RTD,8/15/2026 6:20:00 AM,CMIN,Fr,4562.97,
8/15/2026 6:15:00 AM,RTD,8/15/2026 6:20:00 AM,CLUZ,Fr,2050,
8/15/2026 6:15:00 AM,RTD,8/15/2026 6:20:00 AM,CVIS,Fr,15838.22,
8/15/2026 6:15:00 AM,RTD,8/15/2026 6:20:00 AM,CMIN,Rd,24946.08,
8/15/2026 6:15:00 AM,RTD,8/15/2026 6:20:00 AM,CVIS,Rd,19998,
8/15/2026 6:15:00 AM,RTD,8/15/2026 6:20:00 AM,CLUZ,Rd,14999,
8/15/2026 6:15:00 AM,RTD,8/15/2026 6:20:00 AM,CLUZ,Ru,17803.33,
8/15/2026 6:15:00 AM,RTD,8/15/2026 6:20:00 AM,CMIN,Ru,24999.83,
8/15/2026 6:15:00 AM,RTD,8/15/2026 6:20:00 AM,CVIS,Ru,19998,
8/15/2026 6:20:00 AM,RTD,8/15/2026 6:25:00 AM,CVIS,Dr,1900,
8/15/2026 6:20:00 AM,RTD,8/15/2026 6:25:00 AM,CMIN,Dr,600,
8/15/2026 6:20:00 AM,RTD,8/15/2026 6:25:00 AM,CLUZ,Dr,800,
8/15/2026 6:20:00 AM,RTD,8/15/2026 6:25:00 AM,CMIN,Fr,4518.75,
8/15/2026 6:20:00 AM,RTD,8/15/2026 6:25:00 AM,CVIS,Fr,15803.87,
8/15/2026 6:20:00 AM,RTD,8/15/2026 6:25:00 AM,CLUZ,Fr,2050,
8/15/2026 6:20:00 AM,RTD,8/15/2026 6:25:00 AM,CVIS,Rd,19998,
8/15/2026 6:20:00 AM,RTD,8/15/2026 6:25:00 AM,CMIN,Rd,24946.08,
8/15/2026 6:20:00 AM,RTD,8/15/2026 6:25:00 AM,CLUZ,Rd,14999,
8/15/2026 6:20:00 AM,RTD,8/15/2026 6:25:00 AM,CVIS,Ru,19998,
8/15/2026 6:20:00 AM,RTD,8/15/2026 6:25:00 AM,CLUZ,Ru,14500,
8/15/2026 6:20:00 AM,RTD,8/15/2026 6:25:00 AM,CMIN,Ru,24999.83,
8/15/2026 6:25:00 AM,RTD,8/15/2026 6:30:00 AM,CVIS,Dr,1900,
8/15/2026 6:25:00 AM,RTD,8/15/2026 6:30:00 AM,CMIN,Dr,600,
8/15/2026 6:25:00 AM,RTD,8/15/2026 6:30:00 AM,CLUZ,Dr,800,
8/15/2026 6:25:00 AM,RTD,8/15/2026 6:30:00 AM,CMIN,Fr,4524.21,
8/15/2026 6:25:00 AM,RTD,8/15/2026 6:30:00 AM,CVIS,Fr,15815.59,
8/15/2026 6:25:00 AM,RTD,8/15/2026 6:30:00 AM,CLUZ,Fr,2050,
8/15/2026 6:25:00 AM,RTD,8/15/2026 6:30:00 AM,CVIS,Rd,19998,
8/15/2026 6:25:00 AM,RTD,8/15/2026 6:30:00 AM,CLUZ,Rd,14999,
8/15/2026 6:25:00 AM,RTD,8/15/2026 6:30:00 AM,CMIN,Rd,24946.08,
8/15/2026 6:25:00 AM,RTD,8/15/2026 6:30:00 AM,CVIS,Ru,19998,
8/15/2026 6:25:00 AM,RTD,8/15/2026 6:30:00 AM,CMIN,Ru,24999.83,
8/15/2026 6:25:00 AM,RTD,8/15/2026 6:30:00 AM,CLUZ,Ru,14500,
8/15/2026 6:30:00 AM,RTD,8/15/2026 6:35:00 AM,CLUZ,Dr,800,
8/15/2026 6:30:00 AM,RTD,8/15/2026 6:35:00 AM,CMIN,Dr,600,
8/15/2026 6:30:00 AM,RTD,8/15/2026 6:35:00 AM,CVIS,Dr,1900,
8/15/2026 6:30:00 AM,RTD,8/15/2026 6:35:00 AM,CMIN,Fr,4517.34,
8/15/2026 6:30:00 AM,RTD,8/15/2026 6:35:00 AM,CLUZ,Fr,2050,
8/15/2026 6:30:00 AM,RTD,8/15/2026 6:35:00 AM,CVIS,Fr,15800.19,
8/15/2026 6:30:00 AM,RTD,8/15/2026 6:35:00 AM,CLUZ,Rd,14999,
8/15/2026 6:30:00 AM,RTD,8/15/2026 6:35:00 AM,CMIN,Rd,24946.08,
8/15/2026 6:30:00 AM,RTD,8/15/2026 6:35:00 AM,CVIS,Rd,19998,
8/15/2026 6:30:00 AM,RTD,8/15/2026 6:35:00 AM,CLUZ,Ru,14449,
8/15/2026 6:30:00 AM,RTD,8/15/2026 6:35:00 AM,CMIN,Ru,24999.83,
8/15/2026 6:30:00 AM,RTD,8/15/2026 6:35:00 AM,CVIS,Ru,19998,
8/15/2026 6:35:00 AM,RTD,8/15/2026 6:40:00 AM,CVIS,Dr,1900,
8/15/2026 6:35:00 AM,RTD,8/15/2026 6:40:00 AM,CMIN,Dr,600,
8/15/2026 6:35:00 AM,RTD,8/15/2026 6:40:00 AM,CLUZ,Dr,800,
8/15/2026 6:35:00 AM,RTD,8/15/2026 6:40:00 AM,CMIN,Fr,4090.83,
8/15/2026 6:35:00 AM,RTD,8/15/2026 6:40:00 AM,CVIS,Fr,15375.89,
8/15/2026 6:35:00 AM,RTD,8/15/2026 6:40:00 AM,CLUZ,Fr,2050,
8/15/2026 6:35:00 AM,RTD,8/15/2026 6:40:00 AM,CVIS,Rd,19998,
8/15/2026 6:35:00 AM,RTD,8/15/2026 6:40:00 AM,CMIN,Rd,24946.08,
8/15/2026 6:35:00 AM,RTD,8/15/2026 6:40:00 AM,CLUZ,Rd,15000,
8/15/2026 6:35:00 AM,RTD,8/15/2026 6:40:00 AM,CVIS,Ru,19998,
8/15/2026 6:35:00 AM,RTD,8/15/2026 6:40:00 AM,CLUZ,Ru,17837.05,
8/15/2026 6:35:00 AM,RTD,8/15/2026 6:40:00 AM,CMIN,Ru,24999.83,
8/15/2026 6:40:00 AM,RTD,8/15/2026 6:45:00 AM,CVIS,Dr,1900,
8/15/2026 6:40:00 AM,RTD,8/15/2026 6:45:00 AM,CMIN,Dr,600,
8/15/2026 6:40:00 AM,RTD,8/15/2026 6:45:00 AM,CLUZ,Dr,800,
8/15/2026 6:40:00 AM,RTD,8/15/2026 6:45:00 AM,CMIN,Fr,4043.80,
8/15/2026 6:40:00 AM,RTD,8/15/2026 6:45:00 AM,CVIS,Fr,15341.74,
8/15/2026 6:40:00 AM,RTD,8/15/2026 6:45:00 AM,CLUZ,Fr,2050,
8/15/2026 6:40:00 AM,RTD,8/15/2026 6:45:00 AM,CVIS,Rd,19998,
8/15/2026 6:40:00 AM,RTD,8/15/2026 6:45:00 AM,CMIN,Rd,24946.08,
8/15/2026 6:40:00 AM,RTD,8/15/2026 6:45:00 AM,CLUZ,Rd,15000,
8/15/2026 6:40:00 AM,RTD,8/15/2026 6:45:00 AM,CVIS,Ru,19998,
8/15/2026 6:40:00 AM,RTD,8/15/2026 6:45:00 AM,CLUZ,Ru,17799.31,
8/15/2026 6:40:00 AM,RTD,8/15/2026 6:45:00 AM,CMIN,Ru,24999.83,
8/15/2026 6:45:00 AM,RTD,8/15/2026 6:50:00 AM,CVIS,Dr,1900,
8/15/2026 6:45:00 AM,RTD,8/15/2026 6:50:00 AM,CMIN,Dr,600,
8/15/2026 6:45:00 AM,RTD,8/15/2026 6:50:00 AM,CLUZ,Dr,800,
8/15/2026 6:45:00 AM,RTD,8/15/2026 6:50:00 AM,CMIN,Fr,3604,
8/15/2026 6:45:00 AM,RTD,8/15/2026 6:50:00 AM,CVIS,Fr,15000,
8/15/2026 6:45:00 AM,RTD,8/15/2026 6:50:00 AM,CLUZ,Fr,2050,
8/15/2026 6:45:00 AM,RTD,8/15/2026 6:50:00 AM,CVIS,Rd,19998,
8/15/2026 6:45:00 AM,RTD,8/15/2026 6:50:00 AM,CMIN,Rd,24946.08,
8/15/2026 6:45:00 AM,RTD,8/15/2026 6:50:00 AM,CLUZ,Rd,15000,
8/15/2026 6:45:00 AM,RTD,8/15/2026 6:50:00 AM,CVIS,Ru,19998,
8/15/2026 6:45:00 AM,RTD,8/15/2026 6:50:00 AM,CLUZ,Ru,17794.25,
8/15/2026 6:45:00 AM,RTD,8/15/2026 6:50:00 AM,CMIN,Ru,24999.83,
8/15/2026 6:50:00 AM,RTD,8/15/2026 6:55:00 AM,CVIS,Dr,1900,
8/15/2026 6:50:00 AM,RTD,8/15/2026 6:55:00 AM,CMIN,Dr,600,
8/15/2026 6:50:00 AM,RTD,8/15/2026 6:55:00 AM,CLUZ,Dr,800,
8/15/2026 6:50:00 AM,RTD,8/15/2026 6:55:00 AM,CMIN,Fr,3604,
8/15/2026 6:50:00 AM,RTD,8/15/2026 6:55:00 AM,CVIS,Fr,15000,
8/15/2026 6:50:00 AM,RTD,8/15/2026 6:55:00 AM,CLUZ,Fr,2000,
8/15/2026 6:50:00 AM,RTD,8/15/2026 6:55:00 AM,CVIS,Rd,19998,
8/15/2026 6:50:00 AM,RTD,8/15/2026 6:55:00 AM,CMIN,Rd,24946.08,
8/15/2026 6:50:00 AM,RTD,8/15/2026 6:55:00 AM,CLUZ,Rd,15000,
8/15/2026 6:50:00 AM,RTD,8/15/2026 6:55:00 AM,CVIS,Ru,19998,
8/15/2026 6:50:00 AM,RTD,8/15/2026 6:55:00 AM,CLUZ,Ru,16919.57,
8/15/2026 6:50:00 AM,RTD,8/15/2026 6:55:00 AM,CMIN,Ru,24999.83,
8/15/2026 6:55:00 AM,RTD,8/15/2026 7:00:00 AM,CVIS,Dr,1900,
8/15/2026 6:55:00 AM,RTD,8/15/2026 7:00:00 AM,CMIN,Dr,600,
8/15/2026 6:55:00 AM,RTD,8/15/2026 7:00:00 AM,CLUZ,Dr,800,
8/15/2026 6:55:00 AM,RTD,8/15/2026 7:00:00 AM,CMIN,Fr,4014.76,
8/15/2026 6:55:00 AM,RTD,8/15/2026 7:00:00 AM,CVIS,Fr,15299.09,
8/15/2026 6:55:00 AM,RTD,8/15/2026 7:00:00 AM,CLUZ,Fr,2050,
8/15/2026 6:55:00 AM,RTD,8/15/2026 7:00:00 AM,CVIS,Rd,19998,
8/15/2026 6:55:00 AM,RTD,8/15/2026 7:00:00 AM,CMIN,Rd,24946.08,
8/15/2026 6:55:00 AM,RTD,8/15/2026 7:00:00 AM,CLUZ,Rd,15000,
8/15/2026 6:55:00 AM,RTD,8/15/2026 7:00:00 AM,CVIS,Ru,19998,
8/15/2026 6:55:00 AM,RTD,8/15/2026 7:00:00 AM,CLUZ,Ru,1000,
8/15/2026 6:55:00 AM,RTD,8/15/2026 7:00:00 AM,CMIN,Ru,24999.83,
8/15/2026 7:00:00 AM,RTD,8/15/2026 7:05:00 AM,CMIN,Dr,600,
8/15/2026 7:00:00 AM,RTD,8/15/2026 7:05:00 AM,CLUZ,Dr,850,
8/15/2026 7:00:00 AM,RTD,8/15/2026 7:05:00 AM,CVIS,Dr,8000,
8/15/2026 7:00:00 AM,RTD,8/15/2026 7:05:00 AM,CLUZ,Fr,1697.70,
8/15/2026 7:00:00 AM,RTD,8/15/2026 7:05:00 AM,CMIN,Fr,3604,
8/15/2026 7:00:00 AM,RTD,8/15/2026 7:05:00 AM,CVIS,Fr,15000,
8/15/2026 7:00:00 AM,RTD,8/15/2026 7:05:00 AM,CMIN,Rd,24999.83,
8/15/2026 7:00:00 AM,RTD,8/15/2026 7:05:00 AM,CLUZ,Rd,14999,
8/15/2026 7:00:00 AM,RTD,8/15/2026 7:05:00 AM,CVIS,Rd,19998,
8/15/2026 7:00:00 AM,RTD,8/15/2026 7:05:00 AM,CMIN,Ru,24999.83,
8/15/2026 7:00:00 AM,RTD,8/15/2026 7:05:00 AM,CVIS,Ru,19998,
8/15/2026 7:00:00 AM,RTD,8/15/2026 7:05:00 AM,CLUZ,Ru,14449,
8/15/2026 7:05:00 AM,RTD,8/15/2026 7:10:00 AM,CVIS,Dr,2020,
8/15/2026 7:05:00 AM,RTD,8/15/2026 7:10:00 AM,CMIN,Dr,600,
8/15/2026 7:05:00 AM,RTD,8/15/2026 7:10:00 AM,CLUZ,Dr,850,
8/15/2026 7:05:00 AM,RTD,8/15/2026 7:10:00 AM,CMIN,Fr,3248,
8/15/2026 7:05:00 AM,RTD,8/15/2026 7:10:00 AM,CVIS,Fr,15000,
8/15/2026 7:05:00 AM,RTD,8/15/2026 7:10:00 AM,CLUZ,Fr,1900,
8/15/2026 7:05:00 AM,RTD,8/15/2026 7:10:00 AM,CVIS,Rd,19998,
8/15/2026 7:05:00 AM,RTD,8/15/2026 7:10:00 AM,CMIN,Rd,24946.08,
8/15/2026 7:05:00 AM,RTD,8/15/2026 7:10:00 AM,CLUZ,Rd,14999,
8/15/2026 7:05:00 AM,RTD,8/15/2026 7:10:00 AM,CVIS,Ru,19998,
8/15/2026 7:05:00 AM,RTD,8/15/2026 7:10:00 AM,CLUZ,Ru,14449,
8/15/2026 7:05:00 AM,RTD,8/15/2026 7:10:00 AM,CMIN,Ru,24999.83,
8/15/2026 7:10:00 AM,RTD,8/15/2026 7:15:00 AM,CVIS,Dr,2020,
8/15/2026 7:10:00 AM,RTD,8/15/2026 7:15:00 AM,CMIN,Dr,600,
8/15/2026 7:10:00 AM,RTD,8/15/2026 7:15:00 AM,CLUZ,Dr,850,
8/15/2026 7:10:00 AM,RTD,8/15/2026 7:15:00 AM,CMIN,Fr,3248,
8/15/2026 7:10:00 AM,RTD,8/15/2026 7:15:00 AM,CVIS,Fr,15000,
8/15/2026 7:10:00 AM,RTD,8/15/2026 7:15:00 AM,CLUZ,Fr,1900,
8/15/2026 7:10:00 AM,RTD,8/15/2026 7:15:00 AM,CVIS,Rd,19998,
8/15/2026 7:10:00 AM,RTD,8/15/2026 7:15:00 AM,CMIN,Rd,24946.08,
8/15/2026 7:10:00 AM,RTD,8/15/2026 7:15:00 AM,CLUZ,Rd,14999,
8/15/2026 7:10:00 AM,RTD,8/15/2026 7:15:00 AM,CVIS,Ru,19998,
8/15/2026 7:10:00 AM,RTD,8/15/2026 7:15:00 AM,CLUZ,Ru,14449,
8/15/2026 7:10:00 AM,RTD,8/15/2026 7:15:00 AM,CMIN,Ru,24999.83,
8/15/2026 7:15:00 AM,RTD,8/15/2026 7:20:00 AM,CVIS,Dr,2020,
8/15/2026 7:15:00 AM,RTD,8/15/2026 7:20:00 AM,CMIN,Dr,600,
8/15/2026 7:15:00 AM,RTD,8/15/2026 7:20:00 AM,CLUZ,Dr,850,
8/15/2026 7:15:00 AM,RTD,8/15/2026 7:20:00 AM,CMIN,Fr,3248,
8/15/2026 7:15:00 AM,RTD,8/15/2026 7:20:00 AM,CVIS,Fr,15000,
8/15/2026 7:15:00 AM,RTD,8/15/2026 7:20:00 AM,CLUZ,Fr,1130,
8/15/2026 7:15:00 AM,RTD,8/15/2026 7:20:00 AM,CVIS,Rd,19998,
8/15/2026 7:15:00 AM,RTD,8/15/2026 7:20:00 AM,CMIN,Rd,24946.08,
8/15/2026 7:15:00 AM,RTD,8/15/2026 7:20:00 AM,CLUZ,Rd,14999,
8/15/2026 7:15:00 AM,RTD,8/15/2026 7:20:00 AM,CVIS,Ru,19998,
8/15/2026 7:15:00 AM,RTD,8/15/2026 7:20:00 AM,CLUZ,Ru,14449,
8/15/2026 7:15:00 AM,RTD,8/15/2026 7:20:00 AM,CMIN,Ru,24999.83,
8/15/2026 7:20:00 AM,RTD,8/15/2026 7:25:00 AM,CVIS,Dr,2010,
8/15/2026 7:20:00 AM,RTD,8/15/2026 7:25:00 AM,CMIN,Dr,600,
8/15/2026 7:20:00 AM,RTD,8/15/2026 7:25:00 AM,CLUZ,Dr,850,
8/15/2026 7:20:00 AM,RTD,8/15/2026 7:25:00 AM,CMIN,Fr,3619.74,
8/15/2026 7:20:00 AM,RTD,8/15/2026 7:25:00 AM,CVIS,Fr,4520,
8/15/2026 7:20:00 AM,RTD,8/15/2026 7:25:00 AM,CLUZ,Fr,1800,
8/15/2026 7:20:00 AM,RTD,8/15/2026 7:25:00 AM,CVIS,Rd,19998,
8/15/2026 7:20:00 AM,RTD,8/15/2026 7:25:00 AM,CMIN,Rd,24946.08,
8/15/2026 7:20:00 AM,RTD,8/15/2026 7:25:00 AM,CLUZ,Rd,14999,
8/15/2026 7:20:00 AM,RTD,8/15/2026 7:25:00 AM,CVIS,Ru,19998,
8/15/2026 7:20:00 AM,RTD,8/15/2026 7:25:00 AM,CLUZ,Ru,14449,
8/15/2026 7:20:00 AM,RTD,8/15/2026 7:25:00 AM,CMIN,Ru,24999.83,
8/15/2026 7:25:00 AM,RTD,8/15/2026 7:30:00 AM,CLUZ,Dr,850,
8/15/2026 7:25:00 AM,RTD,8/15/2026 7:30:00 AM,CVIS,Dr,2010,
8/15/2026 7:25:00 AM,RTD,8/15/2026 7:30:00 AM,CMIN,Dr,600,
8/15/2026 7:25:00 AM,RTD,8/15/2026 7:30:00 AM,CVIS,Fr,4520,
8/15/2026 7:25:00 AM,RTD,8/15/2026 7:30:00 AM,CLUZ,Fr,1800,
8/15/2026 7:25:00 AM,RTD,8/15/2026 7:30:00 AM,CMIN,Fr,3623.52,
8/15/2026 7:25:00 AM,RTD,8/15/2026 7:30:00 AM,CVIS,Rd,19998,
8/15/2026 7:25:00 AM,RTD,8/15/2026 7:30:00 AM,CLUZ,Rd,15000,
8/15/2026 7:25:00 AM,RTD,8/15/2026 7:30:00 AM,CMIN,Rd,24946.08,
8/15/2026 7:25:00 AM,RTD,8/15/2026 7:30:00 AM,CVIS,Ru,19998,
8/15/2026 7:25:00 AM,RTD,8/15/2026 7:30:00 AM,CLUZ,Ru,16720.50,
8/15/2026 7:25:00 AM,RTD,8/15/2026 7:30:00 AM,CMIN,Ru,24999.83,
8/15/2026 7:30:00 AM,RTD,8/15/2026 7:35:00 AM,CVIS,Dr,2010,
8/15/2026 7:30:00 AM,RTD,8/15/2026 7:35:00 AM,CMIN,Dr,600,
8/15/2026 7:30:00 AM,RTD,8/15/2026 7:35:00 AM,CLUZ,Dr,850,
8/15/2026 7:30:00 AM,RTD,8/15/2026 7:35:00 AM,CMIN,Fr,3663.22,
8/15/2026 7:30:00 AM,RTD,8/15/2026 7:35:00 AM,CVIS,Fr,4520,
8/15/2026 7:30:00 AM,RTD,8/15/2026 7:35:00 AM,CLUZ,Fr,1800,
8/15/2026 7:30:00 AM,RTD,8/15/2026 7:35:00 AM,CVIS,Rd,19998,
8/15/2026 7:30:00 AM,RTD,8/15/2026 7:35:00 AM,CMIN,Rd,24946.08,
8/15/2026 7:30:00 AM,RTD,8/15/2026 7:35:00 AM,CLUZ,Rd,15000,
8/15/2026 7:30:00 AM,RTD,8/15/2026 7:35:00 AM,CVIS,Ru,19998,
8/15/2026 7:30:00 AM,RTD,8/15/2026 7:35:00 AM,CLUZ,Ru,21499,
8/15/2026 7:30:00 AM,RTD,8/15/2026 7:35:00 AM,CMIN,Ru,24999.83,
8/15/2026 7:35:00 AM,RTD,8/15/2026 7:40:00 AM,CVIS,Dr,2010,
8/15/2026 7:35:00 AM,RTD,8/15/2026 7:40:00 AM,CMIN,Dr,600,
8/15/2026 7:35:00 AM,RTD,8/15/2026 7:40:00 AM,CLUZ,Dr,850,
8/15/2026 7:35:00 AM,RTD,8/15/2026 7:40:00 AM,CMIN,Fr,3608.82,
8/15/2026 7:35:00 AM,RTD,8/15/2026 7:40:00 AM,CVIS,Fr,4520,
8/15/2026 7:35:00 AM,RTD,8/15/2026 7:40:00 AM,CLUZ,Fr,1750,
8/15/2026 7:35:00 AM,RTD,8/15/2026 7:40:00 AM,CVIS,Rd,19998,
8/15/2026 7:35:00 AM,RTD,8/15/2026 7:40:00 AM,CMIN,Rd,24946.08,
8/15/2026 7:35:00 AM,RTD,8/15/2026 7:40:00 AM,CLUZ,Rd,15000,
8/15/2026 7:35:00 AM,RTD,8/15/2026 7:40:00 AM,CVIS,Ru,19998,
8/15/2026 7:35:00 AM,RTD,8/15/2026 7:40:00 AM,CLUZ,Ru,23000,
8/15/2026 7:35:00 AM,RTD,8/15/2026 7:40:00 AM,CMIN,Ru,24999.83,
8/15/2026 7:40:00 AM,RTD,8/15/2026 7:45:00 AM,CVIS,Dr,2010,
8/15/2026 7:40:00 AM,RTD,8/15/2026 7:45:00 AM,CMIN,Dr,600,
8/15/2026 7:40:00 AM,RTD,8/15/2026 7:45:00 AM,CLUZ,Dr,850,
8/15/2026 7:40:00 AM,RTD,8/15/2026 7:45:00 AM,CMIN,Fr,4041.66,
8/15/2026 7:40:00 AM,RTD,8/15/2026 7:45:00 AM,CVIS,Fr,4520,
8/15/2026 7:40:00 AM,RTD,8/15/2026 7:45:00 AM,CLUZ,Fr,1800,
8/15/2026 7:40:00 AM,RTD,8/15/2026 7:45:00 AM,CVIS,Rd,2000,
8/15/2026 7:40:00 AM,RTD,8/15/2026 7:45:00 AM,CMIN,Rd,24946.08,
8/15/2026 7:40:00 AM,RTD,8/15/2026 7:45:00 AM,CLUZ,Rd,15000,
8/15/2026 7:40:00 AM,RTD,8/15/2026 7:45:00 AM,CVIS,Ru,2001,
8/15/2026 7:40:00 AM,RTD,8/15/2026 7:45:00 AM,CLUZ,Ru,23000,
8/15/2026 7:40:00 AM,RTD,8/15/2026 7:45:00 AM,CMIN,Ru,24999.83,
8/15/2026 7:45:00 AM,RTD,8/15/2026 7:50:00 AM,CVIS,Dr,2010,
8/15/2026 7:45:00 AM,RTD,8/15/2026 7:50:00 AM,CMIN,Dr,600,
8/15/2026 7:45:00 AM,RTD,8/15/2026 7:50:00 AM,CLUZ,Dr,850,
8/15/2026 7:45:00 AM,RTD,8/15/2026 7:50:00 AM,CMIN,Fr,3604,
8/15/2026 7:45:00 AM,RTD,8/15/2026 7:50:00 AM,CVIS,Fr,4520,
8/15/2026 7:45:00 AM,RTD,8/15/2026 7:50:00 AM,CLUZ,Fr,1800,
8/15/2026 7:45:00 AM,RTD,8/15/2026 7:50:00 AM,CVIS,Rd,2000,
8/15/2026 7:45:00 AM,RTD,8/15/2026 7:50:00 AM,CMIN,Rd,24946.08,
8/15/2026 7:45:00 AM,RTD,8/15/2026 7:50:00 AM,CLUZ,Rd,15000,
8/15/2026 7:45:00 AM,RTD,8/15/2026 7:50:00 AM,CVIS,Ru,2000,
8/15/2026 7:45:00 AM,RTD,8/15/2026 7:50:00 AM,CLUZ,Ru,23000,
8/15/2026 7:45:00 AM,RTD,8/15/2026 7:50:00 AM,CMIN,Ru,24999.83,
8/15/2026 7:50:00 AM,RTD,8/15/2026 7:55:00 AM,CVIS,Dr,2010,
8/15/2026 7:50:00 AM,RTD,8/15/2026 7:55:00 AM,CMIN,Dr,600,
8/15/2026 7:50:00 AM,RTD,8/15/2026 7:55:00 AM,CLUZ,Dr,850,
8/15/2026 7:50:00 AM,RTD,8/15/2026 7:55:00 AM,CMIN,Fr,3662.88,
8/15/2026 7:50:00 AM,RTD,8/15/2026 7:55:00 AM,CVIS,Fr,4520,
8/15/2026 7:50:00 AM,RTD,8/15/2026 7:55:00 AM,CLUZ,Fr,1800,
8/15/2026 7:50:00 AM,RTD,8/15/2026 7:55:00 AM,CVIS,Rd,2000,
8/15/2026 7:50:00 AM,RTD,8/15/2026 7:55:00 AM,CMIN,Rd,24946.08,
8/15/2026 7:50:00 AM,RTD,8/15/2026 7:55:00 AM,CLUZ,Rd,15000,
8/15/2026 7:50:00 AM,RTD,8/15/2026 7:55:00 AM,CVIS,Ru,2000,
8/15/2026 7:50:00 AM,RTD,8/15/2026 7:55:00 AM,CLUZ,Ru,21499,
8/15/2026 7:50:00 AM,RTD,8/15/2026 7:55:00 AM,CMIN,Ru,24999.83,
8/15/2026 7:55:00 AM,RTD,8/15/2026 8:00:00 AM,CVIS,Dr,430,
8/15/2026 7:55:00 AM,RTD,8/15/2026 8:00:00 AM,CMIN,Dr,600,
8/15/2026 7:55:00 AM,RTD,8/15/2026 8:00:00 AM,CLUZ,Dr,850,
8/15/2026 7:55:00 AM,RTD,8/15/2026 8:00:00 AM,CMIN,Fr,4060.30,
8/15/2026 7:55:00 AM,RTD,8/15/2026 8:00:00 AM,CVIS,Fr,4520,
8/15/2026 7:55:00 AM,RTD,8/15/2026 8:00:00 AM,CLUZ,Fr,1950,
8/15/2026 7:55:00 AM,RTD,8/15/2026 8:00:00 AM,CVIS,Rd,19998,
8/15/2026 7:55:00 AM,RTD,8/15/2026 8:00:00 AM,CMIN,Rd,24946.08,
8/15/2026 7:55:00 AM,RTD,8/15/2026 8:00:00 AM,CLUZ,Rd,14999,
8/15/2026 7:55:00 AM,RTD,8/15/2026 8:00:00 AM,CVIS,Ru,19998,
8/15/2026 7:55:00 AM,RTD,8/15/2026 8:00:00 AM,CLUZ,Ru,14500,
8/15/2026 7:55:00 AM,RTD,8/15/2026 8:00:00 AM,CMIN,Ru,24999.83,
8/15/2026 8:00:00 AM,RTD,8/15/2026 8:05:00 AM,CLUZ,Dr,850,
8/15/2026 8:00:00 AM,RTD,8/15/2026 8:05:00 AM,CVIS,Dr,330,
8/15/2026 8:00:00 AM,RTD,8/15/2026 8:05:00 AM,CMIN,Dr,0,
8/15/2026 8:00:00 AM,RTD,8/15/2026 8:05:00 AM,CVIS,Fr,4480,
8/15/2026 8:00:00 AM,RTD,8/15/2026 8:05:00 AM,CLUZ,Fr,1850,
8/15/2026 8:00:00 AM,RTD,8/15/2026 8:05:00 AM,CMIN,Fr,3283.70,
8/15/2026 8:00:00 AM,RTD,8/15/2026 8:05:00 AM,CLUZ,Rd,8364.50,
8/15/2026 8:00:00 AM,RTD,8/15/2026 8:05:00 AM,CVIS,Rd,19998,
8/15/2026 8:00:00 AM,RTD,8/15/2026 8:05:00 AM,CMIN,Rd,24946.08,
8/15/2026 8:00:00 AM,RTD,8/15/2026 8:05:00 AM,CLUZ,Ru,1000,
8/15/2026 8:00:00 AM,RTD,8/15/2026 8:05:00 AM,CMIN,Ru,24999.83,
8/15/2026 8:00:00 AM,RTD,8/15/2026 8:05:00 AM,CVIS,Ru,19998,
8/15/2026 8:05:00 AM,RTD,8/15/2026 8:10:00 AM,CVIS,Dr,330,
8/15/2026 8:05:00 AM,RTD,8/15/2026 8:10:00 AM,CMIN,Dr,0,
8/15/2026 8:05:00 AM,RTD,8/15/2026 8:10:00 AM,CLUZ,Dr,850,
8/15/2026 8:05:00 AM,RTD,8/15/2026 8:10:00 AM,CMIN,Fr,6000,
8/15/2026 8:05:00 AM,RTD,8/15/2026 8:10:00 AM,CVIS,Fr,4480,
8/15/2026 8:05:00 AM,RTD,8/15/2026 8:10:00 AM,CLUZ,Fr,3061.25,
8/15/2026 8:05:00 AM,RTD,8/15/2026 8:10:00 AM,CVIS,Rd,19998,
8/15/2026 8:05:00 AM,RTD,8/15/2026 8:10:00 AM,CMIN,Rd,24946.08,
8/15/2026 8:05:00 AM,RTD,8/15/2026 8:10:00 AM,CLUZ,Rd,1001,
8/15/2026 8:05:00 AM,RTD,8/15/2026 8:10:00 AM,CVIS,Ru,19998,
8/15/2026 8:05:00 AM,RTD,8/15/2026 8:10:00 AM,CLUZ,Ru,550,
8/15/2026 8:05:00 AM,RTD,8/15/2026 8:10:00 AM,CMIN,Ru,24999.83,
8/15/2026 8:10:00 AM,RTD,8/15/2026 8:15:00 AM,CVIS,Dr,330,
8/15/2026 8:10:00 AM,RTD,8/15/2026 8:15:00 AM,CMIN,Dr,0,
8/15/2026 8:10:00 AM,RTD,8/15/2026 8:15:00 AM,CLUZ,Dr,850,
8/15/2026 8:10:00 AM,RTD,8/15/2026 8:15:00 AM,CMIN,Fr,14817.33,
8/15/2026 8:10:00 AM,RTD,8/15/2026 8:15:00 AM,CVIS,Fr,16500,
8/15/2026 8:10:00 AM,RTD,8/15/2026 8:15:00 AM,CLUZ,Fr,1850,
8/15/2026 8:10:00 AM,RTD,8/15/2026 8:15:00 AM,CVIS,Rd,19998,
8/15/2026 8:10:00 AM,RTD,8/15/2026 8:15:00 AM,CMIN,Rd,24946.08,
8/15/2026 8:10:00 AM,RTD,8/15/2026 8:15:00 AM,CLUZ,Rd,1001,
8/15/2026 8:10:00 AM,RTD,8/15/2026 8:15:00 AM,CVIS,Ru,19998,
8/15/2026 8:10:00 AM,RTD,8/15/2026 8:15:00 AM,CLUZ,Ru,550,
8/15/2026 8:10:00 AM,RTD,8/15/2026 8:15:00 AM,CMIN,Ru,24999.83,
8/15/2026 8:15:00 AM,RTD,8/15/2026 8:20:00 AM,CVIS,Dr,330,
8/15/2026 8:15:00 AM,RTD,8/15/2026 8:20:00 AM,CMIN,Dr,0,
8/15/2026 8:15:00 AM,RTD,8/15/2026 8:20:00 AM,CLUZ,Dr,850,
8/15/2026 8:15:00 AM,RTD,8/15/2026 8:20:00 AM,CMIN,Fr,7683.90,
8/15/2026 8:15:00 AM,RTD,8/15/2026 8:20:00 AM,CVIS,Fr,16325.34,
8/15/2026 8:15:00 AM,RTD,8/15/2026 8:20:00 AM,CLUZ,Fr,6370.06,
8/15/2026 8:15:00 AM,RTD,8/15/2026 8:20:00 AM,CVIS,Rd,19998,
8/15/2026 8:15:00 AM,RTD,8/15/2026 8:20:00 AM,CMIN,Rd,24946.08,
8/15/2026 8:15:00 AM,RTD,8/15/2026 8:20:00 AM,CLUZ,Rd,1001,
8/15/2026 8:15:00 AM,RTD,8/15/2026 8:20:00 AM,CVIS,Ru,19998,
8/15/2026 8:15:00 AM,RTD,8/15/2026 8:20:00 AM,CLUZ,Ru,550,
8/15/2026 8:15:00 AM,RTD,8/15/2026 8:20:00 AM,CMIN,Ru,24999.83,
8/15/2026 8:20:00 AM,RTD,8/15/2026 8:25:00 AM,CVIS,Dr,330,
8/15/2026 8:20:00 AM,RTD,8/15/2026 8:25:00 AM,CMIN,Dr,0,
8/15/2026 8:20:00 AM,RTD,8/15/2026 8:25:00 AM,CLUZ,Dr,850,
8/15/2026 8:20:00 AM,RTD,8/15/2026 8:25:00 AM,CMIN,Fr,6000,
8/15/2026 8:20:00 AM,RTD,8/15/2026 8:25:00 AM,CVIS,Fr,7004.95,
8/15/2026 8:20:00 AM,RTD,8/15/2026 8:25:00 AM,CLUZ,Fr,6363.54,
8/15/2026 8:20:00 AM,RTD,8/15/2026 8:25:00 AM,CVIS,Rd,19998,
8/15/2026 8:20:00 AM,RTD,8/15/2026 8:25:00 AM,CMIN,Rd,24946.08,
8/15/2026 8:20:00 AM,RTD,8/15/2026 8:25:00 AM,CLUZ,Rd,5000.87,
8/15/2026 8:20:00 AM,RTD,8/15/2026 8:25:00 AM,CVIS,Ru,19998,
8/15/2026 8:20:00 AM,RTD,8/15/2026 8:25:00 AM,CLUZ,Ru,550,
8/15/2026 8:20:00 AM,RTD,8/15/2026 8:25:00 AM,CMIN,Ru,24999.83,
8/15/2026 8:25:00 AM,RTD,8/15/2026 8:30:00 AM,CVIS,Dr,430,
8/15/2026 8:25:00 AM,RTD,8/15/2026 8:30:00 AM,CMIN,Dr,0,
8/15/2026 8:25:00 AM,RTD,8/15/2026 8:30:00 AM,CLUZ,Dr,850,
8/15/2026 8:25:00 AM,RTD,8/15/2026 8:30:00 AM,CMIN,Fr,7776.74,
8/15/2026 8:25:00 AM,RTD,8/15/2026 8:30:00 AM,CVIS,Fr,16328.52,
8/15/2026 8:25:00 AM,RTD,8/15/2026 8:30:00 AM,CLUZ,Fr,1850,
8/15/2026 8:25:00 AM,RTD,8/15/2026 8:30:00 AM,CVIS,Rd,19998,
8/15/2026 8:25:00 AM,RTD,8/15/2026 8:30:00 AM,CMIN,Rd,24946.08,
8/15/2026 8:25:00 AM,RTD,8/15/2026 8:30:00 AM,CLUZ,Rd,8328.05,
8/15/2026 8:25:00 AM,RTD,8/15/2026 8:30:00 AM,CVIS,Ru,19998,
8/15/2026 8:25:00 AM,RTD,8/15/2026 8:30:00 AM,CLUZ,Ru,550,
8/15/2026 8:25:00 AM,RTD,8/15/2026 8:30:00 AM,CMIN,Ru,24999.83,
8/15/2026 8:30:00 AM,RTD,8/15/2026 8:35:00 AM,CMIN,Dr,0,
8/15/2026 8:30:00 AM,RTD,8/15/2026 8:35:00 AM,CVIS,Dr,430,
8/15/2026 8:30:00 AM,RTD,8/15/2026 8:35:00 AM,CLUZ,Dr,850,
8/15/2026 8:30:00 AM,RTD,8/15/2026 8:35:00 AM,CVIS,Fr,5415.21,
8/15/2026 8:30:00 AM,RTD,8/15/2026 8:35:00 AM,CMIN,Fr,4541.69,
8/15/2026 8:30:00 AM,RTD,8/15/2026 8:35:00 AM,CLUZ,Fr,1850,
8/15/2026 8:30:00 AM,RTD,8/15/2026 8:35:00 AM,CMIN,Rd,24946.08,
8/15/2026 8:30:00 AM,RTD,8/15/2026 8:35:00 AM,CVIS,Rd,19998,
8/15/2026 8:30:00 AM,RTD,8/15/2026 8:35:00 AM,CLUZ,Rd,8359.09,
8/15/2026 8:30:00 AM,RTD,8/15/2026 8:35:00 AM,CMIN,Ru,24999.83,
8/15/2026 8:30:00 AM,RTD,8/15/2026 8:35:00 AM,CVIS,Ru,19998,
8/15/2026 8:30:00 AM,RTD,8/15/2026 8:35:00 AM,CLUZ,Ru,550,
8/15/2026 8:35:00 AM,RTD,8/15/2026 8:40:00 AM,CMIN,Dr,0,
8/15/2026 8:35:00 AM,RTD,8/15/2026 8:40:00 AM,CLUZ,Dr,850,
8/15/2026 8:35:00 AM,RTD,8/15/2026 8:40:00 AM,CVIS,Dr,430,
8/15/2026 8:35:00 AM,RTD,8/15/2026 8:40:00 AM,CLUZ,Fr,5855.11,
8/15/2026 8:35:00 AM,RTD,8/15/2026 8:40:00 AM,CMIN,Fr,5577.88,
8/15/2026 8:35:00 AM,RTD,8/15/2026 8:40:00 AM,CVIS,Fr,6481.16,
8/15/2026 8:35:00 AM,RTD,8/15/2026 8:40:00 AM,CMIN,Rd,24946.08,
8/15/2026 8:35:00 AM,RTD,8/15/2026 8:40:00 AM,CLUZ,Rd,5517.18,
8/15/2026 8:35:00 AM,RTD,8/15/2026 8:40:00 AM,CVIS,Rd,19998,
8/15/2026 8:35:00 AM,RTD,8/15/2026 8:40:00 AM,CMIN,Ru,24999.83,
8/15/2026 8:35:00 AM,RTD,8/15/2026 8:40:00 AM,CVIS,Ru,19998,
8/15/2026 8:35:00 AM,RTD,8/15/2026 8:40:00 AM,CLUZ,Ru,550,
8/15/2026 8:40:00 AM,RTD,8/15/2026 8:45:00 AM,CVIS,Dr,430,
8/15/2026 8:40:00 AM,RTD,8/15/2026 8:45:00 AM,CMIN,Dr,0,
8/15/2026 8:40:00 AM,RTD,8/15/2026 8:45:00 AM,CLUZ,Dr,850,
8/15/2026 8:40:00 AM,RTD,8/15/2026 8:45:00 AM,CMIN,Fr,5074.02,
8/15/2026 8:40:00 AM,RTD,8/15/2026 8:45:00 AM,CVIS,Fr,5976.56,
8/15/2026 8:40:00 AM,RTD,8/15/2026 8:45:00 AM,CLUZ,Fr,3109.12,
8/15/2026 8:40:00 AM,RTD,8/15/2026 8:45:00 AM,CVIS,Rd,19998,
8/15/2026 8:40:00 AM,RTD,8/15/2026 8:45:00 AM,CMIN,Rd,24946.08,
8/15/2026 8:40:00 AM,RTD,8/15/2026 8:45:00 AM,CLUZ,Rd,8326.75,
8/15/2026 8:40:00 AM,RTD,8/15/2026 8:45:00 AM,CVIS,Ru,19998,
8/15/2026 8:40:00 AM,RTD,8/15/2026 8:45:00 AM,CLUZ,Ru,550,
8/15/2026 8:40:00 AM,RTD,8/15/2026 8:45:00 AM,CMIN,Ru,24999.83,
8/15/2026 8:45:00 AM,RTD,8/15/2026 8:50:00 AM,CVIS,Dr,430,
8/15/2026 8:45:00 AM,RTD,8/15/2026 8:50:00 AM,CMIN,Dr,0,
8/15/2026 8:45:00 AM,RTD,8/15/2026 8:50:00 AM,CLUZ,Dr,850,
8/15/2026 8:45:00 AM,RTD,8/15/2026 8:50:00 AM,CMIN,Fr,5568.24,
8/15/2026 8:45:00 AM,RTD,8/15/2026 8:50:00 AM,CVIS,Fr,6482.93,
8/15/2026 8:45:00 AM,RTD,8/15/2026 8:50:00 AM,CLUZ,Fr,3108.50,
8/15/2026 8:45:00 AM,RTD,8/15/2026 8:50:00 AM,CVIS,Rd,19998,
8/15/2026 8:45:00 AM,RTD,8/15/2026 8:50:00 AM,CMIN,Rd,24946.08,
8/15/2026 8:45:00 AM,RTD,8/15/2026 8:50:00 AM,CLUZ,Rd,8327.73,
8/15/2026 8:45:00 AM,RTD,8/15/2026 8:50:00 AM,CVIS,Ru,19998,
8/15/2026 8:45:00 AM,RTD,8/15/2026 8:50:00 AM,CLUZ,Ru,550,
8/15/2026 8:45:00 AM,RTD,8/15/2026 8:50:00 AM,CMIN,Ru,24999.83,
8/15/2026 8:50:00 AM,RTD,8/15/2026 8:55:00 AM,CVIS,Dr,1000,
8/15/2026 8:50:00 AM,RTD,8/15/2026 8:55:00 AM,CMIN,Dr,0,
8/15/2026 8:50:00 AM,RTD,8/15/2026 8:55:00 AM,CLUZ,Dr,850,
8/15/2026 8:50:00 AM,RTD,8/15/2026 8:55:00 AM,CMIN,Fr,3262.40,
8/15/2026 8:50:00 AM,RTD,8/15/2026 8:55:00 AM,CVIS,Fr,5973.84,
8/15/2026 8:50:00 AM,RTD,8/15/2026 8:55:00 AM,CLUZ,Fr,4385.35,
8/15/2026 8:50:00 AM,RTD,8/15/2026 8:55:00 AM,CVIS,Rd,19998,
8/15/2026 8:50:00 AM,RTD,8/15/2026 8:55:00 AM,CMIN,Rd,24946.08,
8/15/2026 8:50:00 AM,RTD,8/15/2026 8:55:00 AM,CLUZ,Rd,7031.60,
8/15/2026 8:50:00 AM,RTD,8/15/2026 8:55:00 AM,CVIS,Ru,19998,
8/15/2026 8:50:00 AM,RTD,8/15/2026 8:55:00 AM,CLUZ,Ru,550,
8/15/2026 8:50:00 AM,RTD,8/15/2026 8:55:00 AM,CMIN,Ru,24999.83,
8/15/2026 8:55:00 AM,RTD,8/15/2026 9:00:00 AM,CVIS,Dr,1000,
8/15/2026 8:55:00 AM,RTD,8/15/2026 9:00:00 AM,CMIN,Dr,0,
8/15/2026 8:55:00 AM,RTD,8/15/2026 9:00:00 AM,CLUZ,Dr,850,
8/15/2026 8:55:00 AM,RTD,8/15/2026 9:00:00 AM,CMIN,Fr,3262.40,
8/15/2026 8:55:00 AM,RTD,8/15/2026 9:00:00 AM,CVIS,Fr,16317.31,
8/15/2026 8:55:00 AM,RTD,8/15/2026 9:00:00 AM,CLUZ,Fr,4107.16,
8/15/2026 8:55:00 AM,RTD,8/15/2026 9:00:00 AM,CVIS,Rd,19998,
8/15/2026 8:55:00 AM,RTD,8/15/2026 9:00:00 AM,CMIN,Rd,24946.08,
8/15/2026 8:55:00 AM,RTD,8/15/2026 9:00:00 AM,CLUZ,Rd,7315.21,
8/15/2026 8:55:00 AM,RTD,8/15/2026 9:00:00 AM,CVIS,Ru,19998,
8/15/2026 8:55:00 AM,RTD,8/15/2026 9:00:00 AM,CLUZ,Ru,550,
8/15/2026 8:55:00 AM,RTD,8/15/2026 9:00:00 AM,CMIN,Ru,24999.83,
8/15/2026 9:00:00 AM,RTD,8/15/2026 9:05:00 AM,CVIS,Dr,430,
8/15/2026 9:00:00 AM,RTD,8/15/2026 9:05:00 AM,CMIN,Dr,7400,
8/15/2026 9:00:00 AM,RTD,8/15/2026 9:05:00 AM,CLUZ,Dr,850,
8/15/2026 9:00:00 AM,RTD,8/15/2026 9:05:00 AM,CMIN,Fr,3283.70,
8/15/2026 9:00:00 AM,RTD,8/15/2026 9:05:00 AM,CVIS,Fr,3589.88,
8/15/2026 9:00:00 AM,RTD,8/15/2026 9:05:00 AM,CLUZ,Fr,4356.43,
8/15/2026 9:00:00 AM,RTD,8/15/2026 9:05:00 AM,CVIS,Rd,19998,
8/15/2026 9:00:00 AM,RTD,8/15/2026 9:05:00 AM,CMIN,Rd,4000,
8/15/2026 9:00:00 AM,RTD,8/15/2026 9:05:00 AM,CLUZ,Rd,1000,
8/15/2026 9:00:00 AM,RTD,8/15/2026 9:05:00 AM,CVIS,Ru,19998,
8/15/2026 9:00:00 AM,RTD,8/15/2026 9:05:00 AM,CLUZ,Ru,550,
8/15/2026 9:00:00 AM,RTD,8/15/2026 9:05:00 AM,CMIN,Ru,4596.69,
8/15/2026 9:05:00 AM,RTD,8/15/2026 9:10:00 AM,CVIS,Dr,430,
8/15/2026 9:05:00 AM,RTD,8/15/2026 9:10:00 AM,CMIN,Dr,7400,
8/15/2026 9:05:00 AM,RTD,8/15/2026 9:10:00 AM,CLUZ,Dr,850,
8/15/2026 9:05:00 AM,RTD,8/15/2026 9:10:00 AM,CMIN,Fr,3283.70,
8/15/2026 9:05:00 AM,RTD,8/15/2026 9:10:00 AM,CVIS,Fr,3000,
8/15/2026 9:05:00 AM,RTD,8/15/2026 9:10:00 AM,CLUZ,Fr,3103.32,
8/15/2026 9:05:00 AM,RTD,8/15/2026 9:10:00 AM,CVIS,Rd,19998,
8/15/2026 9:05:00 AM,RTD,8/15/2026 9:10:00 AM,CMIN,Rd,4793.24,
8/15/2026 9:05:00 AM,RTD,8/15/2026 9:10:00 AM,CLUZ,Rd,1000,
8/15/2026 9:05:00 AM,RTD,8/15/2026 9:10:00 AM,CVIS,Ru,19998,
8/15/2026 9:05:00 AM,RTD,8/15/2026 9:10:00 AM,CLUZ,Ru,550,
8/15/2026 9:05:00 AM,RTD,8/15/2026 9:10:00 AM,CMIN,Ru,4000,
8/15/2026 9:10:00 AM,RTD,8/15/2026 9:15:00 AM,CVIS,Dr,430,
8/15/2026 9:10:00 AM,RTD,8/15/2026 9:15:00 AM,CMIN,Dr,7400,
8/15/2026 9:10:00 AM,RTD,8/15/2026 9:15:00 AM,CLUZ,Dr,850,
8/15/2026 9:10:00 AM,RTD,8/15/2026 9:15:00 AM,CMIN,Fr,3283.70,
8/15/2026 9:10:00 AM,RTD,8/15/2026 9:15:00 AM,CVIS,Fr,3000,
8/15/2026 9:10:00 AM,RTD,8/15/2026 9:15:00 AM,CLUZ,Fr,4112.91,
8/15/2026 9:10:00 AM,RTD,8/15/2026 9:15:00 AM,CVIS,Rd,19998,
8/15/2026 9:10:00 AM,RTD,8/15/2026 9:15:00 AM,CMIN,Rd,4000,
8/15/2026 9:10:00 AM,RTD,8/15/2026 9:15:00 AM,CLUZ,Rd,1000,
8/15/2026 9:10:00 AM,RTD,8/15/2026 9:15:00 AM,CVIS,Ru,19998,
8/15/2026 9:10:00 AM,RTD,8/15/2026 9:15:00 AM,CLUZ,Ru,550,
8/15/2026 9:10:00 AM,RTD,8/15/2026 9:15:00 AM,CMIN,Ru,15673.97,
8/15/2026 9:15:00 AM,RTD,8/15/2026 9:20:00 AM,CVIS,Dr,430,
8/15/2026 9:15:00 AM,RTD,8/15/2026 9:20:00 AM,CMIN,Dr,7400,
8/15/2026 9:15:00 AM,RTD,8/15/2026 9:20:00 AM,CLUZ,Dr,850,
8/15/2026 9:15:00 AM,RTD,8/15/2026 9:20:00 AM,CMIN,Fr,3255,
8/15/2026 9:15:00 AM,RTD,8/15/2026 9:20:00 AM,CVIS,Fr,4513.43,
8/15/2026 9:15:00 AM,RTD,8/15/2026 9:20:00 AM,CLUZ,Fr,3923.53,
8/15/2026 9:15:00 AM,RTD,8/15/2026 9:20:00 AM,CVIS,Rd,19998,
8/15/2026 9:15:00 AM,RTD,8/15/2026 9:20:00 AM,CMIN,Rd,4000,
8/15/2026 9:15:00 AM,RTD,8/15/2026 9:20:00 AM,CLUZ,Rd,1000,
8/15/2026 9:15:00 AM,RTD,8/15/2026 9:20:00 AM,CVIS,Ru,19998,
8/15/2026 9:15:00 AM,RTD,8/15/2026 9:20:00 AM,CLUZ,Ru,550,
8/15/2026 9:15:00 AM,RTD,8/15/2026 9:20:00 AM,CMIN,Ru,5518.27,
8/15/2026 9:20:00 AM,RTD,8/15/2026 9:25:00 AM,CVIS,Dr,200,
8/15/2026 9:20:00 AM,RTD,8/15/2026 9:25:00 AM,CMIN,Dr,7400,
8/15/2026 9:20:00 AM,RTD,8/15/2026 9:25:00 AM,CLUZ,Dr,850,
8/15/2026 9:20:00 AM,RTD,8/15/2026 9:25:00 AM,CMIN,Fr,3255,
8/15/2026 9:20:00 AM,RTD,8/15/2026 9:25:00 AM,CVIS,Fr,4003.44,
8/15/2026 9:20:00 AM,RTD,8/15/2026 9:25:00 AM,CLUZ,Fr,4088.60,
8/15/2026 9:20:00 AM,RTD,8/15/2026 9:25:00 AM,CVIS,Rd,19998,
8/15/2026 9:20:00 AM,RTD,8/15/2026 9:25:00 AM,CMIN,Rd,24946.08,
8/15/2026 9:20:00 AM,RTD,8/15/2026 9:25:00 AM,CLUZ,Rd,7309.65,
8/15/2026 9:20:00 AM,RTD,8/15/2026 9:25:00 AM,CVIS,Ru,19998,
8/15/2026 9:20:00 AM,RTD,8/15/2026 9:25:00 AM,CLUZ,Ru,550,
8/15/2026 9:20:00 AM,RTD,8/15/2026 9:25:00 AM,CMIN,Ru,5026.54,
8/15/2026 9:25:00 AM,RTD,8/15/2026 9:30:00 AM,CVIS,Dr,200,
8/15/2026 9:25:00 AM,RTD,8/15/2026 9:30:00 AM,CMIN,Dr,7400,
8/15/2026 9:25:00 AM,RTD,8/15/2026 9:30:00 AM,CLUZ,Dr,850,
8/15/2026 9:25:00 AM,RTD,8/15/2026 9:30:00 AM,CMIN,Fr,3283.70,
8/15/2026 9:25:00 AM,RTD,8/15/2026 9:30:00 AM,CVIS,Fr,3979.24,
8/15/2026 9:25:00 AM,RTD,8/15/2026 9:30:00 AM,CLUZ,Fr,3105.32,
8/15/2026 9:25:00 AM,RTD,8/15/2026 9:30:00 AM,CVIS,Rd,19998,
8/15/2026 9:25:00 AM,RTD,8/15/2026 9:30:00 AM,CMIN,Rd,24946.08,
8/15/2026 9:25:00 AM,RTD,8/15/2026 9:30:00 AM,CLUZ,Rd,8313.69,
8/15/2026 9:25:00 AM,RTD,8/15/2026 9:30:00 AM,CVIS,Ru,19998,
8/15/2026 9:25:00 AM,RTD,8/15/2026 9:30:00 AM,CLUZ,Ru,550,
8/15/2026 9:25:00 AM,RTD,8/15/2026 9:30:00 AM,CMIN,Ru,4969.61,
8/15/2026 9:30:00 AM,RTD,8/15/2026 9:35:00 AM,CVIS,Dr,200,
8/15/2026 9:30:00 AM,RTD,8/15/2026 9:35:00 AM,CMIN,Dr,7400,
8/15/2026 9:30:00 AM,RTD,8/15/2026 9:35:00 AM,CLUZ,Dr,850,
8/15/2026 9:30:00 AM,RTD,8/15/2026 9:35:00 AM,CMIN,Fr,3283.70,
8/15/2026 9:30:00 AM,RTD,8/15/2026 9:35:00 AM,CVIS,Fr,4010.35,
8/15/2026 9:30:00 AM,RTD,8/15/2026 9:35:00 AM,CLUZ,Fr,2714.14,
8/15/2026 9:30:00 AM,RTD,8/15/2026 9:35:00 AM,CVIS,Rd,19998,
8/15/2026 9:30:00 AM,RTD,8/15/2026 9:35:00 AM,CMIN,Rd,24946.08,
8/15/2026 9:30:00 AM,RTD,8/15/2026 9:35:00 AM,CLUZ,Rd,8706.36,
8/15/2026 9:30:00 AM,RTD,8/15/2026 9:35:00 AM,CVIS,Ru,19998,
8/15/2026 9:30:00 AM,RTD,8/15/2026 9:35:00 AM,CLUZ,Ru,550,
8/15/2026 9:30:00 AM,RTD,8/15/2026 9:35:00 AM,CMIN,Ru,5011.05,
8/15/2026 9:35:00 AM,RTD,8/15/2026 9:40:00 AM,CLUZ,Dr,850,
8/15/2026 9:35:00 AM,RTD,8/15/2026 9:40:00 AM,CVIS,Dr,1900,
8/15/2026 9:35:00 AM,RTD,8/15/2026 9:40:00 AM,CMIN,Dr,7400,
8/15/2026 9:35:00 AM,RTD,8/15/2026 9:40:00 AM,CVIS,Fr,3999.32,
8/15/2026 9:35:00 AM,RTD,8/15/2026 9:40:00 AM,CLUZ,Fr,3046.95,
8/15/2026 9:35:00 AM,RTD,8/15/2026 9:40:00 AM,CMIN,Fr,3283.70,
8/15/2026 9:35:00 AM,RTD,8/15/2026 9:40:00 AM,CLUZ,Rd,14449,
8/15/2026 9:35:00 AM,RTD,8/15/2026 9:40:00 AM,CVIS,Rd,19998,
8/15/2026 9:35:00 AM,RTD,8/15/2026 9:40:00 AM,CMIN,Rd,4000,
8/15/2026 9:35:00 AM,RTD,8/15/2026 9:40:00 AM,CLUZ,Ru,550,
8/15/2026 9:35:00 AM,RTD,8/15/2026 9:40:00 AM,CMIN,Ru,1000.09,
8/15/2026 9:35:00 AM,RTD,8/15/2026 9:40:00 AM,CVIS,Ru,19998,
8/15/2026 9:40:00 AM,RTD,8/15/2026 9:45:00 AM,CLUZ,Dr,850,
8/15/2026 9:40:00 AM,RTD,8/15/2026 9:45:00 AM,CMIN,Dr,900.08,
8/15/2026 9:40:00 AM,RTD,8/15/2026 9:45:00 AM,CVIS,Dr,1900,
8/15/2026 9:40:00 AM,RTD,8/15/2026 9:45:00 AM,CLUZ,Fr,3042.49,
8/15/2026 9:40:00 AM,RTD,8/15/2026 9:45:00 AM,CMIN,Fr,3283.70,
8/15/2026 9:40:00 AM,RTD,8/15/2026 9:45:00 AM,CVIS,Fr,4010.83,
8/15/2026 9:40:00 AM,RTD,8/15/2026 9:45:00 AM,CLUZ,Rd,14449,
8/15/2026 9:40:00 AM,RTD,8/15/2026 9:45:00 AM,CMIN,Rd,24999.89,
8/15/2026 9:40:00 AM,RTD,8/15/2026 9:45:00 AM,CVIS,Rd,19998,
8/15/2026 9:40:00 AM,RTD,8/15/2026 9:45:00 AM,CMIN,Ru,5005.02,
8/15/2026 9:40:00 AM,RTD,8/15/2026 9:45:00 AM,CLUZ,Ru,14449,
8/15/2026 9:40:00 AM,RTD,8/15/2026 9:45:00 AM,CVIS,Ru,19998,
8/15/2026 9:45:00 AM,RTD,8/15/2026 9:50:00 AM,CLUZ,Dr,850,
8/15/2026 9:45:00 AM,RTD,8/15/2026 9:50:00 AM,CMIN,Dr,900.08,
8/15/2026 9:45:00 AM,RTD,8/15/2026 9:50:00 AM,CVIS,Dr,1900,
8/15/2026 9:45:00 AM,RTD,8/15/2026 9:50:00 AM,CVIS,Fr,18000,
8/15/2026 9:45:00 AM,RTD,8/15/2026 9:50:00 AM,CLUZ,Fr,3073.75,
8/15/2026 9:45:00 AM,RTD,8/15/2026 9:50:00 AM,CMIN,Fr,3283.70,
8/15/2026 9:45:00 AM,RTD,8/15/2026 9:50:00 AM,CLUZ,Rd,14449,
8/15/2026 9:45:00 AM,RTD,8/15/2026 9:50:00 AM,CVIS,Rd,19998,
8/15/2026 9:45:00 AM,RTD,8/15/2026 9:50:00 AM,CMIN,Rd,24999.89,
8/15/2026 9:45:00 AM,RTD,8/15/2026 9:50:00 AM,CMIN,Ru,19993.16,
8/15/2026 9:45:00 AM,RTD,8/15/2026 9:50:00 AM,CVIS,Ru,19998,
8/15/2026 9:45:00 AM,RTD,8/15/2026 9:50:00 AM,CLUZ,Ru,14449,
8/15/2026 9:50:00 AM,RTD,8/15/2026 9:55:00 AM,CVIS,Dr,1900,
8/15/2026 9:50:00 AM,RTD,8/15/2026 9:55:00 AM,CMIN,Dr,900.08,
8/15/2026 9:50:00 AM,RTD,8/15/2026 9:55:00 AM,CLUZ,Dr,850,
8/15/2026 9:50:00 AM,RTD,8/15/2026 9:55:00 AM,CLUZ,Fr,2740.73,
8/15/2026 9:50:00 AM,RTD,8/15/2026 9:55:00 AM,CVIS,Fr,4517.12,
8/15/2026 9:50:00 AM,RTD,8/15/2026 9:55:00 AM,CMIN,Fr,3283.70,
8/15/2026 9:50:00 AM,RTD,8/15/2026 9:55:00 AM,CMIN,Rd,24999.89,
8/15/2026 9:50:00 AM,RTD,8/15/2026 9:55:00 AM,CVIS,Rd,19998,
8/15/2026 9:50:00 AM,RTD,8/15/2026 9:55:00 AM,CLUZ,Rd,14449,
8/15/2026 9:50:00 AM,RTD,8/15/2026 9:55:00 AM,CLUZ,Ru,14449,
8/15/2026 9:50:00 AM,RTD,8/15/2026 9:55:00 AM,CMIN,Ru,5506.18,
8/15/2026 9:50:00 AM,RTD,8/15/2026 9:55:00 AM,CVIS,Ru,19998,
8/15/2026 9:55:00 AM,RTD,8/15/2026 10:00:00 AM,CVIS,Dr,1900,
8/15/2026 9:55:00 AM,RTD,8/15/2026 10:00:00 AM,CLUZ,Dr,850,
8/15/2026 9:55:00 AM,RTD,8/15/2026 10:00:00 AM,CMIN,Dr,900.08,
8/15/2026 9:55:00 AM,RTD,8/15/2026 10:00:00 AM,CLUZ,Fr,6294.66,
8/15/2026 9:55:00 AM,RTD,8/15/2026 10:00:00 AM,CMIN,Fr,3283.70,
8/15/2026 9:55:00 AM,RTD,8/15/2026 10:00:00 AM,CVIS,Fr,16463.92,
8/15/2026 9:55:00 AM,RTD,8/15/2026 10:00:00 AM,CLUZ,Rd,14449,
8/15/2026 9:55:00 AM,RTD,8/15/2026 10:00:00 AM,CMIN,Rd,24999.89,
8/15/2026 9:55:00 AM,RTD,8/15/2026 10:00:00 AM,CVIS,Rd,19998,
8/15/2026 9:55:00 AM,RTD,8/15/2026 10:00:00 AM,CVIS,Ru,19998,
8/15/2026 9:55:00 AM,RTD,8/15/2026 10:00:00 AM,CLUZ,Ru,14449,
8/15/2026 9:55:00 AM,RTD,8/15/2026 10:00:00 AM,CMIN,Ru,17255.66,
8/15/2026 10:00:00 AM,RTD,8/15/2026 10:05:00 AM,CVIS,Dr,1900,
8/15/2026 10:00:00 AM,RTD,8/15/2026 10:05:00 AM,CMIN,Dr,7400,
8/15/2026 10:00:00 AM,RTD,8/15/2026 10:05:00 AM,CLUZ,Dr,5000.08,
8/15/2026 10:00:00 AM,RTD,8/15/2026 10:05:00 AM,CMIN,Fr,3283.70,
8/15/2026 10:00:00 AM,RTD,8/15/2026 10:05:00 AM,CVIS,Fr,3499.11,
8/15/2026 10:00:00 AM,RTD,8/15/2026 10:05:00 AM,CLUZ,Fr,5353.49,
8/15/2026 10:00:00 AM,RTD,8/15/2026 10:05:00 AM,CVIS,Rd,19998,
8/15/2026 10:00:00 AM,RTD,8/15/2026 10:05:00 AM,CMIN,Rd,24946.09,
8/15/2026 10:00:00 AM,RTD,8/15/2026 10:05:00 AM,CLUZ,Rd,1000,
8/15/2026 10:00:00 AM,RTD,8/15/2026 10:05:00 AM,CVIS,Ru,19998,
8/15/2026 10:00:00 AM,RTD,8/15/2026 10:05:00 AM,CLUZ,Ru,1000,
8/15/2026 10:00:00 AM,RTD,8/15/2026 10:05:00 AM,CMIN,Ru,5524.44,
8/15/2026 10:05:00 AM,RTD,8/15/2026 10:10:00 AM,CVIS,Dr,1900,
8/15/2026 10:05:00 AM,RTD,8/15/2026 10:10:00 AM,CMIN,Dr,7400,
8/15/2026 10:05:00 AM,RTD,8/15/2026 10:10:00 AM,CLUZ,Dr,5000.08,
8/15/2026 10:05:00 AM,RTD,8/15/2026 10:10:00 AM,CMIN,Fr,3283.70,
8/15/2026 10:05:00 AM,RTD,8/15/2026 10:10:00 AM,CVIS,Fr,9581.28,
8/15/2026 10:05:00 AM,RTD,8/15/2026 10:10:00 AM,CLUZ,Fr,10245.30,
8/15/2026 10:05:00 AM,RTD,8/15/2026 10:10:00 AM,CVIS,Rd,19998,
8/15/2026 10:05:00 AM,RTD,8/15/2026 10:10:00 AM,CMIN,Rd,24946.08,
8/15/2026 10:05:00 AM,RTD,8/15/2026 10:10:00 AM,CLUZ,Rd,1000,
8/15/2026 10:05:00 AM,RTD,8/15/2026 10:10:00 AM,CVIS,Ru,19998,
8/15/2026 10:05:00 AM,RTD,8/15/2026 10:10:00 AM,CLUZ,Ru,1000,
8/15/2026 10:05:00 AM,RTD,8/15/2026 10:10:00 AM,CMIN,Ru,10392.14,
8/15/2026 10:10:00 AM,RTD,8/15/2026 10:15:00 AM,CVIS,Dr,1900,
8/15/2026 10:10:00 AM,RTD,8/15/2026 10:15:00 AM,CMIN,Dr,7400,
8/15/2026 10:10:00 AM,RTD,8/15/2026 10:15:00 AM,CLUZ,Dr,4998,
8/15/2026 10:10:00 AM,RTD,8/15/2026 10:15:00 AM,CMIN,Fr,3283.70,
8/15/2026 10:10:00 AM,RTD,8/15/2026 10:15:00 AM,CVIS,Fr,15909.03,
8/15/2026 10:10:00 AM,RTD,8/15/2026 10:15:00 AM,CLUZ,Fr,6777.37,
8/15/2026 10:10:00 AM,RTD,8/15/2026 10:15:00 AM,CVIS,Rd,19998,
8/15/2026 10:10:00 AM,RTD,8/15/2026 10:15:00 AM,CMIN,Rd,24946.08,
8/15/2026 10:10:00 AM,RTD,8/15/2026 10:15:00 AM,CLUZ,Rd,1000,
8/15/2026 10:10:00 AM,RTD,8/15/2026 10:15:00 AM,CVIS,Ru,19998,
8/15/2026 10:10:00 AM,RTD,8/15/2026 10:15:00 AM,CLUZ,Ru,1000,
8/15/2026 10:10:00 AM,RTD,8/15/2026 10:15:00 AM,CMIN,Ru,16904.37,
8/15/2026 10:15:00 AM,RTD,8/15/2026 10:20:00 AM,CVIS,Dr,1900,
8/15/2026 10:15:00 AM,RTD,8/15/2026 10:20:00 AM,CMIN,Dr,7400,
8/15/2026 10:15:00 AM,RTD,8/15/2026 10:20:00 AM,CLUZ,Dr,4998,
8/15/2026 10:15:00 AM,RTD,8/15/2026 10:20:00 AM,CMIN,Fr,3283.70,
8/15/2026 10:15:00 AM,RTD,8/15/2026 10:20:00 AM,CVIS,Fr,14886.71,
8/15/2026 10:15:00 AM,RTD,8/15/2026 10:20:00 AM,CLUZ,Fr,6823.41,
8/15/2026 10:15:00 AM,RTD,8/15/2026 10:20:00 AM,CVIS,Rd,19998,
8/15/2026 10:15:00 AM,RTD,8/15/2026 10:20:00 AM,CMIN,Rd,24946.08,
8/15/2026 10:15:00 AM,RTD,8/15/2026 10:20:00 AM,CLUZ,Rd,1000,
8/15/2026 10:15:00 AM,RTD,8/15/2026 10:20:00 AM,CVIS,Ru,19998,
8/15/2026 10:15:00 AM,RTD,8/15/2026 10:20:00 AM,CLUZ,Ru,1000,
8/15/2026 10:15:00 AM,RTD,8/15/2026 10:20:00 AM,CMIN,Ru,15938.03,
8/15/2026 10:20:00 AM,RTD,8/15/2026 10:25:00 AM,CLUZ,Dr,4998,
8/15/2026 10:20:00 AM,RTD,8/15/2026 10:25:00 AM,CVIS,Dr,1900,
8/15/2026 10:20:00 AM,RTD,8/15/2026 10:25:00 AM,CMIN,Dr,7400,
8/15/2026 10:20:00 AM,RTD,8/15/2026 10:25:00 AM,CVIS,Fr,14886.71,
8/15/2026 10:20:00 AM,RTD,8/15/2026 10:25:00 AM,CLUZ,Fr,6371.76,
8/15/2026 10:20:00 AM,RTD,8/15/2026 10:25:00 AM,CMIN,Fr,3283.70,
8/15/2026 10:20:00 AM,RTD,8/15/2026 10:25:00 AM,CLUZ,Rd,14449,
8/15/2026 10:20:00 AM,RTD,8/15/2026 10:25:00 AM,CVIS,Rd,19998,
8/15/2026 10:20:00 AM,RTD,8/15/2026 10:25:00 AM,CMIN,Rd,24946.08,
8/15/2026 10:20:00 AM,RTD,8/15/2026 10:25:00 AM,CLUZ,Ru,14449,
8/15/2026 10:20:00 AM,RTD,8/15/2026 10:25:00 AM,CMIN,Ru,15917.18,
8/15/2026 10:20:00 AM,RTD,8/15/2026 10:25:00 AM,CVIS,Ru,19998,
8/15/2026 10:25:00 AM,RTD,8/15/2026 10:30:00 AM,CVIS,Dr,1900,
8/15/2026 10:25:00 AM,RTD,8/15/2026 10:30:00 AM,CMIN,Dr,7400,
8/15/2026 10:25:00 AM,RTD,8/15/2026 10:30:00 AM,CLUZ,Dr,4998,
8/15/2026 10:25:00 AM,RTD,8/15/2026 10:30:00 AM,CMIN,Fr,3283.70,
8/15/2026 10:25:00 AM,RTD,8/15/2026 10:30:00 AM,CVIS,Fr,14886.71,
8/15/2026 10:25:00 AM,RTD,8/15/2026 10:30:00 AM,CLUZ,Fr,4273.15,
8/15/2026 10:25:00 AM,RTD,8/15/2026 10:30:00 AM,CVIS,Rd,19998,
8/15/2026 10:25:00 AM,RTD,8/15/2026 10:30:00 AM,CMIN,Rd,24946.08,
8/15/2026 10:25:00 AM,RTD,8/15/2026 10:30:00 AM,CLUZ,Rd,14449,
8/15/2026 10:25:00 AM,RTD,8/15/2026 10:30:00 AM,CVIS,Ru,19998,
8/15/2026 10:25:00 AM,RTD,8/15/2026 10:30:00 AM,CLUZ,Ru,14449,
8/15/2026 10:25:00 AM,RTD,8/15/2026 10:30:00 AM,CMIN,Ru,15955.62,
8/15/2026 10:30:00 AM,RTD,8/15/2026 10:35:00 AM,CVIS,Dr,1900,
8/15/2026 10:30:00 AM,RTD,8/15/2026 10:35:00 AM,CMIN,Dr,7400,
8/15/2026 10:30:00 AM,RTD,8/15/2026 10:35:00 AM,CLUZ,Dr,4998,
8/15/2026 10:30:00 AM,RTD,8/15/2026 10:35:00 AM,CMIN,Fr,3882.96,
8/15/2026 10:30:00 AM,RTD,8/15/2026 10:35:00 AM,CVIS,Fr,16500,
8/15/2026 10:30:00 AM,RTD,8/15/2026 10:35:00 AM,CLUZ,Fr,10713.68,
8/15/2026 10:30:00 AM,RTD,8/15/2026 10:35:00 AM,CVIS,Rd,19998,
8/15/2026 10:30:00 AM,RTD,8/15/2026 10:35:00 AM,CMIN,Rd,24946.08,
8/15/2026 10:30:00 AM,RTD,8/15/2026 10:35:00 AM,CLUZ,Rd,14449,
8/15/2026 10:30:00 AM,RTD,8/15/2026 10:35:00 AM,CVIS,Ru,19998,
8/15/2026 10:30:00 AM,RTD,8/15/2026 10:35:00 AM,CLUZ,Ru,14449,
8/15/2026 10:30:00 AM,RTD,8/15/2026 10:35:00 AM,CMIN,Ru,17615.13,
8/15/2026 10:35:00 AM,RTD,8/15/2026 10:40:00 AM,CVIS,Dr,1899.99,
8/15/2026 10:35:00 AM,RTD,8/15/2026 10:40:00 AM,CMIN,Dr,7400,
8/15/2026 10:35:00 AM,RTD,8/15/2026 10:40:00 AM,CLUZ,Dr,4998,
8/15/2026 10:35:00 AM,RTD,8/15/2026 10:40:00 AM,CMIN,Fr,3877.89,
8/15/2026 10:35:00 AM,RTD,8/15/2026 10:40:00 AM,CVIS,Fr,16500,
8/15/2026 10:35:00 AM,RTD,8/15/2026 10:40:00 AM,CLUZ,Fr,6303.46,
8/15/2026 10:35:00 AM,RTD,8/15/2026 10:40:00 AM,CVIS,Rd,19998,
8/15/2026 10:35:00 AM,RTD,8/15/2026 10:40:00 AM,CMIN,Rd,24946.08,
8/15/2026 10:35:00 AM,RTD,8/15/2026 10:40:00 AM,CLUZ,Rd,14449,
8/15/2026 10:35:00 AM,RTD,8/15/2026 10:40:00 AM,CVIS,Ru,19998,
8/15/2026 10:35:00 AM,RTD,8/15/2026 10:40:00 AM,CLUZ,Ru,14449,
8/15/2026 10:35:00 AM,RTD,8/15/2026 10:40:00 AM,CMIN,Ru,17576.27,
8/15/2026 10:40:00 AM,RTD,8/15/2026 10:45:00 AM,CVIS,Dr,1899.99,
8/15/2026 10:40:00 AM,RTD,8/15/2026 10:45:00 AM,CMIN,Dr,7400,
8/15/2026 10:40:00 AM,RTD,8/15/2026 10:45:00 AM,CLUZ,Dr,4998,
8/15/2026 10:40:00 AM,RTD,8/15/2026 10:45:00 AM,CMIN,Fr,5365.46,
8/15/2026 10:40:00 AM,RTD,8/15/2026 10:45:00 AM,CVIS,Fr,18000,
8/15/2026 10:40:00 AM,RTD,8/15/2026 10:45:00 AM,CLUZ,Fr,2846.41,
8/15/2026 10:40:00 AM,RTD,8/15/2026 10:45:00 AM,CVIS,Rd,19998,
8/15/2026 10:40:00 AM,RTD,8/15/2026 10:45:00 AM,CMIN,Rd,24946.08,
8/15/2026 10:40:00 AM,RTD,8/15/2026 10:45:00 AM,CLUZ,Rd,14449,
8/15/2026 10:40:00 AM,RTD,8/15/2026 10:45:00 AM,CVIS,Ru,19998,
8/15/2026 10:40:00 AM,RTD,8/15/2026 10:45:00 AM,CLUZ,Ru,14449,
8/15/2026 10:40:00 AM,RTD,8/15/2026 10:45:00 AM,CMIN,Ru,19079.98,
8/15/2026 10:45:00 AM,RTD,8/15/2026 10:50:00 AM,CVIS,Dr,1900,
8/15/2026 10:45:00 AM,RTD,8/15/2026 10:50:00 AM,CMIN,Dr,7400,
8/15/2026 10:45:00 AM,RTD,8/15/2026 10:50:00 AM,CLUZ,Dr,4998,
8/15/2026 10:45:00 AM,RTD,8/15/2026 10:50:00 AM,CMIN,Fr,11299.23,
8/15/2026 10:45:00 AM,RTD,8/15/2026 10:50:00 AM,CVIS,Fr,20012.53,
8/15/2026 10:45:00 AM,RTD,8/15/2026 10:50:00 AM,CLUZ,Fr,2845.81,
8/15/2026 10:45:00 AM,RTD,8/15/2026 10:50:00 AM,CVIS,Rd,19998,
8/15/2026 10:45:00 AM,RTD,8/15/2026 10:50:00 AM,CMIN,Rd,24946.08,
8/15/2026 10:45:00 AM,RTD,8/15/2026 10:50:00 AM,CLUZ,Rd,14449,
8/15/2026 10:45:00 AM,RTD,8/15/2026 10:50:00 AM,CVIS,Ru,19998,
8/15/2026 10:45:00 AM,RTD,8/15/2026 10:50:00 AM,CLUZ,Ru,14449,
8/15/2026 10:45:00 AM,RTD,8/15/2026 10:50:00 AM,CMIN,Ru,24999.89,
8/15/2026 10:50:00 AM,RTD,8/15/2026 10:55:00 AM,CLUZ,Dr,998,
8/15/2026 10:50:00 AM,RTD,8/15/2026 10:55:00 AM,CMIN,Dr,7400,
8/15/2026 10:50:00 AM,RTD,8/15/2026 10:55:00 AM,CVIS,Dr,1899,
8/15/2026 10:50:00 AM,RTD,8/15/2026 10:55:00 AM,CLUZ,Fr,2752.80,
8/15/2026 10:50:00 AM,RTD,8/15/2026 10:55:00 AM,CVIS,Fr,21678.51,
8/15/2026 10:50:00 AM,RTD,8/15/2026 10:55:00 AM,CMIN,Fr,10385.75,
8/15/2026 10:50:00 AM,RTD,8/15/2026 10:55:00 AM,CLUZ,Rd,14449,
8/15/2026 10:50:00 AM,RTD,8/15/2026 10:55:00 AM,CVIS,Rd,19998,
8/15/2026 10:50:00 AM,RTD,8/15/2026 10:55:00 AM,CMIN,Rd,24946.08,
8/15/2026 10:50:00 AM,RTD,8/15/2026 10:55:00 AM,CLUZ,Ru,14449,
8/15/2026 10:50:00 AM,RTD,8/15/2026 10:55:00 AM,CMIN,Ru,24220.06,
8/15/2026 10:50:00 AM,RTD,8/15/2026 10:55:00 AM,CVIS,Ru,19998,
8/15/2026 10:55:00 AM,RTD,8/15/2026 11:00:00 AM,CVIS,Dr,1899.80,
8/15/2026 10:55:00 AM,RTD,8/15/2026 11:00:00 AM,CMIN,Dr,7400,
8/15/2026 10:55:00 AM,RTD,8/15/2026 11:00:00 AM,CLUZ,Dr,998,
8/15/2026 10:55:00 AM,RTD,8/15/2026 11:00:00 AM,CLUZ,Fr,2843.40,
8/15/2026 10:55:00 AM,RTD,8/15/2026 11:00:00 AM,CVIS,Fr,21695.85,
8/15/2026 10:55:00 AM,RTD,8/15/2026 11:00:00 AM,CMIN,Fr,10464.09,
8/15/2026 10:55:00 AM,RTD,8/15/2026 11:00:00 AM,CLUZ,Rd,14449,
8/15/2026 10:55:00 AM,RTD,8/15/2026 11:00:00 AM,CVIS,Rd,19998,
8/15/2026 10:55:00 AM,RTD,8/15/2026 11:00:00 AM,CMIN,Rd,24946.08,
8/15/2026 10:55:00 AM,RTD,8/15/2026 11:00:00 AM,CVIS,Ru,19998,
8/15/2026 10:55:00 AM,RTD,8/15/2026 11:00:00 AM,CMIN,Ru,24382.86,
8/15/2026 10:55:00 AM,RTD,8/15/2026 11:00:00 AM,CLUZ,Ru,14449,
8/15/2026 11:00:00 AM,RTD,8/15/2026 11:05:00 AM,CVIS,Dr,1899,
8/15/2026 11:00:00 AM,RTD,8/15/2026 11:05:00 AM,CMIN,Dr,7400,
8/15/2026 11:00:00 AM,RTD,8/15/2026 11:05:00 AM,CLUZ,Dr,998,
8/15/2026 11:00:00 AM,RTD,8/15/2026 11:05:00 AM,CMIN,Fr,7685.56,
8/15/2026 11:00:00 AM,RTD,8/15/2026 11:05:00 AM,CVIS,Fr,19000,
8/15/2026 11:00:00 AM,RTD,8/15/2026 11:05:00 AM,CLUZ,Fr,2987.86,
8/15/2026 11:00:00 AM,RTD,8/15/2026 11:05:00 AM,CLUZ,Rd,550,
8/15/2026 11:00:00 AM,RTD,8/15/2026 11:05:00 AM,CMIN,Rd,4000,
8/15/2026 11:00:00 AM,RTD,8/15/2026 11:05:00 AM,CVIS,Rd,19998,
8/15/2026 11:00:00 AM,RTD,8/15/2026 11:05:00 AM,CLUZ,Ru,550,
8/15/2026 11:00:00 AM,RTD,8/15/2026 11:05:00 AM,CVIS,Ru,19998,
8/15/2026 11:00:00 AM,RTD,8/15/2026 11:05:00 AM,CMIN,Ru,10054.46,
8/15/2026 11:05:00 AM,RTD,8/15/2026 11:10:00 AM,CVIS,Dr,1899,
8/15/2026 11:05:00 AM,RTD,8/15/2026 11:10:00 AM,CMIN,Dr,7399.99,
8/15/2026 11:05:00 AM,RTD,8/15/2026 11:10:00 AM,CLUZ,Dr,998,
8/15/2026 11:05:00 AM,RTD,8/15/2026 11:10:00 AM,CVIS,Fr,19000,
8/15/2026 11:05:00 AM,RTD,8/15/2026 11:10:00 AM,CLUZ,Fr,2740.42,
8/15/2026 11:05:00 AM,RTD,8/15/2026 11:10:00 AM,CMIN,Fr,7676.66,
8/15/2026 11:05:00 AM,RTD,8/15/2026 11:10:00 AM,CVIS,Rd,19998,
8/15/2026 11:05:00 AM,RTD,8/15/2026 11:10:00 AM,CMIN,Rd,4000,
8/15/2026 11:05:00 AM,RTD,8/15/2026 11:10:00 AM,CLUZ,Rd,550,
8/15/2026 11:05:00 AM,RTD,8/15/2026 11:10:00 AM,CMIN,Ru,10074.26,
8/15/2026 11:05:00 AM,RTD,8/15/2026 11:10:00 AM,CVIS,Ru,19998,
8/15/2026 11:05:00 AM,RTD,8/15/2026 11:10:00 AM,CLUZ,Ru,550,
8/15/2026 11:10:00 AM,RTD,8/15/2026 11:15:00 AM,CMIN,Dr,7399.99,
8/15/2026 11:10:00 AM,RTD,8/15/2026 11:15:00 AM,CLUZ,Dr,998,
8/15/2026 11:10:00 AM,RTD,8/15/2026 11:15:00 AM,CVIS,Dr,1899,
8/15/2026 11:10:00 AM,RTD,8/15/2026 11:15:00 AM,CMIN,Fr,4144.71,
8/15/2026 11:10:00 AM,RTD,8/15/2026 11:15:00 AM,CVIS,Fr,16500,
8/15/2026 11:10:00 AM,RTD,8/15/2026 11:15:00 AM,CLUZ,Fr,2837.37,
8/15/2026 11:10:00 AM,RTD,8/15/2026 11:15:00 AM,CLUZ,Rd,550,
8/15/2026 11:10:00 AM,RTD,8/15/2026 11:15:00 AM,CVIS,Rd,19998,
8/15/2026 11:10:00 AM,RTD,8/15/2026 11:15:00 AM,CMIN,Rd,4000,
8/15/2026 11:10:00 AM,RTD,8/15/2026 11:15:00 AM,CVIS,Ru,19998,
8/15/2026 11:10:00 AM,RTD,8/15/2026 11:15:00 AM,CLUZ,Ru,550,
8/15/2026 11:10:00 AM,RTD,8/15/2026 11:15:00 AM,CMIN,Ru,6244.98,
8/15/2026 11:15:00 AM,RTD,8/15/2026 11:20:00 AM,CMIN,Dr,7399.99,
8/15/2026 11:15:00 AM,RTD,8/15/2026 11:20:00 AM,CVIS,Dr,1899,
8/15/2026 11:15:00 AM,RTD,8/15/2026 11:20:00 AM,CLUZ,Dr,998,
8/15/2026 11:15:00 AM,RTD,8/15/2026 11:20:00 AM,CVIS,Fr,19000,
8/15/2026 11:15:00 AM,RTD,8/15/2026 11:20:00 AM,CMIN,Fr,9779.37,
8/15/2026 11:15:00 AM,RTD,8/15/2026 11:20:00 AM,CLUZ,Fr,2731.06,
8/15/2026 11:15:00 AM,RTD,8/15/2026 11:20:00 AM,CLUZ,Rd,550,
8/15/2026 11:15:00 AM,RTD,8/15/2026 11:20:00 AM,CVIS,Rd,19998,
8/15/2026 11:15:00 AM,RTD,8/15/2026 11:20:00 AM,CMIN,Rd,4000,
8/15/2026 11:15:00 AM,RTD,8/15/2026 11:20:00 AM,CLUZ,Ru,550,
8/15/2026 11:15:00 AM,RTD,8/15/2026 11:20:00 AM,CVIS,Ru,19998,
8/15/2026 11:15:00 AM,RTD,8/15/2026 11:20:00 AM,CMIN,Ru,12495.68,
8/15/2026 11:20:00 AM,RTD,8/15/2026 11:25:00 AM,CVIS,Dr,1899,
8/15/2026 11:20:00 AM,RTD,8/15/2026 11:25:00 AM,CLUZ,Dr,998,
8/15/2026 11:20:00 AM,RTD,8/15/2026 11:25:00 AM,CMIN,Dr,7299.99,
8/15/2026 11:20:00 AM,RTD,8/15/2026 11:25:00 AM,CVIS,Fr,16500,
8/15/2026 11:20:00 AM,RTD,8/15/2026 11:25:00 AM,CMIN,Fr,5092.80,
8/15/2026 11:20:00 AM,RTD,8/15/2026 11:25:00 AM,CLUZ,Fr,2770.80,
8/15/2026 11:20:00 AM,RTD,8/15/2026 11:25:00 AM,CMIN,Rd,4000,
8/15/2026 11:20:00 AM,RTD,8/15/2026 11:25:00 AM,CVIS,Rd,19998,
8/15/2026 11:20:00 AM,RTD,8/15/2026 11:25:00 AM,CLUZ,Rd,550,
8/15/2026 11:20:00 AM,RTD,8/15/2026 11:25:00 AM,CVIS,Ru,19998,
8/15/2026 11:20:00 AM,RTD,8/15/2026 11:25:00 AM,CLUZ,Ru,14448,
8/15/2026 11:20:00 AM,RTD,8/15/2026 11:25:00 AM,CMIN,Ru,7342.22,
8/15/2026 11:25:00 AM,RTD,8/15/2026 11:30:00 AM,CMIN,Dr,7299.99,
8/15/2026 11:25:00 AM,RTD,8/15/2026 11:30:00 AM,CVIS,Dr,1899,
8/15/2026 11:25:00 AM,RTD,8/15/2026 11:30:00 AM,CLUZ,Dr,998,
8/15/2026 11:25:00 AM,RTD,8/15/2026 11:30:00 AM,CVIS,Fr,18000,
8/15/2026 11:25:00 AM,RTD,8/15/2026 11:30:00 AM,CLUZ,Fr,2766,
8/15/2026 11:25:00 AM,RTD,8/15/2026 11:30:00 AM,CMIN,Fr,6623.75,
8/15/2026 11:25:00 AM,RTD,8/15/2026 11:30:00 AM,CVIS,Rd,19998,
8/15/2026 11:25:00 AM,RTD,8/15/2026 11:30:00 AM,CMIN,Rd,4000,
8/15/2026 11:25:00 AM,RTD,8/15/2026 11:30:00 AM,CLUZ,Rd,14448,
8/15/2026 11:25:00 AM,RTD,8/15/2026 11:30:00 AM,CMIN,Ru,9026.47,
8/15/2026 11:25:00 AM,RTD,8/15/2026 11:30:00 AM,CVIS,Ru,19998,
8/15/2026 11:25:00 AM,RTD,8/15/2026 11:30:00 AM,CLUZ,Ru,14449,
8/15/2026 11:30:00 AM,RTD,8/15/2026 11:35:00 AM,CLUZ,Dr,998,
8/15/2026 11:30:00 AM,RTD,8/15/2026 11:35:00 AM,CMIN,Dr,7299.99,
8/15/2026 11:30:00 AM,RTD,8/15/2026 11:35:00 AM,CVIS,Dr,1899,
8/15/2026 11:30:00 AM,RTD,8/15/2026 11:35:00 AM,CMIN,Fr,3283.70,
8/15/2026 11:30:00 AM,RTD,8/15/2026 11:35:00 AM,CVIS,Fr,15884.64,
8/15/2026 11:30:00 AM,RTD,8/15/2026 11:35:00 AM,CLUZ,Fr,6515.33,
8/15/2026 11:30:00 AM,RTD,8/15/2026 11:35:00 AM,CVIS,Rd,19998,
8/15/2026 11:30:00 AM,RTD,8/15/2026 11:35:00 AM,CLUZ,Rd,14449,
8/15/2026 11:30:00 AM,RTD,8/15/2026 11:35:00 AM,CMIN,Rd,4000,
8/15/2026 11:30:00 AM,RTD,8/15/2026 11:35:00 AM,CLUZ,Ru,14449,
8/15/2026 11:30:00 AM,RTD,8/15/2026 11:35:00 AM,CVIS,Ru,19998,
8/15/2026 11:30:00 AM,RTD,8/15/2026 11:35:00 AM,CMIN,Ru,5342.58,
8/15/2026 11:35:00 AM,RTD,8/15/2026 11:40:00 AM,CMIN,Dr,7399.99,
8/15/2026 11:35:00 AM,RTD,8/15/2026 11:40:00 AM,CLUZ,Dr,998,
8/15/2026 11:35:00 AM,RTD,8/15/2026 11:40:00 AM,CVIS,Dr,1899,
8/15/2026 11:35:00 AM,RTD,8/15/2026 11:40:00 AM,CMIN,Fr,3283.70,
8/15/2026 11:35:00 AM,RTD,8/15/2026 11:40:00 AM,CVIS,Fr,14889.92,
8/15/2026 11:35:00 AM,RTD,8/15/2026 11:40:00 AM,CLUZ,Fr,6316.60,
8/15/2026 11:35:00 AM,RTD,8/15/2026 11:40:00 AM,CLUZ,Rd,14449,
8/15/2026 11:35:00 AM,RTD,8/15/2026 11:40:00 AM,CVIS,Rd,19998,
8/15/2026 11:35:00 AM,RTD,8/15/2026 11:40:00 AM,CMIN,Rd,4000,
8/15/2026 11:35:00 AM,RTD,8/15/2026 11:40:00 AM,CMIN,Ru,4245.78,
8/15/2026 11:35:00 AM,RTD,8/15/2026 11:40:00 AM,CLUZ,Ru,14449,
8/15/2026 11:35:00 AM,RTD,8/15/2026 11:40:00 AM,CVIS,Ru,19998,
8/15/2026 11:40:00 AM,RTD,8/15/2026 11:45:00 AM,CLUZ,Dr,998,
8/15/2026 11:40:00 AM,RTD,8/15/2026 11:45:00 AM,CMIN,Dr,7399.99,
8/15/2026 11:40:00 AM,RTD,8/15/2026 11:45:00 AM,CVIS,Dr,1899,
8/15/2026 11:40:00 AM,RTD,8/15/2026 11:45:00 AM,CLUZ,Fr,3111.96,
8/15/2026 11:40:00 AM,RTD,8/15/2026 11:45:00 AM,CMIN,Fr,3283.70,
8/15/2026 11:40:00 AM,RTD,8/15/2026 11:45:00 AM,CVIS,Fr,13923.70,
8/15/2026 11:40:00 AM,RTD,8/15/2026 11:45:00 AM,CMIN,Rd,4000,
8/15/2026 11:40:00 AM,RTD,8/15/2026 11:45:00 AM,CVIS,Rd,19998,
8/15/2026 11:40:00 AM,RTD,8/15/2026 11:45:00 AM,CLUZ,Rd,14449,
8/15/2026 11:40:00 AM,RTD,8/15/2026 11:45:00 AM,CVIS,Ru,19998,
8/15/2026 11:40:00 AM,RTD,8/15/2026 11:45:00 AM,CLUZ,Ru,14449,
8/15/2026 11:40:00 AM,RTD,8/15/2026 11:45:00 AM,CMIN,Ru,3224.52,
8/15/2026 11:45:00 AM,RTD,8/15/2026 11:50:00 AM,CLUZ,Dr,998,
8/15/2026 11:45:00 AM,RTD,8/15/2026 11:50:00 AM,CVIS,Dr,1899,
8/15/2026 11:45:00 AM,RTD,8/15/2026 11:50:00 AM,CMIN,Dr,7399.99,
8/15/2026 11:45:00 AM,RTD,8/15/2026 11:50:00 AM,CMIN,Fr,3283.70,
8/15/2026 11:45:00 AM,RTD,8/15/2026 11:50:00 AM,CVIS,Fr,3994.19,
8/15/2026 11:45:00 AM,RTD,8/15/2026 11:50:00 AM,CLUZ,Fr,3151.79,
8/15/2026 11:45:00 AM,RTD,8/15/2026 11:50:00 AM,CLUZ,Rd,14449,
8/15/2026 11:45:00 AM,RTD,8/15/2026 11:50:00 AM,CVIS,Rd,19998,
8/15/2026 11:45:00 AM,RTD,8/15/2026 11:50:00 AM,CMIN,Rd,4000,
8/15/2026 11:45:00 AM,RTD,8/15/2026 11:50:00 AM,CLUZ,Ru,14449,
8/15/2026 11:45:00 AM,RTD,8/15/2026 11:50:00 AM,CVIS,Ru,19998,
8/15/2026 11:45:00 AM,RTD,8/15/2026 11:50:00 AM,CMIN,Ru,3358.58,
8/15/2026 11:50:00 AM,RTD,8/15/2026 11:55:00 AM,CLUZ,Dr,998,
8/15/2026 11:50:00 AM,RTD,8/15/2026 11:55:00 AM,CVIS,Dr,1899,
8/15/2026 11:50:00 AM,RTD,8/15/2026 11:55:00 AM,CMIN,Dr,7399.99,
8/15/2026 11:50:00 AM,RTD,8/15/2026 11:55:00 AM,CMIN,Fr,3283.70,
8/15/2026 11:50:00 AM,RTD,8/15/2026 11:55:00 AM,CVIS,Fr,3986.46,
8/15/2026 11:50:00 AM,RTD,8/15/2026 11:55:00 AM,CLUZ,Fr,1750,
8/15/2026 11:50:00 AM,RTD,8/15/2026 11:55:00 AM,CLUZ,Rd,14449,
8/15/2026 11:50:00 AM,RTD,8/15/2026 11:55:00 AM,CMIN,Rd,4000,
8/15/2026 11:50:00 AM,RTD,8/15/2026 11:55:00 AM,CVIS,Rd,19998,
8/15/2026 11:50:00 AM,RTD,8/15/2026 11:55:00 AM,CLUZ,Ru,14449,
8/15/2026 11:50:00 AM,RTD,8/15/2026 11:55:00 AM,CVIS,Ru,19998,
8/15/2026 11:50:00 AM,RTD,8/15/2026 11:55:00 AM,CMIN,Ru,3340.69,
8/15/2026 11:55:00 AM,RTD,8/15/2026 12:00:00 PM,CVIS,Dr,1899,
8/15/2026 11:55:00 AM,RTD,8/15/2026 12:00:00 PM,CMIN,Dr,7399.99,
8/15/2026 11:55:00 AM,RTD,8/15/2026 12:00:00 PM,CLUZ,Dr,998,
8/15/2026 11:55:00 AM,RTD,8/15/2026 12:00:00 PM,CMIN,Fr,3283.70,
8/15/2026 11:55:00 AM,RTD,8/15/2026 12:00:00 PM,CVIS,Fr,3976.19,
8/15/2026 11:55:00 AM,RTD,8/15/2026 12:00:00 PM,CLUZ,Fr,550,
8/15/2026 11:55:00 AM,RTD,8/15/2026 12:00:00 PM,CMIN,Rd,4000,
8/15/2026 11:55:00 AM,RTD,8/15/2026 12:00:00 PM,CLUZ,Rd,14449,
8/15/2026 11:55:00 AM,RTD,8/15/2026 12:00:00 PM,CVIS,Rd,19998,
8/15/2026 11:55:00 AM,RTD,8/15/2026 12:00:00 PM,CVIS,Ru,19998,
8/15/2026 11:55:00 AM,RTD,8/15/2026 12:00:00 PM,CLUZ,Ru,14449,
8/15/2026 11:55:00 AM,RTD,8/15/2026 12:00:00 PM,CMIN,Ru,3324.30,
8/15/2026 12:00:00 PM,RTD,8/15/2026 12:05:00 PM,CMIN,Dr,7400,
8/15/2026 12:00:00 PM,RTD,8/15/2026 12:05:00 PM,CVIS,Dr,1899,
8/15/2026 12:00:00 PM,RTD,8/15/2026 12:05:00 PM,CLUZ,Dr,1100,
8/15/2026 12:00:00 PM,RTD,8/15/2026 12:05:00 PM,CLUZ,Fr,1130,
8/15/2026 12:00:00 PM,RTD,8/15/2026 12:05:00 PM,CVIS,Fr,15795.82,
8/15/2026 12:00:00 PM,RTD,8/15/2026 12:05:00 PM,CMIN,Fr,3283.70,
8/15/2026 12:00:00 PM,RTD,8/15/2026 12:05:00 PM,CMIN,Rd,24946.08,
8/15/2026 12:00:00 PM,RTD,8/15/2026 12:05:00 PM,CLUZ,Rd,1000,
8/15/2026 12:00:00 PM,RTD,8/15/2026 12:05:00 PM,CVIS,Rd,19998,
8/15/2026 12:00:00 PM,RTD,8/15/2026 12:05:00 PM,CVIS,Ru,19998,
8/15/2026 12:00:00 PM,RTD,8/15/2026 12:05:00 PM,CMIN,Ru,5396.66,
8/15/2026 12:00:00 PM,RTD,8/15/2026 12:05:00 PM,CLUZ,Ru,550,
8/15/2026 12:05:00 PM,RTD,8/15/2026 12:10:00 PM,CLUZ,Dr,1100,
8/15/2026 12:05:00 PM,RTD,8/15/2026 12:10:00 PM,CVIS,Dr,1899,
8/15/2026 12:05:00 PM,RTD,8/15/2026 12:10:00 PM,CMIN,Dr,7400,
8/15/2026 12:05:00 PM,RTD,8/15/2026 12:10:00 PM,CMIN,Fr,3283.70,
8/15/2026 12:05:00 PM,RTD,8/15/2026 12:10:00 PM,CLUZ,Fr,490,
8/15/2026 12:05:00 PM,RTD,8/15/2026 12:10:00 PM,CVIS,Fr,3984.38,
8/15/2026 12:05:00 PM,RTD,8/15/2026 12:10:00 PM,CLUZ,Rd,1000,
8/15/2026 12:05:00 PM,RTD,8/15/2026 12:10:00 PM,CVIS,Rd,19998,
8/15/2026 12:05:00 PM,RTD,8/15/2026 12:10:00 PM,CMIN,Rd,24946.08,
8/15/2026 12:05:00 PM,RTD,8/15/2026 12:10:00 PM,CLUZ,Ru,550,
8/15/2026 12:05:00 PM,RTD,8/15/2026 12:10:00 PM,CMIN,Ru,5414.04,
8/15/2026 12:05:00 PM,RTD,8/15/2026 12:10:00 PM,CVIS,Ru,19998,
8/15/2026 12:10:00 PM,RTD,8/15/2026 12:15:00 PM,CVIS,Dr,1899,
8/15/2026 12:10:00 PM,RTD,8/15/2026 12:15:00 PM,CMIN,Dr,7400,
8/15/2026 12:10:00 PM,RTD,8/15/2026 12:15:00 PM,CLUZ,Dr,1100,
8/15/2026 12:10:00 PM,RTD,8/15/2026 12:15:00 PM,CLUZ,Fr,1689.87,
8/15/2026 12:10:00 PM,RTD,8/15/2026 12:15:00 PM,CVIS,Fr,3981.82,
8/15/2026 12:10:00 PM,RTD,8/15/2026 12:15:00 PM,CMIN,Fr,3283.70,
8/15/2026 12:10:00 PM,RTD,8/15/2026 12:15:00 PM,CVIS,Rd,19998,
8/15/2026 12:10:00 PM,RTD,8/15/2026 12:15:00 PM,CMIN,Rd,24946.08,
8/15/2026 12:10:00 PM,RTD,8/15/2026 12:15:00 PM,CLUZ,Rd,1000,
8/15/2026 12:10:00 PM,RTD,8/15/2026 12:15:00 PM,CLUZ,Ru,550,
8/15/2026 12:10:00 PM,RTD,8/15/2026 12:15:00 PM,CMIN,Ru,5416.05,
8/15/2026 12:10:00 PM,RTD,8/15/2026 12:15:00 PM,CVIS,Ru,19998,
8/15/2026 12:15:00 PM,RTD,8/15/2026 12:20:00 PM,CVIS,Dr,1899,
8/15/2026 12:15:00 PM,RTD,8/15/2026 12:20:00 PM,CLUZ,Dr,1100,
8/15/2026 12:15:00 PM,RTD,8/15/2026 12:20:00 PM,CMIN,Dr,7399.99,
8/15/2026 12:15:00 PM,RTD,8/15/2026 12:20:00 PM,CLUZ,Fr,2873.03,
8/15/2026 12:15:00 PM,RTD,8/15/2026 12:20:00 PM,CVIS,Fr,14893.14,
8/15/2026 12:15:00 PM,RTD,8/15/2026 12:20:00 PM,CMIN,Fr,3283.70,
8/15/2026 12:15:00 PM,RTD,8/15/2026 12:20:00 PM,CLUZ,Rd,8551.97,
8/15/2026 12:15:00 PM,RTD,8/15/2026 12:20:00 PM,CVIS,Rd,19998,
8/15/2026 12:15:00 PM,RTD,8/15/2026 12:20:00 PM,CMIN,Rd,24946.08,
8/15/2026 12:15:00 PM,RTD,8/15/2026 12:20:00 PM,CMIN,Ru,16551.87,
8/15/2026 12:15:00 PM,RTD,8/15/2026 12:20:00 PM,CVIS,Ru,19998,
8/15/2026 12:15:00 PM,RTD,8/15/2026 12:20:00 PM,CLUZ,Ru,550,
8/15/2026 12:20:00 PM,RTD,8/15/2026 12:25:00 PM,CVIS,Dr,1899,
8/15/2026 12:20:00 PM,RTD,8/15/2026 12:25:00 PM,CLUZ,Dr,1100,
8/15/2026 12:20:00 PM,RTD,8/15/2026 12:25:00 PM,CMIN,Dr,7399.99,
8/15/2026 12:20:00 PM,RTD,8/15/2026 12:25:00 PM,CLUZ,Fr,2787.60,
8/15/2026 12:20:00 PM,RTD,8/15/2026 12:25:00 PM,CMIN,Fr,3283.70,
8/15/2026 12:20:00 PM,RTD,8/15/2026 12:25:00 PM,CVIS,Fr,7429,
8/15/2026 12:20:00 PM,RTD,8/15/2026 12:25:00 PM,CLUZ,Rd,8643.54,
8/15/2026 12:20:00 PM,RTD,8/15/2026 12:25:00 PM,CMIN,Rd,24946.08,
8/15/2026 12:20:00 PM,RTD,8/15/2026 12:25:00 PM,CVIS,Rd,19998,
8/15/2026 12:20:00 PM,RTD,8/15/2026 12:25:00 PM,CVIS,Ru,2001,
8/15/2026 12:20:00 PM,RTD,8/15/2026 12:25:00 PM,CLUZ,Ru,550,
8/15/2026 12:20:00 PM,RTD,8/15/2026 12:25:00 PM,CMIN,Ru,8958.69,
8/15/2026 12:25:00 PM,RTD,8/15/2026 12:30:00 PM,CVIS,Dr,1899,
8/15/2026 12:25:00 PM,RTD,8/15/2026 12:30:00 PM,CMIN,Dr,7399.99,
8/15/2026 12:25:00 PM,RTD,8/15/2026 12:30:00 PM,CLUZ,Dr,1100,
8/15/2026 12:25:00 PM,RTD,8/15/2026 12:30:00 PM,CMIN,Fr,3283.70,
8/15/2026 12:25:00 PM,RTD,8/15/2026 12:30:00 PM,CVIS,Fr,4993.04,
8/15/2026 12:25:00 PM,RTD,8/15/2026 12:30:00 PM,CLUZ,Fr,1130,
8/15/2026 12:25:00 PM,RTD,8/15/2026 12:30:00 PM,CVIS,Rd,19998,
8/15/2026 12:25:00 PM,RTD,8/15/2026 12:30:00 PM,CMIN,Rd,24946.08,
8/15/2026 12:25:00 PM,RTD,8/15/2026 12:30:00 PM,CLUZ,Rd,10710.53,
8/15/2026 12:25:00 PM,RTD,8/15/2026 12:30:00 PM,CVIS,Ru,2001,
8/15/2026 12:25:00 PM,RTD,8/15/2026 12:30:00 PM,CLUZ,Ru,550,
8/15/2026 12:25:00 PM,RTD,8/15/2026 12:30:00 PM,CMIN,Ru,6497.12,
8/15/2026 12:30:00 PM,RTD,8/15/2026 12:35:00 PM,CVIS,Dr,1899,
8/15/2026 12:30:00 PM,RTD,8/15/2026 12:35:00 PM,CMIN,Dr,7399.99,
8/15/2026 12:30:00 PM,RTD,8/15/2026 12:35:00 PM,CLUZ,Dr,1100,
8/15/2026 12:30:00 PM,RTD,8/15/2026 12:35:00 PM,CMIN,Fr,3283.70,
8/15/2026 12:30:00 PM,RTD,8/15/2026 12:35:00 PM,CVIS,Fr,4993.07,
8/15/2026 12:30:00 PM,RTD,8/15/2026 12:35:00 PM,CLUZ,Fr,1800,
8/15/2026 12:30:00 PM,RTD,8/15/2026 12:35:00 PM,CVIS,Rd,19998,
8/15/2026 12:30:00 PM,RTD,8/15/2026 12:35:00 PM,CMIN,Rd,24946.08,
8/15/2026 12:30:00 PM,RTD,8/15/2026 12:35:00 PM,CLUZ,Rd,10025.04,
8/15/2026 12:30:00 PM,RTD,8/15/2026 12:35:00 PM,CVIS,Ru,19998,
8/15/2026 12:30:00 PM,RTD,8/15/2026 12:35:00 PM,CLUZ,Ru,550,
8/15/2026 12:30:00 PM,RTD,8/15/2026 12:35:00 PM,CMIN,Ru,6498.42,
8/15/2026 12:35:00 PM,RTD,8/15/2026 12:40:00 PM,CVIS,Dr,1899,
8/15/2026 12:35:00 PM,RTD,8/15/2026 12:40:00 PM,CMIN,Dr,7399.99,
8/15/2026 12:35:00 PM,RTD,8/15/2026 12:40:00 PM,CLUZ,Dr,1100,
8/15/2026 12:35:00 PM,RTD,8/15/2026 12:40:00 PM,CMIN,Fr,3283.70,
8/15/2026 12:35:00 PM,RTD,8/15/2026 12:40:00 PM,CVIS,Fr,14891.53,
8/15/2026 12:35:00 PM,RTD,8/15/2026 12:40:00 PM,CLUZ,Fr,550,
8/15/2026 12:35:00 PM,RTD,8/15/2026 12:40:00 PM,CVIS,Rd,19998,
8/15/2026 12:35:00 PM,RTD,8/15/2026 12:40:00 PM,CMIN,Rd,24946.08,
8/15/2026 12:35:00 PM,RTD,8/15/2026 12:40:00 PM,CLUZ,Rd,11324.68,
8/15/2026 12:35:00 PM,RTD,8/15/2026 12:40:00 PM,CVIS,Ru,19998,
8/15/2026 12:35:00 PM,RTD,8/15/2026 12:40:00 PM,CLUZ,Ru,550,
8/15/2026 12:35:00 PM,RTD,8/15/2026 12:40:00 PM,CMIN,Ru,16656.41,
8/15/2026 12:40:00 PM,RTD,8/15/2026 12:45:00 PM,CVIS,Dr,1899,
8/15/2026 12:40:00 PM,RTD,8/15/2026 12:45:00 PM,CMIN,Dr,7399.99,
8/15/2026 12:40:00 PM,RTD,8/15/2026 12:45:00 PM,CLUZ,Dr,1100,
8/15/2026 12:40:00 PM,RTD,8/15/2026 12:45:00 PM,CMIN,Fr,3283.70,
8/15/2026 12:40:00 PM,RTD,8/15/2026 12:45:00 PM,CVIS,Fr,15853.13,
8/15/2026 12:40:00 PM,RTD,8/15/2026 12:45:00 PM,CLUZ,Fr,500,
8/15/2026 12:40:00 PM,RTD,8/15/2026 12:45:00 PM,CVIS,Rd,19998,
8/15/2026 12:40:00 PM,RTD,8/15/2026 12:45:00 PM,CMIN,Rd,24946.08,
8/15/2026 12:40:00 PM,RTD,8/15/2026 12:45:00 PM,CLUZ,Rd,11398.50,
8/15/2026 12:40:00 PM,RTD,8/15/2026 12:45:00 PM,CVIS,Ru,19998,
8/15/2026 12:40:00 PM,RTD,8/15/2026 12:45:00 PM,CLUZ,Ru,1000,
8/15/2026 12:40:00 PM,RTD,8/15/2026 12:45:00 PM,CMIN,Ru,17689.38,
8/15/2026 12:45:00 PM,RTD,8/15/2026 12:50:00 PM,CMIN,Dr,7399.99,
8/15/2026 12:45:00 PM,RTD,8/15/2026 12:50:00 PM,CLUZ,Dr,1100,
8/15/2026 12:45:00 PM,RTD,8/15/2026 12:50:00 PM,CVIS,Dr,1899,
8/15/2026 12:45:00 PM,RTD,8/15/2026 12:50:00 PM,CLUZ,Fr,2755.18,
8/15/2026 12:45:00 PM,RTD,8/15/2026 12:50:00 PM,CMIN,Fr,10337.60,
8/15/2026 12:45:00 PM,RTD,8/15/2026 12:50:00 PM,CVIS,Fr,19000,
8/15/2026 12:45:00 PM,RTD,8/15/2026 12:50:00 PM,CMIN,Rd,24946.08,
8/15/2026 12:45:00 PM,RTD,8/15/2026 12:50:00 PM,CLUZ,Rd,8686.92,
8/15/2026 12:45:00 PM,RTD,8/15/2026 12:50:00 PM,CVIS,Rd,19998,
8/15/2026 12:45:00 PM,RTD,8/15/2026 12:50:00 PM,CMIN,Ru,24999.89,
8/15/2026 12:45:00 PM,RTD,8/15/2026 12:50:00 PM,CVIS,Ru,19998,
8/15/2026 12:45:00 PM,RTD,8/15/2026 12:50:00 PM,CLUZ,Ru,550,
8/15/2026 12:50:00 PM,RTD,8/15/2026 12:55:00 PM,CVIS,Dr,1899,
8/15/2026 12:50:00 PM,RTD,8/15/2026 12:55:00 PM,CMIN,Dr,7399.99,
8/15/2026 12:50:00 PM,RTD,8/15/2026 12:55:00 PM,CLUZ,Dr,1100,
8/15/2026 12:50:00 PM,RTD,8/15/2026 12:55:00 PM,CMIN,Fr,9834.43,
8/15/2026 12:50:00 PM,RTD,8/15/2026 12:55:00 PM,CVIS,Fr,20968.85,
8/15/2026 12:50:00 PM,RTD,8/15/2026 12:55:00 PM,CLUZ,Fr,480,
8/15/2026 12:50:00 PM,RTD,8/15/2026 12:55:00 PM,CVIS,Rd,19998,
8/15/2026 12:50:00 PM,RTD,8/15/2026 12:55:00 PM,CMIN,Rd,24946.08,
8/15/2026 12:50:00 PM,RTD,8/15/2026 12:55:00 PM,CLUZ,Rd,11499,
8/15/2026 12:50:00 PM,RTD,8/15/2026 12:55:00 PM,CVIS,Ru,19998,
8/15/2026 12:50:00 PM,RTD,8/15/2026 12:55:00 PM,CLUZ,Ru,550,
8/15/2026 12:50:00 PM,RTD,8/15/2026 12:55:00 PM,CMIN,Ru,24598.07,
8/15/2026 12:55:00 PM,RTD,8/15/2026 1:00:00 PM,CVIS,Dr,1900,
8/15/2026 12:55:00 PM,RTD,8/15/2026 1:00:00 PM,CMIN,Dr,7399.99,
8/15/2026 12:55:00 PM,RTD,8/15/2026 1:00:00 PM,CLUZ,Dr,1100,
8/15/2026 12:55:00 PM,RTD,8/15/2026 1:00:00 PM,CMIN,Fr,25000,
8/15/2026 12:55:00 PM,RTD,8/15/2026 1:00:00 PM,CVIS,Fr,20947.85,
8/15/2026 12:55:00 PM,RTD,8/15/2026 1:00:00 PM,CLUZ,Fr,480,
8/15/2026 12:55:00 PM,RTD,8/15/2026 1:00:00 PM,CVIS,Rd,19998,
8/15/2026 12:55:00 PM,RTD,8/15/2026 1:00:00 PM,CMIN,Rd,25000,
8/15/2026 12:55:00 PM,RTD,8/15/2026 1:00:00 PM,CLUZ,Rd,14448,
8/15/2026 12:55:00 PM,RTD,8/15/2026 1:00:00 PM,CVIS,Ru,19998,
8/15/2026 12:55:00 PM,RTD,8/15/2026 1:00:00 PM,CLUZ,Ru,550,
8/15/2026 12:55:00 PM,RTD,8/15/2026 1:00:00 PM,CMIN,Ru,24999.89,
8/15/2026 1:00:00 PM,RTD,8/15/2026 1:05:00 PM,CVIS,Dr,3485.80,
8/15/2026 1:00:00 PM,RTD,8/15/2026 1:05:00 PM,CMIN,Dr,7399.99,
8/15/2026 1:00:00 PM,RTD,8/15/2026 1:05:00 PM,CLUZ,Dr,1100,
8/15/2026 1:00:00 PM,RTD,8/15/2026 1:05:00 PM,CLUZ,Fr,480,
8/15/2026 1:00:00 PM,RTD,8/15/2026 1:05:00 PM,CVIS,Fr,20000,
8/15/2026 1:00:00 PM,RTD,8/15/2026 1:05:00 PM,CMIN,Fr,22732.39,
8/15/2026 1:00:00 PM,RTD,8/15/2026 1:05:00 PM,CLUZ,Rd,1000,
8/15/2026 1:00:00 PM,RTD,8/15/2026 1:05:00 PM,CVIS,Rd,19998,
8/15/2026 1:00:00 PM,RTD,8/15/2026 1:05:00 PM,CMIN,Rd,25000,
8/15/2026 1:00:00 PM,RTD,8/15/2026 1:05:00 PM,CMIN,Ru,24999.89,
8/15/2026 1:00:00 PM,RTD,8/15/2026 1:05:00 PM,CVIS,Ru,19998,
8/15/2026 1:00:00 PM,RTD,8/15/2026 1:05:00 PM,CLUZ,Ru,550,
8/15/2026 1:05:00 PM,RTD,8/15/2026 1:10:00 PM,CMIN,Dr,7399.99,
8/15/2026 1:05:00 PM,RTD,8/15/2026 1:10:00 PM,CLUZ,Dr,1100,
8/15/2026 1:05:00 PM,RTD,8/15/2026 1:10:00 PM,CVIS,Dr,1930,
8/15/2026 1:05:00 PM,RTD,8/15/2026 1:10:00 PM,CMIN,Fr,3283.70,
8/15/2026 1:05:00 PM,RTD,8/15/2026 1:10:00 PM,CLUZ,Fr,480,
8/15/2026 1:05:00 PM,RTD,8/15/2026 1:10:00 PM,CVIS,Fr,20936.12,
8/15/2026 1:05:00 PM,RTD,8/15/2026 1:10:00 PM,CLUZ,Rd,1000,
8/15/2026 1:05:00 PM,RTD,8/15/2026 1:10:00 PM,CVIS,Rd,19998,
8/15/2026 1:05:00 PM,RTD,8/15/2026 1:10:00 PM,CMIN,Rd,25000,
8/15/2026 1:05:00 PM,RTD,8/15/2026 1:10:00 PM,CMIN,Ru,24999.89,
8/15/2026 1:05:00 PM,RTD,8/15/2026 1:10:00 PM,CLUZ,Ru,550,
8/15/2026 1:05:00 PM,RTD,8/15/2026 1:10:00 PM,CVIS,Ru,19998,
8/15/2026 1:10:00 PM,RTD,8/15/2026 1:15:00 PM,CLUZ,Dr,1100,
8/15/2026 1:10:00 PM,RTD,8/15/2026 1:15:00 PM,CVIS,Dr,5407.39,
8/15/2026 1:10:00 PM,RTD,8/15/2026 1:15:00 PM,CMIN,Dr,7399.99,
8/15/2026 1:10:00 PM,RTD,8/15/2026 1:15:00 PM,CMIN,Fr,13871.49,
8/15/2026 1:10:00 PM,RTD,8/15/2026 1:15:00 PM,CVIS,Fr,22356.40,
8/15/2026 1:10:00 PM,RTD,8/15/2026 1:15:00 PM,CLUZ,Fr,3258.90,
8/15/2026 1:10:00 PM,RTD,8/15/2026 1:15:00 PM,CMIN,Rd,24946.08,
8/15/2026 1:10:00 PM,RTD,8/15/2026 1:15:00 PM,CVIS,Rd,19998,
8/15/2026 1:10:00 PM,RTD,8/15/2026 1:15:00 PM,CLUZ,Rd,1000,
8/15/2026 1:10:00 PM,RTD,8/15/2026 1:15:00 PM,CVIS,Ru,19998,
8/15/2026 1:10:00 PM,RTD,8/15/2026 1:15:00 PM,CLUZ,Ru,550,
8/15/2026 1:10:00 PM,RTD,8/15/2026 1:15:00 PM,CMIN,Ru,5632.17,
8/15/2026 1:15:00 PM,RTD,8/15/2026 1:20:00 PM,CLUZ,Dr,1100,
8/15/2026 1:15:00 PM,RTD,8/15/2026 1:20:00 PM,CMIN,Dr,7399.99,
8/15/2026 1:15:00 PM,RTD,8/15/2026 1:20:00 PM,CVIS,Dr,6832.36,
8/15/2026 1:15:00 PM,RTD,8/15/2026 1:20:00 PM,CVIS,Fr,23500,
8/15/2026 1:15:00 PM,RTD,8/15/2026 1:20:00 PM,CMIN,Fr,15246.93,
8/15/2026 1:15:00 PM,RTD,8/15/2026 1:20:00 PM,CLUZ,Fr,3384.06,
8/15/2026 1:15:00 PM,RTD,8/15/2026 1:20:00 PM,CVIS,Rd,19998,
8/15/2026 1:15:00 PM,RTD,8/15/2026 1:20:00 PM,CMIN,Rd,24946.08,
8/15/2026 1:15:00 PM,RTD,8/15/2026 1:20:00 PM,CLUZ,Rd,1000,
8/15/2026 1:15:00 PM,RTD,8/15/2026 1:20:00 PM,CLUZ,Ru,550,
8/15/2026 1:15:00 PM,RTD,8/15/2026 1:20:00 PM,CVIS,Ru,19998,
8/15/2026 1:15:00 PM,RTD,8/15/2026 1:20:00 PM,CMIN,Ru,7214.95,
8/15/2026 1:20:00 PM,RTD,8/15/2026 1:25:00 PM,CLUZ,Dr,1100,
8/15/2026 1:20:00 PM,RTD,8/15/2026 1:25:00 PM,CMIN,Dr,7399.99,
8/15/2026 1:20:00 PM,RTD,8/15/2026 1:25:00 PM,CVIS,Dr,6473.70,
8/15/2026 1:20:00 PM,RTD,8/15/2026 1:25:00 PM,CVIS,Fr,23346.37,
8/15/2026 1:20:00 PM,RTD,8/15/2026 1:25:00 PM,CMIN,Fr,14984.81,
8/15/2026 1:20:00 PM,RTD,8/15/2026 1:25:00 PM,CLUZ,Fr,3385.04,
8/15/2026 1:20:00 PM,RTD,8/15/2026 1:25:00 PM,CVIS,Rd,19998,
8/15/2026 1:20:00 PM,RTD,8/15/2026 1:25:00 PM,CMIN,Rd,24946.08,
8/15/2026 1:20:00 PM,RTD,8/15/2026 1:25:00 PM,CLUZ,Rd,1000,
8/15/2026 1:20:00 PM,RTD,8/15/2026 1:25:00 PM,CVIS,Ru,19998,
8/15/2026 1:20:00 PM,RTD,8/15/2026 1:25:00 PM,CLUZ,Ru,550,
8/15/2026 1:20:00 PM,RTD,8/15/2026 1:25:00 PM,CMIN,Ru,7000.01,
8/15/2026 1:25:00 PM,RTD,8/15/2026 1:30:00 PM,CVIS,Dr,4307.47,
8/15/2026 1:25:00 PM,RTD,8/15/2026 1:30:00 PM,CMIN,Dr,7399.99,
8/15/2026 1:25:00 PM,RTD,8/15/2026 1:30:00 PM,CLUZ,Dr,1100,
8/15/2026 1:25:00 PM,RTD,8/15/2026 1:30:00 PM,CMIN,Fr,12916.34,
8/15/2026 1:25:00 PM,RTD,8/15/2026 1:30:00 PM,CVIS,Fr,21322.72,
8/15/2026 1:25:00 PM,RTD,8/15/2026 1:30:00 PM,CLUZ,Fr,3414.58,
8/15/2026 1:25:00 PM,RTD,8/15/2026 1:30:00 PM,CVIS,Rd,19998,
8/15/2026 1:25:00 PM,RTD,8/15/2026 1:30:00 PM,CMIN,Rd,24946.08,
8/15/2026 1:25:00 PM,RTD,8/15/2026 1:30:00 PM,CLUZ,Rd,1000,
8/15/2026 1:25:00 PM,RTD,8/15/2026 1:30:00 PM,CVIS,Ru,19998,
8/15/2026 1:25:00 PM,RTD,8/15/2026 1:30:00 PM,CLUZ,Ru,550,
8/15/2026 1:25:00 PM,RTD,8/15/2026 1:30:00 PM,CMIN,Ru,4755.55,
8/15/2026 1:30:00 PM,RTD,8/15/2026 1:35:00 PM,CVIS,Dr,8000,
8/15/2026 1:30:00 PM,RTD,8/15/2026 1:35:00 PM,CMIN,Dr,7399.99,
8/15/2026 1:30:00 PM,RTD,8/15/2026 1:35:00 PM,CLUZ,Dr,1100,
8/15/2026 1:30:00 PM,RTD,8/15/2026 1:35:00 PM,CMIN,Fr,17186.13,
8/15/2026 1:30:00 PM,RTD,8/15/2026 1:35:00 PM,CVIS,Fr,23500,
8/15/2026 1:30:00 PM,RTD,8/15/2026 1:35:00 PM,CLUZ,Fr,3437.33,
8/15/2026 1:30:00 PM,RTD,8/15/2026 1:35:00 PM,CVIS,Rd,19998,
8/15/2026 1:30:00 PM,RTD,8/15/2026 1:35:00 PM,CMIN,Rd,24946.08,
8/15/2026 1:30:00 PM,RTD,8/15/2026 1:35:00 PM,CLUZ,Rd,1000,
8/15/2026 1:30:00 PM,RTD,8/15/2026 1:35:00 PM,CVIS,Ru,19999,
8/15/2026 1:30:00 PM,RTD,8/15/2026 1:35:00 PM,CLUZ,Ru,1000,
8/15/2026 1:30:00 PM,RTD,8/15/2026 1:35:00 PM,CMIN,Ru,9316.36,
8/15/2026 1:35:00 PM,RTD,8/15/2026 1:40:00 PM,CVIS,Dr,7817.63,
8/15/2026 1:35:00 PM,RTD,8/15/2026 1:40:00 PM,CMIN,Dr,7399.99,
8/15/2026 1:35:00 PM,RTD,8/15/2026 1:40:00 PM,CLUZ,Dr,1100,
8/15/2026 1:35:00 PM,RTD,8/15/2026 1:40:00 PM,CMIN,Fr,16252.07,
8/15/2026 1:35:00 PM,RTD,8/15/2026 1:40:00 PM,CVIS,Fr,23500,
8/15/2026 1:35:00 PM,RTD,8/15/2026 1:40:00 PM,CLUZ,Fr,6649.52,
8/15/2026 1:35:00 PM,RTD,8/15/2026 1:40:00 PM,CVIS,Rd,19998,
8/15/2026 1:35:00 PM,RTD,8/15/2026 1:40:00 PM,CMIN,Rd,24946.08,
8/15/2026 1:35:00 PM,RTD,8/15/2026 1:40:00 PM,CLUZ,Rd,1000,
8/15/2026 1:35:00 PM,RTD,8/15/2026 1:40:00 PM,CVIS,Ru,20843.89,
8/15/2026 1:35:00 PM,RTD,8/15/2026 1:40:00 PM,CLUZ,Ru,1000,
8/15/2026 1:35:00 PM,RTD,8/15/2026 1:40:00 PM,CMIN,Ru,8379,
8/15/2026 1:40:00 PM,RTD,8/15/2026 1:45:00 PM,CVIS,Dr,7695.17,
8/15/2026 1:40:00 PM,RTD,8/15/2026 1:45:00 PM,CMIN,Dr,7399.99,
8/15/2026 1:40:00 PM,RTD,8/15/2026 1:45:00 PM,CLUZ,Dr,1100,
8/15/2026 1:40:00 PM,RTD,8/15/2026 1:45:00 PM,CMIN,Fr,16189.64,
8/15/2026 1:40:00 PM,RTD,8/15/2026 1:45:00 PM,CVIS,Fr,23500,
8/15/2026 1:40:00 PM,RTD,8/15/2026 1:45:00 PM,CLUZ,Fr,6646.28,
8/15/2026 1:40:00 PM,RTD,8/15/2026 1:45:00 PM,CVIS,Rd,19998,
8/15/2026 1:40:00 PM,RTD,8/15/2026 1:45:00 PM,CMIN,Rd,24946.08,
8/15/2026 1:40:00 PM,RTD,8/15/2026 1:45:00 PM,CLUZ,Rd,14448,
8/15/2026 1:40:00 PM,RTD,8/15/2026 1:45:00 PM,CVIS,Ru,19999,
8/15/2026 1:40:00 PM,RTD,8/15/2026 1:45:00 PM,CLUZ,Ru,14448,
8/15/2026 1:40:00 PM,RTD,8/15/2026 1:45:00 PM,CMIN,Ru,8346.59,
8/15/2026 1:45:00 PM,RTD,8/15/2026 1:50:00 PM,CVIS,Dr,8000,
8/15/2026 1:45:00 PM,RTD,8/15/2026 1:50:00 PM,CMIN,Dr,7399.99,
8/15/2026 1:45:00 PM,RTD,8/15/2026 1:50:00 PM,CLUZ,Dr,4998,
8/15/2026 1:45:00 PM,RTD,8/15/2026 1:50:00 PM,CMIN,Fr,16129.28,
8/15/2026 1:45:00 PM,RTD,8/15/2026 1:50:00 PM,CVIS,Fr,23500,
8/15/2026 1:45:00 PM,RTD,8/15/2026 1:50:00 PM,CLUZ,Fr,6666.64,
8/15/2026 1:45:00 PM,RTD,8/15/2026 1:50:00 PM,CVIS,Rd,19998,
8/15/2026 1:45:00 PM,RTD,8/15/2026 1:50:00 PM,CMIN,Rd,24946.08,
8/15/2026 1:45:00 PM,RTD,8/15/2026 1:50:00 PM,CLUZ,Rd,14448,
8/15/2026 1:45:00 PM,RTD,8/15/2026 1:50:00 PM,CVIS,Ru,19999,
8/15/2026 1:45:00 PM,RTD,8/15/2026 1:50:00 PM,CLUZ,Ru,14448,
8/15/2026 1:45:00 PM,RTD,8/15/2026 1:50:00 PM,CMIN,Ru,8237.13,
8/15/2026 1:50:00 PM,RTD,8/15/2026 1:55:00 PM,CVIS,Dr,8217.95,
8/15/2026 1:50:00 PM,RTD,8/15/2026 1:55:00 PM,CMIN,Dr,7400,
8/15/2026 1:50:00 PM,RTD,8/15/2026 1:55:00 PM,CLUZ,Dr,4998,
8/15/2026 1:50:00 PM,RTD,8/15/2026 1:55:00 PM,CMIN,Fr,16185.95,
8/15/2026 1:50:00 PM,RTD,8/15/2026 1:55:00 PM,CVIS,Fr,23500,
8/15/2026 1:50:00 PM,RTD,8/15/2026 1:55:00 PM,CLUZ,Fr,6674.52,
8/15/2026 1:50:00 PM,RTD,8/15/2026 1:55:00 PM,CVIS,Rd,19998,
8/15/2026 1:50:00 PM,RTD,8/15/2026 1:55:00 PM,CMIN,Rd,24946.08,
8/15/2026 1:50:00 PM,RTD,8/15/2026 1:55:00 PM,CLUZ,Rd,14448,
8/15/2026 1:50:00 PM,RTD,8/15/2026 1:55:00 PM,CVIS,Ru,19999,
8/15/2026 1:50:00 PM,RTD,8/15/2026 1:55:00 PM,CLUZ,Ru,14448,
8/15/2026 1:50:00 PM,RTD,8/15/2026 1:55:00 PM,CMIN,Ru,8257.46,
8/15/2026 1:55:00 PM,RTD,8/15/2026 2:00:00 PM,CVIS,Dr,8352.85,
8/15/2026 1:55:00 PM,RTD,8/15/2026 2:00:00 PM,CMIN,Dr,7400,
8/15/2026 1:55:00 PM,RTD,8/15/2026 2:00:00 PM,CLUZ,Dr,4998,
8/15/2026 1:55:00 PM,RTD,8/15/2026 2:00:00 PM,CMIN,Fr,16319.78,
8/15/2026 1:55:00 PM,RTD,8/15/2026 2:00:00 PM,CVIS,Fr,23500,
8/15/2026 1:55:00 PM,RTD,8/15/2026 2:00:00 PM,CLUZ,Fr,6666.69,
8/15/2026 1:55:00 PM,RTD,8/15/2026 2:00:00 PM,CVIS,Rd,19998,
8/15/2026 1:55:00 PM,RTD,8/15/2026 2:00:00 PM,CMIN,Rd,24946.08,
8/15/2026 1:55:00 PM,RTD,8/15/2026 2:00:00 PM,CLUZ,Rd,14447,
8/15/2026 1:55:00 PM,RTD,8/15/2026 2:00:00 PM,CVIS,Ru,19999,
8/15/2026 1:55:00 PM,RTD,8/15/2026 2:00:00 PM,CLUZ,Ru,14447,
8/15/2026 1:55:00 PM,RTD,8/15/2026 2:00:00 PM,CMIN,Ru,8395.99,
8/15/2026 2:00:00 PM,RTD,8/15/2026 2:05:00 PM,CLUZ,Dr,8000.08,
8/15/2026 2:00:00 PM,RTD,8/15/2026 2:05:00 PM,CVIS,Dr,9806.75,
8/15/2026 2:00:00 PM,RTD,8/15/2026 2:05:00 PM,CMIN,Dr,7400,
8/15/2026 2:00:00 PM,RTD,8/15/2026 2:05:00 PM,CVIS,Fr,23500,
8/15/2026 2:00:00 PM,RTD,8/15/2026 2:05:00 PM,CLUZ,Fr,2317.53,
8/15/2026 2:00:00 PM,RTD,8/15/2026 2:05:00 PM,CMIN,Fr,17627.55,
8/15/2026 2:00:00 PM,RTD,8/15/2026 2:05:00 PM,CMIN,Rd,24946.08,
8/15/2026 2:00:00 PM,RTD,8/15/2026 2:05:00 PM,CVIS,Rd,19998,
8/15/2026 2:00:00 PM,RTD,8/15/2026 2:05:00 PM,CLUZ,Rd,14447,
8/15/2026 2:00:00 PM,RTD,8/15/2026 2:05:00 PM,CLUZ,Ru,14447,
8/15/2026 2:00:00 PM,RTD,8/15/2026 2:05:00 PM,CVIS,Ru,22267.22,
8/15/2026 2:00:00 PM,RTD,8/15/2026 2:05:00 PM,CMIN,Ru,9487.89,
8/15/2026 2:05:00 PM,RTD,8/15/2026 2:10:00 PM,CMIN,Dr,7400,
8/15/2026 2:05:00 PM,RTD,8/15/2026 2:10:00 PM,CVIS,Dr,9856.66,
8/15/2026 2:05:00 PM,RTD,8/15/2026 2:10:00 PM,CLUZ,Dr,8000.08,
8/15/2026 2:05:00 PM,RTD,8/15/2026 2:10:00 PM,CLUZ,Fr,1130,
8/15/2026 2:05:00 PM,RTD,8/15/2026 2:10:00 PM,CVIS,Fr,23500,
8/15/2026 2:05:00 PM,RTD,8/15/2026 2:10:00 PM,CMIN,Fr,17655.36,
8/15/2026 2:05:00 PM,RTD,8/15/2026 2:10:00 PM,CMIN,Rd,24946.08,
8/15/2026 2:05:00 PM,RTD,8/15/2026 2:10:00 PM,CLUZ,Rd,14447,
8/15/2026 2:05:00 PM,RTD,8/15/2026 2:10:00 PM,CVIS,Rd,19998,
8/15/2026 2:05:00 PM,RTD,8/15/2026 2:10:00 PM,CMIN,Ru,9438.08,
8/15/2026 2:05:00 PM,RTD,8/15/2026 2:10:00 PM,CLUZ,Ru,14447,
8/15/2026 2:05:00 PM,RTD,8/15/2026 2:10:00 PM,CVIS,Ru,22328.48,
8/15/2026 2:10:00 PM,RTD,8/15/2026 2:15:00 PM,CMIN,Dr,14695.11,
8/15/2026 2:10:00 PM,RTD,8/15/2026 2:15:00 PM,CLUZ,Dr,8000.08,
8/15/2026 2:10:00 PM,RTD,8/15/2026 2:15:00 PM,CVIS,Dr,12800,
8/15/2026 2:10:00 PM,RTD,8/15/2026 2:15:00 PM,CMIN,Fr,20882.28,
8/15/2026 2:10:00 PM,RTD,8/15/2026 2:15:00 PM,CVIS,Fr,24886.22,
8/15/2026 2:10:00 PM,RTD,8/15/2026 2:15:00 PM,CLUZ,Fr,1130,
8/15/2026 2:10:00 PM,RTD,8/15/2026 2:15:00 PM,CVIS,Rd,19998,
8/15/2026 2:10:00 PM,RTD,8/15/2026 2:15:00 PM,CMIN,Rd,24946.08,
8/15/2026 2:10:00 PM,RTD,8/15/2026 2:15:00 PM,CLUZ,Rd,14447,
8/15/2026 2:10:00 PM,RTD,8/15/2026 2:15:00 PM,CLUZ,Ru,14447,
8/15/2026 2:10:00 PM,RTD,8/15/2026 2:15:00 PM,CMIN,Ru,13341.88,
8/15/2026 2:10:00 PM,RTD,8/15/2026 2:15:00 PM,CVIS,Ru,25000,
8/15/2026 2:15:00 PM,RTD,8/15/2026 2:20:00 PM,CLUZ,Dr,8000.08,
8/15/2026 2:15:00 PM,RTD,8/15/2026 2:20:00 PM,CMIN,Dr,11854.54,
8/15/2026 2:15:00 PM,RTD,8/15/2026 2:20:00 PM,CVIS,Dr,10543.62,
8/15/2026 2:15:00 PM,RTD,8/15/2026 2:20:00 PM,CMIN,Fr,18350.79,
8/15/2026 2:15:00 PM,RTD,8/15/2026 2:20:00 PM,CLUZ,Fr,1697.91,
8/15/2026 2:15:00 PM,RTD,8/15/2026 2:20:00 PM,CVIS,Fr,23500,
8/15/2026 2:15:00 PM,RTD,8/15/2026 2:20:00 PM,CLUZ,Rd,14447,
8/15/2026 2:15:00 PM,RTD,8/15/2026 2:20:00 PM,CMIN,Rd,24946.08,
8/15/2026 2:15:00 PM,RTD,8/15/2026 2:20:00 PM,CVIS,Rd,19998,
8/15/2026 2:15:00 PM,RTD,8/15/2026 2:20:00 PM,CLUZ,Ru,14447,
8/15/2026 2:15:00 PM,RTD,8/15/2026 2:20:00 PM,CMIN,Ru,10536.37,
8/15/2026 2:15:00 PM,RTD,8/15/2026 2:20:00 PM,CVIS,Ru,22982.89,
8/15/2026 2:20:00 PM,RTD,8/15/2026 2:25:00 PM,CVIS,Dr,11340.72,
8/15/2026 2:20:00 PM,RTD,8/15/2026 2:25:00 PM,CMIN,Dr,20810.71,
8/15/2026 2:20:00 PM,RTD,8/15/2026 2:25:00 PM,CLUZ,Dr,8000.08,
8/15/2026 2:20:00 PM,RTD,8/15/2026 2:25:00 PM,CMIN,Fr,19151.88,
8/15/2026 2:20:00 PM,RTD,8/15/2026 2:25:00 PM,CVIS,Fr,23500,
8/15/2026 2:20:00 PM,RTD,8/15/2026 2:25:00 PM,CLUZ,Fr,500,
8/15/2026 2:20:00 PM,RTD,8/15/2026 2:25:00 PM,CVIS,Rd,19998,
8/15/2026 2:20:00 PM,RTD,8/15/2026 2:25:00 PM,CMIN,Rd,24946.08,
8/15/2026 2:20:00 PM,RTD,8/15/2026 2:25:00 PM,CLUZ,Rd,14447,
8/15/2026 2:20:00 PM,RTD,8/15/2026 2:25:00 PM,CVIS,Ru,23740.46,
8/15/2026 2:20:00 PM,RTD,8/15/2026 2:25:00 PM,CLUZ,Ru,14447,
8/15/2026 2:20:00 PM,RTD,8/15/2026 2:25:00 PM,CMIN,Ru,11453.13,
8/15/2026 2:25:00 PM,RTD,8/15/2026 2:30:00 PM,CVIS,Dr,10404.52,
8/15/2026 2:25:00 PM,RTD,8/15/2026 2:30:00 PM,CMIN,Dr,19879.08,
8/15/2026 2:25:00 PM,RTD,8/15/2026 2:30:00 PM,CLUZ,Dr,8000.08,
8/15/2026 2:25:00 PM,RTD,8/15/2026 2:30:00 PM,CMIN,Fr,18224.91,
8/15/2026 2:25:00 PM,RTD,8/15/2026 2:30:00 PM,CVIS,Fr,23500,
8/15/2026 2:25:00 PM,RTD,8/15/2026 2:30:00 PM,CLUZ,Fr,550,
8/15/2026 2:25:00 PM,RTD,8/15/2026 2:30:00 PM,CVIS,Rd,19998,
8/15/2026 2:25:00 PM,RTD,8/15/2026 2:30:00 PM,CMIN,Rd,24946.08,
8/15/2026 2:25:00 PM,RTD,8/15/2026 2:30:00 PM,CLUZ,Rd,14447,
8/15/2026 2:25:00 PM,RTD,8/15/2026 2:30:00 PM,CVIS,Ru,22847.70,
8/15/2026 2:25:00 PM,RTD,8/15/2026 2:30:00 PM,CLUZ,Ru,14447,
8/15/2026 2:25:00 PM,RTD,8/15/2026 2:30:00 PM,CMIN,Ru,10396.13,
8/15/2026 2:30:00 PM,RTD,8/15/2026 2:35:00 PM,CVIS,Dr,25000,
8/15/2026 2:30:00 PM,RTD,8/15/2026 2:35:00 PM,CMIN,Dr,25000,
8/15/2026 2:30:00 PM,RTD,8/15/2026 2:35:00 PM,CLUZ,Dr,8000.08,
8/15/2026 2:30:00 PM,RTD,8/15/2026 2:35:00 PM,CMIN,Fr,25000,
8/15/2026 2:30:00 PM,RTD,8/15/2026 2:35:00 PM,CVIS,Fr,25000,
8/15/2026 2:30:00 PM,RTD,8/15/2026 2:35:00 PM,CLUZ,Fr,1130,
8/15/2026 2:30:00 PM,RTD,8/15/2026 2:35:00 PM,CVIS,Rd,19998,
8/15/2026 2:30:00 PM,RTD,8/15/2026 2:35:00 PM,CMIN,Rd,24946.08,
8/15/2026 2:30:00 PM,RTD,8/15/2026 2:35:00 PM,CLUZ,Rd,14447,
8/15/2026 2:30:00 PM,RTD,8/15/2026 2:35:00 PM,CVIS,Ru,25000,
8/15/2026 2:30:00 PM,RTD,8/15/2026 2:35:00 PM,CLUZ,Ru,14447,
8/15/2026 2:30:00 PM,RTD,8/15/2026 2:35:00 PM,CMIN,Ru,25000,
8/15/2026 2:35:00 PM,RTD,8/15/2026 2:40:00 PM,CVIS,Dr,17022.13,
8/15/2026 2:35:00 PM,RTD,8/15/2026 2:40:00 PM,CMIN,Dr,25000,
8/15/2026 2:35:00 PM,RTD,8/15/2026 2:40:00 PM,CLUZ,Dr,9000,
8/15/2026 2:35:00 PM,RTD,8/15/2026 2:40:00 PM,CMIN,Fr,25000,
8/15/2026 2:35:00 PM,RTD,8/15/2026 2:40:00 PM,CVIS,Fr,25000,
8/15/2026 2:35:00 PM,RTD,8/15/2026 2:40:00 PM,CLUZ,Fr,1130,
8/15/2026 2:35:00 PM,RTD,8/15/2026 2:40:00 PM,CVIS,Rd,19998,
8/15/2026 2:35:00 PM,RTD,8/15/2026 2:40:00 PM,CMIN,Rd,24946.08,
8/15/2026 2:35:00 PM,RTD,8/15/2026 2:40:00 PM,CLUZ,Rd,14447,
8/15/2026 2:35:00 PM,RTD,8/15/2026 2:40:00 PM,CVIS,Ru,25000,
8/15/2026 2:35:00 PM,RTD,8/15/2026 2:40:00 PM,CLUZ,Ru,14447,
8/15/2026 2:35:00 PM,RTD,8/15/2026 2:40:00 PM,CMIN,Ru,18131.73,
8/15/2026 2:40:00 PM,RTD,8/15/2026 2:45:00 PM,CVIS,Dr,17054.32,
8/15/2026 2:40:00 PM,RTD,8/15/2026 2:45:00 PM,CMIN,Dr,25000,
8/15/2026 2:40:00 PM,RTD,8/15/2026 2:45:00 PM,CLUZ,Dr,9000,
8/15/2026 2:40:00 PM,RTD,8/15/2026 2:45:00 PM,CMIN,Fr,25000,
8/15/2026 2:40:00 PM,RTD,8/15/2026 2:45:00 PM,CVIS,Fr,25000,
8/15/2026 2:40:00 PM,RTD,8/15/2026 2:45:00 PM,CLUZ,Fr,1688.63,
8/15/2026 2:40:00 PM,RTD,8/15/2026 2:45:00 PM,CVIS,Rd,19998,
8/15/2026 2:40:00 PM,RTD,8/15/2026 2:45:00 PM,CMIN,Rd,24946.08,
8/15/2026 2:40:00 PM,RTD,8/15/2026 2:45:00 PM,CLUZ,Rd,14447,
8/15/2026 2:40:00 PM,RTD,8/15/2026 2:45:00 PM,CVIS,Ru,25000,
8/15/2026 2:40:00 PM,RTD,8/15/2026 2:45:00 PM,CLUZ,Ru,14447,
8/15/2026 2:40:00 PM,RTD,8/15/2026 2:45:00 PM,CMIN,Ru,18050.10,
8/15/2026 2:45:00 PM,RTD,8/15/2026 2:50:00 PM,CVIS,Dr,25000,
8/15/2026 2:45:00 PM,RTD,8/15/2026 2:50:00 PM,CMIN,Dr,25000,
8/15/2026 2:45:00 PM,RTD,8/15/2026 2:50:00 PM,CLUZ,Dr,5000,
8/15/2026 2:45:00 PM,RTD,8/15/2026 2:50:00 PM,CMIN,Fr,25000,
8/15/2026 2:45:00 PM,RTD,8/15/2026 2:50:00 PM,CVIS,Fr,25000,
8/15/2026 2:45:00 PM,RTD,8/15/2026 2:50:00 PM,CLUZ,Fr,6524.18,
8/15/2026 2:45:00 PM,RTD,8/15/2026 2:50:00 PM,CVIS,Rd,19998,
8/15/2026 2:45:00 PM,RTD,8/15/2026 2:50:00 PM,CMIN,Rd,24946.08,
8/15/2026 2:45:00 PM,RTD,8/15/2026 2:50:00 PM,CLUZ,Rd,14447,
8/15/2026 2:45:00 PM,RTD,8/15/2026 2:50:00 PM,CVIS,Ru,25000,
8/15/2026 2:45:00 PM,RTD,8/15/2026 2:50:00 PM,CLUZ,Ru,14447,
8/15/2026 2:45:00 PM,RTD,8/15/2026 2:50:00 PM,CMIN,Ru,25000,
8/15/2026 2:50:00 PM,RTD,8/15/2026 2:55:00 PM,CLUZ,Dr,5000,
8/15/2026 2:50:00 PM,RTD,8/15/2026 2:55:00 PM,CVIS,Dr,25000,
8/15/2026 2:50:00 PM,RTD,8/15/2026 2:55:00 PM,CMIN,Dr,25000,
8/15/2026 2:50:00 PM,RTD,8/15/2026 2:55:00 PM,CVIS,Fr,25000,
8/15/2026 2:50:00 PM,RTD,8/15/2026 2:55:00 PM,CLUZ,Fr,4197.08,
8/15/2026 2:50:00 PM,RTD,8/15/2026 2:55:00 PM,CMIN,Fr,25000,
8/15/2026 2:50:00 PM,RTD,8/15/2026 2:55:00 PM,CLUZ,Rd,14447,
8/15/2026 2:50:00 PM,RTD,8/15/2026 2:55:00 PM,CVIS,Rd,19998,
8/15/2026 2:50:00 PM,RTD,8/15/2026 2:55:00 PM,CMIN,Rd,24946.08,
8/15/2026 2:50:00 PM,RTD,8/15/2026 2:55:00 PM,CLUZ,Ru,14447,
8/15/2026 2:50:00 PM,RTD,8/15/2026 2:55:00 PM,CMIN,Ru,25000,
8/15/2026 2:50:00 PM,RTD,8/15/2026 2:55:00 PM,CVIS,Ru,25000,
8/15/2026 2:55:00 PM,RTD,8/15/2026 3:00:00 PM,CVIS,Dr,25000,
8/15/2026 2:55:00 PM,RTD,8/15/2026 3:00:00 PM,CMIN,Dr,25000,
8/15/2026 2:55:00 PM,RTD,8/15/2026 3:00:00 PM,CLUZ,Dr,5000,
8/15/2026 2:55:00 PM,RTD,8/15/2026 3:00:00 PM,CMIN,Fr,25000,
8/15/2026 2:55:00 PM,RTD,8/15/2026 3:00:00 PM,CVIS,Fr,25000,
8/15/2026 2:55:00 PM,RTD,8/15/2026 3:00:00 PM,CLUZ,Fr,3200.11,
8/15/2026 2:55:00 PM,RTD,8/15/2026 3:00:00 PM,CVIS,Rd,19998,
8/15/2026 2:55:00 PM,RTD,8/15/2026 3:00:00 PM,CMIN,Rd,24946.08,
8/15/2026 2:55:00 PM,RTD,8/15/2026 3:00:00 PM,CLUZ,Rd,14447,
8/15/2026 2:55:00 PM,RTD,8/15/2026 3:00:00 PM,CVIS,Ru,25000,
8/15/2026 2:55:00 PM,RTD,8/15/2026 3:00:00 PM,CLUZ,Ru,14447,
8/15/2026 2:55:00 PM,RTD,8/15/2026 3:00:00 PM,CMIN,Ru,25000,
8/15/2026 3:00:00 PM,RTD,8/15/2026 3:05:00 PM,CMIN,Dr,25000,
8/15/2026 3:00:00 PM,RTD,8/15/2026 3:05:00 PM,CLUZ,Dr,2000.08,
8/15/2026 3:00:00 PM,RTD,8/15/2026 3:05:00 PM,CVIS,Dr,25000,
8/15/2026 3:00:00 PM,RTD,8/15/2026 3:05:00 PM,CVIS,Fr,25000,
8/15/2026 3:00:00 PM,RTD,8/15/2026 3:05:00 PM,CMIN,Fr,25000,
8/15/2026 3:00:00 PM,RTD,8/15/2026 3:05:00 PM,CLUZ,Fr,6757.22,
8/15/2026 3:00:00 PM,RTD,8/15/2026 3:05:00 PM,CMIN,Rd,24946.08,
8/15/2026 3:00:00 PM,RTD,8/15/2026 3:05:00 PM,CLUZ,Rd,4810.67,
8/15/2026 3:00:00 PM,RTD,8/15/2026 3:05:00 PM,CVIS,Rd,19998,
8/15/2026 3:00:00 PM,RTD,8/15/2026 3:05:00 PM,CLUZ,Ru,14447,
8/15/2026 3:00:00 PM,RTD,8/15/2026 3:05:00 PM,CMIN,Ru,25000,
8/15/2026 3:00:00 PM,RTD,8/15/2026 3:05:00 PM,CVIS,Ru,25000,
8/15/2026 3:05:00 PM,RTD,8/15/2026 3:10:00 PM,CMIN,Dr,23835.28,
8/15/2026 3:05:00 PM,RTD,8/15/2026 3:10:00 PM,CLUZ,Dr,5000.08,
8/15/2026 3:05:00 PM,RTD,8/15/2026 3:10:00 PM,CVIS,Dr,25000,
8/15/2026 3:05:00 PM,RTD,8/15/2026 3:10:00 PM,CLUZ,Fr,6762.64,
8/15/2026 3:05:00 PM,RTD,8/15/2026 3:10:00 PM,CVIS,Fr,25000,
8/15/2026 3:05:00 PM,RTD,8/15/2026 3:10:00 PM,CMIN,Fr,25000,
8/15/2026 3:05:00 PM,RTD,8/15/2026 3:10:00 PM,CLUZ,Rd,4821.50,
8/15/2026 3:05:00 PM,RTD,8/15/2026 3:10:00 PM,CVIS,Rd,19998,
8/15/2026 3:05:00 PM,RTD,8/15/2026 3:10:00 PM,CMIN,Rd,24946.08,
8/15/2026 3:05:00 PM,RTD,8/15/2026 3:10:00 PM,CVIS,Ru,25000,
8/15/2026 3:05:00 PM,RTD,8/15/2026 3:10:00 PM,CMIN,Ru,25000,
8/15/2026 3:05:00 PM,RTD,8/15/2026 3:10:00 PM,CLUZ,Ru,14447,
8/15/2026 3:10:00 PM,RTD,8/15/2026 3:15:00 PM,CLUZ,Dr,5000.08,
8/15/2026 3:10:00 PM,RTD,8/15/2026 3:15:00 PM,CVIS,Dr,25000,
8/15/2026 3:10:00 PM,RTD,8/15/2026 3:15:00 PM,CMIN,Dr,23858.10,
8/15/2026 3:10:00 PM,RTD,8/15/2026 3:15:00 PM,CMIN,Fr,25000,
8/15/2026 3:10:00 PM,RTD,8/15/2026 3:15:00 PM,CLUZ,Fr,6808.95,
8/15/2026 3:10:00 PM,RTD,8/15/2026 3:15:00 PM,CVIS,Fr,25000,
8/15/2026 3:10:00 PM,RTD,8/15/2026 3:15:00 PM,CLUZ,Rd,4818.11,
8/15/2026 3:10:00 PM,RTD,8/15/2026 3:15:00 PM,CVIS,Rd,19998,
8/15/2026 3:10:00 PM,RTD,8/15/2026 3:15:00 PM,CMIN,Rd,24946.08,
8/15/2026 3:10:00 PM,RTD,8/15/2026 3:15:00 PM,CMIN,Ru,25000,
8/15/2026 3:10:00 PM,RTD,8/15/2026 3:15:00 PM,CVIS,Ru,25000,
8/15/2026 3:10:00 PM,RTD,8/15/2026 3:15:00 PM,CLUZ,Ru,14447,
8/15/2026 3:15:00 PM,RTD,8/15/2026 3:20:00 PM,CVIS,Dr,25000,
8/15/2026 3:15:00 PM,RTD,8/15/2026 3:20:00 PM,CLUZ,Dr,5000.08,
8/15/2026 3:15:00 PM,RTD,8/15/2026 3:20:00 PM,CMIN,Dr,23897.94,
8/15/2026 3:15:00 PM,RTD,8/15/2026 3:20:00 PM,CLUZ,Fr,6643.57,
8/15/2026 3:15:00 PM,RTD,8/15/2026 3:20:00 PM,CVIS,Fr,25000,
8/15/2026 3:15:00 PM,RTD,8/15/2026 3:20:00 PM,CMIN,Fr,25000,
8/15/2026 3:15:00 PM,RTD,8/15/2026 3:20:00 PM,CVIS,Rd,19998,
8/15/2026 3:15:00 PM,RTD,8/15/2026 3:20:00 PM,CMIN,Rd,24946.08,
8/15/2026 3:15:00 PM,RTD,8/15/2026 3:20:00 PM,CLUZ,Rd,4985.69,
8/15/2026 3:15:00 PM,RTD,8/15/2026 3:20:00 PM,CMIN,Ru,25000,
8/15/2026 3:15:00 PM,RTD,8/15/2026 3:20:00 PM,CVIS,Ru,25000,
8/15/2026 3:15:00 PM,RTD,8/15/2026 3:20:00 PM,CLUZ,Ru,14447,
8/15/2026 3:20:00 PM,RTD,8/15/2026 3:25:00 PM,CLUZ,Dr,2000.08,
8/15/2026 3:20:00 PM,RTD,8/15/2026 3:25:00 PM,CMIN,Dr,24743.31,
8/15/2026 3:20:00 PM,RTD,8/15/2026 3:25:00 PM,CVIS,Dr,25000,
8/15/2026 3:20:00 PM,RTD,8/15/2026 3:25:00 PM,CMIN,Fr,25000,
8/15/2026 3:20:00 PM,RTD,8/15/2026 3:25:00 PM,CLUZ,Fr,6614.35,
8/15/2026 3:20:00 PM,RTD,8/15/2026 3:25:00 PM,CVIS,Fr,25000,
8/15/2026 3:20:00 PM,RTD,8/15/2026 3:25:00 PM,CLUZ,Rd,18990.01,
8/15/2026 3:20:00 PM,RTD,8/15/2026 3:25:00 PM,CMIN,Rd,24946.08,
8/15/2026 3:20:00 PM,RTD,8/15/2026 3:25:00 PM,CVIS,Rd,19998,
8/15/2026 3:20:00 PM,RTD,8/15/2026 3:25:00 PM,CLUZ,Ru,14500,
8/15/2026 3:20:00 PM,RTD,8/15/2026 3:25:00 PM,CMIN,Ru,25000,
8/15/2026 3:20:00 PM,RTD,8/15/2026 3:25:00 PM,CVIS,Ru,25000,
8/15/2026 3:25:00 PM,RTD,8/15/2026 3:30:00 PM,CVIS,Dr,25000,
8/15/2026 3:25:00 PM,RTD,8/15/2026 3:30:00 PM,CMIN,Dr,24806.64,
8/15/2026 3:25:00 PM,RTD,8/15/2026 3:30:00 PM,CLUZ,Dr,2000.08,
8/15/2026 3:25:00 PM,RTD,8/15/2026 3:30:00 PM,CMIN,Fr,25000,
8/15/2026 3:25:00 PM,RTD,8/15/2026 3:30:00 PM,CVIS,Fr,25000,
8/15/2026 3:25:00 PM,RTD,8/15/2026 3:30:00 PM,CLUZ,Fr,6645.60,
8/15/2026 3:25:00 PM,RTD,8/15/2026 3:30:00 PM,CVIS,Rd,19998,
8/15/2026 3:25:00 PM,RTD,8/15/2026 3:30:00 PM,CMIN,Rd,24946.08,
8/15/2026 3:25:00 PM,RTD,8/15/2026 3:30:00 PM,CLUZ,Rd,18983.39,
8/15/2026 3:25:00 PM,RTD,8/15/2026 3:30:00 PM,CVIS,Ru,25000,
8/15/2026 3:25:00 PM,RTD,8/15/2026 3:30:00 PM,CLUZ,Ru,14500,
8/15/2026 3:25:00 PM,RTD,8/15/2026 3:30:00 PM,CMIN,Ru,25000,
8/15/2026 3:30:00 PM,RTD,8/15/2026 3:35:00 PM,CVIS,Dr,25000,
8/15/2026 3:30:00 PM,RTD,8/15/2026 3:35:00 PM,CMIN,Dr,7400,
8/15/2026 3:30:00 PM,RTD,8/15/2026 3:35:00 PM,CLUZ,Dr,2000.08,
8/15/2026 3:30:00 PM,RTD,8/15/2026 3:35:00 PM,CMIN,Fr,25000,
8/15/2026 3:30:00 PM,RTD,8/15/2026 3:35:00 PM,CVIS,Fr,25000,
8/15/2026 3:30:00 PM,RTD,8/15/2026 3:35:00 PM,CLUZ,Fr,4956.80,
8/15/2026 3:30:00 PM,RTD,8/15/2026 3:35:00 PM,CVIS,Rd,19998,
8/15/2026 3:30:00 PM,RTD,8/15/2026 3:35:00 PM,CMIN,Rd,24946.08,
8/15/2026 3:30:00 PM,RTD,8/15/2026 3:35:00 PM,CLUZ,Rd,20646.91,
8/15/2026 3:30:00 PM,RTD,8/15/2026 3:35:00 PM,CVIS,Ru,25000,
8/15/2026 3:30:00 PM,RTD,8/15/2026 3:35:00 PM,CLUZ,Ru,14500,
8/15/2026 3:30:00 PM,RTD,8/15/2026 3:35:00 PM,CMIN,Ru,25000,
8/15/2026 3:35:00 PM,RTD,8/15/2026 3:40:00 PM,CVIS,Dr,25000,
8/15/2026 3:35:00 PM,RTD,8/15/2026 3:40:00 PM,CMIN,Dr,7400,
8/15/2026 3:35:00 PM,RTD,8/15/2026 3:40:00 PM,CLUZ,Dr,2000.08,
8/15/2026 3:35:00 PM,RTD,8/15/2026 3:40:00 PM,CMIN,Fr,25000,
8/15/2026 3:35:00 PM,RTD,8/15/2026 3:40:00 PM,CVIS,Fr,25000,
8/15/2026 3:35:00 PM,RTD,8/15/2026 3:40:00 PM,CLUZ,Fr,6594.42,
8/15/2026 3:35:00 PM,RTD,8/15/2026 3:40:00 PM,CVIS,Rd,19998,
8/15/2026 3:35:00 PM,RTD,8/15/2026 3:40:00 PM,CMIN,Rd,24946.08,
8/15/2026 3:35:00 PM,RTD,8/15/2026 3:40:00 PM,CLUZ,Rd,18995.94,
8/15/2026 3:35:00 PM,RTD,8/15/2026 3:40:00 PM,CVIS,Ru,25000,
8/15/2026 3:35:00 PM,RTD,8/15/2026 3:40:00 PM,CLUZ,Ru,14500,
8/15/2026 3:35:00 PM,RTD,8/15/2026 3:40:00 PM,CMIN,Ru,25000,
8/15/2026 3:40:00 PM,RTD,8/15/2026 3:45:00 PM,CVIS,Dr,25000,
8/15/2026 3:40:00 PM,RTD,8/15/2026 3:45:00 PM,CMIN,Dr,7400,
8/15/2026 3:40:00 PM,RTD,8/15/2026 3:45:00 PM,CLUZ,Dr,2000.08,
8/15/2026 3:40:00 PM,RTD,8/15/2026 3:45:00 PM,CMIN,Fr,25000,
8/15/2026 3:40:00 PM,RTD,8/15/2026 3:45:00 PM,CVIS,Fr,25000,
8/15/2026 3:40:00 PM,RTD,8/15/2026 3:45:00 PM,CLUZ,Fr,6599.07,
8/15/2026 3:40:00 PM,RTD,8/15/2026 3:45:00 PM,CVIS,Rd,19998,
8/15/2026 3:40:00 PM,RTD,8/15/2026 3:45:00 PM,CMIN,Rd,24946.08,
8/15/2026 3:40:00 PM,RTD,8/15/2026 3:45:00 PM,CLUZ,Rd,18900,
8/15/2026 3:40:00 PM,RTD,8/15/2026 3:45:00 PM,CVIS,Ru,25000,
8/15/2026 3:40:00 PM,RTD,8/15/2026 3:45:00 PM,CLUZ,Ru,14500,
8/15/2026 3:40:00 PM,RTD,8/15/2026 3:45:00 PM,CMIN,Ru,25000,
8/15/2026 3:45:00 PM,RTD,8/15/2026 3:50:00 PM,CVIS,Dr,25000,
8/15/2026 3:45:00 PM,RTD,8/15/2026 3:50:00 PM,CMIN,Dr,7400,
8/15/2026 3:45:00 PM,RTD,8/15/2026 3:50:00 PM,CLUZ,Dr,2000.08,
8/15/2026 3:45:00 PM,RTD,8/15/2026 3:50:00 PM,CMIN,Fr,25000,
8/15/2026 3:45:00 PM,RTD,8/15/2026 3:50:00 PM,CVIS,Fr,25000,
8/15/2026 3:45:00 PM,RTD,8/15/2026 3:50:00 PM,CLUZ,Fr,6750.32,
8/15/2026 3:45:00 PM,RTD,8/15/2026 3:50:00 PM,CVIS,Rd,19998,
8/15/2026 3:45:00 PM,RTD,8/15/2026 3:50:00 PM,CMIN,Rd,24946.08,
8/15/2026 3:45:00 PM,RTD,8/15/2026 3:50:00 PM,CLUZ,Rd,18900,
8/15/2026 3:45:00 PM,RTD,8/15/2026 3:50:00 PM,CVIS,Ru,25000,
8/15/2026 3:45:00 PM,RTD,8/15/2026 3:50:00 PM,CLUZ,Ru,14500,
8/15/2026 3:45:00 PM,RTD,8/15/2026 3:50:00 PM,CMIN,Ru,25000,
8/15/2026 3:50:00 PM,RTD,8/15/2026 3:55:00 PM,CVIS,Dr,25000,
8/15/2026 3:50:00 PM,RTD,8/15/2026 3:55:00 PM,CMIN,Dr,7400,
8/15/2026 3:50:00 PM,RTD,8/15/2026 3:55:00 PM,CLUZ,Dr,2000.08,
8/15/2026 3:50:00 PM,RTD,8/15/2026 3:55:00 PM,CMIN,Fr,25000,
8/15/2026 3:50:00 PM,RTD,8/15/2026 3:55:00 PM,CVIS,Fr,25000,
8/15/2026 3:50:00 PM,RTD,8/15/2026 3:55:00 PM,CLUZ,Fr,6739.79,
8/15/2026 3:50:00 PM,RTD,8/15/2026 3:55:00 PM,CVIS,Rd,19998,
8/15/2026 3:50:00 PM,RTD,8/15/2026 3:55:00 PM,CMIN,Rd,24946.08,
8/15/2026 3:50:00 PM,RTD,8/15/2026 3:55:00 PM,CLUZ,Rd,18900,
8/15/2026 3:50:00 PM,RTD,8/15/2026 3:55:00 PM,CVIS,Ru,25000,
8/15/2026 3:50:00 PM,RTD,8/15/2026 3:55:00 PM,CLUZ,Ru,14448,
8/15/2026 3:50:00 PM,RTD,8/15/2026 3:55:00 PM,CMIN,Ru,25000,
8/15/2026 3:55:00 PM,RTD,8/15/2026 4:00:00 PM,CVIS,Dr,7115.18,
8/15/2026 3:55:00 PM,RTD,8/15/2026 4:00:00 PM,CMIN,Dr,7400,
8/15/2026 3:55:00 PM,RTD,8/15/2026 4:00:00 PM,CLUZ,Dr,5000.08,
8/15/2026 3:55:00 PM,RTD,8/15/2026 4:00:00 PM,CMIN,Fr,25000,
8/15/2026 3:55:00 PM,RTD,8/15/2026 4:00:00 PM,CVIS,Fr,25000,
8/15/2026 3:55:00 PM,RTD,8/15/2026 4:00:00 PM,CLUZ,Fr,6737.82,
8/15/2026 3:55:00 PM,RTD,8/15/2026 4:00:00 PM,CVIS,Rd,19998,
8/15/2026 3:55:00 PM,RTD,8/15/2026 4:00:00 PM,CMIN,Rd,24946.08,
8/15/2026 3:55:00 PM,RTD,8/15/2026 4:00:00 PM,CLUZ,Rd,18900,
8/15/2026 3:55:00 PM,RTD,8/15/2026 4:00:00 PM,CVIS,Ru,25000,
8/15/2026 3:55:00 PM,RTD,8/15/2026 4:00:00 PM,CLUZ,Ru,14447,
8/15/2026 3:55:00 PM,RTD,8/15/2026 4:00:00 PM,CMIN,Ru,18892.47,
8/15/2026 4:00:00 PM,RTD,8/15/2026 4:05:00 PM,CVIS,Dr,0,
8/15/2026 4:00:00 PM,RTD,8/15/2026 4:05:00 PM,CMIN,Dr,7400,
8/15/2026 4:00:00 PM,RTD,8/15/2026 4:05:00 PM,CLUZ,Dr,5000.08,
8/15/2026 4:00:00 PM,RTD,8/15/2026 4:05:00 PM,CMIN,Fr,25000,
8/15/2026 4:00:00 PM,RTD,8/15/2026 4:05:00 PM,CVIS,Fr,25000,
8/15/2026 4:00:00 PM,RTD,8/15/2026 4:05:00 PM,CLUZ,Fr,11208.67,
8/15/2026 4:00:00 PM,RTD,8/15/2026 4:05:00 PM,CVIS,Rd,19998,
8/15/2026 4:00:00 PM,RTD,8/15/2026 4:05:00 PM,CMIN,Rd,24946.08,
8/15/2026 4:00:00 PM,RTD,8/15/2026 4:05:00 PM,CLUZ,Rd,550,
8/15/2026 4:00:00 PM,RTD,8/15/2026 4:05:00 PM,CVIS,Ru,25000,
8/15/2026 4:00:00 PM,RTD,8/15/2026 4:05:00 PM,CLUZ,Ru,14500,
8/15/2026 4:00:00 PM,RTD,8/15/2026 4:05:00 PM,CMIN,Ru,25000,
8/15/2026 4:05:00 PM,RTD,8/15/2026 4:10:00 PM,CVIS,Dr,0,
8/15/2026 4:05:00 PM,RTD,8/15/2026 4:10:00 PM,CMIN,Dr,7400,
8/15/2026 4:05:00 PM,RTD,8/15/2026 4:10:00 PM,CLUZ,Dr,5000.08,
8/15/2026 4:05:00 PM,RTD,8/15/2026 4:10:00 PM,CMIN,Fr,25000,
8/15/2026 4:05:00 PM,RTD,8/15/2026 4:10:00 PM,CVIS,Fr,25000,
8/15/2026 4:05:00 PM,RTD,8/15/2026 4:10:00 PM,CLUZ,Fr,6967.64,
8/15/2026 4:05:00 PM,RTD,8/15/2026 4:10:00 PM,CVIS,Rd,19998,
8/15/2026 4:05:00 PM,RTD,8/15/2026 4:10:00 PM,CMIN,Rd,24946.08,
8/15/2026 4:05:00 PM,RTD,8/15/2026 4:10:00 PM,CLUZ,Rd,18810.96,
8/15/2026 4:05:00 PM,RTD,8/15/2026 4:10:00 PM,CVIS,Ru,25000,
8/15/2026 4:05:00 PM,RTD,8/15/2026 4:10:00 PM,CLUZ,Ru,18900,
8/15/2026 4:05:00 PM,RTD,8/15/2026 4:10:00 PM,CMIN,Ru,25000,
8/15/2026 4:10:00 PM,RTD,8/15/2026 4:15:00 PM,CVIS,Dr,0,
8/15/2026 4:10:00 PM,RTD,8/15/2026 4:15:00 PM,CMIN,Dr,0,
8/15/2026 4:10:00 PM,RTD,8/15/2026 4:15:00 PM,CLUZ,Dr,5000.08,
8/15/2026 4:10:00 PM,RTD,8/15/2026 4:15:00 PM,CMIN,Fr,25000,
8/15/2026 4:10:00 PM,RTD,8/15/2026 4:15:00 PM,CVIS,Fr,25000,
8/15/2026 4:10:00 PM,RTD,8/15/2026 4:15:00 PM,CLUZ,Fr,7015.13,
8/15/2026 4:10:00 PM,RTD,8/15/2026 4:15:00 PM,CVIS,Rd,19998,
8/15/2026 4:10:00 PM,RTD,8/15/2026 4:15:00 PM,CMIN,Rd,24946.08,
8/15/2026 4:10:00 PM,RTD,8/15/2026 4:15:00 PM,CLUZ,Rd,18780.28,
8/15/2026 4:10:00 PM,RTD,8/15/2026 4:15:00 PM,CVIS,Ru,25000,
8/15/2026 4:10:00 PM,RTD,8/15/2026 4:15:00 PM,CLUZ,Ru,18900,
8/15/2026 4:10:00 PM,RTD,8/15/2026 4:15:00 PM,CMIN,Ru,25000,
8/15/2026 4:15:00 PM,RTD,8/15/2026 4:20:00 PM,CVIS,Dr,0,
8/15/2026 4:15:00 PM,RTD,8/15/2026 4:20:00 PM,CMIN,Dr,0,
8/15/2026 4:15:00 PM,RTD,8/15/2026 4:20:00 PM,CLUZ,Dr,5000.08,
8/15/2026 4:15:00 PM,RTD,8/15/2026 4:20:00 PM,CMIN,Fr,25000,
8/15/2026 4:15:00 PM,RTD,8/15/2026 4:20:00 PM,CVIS,Fr,25000,
8/15/2026 4:15:00 PM,RTD,8/15/2026 4:20:00 PM,CLUZ,Fr,6995.55,
8/15/2026 4:15:00 PM,RTD,8/15/2026 4:20:00 PM,CVIS,Rd,19998,
8/15/2026 4:15:00 PM,RTD,8/15/2026 4:20:00 PM,CMIN,Rd,24946.08,
8/15/2026 4:15:00 PM,RTD,8/15/2026 4:20:00 PM,CLUZ,Rd,18804.83,
8/15/2026 4:15:00 PM,RTD,8/15/2026 4:20:00 PM,CVIS,Ru,25000,
8/15/2026 4:15:00 PM,RTD,8/15/2026 4:20:00 PM,CLUZ,Ru,14500,
8/15/2026 4:15:00 PM,RTD,8/15/2026 4:20:00 PM,CMIN,Ru,25000,
8/15/2026 4:20:00 PM,RTD,8/15/2026 4:25:00 PM,CVIS,Dr,0,
8/15/2026 4:20:00 PM,RTD,8/15/2026 4:25:00 PM,CMIN,Dr,25000,
8/15/2026 4:20:00 PM,RTD,8/15/2026 4:25:00 PM,CLUZ,Dr,5000.08,
8/15/2026 4:20:00 PM,RTD,8/15/2026 4:25:00 PM,CMIN,Fr,25000,
8/15/2026 4:20:00 PM,RTD,8/15/2026 4:25:00 PM,CVIS,Fr,25000,
8/15/2026 4:20:00 PM,RTD,8/15/2026 4:25:00 PM,CLUZ,Fr,7021.97,
8/15/2026 4:20:00 PM,RTD,8/15/2026 4:25:00 PM,CVIS,Rd,19998,
8/15/2026 4:20:00 PM,RTD,8/15/2026 4:25:00 PM,CMIN,Rd,24946.08,
8/15/2026 4:20:00 PM,RTD,8/15/2026 4:25:00 PM,CLUZ,Rd,18900,
8/15/2026 4:20:00 PM,RTD,8/15/2026 4:25:00 PM,CVIS,Ru,25000,
8/15/2026 4:20:00 PM,RTD,8/15/2026 4:25:00 PM,CLUZ,Ru,14500,
8/15/2026 4:20:00 PM,RTD,8/15/2026 4:25:00 PM,CMIN,Ru,25000,
8/15/2026 4:25:00 PM,RTD,8/15/2026 4:30:00 PM,CVIS,Dr,0,
8/15/2026 4:25:00 PM,RTD,8/15/2026 4:30:00 PM,CMIN,Dr,25000,
8/15/2026 4:25:00 PM,RTD,8/15/2026 4:30:00 PM,CLUZ,Dr,5000.08,
8/15/2026 4:25:00 PM,RTD,8/15/2026 4:30:00 PM,CMIN,Fr,25000,
8/15/2026 4:25:00 PM,RTD,8/15/2026 4:30:00 PM,CVIS,Fr,25000,
8/15/2026 4:25:00 PM,RTD,8/15/2026 4:30:00 PM,CLUZ,Fr,7028.10,
8/15/2026 4:25:00 PM,RTD,8/15/2026 4:30:00 PM,CVIS,Rd,19998,
8/15/2026 4:25:00 PM,RTD,8/15/2026 4:30:00 PM,CMIN,Rd,24946.08,
8/15/2026 4:25:00 PM,RTD,8/15/2026 4:30:00 PM,CLUZ,Rd,18900,
8/15/2026 4:25:00 PM,RTD,8/15/2026 4:30:00 PM,CVIS,Ru,25000,
8/15/2026 4:25:00 PM,RTD,8/15/2026 4:30:00 PM,CLUZ,Ru,14500,
8/15/2026 4:25:00 PM,RTD,8/15/2026 4:30:00 PM,CMIN,Ru,25000,
8/15/2026 4:30:00 PM,RTD,8/15/2026 4:35:00 PM,CVIS,Dr,0,
8/15/2026 4:30:00 PM,RTD,8/15/2026 4:35:00 PM,CMIN,Dr,7400,
8/15/2026 4:30:00 PM,RTD,8/15/2026 4:35:00 PM,CLUZ,Dr,5000.08,
8/15/2026 4:30:00 PM,RTD,8/15/2026 4:35:00 PM,CMIN,Fr,25000,
8/15/2026 4:30:00 PM,RTD,8/15/2026 4:35:00 PM,CVIS,Fr,25000,
8/15/2026 4:30:00 PM,RTD,8/15/2026 4:35:00 PM,CLUZ,Fr,4799.23,
8/15/2026 4:30:00 PM,RTD,8/15/2026 4:35:00 PM,CVIS,Rd,19998,
8/15/2026 4:30:00 PM,RTD,8/15/2026 4:35:00 PM,CMIN,Rd,24946.08,
8/15/2026 4:30:00 PM,RTD,8/15/2026 4:35:00 PM,CLUZ,Rd,18900,
8/15/2026 4:30:00 PM,RTD,8/15/2026 4:35:00 PM,CVIS,Ru,25000,
8/15/2026 4:30:00 PM,RTD,8/15/2026 4:35:00 PM,CLUZ,Ru,14500,
8/15/2026 4:30:00 PM,RTD,8/15/2026 4:35:00 PM,CMIN,Ru,25000,
8/15/2026 4:35:00 PM,RTD,8/15/2026 4:40:00 PM,CLUZ,Dr,5000.08,
8/15/2026 4:35:00 PM,RTD,8/15/2026 4:40:00 PM,CVIS,Dr,0,
8/15/2026 4:35:00 PM,RTD,8/15/2026 4:40:00 PM,CMIN,Dr,7400,
8/15/2026 4:35:00 PM,RTD,8/15/2026 4:40:00 PM,CVIS,Fr,25000,
8/15/2026 4:35:00 PM,RTD,8/15/2026 4:40:00 PM,CLUZ,Fr,6956.51,
8/15/2026 4:35:00 PM,RTD,8/15/2026 4:40:00 PM,CMIN,Fr,25000,
8/15/2026 4:35:00 PM,RTD,8/15/2026 4:40:00 PM,CVIS,Rd,17181.68,
8/15/2026 4:35:00 PM,RTD,8/15/2026 4:40:00 PM,CLUZ,Rd,18900,
8/15/2026 4:35:00 PM,RTD,8/15/2026 4:40:00 PM,CMIN,Rd,24946.08,
8/15/2026 4:35:00 PM,RTD,8/15/2026 4:40:00 PM,CVIS,Ru,25000,
8/15/2026 4:35:00 PM,RTD,8/15/2026 4:40:00 PM,CLUZ,Ru,14500,
8/15/2026 4:35:00 PM,RTD,8/15/2026 4:40:00 PM,CMIN,Ru,25000,
8/15/2026 4:40:00 PM,RTD,8/15/2026 4:45:00 PM,CVIS,Dr,0,
8/15/2026 4:40:00 PM,RTD,8/15/2026 4:45:00 PM,CMIN,Dr,7400,
8/15/2026 4:40:00 PM,RTD,8/15/2026 4:45:00 PM,CLUZ,Dr,5000.08,
8/15/2026 4:40:00 PM,RTD,8/15/2026 4:45:00 PM,CLUZ,Fr,6953.10,
8/15/2026 4:40:00 PM,RTD,8/15/2026 4:45:00 PM,CMIN,Fr,25000,
8/15/2026 4:40:00 PM,RTD,8/15/2026 4:45:00 PM,CVIS,Fr,25000,
8/15/2026 4:40:00 PM,RTD,8/15/2026 4:45:00 PM,CMIN,Rd,24946.08,
8/15/2026 4:40:00 PM,RTD,8/15/2026 4:45:00 PM,CLUZ,Rd,18900,
8/15/2026 4:40:00 PM,RTD,8/15/2026 4:45:00 PM,CVIS,Rd,2001,
8/15/2026 4:40:00 PM,RTD,8/15/2026 4:45:00 PM,CLUZ,Ru,14500,
8/15/2026 4:40:00 PM,RTD,8/15/2026 4:45:00 PM,CVIS,Ru,25000,
8/15/2026 4:40:00 PM,RTD,8/15/2026 4:45:00 PM,CMIN,Ru,25000,
8/15/2026 4:45:00 PM,RTD,8/15/2026 4:50:00 PM,CMIN,Dr,7400,
8/15/2026 4:45:00 PM,RTD,8/15/2026 4:50:00 PM,CVIS,Dr,0,
8/15/2026 4:45:00 PM,RTD,8/15/2026 4:50:00 PM,CLUZ,Dr,5000.08,
8/15/2026 4:45:00 PM,RTD,8/15/2026 4:50:00 PM,CLUZ,Fr,6984.92,
8/15/2026 4:45:00 PM,RTD,8/15/2026 4:50:00 PM,CVIS,Fr,24070.30,
8/15/2026 4:45:00 PM,RTD,8/15/2026 4:50:00 PM,CMIN,Fr,25000,
8/15/2026 4:45:00 PM,RTD,8/15/2026 4:50:00 PM,CLUZ,Rd,18775.50,
8/15/2026 4:45:00 PM,RTD,8/15/2026 4:50:00 PM,CMIN,Rd,24946.08,
8/15/2026 4:45:00 PM,RTD,8/15/2026 4:50:00 PM,CVIS,Rd,2001,
8/15/2026 4:45:00 PM,RTD,8/15/2026 4:50:00 PM,CLUZ,Ru,18900,
8/15/2026 4:45:00 PM,RTD,8/15/2026 4:50:00 PM,CVIS,Ru,25000,
8/15/2026 4:45:00 PM,RTD,8/15/2026 4:50:00 PM,CMIN,Ru,25000,
8/15/2026 4:50:00 PM,RTD,8/15/2026 4:55:00 PM,CVIS,Dr,0,
8/15/2026 4:50:00 PM,RTD,8/15/2026 4:55:00 PM,CLUZ,Dr,5000.08,
8/15/2026 4:50:00 PM,RTD,8/15/2026 4:55:00 PM,CMIN,Dr,0,
8/15/2026 4:50:00 PM,RTD,8/15/2026 4:55:00 PM,CMIN,Fr,25000,
8/15/2026 4:50:00 PM,RTD,8/15/2026 4:55:00 PM,CVIS,Fr,2999,
8/15/2026 4:50:00 PM,RTD,8/15/2026 4:55:00 PM,CLUZ,Fr,6963.98,
8/15/2026 4:50:00 PM,RTD,8/15/2026 4:55:00 PM,CVIS,Rd,2001,
8/15/2026 4:50:00 PM,RTD,8/15/2026 4:55:00 PM,CMIN,Rd,24946.08,
8/15/2026 4:50:00 PM,RTD,8/15/2026 4:55:00 PM,CLUZ,Rd,18795.97,
8/15/2026 4:50:00 PM,RTD,8/15/2026 4:55:00 PM,CVIS,Ru,25000,
8/15/2026 4:50:00 PM,RTD,8/15/2026 4:55:00 PM,CMIN,Ru,25000,
8/15/2026 4:50:00 PM,RTD,8/15/2026 4:55:00 PM,CLUZ,Ru,18900,
8/15/2026 4:55:00 PM,RTD,8/15/2026 5:00:00 PM,CMIN,Dr,0,
8/15/2026 4:55:00 PM,RTD,8/15/2026 5:00:00 PM,CLUZ,Dr,5000.08,
8/15/2026 4:55:00 PM,RTD,8/15/2026 5:00:00 PM,CVIS,Dr,0,
8/15/2026 4:55:00 PM,RTD,8/15/2026 5:00:00 PM,CVIS,Fr,2999,
8/15/2026 4:55:00 PM,RTD,8/15/2026 5:00:00 PM,CLUZ,Fr,6783.85,
8/15/2026 4:55:00 PM,RTD,8/15/2026 5:00:00 PM,CMIN,Fr,25000,
8/15/2026 4:55:00 PM,RTD,8/15/2026 5:00:00 PM,CVIS,Rd,2001,
8/15/2026 4:55:00 PM,RTD,8/15/2026 5:00:00 PM,CMIN,Rd,24946.08,
8/15/2026 4:55:00 PM,RTD,8/15/2026 5:00:00 PM,CLUZ,Rd,18900,
8/15/2026 4:55:00 PM,RTD,8/15/2026 5:00:00 PM,CMIN,Ru,25000,
8/15/2026 4:55:00 PM,RTD,8/15/2026 5:00:00 PM,CLUZ,Ru,14500,
8/15/2026 4:55:00 PM,RTD,8/15/2026 5:00:00 PM,CVIS,Ru,25000,
8/15/2026 5:00:00 PM,RTD,8/15/2026 5:05:00 PM,CVIS,Dr,0,
8/15/2026 5:00:00 PM,RTD,8/15/2026 5:05:00 PM,CMIN,Dr,0,
8/15/2026 5:00:00 PM,RTD,8/15/2026 5:05:00 PM,CLUZ,Dr,5000.08,
8/15/2026 5:00:00 PM,RTD,8/15/2026 5:05:00 PM,CLUZ,Fr,6769.27,
8/15/2026 5:00:00 PM,RTD,8/15/2026 5:05:00 PM,CMIN,Fr,25000,
8/15/2026 5:00:00 PM,RTD,8/15/2026 5:05:00 PM,CVIS,Fr,2999,
8/15/2026 5:00:00 PM,RTD,8/15/2026 5:05:00 PM,CVIS,Rd,2001,
8/15/2026 5:00:00 PM,RTD,8/15/2026 5:05:00 PM,CMIN,Rd,24946.08,
8/15/2026 5:00:00 PM,RTD,8/15/2026 5:05:00 PM,CLUZ,Rd,18900,
8/15/2026 5:00:00 PM,RTD,8/15/2026 5:05:00 PM,CMIN,Ru,25000,
8/15/2026 5:00:00 PM,RTD,8/15/2026 5:05:00 PM,CLUZ,Ru,5000,
8/15/2026 5:00:00 PM,RTD,8/15/2026 5:05:00 PM,CVIS,Ru,25000,
8/15/2026 5:05:00 PM,RTD,8/15/2026 5:10:00 PM,CMIN,Dr,0,
8/15/2026 5:05:00 PM,RTD,8/15/2026 5:10:00 PM,CVIS,Dr,0,
8/15/2026 5:05:00 PM,RTD,8/15/2026 5:10:00 PM,CLUZ,Dr,5000.08,
8/15/2026 5:05:00 PM,RTD,8/15/2026 5:10:00 PM,CMIN,Fr,25000,
8/15/2026 5:05:00 PM,RTD,8/15/2026 5:10:00 PM,CVIS,Fr,2999,
8/15/2026 5:05:00 PM,RTD,8/15/2026 5:10:00 PM,CLUZ,Fr,6930.88,
8/15/2026 5:05:00 PM,RTD,8/15/2026 5:10:00 PM,CLUZ,Rd,18824.51,
8/15/2026 5:05:00 PM,RTD,8/15/2026 5:10:00 PM,CVIS,Rd,2001,
8/15/2026 5:05:00 PM,RTD,8/15/2026 5:10:00 PM,CMIN,Rd,24946.08,
8/15/2026 5:05:00 PM,RTD,8/15/2026 5:10:00 PM,CVIS,Ru,25000,
8/15/2026 5:05:00 PM,RTD,8/15/2026 5:10:00 PM,CLUZ,Ru,5000,
8/15/2026 5:05:00 PM,RTD,8/15/2026 5:10:00 PM,CMIN,Ru,25000,
8/15/2026 5:10:00 PM,RTD,8/15/2026 5:15:00 PM,CMIN,Dr,0,
8/15/2026 5:10:00 PM,RTD,8/15/2026 5:15:00 PM,CLUZ,Dr,5000.08,
8/15/2026 5:10:00 PM,RTD,8/15/2026 5:15:00 PM,CVIS,Dr,0,
8/15/2026 5:10:00 PM,RTD,8/15/2026 5:15:00 PM,CMIN,Fr,25000,
8/15/2026 5:10:00 PM,RTD,8/15/2026 5:15:00 PM,CLUZ,Fr,6936.97,
8/15/2026 5:10:00 PM,RTD,8/15/2026 5:15:00 PM,CVIS,Fr,2999,
8/15/2026 5:10:00 PM,RTD,8/15/2026 5:15:00 PM,CVIS,Rd,19998,
8/15/2026 5:10:00 PM,RTD,8/15/2026 5:15:00 PM,CLUZ,Rd,4820.12,
8/15/2026 5:10:00 PM,RTD,8/15/2026 5:15:00 PM,CMIN,Rd,24946.08,
8/15/2026 5:10:00 PM,RTD,8/15/2026 5:15:00 PM,CMIN,Ru,25000,
8/15/2026 5:10:00 PM,RTD,8/15/2026 5:15:00 PM,CLUZ,Ru,550,
8/15/2026 5:10:00 PM,RTD,8/15/2026 5:15:00 PM,CVIS,Ru,25000,
8/15/2026 5:15:00 PM,RTD,8/15/2026 5:20:00 PM,CLUZ,Dr,5000.08,
8/15/2026 5:15:00 PM,RTD,8/15/2026 5:20:00 PM,CMIN,Dr,7400,
8/15/2026 5:15:00 PM,RTD,8/15/2026 5:20:00 PM,CVIS,Dr,0,
8/15/2026 5:15:00 PM,RTD,8/15/2026 5:20:00 PM,CMIN,Fr,25000,
8/15/2026 5:15:00 PM,RTD,8/15/2026 5:20:00 PM,CLUZ,Fr,6943.73,
8/15/2026 5:15:00 PM,RTD,8/15/2026 5:20:00 PM,CVIS,Fr,2999,
8/15/2026 5:15:00 PM,RTD,8/15/2026 5:20:00 PM,CLUZ,Rd,4815.37,
8/15/2026 5:15:00 PM,RTD,8/15/2026 5:20:00 PM,CMIN,Rd,24946.08,
8/15/2026 5:15:00 PM,RTD,8/15/2026 5:20:00 PM,CVIS,Rd,19998,
8/15/2026 5:15:00 PM,RTD,8/15/2026 5:20:00 PM,CLUZ,Ru,550,
8/15/2026 5:15:00 PM,RTD,8/15/2026 5:20:00 PM,CMIN,Ru,25000,
8/15/2026 5:15:00 PM,RTD,8/15/2026 5:20:00 PM,CVIS,Ru,25000,
8/15/2026 5:20:00 PM,RTD,8/15/2026 5:25:00 PM,CVIS,Dr,0,
8/15/2026 5:20:00 PM,RTD,8/15/2026 5:25:00 PM,CMIN,Dr,0,
8/15/2026 5:20:00 PM,RTD,8/15/2026 5:25:00 PM,CLUZ,Dr,5000.08,
8/15/2026 5:20:00 PM,RTD,8/15/2026 5:25:00 PM,CMIN,Fr,25000,
8/15/2026 5:20:00 PM,RTD,8/15/2026 5:25:00 PM,CVIS,Fr,2999,
8/15/2026 5:20:00 PM,RTD,8/15/2026 5:25:00 PM,CLUZ,Fr,7000,
8/15/2026 5:20:00 PM,RTD,8/15/2026 5:25:00 PM,CVIS,Rd,19998,
8/15/2026 5:20:00 PM,RTD,8/15/2026 5:25:00 PM,CMIN,Rd,24946.08,
8/15/2026 5:20:00 PM,RTD,8/15/2026 5:25:00 PM,CLUZ,Rd,4755.01,
8/15/2026 5:20:00 PM,RTD,8/15/2026 5:25:00 PM,CVIS,Ru,25000,
8/15/2026 5:20:00 PM,RTD,8/15/2026 5:25:00 PM,CLUZ,Ru,550,
8/15/2026 5:20:00 PM,RTD,8/15/2026 5:25:00 PM,CMIN,Ru,25000,
8/15/2026 5:25:00 PM,RTD,8/15/2026 5:30:00 PM,CVIS,Dr,0,
8/15/2026 5:25:00 PM,RTD,8/15/2026 5:30:00 PM,CMIN,Dr,0,
8/15/2026 5:25:00 PM,RTD,8/15/2026 5:30:00 PM,CLUZ,Dr,2000.08,
8/15/2026 5:25:00 PM,RTD,8/15/2026 5:30:00 PM,CMIN,Fr,25000,
8/15/2026 5:25:00 PM,RTD,8/15/2026 5:30:00 PM,CVIS,Fr,2999,
8/15/2026 5:25:00 PM,RTD,8/15/2026 5:30:00 PM,CLUZ,Fr,8920.88,
8/15/2026 5:25:00 PM,RTD,8/15/2026 5:30:00 PM,CVIS,Rd,19998,
8/15/2026 5:25:00 PM,RTD,8/15/2026 5:30:00 PM,CMIN,Rd,24946.08,
8/15/2026 5:25:00 PM,RTD,8/15/2026 5:30:00 PM,CLUZ,Rd,550,
8/15/2026 5:25:00 PM,RTD,8/15/2026 5:30:00 PM,CVIS,Ru,25000,
8/15/2026 5:25:00 PM,RTD,8/15/2026 5:30:00 PM,CLUZ,Ru,1483.14,
8/15/2026 5:25:00 PM,RTD,8/15/2026 5:30:00 PM,CMIN,Ru,25000,
8/15/2026 5:30:00 PM,RTD,8/15/2026 5:35:00 PM,CVIS,Dr,0,
8/15/2026 5:30:00 PM,RTD,8/15/2026 5:35:00 PM,CMIN,Dr,7400,
8/15/2026 5:30:00 PM,RTD,8/15/2026 5:35:00 PM,CLUZ,Dr,2000.08,
8/15/2026 5:30:00 PM,RTD,8/15/2026 5:35:00 PM,CMIN,Fr,25000,
8/15/2026 5:30:00 PM,RTD,8/15/2026 5:35:00 PM,CVIS,Fr,2999,
8/15/2026 5:30:00 PM,RTD,8/15/2026 5:35:00 PM,CLUZ,Fr,7000,
8/15/2026 5:30:00 PM,RTD,8/15/2026 5:35:00 PM,CVIS,Rd,19998,
8/15/2026 5:30:00 PM,RTD,8/15/2026 5:35:00 PM,CMIN,Rd,24946.08,
8/15/2026 5:30:00 PM,RTD,8/15/2026 5:35:00 PM,CLUZ,Rd,550,
8/15/2026 5:30:00 PM,RTD,8/15/2026 5:35:00 PM,CVIS,Ru,25000,
8/15/2026 5:30:00 PM,RTD,8/15/2026 5:35:00 PM,CLUZ,Ru,5000,
8/15/2026 5:30:00 PM,RTD,8/15/2026 5:35:00 PM,CMIN,Ru,25000,
8/15/2026 5:35:00 PM,RTD,8/15/2026 5:40:00 PM,CVIS,Dr,0,
8/15/2026 5:35:00 PM,RTD,8/15/2026 5:40:00 PM,CMIN,Dr,7400,
8/15/2026 5:35:00 PM,RTD,8/15/2026 5:40:00 PM,CLUZ,Dr,2000.08,
8/15/2026 5:35:00 PM,RTD,8/15/2026 5:40:00 PM,CMIN,Fr,25000,
8/15/2026 5:35:00 PM,RTD,8/15/2026 5:40:00 PM,CVIS,Fr,2999,
8/15/2026 5:35:00 PM,RTD,8/15/2026 5:40:00 PM,CLUZ,Fr,7000,
8/15/2026 5:35:00 PM,RTD,8/15/2026 5:40:00 PM,CVIS,Rd,19998,
8/15/2026 5:35:00 PM,RTD,8/15/2026 5:40:00 PM,CMIN,Rd,24997.08,
8/15/2026 5:35:00 PM,RTD,8/15/2026 5:40:00 PM,CLUZ,Rd,550,
8/15/2026 5:35:00 PM,RTD,8/15/2026 5:40:00 PM,CVIS,Ru,25000,
8/15/2026 5:35:00 PM,RTD,8/15/2026 5:40:00 PM,CLUZ,Ru,550,
8/15/2026 5:35:00 PM,RTD,8/15/2026 5:40:00 PM,CMIN,Ru,25000,
8/15/2026 5:40:00 PM,RTD,8/15/2026 5:45:00 PM,CVIS,Dr,0,
8/15/2026 5:40:00 PM,RTD,8/15/2026 5:45:00 PM,CMIN,Dr,7400,
8/15/2026 5:40:00 PM,RTD,8/15/2026 5:45:00 PM,CLUZ,Dr,2000.08,
8/15/2026 5:40:00 PM,RTD,8/15/2026 5:45:00 PM,CMIN,Fr,25000,
8/15/2026 5:40:00 PM,RTD,8/15/2026 5:45:00 PM,CVIS,Fr,2999,
8/15/2026 5:40:00 PM,RTD,8/15/2026 5:45:00 PM,CLUZ,Fr,7933.98,
8/15/2026 5:40:00 PM,RTD,8/15/2026 5:45:00 PM,CVIS,Rd,19998,
8/15/2026 5:40:00 PM,RTD,8/15/2026 5:45:00 PM,CMIN,Rd,24946.08,
8/15/2026 5:40:00 PM,RTD,8/15/2026 5:45:00 PM,CLUZ,Rd,550,
8/15/2026 5:40:00 PM,RTD,8/15/2026 5:45:00 PM,CVIS,Ru,25000,
8/15/2026 5:40:00 PM,RTD,8/15/2026 5:45:00 PM,CLUZ,Ru,550,
8/15/2026 5:40:00 PM,RTD,8/15/2026 5:45:00 PM,CMIN,Ru,25000,
8/15/2026 5:45:00 PM,RTD,8/15/2026 5:50:00 PM,CVIS,Dr,0,
8/15/2026 5:45:00 PM,RTD,8/15/2026 5:50:00 PM,CMIN,Dr,7400,
8/15/2026 5:45:00 PM,RTD,8/15/2026 5:50:00 PM,CLUZ,Dr,2000.08,
8/15/2026 5:45:00 PM,RTD,8/15/2026 5:50:00 PM,CMIN,Fr,25000,
8/15/2026 5:45:00 PM,RTD,8/15/2026 5:50:00 PM,CVIS,Fr,2999,
8/15/2026 5:45:00 PM,RTD,8/15/2026 5:50:00 PM,CLUZ,Fr,8922.08,
8/15/2026 5:45:00 PM,RTD,8/15/2026 5:50:00 PM,CVIS,Rd,19998,
8/15/2026 5:45:00 PM,RTD,8/15/2026 5:50:00 PM,CMIN,Rd,24997.08,
8/15/2026 5:45:00 PM,RTD,8/15/2026 5:50:00 PM,CLUZ,Rd,550,
8/15/2026 5:45:00 PM,RTD,8/15/2026 5:50:00 PM,CVIS,Ru,25000,
8/15/2026 5:45:00 PM,RTD,8/15/2026 5:50:00 PM,CLUZ,Ru,550,
8/15/2026 5:45:00 PM,RTD,8/15/2026 5:50:00 PM,CMIN,Ru,25000,
8/15/2026 5:50:00 PM,RTD,8/15/2026 5:55:00 PM,CLUZ,Dr,2000.08,
8/15/2026 5:50:00 PM,RTD,8/15/2026 5:55:00 PM,CVIS,Dr,0,
8/15/2026 5:50:00 PM,RTD,8/15/2026 5:55:00 PM,CMIN,Dr,7400,
8/15/2026 5:50:00 PM,RTD,8/15/2026 5:55:00 PM,CVIS,Fr,2999,
8/15/2026 5:50:00 PM,RTD,8/15/2026 5:55:00 PM,CLUZ,Fr,8922.08,
8/15/2026 5:50:00 PM,RTD,8/15/2026 5:55:00 PM,CMIN,Fr,25000,
8/15/2026 5:50:00 PM,RTD,8/15/2026 5:55:00 PM,CLUZ,Rd,550,
8/15/2026 5:50:00 PM,RTD,8/15/2026 5:55:00 PM,CVIS,Rd,19998,
8/15/2026 5:50:00 PM,RTD,8/15/2026 5:55:00 PM,CMIN,Rd,24946.08,
8/15/2026 5:50:00 PM,RTD,8/15/2026 5:55:00 PM,CLUZ,Ru,550,
8/15/2026 5:50:00 PM,RTD,8/15/2026 5:55:00 PM,CMIN,Ru,25000,
8/15/2026 5:50:00 PM,RTD,8/15/2026 5:55:00 PM,CVIS,Ru,25000,
8/15/2026 5:55:00 PM,RTD,8/15/2026 6:00:00 PM,CVIS,Dr,0,
8/15/2026 5:55:00 PM,RTD,8/15/2026 6:00:00 PM,CMIN,Dr,7400,
8/15/2026 5:55:00 PM,RTD,8/15/2026 6:00:00 PM,CLUZ,Dr,2000.08,
8/15/2026 5:55:00 PM,RTD,8/15/2026 6:00:00 PM,CMIN,Fr,25000,
8/15/2026 5:55:00 PM,RTD,8/15/2026 6:00:00 PM,CVIS,Fr,2999,
8/15/2026 5:55:00 PM,RTD,8/15/2026 6:00:00 PM,CLUZ,Fr,8922.07,
8/15/2026 5:55:00 PM,RTD,8/15/2026 6:00:00 PM,CVIS,Rd,19998,
8/15/2026 5:55:00 PM,RTD,8/15/2026 6:00:00 PM,CMIN,Rd,24997.08,
8/15/2026 5:55:00 PM,RTD,8/15/2026 6:00:00 PM,CLUZ,Rd,14447,
8/15/2026 5:55:00 PM,RTD,8/15/2026 6:00:00 PM,CVIS,Ru,25000,
8/15/2026 5:55:00 PM,RTD,8/15/2026 6:00:00 PM,CLUZ,Ru,550,
8/15/2026 5:55:00 PM,RTD,8/15/2026 6:00:00 PM,CMIN,Ru,25000,
8/15/2026 6:00:00 PM,RTD,8/15/2026 6:05:00 PM,CLUZ,Dr,2000.08,
8/15/2026 6:00:00 PM,RTD,8/15/2026 6:05:00 PM,CMIN,Dr,7400,
8/15/2026 6:00:00 PM,RTD,8/15/2026 6:05:00 PM,CVIS,Dr,0,
8/15/2026 6:00:00 PM,RTD,8/15/2026 6:05:00 PM,CVIS,Fr,2999,
8/15/2026 6:00:00 PM,RTD,8/15/2026 6:05:00 PM,CLUZ,Fr,8371.02,
8/15/2026 6:00:00 PM,RTD,8/15/2026 6:05:00 PM,CMIN,Fr,25000,
8/15/2026 6:00:00 PM,RTD,8/15/2026 6:05:00 PM,CMIN,Rd,24946,
8/15/2026 6:00:00 PM,RTD,8/15/2026 6:05:00 PM,CVIS,Rd,19998,
8/15/2026 6:00:00 PM,RTD,8/15/2026 6:05:00 PM,CLUZ,Rd,550,
8/15/2026 6:00:00 PM,RTD,8/15/2026 6:05:00 PM,CLUZ,Ru,14447,
8/15/2026 6:00:00 PM,RTD,8/15/2026 6:05:00 PM,CMIN,Ru,25000,
8/15/2026 6:00:00 PM,RTD,8/15/2026 6:05:00 PM,CVIS,Ru,25000,
8/15/2026 6:05:00 PM,RTD,8/15/2026 6:10:00 PM,CMIN,Dr,7400,
8/15/2026 6:05:00 PM,RTD,8/15/2026 6:10:00 PM,CLUZ,Dr,5000.08,
8/15/2026 6:05:00 PM,RTD,8/15/2026 6:10:00 PM,CVIS,Dr,0,
8/15/2026 6:05:00 PM,RTD,8/15/2026 6:10:00 PM,CVIS,Fr,2999,
8/15/2026 6:05:00 PM,RTD,8/15/2026 6:10:00 PM,CMIN,Fr,25000,
8/15/2026 6:05:00 PM,RTD,8/15/2026 6:10:00 PM,CLUZ,Fr,8391.74,
8/15/2026 6:05:00 PM,RTD,8/15/2026 6:10:00 PM,CVIS,Rd,19998,
8/15/2026 6:05:00 PM,RTD,8/15/2026 6:10:00 PM,CMIN,Rd,24946,
8/15/2026 6:05:00 PM,RTD,8/15/2026 6:10:00 PM,CLUZ,Rd,550,
8/15/2026 6:05:00 PM,RTD,8/15/2026 6:10:00 PM,CMIN,Ru,25000,
8/15/2026 6:05:00 PM,RTD,8/15/2026 6:10:00 PM,CVIS,Ru,25000,
8/15/2026 6:05:00 PM,RTD,8/15/2026 6:10:00 PM,CLUZ,Ru,14447,
8/15/2026 6:10:00 PM,RTD,8/15/2026 6:15:00 PM,CMIN,Dr,7400,
8/15/2026 6:10:00 PM,RTD,8/15/2026 6:15:00 PM,CLUZ,Dr,5000.08,
8/15/2026 6:10:00 PM,RTD,8/15/2026 6:15:00 PM,CVIS,Dr,0,
8/15/2026 6:10:00 PM,RTD,8/15/2026 6:15:00 PM,CMIN,Fr,25000,
8/15/2026 6:10:00 PM,RTD,8/15/2026 6:15:00 PM,CVIS,Fr,2999,
8/15/2026 6:10:00 PM,RTD,8/15/2026 6:15:00 PM,CLUZ,Fr,8886.73,
8/15/2026 6:10:00 PM,RTD,8/15/2026 6:15:00 PM,CLUZ,Rd,550,
8/15/2026 6:10:00 PM,RTD,8/15/2026 6:15:00 PM,CVIS,Rd,19998,
8/15/2026 6:10:00 PM,RTD,8/15/2026 6:15:00 PM,CMIN,Rd,24946,
8/15/2026 6:10:00 PM,RTD,8/15/2026 6:15:00 PM,CMIN,Ru,25000,
8/15/2026 6:10:00 PM,RTD,8/15/2026 6:15:00 PM,CLUZ,Ru,14447,
8/15/2026 6:10:00 PM,RTD,8/15/2026 6:15:00 PM,CVIS,Ru,25000,
8/15/2026 6:15:00 PM,RTD,8/15/2026 6:20:00 PM,CLUZ,Dr,5000.08,
8/15/2026 6:15:00 PM,RTD,8/15/2026 6:20:00 PM,CMIN,Dr,7400,
8/15/2026 6:15:00 PM,RTD,8/15/2026 6:20:00 PM,CVIS,Dr,0,
8/15/2026 6:15:00 PM,RTD,8/15/2026 6:20:00 PM,CMIN,Fr,25000,
8/15/2026 6:15:00 PM,RTD,8/15/2026 6:20:00 PM,CLUZ,Fr,8398.85,
8/15/2026 6:15:00 PM,RTD,8/15/2026 6:20:00 PM,CVIS,Fr,2999,
8/15/2026 6:15:00 PM,RTD,8/15/2026 6:20:00 PM,CMIN,Rd,24946,
8/15/2026 6:15:00 PM,RTD,8/15/2026 6:20:00 PM,CLUZ,Rd,550,
8/15/2026 6:15:00 PM,RTD,8/15/2026 6:20:00 PM,CVIS,Rd,19998,
8/15/2026 6:15:00 PM,RTD,8/15/2026 6:20:00 PM,CLUZ,Ru,14447,
8/15/2026 6:15:00 PM,RTD,8/15/2026 6:20:00 PM,CVIS,Ru,25000,
8/15/2026 6:15:00 PM,RTD,8/15/2026 6:20:00 PM,CMIN,Ru,25000,
8/15/2026 6:20:00 PM,RTD,8/15/2026 6:25:00 PM,CMIN,Dr,7400,
8/15/2026 6:20:00 PM,RTD,8/15/2026 6:25:00 PM,CLUZ,Dr,5000.08,
8/15/2026 6:20:00 PM,RTD,8/15/2026 6:25:00 PM,CVIS,Dr,18917.18,
8/15/2026 6:20:00 PM,RTD,8/15/2026 6:25:00 PM,CLUZ,Fr,8896.70,
8/15/2026 6:20:00 PM,RTD,8/15/2026 6:25:00 PM,CVIS,Fr,2999,
8/15/2026 6:20:00 PM,RTD,8/15/2026 6:25:00 PM,CMIN,Fr,25000,
8/15/2026 6:20:00 PM,RTD,8/15/2026 6:25:00 PM,CLUZ,Rd,550,
8/15/2026 6:20:00 PM,RTD,8/15/2026 6:25:00 PM,CMIN,Rd,24946,
8/15/2026 6:20:00 PM,RTD,8/15/2026 6:25:00 PM,CVIS,Rd,19998,
8/15/2026 6:20:00 PM,RTD,8/15/2026 6:25:00 PM,CMIN,Ru,25000,
8/15/2026 6:20:00 PM,RTD,8/15/2026 6:25:00 PM,CVIS,Ru,25000,
8/15/2026 6:20:00 PM,RTD,8/15/2026 6:25:00 PM,CLUZ,Ru,14447,
8/15/2026 6:25:00 PM,RTD,8/15/2026 6:30:00 PM,CMIN,Dr,7400,
8/15/2026 6:25:00 PM,RTD,8/15/2026 6:30:00 PM,CVIS,Dr,18917.18,
8/15/2026 6:25:00 PM,RTD,8/15/2026 6:30:00 PM,CLUZ,Dr,5000.08,
8/15/2026 6:25:00 PM,RTD,8/15/2026 6:30:00 PM,CVIS,Fr,2999,
8/15/2026 6:25:00 PM,RTD,8/15/2026 6:30:00 PM,CMIN,Fr,25000,
8/15/2026 6:25:00 PM,RTD,8/15/2026 6:30:00 PM,CLUZ,Fr,9431.31,
8/15/2026 6:25:00 PM,RTD,8/15/2026 6:30:00 PM,CMIN,Rd,24946,
8/15/2026 6:25:00 PM,RTD,8/15/2026 6:30:00 PM,CVIS,Rd,19998,
8/15/2026 6:25:00 PM,RTD,8/15/2026 6:30:00 PM,CLUZ,Rd,550,
8/15/2026 6:25:00 PM,RTD,8/15/2026 6:30:00 PM,CMIN,Ru,25000,
8/15/2026 6:25:00 PM,RTD,8/15/2026 6:30:00 PM,CVIS,Ru,25000,
8/15/2026 6:25:00 PM,RTD,8/15/2026 6:30:00 PM,CLUZ,Ru,14447,
8/15/2026 6:30:00 PM,RTD,8/15/2026 6:35:00 PM,CVIS,Dr,0,
8/15/2026 6:30:00 PM,RTD,8/15/2026 6:35:00 PM,CMIN,Dr,7400,
8/15/2026 6:30:00 PM,RTD,8/15/2026 6:35:00 PM,CLUZ,Dr,5000.08,
8/15/2026 6:30:00 PM,RTD,8/15/2026 6:35:00 PM,CMIN,Fr,25000,
8/15/2026 6:30:00 PM,RTD,8/15/2026 6:35:00 PM,CVIS,Fr,2999,
8/15/2026 6:30:00 PM,RTD,8/15/2026 6:35:00 PM,CLUZ,Fr,8900.43,
8/15/2026 6:30:00 PM,RTD,8/15/2026 6:35:00 PM,CVIS,Rd,19998,
8/15/2026 6:30:00 PM,RTD,8/15/2026 6:35:00 PM,CMIN,Rd,24946,
8/15/2026 6:30:00 PM,RTD,8/15/2026 6:35:00 PM,CLUZ,Rd,550,
8/15/2026 6:30:00 PM,RTD,8/15/2026 6:35:00 PM,CVIS,Ru,25000,
8/15/2026 6:30:00 PM,RTD,8/15/2026 6:35:00 PM,CLUZ,Ru,14447,
8/15/2026 6:30:00 PM,RTD,8/15/2026 6:35:00 PM,CMIN,Ru,25000,
8/15/2026 6:35:00 PM,RTD,8/15/2026 6:40:00 PM,CLUZ,Dr,5000.08,
8/15/2026 6:35:00 PM,RTD,8/15/2026 6:40:00 PM,CVIS,Dr,0,
8/15/2026 6:35:00 PM,RTD,8/15/2026 6:40:00 PM,CMIN,Dr,7400,
8/15/2026 6:35:00 PM,RTD,8/15/2026 6:40:00 PM,CMIN,Fr,25000,
8/15/2026 6:35:00 PM,RTD,8/15/2026 6:40:00 PM,CLUZ,Fr,8901.71,
8/15/2026 6:35:00 PM,RTD,8/15/2026 6:40:00 PM,CVIS,Fr,2999,
8/15/2026 6:35:00 PM,RTD,8/15/2026 6:40:00 PM,CMIN,Rd,24946,
8/15/2026 6:35:00 PM,RTD,8/15/2026 6:40:00 PM,CVIS,Rd,19998,
8/15/2026 6:35:00 PM,RTD,8/15/2026 6:40:00 PM,CLUZ,Rd,14447,
8/15/2026 6:35:00 PM,RTD,8/15/2026 6:40:00 PM,CLUZ,Ru,14447,
8/15/2026 6:35:00 PM,RTD,8/15/2026 6:40:00 PM,CMIN,Ru,25000,
8/15/2026 6:35:00 PM,RTD,8/15/2026 6:40:00 PM,CVIS,Ru,25000,
8/15/2026 6:40:00 PM,RTD,8/15/2026 6:45:00 PM,CVIS,Dr,0,
8/15/2026 6:40:00 PM,RTD,8/15/2026 6:45:00 PM,CMIN,Dr,7400,
8/15/2026 6:40:00 PM,RTD,8/15/2026 6:45:00 PM,CLUZ,Dr,5000.08,
8/15/2026 6:40:00 PM,RTD,8/15/2026 6:45:00 PM,CMIN,Fr,25000,
8/15/2026 6:40:00 PM,RTD,8/15/2026 6:45:00 PM,CVIS,Fr,2999,
8/15/2026 6:40:00 PM,RTD,8/15/2026 6:45:00 PM,CLUZ,Fr,8903.08,
8/15/2026 6:40:00 PM,RTD,8/15/2026 6:45:00 PM,CVIS,Rd,19998,
8/15/2026 6:40:00 PM,RTD,8/15/2026 6:45:00 PM,CMIN,Rd,24946,
8/15/2026 6:40:00 PM,RTD,8/15/2026 6:45:00 PM,CLUZ,Rd,14447,
8/15/2026 6:40:00 PM,RTD,8/15/2026 6:45:00 PM,CVIS,Ru,25000,
8/15/2026 6:40:00 PM,RTD,8/15/2026 6:45:00 PM,CLUZ,Ru,550,
8/15/2026 6:40:00 PM,RTD,8/15/2026 6:45:00 PM,CMIN,Ru,25000,
8/15/2026 6:45:00 PM,RTD,8/15/2026 6:50:00 PM,CMIN,Dr,7400,
8/15/2026 6:45:00 PM,RTD,8/15/2026 6:50:00 PM,CVIS,Dr,18917.18,
8/15/2026 6:45:00 PM,RTD,8/15/2026 6:50:00 PM,CLUZ,Dr,5000.08,
8/15/2026 6:45:00 PM,RTD,8/15/2026 6:50:00 PM,CLUZ,Fr,8608.58,
8/15/2026 6:45:00 PM,RTD,8/15/2026 6:50:00 PM,CMIN,Fr,25000,
8/15/2026 6:45:00 PM,RTD,8/15/2026 6:50:00 PM,CVIS,Fr,2999,
8/15/2026 6:45:00 PM,RTD,8/15/2026 6:50:00 PM,CVIS,Rd,19998,
8/15/2026 6:45:00 PM,RTD,8/15/2026 6:50:00 PM,CLUZ,Rd,14447,
8/15/2026 6:45:00 PM,RTD,8/15/2026 6:50:00 PM,CMIN,Rd,24946,
8/15/2026 6:45:00 PM,RTD,8/15/2026 6:50:00 PM,CVIS,Ru,25000,
8/15/2026 6:45:00 PM,RTD,8/15/2026 6:50:00 PM,CLUZ,Ru,550,
8/15/2026 6:45:00 PM,RTD,8/15/2026 6:50:00 PM,CMIN,Ru,25000,
8/15/2026 6:50:00 PM,RTD,8/15/2026 6:55:00 PM,CVIS,Dr,18917.18,
8/15/2026 6:50:00 PM,RTD,8/15/2026 6:55:00 PM,CMIN,Dr,7400,
8/15/2026 6:50:00 PM,RTD,8/15/2026 6:55:00 PM,CLUZ,Dr,5000.08,
8/15/2026 6:50:00 PM,RTD,8/15/2026 6:55:00 PM,CMIN,Fr,25000,
8/15/2026 6:50:00 PM,RTD,8/15/2026 6:55:00 PM,CVIS,Fr,0,
8/15/2026 6:50:00 PM,RTD,8/15/2026 6:55:00 PM,CLUZ,Fr,7419.18,
8/15/2026 6:50:00 PM,RTD,8/15/2026 6:55:00 PM,CVIS,Rd,19998,
8/15/2026 6:50:00 PM,RTD,8/15/2026 6:55:00 PM,CMIN,Rd,24946,
8/15/2026 6:50:00 PM,RTD,8/15/2026 6:55:00 PM,CLUZ,Rd,14447,
8/15/2026 6:50:00 PM,RTD,8/15/2026 6:55:00 PM,CVIS,Ru,25000,
8/15/2026 6:50:00 PM,RTD,8/15/2026 6:55:00 PM,CLUZ,Ru,550,
8/15/2026 6:50:00 PM,RTD,8/15/2026 6:55:00 PM,CMIN,Ru,25000,
8/15/2026 6:55:00 PM,RTD,8/15/2026 7:00:00 PM,CVIS,Dr,18917.18,
8/15/2026 6:55:00 PM,RTD,8/15/2026 7:00:00 PM,CMIN,Dr,7400,
8/15/2026 6:55:00 PM,RTD,8/15/2026 7:00:00 PM,CLUZ,Dr,5000.08,
8/15/2026 6:55:00 PM,RTD,8/15/2026 7:00:00 PM,CMIN,Fr,25000,
8/15/2026 6:55:00 PM,RTD,8/15/2026 7:00:00 PM,CVIS,Fr,0,
8/15/2026 6:55:00 PM,RTD,8/15/2026 7:00:00 PM,CLUZ,Fr,8880.70,
8/15/2026 6:55:00 PM,RTD,8/15/2026 7:00:00 PM,CVIS,Rd,19998,
8/15/2026 6:55:00 PM,RTD,8/15/2026 7:00:00 PM,CMIN,Rd,24946,
8/15/2026 6:55:00 PM,RTD,8/15/2026 7:00:00 PM,CLUZ,Rd,14447,
8/15/2026 6:55:00 PM,RTD,8/15/2026 7:00:00 PM,CVIS,Ru,25000,
8/15/2026 6:55:00 PM,RTD,8/15/2026 7:00:00 PM,CLUZ,Ru,550,
8/15/2026 6:55:00 PM,RTD,8/15/2026 7:00:00 PM,CMIN,Ru,25000,
8/15/2026 7:00:00 PM,RTD,8/15/2026 7:05:00 PM,CVIS,Dr,0,
8/15/2026 7:00:00 PM,RTD,8/15/2026 7:05:00 PM,CMIN,Dr,0,
8/15/2026 7:00:00 PM,RTD,8/15/2026 7:05:00 PM,CLUZ,Dr,5000.08,
8/15/2026 7:00:00 PM,RTD,8/15/2026 7:05:00 PM,CMIN,Fr,25000,
8/15/2026 7:00:00 PM,RTD,8/15/2026 7:05:00 PM,CLUZ,Fr,8879.45,
8/15/2026 7:00:00 PM,RTD,8/15/2026 7:05:00 PM,CVIS,Fr,0,
8/15/2026 7:00:00 PM,RTD,8/15/2026 7:05:00 PM,CLUZ,Rd,14447,
8/15/2026 7:00:00 PM,RTD,8/15/2026 7:05:00 PM,CMIN,Rd,24946.08,
8/15/2026 7:00:00 PM,RTD,8/15/2026 7:05:00 PM,CVIS,Rd,19998,
8/15/2026 7:00:00 PM,RTD,8/15/2026 7:05:00 PM,CLUZ,Ru,550,
8/15/2026 7:00:00 PM,RTD,8/15/2026 7:05:00 PM,CMIN,Ru,25000,
8/15/2026 7:00:00 PM,RTD,8/15/2026 7:05:00 PM,CVIS,Ru,25000,
8/15/2026 7:05:00 PM,RTD,8/15/2026 7:10:00 PM,CVIS,Dr,0,
8/15/2026 7:05:00 PM,RTD,8/15/2026 7:10:00 PM,CLUZ,Dr,5000.08,
8/15/2026 7:05:00 PM,RTD,8/15/2026 7:10:00 PM,CMIN,Dr,0,
8/15/2026 7:05:00 PM,RTD,8/15/2026 7:10:00 PM,CMIN,Fr,25000,
8/15/2026 7:05:00 PM,RTD,8/15/2026 7:10:00 PM,CLUZ,Fr,8884.42,
8/15/2026 7:05:00 PM,RTD,8/15/2026 7:10:00 PM,CVIS,Fr,0,
8/15/2026 7:05:00 PM,RTD,8/15/2026 7:10:00 PM,CLUZ,Rd,14447,
8/15/2026 7:05:00 PM,RTD,8/15/2026 7:10:00 PM,CVIS,Rd,19998,
8/15/2026 7:05:00 PM,RTD,8/15/2026 7:10:00 PM,CMIN,Rd,24946.08,
8/15/2026 7:05:00 PM,RTD,8/15/2026 7:10:00 PM,CVIS,Ru,25000,
8/15/2026 7:05:00 PM,RTD,8/15/2026 7:10:00 PM,CLUZ,Ru,550,
8/15/2026 7:05:00 PM,RTD,8/15/2026 7:10:00 PM,CMIN,Ru,25000,
8/15/2026 7:10:00 PM,RTD,8/15/2026 7:15:00 PM,CVIS,Dr,18917.18,
8/15/2026 7:10:00 PM,RTD,8/15/2026 7:15:00 PM,CLUZ,Dr,5000.08,
8/15/2026 7:10:00 PM,RTD,8/15/2026 7:15:00 PM,CMIN,Dr,0,
8/15/2026 7:10:00 PM,RTD,8/15/2026 7:15:00 PM,CVIS,Fr,0,
8/15/2026 7:10:00 PM,RTD,8/15/2026 7:15:00 PM,CLUZ,Fr,8691.97,
8/15/2026 7:10:00 PM,RTD,8/15/2026 7:15:00 PM,CMIN,Fr,25000,
8/15/2026 7:10:00 PM,RTD,8/15/2026 7:15:00 PM,CLUZ,Rd,14447,
8/15/2026 7:10:00 PM,RTD,8/15/2026 7:15:00 PM,CVIS,Rd,19998,
8/15/2026 7:10:00 PM,RTD,8/15/2026 7:15:00 PM,CMIN,Rd,24946.08,
8/15/2026 7:10:00 PM,RTD,8/15/2026 7:15:00 PM,CVIS,Ru,25000,
8/15/2026 7:10:00 PM,RTD,8/15/2026 7:15:00 PM,CLUZ,Ru,550,
8/15/2026 7:10:00 PM,RTD,8/15/2026 7:15:00 PM,CMIN,Ru,25000,
8/15/2026 7:15:00 PM,RTD,8/15/2026 7:20:00 PM,CMIN,Dr,0,
8/15/2026 7:15:00 PM,RTD,8/15/2026 7:20:00 PM,CVIS,Dr,18917.18,
8/15/2026 7:15:00 PM,RTD,8/15/2026 7:20:00 PM,CLUZ,Dr,5000.08,
8/15/2026 7:15:00 PM,RTD,8/15/2026 7:20:00 PM,CVIS,Fr,0,
8/15/2026 7:15:00 PM,RTD,8/15/2026 7:20:00 PM,CMIN,Fr,25000,
8/15/2026 7:15:00 PM,RTD,8/15/2026 7:20:00 PM,CLUZ,Fr,8739.33,
8/15/2026 7:15:00 PM,RTD,8/15/2026 7:20:00 PM,CMIN,Rd,24997.08,
8/15/2026 7:15:00 PM,RTD,8/15/2026 7:20:00 PM,CVIS,Rd,4586.96,
8/15/2026 7:15:00 PM,RTD,8/15/2026 7:20:00 PM,CLUZ,Rd,14447,
8/15/2026 7:15:00 PM,RTD,8/15/2026 7:20:00 PM,CMIN,Ru,25000,
8/15/2026 7:15:00 PM,RTD,8/15/2026 7:20:00 PM,CVIS,Ru,25000,
8/15/2026 7:15:00 PM,RTD,8/15/2026 7:20:00 PM,CLUZ,Ru,550,
8/15/2026 7:20:00 PM,RTD,8/15/2026 7:25:00 PM,CVIS,Dr,18917.18,
8/15/2026 7:20:00 PM,RTD,8/15/2026 7:25:00 PM,CMIN,Dr,0,
8/15/2026 7:20:00 PM,RTD,8/15/2026 7:25:00 PM,CLUZ,Dr,5000.08,
8/15/2026 7:20:00 PM,RTD,8/15/2026 7:25:00 PM,CMIN,Fr,25000,
8/15/2026 7:20:00 PM,RTD,8/15/2026 7:25:00 PM,CVIS,Fr,0,
8/15/2026 7:20:00 PM,RTD,8/15/2026 7:25:00 PM,CLUZ,Fr,8740.55,
8/15/2026 7:20:00 PM,RTD,8/15/2026 7:25:00 PM,CVIS,Rd,2000,
8/15/2026 7:20:00 PM,RTD,8/15/2026 7:25:00 PM,CMIN,Rd,24946.08,
8/15/2026 7:20:00 PM,RTD,8/15/2026 7:25:00 PM,CLUZ,Rd,550,
8/15/2026 7:20:00 PM,RTD,8/15/2026 7:25:00 PM,CVIS,Ru,25000,
8/15/2026 7:20:00 PM,RTD,8/15/2026 7:25:00 PM,CLUZ,Ru,14447,
8/15/2026 7:20:00 PM,RTD,8/15/2026 7:25:00 PM,CMIN,Ru,25000,
8/15/2026 7:25:00 PM,RTD,8/15/2026 7:30:00 PM,CVIS,Dr,0,
8/15/2026 7:25:00 PM,RTD,8/15/2026 7:30:00 PM,CMIN,Dr,0,
8/15/2026 7:25:00 PM,RTD,8/15/2026 7:30:00 PM,CLUZ,Dr,5000.08,
8/15/2026 7:25:00 PM,RTD,8/15/2026 7:30:00 PM,CMIN,Fr,25000,
8/15/2026 7:25:00 PM,RTD,8/15/2026 7:30:00 PM,CVIS,Fr,0,
8/15/2026 7:25:00 PM,RTD,8/15/2026 7:30:00 PM,CLUZ,Fr,8736.72,
8/15/2026 7:25:00 PM,RTD,8/15/2026 7:30:00 PM,CVIS,Rd,4603.81,
8/15/2026 7:25:00 PM,RTD,8/15/2026 7:30:00 PM,CMIN,Rd,24946,
8/15/2026 7:25:00 PM,RTD,8/15/2026 7:30:00 PM,CLUZ,Rd,550,
8/15/2026 7:25:00 PM,RTD,8/15/2026 7:30:00 PM,CVIS,Ru,25000,
8/15/2026 7:25:00 PM,RTD,8/15/2026 7:30:00 PM,CLUZ,Ru,14447,
8/15/2026 7:25:00 PM,RTD,8/15/2026 7:30:00 PM,CMIN,Ru,25000,
8/15/2026 7:30:00 PM,RTD,8/15/2026 7:35:00 PM,CVIS,Dr,0,
8/15/2026 7:30:00 PM,RTD,8/15/2026 7:35:00 PM,CMIN,Dr,0,
8/15/2026 7:30:00 PM,RTD,8/15/2026 7:35:00 PM,CLUZ,Dr,5000.08,
8/15/2026 7:30:00 PM,RTD,8/15/2026 7:35:00 PM,CMIN,Fr,25000,
8/15/2026 7:30:00 PM,RTD,8/15/2026 7:35:00 PM,CVIS,Fr,0,
8/15/2026 7:30:00 PM,RTD,8/15/2026 7:35:00 PM,CLUZ,Fr,8732.79,
8/15/2026 7:30:00 PM,RTD,8/15/2026 7:35:00 PM,CVIS,Rd,2000,
8/15/2026 7:30:00 PM,RTD,8/15/2026 7:35:00 PM,CMIN,Rd,24946,
8/15/2026 7:30:00 PM,RTD,8/15/2026 7:35:00 PM,CLUZ,Rd,550,
8/15/2026 7:30:00 PM,RTD,8/15/2026 7:35:00 PM,CVIS,Ru,25000,
8/15/2026 7:30:00 PM,RTD,8/15/2026 7:35:00 PM,CLUZ,Ru,550,
8/15/2026 7:30:00 PM,RTD,8/15/2026 7:35:00 PM,CMIN,Ru,25000,
8/15/2026 7:35:00 PM,RTD,8/15/2026 7:40:00 PM,CVIS,Dr,0,
8/15/2026 7:35:00 PM,RTD,8/15/2026 7:40:00 PM,CMIN,Dr,0,
8/15/2026 7:35:00 PM,RTD,8/15/2026 7:40:00 PM,CLUZ,Dr,5000.08,
8/15/2026 7:35:00 PM,RTD,8/15/2026 7:40:00 PM,CMIN,Fr,25000,
8/15/2026 7:35:00 PM,RTD,8/15/2026 7:40:00 PM,CVIS,Fr,0,
8/15/2026 7:35:00 PM,RTD,8/15/2026 7:40:00 PM,CLUZ,Fr,8735.34,
8/15/2026 7:35:00 PM,RTD,8/15/2026 7:40:00 PM,CVIS,Rd,2000,
8/15/2026 7:35:00 PM,RTD,8/15/2026 7:40:00 PM,CMIN,Rd,24946,
8/15/2026 7:35:00 PM,RTD,8/15/2026 7:40:00 PM,CLUZ,Rd,14447,
8/15/2026 7:35:00 PM,RTD,8/15/2026 7:40:00 PM,CVIS,Ru,25000,
8/15/2026 7:35:00 PM,RTD,8/15/2026 7:40:00 PM,CLUZ,Ru,550,
8/15/2026 7:35:00 PM,RTD,8/15/2026 7:40:00 PM,CMIN,Ru,25000,
8/15/2026 7:40:00 PM,RTD,8/15/2026 7:45:00 PM,CMIN,Dr,0,
8/15/2026 7:40:00 PM,RTD,8/15/2026 7:45:00 PM,CLUZ,Dr,5000.08,
8/15/2026 7:40:00 PM,RTD,8/15/2026 7:45:00 PM,CVIS,Dr,0,
8/15/2026 7:40:00 PM,RTD,8/15/2026 7:45:00 PM,CLUZ,Fr,8730.13,
8/15/2026 7:40:00 PM,RTD,8/15/2026 7:45:00 PM,CMIN,Fr,25000,
8/15/2026 7:40:00 PM,RTD,8/15/2026 7:45:00 PM,CVIS,Fr,0,
8/15/2026 7:40:00 PM,RTD,8/15/2026 7:45:00 PM,CMIN,Rd,24946,
8/15/2026 7:40:00 PM,RTD,8/15/2026 7:45:00 PM,CLUZ,Rd,14447,
8/15/2026 7:40:00 PM,RTD,8/15/2026 7:45:00 PM,CVIS,Rd,2001,
8/15/2026 7:40:00 PM,RTD,8/15/2026 7:45:00 PM,CMIN,Ru,25000,
8/15/2026 7:40:00 PM,RTD,8/15/2026 7:45:00 PM,CVIS,Ru,25000,
8/15/2026 7:40:00 PM,RTD,8/15/2026 7:45:00 PM,CLUZ,Ru,550,
8/15/2026 7:45:00 PM,RTD,8/15/2026 7:50:00 PM,CVIS,Dr,0,
8/15/2026 7:45:00 PM,RTD,8/15/2026 7:50:00 PM,CMIN,Dr,0,
8/15/2026 7:45:00 PM,RTD,8/15/2026 7:50:00 PM,CLUZ,Dr,5000.08,
8/15/2026 7:45:00 PM,RTD,8/15/2026 7:50:00 PM,CMIN,Fr,25000,
8/15/2026 7:45:00 PM,RTD,8/15/2026 7:50:00 PM,CVIS,Fr,0,
8/15/2026 7:45:00 PM,RTD,8/15/2026 7:50:00 PM,CLUZ,Fr,8746.65,
8/15/2026 7:45:00 PM,RTD,8/15/2026 7:50:00 PM,CVIS,Rd,19000,
8/15/2026 7:45:00 PM,RTD,8/15/2026 7:50:00 PM,CMIN,Rd,24946,
8/15/2026 7:45:00 PM,RTD,8/15/2026 7:50:00 PM,CLUZ,Rd,14447,
8/15/2026 7:45:00 PM,RTD,8/15/2026 7:50:00 PM,CVIS,Ru,25000,
8/15/2026 7:45:00 PM,RTD,8/15/2026 7:50:00 PM,CLUZ,Ru,550,
8/15/2026 7:45:00 PM,RTD,8/15/2026 7:50:00 PM,CMIN,Ru,25000,
8/15/2026 7:50:00 PM,RTD,8/15/2026 7:55:00 PM,CVIS,Dr,12500,
8/15/2026 7:50:00 PM,RTD,8/15/2026 7:55:00 PM,CMIN,Dr,0,
8/15/2026 7:50:00 PM,RTD,8/15/2026 7:55:00 PM,CLUZ,Dr,5000.08,
8/15/2026 7:50:00 PM,RTD,8/15/2026 7:55:00 PM,CMIN,Fr,25000,
8/15/2026 7:50:00 PM,RTD,8/15/2026 7:55:00 PM,CVIS,Fr,0,
8/15/2026 7:50:00 PM,RTD,8/15/2026 7:55:00 PM,CLUZ,Fr,7187.63,
8/15/2026 7:50:00 PM,RTD,8/15/2026 7:55:00 PM,CVIS,Rd,19000,
8/15/2026 7:50:00 PM,RTD,8/15/2026 7:55:00 PM,CMIN,Rd,24946,
8/15/2026 7:50:00 PM,RTD,8/15/2026 7:55:00 PM,CLUZ,Rd,14447,
8/15/2026 7:50:00 PM,RTD,8/15/2026 7:55:00 PM,CVIS,Ru,25000,
8/15/2026 7:50:00 PM,RTD,8/15/2026 7:55:00 PM,CLUZ,Ru,550,
8/15/2026 7:50:00 PM,RTD,8/15/2026 7:55:00 PM,CMIN,Ru,25000,
8/15/2026 7:55:00 PM,RTD,8/15/2026 8:00:00 PM,CVIS,Dr,0,
8/15/2026 7:55:00 PM,RTD,8/15/2026 8:00:00 PM,CMIN,Dr,0,
8/15/2026 7:55:00 PM,RTD,8/15/2026 8:00:00 PM,CLUZ,Dr,5000.08,
8/15/2026 7:55:00 PM,RTD,8/15/2026 8:00:00 PM,CMIN,Fr,25000,
8/15/2026 7:55:00 PM,RTD,8/15/2026 8:00:00 PM,CVIS,Fr,0,
8/15/2026 7:55:00 PM,RTD,8/15/2026 8:00:00 PM,CLUZ,Fr,8213.54,
8/15/2026 7:55:00 PM,RTD,8/15/2026 8:00:00 PM,CVIS,Rd,19000,
8/15/2026 7:55:00 PM,RTD,8/15/2026 8:00:00 PM,CMIN,Rd,24946,
8/15/2026 7:55:00 PM,RTD,8/15/2026 8:00:00 PM,CLUZ,Rd,14447,
8/15/2026 7:55:00 PM,RTD,8/15/2026 8:00:00 PM,CVIS,Ru,25000,
8/15/2026 7:55:00 PM,RTD,8/15/2026 8:00:00 PM,CLUZ,Ru,550,
8/15/2026 7:55:00 PM,RTD,8/15/2026 8:00:00 PM,CMIN,Ru,25000,
8/15/2026 8:00:00 PM,RTD,8/15/2026 8:05:00 PM,CVIS,Dr,0,
8/15/2026 8:00:00 PM,RTD,8/15/2026 8:05:00 PM,CMIN,Dr,0,
8/15/2026 8:00:00 PM,RTD,8/15/2026 8:05:00 PM,CLUZ,Dr,5000.08,
8/15/2026 8:00:00 PM,RTD,8/15/2026 8:05:00 PM,CLUZ,Fr,8228.11,
8/15/2026 8:00:00 PM,RTD,8/15/2026 8:05:00 PM,CMIN,Fr,25000,
8/15/2026 8:00:00 PM,RTD,8/15/2026 8:05:00 PM,CVIS,Fr,0,
8/15/2026 8:00:00 PM,RTD,8/15/2026 8:05:00 PM,CVIS,Rd,19000,
8/15/2026 8:00:00 PM,RTD,8/15/2026 8:05:00 PM,CMIN,Rd,24946,
8/15/2026 8:00:00 PM,RTD,8/15/2026 8:05:00 PM,CLUZ,Rd,14447,
8/15/2026 8:00:00 PM,RTD,8/15/2026 8:05:00 PM,CMIN,Ru,25000,
8/15/2026 8:00:00 PM,RTD,8/15/2026 8:05:00 PM,CLUZ,Ru,550,
8/15/2026 8:00:00 PM,RTD,8/15/2026 8:05:00 PM,CVIS,Ru,25000,
8/15/2026 8:05:00 PM,RTD,8/15/2026 8:10:00 PM,CVIS,Dr,0,
8/15/2026 8:05:00 PM,RTD,8/15/2026 8:10:00 PM,CLUZ,Dr,5000.08,
8/15/2026 8:05:00 PM,RTD,8/15/2026 8:10:00 PM,CMIN,Dr,0,
8/15/2026 8:05:00 PM,RTD,8/15/2026 8:10:00 PM,CVIS,Fr,0,
8/15/2026 8:05:00 PM,RTD,8/15/2026 8:10:00 PM,CLUZ,Fr,8225.61,
8/15/2026 8:05:00 PM,RTD,8/15/2026 8:10:00 PM,CMIN,Fr,25000,
8/15/2026 8:05:00 PM,RTD,8/15/2026 8:10:00 PM,CLUZ,Rd,550,
8/15/2026 8:05:00 PM,RTD,8/15/2026 8:10:00 PM,CVIS,Rd,19000,
8/15/2026 8:05:00 PM,RTD,8/15/2026 8:10:00 PM,CMIN,Rd,24946,
8/15/2026 8:05:00 PM,RTD,8/15/2026 8:10:00 PM,CLUZ,Ru,14447,
8/15/2026 8:05:00 PM,RTD,8/15/2026 8:10:00 PM,CMIN,Ru,25000,
8/15/2026 8:05:00 PM,RTD,8/15/2026 8:10:00 PM,CVIS,Ru,25000,
8/15/2026 8:10:00 PM,RTD,8/15/2026 8:15:00 PM,CLUZ,Dr,5000.08,
8/15/2026 8:10:00 PM,RTD,8/15/2026 8:15:00 PM,CVIS,Dr,0,
8/15/2026 8:10:00 PM,RTD,8/15/2026 8:15:00 PM,CMIN,Dr,0,
8/15/2026 8:10:00 PM,RTD,8/15/2026 8:15:00 PM,CVIS,Fr,0,
8/15/2026 8:10:00 PM,RTD,8/15/2026 8:15:00 PM,CMIN,Fr,25000,
8/15/2026 8:10:00 PM,RTD,8/15/2026 8:15:00 PM,CLUZ,Fr,8231.46,
8/15/2026 8:10:00 PM,RTD,8/15/2026 8:15:00 PM,CVIS,Rd,19000,
8/15/2026 8:10:00 PM,RTD,8/15/2026 8:15:00 PM,CMIN,Rd,24946,
8/15/2026 8:10:00 PM,RTD,8/15/2026 8:15:00 PM,CLUZ,Rd,14447,
8/15/2026 8:10:00 PM,RTD,8/15/2026 8:15:00 PM,CMIN,Ru,25000,
8/15/2026 8:10:00 PM,RTD,8/15/2026 8:15:00 PM,CLUZ,Ru,14500,
8/15/2026 8:10:00 PM,RTD,8/15/2026 8:15:00 PM,CVIS,Ru,25000,
8/15/2026 8:15:00 PM,RTD,8/15/2026 8:20:00 PM,CMIN,Dr,0,
8/15/2026 8:15:00 PM,RTD,8/15/2026 8:20:00 PM,CVIS,Dr,0,
8/15/2026 8:15:00 PM,RTD,8/15/2026 8:20:00 PM,CLUZ,Dr,5000.08,
8/15/2026 8:15:00 PM,RTD,8/15/2026 8:20:00 PM,CVIS,Fr,0,
8/15/2026 8:15:00 PM,RTD,8/15/2026 8:20:00 PM,CMIN,Fr,25000,
8/15/2026 8:15:00 PM,RTD,8/15/2026 8:20:00 PM,CLUZ,Fr,8221.79,
8/15/2026 8:15:00 PM,RTD,8/15/2026 8:20:00 PM,CMIN,Rd,24946,
8/15/2026 8:15:00 PM,RTD,8/15/2026 8:20:00 PM,CVIS,Rd,19998,
8/15/2026 8:15:00 PM,RTD,8/15/2026 8:20:00 PM,CLUZ,Rd,14447,
8/15/2026 8:15:00 PM,RTD,8/15/2026 8:20:00 PM,CMIN,Ru,25000,
8/15/2026 8:15:00 PM,RTD,8/15/2026 8:20:00 PM,CVIS,Ru,25000,
8/15/2026 8:15:00 PM,RTD,8/15/2026 8:20:00 PM,CLUZ,Ru,14500,
8/15/2026 8:20:00 PM,RTD,8/15/2026 8:25:00 PM,CVIS,Dr,0,
8/15/2026 8:20:00 PM,RTD,8/15/2026 8:25:00 PM,CMIN,Dr,0,
8/15/2026 8:20:00 PM,RTD,8/15/2026 8:25:00 PM,CLUZ,Dr,5000.08,
8/15/2026 8:20:00 PM,RTD,8/15/2026 8:25:00 PM,CMIN,Fr,25000,
8/15/2026 8:20:00 PM,RTD,8/15/2026 8:25:00 PM,CVIS,Fr,0,
8/15/2026 8:20:00 PM,RTD,8/15/2026 8:25:00 PM,CLUZ,Fr,8219.24,
8/15/2026 8:20:00 PM,RTD,8/15/2026 8:25:00 PM,CVIS,Rd,19998,
8/15/2026 8:20:00 PM,RTD,8/15/2026 8:25:00 PM,CMIN,Rd,24946,
8/15/2026 8:20:00 PM,RTD,8/15/2026 8:25:00 PM,CLUZ,Rd,14447,
8/15/2026 8:20:00 PM,RTD,8/15/2026 8:25:00 PM,CVIS,Ru,25000,
8/15/2026 8:20:00 PM,RTD,8/15/2026 8:25:00 PM,CLUZ,Ru,14447,
8/15/2026 8:20:00 PM,RTD,8/15/2026 8:25:00 PM,CMIN,Ru,25000,
8/15/2026 8:25:00 PM,RTD,8/15/2026 8:30:00 PM,CVIS,Dr,0,
8/15/2026 8:25:00 PM,RTD,8/15/2026 8:30:00 PM,CMIN,Dr,0,
8/15/2026 8:25:00 PM,RTD,8/15/2026 8:30:00 PM,CLUZ,Dr,5000.08,
8/15/2026 8:25:00 PM,RTD,8/15/2026 8:30:00 PM,CMIN,Fr,25000,
8/15/2026 8:25:00 PM,RTD,8/15/2026 8:30:00 PM,CVIS,Fr,0,
8/15/2026 8:25:00 PM,RTD,8/15/2026 8:30:00 PM,CLUZ,Fr,8217.96,
8/15/2026 8:25:00 PM,RTD,8/15/2026 8:30:00 PM,CVIS,Rd,19998,
8/15/2026 8:25:00 PM,RTD,8/15/2026 8:30:00 PM,CMIN,Rd,24946,
8/15/2026 8:25:00 PM,RTD,8/15/2026 8:30:00 PM,CLUZ,Rd,14447,
8/15/2026 8:25:00 PM,RTD,8/15/2026 8:30:00 PM,CVIS,Ru,25000,
8/15/2026 8:25:00 PM,RTD,8/15/2026 8:30:00 PM,CLUZ,Ru,14447,
8/15/2026 8:25:00 PM,RTD,8/15/2026 8:30:00 PM,CMIN,Ru,25000,
8/15/2026 8:30:00 PM,RTD,8/15/2026 8:35:00 PM,CVIS,Dr,0,
8/15/2026 8:30:00 PM,RTD,8/15/2026 8:35:00 PM,CMIN,Dr,0,
8/15/2026 8:30:00 PM,RTD,8/15/2026 8:35:00 PM,CLUZ,Dr,5000.08,
8/15/2026 8:30:00 PM,RTD,8/15/2026 8:35:00 PM,CMIN,Fr,25000,
8/15/2026 8:30:00 PM,RTD,8/15/2026 8:35:00 PM,CVIS,Fr,0,
8/15/2026 8:30:00 PM,RTD,8/15/2026 8:35:00 PM,CLUZ,Fr,7179.09,
8/15/2026 8:30:00 PM,RTD,8/15/2026 8:35:00 PM,CVIS,Rd,19998,
8/15/2026 8:30:00 PM,RTD,8/15/2026 8:35:00 PM,CMIN,Rd,24946,
8/15/2026 8:30:00 PM,RTD,8/15/2026 8:35:00 PM,CLUZ,Rd,14447,
8/15/2026 8:30:00 PM,RTD,8/15/2026 8:35:00 PM,CVIS,Ru,25000,
8/15/2026 8:30:00 PM,RTD,8/15/2026 8:35:00 PM,CLUZ,Ru,14447,
8/15/2026 8:30:00 PM,RTD,8/15/2026 8:35:00 PM,CMIN,Ru,25000,
8/15/2026 8:35:00 PM,RTD,8/15/2026 8:40:00 PM,CVIS,Dr,0,
8/15/2026 8:35:00 PM,RTD,8/15/2026 8:40:00 PM,CMIN,Dr,0,
8/15/2026 8:35:00 PM,RTD,8/15/2026 8:40:00 PM,CLUZ,Dr,5000.08,
8/15/2026 8:35:00 PM,RTD,8/15/2026 8:40:00 PM,CMIN,Fr,25000,
8/15/2026 8:35:00 PM,RTD,8/15/2026 8:40:00 PM,CVIS,Fr,0,
8/15/2026 8:35:00 PM,RTD,8/15/2026 8:40:00 PM,CLUZ,Fr,8223.11,
8/15/2026 8:35:00 PM,RTD,8/15/2026 8:40:00 PM,CVIS,Rd,19998,
8/15/2026 8:35:00 PM,RTD,8/15/2026 8:40:00 PM,CMIN,Rd,24946,
8/15/2026 8:35:00 PM,RTD,8/15/2026 8:40:00 PM,CLUZ,Rd,14447,
8/15/2026 8:35:00 PM,RTD,8/15/2026 8:40:00 PM,CVIS,Ru,25000,
8/15/2026 8:35:00 PM,RTD,8/15/2026 8:40:00 PM,CLUZ,Ru,14447,
8/15/2026 8:35:00 PM,RTD,8/15/2026 8:40:00 PM,CMIN,Ru,25000,
8/15/2026 8:40:00 PM,RTD,8/15/2026 8:45:00 PM,CVIS,Dr,0,
8/15/2026 8:40:00 PM,RTD,8/15/2026 8:45:00 PM,CMIN,Dr,0,
8/15/2026 8:40:00 PM,RTD,8/15/2026 8:45:00 PM,CLUZ,Dr,5000.08,
8/15/2026 8:40:00 PM,RTD,8/15/2026 8:45:00 PM,CMIN,Fr,25000,
8/15/2026 8:40:00 PM,RTD,8/15/2026 8:45:00 PM,CVIS,Fr,0,
8/15/2026 8:40:00 PM,RTD,8/15/2026 8:45:00 PM,CLUZ,Fr,7178.17,
8/15/2026 8:40:00 PM,RTD,8/15/2026 8:45:00 PM,CVIS,Rd,19998,
8/15/2026 8:40:00 PM,RTD,8/15/2026 8:45:00 PM,CMIN,Rd,24946,
8/15/2026 8:40:00 PM,RTD,8/15/2026 8:45:00 PM,CLUZ,Rd,14447,
8/15/2026 8:40:00 PM,RTD,8/15/2026 8:45:00 PM,CVIS,Ru,25000,
8/15/2026 8:40:00 PM,RTD,8/15/2026 8:45:00 PM,CLUZ,Ru,14447,
8/15/2026 8:40:00 PM,RTD,8/15/2026 8:45:00 PM,CMIN,Ru,25000,
8/15/2026 8:45:00 PM,RTD,8/15/2026 8:50:00 PM,CVIS,Dr,24989,
8/15/2026 8:45:00 PM,RTD,8/15/2026 8:50:00 PM,CMIN,Dr,0,
8/15/2026 8:45:00 PM,RTD,8/15/2026 8:50:00 PM,CLUZ,Dr,5000.08,
8/15/2026 8:45:00 PM,RTD,8/15/2026 8:50:00 PM,CMIN,Fr,25000,
8/15/2026 8:45:00 PM,RTD,8/15/2026 8:50:00 PM,CVIS,Fr,0,
8/15/2026 8:45:00 PM,RTD,8/15/2026 8:50:00 PM,CLUZ,Fr,6897.98,
8/15/2026 8:45:00 PM,RTD,8/15/2026 8:50:00 PM,CVIS,Rd,19998,
8/15/2026 8:45:00 PM,RTD,8/15/2026 8:50:00 PM,CMIN,Rd,24946,
8/15/2026 8:45:00 PM,RTD,8/15/2026 8:50:00 PM,CLUZ,Rd,14447,
8/15/2026 8:45:00 PM,RTD,8/15/2026 8:50:00 PM,CVIS,Ru,25000,
8/15/2026 8:45:00 PM,RTD,8/15/2026 8:50:00 PM,CLUZ,Ru,14447,
8/15/2026 8:45:00 PM,RTD,8/15/2026 8:50:00 PM,CMIN,Ru,25000,
8/15/2026 8:50:00 PM,RTD,8/15/2026 8:55:00 PM,CLUZ,Dr,5000.08,
8/15/2026 8:50:00 PM,RTD,8/15/2026 8:55:00 PM,CVIS,Dr,24989,
8/15/2026 8:50:00 PM,RTD,8/15/2026 8:55:00 PM,CMIN,Dr,0,
8/15/2026 8:50:00 PM,RTD,8/15/2026 8:55:00 PM,CVIS,Fr,0,
8/15/2026 8:50:00 PM,RTD,8/15/2026 8:55:00 PM,CLUZ,Fr,5000,
8/15/2026 8:50:00 PM,RTD,8/15/2026 8:55:00 PM,CMIN,Fr,25000,
8/15/2026 8:50:00 PM,RTD,8/15/2026 8:55:00 PM,CLUZ,Rd,14447,
8/15/2026 8:50:00 PM,RTD,8/15/2026 8:55:00 PM,CVIS,Rd,19998,
8/15/2026 8:50:00 PM,RTD,8/15/2026 8:55:00 PM,CMIN,Rd,24946,
8/15/2026 8:50:00 PM,RTD,8/15/2026 8:55:00 PM,CLUZ,Ru,14447,
8/15/2026 8:50:00 PM,RTD,8/15/2026 8:55:00 PM,CMIN,Ru,25000,
8/15/2026 8:50:00 PM,RTD,8/15/2026 8:55:00 PM,CVIS,Ru,25000,
8/15/2026 8:55:00 PM,RTD,8/15/2026 9:00:00 PM,CVIS,Dr,24989,
8/15/2026 8:55:00 PM,RTD,8/15/2026 9:00:00 PM,CMIN,Dr,0,
8/15/2026 8:55:00 PM,RTD,8/15/2026 9:00:00 PM,CLUZ,Dr,5000.08,
8/15/2026 8:55:00 PM,RTD,8/15/2026 9:00:00 PM,CMIN,Fr,25000,
8/15/2026 8:55:00 PM,RTD,8/15/2026 9:00:00 PM,CVIS,Fr,0,
8/15/2026 8:55:00 PM,RTD,8/15/2026 9:00:00 PM,CLUZ,Fr,5000,
8/15/2026 8:55:00 PM,RTD,8/15/2026 9:00:00 PM,CVIS,Rd,19998,
8/15/2026 8:55:00 PM,RTD,8/15/2026 9:00:00 PM,CMIN,Rd,24946,
8/15/2026 8:55:00 PM,RTD,8/15/2026 9:00:00 PM,CLUZ,Rd,14447,
8/15/2026 8:55:00 PM,RTD,8/15/2026 9:00:00 PM,CVIS,Ru,25000,
8/15/2026 8:55:00 PM,RTD,8/15/2026 9:00:00 PM,CLUZ,Ru,14447,
8/15/2026 8:55:00 PM,RTD,8/15/2026 9:00:00 PM,CMIN,Ru,25000,
8/15/2026 9:00:00 PM,RTD,8/15/2026 9:05:00 PM,CLUZ,Dr,1100,
8/15/2026 9:00:00 PM,RTD,8/15/2026 9:05:00 PM,CMIN,Dr,0,
8/15/2026 9:00:00 PM,RTD,8/15/2026 9:05:00 PM,CVIS,Dr,0,
8/15/2026 9:00:00 PM,RTD,8/15/2026 9:05:00 PM,CLUZ,Fr,10539.15,
8/15/2026 9:00:00 PM,RTD,8/15/2026 9:05:00 PM,CVIS,Fr,185,
8/15/2026 9:00:00 PM,RTD,8/15/2026 9:05:00 PM,CMIN,Fr,25000,
8/15/2026 9:00:00 PM,RTD,8/15/2026 9:05:00 PM,CVIS,Rd,19998,
8/15/2026 9:00:00 PM,RTD,8/15/2026 9:05:00 PM,CLUZ,Rd,14447,
8/15/2026 9:00:00 PM,RTD,8/15/2026 9:05:00 PM,CMIN,Rd,24946.08,
8/15/2026 9:00:00 PM,RTD,8/15/2026 9:05:00 PM,CMIN,Ru,25000,
8/15/2026 9:00:00 PM,RTD,8/15/2026 9:05:00 PM,CVIS,Ru,25000,
8/15/2026 9:00:00 PM,RTD,8/15/2026 9:05:00 PM,CLUZ,Ru,18900,
8/15/2026 9:05:00 PM,RTD,8/15/2026 9:10:00 PM,CMIN,Dr,0,
8/15/2026 9:05:00 PM,RTD,8/15/2026 9:10:00 PM,CLUZ,Dr,1100,
8/15/2026 9:05:00 PM,RTD,8/15/2026 9:10:00 PM,CVIS,Dr,0,
8/15/2026 9:05:00 PM,RTD,8/15/2026 9:10:00 PM,CVIS,Fr,185,
8/15/2026 9:05:00 PM,RTD,8/15/2026 9:10:00 PM,CLUZ,Fr,2050,
8/15/2026 9:05:00 PM,RTD,8/15/2026 9:10:00 PM,CMIN,Fr,25000,
8/15/2026 9:05:00 PM,RTD,8/15/2026 9:10:00 PM,CMIN,Rd,24997.09,
8/15/2026 9:05:00 PM,RTD,8/15/2026 9:10:00 PM,CLUZ,Rd,14447,
8/15/2026 9:05:00 PM,RTD,8/15/2026 9:10:00 PM,CVIS,Rd,19998,
8/15/2026 9:05:00 PM,RTD,8/15/2026 9:10:00 PM,CMIN,Ru,25000,
8/15/2026 9:05:00 PM,RTD,8/15/2026 9:10:00 PM,CLUZ,Ru,18900,
8/15/2026 9:05:00 PM,RTD,8/15/2026 9:10:00 PM,CVIS,Ru,25000,
8/15/2026 9:10:00 PM,RTD,8/15/2026 9:15:00 PM,CLUZ,Dr,1100,
8/15/2026 9:10:00 PM,RTD,8/15/2026 9:15:00 PM,CVIS,Dr,0,
8/15/2026 9:10:00 PM,RTD,8/15/2026 9:15:00 PM,CMIN,Dr,0,
8/15/2026 9:10:00 PM,RTD,8/15/2026 9:15:00 PM,CLUZ,Fr,2000,
8/15/2026 9:10:00 PM,RTD,8/15/2026 9:15:00 PM,CMIN,Fr,25000,
8/15/2026 9:10:00 PM,RTD,8/15/2026 9:15:00 PM,CVIS,Fr,185,
8/15/2026 9:10:00 PM,RTD,8/15/2026 9:15:00 PM,CMIN,Rd,24946.08,
8/15/2026 9:10:00 PM,RTD,8/15/2026 9:15:00 PM,CLUZ,Rd,14447,
8/15/2026 9:10:00 PM,RTD,8/15/2026 9:15:00 PM,CVIS,Rd,19998,
8/15/2026 9:10:00 PM,RTD,8/15/2026 9:15:00 PM,CMIN,Ru,25000,
8/15/2026 9:10:00 PM,RTD,8/15/2026 9:15:00 PM,CLUZ,Ru,18900,
8/15/2026 9:10:00 PM,RTD,8/15/2026 9:15:00 PM,CVIS,Ru,25000,
8/15/2026 9:15:00 PM,RTD,8/15/2026 9:20:00 PM,CLUZ,Dr,1600,
8/15/2026 9:15:00 PM,RTD,8/15/2026 9:20:00 PM,CMIN,Dr,0,
8/15/2026 9:15:00 PM,RTD,8/15/2026 9:20:00 PM,CVIS,Dr,24689,
8/15/2026 9:15:00 PM,RTD,8/15/2026 9:20:00 PM,CVIS,Fr,185,
8/15/2026 9:15:00 PM,RTD,8/15/2026 9:20:00 PM,CMIN,Fr,25000,
8/15/2026 9:15:00 PM,RTD,8/15/2026 9:20:00 PM,CLUZ,Fr,1950,
8/15/2026 9:15:00 PM,RTD,8/15/2026 9:20:00 PM,CVIS,Rd,19998,
8/15/2026 9:15:00 PM,RTD,8/15/2026 9:20:00 PM,CLUZ,Rd,14447,
8/15/2026 9:15:00 PM,RTD,8/15/2026 9:20:00 PM,CMIN,Rd,24946.08,
8/15/2026 9:15:00 PM,RTD,8/15/2026 9:20:00 PM,CVIS,Ru,25000,
8/15/2026 9:15:00 PM,RTD,8/15/2026 9:20:00 PM,CMIN,Ru,25000,
8/15/2026 9:15:00 PM,RTD,8/15/2026 9:20:00 PM,CLUZ,Ru,18900,
8/15/2026 9:20:00 PM,RTD,8/15/2026 9:25:00 PM,CMIN,Dr,0,
8/15/2026 9:20:00 PM,RTD,8/15/2026 9:25:00 PM,CVIS,Dr,24689,
8/15/2026 9:20:00 PM,RTD,8/15/2026 9:25:00 PM,CLUZ,Dr,1600,
8/15/2026 9:20:00 PM,RTD,8/15/2026 9:25:00 PM,CLUZ,Fr,1900,
8/15/2026 9:20:00 PM,RTD,8/15/2026 9:25:00 PM,CVIS,Fr,185,
8/15/2026 9:20:00 PM,RTD,8/15/2026 9:25:00 PM,CMIN,Fr,25000,
8/15/2026 9:20:00 PM,RTD,8/15/2026 9:25:00 PM,CLUZ,Rd,14447,
8/15/2026 9:20:00 PM,RTD,8/15/2026 9:25:00 PM,CMIN,Rd,24946.08,
8/15/2026 9:20:00 PM,RTD,8/15/2026 9:25:00 PM,CVIS,Rd,19998,
8/15/2026 9:20:00 PM,RTD,8/15/2026 9:25:00 PM,CVIS,Ru,25000,
8/15/2026 9:20:00 PM,RTD,8/15/2026 9:25:00 PM,CLUZ,Ru,14500,
8/15/2026 9:20:00 PM,RTD,8/15/2026 9:25:00 PM,CMIN,Ru,25000,
8/15/2026 9:25:00 PM,RTD,8/15/2026 9:30:00 PM,CVIS,Dr,24689,
8/15/2026 9:25:00 PM,RTD,8/15/2026 9:30:00 PM,CMIN,Dr,0,
8/15/2026 9:25:00 PM,RTD,8/15/2026 9:30:00 PM,CLUZ,Dr,1600,
8/15/2026 9:25:00 PM,RTD,8/15/2026 9:30:00 PM,CMIN,Fr,25000,
8/15/2026 9:25:00 PM,RTD,8/15/2026 9:30:00 PM,CVIS,Fr,185,
8/15/2026 9:25:00 PM,RTD,8/15/2026 9:30:00 PM,CLUZ,Fr,1130,
8/15/2026 9:25:00 PM,RTD,8/15/2026 9:30:00 PM,CVIS,Rd,19998,
8/15/2026 9:25:00 PM,RTD,8/15/2026 9:30:00 PM,CMIN,Rd,24997.09,
8/15/2026 9:25:00 PM,RTD,8/15/2026 9:30:00 PM,CLUZ,Rd,14447,
8/15/2026 9:25:00 PM,RTD,8/15/2026 9:30:00 PM,CVIS,Ru,25000,
8/15/2026 9:25:00 PM,RTD,8/15/2026 9:30:00 PM,CLUZ,Ru,14500,
8/15/2026 9:25:00 PM,RTD,8/15/2026 9:30:00 PM,CMIN,Ru,25000,
8/15/2026 9:30:00 PM,RTD,8/15/2026 9:35:00 PM,CVIS,Dr,0,
8/15/2026 9:30:00 PM,RTD,8/15/2026 9:35:00 PM,CMIN,Dr,0,
8/15/2026 9:30:00 PM,RTD,8/15/2026 9:35:00 PM,CLUZ,Dr,1600,
8/15/2026 9:30:00 PM,RTD,8/15/2026 9:35:00 PM,CMIN,Fr,25000,
8/15/2026 9:30:00 PM,RTD,8/15/2026 9:35:00 PM,CVIS,Fr,185,
8/15/2026 9:30:00 PM,RTD,8/15/2026 9:35:00 PM,CLUZ,Fr,1700,
8/15/2026 9:30:00 PM,RTD,8/15/2026 9:35:00 PM,CVIS,Rd,19998,
8/15/2026 9:30:00 PM,RTD,8/15/2026 9:35:00 PM,CMIN,Rd,24946.08,
8/15/2026 9:30:00 PM,RTD,8/15/2026 9:35:00 PM,CLUZ,Rd,14447,
8/15/2026 9:30:00 PM,RTD,8/15/2026 9:35:00 PM,CVIS,Ru,25000,
8/15/2026 9:30:00 PM,RTD,8/15/2026 9:35:00 PM,CLUZ,Ru,18900,
8/15/2026 9:30:00 PM,RTD,8/15/2026 9:35:00 PM,CMIN,Ru,25000,
8/15/2026 9:35:00 PM,RTD,8/15/2026 9:40:00 PM,CVIS,Dr,0,
8/15/2026 9:35:00 PM,RTD,8/15/2026 9:40:00 PM,CMIN,Dr,0,
8/15/2026 9:35:00 PM,RTD,8/15/2026 9:40:00 PM,CLUZ,Dr,2000.08,
8/15/2026 9:35:00 PM,RTD,8/15/2026 9:40:00 PM,CMIN,Fr,25000,
8/15/2026 9:35:00 PM,RTD,8/15/2026 9:40:00 PM,CVIS,Fr,185,
8/15/2026 9:35:00 PM,RTD,8/15/2026 9:40:00 PM,CLUZ,Fr,2000,
8/15/2026 9:35:00 PM,RTD,8/15/2026 9:40:00 PM,CVIS,Rd,19998,
8/15/2026 9:35:00 PM,RTD,8/15/2026 9:40:00 PM,CMIN,Rd,24946.08,
8/15/2026 9:35:00 PM,RTD,8/15/2026 9:40:00 PM,CLUZ,Rd,14447,
8/15/2026 9:35:00 PM,RTD,8/15/2026 9:40:00 PM,CVIS,Ru,25000,
8/15/2026 9:35:00 PM,RTD,8/15/2026 9:40:00 PM,CLUZ,Ru,18900,
8/15/2026 9:35:00 PM,RTD,8/15/2026 9:40:00 PM,CMIN,Ru,25000,
8/15/2026 9:40:00 PM,RTD,8/15/2026 9:45:00 PM,CVIS,Dr,0,
8/15/2026 9:40:00 PM,RTD,8/15/2026 9:45:00 PM,CMIN,Dr,0,
8/15/2026 9:40:00 PM,RTD,8/15/2026 9:45:00 PM,CLUZ,Dr,2000.08,
8/15/2026 9:40:00 PM,RTD,8/15/2026 9:45:00 PM,CMIN,Fr,25000,
8/15/2026 9:40:00 PM,RTD,8/15/2026 9:45:00 PM,CVIS,Fr,185,
8/15/2026 9:40:00 PM,RTD,8/15/2026 9:45:00 PM,CLUZ,Fr,2050,
8/15/2026 9:40:00 PM,RTD,8/15/2026 9:45:00 PM,CVIS,Rd,19998,
8/15/2026 9:40:00 PM,RTD,8/15/2026 9:45:00 PM,CMIN,Rd,24946,
8/15/2026 9:40:00 PM,RTD,8/15/2026 9:45:00 PM,CLUZ,Rd,14447,
8/15/2026 9:40:00 PM,RTD,8/15/2026 9:45:00 PM,CVIS,Ru,25000,
8/15/2026 9:40:00 PM,RTD,8/15/2026 9:45:00 PM,CLUZ,Ru,18900,
8/15/2026 9:40:00 PM,RTD,8/15/2026 9:45:00 PM,CMIN,Ru,25000,
8/15/2026 9:45:00 PM,RTD,8/15/2026 9:50:00 PM,CVIS,Dr,0,
8/15/2026 9:45:00 PM,RTD,8/15/2026 9:50:00 PM,CMIN,Dr,0,
8/15/2026 9:45:00 PM,RTD,8/15/2026 9:50:00 PM,CLUZ,Dr,2000.08,
8/15/2026 9:45:00 PM,RTD,8/15/2026 9:50:00 PM,CMIN,Fr,25000,
8/15/2026 9:45:00 PM,RTD,8/15/2026 9:50:00 PM,CVIS,Fr,185,
8/15/2026 9:45:00 PM,RTD,8/15/2026 9:50:00 PM,CLUZ,Fr,2092.44,
8/15/2026 9:45:00 PM,RTD,8/15/2026 9:50:00 PM,CVIS,Rd,19998,
8/15/2026 9:45:00 PM,RTD,8/15/2026 9:50:00 PM,CMIN,Rd,24946,
8/15/2026 9:45:00 PM,RTD,8/15/2026 9:50:00 PM,CLUZ,Rd,14447,
8/15/2026 9:45:00 PM,RTD,8/15/2026 9:50:00 PM,CVIS,Ru,25000,
8/15/2026 9:45:00 PM,RTD,8/15/2026 9:50:00 PM,CLUZ,Ru,18900,
8/15/2026 9:45:00 PM,RTD,8/15/2026 9:50:00 PM,CMIN,Ru,25000,
8/15/2026 9:50:00 PM,RTD,8/15/2026 9:55:00 PM,CVIS,Dr,0,
8/15/2026 9:50:00 PM,RTD,8/15/2026 9:55:00 PM,CMIN,Dr,0,
8/15/2026 9:50:00 PM,RTD,8/15/2026 9:55:00 PM,CLUZ,Dr,2000.08,
8/15/2026 9:50:00 PM,RTD,8/15/2026 9:55:00 PM,CMIN,Fr,25000,
8/15/2026 9:50:00 PM,RTD,8/15/2026 9:55:00 PM,CVIS,Fr,185,
8/15/2026 9:50:00 PM,RTD,8/15/2026 9:55:00 PM,CLUZ,Fr,4713.56,
8/15/2026 9:50:00 PM,RTD,8/15/2026 9:55:00 PM,CVIS,Rd,19998,
8/15/2026 9:50:00 PM,RTD,8/15/2026 9:55:00 PM,CMIN,Rd,24946,
8/15/2026 9:50:00 PM,RTD,8/15/2026 9:55:00 PM,CLUZ,Rd,14447,
8/15/2026 9:50:00 PM,RTD,8/15/2026 9:55:00 PM,CVIS,Ru,25000,
8/15/2026 9:50:00 PM,RTD,8/15/2026 9:55:00 PM,CLUZ,Ru,18900,
8/15/2026 9:50:00 PM,RTD,8/15/2026 9:55:00 PM,CMIN,Ru,25000,
8/15/2026 9:55:00 PM,RTD,8/15/2026 10:00:00 PM,CVIS,Dr,0,
8/15/2026 9:55:00 PM,RTD,8/15/2026 10:00:00 PM,CMIN,Dr,0,
8/15/2026 9:55:00 PM,RTD,8/15/2026 10:00:00 PM,CLUZ,Dr,2000.08,
8/15/2026 9:55:00 PM,RTD,8/15/2026 10:00:00 PM,CMIN,Fr,25000,
8/15/2026 9:55:00 PM,RTD,8/15/2026 10:00:00 PM,CVIS,Fr,23668.45,
8/15/2026 9:55:00 PM,RTD,8/15/2026 10:00:00 PM,CLUZ,Fr,2691.49,
8/15/2026 9:55:00 PM,RTD,8/15/2026 10:00:00 PM,CVIS,Rd,19998,
8/15/2026 9:55:00 PM,RTD,8/15/2026 10:00:00 PM,CMIN,Rd,24946,
8/15/2026 9:55:00 PM,RTD,8/15/2026 10:00:00 PM,CLUZ,Rd,18900,
8/15/2026 9:55:00 PM,RTD,8/15/2026 10:00:00 PM,CVIS,Ru,25000,
8/15/2026 9:55:00 PM,RTD,8/15/2026 10:00:00 PM,CLUZ,Ru,18900,
8/15/2026 9:55:00 PM,RTD,8/15/2026 10:00:00 PM,CMIN,Ru,25000,
8/15/2026 10:00:00 PM,RTD,8/15/2026 10:05:00 PM,CMIN,Dr,0,
8/15/2026 10:00:00 PM,RTD,8/15/2026 10:05:00 PM,CVIS,Dr,0,
8/15/2026 10:00:00 PM,RTD,8/15/2026 10:05:00 PM,CLUZ,Dr,2000.08,
8/15/2026 10:00:00 PM,RTD,8/15/2026 10:05:00 PM,CMIN,Fr,25000,
8/15/2026 10:00:00 PM,RTD,8/15/2026 10:05:00 PM,CLUZ,Fr,2424.03,
8/15/2026 10:00:00 PM,RTD,8/15/2026 10:05:00 PM,CVIS,Fr,25000,
8/15/2026 10:00:00 PM,RTD,8/15/2026 10:05:00 PM,CVIS,Rd,19998,
8/15/2026 10:00:00 PM,RTD,8/15/2026 10:05:00 PM,CMIN,Rd,24946,
8/15/2026 10:00:00 PM,RTD,8/15/2026 10:05:00 PM,CLUZ,Rd,14447,
8/15/2026 10:00:00 PM,RTD,8/15/2026 10:05:00 PM,CVIS,Ru,25000,
8/15/2026 10:00:00 PM,RTD,8/15/2026 10:05:00 PM,CLUZ,Ru,14447,
8/15/2026 10:00:00 PM,RTD,8/15/2026 10:05:00 PM,CMIN,Ru,19199.02,
8/15/2026 10:05:00 PM,RTD,8/15/2026 10:10:00 PM,CMIN,Dr,0,
8/15/2026 10:05:00 PM,RTD,8/15/2026 10:10:00 PM,CLUZ,Dr,2000.08,
8/15/2026 10:05:00 PM,RTD,8/15/2026 10:10:00 PM,CVIS,Dr,0,
8/15/2026 10:05:00 PM,RTD,8/15/2026 10:10:00 PM,CMIN,Fr,25000,
8/15/2026 10:05:00 PM,RTD,8/15/2026 10:10:00 PM,CVIS,Fr,23010.99,
8/15/2026 10:05:00 PM,RTD,8/15/2026 10:10:00 PM,CLUZ,Fr,3669.63,
8/15/2026 10:05:00 PM,RTD,8/15/2026 10:10:00 PM,CVIS,Rd,19998,
8/15/2026 10:05:00 PM,RTD,8/15/2026 10:10:00 PM,CMIN,Rd,24946,
8/15/2026 10:05:00 PM,RTD,8/15/2026 10:10:00 PM,CLUZ,Rd,14447,
8/15/2026 10:05:00 PM,RTD,8/15/2026 10:10:00 PM,CVIS,Ru,25000,
8/15/2026 10:05:00 PM,RTD,8/15/2026 10:10:00 PM,CMIN,Ru,25000,
8/15/2026 10:05:00 PM,RTD,8/15/2026 10:10:00 PM,CLUZ,Ru,14447,
8/15/2026 10:10:00 PM,RTD,8/15/2026 10:15:00 PM,CMIN,Dr,0,
8/15/2026 10:10:00 PM,RTD,8/15/2026 10:15:00 PM,CVIS,Dr,0,
8/15/2026 10:10:00 PM,RTD,8/15/2026 10:15:00 PM,CLUZ,Dr,2000.08,
8/15/2026 10:10:00 PM,RTD,8/15/2026 10:15:00 PM,CLUZ,Fr,4495.16,
8/15/2026 10:10:00 PM,RTD,8/15/2026 10:15:00 PM,CVIS,Fr,25000,
8/15/2026 10:10:00 PM,RTD,8/15/2026 10:15:00 PM,CMIN,Fr,25000,
8/15/2026 10:10:00 PM,RTD,8/15/2026 10:15:00 PM,CLUZ,Rd,14447,
8/15/2026 10:10:00 PM,RTD,8/15/2026 10:15:00 PM,CVIS,Rd,19998,
8/15/2026 10:10:00 PM,RTD,8/15/2026 10:15:00 PM,CMIN,Rd,24946,
8/15/2026 10:10:00 PM,RTD,8/15/2026 10:15:00 PM,CVIS,Ru,25000,
8/15/2026 10:10:00 PM,RTD,8/15/2026 10:15:00 PM,CLUZ,Ru,14447,
8/15/2026 10:10:00 PM,RTD,8/15/2026 10:15:00 PM,CMIN,Ru,19370.65,
8/15/2026 10:15:00 PM,RTD,8/15/2026 10:20:00 PM,CMIN,Dr,0,
8/15/2026 10:15:00 PM,RTD,8/15/2026 10:20:00 PM,CLUZ,Dr,2000.08,
8/15/2026 10:15:00 PM,RTD,8/15/2026 10:20:00 PM,CVIS,Dr,12500,
8/15/2026 10:15:00 PM,RTD,8/15/2026 10:20:00 PM,CMIN,Fr,25000,
8/15/2026 10:15:00 PM,RTD,8/15/2026 10:20:00 PM,CLUZ,Fr,3510.78,
8/15/2026 10:15:00 PM,RTD,8/15/2026 10:20:00 PM,CVIS,Fr,25000,
8/15/2026 10:15:00 PM,RTD,8/15/2026 10:20:00 PM,CVIS,Rd,2000,
8/15/2026 10:15:00 PM,RTD,8/15/2026 10:20:00 PM,CLUZ,Rd,14447,
8/15/2026 10:15:00 PM,RTD,8/15/2026 10:20:00 PM,CMIN,Rd,24946,
8/15/2026 10:15:00 PM,RTD,8/15/2026 10:20:00 PM,CMIN,Ru,22424.65,
8/15/2026 10:15:00 PM,RTD,8/15/2026 10:20:00 PM,CLUZ,Ru,14447,
8/15/2026 10:15:00 PM,RTD,8/15/2026 10:20:00 PM,CVIS,Ru,25000,
8/15/2026 10:20:00 PM,RTD,8/15/2026 10:25:00 PM,CLUZ,Dr,2000.08,
8/15/2026 10:20:00 PM,RTD,8/15/2026 10:25:00 PM,CMIN,Dr,0,
8/15/2026 10:20:00 PM,RTD,8/15/2026 10:25:00 PM,CVIS,Dr,25000,
8/15/2026 10:20:00 PM,RTD,8/15/2026 10:25:00 PM,CMIN,Fr,25000,
8/15/2026 10:20:00 PM,RTD,8/15/2026 10:25:00 PM,CLUZ,Fr,3244.25,
8/15/2026 10:20:00 PM,RTD,8/15/2026 10:25:00 PM,CVIS,Fr,25000,
8/15/2026 10:20:00 PM,RTD,8/15/2026 10:25:00 PM,CLUZ,Rd,14447,
8/15/2026 10:20:00 PM,RTD,8/15/2026 10:25:00 PM,CMIN,Rd,24946,
8/15/2026 10:20:00 PM,RTD,8/15/2026 10:25:00 PM,CVIS,Rd,2000,
8/15/2026 10:20:00 PM,RTD,8/15/2026 10:25:00 PM,CLUZ,Ru,14447,
8/15/2026 10:20:00 PM,RTD,8/15/2026 10:25:00 PM,CMIN,Ru,25000,
8/15/2026 10:20:00 PM,RTD,8/15/2026 10:25:00 PM,CVIS,Ru,25000,
8/15/2026 10:25:00 PM,RTD,8/15/2026 10:30:00 PM,CVIS,Dr,25000,
8/15/2026 10:25:00 PM,RTD,8/15/2026 10:30:00 PM,CMIN,Dr,0,
8/15/2026 10:25:00 PM,RTD,8/15/2026 10:30:00 PM,CLUZ,Dr,2000.08,
8/15/2026 10:25:00 PM,RTD,8/15/2026 10:30:00 PM,CMIN,Fr,25000,
8/15/2026 10:25:00 PM,RTD,8/15/2026 10:30:00 PM,CVIS,Fr,25000,
8/15/2026 10:25:00 PM,RTD,8/15/2026 10:30:00 PM,CLUZ,Fr,2150,
8/15/2026 10:25:00 PM,RTD,8/15/2026 10:30:00 PM,CVIS,Rd,19998,
8/15/2026 10:25:00 PM,RTD,8/15/2026 10:30:00 PM,CMIN,Rd,24946,
8/15/2026 10:25:00 PM,RTD,8/15/2026 10:30:00 PM,CLUZ,Rd,14447,
8/15/2026 10:25:00 PM,RTD,8/15/2026 10:30:00 PM,CVIS,Ru,25000,
8/15/2026 10:25:00 PM,RTD,8/15/2026 10:30:00 PM,CLUZ,Ru,14447,
8/15/2026 10:25:00 PM,RTD,8/15/2026 10:30:00 PM,CMIN,Ru,25000,
8/15/2026 10:30:00 PM,RTD,8/15/2026 10:35:00 PM,CVIS,Dr,10040.36,
8/15/2026 10:30:00 PM,RTD,8/15/2026 10:35:00 PM,CMIN,Dr,0,
8/15/2026 10:30:00 PM,RTD,8/15/2026 10:35:00 PM,CLUZ,Dr,2000.08,
8/15/2026 10:30:00 PM,RTD,8/15/2026 10:35:00 PM,CMIN,Fr,25000,
8/15/2026 10:30:00 PM,RTD,8/15/2026 10:35:00 PM,CVIS,Fr,25000,
8/15/2026 10:30:00 PM,RTD,8/15/2026 10:35:00 PM,CLUZ,Fr,3514.67,
8/15/2026 10:30:00 PM,RTD,8/15/2026 10:35:00 PM,CVIS,Rd,19998,
8/15/2026 10:30:00 PM,RTD,8/15/2026 10:35:00 PM,CMIN,Rd,24946,
8/15/2026 10:30:00 PM,RTD,8/15/2026 10:35:00 PM,CLUZ,Rd,14447,
8/15/2026 10:30:00 PM,RTD,8/15/2026 10:35:00 PM,CVIS,Ru,16310.11,
8/15/2026 10:30:00 PM,RTD,8/15/2026 10:35:00 PM,CLUZ,Ru,14447,
8/15/2026 10:30:00 PM,RTD,8/15/2026 10:35:00 PM,CMIN,Ru,19251.94,
8/15/2026 10:35:00 PM,RTD,8/15/2026 10:40:00 PM,CVIS,Dr,25000,
8/15/2026 10:35:00 PM,RTD,8/15/2026 10:40:00 PM,CMIN,Dr,0,
8/15/2026 10:35:00 PM,RTD,8/15/2026 10:40:00 PM,CLUZ,Dr,2000.08,
8/15/2026 10:35:00 PM,RTD,8/15/2026 10:40:00 PM,CMIN,Fr,25000,
8/15/2026 10:35:00 PM,RTD,8/15/2026 10:40:00 PM,CVIS,Fr,25000,
8/15/2026 10:35:00 PM,RTD,8/15/2026 10:40:00 PM,CLUZ,Fr,2100,
8/15/2026 10:35:00 PM,RTD,8/15/2026 10:40:00 PM,CVIS,Rd,19998,
8/15/2026 10:35:00 PM,RTD,8/15/2026 10:40:00 PM,CMIN,Rd,24946,
8/15/2026 10:35:00 PM,RTD,8/15/2026 10:40:00 PM,CLUZ,Rd,14447,
8/15/2026 10:35:00 PM,RTD,8/15/2026 10:40:00 PM,CVIS,Ru,25000,
8/15/2026 10:35:00 PM,RTD,8/15/2026 10:40:00 PM,CLUZ,Ru,14447,
8/15/2026 10:35:00 PM,RTD,8/15/2026 10:40:00 PM,CMIN,Ru,25000,
8/15/2026 10:40:00 PM,RTD,8/15/2026 10:45:00 PM,CVIS,Dr,25000,
8/15/2026 10:40:00 PM,RTD,8/15/2026 10:45:00 PM,CMIN,Dr,23139.13,
8/15/2026 10:40:00 PM,RTD,8/15/2026 10:45:00 PM,CLUZ,Dr,2000.08,
8/15/2026 10:40:00 PM,RTD,8/15/2026 10:45:00 PM,CMIN,Fr,25000,
8/15/2026 10:40:00 PM,RTD,8/15/2026 10:45:00 PM,CVIS,Fr,25000,
8/15/2026 10:40:00 PM,RTD,8/15/2026 10:45:00 PM,CLUZ,Fr,2150,
8/15/2026 10:40:00 PM,RTD,8/15/2026 10:45:00 PM,CVIS,Rd,19998,
8/15/2026 10:40:00 PM,RTD,8/15/2026 10:45:00 PM,CMIN,Rd,24946,
8/15/2026 10:40:00 PM,RTD,8/15/2026 10:45:00 PM,CLUZ,Rd,14447,
8/15/2026 10:40:00 PM,RTD,8/15/2026 10:45:00 PM,CVIS,Ru,25000,
8/15/2026 10:40:00 PM,RTD,8/15/2026 10:45:00 PM,CLUZ,Ru,14447,
8/15/2026 10:40:00 PM,RTD,8/15/2026 10:45:00 PM,CMIN,Ru,25000,
8/15/2026 10:45:00 PM,RTD,8/15/2026 10:50:00 PM,CVIS,Dr,25000,
8/15/2026 10:45:00 PM,RTD,8/15/2026 10:50:00 PM,CMIN,Dr,25000,
8/15/2026 10:45:00 PM,RTD,8/15/2026 10:50:00 PM,CLUZ,Dr,2000.08,
8/15/2026 10:45:00 PM,RTD,8/15/2026 10:50:00 PM,CMIN,Fr,25000,
8/15/2026 10:45:00 PM,RTD,8/15/2026 10:50:00 PM,CVIS,Fr,25000,
8/15/2026 10:45:00 PM,RTD,8/15/2026 10:50:00 PM,CLUZ,Fr,2150,
8/15/2026 10:45:00 PM,RTD,8/15/2026 10:50:00 PM,CVIS,Rd,19998,
8/15/2026 10:45:00 PM,RTD,8/15/2026 10:50:00 PM,CMIN,Rd,24946,
8/15/2026 10:45:00 PM,RTD,8/15/2026 10:50:00 PM,CLUZ,Rd,14447,
8/15/2026 10:45:00 PM,RTD,8/15/2026 10:50:00 PM,CVIS,Ru,25000,
8/15/2026 10:45:00 PM,RTD,8/15/2026 10:50:00 PM,CLUZ,Ru,14447,
8/15/2026 10:45:00 PM,RTD,8/15/2026 10:50:00 PM,CMIN,Ru,25000,
8/15/2026 10:50:00 PM,RTD,8/15/2026 10:55:00 PM,CLUZ,Dr,2000.08,
8/15/2026 10:50:00 PM,RTD,8/15/2026 10:55:00 PM,CVIS,Dr,25000,
8/15/2026 10:50:00 PM,RTD,8/15/2026 10:55:00 PM,CMIN,Dr,25000,
8/15/2026 10:50:00 PM,RTD,8/15/2026 10:55:00 PM,CVIS,Fr,25000,
8/15/2026 10:50:00 PM,RTD,8/15/2026 10:55:00 PM,CLUZ,Fr,2150,
8/15/2026 10:50:00 PM,RTD,8/15/2026 10:55:00 PM,CMIN,Fr,25000,
8/15/2026 10:50:00 PM,RTD,8/15/2026 10:55:00 PM,CLUZ,Rd,14447,
8/15/2026 10:50:00 PM,RTD,8/15/2026 10:55:00 PM,CVIS,Rd,19998,
8/15/2026 10:50:00 PM,RTD,8/15/2026 10:55:00 PM,CMIN,Rd,24946,
8/15/2026 10:50:00 PM,RTD,8/15/2026 10:55:00 PM,CLUZ,Ru,14447,
8/15/2026 10:50:00 PM,RTD,8/15/2026 10:55:00 PM,CMIN,Ru,25000,
8/15/2026 10:50:00 PM,RTD,8/15/2026 10:55:00 PM,CVIS,Ru,25000,
8/15/2026 10:55:00 PM,RTD,8/15/2026 11:00:00 PM,CVIS,Dr,25000,
8/15/2026 10:55:00 PM,RTD,8/15/2026 11:00:00 PM,CMIN,Dr,25000,
8/15/2026 10:55:00 PM,RTD,8/15/2026 11:00:00 PM,CLUZ,Dr,2000.08,
8/15/2026 10:55:00 PM,RTD,8/15/2026 11:00:00 PM,CMIN,Fr,25000,
8/15/2026 10:55:00 PM,RTD,8/15/2026 11:00:00 PM,CVIS,Fr,25000,
8/15/2026 10:55:00 PM,RTD,8/15/2026 11:00:00 PM,CLUZ,Fr,2150,
8/15/2026 10:55:00 PM,RTD,8/15/2026 11:00:00 PM,CVIS,Rd,19998,
8/15/2026 10:55:00 PM,RTD,8/15/2026 11:00:00 PM,CMIN,Rd,24946,
8/15/2026 10:55:00 PM,RTD,8/15/2026 11:00:00 PM,CLUZ,Rd,14447,
8/15/2026 10:55:00 PM,RTD,8/15/2026 11:00:00 PM,CVIS,Ru,25000,
8/15/2026 10:55:00 PM,RTD,8/15/2026 11:00:00 PM,CLUZ,Ru,14447,
8/15/2026 10:55:00 PM,RTD,8/15/2026 11:00:00 PM,CMIN,Ru,25000,
8/15/2026 11:00:00 PM,RTD,8/15/2026 11:05:00 PM,CMIN,Dr,25000,
8/15/2026 11:00:00 PM,RTD,8/15/2026 11:05:00 PM,CVIS,Dr,25000,
8/15/2026 11:00:00 PM,RTD,8/15/2026 11:05:00 PM,CLUZ,Dr,800,
8/15/2026 11:00:00 PM,RTD,8/15/2026 11:05:00 PM,CMIN,Fr,25000,
8/15/2026 11:00:00 PM,RTD,8/15/2026 11:05:00 PM,CLUZ,Fr,2250,
8/15/2026 11:00:00 PM,RTD,8/15/2026 11:05:00 PM,CVIS,Fr,25000,
8/15/2026 11:00:00 PM,RTD,8/15/2026 11:05:00 PM,CVIS,Rd,19998,
8/15/2026 11:00:00 PM,RTD,8/15/2026 11:05:00 PM,CLUZ,Rd,14447,
8/15/2026 11:00:00 PM,RTD,8/15/2026 11:05:00 PM,CMIN,Rd,24946,
8/15/2026 11:00:00 PM,RTD,8/15/2026 11:05:00 PM,CLUZ,Ru,550,
8/15/2026 11:00:00 PM,RTD,8/15/2026 11:05:00 PM,CMIN,Ru,25000,
8/15/2026 11:00:00 PM,RTD,8/15/2026 11:05:00 PM,CVIS,Ru,25000,
8/15/2026 11:05:00 PM,RTD,8/15/2026 11:10:00 PM,CVIS,Dr,25000,
8/15/2026 11:05:00 PM,RTD,8/15/2026 11:10:00 PM,CMIN,Dr,25000,
8/15/2026 11:05:00 PM,RTD,8/15/2026 11:10:00 PM,CLUZ,Dr,800,
8/15/2026 11:05:00 PM,RTD,8/15/2026 11:10:00 PM,CVIS,Fr,25000,
8/15/2026 11:05:00 PM,RTD,8/15/2026 11:10:00 PM,CLUZ,Fr,2963.39,
8/15/2026 11:05:00 PM,RTD,8/15/2026 11:10:00 PM,CMIN,Fr,25000,
8/15/2026 11:05:00 PM,RTD,8/15/2026 11:10:00 PM,CMIN,Rd,24946,
8/15/2026 11:05:00 PM,RTD,8/15/2026 11:10:00 PM,CVIS,Rd,19998,
8/15/2026 11:05:00 PM,RTD,8/15/2026 11:10:00 PM,CLUZ,Rd,14447,
8/15/2026 11:05:00 PM,RTD,8/15/2026 11:10:00 PM,CMIN,Ru,25000,
8/15/2026 11:05:00 PM,RTD,8/15/2026 11:10:00 PM,CLUZ,Ru,550,
8/15/2026 11:05:00 PM,RTD,8/15/2026 11:10:00 PM,CVIS,Ru,25000,
8/15/2026 11:10:00 PM,RTD,8/15/2026 11:15:00 PM,CLUZ,Dr,800,
8/15/2026 11:10:00 PM,RTD,8/15/2026 11:15:00 PM,CVIS,Dr,21234.13,
8/15/2026 11:10:00 PM,RTD,8/15/2026 11:15:00 PM,CMIN,Dr,14729.77,
8/15/2026 11:10:00 PM,RTD,8/15/2026 11:15:00 PM,CVIS,Fr,25000,
8/15/2026 11:10:00 PM,RTD,8/15/2026 11:15:00 PM,CLUZ,Fr,2250,
8/15/2026 11:10:00 PM,RTD,8/15/2026 11:15:00 PM,CMIN,Fr,25000,
8/15/2026 11:10:00 PM,RTD,8/15/2026 11:15:00 PM,CMIN,Rd,24946,
8/15/2026 11:10:00 PM,RTD,8/15/2026 11:15:00 PM,CVIS,Rd,19998,
8/15/2026 11:10:00 PM,RTD,8/15/2026 11:15:00 PM,CLUZ,Rd,14447,
8/15/2026 11:10:00 PM,RTD,8/15/2026 11:15:00 PM,CLUZ,Ru,550,
8/15/2026 11:10:00 PM,RTD,8/15/2026 11:15:00 PM,CVIS,Ru,15716.34,
8/15/2026 11:10:00 PM,RTD,8/15/2026 11:15:00 PM,CMIN,Ru,18809.71,
8/15/2026 11:15:00 PM,RTD,8/15/2026 11:20:00 PM,CMIN,Dr,14513.06,
8/15/2026 11:15:00 PM,RTD,8/15/2026 11:20:00 PM,CVIS,Dr,25000,
8/15/2026 11:15:00 PM,RTD,8/15/2026 11:20:00 PM,CLUZ,Dr,800,
8/15/2026 11:15:00 PM,RTD,8/15/2026 11:20:00 PM,CLUZ,Fr,2250,
8/15/2026 11:15:00 PM,RTD,8/15/2026 11:20:00 PM,CVIS,Fr,25000,
8/15/2026 11:15:00 PM,RTD,8/15/2026 11:20:00 PM,CMIN,Fr,25000,
8/15/2026 11:15:00 PM,RTD,8/15/2026 11:20:00 PM,CLUZ,Rd,14447,
8/15/2026 11:15:00 PM,RTD,8/15/2026 11:20:00 PM,CVIS,Rd,19998,
8/15/2026 11:15:00 PM,RTD,8/15/2026 11:20:00 PM,CMIN,Rd,24946,
8/15/2026 11:15:00 PM,RTD,8/15/2026 11:20:00 PM,CVIS,Ru,15698.33,
8/15/2026 11:15:00 PM,RTD,8/15/2026 11:20:00 PM,CMIN,Ru,18751.28,
8/15/2026 11:15:00 PM,RTD,8/15/2026 11:20:00 PM,CLUZ,Ru,14447,
8/15/2026 11:20:00 PM,RTD,8/15/2026 11:25:00 PM,CMIN,Dr,5368.59,
8/15/2026 11:20:00 PM,RTD,8/15/2026 11:25:00 PM,CVIS,Dr,25000,
8/15/2026 11:20:00 PM,RTD,8/15/2026 11:25:00 PM,CLUZ,Dr,800,
8/15/2026 11:20:00 PM,RTD,8/15/2026 11:25:00 PM,CVIS,Fr,25000,
8/15/2026 11:20:00 PM,RTD,8/15/2026 11:25:00 PM,CMIN,Fr,15416.23,
8/15/2026 11:20:00 PM,RTD,8/15/2026 11:25:00 PM,CLUZ,Fr,2250,
8/15/2026 11:20:00 PM,RTD,8/15/2026 11:25:00 PM,CMIN,Rd,24946,
8/15/2026 11:20:00 PM,RTD,8/15/2026 11:25:00 PM,CVIS,Rd,19998,
8/15/2026 11:20:00 PM,RTD,8/15/2026 11:25:00 PM,CLUZ,Rd,8336.42,
8/15/2026 11:20:00 PM,RTD,8/15/2026 11:25:00 PM,CMIN,Ru,8607.35,
8/15/2026 11:20:00 PM,RTD,8/15/2026 11:25:00 PM,CVIS,Ru,6069.40,
8/15/2026 11:20:00 PM,RTD,8/15/2026 11:25:00 PM,CLUZ,Ru,14447,
8/15/2026 11:25:00 PM,RTD,8/15/2026 11:30:00 PM,CVIS,Dr,25000,
8/15/2026 11:25:00 PM,RTD,8/15/2026 11:30:00 PM,CMIN,Dr,5124.46,
8/15/2026 11:25:00 PM,RTD,8/15/2026 11:30:00 PM,CLUZ,Dr,800,
8/15/2026 11:25:00 PM,RTD,8/15/2026 11:30:00 PM,CMIN,Fr,15272.18,
8/15/2026 11:25:00 PM,RTD,8/15/2026 11:30:00 PM,CVIS,Fr,25000,
8/15/2026 11:25:00 PM,RTD,8/15/2026 11:30:00 PM,CLUZ,Fr,2250,
8/15/2026 11:25:00 PM,RTD,8/15/2026 11:30:00 PM,CVIS,Rd,19998,
8/15/2026 11:25:00 PM,RTD,8/15/2026 11:30:00 PM,CMIN,Rd,24946,
8/15/2026 11:25:00 PM,RTD,8/15/2026 11:30:00 PM,CLUZ,Rd,8363.24,
8/15/2026 11:25:00 PM,RTD,8/15/2026 11:30:00 PM,CVIS,Ru,19998,
8/15/2026 11:25:00 PM,RTD,8/15/2026 11:30:00 PM,CLUZ,Ru,14447,
8/15/2026 11:25:00 PM,RTD,8/15/2026 11:30:00 PM,CMIN,Ru,8433.68,
8/15/2026 11:30:00 PM,RTD,8/15/2026 11:35:00 PM,CVIS,Dr,11151.04,
8/15/2026 11:30:00 PM,RTD,8/15/2026 11:35:00 PM,CMIN,Dr,4860.06,
8/15/2026 11:30:00 PM,RTD,8/15/2026 11:35:00 PM,CLUZ,Dr,800,
8/15/2026 11:30:00 PM,RTD,8/15/2026 11:35:00 PM,CMIN,Fr,15082.50,
8/15/2026 11:30:00 PM,RTD,8/15/2026 11:35:00 PM,CVIS,Fr,25000,
8/15/2026 11:30:00 PM,RTD,8/15/2026 11:35:00 PM,CLUZ,Fr,2250,
8/15/2026 11:30:00 PM,RTD,8/15/2026 11:35:00 PM,CVIS,Rd,19998,
8/15/2026 11:30:00 PM,RTD,8/15/2026 11:35:00 PM,CMIN,Rd,24946,
8/15/2026 11:30:00 PM,RTD,8/15/2026 11:35:00 PM,CLUZ,Rd,8429.42,
8/15/2026 11:30:00 PM,RTD,8/15/2026 11:35:00 PM,CVIS,Ru,19998,
8/15/2026 11:30:00 PM,RTD,8/15/2026 11:35:00 PM,CLUZ,Ru,14447,
8/15/2026 11:30:00 PM,RTD,8/15/2026 11:35:00 PM,CMIN,Ru,8256.64,
8/15/2026 11:35:00 PM,RTD,8/15/2026 11:40:00 PM,CLUZ,Dr,800,
8/15/2026 11:35:00 PM,RTD,8/15/2026 11:40:00 PM,CVIS,Dr,11429.27,
8/15/2026 11:35:00 PM,RTD,8/15/2026 11:40:00 PM,CMIN,Dr,5189.10,
8/15/2026 11:35:00 PM,RTD,8/15/2026 11:40:00 PM,CVIS,Fr,25000,
8/15/2026 11:35:00 PM,RTD,8/15/2026 11:40:00 PM,CLUZ,Fr,2250,
8/15/2026 11:35:00 PM,RTD,8/15/2026 11:40:00 PM,CMIN,Fr,15331.12,
8/15/2026 11:35:00 PM,RTD,8/15/2026 11:40:00 PM,CLUZ,Rd,8364.19,
8/15/2026 11:35:00 PM,RTD,8/15/2026 11:40:00 PM,CVIS,Rd,19998,
8/15/2026 11:35:00 PM,RTD,8/15/2026 11:40:00 PM,CMIN,Rd,24946,
8/15/2026 11:35:00 PM,RTD,8/15/2026 11:40:00 PM,CLUZ,Ru,14447,
8/15/2026 11:35:00 PM,RTD,8/15/2026 11:40:00 PM,CMIN,Ru,8409.56,
8/15/2026 11:35:00 PM,RTD,8/15/2026 11:40:00 PM,CVIS,Ru,19998,
8/15/2026 11:40:00 PM,RTD,8/15/2026 11:45:00 PM,CVIS,Dr,11249.55,
8/15/2026 11:40:00 PM,RTD,8/15/2026 11:45:00 PM,CMIN,Dr,5020.31,
8/15/2026 11:40:00 PM,RTD,8/15/2026 11:45:00 PM,CLUZ,Dr,800,
8/15/2026 11:40:00 PM,RTD,8/15/2026 11:45:00 PM,CMIN,Fr,15167.34,
8/15/2026 11:40:00 PM,RTD,8/15/2026 11:45:00 PM,CVIS,Fr,25000,
8/15/2026 11:40:00 PM,RTD,8/15/2026 11:45:00 PM,CLUZ,Fr,2250,
8/15/2026 11:40:00 PM,RTD,8/15/2026 11:45:00 PM,CVIS,Rd,19998,
8/15/2026 11:40:00 PM,RTD,8/15/2026 11:45:00 PM,CMIN,Rd,24946,
8/15/2026 11:40:00 PM,RTD,8/15/2026 11:45:00 PM,CLUZ,Rd,8573.70,
8/15/2026 11:40:00 PM,RTD,8/15/2026 11:45:00 PM,CVIS,Ru,19998,
8/15/2026 11:40:00 PM,RTD,8/15/2026 11:45:00 PM,CLUZ,Ru,14447,
8/15/2026 11:40:00 PM,RTD,8/15/2026 11:45:00 PM,CMIN,Ru,8296.74,
8/15/2026 11:45:00 PM,RTD,8/15/2026 11:50:00 PM,CVIS,Dr,8000,
8/15/2026 11:45:00 PM,RTD,8/15/2026 11:50:00 PM,CMIN,Dr,5115.02,
8/15/2026 11:45:00 PM,RTD,8/15/2026 11:50:00 PM,CLUZ,Dr,800,
8/15/2026 11:45:00 PM,RTD,8/15/2026 11:50:00 PM,CMIN,Fr,15304.79,
8/15/2026 11:45:00 PM,RTD,8/15/2026 11:50:00 PM,CVIS,Fr,25000,
8/15/2026 11:45:00 PM,RTD,8/15/2026 11:50:00 PM,CLUZ,Fr,2250,
8/15/2026 11:45:00 PM,RTD,8/15/2026 11:50:00 PM,CVIS,Rd,19998,
8/15/2026 11:45:00 PM,RTD,8/15/2026 11:50:00 PM,CMIN,Rd,24946,
8/15/2026 11:45:00 PM,RTD,8/15/2026 11:50:00 PM,CLUZ,Rd,14447,
8/15/2026 11:45:00 PM,RTD,8/15/2026 11:50:00 PM,CVIS,Ru,19998,
8/15/2026 11:45:00 PM,RTD,8/15/2026 11:50:00 PM,CLUZ,Ru,14447,
8/15/2026 11:45:00 PM,RTD,8/15/2026 11:50:00 PM,CMIN,Ru,8372.10,
8/15/2026 11:50:00 PM,RTD,8/15/2026 11:55:00 PM,CVIS,Dr,8000,
8/15/2026 11:50:00 PM,RTD,8/15/2026 11:55:00 PM,CMIN,Dr,4948.45,
8/15/2026 11:50:00 PM,RTD,8/15/2026 11:55:00 PM,CLUZ,Dr,800,
8/15/2026 11:50:00 PM,RTD,8/15/2026 11:55:00 PM,CMIN,Fr,15193.47,
8/15/2026 11:50:00 PM,RTD,8/15/2026 11:55:00 PM,CVIS,Fr,25000,
8/15/2026 11:50:00 PM,RTD,8/15/2026 11:55:00 PM,CLUZ,Fr,2250,
8/15/2026 11:50:00 PM,RTD,8/15/2026 11:55:00 PM,CVIS,Rd,19998,
8/15/2026 11:50:00 PM,RTD,8/15/2026 11:55:00 PM,CMIN,Rd,24946,
8/15/2026 11:50:00 PM,RTD,8/15/2026 11:55:00 PM,CLUZ,Rd,14447,
8/15/2026 11:50:00 PM,RTD,8/15/2026 11:55:00 PM,CVIS,Ru,19998,
8/15/2026 11:50:00 PM,RTD,8/15/2026 11:55:00 PM,CLUZ,Ru,14447,
8/15/2026 11:50:00 PM,RTD,8/15/2026 11:55:00 PM,CMIN,Ru,8277.14,
8/15/2026 11:55:00 PM,RTD,8/16/2026,CVIS,Dr,8000,
8/15/2026 11:55:00 PM,RTD,8/16/2026,CMIN,Dr,4313.21,
8/15/2026 11:55:00 PM,RTD,8/16/2026,CLUZ,Dr,800,
8/15/2026 11:55:00 PM,RTD,8/16/2026,CMIN,Fr,15118.43,
8/15/2026 11:55:00 PM,RTD,8/16/2026,CVIS,Fr,25000,
8/15/2026 11:55:00 PM,RTD,8/16/2026,CLUZ,Fr,2250,
8/15/2026 11:55:00 PM,RTD,8/16/2026,CVIS,Rd,19998,
8/15/2026 11:55:00 PM,RTD,8/16/2026,CMIN,Rd,24946,
8/15/2026 11:55:00 PM,RTD,8/16/2026,CLUZ,Rd,14447,
8/15/2026 11:55:00 PM,RTD,8/16/2026,CVIS,Ru,19998,
8/15/2026 11:55:00 PM,RTD,8/16/2026,CLUZ,Ru,550,
8/15/2026 11:55:00 PM,RTD,8/16/2026,CMIN,Ru,8230.03,
EOF
