RUN_TIME,MKT_TYPE,TIME_INTERVAL,REGION_NAME,COMMODITY_TYPE,PRICE,
8/31/2026,RTD,8/31/2026 12:05:00 AM,CMIN,Dr,0,
8/31/2026,RTD,8/31/2026 12:05:00 AM,CVIS,Dr,13271.43,
8/31/2026,RTD,8/31/2026 12:05:00 AM,CLUZ,Dr,210,
8/31/2026,RTD,8/31/2026 12:05:00 AM,CVIS,Fr,23000,
8/31/2026,RTD,8/31/2026 12:05:00 AM,CLUZ,Fr,1130,
8/31/2026,RTD,8/31/2026 12:05:00 AM,CMIN,Fr,9095.37,
8/31/2026,RTD,8/31/2026 12:05:00 AM,CMIN,Rd,24999.83,
8/31/2026,RTD,8/31/2026 12:05:00 AM,CVIS,Rd,19999,
8/31/2026,RTD,8/31/2026 12:05:00 AM,CLUZ,Rd,450,
8/31/2026,RTD,8/31/2026 12:05:00 AM,CMIN,Ru,24999.89,
8/31/2026,RTD,8/31/2026 12:05:00 AM,CLUZ,Ru,450,
8/31/2026,RTD,8/31/2026 12:05:00 AM,CVIS,Ru,25000,
8/31/2026 12:05:00 AM,RTD,8/31/2026 12:10:00 AM,CMIN,Dr,7000,
8/31/2026 12:05:00 AM,RTD,8/31/2026 12:10:00 AM,CVIS,Dr,13529.27,
8/31/2026 12:05:00 AM,RTD,8/31/2026 12:10:00 AM,CLUZ,Dr,210,
8/31/2026 12:05:00 AM,RTD,8/31/2026 12:10:00 AM,CVIS,Fr,23000,
8/31/2026 12:05:00 AM,RTD,8/31/2026 12:10:00 AM,CLUZ,Fr,1130,
8/31/2026 12:05:00 AM,RTD,8/31/2026 12:10:00 AM,CMIN,Fr,9227.80,
8/31/2026 12:05:00 AM,RTD,8/31/2026 12:10:00 AM,CMIN,Rd,24999.83,
8/31/2026 12:05:00 AM,RTD,8/31/2026 12:10:00 AM,CVIS,Rd,19999,
8/31/2026 12:05:00 AM,RTD,8/31/2026 12:10:00 AM,CLUZ,Rd,450,
8/31/2026 12:05:00 AM,RTD,8/31/2026 12:10:00 AM,CMIN,Ru,24999.89,
8/31/2026 12:05:00 AM,RTD,8/31/2026 12:10:00 AM,CLUZ,Ru,450,
8/31/2026 12:05:00 AM,RTD,8/31/2026 12:10:00 AM,CVIS,Ru,25000,
8/31/2026 12:10:00 AM,RTD,8/31/2026 12:15:00 AM,CVIS,Dr,13192.07,
8/31/2026 12:10:00 AM,RTD,8/31/2026 12:15:00 AM,CMIN,Dr,7000,
8/31/2026 12:10:00 AM,RTD,8/31/2026 12:15:00 AM,CLUZ,Dr,210,
8/31/2026 12:10:00 AM,RTD,8/31/2026 12:15:00 AM,CMIN,Fr,6091.43,
8/31/2026 12:10:00 AM,RTD,8/31/2026 12:15:00 AM,CVIS,Fr,23000,
8/31/2026 12:10:00 AM,RTD,8/31/2026 12:15:00 AM,CLUZ,Fr,1130,
8/31/2026 12:10:00 AM,RTD,8/31/2026 12:15:00 AM,CVIS,Rd,19999,
8/31/2026 12:10:00 AM,RTD,8/31/2026 12:15:00 AM,CMIN,Rd,24999.83,
8/31/2026 12:10:00 AM,RTD,8/31/2026 12:15:00 AM,CLUZ,Rd,450,
8/31/2026 12:10:00 AM,RTD,8/31/2026 12:15:00 AM,CVIS,Ru,25000,
8/31/2026 12:10:00 AM,RTD,8/31/2026 12:15:00 AM,CLUZ,Ru,450,
8/31/2026 12:10:00 AM,RTD,8/31/2026 12:15:00 AM,CMIN,Ru,24999.83,
8/31/2026 12:15:00 AM,RTD,8/31/2026 12:20:00 AM,CLUZ,Dr,210,
8/31/2026 12:15:00 AM,RTD,8/31/2026 12:20:00 AM,CVIS,Dr,13122.56,
8/31/2026 12:15:00 AM,RTD,8/31/2026 12:20:00 AM,CMIN,Dr,7000,
8/31/2026 12:15:00 AM,RTD,8/31/2026 12:20:00 AM,CVIS,Fr,23000,
8/31/2026 12:15:00 AM,RTD,8/31/2026 12:20:00 AM,CLUZ,Fr,1130,
8/31/2026 12:15:00 AM,RTD,8/31/2026 12:20:00 AM,CMIN,Fr,5925.98,
8/31/2026 12:15:00 AM,RTD,8/31/2026 12:20:00 AM,CLUZ,Rd,450,
8/31/2026 12:15:00 AM,RTD,8/31/2026 12:20:00 AM,CVIS,Rd,19999,
8/31/2026 12:15:00 AM,RTD,8/31/2026 12:20:00 AM,CMIN,Rd,24999.83,
8/31/2026 12:15:00 AM,RTD,8/31/2026 12:20:00 AM,CLUZ,Ru,450,
8/31/2026 12:15:00 AM,RTD,8/31/2026 12:20:00 AM,CMIN,Ru,24999.89,
8/31/2026 12:15:00 AM,RTD,8/31/2026 12:20:00 AM,CVIS,Ru,25000,
8/31/2026 12:20:00 AM,RTD,8/31/2026 12:25:00 AM,CMIN,Dr,7000,
8/31/2026 12:20:00 AM,RTD,8/31/2026 12:25:00 AM,CLUZ,Dr,210,
8/31/2026 12:20:00 AM,RTD,8/31/2026 12:25:00 AM,CVIS,Dr,13132.19,
8/31/2026 12:20:00 AM,RTD,8/31/2026 12:25:00 AM,CMIN,Fr,5799.41,
8/31/2026 12:20:00 AM,RTD,8/31/2026 12:25:00 AM,CLUZ,Fr,1100,
8/31/2026 12:20:00 AM,RTD,8/31/2026 12:25:00 AM,CVIS,Fr,23000,
8/31/2026 12:20:00 AM,RTD,8/31/2026 12:25:00 AM,CMIN,Rd,24999.83,
8/31/2026 12:20:00 AM,RTD,8/31/2026 12:25:00 AM,CVIS,Rd,19999,
8/31/2026 12:20:00 AM,RTD,8/31/2026 12:25:00 AM,CLUZ,Rd,450,
8/31/2026 12:20:00 AM,RTD,8/31/2026 12:25:00 AM,CMIN,Ru,24999.83,
8/31/2026 12:20:00 AM,RTD,8/31/2026 12:25:00 AM,CVIS,Ru,25000,
8/31/2026 12:20:00 AM,RTD,8/31/2026 12:25:00 AM,CLUZ,Ru,450,
8/31/2026 12:25:00 AM,RTD,8/31/2026 12:30:00 AM,CVIS,Dr,13020.12,
8/31/2026 12:25:00 AM,RTD,8/31/2026 12:30:00 AM,CMIN,Dr,2397.06,
8/31/2026 12:25:00 AM,RTD,8/31/2026 12:30:00 AM,CLUZ,Dr,210,
8/31/2026 12:25:00 AM,RTD,8/31/2026 12:30:00 AM,CMIN,Fr,5477.41,
8/31/2026 12:25:00 AM,RTD,8/31/2026 12:30:00 AM,CVIS,Fr,23000,
8/31/2026 12:25:00 AM,RTD,8/31/2026 12:30:00 AM,CLUZ,Fr,1100,
8/31/2026 12:25:00 AM,RTD,8/31/2026 12:30:00 AM,CVIS,Rd,19999,
8/31/2026 12:25:00 AM,RTD,8/31/2026 12:30:00 AM,CMIN,Rd,24999.83,
8/31/2026 12:25:00 AM,RTD,8/31/2026 12:30:00 AM,CLUZ,Rd,450,
8/31/2026 12:25:00 AM,RTD,8/31/2026 12:30:00 AM,CVIS,Ru,25000,
8/31/2026 12:25:00 AM,RTD,8/31/2026 12:30:00 AM,CLUZ,Ru,499,
8/31/2026 12:25:00 AM,RTD,8/31/2026 12:30:00 AM,CMIN,Ru,24999.89,
8/31/2026 12:30:00 AM,RTD,8/31/2026 12:35:00 AM,CVIS,Dr,13068.06,
8/31/2026 12:30:00 AM,RTD,8/31/2026 12:35:00 AM,CMIN,Dr,2518.76,
8/31/2026 12:30:00 AM,RTD,8/31/2026 12:35:00 AM,CLUZ,Dr,210,
8/31/2026 12:30:00 AM,RTD,8/31/2026 12:35:00 AM,CMIN,Fr,5601.18,
8/31/2026 12:30:00 AM,RTD,8/31/2026 12:35:00 AM,CVIS,Fr,23000,
8/31/2026 12:30:00 AM,RTD,8/31/2026 12:35:00 AM,CLUZ,Fr,1100,
8/31/2026 12:30:00 AM,RTD,8/31/2026 12:35:00 AM,CVIS,Rd,19999,
8/31/2026 12:30:00 AM,RTD,8/31/2026 12:35:00 AM,CMIN,Rd,24999.83,
8/31/2026 12:30:00 AM,RTD,8/31/2026 12:35:00 AM,CLUZ,Rd,450,
8/31/2026 12:30:00 AM,RTD,8/31/2026 12:35:00 AM,CVIS,Ru,25000,
8/31/2026 12:30:00 AM,RTD,8/31/2026 12:35:00 AM,CLUZ,Ru,499,
8/31/2026 12:30:00 AM,RTD,8/31/2026 12:35:00 AM,CMIN,Ru,24999.83,
8/31/2026 12:35:00 AM,RTD,8/31/2026 12:40:00 AM,CMIN,Dr,2371.49,
8/31/2026 12:35:00 AM,RTD,8/31/2026 12:40:00 AM,CVIS,Dr,12994.62,
8/31/2026 12:35:00 AM,RTD,8/31/2026 12:40:00 AM,CLUZ,Dr,210,
8/31/2026 12:35:00 AM,RTD,8/31/2026 12:40:00 AM,CLUZ,Fr,1100,
8/31/2026 12:35:00 AM,RTD,8/31/2026 12:40:00 AM,CMIN,Fr,5461.62,
8/31/2026 12:35:00 AM,RTD,8/31/2026 12:40:00 AM,CVIS,Fr,23000,
8/31/2026 12:35:00 AM,RTD,8/31/2026 12:40:00 AM,CMIN,Rd,24999.83,
8/31/2026 12:35:00 AM,RTD,8/31/2026 12:40:00 AM,CLUZ,Rd,450,
8/31/2026 12:35:00 AM,RTD,8/31/2026 12:40:00 AM,CVIS,Rd,19998,
8/31/2026 12:35:00 AM,RTD,8/31/2026 12:40:00 AM,CLUZ,Ru,499,
8/31/2026 12:35:00 AM,RTD,8/31/2026 12:40:00 AM,CVIS,Ru,19999,
8/31/2026 12:35:00 AM,RTD,8/31/2026 12:40:00 AM,CMIN,Ru,24999.89,
8/31/2026 12:40:00 AM,RTD,8/31/2026 12:45:00 AM,CMIN,Dr,2258.61,
8/31/2026 12:40:00 AM,RTD,8/31/2026 12:45:00 AM,CVIS,Dr,12918.36,
8/31/2026 12:40:00 AM,RTD,8/31/2026 12:45:00 AM,CLUZ,Dr,799.08,
8/31/2026 12:40:00 AM,RTD,8/31/2026 12:45:00 AM,CMIN,Fr,5345.31,
8/31/2026 12:40:00 AM,RTD,8/31/2026 12:45:00 AM,CVIS,Fr,23000,
8/31/2026 12:40:00 AM,RTD,8/31/2026 12:45:00 AM,CLUZ,Fr,184.86,
8/31/2026 12:40:00 AM,RTD,8/31/2026 12:45:00 AM,CVIS,Rd,19998,
8/31/2026 12:40:00 AM,RTD,8/31/2026 12:45:00 AM,CLUZ,Rd,450,
8/31/2026 12:40:00 AM,RTD,8/31/2026 12:45:00 AM,CMIN,Rd,24999.83,
8/31/2026 12:40:00 AM,RTD,8/31/2026 12:45:00 AM,CVIS,Ru,19999,
8/31/2026 12:40:00 AM,RTD,8/31/2026 12:45:00 AM,CLUZ,Ru,499,
8/31/2026 12:40:00 AM,RTD,8/31/2026 12:45:00 AM,CMIN,Ru,24999.83,
8/31/2026 12:45:00 AM,RTD,8/31/2026 12:50:00 AM,CMIN,Dr,968.07,
8/31/2026 12:45:00 AM,RTD,8/31/2026 12:50:00 AM,CLUZ,Dr,799.08,
8/31/2026 12:45:00 AM,RTD,8/31/2026 12:50:00 AM,CVIS,Dr,11771.87,
8/31/2026 12:45:00 AM,RTD,8/31/2026 12:50:00 AM,CVIS,Fr,23000,
8/31/2026 12:45:00 AM,RTD,8/31/2026 12:50:00 AM,CMIN,Fr,4054.10,
8/31/2026 12:45:00 AM,RTD,8/31/2026 12:50:00 AM,CLUZ,Fr,155,
8/31/2026 12:45:00 AM,RTD,8/31/2026 12:50:00 AM,CLUZ,Rd,450,
8/31/2026 12:45:00 AM,RTD,8/31/2026 12:50:00 AM,CVIS,Rd,19998,
8/31/2026 12:45:00 AM,RTD,8/31/2026 12:50:00 AM,CMIN,Rd,24999.83,
8/31/2026 12:45:00 AM,RTD,8/31/2026 12:50:00 AM,CLUZ,Ru,469.21,
8/31/2026 12:45:00 AM,RTD,8/31/2026 12:50:00 AM,CVIS,Ru,19999,
8/31/2026 12:45:00 AM,RTD,8/31/2026 12:50:00 AM,CMIN,Ru,24999.89,
8/31/2026 12:50:00 AM,RTD,8/31/2026 12:55:00 AM,CMIN,Dr,764.83,
8/31/2026 12:50:00 AM,RTD,8/31/2026 12:55:00 AM,CLUZ,Dr,799.08,
8/31/2026 12:50:00 AM,RTD,8/31/2026 12:55:00 AM,CVIS,Dr,11686.21,
8/31/2026 12:50:00 AM,RTD,8/31/2026 12:55:00 AM,CLUZ,Fr,155,
8/31/2026 12:50:00 AM,RTD,8/31/2026 12:55:00 AM,CVIS,Fr,23000,
8/31/2026 12:50:00 AM,RTD,8/31/2026 12:55:00 AM,CMIN,Fr,3851.16,
8/31/2026 12:50:00 AM,RTD,8/31/2026 12:55:00 AM,CVIS,Rd,19998,
8/31/2026 12:50:00 AM,RTD,8/31/2026 12:55:00 AM,CMIN,Rd,24999.83,
8/31/2026 12:50:00 AM,RTD,8/31/2026 12:55:00 AM,CLUZ,Rd,450,
8/31/2026 12:50:00 AM,RTD,8/31/2026 12:55:00 AM,CLUZ,Ru,469.17,
8/31/2026 12:50:00 AM,RTD,8/31/2026 12:55:00 AM,CMIN,Ru,24999.83,
8/31/2026 12:50:00 AM,RTD,8/31/2026 12:55:00 AM,CVIS,Ru,19999,
8/31/2026 12:55:00 AM,RTD,8/31/2026 1:00:00 AM,CMIN,Dr,0,
8/31/2026 12:55:00 AM,RTD,8/31/2026 1:00:00 AM,CLUZ,Dr,799.08,
8/31/2026 12:55:00 AM,RTD,8/31/2026 1:00:00 AM,CVIS,Dr,8000,
8/31/2026 12:55:00 AM,RTD,8/31/2026 1:00:00 AM,CMIN,Fr,3250,
8/31/2026 12:55:00 AM,RTD,8/31/2026 1:00:00 AM,CLUZ,Fr,155,
8/31/2026 12:55:00 AM,RTD,8/31/2026 1:00:00 AM,CVIS,Fr,23000,
8/31/2026 12:55:00 AM,RTD,8/31/2026 1:00:00 AM,CVIS,Rd,19998,
8/31/2026 12:55:00 AM,RTD,8/31/2026 1:00:00 AM,CMIN,Rd,24999.83,
8/31/2026 12:55:00 AM,RTD,8/31/2026 1:00:00 AM,CLUZ,Rd,450,
8/31/2026 12:55:00 AM,RTD,8/31/2026 1:00:00 AM,CVIS,Ru,19999,
8/31/2026 12:55:00 AM,RTD,8/31/2026 1:00:00 AM,CMIN,Ru,24999.83,
8/31/2026 12:55:00 AM,RTD,8/31/2026 1:00:00 AM,CLUZ,Ru,452,
8/31/2026 1:00:00 AM,RTD,8/31/2026 1:05:00 AM,CVIS,Dr,12337.70,
8/31/2026 1:00:00 AM,RTD,8/31/2026 1:05:00 AM,CMIN,Dr,1526.11,
8/31/2026 1:00:00 AM,RTD,8/31/2026 1:05:00 AM,CLUZ,Dr,799.08,
8/31/2026 1:00:00 AM,RTD,8/31/2026 1:05:00 AM,CVIS,Fr,23000,
8/31/2026 1:00:00 AM,RTD,8/31/2026 1:05:00 AM,CMIN,Fr,4612.16,
8/31/2026 1:00:00 AM,RTD,8/31/2026 1:05:00 AM,CLUZ,Fr,1100,
8/31/2026 1:00:00 AM,RTD,8/31/2026 1:05:00 AM,CVIS,Rd,19998,
8/31/2026 1:00:00 AM,RTD,8/31/2026 1:05:00 AM,CLUZ,Rd,450,
8/31/2026 1:00:00 AM,RTD,8/31/2026 1:05:00 AM,CMIN,Rd,0,
8/31/2026 1:00:00 AM,RTD,8/31/2026 1:05:00 AM,CMIN,Ru,851.02,
8/31/2026 1:00:00 AM,RTD,8/31/2026 1:05:00 AM,CVIS,Ru,19999,
8/31/2026 1:00:00 AM,RTD,8/31/2026 1:05:00 AM,CLUZ,Ru,499,
8/31/2026 1:05:00 AM,RTD,8/31/2026 1:10:00 AM,CLUZ,Dr,799.08,
8/31/2026 1:05:00 AM,RTD,8/31/2026 1:10:00 AM,CVIS,Dr,1900,
8/31/2026 1:05:00 AM,RTD,8/31/2026 1:10:00 AM,CMIN,Dr,506.50,
8/31/2026 1:05:00 AM,RTD,8/31/2026 1:10:00 AM,CLUZ,Fr,1100,
8/31/2026 1:05:00 AM,RTD,8/31/2026 1:10:00 AM,CVIS,Fr,23000,
8/31/2026 1:05:00 AM,RTD,8/31/2026 1:10:00 AM,CMIN,Fr,3597.04,
8/31/2026 1:05:00 AM,RTD,8/31/2026 1:10:00 AM,CMIN,Rd,0,
8/31/2026 1:05:00 AM,RTD,8/31/2026 1:10:00 AM,CLUZ,Rd,450,
8/31/2026 1:05:00 AM,RTD,8/31/2026 1:10:00 AM,CVIS,Rd,19998,
8/31/2026 1:05:00 AM,RTD,8/31/2026 1:10:00 AM,CVIS,Ru,19999,
8/31/2026 1:05:00 AM,RTD,8/31/2026 1:10:00 AM,CLUZ,Ru,499,
8/31/2026 1:05:00 AM,RTD,8/31/2026 1:10:00 AM,CMIN,Ru,0,
8/31/2026 1:10:00 AM,RTD,8/31/2026 1:15:00 AM,CVIS,Dr,1900,
8/31/2026 1:10:00 AM,RTD,8/31/2026 1:15:00 AM,CLUZ,Dr,799.08,
8/31/2026 1:10:00 AM,RTD,8/31/2026 1:15:00 AM,CMIN,Dr,519.36,
8/31/2026 1:10:00 AM,RTD,8/31/2026 1:15:00 AM,CVIS,Fr,23000,
8/31/2026 1:10:00 AM,RTD,8/31/2026 1:15:00 AM,CLUZ,Fr,1100,
8/31/2026 1:10:00 AM,RTD,8/31/2026 1:15:00 AM,CMIN,Fr,3612.93,
8/31/2026 1:10:00 AM,RTD,8/31/2026 1:15:00 AM,CLUZ,Rd,450,
8/31/2026 1:10:00 AM,RTD,8/31/2026 1:15:00 AM,CMIN,Rd,0,
8/31/2026 1:10:00 AM,RTD,8/31/2026 1:15:00 AM,CVIS,Rd,19998,
8/31/2026 1:10:00 AM,RTD,8/31/2026 1:15:00 AM,CMIN,Ru,0,
8/31/2026 1:10:00 AM,RTD,8/31/2026 1:15:00 AM,CLUZ,Ru,499,
8/31/2026 1:10:00 AM,RTD,8/31/2026 1:15:00 AM,CVIS,Ru,19999,
8/31/2026 1:15:00 AM,RTD,8/31/2026 1:20:00 AM,CMIN,Dr,1658.26,
8/31/2026 1:15:00 AM,RTD,8/31/2026 1:20:00 AM,CLUZ,Dr,799.08,
8/31/2026 1:15:00 AM,RTD,8/31/2026 1:20:00 AM,CVIS,Dr,1900,
8/31/2026 1:15:00 AM,RTD,8/31/2026 1:20:00 AM,CVIS,Fr,23000,
8/31/2026 1:15:00 AM,RTD,8/31/2026 1:20:00 AM,CLUZ,Fr,260,
8/31/2026 1:15:00 AM,RTD,8/31/2026 1:20:00 AM,CMIN,Fr,4736.50,
8/31/2026 1:15:00 AM,RTD,8/31/2026 1:20:00 AM,CVIS,Rd,19998,
8/31/2026 1:15:00 AM,RTD,8/31/2026 1:20:00 AM,CLUZ,Rd,450,
8/31/2026 1:15:00 AM,RTD,8/31/2026 1:20:00 AM,CMIN,Rd,0,
8/31/2026 1:15:00 AM,RTD,8/31/2026 1:20:00 AM,CVIS,Ru,19999,
8/31/2026 1:15:00 AM,RTD,8/31/2026 1:20:00 AM,CLUZ,Ru,499,
8/31/2026 1:15:00 AM,RTD,8/31/2026 1:20:00 AM,CMIN,Ru,1117.05,
8/31/2026 1:20:00 AM,RTD,8/31/2026 1:25:00 AM,CMIN,Dr,275.13,
8/31/2026 1:20:00 AM,RTD,8/31/2026 1:25:00 AM,CLUZ,Dr,799.08,
8/31/2026 1:20:00 AM,RTD,8/31/2026 1:25:00 AM,CVIS,Dr,8000,
8/31/2026 1:20:00 AM,RTD,8/31/2026 1:25:00 AM,CVIS,Fr,23000,
8/31/2026 1:20:00 AM,RTD,8/31/2026 1:25:00 AM,CMIN,Fr,3356.30,
8/31/2026 1:20:00 AM,RTD,8/31/2026 1:25:00 AM,CLUZ,Fr,1100,
8/31/2026 1:20:00 AM,RTD,8/31/2026 1:25:00 AM,CLUZ,Rd,450,
8/31/2026 1:20:00 AM,RTD,8/31/2026 1:25:00 AM,CMIN,Rd,0,
8/31/2026 1:20:00 AM,RTD,8/31/2026 1:25:00 AM,CVIS,Rd,19998,
8/31/2026 1:20:00 AM,RTD,8/31/2026 1:25:00 AM,CVIS,Ru,19999,
8/31/2026 1:20:00 AM,RTD,8/31/2026 1:25:00 AM,CMIN,Ru,0,
8/31/2026 1:20:00 AM,RTD,8/31/2026 1:25:00 AM,CLUZ,Ru,499,
8/31/2026 1:25:00 AM,RTD,8/31/2026 1:30:00 AM,CVIS,Dr,1900,
8/31/2026 1:25:00 AM,RTD,8/31/2026 1:30:00 AM,CMIN,Dr,228.48,
8/31/2026 1:25:00 AM,RTD,8/31/2026 1:30:00 AM,CLUZ,Dr,799.08,
8/31/2026 1:25:00 AM,RTD,8/31/2026 1:30:00 AM,CMIN,Fr,3250,
8/31/2026 1:25:00 AM,RTD,8/31/2026 1:30:00 AM,CVIS,Fr,23000,
8/31/2026 1:25:00 AM,RTD,8/31/2026 1:30:00 AM,CLUZ,Fr,1100,
8/31/2026 1:25:00 AM,RTD,8/31/2026 1:30:00 AM,CVIS,Rd,19998,
8/31/2026 1:25:00 AM,RTD,8/31/2026 1:30:00 AM,CMIN,Rd,0,
8/31/2026 1:25:00 AM,RTD,8/31/2026 1:30:00 AM,CLUZ,Rd,450,
8/31/2026 1:25:00 AM,RTD,8/31/2026 1:30:00 AM,CVIS,Ru,19999,
8/31/2026 1:25:00 AM,RTD,8/31/2026 1:30:00 AM,CLUZ,Ru,499,
8/31/2026 1:25:00 AM,RTD,8/31/2026 1:30:00 AM,CMIN,Ru,0,
8/31/2026 1:30:00 AM,RTD,8/31/2026 1:35:00 AM,CVIS,Dr,1900,
8/31/2026 1:30:00 AM,RTD,8/31/2026 1:35:00 AM,CMIN,Dr,0,
8/31/2026 1:30:00 AM,RTD,8/31/2026 1:35:00 AM,CLUZ,Dr,799.08,
8/31/2026 1:30:00 AM,RTD,8/31/2026 1:35:00 AM,CMIN,Fr,3250,
8/31/2026 1:30:00 AM,RTD,8/31/2026 1:35:00 AM,CVIS,Fr,23000,
8/31/2026 1:30:00 AM,RTD,8/31/2026 1:35:00 AM,CLUZ,Fr,1100,
8/31/2026 1:30:00 AM,RTD,8/31/2026 1:35:00 AM,CVIS,Rd,19998,
8/31/2026 1:30:00 AM,RTD,8/31/2026 1:35:00 AM,CMIN,Rd,24999.83,
8/31/2026 1:30:00 AM,RTD,8/31/2026 1:35:00 AM,CLUZ,Rd,450,
8/31/2026 1:30:00 AM,RTD,8/31/2026 1:35:00 AM,CVIS,Ru,19999,
8/31/2026 1:30:00 AM,RTD,8/31/2026 1:35:00 AM,CLUZ,Ru,499,
8/31/2026 1:30:00 AM,RTD,8/31/2026 1:35:00 AM,CMIN,Ru,21087.39,
8/31/2026 1:35:00 AM,RTD,8/31/2026 1:40:00 AM,CVIS,Dr,1900,
8/31/2026 1:35:00 AM,RTD,8/31/2026 1:40:00 AM,CMIN,Dr,0,
8/31/2026 1:35:00 AM,RTD,8/31/2026 1:40:00 AM,CLUZ,Dr,799.08,
8/31/2026 1:35:00 AM,RTD,8/31/2026 1:40:00 AM,CMIN,Fr,3250,
8/31/2026 1:35:00 AM,RTD,8/31/2026 1:40:00 AM,CVIS,Fr,23000,
8/31/2026 1:35:00 AM,RTD,8/31/2026 1:40:00 AM,CLUZ,Fr,1100,
8/31/2026 1:35:00 AM,RTD,8/31/2026 1:40:00 AM,CVIS,Rd,19998,
8/31/2026 1:35:00 AM,RTD,8/31/2026 1:40:00 AM,CMIN,Rd,24999.83,
8/31/2026 1:35:00 AM,RTD,8/31/2026 1:40:00 AM,CLUZ,Rd,450,
8/31/2026 1:35:00 AM,RTD,8/31/2026 1:40:00 AM,CVIS,Ru,19999,
8/31/2026 1:35:00 AM,RTD,8/31/2026 1:40:00 AM,CLUZ,Ru,499,
8/31/2026 1:35:00 AM,RTD,8/31/2026 1:40:00 AM,CMIN,Ru,20826.19,
8/31/2026 1:40:00 AM,RTD,8/31/2026 1:45:00 AM,CVIS,Dr,1900,
8/31/2026 1:40:00 AM,RTD,8/31/2026 1:45:00 AM,CMIN,Dr,140.17,
8/31/2026 1:40:00 AM,RTD,8/31/2026 1:45:00 AM,CLUZ,Dr,799.08,
8/31/2026 1:40:00 AM,RTD,8/31/2026 1:45:00 AM,CMIN,Fr,3372.27,
8/31/2026 1:40:00 AM,RTD,8/31/2026 1:45:00 AM,CVIS,Fr,23000,
8/31/2026 1:40:00 AM,RTD,8/31/2026 1:45:00 AM,CLUZ,Fr,155,
8/31/2026 1:40:00 AM,RTD,8/31/2026 1:45:00 AM,CVIS,Rd,19998,
8/31/2026 1:40:00 AM,RTD,8/31/2026 1:45:00 AM,CMIN,Rd,24999.83,
8/31/2026 1:40:00 AM,RTD,8/31/2026 1:45:00 AM,CLUZ,Rd,450,
8/31/2026 1:40:00 AM,RTD,8/31/2026 1:45:00 AM,CVIS,Ru,19999,
8/31/2026 1:40:00 AM,RTD,8/31/2026 1:45:00 AM,CLUZ,Ru,469.20,
8/31/2026 1:40:00 AM,RTD,8/31/2026 1:45:00 AM,CMIN,Ru,20592.36,
8/31/2026 1:45:00 AM,RTD,8/31/2026 1:50:00 AM,CMIN,Dr,26.77,
8/31/2026 1:45:00 AM,RTD,8/31/2026 1:50:00 AM,CLUZ,Dr,799.08,
8/31/2026 1:45:00 AM,RTD,8/31/2026 1:50:00 AM,CVIS,Dr,1900,
8/31/2026 1:45:00 AM,RTD,8/31/2026 1:50:00 AM,CVIS,Fr,23000,
8/31/2026 1:45:00 AM,RTD,8/31/2026 1:50:00 AM,CMIN,Fr,3258.92,
8/31/2026 1:45:00 AM,RTD,8/31/2026 1:50:00 AM,CLUZ,Fr,155,
8/31/2026 1:45:00 AM,RTD,8/31/2026 1:50:00 AM,CVIS,Rd,19998,
8/31/2026 1:45:00 AM,RTD,8/31/2026 1:50:00 AM,CLUZ,Rd,450,
8/31/2026 1:45:00 AM,RTD,8/31/2026 1:50:00 AM,CMIN,Rd,24999.83,
8/31/2026 1:45:00 AM,RTD,8/31/2026 1:50:00 AM,CMIN,Ru,22633.56,
8/31/2026 1:45:00 AM,RTD,8/31/2026 1:50:00 AM,CVIS,Ru,19999,
8/31/2026 1:45:00 AM,RTD,8/31/2026 1:50:00 AM,CLUZ,Ru,469.22,
8/31/2026 1:50:00 AM,RTD,8/31/2026 1:55:00 AM,CVIS,Dr,1900,
8/31/2026 1:50:00 AM,RTD,8/31/2026 1:55:00 AM,CMIN,Dr,0,
8/31/2026 1:50:00 AM,RTD,8/31/2026 1:55:00 AM,CLUZ,Dr,799.08,
8/31/2026 1:50:00 AM,RTD,8/31/2026 1:55:00 AM,CMIN,Fr,3250,
8/31/2026 1:50:00 AM,RTD,8/31/2026 1:55:00 AM,CVIS,Fr,23000,
8/31/2026 1:50:00 AM,RTD,8/31/2026 1:55:00 AM,CLUZ,Fr,155,
8/31/2026 1:50:00 AM,RTD,8/31/2026 1:55:00 AM,CVIS,Rd,19998,
8/31/2026 1:50:00 AM,RTD,8/31/2026 1:55:00 AM,CMIN,Rd,24999.83,
8/31/2026 1:50:00 AM,RTD,8/31/2026 1:55:00 AM,CLUZ,Rd,450,
8/31/2026 1:50:00 AM,RTD,8/31/2026 1:55:00 AM,CVIS,Ru,19999,
8/31/2026 1:50:00 AM,RTD,8/31/2026 1:55:00 AM,CLUZ,Ru,469.18,
8/31/2026 1:50:00 AM,RTD,8/31/2026 1:55:00 AM,CMIN,Ru,22077.68,
8/31/2026 1:55:00 AM,RTD,8/31/2026 2:00:00 AM,CVIS,Dr,1900,
8/31/2026 1:55:00 AM,RTD,8/31/2026 2:00:00 AM,CMIN,Dr,0,
8/31/2026 1:55:00 AM,RTD,8/31/2026 2:00:00 AM,CLUZ,Dr,799.08,
8/31/2026 1:55:00 AM,RTD,8/31/2026 2:00:00 AM,CMIN,Fr,3250,
8/31/2026 1:55:00 AM,RTD,8/31/2026 2:00:00 AM,CVIS,Fr,23000,
8/31/2026 1:55:00 AM,RTD,8/31/2026 2:00:00 AM,CLUZ,Fr,150,
8/31/2026 1:55:00 AM,RTD,8/31/2026 2:00:00 AM,CVIS,Rd,19998,
8/31/2026 1:55:00 AM,RTD,8/31/2026 2:00:00 AM,CMIN,Rd,24999.83,
8/31/2026 1:55:00 AM,RTD,8/31/2026 2:00:00 AM,CLUZ,Rd,450,
8/31/2026 1:55:00 AM,RTD,8/31/2026 2:00:00 AM,CVIS,Ru,19999,
8/31/2026 1:55:00 AM,RTD,8/31/2026 2:00:00 AM,CLUZ,Ru,451.99,
8/31/2026 1:55:00 AM,RTD,8/31/2026 2:00:00 AM,CMIN,Ru,21762.76,
8/31/2026 2:00:00 AM,RTD,8/31/2026 2:05:00 AM,CMIN,Dr,0,
8/31/2026 2:00:00 AM,RTD,8/31/2026 2:05:00 AM,CLUZ,Dr,799.08,
8/31/2026 2:00:00 AM,RTD,8/31/2026 2:05:00 AM,CVIS,Dr,200,
8/31/2026 2:00:00 AM,RTD,8/31/2026 2:05:00 AM,CMIN,Fr,3250,
8/31/2026 2:00:00 AM,RTD,8/31/2026 2:05:00 AM,CVIS,Fr,23000,
8/31/2026 2:00:00 AM,RTD,8/31/2026 2:05:00 AM,CLUZ,Fr,155,
8/31/2026 2:00:00 AM,RTD,8/31/2026 2:05:00 AM,CMIN,Rd,24999.83,
8/31/2026 2:00:00 AM,RTD,8/31/2026 2:05:00 AM,CLUZ,Rd,450,
8/31/2026 2:00:00 AM,RTD,8/31/2026 2:05:00 AM,CVIS,Rd,19998,
8/31/2026 2:00:00 AM,RTD,8/31/2026 2:05:00 AM,CMIN,Ru,18000.09,
8/31/2026 2:00:00 AM,RTD,8/31/2026 2:05:00 AM,CLUZ,Ru,450,
8/31/2026 2:00:00 AM,RTD,8/31/2026 2:05:00 AM,CVIS,Ru,19999,
8/31/2026 2:05:00 AM,RTD,8/31/2026 2:10:00 AM,CVIS,Dr,200,
8/31/2026 2:05:00 AM,RTD,8/31/2026 2:10:00 AM,CMIN,Dr,0,
8/31/2026 2:05:00 AM,RTD,8/31/2026 2:10:00 AM,CLUZ,Dr,799.08,
8/31/2026 2:05:00 AM,RTD,8/31/2026 2:10:00 AM,CLUZ,Fr,155,
8/31/2026 2:05:00 AM,RTD,8/31/2026 2:10:00 AM,CMIN,Fr,3250,
8/31/2026 2:05:00 AM,RTD,8/31/2026 2:10:00 AM,CVIS,Fr,23000,
8/31/2026 2:05:00 AM,RTD,8/31/2026 2:10:00 AM,CLUZ,Rd,450,
8/31/2026 2:05:00 AM,RTD,8/31/2026 2:10:00 AM,CVIS,Rd,19998,
8/31/2026 2:05:00 AM,RTD,8/31/2026 2:10:00 AM,CMIN,Rd,24999.83,
8/31/2026 2:05:00 AM,RTD,8/31/2026 2:10:00 AM,CLUZ,Ru,450.99,
8/31/2026 2:05:00 AM,RTD,8/31/2026 2:10:00 AM,CMIN,Ru,18000.09,
8/31/2026 2:05:00 AM,RTD,8/31/2026 2:10:00 AM,CVIS,Ru,19998,
8/31/2026 2:10:00 AM,RTD,8/31/2026 2:15:00 AM,CMIN,Dr,0,
8/31/2026 2:10:00 AM,RTD,8/31/2026 2:15:00 AM,CLUZ,Dr,799.08,
8/31/2026 2:10:00 AM,RTD,8/31/2026 2:15:00 AM,CVIS,Dr,200,
8/31/2026 2:10:00 AM,RTD,8/31/2026 2:15:00 AM,CLUZ,Fr,155,
8/31/2026 2:10:00 AM,RTD,8/31/2026 2:15:00 AM,CVIS,Fr,23000,
8/31/2026 2:10:00 AM,RTD,8/31/2026 2:15:00 AM,CMIN,Fr,3250,
8/31/2026 2:10:00 AM,RTD,8/31/2026 2:15:00 AM,CMIN,Rd,24999.83,
8/31/2026 2:10:00 AM,RTD,8/31/2026 2:15:00 AM,CLUZ,Rd,450,
8/31/2026 2:10:00 AM,RTD,8/31/2026 2:15:00 AM,CVIS,Rd,19998,
8/31/2026 2:10:00 AM,RTD,8/31/2026 2:15:00 AM,CMIN,Ru,18000.09,
8/31/2026 2:10:00 AM,RTD,8/31/2026 2:15:00 AM,CLUZ,Ru,451.99,
8/31/2026 2:10:00 AM,RTD,8/31/2026 2:15:00 AM,CVIS,Ru,19998,
8/31/2026 2:15:00 AM,RTD,8/31/2026 2:20:00 AM,CLUZ,Dr,210,
8/31/2026 2:15:00 AM,RTD,8/31/2026 2:20:00 AM,CMIN,Dr,0,
8/31/2026 2:15:00 AM,RTD,8/31/2026 2:20:00 AM,CVIS,Dr,200,
8/31/2026 2:15:00 AM,RTD,8/31/2026 2:20:00 AM,CMIN,Fr,3250,
8/31/2026 2:15:00 AM,RTD,8/31/2026 2:20:00 AM,CLUZ,Fr,160,
8/31/2026 2:15:00 AM,RTD,8/31/2026 2:20:00 AM,CVIS,Fr,22609.15,
8/31/2026 2:15:00 AM,RTD,8/31/2026 2:20:00 AM,CLUZ,Rd,450,
8/31/2026 2:15:00 AM,RTD,8/31/2026 2:20:00 AM,CMIN,Rd,24999.83,
8/31/2026 2:15:00 AM,RTD,8/31/2026 2:20:00 AM,CVIS,Rd,19998,
8/31/2026 2:15:00 AM,RTD,8/31/2026 2:20:00 AM,CLUZ,Ru,451,
8/31/2026 2:15:00 AM,RTD,8/31/2026 2:20:00 AM,CMIN,Ru,18000.09,
8/31/2026 2:15:00 AM,RTD,8/31/2026 2:20:00 AM,CVIS,Ru,19998,
8/31/2026 2:20:00 AM,RTD,8/31/2026 2:25:00 AM,CVIS,Dr,200,
8/31/2026 2:20:00 AM,RTD,8/31/2026 2:25:00 AM,CMIN,Dr,0,
8/31/2026 2:20:00 AM,RTD,8/31/2026 2:25:00 AM,CLUZ,Dr,210,
8/31/2026 2:20:00 AM,RTD,8/31/2026 2:25:00 AM,CMIN,Fr,3250,
8/31/2026 2:20:00 AM,RTD,8/31/2026 2:25:00 AM,CVIS,Fr,20965.66,
8/31/2026 2:20:00 AM,RTD,8/31/2026 2:25:00 AM,CLUZ,Fr,160,
8/31/2026 2:20:00 AM,RTD,8/31/2026 2:25:00 AM,CVIS,Rd,19998,
8/31/2026 2:20:00 AM,RTD,8/31/2026 2:25:00 AM,CMIN,Rd,24999.83,
8/31/2026 2:20:00 AM,RTD,8/31/2026 2:25:00 AM,CLUZ,Rd,450,
8/31/2026 2:20:00 AM,RTD,8/31/2026 2:25:00 AM,CVIS,Ru,19998,
8/31/2026 2:20:00 AM,RTD,8/31/2026 2:25:00 AM,CLUZ,Ru,450.99,
8/31/2026 2:20:00 AM,RTD,8/31/2026 2:25:00 AM,CMIN,Ru,18000.09,
8/31/2026 2:25:00 AM,RTD,8/31/2026 2:30:00 AM,CVIS,Dr,200,
8/31/2026 2:25:00 AM,RTD,8/31/2026 2:30:00 AM,CMIN,Dr,0,
8/31/2026 2:25:00 AM,RTD,8/31/2026 2:30:00 AM,CLUZ,Dr,210,
8/31/2026 2:25:00 AM,RTD,8/31/2026 2:30:00 AM,CMIN,Fr,3250,
8/31/2026 2:25:00 AM,RTD,8/31/2026 2:30:00 AM,CVIS,Fr,20957.03,
8/31/2026 2:25:00 AM,RTD,8/31/2026 2:30:00 AM,CLUZ,Fr,160,
8/31/2026 2:25:00 AM,RTD,8/31/2026 2:30:00 AM,CVIS,Rd,19998,
8/31/2026 2:25:00 AM,RTD,8/31/2026 2:30:00 AM,CMIN,Rd,24999.83,
8/31/2026 2:25:00 AM,RTD,8/31/2026 2:30:00 AM,CLUZ,Rd,450,
8/31/2026 2:25:00 AM,RTD,8/31/2026 2:30:00 AM,CVIS,Ru,19998,
8/31/2026 2:25:00 AM,RTD,8/31/2026 2:30:00 AM,CLUZ,Ru,450.99,
8/31/2026 2:25:00 AM,RTD,8/31/2026 2:30:00 AM,CMIN,Ru,18000.09,
8/31/2026 2:30:00 AM,RTD,8/31/2026 2:35:00 AM,CVIS,Dr,1900,
8/31/2026 2:30:00 AM,RTD,8/31/2026 2:35:00 AM,CMIN,Dr,0,
8/31/2026 2:30:00 AM,RTD,8/31/2026 2:35:00 AM,CLUZ,Dr,210,
8/31/2026 2:30:00 AM,RTD,8/31/2026 2:35:00 AM,CMIN,Fr,3250,
8/31/2026 2:30:00 AM,RTD,8/31/2026 2:35:00 AM,CVIS,Fr,20944.25,
8/31/2026 2:30:00 AM,RTD,8/31/2026 2:35:00 AM,CLUZ,Fr,160,
8/31/2026 2:30:00 AM,RTD,8/31/2026 2:35:00 AM,CVIS,Rd,19998,
8/31/2026 2:30:00 AM,RTD,8/31/2026 2:35:00 AM,CMIN,Rd,24999.83,
8/31/2026 2:30:00 AM,RTD,8/31/2026 2:35:00 AM,CLUZ,Rd,450,
8/31/2026 2:30:00 AM,RTD,8/31/2026 2:35:00 AM,CVIS,Ru,19998,
8/31/2026 2:30:00 AM,RTD,8/31/2026 2:35:00 AM,CLUZ,Ru,450,
8/31/2026 2:30:00 AM,RTD,8/31/2026 2:35:00 AM,CMIN,Ru,18000.09,
8/31/2026 2:35:00 AM,RTD,8/31/2026 2:40:00 AM,CVIS,Dr,1900,
8/31/2026 2:35:00 AM,RTD,8/31/2026 2:40:00 AM,CMIN,Dr,0,
8/31/2026 2:35:00 AM,RTD,8/31/2026 2:40:00 AM,CLUZ,Dr,210,
8/31/2026 2:35:00 AM,RTD,8/31/2026 2:40:00 AM,CMIN,Fr,3250,
8/31/2026 2:35:00 AM,RTD,8/31/2026 2:40:00 AM,CVIS,Fr,20948.50,
8/31/2026 2:35:00 AM,RTD,8/31/2026 2:40:00 AM,CLUZ,Fr,160,
8/31/2026 2:35:00 AM,RTD,8/31/2026 2:40:00 AM,CVIS,Rd,19998,
8/31/2026 2:35:00 AM,RTD,8/31/2026 2:40:00 AM,CMIN,Rd,24999.83,
8/31/2026 2:35:00 AM,RTD,8/31/2026 2:40:00 AM,CLUZ,Rd,499,
8/31/2026 2:35:00 AM,RTD,8/31/2026 2:40:00 AM,CVIS,Ru,19998,
8/31/2026 2:35:00 AM,RTD,8/31/2026 2:40:00 AM,CLUZ,Ru,450,
8/31/2026 2:35:00 AM,RTD,8/31/2026 2:40:00 AM,CMIN,Ru,18000.09,
8/31/2026 2:40:00 AM,RTD,8/31/2026 2:45:00 AM,CVIS,Dr,1900,
8/31/2026 2:40:00 AM,RTD,8/31/2026 2:45:00 AM,CMIN,Dr,0,
8/31/2026 2:40:00 AM,RTD,8/31/2026 2:45:00 AM,CLUZ,Dr,210,
8/31/2026 2:40:00 AM,RTD,8/31/2026 2:45:00 AM,CMIN,Fr,3250,
8/31/2026 2:40:00 AM,RTD,8/31/2026 2:45:00 AM,CVIS,Fr,20428.97,
8/31/2026 2:40:00 AM,RTD,8/31/2026 2:45:00 AM,CLUZ,Fr,160,
8/31/2026 2:40:00 AM,RTD,8/31/2026 2:45:00 AM,CVIS,Rd,2001,
8/31/2026 2:40:00 AM,RTD,8/31/2026 2:45:00 AM,CMIN,Rd,24999.83,
8/31/2026 2:40:00 AM,RTD,8/31/2026 2:45:00 AM,CLUZ,Rd,499,
8/31/2026 2:40:00 AM,RTD,8/31/2026 2:45:00 AM,CVIS,Ru,19998,
8/31/2026 2:40:00 AM,RTD,8/31/2026 2:45:00 AM,CLUZ,Ru,450,
8/31/2026 2:40:00 AM,RTD,8/31/2026 2:45:00 AM,CMIN,Ru,18000.09,
8/31/2026 2:45:00 AM,RTD,8/31/2026 2:50:00 AM,CVIS,Dr,1900,
8/31/2026 2:45:00 AM,RTD,8/31/2026 2:50:00 AM,CMIN,Dr,0,
8/31/2026 2:45:00 AM,RTD,8/31/2026 2:50:00 AM,CLUZ,Dr,210,
8/31/2026 2:45:00 AM,RTD,8/31/2026 2:50:00 AM,CMIN,Fr,3250,
8/31/2026 2:45:00 AM,RTD,8/31/2026 2:50:00 AM,CVIS,Fr,20000,
8/31/2026 2:45:00 AM,RTD,8/31/2026 2:50:00 AM,CLUZ,Fr,160,
8/31/2026 2:45:00 AM,RTD,8/31/2026 2:50:00 AM,CVIS,Rd,2001,
8/31/2026 2:45:00 AM,RTD,8/31/2026 2:50:00 AM,CMIN,Rd,24999.83,
8/31/2026 2:45:00 AM,RTD,8/31/2026 2:50:00 AM,CLUZ,Rd,499,
8/31/2026 2:45:00 AM,RTD,8/31/2026 2:50:00 AM,CVIS,Ru,12198.93,
8/31/2026 2:45:00 AM,RTD,8/31/2026 2:50:00 AM,CLUZ,Ru,499,
8/31/2026 2:45:00 AM,RTD,8/31/2026 2:50:00 AM,CMIN,Ru,18000.09,
8/31/2026 2:50:00 AM,RTD,8/31/2026 2:55:00 AM,CVIS,Dr,1900,
8/31/2026 2:50:00 AM,RTD,8/31/2026 2:55:00 AM,CMIN,Dr,0,
8/31/2026 2:50:00 AM,RTD,8/31/2026 2:55:00 AM,CLUZ,Dr,210,
8/31/2026 2:50:00 AM,RTD,8/31/2026 2:55:00 AM,CMIN,Fr,3250,
8/31/2026 2:50:00 AM,RTD,8/31/2026 2:55:00 AM,CVIS,Fr,20000,
8/31/2026 2:50:00 AM,RTD,8/31/2026 2:55:00 AM,CLUZ,Fr,160,
8/31/2026 2:50:00 AM,RTD,8/31/2026 2:55:00 AM,CVIS,Rd,2001,
8/31/2026 2:50:00 AM,RTD,8/31/2026 2:55:00 AM,CMIN,Rd,24999.83,
8/31/2026 2:50:00 AM,RTD,8/31/2026 2:55:00 AM,CLUZ,Rd,499,
8/31/2026 2:50:00 AM,RTD,8/31/2026 2:55:00 AM,CVIS,Ru,2001,
8/31/2026 2:50:00 AM,RTD,8/31/2026 2:55:00 AM,CLUZ,Ru,450,
8/31/2026 2:50:00 AM,RTD,8/31/2026 2:55:00 AM,CMIN,Ru,18000.08,
8/31/2026 2:55:00 AM,RTD,8/31/2026 3:00:00 AM,CVIS,Dr,1900,
8/31/2026 2:55:00 AM,RTD,8/31/2026 3:00:00 AM,CMIN,Dr,0,
8/31/2026 2:55:00 AM,RTD,8/31/2026 3:00:00 AM,CLUZ,Dr,210,
8/31/2026 2:55:00 AM,RTD,8/31/2026 3:00:00 AM,CMIN,Fr,3250,
8/31/2026 2:55:00 AM,RTD,8/31/2026 3:00:00 AM,CVIS,Fr,19000,
8/31/2026 2:55:00 AM,RTD,8/31/2026 3:00:00 AM,CLUZ,Fr,160,
8/31/2026 2:55:00 AM,RTD,8/31/2026 3:00:00 AM,CVIS,Rd,2001,
8/31/2026 2:55:00 AM,RTD,8/31/2026 3:00:00 AM,CMIN,Rd,24999.83,
8/31/2026 2:55:00 AM,RTD,8/31/2026 3:00:00 AM,CLUZ,Rd,499,
8/31/2026 2:55:00 AM,RTD,8/31/2026 3:00:00 AM,CVIS,Ru,2001,
8/31/2026 2:55:00 AM,RTD,8/31/2026 3:00:00 AM,CLUZ,Ru,499,
8/31/2026 2:55:00 AM,RTD,8/31/2026 3:00:00 AM,CMIN,Ru,18000.08,
8/31/2026 3:00:00 AM,RTD,8/31/2026 3:05:00 AM,CVIS,Dr,8000,
8/31/2026 3:00:00 AM,RTD,8/31/2026 3:05:00 AM,CMIN,Dr,0,
8/31/2026 3:00:00 AM,RTD,8/31/2026 3:05:00 AM,CLUZ,Dr,210,
8/31/2026 3:00:00 AM,RTD,8/31/2026 3:05:00 AM,CMIN,Fr,3250,
8/31/2026 3:00:00 AM,RTD,8/31/2026 3:05:00 AM,CVIS,Fr,18000,
8/31/2026 3:00:00 AM,RTD,8/31/2026 3:05:00 AM,CLUZ,Fr,160,
8/31/2026 3:00:00 AM,RTD,8/31/2026 3:05:00 AM,CVIS,Rd,2001,
8/31/2026 3:00:00 AM,RTD,8/31/2026 3:05:00 AM,CMIN,Rd,24999.83,
8/31/2026 3:00:00 AM,RTD,8/31/2026 3:05:00 AM,CLUZ,Rd,550,
8/31/2026 3:00:00 AM,RTD,8/31/2026 3:05:00 AM,CVIS,Ru,2001,
8/31/2026 3:00:00 AM,RTD,8/31/2026 3:05:00 AM,CLUZ,Ru,550,
8/31/2026 3:00:00 AM,RTD,8/31/2026 3:05:00 AM,CMIN,Ru,18000.08,
8/31/2026 3:05:00 AM,RTD,8/31/2026 3:10:00 AM,CVIS,Dr,8000,
8/31/2026 3:05:00 AM,RTD,8/31/2026 3:10:00 AM,CMIN,Dr,0,
8/31/2026 3:05:00 AM,RTD,8/31/2026 3:10:00 AM,CLUZ,Dr,210,
8/31/2026 3:05:00 AM,RTD,8/31/2026 3:10:00 AM,CMIN,Fr,3250,
8/31/2026 3:05:00 AM,RTD,8/31/2026 3:10:00 AM,CVIS,Fr,18000,
8/31/2026 3:05:00 AM,RTD,8/31/2026 3:10:00 AM,CLUZ,Fr,160,
8/31/2026 3:05:00 AM,RTD,8/31/2026 3:10:00 AM,CVIS,Rd,2001,
8/31/2026 3:05:00 AM,RTD,8/31/2026 3:10:00 AM,CMIN,Rd,24999.83,
8/31/2026 3:05:00 AM,RTD,8/31/2026 3:10:00 AM,CLUZ,Rd,550,
8/31/2026 3:05:00 AM,RTD,8/31/2026 3:10:00 AM,CVIS,Ru,2001,
8/31/2026 3:05:00 AM,RTD,8/31/2026 3:10:00 AM,CLUZ,Ru,550,
8/31/2026 3:05:00 AM,RTD,8/31/2026 3:10:00 AM,CMIN,Ru,18000.08,
8/31/2026 3:10:00 AM,RTD,8/31/2026 3:15:00 AM,CVIS,Dr,8000,
8/31/2026 3:10:00 AM,RTD,8/31/2026 3:15:00 AM,CMIN,Dr,0,
8/31/2026 3:10:00 AM,RTD,8/31/2026 3:15:00 AM,CLUZ,Dr,210,
8/31/2026 3:10:00 AM,RTD,8/31/2026 3:15:00 AM,CMIN,Fr,3250,
8/31/2026 3:10:00 AM,RTD,8/31/2026 3:15:00 AM,CVIS,Fr,18000,
8/31/2026 3:10:00 AM,RTD,8/31/2026 3:15:00 AM,CLUZ,Fr,160,
8/31/2026 3:10:00 AM,RTD,8/31/2026 3:15:00 AM,CVIS,Rd,2001,
8/31/2026 3:10:00 AM,RTD,8/31/2026 3:15:00 AM,CMIN,Rd,24999.83,
8/31/2026 3:10:00 AM,RTD,8/31/2026 3:15:00 AM,CLUZ,Rd,537.50,
8/31/2026 3:10:00 AM,RTD,8/31/2026 3:15:00 AM,CVIS,Ru,2001,
8/31/2026 3:10:00 AM,RTD,8/31/2026 3:15:00 AM,CLUZ,Ru,450,
8/31/2026 3:10:00 AM,RTD,8/31/2026 3:15:00 AM,CMIN,Ru,18000.08,
8/31/2026 3:15:00 AM,RTD,8/31/2026 3:20:00 AM,CVIS,Dr,8000,
8/31/2026 3:15:00 AM,RTD,8/31/2026 3:20:00 AM,CMIN,Dr,0,
8/31/2026 3:15:00 AM,RTD,8/31/2026 3:20:00 AM,CLUZ,Dr,210,
8/31/2026 3:15:00 AM,RTD,8/31/2026 3:20:00 AM,CMIN,Fr,5000,
8/31/2026 3:15:00 AM,RTD,8/31/2026 3:20:00 AM,CVIS,Fr,18000,
8/31/2026 3:15:00 AM,RTD,8/31/2026 3:20:00 AM,CLUZ,Fr,160,
8/31/2026 3:15:00 AM,RTD,8/31/2026 3:20:00 AM,CVIS,Rd,2001,
8/31/2026 3:15:00 AM,RTD,8/31/2026 3:20:00 AM,CMIN,Rd,24999.83,
8/31/2026 3:15:00 AM,RTD,8/31/2026 3:20:00 AM,CLUZ,Rd,450,
8/31/2026 3:15:00 AM,RTD,8/31/2026 3:20:00 AM,CVIS,Ru,2001,
8/31/2026 3:15:00 AM,RTD,8/31/2026 3:20:00 AM,CLUZ,Ru,450,
8/31/2026 3:15:00 AM,RTD,8/31/2026 3:20:00 AM,CMIN,Ru,24999.83,
8/31/2026 3:20:00 AM,RTD,8/31/2026 3:25:00 AM,CLUZ,Dr,210,
8/31/2026 3:20:00 AM,RTD,8/31/2026 3:25:00 AM,CVIS,Dr,7000,
8/31/2026 3:20:00 AM,RTD,8/31/2026 3:25:00 AM,CMIN,Dr,0,
8/31/2026 3:20:00 AM,RTD,8/31/2026 3:25:00 AM,CVIS,Fr,16500,
8/31/2026 3:20:00 AM,RTD,8/31/2026 3:25:00 AM,CLUZ,Fr,160,
8/31/2026 3:20:00 AM,RTD,8/31/2026 3:25:00 AM,CMIN,Fr,5000,
8/31/2026 3:20:00 AM,RTD,8/31/2026 3:25:00 AM,CLUZ,Rd,450,
8/31/2026 3:20:00 AM,RTD,8/31/2026 3:25:00 AM,CVIS,Rd,19998,
8/31/2026 3:20:00 AM,RTD,8/31/2026 3:25:00 AM,CMIN,Rd,24999.83,
8/31/2026 3:20:00 AM,RTD,8/31/2026 3:25:00 AM,CLUZ,Ru,451.99,
8/31/2026 3:20:00 AM,RTD,8/31/2026 3:25:00 AM,CMIN,Ru,24999.83,
8/31/2026 3:20:00 AM,RTD,8/31/2026 3:25:00 AM,CVIS,Ru,19998,
8/31/2026 3:25:00 AM,RTD,8/31/2026 3:30:00 AM,CVIS,Dr,7000,
8/31/2026 3:25:00 AM,RTD,8/31/2026 3:30:00 AM,CMIN,Dr,0,
8/31/2026 3:25:00 AM,RTD,8/31/2026 3:30:00 AM,CLUZ,Dr,210,
8/31/2026 3:25:00 AM,RTD,8/31/2026 3:30:00 AM,CMIN,Fr,4117.43,
8/31/2026 3:25:00 AM,RTD,8/31/2026 3:30:00 AM,CVIS,Fr,16500,
8/31/2026 3:25:00 AM,RTD,8/31/2026 3:30:00 AM,CLUZ,Fr,160,
8/31/2026 3:25:00 AM,RTD,8/31/2026 3:30:00 AM,CMIN,Rd,24999.83,
8/31/2026 3:25:00 AM,RTD,8/31/2026 3:30:00 AM,CVIS,Rd,19998,
8/31/2026 3:25:00 AM,RTD,8/31/2026 3:30:00 AM,CLUZ,Rd,450,
8/31/2026 3:25:00 AM,RTD,8/31/2026 3:30:00 AM,CMIN,Ru,24999.83,
8/31/2026 3:25:00 AM,RTD,8/31/2026 3:30:00 AM,CVIS,Ru,19998,
8/31/2026 3:25:00 AM,RTD,8/31/2026 3:30:00 AM,CLUZ,Ru,452,
8/31/2026 3:30:00 AM,RTD,8/31/2026 3:35:00 AM,CVIS,Dr,7000,
8/31/2026 3:30:00 AM,RTD,8/31/2026 3:35:00 AM,CMIN,Dr,0,
8/31/2026 3:30:00 AM,RTD,8/31/2026 3:35:00 AM,CLUZ,Dr,210,
8/31/2026 3:30:00 AM,RTD,8/31/2026 3:35:00 AM,CMIN,Fr,4094.35,
8/31/2026 3:30:00 AM,RTD,8/31/2026 3:35:00 AM,CVIS,Fr,16500,
8/31/2026 3:30:00 AM,RTD,8/31/2026 3:35:00 AM,CLUZ,Fr,1100,
8/31/2026 3:30:00 AM,RTD,8/31/2026 3:35:00 AM,CVIS,Rd,19998,
8/31/2026 3:30:00 AM,RTD,8/31/2026 3:35:00 AM,CMIN,Rd,24999.83,
8/31/2026 3:30:00 AM,RTD,8/31/2026 3:35:00 AM,CLUZ,Rd,450,
8/31/2026 3:30:00 AM,RTD,8/31/2026 3:35:00 AM,CVIS,Ru,19998,
8/31/2026 3:30:00 AM,RTD,8/31/2026 3:35:00 AM,CLUZ,Ru,550,
8/31/2026 3:30:00 AM,RTD,8/31/2026 3:35:00 AM,CMIN,Ru,24999.83,
8/31/2026 3:35:00 AM,RTD,8/31/2026 3:40:00 AM,CVIS,Dr,7000,
8/31/2026 3:35:00 AM,RTD,8/31/2026 3:40:00 AM,CMIN,Dr,0,
8/31/2026 3:35:00 AM,RTD,8/31/2026 3:40:00 AM,CLUZ,Dr,210,
8/31/2026 3:35:00 AM,RTD,8/31/2026 3:40:00 AM,CMIN,Fr,4095.24,
8/31/2026 3:35:00 AM,RTD,8/31/2026 3:40:00 AM,CVIS,Fr,16500,
8/31/2026 3:35:00 AM,RTD,8/31/2026 3:40:00 AM,CLUZ,Fr,1100,
8/31/2026 3:35:00 AM,RTD,8/31/2026 3:40:00 AM,CVIS,Rd,19998,
8/31/2026 3:35:00 AM,RTD,8/31/2026 3:40:00 AM,CMIN,Rd,24999.83,
8/31/2026 3:35:00 AM,RTD,8/31/2026 3:40:00 AM,CLUZ,Rd,450,
8/31/2026 3:35:00 AM,RTD,8/31/2026 3:40:00 AM,CVIS,Ru,19998,
8/31/2026 3:35:00 AM,RTD,8/31/2026 3:40:00 AM,CLUZ,Ru,550,
8/31/2026 3:35:00 AM,RTD,8/31/2026 3:40:00 AM,CMIN,Ru,24999.83,
8/31/2026 3:40:00 AM,RTD,8/31/2026 3:45:00 AM,CVIS,Dr,7000,
8/31/2026 3:40:00 AM,RTD,8/31/2026 3:45:00 AM,CMIN,Dr,0,
8/31/2026 3:40:00 AM,RTD,8/31/2026 3:45:00 AM,CLUZ,Dr,210,
8/31/2026 3:40:00 AM,RTD,8/31/2026 3:45:00 AM,CMIN,Fr,3872,
8/31/2026 3:40:00 AM,RTD,8/31/2026 3:45:00 AM,CVIS,Fr,16500,
8/31/2026 3:40:00 AM,RTD,8/31/2026 3:45:00 AM,CLUZ,Fr,1100,
8/31/2026 3:40:00 AM,RTD,8/31/2026 3:45:00 AM,CVIS,Rd,19998,
8/31/2026 3:40:00 AM,RTD,8/31/2026 3:45:00 AM,CMIN,Rd,24999.83,
8/31/2026 3:40:00 AM,RTD,8/31/2026 3:45:00 AM,CLUZ,Rd,450,
8/31/2026 3:40:00 AM,RTD,8/31/2026 3:45:00 AM,CVIS,Ru,19998,
8/31/2026 3:40:00 AM,RTD,8/31/2026 3:45:00 AM,CLUZ,Ru,550,
8/31/2026 3:40:00 AM,RTD,8/31/2026 3:45:00 AM,CMIN,Ru,24999.83,
8/31/2026 3:45:00 AM,RTD,8/31/2026 3:50:00 AM,CVIS,Dr,7000,
8/31/2026 3:45:00 AM,RTD,8/31/2026 3:50:00 AM,CMIN,Dr,0,
8/31/2026 3:45:00 AM,RTD,8/31/2026 3:50:00 AM,CLUZ,Dr,210,
8/31/2026 3:45:00 AM,RTD,8/31/2026 3:50:00 AM,CMIN,Fr,3872,
8/31/2026 3:45:00 AM,RTD,8/31/2026 3:50:00 AM,CVIS,Fr,16500,
8/31/2026 3:45:00 AM,RTD,8/31/2026 3:50:00 AM,CLUZ,Fr,1100,
8/31/2026 3:45:00 AM,RTD,8/31/2026 3:50:00 AM,CVIS,Rd,19998,
8/31/2026 3:45:00 AM,RTD,8/31/2026 3:50:00 AM,CMIN,Rd,24999.83,
8/31/2026 3:45:00 AM,RTD,8/31/2026 3:50:00 AM,CLUZ,Rd,450,
8/31/2026 3:45:00 AM,RTD,8/31/2026 3:50:00 AM,CVIS,Ru,19998,
8/31/2026 3:45:00 AM,RTD,8/31/2026 3:50:00 AM,CLUZ,Ru,550,
8/31/2026 3:45:00 AM,RTD,8/31/2026 3:50:00 AM,CMIN,Ru,24999.83,
8/31/2026 3:50:00 AM,RTD,8/31/2026 3:55:00 AM,CVIS,Dr,7000,
8/31/2026 3:50:00 AM,RTD,8/31/2026 3:55:00 AM,CMIN,Dr,0,
8/31/2026 3:50:00 AM,RTD,8/31/2026 3:55:00 AM,CLUZ,Dr,210,
8/31/2026 3:50:00 AM,RTD,8/31/2026 3:55:00 AM,CMIN,Fr,3872,
8/31/2026 3:50:00 AM,RTD,8/31/2026 3:55:00 AM,CVIS,Fr,16500,
8/31/2026 3:50:00 AM,RTD,8/31/2026 3:55:00 AM,CLUZ,Fr,1100,
8/31/2026 3:50:00 AM,RTD,8/31/2026 3:55:00 AM,CVIS,Rd,19998,
8/31/2026 3:50:00 AM,RTD,8/31/2026 3:55:00 AM,CMIN,Rd,24999.83,
8/31/2026 3:50:00 AM,RTD,8/31/2026 3:55:00 AM,CLUZ,Rd,450,
8/31/2026 3:50:00 AM,RTD,8/31/2026 3:55:00 AM,CVIS,Ru,19998,
8/31/2026 3:50:00 AM,RTD,8/31/2026 3:55:00 AM,CLUZ,Ru,550,
8/31/2026 3:50:00 AM,RTD,8/31/2026 3:55:00 AM,CMIN,Ru,24999.83,
8/31/2026 3:55:00 AM,RTD,8/31/2026 4:00:00 AM,CLUZ,Dr,210,
8/31/2026 3:55:00 AM,RTD,8/31/2026 4:00:00 AM,CMIN,Dr,0,
8/31/2026 3:55:00 AM,RTD,8/31/2026 4:00:00 AM,CVIS,Dr,2000,
8/31/2026 3:55:00 AM,RTD,8/31/2026 4:00:00 AM,CVIS,Fr,16500,
8/31/2026 3:55:00 AM,RTD,8/31/2026 4:00:00 AM,CLUZ,Fr,1100,
8/31/2026 3:55:00 AM,RTD,8/31/2026 4:00:00 AM,CMIN,Fr,3872,
8/31/2026 3:55:00 AM,RTD,8/31/2026 4:00:00 AM,CMIN,Rd,24999.83,
8/31/2026 3:55:00 AM,RTD,8/31/2026 4:00:00 AM,CVIS,Rd,19998,
8/31/2026 3:55:00 AM,RTD,8/31/2026 4:00:00 AM,CLUZ,Rd,450,
8/31/2026 3:55:00 AM,RTD,8/31/2026 4:00:00 AM,CMIN,Ru,24999.83,
8/31/2026 3:55:00 AM,RTD,8/31/2026 4:00:00 AM,CVIS,Ru,19998,
8/31/2026 3:55:00 AM,RTD,8/31/2026 4:00:00 AM,CLUZ,Ru,550,
8/31/2026 4:00:00 AM,RTD,8/31/2026 4:05:00 AM,CVIS,Dr,7100,
8/31/2026 4:00:00 AM,RTD,8/31/2026 4:05:00 AM,CLUZ,Dr,210,
8/31/2026 4:00:00 AM,RTD,8/31/2026 4:05:00 AM,CMIN,Dr,0,
8/31/2026 4:00:00 AM,RTD,8/31/2026 4:05:00 AM,CMIN,Fr,3872,
8/31/2026 4:00:00 AM,RTD,8/31/2026 4:05:00 AM,CVIS,Fr,16500,
8/31/2026 4:00:00 AM,RTD,8/31/2026 4:05:00 AM,CLUZ,Fr,1100,
8/31/2026 4:00:00 AM,RTD,8/31/2026 4:05:00 AM,CLUZ,Rd,450,
8/31/2026 4:00:00 AM,RTD,8/31/2026 4:05:00 AM,CMIN,Rd,24999.83,
8/31/2026 4:00:00 AM,RTD,8/31/2026 4:05:00 AM,CVIS,Rd,19998,
8/31/2026 4:00:00 AM,RTD,8/31/2026 4:05:00 AM,CLUZ,Ru,550,
8/31/2026 4:00:00 AM,RTD,8/31/2026 4:05:00 AM,CMIN,Ru,24999.83,
8/31/2026 4:00:00 AM,RTD,8/31/2026 4:05:00 AM,CVIS,Ru,19998,
8/31/2026 4:05:00 AM,RTD,8/31/2026 4:10:00 AM,CVIS,Dr,7100,
8/31/2026 4:05:00 AM,RTD,8/31/2026 4:10:00 AM,CLUZ,Dr,210,
8/31/2026 4:05:00 AM,RTD,8/31/2026 4:10:00 AM,CMIN,Dr,0,
8/31/2026 4:05:00 AM,RTD,8/31/2026 4:10:00 AM,CMIN,Fr,3872,
8/31/2026 4:05:00 AM,RTD,8/31/2026 4:10:00 AM,CVIS,Fr,16500,
8/31/2026 4:05:00 AM,RTD,8/31/2026 4:10:00 AM,CLUZ,Fr,1100,
8/31/2026 4:05:00 AM,RTD,8/31/2026 4:10:00 AM,CVIS,Rd,19998,
8/31/2026 4:05:00 AM,RTD,8/31/2026 4:10:00 AM,CLUZ,Rd,450,
8/31/2026 4:05:00 AM,RTD,8/31/2026 4:10:00 AM,CMIN,Rd,24999.83,
8/31/2026 4:05:00 AM,RTD,8/31/2026 4:10:00 AM,CLUZ,Ru,550,
8/31/2026 4:05:00 AM,RTD,8/31/2026 4:10:00 AM,CMIN,Ru,24999.83,
8/31/2026 4:05:00 AM,RTD,8/31/2026 4:10:00 AM,CVIS,Ru,19998,
8/31/2026 4:10:00 AM,RTD,8/31/2026 4:15:00 AM,CLUZ,Dr,210,
8/31/2026 4:10:00 AM,RTD,8/31/2026 4:15:00 AM,CMIN,Dr,0,
8/31/2026 4:10:00 AM,RTD,8/31/2026 4:15:00 AM,CVIS,Dr,2000,
8/31/2026 4:10:00 AM,RTD,8/31/2026 4:15:00 AM,CLUZ,Fr,1100,
8/31/2026 4:10:00 AM,RTD,8/31/2026 4:15:00 AM,CMIN,Fr,4048.11,
8/31/2026 4:10:00 AM,RTD,8/31/2026 4:15:00 AM,CVIS,Fr,16500,
8/31/2026 4:10:00 AM,RTD,8/31/2026 4:15:00 AM,CVIS,Rd,19998,
8/31/2026 4:10:00 AM,RTD,8/31/2026 4:15:00 AM,CLUZ,Rd,450,
8/31/2026 4:10:00 AM,RTD,8/31/2026 4:15:00 AM,CMIN,Rd,24999.83,
8/31/2026 4:10:00 AM,RTD,8/31/2026 4:15:00 AM,CLUZ,Ru,550,
8/31/2026 4:10:00 AM,RTD,8/31/2026 4:15:00 AM,CMIN,Ru,24999.83,
8/31/2026 4:10:00 AM,RTD,8/31/2026 4:15:00 AM,CVIS,Ru,19998,
8/31/2026 4:15:00 AM,RTD,8/31/2026 4:20:00 AM,CLUZ,Dr,210,
8/31/2026 4:15:00 AM,RTD,8/31/2026 4:20:00 AM,CVIS,Dr,2000,
8/31/2026 4:15:00 AM,RTD,8/31/2026 4:20:00 AM,CMIN,Dr,0,
8/31/2026 4:15:00 AM,RTD,8/31/2026 4:20:00 AM,CMIN,Fr,4042.67,
8/31/2026 4:15:00 AM,RTD,8/31/2026 4:20:00 AM,CVIS,Fr,16500,
8/31/2026 4:15:00 AM,RTD,8/31/2026 4:20:00 AM,CLUZ,Fr,1100,
8/31/2026 4:15:00 AM,RTD,8/31/2026 4:20:00 AM,CLUZ,Rd,450,
8/31/2026 4:15:00 AM,RTD,8/31/2026 4:20:00 AM,CMIN,Rd,24999.83,
8/31/2026 4:15:00 AM,RTD,8/31/2026 4:20:00 AM,CVIS,Rd,19998,
8/31/2026 4:15:00 AM,RTD,8/31/2026 4:20:00 AM,CLUZ,Ru,550,
8/31/2026 4:15:00 AM,RTD,8/31/2026 4:20:00 AM,CMIN,Ru,24999.83,
8/31/2026 4:15:00 AM,RTD,8/31/2026 4:20:00 AM,CVIS,Ru,19998,
8/31/2026 4:20:00 AM,RTD,8/31/2026 4:25:00 AM,CVIS,Dr,2000,
8/31/2026 4:20:00 AM,RTD,8/31/2026 4:25:00 AM,CMIN,Dr,0,
8/31/2026 4:20:00 AM,RTD,8/31/2026 4:25:00 AM,CLUZ,Dr,210,
8/31/2026 4:20:00 AM,RTD,8/31/2026 4:25:00 AM,CVIS,Fr,16500,
8/31/2026 4:20:00 AM,RTD,8/31/2026 4:25:00 AM,CLUZ,Fr,1100,
8/31/2026 4:20:00 AM,RTD,8/31/2026 4:25:00 AM,CMIN,Fr,4021.78,
8/31/2026 4:20:00 AM,RTD,8/31/2026 4:25:00 AM,CVIS,Rd,19998,
8/31/2026 4:20:00 AM,RTD,8/31/2026 4:25:00 AM,CLUZ,Rd,450,
8/31/2026 4:20:00 AM,RTD,8/31/2026 4:25:00 AM,CMIN,Rd,24999.83,
8/31/2026 4:20:00 AM,RTD,8/31/2026 4:25:00 AM,CMIN,Ru,24999.83,
8/31/2026 4:20:00 AM,RTD,8/31/2026 4:25:00 AM,CVIS,Ru,19998,
8/31/2026 4:20:00 AM,RTD,8/31/2026 4:25:00 AM,CLUZ,Ru,550,
8/31/2026 4:25:00 AM,RTD,8/31/2026 4:30:00 AM,CVIS,Dr,2000,
8/31/2026 4:25:00 AM,RTD,8/31/2026 4:30:00 AM,CMIN,Dr,0,
8/31/2026 4:25:00 AM,RTD,8/31/2026 4:30:00 AM,CLUZ,Dr,210,
8/31/2026 4:25:00 AM,RTD,8/31/2026 4:30:00 AM,CMIN,Fr,4030.42,
8/31/2026 4:25:00 AM,RTD,8/31/2026 4:30:00 AM,CVIS,Fr,16500,
8/31/2026 4:25:00 AM,RTD,8/31/2026 4:30:00 AM,CLUZ,Fr,1100,
8/31/2026 4:25:00 AM,RTD,8/31/2026 4:30:00 AM,CVIS,Rd,19998,
8/31/2026 4:25:00 AM,RTD,8/31/2026 4:30:00 AM,CMIN,Rd,24999.83,
8/31/2026 4:25:00 AM,RTD,8/31/2026 4:30:00 AM,CLUZ,Rd,450,
8/31/2026 4:25:00 AM,RTD,8/31/2026 4:30:00 AM,CVIS,Ru,19998,
8/31/2026 4:25:00 AM,RTD,8/31/2026 4:30:00 AM,CLUZ,Ru,550,
8/31/2026 4:25:00 AM,RTD,8/31/2026 4:30:00 AM,CMIN,Ru,24999.83,
8/31/2026 4:30:00 AM,RTD,8/31/2026 4:35:00 AM,CVIS,Dr,2000,
8/31/2026 4:30:00 AM,RTD,8/31/2026 4:35:00 AM,CMIN,Dr,0,
8/31/2026 4:30:00 AM,RTD,8/31/2026 4:35:00 AM,CLUZ,Dr,210,
8/31/2026 4:30:00 AM,RTD,8/31/2026 4:35:00 AM,CMIN,Fr,4021.45,
8/31/2026 4:30:00 AM,RTD,8/31/2026 4:35:00 AM,CVIS,Fr,16500,
8/31/2026 4:30:00 AM,RTD,8/31/2026 4:35:00 AM,CLUZ,Fr,1100,
8/31/2026 4:30:00 AM,RTD,8/31/2026 4:35:00 AM,CVIS,Rd,19998,
8/31/2026 4:30:00 AM,RTD,8/31/2026 4:35:00 AM,CMIN,Rd,24999.83,
8/31/2026 4:30:00 AM,RTD,8/31/2026 4:35:00 AM,CLUZ,Rd,450,
8/31/2026 4:30:00 AM,RTD,8/31/2026 4:35:00 AM,CVIS,Ru,19998,
8/31/2026 4:30:00 AM,RTD,8/31/2026 4:35:00 AM,CLUZ,Ru,550,
8/31/2026 4:30:00 AM,RTD,8/31/2026 4:35:00 AM,CMIN,Ru,24999.83,
8/31/2026 4:35:00 AM,RTD,8/31/2026 4:40:00 AM,CMIN,Dr,0,
8/31/2026 4:35:00 AM,RTD,8/31/2026 4:40:00 AM,CLUZ,Dr,210,
8/31/2026 4:35:00 AM,RTD,8/31/2026 4:40:00 AM,CVIS,Dr,2000,
8/31/2026 4:35:00 AM,RTD,8/31/2026 4:40:00 AM,CLUZ,Fr,1100,
8/31/2026 4:35:00 AM,RTD,8/31/2026 4:40:00 AM,CMIN,Fr,3872,
8/31/2026 4:35:00 AM,RTD,8/31/2026 4:40:00 AM,CVIS,Fr,16500,
8/31/2026 4:35:00 AM,RTD,8/31/2026 4:40:00 AM,CMIN,Rd,24999.83,
8/31/2026 4:35:00 AM,RTD,8/31/2026 4:40:00 AM,CLUZ,Rd,450,
8/31/2026 4:35:00 AM,RTD,8/31/2026 4:40:00 AM,CVIS,Rd,19998,
8/31/2026 4:35:00 AM,RTD,8/31/2026 4:40:00 AM,CMIN,Ru,24999.83,
8/31/2026 4:35:00 AM,RTD,8/31/2026 4:40:00 AM,CVIS,Ru,19998,
8/31/2026 4:35:00 AM,RTD,8/31/2026 4:40:00 AM,CLUZ,Ru,550,
8/31/2026 4:40:00 AM,RTD,8/31/2026 4:45:00 AM,CVIS,Dr,2000,
8/31/2026 4:40:00 AM,RTD,8/31/2026 4:45:00 AM,CMIN,Dr,0,
8/31/2026 4:40:00 AM,RTD,8/31/2026 4:45:00 AM,CLUZ,Dr,210,
8/31/2026 4:40:00 AM,RTD,8/31/2026 4:45:00 AM,CMIN,Fr,3872,
8/31/2026 4:40:00 AM,RTD,8/31/2026 4:45:00 AM,CVIS,Fr,16500,
8/31/2026 4:40:00 AM,RTD,8/31/2026 4:45:00 AM,CLUZ,Fr,1100,
8/31/2026 4:40:00 AM,RTD,8/31/2026 4:45:00 AM,CVIS,Rd,19998,
8/31/2026 4:40:00 AM,RTD,8/31/2026 4:45:00 AM,CMIN,Rd,24999.83,
8/31/2026 4:40:00 AM,RTD,8/31/2026 4:45:00 AM,CLUZ,Rd,450,
8/31/2026 4:40:00 AM,RTD,8/31/2026 4:45:00 AM,CVIS,Ru,19998,
8/31/2026 4:40:00 AM,RTD,8/31/2026 4:45:00 AM,CLUZ,Ru,550,
8/31/2026 4:40:00 AM,RTD,8/31/2026 4:45:00 AM,CMIN,Ru,24999.83,
8/31/2026 4:45:00 AM,RTD,8/31/2026 4:50:00 AM,CMIN,Dr,0,
8/31/2026 4:45:00 AM,RTD,8/31/2026 4:50:00 AM,CVIS,Dr,2000,
8/31/2026 4:45:00 AM,RTD,8/31/2026 4:50:00 AM,CLUZ,Dr,210,
8/31/2026 4:45:00 AM,RTD,8/31/2026 4:50:00 AM,CLUZ,Fr,1100,
8/31/2026 4:45:00 AM,RTD,8/31/2026 4:50:00 AM,CMIN,Fr,3988.56,
8/31/2026 4:45:00 AM,RTD,8/31/2026 4:50:00 AM,CVIS,Fr,16500,
8/31/2026 4:45:00 AM,RTD,8/31/2026 4:50:00 AM,CVIS,Rd,19998,
8/31/2026 4:45:00 AM,RTD,8/31/2026 4:50:00 AM,CLUZ,Rd,450,
8/31/2026 4:45:00 AM,RTD,8/31/2026 4:50:00 AM,CMIN,Rd,24999.83,
8/31/2026 4:45:00 AM,RTD,8/31/2026 4:50:00 AM,CVIS,Ru,19998,
8/31/2026 4:45:00 AM,RTD,8/31/2026 4:50:00 AM,CLUZ,Ru,550,
8/31/2026 4:45:00 AM,RTD,8/31/2026 4:50:00 AM,CMIN,Ru,24999.83,
8/31/2026 4:50:00 AM,RTD,8/31/2026 4:55:00 AM,CVIS,Dr,2000,
8/31/2026 4:50:00 AM,RTD,8/31/2026 4:55:00 AM,CMIN,Dr,0,
8/31/2026 4:50:00 AM,RTD,8/31/2026 4:55:00 AM,CLUZ,Dr,210,
8/31/2026 4:50:00 AM,RTD,8/31/2026 4:55:00 AM,CMIN,Fr,3996.17,
8/31/2026 4:50:00 AM,RTD,8/31/2026 4:55:00 AM,CVIS,Fr,16500,
8/31/2026 4:50:00 AM,RTD,8/31/2026 4:55:00 AM,CLUZ,Fr,1100,
8/31/2026 4:50:00 AM,RTD,8/31/2026 4:55:00 AM,CVIS,Rd,19998,
8/31/2026 4:50:00 AM,RTD,8/31/2026 4:55:00 AM,CMIN,Rd,24999.83,
8/31/2026 4:50:00 AM,RTD,8/31/2026 4:55:00 AM,CLUZ,Rd,450,
8/31/2026 4:50:00 AM,RTD,8/31/2026 4:55:00 AM,CVIS,Ru,19998,
8/31/2026 4:50:00 AM,RTD,8/31/2026 4:55:00 AM,CLUZ,Ru,550,
8/31/2026 4:50:00 AM,RTD,8/31/2026 4:55:00 AM,CMIN,Ru,24999.83,
8/31/2026 4:55:00 AM,RTD,8/31/2026 5:00:00 AM,CVIS,Dr,2000,
8/31/2026 4:55:00 AM,RTD,8/31/2026 5:00:00 AM,CMIN,Dr,0,
8/31/2026 4:55:00 AM,RTD,8/31/2026 5:00:00 AM,CLUZ,Dr,210,
8/31/2026 4:55:00 AM,RTD,8/31/2026 5:00:00 AM,CMIN,Fr,5000,
8/31/2026 4:55:00 AM,RTD,8/31/2026 5:00:00 AM,CVIS,Fr,18000,
8/31/2026 4:55:00 AM,RTD,8/31/2026 5:00:00 AM,CLUZ,Fr,260,
8/31/2026 4:55:00 AM,RTD,8/31/2026 5:00:00 AM,CVIS,Rd,19998,
8/31/2026 4:55:00 AM,RTD,8/31/2026 5:00:00 AM,CMIN,Rd,24999.83,
8/31/2026 4:55:00 AM,RTD,8/31/2026 5:00:00 AM,CLUZ,Rd,450,
8/31/2026 4:55:00 AM,RTD,8/31/2026 5:00:00 AM,CVIS,Ru,19998,
8/31/2026 4:55:00 AM,RTD,8/31/2026 5:00:00 AM,CLUZ,Ru,550,
8/31/2026 4:55:00 AM,RTD,8/31/2026 5:00:00 AM,CMIN,Ru,24999.83,
8/31/2026 5:00:00 AM,RTD,8/31/2026 5:05:00 AM,CVIS,Dr,7800,
8/31/2026 5:00:00 AM,RTD,8/31/2026 5:05:00 AM,CMIN,Dr,0,
8/31/2026 5:00:00 AM,RTD,8/31/2026 5:05:00 AM,CLUZ,Dr,210,
8/31/2026 5:00:00 AM,RTD,8/31/2026 5:05:00 AM,CMIN,Fr,5000,
8/31/2026 5:00:00 AM,RTD,8/31/2026 5:05:00 AM,CVIS,Fr,19000,
8/31/2026 5:00:00 AM,RTD,8/31/2026 5:05:00 AM,CLUZ,Fr,260,
8/31/2026 5:00:00 AM,RTD,8/31/2026 5:05:00 AM,CVIS,Rd,19999,
8/31/2026 5:00:00 AM,RTD,8/31/2026 5:05:00 AM,CMIN,Rd,24999.83,
8/31/2026 5:00:00 AM,RTD,8/31/2026 5:05:00 AM,CLUZ,Rd,450,
8/31/2026 5:00:00 AM,RTD,8/31/2026 5:05:00 AM,CVIS,Ru,19999,
8/31/2026 5:00:00 AM,RTD,8/31/2026 5:05:00 AM,CLUZ,Ru,550,
8/31/2026 5:00:00 AM,RTD,8/31/2026 5:05:00 AM,CMIN,Ru,24999.83,
8/31/2026 5:05:00 AM,RTD,8/31/2026 5:10:00 AM,CVIS,Dr,7800,
8/31/2026 5:05:00 AM,RTD,8/31/2026 5:10:00 AM,CMIN,Dr,0,
8/31/2026 5:05:00 AM,RTD,8/31/2026 5:10:00 AM,CLUZ,Dr,210,
8/31/2026 5:05:00 AM,RTD,8/31/2026 5:10:00 AM,CMIN,Fr,5000,
8/31/2026 5:05:00 AM,RTD,8/31/2026 5:10:00 AM,CVIS,Fr,19000,
8/31/2026 5:05:00 AM,RTD,8/31/2026 5:10:00 AM,CLUZ,Fr,260,
8/31/2026 5:05:00 AM,RTD,8/31/2026 5:10:00 AM,CVIS,Rd,19999,
8/31/2026 5:05:00 AM,RTD,8/31/2026 5:10:00 AM,CMIN,Rd,24999.83,
8/31/2026 5:05:00 AM,RTD,8/31/2026 5:10:00 AM,CLUZ,Rd,450,
8/31/2026 5:05:00 AM,RTD,8/31/2026 5:10:00 AM,CVIS,Ru,19999,
8/31/2026 5:05:00 AM,RTD,8/31/2026 5:10:00 AM,CLUZ,Ru,550,
8/31/2026 5:05:00 AM,RTD,8/31/2026 5:10:00 AM,CMIN,Ru,24999.83,
8/31/2026 5:10:00 AM,RTD,8/31/2026 5:15:00 AM,CVIS,Dr,7800,
8/31/2026 5:10:00 AM,RTD,8/31/2026 5:15:00 AM,CMIN,Dr,0,
8/31/2026 5:10:00 AM,RTD,8/31/2026 5:15:00 AM,CLUZ,Dr,210,
8/31/2026 5:10:00 AM,RTD,8/31/2026 5:15:00 AM,CMIN,Fr,5000,
8/31/2026 5:10:00 AM,RTD,8/31/2026 5:15:00 AM,CVIS,Fr,20000,
8/31/2026 5:10:00 AM,RTD,8/31/2026 5:15:00 AM,CLUZ,Fr,260,
8/31/2026 5:10:00 AM,RTD,8/31/2026 5:15:00 AM,CVIS,Rd,19999,
8/31/2026 5:10:00 AM,RTD,8/31/2026 5:15:00 AM,CMIN,Rd,24999.83,
8/31/2026 5:10:00 AM,RTD,8/31/2026 5:15:00 AM,CLUZ,Rd,450,
8/31/2026 5:10:00 AM,RTD,8/31/2026 5:15:00 AM,CVIS,Ru,19999,
8/31/2026 5:10:00 AM,RTD,8/31/2026 5:15:00 AM,CLUZ,Ru,550,
8/31/2026 5:10:00 AM,RTD,8/31/2026 5:15:00 AM,CMIN,Ru,24999.83,
8/31/2026 5:15:00 AM,RTD,8/31/2026 5:20:00 AM,CVIS,Dr,7800,
8/31/2026 5:15:00 AM,RTD,8/31/2026 5:20:00 AM,CMIN,Dr,0,
8/31/2026 5:15:00 AM,RTD,8/31/2026 5:20:00 AM,CLUZ,Dr,210,
8/31/2026 5:15:00 AM,RTD,8/31/2026 5:20:00 AM,CMIN,Fr,5000,
8/31/2026 5:15:00 AM,RTD,8/31/2026 5:20:00 AM,CVIS,Fr,21242.40,
8/31/2026 5:15:00 AM,RTD,8/31/2026 5:20:00 AM,CLUZ,Fr,1100,
8/31/2026 5:15:00 AM,RTD,8/31/2026 5:20:00 AM,CVIS,Rd,19999,
8/31/2026 5:15:00 AM,RTD,8/31/2026 5:20:00 AM,CMIN,Rd,24999.83,
8/31/2026 5:15:00 AM,RTD,8/31/2026 5:20:00 AM,CLUZ,Rd,450,
8/31/2026 5:15:00 AM,RTD,8/31/2026 5:20:00 AM,CVIS,Ru,19999,
8/31/2026 5:15:00 AM,RTD,8/31/2026 5:20:00 AM,CLUZ,Ru,550,
8/31/2026 5:15:00 AM,RTD,8/31/2026 5:20:00 AM,CMIN,Ru,24999.83,
8/31/2026 5:20:00 AM,RTD,8/31/2026 5:25:00 AM,CVIS,Dr,7800,
8/31/2026 5:20:00 AM,RTD,8/31/2026 5:25:00 AM,CMIN,Dr,0,
8/31/2026 5:20:00 AM,RTD,8/31/2026 5:25:00 AM,CLUZ,Dr,210,
8/31/2026 5:20:00 AM,RTD,8/31/2026 5:25:00 AM,CMIN,Fr,3872,
8/31/2026 5:20:00 AM,RTD,8/31/2026 5:25:00 AM,CVIS,Fr,18000,
8/31/2026 5:20:00 AM,RTD,8/31/2026 5:25:00 AM,CLUZ,Fr,1100,
8/31/2026 5:20:00 AM,RTD,8/31/2026 5:25:00 AM,CVIS,Rd,19999,
8/31/2026 5:20:00 AM,RTD,8/31/2026 5:25:00 AM,CMIN,Rd,24999.83,
8/31/2026 5:20:00 AM,RTD,8/31/2026 5:25:00 AM,CLUZ,Rd,450,
8/31/2026 5:20:00 AM,RTD,8/31/2026 5:25:00 AM,CVIS,Ru,19999,
8/31/2026 5:20:00 AM,RTD,8/31/2026 5:25:00 AM,CLUZ,Ru,550,
8/31/2026 5:20:00 AM,RTD,8/31/2026 5:25:00 AM,CMIN,Ru,24999.83,
8/31/2026 5:25:00 AM,RTD,8/31/2026 5:30:00 AM,CVIS,Dr,7800,
8/31/2026 5:25:00 AM,RTD,8/31/2026 5:30:00 AM,CMIN,Dr,0,
8/31/2026 5:25:00 AM,RTD,8/31/2026 5:30:00 AM,CLUZ,Dr,210,
8/31/2026 5:25:00 AM,RTD,8/31/2026 5:30:00 AM,CMIN,Fr,3872,
8/31/2026 5:25:00 AM,RTD,8/31/2026 5:30:00 AM,CVIS,Fr,16500,
8/31/2026 5:25:00 AM,RTD,8/31/2026 5:30:00 AM,CLUZ,Fr,1130,
8/31/2026 5:25:00 AM,RTD,8/31/2026 5:30:00 AM,CVIS,Rd,19999,
8/31/2026 5:25:00 AM,RTD,8/31/2026 5:30:00 AM,CMIN,Rd,24999.83,
8/31/2026 5:25:00 AM,RTD,8/31/2026 5:30:00 AM,CLUZ,Rd,450,
8/31/2026 5:25:00 AM,RTD,8/31/2026 5:30:00 AM,CVIS,Ru,19999,
8/31/2026 5:25:00 AM,RTD,8/31/2026 5:30:00 AM,CLUZ,Ru,550,
8/31/2026 5:25:00 AM,RTD,8/31/2026 5:30:00 AM,CMIN,Ru,24999.83,
8/31/2026 5:30:00 AM,RTD,8/31/2026 5:35:00 AM,CVIS,Dr,1900,
8/31/2026 5:30:00 AM,RTD,8/31/2026 5:35:00 AM,CMIN,Dr,0,
8/31/2026 5:30:00 AM,RTD,8/31/2026 5:35:00 AM,CLUZ,Dr,210,
8/31/2026 5:30:00 AM,RTD,8/31/2026 5:35:00 AM,CMIN,Fr,3872,
8/31/2026 5:30:00 AM,RTD,8/31/2026 5:35:00 AM,CVIS,Fr,16500,
8/31/2026 5:30:00 AM,RTD,8/31/2026 5:35:00 AM,CLUZ,Fr,1130,
8/31/2026 5:30:00 AM,RTD,8/31/2026 5:35:00 AM,CVIS,Rd,19999,
8/31/2026 5:30:00 AM,RTD,8/31/2026 5:35:00 AM,CMIN,Rd,24999.83,
8/31/2026 5:30:00 AM,RTD,8/31/2026 5:35:00 AM,CLUZ,Rd,450,
8/31/2026 5:30:00 AM,RTD,8/31/2026 5:35:00 AM,CVIS,Ru,19999,
8/31/2026 5:30:00 AM,RTD,8/31/2026 5:35:00 AM,CLUZ,Ru,550,
8/31/2026 5:30:00 AM,RTD,8/31/2026 5:35:00 AM,CMIN,Ru,24999.83,
8/31/2026 5:35:00 AM,RTD,8/31/2026 5:40:00 AM,CVIS,Dr,1900,
8/31/2026 5:35:00 AM,RTD,8/31/2026 5:40:00 AM,CMIN,Dr,0,
8/31/2026 5:35:00 AM,RTD,8/31/2026 5:40:00 AM,CLUZ,Dr,210,
8/31/2026 5:35:00 AM,RTD,8/31/2026 5:40:00 AM,CMIN,Fr,4061.86,
8/31/2026 5:35:00 AM,RTD,8/31/2026 5:40:00 AM,CVIS,Fr,16500,
8/31/2026 5:35:00 AM,RTD,8/31/2026 5:40:00 AM,CLUZ,Fr,1130,
8/31/2026 5:35:00 AM,RTD,8/31/2026 5:40:00 AM,CVIS,Rd,19999,
8/31/2026 5:35:00 AM,RTD,8/31/2026 5:40:00 AM,CMIN,Rd,24999.83,
8/31/2026 5:35:00 AM,RTD,8/31/2026 5:40:00 AM,CLUZ,Rd,450,
8/31/2026 5:35:00 AM,RTD,8/31/2026 5:40:00 AM,CVIS,Ru,19999,
8/31/2026 5:35:00 AM,RTD,8/31/2026 5:40:00 AM,CLUZ,Ru,550,
8/31/2026 5:35:00 AM,RTD,8/31/2026 5:40:00 AM,CMIN,Ru,24999.83,
8/31/2026 5:40:00 AM,RTD,8/31/2026 5:45:00 AM,CVIS,Dr,1900,
8/31/2026 5:40:00 AM,RTD,8/31/2026 5:45:00 AM,CMIN,Dr,0,
8/31/2026 5:40:00 AM,RTD,8/31/2026 5:45:00 AM,CLUZ,Dr,210,
8/31/2026 5:40:00 AM,RTD,8/31/2026 5:45:00 AM,CMIN,Fr,4073.82,
8/31/2026 5:40:00 AM,RTD,8/31/2026 5:45:00 AM,CVIS,Fr,16500,
8/31/2026 5:40:00 AM,RTD,8/31/2026 5:45:00 AM,CLUZ,Fr,1130,
8/31/2026 5:40:00 AM,RTD,8/31/2026 5:45:00 AM,CVIS,Rd,19999,
8/31/2026 5:40:00 AM,RTD,8/31/2026 5:45:00 AM,CMIN,Rd,24999.83,
8/31/2026 5:40:00 AM,RTD,8/31/2026 5:45:00 AM,CLUZ,Rd,450,
8/31/2026 5:40:00 AM,RTD,8/31/2026 5:45:00 AM,CVIS,Ru,19999,
8/31/2026 5:40:00 AM,RTD,8/31/2026 5:45:00 AM,CLUZ,Ru,550,
8/31/2026 5:40:00 AM,RTD,8/31/2026 5:45:00 AM,CMIN,Ru,24999.83,
8/31/2026 5:45:00 AM,RTD,8/31/2026 5:50:00 AM,CLUZ,Dr,210,
8/31/2026 5:45:00 AM,RTD,8/31/2026 5:50:00 AM,CMIN,Dr,0,
8/31/2026 5:45:00 AM,RTD,8/31/2026 5:50:00 AM,CVIS,Dr,1900,
8/31/2026 5:45:00 AM,RTD,8/31/2026 5:50:00 AM,CMIN,Fr,4079.14,
8/31/2026 5:45:00 AM,RTD,8/31/2026 5:50:00 AM,CVIS,Fr,16500,
8/31/2026 5:45:00 AM,RTD,8/31/2026 5:50:00 AM,CLUZ,Fr,1130,
8/31/2026 5:45:00 AM,RTD,8/31/2026 5:50:00 AM,CMIN,Rd,24999.83,
8/31/2026 5:45:00 AM,RTD,8/31/2026 5:50:00 AM,CVIS,Rd,19999,
8/31/2026 5:45:00 AM,RTD,8/31/2026 5:50:00 AM,CLUZ,Rd,450,
8/31/2026 5:45:00 AM,RTD,8/31/2026 5:50:00 AM,CLUZ,Ru,550,
8/31/2026 5:45:00 AM,RTD,8/31/2026 5:50:00 AM,CMIN,Ru,24999.83,
8/31/2026 5:45:00 AM,RTD,8/31/2026 5:50:00 AM,CVIS,Ru,19999,
8/31/2026 5:50:00 AM,RTD,8/31/2026 5:55:00 AM,CVIS,Dr,1900,
8/31/2026 5:50:00 AM,RTD,8/31/2026 5:55:00 AM,CLUZ,Dr,210,
8/31/2026 5:50:00 AM,RTD,8/31/2026 5:55:00 AM,CMIN,Dr,0,
8/31/2026 5:50:00 AM,RTD,8/31/2026 5:55:00 AM,CMIN,Fr,3872,
8/31/2026 5:50:00 AM,RTD,8/31/2026 5:55:00 AM,CVIS,Fr,15000,
8/31/2026 5:50:00 AM,RTD,8/31/2026 5:55:00 AM,CLUZ,Fr,1130,
8/31/2026 5:50:00 AM,RTD,8/31/2026 5:55:00 AM,CLUZ,Rd,450,
8/31/2026 5:50:00 AM,RTD,8/31/2026 5:55:00 AM,CVIS,Rd,19999,
8/31/2026 5:50:00 AM,RTD,8/31/2026 5:55:00 AM,CMIN,Rd,24999.83,
8/31/2026 5:50:00 AM,RTD,8/31/2026 5:55:00 AM,CMIN,Ru,24999.83,
8/31/2026 5:50:00 AM,RTD,8/31/2026 5:55:00 AM,CVIS,Ru,19999,
8/31/2026 5:50:00 AM,RTD,8/31/2026 5:55:00 AM,CLUZ,Ru,11000,
8/31/2026 5:55:00 AM,RTD,8/31/2026 6:00:00 AM,CLUZ,Dr,210,
8/31/2026 5:55:00 AM,RTD,8/31/2026 6:00:00 AM,CMIN,Dr,0,
8/31/2026 5:55:00 AM,RTD,8/31/2026 6:00:00 AM,CVIS,Dr,1900,
8/31/2026 5:55:00 AM,RTD,8/31/2026 6:00:00 AM,CVIS,Fr,4683.25,
8/31/2026 5:55:00 AM,RTD,8/31/2026 6:00:00 AM,CMIN,Fr,3872,
8/31/2026 5:55:00 AM,RTD,8/31/2026 6:00:00 AM,CLUZ,Fr,1130,
8/31/2026 5:55:00 AM,RTD,8/31/2026 6:00:00 AM,CVIS,Rd,19999,
8/31/2026 5:55:00 AM,RTD,8/31/2026 6:00:00 AM,CMIN,Rd,24999.83,
8/31/2026 5:55:00 AM,RTD,8/31/2026 6:00:00 AM,CLUZ,Rd,450,
8/31/2026 5:55:00 AM,RTD,8/31/2026 6:00:00 AM,CLUZ,Ru,11000,
8/31/2026 5:55:00 AM,RTD,8/31/2026 6:00:00 AM,CMIN,Ru,24999.83,
8/31/2026 5:55:00 AM,RTD,8/31/2026 6:00:00 AM,CVIS,Ru,19999,
8/31/2026 6:00:00 AM,RTD,8/31/2026 6:05:00 AM,CMIN,Dr,900.08,
8/31/2026 6:00:00 AM,RTD,8/31/2026 6:05:00 AM,CLUZ,Dr,799.08,
8/31/2026 6:00:00 AM,RTD,8/31/2026 6:05:00 AM,CVIS,Dr,7800,
8/31/2026 6:00:00 AM,RTD,8/31/2026 6:05:00 AM,CMIN,Fr,7010.54,
8/31/2026 6:00:00 AM,RTD,8/31/2026 6:05:00 AM,CLUZ,Fr,160,
8/31/2026 6:00:00 AM,RTD,8/31/2026 6:05:00 AM,CVIS,Fr,16500,
8/31/2026 6:00:00 AM,RTD,8/31/2026 6:05:00 AM,CVIS,Rd,19999,
8/31/2026 6:00:00 AM,RTD,8/31/2026 6:05:00 AM,CLUZ,Rd,25000,
8/31/2026 6:00:00 AM,RTD,8/31/2026 6:05:00 AM,CMIN,Rd,24999.83,
8/31/2026 6:00:00 AM,RTD,8/31/2026 6:05:00 AM,CMIN,Ru,24999.89,
8/31/2026 6:00:00 AM,RTD,8/31/2026 6:05:00 AM,CLUZ,Ru,14420,
8/31/2026 6:00:00 AM,RTD,8/31/2026 6:05:00 AM,CVIS,Ru,25000,
8/31/2026 6:05:00 AM,RTD,8/31/2026 6:10:00 AM,CVIS,Dr,8000,
8/31/2026 6:05:00 AM,RTD,8/31/2026 6:10:00 AM,CMIN,Dr,0,
8/31/2026 6:05:00 AM,RTD,8/31/2026 6:10:00 AM,CLUZ,Dr,799.08,
8/31/2026 6:05:00 AM,RTD,8/31/2026 6:10:00 AM,CMIN,Fr,5000,
8/31/2026 6:05:00 AM,RTD,8/31/2026 6:10:00 AM,CVIS,Fr,16500,
8/31/2026 6:05:00 AM,RTD,8/31/2026 6:10:00 AM,CLUZ,Fr,160,
8/31/2026 6:05:00 AM,RTD,8/31/2026 6:10:00 AM,CVIS,Rd,19999,
8/31/2026 6:05:00 AM,RTD,8/31/2026 6:10:00 AM,CLUZ,Rd,25000,
8/31/2026 6:05:00 AM,RTD,8/31/2026 6:10:00 AM,CMIN,Rd,24999.83,
8/31/2026 6:05:00 AM,RTD,8/31/2026 6:10:00 AM,CVIS,Ru,19999,
8/31/2026 6:05:00 AM,RTD,8/31/2026 6:10:00 AM,CLUZ,Ru,14420,
8/31/2026 6:05:00 AM,RTD,8/31/2026 6:10:00 AM,CMIN,Ru,24999.83,
8/31/2026 6:10:00 AM,RTD,8/31/2026 6:15:00 AM,CMIN,Dr,0,
8/31/2026 6:10:00 AM,RTD,8/31/2026 6:15:00 AM,CVIS,Dr,8000,
8/31/2026 6:10:00 AM,RTD,8/31/2026 6:15:00 AM,CLUZ,Dr,799.08,
8/31/2026 6:10:00 AM,RTD,8/31/2026 6:15:00 AM,CMIN,Fr,5000,
8/31/2026 6:10:00 AM,RTD,8/31/2026 6:15:00 AM,CLUZ,Fr,160,
8/31/2026 6:10:00 AM,RTD,8/31/2026 6:15:00 AM,CVIS,Fr,17347.49,
8/31/2026 6:10:00 AM,RTD,8/31/2026 6:15:00 AM,CVIS,Rd,2001,
8/31/2026 6:10:00 AM,RTD,8/31/2026 6:15:00 AM,CLUZ,Rd,25000,
8/31/2026 6:10:00 AM,RTD,8/31/2026 6:15:00 AM,CMIN,Rd,24999.83,
8/31/2026 6:10:00 AM,RTD,8/31/2026 6:15:00 AM,CMIN,Ru,24999.83,
8/31/2026 6:10:00 AM,RTD,8/31/2026 6:15:00 AM,CLUZ,Ru,14420,
8/31/2026 6:10:00 AM,RTD,8/31/2026 6:15:00 AM,CVIS,Ru,7649.36,
8/31/2026 6:15:00 AM,RTD,8/31/2026 6:20:00 AM,CLUZ,Dr,799.08,
8/31/2026 6:15:00 AM,RTD,8/31/2026 6:20:00 AM,CMIN,Dr,0,
8/31/2026 6:15:00 AM,RTD,8/31/2026 6:20:00 AM,CVIS,Dr,7800,
8/31/2026 6:15:00 AM,RTD,8/31/2026 6:20:00 AM,CMIN,Fr,3872,
8/31/2026 6:15:00 AM,RTD,8/31/2026 6:20:00 AM,CLUZ,Fr,160,
8/31/2026 6:15:00 AM,RTD,8/31/2026 6:20:00 AM,CVIS,Fr,16500,
8/31/2026 6:15:00 AM,RTD,8/31/2026 6:20:00 AM,CLUZ,Rd,25000,
8/31/2026 6:15:00 AM,RTD,8/31/2026 6:20:00 AM,CMIN,Rd,24999.83,
8/31/2026 6:15:00 AM,RTD,8/31/2026 6:20:00 AM,CVIS,Rd,5695.23,
8/31/2026 6:15:00 AM,RTD,8/31/2026 6:20:00 AM,CLUZ,Ru,14420,
8/31/2026 6:15:00 AM,RTD,8/31/2026 6:20:00 AM,CMIN,Ru,24999.83,
8/31/2026 6:15:00 AM,RTD,8/31/2026 6:20:00 AM,CVIS,Ru,2001,
8/31/2026 6:20:00 AM,RTD,8/31/2026 6:25:00 AM,CVIS,Dr,7800,
8/31/2026 6:20:00 AM,RTD,8/31/2026 6:25:00 AM,CMIN,Dr,0,
8/31/2026 6:20:00 AM,RTD,8/31/2026 6:25:00 AM,CLUZ,Dr,799.08,
8/31/2026 6:20:00 AM,RTD,8/31/2026 6:25:00 AM,CMIN,Fr,3872,
8/31/2026 6:20:00 AM,RTD,8/31/2026 6:25:00 AM,CVIS,Fr,16500,
8/31/2026 6:20:00 AM,RTD,8/31/2026 6:25:00 AM,CLUZ,Fr,160,
8/31/2026 6:20:00 AM,RTD,8/31/2026 6:25:00 AM,CVIS,Rd,2073.68,
8/31/2026 6:20:00 AM,RTD,8/31/2026 6:25:00 AM,CMIN,Rd,24999.83,
8/31/2026 6:20:00 AM,RTD,8/31/2026 6:25:00 AM,CLUZ,Rd,25000,
8/31/2026 6:20:00 AM,RTD,8/31/2026 6:25:00 AM,CVIS,Ru,2001,
8/31/2026 6:20:00 AM,RTD,8/31/2026 6:25:00 AM,CLUZ,Ru,11000,
8/31/2026 6:20:00 AM,RTD,8/31/2026 6:25:00 AM,CMIN,Ru,24999.83,
8/31/2026 6:25:00 AM,RTD,8/31/2026 6:30:00 AM,CVIS,Dr,7800,
8/31/2026 6:25:00 AM,RTD,8/31/2026 6:30:00 AM,CMIN,Dr,0,
8/31/2026 6:25:00 AM,RTD,8/31/2026 6:30:00 AM,CLUZ,Dr,799.08,
8/31/2026 6:25:00 AM,RTD,8/31/2026 6:30:00 AM,CMIN,Fr,3872,
8/31/2026 6:25:00 AM,RTD,8/31/2026 6:30:00 AM,CVIS,Fr,16500,
8/31/2026 6:25:00 AM,RTD,8/31/2026 6:30:00 AM,CLUZ,Fr,160,
8/31/2026 6:25:00 AM,RTD,8/31/2026 6:30:00 AM,CVIS,Rd,2041.62,
8/31/2026 6:25:00 AM,RTD,8/31/2026 6:30:00 AM,CMIN,Rd,24999.83,
8/31/2026 6:25:00 AM,RTD,8/31/2026 6:30:00 AM,CLUZ,Rd,25000,
8/31/2026 6:25:00 AM,RTD,8/31/2026 6:30:00 AM,CVIS,Ru,2001,
8/31/2026 6:25:00 AM,RTD,8/31/2026 6:30:00 AM,CLUZ,Ru,550,
8/31/2026 6:25:00 AM,RTD,8/31/2026 6:30:00 AM,CMIN,Ru,24999.83,
8/31/2026 6:30:00 AM,RTD,8/31/2026 6:35:00 AM,CVIS,Dr,7800,
8/31/2026 6:30:00 AM,RTD,8/31/2026 6:35:00 AM,CMIN,Dr,0,
8/31/2026 6:30:00 AM,RTD,8/31/2026 6:35:00 AM,CLUZ,Dr,799.08,
8/31/2026 6:30:00 AM,RTD,8/31/2026 6:35:00 AM,CMIN,Fr,3872,
8/31/2026 6:30:00 AM,RTD,8/31/2026 6:35:00 AM,CVIS,Fr,15000,
8/31/2026 6:30:00 AM,RTD,8/31/2026 6:35:00 AM,CLUZ,Fr,160,
8/31/2026 6:30:00 AM,RTD,8/31/2026 6:35:00 AM,CVIS,Rd,19999,
8/31/2026 6:30:00 AM,RTD,8/31/2026 6:35:00 AM,CMIN,Rd,24999.83,
8/31/2026 6:30:00 AM,RTD,8/31/2026 6:35:00 AM,CLUZ,Rd,25000,
8/31/2026 6:30:00 AM,RTD,8/31/2026 6:35:00 AM,CVIS,Ru,19999,
8/31/2026 6:30:00 AM,RTD,8/31/2026 6:35:00 AM,CLUZ,Ru,550,
8/31/2026 6:30:00 AM,RTD,8/31/2026 6:35:00 AM,CMIN,Ru,24999.83,
8/31/2026 6:35:00 AM,RTD,8/31/2026 6:40:00 AM,CLUZ,Dr,799.08,
8/31/2026 6:35:00 AM,RTD,8/31/2026 6:40:00 AM,CVIS,Dr,7800,
8/31/2026 6:35:00 AM,RTD,8/31/2026 6:40:00 AM,CMIN,Dr,0,
8/31/2026 6:35:00 AM,RTD,8/31/2026 6:40:00 AM,CVIS,Fr,15000,
8/31/2026 6:35:00 AM,RTD,8/31/2026 6:40:00 AM,CLUZ,Fr,190,
8/31/2026 6:35:00 AM,RTD,8/31/2026 6:40:00 AM,CMIN,Fr,3872,
8/31/2026 6:35:00 AM,RTD,8/31/2026 6:40:00 AM,CLUZ,Rd,25000,
8/31/2026 6:35:00 AM,RTD,8/31/2026 6:40:00 AM,CVIS,Rd,19999,
8/31/2026 6:35:00 AM,RTD,8/31/2026 6:40:00 AM,CMIN,Rd,24999.83,
8/31/2026 6:35:00 AM,RTD,8/31/2026 6:40:00 AM,CLUZ,Ru,550,
8/31/2026 6:35:00 AM,RTD,8/31/2026 6:40:00 AM,CMIN,Ru,24999.83,
8/31/2026 6:35:00 AM,RTD,8/31/2026 6:40:00 AM,CVIS,Ru,19999,
8/31/2026 6:40:00 AM,RTD,8/31/2026 6:45:00 AM,CVIS,Dr,1900,
8/31/2026 6:40:00 AM,RTD,8/31/2026 6:45:00 AM,CMIN,Dr,0,
8/31/2026 6:40:00 AM,RTD,8/31/2026 6:45:00 AM,CLUZ,Dr,799.08,
8/31/2026 6:40:00 AM,RTD,8/31/2026 6:45:00 AM,CMIN,Fr,3872,
8/31/2026 6:40:00 AM,RTD,8/31/2026 6:45:00 AM,CVIS,Fr,15260.36,
8/31/2026 6:40:00 AM,RTD,8/31/2026 6:45:00 AM,CLUZ,Fr,190,
8/31/2026 6:40:00 AM,RTD,8/31/2026 6:45:00 AM,CVIS,Rd,19999,
8/31/2026 6:40:00 AM,RTD,8/31/2026 6:45:00 AM,CMIN,Rd,24999.83,
8/31/2026 6:40:00 AM,RTD,8/31/2026 6:45:00 AM,CLUZ,Rd,25000,
8/31/2026 6:40:00 AM,RTD,8/31/2026 6:45:00 AM,CVIS,Ru,19999,
8/31/2026 6:40:00 AM,RTD,8/31/2026 6:45:00 AM,CLUZ,Ru,550,
8/31/2026 6:40:00 AM,RTD,8/31/2026 6:45:00 AM,CMIN,Ru,24999.83,
8/31/2026 6:45:00 AM,RTD,8/31/2026 6:50:00 AM,CVIS,Dr,1900,
8/31/2026 6:45:00 AM,RTD,8/31/2026 6:50:00 AM,CMIN,Dr,0,
8/31/2026 6:45:00 AM,RTD,8/31/2026 6:50:00 AM,CLUZ,Dr,799.08,
8/31/2026 6:45:00 AM,RTD,8/31/2026 6:50:00 AM,CMIN,Fr,3872,
8/31/2026 6:45:00 AM,RTD,8/31/2026 6:50:00 AM,CVIS,Fr,15270.75,
8/31/2026 6:45:00 AM,RTD,8/31/2026 6:50:00 AM,CLUZ,Fr,190,
8/31/2026 6:45:00 AM,RTD,8/31/2026 6:50:00 AM,CVIS,Rd,19999,
8/31/2026 6:45:00 AM,RTD,8/31/2026 6:50:00 AM,CMIN,Rd,24999.83,
8/31/2026 6:45:00 AM,RTD,8/31/2026 6:50:00 AM,CLUZ,Rd,25000,
8/31/2026 6:45:00 AM,RTD,8/31/2026 6:50:00 AM,CVIS,Ru,19999,
8/31/2026 6:45:00 AM,RTD,8/31/2026 6:50:00 AM,CLUZ,Ru,550,
8/31/2026 6:45:00 AM,RTD,8/31/2026 6:50:00 AM,CMIN,Ru,24999.83,
8/31/2026 6:50:00 AM,RTD,8/31/2026 6:55:00 AM,CVIS,Dr,1900,
8/31/2026 6:50:00 AM,RTD,8/31/2026 6:55:00 AM,CMIN,Dr,0,
8/31/2026 6:50:00 AM,RTD,8/31/2026 6:55:00 AM,CLUZ,Dr,799.08,
8/31/2026 6:50:00 AM,RTD,8/31/2026 6:55:00 AM,CMIN,Fr,3872,
8/31/2026 6:50:00 AM,RTD,8/31/2026 6:55:00 AM,CVIS,Fr,15000,
8/31/2026 6:50:00 AM,RTD,8/31/2026 6:55:00 AM,CLUZ,Fr,190,
8/31/2026 6:50:00 AM,RTD,8/31/2026 6:55:00 AM,CVIS,Rd,19999,
8/31/2026 6:50:00 AM,RTD,8/31/2026 6:55:00 AM,CMIN,Rd,24999.83,
8/31/2026 6:50:00 AM,RTD,8/31/2026 6:55:00 AM,CLUZ,Rd,14420,
8/31/2026 6:50:00 AM,RTD,8/31/2026 6:55:00 AM,CVIS,Ru,19999,
8/31/2026 6:50:00 AM,RTD,8/31/2026 6:55:00 AM,CLUZ,Ru,550,
8/31/2026 6:50:00 AM,RTD,8/31/2026 6:55:00 AM,CMIN,Ru,24999.83,
8/31/2026 6:55:00 AM,RTD,8/31/2026 7:00:00 AM,CVIS,Dr,1900,
8/31/2026 6:55:00 AM,RTD,8/31/2026 7:00:00 AM,CMIN,Dr,0,
8/31/2026 6:55:00 AM,RTD,8/31/2026 7:00:00 AM,CLUZ,Dr,799.08,
8/31/2026 6:55:00 AM,RTD,8/31/2026 7:00:00 AM,CMIN,Fr,3872,
8/31/2026 6:55:00 AM,RTD,8/31/2026 7:00:00 AM,CVIS,Fr,15000,
8/31/2026 6:55:00 AM,RTD,8/31/2026 7:00:00 AM,CLUZ,Fr,190,
8/31/2026 6:55:00 AM,RTD,8/31/2026 7:00:00 AM,CVIS,Rd,19999,
8/31/2026 6:55:00 AM,RTD,8/31/2026 7:00:00 AM,CMIN,Rd,24999.83,
8/31/2026 6:55:00 AM,RTD,8/31/2026 7:00:00 AM,CLUZ,Rd,14420,
8/31/2026 6:55:00 AM,RTD,8/31/2026 7:00:00 AM,CVIS,Ru,19999,
8/31/2026 6:55:00 AM,RTD,8/31/2026 7:00:00 AM,CLUZ,Ru,550,
8/31/2026 6:55:00 AM,RTD,8/31/2026 7:00:00 AM,CMIN,Ru,24999.83,
8/31/2026 7:00:00 AM,RTD,8/31/2026 7:05:00 AM,CVIS,Dr,7500,
8/31/2026 7:00:00 AM,RTD,8/31/2026 7:05:00 AM,CMIN,Dr,0,
8/31/2026 7:00:00 AM,RTD,8/31/2026 7:05:00 AM,CLUZ,Dr,799.08,
8/31/2026 7:00:00 AM,RTD,8/31/2026 7:05:00 AM,CMIN,Fr,3872,
8/31/2026 7:00:00 AM,RTD,8/31/2026 7:05:00 AM,CVIS,Fr,15000,
8/31/2026 7:00:00 AM,RTD,8/31/2026 7:05:00 AM,CLUZ,Fr,190,
8/31/2026 7:00:00 AM,RTD,8/31/2026 7:05:00 AM,CVIS,Rd,19998,
8/31/2026 7:00:00 AM,RTD,8/31/2026 7:05:00 AM,CMIN,Rd,24999.83,
8/31/2026 7:00:00 AM,RTD,8/31/2026 7:05:00 AM,CLUZ,Rd,14420,
8/31/2026 7:00:00 AM,RTD,8/31/2026 7:05:00 AM,CVIS,Ru,19998,
8/31/2026 7:00:00 AM,RTD,8/31/2026 7:05:00 AM,CLUZ,Ru,499,
8/31/2026 7:00:00 AM,RTD,8/31/2026 7:05:00 AM,CMIN,Ru,24999.83,
8/31/2026 7:05:00 AM,RTD,8/31/2026 7:10:00 AM,CVIS,Dr,1900,
8/31/2026 7:05:00 AM,RTD,8/31/2026 7:10:00 AM,CMIN,Dr,0,
8/31/2026 7:05:00 AM,RTD,8/31/2026 7:10:00 AM,CLUZ,Dr,799.08,
8/31/2026 7:05:00 AM,RTD,8/31/2026 7:10:00 AM,CMIN,Fr,3872,
8/31/2026 7:05:00 AM,RTD,8/31/2026 7:10:00 AM,CVIS,Fr,15000,
8/31/2026 7:05:00 AM,RTD,8/31/2026 7:10:00 AM,CLUZ,Fr,190,
8/31/2026 7:05:00 AM,RTD,8/31/2026 7:10:00 AM,CVIS,Rd,19998,
8/31/2026 7:05:00 AM,RTD,8/31/2026 7:10:00 AM,CMIN,Rd,24999.83,
8/31/2026 7:05:00 AM,RTD,8/31/2026 7:10:00 AM,CLUZ,Rd,14420,
8/31/2026 7:05:00 AM,RTD,8/31/2026 7:10:00 AM,CVIS,Ru,19998,
8/31/2026 7:05:00 AM,RTD,8/31/2026 7:10:00 AM,CLUZ,Ru,450,
8/31/2026 7:05:00 AM,RTD,8/31/2026 7:10:00 AM,CMIN,Ru,24999.83,
8/31/2026 7:10:00 AM,RTD,8/31/2026 7:15:00 AM,CVIS,Dr,1900,
8/31/2026 7:10:00 AM,RTD,8/31/2026 7:15:00 AM,CMIN,Dr,0,
8/31/2026 7:10:00 AM,RTD,8/31/2026 7:15:00 AM,CLUZ,Dr,799.08,
8/31/2026 7:10:00 AM,RTD,8/31/2026 7:15:00 AM,CMIN,Fr,3872,
8/31/2026 7:10:00 AM,RTD,8/31/2026 7:15:00 AM,CVIS,Fr,15000,
8/31/2026 7:10:00 AM,RTD,8/31/2026 7:15:00 AM,CLUZ,Fr,190,
8/31/2026 7:10:00 AM,RTD,8/31/2026 7:15:00 AM,CVIS,Rd,19998,
8/31/2026 7:10:00 AM,RTD,8/31/2026 7:15:00 AM,CMIN,Rd,24999.83,
8/31/2026 7:10:00 AM,RTD,8/31/2026 7:15:00 AM,CLUZ,Rd,14420,
8/31/2026 7:10:00 AM,RTD,8/31/2026 7:15:00 AM,CVIS,Ru,19998,
8/31/2026 7:10:00 AM,RTD,8/31/2026 7:15:00 AM,CLUZ,Ru,450,
8/31/2026 7:10:00 AM,RTD,8/31/2026 7:15:00 AM,CMIN,Ru,24999.83,
8/31/2026 7:15:00 AM,RTD,8/31/2026 7:20:00 AM,CVIS,Dr,1900,
8/31/2026 7:15:00 AM,RTD,8/31/2026 7:20:00 AM,CMIN,Dr,0,
8/31/2026 7:15:00 AM,RTD,8/31/2026 7:20:00 AM,CLUZ,Dr,799.08,
8/31/2026 7:15:00 AM,RTD,8/31/2026 7:20:00 AM,CMIN,Fr,3872,
8/31/2026 7:15:00 AM,RTD,8/31/2026 7:20:00 AM,CVIS,Fr,15000,
8/31/2026 7:15:00 AM,RTD,8/31/2026 7:20:00 AM,CLUZ,Fr,190,
8/31/2026 7:15:00 AM,RTD,8/31/2026 7:20:00 AM,CVIS,Rd,19998,
8/31/2026 7:15:00 AM,RTD,8/31/2026 7:20:00 AM,CMIN,Rd,24999.83,
8/31/2026 7:15:00 AM,RTD,8/31/2026 7:20:00 AM,CLUZ,Rd,14420,
8/31/2026 7:15:00 AM,RTD,8/31/2026 7:20:00 AM,CVIS,Ru,19998,
8/31/2026 7:15:00 AM,RTD,8/31/2026 7:20:00 AM,CLUZ,Ru,450,
8/31/2026 7:15:00 AM,RTD,8/31/2026 7:20:00 AM,CMIN,Ru,24999.83,
8/31/2026 7:20:00 AM,RTD,8/31/2026 7:25:00 AM,CVIS,Dr,1900,
8/31/2026 7:20:00 AM,RTD,8/31/2026 7:25:00 AM,CMIN,Dr,0,
8/31/2026 7:20:00 AM,RTD,8/31/2026 7:25:00 AM,CLUZ,Dr,799.08,
8/31/2026 7:20:00 AM,RTD,8/31/2026 7:25:00 AM,CMIN,Fr,3872,
8/31/2026 7:20:00 AM,RTD,8/31/2026 7:25:00 AM,CVIS,Fr,15000,
8/31/2026 7:20:00 AM,RTD,8/31/2026 7:25:00 AM,CLUZ,Fr,190,
8/31/2026 7:20:00 AM,RTD,8/31/2026 7:25:00 AM,CVIS,Rd,19998,
8/31/2026 7:20:00 AM,RTD,8/31/2026 7:25:00 AM,CMIN,Rd,24999.83,
8/31/2026 7:20:00 AM,RTD,8/31/2026 7:25:00 AM,CLUZ,Rd,14420,
8/31/2026 7:20:00 AM,RTD,8/31/2026 7:25:00 AM,CVIS,Ru,19998,
8/31/2026 7:20:00 AM,RTD,8/31/2026 7:25:00 AM,CLUZ,Ru,450,
8/31/2026 7:20:00 AM,RTD,8/31/2026 7:25:00 AM,CMIN,Ru,24999.83,
8/31/2026 7:25:00 AM,RTD,8/31/2026 7:30:00 AM,CVIS,Dr,1900,
8/31/2026 7:25:00 AM,RTD,8/31/2026 7:30:00 AM,CMIN,Dr,0,
8/31/2026 7:25:00 AM,RTD,8/31/2026 7:30:00 AM,CLUZ,Dr,799.08,
8/31/2026 7:25:00 AM,RTD,8/31/2026 7:30:00 AM,CMIN,Fr,3872,
8/31/2026 7:25:00 AM,RTD,8/31/2026 7:30:00 AM,CVIS,Fr,15000,
8/31/2026 7:25:00 AM,RTD,8/31/2026 7:30:00 AM,CLUZ,Fr,190,
8/31/2026 7:25:00 AM,RTD,8/31/2026 7:30:00 AM,CVIS,Rd,19998,
8/31/2026 7:25:00 AM,RTD,8/31/2026 7:30:00 AM,CMIN,Rd,24999.83,
8/31/2026 7:25:00 AM,RTD,8/31/2026 7:30:00 AM,CLUZ,Rd,14420,
8/31/2026 7:25:00 AM,RTD,8/31/2026 7:30:00 AM,CVIS,Ru,19998,
8/31/2026 7:25:00 AM,RTD,8/31/2026 7:30:00 AM,CLUZ,Ru,450,
8/31/2026 7:25:00 AM,RTD,8/31/2026 7:30:00 AM,CMIN,Ru,24999.83,
8/31/2026 7:30:00 AM,RTD,8/31/2026 7:35:00 AM,CVIS,Dr,1900,
8/31/2026 7:30:00 AM,RTD,8/31/2026 7:35:00 AM,CMIN,Dr,0,
8/31/2026 7:30:00 AM,RTD,8/31/2026 7:35:00 AM,CLUZ,Dr,799.08,
8/31/2026 7:30:00 AM,RTD,8/31/2026 7:35:00 AM,CMIN,Fr,3872,
8/31/2026 7:30:00 AM,RTD,8/31/2026 7:35:00 AM,CVIS,Fr,15000,
8/31/2026 7:30:00 AM,RTD,8/31/2026 7:35:00 AM,CLUZ,Fr,190,
8/31/2026 7:30:00 AM,RTD,8/31/2026 7:35:00 AM,CVIS,Rd,19998,
8/31/2026 7:30:00 AM,RTD,8/31/2026 7:35:00 AM,CMIN,Rd,24999.83,
8/31/2026 7:30:00 AM,RTD,8/31/2026 7:35:00 AM,CLUZ,Rd,14420,
8/31/2026 7:30:00 AM,RTD,8/31/2026 7:35:00 AM,CVIS,Ru,19998,
8/31/2026 7:30:00 AM,RTD,8/31/2026 7:35:00 AM,CLUZ,Ru,450,
8/31/2026 7:30:00 AM,RTD,8/31/2026 7:35:00 AM,CMIN,Ru,24999.83,
8/31/2026 7:35:00 AM,RTD,8/31/2026 7:40:00 AM,CVIS,Dr,1900,
8/31/2026 7:35:00 AM,RTD,8/31/2026 7:40:00 AM,CMIN,Dr,0,
8/31/2026 7:35:00 AM,RTD,8/31/2026 7:40:00 AM,CLUZ,Dr,215,
8/31/2026 7:35:00 AM,RTD,8/31/2026 7:40:00 AM,CMIN,Fr,3872,
8/31/2026 7:35:00 AM,RTD,8/31/2026 7:40:00 AM,CVIS,Fr,16500,
8/31/2026 7:35:00 AM,RTD,8/31/2026 7:40:00 AM,CLUZ,Fr,200,
8/31/2026 7:35:00 AM,RTD,8/31/2026 7:40:00 AM,CVIS,Rd,19998,
8/31/2026 7:35:00 AM,RTD,8/31/2026 7:40:00 AM,CMIN,Rd,24999.83,
8/31/2026 7:35:00 AM,RTD,8/31/2026 7:40:00 AM,CLUZ,Rd,14420,
8/31/2026 7:35:00 AM,RTD,8/31/2026 7:40:00 AM,CVIS,Ru,19998,
8/31/2026 7:35:00 AM,RTD,8/31/2026 7:40:00 AM,CLUZ,Ru,450,
8/31/2026 7:35:00 AM,RTD,8/31/2026 7:40:00 AM,CMIN,Ru,24999.83,
8/31/2026 7:40:00 AM,RTD,8/31/2026 7:45:00 AM,CVIS,Dr,1900,
8/31/2026 7:40:00 AM,RTD,8/31/2026 7:45:00 AM,CMIN,Dr,0,
8/31/2026 7:40:00 AM,RTD,8/31/2026 7:45:00 AM,CLUZ,Dr,215,
8/31/2026 7:40:00 AM,RTD,8/31/2026 7:45:00 AM,CMIN,Fr,3872,
8/31/2026 7:40:00 AM,RTD,8/31/2026 7:45:00 AM,CVIS,Fr,15000,
8/31/2026 7:40:00 AM,RTD,8/31/2026 7:45:00 AM,CLUZ,Fr,200,
8/31/2026 7:40:00 AM,RTD,8/31/2026 7:45:00 AM,CVIS,Rd,19998,
8/31/2026 7:40:00 AM,RTD,8/31/2026 7:45:00 AM,CMIN,Rd,24999.83,
8/31/2026 7:40:00 AM,RTD,8/31/2026 7:45:00 AM,CLUZ,Rd,14420,
8/31/2026 7:40:00 AM,RTD,8/31/2026 7:45:00 AM,CVIS,Ru,19998,
8/31/2026 7:40:00 AM,RTD,8/31/2026 7:45:00 AM,CLUZ,Ru,450,
8/31/2026 7:40:00 AM,RTD,8/31/2026 7:45:00 AM,CMIN,Ru,24999.83,
8/31/2026 7:45:00 AM,RTD,8/31/2026 7:50:00 AM,CMIN,Dr,0,
8/31/2026 7:45:00 AM,RTD,8/31/2026 7:50:00 AM,CLUZ,Dr,215,
8/31/2026 7:45:00 AM,RTD,8/31/2026 7:50:00 AM,CVIS,Dr,1900,
8/31/2026 7:45:00 AM,RTD,8/31/2026 7:50:00 AM,CLUZ,Fr,200,
8/31/2026 7:45:00 AM,RTD,8/31/2026 7:50:00 AM,CMIN,Fr,3872,
8/31/2026 7:45:00 AM,RTD,8/31/2026 7:50:00 AM,CVIS,Fr,15000,
8/31/2026 7:45:00 AM,RTD,8/31/2026 7:50:00 AM,CLUZ,Rd,14420,
8/31/2026 7:45:00 AM,RTD,8/31/2026 7:50:00 AM,CMIN,Rd,24999.83,
8/31/2026 7:45:00 AM,RTD,8/31/2026 7:50:00 AM,CVIS,Rd,19998,
8/31/2026 7:45:00 AM,RTD,8/31/2026 7:50:00 AM,CLUZ,Ru,450,
8/31/2026 7:45:00 AM,RTD,8/31/2026 7:50:00 AM,CMIN,Ru,24999.83,
8/31/2026 7:45:00 AM,RTD,8/31/2026 7:50:00 AM,CVIS,Ru,19998,
8/31/2026 7:50:00 AM,RTD,8/31/2026 7:55:00 AM,CMIN,Dr,0,
8/31/2026 7:50:00 AM,RTD,8/31/2026 7:55:00 AM,CLUZ,Dr,215,
8/31/2026 7:50:00 AM,RTD,8/31/2026 7:55:00 AM,CVIS,Dr,1900,
8/31/2026 7:50:00 AM,RTD,8/31/2026 7:55:00 AM,CLUZ,Fr,200,
8/31/2026 7:50:00 AM,RTD,8/31/2026 7:55:00 AM,CVIS,Fr,15000,
8/31/2026 7:50:00 AM,RTD,8/31/2026 7:55:00 AM,CMIN,Fr,3872,
8/31/2026 7:50:00 AM,RTD,8/31/2026 7:55:00 AM,CLUZ,Rd,14420,
8/31/2026 7:50:00 AM,RTD,8/31/2026 7:55:00 AM,CVIS,Rd,19998,
8/31/2026 7:50:00 AM,RTD,8/31/2026 7:55:00 AM,CMIN,Rd,24999.83,
8/31/2026 7:50:00 AM,RTD,8/31/2026 7:55:00 AM,CLUZ,Ru,450,
8/31/2026 7:50:00 AM,RTD,8/31/2026 7:55:00 AM,CMIN,Ru,24999.83,
8/31/2026 7:50:00 AM,RTD,8/31/2026 7:55:00 AM,CVIS,Ru,19998,
8/31/2026 7:55:00 AM,RTD,8/31/2026 8:00:00 AM,CVIS,Dr,1900,
8/31/2026 7:55:00 AM,RTD,8/31/2026 8:00:00 AM,CMIN,Dr,0,
8/31/2026 7:55:00 AM,RTD,8/31/2026 8:00:00 AM,CLUZ,Dr,215,
8/31/2026 7:55:00 AM,RTD,8/31/2026 8:00:00 AM,CVIS,Fr,15000,
8/31/2026 7:55:00 AM,RTD,8/31/2026 8:00:00 AM,CMIN,Fr,3872,
8/31/2026 7:55:00 AM,RTD,8/31/2026 8:00:00 AM,CLUZ,Fr,200,
8/31/2026 7:55:00 AM,RTD,8/31/2026 8:00:00 AM,CMIN,Rd,24999.83,
8/31/2026 7:55:00 AM,RTD,8/31/2026 8:00:00 AM,CLUZ,Rd,14420,
8/31/2026 7:55:00 AM,RTD,8/31/2026 8:00:00 AM,CVIS,Rd,19998,
8/31/2026 7:55:00 AM,RTD,8/31/2026 8:00:00 AM,CVIS,Ru,19998,
8/31/2026 7:55:00 AM,RTD,8/31/2026 8:00:00 AM,CMIN,Ru,24999.83,
8/31/2026 7:55:00 AM,RTD,8/31/2026 8:00:00 AM,CLUZ,Ru,450,
8/31/2026 8:00:00 AM,RTD,8/31/2026 8:05:00 AM,CVIS,Dr,200,
8/31/2026 8:00:00 AM,RTD,8/31/2026 8:05:00 AM,CMIN,Dr,0,
8/31/2026 8:00:00 AM,RTD,8/31/2026 8:05:00 AM,CLUZ,Dr,900.08,
8/31/2026 8:00:00 AM,RTD,8/31/2026 8:05:00 AM,CVIS,Fr,4550,
8/31/2026 8:00:00 AM,RTD,8/31/2026 8:05:00 AM,CLUZ,Fr,260,
8/31/2026 8:00:00 AM,RTD,8/31/2026 8:05:00 AM,CMIN,Fr,85,
8/31/2026 8:00:00 AM,RTD,8/31/2026 8:05:00 AM,CLUZ,Rd,23424.17,
8/31/2026 8:00:00 AM,RTD,8/31/2026 8:05:00 AM,CVIS,Rd,19998,
8/31/2026 8:00:00 AM,RTD,8/31/2026 8:05:00 AM,CMIN,Rd,24999.89,
8/31/2026 8:00:00 AM,RTD,8/31/2026 8:05:00 AM,CMIN,Ru,24999.89,
8/31/2026 8:00:00 AM,RTD,8/31/2026 8:05:00 AM,CLUZ,Ru,10999,
8/31/2026 8:00:00 AM,RTD,8/31/2026 8:05:00 AM,CVIS,Ru,19998,
8/31/2026 8:05:00 AM,RTD,8/31/2026 8:10:00 AM,CMIN,Dr,0,
8/31/2026 8:05:00 AM,RTD,8/31/2026 8:10:00 AM,CVIS,Dr,200,
8/31/2026 8:05:00 AM,RTD,8/31/2026 8:10:00 AM,CLUZ,Dr,900.08,
8/31/2026 8:05:00 AM,RTD,8/31/2026 8:10:00 AM,CVIS,Fr,4550,
8/31/2026 8:05:00 AM,RTD,8/31/2026 8:10:00 AM,CMIN,Fr,85,
8/31/2026 8:05:00 AM,RTD,8/31/2026 8:10:00 AM,CLUZ,Fr,260,
8/31/2026 8:05:00 AM,RTD,8/31/2026 8:10:00 AM,CLUZ,Rd,25000,
8/31/2026 8:05:00 AM,RTD,8/31/2026 8:10:00 AM,CVIS,Rd,19998,
8/31/2026 8:05:00 AM,RTD,8/31/2026 8:10:00 AM,CMIN,Rd,24999.89,
8/31/2026 8:05:00 AM,RTD,8/31/2026 8:10:00 AM,CVIS,Ru,19998,
8/31/2026 8:05:00 AM,RTD,8/31/2026 8:10:00 AM,CMIN,Ru,24999.89,
8/31/2026 8:05:00 AM,RTD,8/31/2026 8:10:00 AM,CLUZ,Ru,10999,
8/31/2026 8:10:00 AM,RTD,8/31/2026 8:15:00 AM,CLUZ,Dr,900.08,
8/31/2026 8:10:00 AM,RTD,8/31/2026 8:15:00 AM,CMIN,Dr,0,
8/31/2026 8:10:00 AM,RTD,8/31/2026 8:15:00 AM,CVIS,Dr,200,
8/31/2026 8:10:00 AM,RTD,8/31/2026 8:15:00 AM,CLUZ,Fr,260,
8/31/2026 8:10:00 AM,RTD,8/31/2026 8:15:00 AM,CVIS,Fr,4550,
8/31/2026 8:10:00 AM,RTD,8/31/2026 8:15:00 AM,CMIN,Fr,85,
8/31/2026 8:10:00 AM,RTD,8/31/2026 8:15:00 AM,CVIS,Rd,19998,
8/31/2026 8:10:00 AM,RTD,8/31/2026 8:15:00 AM,CLUZ,Rd,23424.17,
8/31/2026 8:10:00 AM,RTD,8/31/2026 8:15:00 AM,CMIN,Rd,24999.89,
8/31/2026 8:10:00 AM,RTD,8/31/2026 8:15:00 AM,CLUZ,Ru,10999,
8/31/2026 8:10:00 AM,RTD,8/31/2026 8:15:00 AM,CMIN,Ru,24999.89,
8/31/2026 8:10:00 AM,RTD,8/31/2026 8:15:00 AM,CVIS,Ru,19998,
8/31/2026 8:15:00 AM,RTD,8/31/2026 8:20:00 AM,CVIS,Dr,190,
8/31/2026 8:15:00 AM,RTD,8/31/2026 8:20:00 AM,CMIN,Dr,0,
8/31/2026 8:15:00 AM,RTD,8/31/2026 8:20:00 AM,CLUZ,Dr,900.08,
8/31/2026 8:15:00 AM,RTD,8/31/2026 8:20:00 AM,CMIN,Fr,3250,
8/31/2026 8:15:00 AM,RTD,8/31/2026 8:20:00 AM,CVIS,Fr,4550,
8/31/2026 8:15:00 AM,RTD,8/31/2026 8:20:00 AM,CLUZ,Fr,260,
8/31/2026 8:15:00 AM,RTD,8/31/2026 8:20:00 AM,CVIS,Rd,19998,
8/31/2026 8:15:00 AM,RTD,8/31/2026 8:20:00 AM,CMIN,Rd,24999.89,
8/31/2026 8:15:00 AM,RTD,8/31/2026 8:20:00 AM,CLUZ,Rd,18794.78,
8/31/2026 8:15:00 AM,RTD,8/31/2026 8:20:00 AM,CVIS,Ru,19998,
8/31/2026 8:15:00 AM,RTD,8/31/2026 8:20:00 AM,CLUZ,Ru,10999,
8/31/2026 8:15:00 AM,RTD,8/31/2026 8:20:00 AM,CMIN,Ru,24999.89,
8/31/2026 8:20:00 AM,RTD,8/31/2026 8:25:00 AM,CVIS,Dr,190,
8/31/2026 8:20:00 AM,RTD,8/31/2026 8:25:00 AM,CMIN,Dr,0,
8/31/2026 8:20:00 AM,RTD,8/31/2026 8:25:00 AM,CLUZ,Dr,900.08,
8/31/2026 8:20:00 AM,RTD,8/31/2026 8:25:00 AM,CMIN,Fr,3250,
8/31/2026 8:20:00 AM,RTD,8/31/2026 8:25:00 AM,CVIS,Fr,4550,
8/31/2026 8:20:00 AM,RTD,8/31/2026 8:25:00 AM,CLUZ,Fr,260,
8/31/2026 8:20:00 AM,RTD,8/31/2026 8:25:00 AM,CVIS,Rd,19998,
8/31/2026 8:20:00 AM,RTD,8/31/2026 8:25:00 AM,CMIN,Rd,24999.89,
8/31/2026 8:20:00 AM,RTD,8/31/2026 8:25:00 AM,CLUZ,Rd,17729.57,
8/31/2026 8:20:00 AM,RTD,8/31/2026 8:25:00 AM,CVIS,Ru,19998,
8/31/2026 8:20:00 AM,RTD,8/31/2026 8:25:00 AM,CLUZ,Ru,10999,
8/31/2026 8:20:00 AM,RTD,8/31/2026 8:25:00 AM,CMIN,Ru,24999.89,
8/31/2026 8:25:00 AM,RTD,8/31/2026 8:30:00 AM,CVIS,Dr,190,
8/31/2026 8:25:00 AM,RTD,8/31/2026 8:30:00 AM,CMIN,Dr,0,
8/31/2026 8:25:00 AM,RTD,8/31/2026 8:30:00 AM,CLUZ,Dr,900.08,
8/31/2026 8:25:00 AM,RTD,8/31/2026 8:30:00 AM,CMIN,Fr,3250,
8/31/2026 8:25:00 AM,RTD,8/31/2026 8:30:00 AM,CVIS,Fr,4570,
8/31/2026 8:25:00 AM,RTD,8/31/2026 8:30:00 AM,CLUZ,Fr,260,
8/31/2026 8:25:00 AM,RTD,8/31/2026 8:30:00 AM,CVIS,Rd,19998,
8/31/2026 8:25:00 AM,RTD,8/31/2026 8:30:00 AM,CMIN,Rd,24999.89,
8/31/2026 8:25:00 AM,RTD,8/31/2026 8:30:00 AM,CLUZ,Rd,18248.63,
8/31/2026 8:25:00 AM,RTD,8/31/2026 8:30:00 AM,CVIS,Ru,19998,
8/31/2026 8:25:00 AM,RTD,8/31/2026 8:30:00 AM,CLUZ,Ru,10999,
8/31/2026 8:25:00 AM,RTD,8/31/2026 8:30:00 AM,CMIN,Ru,24999.89,
8/31/2026 8:30:00 AM,RTD,8/31/2026 8:35:00 AM,CVIS,Dr,190,
8/31/2026 8:30:00 AM,RTD,8/31/2026 8:35:00 AM,CMIN,Dr,0,
8/31/2026 8:30:00 AM,RTD,8/31/2026 8:35:00 AM,CLUZ,Dr,900.08,
8/31/2026 8:30:00 AM,RTD,8/31/2026 8:35:00 AM,CMIN,Fr,3262.40,
8/31/2026 8:30:00 AM,RTD,8/31/2026 8:35:00 AM,CVIS,Fr,4570,
8/31/2026 8:30:00 AM,RTD,8/31/2026 8:35:00 AM,CLUZ,Fr,260,
8/31/2026 8:30:00 AM,RTD,8/31/2026 8:35:00 AM,CVIS,Rd,19998,
8/31/2026 8:30:00 AM,RTD,8/31/2026 8:35:00 AM,CMIN,Rd,24999.89,
8/31/2026 8:30:00 AM,RTD,8/31/2026 8:35:00 AM,CLUZ,Rd,18002.78,
8/31/2026 8:30:00 AM,RTD,8/31/2026 8:35:00 AM,CVIS,Ru,19998,
8/31/2026 8:30:00 AM,RTD,8/31/2026 8:35:00 AM,CLUZ,Ru,10999,
8/31/2026 8:30:00 AM,RTD,8/31/2026 8:35:00 AM,CMIN,Ru,24999.89,
8/31/2026 8:35:00 AM,RTD,8/31/2026 8:40:00 AM,CVIS,Dr,190,
8/31/2026 8:35:00 AM,RTD,8/31/2026 8:40:00 AM,CMIN,Dr,0,
8/31/2026 8:35:00 AM,RTD,8/31/2026 8:40:00 AM,CLUZ,Dr,900.08,
8/31/2026 8:35:00 AM,RTD,8/31/2026 8:40:00 AM,CMIN,Fr,3262.40,
8/31/2026 8:35:00 AM,RTD,8/31/2026 8:40:00 AM,CVIS,Fr,4570,
8/31/2026 8:35:00 AM,RTD,8/31/2026 8:40:00 AM,CLUZ,Fr,260,
8/31/2026 8:35:00 AM,RTD,8/31/2026 8:40:00 AM,CVIS,Rd,19998,
8/31/2026 8:35:00 AM,RTD,8/31/2026 8:40:00 AM,CMIN,Rd,24999.89,
8/31/2026 8:35:00 AM,RTD,8/31/2026 8:40:00 AM,CLUZ,Rd,15752.19,
8/31/2026 8:35:00 AM,RTD,8/31/2026 8:40:00 AM,CVIS,Ru,19998,
8/31/2026 8:35:00 AM,RTD,8/31/2026 8:40:00 AM,CLUZ,Ru,10999,
8/31/2026 8:35:00 AM,RTD,8/31/2026 8:40:00 AM,CMIN,Ru,24999.89,
8/31/2026 8:40:00 AM,RTD,8/31/2026 8:45:00 AM,CVIS,Dr,190,
8/31/2026 8:40:00 AM,RTD,8/31/2026 8:45:00 AM,CMIN,Dr,0,
8/31/2026 8:40:00 AM,RTD,8/31/2026 8:45:00 AM,CLUZ,Dr,900.08,
8/31/2026 8:40:00 AM,RTD,8/31/2026 8:45:00 AM,CMIN,Fr,3262.40,
8/31/2026 8:40:00 AM,RTD,8/31/2026 8:45:00 AM,CVIS,Fr,4570,
8/31/2026 8:40:00 AM,RTD,8/31/2026 8:45:00 AM,CLUZ,Fr,260,
8/31/2026 8:40:00 AM,RTD,8/31/2026 8:45:00 AM,CVIS,Rd,19998,
8/31/2026 8:40:00 AM,RTD,8/31/2026 8:45:00 AM,CMIN,Rd,24999.89,
8/31/2026 8:40:00 AM,RTD,8/31/2026 8:45:00 AM,CLUZ,Rd,15752.08,
8/31/2026 8:40:00 AM,RTD,8/31/2026 8:45:00 AM,CVIS,Ru,19998,
8/31/2026 8:40:00 AM,RTD,8/31/2026 8:45:00 AM,CLUZ,Ru,10999,
8/31/2026 8:40:00 AM,RTD,8/31/2026 8:45:00 AM,CMIN,Ru,24999.89,
8/31/2026 8:45:00 AM,RTD,8/31/2026 8:50:00 AM,CVIS,Dr,190,
8/31/2026 8:45:00 AM,RTD,8/31/2026 8:50:00 AM,CMIN,Dr,0,
8/31/2026 8:45:00 AM,RTD,8/31/2026 8:50:00 AM,CLUZ,Dr,900.08,
8/31/2026 8:45:00 AM,RTD,8/31/2026 8:50:00 AM,CMIN,Fr,3262.40,
8/31/2026 8:45:00 AM,RTD,8/31/2026 8:50:00 AM,CVIS,Fr,4570,
8/31/2026 8:45:00 AM,RTD,8/31/2026 8:50:00 AM,CLUZ,Fr,260,
8/31/2026 8:45:00 AM,RTD,8/31/2026 8:50:00 AM,CVIS,Rd,19998,
8/31/2026 8:45:00 AM,RTD,8/31/2026 8:50:00 AM,CMIN,Rd,24999.89,
8/31/2026 8:45:00 AM,RTD,8/31/2026 8:50:00 AM,CLUZ,Rd,15753.89,
8/31/2026 8:45:00 AM,RTD,8/31/2026 8:50:00 AM,CVIS,Ru,19998,
8/31/2026 8:45:00 AM,RTD,8/31/2026 8:50:00 AM,CLUZ,Ru,10999,
8/31/2026 8:45:00 AM,RTD,8/31/2026 8:50:00 AM,CMIN,Ru,24999.89,
8/31/2026 8:50:00 AM,RTD,8/31/2026 8:55:00 AM,CVIS,Dr,190,
8/31/2026 8:50:00 AM,RTD,8/31/2026 8:55:00 AM,CMIN,Dr,0,
8/31/2026 8:50:00 AM,RTD,8/31/2026 8:55:00 AM,CLUZ,Dr,900.08,
8/31/2026 8:50:00 AM,RTD,8/31/2026 8:55:00 AM,CMIN,Fr,5000,
8/31/2026 8:50:00 AM,RTD,8/31/2026 8:55:00 AM,CVIS,Fr,4570,
8/31/2026 8:50:00 AM,RTD,8/31/2026 8:55:00 AM,CLUZ,Fr,260,
8/31/2026 8:50:00 AM,RTD,8/31/2026 8:55:00 AM,CVIS,Rd,19998,
8/31/2026 8:50:00 AM,RTD,8/31/2026 8:55:00 AM,CMIN,Rd,24999.89,
8/31/2026 8:50:00 AM,RTD,8/31/2026 8:55:00 AM,CLUZ,Rd,15752.86,
8/31/2026 8:50:00 AM,RTD,8/31/2026 8:55:00 AM,CVIS,Ru,19998,
8/31/2026 8:50:00 AM,RTD,8/31/2026 8:55:00 AM,CLUZ,Ru,10999,
8/31/2026 8:50:00 AM,RTD,8/31/2026 8:55:00 AM,CMIN,Ru,24999.89,
8/31/2026 8:55:00 AM,RTD,8/31/2026 9:00:00 AM,CVIS,Dr,190,
8/31/2026 8:55:00 AM,RTD,8/31/2026 9:00:00 AM,CMIN,Dr,0,
8/31/2026 8:55:00 AM,RTD,8/31/2026 9:00:00 AM,CLUZ,Dr,900.08,
8/31/2026 8:55:00 AM,RTD,8/31/2026 9:00:00 AM,CMIN,Fr,5000,
8/31/2026 8:55:00 AM,RTD,8/31/2026 9:00:00 AM,CVIS,Fr,4570,
8/31/2026 8:55:00 AM,RTD,8/31/2026 9:00:00 AM,CLUZ,Fr,260,
8/31/2026 8:55:00 AM,RTD,8/31/2026 9:00:00 AM,CVIS,Rd,19998,
8/31/2026 8:55:00 AM,RTD,8/31/2026 9:00:00 AM,CMIN,Rd,24999.89,
8/31/2026 8:55:00 AM,RTD,8/31/2026 9:00:00 AM,CLUZ,Rd,16517.31,
8/31/2026 8:55:00 AM,RTD,8/31/2026 9:00:00 AM,CVIS,Ru,19998,
8/31/2026 8:55:00 AM,RTD,8/31/2026 9:00:00 AM,CLUZ,Ru,10999,
8/31/2026 8:55:00 AM,RTD,8/31/2026 9:00:00 AM,CMIN,Ru,24999.89,
8/31/2026 9:00:00 AM,RTD,8/31/2026 9:05:00 AM,CVIS,Dr,200,
8/31/2026 9:00:00 AM,RTD,8/31/2026 9:05:00 AM,CMIN,Dr,0,
8/31/2026 9:00:00 AM,RTD,8/31/2026 9:05:00 AM,CLUZ,Dr,900.08,
8/31/2026 9:00:00 AM,RTD,8/31/2026 9:05:00 AM,CMIN,Fr,3250,
8/31/2026 9:00:00 AM,RTD,8/31/2026 9:05:00 AM,CVIS,Fr,15000,
8/31/2026 9:00:00 AM,RTD,8/31/2026 9:05:00 AM,CLUZ,Fr,260,
8/31/2026 9:00:00 AM,RTD,8/31/2026 9:05:00 AM,CVIS,Rd,19998,
8/31/2026 9:00:00 AM,RTD,8/31/2026 9:05:00 AM,CMIN,Rd,4000,
8/31/2026 9:00:00 AM,RTD,8/31/2026 9:05:00 AM,CLUZ,Rd,25000,
8/31/2026 9:00:00 AM,RTD,8/31/2026 9:05:00 AM,CVIS,Ru,19998,
8/31/2026 9:00:00 AM,RTD,8/31/2026 9:05:00 AM,CLUZ,Ru,10999,
8/31/2026 9:00:00 AM,RTD,8/31/2026 9:05:00 AM,CMIN,Ru,1000,
8/31/2026 9:05:00 AM,RTD,8/31/2026 9:10:00 AM,CVIS,Dr,200,
8/31/2026 9:05:00 AM,RTD,8/31/2026 9:10:00 AM,CMIN,Dr,0,
8/31/2026 9:05:00 AM,RTD,8/31/2026 9:10:00 AM,CLUZ,Dr,900.08,
8/31/2026 9:05:00 AM,RTD,8/31/2026 9:10:00 AM,CMIN,Fr,3250,
8/31/2026 9:05:00 AM,RTD,8/31/2026 9:10:00 AM,CVIS,Fr,15000,
8/31/2026 9:05:00 AM,RTD,8/31/2026 9:10:00 AM,CLUZ,Fr,260,
8/31/2026 9:05:00 AM,RTD,8/31/2026 9:10:00 AM,CVIS,Rd,19998,
8/31/2026 9:05:00 AM,RTD,8/31/2026 9:10:00 AM,CMIN,Rd,17779.99,
8/31/2026 9:05:00 AM,RTD,8/31/2026 9:10:00 AM,CLUZ,Rd,25000,
8/31/2026 9:05:00 AM,RTD,8/31/2026 9:10:00 AM,CVIS,Ru,19998,
8/31/2026 9:05:00 AM,RTD,8/31/2026 9:10:00 AM,CLUZ,Ru,10999,
8/31/2026 9:05:00 AM,RTD,8/31/2026 9:10:00 AM,CMIN,Ru,1000,
8/31/2026 9:10:00 AM,RTD,8/31/2026 9:15:00 AM,CVIS,Dr,200,
8/31/2026 9:10:00 AM,RTD,8/31/2026 9:15:00 AM,CMIN,Dr,0,
8/31/2026 9:10:00 AM,RTD,8/31/2026 9:15:00 AM,CLUZ,Dr,900.08,
8/31/2026 9:10:00 AM,RTD,8/31/2026 9:15:00 AM,CMIN,Fr,3250,
8/31/2026 9:10:00 AM,RTD,8/31/2026 9:15:00 AM,CVIS,Fr,15000,
8/31/2026 9:10:00 AM,RTD,8/31/2026 9:15:00 AM,CLUZ,Fr,260,
8/31/2026 9:10:00 AM,RTD,8/31/2026 9:15:00 AM,CVIS,Rd,19998,
8/31/2026 9:10:00 AM,RTD,8/31/2026 9:15:00 AM,CMIN,Rd,1000,
8/31/2026 9:10:00 AM,RTD,8/31/2026 9:15:00 AM,CLUZ,Rd,25000,
8/31/2026 9:10:00 AM,RTD,8/31/2026 9:15:00 AM,CVIS,Ru,19998,
8/31/2026 9:10:00 AM,RTD,8/31/2026 9:15:00 AM,CLUZ,Ru,10999,
8/31/2026 9:10:00 AM,RTD,8/31/2026 9:15:00 AM,CMIN,Ru,1000,
8/31/2026 9:15:00 AM,RTD,8/31/2026 9:20:00 AM,CVIS,Dr,200,
8/31/2026 9:15:00 AM,RTD,8/31/2026 9:20:00 AM,CMIN,Dr,0,
8/31/2026 9:15:00 AM,RTD,8/31/2026 9:20:00 AM,CLUZ,Dr,900.08,
8/31/2026 9:15:00 AM,RTD,8/31/2026 9:20:00 AM,CMIN,Fr,100,
8/31/2026 9:15:00 AM,RTD,8/31/2026 9:20:00 AM,CVIS,Fr,15000,
8/31/2026 9:15:00 AM,RTD,8/31/2026 9:20:00 AM,CLUZ,Fr,260,
8/31/2026 9:15:00 AM,RTD,8/31/2026 9:20:00 AM,CVIS,Rd,19998,
8/31/2026 9:15:00 AM,RTD,8/31/2026 9:20:00 AM,CMIN,Rd,1000,
8/31/2026 9:15:00 AM,RTD,8/31/2026 9:20:00 AM,CLUZ,Rd,25000,
8/31/2026 9:15:00 AM,RTD,8/31/2026 9:20:00 AM,CVIS,Ru,19998,
8/31/2026 9:15:00 AM,RTD,8/31/2026 9:20:00 AM,CLUZ,Ru,10999,
8/31/2026 9:15:00 AM,RTD,8/31/2026 9:20:00 AM,CMIN,Ru,1000,
8/31/2026 9:20:00 AM,RTD,8/31/2026 9:25:00 AM,CVIS,Dr,200,
8/31/2026 9:20:00 AM,RTD,8/31/2026 9:25:00 AM,CMIN,Dr,0,
8/31/2026 9:20:00 AM,RTD,8/31/2026 9:25:00 AM,CLUZ,Dr,900.08,
8/31/2026 9:20:00 AM,RTD,8/31/2026 9:25:00 AM,CMIN,Fr,100,
8/31/2026 9:20:00 AM,RTD,8/31/2026 9:25:00 AM,CVIS,Fr,15000,
8/31/2026 9:20:00 AM,RTD,8/31/2026 9:25:00 AM,CLUZ,Fr,260,
8/31/2026 9:20:00 AM,RTD,8/31/2026 9:25:00 AM,CVIS,Rd,19998,
8/31/2026 9:20:00 AM,RTD,8/31/2026 9:25:00 AM,CMIN,Rd,1000,
8/31/2026 9:20:00 AM,RTD,8/31/2026 9:25:00 AM,CLUZ,Rd,25000,
8/31/2026 9:20:00 AM,RTD,8/31/2026 9:25:00 AM,CVIS,Ru,19999,
8/31/2026 9:20:00 AM,RTD,8/31/2026 9:25:00 AM,CLUZ,Ru,10999,
8/31/2026 9:20:00 AM,RTD,8/31/2026 9:25:00 AM,CMIN,Ru,1000,
8/31/2026 9:25:00 AM,RTD,8/31/2026 9:30:00 AM,CVIS,Dr,200,
8/31/2026 9:25:00 AM,RTD,8/31/2026 9:30:00 AM,CMIN,Dr,5.54,
8/31/2026 9:25:00 AM,RTD,8/31/2026 9:30:00 AM,CLUZ,Dr,900.08,
8/31/2026 9:25:00 AM,RTD,8/31/2026 9:30:00 AM,CMIN,Fr,100,
8/31/2026 9:25:00 AM,RTD,8/31/2026 9:30:00 AM,CVIS,Fr,15000,
8/31/2026 9:25:00 AM,RTD,8/31/2026 9:30:00 AM,CLUZ,Fr,260,
8/31/2026 9:25:00 AM,RTD,8/31/2026 9:30:00 AM,CVIS,Rd,19998,
8/31/2026 9:25:00 AM,RTD,8/31/2026 9:30:00 AM,CMIN,Rd,1000,
8/31/2026 9:25:00 AM,RTD,8/31/2026 9:30:00 AM,CLUZ,Rd,25000,
8/31/2026 9:25:00 AM,RTD,8/31/2026 9:30:00 AM,CVIS,Ru,19999,
8/31/2026 9:25:00 AM,RTD,8/31/2026 9:30:00 AM,CLUZ,Ru,10999,
8/31/2026 9:25:00 AM,RTD,8/31/2026 9:30:00 AM,CMIN,Ru,1000,
8/31/2026 9:30:00 AM,RTD,8/31/2026 9:35:00 AM,CMIN,Dr,0,
8/31/2026 9:30:00 AM,RTD,8/31/2026 9:35:00 AM,CVIS,Dr,200,
8/31/2026 9:30:00 AM,RTD,8/31/2026 9:35:00 AM,CLUZ,Dr,900.08,
8/31/2026 9:30:00 AM,RTD,8/31/2026 9:35:00 AM,CVIS,Fr,15000,
8/31/2026 9:30:00 AM,RTD,8/31/2026 9:35:00 AM,CLUZ,Fr,260,
8/31/2026 9:30:00 AM,RTD,8/31/2026 9:35:00 AM,CMIN,Fr,100,
8/31/2026 9:30:00 AM,RTD,8/31/2026 9:35:00 AM,CMIN,Rd,1000,
8/31/2026 9:30:00 AM,RTD,8/31/2026 9:35:00 AM,CVIS,Rd,19998,
8/31/2026 9:30:00 AM,RTD,8/31/2026 9:35:00 AM,CLUZ,Rd,25000,
8/31/2026 9:30:00 AM,RTD,8/31/2026 9:35:00 AM,CVIS,Ru,19998,
8/31/2026 9:30:00 AM,RTD,8/31/2026 9:35:00 AM,CLUZ,Ru,10999,
8/31/2026 9:30:00 AM,RTD,8/31/2026 9:35:00 AM,CMIN,Ru,1000,
8/31/2026 9:35:00 AM,RTD,8/31/2026 9:40:00 AM,CMIN,Dr,0,
8/31/2026 9:35:00 AM,RTD,8/31/2026 9:40:00 AM,CVIS,Dr,200,
8/31/2026 9:35:00 AM,RTD,8/31/2026 9:40:00 AM,CLUZ,Dr,900.08,
8/31/2026 9:35:00 AM,RTD,8/31/2026 9:40:00 AM,CLUZ,Fr,260,
8/31/2026 9:35:00 AM,RTD,8/31/2026 9:40:00 AM,CVIS,Fr,15000,
8/31/2026 9:35:00 AM,RTD,8/31/2026 9:40:00 AM,CMIN,Fr,3250,
8/31/2026 9:35:00 AM,RTD,8/31/2026 9:40:00 AM,CVIS,Rd,19998,
8/31/2026 9:35:00 AM,RTD,8/31/2026 9:40:00 AM,CLUZ,Rd,25000,
8/31/2026 9:35:00 AM,RTD,8/31/2026 9:40:00 AM,CMIN,Rd,1000,
8/31/2026 9:35:00 AM,RTD,8/31/2026 9:40:00 AM,CLUZ,Ru,10999,
8/31/2026 9:35:00 AM,RTD,8/31/2026 9:40:00 AM,CMIN,Ru,1000,
8/31/2026 9:35:00 AM,RTD,8/31/2026 9:40:00 AM,CVIS,Ru,19998,
8/31/2026 9:40:00 AM,RTD,8/31/2026 9:45:00 AM,CMIN,Dr,0,
8/31/2026 9:40:00 AM,RTD,8/31/2026 9:45:00 AM,CVIS,Dr,200,
8/31/2026 9:40:00 AM,RTD,8/31/2026 9:45:00 AM,CLUZ,Dr,900.08,
8/31/2026 9:40:00 AM,RTD,8/31/2026 9:45:00 AM,CMIN,Fr,3250,
8/31/2026 9:40:00 AM,RTD,8/31/2026 9:45:00 AM,CVIS,Fr,15000,
8/31/2026 9:40:00 AM,RTD,8/31/2026 9:45:00 AM,CLUZ,Fr,260,
8/31/2026 9:40:00 AM,RTD,8/31/2026 9:45:00 AM,CMIN,Rd,1000,
8/31/2026 9:40:00 AM,RTD,8/31/2026 9:45:00 AM,CLUZ,Rd,25000,
8/31/2026 9:40:00 AM,RTD,8/31/2026 9:45:00 AM,CVIS,Rd,19998,
8/31/2026 9:40:00 AM,RTD,8/31/2026 9:45:00 AM,CVIS,Ru,19998,
8/31/2026 9:40:00 AM,RTD,8/31/2026 9:45:00 AM,CMIN,Ru,1000,
8/31/2026 9:40:00 AM,RTD,8/31/2026 9:45:00 AM,CLUZ,Ru,10999,
8/31/2026 9:45:00 AM,RTD,8/31/2026 9:50:00 AM,CMIN,Dr,0,
8/31/2026 9:45:00 AM,RTD,8/31/2026 9:50:00 AM,CVIS,Dr,200,
8/31/2026 9:45:00 AM,RTD,8/31/2026 9:50:00 AM,CLUZ,Dr,900.08,
8/31/2026 9:45:00 AM,RTD,8/31/2026 9:50:00 AM,CLUZ,Fr,260,
8/31/2026 9:45:00 AM,RTD,8/31/2026 9:50:00 AM,CVIS,Fr,15000,
8/31/2026 9:45:00 AM,RTD,8/31/2026 9:50:00 AM,CMIN,Fr,3250,
8/31/2026 9:45:00 AM,RTD,8/31/2026 9:50:00 AM,CLUZ,Rd,25000,
8/31/2026 9:45:00 AM,RTD,8/31/2026 9:50:00 AM,CMIN,Rd,1000,
8/31/2026 9:45:00 AM,RTD,8/31/2026 9:50:00 AM,CVIS,Rd,19998,
8/31/2026 9:45:00 AM,RTD,8/31/2026 9:50:00 AM,CMIN,Ru,1000,
8/31/2026 9:45:00 AM,RTD,8/31/2026 9:50:00 AM,CVIS,Ru,19998,
8/31/2026 9:45:00 AM,RTD,8/31/2026 9:50:00 AM,CLUZ,Ru,10999,
8/31/2026 9:50:00 AM,RTD,8/31/2026 9:55:00 AM,CVIS,Dr,200,
8/31/2026 9:50:00 AM,RTD,8/31/2026 9:55:00 AM,CMIN,Dr,0,
8/31/2026 9:50:00 AM,RTD,8/31/2026 9:55:00 AM,CLUZ,Dr,900.08,
8/31/2026 9:50:00 AM,RTD,8/31/2026 9:55:00 AM,CVIS,Fr,16500,
8/31/2026 9:50:00 AM,RTD,8/31/2026 9:55:00 AM,CMIN,Fr,3250,
8/31/2026 9:50:00 AM,RTD,8/31/2026 9:55:00 AM,CLUZ,Fr,260,
8/31/2026 9:50:00 AM,RTD,8/31/2026 9:55:00 AM,CMIN,Rd,1000,
8/31/2026 9:50:00 AM,RTD,8/31/2026 9:55:00 AM,CVIS,Rd,19998,
8/31/2026 9:50:00 AM,RTD,8/31/2026 9:55:00 AM,CLUZ,Rd,25000,
8/31/2026 9:50:00 AM,RTD,8/31/2026 9:55:00 AM,CMIN,Ru,1000,
8/31/2026 9:50:00 AM,RTD,8/31/2026 9:55:00 AM,CVIS,Ru,19998,
8/31/2026 9:50:00 AM,RTD,8/31/2026 9:55:00 AM,CLUZ,Ru,10999,
8/31/2026 9:55:00 AM,RTD,8/31/2026 10:00:00 AM,CMIN,Dr,0,
8/31/2026 9:55:00 AM,RTD,8/31/2026 10:00:00 AM,CVIS,Dr,200,
8/31/2026 9:55:00 AM,RTD,8/31/2026 10:00:00 AM,CLUZ,Dr,900.08,
8/31/2026 9:55:00 AM,RTD,8/31/2026 10:00:00 AM,CLUZ,Fr,260,
8/31/2026 9:55:00 AM,RTD,8/31/2026 10:00:00 AM,CVIS,Fr,16500,
8/31/2026 9:55:00 AM,RTD,8/31/2026 10:00:00 AM,CMIN,Fr,3250,
8/31/2026 9:55:00 AM,RTD,8/31/2026 10:00:00 AM,CVIS,Rd,19998,
8/31/2026 9:55:00 AM,RTD,8/31/2026 10:00:00 AM,CMIN,Rd,1000,
8/31/2026 9:55:00 AM,RTD,8/31/2026 10:00:00 AM,CLUZ,Rd,25000,
8/31/2026 9:55:00 AM,RTD,8/31/2026 10:00:00 AM,CMIN,Ru,1000,
8/31/2026 9:55:00 AM,RTD,8/31/2026 10:00:00 AM,CLUZ,Ru,10999,
8/31/2026 9:55:00 AM,RTD,8/31/2026 10:00:00 AM,CVIS,Ru,19998,
8/31/2026 10:00:00 AM,RTD,8/31/2026 10:05:00 AM,CMIN,Dr,0,
8/31/2026 10:00:00 AM,RTD,8/31/2026 10:05:00 AM,CVIS,Dr,1900,
8/31/2026 10:00:00 AM,RTD,8/31/2026 10:05:00 AM,CLUZ,Dr,2000.08,
8/31/2026 10:00:00 AM,RTD,8/31/2026 10:05:00 AM,CLUZ,Fr,260,
8/31/2026 10:00:00 AM,RTD,8/31/2026 10:05:00 AM,CMIN,Fr,3250,
8/31/2026 10:00:00 AM,RTD,8/31/2026 10:05:00 AM,CVIS,Fr,18000,
8/31/2026 10:00:00 AM,RTD,8/31/2026 10:05:00 AM,CMIN,Rd,1000,
8/31/2026 10:00:00 AM,RTD,8/31/2026 10:05:00 AM,CLUZ,Rd,25000,
8/31/2026 10:00:00 AM,RTD,8/31/2026 10:05:00 AM,CVIS,Rd,19998,
8/31/2026 10:00:00 AM,RTD,8/31/2026 10:05:00 AM,CMIN,Ru,1000,
8/31/2026 10:00:00 AM,RTD,8/31/2026 10:05:00 AM,CLUZ,Ru,10999,
8/31/2026 10:00:00 AM,RTD,8/31/2026 10:05:00 AM,CVIS,Ru,19998,
8/31/2026 10:05:00 AM,RTD,8/31/2026 10:10:00 AM,CVIS,Dr,1900,
8/31/2026 10:05:00 AM,RTD,8/31/2026 10:10:00 AM,CMIN,Dr,0,
8/31/2026 10:05:00 AM,RTD,8/31/2026 10:10:00 AM,CLUZ,Dr,2000.08,
8/31/2026 10:05:00 AM,RTD,8/31/2026 10:10:00 AM,CMIN,Fr,3250,
8/31/2026 10:05:00 AM,RTD,8/31/2026 10:10:00 AM,CVIS,Fr,18000,
8/31/2026 10:05:00 AM,RTD,8/31/2026 10:10:00 AM,CLUZ,Fr,260,
8/31/2026 10:05:00 AM,RTD,8/31/2026 10:10:00 AM,CVIS,Rd,19998,
8/31/2026 10:05:00 AM,RTD,8/31/2026 10:10:00 AM,CMIN,Rd,1000,
8/31/2026 10:05:00 AM,RTD,8/31/2026 10:10:00 AM,CLUZ,Rd,25000,
8/31/2026 10:05:00 AM,RTD,8/31/2026 10:10:00 AM,CVIS,Ru,19998,
8/31/2026 10:05:00 AM,RTD,8/31/2026 10:10:00 AM,CLUZ,Ru,10999,
8/31/2026 10:05:00 AM,RTD,8/31/2026 10:10:00 AM,CMIN,Ru,1000,
8/31/2026 10:10:00 AM,RTD,8/31/2026 10:15:00 AM,CMIN,Dr,900.08,
8/31/2026 10:10:00 AM,RTD,8/31/2026 10:15:00 AM,CVIS,Dr,1900,
8/31/2026 10:10:00 AM,RTD,8/31/2026 10:15:00 AM,CLUZ,Dr,2000.08,
8/31/2026 10:10:00 AM,RTD,8/31/2026 10:15:00 AM,CVIS,Fr,18000,
8/31/2026 10:10:00 AM,RTD,8/31/2026 10:15:00 AM,CMIN,Fr,3250,
8/31/2026 10:10:00 AM,RTD,8/31/2026 10:15:00 AM,CLUZ,Fr,260,
8/31/2026 10:10:00 AM,RTD,8/31/2026 10:15:00 AM,CMIN,Rd,1811.15,
8/31/2026 10:10:00 AM,RTD,8/31/2026 10:15:00 AM,CVIS,Rd,19998,
8/31/2026 10:10:00 AM,RTD,8/31/2026 10:15:00 AM,CLUZ,Rd,25000,
8/31/2026 10:10:00 AM,RTD,8/31/2026 10:15:00 AM,CMIN,Ru,1000,
8/31/2026 10:10:00 AM,RTD,8/31/2026 10:15:00 AM,CVIS,Ru,25000,
8/31/2026 10:10:00 AM,RTD,8/31/2026 10:15:00 AM,CLUZ,Ru,10999,
8/31/2026 10:15:00 AM,RTD,8/31/2026 10:20:00 AM,CVIS,Dr,1900,
8/31/2026 10:15:00 AM,RTD,8/31/2026 10:20:00 AM,CMIN,Dr,3555.54,
8/31/2026 10:15:00 AM,RTD,8/31/2026 10:20:00 AM,CLUZ,Dr,1600,
8/31/2026 10:15:00 AM,RTD,8/31/2026 10:20:00 AM,CMIN,Fr,3250,
8/31/2026 10:15:00 AM,RTD,8/31/2026 10:20:00 AM,CVIS,Fr,19000,
8/31/2026 10:15:00 AM,RTD,8/31/2026 10:20:00 AM,CLUZ,Fr,260,
8/31/2026 10:15:00 AM,RTD,8/31/2026 10:20:00 AM,CVIS,Rd,19998,
8/31/2026 10:15:00 AM,RTD,8/31/2026 10:20:00 AM,CMIN,Rd,1000,
8/31/2026 10:15:00 AM,RTD,8/31/2026 10:20:00 AM,CLUZ,Rd,25000,
8/31/2026 10:15:00 AM,RTD,8/31/2026 10:20:00 AM,CVIS,Ru,25000,
8/31/2026 10:15:00 AM,RTD,8/31/2026 10:20:00 AM,CLUZ,Ru,10999,
8/31/2026 10:15:00 AM,RTD,8/31/2026 10:20:00 AM,CMIN,Ru,3015.14,
8/31/2026 10:20:00 AM,RTD,8/31/2026 10:25:00 AM,CVIS,Dr,1900,
8/31/2026 10:20:00 AM,RTD,8/31/2026 10:25:00 AM,CMIN,Dr,3604.64,
8/31/2026 10:20:00 AM,RTD,8/31/2026 10:25:00 AM,CLUZ,Dr,1600,
8/31/2026 10:20:00 AM,RTD,8/31/2026 10:25:00 AM,CMIN,Fr,3250,
8/31/2026 10:20:00 AM,RTD,8/31/2026 10:25:00 AM,CVIS,Fr,2999,
8/31/2026 10:20:00 AM,RTD,8/31/2026 10:25:00 AM,CLUZ,Fr,260,
8/31/2026 10:20:00 AM,RTD,8/31/2026 10:25:00 AM,CVIS,Rd,19998,
8/31/2026 10:20:00 AM,RTD,8/31/2026 10:25:00 AM,CMIN,Rd,4000,
8/31/2026 10:20:00 AM,RTD,8/31/2026 10:25:00 AM,CLUZ,Rd,25000,
8/31/2026 10:20:00 AM,RTD,8/31/2026 10:25:00 AM,CVIS,Ru,25000,
8/31/2026 10:20:00 AM,RTD,8/31/2026 10:25:00 AM,CLUZ,Ru,11000,
8/31/2026 10:20:00 AM,RTD,8/31/2026 10:25:00 AM,CMIN,Ru,24999.89,
8/31/2026 10:25:00 AM,RTD,8/31/2026 10:30:00 AM,CVIS,Dr,1900,
8/31/2026 10:25:00 AM,RTD,8/31/2026 10:30:00 AM,CMIN,Dr,7000,
8/31/2026 10:25:00 AM,RTD,8/31/2026 10:30:00 AM,CLUZ,Dr,2000.08,
8/31/2026 10:25:00 AM,RTD,8/31/2026 10:30:00 AM,CMIN,Fr,3262.40,
8/31/2026 10:25:00 AM,RTD,8/31/2026 10:30:00 AM,CVIS,Fr,2999,
8/31/2026 10:25:00 AM,RTD,8/31/2026 10:30:00 AM,CLUZ,Fr,637.48,
8/31/2026 10:25:00 AM,RTD,8/31/2026 10:30:00 AM,CVIS,Rd,19998,
8/31/2026 10:25:00 AM,RTD,8/31/2026 10:30:00 AM,CMIN,Rd,4000,
8/31/2026 10:25:00 AM,RTD,8/31/2026 10:30:00 AM,CLUZ,Rd,10999,
8/31/2026 10:25:00 AM,RTD,8/31/2026 10:30:00 AM,CVIS,Ru,19998,
8/31/2026 10:25:00 AM,RTD,8/31/2026 10:30:00 AM,CLUZ,Ru,11000,
8/31/2026 10:25:00 AM,RTD,8/31/2026 10:30:00 AM,CMIN,Ru,6842.84,
8/31/2026 10:30:00 AM,RTD,8/31/2026 10:35:00 AM,CVIS,Dr,0,
8/31/2026 10:30:00 AM,RTD,8/31/2026 10:35:00 AM,CMIN,Dr,900.08,
8/31/2026 10:30:00 AM,RTD,8/31/2026 10:35:00 AM,CLUZ,Dr,2000.08,
8/31/2026 10:30:00 AM,RTD,8/31/2026 10:35:00 AM,CMIN,Fr,3262.40,
8/31/2026 10:30:00 AM,RTD,8/31/2026 10:35:00 AM,CVIS,Fr,15000,
8/31/2026 10:30:00 AM,RTD,8/31/2026 10:35:00 AM,CLUZ,Fr,550,
8/31/2026 10:30:00 AM,RTD,8/31/2026 10:35:00 AM,CVIS,Rd,19998,
8/31/2026 10:30:00 AM,RTD,8/31/2026 10:35:00 AM,CMIN,Rd,24999.89,
8/31/2026 10:30:00 AM,RTD,8/31/2026 10:35:00 AM,CLUZ,Rd,10999,
8/31/2026 10:30:00 AM,RTD,8/31/2026 10:35:00 AM,CVIS,Ru,19998,
8/31/2026 10:30:00 AM,RTD,8/31/2026 10:35:00 AM,CLUZ,Ru,10999,
8/31/2026 10:30:00 AM,RTD,8/31/2026 10:35:00 AM,CMIN,Ru,24999.89,
8/31/2026 10:35:00 AM,RTD,8/31/2026 10:40:00 AM,CLUZ,Dr,2000.08,
8/31/2026 10:35:00 AM,RTD,8/31/2026 10:40:00 AM,CVIS,Dr,180,
8/31/2026 10:35:00 AM,RTD,8/31/2026 10:40:00 AM,CMIN,Dr,0,
8/31/2026 10:35:00 AM,RTD,8/31/2026 10:40:00 AM,CVIS,Fr,16500,
8/31/2026 10:35:00 AM,RTD,8/31/2026 10:40:00 AM,CLUZ,Fr,550,
8/31/2026 10:35:00 AM,RTD,8/31/2026 10:40:00 AM,CMIN,Fr,3262.40,
8/31/2026 10:35:00 AM,RTD,8/31/2026 10:40:00 AM,CLUZ,Rd,10999,
8/31/2026 10:35:00 AM,RTD,8/31/2026 10:40:00 AM,CVIS,Rd,19998,
8/31/2026 10:35:00 AM,RTD,8/31/2026 10:40:00 AM,CMIN,Rd,24999.89,
8/31/2026 10:35:00 AM,RTD,8/31/2026 10:40:00 AM,CLUZ,Ru,10999,
8/31/2026 10:35:00 AM,RTD,8/31/2026 10:40:00 AM,CMIN,Ru,24999.89,
8/31/2026 10:35:00 AM,RTD,8/31/2026 10:40:00 AM,CVIS,Ru,19998,
8/31/2026 10:40:00 AM,RTD,8/31/2026 10:45:00 AM,CVIS,Dr,200,
8/31/2026 10:40:00 AM,RTD,8/31/2026 10:45:00 AM,CMIN,Dr,0,
8/31/2026 10:40:00 AM,RTD,8/31/2026 10:45:00 AM,CLUZ,Dr,2000.08,
8/31/2026 10:40:00 AM,RTD,8/31/2026 10:45:00 AM,CMIN,Fr,3262.40,
8/31/2026 10:40:00 AM,RTD,8/31/2026 10:45:00 AM,CVIS,Fr,16500,
8/31/2026 10:40:00 AM,RTD,8/31/2026 10:45:00 AM,CLUZ,Fr,550,
8/31/2026 10:40:00 AM,RTD,8/31/2026 10:45:00 AM,CVIS,Rd,19998,
8/31/2026 10:40:00 AM,RTD,8/31/2026 10:45:00 AM,CMIN,Rd,16617.07,
8/31/2026 10:40:00 AM,RTD,8/31/2026 10:45:00 AM,CLUZ,Rd,10999,
8/31/2026 10:40:00 AM,RTD,8/31/2026 10:45:00 AM,CVIS,Ru,19998,
8/31/2026 10:40:00 AM,RTD,8/31/2026 10:45:00 AM,CLUZ,Ru,10999,
8/31/2026 10:40:00 AM,RTD,8/31/2026 10:45:00 AM,CMIN,Ru,14821.76,
8/31/2026 10:45:00 AM,RTD,8/31/2026 10:50:00 AM,CVIS,Dr,200,
8/31/2026 10:45:00 AM,RTD,8/31/2026 10:50:00 AM,CMIN,Dr,0,
8/31/2026 10:45:00 AM,RTD,8/31/2026 10:50:00 AM,CLUZ,Dr,2000.08,
8/31/2026 10:45:00 AM,RTD,8/31/2026 10:50:00 AM,CMIN,Fr,5000,
8/31/2026 10:45:00 AM,RTD,8/31/2026 10:50:00 AM,CVIS,Fr,16500,
8/31/2026 10:45:00 AM,RTD,8/31/2026 10:50:00 AM,CLUZ,Fr,550,
8/31/2026 10:45:00 AM,RTD,8/31/2026 10:50:00 AM,CVIS,Rd,19998,
8/31/2026 10:45:00 AM,RTD,8/31/2026 10:50:00 AM,CMIN,Rd,4000,
8/31/2026 10:45:00 AM,RTD,8/31/2026 10:50:00 AM,CLUZ,Rd,10999,
8/31/2026 10:45:00 AM,RTD,8/31/2026 10:50:00 AM,CVIS,Ru,19998,
8/31/2026 10:45:00 AM,RTD,8/31/2026 10:50:00 AM,CLUZ,Ru,10999,
8/31/2026 10:45:00 AM,RTD,8/31/2026 10:50:00 AM,CMIN,Ru,16748.14,
8/31/2026 10:50:00 AM,RTD,8/31/2026 10:55:00 AM,CVIS,Dr,200,
8/31/2026 10:50:00 AM,RTD,8/31/2026 10:55:00 AM,CMIN,Dr,0,
8/31/2026 10:50:00 AM,RTD,8/31/2026 10:55:00 AM,CLUZ,Dr,2000.08,
8/31/2026 10:50:00 AM,RTD,8/31/2026 10:55:00 AM,CMIN,Fr,5000,
8/31/2026 10:50:00 AM,RTD,8/31/2026 10:55:00 AM,CVIS,Fr,16500,
8/31/2026 10:50:00 AM,RTD,8/31/2026 10:55:00 AM,CLUZ,Fr,550,
8/31/2026 10:50:00 AM,RTD,8/31/2026 10:55:00 AM,CVIS,Rd,19998,
8/31/2026 10:50:00 AM,RTD,8/31/2026 10:55:00 AM,CMIN,Rd,4000,
8/31/2026 10:50:00 AM,RTD,8/31/2026 10:55:00 AM,CLUZ,Rd,10999,
8/31/2026 10:50:00 AM,RTD,8/31/2026 10:55:00 AM,CVIS,Ru,19998,
8/31/2026 10:50:00 AM,RTD,8/31/2026 10:55:00 AM,CLUZ,Ru,10999,
8/31/2026 10:50:00 AM,RTD,8/31/2026 10:55:00 AM,CMIN,Ru,20716.06,
8/31/2026 10:55:00 AM,RTD,8/31/2026 11:00:00 AM,CVIS,Dr,200,
8/31/2026 10:55:00 AM,RTD,8/31/2026 11:00:00 AM,CMIN,Dr,0,
8/31/2026 10:55:00 AM,RTD,8/31/2026 11:00:00 AM,CLUZ,Dr,2000.08,
8/31/2026 10:55:00 AM,RTD,8/31/2026 11:00:00 AM,CMIN,Fr,5000,
8/31/2026 10:55:00 AM,RTD,8/31/2026 11:00:00 AM,CVIS,Fr,16500,
8/31/2026 10:55:00 AM,RTD,8/31/2026 11:00:00 AM,CLUZ,Fr,550,
8/31/2026 10:55:00 AM,RTD,8/31/2026 11:00:00 AM,CVIS,Rd,19998,
8/31/2026 10:55:00 AM,RTD,8/31/2026 11:00:00 AM,CMIN,Rd,4000,
8/31/2026 10:55:00 AM,RTD,8/31/2026 11:00:00 AM,CLUZ,Rd,10999,
8/31/2026 10:55:00 AM,RTD,8/31/2026 11:00:00 AM,CVIS,Ru,19998,
8/31/2026 10:55:00 AM,RTD,8/31/2026 11:00:00 AM,CLUZ,Ru,10999,
8/31/2026 10:55:00 AM,RTD,8/31/2026 11:00:00 AM,CMIN,Ru,20793.84,
8/31/2026 11:00:00 AM,RTD,8/31/2026 11:05:00 AM,CVIS,Dr,200,
8/31/2026 11:00:00 AM,RTD,8/31/2026 11:05:00 AM,CLUZ,Dr,2000.08,
8/31/2026 11:00:00 AM,RTD,8/31/2026 11:05:00 AM,CMIN,Dr,900.08,
8/31/2026 11:00:00 AM,RTD,8/31/2026 11:05:00 AM,CLUZ,Fr,550,
8/31/2026 11:00:00 AM,RTD,8/31/2026 11:05:00 AM,CVIS,Fr,18000,
8/31/2026 11:00:00 AM,RTD,8/31/2026 11:05:00 AM,CMIN,Fr,3262.40,
8/31/2026 11:00:00 AM,RTD,8/31/2026 11:05:00 AM,CMIN,Rd,4000,
8/31/2026 11:00:00 AM,RTD,8/31/2026 11:05:00 AM,CLUZ,Rd,10999,
8/31/2026 11:00:00 AM,RTD,8/31/2026 11:05:00 AM,CVIS,Rd,19998,
8/31/2026 11:00:00 AM,RTD,8/31/2026 11:05:00 AM,CMIN,Ru,14942.77,
8/31/2026 11:00:00 AM,RTD,8/31/2026 11:05:00 AM,CLUZ,Ru,10999,
8/31/2026 11:00:00 AM,RTD,8/31/2026 11:05:00 AM,CVIS,Ru,19998,
8/31/2026 11:05:00 AM,RTD,8/31/2026 11:10:00 AM,CVIS,Dr,200,
8/31/2026 11:05:00 AM,RTD,8/31/2026 11:10:00 AM,CLUZ,Dr,2000.08,
8/31/2026 11:05:00 AM,RTD,8/31/2026 11:10:00 AM,CMIN,Dr,900.08,
8/31/2026 11:05:00 AM,RTD,8/31/2026 11:10:00 AM,CLUZ,Fr,550,
8/31/2026 11:05:00 AM,RTD,8/31/2026 11:10:00 AM,CMIN,Fr,3262.40,
8/31/2026 11:05:00 AM,RTD,8/31/2026 11:10:00 AM,CVIS,Fr,16807.18,
8/31/2026 11:05:00 AM,RTD,8/31/2026 11:10:00 AM,CVIS,Rd,19998,
8/31/2026 11:05:00 AM,RTD,8/31/2026 11:10:00 AM,CMIN,Rd,4000,
8/31/2026 11:05:00 AM,RTD,8/31/2026 11:10:00 AM,CLUZ,Rd,10999,
8/31/2026 11:05:00 AM,RTD,8/31/2026 11:10:00 AM,CMIN,Ru,5892.20,
8/31/2026 11:05:00 AM,RTD,8/31/2026 11:10:00 AM,CLUZ,Ru,10999,
8/31/2026 11:05:00 AM,RTD,8/31/2026 11:10:00 AM,CVIS,Ru,19998,
8/31/2026 11:10:00 AM,RTD,8/31/2026 11:15:00 AM,CLUZ,Dr,2000.08,
8/31/2026 11:10:00 AM,RTD,8/31/2026 11:15:00 AM,CMIN,Dr,900.08,
8/31/2026 11:10:00 AM,RTD,8/31/2026 11:15:00 AM,CVIS,Dr,200,
8/31/2026 11:10:00 AM,RTD,8/31/2026 11:15:00 AM,CLUZ,Fr,200,
8/31/2026 11:10:00 AM,RTD,8/31/2026 11:15:00 AM,CVIS,Fr,18000,
8/31/2026 11:10:00 AM,RTD,8/31/2026 11:15:00 AM,CMIN,Fr,3262.40,
8/31/2026 11:10:00 AM,RTD,8/31/2026 11:15:00 AM,CMIN,Rd,4000,
8/31/2026 11:10:00 AM,RTD,8/31/2026 11:15:00 AM,CVIS,Rd,19998,
8/31/2026 11:10:00 AM,RTD,8/31/2026 11:15:00 AM,CLUZ,Rd,10999,
8/31/2026 11:10:00 AM,RTD,8/31/2026 11:15:00 AM,CVIS,Ru,19998,
8/31/2026 11:10:00 AM,RTD,8/31/2026 11:15:00 AM,CLUZ,Ru,10999,
8/31/2026 11:10:00 AM,RTD,8/31/2026 11:15:00 AM,CMIN,Ru,14956.10,
8/31/2026 11:15:00 AM,RTD,8/31/2026 11:20:00 AM,CLUZ,Dr,2000.08,
8/31/2026 11:15:00 AM,RTD,8/31/2026 11:20:00 AM,CVIS,Dr,200,
8/31/2026 11:15:00 AM,RTD,8/31/2026 11:20:00 AM,CMIN,Dr,900.08,
8/31/2026 11:15:00 AM,RTD,8/31/2026 11:20:00 AM,CLUZ,Fr,550,
8/31/2026 11:15:00 AM,RTD,8/31/2026 11:20:00 AM,CVIS,Fr,18000,
8/31/2026 11:15:00 AM,RTD,8/31/2026 11:20:00 AM,CMIN,Fr,3262.40,
8/31/2026 11:15:00 AM,RTD,8/31/2026 11:20:00 AM,CLUZ,Rd,10999,
8/31/2026 11:15:00 AM,RTD,8/31/2026 11:20:00 AM,CVIS,Rd,19998,
8/31/2026 11:15:00 AM,RTD,8/31/2026 11:20:00 AM,CMIN,Rd,4000,
8/31/2026 11:15:00 AM,RTD,8/31/2026 11:20:00 AM,CLUZ,Ru,10999,
8/31/2026 11:15:00 AM,RTD,8/31/2026 11:20:00 AM,CVIS,Ru,19998,
8/31/2026 11:15:00 AM,RTD,8/31/2026 11:20:00 AM,CMIN,Ru,17238.47,
8/31/2026 11:20:00 AM,RTD,8/31/2026 11:25:00 AM,CMIN,Dr,900.08,
8/31/2026 11:20:00 AM,RTD,8/31/2026 11:25:00 AM,CVIS,Dr,200,
8/31/2026 11:20:00 AM,RTD,8/31/2026 11:25:00 AM,CLUZ,Dr,2000.08,
8/31/2026 11:20:00 AM,RTD,8/31/2026 11:25:00 AM,CMIN,Fr,5000,
8/31/2026 11:20:00 AM,RTD,8/31/2026 11:25:00 AM,CVIS,Fr,18000,
8/31/2026 11:20:00 AM,RTD,8/31/2026 11:25:00 AM,CLUZ,Fr,550,
8/31/2026 11:20:00 AM,RTD,8/31/2026 11:25:00 AM,CLUZ,Rd,10999,
8/31/2026 11:20:00 AM,RTD,8/31/2026 11:25:00 AM,CVIS,Rd,19998,
8/31/2026 11:20:00 AM,RTD,8/31/2026 11:25:00 AM,CMIN,Rd,4000,
8/31/2026 11:20:00 AM,RTD,8/31/2026 11:25:00 AM,CLUZ,Ru,10999,
8/31/2026 11:20:00 AM,RTD,8/31/2026 11:25:00 AM,CVIS,Ru,19998,
8/31/2026 11:20:00 AM,RTD,8/31/2026 11:25:00 AM,CMIN,Ru,16899.54,
8/31/2026 11:25:00 AM,RTD,8/31/2026 11:30:00 AM,CVIS,Dr,200,
8/31/2026 11:25:00 AM,RTD,8/31/2026 11:30:00 AM,CLUZ,Dr,2000.08,
8/31/2026 11:25:00 AM,RTD,8/31/2026 11:30:00 AM,CMIN,Dr,900.08,
8/31/2026 11:25:00 AM,RTD,8/31/2026 11:30:00 AM,CLUZ,Fr,550,
8/31/2026 11:25:00 AM,RTD,8/31/2026 11:30:00 AM,CVIS,Fr,16500,
8/31/2026 11:25:00 AM,RTD,8/31/2026 11:30:00 AM,CMIN,Fr,5000,
8/31/2026 11:25:00 AM,RTD,8/31/2026 11:30:00 AM,CLUZ,Rd,10999,
8/31/2026 11:25:00 AM,RTD,8/31/2026 11:30:00 AM,CVIS,Rd,19998,
8/31/2026 11:25:00 AM,RTD,8/31/2026 11:30:00 AM,CMIN,Rd,4000,
8/31/2026 11:25:00 AM,RTD,8/31/2026 11:30:00 AM,CLUZ,Ru,10999,
8/31/2026 11:25:00 AM,RTD,8/31/2026 11:30:00 AM,CMIN,Ru,5567.60,
8/31/2026 11:25:00 AM,RTD,8/31/2026 11:30:00 AM,CVIS,Ru,19998,
8/31/2026 11:30:00 AM,RTD,8/31/2026 11:35:00 AM,CMIN,Dr,900.08,
8/31/2026 11:30:00 AM,RTD,8/31/2026 11:35:00 AM,CLUZ,Dr,2000.08,
8/31/2026 11:30:00 AM,RTD,8/31/2026 11:35:00 AM,CVIS,Dr,200,
8/31/2026 11:30:00 AM,RTD,8/31/2026 11:35:00 AM,CMIN,Fr,5000,
8/31/2026 11:30:00 AM,RTD,8/31/2026 11:35:00 AM,CLUZ,Fr,550,
8/31/2026 11:30:00 AM,RTD,8/31/2026 11:35:00 AM,CVIS,Fr,16810.76,
8/31/2026 11:30:00 AM,RTD,8/31/2026 11:35:00 AM,CLUZ,Rd,10999,
8/31/2026 11:30:00 AM,RTD,8/31/2026 11:35:00 AM,CVIS,Rd,19998,
8/31/2026 11:30:00 AM,RTD,8/31/2026 11:35:00 AM,CMIN,Rd,4000,
8/31/2026 11:30:00 AM,RTD,8/31/2026 11:35:00 AM,CMIN,Ru,5896.32,
8/31/2026 11:30:00 AM,RTD,8/31/2026 11:35:00 AM,CVIS,Ru,19998,
8/31/2026 11:30:00 AM,RTD,8/31/2026 11:35:00 AM,CLUZ,Ru,10999,
8/31/2026 11:35:00 AM,RTD,8/31/2026 11:40:00 AM,CMIN,Dr,900.08,
8/31/2026 11:35:00 AM,RTD,8/31/2026 11:40:00 AM,CVIS,Dr,200,
8/31/2026 11:35:00 AM,RTD,8/31/2026 11:40:00 AM,CLUZ,Dr,2000.08,
8/31/2026 11:35:00 AM,RTD,8/31/2026 11:40:00 AM,CMIN,Fr,5000,
8/31/2026 11:35:00 AM,RTD,8/31/2026 11:40:00 AM,CLUZ,Fr,200,
8/31/2026 11:35:00 AM,RTD,8/31/2026 11:40:00 AM,CVIS,Fr,18000,
8/31/2026 11:35:00 AM,RTD,8/31/2026 11:40:00 AM,CMIN,Rd,4000,
8/31/2026 11:35:00 AM,RTD,8/31/2026 11:40:00 AM,CLUZ,Rd,10999,
8/31/2026 11:35:00 AM,RTD,8/31/2026 11:40:00 AM,CVIS,Rd,19998,
8/31/2026 11:35:00 AM,RTD,8/31/2026 11:40:00 AM,CVIS,Ru,19998,
8/31/2026 11:35:00 AM,RTD,8/31/2026 11:40:00 AM,CMIN,Ru,14951.50,
8/31/2026 11:35:00 AM,RTD,8/31/2026 11:40:00 AM,CLUZ,Ru,10999,
8/31/2026 11:40:00 AM,RTD,8/31/2026 11:45:00 AM,CVIS,Dr,200,
8/31/2026 11:40:00 AM,RTD,8/31/2026 11:45:00 AM,CLUZ,Dr,2000.08,
8/31/2026 11:40:00 AM,RTD,8/31/2026 11:45:00 AM,CMIN,Dr,900.08,
8/31/2026 11:40:00 AM,RTD,8/31/2026 11:45:00 AM,CVIS,Fr,16500,
8/31/2026 11:40:00 AM,RTD,8/31/2026 11:45:00 AM,CLUZ,Fr,260,
8/31/2026 11:40:00 AM,RTD,8/31/2026 11:45:00 AM,CMIN,Fr,5000,
8/31/2026 11:40:00 AM,RTD,8/31/2026 11:45:00 AM,CMIN,Rd,4000,
8/31/2026 11:40:00 AM,RTD,8/31/2026 11:45:00 AM,CLUZ,Rd,10999,
8/31/2026 11:40:00 AM,RTD,8/31/2026 11:45:00 AM,CVIS,Rd,19998,
8/31/2026 11:40:00 AM,RTD,8/31/2026 11:45:00 AM,CVIS,Ru,19998,
8/31/2026 11:40:00 AM,RTD,8/31/2026 11:45:00 AM,CMIN,Ru,5584.97,
8/31/2026 11:40:00 AM,RTD,8/31/2026 11:45:00 AM,CLUZ,Ru,10999,
8/31/2026 11:45:00 AM,RTD,8/31/2026 11:50:00 AM,CLUZ,Dr,2000.08,
8/31/2026 11:45:00 AM,RTD,8/31/2026 11:50:00 AM,CMIN,Dr,900.08,
8/31/2026 11:45:00 AM,RTD,8/31/2026 11:50:00 AM,CVIS,Dr,200,
8/31/2026 11:45:00 AM,RTD,8/31/2026 11:50:00 AM,CMIN,Fr,5000,
8/31/2026 11:45:00 AM,RTD,8/31/2026 11:50:00 AM,CLUZ,Fr,200,
8/31/2026 11:45:00 AM,RTD,8/31/2026 11:50:00 AM,CVIS,Fr,20000,
8/31/2026 11:45:00 AM,RTD,8/31/2026 11:50:00 AM,CMIN,Rd,4000,
8/31/2026 11:45:00 AM,RTD,8/31/2026 11:50:00 AM,CVIS,Rd,19998,
8/31/2026 11:45:00 AM,RTD,8/31/2026 11:50:00 AM,CLUZ,Rd,10999,
8/31/2026 11:45:00 AM,RTD,8/31/2026 11:50:00 AM,CMIN,Ru,24999.89,
8/31/2026 11:45:00 AM,RTD,8/31/2026 11:50:00 AM,CVIS,Ru,24243.96,
8/31/2026 11:45:00 AM,RTD,8/31/2026 11:50:00 AM,CLUZ,Ru,10999,
8/31/2026 11:50:00 AM,RTD,8/31/2026 11:55:00 AM,CMIN,Dr,900.08,
8/31/2026 11:50:00 AM,RTD,8/31/2026 11:55:00 AM,CLUZ,Dr,2000.08,
8/31/2026 11:50:00 AM,RTD,8/31/2026 11:55:00 AM,CVIS,Dr,200,
8/31/2026 11:50:00 AM,RTD,8/31/2026 11:55:00 AM,CMIN,Fr,3262.40,
8/31/2026 11:50:00 AM,RTD,8/31/2026 11:55:00 AM,CVIS,Fr,23000,
8/31/2026 11:50:00 AM,RTD,8/31/2026 11:55:00 AM,CLUZ,Fr,500,
8/31/2026 11:50:00 AM,RTD,8/31/2026 11:55:00 AM,CMIN,Rd,4000,
8/31/2026 11:50:00 AM,RTD,8/31/2026 11:55:00 AM,CLUZ,Rd,10999,
8/31/2026 11:50:00 AM,RTD,8/31/2026 11:55:00 AM,CVIS,Rd,19998,
8/31/2026 11:50:00 AM,RTD,8/31/2026 11:55:00 AM,CLUZ,Ru,10999,
8/31/2026 11:50:00 AM,RTD,8/31/2026 11:55:00 AM,CMIN,Ru,24999.89,
8/31/2026 11:50:00 AM,RTD,8/31/2026 11:55:00 AM,CVIS,Ru,23552.46,
8/31/2026 11:55:00 AM,RTD,8/31/2026 12:00:00 PM,CLUZ,Dr,2000.08,
8/31/2026 11:55:00 AM,RTD,8/31/2026 12:00:00 PM,CMIN,Dr,7000,
8/31/2026 11:55:00 AM,RTD,8/31/2026 12:00:00 PM,CVIS,Dr,200,
8/31/2026 11:55:00 AM,RTD,8/31/2026 12:00:00 PM,CLUZ,Fr,260,
8/31/2026 11:55:00 AM,RTD,8/31/2026 12:00:00 PM,CVIS,Fr,20000,
8/31/2026 11:55:00 AM,RTD,8/31/2026 12:00:00 PM,CMIN,Fr,3262.40,
8/31/2026 11:55:00 AM,RTD,8/31/2026 12:00:00 PM,CVIS,Rd,19998,
8/31/2026 11:55:00 AM,RTD,8/31/2026 12:00:00 PM,CLUZ,Rd,10999,
8/31/2026 11:55:00 AM,RTD,8/31/2026 12:00:00 PM,CMIN,Rd,4000,
8/31/2026 11:55:00 AM,RTD,8/31/2026 12:00:00 PM,CLUZ,Ru,10999,
8/31/2026 11:55:00 AM,RTD,8/31/2026 12:00:00 PM,CVIS,Ru,19999,
8/31/2026 11:55:00 AM,RTD,8/31/2026 12:00:00 PM,CMIN,Ru,23398.57,
8/31/2026 12:00:00 PM,RTD,8/31/2026 12:05:00 PM,CVIS,Dr,200,
8/31/2026 12:00:00 PM,RTD,8/31/2026 12:05:00 PM,CMIN,Dr,7000,
8/31/2026 12:00:00 PM,RTD,8/31/2026 12:05:00 PM,CLUZ,Dr,2000.08,
8/31/2026 12:00:00 PM,RTD,8/31/2026 12:05:00 PM,CMIN,Fr,3262.40,
8/31/2026 12:00:00 PM,RTD,8/31/2026 12:05:00 PM,CVIS,Fr,23500,
8/31/2026 12:00:00 PM,RTD,8/31/2026 12:05:00 PM,CLUZ,Fr,550,
8/31/2026 12:00:00 PM,RTD,8/31/2026 12:05:00 PM,CVIS,Rd,19998,
8/31/2026 12:00:00 PM,RTD,8/31/2026 12:05:00 PM,CMIN,Rd,1000,
8/31/2026 12:00:00 PM,RTD,8/31/2026 12:05:00 PM,CLUZ,Rd,10999,
8/31/2026 12:00:00 PM,RTD,8/31/2026 12:05:00 PM,CVIS,Ru,21807.38,
8/31/2026 12:00:00 PM,RTD,8/31/2026 12:05:00 PM,CLUZ,Ru,10999,
8/31/2026 12:00:00 PM,RTD,8/31/2026 12:05:00 PM,CMIN,Ru,1000,
8/31/2026 12:05:00 PM,RTD,8/31/2026 12:10:00 PM,CVIS,Dr,200,
8/31/2026 12:05:00 PM,RTD,8/31/2026 12:10:00 PM,CMIN,Dr,7000,
8/31/2026 12:05:00 PM,RTD,8/31/2026 12:10:00 PM,CLUZ,Dr,2000.08,
8/31/2026 12:05:00 PM,RTD,8/31/2026 12:10:00 PM,CMIN,Fr,5000,
8/31/2026 12:05:00 PM,RTD,8/31/2026 12:10:00 PM,CVIS,Fr,23000,
8/31/2026 12:05:00 PM,RTD,8/31/2026 12:10:00 PM,CLUZ,Fr,500,
8/31/2026 12:05:00 PM,RTD,8/31/2026 12:10:00 PM,CVIS,Rd,19998,
8/31/2026 12:05:00 PM,RTD,8/31/2026 12:10:00 PM,CMIN,Rd,4000,
8/31/2026 12:05:00 PM,RTD,8/31/2026 12:10:00 PM,CLUZ,Rd,10999,
8/31/2026 12:05:00 PM,RTD,8/31/2026 12:10:00 PM,CVIS,Ru,21807.38,
8/31/2026 12:05:00 PM,RTD,8/31/2026 12:10:00 PM,CLUZ,Ru,10999,
8/31/2026 12:05:00 PM,RTD,8/31/2026 12:10:00 PM,CMIN,Ru,24999.89,
8/31/2026 12:10:00 PM,RTD,8/31/2026 12:15:00 PM,CVIS,Dr,200,
8/31/2026 12:10:00 PM,RTD,8/31/2026 12:15:00 PM,CMIN,Dr,7000,
8/31/2026 12:10:00 PM,RTD,8/31/2026 12:15:00 PM,CLUZ,Dr,2000.08,
8/31/2026 12:10:00 PM,RTD,8/31/2026 12:15:00 PM,CMIN,Fr,5000,
8/31/2026 12:10:00 PM,RTD,8/31/2026 12:15:00 PM,CVIS,Fr,23000,
8/31/2026 12:10:00 PM,RTD,8/31/2026 12:15:00 PM,CLUZ,Fr,200,
8/31/2026 12:10:00 PM,RTD,8/31/2026 12:15:00 PM,CVIS,Rd,19998,
8/31/2026 12:10:00 PM,RTD,8/31/2026 12:15:00 PM,CMIN,Rd,4000,
8/31/2026 12:10:00 PM,RTD,8/31/2026 12:15:00 PM,CLUZ,Rd,10999,
8/31/2026 12:10:00 PM,RTD,8/31/2026 12:15:00 PM,CVIS,Ru,21827.49,
8/31/2026 12:10:00 PM,RTD,8/31/2026 12:15:00 PM,CLUZ,Ru,10999,
8/31/2026 12:10:00 PM,RTD,8/31/2026 12:15:00 PM,CMIN,Ru,24999.89,
8/31/2026 12:15:00 PM,RTD,8/31/2026 12:20:00 PM,CVIS,Dr,200,
8/31/2026 12:15:00 PM,RTD,8/31/2026 12:20:00 PM,CMIN,Dr,7000,
8/31/2026 12:15:00 PM,RTD,8/31/2026 12:20:00 PM,CLUZ,Dr,2000.08,
8/31/2026 12:15:00 PM,RTD,8/31/2026 12:20:00 PM,CMIN,Fr,5000,
8/31/2026 12:15:00 PM,RTD,8/31/2026 12:20:00 PM,CVIS,Fr,22008,
8/31/2026 12:15:00 PM,RTD,8/31/2026 12:20:00 PM,CLUZ,Fr,200,
8/31/2026 12:15:00 PM,RTD,8/31/2026 12:20:00 PM,CVIS,Rd,19998,
8/31/2026 12:15:00 PM,RTD,8/31/2026 12:20:00 PM,CMIN,Rd,4000,
8/31/2026 12:15:00 PM,RTD,8/31/2026 12:20:00 PM,CLUZ,Rd,10999,
8/31/2026 12:15:00 PM,RTD,8/31/2026 12:20:00 PM,CVIS,Ru,19999,
8/31/2026 12:15:00 PM,RTD,8/31/2026 12:20:00 PM,CLUZ,Ru,10999,
8/31/2026 12:15:00 PM,RTD,8/31/2026 12:20:00 PM,CMIN,Ru,23337.52,
8/31/2026 12:20:00 PM,RTD,8/31/2026 12:25:00 PM,CVIS,Dr,2010,
8/31/2026 12:20:00 PM,RTD,8/31/2026 12:25:00 PM,CMIN,Dr,7000,
8/31/2026 12:20:00 PM,RTD,8/31/2026 12:25:00 PM,CLUZ,Dr,2000.08,
8/31/2026 12:20:00 PM,RTD,8/31/2026 12:25:00 PM,CMIN,Fr,3262.40,
8/31/2026 12:20:00 PM,RTD,8/31/2026 12:25:00 PM,CVIS,Fr,16500,
8/31/2026 12:20:00 PM,RTD,8/31/2026 12:25:00 PM,CLUZ,Fr,200,
8/31/2026 12:20:00 PM,RTD,8/31/2026 12:25:00 PM,CVIS,Rd,19998,
8/31/2026 12:20:00 PM,RTD,8/31/2026 12:25:00 PM,CMIN,Rd,4000,
8/31/2026 12:20:00 PM,RTD,8/31/2026 12:25:00 PM,CLUZ,Rd,10999,
8/31/2026 12:20:00 PM,RTD,8/31/2026 12:25:00 PM,CVIS,Ru,19998,
8/31/2026 12:20:00 PM,RTD,8/31/2026 12:25:00 PM,CLUZ,Ru,10999,
8/31/2026 12:20:00 PM,RTD,8/31/2026 12:25:00 PM,CMIN,Ru,4433.13,
8/31/2026 12:25:00 PM,RTD,8/31/2026 12:30:00 PM,CVIS,Dr,2010,
8/31/2026 12:25:00 PM,RTD,8/31/2026 12:30:00 PM,CMIN,Dr,7000,
8/31/2026 12:25:00 PM,RTD,8/31/2026 12:30:00 PM,CLUZ,Dr,2000.08,
8/31/2026 12:25:00 PM,RTD,8/31/2026 12:30:00 PM,CMIN,Fr,3262.40,
8/31/2026 12:25:00 PM,RTD,8/31/2026 12:30:00 PM,CVIS,Fr,16500,
8/31/2026 12:25:00 PM,RTD,8/31/2026 12:30:00 PM,CLUZ,Fr,200,
8/31/2026 12:25:00 PM,RTD,8/31/2026 12:30:00 PM,CVIS,Rd,19998,
8/31/2026 12:25:00 PM,RTD,8/31/2026 12:30:00 PM,CMIN,Rd,4000,
8/31/2026 12:25:00 PM,RTD,8/31/2026 12:30:00 PM,CLUZ,Rd,10999,
8/31/2026 12:25:00 PM,RTD,8/31/2026 12:30:00 PM,CVIS,Ru,19998,
8/31/2026 12:25:00 PM,RTD,8/31/2026 12:30:00 PM,CLUZ,Ru,10999,
8/31/2026 12:25:00 PM,RTD,8/31/2026 12:30:00 PM,CMIN,Ru,17750.62,
8/31/2026 12:30:00 PM,RTD,8/31/2026 12:35:00 PM,CVIS,Dr,2010,
8/31/2026 12:30:00 PM,RTD,8/31/2026 12:35:00 PM,CMIN,Dr,7000,
8/31/2026 12:30:00 PM,RTD,8/31/2026 12:35:00 PM,CLUZ,Dr,2000.08,
8/31/2026 12:30:00 PM,RTD,8/31/2026 12:35:00 PM,CMIN,Fr,4756.04,
8/31/2026 12:30:00 PM,RTD,8/31/2026 12:35:00 PM,CVIS,Fr,17250.10,
8/31/2026 12:30:00 PM,RTD,8/31/2026 12:35:00 PM,CLUZ,Fr,200,
8/31/2026 12:30:00 PM,RTD,8/31/2026 12:35:00 PM,CVIS,Rd,19998,
8/31/2026 12:30:00 PM,RTD,8/31/2026 12:35:00 PM,CMIN,Rd,4000,
8/31/2026 12:30:00 PM,RTD,8/31/2026 12:35:00 PM,CLUZ,Rd,10999,
8/31/2026 12:30:00 PM,RTD,8/31/2026 12:35:00 PM,CVIS,Ru,19998,
8/31/2026 12:30:00 PM,RTD,8/31/2026 12:35:00 PM,CLUZ,Ru,10999,
8/31/2026 12:30:00 PM,RTD,8/31/2026 12:35:00 PM,CMIN,Ru,18000.08,
8/31/2026 12:35:00 PM,RTD,8/31/2026 12:40:00 PM,CVIS,Dr,2010,
8/31/2026 12:35:00 PM,RTD,8/31/2026 12:40:00 PM,CMIN,Dr,7000,
8/31/2026 12:35:00 PM,RTD,8/31/2026 12:40:00 PM,CLUZ,Dr,2000.08,
8/31/2026 12:35:00 PM,RTD,8/31/2026 12:40:00 PM,CMIN,Fr,4909.23,
8/31/2026 12:35:00 PM,RTD,8/31/2026 12:40:00 PM,CVIS,Fr,17409.84,
8/31/2026 12:35:00 PM,RTD,8/31/2026 12:40:00 PM,CLUZ,Fr,200,
8/31/2026 12:35:00 PM,RTD,8/31/2026 12:40:00 PM,CVIS,Rd,19998,
8/31/2026 12:35:00 PM,RTD,8/31/2026 12:40:00 PM,CMIN,Rd,4000,
8/31/2026 12:35:00 PM,RTD,8/31/2026 12:40:00 PM,CLUZ,Rd,10999,
8/31/2026 12:35:00 PM,RTD,8/31/2026 12:40:00 PM,CVIS,Ru,19998,
8/31/2026 12:35:00 PM,RTD,8/31/2026 12:40:00 PM,CLUZ,Ru,10999,
8/31/2026 12:35:00 PM,RTD,8/31/2026 12:40:00 PM,CMIN,Ru,18000.08,
8/31/2026 12:40:00 PM,RTD,8/31/2026 12:45:00 PM,CVIS,Dr,2010,
8/31/2026 12:40:00 PM,RTD,8/31/2026 12:45:00 PM,CMIN,Dr,7000,
8/31/2026 12:40:00 PM,RTD,8/31/2026 12:45:00 PM,CLUZ,Dr,2000.08,
8/31/2026 12:40:00 PM,RTD,8/31/2026 12:45:00 PM,CMIN,Fr,5000,
8/31/2026 12:40:00 PM,RTD,8/31/2026 12:45:00 PM,CVIS,Fr,18000,
8/31/2026 12:40:00 PM,RTD,8/31/2026 12:45:00 PM,CLUZ,Fr,200,
8/31/2026 12:40:00 PM,RTD,8/31/2026 12:45:00 PM,CVIS,Rd,19998,
8/31/2026 12:40:00 PM,RTD,8/31/2026 12:45:00 PM,CMIN,Rd,4000,
8/31/2026 12:40:00 PM,RTD,8/31/2026 12:45:00 PM,CLUZ,Rd,10999,
8/31/2026 12:40:00 PM,RTD,8/31/2026 12:45:00 PM,CVIS,Ru,19998,
8/31/2026 12:40:00 PM,RTD,8/31/2026 12:45:00 PM,CLUZ,Ru,10999,
8/31/2026 12:40:00 PM,RTD,8/31/2026 12:45:00 PM,CMIN,Ru,19372.88,
8/31/2026 12:45:00 PM,RTD,8/31/2026 12:50:00 PM,CLUZ,Dr,2000.08,
8/31/2026 12:45:00 PM,RTD,8/31/2026 12:50:00 PM,CMIN,Dr,7000,
8/31/2026 12:45:00 PM,RTD,8/31/2026 12:50:00 PM,CVIS,Dr,2010,
8/31/2026 12:45:00 PM,RTD,8/31/2026 12:50:00 PM,CMIN,Fr,5000,
8/31/2026 12:45:00 PM,RTD,8/31/2026 12:50:00 PM,CVIS,Fr,18000,
8/31/2026 12:45:00 PM,RTD,8/31/2026 12:50:00 PM,CLUZ,Fr,200,
8/31/2026 12:45:00 PM,RTD,8/31/2026 12:50:00 PM,CVIS,Rd,19998,
8/31/2026 12:45:00 PM,RTD,8/31/2026 12:50:00 PM,CLUZ,Rd,14430,
8/31/2026 12:45:00 PM,RTD,8/31/2026 12:50:00 PM,CMIN,Rd,4000,
8/31/2026 12:45:00 PM,RTD,8/31/2026 12:50:00 PM,CLUZ,Ru,10999,
8/31/2026 12:45:00 PM,RTD,8/31/2026 12:50:00 PM,CMIN,Ru,19398.38,
8/31/2026 12:45:00 PM,RTD,8/31/2026 12:50:00 PM,CVIS,Ru,19998,
8/31/2026 12:50:00 PM,RTD,8/31/2026 12:55:00 PM,CLUZ,Dr,2000.08,
8/31/2026 12:50:00 PM,RTD,8/31/2026 12:55:00 PM,CMIN,Dr,7000,
8/31/2026 12:50:00 PM,RTD,8/31/2026 12:55:00 PM,CVIS,Dr,2020,
8/31/2026 12:50:00 PM,RTD,8/31/2026 12:55:00 PM,CMIN,Fr,5000,
8/31/2026 12:50:00 PM,RTD,8/31/2026 12:55:00 PM,CVIS,Fr,19000,
8/31/2026 12:50:00 PM,RTD,8/31/2026 12:55:00 PM,CLUZ,Fr,200,
8/31/2026 12:50:00 PM,RTD,8/31/2026 12:55:00 PM,CVIS,Rd,19998,
8/31/2026 12:50:00 PM,RTD,8/31/2026 12:55:00 PM,CMIN,Rd,4000,
8/31/2026 12:50:00 PM,RTD,8/31/2026 12:55:00 PM,CLUZ,Rd,14430,
8/31/2026 12:50:00 PM,RTD,8/31/2026 12:55:00 PM,CMIN,Ru,22789.25,
8/31/2026 12:50:00 PM,RTD,8/31/2026 12:55:00 PM,CLUZ,Ru,10999,
8/31/2026 12:50:00 PM,RTD,8/31/2026 12:55:00 PM,CVIS,Ru,19998,
8/31/2026 12:55:00 PM,RTD,8/31/2026 1:00:00 PM,CMIN,Dr,7000,
8/31/2026 12:55:00 PM,RTD,8/31/2026 1:00:00 PM,CVIS,Dr,2010,
8/31/2026 12:55:00 PM,RTD,8/31/2026 1:00:00 PM,CLUZ,Dr,2000.08,
8/31/2026 12:55:00 PM,RTD,8/31/2026 1:00:00 PM,CLUZ,Fr,200,
8/31/2026 12:55:00 PM,RTD,8/31/2026 1:00:00 PM,CVIS,Fr,19702.11,
8/31/2026 12:55:00 PM,RTD,8/31/2026 1:00:00 PM,CMIN,Fr,5000,
8/31/2026 12:55:00 PM,RTD,8/31/2026 1:00:00 PM,CVIS,Rd,19998,
8/31/2026 12:55:00 PM,RTD,8/31/2026 1:00:00 PM,CMIN,Rd,4000,
8/31/2026 12:55:00 PM,RTD,8/31/2026 1:00:00 PM,CLUZ,Rd,14430,
8/31/2026 12:55:00 PM,RTD,8/31/2026 1:00:00 PM,CVIS,Ru,19998,
8/31/2026 12:55:00 PM,RTD,8/31/2026 1:00:00 PM,CMIN,Ru,18000.08,
8/31/2026 12:55:00 PM,RTD,8/31/2026 1:00:00 PM,CLUZ,Ru,10999,
8/31/2026 1:00:00 PM,RTD,8/31/2026 1:05:00 PM,CVIS,Dr,2040,
8/31/2026 1:00:00 PM,RTD,8/31/2026 1:05:00 PM,CMIN,Dr,7000,
8/31/2026 1:00:00 PM,RTD,8/31/2026 1:05:00 PM,CLUZ,Dr,2000.08,
8/31/2026 1:00:00 PM,RTD,8/31/2026 1:05:00 PM,CMIN,Fr,5000,
8/31/2026 1:00:00 PM,RTD,8/31/2026 1:05:00 PM,CVIS,Fr,18000,
8/31/2026 1:00:00 PM,RTD,8/31/2026 1:05:00 PM,CLUZ,Fr,200,
8/31/2026 1:00:00 PM,RTD,8/31/2026 1:05:00 PM,CVIS,Rd,19998,
8/31/2026 1:00:00 PM,RTD,8/31/2026 1:05:00 PM,CMIN,Rd,4000,
8/31/2026 1:00:00 PM,RTD,8/31/2026 1:05:00 PM,CLUZ,Rd,10312.75,
8/31/2026 1:00:00 PM,RTD,8/31/2026 1:05:00 PM,CVIS,Ru,19998,
8/31/2026 1:00:00 PM,RTD,8/31/2026 1:05:00 PM,CLUZ,Ru,1000,
8/31/2026 1:00:00 PM,RTD,8/31/2026 1:05:00 PM,CMIN,Ru,18000.08,
8/31/2026 1:05:00 PM,RTD,8/31/2026 1:10:00 PM,CVIS,Dr,4236.20,
8/31/2026 1:05:00 PM,RTD,8/31/2026 1:10:00 PM,CMIN,Dr,7000,
8/31/2026 1:05:00 PM,RTD,8/31/2026 1:10:00 PM,CLUZ,Dr,2000.08,
8/31/2026 1:05:00 PM,RTD,8/31/2026 1:10:00 PM,CMIN,Fr,5000,
8/31/2026 1:05:00 PM,RTD,8/31/2026 1:10:00 PM,CVIS,Fr,18000,
8/31/2026 1:05:00 PM,RTD,8/31/2026 1:10:00 PM,CLUZ,Fr,200,
8/31/2026 1:05:00 PM,RTD,8/31/2026 1:10:00 PM,CVIS,Rd,19998,
8/31/2026 1:05:00 PM,RTD,8/31/2026 1:10:00 PM,CMIN,Rd,4000,
8/31/2026 1:05:00 PM,RTD,8/31/2026 1:10:00 PM,CLUZ,Rd,10334.79,
8/31/2026 1:05:00 PM,RTD,8/31/2026 1:10:00 PM,CVIS,Ru,19998,
8/31/2026 1:05:00 PM,RTD,8/31/2026 1:10:00 PM,CLUZ,Ru,1000,
8/31/2026 1:05:00 PM,RTD,8/31/2026 1:10:00 PM,CMIN,Ru,18000.08,
8/31/2026 1:10:00 PM,RTD,8/31/2026 1:15:00 PM,CVIS,Dr,4309.76,
8/31/2026 1:10:00 PM,RTD,8/31/2026 1:15:00 PM,CMIN,Dr,7000,
8/31/2026 1:10:00 PM,RTD,8/31/2026 1:15:00 PM,CLUZ,Dr,2000.08,
8/31/2026 1:10:00 PM,RTD,8/31/2026 1:15:00 PM,CMIN,Fr,5000,
8/31/2026 1:10:00 PM,RTD,8/31/2026 1:15:00 PM,CVIS,Fr,19000,
8/31/2026 1:10:00 PM,RTD,8/31/2026 1:15:00 PM,CLUZ,Fr,200,
8/31/2026 1:10:00 PM,RTD,8/31/2026 1:15:00 PM,CVIS,Rd,19998,
8/31/2026 1:10:00 PM,RTD,8/31/2026 1:15:00 PM,CMIN,Rd,4000,
8/31/2026 1:10:00 PM,RTD,8/31/2026 1:15:00 PM,CLUZ,Rd,1000,
8/31/2026 1:10:00 PM,RTD,8/31/2026 1:15:00 PM,CVIS,Ru,19999,
8/31/2026 1:10:00 PM,RTD,8/31/2026 1:15:00 PM,CLUZ,Ru,1000,
8/31/2026 1:10:00 PM,RTD,8/31/2026 1:15:00 PM,CMIN,Ru,18000.08,
8/31/2026 1:15:00 PM,RTD,8/31/2026 1:20:00 PM,CVIS,Dr,4794.67,
8/31/2026 1:15:00 PM,RTD,8/31/2026 1:20:00 PM,CMIN,Dr,7000,
8/31/2026 1:15:00 PM,RTD,8/31/2026 1:20:00 PM,CLUZ,Dr,2000.08,
8/31/2026 1:15:00 PM,RTD,8/31/2026 1:20:00 PM,CMIN,Fr,5000,
8/31/2026 1:15:00 PM,RTD,8/31/2026 1:20:00 PM,CVIS,Fr,20000,
8/31/2026 1:15:00 PM,RTD,8/31/2026 1:20:00 PM,CLUZ,Fr,200,
8/31/2026 1:15:00 PM,RTD,8/31/2026 1:20:00 PM,CVIS,Rd,19998,
8/31/2026 1:15:00 PM,RTD,8/31/2026 1:20:00 PM,CMIN,Rd,4000,
8/31/2026 1:15:00 PM,RTD,8/31/2026 1:20:00 PM,CLUZ,Rd,1000,
8/31/2026 1:15:00 PM,RTD,8/31/2026 1:20:00 PM,CVIS,Ru,20443.34,
8/31/2026 1:15:00 PM,RTD,8/31/2026 1:20:00 PM,CLUZ,Ru,1000,
8/31/2026 1:15:00 PM,RTD,8/31/2026 1:20:00 PM,CMIN,Ru,18000.08,
8/31/2026 1:20:00 PM,RTD,8/31/2026 1:25:00 PM,CVIS,Dr,8000,
8/31/2026 1:20:00 PM,RTD,8/31/2026 1:25:00 PM,CMIN,Dr,7000,
8/31/2026 1:20:00 PM,RTD,8/31/2026 1:25:00 PM,CLUZ,Dr,2000.08,
8/31/2026 1:20:00 PM,RTD,8/31/2026 1:25:00 PM,CMIN,Fr,10000,
8/31/2026 1:20:00 PM,RTD,8/31/2026 1:25:00 PM,CVIS,Fr,23000,
8/31/2026 1:20:00 PM,RTD,8/31/2026 1:25:00 PM,CLUZ,Fr,200,
8/31/2026 1:20:00 PM,RTD,8/31/2026 1:25:00 PM,CVIS,Rd,19998,
8/31/2026 1:20:00 PM,RTD,8/31/2026 1:25:00 PM,CMIN,Rd,4000,
8/31/2026 1:20:00 PM,RTD,8/31/2026 1:25:00 PM,CLUZ,Rd,10999,
8/31/2026 1:20:00 PM,RTD,8/31/2026 1:25:00 PM,CVIS,Ru,20413,
8/31/2026 1:20:00 PM,RTD,8/31/2026 1:25:00 PM,CLUZ,Ru,10999,
8/31/2026 1:20:00 PM,RTD,8/31/2026 1:25:00 PM,CMIN,Ru,21102.31,
8/31/2026 1:25:00 PM,RTD,8/31/2026 1:30:00 PM,CVIS,Dr,9981.59,
8/31/2026 1:25:00 PM,RTD,8/31/2026 1:30:00 PM,CMIN,Dr,7000,
8/31/2026 1:25:00 PM,RTD,8/31/2026 1:30:00 PM,CLUZ,Dr,2000.08,
8/31/2026 1:25:00 PM,RTD,8/31/2026 1:30:00 PM,CMIN,Fr,10000,
8/31/2026 1:25:00 PM,RTD,8/31/2026 1:30:00 PM,CVIS,Fr,23000,
8/31/2026 1:25:00 PM,RTD,8/31/2026 1:30:00 PM,CLUZ,Fr,200,
8/31/2026 1:25:00 PM,RTD,8/31/2026 1:30:00 PM,CVIS,Rd,19998,
8/31/2026 1:25:00 PM,RTD,8/31/2026 1:30:00 PM,CMIN,Rd,4000,
8/31/2026 1:25:00 PM,RTD,8/31/2026 1:30:00 PM,CLUZ,Rd,14430,
8/31/2026 1:25:00 PM,RTD,8/31/2026 1:30:00 PM,CVIS,Ru,22323.60,
8/31/2026 1:25:00 PM,RTD,8/31/2026 1:30:00 PM,CLUZ,Ru,10999,
8/31/2026 1:25:00 PM,RTD,8/31/2026 1:30:00 PM,CMIN,Ru,23137.86,
8/31/2026 1:30:00 PM,RTD,8/31/2026 1:35:00 PM,CVIS,Dr,8000,
8/31/2026 1:30:00 PM,RTD,8/31/2026 1:35:00 PM,CMIN,Dr,7000,
8/31/2026 1:30:00 PM,RTD,8/31/2026 1:35:00 PM,CLUZ,Dr,2000.08,
8/31/2026 1:30:00 PM,RTD,8/31/2026 1:35:00 PM,CMIN,Fr,14619.12,
8/31/2026 1:30:00 PM,RTD,8/31/2026 1:35:00 PM,CVIS,Fr,23000,
8/31/2026 1:30:00 PM,RTD,8/31/2026 1:35:00 PM,CLUZ,Fr,200,
8/31/2026 1:30:00 PM,RTD,8/31/2026 1:35:00 PM,CVIS,Rd,19998,
8/31/2026 1:30:00 PM,RTD,8/31/2026 1:35:00 PM,CMIN,Rd,4000,
8/31/2026 1:30:00 PM,RTD,8/31/2026 1:35:00 PM,CLUZ,Rd,14430,
8/31/2026 1:30:00 PM,RTD,8/31/2026 1:35:00 PM,CVIS,Ru,20363.41,
8/31/2026 1:30:00 PM,RTD,8/31/2026 1:35:00 PM,CLUZ,Ru,10999,
8/31/2026 1:30:00 PM,RTD,8/31/2026 1:35:00 PM,CMIN,Ru,21367.94,
8/31/2026 1:35:00 PM,RTD,8/31/2026 1:40:00 PM,CVIS,Dr,8000,
8/31/2026 1:35:00 PM,RTD,8/31/2026 1:40:00 PM,CMIN,Dr,7000,
8/31/2026 1:35:00 PM,RTD,8/31/2026 1:40:00 PM,CLUZ,Dr,2000.08,
8/31/2026 1:35:00 PM,RTD,8/31/2026 1:40:00 PM,CMIN,Fr,13668.78,
8/31/2026 1:35:00 PM,RTD,8/31/2026 1:40:00 PM,CVIS,Fr,23000,
8/31/2026 1:35:00 PM,RTD,8/31/2026 1:40:00 PM,CLUZ,Fr,200,
8/31/2026 1:35:00 PM,RTD,8/31/2026 1:40:00 PM,CVIS,Rd,19998,
8/31/2026 1:35:00 PM,RTD,8/31/2026 1:40:00 PM,CMIN,Rd,4000,
8/31/2026 1:35:00 PM,RTD,8/31/2026 1:40:00 PM,CLUZ,Rd,14430,
8/31/2026 1:35:00 PM,RTD,8/31/2026 1:40:00 PM,CVIS,Ru,19999,
8/31/2026 1:35:00 PM,RTD,8/31/2026 1:40:00 PM,CLUZ,Ru,10999,
8/31/2026 1:35:00 PM,RTD,8/31/2026 1:40:00 PM,CMIN,Ru,20308.13,
8/31/2026 1:40:00 PM,RTD,8/31/2026 1:45:00 PM,CLUZ,Dr,2000.08,
8/31/2026 1:40:00 PM,RTD,8/31/2026 1:45:00 PM,CVIS,Dr,8000,
8/31/2026 1:40:00 PM,RTD,8/31/2026 1:45:00 PM,CMIN,Dr,7000,
8/31/2026 1:40:00 PM,RTD,8/31/2026 1:45:00 PM,CVIS,Fr,23488.95,
8/31/2026 1:40:00 PM,RTD,8/31/2026 1:45:00 PM,CLUZ,Fr,200,
8/31/2026 1:40:00 PM,RTD,8/31/2026 1:45:00 PM,CMIN,Fr,13636.20,
8/31/2026 1:40:00 PM,RTD,8/31/2026 1:45:00 PM,CLUZ,Rd,11000.03,
8/31/2026 1:40:00 PM,RTD,8/31/2026 1:45:00 PM,CVIS,Rd,2001,
8/31/2026 1:40:00 PM,RTD,8/31/2026 1:45:00 PM,CMIN,Rd,4000,
8/31/2026 1:40:00 PM,RTD,8/31/2026 1:45:00 PM,CLUZ,Ru,10999,
8/31/2026 1:40:00 PM,RTD,8/31/2026 1:45:00 PM,CMIN,Ru,20368.43,
8/31/2026 1:40:00 PM,RTD,8/31/2026 1:45:00 PM,CVIS,Ru,19999,
8/31/2026 1:45:00 PM,RTD,8/31/2026 1:50:00 PM,CLUZ,Dr,2000.08,
8/31/2026 1:45:00 PM,RTD,8/31/2026 1:50:00 PM,CMIN,Dr,7000,
8/31/2026 1:45:00 PM,RTD,8/31/2026 1:50:00 PM,CVIS,Dr,0,
8/31/2026 1:45:00 PM,RTD,8/31/2026 1:50:00 PM,CLUZ,Fr,200,
8/31/2026 1:45:00 PM,RTD,8/31/2026 1:50:00 PM,CVIS,Fr,23000,
8/31/2026 1:45:00 PM,RTD,8/31/2026 1:50:00 PM,CMIN,Fr,15000,
8/31/2026 1:45:00 PM,RTD,8/31/2026 1:50:00 PM,CLUZ,Rd,14420,
8/31/2026 1:45:00 PM,RTD,8/31/2026 1:50:00 PM,CVIS,Rd,2088,
8/31/2026 1:45:00 PM,RTD,8/31/2026 1:50:00 PM,CMIN,Rd,4000,
8/31/2026 1:45:00 PM,RTD,8/31/2026 1:50:00 PM,CLUZ,Ru,10999,
8/31/2026 1:45:00 PM,RTD,8/31/2026 1:50:00 PM,CMIN,Ru,18059.30,
8/31/2026 1:45:00 PM,RTD,8/31/2026 1:50:00 PM,CVIS,Ru,19998,
8/31/2026 1:50:00 PM,RTD,8/31/2026 1:55:00 PM,CVIS,Dr,200,
8/31/2026 1:50:00 PM,RTD,8/31/2026 1:55:00 PM,CMIN,Dr,7000,
8/31/2026 1:50:00 PM,RTD,8/31/2026 1:55:00 PM,CLUZ,Dr,2000.08,
8/31/2026 1:50:00 PM,RTD,8/31/2026 1:55:00 PM,CLUZ,Fr,200,
8/31/2026 1:50:00 PM,RTD,8/31/2026 1:55:00 PM,CVIS,Fr,23000,
8/31/2026 1:50:00 PM,RTD,8/31/2026 1:55:00 PM,CMIN,Fr,15000,
8/31/2026 1:50:00 PM,RTD,8/31/2026 1:55:00 PM,CLUZ,Rd,10308.45,
8/31/2026 1:50:00 PM,RTD,8/31/2026 1:55:00 PM,CMIN,Rd,4000,
8/31/2026 1:50:00 PM,RTD,8/31/2026 1:55:00 PM,CVIS,Rd,2001,
8/31/2026 1:50:00 PM,RTD,8/31/2026 1:55:00 PM,CLUZ,Ru,10999,
8/31/2026 1:50:00 PM,RTD,8/31/2026 1:55:00 PM,CMIN,Ru,21121.49,
8/31/2026 1:50:00 PM,RTD,8/31/2026 1:55:00 PM,CVIS,Ru,19999,
8/31/2026 1:55:00 PM,RTD,8/31/2026 2:00:00 PM,CVIS,Dr,200,
8/31/2026 1:55:00 PM,RTD,8/31/2026 2:00:00 PM,CMIN,Dr,7000,
8/31/2026 1:55:00 PM,RTD,8/31/2026 2:00:00 PM,CLUZ,Dr,2000.08,
8/31/2026 1:55:00 PM,RTD,8/31/2026 2:00:00 PM,CLUZ,Fr,200,
8/31/2026 1:55:00 PM,RTD,8/31/2026 2:00:00 PM,CVIS,Fr,23000,
8/31/2026 1:55:00 PM,RTD,8/31/2026 2:00:00 PM,CMIN,Fr,20000,
8/31/2026 1:55:00 PM,RTD,8/31/2026 2:00:00 PM,CVIS,Rd,2001,
8/31/2026 1:55:00 PM,RTD,8/31/2026 2:00:00 PM,CMIN,Rd,4000,
8/31/2026 1:55:00 PM,RTD,8/31/2026 2:00:00 PM,CLUZ,Rd,10300.46,
8/31/2026 1:55:00 PM,RTD,8/31/2026 2:00:00 PM,CVIS,Ru,19999,
8/31/2026 1:55:00 PM,RTD,8/31/2026 2:00:00 PM,CMIN,Ru,22574.78,
8/31/2026 1:55:00 PM,RTD,8/31/2026 2:00:00 PM,CLUZ,Ru,10999,
8/31/2026 2:00:00 PM,RTD,8/31/2026 2:05:00 PM,CVIS,Dr,13035,
8/31/2026 2:00:00 PM,RTD,8/31/2026 2:05:00 PM,CMIN,Dr,7000,
8/31/2026 2:00:00 PM,RTD,8/31/2026 2:05:00 PM,CLUZ,Dr,2000.08,
8/31/2026 2:00:00 PM,RTD,8/31/2026 2:05:00 PM,CMIN,Fr,18025.26,
8/31/2026 2:00:00 PM,RTD,8/31/2026 2:05:00 PM,CVIS,Fr,25000,
8/31/2026 2:00:00 PM,RTD,8/31/2026 2:05:00 PM,CLUZ,Fr,550,
8/31/2026 2:00:00 PM,RTD,8/31/2026 2:05:00 PM,CVIS,Rd,19998,
8/31/2026 2:00:00 PM,RTD,8/31/2026 2:05:00 PM,CMIN,Rd,1000,
8/31/2026 2:00:00 PM,RTD,8/31/2026 2:05:00 PM,CLUZ,Rd,1000,
8/31/2026 2:00:00 PM,RTD,8/31/2026 2:05:00 PM,CVIS,Ru,19999,
8/31/2026 2:00:00 PM,RTD,8/31/2026 2:05:00 PM,CLUZ,Ru,10999,
8/31/2026 2:00:00 PM,RTD,8/31/2026 2:05:00 PM,CMIN,Ru,22773.11,
8/31/2026 2:05:00 PM,RTD,8/31/2026 2:10:00 PM,CVIS,Dr,12974.16,
8/31/2026 2:05:00 PM,RTD,8/31/2026 2:10:00 PM,CMIN,Dr,10133.50,
8/31/2026 2:05:00 PM,RTD,8/31/2026 2:10:00 PM,CLUZ,Dr,2000.08,
8/31/2026 2:05:00 PM,RTD,8/31/2026 2:10:00 PM,CMIN,Fr,5000,
8/31/2026 2:05:00 PM,RTD,8/31/2026 2:10:00 PM,CVIS,Fr,25000,
8/31/2026 2:05:00 PM,RTD,8/31/2026 2:10:00 PM,CLUZ,Fr,550,
8/31/2026 2:05:00 PM,RTD,8/31/2026 2:10:00 PM,CVIS,Rd,19998,
8/31/2026 2:05:00 PM,RTD,8/31/2026 2:10:00 PM,CMIN,Rd,1000,
8/31/2026 2:05:00 PM,RTD,8/31/2026 2:10:00 PM,CLUZ,Rd,1000,
8/31/2026 2:05:00 PM,RTD,8/31/2026 2:10:00 PM,CVIS,Ru,19999,
8/31/2026 2:05:00 PM,RTD,8/31/2026 2:10:00 PM,CLUZ,Ru,10999,
8/31/2026 2:05:00 PM,RTD,8/31/2026 2:10:00 PM,CMIN,Ru,22753.98,
8/31/2026 2:10:00 PM,RTD,8/31/2026 2:15:00 PM,CVIS,Dr,12991.20,
8/31/2026 2:10:00 PM,RTD,8/31/2026 2:15:00 PM,CMIN,Dr,10224.83,
8/31/2026 2:10:00 PM,RTD,8/31/2026 2:15:00 PM,CLUZ,Dr,2000.08,
8/31/2026 2:10:00 PM,RTD,8/31/2026 2:15:00 PM,CMIN,Fr,18002.39,
8/31/2026 2:10:00 PM,RTD,8/31/2026 2:15:00 PM,CVIS,Fr,25000,
8/31/2026 2:10:00 PM,RTD,8/31/2026 2:15:00 PM,CLUZ,Fr,550,
8/31/2026 2:10:00 PM,RTD,8/31/2026 2:15:00 PM,CVIS,Rd,19998,
8/31/2026 2:10:00 PM,RTD,8/31/2026 2:15:00 PM,CMIN,Rd,1000,
8/31/2026 2:10:00 PM,RTD,8/31/2026 2:15:00 PM,CLUZ,Rd,8557.82,
8/31/2026 2:10:00 PM,RTD,8/31/2026 2:15:00 PM,CVIS,Ru,19999,
8/31/2026 2:10:00 PM,RTD,8/31/2026 2:15:00 PM,CLUZ,Ru,10999,
8/31/2026 2:10:00 PM,RTD,8/31/2026 2:15:00 PM,CMIN,Ru,22729.43,
8/31/2026 2:15:00 PM,RTD,8/31/2026 2:20:00 PM,CVIS,Dr,13495.69,
8/31/2026 2:15:00 PM,RTD,8/31/2026 2:20:00 PM,CMIN,Dr,10788.48,
8/31/2026 2:15:00 PM,RTD,8/31/2026 2:20:00 PM,CLUZ,Dr,2000.08,
8/31/2026 2:15:00 PM,RTD,8/31/2026 2:20:00 PM,CMIN,Fr,18462.40,
8/31/2026 2:15:00 PM,RTD,8/31/2026 2:20:00 PM,CVIS,Fr,25000,
8/31/2026 2:15:00 PM,RTD,8/31/2026 2:20:00 PM,CLUZ,Fr,550,
8/31/2026 2:15:00 PM,RTD,8/31/2026 2:20:00 PM,CVIS,Rd,19998,
8/31/2026 2:15:00 PM,RTD,8/31/2026 2:20:00 PM,CMIN,Rd,1000,
8/31/2026 2:15:00 PM,RTD,8/31/2026 2:20:00 PM,CLUZ,Rd,10966.14,
8/31/2026 2:15:00 PM,RTD,8/31/2026 2:20:00 PM,CVIS,Ru,19999,
8/31/2026 2:15:00 PM,RTD,8/31/2026 2:20:00 PM,CLUZ,Ru,10999,
8/31/2026 2:15:00 PM,RTD,8/31/2026 2:20:00 PM,CMIN,Ru,25000,
8/31/2026 2:20:00 PM,RTD,8/31/2026 2:25:00 PM,CMIN,Dr,25000,
8/31/2026 2:20:00 PM,RTD,8/31/2026 2:25:00 PM,CLUZ,Dr,2000.08,
8/31/2026 2:20:00 PM,RTD,8/31/2026 2:25:00 PM,CVIS,Dr,25000,
8/31/2026 2:20:00 PM,RTD,8/31/2026 2:25:00 PM,CLUZ,Fr,550,
8/31/2026 2:20:00 PM,RTD,8/31/2026 2:25:00 PM,CMIN,Fr,25000,
8/31/2026 2:20:00 PM,RTD,8/31/2026 2:25:00 PM,CVIS,Fr,25000,
8/31/2026 2:20:00 PM,RTD,8/31/2026 2:25:00 PM,CMIN,Rd,4000,
8/31/2026 2:20:00 PM,RTD,8/31/2026 2:25:00 PM,CLUZ,Rd,8467.53,
8/31/2026 2:20:00 PM,RTD,8/31/2026 2:25:00 PM,CVIS,Rd,19998,
8/31/2026 2:20:00 PM,RTD,8/31/2026 2:25:00 PM,CMIN,Ru,25000,
8/31/2026 2:20:00 PM,RTD,8/31/2026 2:25:00 PM,CVIS,Ru,25000,
8/31/2026 2:20:00 PM,RTD,8/31/2026 2:25:00 PM,CLUZ,Ru,10999,
8/31/2026 2:25:00 PM,RTD,8/31/2026 2:30:00 PM,CVIS,Dr,25000,
8/31/2026 2:25:00 PM,RTD,8/31/2026 2:30:00 PM,CMIN,Dr,25000,
8/31/2026 2:25:00 PM,RTD,8/31/2026 2:30:00 PM,CLUZ,Dr,2000.08,
8/31/2026 2:25:00 PM,RTD,8/31/2026 2:30:00 PM,CMIN,Fr,25000,
8/31/2026 2:25:00 PM,RTD,8/31/2026 2:30:00 PM,CVIS,Fr,25000,
8/31/2026 2:25:00 PM,RTD,8/31/2026 2:30:00 PM,CLUZ,Fr,550,
8/31/2026 2:25:00 PM,RTD,8/31/2026 2:30:00 PM,CVIS,Rd,19998,
8/31/2026 2:25:00 PM,RTD,8/31/2026 2:30:00 PM,CMIN,Rd,4000,
8/31/2026 2:25:00 PM,RTD,8/31/2026 2:30:00 PM,CLUZ,Rd,8704,
8/31/2026 2:25:00 PM,RTD,8/31/2026 2:30:00 PM,CVIS,Ru,25000,
8/31/2026 2:25:00 PM,RTD,8/31/2026 2:30:00 PM,CLUZ,Ru,10999,
8/31/2026 2:25:00 PM,RTD,8/31/2026 2:30:00 PM,CMIN,Ru,25000,
8/31/2026 2:30:00 PM,RTD,8/31/2026 2:35:00 PM,CMIN,Dr,21721.03,
8/31/2026 2:30:00 PM,RTD,8/31/2026 2:35:00 PM,CVIS,Dr,22800.61,
8/31/2026 2:30:00 PM,RTD,8/31/2026 2:35:00 PM,CLUZ,Dr,2000.08,
8/31/2026 2:30:00 PM,RTD,8/31/2026 2:35:00 PM,CVIS,Fr,25000,
8/31/2026 2:30:00 PM,RTD,8/31/2026 2:35:00 PM,CMIN,Fr,25000,
8/31/2026 2:30:00 PM,RTD,8/31/2026 2:35:00 PM,CLUZ,Fr,550,
8/31/2026 2:30:00 PM,RTD,8/31/2026 2:35:00 PM,CMIN,Rd,4000,
8/31/2026 2:30:00 PM,RTD,8/31/2026 2:35:00 PM,CVIS,Rd,19998,
8/31/2026 2:30:00 PM,RTD,8/31/2026 2:35:00 PM,CLUZ,Rd,8648.11,
8/31/2026 2:30:00 PM,RTD,8/31/2026 2:35:00 PM,CMIN,Ru,25000,
8/31/2026 2:30:00 PM,RTD,8/31/2026 2:35:00 PM,CVIS,Ru,25000,
8/31/2026 2:30:00 PM,RTD,8/31/2026 2:35:00 PM,CLUZ,Ru,10999,
8/31/2026 2:35:00 PM,RTD,8/31/2026 2:40:00 PM,CVIS,Dr,25000,
8/31/2026 2:35:00 PM,RTD,8/31/2026 2:40:00 PM,CMIN,Dr,25000,
8/31/2026 2:35:00 PM,RTD,8/31/2026 2:40:00 PM,CLUZ,Dr,2000.08,
8/31/2026 2:35:00 PM,RTD,8/31/2026 2:40:00 PM,CMIN,Fr,25000,
8/31/2026 2:35:00 PM,RTD,8/31/2026 2:40:00 PM,CVIS,Fr,25000,
8/31/2026 2:35:00 PM,RTD,8/31/2026 2:40:00 PM,CLUZ,Fr,550,
8/31/2026 2:35:00 PM,RTD,8/31/2026 2:40:00 PM,CVIS,Rd,19998,
8/31/2026 2:35:00 PM,RTD,8/31/2026 2:40:00 PM,CMIN,Rd,4000,
8/31/2026 2:35:00 PM,RTD,8/31/2026 2:40:00 PM,CLUZ,Rd,10966.86,
8/31/2026 2:35:00 PM,RTD,8/31/2026 2:40:00 PM,CVIS,Ru,25000,
8/31/2026 2:35:00 PM,RTD,8/31/2026 2:40:00 PM,CLUZ,Ru,10999,
8/31/2026 2:35:00 PM,RTD,8/31/2026 2:40:00 PM,CMIN,Ru,25000,
8/31/2026 2:40:00 PM,RTD,8/31/2026 2:45:00 PM,CVIS,Dr,25000,
8/31/2026 2:40:00 PM,RTD,8/31/2026 2:45:00 PM,CMIN,Dr,25000,
8/31/2026 2:40:00 PM,RTD,8/31/2026 2:45:00 PM,CLUZ,Dr,2000.08,
8/31/2026 2:40:00 PM,RTD,8/31/2026 2:45:00 PM,CMIN,Fr,25000,
8/31/2026 2:40:00 PM,RTD,8/31/2026 2:45:00 PM,CVIS,Fr,25000,
8/31/2026 2:40:00 PM,RTD,8/31/2026 2:45:00 PM,CLUZ,Fr,550,
8/31/2026 2:40:00 PM,RTD,8/31/2026 2:45:00 PM,CVIS,Rd,19998,
8/31/2026 2:40:00 PM,RTD,8/31/2026 2:45:00 PM,CMIN,Rd,4000,
8/31/2026 2:40:00 PM,RTD,8/31/2026 2:45:00 PM,CLUZ,Rd,7802.72,
8/31/2026 2:40:00 PM,RTD,8/31/2026 2:45:00 PM,CVIS,Ru,25000,
8/31/2026 2:40:00 PM,RTD,8/31/2026 2:45:00 PM,CLUZ,Ru,10999,
8/31/2026 2:40:00 PM,RTD,8/31/2026 2:45:00 PM,CMIN,Ru,25000,
8/31/2026 2:45:00 PM,RTD,8/31/2026 2:50:00 PM,CVIS,Dr,25000,
8/31/2026 2:45:00 PM,RTD,8/31/2026 2:50:00 PM,CMIN,Dr,25000,
8/31/2026 2:45:00 PM,RTD,8/31/2026 2:50:00 PM,CLUZ,Dr,2000.08,
8/31/2026 2:45:00 PM,RTD,8/31/2026 2:50:00 PM,CMIN,Fr,25000,
8/31/2026 2:45:00 PM,RTD,8/31/2026 2:50:00 PM,CVIS,Fr,25000,
8/31/2026 2:45:00 PM,RTD,8/31/2026 2:50:00 PM,CLUZ,Fr,550,
8/31/2026 2:45:00 PM,RTD,8/31/2026 2:50:00 PM,CVIS,Rd,19998,
8/31/2026 2:45:00 PM,RTD,8/31/2026 2:50:00 PM,CMIN,Rd,4000,
8/31/2026 2:45:00 PM,RTD,8/31/2026 2:50:00 PM,CLUZ,Rd,8647.54,
8/31/2026 2:45:00 PM,RTD,8/31/2026 2:50:00 PM,CVIS,Ru,25000,
8/31/2026 2:45:00 PM,RTD,8/31/2026 2:50:00 PM,CLUZ,Ru,10999,
8/31/2026 2:45:00 PM,RTD,8/31/2026 2:50:00 PM,CMIN,Ru,25000,
8/31/2026 2:50:00 PM,RTD,8/31/2026 2:55:00 PM,CVIS,Dr,25000,
8/31/2026 2:50:00 PM,RTD,8/31/2026 2:55:00 PM,CMIN,Dr,25000,
8/31/2026 2:50:00 PM,RTD,8/31/2026 2:55:00 PM,CLUZ,Dr,2000.08,
8/31/2026 2:50:00 PM,RTD,8/31/2026 2:55:00 PM,CMIN,Fr,25000,
8/31/2026 2:50:00 PM,RTD,8/31/2026 2:55:00 PM,CVIS,Fr,25000,
8/31/2026 2:50:00 PM,RTD,8/31/2026 2:55:00 PM,CLUZ,Fr,550,
8/31/2026 2:50:00 PM,RTD,8/31/2026 2:55:00 PM,CVIS,Rd,19998,
8/31/2026 2:50:00 PM,RTD,8/31/2026 2:55:00 PM,CMIN,Rd,4000,
8/31/2026 2:50:00 PM,RTD,8/31/2026 2:55:00 PM,CLUZ,Rd,8647.24,
8/31/2026 2:50:00 PM,RTD,8/31/2026 2:55:00 PM,CVIS,Ru,25000,
8/31/2026 2:50:00 PM,RTD,8/31/2026 2:55:00 PM,CLUZ,Ru,10999,
8/31/2026 2:50:00 PM,RTD,8/31/2026 2:55:00 PM,CMIN,Ru,25000,
8/31/2026 2:55:00 PM,RTD,8/31/2026 3:00:00 PM,CLUZ,Dr,2000.08,
8/31/2026 2:55:00 PM,RTD,8/31/2026 3:00:00 PM,CVIS,Dr,25000,
8/31/2026 2:55:00 PM,RTD,8/31/2026 3:00:00 PM,CMIN,Dr,25000,
8/31/2026 2:55:00 PM,RTD,8/31/2026 3:00:00 PM,CVIS,Fr,25000,
8/31/2026 2:55:00 PM,RTD,8/31/2026 3:00:00 PM,CLUZ,Fr,550,
8/31/2026 2:55:00 PM,RTD,8/31/2026 3:00:00 PM,CMIN,Fr,25000,
8/31/2026 2:55:00 PM,RTD,8/31/2026 3:00:00 PM,CLUZ,Rd,8557.16,
8/31/2026 2:55:00 PM,RTD,8/31/2026 3:00:00 PM,CVIS,Rd,19998,
8/31/2026 2:55:00 PM,RTD,8/31/2026 3:00:00 PM,CMIN,Rd,4000,
8/31/2026 2:55:00 PM,RTD,8/31/2026 3:00:00 PM,CLUZ,Ru,10999,
8/31/2026 2:55:00 PM,RTD,8/31/2026 3:00:00 PM,CMIN,Ru,25000,
8/31/2026 2:55:00 PM,RTD,8/31/2026 3:00:00 PM,CVIS,Ru,25000,
8/31/2026 3:00:00 PM,RTD,8/31/2026 3:05:00 PM,CVIS,Dr,20087.32,
8/31/2026 3:00:00 PM,RTD,8/31/2026 3:05:00 PM,CLUZ,Dr,1600,
8/31/2026 3:00:00 PM,RTD,8/31/2026 3:05:00 PM,CMIN,Dr,7000,
8/31/2026 3:00:00 PM,RTD,8/31/2026 3:05:00 PM,CMIN,Fr,25000,
8/31/2026 3:00:00 PM,RTD,8/31/2026 3:05:00 PM,CVIS,Fr,25000,
8/31/2026 3:00:00 PM,RTD,8/31/2026 3:05:00 PM,CLUZ,Fr,550,
8/31/2026 3:00:00 PM,RTD,8/31/2026 3:05:00 PM,CVIS,Rd,19998,
8/31/2026 3:00:00 PM,RTD,8/31/2026 3:05:00 PM,CMIN,Rd,4000,
8/31/2026 3:00:00 PM,RTD,8/31/2026 3:05:00 PM,CLUZ,Rd,10999,
8/31/2026 3:00:00 PM,RTD,8/31/2026 3:05:00 PM,CVIS,Ru,25000,
8/31/2026 3:00:00 PM,RTD,8/31/2026 3:05:00 PM,CMIN,Ru,25000,
8/31/2026 3:00:00 PM,RTD,8/31/2026 3:05:00 PM,CLUZ,Ru,10999,
8/31/2026 3:05:00 PM,RTD,8/31/2026 3:10:00 PM,CVIS,Dr,19318.55,
8/31/2026 3:05:00 PM,RTD,8/31/2026 3:10:00 PM,CMIN,Dr,20220.48,
8/31/2026 3:05:00 PM,RTD,8/31/2026 3:10:00 PM,CLUZ,Dr,1600,
8/31/2026 3:05:00 PM,RTD,8/31/2026 3:10:00 PM,CMIN,Fr,25000,
8/31/2026 3:05:00 PM,RTD,8/31/2026 3:10:00 PM,CVIS,Fr,25000,
8/31/2026 3:05:00 PM,RTD,8/31/2026 3:10:00 PM,CLUZ,Fr,550,
8/31/2026 3:05:00 PM,RTD,8/31/2026 3:10:00 PM,CVIS,Rd,19998,
8/31/2026 3:05:00 PM,RTD,8/31/2026 3:10:00 PM,CMIN,Rd,4000,
8/31/2026 3:05:00 PM,RTD,8/31/2026 3:10:00 PM,CLUZ,Rd,10900,
8/31/2026 3:05:00 PM,RTD,8/31/2026 3:10:00 PM,CVIS,Ru,25000,
8/31/2026 3:05:00 PM,RTD,8/31/2026 3:10:00 PM,CLUZ,Ru,10999,
8/31/2026 3:05:00 PM,RTD,8/31/2026 3:10:00 PM,CMIN,Ru,25000,
8/31/2026 3:10:00 PM,RTD,8/31/2026 3:15:00 PM,CLUZ,Dr,1600,
8/31/2026 3:10:00 PM,RTD,8/31/2026 3:15:00 PM,CMIN,Dr,20495.56,
8/31/2026 3:10:00 PM,RTD,8/31/2026 3:15:00 PM,CVIS,Dr,21683.08,
8/31/2026 3:10:00 PM,RTD,8/31/2026 3:15:00 PM,CMIN,Fr,25000,
8/31/2026 3:10:00 PM,RTD,8/31/2026 3:15:00 PM,CLUZ,Fr,550,
8/31/2026 3:10:00 PM,RTD,8/31/2026 3:15:00 PM,CVIS,Fr,25000,
8/31/2026 3:10:00 PM,RTD,8/31/2026 3:15:00 PM,CLUZ,Rd,10900,
8/31/2026 3:10:00 PM,RTD,8/31/2026 3:15:00 PM,CMIN,Rd,4000,
8/31/2026 3:10:00 PM,RTD,8/31/2026 3:15:00 PM,CVIS,Rd,19998,
8/31/2026 3:10:00 PM,RTD,8/31/2026 3:15:00 PM,CLUZ,Ru,10999,
8/31/2026 3:10:00 PM,RTD,8/31/2026 3:15:00 PM,CMIN,Ru,25000,
8/31/2026 3:10:00 PM,RTD,8/31/2026 3:15:00 PM,CVIS,Ru,25000,
8/31/2026 3:15:00 PM,RTD,8/31/2026 3:20:00 PM,CVIS,Dr,25000,
8/31/2026 3:15:00 PM,RTD,8/31/2026 3:20:00 PM,CMIN,Dr,24709.23,
8/31/2026 3:15:00 PM,RTD,8/31/2026 3:20:00 PM,CLUZ,Dr,1600,
8/31/2026 3:15:00 PM,RTD,8/31/2026 3:20:00 PM,CMIN,Fr,25000,
8/31/2026 3:15:00 PM,RTD,8/31/2026 3:20:00 PM,CVIS,Fr,25000,
8/31/2026 3:15:00 PM,RTD,8/31/2026 3:20:00 PM,CLUZ,Fr,550,
8/31/2026 3:15:00 PM,RTD,8/31/2026 3:20:00 PM,CVIS,Rd,19998,
8/31/2026 3:15:00 PM,RTD,8/31/2026 3:20:00 PM,CMIN,Rd,4000,
8/31/2026 3:15:00 PM,RTD,8/31/2026 3:20:00 PM,CLUZ,Rd,10900,
8/31/2026 3:15:00 PM,RTD,8/31/2026 3:20:00 PM,CVIS,Ru,25000,
8/31/2026 3:15:00 PM,RTD,8/31/2026 3:20:00 PM,CLUZ,Ru,10999,
8/31/2026 3:15:00 PM,RTD,8/31/2026 3:20:00 PM,CMIN,Ru,25000,
8/31/2026 3:20:00 PM,RTD,8/31/2026 3:25:00 PM,CVIS,Dr,25000,
8/31/2026 3:20:00 PM,RTD,8/31/2026 3:25:00 PM,CMIN,Dr,24655.95,
8/31/2026 3:20:00 PM,RTD,8/31/2026 3:25:00 PM,CLUZ,Dr,2000.08,
8/31/2026 3:20:00 PM,RTD,8/31/2026 3:25:00 PM,CMIN,Fr,25000,
8/31/2026 3:20:00 PM,RTD,8/31/2026 3:25:00 PM,CVIS,Fr,25000,
8/31/2026 3:20:00 PM,RTD,8/31/2026 3:25:00 PM,CLUZ,Fr,550,
8/31/2026 3:20:00 PM,RTD,8/31/2026 3:25:00 PM,CVIS,Rd,19998,
8/31/2026 3:20:00 PM,RTD,8/31/2026 3:25:00 PM,CMIN,Rd,4000,
8/31/2026 3:20:00 PM,RTD,8/31/2026 3:25:00 PM,CLUZ,Rd,10900,
8/31/2026 3:20:00 PM,RTD,8/31/2026 3:25:00 PM,CVIS,Ru,25000,
8/31/2026 3:20:00 PM,RTD,8/31/2026 3:25:00 PM,CLUZ,Ru,10999,
8/31/2026 3:20:00 PM,RTD,8/31/2026 3:25:00 PM,CMIN,Ru,25000,
8/31/2026 3:25:00 PM,RTD,8/31/2026 3:30:00 PM,CVIS,Dr,25000,
8/31/2026 3:25:00 PM,RTD,8/31/2026 3:30:00 PM,CMIN,Dr,22681.49,
8/31/2026 3:25:00 PM,RTD,8/31/2026 3:30:00 PM,CLUZ,Dr,2000.08,
8/31/2026 3:25:00 PM,RTD,8/31/2026 3:30:00 PM,CMIN,Fr,25000,
8/31/2026 3:25:00 PM,RTD,8/31/2026 3:30:00 PM,CVIS,Fr,25000,
8/31/2026 3:25:00 PM,RTD,8/31/2026 3:30:00 PM,CLUZ,Fr,550,
8/31/2026 3:25:00 PM,RTD,8/31/2026 3:30:00 PM,CVIS,Rd,19998,
8/31/2026 3:25:00 PM,RTD,8/31/2026 3:30:00 PM,CMIN,Rd,4000,
8/31/2026 3:25:00 PM,RTD,8/31/2026 3:30:00 PM,CLUZ,Rd,10900,
8/31/2026 3:25:00 PM,RTD,8/31/2026 3:30:00 PM,CVIS,Ru,25000,
8/31/2026 3:25:00 PM,RTD,8/31/2026 3:30:00 PM,CLUZ,Ru,14420,
8/31/2026 3:25:00 PM,RTD,8/31/2026 3:30:00 PM,CMIN,Ru,25000,
8/31/2026 3:30:00 PM,RTD,8/31/2026 3:35:00 PM,CVIS,Dr,25000,
8/31/2026 3:30:00 PM,RTD,8/31/2026 3:35:00 PM,CMIN,Dr,0,
8/31/2026 3:30:00 PM,RTD,8/31/2026 3:35:00 PM,CLUZ,Dr,2000.08,
8/31/2026 3:30:00 PM,RTD,8/31/2026 3:35:00 PM,CMIN,Fr,25000,
8/31/2026 3:30:00 PM,RTD,8/31/2026 3:35:00 PM,CVIS,Fr,25000,
8/31/2026 3:30:00 PM,RTD,8/31/2026 3:35:00 PM,CLUZ,Fr,550,
8/31/2026 3:30:00 PM,RTD,8/31/2026 3:35:00 PM,CVIS,Rd,19998,
8/31/2026 3:30:00 PM,RTD,8/31/2026 3:35:00 PM,CMIN,Rd,4000,
8/31/2026 3:30:00 PM,RTD,8/31/2026 3:35:00 PM,CLUZ,Rd,10900,
8/31/2026 3:30:00 PM,RTD,8/31/2026 3:35:00 PM,CVIS,Ru,25000,
8/31/2026 3:30:00 PM,RTD,8/31/2026 3:35:00 PM,CLUZ,Ru,14420,
8/31/2026 3:30:00 PM,RTD,8/31/2026 3:35:00 PM,CMIN,Ru,25000,
8/31/2026 3:35:00 PM,RTD,8/31/2026 3:40:00 PM,CVIS,Dr,25000,
8/31/2026 3:35:00 PM,RTD,8/31/2026 3:40:00 PM,CMIN,Dr,24706.86,
8/31/2026 3:35:00 PM,RTD,8/31/2026 3:40:00 PM,CLUZ,Dr,2000.08,
8/31/2026 3:35:00 PM,RTD,8/31/2026 3:40:00 PM,CMIN,Fr,25000,
8/31/2026 3:35:00 PM,RTD,8/31/2026 3:40:00 PM,CVIS,Fr,25000,
8/31/2026 3:35:00 PM,RTD,8/31/2026 3:40:00 PM,CLUZ,Fr,550,
8/31/2026 3:35:00 PM,RTD,8/31/2026 3:40:00 PM,CVIS,Rd,19998,
8/31/2026 3:35:00 PM,RTD,8/31/2026 3:40:00 PM,CMIN,Rd,4000,
8/31/2026 3:35:00 PM,RTD,8/31/2026 3:40:00 PM,CLUZ,Rd,10999,
8/31/2026 3:35:00 PM,RTD,8/31/2026 3:40:00 PM,CVIS,Ru,25000,
8/31/2026 3:35:00 PM,RTD,8/31/2026 3:40:00 PM,CLUZ,Ru,11000,
8/31/2026 3:35:00 PM,RTD,8/31/2026 3:40:00 PM,CMIN,Ru,25000,
8/31/2026 3:40:00 PM,RTD,8/31/2026 3:45:00 PM,CVIS,Dr,19581.41,
8/31/2026 3:40:00 PM,RTD,8/31/2026 3:45:00 PM,CMIN,Dr,20034.67,
8/31/2026 3:40:00 PM,RTD,8/31/2026 3:45:00 PM,CLUZ,Dr,2000.08,
8/31/2026 3:40:00 PM,RTD,8/31/2026 3:45:00 PM,CMIN,Fr,25000,
8/31/2026 3:40:00 PM,RTD,8/31/2026 3:45:00 PM,CVIS,Fr,25000,
8/31/2026 3:40:00 PM,RTD,8/31/2026 3:45:00 PM,CLUZ,Fr,550,
8/31/2026 3:40:00 PM,RTD,8/31/2026 3:45:00 PM,CVIS,Rd,19998,
8/31/2026 3:40:00 PM,RTD,8/31/2026 3:45:00 PM,CMIN,Rd,4000,
8/31/2026 3:40:00 PM,RTD,8/31/2026 3:45:00 PM,CLUZ,Rd,10900,
8/31/2026 3:40:00 PM,RTD,8/31/2026 3:45:00 PM,CVIS,Ru,25000,
8/31/2026 3:40:00 PM,RTD,8/31/2026 3:45:00 PM,CLUZ,Ru,10999,
8/31/2026 3:40:00 PM,RTD,8/31/2026 3:45:00 PM,CMIN,Ru,25000,
8/31/2026 3:45:00 PM,RTD,8/31/2026 3:50:00 PM,CLUZ,Dr,2000.08,
8/31/2026 3:45:00 PM,RTD,8/31/2026 3:50:00 PM,CVIS,Dr,19602.62,
8/31/2026 3:45:00 PM,RTD,8/31/2026 3:50:00 PM,CMIN,Dr,20061.84,
8/31/2026 3:45:00 PM,RTD,8/31/2026 3:50:00 PM,CVIS,Fr,25000,
8/31/2026 3:45:00 PM,RTD,8/31/2026 3:50:00 PM,CLUZ,Fr,550,
8/31/2026 3:45:00 PM,RTD,8/31/2026 3:50:00 PM,CMIN,Fr,25000,
8/31/2026 3:45:00 PM,RTD,8/31/2026 3:50:00 PM,CLUZ,Rd,10900,
8/31/2026 3:45:00 PM,RTD,8/31/2026 3:50:00 PM,CVIS,Rd,19998,
8/31/2026 3:45:00 PM,RTD,8/31/2026 3:50:00 PM,CMIN,Rd,4000,
8/31/2026 3:45:00 PM,RTD,8/31/2026 3:50:00 PM,CLUZ,Ru,10999,
8/31/2026 3:45:00 PM,RTD,8/31/2026 3:50:00 PM,CMIN,Ru,25000,
8/31/2026 3:45:00 PM,RTD,8/31/2026 3:50:00 PM,CVIS,Ru,25000,
8/31/2026 3:50:00 PM,RTD,8/31/2026 3:55:00 PM,CVIS,Dr,19711.68,
8/31/2026 3:50:00 PM,RTD,8/31/2026 3:55:00 PM,CMIN,Dr,20151.93,
8/31/2026 3:50:00 PM,RTD,8/31/2026 3:55:00 PM,CLUZ,Dr,2000.08,
8/31/2026 3:50:00 PM,RTD,8/31/2026 3:55:00 PM,CMIN,Fr,25000,
8/31/2026 3:50:00 PM,RTD,8/31/2026 3:55:00 PM,CVIS,Fr,25000,
8/31/2026 3:50:00 PM,RTD,8/31/2026 3:55:00 PM,CLUZ,Fr,550,
8/31/2026 3:50:00 PM,RTD,8/31/2026 3:55:00 PM,CVIS,Rd,19998,
8/31/2026 3:50:00 PM,RTD,8/31/2026 3:55:00 PM,CMIN,Rd,4000,
8/31/2026 3:50:00 PM,RTD,8/31/2026 3:55:00 PM,CLUZ,Rd,10900,
8/31/2026 3:50:00 PM,RTD,8/31/2026 3:55:00 PM,CVIS,Ru,25000,
8/31/2026 3:50:00 PM,RTD,8/31/2026 3:55:00 PM,CLUZ,Ru,10999,
8/31/2026 3:50:00 PM,RTD,8/31/2026 3:55:00 PM,CMIN,Ru,25000,
8/31/2026 3:55:00 PM,RTD,8/31/2026 4:00:00 PM,CVIS,Dr,21121.37,
8/31/2026 3:55:00 PM,RTD,8/31/2026 4:00:00 PM,CMIN,Dr,21520.55,
8/31/2026 3:55:00 PM,RTD,8/31/2026 4:00:00 PM,CLUZ,Dr,2000.08,
8/31/2026 3:55:00 PM,RTD,8/31/2026 4:00:00 PM,CMIN,Fr,25000,
8/31/2026 3:55:00 PM,RTD,8/31/2026 4:00:00 PM,CVIS,Fr,25000,
8/31/2026 3:55:00 PM,RTD,8/31/2026 4:00:00 PM,CLUZ,Fr,550,
8/31/2026 3:55:00 PM,RTD,8/31/2026 4:00:00 PM,CVIS,Rd,19998,
8/31/2026 3:55:00 PM,RTD,8/31/2026 4:00:00 PM,CMIN,Rd,4000,
8/31/2026 3:55:00 PM,RTD,8/31/2026 4:00:00 PM,CLUZ,Rd,10900,
8/31/2026 3:55:00 PM,RTD,8/31/2026 4:00:00 PM,CVIS,Ru,25000,
8/31/2026 3:55:00 PM,RTD,8/31/2026 4:00:00 PM,CLUZ,Ru,10999,
8/31/2026 3:55:00 PM,RTD,8/31/2026 4:00:00 PM,CMIN,Ru,25000,
8/31/2026 4:00:00 PM,RTD,8/31/2026 4:05:00 PM,CVIS,Dr,19943.74,
8/31/2026 4:00:00 PM,RTD,8/31/2026 4:05:00 PM,CLUZ,Dr,2000.08,
8/31/2026 4:00:00 PM,RTD,8/31/2026 4:05:00 PM,CMIN,Dr,0,
8/31/2026 4:00:00 PM,RTD,8/31/2026 4:05:00 PM,CLUZ,Fr,550,
8/31/2026 4:00:00 PM,RTD,8/31/2026 4:05:00 PM,CMIN,Fr,25000,
8/31/2026 4:00:00 PM,RTD,8/31/2026 4:05:00 PM,CVIS,Fr,25000,
8/31/2026 4:00:00 PM,RTD,8/31/2026 4:05:00 PM,CVIS,Rd,19998,
8/31/2026 4:00:00 PM,RTD,8/31/2026 4:05:00 PM,CMIN,Rd,4000,
8/31/2026 4:00:00 PM,RTD,8/31/2026 4:05:00 PM,CLUZ,Rd,10999,
8/31/2026 4:00:00 PM,RTD,8/31/2026 4:05:00 PM,CVIS,Ru,25000,
8/31/2026 4:00:00 PM,RTD,8/31/2026 4:05:00 PM,CLUZ,Ru,10999,
8/31/2026 4:00:00 PM,RTD,8/31/2026 4:05:00 PM,CMIN,Ru,25000,
8/31/2026 4:05:00 PM,RTD,8/31/2026 4:10:00 PM,CLUZ,Dr,2000.08,
8/31/2026 4:05:00 PM,RTD,8/31/2026 4:10:00 PM,CMIN,Dr,0,
8/31/2026 4:05:00 PM,RTD,8/31/2026 4:10:00 PM,CVIS,Dr,0,
8/31/2026 4:05:00 PM,RTD,8/31/2026 4:10:00 PM,CMIN,Fr,25000,
8/31/2026 4:05:00 PM,RTD,8/31/2026 4:10:00 PM,CVIS,Fr,25000,
8/31/2026 4:05:00 PM,RTD,8/31/2026 4:10:00 PM,CLUZ,Fr,1130,
8/31/2026 4:05:00 PM,RTD,8/31/2026 4:10:00 PM,CMIN,Rd,4000,
8/31/2026 4:05:00 PM,RTD,8/31/2026 4:10:00 PM,CVIS,Rd,19998,
8/31/2026 4:05:00 PM,RTD,8/31/2026 4:10:00 PM,CLUZ,Rd,10999,
8/31/2026 4:05:00 PM,RTD,8/31/2026 4:10:00 PM,CVIS,Ru,25000,
8/31/2026 4:05:00 PM,RTD,8/31/2026 4:10:00 PM,CLUZ,Ru,10999,
8/31/2026 4:05:00 PM,RTD,8/31/2026 4:10:00 PM,CMIN,Ru,25000,
8/31/2026 4:10:00 PM,RTD,8/31/2026 4:15:00 PM,CVIS,Dr,0,
8/31/2026 4:10:00 PM,RTD,8/31/2026 4:15:00 PM,CLUZ,Dr,2000.08,
8/31/2026 4:10:00 PM,RTD,8/31/2026 4:15:00 PM,CMIN,Dr,0,
8/31/2026 4:10:00 PM,RTD,8/31/2026 4:15:00 PM,CMIN,Fr,25000,
8/31/2026 4:10:00 PM,RTD,8/31/2026 4:15:00 PM,CVIS,Fr,25000,
8/31/2026 4:10:00 PM,RTD,8/31/2026 4:15:00 PM,CLUZ,Fr,550,
8/31/2026 4:10:00 PM,RTD,8/31/2026 4:15:00 PM,CLUZ,Rd,10999,
8/31/2026 4:10:00 PM,RTD,8/31/2026 4:15:00 PM,CVIS,Rd,19998,
8/31/2026 4:10:00 PM,RTD,8/31/2026 4:15:00 PM,CMIN,Rd,4000,
8/31/2026 4:10:00 PM,RTD,8/31/2026 4:15:00 PM,CLUZ,Ru,10999,
8/31/2026 4:10:00 PM,RTD,8/31/2026 4:15:00 PM,CMIN,Ru,25000,
8/31/2026 4:10:00 PM,RTD,8/31/2026 4:15:00 PM,CVIS,Ru,25000,
8/31/2026 4:15:00 PM,RTD,8/31/2026 4:20:00 PM,CVIS,Dr,0,
8/31/2026 4:15:00 PM,RTD,8/31/2026 4:20:00 PM,CMIN,Dr,0,
8/31/2026 4:15:00 PM,RTD,8/31/2026 4:20:00 PM,CLUZ,Dr,2000.08,
8/31/2026 4:15:00 PM,RTD,8/31/2026 4:20:00 PM,CLUZ,Fr,1130,
8/31/2026 4:15:00 PM,RTD,8/31/2026 4:20:00 PM,CMIN,Fr,25000,
8/31/2026 4:15:00 PM,RTD,8/31/2026 4:20:00 PM,CVIS,Fr,25000,
8/31/2026 4:15:00 PM,RTD,8/31/2026 4:20:00 PM,CMIN,Rd,4000,
8/31/2026 4:15:00 PM,RTD,8/31/2026 4:20:00 PM,CLUZ,Rd,10999,
8/31/2026 4:15:00 PM,RTD,8/31/2026 4:20:00 PM,CVIS,Rd,19998,
8/31/2026 4:15:00 PM,RTD,8/31/2026 4:20:00 PM,CMIN,Ru,25000,
8/31/2026 4:15:00 PM,RTD,8/31/2026 4:20:00 PM,CLUZ,Ru,10999,
8/31/2026 4:15:00 PM,RTD,8/31/2026 4:20:00 PM,CVIS,Ru,25000,
8/31/2026 4:20:00 PM,RTD,8/31/2026 4:25:00 PM,CLUZ,Dr,2000.08,
8/31/2026 4:20:00 PM,RTD,8/31/2026 4:25:00 PM,CVIS,Dr,0,
8/31/2026 4:20:00 PM,RTD,8/31/2026 4:25:00 PM,CMIN,Dr,0,
8/31/2026 4:20:00 PM,RTD,8/31/2026 4:25:00 PM,CVIS,Fr,25000,
8/31/2026 4:20:00 PM,RTD,8/31/2026 4:25:00 PM,CLUZ,Fr,550,
8/31/2026 4:20:00 PM,RTD,8/31/2026 4:25:00 PM,CMIN,Fr,25000,
8/31/2026 4:20:00 PM,RTD,8/31/2026 4:25:00 PM,CMIN,Rd,4000,
8/31/2026 4:20:00 PM,RTD,8/31/2026 4:25:00 PM,CVIS,Rd,19998,
8/31/2026 4:20:00 PM,RTD,8/31/2026 4:25:00 PM,CLUZ,Rd,10999,
8/31/2026 4:20:00 PM,RTD,8/31/2026 4:25:00 PM,CVIS,Ru,25000,
8/31/2026 4:20:00 PM,RTD,8/31/2026 4:25:00 PM,CLUZ,Ru,10999,
8/31/2026 4:20:00 PM,RTD,8/31/2026 4:25:00 PM,CMIN,Ru,25000,
8/31/2026 4:25:00 PM,RTD,8/31/2026 4:30:00 PM,CMIN,Dr,0,
8/31/2026 4:25:00 PM,RTD,8/31/2026 4:30:00 PM,CVIS,Dr,0,
8/31/2026 4:25:00 PM,RTD,8/31/2026 4:30:00 PM,CLUZ,Dr,2000.08,
8/31/2026 4:25:00 PM,RTD,8/31/2026 4:30:00 PM,CVIS,Fr,25000,
8/31/2026 4:25:00 PM,RTD,8/31/2026 4:30:00 PM,CMIN,Fr,25000,
8/31/2026 4:25:00 PM,RTD,8/31/2026 4:30:00 PM,CLUZ,Fr,550,
8/31/2026 4:25:00 PM,RTD,8/31/2026 4:30:00 PM,CMIN,Rd,4000,
8/31/2026 4:25:00 PM,RTD,8/31/2026 4:30:00 PM,CVIS,Rd,19998,
8/31/2026 4:25:00 PM,RTD,8/31/2026 4:30:00 PM,CLUZ,Rd,10999,
8/31/2026 4:25:00 PM,RTD,8/31/2026 4:30:00 PM,CMIN,Ru,25000,
8/31/2026 4:25:00 PM,RTD,8/31/2026 4:30:00 PM,CVIS,Ru,25000,
8/31/2026 4:25:00 PM,RTD,8/31/2026 4:30:00 PM,CLUZ,Ru,10999,
8/31/2026 4:30:00 PM,RTD,8/31/2026 4:35:00 PM,CVIS,Dr,0,
8/31/2026 4:30:00 PM,RTD,8/31/2026 4:35:00 PM,CMIN,Dr,0,
8/31/2026 4:30:00 PM,RTD,8/31/2026 4:35:00 PM,CLUZ,Dr,2000.08,
8/31/2026 4:30:00 PM,RTD,8/31/2026 4:35:00 PM,CMIN,Fr,25000,
8/31/2026 4:30:00 PM,RTD,8/31/2026 4:35:00 PM,CVIS,Fr,25000,
8/31/2026 4:30:00 PM,RTD,8/31/2026 4:35:00 PM,CLUZ,Fr,550,
8/31/2026 4:30:00 PM,RTD,8/31/2026 4:35:00 PM,CVIS,Rd,19998,
8/31/2026 4:30:00 PM,RTD,8/31/2026 4:35:00 PM,CMIN,Rd,4000,
8/31/2026 4:30:00 PM,RTD,8/31/2026 4:35:00 PM,CLUZ,Rd,10999,
8/31/2026 4:30:00 PM,RTD,8/31/2026 4:35:00 PM,CVIS,Ru,25000,
8/31/2026 4:30:00 PM,RTD,8/31/2026 4:35:00 PM,CLUZ,Ru,10999,
8/31/2026 4:30:00 PM,RTD,8/31/2026 4:35:00 PM,CMIN,Ru,25000,
8/31/2026 4:35:00 PM,RTD,8/31/2026 4:40:00 PM,CVIS,Dr,0,
8/31/2026 4:35:00 PM,RTD,8/31/2026 4:40:00 PM,CMIN,Dr,0,
8/31/2026 4:35:00 PM,RTD,8/31/2026 4:40:00 PM,CLUZ,Dr,2000.08,
8/31/2026 4:35:00 PM,RTD,8/31/2026 4:40:00 PM,CMIN,Fr,25000,
8/31/2026 4:35:00 PM,RTD,8/31/2026 4:40:00 PM,CVIS,Fr,25000,
8/31/2026 4:35:00 PM,RTD,8/31/2026 4:40:00 PM,CLUZ,Fr,550,
8/31/2026 4:35:00 PM,RTD,8/31/2026 4:40:00 PM,CVIS,Rd,19998,
8/31/2026 4:35:00 PM,RTD,8/31/2026 4:40:00 PM,CMIN,Rd,4000,
8/31/2026 4:35:00 PM,RTD,8/31/2026 4:40:00 PM,CLUZ,Rd,10999,
8/31/2026 4:35:00 PM,RTD,8/31/2026 4:40:00 PM,CVIS,Ru,25000,
8/31/2026 4:35:00 PM,RTD,8/31/2026 4:40:00 PM,CLUZ,Ru,10999,
8/31/2026 4:35:00 PM,RTD,8/31/2026 4:40:00 PM,CMIN,Ru,25000,
8/31/2026 4:40:00 PM,RTD,8/31/2026 4:45:00 PM,CVIS,Dr,0,
8/31/2026 4:40:00 PM,RTD,8/31/2026 4:45:00 PM,CMIN,Dr,0,
8/31/2026 4:40:00 PM,RTD,8/31/2026 4:45:00 PM,CLUZ,Dr,5000.08,
8/31/2026 4:40:00 PM,RTD,8/31/2026 4:45:00 PM,CMIN,Fr,25000,
8/31/2026 4:40:00 PM,RTD,8/31/2026 4:45:00 PM,CVIS,Fr,25000,
8/31/2026 4:40:00 PM,RTD,8/31/2026 4:45:00 PM,CLUZ,Fr,550,
8/31/2026 4:40:00 PM,RTD,8/31/2026 4:45:00 PM,CVIS,Rd,19998,
8/31/2026 4:40:00 PM,RTD,8/31/2026 4:45:00 PM,CMIN,Rd,4000,
8/31/2026 4:40:00 PM,RTD,8/31/2026 4:45:00 PM,CLUZ,Rd,10999,
8/31/2026 4:40:00 PM,RTD,8/31/2026 4:45:00 PM,CVIS,Ru,25000,
8/31/2026 4:40:00 PM,RTD,8/31/2026 4:45:00 PM,CLUZ,Ru,10999,
8/31/2026 4:40:00 PM,RTD,8/31/2026 4:45:00 PM,CMIN,Ru,25000,
8/31/2026 4:45:00 PM,RTD,8/31/2026 4:50:00 PM,CVIS,Dr,0,
8/31/2026 4:45:00 PM,RTD,8/31/2026 4:50:00 PM,CMIN,Dr,0,
8/31/2026 4:45:00 PM,RTD,8/31/2026 4:50:00 PM,CLUZ,Dr,5000.08,
8/31/2026 4:45:00 PM,RTD,8/31/2026 4:50:00 PM,CMIN,Fr,25000,
8/31/2026 4:45:00 PM,RTD,8/31/2026 4:50:00 PM,CVIS,Fr,25000,
8/31/2026 4:45:00 PM,RTD,8/31/2026 4:50:00 PM,CLUZ,Fr,550,
8/31/2026 4:45:00 PM,RTD,8/31/2026 4:50:00 PM,CVIS,Rd,19998,
8/31/2026 4:45:00 PM,RTD,8/31/2026 4:50:00 PM,CMIN,Rd,4000,
8/31/2026 4:45:00 PM,RTD,8/31/2026 4:50:00 PM,CLUZ,Rd,10999,
8/31/2026 4:45:00 PM,RTD,8/31/2026 4:50:00 PM,CVIS,Ru,25000,
8/31/2026 4:45:00 PM,RTD,8/31/2026 4:50:00 PM,CLUZ,Ru,10999,
8/31/2026 4:45:00 PM,RTD,8/31/2026 4:50:00 PM,CMIN,Ru,25000,
8/31/2026 4:50:00 PM,RTD,8/31/2026 4:55:00 PM,CVIS,Dr,0,
8/31/2026 4:50:00 PM,RTD,8/31/2026 4:55:00 PM,CMIN,Dr,0,
8/31/2026 4:50:00 PM,RTD,8/31/2026 4:55:00 PM,CLUZ,Dr,5000.08,
8/31/2026 4:50:00 PM,RTD,8/31/2026 4:55:00 PM,CMIN,Fr,25000,
8/31/2026 4:50:00 PM,RTD,8/31/2026 4:55:00 PM,CVIS,Fr,24555.18,
8/31/2026 4:50:00 PM,RTD,8/31/2026 4:55:00 PM,CLUZ,Fr,550,
8/31/2026 4:50:00 PM,RTD,8/31/2026 4:55:00 PM,CVIS,Rd,19998,
8/31/2026 4:50:00 PM,RTD,8/31/2026 4:55:00 PM,CMIN,Rd,4000,
8/31/2026 4:50:00 PM,RTD,8/31/2026 4:55:00 PM,CLUZ,Rd,10999,
8/31/2026 4:50:00 PM,RTD,8/31/2026 4:55:00 PM,CVIS,Ru,25000,
8/31/2026 4:50:00 PM,RTD,8/31/2026 4:55:00 PM,CLUZ,Ru,10999,
8/31/2026 4:50:00 PM,RTD,8/31/2026 4:55:00 PM,CMIN,Ru,25000,
8/31/2026 4:55:00 PM,RTD,8/31/2026 5:00:00 PM,CLUZ,Dr,5000.08,
8/31/2026 4:55:00 PM,RTD,8/31/2026 5:00:00 PM,CVIS,Dr,0,
8/31/2026 4:55:00 PM,RTD,8/31/2026 5:00:00 PM,CMIN,Dr,0,
8/31/2026 4:55:00 PM,RTD,8/31/2026 5:00:00 PM,CVIS,Fr,25000,
8/31/2026 4:55:00 PM,RTD,8/31/2026 5:00:00 PM,CLUZ,Fr,550,
8/31/2026 4:55:00 PM,RTD,8/31/2026 5:00:00 PM,CMIN,Fr,25000,
8/31/2026 4:55:00 PM,RTD,8/31/2026 5:00:00 PM,CLUZ,Rd,10999,
8/31/2026 4:55:00 PM,RTD,8/31/2026 5:00:00 PM,CVIS,Rd,19998,
8/31/2026 4:55:00 PM,RTD,8/31/2026 5:00:00 PM,CMIN,Rd,4000,
8/31/2026 4:55:00 PM,RTD,8/31/2026 5:00:00 PM,CLUZ,Ru,10999,
8/31/2026 4:55:00 PM,RTD,8/31/2026 5:00:00 PM,CMIN,Ru,25000,
8/31/2026 4:55:00 PM,RTD,8/31/2026 5:00:00 PM,CVIS,Ru,25000,
8/31/2026 5:00:00 PM,RTD,8/31/2026 5:05:00 PM,CVIS,Dr,0,
8/31/2026 5:00:00 PM,RTD,8/31/2026 5:05:00 PM,CMIN,Dr,0,
8/31/2026 5:00:00 PM,RTD,8/31/2026 5:05:00 PM,CLUZ,Dr,5000.08,
8/31/2026 5:00:00 PM,RTD,8/31/2026 5:05:00 PM,CMIN,Fr,25000,
8/31/2026 5:00:00 PM,RTD,8/31/2026 5:05:00 PM,CVIS,Fr,0,
8/31/2026 5:00:00 PM,RTD,8/31/2026 5:05:00 PM,CLUZ,Fr,1130,
8/31/2026 5:00:00 PM,RTD,8/31/2026 5:05:00 PM,CVIS,Rd,19998,
8/31/2026 5:00:00 PM,RTD,8/31/2026 5:05:00 PM,CMIN,Rd,4000,
8/31/2026 5:00:00 PM,RTD,8/31/2026 5:05:00 PM,CLUZ,Rd,14420,
8/31/2026 5:00:00 PM,RTD,8/31/2026 5:05:00 PM,CVIS,Ru,25000,
8/31/2026 5:00:00 PM,RTD,8/31/2026 5:05:00 PM,CLUZ,Ru,11000,
8/31/2026 5:00:00 PM,RTD,8/31/2026 5:05:00 PM,CMIN,Ru,25000,
8/31/2026 5:05:00 PM,RTD,8/31/2026 5:10:00 PM,CVIS,Dr,0,
8/31/2026 5:05:00 PM,RTD,8/31/2026 5:10:00 PM,CMIN,Dr,0,
8/31/2026 5:05:00 PM,RTD,8/31/2026 5:10:00 PM,CLUZ,Dr,5000.08,
8/31/2026 5:05:00 PM,RTD,8/31/2026 5:10:00 PM,CMIN,Fr,25000,
8/31/2026 5:05:00 PM,RTD,8/31/2026 5:10:00 PM,CVIS,Fr,0,
8/31/2026 5:05:00 PM,RTD,8/31/2026 5:10:00 PM,CLUZ,Fr,1130,
8/31/2026 5:05:00 PM,RTD,8/31/2026 5:10:00 PM,CVIS,Rd,19998,
8/31/2026 5:05:00 PM,RTD,8/31/2026 5:10:00 PM,CMIN,Rd,24999.89,
8/31/2026 5:05:00 PM,RTD,8/31/2026 5:10:00 PM,CLUZ,Rd,14420,
8/31/2026 5:05:00 PM,RTD,8/31/2026 5:10:00 PM,CVIS,Ru,25000,
8/31/2026 5:05:00 PM,RTD,8/31/2026 5:10:00 PM,CLUZ,Ru,11000,
8/31/2026 5:05:00 PM,RTD,8/31/2026 5:10:00 PM,CMIN,Ru,25000,
8/31/2026 5:10:00 PM,RTD,8/31/2026 5:15:00 PM,CVIS,Dr,0,
8/31/2026 5:10:00 PM,RTD,8/31/2026 5:15:00 PM,CMIN,Dr,0,
8/31/2026 5:10:00 PM,RTD,8/31/2026 5:15:00 PM,CLUZ,Dr,5000.08,
8/31/2026 5:10:00 PM,RTD,8/31/2026 5:15:00 PM,CMIN,Fr,25000,
8/31/2026 5:10:00 PM,RTD,8/31/2026 5:15:00 PM,CVIS,Fr,0,
8/31/2026 5:10:00 PM,RTD,8/31/2026 5:15:00 PM,CLUZ,Fr,1130,
8/31/2026 5:10:00 PM,RTD,8/31/2026 5:15:00 PM,CVIS,Rd,19998,
8/31/2026 5:10:00 PM,RTD,8/31/2026 5:15:00 PM,CMIN,Rd,4000,
8/31/2026 5:10:00 PM,RTD,8/31/2026 5:15:00 PM,CLUZ,Rd,14420,
8/31/2026 5:10:00 PM,RTD,8/31/2026 5:15:00 PM,CVIS,Ru,25000,
8/31/2026 5:10:00 PM,RTD,8/31/2026 5:15:00 PM,CLUZ,Ru,11000,
8/31/2026 5:10:00 PM,RTD,8/31/2026 5:15:00 PM,CMIN,Ru,25000,
8/31/2026 5:15:00 PM,RTD,8/31/2026 5:20:00 PM,CVIS,Dr,0,
8/31/2026 5:15:00 PM,RTD,8/31/2026 5:20:00 PM,CMIN,Dr,0,
8/31/2026 5:15:00 PM,RTD,8/31/2026 5:20:00 PM,CLUZ,Dr,5000.08,
8/31/2026 5:15:00 PM,RTD,8/31/2026 5:20:00 PM,CMIN,Fr,25000,
8/31/2026 5:15:00 PM,RTD,8/31/2026 5:20:00 PM,CVIS,Fr,0,
8/31/2026 5:15:00 PM,RTD,8/31/2026 5:20:00 PM,CLUZ,Fr,1130,
8/31/2026 5:15:00 PM,RTD,8/31/2026 5:20:00 PM,CVIS,Rd,19998,
8/31/2026 5:15:00 PM,RTD,8/31/2026 5:20:00 PM,CMIN,Rd,24999.89,
8/31/2026 5:15:00 PM,RTD,8/31/2026 5:20:00 PM,CLUZ,Rd,14420,
8/31/2026 5:15:00 PM,RTD,8/31/2026 5:20:00 PM,CVIS,Ru,25000,
8/31/2026 5:15:00 PM,RTD,8/31/2026 5:20:00 PM,CLUZ,Ru,11000,
8/31/2026 5:15:00 PM,RTD,8/31/2026 5:20:00 PM,CMIN,Ru,25000,
8/31/2026 5:20:00 PM,RTD,8/31/2026 5:25:00 PM,CVIS,Dr,0,
8/31/2026 5:20:00 PM,RTD,8/31/2026 5:25:00 PM,CMIN,Dr,0,
8/31/2026 5:20:00 PM,RTD,8/31/2026 5:25:00 PM,CLUZ,Dr,5000.08,
8/31/2026 5:20:00 PM,RTD,8/31/2026 5:25:00 PM,CMIN,Fr,25000,
8/31/2026 5:20:00 PM,RTD,8/31/2026 5:25:00 PM,CVIS,Fr,0,
8/31/2026 5:20:00 PM,RTD,8/31/2026 5:25:00 PM,CLUZ,Fr,1130,
8/31/2026 5:20:00 PM,RTD,8/31/2026 5:25:00 PM,CVIS,Rd,19998,
8/31/2026 5:20:00 PM,RTD,8/31/2026 5:25:00 PM,CMIN,Rd,4000,
8/31/2026 5:20:00 PM,RTD,8/31/2026 5:25:00 PM,CLUZ,Rd,14420,
8/31/2026 5:20:00 PM,RTD,8/31/2026 5:25:00 PM,CVIS,Ru,25000,
8/31/2026 5:20:00 PM,RTD,8/31/2026 5:25:00 PM,CLUZ,Ru,11000,
8/31/2026 5:20:00 PM,RTD,8/31/2026 5:25:00 PM,CMIN,Ru,25000,
8/31/2026 5:25:00 PM,RTD,8/31/2026 5:30:00 PM,CVIS,Dr,0,
8/31/2026 5:25:00 PM,RTD,8/31/2026 5:30:00 PM,CMIN,Dr,0,
8/31/2026 5:25:00 PM,RTD,8/31/2026 5:30:00 PM,CLUZ,Dr,5000.08,
8/31/2026 5:25:00 PM,RTD,8/31/2026 5:30:00 PM,CMIN,Fr,25000,
8/31/2026 5:25:00 PM,RTD,8/31/2026 5:30:00 PM,CVIS,Fr,0,
8/31/2026 5:25:00 PM,RTD,8/31/2026 5:30:00 PM,CLUZ,Fr,1130,
8/31/2026 5:25:00 PM,RTD,8/31/2026 5:30:00 PM,CVIS,Rd,19998,
8/31/2026 5:25:00 PM,RTD,8/31/2026 5:30:00 PM,CMIN,Rd,24999.89,
8/31/2026 5:25:00 PM,RTD,8/31/2026 5:30:00 PM,CLUZ,Rd,14420,
8/31/2026 5:25:00 PM,RTD,8/31/2026 5:30:00 PM,CVIS,Ru,25000,
8/31/2026 5:25:00 PM,RTD,8/31/2026 5:30:00 PM,CLUZ,Ru,11000,
8/31/2026 5:25:00 PM,RTD,8/31/2026 5:30:00 PM,CMIN,Ru,25000,
8/31/2026 5:30:00 PM,RTD,8/31/2026 5:35:00 PM,CLUZ,Dr,5000.08,
8/31/2026 5:30:00 PM,RTD,8/31/2026 5:35:00 PM,CVIS,Dr,0,
8/31/2026 5:30:00 PM,RTD,8/31/2026 5:35:00 PM,CMIN,Dr,0,
8/31/2026 5:30:00 PM,RTD,8/31/2026 5:35:00 PM,CVIS,Fr,0,
8/31/2026 5:30:00 PM,RTD,8/31/2026 5:35:00 PM,CLUZ,Fr,1130,
8/31/2026 5:30:00 PM,RTD,8/31/2026 5:35:00 PM,CMIN,Fr,25000,
8/31/2026 5:30:00 PM,RTD,8/31/2026 5:35:00 PM,CVIS,Rd,19998,
8/31/2026 5:30:00 PM,RTD,8/31/2026 5:35:00 PM,CLUZ,Rd,14420,
8/31/2026 5:30:00 PM,RTD,8/31/2026 5:35:00 PM,CMIN,Rd,4000,
8/31/2026 5:30:00 PM,RTD,8/31/2026 5:35:00 PM,CVIS,Ru,25000,
8/31/2026 5:30:00 PM,RTD,8/31/2026 5:35:00 PM,CLUZ,Ru,11000,
8/31/2026 5:30:00 PM,RTD,8/31/2026 5:35:00 PM,CMIN,Ru,25000,
8/31/2026 5:35:00 PM,RTD,8/31/2026 5:40:00 PM,CLUZ,Dr,2000.08,
8/31/2026 5:35:00 PM,RTD,8/31/2026 5:40:00 PM,CVIS,Dr,0,
8/31/2026 5:35:00 PM,RTD,8/31/2026 5:40:00 PM,CMIN,Dr,0,
8/31/2026 5:35:00 PM,RTD,8/31/2026 5:40:00 PM,CLUZ,Fr,1850,
8/31/2026 5:35:00 PM,RTD,8/31/2026 5:40:00 PM,CVIS,Fr,0,
8/31/2026 5:35:00 PM,RTD,8/31/2026 5:40:00 PM,CMIN,Fr,25000,
8/31/2026 5:35:00 PM,RTD,8/31/2026 5:40:00 PM,CLUZ,Rd,14420,
8/31/2026 5:35:00 PM,RTD,8/31/2026 5:40:00 PM,CMIN,Rd,24999.89,
8/31/2026 5:35:00 PM,RTD,8/31/2026 5:40:00 PM,CVIS,Rd,19998,
8/31/2026 5:35:00 PM,RTD,8/31/2026 5:40:00 PM,CLUZ,Ru,11000,
8/31/2026 5:35:00 PM,RTD,8/31/2026 5:40:00 PM,CVIS,Ru,25000,
8/31/2026 5:35:00 PM,RTD,8/31/2026 5:40:00 PM,CMIN,Ru,25000,
8/31/2026 5:40:00 PM,RTD,8/31/2026 5:45:00 PM,CMIN,Dr,0,
8/31/2026 5:40:00 PM,RTD,8/31/2026 5:45:00 PM,CVIS,Dr,0,
8/31/2026 5:40:00 PM,RTD,8/31/2026 5:45:00 PM,CLUZ,Dr,2000.08,
8/31/2026 5:40:00 PM,RTD,8/31/2026 5:45:00 PM,CMIN,Fr,25000,
8/31/2026 5:40:00 PM,RTD,8/31/2026 5:45:00 PM,CVIS,Fr,0,
8/31/2026 5:40:00 PM,RTD,8/31/2026 5:45:00 PM,CLUZ,Fr,1900,
8/31/2026 5:40:00 PM,RTD,8/31/2026 5:45:00 PM,CMIN,Rd,4000,
8/31/2026 5:40:00 PM,RTD,8/31/2026 5:45:00 PM,CVIS,Rd,19998,
8/31/2026 5:40:00 PM,RTD,8/31/2026 5:45:00 PM,CLUZ,Rd,14420,
8/31/2026 5:40:00 PM,RTD,8/31/2026 5:45:00 PM,CLUZ,Ru,11000,
8/31/2026 5:40:00 PM,RTD,8/31/2026 5:45:00 PM,CVIS,Ru,25000,
8/31/2026 5:40:00 PM,RTD,8/31/2026 5:45:00 PM,CMIN,Ru,25000,
8/31/2026 5:45:00 PM,RTD,8/31/2026 5:50:00 PM,CLUZ,Dr,2000.08,
8/31/2026 5:45:00 PM,RTD,8/31/2026 5:50:00 PM,CMIN,Dr,0,
8/31/2026 5:45:00 PM,RTD,8/31/2026 5:50:00 PM,CVIS,Dr,0,
8/31/2026 5:45:00 PM,RTD,8/31/2026 5:50:00 PM,CLUZ,Fr,2894.21,
8/31/2026 5:45:00 PM,RTD,8/31/2026 5:50:00 PM,CMIN,Fr,25000,
8/31/2026 5:45:00 PM,RTD,8/31/2026 5:50:00 PM,CVIS,Fr,0,
8/31/2026 5:45:00 PM,RTD,8/31/2026 5:50:00 PM,CLUZ,Rd,14420,
8/31/2026 5:45:00 PM,RTD,8/31/2026 5:50:00 PM,CVIS,Rd,19998,
8/31/2026 5:45:00 PM,RTD,8/31/2026 5:50:00 PM,CMIN,Rd,24999.89,
8/31/2026 5:45:00 PM,RTD,8/31/2026 5:50:00 PM,CMIN,Ru,25000,
8/31/2026 5:45:00 PM,RTD,8/31/2026 5:50:00 PM,CLUZ,Ru,14420,
8/31/2026 5:45:00 PM,RTD,8/31/2026 5:50:00 PM,CVIS,Ru,25000,
8/31/2026 5:50:00 PM,RTD,8/31/2026 5:55:00 PM,CVIS,Dr,0,
8/31/2026 5:50:00 PM,RTD,8/31/2026 5:55:00 PM,CLUZ,Dr,2000.08,
8/31/2026 5:50:00 PM,RTD,8/31/2026 5:55:00 PM,CMIN,Dr,0,
8/31/2026 5:50:00 PM,RTD,8/31/2026 5:55:00 PM,CMIN,Fr,25000,
8/31/2026 5:50:00 PM,RTD,8/31/2026 5:55:00 PM,CVIS,Fr,0,
8/31/2026 5:50:00 PM,RTD,8/31/2026 5:55:00 PM,CLUZ,Fr,2905.14,
8/31/2026 5:50:00 PM,RTD,8/31/2026 5:55:00 PM,CVIS,Rd,19998,
8/31/2026 5:50:00 PM,RTD,8/31/2026 5:55:00 PM,CMIN,Rd,4000,
8/31/2026 5:50:00 PM,RTD,8/31/2026 5:55:00 PM,CLUZ,Rd,14420,
8/31/2026 5:50:00 PM,RTD,8/31/2026 5:55:00 PM,CVIS,Ru,25000,
8/31/2026 5:50:00 PM,RTD,8/31/2026 5:55:00 PM,CMIN,Ru,25000,
8/31/2026 5:50:00 PM,RTD,8/31/2026 5:55:00 PM,CLUZ,Ru,14420,
8/31/2026 5:55:00 PM,RTD,8/31/2026 6:00:00 PM,CVIS,Dr,0,
8/31/2026 5:55:00 PM,RTD,8/31/2026 6:00:00 PM,CMIN,Dr,0,
8/31/2026 5:55:00 PM,RTD,8/31/2026 6:00:00 PM,CLUZ,Dr,2000.08,
8/31/2026 5:55:00 PM,RTD,8/31/2026 6:00:00 PM,CMIN,Fr,25000,
8/31/2026 5:55:00 PM,RTD,8/31/2026 6:00:00 PM,CVIS,Fr,0,
8/31/2026 5:55:00 PM,RTD,8/31/2026 6:00:00 PM,CLUZ,Fr,2905.74,
8/31/2026 5:55:00 PM,RTD,8/31/2026 6:00:00 PM,CVIS,Rd,19998,
8/31/2026 5:55:00 PM,RTD,8/31/2026 6:00:00 PM,CMIN,Rd,24999.89,
8/31/2026 5:55:00 PM,RTD,8/31/2026 6:00:00 PM,CLUZ,Rd,14420,
8/31/2026 5:55:00 PM,RTD,8/31/2026 6:00:00 PM,CVIS,Ru,25000,
8/31/2026 5:55:00 PM,RTD,8/31/2026 6:00:00 PM,CLUZ,Ru,14420,
8/31/2026 5:55:00 PM,RTD,8/31/2026 6:00:00 PM,CMIN,Ru,25000,
8/31/2026 6:00:00 PM,RTD,8/31/2026 6:05:00 PM,CMIN,Dr,0,
8/31/2026 6:00:00 PM,RTD,8/31/2026 6:05:00 PM,CVIS,Dr,0,
8/31/2026 6:00:00 PM,RTD,8/31/2026 6:05:00 PM,CLUZ,Dr,2000.08,
8/31/2026 6:00:00 PM,RTD,8/31/2026 6:05:00 PM,CLUZ,Fr,1900,
8/31/2026 6:00:00 PM,RTD,8/31/2026 6:05:00 PM,CMIN,Fr,25000,
8/31/2026 6:00:00 PM,RTD,8/31/2026 6:05:00 PM,CVIS,Fr,0,
8/31/2026 6:00:00 PM,RTD,8/31/2026 6:05:00 PM,CVIS,Rd,19998,
8/31/2026 6:00:00 PM,RTD,8/31/2026 6:05:00 PM,CLUZ,Rd,10900,
8/31/2026 6:00:00 PM,RTD,8/31/2026 6:05:00 PM,CMIN,Rd,4000,
8/31/2026 6:00:00 PM,RTD,8/31/2026 6:05:00 PM,CLUZ,Ru,11000,
8/31/2026 6:00:00 PM,RTD,8/31/2026 6:05:00 PM,CVIS,Ru,25000,
8/31/2026 6:00:00 PM,RTD,8/31/2026 6:05:00 PM,CMIN,Ru,25000,
8/31/2026 6:05:00 PM,RTD,8/31/2026 6:10:00 PM,CLUZ,Dr,2000.08,
8/31/2026 6:05:00 PM,RTD,8/31/2026 6:10:00 PM,CVIS,Dr,0,
8/31/2026 6:05:00 PM,RTD,8/31/2026 6:10:00 PM,CMIN,Dr,0,
8/31/2026 6:05:00 PM,RTD,8/31/2026 6:10:00 PM,CLUZ,Fr,1130,
8/31/2026 6:05:00 PM,RTD,8/31/2026 6:10:00 PM,CMIN,Fr,25000,
8/31/2026 6:05:00 PM,RTD,8/31/2026 6:10:00 PM,CVIS,Fr,0,
8/31/2026 6:05:00 PM,RTD,8/31/2026 6:10:00 PM,CLUZ,Rd,10900,
8/31/2026 6:05:00 PM,RTD,8/31/2026 6:10:00 PM,CMIN,Rd,24999.89,
8/31/2026 6:05:00 PM,RTD,8/31/2026 6:10:00 PM,CVIS,Rd,19998,
8/31/2026 6:05:00 PM,RTD,8/31/2026 6:10:00 PM,CLUZ,Ru,11000,
8/31/2026 6:05:00 PM,RTD,8/31/2026 6:10:00 PM,CVIS,Ru,25000,
8/31/2026 6:05:00 PM,RTD,8/31/2026 6:10:00 PM,CMIN,Ru,25000,
8/31/2026 6:10:00 PM,RTD,8/31/2026 6:15:00 PM,CLUZ,Dr,2000.08,
8/31/2026 6:10:00 PM,RTD,8/31/2026 6:15:00 PM,CVIS,Dr,0,
8/31/2026 6:10:00 PM,RTD,8/31/2026 6:15:00 PM,CMIN,Dr,0,
8/31/2026 6:10:00 PM,RTD,8/31/2026 6:15:00 PM,CLUZ,Fr,1900,
8/31/2026 6:10:00 PM,RTD,8/31/2026 6:15:00 PM,CMIN,Fr,25000,
8/31/2026 6:10:00 PM,RTD,8/31/2026 6:15:00 PM,CVIS,Fr,0,
8/31/2026 6:10:00 PM,RTD,8/31/2026 6:15:00 PM,CLUZ,Rd,10900,
8/31/2026 6:10:00 PM,RTD,8/31/2026 6:15:00 PM,CMIN,Rd,4000,
8/31/2026 6:10:00 PM,RTD,8/31/2026 6:15:00 PM,CVIS,Rd,19998,
8/31/2026 6:10:00 PM,RTD,8/31/2026 6:15:00 PM,CVIS,Ru,25000,
8/31/2026 6:10:00 PM,RTD,8/31/2026 6:15:00 PM,CMIN,Ru,25000,
8/31/2026 6:10:00 PM,RTD,8/31/2026 6:15:00 PM,CLUZ,Ru,11000,
8/31/2026 6:15:00 PM,RTD,8/31/2026 6:20:00 PM,CMIN,Dr,0,
8/31/2026 6:15:00 PM,RTD,8/31/2026 6:20:00 PM,CLUZ,Dr,2000.08,
8/31/2026 6:15:00 PM,RTD,8/31/2026 6:20:00 PM,CVIS,Dr,0,
8/31/2026 6:15:00 PM,RTD,8/31/2026 6:20:00 PM,CVIS,Fr,0,
8/31/2026 6:15:00 PM,RTD,8/31/2026 6:20:00 PM,CMIN,Fr,25000,
8/31/2026 6:15:00 PM,RTD,8/31/2026 6:20:00 PM,CLUZ,Fr,2877.82,
8/31/2026 6:15:00 PM,RTD,8/31/2026 6:20:00 PM,CLUZ,Rd,10900,
8/31/2026 6:15:00 PM,RTD,8/31/2026 6:20:00 PM,CVIS,Rd,19998,
8/31/2026 6:15:00 PM,RTD,8/31/2026 6:20:00 PM,CMIN,Rd,24999.89,
8/31/2026 6:15:00 PM,RTD,8/31/2026 6:20:00 PM,CMIN,Ru,25000,
8/31/2026 6:15:00 PM,RTD,8/31/2026 6:20:00 PM,CLUZ,Ru,10900,
8/31/2026 6:15:00 PM,RTD,8/31/2026 6:20:00 PM,CVIS,Ru,25000,
8/31/2026 6:20:00 PM,RTD,8/31/2026 6:25:00 PM,CMIN,Dr,0,
8/31/2026 6:20:00 PM,RTD,8/31/2026 6:25:00 PM,CVIS,Dr,0,
8/31/2026 6:20:00 PM,RTD,8/31/2026 6:25:00 PM,CLUZ,Dr,1996.80,
8/31/2026 6:20:00 PM,RTD,8/31/2026 6:25:00 PM,CVIS,Fr,0,
8/31/2026 6:20:00 PM,RTD,8/31/2026 6:25:00 PM,CMIN,Fr,25000,
8/31/2026 6:20:00 PM,RTD,8/31/2026 6:25:00 PM,CLUZ,Fr,2893.82,
8/31/2026 6:20:00 PM,RTD,8/31/2026 6:25:00 PM,CMIN,Rd,4000,
8/31/2026 6:20:00 PM,RTD,8/31/2026 6:25:00 PM,CVIS,Rd,19998,
8/31/2026 6:20:00 PM,RTD,8/31/2026 6:25:00 PM,CLUZ,Rd,10900,
8/31/2026 6:20:00 PM,RTD,8/31/2026 6:25:00 PM,CMIN,Ru,25000,
8/31/2026 6:20:00 PM,RTD,8/31/2026 6:25:00 PM,CVIS,Ru,25000,
8/31/2026 6:20:00 PM,RTD,8/31/2026 6:25:00 PM,CLUZ,Ru,10900,
8/31/2026 6:25:00 PM,RTD,8/31/2026 6:30:00 PM,CVIS,Dr,24689,
8/31/2026 6:25:00 PM,RTD,8/31/2026 6:30:00 PM,CMIN,Dr,0,
8/31/2026 6:25:00 PM,RTD,8/31/2026 6:30:00 PM,CLUZ,Dr,1996.80,
8/31/2026 6:25:00 PM,RTD,8/31/2026 6:30:00 PM,CMIN,Fr,25000,
8/31/2026 6:25:00 PM,RTD,8/31/2026 6:30:00 PM,CVIS,Fr,0,
8/31/2026 6:25:00 PM,RTD,8/31/2026 6:30:00 PM,CLUZ,Fr,2886.65,
8/31/2026 6:25:00 PM,RTD,8/31/2026 6:30:00 PM,CVIS,Rd,19998,
8/31/2026 6:25:00 PM,RTD,8/31/2026 6:30:00 PM,CMIN,Rd,24999.89,
8/31/2026 6:25:00 PM,RTD,8/31/2026 6:30:00 PM,CLUZ,Rd,10900,
8/31/2026 6:25:00 PM,RTD,8/31/2026 6:30:00 PM,CVIS,Ru,25000,
8/31/2026 6:25:00 PM,RTD,8/31/2026 6:30:00 PM,CLUZ,Ru,11000,
8/31/2026 6:25:00 PM,RTD,8/31/2026 6:30:00 PM,CMIN,Ru,25000,
8/31/2026 6:30:00 PM,RTD,8/31/2026 6:35:00 PM,CVIS,Dr,24689,
8/31/2026 6:30:00 PM,RTD,8/31/2026 6:35:00 PM,CMIN,Dr,0,
8/31/2026 6:30:00 PM,RTD,8/31/2026 6:35:00 PM,CLUZ,Dr,1996.80,
8/31/2026 6:30:00 PM,RTD,8/31/2026 6:35:00 PM,CMIN,Fr,25000,
8/31/2026 6:30:00 PM,RTD,8/31/2026 6:35:00 PM,CVIS,Fr,0,
8/31/2026 6:30:00 PM,RTD,8/31/2026 6:35:00 PM,CLUZ,Fr,3343.55,
8/31/2026 6:30:00 PM,RTD,8/31/2026 6:35:00 PM,CVIS,Rd,19998,
8/31/2026 6:30:00 PM,RTD,8/31/2026 6:35:00 PM,CMIN,Rd,4000,
8/31/2026 6:30:00 PM,RTD,8/31/2026 6:35:00 PM,CLUZ,Rd,10900,
8/31/2026 6:30:00 PM,RTD,8/31/2026 6:35:00 PM,CVIS,Ru,25000,
8/31/2026 6:30:00 PM,RTD,8/31/2026 6:35:00 PM,CLUZ,Ru,14300,
8/31/2026 6:30:00 PM,RTD,8/31/2026 6:35:00 PM,CMIN,Ru,25000,
8/31/2026 6:35:00 PM,RTD,8/31/2026 6:40:00 PM,CLUZ,Dr,1996.80,
8/31/2026 6:35:00 PM,RTD,8/31/2026 6:40:00 PM,CVIS,Dr,24689,
8/31/2026 6:35:00 PM,RTD,8/31/2026 6:40:00 PM,CMIN,Dr,0,
8/31/2026 6:35:00 PM,RTD,8/31/2026 6:40:00 PM,CVIS,Fr,0,
8/31/2026 6:35:00 PM,RTD,8/31/2026 6:40:00 PM,CLUZ,Fr,3337.28,
8/31/2026 6:35:00 PM,RTD,8/31/2026 6:40:00 PM,CMIN,Fr,25000,
8/31/2026 6:35:00 PM,RTD,8/31/2026 6:40:00 PM,CLUZ,Rd,10900,
8/31/2026 6:35:00 PM,RTD,8/31/2026 6:40:00 PM,CVIS,Rd,19998,
8/31/2026 6:35:00 PM,RTD,8/31/2026 6:40:00 PM,CMIN,Rd,24999.89,
8/31/2026 6:35:00 PM,RTD,8/31/2026 6:40:00 PM,CLUZ,Ru,14300,
8/31/2026 6:35:00 PM,RTD,8/31/2026 6:40:00 PM,CMIN,Ru,25000,
8/31/2026 6:35:00 PM,RTD,8/31/2026 6:40:00 PM,CVIS,Ru,25000,
8/31/2026 6:40:00 PM,RTD,8/31/2026 6:45:00 PM,CVIS,Dr,0,
8/31/2026 6:40:00 PM,RTD,8/31/2026 6:45:00 PM,CMIN,Dr,0,
8/31/2026 6:40:00 PM,RTD,8/31/2026 6:45:00 PM,CLUZ,Dr,1996.80,
8/31/2026 6:40:00 PM,RTD,8/31/2026 6:45:00 PM,CMIN,Fr,25000,
8/31/2026 6:40:00 PM,RTD,8/31/2026 6:45:00 PM,CVIS,Fr,0,
8/31/2026 6:40:00 PM,RTD,8/31/2026 6:45:00 PM,CLUZ,Fr,2926.33,
8/31/2026 6:40:00 PM,RTD,8/31/2026 6:45:00 PM,CVIS,Rd,19998,
8/31/2026 6:40:00 PM,RTD,8/31/2026 6:45:00 PM,CMIN,Rd,4000,
8/31/2026 6:40:00 PM,RTD,8/31/2026 6:45:00 PM,CLUZ,Rd,10900,
8/31/2026 6:40:00 PM,RTD,8/31/2026 6:45:00 PM,CVIS,Ru,25000,
8/31/2026 6:40:00 PM,RTD,8/31/2026 6:45:00 PM,CLUZ,Ru,14300,
8/31/2026 6:40:00 PM,RTD,8/31/2026 6:45:00 PM,CMIN,Ru,25000,
8/31/2026 6:45:00 PM,RTD,8/31/2026 6:50:00 PM,CVIS,Dr,0,
8/31/2026 6:45:00 PM,RTD,8/31/2026 6:50:00 PM,CMIN,Dr,0,
8/31/2026 6:45:00 PM,RTD,8/31/2026 6:50:00 PM,CLUZ,Dr,1996.80,
8/31/2026 6:45:00 PM,RTD,8/31/2026 6:50:00 PM,CMIN,Fr,25000,
8/31/2026 6:45:00 PM,RTD,8/31/2026 6:50:00 PM,CVIS,Fr,0,
8/31/2026 6:45:00 PM,RTD,8/31/2026 6:50:00 PM,CLUZ,Fr,2940,
8/31/2026 6:45:00 PM,RTD,8/31/2026 6:50:00 PM,CVIS,Rd,19998,
8/31/2026 6:45:00 PM,RTD,8/31/2026 6:50:00 PM,CMIN,Rd,24999.89,
8/31/2026 6:45:00 PM,RTD,8/31/2026 6:50:00 PM,CLUZ,Rd,10900,
8/31/2026 6:45:00 PM,RTD,8/31/2026 6:50:00 PM,CVIS,Ru,25000,
8/31/2026 6:45:00 PM,RTD,8/31/2026 6:50:00 PM,CLUZ,Ru,11000,
8/31/2026 6:45:00 PM,RTD,8/31/2026 6:50:00 PM,CMIN,Ru,25000,
8/31/2026 6:50:00 PM,RTD,8/31/2026 6:55:00 PM,CVIS,Dr,0,
8/31/2026 6:50:00 PM,RTD,8/31/2026 6:55:00 PM,CMIN,Dr,0,
8/31/2026 6:50:00 PM,RTD,8/31/2026 6:55:00 PM,CLUZ,Dr,1996.80,
8/31/2026 6:50:00 PM,RTD,8/31/2026 6:55:00 PM,CMIN,Fr,25000,
8/31/2026 6:50:00 PM,RTD,8/31/2026 6:55:00 PM,CVIS,Fr,0,
8/31/2026 6:50:00 PM,RTD,8/31/2026 6:55:00 PM,CLUZ,Fr,1900,
8/31/2026 6:50:00 PM,RTD,8/31/2026 6:55:00 PM,CVIS,Rd,19998,
8/31/2026 6:50:00 PM,RTD,8/31/2026 6:55:00 PM,CMIN,Rd,4000,
8/31/2026 6:50:00 PM,RTD,8/31/2026 6:55:00 PM,CLUZ,Rd,10900,
8/31/2026 6:50:00 PM,RTD,8/31/2026 6:55:00 PM,CVIS,Ru,25000,
8/31/2026 6:50:00 PM,RTD,8/31/2026 6:55:00 PM,CLUZ,Ru,10900,
8/31/2026 6:50:00 PM,RTD,8/31/2026 6:55:00 PM,CMIN,Ru,25000,
8/31/2026 6:55:00 PM,RTD,8/31/2026 7:00:00 PM,CVIS,Dr,0,
8/31/2026 6:55:00 PM,RTD,8/31/2026 7:00:00 PM,CMIN,Dr,0,
8/31/2026 6:55:00 PM,RTD,8/31/2026 7:00:00 PM,CLUZ,Dr,2000.08,
8/31/2026 6:55:00 PM,RTD,8/31/2026 7:00:00 PM,CMIN,Fr,25000,
8/31/2026 6:55:00 PM,RTD,8/31/2026 7:00:00 PM,CVIS,Fr,0,
8/31/2026 6:55:00 PM,RTD,8/31/2026 7:00:00 PM,CLUZ,Fr,1850,
8/31/2026 6:55:00 PM,RTD,8/31/2026 7:00:00 PM,CVIS,Rd,19998,
8/31/2026 6:55:00 PM,RTD,8/31/2026 7:00:00 PM,CMIN,Rd,4000,
8/31/2026 6:55:00 PM,RTD,8/31/2026 7:00:00 PM,CLUZ,Rd,10900,
8/31/2026 6:55:00 PM,RTD,8/31/2026 7:00:00 PM,CVIS,Ru,25000,
8/31/2026 6:55:00 PM,RTD,8/31/2026 7:00:00 PM,CLUZ,Ru,10900,
8/31/2026 6:55:00 PM,RTD,8/31/2026 7:00:00 PM,CMIN,Ru,25000,
8/31/2026 7:00:00 PM,RTD,8/31/2026 7:05:00 PM,CVIS,Dr,0,
8/31/2026 7:00:00 PM,RTD,8/31/2026 7:05:00 PM,CMIN,Dr,0,
8/31/2026 7:00:00 PM,RTD,8/31/2026 7:05:00 PM,CLUZ,Dr,5000.08,
8/31/2026 7:00:00 PM,RTD,8/31/2026 7:05:00 PM,CMIN,Fr,25000,
8/31/2026 7:00:00 PM,RTD,8/31/2026 7:05:00 PM,CVIS,Fr,0,
8/31/2026 7:00:00 PM,RTD,8/31/2026 7:05:00 PM,CLUZ,Fr,1130,
8/31/2026 7:00:00 PM,RTD,8/31/2026 7:05:00 PM,CVIS,Rd,19998,
8/31/2026 7:00:00 PM,RTD,8/31/2026 7:05:00 PM,CMIN,Rd,1000,
8/31/2026 7:00:00 PM,RTD,8/31/2026 7:05:00 PM,CLUZ,Rd,10900,
8/31/2026 7:00:00 PM,RTD,8/31/2026 7:05:00 PM,CVIS,Ru,25000,
8/31/2026 7:00:00 PM,RTD,8/31/2026 7:05:00 PM,CLUZ,Ru,10900,
8/31/2026 7:00:00 PM,RTD,8/31/2026 7:05:00 PM,CMIN,Ru,25000,
8/31/2026 7:05:00 PM,RTD,8/31/2026 7:10:00 PM,CVIS,Dr,0,
8/31/2026 7:05:00 PM,RTD,8/31/2026 7:10:00 PM,CMIN,Dr,0,
8/31/2026 7:05:00 PM,RTD,8/31/2026 7:10:00 PM,CLUZ,Dr,5000.08,
8/31/2026 7:05:00 PM,RTD,8/31/2026 7:10:00 PM,CMIN,Fr,25000,
8/31/2026 7:05:00 PM,RTD,8/31/2026 7:10:00 PM,CVIS,Fr,0,
8/31/2026 7:05:00 PM,RTD,8/31/2026 7:10:00 PM,CLUZ,Fr,1130,
8/31/2026 7:05:00 PM,RTD,8/31/2026 7:10:00 PM,CVIS,Rd,19998,
8/31/2026 7:05:00 PM,RTD,8/31/2026 7:10:00 PM,CMIN,Rd,1000,
8/31/2026 7:05:00 PM,RTD,8/31/2026 7:10:00 PM,CLUZ,Rd,10900,
8/31/2026 7:05:00 PM,RTD,8/31/2026 7:10:00 PM,CVIS,Ru,25000,
8/31/2026 7:05:00 PM,RTD,8/31/2026 7:10:00 PM,CLUZ,Ru,10900,
8/31/2026 7:05:00 PM,RTD,8/31/2026 7:10:00 PM,CMIN,Ru,25000,
8/31/2026 7:10:00 PM,RTD,8/31/2026 7:15:00 PM,CVIS,Dr,0,
8/31/2026 7:10:00 PM,RTD,8/31/2026 7:15:00 PM,CMIN,Dr,0,
8/31/2026 7:10:00 PM,RTD,8/31/2026 7:15:00 PM,CLUZ,Dr,5000.08,
8/31/2026 7:10:00 PM,RTD,8/31/2026 7:15:00 PM,CMIN,Fr,25000,
8/31/2026 7:10:00 PM,RTD,8/31/2026 7:15:00 PM,CVIS,Fr,0,
8/31/2026 7:10:00 PM,RTD,8/31/2026 7:15:00 PM,CLUZ,Fr,1130,
8/31/2026 7:10:00 PM,RTD,8/31/2026 7:15:00 PM,CVIS,Rd,19998,
8/31/2026 7:10:00 PM,RTD,8/31/2026 7:15:00 PM,CMIN,Rd,1000,
8/31/2026 7:10:00 PM,RTD,8/31/2026 7:15:00 PM,CLUZ,Rd,10900,
8/31/2026 7:10:00 PM,RTD,8/31/2026 7:15:00 PM,CVIS,Ru,25000,
8/31/2026 7:10:00 PM,RTD,8/31/2026 7:15:00 PM,CLUZ,Ru,10900,
8/31/2026 7:10:00 PM,RTD,8/31/2026 7:15:00 PM,CMIN,Ru,25000,
8/31/2026 7:15:00 PM,RTD,8/31/2026 7:20:00 PM,CMIN,Dr,0,
8/31/2026 7:15:00 PM,RTD,8/31/2026 7:20:00 PM,CLUZ,Dr,5000.08,
8/31/2026 7:15:00 PM,RTD,8/31/2026 7:20:00 PM,CVIS,Dr,0,
8/31/2026 7:15:00 PM,RTD,8/31/2026 7:20:00 PM,CLUZ,Fr,1130,
8/31/2026 7:15:00 PM,RTD,8/31/2026 7:20:00 PM,CMIN,Fr,25000,
8/31/2026 7:15:00 PM,RTD,8/31/2026 7:20:00 PM,CVIS,Fr,0,
8/31/2026 7:15:00 PM,RTD,8/31/2026 7:20:00 PM,CMIN,Rd,4000,
8/31/2026 7:15:00 PM,RTD,8/31/2026 7:20:00 PM,CLUZ,Rd,10900,
8/31/2026 7:15:00 PM,RTD,8/31/2026 7:20:00 PM,CVIS,Rd,19998,
8/31/2026 7:15:00 PM,RTD,8/31/2026 7:20:00 PM,CMIN,Ru,25000,
8/31/2026 7:15:00 PM,RTD,8/31/2026 7:20:00 PM,CVIS,Ru,25000,
8/31/2026 7:15:00 PM,RTD,8/31/2026 7:20:00 PM,CLUZ,Ru,10900,
8/31/2026 7:20:00 PM,RTD,8/31/2026 7:25:00 PM,CVIS,Dr,0,
8/31/2026 7:20:00 PM,RTD,8/31/2026 7:25:00 PM,CMIN,Dr,0,
8/31/2026 7:20:00 PM,RTD,8/31/2026 7:25:00 PM,CLUZ,Dr,5000.08,
8/31/2026 7:20:00 PM,RTD,8/31/2026 7:25:00 PM,CMIN,Fr,25000,
8/31/2026 7:20:00 PM,RTD,8/31/2026 7:25:00 PM,CVIS,Fr,0,
8/31/2026 7:20:00 PM,RTD,8/31/2026 7:25:00 PM,CLUZ,Fr,1130,
8/31/2026 7:20:00 PM,RTD,8/31/2026 7:25:00 PM,CVIS,Rd,19998,
8/31/2026 7:20:00 PM,RTD,8/31/2026 7:25:00 PM,CMIN,Rd,1000,
8/31/2026 7:20:00 PM,RTD,8/31/2026 7:25:00 PM,CLUZ,Rd,10900,
8/31/2026 7:20:00 PM,RTD,8/31/2026 7:25:00 PM,CVIS,Ru,25000,
8/31/2026 7:20:00 PM,RTD,8/31/2026 7:25:00 PM,CLUZ,Ru,10900,
8/31/2026 7:20:00 PM,RTD,8/31/2026 7:25:00 PM,CMIN,Ru,25000,
8/31/2026 7:25:00 PM,RTD,8/31/2026 7:30:00 PM,CVIS,Dr,0,
8/31/2026 7:25:00 PM,RTD,8/31/2026 7:30:00 PM,CMIN,Dr,0,
8/31/2026 7:25:00 PM,RTD,8/31/2026 7:30:00 PM,CLUZ,Dr,5000.08,
8/31/2026 7:25:00 PM,RTD,8/31/2026 7:30:00 PM,CMIN,Fr,25000,
8/31/2026 7:25:00 PM,RTD,8/31/2026 7:30:00 PM,CVIS,Fr,0,
8/31/2026 7:25:00 PM,RTD,8/31/2026 7:30:00 PM,CLUZ,Fr,1130,
8/31/2026 7:25:00 PM,RTD,8/31/2026 7:30:00 PM,CVIS,Rd,19998,
8/31/2026 7:25:00 PM,RTD,8/31/2026 7:30:00 PM,CMIN,Rd,4000,
8/31/2026 7:25:00 PM,RTD,8/31/2026 7:30:00 PM,CLUZ,Rd,10900,
8/31/2026 7:25:00 PM,RTD,8/31/2026 7:30:00 PM,CVIS,Ru,25000,
8/31/2026 7:25:00 PM,RTD,8/31/2026 7:30:00 PM,CLUZ,Ru,10900,
8/31/2026 7:25:00 PM,RTD,8/31/2026 7:30:00 PM,CMIN,Ru,25000,
8/31/2026 7:30:00 PM,RTD,8/31/2026 7:35:00 PM,CMIN,Dr,0,
8/31/2026 7:30:00 PM,RTD,8/31/2026 7:35:00 PM,CVIS,Dr,0,
8/31/2026 7:30:00 PM,RTD,8/31/2026 7:35:00 PM,CLUZ,Dr,5000.08,
8/31/2026 7:30:00 PM,RTD,8/31/2026 7:35:00 PM,CVIS,Fr,0,
8/31/2026 7:30:00 PM,RTD,8/31/2026 7:35:00 PM,CMIN,Fr,25000,
8/31/2026 7:30:00 PM,RTD,8/31/2026 7:35:00 PM,CLUZ,Fr,1130,
8/31/2026 7:30:00 PM,RTD,8/31/2026 7:35:00 PM,CMIN,Rd,1000,
8/31/2026 7:30:00 PM,RTD,8/31/2026 7:35:00 PM,CVIS,Rd,19998,
8/31/2026 7:30:00 PM,RTD,8/31/2026 7:35:00 PM,CLUZ,Rd,10900,
8/31/2026 7:30:00 PM,RTD,8/31/2026 7:35:00 PM,CMIN,Ru,25000,
8/31/2026 7:30:00 PM,RTD,8/31/2026 7:35:00 PM,CVIS,Ru,25000,
8/31/2026 7:30:00 PM,RTD,8/31/2026 7:35:00 PM,CLUZ,Ru,10900,
8/31/2026 7:35:00 PM,RTD,8/31/2026 7:40:00 PM,CVIS,Dr,0,
8/31/2026 7:35:00 PM,RTD,8/31/2026 7:40:00 PM,CMIN,Dr,0,
8/31/2026 7:35:00 PM,RTD,8/31/2026 7:40:00 PM,CLUZ,Dr,5000.08,
8/31/2026 7:35:00 PM,RTD,8/31/2026 7:40:00 PM,CMIN,Fr,25000,
8/31/2026 7:35:00 PM,RTD,8/31/2026 7:40:00 PM,CVIS,Fr,0,
8/31/2026 7:35:00 PM,RTD,8/31/2026 7:40:00 PM,CLUZ,Fr,1130,
8/31/2026 7:35:00 PM,RTD,8/31/2026 7:40:00 PM,CVIS,Rd,19998,
8/31/2026 7:35:00 PM,RTD,8/31/2026 7:40:00 PM,CMIN,Rd,4000,
8/31/2026 7:35:00 PM,RTD,8/31/2026 7:40:00 PM,CLUZ,Rd,10900,
8/31/2026 7:35:00 PM,RTD,8/31/2026 7:40:00 PM,CVIS,Ru,25000,
8/31/2026 7:35:00 PM,RTD,8/31/2026 7:40:00 PM,CLUZ,Ru,10900,
8/31/2026 7:35:00 PM,RTD,8/31/2026 7:40:00 PM,CMIN,Ru,25000,
8/31/2026 7:40:00 PM,RTD,8/31/2026 7:45:00 PM,CVIS,Dr,0,
8/31/2026 7:40:00 PM,RTD,8/31/2026 7:45:00 PM,CMIN,Dr,0,
8/31/2026 7:40:00 PM,RTD,8/31/2026 7:45:00 PM,CLUZ,Dr,5000.08,
8/31/2026 7:40:00 PM,RTD,8/31/2026 7:45:00 PM,CMIN,Fr,25000,
8/31/2026 7:40:00 PM,RTD,8/31/2026 7:45:00 PM,CVIS,Fr,0,
8/31/2026 7:40:00 PM,RTD,8/31/2026 7:45:00 PM,CLUZ,Fr,1130,
8/31/2026 7:40:00 PM,RTD,8/31/2026 7:45:00 PM,CVIS,Rd,19998,
8/31/2026 7:40:00 PM,RTD,8/31/2026 7:45:00 PM,CMIN,Rd,1000,
8/31/2026 7:40:00 PM,RTD,8/31/2026 7:45:00 PM,CLUZ,Rd,10900,
8/31/2026 7:40:00 PM,RTD,8/31/2026 7:45:00 PM,CVIS,Ru,25000,
8/31/2026 7:40:00 PM,RTD,8/31/2026 7:45:00 PM,CLUZ,Ru,10900,
8/31/2026 7:40:00 PM,RTD,8/31/2026 7:45:00 PM,CMIN,Ru,25000,
8/31/2026 7:45:00 PM,RTD,8/31/2026 7:50:00 PM,CLUZ,Dr,5000.08,
8/31/2026 7:45:00 PM,RTD,8/31/2026 7:50:00 PM,CVIS,Dr,0,
8/31/2026 7:45:00 PM,RTD,8/31/2026 7:50:00 PM,CMIN,Dr,0,
8/31/2026 7:45:00 PM,RTD,8/31/2026 7:50:00 PM,CVIS,Fr,0,
8/31/2026 7:45:00 PM,RTD,8/31/2026 7:50:00 PM,CLUZ,Fr,1130,
8/31/2026 7:45:00 PM,RTD,8/31/2026 7:50:00 PM,CMIN,Fr,25000,
8/31/2026 7:45:00 PM,RTD,8/31/2026 7:50:00 PM,CLUZ,Rd,10900,
8/31/2026 7:45:00 PM,RTD,8/31/2026 7:50:00 PM,CVIS,Rd,19998,
8/31/2026 7:45:00 PM,RTD,8/31/2026 7:50:00 PM,CMIN,Rd,4000,
8/31/2026 7:45:00 PM,RTD,8/31/2026 7:50:00 PM,CLUZ,Ru,10900,
8/31/2026 7:45:00 PM,RTD,8/31/2026 7:50:00 PM,CMIN,Ru,25000,
8/31/2026 7:45:00 PM,RTD,8/31/2026 7:50:00 PM,CVIS,Ru,25000,
8/31/2026 7:50:00 PM,RTD,8/31/2026 7:55:00 PM,CVIS,Dr,0,
8/31/2026 7:50:00 PM,RTD,8/31/2026 7:55:00 PM,CMIN,Dr,0,
8/31/2026 7:50:00 PM,RTD,8/31/2026 7:55:00 PM,CLUZ,Dr,5000.08,
8/31/2026 7:50:00 PM,RTD,8/31/2026 7:55:00 PM,CMIN,Fr,25000,
8/31/2026 7:50:00 PM,RTD,8/31/2026 7:55:00 PM,CVIS,Fr,0,
8/31/2026 7:50:00 PM,RTD,8/31/2026 7:55:00 PM,CLUZ,Fr,1130,
8/31/2026 7:50:00 PM,RTD,8/31/2026 7:55:00 PM,CVIS,Rd,19998,
8/31/2026 7:50:00 PM,RTD,8/31/2026 7:55:00 PM,CMIN,Rd,1000,
8/31/2026 7:50:00 PM,RTD,8/31/2026 7:55:00 PM,CLUZ,Rd,10900,
8/31/2026 7:50:00 PM,RTD,8/31/2026 7:55:00 PM,CVIS,Ru,25000,
8/31/2026 7:50:00 PM,RTD,8/31/2026 7:55:00 PM,CLUZ,Ru,10900,
8/31/2026 7:50:00 PM,RTD,8/31/2026 7:55:00 PM,CMIN,Ru,25000,
8/31/2026 7:55:00 PM,RTD,8/31/2026 8:00:00 PM,CVIS,Dr,0,
8/31/2026 7:55:00 PM,RTD,8/31/2026 8:00:00 PM,CMIN,Dr,0,
8/31/2026 7:55:00 PM,RTD,8/31/2026 8:00:00 PM,CLUZ,Dr,5000.08,
8/31/2026 7:55:00 PM,RTD,8/31/2026 8:00:00 PM,CMIN,Fr,25000,
8/31/2026 7:55:00 PM,RTD,8/31/2026 8:00:00 PM,CVIS,Fr,0,
8/31/2026 7:55:00 PM,RTD,8/31/2026 8:00:00 PM,CLUZ,Fr,1130,
8/31/2026 7:55:00 PM,RTD,8/31/2026 8:00:00 PM,CVIS,Rd,19998,
8/31/2026 7:55:00 PM,RTD,8/31/2026 8:00:00 PM,CMIN,Rd,1000,
8/31/2026 7:55:00 PM,RTD,8/31/2026 8:00:00 PM,CLUZ,Rd,10900,
8/31/2026 7:55:00 PM,RTD,8/31/2026 8:00:00 PM,CVIS,Ru,25000,
8/31/2026 7:55:00 PM,RTD,8/31/2026 8:00:00 PM,CLUZ,Ru,10900,
8/31/2026 7:55:00 PM,RTD,8/31/2026 8:00:00 PM,CMIN,Ru,25000,
8/31/2026 8:00:00 PM,RTD,8/31/2026 8:05:00 PM,CMIN,Dr,0,
8/31/2026 8:00:00 PM,RTD,8/31/2026 8:05:00 PM,CLUZ,Dr,5000.08,
8/31/2026 8:00:00 PM,RTD,8/31/2026 8:05:00 PM,CVIS,Dr,0,
8/31/2026 8:00:00 PM,RTD,8/31/2026 8:05:00 PM,CMIN,Fr,25000,
8/31/2026 8:00:00 PM,RTD,8/31/2026 8:05:00 PM,CVIS,Fr,0,
8/31/2026 8:00:00 PM,RTD,8/31/2026 8:05:00 PM,CLUZ,Fr,1130,
8/31/2026 8:00:00 PM,RTD,8/31/2026 8:05:00 PM,CVIS,Rd,19998,
8/31/2026 8:00:00 PM,RTD,8/31/2026 8:05:00 PM,CMIN,Rd,4000,
8/31/2026 8:00:00 PM,RTD,8/31/2026 8:05:00 PM,CLUZ,Rd,1000,
8/31/2026 8:00:00 PM,RTD,8/31/2026 8:05:00 PM,CLUZ,Ru,1000,
8/31/2026 8:00:00 PM,RTD,8/31/2026 8:05:00 PM,CVIS,Ru,25000,
8/31/2026 8:00:00 PM,RTD,8/31/2026 8:05:00 PM,CMIN,Ru,25000,
8/31/2026 8:05:00 PM,RTD,8/31/2026 8:10:00 PM,CVIS,Dr,0,
8/31/2026 8:05:00 PM,RTD,8/31/2026 8:10:00 PM,CLUZ,Dr,5000.08,
8/31/2026 8:05:00 PM,RTD,8/31/2026 8:10:00 PM,CMIN,Dr,0,
8/31/2026 8:05:00 PM,RTD,8/31/2026 8:10:00 PM,CLUZ,Fr,1130,
8/31/2026 8:05:00 PM,RTD,8/31/2026 8:10:00 PM,CVIS,Fr,0,
8/31/2026 8:05:00 PM,RTD,8/31/2026 8:10:00 PM,CMIN,Fr,25000,
8/31/2026 8:05:00 PM,RTD,8/31/2026 8:10:00 PM,CMIN,Rd,4000,
8/31/2026 8:05:00 PM,RTD,8/31/2026 8:10:00 PM,CLUZ,Rd,10900,
8/31/2026 8:05:00 PM,RTD,8/31/2026 8:10:00 PM,CVIS,Rd,19998,
8/31/2026 8:05:00 PM,RTD,8/31/2026 8:10:00 PM,CVIS,Ru,25000,
8/31/2026 8:05:00 PM,RTD,8/31/2026 8:10:00 PM,CLUZ,Ru,10900,
8/31/2026 8:05:00 PM,RTD,8/31/2026 8:10:00 PM,CMIN,Ru,25000,
8/31/2026 8:10:00 PM,RTD,8/31/2026 8:15:00 PM,CVIS,Dr,0,
8/31/2026 8:10:00 PM,RTD,8/31/2026 8:15:00 PM,CLUZ,Dr,5000.08,
8/31/2026 8:10:00 PM,RTD,8/31/2026 8:15:00 PM,CMIN,Dr,0,
8/31/2026 8:10:00 PM,RTD,8/31/2026 8:15:00 PM,CVIS,Fr,0,
8/31/2026 8:10:00 PM,RTD,8/31/2026 8:15:00 PM,CMIN,Fr,25000,
8/31/2026 8:10:00 PM,RTD,8/31/2026 8:15:00 PM,CLUZ,Fr,1900,
8/31/2026 8:10:00 PM,RTD,8/31/2026 8:15:00 PM,CLUZ,Rd,10900,
8/31/2026 8:10:00 PM,RTD,8/31/2026 8:15:00 PM,CMIN,Rd,4000,
8/31/2026 8:10:00 PM,RTD,8/31/2026 8:15:00 PM,CVIS,Rd,19998,
8/31/2026 8:10:00 PM,RTD,8/31/2026 8:15:00 PM,CMIN,Ru,25000,
8/31/2026 8:10:00 PM,RTD,8/31/2026 8:15:00 PM,CVIS,Ru,25000,
8/31/2026 8:10:00 PM,RTD,8/31/2026 8:15:00 PM,CLUZ,Ru,10900,
8/31/2026 8:15:00 PM,RTD,8/31/2026 8:20:00 PM,CMIN,Dr,0,
8/31/2026 8:15:00 PM,RTD,8/31/2026 8:20:00 PM,CLUZ,Dr,5000.08,
8/31/2026 8:15:00 PM,RTD,8/31/2026 8:20:00 PM,CVIS,Dr,0,
8/31/2026 8:15:00 PM,RTD,8/31/2026 8:20:00 PM,CMIN,Fr,25000,
8/31/2026 8:15:00 PM,RTD,8/31/2026 8:20:00 PM,CVIS,Fr,0,
8/31/2026 8:15:00 PM,RTD,8/31/2026 8:20:00 PM,CLUZ,Fr,2000,
8/31/2026 8:15:00 PM,RTD,8/31/2026 8:20:00 PM,CVIS,Rd,19998,
8/31/2026 8:15:00 PM,RTD,8/31/2026 8:20:00 PM,CLUZ,Rd,10900,
8/31/2026 8:15:00 PM,RTD,8/31/2026 8:20:00 PM,CMIN,Rd,4000,
8/31/2026 8:15:00 PM,RTD,8/31/2026 8:20:00 PM,CMIN,Ru,25000,
8/31/2026 8:15:00 PM,RTD,8/31/2026 8:20:00 PM,CLUZ,Ru,10900,
8/31/2026 8:15:00 PM,RTD,8/31/2026 8:20:00 PM,CVIS,Ru,25000,
8/31/2026 8:20:00 PM,RTD,8/31/2026 8:25:00 PM,CVIS,Dr,0,
8/31/2026 8:20:00 PM,RTD,8/31/2026 8:25:00 PM,CMIN,Dr,0,
8/31/2026 8:20:00 PM,RTD,8/31/2026 8:25:00 PM,CLUZ,Dr,5000.08,
8/31/2026 8:20:00 PM,RTD,8/31/2026 8:25:00 PM,CMIN,Fr,25000,
8/31/2026 8:20:00 PM,RTD,8/31/2026 8:25:00 PM,CVIS,Fr,0,
8/31/2026 8:20:00 PM,RTD,8/31/2026 8:25:00 PM,CLUZ,Fr,2915.89,
8/31/2026 8:20:00 PM,RTD,8/31/2026 8:25:00 PM,CVIS,Rd,19998,
8/31/2026 8:20:00 PM,RTD,8/31/2026 8:25:00 PM,CMIN,Rd,4000,
8/31/2026 8:20:00 PM,RTD,8/31/2026 8:25:00 PM,CLUZ,Rd,10900,
8/31/2026 8:20:00 PM,RTD,8/31/2026 8:25:00 PM,CVIS,Ru,25000,
8/31/2026 8:20:00 PM,RTD,8/31/2026 8:25:00 PM,CLUZ,Ru,10900,
8/31/2026 8:20:00 PM,RTD,8/31/2026 8:25:00 PM,CMIN,Ru,25000,
8/31/2026 8:25:00 PM,RTD,8/31/2026 8:30:00 PM,CVIS,Dr,0,
8/31/2026 8:25:00 PM,RTD,8/31/2026 8:30:00 PM,CMIN,Dr,0,
8/31/2026 8:25:00 PM,RTD,8/31/2026 8:30:00 PM,CLUZ,Dr,5000.08,
8/31/2026 8:25:00 PM,RTD,8/31/2026 8:30:00 PM,CMIN,Fr,25000,
8/31/2026 8:25:00 PM,RTD,8/31/2026 8:30:00 PM,CVIS,Fr,0,
8/31/2026 8:25:00 PM,RTD,8/31/2026 8:30:00 PM,CLUZ,Fr,2893.88,
8/31/2026 8:25:00 PM,RTD,8/31/2026 8:30:00 PM,CVIS,Rd,19998,
8/31/2026 8:25:00 PM,RTD,8/31/2026 8:30:00 PM,CMIN,Rd,4000,
8/31/2026 8:25:00 PM,RTD,8/31/2026 8:30:00 PM,CLUZ,Rd,10900,
8/31/2026 8:25:00 PM,RTD,8/31/2026 8:30:00 PM,CVIS,Ru,25000,
8/31/2026 8:25:00 PM,RTD,8/31/2026 8:30:00 PM,CLUZ,Ru,10900,
8/31/2026 8:25:00 PM,RTD,8/31/2026 8:30:00 PM,CMIN,Ru,25000,
8/31/2026 8:30:00 PM,RTD,8/31/2026 8:35:00 PM,CVIS,Dr,0,
8/31/2026 8:30:00 PM,RTD,8/31/2026 8:35:00 PM,CMIN,Dr,0,
8/31/2026 8:30:00 PM,RTD,8/31/2026 8:35:00 PM,CLUZ,Dr,5000.08,
8/31/2026 8:30:00 PM,RTD,8/31/2026 8:35:00 PM,CMIN,Fr,25000,
8/31/2026 8:30:00 PM,RTD,8/31/2026 8:35:00 PM,CVIS,Fr,25000,
8/31/2026 8:30:00 PM,RTD,8/31/2026 8:35:00 PM,CLUZ,Fr,1900,
8/31/2026 8:30:00 PM,RTD,8/31/2026 8:35:00 PM,CVIS,Rd,19998,
8/31/2026 8:30:00 PM,RTD,8/31/2026 8:35:00 PM,CMIN,Rd,4000,
8/31/2026 8:30:00 PM,RTD,8/31/2026 8:35:00 PM,CLUZ,Rd,10900,
8/31/2026 8:30:00 PM,RTD,8/31/2026 8:35:00 PM,CVIS,Ru,25000,
8/31/2026 8:30:00 PM,RTD,8/31/2026 8:35:00 PM,CLUZ,Ru,10900,
8/31/2026 8:30:00 PM,RTD,8/31/2026 8:35:00 PM,CMIN,Ru,25000,
8/31/2026 8:35:00 PM,RTD,8/31/2026 8:40:00 PM,CVIS,Dr,0,
8/31/2026 8:35:00 PM,RTD,8/31/2026 8:40:00 PM,CMIN,Dr,0,
8/31/2026 8:35:00 PM,RTD,8/31/2026 8:40:00 PM,CLUZ,Dr,5000.08,
8/31/2026 8:35:00 PM,RTD,8/31/2026 8:40:00 PM,CMIN,Fr,25000,
8/31/2026 8:35:00 PM,RTD,8/31/2026 8:40:00 PM,CVIS,Fr,25000,
8/31/2026 8:35:00 PM,RTD,8/31/2026 8:40:00 PM,CLUZ,Fr,1850,
8/31/2026 8:35:00 PM,RTD,8/31/2026 8:40:00 PM,CVIS,Rd,19998,
8/31/2026 8:35:00 PM,RTD,8/31/2026 8:40:00 PM,CMIN,Rd,4000,
8/31/2026 8:35:00 PM,RTD,8/31/2026 8:40:00 PM,CLUZ,Rd,10900,
8/31/2026 8:35:00 PM,RTD,8/31/2026 8:40:00 PM,CVIS,Ru,25000,
8/31/2026 8:35:00 PM,RTD,8/31/2026 8:40:00 PM,CLUZ,Ru,10900,
8/31/2026 8:35:00 PM,RTD,8/31/2026 8:40:00 PM,CMIN,Ru,25000,
8/31/2026 8:40:00 PM,RTD,8/31/2026 8:45:00 PM,CVIS,Dr,0,
8/31/2026 8:40:00 PM,RTD,8/31/2026 8:45:00 PM,CMIN,Dr,0,
8/31/2026 8:40:00 PM,RTD,8/31/2026 8:45:00 PM,CLUZ,Dr,5000.08,
8/31/2026 8:40:00 PM,RTD,8/31/2026 8:45:00 PM,CMIN,Fr,25000,
8/31/2026 8:40:00 PM,RTD,8/31/2026 8:45:00 PM,CVIS,Fr,25000,
8/31/2026 8:40:00 PM,RTD,8/31/2026 8:45:00 PM,CLUZ,Fr,1900,
8/31/2026 8:40:00 PM,RTD,8/31/2026 8:45:00 PM,CVIS,Rd,19998,
8/31/2026 8:40:00 PM,RTD,8/31/2026 8:45:00 PM,CMIN,Rd,4000,
8/31/2026 8:40:00 PM,RTD,8/31/2026 8:45:00 PM,CLUZ,Rd,10900,
8/31/2026 8:40:00 PM,RTD,8/31/2026 8:45:00 PM,CVIS,Ru,25000,
8/31/2026 8:40:00 PM,RTD,8/31/2026 8:45:00 PM,CLUZ,Ru,10900,
8/31/2026 8:40:00 PM,RTD,8/31/2026 8:45:00 PM,CMIN,Ru,25000,
8/31/2026 8:45:00 PM,RTD,8/31/2026 8:50:00 PM,CVIS,Dr,0,
8/31/2026 8:45:00 PM,RTD,8/31/2026 8:50:00 PM,CMIN,Dr,0,
8/31/2026 8:45:00 PM,RTD,8/31/2026 8:50:00 PM,CLUZ,Dr,5000.08,
8/31/2026 8:45:00 PM,RTD,8/31/2026 8:50:00 PM,CMIN,Fr,25000,
8/31/2026 8:45:00 PM,RTD,8/31/2026 8:50:00 PM,CVIS,Fr,25000,
8/31/2026 8:45:00 PM,RTD,8/31/2026 8:50:00 PM,CLUZ,Fr,1850,
8/31/2026 8:45:00 PM,RTD,8/31/2026 8:50:00 PM,CVIS,Rd,19998,
8/31/2026 8:45:00 PM,RTD,8/31/2026 8:50:00 PM,CMIN,Rd,4000,
8/31/2026 8:45:00 PM,RTD,8/31/2026 8:50:00 PM,CLUZ,Rd,10900,
8/31/2026 8:45:00 PM,RTD,8/31/2026 8:50:00 PM,CVIS,Ru,25000,
8/31/2026 8:45:00 PM,RTD,8/31/2026 8:50:00 PM,CLUZ,Ru,10900,
8/31/2026 8:45:00 PM,RTD,8/31/2026 8:50:00 PM,CMIN,Ru,25000,
8/31/2026 8:50:00 PM,RTD,8/31/2026 8:55:00 PM,CLUZ,Dr,5000.08,
8/31/2026 8:50:00 PM,RTD,8/31/2026 8:55:00 PM,CVIS,Dr,0,
8/31/2026 8:50:00 PM,RTD,8/31/2026 8:55:00 PM,CMIN,Dr,0,
8/31/2026 8:50:00 PM,RTD,8/31/2026 8:55:00 PM,CMIN,Fr,25000,
8/31/2026 8:50:00 PM,RTD,8/31/2026 8:55:00 PM,CLUZ,Fr,1130,
8/31/2026 8:50:00 PM,RTD,8/31/2026 8:55:00 PM,CVIS,Fr,24233.26,
8/31/2026 8:50:00 PM,RTD,8/31/2026 8:55:00 PM,CMIN,Rd,4000,
8/31/2026 8:50:00 PM,RTD,8/31/2026 8:55:00 PM,CVIS,Rd,19998,
8/31/2026 8:50:00 PM,RTD,8/31/2026 8:55:00 PM,CLUZ,Rd,10900,
8/31/2026 8:50:00 PM,RTD,8/31/2026 8:55:00 PM,CLUZ,Ru,10900,
8/31/2026 8:50:00 PM,RTD,8/31/2026 8:55:00 PM,CMIN,Ru,25000,
8/31/2026 8:50:00 PM,RTD,8/31/2026 8:55:00 PM,CVIS,Ru,25000,
8/31/2026 8:55:00 PM,RTD,8/31/2026 9:00:00 PM,CVIS,Dr,0,
8/31/2026 8:55:00 PM,RTD,8/31/2026 9:00:00 PM,CMIN,Dr,0,
8/31/2026 8:55:00 PM,RTD,8/31/2026 9:00:00 PM,CLUZ,Dr,5000.08,
8/31/2026 8:55:00 PM,RTD,8/31/2026 9:00:00 PM,CMIN,Fr,25000,
8/31/2026 8:55:00 PM,RTD,8/31/2026 9:00:00 PM,CVIS,Fr,24246.93,
8/31/2026 8:55:00 PM,RTD,8/31/2026 9:00:00 PM,CLUZ,Fr,1130,
8/31/2026 8:55:00 PM,RTD,8/31/2026 9:00:00 PM,CVIS,Rd,19998,
8/31/2026 8:55:00 PM,RTD,8/31/2026 9:00:00 PM,CMIN,Rd,4000,
8/31/2026 8:55:00 PM,RTD,8/31/2026 9:00:00 PM,CLUZ,Rd,10900,
8/31/2026 8:55:00 PM,RTD,8/31/2026 9:00:00 PM,CVIS,Ru,25000,
8/31/2026 8:55:00 PM,RTD,8/31/2026 9:00:00 PM,CLUZ,Ru,10900,
8/31/2026 8:55:00 PM,RTD,8/31/2026 9:00:00 PM,CMIN,Ru,25000,
8/31/2026 9:00:00 PM,RTD,8/31/2026 9:05:00 PM,CVIS,Dr,0,
8/31/2026 9:00:00 PM,RTD,8/31/2026 9:05:00 PM,CMIN,Dr,0,
8/31/2026 9:00:00 PM,RTD,8/31/2026 9:05:00 PM,CLUZ,Dr,5000.08,
8/31/2026 9:00:00 PM,RTD,8/31/2026 9:05:00 PM,CMIN,Fr,25000,
8/31/2026 9:00:00 PM,RTD,8/31/2026 9:05:00 PM,CVIS,Fr,25000,
8/31/2026 9:00:00 PM,RTD,8/31/2026 9:05:00 PM,CLUZ,Fr,1130,
8/31/2026 9:00:00 PM,RTD,8/31/2026 9:05:00 PM,CVIS,Rd,19998,
8/31/2026 9:00:00 PM,RTD,8/31/2026 9:05:00 PM,CMIN,Rd,1000,
8/31/2026 9:00:00 PM,RTD,8/31/2026 9:05:00 PM,CLUZ,Rd,450,
8/31/2026 9:00:00 PM,RTD,8/31/2026 9:05:00 PM,CVIS,Ru,25000,
8/31/2026 9:00:00 PM,RTD,8/31/2026 9:05:00 PM,CLUZ,Ru,450,
8/31/2026 9:00:00 PM,RTD,8/31/2026 9:05:00 PM,CMIN,Ru,25000,
8/31/2026 9:05:00 PM,RTD,8/31/2026 9:10:00 PM,CVIS,Dr,0,
8/31/2026 9:05:00 PM,RTD,8/31/2026 9:10:00 PM,CMIN,Dr,0,
8/31/2026 9:05:00 PM,RTD,8/31/2026 9:10:00 PM,CLUZ,Dr,5000.08,
8/31/2026 9:05:00 PM,RTD,8/31/2026 9:10:00 PM,CMIN,Fr,25000,
8/31/2026 9:05:00 PM,RTD,8/31/2026 9:10:00 PM,CVIS,Fr,25000,
8/31/2026 9:05:00 PM,RTD,8/31/2026 9:10:00 PM,CLUZ,Fr,1950,
8/31/2026 9:05:00 PM,RTD,8/31/2026 9:10:00 PM,CVIS,Rd,19998,
8/31/2026 9:05:00 PM,RTD,8/31/2026 9:10:00 PM,CMIN,Rd,24999.89,
8/31/2026 9:05:00 PM,RTD,8/31/2026 9:10:00 PM,CLUZ,Rd,450,
8/31/2026 9:05:00 PM,RTD,8/31/2026 9:10:00 PM,CVIS,Ru,25000,
8/31/2026 9:05:00 PM,RTD,8/31/2026 9:10:00 PM,CLUZ,Ru,450,
8/31/2026 9:05:00 PM,RTD,8/31/2026 9:10:00 PM,CMIN,Ru,25000,
8/31/2026 9:10:00 PM,RTD,8/31/2026 9:15:00 PM,CLUZ,Dr,5000.08,
8/31/2026 9:10:00 PM,RTD,8/31/2026 9:15:00 PM,CVIS,Dr,0,
8/31/2026 9:10:00 PM,RTD,8/31/2026 9:15:00 PM,CMIN,Dr,0,
8/31/2026 9:10:00 PM,RTD,8/31/2026 9:15:00 PM,CLUZ,Fr,2925.11,
8/31/2026 9:10:00 PM,RTD,8/31/2026 9:15:00 PM,CVIS,Fr,25000,
8/31/2026 9:10:00 PM,RTD,8/31/2026 9:15:00 PM,CMIN,Fr,25000,
8/31/2026 9:10:00 PM,RTD,8/31/2026 9:15:00 PM,CLUZ,Rd,450,
8/31/2026 9:10:00 PM,RTD,8/31/2026 9:15:00 PM,CMIN,Rd,24999.89,
8/31/2026 9:10:00 PM,RTD,8/31/2026 9:15:00 PM,CVIS,Rd,19998,
8/31/2026 9:10:00 PM,RTD,8/31/2026 9:15:00 PM,CLUZ,Ru,450,
8/31/2026 9:10:00 PM,RTD,8/31/2026 9:15:00 PM,CMIN,Ru,25000,
8/31/2026 9:10:00 PM,RTD,8/31/2026 9:15:00 PM,CVIS,Ru,25000,
8/31/2026 9:15:00 PM,RTD,8/31/2026 9:20:00 PM,CVIS,Dr,0,
8/31/2026 9:15:00 PM,RTD,8/31/2026 9:20:00 PM,CMIN,Dr,0,
8/31/2026 9:15:00 PM,RTD,8/31/2026 9:20:00 PM,CLUZ,Dr,5000.08,
8/31/2026 9:15:00 PM,RTD,8/31/2026 9:20:00 PM,CMIN,Fr,25000,
8/31/2026 9:15:00 PM,RTD,8/31/2026 9:20:00 PM,CVIS,Fr,25000,
8/31/2026 9:15:00 PM,RTD,8/31/2026 9:20:00 PM,CLUZ,Fr,2932.25,
8/31/2026 9:15:00 PM,RTD,8/31/2026 9:20:00 PM,CVIS,Rd,19998,
8/31/2026 9:15:00 PM,RTD,8/31/2026 9:20:00 PM,CMIN,Rd,24999.89,
8/31/2026 9:15:00 PM,RTD,8/31/2026 9:20:00 PM,CLUZ,Rd,450,
8/31/2026 9:15:00 PM,RTD,8/31/2026 9:20:00 PM,CVIS,Ru,25000,
8/31/2026 9:15:00 PM,RTD,8/31/2026 9:20:00 PM,CLUZ,Ru,450,
8/31/2026 9:15:00 PM,RTD,8/31/2026 9:20:00 PM,CMIN,Ru,25000,
8/31/2026 9:20:00 PM,RTD,8/31/2026 9:25:00 PM,CVIS,Dr,0,
8/31/2026 9:20:00 PM,RTD,8/31/2026 9:25:00 PM,CMIN,Dr,0,
8/31/2026 9:20:00 PM,RTD,8/31/2026 9:25:00 PM,CLUZ,Dr,5000.08,
8/31/2026 9:20:00 PM,RTD,8/31/2026 9:25:00 PM,CMIN,Fr,25000,
8/31/2026 9:20:00 PM,RTD,8/31/2026 9:25:00 PM,CVIS,Fr,25000,
8/31/2026 9:20:00 PM,RTD,8/31/2026 9:25:00 PM,CLUZ,Fr,2936.17,
8/31/2026 9:20:00 PM,RTD,8/31/2026 9:25:00 PM,CVIS,Rd,19998,
8/31/2026 9:20:00 PM,RTD,8/31/2026 9:25:00 PM,CMIN,Rd,24999.89,
8/31/2026 9:20:00 PM,RTD,8/31/2026 9:25:00 PM,CLUZ,Rd,450,
8/31/2026 9:20:00 PM,RTD,8/31/2026 9:25:00 PM,CVIS,Ru,25000,
8/31/2026 9:20:00 PM,RTD,8/31/2026 9:25:00 PM,CLUZ,Ru,450,
8/31/2026 9:20:00 PM,RTD,8/31/2026 9:25:00 PM,CMIN,Ru,25000,
8/31/2026 9:25:00 PM,RTD,8/31/2026 9:30:00 PM,CLUZ,Dr,5000.08,
8/31/2026 9:25:00 PM,RTD,8/31/2026 9:30:00 PM,CMIN,Dr,0,
8/31/2026 9:25:00 PM,RTD,8/31/2026 9:30:00 PM,CVIS,Dr,0,
8/31/2026 9:25:00 PM,RTD,8/31/2026 9:30:00 PM,CMIN,Fr,25000,
8/31/2026 9:25:00 PM,RTD,8/31/2026 9:30:00 PM,CVIS,Fr,25000,
8/31/2026 9:25:00 PM,RTD,8/31/2026 9:30:00 PM,CLUZ,Fr,2922.57,
8/31/2026 9:25:00 PM,RTD,8/31/2026 9:30:00 PM,CVIS,Rd,19998,
8/31/2026 9:25:00 PM,RTD,8/31/2026 9:30:00 PM,CLUZ,Rd,450,
8/31/2026 9:25:00 PM,RTD,8/31/2026 9:30:00 PM,CMIN,Rd,24999.89,
8/31/2026 9:25:00 PM,RTD,8/31/2026 9:30:00 PM,CVIS,Ru,25000,
8/31/2026 9:25:00 PM,RTD,8/31/2026 9:30:00 PM,CMIN,Ru,25000,
8/31/2026 9:25:00 PM,RTD,8/31/2026 9:30:00 PM,CLUZ,Ru,450,
8/31/2026 9:30:00 PM,RTD,8/31/2026 9:35:00 PM,CVIS,Dr,0,
8/31/2026 9:30:00 PM,RTD,8/31/2026 9:35:00 PM,CMIN,Dr,0,
8/31/2026 9:30:00 PM,RTD,8/31/2026 9:35:00 PM,CLUZ,Dr,5000.08,
8/31/2026 9:30:00 PM,RTD,8/31/2026 9:35:00 PM,CMIN,Fr,25000,
8/31/2026 9:30:00 PM,RTD,8/31/2026 9:35:00 PM,CVIS,Fr,25000,
8/31/2026 9:30:00 PM,RTD,8/31/2026 9:35:00 PM,CLUZ,Fr,2919.32,
8/31/2026 9:30:00 PM,RTD,8/31/2026 9:35:00 PM,CVIS,Rd,19998,
8/31/2026 9:30:00 PM,RTD,8/31/2026 9:35:00 PM,CMIN,Rd,24999.89,
8/31/2026 9:30:00 PM,RTD,8/31/2026 9:35:00 PM,CLUZ,Rd,450,
8/31/2026 9:30:00 PM,RTD,8/31/2026 9:35:00 PM,CVIS,Ru,25000,
8/31/2026 9:30:00 PM,RTD,8/31/2026 9:35:00 PM,CLUZ,Ru,450,
8/31/2026 9:30:00 PM,RTD,8/31/2026 9:35:00 PM,CMIN,Ru,25000,
8/31/2026 9:35:00 PM,RTD,8/31/2026 9:40:00 PM,CVIS,Dr,0,
8/31/2026 9:35:00 PM,RTD,8/31/2026 9:40:00 PM,CMIN,Dr,0,
8/31/2026 9:35:00 PM,RTD,8/31/2026 9:40:00 PM,CLUZ,Dr,5000.08,
8/31/2026 9:35:00 PM,RTD,8/31/2026 9:40:00 PM,CMIN,Fr,25000,
8/31/2026 9:35:00 PM,RTD,8/31/2026 9:40:00 PM,CVIS,Fr,25000,
8/31/2026 9:35:00 PM,RTD,8/31/2026 9:40:00 PM,CLUZ,Fr,2912.22,
8/31/2026 9:35:00 PM,RTD,8/31/2026 9:40:00 PM,CVIS,Rd,19998,
8/31/2026 9:35:00 PM,RTD,8/31/2026 9:40:00 PM,CMIN,Rd,24999.89,
8/31/2026 9:35:00 PM,RTD,8/31/2026 9:40:00 PM,CLUZ,Rd,450,
8/31/2026 9:35:00 PM,RTD,8/31/2026 9:40:00 PM,CVIS,Ru,25000,
8/31/2026 9:35:00 PM,RTD,8/31/2026 9:40:00 PM,CLUZ,Ru,450,
8/31/2026 9:35:00 PM,RTD,8/31/2026 9:40:00 PM,CMIN,Ru,25000,
8/31/2026 9:40:00 PM,RTD,8/31/2026 9:45:00 PM,CVIS,Dr,0,
8/31/2026 9:40:00 PM,RTD,8/31/2026 9:45:00 PM,CMIN,Dr,0,
8/31/2026 9:40:00 PM,RTD,8/31/2026 9:45:00 PM,CLUZ,Dr,5000.08,
8/31/2026 9:40:00 PM,RTD,8/31/2026 9:45:00 PM,CMIN,Fr,6146.55,
8/31/2026 9:40:00 PM,RTD,8/31/2026 9:45:00 PM,CVIS,Fr,19497.32,
8/31/2026 9:40:00 PM,RTD,8/31/2026 9:45:00 PM,CLUZ,Fr,2905.12,
8/31/2026 9:40:00 PM,RTD,8/31/2026 9:45:00 PM,CVIS,Rd,19998,
8/31/2026 9:40:00 PM,RTD,8/31/2026 9:45:00 PM,CMIN,Rd,24999.89,
8/31/2026 9:40:00 PM,RTD,8/31/2026 9:45:00 PM,CLUZ,Rd,450,
8/31/2026 9:40:00 PM,RTD,8/31/2026 9:45:00 PM,CVIS,Ru,6497.32,
8/31/2026 9:40:00 PM,RTD,8/31/2026 9:45:00 PM,CLUZ,Ru,450,
8/31/2026 9:40:00 PM,RTD,8/31/2026 9:45:00 PM,CMIN,Ru,21414.15,
8/31/2026 9:45:00 PM,RTD,8/31/2026 9:50:00 PM,CVIS,Dr,0,
8/31/2026 9:45:00 PM,RTD,8/31/2026 9:50:00 PM,CMIN,Dr,0,
8/31/2026 9:45:00 PM,RTD,8/31/2026 9:50:00 PM,CLUZ,Dr,5000.08,
8/31/2026 9:45:00 PM,RTD,8/31/2026 9:50:00 PM,CMIN,Fr,25000,
8/31/2026 9:45:00 PM,RTD,8/31/2026 9:50:00 PM,CVIS,Fr,25000,
8/31/2026 9:45:00 PM,RTD,8/31/2026 9:50:00 PM,CLUZ,Fr,1130,
8/31/2026 9:45:00 PM,RTD,8/31/2026 9:50:00 PM,CVIS,Rd,19998,
8/31/2026 9:45:00 PM,RTD,8/31/2026 9:50:00 PM,CMIN,Rd,24999.89,
8/31/2026 9:45:00 PM,RTD,8/31/2026 9:50:00 PM,CLUZ,Rd,450,
8/31/2026 9:45:00 PM,RTD,8/31/2026 9:50:00 PM,CVIS,Ru,25000,
8/31/2026 9:45:00 PM,RTD,8/31/2026 9:50:00 PM,CLUZ,Ru,450,
8/31/2026 9:45:00 PM,RTD,8/31/2026 9:50:00 PM,CMIN,Ru,25000,
8/31/2026 9:50:00 PM,RTD,8/31/2026 9:55:00 PM,CVIS,Dr,0,
8/31/2026 9:50:00 PM,RTD,8/31/2026 9:55:00 PM,CMIN,Dr,0,
8/31/2026 9:50:00 PM,RTD,8/31/2026 9:55:00 PM,CLUZ,Dr,5000.08,
8/31/2026 9:50:00 PM,RTD,8/31/2026 9:55:00 PM,CMIN,Fr,25000,
8/31/2026 9:50:00 PM,RTD,8/31/2026 9:55:00 PM,CVIS,Fr,25000,
8/31/2026 9:50:00 PM,RTD,8/31/2026 9:55:00 PM,CLUZ,Fr,1850,
8/31/2026 9:50:00 PM,RTD,8/31/2026 9:55:00 PM,CVIS,Rd,19998,
8/31/2026 9:50:00 PM,RTD,8/31/2026 9:55:00 PM,CMIN,Rd,24999.89,
8/31/2026 9:50:00 PM,RTD,8/31/2026 9:55:00 PM,CLUZ,Rd,450,
8/31/2026 9:50:00 PM,RTD,8/31/2026 9:55:00 PM,CVIS,Ru,25000,
8/31/2026 9:50:00 PM,RTD,8/31/2026 9:55:00 PM,CLUZ,Ru,450,
8/31/2026 9:50:00 PM,RTD,8/31/2026 9:55:00 PM,CMIN,Ru,25000,
8/31/2026 9:55:00 PM,RTD,8/31/2026 10:00:00 PM,CVIS,Dr,0,
8/31/2026 9:55:00 PM,RTD,8/31/2026 10:00:00 PM,CMIN,Dr,0,
8/31/2026 9:55:00 PM,RTD,8/31/2026 10:00:00 PM,CLUZ,Dr,5000.08,
8/31/2026 9:55:00 PM,RTD,8/31/2026 10:00:00 PM,CMIN,Fr,5000,
8/31/2026 9:55:00 PM,RTD,8/31/2026 10:00:00 PM,CVIS,Fr,25000,
8/31/2026 9:55:00 PM,RTD,8/31/2026 10:00:00 PM,CLUZ,Fr,1130,
8/31/2026 9:55:00 PM,RTD,8/31/2026 10:00:00 PM,CVIS,Rd,19998,
8/31/2026 9:55:00 PM,RTD,8/31/2026 10:00:00 PM,CMIN,Rd,24999.89,
8/31/2026 9:55:00 PM,RTD,8/31/2026 10:00:00 PM,CLUZ,Rd,450,
8/31/2026 9:55:00 PM,RTD,8/31/2026 10:00:00 PM,CVIS,Ru,7742.29,
8/31/2026 9:55:00 PM,RTD,8/31/2026 10:00:00 PM,CLUZ,Ru,100,
8/31/2026 9:55:00 PM,RTD,8/31/2026 10:00:00 PM,CMIN,Ru,6000,
8/31/2026 10:00:00 PM,RTD,8/31/2026 10:05:00 PM,CVIS,Dr,1619.35,
8/31/2026 10:00:00 PM,RTD,8/31/2026 10:05:00 PM,CMIN,Dr,0,
8/31/2026 10:00:00 PM,RTD,8/31/2026 10:05:00 PM,CLUZ,Dr,5000,
8/31/2026 10:00:00 PM,RTD,8/31/2026 10:05:00 PM,CMIN,Fr,5000,
8/31/2026 10:00:00 PM,RTD,8/31/2026 10:05:00 PM,CVIS,Fr,25000,
8/31/2026 10:00:00 PM,RTD,8/31/2026 10:05:00 PM,CLUZ,Fr,1130,
8/31/2026 10:00:00 PM,RTD,8/31/2026 10:05:00 PM,CVIS,Rd,19998,
8/31/2026 10:00:00 PM,RTD,8/31/2026 10:05:00 PM,CMIN,Rd,24999.83,
8/31/2026 10:00:00 PM,RTD,8/31/2026 10:05:00 PM,CLUZ,Rd,450,
8/31/2026 10:00:00 PM,RTD,8/31/2026 10:05:00 PM,CVIS,Ru,25000,
8/31/2026 10:00:00 PM,RTD,8/31/2026 10:05:00 PM,CLUZ,Ru,99,
8/31/2026 10:00:00 PM,RTD,8/31/2026 10:05:00 PM,CMIN,Ru,5996.32,
8/31/2026 10:05:00 PM,RTD,8/31/2026 10:10:00 PM,CVIS,Dr,25000,
8/31/2026 10:05:00 PM,RTD,8/31/2026 10:10:00 PM,CMIN,Dr,23837.51,
8/31/2026 10:05:00 PM,RTD,8/31/2026 10:10:00 PM,CLUZ,Dr,5000,
8/31/2026 10:05:00 PM,RTD,8/31/2026 10:10:00 PM,CMIN,Fr,25000,
8/31/2026 10:05:00 PM,RTD,8/31/2026 10:10:00 PM,CVIS,Fr,25000,
8/31/2026 10:05:00 PM,RTD,8/31/2026 10:10:00 PM,CLUZ,Fr,1130,
8/31/2026 10:05:00 PM,RTD,8/31/2026 10:10:00 PM,CVIS,Rd,19998,
8/31/2026 10:05:00 PM,RTD,8/31/2026 10:10:00 PM,CMIN,Rd,24999.83,
8/31/2026 10:05:00 PM,RTD,8/31/2026 10:10:00 PM,CLUZ,Rd,450,
8/31/2026 10:05:00 PM,RTD,8/31/2026 10:10:00 PM,CVIS,Ru,25000,
8/31/2026 10:05:00 PM,RTD,8/31/2026 10:10:00 PM,CLUZ,Ru,99,
8/31/2026 10:05:00 PM,RTD,8/31/2026 10:10:00 PM,CMIN,Ru,25000,
8/31/2026 10:10:00 PM,RTD,8/31/2026 10:15:00 PM,CVIS,Dr,25000,
8/31/2026 10:10:00 PM,RTD,8/31/2026 10:15:00 PM,CMIN,Dr,17774.98,
8/31/2026 10:10:00 PM,RTD,8/31/2026 10:15:00 PM,CLUZ,Dr,5000,
8/31/2026 10:10:00 PM,RTD,8/31/2026 10:15:00 PM,CMIN,Fr,25000,
8/31/2026 10:10:00 PM,RTD,8/31/2026 10:15:00 PM,CVIS,Fr,25000,
8/31/2026 10:10:00 PM,RTD,8/31/2026 10:15:00 PM,CLUZ,Fr,1130,
8/31/2026 10:10:00 PM,RTD,8/31/2026 10:15:00 PM,CVIS,Rd,19998,
8/31/2026 10:10:00 PM,RTD,8/31/2026 10:15:00 PM,CMIN,Rd,24999.83,
8/31/2026 10:10:00 PM,RTD,8/31/2026 10:15:00 PM,CLUZ,Rd,450,
8/31/2026 10:10:00 PM,RTD,8/31/2026 10:15:00 PM,CVIS,Ru,25000,
8/31/2026 10:10:00 PM,RTD,8/31/2026 10:15:00 PM,CLUZ,Ru,99,
8/31/2026 10:10:00 PM,RTD,8/31/2026 10:15:00 PM,CMIN,Ru,22342.09,
8/31/2026 10:15:00 PM,RTD,8/31/2026 10:20:00 PM,CVIS,Dr,200,
8/31/2026 10:15:00 PM,RTD,8/31/2026 10:20:00 PM,CMIN,Dr,0,
8/31/2026 10:15:00 PM,RTD,8/31/2026 10:20:00 PM,CLUZ,Dr,4999,
8/31/2026 10:15:00 PM,RTD,8/31/2026 10:20:00 PM,CMIN,Fr,16237.85,
8/31/2026 10:15:00 PM,RTD,8/31/2026 10:20:00 PM,CVIS,Fr,23800,
8/31/2026 10:15:00 PM,RTD,8/31/2026 10:20:00 PM,CLUZ,Fr,1130,
8/31/2026 10:15:00 PM,RTD,8/31/2026 10:20:00 PM,CVIS,Rd,19998,
8/31/2026 10:15:00 PM,RTD,8/31/2026 10:20:00 PM,CMIN,Rd,24999.83,
8/31/2026 10:15:00 PM,RTD,8/31/2026 10:20:00 PM,CLUZ,Rd,450,
8/31/2026 10:15:00 PM,RTD,8/31/2026 10:20:00 PM,CVIS,Ru,25000,
8/31/2026 10:15:00 PM,RTD,8/31/2026 10:20:00 PM,CLUZ,Ru,99,
8/31/2026 10:15:00 PM,RTD,8/31/2026 10:20:00 PM,CMIN,Ru,4348.95,
8/31/2026 10:20:00 PM,RTD,8/31/2026 10:25:00 PM,CLUZ,Dr,4999,
8/31/2026 10:20:00 PM,RTD,8/31/2026 10:25:00 PM,CVIS,Dr,257.47,
8/31/2026 10:20:00 PM,RTD,8/31/2026 10:25:00 PM,CMIN,Dr,894.01,
8/31/2026 10:20:00 PM,RTD,8/31/2026 10:25:00 PM,CVIS,Fr,23857.47,
8/31/2026 10:20:00 PM,RTD,8/31/2026 10:25:00 PM,CLUZ,Fr,1130,
8/31/2026 10:20:00 PM,RTD,8/31/2026 10:25:00 PM,CMIN,Fr,16146.56,
8/31/2026 10:20:00 PM,RTD,8/31/2026 10:25:00 PM,CLUZ,Rd,550,
8/31/2026 10:20:00 PM,RTD,8/31/2026 10:25:00 PM,CVIS,Rd,19998,
8/31/2026 10:20:00 PM,RTD,8/31/2026 10:25:00 PM,CMIN,Rd,24999.83,
8/31/2026 10:20:00 PM,RTD,8/31/2026 10:25:00 PM,CLUZ,Ru,550,
8/31/2026 10:20:00 PM,RTD,8/31/2026 10:25:00 PM,CMIN,Ru,21270.85,
8/31/2026 10:20:00 PM,RTD,8/31/2026 10:25:00 PM,CVIS,Ru,25000,
8/31/2026 10:25:00 PM,RTD,8/31/2026 10:30:00 PM,CVIS,Dr,2319.47,
8/31/2026 10:25:00 PM,RTD,8/31/2026 10:30:00 PM,CMIN,Dr,998.10,
8/31/2026 10:25:00 PM,RTD,8/31/2026 10:30:00 PM,CLUZ,Dr,4999,
8/31/2026 10:25:00 PM,RTD,8/31/2026 10:30:00 PM,CMIN,Fr,16240.23,
8/31/2026 10:25:00 PM,RTD,8/31/2026 10:30:00 PM,CVIS,Fr,23650.91,
8/31/2026 10:25:00 PM,RTD,8/31/2026 10:30:00 PM,CLUZ,Fr,1130,
8/31/2026 10:25:00 PM,RTD,8/31/2026 10:30:00 PM,CVIS,Rd,19998,
8/31/2026 10:25:00 PM,RTD,8/31/2026 10:30:00 PM,CMIN,Rd,24999.83,
8/31/2026 10:25:00 PM,RTD,8/31/2026 10:30:00 PM,CLUZ,Rd,450,
8/31/2026 10:25:00 PM,RTD,8/31/2026 10:30:00 PM,CVIS,Ru,25000,
8/31/2026 10:25:00 PM,RTD,8/31/2026 10:30:00 PM,CLUZ,Ru,550,
8/31/2026 10:25:00 PM,RTD,8/31/2026 10:30:00 PM,CMIN,Ru,21334.03,
8/31/2026 10:30:00 PM,RTD,8/31/2026 10:35:00 PM,CVIS,Dr,8187.66,
8/31/2026 10:30:00 PM,RTD,8/31/2026 10:35:00 PM,CMIN,Dr,2662.25,
8/31/2026 10:30:00 PM,RTD,8/31/2026 10:35:00 PM,CLUZ,Dr,4999,
8/31/2026 10:30:00 PM,RTD,8/31/2026 10:35:00 PM,CMIN,Fr,16189.84,
8/31/2026 10:30:00 PM,RTD,8/31/2026 10:35:00 PM,CVIS,Fr,25000,
8/31/2026 10:30:00 PM,RTD,8/31/2026 10:35:00 PM,CLUZ,Fr,1130,
8/31/2026 10:30:00 PM,RTD,8/31/2026 10:35:00 PM,CVIS,Rd,19998,
8/31/2026 10:30:00 PM,RTD,8/31/2026 10:35:00 PM,CMIN,Rd,24999.83,
8/31/2026 10:30:00 PM,RTD,8/31/2026 10:35:00 PM,CLUZ,Rd,450,
8/31/2026 10:30:00 PM,RTD,8/31/2026 10:35:00 PM,CVIS,Ru,25000,
8/31/2026 10:30:00 PM,RTD,8/31/2026 10:35:00 PM,CLUZ,Ru,550,
8/31/2026 10:30:00 PM,RTD,8/31/2026 10:35:00 PM,CMIN,Ru,21220.05,
8/31/2026 10:35:00 PM,RTD,8/31/2026 10:40:00 PM,CVIS,Dr,8164.17,
8/31/2026 10:35:00 PM,RTD,8/31/2026 10:40:00 PM,CMIN,Dr,2984.86,
8/31/2026 10:35:00 PM,RTD,8/31/2026 10:40:00 PM,CLUZ,Dr,4999,
8/31/2026 10:35:00 PM,RTD,8/31/2026 10:40:00 PM,CMIN,Fr,16199.83,
8/31/2026 10:35:00 PM,RTD,8/31/2026 10:40:00 PM,CVIS,Fr,25000,
8/31/2026 10:35:00 PM,RTD,8/31/2026 10:40:00 PM,CLUZ,Fr,1130,
8/31/2026 10:35:00 PM,RTD,8/31/2026 10:40:00 PM,CVIS,Rd,19998,
8/31/2026 10:35:00 PM,RTD,8/31/2026 10:40:00 PM,CMIN,Rd,24999.83,
8/31/2026 10:35:00 PM,RTD,8/31/2026 10:40:00 PM,CLUZ,Rd,450,
8/31/2026 10:35:00 PM,RTD,8/31/2026 10:40:00 PM,CVIS,Ru,25000,
8/31/2026 10:35:00 PM,RTD,8/31/2026 10:40:00 PM,CLUZ,Ru,550,
8/31/2026 10:35:00 PM,RTD,8/31/2026 10:40:00 PM,CMIN,Ru,21255.93,
8/31/2026 10:40:00 PM,RTD,8/31/2026 10:45:00 PM,CVIS,Dr,8181.32,
8/31/2026 10:40:00 PM,RTD,8/31/2026 10:45:00 PM,CMIN,Dr,3925.17,
8/31/2026 10:40:00 PM,RTD,8/31/2026 10:45:00 PM,CLUZ,Dr,4999,
8/31/2026 10:40:00 PM,RTD,8/31/2026 10:45:00 PM,CMIN,Fr,16275.19,
8/31/2026 10:40:00 PM,RTD,8/31/2026 10:45:00 PM,CVIS,Fr,25000,
8/31/2026 10:40:00 PM,RTD,8/31/2026 10:45:00 PM,CLUZ,Fr,1130,
8/31/2026 10:40:00 PM,RTD,8/31/2026 10:45:00 PM,CVIS,Rd,19998,
8/31/2026 10:40:00 PM,RTD,8/31/2026 10:45:00 PM,CMIN,Rd,24999.83,
8/31/2026 10:40:00 PM,RTD,8/31/2026 10:45:00 PM,CLUZ,Rd,450,
8/31/2026 10:40:00 PM,RTD,8/31/2026 10:45:00 PM,CVIS,Ru,25000,
8/31/2026 10:40:00 PM,RTD,8/31/2026 10:45:00 PM,CLUZ,Ru,550,
8/31/2026 10:40:00 PM,RTD,8/31/2026 10:45:00 PM,CMIN,Ru,21441.70,
8/31/2026 10:45:00 PM,RTD,8/31/2026 10:50:00 PM,CLUZ,Dr,4999,
8/31/2026 10:45:00 PM,RTD,8/31/2026 10:50:00 PM,CMIN,Dr,25000,
8/31/2026 10:45:00 PM,RTD,8/31/2026 10:50:00 PM,CVIS,Dr,25000,
8/31/2026 10:45:00 PM,RTD,8/31/2026 10:50:00 PM,CLUZ,Fr,1100,
8/31/2026 10:45:00 PM,RTD,8/31/2026 10:50:00 PM,CVIS,Fr,25000,
8/31/2026 10:45:00 PM,RTD,8/31/2026 10:50:00 PM,CMIN,Fr,25000,
8/31/2026 10:45:00 PM,RTD,8/31/2026 10:50:00 PM,CLUZ,Rd,450,
8/31/2026 10:45:00 PM,RTD,8/31/2026 10:50:00 PM,CVIS,Rd,19998,
8/31/2026 10:45:00 PM,RTD,8/31/2026 10:50:00 PM,CMIN,Rd,24999.83,
8/31/2026 10:45:00 PM,RTD,8/31/2026 10:50:00 PM,CLUZ,Ru,550,
8/31/2026 10:45:00 PM,RTD,8/31/2026 10:50:00 PM,CVIS,Ru,25000,
8/31/2026 10:45:00 PM,RTD,8/31/2026 10:50:00 PM,CMIN,Ru,25000,
8/31/2026 10:50:00 PM,RTD,8/31/2026 10:55:00 PM,CVIS,Dr,200,
8/31/2026 10:50:00 PM,RTD,8/31/2026 10:55:00 PM,CMIN,Dr,0,
8/31/2026 10:50:00 PM,RTD,8/31/2026 10:55:00 PM,CLUZ,Dr,4999,
8/31/2026 10:50:00 PM,RTD,8/31/2026 10:55:00 PM,CLUZ,Fr,1130,
8/31/2026 10:50:00 PM,RTD,8/31/2026 10:55:00 PM,CVIS,Fr,25000,
8/31/2026 10:50:00 PM,RTD,8/31/2026 10:55:00 PM,CMIN,Fr,25000,
8/31/2026 10:50:00 PM,RTD,8/31/2026 10:55:00 PM,CMIN,Rd,24999.83,
8/31/2026 10:50:00 PM,RTD,8/31/2026 10:55:00 PM,CLUZ,Rd,450,
8/31/2026 10:50:00 PM,RTD,8/31/2026 10:55:00 PM,CVIS,Rd,19998,
8/31/2026 10:50:00 PM,RTD,8/31/2026 10:55:00 PM,CMIN,Ru,25000,
8/31/2026 10:50:00 PM,RTD,8/31/2026 10:55:00 PM,CVIS,Ru,25000,
8/31/2026 10:50:00 PM,RTD,8/31/2026 10:55:00 PM,CLUZ,Ru,550,
8/31/2026 10:55:00 PM,RTD,8/31/2026 11:00:00 PM,CLUZ,Dr,4999,
8/31/2026 10:55:00 PM,RTD,8/31/2026 11:00:00 PM,CMIN,Dr,0,
8/31/2026 10:55:00 PM,RTD,8/31/2026 11:00:00 PM,CVIS,Dr,200,
8/31/2026 10:55:00 PM,RTD,8/31/2026 11:00:00 PM,CMIN,Fr,16329.05,
8/31/2026 10:55:00 PM,RTD,8/31/2026 11:00:00 PM,CLUZ,Fr,1130,
8/31/2026 10:55:00 PM,RTD,8/31/2026 11:00:00 PM,CVIS,Fr,25000,
8/31/2026 10:55:00 PM,RTD,8/31/2026 11:00:00 PM,CVIS,Rd,19998,
8/31/2026 10:55:00 PM,RTD,8/31/2026 11:00:00 PM,CMIN,Rd,24999.83,
8/31/2026 10:55:00 PM,RTD,8/31/2026 11:00:00 PM,CLUZ,Rd,450,
8/31/2026 10:55:00 PM,RTD,8/31/2026 11:00:00 PM,CVIS,Ru,25000,
8/31/2026 10:55:00 PM,RTD,8/31/2026 11:00:00 PM,CLUZ,Ru,550,
8/31/2026 10:55:00 PM,RTD,8/31/2026 11:00:00 PM,CMIN,Ru,21213.57,
8/31/2026 11:00:00 PM,RTD,8/31/2026 11:05:00 PM,CLUZ,Dr,2000.08,
8/31/2026 11:00:00 PM,RTD,8/31/2026 11:05:00 PM,CVIS,Dr,8127.54,
8/31/2026 11:00:00 PM,RTD,8/31/2026 11:05:00 PM,CMIN,Dr,2922.53,
8/31/2026 11:00:00 PM,RTD,8/31/2026 11:05:00 PM,CVIS,Fr,25000,
8/31/2026 11:00:00 PM,RTD,8/31/2026 11:05:00 PM,CLUZ,Fr,1100,
8/31/2026 11:00:00 PM,RTD,8/31/2026 11:05:00 PM,CMIN,Fr,16203.25,
8/31/2026 11:00:00 PM,RTD,8/31/2026 11:05:00 PM,CLUZ,Rd,450,
8/31/2026 11:00:00 PM,RTD,8/31/2026 11:05:00 PM,CVIS,Rd,19998,
8/31/2026 11:00:00 PM,RTD,8/31/2026 11:05:00 PM,CMIN,Rd,24999.83,
8/31/2026 11:00:00 PM,RTD,8/31/2026 11:05:00 PM,CLUZ,Ru,499,
8/31/2026 11:00:00 PM,RTD,8/31/2026 11:05:00 PM,CMIN,Ru,21007.50,
8/31/2026 11:00:00 PM,RTD,8/31/2026 11:05:00 PM,CVIS,Ru,20645.79,
8/31/2026 11:05:00 PM,RTD,8/31/2026 11:10:00 PM,CVIS,Dr,25000,
8/31/2026 11:05:00 PM,RTD,8/31/2026 11:10:00 PM,CMIN,Dr,24983.39,
8/31/2026 11:05:00 PM,RTD,8/31/2026 11:10:00 PM,CLUZ,Dr,2000.08,
8/31/2026 11:05:00 PM,RTD,8/31/2026 11:10:00 PM,CMIN,Fr,25000,
8/31/2026 11:05:00 PM,RTD,8/31/2026 11:10:00 PM,CVIS,Fr,25000,
8/31/2026 11:05:00 PM,RTD,8/31/2026 11:10:00 PM,CLUZ,Fr,1100,
8/31/2026 11:05:00 PM,RTD,8/31/2026 11:10:00 PM,CVIS,Rd,19998,
8/31/2026 11:05:00 PM,RTD,8/31/2026 11:10:00 PM,CMIN,Rd,24999.83,
8/31/2026 11:05:00 PM,RTD,8/31/2026 11:10:00 PM,CLUZ,Rd,450,
8/31/2026 11:05:00 PM,RTD,8/31/2026 11:10:00 PM,CVIS,Ru,25000,
8/31/2026 11:05:00 PM,RTD,8/31/2026 11:10:00 PM,CLUZ,Ru,499,
8/31/2026 11:05:00 PM,RTD,8/31/2026 11:10:00 PM,CMIN,Ru,24999.83,
8/31/2026 11:10:00 PM,RTD,8/31/2026 11:15:00 PM,CVIS,Dr,25000,
8/31/2026 11:10:00 PM,RTD,8/31/2026 11:15:00 PM,CMIN,Dr,24439.67,
8/31/2026 11:10:00 PM,RTD,8/31/2026 11:15:00 PM,CLUZ,Dr,200,
8/31/2026 11:10:00 PM,RTD,8/31/2026 11:15:00 PM,CMIN,Fr,25000,
8/31/2026 11:10:00 PM,RTD,8/31/2026 11:15:00 PM,CVIS,Fr,25000,
8/31/2026 11:10:00 PM,RTD,8/31/2026 11:15:00 PM,CLUZ,Fr,1100,
8/31/2026 11:10:00 PM,RTD,8/31/2026 11:15:00 PM,CVIS,Rd,19998,
8/31/2026 11:10:00 PM,RTD,8/31/2026 11:15:00 PM,CMIN,Rd,24999.83,
8/31/2026 11:10:00 PM,RTD,8/31/2026 11:15:00 PM,CLUZ,Rd,450,
8/31/2026 11:10:00 PM,RTD,8/31/2026 11:15:00 PM,CVIS,Ru,25000,
8/31/2026 11:10:00 PM,RTD,8/31/2026 11:15:00 PM,CLUZ,Ru,550,
8/31/2026 11:10:00 PM,RTD,8/31/2026 11:15:00 PM,CMIN,Ru,25000,
8/31/2026 11:15:00 PM,RTD,8/31/2026 11:20:00 PM,CVIS,Dr,25000,
8/31/2026 11:15:00 PM,RTD,8/31/2026 11:20:00 PM,CMIN,Dr,25000,
8/31/2026 11:15:00 PM,RTD,8/31/2026 11:20:00 PM,CLUZ,Dr,200,
8/31/2026 11:15:00 PM,RTD,8/31/2026 11:20:00 PM,CMIN,Fr,25000,
8/31/2026 11:15:00 PM,RTD,8/31/2026 11:20:00 PM,CVIS,Fr,25000,
8/31/2026 11:15:00 PM,RTD,8/31/2026 11:20:00 PM,CLUZ,Fr,1110.84,
8/31/2026 11:15:00 PM,RTD,8/31/2026 11:20:00 PM,CVIS,Rd,19998,
8/31/2026 11:15:00 PM,RTD,8/31/2026 11:20:00 PM,CMIN,Rd,24999.83,
8/31/2026 11:15:00 PM,RTD,8/31/2026 11:20:00 PM,CLUZ,Rd,450,
8/31/2026 11:15:00 PM,RTD,8/31/2026 11:20:00 PM,CVIS,Ru,25000,
8/31/2026 11:15:00 PM,RTD,8/31/2026 11:20:00 PM,CLUZ,Ru,550,
8/31/2026 11:15:00 PM,RTD,8/31/2026 11:20:00 PM,CMIN,Ru,24999.83,
8/31/2026 11:20:00 PM,RTD,8/31/2026 11:25:00 PM,CVIS,Dr,25000,
8/31/2026 11:20:00 PM,RTD,8/31/2026 11:25:00 PM,CMIN,Dr,25000,
8/31/2026 11:20:00 PM,RTD,8/31/2026 11:25:00 PM,CLUZ,Dr,200,
8/31/2026 11:20:00 PM,RTD,8/31/2026 11:25:00 PM,CMIN,Fr,25000,
8/31/2026 11:20:00 PM,RTD,8/31/2026 11:25:00 PM,CVIS,Fr,25000,
8/31/2026 11:20:00 PM,RTD,8/31/2026 11:25:00 PM,CLUZ,Fr,1100,
8/31/2026 11:20:00 PM,RTD,8/31/2026 11:25:00 PM,CVIS,Rd,19998,
8/31/2026 11:20:00 PM,RTD,8/31/2026 11:25:00 PM,CMIN,Rd,24999.83,
8/31/2026 11:20:00 PM,RTD,8/31/2026 11:25:00 PM,CLUZ,Rd,450,
8/31/2026 11:20:00 PM,RTD,8/31/2026 11:25:00 PM,CVIS,Ru,25000,
8/31/2026 11:20:00 PM,RTD,8/31/2026 11:25:00 PM,CLUZ,Ru,550,
8/31/2026 11:20:00 PM,RTD,8/31/2026 11:25:00 PM,CMIN,Ru,25000,
8/31/2026 11:25:00 PM,RTD,8/31/2026 11:30:00 PM,CVIS,Dr,25000,
8/31/2026 11:25:00 PM,RTD,8/31/2026 11:30:00 PM,CMIN,Dr,25000,
8/31/2026 11:25:00 PM,RTD,8/31/2026 11:30:00 PM,CLUZ,Dr,200,
8/31/2026 11:25:00 PM,RTD,8/31/2026 11:30:00 PM,CMIN,Fr,25000,
8/31/2026 11:25:00 PM,RTD,8/31/2026 11:30:00 PM,CVIS,Fr,25000,
8/31/2026 11:25:00 PM,RTD,8/31/2026 11:30:00 PM,CLUZ,Fr,1100,
8/31/2026 11:25:00 PM,RTD,8/31/2026 11:30:00 PM,CVIS,Rd,19998,
8/31/2026 11:25:00 PM,RTD,8/31/2026 11:30:00 PM,CMIN,Rd,24999.83,
8/31/2026 11:25:00 PM,RTD,8/31/2026 11:30:00 PM,CLUZ,Rd,450,
8/31/2026 11:25:00 PM,RTD,8/31/2026 11:30:00 PM,CVIS,Ru,25000,
8/31/2026 11:25:00 PM,RTD,8/31/2026 11:30:00 PM,CLUZ,Ru,550,
8/31/2026 11:25:00 PM,RTD,8/31/2026 11:30:00 PM,CMIN,Ru,24999.83,
8/31/2026 11:30:00 PM,RTD,8/31/2026 11:35:00 PM,CMIN,Dr,10336.99,
8/31/2026 11:30:00 PM,RTD,8/31/2026 11:35:00 PM,CVIS,Dr,12753.53,
8/31/2026 11:30:00 PM,RTD,8/31/2026 11:35:00 PM,CLUZ,Dr,2000.08,
8/31/2026 11:30:00 PM,RTD,8/31/2026 11:35:00 PM,CVIS,Fr,25000,
8/31/2026 11:30:00 PM,RTD,8/31/2026 11:35:00 PM,CMIN,Fr,16363.75,
8/31/2026 11:30:00 PM,RTD,8/31/2026 11:35:00 PM,CLUZ,Fr,1100,
8/31/2026 11:30:00 PM,RTD,8/31/2026 11:35:00 PM,CMIN,Rd,24999.83,
8/31/2026 11:30:00 PM,RTD,8/31/2026 11:35:00 PM,CVIS,Rd,19998,
8/31/2026 11:30:00 PM,RTD,8/31/2026 11:35:00 PM,CLUZ,Rd,450,
8/31/2026 11:30:00 PM,RTD,8/31/2026 11:35:00 PM,CMIN,Ru,25000,
8/31/2026 11:30:00 PM,RTD,8/31/2026 11:35:00 PM,CVIS,Ru,20883.51,
8/31/2026 11:30:00 PM,RTD,8/31/2026 11:35:00 PM,CLUZ,Ru,550,
8/31/2026 11:35:00 PM,RTD,8/31/2026 11:40:00 PM,CVIS,Dr,25000,
8/31/2026 11:35:00 PM,RTD,8/31/2026 11:40:00 PM,CMIN,Dr,25000,
8/31/2026 11:35:00 PM,RTD,8/31/2026 11:40:00 PM,CLUZ,Dr,2000.08,
8/31/2026 11:35:00 PM,RTD,8/31/2026 11:40:00 PM,CMIN,Fr,25000,
8/31/2026 11:35:00 PM,RTD,8/31/2026 11:40:00 PM,CVIS,Fr,25000,
8/31/2026 11:35:00 PM,RTD,8/31/2026 11:40:00 PM,CLUZ,Fr,1100,
8/31/2026 11:35:00 PM,RTD,8/31/2026 11:40:00 PM,CVIS,Rd,19998,
8/31/2026 11:35:00 PM,RTD,8/31/2026 11:40:00 PM,CMIN,Rd,24999.83,
8/31/2026 11:35:00 PM,RTD,8/31/2026 11:40:00 PM,CLUZ,Rd,450,
8/31/2026 11:35:00 PM,RTD,8/31/2026 11:40:00 PM,CVIS,Ru,25000,
8/31/2026 11:35:00 PM,RTD,8/31/2026 11:40:00 PM,CLUZ,Ru,550,
8/31/2026 11:35:00 PM,RTD,8/31/2026 11:40:00 PM,CMIN,Ru,25000,
8/31/2026 11:40:00 PM,RTD,8/31/2026 11:45:00 PM,CMIN,Dr,25000,
8/31/2026 11:40:00 PM,RTD,8/31/2026 11:45:00 PM,CLUZ,Dr,2000.08,
8/31/2026 11:40:00 PM,RTD,8/31/2026 11:45:00 PM,CVIS,Dr,25000,
8/31/2026 11:40:00 PM,RTD,8/31/2026 11:45:00 PM,CLUZ,Fr,1100,
8/31/2026 11:40:00 PM,RTD,8/31/2026 11:45:00 PM,CMIN,Fr,25000,
8/31/2026 11:40:00 PM,RTD,8/31/2026 11:45:00 PM,CVIS,Fr,25000,
8/31/2026 11:40:00 PM,RTD,8/31/2026 11:45:00 PM,CMIN,Rd,24999.83,
8/31/2026 11:40:00 PM,RTD,8/31/2026 11:45:00 PM,CLUZ,Rd,450,
8/31/2026 11:40:00 PM,RTD,8/31/2026 11:45:00 PM,CVIS,Rd,19998,
8/31/2026 11:40:00 PM,RTD,8/31/2026 11:45:00 PM,CMIN,Ru,25000,
8/31/2026 11:40:00 PM,RTD,8/31/2026 11:45:00 PM,CVIS,Ru,25000,
8/31/2026 11:40:00 PM,RTD,8/31/2026 11:45:00 PM,CLUZ,Ru,550,
8/31/2026 11:45:00 PM,RTD,8/31/2026 11:50:00 PM,CVIS,Dr,25000,
8/31/2026 11:45:00 PM,RTD,8/31/2026 11:50:00 PM,CMIN,Dr,25000,
8/31/2026 11:45:00 PM,RTD,8/31/2026 11:50:00 PM,CLUZ,Dr,2000.08,
8/31/2026 11:45:00 PM,RTD,8/31/2026 11:50:00 PM,CMIN,Fr,25000,
8/31/2026 11:45:00 PM,RTD,8/31/2026 11:50:00 PM,CVIS,Fr,25000,
8/31/2026 11:45:00 PM,RTD,8/31/2026 11:50:00 PM,CLUZ,Fr,1100,
8/31/2026 11:45:00 PM,RTD,8/31/2026 11:50:00 PM,CVIS,Rd,19998,
8/31/2026 11:45:00 PM,RTD,8/31/2026 11:50:00 PM,CMIN,Rd,24999.83,
8/31/2026 11:45:00 PM,RTD,8/31/2026 11:50:00 PM,CLUZ,Rd,450,
8/31/2026 11:45:00 PM,RTD,8/31/2026 11:50:00 PM,CVIS,Ru,25000,
8/31/2026 11:45:00 PM,RTD,8/31/2026 11:50:00 PM,CLUZ,Ru,550,
8/31/2026 11:45:00 PM,RTD,8/31/2026 11:50:00 PM,CMIN,Ru,25000,
8/31/2026 11:50:00 PM,RTD,8/31/2026 11:55:00 PM,CVIS,Dr,8000,
8/31/2026 11:50:00 PM,RTD,8/31/2026 11:55:00 PM,CMIN,Dr,13442.66,
8/31/2026 11:50:00 PM,RTD,8/31/2026 11:55:00 PM,CLUZ,Dr,2000.08,
8/31/2026 11:50:00 PM,RTD,8/31/2026 11:55:00 PM,CMIN,Fr,15434.21,
8/31/2026 11:50:00 PM,RTD,8/31/2026 11:55:00 PM,CVIS,Fr,25000,
8/31/2026 11:50:00 PM,RTD,8/31/2026 11:55:00 PM,CLUZ,Fr,1100,
8/31/2026 11:50:00 PM,RTD,8/31/2026 11:55:00 PM,CVIS,Rd,19998,
8/31/2026 11:50:00 PM,RTD,8/31/2026 11:55:00 PM,CMIN,Rd,24999.83,
8/31/2026 11:50:00 PM,RTD,8/31/2026 11:55:00 PM,CLUZ,Rd,450,
8/31/2026 11:50:00 PM,RTD,8/31/2026 11:55:00 PM,CVIS,Ru,19999,
8/31/2026 11:50:00 PM,RTD,8/31/2026 11:55:00 PM,CLUZ,Ru,550,
8/31/2026 11:50:00 PM,RTD,8/31/2026 11:55:00 PM,CMIN,Ru,24999.89,
8/31/2026 11:55:00 PM,RTD,9/1/2026,CVIS,Dr,8000,
8/31/2026 11:55:00 PM,RTD,9/1/2026,CMIN,Dr,13387.31,
8/31/2026 11:55:00 PM,RTD,9/1/2026,CLUZ,Dr,2000.08,
8/31/2026 11:55:00 PM,RTD,9/1/2026,CMIN,Fr,15269.89,
8/31/2026 11:55:00 PM,RTD,9/1/2026,CVIS,Fr,25000,
8/31/2026 11:55:00 PM,RTD,9/1/2026,CLUZ,Fr,1100,
8/31/2026 11:55:00 PM,RTD,9/1/2026,CVIS,Rd,19998,
8/31/2026 11:55:00 PM,RTD,9/1/2026,CMIN,Rd,24999.83,
8/31/2026 11:55:00 PM,RTD,9/1/2026,CLUZ,Rd,450,
8/31/2026 11:55:00 PM,RTD,9/1/2026,CVIS,Ru,19999,
8/31/2026 11:55:00 PM,RTD,9/1/2026,CLUZ,Ru,550,
8/31/2026 11:55:00 PM,RTD,9/1/2026,CMIN,Ru,19555.91,
EOF
