RUN_TIME,MKT_TYPE,TIME_INTERVAL,REGION_NAME,COMMODITY_TYPE,PRICE,
7/31/2026,RTD,7/31/2026 12:05:00 AM,CVIS,Dr,200,
7/31/2026,RTD,7/31/2026 12:05:00 AM,CMIN,Dr,0,
7/31/2026,RTD,7/31/2026 12:05:00 AM,CLUZ,Dr,800,
7/31/2026,RTD,7/31/2026 12:05:00 AM,CLUZ,Fr,3080.33,
7/31/2026,RTD,7/31/2026 12:05:00 AM,CVIS,Fr,14000,
7/31/2026,RTD,7/31/2026 12:05:00 AM,CMIN,Fr,3250,
7/31/2026,RTD,7/31/2026 12:05:00 AM,CLUZ,Rd,550,
7/31/2026,RTD,7/31/2026 12:05:00 AM,CVIS,Rd,19998,
7/31/2026,RTD,7/31/2026 12:05:00 AM,CMIN,Rd,24999.83,
7/31/2026,RTD,7/31/2026 12:05:00 AM,CVIS,Ru,19998,
7/31/2026,RTD,7/31/2026 12:05:00 AM,CMIN,Ru,24999.83,
7/31/2026,RTD,7/31/2026 12:05:00 AM,CLUZ,Ru,550,
7/31/2026 12:05:00 AM,RTD,7/31/2026 12:10:00 AM,CVIS,Dr,200,
7/31/2026 12:05:00 AM,RTD,7/31/2026 12:10:00 AM,CLUZ,Dr,800,
7/31/2026 12:05:00 AM,RTD,7/31/2026 12:10:00 AM,CMIN,Dr,0,
7/31/2026 12:05:00 AM,RTD,7/31/2026 12:10:00 AM,CLUZ,Fr,2250,
7/31/2026 12:05:00 AM,RTD,7/31/2026 12:10:00 AM,CMIN,Fr,3250,
7/31/2026 12:05:00 AM,RTD,7/31/2026 12:10:00 AM,CVIS,Fr,14000,
7/31/2026 12:05:00 AM,RTD,7/31/2026 12:10:00 AM,CVIS,Rd,19998,
7/31/2026 12:05:00 AM,RTD,7/31/2026 12:10:00 AM,CLUZ,Rd,550,
7/31/2026 12:05:00 AM,RTD,7/31/2026 12:10:00 AM,CMIN,Rd,24999.83,
7/31/2026 12:05:00 AM,RTD,7/31/2026 12:10:00 AM,CVIS,Ru,19998,
7/31/2026 12:05:00 AM,RTD,7/31/2026 12:10:00 AM,CMIN,Ru,24999.83,
7/31/2026 12:05:00 AM,RTD,7/31/2026 12:10:00 AM,CLUZ,Ru,550,
7/31/2026 12:10:00 AM,RTD,7/31/2026 12:15:00 AM,CMIN,Dr,0,
7/31/2026 12:10:00 AM,RTD,7/31/2026 12:15:00 AM,CVIS,Dr,200,
7/31/2026 12:10:00 AM,RTD,7/31/2026 12:15:00 AM,CLUZ,Dr,800,
7/31/2026 12:10:00 AM,RTD,7/31/2026 12:15:00 AM,CMIN,Fr,3250,
7/31/2026 12:10:00 AM,RTD,7/31/2026 12:15:00 AM,CLUZ,Fr,2250,
7/31/2026 12:10:00 AM,RTD,7/31/2026 12:15:00 AM,CVIS,Fr,14000,
7/31/2026 12:10:00 AM,RTD,7/31/2026 12:15:00 AM,CVIS,Rd,19998,
7/31/2026 12:10:00 AM,RTD,7/31/2026 12:15:00 AM,CMIN,Rd,24999.83,
7/31/2026 12:10:00 AM,RTD,7/31/2026 12:15:00 AM,CLUZ,Rd,1000,
7/31/2026 12:10:00 AM,RTD,7/31/2026 12:15:00 AM,CVIS,Ru,19998,
7/31/2026 12:10:00 AM,RTD,7/31/2026 12:15:00 AM,CLUZ,Ru,1000,
7/31/2026 12:10:00 AM,RTD,7/31/2026 12:15:00 AM,CMIN,Ru,24999.83,
7/31/2026 12:15:00 AM,RTD,7/31/2026 12:20:00 AM,CLUZ,Dr,800,
7/31/2026 12:15:00 AM,RTD,7/31/2026 12:20:00 AM,CVIS,Dr,200,
7/31/2026 12:15:00 AM,RTD,7/31/2026 12:20:00 AM,CMIN,Dr,0,
7/31/2026 12:15:00 AM,RTD,7/31/2026 12:20:00 AM,CVIS,Fr,14000,
7/31/2026 12:15:00 AM,RTD,7/31/2026 12:20:00 AM,CLUZ,Fr,2150,
7/31/2026 12:15:00 AM,RTD,7/31/2026 12:20:00 AM,CMIN,Fr,3250,
7/31/2026 12:15:00 AM,RTD,7/31/2026 12:20:00 AM,CVIS,Rd,19998,
7/31/2026 12:15:00 AM,RTD,7/31/2026 12:20:00 AM,CMIN,Rd,24999.83,
7/31/2026 12:15:00 AM,RTD,7/31/2026 12:20:00 AM,CLUZ,Rd,1000,
7/31/2026 12:15:00 AM,RTD,7/31/2026 12:20:00 AM,CLUZ,Ru,1000,
7/31/2026 12:15:00 AM,RTD,7/31/2026 12:20:00 AM,CMIN,Ru,24999.83,
7/31/2026 12:15:00 AM,RTD,7/31/2026 12:20:00 AM,CVIS,Ru,19998,
7/31/2026 12:20:00 AM,RTD,7/31/2026 12:25:00 AM,CLUZ,Dr,800,
7/31/2026 12:20:00 AM,RTD,7/31/2026 12:25:00 AM,CMIN,Dr,0,
7/31/2026 12:20:00 AM,RTD,7/31/2026 12:25:00 AM,CVIS,Dr,200,
7/31/2026 12:20:00 AM,RTD,7/31/2026 12:25:00 AM,CVIS,Fr,14000,
7/31/2026 12:20:00 AM,RTD,7/31/2026 12:25:00 AM,CMIN,Fr,3250,
7/31/2026 12:20:00 AM,RTD,7/31/2026 12:25:00 AM,CLUZ,Fr,2050,
7/31/2026 12:20:00 AM,RTD,7/31/2026 12:25:00 AM,CVIS,Rd,19998,
7/31/2026 12:20:00 AM,RTD,7/31/2026 12:25:00 AM,CMIN,Rd,24999.83,
7/31/2026 12:20:00 AM,RTD,7/31/2026 12:25:00 AM,CLUZ,Rd,1000,
7/31/2026 12:20:00 AM,RTD,7/31/2026 12:25:00 AM,CLUZ,Ru,1000,
7/31/2026 12:20:00 AM,RTD,7/31/2026 12:25:00 AM,CMIN,Ru,24999.83,
7/31/2026 12:20:00 AM,RTD,7/31/2026 12:25:00 AM,CVIS,Ru,19998,
7/31/2026 12:25:00 AM,RTD,7/31/2026 12:30:00 AM,CLUZ,Dr,800,
7/31/2026 12:25:00 AM,RTD,7/31/2026 12:30:00 AM,CMIN,Dr,0,
7/31/2026 12:25:00 AM,RTD,7/31/2026 12:30:00 AM,CVIS,Dr,200,
7/31/2026 12:25:00 AM,RTD,7/31/2026 12:30:00 AM,CMIN,Fr,3250,
7/31/2026 12:25:00 AM,RTD,7/31/2026 12:30:00 AM,CLUZ,Fr,2000,
7/31/2026 12:25:00 AM,RTD,7/31/2026 12:30:00 AM,CVIS,Fr,14000,
7/31/2026 12:25:00 AM,RTD,7/31/2026 12:30:00 AM,CLUZ,Rd,14999,
7/31/2026 12:25:00 AM,RTD,7/31/2026 12:30:00 AM,CMIN,Rd,24999.83,
7/31/2026 12:25:00 AM,RTD,7/31/2026 12:30:00 AM,CVIS,Rd,19998,
7/31/2026 12:25:00 AM,RTD,7/31/2026 12:30:00 AM,CLUZ,Ru,14999,
7/31/2026 12:25:00 AM,RTD,7/31/2026 12:30:00 AM,CMIN,Ru,24999.83,
7/31/2026 12:25:00 AM,RTD,7/31/2026 12:30:00 AM,CVIS,Ru,19998,
7/31/2026 12:30:00 AM,RTD,7/31/2026 12:35:00 AM,CVIS,Dr,200,
7/31/2026 12:30:00 AM,RTD,7/31/2026 12:35:00 AM,CMIN,Dr,0,
7/31/2026 12:30:00 AM,RTD,7/31/2026 12:35:00 AM,CLUZ,Dr,800,
7/31/2026 12:30:00 AM,RTD,7/31/2026 12:35:00 AM,CMIN,Fr,3250,
7/31/2026 12:30:00 AM,RTD,7/31/2026 12:35:00 AM,CVIS,Fr,14000,
7/31/2026 12:30:00 AM,RTD,7/31/2026 12:35:00 AM,CLUZ,Fr,1900,
7/31/2026 12:30:00 AM,RTD,7/31/2026 12:35:00 AM,CVIS,Rd,19998,
7/31/2026 12:30:00 AM,RTD,7/31/2026 12:35:00 AM,CMIN,Rd,24999.83,
7/31/2026 12:30:00 AM,RTD,7/31/2026 12:35:00 AM,CLUZ,Rd,14999,
7/31/2026 12:30:00 AM,RTD,7/31/2026 12:35:00 AM,CVIS,Ru,19998,
7/31/2026 12:30:00 AM,RTD,7/31/2026 12:35:00 AM,CLUZ,Ru,14999,
7/31/2026 12:30:00 AM,RTD,7/31/2026 12:35:00 AM,CMIN,Ru,24999.83,
7/31/2026 12:35:00 AM,RTD,7/31/2026 12:40:00 AM,CVIS,Dr,200,
7/31/2026 12:35:00 AM,RTD,7/31/2026 12:40:00 AM,CMIN,Dr,0,
7/31/2026 12:35:00 AM,RTD,7/31/2026 12:40:00 AM,CLUZ,Dr,800,
7/31/2026 12:35:00 AM,RTD,7/31/2026 12:40:00 AM,CMIN,Fr,3250,
7/31/2026 12:35:00 AM,RTD,7/31/2026 12:40:00 AM,CVIS,Fr,14000,
7/31/2026 12:35:00 AM,RTD,7/31/2026 12:40:00 AM,CLUZ,Fr,1800,
7/31/2026 12:35:00 AM,RTD,7/31/2026 12:40:00 AM,CVIS,Rd,19998,
7/31/2026 12:35:00 AM,RTD,7/31/2026 12:40:00 AM,CMIN,Rd,24999.83,
7/31/2026 12:35:00 AM,RTD,7/31/2026 12:40:00 AM,CLUZ,Rd,21499,
7/31/2026 12:35:00 AM,RTD,7/31/2026 12:40:00 AM,CVIS,Ru,19998,
7/31/2026 12:35:00 AM,RTD,7/31/2026 12:40:00 AM,CLUZ,Ru,21499,
7/31/2026 12:35:00 AM,RTD,7/31/2026 12:40:00 AM,CMIN,Ru,24999.83,
7/31/2026 12:40:00 AM,RTD,7/31/2026 12:45:00 AM,CVIS,Dr,200,
7/31/2026 12:40:00 AM,RTD,7/31/2026 12:45:00 AM,CMIN,Dr,0,
7/31/2026 12:40:00 AM,RTD,7/31/2026 12:45:00 AM,CLUZ,Dr,800,
7/31/2026 12:40:00 AM,RTD,7/31/2026 12:45:00 AM,CMIN,Fr,3250,
7/31/2026 12:40:00 AM,RTD,7/31/2026 12:45:00 AM,CVIS,Fr,14000,
7/31/2026 12:40:00 AM,RTD,7/31/2026 12:45:00 AM,CLUZ,Fr,1750,
7/31/2026 12:40:00 AM,RTD,7/31/2026 12:45:00 AM,CVIS,Rd,19998,
7/31/2026 12:40:00 AM,RTD,7/31/2026 12:45:00 AM,CMIN,Rd,24999.83,
7/31/2026 12:40:00 AM,RTD,7/31/2026 12:45:00 AM,CLUZ,Rd,21499,
7/31/2026 12:40:00 AM,RTD,7/31/2026 12:45:00 AM,CVIS,Ru,19998,
7/31/2026 12:40:00 AM,RTD,7/31/2026 12:45:00 AM,CLUZ,Ru,21499,
7/31/2026 12:40:00 AM,RTD,7/31/2026 12:45:00 AM,CMIN,Ru,24999.83,
7/31/2026 12:45:00 AM,RTD,7/31/2026 12:50:00 AM,CVIS,Dr,200,
7/31/2026 12:45:00 AM,RTD,7/31/2026 12:50:00 AM,CMIN,Dr,0,
7/31/2026 12:45:00 AM,RTD,7/31/2026 12:50:00 AM,CLUZ,Dr,800,
7/31/2026 12:45:00 AM,RTD,7/31/2026 12:50:00 AM,CMIN,Fr,3250,
7/31/2026 12:45:00 AM,RTD,7/31/2026 12:50:00 AM,CVIS,Fr,14000,
7/31/2026 12:45:00 AM,RTD,7/31/2026 12:50:00 AM,CLUZ,Fr,1750,
7/31/2026 12:45:00 AM,RTD,7/31/2026 12:50:00 AM,CVIS,Rd,19998,
7/31/2026 12:45:00 AM,RTD,7/31/2026 12:50:00 AM,CMIN,Rd,24999.83,
7/31/2026 12:45:00 AM,RTD,7/31/2026 12:50:00 AM,CLUZ,Rd,21499,
7/31/2026 12:45:00 AM,RTD,7/31/2026 12:50:00 AM,CVIS,Ru,19998,
7/31/2026 12:45:00 AM,RTD,7/31/2026 12:50:00 AM,CLUZ,Ru,21499,
7/31/2026 12:45:00 AM,RTD,7/31/2026 12:50:00 AM,CMIN,Ru,24999.83,
7/31/2026 12:50:00 AM,RTD,7/31/2026 12:55:00 AM,CVIS,Dr,200,
7/31/2026 12:50:00 AM,RTD,7/31/2026 12:55:00 AM,CLUZ,Dr,800,
7/31/2026 12:50:00 AM,RTD,7/31/2026 12:55:00 AM,CMIN,Dr,0,
7/31/2026 12:50:00 AM,RTD,7/31/2026 12:55:00 AM,CMIN,Fr,3250,
7/31/2026 12:50:00 AM,RTD,7/31/2026 12:55:00 AM,CVIS,Fr,14000,
7/31/2026 12:50:00 AM,RTD,7/31/2026 12:55:00 AM,CLUZ,Fr,1700,
7/31/2026 12:50:00 AM,RTD,7/31/2026 12:55:00 AM,CLUZ,Rd,21499,
7/31/2026 12:50:00 AM,RTD,7/31/2026 12:55:00 AM,CMIN,Rd,24999.83,
7/31/2026 12:50:00 AM,RTD,7/31/2026 12:55:00 AM,CVIS,Rd,19998,
7/31/2026 12:50:00 AM,RTD,7/31/2026 12:55:00 AM,CLUZ,Ru,21499,
7/31/2026 12:50:00 AM,RTD,7/31/2026 12:55:00 AM,CMIN,Ru,24999.83,
7/31/2026 12:50:00 AM,RTD,7/31/2026 12:55:00 AM,CVIS,Ru,19998,
7/31/2026 12:55:00 AM,RTD,7/31/2026 1:00:00 AM,CVIS,Dr,200,
7/31/2026 12:55:00 AM,RTD,7/31/2026 1:00:00 AM,CMIN,Dr,0,
7/31/2026 12:55:00 AM,RTD,7/31/2026 1:00:00 AM,CLUZ,Dr,800,
7/31/2026 12:55:00 AM,RTD,7/31/2026 1:00:00 AM,CMIN,Fr,3250,
7/31/2026 12:55:00 AM,RTD,7/31/2026 1:00:00 AM,CVIS,Fr,14000,
7/31/2026 12:55:00 AM,RTD,7/31/2026 1:00:00 AM,CLUZ,Fr,1612.22,
7/31/2026 12:55:00 AM,RTD,7/31/2026 1:00:00 AM,CVIS,Rd,19998,
7/31/2026 12:55:00 AM,RTD,7/31/2026 1:00:00 AM,CMIN,Rd,24999.83,
7/31/2026 12:55:00 AM,RTD,7/31/2026 1:00:00 AM,CLUZ,Rd,21499,
7/31/2026 12:55:00 AM,RTD,7/31/2026 1:00:00 AM,CVIS,Ru,19998,
7/31/2026 12:55:00 AM,RTD,7/31/2026 1:00:00 AM,CLUZ,Ru,21499,
7/31/2026 12:55:00 AM,RTD,7/31/2026 1:00:00 AM,CMIN,Ru,24999.83,
7/31/2026 1:00:00 AM,RTD,7/31/2026 1:05:00 AM,CLUZ,Dr,800,
7/31/2026 1:00:00 AM,RTD,7/31/2026 1:05:00 AM,CVIS,Dr,200,
7/31/2026 1:00:00 AM,RTD,7/31/2026 1:05:00 AM,CMIN,Dr,0,
7/31/2026 1:00:00 AM,RTD,7/31/2026 1:05:00 AM,CVIS,Fr,14000,
7/31/2026 1:00:00 AM,RTD,7/31/2026 1:05:00 AM,CLUZ,Fr,1130,
7/31/2026 1:00:00 AM,RTD,7/31/2026 1:05:00 AM,CMIN,Fr,90,
7/31/2026 1:00:00 AM,RTD,7/31/2026 1:05:00 AM,CLUZ,Rd,550,
7/31/2026 1:00:00 AM,RTD,7/31/2026 1:05:00 AM,CVIS,Rd,19998,
7/31/2026 1:00:00 AM,RTD,7/31/2026 1:05:00 AM,CMIN,Rd,24999.83,
7/31/2026 1:00:00 AM,RTD,7/31/2026 1:05:00 AM,CLUZ,Ru,550,
7/31/2026 1:00:00 AM,RTD,7/31/2026 1:05:00 AM,CMIN,Ru,24999.83,
7/31/2026 1:00:00 AM,RTD,7/31/2026 1:05:00 AM,CVIS,Ru,19998,
7/31/2026 1:05:00 AM,RTD,7/31/2026 1:10:00 AM,CVIS,Dr,200,
7/31/2026 1:05:00 AM,RTD,7/31/2026 1:10:00 AM,CMIN,Dr,0,
7/31/2026 1:05:00 AM,RTD,7/31/2026 1:10:00 AM,CLUZ,Dr,800,
7/31/2026 1:05:00 AM,RTD,7/31/2026 1:10:00 AM,CMIN,Fr,90,
7/31/2026 1:05:00 AM,RTD,7/31/2026 1:10:00 AM,CVIS,Fr,14000,
7/31/2026 1:05:00 AM,RTD,7/31/2026 1:10:00 AM,CLUZ,Fr,1130,
7/31/2026 1:05:00 AM,RTD,7/31/2026 1:10:00 AM,CVIS,Rd,19998,
7/31/2026 1:05:00 AM,RTD,7/31/2026 1:10:00 AM,CMIN,Rd,24999.83,
7/31/2026 1:05:00 AM,RTD,7/31/2026 1:10:00 AM,CLUZ,Rd,550,
7/31/2026 1:05:00 AM,RTD,7/31/2026 1:10:00 AM,CVIS,Ru,19998,
7/31/2026 1:05:00 AM,RTD,7/31/2026 1:10:00 AM,CLUZ,Ru,550,
7/31/2026 1:05:00 AM,RTD,7/31/2026 1:10:00 AM,CMIN,Ru,24999.83,
7/31/2026 1:10:00 AM,RTD,7/31/2026 1:15:00 AM,CVIS,Dr,200,
7/31/2026 1:10:00 AM,RTD,7/31/2026 1:15:00 AM,CMIN,Dr,0,
7/31/2026 1:10:00 AM,RTD,7/31/2026 1:15:00 AM,CLUZ,Dr,800,
7/31/2026 1:10:00 AM,RTD,7/31/2026 1:15:00 AM,CMIN,Fr,90,
7/31/2026 1:10:00 AM,RTD,7/31/2026 1:15:00 AM,CVIS,Fr,14000,
7/31/2026 1:10:00 AM,RTD,7/31/2026 1:15:00 AM,CLUZ,Fr,1130,
7/31/2026 1:10:00 AM,RTD,7/31/2026 1:15:00 AM,CVIS,Rd,19998,
7/31/2026 1:10:00 AM,RTD,7/31/2026 1:15:00 AM,CMIN,Rd,24999.83,
7/31/2026 1:10:00 AM,RTD,7/31/2026 1:15:00 AM,CLUZ,Rd,1000,
7/31/2026 1:10:00 AM,RTD,7/31/2026 1:15:00 AM,CVIS,Ru,19998,
7/31/2026 1:10:00 AM,RTD,7/31/2026 1:15:00 AM,CLUZ,Ru,1000,
7/31/2026 1:10:00 AM,RTD,7/31/2026 1:15:00 AM,CMIN,Ru,24999.83,
7/31/2026 1:15:00 AM,RTD,7/31/2026 1:20:00 AM,CVIS,Dr,200,
7/31/2026 1:15:00 AM,RTD,7/31/2026 1:20:00 AM,CMIN,Dr,0,
7/31/2026 1:15:00 AM,RTD,7/31/2026 1:20:00 AM,CLUZ,Dr,800,
7/31/2026 1:15:00 AM,RTD,7/31/2026 1:20:00 AM,CMIN,Fr,90,
7/31/2026 1:15:00 AM,RTD,7/31/2026 1:20:00 AM,CVIS,Fr,14000,
7/31/2026 1:15:00 AM,RTD,7/31/2026 1:20:00 AM,CLUZ,Fr,1130,
7/31/2026 1:15:00 AM,RTD,7/31/2026 1:20:00 AM,CVIS,Rd,19998,
7/31/2026 1:15:00 AM,RTD,7/31/2026 1:20:00 AM,CMIN,Rd,24999.83,
7/31/2026 1:15:00 AM,RTD,7/31/2026 1:20:00 AM,CLUZ,Rd,1000,
7/31/2026 1:15:00 AM,RTD,7/31/2026 1:20:00 AM,CVIS,Ru,19998,
7/31/2026 1:15:00 AM,RTD,7/31/2026 1:20:00 AM,CLUZ,Ru,1000,
7/31/2026 1:15:00 AM,RTD,7/31/2026 1:20:00 AM,CMIN,Ru,24999.83,
7/31/2026 1:20:00 AM,RTD,7/31/2026 1:25:00 AM,CVIS,Dr,200,
7/31/2026 1:20:00 AM,RTD,7/31/2026 1:25:00 AM,CMIN,Dr,0,
7/31/2026 1:20:00 AM,RTD,7/31/2026 1:25:00 AM,CLUZ,Dr,800,
7/31/2026 1:20:00 AM,RTD,7/31/2026 1:25:00 AM,CMIN,Fr,90,
7/31/2026 1:20:00 AM,RTD,7/31/2026 1:25:00 AM,CVIS,Fr,14000,
7/31/2026 1:20:00 AM,RTD,7/31/2026 1:25:00 AM,CLUZ,Fr,1130,
7/31/2026 1:20:00 AM,RTD,7/31/2026 1:25:00 AM,CVIS,Rd,19998,
7/31/2026 1:20:00 AM,RTD,7/31/2026 1:25:00 AM,CMIN,Rd,24999.83,
7/31/2026 1:20:00 AM,RTD,7/31/2026 1:25:00 AM,CLUZ,Rd,1000,
7/31/2026 1:20:00 AM,RTD,7/31/2026 1:25:00 AM,CVIS,Ru,19998,
7/31/2026 1:20:00 AM,RTD,7/31/2026 1:25:00 AM,CLUZ,Ru,1000,
7/31/2026 1:20:00 AM,RTD,7/31/2026 1:25:00 AM,CMIN,Ru,24999.83,
7/31/2026 1:25:00 AM,RTD,7/31/2026 1:30:00 AM,CVIS,Dr,200,
7/31/2026 1:25:00 AM,RTD,7/31/2026 1:30:00 AM,CMIN,Dr,0,
7/31/2026 1:25:00 AM,RTD,7/31/2026 1:30:00 AM,CLUZ,Dr,800,
7/31/2026 1:25:00 AM,RTD,7/31/2026 1:30:00 AM,CMIN,Fr,90,
7/31/2026 1:25:00 AM,RTD,7/31/2026 1:30:00 AM,CVIS,Fr,14000,
7/31/2026 1:25:00 AM,RTD,7/31/2026 1:30:00 AM,CLUZ,Fr,1130,
7/31/2026 1:25:00 AM,RTD,7/31/2026 1:30:00 AM,CVIS,Rd,19998,
7/31/2026 1:25:00 AM,RTD,7/31/2026 1:30:00 AM,CMIN,Rd,24999.83,
7/31/2026 1:25:00 AM,RTD,7/31/2026 1:30:00 AM,CLUZ,Rd,14999,
7/31/2026 1:25:00 AM,RTD,7/31/2026 1:30:00 AM,CVIS,Ru,19998,
7/31/2026 1:25:00 AM,RTD,7/31/2026 1:30:00 AM,CLUZ,Ru,14999,
7/31/2026 1:25:00 AM,RTD,7/31/2026 1:30:00 AM,CMIN,Ru,24999.83,
7/31/2026 1:30:00 AM,RTD,7/31/2026 1:35:00 AM,CVIS,Dr,200,
7/31/2026 1:30:00 AM,RTD,7/31/2026 1:35:00 AM,CMIN,Dr,0,
7/31/2026 1:30:00 AM,RTD,7/31/2026 1:35:00 AM,CLUZ,Dr,800,
7/31/2026 1:30:00 AM,RTD,7/31/2026 1:35:00 AM,CMIN,Fr,90,
7/31/2026 1:30:00 AM,RTD,7/31/2026 1:35:00 AM,CVIS,Fr,14000,
7/31/2026 1:30:00 AM,RTD,7/31/2026 1:35:00 AM,CLUZ,Fr,1130,
7/31/2026 1:30:00 AM,RTD,7/31/2026 1:35:00 AM,CVIS,Rd,19998,
7/31/2026 1:30:00 AM,RTD,7/31/2026 1:35:00 AM,CMIN,Rd,24999.83,
7/31/2026 1:30:00 AM,RTD,7/31/2026 1:35:00 AM,CLUZ,Rd,14999,
7/31/2026 1:30:00 AM,RTD,7/31/2026 1:35:00 AM,CVIS,Ru,19998,
7/31/2026 1:30:00 AM,RTD,7/31/2026 1:35:00 AM,CLUZ,Ru,14999,
7/31/2026 1:30:00 AM,RTD,7/31/2026 1:35:00 AM,CMIN,Ru,24999.83,
7/31/2026 1:35:00 AM,RTD,7/31/2026 1:40:00 AM,CLUZ,Dr,800,
7/31/2026 1:35:00 AM,RTD,7/31/2026 1:40:00 AM,CMIN,Dr,0,
7/31/2026 1:35:00 AM,RTD,7/31/2026 1:40:00 AM,CVIS,Dr,200,
7/31/2026 1:35:00 AM,RTD,7/31/2026 1:40:00 AM,CLUZ,Fr,1130,
7/31/2026 1:35:00 AM,RTD,7/31/2026 1:40:00 AM,CMIN,Fr,90,
7/31/2026 1:35:00 AM,RTD,7/31/2026 1:40:00 AM,CVIS,Fr,14000,
7/31/2026 1:35:00 AM,RTD,7/31/2026 1:40:00 AM,CLUZ,Rd,14999,
7/31/2026 1:35:00 AM,RTD,7/31/2026 1:40:00 AM,CMIN,Rd,24999.83,
7/31/2026 1:35:00 AM,RTD,7/31/2026 1:40:00 AM,CVIS,Rd,19998,
7/31/2026 1:35:00 AM,RTD,7/31/2026 1:40:00 AM,CVIS,Ru,19998,
7/31/2026 1:35:00 AM,RTD,7/31/2026 1:40:00 AM,CLUZ,Ru,14999,
7/31/2026 1:35:00 AM,RTD,7/31/2026 1:40:00 AM,CMIN,Ru,24999.83,
7/31/2026 1:40:00 AM,RTD,7/31/2026 1:45:00 AM,CVIS,Dr,200,
7/31/2026 1:40:00 AM,RTD,7/31/2026 1:45:00 AM,CMIN,Dr,0,
7/31/2026 1:40:00 AM,RTD,7/31/2026 1:45:00 AM,CLUZ,Dr,800,
7/31/2026 1:40:00 AM,RTD,7/31/2026 1:45:00 AM,CLUZ,Fr,1130,
7/31/2026 1:40:00 AM,RTD,7/31/2026 1:45:00 AM,CVIS,Fr,14000,
7/31/2026 1:40:00 AM,RTD,7/31/2026 1:45:00 AM,CMIN,Fr,90,
7/31/2026 1:40:00 AM,RTD,7/31/2026 1:45:00 AM,CVIS,Rd,19998,
7/31/2026 1:40:00 AM,RTD,7/31/2026 1:45:00 AM,CMIN,Rd,24999.83,
7/31/2026 1:40:00 AM,RTD,7/31/2026 1:45:00 AM,CLUZ,Rd,14999,
7/31/2026 1:40:00 AM,RTD,7/31/2026 1:45:00 AM,CVIS,Ru,19998,
7/31/2026 1:40:00 AM,RTD,7/31/2026 1:45:00 AM,CMIN,Ru,24999.83,
7/31/2026 1:40:00 AM,RTD,7/31/2026 1:45:00 AM,CLUZ,Ru,14999,
7/31/2026 1:45:00 AM,RTD,7/31/2026 1:50:00 AM,CMIN,Dr,0,
7/31/2026 1:45:00 AM,RTD,7/31/2026 1:50:00 AM,CLUZ,Dr,800,
7/31/2026 1:45:00 AM,RTD,7/31/2026 1:50:00 AM,CVIS,Dr,200,
7/31/2026 1:45:00 AM,RTD,7/31/2026 1:50:00 AM,CLUZ,Fr,1130,
7/31/2026 1:45:00 AM,RTD,7/31/2026 1:50:00 AM,CVIS,Fr,14000,
7/31/2026 1:45:00 AM,RTD,7/31/2026 1:50:00 AM,CMIN,Fr,90,
7/31/2026 1:45:00 AM,RTD,7/31/2026 1:50:00 AM,CLUZ,Rd,14999,
7/31/2026 1:45:00 AM,RTD,7/31/2026 1:50:00 AM,CMIN,Rd,24999.83,
7/31/2026 1:45:00 AM,RTD,7/31/2026 1:50:00 AM,CVIS,Rd,19998,
7/31/2026 1:45:00 AM,RTD,7/31/2026 1:50:00 AM,CVIS,Ru,19998,
7/31/2026 1:45:00 AM,RTD,7/31/2026 1:50:00 AM,CMIN,Ru,24999.83,
7/31/2026 1:45:00 AM,RTD,7/31/2026 1:50:00 AM,CLUZ,Ru,14999,
7/31/2026 1:50:00 AM,RTD,7/31/2026 1:55:00 AM,CVIS,Dr,200,
7/31/2026 1:50:00 AM,RTD,7/31/2026 1:55:00 AM,CLUZ,Dr,800,
7/31/2026 1:50:00 AM,RTD,7/31/2026 1:55:00 AM,CMIN,Dr,0,
7/31/2026 1:50:00 AM,RTD,7/31/2026 1:55:00 AM,CVIS,Fr,14000,
7/31/2026 1:50:00 AM,RTD,7/31/2026 1:55:00 AM,CLUZ,Fr,1130,
7/31/2026 1:50:00 AM,RTD,7/31/2026 1:55:00 AM,CMIN,Fr,90,
7/31/2026 1:50:00 AM,RTD,7/31/2026 1:55:00 AM,CLUZ,Rd,14999,
7/31/2026 1:50:00 AM,RTD,7/31/2026 1:55:00 AM,CVIS,Rd,19998,
7/31/2026 1:50:00 AM,RTD,7/31/2026 1:55:00 AM,CMIN,Rd,24999.83,
7/31/2026 1:50:00 AM,RTD,7/31/2026 1:55:00 AM,CVIS,Ru,19998,
7/31/2026 1:50:00 AM,RTD,7/31/2026 1:55:00 AM,CLUZ,Ru,14999,
7/31/2026 1:50:00 AM,RTD,7/31/2026 1:55:00 AM,CMIN,Ru,24999.83,
7/31/2026 1:55:00 AM,RTD,7/31/2026 2:00:00 AM,CMIN,Dr,0,
7/31/2026 1:55:00 AM,RTD,7/31/2026 2:00:00 AM,CLUZ,Dr,800,
7/31/2026 1:55:00 AM,RTD,7/31/2026 2:00:00 AM,CVIS,Dr,200,
7/31/2026 1:55:00 AM,RTD,7/31/2026 2:00:00 AM,CMIN,Fr,90,
7/31/2026 1:55:00 AM,RTD,7/31/2026 2:00:00 AM,CLUZ,Fr,1130,
7/31/2026 1:55:00 AM,RTD,7/31/2026 2:00:00 AM,CVIS,Fr,14000,
7/31/2026 1:55:00 AM,RTD,7/31/2026 2:00:00 AM,CVIS,Rd,19998,
7/31/2026 1:55:00 AM,RTD,7/31/2026 2:00:00 AM,CLUZ,Rd,14999,
7/31/2026 1:55:00 AM,RTD,7/31/2026 2:00:00 AM,CMIN,Rd,24999.83,
7/31/2026 1:55:00 AM,RTD,7/31/2026 2:00:00 AM,CMIN,Ru,24999.83,
7/31/2026 1:55:00 AM,RTD,7/31/2026 2:00:00 AM,CLUZ,Ru,14999,
7/31/2026 1:55:00 AM,RTD,7/31/2026 2:00:00 AM,CVIS,Ru,19998,
7/31/2026 2:00:00 AM,RTD,7/31/2026 2:05:00 AM,CVIS,Dr,1200,
7/31/2026 2:00:00 AM,RTD,7/31/2026 2:05:00 AM,CMIN,Dr,0,
7/31/2026 2:00:00 AM,RTD,7/31/2026 2:05:00 AM,CLUZ,Dr,800,
7/31/2026 2:00:00 AM,RTD,7/31/2026 2:05:00 AM,CVIS,Fr,14000,
7/31/2026 2:00:00 AM,RTD,7/31/2026 2:05:00 AM,CMIN,Fr,3250,
7/31/2026 2:00:00 AM,RTD,7/31/2026 2:05:00 AM,CLUZ,Fr,1100,
7/31/2026 2:00:00 AM,RTD,7/31/2026 2:05:00 AM,CVIS,Rd,19998,
7/31/2026 2:00:00 AM,RTD,7/31/2026 2:05:00 AM,CLUZ,Rd,1000,
7/31/2026 2:00:00 AM,RTD,7/31/2026 2:05:00 AM,CMIN,Rd,24999.83,
7/31/2026 2:00:00 AM,RTD,7/31/2026 2:05:00 AM,CVIS,Ru,19998,
7/31/2026 2:00:00 AM,RTD,7/31/2026 2:05:00 AM,CLUZ,Ru,1000,
7/31/2026 2:00:00 AM,RTD,7/31/2026 2:05:00 AM,CMIN,Ru,24999.83,
7/31/2026 2:05:00 AM,RTD,7/31/2026 2:10:00 AM,CLUZ,Dr,800,
7/31/2026 2:05:00 AM,RTD,7/31/2026 2:10:00 AM,CMIN,Dr,0,
7/31/2026 2:05:00 AM,RTD,7/31/2026 2:10:00 AM,CVIS,Dr,1200,
7/31/2026 2:05:00 AM,RTD,7/31/2026 2:10:00 AM,CVIS,Fr,14000,
7/31/2026 2:05:00 AM,RTD,7/31/2026 2:10:00 AM,CLUZ,Fr,1100,
7/31/2026 2:05:00 AM,RTD,7/31/2026 2:10:00 AM,CMIN,Fr,3250,
7/31/2026 2:05:00 AM,RTD,7/31/2026 2:10:00 AM,CVIS,Rd,19998,
7/31/2026 2:05:00 AM,RTD,7/31/2026 2:10:00 AM,CMIN,Rd,24999.83,
7/31/2026 2:05:00 AM,RTD,7/31/2026 2:10:00 AM,CLUZ,Rd,1000,
7/31/2026 2:05:00 AM,RTD,7/31/2026 2:10:00 AM,CLUZ,Ru,1000,
7/31/2026 2:05:00 AM,RTD,7/31/2026 2:10:00 AM,CMIN,Ru,24999.83,
7/31/2026 2:05:00 AM,RTD,7/31/2026 2:10:00 AM,CVIS,Ru,19998,
7/31/2026 2:10:00 AM,RTD,7/31/2026 2:15:00 AM,CVIS,Dr,200,
7/31/2026 2:10:00 AM,RTD,7/31/2026 2:15:00 AM,CLUZ,Dr,800,
7/31/2026 2:10:00 AM,RTD,7/31/2026 2:15:00 AM,CMIN,Dr,0,
7/31/2026 2:10:00 AM,RTD,7/31/2026 2:15:00 AM,CMIN,Fr,3250,
7/31/2026 2:10:00 AM,RTD,7/31/2026 2:15:00 AM,CLUZ,Fr,1100,
7/31/2026 2:10:00 AM,RTD,7/31/2026 2:15:00 AM,CVIS,Fr,14000,
7/31/2026 2:10:00 AM,RTD,7/31/2026 2:15:00 AM,CMIN,Rd,24999.83,
7/31/2026 2:10:00 AM,RTD,7/31/2026 2:15:00 AM,CVIS,Rd,19998,
7/31/2026 2:10:00 AM,RTD,7/31/2026 2:15:00 AM,CLUZ,Rd,1000,
7/31/2026 2:10:00 AM,RTD,7/31/2026 2:15:00 AM,CVIS,Ru,19998,
7/31/2026 2:10:00 AM,RTD,7/31/2026 2:15:00 AM,CMIN,Ru,24999.83,
7/31/2026 2:10:00 AM,RTD,7/31/2026 2:15:00 AM,CLUZ,Ru,1000,
7/31/2026 2:15:00 AM,RTD,7/31/2026 2:20:00 AM,CVIS,Dr,200,
7/31/2026 2:15:00 AM,RTD,7/31/2026 2:20:00 AM,CLUZ,Dr,800,
7/31/2026 2:15:00 AM,RTD,7/31/2026 2:20:00 AM,CMIN,Dr,0,
7/31/2026 2:15:00 AM,RTD,7/31/2026 2:20:00 AM,CLUZ,Fr,1100,
7/31/2026 2:15:00 AM,RTD,7/31/2026 2:20:00 AM,CMIN,Fr,3250,
7/31/2026 2:15:00 AM,RTD,7/31/2026 2:20:00 AM,CVIS,Fr,14000,
7/31/2026 2:15:00 AM,RTD,7/31/2026 2:20:00 AM,CMIN,Rd,24999.83,
7/31/2026 2:15:00 AM,RTD,7/31/2026 2:20:00 AM,CLUZ,Rd,1000,
7/31/2026 2:15:00 AM,RTD,7/31/2026 2:20:00 AM,CVIS,Rd,19998,
7/31/2026 2:15:00 AM,RTD,7/31/2026 2:20:00 AM,CMIN,Ru,24999.83,
7/31/2026 2:15:00 AM,RTD,7/31/2026 2:20:00 AM,CVIS,Ru,19998,
7/31/2026 2:15:00 AM,RTD,7/31/2026 2:20:00 AM,CLUZ,Ru,1000,
7/31/2026 2:20:00 AM,RTD,7/31/2026 2:25:00 AM,CLUZ,Dr,800,
7/31/2026 2:20:00 AM,RTD,7/31/2026 2:25:00 AM,CVIS,Dr,200,
7/31/2026 2:20:00 AM,RTD,7/31/2026 2:25:00 AM,CMIN,Dr,0,
7/31/2026 2:20:00 AM,RTD,7/31/2026 2:25:00 AM,CVIS,Fr,14000,
7/31/2026 2:20:00 AM,RTD,7/31/2026 2:25:00 AM,CLUZ,Fr,1100,
7/31/2026 2:20:00 AM,RTD,7/31/2026 2:25:00 AM,CMIN,Fr,3250,
7/31/2026 2:20:00 AM,RTD,7/31/2026 2:25:00 AM,CMIN,Rd,24999.83,
7/31/2026 2:20:00 AM,RTD,7/31/2026 2:25:00 AM,CVIS,Rd,19998,
7/31/2026 2:20:00 AM,RTD,7/31/2026 2:25:00 AM,CLUZ,Rd,14998.99,
7/31/2026 2:20:00 AM,RTD,7/31/2026 2:25:00 AM,CVIS,Ru,19998,
7/31/2026 2:20:00 AM,RTD,7/31/2026 2:25:00 AM,CLUZ,Ru,14998.99,
7/31/2026 2:20:00 AM,RTD,7/31/2026 2:25:00 AM,CMIN,Ru,24999.83,
7/31/2026 2:25:00 AM,RTD,7/31/2026 2:30:00 AM,CVIS,Dr,1899,
7/31/2026 2:25:00 AM,RTD,7/31/2026 2:30:00 AM,CMIN,Dr,0,
7/31/2026 2:25:00 AM,RTD,7/31/2026 2:30:00 AM,CLUZ,Dr,800,
7/31/2026 2:25:00 AM,RTD,7/31/2026 2:30:00 AM,CMIN,Fr,3250,
7/31/2026 2:25:00 AM,RTD,7/31/2026 2:30:00 AM,CVIS,Fr,14000,
7/31/2026 2:25:00 AM,RTD,7/31/2026 2:30:00 AM,CLUZ,Fr,1100,
7/31/2026 2:25:00 AM,RTD,7/31/2026 2:30:00 AM,CVIS,Rd,19998,
7/31/2026 2:25:00 AM,RTD,7/31/2026 2:30:00 AM,CMIN,Rd,24999.83,
7/31/2026 2:25:00 AM,RTD,7/31/2026 2:30:00 AM,CLUZ,Rd,14998.99,
7/31/2026 2:25:00 AM,RTD,7/31/2026 2:30:00 AM,CVIS,Ru,19998,
7/31/2026 2:25:00 AM,RTD,7/31/2026 2:30:00 AM,CLUZ,Ru,14998.99,
7/31/2026 2:25:00 AM,RTD,7/31/2026 2:30:00 AM,CMIN,Ru,24999.83,
7/31/2026 2:30:00 AM,RTD,7/31/2026 2:35:00 AM,CVIS,Dr,1899.99,
7/31/2026 2:30:00 AM,RTD,7/31/2026 2:35:00 AM,CMIN,Dr,0,
7/31/2026 2:30:00 AM,RTD,7/31/2026 2:35:00 AM,CLUZ,Dr,800,
7/31/2026 2:30:00 AM,RTD,7/31/2026 2:35:00 AM,CMIN,Fr,3250,
7/31/2026 2:30:00 AM,RTD,7/31/2026 2:35:00 AM,CVIS,Fr,14000,
7/31/2026 2:30:00 AM,RTD,7/31/2026 2:35:00 AM,CLUZ,Fr,1112.60,
7/31/2026 2:30:00 AM,RTD,7/31/2026 2:35:00 AM,CVIS,Rd,19998,
7/31/2026 2:30:00 AM,RTD,7/31/2026 2:35:00 AM,CMIN,Rd,24999.83,
7/31/2026 2:30:00 AM,RTD,7/31/2026 2:35:00 AM,CLUZ,Rd,14998.99,
7/31/2026 2:30:00 AM,RTD,7/31/2026 2:35:00 AM,CVIS,Ru,19998,
7/31/2026 2:30:00 AM,RTD,7/31/2026 2:35:00 AM,CLUZ,Ru,14998.99,
7/31/2026 2:30:00 AM,RTD,7/31/2026 2:35:00 AM,CMIN,Ru,24999.83,
7/31/2026 2:35:00 AM,RTD,7/31/2026 2:40:00 AM,CVIS,Dr,1899.99,
7/31/2026 2:35:00 AM,RTD,7/31/2026 2:40:00 AM,CMIN,Dr,0,
7/31/2026 2:35:00 AM,RTD,7/31/2026 2:40:00 AM,CLUZ,Dr,800,
7/31/2026 2:35:00 AM,RTD,7/31/2026 2:40:00 AM,CMIN,Fr,3250,
7/31/2026 2:35:00 AM,RTD,7/31/2026 2:40:00 AM,CVIS,Fr,14000,
7/31/2026 2:35:00 AM,RTD,7/31/2026 2:40:00 AM,CLUZ,Fr,1100,
7/31/2026 2:35:00 AM,RTD,7/31/2026 2:40:00 AM,CVIS,Rd,19998,
7/31/2026 2:35:00 AM,RTD,7/31/2026 2:40:00 AM,CMIN,Rd,24999.83,
7/31/2026 2:35:00 AM,RTD,7/31/2026 2:40:00 AM,CLUZ,Rd,14998.99,
7/31/2026 2:35:00 AM,RTD,7/31/2026 2:40:00 AM,CVIS,Ru,19998,
7/31/2026 2:35:00 AM,RTD,7/31/2026 2:40:00 AM,CLUZ,Ru,14998.99,
7/31/2026 2:35:00 AM,RTD,7/31/2026 2:40:00 AM,CMIN,Ru,24999.83,
7/31/2026 2:40:00 AM,RTD,7/31/2026 2:45:00 AM,CMIN,Dr,0,
7/31/2026 2:40:00 AM,RTD,7/31/2026 2:45:00 AM,CLUZ,Dr,800,
7/31/2026 2:40:00 AM,RTD,7/31/2026 2:45:00 AM,CVIS,Dr,1899.99,
7/31/2026 2:40:00 AM,RTD,7/31/2026 2:45:00 AM,CLUZ,Fr,1100,
7/31/2026 2:40:00 AM,RTD,7/31/2026 2:45:00 AM,CMIN,Fr,3250,
7/31/2026 2:40:00 AM,RTD,7/31/2026 2:45:00 AM,CVIS,Fr,14000,
7/31/2026 2:40:00 AM,RTD,7/31/2026 2:45:00 AM,CMIN,Rd,24999.83,
7/31/2026 2:40:00 AM,RTD,7/31/2026 2:45:00 AM,CLUZ,Rd,14998.99,
7/31/2026 2:40:00 AM,RTD,7/31/2026 2:45:00 AM,CVIS,Rd,19998,
7/31/2026 2:40:00 AM,RTD,7/31/2026 2:45:00 AM,CMIN,Ru,24999.83,
7/31/2026 2:40:00 AM,RTD,7/31/2026 2:45:00 AM,CVIS,Ru,19998,
7/31/2026 2:40:00 AM,RTD,7/31/2026 2:45:00 AM,CLUZ,Ru,14998.99,
7/31/2026 2:45:00 AM,RTD,7/31/2026 2:50:00 AM,CLUZ,Dr,800,
7/31/2026 2:45:00 AM,RTD,7/31/2026 2:50:00 AM,CVIS,Dr,1899.99,
7/31/2026 2:45:00 AM,RTD,7/31/2026 2:50:00 AM,CMIN,Dr,0,
7/31/2026 2:45:00 AM,RTD,7/31/2026 2:50:00 AM,CLUZ,Fr,1100,
7/31/2026 2:45:00 AM,RTD,7/31/2026 2:50:00 AM,CVIS,Fr,14000,
7/31/2026 2:45:00 AM,RTD,7/31/2026 2:50:00 AM,CMIN,Fr,3250,
7/31/2026 2:45:00 AM,RTD,7/31/2026 2:50:00 AM,CLUZ,Rd,14998.99,
7/31/2026 2:45:00 AM,RTD,7/31/2026 2:50:00 AM,CMIN,Rd,24999.83,
7/31/2026 2:45:00 AM,RTD,7/31/2026 2:50:00 AM,CVIS,Rd,19998,
7/31/2026 2:45:00 AM,RTD,7/31/2026 2:50:00 AM,CLUZ,Ru,14998.99,
7/31/2026 2:45:00 AM,RTD,7/31/2026 2:50:00 AM,CMIN,Ru,24999.83,
7/31/2026 2:45:00 AM,RTD,7/31/2026 2:50:00 AM,CVIS,Ru,19998,
7/31/2026 2:50:00 AM,RTD,7/31/2026 2:55:00 AM,CVIS,Dr,1899.99,
7/31/2026 2:50:00 AM,RTD,7/31/2026 2:55:00 AM,CMIN,Dr,0,
7/31/2026 2:50:00 AM,RTD,7/31/2026 2:55:00 AM,CLUZ,Dr,800,
7/31/2026 2:50:00 AM,RTD,7/31/2026 2:55:00 AM,CMIN,Fr,3250,
7/31/2026 2:50:00 AM,RTD,7/31/2026 2:55:00 AM,CVIS,Fr,14000,
7/31/2026 2:50:00 AM,RTD,7/31/2026 2:55:00 AM,CLUZ,Fr,1100,
7/31/2026 2:50:00 AM,RTD,7/31/2026 2:55:00 AM,CVIS,Rd,19998,
7/31/2026 2:50:00 AM,RTD,7/31/2026 2:55:00 AM,CMIN,Rd,24999.83,
7/31/2026 2:50:00 AM,RTD,7/31/2026 2:55:00 AM,CLUZ,Rd,14998,
7/31/2026 2:50:00 AM,RTD,7/31/2026 2:55:00 AM,CVIS,Ru,19998,
7/31/2026 2:50:00 AM,RTD,7/31/2026 2:55:00 AM,CLUZ,Ru,14998,
7/31/2026 2:50:00 AM,RTD,7/31/2026 2:55:00 AM,CMIN,Ru,24999.83,
7/31/2026 2:55:00 AM,RTD,7/31/2026 3:00:00 AM,CVIS,Dr,2010,
7/31/2026 2:55:00 AM,RTD,7/31/2026 3:00:00 AM,CMIN,Dr,0,
7/31/2026 2:55:00 AM,RTD,7/31/2026 3:00:00 AM,CLUZ,Dr,800,
7/31/2026 2:55:00 AM,RTD,7/31/2026 3:00:00 AM,CMIN,Fr,3250,
7/31/2026 2:55:00 AM,RTD,7/31/2026 3:00:00 AM,CVIS,Fr,14000,
7/31/2026 2:55:00 AM,RTD,7/31/2026 3:00:00 AM,CLUZ,Fr,1100,
7/31/2026 2:55:00 AM,RTD,7/31/2026 3:00:00 AM,CVIS,Rd,19998,
7/31/2026 2:55:00 AM,RTD,7/31/2026 3:00:00 AM,CMIN,Rd,24999.83,
7/31/2026 2:55:00 AM,RTD,7/31/2026 3:00:00 AM,CLUZ,Rd,14998,
7/31/2026 2:55:00 AM,RTD,7/31/2026 3:00:00 AM,CVIS,Ru,19998,
7/31/2026 2:55:00 AM,RTD,7/31/2026 3:00:00 AM,CLUZ,Ru,14998,
7/31/2026 2:55:00 AM,RTD,7/31/2026 3:00:00 AM,CMIN,Ru,24999.83,
7/31/2026 3:00:00 AM,RTD,7/31/2026 3:05:00 AM,CVIS,Dr,2020,
7/31/2026 3:00:00 AM,RTD,7/31/2026 3:05:00 AM,CMIN,Dr,0,
7/31/2026 3:00:00 AM,RTD,7/31/2026 3:05:00 AM,CLUZ,Dr,800,
7/31/2026 3:00:00 AM,RTD,7/31/2026 3:05:00 AM,CMIN,Fr,3250,
7/31/2026 3:00:00 AM,RTD,7/31/2026 3:05:00 AM,CVIS,Fr,14000,
7/31/2026 3:00:00 AM,RTD,7/31/2026 3:05:00 AM,CLUZ,Fr,1100,
7/31/2026 3:00:00 AM,RTD,7/31/2026 3:05:00 AM,CVIS,Rd,1149.12,
7/31/2026 3:00:00 AM,RTD,7/31/2026 3:05:00 AM,CMIN,Rd,24999.83,
7/31/2026 3:00:00 AM,RTD,7/31/2026 3:05:00 AM,CLUZ,Rd,1000,
7/31/2026 3:00:00 AM,RTD,7/31/2026 3:05:00 AM,CVIS,Ru,1000,
7/31/2026 3:00:00 AM,RTD,7/31/2026 3:05:00 AM,CLUZ,Ru,1000,
7/31/2026 3:00:00 AM,RTD,7/31/2026 3:05:00 AM,CMIN,Ru,24999.83,
7/31/2026 3:05:00 AM,RTD,7/31/2026 3:10:00 AM,CVIS,Dr,1899,
7/31/2026 3:05:00 AM,RTD,7/31/2026 3:10:00 AM,CMIN,Dr,0,
7/31/2026 3:05:00 AM,RTD,7/31/2026 3:10:00 AM,CLUZ,Dr,800,
7/31/2026 3:05:00 AM,RTD,7/31/2026 3:10:00 AM,CMIN,Fr,3250,
7/31/2026 3:05:00 AM,RTD,7/31/2026 3:10:00 AM,CVIS,Fr,14000,
7/31/2026 3:05:00 AM,RTD,7/31/2026 3:10:00 AM,CLUZ,Fr,1100,
7/31/2026 3:05:00 AM,RTD,7/31/2026 3:10:00 AM,CVIS,Rd,1113.82,
7/31/2026 3:05:00 AM,RTD,7/31/2026 3:10:00 AM,CMIN,Rd,24999.83,
7/31/2026 3:05:00 AM,RTD,7/31/2026 3:10:00 AM,CLUZ,Rd,1000,
7/31/2026 3:05:00 AM,RTD,7/31/2026 3:10:00 AM,CVIS,Ru,1000,
7/31/2026 3:05:00 AM,RTD,7/31/2026 3:10:00 AM,CLUZ,Ru,1000,
7/31/2026 3:05:00 AM,RTD,7/31/2026 3:10:00 AM,CMIN,Ru,24999.83,
7/31/2026 3:10:00 AM,RTD,7/31/2026 3:15:00 AM,CVIS,Dr,1899,
7/31/2026 3:10:00 AM,RTD,7/31/2026 3:15:00 AM,CMIN,Dr,0,
7/31/2026 3:10:00 AM,RTD,7/31/2026 3:15:00 AM,CLUZ,Dr,800,
7/31/2026 3:10:00 AM,RTD,7/31/2026 3:15:00 AM,CMIN,Fr,3250,
7/31/2026 3:10:00 AM,RTD,7/31/2026 3:15:00 AM,CVIS,Fr,14000,
7/31/2026 3:10:00 AM,RTD,7/31/2026 3:15:00 AM,CLUZ,Fr,1100,
7/31/2026 3:10:00 AM,RTD,7/31/2026 3:15:00 AM,CVIS,Rd,1576.31,
7/31/2026 3:10:00 AM,RTD,7/31/2026 3:15:00 AM,CMIN,Rd,24999.83,
7/31/2026 3:10:00 AM,RTD,7/31/2026 3:15:00 AM,CLUZ,Rd,14998,
7/31/2026 3:10:00 AM,RTD,7/31/2026 3:15:00 AM,CVIS,Ru,1000,
7/31/2026 3:10:00 AM,RTD,7/31/2026 3:15:00 AM,CLUZ,Ru,14998,
7/31/2026 3:10:00 AM,RTD,7/31/2026 3:15:00 AM,CMIN,Ru,24999.83,
7/31/2026 3:15:00 AM,RTD,7/31/2026 3:20:00 AM,CVIS,Dr,1899,
7/31/2026 3:15:00 AM,RTD,7/31/2026 3:20:00 AM,CMIN,Dr,0,
7/31/2026 3:15:00 AM,RTD,7/31/2026 3:20:00 AM,CLUZ,Dr,800,
7/31/2026 3:15:00 AM,RTD,7/31/2026 3:20:00 AM,CMIN,Fr,3250,
7/31/2026 3:15:00 AM,RTD,7/31/2026 3:20:00 AM,CVIS,Fr,14000,
7/31/2026 3:15:00 AM,RTD,7/31/2026 3:20:00 AM,CLUZ,Fr,1100,
7/31/2026 3:15:00 AM,RTD,7/31/2026 3:20:00 AM,CVIS,Rd,1155.32,
7/31/2026 3:15:00 AM,RTD,7/31/2026 3:20:00 AM,CMIN,Rd,24999.83,
7/31/2026 3:15:00 AM,RTD,7/31/2026 3:20:00 AM,CLUZ,Rd,14998,
7/31/2026 3:15:00 AM,RTD,7/31/2026 3:20:00 AM,CVIS,Ru,1000,
7/31/2026 3:15:00 AM,RTD,7/31/2026 3:20:00 AM,CLUZ,Ru,14998,
7/31/2026 3:15:00 AM,RTD,7/31/2026 3:20:00 AM,CMIN,Ru,24999.83,
7/31/2026 3:20:00 AM,RTD,7/31/2026 3:25:00 AM,CLUZ,Dr,800,
7/31/2026 3:20:00 AM,RTD,7/31/2026 3:25:00 AM,CVIS,Dr,1899,
7/31/2026 3:20:00 AM,RTD,7/31/2026 3:25:00 AM,CMIN,Dr,0,
7/31/2026 3:20:00 AM,RTD,7/31/2026 3:25:00 AM,CVIS,Fr,14000,
7/31/2026 3:20:00 AM,RTD,7/31/2026 3:25:00 AM,CLUZ,Fr,1100,
7/31/2026 3:20:00 AM,RTD,7/31/2026 3:25:00 AM,CMIN,Fr,3250,
7/31/2026 3:20:00 AM,RTD,7/31/2026 3:25:00 AM,CLUZ,Rd,14998,
7/31/2026 3:20:00 AM,RTD,7/31/2026 3:25:00 AM,CVIS,Rd,1000,
7/31/2026 3:20:00 AM,RTD,7/31/2026 3:25:00 AM,CMIN,Rd,24999.83,
7/31/2026 3:20:00 AM,RTD,7/31/2026 3:25:00 AM,CLUZ,Ru,14998,
7/31/2026 3:20:00 AM,RTD,7/31/2026 3:25:00 AM,CMIN,Ru,24999.83,
7/31/2026 3:20:00 AM,RTD,7/31/2026 3:25:00 AM,CVIS,Ru,1000,
7/31/2026 3:25:00 AM,RTD,7/31/2026 3:30:00 AM,CVIS,Dr,1899,
7/31/2026 3:25:00 AM,RTD,7/31/2026 3:30:00 AM,CMIN,Dr,0,
7/31/2026 3:25:00 AM,RTD,7/31/2026 3:30:00 AM,CLUZ,Dr,800,
7/31/2026 3:25:00 AM,RTD,7/31/2026 3:30:00 AM,CMIN,Fr,3250,
7/31/2026 3:25:00 AM,RTD,7/31/2026 3:30:00 AM,CVIS,Fr,14000,
7/31/2026 3:25:00 AM,RTD,7/31/2026 3:30:00 AM,CLUZ,Fr,1100,
7/31/2026 3:25:00 AM,RTD,7/31/2026 3:30:00 AM,CVIS,Rd,1000,
7/31/2026 3:25:00 AM,RTD,7/31/2026 3:30:00 AM,CMIN,Rd,24999.83,
7/31/2026 3:25:00 AM,RTD,7/31/2026 3:30:00 AM,CLUZ,Rd,14998,
7/31/2026 3:25:00 AM,RTD,7/31/2026 3:30:00 AM,CVIS,Ru,1000,
7/31/2026 3:25:00 AM,RTD,7/31/2026 3:30:00 AM,CLUZ,Ru,14998,
7/31/2026 3:25:00 AM,RTD,7/31/2026 3:30:00 AM,CMIN,Ru,24999.83,
7/31/2026 3:30:00 AM,RTD,7/31/2026 3:35:00 AM,CVIS,Dr,1899,
7/31/2026 3:30:00 AM,RTD,7/31/2026 3:35:00 AM,CMIN,Dr,0,
7/31/2026 3:30:00 AM,RTD,7/31/2026 3:35:00 AM,CLUZ,Dr,800,
7/31/2026 3:30:00 AM,RTD,7/31/2026 3:35:00 AM,CMIN,Fr,3250,
7/31/2026 3:30:00 AM,RTD,7/31/2026 3:35:00 AM,CVIS,Fr,14000,
7/31/2026 3:30:00 AM,RTD,7/31/2026 3:35:00 AM,CLUZ,Fr,1100,
7/31/2026 3:30:00 AM,RTD,7/31/2026 3:35:00 AM,CVIS,Rd,19998,
7/31/2026 3:30:00 AM,RTD,7/31/2026 3:35:00 AM,CMIN,Rd,24999.83,
7/31/2026 3:30:00 AM,RTD,7/31/2026 3:35:00 AM,CLUZ,Rd,14998,
7/31/2026 3:30:00 AM,RTD,7/31/2026 3:35:00 AM,CVIS,Ru,19998,
7/31/2026 3:30:00 AM,RTD,7/31/2026 3:35:00 AM,CLUZ,Ru,14998,
7/31/2026 3:30:00 AM,RTD,7/31/2026 3:35:00 AM,CMIN,Ru,24999.83,
7/31/2026 3:35:00 AM,RTD,7/31/2026 3:40:00 AM,CLUZ,Dr,800,
7/31/2026 3:35:00 AM,RTD,7/31/2026 3:40:00 AM,CMIN,Dr,0,
7/31/2026 3:35:00 AM,RTD,7/31/2026 3:40:00 AM,CVIS,Dr,1899,
7/31/2026 3:35:00 AM,RTD,7/31/2026 3:40:00 AM,CMIN,Fr,3250,
7/31/2026 3:35:00 AM,RTD,7/31/2026 3:40:00 AM,CLUZ,Fr,1100,
7/31/2026 3:35:00 AM,RTD,7/31/2026 3:40:00 AM,CVIS,Fr,14000,
7/31/2026 3:35:00 AM,RTD,7/31/2026 3:40:00 AM,CLUZ,Rd,14998,
7/31/2026 3:35:00 AM,RTD,7/31/2026 3:40:00 AM,CVIS,Rd,19998,
7/31/2026 3:35:00 AM,RTD,7/31/2026 3:40:00 AM,CMIN,Rd,24999.83,
7/31/2026 3:35:00 AM,RTD,7/31/2026 3:40:00 AM,CMIN,Ru,24999.83,
7/31/2026 3:35:00 AM,RTD,7/31/2026 3:40:00 AM,CLUZ,Ru,14998,
7/31/2026 3:35:00 AM,RTD,7/31/2026 3:40:00 AM,CVIS,Ru,19998,
7/31/2026 3:40:00 AM,RTD,7/31/2026 3:45:00 AM,CVIS,Dr,1899,
7/31/2026 3:40:00 AM,RTD,7/31/2026 3:45:00 AM,CLUZ,Dr,800,
7/31/2026 3:40:00 AM,RTD,7/31/2026 3:45:00 AM,CMIN,Dr,0,
7/31/2026 3:40:00 AM,RTD,7/31/2026 3:45:00 AM,CMIN,Fr,3250,
7/31/2026 3:40:00 AM,RTD,7/31/2026 3:45:00 AM,CLUZ,Fr,1100,
7/31/2026 3:40:00 AM,RTD,7/31/2026 3:45:00 AM,CVIS,Fr,14000,
7/31/2026 3:40:00 AM,RTD,7/31/2026 3:45:00 AM,CMIN,Rd,24999.83,
7/31/2026 3:40:00 AM,RTD,7/31/2026 3:45:00 AM,CLUZ,Rd,14998,
7/31/2026 3:40:00 AM,RTD,7/31/2026 3:45:00 AM,CVIS,Rd,19998,
7/31/2026 3:40:00 AM,RTD,7/31/2026 3:45:00 AM,CMIN,Ru,24999.83,
7/31/2026 3:40:00 AM,RTD,7/31/2026 3:45:00 AM,CLUZ,Ru,14998,
7/31/2026 3:40:00 AM,RTD,7/31/2026 3:45:00 AM,CVIS,Ru,19998,
7/31/2026 3:45:00 AM,RTD,7/31/2026 3:50:00 AM,CVIS,Dr,1899,
7/31/2026 3:45:00 AM,RTD,7/31/2026 3:50:00 AM,CLUZ,Dr,800,
7/31/2026 3:45:00 AM,RTD,7/31/2026 3:50:00 AM,CMIN,Dr,0,
7/31/2026 3:45:00 AM,RTD,7/31/2026 3:50:00 AM,CVIS,Fr,14000,
7/31/2026 3:45:00 AM,RTD,7/31/2026 3:50:00 AM,CLUZ,Fr,1100,
7/31/2026 3:45:00 AM,RTD,7/31/2026 3:50:00 AM,CMIN,Fr,3250,
7/31/2026 3:45:00 AM,RTD,7/31/2026 3:50:00 AM,CMIN,Rd,24999.83,
7/31/2026 3:45:00 AM,RTD,7/31/2026 3:50:00 AM,CVIS,Rd,19998,
7/31/2026 3:45:00 AM,RTD,7/31/2026 3:50:00 AM,CLUZ,Rd,14998,
7/31/2026 3:45:00 AM,RTD,7/31/2026 3:50:00 AM,CVIS,Ru,19998,
7/31/2026 3:45:00 AM,RTD,7/31/2026 3:50:00 AM,CMIN,Ru,24999.83,
7/31/2026 3:45:00 AM,RTD,7/31/2026 3:50:00 AM,CLUZ,Ru,14998,
7/31/2026 3:50:00 AM,RTD,7/31/2026 3:55:00 AM,CLUZ,Dr,800,
7/31/2026 3:50:00 AM,RTD,7/31/2026 3:55:00 AM,CVIS,Dr,1899,
7/31/2026 3:50:00 AM,RTD,7/31/2026 3:55:00 AM,CMIN,Dr,0,
7/31/2026 3:50:00 AM,RTD,7/31/2026 3:55:00 AM,CMIN,Fr,3250,
7/31/2026 3:50:00 AM,RTD,7/31/2026 3:55:00 AM,CVIS,Fr,14000,
7/31/2026 3:50:00 AM,RTD,7/31/2026 3:55:00 AM,CLUZ,Fr,1100,
7/31/2026 3:50:00 AM,RTD,7/31/2026 3:55:00 AM,CVIS,Rd,19998,
7/31/2026 3:50:00 AM,RTD,7/31/2026 3:55:00 AM,CLUZ,Rd,14998,
7/31/2026 3:50:00 AM,RTD,7/31/2026 3:55:00 AM,CMIN,Rd,24999.83,
7/31/2026 3:50:00 AM,RTD,7/31/2026 3:55:00 AM,CVIS,Ru,19998,
7/31/2026 3:50:00 AM,RTD,7/31/2026 3:55:00 AM,CMIN,Ru,24999.83,
7/31/2026 3:50:00 AM,RTD,7/31/2026 3:55:00 AM,CLUZ,Ru,14998,
7/31/2026 3:55:00 AM,RTD,7/31/2026 4:00:00 AM,CLUZ,Dr,800,
7/31/2026 3:55:00 AM,RTD,7/31/2026 4:00:00 AM,CVIS,Dr,1899,
7/31/2026 3:55:00 AM,RTD,7/31/2026 4:00:00 AM,CMIN,Dr,0,
7/31/2026 3:55:00 AM,RTD,7/31/2026 4:00:00 AM,CVIS,Fr,14000,
7/31/2026 3:55:00 AM,RTD,7/31/2026 4:00:00 AM,CMIN,Fr,3250,
7/31/2026 3:55:00 AM,RTD,7/31/2026 4:00:00 AM,CLUZ,Fr,1100,
7/31/2026 3:55:00 AM,RTD,7/31/2026 4:00:00 AM,CMIN,Rd,24999.83,
7/31/2026 3:55:00 AM,RTD,7/31/2026 4:00:00 AM,CLUZ,Rd,14998,
7/31/2026 3:55:00 AM,RTD,7/31/2026 4:00:00 AM,CVIS,Rd,19998,
7/31/2026 3:55:00 AM,RTD,7/31/2026 4:00:00 AM,CVIS,Ru,19998,
7/31/2026 3:55:00 AM,RTD,7/31/2026 4:00:00 AM,CMIN,Ru,24999.83,
7/31/2026 3:55:00 AM,RTD,7/31/2026 4:00:00 AM,CLUZ,Ru,14998,
7/31/2026 4:00:00 AM,RTD,7/31/2026 4:05:00 AM,CVIS,Dr,420,
7/31/2026 4:00:00 AM,RTD,7/31/2026 4:05:00 AM,CMIN,Dr,0,
7/31/2026 4:00:00 AM,RTD,7/31/2026 4:05:00 AM,CLUZ,Dr,800,
7/31/2026 4:00:00 AM,RTD,7/31/2026 4:05:00 AM,CMIN,Fr,3250,
7/31/2026 4:00:00 AM,RTD,7/31/2026 4:05:00 AM,CVIS,Fr,14000,
7/31/2026 4:00:00 AM,RTD,7/31/2026 4:05:00 AM,CLUZ,Fr,1100,
7/31/2026 4:00:00 AM,RTD,7/31/2026 4:05:00 AM,CVIS,Rd,19998,
7/31/2026 4:00:00 AM,RTD,7/31/2026 4:05:00 AM,CMIN,Rd,24999.83,
7/31/2026 4:00:00 AM,RTD,7/31/2026 4:05:00 AM,CLUZ,Rd,14998,
7/31/2026 4:00:00 AM,RTD,7/31/2026 4:05:00 AM,CVIS,Ru,19998,
7/31/2026 4:00:00 AM,RTD,7/31/2026 4:05:00 AM,CLUZ,Ru,14998,
7/31/2026 4:00:00 AM,RTD,7/31/2026 4:05:00 AM,CMIN,Ru,24999.83,
7/31/2026 4:05:00 AM,RTD,7/31/2026 4:10:00 AM,CVIS,Dr,330,
7/31/2026 4:05:00 AM,RTD,7/31/2026 4:10:00 AM,CMIN,Dr,0,
7/31/2026 4:05:00 AM,RTD,7/31/2026 4:10:00 AM,CLUZ,Dr,800,
7/31/2026 4:05:00 AM,RTD,7/31/2026 4:10:00 AM,CMIN,Fr,3250,
7/31/2026 4:05:00 AM,RTD,7/31/2026 4:10:00 AM,CVIS,Fr,14000,
7/31/2026 4:05:00 AM,RTD,7/31/2026 4:10:00 AM,CLUZ,Fr,1100,
7/31/2026 4:05:00 AM,RTD,7/31/2026 4:10:00 AM,CVIS,Rd,19998,
7/31/2026 4:05:00 AM,RTD,7/31/2026 4:10:00 AM,CMIN,Rd,24999.83,
7/31/2026 4:05:00 AM,RTD,7/31/2026 4:10:00 AM,CLUZ,Rd,14998,
7/31/2026 4:05:00 AM,RTD,7/31/2026 4:10:00 AM,CVIS,Ru,19998,
7/31/2026 4:05:00 AM,RTD,7/31/2026 4:10:00 AM,CLUZ,Ru,14998,
7/31/2026 4:05:00 AM,RTD,7/31/2026 4:10:00 AM,CMIN,Ru,24999.83,
7/31/2026 4:10:00 AM,RTD,7/31/2026 4:15:00 AM,CVIS,Dr,330,
7/31/2026 4:10:00 AM,RTD,7/31/2026 4:15:00 AM,CMIN,Dr,0,
7/31/2026 4:10:00 AM,RTD,7/31/2026 4:15:00 AM,CLUZ,Dr,800,
7/31/2026 4:10:00 AM,RTD,7/31/2026 4:15:00 AM,CMIN,Fr,3250,
7/31/2026 4:10:00 AM,RTD,7/31/2026 4:15:00 AM,CVIS,Fr,14000,
7/31/2026 4:10:00 AM,RTD,7/31/2026 4:15:00 AM,CLUZ,Fr,1100,
7/31/2026 4:10:00 AM,RTD,7/31/2026 4:15:00 AM,CVIS,Rd,19998,
7/31/2026 4:10:00 AM,RTD,7/31/2026 4:15:00 AM,CMIN,Rd,24999.83,
7/31/2026 4:10:00 AM,RTD,7/31/2026 4:15:00 AM,CLUZ,Rd,14998,
7/31/2026 4:10:00 AM,RTD,7/31/2026 4:15:00 AM,CVIS,Ru,19998,
7/31/2026 4:10:00 AM,RTD,7/31/2026 4:15:00 AM,CLUZ,Ru,14998,
7/31/2026 4:10:00 AM,RTD,7/31/2026 4:15:00 AM,CMIN,Ru,24999.83,
7/31/2026 4:15:00 AM,RTD,7/31/2026 4:20:00 AM,CVIS,Dr,330,
7/31/2026 4:15:00 AM,RTD,7/31/2026 4:20:00 AM,CMIN,Dr,0,
7/31/2026 4:15:00 AM,RTD,7/31/2026 4:20:00 AM,CLUZ,Dr,800,
7/31/2026 4:15:00 AM,RTD,7/31/2026 4:20:00 AM,CMIN,Fr,3250,
7/31/2026 4:15:00 AM,RTD,7/31/2026 4:20:00 AM,CVIS,Fr,14000,
7/31/2026 4:15:00 AM,RTD,7/31/2026 4:20:00 AM,CLUZ,Fr,1100,
7/31/2026 4:15:00 AM,RTD,7/31/2026 4:20:00 AM,CVIS,Rd,19998,
7/31/2026 4:15:00 AM,RTD,7/31/2026 4:20:00 AM,CMIN,Rd,24999.83,
7/31/2026 4:15:00 AM,RTD,7/31/2026 4:20:00 AM,CLUZ,Rd,14998,
7/31/2026 4:15:00 AM,RTD,7/31/2026 4:20:00 AM,CVIS,Ru,19998,
7/31/2026 4:15:00 AM,RTD,7/31/2026 4:20:00 AM,CLUZ,Ru,14998,
7/31/2026 4:15:00 AM,RTD,7/31/2026 4:20:00 AM,CMIN,Ru,24999.83,
7/31/2026 4:20:00 AM,RTD,7/31/2026 4:25:00 AM,CVIS,Dr,330,
7/31/2026 4:20:00 AM,RTD,7/31/2026 4:25:00 AM,CMIN,Dr,0,
7/31/2026 4:20:00 AM,RTD,7/31/2026 4:25:00 AM,CLUZ,Dr,800,
7/31/2026 4:20:00 AM,RTD,7/31/2026 4:25:00 AM,CMIN,Fr,3250,
7/31/2026 4:20:00 AM,RTD,7/31/2026 4:25:00 AM,CVIS,Fr,14000,
7/31/2026 4:20:00 AM,RTD,7/31/2026 4:25:00 AM,CLUZ,Fr,1100,
7/31/2026 4:20:00 AM,RTD,7/31/2026 4:25:00 AM,CVIS,Rd,19998,
7/31/2026 4:20:00 AM,RTD,7/31/2026 4:25:00 AM,CMIN,Rd,24999.83,
7/31/2026 4:20:00 AM,RTD,7/31/2026 4:25:00 AM,CLUZ,Rd,14998,
7/31/2026 4:20:00 AM,RTD,7/31/2026 4:25:00 AM,CVIS,Ru,19998,
7/31/2026 4:20:00 AM,RTD,7/31/2026 4:25:00 AM,CLUZ,Ru,14998,
7/31/2026 4:20:00 AM,RTD,7/31/2026 4:25:00 AM,CMIN,Ru,24999.83,
7/31/2026 4:25:00 AM,RTD,7/31/2026 4:30:00 AM,CVIS,Dr,330,
7/31/2026 4:25:00 AM,RTD,7/31/2026 4:30:00 AM,CMIN,Dr,0,
7/31/2026 4:25:00 AM,RTD,7/31/2026 4:30:00 AM,CLUZ,Dr,800,
7/31/2026 4:25:00 AM,RTD,7/31/2026 4:30:00 AM,CMIN,Fr,3250,
7/31/2026 4:25:00 AM,RTD,7/31/2026 4:30:00 AM,CVIS,Fr,14000,
7/31/2026 4:25:00 AM,RTD,7/31/2026 4:30:00 AM,CLUZ,Fr,1100,
7/31/2026 4:25:00 AM,RTD,7/31/2026 4:30:00 AM,CVIS,Rd,19998,
7/31/2026 4:25:00 AM,RTD,7/31/2026 4:30:00 AM,CMIN,Rd,24999.83,
7/31/2026 4:25:00 AM,RTD,7/31/2026 4:30:00 AM,CLUZ,Rd,14998,
7/31/2026 4:25:00 AM,RTD,7/31/2026 4:30:00 AM,CVIS,Ru,19998,
7/31/2026 4:25:00 AM,RTD,7/31/2026 4:30:00 AM,CLUZ,Ru,14998,
7/31/2026 4:25:00 AM,RTD,7/31/2026 4:30:00 AM,CMIN,Ru,24999.83,
7/31/2026 4:30:00 AM,RTD,7/31/2026 4:35:00 AM,CVIS,Dr,420,
7/31/2026 4:30:00 AM,RTD,7/31/2026 4:35:00 AM,CMIN,Dr,0,
7/31/2026 4:30:00 AM,RTD,7/31/2026 4:35:00 AM,CLUZ,Dr,800,
7/31/2026 4:30:00 AM,RTD,7/31/2026 4:35:00 AM,CMIN,Fr,3250,
7/31/2026 4:30:00 AM,RTD,7/31/2026 4:35:00 AM,CVIS,Fr,14000,
7/31/2026 4:30:00 AM,RTD,7/31/2026 4:35:00 AM,CLUZ,Fr,1100,
7/31/2026 4:30:00 AM,RTD,7/31/2026 4:35:00 AM,CVIS,Rd,19998,
7/31/2026 4:30:00 AM,RTD,7/31/2026 4:35:00 AM,CMIN,Rd,24999.83,
7/31/2026 4:30:00 AM,RTD,7/31/2026 4:35:00 AM,CLUZ,Rd,14997.99,
7/31/2026 4:30:00 AM,RTD,7/31/2026 4:35:00 AM,CVIS,Ru,19998,
7/31/2026 4:30:00 AM,RTD,7/31/2026 4:35:00 AM,CLUZ,Ru,14997.99,
7/31/2026 4:30:00 AM,RTD,7/31/2026 4:35:00 AM,CMIN,Ru,24999.83,
7/31/2026 4:35:00 AM,RTD,7/31/2026 4:40:00 AM,CVIS,Dr,420,
7/31/2026 4:35:00 AM,RTD,7/31/2026 4:40:00 AM,CMIN,Dr,0,
7/31/2026 4:35:00 AM,RTD,7/31/2026 4:40:00 AM,CLUZ,Dr,800,
7/31/2026 4:35:00 AM,RTD,7/31/2026 4:40:00 AM,CMIN,Fr,3250,
7/31/2026 4:35:00 AM,RTD,7/31/2026 4:40:00 AM,CVIS,Fr,14000,
7/31/2026 4:35:00 AM,RTD,7/31/2026 4:40:00 AM,CLUZ,Fr,1100,
7/31/2026 4:35:00 AM,RTD,7/31/2026 4:40:00 AM,CVIS,Rd,19998,
7/31/2026 4:35:00 AM,RTD,7/31/2026 4:40:00 AM,CMIN,Rd,24999.83,
7/31/2026 4:35:00 AM,RTD,7/31/2026 4:40:00 AM,CLUZ,Rd,14997.99,
7/31/2026 4:35:00 AM,RTD,7/31/2026 4:40:00 AM,CVIS,Ru,19998,
7/31/2026 4:35:00 AM,RTD,7/31/2026 4:40:00 AM,CLUZ,Ru,14997.99,
7/31/2026 4:35:00 AM,RTD,7/31/2026 4:40:00 AM,CMIN,Ru,24999.83,
7/31/2026 4:40:00 AM,RTD,7/31/2026 4:45:00 AM,CVIS,Dr,320,
7/31/2026 4:40:00 AM,RTD,7/31/2026 4:45:00 AM,CMIN,Dr,0,
7/31/2026 4:40:00 AM,RTD,7/31/2026 4:45:00 AM,CLUZ,Dr,800,
7/31/2026 4:40:00 AM,RTD,7/31/2026 4:45:00 AM,CMIN,Fr,3250,
7/31/2026 4:40:00 AM,RTD,7/31/2026 4:45:00 AM,CVIS,Fr,14000,
7/31/2026 4:40:00 AM,RTD,7/31/2026 4:45:00 AM,CLUZ,Fr,1100,
7/31/2026 4:40:00 AM,RTD,7/31/2026 4:45:00 AM,CVIS,Rd,19998,
7/31/2026 4:40:00 AM,RTD,7/31/2026 4:45:00 AM,CMIN,Rd,24999.83,
7/31/2026 4:40:00 AM,RTD,7/31/2026 4:45:00 AM,CLUZ,Rd,14997.99,
7/31/2026 4:40:00 AM,RTD,7/31/2026 4:45:00 AM,CVIS,Ru,19998,
7/31/2026 4:40:00 AM,RTD,7/31/2026 4:45:00 AM,CLUZ,Ru,14997.99,
7/31/2026 4:40:00 AM,RTD,7/31/2026 4:45:00 AM,CMIN,Ru,24999.83,
7/31/2026 4:45:00 AM,RTD,7/31/2026 4:50:00 AM,CVIS,Dr,200,
7/31/2026 4:45:00 AM,RTD,7/31/2026 4:50:00 AM,CMIN,Dr,0,
7/31/2026 4:45:00 AM,RTD,7/31/2026 4:50:00 AM,CLUZ,Dr,800,
7/31/2026 4:45:00 AM,RTD,7/31/2026 4:50:00 AM,CMIN,Fr,3250,
7/31/2026 4:45:00 AM,RTD,7/31/2026 4:50:00 AM,CVIS,Fr,14000,
7/31/2026 4:45:00 AM,RTD,7/31/2026 4:50:00 AM,CLUZ,Fr,1100,
7/31/2026 4:45:00 AM,RTD,7/31/2026 4:50:00 AM,CVIS,Rd,19998,
7/31/2026 4:45:00 AM,RTD,7/31/2026 4:50:00 AM,CMIN,Rd,24999.83,
7/31/2026 4:45:00 AM,RTD,7/31/2026 4:50:00 AM,CLUZ,Rd,14997.99,
7/31/2026 4:45:00 AM,RTD,7/31/2026 4:50:00 AM,CVIS,Ru,19998,
7/31/2026 4:45:00 AM,RTD,7/31/2026 4:50:00 AM,CLUZ,Ru,14997.99,
7/31/2026 4:45:00 AM,RTD,7/31/2026 4:50:00 AM,CMIN,Ru,24999.83,
7/31/2026 4:50:00 AM,RTD,7/31/2026 4:55:00 AM,CLUZ,Dr,800,
7/31/2026 4:50:00 AM,RTD,7/31/2026 4:55:00 AM,CVIS,Dr,200,
7/31/2026 4:50:00 AM,RTD,7/31/2026 4:55:00 AM,CMIN,Dr,0,
7/31/2026 4:50:00 AM,RTD,7/31/2026 4:55:00 AM,CVIS,Fr,14000,
7/31/2026 4:50:00 AM,RTD,7/31/2026 4:55:00 AM,CLUZ,Fr,1100,
7/31/2026 4:50:00 AM,RTD,7/31/2026 4:55:00 AM,CMIN,Fr,3250,
7/31/2026 4:50:00 AM,RTD,7/31/2026 4:55:00 AM,CVIS,Rd,19998,
7/31/2026 4:50:00 AM,RTD,7/31/2026 4:55:00 AM,CLUZ,Rd,14997.99,
7/31/2026 4:50:00 AM,RTD,7/31/2026 4:55:00 AM,CMIN,Rd,24999.83,
7/31/2026 4:50:00 AM,RTD,7/31/2026 4:55:00 AM,CVIS,Ru,19998,
7/31/2026 4:50:00 AM,RTD,7/31/2026 4:55:00 AM,CLUZ,Ru,14997.99,
7/31/2026 4:50:00 AM,RTD,7/31/2026 4:55:00 AM,CMIN,Ru,24999.83,
7/31/2026 4:55:00 AM,RTD,7/31/2026 5:00:00 AM,CMIN,Dr,0,
7/31/2026 4:55:00 AM,RTD,7/31/2026 5:00:00 AM,CLUZ,Dr,800,
7/31/2026 4:55:00 AM,RTD,7/31/2026 5:00:00 AM,CVIS,Dr,200,
7/31/2026 4:55:00 AM,RTD,7/31/2026 5:00:00 AM,CLUZ,Fr,1100,
7/31/2026 4:55:00 AM,RTD,7/31/2026 5:00:00 AM,CMIN,Fr,3250,
7/31/2026 4:55:00 AM,RTD,7/31/2026 5:00:00 AM,CVIS,Fr,14000,
7/31/2026 4:55:00 AM,RTD,7/31/2026 5:00:00 AM,CMIN,Rd,24999.83,
7/31/2026 4:55:00 AM,RTD,7/31/2026 5:00:00 AM,CLUZ,Rd,14997.99,
7/31/2026 4:55:00 AM,RTD,7/31/2026 5:00:00 AM,CVIS,Rd,19998,
7/31/2026 4:55:00 AM,RTD,7/31/2026 5:00:00 AM,CMIN,Ru,24999.83,
7/31/2026 4:55:00 AM,RTD,7/31/2026 5:00:00 AM,CVIS,Ru,19998,
7/31/2026 4:55:00 AM,RTD,7/31/2026 5:00:00 AM,CLUZ,Ru,14997.99,
7/31/2026 5:00:00 AM,RTD,7/31/2026 5:05:00 AM,CMIN,Dr,0,
7/31/2026 5:00:00 AM,RTD,7/31/2026 5:05:00 AM,CVIS,Dr,1899,
7/31/2026 5:00:00 AM,RTD,7/31/2026 5:05:00 AM,CLUZ,Dr,800,
7/31/2026 5:00:00 AM,RTD,7/31/2026 5:05:00 AM,CLUZ,Fr,1100,
7/31/2026 5:00:00 AM,RTD,7/31/2026 5:05:00 AM,CVIS,Fr,14000,
7/31/2026 5:00:00 AM,RTD,7/31/2026 5:05:00 AM,CMIN,Fr,3250,
7/31/2026 5:00:00 AM,RTD,7/31/2026 5:05:00 AM,CMIN,Rd,24999.83,
7/31/2026 5:00:00 AM,RTD,7/31/2026 5:05:00 AM,CVIS,Rd,19998,
7/31/2026 5:00:00 AM,RTD,7/31/2026 5:05:00 AM,CLUZ,Rd,14997.99,
7/31/2026 5:00:00 AM,RTD,7/31/2026 5:05:00 AM,CVIS,Ru,19998,
7/31/2026 5:00:00 AM,RTD,7/31/2026 5:05:00 AM,CMIN,Ru,24999.83,
7/31/2026 5:00:00 AM,RTD,7/31/2026 5:05:00 AM,CLUZ,Ru,14997.99,
7/31/2026 5:05:00 AM,RTD,7/31/2026 5:10:00 AM,CVIS,Dr,1899,
7/31/2026 5:05:00 AM,RTD,7/31/2026 5:10:00 AM,CLUZ,Dr,800,
7/31/2026 5:05:00 AM,RTD,7/31/2026 5:10:00 AM,CMIN,Dr,0,
7/31/2026 5:05:00 AM,RTD,7/31/2026 5:10:00 AM,CLUZ,Fr,1100,
7/31/2026 5:05:00 AM,RTD,7/31/2026 5:10:00 AM,CVIS,Fr,14000,
7/31/2026 5:05:00 AM,RTD,7/31/2026 5:10:00 AM,CMIN,Fr,3250,
7/31/2026 5:05:00 AM,RTD,7/31/2026 5:10:00 AM,CLUZ,Rd,14997.99,
7/31/2026 5:05:00 AM,RTD,7/31/2026 5:10:00 AM,CMIN,Rd,24999.83,
7/31/2026 5:05:00 AM,RTD,7/31/2026 5:10:00 AM,CVIS,Rd,19998,
7/31/2026 5:05:00 AM,RTD,7/31/2026 5:10:00 AM,CMIN,Ru,24999.83,
7/31/2026 5:05:00 AM,RTD,7/31/2026 5:10:00 AM,CVIS,Ru,19998,
7/31/2026 5:05:00 AM,RTD,7/31/2026 5:10:00 AM,CLUZ,Ru,14997.99,
7/31/2026 5:10:00 AM,RTD,7/31/2026 5:15:00 AM,CVIS,Dr,1899,
7/31/2026 5:10:00 AM,RTD,7/31/2026 5:15:00 AM,CLUZ,Dr,800,
7/31/2026 5:10:00 AM,RTD,7/31/2026 5:15:00 AM,CMIN,Dr,0,
7/31/2026 5:10:00 AM,RTD,7/31/2026 5:15:00 AM,CVIS,Fr,15500,
7/31/2026 5:10:00 AM,RTD,7/31/2026 5:15:00 AM,CMIN,Fr,3250,
7/31/2026 5:10:00 AM,RTD,7/31/2026 5:15:00 AM,CLUZ,Fr,1100,
7/31/2026 5:10:00 AM,RTD,7/31/2026 5:15:00 AM,CVIS,Rd,19998,
7/31/2026 5:10:00 AM,RTD,7/31/2026 5:15:00 AM,CLUZ,Rd,14997.99,
7/31/2026 5:10:00 AM,RTD,7/31/2026 5:15:00 AM,CMIN,Rd,24999.83,
7/31/2026 5:10:00 AM,RTD,7/31/2026 5:15:00 AM,CVIS,Ru,19998,
7/31/2026 5:10:00 AM,RTD,7/31/2026 5:15:00 AM,CMIN,Ru,24999.83,
7/31/2026 5:10:00 AM,RTD,7/31/2026 5:15:00 AM,CLUZ,Ru,14997.99,
7/31/2026 5:15:00 AM,RTD,7/31/2026 5:20:00 AM,CMIN,Dr,0,
7/31/2026 5:15:00 AM,RTD,7/31/2026 5:20:00 AM,CVIS,Dr,1899,
7/31/2026 5:15:00 AM,RTD,7/31/2026 5:20:00 AM,CLUZ,Dr,800,
7/31/2026 5:15:00 AM,RTD,7/31/2026 5:20:00 AM,CLUZ,Fr,1100,
7/31/2026 5:15:00 AM,RTD,7/31/2026 5:20:00 AM,CVIS,Fr,15500,
7/31/2026 5:15:00 AM,RTD,7/31/2026 5:20:00 AM,CMIN,Fr,3250,
7/31/2026 5:15:00 AM,RTD,7/31/2026 5:20:00 AM,CLUZ,Rd,14997.99,
7/31/2026 5:15:00 AM,RTD,7/31/2026 5:20:00 AM,CMIN,Rd,24999.83,
7/31/2026 5:15:00 AM,RTD,7/31/2026 5:20:00 AM,CVIS,Rd,19998,
7/31/2026 5:15:00 AM,RTD,7/31/2026 5:20:00 AM,CVIS,Ru,19998,
7/31/2026 5:15:00 AM,RTD,7/31/2026 5:20:00 AM,CLUZ,Ru,14997.99,
7/31/2026 5:15:00 AM,RTD,7/31/2026 5:20:00 AM,CMIN,Ru,24999.83,
7/31/2026 5:20:00 AM,RTD,7/31/2026 5:25:00 AM,CVIS,Dr,1899,
7/31/2026 5:20:00 AM,RTD,7/31/2026 5:25:00 AM,CMIN,Dr,0,
7/31/2026 5:20:00 AM,RTD,7/31/2026 5:25:00 AM,CLUZ,Dr,800,
7/31/2026 5:20:00 AM,RTD,7/31/2026 5:25:00 AM,CMIN,Fr,3250,
7/31/2026 5:20:00 AM,RTD,7/31/2026 5:25:00 AM,CVIS,Fr,15500,
7/31/2026 5:20:00 AM,RTD,7/31/2026 5:25:00 AM,CLUZ,Fr,1104.20,
7/31/2026 5:20:00 AM,RTD,7/31/2026 5:25:00 AM,CVIS,Rd,19998,
7/31/2026 5:20:00 AM,RTD,7/31/2026 5:25:00 AM,CMIN,Rd,24999.83,
7/31/2026 5:20:00 AM,RTD,7/31/2026 5:25:00 AM,CLUZ,Rd,14997.99,
7/31/2026 5:20:00 AM,RTD,7/31/2026 5:25:00 AM,CVIS,Ru,19998,
7/31/2026 5:20:00 AM,RTD,7/31/2026 5:25:00 AM,CLUZ,Ru,14997.99,
7/31/2026 5:20:00 AM,RTD,7/31/2026 5:25:00 AM,CMIN,Ru,24999.83,
7/31/2026 5:25:00 AM,RTD,7/31/2026 5:30:00 AM,CVIS,Dr,1899,
7/31/2026 5:25:00 AM,RTD,7/31/2026 5:30:00 AM,CMIN,Dr,0,
7/31/2026 5:25:00 AM,RTD,7/31/2026 5:30:00 AM,CLUZ,Dr,800,
7/31/2026 5:25:00 AM,RTD,7/31/2026 5:30:00 AM,CMIN,Fr,3250,
7/31/2026 5:25:00 AM,RTD,7/31/2026 5:30:00 AM,CVIS,Fr,15500,
7/31/2026 5:25:00 AM,RTD,7/31/2026 5:30:00 AM,CLUZ,Fr,1103.73,
7/31/2026 5:25:00 AM,RTD,7/31/2026 5:30:00 AM,CVIS,Rd,19998,
7/31/2026 5:25:00 AM,RTD,7/31/2026 5:30:00 AM,CMIN,Rd,24999.83,
7/31/2026 5:25:00 AM,RTD,7/31/2026 5:30:00 AM,CLUZ,Rd,14997.99,
7/31/2026 5:25:00 AM,RTD,7/31/2026 5:30:00 AM,CVIS,Ru,19998,
7/31/2026 5:25:00 AM,RTD,7/31/2026 5:30:00 AM,CLUZ,Ru,14997.99,
7/31/2026 5:25:00 AM,RTD,7/31/2026 5:30:00 AM,CMIN,Ru,24999.83,
7/31/2026 5:30:00 AM,RTD,7/31/2026 5:35:00 AM,CVIS,Dr,1899,
7/31/2026 5:30:00 AM,RTD,7/31/2026 5:35:00 AM,CMIN,Dr,0,
7/31/2026 5:30:00 AM,RTD,7/31/2026 5:35:00 AM,CLUZ,Dr,800,
7/31/2026 5:30:00 AM,RTD,7/31/2026 5:35:00 AM,CMIN,Fr,3250,
7/31/2026 5:30:00 AM,RTD,7/31/2026 5:35:00 AM,CVIS,Fr,15500,
7/31/2026 5:30:00 AM,RTD,7/31/2026 5:35:00 AM,CLUZ,Fr,1113.09,
7/31/2026 5:30:00 AM,RTD,7/31/2026 5:35:00 AM,CVIS,Rd,19998,
7/31/2026 5:30:00 AM,RTD,7/31/2026 5:35:00 AM,CMIN,Rd,24999.83,
7/31/2026 5:30:00 AM,RTD,7/31/2026 5:35:00 AM,CLUZ,Rd,14997.99,
7/31/2026 5:30:00 AM,RTD,7/31/2026 5:35:00 AM,CVIS,Ru,19998,
7/31/2026 5:30:00 AM,RTD,7/31/2026 5:35:00 AM,CLUZ,Ru,14997.99,
7/31/2026 5:30:00 AM,RTD,7/31/2026 5:35:00 AM,CMIN,Ru,24999.83,
7/31/2026 5:35:00 AM,RTD,7/31/2026 5:40:00 AM,CVIS,Dr,1899,
7/31/2026 5:35:00 AM,RTD,7/31/2026 5:40:00 AM,CMIN,Dr,0,
7/31/2026 5:35:00 AM,RTD,7/31/2026 5:40:00 AM,CLUZ,Dr,800,
7/31/2026 5:35:00 AM,RTD,7/31/2026 5:40:00 AM,CMIN,Fr,3250,
7/31/2026 5:35:00 AM,RTD,7/31/2026 5:40:00 AM,CVIS,Fr,15403.81,
7/31/2026 5:35:00 AM,RTD,7/31/2026 5:40:00 AM,CLUZ,Fr,1100,
7/31/2026 5:35:00 AM,RTD,7/31/2026 5:40:00 AM,CVIS,Rd,19998,
7/31/2026 5:35:00 AM,RTD,7/31/2026 5:40:00 AM,CMIN,Rd,24999.83,
7/31/2026 5:35:00 AM,RTD,7/31/2026 5:40:00 AM,CLUZ,Rd,14997.99,
7/31/2026 5:35:00 AM,RTD,7/31/2026 5:40:00 AM,CVIS,Ru,19998,
7/31/2026 5:35:00 AM,RTD,7/31/2026 5:40:00 AM,CLUZ,Ru,14997.99,
7/31/2026 5:35:00 AM,RTD,7/31/2026 5:40:00 AM,CMIN,Ru,24999.83,
7/31/2026 5:40:00 AM,RTD,7/31/2026 5:45:00 AM,CVIS,Dr,1899,
7/31/2026 5:40:00 AM,RTD,7/31/2026 5:45:00 AM,CMIN,Dr,0,
7/31/2026 5:40:00 AM,RTD,7/31/2026 5:45:00 AM,CLUZ,Dr,800,
7/31/2026 5:40:00 AM,RTD,7/31/2026 5:45:00 AM,CMIN,Fr,3250,
7/31/2026 5:40:00 AM,RTD,7/31/2026 5:45:00 AM,CVIS,Fr,15352.28,
7/31/2026 5:40:00 AM,RTD,7/31/2026 5:45:00 AM,CLUZ,Fr,1100,
7/31/2026 5:40:00 AM,RTD,7/31/2026 5:45:00 AM,CVIS,Rd,19998,
7/31/2026 5:40:00 AM,RTD,7/31/2026 5:45:00 AM,CMIN,Rd,24999.83,
7/31/2026 5:40:00 AM,RTD,7/31/2026 5:45:00 AM,CLUZ,Rd,14997.99,
7/31/2026 5:40:00 AM,RTD,7/31/2026 5:45:00 AM,CVIS,Ru,19998,
7/31/2026 5:40:00 AM,RTD,7/31/2026 5:45:00 AM,CLUZ,Ru,14997.99,
7/31/2026 5:40:00 AM,RTD,7/31/2026 5:45:00 AM,CMIN,Ru,24999.83,
7/31/2026 5:45:00 AM,RTD,7/31/2026 5:50:00 AM,CVIS,Dr,1899,
7/31/2026 5:45:00 AM,RTD,7/31/2026 5:50:00 AM,CMIN,Dr,0,
7/31/2026 5:45:00 AM,RTD,7/31/2026 5:50:00 AM,CLUZ,Dr,800,
7/31/2026 5:45:00 AM,RTD,7/31/2026 5:50:00 AM,CMIN,Fr,3250,
7/31/2026 5:45:00 AM,RTD,7/31/2026 5:50:00 AM,CVIS,Fr,15351.70,
7/31/2026 5:45:00 AM,RTD,7/31/2026 5:50:00 AM,CLUZ,Fr,1100,
7/31/2026 5:45:00 AM,RTD,7/31/2026 5:50:00 AM,CVIS,Rd,19998,
7/31/2026 5:45:00 AM,RTD,7/31/2026 5:50:00 AM,CMIN,Rd,24999.83,
7/31/2026 5:45:00 AM,RTD,7/31/2026 5:50:00 AM,CLUZ,Rd,14997.99,
7/31/2026 5:45:00 AM,RTD,7/31/2026 5:50:00 AM,CVIS,Ru,19998,
7/31/2026 5:45:00 AM,RTD,7/31/2026 5:50:00 AM,CLUZ,Ru,14997.99,
7/31/2026 5:45:00 AM,RTD,7/31/2026 5:50:00 AM,CMIN,Ru,24999.83,
7/31/2026 5:50:00 AM,RTD,7/31/2026 5:55:00 AM,CVIS,Dr,1899,
7/31/2026 5:50:00 AM,RTD,7/31/2026 5:55:00 AM,CMIN,Dr,0,
7/31/2026 5:50:00 AM,RTD,7/31/2026 5:55:00 AM,CLUZ,Dr,800,
7/31/2026 5:50:00 AM,RTD,7/31/2026 5:55:00 AM,CMIN,Fr,3250,
7/31/2026 5:50:00 AM,RTD,7/31/2026 5:55:00 AM,CVIS,Fr,15270.06,
7/31/2026 5:50:00 AM,RTD,7/31/2026 5:55:00 AM,CLUZ,Fr,1100,
7/31/2026 5:50:00 AM,RTD,7/31/2026 5:55:00 AM,CVIS,Rd,19998,
7/31/2026 5:50:00 AM,RTD,7/31/2026 5:55:00 AM,CMIN,Rd,24999.83,
7/31/2026 5:50:00 AM,RTD,7/31/2026 5:55:00 AM,CLUZ,Rd,14997.99,
7/31/2026 5:50:00 AM,RTD,7/31/2026 5:55:00 AM,CVIS,Ru,19998,
7/31/2026 5:50:00 AM,RTD,7/31/2026 5:55:00 AM,CLUZ,Ru,14997.99,
7/31/2026 5:50:00 AM,RTD,7/31/2026 5:55:00 AM,CMIN,Ru,24999.83,
7/31/2026 5:55:00 AM,RTD,7/31/2026 6:00:00 AM,CVIS,Dr,1899,
7/31/2026 5:55:00 AM,RTD,7/31/2026 6:00:00 AM,CMIN,Dr,0,
7/31/2026 5:55:00 AM,RTD,7/31/2026 6:00:00 AM,CLUZ,Dr,800,
7/31/2026 5:55:00 AM,RTD,7/31/2026 6:00:00 AM,CMIN,Fr,3250,
7/31/2026 5:55:00 AM,RTD,7/31/2026 6:00:00 AM,CVIS,Fr,15000,
7/31/2026 5:55:00 AM,RTD,7/31/2026 6:00:00 AM,CLUZ,Fr,1100,
7/31/2026 5:55:00 AM,RTD,7/31/2026 6:00:00 AM,CVIS,Rd,19998,
7/31/2026 5:55:00 AM,RTD,7/31/2026 6:00:00 AM,CMIN,Rd,24999.83,
7/31/2026 5:55:00 AM,RTD,7/31/2026 6:00:00 AM,CLUZ,Rd,14997.99,
7/31/2026 5:55:00 AM,RTD,7/31/2026 6:00:00 AM,CVIS,Ru,19998,
7/31/2026 5:55:00 AM,RTD,7/31/2026 6:00:00 AM,CLUZ,Ru,14997.99,
7/31/2026 5:55:00 AM,RTD,7/31/2026 6:00:00 AM,CMIN,Ru,24999.83,
7/31/2026 6:00:00 AM,RTD,7/31/2026 6:05:00 AM,CMIN,Dr,0,
7/31/2026 6:00:00 AM,RTD,7/31/2026 6:05:00 AM,CLUZ,Dr,800,
7/31/2026 6:00:00 AM,RTD,7/31/2026 6:05:00 AM,CVIS,Dr,1990,
7/31/2026 6:00:00 AM,RTD,7/31/2026 6:05:00 AM,CVIS,Fr,15000,
7/31/2026 6:00:00 AM,RTD,7/31/2026 6:05:00 AM,CLUZ,Fr,1130,
7/31/2026 6:00:00 AM,RTD,7/31/2026 6:05:00 AM,CMIN,Fr,3250,
7/31/2026 6:00:00 AM,RTD,7/31/2026 6:05:00 AM,CLUZ,Rd,14997.99,
7/31/2026 6:00:00 AM,RTD,7/31/2026 6:05:00 AM,CVIS,Rd,19998,
7/31/2026 6:00:00 AM,RTD,7/31/2026 6:05:00 AM,CMIN,Rd,24999.83,
7/31/2026 6:00:00 AM,RTD,7/31/2026 6:05:00 AM,CLUZ,Ru,14997.99,
7/31/2026 6:00:00 AM,RTD,7/31/2026 6:05:00 AM,CMIN,Ru,24999.83,
7/31/2026 6:00:00 AM,RTD,7/31/2026 6:05:00 AM,CVIS,Ru,19998,
7/31/2026 6:05:00 AM,RTD,7/31/2026 6:10:00 AM,CLUZ,Dr,800,
7/31/2026 6:05:00 AM,RTD,7/31/2026 6:10:00 AM,CVIS,Dr,1990,
7/31/2026 6:05:00 AM,RTD,7/31/2026 6:10:00 AM,CMIN,Dr,0,
7/31/2026 6:05:00 AM,RTD,7/31/2026 6:10:00 AM,CVIS,Fr,15554.06,
7/31/2026 6:05:00 AM,RTD,7/31/2026 6:10:00 AM,CLUZ,Fr,1130,
7/31/2026 6:05:00 AM,RTD,7/31/2026 6:10:00 AM,CMIN,Fr,3250,
7/31/2026 6:05:00 AM,RTD,7/31/2026 6:10:00 AM,CLUZ,Rd,14997.99,
7/31/2026 6:05:00 AM,RTD,7/31/2026 6:10:00 AM,CVIS,Rd,19998,
7/31/2026 6:05:00 AM,RTD,7/31/2026 6:10:00 AM,CMIN,Rd,24999.83,
7/31/2026 6:05:00 AM,RTD,7/31/2026 6:10:00 AM,CLUZ,Ru,14997.99,
7/31/2026 6:05:00 AM,RTD,7/31/2026 6:10:00 AM,CVIS,Ru,19998,
7/31/2026 6:05:00 AM,RTD,7/31/2026 6:10:00 AM,CMIN,Ru,24999.83,
7/31/2026 6:10:00 AM,RTD,7/31/2026 6:15:00 AM,CVIS,Dr,1980,
7/31/2026 6:10:00 AM,RTD,7/31/2026 6:15:00 AM,CMIN,Dr,0,
7/31/2026 6:10:00 AM,RTD,7/31/2026 6:15:00 AM,CLUZ,Dr,800,
7/31/2026 6:10:00 AM,RTD,7/31/2026 6:15:00 AM,CVIS,Fr,15000,
7/31/2026 6:10:00 AM,RTD,7/31/2026 6:15:00 AM,CMIN,Fr,3250,
7/31/2026 6:10:00 AM,RTD,7/31/2026 6:15:00 AM,CLUZ,Fr,1130,
7/31/2026 6:10:00 AM,RTD,7/31/2026 6:15:00 AM,CLUZ,Rd,14997.99,
7/31/2026 6:10:00 AM,RTD,7/31/2026 6:15:00 AM,CVIS,Rd,19998,
7/31/2026 6:10:00 AM,RTD,7/31/2026 6:15:00 AM,CMIN,Rd,24999.83,
7/31/2026 6:10:00 AM,RTD,7/31/2026 6:15:00 AM,CVIS,Ru,19998,
7/31/2026 6:10:00 AM,RTD,7/31/2026 6:15:00 AM,CLUZ,Ru,14997.99,
7/31/2026 6:10:00 AM,RTD,7/31/2026 6:15:00 AM,CMIN,Ru,24999.83,
7/31/2026 6:15:00 AM,RTD,7/31/2026 6:20:00 AM,CMIN,Dr,0,
7/31/2026 6:15:00 AM,RTD,7/31/2026 6:20:00 AM,CLUZ,Dr,800,
7/31/2026 6:15:00 AM,RTD,7/31/2026 6:20:00 AM,CVIS,Dr,1899.99,
7/31/2026 6:15:00 AM,RTD,7/31/2026 6:20:00 AM,CMIN,Fr,3250,
7/31/2026 6:15:00 AM,RTD,7/31/2026 6:20:00 AM,CLUZ,Fr,1130,
7/31/2026 6:15:00 AM,RTD,7/31/2026 6:20:00 AM,CVIS,Fr,15244.94,
7/31/2026 6:15:00 AM,RTD,7/31/2026 6:20:00 AM,CVIS,Rd,19998,
7/31/2026 6:15:00 AM,RTD,7/31/2026 6:20:00 AM,CLUZ,Rd,14997.99,
7/31/2026 6:15:00 AM,RTD,7/31/2026 6:20:00 AM,CMIN,Rd,24999.83,
7/31/2026 6:15:00 AM,RTD,7/31/2026 6:20:00 AM,CMIN,Ru,24999.83,
7/31/2026 6:15:00 AM,RTD,7/31/2026 6:20:00 AM,CLUZ,Ru,14997.99,
7/31/2026 6:15:00 AM,RTD,7/31/2026 6:20:00 AM,CVIS,Ru,19998,
7/31/2026 6:20:00 AM,RTD,7/31/2026 6:25:00 AM,CLUZ,Dr,800,
7/31/2026 6:20:00 AM,RTD,7/31/2026 6:25:00 AM,CMIN,Dr,0,
7/31/2026 6:20:00 AM,RTD,7/31/2026 6:25:00 AM,CVIS,Dr,1899.99,
7/31/2026 6:20:00 AM,RTD,7/31/2026 6:25:00 AM,CMIN,Fr,3250,
7/31/2026 6:20:00 AM,RTD,7/31/2026 6:25:00 AM,CLUZ,Fr,1130,
7/31/2026 6:20:00 AM,RTD,7/31/2026 6:25:00 AM,CVIS,Fr,15000,
7/31/2026 6:20:00 AM,RTD,7/31/2026 6:25:00 AM,CLUZ,Rd,14997.99,
7/31/2026 6:20:00 AM,RTD,7/31/2026 6:25:00 AM,CMIN,Rd,24999.83,
7/31/2026 6:20:00 AM,RTD,7/31/2026 6:25:00 AM,CVIS,Rd,19998,
7/31/2026 6:20:00 AM,RTD,7/31/2026 6:25:00 AM,CLUZ,Ru,14997.99,
7/31/2026 6:20:00 AM,RTD,7/31/2026 6:25:00 AM,CMIN,Ru,24999.83,
7/31/2026 6:20:00 AM,RTD,7/31/2026 6:25:00 AM,CVIS,Ru,19998,
7/31/2026 6:25:00 AM,RTD,7/31/2026 6:30:00 AM,CVIS,Dr,1899.99,
7/31/2026 6:25:00 AM,RTD,7/31/2026 6:30:00 AM,CMIN,Dr,0,
7/31/2026 6:25:00 AM,RTD,7/31/2026 6:30:00 AM,CLUZ,Dr,800,
7/31/2026 6:25:00 AM,RTD,7/31/2026 6:30:00 AM,CMIN,Fr,3250,
7/31/2026 6:25:00 AM,RTD,7/31/2026 6:30:00 AM,CVIS,Fr,15000,
7/31/2026 6:25:00 AM,RTD,7/31/2026 6:30:00 AM,CLUZ,Fr,1130,
7/31/2026 6:25:00 AM,RTD,7/31/2026 6:30:00 AM,CVIS,Rd,19998,
7/31/2026 6:25:00 AM,RTD,7/31/2026 6:30:00 AM,CMIN,Rd,24999.83,
7/31/2026 6:25:00 AM,RTD,7/31/2026 6:30:00 AM,CLUZ,Rd,14997.99,
7/31/2026 6:25:00 AM,RTD,7/31/2026 6:30:00 AM,CVIS,Ru,19998,
7/31/2026 6:25:00 AM,RTD,7/31/2026 6:30:00 AM,CLUZ,Ru,14997.99,
7/31/2026 6:25:00 AM,RTD,7/31/2026 6:30:00 AM,CMIN,Ru,24999.83,
7/31/2026 6:30:00 AM,RTD,7/31/2026 6:35:00 AM,CVIS,Dr,1899,
7/31/2026 6:30:00 AM,RTD,7/31/2026 6:35:00 AM,CMIN,Dr,0,
7/31/2026 6:30:00 AM,RTD,7/31/2026 6:35:00 AM,CLUZ,Dr,800,
7/31/2026 6:30:00 AM,RTD,7/31/2026 6:35:00 AM,CMIN,Fr,3250,
7/31/2026 6:30:00 AM,RTD,7/31/2026 6:35:00 AM,CVIS,Fr,15000,
7/31/2026 6:30:00 AM,RTD,7/31/2026 6:35:00 AM,CLUZ,Fr,1130,
7/31/2026 6:30:00 AM,RTD,7/31/2026 6:35:00 AM,CVIS,Rd,19998,
7/31/2026 6:30:00 AM,RTD,7/31/2026 6:35:00 AM,CMIN,Rd,24999.83,
7/31/2026 6:30:00 AM,RTD,7/31/2026 6:35:00 AM,CLUZ,Rd,14997.99,
7/31/2026 6:30:00 AM,RTD,7/31/2026 6:35:00 AM,CVIS,Ru,19998,
7/31/2026 6:30:00 AM,RTD,7/31/2026 6:35:00 AM,CLUZ,Ru,14997.99,
7/31/2026 6:30:00 AM,RTD,7/31/2026 6:35:00 AM,CMIN,Ru,24999.83,
7/31/2026 6:35:00 AM,RTD,7/31/2026 6:40:00 AM,CVIS,Dr,1899,
7/31/2026 6:35:00 AM,RTD,7/31/2026 6:40:00 AM,CMIN,Dr,0,
7/31/2026 6:35:00 AM,RTD,7/31/2026 6:40:00 AM,CLUZ,Dr,800,
7/31/2026 6:35:00 AM,RTD,7/31/2026 6:40:00 AM,CMIN,Fr,3250,
7/31/2026 6:35:00 AM,RTD,7/31/2026 6:40:00 AM,CVIS,Fr,15000,
7/31/2026 6:35:00 AM,RTD,7/31/2026 6:40:00 AM,CLUZ,Fr,1130,
7/31/2026 6:35:00 AM,RTD,7/31/2026 6:40:00 AM,CVIS,Rd,19998,
7/31/2026 6:35:00 AM,RTD,7/31/2026 6:40:00 AM,CMIN,Rd,24999.83,
7/31/2026 6:35:00 AM,RTD,7/31/2026 6:40:00 AM,CLUZ,Rd,14997.99,
7/31/2026 6:35:00 AM,RTD,7/31/2026 6:40:00 AM,CVIS,Ru,19998,
7/31/2026 6:35:00 AM,RTD,7/31/2026 6:40:00 AM,CLUZ,Ru,14997.99,
7/31/2026 6:35:00 AM,RTD,7/31/2026 6:40:00 AM,CMIN,Ru,24999.83,
7/31/2026 6:40:00 AM,RTD,7/31/2026 6:45:00 AM,CVIS,Dr,1899,
7/31/2026 6:40:00 AM,RTD,7/31/2026 6:45:00 AM,CMIN,Dr,0,
7/31/2026 6:40:00 AM,RTD,7/31/2026 6:45:00 AM,CLUZ,Dr,800,
7/31/2026 6:40:00 AM,RTD,7/31/2026 6:45:00 AM,CVIS,Fr,15000,
7/31/2026 6:40:00 AM,RTD,7/31/2026 6:45:00 AM,CMIN,Fr,3250,
7/31/2026 6:40:00 AM,RTD,7/31/2026 6:45:00 AM,CLUZ,Fr,1130,
7/31/2026 6:40:00 AM,RTD,7/31/2026 6:45:00 AM,CVIS,Rd,19998,
7/31/2026 6:40:00 AM,RTD,7/31/2026 6:45:00 AM,CLUZ,Rd,14997.99,
7/31/2026 6:40:00 AM,RTD,7/31/2026 6:45:00 AM,CMIN,Rd,24999.83,
7/31/2026 6:40:00 AM,RTD,7/31/2026 6:45:00 AM,CVIS,Ru,19998,
7/31/2026 6:40:00 AM,RTD,7/31/2026 6:45:00 AM,CLUZ,Ru,14997.99,
7/31/2026 6:40:00 AM,RTD,7/31/2026 6:45:00 AM,CMIN,Ru,24999.83,
7/31/2026 6:45:00 AM,RTD,7/31/2026 6:50:00 AM,CVIS,Dr,1899,
7/31/2026 6:45:00 AM,RTD,7/31/2026 6:50:00 AM,CMIN,Dr,0,
7/31/2026 6:45:00 AM,RTD,7/31/2026 6:50:00 AM,CLUZ,Dr,800,
7/31/2026 6:45:00 AM,RTD,7/31/2026 6:50:00 AM,CMIN,Fr,3250,
7/31/2026 6:45:00 AM,RTD,7/31/2026 6:50:00 AM,CVIS,Fr,15000,
7/31/2026 6:45:00 AM,RTD,7/31/2026 6:50:00 AM,CLUZ,Fr,1130,
7/31/2026 6:45:00 AM,RTD,7/31/2026 6:50:00 AM,CVIS,Rd,19998,
7/31/2026 6:45:00 AM,RTD,7/31/2026 6:50:00 AM,CMIN,Rd,24999.83,
7/31/2026 6:45:00 AM,RTD,7/31/2026 6:50:00 AM,CLUZ,Rd,14997.99,
7/31/2026 6:45:00 AM,RTD,7/31/2026 6:50:00 AM,CVIS,Ru,19998,
7/31/2026 6:45:00 AM,RTD,7/31/2026 6:50:00 AM,CLUZ,Ru,14997.99,
7/31/2026 6:45:00 AM,RTD,7/31/2026 6:50:00 AM,CMIN,Ru,24999.83,
7/31/2026 6:50:00 AM,RTD,7/31/2026 6:55:00 AM,CVIS,Dr,1899,
7/31/2026 6:50:00 AM,RTD,7/31/2026 6:55:00 AM,CMIN,Dr,0,
7/31/2026 6:50:00 AM,RTD,7/31/2026 6:55:00 AM,CLUZ,Dr,800,
7/31/2026 6:50:00 AM,RTD,7/31/2026 6:55:00 AM,CMIN,Fr,3250,
7/31/2026 6:50:00 AM,RTD,7/31/2026 6:55:00 AM,CVIS,Fr,15000,
7/31/2026 6:50:00 AM,RTD,7/31/2026 6:55:00 AM,CLUZ,Fr,1130,
7/31/2026 6:50:00 AM,RTD,7/31/2026 6:55:00 AM,CVIS,Rd,19998,
7/31/2026 6:50:00 AM,RTD,7/31/2026 6:55:00 AM,CMIN,Rd,24999.83,
7/31/2026 6:50:00 AM,RTD,7/31/2026 6:55:00 AM,CLUZ,Rd,14997.99,
7/31/2026 6:50:00 AM,RTD,7/31/2026 6:55:00 AM,CVIS,Ru,19998,
7/31/2026 6:50:00 AM,RTD,7/31/2026 6:55:00 AM,CLUZ,Ru,14997.99,
7/31/2026 6:50:00 AM,RTD,7/31/2026 6:55:00 AM,CMIN,Ru,24999.83,
7/31/2026 6:55:00 AM,RTD,7/31/2026 7:00:00 AM,CVIS,Dr,1899,
7/31/2026 6:55:00 AM,RTD,7/31/2026 7:00:00 AM,CMIN,Dr,0,
7/31/2026 6:55:00 AM,RTD,7/31/2026 7:00:00 AM,CLUZ,Dr,800,
7/31/2026 6:55:00 AM,RTD,7/31/2026 7:00:00 AM,CMIN,Fr,3250,
7/31/2026 6:55:00 AM,RTD,7/31/2026 7:00:00 AM,CVIS,Fr,15000,
7/31/2026 6:55:00 AM,RTD,7/31/2026 7:00:00 AM,CLUZ,Fr,1130,
7/31/2026 6:55:00 AM,RTD,7/31/2026 7:00:00 AM,CVIS,Rd,19998,
7/31/2026 6:55:00 AM,RTD,7/31/2026 7:00:00 AM,CMIN,Rd,24999.83,
7/31/2026 6:55:00 AM,RTD,7/31/2026 7:00:00 AM,CLUZ,Rd,14997.99,
7/31/2026 6:55:00 AM,RTD,7/31/2026 7:00:00 AM,CVIS,Ru,19998,
7/31/2026 6:55:00 AM,RTD,7/31/2026 7:00:00 AM,CLUZ,Ru,14997.99,
7/31/2026 6:55:00 AM,RTD,7/31/2026 7:00:00 AM,CMIN,Ru,24999.83,
7/31/2026 7:00:00 AM,RTD,7/31/2026 7:05:00 AM,CMIN,Dr,0,
7/31/2026 7:00:00 AM,RTD,7/31/2026 7:05:00 AM,CVIS,Dr,1450,
7/31/2026 7:00:00 AM,RTD,7/31/2026 7:05:00 AM,CLUZ,Dr,800,
7/31/2026 7:00:00 AM,RTD,7/31/2026 7:05:00 AM,CLUZ,Fr,1130,
7/31/2026 7:00:00 AM,RTD,7/31/2026 7:05:00 AM,CVIS,Fr,15000,
7/31/2026 7:00:00 AM,RTD,7/31/2026 7:05:00 AM,CMIN,Fr,3250,
7/31/2026 7:00:00 AM,RTD,7/31/2026 7:05:00 AM,CMIN,Rd,24999.83,
7/31/2026 7:00:00 AM,RTD,7/31/2026 7:05:00 AM,CLUZ,Rd,14997.99,
7/31/2026 7:00:00 AM,RTD,7/31/2026 7:05:00 AM,CVIS,Rd,19998,
7/31/2026 7:00:00 AM,RTD,7/31/2026 7:05:00 AM,CVIS,Ru,19998,
7/31/2026 7:00:00 AM,RTD,7/31/2026 7:05:00 AM,CMIN,Ru,24999.83,
7/31/2026 7:00:00 AM,RTD,7/31/2026 7:05:00 AM,CLUZ,Ru,14997.99,
7/31/2026 7:05:00 AM,RTD,7/31/2026 7:10:00 AM,CMIN,Dr,0,
7/31/2026 7:05:00 AM,RTD,7/31/2026 7:10:00 AM,CLUZ,Dr,800,
7/31/2026 7:05:00 AM,RTD,7/31/2026 7:10:00 AM,CVIS,Dr,1450,
7/31/2026 7:05:00 AM,RTD,7/31/2026 7:10:00 AM,CMIN,Fr,3250,
7/31/2026 7:05:00 AM,RTD,7/31/2026 7:10:00 AM,CLUZ,Fr,1130,
7/31/2026 7:05:00 AM,RTD,7/31/2026 7:10:00 AM,CVIS,Fr,15000,
7/31/2026 7:05:00 AM,RTD,7/31/2026 7:10:00 AM,CLUZ,Rd,14997.99,
7/31/2026 7:05:00 AM,RTD,7/31/2026 7:10:00 AM,CVIS,Rd,19998,
7/31/2026 7:05:00 AM,RTD,7/31/2026 7:10:00 AM,CMIN,Rd,24999.83,
7/31/2026 7:05:00 AM,RTD,7/31/2026 7:10:00 AM,CLUZ,Ru,14997.99,
7/31/2026 7:05:00 AM,RTD,7/31/2026 7:10:00 AM,CMIN,Ru,24999.83,
7/31/2026 7:05:00 AM,RTD,7/31/2026 7:10:00 AM,CVIS,Ru,19998,
7/31/2026 7:10:00 AM,RTD,7/31/2026 7:15:00 AM,CMIN,Dr,0,
7/31/2026 7:10:00 AM,RTD,7/31/2026 7:15:00 AM,CVIS,Dr,1450,
7/31/2026 7:10:00 AM,RTD,7/31/2026 7:15:00 AM,CLUZ,Dr,800,
7/31/2026 7:10:00 AM,RTD,7/31/2026 7:15:00 AM,CLUZ,Fr,1130,
7/31/2026 7:10:00 AM,RTD,7/31/2026 7:15:00 AM,CVIS,Fr,15000,
7/31/2026 7:10:00 AM,RTD,7/31/2026 7:15:00 AM,CMIN,Fr,3250,
7/31/2026 7:10:00 AM,RTD,7/31/2026 7:15:00 AM,CVIS,Rd,19998,
7/31/2026 7:10:00 AM,RTD,7/31/2026 7:15:00 AM,CMIN,Rd,24999.83,
7/31/2026 7:10:00 AM,RTD,7/31/2026 7:15:00 AM,CLUZ,Rd,14997.99,
7/31/2026 7:10:00 AM,RTD,7/31/2026 7:15:00 AM,CVIS,Ru,19998,
7/31/2026 7:10:00 AM,RTD,7/31/2026 7:15:00 AM,CMIN,Ru,24999.83,
7/31/2026 7:10:00 AM,RTD,7/31/2026 7:15:00 AM,CLUZ,Ru,14997.99,
7/31/2026 7:15:00 AM,RTD,7/31/2026 7:20:00 AM,CVIS,Dr,1450,
7/31/2026 7:15:00 AM,RTD,7/31/2026 7:20:00 AM,CMIN,Dr,0,
7/31/2026 7:15:00 AM,RTD,7/31/2026 7:20:00 AM,CLUZ,Dr,800,
7/31/2026 7:15:00 AM,RTD,7/31/2026 7:20:00 AM,CMIN,Fr,3250,
7/31/2026 7:15:00 AM,RTD,7/31/2026 7:20:00 AM,CVIS,Fr,15535.02,
7/31/2026 7:15:00 AM,RTD,7/31/2026 7:20:00 AM,CLUZ,Fr,1130,
7/31/2026 7:15:00 AM,RTD,7/31/2026 7:20:00 AM,CVIS,Rd,19998,
7/31/2026 7:15:00 AM,RTD,7/31/2026 7:20:00 AM,CMIN,Rd,24999.83,
7/31/2026 7:15:00 AM,RTD,7/31/2026 7:20:00 AM,CLUZ,Rd,14997.99,
7/31/2026 7:15:00 AM,RTD,7/31/2026 7:20:00 AM,CVIS,Ru,19998,
7/31/2026 7:15:00 AM,RTD,7/31/2026 7:20:00 AM,CLUZ,Ru,14997.99,
7/31/2026 7:15:00 AM,RTD,7/31/2026 7:20:00 AM,CMIN,Ru,24999.83,
7/31/2026 7:20:00 AM,RTD,7/31/2026 7:25:00 AM,CLUZ,Dr,800,
7/31/2026 7:20:00 AM,RTD,7/31/2026 7:25:00 AM,CMIN,Dr,0,
7/31/2026 7:20:00 AM,RTD,7/31/2026 7:25:00 AM,CVIS,Dr,1450,
7/31/2026 7:20:00 AM,RTD,7/31/2026 7:25:00 AM,CMIN,Fr,3250,
7/31/2026 7:20:00 AM,RTD,7/31/2026 7:25:00 AM,CLUZ,Fr,1130,
7/31/2026 7:20:00 AM,RTD,7/31/2026 7:25:00 AM,CVIS,Fr,15341.76,
7/31/2026 7:20:00 AM,RTD,7/31/2026 7:25:00 AM,CLUZ,Rd,14997.99,
7/31/2026 7:20:00 AM,RTD,7/31/2026 7:25:00 AM,CMIN,Rd,24999.83,
7/31/2026 7:20:00 AM,RTD,7/31/2026 7:25:00 AM,CVIS,Rd,19998,
7/31/2026 7:20:00 AM,RTD,7/31/2026 7:25:00 AM,CLUZ,Ru,14997.99,
7/31/2026 7:20:00 AM,RTD,7/31/2026 7:25:00 AM,CMIN,Ru,24999.83,
7/31/2026 7:20:00 AM,RTD,7/31/2026 7:25:00 AM,CVIS,Ru,19998,
7/31/2026 7:25:00 AM,RTD,7/31/2026 7:30:00 AM,CVIS,Dr,1450,
7/31/2026 7:25:00 AM,RTD,7/31/2026 7:30:00 AM,CMIN,Dr,0,
7/31/2026 7:25:00 AM,RTD,7/31/2026 7:30:00 AM,CLUZ,Dr,800,
7/31/2026 7:25:00 AM,RTD,7/31/2026 7:30:00 AM,CMIN,Fr,3250,
7/31/2026 7:25:00 AM,RTD,7/31/2026 7:30:00 AM,CVIS,Fr,15545.46,
7/31/2026 7:25:00 AM,RTD,7/31/2026 7:30:00 AM,CLUZ,Fr,1130,
7/31/2026 7:25:00 AM,RTD,7/31/2026 7:30:00 AM,CVIS,Rd,19998,
7/31/2026 7:25:00 AM,RTD,7/31/2026 7:30:00 AM,CMIN,Rd,24999.83,
7/31/2026 7:25:00 AM,RTD,7/31/2026 7:30:00 AM,CLUZ,Rd,14997.99,
7/31/2026 7:25:00 AM,RTD,7/31/2026 7:30:00 AM,CVIS,Ru,19998,
7/31/2026 7:25:00 AM,RTD,7/31/2026 7:30:00 AM,CLUZ,Ru,14997.99,
7/31/2026 7:25:00 AM,RTD,7/31/2026 7:30:00 AM,CMIN,Ru,24999.83,
7/31/2026 7:30:00 AM,RTD,7/31/2026 7:35:00 AM,CMIN,Dr,0,
7/31/2026 7:30:00 AM,RTD,7/31/2026 7:35:00 AM,CLUZ,Dr,800,
7/31/2026 7:30:00 AM,RTD,7/31/2026 7:35:00 AM,CVIS,Dr,1450,
7/31/2026 7:30:00 AM,RTD,7/31/2026 7:35:00 AM,CVIS,Fr,15572.28,
7/31/2026 7:30:00 AM,RTD,7/31/2026 7:35:00 AM,CMIN,Fr,3250,
7/31/2026 7:30:00 AM,RTD,7/31/2026 7:35:00 AM,CLUZ,Fr,1130,
7/31/2026 7:30:00 AM,RTD,7/31/2026 7:35:00 AM,CVIS,Rd,19998,
7/31/2026 7:30:00 AM,RTD,7/31/2026 7:35:00 AM,CLUZ,Rd,14997.99,
7/31/2026 7:30:00 AM,RTD,7/31/2026 7:35:00 AM,CMIN,Rd,24999.83,
7/31/2026 7:30:00 AM,RTD,7/31/2026 7:35:00 AM,CMIN,Ru,24999.83,
7/31/2026 7:30:00 AM,RTD,7/31/2026 7:35:00 AM,CVIS,Ru,19998,
7/31/2026 7:30:00 AM,RTD,7/31/2026 7:35:00 AM,CLUZ,Ru,14997.99,
7/31/2026 7:35:00 AM,RTD,7/31/2026 7:40:00 AM,CVIS,Dr,1450,
7/31/2026 7:35:00 AM,RTD,7/31/2026 7:40:00 AM,CMIN,Dr,0,
7/31/2026 7:35:00 AM,RTD,7/31/2026 7:40:00 AM,CLUZ,Dr,800,
7/31/2026 7:35:00 AM,RTD,7/31/2026 7:40:00 AM,CMIN,Fr,3250,
7/31/2026 7:35:00 AM,RTD,7/31/2026 7:40:00 AM,CVIS,Fr,15253.88,
7/31/2026 7:35:00 AM,RTD,7/31/2026 7:40:00 AM,CLUZ,Fr,1130,
7/31/2026 7:35:00 AM,RTD,7/31/2026 7:40:00 AM,CVIS,Rd,19998,
7/31/2026 7:35:00 AM,RTD,7/31/2026 7:40:00 AM,CMIN,Rd,24999.83,
7/31/2026 7:35:00 AM,RTD,7/31/2026 7:40:00 AM,CLUZ,Rd,14997.99,
7/31/2026 7:35:00 AM,RTD,7/31/2026 7:40:00 AM,CVIS,Ru,19998,
7/31/2026 7:35:00 AM,RTD,7/31/2026 7:40:00 AM,CLUZ,Ru,14997.99,
7/31/2026 7:35:00 AM,RTD,7/31/2026 7:40:00 AM,CMIN,Ru,24999.83,
7/31/2026 7:40:00 AM,RTD,7/31/2026 7:45:00 AM,CVIS,Dr,1450,
7/31/2026 7:40:00 AM,RTD,7/31/2026 7:45:00 AM,CMIN,Dr,0,
7/31/2026 7:40:00 AM,RTD,7/31/2026 7:45:00 AM,CLUZ,Dr,800,
7/31/2026 7:40:00 AM,RTD,7/31/2026 7:45:00 AM,CMIN,Fr,3250,
7/31/2026 7:40:00 AM,RTD,7/31/2026 7:45:00 AM,CVIS,Fr,15346.33,
7/31/2026 7:40:00 AM,RTD,7/31/2026 7:45:00 AM,CLUZ,Fr,1130,
7/31/2026 7:40:00 AM,RTD,7/31/2026 7:45:00 AM,CVIS,Rd,19998,
7/31/2026 7:40:00 AM,RTD,7/31/2026 7:45:00 AM,CMIN,Rd,24999.83,
7/31/2026 7:40:00 AM,RTD,7/31/2026 7:45:00 AM,CLUZ,Rd,14997.99,
7/31/2026 7:40:00 AM,RTD,7/31/2026 7:45:00 AM,CVIS,Ru,19998,
7/31/2026 7:40:00 AM,RTD,7/31/2026 7:45:00 AM,CLUZ,Ru,14997.99,
7/31/2026 7:40:00 AM,RTD,7/31/2026 7:45:00 AM,CMIN,Ru,24999.83,
7/31/2026 7:45:00 AM,RTD,7/31/2026 7:50:00 AM,CVIS,Dr,1450,
7/31/2026 7:45:00 AM,RTD,7/31/2026 7:50:00 AM,CMIN,Dr,0,
7/31/2026 7:45:00 AM,RTD,7/31/2026 7:50:00 AM,CLUZ,Dr,800,
7/31/2026 7:45:00 AM,RTD,7/31/2026 7:50:00 AM,CMIN,Fr,3250,
7/31/2026 7:45:00 AM,RTD,7/31/2026 7:50:00 AM,CVIS,Fr,15565.07,
7/31/2026 7:45:00 AM,RTD,7/31/2026 7:50:00 AM,CLUZ,Fr,1130,
7/31/2026 7:45:00 AM,RTD,7/31/2026 7:50:00 AM,CVIS,Rd,19998,
7/31/2026 7:45:00 AM,RTD,7/31/2026 7:50:00 AM,CMIN,Rd,24999.83,
7/31/2026 7:45:00 AM,RTD,7/31/2026 7:50:00 AM,CLUZ,Rd,14997.99,
7/31/2026 7:45:00 AM,RTD,7/31/2026 7:50:00 AM,CVIS,Ru,19998,
7/31/2026 7:45:00 AM,RTD,7/31/2026 7:50:00 AM,CLUZ,Ru,14997.99,
7/31/2026 7:45:00 AM,RTD,7/31/2026 7:50:00 AM,CMIN,Ru,24999.83,
7/31/2026 7:50:00 AM,RTD,7/31/2026 7:55:00 AM,CVIS,Dr,1450,
7/31/2026 7:50:00 AM,RTD,7/31/2026 7:55:00 AM,CLUZ,Dr,800,
7/31/2026 7:50:00 AM,RTD,7/31/2026 7:55:00 AM,CMIN,Dr,0,
7/31/2026 7:50:00 AM,RTD,7/31/2026 7:55:00 AM,CMIN,Fr,3250,
7/31/2026 7:50:00 AM,RTD,7/31/2026 7:55:00 AM,CVIS,Fr,15260.15,
7/31/2026 7:50:00 AM,RTD,7/31/2026 7:55:00 AM,CLUZ,Fr,1130,
7/31/2026 7:50:00 AM,RTD,7/31/2026 7:55:00 AM,CLUZ,Rd,14997.99,
7/31/2026 7:50:00 AM,RTD,7/31/2026 7:55:00 AM,CMIN,Rd,24999.83,
7/31/2026 7:50:00 AM,RTD,7/31/2026 7:55:00 AM,CVIS,Rd,19998,
7/31/2026 7:50:00 AM,RTD,7/31/2026 7:55:00 AM,CLUZ,Ru,14997.99,
7/31/2026 7:50:00 AM,RTD,7/31/2026 7:55:00 AM,CMIN,Ru,24999.83,
7/31/2026 7:50:00 AM,RTD,7/31/2026 7:55:00 AM,CVIS,Ru,19998,
7/31/2026 7:55:00 AM,RTD,7/31/2026 8:00:00 AM,CVIS,Dr,1899,
7/31/2026 7:55:00 AM,RTD,7/31/2026 8:00:00 AM,CMIN,Dr,0,
7/31/2026 7:55:00 AM,RTD,7/31/2026 8:00:00 AM,CLUZ,Dr,800,
7/31/2026 7:55:00 AM,RTD,7/31/2026 8:00:00 AM,CMIN,Fr,3250,
7/31/2026 7:55:00 AM,RTD,7/31/2026 8:00:00 AM,CVIS,Fr,16370.92,
7/31/2026 7:55:00 AM,RTD,7/31/2026 8:00:00 AM,CLUZ,Fr,1130,
7/31/2026 7:55:00 AM,RTD,7/31/2026 8:00:00 AM,CVIS,Rd,2001,
7/31/2026 7:55:00 AM,RTD,7/31/2026 8:00:00 AM,CMIN,Rd,24999.83,
7/31/2026 7:55:00 AM,RTD,7/31/2026 8:00:00 AM,CLUZ,Rd,14997.99,
7/31/2026 7:55:00 AM,RTD,7/31/2026 8:00:00 AM,CVIS,Ru,6665.93,
7/31/2026 7:55:00 AM,RTD,7/31/2026 8:00:00 AM,CLUZ,Ru,14997.99,
7/31/2026 7:55:00 AM,RTD,7/31/2026 8:00:00 AM,CMIN,Ru,24999.83,
7/31/2026 8:00:00 AM,RTD,7/31/2026 8:05:00 AM,CVIS,Dr,2040,
7/31/2026 8:00:00 AM,RTD,7/31/2026 8:05:00 AM,CMIN,Dr,0,
7/31/2026 8:00:00 AM,RTD,7/31/2026 8:05:00 AM,CLUZ,Dr,750.08,
7/31/2026 8:00:00 AM,RTD,7/31/2026 8:05:00 AM,CMIN,Fr,3250,
7/31/2026 8:00:00 AM,RTD,7/31/2026 8:05:00 AM,CVIS,Fr,14000,
7/31/2026 8:00:00 AM,RTD,7/31/2026 8:05:00 AM,CLUZ,Fr,550,
7/31/2026 8:00:00 AM,RTD,7/31/2026 8:05:00 AM,CVIS,Rd,2001,
7/31/2026 8:00:00 AM,RTD,7/31/2026 8:05:00 AM,CMIN,Rd,24999.89,
7/31/2026 8:00:00 AM,RTD,7/31/2026 8:05:00 AM,CLUZ,Rd,14997.99,
7/31/2026 8:00:00 AM,RTD,7/31/2026 8:05:00 AM,CVIS,Ru,5866.01,
7/31/2026 8:00:00 AM,RTD,7/31/2026 8:05:00 AM,CLUZ,Ru,550,
7/31/2026 8:00:00 AM,RTD,7/31/2026 8:05:00 AM,CMIN,Ru,24999.89,
7/31/2026 8:05:00 AM,RTD,7/31/2026 8:10:00 AM,CVIS,Dr,2040,
7/31/2026 8:05:00 AM,RTD,7/31/2026 8:10:00 AM,CMIN,Dr,0,
7/31/2026 8:05:00 AM,RTD,7/31/2026 8:10:00 AM,CLUZ,Dr,750.08,
7/31/2026 8:05:00 AM,RTD,7/31/2026 8:10:00 AM,CMIN,Fr,3250,
7/31/2026 8:05:00 AM,RTD,7/31/2026 8:10:00 AM,CVIS,Fr,14500,
7/31/2026 8:05:00 AM,RTD,7/31/2026 8:10:00 AM,CLUZ,Fr,550,
7/31/2026 8:05:00 AM,RTD,7/31/2026 8:10:00 AM,CVIS,Rd,2001,
7/31/2026 8:05:00 AM,RTD,7/31/2026 8:10:00 AM,CMIN,Rd,24999.89,
7/31/2026 8:05:00 AM,RTD,7/31/2026 8:10:00 AM,CLUZ,Rd,14997.99,
7/31/2026 8:05:00 AM,RTD,7/31/2026 8:10:00 AM,CVIS,Ru,14978.77,
7/31/2026 8:05:00 AM,RTD,7/31/2026 8:10:00 AM,CLUZ,Ru,550,
7/31/2026 8:05:00 AM,RTD,7/31/2026 8:10:00 AM,CMIN,Ru,24999.89,
7/31/2026 8:10:00 AM,RTD,7/31/2026 8:15:00 AM,CVIS,Dr,2040,
7/31/2026 8:10:00 AM,RTD,7/31/2026 8:15:00 AM,CMIN,Dr,0,
7/31/2026 8:10:00 AM,RTD,7/31/2026 8:15:00 AM,CLUZ,Dr,750.08,
7/31/2026 8:10:00 AM,RTD,7/31/2026 8:15:00 AM,CMIN,Fr,3250,
7/31/2026 8:10:00 AM,RTD,7/31/2026 8:15:00 AM,CVIS,Fr,14416.74,
7/31/2026 8:10:00 AM,RTD,7/31/2026 8:15:00 AM,CLUZ,Fr,550,
7/31/2026 8:10:00 AM,RTD,7/31/2026 8:15:00 AM,CVIS,Rd,2001,
7/31/2026 8:10:00 AM,RTD,7/31/2026 8:15:00 AM,CMIN,Rd,24999.89,
7/31/2026 8:10:00 AM,RTD,7/31/2026 8:15:00 AM,CLUZ,Rd,14997.99,
7/31/2026 8:10:00 AM,RTD,7/31/2026 8:15:00 AM,CVIS,Ru,10544.01,
7/31/2026 8:10:00 AM,RTD,7/31/2026 8:15:00 AM,CLUZ,Ru,550,
7/31/2026 8:10:00 AM,RTD,7/31/2026 8:15:00 AM,CMIN,Ru,24999.89,
7/31/2026 8:15:00 AM,RTD,7/31/2026 8:20:00 AM,CVIS,Dr,2040,
7/31/2026 8:15:00 AM,RTD,7/31/2026 8:20:00 AM,CMIN,Dr,0,
7/31/2026 8:15:00 AM,RTD,7/31/2026 8:20:00 AM,CLUZ,Dr,750.08,
7/31/2026 8:15:00 AM,RTD,7/31/2026 8:20:00 AM,CMIN,Fr,3250,
7/31/2026 8:15:00 AM,RTD,7/31/2026 8:20:00 AM,CVIS,Fr,14000,
7/31/2026 8:15:00 AM,RTD,7/31/2026 8:20:00 AM,CLUZ,Fr,550,
7/31/2026 8:15:00 AM,RTD,7/31/2026 8:20:00 AM,CVIS,Rd,19998,
7/31/2026 8:15:00 AM,RTD,7/31/2026 8:20:00 AM,CMIN,Rd,24999.89,
7/31/2026 8:15:00 AM,RTD,7/31/2026 8:20:00 AM,CLUZ,Rd,14997.99,
7/31/2026 8:15:00 AM,RTD,7/31/2026 8:20:00 AM,CVIS,Ru,19998,
7/31/2026 8:15:00 AM,RTD,7/31/2026 8:20:00 AM,CLUZ,Ru,550,
7/31/2026 8:15:00 AM,RTD,7/31/2026 8:20:00 AM,CMIN,Ru,24999.89,
7/31/2026 8:20:00 AM,RTD,7/31/2026 8:25:00 AM,CMIN,Dr,0,
7/31/2026 8:20:00 AM,RTD,7/31/2026 8:25:00 AM,CLUZ,Dr,750.08,
7/31/2026 8:20:00 AM,RTD,7/31/2026 8:25:00 AM,CVIS,Dr,2040,
7/31/2026 8:20:00 AM,RTD,7/31/2026 8:25:00 AM,CLUZ,Fr,550,
7/31/2026 8:20:00 AM,RTD,7/31/2026 8:25:00 AM,CMIN,Fr,3250,
7/31/2026 8:20:00 AM,RTD,7/31/2026 8:25:00 AM,CVIS,Fr,14000,
7/31/2026 8:20:00 AM,RTD,7/31/2026 8:25:00 AM,CMIN,Rd,24999.89,
7/31/2026 8:20:00 AM,RTD,7/31/2026 8:25:00 AM,CLUZ,Rd,14997.99,
7/31/2026 8:20:00 AM,RTD,7/31/2026 8:25:00 AM,CVIS,Rd,19998,
7/31/2026 8:20:00 AM,RTD,7/31/2026 8:25:00 AM,CMIN,Ru,24999.89,
7/31/2026 8:20:00 AM,RTD,7/31/2026 8:25:00 AM,CVIS,Ru,19998,
7/31/2026 8:20:00 AM,RTD,7/31/2026 8:25:00 AM,CLUZ,Ru,550,
7/31/2026 8:25:00 AM,RTD,7/31/2026 8:30:00 AM,CVIS,Dr,2040,
7/31/2026 8:25:00 AM,RTD,7/31/2026 8:30:00 AM,CMIN,Dr,0,
7/31/2026 8:25:00 AM,RTD,7/31/2026 8:30:00 AM,CLUZ,Dr,750.08,
7/31/2026 8:25:00 AM,RTD,7/31/2026 8:30:00 AM,CMIN,Fr,3250,
7/31/2026 8:25:00 AM,RTD,7/31/2026 8:30:00 AM,CVIS,Fr,14000,
7/31/2026 8:25:00 AM,RTD,7/31/2026 8:30:00 AM,CLUZ,Fr,550,
7/31/2026 8:25:00 AM,RTD,7/31/2026 8:30:00 AM,CVIS,Rd,19998,
7/31/2026 8:25:00 AM,RTD,7/31/2026 8:30:00 AM,CMIN,Rd,24999.89,
7/31/2026 8:25:00 AM,RTD,7/31/2026 8:30:00 AM,CLUZ,Rd,14997.99,
7/31/2026 8:25:00 AM,RTD,7/31/2026 8:30:00 AM,CVIS,Ru,19998,
7/31/2026 8:25:00 AM,RTD,7/31/2026 8:30:00 AM,CLUZ,Ru,550,
7/31/2026 8:25:00 AM,RTD,7/31/2026 8:30:00 AM,CMIN,Ru,24999.89,
7/31/2026 8:30:00 AM,RTD,7/31/2026 8:35:00 AM,CLUZ,Dr,750.08,
7/31/2026 8:30:00 AM,RTD,7/31/2026 8:35:00 AM,CMIN,Dr,0,
7/31/2026 8:30:00 AM,RTD,7/31/2026 8:35:00 AM,CVIS,Dr,2040,
7/31/2026 8:30:00 AM,RTD,7/31/2026 8:35:00 AM,CMIN,Fr,3250,
7/31/2026 8:30:00 AM,RTD,7/31/2026 8:35:00 AM,CLUZ,Fr,550,
7/31/2026 8:30:00 AM,RTD,7/31/2026 8:35:00 AM,CVIS,Fr,14000,
7/31/2026 8:30:00 AM,RTD,7/31/2026 8:35:00 AM,CLUZ,Rd,14997.99,
7/31/2026 8:30:00 AM,RTD,7/31/2026 8:35:00 AM,CMIN,Rd,24999.89,
7/31/2026 8:30:00 AM,RTD,7/31/2026 8:35:00 AM,CVIS,Rd,19998,
7/31/2026 8:30:00 AM,RTD,7/31/2026 8:35:00 AM,CLUZ,Ru,550,
7/31/2026 8:30:00 AM,RTD,7/31/2026 8:35:00 AM,CMIN,Ru,24999.89,
7/31/2026 8:30:00 AM,RTD,7/31/2026 8:35:00 AM,CVIS,Ru,19998,
7/31/2026 8:35:00 AM,RTD,7/31/2026 8:40:00 AM,CVIS,Dr,11500,
7/31/2026 8:35:00 AM,RTD,7/31/2026 8:40:00 AM,CMIN,Dr,0,
7/31/2026 8:35:00 AM,RTD,7/31/2026 8:40:00 AM,CLUZ,Dr,750.08,
7/31/2026 8:35:00 AM,RTD,7/31/2026 8:40:00 AM,CMIN,Fr,3250,
7/31/2026 8:35:00 AM,RTD,7/31/2026 8:40:00 AM,CVIS,Fr,15000,
7/31/2026 8:35:00 AM,RTD,7/31/2026 8:40:00 AM,CLUZ,Fr,550,
7/31/2026 8:35:00 AM,RTD,7/31/2026 8:40:00 AM,CVIS,Rd,19998,
7/31/2026 8:35:00 AM,RTD,7/31/2026 8:40:00 AM,CMIN,Rd,24999.89,
7/31/2026 8:35:00 AM,RTD,7/31/2026 8:40:00 AM,CLUZ,Rd,14997.99,
7/31/2026 8:35:00 AM,RTD,7/31/2026 8:40:00 AM,CVIS,Ru,19998,
7/31/2026 8:35:00 AM,RTD,7/31/2026 8:40:00 AM,CLUZ,Ru,550,
7/31/2026 8:35:00 AM,RTD,7/31/2026 8:40:00 AM,CMIN,Ru,24999.89,
7/31/2026 8:40:00 AM,RTD,7/31/2026 8:45:00 AM,CVIS,Dr,11800,
7/31/2026 8:40:00 AM,RTD,7/31/2026 8:45:00 AM,CMIN,Dr,0,
7/31/2026 8:40:00 AM,RTD,7/31/2026 8:45:00 AM,CLUZ,Dr,750.08,
7/31/2026 8:40:00 AM,RTD,7/31/2026 8:45:00 AM,CMIN,Fr,3250,
7/31/2026 8:40:00 AM,RTD,7/31/2026 8:45:00 AM,CVIS,Fr,15500,
7/31/2026 8:40:00 AM,RTD,7/31/2026 8:45:00 AM,CLUZ,Fr,550,
7/31/2026 8:40:00 AM,RTD,7/31/2026 8:45:00 AM,CVIS,Rd,19998,
7/31/2026 8:40:00 AM,RTD,7/31/2026 8:45:00 AM,CMIN,Rd,24999.89,
7/31/2026 8:40:00 AM,RTD,7/31/2026 8:45:00 AM,CLUZ,Rd,14997.99,
7/31/2026 8:40:00 AM,RTD,7/31/2026 8:45:00 AM,CVIS,Ru,19998,
7/31/2026 8:40:00 AM,RTD,7/31/2026 8:45:00 AM,CLUZ,Ru,550,
7/31/2026 8:40:00 AM,RTD,7/31/2026 8:45:00 AM,CMIN,Ru,24999.89,
7/31/2026 8:45:00 AM,RTD,7/31/2026 8:50:00 AM,CMIN,Dr,0,
7/31/2026 8:45:00 AM,RTD,7/31/2026 8:50:00 AM,CLUZ,Dr,750.08,
7/31/2026 8:45:00 AM,RTD,7/31/2026 8:50:00 AM,CVIS,Dr,1899,
7/31/2026 8:45:00 AM,RTD,7/31/2026 8:50:00 AM,CLUZ,Fr,550,
7/31/2026 8:45:00 AM,RTD,7/31/2026 8:50:00 AM,CMIN,Fr,3250,
7/31/2026 8:45:00 AM,RTD,7/31/2026 8:50:00 AM,CVIS,Fr,16000,
7/31/2026 8:45:00 AM,RTD,7/31/2026 8:50:00 AM,CMIN,Rd,24999.89,
7/31/2026 8:45:00 AM,RTD,7/31/2026 8:50:00 AM,CLUZ,Rd,15020.70,
7/31/2026 8:45:00 AM,RTD,7/31/2026 8:50:00 AM,CVIS,Rd,19998,
7/31/2026 8:45:00 AM,RTD,7/31/2026 8:50:00 AM,CMIN,Ru,24999.89,
7/31/2026 8:45:00 AM,RTD,7/31/2026 8:50:00 AM,CVIS,Ru,19998,
7/31/2026 8:45:00 AM,RTD,7/31/2026 8:50:00 AM,CLUZ,Ru,550,
7/31/2026 8:50:00 AM,RTD,7/31/2026 8:55:00 AM,CVIS,Dr,1899,
7/31/2026 8:50:00 AM,RTD,7/31/2026 8:55:00 AM,CMIN,Dr,0,
7/31/2026 8:50:00 AM,RTD,7/31/2026 8:55:00 AM,CLUZ,Dr,750.08,
7/31/2026 8:50:00 AM,RTD,7/31/2026 8:55:00 AM,CMIN,Fr,3250,
7/31/2026 8:50:00 AM,RTD,7/31/2026 8:55:00 AM,CVIS,Fr,17000,
7/31/2026 8:50:00 AM,RTD,7/31/2026 8:55:00 AM,CLUZ,Fr,550,
7/31/2026 8:50:00 AM,RTD,7/31/2026 8:55:00 AM,CVIS,Rd,19998,
7/31/2026 8:50:00 AM,RTD,7/31/2026 8:55:00 AM,CMIN,Rd,24999.89,
7/31/2026 8:50:00 AM,RTD,7/31/2026 8:55:00 AM,CLUZ,Rd,14997.99,
7/31/2026 8:50:00 AM,RTD,7/31/2026 8:55:00 AM,CVIS,Ru,19998,
7/31/2026 8:50:00 AM,RTD,7/31/2026 8:55:00 AM,CLUZ,Ru,550,
7/31/2026 8:50:00 AM,RTD,7/31/2026 8:55:00 AM,CMIN,Ru,24999.89,
7/31/2026 8:55:00 AM,RTD,7/31/2026 9:00:00 AM,CVIS,Dr,1899,
7/31/2026 8:55:00 AM,RTD,7/31/2026 9:00:00 AM,CMIN,Dr,0,
7/31/2026 8:55:00 AM,RTD,7/31/2026 9:00:00 AM,CLUZ,Dr,750.08,
7/31/2026 8:55:00 AM,RTD,7/31/2026 9:00:00 AM,CMIN,Fr,3250,
7/31/2026 8:55:00 AM,RTD,7/31/2026 9:00:00 AM,CVIS,Fr,20000,
7/31/2026 8:55:00 AM,RTD,7/31/2026 9:00:00 AM,CLUZ,Fr,550,
7/31/2026 8:55:00 AM,RTD,7/31/2026 9:00:00 AM,CVIS,Rd,19998,
7/31/2026 8:55:00 AM,RTD,7/31/2026 9:00:00 AM,CMIN,Rd,24999.89,
7/31/2026 8:55:00 AM,RTD,7/31/2026 9:00:00 AM,CLUZ,Rd,14997.99,
7/31/2026 8:55:00 AM,RTD,7/31/2026 9:00:00 AM,CVIS,Ru,19998,
7/31/2026 8:55:00 AM,RTD,7/31/2026 9:00:00 AM,CLUZ,Ru,550,
7/31/2026 8:55:00 AM,RTD,7/31/2026 9:00:00 AM,CMIN,Ru,24999.89,
7/31/2026 9:00:00 AM,RTD,7/31/2026 9:05:00 AM,CLUZ,Dr,750.08,
7/31/2026 9:00:00 AM,RTD,7/31/2026 9:05:00 AM,CVIS,Dr,1600,
7/31/2026 9:00:00 AM,RTD,7/31/2026 9:05:00 AM,CMIN,Dr,0,
7/31/2026 9:00:00 AM,RTD,7/31/2026 9:05:00 AM,CMIN,Fr,3250,
7/31/2026 9:00:00 AM,RTD,7/31/2026 9:05:00 AM,CLUZ,Fr,550,
7/31/2026 9:00:00 AM,RTD,7/31/2026 9:05:00 AM,CVIS,Fr,15836.98,
7/31/2026 9:00:00 AM,RTD,7/31/2026 9:05:00 AM,CMIN,Rd,24999.89,
7/31/2026 9:00:00 AM,RTD,7/31/2026 9:05:00 AM,CVIS,Rd,19998,
7/31/2026 9:00:00 AM,RTD,7/31/2026 9:05:00 AM,CLUZ,Rd,10407.88,
7/31/2026 9:00:00 AM,RTD,7/31/2026 9:05:00 AM,CLUZ,Ru,550,
7/31/2026 9:00:00 AM,RTD,7/31/2026 9:05:00 AM,CMIN,Ru,24999.89,
7/31/2026 9:00:00 AM,RTD,7/31/2026 9:05:00 AM,CVIS,Ru,19998,
7/31/2026 9:05:00 AM,RTD,7/31/2026 9:10:00 AM,CVIS,Dr,1600,
7/31/2026 9:05:00 AM,RTD,7/31/2026 9:10:00 AM,CMIN,Dr,0,
7/31/2026 9:05:00 AM,RTD,7/31/2026 9:10:00 AM,CLUZ,Dr,750.08,
7/31/2026 9:05:00 AM,RTD,7/31/2026 9:10:00 AM,CMIN,Fr,3250,
7/31/2026 9:05:00 AM,RTD,7/31/2026 9:10:00 AM,CVIS,Fr,18161.40,
7/31/2026 9:05:00 AM,RTD,7/31/2026 9:10:00 AM,CLUZ,Fr,550,
7/31/2026 9:05:00 AM,RTD,7/31/2026 9:10:00 AM,CVIS,Rd,19998,
7/31/2026 9:05:00 AM,RTD,7/31/2026 9:10:00 AM,CMIN,Rd,24999.89,
7/31/2026 9:05:00 AM,RTD,7/31/2026 9:10:00 AM,CLUZ,Rd,10382.33,
7/31/2026 9:05:00 AM,RTD,7/31/2026 9:10:00 AM,CVIS,Ru,19998,
7/31/2026 9:05:00 AM,RTD,7/31/2026 9:10:00 AM,CLUZ,Ru,550,
7/31/2026 9:05:00 AM,RTD,7/31/2026 9:10:00 AM,CMIN,Ru,24999.89,
7/31/2026 9:10:00 AM,RTD,7/31/2026 9:15:00 AM,CMIN,Dr,0,
7/31/2026 9:10:00 AM,RTD,7/31/2026 9:15:00 AM,CVIS,Dr,1250,
7/31/2026 9:10:00 AM,RTD,7/31/2026 9:15:00 AM,CLUZ,Dr,750.08,
7/31/2026 9:10:00 AM,RTD,7/31/2026 9:15:00 AM,CLUZ,Fr,550,
7/31/2026 9:10:00 AM,RTD,7/31/2026 9:15:00 AM,CMIN,Fr,3250,
7/31/2026 9:10:00 AM,RTD,7/31/2026 9:15:00 AM,CVIS,Fr,18175.02,
7/31/2026 9:10:00 AM,RTD,7/31/2026 9:15:00 AM,CVIS,Rd,19998,
7/31/2026 9:10:00 AM,RTD,7/31/2026 9:15:00 AM,CLUZ,Rd,10098.60,
7/31/2026 9:10:00 AM,RTD,7/31/2026 9:15:00 AM,CMIN,Rd,24999.89,
7/31/2026 9:10:00 AM,RTD,7/31/2026 9:15:00 AM,CVIS,Ru,19998,
7/31/2026 9:10:00 AM,RTD,7/31/2026 9:15:00 AM,CLUZ,Ru,1000,
7/31/2026 9:10:00 AM,RTD,7/31/2026 9:15:00 AM,CMIN,Ru,24999.89,
7/31/2026 9:15:00 AM,RTD,7/31/2026 9:20:00 AM,CVIS,Dr,1250,
7/31/2026 9:15:00 AM,RTD,7/31/2026 9:20:00 AM,CMIN,Dr,0,
7/31/2026 9:15:00 AM,RTD,7/31/2026 9:20:00 AM,CLUZ,Dr,750.08,
7/31/2026 9:15:00 AM,RTD,7/31/2026 9:20:00 AM,CMIN,Fr,3250,
7/31/2026 9:15:00 AM,RTD,7/31/2026 9:20:00 AM,CVIS,Fr,18165.75,
7/31/2026 9:15:00 AM,RTD,7/31/2026 9:20:00 AM,CLUZ,Fr,550,
7/31/2026 9:15:00 AM,RTD,7/31/2026 9:20:00 AM,CVIS,Rd,19998,
7/31/2026 9:15:00 AM,RTD,7/31/2026 9:20:00 AM,CMIN,Rd,24999.89,
7/31/2026 9:15:00 AM,RTD,7/31/2026 9:20:00 AM,CLUZ,Rd,1000,
7/31/2026 9:15:00 AM,RTD,7/31/2026 9:20:00 AM,CVIS,Ru,19998,
7/31/2026 9:15:00 AM,RTD,7/31/2026 9:20:00 AM,CLUZ,Ru,1000,
7/31/2026 9:15:00 AM,RTD,7/31/2026 9:20:00 AM,CMIN,Ru,24999.89,
7/31/2026 9:20:00 AM,RTD,7/31/2026 9:25:00 AM,CVIS,Dr,1600,
7/31/2026 9:20:00 AM,RTD,7/31/2026 9:25:00 AM,CMIN,Dr,0,
7/31/2026 9:20:00 AM,RTD,7/31/2026 9:25:00 AM,CLUZ,Dr,750.08,
7/31/2026 9:20:00 AM,RTD,7/31/2026 9:25:00 AM,CMIN,Fr,3250,
7/31/2026 9:20:00 AM,RTD,7/31/2026 9:25:00 AM,CVIS,Fr,17064.09,
7/31/2026 9:20:00 AM,RTD,7/31/2026 9:25:00 AM,CLUZ,Fr,550,
7/31/2026 9:20:00 AM,RTD,7/31/2026 9:25:00 AM,CVIS,Rd,19998,
7/31/2026 9:20:00 AM,RTD,7/31/2026 9:25:00 AM,CMIN,Rd,24999.89,
7/31/2026 9:20:00 AM,RTD,7/31/2026 9:25:00 AM,CLUZ,Rd,1000,
7/31/2026 9:20:00 AM,RTD,7/31/2026 9:25:00 AM,CVIS,Ru,19998,
7/31/2026 9:20:00 AM,RTD,7/31/2026 9:25:00 AM,CLUZ,Ru,1000,
7/31/2026 9:20:00 AM,RTD,7/31/2026 9:25:00 AM,CMIN,Ru,24999.89,
7/31/2026 9:25:00 AM,RTD,7/31/2026 9:30:00 AM,CVIS,Dr,1250,
7/31/2026 9:25:00 AM,RTD,7/31/2026 9:30:00 AM,CMIN,Dr,0,
7/31/2026 9:25:00 AM,RTD,7/31/2026 9:30:00 AM,CLUZ,Dr,750.08,
7/31/2026 9:25:00 AM,RTD,7/31/2026 9:30:00 AM,CMIN,Fr,3250,
7/31/2026 9:25:00 AM,RTD,7/31/2026 9:30:00 AM,CVIS,Fr,18165.86,
7/31/2026 9:25:00 AM,RTD,7/31/2026 9:30:00 AM,CLUZ,Fr,550,
7/31/2026 9:25:00 AM,RTD,7/31/2026 9:30:00 AM,CVIS,Rd,19998,
7/31/2026 9:25:00 AM,RTD,7/31/2026 9:30:00 AM,CMIN,Rd,24999.89,
7/31/2026 9:25:00 AM,RTD,7/31/2026 9:30:00 AM,CLUZ,Rd,1000,
7/31/2026 9:25:00 AM,RTD,7/31/2026 9:30:00 AM,CVIS,Ru,19998,
7/31/2026 9:25:00 AM,RTD,7/31/2026 9:30:00 AM,CLUZ,Ru,1000,
7/31/2026 9:25:00 AM,RTD,7/31/2026 9:30:00 AM,CMIN,Ru,24999.89,
7/31/2026 9:30:00 AM,RTD,7/31/2026 9:35:00 AM,CMIN,Dr,0,
7/31/2026 9:30:00 AM,RTD,7/31/2026 9:35:00 AM,CVIS,Dr,1250,
7/31/2026 9:30:00 AM,RTD,7/31/2026 9:35:00 AM,CLUZ,Dr,750.08,
7/31/2026 9:30:00 AM,RTD,7/31/2026 9:35:00 AM,CVIS,Fr,17233.52,
7/31/2026 9:30:00 AM,RTD,7/31/2026 9:35:00 AM,CMIN,Fr,3250,
7/31/2026 9:30:00 AM,RTD,7/31/2026 9:35:00 AM,CLUZ,Fr,550,
7/31/2026 9:30:00 AM,RTD,7/31/2026 9:35:00 AM,CMIN,Rd,24999.89,
7/31/2026 9:30:00 AM,RTD,7/31/2026 9:35:00 AM,CVIS,Rd,19998,
7/31/2026 9:30:00 AM,RTD,7/31/2026 9:35:00 AM,CLUZ,Rd,14997.99,
7/31/2026 9:30:00 AM,RTD,7/31/2026 9:35:00 AM,CMIN,Ru,24999.89,
7/31/2026 9:30:00 AM,RTD,7/31/2026 9:35:00 AM,CVIS,Ru,19998,
7/31/2026 9:30:00 AM,RTD,7/31/2026 9:35:00 AM,CLUZ,Ru,14997.99,
7/31/2026 9:35:00 AM,RTD,7/31/2026 9:40:00 AM,CVIS,Dr,1250,
7/31/2026 9:35:00 AM,RTD,7/31/2026 9:40:00 AM,CMIN,Dr,0,
7/31/2026 9:35:00 AM,RTD,7/31/2026 9:40:00 AM,CLUZ,Dr,746.08,
7/31/2026 9:35:00 AM,RTD,7/31/2026 9:40:00 AM,CMIN,Fr,3250,
7/31/2026 9:35:00 AM,RTD,7/31/2026 9:40:00 AM,CVIS,Fr,17000,
7/31/2026 9:35:00 AM,RTD,7/31/2026 9:40:00 AM,CLUZ,Fr,550,
7/31/2026 9:35:00 AM,RTD,7/31/2026 9:40:00 AM,CVIS,Rd,19998,
7/31/2026 9:35:00 AM,RTD,7/31/2026 9:40:00 AM,CMIN,Rd,24999.89,
7/31/2026 9:35:00 AM,RTD,7/31/2026 9:40:00 AM,CLUZ,Rd,14997.99,
7/31/2026 9:35:00 AM,RTD,7/31/2026 9:40:00 AM,CVIS,Ru,19998,
7/31/2026 9:35:00 AM,RTD,7/31/2026 9:40:00 AM,CLUZ,Ru,14997.99,
7/31/2026 9:35:00 AM,RTD,7/31/2026 9:40:00 AM,CMIN,Ru,2000.08,
7/31/2026 9:40:00 AM,RTD,7/31/2026 9:45:00 AM,CVIS,Dr,1250,
7/31/2026 9:40:00 AM,RTD,7/31/2026 9:45:00 AM,CMIN,Dr,0,
7/31/2026 9:40:00 AM,RTD,7/31/2026 9:45:00 AM,CLUZ,Dr,746.08,
7/31/2026 9:40:00 AM,RTD,7/31/2026 9:45:00 AM,CMIN,Fr,3250,
7/31/2026 9:40:00 AM,RTD,7/31/2026 9:45:00 AM,CVIS,Fr,16000,
7/31/2026 9:40:00 AM,RTD,7/31/2026 9:45:00 AM,CLUZ,Fr,550,
7/31/2026 9:40:00 AM,RTD,7/31/2026 9:45:00 AM,CVIS,Rd,19998,
7/31/2026 9:40:00 AM,RTD,7/31/2026 9:45:00 AM,CLUZ,Rd,14997.99,
7/31/2026 9:40:00 AM,RTD,7/31/2026 9:45:00 AM,CMIN,Rd,24999.89,
7/31/2026 9:40:00 AM,RTD,7/31/2026 9:45:00 AM,CVIS,Ru,19998,
7/31/2026 9:40:00 AM,RTD,7/31/2026 9:45:00 AM,CLUZ,Ru,14997.99,
7/31/2026 9:40:00 AM,RTD,7/31/2026 9:45:00 AM,CMIN,Ru,2000.08,
7/31/2026 9:45:00 AM,RTD,7/31/2026 9:50:00 AM,CVIS,Dr,1250,
7/31/2026 9:45:00 AM,RTD,7/31/2026 9:50:00 AM,CMIN,Dr,0,
7/31/2026 9:45:00 AM,RTD,7/31/2026 9:50:00 AM,CLUZ,Dr,746.08,
7/31/2026 9:45:00 AM,RTD,7/31/2026 9:50:00 AM,CMIN,Fr,3250,
7/31/2026 9:45:00 AM,RTD,7/31/2026 9:50:00 AM,CVIS,Fr,16000,
7/31/2026 9:45:00 AM,RTD,7/31/2026 9:50:00 AM,CLUZ,Fr,550,
7/31/2026 9:45:00 AM,RTD,7/31/2026 9:50:00 AM,CVIS,Rd,19998,
7/31/2026 9:45:00 AM,RTD,7/31/2026 9:50:00 AM,CMIN,Rd,24999.89,
7/31/2026 9:45:00 AM,RTD,7/31/2026 9:50:00 AM,CLUZ,Rd,14997.99,
7/31/2026 9:45:00 AM,RTD,7/31/2026 9:50:00 AM,CVIS,Ru,19998,
7/31/2026 9:45:00 AM,RTD,7/31/2026 9:50:00 AM,CLUZ,Ru,14997.99,
7/31/2026 9:45:00 AM,RTD,7/31/2026 9:50:00 AM,CMIN,Ru,2000.08,
7/31/2026 9:50:00 AM,RTD,7/31/2026 9:55:00 AM,CVIS,Dr,1250,
7/31/2026 9:50:00 AM,RTD,7/31/2026 9:55:00 AM,CMIN,Dr,0,
7/31/2026 9:50:00 AM,RTD,7/31/2026 9:55:00 AM,CLUZ,Dr,746.08,
7/31/2026 9:50:00 AM,RTD,7/31/2026 9:55:00 AM,CMIN,Fr,3250,
7/31/2026 9:50:00 AM,RTD,7/31/2026 9:55:00 AM,CVIS,Fr,16000,
7/31/2026 9:50:00 AM,RTD,7/31/2026 9:55:00 AM,CLUZ,Fr,550,
7/31/2026 9:50:00 AM,RTD,7/31/2026 9:55:00 AM,CVIS,Rd,19998,
7/31/2026 9:50:00 AM,RTD,7/31/2026 9:55:00 AM,CMIN,Rd,24999.89,
7/31/2026 9:50:00 AM,RTD,7/31/2026 9:55:00 AM,CLUZ,Rd,14997.99,
7/31/2026 9:50:00 AM,RTD,7/31/2026 9:55:00 AM,CVIS,Ru,19998,
7/31/2026 9:50:00 AM,RTD,7/31/2026 9:55:00 AM,CLUZ,Ru,14997.99,
7/31/2026 9:50:00 AM,RTD,7/31/2026 9:55:00 AM,CMIN,Ru,2000.08,
7/31/2026 9:55:00 AM,RTD,7/31/2026 10:00:00 AM,CVIS,Dr,1250,
7/31/2026 9:55:00 AM,RTD,7/31/2026 10:00:00 AM,CMIN,Dr,0,
7/31/2026 9:55:00 AM,RTD,7/31/2026 10:00:00 AM,CLUZ,Dr,746.08,
7/31/2026 9:55:00 AM,RTD,7/31/2026 10:00:00 AM,CMIN,Fr,3250,
7/31/2026 9:55:00 AM,RTD,7/31/2026 10:00:00 AM,CVIS,Fr,17114.65,
7/31/2026 9:55:00 AM,RTD,7/31/2026 10:00:00 AM,CLUZ,Fr,550,
7/31/2026 9:55:00 AM,RTD,7/31/2026 10:00:00 AM,CVIS,Rd,19998,
7/31/2026 9:55:00 AM,RTD,7/31/2026 10:00:00 AM,CMIN,Rd,24999.89,
7/31/2026 9:55:00 AM,RTD,7/31/2026 10:00:00 AM,CLUZ,Rd,14997.99,
7/31/2026 9:55:00 AM,RTD,7/31/2026 10:00:00 AM,CVIS,Ru,19998,
7/31/2026 9:55:00 AM,RTD,7/31/2026 10:00:00 AM,CLUZ,Ru,14997.99,
7/31/2026 9:55:00 AM,RTD,7/31/2026 10:00:00 AM,CMIN,Ru,24999.89,
7/31/2026 10:00:00 AM,RTD,7/31/2026 10:05:00 AM,CMIN,Dr,0,
7/31/2026 10:00:00 AM,RTD,7/31/2026 10:05:00 AM,CLUZ,Dr,1100,
7/31/2026 10:00:00 AM,RTD,7/31/2026 10:05:00 AM,CVIS,Dr,1250,
7/31/2026 10:00:00 AM,RTD,7/31/2026 10:05:00 AM,CMIN,Fr,3250,
7/31/2026 10:00:00 AM,RTD,7/31/2026 10:05:00 AM,CLUZ,Fr,550,
7/31/2026 10:00:00 AM,RTD,7/31/2026 10:05:00 AM,CVIS,Fr,14500,
7/31/2026 10:00:00 AM,RTD,7/31/2026 10:05:00 AM,CLUZ,Rd,14997.99,
7/31/2026 10:00:00 AM,RTD,7/31/2026 10:05:00 AM,CVIS,Rd,19998,
7/31/2026 10:00:00 AM,RTD,7/31/2026 10:05:00 AM,CMIN,Rd,24999.89,
7/31/2026 10:00:00 AM,RTD,7/31/2026 10:05:00 AM,CVIS,Ru,19998,
7/31/2026 10:00:00 AM,RTD,7/31/2026 10:05:00 AM,CLUZ,Ru,14997.99,
7/31/2026 10:00:00 AM,RTD,7/31/2026 10:05:00 AM,CMIN,Ru,24999.89,
7/31/2026 10:05:00 AM,RTD,7/31/2026 10:10:00 AM,CMIN,Dr,0,
7/31/2026 10:05:00 AM,RTD,7/31/2026 10:10:00 AM,CLUZ,Dr,1100,
7/31/2026 10:05:00 AM,RTD,7/31/2026 10:10:00 AM,CVIS,Dr,1250,
7/31/2026 10:05:00 AM,RTD,7/31/2026 10:10:00 AM,CMIN,Fr,3250,
7/31/2026 10:05:00 AM,RTD,7/31/2026 10:10:00 AM,CLUZ,Fr,550,
7/31/2026 10:05:00 AM,RTD,7/31/2026 10:10:00 AM,CVIS,Fr,15500,
7/31/2026 10:05:00 AM,RTD,7/31/2026 10:10:00 AM,CVIS,Rd,19998,
7/31/2026 10:05:00 AM,RTD,7/31/2026 10:10:00 AM,CMIN,Rd,24999.89,
7/31/2026 10:05:00 AM,RTD,7/31/2026 10:10:00 AM,CLUZ,Rd,14997.99,
7/31/2026 10:05:00 AM,RTD,7/31/2026 10:10:00 AM,CVIS,Ru,19998,
7/31/2026 10:05:00 AM,RTD,7/31/2026 10:10:00 AM,CMIN,Ru,24999.89,
7/31/2026 10:05:00 AM,RTD,7/31/2026 10:10:00 AM,CLUZ,Ru,14997.99,
7/31/2026 10:10:00 AM,RTD,7/31/2026 10:15:00 AM,CMIN,Dr,0,
7/31/2026 10:10:00 AM,RTD,7/31/2026 10:15:00 AM,CLUZ,Dr,1100,
7/31/2026 10:10:00 AM,RTD,7/31/2026 10:15:00 AM,CVIS,Dr,1250,
7/31/2026 10:10:00 AM,RTD,7/31/2026 10:15:00 AM,CMIN,Fr,3250,
7/31/2026 10:10:00 AM,RTD,7/31/2026 10:15:00 AM,CVIS,Fr,15000,
7/31/2026 10:10:00 AM,RTD,7/31/2026 10:15:00 AM,CLUZ,Fr,550,
7/31/2026 10:10:00 AM,RTD,7/31/2026 10:15:00 AM,CLUZ,Rd,14997.99,
7/31/2026 10:10:00 AM,RTD,7/31/2026 10:15:00 AM,CVIS,Rd,19998,
7/31/2026 10:10:00 AM,RTD,7/31/2026 10:15:00 AM,CMIN,Rd,24999.89,
7/31/2026 10:10:00 AM,RTD,7/31/2026 10:15:00 AM,CVIS,Ru,19998,
7/31/2026 10:10:00 AM,RTD,7/31/2026 10:15:00 AM,CMIN,Ru,24999.89,
7/31/2026 10:10:00 AM,RTD,7/31/2026 10:15:00 AM,CLUZ,Ru,14997.99,
7/31/2026 10:15:00 AM,RTD,7/31/2026 10:20:00 AM,CVIS,Dr,1250,
7/31/2026 10:15:00 AM,RTD,7/31/2026 10:20:00 AM,CMIN,Dr,0,
7/31/2026 10:15:00 AM,RTD,7/31/2026 10:20:00 AM,CLUZ,Dr,1100,
7/31/2026 10:15:00 AM,RTD,7/31/2026 10:20:00 AM,CVIS,Fr,15014.54,
7/31/2026 10:15:00 AM,RTD,7/31/2026 10:20:00 AM,CLUZ,Fr,550,
7/31/2026 10:15:00 AM,RTD,7/31/2026 10:20:00 AM,CMIN,Fr,3250,
7/31/2026 10:15:00 AM,RTD,7/31/2026 10:20:00 AM,CLUZ,Rd,14997.99,
7/31/2026 10:15:00 AM,RTD,7/31/2026 10:20:00 AM,CVIS,Rd,19998,
7/31/2026 10:15:00 AM,RTD,7/31/2026 10:20:00 AM,CMIN,Rd,24999.89,
7/31/2026 10:15:00 AM,RTD,7/31/2026 10:20:00 AM,CMIN,Ru,24999.89,
7/31/2026 10:15:00 AM,RTD,7/31/2026 10:20:00 AM,CVIS,Ru,19998,
7/31/2026 10:15:00 AM,RTD,7/31/2026 10:20:00 AM,CLUZ,Ru,14997.99,
7/31/2026 10:20:00 AM,RTD,7/31/2026 10:25:00 AM,CVIS,Dr,1250,
7/31/2026 10:20:00 AM,RTD,7/31/2026 10:25:00 AM,CMIN,Dr,0,
7/31/2026 10:20:00 AM,RTD,7/31/2026 10:25:00 AM,CLUZ,Dr,746.08,
7/31/2026 10:20:00 AM,RTD,7/31/2026 10:25:00 AM,CVIS,Fr,15022.67,
7/31/2026 10:20:00 AM,RTD,7/31/2026 10:25:00 AM,CMIN,Fr,3250,
7/31/2026 10:20:00 AM,RTD,7/31/2026 10:25:00 AM,CLUZ,Fr,550,
7/31/2026 10:20:00 AM,RTD,7/31/2026 10:25:00 AM,CMIN,Rd,24999.89,
7/31/2026 10:20:00 AM,RTD,7/31/2026 10:25:00 AM,CVIS,Rd,19998,
7/31/2026 10:20:00 AM,RTD,7/31/2026 10:25:00 AM,CLUZ,Rd,14997.99,
7/31/2026 10:20:00 AM,RTD,7/31/2026 10:25:00 AM,CLUZ,Ru,14997.99,
7/31/2026 10:20:00 AM,RTD,7/31/2026 10:25:00 AM,CVIS,Ru,19998,
7/31/2026 10:20:00 AM,RTD,7/31/2026 10:25:00 AM,CMIN,Ru,24999.89,
7/31/2026 10:25:00 AM,RTD,7/31/2026 10:30:00 AM,CLUZ,Dr,746.08,
7/31/2026 10:25:00 AM,RTD,7/31/2026 10:30:00 AM,CMIN,Dr,0,
7/31/2026 10:25:00 AM,RTD,7/31/2026 10:30:00 AM,CVIS,Dr,1250,
7/31/2026 10:25:00 AM,RTD,7/31/2026 10:30:00 AM,CMIN,Fr,3250,
7/31/2026 10:25:00 AM,RTD,7/31/2026 10:30:00 AM,CLUZ,Fr,550,
7/31/2026 10:25:00 AM,RTD,7/31/2026 10:30:00 AM,CVIS,Fr,16000,
7/31/2026 10:25:00 AM,RTD,7/31/2026 10:30:00 AM,CLUZ,Rd,14997.99,
7/31/2026 10:25:00 AM,RTD,7/31/2026 10:30:00 AM,CMIN,Rd,24999.89,
7/31/2026 10:25:00 AM,RTD,7/31/2026 10:30:00 AM,CVIS,Rd,19998,
7/31/2026 10:25:00 AM,RTD,7/31/2026 10:30:00 AM,CLUZ,Ru,14997.99,
7/31/2026 10:25:00 AM,RTD,7/31/2026 10:30:00 AM,CMIN,Ru,24999.89,
7/31/2026 10:25:00 AM,RTD,7/31/2026 10:30:00 AM,CVIS,Ru,19998,
7/31/2026 10:30:00 AM,RTD,7/31/2026 10:35:00 AM,CLUZ,Dr,800,
7/31/2026 10:30:00 AM,RTD,7/31/2026 10:35:00 AM,CVIS,Dr,1250,
7/31/2026 10:30:00 AM,RTD,7/31/2026 10:35:00 AM,CMIN,Dr,0,
7/31/2026 10:30:00 AM,RTD,7/31/2026 10:35:00 AM,CVIS,Fr,18145.60,
7/31/2026 10:30:00 AM,RTD,7/31/2026 10:35:00 AM,CLUZ,Fr,550,
7/31/2026 10:30:00 AM,RTD,7/31/2026 10:35:00 AM,CMIN,Fr,3250,
7/31/2026 10:30:00 AM,RTD,7/31/2026 10:35:00 AM,CLUZ,Rd,14997.99,
7/31/2026 10:30:00 AM,RTD,7/31/2026 10:35:00 AM,CVIS,Rd,19998,
7/31/2026 10:30:00 AM,RTD,7/31/2026 10:35:00 AM,CMIN,Rd,24999.89,
7/31/2026 10:30:00 AM,RTD,7/31/2026 10:35:00 AM,CLUZ,Ru,14997.99,
7/31/2026 10:30:00 AM,RTD,7/31/2026 10:35:00 AM,CMIN,Ru,24999.89,
7/31/2026 10:30:00 AM,RTD,7/31/2026 10:35:00 AM,CVIS,Ru,19998,
7/31/2026 10:35:00 AM,RTD,7/31/2026 10:40:00 AM,CVIS,Dr,1250,
7/31/2026 10:35:00 AM,RTD,7/31/2026 10:40:00 AM,CMIN,Dr,0,
7/31/2026 10:35:00 AM,RTD,7/31/2026 10:40:00 AM,CLUZ,Dr,4000,
7/31/2026 10:35:00 AM,RTD,7/31/2026 10:40:00 AM,CMIN,Fr,3250,
7/31/2026 10:35:00 AM,RTD,7/31/2026 10:40:00 AM,CVIS,Fr,18166.25,
7/31/2026 10:35:00 AM,RTD,7/31/2026 10:40:00 AM,CLUZ,Fr,550,
7/31/2026 10:35:00 AM,RTD,7/31/2026 10:40:00 AM,CVIS,Rd,19998,
7/31/2026 10:35:00 AM,RTD,7/31/2026 10:40:00 AM,CMIN,Rd,24999.89,
7/31/2026 10:35:00 AM,RTD,7/31/2026 10:40:00 AM,CLUZ,Rd,15101.62,
7/31/2026 10:35:00 AM,RTD,7/31/2026 10:40:00 AM,CVIS,Ru,19998,
7/31/2026 10:35:00 AM,RTD,7/31/2026 10:40:00 AM,CLUZ,Ru,14997.99,
7/31/2026 10:35:00 AM,RTD,7/31/2026 10:40:00 AM,CMIN,Ru,24999.89,
7/31/2026 10:40:00 AM,RTD,7/31/2026 10:45:00 AM,CVIS,Dr,1250,
7/31/2026 10:40:00 AM,RTD,7/31/2026 10:45:00 AM,CMIN,Dr,0,
7/31/2026 10:40:00 AM,RTD,7/31/2026 10:45:00 AM,CLUZ,Dr,4000,
7/31/2026 10:40:00 AM,RTD,7/31/2026 10:45:00 AM,CMIN,Fr,3250,
7/31/2026 10:40:00 AM,RTD,7/31/2026 10:45:00 AM,CVIS,Fr,18156.71,
7/31/2026 10:40:00 AM,RTD,7/31/2026 10:45:00 AM,CLUZ,Fr,550,
7/31/2026 10:40:00 AM,RTD,7/31/2026 10:45:00 AM,CVIS,Rd,19998,
7/31/2026 10:40:00 AM,RTD,7/31/2026 10:45:00 AM,CMIN,Rd,24999.89,
7/31/2026 10:40:00 AM,RTD,7/31/2026 10:45:00 AM,CLUZ,Rd,14997.99,
7/31/2026 10:40:00 AM,RTD,7/31/2026 10:45:00 AM,CVIS,Ru,19998,
7/31/2026 10:40:00 AM,RTD,7/31/2026 10:45:00 AM,CLUZ,Ru,14997.99,
7/31/2026 10:40:00 AM,RTD,7/31/2026 10:45:00 AM,CMIN,Ru,24999.89,
7/31/2026 10:45:00 AM,RTD,7/31/2026 10:50:00 AM,CVIS,Dr,1250,
7/31/2026 10:45:00 AM,RTD,7/31/2026 10:50:00 AM,CMIN,Dr,0,
7/31/2026 10:45:00 AM,RTD,7/31/2026 10:50:00 AM,CLUZ,Dr,4000,
7/31/2026 10:45:00 AM,RTD,7/31/2026 10:50:00 AM,CMIN,Fr,3250,
7/31/2026 10:45:00 AM,RTD,7/31/2026 10:50:00 AM,CVIS,Fr,18135.89,
7/31/2026 10:45:00 AM,RTD,7/31/2026 10:50:00 AM,CLUZ,Fr,550,
7/31/2026 10:45:00 AM,RTD,7/31/2026 10:50:00 AM,CVIS,Rd,19998,
7/31/2026 10:45:00 AM,RTD,7/31/2026 10:50:00 AM,CMIN,Rd,24999.89,
7/31/2026 10:45:00 AM,RTD,7/31/2026 10:50:00 AM,CLUZ,Rd,14997.99,
7/31/2026 10:45:00 AM,RTD,7/31/2026 10:50:00 AM,CVIS,Ru,19998,
7/31/2026 10:45:00 AM,RTD,7/31/2026 10:50:00 AM,CLUZ,Ru,14997.99,
7/31/2026 10:45:00 AM,RTD,7/31/2026 10:50:00 AM,CMIN,Ru,24999.89,
7/31/2026 10:50:00 AM,RTD,7/31/2026 10:55:00 AM,CVIS,Dr,1280,
7/31/2026 10:50:00 AM,RTD,7/31/2026 10:55:00 AM,CMIN,Dr,0,
7/31/2026 10:50:00 AM,RTD,7/31/2026 10:55:00 AM,CLUZ,Dr,4999,
7/31/2026 10:50:00 AM,RTD,7/31/2026 10:55:00 AM,CMIN,Fr,3250,
7/31/2026 10:50:00 AM,RTD,7/31/2026 10:55:00 AM,CVIS,Fr,17000,
7/31/2026 10:50:00 AM,RTD,7/31/2026 10:55:00 AM,CLUZ,Fr,550,
7/31/2026 10:50:00 AM,RTD,7/31/2026 10:55:00 AM,CVIS,Rd,19998,
7/31/2026 10:50:00 AM,RTD,7/31/2026 10:55:00 AM,CMIN,Rd,24999.89,
7/31/2026 10:50:00 AM,RTD,7/31/2026 10:55:00 AM,CLUZ,Rd,14997.99,
7/31/2026 10:50:00 AM,RTD,7/31/2026 10:55:00 AM,CVIS,Ru,19998,
7/31/2026 10:50:00 AM,RTD,7/31/2026 10:55:00 AM,CLUZ,Ru,14997.99,
7/31/2026 10:50:00 AM,RTD,7/31/2026 10:55:00 AM,CMIN,Ru,24999.89,
7/31/2026 10:55:00 AM,RTD,7/31/2026 11:00:00 AM,CVIS,Dr,1280,
7/31/2026 10:55:00 AM,RTD,7/31/2026 11:00:00 AM,CMIN,Dr,0,
7/31/2026 10:55:00 AM,RTD,7/31/2026 11:00:00 AM,CLUZ,Dr,4999,
7/31/2026 10:55:00 AM,RTD,7/31/2026 11:00:00 AM,CMIN,Fr,3250,
7/31/2026 10:55:00 AM,RTD,7/31/2026 11:00:00 AM,CVIS,Fr,17000,
7/31/2026 10:55:00 AM,RTD,7/31/2026 11:00:00 AM,CLUZ,Fr,550,
7/31/2026 10:55:00 AM,RTD,7/31/2026 11:00:00 AM,CVIS,Rd,19998,
7/31/2026 10:55:00 AM,RTD,7/31/2026 11:00:00 AM,CMIN,Rd,24999.89,
7/31/2026 10:55:00 AM,RTD,7/31/2026 11:00:00 AM,CLUZ,Rd,14997.99,
7/31/2026 10:55:00 AM,RTD,7/31/2026 11:00:00 AM,CVIS,Ru,19998,
7/31/2026 10:55:00 AM,RTD,7/31/2026 11:00:00 AM,CLUZ,Ru,14997.99,
7/31/2026 10:55:00 AM,RTD,7/31/2026 11:00:00 AM,CMIN,Ru,24999.89,
7/31/2026 11:00:00 AM,RTD,7/31/2026 11:05:00 AM,CLUZ,Dr,4999,
7/31/2026 11:00:00 AM,RTD,7/31/2026 11:05:00 AM,CVIS,Dr,1280,
7/31/2026 11:00:00 AM,RTD,7/31/2026 11:05:00 AM,CMIN,Dr,0,
7/31/2026 11:00:00 AM,RTD,7/31/2026 11:05:00 AM,CVIS,Fr,19991.11,
7/31/2026 11:00:00 AM,RTD,7/31/2026 11:05:00 AM,CLUZ,Fr,550,
7/31/2026 11:00:00 AM,RTD,7/31/2026 11:05:00 AM,CMIN,Fr,3100.08,
7/31/2026 11:00:00 AM,RTD,7/31/2026 11:05:00 AM,CMIN,Rd,24999.89,
7/31/2026 11:00:00 AM,RTD,7/31/2026 11:05:00 AM,CVIS,Rd,19998,
7/31/2026 11:00:00 AM,RTD,7/31/2026 11:05:00 AM,CLUZ,Rd,14997.99,
7/31/2026 11:00:00 AM,RTD,7/31/2026 11:05:00 AM,CLUZ,Ru,14997.99,
7/31/2026 11:00:00 AM,RTD,7/31/2026 11:05:00 AM,CVIS,Ru,19998,
7/31/2026 11:00:00 AM,RTD,7/31/2026 11:05:00 AM,CMIN,Ru,24999.89,
7/31/2026 11:05:00 AM,RTD,7/31/2026 11:10:00 AM,CMIN,Dr,0,
7/31/2026 11:05:00 AM,RTD,7/31/2026 11:10:00 AM,CVIS,Dr,2050,
7/31/2026 11:05:00 AM,RTD,7/31/2026 11:10:00 AM,CLUZ,Dr,2000.08,
7/31/2026 11:05:00 AM,RTD,7/31/2026 11:10:00 AM,CLUZ,Fr,550,
7/31/2026 11:05:00 AM,RTD,7/31/2026 11:10:00 AM,CVIS,Fr,18089.38,
7/31/2026 11:05:00 AM,RTD,7/31/2026 11:10:00 AM,CMIN,Fr,3250,
7/31/2026 11:05:00 AM,RTD,7/31/2026 11:10:00 AM,CMIN,Rd,24999.89,
7/31/2026 11:05:00 AM,RTD,7/31/2026 11:10:00 AM,CLUZ,Rd,14997.99,
7/31/2026 11:05:00 AM,RTD,7/31/2026 11:10:00 AM,CVIS,Rd,19998,
7/31/2026 11:05:00 AM,RTD,7/31/2026 11:10:00 AM,CMIN,Ru,2850.08,
7/31/2026 11:05:00 AM,RTD,7/31/2026 11:10:00 AM,CLUZ,Ru,14997.99,
7/31/2026 11:05:00 AM,RTD,7/31/2026 11:10:00 AM,CVIS,Ru,19998,
7/31/2026 11:10:00 AM,RTD,7/31/2026 11:15:00 AM,CMIN,Dr,0,
7/31/2026 11:10:00 AM,RTD,7/31/2026 11:15:00 AM,CLUZ,Dr,2000.08,
7/31/2026 11:10:00 AM,RTD,7/31/2026 11:15:00 AM,CVIS,Dr,3048.62,
7/31/2026 11:10:00 AM,RTD,7/31/2026 11:15:00 AM,CMIN,Fr,3250,
7/31/2026 11:10:00 AM,RTD,7/31/2026 11:15:00 AM,CVIS,Fr,20000,
7/31/2026 11:10:00 AM,RTD,7/31/2026 11:15:00 AM,CLUZ,Fr,550,
7/31/2026 11:10:00 AM,RTD,7/31/2026 11:15:00 AM,CVIS,Rd,19998,
7/31/2026 11:10:00 AM,RTD,7/31/2026 11:15:00 AM,CMIN,Rd,24999.89,
7/31/2026 11:10:00 AM,RTD,7/31/2026 11:15:00 AM,CLUZ,Rd,14997.99,
7/31/2026 11:10:00 AM,RTD,7/31/2026 11:15:00 AM,CLUZ,Ru,14997.99,
7/31/2026 11:10:00 AM,RTD,7/31/2026 11:15:00 AM,CMIN,Ru,2850.08,
7/31/2026 11:10:00 AM,RTD,7/31/2026 11:15:00 AM,CVIS,Ru,19998,
7/31/2026 11:15:00 AM,RTD,7/31/2026 11:20:00 AM,CLUZ,Dr,2000.08,
7/31/2026 11:15:00 AM,RTD,7/31/2026 11:20:00 AM,CMIN,Dr,0,
7/31/2026 11:15:00 AM,RTD,7/31/2026 11:20:00 AM,CVIS,Dr,4026.53,
7/31/2026 11:15:00 AM,RTD,7/31/2026 11:20:00 AM,CMIN,Fr,3250,
7/31/2026 11:15:00 AM,RTD,7/31/2026 11:20:00 AM,CLUZ,Fr,550,
7/31/2026 11:15:00 AM,RTD,7/31/2026 11:20:00 AM,CVIS,Fr,19995.02,
7/31/2026 11:15:00 AM,RTD,7/31/2026 11:20:00 AM,CLUZ,Rd,14997.99,
7/31/2026 11:15:00 AM,RTD,7/31/2026 11:20:00 AM,CMIN,Rd,24999.89,
7/31/2026 11:15:00 AM,RTD,7/31/2026 11:20:00 AM,CVIS,Rd,19998,
7/31/2026 11:15:00 AM,RTD,7/31/2026 11:20:00 AM,CLUZ,Ru,14997.99,
7/31/2026 11:15:00 AM,RTD,7/31/2026 11:20:00 AM,CMIN,Ru,2850.08,
7/31/2026 11:15:00 AM,RTD,7/31/2026 11:20:00 AM,CVIS,Ru,19998,
7/31/2026 11:20:00 AM,RTD,7/31/2026 11:25:00 AM,CLUZ,Dr,2000.08,
7/31/2026 11:20:00 AM,RTD,7/31/2026 11:25:00 AM,CVIS,Dr,4026.53,
7/31/2026 11:20:00 AM,RTD,7/31/2026 11:25:00 AM,CMIN,Dr,0,
7/31/2026 11:20:00 AM,RTD,7/31/2026 11:25:00 AM,CVIS,Fr,19997.42,
7/31/2026 11:20:00 AM,RTD,7/31/2026 11:25:00 AM,CLUZ,Fr,550,
7/31/2026 11:20:00 AM,RTD,7/31/2026 11:25:00 AM,CMIN,Fr,3250,
7/31/2026 11:20:00 AM,RTD,7/31/2026 11:25:00 AM,CLUZ,Rd,14997.99,
7/31/2026 11:20:00 AM,RTD,7/31/2026 11:25:00 AM,CVIS,Rd,19998,
7/31/2026 11:20:00 AM,RTD,7/31/2026 11:25:00 AM,CMIN,Rd,24999.89,
7/31/2026 11:20:00 AM,RTD,7/31/2026 11:25:00 AM,CLUZ,Ru,14997.99,
7/31/2026 11:20:00 AM,RTD,7/31/2026 11:25:00 AM,CMIN,Ru,2850.08,
7/31/2026 11:20:00 AM,RTD,7/31/2026 11:25:00 AM,CVIS,Ru,19998,
7/31/2026 11:25:00 AM,RTD,7/31/2026 11:30:00 AM,CVIS,Dr,4271.15,
7/31/2026 11:25:00 AM,RTD,7/31/2026 11:30:00 AM,CMIN,Dr,0,
7/31/2026 11:25:00 AM,RTD,7/31/2026 11:30:00 AM,CLUZ,Dr,1995.08,
7/31/2026 11:25:00 AM,RTD,7/31/2026 11:30:00 AM,CMIN,Fr,3250,
7/31/2026 11:25:00 AM,RTD,7/31/2026 11:30:00 AM,CVIS,Fr,20365.12,
7/31/2026 11:25:00 AM,RTD,7/31/2026 11:30:00 AM,CLUZ,Fr,550,
7/31/2026 11:25:00 AM,RTD,7/31/2026 11:30:00 AM,CVIS,Rd,19998,
7/31/2026 11:25:00 AM,RTD,7/31/2026 11:30:00 AM,CMIN,Rd,24999.89,
7/31/2026 11:25:00 AM,RTD,7/31/2026 11:30:00 AM,CLUZ,Rd,14997.99,
7/31/2026 11:25:00 AM,RTD,7/31/2026 11:30:00 AM,CVIS,Ru,19998,
7/31/2026 11:25:00 AM,RTD,7/31/2026 11:30:00 AM,CLUZ,Ru,14997.99,
7/31/2026 11:25:00 AM,RTD,7/31/2026 11:30:00 AM,CMIN,Ru,2850.08,
7/31/2026 11:30:00 AM,RTD,7/31/2026 11:35:00 AM,CVIS,Dr,6259.79,
7/31/2026 11:30:00 AM,RTD,7/31/2026 11:35:00 AM,CMIN,Dr,0,
7/31/2026 11:30:00 AM,RTD,7/31/2026 11:35:00 AM,CLUZ,Dr,1995.08,
7/31/2026 11:30:00 AM,RTD,7/31/2026 11:35:00 AM,CMIN,Fr,3250,
7/31/2026 11:30:00 AM,RTD,7/31/2026 11:35:00 AM,CVIS,Fr,22316.96,
7/31/2026 11:30:00 AM,RTD,7/31/2026 11:35:00 AM,CLUZ,Fr,550,
7/31/2026 11:30:00 AM,RTD,7/31/2026 11:35:00 AM,CVIS,Rd,19998,
7/31/2026 11:30:00 AM,RTD,7/31/2026 11:35:00 AM,CMIN,Rd,24999.89,
7/31/2026 11:30:00 AM,RTD,7/31/2026 11:35:00 AM,CLUZ,Rd,14997.99,
7/31/2026 11:30:00 AM,RTD,7/31/2026 11:35:00 AM,CVIS,Ru,19999,
7/31/2026 11:30:00 AM,RTD,7/31/2026 11:35:00 AM,CLUZ,Ru,14997.99,
7/31/2026 11:30:00 AM,RTD,7/31/2026 11:35:00 AM,CMIN,Ru,2850.08,
7/31/2026 11:35:00 AM,RTD,7/31/2026 11:40:00 AM,CVIS,Dr,3983.80,
7/31/2026 11:35:00 AM,RTD,7/31/2026 11:40:00 AM,CMIN,Dr,0,
7/31/2026 11:35:00 AM,RTD,7/31/2026 11:40:00 AM,CLUZ,Dr,1995.08,
7/31/2026 11:35:00 AM,RTD,7/31/2026 11:40:00 AM,CMIN,Fr,3250,
7/31/2026 11:35:00 AM,RTD,7/31/2026 11:40:00 AM,CVIS,Fr,20076.88,
7/31/2026 11:35:00 AM,RTD,7/31/2026 11:40:00 AM,CLUZ,Fr,550,
7/31/2026 11:35:00 AM,RTD,7/31/2026 11:40:00 AM,CVIS,Rd,19998,
7/31/2026 11:35:00 AM,RTD,7/31/2026 11:40:00 AM,CMIN,Rd,24999.89,
7/31/2026 11:35:00 AM,RTD,7/31/2026 11:40:00 AM,CLUZ,Rd,14997.99,
7/31/2026 11:35:00 AM,RTD,7/31/2026 11:40:00 AM,CVIS,Ru,20966.88,
7/31/2026 11:35:00 AM,RTD,7/31/2026 11:40:00 AM,CLUZ,Ru,14997.99,
7/31/2026 11:35:00 AM,RTD,7/31/2026 11:40:00 AM,CMIN,Ru,2850.08,
7/31/2026 11:40:00 AM,RTD,7/31/2026 11:45:00 AM,CVIS,Dr,1899.99,
7/31/2026 11:40:00 AM,RTD,7/31/2026 11:45:00 AM,CMIN,Dr,0,
7/31/2026 11:40:00 AM,RTD,7/31/2026 11:45:00 AM,CLUZ,Dr,1995.08,
7/31/2026 11:40:00 AM,RTD,7/31/2026 11:45:00 AM,CMIN,Fr,3250,
7/31/2026 11:40:00 AM,RTD,7/31/2026 11:45:00 AM,CVIS,Fr,18472.27,
7/31/2026 11:40:00 AM,RTD,7/31/2026 11:45:00 AM,CLUZ,Fr,550,
7/31/2026 11:40:00 AM,RTD,7/31/2026 11:45:00 AM,CVIS,Rd,19998,
7/31/2026 11:40:00 AM,RTD,7/31/2026 11:45:00 AM,CMIN,Rd,24999.89,
7/31/2026 11:40:00 AM,RTD,7/31/2026 11:45:00 AM,CLUZ,Rd,14997.99,
7/31/2026 11:40:00 AM,RTD,7/31/2026 11:45:00 AM,CVIS,Ru,19998,
7/31/2026 11:40:00 AM,RTD,7/31/2026 11:45:00 AM,CLUZ,Ru,14997.99,
7/31/2026 11:40:00 AM,RTD,7/31/2026 11:45:00 AM,CMIN,Ru,2850.08,
7/31/2026 11:45:00 AM,RTD,7/31/2026 11:50:00 AM,CVIS,Dr,1280,
7/31/2026 11:45:00 AM,RTD,7/31/2026 11:50:00 AM,CMIN,Dr,0,
7/31/2026 11:45:00 AM,RTD,7/31/2026 11:50:00 AM,CLUZ,Dr,1995.08,
7/31/2026 11:45:00 AM,RTD,7/31/2026 11:50:00 AM,CMIN,Fr,3250,
7/31/2026 11:45:00 AM,RTD,7/31/2026 11:50:00 AM,CVIS,Fr,16966.03,
7/31/2026 11:45:00 AM,RTD,7/31/2026 11:50:00 AM,CLUZ,Fr,550,
7/31/2026 11:45:00 AM,RTD,7/31/2026 11:50:00 AM,CVIS,Rd,19998,
7/31/2026 11:45:00 AM,RTD,7/31/2026 11:50:00 AM,CMIN,Rd,24999.89,
7/31/2026 11:45:00 AM,RTD,7/31/2026 11:50:00 AM,CLUZ,Rd,14997.99,
7/31/2026 11:45:00 AM,RTD,7/31/2026 11:50:00 AM,CVIS,Ru,19998,
7/31/2026 11:45:00 AM,RTD,7/31/2026 11:50:00 AM,CLUZ,Ru,14997.99,
7/31/2026 11:45:00 AM,RTD,7/31/2026 11:50:00 AM,CMIN,Ru,2850.08,
7/31/2026 11:50:00 AM,RTD,7/31/2026 11:55:00 AM,CVIS,Dr,1280,
7/31/2026 11:50:00 AM,RTD,7/31/2026 11:55:00 AM,CMIN,Dr,0,
7/31/2026 11:50:00 AM,RTD,7/31/2026 11:55:00 AM,CLUZ,Dr,1995.08,
7/31/2026 11:50:00 AM,RTD,7/31/2026 11:55:00 AM,CMIN,Fr,3250,
7/31/2026 11:50:00 AM,RTD,7/31/2026 11:55:00 AM,CVIS,Fr,14000,
7/31/2026 11:50:00 AM,RTD,7/31/2026 11:55:00 AM,CLUZ,Fr,550,
7/31/2026 11:50:00 AM,RTD,7/31/2026 11:55:00 AM,CVIS,Rd,19998,
7/31/2026 11:50:00 AM,RTD,7/31/2026 11:55:00 AM,CMIN,Rd,24999.89,
7/31/2026 11:50:00 AM,RTD,7/31/2026 11:55:00 AM,CLUZ,Rd,14997.99,
7/31/2026 11:50:00 AM,RTD,7/31/2026 11:55:00 AM,CVIS,Ru,19998,
7/31/2026 11:50:00 AM,RTD,7/31/2026 11:55:00 AM,CLUZ,Ru,14997.99,
7/31/2026 11:50:00 AM,RTD,7/31/2026 11:55:00 AM,CMIN,Ru,2850.08,
7/31/2026 11:55:00 AM,RTD,7/31/2026 12:00:00 PM,CVIS,Dr,1280,
7/31/2026 11:55:00 AM,RTD,7/31/2026 12:00:00 PM,CMIN,Dr,0,
7/31/2026 11:55:00 AM,RTD,7/31/2026 12:00:00 PM,CLUZ,Dr,1995.08,
7/31/2026 11:55:00 AM,RTD,7/31/2026 12:00:00 PM,CMIN,Fr,3250,
7/31/2026 11:55:00 AM,RTD,7/31/2026 12:00:00 PM,CVIS,Fr,13851.38,
7/31/2026 11:55:00 AM,RTD,7/31/2026 12:00:00 PM,CLUZ,Fr,550,
7/31/2026 11:55:00 AM,RTD,7/31/2026 12:00:00 PM,CVIS,Rd,19998,
7/31/2026 11:55:00 AM,RTD,7/31/2026 12:00:00 PM,CMIN,Rd,24999.89,
7/31/2026 11:55:00 AM,RTD,7/31/2026 12:00:00 PM,CLUZ,Rd,14997.99,
7/31/2026 11:55:00 AM,RTD,7/31/2026 12:00:00 PM,CVIS,Ru,19998,
7/31/2026 11:55:00 AM,RTD,7/31/2026 12:00:00 PM,CLUZ,Ru,14997.99,
7/31/2026 11:55:00 AM,RTD,7/31/2026 12:00:00 PM,CMIN,Ru,2850.08,
7/31/2026 12:00:00 PM,RTD,7/31/2026 12:05:00 PM,CMIN,Dr,0,
7/31/2026 12:00:00 PM,RTD,7/31/2026 12:05:00 PM,CVIS,Dr,1280,
7/31/2026 12:00:00 PM,RTD,7/31/2026 12:05:00 PM,CLUZ,Dr,746.08,
7/31/2026 12:00:00 PM,RTD,7/31/2026 12:05:00 PM,CLUZ,Fr,550,
7/31/2026 12:00:00 PM,RTD,7/31/2026 12:05:00 PM,CVIS,Fr,3667.27,
7/31/2026 12:00:00 PM,RTD,7/31/2026 12:05:00 PM,CMIN,Fr,3250,
7/31/2026 12:00:00 PM,RTD,7/31/2026 12:05:00 PM,CVIS,Rd,19998,
7/31/2026 12:00:00 PM,RTD,7/31/2026 12:05:00 PM,CMIN,Rd,24999.89,
7/31/2026 12:00:00 PM,RTD,7/31/2026 12:05:00 PM,CLUZ,Rd,14997.99,
7/31/2026 12:00:00 PM,RTD,7/31/2026 12:05:00 PM,CLUZ,Ru,14997.99,
7/31/2026 12:00:00 PM,RTD,7/31/2026 12:05:00 PM,CVIS,Ru,19998,
7/31/2026 12:00:00 PM,RTD,7/31/2026 12:05:00 PM,CMIN,Ru,24999.08,
7/31/2026 12:05:00 PM,RTD,7/31/2026 12:10:00 PM,CVIS,Dr,170,
7/31/2026 12:05:00 PM,RTD,7/31/2026 12:10:00 PM,CMIN,Dr,0,
7/31/2026 12:05:00 PM,RTD,7/31/2026 12:10:00 PM,CLUZ,Dr,746.08,
7/31/2026 12:05:00 PM,RTD,7/31/2026 12:10:00 PM,CLUZ,Fr,550,
7/31/2026 12:05:00 PM,RTD,7/31/2026 12:10:00 PM,CVIS,Fr,14500,
7/31/2026 12:05:00 PM,RTD,7/31/2026 12:10:00 PM,CMIN,Fr,3250,
7/31/2026 12:05:00 PM,RTD,7/31/2026 12:10:00 PM,CMIN,Rd,24999.89,
7/31/2026 12:05:00 PM,RTD,7/31/2026 12:10:00 PM,CLUZ,Rd,14997.99,
7/31/2026 12:05:00 PM,RTD,7/31/2026 12:10:00 PM,CVIS,Rd,19998,
7/31/2026 12:05:00 PM,RTD,7/31/2026 12:10:00 PM,CLUZ,Ru,14997.99,
7/31/2026 12:05:00 PM,RTD,7/31/2026 12:10:00 PM,CVIS,Ru,19998,
7/31/2026 12:05:00 PM,RTD,7/31/2026 12:10:00 PM,CMIN,Ru,24999.89,
7/31/2026 12:10:00 PM,RTD,7/31/2026 12:15:00 PM,CLUZ,Dr,746.08,
7/31/2026 12:10:00 PM,RTD,7/31/2026 12:15:00 PM,CMIN,Dr,0,
7/31/2026 12:10:00 PM,RTD,7/31/2026 12:15:00 PM,CVIS,Dr,170,
7/31/2026 12:10:00 PM,RTD,7/31/2026 12:15:00 PM,CMIN,Fr,3250,
7/31/2026 12:10:00 PM,RTD,7/31/2026 12:15:00 PM,CLUZ,Fr,550,
7/31/2026 12:10:00 PM,RTD,7/31/2026 12:15:00 PM,CVIS,Fr,14500,
7/31/2026 12:10:00 PM,RTD,7/31/2026 12:15:00 PM,CVIS,Rd,19998,
7/31/2026 12:10:00 PM,RTD,7/31/2026 12:15:00 PM,CMIN,Rd,24999.89,
7/31/2026 12:10:00 PM,RTD,7/31/2026 12:15:00 PM,CLUZ,Rd,14997.99,
7/31/2026 12:10:00 PM,RTD,7/31/2026 12:15:00 PM,CMIN,Ru,2850.08,
7/31/2026 12:10:00 PM,RTD,7/31/2026 12:15:00 PM,CLUZ,Ru,14997.99,
7/31/2026 12:10:00 PM,RTD,7/31/2026 12:15:00 PM,CVIS,Ru,19998,
7/31/2026 12:15:00 PM,RTD,7/31/2026 12:20:00 PM,CVIS,Dr,170,
7/31/2026 12:15:00 PM,RTD,7/31/2026 12:20:00 PM,CLUZ,Dr,746.08,
7/31/2026 12:15:00 PM,RTD,7/31/2026 12:20:00 PM,CMIN,Dr,0,
7/31/2026 12:15:00 PM,RTD,7/31/2026 12:20:00 PM,CVIS,Fr,14500,
7/31/2026 12:15:00 PM,RTD,7/31/2026 12:20:00 PM,CLUZ,Fr,550,
7/31/2026 12:15:00 PM,RTD,7/31/2026 12:20:00 PM,CMIN,Fr,3250,
7/31/2026 12:15:00 PM,RTD,7/31/2026 12:20:00 PM,CLUZ,Rd,14997.99,
7/31/2026 12:15:00 PM,RTD,7/31/2026 12:20:00 PM,CMIN,Rd,24999.89,
7/31/2026 12:15:00 PM,RTD,7/31/2026 12:20:00 PM,CVIS,Rd,19998,
7/31/2026 12:15:00 PM,RTD,7/31/2026 12:20:00 PM,CMIN,Ru,24999.08,
7/31/2026 12:15:00 PM,RTD,7/31/2026 12:20:00 PM,CVIS,Ru,19998,
7/31/2026 12:15:00 PM,RTD,7/31/2026 12:20:00 PM,CLUZ,Ru,14997.99,
7/31/2026 12:20:00 PM,RTD,7/31/2026 12:25:00 PM,CMIN,Dr,0,
7/31/2026 12:20:00 PM,RTD,7/31/2026 12:25:00 PM,CVIS,Dr,170,
7/31/2026 12:20:00 PM,RTD,7/31/2026 12:25:00 PM,CLUZ,Dr,746.08,
7/31/2026 12:20:00 PM,RTD,7/31/2026 12:25:00 PM,CMIN,Fr,3250,
7/31/2026 12:20:00 PM,RTD,7/31/2026 12:25:00 PM,CLUZ,Fr,550,
7/31/2026 12:20:00 PM,RTD,7/31/2026 12:25:00 PM,CVIS,Fr,14500,
7/31/2026 12:20:00 PM,RTD,7/31/2026 12:25:00 PM,CVIS,Rd,19998,
7/31/2026 12:20:00 PM,RTD,7/31/2026 12:25:00 PM,CMIN,Rd,24999.89,
7/31/2026 12:20:00 PM,RTD,7/31/2026 12:25:00 PM,CLUZ,Rd,1000,
7/31/2026 12:20:00 PM,RTD,7/31/2026 12:25:00 PM,CVIS,Ru,19998,
7/31/2026 12:20:00 PM,RTD,7/31/2026 12:25:00 PM,CLUZ,Ru,1000,
7/31/2026 12:20:00 PM,RTD,7/31/2026 12:25:00 PM,CMIN,Ru,24999.08,
7/31/2026 12:25:00 PM,RTD,7/31/2026 12:30:00 PM,CMIN,Dr,0,
7/31/2026 12:25:00 PM,RTD,7/31/2026 12:30:00 PM,CLUZ,Dr,746.08,
7/31/2026 12:25:00 PM,RTD,7/31/2026 12:30:00 PM,CVIS,Dr,170,
7/31/2026 12:25:00 PM,RTD,7/31/2026 12:30:00 PM,CMIN,Fr,3250,
7/31/2026 12:25:00 PM,RTD,7/31/2026 12:30:00 PM,CVIS,Fr,14500,
7/31/2026 12:25:00 PM,RTD,7/31/2026 12:30:00 PM,CLUZ,Fr,550,
7/31/2026 12:25:00 PM,RTD,7/31/2026 12:30:00 PM,CVIS,Rd,19998,
7/31/2026 12:25:00 PM,RTD,7/31/2026 12:30:00 PM,CMIN,Rd,24999.89,
7/31/2026 12:25:00 PM,RTD,7/31/2026 12:30:00 PM,CLUZ,Rd,1000,
7/31/2026 12:25:00 PM,RTD,7/31/2026 12:30:00 PM,CVIS,Ru,19998,
7/31/2026 12:25:00 PM,RTD,7/31/2026 12:30:00 PM,CMIN,Ru,24999.08,
7/31/2026 12:25:00 PM,RTD,7/31/2026 12:30:00 PM,CLUZ,Ru,1000,
7/31/2026 12:30:00 PM,RTD,7/31/2026 12:35:00 PM,CMIN,Dr,0,
7/31/2026 12:30:00 PM,RTD,7/31/2026 12:35:00 PM,CVIS,Dr,170,
7/31/2026 12:30:00 PM,RTD,7/31/2026 12:35:00 PM,CLUZ,Dr,746.08,
7/31/2026 12:30:00 PM,RTD,7/31/2026 12:35:00 PM,CLUZ,Fr,550,
7/31/2026 12:30:00 PM,RTD,7/31/2026 12:35:00 PM,CVIS,Fr,14500,
7/31/2026 12:30:00 PM,RTD,7/31/2026 12:35:00 PM,CMIN,Fr,3250,
7/31/2026 12:30:00 PM,RTD,7/31/2026 12:35:00 PM,CLUZ,Rd,1000,
7/31/2026 12:30:00 PM,RTD,7/31/2026 12:35:00 PM,CVIS,Rd,19998,
7/31/2026 12:30:00 PM,RTD,7/31/2026 12:35:00 PM,CMIN,Rd,24999.89,
7/31/2026 12:30:00 PM,RTD,7/31/2026 12:35:00 PM,CVIS,Ru,19998,
7/31/2026 12:30:00 PM,RTD,7/31/2026 12:35:00 PM,CLUZ,Ru,1000,
7/31/2026 12:30:00 PM,RTD,7/31/2026 12:35:00 PM,CMIN,Ru,24999.08,
7/31/2026 12:35:00 PM,RTD,7/31/2026 12:40:00 PM,CMIN,Dr,0,
7/31/2026 12:35:00 PM,RTD,7/31/2026 12:40:00 PM,CLUZ,Dr,746.08,
7/31/2026 12:35:00 PM,RTD,7/31/2026 12:40:00 PM,CVIS,Dr,170,
7/31/2026 12:35:00 PM,RTD,7/31/2026 12:40:00 PM,CMIN,Fr,3250,
7/31/2026 12:35:00 PM,RTD,7/31/2026 12:40:00 PM,CLUZ,Fr,550,
7/31/2026 12:35:00 PM,RTD,7/31/2026 12:40:00 PM,CVIS,Fr,15500,
7/31/2026 12:35:00 PM,RTD,7/31/2026 12:40:00 PM,CVIS,Rd,19998,
7/31/2026 12:35:00 PM,RTD,7/31/2026 12:40:00 PM,CLUZ,Rd,1000,
7/31/2026 12:35:00 PM,RTD,7/31/2026 12:40:00 PM,CMIN,Rd,24999.89,
7/31/2026 12:35:00 PM,RTD,7/31/2026 12:40:00 PM,CMIN,Ru,24999.89,
7/31/2026 12:35:00 PM,RTD,7/31/2026 12:40:00 PM,CLUZ,Ru,1000,
7/31/2026 12:35:00 PM,RTD,7/31/2026 12:40:00 PM,CVIS,Ru,19998,
7/31/2026 12:40:00 PM,RTD,7/31/2026 12:45:00 PM,CVIS,Dr,170,
7/31/2026 12:40:00 PM,RTD,7/31/2026 12:45:00 PM,CLUZ,Dr,746.08,
7/31/2026 12:40:00 PM,RTD,7/31/2026 12:45:00 PM,CMIN,Dr,0,
7/31/2026 12:40:00 PM,RTD,7/31/2026 12:45:00 PM,CVIS,Fr,15477.85,
7/31/2026 12:40:00 PM,RTD,7/31/2026 12:45:00 PM,CMIN,Fr,3250,
7/31/2026 12:40:00 PM,RTD,7/31/2026 12:45:00 PM,CLUZ,Fr,550,
7/31/2026 12:40:00 PM,RTD,7/31/2026 12:45:00 PM,CVIS,Rd,19998,
7/31/2026 12:40:00 PM,RTD,7/31/2026 12:45:00 PM,CMIN,Rd,24999.89,
7/31/2026 12:40:00 PM,RTD,7/31/2026 12:45:00 PM,CLUZ,Rd,1000,
7/31/2026 12:40:00 PM,RTD,7/31/2026 12:45:00 PM,CMIN,Ru,24999.89,
7/31/2026 12:40:00 PM,RTD,7/31/2026 12:45:00 PM,CVIS,Ru,19998,
7/31/2026 12:40:00 PM,RTD,7/31/2026 12:45:00 PM,CLUZ,Ru,1000,
7/31/2026 12:45:00 PM,RTD,7/31/2026 12:50:00 PM,CMIN,Dr,0,
7/31/2026 12:45:00 PM,RTD,7/31/2026 12:50:00 PM,CVIS,Dr,170,
7/31/2026 12:45:00 PM,RTD,7/31/2026 12:50:00 PM,CLUZ,Dr,746.08,
7/31/2026 12:45:00 PM,RTD,7/31/2026 12:50:00 PM,CVIS,Fr,15000,
7/31/2026 12:45:00 PM,RTD,7/31/2026 12:50:00 PM,CMIN,Fr,3250,
7/31/2026 12:45:00 PM,RTD,7/31/2026 12:50:00 PM,CLUZ,Fr,550,
7/31/2026 12:45:00 PM,RTD,7/31/2026 12:50:00 PM,CVIS,Rd,19998,
7/31/2026 12:45:00 PM,RTD,7/31/2026 12:50:00 PM,CLUZ,Rd,1000,
7/31/2026 12:45:00 PM,RTD,7/31/2026 12:50:00 PM,CMIN,Rd,24999.89,
7/31/2026 12:45:00 PM,RTD,7/31/2026 12:50:00 PM,CLUZ,Ru,1000,
7/31/2026 12:45:00 PM,RTD,7/31/2026 12:50:00 PM,CVIS,Ru,19998,
7/31/2026 12:45:00 PM,RTD,7/31/2026 12:50:00 PM,CMIN,Ru,2850.08,
7/31/2026 12:50:00 PM,RTD,7/31/2026 12:55:00 PM,CMIN,Dr,0,
7/31/2026 12:50:00 PM,RTD,7/31/2026 12:55:00 PM,CLUZ,Dr,746.08,
7/31/2026 12:50:00 PM,RTD,7/31/2026 12:55:00 PM,CVIS,Dr,170,
7/31/2026 12:50:00 PM,RTD,7/31/2026 12:55:00 PM,CMIN,Fr,3250,
7/31/2026 12:50:00 PM,RTD,7/31/2026 12:55:00 PM,CVIS,Fr,15500,
7/31/2026 12:50:00 PM,RTD,7/31/2026 12:55:00 PM,CLUZ,Fr,550,
7/31/2026 12:50:00 PM,RTD,7/31/2026 12:55:00 PM,CLUZ,Rd,14997.99,
7/31/2026 12:50:00 PM,RTD,7/31/2026 12:55:00 PM,CMIN,Rd,24999.89,
7/31/2026 12:50:00 PM,RTD,7/31/2026 12:55:00 PM,CVIS,Rd,19998,
7/31/2026 12:50:00 PM,RTD,7/31/2026 12:55:00 PM,CLUZ,Ru,14997.99,
7/31/2026 12:50:00 PM,RTD,7/31/2026 12:55:00 PM,CMIN,Ru,2850.08,
7/31/2026 12:50:00 PM,RTD,7/31/2026 12:55:00 PM,CVIS,Ru,19998,
7/31/2026 12:55:00 PM,RTD,7/31/2026 1:00:00 PM,CVIS,Dr,170,
7/31/2026 12:55:00 PM,RTD,7/31/2026 1:00:00 PM,CMIN,Dr,0,
7/31/2026 12:55:00 PM,RTD,7/31/2026 1:00:00 PM,CLUZ,Dr,746.08,
7/31/2026 12:55:00 PM,RTD,7/31/2026 1:00:00 PM,CLUZ,Fr,550,
7/31/2026 12:55:00 PM,RTD,7/31/2026 1:00:00 PM,CVIS,Fr,16000,
7/31/2026 12:55:00 PM,RTD,7/31/2026 1:00:00 PM,CMIN,Fr,3250,
7/31/2026 12:55:00 PM,RTD,7/31/2026 1:00:00 PM,CMIN,Rd,24999.89,
7/31/2026 12:55:00 PM,RTD,7/31/2026 1:00:00 PM,CLUZ,Rd,14997.99,
7/31/2026 12:55:00 PM,RTD,7/31/2026 1:00:00 PM,CVIS,Rd,19998,
7/31/2026 12:55:00 PM,RTD,7/31/2026 1:00:00 PM,CVIS,Ru,19998,
7/31/2026 12:55:00 PM,RTD,7/31/2026 1:00:00 PM,CMIN,Ru,2850.08,
7/31/2026 12:55:00 PM,RTD,7/31/2026 1:00:00 PM,CLUZ,Ru,14997.99,
7/31/2026 1:00:00 PM,RTD,7/31/2026 1:05:00 PM,CLUZ,Dr,746.08,
7/31/2026 1:00:00 PM,RTD,7/31/2026 1:05:00 PM,CVIS,Dr,170,
7/31/2026 1:00:00 PM,RTD,7/31/2026 1:05:00 PM,CMIN,Dr,0,
7/31/2026 1:00:00 PM,RTD,7/31/2026 1:05:00 PM,CLUZ,Fr,550,
7/31/2026 1:00:00 PM,RTD,7/31/2026 1:05:00 PM,CVIS,Fr,18628.09,
7/31/2026 1:00:00 PM,RTD,7/31/2026 1:05:00 PM,CMIN,Fr,3100.08,
7/31/2026 1:00:00 PM,RTD,7/31/2026 1:05:00 PM,CVIS,Rd,19998,
7/31/2026 1:00:00 PM,RTD,7/31/2026 1:05:00 PM,CMIN,Rd,24999.89,
7/31/2026 1:00:00 PM,RTD,7/31/2026 1:05:00 PM,CLUZ,Rd,550,
7/31/2026 1:00:00 PM,RTD,7/31/2026 1:05:00 PM,CMIN,Ru,2850.08,
7/31/2026 1:00:00 PM,RTD,7/31/2026 1:05:00 PM,CVIS,Ru,19998,
7/31/2026 1:00:00 PM,RTD,7/31/2026 1:05:00 PM,CLUZ,Ru,4421.70,
7/31/2026 1:05:00 PM,RTD,7/31/2026 1:10:00 PM,CLUZ,Dr,746.08,
7/31/2026 1:05:00 PM,RTD,7/31/2026 1:10:00 PM,CVIS,Dr,1600,
7/31/2026 1:05:00 PM,RTD,7/31/2026 1:10:00 PM,CMIN,Dr,0,
7/31/2026 1:05:00 PM,RTD,7/31/2026 1:10:00 PM,CLUZ,Fr,550,
7/31/2026 1:05:00 PM,RTD,7/31/2026 1:10:00 PM,CVIS,Fr,20000,
7/31/2026 1:05:00 PM,RTD,7/31/2026 1:10:00 PM,CMIN,Fr,3000.08,
7/31/2026 1:05:00 PM,RTD,7/31/2026 1:10:00 PM,CLUZ,Rd,550,
7/31/2026 1:05:00 PM,RTD,7/31/2026 1:10:00 PM,CVIS,Rd,19998,
7/31/2026 1:05:00 PM,RTD,7/31/2026 1:10:00 PM,CMIN,Rd,24999.89,
7/31/2026 1:05:00 PM,RTD,7/31/2026 1:10:00 PM,CVIS,Ru,25000,
7/31/2026 1:05:00 PM,RTD,7/31/2026 1:10:00 PM,CMIN,Ru,2850.08,
7/31/2026 1:05:00 PM,RTD,7/31/2026 1:10:00 PM,CLUZ,Ru,550,
7/31/2026 1:10:00 PM,RTD,7/31/2026 1:15:00 PM,CVIS,Dr,8903.01,
7/31/2026 1:10:00 PM,RTD,7/31/2026 1:15:00 PM,CLUZ,Dr,746.08,
7/31/2026 1:10:00 PM,RTD,7/31/2026 1:15:00 PM,CMIN,Dr,0,
7/31/2026 1:10:00 PM,RTD,7/31/2026 1:15:00 PM,CVIS,Fr,21000,
7/31/2026 1:10:00 PM,RTD,7/31/2026 1:15:00 PM,CLUZ,Fr,550,
7/31/2026 1:10:00 PM,RTD,7/31/2026 1:15:00 PM,CMIN,Fr,3009.38,
7/31/2026 1:10:00 PM,RTD,7/31/2026 1:15:00 PM,CVIS,Rd,19998,
7/31/2026 1:10:00 PM,RTD,7/31/2026 1:15:00 PM,CMIN,Rd,24999.89,
7/31/2026 1:10:00 PM,RTD,7/31/2026 1:15:00 PM,CLUZ,Rd,550,
7/31/2026 1:10:00 PM,RTD,7/31/2026 1:15:00 PM,CVIS,Ru,25000,
7/31/2026 1:10:00 PM,RTD,7/31/2026 1:15:00 PM,CLUZ,Ru,550,
7/31/2026 1:10:00 PM,RTD,7/31/2026 1:15:00 PM,CMIN,Ru,2859.34,
7/31/2026 1:15:00 PM,RTD,7/31/2026 1:20:00 PM,CMIN,Dr,0,
7/31/2026 1:15:00 PM,RTD,7/31/2026 1:20:00 PM,CVIS,Dr,3883.80,
7/31/2026 1:15:00 PM,RTD,7/31/2026 1:20:00 PM,CLUZ,Dr,750,
7/31/2026 1:15:00 PM,RTD,7/31/2026 1:20:00 PM,CVIS,Fr,20244.71,
7/31/2026 1:15:00 PM,RTD,7/31/2026 1:20:00 PM,CMIN,Fr,3000.08,
7/31/2026 1:15:00 PM,RTD,7/31/2026 1:20:00 PM,CLUZ,Fr,550,
7/31/2026 1:15:00 PM,RTD,7/31/2026 1:20:00 PM,CMIN,Rd,24999.89,
7/31/2026 1:15:00 PM,RTD,7/31/2026 1:20:00 PM,CVIS,Rd,19998,
7/31/2026 1:15:00 PM,RTD,7/31/2026 1:20:00 PM,CLUZ,Rd,550,
7/31/2026 1:15:00 PM,RTD,7/31/2026 1:20:00 PM,CMIN,Ru,2900.08,
7/31/2026 1:15:00 PM,RTD,7/31/2026 1:20:00 PM,CVIS,Ru,21064.70,
7/31/2026 1:15:00 PM,RTD,7/31/2026 1:20:00 PM,CLUZ,Ru,550,
7/31/2026 1:20:00 PM,RTD,7/31/2026 1:25:00 PM,CVIS,Dr,3873.80,
7/31/2026 1:20:00 PM,RTD,7/31/2026 1:25:00 PM,CMIN,Dr,0,
7/31/2026 1:20:00 PM,RTD,7/31/2026 1:25:00 PM,CLUZ,Dr,750,
7/31/2026 1:20:00 PM,RTD,7/31/2026 1:25:00 PM,CMIN,Fr,3000.08,
7/31/2026 1:20:00 PM,RTD,7/31/2026 1:25:00 PM,CVIS,Fr,20146.68,
7/31/2026 1:20:00 PM,RTD,7/31/2026 1:25:00 PM,CLUZ,Fr,550,
7/31/2026 1:20:00 PM,RTD,7/31/2026 1:25:00 PM,CVIS,Rd,19998,
7/31/2026 1:20:00 PM,RTD,7/31/2026 1:25:00 PM,CMIN,Rd,24999.89,
7/31/2026 1:20:00 PM,RTD,7/31/2026 1:25:00 PM,CLUZ,Rd,550,
7/31/2026 1:20:00 PM,RTD,7/31/2026 1:25:00 PM,CVIS,Ru,20966.68,
7/31/2026 1:20:00 PM,RTD,7/31/2026 1:25:00 PM,CLUZ,Ru,550,
7/31/2026 1:20:00 PM,RTD,7/31/2026 1:25:00 PM,CMIN,Ru,2900.08,
7/31/2026 1:25:00 PM,RTD,7/31/2026 1:30:00 PM,CVIS,Dr,3764.46,
7/31/2026 1:25:00 PM,RTD,7/31/2026 1:30:00 PM,CMIN,Dr,0,
7/31/2026 1:25:00 PM,RTD,7/31/2026 1:30:00 PM,CLUZ,Dr,750,
7/31/2026 1:25:00 PM,RTD,7/31/2026 1:30:00 PM,CMIN,Fr,3000.08,
7/31/2026 1:25:00 PM,RTD,7/31/2026 1:30:00 PM,CVIS,Fr,20000,
7/31/2026 1:25:00 PM,RTD,7/31/2026 1:30:00 PM,CLUZ,Fr,550,
7/31/2026 1:25:00 PM,RTD,7/31/2026 1:30:00 PM,CVIS,Rd,19999,
7/31/2026 1:25:00 PM,RTD,7/31/2026 1:30:00 PM,CMIN,Rd,24999.89,
7/31/2026 1:25:00 PM,RTD,7/31/2026 1:30:00 PM,CLUZ,Rd,550,
7/31/2026 1:25:00 PM,RTD,7/31/2026 1:30:00 PM,CVIS,Ru,20817.50,
7/31/2026 1:25:00 PM,RTD,7/31/2026 1:30:00 PM,CLUZ,Ru,550,
7/31/2026 1:25:00 PM,RTD,7/31/2026 1:30:00 PM,CMIN,Ru,2900.08,
7/31/2026 1:30:00 PM,RTD,7/31/2026 1:35:00 PM,CVIS,Dr,1930,
7/31/2026 1:30:00 PM,RTD,7/31/2026 1:35:00 PM,CMIN,Dr,0,
7/31/2026 1:30:00 PM,RTD,7/31/2026 1:35:00 PM,CLUZ,Dr,750,
7/31/2026 1:30:00 PM,RTD,7/31/2026 1:35:00 PM,CMIN,Fr,3000.08,
7/31/2026 1:30:00 PM,RTD,7/31/2026 1:35:00 PM,CVIS,Fr,17000,
7/31/2026 1:30:00 PM,RTD,7/31/2026 1:35:00 PM,CLUZ,Fr,1800,
7/31/2026 1:30:00 PM,RTD,7/31/2026 1:35:00 PM,CVIS,Rd,19999,
7/31/2026 1:30:00 PM,RTD,7/31/2026 1:35:00 PM,CMIN,Rd,24999.89,
7/31/2026 1:30:00 PM,RTD,7/31/2026 1:35:00 PM,CLUZ,Rd,550,
7/31/2026 1:30:00 PM,RTD,7/31/2026 1:35:00 PM,CVIS,Ru,19999,
7/31/2026 1:30:00 PM,RTD,7/31/2026 1:35:00 PM,CLUZ,Ru,550,
7/31/2026 1:30:00 PM,RTD,7/31/2026 1:35:00 PM,CMIN,Ru,24999.89,
7/31/2026 1:35:00 PM,RTD,7/31/2026 1:40:00 PM,CVIS,Dr,1930,
7/31/2026 1:35:00 PM,RTD,7/31/2026 1:40:00 PM,CMIN,Dr,0,
7/31/2026 1:35:00 PM,RTD,7/31/2026 1:40:00 PM,CLUZ,Dr,750,
7/31/2026 1:35:00 PM,RTD,7/31/2026 1:40:00 PM,CMIN,Fr,3000.08,
7/31/2026 1:35:00 PM,RTD,7/31/2026 1:40:00 PM,CVIS,Fr,20000,
7/31/2026 1:35:00 PM,RTD,7/31/2026 1:40:00 PM,CLUZ,Fr,6786.40,
7/31/2026 1:35:00 PM,RTD,7/31/2026 1:40:00 PM,CVIS,Rd,19999,
7/31/2026 1:35:00 PM,RTD,7/31/2026 1:40:00 PM,CMIN,Rd,24999.89,
7/31/2026 1:35:00 PM,RTD,7/31/2026 1:40:00 PM,CLUZ,Rd,550,
7/31/2026 1:35:00 PM,RTD,7/31/2026 1:40:00 PM,CVIS,Ru,24058.22,
7/31/2026 1:35:00 PM,RTD,7/31/2026 1:40:00 PM,CLUZ,Ru,550,
7/31/2026 1:35:00 PM,RTD,7/31/2026 1:40:00 PM,CMIN,Ru,24999.89,
7/31/2026 1:40:00 PM,RTD,7/31/2026 1:45:00 PM,CVIS,Dr,1280,
7/31/2026 1:40:00 PM,RTD,7/31/2026 1:45:00 PM,CMIN,Dr,0,
7/31/2026 1:40:00 PM,RTD,7/31/2026 1:45:00 PM,CLUZ,Dr,750,
7/31/2026 1:40:00 PM,RTD,7/31/2026 1:45:00 PM,CMIN,Fr,3000.08,
7/31/2026 1:40:00 PM,RTD,7/31/2026 1:45:00 PM,CVIS,Fr,20317.14,
7/31/2026 1:40:00 PM,RTD,7/31/2026 1:45:00 PM,CLUZ,Fr,2696.49,
7/31/2026 1:40:00 PM,RTD,7/31/2026 1:45:00 PM,CVIS,Rd,19999,
7/31/2026 1:40:00 PM,RTD,7/31/2026 1:45:00 PM,CMIN,Rd,24999.89,
7/31/2026 1:40:00 PM,RTD,7/31/2026 1:45:00 PM,CLUZ,Rd,550,
7/31/2026 1:40:00 PM,RTD,7/31/2026 1:45:00 PM,CVIS,Ru,21137.14,
7/31/2026 1:40:00 PM,RTD,7/31/2026 1:45:00 PM,CLUZ,Ru,550,
7/31/2026 1:40:00 PM,RTD,7/31/2026 1:45:00 PM,CMIN,Ru,24999.89,
7/31/2026 1:45:00 PM,RTD,7/31/2026 1:50:00 PM,CLUZ,Dr,750,
7/31/2026 1:45:00 PM,RTD,7/31/2026 1:50:00 PM,CVIS,Dr,1280,
7/31/2026 1:45:00 PM,RTD,7/31/2026 1:50:00 PM,CMIN,Dr,0,
7/31/2026 1:45:00 PM,RTD,7/31/2026 1:50:00 PM,CVIS,Fr,20000,
7/31/2026 1:45:00 PM,RTD,7/31/2026 1:50:00 PM,CLUZ,Fr,2684.58,
7/31/2026 1:45:00 PM,RTD,7/31/2026 1:50:00 PM,CMIN,Fr,3000.08,
7/31/2026 1:45:00 PM,RTD,7/31/2026 1:50:00 PM,CLUZ,Rd,550,
7/31/2026 1:45:00 PM,RTD,7/31/2026 1:50:00 PM,CVIS,Rd,19999,
7/31/2026 1:45:00 PM,RTD,7/31/2026 1:50:00 PM,CMIN,Rd,24999.89,
7/31/2026 1:45:00 PM,RTD,7/31/2026 1:50:00 PM,CLUZ,Ru,550,
7/31/2026 1:45:00 PM,RTD,7/31/2026 1:50:00 PM,CMIN,Ru,24999.89,
7/31/2026 1:45:00 PM,RTD,7/31/2026 1:50:00 PM,CVIS,Ru,20820,
7/31/2026 1:50:00 PM,RTD,7/31/2026 1:55:00 PM,CVIS,Dr,1280,
7/31/2026 1:50:00 PM,RTD,7/31/2026 1:55:00 PM,CMIN,Dr,0,
7/31/2026 1:50:00 PM,RTD,7/31/2026 1:55:00 PM,CLUZ,Dr,750,
7/31/2026 1:50:00 PM,RTD,7/31/2026 1:55:00 PM,CMIN,Fr,3000.08,
7/31/2026 1:50:00 PM,RTD,7/31/2026 1:55:00 PM,CVIS,Fr,18393.22,
7/31/2026 1:50:00 PM,RTD,7/31/2026 1:55:00 PM,CLUZ,Fr,2692.27,
7/31/2026 1:50:00 PM,RTD,7/31/2026 1:55:00 PM,CVIS,Rd,19999,
7/31/2026 1:50:00 PM,RTD,7/31/2026 1:55:00 PM,CMIN,Rd,24999.89,
7/31/2026 1:50:00 PM,RTD,7/31/2026 1:55:00 PM,CLUZ,Rd,550,
7/31/2026 1:50:00 PM,RTD,7/31/2026 1:55:00 PM,CVIS,Ru,19999,
7/31/2026 1:50:00 PM,RTD,7/31/2026 1:55:00 PM,CLUZ,Ru,550,
7/31/2026 1:50:00 PM,RTD,7/31/2026 1:55:00 PM,CMIN,Ru,24999.89,
7/31/2026 1:55:00 PM,RTD,7/31/2026 2:00:00 PM,CVIS,Dr,1280,
7/31/2026 1:55:00 PM,RTD,7/31/2026 2:00:00 PM,CMIN,Dr,0,
7/31/2026 1:55:00 PM,RTD,7/31/2026 2:00:00 PM,CLUZ,Dr,750,
7/31/2026 1:55:00 PM,RTD,7/31/2026 2:00:00 PM,CMIN,Fr,3000.08,
7/31/2026 1:55:00 PM,RTD,7/31/2026 2:00:00 PM,CVIS,Fr,20000,
7/31/2026 1:55:00 PM,RTD,7/31/2026 2:00:00 PM,CLUZ,Fr,2692.28,
7/31/2026 1:55:00 PM,RTD,7/31/2026 2:00:00 PM,CVIS,Rd,19998,
7/31/2026 1:55:00 PM,RTD,7/31/2026 2:00:00 PM,CMIN,Rd,24999.89,
7/31/2026 1:55:00 PM,RTD,7/31/2026 2:00:00 PM,CLUZ,Rd,550,
7/31/2026 1:55:00 PM,RTD,7/31/2026 2:00:00 PM,CVIS,Ru,19998,
7/31/2026 1:55:00 PM,RTD,7/31/2026 2:00:00 PM,CLUZ,Ru,550,
7/31/2026 1:55:00 PM,RTD,7/31/2026 2:00:00 PM,CMIN,Ru,24999.89,
7/31/2026 2:00:00 PM,RTD,7/31/2026 2:05:00 PM,CMIN,Dr,0,
7/31/2026 2:00:00 PM,RTD,7/31/2026 2:05:00 PM,CLUZ,Dr,1995.08,
7/31/2026 2:00:00 PM,RTD,7/31/2026 2:05:00 PM,CVIS,Dr,1930,
7/31/2026 2:00:00 PM,RTD,7/31/2026 2:05:00 PM,CLUZ,Fr,485,
7/31/2026 2:00:00 PM,RTD,7/31/2026 2:05:00 PM,CVIS,Fr,18442.61,
7/31/2026 2:00:00 PM,RTD,7/31/2026 2:05:00 PM,CMIN,Fr,3000.08,
7/31/2026 2:00:00 PM,RTD,7/31/2026 2:05:00 PM,CLUZ,Rd,550,
7/31/2026 2:00:00 PM,RTD,7/31/2026 2:05:00 PM,CVIS,Rd,19998,
7/31/2026 2:00:00 PM,RTD,7/31/2026 2:05:00 PM,CMIN,Rd,24999.89,
7/31/2026 2:00:00 PM,RTD,7/31/2026 2:05:00 PM,CLUZ,Ru,550,
7/31/2026 2:00:00 PM,RTD,7/31/2026 2:05:00 PM,CMIN,Ru,24999.89,
7/31/2026 2:00:00 PM,RTD,7/31/2026 2:05:00 PM,CVIS,Ru,19998,
7/31/2026 2:05:00 PM,RTD,7/31/2026 2:10:00 PM,CVIS,Dr,1280,
7/31/2026 2:05:00 PM,RTD,7/31/2026 2:10:00 PM,CMIN,Dr,0,
7/31/2026 2:05:00 PM,RTD,7/31/2026 2:10:00 PM,CLUZ,Dr,1995.08,
7/31/2026 2:05:00 PM,RTD,7/31/2026 2:10:00 PM,CVIS,Fr,18412.35,
7/31/2026 2:05:00 PM,RTD,7/31/2026 2:10:00 PM,CMIN,Fr,3000.08,
7/31/2026 2:05:00 PM,RTD,7/31/2026 2:10:00 PM,CLUZ,Fr,490,
7/31/2026 2:05:00 PM,RTD,7/31/2026 2:10:00 PM,CMIN,Rd,24999.89,
7/31/2026 2:05:00 PM,RTD,7/31/2026 2:10:00 PM,CLUZ,Rd,550,
7/31/2026 2:05:00 PM,RTD,7/31/2026 2:10:00 PM,CVIS,Rd,19998,
7/31/2026 2:05:00 PM,RTD,7/31/2026 2:10:00 PM,CVIS,Ru,19998,
7/31/2026 2:05:00 PM,RTD,7/31/2026 2:10:00 PM,CMIN,Ru,24999.89,
7/31/2026 2:05:00 PM,RTD,7/31/2026 2:10:00 PM,CLUZ,Ru,550,
7/31/2026 2:10:00 PM,RTD,7/31/2026 2:15:00 PM,CMIN,Dr,0,
7/31/2026 2:10:00 PM,RTD,7/31/2026 2:15:00 PM,CVIS,Dr,200,
7/31/2026 2:10:00 PM,RTD,7/31/2026 2:15:00 PM,CLUZ,Dr,1995.08,
7/31/2026 2:10:00 PM,RTD,7/31/2026 2:15:00 PM,CVIS,Fr,20424.64,
7/31/2026 2:10:00 PM,RTD,7/31/2026 2:15:00 PM,CMIN,Fr,3000.08,
7/31/2026 2:10:00 PM,RTD,7/31/2026 2:15:00 PM,CLUZ,Fr,490,
7/31/2026 2:10:00 PM,RTD,7/31/2026 2:15:00 PM,CMIN,Rd,24999.89,
7/31/2026 2:10:00 PM,RTD,7/31/2026 2:15:00 PM,CVIS,Rd,19998,
7/31/2026 2:10:00 PM,RTD,7/31/2026 2:15:00 PM,CLUZ,Rd,550,
7/31/2026 2:10:00 PM,RTD,7/31/2026 2:15:00 PM,CMIN,Ru,24999.89,
7/31/2026 2:10:00 PM,RTD,7/31/2026 2:15:00 PM,CVIS,Ru,19998,
7/31/2026 2:10:00 PM,RTD,7/31/2026 2:15:00 PM,CLUZ,Ru,550,
7/31/2026 2:15:00 PM,RTD,7/31/2026 2:20:00 PM,CVIS,Dr,200,
7/31/2026 2:15:00 PM,RTD,7/31/2026 2:20:00 PM,CMIN,Dr,0,
7/31/2026 2:15:00 PM,RTD,7/31/2026 2:20:00 PM,CLUZ,Dr,1995.08,
7/31/2026 2:15:00 PM,RTD,7/31/2026 2:20:00 PM,CMIN,Fr,3000.08,
7/31/2026 2:15:00 PM,RTD,7/31/2026 2:20:00 PM,CVIS,Fr,20243.93,
7/31/2026 2:15:00 PM,RTD,7/31/2026 2:20:00 PM,CLUZ,Fr,490,
7/31/2026 2:15:00 PM,RTD,7/31/2026 2:20:00 PM,CVIS,Rd,19998,
7/31/2026 2:15:00 PM,RTD,7/31/2026 2:20:00 PM,CMIN,Rd,24999.89,
7/31/2026 2:15:00 PM,RTD,7/31/2026 2:20:00 PM,CLUZ,Rd,550,
7/31/2026 2:15:00 PM,RTD,7/31/2026 2:20:00 PM,CVIS,Ru,19998,
7/31/2026 2:15:00 PM,RTD,7/31/2026 2:20:00 PM,CLUZ,Ru,550,
7/31/2026 2:15:00 PM,RTD,7/31/2026 2:20:00 PM,CMIN,Ru,24999.89,
7/31/2026 2:20:00 PM,RTD,7/31/2026 2:25:00 PM,CVIS,Dr,1280,
7/31/2026 2:20:00 PM,RTD,7/31/2026 2:25:00 PM,CMIN,Dr,0,
7/31/2026 2:20:00 PM,RTD,7/31/2026 2:25:00 PM,CLUZ,Dr,1995.08,
7/31/2026 2:20:00 PM,RTD,7/31/2026 2:25:00 PM,CMIN,Fr,3000.08,
7/31/2026 2:20:00 PM,RTD,7/31/2026 2:25:00 PM,CVIS,Fr,18481.84,
7/31/2026 2:20:00 PM,RTD,7/31/2026 2:25:00 PM,CLUZ,Fr,490,
7/31/2026 2:20:00 PM,RTD,7/31/2026 2:25:00 PM,CVIS,Rd,19998,
7/31/2026 2:20:00 PM,RTD,7/31/2026 2:25:00 PM,CMIN,Rd,24999.89,
7/31/2026 2:20:00 PM,RTD,7/31/2026 2:25:00 PM,CLUZ,Rd,550,
7/31/2026 2:20:00 PM,RTD,7/31/2026 2:25:00 PM,CVIS,Ru,19998,
7/31/2026 2:20:00 PM,RTD,7/31/2026 2:25:00 PM,CLUZ,Ru,550,
7/31/2026 2:20:00 PM,RTD,7/31/2026 2:25:00 PM,CMIN,Ru,24999.89,
7/31/2026 2:25:00 PM,RTD,7/31/2026 2:30:00 PM,CLUZ,Dr,1995.08,
7/31/2026 2:25:00 PM,RTD,7/31/2026 2:30:00 PM,CVIS,Dr,1280,
7/31/2026 2:25:00 PM,RTD,7/31/2026 2:30:00 PM,CMIN,Dr,0,
7/31/2026 2:25:00 PM,RTD,7/31/2026 2:30:00 PM,CVIS,Fr,20282.15,
7/31/2026 2:25:00 PM,RTD,7/31/2026 2:30:00 PM,CLUZ,Fr,615.74,
7/31/2026 2:25:00 PM,RTD,7/31/2026 2:30:00 PM,CMIN,Fr,3000.08,
7/31/2026 2:25:00 PM,RTD,7/31/2026 2:30:00 PM,CLUZ,Rd,550,
7/31/2026 2:25:00 PM,RTD,7/31/2026 2:30:00 PM,CVIS,Rd,19998,
7/31/2026 2:25:00 PM,RTD,7/31/2026 2:30:00 PM,CMIN,Rd,24999.89,
7/31/2026 2:25:00 PM,RTD,7/31/2026 2:30:00 PM,CLUZ,Ru,550,
7/31/2026 2:25:00 PM,RTD,7/31/2026 2:30:00 PM,CMIN,Ru,24999.89,
7/31/2026 2:25:00 PM,RTD,7/31/2026 2:30:00 PM,CVIS,Ru,19998,
7/31/2026 2:30:00 PM,RTD,7/31/2026 2:35:00 PM,CVIS,Dr,1150,
7/31/2026 2:30:00 PM,RTD,7/31/2026 2:35:00 PM,CMIN,Dr,0,
7/31/2026 2:30:00 PM,RTD,7/31/2026 2:35:00 PM,CLUZ,Dr,1995.08,
7/31/2026 2:30:00 PM,RTD,7/31/2026 2:35:00 PM,CMIN,Fr,3000.08,
7/31/2026 2:30:00 PM,RTD,7/31/2026 2:35:00 PM,CVIS,Fr,20456.81,
7/31/2026 2:30:00 PM,RTD,7/31/2026 2:35:00 PM,CLUZ,Fr,3407.18,
7/31/2026 2:30:00 PM,RTD,7/31/2026 2:35:00 PM,CVIS,Rd,19998,
7/31/2026 2:30:00 PM,RTD,7/31/2026 2:35:00 PM,CMIN,Rd,24999.89,
7/31/2026 2:30:00 PM,RTD,7/31/2026 2:35:00 PM,CLUZ,Rd,1000,
7/31/2026 2:30:00 PM,RTD,7/31/2026 2:35:00 PM,CVIS,Ru,19998,
7/31/2026 2:30:00 PM,RTD,7/31/2026 2:35:00 PM,CLUZ,Ru,1000,
7/31/2026 2:30:00 PM,RTD,7/31/2026 2:35:00 PM,CMIN,Ru,24999.89,
7/31/2026 2:35:00 PM,RTD,7/31/2026 2:40:00 PM,CVIS,Dr,1200,
7/31/2026 2:35:00 PM,RTD,7/31/2026 2:40:00 PM,CMIN,Dr,0,
7/31/2026 2:35:00 PM,RTD,7/31/2026 2:40:00 PM,CLUZ,Dr,1995.08,
7/31/2026 2:35:00 PM,RTD,7/31/2026 2:40:00 PM,CMIN,Fr,3000.08,
7/31/2026 2:35:00 PM,RTD,7/31/2026 2:40:00 PM,CVIS,Fr,24201.47,
7/31/2026 2:35:00 PM,RTD,7/31/2026 2:40:00 PM,CLUZ,Fr,700.88,
7/31/2026 2:35:00 PM,RTD,7/31/2026 2:40:00 PM,CVIS,Rd,19998,
7/31/2026 2:35:00 PM,RTD,7/31/2026 2:40:00 PM,CMIN,Rd,24999.89,
7/31/2026 2:35:00 PM,RTD,7/31/2026 2:40:00 PM,CLUZ,Rd,1000,
7/31/2026 2:35:00 PM,RTD,7/31/2026 2:40:00 PM,CVIS,Ru,20538.55,
7/31/2026 2:35:00 PM,RTD,7/31/2026 2:40:00 PM,CLUZ,Ru,1000,
7/31/2026 2:35:00 PM,RTD,7/31/2026 2:40:00 PM,CMIN,Ru,24999.89,
7/31/2026 2:40:00 PM,RTD,7/31/2026 2:45:00 PM,CVIS,Dr,1280,
7/31/2026 2:40:00 PM,RTD,7/31/2026 2:45:00 PM,CMIN,Dr,400,
7/31/2026 2:40:00 PM,RTD,7/31/2026 2:45:00 PM,CLUZ,Dr,4999,
7/31/2026 2:40:00 PM,RTD,7/31/2026 2:45:00 PM,CMIN,Fr,3000.08,
7/31/2026 2:40:00 PM,RTD,7/31/2026 2:45:00 PM,CVIS,Fr,25000,
7/31/2026 2:40:00 PM,RTD,7/31/2026 2:45:00 PM,CLUZ,Fr,485,
7/31/2026 2:40:00 PM,RTD,7/31/2026 2:45:00 PM,CVIS,Rd,19998,
7/31/2026 2:40:00 PM,RTD,7/31/2026 2:45:00 PM,CMIN,Rd,24999.89,
7/31/2026 2:40:00 PM,RTD,7/31/2026 2:45:00 PM,CLUZ,Rd,1000,
7/31/2026 2:40:00 PM,RTD,7/31/2026 2:45:00 PM,CVIS,Ru,21366.55,
7/31/2026 2:40:00 PM,RTD,7/31/2026 2:45:00 PM,CLUZ,Ru,1000,
7/31/2026 2:40:00 PM,RTD,7/31/2026 2:45:00 PM,CMIN,Ru,24999.89,
7/31/2026 2:45:00 PM,RTD,7/31/2026 2:50:00 PM,CVIS,Dr,1280,
7/31/2026 2:45:00 PM,RTD,7/31/2026 2:50:00 PM,CMIN,Dr,0,
7/31/2026 2:45:00 PM,RTD,7/31/2026 2:50:00 PM,CLUZ,Dr,1995.08,
7/31/2026 2:45:00 PM,RTD,7/31/2026 2:50:00 PM,CMIN,Fr,2000.08,
7/31/2026 2:45:00 PM,RTD,7/31/2026 2:50:00 PM,CVIS,Fr,21000,
7/31/2026 2:45:00 PM,RTD,7/31/2026 2:50:00 PM,CLUZ,Fr,1800,
7/31/2026 2:45:00 PM,RTD,7/31/2026 2:50:00 PM,CVIS,Rd,19998,
7/31/2026 2:45:00 PM,RTD,7/31/2026 2:50:00 PM,CMIN,Rd,24999.89,
7/31/2026 2:45:00 PM,RTD,7/31/2026 2:50:00 PM,CLUZ,Rd,1000,
7/31/2026 2:45:00 PM,RTD,7/31/2026 2:50:00 PM,CVIS,Ru,19999,
7/31/2026 2:45:00 PM,RTD,7/31/2026 2:50:00 PM,CLUZ,Ru,1000,
7/31/2026 2:45:00 PM,RTD,7/31/2026 2:50:00 PM,CMIN,Ru,24999.89,
7/31/2026 2:50:00 PM,RTD,7/31/2026 2:55:00 PM,CVIS,Dr,1280,
7/31/2026 2:50:00 PM,RTD,7/31/2026 2:55:00 PM,CMIN,Dr,0,
7/31/2026 2:50:00 PM,RTD,7/31/2026 2:55:00 PM,CLUZ,Dr,1995.08,
7/31/2026 2:50:00 PM,RTD,7/31/2026 2:55:00 PM,CMIN,Fr,2000.08,
7/31/2026 2:50:00 PM,RTD,7/31/2026 2:55:00 PM,CVIS,Fr,18185.27,
7/31/2026 2:50:00 PM,RTD,7/31/2026 2:55:00 PM,CLUZ,Fr,718.31,
7/31/2026 2:50:00 PM,RTD,7/31/2026 2:55:00 PM,CVIS,Rd,19998,
7/31/2026 2:50:00 PM,RTD,7/31/2026 2:55:00 PM,CMIN,Rd,24999.89,
7/31/2026 2:50:00 PM,RTD,7/31/2026 2:55:00 PM,CLUZ,Rd,1000,
7/31/2026 2:50:00 PM,RTD,7/31/2026 2:55:00 PM,CVIS,Ru,19999,
7/31/2026 2:50:00 PM,RTD,7/31/2026 2:55:00 PM,CLUZ,Ru,1000,
7/31/2026 2:50:00 PM,RTD,7/31/2026 2:55:00 PM,CMIN,Ru,24999.89,
7/31/2026 2:55:00 PM,RTD,7/31/2026 3:00:00 PM,CVIS,Dr,1280,
7/31/2026 2:55:00 PM,RTD,7/31/2026 3:00:00 PM,CMIN,Dr,0,
7/31/2026 2:55:00 PM,RTD,7/31/2026 3:00:00 PM,CLUZ,Dr,900,
7/31/2026 2:55:00 PM,RTD,7/31/2026 3:00:00 PM,CMIN,Fr,2000.08,
7/31/2026 2:55:00 PM,RTD,7/31/2026 3:00:00 PM,CVIS,Fr,20000,
7/31/2026 2:55:00 PM,RTD,7/31/2026 3:00:00 PM,CLUZ,Fr,3445.62,
7/31/2026 2:55:00 PM,RTD,7/31/2026 3:00:00 PM,CVIS,Rd,19998,
7/31/2026 2:55:00 PM,RTD,7/31/2026 3:00:00 PM,CMIN,Rd,24999.89,
7/31/2026 2:55:00 PM,RTD,7/31/2026 3:00:00 PM,CLUZ,Rd,1000,
7/31/2026 2:55:00 PM,RTD,7/31/2026 3:00:00 PM,CVIS,Ru,19998,
7/31/2026 2:55:00 PM,RTD,7/31/2026 3:00:00 PM,CLUZ,Ru,1000,
7/31/2026 2:55:00 PM,RTD,7/31/2026 3:00:00 PM,CMIN,Ru,24999.89,
7/31/2026 3:00:00 PM,RTD,7/31/2026 3:05:00 PM,CLUZ,Dr,1100,
7/31/2026 3:00:00 PM,RTD,7/31/2026 3:05:00 PM,CMIN,Dr,0,
7/31/2026 3:00:00 PM,RTD,7/31/2026 3:05:00 PM,CVIS,Dr,2030,
7/31/2026 3:00:00 PM,RTD,7/31/2026 3:05:00 PM,CLUZ,Fr,3443.10,
7/31/2026 3:00:00 PM,RTD,7/31/2026 3:05:00 PM,CVIS,Fr,17000,
7/31/2026 3:00:00 PM,RTD,7/31/2026 3:05:00 PM,CMIN,Fr,2000.08,
7/31/2026 3:00:00 PM,RTD,7/31/2026 3:05:00 PM,CVIS,Rd,19998,
7/31/2026 3:00:00 PM,RTD,7/31/2026 3:05:00 PM,CLUZ,Rd,1000,
7/31/2026 3:00:00 PM,RTD,7/31/2026 3:05:00 PM,CMIN,Rd,24999.89,
7/31/2026 3:00:00 PM,RTD,7/31/2026 3:05:00 PM,CMIN,Ru,2900.08,
7/31/2026 3:00:00 PM,RTD,7/31/2026 3:05:00 PM,CVIS,Ru,19998,
7/31/2026 3:00:00 PM,RTD,7/31/2026 3:05:00 PM,CLUZ,Ru,1000,
7/31/2026 3:05:00 PM,RTD,7/31/2026 3:10:00 PM,CVIS,Dr,2020,
7/31/2026 3:05:00 PM,RTD,7/31/2026 3:10:00 PM,CLUZ,Dr,1995.08,
7/31/2026 3:05:00 PM,RTD,7/31/2026 3:10:00 PM,CMIN,Dr,0,
7/31/2026 3:05:00 PM,RTD,7/31/2026 3:10:00 PM,CVIS,Fr,16705.55,
7/31/2026 3:05:00 PM,RTD,7/31/2026 3:10:00 PM,CLUZ,Fr,7959.39,
7/31/2026 3:05:00 PM,RTD,7/31/2026 3:10:00 PM,CMIN,Fr,500.08,
7/31/2026 3:05:00 PM,RTD,7/31/2026 3:10:00 PM,CVIS,Rd,19998,
7/31/2026 3:05:00 PM,RTD,7/31/2026 3:10:00 PM,CMIN,Rd,24999.89,
7/31/2026 3:05:00 PM,RTD,7/31/2026 3:10:00 PM,CLUZ,Rd,1000,
7/31/2026 3:05:00 PM,RTD,7/31/2026 3:10:00 PM,CVIS,Ru,19998,
7/31/2026 3:05:00 PM,RTD,7/31/2026 3:10:00 PM,CLUZ,Ru,1000,
7/31/2026 3:05:00 PM,RTD,7/31/2026 3:10:00 PM,CMIN,Ru,2900.08,
7/31/2026 3:10:00 PM,RTD,7/31/2026 3:15:00 PM,CLUZ,Dr,900,
7/31/2026 3:10:00 PM,RTD,7/31/2026 3:15:00 PM,CMIN,Dr,0,
7/31/2026 3:10:00 PM,RTD,7/31/2026 3:15:00 PM,CVIS,Dr,2020,
7/31/2026 3:10:00 PM,RTD,7/31/2026 3:15:00 PM,CVIS,Fr,16922.80,
7/31/2026 3:10:00 PM,RTD,7/31/2026 3:15:00 PM,CMIN,Fr,500.08,
7/31/2026 3:10:00 PM,RTD,7/31/2026 3:15:00 PM,CLUZ,Fr,6543.88,
7/31/2026 3:10:00 PM,RTD,7/31/2026 3:15:00 PM,CLUZ,Rd,1000,
7/31/2026 3:10:00 PM,RTD,7/31/2026 3:15:00 PM,CVIS,Rd,19998,
7/31/2026 3:10:00 PM,RTD,7/31/2026 3:15:00 PM,CMIN,Rd,24999.89,
7/31/2026 3:10:00 PM,RTD,7/31/2026 3:15:00 PM,CVIS,Ru,19998,
7/31/2026 3:10:00 PM,RTD,7/31/2026 3:15:00 PM,CMIN,Ru,2900.08,
7/31/2026 3:10:00 PM,RTD,7/31/2026 3:15:00 PM,CLUZ,Ru,1000,
7/31/2026 3:15:00 PM,RTD,7/31/2026 3:20:00 PM,CVIS,Dr,2020,
7/31/2026 3:15:00 PM,RTD,7/31/2026 3:20:00 PM,CMIN,Dr,0,
7/31/2026 3:15:00 PM,RTD,7/31/2026 3:20:00 PM,CLUZ,Dr,1995.08,
7/31/2026 3:15:00 PM,RTD,7/31/2026 3:20:00 PM,CVIS,Fr,17030.16,
7/31/2026 3:15:00 PM,RTD,7/31/2026 3:20:00 PM,CMIN,Fr,500.08,
7/31/2026 3:15:00 PM,RTD,7/31/2026 3:20:00 PM,CLUZ,Fr,7972.70,
7/31/2026 3:15:00 PM,RTD,7/31/2026 3:20:00 PM,CLUZ,Rd,1000,
7/31/2026 3:15:00 PM,RTD,7/31/2026 3:20:00 PM,CVIS,Rd,19998,
7/31/2026 3:15:00 PM,RTD,7/31/2026 3:20:00 PM,CMIN,Rd,24999.89,
7/31/2026 3:15:00 PM,RTD,7/31/2026 3:20:00 PM,CLUZ,Ru,1000,
7/31/2026 3:15:00 PM,RTD,7/31/2026 3:20:00 PM,CVIS,Ru,19998,
7/31/2026 3:15:00 PM,RTD,7/31/2026 3:20:00 PM,CMIN,Ru,2900.08,
7/31/2026 3:20:00 PM,RTD,7/31/2026 3:25:00 PM,CMIN,Dr,0,
7/31/2026 3:20:00 PM,RTD,7/31/2026 3:25:00 PM,CVIS,Dr,2020,
7/31/2026 3:20:00 PM,RTD,7/31/2026 3:25:00 PM,CLUZ,Dr,4999,
7/31/2026 3:20:00 PM,RTD,7/31/2026 3:25:00 PM,CVIS,Fr,19583.34,
7/31/2026 3:20:00 PM,RTD,7/31/2026 3:25:00 PM,CMIN,Fr,500.08,
7/31/2026 3:20:00 PM,RTD,7/31/2026 3:25:00 PM,CLUZ,Fr,10980,
7/31/2026 3:20:00 PM,RTD,7/31/2026 3:25:00 PM,CMIN,Rd,24999.89,
7/31/2026 3:20:00 PM,RTD,7/31/2026 3:25:00 PM,CVIS,Rd,19998,
7/31/2026 3:20:00 PM,RTD,7/31/2026 3:25:00 PM,CLUZ,Rd,1000,
7/31/2026 3:20:00 PM,RTD,7/31/2026 3:25:00 PM,CMIN,Ru,2900.08,
7/31/2026 3:20:00 PM,RTD,7/31/2026 3:25:00 PM,CVIS,Ru,19998,
7/31/2026 3:20:00 PM,RTD,7/31/2026 3:25:00 PM,CLUZ,Ru,1000,
7/31/2026 3:25:00 PM,RTD,7/31/2026 3:30:00 PM,CLUZ,Dr,5000.08,
7/31/2026 3:25:00 PM,RTD,7/31/2026 3:30:00 PM,CVIS,Dr,2030,
7/31/2026 3:25:00 PM,RTD,7/31/2026 3:30:00 PM,CMIN,Dr,0,
7/31/2026 3:25:00 PM,RTD,7/31/2026 3:30:00 PM,CVIS,Fr,20000,
7/31/2026 3:25:00 PM,RTD,7/31/2026 3:30:00 PM,CLUZ,Fr,14947.12,
7/31/2026 3:25:00 PM,RTD,7/31/2026 3:30:00 PM,CMIN,Fr,500.08,
7/31/2026 3:25:00 PM,RTD,7/31/2026 3:30:00 PM,CLUZ,Rd,1000,
7/31/2026 3:25:00 PM,RTD,7/31/2026 3:30:00 PM,CVIS,Rd,19998,
7/31/2026 3:25:00 PM,RTD,7/31/2026 3:30:00 PM,CMIN,Rd,24999.89,
7/31/2026 3:25:00 PM,RTD,7/31/2026 3:30:00 PM,CLUZ,Ru,1000,
7/31/2026 3:25:00 PM,RTD,7/31/2026 3:30:00 PM,CMIN,Ru,2900.08,
7/31/2026 3:25:00 PM,RTD,7/31/2026 3:30:00 PM,CVIS,Ru,19998,
7/31/2026 3:30:00 PM,RTD,7/31/2026 3:35:00 PM,CVIS,Dr,2010,
7/31/2026 3:30:00 PM,RTD,7/31/2026 3:35:00 PM,CMIN,Dr,0,
7/31/2026 3:30:00 PM,RTD,7/31/2026 3:35:00 PM,CLUZ,Dr,4999,
7/31/2026 3:30:00 PM,RTD,7/31/2026 3:35:00 PM,CMIN,Fr,500.08,
7/31/2026 3:30:00 PM,RTD,7/31/2026 3:35:00 PM,CVIS,Fr,17661.80,
7/31/2026 3:30:00 PM,RTD,7/31/2026 3:35:00 PM,CLUZ,Fr,10900.69,
7/31/2026 3:30:00 PM,RTD,7/31/2026 3:35:00 PM,CVIS,Rd,19998,
7/31/2026 3:30:00 PM,RTD,7/31/2026 3:35:00 PM,CMIN,Rd,24999.89,
7/31/2026 3:30:00 PM,RTD,7/31/2026 3:35:00 PM,CLUZ,Rd,1000,
7/31/2026 3:30:00 PM,RTD,7/31/2026 3:35:00 PM,CVIS,Ru,19998,
7/31/2026 3:30:00 PM,RTD,7/31/2026 3:35:00 PM,CLUZ,Ru,1000,
7/31/2026 3:30:00 PM,RTD,7/31/2026 3:35:00 PM,CMIN,Ru,2900.08,
7/31/2026 3:35:00 PM,RTD,7/31/2026 3:40:00 PM,CVIS,Dr,2020,
7/31/2026 3:35:00 PM,RTD,7/31/2026 3:40:00 PM,CMIN,Dr,0,
7/31/2026 3:35:00 PM,RTD,7/31/2026 3:40:00 PM,CLUZ,Dr,5000.08,
7/31/2026 3:35:00 PM,RTD,7/31/2026 3:40:00 PM,CMIN,Fr,3262.40,
7/31/2026 3:35:00 PM,RTD,7/31/2026 3:40:00 PM,CVIS,Fr,20000,
7/31/2026 3:35:00 PM,RTD,7/31/2026 3:40:00 PM,CLUZ,Fr,14282.12,
7/31/2026 3:35:00 PM,RTD,7/31/2026 3:40:00 PM,CVIS,Rd,19998,
7/31/2026 3:35:00 PM,RTD,7/31/2026 3:40:00 PM,CMIN,Rd,24999.89,
7/31/2026 3:35:00 PM,RTD,7/31/2026 3:40:00 PM,CLUZ,Rd,1000,
7/31/2026 3:35:00 PM,RTD,7/31/2026 3:40:00 PM,CVIS,Ru,19998,
7/31/2026 3:35:00 PM,RTD,7/31/2026 3:40:00 PM,CLUZ,Ru,1730,
7/31/2026 3:35:00 PM,RTD,7/31/2026 3:40:00 PM,CMIN,Ru,2900.08,
7/31/2026 3:40:00 PM,RTD,7/31/2026 3:45:00 PM,CVIS,Dr,2020,
7/31/2026 3:40:00 PM,RTD,7/31/2026 3:45:00 PM,CMIN,Dr,0,
7/31/2026 3:40:00 PM,RTD,7/31/2026 3:45:00 PM,CLUZ,Dr,5000.08,
7/31/2026 3:40:00 PM,RTD,7/31/2026 3:45:00 PM,CMIN,Fr,3262.40,
7/31/2026 3:40:00 PM,RTD,7/31/2026 3:45:00 PM,CVIS,Fr,19618.58,
7/31/2026 3:40:00 PM,RTD,7/31/2026 3:45:00 PM,CLUZ,Fr,12967.11,
7/31/2026 3:40:00 PM,RTD,7/31/2026 3:45:00 PM,CVIS,Rd,19998,
7/31/2026 3:40:00 PM,RTD,7/31/2026 3:45:00 PM,CMIN,Rd,24999.89,
7/31/2026 3:40:00 PM,RTD,7/31/2026 3:45:00 PM,CLUZ,Rd,1000,
7/31/2026 3:40:00 PM,RTD,7/31/2026 3:45:00 PM,CVIS,Ru,19998,
7/31/2026 3:40:00 PM,RTD,7/31/2026 3:45:00 PM,CLUZ,Ru,1000,
7/31/2026 3:40:00 PM,RTD,7/31/2026 3:45:00 PM,CMIN,Ru,24999.89,
7/31/2026 3:45:00 PM,RTD,7/31/2026 3:50:00 PM,CVIS,Dr,2020,
7/31/2026 3:45:00 PM,RTD,7/31/2026 3:50:00 PM,CMIN,Dr,0,
7/31/2026 3:45:00 PM,RTD,7/31/2026 3:50:00 PM,CLUZ,Dr,5000.08,
7/31/2026 3:45:00 PM,RTD,7/31/2026 3:50:00 PM,CMIN,Fr,3262.40,
7/31/2026 3:45:00 PM,RTD,7/31/2026 3:50:00 PM,CVIS,Fr,19634.79,
7/31/2026 3:45:00 PM,RTD,7/31/2026 3:50:00 PM,CLUZ,Fr,13011.89,
7/31/2026 3:45:00 PM,RTD,7/31/2026 3:50:00 PM,CVIS,Rd,19998,
7/31/2026 3:45:00 PM,RTD,7/31/2026 3:50:00 PM,CMIN,Rd,24999.89,
7/31/2026 3:45:00 PM,RTD,7/31/2026 3:50:00 PM,CLUZ,Rd,2433.15,
7/31/2026 3:45:00 PM,RTD,7/31/2026 3:50:00 PM,CVIS,Ru,19998,
7/31/2026 3:45:00 PM,RTD,7/31/2026 3:50:00 PM,CLUZ,Ru,1000,
7/31/2026 3:45:00 PM,RTD,7/31/2026 3:50:00 PM,CMIN,Ru,24999.89,
7/31/2026 3:50:00 PM,RTD,7/31/2026 3:55:00 PM,CVIS,Dr,2010,
7/31/2026 3:50:00 PM,RTD,7/31/2026 3:55:00 PM,CMIN,Dr,0,
7/31/2026 3:50:00 PM,RTD,7/31/2026 3:55:00 PM,CLUZ,Dr,5000.08,
7/31/2026 3:50:00 PM,RTD,7/31/2026 3:55:00 PM,CMIN,Fr,3000.08,
7/31/2026 3:50:00 PM,RTD,7/31/2026 3:55:00 PM,CVIS,Fr,19495.90,
7/31/2026 3:50:00 PM,RTD,7/31/2026 3:55:00 PM,CLUZ,Fr,14944.73,
7/31/2026 3:50:00 PM,RTD,7/31/2026 3:55:00 PM,CVIS,Rd,19998,
7/31/2026 3:50:00 PM,RTD,7/31/2026 3:55:00 PM,CMIN,Rd,24999.89,
7/31/2026 3:50:00 PM,RTD,7/31/2026 3:55:00 PM,CLUZ,Rd,1000,
7/31/2026 3:50:00 PM,RTD,7/31/2026 3:55:00 PM,CVIS,Ru,19998,
7/31/2026 3:50:00 PM,RTD,7/31/2026 3:55:00 PM,CLUZ,Ru,1000,
7/31/2026 3:50:00 PM,RTD,7/31/2026 3:55:00 PM,CMIN,Ru,24999.89,
7/31/2026 3:55:00 PM,RTD,7/31/2026 4:00:00 PM,CVIS,Dr,2020,
7/31/2026 3:55:00 PM,RTD,7/31/2026 4:00:00 PM,CMIN,Dr,0,
7/31/2026 3:55:00 PM,RTD,7/31/2026 4:00:00 PM,CLUZ,Dr,6991.42,
7/31/2026 3:55:00 PM,RTD,7/31/2026 4:00:00 PM,CMIN,Fr,3000.08,
7/31/2026 3:55:00 PM,RTD,7/31/2026 4:00:00 PM,CVIS,Fr,20000,
7/31/2026 3:55:00 PM,RTD,7/31/2026 4:00:00 PM,CLUZ,Fr,14951.27,
7/31/2026 3:55:00 PM,RTD,7/31/2026 4:00:00 PM,CVIS,Rd,19998,
7/31/2026 3:55:00 PM,RTD,7/31/2026 4:00:00 PM,CMIN,Rd,24999.89,
7/31/2026 3:55:00 PM,RTD,7/31/2026 4:00:00 PM,CLUZ,Rd,1000,
7/31/2026 3:55:00 PM,RTD,7/31/2026 4:00:00 PM,CVIS,Ru,19998,
7/31/2026 3:55:00 PM,RTD,7/31/2026 4:00:00 PM,CLUZ,Ru,1000,
7/31/2026 3:55:00 PM,RTD,7/31/2026 4:00:00 PM,CMIN,Ru,24999.89,
7/31/2026 4:00:00 PM,RTD,7/31/2026 4:05:00 PM,CVIS,Dr,3883.81,
7/31/2026 4:00:00 PM,RTD,7/31/2026 4:05:00 PM,CMIN,Dr,0,
7/31/2026 4:00:00 PM,RTD,7/31/2026 4:05:00 PM,CLUZ,Dr,5070.24,
7/31/2026 4:00:00 PM,RTD,7/31/2026 4:05:00 PM,CMIN,Fr,3000.08,
7/31/2026 4:00:00 PM,RTD,7/31/2026 4:05:00 PM,CVIS,Fr,20320.32,
7/31/2026 4:00:00 PM,RTD,7/31/2026 4:05:00 PM,CLUZ,Fr,14957.78,
7/31/2026 4:00:00 PM,RTD,7/31/2026 4:05:00 PM,CMIN,Rd,24999.89,
7/31/2026 4:00:00 PM,RTD,7/31/2026 4:05:00 PM,CVIS,Rd,19998,
7/31/2026 4:00:00 PM,RTD,7/31/2026 4:05:00 PM,CLUZ,Rd,1000,
7/31/2026 4:00:00 PM,RTD,7/31/2026 4:05:00 PM,CMIN,Ru,24999.89,
7/31/2026 4:00:00 PM,RTD,7/31/2026 4:05:00 PM,CVIS,Ru,19998,
7/31/2026 4:00:00 PM,RTD,7/31/2026 4:05:00 PM,CLUZ,Ru,1000,
7/31/2026 4:05:00 PM,RTD,7/31/2026 4:10:00 PM,CMIN,Dr,0,
7/31/2026 4:05:00 PM,RTD,7/31/2026 4:10:00 PM,CVIS,Dr,3893.80,
7/31/2026 4:05:00 PM,RTD,7/31/2026 4:10:00 PM,CLUZ,Dr,4999,
7/31/2026 4:05:00 PM,RTD,7/31/2026 4:10:00 PM,CMIN,Fr,3000.08,
7/31/2026 4:05:00 PM,RTD,7/31/2026 4:10:00 PM,CVIS,Fr,20327.98,
7/31/2026 4:05:00 PM,RTD,7/31/2026 4:10:00 PM,CLUZ,Fr,8452.32,
7/31/2026 4:05:00 PM,RTD,7/31/2026 4:10:00 PM,CMIN,Rd,24999.89,
7/31/2026 4:05:00 PM,RTD,7/31/2026 4:10:00 PM,CLUZ,Rd,9022.20,
7/31/2026 4:05:00 PM,RTD,7/31/2026 4:10:00 PM,CVIS,Rd,19998,
7/31/2026 4:05:00 PM,RTD,7/31/2026 4:10:00 PM,CVIS,Ru,19998,
7/31/2026 4:05:00 PM,RTD,7/31/2026 4:10:00 PM,CMIN,Ru,24999.89,
7/31/2026 4:05:00 PM,RTD,7/31/2026 4:10:00 PM,CLUZ,Ru,1000,
7/31/2026 4:10:00 PM,RTD,7/31/2026 4:15:00 PM,CVIS,Dr,3893.80,
7/31/2026 4:10:00 PM,RTD,7/31/2026 4:15:00 PM,CMIN,Dr,0,
7/31/2026 4:10:00 PM,RTD,7/31/2026 4:15:00 PM,CLUZ,Dr,4999,
7/31/2026 4:10:00 PM,RTD,7/31/2026 4:15:00 PM,CMIN,Fr,3000.08,
7/31/2026 4:10:00 PM,RTD,7/31/2026 4:15:00 PM,CVIS,Fr,20360.44,
7/31/2026 4:10:00 PM,RTD,7/31/2026 4:15:00 PM,CLUZ,Fr,7353.70,
7/31/2026 4:10:00 PM,RTD,7/31/2026 4:15:00 PM,CLUZ,Rd,9022.20,
7/31/2026 4:10:00 PM,RTD,7/31/2026 4:15:00 PM,CVIS,Rd,19998,
7/31/2026 4:10:00 PM,RTD,7/31/2026 4:15:00 PM,CMIN,Rd,24999.89,
7/31/2026 4:10:00 PM,RTD,7/31/2026 4:15:00 PM,CMIN,Ru,2900.08,
7/31/2026 4:10:00 PM,RTD,7/31/2026 4:15:00 PM,CVIS,Ru,19998,
7/31/2026 4:10:00 PM,RTD,7/31/2026 4:15:00 PM,CLUZ,Ru,1000,
7/31/2026 4:15:00 PM,RTD,7/31/2026 4:20:00 PM,CMIN,Dr,0,
7/31/2026 4:15:00 PM,RTD,7/31/2026 4:20:00 PM,CVIS,Dr,3893.80,
7/31/2026 4:15:00 PM,RTD,7/31/2026 4:20:00 PM,CLUZ,Dr,5000.08,
7/31/2026 4:15:00 PM,RTD,7/31/2026 4:20:00 PM,CLUZ,Fr,3598.98,
7/31/2026 4:15:00 PM,RTD,7/31/2026 4:20:00 PM,CMIN,Fr,3000.08,
7/31/2026 4:15:00 PM,RTD,7/31/2026 4:20:00 PM,CVIS,Fr,20375.53,
7/31/2026 4:15:00 PM,RTD,7/31/2026 4:20:00 PM,CVIS,Rd,19998,
7/31/2026 4:15:00 PM,RTD,7/31/2026 4:20:00 PM,CLUZ,Rd,9521.25,
7/31/2026 4:15:00 PM,RTD,7/31/2026 4:20:00 PM,CMIN,Rd,24999.89,
7/31/2026 4:15:00 PM,RTD,7/31/2026 4:20:00 PM,CVIS,Ru,19998,
7/31/2026 4:15:00 PM,RTD,7/31/2026 4:20:00 PM,CLUZ,Ru,1000,
7/31/2026 4:15:00 PM,RTD,7/31/2026 4:20:00 PM,CMIN,Ru,2900.08,
7/31/2026 4:20:00 PM,RTD,7/31/2026 4:25:00 PM,CMIN,Dr,0,
7/31/2026 4:20:00 PM,RTD,7/31/2026 4:25:00 PM,CVIS,Dr,4571.25,
7/31/2026 4:20:00 PM,RTD,7/31/2026 4:25:00 PM,CLUZ,Dr,5000.08,
7/31/2026 4:20:00 PM,RTD,7/31/2026 4:25:00 PM,CVIS,Fr,21000,
7/31/2026 4:20:00 PM,RTD,7/31/2026 4:25:00 PM,CMIN,Fr,3000.08,
7/31/2026 4:20:00 PM,RTD,7/31/2026 4:25:00 PM,CLUZ,Fr,5874.88,
7/31/2026 4:20:00 PM,RTD,7/31/2026 4:25:00 PM,CLUZ,Rd,9520.01,
7/31/2026 4:20:00 PM,RTD,7/31/2026 4:25:00 PM,CMIN,Rd,24999.89,
7/31/2026 4:20:00 PM,RTD,7/31/2026 4:25:00 PM,CVIS,Rd,19998,
7/31/2026 4:20:00 PM,RTD,7/31/2026 4:25:00 PM,CVIS,Ru,19998,
7/31/2026 4:20:00 PM,RTD,7/31/2026 4:25:00 PM,CLUZ,Ru,1000,
7/31/2026 4:20:00 PM,RTD,7/31/2026 4:25:00 PM,CMIN,Ru,2900.08,
7/31/2026 4:25:00 PM,RTD,7/31/2026 4:30:00 PM,CLUZ,Dr,5000.08,
7/31/2026 4:25:00 PM,RTD,7/31/2026 4:30:00 PM,CMIN,Dr,0,
7/31/2026 4:25:00 PM,RTD,7/31/2026 4:30:00 PM,CVIS,Dr,8124.26,
7/31/2026 4:25:00 PM,RTD,7/31/2026 4:30:00 PM,CMIN,Fr,3000.08,
7/31/2026 4:25:00 PM,RTD,7/31/2026 4:30:00 PM,CLUZ,Fr,5874.88,
7/31/2026 4:25:00 PM,RTD,7/31/2026 4:30:00 PM,CVIS,Fr,24422.59,
7/31/2026 4:25:00 PM,RTD,7/31/2026 4:30:00 PM,CLUZ,Rd,3418.77,
7/31/2026 4:25:00 PM,RTD,7/31/2026 4:30:00 PM,CMIN,Rd,24999.89,
7/31/2026 4:25:00 PM,RTD,7/31/2026 4:30:00 PM,CVIS,Rd,19998,
7/31/2026 4:25:00 PM,RTD,7/31/2026 4:30:00 PM,CLUZ,Ru,1000,
7/31/2026 4:25:00 PM,RTD,7/31/2026 4:30:00 PM,CMIN,Ru,2900.08,
7/31/2026 4:25:00 PM,RTD,7/31/2026 4:30:00 PM,CVIS,Ru,20722.59,
7/31/2026 4:30:00 PM,RTD,7/31/2026 4:35:00 PM,CVIS,Dr,7790.40,
7/31/2026 4:30:00 PM,RTD,7/31/2026 4:35:00 PM,CMIN,Dr,0,
7/31/2026 4:30:00 PM,RTD,7/31/2026 4:35:00 PM,CLUZ,Dr,5000.08,
7/31/2026 4:30:00 PM,RTD,7/31/2026 4:35:00 PM,CMIN,Fr,3000.08,
7/31/2026 4:30:00 PM,RTD,7/31/2026 4:35:00 PM,CVIS,Fr,24100.46,
7/31/2026 4:30:00 PM,RTD,7/31/2026 4:35:00 PM,CLUZ,Fr,3748.90,
7/31/2026 4:30:00 PM,RTD,7/31/2026 4:35:00 PM,CVIS,Rd,19998,
7/31/2026 4:30:00 PM,RTD,7/31/2026 4:35:00 PM,CMIN,Rd,24999.89,
7/31/2026 4:30:00 PM,RTD,7/31/2026 4:35:00 PM,CLUZ,Rd,3419.99,
7/31/2026 4:30:00 PM,RTD,7/31/2026 4:35:00 PM,CVIS,Ru,20397.55,
7/31/2026 4:30:00 PM,RTD,7/31/2026 4:35:00 PM,CLUZ,Ru,1000,
7/31/2026 4:30:00 PM,RTD,7/31/2026 4:35:00 PM,CMIN,Ru,24999.83,
7/31/2026 4:35:00 PM,RTD,7/31/2026 4:40:00 PM,CVIS,Dr,7933.50,
7/31/2026 4:35:00 PM,RTD,7/31/2026 4:40:00 PM,CMIN,Dr,0,
7/31/2026 4:35:00 PM,RTD,7/31/2026 4:40:00 PM,CLUZ,Dr,5000.08,
7/31/2026 4:35:00 PM,RTD,7/31/2026 4:40:00 PM,CMIN,Fr,3000.08,
7/31/2026 4:35:00 PM,RTD,7/31/2026 4:40:00 PM,CVIS,Fr,24252.60,
7/31/2026 4:35:00 PM,RTD,7/31/2026 4:40:00 PM,CLUZ,Fr,6381.33,
7/31/2026 4:35:00 PM,RTD,7/31/2026 4:40:00 PM,CVIS,Rd,19998,
7/31/2026 4:35:00 PM,RTD,7/31/2026 4:40:00 PM,CMIN,Rd,24999.89,
7/31/2026 4:35:00 PM,RTD,7/31/2026 4:40:00 PM,CLUZ,Rd,1000,
7/31/2026 4:35:00 PM,RTD,7/31/2026 4:40:00 PM,CVIS,Ru,20549.67,
7/31/2026 4:35:00 PM,RTD,7/31/2026 4:40:00 PM,CLUZ,Ru,1000,
7/31/2026 4:35:00 PM,RTD,7/31/2026 4:40:00 PM,CMIN,Ru,24999.83,
7/31/2026 4:40:00 PM,RTD,7/31/2026 4:45:00 PM,CVIS,Dr,7718.09,
7/31/2026 4:40:00 PM,RTD,7/31/2026 4:45:00 PM,CMIN,Dr,0,
7/31/2026 4:40:00 PM,RTD,7/31/2026 4:45:00 PM,CLUZ,Dr,5000.08,
7/31/2026 4:40:00 PM,RTD,7/31/2026 4:45:00 PM,CMIN,Fr,3000.08,
7/31/2026 4:40:00 PM,RTD,7/31/2026 4:45:00 PM,CVIS,Fr,24049.58,
7/31/2026 4:40:00 PM,RTD,7/31/2026 4:45:00 PM,CLUZ,Fr,6933.96,
7/31/2026 4:40:00 PM,RTD,7/31/2026 4:45:00 PM,CVIS,Rd,19998,
7/31/2026 4:40:00 PM,RTD,7/31/2026 4:45:00 PM,CMIN,Rd,24999.89,
7/31/2026 4:40:00 PM,RTD,7/31/2026 4:45:00 PM,CLUZ,Rd,1000,
7/31/2026 4:40:00 PM,RTD,7/31/2026 4:45:00 PM,CVIS,Ru,20346.68,
7/31/2026 4:40:00 PM,RTD,7/31/2026 4:45:00 PM,CLUZ,Ru,1000,
7/31/2026 4:40:00 PM,RTD,7/31/2026 4:45:00 PM,CMIN,Ru,24999.83,
7/31/2026 4:45:00 PM,RTD,7/31/2026 4:50:00 PM,CMIN,Dr,0,
7/31/2026 4:45:00 PM,RTD,7/31/2026 4:50:00 PM,CLUZ,Dr,5000.08,
7/31/2026 4:45:00 PM,RTD,7/31/2026 4:50:00 PM,CVIS,Dr,7934.75,
7/31/2026 4:45:00 PM,RTD,7/31/2026 4:50:00 PM,CLUZ,Fr,8819.08,
7/31/2026 4:45:00 PM,RTD,7/31/2026 4:50:00 PM,CMIN,Fr,3000.08,
7/31/2026 4:45:00 PM,RTD,7/31/2026 4:50:00 PM,CVIS,Fr,24274.16,
7/31/2026 4:45:00 PM,RTD,7/31/2026 4:50:00 PM,CMIN,Rd,24999.89,
7/31/2026 4:45:00 PM,RTD,7/31/2026 4:50:00 PM,CLUZ,Rd,1000,
7/31/2026 4:45:00 PM,RTD,7/31/2026 4:50:00 PM,CVIS,Rd,19998,
7/31/2026 4:45:00 PM,RTD,7/31/2026 4:50:00 PM,CMIN,Ru,24999.83,
7/31/2026 4:45:00 PM,RTD,7/31/2026 4:50:00 PM,CVIS,Ru,20571.23,
7/31/2026 4:45:00 PM,RTD,7/31/2026 4:50:00 PM,CLUZ,Ru,1000,
7/31/2026 4:50:00 PM,RTD,7/31/2026 4:55:00 PM,CVIS,Dr,6368.08,
7/31/2026 4:50:00 PM,RTD,7/31/2026 4:55:00 PM,CMIN,Dr,0,
7/31/2026 4:50:00 PM,RTD,7/31/2026 4:55:00 PM,CLUZ,Dr,5000.08,
7/31/2026 4:50:00 PM,RTD,7/31/2026 4:55:00 PM,CMIN,Fr,3000.08,
7/31/2026 4:50:00 PM,RTD,7/31/2026 4:55:00 PM,CVIS,Fr,22738.74,
7/31/2026 4:50:00 PM,RTD,7/31/2026 4:55:00 PM,CLUZ,Fr,8308.32,
7/31/2026 4:50:00 PM,RTD,7/31/2026 4:55:00 PM,CVIS,Rd,19998,
7/31/2026 4:50:00 PM,RTD,7/31/2026 4:55:00 PM,CMIN,Rd,24999.89,
7/31/2026 4:50:00 PM,RTD,7/31/2026 4:55:00 PM,CLUZ,Rd,1000,
7/31/2026 4:50:00 PM,RTD,7/31/2026 4:55:00 PM,CVIS,Ru,19999,
7/31/2026 4:50:00 PM,RTD,7/31/2026 4:55:00 PM,CLUZ,Ru,1000,
7/31/2026 4:50:00 PM,RTD,7/31/2026 4:55:00 PM,CMIN,Ru,24999.83,
7/31/2026 4:55:00 PM,RTD,7/31/2026 5:00:00 PM,CVIS,Dr,3893.80,
7/31/2026 4:55:00 PM,RTD,7/31/2026 5:00:00 PM,CMIN,Dr,0,
7/31/2026 4:55:00 PM,RTD,7/31/2026 5:00:00 PM,CLUZ,Dr,5000.08,
7/31/2026 4:55:00 PM,RTD,7/31/2026 5:00:00 PM,CMIN,Fr,3000.08,
7/31/2026 4:55:00 PM,RTD,7/31/2026 5:00:00 PM,CVIS,Fr,20327.44,
7/31/2026 4:55:00 PM,RTD,7/31/2026 5:00:00 PM,CLUZ,Fr,2841.51,
7/31/2026 4:55:00 PM,RTD,7/31/2026 5:00:00 PM,CVIS,Rd,19998,
7/31/2026 4:55:00 PM,RTD,7/31/2026 5:00:00 PM,CMIN,Rd,24999.89,
7/31/2026 4:55:00 PM,RTD,7/31/2026 5:00:00 PM,CLUZ,Rd,6440.28,
7/31/2026 4:55:00 PM,RTD,7/31/2026 5:00:00 PM,CVIS,Ru,19998,
7/31/2026 4:55:00 PM,RTD,7/31/2026 5:00:00 PM,CLUZ,Ru,1000,
7/31/2026 4:55:00 PM,RTD,7/31/2026 5:00:00 PM,CMIN,Ru,24999.83,
7/31/2026 5:00:00 PM,RTD,7/31/2026 5:05:00 PM,CVIS,Dr,3873.80,
7/31/2026 5:00:00 PM,RTD,7/31/2026 5:05:00 PM,CMIN,Dr,0,
7/31/2026 5:00:00 PM,RTD,7/31/2026 5:05:00 PM,CLUZ,Dr,4999,
7/31/2026 5:00:00 PM,RTD,7/31/2026 5:05:00 PM,CMIN,Fr,3000.08,
7/31/2026 5:00:00 PM,RTD,7/31/2026 5:05:00 PM,CVIS,Fr,20357.80,
7/31/2026 5:00:00 PM,RTD,7/31/2026 5:05:00 PM,CLUZ,Fr,5529.23,
7/31/2026 5:00:00 PM,RTD,7/31/2026 5:05:00 PM,CVIS,Rd,19998,
7/31/2026 5:00:00 PM,RTD,7/31/2026 5:05:00 PM,CMIN,Rd,24999.89,
7/31/2026 5:00:00 PM,RTD,7/31/2026 5:05:00 PM,CLUZ,Rd,6446.74,
7/31/2026 5:00:00 PM,RTD,7/31/2026 5:05:00 PM,CVIS,Ru,19998,
7/31/2026 5:00:00 PM,RTD,7/31/2026 5:05:00 PM,CLUZ,Ru,1000,
7/31/2026 5:00:00 PM,RTD,7/31/2026 5:05:00 PM,CMIN,Ru,24999.89,
7/31/2026 5:05:00 PM,RTD,7/31/2026 5:10:00 PM,CVIS,Dr,1940,
7/31/2026 5:05:00 PM,RTD,7/31/2026 5:10:00 PM,CMIN,Dr,0,
7/31/2026 5:05:00 PM,RTD,7/31/2026 5:10:00 PM,CLUZ,Dr,4999,
7/31/2026 5:05:00 PM,RTD,7/31/2026 5:10:00 PM,CMIN,Fr,3000.08,
7/31/2026 5:05:00 PM,RTD,7/31/2026 5:10:00 PM,CVIS,Fr,20000,
7/31/2026 5:05:00 PM,RTD,7/31/2026 5:10:00 PM,CLUZ,Fr,1850,
7/31/2026 5:05:00 PM,RTD,7/31/2026 5:10:00 PM,CVIS,Rd,19998,
7/31/2026 5:05:00 PM,RTD,7/31/2026 5:10:00 PM,CMIN,Rd,24999.89,
7/31/2026 5:05:00 PM,RTD,7/31/2026 5:10:00 PM,CLUZ,Rd,8389.52,
7/31/2026 5:05:00 PM,RTD,7/31/2026 5:10:00 PM,CVIS,Ru,19998,
7/31/2026 5:05:00 PM,RTD,7/31/2026 5:10:00 PM,CLUZ,Ru,1000,
7/31/2026 5:05:00 PM,RTD,7/31/2026 5:10:00 PM,CMIN,Ru,24999.89,
7/31/2026 5:10:00 PM,RTD,7/31/2026 5:15:00 PM,CVIS,Dr,1940,
7/31/2026 5:10:00 PM,RTD,7/31/2026 5:15:00 PM,CMIN,Dr,0,
7/31/2026 5:10:00 PM,RTD,7/31/2026 5:15:00 PM,CLUZ,Dr,4999,
7/31/2026 5:10:00 PM,RTD,7/31/2026 5:15:00 PM,CMIN,Fr,3000.08,
7/31/2026 5:10:00 PM,RTD,7/31/2026 5:15:00 PM,CVIS,Fr,17914.99,
7/31/2026 5:10:00 PM,RTD,7/31/2026 5:15:00 PM,CLUZ,Fr,781.53,
7/31/2026 5:10:00 PM,RTD,7/31/2026 5:15:00 PM,CVIS,Rd,19998,
7/31/2026 5:10:00 PM,RTD,7/31/2026 5:15:00 PM,CMIN,Rd,24999.89,
7/31/2026 5:10:00 PM,RTD,7/31/2026 5:15:00 PM,CLUZ,Rd,8485.91,
7/31/2026 5:10:00 PM,RTD,7/31/2026 5:15:00 PM,CVIS,Ru,19998,
7/31/2026 5:10:00 PM,RTD,7/31/2026 5:15:00 PM,CLUZ,Ru,1000,
7/31/2026 5:10:00 PM,RTD,7/31/2026 5:15:00 PM,CMIN,Ru,24999.89,
7/31/2026 5:15:00 PM,RTD,7/31/2026 5:20:00 PM,CVIS,Dr,1930,
7/31/2026 5:15:00 PM,RTD,7/31/2026 5:20:00 PM,CMIN,Dr,0,
7/31/2026 5:15:00 PM,RTD,7/31/2026 5:20:00 PM,CLUZ,Dr,4999,
7/31/2026 5:15:00 PM,RTD,7/31/2026 5:20:00 PM,CMIN,Fr,3000.08,
7/31/2026 5:15:00 PM,RTD,7/31/2026 5:20:00 PM,CVIS,Fr,17969.26,
7/31/2026 5:15:00 PM,RTD,7/31/2026 5:20:00 PM,CLUZ,Fr,1750,
7/31/2026 5:15:00 PM,RTD,7/31/2026 5:20:00 PM,CVIS,Rd,19998,
7/31/2026 5:15:00 PM,RTD,7/31/2026 5:20:00 PM,CMIN,Rd,24999.89,
7/31/2026 5:15:00 PM,RTD,7/31/2026 5:20:00 PM,CLUZ,Rd,6449.66,
7/31/2026 5:15:00 PM,RTD,7/31/2026 5:20:00 PM,CVIS,Ru,19998,
7/31/2026 5:15:00 PM,RTD,7/31/2026 5:20:00 PM,CLUZ,Ru,1000,
7/31/2026 5:15:00 PM,RTD,7/31/2026 5:20:00 PM,CMIN,Ru,24999.89,
7/31/2026 5:20:00 PM,RTD,7/31/2026 5:25:00 PM,CVIS,Dr,1930,
7/31/2026 5:20:00 PM,RTD,7/31/2026 5:25:00 PM,CMIN,Dr,0,
7/31/2026 5:20:00 PM,RTD,7/31/2026 5:25:00 PM,CLUZ,Dr,4999,
7/31/2026 5:20:00 PM,RTD,7/31/2026 5:25:00 PM,CMIN,Fr,3000.08,
7/31/2026 5:20:00 PM,RTD,7/31/2026 5:25:00 PM,CVIS,Fr,17921.56,
7/31/2026 5:20:00 PM,RTD,7/31/2026 5:25:00 PM,CLUZ,Fr,3651.83,
7/31/2026 5:20:00 PM,RTD,7/31/2026 5:25:00 PM,CVIS,Rd,19998,
7/31/2026 5:20:00 PM,RTD,7/31/2026 5:25:00 PM,CMIN,Rd,24999.89,
7/31/2026 5:20:00 PM,RTD,7/31/2026 5:25:00 PM,CLUZ,Rd,3416.22,
7/31/2026 5:20:00 PM,RTD,7/31/2026 5:25:00 PM,CVIS,Ru,19998,
7/31/2026 5:20:00 PM,RTD,7/31/2026 5:25:00 PM,CLUZ,Ru,1000,
7/31/2026 5:20:00 PM,RTD,7/31/2026 5:25:00 PM,CMIN,Ru,24999.89,
7/31/2026 5:25:00 PM,RTD,7/31/2026 5:30:00 PM,CLUZ,Dr,4999,
7/31/2026 5:25:00 PM,RTD,7/31/2026 5:30:00 PM,CVIS,Dr,1940,
7/31/2026 5:25:00 PM,RTD,7/31/2026 5:30:00 PM,CMIN,Dr,0,
7/31/2026 5:25:00 PM,RTD,7/31/2026 5:30:00 PM,CVIS,Fr,20000,
7/31/2026 5:25:00 PM,RTD,7/31/2026 5:30:00 PM,CLUZ,Fr,3654.40,
7/31/2026 5:25:00 PM,RTD,7/31/2026 5:30:00 PM,CMIN,Fr,3000.08,
7/31/2026 5:25:00 PM,RTD,7/31/2026 5:30:00 PM,CLUZ,Rd,3414.99,
7/31/2026 5:25:00 PM,RTD,7/31/2026 5:30:00 PM,CVIS,Rd,19998,
7/31/2026 5:25:00 PM,RTD,7/31/2026 5:30:00 PM,CMIN,Rd,24999.89,
7/31/2026 5:25:00 PM,RTD,7/31/2026 5:30:00 PM,CLUZ,Ru,1000,
7/31/2026 5:25:00 PM,RTD,7/31/2026 5:30:00 PM,CMIN,Ru,24999.89,
7/31/2026 5:25:00 PM,RTD,7/31/2026 5:30:00 PM,CVIS,Ru,19998,
7/31/2026 5:30:00 PM,RTD,7/31/2026 5:35:00 PM,CLUZ,Dr,4999,
7/31/2026 5:30:00 PM,RTD,7/31/2026 5:35:00 PM,CMIN,Dr,0,
7/31/2026 5:30:00 PM,RTD,7/31/2026 5:35:00 PM,CVIS,Dr,1940,
7/31/2026 5:30:00 PM,RTD,7/31/2026 5:35:00 PM,CMIN,Fr,3000.08,
7/31/2026 5:30:00 PM,RTD,7/31/2026 5:35:00 PM,CLUZ,Fr,3660.15,
7/31/2026 5:30:00 PM,RTD,7/31/2026 5:35:00 PM,CVIS,Fr,20000,
7/31/2026 5:30:00 PM,RTD,7/31/2026 5:35:00 PM,CLUZ,Rd,3416.21,
7/31/2026 5:30:00 PM,RTD,7/31/2026 5:35:00 PM,CMIN,Rd,24999.89,
7/31/2026 5:30:00 PM,RTD,7/31/2026 5:35:00 PM,CVIS,Rd,19998,
7/31/2026 5:30:00 PM,RTD,7/31/2026 5:35:00 PM,CLUZ,Ru,1000,
7/31/2026 5:30:00 PM,RTD,7/31/2026 5:35:00 PM,CMIN,Ru,24999.89,
7/31/2026 5:30:00 PM,RTD,7/31/2026 5:35:00 PM,CVIS,Ru,19998,
7/31/2026 5:35:00 PM,RTD,7/31/2026 5:40:00 PM,CVIS,Dr,1950,
7/31/2026 5:35:00 PM,RTD,7/31/2026 5:40:00 PM,CMIN,Dr,0,
7/31/2026 5:35:00 PM,RTD,7/31/2026 5:40:00 PM,CLUZ,Dr,4999,
7/31/2026 5:35:00 PM,RTD,7/31/2026 5:40:00 PM,CMIN,Fr,3000.08,
7/31/2026 5:35:00 PM,RTD,7/31/2026 5:40:00 PM,CVIS,Fr,20000,
7/31/2026 5:35:00 PM,RTD,7/31/2026 5:40:00 PM,CLUZ,Fr,3668.75,
7/31/2026 5:35:00 PM,RTD,7/31/2026 5:40:00 PM,CVIS,Rd,19998,
7/31/2026 5:35:00 PM,RTD,7/31/2026 5:40:00 PM,CMIN,Rd,24999.89,
7/31/2026 5:35:00 PM,RTD,7/31/2026 5:40:00 PM,CLUZ,Rd,3413.75,
7/31/2026 5:35:00 PM,RTD,7/31/2026 5:40:00 PM,CVIS,Ru,19998,
7/31/2026 5:35:00 PM,RTD,7/31/2026 5:40:00 PM,CLUZ,Ru,1000,
7/31/2026 5:35:00 PM,RTD,7/31/2026 5:40:00 PM,CMIN,Ru,24999.89,
7/31/2026 5:40:00 PM,RTD,7/31/2026 5:45:00 PM,CVIS,Dr,1940,
7/31/2026 5:40:00 PM,RTD,7/31/2026 5:45:00 PM,CMIN,Dr,0,
7/31/2026 5:40:00 PM,RTD,7/31/2026 5:45:00 PM,CLUZ,Dr,4999,
7/31/2026 5:40:00 PM,RTD,7/31/2026 5:45:00 PM,CMIN,Fr,3000.08,
7/31/2026 5:40:00 PM,RTD,7/31/2026 5:45:00 PM,CVIS,Fr,20000,
7/31/2026 5:40:00 PM,RTD,7/31/2026 5:45:00 PM,CLUZ,Fr,3681.04,
7/31/2026 5:40:00 PM,RTD,7/31/2026 5:45:00 PM,CVIS,Rd,19998,
7/31/2026 5:40:00 PM,RTD,7/31/2026 5:45:00 PM,CMIN,Rd,24999.89,
7/31/2026 5:40:00 PM,RTD,7/31/2026 5:45:00 PM,CLUZ,Rd,3412.52,
7/31/2026 5:40:00 PM,RTD,7/31/2026 5:45:00 PM,CVIS,Ru,19998,
7/31/2026 5:40:00 PM,RTD,7/31/2026 5:45:00 PM,CLUZ,Ru,1000,
7/31/2026 5:40:00 PM,RTD,7/31/2026 5:45:00 PM,CMIN,Ru,24999.89,
7/31/2026 5:45:00 PM,RTD,7/31/2026 5:50:00 PM,CVIS,Dr,6378.36,
7/31/2026 5:45:00 PM,RTD,7/31/2026 5:50:00 PM,CMIN,Dr,0,
7/31/2026 5:45:00 PM,RTD,7/31/2026 5:50:00 PM,CLUZ,Dr,4999,
7/31/2026 5:45:00 PM,RTD,7/31/2026 5:50:00 PM,CMIN,Fr,3000.08,
7/31/2026 5:45:00 PM,RTD,7/31/2026 5:50:00 PM,CVIS,Fr,22748.54,
7/31/2026 5:45:00 PM,RTD,7/31/2026 5:50:00 PM,CLUZ,Fr,6228.79,
7/31/2026 5:45:00 PM,RTD,7/31/2026 5:50:00 PM,CVIS,Rd,19998,
7/31/2026 5:45:00 PM,RTD,7/31/2026 5:50:00 PM,CMIN,Rd,24999.89,
7/31/2026 5:45:00 PM,RTD,7/31/2026 5:50:00 PM,CLUZ,Rd,1000,
7/31/2026 5:45:00 PM,RTD,7/31/2026 5:50:00 PM,CVIS,Ru,19998,
7/31/2026 5:45:00 PM,RTD,7/31/2026 5:50:00 PM,CLUZ,Ru,1000,
7/31/2026 5:45:00 PM,RTD,7/31/2026 5:50:00 PM,CMIN,Ru,24999.89,
7/31/2026 5:50:00 PM,RTD,7/31/2026 5:55:00 PM,CVIS,Dr,8518.29,
7/31/2026 5:50:00 PM,RTD,7/31/2026 5:55:00 PM,CMIN,Dr,0,
7/31/2026 5:50:00 PM,RTD,7/31/2026 5:55:00 PM,CLUZ,Dr,4999,
7/31/2026 5:50:00 PM,RTD,7/31/2026 5:55:00 PM,CMIN,Fr,400.08,
7/31/2026 5:50:00 PM,RTD,7/31/2026 5:55:00 PM,CVIS,Fr,24800,
7/31/2026 5:50:00 PM,RTD,7/31/2026 5:55:00 PM,CLUZ,Fr,495,
7/31/2026 5:50:00 PM,RTD,7/31/2026 5:55:00 PM,CVIS,Rd,19998,
7/31/2026 5:50:00 PM,RTD,7/31/2026 5:55:00 PM,CMIN,Rd,24999.89,
7/31/2026 5:50:00 PM,RTD,7/31/2026 5:55:00 PM,CLUZ,Rd,6489.13,
7/31/2026 5:50:00 PM,RTD,7/31/2026 5:55:00 PM,CVIS,Ru,21120,
7/31/2026 5:50:00 PM,RTD,7/31/2026 5:55:00 PM,CLUZ,Ru,21499,
7/31/2026 5:50:00 PM,RTD,7/31/2026 5:55:00 PM,CMIN,Ru,24999.89,
7/31/2026 5:55:00 PM,RTD,7/31/2026 6:00:00 PM,CVIS,Dr,8604.47,
7/31/2026 5:55:00 PM,RTD,7/31/2026 6:00:00 PM,CMIN,Dr,0,
7/31/2026 5:55:00 PM,RTD,7/31/2026 6:00:00 PM,CLUZ,Dr,4999,
7/31/2026 5:55:00 PM,RTD,7/31/2026 6:00:00 PM,CMIN,Fr,400.08,
7/31/2026 5:55:00 PM,RTD,7/31/2026 6:00:00 PM,CVIS,Fr,24896.45,
7/31/2026 5:55:00 PM,RTD,7/31/2026 6:00:00 PM,CLUZ,Fr,1800,
7/31/2026 5:55:00 PM,RTD,7/31/2026 6:00:00 PM,CVIS,Rd,19998,
7/31/2026 5:55:00 PM,RTD,7/31/2026 6:00:00 PM,CMIN,Rd,24999.89,
7/31/2026 5:55:00 PM,RTD,7/31/2026 6:00:00 PM,CLUZ,Rd,5207.96,
7/31/2026 5:55:00 PM,RTD,7/31/2026 6:00:00 PM,CVIS,Ru,21216.45,
7/31/2026 5:55:00 PM,RTD,7/31/2026 6:00:00 PM,CLUZ,Ru,21499,
7/31/2026 5:55:00 PM,RTD,7/31/2026 6:00:00 PM,CMIN,Ru,24999.89,
7/31/2026 6:00:00 PM,RTD,7/31/2026 6:05:00 PM,CLUZ,Dr,4999,
7/31/2026 6:00:00 PM,RTD,7/31/2026 6:05:00 PM,CMIN,Dr,1568.91,
7/31/2026 6:00:00 PM,RTD,7/31/2026 6:05:00 PM,CVIS,Dr,10996.14,
7/31/2026 6:00:00 PM,RTD,7/31/2026 6:05:00 PM,CVIS,Fr,25000,
7/31/2026 6:00:00 PM,RTD,7/31/2026 6:05:00 PM,CMIN,Fr,1628.40,
7/31/2026 6:00:00 PM,RTD,7/31/2026 6:05:00 PM,CLUZ,Fr,3678.97,
7/31/2026 6:00:00 PM,RTD,7/31/2026 6:05:00 PM,CLUZ,Rd,3413.73,
7/31/2026 6:00:00 PM,RTD,7/31/2026 6:05:00 PM,CMIN,Rd,24999.89,
7/31/2026 6:00:00 PM,RTD,7/31/2026 6:05:00 PM,CVIS,Rd,19998,
7/31/2026 6:00:00 PM,RTD,7/31/2026 6:05:00 PM,CLUZ,Ru,21499,
7/31/2026 6:00:00 PM,RTD,7/31/2026 6:05:00 PM,CMIN,Ru,24999.89,
7/31/2026 6:00:00 PM,RTD,7/31/2026 6:05:00 PM,CVIS,Ru,23395.78,
7/31/2026 6:05:00 PM,RTD,7/31/2026 6:10:00 PM,CMIN,Dr,339.83,
7/31/2026 6:05:00 PM,RTD,7/31/2026 6:10:00 PM,CVIS,Dr,24789,
7/31/2026 6:05:00 PM,RTD,7/31/2026 6:10:00 PM,CLUZ,Dr,4999,
7/31/2026 6:05:00 PM,RTD,7/31/2026 6:10:00 PM,CVIS,Fr,25000,
7/31/2026 6:05:00 PM,RTD,7/31/2026 6:10:00 PM,CMIN,Fr,400.08,
7/31/2026 6:05:00 PM,RTD,7/31/2026 6:10:00 PM,CLUZ,Fr,3681.49,
7/31/2026 6:05:00 PM,RTD,7/31/2026 6:10:00 PM,CLUZ,Rd,3412.51,
7/31/2026 6:05:00 PM,RTD,7/31/2026 6:10:00 PM,CMIN,Rd,24999.89,
7/31/2026 6:05:00 PM,RTD,7/31/2026 6:10:00 PM,CVIS,Rd,19998,
7/31/2026 6:05:00 PM,RTD,7/31/2026 6:10:00 PM,CVIS,Ru,25000,
7/31/2026 6:05:00 PM,RTD,7/31/2026 6:10:00 PM,CLUZ,Ru,21499,
7/31/2026 6:05:00 PM,RTD,7/31/2026 6:10:00 PM,CMIN,Ru,24999.89,
7/31/2026 6:10:00 PM,RTD,7/31/2026 6:15:00 PM,CVIS,Dr,9973.12,
7/31/2026 6:10:00 PM,RTD,7/31/2026 6:15:00 PM,CMIN,Dr,1342.35,
7/31/2026 6:10:00 PM,RTD,7/31/2026 6:15:00 PM,CLUZ,Dr,4999,
7/31/2026 6:10:00 PM,RTD,7/31/2026 6:15:00 PM,CVIS,Fr,25000,
7/31/2026 6:10:00 PM,RTD,7/31/2026 6:15:00 PM,CMIN,Fr,3262.40,
7/31/2026 6:10:00 PM,RTD,7/31/2026 6:15:00 PM,CLUZ,Fr,3690.15,
7/31/2026 6:10:00 PM,RTD,7/31/2026 6:15:00 PM,CVIS,Rd,19998,
7/31/2026 6:10:00 PM,RTD,7/31/2026 6:15:00 PM,CLUZ,Rd,3412.51,
7/31/2026 6:10:00 PM,RTD,7/31/2026 6:15:00 PM,CMIN,Rd,24999.89,
7/31/2026 6:10:00 PM,RTD,7/31/2026 6:15:00 PM,CVIS,Ru,22401.89,
7/31/2026 6:10:00 PM,RTD,7/31/2026 6:15:00 PM,CLUZ,Ru,21499,
7/31/2026 6:10:00 PM,RTD,7/31/2026 6:15:00 PM,CMIN,Ru,24999.89,
7/31/2026 6:15:00 PM,RTD,7/31/2026 6:20:00 PM,CMIN,Dr,2064.17,
7/31/2026 6:15:00 PM,RTD,7/31/2026 6:20:00 PM,CLUZ,Dr,4999,
7/31/2026 6:15:00 PM,RTD,7/31/2026 6:20:00 PM,CVIS,Dr,1920,
7/31/2026 6:15:00 PM,RTD,7/31/2026 6:20:00 PM,CVIS,Fr,25000,
7/31/2026 6:15:00 PM,RTD,7/31/2026 6:20:00 PM,CMIN,Fr,3262.40,
7/31/2026 6:15:00 PM,RTD,7/31/2026 6:20:00 PM,CLUZ,Fr,6246.81,
7/31/2026 6:15:00 PM,RTD,7/31/2026 6:20:00 PM,CLUZ,Rd,1000,
7/31/2026 6:15:00 PM,RTD,7/31/2026 6:20:00 PM,CVIS,Rd,19998,
7/31/2026 6:15:00 PM,RTD,7/31/2026 6:20:00 PM,CMIN,Rd,24999.89,
7/31/2026 6:15:00 PM,RTD,7/31/2026 6:20:00 PM,CLUZ,Ru,21499,
7/31/2026 6:15:00 PM,RTD,7/31/2026 6:20:00 PM,CVIS,Ru,23139.07,
7/31/2026 6:15:00 PM,RTD,7/31/2026 6:20:00 PM,CMIN,Ru,24999.89,
7/31/2026 6:20:00 PM,RTD,7/31/2026 6:25:00 PM,CVIS,Dr,10642.79,
7/31/2026 6:20:00 PM,RTD,7/31/2026 6:25:00 PM,CMIN,Dr,1272.89,
7/31/2026 6:20:00 PM,RTD,7/31/2026 6:25:00 PM,CLUZ,Dr,4999,
7/31/2026 6:20:00 PM,RTD,7/31/2026 6:25:00 PM,CLUZ,Fr,495,
7/31/2026 6:20:00 PM,RTD,7/31/2026 6:25:00 PM,CVIS,Fr,25000,
7/31/2026 6:20:00 PM,RTD,7/31/2026 6:25:00 PM,CMIN,Fr,3262.40,
7/31/2026 6:20:00 PM,RTD,7/31/2026 6:25:00 PM,CMIN,Rd,24999.89,
7/31/2026 6:20:00 PM,RTD,7/31/2026 6:25:00 PM,CLUZ,Rd,6522.39,
7/31/2026 6:20:00 PM,RTD,7/31/2026 6:25:00 PM,CVIS,Rd,19998,
7/31/2026 6:20:00 PM,RTD,7/31/2026 6:25:00 PM,CVIS,Ru,23145.55,
7/31/2026 6:20:00 PM,RTD,7/31/2026 6:25:00 PM,CMIN,Ru,24999.89,
7/31/2026 6:20:00 PM,RTD,7/31/2026 6:25:00 PM,CLUZ,Ru,21499,
7/31/2026 6:25:00 PM,RTD,7/31/2026 6:30:00 PM,CLUZ,Dr,4999,
7/31/2026 6:25:00 PM,RTD,7/31/2026 6:30:00 PM,CMIN,Dr,1974.21,
7/31/2026 6:25:00 PM,RTD,7/31/2026 6:30:00 PM,CVIS,Dr,12181.13,
7/31/2026 6:25:00 PM,RTD,7/31/2026 6:30:00 PM,CMIN,Fr,85,
7/31/2026 6:25:00 PM,RTD,7/31/2026 6:30:00 PM,CLUZ,Fr,495,
7/31/2026 6:25:00 PM,RTD,7/31/2026 6:30:00 PM,CVIS,Fr,25000,
7/31/2026 6:25:00 PM,RTD,7/31/2026 6:30:00 PM,CLUZ,Rd,6513.30,
7/31/2026 6:25:00 PM,RTD,7/31/2026 6:30:00 PM,CMIN,Rd,24999.89,
7/31/2026 6:25:00 PM,RTD,7/31/2026 6:30:00 PM,CVIS,Rd,19998,
7/31/2026 6:25:00 PM,RTD,7/31/2026 6:30:00 PM,CLUZ,Ru,21499,
7/31/2026 6:25:00 PM,RTD,7/31/2026 6:30:00 PM,CMIN,Ru,24999.89,
7/31/2026 6:25:00 PM,RTD,7/31/2026 6:30:00 PM,CVIS,Ru,24660.42,
7/31/2026 6:30:00 PM,RTD,7/31/2026 6:35:00 PM,CVIS,Dr,10710.63,
7/31/2026 6:30:00 PM,RTD,7/31/2026 6:35:00 PM,CMIN,Dr,2051,
7/31/2026 6:30:00 PM,RTD,7/31/2026 6:35:00 PM,CLUZ,Dr,4999,
7/31/2026 6:30:00 PM,RTD,7/31/2026 6:35:00 PM,CMIN,Fr,673.08,
7/31/2026 6:30:00 PM,RTD,7/31/2026 6:35:00 PM,CVIS,Fr,25000,
7/31/2026 6:30:00 PM,RTD,7/31/2026 6:35:00 PM,CLUZ,Fr,1700,
7/31/2026 6:30:00 PM,RTD,7/31/2026 6:35:00 PM,CVIS,Rd,19998,
7/31/2026 6:30:00 PM,RTD,7/31/2026 6:35:00 PM,CMIN,Rd,24999.89,
7/31/2026 6:30:00 PM,RTD,7/31/2026 6:35:00 PM,CLUZ,Rd,5338.73,
7/31/2026 6:30:00 PM,RTD,7/31/2026 6:35:00 PM,CVIS,Ru,23138.57,
7/31/2026 6:30:00 PM,RTD,7/31/2026 6:35:00 PM,CLUZ,Ru,21499,
7/31/2026 6:30:00 PM,RTD,7/31/2026 6:35:00 PM,CMIN,Ru,24999.89,
7/31/2026 6:35:00 PM,RTD,7/31/2026 6:40:00 PM,CVIS,Dr,10643.44,
7/31/2026 6:35:00 PM,RTD,7/31/2026 6:40:00 PM,CMIN,Dr,1225.52,
7/31/2026 6:35:00 PM,RTD,7/31/2026 6:40:00 PM,CLUZ,Dr,4999,
7/31/2026 6:35:00 PM,RTD,7/31/2026 6:40:00 PM,CMIN,Fr,85,
7/31/2026 6:35:00 PM,RTD,7/31/2026 6:40:00 PM,CVIS,Fr,25000,
7/31/2026 6:35:00 PM,RTD,7/31/2026 6:40:00 PM,CLUZ,Fr,1850,
7/31/2026 6:35:00 PM,RTD,7/31/2026 6:40:00 PM,CVIS,Rd,19998,
7/31/2026 6:35:00 PM,RTD,7/31/2026 6:40:00 PM,CMIN,Rd,24999.89,
7/31/2026 6:35:00 PM,RTD,7/31/2026 6:40:00 PM,CLUZ,Rd,5151.25,
7/31/2026 6:35:00 PM,RTD,7/31/2026 6:40:00 PM,CVIS,Ru,23053.85,
7/31/2026 6:35:00 PM,RTD,7/31/2026 6:40:00 PM,CLUZ,Ru,21499,
7/31/2026 6:35:00 PM,RTD,7/31/2026 6:40:00 PM,CMIN,Ru,24999.89,
7/31/2026 6:40:00 PM,RTD,7/31/2026 6:45:00 PM,CVIS,Dr,9723.04,
7/31/2026 6:40:00 PM,RTD,7/31/2026 6:45:00 PM,CMIN,Dr,1040.32,
7/31/2026 6:40:00 PM,RTD,7/31/2026 6:45:00 PM,CLUZ,Dr,4999,
7/31/2026 6:40:00 PM,RTD,7/31/2026 6:45:00 PM,CMIN,Fr,85,
7/31/2026 6:40:00 PM,RTD,7/31/2026 6:45:00 PM,CVIS,Fr,25000,
7/31/2026 6:40:00 PM,RTD,7/31/2026 6:45:00 PM,CLUZ,Fr,3702.58,
7/31/2026 6:40:00 PM,RTD,7/31/2026 6:45:00 PM,CVIS,Rd,19998,
7/31/2026 6:40:00 PM,RTD,7/31/2026 6:45:00 PM,CMIN,Rd,24999.89,
7/31/2026 6:40:00 PM,RTD,7/31/2026 6:45:00 PM,CLUZ,Rd,3412.49,
7/31/2026 6:40:00 PM,RTD,7/31/2026 6:45:00 PM,CVIS,Ru,22178.77,
7/31/2026 6:40:00 PM,RTD,7/31/2026 6:45:00 PM,CLUZ,Ru,21499,
7/31/2026 6:40:00 PM,RTD,7/31/2026 6:45:00 PM,CMIN,Ru,24999.89,
7/31/2026 6:45:00 PM,RTD,7/31/2026 6:50:00 PM,CVIS,Dr,4789.18,
7/31/2026 6:45:00 PM,RTD,7/31/2026 6:50:00 PM,CMIN,Dr,0,
7/31/2026 6:45:00 PM,RTD,7/31/2026 6:50:00 PM,CLUZ,Dr,4999,
7/31/2026 6:45:00 PM,RTD,7/31/2026 6:50:00 PM,CMIN,Fr,85,
7/31/2026 6:45:00 PM,RTD,7/31/2026 6:50:00 PM,CVIS,Fr,21000,
7/31/2026 6:45:00 PM,RTD,7/31/2026 6:50:00 PM,CLUZ,Fr,6797.84,
7/31/2026 6:45:00 PM,RTD,7/31/2026 6:50:00 PM,CVIS,Rd,19998,
7/31/2026 6:45:00 PM,RTD,7/31/2026 6:50:00 PM,CMIN,Rd,24999.89,
7/31/2026 6:45:00 PM,RTD,7/31/2026 6:50:00 PM,CLUZ,Rd,1000,
7/31/2026 6:45:00 PM,RTD,7/31/2026 6:50:00 PM,CVIS,Ru,19999,
7/31/2026 6:45:00 PM,RTD,7/31/2026 6:50:00 PM,CLUZ,Ru,21499,
7/31/2026 6:45:00 PM,RTD,7/31/2026 6:50:00 PM,CMIN,Ru,24999.89,
7/31/2026 6:50:00 PM,RTD,7/31/2026 6:55:00 PM,CVIS,Dr,6437.88,
7/31/2026 6:50:00 PM,RTD,7/31/2026 6:55:00 PM,CMIN,Dr,100,
7/31/2026 6:50:00 PM,RTD,7/31/2026 6:55:00 PM,CLUZ,Dr,4999,
7/31/2026 6:50:00 PM,RTD,7/31/2026 6:55:00 PM,CMIN,Fr,85,
7/31/2026 6:50:00 PM,RTD,7/31/2026 6:55:00 PM,CVIS,Fr,22613.79,
7/31/2026 6:50:00 PM,RTD,7/31/2026 6:55:00 PM,CLUZ,Fr,4273.69,
7/31/2026 6:50:00 PM,RTD,7/31/2026 6:55:00 PM,CVIS,Rd,19998,
7/31/2026 6:50:00 PM,RTD,7/31/2026 6:55:00 PM,CMIN,Rd,24999.89,
7/31/2026 6:50:00 PM,RTD,7/31/2026 6:55:00 PM,CLUZ,Rd,22300,
7/31/2026 6:50:00 PM,RTD,7/31/2026 6:55:00 PM,CVIS,Ru,19998,
7/31/2026 6:50:00 PM,RTD,7/31/2026 6:55:00 PM,CLUZ,Ru,21499,
7/31/2026 6:50:00 PM,RTD,7/31/2026 6:55:00 PM,CMIN,Ru,24999.89,
7/31/2026 6:55:00 PM,RTD,7/31/2026 7:00:00 PM,CVIS,Dr,1940,
7/31/2026 6:55:00 PM,RTD,7/31/2026 7:00:00 PM,CMIN,Dr,100,
7/31/2026 6:55:00 PM,RTD,7/31/2026 7:00:00 PM,CLUZ,Dr,4999,
7/31/2026 6:55:00 PM,RTD,7/31/2026 7:00:00 PM,CMIN,Fr,85,
7/31/2026 6:55:00 PM,RTD,7/31/2026 7:00:00 PM,CVIS,Fr,18172.11,
7/31/2026 6:55:00 PM,RTD,7/31/2026 7:00:00 PM,CLUZ,Fr,4272.34,
7/31/2026 6:55:00 PM,RTD,7/31/2026 7:00:00 PM,CVIS,Rd,19998,
7/31/2026 6:55:00 PM,RTD,7/31/2026 7:00:00 PM,CMIN,Rd,24999.89,
7/31/2026 6:55:00 PM,RTD,7/31/2026 7:00:00 PM,CLUZ,Rd,22300,
7/31/2026 6:55:00 PM,RTD,7/31/2026 7:00:00 PM,CVIS,Ru,19998,
7/31/2026 6:55:00 PM,RTD,7/31/2026 7:00:00 PM,CLUZ,Ru,21499,
7/31/2026 6:55:00 PM,RTD,7/31/2026 7:00:00 PM,CMIN,Ru,24999.89,
7/31/2026 7:00:00 PM,RTD,7/31/2026 7:05:00 PM,CVIS,Dr,2010,
7/31/2026 7:00:00 PM,RTD,7/31/2026 7:05:00 PM,CMIN,Dr,0,
7/31/2026 7:00:00 PM,RTD,7/31/2026 7:05:00 PM,CLUZ,Dr,4999,
7/31/2026 7:00:00 PM,RTD,7/31/2026 7:05:00 PM,CMIN,Fr,400.08,
7/31/2026 7:00:00 PM,RTD,7/31/2026 7:05:00 PM,CVIS,Fr,18106.80,
7/31/2026 7:00:00 PM,RTD,7/31/2026 7:05:00 PM,CLUZ,Fr,4292.89,
7/31/2026 7:00:00 PM,RTD,7/31/2026 7:05:00 PM,CVIS,Rd,19998,
7/31/2026 7:00:00 PM,RTD,7/31/2026 7:05:00 PM,CMIN,Rd,24999.89,
7/31/2026 7:00:00 PM,RTD,7/31/2026 7:05:00 PM,CLUZ,Rd,5000,
7/31/2026 7:00:00 PM,RTD,7/31/2026 7:05:00 PM,CVIS,Ru,19998,
7/31/2026 7:00:00 PM,RTD,7/31/2026 7:05:00 PM,CLUZ,Ru,5000,
7/31/2026 7:00:00 PM,RTD,7/31/2026 7:05:00 PM,CMIN,Ru,24999.89,
7/31/2026 7:05:00 PM,RTD,7/31/2026 7:10:00 PM,CVIS,Dr,2010,
7/31/2026 7:05:00 PM,RTD,7/31/2026 7:10:00 PM,CMIN,Dr,0,
7/31/2026 7:05:00 PM,RTD,7/31/2026 7:10:00 PM,CLUZ,Dr,4999,
7/31/2026 7:05:00 PM,RTD,7/31/2026 7:10:00 PM,CMIN,Fr,400.08,
7/31/2026 7:05:00 PM,RTD,7/31/2026 7:10:00 PM,CVIS,Fr,17802.90,
7/31/2026 7:05:00 PM,RTD,7/31/2026 7:10:00 PM,CLUZ,Fr,4287.63,
7/31/2026 7:05:00 PM,RTD,7/31/2026 7:10:00 PM,CVIS,Rd,19998,
7/31/2026 7:05:00 PM,RTD,7/31/2026 7:10:00 PM,CMIN,Rd,24999.89,
7/31/2026 7:05:00 PM,RTD,7/31/2026 7:10:00 PM,CLUZ,Rd,5000,
7/31/2026 7:05:00 PM,RTD,7/31/2026 7:10:00 PM,CVIS,Ru,19998,
7/31/2026 7:05:00 PM,RTD,7/31/2026 7:10:00 PM,CLUZ,Ru,5000,
7/31/2026 7:05:00 PM,RTD,7/31/2026 7:10:00 PM,CMIN,Ru,24999.89,
7/31/2026 7:10:00 PM,RTD,7/31/2026 7:15:00 PM,CVIS,Dr,10771.79,
7/31/2026 7:10:00 PM,RTD,7/31/2026 7:15:00 PM,CMIN,Dr,315.36,
7/31/2026 7:10:00 PM,RTD,7/31/2026 7:15:00 PM,CLUZ,Dr,4999,
7/31/2026 7:10:00 PM,RTD,7/31/2026 7:15:00 PM,CMIN,Fr,3039.98,
7/31/2026 7:10:00 PM,RTD,7/31/2026 7:15:00 PM,CVIS,Fr,24800,
7/31/2026 7:10:00 PM,RTD,7/31/2026 7:15:00 PM,CLUZ,Fr,4282.58,
7/31/2026 7:10:00 PM,RTD,7/31/2026 7:15:00 PM,CVIS,Rd,19998,
7/31/2026 7:10:00 PM,RTD,7/31/2026 7:15:00 PM,CMIN,Rd,24999.89,
7/31/2026 7:10:00 PM,RTD,7/31/2026 7:15:00 PM,CLUZ,Rd,5000,
7/31/2026 7:10:00 PM,RTD,7/31/2026 7:15:00 PM,CVIS,Ru,23099.70,
7/31/2026 7:10:00 PM,RTD,7/31/2026 7:15:00 PM,CLUZ,Ru,14999,
7/31/2026 7:10:00 PM,RTD,7/31/2026 7:15:00 PM,CMIN,Ru,24999.89,
7/31/2026 7:15:00 PM,RTD,7/31/2026 7:20:00 PM,CVIS,Dr,8692.52,
7/31/2026 7:15:00 PM,RTD,7/31/2026 7:20:00 PM,CMIN,Dr,25.07,
7/31/2026 7:15:00 PM,RTD,7/31/2026 7:20:00 PM,CLUZ,Dr,4999,
7/31/2026 7:15:00 PM,RTD,7/31/2026 7:20:00 PM,CMIN,Fr,506.62,
7/31/2026 7:15:00 PM,RTD,7/31/2026 7:20:00 PM,CVIS,Fr,24784.56,
7/31/2026 7:15:00 PM,RTD,7/31/2026 7:20:00 PM,CLUZ,Fr,495,
7/31/2026 7:15:00 PM,RTD,7/31/2026 7:20:00 PM,CVIS,Rd,19998,
7/31/2026 7:15:00 PM,RTD,7/31/2026 7:20:00 PM,CMIN,Rd,24999.89,
7/31/2026 7:15:00 PM,RTD,7/31/2026 7:20:00 PM,CLUZ,Rd,14999,
7/31/2026 7:15:00 PM,RTD,7/31/2026 7:20:00 PM,CVIS,Ru,21074.56,
7/31/2026 7:15:00 PM,RTD,7/31/2026 7:20:00 PM,CLUZ,Ru,14999,
7/31/2026 7:15:00 PM,RTD,7/31/2026 7:20:00 PM,CMIN,Ru,24999.89,
7/31/2026 7:20:00 PM,RTD,7/31/2026 7:25:00 PM,CVIS,Dr,24900,
7/31/2026 7:20:00 PM,RTD,7/31/2026 7:25:00 PM,CMIN,Dr,100,
7/31/2026 7:20:00 PM,RTD,7/31/2026 7:25:00 PM,CLUZ,Dr,4999,
7/31/2026 7:20:00 PM,RTD,7/31/2026 7:25:00 PM,CMIN,Fr,400.08,
7/31/2026 7:20:00 PM,RTD,7/31/2026 7:25:00 PM,CVIS,Fr,24652.40,
7/31/2026 7:20:00 PM,RTD,7/31/2026 7:25:00 PM,CLUZ,Fr,495,
7/31/2026 7:20:00 PM,RTD,7/31/2026 7:25:00 PM,CVIS,Rd,19998,
7/31/2026 7:20:00 PM,RTD,7/31/2026 7:25:00 PM,CMIN,Rd,24999.89,
7/31/2026 7:20:00 PM,RTD,7/31/2026 7:25:00 PM,CLUZ,Rd,14999,
7/31/2026 7:20:00 PM,RTD,7/31/2026 7:25:00 PM,CVIS,Ru,20942.40,
7/31/2026 7:20:00 PM,RTD,7/31/2026 7:25:00 PM,CLUZ,Ru,14999,
7/31/2026 7:20:00 PM,RTD,7/31/2026 7:25:00 PM,CMIN,Ru,24999.89,
7/31/2026 7:25:00 PM,RTD,7/31/2026 7:30:00 PM,CVIS,Dr,24800,
7/31/2026 7:25:00 PM,RTD,7/31/2026 7:30:00 PM,CMIN,Dr,100,
7/31/2026 7:25:00 PM,RTD,7/31/2026 7:30:00 PM,CLUZ,Dr,4999,
7/31/2026 7:25:00 PM,RTD,7/31/2026 7:30:00 PM,CMIN,Fr,400.08,
7/31/2026 7:25:00 PM,RTD,7/31/2026 7:30:00 PM,CVIS,Fr,24628.73,
7/31/2026 7:25:00 PM,RTD,7/31/2026 7:30:00 PM,CLUZ,Fr,495,
7/31/2026 7:25:00 PM,RTD,7/31/2026 7:30:00 PM,CVIS,Rd,19998,
7/31/2026 7:25:00 PM,RTD,7/31/2026 7:30:00 PM,CMIN,Rd,24999.89,
7/31/2026 7:25:00 PM,RTD,7/31/2026 7:30:00 PM,CLUZ,Rd,14999,
7/31/2026 7:25:00 PM,RTD,7/31/2026 7:30:00 PM,CVIS,Ru,20918.73,
7/31/2026 7:25:00 PM,RTD,7/31/2026 7:30:00 PM,CLUZ,Ru,14999,
7/31/2026 7:25:00 PM,RTD,7/31/2026 7:30:00 PM,CMIN,Ru,24999.89,
7/31/2026 7:30:00 PM,RTD,7/31/2026 7:35:00 PM,CLUZ,Dr,4999,
7/31/2026 7:30:00 PM,RTD,7/31/2026 7:35:00 PM,CVIS,Dr,10020.53,
7/31/2026 7:30:00 PM,RTD,7/31/2026 7:35:00 PM,CMIN,Dr,488.30,
7/31/2026 7:30:00 PM,RTD,7/31/2026 7:35:00 PM,CVIS,Fr,24376.78,
7/31/2026 7:30:00 PM,RTD,7/31/2026 7:35:00 PM,CLUZ,Fr,495,
7/31/2026 7:30:00 PM,RTD,7/31/2026 7:35:00 PM,CMIN,Fr,552.06,
7/31/2026 7:30:00 PM,RTD,7/31/2026 7:35:00 PM,CLUZ,Rd,14999,
7/31/2026 7:30:00 PM,RTD,7/31/2026 7:35:00 PM,CVIS,Rd,19998,
7/31/2026 7:30:00 PM,RTD,7/31/2026 7:35:00 PM,CMIN,Rd,24999.89,
7/31/2026 7:30:00 PM,RTD,7/31/2026 7:35:00 PM,CLUZ,Ru,14999,
7/31/2026 7:30:00 PM,RTD,7/31/2026 7:35:00 PM,CMIN,Ru,24999.89,
7/31/2026 7:30:00 PM,RTD,7/31/2026 7:35:00 PM,CVIS,Ru,20663.83,
7/31/2026 7:35:00 PM,RTD,7/31/2026 7:40:00 PM,CLUZ,Dr,4999,
7/31/2026 7:35:00 PM,RTD,7/31/2026 7:40:00 PM,CMIN,Dr,0,
7/31/2026 7:35:00 PM,RTD,7/31/2026 7:40:00 PM,CVIS,Dr,7970.59,
7/31/2026 7:35:00 PM,RTD,7/31/2026 7:40:00 PM,CLUZ,Fr,495,
7/31/2026 7:35:00 PM,RTD,7/31/2026 7:40:00 PM,CMIN,Fr,400.08,
7/31/2026 7:35:00 PM,RTD,7/31/2026 7:40:00 PM,CVIS,Fr,24091.49,
7/31/2026 7:35:00 PM,RTD,7/31/2026 7:40:00 PM,CLUZ,Rd,14999,
7/31/2026 7:35:00 PM,RTD,7/31/2026 7:40:00 PM,CMIN,Rd,24999.89,
7/31/2026 7:35:00 PM,RTD,7/31/2026 7:40:00 PM,CVIS,Rd,19998,
7/31/2026 7:35:00 PM,RTD,7/31/2026 7:40:00 PM,CMIN,Ru,24999.89,
7/31/2026 7:35:00 PM,RTD,7/31/2026 7:40:00 PM,CLUZ,Ru,14999,
7/31/2026 7:35:00 PM,RTD,7/31/2026 7:40:00 PM,CVIS,Ru,20378.58,
7/31/2026 7:40:00 PM,RTD,7/31/2026 7:45:00 PM,CLUZ,Dr,4999,
7/31/2026 7:40:00 PM,RTD,7/31/2026 7:45:00 PM,CMIN,Dr,0,
7/31/2026 7:40:00 PM,RTD,7/31/2026 7:45:00 PM,CVIS,Dr,7506.08,
7/31/2026 7:40:00 PM,RTD,7/31/2026 7:45:00 PM,CVIS,Fr,23686.01,
7/31/2026 7:40:00 PM,RTD,7/31/2026 7:45:00 PM,CLUZ,Fr,495,
7/31/2026 7:40:00 PM,RTD,7/31/2026 7:45:00 PM,CMIN,Fr,400.08,
7/31/2026 7:40:00 PM,RTD,7/31/2026 7:45:00 PM,CLUZ,Rd,14999,
7/31/2026 7:40:00 PM,RTD,7/31/2026 7:45:00 PM,CVIS,Rd,19998,
7/31/2026 7:40:00 PM,RTD,7/31/2026 7:45:00 PM,CMIN,Rd,24999.89,
7/31/2026 7:40:00 PM,RTD,7/31/2026 7:45:00 PM,CMIN,Ru,24999.89,
7/31/2026 7:40:00 PM,RTD,7/31/2026 7:45:00 PM,CVIS,Ru,19999,
7/31/2026 7:40:00 PM,RTD,7/31/2026 7:45:00 PM,CLUZ,Ru,14999,
7/31/2026 7:45:00 PM,RTD,7/31/2026 7:50:00 PM,CVIS,Dr,7283,
7/31/2026 7:45:00 PM,RTD,7/31/2026 7:50:00 PM,CMIN,Dr,0,
7/31/2026 7:45:00 PM,RTD,7/31/2026 7:50:00 PM,CLUZ,Dr,1995.08,
7/31/2026 7:45:00 PM,RTD,7/31/2026 7:50:00 PM,CLUZ,Fr,1700,
7/31/2026 7:45:00 PM,RTD,7/31/2026 7:50:00 PM,CVIS,Fr,23461.96,
7/31/2026 7:45:00 PM,RTD,7/31/2026 7:50:00 PM,CMIN,Fr,400.08,
7/31/2026 7:45:00 PM,RTD,7/31/2026 7:50:00 PM,CMIN,Rd,24999.89,
7/31/2026 7:45:00 PM,RTD,7/31/2026 7:50:00 PM,CLUZ,Rd,14999,
7/31/2026 7:45:00 PM,RTD,7/31/2026 7:50:00 PM,CVIS,Rd,19998,
7/31/2026 7:45:00 PM,RTD,7/31/2026 7:50:00 PM,CMIN,Ru,24999.89,
7/31/2026 7:45:00 PM,RTD,7/31/2026 7:50:00 PM,CLUZ,Ru,14999,
7/31/2026 7:45:00 PM,RTD,7/31/2026 7:50:00 PM,CVIS,Ru,19999,
7/31/2026 7:50:00 PM,RTD,7/31/2026 7:55:00 PM,CLUZ,Dr,1995.08,
7/31/2026 7:50:00 PM,RTD,7/31/2026 7:55:00 PM,CMIN,Dr,0,
7/31/2026 7:50:00 PM,RTD,7/31/2026 7:55:00 PM,CVIS,Dr,4723.04,
7/31/2026 7:50:00 PM,RTD,7/31/2026 7:55:00 PM,CLUZ,Fr,747.25,
7/31/2026 7:50:00 PM,RTD,7/31/2026 7:55:00 PM,CMIN,Fr,400.08,
7/31/2026 7:50:00 PM,RTD,7/31/2026 7:55:00 PM,CVIS,Fr,21000,
7/31/2026 7:50:00 PM,RTD,7/31/2026 7:55:00 PM,CLUZ,Rd,14999,
7/31/2026 7:50:00 PM,RTD,7/31/2026 7:55:00 PM,CVIS,Rd,19998,
7/31/2026 7:50:00 PM,RTD,7/31/2026 7:55:00 PM,CMIN,Rd,24999.89,
7/31/2026 7:50:00 PM,RTD,7/31/2026 7:55:00 PM,CMIN,Ru,24999.89,
7/31/2026 7:50:00 PM,RTD,7/31/2026 7:55:00 PM,CVIS,Ru,19998,
7/31/2026 7:50:00 PM,RTD,7/31/2026 7:55:00 PM,CLUZ,Ru,14999,
7/31/2026 7:55:00 PM,RTD,7/31/2026 8:00:00 PM,CMIN,Dr,0,
7/31/2026 7:55:00 PM,RTD,7/31/2026 8:00:00 PM,CLUZ,Dr,1995.08,
7/31/2026 7:55:00 PM,RTD,7/31/2026 8:00:00 PM,CVIS,Dr,4712.49,
7/31/2026 7:55:00 PM,RTD,7/31/2026 8:00:00 PM,CMIN,Fr,400.08,
7/31/2026 7:55:00 PM,RTD,7/31/2026 8:00:00 PM,CLUZ,Fr,776.99,
7/31/2026 7:55:00 PM,RTD,7/31/2026 8:00:00 PM,CVIS,Fr,21000,
7/31/2026 7:55:00 PM,RTD,7/31/2026 8:00:00 PM,CLUZ,Rd,14999,
7/31/2026 7:55:00 PM,RTD,7/31/2026 8:00:00 PM,CVIS,Rd,19998,
7/31/2026 7:55:00 PM,RTD,7/31/2026 8:00:00 PM,CMIN,Rd,24999.89,
7/31/2026 7:55:00 PM,RTD,7/31/2026 8:00:00 PM,CLUZ,Ru,14999,
7/31/2026 7:55:00 PM,RTD,7/31/2026 8:00:00 PM,CMIN,Ru,24999.89,
7/31/2026 7:55:00 PM,RTD,7/31/2026 8:00:00 PM,CVIS,Ru,19998,
7/31/2026 8:00:00 PM,RTD,7/31/2026 8:05:00 PM,CMIN,Dr,0,
7/31/2026 8:00:00 PM,RTD,7/31/2026 8:05:00 PM,CLUZ,Dr,1995.08,
7/31/2026 8:00:00 PM,RTD,7/31/2026 8:05:00 PM,CVIS,Dr,4868.92,
7/31/2026 8:00:00 PM,RTD,7/31/2026 8:05:00 PM,CMIN,Fr,85,
7/31/2026 8:00:00 PM,RTD,7/31/2026 8:05:00 PM,CLUZ,Fr,490,
7/31/2026 8:00:00 PM,RTD,7/31/2026 8:05:00 PM,CVIS,Fr,21000,
7/31/2026 8:00:00 PM,RTD,7/31/2026 8:05:00 PM,CVIS,Rd,19998,
7/31/2026 8:00:00 PM,RTD,7/31/2026 8:05:00 PM,CLUZ,Rd,4620.59,
7/31/2026 8:00:00 PM,RTD,7/31/2026 8:05:00 PM,CMIN,Rd,24999.89,
7/31/2026 8:00:00 PM,RTD,7/31/2026 8:05:00 PM,CMIN,Ru,2900.08,
7/31/2026 8:00:00 PM,RTD,7/31/2026 8:05:00 PM,CLUZ,Ru,550,
7/31/2026 8:00:00 PM,RTD,7/31/2026 8:05:00 PM,CVIS,Ru,19998,
7/31/2026 8:05:00 PM,RTD,7/31/2026 8:10:00 PM,CVIS,Dr,5000,
7/31/2026 8:05:00 PM,RTD,7/31/2026 8:10:00 PM,CMIN,Dr,0,
7/31/2026 8:05:00 PM,RTD,7/31/2026 8:10:00 PM,CLUZ,Dr,1995.08,
7/31/2026 8:05:00 PM,RTD,7/31/2026 8:10:00 PM,CMIN,Fr,85,
7/31/2026 8:05:00 PM,RTD,7/31/2026 8:10:00 PM,CVIS,Fr,21123.25,
7/31/2026 8:05:00 PM,RTD,7/31/2026 8:10:00 PM,CLUZ,Fr,490,
7/31/2026 8:05:00 PM,RTD,7/31/2026 8:10:00 PM,CVIS,Rd,19998,
7/31/2026 8:05:00 PM,RTD,7/31/2026 8:10:00 PM,CLUZ,Rd,1000,
7/31/2026 8:05:00 PM,RTD,7/31/2026 8:10:00 PM,CMIN,Rd,24999.89,
7/31/2026 8:05:00 PM,RTD,7/31/2026 8:10:00 PM,CVIS,Ru,19998,
7/31/2026 8:05:00 PM,RTD,7/31/2026 8:10:00 PM,CLUZ,Ru,550,
7/31/2026 8:05:00 PM,RTD,7/31/2026 8:10:00 PM,CMIN,Ru,24999.79,
7/31/2026 8:10:00 PM,RTD,7/31/2026 8:15:00 PM,CMIN,Dr,0,
7/31/2026 8:10:00 PM,RTD,7/31/2026 8:15:00 PM,CVIS,Dr,4094.90,
7/31/2026 8:10:00 PM,RTD,7/31/2026 8:15:00 PM,CLUZ,Dr,1995.08,
7/31/2026 8:10:00 PM,RTD,7/31/2026 8:15:00 PM,CMIN,Fr,400.08,
7/31/2026 8:10:00 PM,RTD,7/31/2026 8:15:00 PM,CLUZ,Fr,490,
7/31/2026 8:10:00 PM,RTD,7/31/2026 8:15:00 PM,CVIS,Fr,20233.79,
7/31/2026 8:10:00 PM,RTD,7/31/2026 8:15:00 PM,CVIS,Rd,19998,
7/31/2026 8:10:00 PM,RTD,7/31/2026 8:15:00 PM,CLUZ,Rd,1000,
7/31/2026 8:10:00 PM,RTD,7/31/2026 8:15:00 PM,CMIN,Rd,24999.89,
7/31/2026 8:10:00 PM,RTD,7/31/2026 8:15:00 PM,CMIN,Ru,24999.79,
7/31/2026 8:10:00 PM,RTD,7/31/2026 8:15:00 PM,CLUZ,Ru,550,
7/31/2026 8:10:00 PM,RTD,7/31/2026 8:15:00 PM,CVIS,Ru,19998,
7/31/2026 8:15:00 PM,RTD,7/31/2026 8:20:00 PM,CLUZ,Dr,1995.08,
7/31/2026 8:15:00 PM,RTD,7/31/2026 8:20:00 PM,CMIN,Dr,0,
7/31/2026 8:15:00 PM,RTD,7/31/2026 8:20:00 PM,CVIS,Dr,2010,
7/31/2026 8:15:00 PM,RTD,7/31/2026 8:20:00 PM,CMIN,Fr,400.08,
7/31/2026 8:15:00 PM,RTD,7/31/2026 8:20:00 PM,CLUZ,Fr,490,
7/31/2026 8:15:00 PM,RTD,7/31/2026 8:20:00 PM,CVIS,Fr,20000,
7/31/2026 8:15:00 PM,RTD,7/31/2026 8:20:00 PM,CLUZ,Rd,1000,
7/31/2026 8:15:00 PM,RTD,7/31/2026 8:20:00 PM,CMIN,Rd,24999.89,
7/31/2026 8:15:00 PM,RTD,7/31/2026 8:20:00 PM,CVIS,Rd,19998,
7/31/2026 8:15:00 PM,RTD,7/31/2026 8:20:00 PM,CLUZ,Ru,550,
7/31/2026 8:15:00 PM,RTD,7/31/2026 8:20:00 PM,CMIN,Ru,24999.79,
7/31/2026 8:15:00 PM,RTD,7/31/2026 8:20:00 PM,CVIS,Ru,19998,
7/31/2026 8:20:00 PM,RTD,7/31/2026 8:25:00 PM,CVIS,Dr,2010,
7/31/2026 8:20:00 PM,RTD,7/31/2026 8:25:00 PM,CMIN,Dr,0,
7/31/2026 8:20:00 PM,RTD,7/31/2026 8:25:00 PM,CLUZ,Dr,1100,
7/31/2026 8:20:00 PM,RTD,7/31/2026 8:25:00 PM,CMIN,Fr,84.08,
7/31/2026 8:20:00 PM,RTD,7/31/2026 8:25:00 PM,CVIS,Fr,20000,
7/31/2026 8:20:00 PM,RTD,7/31/2026 8:25:00 PM,CLUZ,Fr,1750,
7/31/2026 8:20:00 PM,RTD,7/31/2026 8:25:00 PM,CVIS,Rd,19998,
7/31/2026 8:20:00 PM,RTD,7/31/2026 8:25:00 PM,CMIN,Rd,24999.89,
7/31/2026 8:20:00 PM,RTD,7/31/2026 8:25:00 PM,CLUZ,Rd,1000,
7/31/2026 8:20:00 PM,RTD,7/31/2026 8:25:00 PM,CVIS,Ru,19998,
7/31/2026 8:20:00 PM,RTD,7/31/2026 8:25:00 PM,CLUZ,Ru,550,
7/31/2026 8:20:00 PM,RTD,7/31/2026 8:25:00 PM,CMIN,Ru,24999.79,
7/31/2026 8:25:00 PM,RTD,7/31/2026 8:30:00 PM,CVIS,Dr,2010,
7/31/2026 8:25:00 PM,RTD,7/31/2026 8:30:00 PM,CMIN,Dr,0,
7/31/2026 8:25:00 PM,RTD,7/31/2026 8:30:00 PM,CLUZ,Dr,1100,
7/31/2026 8:25:00 PM,RTD,7/31/2026 8:30:00 PM,CMIN,Fr,84.08,
7/31/2026 8:25:00 PM,RTD,7/31/2026 8:30:00 PM,CVIS,Fr,18020.01,
7/31/2026 8:25:00 PM,RTD,7/31/2026 8:30:00 PM,CLUZ,Fr,1700,
7/31/2026 8:25:00 PM,RTD,7/31/2026 8:30:00 PM,CVIS,Rd,19998,
7/31/2026 8:25:00 PM,RTD,7/31/2026 8:30:00 PM,CMIN,Rd,24999.89,
7/31/2026 8:25:00 PM,RTD,7/31/2026 8:30:00 PM,CLUZ,Rd,1000,
7/31/2026 8:25:00 PM,RTD,7/31/2026 8:30:00 PM,CVIS,Ru,19998,
7/31/2026 8:25:00 PM,RTD,7/31/2026 8:30:00 PM,CLUZ,Ru,550,
7/31/2026 8:25:00 PM,RTD,7/31/2026 8:30:00 PM,CMIN,Ru,24999.79,
7/31/2026 8:30:00 PM,RTD,7/31/2026 8:35:00 PM,CVIS,Dr,2010,
7/31/2026 8:30:00 PM,RTD,7/31/2026 8:35:00 PM,CMIN,Dr,0,
7/31/2026 8:30:00 PM,RTD,7/31/2026 8:35:00 PM,CLUZ,Dr,1100,
7/31/2026 8:30:00 PM,RTD,7/31/2026 8:35:00 PM,CMIN,Fr,84.08,
7/31/2026 8:30:00 PM,RTD,7/31/2026 8:35:00 PM,CVIS,Fr,17853.43,
7/31/2026 8:30:00 PM,RTD,7/31/2026 8:35:00 PM,CLUZ,Fr,732.65,
7/31/2026 8:30:00 PM,RTD,7/31/2026 8:35:00 PM,CVIS,Rd,19998,
7/31/2026 8:30:00 PM,RTD,7/31/2026 8:35:00 PM,CMIN,Rd,24999.89,
7/31/2026 8:30:00 PM,RTD,7/31/2026 8:35:00 PM,CLUZ,Rd,1000,
7/31/2026 8:30:00 PM,RTD,7/31/2026 8:35:00 PM,CVIS,Ru,19998,
7/31/2026 8:30:00 PM,RTD,7/31/2026 8:35:00 PM,CLUZ,Ru,550,
7/31/2026 8:30:00 PM,RTD,7/31/2026 8:35:00 PM,CMIN,Ru,24999.79,
7/31/2026 8:35:00 PM,RTD,7/31/2026 8:40:00 PM,CVIS,Dr,2010,
7/31/2026 8:35:00 PM,RTD,7/31/2026 8:40:00 PM,CMIN,Dr,0,
7/31/2026 8:35:00 PM,RTD,7/31/2026 8:40:00 PM,CLUZ,Dr,1100,
7/31/2026 8:35:00 PM,RTD,7/31/2026 8:40:00 PM,CMIN,Fr,400.08,
7/31/2026 8:35:00 PM,RTD,7/31/2026 8:40:00 PM,CVIS,Fr,17823.93,
7/31/2026 8:35:00 PM,RTD,7/31/2026 8:40:00 PM,CLUZ,Fr,721.86,
7/31/2026 8:35:00 PM,RTD,7/31/2026 8:40:00 PM,CVIS,Rd,19998,
7/31/2026 8:35:00 PM,RTD,7/31/2026 8:40:00 PM,CMIN,Rd,24999.89,
7/31/2026 8:35:00 PM,RTD,7/31/2026 8:40:00 PM,CLUZ,Rd,1000,
7/31/2026 8:35:00 PM,RTD,7/31/2026 8:40:00 PM,CVIS,Ru,19998,
7/31/2026 8:35:00 PM,RTD,7/31/2026 8:40:00 PM,CLUZ,Ru,550,
7/31/2026 8:35:00 PM,RTD,7/31/2026 8:40:00 PM,CMIN,Ru,24999.79,
7/31/2026 8:40:00 PM,RTD,7/31/2026 8:45:00 PM,CLUZ,Dr,1600,
7/31/2026 8:40:00 PM,RTD,7/31/2026 8:45:00 PM,CVIS,Dr,5000,
7/31/2026 8:40:00 PM,RTD,7/31/2026 8:45:00 PM,CMIN,Dr,0,
7/31/2026 8:40:00 PM,RTD,7/31/2026 8:45:00 PM,CVIS,Fr,17741.58,
7/31/2026 8:40:00 PM,RTD,7/31/2026 8:45:00 PM,CLUZ,Fr,716.86,
7/31/2026 8:40:00 PM,RTD,7/31/2026 8:45:00 PM,CMIN,Fr,400.08,
7/31/2026 8:40:00 PM,RTD,7/31/2026 8:45:00 PM,CLUZ,Rd,1000,
7/31/2026 8:40:00 PM,RTD,7/31/2026 8:45:00 PM,CVIS,Rd,19998,
7/31/2026 8:40:00 PM,RTD,7/31/2026 8:45:00 PM,CMIN,Rd,24999.89,
7/31/2026 8:40:00 PM,RTD,7/31/2026 8:45:00 PM,CLUZ,Ru,550,
7/31/2026 8:40:00 PM,RTD,7/31/2026 8:45:00 PM,CMIN,Ru,24999.79,
7/31/2026 8:40:00 PM,RTD,7/31/2026 8:45:00 PM,CVIS,Ru,19998,
7/31/2026 8:45:00 PM,RTD,7/31/2026 8:50:00 PM,CVIS,Dr,5000,
7/31/2026 8:45:00 PM,RTD,7/31/2026 8:50:00 PM,CMIN,Dr,0,
7/31/2026 8:45:00 PM,RTD,7/31/2026 8:50:00 PM,CLUZ,Dr,1600,
7/31/2026 8:45:00 PM,RTD,7/31/2026 8:50:00 PM,CMIN,Fr,400.08,
7/31/2026 8:45:00 PM,RTD,7/31/2026 8:50:00 PM,CVIS,Fr,17738.30,
7/31/2026 8:45:00 PM,RTD,7/31/2026 8:50:00 PM,CLUZ,Fr,715.46,
7/31/2026 8:45:00 PM,RTD,7/31/2026 8:50:00 PM,CVIS,Rd,19998,
7/31/2026 8:45:00 PM,RTD,7/31/2026 8:50:00 PM,CMIN,Rd,24999.89,
7/31/2026 8:45:00 PM,RTD,7/31/2026 8:50:00 PM,CLUZ,Rd,4633.54,
7/31/2026 8:45:00 PM,RTD,7/31/2026 8:50:00 PM,CVIS,Ru,19998,
7/31/2026 8:45:00 PM,RTD,7/31/2026 8:50:00 PM,CLUZ,Ru,1000,
7/31/2026 8:45:00 PM,RTD,7/31/2026 8:50:00 PM,CMIN,Ru,24999.79,
7/31/2026 8:50:00 PM,RTD,7/31/2026 8:55:00 PM,CVIS,Dr,5000,
7/31/2026 8:50:00 PM,RTD,7/31/2026 8:55:00 PM,CMIN,Dr,0,
7/31/2026 8:50:00 PM,RTD,7/31/2026 8:55:00 PM,CLUZ,Dr,1600,
7/31/2026 8:50:00 PM,RTD,7/31/2026 8:55:00 PM,CMIN,Fr,400.08,
7/31/2026 8:50:00 PM,RTD,7/31/2026 8:55:00 PM,CVIS,Fr,17392.30,
7/31/2026 8:50:00 PM,RTD,7/31/2026 8:55:00 PM,CLUZ,Fr,711.16,
7/31/2026 8:50:00 PM,RTD,7/31/2026 8:55:00 PM,CVIS,Rd,19998,
7/31/2026 8:50:00 PM,RTD,7/31/2026 8:55:00 PM,CMIN,Rd,24999.89,
7/31/2026 8:50:00 PM,RTD,7/31/2026 8:55:00 PM,CLUZ,Rd,4637.15,
7/31/2026 8:50:00 PM,RTD,7/31/2026 8:55:00 PM,CVIS,Ru,19998,
7/31/2026 8:50:00 PM,RTD,7/31/2026 8:55:00 PM,CLUZ,Ru,1000,
7/31/2026 8:50:00 PM,RTD,7/31/2026 8:55:00 PM,CMIN,Ru,24999.79,
7/31/2026 8:55:00 PM,RTD,7/31/2026 9:00:00 PM,CVIS,Dr,5000,
7/31/2026 8:55:00 PM,RTD,7/31/2026 9:00:00 PM,CMIN,Dr,0,
7/31/2026 8:55:00 PM,RTD,7/31/2026 9:00:00 PM,CLUZ,Dr,1600,
7/31/2026 8:55:00 PM,RTD,7/31/2026 9:00:00 PM,CMIN,Fr,400.08,
7/31/2026 8:55:00 PM,RTD,7/31/2026 9:00:00 PM,CVIS,Fr,16000,
7/31/2026 8:55:00 PM,RTD,7/31/2026 9:00:00 PM,CLUZ,Fr,703.29,
7/31/2026 8:55:00 PM,RTD,7/31/2026 9:00:00 PM,CVIS,Rd,19998,
7/31/2026 8:55:00 PM,RTD,7/31/2026 9:00:00 PM,CMIN,Rd,24999.89,
7/31/2026 8:55:00 PM,RTD,7/31/2026 9:00:00 PM,CLUZ,Rd,4645.02,
7/31/2026 8:55:00 PM,RTD,7/31/2026 9:00:00 PM,CVIS,Ru,19998,
7/31/2026 8:55:00 PM,RTD,7/31/2026 9:00:00 PM,CLUZ,Ru,1000,
7/31/2026 8:55:00 PM,RTD,7/31/2026 9:00:00 PM,CMIN,Ru,24999.79,
7/31/2026 9:00:00 PM,RTD,7/31/2026 9:05:00 PM,CVIS,Dr,5000,
7/31/2026 9:00:00 PM,RTD,7/31/2026 9:05:00 PM,CMIN,Dr,0,
7/31/2026 9:00:00 PM,RTD,7/31/2026 9:05:00 PM,CLUZ,Dr,800,
7/31/2026 9:00:00 PM,RTD,7/31/2026 9:05:00 PM,CMIN,Fr,5000,
7/31/2026 9:00:00 PM,RTD,7/31/2026 9:05:00 PM,CVIS,Fr,17000,
7/31/2026 9:00:00 PM,RTD,7/31/2026 9:05:00 PM,CLUZ,Fr,25000,
7/31/2026 9:00:00 PM,RTD,7/31/2026 9:05:00 PM,CVIS,Rd,19998,
7/31/2026 9:00:00 PM,RTD,7/31/2026 9:05:00 PM,CMIN,Rd,24999.83,
7/31/2026 9:00:00 PM,RTD,7/31/2026 9:05:00 PM,CLUZ,Rd,8537.92,
7/31/2026 9:00:00 PM,RTD,7/31/2026 9:05:00 PM,CVIS,Ru,19998,
7/31/2026 9:00:00 PM,RTD,7/31/2026 9:05:00 PM,CLUZ,Ru,1000,
7/31/2026 9:00:00 PM,RTD,7/31/2026 9:05:00 PM,CMIN,Ru,2900.08,
7/31/2026 9:05:00 PM,RTD,7/31/2026 9:10:00 PM,CVIS,Dr,5000,
7/31/2026 9:05:00 PM,RTD,7/31/2026 9:10:00 PM,CMIN,Dr,0,
7/31/2026 9:05:00 PM,RTD,7/31/2026 9:10:00 PM,CLUZ,Dr,800,
7/31/2026 9:05:00 PM,RTD,7/31/2026 9:10:00 PM,CMIN,Fr,5000,
7/31/2026 9:05:00 PM,RTD,7/31/2026 9:10:00 PM,CVIS,Fr,16000,
7/31/2026 9:05:00 PM,RTD,7/31/2026 9:10:00 PM,CLUZ,Fr,3045.04,
7/31/2026 9:05:00 PM,RTD,7/31/2026 9:10:00 PM,CVIS,Rd,19998,
7/31/2026 9:05:00 PM,RTD,7/31/2026 9:10:00 PM,CMIN,Rd,24999.83,
7/31/2026 9:05:00 PM,RTD,7/31/2026 9:10:00 PM,CLUZ,Rd,8898.38,
7/31/2026 9:05:00 PM,RTD,7/31/2026 9:10:00 PM,CVIS,Ru,19998,
7/31/2026 9:05:00 PM,RTD,7/31/2026 9:10:00 PM,CLUZ,Ru,1000,
7/31/2026 9:05:00 PM,RTD,7/31/2026 9:10:00 PM,CMIN,Ru,24999.83,
7/31/2026 9:10:00 PM,RTD,7/31/2026 9:15:00 PM,CVIS,Dr,5000,
7/31/2026 9:10:00 PM,RTD,7/31/2026 9:15:00 PM,CMIN,Dr,0,
7/31/2026 9:10:00 PM,RTD,7/31/2026 9:15:00 PM,CLUZ,Dr,800,
7/31/2026 9:10:00 PM,RTD,7/31/2026 9:15:00 PM,CMIN,Fr,85,
7/31/2026 9:10:00 PM,RTD,7/31/2026 9:15:00 PM,CVIS,Fr,16067.81,
7/31/2026 9:10:00 PM,RTD,7/31/2026 9:15:00 PM,CLUZ,Fr,2050,
7/31/2026 9:10:00 PM,RTD,7/31/2026 9:15:00 PM,CVIS,Rd,19998,
7/31/2026 9:10:00 PM,RTD,7/31/2026 9:15:00 PM,CMIN,Rd,24999.83,
7/31/2026 9:10:00 PM,RTD,7/31/2026 9:15:00 PM,CLUZ,Rd,9894.55,
7/31/2026 9:10:00 PM,RTD,7/31/2026 9:15:00 PM,CVIS,Ru,19998,
7/31/2026 9:10:00 PM,RTD,7/31/2026 9:15:00 PM,CLUZ,Ru,1000,
7/31/2026 9:10:00 PM,RTD,7/31/2026 9:15:00 PM,CMIN,Ru,24999.83,
7/31/2026 9:15:00 PM,RTD,7/31/2026 9:20:00 PM,CVIS,Dr,5000,
7/31/2026 9:15:00 PM,RTD,7/31/2026 9:20:00 PM,CMIN,Dr,0,
7/31/2026 9:15:00 PM,RTD,7/31/2026 9:20:00 PM,CLUZ,Dr,800,
7/31/2026 9:15:00 PM,RTD,7/31/2026 9:20:00 PM,CMIN,Fr,85,
7/31/2026 9:15:00 PM,RTD,7/31/2026 9:20:00 PM,CVIS,Fr,16240.61,
7/31/2026 9:15:00 PM,RTD,7/31/2026 9:20:00 PM,CLUZ,Fr,2201.80,
7/31/2026 9:15:00 PM,RTD,7/31/2026 9:20:00 PM,CVIS,Rd,19998,
7/31/2026 9:15:00 PM,RTD,7/31/2026 9:20:00 PM,CMIN,Rd,24999.83,
7/31/2026 9:15:00 PM,RTD,7/31/2026 9:20:00 PM,CLUZ,Rd,9011.54,
7/31/2026 9:15:00 PM,RTD,7/31/2026 9:20:00 PM,CVIS,Ru,19998,
7/31/2026 9:15:00 PM,RTD,7/31/2026 9:20:00 PM,CLUZ,Ru,1000,
7/31/2026 9:15:00 PM,RTD,7/31/2026 9:20:00 PM,CMIN,Ru,24999.83,
7/31/2026 9:20:00 PM,RTD,7/31/2026 9:25:00 PM,CVIS,Dr,5000,
7/31/2026 9:20:00 PM,RTD,7/31/2026 9:25:00 PM,CMIN,Dr,0,
7/31/2026 9:20:00 PM,RTD,7/31/2026 9:25:00 PM,CLUZ,Dr,900,
7/31/2026 9:20:00 PM,RTD,7/31/2026 9:25:00 PM,CMIN,Fr,85,
7/31/2026 9:20:00 PM,RTD,7/31/2026 9:25:00 PM,CVIS,Fr,16369.28,
7/31/2026 9:20:00 PM,RTD,7/31/2026 9:25:00 PM,CLUZ,Fr,2050,
7/31/2026 9:20:00 PM,RTD,7/31/2026 9:25:00 PM,CVIS,Rd,19998,
7/31/2026 9:20:00 PM,RTD,7/31/2026 9:25:00 PM,CMIN,Rd,24999.83,
7/31/2026 9:20:00 PM,RTD,7/31/2026 9:25:00 PM,CLUZ,Rd,9021.27,
7/31/2026 9:20:00 PM,RTD,7/31/2026 9:25:00 PM,CVIS,Ru,19998,
7/31/2026 9:20:00 PM,RTD,7/31/2026 9:25:00 PM,CLUZ,Ru,1000,
7/31/2026 9:20:00 PM,RTD,7/31/2026 9:25:00 PM,CMIN,Ru,24999.83,
7/31/2026 9:25:00 PM,RTD,7/31/2026 9:30:00 PM,CVIS,Dr,5000,
7/31/2026 9:25:00 PM,RTD,7/31/2026 9:30:00 PM,CMIN,Dr,0,
7/31/2026 9:25:00 PM,RTD,7/31/2026 9:30:00 PM,CLUZ,Dr,900,
7/31/2026 9:25:00 PM,RTD,7/31/2026 9:30:00 PM,CMIN,Fr,85,
7/31/2026 9:25:00 PM,RTD,7/31/2026 9:30:00 PM,CVIS,Fr,16000,
7/31/2026 9:25:00 PM,RTD,7/31/2026 9:30:00 PM,CLUZ,Fr,2050,
7/31/2026 9:25:00 PM,RTD,7/31/2026 9:30:00 PM,CVIS,Rd,19998,
7/31/2026 9:25:00 PM,RTD,7/31/2026 9:30:00 PM,CMIN,Rd,24999.83,
7/31/2026 9:25:00 PM,RTD,7/31/2026 9:30:00 PM,CLUZ,Rd,9020.64,
7/31/2026 9:25:00 PM,RTD,7/31/2026 9:30:00 PM,CVIS,Ru,19998,
7/31/2026 9:25:00 PM,RTD,7/31/2026 9:30:00 PM,CLUZ,Ru,14999,
7/31/2026 9:25:00 PM,RTD,7/31/2026 9:30:00 PM,CMIN,Ru,24999.83,
7/31/2026 9:30:00 PM,RTD,7/31/2026 9:35:00 PM,CMIN,Dr,0,
7/31/2026 9:30:00 PM,RTD,7/31/2026 9:35:00 PM,CVIS,Dr,11945.78,
7/31/2026 9:30:00 PM,RTD,7/31/2026 9:35:00 PM,CLUZ,Dr,900,
7/31/2026 9:30:00 PM,RTD,7/31/2026 9:35:00 PM,CLUZ,Fr,2050,
7/31/2026 9:30:00 PM,RTD,7/31/2026 9:35:00 PM,CMIN,Fr,499,
7/31/2026 9:30:00 PM,RTD,7/31/2026 9:35:00 PM,CVIS,Fr,16000,
7/31/2026 9:30:00 PM,RTD,7/31/2026 9:35:00 PM,CVIS,Rd,19998,
7/31/2026 9:30:00 PM,RTD,7/31/2026 9:35:00 PM,CLUZ,Rd,9025.81,
7/31/2026 9:30:00 PM,RTD,7/31/2026 9:35:00 PM,CMIN,Rd,24999.83,
7/31/2026 9:30:00 PM,RTD,7/31/2026 9:35:00 PM,CVIS,Ru,19998,
7/31/2026 9:30:00 PM,RTD,7/31/2026 9:35:00 PM,CLUZ,Ru,21499,
7/31/2026 9:30:00 PM,RTD,7/31/2026 9:35:00 PM,CMIN,Ru,24999.83,
7/31/2026 9:35:00 PM,RTD,7/31/2026 9:40:00 PM,CVIS,Dr,5000,
7/31/2026 9:35:00 PM,RTD,7/31/2026 9:40:00 PM,CMIN,Dr,0,
7/31/2026 9:35:00 PM,RTD,7/31/2026 9:40:00 PM,CLUZ,Dr,900,
7/31/2026 9:35:00 PM,RTD,7/31/2026 9:40:00 PM,CMIN,Fr,499,
7/31/2026 9:35:00 PM,RTD,7/31/2026 9:40:00 PM,CVIS,Fr,15500,
7/31/2026 9:35:00 PM,RTD,7/31/2026 9:40:00 PM,CLUZ,Fr,2050,
7/31/2026 9:35:00 PM,RTD,7/31/2026 9:40:00 PM,CVIS,Rd,19998,
7/31/2026 9:35:00 PM,RTD,7/31/2026 9:40:00 PM,CMIN,Rd,24999.83,
7/31/2026 9:35:00 PM,RTD,7/31/2026 9:40:00 PM,CLUZ,Rd,14999,
7/31/2026 9:35:00 PM,RTD,7/31/2026 9:40:00 PM,CVIS,Ru,19998,
7/31/2026 9:35:00 PM,RTD,7/31/2026 9:40:00 PM,CLUZ,Ru,22300,
7/31/2026 9:35:00 PM,RTD,7/31/2026 9:40:00 PM,CMIN,Ru,24999.83,
7/31/2026 9:40:00 PM,RTD,7/31/2026 9:45:00 PM,CLUZ,Dr,900,
7/31/2026 9:40:00 PM,RTD,7/31/2026 9:45:00 PM,CMIN,Dr,0,
7/31/2026 9:40:00 PM,RTD,7/31/2026 9:45:00 PM,CVIS,Dr,5000,
7/31/2026 9:40:00 PM,RTD,7/31/2026 9:45:00 PM,CLUZ,Fr,2050,
7/31/2026 9:40:00 PM,RTD,7/31/2026 9:45:00 PM,CVIS,Fr,15000,
7/31/2026 9:40:00 PM,RTD,7/31/2026 9:45:00 PM,CMIN,Fr,499,
7/31/2026 9:40:00 PM,RTD,7/31/2026 9:45:00 PM,CLUZ,Rd,14999,
7/31/2026 9:40:00 PM,RTD,7/31/2026 9:45:00 PM,CVIS,Rd,19998,
7/31/2026 9:40:00 PM,RTD,7/31/2026 9:45:00 PM,CMIN,Rd,24999.83,
7/31/2026 9:40:00 PM,RTD,7/31/2026 9:45:00 PM,CLUZ,Ru,22300,
7/31/2026 9:40:00 PM,RTD,7/31/2026 9:45:00 PM,CVIS,Ru,19998,
7/31/2026 9:40:00 PM,RTD,7/31/2026 9:45:00 PM,CMIN,Ru,24999.83,
7/31/2026 9:45:00 PM,RTD,7/31/2026 9:50:00 PM,CVIS,Dr,5000,
7/31/2026 9:45:00 PM,RTD,7/31/2026 9:50:00 PM,CMIN,Dr,0,
7/31/2026 9:45:00 PM,RTD,7/31/2026 9:50:00 PM,CLUZ,Dr,900,
7/31/2026 9:45:00 PM,RTD,7/31/2026 9:50:00 PM,CLUZ,Fr,2050,
7/31/2026 9:45:00 PM,RTD,7/31/2026 9:50:00 PM,CVIS,Fr,14682.70,
7/31/2026 9:45:00 PM,RTD,7/31/2026 9:50:00 PM,CMIN,Fr,499,
7/31/2026 9:45:00 PM,RTD,7/31/2026 9:50:00 PM,CMIN,Rd,24999.83,
7/31/2026 9:45:00 PM,RTD,7/31/2026 9:50:00 PM,CLUZ,Rd,14999,
7/31/2026 9:45:00 PM,RTD,7/31/2026 9:50:00 PM,CVIS,Rd,19998,
7/31/2026 9:45:00 PM,RTD,7/31/2026 9:50:00 PM,CMIN,Ru,24999.83,
7/31/2026 9:45:00 PM,RTD,7/31/2026 9:50:00 PM,CLUZ,Ru,22300,
7/31/2026 9:45:00 PM,RTD,7/31/2026 9:50:00 PM,CVIS,Ru,19998,
7/31/2026 9:50:00 PM,RTD,7/31/2026 9:55:00 PM,CLUZ,Dr,900,
7/31/2026 9:50:00 PM,RTD,7/31/2026 9:55:00 PM,CMIN,Dr,0,
7/31/2026 9:50:00 PM,RTD,7/31/2026 9:55:00 PM,CVIS,Dr,5000,
7/31/2026 9:50:00 PM,RTD,7/31/2026 9:55:00 PM,CLUZ,Fr,2050,
7/31/2026 9:50:00 PM,RTD,7/31/2026 9:55:00 PM,CVIS,Fr,14500,
7/31/2026 9:50:00 PM,RTD,7/31/2026 9:55:00 PM,CMIN,Fr,499,
7/31/2026 9:50:00 PM,RTD,7/31/2026 9:55:00 PM,CVIS,Rd,19998,
7/31/2026 9:50:00 PM,RTD,7/31/2026 9:55:00 PM,CLUZ,Rd,14999,
7/31/2026 9:50:00 PM,RTD,7/31/2026 9:55:00 PM,CMIN,Rd,24999.83,
7/31/2026 9:50:00 PM,RTD,7/31/2026 9:55:00 PM,CMIN,Ru,24999.83,
7/31/2026 9:50:00 PM,RTD,7/31/2026 9:55:00 PM,CLUZ,Ru,22300,
7/31/2026 9:50:00 PM,RTD,7/31/2026 9:55:00 PM,CVIS,Ru,19998,
7/31/2026 9:55:00 PM,RTD,7/31/2026 10:00:00 PM,CVIS,Dr,5000,
7/31/2026 9:55:00 PM,RTD,7/31/2026 10:00:00 PM,CMIN,Dr,0,
7/31/2026 9:55:00 PM,RTD,7/31/2026 10:00:00 PM,CLUZ,Dr,900,
7/31/2026 9:55:00 PM,RTD,7/31/2026 10:00:00 PM,CLUZ,Fr,2050,
7/31/2026 9:55:00 PM,RTD,7/31/2026 10:00:00 PM,CMIN,Fr,239.72,
7/31/2026 9:55:00 PM,RTD,7/31/2026 10:00:00 PM,CVIS,Fr,14500,
7/31/2026 9:55:00 PM,RTD,7/31/2026 10:00:00 PM,CLUZ,Rd,14999,
7/31/2026 9:55:00 PM,RTD,7/31/2026 10:00:00 PM,CVIS,Rd,19998,
7/31/2026 9:55:00 PM,RTD,7/31/2026 10:00:00 PM,CMIN,Rd,24999.83,
7/31/2026 9:55:00 PM,RTD,7/31/2026 10:00:00 PM,CLUZ,Ru,22300,
7/31/2026 9:55:00 PM,RTD,7/31/2026 10:00:00 PM,CVIS,Ru,19998,
7/31/2026 9:55:00 PM,RTD,7/31/2026 10:00:00 PM,CMIN,Ru,24999.83,
7/31/2026 10:00:00 PM,RTD,7/31/2026 10:05:00 PM,CMIN,Dr,0,
7/31/2026 10:00:00 PM,RTD,7/31/2026 10:05:00 PM,CVIS,Dr,2030,
7/31/2026 10:00:00 PM,RTD,7/31/2026 10:05:00 PM,CLUZ,Dr,900,
7/31/2026 10:00:00 PM,RTD,7/31/2026 10:05:00 PM,CLUZ,Fr,2150,
7/31/2026 10:00:00 PM,RTD,7/31/2026 10:05:00 PM,CVIS,Fr,7277.83,
7/31/2026 10:00:00 PM,RTD,7/31/2026 10:05:00 PM,CMIN,Fr,809.66,
7/31/2026 10:00:00 PM,RTD,7/31/2026 10:05:00 PM,CVIS,Rd,19998,
7/31/2026 10:00:00 PM,RTD,7/31/2026 10:05:00 PM,CMIN,Rd,9578.91,
7/31/2026 10:00:00 PM,RTD,7/31/2026 10:05:00 PM,CLUZ,Rd,4682.02,
7/31/2026 10:00:00 PM,RTD,7/31/2026 10:05:00 PM,CLUZ,Ru,21499,
7/31/2026 10:00:00 PM,RTD,7/31/2026 10:05:00 PM,CVIS,Ru,19998,
7/31/2026 10:00:00 PM,RTD,7/31/2026 10:05:00 PM,CMIN,Ru,24999.83,
7/31/2026 10:05:00 PM,RTD,7/31/2026 10:10:00 PM,CVIS,Dr,2030,
7/31/2026 10:05:00 PM,RTD,7/31/2026 10:10:00 PM,CMIN,Dr,0,
7/31/2026 10:05:00 PM,RTD,7/31/2026 10:10:00 PM,CLUZ,Dr,900,
7/31/2026 10:05:00 PM,RTD,7/31/2026 10:10:00 PM,CLUZ,Fr,2100,
7/31/2026 10:05:00 PM,RTD,7/31/2026 10:10:00 PM,CVIS,Fr,6457.38,
7/31/2026 10:05:00 PM,RTD,7/31/2026 10:10:00 PM,CMIN,Fr,3262.40,
7/31/2026 10:05:00 PM,RTD,7/31/2026 10:10:00 PM,CVIS,Rd,19998,
7/31/2026 10:05:00 PM,RTD,7/31/2026 10:10:00 PM,CLUZ,Rd,5489.35,
7/31/2026 10:05:00 PM,RTD,7/31/2026 10:10:00 PM,CMIN,Rd,2900.08,
7/31/2026 10:05:00 PM,RTD,7/31/2026 10:10:00 PM,CLUZ,Ru,21499,
7/31/2026 10:05:00 PM,RTD,7/31/2026 10:10:00 PM,CVIS,Ru,19998,
7/31/2026 10:05:00 PM,RTD,7/31/2026 10:10:00 PM,CMIN,Ru,24999.83,
7/31/2026 10:10:00 PM,RTD,7/31/2026 10:15:00 PM,CMIN,Dr,0,
7/31/2026 10:10:00 PM,RTD,7/31/2026 10:15:00 PM,CVIS,Dr,2030,
7/31/2026 10:10:00 PM,RTD,7/31/2026 10:15:00 PM,CLUZ,Dr,900,
7/31/2026 10:10:00 PM,RTD,7/31/2026 10:15:00 PM,CLUZ,Fr,1950,
7/31/2026 10:10:00 PM,RTD,7/31/2026 10:15:00 PM,CVIS,Fr,5325.15,
7/31/2026 10:10:00 PM,RTD,7/31/2026 10:15:00 PM,CMIN,Fr,3262.40,
7/31/2026 10:10:00 PM,RTD,7/31/2026 10:15:00 PM,CLUZ,Rd,6602.45,
7/31/2026 10:10:00 PM,RTD,7/31/2026 10:15:00 PM,CMIN,Rd,2900.08,
7/31/2026 10:10:00 PM,RTD,7/31/2026 10:15:00 PM,CVIS,Rd,19998,
7/31/2026 10:10:00 PM,RTD,7/31/2026 10:15:00 PM,CMIN,Ru,24999.83,
7/31/2026 10:10:00 PM,RTD,7/31/2026 10:15:00 PM,CLUZ,Ru,22300,
7/31/2026 10:10:00 PM,RTD,7/31/2026 10:15:00 PM,CVIS,Ru,19998,
7/31/2026 10:15:00 PM,RTD,7/31/2026 10:20:00 PM,CLUZ,Dr,900,
7/31/2026 10:15:00 PM,RTD,7/31/2026 10:20:00 PM,CMIN,Dr,0,
7/31/2026 10:15:00 PM,RTD,7/31/2026 10:20:00 PM,CVIS,Dr,2030,
7/31/2026 10:15:00 PM,RTD,7/31/2026 10:20:00 PM,CMIN,Fr,3262.40,
7/31/2026 10:15:00 PM,RTD,7/31/2026 10:20:00 PM,CLUZ,Fr,1800,
7/31/2026 10:15:00 PM,RTD,7/31/2026 10:20:00 PM,CVIS,Fr,5319.13,
7/31/2026 10:15:00 PM,RTD,7/31/2026 10:20:00 PM,CLUZ,Rd,6611.38,
7/31/2026 10:15:00 PM,RTD,7/31/2026 10:20:00 PM,CMIN,Rd,24997.08,
7/31/2026 10:15:00 PM,RTD,7/31/2026 10:20:00 PM,CVIS,Rd,19998,
7/31/2026 10:15:00 PM,RTD,7/31/2026 10:20:00 PM,CLUZ,Ru,21499,
7/31/2026 10:15:00 PM,RTD,7/31/2026 10:20:00 PM,CMIN,Ru,24999.83,
7/31/2026 10:15:00 PM,RTD,7/31/2026 10:20:00 PM,CVIS,Ru,19998,
7/31/2026 10:20:00 PM,RTD,7/31/2026 10:25:00 PM,CVIS,Dr,2010,
7/31/2026 10:20:00 PM,RTD,7/31/2026 10:25:00 PM,CMIN,Dr,0,
7/31/2026 10:20:00 PM,RTD,7/31/2026 10:25:00 PM,CLUZ,Dr,900,
7/31/2026 10:20:00 PM,RTD,7/31/2026 10:25:00 PM,CMIN,Fr,5000,
7/31/2026 10:20:00 PM,RTD,7/31/2026 10:25:00 PM,CVIS,Fr,5318.13,
7/31/2026 10:20:00 PM,RTD,7/31/2026 10:25:00 PM,CLUZ,Fr,1446.64,
7/31/2026 10:20:00 PM,RTD,7/31/2026 10:25:00 PM,CVIS,Rd,19998,
7/31/2026 10:20:00 PM,RTD,7/31/2026 10:25:00 PM,CMIN,Rd,24997.08,
7/31/2026 10:20:00 PM,RTD,7/31/2026 10:25:00 PM,CLUZ,Rd,6614.86,
7/31/2026 10:20:00 PM,RTD,7/31/2026 10:25:00 PM,CVIS,Ru,19998,
7/31/2026 10:20:00 PM,RTD,7/31/2026 10:25:00 PM,CLUZ,Ru,21499,
7/31/2026 10:20:00 PM,RTD,7/31/2026 10:25:00 PM,CMIN,Ru,24999.83,
7/31/2026 10:25:00 PM,RTD,7/31/2026 10:30:00 PM,CVIS,Dr,937,
7/31/2026 10:25:00 PM,RTD,7/31/2026 10:30:00 PM,CMIN,Dr,0,
7/31/2026 10:25:00 PM,RTD,7/31/2026 10:30:00 PM,CLUZ,Dr,900,
7/31/2026 10:25:00 PM,RTD,7/31/2026 10:30:00 PM,CMIN,Fr,5000,
7/31/2026 10:25:00 PM,RTD,7/31/2026 10:30:00 PM,CVIS,Fr,14000,
7/31/2026 10:25:00 PM,RTD,7/31/2026 10:30:00 PM,CLUZ,Fr,1384.52,
7/31/2026 10:25:00 PM,RTD,7/31/2026 10:30:00 PM,CVIS,Rd,19998,
7/31/2026 10:25:00 PM,RTD,7/31/2026 10:30:00 PM,CMIN,Rd,24997.08,
7/31/2026 10:25:00 PM,RTD,7/31/2026 10:30:00 PM,CLUZ,Rd,6691.31,
7/31/2026 10:25:00 PM,RTD,7/31/2026 10:30:00 PM,CVIS,Ru,19998,
7/31/2026 10:25:00 PM,RTD,7/31/2026 10:30:00 PM,CLUZ,Ru,21499,
7/31/2026 10:25:00 PM,RTD,7/31/2026 10:30:00 PM,CMIN,Ru,24999.83,
7/31/2026 10:30:00 PM,RTD,7/31/2026 10:35:00 PM,CVIS,Dr,937,
7/31/2026 10:30:00 PM,RTD,7/31/2026 10:35:00 PM,CMIN,Dr,0,
7/31/2026 10:30:00 PM,RTD,7/31/2026 10:35:00 PM,CLUZ,Dr,900,
7/31/2026 10:30:00 PM,RTD,7/31/2026 10:35:00 PM,CLUZ,Fr,1130,
7/31/2026 10:30:00 PM,RTD,7/31/2026 10:35:00 PM,CVIS,Fr,14000,
7/31/2026 10:30:00 PM,RTD,7/31/2026 10:35:00 PM,CMIN,Fr,5000,
7/31/2026 10:30:00 PM,RTD,7/31/2026 10:35:00 PM,CLUZ,Rd,6938.72,
7/31/2026 10:30:00 PM,RTD,7/31/2026 10:35:00 PM,CMIN,Rd,24997.08,
7/31/2026 10:30:00 PM,RTD,7/31/2026 10:35:00 PM,CVIS,Rd,19998,
7/31/2026 10:30:00 PM,RTD,7/31/2026 10:35:00 PM,CVIS,Ru,19998,
7/31/2026 10:30:00 PM,RTD,7/31/2026 10:35:00 PM,CLUZ,Ru,21499,
7/31/2026 10:30:00 PM,RTD,7/31/2026 10:35:00 PM,CMIN,Ru,24999.83,
7/31/2026 10:35:00 PM,RTD,7/31/2026 10:40:00 PM,CVIS,Dr,1200,
7/31/2026 10:35:00 PM,RTD,7/31/2026 10:40:00 PM,CMIN,Dr,0,
7/31/2026 10:35:00 PM,RTD,7/31/2026 10:40:00 PM,CLUZ,Dr,900,
7/31/2026 10:35:00 PM,RTD,7/31/2026 10:40:00 PM,CMIN,Fr,5000,
7/31/2026 10:35:00 PM,RTD,7/31/2026 10:40:00 PM,CVIS,Fr,14000,
7/31/2026 10:35:00 PM,RTD,7/31/2026 10:40:00 PM,CLUZ,Fr,1130,
7/31/2026 10:35:00 PM,RTD,7/31/2026 10:40:00 PM,CVIS,Rd,19998,
7/31/2026 10:35:00 PM,RTD,7/31/2026 10:40:00 PM,CMIN,Rd,24997.08,
7/31/2026 10:35:00 PM,RTD,7/31/2026 10:40:00 PM,CLUZ,Rd,7309.63,
7/31/2026 10:35:00 PM,RTD,7/31/2026 10:40:00 PM,CVIS,Ru,19998,
7/31/2026 10:35:00 PM,RTD,7/31/2026 10:40:00 PM,CLUZ,Ru,21499,
7/31/2026 10:35:00 PM,RTD,7/31/2026 10:40:00 PM,CMIN,Ru,24999.83,
7/31/2026 10:40:00 PM,RTD,7/31/2026 10:45:00 PM,CVIS,Dr,1600,
7/31/2026 10:40:00 PM,RTD,7/31/2026 10:45:00 PM,CMIN,Dr,0,
7/31/2026 10:40:00 PM,RTD,7/31/2026 10:45:00 PM,CLUZ,Dr,900,
7/31/2026 10:40:00 PM,RTD,7/31/2026 10:45:00 PM,CMIN,Fr,5000,
7/31/2026 10:40:00 PM,RTD,7/31/2026 10:45:00 PM,CVIS,Fr,14000,
7/31/2026 10:40:00 PM,RTD,7/31/2026 10:45:00 PM,CLUZ,Fr,1130,
7/31/2026 10:40:00 PM,RTD,7/31/2026 10:45:00 PM,CVIS,Rd,19998,
7/31/2026 10:40:00 PM,RTD,7/31/2026 10:45:00 PM,CMIN,Rd,24997.08,
7/31/2026 10:40:00 PM,RTD,7/31/2026 10:45:00 PM,CLUZ,Rd,7310.06,
7/31/2026 10:40:00 PM,RTD,7/31/2026 10:45:00 PM,CVIS,Ru,19998,
7/31/2026 10:40:00 PM,RTD,7/31/2026 10:45:00 PM,CLUZ,Ru,21499,
7/31/2026 10:40:00 PM,RTD,7/31/2026 10:45:00 PM,CMIN,Ru,24999.83,
7/31/2026 10:45:00 PM,RTD,7/31/2026 10:50:00 PM,CVIS,Dr,1600,
7/31/2026 10:45:00 PM,RTD,7/31/2026 10:50:00 PM,CMIN,Dr,0,
7/31/2026 10:45:00 PM,RTD,7/31/2026 10:50:00 PM,CLUZ,Dr,900,
7/31/2026 10:45:00 PM,RTD,7/31/2026 10:50:00 PM,CMIN,Fr,5000,
7/31/2026 10:45:00 PM,RTD,7/31/2026 10:50:00 PM,CVIS,Fr,14000,
7/31/2026 10:45:00 PM,RTD,7/31/2026 10:50:00 PM,CLUZ,Fr,1130,
7/31/2026 10:45:00 PM,RTD,7/31/2026 10:50:00 PM,CVIS,Rd,19998,
7/31/2026 10:45:00 PM,RTD,7/31/2026 10:50:00 PM,CMIN,Rd,24997.08,
7/31/2026 10:45:00 PM,RTD,7/31/2026 10:50:00 PM,CLUZ,Rd,6942.45,
7/31/2026 10:45:00 PM,RTD,7/31/2026 10:50:00 PM,CVIS,Ru,19998,
7/31/2026 10:45:00 PM,RTD,7/31/2026 10:50:00 PM,CLUZ,Ru,21499,
7/31/2026 10:45:00 PM,RTD,7/31/2026 10:50:00 PM,CMIN,Ru,24999.83,
7/31/2026 10:50:00 PM,RTD,7/31/2026 10:55:00 PM,CVIS,Dr,1600,
7/31/2026 10:50:00 PM,RTD,7/31/2026 10:55:00 PM,CMIN,Dr,0,
7/31/2026 10:50:00 PM,RTD,7/31/2026 10:55:00 PM,CLUZ,Dr,900,
7/31/2026 10:50:00 PM,RTD,7/31/2026 10:55:00 PM,CMIN,Fr,5000,
7/31/2026 10:50:00 PM,RTD,7/31/2026 10:55:00 PM,CVIS,Fr,14000,
7/31/2026 10:50:00 PM,RTD,7/31/2026 10:55:00 PM,CLUZ,Fr,1130,
7/31/2026 10:50:00 PM,RTD,7/31/2026 10:55:00 PM,CVIS,Rd,19998,
7/31/2026 10:50:00 PM,RTD,7/31/2026 10:55:00 PM,CMIN,Rd,24997.08,
7/31/2026 10:50:00 PM,RTD,7/31/2026 10:55:00 PM,CLUZ,Rd,7307.90,
7/31/2026 10:50:00 PM,RTD,7/31/2026 10:55:00 PM,CVIS,Ru,19998,
7/31/2026 10:50:00 PM,RTD,7/31/2026 10:55:00 PM,CLUZ,Ru,21499,
7/31/2026 10:50:00 PM,RTD,7/31/2026 10:55:00 PM,CMIN,Ru,24999.83,
7/31/2026 10:55:00 PM,RTD,7/31/2026 11:00:00 PM,CVIS,Dr,1600,
7/31/2026 10:55:00 PM,RTD,7/31/2026 11:00:00 PM,CMIN,Dr,0,
7/31/2026 10:55:00 PM,RTD,7/31/2026 11:00:00 PM,CLUZ,Dr,900,
7/31/2026 10:55:00 PM,RTD,7/31/2026 11:00:00 PM,CMIN,Fr,5000,
7/31/2026 10:55:00 PM,RTD,7/31/2026 11:00:00 PM,CVIS,Fr,14000,
7/31/2026 10:55:00 PM,RTD,7/31/2026 11:00:00 PM,CLUZ,Fr,1130,
7/31/2026 10:55:00 PM,RTD,7/31/2026 11:00:00 PM,CVIS,Rd,19998,
7/31/2026 10:55:00 PM,RTD,7/31/2026 11:00:00 PM,CMIN,Rd,24997.08,
7/31/2026 10:55:00 PM,RTD,7/31/2026 11:00:00 PM,CLUZ,Rd,8060.87,
7/31/2026 10:55:00 PM,RTD,7/31/2026 11:00:00 PM,CVIS,Ru,19998,
7/31/2026 10:55:00 PM,RTD,7/31/2026 11:00:00 PM,CLUZ,Ru,21499,
7/31/2026 10:55:00 PM,RTD,7/31/2026 11:00:00 PM,CMIN,Ru,24999.83,
7/31/2026 11:00:00 PM,RTD,7/31/2026 11:05:00 PM,CVIS,Dr,1950,
7/31/2026 11:00:00 PM,RTD,7/31/2026 11:05:00 PM,CLUZ,Dr,800,
7/31/2026 11:00:00 PM,RTD,7/31/2026 11:05:00 PM,CMIN,Dr,0,
7/31/2026 11:00:00 PM,RTD,7/31/2026 11:05:00 PM,CMIN,Fr,3262.40,
7/31/2026 11:00:00 PM,RTD,7/31/2026 11:05:00 PM,CLUZ,Fr,2000,
7/31/2026 11:00:00 PM,RTD,7/31/2026 11:05:00 PM,CVIS,Fr,14000,
7/31/2026 11:00:00 PM,RTD,7/31/2026 11:05:00 PM,CVIS,Rd,19998,
7/31/2026 11:00:00 PM,RTD,7/31/2026 11:05:00 PM,CMIN,Rd,24997.08,
7/31/2026 11:00:00 PM,RTD,7/31/2026 11:05:00 PM,CLUZ,Rd,2994.59,
7/31/2026 11:00:00 PM,RTD,7/31/2026 11:05:00 PM,CMIN,Ru,24999.83,
7/31/2026 11:00:00 PM,RTD,7/31/2026 11:05:00 PM,CLUZ,Ru,21499,
7/31/2026 11:00:00 PM,RTD,7/31/2026 11:05:00 PM,CVIS,Ru,19998,
7/31/2026 11:05:00 PM,RTD,7/31/2026 11:10:00 PM,CVIS,Dr,1950,
7/31/2026 11:05:00 PM,RTD,7/31/2026 11:10:00 PM,CLUZ,Dr,800,
7/31/2026 11:05:00 PM,RTD,7/31/2026 11:10:00 PM,CMIN,Dr,0,
7/31/2026 11:05:00 PM,RTD,7/31/2026 11:10:00 PM,CMIN,Fr,3262.40,
7/31/2026 11:05:00 PM,RTD,7/31/2026 11:10:00 PM,CLUZ,Fr,2100,
7/31/2026 11:05:00 PM,RTD,7/31/2026 11:10:00 PM,CVIS,Fr,14000,
7/31/2026 11:05:00 PM,RTD,7/31/2026 11:10:00 PM,CMIN,Rd,24997.08,
7/31/2026 11:05:00 PM,RTD,7/31/2026 11:10:00 PM,CLUZ,Rd,1000,
7/31/2026 11:05:00 PM,RTD,7/31/2026 11:10:00 PM,CVIS,Rd,19998,
7/31/2026 11:05:00 PM,RTD,7/31/2026 11:10:00 PM,CMIN,Ru,24999.83,
7/31/2026 11:05:00 PM,RTD,7/31/2026 11:10:00 PM,CLUZ,Ru,14999,
7/31/2026 11:05:00 PM,RTD,7/31/2026 11:10:00 PM,CVIS,Ru,19998,
7/31/2026 11:10:00 PM,RTD,7/31/2026 11:15:00 PM,CVIS,Dr,1960,
7/31/2026 11:10:00 PM,RTD,7/31/2026 11:15:00 PM,CMIN,Dr,0,
7/31/2026 11:10:00 PM,RTD,7/31/2026 11:15:00 PM,CLUZ,Dr,800,
7/31/2026 11:10:00 PM,RTD,7/31/2026 11:15:00 PM,CMIN,Fr,3262.40,
7/31/2026 11:10:00 PM,RTD,7/31/2026 11:15:00 PM,CLUZ,Fr,1950,
7/31/2026 11:10:00 PM,RTD,7/31/2026 11:15:00 PM,CVIS,Fr,14000,
7/31/2026 11:10:00 PM,RTD,7/31/2026 11:15:00 PM,CVIS,Rd,19998,
7/31/2026 11:10:00 PM,RTD,7/31/2026 11:15:00 PM,CMIN,Rd,24997.08,
7/31/2026 11:10:00 PM,RTD,7/31/2026 11:15:00 PM,CLUZ,Rd,1000,
7/31/2026 11:10:00 PM,RTD,7/31/2026 11:15:00 PM,CMIN,Ru,24999.83,
7/31/2026 11:10:00 PM,RTD,7/31/2026 11:15:00 PM,CLUZ,Ru,1000,
7/31/2026 11:10:00 PM,RTD,7/31/2026 11:15:00 PM,CVIS,Ru,19998,
7/31/2026 11:15:00 PM,RTD,7/31/2026 11:20:00 PM,CLUZ,Dr,800,
7/31/2026 11:15:00 PM,RTD,7/31/2026 11:20:00 PM,CVIS,Dr,1950,
7/31/2026 11:15:00 PM,RTD,7/31/2026 11:20:00 PM,CMIN,Dr,0,
7/31/2026 11:15:00 PM,RTD,7/31/2026 11:20:00 PM,CVIS,Fr,14000,
7/31/2026 11:15:00 PM,RTD,7/31/2026 11:20:00 PM,CLUZ,Fr,1800,
7/31/2026 11:15:00 PM,RTD,7/31/2026 11:20:00 PM,CMIN,Fr,3262.40,
7/31/2026 11:15:00 PM,RTD,7/31/2026 11:20:00 PM,CLUZ,Rd,1000,
7/31/2026 11:15:00 PM,RTD,7/31/2026 11:20:00 PM,CMIN,Rd,24997.08,
7/31/2026 11:15:00 PM,RTD,7/31/2026 11:20:00 PM,CVIS,Rd,19998,
7/31/2026 11:15:00 PM,RTD,7/31/2026 11:20:00 PM,CLUZ,Ru,1000,
7/31/2026 11:15:00 PM,RTD,7/31/2026 11:20:00 PM,CMIN,Ru,24999.83,
7/31/2026 11:15:00 PM,RTD,7/31/2026 11:20:00 PM,CVIS,Ru,19998,
7/31/2026 11:20:00 PM,RTD,7/31/2026 11:25:00 PM,CLUZ,Dr,800,
7/31/2026 11:20:00 PM,RTD,7/31/2026 11:25:00 PM,CMIN,Dr,0,
7/31/2026 11:20:00 PM,RTD,7/31/2026 11:25:00 PM,CVIS,Dr,1950,
7/31/2026 11:20:00 PM,RTD,7/31/2026 11:25:00 PM,CLUZ,Fr,1750,
7/31/2026 11:20:00 PM,RTD,7/31/2026 11:25:00 PM,CMIN,Fr,3262.40,
7/31/2026 11:20:00 PM,RTD,7/31/2026 11:25:00 PM,CVIS,Fr,14000,
7/31/2026 11:20:00 PM,RTD,7/31/2026 11:25:00 PM,CMIN,Rd,24997.08,
7/31/2026 11:20:00 PM,RTD,7/31/2026 11:25:00 PM,CVIS,Rd,19998,
7/31/2026 11:20:00 PM,RTD,7/31/2026 11:25:00 PM,CLUZ,Rd,1000,
7/31/2026 11:20:00 PM,RTD,7/31/2026 11:25:00 PM,CMIN,Ru,24999.83,
7/31/2026 11:20:00 PM,RTD,7/31/2026 11:25:00 PM,CVIS,Ru,19998,
7/31/2026 11:20:00 PM,RTD,7/31/2026 11:25:00 PM,CLUZ,Ru,550,
7/31/2026 11:25:00 PM,RTD,7/31/2026 11:30:00 PM,CVIS,Dr,1950,
7/31/2026 11:25:00 PM,RTD,7/31/2026 11:30:00 PM,CMIN,Dr,0,
7/31/2026 11:25:00 PM,RTD,7/31/2026 11:30:00 PM,CLUZ,Dr,800,
7/31/2026 11:25:00 PM,RTD,7/31/2026 11:30:00 PM,CMIN,Fr,3262.40,
7/31/2026 11:25:00 PM,RTD,7/31/2026 11:30:00 PM,CVIS,Fr,14000,
7/31/2026 11:25:00 PM,RTD,7/31/2026 11:30:00 PM,CLUZ,Fr,1750,
7/31/2026 11:25:00 PM,RTD,7/31/2026 11:30:00 PM,CVIS,Rd,19998,
7/31/2026 11:25:00 PM,RTD,7/31/2026 11:30:00 PM,CMIN,Rd,24997.08,
7/31/2026 11:25:00 PM,RTD,7/31/2026 11:30:00 PM,CLUZ,Rd,1000,
7/31/2026 11:25:00 PM,RTD,7/31/2026 11:30:00 PM,CVIS,Ru,19998,
7/31/2026 11:25:00 PM,RTD,7/31/2026 11:30:00 PM,CLUZ,Ru,1000,
7/31/2026 11:25:00 PM,RTD,7/31/2026 11:30:00 PM,CMIN,Ru,24999.83,
7/31/2026 11:30:00 PM,RTD,7/31/2026 11:35:00 PM,CVIS,Dr,1950,
7/31/2026 11:30:00 PM,RTD,7/31/2026 11:35:00 PM,CMIN,Dr,0,
7/31/2026 11:30:00 PM,RTD,7/31/2026 11:35:00 PM,CLUZ,Dr,800,
7/31/2026 11:30:00 PM,RTD,7/31/2026 11:35:00 PM,CMIN,Fr,3262.40,
7/31/2026 11:30:00 PM,RTD,7/31/2026 11:35:00 PM,CVIS,Fr,14000,
7/31/2026 11:30:00 PM,RTD,7/31/2026 11:35:00 PM,CLUZ,Fr,1750,
7/31/2026 11:30:00 PM,RTD,7/31/2026 11:35:00 PM,CVIS,Rd,19998,
7/31/2026 11:30:00 PM,RTD,7/31/2026 11:35:00 PM,CMIN,Rd,24997.08,
7/31/2026 11:30:00 PM,RTD,7/31/2026 11:35:00 PM,CLUZ,Rd,5224.85,
7/31/2026 11:30:00 PM,RTD,7/31/2026 11:35:00 PM,CVIS,Ru,19998,
7/31/2026 11:30:00 PM,RTD,7/31/2026 11:35:00 PM,CLUZ,Ru,21499,
7/31/2026 11:30:00 PM,RTD,7/31/2026 11:35:00 PM,CMIN,Ru,24999.83,
7/31/2026 11:35:00 PM,RTD,7/31/2026 11:40:00 PM,CVIS,Dr,1950,
7/31/2026 11:35:00 PM,RTD,7/31/2026 11:40:00 PM,CMIN,Dr,0,
7/31/2026 11:35:00 PM,RTD,7/31/2026 11:40:00 PM,CLUZ,Dr,800,
7/31/2026 11:35:00 PM,RTD,7/31/2026 11:40:00 PM,CMIN,Fr,5000,
7/31/2026 11:35:00 PM,RTD,7/31/2026 11:40:00 PM,CVIS,Fr,14000,
7/31/2026 11:35:00 PM,RTD,7/31/2026 11:40:00 PM,CLUZ,Fr,1750,
7/31/2026 11:35:00 PM,RTD,7/31/2026 11:40:00 PM,CVIS,Rd,19998,
7/31/2026 11:35:00 PM,RTD,7/31/2026 11:40:00 PM,CMIN,Rd,24997.08,
7/31/2026 11:35:00 PM,RTD,7/31/2026 11:40:00 PM,CLUZ,Rd,5915.61,
7/31/2026 11:35:00 PM,RTD,7/31/2026 11:40:00 PM,CVIS,Ru,19998,
7/31/2026 11:35:00 PM,RTD,7/31/2026 11:40:00 PM,CLUZ,Ru,21499,
7/31/2026 11:35:00 PM,RTD,7/31/2026 11:40:00 PM,CMIN,Ru,24999.83,
7/31/2026 11:40:00 PM,RTD,7/31/2026 11:45:00 PM,CVIS,Dr,1950,
7/31/2026 11:40:00 PM,RTD,7/31/2026 11:45:00 PM,CMIN,Dr,0,
7/31/2026 11:40:00 PM,RTD,7/31/2026 11:45:00 PM,CLUZ,Dr,800,
7/31/2026 11:40:00 PM,RTD,7/31/2026 11:45:00 PM,CMIN,Fr,4001,
7/31/2026 11:40:00 PM,RTD,7/31/2026 11:45:00 PM,CVIS,Fr,14000,
7/31/2026 11:40:00 PM,RTD,7/31/2026 11:45:00 PM,CLUZ,Fr,1750,
7/31/2026 11:40:00 PM,RTD,7/31/2026 11:45:00 PM,CVIS,Rd,19998,
7/31/2026 11:40:00 PM,RTD,7/31/2026 11:45:00 PM,CMIN,Rd,24999.83,
7/31/2026 11:40:00 PM,RTD,7/31/2026 11:45:00 PM,CLUZ,Rd,9349.10,
7/31/2026 11:40:00 PM,RTD,7/31/2026 11:45:00 PM,CVIS,Ru,19998,
7/31/2026 11:40:00 PM,RTD,7/31/2026 11:45:00 PM,CLUZ,Ru,21499,
7/31/2026 11:40:00 PM,RTD,7/31/2026 11:45:00 PM,CMIN,Ru,24999.83,
7/31/2026 11:45:00 PM,RTD,7/31/2026 11:50:00 PM,CVIS,Dr,1950,
7/31/2026 11:45:00 PM,RTD,7/31/2026 11:50:00 PM,CMIN,Dr,0,
7/31/2026 11:45:00 PM,RTD,7/31/2026 11:50:00 PM,CLUZ,Dr,800,
7/31/2026 11:45:00 PM,RTD,7/31/2026 11:50:00 PM,CMIN,Fr,4001,
7/31/2026 11:45:00 PM,RTD,7/31/2026 11:50:00 PM,CVIS,Fr,14000,
7/31/2026 11:45:00 PM,RTD,7/31/2026 11:50:00 PM,CLUZ,Fr,1750,
7/31/2026 11:45:00 PM,RTD,7/31/2026 11:50:00 PM,CVIS,Rd,19998,
7/31/2026 11:45:00 PM,RTD,7/31/2026 11:50:00 PM,CMIN,Rd,24999.83,
7/31/2026 11:45:00 PM,RTD,7/31/2026 11:50:00 PM,CLUZ,Rd,9349.10,
7/31/2026 11:45:00 PM,RTD,7/31/2026 11:50:00 PM,CVIS,Ru,19998,
7/31/2026 11:45:00 PM,RTD,7/31/2026 11:50:00 PM,CLUZ,Ru,21499,
7/31/2026 11:45:00 PM,RTD,7/31/2026 11:50:00 PM,CMIN,Ru,24999.83,
7/31/2026 11:50:00 PM,RTD,7/31/2026 11:55:00 PM,CVIS,Dr,1950,
7/31/2026 11:50:00 PM,RTD,7/31/2026 11:55:00 PM,CMIN,Dr,0,
7/31/2026 11:50:00 PM,RTD,7/31/2026 11:55:00 PM,CLUZ,Dr,800,
7/31/2026 11:50:00 PM,RTD,7/31/2026 11:55:00 PM,CMIN,Fr,4001,
7/31/2026 11:50:00 PM,RTD,7/31/2026 11:55:00 PM,CVIS,Fr,14000,
7/31/2026 11:50:00 PM,RTD,7/31/2026 11:55:00 PM,CLUZ,Fr,1750,
7/31/2026 11:50:00 PM,RTD,7/31/2026 11:55:00 PM,CVIS,Rd,19998,
7/31/2026 11:50:00 PM,RTD,7/31/2026 11:55:00 PM,CMIN,Rd,24999.83,
7/31/2026 11:50:00 PM,RTD,7/31/2026 11:55:00 PM,CLUZ,Rd,3499.10,
7/31/2026 11:50:00 PM,RTD,7/31/2026 11:55:00 PM,CVIS,Ru,19998,
7/31/2026 11:50:00 PM,RTD,7/31/2026 11:55:00 PM,CLUZ,Ru,14999,
7/31/2026 11:50:00 PM,RTD,7/31/2026 11:55:00 PM,CMIN,Ru,24999.83,
7/31/2026 11:55:00 PM,RTD,8/1/2026,CVIS,Dr,1950,
7/31/2026 11:55:00 PM,RTD,8/1/2026,CMIN,Dr,0,
7/31/2026 11:55:00 PM,RTD,8/1/2026,CLUZ,Dr,800,
7/31/2026 11:55:00 PM,RTD,8/1/2026,CMIN,Fr,4001,
7/31/2026 11:55:00 PM,RTD,8/1/2026,CVIS,Fr,14000,
7/31/2026 11:55:00 PM,RTD,8/1/2026,CLUZ,Fr,1750,
7/31/2026 11:55:00 PM,RTD,8/1/2026,CVIS,Rd,19998,
7/31/2026 11:55:00 PM,RTD,8/1/2026,CMIN,Rd,24999.83,
7/31/2026 11:55:00 PM,RTD,8/1/2026,CLUZ,Rd,1000,
7/31/2026 11:55:00 PM,RTD,8/1/2026,CVIS,Ru,19998,
7/31/2026 11:55:00 PM,RTD,8/1/2026,CLUZ,Ru,1000,
7/31/2026 11:55:00 PM,RTD,8/1/2026,CMIN,Ru,24999.83,
EOF
