RUN_TIME,MKT_TYPE,TIME_INTERVAL,REGION_NAME,COMMODITY_TYPE,MKT_REQT,LOAD_BID,LOAD_CURTAILED,LOSSES,GENERATION,MKT_IMPORT,MKT_EXPORT,
7/30/2026,RTD,7/30/2026 12:05:00 AM,CVIS,Dr,120.66,0,,0,120.66,0,0,
7/30/2026,RTD,7/30/2026 12:05:00 AM,CMIN,Dr,110,0,,0,110,0,0,
7/30/2026,RTD,7/30/2026 12:05:00 AM,CLUZ,Dr,668,0,,0,668,0,0,
7/30/2026,RTD,7/30/2026 12:05:00 AM,CMIN,En,1867.83,0,0,42.70,2269.20,0,358.65,
7/30/2026,RTD,7/30/2026 12:05:00 AM,CLUZ,En,8661.46,158,0,154.53,9015.02,0,40.99,
7/30/2026,RTD,7/30/2026 12:05:00 AM,CVIS,En,1823.38,0,0,18.20,1441.96,399.64,0,
7/30/2026,RTD,7/30/2026 12:05:00 AM,CMIN,Fr,110,0,,0,110,0,0,
7/30/2026,RTD,7/30/2026 12:05:00 AM,CVIS,Fr,134,0,,0,134,0,0,
7/30/2026,RTD,7/30/2026 12:05:00 AM,CLUZ,Fr,668,0,,0,637.10,0,0,
7/30/2026,RTD,7/30/2026 12:05:00 AM,CMIN,Rd,37.66,0,,0,37.66,0,0,
7/30/2026,RTD,7/30/2026 12:05:00 AM,CLUZ,Rd,203,0,,0,203,0,0,
7/30/2026,RTD,7/30/2026 12:05:00 AM,CVIS,Rd,40.20,0,,0,40.20,0,0,
7/30/2026,RTD,7/30/2026 12:05:00 AM,CVIS,Ru,40.20,0,,0,40.20,0,0,
7/30/2026,RTD,7/30/2026 12:05:00 AM,CMIN,Ru,37.66,0,,0,37.66,0,0,
7/30/2026,RTD,7/30/2026 12:05:00 AM,CLUZ,Ru,203,0,,0,203,0,0,
7/30/2026 12:05:00 AM,RTD,7/30/2026 12:10:00 AM,CVIS,Dr,120.66,0,,0,120.66,0,0,
7/30/2026 12:05:00 AM,RTD,7/30/2026 12:10:00 AM,CMIN,Dr,110,0,,0,110,0,0,
7/30/2026 12:05:00 AM,RTD,7/30/2026 12:10:00 AM,CLUZ,Dr,668,0,,0,668,0,0,
7/30/2026 12:05:00 AM,RTD,7/30/2026 12:10:00 AM,CMIN,En,1866.77,0,0,42.02,2241.20,0,332.42,
7/30/2026 12:05:00 AM,RTD,7/30/2026 12:10:00 AM,CLUZ,En,8629.93,158,0,155.33,9020.54,0,77.32,
7/30/2026 12:05:00 AM,RTD,7/30/2026 12:10:00 AM,CVIS,En,1819.94,0,0,19.12,1429.33,409.74,0,
7/30/2026 12:05:00 AM,RTD,7/30/2026 12:10:00 AM,CMIN,Fr,110,0,,0,110,0,0,
7/30/2026 12:05:00 AM,RTD,7/30/2026 12:10:00 AM,CVIS,Fr,134,0,,0,134,0,0,
7/30/2026 12:05:00 AM,RTD,7/30/2026 12:10:00 AM,CLUZ,Fr,668,0,,0,637.10,0,0,
7/30/2026 12:05:00 AM,RTD,7/30/2026 12:10:00 AM,CMIN,Rd,37.66,0,,0,37.66,0,0,
7/30/2026 12:05:00 AM,RTD,7/30/2026 12:10:00 AM,CLUZ,Rd,203,0,,0,203,0,0,
7/30/2026 12:05:00 AM,RTD,7/30/2026 12:10:00 AM,CVIS,Rd,40.20,0,,0,40.20,0,0,
7/30/2026 12:05:00 AM,RTD,7/30/2026 12:10:00 AM,CVIS,Ru,40.20,0,,0,40.20,0,0,
7/30/2026 12:05:00 AM,RTD,7/30/2026 12:10:00 AM,CMIN,Ru,37.66,0,,0,37.66,0,0,
7/30/2026 12:05:00 AM,RTD,7/30/2026 12:10:00 AM,CLUZ,Ru,203,0,,0,203,0,0,
7/30/2026 12:10:00 AM,RTD,7/30/2026 12:15:00 AM,CLUZ,Dr,668,0,,0,668,0,0,
7/30/2026 12:10:00 AM,RTD,7/30/2026 12:15:00 AM,CMIN,Dr,110,0,,0,110,0,0,
7/30/2026 12:10:00 AM,RTD,7/30/2026 12:15:00 AM,CVIS,Dr,120.66,0,,0,120.66,0,0,
7/30/2026 12:10:00 AM,RTD,7/30/2026 12:15:00 AM,CLUZ,En,8598.09,158,0,154.56,8998.09,0,87.46,
7/30/2026 12:10:00 AM,RTD,7/30/2026 12:15:00 AM,CMIN,En,1858.28,0,0,41.52,2226.20,0,326.41,
7/30/2026 12:10:00 AM,RTD,7/30/2026 12:15:00 AM,CVIS,En,1810.38,0,0,19.65,1416.15,413.87,0,
7/30/2026 12:10:00 AM,RTD,7/30/2026 12:15:00 AM,CLUZ,Fr,668,0,,0,637.10,0,0,
7/30/2026 12:10:00 AM,RTD,7/30/2026 12:15:00 AM,CVIS,Fr,134,0,,0,134,0,0,
7/30/2026 12:10:00 AM,RTD,7/30/2026 12:15:00 AM,CMIN,Fr,110,0,,0,110,0,0,
7/30/2026 12:10:00 AM,RTD,7/30/2026 12:15:00 AM,CMIN,Rd,37.66,0,,0,37.66,0,0,
7/30/2026 12:10:00 AM,RTD,7/30/2026 12:15:00 AM,CLUZ,Rd,203,0,,0,203,0,0,
7/30/2026 12:10:00 AM,RTD,7/30/2026 12:15:00 AM,CVIS,Rd,40.20,0,,0,40.20,0,0,
7/30/2026 12:10:00 AM,RTD,7/30/2026 12:15:00 AM,CMIN,Ru,37.66,0,,0,37.66,0,0,
7/30/2026 12:10:00 AM,RTD,7/30/2026 12:15:00 AM,CLUZ,Ru,203,0,,0,203,0,0,
7/30/2026 12:10:00 AM,RTD,7/30/2026 12:15:00 AM,CVIS,Ru,40.20,0,,0,40.20,0,0,
7/30/2026 12:15:00 AM,RTD,7/30/2026 12:20:00 AM,CVIS,Dr,120.66,0,,0,120.66,0,0,
7/30/2026 12:15:00 AM,RTD,7/30/2026 12:20:00 AM,CMIN,Dr,110,0,,0,110,0,0,
7/30/2026 12:15:00 AM,RTD,7/30/2026 12:20:00 AM,CLUZ,Dr,668,0,,0,668,0,0,
7/30/2026 12:15:00 AM,RTD,7/30/2026 12:20:00 AM,CMIN,En,1844.26,0,0,40.93,2195.70,0,310.53,
7/30/2026 12:15:00 AM,RTD,7/30/2026 12:20:00 AM,CLUZ,En,8549.05,158,0,153.66,8973.86,0,113.13,
7/30/2026 12:15:00 AM,RTD,7/30/2026 12:20:00 AM,CVIS,En,1803.69,0,0,21.06,1401.10,423.65,0,
7/30/2026 12:15:00 AM,RTD,7/30/2026 12:20:00 AM,CMIN,Fr,110,0,,0,110,0,0,
7/30/2026 12:15:00 AM,RTD,7/30/2026 12:20:00 AM,CVIS,Fr,134,0,,0,134,0,0,
7/30/2026 12:15:00 AM,RTD,7/30/2026 12:20:00 AM,CLUZ,Fr,668,0,,0,637.10,0,0,
7/30/2026 12:15:00 AM,RTD,7/30/2026 12:20:00 AM,CMIN,Rd,37.66,0,,0,37.66,0,0,
7/30/2026 12:15:00 AM,RTD,7/30/2026 12:20:00 AM,CLUZ,Rd,203,0,,0,203,0,0,
7/30/2026 12:15:00 AM,RTD,7/30/2026 12:20:00 AM,CVIS,Rd,40.20,0,,0,40.20,0,0,
7/30/2026 12:15:00 AM,RTD,7/30/2026 12:20:00 AM,CVIS,Ru,40.20,0,,0,40.20,0,0,
7/30/2026 12:15:00 AM,RTD,7/30/2026 12:20:00 AM,CMIN,Ru,37.66,0,,0,37.66,0,0,
7/30/2026 12:15:00 AM,RTD,7/30/2026 12:20:00 AM,CLUZ,Ru,203,0,,0,203,0,0,
7/30/2026 12:20:00 AM,RTD,7/30/2026 12:25:00 AM,CVIS,Dr,120.66,0,,0,120.66,0,0,
7/30/2026 12:20:00 AM,RTD,7/30/2026 12:25:00 AM,CMIN,Dr,110,0,,0,110,0,0,
7/30/2026 12:20:00 AM,RTD,7/30/2026 12:25:00 AM,CLUZ,Dr,668,0,,0,668,0,0,
7/30/2026 12:20:00 AM,RTD,7/30/2026 12:25:00 AM,CMIN,En,1837.69,0,0,41.22,2176.20,0,297.31,
7/30/2026 12:20:00 AM,RTD,7/30/2026 12:25:00 AM,CLUZ,En,8505.19,158,0,152.83,8949.12,0,132.93,
7/30/2026 12:20:00 AM,RTD,7/30/2026 12:25:00 AM,CVIS,En,1795.74,0,0,22.20,1387.70,430.24,0,
7/30/2026 12:20:00 AM,RTD,7/30/2026 12:25:00 AM,CMIN,Fr,110,0,,0,110,0,0,
7/30/2026 12:20:00 AM,RTD,7/30/2026 12:25:00 AM,CVIS,Fr,134,0,,0,134,0,0,
7/30/2026 12:20:00 AM,RTD,7/30/2026 12:25:00 AM,CLUZ,Fr,668,0,,0,637.10,0,0,
7/30/2026 12:20:00 AM,RTD,7/30/2026 12:25:00 AM,CMIN,Rd,37.66,0,,0,37.66,0,0,
7/30/2026 12:20:00 AM,RTD,7/30/2026 12:25:00 AM,CLUZ,Rd,203,0,,0,203,0,0,
7/30/2026 12:20:00 AM,RTD,7/30/2026 12:25:00 AM,CVIS,Rd,40.20,0,,0,40.20,0,0,
7/30/2026 12:20:00 AM,RTD,7/30/2026 12:25:00 AM,CVIS,Ru,40.20,0,,0,40.20,0,0,
7/30/2026 12:20:00 AM,RTD,7/30/2026 12:25:00 AM,CMIN,Ru,37.66,0,,0,37.66,0,0,
7/30/2026 12:20:00 AM,RTD,7/30/2026 12:25:00 AM,CLUZ,Ru,203,0,,0,203,0,0,
7/30/2026 12:25:00 AM,RTD,7/30/2026 12:30:00 AM,CMIN,Dr,110,0,,0,110,0,0,
7/30/2026 12:25:00 AM,RTD,7/30/2026 12:30:00 AM,CVIS,Dr,120.66,0,,0,120.66,0,0,
7/30/2026 12:25:00 AM,RTD,7/30/2026 12:30:00 AM,CLUZ,Dr,668,0,,0,668,0,0,
7/30/2026 12:25:00 AM,RTD,7/30/2026 12:30:00 AM,CLUZ,En,8479.24,158,0,152.36,8940.05,0,150.49,
7/30/2026 12:25:00 AM,RTD,7/30/2026 12:30:00 AM,CMIN,En,1835.05,0,0,41.11,2170.39,0,294.21,
7/30/2026 12:25:00 AM,RTD,7/30/2026 12:30:00 AM,CVIS,En,1796.30,0,0,23.28,1374.90,444.69,0,
7/30/2026 12:25:00 AM,RTD,7/30/2026 12:30:00 AM,CMIN,Fr,110,0,,0,110,0,0,
7/30/2026 12:25:00 AM,RTD,7/30/2026 12:30:00 AM,CVIS,Fr,134,0,,0,134,0,0,
7/30/2026 12:25:00 AM,RTD,7/30/2026 12:30:00 AM,CLUZ,Fr,668,0,,0,637.10,0,0,
7/30/2026 12:25:00 AM,RTD,7/30/2026 12:30:00 AM,CMIN,Rd,37.66,0,,0,37.66,0,0,
7/30/2026 12:25:00 AM,RTD,7/30/2026 12:30:00 AM,CVIS,Rd,40.20,0,,0,40.20,0,0,
7/30/2026 12:25:00 AM,RTD,7/30/2026 12:30:00 AM,CLUZ,Rd,203,0,,0,203,0,0,
7/30/2026 12:25:00 AM,RTD,7/30/2026 12:30:00 AM,CVIS,Ru,40.20,0,,0,40.20,0,0,
7/30/2026 12:25:00 AM,RTD,7/30/2026 12:30:00 AM,CLUZ,Ru,203,0,,0,203,0,0,
7/30/2026 12:25:00 AM,RTD,7/30/2026 12:30:00 AM,CMIN,Ru,37.66,0,,0,37.66,0,0,
7/30/2026 12:30:00 AM,RTD,7/30/2026 12:35:00 AM,CVIS,Dr,120.66,0,,0,120.66,0,0,
7/30/2026 12:30:00 AM,RTD,7/30/2026 12:35:00 AM,CMIN,Dr,110,0,,0,110,0,0,
7/30/2026 12:30:00 AM,RTD,7/30/2026 12:35:00 AM,CLUZ,Dr,668,0,,0,668,0,0,
7/30/2026 12:30:00 AM,RTD,7/30/2026 12:35:00 AM,CMIN,En,1827.79,0,0,41.33,2162.44,0,293.35,
7/30/2026 12:30:00 AM,RTD,7/30/2026 12:35:00 AM,CLUZ,En,8464.66,158,0,151.87,8929.43,0,154.92,
7/30/2026 12:30:00 AM,RTD,7/30/2026 12:35:00 AM,CVIS,En,1792.19,0,0,23.92,1367.84,448.27,0,
7/30/2026 12:30:00 AM,RTD,7/30/2026 12:35:00 AM,CMIN,Fr,110,0,,0,110,0,0,
7/30/2026 12:30:00 AM,RTD,7/30/2026 12:35:00 AM,CVIS,Fr,134,0,,0,134,0,0,
7/30/2026 12:30:00 AM,RTD,7/30/2026 12:35:00 AM,CLUZ,Fr,668,0,,0,637.10,0,0,
7/30/2026 12:30:00 AM,RTD,7/30/2026 12:35:00 AM,CMIN,Rd,37.66,0,,0,37.66,0,0,
7/30/2026 12:30:00 AM,RTD,7/30/2026 12:35:00 AM,CLUZ,Rd,203,0,,0,203,0,0,
7/30/2026 12:30:00 AM,RTD,7/30/2026 12:35:00 AM,CVIS,Rd,40.20,0,,0,40.20,0,0,
7/30/2026 12:30:00 AM,RTD,7/30/2026 12:35:00 AM,CVIS,Ru,40.20,0,,0,40.20,0,0,
7/30/2026 12:30:00 AM,RTD,7/30/2026 12:35:00 AM,CMIN,Ru,37.66,0,,0,37.66,0,0,
7/30/2026 12:30:00 AM,RTD,7/30/2026 12:35:00 AM,CLUZ,Ru,203,0,,0,203,0,0,
7/30/2026 12:35:00 AM,RTD,7/30/2026 12:40:00 AM,CVIS,Dr,120.66,0,,0,120.66,0,0,
7/30/2026 12:35:00 AM,RTD,7/30/2026 12:40:00 AM,CMIN,Dr,110,0,,0,110,0,0,
7/30/2026 12:35:00 AM,RTD,7/30/2026 12:40:00 AM,CLUZ,Dr,668,0,,0,668,0,0,
7/30/2026 12:35:00 AM,RTD,7/30/2026 12:40:00 AM,CMIN,En,1825.24,0,0,41.56,2142.28,0,275.46,
7/30/2026 12:35:00 AM,RTD,7/30/2026 12:40:00 AM,CLUZ,En,8422.90,158,0,151.65,8912.60,0,180,
7/30/2026 12:35:00 AM,RTD,7/30/2026 12:40:00 AM,CVIS,En,1785.74,0,0,25.78,1356.04,455.46,0,
7/30/2026 12:35:00 AM,RTD,7/30/2026 12:40:00 AM,CMIN,Fr,110,0,,0,110,0,0,
7/30/2026 12:35:00 AM,RTD,7/30/2026 12:40:00 AM,CVIS,Fr,134,0,,0,134,0,0,
7/30/2026 12:35:00 AM,RTD,7/30/2026 12:40:00 AM,CLUZ,Fr,668,0,,0,637.10,0,0,
7/30/2026 12:35:00 AM,RTD,7/30/2026 12:40:00 AM,CMIN,Rd,37.66,0,,0,37.66,0,0,
7/30/2026 12:35:00 AM,RTD,7/30/2026 12:40:00 AM,CLUZ,Rd,203,0,,0,203,0,0,
7/30/2026 12:35:00 AM,RTD,7/30/2026 12:40:00 AM,CVIS,Rd,40.20,0,,0,40.20,0,0,
7/30/2026 12:35:00 AM,RTD,7/30/2026 12:40:00 AM,CVIS,Ru,40.20,0,,0,40.20,0,0,
7/30/2026 12:35:00 AM,RTD,7/30/2026 12:40:00 AM,CMIN,Ru,37.66,0,,0,37.66,0,0,
7/30/2026 12:35:00 AM,RTD,7/30/2026 12:40:00 AM,CLUZ,Ru,203,0,,0,203,0,0,
7/30/2026 12:40:00 AM,RTD,7/30/2026 12:45:00 AM,CVIS,Dr,120.66,0,,0,120.66,0,0,
7/30/2026 12:40:00 AM,RTD,7/30/2026 12:45:00 AM,CMIN,Dr,110,0,,0,110,0,0,
7/30/2026 12:40:00 AM,RTD,7/30/2026 12:45:00 AM,CLUZ,Dr,668,0,,0,668,0,0,
7/30/2026 12:40:00 AM,RTD,7/30/2026 12:45:00 AM,CMIN,En,1832.07,0,0,41.72,2158.99,0,285.17,
7/30/2026 12:40:00 AM,RTD,7/30/2026 12:45:00 AM,CLUZ,En,8404.99,158,0,152.99,8895.90,0,180,
7/30/2026 12:40:00 AM,RTD,7/30/2026 12:45:00 AM,CVIS,En,1783.92,0,0,26.03,1344.80,465.17,0,
7/30/2026 12:40:00 AM,RTD,7/30/2026 12:45:00 AM,CMIN,Fr,110,0,,0,110,0,0,
7/30/2026 12:40:00 AM,RTD,7/30/2026 12:45:00 AM,CVIS,Fr,134,0,,0,134,0,0,
7/30/2026 12:40:00 AM,RTD,7/30/2026 12:45:00 AM,CLUZ,Fr,668,0,,0,637.10,0,0,
7/30/2026 12:40:00 AM,RTD,7/30/2026 12:45:00 AM,CMIN,Rd,37.66,0,,0,37.66,0,0,
7/30/2026 12:40:00 AM,RTD,7/30/2026 12:45:00 AM,CLUZ,Rd,203,0,,0,203,0,0,
7/30/2026 12:40:00 AM,RTD,7/30/2026 12:45:00 AM,CVIS,Rd,40.20,0,,0,40.20,0,0,
7/30/2026 12:40:00 AM,RTD,7/30/2026 12:45:00 AM,CVIS,Ru,40.20,0,,0,40.20,0,0,
7/30/2026 12:40:00 AM,RTD,7/30/2026 12:45:00 AM,CMIN,Ru,37.66,0,,0,37.66,0,0,
7/30/2026 12:40:00 AM,RTD,7/30/2026 12:45:00 AM,CLUZ,Ru,203,0,,0,203,0,0,
7/30/2026 12:45:00 AM,RTD,7/30/2026 12:50:00 AM,CVIS,Dr,120.66,0,,0,120.66,0,0,
7/30/2026 12:45:00 AM,RTD,7/30/2026 12:50:00 AM,CLUZ,Dr,668,0,,0,668,0,0,
7/30/2026 12:45:00 AM,RTD,7/30/2026 12:50:00 AM,CMIN,Dr,110,0,,0,110,0,0,
7/30/2026 12:45:00 AM,RTD,7/30/2026 12:50:00 AM,CMIN,En,1821.66,0,0,41.20,2142.34,0,279.48,
7/30/2026 12:45:00 AM,RTD,7/30/2026 12:50:00 AM,CVIS,En,1778.96,0,0,26.23,1345.71,459.48,0,
7/30/2026 12:45:00 AM,RTD,7/30/2026 12:50:00 AM,CLUZ,En,8388.80,158,0,151.99,8878.73,0,180,
7/30/2026 12:45:00 AM,RTD,7/30/2026 12:50:00 AM,CMIN,Fr,110,0,,0,110,0,0,
7/30/2026 12:45:00 AM,RTD,7/30/2026 12:50:00 AM,CLUZ,Fr,668,0,,0,637.10,0,0,
7/30/2026 12:45:00 AM,RTD,7/30/2026 12:50:00 AM,CVIS,Fr,134,0,,0,134,0,0,
7/30/2026 12:45:00 AM,RTD,7/30/2026 12:50:00 AM,CMIN,Rd,37.66,0,,0,37.66,0,0,
7/30/2026 12:45:00 AM,RTD,7/30/2026 12:50:00 AM,CLUZ,Rd,203,0,,0,203,0,0,
7/30/2026 12:45:00 AM,RTD,7/30/2026 12:50:00 AM,CVIS,Rd,40.20,0,,0,40.20,0,0,
7/30/2026 12:45:00 AM,RTD,7/30/2026 12:50:00 AM,CVIS,Ru,40.20,0,,0,40.20,0,0,
7/30/2026 12:45:00 AM,RTD,7/30/2026 12:50:00 AM,CLUZ,Ru,203,0,,0,203,0,0,
7/30/2026 12:45:00 AM,RTD,7/30/2026 12:50:00 AM,CMIN,Ru,37.66,0,,0,37.66,0,0,
7/30/2026 12:50:00 AM,RTD,7/30/2026 12:55:00 AM,CMIN,Dr,110,0,,0,110,0,0,
7/30/2026 12:50:00 AM,RTD,7/30/2026 12:55:00 AM,CVIS,Dr,120.66,0,,0,120.66,0,0,
7/30/2026 12:50:00 AM,RTD,7/30/2026 12:55:00 AM,CLUZ,Dr,668,0,,0,668,0,0,
7/30/2026 12:50:00 AM,RTD,7/30/2026 12:55:00 AM,CLUZ,En,8355.73,158,0,150.73,8844.43,0,180,
7/30/2026 12:50:00 AM,RTD,7/30/2026 12:55:00 AM,CMIN,En,1802.54,0,0,40.60,2114.67,0,271.50,
7/30/2026 12:50:00 AM,RTD,7/30/2026 12:55:00 AM,CVIS,En,1774.44,0,0,26.17,1349.10,451.50,0,
7/30/2026 12:50:00 AM,RTD,7/30/2026 12:55:00 AM,CLUZ,Fr,668,0,,0,637.10,0,0,
7/30/2026 12:50:00 AM,RTD,7/30/2026 12:55:00 AM,CVIS,Fr,134,0,,0,134,0,0,
7/30/2026 12:50:00 AM,RTD,7/30/2026 12:55:00 AM,CMIN,Fr,110,0,,0,110,0,0,
7/30/2026 12:50:00 AM,RTD,7/30/2026 12:55:00 AM,CLUZ,Rd,203,0,,0,203,0,0,
7/30/2026 12:50:00 AM,RTD,7/30/2026 12:55:00 AM,CVIS,Rd,40.20,0,,0,40.20,0,0,
7/30/2026 12:50:00 AM,RTD,7/30/2026 12:55:00 AM,CMIN,Rd,37.66,0,,0,37.66,0,0,
7/30/2026 12:50:00 AM,RTD,7/30/2026 12:55:00 AM,CMIN,Ru,37.66,0,,0,37.66,0,0,
7/30/2026 12:50:00 AM,RTD,7/30/2026 12:55:00 AM,CVIS,Ru,40.20,0,,0,40.20,0,0,
7/30/2026 12:50:00 AM,RTD,7/30/2026 12:55:00 AM,CLUZ,Ru,203,0,,0,203,0,0,
7/30/2026 12:55:00 AM,RTD,7/30/2026 1:00:00 AM,CMIN,Dr,110,0,,0,110,0,0,
7/30/2026 12:55:00 AM,RTD,7/30/2026 1:00:00 AM,CLUZ,Dr,668,0,,0,668,0,0,
7/30/2026 12:55:00 AM,RTD,7/30/2026 1:00:00 AM,CVIS,Dr,120.66,0,,0,120.66,0,0,
7/30/2026 12:55:00 AM,RTD,7/30/2026 1:00:00 AM,CLUZ,En,8351.92,158,0,150.24,8840.31,0,180,
7/30/2026 12:55:00 AM,RTD,7/30/2026 1:00:00 AM,CMIN,En,1798.90,0,0,40.63,2088.92,0,249.39,
7/30/2026 12:55:00 AM,RTD,7/30/2026 1:00:00 AM,CVIS,En,1765.70,0,0,25.88,1362.20,429.39,0,
7/30/2026 12:55:00 AM,RTD,7/30/2026 1:00:00 AM,CMIN,Fr,110,0,,0,110,0,0,
7/30/2026 12:55:00 AM,RTD,7/30/2026 1:00:00 AM,CLUZ,Fr,668,0,,0,637.10,0,0,
7/30/2026 12:55:00 AM,RTD,7/30/2026 1:00:00 AM,CVIS,Fr,134,0,,0,134,0,0,
7/30/2026 12:55:00 AM,RTD,7/30/2026 1:00:00 AM,CVIS,Rd,40.20,0,,0,40.20,0,0,
7/30/2026 12:55:00 AM,RTD,7/30/2026 1:00:00 AM,CMIN,Rd,37.66,0,,0,37.66,0,0,
7/30/2026 12:55:00 AM,RTD,7/30/2026 1:00:00 AM,CLUZ,Rd,203,0,,0,203,0,0,
7/30/2026 12:55:00 AM,RTD,7/30/2026 1:00:00 AM,CLUZ,Ru,203,0,,0,203,0,0,
7/30/2026 12:55:00 AM,RTD,7/30/2026 1:00:00 AM,CMIN,Ru,37.66,0,,0,37.66,0,0,
7/30/2026 12:55:00 AM,RTD,7/30/2026 1:00:00 AM,CVIS,Ru,40.20,0,,0,40.20,0,0,
7/30/2026 1:00:00 AM,RTD,7/30/2026 1:05:00 AM,CVIS,Dr,93,0,,0,93,0,0,
7/30/2026 1:00:00 AM,RTD,7/30/2026 1:05:00 AM,CMIN,Dr,110,0,,0,110,0,0,
7/30/2026 1:00:00 AM,RTD,7/30/2026 1:05:00 AM,CLUZ,Dr,668,0,,0,668,0,0,
7/30/2026 1:00:00 AM,RTD,7/30/2026 1:05:00 AM,CMIN,En,1812.45,0,0,41.73,2099.84,0,245.65,
7/30/2026 1:00:00 AM,RTD,7/30/2026 1:05:00 AM,CLUZ,En,8299.37,306,0,150.90,8910.29,0,154.06,
7/30/2026 1:00:00 AM,RTD,7/30/2026 1:05:00 AM,CVIS,En,1764.90,0,0,23.87,1389.04,399.71,0,
7/30/2026 1:00:00 AM,RTD,7/30/2026 1:05:00 AM,CMIN,Fr,110,0,,0,110,0,0,
7/30/2026 1:00:00 AM,RTD,7/30/2026 1:05:00 AM,CVIS,Fr,134,0,,0,134,0,0,
7/30/2026 1:00:00 AM,RTD,7/30/2026 1:05:00 AM,CLUZ,Fr,668,0,,0,637.10,0,0,
7/30/2026 1:00:00 AM,RTD,7/30/2026 1:05:00 AM,CMIN,Rd,36.55,0,,0,36.55,0,0,
7/30/2026 1:00:00 AM,RTD,7/30/2026 1:05:00 AM,CLUZ,Rd,195,0,,0,195,0,0,
7/30/2026 1:00:00 AM,RTD,7/30/2026 1:05:00 AM,CVIS,Rd,38.65,0,,0,38.65,0,0,
7/30/2026 1:00:00 AM,RTD,7/30/2026 1:05:00 AM,CVIS,Ru,38.65,0,,0,38.65,0,0,
7/30/2026 1:00:00 AM,RTD,7/30/2026 1:05:00 AM,CMIN,Ru,36.55,0,,0,36.55,0,0,
7/30/2026 1:00:00 AM,RTD,7/30/2026 1:05:00 AM,CLUZ,Ru,195,0,,0,195,0,0,
7/30/2026 1:05:00 AM,RTD,7/30/2026 1:10:00 AM,CMIN,Dr,110,0,,0,110,0,0,
7/30/2026 1:05:00 AM,RTD,7/30/2026 1:10:00 AM,CLUZ,Dr,668,0,,0,668,0,0,
7/30/2026 1:05:00 AM,RTD,7/30/2026 1:10:00 AM,CVIS,Dr,93,0,,0,93,0,0,
7/30/2026 1:05:00 AM,RTD,7/30/2026 1:10:00 AM,CVIS,En,1764.62,0,0,25.98,1370.44,420.16,0,
7/30/2026 1:05:00 AM,RTD,7/30/2026 1:10:00 AM,CMIN,En,1808.63,0,0,41.13,2089.91,0,240.16,
7/30/2026 1:05:00 AM,RTD,7/30/2026 1:10:00 AM,CLUZ,En,8288.07,306,0,151.09,8925.13,0,180,
7/30/2026 1:05:00 AM,RTD,7/30/2026 1:10:00 AM,CLUZ,Fr,668,0,,0,637.10,0,0,
7/30/2026 1:05:00 AM,RTD,7/30/2026 1:10:00 AM,CVIS,Fr,134,0,,0,134,0,0,
7/30/2026 1:05:00 AM,RTD,7/30/2026 1:10:00 AM,CMIN,Fr,110,0,,0,110,0,0,
7/30/2026 1:05:00 AM,RTD,7/30/2026 1:10:00 AM,CVIS,Rd,38.65,0,,0,38.65,0,0,
7/30/2026 1:05:00 AM,RTD,7/30/2026 1:10:00 AM,CMIN,Rd,36.55,0,,0,36.55,0,0,
7/30/2026 1:05:00 AM,RTD,7/30/2026 1:10:00 AM,CLUZ,Rd,195,0,,0,195,0,0,
7/30/2026 1:05:00 AM,RTD,7/30/2026 1:10:00 AM,CVIS,Ru,38.65,0,,0,38.65,0,0,
7/30/2026 1:05:00 AM,RTD,7/30/2026 1:10:00 AM,CMIN,Ru,36.55,0,,0,36.55,0,0,
7/30/2026 1:05:00 AM,RTD,7/30/2026 1:10:00 AM,CLUZ,Ru,195,0,,0,195,0,0,
7/30/2026 1:10:00 AM,RTD,7/30/2026 1:15:00 AM,CVIS,Dr,93,0,,0,93,0,0,
7/30/2026 1:10:00 AM,RTD,7/30/2026 1:15:00 AM,CMIN,Dr,110,0,,0,110,0,0,
7/30/2026 1:10:00 AM,RTD,7/30/2026 1:15:00 AM,CLUZ,Dr,668,0,,0,668,0,0,
7/30/2026 1:10:00 AM,RTD,7/30/2026 1:15:00 AM,CMIN,En,1795.40,0,0,41.18,2083.34,0,246.78,
7/30/2026 1:10:00 AM,RTD,7/30/2026 1:15:00 AM,CLUZ,En,8299.47,306,0,151.28,8927.14,0,170.35,
7/30/2026 1:10:00 AM,RTD,7/30/2026 1:15:00 AM,CVIS,En,1751.47,0,0,25.30,1359.61,417.13,0,
7/30/2026 1:10:00 AM,RTD,7/30/2026 1:15:00 AM,CMIN,Fr,110,0,,0,110,0,0,
7/30/2026 1:10:00 AM,RTD,7/30/2026 1:15:00 AM,CVIS,Fr,134,0,,0,134,0,0,
7/30/2026 1:10:00 AM,RTD,7/30/2026 1:15:00 AM,CLUZ,Fr,668,0,,0,637.10,0,0,
7/30/2026 1:10:00 AM,RTD,7/30/2026 1:15:00 AM,CMIN,Rd,36.55,0,,0,36.55,0,0,
7/30/2026 1:10:00 AM,RTD,7/30/2026 1:15:00 AM,CLUZ,Rd,195,0,,0,195,0,0,
7/30/2026 1:10:00 AM,RTD,7/30/2026 1:15:00 AM,CVIS,Rd,38.65,0,,0,38.65,0,0,
7/30/2026 1:10:00 AM,RTD,7/30/2026 1:15:00 AM,CVIS,Ru,38.65,0,,0,38.65,0,0,
7/30/2026 1:10:00 AM,RTD,7/30/2026 1:15:00 AM,CMIN,Ru,36.55,0,,0,36.55,0,0,
7/30/2026 1:10:00 AM,RTD,7/30/2026 1:15:00 AM,CLUZ,Ru,195,0,,0,195,0,0,
7/30/2026 1:15:00 AM,RTD,7/30/2026 1:20:00 AM,CVIS,Dr,93,0,,0,93,0,0,
7/30/2026 1:15:00 AM,RTD,7/30/2026 1:20:00 AM,CMIN,Dr,110,0,,0,110,0,0,
7/30/2026 1:15:00 AM,RTD,7/30/2026 1:20:00 AM,CLUZ,Dr,668,0,,0,668,0,0,
7/30/2026 1:15:00 AM,RTD,7/30/2026 1:20:00 AM,CMIN,En,1792.19,0,0,42.10,2058.96,0,224.67,
7/30/2026 1:15:00 AM,RTD,7/30/2026 1:20:00 AM,CLUZ,En,8277.08,306,0,150.83,8909.62,0,175.77,
7/30/2026 1:15:00 AM,RTD,7/30/2026 1:20:00 AM,CVIS,En,1730.84,0,0,25.64,1356.05,400.44,0,
7/30/2026 1:15:00 AM,RTD,7/30/2026 1:20:00 AM,CMIN,Fr,110,0,,0,110,0,0,
7/30/2026 1:15:00 AM,RTD,7/30/2026 1:20:00 AM,CVIS,Fr,134,0,,0,134,0,0,
7/30/2026 1:15:00 AM,RTD,7/30/2026 1:20:00 AM,CLUZ,Fr,668,0,,0,637.10,0,0,
7/30/2026 1:15:00 AM,RTD,7/30/2026 1:20:00 AM,CMIN,Rd,36.55,0,,0,36.55,0,0,
7/30/2026 1:15:00 AM,RTD,7/30/2026 1:20:00 AM,CLUZ,Rd,195,0,,0,195,0,0,
7/30/2026 1:15:00 AM,RTD,7/30/2026 1:20:00 AM,CVIS,Rd,38.65,0,,0,38.65,0,0,
7/30/2026 1:15:00 AM,RTD,7/30/2026 1:20:00 AM,CVIS,Ru,38.65,0,,0,38.65,0,0,
7/30/2026 1:15:00 AM,RTD,7/30/2026 1:20:00 AM,CMIN,Ru,36.55,0,,0,36.55,0,0,
7/30/2026 1:15:00 AM,RTD,7/30/2026 1:20:00 AM,CLUZ,Ru,195,0,,0,195,0,0,
7/30/2026 1:20:00 AM,RTD,7/30/2026 1:25:00 AM,CVIS,Dr,93,0,,0,93,0,0,
7/30/2026 1:20:00 AM,RTD,7/30/2026 1:25:00 AM,CMIN,Dr,110,0,,0,110,0,0,
7/30/2026 1:20:00 AM,RTD,7/30/2026 1:25:00 AM,CLUZ,Dr,668,0,,0,668,0,0,
7/30/2026 1:20:00 AM,RTD,7/30/2026 1:25:00 AM,CMIN,En,1770.08,0,0,41.79,2036.97,0,225.13,
7/30/2026 1:20:00 AM,RTD,7/30/2026 1:25:00 AM,CLUZ,En,8258.39,306,0,152.20,8890.50,0,173.97,
7/30/2026 1:20:00 AM,RTD,7/30/2026 1:25:00 AM,CVIS,En,1726.89,0,0,25.48,1353.27,399.09,0,
7/30/2026 1:20:00 AM,RTD,7/30/2026 1:25:00 AM,CMIN,Fr,110,0,,0,110,0,0,
7/30/2026 1:20:00 AM,RTD,7/30/2026 1:25:00 AM,CVIS,Fr,134,0,,0,134,0,0,
7/30/2026 1:20:00 AM,RTD,7/30/2026 1:25:00 AM,CLUZ,Fr,668,0,,0,637.10,0,0,
7/30/2026 1:20:00 AM,RTD,7/30/2026 1:25:00 AM,CMIN,Rd,36.55,0,,0,36.55,0,0,
7/30/2026 1:20:00 AM,RTD,7/30/2026 1:25:00 AM,CLUZ,Rd,195,0,,0,195,0,0,
7/30/2026 1:20:00 AM,RTD,7/30/2026 1:25:00 AM,CVIS,Rd,38.65,0,,0,38.65,0,0,
7/30/2026 1:20:00 AM,RTD,7/30/2026 1:25:00 AM,CVIS,Ru,38.65,0,,0,38.65,0,0,
7/30/2026 1:20:00 AM,RTD,7/30/2026 1:25:00 AM,CMIN,Ru,36.55,0,,0,36.55,0,0,
7/30/2026 1:20:00 AM,RTD,7/30/2026 1:25:00 AM,CLUZ,Ru,195,0,,0,195,0,0,
7/30/2026 1:25:00 AM,RTD,7/30/2026 1:30:00 AM,CVIS,Dr,93,0,,0,93,0,0,
7/30/2026 1:25:00 AM,RTD,7/30/2026 1:30:00 AM,CMIN,Dr,110,0,,0,110,0,0,
7/30/2026 1:25:00 AM,RTD,7/30/2026 1:30:00 AM,CLUZ,Dr,668,0,,0,668,0,0,
7/30/2026 1:25:00 AM,RTD,7/30/2026 1:30:00 AM,CMIN,En,1764.93,0,0,41.14,2015.21,0,209.10,
7/30/2026 1:25:00 AM,RTD,7/30/2026 1:30:00 AM,CLUZ,En,8234.92,306,0,151,8871.96,0,180,
7/30/2026 1:25:00 AM,RTD,7/30/2026 1:30:00 AM,CVIS,En,1716.99,0,0,25.88,1353.77,389.10,0,
7/30/2026 1:25:00 AM,RTD,7/30/2026 1:30:00 AM,CMIN,Fr,110,0,,0,110,0,0,
7/30/2026 1:25:00 AM,RTD,7/30/2026 1:30:00 AM,CVIS,Fr,134,0,,0,134,0,0,
7/30/2026 1:25:00 AM,RTD,7/30/2026 1:30:00 AM,CLUZ,Fr,668,0,,0,637.10,0,0,
7/30/2026 1:25:00 AM,RTD,7/30/2026 1:30:00 AM,CMIN,Rd,36.55,0,,0,36.55,0,0,
7/30/2026 1:25:00 AM,RTD,7/30/2026 1:30:00 AM,CLUZ,Rd,195,0,,0,195,0,0,
7/30/2026 1:25:00 AM,RTD,7/30/2026 1:30:00 AM,CVIS,Rd,38.65,0,,0,38.65,0,0,
7/30/2026 1:25:00 AM,RTD,7/30/2026 1:30:00 AM,CVIS,Ru,38.65,0,,0,38.65,0,0,
7/30/2026 1:25:00 AM,RTD,7/30/2026 1:30:00 AM,CMIN,Ru,36.55,0,,0,36.55,0,0,
7/30/2026 1:25:00 AM,RTD,7/30/2026 1:30:00 AM,CLUZ,Ru,195,0,,0,195,0,0,
7/30/2026 1:30:00 AM,RTD,7/30/2026 1:35:00 AM,CVIS,Dr,93,0,,0,93,0,0,
7/30/2026 1:30:00 AM,RTD,7/30/2026 1:35:00 AM,CMIN,Dr,110,0,,0,110,0,0,
7/30/2026 1:30:00 AM,RTD,7/30/2026 1:35:00 AM,CLUZ,Dr,668,0,,0,668,0,0,
7/30/2026 1:30:00 AM,RTD,7/30/2026 1:35:00 AM,CMIN,En,1754.93,0,0,39.62,1996.28,0,201.72,
7/30/2026 1:30:00 AM,RTD,7/30/2026 1:35:00 AM,CLUZ,En,8218.82,306,0,150.28,8855.08,0,180,
7/30/2026 1:30:00 AM,RTD,7/30/2026 1:35:00 AM,CVIS,En,1713.31,0,0,26.16,1357.72,381.72,0,
7/30/2026 1:30:00 AM,RTD,7/30/2026 1:35:00 AM,CMIN,Fr,110,0,,0,110,0,0,
7/30/2026 1:30:00 AM,RTD,7/30/2026 1:35:00 AM,CVIS,Fr,134,0,,0,134,0,0,
7/30/2026 1:30:00 AM,RTD,7/30/2026 1:35:00 AM,CLUZ,Fr,668,0,,0,637.10,0,0,
7/30/2026 1:30:00 AM,RTD,7/30/2026 1:35:00 AM,CMIN,Rd,36.55,0,,0,36.55,0,0,
7/30/2026 1:30:00 AM,RTD,7/30/2026 1:35:00 AM,CLUZ,Rd,195,0,,0,195,0,0,
7/30/2026 1:30:00 AM,RTD,7/30/2026 1:35:00 AM,CVIS,Rd,38.65,0,,0,38.65,0,0,
7/30/2026 1:30:00 AM,RTD,7/30/2026 1:35:00 AM,CVIS,Ru,38.65,0,,0,38.65,0,0,
7/30/2026 1:30:00 AM,RTD,7/30/2026 1:35:00 AM,CMIN,Ru,36.55,0,,0,36.55,0,0,
7/30/2026 1:30:00 AM,RTD,7/30/2026 1:35:00 AM,CLUZ,Ru,195,0,,0,195,0,0,
7/30/2026 1:35:00 AM,RTD,7/30/2026 1:40:00 AM,CMIN,Dr,110,0,,0,110,0,0,
7/30/2026 1:35:00 AM,RTD,7/30/2026 1:40:00 AM,CVIS,Dr,93,0,,0,93,0,0,
7/30/2026 1:35:00 AM,RTD,7/30/2026 1:40:00 AM,CLUZ,Dr,668,0,,0,668,0,0,
7/30/2026 1:35:00 AM,RTD,7/30/2026 1:40:00 AM,CLUZ,En,8212.72,306,0,149.81,8840.58,0,171.89,
7/30/2026 1:35:00 AM,RTD,7/30/2026 1:40:00 AM,CMIN,En,1745.16,0,0,38.83,1993.89,0,209.87,
7/30/2026 1:35:00 AM,RTD,7/30/2026 1:40:00 AM,CVIS,En,1710.92,0,0,25.58,1354.72,381.76,0,
7/30/2026 1:35:00 AM,RTD,7/30/2026 1:40:00 AM,CMIN,Fr,110,0,,0,110,0,0,
7/30/2026 1:35:00 AM,RTD,7/30/2026 1:40:00 AM,CVIS,Fr,134,0,,0,134,0,0,
7/30/2026 1:35:00 AM,RTD,7/30/2026 1:40:00 AM,CLUZ,Fr,668,0,,0,637.10,0,0,
7/30/2026 1:35:00 AM,RTD,7/30/2026 1:40:00 AM,CMIN,Rd,36.55,0,,0,36.55,0,0,
7/30/2026 1:35:00 AM,RTD,7/30/2026 1:40:00 AM,CVIS,Rd,38.65,0,,0,38.65,0,0,
7/30/2026 1:35:00 AM,RTD,7/30/2026 1:40:00 AM,CLUZ,Rd,195,0,,0,195,0,0,
7/30/2026 1:35:00 AM,RTD,7/30/2026 1:40:00 AM,CVIS,Ru,38.65,0,,0,38.65,0,0,
7/30/2026 1:35:00 AM,RTD,7/30/2026 1:40:00 AM,CLUZ,Ru,195,0,,0,195,0,0,
7/30/2026 1:35:00 AM,RTD,7/30/2026 1:40:00 AM,CMIN,Ru,36.55,0,,0,36.55,0,0,
7/30/2026 1:40:00 AM,RTD,7/30/2026 1:45:00 AM,CVIS,Dr,93,0,,0,93,0,0,
7/30/2026 1:40:00 AM,RTD,7/30/2026 1:45:00 AM,CMIN,Dr,110,0,,0,110,0,0,
7/30/2026 1:40:00 AM,RTD,7/30/2026 1:45:00 AM,CLUZ,Dr,668,0,,0,668,0,0,
7/30/2026 1:40:00 AM,RTD,7/30/2026 1:45:00 AM,CMIN,En,1746.98,0,0,38.95,1976.63,0,190.68,
7/30/2026 1:40:00 AM,RTD,7/30/2026 1:45:00 AM,CLUZ,En,8193.95,306,0,149.31,8829.25,0,180,
7/30/2026 1:40:00 AM,RTD,7/30/2026 1:45:00 AM,CVIS,En,1701.64,0,0,26.16,1357.10,370.68,0,
7/30/2026 1:40:00 AM,RTD,7/30/2026 1:45:00 AM,CMIN,Fr,110,0,,0,110,0,0,
7/30/2026 1:40:00 AM,RTD,7/30/2026 1:45:00 AM,CVIS,Fr,134,0,,0,134,0,0,
7/30/2026 1:40:00 AM,RTD,7/30/2026 1:45:00 AM,CLUZ,Fr,668,0,,0,637.10,0,0,
7/30/2026 1:40:00 AM,RTD,7/30/2026 1:45:00 AM,CMIN,Rd,36.55,0,,0,36.55,0,0,
7/30/2026 1:40:00 AM,RTD,7/30/2026 1:45:00 AM,CLUZ,Rd,195,0,,0,195,0,0,
7/30/2026 1:40:00 AM,RTD,7/30/2026 1:45:00 AM,CVIS,Rd,38.65,0,,0,38.65,0,0,
7/30/2026 1:40:00 AM,RTD,7/30/2026 1:45:00 AM,CVIS,Ru,38.65,0,,0,38.65,0,0,
7/30/2026 1:40:00 AM,RTD,7/30/2026 1:45:00 AM,CMIN,Ru,36.55,0,,0,36.55,0,0,
7/30/2026 1:40:00 AM,RTD,7/30/2026 1:45:00 AM,CLUZ,Ru,195,0,,0,195,0,0,
7/30/2026 1:45:00 AM,RTD,7/30/2026 1:50:00 AM,CVIS,Dr,93,0,,0,93,0,0,
7/30/2026 1:45:00 AM,RTD,7/30/2026 1:50:00 AM,CMIN,Dr,110,0,,0,110,0,0,
7/30/2026 1:45:00 AM,RTD,7/30/2026 1:50:00 AM,CLUZ,Dr,668,0,,0,668,0,0,
7/30/2026 1:45:00 AM,RTD,7/30/2026 1:50:00 AM,CMIN,En,1741.11,0,0,38.80,1968.71,0,188.79,
7/30/2026 1:45:00 AM,RTD,7/30/2026 1:50:00 AM,CLUZ,En,8165.03,306,0,148.17,8799.23,0,180,
7/30/2026 1:45:00 AM,RTD,7/30/2026 1:50:00 AM,CVIS,En,1697.04,0,0,26.18,1354.43,368.79,0,
7/30/2026 1:45:00 AM,RTD,7/30/2026 1:50:00 AM,CMIN,Fr,110,0,,0,110,0,0,
7/30/2026 1:45:00 AM,RTD,7/30/2026 1:50:00 AM,CVIS,Fr,134,0,,0,134,0,0,
7/30/2026 1:45:00 AM,RTD,7/30/2026 1:50:00 AM,CLUZ,Fr,668,0,,0,637.10,0,0,
7/30/2026 1:45:00 AM,RTD,7/30/2026 1:50:00 AM,CMIN,Rd,36.55,0,,0,36.55,0,0,
7/30/2026 1:45:00 AM,RTD,7/30/2026 1:50:00 AM,CLUZ,Rd,195,0,,0,195,0,0,
7/30/2026 1:45:00 AM,RTD,7/30/2026 1:50:00 AM,CVIS,Rd,38.65,0,,0,38.65,0,0,
7/30/2026 1:45:00 AM,RTD,7/30/2026 1:50:00 AM,CVIS,Ru,38.65,0,,0,38.65,0,0,
7/30/2026 1:45:00 AM,RTD,7/30/2026 1:50:00 AM,CMIN,Ru,36.55,0,,0,36.55,0,0,
7/30/2026 1:45:00 AM,RTD,7/30/2026 1:50:00 AM,CLUZ,Ru,195,0,,0,195,0,0,
7/30/2026 1:50:00 AM,RTD,7/30/2026 1:55:00 AM,CLUZ,Dr,668,0,,0,668,0,0,
7/30/2026 1:50:00 AM,RTD,7/30/2026 1:55:00 AM,CMIN,Dr,110,0,,0,110,0,0,
7/30/2026 1:50:00 AM,RTD,7/30/2026 1:55:00 AM,CVIS,Dr,93,0,,0,93,0,0,
7/30/2026 1:50:00 AM,RTD,7/30/2026 1:55:00 AM,CLUZ,En,8123.97,306,0,146.57,8750.11,0,173.65,
7/30/2026 1:50:00 AM,RTD,7/30/2026 1:55:00 AM,CMIN,En,1739.53,0,0,38.62,1959.26,0,181.11,
7/30/2026 1:50:00 AM,RTD,7/30/2026 1:55:00 AM,CVIS,En,1686.95,0,0,25.58,1357.75,354.76,0,
7/30/2026 1:50:00 AM,RTD,7/30/2026 1:55:00 AM,CLUZ,Fr,668,0,,0,637.10,0,0,
7/30/2026 1:50:00 AM,RTD,7/30/2026 1:55:00 AM,CVIS,Fr,134,0,,0,134,0,0,
7/30/2026 1:50:00 AM,RTD,7/30/2026 1:55:00 AM,CMIN,Fr,110,0,,0,110,0,0,
7/30/2026 1:50:00 AM,RTD,7/30/2026 1:55:00 AM,CMIN,Rd,36.55,0,,0,36.55,0,0,
7/30/2026 1:50:00 AM,RTD,7/30/2026 1:55:00 AM,CLUZ,Rd,195,0,,0,195,0,0,
7/30/2026 1:50:00 AM,RTD,7/30/2026 1:55:00 AM,CVIS,Rd,38.65,0,,0,38.65,0,0,
7/30/2026 1:50:00 AM,RTD,7/30/2026 1:55:00 AM,CMIN,Ru,36.55,0,,0,36.55,0,0,
7/30/2026 1:50:00 AM,RTD,7/30/2026 1:55:00 AM,CLUZ,Ru,195,0,,0,195,0,0,
7/30/2026 1:50:00 AM,RTD,7/30/2026 1:55:00 AM,CVIS,Ru,38.65,0,,0,38.65,0,0,
7/30/2026 1:55:00 AM,RTD,7/30/2026 2:00:00 AM,CVIS,Dr,93,0,,0,93,0,0,
7/30/2026 1:55:00 AM,RTD,7/30/2026 2:00:00 AM,CMIN,Dr,110,0,,0,110,0,0,
7/30/2026 1:55:00 AM,RTD,7/30/2026 2:00:00 AM,CLUZ,Dr,668,0,,0,668,0,0,
7/30/2026 1:55:00 AM,RTD,7/30/2026 2:00:00 AM,CMIN,En,1733.05,0,0,38.19,1946.12,0,174.91,
7/30/2026 1:55:00 AM,RTD,7/30/2026 2:00:00 AM,CLUZ,En,8110.92,306,0,144.38,8739.65,0,178.48,
7/30/2026 1:55:00 AM,RTD,7/30/2026 2:00:00 AM,CVIS,En,1683.71,0,0,25.93,1356.25,353.39,0,
7/30/2026 1:55:00 AM,RTD,7/30/2026 2:00:00 AM,CMIN,Fr,110,0,,0,110,0,0,
7/30/2026 1:55:00 AM,RTD,7/30/2026 2:00:00 AM,CVIS,Fr,134,0,,0,134,0,0,
7/30/2026 1:55:00 AM,RTD,7/30/2026 2:00:00 AM,CLUZ,Fr,668,0,,0,637.10,0,0,
7/30/2026 1:55:00 AM,RTD,7/30/2026 2:00:00 AM,CMIN,Rd,36.55,0,,0,36.55,0,0,
7/30/2026 1:55:00 AM,RTD,7/30/2026 2:00:00 AM,CLUZ,Rd,195,0,,0,195,0,0,
7/30/2026 1:55:00 AM,RTD,7/30/2026 2:00:00 AM,CVIS,Rd,38.65,0,,0,38.65,0,0,
7/30/2026 1:55:00 AM,RTD,7/30/2026 2:00:00 AM,CVIS,Ru,38.65,0,,0,38.65,0,0,
7/30/2026 1:55:00 AM,RTD,7/30/2026 2:00:00 AM,CMIN,Ru,36.55,0,,0,36.55,0,0,
7/30/2026 1:55:00 AM,RTD,7/30/2026 2:00:00 AM,CLUZ,Ru,195,0,,0,195,0,0,
7/30/2026 2:00:00 AM,RTD,7/30/2026 2:05:00 AM,CVIS,Dr,93,0,,0,93,0,0,
7/30/2026 2:00:00 AM,RTD,7/30/2026 2:05:00 AM,CMIN,Dr,110,0,,0,110,0,0,
7/30/2026 2:00:00 AM,RTD,7/30/2026 2:05:00 AM,CLUZ,Dr,664,0,,0,664,0,0,
7/30/2026 2:00:00 AM,RTD,7/30/2026 2:05:00 AM,CMIN,En,1733.46,0,0,38.73,1952.31,0,180.11,
7/30/2026 2:00:00 AM,RTD,7/30/2026 2:05:00 AM,CLUZ,En,8068.77,306,0,143.54,8698.31,0,180,
7/30/2026 2:00:00 AM,RTD,7/30/2026 2:05:00 AM,CVIS,En,1693.73,0,0,25.98,1359.62,360.11,0,
7/30/2026 2:00:00 AM,RTD,7/30/2026 2:05:00 AM,CMIN,Fr,110,0,,0,110,0,0,
7/30/2026 2:00:00 AM,RTD,7/30/2026 2:05:00 AM,CVIS,Fr,134,0,,0,134,0,0,
7/30/2026 2:00:00 AM,RTD,7/30/2026 2:05:00 AM,CLUZ,Fr,664,0,,0,637.10,0,0,
7/30/2026 2:00:00 AM,RTD,7/30/2026 2:05:00 AM,CMIN,Rd,35.55,0,,0,35.55,0,0,
7/30/2026 2:00:00 AM,RTD,7/30/2026 2:05:00 AM,CLUZ,Rd,188.50,0,,0,188.50,0,0,
7/30/2026 2:00:00 AM,RTD,7/30/2026 2:05:00 AM,CVIS,Rd,37.10,0,,0,37.10,0,0,
7/30/2026 2:00:00 AM,RTD,7/30/2026 2:05:00 AM,CVIS,Ru,37.10,0,,0,37.10,0,0,
7/30/2026 2:00:00 AM,RTD,7/30/2026 2:05:00 AM,CMIN,Ru,35.55,0,,0,35.55,0,0,
7/30/2026 2:00:00 AM,RTD,7/30/2026 2:05:00 AM,CLUZ,Ru,188.50,0,,0,188.50,0,0,
7/30/2026 2:05:00 AM,RTD,7/30/2026 2:10:00 AM,CVIS,Dr,93,0,,0,93,0,0,
7/30/2026 2:05:00 AM,RTD,7/30/2026 2:10:00 AM,CMIN,Dr,110,0,,0,110,0,0,
7/30/2026 2:05:00 AM,RTD,7/30/2026 2:10:00 AM,CLUZ,Dr,664,0,,0,664,0,0,
7/30/2026 2:05:00 AM,RTD,7/30/2026 2:10:00 AM,CMIN,En,1761.10,0,0,40.82,1971.85,0,169.91,
7/30/2026 2:05:00 AM,RTD,7/30/2026 2:10:00 AM,CLUZ,En,8063.30,306,0,143.09,8692.33,0,180,
7/30/2026 2:05:00 AM,RTD,7/30/2026 2:10:00 AM,CVIS,En,1691.88,0,0,26.03,1367.99,349.91,0,
7/30/2026 2:05:00 AM,RTD,7/30/2026 2:10:00 AM,CMIN,Fr,110,0,,0,110,0,0,
7/30/2026 2:05:00 AM,RTD,7/30/2026 2:10:00 AM,CVIS,Fr,134,0,,0,134,0,0,
7/30/2026 2:05:00 AM,RTD,7/30/2026 2:10:00 AM,CLUZ,Fr,664,0,,0,637.10,0,0,
7/30/2026 2:05:00 AM,RTD,7/30/2026 2:10:00 AM,CMIN,Rd,35.55,0,,0,35.55,0,0,
7/30/2026 2:05:00 AM,RTD,7/30/2026 2:10:00 AM,CLUZ,Rd,188.50,0,,0,188.50,0,0,
7/30/2026 2:05:00 AM,RTD,7/30/2026 2:10:00 AM,CVIS,Rd,37.10,0,,0,37.10,0,0,
7/30/2026 2:05:00 AM,RTD,7/30/2026 2:10:00 AM,CVIS,Ru,37.10,0,,0,37.10,0,0,
7/30/2026 2:05:00 AM,RTD,7/30/2026 2:10:00 AM,CMIN,Ru,35.55,0,,0,35.55,0,0,
7/30/2026 2:05:00 AM,RTD,7/30/2026 2:10:00 AM,CLUZ,Ru,188.50,0,,0,188.50,0,0,
7/30/2026 2:10:00 AM,RTD,7/30/2026 2:15:00 AM,CVIS,Dr,93,0,,0,93,0,0,
7/30/2026 2:10:00 AM,RTD,7/30/2026 2:15:00 AM,CMIN,Dr,110,0,,0,110,0,0,
7/30/2026 2:10:00 AM,RTD,7/30/2026 2:15:00 AM,CLUZ,Dr,664,0,,0,664,0,0,
7/30/2026 2:10:00 AM,RTD,7/30/2026 2:15:00 AM,CMIN,En,1760.63,0,0,40.78,1975.83,0,174.42,
7/30/2026 2:10:00 AM,RTD,7/30/2026 2:15:00 AM,CLUZ,En,8040.48,306,0,143.53,8670.05,0,180,
7/30/2026 2:10:00 AM,RTD,7/30/2026 2:15:00 AM,CVIS,En,1687.84,0,0,25.64,1359.06,354.42,0,
7/30/2026 2:10:00 AM,RTD,7/30/2026 2:15:00 AM,CMIN,Fr,110,0,,0,110,0,0,
7/30/2026 2:10:00 AM,RTD,7/30/2026 2:15:00 AM,CVIS,Fr,134,0,,0,134,0,0,
7/30/2026 2:10:00 AM,RTD,7/30/2026 2:15:00 AM,CLUZ,Fr,664,0,,0,637.10,0,0,
7/30/2026 2:10:00 AM,RTD,7/30/2026 2:15:00 AM,CMIN,Rd,35.55,0,,0,35.55,0,0,
7/30/2026 2:10:00 AM,RTD,7/30/2026 2:15:00 AM,CLUZ,Rd,188.50,0,,0,188.50,0,0,
7/30/2026 2:10:00 AM,RTD,7/30/2026 2:15:00 AM,CVIS,Rd,37.10,0,,0,37.10,0,0,
7/30/2026 2:10:00 AM,RTD,7/30/2026 2:15:00 AM,CVIS,Ru,37.10,0,,0,37.10,0,0,
7/30/2026 2:10:00 AM,RTD,7/30/2026 2:15:00 AM,CMIN,Ru,35.55,0,,0,35.55,0,0,
7/30/2026 2:10:00 AM,RTD,7/30/2026 2:15:00 AM,CLUZ,Ru,188.50,0,,0,188.50,0,0,
7/30/2026 2:15:00 AM,RTD,7/30/2026 2:20:00 AM,CVIS,Dr,93,0,,0,93,0,0,
7/30/2026 2:15:00 AM,RTD,7/30/2026 2:20:00 AM,CMIN,Dr,110,0,,0,110,0,0,
7/30/2026 2:15:00 AM,RTD,7/30/2026 2:20:00 AM,CLUZ,Dr,664,0,,0,664,0,0,
7/30/2026 2:15:00 AM,RTD,7/30/2026 2:20:00 AM,CMIN,En,1752.38,0,0,41.32,1965.96,0,172.27,
7/30/2026 2:15:00 AM,RTD,7/30/2026 2:20:00 AM,CLUZ,En,8019.82,306,0,143.47,8649.31,0,180,
7/30/2026 2:15:00 AM,RTD,7/30/2026 2:20:00 AM,CVIS,En,1685.04,0,0,25.66,1358.44,352.27,0,
7/30/2026 2:15:00 AM,RTD,7/30/2026 2:20:00 AM,CMIN,Fr,110,0,,0,110,0,0,
7/30/2026 2:15:00 AM,RTD,7/30/2026 2:20:00 AM,CVIS,Fr,134,0,,0,134,0,0,
7/30/2026 2:15:00 AM,RTD,7/30/2026 2:20:00 AM,CLUZ,Fr,664,0,,0,637.10,0,0,
7/30/2026 2:15:00 AM,RTD,7/30/2026 2:20:00 AM,CMIN,Rd,35.55,0,,0,35.55,0,0,
7/30/2026 2:15:00 AM,RTD,7/30/2026 2:20:00 AM,CLUZ,Rd,188.50,0,,0,188.50,0,0,
7/30/2026 2:15:00 AM,RTD,7/30/2026 2:20:00 AM,CVIS,Rd,37.10,0,,0,37.10,0,0,
7/30/2026 2:15:00 AM,RTD,7/30/2026 2:20:00 AM,CVIS,Ru,37.10,0,,0,37.10,0,0,
7/30/2026 2:15:00 AM,RTD,7/30/2026 2:20:00 AM,CMIN,Ru,35.55,0,,0,35.55,0,0,
7/30/2026 2:15:00 AM,RTD,7/30/2026 2:20:00 AM,CLUZ,Ru,188.50,0,,0,188.50,0,0,
7/30/2026 2:20:00 AM,RTD,7/30/2026 2:25:00 AM,CVIS,Dr,93,0,,0,93,0,0,
7/30/2026 2:20:00 AM,RTD,7/30/2026 2:25:00 AM,CMIN,Dr,110,0,,0,110,0,0,
7/30/2026 2:20:00 AM,RTD,7/30/2026 2:25:00 AM,CLUZ,Dr,664,0,,0,664,0,0,
7/30/2026 2:20:00 AM,RTD,7/30/2026 2:25:00 AM,CMIN,En,1749.97,0,0,41.06,1954.44,0,163.42,
7/30/2026 2:20:00 AM,RTD,7/30/2026 2:25:00 AM,CLUZ,En,8001.55,306,0,142.20,8629.73,0,180,
7/30/2026 2:20:00 AM,RTD,7/30/2026 2:25:00 AM,CVIS,En,1676.21,0,0,25.70,1358.46,343.42,0,
7/30/2026 2:20:00 AM,RTD,7/30/2026 2:25:00 AM,CMIN,Fr,110,0,,0,110,0,0,
7/30/2026 2:20:00 AM,RTD,7/30/2026 2:25:00 AM,CVIS,Fr,134,0,,0,134,0,0,
7/30/2026 2:20:00 AM,RTD,7/30/2026 2:25:00 AM,CLUZ,Fr,664,0,,0,637.10,0,0,
7/30/2026 2:20:00 AM,RTD,7/30/2026 2:25:00 AM,CMIN,Rd,35.55,0,,0,35.55,0,0,
7/30/2026 2:20:00 AM,RTD,7/30/2026 2:25:00 AM,CLUZ,Rd,188.50,0,,0,188.50,0,0,
7/30/2026 2:20:00 AM,RTD,7/30/2026 2:25:00 AM,CVIS,Rd,37.10,0,,0,37.10,0,0,
7/30/2026 2:20:00 AM,RTD,7/30/2026 2:25:00 AM,CVIS,Ru,37.10,0,,0,37.10,0,0,
7/30/2026 2:20:00 AM,RTD,7/30/2026 2:25:00 AM,CMIN,Ru,35.55,0,,0,35.55,0,0,
7/30/2026 2:20:00 AM,RTD,7/30/2026 2:25:00 AM,CLUZ,Ru,188.50,0,,0,188.50,0,0,
7/30/2026 2:25:00 AM,RTD,7/30/2026 2:30:00 AM,CMIN,Dr,110,0,,0,110,0,0,
7/30/2026 2:25:00 AM,RTD,7/30/2026 2:30:00 AM,CVIS,Dr,93,0,,0,93,0,0,
7/30/2026 2:25:00 AM,RTD,7/30/2026 2:30:00 AM,CLUZ,Dr,664,0,,0,664,0,0,
7/30/2026 2:25:00 AM,RTD,7/30/2026 2:30:00 AM,CMIN,En,1744.65,0,0,39.78,1940.86,0,156.40,
7/30/2026 2:25:00 AM,RTD,7/30/2026 2:30:00 AM,CVIS,En,1670.32,0,0,25.64,1359.55,336.40,0,
7/30/2026 2:25:00 AM,RTD,7/30/2026 2:30:00 AM,CLUZ,En,7973.84,306,0,140.93,8600.57,0,180,
7/30/2026 2:25:00 AM,RTD,7/30/2026 2:30:00 AM,CVIS,Fr,134,0,,0,134,0,0,
7/30/2026 2:25:00 AM,RTD,7/30/2026 2:30:00 AM,CMIN,Fr,110,0,,0,110,0,0,
7/30/2026 2:25:00 AM,RTD,7/30/2026 2:30:00 AM,CLUZ,Fr,664,0,,0,637.10,0,0,
7/30/2026 2:25:00 AM,RTD,7/30/2026 2:30:00 AM,CVIS,Rd,37.10,0,,0,37.10,0,0,
7/30/2026 2:25:00 AM,RTD,7/30/2026 2:30:00 AM,CLUZ,Rd,188.50,0,,0,188.50,0,0,
7/30/2026 2:25:00 AM,RTD,7/30/2026 2:30:00 AM,CMIN,Rd,35.55,0,,0,35.55,0,0,
7/30/2026 2:25:00 AM,RTD,7/30/2026 2:30:00 AM,CVIS,Ru,37.10,0,,0,37.10,0,0,
7/30/2026 2:25:00 AM,RTD,7/30/2026 2:30:00 AM,CMIN,Ru,35.55,0,,0,35.55,0,0,
7/30/2026 2:25:00 AM,RTD,7/30/2026 2:30:00 AM,CLUZ,Ru,188.50,0,,0,188.50,0,0,
7/30/2026 2:30:00 AM,RTD,7/30/2026 2:35:00 AM,CVIS,Dr,93,0,,0,93,0,0,
7/30/2026 2:30:00 AM,RTD,7/30/2026 2:35:00 AM,CMIN,Dr,110,0,,0,110,0,0,
7/30/2026 2:30:00 AM,RTD,7/30/2026 2:35:00 AM,CLUZ,Dr,664,0,,0,664,0,0,
7/30/2026 2:30:00 AM,RTD,7/30/2026 2:35:00 AM,CMIN,En,1739.44,0,0,39.27,1936.55,0,157.84,
7/30/2026 2:30:00 AM,RTD,7/30/2026 2:35:00 AM,CLUZ,En,7958.38,306,0,139.97,8584.23,0,180,
7/30/2026 2:30:00 AM,RTD,7/30/2026 2:35:00 AM,CVIS,En,1670.81,0,0,25.68,1358.64,337.84,0,
7/30/2026 2:30:00 AM,RTD,7/30/2026 2:35:00 AM,CMIN,Fr,110,0,,0,110,0,0,
7/30/2026 2:30:00 AM,RTD,7/30/2026 2:35:00 AM,CVIS,Fr,134,0,,0,134,0,0,
7/30/2026 2:30:00 AM,RTD,7/30/2026 2:35:00 AM,CLUZ,Fr,664,0,,0,637.10,0,0,
7/30/2026 2:30:00 AM,RTD,7/30/2026 2:35:00 AM,CMIN,Rd,35.55,0,,0,35.55,0,0,
7/30/2026 2:30:00 AM,RTD,7/30/2026 2:35:00 AM,CLUZ,Rd,188.50,0,,0,188.50,0,0,
7/30/2026 2:30:00 AM,RTD,7/30/2026 2:35:00 AM,CVIS,Rd,37.10,0,,0,37.10,0,0,
7/30/2026 2:30:00 AM,RTD,7/30/2026 2:35:00 AM,CVIS,Ru,37.10,0,,0,37.10,0,0,
7/30/2026 2:30:00 AM,RTD,7/30/2026 2:35:00 AM,CMIN,Ru,35.55,0,,0,35.55,0,0,
7/30/2026 2:30:00 AM,RTD,7/30/2026 2:35:00 AM,CLUZ,Ru,188.50,0,,0,188.50,0,0,
7/30/2026 2:35:00 AM,RTD,7/30/2026 2:40:00 AM,CVIS,Dr,93,0,,0,93,0,0,
7/30/2026 2:35:00 AM,RTD,7/30/2026 2:40:00 AM,CMIN,Dr,110,0,,0,110,0,0,
7/30/2026 2:35:00 AM,RTD,7/30/2026 2:40:00 AM,CLUZ,Dr,664,0,,0,664,0,0,
7/30/2026 2:35:00 AM,RTD,7/30/2026 2:40:00 AM,CMIN,En,1737.84,0,0,39.20,1934.79,0,157.77,
7/30/2026 2:35:00 AM,RTD,7/30/2026 2:40:00 AM,CLUZ,En,7945.04,306,0,139.25,8570.23,0,180,
7/30/2026 2:35:00 AM,RTD,7/30/2026 2:40:00 AM,CVIS,En,1667.56,0,0,25.71,1355.52,337.77,0,
7/30/2026 2:35:00 AM,RTD,7/30/2026 2:40:00 AM,CMIN,Fr,110,0,,0,110,0,0,
7/30/2026 2:35:00 AM,RTD,7/30/2026 2:40:00 AM,CVIS,Fr,134,0,,0,134,0,0,
7/30/2026 2:35:00 AM,RTD,7/30/2026 2:40:00 AM,CLUZ,Fr,664,0,,0,637.10,0,0,
7/30/2026 2:35:00 AM,RTD,7/30/2026 2:40:00 AM,CMIN,Rd,35.55,0,,0,35.55,0,0,
7/30/2026 2:35:00 AM,RTD,7/30/2026 2:40:00 AM,CLUZ,Rd,188.50,0,,0,188.50,0,0,
7/30/2026 2:35:00 AM,RTD,7/30/2026 2:40:00 AM,CVIS,Rd,37.10,0,,0,37.10,0,0,
7/30/2026 2:35:00 AM,RTD,7/30/2026 2:40:00 AM,CVIS,Ru,37.10,0,,0,37.10,0,0,
7/30/2026 2:35:00 AM,RTD,7/30/2026 2:40:00 AM,CMIN,Ru,35.55,0,,0,35.55,0,0,
7/30/2026 2:35:00 AM,RTD,7/30/2026 2:40:00 AM,CLUZ,Ru,188.50,0,,0,188.50,0,0,
7/30/2026 2:40:00 AM,RTD,7/30/2026 2:45:00 AM,CVIS,Dr,93,0,,0,93,0,0,
7/30/2026 2:40:00 AM,RTD,7/30/2026 2:45:00 AM,CMIN,Dr,110,0,,0,110,0,0,
7/30/2026 2:40:00 AM,RTD,7/30/2026 2:45:00 AM,CLUZ,Dr,664,0,,0,664,0,0,
7/30/2026 2:40:00 AM,RTD,7/30/2026 2:45:00 AM,CMIN,En,1730.98,0,0,38.92,1925.79,0,155.90,
7/30/2026 2:40:00 AM,RTD,7/30/2026 2:45:00 AM,CLUZ,En,7918.80,306,0,138.60,8542.21,0,178.85,
7/30/2026 2:40:00 AM,RTD,7/30/2026 2:45:00 AM,CVIS,En,1663.88,0,0,25.63,1354.74,334.75,0,
7/30/2026 2:40:00 AM,RTD,7/30/2026 2:45:00 AM,CMIN,Fr,110,0,,0,110,0,0,
7/30/2026 2:40:00 AM,RTD,7/30/2026 2:45:00 AM,CVIS,Fr,134,0,,0,134,0,0,
7/30/2026 2:40:00 AM,RTD,7/30/2026 2:45:00 AM,CLUZ,Fr,664,0,,0,637.10,0,0,
7/30/2026 2:40:00 AM,RTD,7/30/2026 2:45:00 AM,CMIN,Rd,35.55,0,,0,35.55,0,0,
7/30/2026 2:40:00 AM,RTD,7/30/2026 2:45:00 AM,CLUZ,Rd,188.50,0,,0,188.50,0,0,
7/30/2026 2:40:00 AM,RTD,7/30/2026 2:45:00 AM,CVIS,Rd,37.10,0,,0,37.10,0,0,
7/30/2026 2:40:00 AM,RTD,7/30/2026 2:45:00 AM,CVIS,Ru,37.10,0,,0,37.10,0,0,
7/30/2026 2:40:00 AM,RTD,7/30/2026 2:45:00 AM,CMIN,Ru,35.55,0,,0,35.55,0,0,
7/30/2026 2:40:00 AM,RTD,7/30/2026 2:45:00 AM,CLUZ,Ru,188.50,0,,0,188.50,0,0,
7/30/2026 2:45:00 AM,RTD,7/30/2026 2:50:00 AM,CMIN,Dr,110,0,,0,110,0,0,
7/30/2026 2:45:00 AM,RTD,7/30/2026 2:50:00 AM,CLUZ,Dr,664,0,,0,664,0,0,
7/30/2026 2:45:00 AM,RTD,7/30/2026 2:50:00 AM,CVIS,Dr,93,0,,0,93,0,0,
7/30/2026 2:45:00 AM,RTD,7/30/2026 2:50:00 AM,CVIS,En,1650.31,0,0,25.73,1352.55,323.49,0,
7/30/2026 2:45:00 AM,RTD,7/30/2026 2:50:00 AM,CMIN,En,1724.82,0,0,38.53,1906.89,0,143.49,
7/30/2026 2:45:00 AM,RTD,7/30/2026 2:50:00 AM,CLUZ,En,7895.09,306,0,137.86,8518.97,0,180,
7/30/2026 2:45:00 AM,RTD,7/30/2026 2:50:00 AM,CLUZ,Fr,664,0,,0,637.10,0,0,
7/30/2026 2:45:00 AM,RTD,7/30/2026 2:50:00 AM,CVIS,Fr,134,0,,0,134,0,0,
7/30/2026 2:45:00 AM,RTD,7/30/2026 2:50:00 AM,CMIN,Fr,110,0,,0,110,0,0,
7/30/2026 2:45:00 AM,RTD,7/30/2026 2:50:00 AM,CVIS,Rd,37.10,0,,0,37.10,0,0,
7/30/2026 2:45:00 AM,RTD,7/30/2026 2:50:00 AM,CMIN,Rd,35.55,0,,0,35.55,0,0,
7/30/2026 2:45:00 AM,RTD,7/30/2026 2:50:00 AM,CLUZ,Rd,188.50,0,,0,188.50,0,0,
7/30/2026 2:45:00 AM,RTD,7/30/2026 2:50:00 AM,CVIS,Ru,37.10,0,,0,37.10,0,0,
7/30/2026 2:45:00 AM,RTD,7/30/2026 2:50:00 AM,CMIN,Ru,35.55,0,,0,35.55,0,0,
7/30/2026 2:45:00 AM,RTD,7/30/2026 2:50:00 AM,CLUZ,Ru,188.50,0,,0,188.50,0,0,
7/30/2026 2:50:00 AM,RTD,7/30/2026 2:55:00 AM,CVIS,Dr,93,0,,0,93,0,0,
7/30/2026 2:50:00 AM,RTD,7/30/2026 2:55:00 AM,CMIN,Dr,110,0,,0,110,0,0,
7/30/2026 2:50:00 AM,RTD,7/30/2026 2:55:00 AM,CLUZ,Dr,664,0,,0,664,0,0,
7/30/2026 2:50:00 AM,RTD,7/30/2026 2:55:00 AM,CMIN,En,1727.96,0,0,38.77,1904.56,0,137.82,
7/30/2026 2:50:00 AM,RTD,7/30/2026 2:55:00 AM,CLUZ,En,7877.86,306,0,136.98,8500.80,0,180,
7/30/2026 2:50:00 AM,RTD,7/30/2026 2:55:00 AM,CVIS,En,1647.64,0,0,25.70,1355.51,317.82,0,
7/30/2026 2:50:00 AM,RTD,7/30/2026 2:55:00 AM,CMIN,Fr,110,0,,0,110,0,0,
7/30/2026 2:50:00 AM,RTD,7/30/2026 2:55:00 AM,CVIS,Fr,134,0,,0,134,0,0,
7/30/2026 2:50:00 AM,RTD,7/30/2026 2:55:00 AM,CLUZ,Fr,664,0,,0,637.10,0,0,
7/30/2026 2:50:00 AM,RTD,7/30/2026 2:55:00 AM,CMIN,Rd,35.55,0,,0,35.55,0,0,
7/30/2026 2:50:00 AM,RTD,7/30/2026 2:55:00 AM,CLUZ,Rd,188.50,0,,0,188.50,0,0,
7/30/2026 2:50:00 AM,RTD,7/30/2026 2:55:00 AM,CVIS,Rd,37.10,0,,0,37.10,0,0,
7/30/2026 2:50:00 AM,RTD,7/30/2026 2:55:00 AM,CVIS,Ru,37.10,0,,0,37.10,0,0,
7/30/2026 2:50:00 AM,RTD,7/30/2026 2:55:00 AM,CMIN,Ru,35.55,0,,0,35.55,0,0,
7/30/2026 2:50:00 AM,RTD,7/30/2026 2:55:00 AM,CLUZ,Ru,188.50,0,,0,188.50,0,0,
7/30/2026 2:55:00 AM,RTD,7/30/2026 3:00:00 AM,CVIS,Dr,93,0,,0,93,0,0,
7/30/2026 2:55:00 AM,RTD,7/30/2026 3:00:00 AM,CMIN,Dr,110,0,,0,110,0,0,
7/30/2026 2:55:00 AM,RTD,7/30/2026 3:00:00 AM,CLUZ,Dr,664,0,,0,664,0,0,
7/30/2026 2:55:00 AM,RTD,7/30/2026 3:00:00 AM,CMIN,En,1730.21,0,0,38.99,1905.32,0,136.11,
7/30/2026 2:55:00 AM,RTD,7/30/2026 3:00:00 AM,CLUZ,En,7853.93,306,0,136.42,8476.30,0,180,
7/30/2026 2:55:00 AM,RTD,7/30/2026 3:00:00 AM,CVIS,En,1646.48,0,0,25.70,1356.08,316.11,0,
7/30/2026 2:55:00 AM,RTD,7/30/2026 3:00:00 AM,CMIN,Fr,110,0,,0,110,0,0,
7/30/2026 2:55:00 AM,RTD,7/30/2026 3:00:00 AM,CVIS,Fr,134,0,,0,134,0,0,
7/30/2026 2:55:00 AM,RTD,7/30/2026 3:00:00 AM,CLUZ,Fr,664,0,,0,637.10,0,0,
7/30/2026 2:55:00 AM,RTD,7/30/2026 3:00:00 AM,CMIN,Rd,35.55,0,,0,35.55,0,0,
7/30/2026 2:55:00 AM,RTD,7/30/2026 3:00:00 AM,CLUZ,Rd,188.50,0,,0,188.50,0,0,
7/30/2026 2:55:00 AM,RTD,7/30/2026 3:00:00 AM,CVIS,Rd,37.10,0,,0,37.10,0,0,
7/30/2026 2:55:00 AM,RTD,7/30/2026 3:00:00 AM,CVIS,Ru,37.10,0,,0,37.10,0,0,
7/30/2026 2:55:00 AM,RTD,7/30/2026 3:00:00 AM,CMIN,Ru,35.55,0,,0,35.55,0,0,
7/30/2026 2:55:00 AM,RTD,7/30/2026 3:00:00 AM,CLUZ,Ru,188.50,0,,0,188.50,0,0,
7/30/2026 3:00:00 AM,RTD,7/30/2026 3:05:00 AM,CMIN,Dr,110,0,,0,110,0,0,
7/30/2026 3:00:00 AM,RTD,7/30/2026 3:05:00 AM,CVIS,Dr,93,0,,0,93,0,0,
7/30/2026 3:00:00 AM,RTD,7/30/2026 3:05:00 AM,CLUZ,Dr,653,0,,0,653,0,0,
7/30/2026 3:00:00 AM,RTD,7/30/2026 3:05:00 AM,CLUZ,En,7833.21,306,0,135.71,8454.95,0,180,
7/30/2026 3:00:00 AM,RTD,7/30/2026 3:05:00 AM,CMIN,En,1722.56,0,0,37.66,1908.39,0,148.14,
7/30/2026 3:00:00 AM,RTD,7/30/2026 3:05:00 AM,CVIS,En,1645.15,0,0,25.81,1342.83,328.14,0,
7/30/2026 3:00:00 AM,RTD,7/30/2026 3:05:00 AM,CLUZ,Fr,653,0,,0,637.10,0,0,
7/30/2026 3:00:00 AM,RTD,7/30/2026 3:05:00 AM,CVIS,Fr,134,0,,0,134,0,0,
7/30/2026 3:00:00 AM,RTD,7/30/2026 3:05:00 AM,CMIN,Fr,110,0,,0,110,0,0,
7/30/2026 3:00:00 AM,RTD,7/30/2026 3:05:00 AM,CLUZ,Rd,184,0,,0,184,0,0,
7/30/2026 3:00:00 AM,RTD,7/30/2026 3:05:00 AM,CVIS,Rd,36.10,0,,0,36.10,0,0,
7/30/2026 3:00:00 AM,RTD,7/30/2026 3:05:00 AM,CMIN,Rd,35.42,0,,0,35.42,0,0,
7/30/2026 3:00:00 AM,RTD,7/30/2026 3:05:00 AM,CMIN,Ru,35.42,0,,0,35.42,0,0,
7/30/2026 3:00:00 AM,RTD,7/30/2026 3:05:00 AM,CVIS,Ru,36.10,0,,0,36.10,0,0,
7/30/2026 3:00:00 AM,RTD,7/30/2026 3:05:00 AM,CLUZ,Ru,184,0,,0,184,0,0,
7/30/2026 3:05:00 AM,RTD,7/30/2026 3:10:00 AM,CVIS,Dr,93,0,,0,93,0,0,
7/30/2026 3:05:00 AM,RTD,7/30/2026 3:10:00 AM,CMIN,Dr,110,0,,0,110,0,0,
7/30/2026 3:05:00 AM,RTD,7/30/2026 3:10:00 AM,CLUZ,Dr,653,0,,0,653,0,0,
7/30/2026 3:05:00 AM,RTD,7/30/2026 3:10:00 AM,CMIN,En,1726.30,0,0,38.26,1907.91,0,143.34,
7/30/2026 3:05:00 AM,RTD,7/30/2026 3:10:00 AM,CLUZ,En,7823.64,306,0,134.79,8444.38,0,180,
7/30/2026 3:05:00 AM,RTD,7/30/2026 3:10:00 AM,CVIS,En,1640.35,0,0,25.93,1342.95,323.34,0,
7/30/2026 3:05:00 AM,RTD,7/30/2026 3:10:00 AM,CMIN,Fr,110,0,,0,110,0,0,
7/30/2026 3:05:00 AM,RTD,7/30/2026 3:10:00 AM,CVIS,Fr,134,0,,0,134,0,0,
7/30/2026 3:05:00 AM,RTD,7/30/2026 3:10:00 AM,CLUZ,Fr,653,0,,0,637.10,0,0,
7/30/2026 3:05:00 AM,RTD,7/30/2026 3:10:00 AM,CMIN,Rd,35.42,0,,0,35.42,0,0,
7/30/2026 3:05:00 AM,RTD,7/30/2026 3:10:00 AM,CLUZ,Rd,184,0,,0,184,0,0,
7/30/2026 3:05:00 AM,RTD,7/30/2026 3:10:00 AM,CVIS,Rd,36.10,0,,0,36.10,0,0,
7/30/2026 3:05:00 AM,RTD,7/30/2026 3:10:00 AM,CVIS,Ru,36.10,0,,0,36.10,0,0,
7/30/2026 3:05:00 AM,RTD,7/30/2026 3:10:00 AM,CMIN,Ru,35.42,0,,0,35.42,0,0,
7/30/2026 3:05:00 AM,RTD,7/30/2026 3:10:00 AM,CLUZ,Ru,184,0,,0,184,0,0,
7/30/2026 3:10:00 AM,RTD,7/30/2026 3:15:00 AM,CVIS,Dr,93,0,,0,93,0,0,
7/30/2026 3:10:00 AM,RTD,7/30/2026 3:15:00 AM,CMIN,Dr,110,0,,0,110,0,0,
7/30/2026 3:10:00 AM,RTD,7/30/2026 3:15:00 AM,CLUZ,Dr,653,0,,0,653,0,0,
7/30/2026 3:10:00 AM,RTD,7/30/2026 3:15:00 AM,CMIN,En,1724.43,0,0,38.10,1915,0,152.46,
7/30/2026 3:10:00 AM,RTD,7/30/2026 3:15:00 AM,CLUZ,En,7811.47,306,0,134.27,8431.71,0,180,
7/30/2026 3:10:00 AM,RTD,7/30/2026 3:15:00 AM,CVIS,En,1647.41,0,0,25.83,1340.81,332.46,0,
7/30/2026 3:10:00 AM,RTD,7/30/2026 3:15:00 AM,CMIN,Fr,110,0,,0,110,0,0,
7/30/2026 3:10:00 AM,RTD,7/30/2026 3:15:00 AM,CVIS,Fr,134,0,,0,134,0,0,
7/30/2026 3:10:00 AM,RTD,7/30/2026 3:15:00 AM,CLUZ,Fr,653,0,,0,637.10,0,0,
7/30/2026 3:10:00 AM,RTD,7/30/2026 3:15:00 AM,CMIN,Rd,35.42,0,,0,35.42,0,0,
7/30/2026 3:10:00 AM,RTD,7/30/2026 3:15:00 AM,CLUZ,Rd,184,0,,0,184,0,0,
7/30/2026 3:10:00 AM,RTD,7/30/2026 3:15:00 AM,CVIS,Rd,36.10,0,,0,36.10,0,0,
7/30/2026 3:10:00 AM,RTD,7/30/2026 3:15:00 AM,CVIS,Ru,36.10,0,,0,36.10,0,0,
7/30/2026 3:10:00 AM,RTD,7/30/2026 3:15:00 AM,CMIN,Ru,35.42,0,,0,35.42,0,0,
7/30/2026 3:10:00 AM,RTD,7/30/2026 3:15:00 AM,CLUZ,Ru,184,0,,0,184,0,0,
7/30/2026 3:15:00 AM,RTD,7/30/2026 3:20:00 AM,CVIS,Dr,93,0,,0,93,0,0,
7/30/2026 3:15:00 AM,RTD,7/30/2026 3:20:00 AM,CMIN,Dr,110,0,,0,110,0,0,
7/30/2026 3:15:00 AM,RTD,7/30/2026 3:20:00 AM,CLUZ,Dr,653,0,,0,653,0,0,
7/30/2026 3:15:00 AM,RTD,7/30/2026 3:20:00 AM,CMIN,En,1722.75,0,0,37.95,1904,0,143.33,
7/30/2026 3:15:00 AM,RTD,7/30/2026 3:20:00 AM,CLUZ,En,7789.63,306,0,133.71,8409.37,0,180,
7/30/2026 3:15:00 AM,RTD,7/30/2026 3:20:00 AM,CVIS,En,1642.77,0,0,25.80,1345.25,323.33,0,
7/30/2026 3:15:00 AM,RTD,7/30/2026 3:20:00 AM,CMIN,Fr,110,0,,0,110,0,0,
7/30/2026 3:15:00 AM,RTD,7/30/2026 3:20:00 AM,CVIS,Fr,134,0,,0,134,0,0,
7/30/2026 3:15:00 AM,RTD,7/30/2026 3:20:00 AM,CLUZ,Fr,653,0,,0,637.10,0,0,
7/30/2026 3:15:00 AM,RTD,7/30/2026 3:20:00 AM,CMIN,Rd,35.42,0,,0,35.42,0,0,
7/30/2026 3:15:00 AM,RTD,7/30/2026 3:20:00 AM,CLUZ,Rd,184,0,,0,184,0,0,
7/30/2026 3:15:00 AM,RTD,7/30/2026 3:20:00 AM,CVIS,Rd,36.10,0,,0,36.10,0,0,
7/30/2026 3:15:00 AM,RTD,7/30/2026 3:20:00 AM,CVIS,Ru,36.10,0,,0,36.10,0,0,
7/30/2026 3:15:00 AM,RTD,7/30/2026 3:20:00 AM,CMIN,Ru,35.42,0,,0,35.42,0,0,
7/30/2026 3:15:00 AM,RTD,7/30/2026 3:20:00 AM,CLUZ,Ru,184,0,,0,184,0,0,
7/30/2026 3:20:00 AM,RTD,7/30/2026 3:25:00 AM,CVIS,Dr,93,0,,0,93,0,0,
7/30/2026 3:20:00 AM,RTD,7/30/2026 3:25:00 AM,CMIN,Dr,110,0,,0,110,0,0,
7/30/2026 3:20:00 AM,RTD,7/30/2026 3:25:00 AM,CLUZ,Dr,653,0,,0,653,0,0,
7/30/2026 3:20:00 AM,RTD,7/30/2026 3:25:00 AM,CMIN,En,1721.26,0,0,37.82,1893.50,0,134.42,
7/30/2026 3:20:00 AM,RTD,7/30/2026 3:25:00 AM,CLUZ,En,7774.18,306,0,132.83,8393.01,0,180,
7/30/2026 3:20:00 AM,RTD,7/30/2026 3:25:00 AM,CVIS,En,1634.36,0,0,25.78,1345.74,314.42,0,
7/30/2026 3:20:00 AM,RTD,7/30/2026 3:25:00 AM,CMIN,Fr,110,0,,0,110,0,0,
7/30/2026 3:20:00 AM,RTD,7/30/2026 3:25:00 AM,CVIS,Fr,134,0,,0,134,0,0,
7/30/2026 3:20:00 AM,RTD,7/30/2026 3:25:00 AM,CLUZ,Fr,653,0,,0,637.10,0,0,
7/30/2026 3:20:00 AM,RTD,7/30/2026 3:25:00 AM,CMIN,Rd,35.42,0,,0,35.42,0,0,
7/30/2026 3:20:00 AM,RTD,7/30/2026 3:25:00 AM,CLUZ,Rd,184,0,,0,184,0,0,
7/30/2026 3:20:00 AM,RTD,7/30/2026 3:25:00 AM,CVIS,Rd,36.10,0,,0,36.10,0,0,
7/30/2026 3:20:00 AM,RTD,7/30/2026 3:25:00 AM,CVIS,Ru,36.10,0,,0,36.10,0,0,
7/30/2026 3:20:00 AM,RTD,7/30/2026 3:25:00 AM,CMIN,Ru,35.42,0,,0,35.42,0,0,
7/30/2026 3:20:00 AM,RTD,7/30/2026 3:25:00 AM,CLUZ,Ru,184,0,,0,184,0,0,
7/30/2026 3:25:00 AM,RTD,7/30/2026 3:30:00 AM,CVIS,Dr,93,0,,0,93,0,0,
7/30/2026 3:25:00 AM,RTD,7/30/2026 3:30:00 AM,CMIN,Dr,110,0,,0,110,0,0,
7/30/2026 3:25:00 AM,RTD,7/30/2026 3:30:00 AM,CLUZ,Dr,653,0,,0,653,0,0,
7/30/2026 3:25:00 AM,RTD,7/30/2026 3:30:00 AM,CMIN,En,1718.52,0,0,37.24,1889.78,0,134.03,
7/30/2026 3:25:00 AM,RTD,7/30/2026 3:30:00 AM,CLUZ,En,7786.60,306,0,131.38,8403.92,0,180,
7/30/2026 3:25:00 AM,RTD,7/30/2026 3:30:00 AM,CVIS,En,1632.39,0,0,25.85,1344.20,314.03,0,
7/30/2026 3:25:00 AM,RTD,7/30/2026 3:30:00 AM,CMIN,Fr,110,0,,0,110,0,0,
7/30/2026 3:25:00 AM,RTD,7/30/2026 3:30:00 AM,CVIS,Fr,134,0,,0,134,0,0,
7/30/2026 3:25:00 AM,RTD,7/30/2026 3:30:00 AM,CLUZ,Fr,653,0,,0,637.10,0,0,
7/30/2026 3:25:00 AM,RTD,7/30/2026 3:30:00 AM,CMIN,Rd,35.42,0,,0,35.42,0,0,
7/30/2026 3:25:00 AM,RTD,7/30/2026 3:30:00 AM,CLUZ,Rd,184,0,,0,184,0,0,
7/30/2026 3:25:00 AM,RTD,7/30/2026 3:30:00 AM,CVIS,Rd,36.10,0,,0,36.10,0,0,
7/30/2026 3:25:00 AM,RTD,7/30/2026 3:30:00 AM,CVIS,Ru,36.10,0,,0,36.10,0,0,
7/30/2026 3:25:00 AM,RTD,7/30/2026 3:30:00 AM,CMIN,Ru,35.42,0,,0,35.42,0,0,
7/30/2026 3:25:00 AM,RTD,7/30/2026 3:30:00 AM,CLUZ,Ru,184,0,,0,184,0,0,
7/30/2026 3:30:00 AM,RTD,7/30/2026 3:35:00 AM,CVIS,Dr,93,0,,0,93,0,0,
7/30/2026 3:30:00 AM,RTD,7/30/2026 3:35:00 AM,CMIN,Dr,110,0,,0,110,0,0,
7/30/2026 3:30:00 AM,RTD,7/30/2026 3:35:00 AM,CLUZ,Dr,653,0,,0,653,0,0,
7/30/2026 3:30:00 AM,RTD,7/30/2026 3:35:00 AM,CMIN,En,1720.99,0,0,37.60,1887.19,0,128.59,
7/30/2026 3:30:00 AM,RTD,7/30/2026 3:35:00 AM,CLUZ,En,7769.63,306,0,131.38,8385.06,0,177.98,
7/30/2026 3:30:00 AM,RTD,7/30/2026 3:35:00 AM,CVIS,En,1630.76,0,0,25.63,1349.79,306.58,0,
7/30/2026 3:30:00 AM,RTD,7/30/2026 3:35:00 AM,CMIN,Fr,110,0,,0,110,0,0,
7/30/2026 3:30:00 AM,RTD,7/30/2026 3:35:00 AM,CVIS,Fr,134,0,,0,134,0,0,
7/30/2026 3:30:00 AM,RTD,7/30/2026 3:35:00 AM,CLUZ,Fr,653,0,,0,637.10,0,0,
7/30/2026 3:30:00 AM,RTD,7/30/2026 3:35:00 AM,CMIN,Rd,35.42,0,,0,35.42,0,0,
7/30/2026 3:30:00 AM,RTD,7/30/2026 3:35:00 AM,CLUZ,Rd,184,0,,0,184,0,0,
7/30/2026 3:30:00 AM,RTD,7/30/2026 3:35:00 AM,CVIS,Rd,36.10,0,,0,36.10,0,0,
7/30/2026 3:30:00 AM,RTD,7/30/2026 3:35:00 AM,CVIS,Ru,36.10,0,,0,36.10,0,0,
7/30/2026 3:30:00 AM,RTD,7/30/2026 3:35:00 AM,CMIN,Ru,35.42,0,,0,35.42,0,0,
7/30/2026 3:30:00 AM,RTD,7/30/2026 3:35:00 AM,CLUZ,Ru,184,0,,0,184,0,0,
7/30/2026 3:35:00 AM,RTD,7/30/2026 3:40:00 AM,CMIN,Dr,110,0,,0,110,0,0,
7/30/2026 3:35:00 AM,RTD,7/30/2026 3:40:00 AM,CLUZ,Dr,653,0,,0,653,0,0,
7/30/2026 3:35:00 AM,RTD,7/30/2026 3:40:00 AM,CVIS,Dr,93,0,,0,93,0,0,
7/30/2026 3:35:00 AM,RTD,7/30/2026 3:40:00 AM,CMIN,En,1717.02,0,0,37.19,1887.41,0,133.20,
7/30/2026 3:35:00 AM,RTD,7/30/2026 3:40:00 AM,CVIS,En,1630.75,0,0,25.77,1343.31,313.20,0,
7/30/2026 3:35:00 AM,RTD,7/30/2026 3:40:00 AM,CLUZ,En,7777.09,306,0,131.78,8394.90,0,180,
7/30/2026 3:35:00 AM,RTD,7/30/2026 3:40:00 AM,CVIS,Fr,134,0,,0,134,0,0,
7/30/2026 3:35:00 AM,RTD,7/30/2026 3:40:00 AM,CMIN,Fr,110,0,,0,110,0,0,
7/30/2026 3:35:00 AM,RTD,7/30/2026 3:40:00 AM,CLUZ,Fr,653,0,,0,637.10,0,0,
7/30/2026 3:35:00 AM,RTD,7/30/2026 3:40:00 AM,CMIN,Rd,35.42,0,,0,35.42,0,0,
7/30/2026 3:35:00 AM,RTD,7/30/2026 3:40:00 AM,CVIS,Rd,36.10,0,,0,36.10,0,0,
7/30/2026 3:35:00 AM,RTD,7/30/2026 3:40:00 AM,CLUZ,Rd,184,0,,0,184,0,0,
7/30/2026 3:35:00 AM,RTD,7/30/2026 3:40:00 AM,CMIN,Ru,35.42,0,,0,35.42,0,0,
7/30/2026 3:35:00 AM,RTD,7/30/2026 3:40:00 AM,CVIS,Ru,36.10,0,,0,36.10,0,0,
7/30/2026 3:35:00 AM,RTD,7/30/2026 3:40:00 AM,CLUZ,Ru,184,0,,0,184,0,0,
7/30/2026 3:40:00 AM,RTD,7/30/2026 3:45:00 AM,CVIS,Dr,93,0,,0,93,0,0,
7/30/2026 3:40:00 AM,RTD,7/30/2026 3:45:00 AM,CMIN,Dr,110,0,,0,110,0,0,
7/30/2026 3:40:00 AM,RTD,7/30/2026 3:45:00 AM,CLUZ,Dr,653,0,,0,653,0,0,
7/30/2026 3:40:00 AM,RTD,7/30/2026 3:45:00 AM,CMIN,En,1716.25,0,0,37.10,1887,0,133.65,
7/30/2026 3:40:00 AM,RTD,7/30/2026 3:45:00 AM,CLUZ,En,7778.24,306,0,131.90,8390.47,0,174.41,
7/30/2026 3:40:00 AM,RTD,7/30/2026 3:45:00 AM,CVIS,En,1631.82,0,0,25.32,1349.08,308.06,0,
7/30/2026 3:40:00 AM,RTD,7/30/2026 3:45:00 AM,CMIN,Fr,110,0,,0,110,0,0,
7/30/2026 3:40:00 AM,RTD,7/30/2026 3:45:00 AM,CVIS,Fr,134,0,,0,134,0,0,
7/30/2026 3:40:00 AM,RTD,7/30/2026 3:45:00 AM,CLUZ,Fr,653,0,,0,637.10,0,0,
7/30/2026 3:40:00 AM,RTD,7/30/2026 3:45:00 AM,CMIN,Rd,35.42,0,,0,35.42,0,0,
7/30/2026 3:40:00 AM,RTD,7/30/2026 3:45:00 AM,CLUZ,Rd,184,0,,0,184,0,0,
7/30/2026 3:40:00 AM,RTD,7/30/2026 3:45:00 AM,CVIS,Rd,36.10,0,,0,36.10,0,0,
7/30/2026 3:40:00 AM,RTD,7/30/2026 3:45:00 AM,CVIS,Ru,36.10,0,,0,36.10,0,0,
7/30/2026 3:40:00 AM,RTD,7/30/2026 3:45:00 AM,CMIN,Ru,35.42,0,,0,35.42,0,0,
7/30/2026 3:40:00 AM,RTD,7/30/2026 3:45:00 AM,CLUZ,Ru,184,0,,0,184,0,0,
7/30/2026 3:45:00 AM,RTD,7/30/2026 3:50:00 AM,CVIS,Dr,93,0,,0,93,0,0,
7/30/2026 3:45:00 AM,RTD,7/30/2026 3:50:00 AM,CMIN,Dr,110,0,,0,110,0,0,
7/30/2026 3:45:00 AM,RTD,7/30/2026 3:50:00 AM,CLUZ,Dr,653,0,,0,653,0,0,
7/30/2026 3:45:00 AM,RTD,7/30/2026 3:50:00 AM,CVIS,En,1629.05,0,0,25.39,1347.63,306.83,0,
7/30/2026 3:45:00 AM,RTD,7/30/2026 3:50:00 AM,CMIN,En,1718.15,0,0,37.40,1887,0,131.46,
7/30/2026 3:45:00 AM,RTD,7/30/2026 3:50:00 AM,CLUZ,En,7776,306,0,131.85,8389.28,0,175.37,
7/30/2026 3:45:00 AM,RTD,7/30/2026 3:50:00 AM,CMIN,Fr,110,0,,0,110,0,0,
7/30/2026 3:45:00 AM,RTD,7/30/2026 3:50:00 AM,CLUZ,Fr,653,0,,0,637.10,0,0,
7/30/2026 3:45:00 AM,RTD,7/30/2026 3:50:00 AM,CVIS,Fr,134,0,,0,134,0,0,
7/30/2026 3:45:00 AM,RTD,7/30/2026 3:50:00 AM,CLUZ,Rd,184,0,,0,184,0,0,
7/30/2026 3:45:00 AM,RTD,7/30/2026 3:50:00 AM,CMIN,Rd,35.42,0,,0,35.42,0,0,
7/30/2026 3:45:00 AM,RTD,7/30/2026 3:50:00 AM,CVIS,Rd,36.10,0,,0,36.10,0,0,
7/30/2026 3:45:00 AM,RTD,7/30/2026 3:50:00 AM,CVIS,Ru,36.10,0,,0,36.10,0,0,
7/30/2026 3:45:00 AM,RTD,7/30/2026 3:50:00 AM,CLUZ,Ru,184,0,,0,184,0,0,
7/30/2026 3:45:00 AM,RTD,7/30/2026 3:50:00 AM,CMIN,Ru,35.42,0,,0,35.42,0,0,
7/30/2026 3:50:00 AM,RTD,7/30/2026 3:55:00 AM,CVIS,Dr,93,0,,0,93,0,0,
7/30/2026 3:50:00 AM,RTD,7/30/2026 3:55:00 AM,CMIN,Dr,110,0,,0,110,0,0,
7/30/2026 3:50:00 AM,RTD,7/30/2026 3:55:00 AM,CLUZ,Dr,653,0,,0,653,0,0,
7/30/2026 3:50:00 AM,RTD,7/30/2026 3:55:00 AM,CMIN,En,1717.61,0,0,37.52,1909.80,0,154.67,
7/30/2026 3:50:00 AM,RTD,7/30/2026 3:55:00 AM,CLUZ,En,7806.62,306,0,132.33,8402.58,0,157.56,
7/30/2026 3:50:00 AM,RTD,7/30/2026 3:55:00 AM,CVIS,En,1633.71,0,0,24.09,1345.55,312.23,0,
7/30/2026 3:50:00 AM,RTD,7/30/2026 3:55:00 AM,CMIN,Fr,110,0,,0,110,0,0,
7/30/2026 3:50:00 AM,RTD,7/30/2026 3:55:00 AM,CVIS,Fr,134,0,,0,134,0,0,
7/30/2026 3:50:00 AM,RTD,7/30/2026 3:55:00 AM,CLUZ,Fr,653,0,,0,637.10,0,0,
7/30/2026 3:50:00 AM,RTD,7/30/2026 3:55:00 AM,CMIN,Rd,35.42,0,,0,35.42,0,0,
7/30/2026 3:50:00 AM,RTD,7/30/2026 3:55:00 AM,CLUZ,Rd,184,0,,0,184,0,0,
7/30/2026 3:50:00 AM,RTD,7/30/2026 3:55:00 AM,CVIS,Rd,36.10,0,,0,36.10,0,0,
7/30/2026 3:50:00 AM,RTD,7/30/2026 3:55:00 AM,CVIS,Ru,36.10,0,,0,36.10,0,0,
7/30/2026 3:50:00 AM,RTD,7/30/2026 3:55:00 AM,CMIN,Ru,35.42,0,,0,35.42,0,0,
7/30/2026 3:50:00 AM,RTD,7/30/2026 3:55:00 AM,CLUZ,Ru,184,0,,0,184,0,0,
7/30/2026 3:55:00 AM,RTD,7/30/2026 4:00:00 AM,CVIS,Dr,93,0,,0,93,0,0,
7/30/2026 3:55:00 AM,RTD,7/30/2026 4:00:00 AM,CMIN,Dr,110,0,,0,110,0,0,
7/30/2026 3:55:00 AM,RTD,7/30/2026 4:00:00 AM,CLUZ,Dr,653,0,,0,653,0,0,
7/30/2026 3:55:00 AM,RTD,7/30/2026 4:00:00 AM,CMIN,En,1721.59,0,0,37.74,1910.97,0,151.65,
7/30/2026 3:55:00 AM,RTD,7/30/2026 4:00:00 AM,CLUZ,En,7818.60,306,0,132.83,8414.61,0,157.22,
7/30/2026 3:55:00 AM,RTD,7/30/2026 4:00:00 AM,CVIS,En,1632.93,0,0,24.09,1348.14,308.88,0,
7/30/2026 3:55:00 AM,RTD,7/30/2026 4:00:00 AM,CMIN,Fr,110,0,,0,110,0,0,
7/30/2026 3:55:00 AM,RTD,7/30/2026 4:00:00 AM,CVIS,Fr,134,0,,0,134,0,0,
7/30/2026 3:55:00 AM,RTD,7/30/2026 4:00:00 AM,CLUZ,Fr,653,0,,0,637.10,0,0,
7/30/2026 3:55:00 AM,RTD,7/30/2026 4:00:00 AM,CMIN,Rd,35.42,0,,0,35.42,0,0,
7/30/2026 3:55:00 AM,RTD,7/30/2026 4:00:00 AM,CLUZ,Rd,184,0,,0,184,0,0,
7/30/2026 3:55:00 AM,RTD,7/30/2026 4:00:00 AM,CVIS,Rd,36.10,0,,0,36.10,0,0,
7/30/2026 3:55:00 AM,RTD,7/30/2026 4:00:00 AM,CVIS,Ru,36.10,0,,0,36.10,0,0,
7/30/2026 3:55:00 AM,RTD,7/30/2026 4:00:00 AM,CMIN,Ru,35.42,0,,0,35.42,0,0,
7/30/2026 3:55:00 AM,RTD,7/30/2026 4:00:00 AM,CLUZ,Ru,184,0,,0,184,0,0,
7/30/2026 4:00:00 AM,RTD,7/30/2026 4:05:00 AM,CVIS,Dr,93,0,,0,93,0,0,
7/30/2026 4:00:00 AM,RTD,7/30/2026 4:05:00 AM,CMIN,Dr,110,0,,0,110,0,0,
7/30/2026 4:00:00 AM,RTD,7/30/2026 4:05:00 AM,CLUZ,Dr,660,0,,0,660,0,0,
7/30/2026 4:00:00 AM,RTD,7/30/2026 4:05:00 AM,CVIS,En,1633.32,0,0,22.79,1346.22,309.87,0,
7/30/2026 4:00:00 AM,RTD,7/30/2026 4:05:00 AM,CMIN,En,1723.23,0,0,36.58,1931.80,0,171.98,
7/30/2026 4:00:00 AM,RTD,7/30/2026 4:05:00 AM,CLUZ,En,7845.18,306,0,134,8423.01,0,137.89,
7/30/2026 4:00:00 AM,RTD,7/30/2026 4:05:00 AM,CVIS,Fr,134,0,,0,134,0,0,
7/30/2026 4:00:00 AM,RTD,7/30/2026 4:05:00 AM,CMIN,Fr,110,0,,0,110,0,0,
7/30/2026 4:00:00 AM,RTD,7/30/2026 4:05:00 AM,CLUZ,Fr,660,0,,0,637.10,0,0,
7/30/2026 4:00:00 AM,RTD,7/30/2026 4:05:00 AM,CMIN,Rd,37.15,0,,0,37.15,0,0,
7/30/2026 4:00:00 AM,RTD,7/30/2026 4:05:00 AM,CLUZ,Rd,187.50,0,,0,187.50,0,0,
7/30/2026 4:00:00 AM,RTD,7/30/2026 4:05:00 AM,CVIS,Rd,35.55,0,,0,35.55,0,0,
7/30/2026 4:00:00 AM,RTD,7/30/2026 4:05:00 AM,CVIS,Ru,35.55,0,,0,35.55,0,0,
7/30/2026 4:00:00 AM,RTD,7/30/2026 4:05:00 AM,CLUZ,Ru,187.50,0,,0,187.50,0,0,
7/30/2026 4:00:00 AM,RTD,7/30/2026 4:05:00 AM,CMIN,Ru,37.15,0,,0,37.15,0,0,
7/30/2026 4:05:00 AM,RTD,7/30/2026 4:10:00 AM,CLUZ,Dr,660,0,,0,660,0,0,
7/30/2026 4:05:00 AM,RTD,7/30/2026 4:10:00 AM,CVIS,Dr,93,0,,0,93,0,0,
7/30/2026 4:05:00 AM,RTD,7/30/2026 4:10:00 AM,CMIN,Dr,110,0,,0,110,0,0,
7/30/2026 4:05:00 AM,RTD,7/30/2026 4:10:00 AM,CVIS,En,1637.44,0,0,22.50,1350.90,309.04,0,
7/30/2026 4:05:00 AM,RTD,7/30/2026 4:10:00 AM,CLUZ,En,7873.49,306,0,134.87,8446.71,0,132.38,
7/30/2026 4:05:00 AM,RTD,7/30/2026 4:10:00 AM,CMIN,En,1732.84,0,0,36.32,1945.82,0,176.66,
7/30/2026 4:05:00 AM,RTD,7/30/2026 4:10:00 AM,CLUZ,Fr,660,0,,0,637.10,0,0,
7/30/2026 4:05:00 AM,RTD,7/30/2026 4:10:00 AM,CMIN,Fr,110,0,,0,110,0,0,
7/30/2026 4:05:00 AM,RTD,7/30/2026 4:10:00 AM,CVIS,Fr,134,0,,0,134,0,0,
7/30/2026 4:05:00 AM,RTD,7/30/2026 4:10:00 AM,CMIN,Rd,37.15,0,,0,37.15,0,0,
7/30/2026 4:05:00 AM,RTD,7/30/2026 4:10:00 AM,CLUZ,Rd,187.50,0,,0,187.50,0,0,
7/30/2026 4:05:00 AM,RTD,7/30/2026 4:10:00 AM,CVIS,Rd,35.55,0,,0,35.55,0,0,
7/30/2026 4:05:00 AM,RTD,7/30/2026 4:10:00 AM,CLUZ,Ru,187.50,0,,0,187.50,0,0,
7/30/2026 4:05:00 AM,RTD,7/30/2026 4:10:00 AM,CVIS,Ru,35.55,0,,0,35.55,0,0,
7/30/2026 4:05:00 AM,RTD,7/30/2026 4:10:00 AM,CMIN,Ru,37.15,0,,0,37.15,0,0,
7/30/2026 4:10:00 AM,RTD,7/30/2026 4:15:00 AM,CLUZ,Dr,660,0,,0,660,0,0,
7/30/2026 4:10:00 AM,RTD,7/30/2026 4:15:00 AM,CVIS,Dr,93,0,,0,93,0,0,
7/30/2026 4:10:00 AM,RTD,7/30/2026 4:15:00 AM,CMIN,Dr,110,0,,0,110,0,0,
7/30/2026 4:10:00 AM,RTD,7/30/2026 4:15:00 AM,CMIN,En,1743.50,0,0,36.38,1978.35,0,198.49,
7/30/2026 4:10:00 AM,RTD,7/30/2026 4:15:00 AM,CVIS,En,1646.37,0,0,21.85,1347.34,320.91,0,
7/30/2026 4:10:00 AM,RTD,7/30/2026 4:15:00 AM,CLUZ,En,7900.78,306,0,135.51,8464.78,0,122.42,
7/30/2026 4:10:00 AM,RTD,7/30/2026 4:15:00 AM,CMIN,Fr,110,0,,0,110,0,0,
7/30/2026 4:10:00 AM,RTD,7/30/2026 4:15:00 AM,CVIS,Fr,134,0,,0,134,0,0,
7/30/2026 4:10:00 AM,RTD,7/30/2026 4:15:00 AM,CLUZ,Fr,660,0,,0,637.10,0,0,
7/30/2026 4:10:00 AM,RTD,7/30/2026 4:15:00 AM,CMIN,Rd,37.15,0,,0,37.15,0,0,
7/30/2026 4:10:00 AM,RTD,7/30/2026 4:15:00 AM,CLUZ,Rd,187.50,0,,0,187.50,0,0,
7/30/2026 4:10:00 AM,RTD,7/30/2026 4:15:00 AM,CVIS,Rd,35.55,0,,0,35.55,0,0,
7/30/2026 4:10:00 AM,RTD,7/30/2026 4:15:00 AM,CLUZ,Ru,187.50,0,,0,187.50,0,0,
7/30/2026 4:10:00 AM,RTD,7/30/2026 4:15:00 AM,CVIS,Ru,35.55,0,,0,35.55,0,0,
7/30/2026 4:10:00 AM,RTD,7/30/2026 4:15:00 AM,CMIN,Ru,37.15,0,,0,37.15,0,0,
7/30/2026 4:15:00 AM,RTD,7/30/2026 4:20:00 AM,CLUZ,Dr,660,0,,0,660,0,0,
7/30/2026 4:15:00 AM,RTD,7/30/2026 4:20:00 AM,CVIS,Dr,93,0,,0,93,0,0,
7/30/2026 4:15:00 AM,RTD,7/30/2026 4:20:00 AM,CMIN,Dr,110,0,,0,110,0,0,
7/30/2026 4:15:00 AM,RTD,7/30/2026 4:20:00 AM,CMIN,En,1753.82,0,0,35.84,2020.19,0,230.54,
7/30/2026 4:15:00 AM,RTD,7/30/2026 4:20:00 AM,CLUZ,En,7982.33,306,0,137.07,8493.88,0,68.48,
7/30/2026 4:15:00 AM,RTD,7/30/2026 4:20:00 AM,CVIS,En,1655.55,0,0,18.72,1375.25,299.02,0,
7/30/2026 4:15:00 AM,RTD,7/30/2026 4:20:00 AM,CMIN,Fr,110,0,,0,110,0,0,
7/30/2026 4:15:00 AM,RTD,7/30/2026 4:20:00 AM,CVIS,Fr,134,0,,0,134,0,0,
7/30/2026 4:15:00 AM,RTD,7/30/2026 4:20:00 AM,CLUZ,Fr,660,0,,0,637.10,0,0,
7/30/2026 4:15:00 AM,RTD,7/30/2026 4:20:00 AM,CMIN,Rd,37.15,0,,0,37.15,0,0,
7/30/2026 4:15:00 AM,RTD,7/30/2026 4:20:00 AM,CVIS,Rd,35.55,0,,0,35.55,0,0,
7/30/2026 4:15:00 AM,RTD,7/30/2026 4:20:00 AM,CLUZ,Rd,187.50,0,,0,187.50,0,0,
7/30/2026 4:15:00 AM,RTD,7/30/2026 4:20:00 AM,CVIS,Ru,35.55,0,,0,35.55,0,0,
7/30/2026 4:15:00 AM,RTD,7/30/2026 4:20:00 AM,CLUZ,Ru,187.50,0,,0,187.50,0,0,
7/30/2026 4:15:00 AM,RTD,7/30/2026 4:20:00 AM,CMIN,Ru,37.15,0,,0,37.15,0,0,
7/30/2026 4:20:00 AM,RTD,7/30/2026 4:25:00 AM,CVIS,Dr,93,0,,0,93,0,0,
7/30/2026 4:20:00 AM,RTD,7/30/2026 4:25:00 AM,CMIN,Dr,110,0,,0,110,0,0,
7/30/2026 4:20:00 AM,RTD,7/30/2026 4:25:00 AM,CLUZ,Dr,660,0,,0,660,0,0,
7/30/2026 4:20:00 AM,RTD,7/30/2026 4:25:00 AM,CMIN,En,1761.66,0,0,35.61,2039.82,0,242.52,
7/30/2026 4:20:00 AM,RTD,7/30/2026 4:25:00 AM,CLUZ,En,7999.13,306,0,137.89,8500.95,0,57.91,
7/30/2026 4:20:00 AM,RTD,7/30/2026 4:25:00 AM,CVIS,En,1658.61,0,0,18.25,1376.42,300.42,0,
7/30/2026 4:20:00 AM,RTD,7/30/2026 4:25:00 AM,CMIN,Fr,110,0,,0,110,0,0,
7/30/2026 4:20:00 AM,RTD,7/30/2026 4:25:00 AM,CVIS,Fr,134,0,,0,134,0,0,
7/30/2026 4:20:00 AM,RTD,7/30/2026 4:25:00 AM,CLUZ,Fr,660,0,,0,637.10,0,0,
7/30/2026 4:20:00 AM,RTD,7/30/2026 4:25:00 AM,CMIN,Rd,37.15,0,,0,37.15,0,0,
7/30/2026 4:20:00 AM,RTD,7/30/2026 4:25:00 AM,CLUZ,Rd,187.50,0,,0,187.50,0,0,
7/30/2026 4:20:00 AM,RTD,7/30/2026 4:25:00 AM,CVIS,Rd,35.55,0,,0,35.55,0,0,
7/30/2026 4:20:00 AM,RTD,7/30/2026 4:25:00 AM,CVIS,Ru,35.55,0,,0,35.55,0,0,
7/30/2026 4:20:00 AM,RTD,7/30/2026 4:25:00 AM,CMIN,Ru,37.15,0,,0,37.15,0,0,
7/30/2026 4:20:00 AM,RTD,7/30/2026 4:25:00 AM,CLUZ,Ru,187.50,0,,0,187.50,0,0,
7/30/2026 4:25:00 AM,RTD,7/30/2026 4:30:00 AM,CVIS,Dr,93,0,,0,93,0,0,
7/30/2026 4:25:00 AM,RTD,7/30/2026 4:30:00 AM,CMIN,Dr,110,0,,0,110,0,0,
7/30/2026 4:25:00 AM,RTD,7/30/2026 4:30:00 AM,CLUZ,Dr,660,0,,0,660,0,0,
7/30/2026 4:25:00 AM,RTD,7/30/2026 4:30:00 AM,CMIN,En,1773.27,0,0,36.69,2052.18,0,242.22,
7/30/2026 4:25:00 AM,RTD,7/30/2026 4:30:00 AM,CLUZ,En,7997.35,306,0,138.39,8525.17,0,83.43,
7/30/2026 4:25:00 AM,RTD,7/30/2026 4:30:00 AM,CVIS,En,1670.70,0,0,19.70,1364.74,325.65,0,
7/30/2026 4:25:00 AM,RTD,7/30/2026 4:30:00 AM,CMIN,Fr,110,0,,0,110,0,0,
7/30/2026 4:25:00 AM,RTD,7/30/2026 4:30:00 AM,CVIS,Fr,134,0,,0,134,0,0,
7/30/2026 4:25:00 AM,RTD,7/30/2026 4:30:00 AM,CLUZ,Fr,660,0,,0,637.10,0,0,
7/30/2026 4:25:00 AM,RTD,7/30/2026 4:30:00 AM,CMIN,Rd,37.15,0,,0,37.15,0,0,
7/30/2026 4:25:00 AM,RTD,7/30/2026 4:30:00 AM,CLUZ,Rd,187.50,0,,0,187.50,0,0,
7/30/2026 4:25:00 AM,RTD,7/30/2026 4:30:00 AM,CVIS,Rd,35.55,0,,0,35.55,0,0,
7/30/2026 4:25:00 AM,RTD,7/30/2026 4:30:00 AM,CVIS,Ru,35.55,0,,0,35.55,0,0,
7/30/2026 4:25:00 AM,RTD,7/30/2026 4:30:00 AM,CMIN,Ru,37.15,0,,0,37.15,0,0,
7/30/2026 4:25:00 AM,RTD,7/30/2026 4:30:00 AM,CLUZ,Ru,187.50,0,,0,187.50,0,0,
7/30/2026 4:30:00 AM,RTD,7/30/2026 4:35:00 AM,CVIS,Dr,93,0,,0,93,0,0,
7/30/2026 4:30:00 AM,RTD,7/30/2026 4:35:00 AM,CMIN,Dr,110,0,,0,110,0,0,
7/30/2026 4:30:00 AM,RTD,7/30/2026 4:35:00 AM,CLUZ,Dr,660,0,,0,660,0,0,
7/30/2026 4:30:00 AM,RTD,7/30/2026 4:35:00 AM,CMIN,En,1773.82,0,0,36.22,2055.53,0,245.47,
7/30/2026 4:30:00 AM,RTD,7/30/2026 4:35:00 AM,CLUZ,En,8037.17,306,0,139.53,8570.62,0,87.95,
7/30/2026 4:30:00 AM,RTD,7/30/2026 4:35:00 AM,CVIS,En,1673.88,0,0,20.04,1360.50,333.42,0,
7/30/2026 4:30:00 AM,RTD,7/30/2026 4:35:00 AM,CMIN,Fr,110,0,,0,110,0,0,
7/30/2026 4:30:00 AM,RTD,7/30/2026 4:35:00 AM,CVIS,Fr,134,0,,0,134,0,0,
7/30/2026 4:30:00 AM,RTD,7/30/2026 4:35:00 AM,CLUZ,Fr,660,0,,0,637.10,0,0,
7/30/2026 4:30:00 AM,RTD,7/30/2026 4:35:00 AM,CMIN,Rd,37.15,0,,0,37.15,0,0,
7/30/2026 4:30:00 AM,RTD,7/30/2026 4:35:00 AM,CLUZ,Rd,187.50,0,,0,187.50,0,0,
7/30/2026 4:30:00 AM,RTD,7/30/2026 4:35:00 AM,CVIS,Rd,35.55,0,,0,35.55,0,0,
7/30/2026 4:30:00 AM,RTD,7/30/2026 4:35:00 AM,CVIS,Ru,35.55,0,,0,35.55,0,0,
7/30/2026 4:30:00 AM,RTD,7/30/2026 4:35:00 AM,CMIN,Ru,37.15,0,,0,37.15,0,0,
7/30/2026 4:30:00 AM,RTD,7/30/2026 4:35:00 AM,CLUZ,Ru,187.50,0,,0,187.50,0,0,
7/30/2026 4:35:00 AM,RTD,7/30/2026 4:40:00 AM,CVIS,Dr,93,0,,0,93,0,0,
7/30/2026 4:35:00 AM,RTD,7/30/2026 4:40:00 AM,CMIN,Dr,110,0,,0,110,0,0,
7/30/2026 4:35:00 AM,RTD,7/30/2026 4:40:00 AM,CLUZ,Dr,660,0,,0,660,0,0,
7/30/2026 4:35:00 AM,RTD,7/30/2026 4:40:00 AM,CMIN,En,1785.64,0,0,37.18,2053.65,0,230.82,
7/30/2026 4:35:00 AM,RTD,7/30/2026 4:40:00 AM,CLUZ,En,8048.40,306,0,140.21,8614.39,0,119.77,
7/30/2026 4:35:00 AM,RTD,7/30/2026 4:40:00 AM,CVIS,En,1681.20,0,0,21.90,1352.50,350.59,0,
7/30/2026 4:35:00 AM,RTD,7/30/2026 4:40:00 AM,CMIN,Fr,110,0,,0,110,0,0,
7/30/2026 4:35:00 AM,RTD,7/30/2026 4:40:00 AM,CVIS,Fr,134,0,,0,134,0,0,
7/30/2026 4:35:00 AM,RTD,7/30/2026 4:40:00 AM,CLUZ,Fr,660,0,,0,637.10,0,0,
7/30/2026 4:35:00 AM,RTD,7/30/2026 4:40:00 AM,CMIN,Rd,37.15,0,,0,37.15,0,0,
7/30/2026 4:35:00 AM,RTD,7/30/2026 4:40:00 AM,CLUZ,Rd,187.50,0,,0,187.50,0,0,
7/30/2026 4:35:00 AM,RTD,7/30/2026 4:40:00 AM,CVIS,Rd,35.55,0,,0,35.55,0,0,
7/30/2026 4:35:00 AM,RTD,7/30/2026 4:40:00 AM,CVIS,Ru,35.55,0,,0,35.55,0,0,
7/30/2026 4:35:00 AM,RTD,7/30/2026 4:40:00 AM,CMIN,Ru,37.15,0,,0,37.15,0,0,
7/30/2026 4:35:00 AM,RTD,7/30/2026 4:40:00 AM,CLUZ,Ru,187.50,0,,0,187.50,0,0,
7/30/2026 4:40:00 AM,RTD,7/30/2026 4:45:00 AM,CVIS,Dr,93,0,,0,93,0,0,
7/30/2026 4:40:00 AM,RTD,7/30/2026 4:45:00 AM,CMIN,Dr,110,0,,0,110,0,0,
7/30/2026 4:40:00 AM,RTD,7/30/2026 4:45:00 AM,CLUZ,Dr,660,0,,0,660,0,0,
7/30/2026 4:40:00 AM,RTD,7/30/2026 4:45:00 AM,CMIN,En,1791.47,0,0,38.37,2047.72,0,217.87,
7/30/2026 4:40:00 AM,RTD,7/30/2026 4:45:00 AM,CLUZ,En,8065.86,306,0,141.10,8659.04,0,146.06,
7/30/2026 4:40:00 AM,RTD,7/30/2026 4:45:00 AM,CVIS,En,1686.60,0,0,23.62,1346.31,363.92,0,
7/30/2026 4:40:00 AM,RTD,7/30/2026 4:45:00 AM,CMIN,Fr,110,0,,0,110,0,0,
7/30/2026 4:40:00 AM,RTD,7/30/2026 4:45:00 AM,CVIS,Fr,134,0,,0,134,0,0,
7/30/2026 4:40:00 AM,RTD,7/30/2026 4:45:00 AM,CLUZ,Fr,660,0,,0,637.10,0,0,
7/30/2026 4:40:00 AM,RTD,7/30/2026 4:45:00 AM,CMIN,Rd,37.15,0,,0,37.15,0,0,
7/30/2026 4:40:00 AM,RTD,7/30/2026 4:45:00 AM,CLUZ,Rd,187.50,0,,0,187.50,0,0,
7/30/2026 4:40:00 AM,RTD,7/30/2026 4:45:00 AM,CVIS,Rd,35.55,0,,0,35.55,0,0,
7/30/2026 4:40:00 AM,RTD,7/30/2026 4:45:00 AM,CVIS,Ru,35.55,0,,0,35.55,0,0,
7/30/2026 4:40:00 AM,RTD,7/30/2026 4:45:00 AM,CMIN,Ru,37.15,0,,0,37.15,0,0,
7/30/2026 4:40:00 AM,RTD,7/30/2026 4:45:00 AM,CLUZ,Ru,187.50,0,,0,187.50,0,0,
7/30/2026 4:45:00 AM,RTD,7/30/2026 4:50:00 AM,CVIS,Dr,93,0,,0,93,0,0,
7/30/2026 4:45:00 AM,RTD,7/30/2026 4:50:00 AM,CMIN,Dr,110,0,,0,110,0,0,
7/30/2026 4:45:00 AM,RTD,7/30/2026 4:50:00 AM,CLUZ,Dr,660,0,,0,660,0,0,
7/30/2026 4:45:00 AM,RTD,7/30/2026 4:50:00 AM,CMIN,En,1798.49,0,0,39.39,2049.21,0,211.33,
7/30/2026 4:45:00 AM,RTD,7/30/2026 4:50:00 AM,CLUZ,En,8070.93,306,0,141.75,8684.49,0,165.78,
7/30/2026 4:45:00 AM,RTD,7/30/2026 4:50:00 AM,CVIS,En,1692.03,0,0,25.06,1339.98,377.10,0,
7/30/2026 4:45:00 AM,RTD,7/30/2026 4:50:00 AM,CMIN,Fr,110,0,,0,110,0,0,
7/30/2026 4:45:00 AM,RTD,7/30/2026 4:50:00 AM,CVIS,Fr,134,0,,0,134,0,0,
7/30/2026 4:45:00 AM,RTD,7/30/2026 4:50:00 AM,CLUZ,Fr,660,0,,0,637.10,0,0,
7/30/2026 4:45:00 AM,RTD,7/30/2026 4:50:00 AM,CMIN,Rd,37.15,0,,0,37.15,0,0,
7/30/2026 4:45:00 AM,RTD,7/30/2026 4:50:00 AM,CLUZ,Rd,187.50,0,,0,187.50,0,0,
7/30/2026 4:45:00 AM,RTD,7/30/2026 4:50:00 AM,CVIS,Rd,35.55,0,,0,35.55,0,0,
7/30/2026 4:45:00 AM,RTD,7/30/2026 4:50:00 AM,CVIS,Ru,35.55,0,,0,35.55,0,0,
7/30/2026 4:45:00 AM,RTD,7/30/2026 4:50:00 AM,CMIN,Ru,37.15,0,,0,37.15,0,0,
7/30/2026 4:45:00 AM,RTD,7/30/2026 4:50:00 AM,CLUZ,Ru,187.50,0,,0,187.50,0,0,
7/30/2026 4:50:00 AM,RTD,7/30/2026 4:55:00 AM,CVIS,Dr,93,0,,0,93,0,0,
7/30/2026 4:50:00 AM,RTD,7/30/2026 4:55:00 AM,CMIN,Dr,110,0,,0,110,0,0,
7/30/2026 4:50:00 AM,RTD,7/30/2026 4:55:00 AM,CLUZ,Dr,660,0,,0,660,0,0,
7/30/2026 4:50:00 AM,RTD,7/30/2026 4:55:00 AM,CMIN,En,1809.65,0,0,39.54,2078.71,0,229.51,
7/30/2026 4:50:00 AM,RTD,7/30/2026 4:55:00 AM,CLUZ,En,8156.67,306,0,143.10,8718.39,0,112.73,
7/30/2026 4:50:00 AM,RTD,7/30/2026 4:55:00 AM,CVIS,En,1697.32,0,0,21.29,1376.39,342.24,0,
7/30/2026 4:50:00 AM,RTD,7/30/2026 4:55:00 AM,CMIN,Fr,110,0,,0,110,0,0,
7/30/2026 4:50:00 AM,RTD,7/30/2026 4:55:00 AM,CVIS,Fr,134,0,,0,134,0,0,
7/30/2026 4:50:00 AM,RTD,7/30/2026 4:55:00 AM,CLUZ,Fr,660,0,,0,637.10,0,0,
7/30/2026 4:50:00 AM,RTD,7/30/2026 4:55:00 AM,CMIN,Rd,37.15,0,,0,37.15,0,0,
7/30/2026 4:50:00 AM,RTD,7/30/2026 4:55:00 AM,CLUZ,Rd,187.50,0,,0,187.50,0,0,
7/30/2026 4:50:00 AM,RTD,7/30/2026 4:55:00 AM,CVIS,Rd,35.55,0,,0,35.55,0,0,
7/30/2026 4:50:00 AM,RTD,7/30/2026 4:55:00 AM,CVIS,Ru,35.55,0,,0,35.55,0,0,
7/30/2026 4:50:00 AM,RTD,7/30/2026 4:55:00 AM,CMIN,Ru,37.15,0,,0,37.15,0,0,
7/30/2026 4:50:00 AM,RTD,7/30/2026 4:55:00 AM,CLUZ,Ru,187.50,0,,0,187.50,0,0,
7/30/2026 4:55:00 AM,RTD,7/30/2026 5:00:00 AM,CVIS,Dr,93,0,,0,93,0,0,
7/30/2026 4:55:00 AM,RTD,7/30/2026 5:00:00 AM,CMIN,Dr,110,0,,0,110,0,0,
7/30/2026 4:55:00 AM,RTD,7/30/2026 5:00:00 AM,CLUZ,Dr,660,0,,0,660,0,0,
7/30/2026 4:55:00 AM,RTD,7/30/2026 5:00:00 AM,CMIN,En,1809.33,0,0,39.77,2066.51,0,217.42,
7/30/2026 4:55:00 AM,RTD,7/30/2026 5:00:00 AM,CLUZ,En,8144.72,306,0,143.90,8763.79,0,169.22,
7/30/2026 4:55:00 AM,RTD,7/30/2026 5:00:00 AM,CVIS,En,1705.61,0,0,25.31,1344.29,386.64,0,
7/30/2026 4:55:00 AM,RTD,7/30/2026 5:00:00 AM,CMIN,Fr,110,0,,0,110,0,0,
7/30/2026 4:55:00 AM,RTD,7/30/2026 5:00:00 AM,CVIS,Fr,134,0,,0,134,0,0,
7/30/2026 4:55:00 AM,RTD,7/30/2026 5:00:00 AM,CLUZ,Fr,660,0,,0,637.10,0,0,
7/30/2026 4:55:00 AM,RTD,7/30/2026 5:00:00 AM,CMIN,Rd,37.15,0,,0,37.15,0,0,
7/30/2026 4:55:00 AM,RTD,7/30/2026 5:00:00 AM,CLUZ,Rd,187.50,0,,0,187.50,0,0,
7/30/2026 4:55:00 AM,RTD,7/30/2026 5:00:00 AM,CVIS,Rd,35.55,0,,0,35.55,0,0,
7/30/2026 4:55:00 AM,RTD,7/30/2026 5:00:00 AM,CVIS,Ru,35.55,0,,0,35.55,0,0,
7/30/2026 4:55:00 AM,RTD,7/30/2026 5:00:00 AM,CMIN,Ru,37.15,0,,0,37.15,0,0,
7/30/2026 4:55:00 AM,RTD,7/30/2026 5:00:00 AM,CLUZ,Ru,187.50,0,,0,187.50,0,0,
7/30/2026 5:00:00 AM,RTD,7/30/2026 5:05:00 AM,CVIS,Dr,93,0,,0,93,0,0,
7/30/2026 5:00:00 AM,RTD,7/30/2026 5:05:00 AM,CMIN,Dr,110,0,,0,110,0,0,
7/30/2026 5:00:00 AM,RTD,7/30/2026 5:05:00 AM,CLUZ,Dr,657,0,,0,657,0,0,
7/30/2026 5:00:00 AM,RTD,7/30/2026 5:05:00 AM,CMIN,En,1821.85,0,0,39.77,2076.45,0,214.80,
7/30/2026 5:00:00 AM,RTD,7/30/2026 5:05:00 AM,CLUZ,En,8187.33,306,0,145.02,8799.75,0,161.56,
7/30/2026 5:00:00 AM,RTD,7/30/2026 5:05:00 AM,CVIS,En,1704.19,0,0,24.59,1352.43,376.36,0,
7/30/2026 5:00:00 AM,RTD,7/30/2026 5:05:00 AM,CMIN,Fr,110,0,,0,110,0,0,
7/30/2026 5:00:00 AM,RTD,7/30/2026 5:05:00 AM,CVIS,Fr,134,0,,0,134,0,0,
7/30/2026 5:00:00 AM,RTD,7/30/2026 5:05:00 AM,CLUZ,Fr,658,0,,0,637.10,0,0,
7/30/2026 5:00:00 AM,RTD,7/30/2026 5:05:00 AM,CMIN,Rd,38.32,0,,0,38.32,0,0,
7/30/2026 5:00:00 AM,RTD,7/30/2026 5:05:00 AM,CLUZ,Rd,186.50,0,,0,186.50,0,0,
7/30/2026 5:00:00 AM,RTD,7/30/2026 5:05:00 AM,CVIS,Rd,36.95,0,,0,36.95,0,0,
7/30/2026 5:00:00 AM,RTD,7/30/2026 5:05:00 AM,CVIS,Ru,36.95,0,,0,36.95,0,0,
7/30/2026 5:00:00 AM,RTD,7/30/2026 5:05:00 AM,CMIN,Ru,38.32,0,,0,38.32,0,0,
7/30/2026 5:00:00 AM,RTD,7/30/2026 5:05:00 AM,CLUZ,Ru,186.50,0,,0,186.50,0,0,
7/30/2026 5:05:00 AM,RTD,7/30/2026 5:10:00 AM,CLUZ,Dr,657,0,,0,657,0,0,
7/30/2026 5:05:00 AM,RTD,7/30/2026 5:10:00 AM,CMIN,Dr,110,0,,0,110,0,0,
7/30/2026 5:05:00 AM,RTD,7/30/2026 5:10:00 AM,CVIS,Dr,93,0,,0,93,0,0,
7/30/2026 5:05:00 AM,RTD,7/30/2026 5:10:00 AM,CLUZ,En,8225.68,306,0,146.41,8840.81,0,162.69,
7/30/2026 5:05:00 AM,RTD,7/30/2026 5:10:00 AM,CMIN,En,1838.65,0,0,39.35,2086.95,0,208.94,
7/30/2026 5:05:00 AM,RTD,7/30/2026 5:10:00 AM,CVIS,En,1706.55,0,0,24.69,1359.61,371.64,0,
7/30/2026 5:05:00 AM,RTD,7/30/2026 5:10:00 AM,CLUZ,Fr,658,0,,0,637.10,0,0,
7/30/2026 5:05:00 AM,RTD,7/30/2026 5:10:00 AM,CVIS,Fr,134,0,,0,134,0,0,
7/30/2026 5:05:00 AM,RTD,7/30/2026 5:10:00 AM,CMIN,Fr,110,0,,0,110,0,0,
7/30/2026 5:05:00 AM,RTD,7/30/2026 5:10:00 AM,CMIN,Rd,38.32,0,,0,38.32,0,0,
7/30/2026 5:05:00 AM,RTD,7/30/2026 5:10:00 AM,CLUZ,Rd,186.50,0,,0,186.50,0,0,
7/30/2026 5:05:00 AM,RTD,7/30/2026 5:10:00 AM,CVIS,Rd,36.95,0,,0,36.95,0,0,
7/30/2026 5:05:00 AM,RTD,7/30/2026 5:10:00 AM,CMIN,Ru,38.32,0,,0,38.32,0,0,
7/30/2026 5:05:00 AM,RTD,7/30/2026 5:10:00 AM,CLUZ,Ru,186.50,0,,0,186.50,0,0,
7/30/2026 5:05:00 AM,RTD,7/30/2026 5:10:00 AM,CVIS,Ru,36.95,0,,0,36.95,0,0,
7/30/2026 5:10:00 AM,RTD,7/30/2026 5:15:00 AM,CVIS,Dr,93,0,,0,93,0,0,
7/30/2026 5:10:00 AM,RTD,7/30/2026 5:15:00 AM,CMIN,Dr,110,0,,0,110,0,0,
7/30/2026 5:10:00 AM,RTD,7/30/2026 5:15:00 AM,CLUZ,Dr,657,0,,0,657,0,0,
7/30/2026 5:10:00 AM,RTD,7/30/2026 5:15:00 AM,CMIN,En,1855.90,0,0,40.59,2097.45,0,201,
7/30/2026 5:10:00 AM,RTD,7/30/2026 5:15:00 AM,CLUZ,En,8257.21,306,0,147.76,8877.22,0,166.31,
7/30/2026 5:10:00 AM,RTD,7/30/2026 5:15:00 AM,CVIS,En,1720.99,0,0,24.90,1378.57,367.31,0,
7/30/2026 5:10:00 AM,RTD,7/30/2026 5:15:00 AM,CMIN,Fr,110,0,,0,110,0,0,
7/30/2026 5:10:00 AM,RTD,7/30/2026 5:15:00 AM,CVIS,Fr,134,0,,0,134,0,0,
7/30/2026 5:10:00 AM,RTD,7/30/2026 5:15:00 AM,CLUZ,Fr,658,0,,0,637.10,0,0,
7/30/2026 5:10:00 AM,RTD,7/30/2026 5:15:00 AM,CMIN,Rd,38.32,0,,0,38.32,0,0,
7/30/2026 5:10:00 AM,RTD,7/30/2026 5:15:00 AM,CLUZ,Rd,186.50,0,,0,186.50,0,0,
7/30/2026 5:10:00 AM,RTD,7/30/2026 5:15:00 AM,CVIS,Rd,36.95,0,,0,36.95,0,0,
7/30/2026 5:10:00 AM,RTD,7/30/2026 5:15:00 AM,CVIS,Ru,36.95,0,,0,36.95,0,0,
7/30/2026 5:10:00 AM,RTD,7/30/2026 5:15:00 AM,CMIN,Ru,38.32,0,,0,38.32,0,0,
7/30/2026 5:10:00 AM,RTD,7/30/2026 5:15:00 AM,CLUZ,Ru,186.50,0,,0,186.50,0,0,
7/30/2026 5:15:00 AM,RTD,7/30/2026 5:20:00 AM,CVIS,Dr,93,0,,0,93,0,0,
7/30/2026 5:15:00 AM,RTD,7/30/2026 5:20:00 AM,CMIN,Dr,110,0,,0,110,0,0,
7/30/2026 5:15:00 AM,RTD,7/30/2026 5:20:00 AM,CLUZ,Dr,657,0,,0,657,0,0,
7/30/2026 5:15:00 AM,RTD,7/30/2026 5:20:00 AM,CMIN,En,1875.77,0,0,41.71,2119.96,0,202.48,
7/30/2026 5:15:00 AM,RTD,7/30/2026 5:20:00 AM,CLUZ,En,8300.23,306,0,149.32,8908.82,0,153.29,
7/30/2026 5:15:00 AM,RTD,7/30/2026 5:20:00 AM,CVIS,En,1735.43,0,0,23.84,1403.51,355.77,0,
7/30/2026 5:15:00 AM,RTD,7/30/2026 5:20:00 AM,CMIN,Fr,110,0,,0,110,0,0,
7/30/2026 5:15:00 AM,RTD,7/30/2026 5:20:00 AM,CVIS,Fr,134,0,,0,134,0,0,
7/30/2026 5:15:00 AM,RTD,7/30/2026 5:20:00 AM,CLUZ,Fr,658,0,,0,657.10,0,0,
7/30/2026 5:15:00 AM,RTD,7/30/2026 5:20:00 AM,CMIN,Rd,38.32,0,,0,38.32,0,0,
7/30/2026 5:15:00 AM,RTD,7/30/2026 5:20:00 AM,CLUZ,Rd,186.50,0,,0,186.50,0,0,
7/30/2026 5:15:00 AM,RTD,7/30/2026 5:20:00 AM,CVIS,Rd,36.95,0,,0,36.95,0,0,
7/30/2026 5:15:00 AM,RTD,7/30/2026 5:20:00 AM,CVIS,Ru,36.95,0,,0,36.95,0,0,
7/30/2026 5:15:00 AM,RTD,7/30/2026 5:20:00 AM,CMIN,Ru,38.32,0,,0,38.32,0,0,
7/30/2026 5:15:00 AM,RTD,7/30/2026 5:20:00 AM,CLUZ,Ru,186.50,0,,0,186.50,0,0,
7/30/2026 5:20:00 AM,RTD,7/30/2026 5:25:00 AM,CVIS,Dr,93,0,,0,93,0,0,
7/30/2026 5:20:00 AM,RTD,7/30/2026 5:25:00 AM,CMIN,Dr,110,0,,0,110,0,0,
7/30/2026 5:20:00 AM,RTD,7/30/2026 5:25:00 AM,CLUZ,Dr,657,0,,0,657,0,0,
7/30/2026 5:20:00 AM,RTD,7/30/2026 5:25:00 AM,CMIN,En,1882.49,0,0,41.20,2147.71,0,224.03,
7/30/2026 5:20:00 AM,RTD,7/30/2026 5:25:00 AM,CLUZ,En,8358.08,306,0,151.27,8937.97,0,122.60,
7/30/2026 5:20:00 AM,RTD,7/30/2026 5:25:00 AM,CVIS,En,1750.23,0,0,21.72,1425.31,346.63,0,
7/30/2026 5:20:00 AM,RTD,7/30/2026 5:25:00 AM,CMIN,Fr,110,0,,0,110,0,0,
7/30/2026 5:20:00 AM,RTD,7/30/2026 5:25:00 AM,CVIS,Fr,134,0,,0,134,0,0,
7/30/2026 5:20:00 AM,RTD,7/30/2026 5:25:00 AM,CLUZ,Fr,658,0,,0,657.10,0,0,
7/30/2026 5:20:00 AM,RTD,7/30/2026 5:25:00 AM,CMIN,Rd,38.32,0,,0,38.32,0,0,
7/30/2026 5:20:00 AM,RTD,7/30/2026 5:25:00 AM,CLUZ,Rd,186.50,0,,0,186.50,0,0,
7/30/2026 5:20:00 AM,RTD,7/30/2026 5:25:00 AM,CVIS,Rd,36.95,0,,0,36.95,0,0,
7/30/2026 5:20:00 AM,RTD,7/30/2026 5:25:00 AM,CVIS,Ru,36.95,0,,0,36.95,0,0,
7/30/2026 5:20:00 AM,RTD,7/30/2026 5:25:00 AM,CMIN,Ru,38.32,0,,0,38.32,0,0,
7/30/2026 5:20:00 AM,RTD,7/30/2026 5:25:00 AM,CLUZ,Ru,186.50,0,,0,186.50,0,0,
7/30/2026 5:25:00 AM,RTD,7/30/2026 5:30:00 AM,CVIS,Dr,93,0,,0,93,0,0,
7/30/2026 5:25:00 AM,RTD,7/30/2026 5:30:00 AM,CMIN,Dr,110,0,,0,110,0,0,
7/30/2026 5:25:00 AM,RTD,7/30/2026 5:30:00 AM,CLUZ,Dr,657,0,,0,657,0,0,
7/30/2026 5:25:00 AM,RTD,7/30/2026 5:30:00 AM,CMIN,En,1888.59,0,0,40.90,2150.21,0,220.72,
7/30/2026 5:25:00 AM,RTD,7/30/2026 5:30:00 AM,CLUZ,En,8361.69,306,0,153.08,8953.03,0,132.31,
7/30/2026 5:25:00 AM,RTD,7/30/2026 5:30:00 AM,CVIS,En,1777.28,0,0,22.58,1446.85,353.04,0,
7/30/2026 5:25:00 AM,RTD,7/30/2026 5:30:00 AM,CMIN,Fr,110,0,,0,110,0,0,
7/30/2026 5:25:00 AM,RTD,7/30/2026 5:30:00 AM,CVIS,Fr,134,0,,0,134,0,0,
7/30/2026 5:25:00 AM,RTD,7/30/2026 5:30:00 AM,CLUZ,Fr,658,0,,0,657.10,0,0,
7/30/2026 5:25:00 AM,RTD,7/30/2026 5:30:00 AM,CMIN,Rd,38.32,0,,0,38.32,0,0,
7/30/2026 5:25:00 AM,RTD,7/30/2026 5:30:00 AM,CLUZ,Rd,186.50,0,,0,186.50,0,0,
7/30/2026 5:25:00 AM,RTD,7/30/2026 5:30:00 AM,CVIS,Rd,36.95,0,,0,36.95,0,0,
7/30/2026 5:25:00 AM,RTD,7/30/2026 5:30:00 AM,CVIS,Ru,36.95,0,,0,36.95,0,0,
7/30/2026 5:25:00 AM,RTD,7/30/2026 5:30:00 AM,CMIN,Ru,38.32,0,,0,38.32,0,0,
7/30/2026 5:25:00 AM,RTD,7/30/2026 5:30:00 AM,CLUZ,Ru,186.50,0,,0,186.50,0,0,
7/30/2026 5:30:00 AM,RTD,7/30/2026 5:35:00 AM,CVIS,Dr,93,0,,0,93,0,0,
7/30/2026 5:30:00 AM,RTD,7/30/2026 5:35:00 AM,CMIN,Dr,110,0,,0,110,0,0,
7/30/2026 5:30:00 AM,RTD,7/30/2026 5:35:00 AM,CLUZ,Dr,657,0,,0,657,0,0,
7/30/2026 5:30:00 AM,RTD,7/30/2026 5:35:00 AM,CMIN,En,1877.56,0,0,39.88,2143.40,0,225.97,
7/30/2026 5:30:00 AM,RTD,7/30/2026 5:35:00 AM,CLUZ,En,8368.97,306,0,153.78,8998.85,0,170.10,
7/30/2026 5:30:00 AM,RTD,7/30/2026 5:35:00 AM,CVIS,En,1784.44,0,0,24.99,1413.33,396.07,0,
7/30/2026 5:30:00 AM,RTD,7/30/2026 5:35:00 AM,CMIN,Fr,110,0,,0,110,0,0,
7/30/2026 5:30:00 AM,RTD,7/30/2026 5:35:00 AM,CVIS,Fr,134,0,,0,134,0,0,
7/30/2026 5:30:00 AM,RTD,7/30/2026 5:35:00 AM,CLUZ,Fr,658,0,,0,624.10,0,0,
7/30/2026 5:30:00 AM,RTD,7/30/2026 5:35:00 AM,CMIN,Rd,38.32,0,,0,38.32,0,0,
7/30/2026 5:30:00 AM,RTD,7/30/2026 5:35:00 AM,CLUZ,Rd,186.50,0,,0,186.50,0,0,
7/30/2026 5:30:00 AM,RTD,7/30/2026 5:35:00 AM,CVIS,Rd,36.95,0,,0,36.95,0,0,
7/30/2026 5:30:00 AM,RTD,7/30/2026 5:35:00 AM,CVIS,Ru,36.95,0,,0,36.95,0,0,
7/30/2026 5:30:00 AM,RTD,7/30/2026 5:35:00 AM,CMIN,Ru,38.32,0,,0,38.32,0,0,
7/30/2026 5:30:00 AM,RTD,7/30/2026 5:35:00 AM,CLUZ,Ru,186.50,0,,0,186.50,0,0,
7/30/2026 5:35:00 AM,RTD,7/30/2026 5:40:00 AM,CVIS,Dr,93,0,,0,93,0,0,
7/30/2026 5:35:00 AM,RTD,7/30/2026 5:40:00 AM,CMIN,Dr,110,0,,0,110,0,0,
7/30/2026 5:35:00 AM,RTD,7/30/2026 5:40:00 AM,CLUZ,Dr,657,0,,0,657,0,0,
7/30/2026 5:35:00 AM,RTD,7/30/2026 5:40:00 AM,CMIN,En,1883.71,0,0,40.43,2148.20,0,224.08,
7/30/2026 5:35:00 AM,RTD,7/30/2026 5:40:00 AM,CLUZ,En,8374.11,306,0,154.91,9014.97,0,180,
7/30/2026 5:35:00 AM,RTD,7/30/2026 5:40:00 AM,CVIS,En,1795.44,0,0,25.85,1417.19,404.08,0,
7/30/2026 5:35:00 AM,RTD,7/30/2026 5:40:00 AM,CMIN,Fr,110,0,,0,110,0,0,
7/30/2026 5:35:00 AM,RTD,7/30/2026 5:40:00 AM,CVIS,Fr,134,0,,0,134,0,0,
7/30/2026 5:35:00 AM,RTD,7/30/2026 5:40:00 AM,CLUZ,Fr,658,0,,0,624.05,0,0,
7/30/2026 5:35:00 AM,RTD,7/30/2026 5:40:00 AM,CMIN,Rd,38.32,0,,0,38.32,0,0,
7/30/2026 5:35:00 AM,RTD,7/30/2026 5:40:00 AM,CLUZ,Rd,186.50,0,,0,186.50,0,0,
7/30/2026 5:35:00 AM,RTD,7/30/2026 5:40:00 AM,CVIS,Rd,36.95,0,,0,36.95,0,0,
7/30/2026 5:35:00 AM,RTD,7/30/2026 5:40:00 AM,CVIS,Ru,36.95,0,,0,36.95,0,0,
7/30/2026 5:35:00 AM,RTD,7/30/2026 5:40:00 AM,CMIN,Ru,38.32,0,,0,38.32,0,0,
7/30/2026 5:35:00 AM,RTD,7/30/2026 5:40:00 AM,CLUZ,Ru,186.50,0,,0,186.50,0,0,
7/30/2026 5:40:00 AM,RTD,7/30/2026 5:45:00 AM,CMIN,Dr,110,0,,0,110,0,0,
7/30/2026 5:40:00 AM,RTD,7/30/2026 5:45:00 AM,CVIS,Dr,93,0,,0,93,0,0,
7/30/2026 5:40:00 AM,RTD,7/30/2026 5:45:00 AM,CLUZ,Dr,657,0,,0,657,0,0,
7/30/2026 5:40:00 AM,RTD,7/30/2026 5:45:00 AM,CLUZ,En,8393.94,306,0,156.22,9036.27,0,180,
7/30/2026 5:40:00 AM,RTD,7/30/2026 5:45:00 AM,CMIN,En,1887.99,0,0,40.52,2149.23,0,220.76,
7/30/2026 5:40:00 AM,RTD,7/30/2026 5:45:00 AM,CVIS,En,1795.26,0,0,25.94,1420.44,400.76,0,
7/30/2026 5:40:00 AM,RTD,7/30/2026 5:45:00 AM,CMIN,Fr,110,0,,0,110,0,0,
7/30/2026 5:40:00 AM,RTD,7/30/2026 5:45:00 AM,CVIS,Fr,134,0,,0,134,0,0,
7/30/2026 5:40:00 AM,RTD,7/30/2026 5:45:00 AM,CLUZ,Fr,658,0,,0,622.35,0,0,
7/30/2026 5:40:00 AM,RTD,7/30/2026 5:45:00 AM,CLUZ,Rd,186.50,0,,0,186.50,0,0,
7/30/2026 5:40:00 AM,RTD,7/30/2026 5:45:00 AM,CMIN,Rd,38.32,0,,0,38.32,0,0,
7/30/2026 5:40:00 AM,RTD,7/30/2026 5:45:00 AM,CVIS,Rd,36.95,0,,0,36.95,0,0,
7/30/2026 5:40:00 AM,RTD,7/30/2026 5:45:00 AM,CMIN,Ru,38.32,0,,0,38.32,0,0,
7/30/2026 5:40:00 AM,RTD,7/30/2026 5:45:00 AM,CLUZ,Ru,186.50,0,,0,186.50,0,0,
7/30/2026 5:40:00 AM,RTD,7/30/2026 5:45:00 AM,CVIS,Ru,36.95,0,,0,36.95,0,0,
7/30/2026 5:45:00 AM,RTD,7/30/2026 5:50:00 AM,CLUZ,Dr,657,0,,0,657,0,0,
7/30/2026 5:45:00 AM,RTD,7/30/2026 5:50:00 AM,CVIS,Dr,93,0,,0,93,0,0,
7/30/2026 5:45:00 AM,RTD,7/30/2026 5:50:00 AM,CMIN,Dr,110,0,,0,110,0,0,
7/30/2026 5:45:00 AM,RTD,7/30/2026 5:50:00 AM,CLUZ,En,8382.95,306,0,156.11,9024.93,0,180,
7/30/2026 5:45:00 AM,RTD,7/30/2026 5:50:00 AM,CVIS,En,1798.01,0,0,26.33,1407.41,416.91,0,
7/30/2026 5:45:00 AM,RTD,7/30/2026 5:50:00 AM,CMIN,En,1880.10,0,0,40.01,2157.03,0,236.91,
7/30/2026 5:45:00 AM,RTD,7/30/2026 5:50:00 AM,CLUZ,Fr,658,0,,0,617.10,0,0,
7/30/2026 5:45:00 AM,RTD,7/30/2026 5:50:00 AM,CVIS,Fr,134,0,,0,134,0,0,
7/30/2026 5:45:00 AM,RTD,7/30/2026 5:50:00 AM,CMIN,Fr,110,0,,0,110,0,0,
7/30/2026 5:45:00 AM,RTD,7/30/2026 5:50:00 AM,CLUZ,Rd,186.50,0,,0,186.50,0,0,
7/30/2026 5:45:00 AM,RTD,7/30/2026 5:50:00 AM,CMIN,Rd,38.32,0,,0,38.32,0,0,
7/30/2026 5:45:00 AM,RTD,7/30/2026 5:50:00 AM,CVIS,Rd,36.95,0,,0,36.95,0,0,
7/30/2026 5:45:00 AM,RTD,7/30/2026 5:50:00 AM,CVIS,Ru,36.95,0,,0,36.95,0,0,
7/30/2026 5:45:00 AM,RTD,7/30/2026 5:50:00 AM,CMIN,Ru,38.32,0,,0,38.32,0,0,
7/30/2026 5:45:00 AM,RTD,7/30/2026 5:50:00 AM,CLUZ,Ru,186.50,0,,0,186.50,0,0,
7/30/2026 5:50:00 AM,RTD,7/30/2026 5:55:00 AM,CLUZ,Dr,657,0,,0,657,0,0,
7/30/2026 5:50:00 AM,RTD,7/30/2026 5:55:00 AM,CMIN,Dr,110,0,,0,110,0,0,
7/30/2026 5:50:00 AM,RTD,7/30/2026 5:55:00 AM,CVIS,Dr,93,0,,0,93,0,0,
7/30/2026 5:50:00 AM,RTD,7/30/2026 5:55:00 AM,CLUZ,En,8357.42,306,0,154.62,8998,0,180,
7/30/2026 5:50:00 AM,RTD,7/30/2026 5:55:00 AM,CMIN,En,1869,0,0,39.92,2137.88,0,228.98,
7/30/2026 5:50:00 AM,RTD,7/30/2026 5:55:00 AM,CVIS,En,1790.42,0,0,26.14,1407.60,408.98,0,
7/30/2026 5:50:00 AM,RTD,7/30/2026 5:55:00 AM,CVIS,Fr,134,0,,0,134,0,0,
7/30/2026 5:50:00 AM,RTD,7/30/2026 5:55:00 AM,CMIN,Fr,110,0,,0,110,0,0,
7/30/2026 5:50:00 AM,RTD,7/30/2026 5:55:00 AM,CLUZ,Fr,658,0,,0,624.85,0,0,
7/30/2026 5:50:00 AM,RTD,7/30/2026 5:55:00 AM,CLUZ,Rd,186.50,0,,0,186.50,0,0,
7/30/2026 5:50:00 AM,RTD,7/30/2026 5:55:00 AM,CVIS,Rd,36.95,0,,0,36.95,0,0,
7/30/2026 5:50:00 AM,RTD,7/30/2026 5:55:00 AM,CMIN,Rd,38.32,0,,0,38.32,0,0,
7/30/2026 5:50:00 AM,RTD,7/30/2026 5:55:00 AM,CLUZ,Ru,186.50,0,,0,186.50,0,0,
7/30/2026 5:50:00 AM,RTD,7/30/2026 5:55:00 AM,CMIN,Ru,38.32,0,,0,38.32,0,0,
7/30/2026 5:50:00 AM,RTD,7/30/2026 5:55:00 AM,CVIS,Ru,36.95,0,,0,36.95,0,0,
7/30/2026 5:55:00 AM,RTD,7/30/2026 6:00:00 AM,CVIS,Dr,93,0,,0,93,0,0,
7/30/2026 5:55:00 AM,RTD,7/30/2026 6:00:00 AM,CMIN,Dr,110,0,,0,110,0,0,
7/30/2026 5:55:00 AM,RTD,7/30/2026 6:00:00 AM,CLUZ,Dr,657,0,,0,657,0,0,
7/30/2026 5:55:00 AM,RTD,7/30/2026 6:00:00 AM,CVIS,En,1788.22,0,0,26.09,1405.08,409.22,0,
7/30/2026 5:55:00 AM,RTD,7/30/2026 6:00:00 AM,CLUZ,En,8377.62,306,0,153.55,9017.19,0,180,
7/30/2026 5:55:00 AM,RTD,7/30/2026 6:00:00 AM,CMIN,En,1866.87,0,0,40.32,2136.42,0,229.22,
7/30/2026 5:55:00 AM,RTD,7/30/2026 6:00:00 AM,CLUZ,Fr,658,0,,0,628.50,0,0,
7/30/2026 5:55:00 AM,RTD,7/30/2026 6:00:00 AM,CVIS,Fr,134,0,,0,134,0,0,
7/30/2026 5:55:00 AM,RTD,7/30/2026 6:00:00 AM,CMIN,Fr,110,0,,0,110,0,0,
7/30/2026 5:55:00 AM,RTD,7/30/2026 6:00:00 AM,CLUZ,Rd,186.50,0,,0,186.50,0,0,
7/30/2026 5:55:00 AM,RTD,7/30/2026 6:00:00 AM,CVIS,Rd,36.95,0,,0,36.95,0,0,
7/30/2026 5:55:00 AM,RTD,7/30/2026 6:00:00 AM,CMIN,Rd,38.32,0,,0,38.32,0,0,
7/30/2026 5:55:00 AM,RTD,7/30/2026 6:00:00 AM,CVIS,Ru,36.95,0,,0,36.95,0,0,
7/30/2026 5:55:00 AM,RTD,7/30/2026 6:00:00 AM,CMIN,Ru,38.32,0,,0,38.32,0,0,
7/30/2026 5:55:00 AM,RTD,7/30/2026 6:00:00 AM,CLUZ,Ru,186.50,0,,0,186.50,0,0,
7/30/2026 6:00:00 AM,RTD,7/30/2026 6:05:00 AM,CVIS,Dr,123,0,,0,123,0,0,
7/30/2026 6:00:00 AM,RTD,7/30/2026 6:05:00 AM,CMIN,Dr,110,0,,0,110,0,0,
7/30/2026 6:00:00 AM,RTD,7/30/2026 6:05:00 AM,CLUZ,Dr,639,0,,0,639,0,0,
7/30/2026 6:00:00 AM,RTD,7/30/2026 6:05:00 AM,CMIN,En,1849.22,0,0,39.66,2131.37,0,242.49,
7/30/2026 6:00:00 AM,RTD,7/30/2026 6:05:00 AM,CLUZ,En,8442,306,0,153.69,9052.34,0,150.67,
7/30/2026 6:00:00 AM,RTD,7/30/2026 6:05:00 AM,CVIS,En,1779.06,0,0,24.96,1410.88,393.16,0,
7/30/2026 6:00:00 AM,RTD,7/30/2026 6:05:00 AM,CMIN,Fr,110,0,,0,110,0,0,
7/30/2026 6:00:00 AM,RTD,7/30/2026 6:05:00 AM,CVIS,Fr,134,0,,0,134,0,0,
7/30/2026 6:00:00 AM,RTD,7/30/2026 6:05:00 AM,CLUZ,Fr,641,0,,0,641,0,0,
7/30/2026 6:00:00 AM,RTD,7/30/2026 6:05:00 AM,CMIN,Rd,35.51,0,,0,35.51,0,0,
7/30/2026 6:00:00 AM,RTD,7/30/2026 6:05:00 AM,CLUZ,Rd,186.50,0,,0,186.50,0,0,
7/30/2026 6:00:00 AM,RTD,7/30/2026 6:05:00 AM,CVIS,Rd,37.10,0,,0,37.10,0,0,
7/30/2026 6:00:00 AM,RTD,7/30/2026 6:05:00 AM,CVIS,Ru,37.10,0,,0,37.10,0,0,
7/30/2026 6:00:00 AM,RTD,7/30/2026 6:05:00 AM,CMIN,Ru,35.51,0,,0,35.51,0,0,
7/30/2026 6:00:00 AM,RTD,7/30/2026 6:05:00 AM,CLUZ,Ru,186.50,0,,0,186.50,0,0,
7/30/2026 6:05:00 AM,RTD,7/30/2026 6:10:00 AM,CVIS,Dr,123,0,,0,123,0,0,
7/30/2026 6:05:00 AM,RTD,7/30/2026 6:10:00 AM,CMIN,Dr,110,0,,0,110,0,0,
7/30/2026 6:05:00 AM,RTD,7/30/2026 6:10:00 AM,CLUZ,Dr,639,0,,0,639,0,0,
7/30/2026 6:05:00 AM,RTD,7/30/2026 6:10:00 AM,CMIN,En,1840.24,0,0,39.93,2091.71,0,211.55,
7/30/2026 6:05:00 AM,RTD,7/30/2026 6:10:00 AM,CLUZ,En,8419.81,306,0,152.99,9058.81,0,180,
7/30/2026 6:05:00 AM,RTD,7/30/2026 6:10:00 AM,CVIS,En,1776.31,0,0,27.06,1411.80,391.55,0,
7/30/2026 6:05:00 AM,RTD,7/30/2026 6:10:00 AM,CMIN,Fr,110,0,,0,110,0,0,
7/30/2026 6:05:00 AM,RTD,7/30/2026 6:10:00 AM,CVIS,Fr,134,0,,0,134,0,0,
7/30/2026 6:05:00 AM,RTD,7/30/2026 6:10:00 AM,CLUZ,Fr,641,0,,0,641,0,0,
7/30/2026 6:05:00 AM,RTD,7/30/2026 6:10:00 AM,CMIN,Rd,35.51,0,,0,35.51,0,0,
7/30/2026 6:05:00 AM,RTD,7/30/2026 6:10:00 AM,CLUZ,Rd,186.50,0,,0,186.50,0,0,
7/30/2026 6:05:00 AM,RTD,7/30/2026 6:10:00 AM,CVIS,Rd,37.10,0,,0,37.10,0,0,
7/30/2026 6:05:00 AM,RTD,7/30/2026 6:10:00 AM,CVIS,Ru,37.10,0,,0,37.10,0,0,
7/30/2026 6:05:00 AM,RTD,7/30/2026 6:10:00 AM,CMIN,Ru,35.51,0,,0,35.51,0,0,
7/30/2026 6:05:00 AM,RTD,7/30/2026 6:10:00 AM,CLUZ,Ru,186.50,0,,0,186.50,0,0,
7/30/2026 6:10:00 AM,RTD,7/30/2026 6:15:00 AM,CVIS,Dr,123,0,,0,123,0,0,
7/30/2026 6:10:00 AM,RTD,7/30/2026 6:15:00 AM,CMIN,Dr,110,0,,0,110,0,0,
7/30/2026 6:10:00 AM,RTD,7/30/2026 6:15:00 AM,CLUZ,Dr,639,0,,0,639,0,0,
7/30/2026 6:10:00 AM,RTD,7/30/2026 6:15:00 AM,CMIN,En,1819.74,0,0,40.13,2063.89,0,204.02,
7/30/2026 6:10:00 AM,RTD,7/30/2026 6:15:00 AM,CLUZ,En,8428.93,306,0,151.82,9054.16,0,167.36,
7/30/2026 6:10:00 AM,RTD,7/30/2026 6:15:00 AM,CVIS,En,1764.86,0,0,26.23,1419.71,371.39,0,
7/30/2026 6:10:00 AM,RTD,7/30/2026 6:15:00 AM,CMIN,Fr,110,0,,0,110,0,0,
7/30/2026 6:10:00 AM,RTD,7/30/2026 6:15:00 AM,CVIS,Fr,134,0,,0,134,0,0,
7/30/2026 6:10:00 AM,RTD,7/30/2026 6:15:00 AM,CLUZ,Fr,641,0,,0,641,0,0,
7/30/2026 6:10:00 AM,RTD,7/30/2026 6:15:00 AM,CMIN,Rd,35.51,0,,0,35.51,0,0,
7/30/2026 6:10:00 AM,RTD,7/30/2026 6:15:00 AM,CLUZ,Rd,186.50,0,,0,186.50,0,0,
7/30/2026 6:10:00 AM,RTD,7/30/2026 6:15:00 AM,CVIS,Rd,37.10,0,,0,37.10,0,0,
7/30/2026 6:10:00 AM,RTD,7/30/2026 6:15:00 AM,CVIS,Ru,37.10,0,,0,37.10,0,0,
7/30/2026 6:10:00 AM,RTD,7/30/2026 6:15:00 AM,CMIN,Ru,35.51,0,,0,35.51,0,0,
7/30/2026 6:10:00 AM,RTD,7/30/2026 6:15:00 AM,CLUZ,Ru,186.50,0,,0,186.50,0,0,
7/30/2026 6:15:00 AM,RTD,7/30/2026 6:20:00 AM,CVIS,Dr,123,0,,0,123,0,0,
7/30/2026 6:15:00 AM,RTD,7/30/2026 6:20:00 AM,CMIN,Dr,110,0,,0,110,0,0,
7/30/2026 6:15:00 AM,RTD,7/30/2026 6:20:00 AM,CLUZ,Dr,639,0,,0,639,0,0,
7/30/2026 6:15:00 AM,RTD,7/30/2026 6:20:00 AM,CMIN,En,1803.20,0,0,39.77,2028.83,0,185.85,
7/30/2026 6:15:00 AM,RTD,7/30/2026 6:20:00 AM,CLUZ,En,8417.24,306,0,151.45,9049.99,0,175.29,
7/30/2026 6:15:00 AM,RTD,7/30/2026 6:20:00 AM,CVIS,En,1755.28,0,0,26.67,1420.79,361.14,0,
7/30/2026 6:15:00 AM,RTD,7/30/2026 6:20:00 AM,CMIN,Fr,110,0,,0,110,0,0,
7/30/2026 6:15:00 AM,RTD,7/30/2026 6:20:00 AM,CVIS,Fr,134,0,,0,134,0,0,
7/30/2026 6:15:00 AM,RTD,7/30/2026 6:20:00 AM,CLUZ,Fr,641,0,,0,641,0,0,
7/30/2026 6:15:00 AM,RTD,7/30/2026 6:20:00 AM,CMIN,Rd,35.51,0,,0,35.51,0,0,
7/30/2026 6:15:00 AM,RTD,7/30/2026 6:20:00 AM,CLUZ,Rd,186.50,0,,0,186.50,0,0,
7/30/2026 6:15:00 AM,RTD,7/30/2026 6:20:00 AM,CVIS,Rd,37.10,0,,0,37.10,0,0,
7/30/2026 6:15:00 AM,RTD,7/30/2026 6:20:00 AM,CVIS,Ru,37.10,0,,0,37.10,0,0,
7/30/2026 6:15:00 AM,RTD,7/30/2026 6:20:00 AM,CMIN,Ru,35.51,0,,0,35.51,0,0,
7/30/2026 6:15:00 AM,RTD,7/30/2026 6:20:00 AM,CLUZ,Ru,186.50,0,,0,186.50,0,0,
7/30/2026 6:20:00 AM,RTD,7/30/2026 6:25:00 AM,CMIN,Dr,110,0,,0,110,0,0,
7/30/2026 6:20:00 AM,RTD,7/30/2026 6:25:00 AM,CLUZ,Dr,639,0,,0,639,0,0,
7/30/2026 6:20:00 AM,RTD,7/30/2026 6:25:00 AM,CVIS,Dr,123,0,,0,123,0,0,
7/30/2026 6:20:00 AM,RTD,7/30/2026 6:25:00 AM,CVIS,En,1744.23,0,0,26.69,1426.11,344.82,0,
7/30/2026 6:20:00 AM,RTD,7/30/2026 6:25:00 AM,CMIN,En,1785.90,0,0,39.28,1994.58,0,169.42,
7/30/2026 6:20:00 AM,RTD,7/30/2026 6:25:00 AM,CLUZ,En,8394.75,306,0,151,9027.14,0,175.40,
7/30/2026 6:20:00 AM,RTD,7/30/2026 6:25:00 AM,CLUZ,Fr,641,0,,0,641,0,0,
7/30/2026 6:20:00 AM,RTD,7/30/2026 6:25:00 AM,CVIS,Fr,134,0,,0,134,0,0,
7/30/2026 6:20:00 AM,RTD,7/30/2026 6:25:00 AM,CMIN,Fr,110,0,,0,110,0,0,
7/30/2026 6:20:00 AM,RTD,7/30/2026 6:25:00 AM,CVIS,Rd,37.10,0,,0,37.10,0,0,
7/30/2026 6:20:00 AM,RTD,7/30/2026 6:25:00 AM,CMIN,Rd,35.51,0,,0,35.51,0,0,
7/30/2026 6:20:00 AM,RTD,7/30/2026 6:25:00 AM,CLUZ,Rd,186.50,0,,0,186.50,0,0,
7/30/2026 6:20:00 AM,RTD,7/30/2026 6:25:00 AM,CVIS,Ru,37.10,0,,0,37.10,0,0,
7/30/2026 6:20:00 AM,RTD,7/30/2026 6:25:00 AM,CMIN,Ru,35.51,0,,0,35.51,0,0,
7/30/2026 6:20:00 AM,RTD,7/30/2026 6:25:00 AM,CLUZ,Ru,186.50,0,,0,186.50,0,0,
7/30/2026 6:25:00 AM,RTD,7/30/2026 6:30:00 AM,CVIS,Dr,123,0,,0,123,0,0,
7/30/2026 6:25:00 AM,RTD,7/30/2026 6:30:00 AM,CLUZ,Dr,639,0,,0,639,0,0,
7/30/2026 6:25:00 AM,RTD,7/30/2026 6:30:00 AM,CMIN,Dr,110,0,,0,110,0,0,
7/30/2026 6:25:00 AM,RTD,7/30/2026 6:30:00 AM,CMIN,En,1783.19,0,0,39.53,1973.19,0,150.48,
7/30/2026 6:25:00 AM,RTD,7/30/2026 6:30:00 AM,CVIS,En,1728.31,0,0,26.86,1425.46,329.70,0,
7/30/2026 6:25:00 AM,RTD,7/30/2026 6:30:00 AM,CLUZ,En,8405.76,306,0,149.31,9040.27,0,179.22,
7/30/2026 6:25:00 AM,RTD,7/30/2026 6:30:00 AM,CMIN,Fr,110,0,,0,110,0,0,
7/30/2026 6:25:00 AM,RTD,7/30/2026 6:30:00 AM,CLUZ,Fr,641,0,,0,641,0,0,
7/30/2026 6:25:00 AM,RTD,7/30/2026 6:30:00 AM,CVIS,Fr,134,0,,0,134,0,0,
7/30/2026 6:25:00 AM,RTD,7/30/2026 6:30:00 AM,CMIN,Rd,35.51,0,,0,35.51,0,0,
7/30/2026 6:25:00 AM,RTD,7/30/2026 6:30:00 AM,CLUZ,Rd,186.50,0,,0,186.50,0,0,
7/30/2026 6:25:00 AM,RTD,7/30/2026 6:30:00 AM,CVIS,Rd,37.10,0,,0,37.10,0,0,
7/30/2026 6:25:00 AM,RTD,7/30/2026 6:30:00 AM,CVIS,Ru,37.10,0,,0,37.10,0,0,
7/30/2026 6:25:00 AM,RTD,7/30/2026 6:30:00 AM,CLUZ,Ru,186.50,0,,0,186.50,0,0,
7/30/2026 6:25:00 AM,RTD,7/30/2026 6:30:00 AM,CMIN,Ru,35.51,0,,0,35.51,0,0,
7/30/2026 6:30:00 AM,RTD,7/30/2026 6:35:00 AM,CVIS,Dr,123,0,,0,123,0,0,
7/30/2026 6:30:00 AM,RTD,7/30/2026 6:35:00 AM,CLUZ,Dr,639,0,,0,639,0,0,
7/30/2026 6:30:00 AM,RTD,7/30/2026 6:35:00 AM,CMIN,Dr,110,0,,0,110,0,0,
7/30/2026 6:30:00 AM,RTD,7/30/2026 6:35:00 AM,CVIS,En,1706.15,0,0,21.52,1433.16,294.52,0,
7/30/2026 6:30:00 AM,RTD,7/30/2026 6:35:00 AM,CLUZ,En,8374.74,306,0,147.74,8928.50,0,100,
7/30/2026 6:30:00 AM,RTD,7/30/2026 6:35:00 AM,CMIN,En,1773.75,0,0,39.26,2007.55,0,194.52,
7/30/2026 6:30:00 AM,RTD,7/30/2026 6:35:00 AM,CLUZ,Fr,641,0,,0,641,0,0,
7/30/2026 6:30:00 AM,RTD,7/30/2026 6:35:00 AM,CVIS,Fr,134,0,,0,134,0,0,
7/30/2026 6:30:00 AM,RTD,7/30/2026 6:35:00 AM,CMIN,Fr,110,0,,0,110,0,0,
7/30/2026 6:30:00 AM,RTD,7/30/2026 6:35:00 AM,CMIN,Rd,35.51,0,,0,35.51,0,0,
7/30/2026 6:30:00 AM,RTD,7/30/2026 6:35:00 AM,CVIS,Rd,37.10,0,,0,37.10,0,0,
7/30/2026 6:30:00 AM,RTD,7/30/2026 6:35:00 AM,CLUZ,Rd,186.50,0,,0,186.50,0,0,
7/30/2026 6:30:00 AM,RTD,7/30/2026 6:35:00 AM,CMIN,Ru,35.51,0,,0,35.51,0,0,
7/30/2026 6:30:00 AM,RTD,7/30/2026 6:35:00 AM,CLUZ,Ru,186.50,0,,0,186.50,0,0,
7/30/2026 6:30:00 AM,RTD,7/30/2026 6:35:00 AM,CVIS,Ru,37.10,0,,0,37.10,0,0,
7/30/2026 6:35:00 AM,RTD,7/30/2026 6:40:00 AM,CVIS,Dr,123,0,,0,123,0,0,
7/30/2026 6:35:00 AM,RTD,7/30/2026 6:40:00 AM,CMIN,Dr,110,0,,0,110,0,0,
7/30/2026 6:35:00 AM,RTD,7/30/2026 6:40:00 AM,CLUZ,Dr,639,0,,0,639,0,0,
7/30/2026 6:35:00 AM,RTD,7/30/2026 6:40:00 AM,CMIN,En,1761.96,0,0,39.08,1982.53,0,181.48,
7/30/2026 6:35:00 AM,RTD,7/30/2026 6:40:00 AM,CLUZ,En,8376.49,306,0,144.26,8926.69,0,100,
7/30/2026 6:35:00 AM,RTD,7/30/2026 6:40:00 AM,CVIS,En,1701.20,0,0,21.58,1441.31,281.48,0,
7/30/2026 6:35:00 AM,RTD,7/30/2026 6:40:00 AM,CMIN,Fr,110,0,,0,110,0,0,
7/30/2026 6:35:00 AM,RTD,7/30/2026 6:40:00 AM,CVIS,Fr,134,0,,0,134,0,0,
7/30/2026 6:35:00 AM,RTD,7/30/2026 6:40:00 AM,CLUZ,Fr,641,0,,0,641,0,0,
7/30/2026 6:35:00 AM,RTD,7/30/2026 6:40:00 AM,CMIN,Rd,35.51,0,,0,35.51,0,0,
7/30/2026 6:35:00 AM,RTD,7/30/2026 6:40:00 AM,CLUZ,Rd,186.50,0,,0,186.50,0,0,
7/30/2026 6:35:00 AM,RTD,7/30/2026 6:40:00 AM,CVIS,Rd,37.10,0,,0,37.10,0,0,
7/30/2026 6:35:00 AM,RTD,7/30/2026 6:40:00 AM,CVIS,Ru,37.10,0,,0,37.10,0,0,
7/30/2026 6:35:00 AM,RTD,7/30/2026 6:40:00 AM,CMIN,Ru,35.51,0,,0,35.51,0,0,
7/30/2026 6:35:00 AM,RTD,7/30/2026 6:40:00 AM,CLUZ,Ru,186.50,0,,0,186.50,0,0,
7/30/2026 6:40:00 AM,RTD,7/30/2026 6:45:00 AM,CVIS,Dr,123,0,,0,123,0,0,
7/30/2026 6:40:00 AM,RTD,7/30/2026 6:45:00 AM,CMIN,Dr,110,0,,0,110,0,0,
7/30/2026 6:40:00 AM,RTD,7/30/2026 6:45:00 AM,CLUZ,Dr,639,0,,0,639,0,0,
7/30/2026 6:40:00 AM,RTD,7/30/2026 6:45:00 AM,CMIN,En,1761.87,0,0,39.41,1962.37,0,161.10,
7/30/2026 6:40:00 AM,RTD,7/30/2026 6:45:00 AM,CLUZ,En,8367.92,306,0,142.50,8913.37,0,97.04,
7/30/2026 6:40:00 AM,RTD,7/30/2026 6:45:00 AM,CVIS,En,1689.41,0,0,21.32,1452.60,258.14,0,
7/30/2026 6:40:00 AM,RTD,7/30/2026 6:45:00 AM,CMIN,Fr,110,0,,0,110,0,0,
7/30/2026 6:40:00 AM,RTD,7/30/2026 6:45:00 AM,CVIS,Fr,134,0,,0,134,0,0,
7/30/2026 6:40:00 AM,RTD,7/30/2026 6:45:00 AM,CLUZ,Fr,641,0,,0,641,0,0,
7/30/2026 6:40:00 AM,RTD,7/30/2026 6:45:00 AM,CMIN,Rd,35.51,0,,0,35.51,0,0,
7/30/2026 6:40:00 AM,RTD,7/30/2026 6:45:00 AM,CLUZ,Rd,186.50,0,,0,186.50,0,0,
7/30/2026 6:40:00 AM,RTD,7/30/2026 6:45:00 AM,CVIS,Rd,37.10,0,,0,37.10,0,0,
7/30/2026 6:40:00 AM,RTD,7/30/2026 6:45:00 AM,CVIS,Ru,37.10,0,,0,37.10,0,0,
7/30/2026 6:40:00 AM,RTD,7/30/2026 6:45:00 AM,CMIN,Ru,35.51,0,,0,35.51,0,0,
7/30/2026 6:40:00 AM,RTD,7/30/2026 6:45:00 AM,CLUZ,Ru,186.50,0,,0,186.50,0,0,
7/30/2026 6:45:00 AM,RTD,7/30/2026 6:50:00 AM,CLUZ,Dr,639,0,,0,639,0,0,
7/30/2026 6:45:00 AM,RTD,7/30/2026 6:50:00 AM,CVIS,Dr,123,0,,0,123,0,0,
7/30/2026 6:45:00 AM,RTD,7/30/2026 6:50:00 AM,CMIN,Dr,110,0,,0,110,0,0,
7/30/2026 6:45:00 AM,RTD,7/30/2026 6:50:00 AM,CVIS,En,1678.75,0,0,20.31,1461.79,237.27,0,
7/30/2026 6:45:00 AM,RTD,7/30/2026 6:50:00 AM,CMIN,En,1760.12,0,0,39.29,1955.19,0,155.79,
7/30/2026 6:45:00 AM,RTD,7/30/2026 6:50:00 AM,CLUZ,En,8386.36,306,0,140.79,8914.53,0,81.49,
7/30/2026 6:45:00 AM,RTD,7/30/2026 6:50:00 AM,CVIS,Fr,134,0,,0,134,0,0,
7/30/2026 6:45:00 AM,RTD,7/30/2026 6:50:00 AM,CLUZ,Fr,641,0,,0,641,0,0,
7/30/2026 6:45:00 AM,RTD,7/30/2026 6:50:00 AM,CMIN,Fr,110,0,,0,110,0,0,
7/30/2026 6:45:00 AM,RTD,7/30/2026 6:50:00 AM,CVIS,Rd,37.10,0,,0,37.10,0,0,
7/30/2026 6:45:00 AM,RTD,7/30/2026 6:50:00 AM,CMIN,Rd,35.51,0,,0,35.51,0,0,
7/30/2026 6:45:00 AM,RTD,7/30/2026 6:50:00 AM,CLUZ,Rd,186.50,0,,0,186.50,0,0,
7/30/2026 6:45:00 AM,RTD,7/30/2026 6:50:00 AM,CLUZ,Ru,186.50,0,,0,186.50,0,0,
7/30/2026 6:45:00 AM,RTD,7/30/2026 6:50:00 AM,CVIS,Ru,37.10,0,,0,37.10,0,0,
7/30/2026 6:45:00 AM,RTD,7/30/2026 6:50:00 AM,CMIN,Ru,35.51,0,,0,35.51,0,0,
7/30/2026 6:50:00 AM,RTD,7/30/2026 6:55:00 AM,CVIS,Dr,123,0,,0,123,0,0,
7/30/2026 6:50:00 AM,RTD,7/30/2026 6:55:00 AM,CMIN,Dr,110,0,,0,110,0,0,
7/30/2026 6:50:00 AM,RTD,7/30/2026 6:55:00 AM,CLUZ,Dr,639,0,,0,639,0,0,
7/30/2026 6:50:00 AM,RTD,7/30/2026 6:55:00 AM,CMIN,En,1774.04,0,0,39.52,1989,0,175.44,
7/30/2026 6:50:00 AM,RTD,7/30/2026 6:55:00 AM,CLUZ,En,8412.02,306,0,139.83,8907.87,0,50,
7/30/2026 6:50:00 AM,RTD,7/30/2026 6:55:00 AM,CVIS,En,1700.92,0,0,18.54,1494.03,225.44,0,
7/30/2026 6:50:00 AM,RTD,7/30/2026 6:55:00 AM,CMIN,Fr,110,0,,0,110,0,0,
7/30/2026 6:50:00 AM,RTD,7/30/2026 6:55:00 AM,CVIS,Fr,134,0,,0,134,0,0,
7/30/2026 6:50:00 AM,RTD,7/30/2026 6:55:00 AM,CLUZ,Fr,641,0,,0,641,0,0,
7/30/2026 6:50:00 AM,RTD,7/30/2026 6:55:00 AM,CMIN,Rd,35.51,0,,0,35.51,0,0,
7/30/2026 6:50:00 AM,RTD,7/30/2026 6:55:00 AM,CLUZ,Rd,186.50,0,,0,186.50,0,0,
7/30/2026 6:50:00 AM,RTD,7/30/2026 6:55:00 AM,CVIS,Rd,37.10,0,,0,37.10,0,0,
7/30/2026 6:50:00 AM,RTD,7/30/2026 6:55:00 AM,CVIS,Ru,37.10,0,,0,37.10,0,0,
7/30/2026 6:50:00 AM,RTD,7/30/2026 6:55:00 AM,CMIN,Ru,35.51,0,,0,35.51,0,0,
7/30/2026 6:50:00 AM,RTD,7/30/2026 6:55:00 AM,CLUZ,Ru,186.50,0,,0,186.50,0,0,
7/30/2026 6:55:00 AM,RTD,7/30/2026 7:00:00 AM,CVIS,Dr,123,0,,0,123,0,0,
7/30/2026 6:55:00 AM,RTD,7/30/2026 7:00:00 AM,CMIN,Dr,110,0,,0,110,0,0,
7/30/2026 6:55:00 AM,RTD,7/30/2026 7:00:00 AM,CLUZ,Dr,639,0,,0,639,0,0,
7/30/2026 6:55:00 AM,RTD,7/30/2026 7:00:00 AM,CMIN,En,1767.39,0,0,38.96,1998.51,0,192.14,
7/30/2026 6:55:00 AM,RTD,7/30/2026 7:00:00 AM,CLUZ,En,8461.59,306,0,140.20,8957.93,0,50,
7/30/2026 6:55:00 AM,RTD,7/30/2026 7:00:00 AM,CVIS,En,1710.58,0,0,18.70,1487.13,242.14,0,
7/30/2026 6:55:00 AM,RTD,7/30/2026 7:00:00 AM,CMIN,Fr,110,0,,0,110,0,0,
7/30/2026 6:55:00 AM,RTD,7/30/2026 7:00:00 AM,CVIS,Fr,134,0,,0,134,0,0,
7/30/2026 6:55:00 AM,RTD,7/30/2026 7:00:00 AM,CLUZ,Fr,641,0,,0,641,0,0,
7/30/2026 6:55:00 AM,RTD,7/30/2026 7:00:00 AM,CMIN,Rd,35.51,0,,0,35.51,0,0,
7/30/2026 6:55:00 AM,RTD,7/30/2026 7:00:00 AM,CLUZ,Rd,186.50,0,,0,186.50,0,0,
7/30/2026 6:55:00 AM,RTD,7/30/2026 7:00:00 AM,CVIS,Rd,37.10,0,,0,37.10,0,0,
7/30/2026 6:55:00 AM,RTD,7/30/2026 7:00:00 AM,CVIS,Ru,37.10,0,,0,37.10,0,0,
7/30/2026 6:55:00 AM,RTD,7/30/2026 7:00:00 AM,CMIN,Ru,35.51,0,,0,35.51,0,0,
7/30/2026 6:55:00 AM,RTD,7/30/2026 7:00:00 AM,CLUZ,Ru,186.50,0,,0,186.50,0,0,
7/30/2026 7:00:00 AM,RTD,7/30/2026 7:05:00 AM,CLUZ,Dr,667,0,,0,667,0,0,
7/30/2026 7:00:00 AM,RTD,7/30/2026 7:05:00 AM,CMIN,Dr,115,0,,0,115,0,0,
7/30/2026 7:00:00 AM,RTD,7/30/2026 7:05:00 AM,CVIS,Dr,106.94,0,,0,106.94,0,0,
7/30/2026 7:00:00 AM,RTD,7/30/2026 7:05:00 AM,CLUZ,En,8527.63,306,0,139,9022.61,0,50,
7/30/2026 7:00:00 AM,RTD,7/30/2026 7:05:00 AM,CMIN,En,1775.34,0,0,38.86,1987.05,0,172.87,
7/30/2026 7:00:00 AM,RTD,7/30/2026 7:05:00 AM,CVIS,En,1716.22,0,0,19.17,1512.50,222.87,0,
7/30/2026 7:00:00 AM,RTD,7/30/2026 7:05:00 AM,CLUZ,Fr,667,0,,0,667,0,0,
7/30/2026 7:00:00 AM,RTD,7/30/2026 7:05:00 AM,CVIS,Fr,134,0,,0,134,0,0,
7/30/2026 7:00:00 AM,RTD,7/30/2026 7:05:00 AM,CMIN,Fr,115,0,,0,115,0,0,
7/30/2026 7:00:00 AM,RTD,7/30/2026 7:05:00 AM,CMIN,Rd,38.79,0,,0,38.79,0,0,
7/30/2026 7:00:00 AM,RTD,7/30/2026 7:05:00 AM,CLUZ,Rd,206,0,,0,206,0,0,
7/30/2026 7:00:00 AM,RTD,7/30/2026 7:05:00 AM,CVIS,Rd,36.70,0,,0,36.70,0,0,
7/30/2026 7:00:00 AM,RTD,7/30/2026 7:05:00 AM,CMIN,Ru,38.79,0,,0,38.79,0,0,
7/30/2026 7:00:00 AM,RTD,7/30/2026 7:05:00 AM,CLUZ,Ru,206,0,,0,206,0,0,
7/30/2026 7:00:00 AM,RTD,7/30/2026 7:05:00 AM,CVIS,Ru,36.70,0,,0,36.70,0,0,
7/30/2026 7:05:00 AM,RTD,7/30/2026 7:10:00 AM,CMIN,Dr,115,0,,0,115,0,0,
7/30/2026 7:05:00 AM,RTD,7/30/2026 7:10:00 AM,CLUZ,Dr,667,0,,0,667,0,0,
7/30/2026 7:05:00 AM,RTD,7/30/2026 7:10:00 AM,CVIS,Dr,106.94,0,,0,106.94,0,0,
7/30/2026 7:05:00 AM,RTD,7/30/2026 7:10:00 AM,CVIS,En,1725.98,0,0,19.23,1508.14,237.06,0,
7/30/2026 7:05:00 AM,RTD,7/30/2026 7:10:00 AM,CMIN,En,1776.95,0,0,39.32,2003.33,0,187.06,
7/30/2026 7:05:00 AM,RTD,7/30/2026 7:10:00 AM,CLUZ,En,8488.88,306,0,135.97,8980.75,0,50,
7/30/2026 7:05:00 AM,RTD,7/30/2026 7:10:00 AM,CLUZ,Fr,667,0,,0,667,0,0,
7/30/2026 7:05:00 AM,RTD,7/30/2026 7:10:00 AM,CVIS,Fr,134,0,,0,134,0,0,
7/30/2026 7:05:00 AM,RTD,7/30/2026 7:10:00 AM,CMIN,Fr,115,0,,0,115,0,0,
7/30/2026 7:05:00 AM,RTD,7/30/2026 7:10:00 AM,CVIS,Rd,36.70,0,,0,36.70,0,0,
7/30/2026 7:05:00 AM,RTD,7/30/2026 7:10:00 AM,CMIN,Rd,38.79,0,,0,38.79,0,0,
7/30/2026 7:05:00 AM,RTD,7/30/2026 7:10:00 AM,CLUZ,Rd,206,0,,0,206,0,0,
7/30/2026 7:05:00 AM,RTD,7/30/2026 7:10:00 AM,CVIS,Ru,36.70,0,,0,36.70,0,0,
7/30/2026 7:05:00 AM,RTD,7/30/2026 7:10:00 AM,CMIN,Ru,38.79,0,,0,38.79,0,0,
7/30/2026 7:05:00 AM,RTD,7/30/2026 7:10:00 AM,CLUZ,Ru,206,0,,0,206,0,0,
7/30/2026 7:10:00 AM,RTD,7/30/2026 7:15:00 AM,CVIS,Dr,106.94,0,,0,106.94,0,0,
7/30/2026 7:10:00 AM,RTD,7/30/2026 7:15:00 AM,CMIN,Dr,115,0,,0,115,0,0,
7/30/2026 7:10:00 AM,RTD,7/30/2026 7:15:00 AM,CLUZ,Dr,667,0,,0,667,0,0,
7/30/2026 7:10:00 AM,RTD,7/30/2026 7:15:00 AM,CMIN,En,1787.87,0,0,38.97,2023.52,0,196.71,
7/30/2026 7:10:00 AM,RTD,7/30/2026 7:15:00 AM,CLUZ,En,8560.20,306,0,136.94,9053.06,0,50,
7/30/2026 7:10:00 AM,RTD,7/30/2026 7:15:00 AM,CVIS,En,1737.65,0,0,19.33,1510.26,246.71,0,
7/30/2026 7:10:00 AM,RTD,7/30/2026 7:15:00 AM,CMIN,Fr,115,0,,0,115,0,0,
7/30/2026 7:10:00 AM,RTD,7/30/2026 7:15:00 AM,CVIS,Fr,134,0,,0,134,0,0,
7/30/2026 7:10:00 AM,RTD,7/30/2026 7:15:00 AM,CLUZ,Fr,667,0,,0,667,0,0,
7/30/2026 7:10:00 AM,RTD,7/30/2026 7:15:00 AM,CMIN,Rd,38.79,0,,0,38.79,0,0,
7/30/2026 7:10:00 AM,RTD,7/30/2026 7:15:00 AM,CLUZ,Rd,206,0,,0,206,0,0,
7/30/2026 7:10:00 AM,RTD,7/30/2026 7:15:00 AM,CVIS,Rd,36.70,0,,0,36.70,0,0,
7/30/2026 7:10:00 AM,RTD,7/30/2026 7:15:00 AM,CVIS,Ru,36.70,0,,0,36.70,0,0,
7/30/2026 7:10:00 AM,RTD,7/30/2026 7:15:00 AM,CMIN,Ru,38.79,0,,0,38.79,0,0,
7/30/2026 7:10:00 AM,RTD,7/30/2026 7:15:00 AM,CLUZ,Ru,206,0,,0,206,0,0,
7/30/2026 7:15:00 AM,RTD,7/30/2026 7:20:00 AM,CVIS,Dr,106.94,0,,0,106.94,0,0,
7/30/2026 7:15:00 AM,RTD,7/30/2026 7:20:00 AM,CMIN,Dr,115,0,,0,115,0,0,
7/30/2026 7:15:00 AM,RTD,7/30/2026 7:20:00 AM,CLUZ,Dr,667,0,,0,667,0,0,
7/30/2026 7:15:00 AM,RTD,7/30/2026 7:20:00 AM,CMIN,En,1802.19,0,0,39.01,2033.58,0,192.36,
7/30/2026 7:15:00 AM,RTD,7/30/2026 7:20:00 AM,CLUZ,En,8638.38,306,0,138.51,9132.88,0,50,
7/30/2026 7:15:00 AM,RTD,7/30/2026 7:20:00 AM,CVIS,En,1735.49,0,0,19.53,1512.66,242.36,0,
7/30/2026 7:15:00 AM,RTD,7/30/2026 7:20:00 AM,CMIN,Fr,115,0,,0,115,0,0,
7/30/2026 7:15:00 AM,RTD,7/30/2026 7:20:00 AM,CVIS,Fr,134,0,,0,134,0,0,
7/30/2026 7:15:00 AM,RTD,7/30/2026 7:20:00 AM,CLUZ,Fr,667,0,,0,667,0,0,
7/30/2026 7:15:00 AM,RTD,7/30/2026 7:20:00 AM,CMIN,Rd,38.79,0,,0,38.79,0,0,
7/30/2026 7:15:00 AM,RTD,7/30/2026 7:20:00 AM,CLUZ,Rd,206,0,,0,206,0,0,
7/30/2026 7:15:00 AM,RTD,7/30/2026 7:20:00 AM,CVIS,Rd,36.70,0,,0,36.70,0,0,
7/30/2026 7:15:00 AM,RTD,7/30/2026 7:20:00 AM,CVIS,Ru,36.70,0,,0,36.70,0,0,
7/30/2026 7:15:00 AM,RTD,7/30/2026 7:20:00 AM,CMIN,Ru,38.79,0,,0,38.79,0,0,
7/30/2026 7:15:00 AM,RTD,7/30/2026 7:20:00 AM,CLUZ,Ru,206,0,,0,206,0,0,
7/30/2026 7:20:00 AM,RTD,7/30/2026 7:25:00 AM,CVIS,Dr,106.94,0,,0,106.94,0,0,
7/30/2026 7:20:00 AM,RTD,7/30/2026 7:25:00 AM,CLUZ,Dr,667,0,,0,667,0,0,
7/30/2026 7:20:00 AM,RTD,7/30/2026 7:25:00 AM,CMIN,Dr,115,0,,0,115,0,0,
7/30/2026 7:20:00 AM,RTD,7/30/2026 7:25:00 AM,CVIS,En,1746.02,0,0,19.58,1526.69,238.92,0,
7/30/2026 7:20:00 AM,RTD,7/30/2026 7:25:00 AM,CLUZ,En,8698.98,306,0,139.07,9194,0,50,
7/30/2026 7:20:00 AM,RTD,7/30/2026 7:25:00 AM,CMIN,En,1816.45,0,0,39.02,2044.38,0,188.92,
7/30/2026 7:20:00 AM,RTD,7/30/2026 7:25:00 AM,CLUZ,Fr,667,0,,0,667,0,0,
7/30/2026 7:20:00 AM,RTD,7/30/2026 7:25:00 AM,CVIS,Fr,134,0,,0,134,0,0,
7/30/2026 7:20:00 AM,RTD,7/30/2026 7:25:00 AM,CMIN,Fr,115,0,,0,115,0,0,
7/30/2026 7:20:00 AM,RTD,7/30/2026 7:25:00 AM,CMIN,Rd,38.79,0,,0,38.79,0,0,
7/30/2026 7:20:00 AM,RTD,7/30/2026 7:25:00 AM,CVIS,Rd,36.70,0,,0,36.70,0,0,
7/30/2026 7:20:00 AM,RTD,7/30/2026 7:25:00 AM,CLUZ,Rd,206,0,,0,206,0,0,
7/30/2026 7:20:00 AM,RTD,7/30/2026 7:25:00 AM,CMIN,Ru,38.79,0,,0,38.79,0,0,
7/30/2026 7:20:00 AM,RTD,7/30/2026 7:25:00 AM,CLUZ,Ru,206,0,,0,206,0,0,
7/30/2026 7:20:00 AM,RTD,7/30/2026 7:25:00 AM,CVIS,Ru,36.70,0,,0,36.70,0,0,
7/30/2026 7:25:00 AM,RTD,7/30/2026 7:30:00 AM,CVIS,Dr,106.94,0,,0,106.94,0,0,
7/30/2026 7:25:00 AM,RTD,7/30/2026 7:30:00 AM,CMIN,Dr,115,0,,0,115,0,0,
7/30/2026 7:25:00 AM,RTD,7/30/2026 7:30:00 AM,CLUZ,Dr,667,0,,0,667,0,0,
7/30/2026 7:25:00 AM,RTD,7/30/2026 7:30:00 AM,CMIN,En,1837.92,0,0,39.53,2052.74,0,175.28,
7/30/2026 7:25:00 AM,RTD,7/30/2026 7:30:00 AM,CLUZ,En,8738.33,306,0,139.70,9233.97,0,50,
7/30/2026 7:25:00 AM,RTD,7/30/2026 7:30:00 AM,CVIS,En,1757.27,0,0,19.75,1551.75,225.28,0,
7/30/2026 7:25:00 AM,RTD,7/30/2026 7:30:00 AM,CMIN,Fr,115,0,,0,115,0,0,
7/30/2026 7:25:00 AM,RTD,7/30/2026 7:30:00 AM,CVIS,Fr,134,0,,0,134,0,0,
7/30/2026 7:25:00 AM,RTD,7/30/2026 7:30:00 AM,CLUZ,Fr,667,0,,0,667,0,0,
7/30/2026 7:25:00 AM,RTD,7/30/2026 7:30:00 AM,CMIN,Rd,38.79,0,,0,38.79,0,0,
7/30/2026 7:25:00 AM,RTD,7/30/2026 7:30:00 AM,CLUZ,Rd,206,0,,0,206,0,0,
7/30/2026 7:25:00 AM,RTD,7/30/2026 7:30:00 AM,CVIS,Rd,36.70,0,,0,36.70,0,0,
7/30/2026 7:25:00 AM,RTD,7/30/2026 7:30:00 AM,CVIS,Ru,36.70,0,,0,36.70,0,0,
7/30/2026 7:25:00 AM,RTD,7/30/2026 7:30:00 AM,CMIN,Ru,38.79,0,,0,38.79,0,0,
7/30/2026 7:25:00 AM,RTD,7/30/2026 7:30:00 AM,CLUZ,Ru,206,0,,0,206,0,0,
7/30/2026 7:30:00 AM,RTD,7/30/2026 7:35:00 AM,CVIS,Dr,106.94,0,,0,106.94,0,0,
7/30/2026 7:30:00 AM,RTD,7/30/2026 7:35:00 AM,CMIN,Dr,115,0,,0,115,0,0,
7/30/2026 7:30:00 AM,RTD,7/30/2026 7:35:00 AM,CLUZ,Dr,667,0,,0,667,0,0,
7/30/2026 7:30:00 AM,RTD,7/30/2026 7:35:00 AM,CMIN,En,1854.91,0,0,38.99,2080.86,0,186.99,
7/30/2026 7:30:00 AM,RTD,7/30/2026 7:35:00 AM,CLUZ,En,8817.28,306,0,140.59,9313.84,0,50,
7/30/2026 7:30:00 AM,RTD,7/30/2026 7:35:00 AM,CVIS,En,1781.16,0,0,19.93,1564.10,236.99,0,
7/30/2026 7:30:00 AM,RTD,7/30/2026 7:35:00 AM,CMIN,Fr,115,0,,0,115,0,0,
7/30/2026 7:30:00 AM,RTD,7/30/2026 7:35:00 AM,CVIS,Fr,134,0,,0,134,0,0,
7/30/2026 7:30:00 AM,RTD,7/30/2026 7:35:00 AM,CLUZ,Fr,667,0,,0,667,0,0,
7/30/2026 7:30:00 AM,RTD,7/30/2026 7:35:00 AM,CMIN,Rd,38.79,0,,0,38.79,0,0,
7/30/2026 7:30:00 AM,RTD,7/30/2026 7:35:00 AM,CLUZ,Rd,206,0,,0,206,0,0,
7/30/2026 7:30:00 AM,RTD,7/30/2026 7:35:00 AM,CVIS,Rd,36.70,0,,0,36.70,0,0,
7/30/2026 7:30:00 AM,RTD,7/30/2026 7:35:00 AM,CVIS,Ru,36.70,0,,0,36.70,0,0,
7/30/2026 7:30:00 AM,RTD,7/30/2026 7:35:00 AM,CMIN,Ru,38.79,0,,0,38.79,0,0,
7/30/2026 7:30:00 AM,RTD,7/30/2026 7:35:00 AM,CLUZ,Ru,206,0,,0,206,0,0,
7/30/2026 7:35:00 AM,RTD,7/30/2026 7:40:00 AM,CVIS,Dr,106.94,0,,0,106.94,0,0,
7/30/2026 7:35:00 AM,RTD,7/30/2026 7:40:00 AM,CMIN,Dr,115,0,,0,115,0,0,
7/30/2026 7:35:00 AM,RTD,7/30/2026 7:40:00 AM,CLUZ,Dr,667,0,,0,667,0,0,
7/30/2026 7:35:00 AM,RTD,7/30/2026 7:40:00 AM,CMIN,En,1873.63,0,0,39.72,2101.71,0,188.33,
7/30/2026 7:35:00 AM,RTD,7/30/2026 7:40:00 AM,CLUZ,En,8875.52,306,0,140.60,9372.23,0,50,
7/30/2026 7:35:00 AM,RTD,7/30/2026 7:40:00 AM,CVIS,En,1800.34,0,0,20.07,1582.10,238.33,0,
7/30/2026 7:35:00 AM,RTD,7/30/2026 7:40:00 AM,CMIN,Fr,115,0,,0,115,0,0,
7/30/2026 7:35:00 AM,RTD,7/30/2026 7:40:00 AM,CVIS,Fr,134,0,,0,134,0,0,
7/30/2026 7:35:00 AM,RTD,7/30/2026 7:40:00 AM,CLUZ,Fr,667,0,,0,667,0,0,
7/30/2026 7:35:00 AM,RTD,7/30/2026 7:40:00 AM,CMIN,Rd,38.79,0,,0,38.79,0,0,
7/30/2026 7:35:00 AM,RTD,7/30/2026 7:40:00 AM,CLUZ,Rd,206,0,,0,206,0,0,
7/30/2026 7:35:00 AM,RTD,7/30/2026 7:40:00 AM,CVIS,Rd,36.70,0,,0,36.70,0,0,
7/30/2026 7:35:00 AM,RTD,7/30/2026 7:40:00 AM,CVIS,Ru,36.70,0,,0,36.70,0,0,
7/30/2026 7:35:00 AM,RTD,7/30/2026 7:40:00 AM,CMIN,Ru,38.79,0,,0,38.79,0,0,
7/30/2026 7:35:00 AM,RTD,7/30/2026 7:40:00 AM,CLUZ,Ru,206,0,,0,206,0,0,
7/30/2026 7:40:00 AM,RTD,7/30/2026 7:45:00 AM,CVIS,Dr,106.94,0,,0,106.94,0,0,
7/30/2026 7:40:00 AM,RTD,7/30/2026 7:45:00 AM,CMIN,Dr,115,0,,0,115,0,0,
7/30/2026 7:40:00 AM,RTD,7/30/2026 7:45:00 AM,CLUZ,Dr,667,0,,0,667,0,0,
7/30/2026 7:40:00 AM,RTD,7/30/2026 7:45:00 AM,CMIN,En,1891.72,0,0,40.01,2125.85,0,194.13,
7/30/2026 7:40:00 AM,RTD,7/30/2026 7:45:00 AM,CLUZ,En,8945.41,306,0,142.01,9443.46,0,50,
7/30/2026 7:40:00 AM,RTD,7/30/2026 7:45:00 AM,CVIS,En,1810.89,0,0,20.21,1586.96,244.13,0,
7/30/2026 7:40:00 AM,RTD,7/30/2026 7:45:00 AM,CMIN,Fr,115,0,,0,115,0,0,
7/30/2026 7:40:00 AM,RTD,7/30/2026 7:45:00 AM,CVIS,Fr,134,0,,0,134,0,0,
7/30/2026 7:40:00 AM,RTD,7/30/2026 7:45:00 AM,CLUZ,Fr,667,0,,0,667,0,0,
7/30/2026 7:40:00 AM,RTD,7/30/2026 7:45:00 AM,CMIN,Rd,38.79,0,,0,38.79,0,0,
7/30/2026 7:40:00 AM,RTD,7/30/2026 7:45:00 AM,CLUZ,Rd,206,0,,0,206,0,0,
7/30/2026 7:40:00 AM,RTD,7/30/2026 7:45:00 AM,CVIS,Rd,36.70,0,,0,36.70,0,0,
7/30/2026 7:40:00 AM,RTD,7/30/2026 7:45:00 AM,CVIS,Ru,36.70,0,,0,36.70,0,0,
7/30/2026 7:40:00 AM,RTD,7/30/2026 7:45:00 AM,CMIN,Ru,38.79,0,,0,38.79,0,0,
7/30/2026 7:40:00 AM,RTD,7/30/2026 7:45:00 AM,CLUZ,Ru,206,0,,0,206,0,0,
7/30/2026 7:45:00 AM,RTD,7/30/2026 7:50:00 AM,CVIS,Dr,106.94,0,,0,106.94,0,0,
7/30/2026 7:45:00 AM,RTD,7/30/2026 7:50:00 AM,CMIN,Dr,115,0,,0,115,0,0,
7/30/2026 7:45:00 AM,RTD,7/30/2026 7:50:00 AM,CLUZ,Dr,667,0,,0,667,0,0,
7/30/2026 7:45:00 AM,RTD,7/30/2026 7:50:00 AM,CMIN,En,1910.09,0,0,40.22,2151.55,0,201.23,
7/30/2026 7:45:00 AM,RTD,7/30/2026 7:50:00 AM,CLUZ,En,8951.31,306,0,140.94,9448.35,0,50,
7/30/2026 7:45:00 AM,RTD,7/30/2026 7:50:00 AM,CVIS,En,1825.07,0,0,20.29,1594.12,251.23,0,
7/30/2026 7:45:00 AM,RTD,7/30/2026 7:50:00 AM,CMIN,Fr,115,0,,0,115,0,0,
7/30/2026 7:45:00 AM,RTD,7/30/2026 7:50:00 AM,CVIS,Fr,134,0,,0,134,0,0,
7/30/2026 7:45:00 AM,RTD,7/30/2026 7:50:00 AM,CLUZ,Fr,667,0,,0,667,0,0,
7/30/2026 7:45:00 AM,RTD,7/30/2026 7:50:00 AM,CMIN,Rd,38.79,0,,0,38.79,0,0,
7/30/2026 7:45:00 AM,RTD,7/30/2026 7:50:00 AM,CLUZ,Rd,206,0,,0,206,0,0,
7/30/2026 7:45:00 AM,RTD,7/30/2026 7:50:00 AM,CVIS,Rd,36.70,0,,0,36.70,0,0,
7/30/2026 7:45:00 AM,RTD,7/30/2026 7:50:00 AM,CVIS,Ru,36.70,0,,0,36.70,0,0,
7/30/2026 7:45:00 AM,RTD,7/30/2026 7:50:00 AM,CMIN,Ru,38.79,0,,0,38.79,0,0,
7/30/2026 7:45:00 AM,RTD,7/30/2026 7:50:00 AM,CLUZ,Ru,206,0,,0,206,0,0,
7/30/2026 7:50:00 AM,RTD,7/30/2026 7:55:00 AM,CVIS,Dr,106.94,0,,0,106.94,0,0,
7/30/2026 7:50:00 AM,RTD,7/30/2026 7:55:00 AM,CMIN,Dr,115,0,,0,115,0,0,
7/30/2026 7:50:00 AM,RTD,7/30/2026 7:55:00 AM,CLUZ,Dr,667,0,,0,667,0,0,
7/30/2026 7:50:00 AM,RTD,7/30/2026 7:55:00 AM,CMIN,En,1934.36,0,0,40.99,2177.31,0,201.92,
7/30/2026 7:50:00 AM,RTD,7/30/2026 7:55:00 AM,CLUZ,En,9033.43,306,0,141.49,9531.04,0,50,
7/30/2026 7:50:00 AM,RTD,7/30/2026 7:55:00 AM,CVIS,En,1853,0,0,20.44,1621.55,251.92,0,
7/30/2026 7:50:00 AM,RTD,7/30/2026 7:55:00 AM,CMIN,Fr,115,0,,0,115,0,0,
7/30/2026 7:50:00 AM,RTD,7/30/2026 7:55:00 AM,CVIS,Fr,134,0,,0,134,0,0,
7/30/2026 7:50:00 AM,RTD,7/30/2026 7:55:00 AM,CLUZ,Fr,667,0,,0,667,0,0,
7/30/2026 7:50:00 AM,RTD,7/30/2026 7:55:00 AM,CMIN,Rd,38.79,0,,0,38.79,0,0,
7/30/2026 7:50:00 AM,RTD,7/30/2026 7:55:00 AM,CLUZ,Rd,206,0,,0,206,0,0,
7/30/2026 7:50:00 AM,RTD,7/30/2026 7:55:00 AM,CVIS,Rd,36.70,0,,0,36.70,0,0,
7/30/2026 7:50:00 AM,RTD,7/30/2026 7:55:00 AM,CVIS,Ru,36.70,0,,0,36.70,0,0,
7/30/2026 7:50:00 AM,RTD,7/30/2026 7:55:00 AM,CMIN,Ru,38.79,0,,0,38.79,0,0,
7/30/2026 7:50:00 AM,RTD,7/30/2026 7:55:00 AM,CLUZ,Ru,206,0,,0,206,0,0,
7/30/2026 7:55:00 AM,RTD,7/30/2026 8:00:00 AM,CVIS,Dr,106.94,0,,0,106.94,0,0,
7/30/2026 7:55:00 AM,RTD,7/30/2026 8:00:00 AM,CMIN,Dr,115,0,,0,115,0,0,
7/30/2026 7:55:00 AM,RTD,7/30/2026 8:00:00 AM,CLUZ,Dr,667,0,,0,667,0,0,
7/30/2026 7:55:00 AM,RTD,7/30/2026 8:00:00 AM,CMIN,En,1950.48,0,0,41.16,2186.48,0,194.85,
7/30/2026 7:55:00 AM,RTD,7/30/2026 8:00:00 AM,CLUZ,En,9154.54,306,0,144.11,9654.59,0,50,
7/30/2026 7:55:00 AM,RTD,7/30/2026 8:00:00 AM,CVIS,En,1867.54,0,0,20.47,1643.13,244.85,0,
7/30/2026 7:55:00 AM,RTD,7/30/2026 8:00:00 AM,CMIN,Fr,115,0,,0,115,0,0,
7/30/2026 7:55:00 AM,RTD,7/30/2026 8:00:00 AM,CVIS,Fr,134,0,,0,134,0,0,
7/30/2026 7:55:00 AM,RTD,7/30/2026 8:00:00 AM,CLUZ,Fr,667,0,,0,667,0,0,
7/30/2026 7:55:00 AM,RTD,7/30/2026 8:00:00 AM,CMIN,Rd,38.79,0,,0,38.79,0,0,
7/30/2026 7:55:00 AM,RTD,7/30/2026 8:00:00 AM,CLUZ,Rd,206,0,,0,206,0,0,
7/30/2026 7:55:00 AM,RTD,7/30/2026 8:00:00 AM,CVIS,Rd,36.70,0,,0,36.70,0,0,
7/30/2026 7:55:00 AM,RTD,7/30/2026 8:00:00 AM,CVIS,Ru,36.70,0,,0,36.70,0,0,
7/30/2026 7:55:00 AM,RTD,7/30/2026 8:00:00 AM,CMIN,Ru,38.79,0,,0,38.79,0,0,
7/30/2026 7:55:00 AM,RTD,7/30/2026 8:00:00 AM,CLUZ,Ru,206,0,,0,206,0,0,
7/30/2026 8:00:00 AM,RTD,7/30/2026 8:05:00 AM,CVIS,Dr,123,0,,0,123,0,0,
7/30/2026 8:00:00 AM,RTD,7/30/2026 8:05:00 AM,CMIN,Dr,123,0,,0,123,0,0,
7/30/2026 8:00:00 AM,RTD,7/30/2026 8:05:00 AM,CLUZ,Dr,668,0,,0,668,0,0,
7/30/2026 8:00:00 AM,RTD,7/30/2026 8:05:00 AM,CMIN,En,1984.81,0,0,45.23,2208.17,0,178.11,
7/30/2026 8:00:00 AM,RTD,7/30/2026 8:05:00 AM,CLUZ,En,9301.98,306,0,151.38,9809.28,0,50,
7/30/2026 8:00:00 AM,RTD,7/30/2026 8:05:00 AM,CVIS,En,1898.45,0,0,20.35,1690.71,228.11,0,
7/30/2026 8:00:00 AM,RTD,7/30/2026 8:05:00 AM,CMIN,Fr,123,0,,0,123,0,0,
7/30/2026 8:00:00 AM,RTD,7/30/2026 8:05:00 AM,CVIS,Fr,134,0,,0,134,0,0,
7/30/2026 8:00:00 AM,RTD,7/30/2026 8:05:00 AM,CLUZ,Fr,668,0,,0,668,0,0,
7/30/2026 8:00:00 AM,RTD,7/30/2026 8:05:00 AM,CMIN,Rd,42.64,0,,0,42.64,0,0,
7/30/2026 8:00:00 AM,RTD,7/30/2026 8:05:00 AM,CLUZ,Rd,222.50,0,,0,222.50,0,0,
7/30/2026 8:00:00 AM,RTD,7/30/2026 8:05:00 AM,CVIS,Rd,40.30,0,,0,40.30,0,0,
7/30/2026 8:00:00 AM,RTD,7/30/2026 8:05:00 AM,CVIS,Ru,40.30,0,,0,40.30,0,0,
7/30/2026 8:00:00 AM,RTD,7/30/2026 8:05:00 AM,CMIN,Ru,42.64,0,,0,42.64,0,0,
7/30/2026 8:00:00 AM,RTD,7/30/2026 8:05:00 AM,CLUZ,Ru,222.50,0,,0,222.50,0,0,
7/30/2026 8:05:00 AM,RTD,7/30/2026 8:10:00 AM,CVIS,Dr,123,0,,0,123,0,0,
7/30/2026 8:05:00 AM,RTD,7/30/2026 8:10:00 AM,CMIN,Dr,123,0,,0,123,0,0,
7/30/2026 8:05:00 AM,RTD,7/30/2026 8:10:00 AM,CLUZ,Dr,668,0,,0,668,0,0,
7/30/2026 8:05:00 AM,RTD,7/30/2026 8:10:00 AM,CMIN,En,2013.31,0,0,46.25,2236.18,0,176.64,
7/30/2026 8:05:00 AM,RTD,7/30/2026 8:10:00 AM,CLUZ,En,9392.87,306,0,154.17,9902.98,0,50,
7/30/2026 8:05:00 AM,RTD,7/30/2026 8:10:00 AM,CVIS,En,1929.35,0,0,20.30,1723.01,226.64,0,
7/30/2026 8:05:00 AM,RTD,7/30/2026 8:10:00 AM,CMIN,Fr,123,0,,0,123,0,0,
7/30/2026 8:05:00 AM,RTD,7/30/2026 8:10:00 AM,CVIS,Fr,134,0,,0,134,0,0,
7/30/2026 8:05:00 AM,RTD,7/30/2026 8:10:00 AM,CLUZ,Fr,668,0,,0,668,0,0,
7/30/2026 8:05:00 AM,RTD,7/30/2026 8:10:00 AM,CMIN,Rd,42.64,0,,0,42.64,0,0,
7/30/2026 8:05:00 AM,RTD,7/30/2026 8:10:00 AM,CLUZ,Rd,222.50,0,,0,222.50,0,0,
7/30/2026 8:05:00 AM,RTD,7/30/2026 8:10:00 AM,CVIS,Rd,40.30,0,,0,40.30,0,0,
7/30/2026 8:05:00 AM,RTD,7/30/2026 8:10:00 AM,CVIS,Ru,40.30,0,,0,40.30,0,0,
7/30/2026 8:05:00 AM,RTD,7/30/2026 8:10:00 AM,CMIN,Ru,42.64,0,,0,42.64,0,0,
7/30/2026 8:05:00 AM,RTD,7/30/2026 8:10:00 AM,CLUZ,Ru,222.50,0,,0,222.50,0,0,
7/30/2026 8:10:00 AM,RTD,7/30/2026 8:15:00 AM,CMIN,Dr,123,0,,0,123,0,0,
7/30/2026 8:10:00 AM,RTD,7/30/2026 8:15:00 AM,CLUZ,Dr,668,0,,0,668,0,0,
7/30/2026 8:10:00 AM,RTD,7/30/2026 8:15:00 AM,CVIS,Dr,123,0,,0,123,0,0,
7/30/2026 8:10:00 AM,RTD,7/30/2026 8:15:00 AM,CVIS,En,1956.23,0,0,20.44,1752.92,223.77,0,
7/30/2026 8:10:00 AM,RTD,7/30/2026 8:15:00 AM,CMIN,En,2032.97,0,0,46.74,2253.46,0,173.77,
7/30/2026 8:10:00 AM,RTD,7/30/2026 8:15:00 AM,CLUZ,En,9482.13,306,0,156.63,9994.66,0,50,
7/30/2026 8:10:00 AM,RTD,7/30/2026 8:15:00 AM,CLUZ,Fr,668,0,,0,668,0,0,
7/30/2026 8:10:00 AM,RTD,7/30/2026 8:15:00 AM,CVIS,Fr,134,0,,0,134,0,0,
7/30/2026 8:10:00 AM,RTD,7/30/2026 8:15:00 AM,CMIN,Fr,123,0,,0,123,0,0,
7/30/2026 8:10:00 AM,RTD,7/30/2026 8:15:00 AM,CVIS,Rd,40.30,0,,0,40.30,0,0,
7/30/2026 8:10:00 AM,RTD,7/30/2026 8:15:00 AM,CMIN,Rd,42.64,0,,0,42.64,0,0,
7/30/2026 8:10:00 AM,RTD,7/30/2026 8:15:00 AM,CLUZ,Rd,222.50,0,,0,222.50,0,0,
7/30/2026 8:10:00 AM,RTD,7/30/2026 8:15:00 AM,CVIS,Ru,40.30,0,,0,40.30,0,0,
7/30/2026 8:10:00 AM,RTD,7/30/2026 8:15:00 AM,CMIN,Ru,42.64,0,,0,42.64,0,0,
7/30/2026 8:10:00 AM,RTD,7/30/2026 8:15:00 AM,CLUZ,Ru,222.50,0,,0,222.50,0,0,
7/30/2026 8:15:00 AM,RTD,7/30/2026 8:20:00 AM,CVIS,Dr,123,0,,0,123,0,0,
7/30/2026 8:15:00 AM,RTD,7/30/2026 8:20:00 AM,CMIN,Dr,123,0,,0,123,0,0,
7/30/2026 8:15:00 AM,RTD,7/30/2026 8:20:00 AM,CLUZ,Dr,668,0,,0,668,0,0,
7/30/2026 8:15:00 AM,RTD,7/30/2026 8:20:00 AM,CMIN,En,2052.41,0,0,47.30,2269.02,0,169.30,
7/30/2026 8:15:00 AM,RTD,7/30/2026 8:20:00 AM,CLUZ,En,9515.99,306,0,157.37,10029.37,0,50,
7/30/2026 8:15:00 AM,RTD,7/30/2026 8:20:00 AM,CVIS,En,1978.27,0,0,20.59,1779.56,219.30,0,
7/30/2026 8:15:00 AM,RTD,7/30/2026 8:20:00 AM,CMIN,Fr,123,0,,0,123,0,0,
7/30/2026 8:15:00 AM,RTD,7/30/2026 8:20:00 AM,CVIS,Fr,134,0,,0,134,0,0,
7/30/2026 8:15:00 AM,RTD,7/30/2026 8:20:00 AM,CLUZ,Fr,668,0,,0,668,0,0,
7/30/2026 8:15:00 AM,RTD,7/30/2026 8:20:00 AM,CMIN,Rd,42.64,0,,0,42.64,0,0,
7/30/2026 8:15:00 AM,RTD,7/30/2026 8:20:00 AM,CLUZ,Rd,222.50,0,,0,222.50,0,0,
7/30/2026 8:15:00 AM,RTD,7/30/2026 8:20:00 AM,CVIS,Rd,40.30,0,,0,40.30,0,0,
7/30/2026 8:15:00 AM,RTD,7/30/2026 8:20:00 AM,CVIS,Ru,40.30,0,,0,40.30,0,0,
7/30/2026 8:15:00 AM,RTD,7/30/2026 8:20:00 AM,CMIN,Ru,42.64,0,,0,42.64,0,0,
7/30/2026 8:15:00 AM,RTD,7/30/2026 8:20:00 AM,CLUZ,Ru,222.50,0,,0,222.50,0,0,
7/30/2026 8:20:00 AM,RTD,7/30/2026 8:25:00 AM,CVIS,Dr,123,0,,0,123,0,0,
7/30/2026 8:20:00 AM,RTD,7/30/2026 8:25:00 AM,CLUZ,Dr,668,0,,0,668,0,0,
7/30/2026 8:20:00 AM,RTD,7/30/2026 8:25:00 AM,CMIN,Dr,123,0,,0,123,0,0,
7/30/2026 8:20:00 AM,RTD,7/30/2026 8:25:00 AM,CVIS,En,2002.69,0,0,20.66,1812.16,211.19,0,
7/30/2026 8:20:00 AM,RTD,7/30/2026 8:25:00 AM,CLUZ,En,9577.90,306,0,158.59,10092.51,0,50,
7/30/2026 8:20:00 AM,RTD,7/30/2026 8:25:00 AM,CMIN,En,2083.47,0,0,48.84,2293.53,0,161.19,
7/30/2026 8:20:00 AM,RTD,7/30/2026 8:25:00 AM,CLUZ,Fr,668,0,,0,668,0,0,
7/30/2026 8:20:00 AM,RTD,7/30/2026 8:25:00 AM,CVIS,Fr,134,0,,0,134,0,0,
7/30/2026 8:20:00 AM,RTD,7/30/2026 8:25:00 AM,CMIN,Fr,123,0,,0,123,0,0,
7/30/2026 8:20:00 AM,RTD,7/30/2026 8:25:00 AM,CMIN,Rd,42.64,0,,0,42.64,0,0,
7/30/2026 8:20:00 AM,RTD,7/30/2026 8:25:00 AM,CVIS,Rd,40.30,0,,0,40.30,0,0,
7/30/2026 8:20:00 AM,RTD,7/30/2026 8:25:00 AM,CLUZ,Rd,222.50,0,,0,222.50,0,0,
7/30/2026 8:20:00 AM,RTD,7/30/2026 8:25:00 AM,CMIN,Ru,42.64,0,,0,42.64,0,0,
7/30/2026 8:20:00 AM,RTD,7/30/2026 8:25:00 AM,CLUZ,Ru,222.50,0,,0,222.50,0,0,
7/30/2026 8:20:00 AM,RTD,7/30/2026 8:25:00 AM,CVIS,Ru,40.30,0,,0,40.30,0,0,
7/30/2026 8:25:00 AM,RTD,7/30/2026 8:30:00 AM,CVIS,Dr,123,0,,0,123,0,0,
7/30/2026 8:25:00 AM,RTD,7/30/2026 8:30:00 AM,CMIN,Dr,123,0,,0,123,0,0,
7/30/2026 8:25:00 AM,RTD,7/30/2026 8:30:00 AM,CLUZ,Dr,668,0,,0,668,0,0,
7/30/2026 8:25:00 AM,RTD,7/30/2026 8:30:00 AM,CMIN,En,2092.52,0,0,49.08,2299.81,0,158.19,
7/30/2026 8:25:00 AM,RTD,7/30/2026 8:30:00 AM,CLUZ,En,9627.08,306,0,161.46,10144.53,0,50,
7/30/2026 8:25:00 AM,RTD,7/30/2026 8:30:00 AM,CVIS,En,2019.96,0,0,20.71,1832.47,208.19,0,
7/30/2026 8:25:00 AM,RTD,7/30/2026 8:30:00 AM,CMIN,Fr,123,0,,0,123,0,0,
7/30/2026 8:25:00 AM,RTD,7/30/2026 8:30:00 AM,CVIS,Fr,134,0,,0,134,0,0,
7/30/2026 8:25:00 AM,RTD,7/30/2026 8:30:00 AM,CLUZ,Fr,668,0,,0,668,0,0,
7/30/2026 8:25:00 AM,RTD,7/30/2026 8:30:00 AM,CMIN,Rd,42.64,0,,0,42.64,0,0,
7/30/2026 8:25:00 AM,RTD,7/30/2026 8:30:00 AM,CLUZ,Rd,222.50,0,,0,222.50,0,0,
7/30/2026 8:25:00 AM,RTD,7/30/2026 8:30:00 AM,CVIS,Rd,40.30,0,,0,40.30,0,0,
7/30/2026 8:25:00 AM,RTD,7/30/2026 8:30:00 AM,CVIS,Ru,40.30,0,,0,40.30,0,0,
7/30/2026 8:25:00 AM,RTD,7/30/2026 8:30:00 AM,CMIN,Ru,42.64,0,,0,42.64,0,0,
7/30/2026 8:25:00 AM,RTD,7/30/2026 8:30:00 AM,CLUZ,Ru,222.50,0,,0,222.50,0,0,
7/30/2026 8:30:00 AM,RTD,7/30/2026 8:35:00 AM,CMIN,Dr,123,0,,0,123,0,0,
7/30/2026 8:30:00 AM,RTD,7/30/2026 8:35:00 AM,CLUZ,Dr,668,0,,0,668,0,0,
7/30/2026 8:30:00 AM,RTD,7/30/2026 8:35:00 AM,CVIS,Dr,123,0,,0,123,0,0,
7/30/2026 8:30:00 AM,RTD,7/30/2026 8:35:00 AM,CLUZ,En,9702.12,306,0,164.33,10222.43,0,50,
7/30/2026 8:30:00 AM,RTD,7/30/2026 8:35:00 AM,CVIS,En,2041.17,0,0,20.78,1843.68,218.25,0,
7/30/2026 8:30:00 AM,RTD,7/30/2026 8:35:00 AM,CMIN,En,2106.32,0,0,50.01,2324.57,0,168.25,
7/30/2026 8:30:00 AM,RTD,7/30/2026 8:35:00 AM,CVIS,Fr,134,0,,0,134,0,0,
7/30/2026 8:30:00 AM,RTD,7/30/2026 8:35:00 AM,CMIN,Fr,123,0,,0,123,0,0,
7/30/2026 8:30:00 AM,RTD,7/30/2026 8:35:00 AM,CLUZ,Fr,668,0,,0,668,0,0,
7/30/2026 8:30:00 AM,RTD,7/30/2026 8:35:00 AM,CMIN,Rd,42.64,0,,0,42.64,0,0,
7/30/2026 8:30:00 AM,RTD,7/30/2026 8:35:00 AM,CLUZ,Rd,222.50,0,,0,222.50,0,0,
7/30/2026 8:30:00 AM,RTD,7/30/2026 8:35:00 AM,CVIS,Rd,40.30,0,,0,40.30,0,0,
7/30/2026 8:30:00 AM,RTD,7/30/2026 8:35:00 AM,CMIN,Ru,42.64,0,,0,42.64,0,0,
7/30/2026 8:30:00 AM,RTD,7/30/2026 8:35:00 AM,CLUZ,Ru,222.50,0,,0,222.50,0,0,
7/30/2026 8:30:00 AM,RTD,7/30/2026 8:35:00 AM,CVIS,Ru,40.30,0,,0,40.30,0,0,
7/30/2026 8:35:00 AM,RTD,7/30/2026 8:40:00 AM,CLUZ,Dr,668,0,,0,668,0,0,
7/30/2026 8:35:00 AM,RTD,7/30/2026 8:40:00 AM,CMIN,Dr,123,0,,0,123,0,0,
7/30/2026 8:35:00 AM,RTD,7/30/2026 8:40:00 AM,CVIS,Dr,123,0,,0,123,0,0,
7/30/2026 8:35:00 AM,RTD,7/30/2026 8:40:00 AM,CLUZ,En,9768.58,306,0,164.02,10263.75,0,25.08,
7/30/2026 8:35:00 AM,RTD,7/30/2026 8:40:00 AM,CMIN,En,2121.05,0,0,50.92,2349.12,0,177.16,
7/30/2026 8:35:00 AM,RTD,7/30/2026 8:40:00 AM,CVIS,En,2063.84,0,0,19.96,1881.57,202.24,0,
7/30/2026 8:35:00 AM,RTD,7/30/2026 8:40:00 AM,CLUZ,Fr,668,0,,0,668,0,0,
7/30/2026 8:35:00 AM,RTD,7/30/2026 8:40:00 AM,CVIS,Fr,134,0,,0,134,0,0,
7/30/2026 8:35:00 AM,RTD,7/30/2026 8:40:00 AM,CMIN,Fr,123,0,,0,123,0,0,
7/30/2026 8:35:00 AM,RTD,7/30/2026 8:40:00 AM,CMIN,Rd,42.64,0,,0,42.64,0,0,
7/30/2026 8:35:00 AM,RTD,7/30/2026 8:40:00 AM,CLUZ,Rd,222.50,0,,0,222.50,0,0,
7/30/2026 8:35:00 AM,RTD,7/30/2026 8:40:00 AM,CVIS,Rd,40.30,0,,0,40.30,0,0,
7/30/2026 8:35:00 AM,RTD,7/30/2026 8:40:00 AM,CMIN,Ru,42.64,0,,0,42.64,0,0,
7/30/2026 8:35:00 AM,RTD,7/30/2026 8:40:00 AM,CLUZ,Ru,222.50,0,,0,222.50,0,0,
7/30/2026 8:35:00 AM,RTD,7/30/2026 8:40:00 AM,CVIS,Ru,40.30,0,,0,40.30,0,0,
7/30/2026 8:40:00 AM,RTD,7/30/2026 8:45:00 AM,CVIS,Dr,123,0,,0,123,0,0,
7/30/2026 8:40:00 AM,RTD,7/30/2026 8:45:00 AM,CMIN,Dr,123,0,,0,123,0,0,
7/30/2026 8:40:00 AM,RTD,7/30/2026 8:45:00 AM,CLUZ,Dr,668,0,,0,668,0,0,
7/30/2026 8:40:00 AM,RTD,7/30/2026 8:45:00 AM,CMIN,En,2131.80,0,0,51.40,2341.77,0,158.53,
7/30/2026 8:40:00 AM,RTD,7/30/2026 8:45:00 AM,CLUZ,En,9809.68,306,0,165.81,10310.68,0,29.14,
7/30/2026 8:40:00 AM,RTD,7/30/2026 8:45:00 AM,CVIS,En,2072.82,0,0,20.62,1905.77,187.66,0,
7/30/2026 8:40:00 AM,RTD,7/30/2026 8:45:00 AM,CMIN,Fr,123,0,,0,123,0,0,
7/30/2026 8:40:00 AM,RTD,7/30/2026 8:45:00 AM,CVIS,Fr,134,0,,0,134,0,0,
7/30/2026 8:40:00 AM,RTD,7/30/2026 8:45:00 AM,CLUZ,Fr,668,0,,0,668,0,0,
7/30/2026 8:40:00 AM,RTD,7/30/2026 8:45:00 AM,CMIN,Rd,42.64,0,,0,42.64,0,0,
7/30/2026 8:40:00 AM,RTD,7/30/2026 8:45:00 AM,CLUZ,Rd,222.50,0,,0,222.50,0,0,
7/30/2026 8:40:00 AM,RTD,7/30/2026 8:45:00 AM,CVIS,Rd,40.30,0,,0,40.30,0,0,
7/30/2026 8:40:00 AM,RTD,7/30/2026 8:45:00 AM,CVIS,Ru,40.30,0,,0,40.30,0,0,
7/30/2026 8:40:00 AM,RTD,7/30/2026 8:45:00 AM,CMIN,Ru,42.64,0,,0,42.64,0,0,
7/30/2026 8:40:00 AM,RTD,7/30/2026 8:45:00 AM,CLUZ,Ru,222.50,0,,0,222.50,0,0,
7/30/2026 8:45:00 AM,RTD,7/30/2026 8:50:00 AM,CVIS,Dr,123,0,,0,123,0,0,
7/30/2026 8:45:00 AM,RTD,7/30/2026 8:50:00 AM,CMIN,Dr,123,0,,0,123,0,0,
7/30/2026 8:45:00 AM,RTD,7/30/2026 8:50:00 AM,CLUZ,Dr,668,0,,0,668,0,0,
7/30/2026 8:45:00 AM,RTD,7/30/2026 8:50:00 AM,CMIN,En,2143.30,0,0,52.11,2362.53,0,167.12,
7/30/2026 8:45:00 AM,RTD,7/30/2026 8:50:00 AM,CLUZ,En,10012.45,306,0,171.05,10505.50,0,15.95,
7/30/2026 8:45:00 AM,RTD,7/30/2026 8:50:00 AM,CVIS,En,2087.59,0,0,20.25,1924.77,183.07,0,
7/30/2026 8:45:00 AM,RTD,7/30/2026 8:50:00 AM,CMIN,Fr,123,0,,0,123,0,0,
7/30/2026 8:45:00 AM,RTD,7/30/2026 8:50:00 AM,CVIS,Fr,134,0,,0,134,0,0,
7/30/2026 8:45:00 AM,RTD,7/30/2026 8:50:00 AM,CLUZ,Fr,668,0,,0,668,0,0,
7/30/2026 8:45:00 AM,RTD,7/30/2026 8:50:00 AM,CMIN,Rd,42.64,0,,0,42.64,0,0,
7/30/2026 8:45:00 AM,RTD,7/30/2026 8:50:00 AM,CLUZ,Rd,222.50,0,,0,222.50,0,0,
7/30/2026 8:45:00 AM,RTD,7/30/2026 8:50:00 AM,CVIS,Rd,40.30,0,,0,40.30,0,0,
7/30/2026 8:45:00 AM,RTD,7/30/2026 8:50:00 AM,CVIS,Ru,40.30,0,,0,40.30,0,0,
7/30/2026 8:45:00 AM,RTD,7/30/2026 8:50:00 AM,CMIN,Ru,42.64,0,,0,42.64,0,0,
7/30/2026 8:45:00 AM,RTD,7/30/2026 8:50:00 AM,CLUZ,Ru,222.50,0,,0,222.50,0,0,
7/30/2026 8:50:00 AM,RTD,7/30/2026 8:55:00 AM,CVIS,Dr,123,0,,0,123,0,0,
7/30/2026 8:50:00 AM,RTD,7/30/2026 8:55:00 AM,CMIN,Dr,123,0,,0,123,0,0,
7/30/2026 8:50:00 AM,RTD,7/30/2026 8:55:00 AM,CLUZ,Dr,668,0,,0,668,0,0,
7/30/2026 8:50:00 AM,RTD,7/30/2026 8:55:00 AM,CMIN,En,2155.05,0,0,52.82,2361.61,0,153.76,
7/30/2026 8:50:00 AM,RTD,7/30/2026 8:55:00 AM,CLUZ,En,10056.15,306,0,175.42,10547.68,0,10.06,
7/30/2026 8:50:00 AM,RTD,7/30/2026 8:55:00 AM,CVIS,En,2102.74,0,0,20.36,1959.27,163.82,0,
7/30/2026 8:50:00 AM,RTD,7/30/2026 8:55:00 AM,CMIN,Fr,123,0,,0,123,0,0,
7/30/2026 8:50:00 AM,RTD,7/30/2026 8:55:00 AM,CVIS,Fr,134,0,,0,134,0,0,
7/30/2026 8:50:00 AM,RTD,7/30/2026 8:55:00 AM,CLUZ,Fr,668,0,,0,668,0,0,
7/30/2026 8:50:00 AM,RTD,7/30/2026 8:55:00 AM,CMIN,Rd,42.64,0,,0,42.64,0,0,
7/30/2026 8:50:00 AM,RTD,7/30/2026 8:55:00 AM,CLUZ,Rd,222.50,0,,0,222.50,0,0,
7/30/2026 8:50:00 AM,RTD,7/30/2026 8:55:00 AM,CVIS,Rd,40.30,0,,0,40.30,0,0,
7/30/2026 8:50:00 AM,RTD,7/30/2026 8:55:00 AM,CVIS,Ru,40.30,0,,0,40.30,0,0,
7/30/2026 8:50:00 AM,RTD,7/30/2026 8:55:00 AM,CMIN,Ru,42.64,0,,0,42.64,0,0,
7/30/2026 8:50:00 AM,RTD,7/30/2026 8:55:00 AM,CLUZ,Ru,222.50,0,,0,222.50,0,0,
7/30/2026 8:55:00 AM,RTD,7/30/2026 9:00:00 AM,CVIS,Dr,123,0,,0,123,0,0,
7/30/2026 8:55:00 AM,RTD,7/30/2026 9:00:00 AM,CMIN,Dr,123,0,,0,123,0,0,
7/30/2026 8:55:00 AM,RTD,7/30/2026 9:00:00 AM,CLUZ,Dr,668,0,,0,668,0,0,
7/30/2026 8:55:00 AM,RTD,7/30/2026 9:00:00 AM,CMIN,En,2185.39,0,0,54.32,2366.64,0,126.93,
7/30/2026 8:55:00 AM,RTD,7/30/2026 9:00:00 AM,CLUZ,En,10066.97,306,0,175.95,10596.95,0,47.86,
7/30/2026 8:55:00 AM,RTD,7/30/2026 9:00:00 AM,CVIS,En,2119.94,0,0,22.16,1967.31,174.79,0,
7/30/2026 8:55:00 AM,RTD,7/30/2026 9:00:00 AM,CMIN,Fr,123,0,,0,123,0,0,
7/30/2026 8:55:00 AM,RTD,7/30/2026 9:00:00 AM,CVIS,Fr,134,0,,0,134,0,0,
7/30/2026 8:55:00 AM,RTD,7/30/2026 9:00:00 AM,CLUZ,Fr,668,0,,0,668,0,0,
7/30/2026 8:55:00 AM,RTD,7/30/2026 9:00:00 AM,CMIN,Rd,42.64,0,,0,42.64,0,0,
7/30/2026 8:55:00 AM,RTD,7/30/2026 9:00:00 AM,CLUZ,Rd,222.50,0,,0,222.50,0,0,
7/30/2026 8:55:00 AM,RTD,7/30/2026 9:00:00 AM,CVIS,Rd,40.30,0,,0,40.30,0,0,
7/30/2026 8:55:00 AM,RTD,7/30/2026 9:00:00 AM,CVIS,Ru,40.30,0,,0,40.30,0,0,
7/30/2026 8:55:00 AM,RTD,7/30/2026 9:00:00 AM,CMIN,Ru,42.64,0,,0,42.64,0,0,
7/30/2026 8:55:00 AM,RTD,7/30/2026 9:00:00 AM,CLUZ,Ru,222.50,0,,0,222.50,0,0,
7/30/2026 9:00:00 AM,RTD,7/30/2026 9:05:00 AM,CMIN,Dr,123,0,,0,123,0,0,
7/30/2026 9:00:00 AM,RTD,7/30/2026 9:05:00 AM,CLUZ,Dr,668,0,,0,668,0,0,
7/30/2026 9:00:00 AM,RTD,7/30/2026 9:05:00 AM,CVIS,Dr,105.20,0,,0,105.20,0,0,
7/30/2026 9:00:00 AM,RTD,7/30/2026 9:05:00 AM,CLUZ,En,10170.25,306,0,169.16,10695.40,0,50,
7/30/2026 9:00:00 AM,RTD,7/30/2026 9:05:00 AM,CMIN,En,2204.23,0,0,53.67,2393.04,0,135.14,
7/30/2026 9:00:00 AM,RTD,7/30/2026 9:05:00 AM,CVIS,En,2143.11,0,0,23.50,1981.51,185.14,0,
7/30/2026 9:00:00 AM,RTD,7/30/2026 9:05:00 AM,CVIS,Fr,134,0,,0,134,0,0,
7/30/2026 9:00:00 AM,RTD,7/30/2026 9:05:00 AM,CLUZ,Fr,668,0,,0,668,0,0,
7/30/2026 9:00:00 AM,RTD,7/30/2026 9:05:00 AM,CMIN,Fr,123,0,,0,123,0,0,
7/30/2026 9:00:00 AM,RTD,7/30/2026 9:05:00 AM,CLUZ,Rd,235.50,0,,0,235.50,0,0,
7/30/2026 9:00:00 AM,RTD,7/30/2026 9:05:00 AM,CMIN,Rd,45.26,0,,0,45.26,0,0,
7/30/2026 9:00:00 AM,RTD,7/30/2026 9:05:00 AM,CVIS,Rd,46.90,0,,0,46.90,0,0,
7/30/2026 9:00:00 AM,RTD,7/30/2026 9:05:00 AM,CLUZ,Ru,235.50,0,,0,235.50,0,0,
7/30/2026 9:00:00 AM,RTD,7/30/2026 9:05:00 AM,CMIN,Ru,45.26,0,,0,45.26,0,0,
7/30/2026 9:00:00 AM,RTD,7/30/2026 9:05:00 AM,CVIS,Ru,46.90,0,,0,46.90,0,0,
7/30/2026 9:05:00 AM,RTD,7/30/2026 9:10:00 AM,CVIS,Dr,105.20,0,,0,105.20,0,0,
7/30/2026 9:05:00 AM,RTD,7/30/2026 9:10:00 AM,CMIN,Dr,123,0,,0,123,0,0,
7/30/2026 9:05:00 AM,RTD,7/30/2026 9:10:00 AM,CLUZ,Dr,668,0,,0,668,0,0,
7/30/2026 9:05:00 AM,RTD,7/30/2026 9:10:00 AM,CMIN,En,2213.79,0,0,53.68,2417.55,0,150.11,
7/30/2026 9:05:00 AM,RTD,7/30/2026 9:10:00 AM,CLUZ,En,10199.87,306,0,169.08,10724.82,0,50,
7/30/2026 9:05:00 AM,RTD,7/30/2026 9:10:00 AM,CVIS,En,2149.46,0,0,23.40,1972.77,200.11,0,
7/30/2026 9:05:00 AM,RTD,7/30/2026 9:10:00 AM,CMIN,Fr,123,0,,0,123,0,0,
7/30/2026 9:05:00 AM,RTD,7/30/2026 9:10:00 AM,CVIS,Fr,134,0,,0,134,0,0,
7/30/2026 9:05:00 AM,RTD,7/30/2026 9:10:00 AM,CLUZ,Fr,668,0,,0,668,0,0,
7/30/2026 9:05:00 AM,RTD,7/30/2026 9:10:00 AM,CMIN,Rd,45.26,0,,0,45.26,0,0,
7/30/2026 9:05:00 AM,RTD,7/30/2026 9:10:00 AM,CLUZ,Rd,235.50,0,,0,235.50,0,0,
7/30/2026 9:05:00 AM,RTD,7/30/2026 9:10:00 AM,CVIS,Rd,46.90,0,,0,46.90,0,0,
7/30/2026 9:05:00 AM,RTD,7/30/2026 9:10:00 AM,CVIS,Ru,46.90,0,,0,46.90,0,0,
7/30/2026 9:05:00 AM,RTD,7/30/2026 9:10:00 AM,CMIN,Ru,45.26,0,,0,45.26,0,0,
7/30/2026 9:05:00 AM,RTD,7/30/2026 9:10:00 AM,CLUZ,Ru,235.50,0,,0,235.50,0,0,
7/30/2026 9:10:00 AM,RTD,7/30/2026 9:15:00 AM,CVIS,Dr,105.20,0,,0,105.20,0,0,
7/30/2026 9:10:00 AM,RTD,7/30/2026 9:15:00 AM,CMIN,Dr,123,0,,0,123,0,0,
7/30/2026 9:10:00 AM,RTD,7/30/2026 9:15:00 AM,CLUZ,Dr,668,0,,0,668,0,0,
7/30/2026 9:10:00 AM,RTD,7/30/2026 9:15:00 AM,CMIN,En,2219.84,0,0,53.24,2430,0,156.95,
7/30/2026 9:10:00 AM,RTD,7/30/2026 9:15:00 AM,CLUZ,En,10261.74,306,0,172.24,10789.86,0,50,
7/30/2026 9:10:00 AM,RTD,7/30/2026 9:15:00 AM,CVIS,En,2172.70,0,0,23.59,1989.32,206.95,0,
7/30/2026 9:10:00 AM,RTD,7/30/2026 9:15:00 AM,CMIN,Fr,123,0,,0,123,0,0,
7/30/2026 9:10:00 AM,RTD,7/30/2026 9:15:00 AM,CVIS,Fr,134,0,,0,134,0,0,
7/30/2026 9:10:00 AM,RTD,7/30/2026 9:15:00 AM,CLUZ,Fr,668,0,,0,668,0,0,
7/30/2026 9:10:00 AM,RTD,7/30/2026 9:15:00 AM,CMIN,Rd,45.26,0,,0,45.26,0,0,
7/30/2026 9:10:00 AM,RTD,7/30/2026 9:15:00 AM,CLUZ,Rd,235.50,0,,0,235.50,0,0,
7/30/2026 9:10:00 AM,RTD,7/30/2026 9:15:00 AM,CVIS,Rd,46.90,0,,0,46.90,0,0,
7/30/2026 9:10:00 AM,RTD,7/30/2026 9:15:00 AM,CVIS,Ru,46.90,0,,0,46.90,0,0,
7/30/2026 9:10:00 AM,RTD,7/30/2026 9:15:00 AM,CMIN,Ru,45.26,0,,0,45.26,0,0,
7/30/2026 9:10:00 AM,RTD,7/30/2026 9:15:00 AM,CLUZ,Ru,235.50,0,,0,235.50,0,0,
7/30/2026 9:15:00 AM,RTD,7/30/2026 9:20:00 AM,CVIS,Dr,105.20,0,,0,105.20,0,0,
7/30/2026 9:15:00 AM,RTD,7/30/2026 9:20:00 AM,CMIN,Dr,123,0,,0,123,0,0,
7/30/2026 9:15:00 AM,RTD,7/30/2026 9:20:00 AM,CLUZ,Dr,668,0,,0,668,0,0,
7/30/2026 9:15:00 AM,RTD,7/30/2026 9:20:00 AM,CMIN,En,2232.21,0,0,52.61,2461.44,0,176.62,
7/30/2026 9:15:00 AM,RTD,7/30/2026 9:20:00 AM,CLUZ,En,10326.51,306,0,173.28,10855.83,0,50,
7/30/2026 9:15:00 AM,RTD,7/30/2026 9:20:00 AM,CVIS,En,2181.64,0,0,23.66,1978.67,226.62,0,
7/30/2026 9:15:00 AM,RTD,7/30/2026 9:20:00 AM,CMIN,Fr,123,0,,0,123,0,0,
7/30/2026 9:15:00 AM,RTD,7/30/2026 9:20:00 AM,CVIS,Fr,134,0,,0,134,0,0,
7/30/2026 9:15:00 AM,RTD,7/30/2026 9:20:00 AM,CLUZ,Fr,668,0,,0,668,0,0,
7/30/2026 9:15:00 AM,RTD,7/30/2026 9:20:00 AM,CMIN,Rd,45.26,0,,0,45.26,0,0,
7/30/2026 9:15:00 AM,RTD,7/30/2026 9:20:00 AM,CLUZ,Rd,235.50,0,,0,235.50,0,0,
7/30/2026 9:15:00 AM,RTD,7/30/2026 9:20:00 AM,CVIS,Rd,46.90,0,,0,46.90,0,0,
7/30/2026 9:15:00 AM,RTD,7/30/2026 9:20:00 AM,CVIS,Ru,46.90,0,,0,46.90,0,0,
7/30/2026 9:15:00 AM,RTD,7/30/2026 9:20:00 AM,CMIN,Ru,45.26,0,,0,45.26,0,0,
7/30/2026 9:15:00 AM,RTD,7/30/2026 9:20:00 AM,CLUZ,Ru,235.50,0,,0,235.50,0,0,
7/30/2026 9:20:00 AM,RTD,7/30/2026 9:25:00 AM,CVIS,Dr,105.20,0,,0,105.20,0,0,
7/30/2026 9:20:00 AM,RTD,7/30/2026 9:25:00 AM,CMIN,Dr,123,0,,0,123,0,0,
7/30/2026 9:20:00 AM,RTD,7/30/2026 9:25:00 AM,CLUZ,Dr,668,0,,0,668,0,0,
7/30/2026 9:20:00 AM,RTD,7/30/2026 9:25:00 AM,CMIN,En,2244.67,0,0,53.71,2471.51,0,173.13,
7/30/2026 9:20:00 AM,RTD,7/30/2026 9:25:00 AM,CLUZ,En,10362.36,306,0,174.65,10893.04,0,50,
7/30/2026 9:20:00 AM,RTD,7/30/2026 9:25:00 AM,CVIS,En,2185.15,0,0,23.65,1985.68,223.13,0,
7/30/2026 9:20:00 AM,RTD,7/30/2026 9:25:00 AM,CMIN,Fr,123,0,,0,123,0,0,
7/30/2026 9:20:00 AM,RTD,7/30/2026 9:25:00 AM,CVIS,Fr,134,0,,0,134,0,0,
7/30/2026 9:20:00 AM,RTD,7/30/2026 9:25:00 AM,CLUZ,Fr,668,0,,0,668,0,0,
7/30/2026 9:20:00 AM,RTD,7/30/2026 9:25:00 AM,CMIN,Rd,45.26,0,,0,45.26,0,0,
7/30/2026 9:20:00 AM,RTD,7/30/2026 9:25:00 AM,CLUZ,Rd,235.50,0,,0,235.50,0,0,
7/30/2026 9:20:00 AM,RTD,7/30/2026 9:25:00 AM,CVIS,Rd,46.90,0,,0,46.90,0,0,
7/30/2026 9:20:00 AM,RTD,7/30/2026 9:25:00 AM,CVIS,Ru,46.90,0,,0,46.90,0,0,
7/30/2026 9:20:00 AM,RTD,7/30/2026 9:25:00 AM,CMIN,Ru,45.26,0,,0,45.26,0,0,
7/30/2026 9:20:00 AM,RTD,7/30/2026 9:25:00 AM,CLUZ,Ru,235.50,0,,0,235.50,0,0,
7/30/2026 9:25:00 AM,RTD,7/30/2026 9:30:00 AM,CMIN,Dr,123,0,,0,123,0,0,
7/30/2026 9:25:00 AM,RTD,7/30/2026 9:30:00 AM,CLUZ,Dr,668,0,,0,668,0,0,
7/30/2026 9:25:00 AM,RTD,7/30/2026 9:30:00 AM,CVIS,Dr,105.20,0,,0,105.20,0,0,
7/30/2026 9:25:00 AM,RTD,7/30/2026 9:30:00 AM,CMIN,En,2257.69,0,0,55.34,2489.83,0,176.78,
7/30/2026 9:25:00 AM,RTD,7/30/2026 9:30:00 AM,CVIS,En,2197.03,0,0,23.73,1993.98,226.78,0,
7/30/2026 9:25:00 AM,RTD,7/30/2026 9:30:00 AM,CLUZ,En,10396.95,306,0,177.41,10930.30,0,50,
7/30/2026 9:25:00 AM,RTD,7/30/2026 9:30:00 AM,CVIS,Fr,134,0,,0,134,0,0,
7/30/2026 9:25:00 AM,RTD,7/30/2026 9:30:00 AM,CMIN,Fr,123,0,,0,123,0,0,
7/30/2026 9:25:00 AM,RTD,7/30/2026 9:30:00 AM,CLUZ,Fr,668,0,,0,668,0,0,
7/30/2026 9:25:00 AM,RTD,7/30/2026 9:30:00 AM,CMIN,Rd,45.26,0,,0,45.26,0,0,
7/30/2026 9:25:00 AM,RTD,7/30/2026 9:30:00 AM,CVIS,Rd,46.90,0,,0,46.90,0,0,
7/30/2026 9:25:00 AM,RTD,7/30/2026 9:30:00 AM,CLUZ,Rd,235.50,0,,0,235.50,0,0,
7/30/2026 9:25:00 AM,RTD,7/30/2026 9:30:00 AM,CMIN,Ru,45.26,0,,0,45.26,0,0,
7/30/2026 9:25:00 AM,RTD,7/30/2026 9:30:00 AM,CVIS,Ru,46.90,0,,0,46.90,0,0,
7/30/2026 9:25:00 AM,RTD,7/30/2026 9:30:00 AM,CLUZ,Ru,235.50,0,,0,235.50,0,0,
7/30/2026 9:30:00 AM,RTD,7/30/2026 9:35:00 AM,CVIS,Dr,105.20,0,,0,105.20,0,0,
7/30/2026 9:30:00 AM,RTD,7/30/2026 9:35:00 AM,CMIN,Dr,123,0,,0,123,0,0,
7/30/2026 9:30:00 AM,RTD,7/30/2026 9:35:00 AM,CLUZ,Dr,668,0,,0,668,0,0,
7/30/2026 9:30:00 AM,RTD,7/30/2026 9:35:00 AM,CMIN,En,2265.17,0,0,55.82,2505.31,0,184.32,
7/30/2026 9:30:00 AM,RTD,7/30/2026 9:35:00 AM,CLUZ,En,10458.44,306,0,177.99,10992.35,0,50,
7/30/2026 9:30:00 AM,RTD,7/30/2026 9:35:00 AM,CVIS,En,2204.82,0,0,23.49,1993.98,234.32,0,
7/30/2026 9:30:00 AM,RTD,7/30/2026 9:35:00 AM,CMIN,Fr,123,0,,0,123,0,0,
7/30/2026 9:30:00 AM,RTD,7/30/2026 9:35:00 AM,CVIS,Fr,134,0,,0,134,0,0,
7/30/2026 9:30:00 AM,RTD,7/30/2026 9:35:00 AM,CLUZ,Fr,668,0,,0,668,0,0,
7/30/2026 9:30:00 AM,RTD,7/30/2026 9:35:00 AM,CMIN,Rd,45.26,0,,0,45.26,0,0,
7/30/2026 9:30:00 AM,RTD,7/30/2026 9:35:00 AM,CLUZ,Rd,235.50,0,,0,235.50,0,0,
7/30/2026 9:30:00 AM,RTD,7/30/2026 9:35:00 AM,CVIS,Rd,46.90,0,,0,46.90,0,0,
7/30/2026 9:30:00 AM,RTD,7/30/2026 9:35:00 AM,CVIS,Ru,46.90,0,,0,46.90,0,0,
7/30/2026 9:30:00 AM,RTD,7/30/2026 9:35:00 AM,CMIN,Ru,45.26,0,,0,45.26,0,0,
7/30/2026 9:30:00 AM,RTD,7/30/2026 9:35:00 AM,CLUZ,Ru,235.50,0,,0,235.50,0,0,
7/30/2026 9:35:00 AM,RTD,7/30/2026 9:40:00 AM,CVIS,Dr,105.20,0,,0,105.20,0,0,
7/30/2026 9:35:00 AM,RTD,7/30/2026 9:40:00 AM,CMIN,Dr,123,0,,0,123,0,0,
7/30/2026 9:35:00 AM,RTD,7/30/2026 9:40:00 AM,CLUZ,Dr,668,0,,0,668,0,0,
7/30/2026 9:35:00 AM,RTD,7/30/2026 9:40:00 AM,CMIN,En,2274.45,0,0,55.79,2518.71,0,188.46,
7/30/2026 9:35:00 AM,RTD,7/30/2026 9:40:00 AM,CLUZ,En,10515.95,306,0,180.62,11052.71,0,50,
7/30/2026 9:35:00 AM,RTD,7/30/2026 9:40:00 AM,CVIS,En,2220.93,0,0,23.62,2006.08,238.46,0,
7/30/2026 9:35:00 AM,RTD,7/30/2026 9:40:00 AM,CMIN,Fr,123,0,,0,123,0,0,
7/30/2026 9:35:00 AM,RTD,7/30/2026 9:40:00 AM,CVIS,Fr,134,0,,0,134,0,0,
7/30/2026 9:35:00 AM,RTD,7/30/2026 9:40:00 AM,CLUZ,Fr,668,0,,0,668,0,0,
7/30/2026 9:35:00 AM,RTD,7/30/2026 9:40:00 AM,CMIN,Rd,45.26,0,,0,45.26,0,0,
7/30/2026 9:35:00 AM,RTD,7/30/2026 9:40:00 AM,CLUZ,Rd,235.50,0,,0,235.50,0,0,
7/30/2026 9:35:00 AM,RTD,7/30/2026 9:40:00 AM,CVIS,Rd,46.90,0,,0,46.90,0,0,
7/30/2026 9:35:00 AM,RTD,7/30/2026 9:40:00 AM,CVIS,Ru,46.90,0,,0,46.90,0,0,
7/30/2026 9:35:00 AM,RTD,7/30/2026 9:40:00 AM,CMIN,Ru,45.26,0,,0,45.26,0,0,
7/30/2026 9:35:00 AM,RTD,7/30/2026 9:40:00 AM,CLUZ,Ru,235.50,0,,0,235.50,0,0,
7/30/2026 9:40:00 AM,RTD,7/30/2026 9:45:00 AM,CVIS,Dr,105.20,0,,0,105.20,0,0,
7/30/2026 9:40:00 AM,RTD,7/30/2026 9:45:00 AM,CMIN,Dr,123,0,,0,123,0,0,
7/30/2026 9:40:00 AM,RTD,7/30/2026 9:45:00 AM,CLUZ,Dr,668,0,,0,668,0,0,
7/30/2026 9:40:00 AM,RTD,7/30/2026 9:45:00 AM,CVIS,En,2224.55,0,0,23.79,2012.45,235.89,0,
7/30/2026 9:40:00 AM,RTD,7/30/2026 9:45:00 AM,CMIN,En,2285.91,0,0,56.92,2528.72,0,185.89,
7/30/2026 9:40:00 AM,RTD,7/30/2026 9:45:00 AM,CLUZ,En,10541.77,306,0,182.29,11080.05,0,50,
7/30/2026 9:40:00 AM,RTD,7/30/2026 9:45:00 AM,CMIN,Fr,123,0,,0,123,0,0,
7/30/2026 9:40:00 AM,RTD,7/30/2026 9:45:00 AM,CLUZ,Fr,668,0,,0,668,0,0,
7/30/2026 9:40:00 AM,RTD,7/30/2026 9:45:00 AM,CVIS,Fr,134,0,,0,134,0,0,
7/30/2026 9:40:00 AM,RTD,7/30/2026 9:45:00 AM,CLUZ,Rd,235.50,0,,0,235.50,0,0,
7/30/2026 9:40:00 AM,RTD,7/30/2026 9:45:00 AM,CMIN,Rd,45.26,0,,0,45.26,0,0,
7/30/2026 9:40:00 AM,RTD,7/30/2026 9:45:00 AM,CVIS,Rd,46.90,0,,0,46.90,0,0,
7/30/2026 9:40:00 AM,RTD,7/30/2026 9:45:00 AM,CVIS,Ru,46.90,0,,0,46.90,0,0,
7/30/2026 9:40:00 AM,RTD,7/30/2026 9:45:00 AM,CLUZ,Ru,235.50,0,,0,235.50,0,0,
7/30/2026 9:40:00 AM,RTD,7/30/2026 9:45:00 AM,CMIN,Ru,45.26,0,,0,45.26,0,0,
7/30/2026 9:45:00 AM,RTD,7/30/2026 9:50:00 AM,CVIS,Dr,105.20,0,,0,105.20,0,0,
7/30/2026 9:45:00 AM,RTD,7/30/2026 9:50:00 AM,CMIN,Dr,123,0,,0,123,0,0,
7/30/2026 9:45:00 AM,RTD,7/30/2026 9:50:00 AM,CLUZ,Dr,668,0,,0,668,0,0,
7/30/2026 9:45:00 AM,RTD,7/30/2026 9:50:00 AM,CMIN,En,2304.58,0,0,58.09,2544,0,181.33,
7/30/2026 9:45:00 AM,RTD,7/30/2026 9:50:00 AM,CLUZ,En,10675.04,306,0,184.09,11215.19,0,50,
7/30/2026 9:45:00 AM,RTD,7/30/2026 9:50:00 AM,CVIS,En,2230.84,0,0,23.97,2023.49,231.33,0,
7/30/2026 9:45:00 AM,RTD,7/30/2026 9:50:00 AM,CMIN,Fr,123,0,,0,123,0,0,
7/30/2026 9:45:00 AM,RTD,7/30/2026 9:50:00 AM,CVIS,Fr,134,0,,0,134,0,0,
7/30/2026 9:45:00 AM,RTD,7/30/2026 9:50:00 AM,CLUZ,Fr,668,0,,0,668,0,0,
7/30/2026 9:45:00 AM,RTD,7/30/2026 9:50:00 AM,CMIN,Rd,45.26,0,,0,45.26,0,0,
7/30/2026 9:45:00 AM,RTD,7/30/2026 9:50:00 AM,CLUZ,Rd,235.50,0,,0,235.50,0,0,
7/30/2026 9:45:00 AM,RTD,7/30/2026 9:50:00 AM,CVIS,Rd,46.90,0,,0,46.90,0,0,
7/30/2026 9:45:00 AM,RTD,7/30/2026 9:50:00 AM,CVIS,Ru,46.90,0,,0,46.90,0,0,
7/30/2026 9:45:00 AM,RTD,7/30/2026 9:50:00 AM,CMIN,Ru,45.26,0,,0,45.26,0,0,
7/30/2026 9:45:00 AM,RTD,7/30/2026 9:50:00 AM,CLUZ,Ru,235.50,0,,0,235.50,0,0,
7/30/2026 9:50:00 AM,RTD,7/30/2026 9:55:00 AM,CVIS,Dr,105.20,0,,0,105.20,0,0,
7/30/2026 9:50:00 AM,RTD,7/30/2026 9:55:00 AM,CMIN,Dr,123,0,,0,123,0,0,
7/30/2026 9:50:00 AM,RTD,7/30/2026 9:55:00 AM,CLUZ,Dr,668,0,,0,668,0,0,
7/30/2026 9:50:00 AM,RTD,7/30/2026 9:55:00 AM,CMIN,En,2312.04,0,0,57.86,2551.45,0,181.56,
7/30/2026 9:50:00 AM,RTD,7/30/2026 9:55:00 AM,CLUZ,En,10613.89,306,0,197.59,11298.15,0,50,
7/30/2026 9:50:00 AM,RTD,7/30/2026 9:55:00 AM,CVIS,En,2242.19,0,0,23.68,2034.32,231.56,0,
7/30/2026 9:50:00 AM,RTD,7/30/2026 9:55:00 AM,CMIN,Fr,123,0,,0,123,0,0,
7/30/2026 9:50:00 AM,RTD,7/30/2026 9:55:00 AM,CVIS,Fr,134,0,,0,134,0,0,
7/30/2026 9:50:00 AM,RTD,7/30/2026 9:55:00 AM,CLUZ,Fr,668,0,,0,668,0,0,
7/30/2026 9:50:00 AM,RTD,7/30/2026 9:55:00 AM,CMIN,Rd,45.26,0,,0,45.26,0,0,
7/30/2026 9:50:00 AM,RTD,7/30/2026 9:55:00 AM,CLUZ,Rd,235.50,0,,0,235.50,0,0,
7/30/2026 9:50:00 AM,RTD,7/30/2026 9:55:00 AM,CVIS,Rd,46.90,0,,0,46.90,0,0,
7/30/2026 9:50:00 AM,RTD,7/30/2026 9:55:00 AM,CVIS,Ru,46.90,0,,0,46.90,0,0,
7/30/2026 9:50:00 AM,RTD,7/30/2026 9:55:00 AM,CMIN,Ru,45.26,0,,0,45.26,0,0,
7/30/2026 9:50:00 AM,RTD,7/30/2026 9:55:00 AM,CLUZ,Ru,235.50,0,,0,235.50,0,0,
7/30/2026 9:55:00 AM,RTD,7/30/2026 10:00:00 AM,CVIS,Dr,105.20,0,,0,105.20,0,0,
7/30/2026 9:55:00 AM,RTD,7/30/2026 10:00:00 AM,CMIN,Dr,123,0,,0,123,0,0,
7/30/2026 9:55:00 AM,RTD,7/30/2026 10:00:00 AM,CLUZ,Dr,668,0,,0,668,0,0,
7/30/2026 9:55:00 AM,RTD,7/30/2026 10:00:00 AM,CMIN,En,2321.22,0,0,58.89,2550.15,0,170.07,
7/30/2026 9:55:00 AM,RTD,7/30/2026 10:00:00 AM,CLUZ,En,10675.02,306,0,193.26,11224.37,0,50,
7/30/2026 9:55:00 AM,RTD,7/30/2026 10:00:00 AM,CVIS,En,2245.66,0,0,24.10,2049.69,220.07,0,
7/30/2026 9:55:00 AM,RTD,7/30/2026 10:00:00 AM,CMIN,Fr,123,0,,0,123,0,0,
7/30/2026 9:55:00 AM,RTD,7/30/2026 10:00:00 AM,CVIS,Fr,134,0,,0,134,0,0,
7/30/2026 9:55:00 AM,RTD,7/30/2026 10:00:00 AM,CLUZ,Fr,668,0,,0,668,0,0,
7/30/2026 9:55:00 AM,RTD,7/30/2026 10:00:00 AM,CMIN,Rd,45.26,0,,0,45.26,0,0,
7/30/2026 9:55:00 AM,RTD,7/30/2026 10:00:00 AM,CLUZ,Rd,235.50,0,,0,235.50,0,0,
7/30/2026 9:55:00 AM,RTD,7/30/2026 10:00:00 AM,CVIS,Rd,46.90,0,,0,46.90,0,0,
7/30/2026 9:55:00 AM,RTD,7/30/2026 10:00:00 AM,CVIS,Ru,46.90,0,,0,46.90,0,0,
7/30/2026 9:55:00 AM,RTD,7/30/2026 10:00:00 AM,CMIN,Ru,45.26,0,,0,45.26,0,0,
7/30/2026 9:55:00 AM,RTD,7/30/2026 10:00:00 AM,CLUZ,Ru,235.50,0,,0,235.50,0,0,
7/30/2026 10:00:00 AM,RTD,7/30/2026 10:05:00 AM,CVIS,Dr,93,0,,0,93,0,0,
7/30/2026 10:00:00 AM,RTD,7/30/2026 10:05:00 AM,CLUZ,Dr,668,0,,0,668,0,0,
7/30/2026 10:00:00 AM,RTD,7/30/2026 10:05:00 AM,CMIN,Dr,135,0,,0,135,0,0,
7/30/2026 10:00:00 AM,RTD,7/30/2026 10:05:00 AM,CMIN,En,2332.49,0,0,61.79,2539.72,0,145.43,
7/30/2026 10:00:00 AM,RTD,7/30/2026 10:05:00 AM,CLUZ,En,10654.11,158,0,187.72,11049.90,0,50,
7/30/2026 10:00:00 AM,RTD,7/30/2026 10:05:00 AM,CVIS,En,2250.60,0,0,24.68,2079.86,195.43,0,
7/30/2026 10:00:00 AM,RTD,7/30/2026 10:05:00 AM,CMIN,Fr,135,0,,0,135,0,0,
7/30/2026 10:00:00 AM,RTD,7/30/2026 10:05:00 AM,CLUZ,Fr,668,0,,0,668,0,0,
7/30/2026 10:00:00 AM,RTD,7/30/2026 10:05:00 AM,CVIS,Fr,134,0,,0,134,0,0,
7/30/2026 10:00:00 AM,RTD,7/30/2026 10:05:00 AM,CLUZ,Rd,244,0,,0,244,0,0,
7/30/2026 10:00:00 AM,RTD,7/30/2026 10:05:00 AM,CVIS,Rd,48.50,0,,0,48.50,0,0,
7/30/2026 10:00:00 AM,RTD,7/30/2026 10:05:00 AM,CMIN,Rd,46.99,0,,0,46.99,0,0,
7/30/2026 10:00:00 AM,RTD,7/30/2026 10:05:00 AM,CLUZ,Ru,244,0,,0,244,0,0,
7/30/2026 10:00:00 AM,RTD,7/30/2026 10:05:00 AM,CMIN,Ru,46.99,0,,0,46.99,0,0,
7/30/2026 10:00:00 AM,RTD,7/30/2026 10:05:00 AM,CVIS,Ru,48.50,0,,0,48.50,0,0,
7/30/2026 10:05:00 AM,RTD,7/30/2026 10:10:00 AM,CLUZ,Dr,668,0,,0,668,0,0,
7/30/2026 10:05:00 AM,RTD,7/30/2026 10:10:00 AM,CVIS,Dr,93,0,,0,93,0,0,
7/30/2026 10:05:00 AM,RTD,7/30/2026 10:10:00 AM,CMIN,Dr,135,0,,0,135,0,0,
7/30/2026 10:05:00 AM,RTD,7/30/2026 10:10:00 AM,CMIN,En,2335.96,0,0,60.95,2547.62,0,150.72,
7/30/2026 10:05:00 AM,RTD,7/30/2026 10:10:00 AM,CVIS,En,2264.98,0,0,24.41,2088.66,200.72,0,
7/30/2026 10:05:00 AM,RTD,7/30/2026 10:10:00 AM,CLUZ,En,10702.18,158,0,189.36,11099.54,0,50,
7/30/2026 10:05:00 AM,RTD,7/30/2026 10:10:00 AM,CLUZ,Fr,668,0,,0,668,0,0,
7/30/2026 10:05:00 AM,RTD,7/30/2026 10:10:00 AM,CMIN,Fr,135,0,,0,135,0,0,
7/30/2026 10:05:00 AM,RTD,7/30/2026 10:10:00 AM,CVIS,Fr,134,0,,0,134,0,0,
7/30/2026 10:05:00 AM,RTD,7/30/2026 10:10:00 AM,CLUZ,Rd,244,0,,0,244,0,0,
7/30/2026 10:05:00 AM,RTD,7/30/2026 10:10:00 AM,CVIS,Rd,48.50,0,,0,48.50,0,0,
7/30/2026 10:05:00 AM,RTD,7/30/2026 10:10:00 AM,CMIN,Rd,46.99,0,,0,46.99,0,0,
7/30/2026 10:05:00 AM,RTD,7/30/2026 10:10:00 AM,CVIS,Ru,48.50,0,,0,48.50,0,0,
7/30/2026 10:05:00 AM,RTD,7/30/2026 10:10:00 AM,CLUZ,Ru,244,0,,0,244,0,0,
7/30/2026 10:05:00 AM,RTD,7/30/2026 10:10:00 AM,CMIN,Ru,46.99,0,,0,46.99,0,0,
7/30/2026 10:10:00 AM,RTD,7/30/2026 10:15:00 AM,CVIS,Dr,93,0,,0,93,0,0,
7/30/2026 10:10:00 AM,RTD,7/30/2026 10:15:00 AM,CLUZ,Dr,668,0,,0,668,0,0,
7/30/2026 10:10:00 AM,RTD,7/30/2026 10:15:00 AM,CMIN,Dr,135,0,,0,135,0,0,
7/30/2026 10:10:00 AM,RTD,7/30/2026 10:15:00 AM,CVIS,En,2256.64,0,0,24.69,2088.97,192.36,0,
7/30/2026 10:10:00 AM,RTD,7/30/2026 10:15:00 AM,CLUZ,En,10747.46,158,0,187.64,11143.06,0,50,
7/30/2026 10:10:00 AM,RTD,7/30/2026 10:15:00 AM,CMIN,En,2351.65,0,0,61.19,2555.21,0,142.36,
7/30/2026 10:10:00 AM,RTD,7/30/2026 10:15:00 AM,CVIS,Fr,134,0,,0,134,0,0,
7/30/2026 10:10:00 AM,RTD,7/30/2026 10:15:00 AM,CMIN,Fr,135,0,,0,135,0,0,
7/30/2026 10:10:00 AM,RTD,7/30/2026 10:15:00 AM,CLUZ,Fr,668,0,,0,668,0,0,
7/30/2026 10:10:00 AM,RTD,7/30/2026 10:15:00 AM,CLUZ,Rd,244,0,,0,244,0,0,
7/30/2026 10:10:00 AM,RTD,7/30/2026 10:15:00 AM,CVIS,Rd,48.50,0,,0,48.50,0,0,
7/30/2026 10:10:00 AM,RTD,7/30/2026 10:15:00 AM,CMIN,Rd,46.99,0,,0,46.99,0,0,
7/30/2026 10:10:00 AM,RTD,7/30/2026 10:15:00 AM,CLUZ,Ru,244,0,,0,244,0,0,
7/30/2026 10:10:00 AM,RTD,7/30/2026 10:15:00 AM,CVIS,Ru,48.50,0,,0,48.50,0,0,
7/30/2026 10:10:00 AM,RTD,7/30/2026 10:15:00 AM,CMIN,Ru,46.99,0,,0,46.99,0,0,
7/30/2026 10:15:00 AM,RTD,7/30/2026 10:20:00 AM,CMIN,Dr,135,0,,0,135,0,0,
7/30/2026 10:15:00 AM,RTD,7/30/2026 10:20:00 AM,CVIS,Dr,93,0,,0,93,0,0,
7/30/2026 10:15:00 AM,RTD,7/30/2026 10:20:00 AM,CLUZ,Dr,668,0,,0,668,0,0,
7/30/2026 10:15:00 AM,RTD,7/30/2026 10:20:00 AM,CVIS,En,2278.32,0,0,24.93,2090.46,212.80,0,
7/30/2026 10:15:00 AM,RTD,7/30/2026 10:20:00 AM,CMIN,En,2358.15,0,0,60.61,2581.58,0,162.80,
7/30/2026 10:15:00 AM,RTD,7/30/2026 10:20:00 AM,CLUZ,En,10768.20,158,0,188.16,11164.22,0,50,
7/30/2026 10:15:00 AM,RTD,7/30/2026 10:20:00 AM,CMIN,Fr,135,0,,0,135,0,0,
7/30/2026 10:15:00 AM,RTD,7/30/2026 10:20:00 AM,CVIS,Fr,134,0,,0,134,0,0,
7/30/2026 10:15:00 AM,RTD,7/30/2026 10:20:00 AM,CLUZ,Fr,668,0,,0,668,0,0,
7/30/2026 10:15:00 AM,RTD,7/30/2026 10:20:00 AM,CVIS,Rd,48.50,0,,0,48.50,0,0,
7/30/2026 10:15:00 AM,RTD,7/30/2026 10:20:00 AM,CMIN,Rd,46.99,0,,0,46.99,0,0,
7/30/2026 10:15:00 AM,RTD,7/30/2026 10:20:00 AM,CLUZ,Rd,244,0,,0,244,0,0,
7/30/2026 10:15:00 AM,RTD,7/30/2026 10:20:00 AM,CVIS,Ru,48.50,0,,0,48.50,0,0,
7/30/2026 10:15:00 AM,RTD,7/30/2026 10:20:00 AM,CLUZ,Ru,244,0,,0,244,0,0,
7/30/2026 10:15:00 AM,RTD,7/30/2026 10:20:00 AM,CMIN,Ru,46.99,0,,0,46.99,0,0,
7/30/2026 10:20:00 AM,RTD,7/30/2026 10:25:00 AM,CVIS,Dr,93,0,,0,93,0,0,
7/30/2026 10:20:00 AM,RTD,7/30/2026 10:25:00 AM,CMIN,Dr,135,0,,0,135,0,0,
7/30/2026 10:20:00 AM,RTD,7/30/2026 10:25:00 AM,CLUZ,Dr,668,0,,0,668,0,0,
7/30/2026 10:20:00 AM,RTD,7/30/2026 10:25:00 AM,CMIN,En,2368.51,0,0,60.77,2589.85,0,160.56,
7/30/2026 10:20:00 AM,RTD,7/30/2026 10:25:00 AM,CLUZ,En,10814.55,158,0,186.89,11209.52,0,50,
7/30/2026 10:20:00 AM,RTD,7/30/2026 10:25:00 AM,CVIS,En,2279.10,0,0,24.71,2093.26,210.56,0,
7/30/2026 10:20:00 AM,RTD,7/30/2026 10:25:00 AM,CMIN,Fr,135,0,,0,135,0,0,
7/30/2026 10:20:00 AM,RTD,7/30/2026 10:25:00 AM,CVIS,Fr,134,0,,0,134,0,0,
7/30/2026 10:20:00 AM,RTD,7/30/2026 10:25:00 AM,CLUZ,Fr,668,0,,0,668,0,0,
7/30/2026 10:20:00 AM,RTD,7/30/2026 10:25:00 AM,CMIN,Rd,46.99,0,,0,46.99,0,0,
7/30/2026 10:20:00 AM,RTD,7/30/2026 10:25:00 AM,CLUZ,Rd,244,0,,0,244,0,0,
7/30/2026 10:20:00 AM,RTD,7/30/2026 10:25:00 AM,CVIS,Rd,48.50,0,,0,48.50,0,0,
7/30/2026 10:20:00 AM,RTD,7/30/2026 10:25:00 AM,CVIS,Ru,48.50,0,,0,48.50,0,0,
7/30/2026 10:20:00 AM,RTD,7/30/2026 10:25:00 AM,CMIN,Ru,46.99,0,,0,46.99,0,0,
7/30/2026 10:20:00 AM,RTD,7/30/2026 10:25:00 AM,CLUZ,Ru,244,0,,0,244,0,0,
7/30/2026 10:25:00 AM,RTD,7/30/2026 10:30:00 AM,CMIN,Dr,135,0,,0,135,0,0,
7/30/2026 10:25:00 AM,RTD,7/30/2026 10:30:00 AM,CVIS,Dr,93,0,,0,93,0,0,
7/30/2026 10:25:00 AM,RTD,7/30/2026 10:30:00 AM,CLUZ,Dr,668,0,,0,668,0,0,
7/30/2026 10:25:00 AM,RTD,7/30/2026 10:30:00 AM,CLUZ,En,10812.26,158,0,181.73,11201.95,0,50,
7/30/2026 10:25:00 AM,RTD,7/30/2026 10:30:00 AM,CMIN,En,2378.17,0,0,61.10,2603.10,0,163.82,
7/30/2026 10:25:00 AM,RTD,7/30/2026 10:30:00 AM,CVIS,En,2285.82,0,0,24.98,2096.99,213.82,0,
7/30/2026 10:25:00 AM,RTD,7/30/2026 10:30:00 AM,CLUZ,Fr,668,0,,0,668,0,0,
7/30/2026 10:25:00 AM,RTD,7/30/2026 10:30:00 AM,CVIS,Fr,134,0,,0,134,0,0,
7/30/2026 10:25:00 AM,RTD,7/30/2026 10:30:00 AM,CMIN,Fr,135,0,,0,135,0,0,
7/30/2026 10:25:00 AM,RTD,7/30/2026 10:30:00 AM,CLUZ,Rd,244,0,,0,244,0,0,
7/30/2026 10:25:00 AM,RTD,7/30/2026 10:30:00 AM,CVIS,Rd,48.50,0,,0,48.50,0,0,
7/30/2026 10:25:00 AM,RTD,7/30/2026 10:30:00 AM,CMIN,Rd,46.99,0,,0,46.99,0,0,
7/30/2026 10:25:00 AM,RTD,7/30/2026 10:30:00 AM,CMIN,Ru,46.99,0,,0,46.99,0,0,
7/30/2026 10:25:00 AM,RTD,7/30/2026 10:30:00 AM,CVIS,Ru,48.50,0,,0,48.50,0,0,
7/30/2026 10:25:00 AM,RTD,7/30/2026 10:30:00 AM,CLUZ,Ru,244,0,,0,244,0,0,
7/30/2026 10:30:00 AM,RTD,7/30/2026 10:35:00 AM,CVIS,Dr,93,0,,0,93,0,0,
7/30/2026 10:30:00 AM,RTD,7/30/2026 10:35:00 AM,CMIN,Dr,135,0,,0,135,0,0,
7/30/2026 10:30:00 AM,RTD,7/30/2026 10:35:00 AM,CLUZ,Dr,668,0,,0,668,0,0,
7/30/2026 10:30:00 AM,RTD,7/30/2026 10:35:00 AM,CMIN,En,2383.18,0,0,60.61,2609.10,0,165.29,
7/30/2026 10:30:00 AM,RTD,7/30/2026 10:35:00 AM,CLUZ,En,10828.47,158,0,178.77,11215.19,0,50,
7/30/2026 10:30:00 AM,RTD,7/30/2026 10:35:00 AM,CVIS,En,2281.84,0,0,25,2091.57,215.29,0,
7/30/2026 10:30:00 AM,RTD,7/30/2026 10:35:00 AM,CMIN,Fr,135,0,,0,135,0,0,
7/30/2026 10:30:00 AM,RTD,7/30/2026 10:35:00 AM,CVIS,Fr,134,0,,0,134,0,0,
7/30/2026 10:30:00 AM,RTD,7/30/2026 10:35:00 AM,CLUZ,Fr,668,0,,0,668,0,0,
7/30/2026 10:30:00 AM,RTD,7/30/2026 10:35:00 AM,CMIN,Rd,46.99,0,,0,46.99,0,0,
7/30/2026 10:30:00 AM,RTD,7/30/2026 10:35:00 AM,CLUZ,Rd,244,0,,0,244,0,0,
7/30/2026 10:30:00 AM,RTD,7/30/2026 10:35:00 AM,CVIS,Rd,48.50,0,,0,48.50,0,0,
7/30/2026 10:30:00 AM,RTD,7/30/2026 10:35:00 AM,CVIS,Ru,48.50,0,,0,48.50,0,0,
7/30/2026 10:30:00 AM,RTD,7/30/2026 10:35:00 AM,CMIN,Ru,46.99,0,,0,46.99,0,0,
7/30/2026 10:30:00 AM,RTD,7/30/2026 10:35:00 AM,CLUZ,Ru,244,0,,0,244,0,0,
7/30/2026 10:35:00 AM,RTD,7/30/2026 10:40:00 AM,CVIS,Dr,93,0,,0,93,0,0,
7/30/2026 10:35:00 AM,RTD,7/30/2026 10:40:00 AM,CMIN,Dr,135,0,,0,135,0,0,
7/30/2026 10:35:00 AM,RTD,7/30/2026 10:40:00 AM,CLUZ,Dr,668,0,,0,668,0,0,
7/30/2026 10:35:00 AM,RTD,7/30/2026 10:40:00 AM,CMIN,En,2388,0,0,60.63,2603.96,0,155.37,
7/30/2026 10:35:00 AM,RTD,7/30/2026 10:40:00 AM,CLUZ,En,10871.26,158,0,176.84,11256.31,0,50,
7/30/2026 10:35:00 AM,RTD,7/30/2026 10:40:00 AM,CVIS,En,2279.95,0,0,24.68,2099.26,205.37,0,
7/30/2026 10:35:00 AM,RTD,7/30/2026 10:40:00 AM,CMIN,Fr,135,0,,0,135,0,0,
7/30/2026 10:35:00 AM,RTD,7/30/2026 10:40:00 AM,CVIS,Fr,134,0,,0,134,0,0,
7/30/2026 10:35:00 AM,RTD,7/30/2026 10:40:00 AM,CLUZ,Fr,668,0,,0,668,0,0,
7/30/2026 10:35:00 AM,RTD,7/30/2026 10:40:00 AM,CMIN,Rd,46.99,0,,0,46.99,0,0,
7/30/2026 10:35:00 AM,RTD,7/30/2026 10:40:00 AM,CLUZ,Rd,244,0,,0,244,0,0,
7/30/2026 10:35:00 AM,RTD,7/30/2026 10:40:00 AM,CVIS,Rd,48.50,0,,0,48.50,0,0,
7/30/2026 10:35:00 AM,RTD,7/30/2026 10:40:00 AM,CVIS,Ru,48.50,0,,0,48.50,0,0,
7/30/2026 10:35:00 AM,RTD,7/30/2026 10:40:00 AM,CMIN,Ru,46.99,0,,0,46.99,0,0,
7/30/2026 10:35:00 AM,RTD,7/30/2026 10:40:00 AM,CLUZ,Ru,244,0,,0,244,0,0,
7/30/2026 10:40:00 AM,RTD,7/30/2026 10:45:00 AM,CVIS,Dr,93,0,,0,93,0,0,
7/30/2026 10:40:00 AM,RTD,7/30/2026 10:45:00 AM,CMIN,Dr,135,0,,0,135,0,0,
7/30/2026 10:40:00 AM,RTD,7/30/2026 10:45:00 AM,CLUZ,Dr,668,0,,0,668,0,0,
7/30/2026 10:40:00 AM,RTD,7/30/2026 10:45:00 AM,CMIN,En,2395.57,0,0,61.15,2620.73,0,163.98,
7/30/2026 10:40:00 AM,RTD,7/30/2026 10:45:00 AM,CLUZ,En,10911.17,158,0,177.15,11296.26,0,50,
7/30/2026 10:40:00 AM,RTD,7/30/2026 10:45:00 AM,CVIS,En,2279.64,0,0,24.48,2090.16,213.98,0,
7/30/2026 10:40:00 AM,RTD,7/30/2026 10:45:00 AM,CMIN,Fr,135,0,,0,135,0,0,
7/30/2026 10:40:00 AM,RTD,7/30/2026 10:45:00 AM,CVIS,Fr,134,0,,0,134,0,0,
7/30/2026 10:40:00 AM,RTD,7/30/2026 10:45:00 AM,CLUZ,Fr,668,0,,0,668,0,0,
7/30/2026 10:40:00 AM,RTD,7/30/2026 10:45:00 AM,CMIN,Rd,46.99,0,,0,46.99,0,0,
7/30/2026 10:40:00 AM,RTD,7/30/2026 10:45:00 AM,CLUZ,Rd,244,0,,0,244,0,0,
7/30/2026 10:40:00 AM,RTD,7/30/2026 10:45:00 AM,CVIS,Rd,48.50,0,,0,48.50,0,0,
7/30/2026 10:40:00 AM,RTD,7/30/2026 10:45:00 AM,CVIS,Ru,48.50,0,,0,48.50,0,0,
7/30/2026 10:40:00 AM,RTD,7/30/2026 10:45:00 AM,CMIN,Ru,46.99,0,,0,46.99,0,0,
7/30/2026 10:40:00 AM,RTD,7/30/2026 10:45:00 AM,CLUZ,Ru,244,0,,0,244,0,0,
7/30/2026 10:45:00 AM,RTD,7/30/2026 10:50:00 AM,CVIS,Dr,93,0,,0,93,0,0,
7/30/2026 10:45:00 AM,RTD,7/30/2026 10:50:00 AM,CMIN,Dr,135,0,,0,135,0,0,
7/30/2026 10:45:00 AM,RTD,7/30/2026 10:50:00 AM,CLUZ,Dr,668,0,,0,668,0,0,
7/30/2026 10:45:00 AM,RTD,7/30/2026 10:50:00 AM,CMIN,En,2399.81,0,0,61.31,2619.70,0,158.60,
7/30/2026 10:45:00 AM,RTD,7/30/2026 10:50:00 AM,CLUZ,En,10901.11,158,0,179.16,11288.27,0,50,
7/30/2026 10:45:00 AM,RTD,7/30/2026 10:50:00 AM,CVIS,En,2280.77,0,0,24.81,2096.96,208.60,0,
7/30/2026 10:45:00 AM,RTD,7/30/2026 10:50:00 AM,CMIN,Fr,135,0,,0,135,0,0,
7/30/2026 10:45:00 AM,RTD,7/30/2026 10:50:00 AM,CVIS,Fr,134,0,,0,134,0,0,
7/30/2026 10:45:00 AM,RTD,7/30/2026 10:50:00 AM,CLUZ,Fr,668,0,,0,668,0,0,
7/30/2026 10:45:00 AM,RTD,7/30/2026 10:50:00 AM,CMIN,Rd,46.99,0,,0,46.99,0,0,
7/30/2026 10:45:00 AM,RTD,7/30/2026 10:50:00 AM,CLUZ,Rd,244,0,,0,244,0,0,
7/30/2026 10:45:00 AM,RTD,7/30/2026 10:50:00 AM,CVIS,Rd,48.50,0,,0,48.50,0,0,
7/30/2026 10:45:00 AM,RTD,7/30/2026 10:50:00 AM,CVIS,Ru,48.50,0,,0,48.50,0,0,
7/30/2026 10:45:00 AM,RTD,7/30/2026 10:50:00 AM,CMIN,Ru,46.99,0,,0,46.99,0,0,
7/30/2026 10:45:00 AM,RTD,7/30/2026 10:50:00 AM,CLUZ,Ru,244,0,,0,244,0,0,
7/30/2026 10:50:00 AM,RTD,7/30/2026 10:55:00 AM,CVIS,Dr,93,0,,0,93,0,0,
7/30/2026 10:50:00 AM,RTD,7/30/2026 10:55:00 AM,CMIN,Dr,135,0,,0,135,0,0,
7/30/2026 10:50:00 AM,RTD,7/30/2026 10:55:00 AM,CLUZ,Dr,668,0,,0,668,0,0,
7/30/2026 10:50:00 AM,RTD,7/30/2026 10:55:00 AM,CMIN,En,2399.34,0,0,61.20,2616.61,0,156.08,
7/30/2026 10:50:00 AM,RTD,7/30/2026 10:55:00 AM,CLUZ,En,10927.96,158,0,179.61,11315.54,0,50,
7/30/2026 10:50:00 AM,RTD,7/30/2026 10:55:00 AM,CVIS,En,2285.86,0,0,25.07,2104.84,206.08,0,
7/30/2026 10:50:00 AM,RTD,7/30/2026 10:55:00 AM,CMIN,Fr,135,0,,0,135,0,0,
7/30/2026 10:50:00 AM,RTD,7/30/2026 10:55:00 AM,CVIS,Fr,134,0,,0,134,0,0,
7/30/2026 10:50:00 AM,RTD,7/30/2026 10:55:00 AM,CLUZ,Fr,668,0,,0,668,0,0,
7/30/2026 10:50:00 AM,RTD,7/30/2026 10:55:00 AM,CMIN,Rd,46.99,0,,0,46.99,0,0,
7/30/2026 10:50:00 AM,RTD,7/30/2026 10:55:00 AM,CLUZ,Rd,244,0,,0,244,0,0,
7/30/2026 10:50:00 AM,RTD,7/30/2026 10:55:00 AM,CVIS,Rd,48.50,0,,0,48.50,0,0,
7/30/2026 10:50:00 AM,RTD,7/30/2026 10:55:00 AM,CVIS,Ru,48.50,0,,0,48.50,0,0,
7/30/2026 10:50:00 AM,RTD,7/30/2026 10:55:00 AM,CMIN,Ru,46.99,0,,0,46.99,0,0,
7/30/2026 10:50:00 AM,RTD,7/30/2026 10:55:00 AM,CLUZ,Ru,244,0,,0,244,0,0,
7/30/2026 10:55:00 AM,RTD,7/30/2026 11:00:00 AM,CVIS,Dr,93,0,,0,93,0,0,
7/30/2026 10:55:00 AM,RTD,7/30/2026 11:00:00 AM,CMIN,Dr,135,0,,0,135,0,0,
7/30/2026 10:55:00 AM,RTD,7/30/2026 11:00:00 AM,CLUZ,Dr,668,0,,0,668,0,0,
7/30/2026 10:55:00 AM,RTD,7/30/2026 11:00:00 AM,CMIN,En,2356.88,0,0,60.86,2576.15,0,158.41,
7/30/2026 10:55:00 AM,RTD,7/30/2026 11:00:00 AM,CLUZ,En,10935.06,158,0,180.15,11316.31,0,43.22,
7/30/2026 10:55:00 AM,RTD,7/30/2026 11:00:00 AM,CVIS,En,2293.70,0,0,24.90,2116.98,201.63,0,
7/30/2026 10:55:00 AM,RTD,7/30/2026 11:00:00 AM,CMIN,Fr,135,0,,0,135,0,0,
7/30/2026 10:55:00 AM,RTD,7/30/2026 11:00:00 AM,CVIS,Fr,134,0,,0,134,0,0,
7/30/2026 10:55:00 AM,RTD,7/30/2026 11:00:00 AM,CLUZ,Fr,668,0,,0,668,0,0,
7/30/2026 10:55:00 AM,RTD,7/30/2026 11:00:00 AM,CMIN,Rd,46.99,0,,0,46.99,0,0,
7/30/2026 10:55:00 AM,RTD,7/30/2026 11:00:00 AM,CLUZ,Rd,244,0,,0,244,0,0,
7/30/2026 10:55:00 AM,RTD,7/30/2026 11:00:00 AM,CVIS,Rd,48.50,0,,0,48.50,0,0,
7/30/2026 10:55:00 AM,RTD,7/30/2026 11:00:00 AM,CVIS,Ru,48.50,0,,0,48.50,0,0,
7/30/2026 10:55:00 AM,RTD,7/30/2026 11:00:00 AM,CMIN,Ru,46.99,0,,0,46.99,0,0,
7/30/2026 10:55:00 AM,RTD,7/30/2026 11:00:00 AM,CLUZ,Ru,244,0,,0,244,0,0,
7/30/2026 11:00:00 AM,RTD,7/30/2026 11:05:00 AM,CVIS,Dr,93,0,,0,93,0,0,
7/30/2026 11:00:00 AM,RTD,7/30/2026 11:05:00 AM,CMIN,Dr,125,0,,0,125,0,0,
7/30/2026 11:00:00 AM,RTD,7/30/2026 11:05:00 AM,CLUZ,Dr,668,0,,0,668,0,0,
7/30/2026 11:00:00 AM,RTD,7/30/2026 11:05:00 AM,CMIN,En,2359.43,0,0,57.56,2609.23,0,192.25,
7/30/2026 11:00:00 AM,RTD,7/30/2026 11:05:00 AM,CLUZ,En,10950.21,158,0,181.19,11339.45,0,50,
7/30/2026 11:00:00 AM,RTD,7/30/2026 11:05:00 AM,CVIS,En,2289.29,0,0,23.84,2070.90,242.25,0,
7/30/2026 11:00:00 AM,RTD,7/30/2026 11:05:00 AM,CMIN,Fr,125,0,,0,125,0,0,
7/30/2026 11:00:00 AM,RTD,7/30/2026 11:05:00 AM,CVIS,Fr,134,0,,0,134,0,0,
7/30/2026 11:00:00 AM,RTD,7/30/2026 11:05:00 AM,CLUZ,Fr,668,0,,0,668,0,0,
7/30/2026 11:00:00 AM,RTD,7/30/2026 11:05:00 AM,CMIN,Rd,46.20,0,,0,46.20,0,0,
7/30/2026 11:00:00 AM,RTD,7/30/2026 11:05:00 AM,CLUZ,Rd,239.50,0,,0,239.50,0,0,
7/30/2026 11:00:00 AM,RTD,7/30/2026 11:05:00 AM,CVIS,Rd,47.15,0,,0,47.15,0,0,
7/30/2026 11:00:00 AM,RTD,7/30/2026 11:05:00 AM,CVIS,Ru,47.15,0,,0,47.15,0,0,
7/30/2026 11:00:00 AM,RTD,7/30/2026 11:05:00 AM,CMIN,Ru,46.20,0,,0,46.20,0,0,
7/30/2026 11:00:00 AM,RTD,7/30/2026 11:05:00 AM,CLUZ,Ru,239.50,0,,0,239.50,0,0,
7/30/2026 11:05:00 AM,RTD,7/30/2026 11:10:00 AM,CLUZ,Dr,668,0,,0,668,0,0,
7/30/2026 11:05:00 AM,RTD,7/30/2026 11:10:00 AM,CVIS,Dr,93,0,,0,93,0,0,
7/30/2026 11:05:00 AM,RTD,7/30/2026 11:10:00 AM,CMIN,Dr,125,0,,0,125,0,0,
7/30/2026 11:05:00 AM,RTD,7/30/2026 11:10:00 AM,CMIN,En,2358.63,0,0,57.02,2625.07,0,209.39,
7/30/2026 11:05:00 AM,RTD,7/30/2026 11:10:00 AM,CLUZ,En,10956.06,158,0,180.16,11344.22,0,50,
7/30/2026 11:05:00 AM,RTD,7/30/2026 11:10:00 AM,CVIS,En,2312.60,0,0,23.87,2077.05,259.39,0,
7/30/2026 11:05:00 AM,RTD,7/30/2026 11:10:00 AM,CVIS,Fr,134,0,,0,134,0,0,
7/30/2026 11:05:00 AM,RTD,7/30/2026 11:10:00 AM,CMIN,Fr,125,0,,0,125,0,0,
7/30/2026 11:05:00 AM,RTD,7/30/2026 11:10:00 AM,CLUZ,Fr,668,0,,0,668,0,0,
7/30/2026 11:05:00 AM,RTD,7/30/2026 11:10:00 AM,CMIN,Rd,46.20,0,,0,46.20,0,0,
7/30/2026 11:05:00 AM,RTD,7/30/2026 11:10:00 AM,CLUZ,Rd,239.50,0,,0,239.50,0,0,
7/30/2026 11:05:00 AM,RTD,7/30/2026 11:10:00 AM,CVIS,Rd,47.15,0,,0,47.15,0,0,
7/30/2026 11:05:00 AM,RTD,7/30/2026 11:10:00 AM,CMIN,Ru,46.20,0,,0,46.20,0,0,
7/30/2026 11:05:00 AM,RTD,7/30/2026 11:10:00 AM,CLUZ,Ru,239.50,0,,0,239.50,0,0,
7/30/2026 11:05:00 AM,RTD,7/30/2026 11:10:00 AM,CVIS,Ru,47.15,0,,0,47.15,0,0,
7/30/2026 11:10:00 AM,RTD,7/30/2026 11:15:00 AM,CVIS,Dr,93,0,,0,93,0,0,
7/30/2026 11:10:00 AM,RTD,7/30/2026 11:15:00 AM,CMIN,Dr,125,0,,0,125,0,0,
7/30/2026 11:10:00 AM,RTD,7/30/2026 11:15:00 AM,CLUZ,Dr,668,0,,0,668,0,0,
7/30/2026 11:10:00 AM,RTD,7/30/2026 11:15:00 AM,CMIN,En,2370.07,0,0,57.53,2631.53,0,203.92,
7/30/2026 11:10:00 AM,RTD,7/30/2026 11:15:00 AM,CLUZ,En,10945.55,0,0,171.83,11167.39,0,50,
7/30/2026 11:10:00 AM,RTD,7/30/2026 11:15:00 AM,CVIS,En,2322.83,0,0,22.96,2091.89,253.92,0,
7/30/2026 11:10:00 AM,RTD,7/30/2026 11:15:00 AM,CMIN,Fr,125,0,,0,125,0,0,
7/30/2026 11:10:00 AM,RTD,7/30/2026 11:15:00 AM,CVIS,Fr,134,0,,0,134,0,0,
7/30/2026 11:10:00 AM,RTD,7/30/2026 11:15:00 AM,CLUZ,Fr,668,0,,0,668,0,0,
7/30/2026 11:10:00 AM,RTD,7/30/2026 11:15:00 AM,CMIN,Rd,46.20,0,,0,46.20,0,0,
7/30/2026 11:10:00 AM,RTD,7/30/2026 11:15:00 AM,CLUZ,Rd,239.50,0,,0,239.50,0,0,
7/30/2026 11:10:00 AM,RTD,7/30/2026 11:15:00 AM,CVIS,Rd,47.15,0,,0,47.15,0,0,
7/30/2026 11:10:00 AM,RTD,7/30/2026 11:15:00 AM,CVIS,Ru,47.15,0,,0,47.15,0,0,
7/30/2026 11:10:00 AM,RTD,7/30/2026 11:15:00 AM,CMIN,Ru,46.20,0,,0,46.20,0,0,
7/30/2026 11:10:00 AM,RTD,7/30/2026 11:15:00 AM,CLUZ,Ru,239.50,0,,0,239.50,0,0,
7/30/2026 11:15:00 AM,RTD,7/30/2026 11:20:00 AM,CVIS,Dr,93,0,,0,93,0,0,
7/30/2026 11:15:00 AM,RTD,7/30/2026 11:20:00 AM,CMIN,Dr,125,0,,0,125,0,0,
7/30/2026 11:15:00 AM,RTD,7/30/2026 11:20:00 AM,CLUZ,Dr,668,0,,0,668,0,0,
7/30/2026 11:15:00 AM,RTD,7/30/2026 11:20:00 AM,CMIN,En,2364.19,0,0,56.58,2639.53,0,218.78,
7/30/2026 11:15:00 AM,RTD,7/30/2026 11:20:00 AM,CLUZ,En,10824.73,0,0,170.09,11044.85,0,50,
7/30/2026 11:15:00 AM,RTD,7/30/2026 11:20:00 AM,CVIS,En,2335.54,0,0,22.96,2089.70,268.78,0,
7/30/2026 11:15:00 AM,RTD,7/30/2026 11:20:00 AM,CMIN,Fr,125,0,,0,125,0,0,
7/30/2026 11:15:00 AM,RTD,7/30/2026 11:20:00 AM,CVIS,Fr,134,0,,0,134,0,0,
7/30/2026 11:15:00 AM,RTD,7/30/2026 11:20:00 AM,CLUZ,Fr,668,0,,0,668,0,0,
7/30/2026 11:15:00 AM,RTD,7/30/2026 11:20:00 AM,CMIN,Rd,46.20,0,,0,46.20,0,0,
7/30/2026 11:15:00 AM,RTD,7/30/2026 11:20:00 AM,CLUZ,Rd,239.50,0,,0,239.50,0,0,
7/30/2026 11:15:00 AM,RTD,7/30/2026 11:20:00 AM,CVIS,Rd,47.15,0,,0,47.15,0,0,
7/30/2026 11:15:00 AM,RTD,7/30/2026 11:20:00 AM,CVIS,Ru,47.15,0,,0,47.15,0,0,
7/30/2026 11:15:00 AM,RTD,7/30/2026 11:20:00 AM,CMIN,Ru,46.20,0,,0,46.20,0,0,
7/30/2026 11:15:00 AM,RTD,7/30/2026 11:20:00 AM,CLUZ,Ru,239.50,0,,0,239.50,0,0,
7/30/2026 11:20:00 AM,RTD,7/30/2026 11:25:00 AM,CLUZ,Dr,668,0,,0,668,0,0,
7/30/2026 11:20:00 AM,RTD,7/30/2026 11:25:00 AM,CMIN,Dr,125,0,,0,125,0,0,
7/30/2026 11:20:00 AM,RTD,7/30/2026 11:25:00 AM,CVIS,Dr,93,0,,0,93,0,0,
7/30/2026 11:20:00 AM,RTD,7/30/2026 11:25:00 AM,CLUZ,En,10855.47,0,0,174.87,11080.30,0,50,
7/30/2026 11:20:00 AM,RTD,7/30/2026 11:25:00 AM,CMIN,En,2353.47,0,0,53.50,2653.44,0,246.48,
7/30/2026 11:20:00 AM,RTD,7/30/2026 11:25:00 AM,CVIS,En,2337.30,0,0,23.64,2064.44,296.48,0,
7/30/2026 11:20:00 AM,RTD,7/30/2026 11:25:00 AM,CMIN,Fr,125,0,,0,125,0,0,
7/30/2026 11:20:00 AM,RTD,7/30/2026 11:25:00 AM,CLUZ,Fr,668,0,,0,668,0,0,
7/30/2026 11:20:00 AM,RTD,7/30/2026 11:25:00 AM,CVIS,Fr,134,0,,0,134,0,0,
7/30/2026 11:20:00 AM,RTD,7/30/2026 11:25:00 AM,CMIN,Rd,46.20,0,,0,46.20,0,0,
7/30/2026 11:20:00 AM,RTD,7/30/2026 11:25:00 AM,CVIS,Rd,47.15,0,,0,47.15,0,0,
7/30/2026 11:20:00 AM,RTD,7/30/2026 11:25:00 AM,CLUZ,Rd,239.50,0,,0,239.50,0,0,
7/30/2026 11:20:00 AM,RTD,7/30/2026 11:25:00 AM,CMIN,Ru,46.20,0,,0,46.20,0,0,
7/30/2026 11:20:00 AM,RTD,7/30/2026 11:25:00 AM,CLUZ,Ru,239.50,0,,0,239.50,0,0,
7/30/2026 11:20:00 AM,RTD,7/30/2026 11:25:00 AM,CVIS,Ru,47.15,0,,0,47.15,0,0,
7/30/2026 11:25:00 AM,RTD,7/30/2026 11:30:00 AM,CVIS,Dr,93,0,,0,93,0,0,
7/30/2026 11:25:00 AM,RTD,7/30/2026 11:30:00 AM,CMIN,Dr,125,0,,0,125,0,0,
7/30/2026 11:25:00 AM,RTD,7/30/2026 11:30:00 AM,CLUZ,Dr,668,0,,0,668,0,0,
7/30/2026 11:25:00 AM,RTD,7/30/2026 11:30:00 AM,CMIN,En,2359.52,0,0,53.72,2652.15,0,238.92,
7/30/2026 11:25:00 AM,RTD,7/30/2026 11:30:00 AM,CLUZ,En,10995.54,0,0,180.76,11226.30,0,50,
7/30/2026 11:25:00 AM,RTD,7/30/2026 11:30:00 AM,CVIS,En,2329.12,0,0,23.75,2063.95,288.92,0,
7/30/2026 11:25:00 AM,RTD,7/30/2026 11:30:00 AM,CMIN,Fr,125,0,,0,125,0,0,
7/30/2026 11:25:00 AM,RTD,7/30/2026 11:30:00 AM,CVIS,Fr,134,0,,0,134,0,0,
7/30/2026 11:25:00 AM,RTD,7/30/2026 11:30:00 AM,CLUZ,Fr,668,0,,0,668,0,0,
7/30/2026 11:25:00 AM,RTD,7/30/2026 11:30:00 AM,CMIN,Rd,46.20,0,,0,46.20,0,0,
7/30/2026 11:25:00 AM,RTD,7/30/2026 11:30:00 AM,CLUZ,Rd,239.50,0,,0,239.50,0,0,
7/30/2026 11:25:00 AM,RTD,7/30/2026 11:30:00 AM,CVIS,Rd,47.15,0,,0,47.15,0,0,
7/30/2026 11:25:00 AM,RTD,7/30/2026 11:30:00 AM,CVIS,Ru,47.15,0,,0,47.15,0,0,
7/30/2026 11:25:00 AM,RTD,7/30/2026 11:30:00 AM,CMIN,Ru,46.20,0,,0,46.20,0,0,
7/30/2026 11:25:00 AM,RTD,7/30/2026 11:30:00 AM,CLUZ,Ru,239.50,0,,0,239.50,0,0,
7/30/2026 11:30:00 AM,RTD,7/30/2026 11:35:00 AM,CVIS,Dr,93,0,,0,93,0,0,
7/30/2026 11:30:00 AM,RTD,7/30/2026 11:35:00 AM,CMIN,Dr,125,0,,0,125,0,0,
7/30/2026 11:30:00 AM,RTD,7/30/2026 11:35:00 AM,CLUZ,Dr,668,0,,0,668,0,0,
7/30/2026 11:30:00 AM,RTD,7/30/2026 11:35:00 AM,CMIN,En,2381.08,0,0,56.02,2651.05,0,213.93,
7/30/2026 11:30:00 AM,RTD,7/30/2026 11:35:00 AM,CLUZ,En,10973.97,0,0,181.54,11205.57,0,50,
7/30/2026 11:30:00 AM,RTD,7/30/2026 11:35:00 AM,CVIS,En,2328.11,0,0,24.34,2088.52,263.93,0,
7/30/2026 11:30:00 AM,RTD,7/30/2026 11:35:00 AM,CMIN,Fr,125,0,,0,125,0,0,
7/30/2026 11:30:00 AM,RTD,7/30/2026 11:35:00 AM,CVIS,Fr,134,0,,0,134,0,0,
7/30/2026 11:30:00 AM,RTD,7/30/2026 11:35:00 AM,CLUZ,Fr,668,0,,0,668,0,0,
7/30/2026 11:30:00 AM,RTD,7/30/2026 11:35:00 AM,CMIN,Rd,46.20,0,,0,46.20,0,0,
7/30/2026 11:30:00 AM,RTD,7/30/2026 11:35:00 AM,CLUZ,Rd,239.50,0,,0,239.50,0,0,
7/30/2026 11:30:00 AM,RTD,7/30/2026 11:35:00 AM,CVIS,Rd,47.15,0,,0,47.15,0,0,
7/30/2026 11:30:00 AM,RTD,7/30/2026 11:35:00 AM,CVIS,Ru,47.15,0,,0,47.15,0,0,
7/30/2026 11:30:00 AM,RTD,7/30/2026 11:35:00 AM,CMIN,Ru,46.20,0,,0,46.20,0,0,
7/30/2026 11:30:00 AM,RTD,7/30/2026 11:35:00 AM,CLUZ,Ru,239.50,0,,0,239.50,0,0,
7/30/2026 11:35:00 AM,RTD,7/30/2026 11:40:00 AM,CVIS,Dr,93,0,,0,93,0,0,
7/30/2026 11:35:00 AM,RTD,7/30/2026 11:40:00 AM,CMIN,Dr,125,0,,0,125,0,0,
7/30/2026 11:35:00 AM,RTD,7/30/2026 11:40:00 AM,CLUZ,Dr,668,0,,0,668,0,0,
7/30/2026 11:35:00 AM,RTD,7/30/2026 11:40:00 AM,CMIN,En,2384.20,0,0,55.77,2653.75,0,213.81,
7/30/2026 11:35:00 AM,RTD,7/30/2026 11:40:00 AM,CLUZ,En,10972.75,0,0,180.77,11203.47,0,50,
7/30/2026 11:35:00 AM,RTD,7/30/2026 11:40:00 AM,CVIS,En,2335.07,0,0,24.21,2095.48,263.81,0,
7/30/2026 11:35:00 AM,RTD,7/30/2026 11:40:00 AM,CMIN,Fr,125,0,,0,125,0,0,
7/30/2026 11:35:00 AM,RTD,7/30/2026 11:40:00 AM,CVIS,Fr,134,0,,0,134,0,0,
7/30/2026 11:35:00 AM,RTD,7/30/2026 11:40:00 AM,CLUZ,Fr,668,0,,0,668,0,0,
7/30/2026 11:35:00 AM,RTD,7/30/2026 11:40:00 AM,CMIN,Rd,46.20,0,,0,46.20,0,0,
7/30/2026 11:35:00 AM,RTD,7/30/2026 11:40:00 AM,CLUZ,Rd,239.50,0,,0,239.50,0,0,
7/30/2026 11:35:00 AM,RTD,7/30/2026 11:40:00 AM,CVIS,Rd,47.15,0,,0,47.15,0,0,
7/30/2026 11:35:00 AM,RTD,7/30/2026 11:40:00 AM,CVIS,Ru,47.15,0,,0,47.15,0,0,
7/30/2026 11:35:00 AM,RTD,7/30/2026 11:40:00 AM,CMIN,Ru,46.20,0,,0,46.20,0,0,
7/30/2026 11:35:00 AM,RTD,7/30/2026 11:40:00 AM,CLUZ,Ru,239.50,0,,0,239.50,0,0,
7/30/2026 11:40:00 AM,RTD,7/30/2026 11:45:00 AM,CVIS,Dr,93,0,,0,93,0,0,
7/30/2026 11:40:00 AM,RTD,7/30/2026 11:45:00 AM,CMIN,Dr,125,0,,0,125,0,0,
7/30/2026 11:40:00 AM,RTD,7/30/2026 11:45:00 AM,CLUZ,Dr,668,0,,0,668,0,0,
7/30/2026 11:40:00 AM,RTD,7/30/2026 11:45:00 AM,CMIN,En,2381.75,0,0,55.17,2657.13,0,220.25,
7/30/2026 11:40:00 AM,RTD,7/30/2026 11:45:00 AM,CLUZ,En,10948.05,0,0,181.84,11179.85,0,50,
7/30/2026 11:40:00 AM,RTD,7/30/2026 11:45:00 AM,CVIS,En,2329.78,0,0,23.55,2083.09,270.25,0,
7/30/2026 11:40:00 AM,RTD,7/30/2026 11:45:00 AM,CMIN,Fr,125,0,,0,125,0,0,
7/30/2026 11:40:00 AM,RTD,7/30/2026 11:45:00 AM,CVIS,Fr,134,0,,0,134,0,0,
7/30/2026 11:40:00 AM,RTD,7/30/2026 11:45:00 AM,CLUZ,Fr,668,0,,0,668,0,0,
7/30/2026 11:40:00 AM,RTD,7/30/2026 11:45:00 AM,CMIN,Rd,46.20,0,,0,46.20,0,0,
7/30/2026 11:40:00 AM,RTD,7/30/2026 11:45:00 AM,CLUZ,Rd,239.50,0,,0,239.50,0,0,
7/30/2026 11:40:00 AM,RTD,7/30/2026 11:45:00 AM,CVIS,Rd,47.15,0,,0,47.15,0,0,
7/30/2026 11:40:00 AM,RTD,7/30/2026 11:45:00 AM,CVIS,Ru,47.15,0,,0,47.15,0,0,
7/30/2026 11:40:00 AM,RTD,7/30/2026 11:45:00 AM,CMIN,Ru,46.20,0,,0,46.20,0,0,
7/30/2026 11:40:00 AM,RTD,7/30/2026 11:45:00 AM,CLUZ,Ru,239.50,0,,0,239.50,0,0,
7/30/2026 11:45:00 AM,RTD,7/30/2026 11:50:00 AM,CVIS,Dr,93,0,,0,93,0,0,
7/30/2026 11:45:00 AM,RTD,7/30/2026 11:50:00 AM,CMIN,Dr,125,0,,0,125,0,0,
7/30/2026 11:45:00 AM,RTD,7/30/2026 11:50:00 AM,CLUZ,Dr,668,0,,0,668,0,0,
7/30/2026 11:45:00 AM,RTD,7/30/2026 11:50:00 AM,CMIN,En,2381.87,0,0,56.55,2656.59,0,218.16,
7/30/2026 11:45:00 AM,RTD,7/30/2026 11:50:00 AM,CLUZ,En,10920.51,0,0,181.09,11151.60,0,50,
7/30/2026 11:45:00 AM,RTD,7/30/2026 11:50:00 AM,CVIS,En,2293.02,0,0,23.14,2047.99,268.16,0,
7/30/2026 11:45:00 AM,RTD,7/30/2026 11:50:00 AM,CMIN,Fr,125,0,,0,125,0,0,
7/30/2026 11:45:00 AM,RTD,7/30/2026 11:50:00 AM,CVIS,Fr,134,0,,0,134,0,0,
7/30/2026 11:45:00 AM,RTD,7/30/2026 11:50:00 AM,CLUZ,Fr,668,0,,0,668,0,0,
7/30/2026 11:45:00 AM,RTD,7/30/2026 11:50:00 AM,CMIN,Rd,46.20,0,,0,46.20,0,0,
7/30/2026 11:45:00 AM,RTD,7/30/2026 11:50:00 AM,CLUZ,Rd,239.50,0,,0,239.50,0,0,
7/30/2026 11:45:00 AM,RTD,7/30/2026 11:50:00 AM,CVIS,Rd,47.15,0,,0,47.15,0,0,
7/30/2026 11:45:00 AM,RTD,7/30/2026 11:50:00 AM,CVIS,Ru,47.15,0,,0,47.15,0,0,
7/30/2026 11:45:00 AM,RTD,7/30/2026 11:50:00 AM,CMIN,Ru,46.20,0,,0,46.20,0,0,
7/30/2026 11:45:00 AM,RTD,7/30/2026 11:50:00 AM,CLUZ,Ru,239.50,0,,0,239.50,0,0,
7/30/2026 11:50:00 AM,RTD,7/30/2026 11:55:00 AM,CVIS,Dr,93,0,,0,93,0,0,
7/30/2026 11:50:00 AM,RTD,7/30/2026 11:55:00 AM,CMIN,Dr,125,0,,0,125,0,0,
7/30/2026 11:50:00 AM,RTD,7/30/2026 11:55:00 AM,CLUZ,Dr,668,0,,0,668,0,0,
7/30/2026 11:50:00 AM,RTD,7/30/2026 11:55:00 AM,CMIN,En,2380.53,0,0,55.88,2662,0,225.58,
7/30/2026 11:50:00 AM,RTD,7/30/2026 11:55:00 AM,CLUZ,En,10872.60,0,0,181.40,11103.92,0,50,
7/30/2026 11:50:00 AM,RTD,7/30/2026 11:55:00 AM,CVIS,En,2278.61,0,0,22.98,2026.01,275.58,0,
7/30/2026 11:50:00 AM,RTD,7/30/2026 11:55:00 AM,CMIN,Fr,125,0,,0,125,0,0,
7/30/2026 11:50:00 AM,RTD,7/30/2026 11:55:00 AM,CVIS,Fr,134,0,,0,134,0,0,
7/30/2026 11:50:00 AM,RTD,7/30/2026 11:55:00 AM,CLUZ,Fr,668,0,,0,668,0,0,
7/30/2026 11:50:00 AM,RTD,7/30/2026 11:55:00 AM,CMIN,Rd,46.20,0,,0,46.20,0,0,
7/30/2026 11:50:00 AM,RTD,7/30/2026 11:55:00 AM,CLUZ,Rd,239.50,0,,0,239.50,0,0,
7/30/2026 11:50:00 AM,RTD,7/30/2026 11:55:00 AM,CVIS,Rd,47.15,0,,0,47.15,0,0,
7/30/2026 11:50:00 AM,RTD,7/30/2026 11:55:00 AM,CVIS,Ru,47.15,0,,0,47.15,0,0,
7/30/2026 11:50:00 AM,RTD,7/30/2026 11:55:00 AM,CMIN,Ru,46.20,0,,0,46.20,0,0,
7/30/2026 11:50:00 AM,RTD,7/30/2026 11:55:00 AM,CLUZ,Ru,239.50,0,,0,239.50,0,0,
7/30/2026 11:55:00 AM,RTD,7/30/2026 12:00:00 PM,CVIS,Dr,93,0,,0,93,0,0,
7/30/2026 11:55:00 AM,RTD,7/30/2026 12:00:00 PM,CMIN,Dr,125,0,,0,125,0,0,
7/30/2026 11:55:00 AM,RTD,7/30/2026 12:00:00 PM,CLUZ,Dr,668,0,,0,668,0,0,
7/30/2026 11:55:00 AM,RTD,7/30/2026 12:00:00 PM,CMIN,En,2365.08,0,0,56.05,2633.65,0,212.53,
7/30/2026 11:55:00 AM,RTD,7/30/2026 12:00:00 PM,CLUZ,En,10740.32,0,0,176.30,10966.67,0,50,
7/30/2026 11:55:00 AM,RTD,7/30/2026 12:00:00 PM,CVIS,En,2265.04,0,0,23.12,2025.63,262.53,0,
7/30/2026 11:55:00 AM,RTD,7/30/2026 12:00:00 PM,CMIN,Fr,125,0,,0,125,0,0,
7/30/2026 11:55:00 AM,RTD,7/30/2026 12:00:00 PM,CVIS,Fr,134,0,,0,134,0,0,
7/30/2026 11:55:00 AM,RTD,7/30/2026 12:00:00 PM,CLUZ,Fr,668,0,,0,668,0,0,
7/30/2026 11:55:00 AM,RTD,7/30/2026 12:00:00 PM,CMIN,Rd,46.20,0,,0,46.20,0,0,
7/30/2026 11:55:00 AM,RTD,7/30/2026 12:00:00 PM,CLUZ,Rd,239.50,0,,0,239.50,0,0,
7/30/2026 11:55:00 AM,RTD,7/30/2026 12:00:00 PM,CVIS,Rd,47.15,0,,0,47.15,0,0,
7/30/2026 11:55:00 AM,RTD,7/30/2026 12:00:00 PM,CVIS,Ru,47.15,0,,0,47.15,0,0,
7/30/2026 11:55:00 AM,RTD,7/30/2026 12:00:00 PM,CMIN,Ru,46.20,0,,0,46.20,0,0,
7/30/2026 11:55:00 AM,RTD,7/30/2026 12:00:00 PM,CLUZ,Ru,239.50,0,,0,239.50,0,0,
7/30/2026 12:00:00 PM,RTD,7/30/2026 12:05:00 PM,CVIS,Dr,93,0,,0,93,0,0,
7/30/2026 12:00:00 PM,RTD,7/30/2026 12:05:00 PM,CMIN,Dr,133,0,,0,133,0,0,
7/30/2026 12:00:00 PM,RTD,7/30/2026 12:05:00 PM,CLUZ,Dr,668,0,,0,668,0,0,
7/30/2026 12:00:00 PM,RTD,7/30/2026 12:05:00 PM,CMIN,En,2356.82,0,0,59.97,2583.62,0,166.82,
7/30/2026 12:00:00 PM,RTD,7/30/2026 12:05:00 PM,CLUZ,En,10748.64,0,0,176.02,10974.74,0,50,
7/30/2026 12:00:00 PM,RTD,7/30/2026 12:05:00 PM,CVIS,En,2247.01,0,0,22.94,2053.12,216.82,0,
7/30/2026 12:00:00 PM,RTD,7/30/2026 12:05:00 PM,CMIN,Fr,133,0,,0,133,0,0,
7/30/2026 12:00:00 PM,RTD,7/30/2026 12:05:00 PM,CLUZ,Fr,668,0,,0,668,0,0,
7/30/2026 12:00:00 PM,RTD,7/30/2026 12:05:00 PM,CVIS,Fr,134,0,,0,134,0,0,
7/30/2026 12:00:00 PM,RTD,7/30/2026 12:05:00 PM,CVIS,Rd,47.65,0,,0,47.65,0,0,
7/30/2026 12:00:00 PM,RTD,7/30/2026 12:05:00 PM,CMIN,Rd,46.88,0,,0,46.88,0,0,
7/30/2026 12:00:00 PM,RTD,7/30/2026 12:05:00 PM,CLUZ,Rd,245.50,0,,0,245.50,0,0,
7/30/2026 12:00:00 PM,RTD,7/30/2026 12:05:00 PM,CMIN,Ru,46.88,0,,0,46.88,0,0,
7/30/2026 12:00:00 PM,RTD,7/30/2026 12:05:00 PM,CLUZ,Ru,245.50,0,,0,245.50,0,0,
7/30/2026 12:00:00 PM,RTD,7/30/2026 12:05:00 PM,CVIS,Ru,47.65,0,,0,47.65,0,0,
7/30/2026 12:05:00 PM,RTD,7/30/2026 12:10:00 PM,CMIN,Dr,133,0,,0,133,0,0,
7/30/2026 12:05:00 PM,RTD,7/30/2026 12:10:00 PM,CLUZ,Dr,668,0,,0,668,0,0,
7/30/2026 12:05:00 PM,RTD,7/30/2026 12:10:00 PM,CVIS,Dr,93,0,,0,93,0,0,
7/30/2026 12:05:00 PM,RTD,7/30/2026 12:10:00 PM,CVIS,En,2250.92,0,0,23.17,2081.98,192.09,0,
7/30/2026 12:05:00 PM,RTD,7/30/2026 12:10:00 PM,CMIN,En,2364.43,0,0,61.68,2568.19,0,142.09,
7/30/2026 12:05:00 PM,RTD,7/30/2026 12:10:00 PM,CLUZ,En,10764.96,0,0,177.04,10991.87,0,50,
7/30/2026 12:05:00 PM,RTD,7/30/2026 12:10:00 PM,CMIN,Fr,133,0,,0,133,0,0,
7/30/2026 12:05:00 PM,RTD,7/30/2026 12:10:00 PM,CLUZ,Fr,668,0,,0,668,0,0,
7/30/2026 12:05:00 PM,RTD,7/30/2026 12:10:00 PM,CVIS,Fr,134,0,,0,134,0,0,
7/30/2026 12:05:00 PM,RTD,7/30/2026 12:10:00 PM,CLUZ,Rd,245.50,0,,0,245.50,0,0,
7/30/2026 12:05:00 PM,RTD,7/30/2026 12:10:00 PM,CVIS,Rd,47.65,0,,0,47.65,0,0,
7/30/2026 12:05:00 PM,RTD,7/30/2026 12:10:00 PM,CMIN,Rd,46.88,0,,0,46.88,0,0,
7/30/2026 12:05:00 PM,RTD,7/30/2026 12:10:00 PM,CLUZ,Ru,245.50,0,,0,245.50,0,0,
7/30/2026 12:05:00 PM,RTD,7/30/2026 12:10:00 PM,CVIS,Ru,47.65,0,,0,47.65,0,0,
7/30/2026 12:05:00 PM,RTD,7/30/2026 12:10:00 PM,CMIN,Ru,46.88,0,,0,46.88,0,0,
7/30/2026 12:10:00 PM,RTD,7/30/2026 12:15:00 PM,CLUZ,Dr,668,0,,0,668,0,0,
7/30/2026 12:10:00 PM,RTD,7/30/2026 12:15:00 PM,CMIN,Dr,133,0,,0,133,0,0,
7/30/2026 12:10:00 PM,RTD,7/30/2026 12:15:00 PM,CVIS,Dr,93,0,,0,93,0,0,
7/30/2026 12:10:00 PM,RTD,7/30/2026 12:15:00 PM,CLUZ,En,10762.56,0,0,177.92,10990.50,0,50,
7/30/2026 12:10:00 PM,RTD,7/30/2026 12:15:00 PM,CMIN,En,2365.45,0,0,58.97,2588.74,0,164.32,
7/30/2026 12:10:00 PM,RTD,7/30/2026 12:15:00 PM,CVIS,En,2256.48,0,0,23.40,2065.53,214.32,0,
7/30/2026 12:10:00 PM,RTD,7/30/2026 12:15:00 PM,CVIS,Fr,134,0,,0,134,0,0,
7/30/2026 12:10:00 PM,RTD,7/30/2026 12:15:00 PM,CLUZ,Fr,668,0,,0,668,0,0,
7/30/2026 12:10:00 PM,RTD,7/30/2026 12:15:00 PM,CMIN,Fr,133,0,,0,133,0,0,
7/30/2026 12:10:00 PM,RTD,7/30/2026 12:15:00 PM,CLUZ,Rd,245.50,0,,0,245.50,0,0,
7/30/2026 12:10:00 PM,RTD,7/30/2026 12:15:00 PM,CMIN,Rd,46.88,0,,0,46.88,0,0,
7/30/2026 12:10:00 PM,RTD,7/30/2026 12:15:00 PM,CVIS,Rd,47.65,0,,0,47.65,0,0,
7/30/2026 12:10:00 PM,RTD,7/30/2026 12:15:00 PM,CVIS,Ru,47.65,0,,0,47.65,0,0,
7/30/2026 12:10:00 PM,RTD,7/30/2026 12:15:00 PM,CMIN,Ru,46.88,0,,0,46.88,0,0,
7/30/2026 12:10:00 PM,RTD,7/30/2026 12:15:00 PM,CLUZ,Ru,245.50,0,,0,245.50,0,0,
7/30/2026 12:15:00 PM,RTD,7/30/2026 12:20:00 PM,CLUZ,Dr,668,0,,0,668,0,0,
7/30/2026 12:15:00 PM,RTD,7/30/2026 12:20:00 PM,CMIN,Dr,133,0,,0,133,0,0,
7/30/2026 12:15:00 PM,RTD,7/30/2026 12:20:00 PM,CVIS,Dr,93,0,,0,93,0,0,
7/30/2026 12:15:00 PM,RTD,7/30/2026 12:20:00 PM,CMIN,En,2366.41,0,0,61.16,2572.64,0,145.07,
7/30/2026 12:15:00 PM,RTD,7/30/2026 12:20:00 PM,CVIS,En,2234.86,0,0,22.99,2062.80,195.07,0,
7/30/2026 12:15:00 PM,RTD,7/30/2026 12:20:00 PM,CLUZ,En,10759.89,0,0,175.36,10985.36,0,50,
7/30/2026 12:15:00 PM,RTD,7/30/2026 12:20:00 PM,CLUZ,Fr,668,0,,0,668,0,0,
7/30/2026 12:15:00 PM,RTD,7/30/2026 12:20:00 PM,CVIS,Fr,134,0,,0,134,0,0,
7/30/2026 12:15:00 PM,RTD,7/30/2026 12:20:00 PM,CMIN,Fr,133,0,,0,133,0,0,
7/30/2026 12:15:00 PM,RTD,7/30/2026 12:20:00 PM,CLUZ,Rd,245.50,0,,0,245.50,0,0,
7/30/2026 12:15:00 PM,RTD,7/30/2026 12:20:00 PM,CMIN,Rd,46.88,0,,0,46.88,0,0,
7/30/2026 12:15:00 PM,RTD,7/30/2026 12:20:00 PM,CVIS,Rd,47.65,0,,0,47.65,0,0,
7/30/2026 12:15:00 PM,RTD,7/30/2026 12:20:00 PM,CMIN,Ru,46.88,0,,0,46.88,0,0,
7/30/2026 12:15:00 PM,RTD,7/30/2026 12:20:00 PM,CVIS,Ru,47.65,0,,0,47.65,0,0,
7/30/2026 12:15:00 PM,RTD,7/30/2026 12:20:00 PM,CLUZ,Ru,245.50,0,,0,245.50,0,0,
7/30/2026 12:20:00 PM,RTD,7/30/2026 12:25:00 PM,CLUZ,Dr,668,0,,0,668,0,0,
7/30/2026 12:20:00 PM,RTD,7/30/2026 12:25:00 PM,CMIN,Dr,133,0,,0,133,0,0,
7/30/2026 12:20:00 PM,RTD,7/30/2026 12:25:00 PM,CVIS,Dr,93,0,,0,93,0,0,
7/30/2026 12:20:00 PM,RTD,7/30/2026 12:25:00 PM,CLUZ,En,10753.51,0,0,173.61,10977.01,0,50,
7/30/2026 12:20:00 PM,RTD,7/30/2026 12:25:00 PM,CMIN,En,2371.59,0,0,62.39,2575.31,0,141.35,
7/30/2026 12:20:00 PM,RTD,7/30/2026 12:25:00 PM,CVIS,En,2234.45,0,0,23.15,2066.25,191.35,0,
7/30/2026 12:20:00 PM,RTD,7/30/2026 12:25:00 PM,CLUZ,Fr,668,0,,0,668,0,0,
7/30/2026 12:20:00 PM,RTD,7/30/2026 12:25:00 PM,CVIS,Fr,134,0,,0,134,0,0,
7/30/2026 12:20:00 PM,RTD,7/30/2026 12:25:00 PM,CMIN,Fr,133,0,,0,133,0,0,
7/30/2026 12:20:00 PM,RTD,7/30/2026 12:25:00 PM,CMIN,Rd,46.88,0,,0,46.88,0,0,
7/30/2026 12:20:00 PM,RTD,7/30/2026 12:25:00 PM,CLUZ,Rd,245.50,0,,0,245.50,0,0,
7/30/2026 12:20:00 PM,RTD,7/30/2026 12:25:00 PM,CVIS,Rd,47.65,0,,0,47.65,0,0,
7/30/2026 12:20:00 PM,RTD,7/30/2026 12:25:00 PM,CMIN,Ru,46.88,0,,0,46.88,0,0,
7/30/2026 12:20:00 PM,RTD,7/30/2026 12:25:00 PM,CLUZ,Ru,245.50,0,,0,245.50,0,0,
7/30/2026 12:20:00 PM,RTD,7/30/2026 12:25:00 PM,CVIS,Ru,47.65,0,,0,47.65,0,0,
7/30/2026 12:25:00 PM,RTD,7/30/2026 12:30:00 PM,CVIS,Dr,93,0,,0,93,0,0,
7/30/2026 12:25:00 PM,RTD,7/30/2026 12:30:00 PM,CMIN,Dr,133,0,,0,133,0,0,
7/30/2026 12:25:00 PM,RTD,7/30/2026 12:30:00 PM,CLUZ,Dr,668,0,,0,668,0,0,
7/30/2026 12:25:00 PM,RTD,7/30/2026 12:30:00 PM,CMIN,En,2373.83,0,0,59.28,2595.65,0,162.55,
7/30/2026 12:25:00 PM,RTD,7/30/2026 12:30:00 PM,CLUZ,En,10791.11,0,0,172.02,11013.05,0,50,
7/30/2026 12:25:00 PM,RTD,7/30/2026 12:30:00 PM,CVIS,En,2257.73,0,0,23.23,2068.40,212.55,0,
7/30/2026 12:25:00 PM,RTD,7/30/2026 12:30:00 PM,CMIN,Fr,133,0,,0,133,0,0,
7/30/2026 12:25:00 PM,RTD,7/30/2026 12:30:00 PM,CVIS,Fr,134,0,,0,134,0,0,
7/30/2026 12:25:00 PM,RTD,7/30/2026 12:30:00 PM,CLUZ,Fr,668,0,,0,668,0,0,
7/30/2026 12:25:00 PM,RTD,7/30/2026 12:30:00 PM,CMIN,Rd,46.88,0,,0,46.88,0,0,
7/30/2026 12:25:00 PM,RTD,7/30/2026 12:30:00 PM,CLUZ,Rd,245.50,0,,0,245.50,0,0,
7/30/2026 12:25:00 PM,RTD,7/30/2026 12:30:00 PM,CVIS,Rd,47.65,0,,0,47.65,0,0,
7/30/2026 12:25:00 PM,RTD,7/30/2026 12:30:00 PM,CVIS,Ru,47.65,0,,0,47.65,0,0,
7/30/2026 12:25:00 PM,RTD,7/30/2026 12:30:00 PM,CMIN,Ru,46.88,0,,0,46.88,0,0,
7/30/2026 12:25:00 PM,RTD,7/30/2026 12:30:00 PM,CLUZ,Ru,245.50,0,,0,245.50,0,0,
7/30/2026 12:30:00 PM,RTD,7/30/2026 12:35:00 PM,CVIS,Dr,93,0,,0,93,0,0,
7/30/2026 12:30:00 PM,RTD,7/30/2026 12:35:00 PM,CMIN,Dr,133,0,,0,133,0,0,
7/30/2026 12:30:00 PM,RTD,7/30/2026 12:35:00 PM,CLUZ,Dr,668,0,,0,668,0,0,
7/30/2026 12:30:00 PM,RTD,7/30/2026 12:35:00 PM,CMIN,En,2376.66,0,0,57.55,2602.95,0,168.74,
7/30/2026 12:30:00 PM,RTD,7/30/2026 12:35:00 PM,CLUZ,En,10853.88,0,0,171.14,11074.95,0,50,
7/30/2026 12:30:00 PM,RTD,7/30/2026 12:35:00 PM,CVIS,En,2265.83,0,0,23.18,2070.27,218.74,0,
7/30/2026 12:30:00 PM,RTD,7/30/2026 12:35:00 PM,CMIN,Fr,133,0,,0,133,0,0,
7/30/2026 12:30:00 PM,RTD,7/30/2026 12:35:00 PM,CVIS,Fr,134,0,,0,134,0,0,
7/30/2026 12:30:00 PM,RTD,7/30/2026 12:35:00 PM,CLUZ,Fr,668,0,,0,668,0,0,
7/30/2026 12:30:00 PM,RTD,7/30/2026 12:35:00 PM,CMIN,Rd,46.88,0,,0,46.88,0,0,
7/30/2026 12:30:00 PM,RTD,7/30/2026 12:35:00 PM,CLUZ,Rd,245.50,0,,0,245.50,0,0,
7/30/2026 12:30:00 PM,RTD,7/30/2026 12:35:00 PM,CVIS,Rd,47.65,0,,0,47.65,0,0,
7/30/2026 12:30:00 PM,RTD,7/30/2026 12:35:00 PM,CVIS,Ru,47.65,0,,0,47.65,0,0,
7/30/2026 12:30:00 PM,RTD,7/30/2026 12:35:00 PM,CMIN,Ru,46.88,0,,0,46.88,0,0,
7/30/2026 12:30:00 PM,RTD,7/30/2026 12:35:00 PM,CLUZ,Ru,245.50,0,,0,245.50,0,0,
7/30/2026 12:35:00 PM,RTD,7/30/2026 12:40:00 PM,CVIS,Dr,93,0,,0,93,0,0,
7/30/2026 12:35:00 PM,RTD,7/30/2026 12:40:00 PM,CMIN,Dr,133,0,,0,133,0,0,
7/30/2026 12:35:00 PM,RTD,7/30/2026 12:40:00 PM,CLUZ,Dr,668,0,,0,668,0,0,
7/30/2026 12:35:00 PM,RTD,7/30/2026 12:40:00 PM,CMIN,En,2383.13,0,0,56.95,2607.66,0,167.59,
7/30/2026 12:35:00 PM,RTD,7/30/2026 12:40:00 PM,CLUZ,En,10875.42,0,0,172.92,11098.30,0,50,
7/30/2026 12:35:00 PM,RTD,7/30/2026 12:40:00 PM,CVIS,En,2253.94,0,0,23.10,2059.42,217.59,0,
7/30/2026 12:35:00 PM,RTD,7/30/2026 12:40:00 PM,CMIN,Fr,133,0,,0,133,0,0,
7/30/2026 12:35:00 PM,RTD,7/30/2026 12:40:00 PM,CVIS,Fr,134,0,,0,134,0,0,
7/30/2026 12:35:00 PM,RTD,7/30/2026 12:40:00 PM,CLUZ,Fr,668,0,,0,668,0,0,
7/30/2026 12:35:00 PM,RTD,7/30/2026 12:40:00 PM,CMIN,Rd,46.88,0,,0,46.88,0,0,
7/30/2026 12:35:00 PM,RTD,7/30/2026 12:40:00 PM,CLUZ,Rd,245.50,0,,0,245.50,0,0,
7/30/2026 12:35:00 PM,RTD,7/30/2026 12:40:00 PM,CVIS,Rd,47.65,0,,0,47.65,0,0,
7/30/2026 12:35:00 PM,RTD,7/30/2026 12:40:00 PM,CVIS,Ru,47.65,0,,0,47.65,0,0,
7/30/2026 12:35:00 PM,RTD,7/30/2026 12:40:00 PM,CMIN,Ru,46.88,0,,0,46.88,0,0,
7/30/2026 12:35:00 PM,RTD,7/30/2026 12:40:00 PM,CLUZ,Ru,245.50,0,,0,245.50,0,0,
7/30/2026 12:40:00 PM,RTD,7/30/2026 12:45:00 PM,CVIS,Dr,93,0,,0,93,0,0,
7/30/2026 12:40:00 PM,RTD,7/30/2026 12:45:00 PM,CMIN,Dr,133,0,,0,133,0,0,
7/30/2026 12:40:00 PM,RTD,7/30/2026 12:45:00 PM,CLUZ,Dr,668,0,,0,668,0,0,
7/30/2026 12:40:00 PM,RTD,7/30/2026 12:45:00 PM,CMIN,En,2393.68,0,0,57.70,2605.60,0,154.24,
7/30/2026 12:40:00 PM,RTD,7/30/2026 12:45:00 PM,CLUZ,En,10904.02,0,0,173.76,11127.74,0,50,
7/30/2026 12:40:00 PM,RTD,7/30/2026 12:45:00 PM,CVIS,En,2245.54,0,0,23.13,2064.41,204.24,0,
7/30/2026 12:40:00 PM,RTD,7/30/2026 12:45:00 PM,CMIN,Fr,133,0,,0,133,0,0,
7/30/2026 12:40:00 PM,RTD,7/30/2026 12:45:00 PM,CVIS,Fr,134,0,,0,134,0,0,
7/30/2026 12:40:00 PM,RTD,7/30/2026 12:45:00 PM,CLUZ,Fr,668,0,,0,668,0,0,
7/30/2026 12:40:00 PM,RTD,7/30/2026 12:45:00 PM,CMIN,Rd,46.88,0,,0,46.88,0,0,
7/30/2026 12:40:00 PM,RTD,7/30/2026 12:45:00 PM,CLUZ,Rd,245.50,0,,0,245.50,0,0,
7/30/2026 12:40:00 PM,RTD,7/30/2026 12:45:00 PM,CVIS,Rd,47.65,0,,0,47.65,0,0,
7/30/2026 12:40:00 PM,RTD,7/30/2026 12:45:00 PM,CVIS,Ru,47.65,0,,0,47.65,0,0,
7/30/2026 12:40:00 PM,RTD,7/30/2026 12:45:00 PM,CMIN,Ru,46.88,0,,0,46.88,0,0,
7/30/2026 12:40:00 PM,RTD,7/30/2026 12:45:00 PM,CLUZ,Ru,245.50,0,,0,245.50,0,0,
7/30/2026 12:45:00 PM,RTD,7/30/2026 12:50:00 PM,CVIS,Dr,93,0,,0,93,0,0,
7/30/2026 12:45:00 PM,RTD,7/30/2026 12:50:00 PM,CMIN,Dr,133,0,,0,133,0,0,
7/30/2026 12:45:00 PM,RTD,7/30/2026 12:50:00 PM,CLUZ,Dr,668,0,,0,668,0,0,
7/30/2026 12:45:00 PM,RTD,7/30/2026 12:50:00 PM,CMIN,En,2398.96,0,0,58.58,2620.44,0,162.90,
7/30/2026 12:45:00 PM,RTD,7/30/2026 12:50:00 PM,CLUZ,En,10914.74,0,0,174.20,11139.02,0,50,
7/30/2026 12:45:00 PM,RTD,7/30/2026 12:50:00 PM,CVIS,En,2262.48,0,0,22.97,2072.61,212.90,0,
7/30/2026 12:45:00 PM,RTD,7/30/2026 12:50:00 PM,CMIN,Fr,133,0,,0,133,0,0,
7/30/2026 12:45:00 PM,RTD,7/30/2026 12:50:00 PM,CVIS,Fr,134,0,,0,134,0,0,
7/30/2026 12:45:00 PM,RTD,7/30/2026 12:50:00 PM,CLUZ,Fr,668,0,,0,668,0,0,
7/30/2026 12:45:00 PM,RTD,7/30/2026 12:50:00 PM,CMIN,Rd,46.88,0,,0,46.88,0,0,
7/30/2026 12:45:00 PM,RTD,7/30/2026 12:50:00 PM,CLUZ,Rd,245.50,0,,0,245.50,0,0,
7/30/2026 12:45:00 PM,RTD,7/30/2026 12:50:00 PM,CVIS,Rd,47.65,0,,0,47.65,0,0,
7/30/2026 12:45:00 PM,RTD,7/30/2026 12:50:00 PM,CVIS,Ru,47.65,0,,0,47.65,0,0,
7/30/2026 12:45:00 PM,RTD,7/30/2026 12:50:00 PM,CMIN,Ru,46.88,0,,0,46.88,0,0,
7/30/2026 12:45:00 PM,RTD,7/30/2026 12:50:00 PM,CLUZ,Ru,245.50,0,,0,245.50,0,0,
7/30/2026 12:50:00 PM,RTD,7/30/2026 12:55:00 PM,CVIS,Dr,93,0,,0,93,0,0,
7/30/2026 12:50:00 PM,RTD,7/30/2026 12:55:00 PM,CMIN,Dr,133,0,,0,133,0,0,
7/30/2026 12:50:00 PM,RTD,7/30/2026 12:55:00 PM,CLUZ,Dr,668,0,,0,668,0,0,
7/30/2026 12:50:00 PM,RTD,7/30/2026 12:55:00 PM,CMIN,En,2398.42,0,0,58.08,2632.31,0,175.83,
7/30/2026 12:50:00 PM,RTD,7/30/2026 12:55:00 PM,CLUZ,En,10948.42,0,0,176.24,11174.63,0,50,
7/30/2026 12:50:00 PM,RTD,7/30/2026 12:55:00 PM,CVIS,En,2258.93,0,0,22.07,2055.15,225.83,0,
7/30/2026 12:50:00 PM,RTD,7/30/2026 12:55:00 PM,CMIN,Fr,133,0,,0,133,0,0,
7/30/2026 12:50:00 PM,RTD,7/30/2026 12:55:00 PM,CVIS,Fr,134,0,,0,134,0,0,
7/30/2026 12:50:00 PM,RTD,7/30/2026 12:55:00 PM,CLUZ,Fr,668,0,,0,668,0,0,
7/30/2026 12:50:00 PM,RTD,7/30/2026 12:55:00 PM,CMIN,Rd,46.88,0,,0,46.88,0,0,
7/30/2026 12:50:00 PM,RTD,7/30/2026 12:55:00 PM,CLUZ,Rd,245.50,0,,0,245.50,0,0,
7/30/2026 12:50:00 PM,RTD,7/30/2026 12:55:00 PM,CVIS,Rd,47.65,0,,0,47.65,0,0,
7/30/2026 12:50:00 PM,RTD,7/30/2026 12:55:00 PM,CVIS,Ru,47.65,0,,0,47.65,0,0,
7/30/2026 12:50:00 PM,RTD,7/30/2026 12:55:00 PM,CMIN,Ru,46.88,0,,0,46.88,0,0,
7/30/2026 12:50:00 PM,RTD,7/30/2026 12:55:00 PM,CLUZ,Ru,245.50,0,,0,245.50,0,0,
7/30/2026 12:55:00 PM,RTD,7/30/2026 1:00:00 PM,CVIS,Dr,93,0,,0,93,0,0,
7/30/2026 12:55:00 PM,RTD,7/30/2026 1:00:00 PM,CMIN,Dr,133,0,,0,133,0,0,
7/30/2026 12:55:00 PM,RTD,7/30/2026 1:00:00 PM,CLUZ,Dr,668,0,,0,668,0,0,
7/30/2026 12:55:00 PM,RTD,7/30/2026 1:00:00 PM,CMIN,En,2405.94,0,0,58.16,2641.31,0,177.19,
7/30/2026 12:55:00 PM,RTD,7/30/2026 1:00:00 PM,CLUZ,En,10848.49,0,0,172.73,11071.19,0,50,
7/30/2026 12:55:00 PM,RTD,7/30/2026 1:00:00 PM,CVIS,En,2261.81,0,0,22.09,2056.66,227.19,0,
7/30/2026 12:55:00 PM,RTD,7/30/2026 1:00:00 PM,CMIN,Fr,133,0,,0,133,0,0,
7/30/2026 12:55:00 PM,RTD,7/30/2026 1:00:00 PM,CVIS,Fr,134,0,,0,134,0,0,
7/30/2026 12:55:00 PM,RTD,7/30/2026 1:00:00 PM,CLUZ,Fr,668,0,,0,668,0,0,
7/30/2026 12:55:00 PM,RTD,7/30/2026 1:00:00 PM,CMIN,Rd,46.88,0,,0,46.88,0,0,
7/30/2026 12:55:00 PM,RTD,7/30/2026 1:00:00 PM,CLUZ,Rd,245.50,0,,0,245.50,0,0,
7/30/2026 12:55:00 PM,RTD,7/30/2026 1:00:00 PM,CVIS,Rd,47.65,0,,0,47.65,0,0,
7/30/2026 12:55:00 PM,RTD,7/30/2026 1:00:00 PM,CVIS,Ru,47.65,0,,0,47.65,0,0,
7/30/2026 12:55:00 PM,RTD,7/30/2026 1:00:00 PM,CMIN,Ru,46.88,0,,0,46.88,0,0,
7/30/2026 12:55:00 PM,RTD,7/30/2026 1:00:00 PM,CLUZ,Ru,245.50,0,,0,245.50,0,0,
7/30/2026 1:00:00 PM,RTD,7/30/2026 1:05:00 PM,CVIS,Dr,93,0,,0,93,0,0,
7/30/2026 1:00:00 PM,RTD,7/30/2026 1:05:00 PM,CLUZ,Dr,668,0,,0,668,0,0,
7/30/2026 1:00:00 PM,RTD,7/30/2026 1:05:00 PM,CMIN,Dr,138,0,,0,138,0,0,
7/30/2026 1:00:00 PM,RTD,7/30/2026 1:05:00 PM,CMIN,En,2426.01,0,0,58.01,2671.63,0,187.63,
7/30/2026 1:00:00 PM,RTD,7/30/2026 1:05:00 PM,CVIS,En,2290.52,0,0,22.24,2075.15,237.63,0,
7/30/2026 1:00:00 PM,RTD,7/30/2026 1:05:00 PM,CLUZ,En,10941.44,0,0,176.64,11167.96,0,50,
7/30/2026 1:00:00 PM,RTD,7/30/2026 1:05:00 PM,CMIN,Fr,138,0,,0,138,0,0,
7/30/2026 1:00:00 PM,RTD,7/30/2026 1:05:00 PM,CLUZ,Fr,668,0,,0,668,0,0,
7/30/2026 1:00:00 PM,RTD,7/30/2026 1:05:00 PM,CVIS,Fr,134,0,,0,134,0,0,
7/30/2026 1:00:00 PM,RTD,7/30/2026 1:05:00 PM,CMIN,Rd,48.72,0,,0,48.72,0,0,
7/30/2026 1:00:00 PM,RTD,7/30/2026 1:05:00 PM,CLUZ,Rd,254.50,0,,0,254.50,0,0,
7/30/2026 1:00:00 PM,RTD,7/30/2026 1:05:00 PM,CVIS,Rd,48.90,0,,0,48.90,0,0,
7/30/2026 1:00:00 PM,RTD,7/30/2026 1:05:00 PM,CVIS,Ru,48.90,0,,0,48.90,0,0,
7/30/2026 1:00:00 PM,RTD,7/30/2026 1:05:00 PM,CLUZ,Ru,254.50,0,,0,254.50,0,0,
7/30/2026 1:00:00 PM,RTD,7/30/2026 1:05:00 PM,CMIN,Ru,48.72,0,,0,48.72,0,0,
7/30/2026 1:05:00 PM,RTD,7/30/2026 1:10:00 PM,CMIN,Dr,138,0,,0,138,0,0,
7/30/2026 1:05:00 PM,RTD,7/30/2026 1:10:00 PM,CVIS,Dr,93,0,,0,93,0,0,
7/30/2026 1:05:00 PM,RTD,7/30/2026 1:10:00 PM,CLUZ,Dr,668,0,,0,668,0,0,
7/30/2026 1:05:00 PM,RTD,7/30/2026 1:10:00 PM,CMIN,En,2427,0,0,57.84,2682.74,0,197.90,
7/30/2026 1:05:00 PM,RTD,7/30/2026 1:10:00 PM,CLUZ,En,11055.09,0,0,176.27,11281.62,0,50,
7/30/2026 1:05:00 PM,RTD,7/30/2026 1:10:00 PM,CVIS,En,2305.82,0,0,22.13,2080.05,247.90,0,
7/30/2026 1:05:00 PM,RTD,7/30/2026 1:10:00 PM,CVIS,Fr,134,0,,0,134,0,0,
7/30/2026 1:05:00 PM,RTD,7/30/2026 1:10:00 PM,CMIN,Fr,138,0,,0,138,0,0,
7/30/2026 1:05:00 PM,RTD,7/30/2026 1:10:00 PM,CLUZ,Fr,668,0,,0,668,0,0,
7/30/2026 1:05:00 PM,RTD,7/30/2026 1:10:00 PM,CLUZ,Rd,254.50,0,,0,254.50,0,0,
7/30/2026 1:05:00 PM,RTD,7/30/2026 1:10:00 PM,CVIS,Rd,48.90,0,,0,48.90,0,0,
7/30/2026 1:05:00 PM,RTD,7/30/2026 1:10:00 PM,CMIN,Rd,48.72,0,,0,48.72,0,0,
7/30/2026 1:05:00 PM,RTD,7/30/2026 1:10:00 PM,CVIS,Ru,48.90,0,,0,48.90,0,0,
7/30/2026 1:05:00 PM,RTD,7/30/2026 1:10:00 PM,CLUZ,Ru,254.50,0,,0,254.50,0,0,
7/30/2026 1:05:00 PM,RTD,7/30/2026 1:10:00 PM,CMIN,Ru,48.72,0,,0,48.72,0,0,
7/30/2026 1:10:00 PM,RTD,7/30/2026 1:15:00 PM,CLUZ,Dr,668,0,,0,668,0,0,
7/30/2026 1:10:00 PM,RTD,7/30/2026 1:15:00 PM,CVIS,Dr,93,0,,0,93,0,0,
7/30/2026 1:10:00 PM,RTD,7/30/2026 1:15:00 PM,CMIN,Dr,138,0,,0,138,0,0,
7/30/2026 1:10:00 PM,RTD,7/30/2026 1:15:00 PM,CMIN,En,2445.38,0,0,58.23,2711.54,0,207.93,
7/30/2026 1:10:00 PM,RTD,7/30/2026 1:15:00 PM,CVIS,En,2328.52,0,0,22.37,2092.98,257.93,0,
7/30/2026 1:10:00 PM,RTD,7/30/2026 1:15:00 PM,CLUZ,En,11138.26,0,0,177.63,11366.02,0,50,
7/30/2026 1:10:00 PM,RTD,7/30/2026 1:15:00 PM,CMIN,Fr,138,0,,0,138,0,0,
7/30/2026 1:10:00 PM,RTD,7/30/2026 1:15:00 PM,CVIS,Fr,134,0,,0,134,0,0,
7/30/2026 1:10:00 PM,RTD,7/30/2026 1:15:00 PM,CLUZ,Fr,668,0,,0,668,0,0,
7/30/2026 1:10:00 PM,RTD,7/30/2026 1:15:00 PM,CVIS,Rd,48.90,0,,0,48.90,0,0,
7/30/2026 1:10:00 PM,RTD,7/30/2026 1:15:00 PM,CLUZ,Rd,254.50,0,,0,254.50,0,0,
7/30/2026 1:10:00 PM,RTD,7/30/2026 1:15:00 PM,CMIN,Rd,48.72,0,,0,48.72,0,0,
7/30/2026 1:10:00 PM,RTD,7/30/2026 1:15:00 PM,CVIS,Ru,48.90,0,,0,48.90,0,0,
7/30/2026 1:10:00 PM,RTD,7/30/2026 1:15:00 PM,CMIN,Ru,48.72,0,,0,48.72,0,0,
7/30/2026 1:10:00 PM,RTD,7/30/2026 1:15:00 PM,CLUZ,Ru,254.50,0,,0,254.50,0,0,
7/30/2026 1:15:00 PM,RTD,7/30/2026 1:20:00 PM,CVIS,Dr,93,0,,0,93,0,0,
7/30/2026 1:15:00 PM,RTD,7/30/2026 1:20:00 PM,CMIN,Dr,138,0,,0,138,0,0,
7/30/2026 1:15:00 PM,RTD,7/30/2026 1:20:00 PM,CLUZ,Dr,668,0,,0,668,0,0,
7/30/2026 1:15:00 PM,RTD,7/30/2026 1:20:00 PM,CMIN,En,2448.50,0,0,58.16,2723.04,0,216.39,
7/30/2026 1:15:00 PM,RTD,7/30/2026 1:20:00 PM,CLUZ,En,11192.64,0,0,181.39,11424.06,0,50,
7/30/2026 1:15:00 PM,RTD,7/30/2026 1:20:00 PM,CVIS,En,2341.10,0,0,21.86,2096.57,266.39,0,
7/30/2026 1:15:00 PM,RTD,7/30/2026 1:20:00 PM,CMIN,Fr,138,0,,0,138,0,0,
7/30/2026 1:15:00 PM,RTD,7/30/2026 1:20:00 PM,CVIS,Fr,134,0,,0,134,0,0,
7/30/2026 1:15:00 PM,RTD,7/30/2026 1:20:00 PM,CLUZ,Fr,668,0,,0,668,0,0,
7/30/2026 1:15:00 PM,RTD,7/30/2026 1:20:00 PM,CMIN,Rd,48.72,0,,0,48.72,0,0,
7/30/2026 1:15:00 PM,RTD,7/30/2026 1:20:00 PM,CLUZ,Rd,254.50,0,,0,254.50,0,0,
7/30/2026 1:15:00 PM,RTD,7/30/2026 1:20:00 PM,CVIS,Rd,48.90,0,,0,48.90,0,0,
7/30/2026 1:15:00 PM,RTD,7/30/2026 1:20:00 PM,CVIS,Ru,48.90,0,,0,48.90,0,0,
7/30/2026 1:15:00 PM,RTD,7/30/2026 1:20:00 PM,CMIN,Ru,48.72,0,,0,48.72,0,0,
7/30/2026 1:15:00 PM,RTD,7/30/2026 1:20:00 PM,CLUZ,Ru,254.50,0,,0,254.50,0,0,
7/30/2026 1:20:00 PM,RTD,7/30/2026 1:25:00 PM,CVIS,Dr,93,0,,0,93,0,0,
7/30/2026 1:20:00 PM,RTD,7/30/2026 1:25:00 PM,CMIN,Dr,138,0,,0,138,0,0,
7/30/2026 1:20:00 PM,RTD,7/30/2026 1:25:00 PM,CLUZ,Dr,668,0,,0,668,0,0,
7/30/2026 1:20:00 PM,RTD,7/30/2026 1:25:00 PM,CMIN,En,2456.80,0,0,58.45,2726.82,0,211.58,
7/30/2026 1:20:00 PM,RTD,7/30/2026 1:25:00 PM,CLUZ,En,11222.96,0,0,183.23,11456.02,0,50,
7/30/2026 1:20:00 PM,RTD,7/30/2026 1:25:00 PM,CVIS,En,2348.19,0,0,22.48,2109.09,261.58,0,
7/30/2026 1:20:00 PM,RTD,7/30/2026 1:25:00 PM,CMIN,Fr,138,0,,0,138,0,0,
7/30/2026 1:20:00 PM,RTD,7/30/2026 1:25:00 PM,CVIS,Fr,134,0,,0,134,0,0,
7/30/2026 1:20:00 PM,RTD,7/30/2026 1:25:00 PM,CLUZ,Fr,668,0,,0,668,0,0,
7/30/2026 1:20:00 PM,RTD,7/30/2026 1:25:00 PM,CMIN,Rd,48.72,0,,0,48.72,0,0,
7/30/2026 1:20:00 PM,RTD,7/30/2026 1:25:00 PM,CLUZ,Rd,254.50,0,,0,254.50,0,0,
7/30/2026 1:20:00 PM,RTD,7/30/2026 1:25:00 PM,CVIS,Rd,48.90,0,,0,48.90,0,0,
7/30/2026 1:20:00 PM,RTD,7/30/2026 1:25:00 PM,CVIS,Ru,48.90,0,,0,48.90,0,0,
7/30/2026 1:20:00 PM,RTD,7/30/2026 1:25:00 PM,CMIN,Ru,48.72,0,,0,48.72,0,0,
7/30/2026 1:20:00 PM,RTD,7/30/2026 1:25:00 PM,CLUZ,Ru,254.50,0,,0,254.50,0,0,
7/30/2026 1:25:00 PM,RTD,7/30/2026 1:30:00 PM,CVIS,Dr,93,0,,0,93,0,0,
7/30/2026 1:25:00 PM,RTD,7/30/2026 1:30:00 PM,CMIN,Dr,138,0,,0,138,0,0,
7/30/2026 1:25:00 PM,RTD,7/30/2026 1:30:00 PM,CLUZ,Dr,668,0,,0,668,0,0,
7/30/2026 1:25:00 PM,RTD,7/30/2026 1:30:00 PM,CMIN,En,2461.24,0,0,57.09,2735.58,0,217.22,
7/30/2026 1:25:00 PM,RTD,7/30/2026 1:30:00 PM,CLUZ,En,11252.95,0,0,185.67,11488.48,0,50,
7/30/2026 1:25:00 PM,RTD,7/30/2026 1:30:00 PM,CVIS,En,2356.76,0,0,23.12,2112.64,267.22,0,
7/30/2026 1:25:00 PM,RTD,7/30/2026 1:30:00 PM,CMIN,Fr,138,0,,0,138,0,0,
7/30/2026 1:25:00 PM,RTD,7/30/2026 1:30:00 PM,CVIS,Fr,134,0,,0,134,0,0,
7/30/2026 1:25:00 PM,RTD,7/30/2026 1:30:00 PM,CLUZ,Fr,668,0,,0,668,0,0,
7/30/2026 1:25:00 PM,RTD,7/30/2026 1:30:00 PM,CMIN,Rd,48.72,0,,0,48.72,0,0,
7/30/2026 1:25:00 PM,RTD,7/30/2026 1:30:00 PM,CLUZ,Rd,254.50,0,,0,254.50,0,0,
7/30/2026 1:25:00 PM,RTD,7/30/2026 1:30:00 PM,CVIS,Rd,48.90,0,,0,48.90,0,0,
7/30/2026 1:25:00 PM,RTD,7/30/2026 1:30:00 PM,CVIS,Ru,48.90,0,,0,48.90,0,0,
7/30/2026 1:25:00 PM,RTD,7/30/2026 1:30:00 PM,CMIN,Ru,48.72,0,,0,48.72,0,0,
7/30/2026 1:25:00 PM,RTD,7/30/2026 1:30:00 PM,CLUZ,Ru,254.50,0,,0,254.50,0,0,
7/30/2026 1:30:00 PM,RTD,7/30/2026 1:35:00 PM,CVIS,Dr,93,0,,0,93,0,0,
7/30/2026 1:30:00 PM,RTD,7/30/2026 1:35:00 PM,CMIN,Dr,138,0,,0,138,0,0,
7/30/2026 1:30:00 PM,RTD,7/30/2026 1:35:00 PM,CLUZ,Dr,668,0,,0,668,0,0,
7/30/2026 1:30:00 PM,RTD,7/30/2026 1:35:00 PM,CMIN,En,2477.14,0,0,58.47,2754.84,0,219.24,
7/30/2026 1:30:00 PM,RTD,7/30/2026 1:35:00 PM,CLUZ,En,11303.15,0,0,187.51,11540.65,0,50,
7/30/2026 1:30:00 PM,RTD,7/30/2026 1:35:00 PM,CVIS,En,2361.42,0,0,22.86,2115.05,269.24,0,
7/30/2026 1:30:00 PM,RTD,7/30/2026 1:35:00 PM,CMIN,Fr,138,0,,0,138,0,0,
7/30/2026 1:30:00 PM,RTD,7/30/2026 1:35:00 PM,CVIS,Fr,134,0,,0,134,0,0,
7/30/2026 1:30:00 PM,RTD,7/30/2026 1:35:00 PM,CLUZ,Fr,668,0,,0,668,0,0,
7/30/2026 1:30:00 PM,RTD,7/30/2026 1:35:00 PM,CMIN,Rd,48.72,0,,0,48.72,0,0,
7/30/2026 1:30:00 PM,RTD,7/30/2026 1:35:00 PM,CLUZ,Rd,254.50,0,,0,254.50,0,0,
7/30/2026 1:30:00 PM,RTD,7/30/2026 1:35:00 PM,CVIS,Rd,48.90,0,,0,48.90,0,0,
7/30/2026 1:30:00 PM,RTD,7/30/2026 1:35:00 PM,CVIS,Ru,48.90,0,,0,48.90,0,0,
7/30/2026 1:30:00 PM,RTD,7/30/2026 1:35:00 PM,CMIN,Ru,48.72,0,,0,48.72,0,0,
7/30/2026 1:30:00 PM,RTD,7/30/2026 1:35:00 PM,CLUZ,Ru,254.50,0,,0,254.50,0,0,
7/30/2026 1:35:00 PM,RTD,7/30/2026 1:40:00 PM,CMIN,Dr,138,0,,0,138,0,0,
7/30/2026 1:35:00 PM,RTD,7/30/2026 1:40:00 PM,CLUZ,Dr,668,0,,0,668,0,0,
7/30/2026 1:35:00 PM,RTD,7/30/2026 1:40:00 PM,CVIS,Dr,93,0,,0,93,0,0,
7/30/2026 1:35:00 PM,RTD,7/30/2026 1:40:00 PM,CVIS,En,2354,0,0,22.49,2107.31,269.17,0,
7/30/2026 1:35:00 PM,RTD,7/30/2026 1:40:00 PM,CMIN,En,2483.34,0,0,58.37,2760.85,0,219.17,
7/30/2026 1:35:00 PM,RTD,7/30/2026 1:40:00 PM,CLUZ,En,11380.26,0,0,188.36,11618.62,0,50,
7/30/2026 1:35:00 PM,RTD,7/30/2026 1:40:00 PM,CLUZ,Fr,668,0,,0,668,0,0,
7/30/2026 1:35:00 PM,RTD,7/30/2026 1:40:00 PM,CVIS,Fr,134,0,,0,134,0,0,
7/30/2026 1:35:00 PM,RTD,7/30/2026 1:40:00 PM,CMIN,Fr,138,0,,0,138,0,0,
7/30/2026 1:35:00 PM,RTD,7/30/2026 1:40:00 PM,CVIS,Rd,48.90,0,,0,48.90,0,0,
7/30/2026 1:35:00 PM,RTD,7/30/2026 1:40:00 PM,CMIN,Rd,48.72,0,,0,48.72,0,0,
7/30/2026 1:35:00 PM,RTD,7/30/2026 1:40:00 PM,CLUZ,Rd,254.50,0,,0,254.50,0,0,
7/30/2026 1:35:00 PM,RTD,7/30/2026 1:40:00 PM,CVIS,Ru,48.90,0,,0,48.90,0,0,
7/30/2026 1:35:00 PM,RTD,7/30/2026 1:40:00 PM,CMIN,Ru,48.72,0,,0,48.72,0,0,
7/30/2026 1:35:00 PM,RTD,7/30/2026 1:40:00 PM,CLUZ,Ru,254.50,0,,0,254.50,0,0,
7/30/2026 1:40:00 PM,RTD,7/30/2026 1:45:00 PM,CVIS,Dr,93,0,,0,93,0,0,
7/30/2026 1:40:00 PM,RTD,7/30/2026 1:45:00 PM,CMIN,Dr,138,0,,0,138,0,0,
7/30/2026 1:40:00 PM,RTD,7/30/2026 1:45:00 PM,CLUZ,Dr,668,0,,0,668,0,0,
7/30/2026 1:40:00 PM,RTD,7/30/2026 1:45:00 PM,CMIN,En,2479.93,0,0,58.42,2759.88,0,221.50,
7/30/2026 1:40:00 PM,RTD,7/30/2026 1:45:00 PM,CLUZ,En,11394.47,0,0,189.52,11633.80,0,50,
7/30/2026 1:40:00 PM,RTD,7/30/2026 1:45:00 PM,CVIS,En,2359.20,0,0,22.10,2109.80,271.50,0,
7/30/2026 1:40:00 PM,RTD,7/30/2026 1:45:00 PM,CMIN,Fr,138,0,,0,138,0,0,
7/30/2026 1:40:00 PM,RTD,7/30/2026 1:45:00 PM,CVIS,Fr,134,0,,0,134,0,0,
7/30/2026 1:40:00 PM,RTD,7/30/2026 1:45:00 PM,CLUZ,Fr,668,0,,0,668,0,0,
7/30/2026 1:40:00 PM,RTD,7/30/2026 1:45:00 PM,CMIN,Rd,48.72,0,,0,48.72,0,0,
7/30/2026 1:40:00 PM,RTD,7/30/2026 1:45:00 PM,CLUZ,Rd,254.50,0,,0,254.50,0,0,
7/30/2026 1:40:00 PM,RTD,7/30/2026 1:45:00 PM,CVIS,Rd,48.90,0,,0,48.90,0,0,
7/30/2026 1:40:00 PM,RTD,7/30/2026 1:45:00 PM,CVIS,Ru,48.90,0,,0,48.90,0,0,
7/30/2026 1:40:00 PM,RTD,7/30/2026 1:45:00 PM,CMIN,Ru,48.72,0,,0,48.72,0,0,
7/30/2026 1:40:00 PM,RTD,7/30/2026 1:45:00 PM,CLUZ,Ru,254.50,0,,0,254.50,0,0,
7/30/2026 1:45:00 PM,RTD,7/30/2026 1:50:00 PM,CVIS,Dr,93,0,,0,93,0,0,
7/30/2026 1:45:00 PM,RTD,7/30/2026 1:50:00 PM,CMIN,Dr,138,0,,0,138,0,0,
7/30/2026 1:45:00 PM,RTD,7/30/2026 1:50:00 PM,CLUZ,Dr,668,0,,0,668,0,0,
7/30/2026 1:45:00 PM,RTD,7/30/2026 1:50:00 PM,CMIN,En,2477.29,0,0,57.02,2769.55,0,235.25,
7/30/2026 1:45:00 PM,RTD,7/30/2026 1:50:00 PM,CLUZ,En,11419.24,0,0,191.70,11660.89,0,50,
7/30/2026 1:45:00 PM,RTD,7/30/2026 1:50:00 PM,CVIS,En,2393.02,0,0,22.14,2129.90,285.25,0,
7/30/2026 1:45:00 PM,RTD,7/30/2026 1:50:00 PM,CMIN,Fr,138,0,,0,138,0,0,
7/30/2026 1:45:00 PM,RTD,7/30/2026 1:50:00 PM,CVIS,Fr,134,0,,0,134,0,0,
7/30/2026 1:45:00 PM,RTD,7/30/2026 1:50:00 PM,CLUZ,Fr,668,0,,0,668,0,0,
7/30/2026 1:45:00 PM,RTD,7/30/2026 1:50:00 PM,CMIN,Rd,48.72,0,,0,48.72,0,0,
7/30/2026 1:45:00 PM,RTD,7/30/2026 1:50:00 PM,CLUZ,Rd,254.50,0,,0,254.50,0,0,
7/30/2026 1:45:00 PM,RTD,7/30/2026 1:50:00 PM,CVIS,Rd,48.90,0,,0,48.90,0,0,
7/30/2026 1:45:00 PM,RTD,7/30/2026 1:50:00 PM,CVIS,Ru,48.90,0,,0,48.90,0,0,
7/30/2026 1:45:00 PM,RTD,7/30/2026 1:50:00 PM,CMIN,Ru,48.72,0,,0,48.72,0,0,
7/30/2026 1:45:00 PM,RTD,7/30/2026 1:50:00 PM,CLUZ,Ru,254.50,0,,0,254.50,0,0,
7/30/2026 1:50:00 PM,RTD,7/30/2026 1:55:00 PM,CVIS,Dr,93,0,,0,93,0,0,
7/30/2026 1:50:00 PM,RTD,7/30/2026 1:55:00 PM,CMIN,Dr,138,0,,0,138,0,0,
7/30/2026 1:50:00 PM,RTD,7/30/2026 1:55:00 PM,CLUZ,Dr,668,0,,0,668,0,0,
7/30/2026 1:50:00 PM,RTD,7/30/2026 1:55:00 PM,CMIN,En,2475.25,0,0,56.48,2774.35,0,242.60,
7/30/2026 1:50:00 PM,RTD,7/30/2026 1:55:00 PM,CLUZ,En,11445.67,0,0,191.60,11687.23,0,50,
7/30/2026 1:50:00 PM,RTD,7/30/2026 1:55:00 PM,CVIS,En,2387.21,0,0,22.10,2116.70,292.60,0,
7/30/2026 1:50:00 PM,RTD,7/30/2026 1:55:00 PM,CMIN,Fr,138,0,,0,138,0,0,
7/30/2026 1:50:00 PM,RTD,7/30/2026 1:55:00 PM,CVIS,Fr,134,0,,0,134,0,0,
7/30/2026 1:50:00 PM,RTD,7/30/2026 1:55:00 PM,CLUZ,Fr,668,0,,0,668,0,0,
7/30/2026 1:50:00 PM,RTD,7/30/2026 1:55:00 PM,CMIN,Rd,48.72,0,,0,48.72,0,0,
7/30/2026 1:50:00 PM,RTD,7/30/2026 1:55:00 PM,CLUZ,Rd,254.50,0,,0,254.50,0,0,
7/30/2026 1:50:00 PM,RTD,7/30/2026 1:55:00 PM,CVIS,Rd,48.90,0,,0,48.90,0,0,
7/30/2026 1:50:00 PM,RTD,7/30/2026 1:55:00 PM,CVIS,Ru,48.90,0,,0,48.90,0,0,
7/30/2026 1:50:00 PM,RTD,7/30/2026 1:55:00 PM,CMIN,Ru,48.72,0,,0,48.72,0,0,
7/30/2026 1:50:00 PM,RTD,7/30/2026 1:55:00 PM,CLUZ,Ru,254.50,0,,0,254.50,0,0,
7/30/2026 1:55:00 PM,RTD,7/30/2026 2:00:00 PM,CVIS,Dr,93,0,,0,93,0,0,
7/30/2026 1:55:00 PM,RTD,7/30/2026 2:00:00 PM,CMIN,Dr,138,0,,0,138,0,0,
7/30/2026 1:55:00 PM,RTD,7/30/2026 2:00:00 PM,CLUZ,Dr,668,0,,0,668,0,0,
7/30/2026 1:55:00 PM,RTD,7/30/2026 2:00:00 PM,CMIN,En,2480.04,0,0,56.64,2780.55,0,243.85,
7/30/2026 1:55:00 PM,RTD,7/30/2026 2:00:00 PM,CLUZ,En,11453.45,0,0,191.06,11694.46,0,50,
7/30/2026 1:55:00 PM,RTD,7/30/2026 2:00:00 PM,CVIS,En,2388.72,0,0,22.20,2117.07,293.85,0,
7/30/2026 1:55:00 PM,RTD,7/30/2026 2:00:00 PM,CMIN,Fr,138,0,,0,138,0,0,
7/30/2026 1:55:00 PM,RTD,7/30/2026 2:00:00 PM,CVIS,Fr,134,0,,0,134,0,0,
7/30/2026 1:55:00 PM,RTD,7/30/2026 2:00:00 PM,CLUZ,Fr,668,0,,0,668,0,0,
7/30/2026 1:55:00 PM,RTD,7/30/2026 2:00:00 PM,CMIN,Rd,48.72,0,,0,48.72,0,0,
7/30/2026 1:55:00 PM,RTD,7/30/2026 2:00:00 PM,CLUZ,Rd,254.50,0,,0,254.50,0,0,
7/30/2026 1:55:00 PM,RTD,7/30/2026 2:00:00 PM,CVIS,Rd,48.90,0,,0,48.90,0,0,
7/30/2026 1:55:00 PM,RTD,7/30/2026 2:00:00 PM,CVIS,Ru,48.90,0,,0,48.90,0,0,
7/30/2026 1:55:00 PM,RTD,7/30/2026 2:00:00 PM,CMIN,Ru,48.72,0,,0,48.72,0,0,
7/30/2026 1:55:00 PM,RTD,7/30/2026 2:00:00 PM,CLUZ,Ru,254.50,0,,0,254.50,0,0,
7/30/2026 2:00:00 PM,RTD,7/30/2026 2:05:00 PM,CVIS,Dr,93,0,,0,93,0,0,
7/30/2026 2:00:00 PM,RTD,7/30/2026 2:05:00 PM,CMIN,Dr,138,0,,0,138,0,0,
7/30/2026 2:00:00 PM,RTD,7/30/2026 2:05:00 PM,CLUZ,Dr,668,0,,0,668,0,0,
7/30/2026 2:00:00 PM,RTD,7/30/2026 2:05:00 PM,CMIN,En,2481.95,0,0,56.49,2781.05,0,242.63,
7/30/2026 2:00:00 PM,RTD,7/30/2026 2:05:00 PM,CLUZ,En,11457.54,0,0,188.06,11695.68,0,50,
7/30/2026 2:00:00 PM,RTD,7/30/2026 2:05:00 PM,CVIS,En,2389.22,0,0,21.31,2117.90,292.63,0,
7/30/2026 2:00:00 PM,RTD,7/30/2026 2:05:00 PM,CMIN,Fr,138,0,,0,138,0,0,
7/30/2026 2:00:00 PM,RTD,7/30/2026 2:05:00 PM,CVIS,Fr,134,0,,0,134,0,0,
7/30/2026 2:00:00 PM,RTD,7/30/2026 2:05:00 PM,CLUZ,Fr,668,0,,0,668,0,0,
7/30/2026 2:00:00 PM,RTD,7/30/2026 2:05:00 PM,CMIN,Rd,47.74,0,,0,47.74,0,0,
7/30/2026 2:00:00 PM,RTD,7/30/2026 2:05:00 PM,CLUZ,Rd,256,0,,0,256,0,0,
7/30/2026 2:00:00 PM,RTD,7/30/2026 2:05:00 PM,CVIS,Rd,48.95,0,,0,48.95,0,0,
7/30/2026 2:00:00 PM,RTD,7/30/2026 2:05:00 PM,CVIS,Ru,48.95,0,,0,48.95,0,0,
7/30/2026 2:00:00 PM,RTD,7/30/2026 2:05:00 PM,CMIN,Ru,47.74,0,,0,47.74,0,0,
7/30/2026 2:00:00 PM,RTD,7/30/2026 2:05:00 PM,CLUZ,Ru,256,0,,0,256,0,0,
7/30/2026 2:05:00 PM,RTD,7/30/2026 2:10:00 PM,CVIS,Dr,93,0,,0,93,0,0,
7/30/2026 2:05:00 PM,RTD,7/30/2026 2:10:00 PM,CMIN,Dr,138,0,,0,138,0,0,
7/30/2026 2:05:00 PM,RTD,7/30/2026 2:10:00 PM,CLUZ,Dr,668,0,,0,668,0,0,
7/30/2026 2:05:00 PM,RTD,7/30/2026 2:10:00 PM,CMIN,En,2477.51,0,0,55.84,2788.72,0,255.37,
7/30/2026 2:05:00 PM,RTD,7/30/2026 2:10:00 PM,CLUZ,En,11461.02,0,0,187.11,11698.06,0,50,
7/30/2026 2:05:00 PM,RTD,7/30/2026 2:10:00 PM,CVIS,En,2396.47,0,0,21.53,2112.60,305.37,0,
7/30/2026 2:05:00 PM,RTD,7/30/2026 2:10:00 PM,CMIN,Fr,138,0,,0,138,0,0,
7/30/2026 2:05:00 PM,RTD,7/30/2026 2:10:00 PM,CVIS,Fr,134,0,,0,134,0,0,
7/30/2026 2:05:00 PM,RTD,7/30/2026 2:10:00 PM,CLUZ,Fr,668,0,,0,668,0,0,
7/30/2026 2:05:00 PM,RTD,7/30/2026 2:10:00 PM,CMIN,Rd,47.74,0,,0,47.74,0,0,
7/30/2026 2:05:00 PM,RTD,7/30/2026 2:10:00 PM,CLUZ,Rd,256,0,,0,256,0,0,
7/30/2026 2:05:00 PM,RTD,7/30/2026 2:10:00 PM,CVIS,Rd,48.95,0,,0,48.95,0,0,
7/30/2026 2:05:00 PM,RTD,7/30/2026 2:10:00 PM,CVIS,Ru,48.95,0,,0,48.95,0,0,
7/30/2026 2:05:00 PM,RTD,7/30/2026 2:10:00 PM,CMIN,Ru,47.74,0,,0,47.74,0,0,
7/30/2026 2:05:00 PM,RTD,7/30/2026 2:10:00 PM,CLUZ,Ru,256,0,,0,256,0,0,
7/30/2026 2:10:00 PM,RTD,7/30/2026 2:15:00 PM,CVIS,Dr,93,0,,0,93,0,0,
7/30/2026 2:10:00 PM,RTD,7/30/2026 2:15:00 PM,CMIN,Dr,138,0,,0,138,0,0,
7/30/2026 2:10:00 PM,RTD,7/30/2026 2:15:00 PM,CLUZ,Dr,668,0,,0,668,0,0,
7/30/2026 2:10:00 PM,RTD,7/30/2026 2:15:00 PM,CLUZ,En,11479.48,0,0,188.56,11718.09,0,50,
7/30/2026 2:10:00 PM,RTD,7/30/2026 2:15:00 PM,CVIS,En,2359.97,0,0,21.33,2054.55,326.70,0,
7/30/2026 2:10:00 PM,RTD,7/30/2026 2:15:00 PM,CMIN,En,2456.47,0,0,54.82,2788.03,0,276.70,
7/30/2026 2:10:00 PM,RTD,7/30/2026 2:15:00 PM,CMIN,Fr,138,0,,0,138,0,0,
7/30/2026 2:10:00 PM,RTD,7/30/2026 2:15:00 PM,CLUZ,Fr,668,0,,0,668,0,0,
7/30/2026 2:10:00 PM,RTD,7/30/2026 2:15:00 PM,CVIS,Fr,134,0,,0,134,0,0,
7/30/2026 2:10:00 PM,RTD,7/30/2026 2:15:00 PM,CLUZ,Rd,256,0,,0,256,0,0,
7/30/2026 2:10:00 PM,RTD,7/30/2026 2:15:00 PM,CVIS,Rd,48.95,0,,0,48.95,0,0,
7/30/2026 2:10:00 PM,RTD,7/30/2026 2:15:00 PM,CMIN,Rd,47.74,0,,0,47.74,0,0,
7/30/2026 2:10:00 PM,RTD,7/30/2026 2:15:00 PM,CLUZ,Ru,256,0,,0,256,0,0,
7/30/2026 2:10:00 PM,RTD,7/30/2026 2:15:00 PM,CVIS,Ru,48.95,0,,0,48.95,0,0,
7/30/2026 2:10:00 PM,RTD,7/30/2026 2:15:00 PM,CMIN,Ru,47.74,0,,0,47.74,0,0,
7/30/2026 2:15:00 PM,RTD,7/30/2026 2:20:00 PM,CLUZ,Dr,668,0,,0,668,0,0,
7/30/2026 2:15:00 PM,RTD,7/30/2026 2:20:00 PM,CMIN,Dr,138,0,,0,138,0,0,
7/30/2026 2:15:00 PM,RTD,7/30/2026 2:20:00 PM,CVIS,Dr,93,0,,0,93,0,0,
7/30/2026 2:15:00 PM,RTD,7/30/2026 2:20:00 PM,CLUZ,En,11358.54,0,0,185.55,11594.09,0,50,
7/30/2026 2:15:00 PM,RTD,7/30/2026 2:20:00 PM,CMIN,En,2451.85,0,0,55.21,2781.29,0,274.23,
7/30/2026 2:15:00 PM,RTD,7/30/2026 2:20:00 PM,CVIS,En,2375.98,0,0,21.62,2073.35,324.23,0,
7/30/2026 2:15:00 PM,RTD,7/30/2026 2:20:00 PM,CLUZ,Fr,668,0,,0,668,0,0,
7/30/2026 2:15:00 PM,RTD,7/30/2026 2:20:00 PM,CVIS,Fr,134,0,,0,134,0,0,
7/30/2026 2:15:00 PM,RTD,7/30/2026 2:20:00 PM,CMIN,Fr,138,0,,0,138,0,0,
7/30/2026 2:15:00 PM,RTD,7/30/2026 2:20:00 PM,CMIN,Rd,47.74,0,,0,47.74,0,0,
7/30/2026 2:15:00 PM,RTD,7/30/2026 2:20:00 PM,CLUZ,Rd,256,0,,0,256,0,0,
7/30/2026 2:15:00 PM,RTD,7/30/2026 2:20:00 PM,CVIS,Rd,48.95,0,,0,48.95,0,0,
7/30/2026 2:15:00 PM,RTD,7/30/2026 2:20:00 PM,CMIN,Ru,47.74,0,,0,47.74,0,0,
7/30/2026 2:15:00 PM,RTD,7/30/2026 2:20:00 PM,CLUZ,Ru,256,0,,0,256,0,0,
7/30/2026 2:15:00 PM,RTD,7/30/2026 2:20:00 PM,CVIS,Ru,48.95,0,,0,48.95,0,0,
7/30/2026 2:20:00 PM,RTD,7/30/2026 2:25:00 PM,CVIS,Dr,93,0,,0,93,0,0,
7/30/2026 2:20:00 PM,RTD,7/30/2026 2:25:00 PM,CMIN,Dr,138,0,,0,138,0,0,
7/30/2026 2:20:00 PM,RTD,7/30/2026 2:25:00 PM,CLUZ,Dr,668,0,,0,668,0,0,
7/30/2026 2:20:00 PM,RTD,7/30/2026 2:25:00 PM,CMIN,En,2447.57,0,0,55.34,2782.01,0,279.09,
7/30/2026 2:20:00 PM,RTD,7/30/2026 2:25:00 PM,CLUZ,En,11352.95,0,0,186.30,11589.16,0,50,
7/30/2026 2:20:00 PM,RTD,7/30/2026 2:25:00 PM,CVIS,En,2379.15,0,0,23.17,2073.20,329.09,0,
7/30/2026 2:20:00 PM,RTD,7/30/2026 2:25:00 PM,CMIN,Fr,138,0,,0,138,0,0,
7/30/2026 2:20:00 PM,RTD,7/30/2026 2:25:00 PM,CVIS,Fr,134,0,,0,134,0,0,
7/30/2026 2:20:00 PM,RTD,7/30/2026 2:25:00 PM,CLUZ,Fr,668,0,,0,668,0,0,
7/30/2026 2:20:00 PM,RTD,7/30/2026 2:25:00 PM,CMIN,Rd,47.74,0,,0,47.74,0,0,
7/30/2026 2:20:00 PM,RTD,7/30/2026 2:25:00 PM,CLUZ,Rd,256,0,,0,256,0,0,
7/30/2026 2:20:00 PM,RTD,7/30/2026 2:25:00 PM,CVIS,Rd,48.95,0,,0,48.95,0,0,
7/30/2026 2:20:00 PM,RTD,7/30/2026 2:25:00 PM,CVIS,Ru,48.95,0,,0,48.95,0,0,
7/30/2026 2:20:00 PM,RTD,7/30/2026 2:25:00 PM,CMIN,Ru,47.74,0,,0,47.74,0,0,
7/30/2026 2:20:00 PM,RTD,7/30/2026 2:25:00 PM,CLUZ,Ru,256,0,,0,256,0,0,
7/30/2026 2:25:00 PM,RTD,7/30/2026 2:30:00 PM,CVIS,Dr,93,0,,0,93,0,0,
7/30/2026 2:25:00 PM,RTD,7/30/2026 2:30:00 PM,CMIN,Dr,138,0,,0,138,0,0,
7/30/2026 2:25:00 PM,RTD,7/30/2026 2:30:00 PM,CLUZ,Dr,668,0,,0,668,0,0,
7/30/2026 2:25:00 PM,RTD,7/30/2026 2:30:00 PM,CMIN,En,2449.67,0,0,55.15,2781.78,0,276.98,
7/30/2026 2:25:00 PM,RTD,7/30/2026 2:30:00 PM,CLUZ,En,11353.53,0,0,188.56,11592.04,0,50,
7/30/2026 2:25:00 PM,RTD,7/30/2026 2:30:00 PM,CVIS,En,2372.27,0,0,23.24,2068.53,326.98,0,
7/30/2026 2:25:00 PM,RTD,7/30/2026 2:30:00 PM,CMIN,Fr,138,0,,0,138,0,0,
7/30/2026 2:25:00 PM,RTD,7/30/2026 2:30:00 PM,CVIS,Fr,134,0,,0,134,0,0,
7/30/2026 2:25:00 PM,RTD,7/30/2026 2:30:00 PM,CLUZ,Fr,668,0,,0,668,0,0,
7/30/2026 2:25:00 PM,RTD,7/30/2026 2:30:00 PM,CMIN,Rd,47.74,0,,0,47.74,0,0,
7/30/2026 2:25:00 PM,RTD,7/30/2026 2:30:00 PM,CLUZ,Rd,256,0,,0,256,0,0,
7/30/2026 2:25:00 PM,RTD,7/30/2026 2:30:00 PM,CVIS,Rd,48.95,0,,0,48.95,0,0,
7/30/2026 2:25:00 PM,RTD,7/30/2026 2:30:00 PM,CVIS,Ru,48.95,0,,0,48.95,0,0,
7/30/2026 2:25:00 PM,RTD,7/30/2026 2:30:00 PM,CMIN,Ru,47.74,0,,0,47.74,0,0,
7/30/2026 2:25:00 PM,RTD,7/30/2026 2:30:00 PM,CLUZ,Ru,256,0,,0,256,0,0,
7/30/2026 2:30:00 PM,RTD,7/30/2026 2:35:00 PM,CMIN,Dr,138,0,,0,138,0,0,
7/30/2026 2:30:00 PM,RTD,7/30/2026 2:35:00 PM,CVIS,Dr,93,0,,0,93,0,0,
7/30/2026 2:30:00 PM,RTD,7/30/2026 2:35:00 PM,CLUZ,Dr,668,0,,0,668,0,0,
7/30/2026 2:30:00 PM,RTD,7/30/2026 2:35:00 PM,CLUZ,En,11462.52,0,0,190.71,11703.20,0,50,
7/30/2026 2:30:00 PM,RTD,7/30/2026 2:35:00 PM,CMIN,En,2446.48,0,0,56.04,2774.86,0,272.35,
7/30/2026 2:30:00 PM,RTD,7/30/2026 2:35:00 PM,CVIS,En,2359.26,0,0,23.18,2060.08,322.35,0,
7/30/2026 2:30:00 PM,RTD,7/30/2026 2:35:00 PM,CMIN,Fr,138,0,,0,138,0,0,
7/30/2026 2:30:00 PM,RTD,7/30/2026 2:35:00 PM,CVIS,Fr,134,0,,0,134,0,0,
7/30/2026 2:30:00 PM,RTD,7/30/2026 2:35:00 PM,CLUZ,Fr,668,0,,0,668,0,0,
7/30/2026 2:30:00 PM,RTD,7/30/2026 2:35:00 PM,CMIN,Rd,47.74,0,,0,47.74,0,0,
7/30/2026 2:30:00 PM,RTD,7/30/2026 2:35:00 PM,CVIS,Rd,48.95,0,,0,48.95,0,0,
7/30/2026 2:30:00 PM,RTD,7/30/2026 2:35:00 PM,CLUZ,Rd,256,0,,0,256,0,0,
7/30/2026 2:30:00 PM,RTD,7/30/2026 2:35:00 PM,CVIS,Ru,48.95,0,,0,48.95,0,0,
7/30/2026 2:30:00 PM,RTD,7/30/2026 2:35:00 PM,CLUZ,Ru,256,0,,0,256,0,0,
7/30/2026 2:30:00 PM,RTD,7/30/2026 2:35:00 PM,CMIN,Ru,47.74,0,,0,47.74,0,0,
7/30/2026 2:35:00 PM,RTD,7/30/2026 2:40:00 PM,CVIS,Dr,93,0,,0,93,0,0,
7/30/2026 2:35:00 PM,RTD,7/30/2026 2:40:00 PM,CMIN,Dr,138,0,,0,138,0,0,
7/30/2026 2:35:00 PM,RTD,7/30/2026 2:40:00 PM,CLUZ,Dr,668,0,,0,668,0,0,
7/30/2026 2:35:00 PM,RTD,7/30/2026 2:40:00 PM,CMIN,En,2443.63,0,0,53.30,2799.04,0,302.09,
7/30/2026 2:35:00 PM,RTD,7/30/2026 2:40:00 PM,CLUZ,En,11465.99,0,0,190.99,11706.98,0,50,
7/30/2026 2:35:00 PM,RTD,7/30/2026 2:40:00 PM,CVIS,En,2352.46,0,0,23.41,2023.78,352.09,0,
7/30/2026 2:35:00 PM,RTD,7/30/2026 2:40:00 PM,CMIN,Fr,138,0,,0,138,0,0,
7/30/2026 2:35:00 PM,RTD,7/30/2026 2:40:00 PM,CVIS,Fr,134,0,,0,134,0,0,
7/30/2026 2:35:00 PM,RTD,7/30/2026 2:40:00 PM,CLUZ,Fr,668,0,,0,668,0,0,
7/30/2026 2:35:00 PM,RTD,7/30/2026 2:40:00 PM,CMIN,Rd,47.74,0,,0,47.74,0,0,
7/30/2026 2:35:00 PM,RTD,7/30/2026 2:40:00 PM,CLUZ,Rd,256,0,,0,256,0,0,
7/30/2026 2:35:00 PM,RTD,7/30/2026 2:40:00 PM,CVIS,Rd,48.95,0,,0,48.95,0,0,
7/30/2026 2:35:00 PM,RTD,7/30/2026 2:40:00 PM,CVIS,Ru,48.95,0,,0,48.95,0,0,
7/30/2026 2:35:00 PM,RTD,7/30/2026 2:40:00 PM,CMIN,Ru,47.74,0,,0,47.74,0,0,
7/30/2026 2:35:00 PM,RTD,7/30/2026 2:40:00 PM,CLUZ,Ru,256,0,,0,256,0,0,
7/30/2026 2:40:00 PM,RTD,7/30/2026 2:45:00 PM,CVIS,Dr,93,0,,0,93,0,0,
7/30/2026 2:40:00 PM,RTD,7/30/2026 2:45:00 PM,CMIN,Dr,138,0,,0,138,0,0,
7/30/2026 2:40:00 PM,RTD,7/30/2026 2:45:00 PM,CLUZ,Dr,668,0,,0,668,0,0,
7/30/2026 2:40:00 PM,RTD,7/30/2026 2:45:00 PM,CMIN,En,2443.10,0,0,53.26,2798.41,0,302.04,
7/30/2026 2:40:00 PM,RTD,7/30/2026 2:45:00 PM,CLUZ,En,11456.13,0,0,190.69,11696.75,0,50,
7/30/2026 2:40:00 PM,RTD,7/30/2026 2:45:00 PM,CVIS,En,2349.86,0,0,23.23,2021.07,352.04,0,
7/30/2026 2:40:00 PM,RTD,7/30/2026 2:45:00 PM,CMIN,Fr,138,0,,0,138,0,0,
7/30/2026 2:40:00 PM,RTD,7/30/2026 2:45:00 PM,CVIS,Fr,134,0,,0,134,0,0,
7/30/2026 2:40:00 PM,RTD,7/30/2026 2:45:00 PM,CLUZ,Fr,668,0,,0,668,0,0,
7/30/2026 2:40:00 PM,RTD,7/30/2026 2:45:00 PM,CMIN,Rd,47.74,0,,0,47.74,0,0,
7/30/2026 2:40:00 PM,RTD,7/30/2026 2:45:00 PM,CLUZ,Rd,256,0,,0,256,0,0,
7/30/2026 2:40:00 PM,RTD,7/30/2026 2:45:00 PM,CVIS,Rd,48.95,0,,0,48.95,0,0,
7/30/2026 2:40:00 PM,RTD,7/30/2026 2:45:00 PM,CVIS,Ru,48.95,0,,0,48.95,0,0,
7/30/2026 2:40:00 PM,RTD,7/30/2026 2:45:00 PM,CMIN,Ru,47.74,0,,0,47.74,0,0,
7/30/2026 2:40:00 PM,RTD,7/30/2026 2:45:00 PM,CLUZ,Ru,256,0,,0,256,0,0,
7/30/2026 2:45:00 PM,RTD,7/30/2026 2:50:00 PM,CMIN,Dr,138,0,,0,138,0,0,
7/30/2026 2:45:00 PM,RTD,7/30/2026 2:50:00 PM,CLUZ,Dr,668,0,,0,668,0,0,
7/30/2026 2:45:00 PM,RTD,7/30/2026 2:50:00 PM,CVIS,Dr,93,0,,0,93,0,0,
7/30/2026 2:45:00 PM,RTD,7/30/2026 2:50:00 PM,CLUZ,En,11490.23,0,0,193.15,11733.26,0,50,
7/30/2026 2:45:00 PM,RTD,7/30/2026 2:50:00 PM,CVIS,En,2349.78,0,0,23.11,2005.07,367.81,0,
7/30/2026 2:45:00 PM,RTD,7/30/2026 2:50:00 PM,CMIN,En,2442.24,0,0,52.12,2812.19,0,317.81,
7/30/2026 2:45:00 PM,RTD,7/30/2026 2:50:00 PM,CLUZ,Fr,668,0,,0,668,0,0,
7/30/2026 2:45:00 PM,RTD,7/30/2026 2:50:00 PM,CMIN,Fr,138,0,,0,138,0,0,
7/30/2026 2:45:00 PM,RTD,7/30/2026 2:50:00 PM,CVIS,Fr,134,0,,0,134,0,0,
7/30/2026 2:45:00 PM,RTD,7/30/2026 2:50:00 PM,CLUZ,Rd,256,0,,0,256,0,0,
7/30/2026 2:45:00 PM,RTD,7/30/2026 2:50:00 PM,CVIS,Rd,48.95,0,,0,48.95,0,0,
7/30/2026 2:45:00 PM,RTD,7/30/2026 2:50:00 PM,CMIN,Rd,47.74,0,,0,47.74,0,0,
7/30/2026 2:45:00 PM,RTD,7/30/2026 2:50:00 PM,CMIN,Ru,47.74,0,,0,47.74,0,0,
7/30/2026 2:45:00 PM,RTD,7/30/2026 2:50:00 PM,CLUZ,Ru,256,0,,0,256,0,0,
7/30/2026 2:45:00 PM,RTD,7/30/2026 2:50:00 PM,CVIS,Ru,48.95,0,,0,48.95,0,0,
7/30/2026 2:50:00 PM,RTD,7/30/2026 2:55:00 PM,CVIS,Dr,93,0,,0,93,0,0,
7/30/2026 2:50:00 PM,RTD,7/30/2026 2:55:00 PM,CMIN,Dr,138,0,,0,138,0,0,
7/30/2026 2:50:00 PM,RTD,7/30/2026 2:55:00 PM,CLUZ,Dr,668,0,,0,668,0,0,
7/30/2026 2:50:00 PM,RTD,7/30/2026 2:55:00 PM,CMIN,En,2431.23,0,0,50.65,2797.32,0,315.45,
7/30/2026 2:50:00 PM,RTD,7/30/2026 2:55:00 PM,CLUZ,En,11457.56,0,0,193.23,11700.87,0,50,
7/30/2026 2:50:00 PM,RTD,7/30/2026 2:55:00 PM,CVIS,En,2342.65,0,0,23.19,2000.39,365.45,0,
7/30/2026 2:50:00 PM,RTD,7/30/2026 2:55:00 PM,CMIN,Fr,138,0,,0,138,0,0,
7/30/2026 2:50:00 PM,RTD,7/30/2026 2:55:00 PM,CVIS,Fr,134,0,,0,134,0,0,
7/30/2026 2:50:00 PM,RTD,7/30/2026 2:55:00 PM,CLUZ,Fr,668,0,,0,668,0,0,
7/30/2026 2:50:00 PM,RTD,7/30/2026 2:55:00 PM,CMIN,Rd,47.74,0,,0,47.74,0,0,
7/30/2026 2:50:00 PM,RTD,7/30/2026 2:55:00 PM,CLUZ,Rd,256,0,,0,256,0,0,
7/30/2026 2:50:00 PM,RTD,7/30/2026 2:55:00 PM,CVIS,Rd,48.95,0,,0,48.95,0,0,
7/30/2026 2:50:00 PM,RTD,7/30/2026 2:55:00 PM,CVIS,Ru,48.95,0,,0,48.95,0,0,
7/30/2026 2:50:00 PM,RTD,7/30/2026 2:55:00 PM,CMIN,Ru,47.74,0,,0,47.74,0,0,
7/30/2026 2:50:00 PM,RTD,7/30/2026 2:55:00 PM,CLUZ,Ru,256,0,,0,256,0,0,
7/30/2026 2:55:00 PM,RTD,7/30/2026 3:00:00 PM,CVIS,Dr,93,0,,0,93,0,0,
7/30/2026 2:55:00 PM,RTD,7/30/2026 3:00:00 PM,CMIN,Dr,138,0,,0,138,0,0,
7/30/2026 2:55:00 PM,RTD,7/30/2026 3:00:00 PM,CLUZ,Dr,668,0,,0,668,0,0,
7/30/2026 2:55:00 PM,RTD,7/30/2026 3:00:00 PM,CMIN,En,2425.47,0,0,50.31,2797.19,0,321.40,
7/30/2026 2:55:00 PM,RTD,7/30/2026 3:00:00 PM,CLUZ,En,11437.30,0,0,192.75,11680,0,50,
7/30/2026 2:55:00 PM,RTD,7/30/2026 3:00:00 PM,CVIS,En,2339.20,0,0,23.27,1991.07,371.40,0,
7/30/2026 2:55:00 PM,RTD,7/30/2026 3:00:00 PM,CMIN,Fr,138,0,,0,138,0,0,
7/30/2026 2:55:00 PM,RTD,7/30/2026 3:00:00 PM,CVIS,Fr,134,0,,0,134,0,0,
7/30/2026 2:55:00 PM,RTD,7/30/2026 3:00:00 PM,CLUZ,Fr,668,0,,0,668,0,0,
7/30/2026 2:55:00 PM,RTD,7/30/2026 3:00:00 PM,CMIN,Rd,47.74,0,,0,47.74,0,0,
7/30/2026 2:55:00 PM,RTD,7/30/2026 3:00:00 PM,CLUZ,Rd,256,0,,0,256,0,0,
7/30/2026 2:55:00 PM,RTD,7/30/2026 3:00:00 PM,CVIS,Rd,48.95,0,,0,48.95,0,0,
7/30/2026 2:55:00 PM,RTD,7/30/2026 3:00:00 PM,CVIS,Ru,48.95,0,,0,48.95,0,0,
7/30/2026 2:55:00 PM,RTD,7/30/2026 3:00:00 PM,CMIN,Ru,47.74,0,,0,47.74,0,0,
7/30/2026 2:55:00 PM,RTD,7/30/2026 3:00:00 PM,CLUZ,Ru,256,0,,0,256,0,0,
7/30/2026 3:00:00 PM,RTD,7/30/2026 3:05:00 PM,CVIS,Dr,93,0,,0,93,0,0,
7/30/2026 3:00:00 PM,RTD,7/30/2026 3:05:00 PM,CMIN,Dr,138,0,,0,138,0,0,
7/30/2026 3:00:00 PM,RTD,7/30/2026 3:05:00 PM,CLUZ,Dr,668,0,,0,668,0,0,
7/30/2026 3:00:00 PM,RTD,7/30/2026 3:05:00 PM,CMIN,En,2414.45,0,0,53.20,2765.09,0,297.42,
7/30/2026 3:00:00 PM,RTD,7/30/2026 3:05:00 PM,CLUZ,En,11413.16,0,0,194.34,11657.40,0,50,
7/30/2026 3:00:00 PM,RTD,7/30/2026 3:05:00 PM,CVIS,En,2334.18,0,0,22.16,2008.94,347.42,0,
7/30/2026 3:00:00 PM,RTD,7/30/2026 3:05:00 PM,CMIN,Fr,138,0,,0,138,0,0,
7/30/2026 3:00:00 PM,RTD,7/30/2026 3:05:00 PM,CVIS,Fr,134,0,,0,134,0,0,
7/30/2026 3:00:00 PM,RTD,7/30/2026 3:05:00 PM,CLUZ,Fr,668,0,,0,668,0,0,
7/30/2026 3:00:00 PM,RTD,7/30/2026 3:05:00 PM,CMIN,Rd,47.05,0,,0,47.05,0,0,
7/30/2026 3:00:00 PM,RTD,7/30/2026 3:05:00 PM,CLUZ,Rd,251,0,,0,251,0,0,
7/30/2026 3:00:00 PM,RTD,7/30/2026 3:05:00 PM,CVIS,Rd,47.65,0,,0,47.65,0,0,
7/30/2026 3:00:00 PM,RTD,7/30/2026 3:05:00 PM,CVIS,Ru,47.65,0,,0,47.65,0,0,
7/30/2026 3:00:00 PM,RTD,7/30/2026 3:05:00 PM,CMIN,Ru,47.05,0,,0,47.05,0,0,
7/30/2026 3:00:00 PM,RTD,7/30/2026 3:05:00 PM,CLUZ,Ru,251,0,,0,251,0,0,
7/30/2026 3:05:00 PM,RTD,7/30/2026 3:10:00 PM,CVIS,Dr,93,0,,0,93,0,0,
7/30/2026 3:05:00 PM,RTD,7/30/2026 3:10:00 PM,CMIN,Dr,138,0,,0,138,0,0,
7/30/2026 3:05:00 PM,RTD,7/30/2026 3:10:00 PM,CLUZ,Dr,668,0,,0,668,0,0,
7/30/2026 3:05:00 PM,RTD,7/30/2026 3:10:00 PM,CMIN,En,2375.74,0,0,52.98,2739,0,310.28,
7/30/2026 3:05:00 PM,RTD,7/30/2026 3:10:00 PM,CLUZ,En,11372.40,0,0,192.61,11615.05,0,50,
7/30/2026 3:05:00 PM,RTD,7/30/2026 3:10:00 PM,CVIS,En,2327.71,0,0,21.52,1988.98,360.28,0,
7/30/2026 3:05:00 PM,RTD,7/30/2026 3:10:00 PM,CMIN,Fr,138,0,,0,138,0,0,
7/30/2026 3:05:00 PM,RTD,7/30/2026 3:10:00 PM,CVIS,Fr,134,0,,0,134,0,0,
7/30/2026 3:05:00 PM,RTD,7/30/2026 3:10:00 PM,CLUZ,Fr,668,0,,0,668,0,0,
7/30/2026 3:05:00 PM,RTD,7/30/2026 3:10:00 PM,CMIN,Rd,47.05,0,,0,47.05,0,0,
7/30/2026 3:05:00 PM,RTD,7/30/2026 3:10:00 PM,CLUZ,Rd,251,0,,0,251,0,0,
7/30/2026 3:05:00 PM,RTD,7/30/2026 3:10:00 PM,CVIS,Rd,47.65,0,,0,47.65,0,0,
7/30/2026 3:05:00 PM,RTD,7/30/2026 3:10:00 PM,CVIS,Ru,47.65,0,,0,47.65,0,0,
7/30/2026 3:05:00 PM,RTD,7/30/2026 3:10:00 PM,CMIN,Ru,47.05,0,,0,47.05,0,0,
7/30/2026 3:05:00 PM,RTD,7/30/2026 3:10:00 PM,CLUZ,Ru,251,0,,0,251,0,0,
7/30/2026 3:10:00 PM,RTD,7/30/2026 3:15:00 PM,CVIS,Dr,93,0,,0,93,0,0,
7/30/2026 3:10:00 PM,RTD,7/30/2026 3:15:00 PM,CMIN,Dr,138,0,,0,138,0,0,
7/30/2026 3:10:00 PM,RTD,7/30/2026 3:15:00 PM,CLUZ,Dr,668,0,,0,668,0,0,
7/30/2026 3:10:00 PM,RTD,7/30/2026 3:15:00 PM,CMIN,En,2367.17,0,0,52.17,2738.27,0,318.96,
7/30/2026 3:10:00 PM,RTD,7/30/2026 3:15:00 PM,CLUZ,En,11426.61,0,0,193.63,11670.15,0,50,
7/30/2026 3:10:00 PM,RTD,7/30/2026 3:15:00 PM,CVIS,En,2328.35,0,0,22.11,1981.50,368.96,0,
7/30/2026 3:10:00 PM,RTD,7/30/2026 3:15:00 PM,CMIN,Fr,138,0,,0,138,0,0,
7/30/2026 3:10:00 PM,RTD,7/30/2026 3:15:00 PM,CVIS,Fr,134,0,,0,134,0,0,
7/30/2026 3:10:00 PM,RTD,7/30/2026 3:15:00 PM,CLUZ,Fr,668,0,,0,668,0,0,
7/30/2026 3:10:00 PM,RTD,7/30/2026 3:15:00 PM,CMIN,Rd,47.05,0,,0,47.05,0,0,
7/30/2026 3:10:00 PM,RTD,7/30/2026 3:15:00 PM,CLUZ,Rd,251,0,,0,251,0,0,
7/30/2026 3:10:00 PM,RTD,7/30/2026 3:15:00 PM,CVIS,Rd,47.65,0,,0,47.65,0,0,
7/30/2026 3:10:00 PM,RTD,7/30/2026 3:15:00 PM,CVIS,Ru,47.65,0,,0,47.65,0,0,
7/30/2026 3:10:00 PM,RTD,7/30/2026 3:15:00 PM,CMIN,Ru,47.05,0,,0,47.05,0,0,
7/30/2026 3:10:00 PM,RTD,7/30/2026 3:15:00 PM,CLUZ,Ru,251,0,,0,251,0,0,
7/30/2026 3:15:00 PM,RTD,7/30/2026 3:20:00 PM,CVIS,Dr,93,0,,0,93,0,0,
7/30/2026 3:15:00 PM,RTD,7/30/2026 3:20:00 PM,CMIN,Dr,138,0,,0,138,0,0,
7/30/2026 3:15:00 PM,RTD,7/30/2026 3:20:00 PM,CLUZ,Dr,668,0,,0,668,0,0,
7/30/2026 3:15:00 PM,RTD,7/30/2026 3:20:00 PM,CMIN,En,2371.77,0,0,52.81,2736.20,0,311.59,
7/30/2026 3:15:00 PM,RTD,7/30/2026 3:20:00 PM,CLUZ,En,11439.24,0,0,195.94,11685.20,0,50,
7/30/2026 3:15:00 PM,RTD,7/30/2026 3:20:00 PM,CVIS,En,2301.68,0,0,22.60,1962.69,361.59,0,
7/30/2026 3:15:00 PM,RTD,7/30/2026 3:20:00 PM,CMIN,Fr,138,0,,0,138,0,0,
7/30/2026 3:15:00 PM,RTD,7/30/2026 3:20:00 PM,CVIS,Fr,134,0,,0,134,0,0,
7/30/2026 3:15:00 PM,RTD,7/30/2026 3:20:00 PM,CLUZ,Fr,668,0,,0,668,0,0,
7/30/2026 3:15:00 PM,RTD,7/30/2026 3:20:00 PM,CMIN,Rd,47.05,0,,0,47.05,0,0,
7/30/2026 3:15:00 PM,RTD,7/30/2026 3:20:00 PM,CLUZ,Rd,251,0,,0,251,0,0,
7/30/2026 3:15:00 PM,RTD,7/30/2026 3:20:00 PM,CVIS,Rd,47.65,0,,0,47.65,0,0,
7/30/2026 3:15:00 PM,RTD,7/30/2026 3:20:00 PM,CVIS,Ru,47.65,0,,0,47.65,0,0,
7/30/2026 3:15:00 PM,RTD,7/30/2026 3:20:00 PM,CMIN,Ru,47.05,0,,0,47.05,0,0,
7/30/2026 3:15:00 PM,RTD,7/30/2026 3:20:00 PM,CLUZ,Ru,251,0,,0,251,0,0,
7/30/2026 3:20:00 PM,RTD,7/30/2026 3:25:00 PM,CVIS,Dr,93,0,,0,93,0,0,
7/30/2026 3:20:00 PM,RTD,7/30/2026 3:25:00 PM,CMIN,Dr,138,0,,0,138,0,0,
7/30/2026 3:20:00 PM,RTD,7/30/2026 3:25:00 PM,CLUZ,Dr,668,0,,0,668,0,0,
7/30/2026 3:20:00 PM,RTD,7/30/2026 3:25:00 PM,CMIN,En,2367.10,0,0,52.47,2738.90,0,319.31,
7/30/2026 3:20:00 PM,RTD,7/30/2026 3:25:00 PM,CLUZ,En,11456.77,0,0,202.05,11708.92,0,50,
7/30/2026 3:20:00 PM,RTD,7/30/2026 3:25:00 PM,CVIS,En,2296.64,0,0,22.55,1949.87,369.31,0,
7/30/2026 3:20:00 PM,RTD,7/30/2026 3:25:00 PM,CMIN,Fr,138,0,,0,138,0,0,
7/30/2026 3:20:00 PM,RTD,7/30/2026 3:25:00 PM,CVIS,Fr,134,0,,0,134,0,0,
7/30/2026 3:20:00 PM,RTD,7/30/2026 3:25:00 PM,CLUZ,Fr,668,0,,0,668,0,0,
7/30/2026 3:20:00 PM,RTD,7/30/2026 3:25:00 PM,CMIN,Rd,47.05,0,,0,47.05,0,0,
7/30/2026 3:20:00 PM,RTD,7/30/2026 3:25:00 PM,CLUZ,Rd,251,0,,0,251,0,0,
7/30/2026 3:20:00 PM,RTD,7/30/2026 3:25:00 PM,CVIS,Rd,47.65,0,,0,47.65,0,0,
7/30/2026 3:20:00 PM,RTD,7/30/2026 3:25:00 PM,CVIS,Ru,47.65,0,,0,47.65,0,0,
7/30/2026 3:20:00 PM,RTD,7/30/2026 3:25:00 PM,CMIN,Ru,47.05,0,,0,47.05,0,0,
7/30/2026 3:20:00 PM,RTD,7/30/2026 3:25:00 PM,CLUZ,Ru,251,0,,0,251,0,0,
7/30/2026 3:25:00 PM,RTD,7/30/2026 3:30:00 PM,CLUZ,Dr,668,0,,0,668,0,0,
7/30/2026 3:25:00 PM,RTD,7/30/2026 3:30:00 PM,CMIN,Dr,138,0,,0,138,0,0,
7/30/2026 3:25:00 PM,RTD,7/30/2026 3:30:00 PM,CVIS,Dr,93,0,,0,93,0,0,
7/30/2026 3:25:00 PM,RTD,7/30/2026 3:30:00 PM,CLUZ,En,11459.48,0,0,198.25,11707.79,0,50,
7/30/2026 3:25:00 PM,RTD,7/30/2026 3:30:00 PM,CMIN,En,2363.66,0,0,53.22,2727.19,0,310.30,
7/30/2026 3:25:00 PM,RTD,7/30/2026 3:30:00 PM,CVIS,En,2298.10,0,0,23.09,1960.91,360.30,0,
7/30/2026 3:25:00 PM,RTD,7/30/2026 3:30:00 PM,CMIN,Fr,138,0,,0,138,0,0,
7/30/2026 3:25:00 PM,RTD,7/30/2026 3:30:00 PM,CLUZ,Fr,668,0,,0,668,0,0,
7/30/2026 3:25:00 PM,RTD,7/30/2026 3:30:00 PM,CVIS,Fr,134,0,,0,134,0,0,
7/30/2026 3:25:00 PM,RTD,7/30/2026 3:30:00 PM,CVIS,Rd,47.65,0,,0,47.65,0,0,
7/30/2026 3:25:00 PM,RTD,7/30/2026 3:30:00 PM,CLUZ,Rd,251,0,,0,251,0,0,
7/30/2026 3:25:00 PM,RTD,7/30/2026 3:30:00 PM,CMIN,Rd,47.05,0,,0,47.05,0,0,
7/30/2026 3:25:00 PM,RTD,7/30/2026 3:30:00 PM,CMIN,Ru,47.05,0,,0,47.05,0,0,
7/30/2026 3:25:00 PM,RTD,7/30/2026 3:30:00 PM,CLUZ,Ru,251,0,,0,251,0,0,
7/30/2026 3:25:00 PM,RTD,7/30/2026 3:30:00 PM,CVIS,Ru,47.65,0,,0,47.65,0,0,
7/30/2026 3:30:00 PM,RTD,7/30/2026 3:35:00 PM,CVIS,Dr,93,0,,0,93,0,0,
7/30/2026 3:30:00 PM,RTD,7/30/2026 3:35:00 PM,CMIN,Dr,138,0,,0,138,0,0,
7/30/2026 3:30:00 PM,RTD,7/30/2026 3:35:00 PM,CLUZ,Dr,668,0,,0,668,0,0,
7/30/2026 3:30:00 PM,RTD,7/30/2026 3:35:00 PM,CMIN,En,2356.60,0,0,52.47,2726.52,0,317.41,
7/30/2026 3:30:00 PM,RTD,7/30/2026 3:35:00 PM,CLUZ,En,11439.90,0,0,205.27,11695.15,0,50,
7/30/2026 3:30:00 PM,RTD,7/30/2026 3:35:00 PM,CVIS,En,2275.81,0,0,22.72,1931.13,367.41,0,
7/30/2026 3:30:00 PM,RTD,7/30/2026 3:35:00 PM,CMIN,Fr,138,0,,0,138,0,0,
7/30/2026 3:30:00 PM,RTD,7/30/2026 3:35:00 PM,CVIS,Fr,134,0,,0,134,0,0,
7/30/2026 3:30:00 PM,RTD,7/30/2026 3:35:00 PM,CLUZ,Fr,668,0,,0,668,0,0,
7/30/2026 3:30:00 PM,RTD,7/30/2026 3:35:00 PM,CMIN,Rd,47.05,0,,0,47.05,0,0,
7/30/2026 3:30:00 PM,RTD,7/30/2026 3:35:00 PM,CLUZ,Rd,251,0,,0,251,0,0,
7/30/2026 3:30:00 PM,RTD,7/30/2026 3:35:00 PM,CVIS,Rd,47.65,0,,0,47.65,0,0,
7/30/2026 3:30:00 PM,RTD,7/30/2026 3:35:00 PM,CVIS,Ru,47.65,0,,0,47.65,0,0,
7/30/2026 3:30:00 PM,RTD,7/30/2026 3:35:00 PM,CMIN,Ru,47.05,0,,0,47.05,0,0,
7/30/2026 3:30:00 PM,RTD,7/30/2026 3:35:00 PM,CLUZ,Ru,251,0,,0,251,0,0,
7/30/2026 3:35:00 PM,RTD,7/30/2026 3:40:00 PM,CVIS,Dr,93,0,,0,93,0,0,
7/30/2026 3:35:00 PM,RTD,7/30/2026 3:40:00 PM,CMIN,Dr,138,0,,0,138,0,0,
7/30/2026 3:35:00 PM,RTD,7/30/2026 3:40:00 PM,CLUZ,Dr,668,0,,0,668,0,0,
7/30/2026 3:35:00 PM,RTD,7/30/2026 3:40:00 PM,CMIN,En,2354.99,0,0,52.88,2724.98,0,317.11,
7/30/2026 3:35:00 PM,RTD,7/30/2026 3:40:00 PM,CLUZ,En,11495.41,0,0,208.64,11754.05,0,50,
7/30/2026 3:35:00 PM,RTD,7/30/2026 3:40:00 PM,CVIS,En,2273.10,0,0,22.68,1928.70,367.11,0,
7/30/2026 3:35:00 PM,RTD,7/30/2026 3:40:00 PM,CMIN,Fr,138,0,,0,138,0,0,
7/30/2026 3:35:00 PM,RTD,7/30/2026 3:40:00 PM,CVIS,Fr,134,0,,0,134,0,0,
7/30/2026 3:35:00 PM,RTD,7/30/2026 3:40:00 PM,CLUZ,Fr,668,0,,0,668,0,0,
7/30/2026 3:35:00 PM,RTD,7/30/2026 3:40:00 PM,CMIN,Rd,47.05,0,,0,47.05,0,0,
7/30/2026 3:35:00 PM,RTD,7/30/2026 3:40:00 PM,CLUZ,Rd,251,0,,0,251,0,0,
7/30/2026 3:35:00 PM,RTD,7/30/2026 3:40:00 PM,CVIS,Rd,47.65,0,,0,47.65,0,0,
7/30/2026 3:35:00 PM,RTD,7/30/2026 3:40:00 PM,CVIS,Ru,47.65,0,,0,47.65,0,0,
7/30/2026 3:35:00 PM,RTD,7/30/2026 3:40:00 PM,CMIN,Ru,47.05,0,,0,47.05,0,0,
7/30/2026 3:35:00 PM,RTD,7/30/2026 3:40:00 PM,CLUZ,Ru,251,0,,0,251,0,0,
7/30/2026 3:40:00 PM,RTD,7/30/2026 3:45:00 PM,CVIS,Dr,93,0,,0,93,0,0,
7/30/2026 3:40:00 PM,RTD,7/30/2026 3:45:00 PM,CMIN,Dr,138,0,,0,138,0,0,
7/30/2026 3:40:00 PM,RTD,7/30/2026 3:45:00 PM,CLUZ,Dr,668,0,,0,668,0,0,
7/30/2026 3:40:00 PM,RTD,7/30/2026 3:45:00 PM,CMIN,En,2350.71,0,0,52.67,2724.68,0,321.30,
7/30/2026 3:40:00 PM,RTD,7/30/2026 3:45:00 PM,CLUZ,En,11554.74,0,0,207.16,11811.79,0,50,
7/30/2026 3:40:00 PM,RTD,7/30/2026 3:45:00 PM,CVIS,En,2268.75,0,0,22.23,1919.70,371.30,0,
7/30/2026 3:40:00 PM,RTD,7/30/2026 3:45:00 PM,CMIN,Fr,138,0,,0,138,0,0,
7/30/2026 3:40:00 PM,RTD,7/30/2026 3:45:00 PM,CVIS,Fr,134,0,,0,134,0,0,
7/30/2026 3:40:00 PM,RTD,7/30/2026 3:45:00 PM,CLUZ,Fr,668,0,,0,668,0,0,
7/30/2026 3:40:00 PM,RTD,7/30/2026 3:45:00 PM,CMIN,Rd,47.05,0,,0,47.05,0,0,
7/30/2026 3:40:00 PM,RTD,7/30/2026 3:45:00 PM,CLUZ,Rd,251,0,,0,251,0,0,
7/30/2026 3:40:00 PM,RTD,7/30/2026 3:45:00 PM,CVIS,Rd,47.65,0,,0,47.65,0,0,
7/30/2026 3:40:00 PM,RTD,7/30/2026 3:45:00 PM,CVIS,Ru,47.65,0,,0,47.65,0,0,
7/30/2026 3:40:00 PM,RTD,7/30/2026 3:45:00 PM,CMIN,Ru,47.05,0,,0,47.05,0,0,
7/30/2026 3:40:00 PM,RTD,7/30/2026 3:45:00 PM,CLUZ,Ru,251,0,,0,251,0,0,
7/30/2026 3:45:00 PM,RTD,7/30/2026 3:50:00 PM,CVIS,Dr,93,0,,0,93,0,0,
7/30/2026 3:45:00 PM,RTD,7/30/2026 3:50:00 PM,CMIN,Dr,138,0,,0,138,0,0,
7/30/2026 3:45:00 PM,RTD,7/30/2026 3:50:00 PM,CLUZ,Dr,668,0,,0,668,0,0,
7/30/2026 3:45:00 PM,RTD,7/30/2026 3:50:00 PM,CMIN,En,2347.99,0,0,52.43,2723.39,0,322.95,
7/30/2026 3:45:00 PM,RTD,7/30/2026 3:50:00 PM,CLUZ,En,11553.42,0,0,207.57,11810.95,0,50,
7/30/2026 3:45:00 PM,RTD,7/30/2026 3:50:00 PM,CVIS,En,2256.61,0,0,21.81,1905.50,372.95,0,
7/30/2026 3:45:00 PM,RTD,7/30/2026 3:50:00 PM,CMIN,Fr,138,0,,0,138,0,0,
7/30/2026 3:45:00 PM,RTD,7/30/2026 3:50:00 PM,CVIS,Fr,134,0,,0,134,0,0,
7/30/2026 3:45:00 PM,RTD,7/30/2026 3:50:00 PM,CLUZ,Fr,668,0,,0,668,0,0,
7/30/2026 3:45:00 PM,RTD,7/30/2026 3:50:00 PM,CMIN,Rd,47.05,0,,0,47.05,0,0,
7/30/2026 3:45:00 PM,RTD,7/30/2026 3:50:00 PM,CLUZ,Rd,251,0,,0,251,0,0,
7/30/2026 3:45:00 PM,RTD,7/30/2026 3:50:00 PM,CVIS,Rd,47.65,0,,0,47.65,0,0,
7/30/2026 3:45:00 PM,RTD,7/30/2026 3:50:00 PM,CVIS,Ru,47.65,0,,0,47.65,0,0,
7/30/2026 3:45:00 PM,RTD,7/30/2026 3:50:00 PM,CMIN,Ru,47.05,0,,0,47.05,0,0,
7/30/2026 3:45:00 PM,RTD,7/30/2026 3:50:00 PM,CLUZ,Ru,251,0,,0,251,0,0,
7/30/2026 3:50:00 PM,RTD,7/30/2026 3:55:00 PM,CVIS,Dr,93,0,,0,93,0,0,
7/30/2026 3:50:00 PM,RTD,7/30/2026 3:55:00 PM,CMIN,Dr,138,0,,0,138,0,0,
7/30/2026 3:50:00 PM,RTD,7/30/2026 3:55:00 PM,CLUZ,Dr,668,0,,0,668,0,0,
7/30/2026 3:50:00 PM,RTD,7/30/2026 3:55:00 PM,CMIN,En,2340.57,0,0,52.35,2718.78,0,325.86,
7/30/2026 3:50:00 PM,RTD,7/30/2026 3:55:00 PM,CLUZ,En,11579.56,0,0,210.86,11840.56,0,50,
7/30/2026 3:50:00 PM,RTD,7/30/2026 3:55:00 PM,CVIS,En,2238.98,0,0,21.16,1884.28,375.86,0,
7/30/2026 3:50:00 PM,RTD,7/30/2026 3:55:00 PM,CMIN,Fr,138,0,,0,138,0,0,
7/30/2026 3:50:00 PM,RTD,7/30/2026 3:55:00 PM,CVIS,Fr,134,0,,0,134,0,0,
7/30/2026 3:50:00 PM,RTD,7/30/2026 3:55:00 PM,CLUZ,Fr,668,0,,0,668,0,0,
7/30/2026 3:50:00 PM,RTD,7/30/2026 3:55:00 PM,CMIN,Rd,47.05,0,,0,47.05,0,0,
7/30/2026 3:50:00 PM,RTD,7/30/2026 3:55:00 PM,CLUZ,Rd,251,0,,0,251,0,0,
7/30/2026 3:50:00 PM,RTD,7/30/2026 3:55:00 PM,CVIS,Rd,47.65,0,,0,47.65,0,0,
7/30/2026 3:50:00 PM,RTD,7/30/2026 3:55:00 PM,CVIS,Ru,47.65,0,,0,47.65,0,0,
7/30/2026 3:50:00 PM,RTD,7/30/2026 3:55:00 PM,CMIN,Ru,47.05,0,,0,47.05,0,0,
7/30/2026 3:50:00 PM,RTD,7/30/2026 3:55:00 PM,CLUZ,Ru,251,0,,0,251,0,0,
7/30/2026 3:55:00 PM,RTD,7/30/2026 4:00:00 PM,CLUZ,Dr,668,0,,0,668,0,0,
7/30/2026 3:55:00 PM,RTD,7/30/2026 4:00:00 PM,CMIN,Dr,138,0,,0,138,0,0,
7/30/2026 3:55:00 PM,RTD,7/30/2026 4:00:00 PM,CVIS,Dr,93,0,,0,93,0,0,
7/30/2026 3:55:00 PM,RTD,7/30/2026 4:00:00 PM,CLUZ,En,11544.54,0,0,212.08,11806.54,0,50,
7/30/2026 3:55:00 PM,RTD,7/30/2026 4:00:00 PM,CMIN,En,2328.56,0,0,52.44,2710.99,0,330,
7/30/2026 3:55:00 PM,RTD,7/30/2026 4:00:00 PM,CVIS,En,2231.66,0,0,21.09,1872.74,380,0,
7/30/2026 3:55:00 PM,RTD,7/30/2026 4:00:00 PM,CLUZ,Fr,668,0,,0,668,0,0,
7/30/2026 3:55:00 PM,RTD,7/30/2026 4:00:00 PM,CVIS,Fr,134,0,,0,134,0,0,
7/30/2026 3:55:00 PM,RTD,7/30/2026 4:00:00 PM,CMIN,Fr,138,0,,0,138,0,0,
7/30/2026 3:55:00 PM,RTD,7/30/2026 4:00:00 PM,CMIN,Rd,47.05,0,,0,47.05,0,0,
7/30/2026 3:55:00 PM,RTD,7/30/2026 4:00:00 PM,CLUZ,Rd,251,0,,0,251,0,0,
7/30/2026 3:55:00 PM,RTD,7/30/2026 4:00:00 PM,CVIS,Rd,47.65,0,,0,47.65,0,0,
7/30/2026 3:55:00 PM,RTD,7/30/2026 4:00:00 PM,CMIN,Ru,47.05,0,,0,47.05,0,0,
7/30/2026 3:55:00 PM,RTD,7/30/2026 4:00:00 PM,CLUZ,Ru,251,0,,0,251,0,0,
7/30/2026 3:55:00 PM,RTD,7/30/2026 4:00:00 PM,CVIS,Ru,47.65,0,,0,47.65,0,0,
7/30/2026 4:00:00 PM,RTD,7/30/2026 4:05:00 PM,CVIS,Dr,123,0,,0,123,0,0,
7/30/2026 4:00:00 PM,RTD,7/30/2026 4:05:00 PM,CMIN,Dr,135,0,,0,135,0,0,
7/30/2026 4:00:00 PM,RTD,7/30/2026 4:05:00 PM,CLUZ,Dr,668,0,,0,668,0,0,
7/30/2026 4:00:00 PM,RTD,7/30/2026 4:05:00 PM,CMIN,En,2315.16,0,0,49.01,2716.15,0,351.99,
7/30/2026 4:00:00 PM,RTD,7/30/2026 4:05:00 PM,CLUZ,En,11514.26,0,0,212.21,11776.49,0,50,
7/30/2026 4:00:00 PM,RTD,7/30/2026 4:05:00 PM,CVIS,En,2228.31,0,0,20.19,1846.53,401.99,0,
7/30/2026 4:00:00 PM,RTD,7/30/2026 4:05:00 PM,CMIN,Fr,135,0,,0,135,0,0,
7/30/2026 4:00:00 PM,RTD,7/30/2026 4:05:00 PM,CVIS,Fr,134,0,,0,134,0,0,
7/30/2026 4:00:00 PM,RTD,7/30/2026 4:05:00 PM,CLUZ,Fr,668,0,,0,668,0,0,
7/30/2026 4:00:00 PM,RTD,7/30/2026 4:05:00 PM,CMIN,Rd,45.86,0,,0,45.86,0,0,
7/30/2026 4:00:00 PM,RTD,7/30/2026 4:05:00 PM,CLUZ,Rd,244,0,,0,244,0,0,
7/30/2026 4:00:00 PM,RTD,7/30/2026 4:05:00 PM,CVIS,Rd,48.95,0,,0,48.95,0,0,
7/30/2026 4:00:00 PM,RTD,7/30/2026 4:05:00 PM,CVIS,Ru,48.95,0,,0,48.95,0,0,
7/30/2026 4:00:00 PM,RTD,7/30/2026 4:05:00 PM,CMIN,Ru,45.86,0,,0,45.86,0,0,
7/30/2026 4:00:00 PM,RTD,7/30/2026 4:05:00 PM,CLUZ,Ru,244,0,,0,244,0,0,
7/30/2026 4:05:00 PM,RTD,7/30/2026 4:10:00 PM,CVIS,Dr,123,0,,0,123,0,0,
7/30/2026 4:05:00 PM,RTD,7/30/2026 4:10:00 PM,CMIN,Dr,135,0,,0,135,0,0,
7/30/2026 4:05:00 PM,RTD,7/30/2026 4:10:00 PM,CLUZ,Dr,668,0,,0,668,0,0,
7/30/2026 4:05:00 PM,RTD,7/30/2026 4:10:00 PM,CMIN,En,2306.31,0,0,49.04,2709.94,0,354.59,
7/30/2026 4:05:00 PM,RTD,7/30/2026 4:10:00 PM,CLUZ,En,11484.21,0,0,211.43,11745.55,0,50,
7/30/2026 4:05:00 PM,RTD,7/30/2026 4:10:00 PM,CVIS,En,2214.20,0,0,20.05,1829.67,404.59,0,
7/30/2026 4:05:00 PM,RTD,7/30/2026 4:10:00 PM,CMIN,Fr,135,0,,0,135,0,0,
7/30/2026 4:05:00 PM,RTD,7/30/2026 4:10:00 PM,CVIS,Fr,134,0,,0,134,0,0,
7/30/2026 4:05:00 PM,RTD,7/30/2026 4:10:00 PM,CLUZ,Fr,668,0,,0,668,0,0,
7/30/2026 4:05:00 PM,RTD,7/30/2026 4:10:00 PM,CMIN,Rd,45.86,0,,0,45.86,0,0,
7/30/2026 4:05:00 PM,RTD,7/30/2026 4:10:00 PM,CLUZ,Rd,244,0,,0,244,0,0,
7/30/2026 4:05:00 PM,RTD,7/30/2026 4:10:00 PM,CVIS,Rd,48.95,0,,0,48.95,0,0,
7/30/2026 4:05:00 PM,RTD,7/30/2026 4:10:00 PM,CVIS,Ru,48.95,0,,0,48.95,0,0,
7/30/2026 4:05:00 PM,RTD,7/30/2026 4:10:00 PM,CMIN,Ru,45.86,0,,0,45.86,0,0,
7/30/2026 4:05:00 PM,RTD,7/30/2026 4:10:00 PM,CLUZ,Ru,244,0,,0,244,0,0,
7/30/2026 4:10:00 PM,RTD,7/30/2026 4:15:00 PM,CVIS,Dr,123,0,,0,123,0,0,
7/30/2026 4:10:00 PM,RTD,7/30/2026 4:15:00 PM,CMIN,Dr,135,0,,0,135,0,0,
7/30/2026 4:10:00 PM,RTD,7/30/2026 4:15:00 PM,CLUZ,Dr,668,0,,0,668,0,0,
7/30/2026 4:10:00 PM,RTD,7/30/2026 4:15:00 PM,CMIN,En,2307.57,0,0,48.81,2716.86,0,360.46,
7/30/2026 4:10:00 PM,RTD,7/30/2026 4:15:00 PM,CLUZ,En,11450.39,0,0,209.18,11709.63,0,50,
7/30/2026 4:10:00 PM,RTD,7/30/2026 4:15:00 PM,CVIS,En,2227.99,0,0,20.11,1837.62,410.46,0,
7/30/2026 4:10:00 PM,RTD,7/30/2026 4:15:00 PM,CMIN,Fr,135,0,,0,135,0,0,
7/30/2026 4:10:00 PM,RTD,7/30/2026 4:15:00 PM,CVIS,Fr,134,0,,0,134,0,0,
7/30/2026 4:10:00 PM,RTD,7/30/2026 4:15:00 PM,CLUZ,Fr,668,0,,0,668,0,0,
7/30/2026 4:10:00 PM,RTD,7/30/2026 4:15:00 PM,CMIN,Rd,45.86,0,,0,45.86,0,0,
7/30/2026 4:10:00 PM,RTD,7/30/2026 4:15:00 PM,CLUZ,Rd,244,0,,0,244,0,0,
7/30/2026 4:10:00 PM,RTD,7/30/2026 4:15:00 PM,CVIS,Rd,48.95,0,,0,48.95,0,0,
7/30/2026 4:10:00 PM,RTD,7/30/2026 4:15:00 PM,CVIS,Ru,48.95,0,,0,48.95,0,0,
7/30/2026 4:10:00 PM,RTD,7/30/2026 4:15:00 PM,CMIN,Ru,45.86,0,,0,45.86,0,0,
7/30/2026 4:10:00 PM,RTD,7/30/2026 4:15:00 PM,CLUZ,Ru,244,0,,0,244,0,0,
7/30/2026 4:15:00 PM,RTD,7/30/2026 4:20:00 PM,CVIS,Dr,123,0,,0,123,0,0,
7/30/2026 4:15:00 PM,RTD,7/30/2026 4:20:00 PM,CMIN,Dr,135,0,,0,135,0,0,
7/30/2026 4:15:00 PM,RTD,7/30/2026 4:20:00 PM,CLUZ,Dr,668,0,,0,668,0,0,
7/30/2026 4:15:00 PM,RTD,7/30/2026 4:20:00 PM,CMIN,En,2302.14,0,0,47.99,2727.62,0,377.52,
7/30/2026 4:15:00 PM,RTD,7/30/2026 4:20:00 PM,CLUZ,En,11461.27,0,0,210.16,11721.41,0,50,
7/30/2026 4:15:00 PM,RTD,7/30/2026 4:20:00 PM,CVIS,En,2248.36,0,0,20.31,1841.17,427.52,0,
7/30/2026 4:15:00 PM,RTD,7/30/2026 4:20:00 PM,CMIN,Fr,135,0,,0,135,0,0,
7/30/2026 4:15:00 PM,RTD,7/30/2026 4:20:00 PM,CVIS,Fr,134,0,,0,134,0,0,
7/30/2026 4:15:00 PM,RTD,7/30/2026 4:20:00 PM,CLUZ,Fr,668,0,,0,668,0,0,
7/30/2026 4:15:00 PM,RTD,7/30/2026 4:20:00 PM,CMIN,Rd,45.86,0,,0,45.86,0,0,
7/30/2026 4:15:00 PM,RTD,7/30/2026 4:20:00 PM,CLUZ,Rd,244,0,,0,244,0,0,
7/30/2026 4:15:00 PM,RTD,7/30/2026 4:20:00 PM,CVIS,Rd,48.95,0,,0,48.95,0,0,
7/30/2026 4:15:00 PM,RTD,7/30/2026 4:20:00 PM,CVIS,Ru,48.95,0,,0,48.95,0,0,
7/30/2026 4:15:00 PM,RTD,7/30/2026 4:20:00 PM,CMIN,Ru,45.86,0,,0,45.86,0,0,
7/30/2026 4:15:00 PM,RTD,7/30/2026 4:20:00 PM,CLUZ,Ru,244,0,,0,244,0,0,
7/30/2026 4:20:00 PM,RTD,7/30/2026 4:25:00 PM,CVIS,Dr,123,0,,0,123,0,0,
7/30/2026 4:20:00 PM,RTD,7/30/2026 4:25:00 PM,CMIN,Dr,135,0,,0,135,0,0,
7/30/2026 4:20:00 PM,RTD,7/30/2026 4:25:00 PM,CLUZ,Dr,668,0,,0,668,0,0,
7/30/2026 4:20:00 PM,RTD,7/30/2026 4:25:00 PM,CMIN,En,2311.62,0,0,48.21,2727.03,0,367.20,
7/30/2026 4:20:00 PM,RTD,7/30/2026 4:25:00 PM,CLUZ,En,11449.68,0,0,206.76,11706.37,0,50,
7/30/2026 4:20:00 PM,RTD,7/30/2026 4:25:00 PM,CVIS,En,2244.15,0,0,20.49,1847.45,417.20,0,
7/30/2026 4:20:00 PM,RTD,7/30/2026 4:25:00 PM,CMIN,Fr,135,0,,0,135,0,0,
7/30/2026 4:20:00 PM,RTD,7/30/2026 4:25:00 PM,CVIS,Fr,134,0,,0,134,0,0,
7/30/2026 4:20:00 PM,RTD,7/30/2026 4:25:00 PM,CLUZ,Fr,668,0,,0,668,0,0,
7/30/2026 4:20:00 PM,RTD,7/30/2026 4:25:00 PM,CMIN,Rd,45.86,0,,0,45.86,0,0,
7/30/2026 4:20:00 PM,RTD,7/30/2026 4:25:00 PM,CLUZ,Rd,244,0,,0,244,0,0,
7/30/2026 4:20:00 PM,RTD,7/30/2026 4:25:00 PM,CVIS,Rd,48.95,0,,0,48.95,0,0,
7/30/2026 4:20:00 PM,RTD,7/30/2026 4:25:00 PM,CVIS,Ru,48.95,0,,0,48.95,0,0,
7/30/2026 4:20:00 PM,RTD,7/30/2026 4:25:00 PM,CMIN,Ru,45.86,0,,0,45.86,0,0,
7/30/2026 4:20:00 PM,RTD,7/30/2026 4:25:00 PM,CLUZ,Ru,244,0,,0,244,0,0,
7/30/2026 4:25:00 PM,RTD,7/30/2026 4:30:00 PM,CVIS,Dr,123,0,,0,123,0,0,
7/30/2026 4:25:00 PM,RTD,7/30/2026 4:30:00 PM,CMIN,Dr,135,0,,0,135,0,0,
7/30/2026 4:25:00 PM,RTD,7/30/2026 4:30:00 PM,CLUZ,Dr,668,0,,0,668,0,0,
7/30/2026 4:25:00 PM,RTD,7/30/2026 4:30:00 PM,CMIN,En,2309.44,0,0,48.35,2725.81,0,368.02,
7/30/2026 4:25:00 PM,RTD,7/30/2026 4:30:00 PM,CLUZ,En,11449.37,0,0,206.29,11705.73,0,50,
7/30/2026 4:25:00 PM,RTD,7/30/2026 4:30:00 PM,CVIS,En,2243.54,0,0,20.39,1845.87,418.02,0,
7/30/2026 4:25:00 PM,RTD,7/30/2026 4:30:00 PM,CMIN,Fr,135,0,,0,135,0,0,
7/30/2026 4:25:00 PM,RTD,7/30/2026 4:30:00 PM,CVIS,Fr,134,0,,0,134,0,0,
7/30/2026 4:25:00 PM,RTD,7/30/2026 4:30:00 PM,CLUZ,Fr,668,0,,0,668,0,0,
7/30/2026 4:25:00 PM,RTD,7/30/2026 4:30:00 PM,CMIN,Rd,45.86,0,,0,45.86,0,0,
7/30/2026 4:25:00 PM,RTD,7/30/2026 4:30:00 PM,CLUZ,Rd,244,0,,0,244,0,0,
7/30/2026 4:25:00 PM,RTD,7/30/2026 4:30:00 PM,CVIS,Rd,48.95,0,,0,48.95,0,0,
7/30/2026 4:25:00 PM,RTD,7/30/2026 4:30:00 PM,CVIS,Ru,48.95,0,,0,48.95,0,0,
7/30/2026 4:25:00 PM,RTD,7/30/2026 4:30:00 PM,CMIN,Ru,45.86,0,,0,45.86,0,0,
7/30/2026 4:25:00 PM,RTD,7/30/2026 4:30:00 PM,CLUZ,Ru,244,0,,0,244,0,0,
7/30/2026 4:30:00 PM,RTD,7/30/2026 4:35:00 PM,CVIS,Dr,123,0,,0,123,0,0,
7/30/2026 4:30:00 PM,RTD,7/30/2026 4:35:00 PM,CMIN,Dr,135,0,,0,135,0,0,
7/30/2026 4:30:00 PM,RTD,7/30/2026 4:35:00 PM,CLUZ,Dr,668,0,,0,668,0,0,
7/30/2026 4:30:00 PM,RTD,7/30/2026 4:35:00 PM,CMIN,En,2302.26,0,0,47.84,2724.45,0,374.32,
7/30/2026 4:30:00 PM,RTD,7/30/2026 4:35:00 PM,CLUZ,En,11422.25,0,0,209.94,11682.21,0,50,
7/30/2026 4:30:00 PM,RTD,7/30/2026 4:35:00 PM,CVIS,En,2239.41,0,0,20.40,1835.49,424.32,0,
7/30/2026 4:30:00 PM,RTD,7/30/2026 4:35:00 PM,CMIN,Fr,135,0,,0,135,0,0,
7/30/2026 4:30:00 PM,RTD,7/30/2026 4:35:00 PM,CVIS,Fr,134,0,,0,134,0,0,
7/30/2026 4:30:00 PM,RTD,7/30/2026 4:35:00 PM,CLUZ,Fr,668,0,,0,668,0,0,
7/30/2026 4:30:00 PM,RTD,7/30/2026 4:35:00 PM,CMIN,Rd,45.86,0,,0,45.86,0,0,
7/30/2026 4:30:00 PM,RTD,7/30/2026 4:35:00 PM,CLUZ,Rd,244,0,,0,244,0,0,
7/30/2026 4:30:00 PM,RTD,7/30/2026 4:35:00 PM,CVIS,Rd,48.95,0,,0,48.95,0,0,
7/30/2026 4:30:00 PM,RTD,7/30/2026 4:35:00 PM,CVIS,Ru,48.95,0,,0,48.95,0,0,
7/30/2026 4:30:00 PM,RTD,7/30/2026 4:35:00 PM,CMIN,Ru,45.86,0,,0,45.86,0,0,
7/30/2026 4:30:00 PM,RTD,7/30/2026 4:35:00 PM,CLUZ,Ru,244,0,,0,244,0,0,
7/30/2026 4:35:00 PM,RTD,7/30/2026 4:40:00 PM,CLUZ,Dr,668,0,,0,668,0,0,
7/30/2026 4:35:00 PM,RTD,7/30/2026 4:40:00 PM,CMIN,Dr,135,0,,0,135,0,0,
7/30/2026 4:35:00 PM,RTD,7/30/2026 4:40:00 PM,CVIS,Dr,123,0,,0,123,0,0,
7/30/2026 4:35:00 PM,RTD,7/30/2026 4:40:00 PM,CLUZ,En,11405.98,0,0,209.79,11665.63,0,50,
7/30/2026 4:35:00 PM,RTD,7/30/2026 4:40:00 PM,CMIN,En,2307.13,0,0,47.82,2725.04,0,370.10,
7/30/2026 4:35:00 PM,RTD,7/30/2026 4:40:00 PM,CVIS,En,2239.88,0,0,20.48,1840.26,420.10,0,
7/30/2026 4:35:00 PM,RTD,7/30/2026 4:40:00 PM,CMIN,Fr,135,0,,0,135,0,0,
7/30/2026 4:35:00 PM,RTD,7/30/2026 4:40:00 PM,CLUZ,Fr,668,0,,0,668,0,0,
7/30/2026 4:35:00 PM,RTD,7/30/2026 4:40:00 PM,CVIS,Fr,134,0,,0,134,0,0,
7/30/2026 4:35:00 PM,RTD,7/30/2026 4:40:00 PM,CVIS,Rd,48.95,0,,0,48.95,0,0,
7/30/2026 4:35:00 PM,RTD,7/30/2026 4:40:00 PM,CLUZ,Rd,244,0,,0,244,0,0,
7/30/2026 4:35:00 PM,RTD,7/30/2026 4:40:00 PM,CMIN,Rd,45.86,0,,0,45.86,0,0,
7/30/2026 4:35:00 PM,RTD,7/30/2026 4:40:00 PM,CMIN,Ru,45.86,0,,0,45.86,0,0,
7/30/2026 4:35:00 PM,RTD,7/30/2026 4:40:00 PM,CLUZ,Ru,244,0,,0,244,0,0,
7/30/2026 4:35:00 PM,RTD,7/30/2026 4:40:00 PM,CVIS,Ru,48.95,0,,0,48.95,0,0,
7/30/2026 4:40:00 PM,RTD,7/30/2026 4:45:00 PM,CMIN,Dr,135,0,,0,135,0,0,
7/30/2026 4:40:00 PM,RTD,7/30/2026 4:45:00 PM,CVIS,Dr,123,0,,0,123,0,0,
7/30/2026 4:40:00 PM,RTD,7/30/2026 4:45:00 PM,CLUZ,Dr,668,0,,0,668,0,0,
7/30/2026 4:40:00 PM,RTD,7/30/2026 4:45:00 PM,CMIN,En,2304,0,0,48.15,2721.37,0,369.25,
7/30/2026 4:40:00 PM,RTD,7/30/2026 4:45:00 PM,CVIS,En,2236.75,0,0,20,1837.52,419.25,0,
7/30/2026 4:40:00 PM,RTD,7/30/2026 4:45:00 PM,CLUZ,En,11380.55,0,0,209.53,11639.95,0,50,
7/30/2026 4:40:00 PM,RTD,7/30/2026 4:45:00 PM,CLUZ,Fr,668,0,,0,668,0,0,
7/30/2026 4:40:00 PM,RTD,7/30/2026 4:45:00 PM,CMIN,Fr,135,0,,0,135,0,0,
7/30/2026 4:40:00 PM,RTD,7/30/2026 4:45:00 PM,CVIS,Fr,134,0,,0,134,0,0,
7/30/2026 4:40:00 PM,RTD,7/30/2026 4:45:00 PM,CLUZ,Rd,244,0,,0,244,0,0,
7/30/2026 4:40:00 PM,RTD,7/30/2026 4:45:00 PM,CVIS,Rd,48.95,0,,0,48.95,0,0,
7/30/2026 4:40:00 PM,RTD,7/30/2026 4:45:00 PM,CMIN,Rd,45.86,0,,0,45.86,0,0,
7/30/2026 4:40:00 PM,RTD,7/30/2026 4:45:00 PM,CVIS,Ru,48.95,0,,0,48.95,0,0,
7/30/2026 4:40:00 PM,RTD,7/30/2026 4:45:00 PM,CMIN,Ru,45.86,0,,0,45.86,0,0,
7/30/2026 4:40:00 PM,RTD,7/30/2026 4:45:00 PM,CLUZ,Ru,244,0,,0,244,0,0,
7/30/2026 4:45:00 PM,RTD,7/30/2026 4:50:00 PM,CMIN,Dr,135,0,,0,135,0,0,
7/30/2026 4:45:00 PM,RTD,7/30/2026 4:50:00 PM,CVIS,Dr,123,0,,0,123,0,0,
7/30/2026 4:45:00 PM,RTD,7/30/2026 4:50:00 PM,CLUZ,Dr,668,0,,0,668,0,0,
7/30/2026 4:45:00 PM,RTD,7/30/2026 4:50:00 PM,CMIN,En,2297.05,0,0,47.86,2714.91,0,369.99,
7/30/2026 4:45:00 PM,RTD,7/30/2026 4:50:00 PM,CVIS,En,2229.96,0,0,19.72,1829.71,419.99,0,
7/30/2026 4:45:00 PM,RTD,7/30/2026 4:50:00 PM,CLUZ,En,11389.47,0,0,208.24,11647.58,0,50,
7/30/2026 4:45:00 PM,RTD,7/30/2026 4:50:00 PM,CMIN,Fr,135,0,,0,135,0,0,
7/30/2026 4:45:00 PM,RTD,7/30/2026 4:50:00 PM,CVIS,Fr,134,0,,0,134,0,0,
7/30/2026 4:45:00 PM,RTD,7/30/2026 4:50:00 PM,CLUZ,Fr,668,0,,0,668,0,0,
7/30/2026 4:45:00 PM,RTD,7/30/2026 4:50:00 PM,CMIN,Rd,45.86,0,,0,45.86,0,0,
7/30/2026 4:45:00 PM,RTD,7/30/2026 4:50:00 PM,CLUZ,Rd,244,0,,0,244,0,0,
7/30/2026 4:45:00 PM,RTD,7/30/2026 4:50:00 PM,CVIS,Rd,48.95,0,,0,48.95,0,0,
7/30/2026 4:45:00 PM,RTD,7/30/2026 4:50:00 PM,CVIS,Ru,48.95,0,,0,48.95,0,0,
7/30/2026 4:45:00 PM,RTD,7/30/2026 4:50:00 PM,CMIN,Ru,45.86,0,,0,45.86,0,0,
7/30/2026 4:45:00 PM,RTD,7/30/2026 4:50:00 PM,CLUZ,Ru,244,0,,0,244,0,0,
7/30/2026 4:50:00 PM,RTD,7/30/2026 4:55:00 PM,CMIN,Dr,135,0,,0,135,0,0,
7/30/2026 4:50:00 PM,RTD,7/30/2026 4:55:00 PM,CVIS,Dr,123,0,,0,123,0,0,
7/30/2026 4:50:00 PM,RTD,7/30/2026 4:55:00 PM,CLUZ,Dr,668,0,,0,668,0,0,
7/30/2026 4:50:00 PM,RTD,7/30/2026 4:55:00 PM,CMIN,En,2291.69,0,0,49.38,2702.85,0,361.82,
7/30/2026 4:50:00 PM,RTD,7/30/2026 4:55:00 PM,CLUZ,En,11335.01,0,0,206.35,11591.37,0,50,
7/30/2026 4:50:00 PM,RTD,7/30/2026 4:55:00 PM,CVIS,En,2221.58,0,0,19.62,1829.43,411.82,0,
7/30/2026 4:50:00 PM,RTD,7/30/2026 4:55:00 PM,CLUZ,Fr,668,0,,0,668,0,0,
7/30/2026 4:50:00 PM,RTD,7/30/2026 4:55:00 PM,CVIS,Fr,134,0,,0,134,0,0,
7/30/2026 4:50:00 PM,RTD,7/30/2026 4:55:00 PM,CMIN,Fr,135,0,,0,135,0,0,
7/30/2026 4:50:00 PM,RTD,7/30/2026 4:55:00 PM,CMIN,Rd,45.86,0,,0,45.86,0,0,
7/30/2026 4:50:00 PM,RTD,7/30/2026 4:55:00 PM,CVIS,Rd,48.95,0,,0,48.95,0,0,
7/30/2026 4:50:00 PM,RTD,7/30/2026 4:55:00 PM,CLUZ,Rd,244,0,,0,244,0,0,
7/30/2026 4:50:00 PM,RTD,7/30/2026 4:55:00 PM,CLUZ,Ru,244,0,,0,244,0,0,
7/30/2026 4:50:00 PM,RTD,7/30/2026 4:55:00 PM,CMIN,Ru,45.86,0,,0,45.86,0,0,
7/30/2026 4:50:00 PM,RTD,7/30/2026 4:55:00 PM,CVIS,Ru,48.95,0,,0,48.95,0,0,
7/30/2026 4:55:00 PM,RTD,7/30/2026 5:00:00 PM,CLUZ,Dr,668,0,,0,668,0,0,
7/30/2026 4:55:00 PM,RTD,7/30/2026 5:00:00 PM,CVIS,Dr,123,0,,0,123,0,0,
7/30/2026 4:55:00 PM,RTD,7/30/2026 5:00:00 PM,CMIN,Dr,135,0,,0,135,0,0,
7/30/2026 4:55:00 PM,RTD,7/30/2026 5:00:00 PM,CVIS,En,2223.54,0,0,19.43,1802.99,440.02,0,
7/30/2026 4:55:00 PM,RTD,7/30/2026 5:00:00 PM,CLUZ,En,11231.88,0,0,204.86,11486.67,0,50,
7/30/2026 4:55:00 PM,RTD,7/30/2026 5:00:00 PM,CMIN,En,2277.86,0,0,46.92,2714.79,0,390.02,
7/30/2026 4:55:00 PM,RTD,7/30/2026 5:00:00 PM,CVIS,Fr,134,0,,0,134,0,0,
7/30/2026 4:55:00 PM,RTD,7/30/2026 5:00:00 PM,CLUZ,Fr,668,0,,0,668,0,0,
7/30/2026 4:55:00 PM,RTD,7/30/2026 5:00:00 PM,CMIN,Fr,135,0,,0,135,0,0,
7/30/2026 4:55:00 PM,RTD,7/30/2026 5:00:00 PM,CVIS,Rd,48.95,0,,0,48.95,0,0,
7/30/2026 4:55:00 PM,RTD,7/30/2026 5:00:00 PM,CLUZ,Rd,244,0,,0,244,0,0,
7/30/2026 4:55:00 PM,RTD,7/30/2026 5:00:00 PM,CMIN,Rd,45.86,0,,0,45.86,0,0,
7/30/2026 4:55:00 PM,RTD,7/30/2026 5:00:00 PM,CVIS,Ru,48.95,0,,0,48.95,0,0,
7/30/2026 4:55:00 PM,RTD,7/30/2026 5:00:00 PM,CLUZ,Ru,244,0,,0,244,0,0,
7/30/2026 4:55:00 PM,RTD,7/30/2026 5:00:00 PM,CMIN,Ru,45.86,0,,0,45.86,0,0,
7/30/2026 5:00:00 PM,RTD,7/30/2026 5:05:00 PM,CVIS,Dr,123,0,,0,123,0,0,
7/30/2026 5:00:00 PM,RTD,7/30/2026 5:05:00 PM,CMIN,Dr,138,0,,0,138,0,0,
7/30/2026 5:00:00 PM,RTD,7/30/2026 5:05:00 PM,CLUZ,Dr,668,0,,0,668,0,0,
7/30/2026 5:00:00 PM,RTD,7/30/2026 5:05:00 PM,CMIN,En,2262.82,0,0,44.99,2728.63,0,420.85,
7/30/2026 5:00:00 PM,RTD,7/30/2026 5:05:00 PM,CLUZ,En,11200.36,0,0,204.31,11454.96,0,50,
7/30/2026 5:00:00 PM,RTD,7/30/2026 5:05:00 PM,CVIS,En,2200.76,0,0,18.57,1748.49,470.85,0,
7/30/2026 5:00:00 PM,RTD,7/30/2026 5:05:00 PM,CMIN,Fr,138,0,,0,138,0,0,
7/30/2026 5:00:00 PM,RTD,7/30/2026 5:05:00 PM,CVIS,Fr,134,0,,0,134,0,0,
7/30/2026 5:00:00 PM,RTD,7/30/2026 5:05:00 PM,CLUZ,Fr,668,0,,0,668,0,0,
7/30/2026 5:00:00 PM,RTD,7/30/2026 5:05:00 PM,CMIN,Rd,46.71,0,,0,46.71,0,0,
7/30/2026 5:00:00 PM,RTD,7/30/2026 5:05:00 PM,CLUZ,Rd,235,0,,0,235,0,0,
7/30/2026 5:00:00 PM,RTD,7/30/2026 5:05:00 PM,CVIS,Rd,45.80,0,,0,45.80,0,0,
7/30/2026 5:00:00 PM,RTD,7/30/2026 5:05:00 PM,CVIS,Ru,45.80,0,,0,45.80,0,0,
7/30/2026 5:00:00 PM,RTD,7/30/2026 5:05:00 PM,CMIN,Ru,46.71,0,,0,46.71,0,0,
7/30/2026 5:00:00 PM,RTD,7/30/2026 5:05:00 PM,CLUZ,Ru,235,0,,0,235,0,0,
7/30/2026 5:05:00 PM,RTD,7/30/2026 5:10:00 PM,CVIS,Dr,123,0,,0,123,0,0,
7/30/2026 5:05:00 PM,RTD,7/30/2026 5:10:00 PM,CMIN,Dr,138,0,,0,138,0,0,
7/30/2026 5:05:00 PM,RTD,7/30/2026 5:10:00 PM,CLUZ,Dr,668,0,,0,668,0,0,
7/30/2026 5:05:00 PM,RTD,7/30/2026 5:10:00 PM,CMIN,En,2258.54,0,0,45.55,2718.82,0,414.72,
7/30/2026 5:05:00 PM,RTD,7/30/2026 5:10:00 PM,CLUZ,En,11151.55,0,0,203.19,11404.77,0,50,
7/30/2026 5:05:00 PM,RTD,7/30/2026 5:10:00 PM,CVIS,En,2188.91,0,0,18.36,1742.57,464.72,0,
7/30/2026 5:05:00 PM,RTD,7/30/2026 5:10:00 PM,CMIN,Fr,138,0,,0,138,0,0,
7/30/2026 5:05:00 PM,RTD,7/30/2026 5:10:00 PM,CVIS,Fr,134,0,,0,134,0,0,
7/30/2026 5:05:00 PM,RTD,7/30/2026 5:10:00 PM,CLUZ,Fr,668,0,,0,668,0,0,
7/30/2026 5:05:00 PM,RTD,7/30/2026 5:10:00 PM,CMIN,Rd,46.71,0,,0,46.71,0,0,
7/30/2026 5:05:00 PM,RTD,7/30/2026 5:10:00 PM,CLUZ,Rd,235,0,,0,235,0,0,
7/30/2026 5:05:00 PM,RTD,7/30/2026 5:10:00 PM,CVIS,Rd,45.80,0,,0,45.80,0,0,
7/30/2026 5:05:00 PM,RTD,7/30/2026 5:10:00 PM,CVIS,Ru,45.80,0,,0,45.80,0,0,
7/30/2026 5:05:00 PM,RTD,7/30/2026 5:10:00 PM,CMIN,Ru,46.71,0,,0,46.71,0,0,
7/30/2026 5:05:00 PM,RTD,7/30/2026 5:10:00 PM,CLUZ,Ru,235,0,,0,235,0,0,
7/30/2026 5:10:00 PM,RTD,7/30/2026 5:15:00 PM,CVIS,Dr,123,0,,0,123,0,0,
7/30/2026 5:10:00 PM,RTD,7/30/2026 5:15:00 PM,CMIN,Dr,138,0,,0,138,0,0,
7/30/2026 5:10:00 PM,RTD,7/30/2026 5:15:00 PM,CLUZ,Dr,668,0,,0,668,0,0,
7/30/2026 5:10:00 PM,RTD,7/30/2026 5:15:00 PM,CMIN,En,2280.46,0,0,45.22,2738.28,0,412.61,
7/30/2026 5:10:00 PM,RTD,7/30/2026 5:15:00 PM,CLUZ,En,11112.76,0,0,204.32,11367.08,0,50,
7/30/2026 5:10:00 PM,RTD,7/30/2026 5:15:00 PM,CVIS,En,2183.33,0,0,18.27,1738.98,462.61,0,
7/30/2026 5:10:00 PM,RTD,7/30/2026 5:15:00 PM,CMIN,Fr,138,0,,0,138,0,0,
7/30/2026 5:10:00 PM,RTD,7/30/2026 5:15:00 PM,CVIS,Fr,134,0,,0,134,0,0,
7/30/2026 5:10:00 PM,RTD,7/30/2026 5:15:00 PM,CLUZ,Fr,668,0,,0,668,0,0,
7/30/2026 5:10:00 PM,RTD,7/30/2026 5:15:00 PM,CMIN,Rd,46.71,0,,0,46.71,0,0,
7/30/2026 5:10:00 PM,RTD,7/30/2026 5:15:00 PM,CLUZ,Rd,235,0,,0,235,0,0,
7/30/2026 5:10:00 PM,RTD,7/30/2026 5:15:00 PM,CVIS,Rd,45.80,0,,0,45.80,0,0,
7/30/2026 5:10:00 PM,RTD,7/30/2026 5:15:00 PM,CVIS,Ru,45.80,0,,0,45.80,0,0,
7/30/2026 5:10:00 PM,RTD,7/30/2026 5:15:00 PM,CMIN,Ru,46.71,0,,0,46.71,0,0,
7/30/2026 5:10:00 PM,RTD,7/30/2026 5:15:00 PM,CLUZ,Ru,235,0,,0,235,0,0,
7/30/2026 5:15:00 PM,RTD,7/30/2026 5:20:00 PM,CVIS,Dr,123,0,,0,123,0,0,
7/30/2026 5:15:00 PM,RTD,7/30/2026 5:20:00 PM,CMIN,Dr,138,0,,0,138,0,0,
7/30/2026 5:15:00 PM,RTD,7/30/2026 5:20:00 PM,CLUZ,Dr,668,0,,0,668,0,0,
7/30/2026 5:15:00 PM,RTD,7/30/2026 5:20:00 PM,CMIN,En,2287.47,0,0,44.87,2743.12,0,410.80,
7/30/2026 5:15:00 PM,RTD,7/30/2026 5:20:00 PM,CLUZ,En,11106.77,0,0,203.99,11360.84,0,50,
7/30/2026 5:15:00 PM,RTD,7/30/2026 5:20:00 PM,CVIS,En,2177.43,0,0,18.29,1734.91,460.80,0,
7/30/2026 5:15:00 PM,RTD,7/30/2026 5:20:00 PM,CMIN,Fr,138,0,,0,138,0,0,
7/30/2026 5:15:00 PM,RTD,7/30/2026 5:20:00 PM,CVIS,Fr,134,0,,0,134,0,0,
7/30/2026 5:15:00 PM,RTD,7/30/2026 5:20:00 PM,CLUZ,Fr,668,0,,0,668,0,0,
7/30/2026 5:15:00 PM,RTD,7/30/2026 5:20:00 PM,CMIN,Rd,46.71,0,,0,46.71,0,0,
7/30/2026 5:15:00 PM,RTD,7/30/2026 5:20:00 PM,CLUZ,Rd,235,0,,0,235,0,0,
7/30/2026 5:15:00 PM,RTD,7/30/2026 5:20:00 PM,CVIS,Rd,45.80,0,,0,45.80,0,0,
7/30/2026 5:15:00 PM,RTD,7/30/2026 5:20:00 PM,CVIS,Ru,45.80,0,,0,45.80,0,0,
7/30/2026 5:15:00 PM,RTD,7/30/2026 5:20:00 PM,CMIN,Ru,46.71,0,,0,46.71,0,0,
7/30/2026 5:15:00 PM,RTD,7/30/2026 5:20:00 PM,CLUZ,Ru,235,0,,0,235,0,0,
7/30/2026 5:20:00 PM,RTD,7/30/2026 5:25:00 PM,CVIS,Dr,123,0,,0,123,0,0,
7/30/2026 5:20:00 PM,RTD,7/30/2026 5:25:00 PM,CMIN,Dr,138,0,,0,138,0,0,
7/30/2026 5:20:00 PM,RTD,7/30/2026 5:25:00 PM,CLUZ,Dr,668,0,,0,668,0,0,
7/30/2026 5:20:00 PM,RTD,7/30/2026 5:25:00 PM,CMIN,En,2276.68,0,0,45.20,2734.31,0,412.46,
7/30/2026 5:20:00 PM,RTD,7/30/2026 5:25:00 PM,CLUZ,En,11103.83,0,0,204.55,11358.39,0,50,
7/30/2026 5:20:00 PM,RTD,7/30/2026 5:25:00 PM,CVIS,En,2174.46,0,0,18.31,1730.31,462.46,0,
7/30/2026 5:20:00 PM,RTD,7/30/2026 5:25:00 PM,CMIN,Fr,138,0,,0,138,0,0,
7/30/2026 5:20:00 PM,RTD,7/30/2026 5:25:00 PM,CVIS,Fr,134,0,,0,134,0,0,
7/30/2026 5:20:00 PM,RTD,7/30/2026 5:25:00 PM,CLUZ,Fr,668,0,,0,668,0,0,
7/30/2026 5:20:00 PM,RTD,7/30/2026 5:25:00 PM,CMIN,Rd,46.71,0,,0,46.71,0,0,
7/30/2026 5:20:00 PM,RTD,7/30/2026 5:25:00 PM,CLUZ,Rd,235,0,,0,235,0,0,
7/30/2026 5:20:00 PM,RTD,7/30/2026 5:25:00 PM,CVIS,Rd,45.80,0,,0,45.80,0,0,
7/30/2026 5:20:00 PM,RTD,7/30/2026 5:25:00 PM,CVIS,Ru,45.80,0,,0,45.80,0,0,
7/30/2026 5:20:00 PM,RTD,7/30/2026 5:25:00 PM,CMIN,Ru,46.71,0,,0,46.71,0,0,
7/30/2026 5:20:00 PM,RTD,7/30/2026 5:25:00 PM,CLUZ,Ru,235,0,,0,235,0,0,
7/30/2026 5:25:00 PM,RTD,7/30/2026 5:30:00 PM,CVIS,Dr,123,0,,0,123,0,0,
7/30/2026 5:25:00 PM,RTD,7/30/2026 5:30:00 PM,CMIN,Dr,138,0,,0,138,0,0,
7/30/2026 5:25:00 PM,RTD,7/30/2026 5:30:00 PM,CLUZ,Dr,668,0,,0,668,0,0,
7/30/2026 5:25:00 PM,RTD,7/30/2026 5:30:00 PM,CMIN,En,2290.41,0,0,45.18,2746.93,0,411.33,
7/30/2026 5:25:00 PM,RTD,7/30/2026 5:30:00 PM,CLUZ,En,11094.33,0,0,204.62,11348.92,0,50,
7/30/2026 5:25:00 PM,RTD,7/30/2026 5:30:00 PM,CVIS,En,2178.30,0,0,18.83,1735.81,461.33,0,
7/30/2026 5:25:00 PM,RTD,7/30/2026 5:30:00 PM,CMIN,Fr,138,0,,0,138,0,0,
7/30/2026 5:25:00 PM,RTD,7/30/2026 5:30:00 PM,CVIS,Fr,134,0,,0,134,0,0,
7/30/2026 5:25:00 PM,RTD,7/30/2026 5:30:00 PM,CLUZ,Fr,668,0,,0,668,0,0,
7/30/2026 5:25:00 PM,RTD,7/30/2026 5:30:00 PM,CMIN,Rd,46.71,0,,0,46.71,0,0,
7/30/2026 5:25:00 PM,RTD,7/30/2026 5:30:00 PM,CLUZ,Rd,235,0,,0,235,0,0,
7/30/2026 5:25:00 PM,RTD,7/30/2026 5:30:00 PM,CVIS,Rd,45.80,0,,0,45.80,0,0,
7/30/2026 5:25:00 PM,RTD,7/30/2026 5:30:00 PM,CVIS,Ru,45.80,0,,0,45.80,0,0,
7/30/2026 5:25:00 PM,RTD,7/30/2026 5:30:00 PM,CMIN,Ru,46.71,0,,0,46.71,0,0,
7/30/2026 5:25:00 PM,RTD,7/30/2026 5:30:00 PM,CLUZ,Ru,235,0,,0,235,0,0,
7/30/2026 5:30:00 PM,RTD,7/30/2026 5:35:00 PM,CVIS,Dr,123,0,,0,123,0,0,
7/30/2026 5:30:00 PM,RTD,7/30/2026 5:35:00 PM,CMIN,Dr,138,0,,0,138,0,0,
7/30/2026 5:30:00 PM,RTD,7/30/2026 5:35:00 PM,CLUZ,Dr,668,0,,0,668,0,0,
7/30/2026 5:30:00 PM,RTD,7/30/2026 5:35:00 PM,CMIN,En,2292.54,0,0,44.14,2754.28,0,417.58,
7/30/2026 5:30:00 PM,RTD,7/30/2026 5:35:00 PM,CLUZ,En,11073.49,0,0,205.33,11328.96,0,50,
7/30/2026 5:30:00 PM,RTD,7/30/2026 5:35:00 PM,CVIS,En,2176.68,0,0,19.43,1728.52,467.58,0,
7/30/2026 5:30:00 PM,RTD,7/30/2026 5:35:00 PM,CMIN,Fr,138,0,,0,138,0,0,
7/30/2026 5:30:00 PM,RTD,7/30/2026 5:35:00 PM,CVIS,Fr,134,0,,0,134,0,0,
7/30/2026 5:30:00 PM,RTD,7/30/2026 5:35:00 PM,CLUZ,Fr,668,0,,0,668,0,0,
7/30/2026 5:30:00 PM,RTD,7/30/2026 5:35:00 PM,CMIN,Rd,46.71,0,,0,46.71,0,0,
7/30/2026 5:30:00 PM,RTD,7/30/2026 5:35:00 PM,CLUZ,Rd,235,0,,0,235,0,0,
7/30/2026 5:30:00 PM,RTD,7/30/2026 5:35:00 PM,CVIS,Rd,45.80,0,,0,45.80,0,0,
7/30/2026 5:30:00 PM,RTD,7/30/2026 5:35:00 PM,CVIS,Ru,45.80,0,,0,45.80,0,0,
7/30/2026 5:30:00 PM,RTD,7/30/2026 5:35:00 PM,CMIN,Ru,46.71,0,,0,46.71,0,0,
7/30/2026 5:30:00 PM,RTD,7/30/2026 5:35:00 PM,CLUZ,Ru,235,0,,0,235,0,0,
7/30/2026 5:35:00 PM,RTD,7/30/2026 5:40:00 PM,CLUZ,Dr,668,0,,0,668,0,0,
7/30/2026 5:35:00 PM,RTD,7/30/2026 5:40:00 PM,CMIN,Dr,138,0,,0,138,0,0,
7/30/2026 5:35:00 PM,RTD,7/30/2026 5:40:00 PM,CVIS,Dr,123,0,,0,123,0,0,
7/30/2026 5:35:00 PM,RTD,7/30/2026 5:40:00 PM,CLUZ,En,11081.04,0,0,205.88,11336.98,0,50,
7/30/2026 5:35:00 PM,RTD,7/30/2026 5:40:00 PM,CMIN,En,2302.71,0,0,43.66,2796.36,0,450,
7/30/2026 5:35:00 PM,RTD,7/30/2026 5:40:00 PM,CVIS,En,2219.72,0,0,19.82,1739.55,500,0,
7/30/2026 5:35:00 PM,RTD,7/30/2026 5:40:00 PM,CMIN,Fr,138,0,,0,138,0,0,
7/30/2026 5:35:00 PM,RTD,7/30/2026 5:40:00 PM,CLUZ,Fr,668,0,,0,668,0,0,
7/30/2026 5:35:00 PM,RTD,7/30/2026 5:40:00 PM,CVIS,Fr,134,0,,0,134,0,0,
7/30/2026 5:35:00 PM,RTD,7/30/2026 5:40:00 PM,CVIS,Rd,45.80,0,,0,45.80,0,0,
7/30/2026 5:35:00 PM,RTD,7/30/2026 5:40:00 PM,CLUZ,Rd,235,0,,0,235,0,0,
7/30/2026 5:35:00 PM,RTD,7/30/2026 5:40:00 PM,CMIN,Rd,46.71,0,,0,46.71,0,0,
7/30/2026 5:35:00 PM,RTD,7/30/2026 5:40:00 PM,CMIN,Ru,46.71,0,,0,46.71,0,0,
7/30/2026 5:35:00 PM,RTD,7/30/2026 5:40:00 PM,CVIS,Ru,45.80,0,,0,45.80,0,0,
7/30/2026 5:35:00 PM,RTD,7/30/2026 5:40:00 PM,CLUZ,Ru,235,0,,0,235,0,0,
7/30/2026 5:40:00 PM,RTD,7/30/2026 5:45:00 PM,CMIN,Dr,138,0,,0,138,0,0,
7/30/2026 5:40:00 PM,RTD,7/30/2026 5:45:00 PM,CVIS,Dr,123,0,,0,113.78,0,0,
7/30/2026 5:40:00 PM,RTD,7/30/2026 5:45:00 PM,CLUZ,Dr,668,0,,0,668,0,0,
7/30/2026 5:40:00 PM,RTD,7/30/2026 5:45:00 PM,CLUZ,En,11065.50,0,0,205.85,11321.22,0,50,
7/30/2026 5:40:00 PM,RTD,7/30/2026 5:45:00 PM,CVIS,En,2229.34,0,0,19.79,1749.14,500,0,
7/30/2026 5:40:00 PM,RTD,7/30/2026 5:45:00 PM,CMIN,En,2314.53,0,0,42.58,2807.11,0,450,
7/30/2026 5:40:00 PM,RTD,7/30/2026 5:45:00 PM,CVIS,Fr,134,0,,0,134,0,0,
7/30/2026 5:40:00 PM,RTD,7/30/2026 5:45:00 PM,CMIN,Fr,138,0,,0,138,0,0,
7/30/2026 5:40:00 PM,RTD,7/30/2026 5:45:00 PM,CLUZ,Fr,668,0,,0,668,0,0,
7/30/2026 5:40:00 PM,RTD,7/30/2026 5:45:00 PM,CVIS,Rd,45.80,0,,0,45.80,0,0,
7/30/2026 5:40:00 PM,RTD,7/30/2026 5:45:00 PM,CMIN,Rd,46.71,0,,0,46.71,0,0,
7/30/2026 5:40:00 PM,RTD,7/30/2026 5:45:00 PM,CLUZ,Rd,235,0,,0,235,0,0,
7/30/2026 5:40:00 PM,RTD,7/30/2026 5:45:00 PM,CMIN,Ru,46.71,0,,0,46.71,0,0,
7/30/2026 5:40:00 PM,RTD,7/30/2026 5:45:00 PM,CVIS,Ru,45.80,0,,0,45.80,0,0,
7/30/2026 5:40:00 PM,RTD,7/30/2026 5:45:00 PM,CLUZ,Ru,235,0,,0,235,0,0,
7/30/2026 5:45:00 PM,RTD,7/30/2026 5:50:00 PM,CMIN,Dr,138,0,,0,135.26,0,0,
7/30/2026 5:45:00 PM,RTD,7/30/2026 5:50:00 PM,CLUZ,Dr,668,0,,0,668,0,0,
7/30/2026 5:45:00 PM,RTD,7/30/2026 5:50:00 PM,CVIS,Dr,123,0,,0,58.66,0,0,
7/30/2026 5:45:00 PM,RTD,7/30/2026 5:50:00 PM,CLUZ,En,11075.23,0,0,207.13,11332.50,0,50,
7/30/2026 5:45:00 PM,RTD,7/30/2026 5:50:00 PM,CVIS,En,2242.93,0,0,19.59,1762.52,500,0,
7/30/2026 5:45:00 PM,RTD,7/30/2026 5:50:00 PM,CMIN,En,2319.45,0,0,41.56,2811.03,0,450,
7/30/2026 5:45:00 PM,RTD,7/30/2026 5:50:00 PM,CLUZ,Fr,668,0,,0,668,0,0,
7/30/2026 5:45:00 PM,RTD,7/30/2026 5:50:00 PM,CMIN,Fr,138,0,,0,138,0,0,
7/30/2026 5:45:00 PM,RTD,7/30/2026 5:50:00 PM,CVIS,Fr,134,0,,0,134,0,0,
7/30/2026 5:45:00 PM,RTD,7/30/2026 5:50:00 PM,CLUZ,Rd,235,0,,0,235,0,0,
7/30/2026 5:45:00 PM,RTD,7/30/2026 5:50:00 PM,CMIN,Rd,46.71,0,,0,46.71,0,0,
7/30/2026 5:45:00 PM,RTD,7/30/2026 5:50:00 PM,CVIS,Rd,45.80,0,,0,45.80,0,0,
7/30/2026 5:45:00 PM,RTD,7/30/2026 5:50:00 PM,CMIN,Ru,46.71,0,,0,46.71,0,0,
7/30/2026 5:45:00 PM,RTD,7/30/2026 5:50:00 PM,CLUZ,Ru,235,0,,0,235,0,0,
7/30/2026 5:45:00 PM,RTD,7/30/2026 5:50:00 PM,CVIS,Ru,45.80,0,,0,45.80,0,0,
7/30/2026 5:50:00 PM,RTD,7/30/2026 5:55:00 PM,CVIS,Dr,123,0,,0,85.52,0,0,
7/30/2026 5:50:00 PM,RTD,7/30/2026 5:55:00 PM,CMIN,Dr,138,0,,0,138,0,0,
7/30/2026 5:50:00 PM,RTD,7/30/2026 5:55:00 PM,CLUZ,Dr,668,0,,0,668,0,0,
7/30/2026 5:50:00 PM,RTD,7/30/2026 5:55:00 PM,CLUZ,En,11034.65,0,0,206.23,11290.89,0,50,
7/30/2026 5:50:00 PM,RTD,7/30/2026 5:55:00 PM,CVIS,En,2210.21,0,0,19.62,1734.36,495.50,0,
7/30/2026 5:50:00 PM,RTD,7/30/2026 5:55:00 PM,CMIN,En,2326.32,0,0,41.96,2813.78,0,445.50,
7/30/2026 5:50:00 PM,RTD,7/30/2026 5:55:00 PM,CLUZ,Fr,668,0,,0,668,0,0,
7/30/2026 5:50:00 PM,RTD,7/30/2026 5:55:00 PM,CVIS,Fr,134,0,,0,134,0,0,
7/30/2026 5:50:00 PM,RTD,7/30/2026 5:55:00 PM,CMIN,Fr,138,0,,0,138,0,0,
7/30/2026 5:50:00 PM,RTD,7/30/2026 5:55:00 PM,CLUZ,Rd,235,0,,0,235,0,0,
7/30/2026 5:50:00 PM,RTD,7/30/2026 5:55:00 PM,CMIN,Rd,46.71,0,,0,46.71,0,0,
7/30/2026 5:50:00 PM,RTD,7/30/2026 5:55:00 PM,CVIS,Rd,45.80,0,,0,45.80,0,0,
7/30/2026 5:50:00 PM,RTD,7/30/2026 5:55:00 PM,CLUZ,Ru,235,0,,0,235,0,0,
7/30/2026 5:50:00 PM,RTD,7/30/2026 5:55:00 PM,CVIS,Ru,45.80,0,,0,45.80,0,0,
7/30/2026 5:50:00 PM,RTD,7/30/2026 5:55:00 PM,CMIN,Ru,46.71,0,,0,46.71,0,0,
7/30/2026 5:55:00 PM,RTD,7/30/2026 6:00:00 PM,CMIN,Dr,138,0,,0,134.42,0,0,
7/30/2026 5:55:00 PM,RTD,7/30/2026 6:00:00 PM,CLUZ,Dr,668,0,,0,668,0,0,
7/30/2026 5:55:00 PM,RTD,7/30/2026 6:00:00 PM,CVIS,Dr,123,0,,0,80.20,0,0,
7/30/2026 5:55:00 PM,RTD,7/30/2026 6:00:00 PM,CLUZ,En,11016.51,0,0,207.07,11273.80,0,50,
7/30/2026 5:55:00 PM,RTD,7/30/2026 6:00:00 PM,CMIN,En,2331.17,0,0,41.75,2817.85,0,444.90,
7/30/2026 5:55:00 PM,RTD,7/30/2026 6:00:00 PM,CVIS,En,2214.27,0,0,19.64,1738.98,494.90,0,
7/30/2026 5:55:00 PM,RTD,7/30/2026 6:00:00 PM,CMIN,Fr,138,0,,0,138,0,0,
7/30/2026 5:55:00 PM,RTD,7/30/2026 6:00:00 PM,CVIS,Fr,134,0,,0,134,0,0,
7/30/2026 5:55:00 PM,RTD,7/30/2026 6:00:00 PM,CLUZ,Fr,668,0,,0,668,0,0,
7/30/2026 5:55:00 PM,RTD,7/30/2026 6:00:00 PM,CLUZ,Rd,235,0,,0,235,0,0,
7/30/2026 5:55:00 PM,RTD,7/30/2026 6:00:00 PM,CVIS,Rd,45.80,0,,0,45.80,0,0,
7/30/2026 5:55:00 PM,RTD,7/30/2026 6:00:00 PM,CMIN,Rd,46.71,0,,0,46.71,0,0,
7/30/2026 5:55:00 PM,RTD,7/30/2026 6:00:00 PM,CLUZ,Ru,235,0,,0,235,0,0,
7/30/2026 5:55:00 PM,RTD,7/30/2026 6:00:00 PM,CMIN,Ru,46.71,0,,0,46.71,0,0,
7/30/2026 5:55:00 PM,RTD,7/30/2026 6:00:00 PM,CVIS,Ru,45.80,0,,0,45.80,0,0,
7/30/2026 6:00:00 PM,RTD,7/30/2026 6:05:00 PM,CVIS,Dr,123,0,,0,77.29,0,0,
7/30/2026 6:00:00 PM,RTD,7/30/2026 6:05:00 PM,CLUZ,Dr,668,0,,0,668,0,0,
7/30/2026 6:00:00 PM,RTD,7/30/2026 6:05:00 PM,CMIN,Dr,138,0,,0,121.92,0,0,
7/30/2026 6:00:00 PM,RTD,7/30/2026 6:05:00 PM,CVIS,En,2218.82,0,0,20,1742.77,496.03,0,
7/30/2026 6:00:00 PM,RTD,7/30/2026 6:05:00 PM,CMIN,En,2341.27,0,0,40.78,2828.07,0,446.03,
7/30/2026 6:00:00 PM,RTD,7/30/2026 6:05:00 PM,CLUZ,En,10994.80,0,0,209.02,11253.68,0,50,
7/30/2026 6:00:00 PM,RTD,7/30/2026 6:05:00 PM,CMIN,Fr,138,0,,0,138,0,0,
7/30/2026 6:00:00 PM,RTD,7/30/2026 6:05:00 PM,CVIS,Fr,134,0,,0,134,0,0,
7/30/2026 6:00:00 PM,RTD,7/30/2026 6:05:00 PM,CLUZ,Fr,668,0,,0,668,0,0,
7/30/2026 6:00:00 PM,RTD,7/30/2026 6:05:00 PM,CVIS,Rd,47.25,0,,0,47.25,0,0,
7/30/2026 6:00:00 PM,RTD,7/30/2026 6:05:00 PM,CMIN,Rd,47.50,0,,0,47.50,0,0,
7/30/2026 6:00:00 PM,RTD,7/30/2026 6:05:00 PM,CLUZ,Rd,241.50,0,,0,241.50,0,0,
7/30/2026 6:00:00 PM,RTD,7/30/2026 6:05:00 PM,CMIN,Ru,47.50,0,,0,47.50,0,0,
7/30/2026 6:00:00 PM,RTD,7/30/2026 6:05:00 PM,CVIS,Ru,47.25,0,,0,47.25,0,0,
7/30/2026 6:00:00 PM,RTD,7/30/2026 6:05:00 PM,CLUZ,Ru,241.50,0,,0,241.50,0,0,
7/30/2026 6:05:00 PM,RTD,7/30/2026 6:10:00 PM,CVIS,Dr,123,0,,0,53.72,0,0,
7/30/2026 6:05:00 PM,RTD,7/30/2026 6:10:00 PM,CMIN,Dr,138,0,,0,113.40,0,0,
7/30/2026 6:05:00 PM,RTD,7/30/2026 6:10:00 PM,CLUZ,Dr,668,0,,0,668,0,0,
7/30/2026 6:05:00 PM,RTD,7/30/2026 6:10:00 PM,CMIN,En,2346.79,0,0,41.22,2837.97,0,450,
7/30/2026 6:05:00 PM,RTD,7/30/2026 6:10:00 PM,CVIS,En,2246.30,0,0,19.92,1766.24,500,0,
7/30/2026 6:05:00 PM,RTD,7/30/2026 6:10:00 PM,CLUZ,En,10999.46,0,0,209.91,11259.37,0,50,
7/30/2026 6:05:00 PM,RTD,7/30/2026 6:10:00 PM,CVIS,Fr,134,0,,0,134,0,0,
7/30/2026 6:05:00 PM,RTD,7/30/2026 6:10:00 PM,CMIN,Fr,138,0,,0,138,0,0,
7/30/2026 6:05:00 PM,RTD,7/30/2026 6:10:00 PM,CLUZ,Fr,668,0,,0,668,0,0,
7/30/2026 6:05:00 PM,RTD,7/30/2026 6:10:00 PM,CMIN,Rd,47.50,0,,0,47.50,0,0,
7/30/2026 6:05:00 PM,RTD,7/30/2026 6:10:00 PM,CLUZ,Rd,241.50,0,,0,241.50,0,0,
7/30/2026 6:05:00 PM,RTD,7/30/2026 6:10:00 PM,CVIS,Rd,47.25,0,,0,47.25,0,0,
7/30/2026 6:05:00 PM,RTD,7/30/2026 6:10:00 PM,CMIN,Ru,47.50,0,,0,47.50,0,0,
7/30/2026 6:05:00 PM,RTD,7/30/2026 6:10:00 PM,CLUZ,Ru,241.50,0,,0,241.50,0,0,
7/30/2026 6:05:00 PM,RTD,7/30/2026 6:10:00 PM,CVIS,Ru,47.25,0,,0,47.25,0,0,
7/30/2026 6:10:00 PM,RTD,7/30/2026 6:15:00 PM,CMIN,Dr,138,0,,0,98.81,0,0,
7/30/2026 6:10:00 PM,RTD,7/30/2026 6:15:00 PM,CVIS,Dr,123,0,,0,38.22,0,0,
7/30/2026 6:10:00 PM,RTD,7/30/2026 6:15:00 PM,CLUZ,Dr,668,0,,0,668,0,0,
7/30/2026 6:10:00 PM,RTD,7/30/2026 6:15:00 PM,CLUZ,En,11007.94,0,0,210.98,11269.04,0,50,
7/30/2026 6:10:00 PM,RTD,7/30/2026 6:15:00 PM,CMIN,En,2361.76,0,0,41.60,2853.35,0,450,
7/30/2026 6:10:00 PM,RTD,7/30/2026 6:15:00 PM,CVIS,En,2261.66,0,0,19.88,1781.54,500,0,
7/30/2026 6:10:00 PM,RTD,7/30/2026 6:15:00 PM,CMIN,Fr,138,0,,0,138,0,0,
7/30/2026 6:10:00 PM,RTD,7/30/2026 6:15:00 PM,CVIS,Fr,134,0,,0,134,0,0,
7/30/2026 6:10:00 PM,RTD,7/30/2026 6:15:00 PM,CLUZ,Fr,668,0,,0,668,0,0,
7/30/2026 6:10:00 PM,RTD,7/30/2026 6:15:00 PM,CMIN,Rd,47.50,0,,0,47.50,0,0,
7/30/2026 6:10:00 PM,RTD,7/30/2026 6:15:00 PM,CVIS,Rd,47.25,0,,0,47.25,0,0,
7/30/2026 6:10:00 PM,RTD,7/30/2026 6:15:00 PM,CLUZ,Rd,241.50,0,,0,241.50,0,0,
7/30/2026 6:10:00 PM,RTD,7/30/2026 6:15:00 PM,CLUZ,Ru,241.50,0,,0,241.50,0,0,
7/30/2026 6:10:00 PM,RTD,7/30/2026 6:15:00 PM,CVIS,Ru,47.25,0,,0,47.25,0,0,
7/30/2026 6:10:00 PM,RTD,7/30/2026 6:15:00 PM,CMIN,Ru,47.50,0,,0,47.50,0,0,
7/30/2026 6:15:00 PM,RTD,7/30/2026 6:20:00 PM,CMIN,Dr,138,0,,0,85.59,0,0,
7/30/2026 6:15:00 PM,RTD,7/30/2026 6:20:00 PM,CVIS,Dr,123,0,,0,13.18,0,0,
7/30/2026 6:15:00 PM,RTD,7/30/2026 6:20:00 PM,CLUZ,Dr,668,0,,0,668,0,0,
7/30/2026 6:15:00 PM,RTD,7/30/2026 6:20:00 PM,CMIN,En,2373.57,0,0,42.11,2865.70,0,450,
7/30/2026 6:15:00 PM,RTD,7/30/2026 6:20:00 PM,CLUZ,En,11039.80,0,0,213.31,11303.19,0,50,
7/30/2026 6:15:00 PM,RTD,7/30/2026 6:20:00 PM,CVIS,En,2291.50,0,0,20.19,1811.70,500,0,
7/30/2026 6:15:00 PM,RTD,7/30/2026 6:20:00 PM,CVIS,Fr,134,0,,0,134,0,0,
7/30/2026 6:15:00 PM,RTD,7/30/2026 6:20:00 PM,CMIN,Fr,138,0,,0,138,0,0,
7/30/2026 6:15:00 PM,RTD,7/30/2026 6:20:00 PM,CLUZ,Fr,668,0,,0,668,0,0,
7/30/2026 6:15:00 PM,RTD,7/30/2026 6:20:00 PM,CVIS,Rd,47.25,0,,0,47.25,0,0,
7/30/2026 6:15:00 PM,RTD,7/30/2026 6:20:00 PM,CLUZ,Rd,241.50,0,,0,241.50,0,0,
7/30/2026 6:15:00 PM,RTD,7/30/2026 6:20:00 PM,CMIN,Rd,47.50,0,,0,47.50,0,0,
7/30/2026 6:15:00 PM,RTD,7/30/2026 6:20:00 PM,CMIN,Ru,47.50,0,,0,47.50,0,0,
7/30/2026 6:15:00 PM,RTD,7/30/2026 6:20:00 PM,CLUZ,Ru,241.50,0,,0,241.50,0,0,
7/30/2026 6:15:00 PM,RTD,7/30/2026 6:20:00 PM,CVIS,Ru,47.25,0,,0,47.25,0,0,
7/30/2026 6:20:00 PM,RTD,7/30/2026 6:25:00 PM,CVIS,Dr,123,0,,0,0.20,0,0,
7/30/2026 6:20:00 PM,RTD,7/30/2026 6:25:00 PM,CMIN,Dr,138,0,,0,81.53,0,0,
7/30/2026 6:20:00 PM,RTD,7/30/2026 6:25:00 PM,CLUZ,Dr,668,0,,0,668,0,0,
7/30/2026 6:20:00 PM,RTD,7/30/2026 6:25:00 PM,CMIN,En,2378.24,0,0,41.88,2870.13,0,450,
7/30/2026 6:20:00 PM,RTD,7/30/2026 6:25:00 PM,CLUZ,En,11085.81,0,0,215.49,11351.36,0,50,
7/30/2026 6:20:00 PM,RTD,7/30/2026 6:25:00 PM,CVIS,En,2308.41,0,0,19.91,1828.31,500,0,
7/30/2026 6:20:00 PM,RTD,7/30/2026 6:25:00 PM,CMIN,Fr,138,0,,0,138,0,0,
7/30/2026 6:20:00 PM,RTD,7/30/2026 6:25:00 PM,CVIS,Fr,134,0,,0,130.67,0,0,
7/30/2026 6:20:00 PM,RTD,7/30/2026 6:25:00 PM,CLUZ,Fr,668,0,,0,668,0,0,
7/30/2026 6:20:00 PM,RTD,7/30/2026 6:25:00 PM,CMIN,Rd,47.50,0,,0,47.50,0,0,
7/30/2026 6:20:00 PM,RTD,7/30/2026 6:25:00 PM,CLUZ,Rd,241.50,0,,0,241.50,0,0,
7/30/2026 6:20:00 PM,RTD,7/30/2026 6:25:00 PM,CVIS,Rd,47.25,0,,0,47.25,0,0,
7/30/2026 6:20:00 PM,RTD,7/30/2026 6:25:00 PM,CVIS,Ru,47.25,0,,0,47.25,0,0,
7/30/2026 6:20:00 PM,RTD,7/30/2026 6:25:00 PM,CMIN,Ru,47.50,0,,0,47.50,0,0,
7/30/2026 6:20:00 PM,RTD,7/30/2026 6:25:00 PM,CLUZ,Ru,241.50,0,,0,241.50,0,0,
7/30/2026 6:25:00 PM,RTD,7/30/2026 6:30:00 PM,CVIS,Dr,123,0,,0,0,0,0,
7/30/2026 6:25:00 PM,RTD,7/30/2026 6:30:00 PM,CMIN,Dr,138,0,,0,102.90,0,0,
7/30/2026 6:25:00 PM,RTD,7/30/2026 6:30:00 PM,CLUZ,Dr,668,0,,0,668,0,0,
7/30/2026 6:25:00 PM,RTD,7/30/2026 6:30:00 PM,CMIN,En,2358.19,0,0,41.03,2849.24,0,450,
7/30/2026 6:25:00 PM,RTD,7/30/2026 6:30:00 PM,CLUZ,En,11118.37,0,0,217.94,11386.39,0,50,
7/30/2026 6:25:00 PM,RTD,7/30/2026 6:30:00 PM,CVIS,En,2329.93,0,0,19.91,1849.84,500,0,
7/30/2026 6:25:00 PM,RTD,7/30/2026 6:30:00 PM,CMIN,Fr,138,0,,0,138,0,0,
7/30/2026 6:25:00 PM,RTD,7/30/2026 6:30:00 PM,CVIS,Fr,134,0,,0,109.39,0,0,
7/30/2026 6:25:00 PM,RTD,7/30/2026 6:30:00 PM,CLUZ,Fr,668,0,,0,668,0,0,
7/30/2026 6:25:00 PM,RTD,7/30/2026 6:30:00 PM,CMIN,Rd,47.50,0,,0,47.50,0,0,
7/30/2026 6:25:00 PM,RTD,7/30/2026 6:30:00 PM,CLUZ,Rd,241.50,0,,0,241.50,0,0,
7/30/2026 6:25:00 PM,RTD,7/30/2026 6:30:00 PM,CVIS,Rd,47.25,0,,0,47.25,0,0,
7/30/2026 6:25:00 PM,RTD,7/30/2026 6:30:00 PM,CVIS,Ru,47.25,0,,0,47.25,0,0,
7/30/2026 6:25:00 PM,RTD,7/30/2026 6:30:00 PM,CMIN,Ru,47.50,0,,0,47.50,0,0,
7/30/2026 6:25:00 PM,RTD,7/30/2026 6:30:00 PM,CLUZ,Ru,241.50,0,,0,241.50,0,0,
7/30/2026 6:30:00 PM,RTD,7/30/2026 6:35:00 PM,CVIS,Dr,123,0,,0,0.49,0,0,
7/30/2026 6:30:00 PM,RTD,7/30/2026 6:35:00 PM,CMIN,Dr,138,0,,0,99.18,0,0,
7/30/2026 6:30:00 PM,RTD,7/30/2026 6:35:00 PM,CLUZ,Dr,668,0,,0,668,0,0,
7/30/2026 6:30:00 PM,RTD,7/30/2026 6:35:00 PM,CMIN,En,2362.36,0,0,41.10,2853.46,0,450,
7/30/2026 6:30:00 PM,RTD,7/30/2026 6:35:00 PM,CLUZ,En,11148.59,0,0,219.96,11418.58,0,50,
7/30/2026 6:30:00 PM,RTD,7/30/2026 6:35:00 PM,CVIS,En,2330.87,0,0,20.11,1851.01,500,0,
7/30/2026 6:30:00 PM,RTD,7/30/2026 6:35:00 PM,CMIN,Fr,138,0,,0,138,0,0,
7/30/2026 6:30:00 PM,RTD,7/30/2026 6:35:00 PM,CVIS,Fr,134,0,,0,107.66,0,0,
7/30/2026 6:30:00 PM,RTD,7/30/2026 6:35:00 PM,CLUZ,Fr,668,0,,0,668,0,0,
7/30/2026 6:30:00 PM,RTD,7/30/2026 6:35:00 PM,CMIN,Rd,47.50,0,,0,47.50,0,0,
7/30/2026 6:30:00 PM,RTD,7/30/2026 6:35:00 PM,CLUZ,Rd,241.50,0,,0,241.50,0,0,
7/30/2026 6:30:00 PM,RTD,7/30/2026 6:35:00 PM,CVIS,Rd,47.25,0,,0,47.25,0,0,
7/30/2026 6:30:00 PM,RTD,7/30/2026 6:35:00 PM,CVIS,Ru,47.25,0,,0,47.25,0,0,
7/30/2026 6:30:00 PM,RTD,7/30/2026 6:35:00 PM,CMIN,Ru,47.50,0,,0,47.50,0,0,
7/30/2026 6:30:00 PM,RTD,7/30/2026 6:35:00 PM,CLUZ,Ru,241.50,0,,0,241.50,0,0,
7/30/2026 6:35:00 PM,RTD,7/30/2026 6:40:00 PM,CVIS,Dr,123,0,,0,0,0,0,
7/30/2026 6:35:00 PM,RTD,7/30/2026 6:40:00 PM,CMIN,Dr,138,0,,0,103.81,0,0,
7/30/2026 6:35:00 PM,RTD,7/30/2026 6:40:00 PM,CLUZ,Dr,668,0,,0,668,0,0,
7/30/2026 6:35:00 PM,RTD,7/30/2026 6:40:00 PM,CMIN,En,2358.42,0,0,40.94,2849.33,0,450,
7/30/2026 6:35:00 PM,RTD,7/30/2026 6:40:00 PM,CLUZ,En,11179.39,0,0,221.66,11451.06,0,50,
7/30/2026 6:35:00 PM,RTD,7/30/2026 6:40:00 PM,CVIS,En,2331.96,0,0,21.10,1853.05,500,0,
7/30/2026 6:35:00 PM,RTD,7/30/2026 6:40:00 PM,CMIN,Fr,138,0,,0,138,0,0,
7/30/2026 6:35:00 PM,RTD,7/30/2026 6:40:00 PM,CVIS,Fr,134,0,,0,106.61,0,0,
7/30/2026 6:35:00 PM,RTD,7/30/2026 6:40:00 PM,CLUZ,Fr,668,0,,0,668,0,0,
7/30/2026 6:35:00 PM,RTD,7/30/2026 6:40:00 PM,CMIN,Rd,47.50,0,,0,47.50,0,0,
7/30/2026 6:35:00 PM,RTD,7/30/2026 6:40:00 PM,CLUZ,Rd,241.50,0,,0,241.50,0,0,
7/30/2026 6:35:00 PM,RTD,7/30/2026 6:40:00 PM,CVIS,Rd,47.25,0,,0,47.25,0,0,
7/30/2026 6:35:00 PM,RTD,7/30/2026 6:40:00 PM,CVIS,Ru,47.25,0,,0,47.25,0,0,
7/30/2026 6:35:00 PM,RTD,7/30/2026 6:40:00 PM,CMIN,Ru,47.50,0,,0,47.50,0,0,
7/30/2026 6:35:00 PM,RTD,7/30/2026 6:40:00 PM,CLUZ,Ru,241.50,0,,0,241.50,0,0,
7/30/2026 6:40:00 PM,RTD,7/30/2026 6:45:00 PM,CVIS,Dr,123,0,,0,1.14,0,0,
7/30/2026 6:40:00 PM,RTD,7/30/2026 6:45:00 PM,CMIN,Dr,138,0,,0,107.35,0,0,
7/30/2026 6:40:00 PM,RTD,7/30/2026 6:45:00 PM,CLUZ,Dr,668,0,,0,668,0,0,
7/30/2026 6:40:00 PM,RTD,7/30/2026 6:45:00 PM,CMIN,En,2355.14,0,0,41.15,2846.30,0,450,
7/30/2026 6:40:00 PM,RTD,7/30/2026 6:45:00 PM,CLUZ,En,11217.55,0,0,222.97,11490.57,0,50,
7/30/2026 6:40:00 PM,RTD,7/30/2026 6:45:00 PM,CVIS,En,2326.56,0,0,21.13,1847.68,500,0,
7/30/2026 6:40:00 PM,RTD,7/30/2026 6:45:00 PM,CMIN,Fr,138,0,,0,138,0,0,
7/30/2026 6:40:00 PM,RTD,7/30/2026 6:45:00 PM,CVIS,Fr,134,0,,0,104.84,0,0,
7/30/2026 6:40:00 PM,RTD,7/30/2026 6:45:00 PM,CLUZ,Fr,668,0,,0,668,0,0,
7/30/2026 6:40:00 PM,RTD,7/30/2026 6:45:00 PM,CMIN,Rd,47.50,0,,0,47.50,0,0,
7/30/2026 6:40:00 PM,RTD,7/30/2026 6:45:00 PM,CLUZ,Rd,241.50,0,,0,241.50,0,0,
7/30/2026 6:40:00 PM,RTD,7/30/2026 6:45:00 PM,CVIS,Rd,47.25,0,,0,47.25,0,0,
7/30/2026 6:40:00 PM,RTD,7/30/2026 6:45:00 PM,CVIS,Ru,47.25,0,,0,47.25,0,0,
7/30/2026 6:40:00 PM,RTD,7/30/2026 6:45:00 PM,CMIN,Ru,47.50,0,,0,47.50,0,0,
7/30/2026 6:40:00 PM,RTD,7/30/2026 6:45:00 PM,CLUZ,Ru,241.50,0,,0,241.50,0,0,
7/30/2026 6:45:00 PM,RTD,7/30/2026 6:50:00 PM,CVIS,Dr,123,0,,0,0,0,0,
7/30/2026 6:45:00 PM,RTD,7/30/2026 6:50:00 PM,CMIN,Dr,138,0,,0,115.61,0,0,
7/30/2026 6:45:00 PM,RTD,7/30/2026 6:50:00 PM,CLUZ,Dr,668,0,,0,668,0,0,
7/30/2026 6:45:00 PM,RTD,7/30/2026 6:50:00 PM,CMIN,En,2348.22,0,0,40.31,2838.53,0,450,
7/30/2026 6:45:00 PM,RTD,7/30/2026 6:50:00 PM,CLUZ,En,11241.24,0,0,224.85,11516.08,0,50,
7/30/2026 6:45:00 PM,RTD,7/30/2026 6:50:00 PM,CVIS,En,2325.18,0,0,20.92,1846.09,500,0,
7/30/2026 6:45:00 PM,RTD,7/30/2026 6:50:00 PM,CMIN,Fr,138,0,,0,138,0,0,
7/30/2026 6:45:00 PM,RTD,7/30/2026 6:50:00 PM,CVIS,Fr,134,0,,0,108.09,0,0,
7/30/2026 6:45:00 PM,RTD,7/30/2026 6:50:00 PM,CLUZ,Fr,668,0,,0,668,0,0,
7/30/2026 6:45:00 PM,RTD,7/30/2026 6:50:00 PM,CMIN,Rd,47.50,0,,0,47.50,0,0,
7/30/2026 6:45:00 PM,RTD,7/30/2026 6:50:00 PM,CLUZ,Rd,241.50,0,,0,241.50,0,0,
7/30/2026 6:45:00 PM,RTD,7/30/2026 6:50:00 PM,CVIS,Rd,47.25,0,,0,47.25,0,0,
7/30/2026 6:45:00 PM,RTD,7/30/2026 6:50:00 PM,CVIS,Ru,47.25,0,,0,47.25,0,0,
7/30/2026 6:45:00 PM,RTD,7/30/2026 6:50:00 PM,CMIN,Ru,47.50,0,,0,47.50,0,0,
7/30/2026 6:45:00 PM,RTD,7/30/2026 6:50:00 PM,CLUZ,Ru,241.50,0,,0,241.50,0,0,
7/30/2026 6:50:00 PM,RTD,7/30/2026 6:55:00 PM,CMIN,Dr,138,0,,0,130.92,0,0,
7/30/2026 6:50:00 PM,RTD,7/30/2026 6:55:00 PM,CLUZ,Dr,668,0,,0,668,0,0,
7/30/2026 6:50:00 PM,RTD,7/30/2026 6:55:00 PM,CVIS,Dr,123,0,,0,0,0,0,
7/30/2026 6:50:00 PM,RTD,7/30/2026 6:55:00 PM,CLUZ,En,11255.08,0,0,225.46,11530.63,0,50,
7/30/2026 6:50:00 PM,RTD,7/30/2026 6:55:00 PM,CVIS,En,2320.16,0,0,20.72,1840.85,500,0,
7/30/2026 6:50:00 PM,RTD,7/30/2026 6:55:00 PM,CMIN,En,2333.20,0,0,40.52,2823.72,0,450,
7/30/2026 6:50:00 PM,RTD,7/30/2026 6:55:00 PM,CLUZ,Fr,668,0,,0,668,0,0,
7/30/2026 6:50:00 PM,RTD,7/30/2026 6:55:00 PM,CMIN,Fr,138,0,,0,138,0,0,
7/30/2026 6:50:00 PM,RTD,7/30/2026 6:55:00 PM,CVIS,Fr,134,0,,0,113.31,0,0,
7/30/2026 6:50:00 PM,RTD,7/30/2026 6:55:00 PM,CLUZ,Rd,241.50,0,,0,241.50,0,0,
7/30/2026 6:50:00 PM,RTD,7/30/2026 6:55:00 PM,CVIS,Rd,47.25,0,,0,47.25,0,0,
7/30/2026 6:50:00 PM,RTD,7/30/2026 6:55:00 PM,CMIN,Rd,47.50,0,,0,47.50,0,0,
7/30/2026 6:50:00 PM,RTD,7/30/2026 6:55:00 PM,CMIN,Ru,47.50,0,,0,47.50,0,0,
7/30/2026 6:50:00 PM,RTD,7/30/2026 6:55:00 PM,CLUZ,Ru,241.50,0,,0,241.50,0,0,
7/30/2026 6:50:00 PM,RTD,7/30/2026 6:55:00 PM,CVIS,Ru,47.25,0,,0,47.25,0,0,
7/30/2026 6:55:00 PM,RTD,7/30/2026 7:00:00 PM,CVIS,Dr,123,0,,0,0,0,0,
7/30/2026 6:55:00 PM,RTD,7/30/2026 7:00:00 PM,CMIN,Dr,138,0,,0,138,0,0,
7/30/2026 6:55:00 PM,RTD,7/30/2026 7:00:00 PM,CLUZ,Dr,668,0,,0,668,0,0,
7/30/2026 6:55:00 PM,RTD,7/30/2026 7:00:00 PM,CMIN,En,2325.45,0,0,41.12,2816.55,0,450,
7/30/2026 6:55:00 PM,RTD,7/30/2026 7:00:00 PM,CLUZ,En,11250.26,0,0,228.95,11529.21,0,50,
7/30/2026 6:55:00 PM,RTD,7/30/2026 7:00:00 PM,CVIS,En,2309.71,0,0,20.27,1829.97,500,0,
7/30/2026 6:55:00 PM,RTD,7/30/2026 7:00:00 PM,CMIN,Fr,138,0,,0,138,0,0,
7/30/2026 6:55:00 PM,RTD,7/30/2026 7:00:00 PM,CVIS,Fr,134,0,,0,124.19,0,0,
7/30/2026 6:55:00 PM,RTD,7/30/2026 7:00:00 PM,CLUZ,Fr,668,0,,0,668,0,0,
7/30/2026 6:55:00 PM,RTD,7/30/2026 7:00:00 PM,CMIN,Rd,47.50,0,,0,47.50,0,0,
7/30/2026 6:55:00 PM,RTD,7/30/2026 7:00:00 PM,CLUZ,Rd,241.50,0,,0,241.50,0,0,
7/30/2026 6:55:00 PM,RTD,7/30/2026 7:00:00 PM,CVIS,Rd,47.25,0,,0,47.25,0,0,
7/30/2026 6:55:00 PM,RTD,7/30/2026 7:00:00 PM,CVIS,Ru,47.25,0,,0,47.25,0,0,
7/30/2026 6:55:00 PM,RTD,7/30/2026 7:00:00 PM,CMIN,Ru,47.50,0,,0,47.50,0,0,
7/30/2026 6:55:00 PM,RTD,7/30/2026 7:00:00 PM,CLUZ,Ru,241.50,0,,0,241.50,0,0,
7/30/2026 7:00:00 PM,RTD,7/30/2026 7:05:00 PM,CVIS,Dr,123,0,,0,15,0,0,
7/30/2026 7:00:00 PM,RTD,7/30/2026 7:05:00 PM,CMIN,Dr,135,0,,0,135,0,0,
7/30/2026 7:00:00 PM,RTD,7/30/2026 7:05:00 PM,CLUZ,Dr,668,0,,0,668,0,0,
7/30/2026 7:00:00 PM,RTD,7/30/2026 7:05:00 PM,CMIN,En,2314.18,0,0,41.25,2805.45,0,450,
7/30/2026 7:00:00 PM,RTD,7/30/2026 7:05:00 PM,CLUZ,En,11214.46,0,0,229.26,11493.73,0,50,
7/30/2026 7:00:00 PM,RTD,7/30/2026 7:05:00 PM,CVIS,En,2299.07,0,0,20.36,1819.44,500,0,
7/30/2026 7:00:00 PM,RTD,7/30/2026 7:05:00 PM,CMIN,Fr,135,0,,0,135,0,0,
7/30/2026 7:00:00 PM,RTD,7/30/2026 7:05:00 PM,CVIS,Fr,134,0,,0,124.77,0,0,
7/30/2026 7:00:00 PM,RTD,7/30/2026 7:05:00 PM,CLUZ,Fr,668,0,,0,668,0,0,
7/30/2026 7:00:00 PM,RTD,7/30/2026 7:05:00 PM,CMIN,Rd,45.94,0,,0,45.94,0,0,
7/30/2026 7:00:00 PM,RTD,7/30/2026 7:05:00 PM,CLUZ,Rd,244,0,,0,244,0,0,
7/30/2026 7:00:00 PM,RTD,7/30/2026 7:05:00 PM,CVIS,Rd,46,0,,0,46,0,0,
7/30/2026 7:00:00 PM,RTD,7/30/2026 7:05:00 PM,CVIS,Ru,46,0,,0,46,0,0,
7/30/2026 7:00:00 PM,RTD,7/30/2026 7:05:00 PM,CMIN,Ru,45.94,0,,0,45.94,0,0,
7/30/2026 7:00:00 PM,RTD,7/30/2026 7:05:00 PM,CLUZ,Ru,244,0,,0,244,0,0,
7/30/2026 7:05:00 PM,RTD,7/30/2026 7:10:00 PM,CVIS,Dr,123,0,,0,31.11,0,0,
7/30/2026 7:05:00 PM,RTD,7/30/2026 7:10:00 PM,CMIN,Dr,135,0,,0,135,0,0,
7/30/2026 7:05:00 PM,RTD,7/30/2026 7:10:00 PM,CLUZ,Dr,668,0,,0,668,0,0,
7/30/2026 7:05:00 PM,RTD,7/30/2026 7:10:00 PM,CMIN,En,2304.69,0,0,41.84,2796.54,0,450,
7/30/2026 7:05:00 PM,RTD,7/30/2026 7:10:00 PM,CLUZ,En,11231.39,0,0,230.46,11511.77,0,50,
7/30/2026 7:05:00 PM,RTD,7/30/2026 7:10:00 PM,CVIS,En,2292.63,0,0,20.20,1812.80,500,0,
7/30/2026 7:05:00 PM,RTD,7/30/2026 7:10:00 PM,CMIN,Fr,135,0,,0,135,0,0,
7/30/2026 7:05:00 PM,RTD,7/30/2026 7:10:00 PM,CVIS,Fr,134,0,,0,134,0,0,
7/30/2026 7:05:00 PM,RTD,7/30/2026 7:10:00 PM,CLUZ,Fr,668,0,,0,668,0,0,
7/30/2026 7:05:00 PM,RTD,7/30/2026 7:10:00 PM,CMIN,Rd,45.94,0,,0,45.94,0,0,
7/30/2026 7:05:00 PM,RTD,7/30/2026 7:10:00 PM,CLUZ,Rd,244,0,,0,244,0,0,
7/30/2026 7:05:00 PM,RTD,7/30/2026 7:10:00 PM,CVIS,Rd,46,0,,0,46,0,0,
7/30/2026 7:05:00 PM,RTD,7/30/2026 7:10:00 PM,CVIS,Ru,46,0,,0,46,0,0,
7/30/2026 7:05:00 PM,RTD,7/30/2026 7:10:00 PM,CMIN,Ru,45.94,0,,0,45.94,0,0,
7/30/2026 7:05:00 PM,RTD,7/30/2026 7:10:00 PM,CLUZ,Ru,244,0,,0,244,0,0,
7/30/2026 7:10:00 PM,RTD,7/30/2026 7:15:00 PM,CVIS,Dr,123,0,,0,40.23,0,0,
7/30/2026 7:10:00 PM,RTD,7/30/2026 7:15:00 PM,CMIN,Dr,135,0,,0,135,0,0,
7/30/2026 7:10:00 PM,RTD,7/30/2026 7:15:00 PM,CLUZ,Dr,668,0,,0,668,0,0,
7/30/2026 7:10:00 PM,RTD,7/30/2026 7:15:00 PM,CMIN,En,2297.77,0,0,42.14,2789.93,0,450,
7/30/2026 7:10:00 PM,RTD,7/30/2026 7:15:00 PM,CLUZ,En,11233.52,0,0,230.20,11513.84,0,50,
7/30/2026 7:10:00 PM,RTD,7/30/2026 7:15:00 PM,CVIS,En,2286.11,0,0,20.08,1806.18,500,0,
7/30/2026 7:10:00 PM,RTD,7/30/2026 7:15:00 PM,CMIN,Fr,135,0,,0,135,0,0,
7/30/2026 7:10:00 PM,RTD,7/30/2026 7:15:00 PM,CVIS,Fr,134,0,,0,134,0,0,
7/30/2026 7:10:00 PM,RTD,7/30/2026 7:15:00 PM,CLUZ,Fr,668,0,,0,668,0,0,
7/30/2026 7:10:00 PM,RTD,7/30/2026 7:15:00 PM,CMIN,Rd,45.94,0,,0,45.94,0,0,
7/30/2026 7:10:00 PM,RTD,7/30/2026 7:15:00 PM,CLUZ,Rd,244,0,,0,244,0,0,
7/30/2026 7:10:00 PM,RTD,7/30/2026 7:15:00 PM,CVIS,Rd,46,0,,0,46,0,0,
7/30/2026 7:10:00 PM,RTD,7/30/2026 7:15:00 PM,CVIS,Ru,46,0,,0,46,0,0,
7/30/2026 7:10:00 PM,RTD,7/30/2026 7:15:00 PM,CMIN,Ru,45.94,0,,0,45.94,0,0,
7/30/2026 7:10:00 PM,RTD,7/30/2026 7:15:00 PM,CLUZ,Ru,244,0,,0,244,0,0,
7/30/2026 7:15:00 PM,RTD,7/30/2026 7:20:00 PM,CVIS,Dr,123,0,,0,123,0,0,
7/30/2026 7:15:00 PM,RTD,7/30/2026 7:20:00 PM,CMIN,Dr,135,0,,0,135,0,0,
7/30/2026 7:15:00 PM,RTD,7/30/2026 7:20:00 PM,CLUZ,Dr,668,0,,0,668,0,0,
7/30/2026 7:15:00 PM,RTD,7/30/2026 7:20:00 PM,CMIN,En,2258.28,0,0,43.18,2751.45,0,450,
7/30/2026 7:15:00 PM,RTD,7/30/2026 7:20:00 PM,CLUZ,En,11234.22,0,0,228.53,11512.54,0,50,
7/30/2026 7:15:00 PM,RTD,7/30/2026 7:20:00 PM,CVIS,En,2202.42,0,0,19.96,1722.37,500,0,
7/30/2026 7:15:00 PM,RTD,7/30/2026 7:20:00 PM,CMIN,Fr,135,0,,0,135,0,0,
7/30/2026 7:15:00 PM,RTD,7/30/2026 7:20:00 PM,CVIS,Fr,134,0,,0,134,0,0,
7/30/2026 7:15:00 PM,RTD,7/30/2026 7:20:00 PM,CLUZ,Fr,668,0,,0,668,0,0,
7/30/2026 7:15:00 PM,RTD,7/30/2026 7:20:00 PM,CMIN,Rd,45.94,0,,0,45.94,0,0,
7/30/2026 7:15:00 PM,RTD,7/30/2026 7:20:00 PM,CLUZ,Rd,244,0,,0,244,0,0,
7/30/2026 7:15:00 PM,RTD,7/30/2026 7:20:00 PM,CVIS,Rd,46,0,,0,46,0,0,
7/30/2026 7:15:00 PM,RTD,7/30/2026 7:20:00 PM,CVIS,Ru,46,0,,0,46,0,0,
7/30/2026 7:15:00 PM,RTD,7/30/2026 7:20:00 PM,CMIN,Ru,45.94,0,,0,45.94,0,0,
7/30/2026 7:15:00 PM,RTD,7/30/2026 7:20:00 PM,CLUZ,Ru,244,0,,0,244,0,0,
7/30/2026 7:20:00 PM,RTD,7/30/2026 7:25:00 PM,CVIS,Dr,123,0,,0,123,0,0,
7/30/2026 7:20:00 PM,RTD,7/30/2026 7:25:00 PM,CMIN,Dr,135,0,,0,135,0,0,
7/30/2026 7:20:00 PM,RTD,7/30/2026 7:25:00 PM,CLUZ,Dr,668,0,,0,668,0,0,
7/30/2026 7:20:00 PM,RTD,7/30/2026 7:25:00 PM,CMIN,En,2243.12,0,0,43.16,2736.32,0,450,
7/30/2026 7:20:00 PM,RTD,7/30/2026 7:25:00 PM,CLUZ,En,11233.77,0,0,227.59,11511.37,0,50,
7/30/2026 7:20:00 PM,RTD,7/30/2026 7:25:00 PM,CVIS,En,2199.94,0,0,20.06,1720.03,500,0,
7/30/2026 7:20:00 PM,RTD,7/30/2026 7:25:00 PM,CMIN,Fr,135,0,,0,135,0,0,
7/30/2026 7:20:00 PM,RTD,7/30/2026 7:25:00 PM,CVIS,Fr,134,0,,0,134,0,0,
7/30/2026 7:20:00 PM,RTD,7/30/2026 7:25:00 PM,CLUZ,Fr,668,0,,0,668,0,0,
7/30/2026 7:20:00 PM,RTD,7/30/2026 7:25:00 PM,CMIN,Rd,45.94,0,,0,45.94,0,0,
7/30/2026 7:20:00 PM,RTD,7/30/2026 7:25:00 PM,CLUZ,Rd,244,0,,0,244,0,0,
7/30/2026 7:20:00 PM,RTD,7/30/2026 7:25:00 PM,CVIS,Rd,46,0,,0,46,0,0,
7/30/2026 7:20:00 PM,RTD,7/30/2026 7:25:00 PM,CVIS,Ru,46,0,,0,46,0,0,
7/30/2026 7:20:00 PM,RTD,7/30/2026 7:25:00 PM,CMIN,Ru,45.94,0,,0,45.94,0,0,
7/30/2026 7:20:00 PM,RTD,7/30/2026 7:25:00 PM,CLUZ,Ru,244,0,,0,244,0,0,
7/30/2026 7:25:00 PM,RTD,7/30/2026 7:30:00 PM,CVIS,Dr,123,0,,0,123,0,0,
7/30/2026 7:25:00 PM,RTD,7/30/2026 7:30:00 PM,CMIN,Dr,135,0,,0,135,0,0,
7/30/2026 7:25:00 PM,RTD,7/30/2026 7:30:00 PM,CLUZ,Dr,668,0,,0,668,0,0,
7/30/2026 7:25:00 PM,RTD,7/30/2026 7:30:00 PM,CMIN,En,2236.34,0,0,42.92,2729.26,0,450,
7/30/2026 7:25:00 PM,RTD,7/30/2026 7:30:00 PM,CLUZ,En,11233.49,0,0,228.28,11511.63,0,50,
7/30/2026 7:25:00 PM,RTD,7/30/2026 7:30:00 PM,CVIS,En,2195.14,0,0,19.89,1715.02,500,0,
7/30/2026 7:25:00 PM,RTD,7/30/2026 7:30:00 PM,CMIN,Fr,135,0,,0,135,0,0,
7/30/2026 7:25:00 PM,RTD,7/30/2026 7:30:00 PM,CVIS,Fr,134,0,,0,134,0,0,
7/30/2026 7:25:00 PM,RTD,7/30/2026 7:30:00 PM,CLUZ,Fr,668,0,,0,668,0,0,
7/30/2026 7:25:00 PM,RTD,7/30/2026 7:30:00 PM,CMIN,Rd,45.94,0,,0,45.94,0,0,
7/30/2026 7:25:00 PM,RTD,7/30/2026 7:30:00 PM,CLUZ,Rd,244,0,,0,244,0,0,
7/30/2026 7:25:00 PM,RTD,7/30/2026 7:30:00 PM,CVIS,Rd,46,0,,0,46,0,0,
7/30/2026 7:25:00 PM,RTD,7/30/2026 7:30:00 PM,CVIS,Ru,46,0,,0,46,0,0,
7/30/2026 7:25:00 PM,RTD,7/30/2026 7:30:00 PM,CMIN,Ru,45.94,0,,0,45.94,0,0,
7/30/2026 7:25:00 PM,RTD,7/30/2026 7:30:00 PM,CLUZ,Ru,244,0,,0,244,0,0,
7/30/2026 7:30:00 PM,RTD,7/30/2026 7:35:00 PM,CVIS,Dr,123,0,,0,123,0,0,
7/30/2026 7:30:00 PM,RTD,7/30/2026 7:35:00 PM,CMIN,Dr,135,0,,0,135,0,0,
7/30/2026 7:30:00 PM,RTD,7/30/2026 7:35:00 PM,CLUZ,Dr,668,0,,0,668,0,0,
7/30/2026 7:30:00 PM,RTD,7/30/2026 7:35:00 PM,CMIN,En,2227.45,0,0,42.39,2719.84,0,450,
7/30/2026 7:30:00 PM,RTD,7/30/2026 7:35:00 PM,CLUZ,En,11231.95,0,0,228.52,11510.45,0,50,
7/30/2026 7:30:00 PM,RTD,7/30/2026 7:35:00 PM,CVIS,En,2189.12,0,0,20.05,1709.19,500,0,
7/30/2026 7:30:00 PM,RTD,7/30/2026 7:35:00 PM,CMIN,Fr,135,0,,0,135,0,0,
7/30/2026 7:30:00 PM,RTD,7/30/2026 7:35:00 PM,CVIS,Fr,134,0,,0,134,0,0,
7/30/2026 7:30:00 PM,RTD,7/30/2026 7:35:00 PM,CLUZ,Fr,668,0,,0,668,0,0,
7/30/2026 7:30:00 PM,RTD,7/30/2026 7:35:00 PM,CMIN,Rd,45.94,0,,0,45.94,0,0,
7/30/2026 7:30:00 PM,RTD,7/30/2026 7:35:00 PM,CLUZ,Rd,244,0,,0,244,0,0,
7/30/2026 7:30:00 PM,RTD,7/30/2026 7:35:00 PM,CVIS,Rd,46,0,,0,46,0,0,
7/30/2026 7:30:00 PM,RTD,7/30/2026 7:35:00 PM,CVIS,Ru,46,0,,0,46,0,0,
7/30/2026 7:30:00 PM,RTD,7/30/2026 7:35:00 PM,CMIN,Ru,45.94,0,,0,45.94,0,0,
7/30/2026 7:30:00 PM,RTD,7/30/2026 7:35:00 PM,CLUZ,Ru,244,0,,0,244,0,0,
7/30/2026 7:35:00 PM,RTD,7/30/2026 7:40:00 PM,CVIS,Dr,123,0,,0,123,0,0,
7/30/2026 7:35:00 PM,RTD,7/30/2026 7:40:00 PM,CMIN,Dr,135,0,,0,135,0,0,
7/30/2026 7:35:00 PM,RTD,7/30/2026 7:40:00 PM,CLUZ,Dr,668,0,,0,668,0,0,
7/30/2026 7:35:00 PM,RTD,7/30/2026 7:40:00 PM,CMIN,En,2225.51,0,0,42.52,2696.47,0,428.43,
7/30/2026 7:35:00 PM,RTD,7/30/2026 7:40:00 PM,CLUZ,En,11234.48,0,0,230.39,11564.72,0,100,
7/30/2026 7:35:00 PM,RTD,7/30/2026 7:40:00 PM,CVIS,En,2181.67,0,0,22.07,1675.33,528.43,0,
7/30/2026 7:35:00 PM,RTD,7/30/2026 7:40:00 PM,CMIN,Fr,135,0,,0,135,0,0,
7/30/2026 7:35:00 PM,RTD,7/30/2026 7:40:00 PM,CVIS,Fr,134,0,,0,134,0,0,
7/30/2026 7:35:00 PM,RTD,7/30/2026 7:40:00 PM,CLUZ,Fr,668,0,,0,668,0,0,
7/30/2026 7:35:00 PM,RTD,7/30/2026 7:40:00 PM,CMIN,Rd,45.94,0,,0,45.94,0,0,
7/30/2026 7:35:00 PM,RTD,7/30/2026 7:40:00 PM,CLUZ,Rd,244,0,,0,244,0,0,
7/30/2026 7:35:00 PM,RTD,7/30/2026 7:40:00 PM,CVIS,Rd,46,0,,0,46,0,0,
7/30/2026 7:35:00 PM,RTD,7/30/2026 7:40:00 PM,CVIS,Ru,46,0,,0,46,0,0,
7/30/2026 7:35:00 PM,RTD,7/30/2026 7:40:00 PM,CMIN,Ru,45.94,0,,0,45.94,0,0,
7/30/2026 7:35:00 PM,RTD,7/30/2026 7:40:00 PM,CLUZ,Ru,244,0,,0,244,0,0,
7/30/2026 7:40:00 PM,RTD,7/30/2026 7:45:00 PM,CMIN,Dr,135,0,,0,135,0,0,
7/30/2026 7:40:00 PM,RTD,7/30/2026 7:45:00 PM,CVIS,Dr,123,0,,0,123,0,0,
7/30/2026 7:40:00 PM,RTD,7/30/2026 7:45:00 PM,CLUZ,Dr,668,0,,0,668,0,0,
7/30/2026 7:40:00 PM,RTD,7/30/2026 7:45:00 PM,CMIN,En,2220.50,0,0,41.96,2701.45,0,438.98,
7/30/2026 7:40:00 PM,RTD,7/30/2026 7:45:00 PM,CLUZ,En,11233.70,0,0,230.69,11564.50,0,100,
7/30/2026 7:40:00 PM,RTD,7/30/2026 7:45:00 PM,CVIS,En,2169.10,0,0,22.93,1653.07,538.98,0,
7/30/2026 7:40:00 PM,RTD,7/30/2026 7:45:00 PM,CVIS,Fr,134,0,,0,134,0,0,
7/30/2026 7:40:00 PM,RTD,7/30/2026 7:45:00 PM,CLUZ,Fr,668,0,,0,668,0,0,
7/30/2026 7:40:00 PM,RTD,7/30/2026 7:45:00 PM,CMIN,Fr,135,0,,0,135,0,0,
7/30/2026 7:40:00 PM,RTD,7/30/2026 7:45:00 PM,CVIS,Rd,46,0,,0,46,0,0,
7/30/2026 7:40:00 PM,RTD,7/30/2026 7:45:00 PM,CLUZ,Rd,244,0,,0,244,0,0,
7/30/2026 7:40:00 PM,RTD,7/30/2026 7:45:00 PM,CMIN,Rd,45.94,0,,0,45.94,0,0,
7/30/2026 7:40:00 PM,RTD,7/30/2026 7:45:00 PM,CLUZ,Ru,244,0,,0,244,0,0,
7/30/2026 7:40:00 PM,RTD,7/30/2026 7:45:00 PM,CMIN,Ru,45.94,0,,0,45.94,0,0,
7/30/2026 7:40:00 PM,RTD,7/30/2026 7:45:00 PM,CVIS,Ru,46,0,,0,46,0,0,
7/30/2026 7:45:00 PM,RTD,7/30/2026 7:50:00 PM,CVIS,Dr,123,0,,0,123,0,0,
7/30/2026 7:45:00 PM,RTD,7/30/2026 7:50:00 PM,CMIN,Dr,135,0,,0,135,0,0,
7/30/2026 7:45:00 PM,RTD,7/30/2026 7:50:00 PM,CLUZ,Dr,668,0,,0,668,0,0,
7/30/2026 7:45:00 PM,RTD,7/30/2026 7:50:00 PM,CMIN,En,2215.46,0,0,42.03,2683.52,0,426.05,
7/30/2026 7:45:00 PM,RTD,7/30/2026 7:50:00 PM,CVIS,En,2164.81,0,0,22.55,1661.31,526.05,0,
7/30/2026 7:45:00 PM,RTD,7/30/2026 7:50:00 PM,CLUZ,En,11247.21,0,0,231.30,11578.44,0,100,
7/30/2026 7:45:00 PM,RTD,7/30/2026 7:50:00 PM,CMIN,Fr,135,0,,0,135,0,0,
7/30/2026 7:45:00 PM,RTD,7/30/2026 7:50:00 PM,CVIS,Fr,134,0,,0,134,0,0,
7/30/2026 7:45:00 PM,RTD,7/30/2026 7:50:00 PM,CLUZ,Fr,668,0,,0,668,0,0,
7/30/2026 7:45:00 PM,RTD,7/30/2026 7:50:00 PM,CLUZ,Rd,244,0,,0,244,0,0,
7/30/2026 7:45:00 PM,RTD,7/30/2026 7:50:00 PM,CMIN,Rd,45.94,0,,0,45.94,0,0,
7/30/2026 7:45:00 PM,RTD,7/30/2026 7:50:00 PM,CVIS,Rd,46,0,,0,46,0,0,
7/30/2026 7:45:00 PM,RTD,7/30/2026 7:50:00 PM,CVIS,Ru,46,0,,0,46,0,0,
7/30/2026 7:45:00 PM,RTD,7/30/2026 7:50:00 PM,CMIN,Ru,45.94,0,,0,45.94,0,0,
7/30/2026 7:45:00 PM,RTD,7/30/2026 7:50:00 PM,CLUZ,Ru,244,0,,0,244,0,0,
7/30/2026 7:50:00 PM,RTD,7/30/2026 7:55:00 PM,CLUZ,Dr,668,0,,0,668,0,0,
7/30/2026 7:50:00 PM,RTD,7/30/2026 7:55:00 PM,CVIS,Dr,123,0,,0,123,0,0,
7/30/2026 7:50:00 PM,RTD,7/30/2026 7:55:00 PM,CMIN,Dr,135,0,,0,135,0,0,
7/30/2026 7:50:00 PM,RTD,7/30/2026 7:55:00 PM,CLUZ,En,11243.99,0,0,233.46,11577.37,0,100,
7/30/2026 7:50:00 PM,RTD,7/30/2026 7:55:00 PM,CVIS,En,2160.17,0,0,22.48,1672.23,510.43,0,
7/30/2026 7:50:00 PM,RTD,7/30/2026 7:55:00 PM,CMIN,En,2217.32,0,0,42.51,2670.24,0,410.43,
7/30/2026 7:50:00 PM,RTD,7/30/2026 7:55:00 PM,CLUZ,Fr,668,0,,0,668,0,0,
7/30/2026 7:50:00 PM,RTD,7/30/2026 7:55:00 PM,CMIN,Fr,135,0,,0,135,0,0,
7/30/2026 7:50:00 PM,RTD,7/30/2026 7:55:00 PM,CVIS,Fr,134,0,,0,134,0,0,
7/30/2026 7:50:00 PM,RTD,7/30/2026 7:55:00 PM,CLUZ,Rd,244,0,,0,244,0,0,
7/30/2026 7:50:00 PM,RTD,7/30/2026 7:55:00 PM,CMIN,Rd,45.94,0,,0,45.94,0,0,
7/30/2026 7:50:00 PM,RTD,7/30/2026 7:55:00 PM,CVIS,Rd,46,0,,0,46,0,0,
7/30/2026 7:50:00 PM,RTD,7/30/2026 7:55:00 PM,CLUZ,Ru,244,0,,0,244,0,0,
7/30/2026 7:50:00 PM,RTD,7/30/2026 7:55:00 PM,CVIS,Ru,46,0,,0,46,0,0,
7/30/2026 7:50:00 PM,RTD,7/30/2026 7:55:00 PM,CMIN,Ru,45.94,0,,0,45.94,0,0,
7/30/2026 7:55:00 PM,RTD,7/30/2026 8:00:00 PM,CLUZ,Dr,668,0,,0,668,0,0,
7/30/2026 7:55:00 PM,RTD,7/30/2026 8:00:00 PM,CVIS,Dr,123,0,,0,123,0,0,
7/30/2026 7:55:00 PM,RTD,7/30/2026 8:00:00 PM,CMIN,Dr,135,0,,0,135,0,0,
7/30/2026 7:55:00 PM,RTD,7/30/2026 8:00:00 PM,CMIN,En,2213.66,0,0,42.18,2671.18,0,415.37,
7/30/2026 7:55:00 PM,RTD,7/30/2026 8:00:00 PM,CVIS,En,2153.38,0,0,22.36,1660.38,515.37,0,
7/30/2026 7:55:00 PM,RTD,7/30/2026 8:00:00 PM,CLUZ,En,11131.45,0,0,231.37,11462.72,0,100,
7/30/2026 7:55:00 PM,RTD,7/30/2026 8:00:00 PM,CLUZ,Fr,668,0,,0,668,0,0,
7/30/2026 7:55:00 PM,RTD,7/30/2026 8:00:00 PM,CVIS,Fr,134,0,,0,134,0,0,
7/30/2026 7:55:00 PM,RTD,7/30/2026 8:00:00 PM,CMIN,Fr,135,0,,0,135,0,0,
7/30/2026 7:55:00 PM,RTD,7/30/2026 8:00:00 PM,CMIN,Rd,45.94,0,,0,45.94,0,0,
7/30/2026 7:55:00 PM,RTD,7/30/2026 8:00:00 PM,CLUZ,Rd,244,0,,0,244,0,0,
7/30/2026 7:55:00 PM,RTD,7/30/2026 8:00:00 PM,CVIS,Rd,46,0,,0,46,0,0,
7/30/2026 7:55:00 PM,RTD,7/30/2026 8:00:00 PM,CMIN,Ru,45.94,0,,0,45.94,0,0,
7/30/2026 7:55:00 PM,RTD,7/30/2026 8:00:00 PM,CVIS,Ru,46,0,,0,46,0,0,
7/30/2026 7:55:00 PM,RTD,7/30/2026 8:00:00 PM,CLUZ,Ru,244,0,,0,244,0,0,
7/30/2026 8:00:00 PM,RTD,7/30/2026 8:05:00 PM,CVIS,Dr,123,0,,0,123,0,0,
7/30/2026 8:00:00 PM,RTD,7/30/2026 8:05:00 PM,CMIN,Dr,135,0,,0,135,0,0,
7/30/2026 8:00:00 PM,RTD,7/30/2026 8:05:00 PM,CLUZ,Dr,668,0,,0,668,0,0,
7/30/2026 8:00:00 PM,RTD,7/30/2026 8:05:00 PM,CMIN,En,2200.51,0,0,42.15,2669.10,0,426.43,
7/30/2026 8:00:00 PM,RTD,7/30/2026 8:05:00 PM,CLUZ,En,11108.03,0,0,229.78,11437.84,0,100,
7/30/2026 8:00:00 PM,RTD,7/30/2026 8:05:00 PM,CVIS,En,2144.65,0,0,21.40,1639.62,526.43,0,
7/30/2026 8:00:00 PM,RTD,7/30/2026 8:05:00 PM,CMIN,Fr,135,0,,0,135,0,0,
7/30/2026 8:00:00 PM,RTD,7/30/2026 8:05:00 PM,CVIS,Fr,134,0,,0,134,0,0,
7/30/2026 8:00:00 PM,RTD,7/30/2026 8:05:00 PM,CLUZ,Fr,668,0,,0,668,0,0,
7/30/2026 8:00:00 PM,RTD,7/30/2026 8:05:00 PM,CMIN,Rd,44.52,0,,0,44.52,0,0,
7/30/2026 8:00:00 PM,RTD,7/30/2026 8:05:00 PM,CLUZ,Rd,242.50,0,,0,242.50,0,0,
7/30/2026 8:00:00 PM,RTD,7/30/2026 8:05:00 PM,CVIS,Rd,44.85,0,,0,44.85,0,0,
7/30/2026 8:00:00 PM,RTD,7/30/2026 8:05:00 PM,CVIS,Ru,44.85,0,,0,44.85,0,0,
7/30/2026 8:00:00 PM,RTD,7/30/2026 8:05:00 PM,CMIN,Ru,44.52,0,,0,44.52,0,0,
7/30/2026 8:00:00 PM,RTD,7/30/2026 8:05:00 PM,CLUZ,Ru,242.50,0,,0,242.50,0,0,
7/30/2026 8:05:00 PM,RTD,7/30/2026 8:10:00 PM,CVIS,Dr,123,0,,0,123,0,0,
7/30/2026 8:05:00 PM,RTD,7/30/2026 8:10:00 PM,CMIN,Dr,135,0,,0,135,0,0,
7/30/2026 8:05:00 PM,RTD,7/30/2026 8:10:00 PM,CLUZ,Dr,668,0,,0,668,0,0,
7/30/2026 8:05:00 PM,RTD,7/30/2026 8:10:00 PM,CMIN,En,2196.80,0,0,42.50,2668.63,0,429.32,
7/30/2026 8:05:00 PM,RTD,7/30/2026 8:10:00 PM,CLUZ,En,11105.05,0,0,228.19,11433.14,0,100,
7/30/2026 8:05:00 PM,RTD,7/30/2026 8:10:00 PM,CVIS,En,2139.95,0,0,21.33,1631.98,529.32,0,
7/30/2026 8:05:00 PM,RTD,7/30/2026 8:10:00 PM,CMIN,Fr,135,0,,0,135,0,0,
7/30/2026 8:05:00 PM,RTD,7/30/2026 8:10:00 PM,CVIS,Fr,134,0,,0,134,0,0,
7/30/2026 8:05:00 PM,RTD,7/30/2026 8:10:00 PM,CLUZ,Fr,668,0,,0,668,0,0,
7/30/2026 8:05:00 PM,RTD,7/30/2026 8:10:00 PM,CMIN,Rd,44.52,0,,0,44.52,0,0,
7/30/2026 8:05:00 PM,RTD,7/30/2026 8:10:00 PM,CLUZ,Rd,242.50,0,,0,242.50,0,0,
7/30/2026 8:05:00 PM,RTD,7/30/2026 8:10:00 PM,CVIS,Rd,44.85,0,,0,44.85,0,0,
7/30/2026 8:05:00 PM,RTD,7/30/2026 8:10:00 PM,CVIS,Ru,44.85,0,,0,44.85,0,0,
7/30/2026 8:05:00 PM,RTD,7/30/2026 8:10:00 PM,CMIN,Ru,44.52,0,,0,44.52,0,0,
7/30/2026 8:05:00 PM,RTD,7/30/2026 8:10:00 PM,CLUZ,Ru,242.50,0,,0,242.50,0,0,
7/30/2026 8:10:00 PM,RTD,7/30/2026 8:15:00 PM,CMIN,Dr,135,0,,0,135,0,0,
7/30/2026 8:10:00 PM,RTD,7/30/2026 8:15:00 PM,CLUZ,Dr,668,0,,0,668,0,0,
7/30/2026 8:10:00 PM,RTD,7/30/2026 8:15:00 PM,CVIS,Dr,123,0,,0,123,0,0,
7/30/2026 8:10:00 PM,RTD,7/30/2026 8:15:00 PM,CVIS,En,2144.88,0,0,21.27,1643.45,522.69,0,
7/30/2026 8:10:00 PM,RTD,7/30/2026 8:15:00 PM,CMIN,En,2203.40,0,0,42.54,2668.63,0,422.69,
7/30/2026 8:10:00 PM,RTD,7/30/2026 8:15:00 PM,CLUZ,En,11110.81,0,0,227.84,11438.66,0,100,
7/30/2026 8:10:00 PM,RTD,7/30/2026 8:15:00 PM,CLUZ,Fr,668,0,,0,668,0,0,
7/30/2026 8:10:00 PM,RTD,7/30/2026 8:15:00 PM,CVIS,Fr,134,0,,0,134,0,0,
7/30/2026 8:10:00 PM,RTD,7/30/2026 8:15:00 PM,CMIN,Fr,135,0,,0,135,0,0,
7/30/2026 8:10:00 PM,RTD,7/30/2026 8:15:00 PM,CVIS,Rd,44.85,0,,0,44.85,0,0,
7/30/2026 8:10:00 PM,RTD,7/30/2026 8:15:00 PM,CMIN,Rd,44.52,0,,0,44.52,0,0,
7/30/2026 8:10:00 PM,RTD,7/30/2026 8:15:00 PM,CLUZ,Rd,242.50,0,,0,242.50,0,0,
7/30/2026 8:10:00 PM,RTD,7/30/2026 8:15:00 PM,CVIS,Ru,44.85,0,,0,44.85,0,0,
7/30/2026 8:10:00 PM,RTD,7/30/2026 8:15:00 PM,CMIN,Ru,44.52,0,,0,44.52,0,0,
7/30/2026 8:10:00 PM,RTD,7/30/2026 8:15:00 PM,CLUZ,Ru,242.50,0,,0,242.50,0,0,
7/30/2026 8:15:00 PM,RTD,7/30/2026 8:20:00 PM,CLUZ,Dr,668,0,,0,668,0,0,
7/30/2026 8:15:00 PM,RTD,7/30/2026 8:20:00 PM,CMIN,Dr,135,0,,0,135,0,0,
7/30/2026 8:15:00 PM,RTD,7/30/2026 8:20:00 PM,CVIS,Dr,123,0,,0,123,0,0,
7/30/2026 8:15:00 PM,RTD,7/30/2026 8:20:00 PM,CLUZ,En,11101.20,0,0,227.63,11428.84,0,100,
7/30/2026 8:15:00 PM,RTD,7/30/2026 8:20:00 PM,CMIN,En,2199.64,0,0,43.07,2665.71,0,423,
7/30/2026 8:15:00 PM,RTD,7/30/2026 8:20:00 PM,CVIS,En,2141.74,0,0,21.25,1639.99,523,0,
7/30/2026 8:15:00 PM,RTD,7/30/2026 8:20:00 PM,CLUZ,Fr,668,0,,0,668,0,0,
7/30/2026 8:15:00 PM,RTD,7/30/2026 8:20:00 PM,CVIS,Fr,134,0,,0,134,0,0,
7/30/2026 8:15:00 PM,RTD,7/30/2026 8:20:00 PM,CMIN,Fr,135,0,,0,135,0,0,
7/30/2026 8:15:00 PM,RTD,7/30/2026 8:20:00 PM,CMIN,Rd,44.52,0,,0,44.52,0,0,
7/30/2026 8:15:00 PM,RTD,7/30/2026 8:20:00 PM,CLUZ,Rd,242.50,0,,0,242.50,0,0,
7/30/2026 8:15:00 PM,RTD,7/30/2026 8:20:00 PM,CVIS,Rd,44.85,0,,0,44.85,0,0,
7/30/2026 8:15:00 PM,RTD,7/30/2026 8:20:00 PM,CMIN,Ru,44.52,0,,0,44.52,0,0,
7/30/2026 8:15:00 PM,RTD,7/30/2026 8:20:00 PM,CLUZ,Ru,242.50,0,,0,242.50,0,0,
7/30/2026 8:15:00 PM,RTD,7/30/2026 8:20:00 PM,CVIS,Ru,44.85,0,,0,44.85,0,0,
7/30/2026 8:20:00 PM,RTD,7/30/2026 8:25:00 PM,CVIS,Dr,123,0,,0,123,0,0,
7/30/2026 8:20:00 PM,RTD,7/30/2026 8:25:00 PM,CMIN,Dr,135,0,,0,135,0,0,
7/30/2026 8:20:00 PM,RTD,7/30/2026 8:25:00 PM,CLUZ,Dr,668,0,,0,668,0,0,
7/30/2026 8:20:00 PM,RTD,7/30/2026 8:25:00 PM,CMIN,En,2196.78,0,0,43.40,2664.27,0,424.08,
7/30/2026 8:20:00 PM,RTD,7/30/2026 8:25:00 PM,CLUZ,En,11106.91,0,0,227.87,11434.87,0,100,
7/30/2026 8:20:00 PM,RTD,7/30/2026 8:25:00 PM,CVIS,En,2137.85,0,0,21.29,1635.08,524.08,0,
7/30/2026 8:20:00 PM,RTD,7/30/2026 8:25:00 PM,CMIN,Fr,135,0,,0,135,0,0,
7/30/2026 8:20:00 PM,RTD,7/30/2026 8:25:00 PM,CVIS,Fr,134,0,,0,134,0,0,
7/30/2026 8:20:00 PM,RTD,7/30/2026 8:25:00 PM,CLUZ,Fr,668,0,,0,668,0,0,
7/30/2026 8:20:00 PM,RTD,7/30/2026 8:25:00 PM,CMIN,Rd,44.52,0,,0,44.52,0,0,
7/30/2026 8:20:00 PM,RTD,7/30/2026 8:25:00 PM,CLUZ,Rd,242.50,0,,0,242.50,0,0,
7/30/2026 8:20:00 PM,RTD,7/30/2026 8:25:00 PM,CVIS,Rd,44.85,0,,0,44.85,0,0,
7/30/2026 8:20:00 PM,RTD,7/30/2026 8:25:00 PM,CVIS,Ru,44.85,0,,0,44.85,0,0,
7/30/2026 8:20:00 PM,RTD,7/30/2026 8:25:00 PM,CMIN,Ru,44.52,0,,0,44.52,0,0,
7/30/2026 8:20:00 PM,RTD,7/30/2026 8:25:00 PM,CLUZ,Ru,242.50,0,,0,242.50,0,0,
7/30/2026 8:25:00 PM,RTD,7/30/2026 8:30:00 PM,CVIS,Dr,123,0,,0,123,0,0,
7/30/2026 8:25:00 PM,RTD,7/30/2026 8:30:00 PM,CLUZ,Dr,668,0,,0,668,0,0,
7/30/2026 8:25:00 PM,RTD,7/30/2026 8:30:00 PM,CMIN,Dr,135,0,,0,135,0,0,
7/30/2026 8:25:00 PM,RTD,7/30/2026 8:30:00 PM,CVIS,En,2132.54,0,0,21.23,1624.74,529.02,0,
7/30/2026 8:25:00 PM,RTD,7/30/2026 8:30:00 PM,CLUZ,En,11107.79,0,0,228.28,11436.06,0,100,
7/30/2026 8:25:00 PM,RTD,7/30/2026 8:30:00 PM,CMIN,En,2191.30,0,0,43.15,2663.48,0,429.02,
7/30/2026 8:25:00 PM,RTD,7/30/2026 8:30:00 PM,CLUZ,Fr,668,0,,0,668,0,0,
7/30/2026 8:25:00 PM,RTD,7/30/2026 8:30:00 PM,CVIS,Fr,134,0,,0,134,0,0,
7/30/2026 8:25:00 PM,RTD,7/30/2026 8:30:00 PM,CMIN,Fr,135,0,,0,135,0,0,
7/30/2026 8:25:00 PM,RTD,7/30/2026 8:30:00 PM,CMIN,Rd,44.52,0,,0,44.52,0,0,
7/30/2026 8:25:00 PM,RTD,7/30/2026 8:30:00 PM,CVIS,Rd,44.85,0,,0,44.85,0,0,
7/30/2026 8:25:00 PM,RTD,7/30/2026 8:30:00 PM,CLUZ,Rd,242.50,0,,0,242.50,0,0,
7/30/2026 8:25:00 PM,RTD,7/30/2026 8:30:00 PM,CMIN,Ru,44.52,0,,0,44.52,0,0,
7/30/2026 8:25:00 PM,RTD,7/30/2026 8:30:00 PM,CLUZ,Ru,242.50,0,,0,242.50,0,0,
7/30/2026 8:25:00 PM,RTD,7/30/2026 8:30:00 PM,CVIS,Ru,44.85,0,,0,44.85,0,0,
7/30/2026 8:30:00 PM,RTD,7/30/2026 8:35:00 PM,CVIS,Dr,123,0,,0,123,0,0,
7/30/2026 8:30:00 PM,RTD,7/30/2026 8:35:00 PM,CMIN,Dr,135,0,,0,135,0,0,
7/30/2026 8:30:00 PM,RTD,7/30/2026 8:35:00 PM,CLUZ,Dr,668,0,,0,668,0,0,
7/30/2026 8:30:00 PM,RTD,7/30/2026 8:35:00 PM,CMIN,En,2184.58,0,0,43.15,2652.18,0,424.47,
7/30/2026 8:30:00 PM,RTD,7/30/2026 8:35:00 PM,CLUZ,En,11077.66,0,0,229.20,11406.88,0,100,
7/30/2026 8:30:00 PM,RTD,7/30/2026 8:35:00 PM,CVIS,En,2116.30,0,0,21.47,1613.28,524.47,0,
7/30/2026 8:30:00 PM,RTD,7/30/2026 8:35:00 PM,CMIN,Fr,135,0,,0,135,0,0,
7/30/2026 8:30:00 PM,RTD,7/30/2026 8:35:00 PM,CVIS,Fr,134,0,,0,134,0,0,
7/30/2026 8:30:00 PM,RTD,7/30/2026 8:35:00 PM,CLUZ,Fr,668,0,,0,668,0,0,
7/30/2026 8:30:00 PM,RTD,7/30/2026 8:35:00 PM,CMIN,Rd,44.52,0,,0,44.52,0,0,
7/30/2026 8:30:00 PM,RTD,7/30/2026 8:35:00 PM,CLUZ,Rd,242.50,0,,0,242.50,0,0,
7/30/2026 8:30:00 PM,RTD,7/30/2026 8:35:00 PM,CVIS,Rd,44.85,0,,0,44.85,0,0,
7/30/2026 8:30:00 PM,RTD,7/30/2026 8:35:00 PM,CVIS,Ru,44.85,0,,0,44.85,0,0,
7/30/2026 8:30:00 PM,RTD,7/30/2026 8:35:00 PM,CMIN,Ru,44.52,0,,0,44.52,0,0,
7/30/2026 8:30:00 PM,RTD,7/30/2026 8:35:00 PM,CLUZ,Ru,242.50,0,,0,242.50,0,0,
7/30/2026 8:35:00 PM,RTD,7/30/2026 8:40:00 PM,CVIS,Dr,123,0,,0,123,0,0,
7/30/2026 8:35:00 PM,RTD,7/30/2026 8:40:00 PM,CMIN,Dr,135,0,,0,135,0,0,
7/30/2026 8:35:00 PM,RTD,7/30/2026 8:40:00 PM,CLUZ,Dr,668,0,,0,668,0,0,
7/30/2026 8:35:00 PM,RTD,7/30/2026 8:40:00 PM,CMIN,En,2182.11,0,0,43.17,2651.03,0,425.73,
7/30/2026 8:35:00 PM,RTD,7/30/2026 8:40:00 PM,CLUZ,En,11063.29,0,0,228.53,11391.83,0,100,
7/30/2026 8:35:00 PM,RTD,7/30/2026 8:40:00 PM,CVIS,En,2113.12,0,0,21.50,1608.90,525.73,0,
7/30/2026 8:35:00 PM,RTD,7/30/2026 8:40:00 PM,CMIN,Fr,135,0,,0,135,0,0,
7/30/2026 8:35:00 PM,RTD,7/30/2026 8:40:00 PM,CVIS,Fr,134,0,,0,134,0,0,
7/30/2026 8:35:00 PM,RTD,7/30/2026 8:40:00 PM,CLUZ,Fr,668,0,,0,668,0,0,
7/30/2026 8:35:00 PM,RTD,7/30/2026 8:40:00 PM,CMIN,Rd,44.52,0,,0,44.52,0,0,
7/30/2026 8:35:00 PM,RTD,7/30/2026 8:40:00 PM,CLUZ,Rd,242.50,0,,0,242.50,0,0,
7/30/2026 8:35:00 PM,RTD,7/30/2026 8:40:00 PM,CVIS,Rd,44.85,0,,0,44.85,0,0,
7/30/2026 8:35:00 PM,RTD,7/30/2026 8:40:00 PM,CVIS,Ru,44.85,0,,0,44.85,0,0,
7/30/2026 8:35:00 PM,RTD,7/30/2026 8:40:00 PM,CMIN,Ru,44.52,0,,0,44.52,0,0,
7/30/2026 8:35:00 PM,RTD,7/30/2026 8:40:00 PM,CLUZ,Ru,242.50,0,,0,242.50,0,0,
7/30/2026 8:40:00 PM,RTD,7/30/2026 8:45:00 PM,CVIS,Dr,123,0,,0,123,0,0,
7/30/2026 8:40:00 PM,RTD,7/30/2026 8:45:00 PM,CMIN,Dr,135,0,,0,135,0,0,
7/30/2026 8:40:00 PM,RTD,7/30/2026 8:45:00 PM,CLUZ,Dr,668,0,,0,668,0,0,
7/30/2026 8:40:00 PM,RTD,7/30/2026 8:45:00 PM,CMIN,En,2192.28,0,0,42.94,2659.21,0,423.98,
7/30/2026 8:40:00 PM,RTD,7/30/2026 8:45:00 PM,CLUZ,En,11048.62,0,0,227.86,11376.43,0,100,
7/30/2026 8:40:00 PM,RTD,7/30/2026 8:45:00 PM,CVIS,En,2107.33,0,0,21.53,1604.91,523.98,0,
7/30/2026 8:40:00 PM,RTD,7/30/2026 8:45:00 PM,CMIN,Fr,135,0,,0,135,0,0,
7/30/2026 8:40:00 PM,RTD,7/30/2026 8:45:00 PM,CVIS,Fr,134,0,,0,134,0,0,
7/30/2026 8:40:00 PM,RTD,7/30/2026 8:45:00 PM,CLUZ,Fr,668,0,,0,668,0,0,
7/30/2026 8:40:00 PM,RTD,7/30/2026 8:45:00 PM,CMIN,Rd,44.52,0,,0,44.52,0,0,
7/30/2026 8:40:00 PM,RTD,7/30/2026 8:45:00 PM,CLUZ,Rd,242.50,0,,0,242.50,0,0,
7/30/2026 8:40:00 PM,RTD,7/30/2026 8:45:00 PM,CVIS,Rd,44.85,0,,0,44.85,0,0,
7/30/2026 8:40:00 PM,RTD,7/30/2026 8:45:00 PM,CVIS,Ru,44.85,0,,0,44.85,0,0,
7/30/2026 8:40:00 PM,RTD,7/30/2026 8:45:00 PM,CMIN,Ru,44.52,0,,0,44.52,0,0,
7/30/2026 8:40:00 PM,RTD,7/30/2026 8:45:00 PM,CLUZ,Ru,242.50,0,,0,242.50,0,0,
7/30/2026 8:45:00 PM,RTD,7/30/2026 8:50:00 PM,CVIS,Dr,123,0,,0,123,0,0,
7/30/2026 8:45:00 PM,RTD,7/30/2026 8:50:00 PM,CMIN,Dr,135,0,,0,135,0,0,
7/30/2026 8:45:00 PM,RTD,7/30/2026 8:50:00 PM,CLUZ,Dr,668,0,,0,668,0,0,
7/30/2026 8:45:00 PM,RTD,7/30/2026 8:50:00 PM,CMIN,En,2192.75,0,0,43.15,2659.48,0,423.56,
7/30/2026 8:45:00 PM,RTD,7/30/2026 8:50:00 PM,CLUZ,En,11015.63,0,0,226.58,11342.18,0,100,
7/30/2026 8:45:00 PM,RTD,7/30/2026 8:50:00 PM,CVIS,En,2097.42,0,0,21.01,1594.88,523.56,0,
7/30/2026 8:45:00 PM,RTD,7/30/2026 8:50:00 PM,CMIN,Fr,135,0,,0,135,0,0,
7/30/2026 8:45:00 PM,RTD,7/30/2026 8:50:00 PM,CVIS,Fr,134,0,,0,134,0,0,
7/30/2026 8:45:00 PM,RTD,7/30/2026 8:50:00 PM,CLUZ,Fr,668,0,,0,668,0,0,
7/30/2026 8:45:00 PM,RTD,7/30/2026 8:50:00 PM,CMIN,Rd,44.52,0,,0,44.52,0,0,
7/30/2026 8:45:00 PM,RTD,7/30/2026 8:50:00 PM,CLUZ,Rd,242.50,0,,0,242.50,0,0,
7/30/2026 8:45:00 PM,RTD,7/30/2026 8:50:00 PM,CVIS,Rd,44.85,0,,0,44.85,0,0,
7/30/2026 8:45:00 PM,RTD,7/30/2026 8:50:00 PM,CVIS,Ru,44.85,0,,0,44.85,0,0,
7/30/2026 8:45:00 PM,RTD,7/30/2026 8:50:00 PM,CMIN,Ru,44.52,0,,0,44.52,0,0,
7/30/2026 8:45:00 PM,RTD,7/30/2026 8:50:00 PM,CLUZ,Ru,242.50,0,,0,242.50,0,0,
7/30/2026 8:50:00 PM,RTD,7/30/2026 8:55:00 PM,CVIS,Dr,123,0,,0,123,0,0,
7/30/2026 8:50:00 PM,RTD,7/30/2026 8:55:00 PM,CMIN,Dr,135,0,,0,135,0,0,
7/30/2026 8:50:00 PM,RTD,7/30/2026 8:55:00 PM,CLUZ,Dr,668,0,,0,668,0,0,
7/30/2026 8:50:00 PM,RTD,7/30/2026 8:55:00 PM,CMIN,En,2187.09,0,0,42.95,2659.38,0,429.35,
7/30/2026 8:50:00 PM,RTD,7/30/2026 8:55:00 PM,CLUZ,En,11002.50,0,0,226.23,11328.60,0,100,
7/30/2026 8:50:00 PM,RTD,7/30/2026 8:55:00 PM,CVIS,En,2091.44,0,0,21.19,1583.29,529.35,0,
7/30/2026 8:50:00 PM,RTD,7/30/2026 8:55:00 PM,CMIN,Fr,135,0,,0,135,0,0,
7/30/2026 8:50:00 PM,RTD,7/30/2026 8:55:00 PM,CVIS,Fr,134,0,,0,134,0,0,
7/30/2026 8:50:00 PM,RTD,7/30/2026 8:55:00 PM,CLUZ,Fr,668,0,,0,668,0,0,
7/30/2026 8:50:00 PM,RTD,7/30/2026 8:55:00 PM,CMIN,Rd,44.52,0,,0,44.52,0,0,
7/30/2026 8:50:00 PM,RTD,7/30/2026 8:55:00 PM,CLUZ,Rd,242.50,0,,0,242.50,0,0,
7/30/2026 8:50:00 PM,RTD,7/30/2026 8:55:00 PM,CVIS,Rd,44.85,0,,0,44.85,0,0,
7/30/2026 8:50:00 PM,RTD,7/30/2026 8:55:00 PM,CVIS,Ru,44.85,0,,0,44.85,0,0,
7/30/2026 8:50:00 PM,RTD,7/30/2026 8:55:00 PM,CMIN,Ru,44.52,0,,0,44.52,0,0,
7/30/2026 8:50:00 PM,RTD,7/30/2026 8:55:00 PM,CLUZ,Ru,242.50,0,,0,242.50,0,0,
7/30/2026 8:55:00 PM,RTD,7/30/2026 9:00:00 PM,CVIS,Dr,123,0,,0,123,0,0,
7/30/2026 8:55:00 PM,RTD,7/30/2026 9:00:00 PM,CMIN,Dr,135,0,,0,135,0,0,
7/30/2026 8:55:00 PM,RTD,7/30/2026 9:00:00 PM,CLUZ,Dr,668,0,,0,668,0,0,
7/30/2026 8:55:00 PM,RTD,7/30/2026 9:00:00 PM,CMIN,En,2173.12,0,0,42.16,2646.38,0,431.09,
7/30/2026 8:55:00 PM,RTD,7/30/2026 9:00:00 PM,CLUZ,En,10961.18,0,0,224.81,11286.05,0,100,
7/30/2026 8:55:00 PM,RTD,7/30/2026 9:00:00 PM,CVIS,En,2084.78,0,0,21.45,1575.15,531.09,0,
7/30/2026 8:55:00 PM,RTD,7/30/2026 9:00:00 PM,CMIN,Fr,135,0,,0,135,0,0,
7/30/2026 8:55:00 PM,RTD,7/30/2026 9:00:00 PM,CVIS,Fr,134,0,,0,134,0,0,
7/30/2026 8:55:00 PM,RTD,7/30/2026 9:00:00 PM,CLUZ,Fr,668,0,,0,668,0,0,
7/30/2026 8:55:00 PM,RTD,7/30/2026 9:00:00 PM,CMIN,Rd,44.52,0,,0,44.52,0,0,
7/30/2026 8:55:00 PM,RTD,7/30/2026 9:00:00 PM,CLUZ,Rd,242.50,0,,0,242.50,0,0,
7/30/2026 8:55:00 PM,RTD,7/30/2026 9:00:00 PM,CVIS,Rd,44.85,0,,0,44.85,0,0,
7/30/2026 8:55:00 PM,RTD,7/30/2026 9:00:00 PM,CVIS,Ru,44.85,0,,0,44.85,0,0,
7/30/2026 8:55:00 PM,RTD,7/30/2026 9:00:00 PM,CMIN,Ru,44.52,0,,0,44.52,0,0,
7/30/2026 8:55:00 PM,RTD,7/30/2026 9:00:00 PM,CLUZ,Ru,242.50,0,,0,242.50,0,0,
7/30/2026 9:00:00 PM,RTD,7/30/2026 9:05:00 PM,CVIS,Dr,123,0,,0,123,0,0,
7/30/2026 9:00:00 PM,RTD,7/30/2026 9:05:00 PM,CMIN,Dr,135,0,,0,135,0,0,
7/30/2026 9:00:00 PM,RTD,7/30/2026 9:05:00 PM,CLUZ,Dr,668,0,,0,668,0,0,
7/30/2026 9:00:00 PM,RTD,7/30/2026 9:05:00 PM,CMIN,En,2161.71,0,0,41.06,2627.64,0,424.86,
7/30/2026 9:00:00 PM,RTD,7/30/2026 9:05:00 PM,CLUZ,En,10907.54,0,0,218.54,11226.04,0,100,
7/30/2026 9:00:00 PM,RTD,7/30/2026 9:05:00 PM,CVIS,En,2071.12,0,0,21.32,1567.60,524.86,0,
7/30/2026 9:00:00 PM,RTD,7/30/2026 9:05:00 PM,CMIN,Fr,135,0,,0,135,0,0,
7/30/2026 9:00:00 PM,RTD,7/30/2026 9:05:00 PM,CVIS,Fr,134,0,,0,134,0,0,
7/30/2026 9:00:00 PM,RTD,7/30/2026 9:05:00 PM,CLUZ,Fr,668,0,,0,668,0,0,
7/30/2026 9:00:00 PM,RTD,7/30/2026 9:05:00 PM,CMIN,Rd,42.67,0,,0,42.67,0,0,
7/30/2026 9:00:00 PM,RTD,7/30/2026 9:05:00 PM,CLUZ,Rd,238,0,,0,238,0,0,
7/30/2026 9:00:00 PM,RTD,7/30/2026 9:05:00 PM,CVIS,Rd,45.60,0,,0,45.60,0,0,
7/30/2026 9:00:00 PM,RTD,7/30/2026 9:05:00 PM,CVIS,Ru,45.60,0,,0,45.60,0,0,
7/30/2026 9:00:00 PM,RTD,7/30/2026 9:05:00 PM,CMIN,Ru,42.67,0,,0,42.67,0,0,
7/30/2026 9:00:00 PM,RTD,7/30/2026 9:05:00 PM,CLUZ,Ru,238,0,,0,238,0,0,
7/30/2026 9:05:00 PM,RTD,7/30/2026 9:10:00 PM,CVIS,Dr,123,0,,0,123,0,0,
7/30/2026 9:05:00 PM,RTD,7/30/2026 9:10:00 PM,CMIN,Dr,135,0,,0,135,0,0,
7/30/2026 9:05:00 PM,RTD,7/30/2026 9:10:00 PM,CLUZ,Dr,668,0,,0,668,0,0,
7/30/2026 9:05:00 PM,RTD,7/30/2026 9:10:00 PM,CMIN,En,2149.39,0,0,40.12,2609.07,0,419.57,
7/30/2026 9:05:00 PM,RTD,7/30/2026 9:10:00 PM,CLUZ,En,10886.94,0,0,208.66,11195.50,0,100,
7/30/2026 9:05:00 PM,RTD,7/30/2026 9:10:00 PM,CVIS,En,2063.35,0,0,21.31,1565.12,519.57,0,
7/30/2026 9:05:00 PM,RTD,7/30/2026 9:10:00 PM,CMIN,Fr,135,0,,0,135,0,0,
7/30/2026 9:05:00 PM,RTD,7/30/2026 9:10:00 PM,CVIS,Fr,134,0,,0,134,0,0,
7/30/2026 9:05:00 PM,RTD,7/30/2026 9:10:00 PM,CLUZ,Fr,668,0,,0,668,0,0,
7/30/2026 9:05:00 PM,RTD,7/30/2026 9:10:00 PM,CMIN,Rd,42.67,0,,0,42.67,0,0,
7/30/2026 9:05:00 PM,RTD,7/30/2026 9:10:00 PM,CLUZ,Rd,238,0,,0,238,0,0,
7/30/2026 9:05:00 PM,RTD,7/30/2026 9:10:00 PM,CVIS,Rd,45.60,0,,0,45.60,0,0,
7/30/2026 9:05:00 PM,RTD,7/30/2026 9:10:00 PM,CVIS,Ru,45.60,0,,0,45.60,0,0,
7/30/2026 9:05:00 PM,RTD,7/30/2026 9:10:00 PM,CMIN,Ru,42.67,0,,0,42.67,0,0,
7/30/2026 9:05:00 PM,RTD,7/30/2026 9:10:00 PM,CLUZ,Ru,238,0,,0,238,0,0,
7/30/2026 9:10:00 PM,RTD,7/30/2026 9:15:00 PM,CVIS,Dr,123,0,,0,123,0,0,
7/30/2026 9:10:00 PM,RTD,7/30/2026 9:15:00 PM,CMIN,Dr,135,0,,0,135,0,0,
7/30/2026 9:10:00 PM,RTD,7/30/2026 9:15:00 PM,CLUZ,Dr,668,0,,0,668,0,0,
7/30/2026 9:10:00 PM,RTD,7/30/2026 9:15:00 PM,CMIN,En,2149.75,0,0,40.07,2607.70,0,417.87,
7/30/2026 9:10:00 PM,RTD,7/30/2026 9:15:00 PM,CLUZ,En,10869.85,0,0,200.94,11170.82,0,100,
7/30/2026 9:10:00 PM,RTD,7/30/2026 9:15:00 PM,CVIS,En,2057.66,0,0,21.46,1561.20,517.87,0,
7/30/2026 9:10:00 PM,RTD,7/30/2026 9:15:00 PM,CMIN,Fr,135,0,,0,135,0,0,
7/30/2026 9:10:00 PM,RTD,7/30/2026 9:15:00 PM,CVIS,Fr,134,0,,0,134,0,0,
7/30/2026 9:10:00 PM,RTD,7/30/2026 9:15:00 PM,CLUZ,Fr,668,0,,0,668,0,0,
7/30/2026 9:10:00 PM,RTD,7/30/2026 9:15:00 PM,CMIN,Rd,42.67,0,,0,42.67,0,0,
7/30/2026 9:10:00 PM,RTD,7/30/2026 9:15:00 PM,CLUZ,Rd,238,0,,0,238,0,0,
7/30/2026 9:10:00 PM,RTD,7/30/2026 9:15:00 PM,CVIS,Rd,45.60,0,,0,45.60,0,0,
7/30/2026 9:10:00 PM,RTD,7/30/2026 9:15:00 PM,CVIS,Ru,45.60,0,,0,45.60,0,0,
7/30/2026 9:10:00 PM,RTD,7/30/2026 9:15:00 PM,CMIN,Ru,42.67,0,,0,42.67,0,0,
7/30/2026 9:10:00 PM,RTD,7/30/2026 9:15:00 PM,CLUZ,Ru,238,0,,0,238,0,0,
7/30/2026 9:15:00 PM,RTD,7/30/2026 9:20:00 PM,CVIS,Dr,123,0,,0,123,0,0,
7/30/2026 9:15:00 PM,RTD,7/30/2026 9:20:00 PM,CMIN,Dr,135,0,,0,135,0,0,
7/30/2026 9:15:00 PM,RTD,7/30/2026 9:20:00 PM,CLUZ,Dr,668,0,,0,668,0,0,
7/30/2026 9:15:00 PM,RTD,7/30/2026 9:20:00 PM,CMIN,En,2143.41,0,0,41.24,2616.73,0,432.06,
7/30/2026 9:15:00 PM,RTD,7/30/2026 9:20:00 PM,CLUZ,En,10842.89,0,0,194.75,11137.69,0,100,
7/30/2026 9:15:00 PM,RTD,7/30/2026 9:20:00 PM,CVIS,En,2051.86,0,0,21.27,1541.09,532.06,0,
7/30/2026 9:15:00 PM,RTD,7/30/2026 9:20:00 PM,CMIN,Fr,135,0,,0,135,0,0,
7/30/2026 9:15:00 PM,RTD,7/30/2026 9:20:00 PM,CVIS,Fr,134,0,,0,134,0,0,
7/30/2026 9:15:00 PM,RTD,7/30/2026 9:20:00 PM,CLUZ,Fr,668,0,,0,668,0,0,
7/30/2026 9:15:00 PM,RTD,7/30/2026 9:20:00 PM,CMIN,Rd,42.67,0,,0,42.67,0,0,
7/30/2026 9:15:00 PM,RTD,7/30/2026 9:20:00 PM,CLUZ,Rd,238,0,,0,238,0,0,
7/30/2026 9:15:00 PM,RTD,7/30/2026 9:20:00 PM,CVIS,Rd,45.60,0,,0,45.60,0,0,
7/30/2026 9:15:00 PM,RTD,7/30/2026 9:20:00 PM,CVIS,Ru,45.60,0,,0,45.60,0,0,
7/30/2026 9:15:00 PM,RTD,7/30/2026 9:20:00 PM,CMIN,Ru,42.67,0,,0,42.67,0,0,
7/30/2026 9:15:00 PM,RTD,7/30/2026 9:20:00 PM,CLUZ,Ru,238,0,,0,238,0,0,
7/30/2026 9:20:00 PM,RTD,7/30/2026 9:25:00 PM,CMIN,Dr,135,0,,0,135,0,0,
7/30/2026 9:20:00 PM,RTD,7/30/2026 9:25:00 PM,CVIS,Dr,123,0,,0,123,0,0,
7/30/2026 9:20:00 PM,RTD,7/30/2026 9:25:00 PM,CLUZ,Dr,668,0,,0,668,0,0,
7/30/2026 9:20:00 PM,RTD,7/30/2026 9:25:00 PM,CMIN,En,2136.70,0,0,39.38,2616.20,0,440.12,
7/30/2026 9:20:00 PM,RTD,7/30/2026 9:25:00 PM,CLUZ,En,10827.43,0,0,194.13,11121.71,0,100,
7/30/2026 9:20:00 PM,RTD,7/30/2026 9:25:00 PM,CVIS,En,2047.52,0,0,20.95,1528.40,540.12,0,
7/30/2026 9:20:00 PM,RTD,7/30/2026 9:25:00 PM,CVIS,Fr,134,0,,0,134,0,0,
7/30/2026 9:20:00 PM,RTD,7/30/2026 9:25:00 PM,CLUZ,Fr,668,0,,0,668,0,0,
7/30/2026 9:20:00 PM,RTD,7/30/2026 9:25:00 PM,CMIN,Fr,135,0,,0,135,0,0,
7/30/2026 9:20:00 PM,RTD,7/30/2026 9:25:00 PM,CVIS,Rd,45.60,0,,0,45.60,0,0,
7/30/2026 9:20:00 PM,RTD,7/30/2026 9:25:00 PM,CLUZ,Rd,238,0,,0,238,0,0,
7/30/2026 9:20:00 PM,RTD,7/30/2026 9:25:00 PM,CMIN,Rd,42.67,0,,0,42.67,0,0,
7/30/2026 9:20:00 PM,RTD,7/30/2026 9:25:00 PM,CLUZ,Ru,238,0,,0,238,0,0,
7/30/2026 9:20:00 PM,RTD,7/30/2026 9:25:00 PM,CMIN,Ru,42.67,0,,0,42.67,0,0,
7/30/2026 9:20:00 PM,RTD,7/30/2026 9:25:00 PM,CVIS,Ru,45.60,0,,0,45.60,0,0,
7/30/2026 9:25:00 PM,RTD,7/30/2026 9:30:00 PM,CVIS,Dr,123,0,,0,123,0,0,
7/30/2026 9:25:00 PM,RTD,7/30/2026 9:30:00 PM,CMIN,Dr,135,0,,0,135,0,0,
7/30/2026 9:25:00 PM,RTD,7/30/2026 9:30:00 PM,CLUZ,Dr,668,0,,0,668,0,0,
7/30/2026 9:25:00 PM,RTD,7/30/2026 9:30:00 PM,CMIN,En,2116.04,0,0,38.86,2594.90,0,439.99,
7/30/2026 9:25:00 PM,RTD,7/30/2026 9:30:00 PM,CLUZ,En,10833.88,0,0,194.62,11128.54,0,100,
7/30/2026 9:25:00 PM,RTD,7/30/2026 9:30:00 PM,CVIS,En,2038.23,0,0,20.64,1518.90,539.99,0,
7/30/2026 9:25:00 PM,RTD,7/30/2026 9:30:00 PM,CMIN,Fr,135,0,,0,135,0,0,
7/30/2026 9:25:00 PM,RTD,7/30/2026 9:30:00 PM,CVIS,Fr,134,0,,0,134,0,0,
7/30/2026 9:25:00 PM,RTD,7/30/2026 9:30:00 PM,CLUZ,Fr,668,0,,0,668,0,0,
7/30/2026 9:25:00 PM,RTD,7/30/2026 9:30:00 PM,CMIN,Rd,42.67,0,,0,42.67,0,0,
7/30/2026 9:25:00 PM,RTD,7/30/2026 9:30:00 PM,CLUZ,Rd,238,0,,0,238,0,0,
7/30/2026 9:25:00 PM,RTD,7/30/2026 9:30:00 PM,CVIS,Rd,45.60,0,,0,45.60,0,0,
7/30/2026 9:25:00 PM,RTD,7/30/2026 9:30:00 PM,CVIS,Ru,45.60,0,,0,45.60,0,0,
7/30/2026 9:25:00 PM,RTD,7/30/2026 9:30:00 PM,CMIN,Ru,42.67,0,,0,42.67,0,0,
7/30/2026 9:25:00 PM,RTD,7/30/2026 9:30:00 PM,CLUZ,Ru,238,0,,0,238,0,0,
7/30/2026 9:30:00 PM,RTD,7/30/2026 9:35:00 PM,CLUZ,Dr,668,0,,0,668,0,0,
7/30/2026 9:30:00 PM,RTD,7/30/2026 9:35:00 PM,CMIN,Dr,135,0,,0,135,0,0,
7/30/2026 9:30:00 PM,RTD,7/30/2026 9:35:00 PM,CVIS,Dr,123,0,,0,123,0,0,
7/30/2026 9:30:00 PM,RTD,7/30/2026 9:35:00 PM,CLUZ,En,10803.87,0,0,196.38,11100.36,0,100,
7/30/2026 9:30:00 PM,RTD,7/30/2026 9:35:00 PM,CMIN,En,2107.44,0,0,38.29,2582.73,0,437.01,
7/30/2026 9:30:00 PM,RTD,7/30/2026 9:35:00 PM,CVIS,En,2026.90,0,0,20.60,1510.50,537.01,0,
7/30/2026 9:30:00 PM,RTD,7/30/2026 9:35:00 PM,CLUZ,Fr,668,0,,0,668,0,0,
7/30/2026 9:30:00 PM,RTD,7/30/2026 9:35:00 PM,CVIS,Fr,134,0,,0,134,0,0,
7/30/2026 9:30:00 PM,RTD,7/30/2026 9:35:00 PM,CMIN,Fr,135,0,,0,135,0,0,
7/30/2026 9:30:00 PM,RTD,7/30/2026 9:35:00 PM,CMIN,Rd,42.67,0,,0,42.67,0,0,
7/30/2026 9:30:00 PM,RTD,7/30/2026 9:35:00 PM,CLUZ,Rd,238,0,,0,238,0,0,
7/30/2026 9:30:00 PM,RTD,7/30/2026 9:35:00 PM,CVIS,Rd,45.60,0,,0,45.60,0,0,
7/30/2026 9:30:00 PM,RTD,7/30/2026 9:35:00 PM,CMIN,Ru,42.67,0,,0,42.67,0,0,
7/30/2026 9:30:00 PM,RTD,7/30/2026 9:35:00 PM,CLUZ,Ru,238,0,,0,238,0,0,
7/30/2026 9:30:00 PM,RTD,7/30/2026 9:35:00 PM,CVIS,Ru,45.60,0,,0,45.60,0,0,
7/30/2026 9:35:00 PM,RTD,7/30/2026 9:40:00 PM,CVIS,Dr,123,0,,0,123,0,0,
7/30/2026 9:35:00 PM,RTD,7/30/2026 9:40:00 PM,CMIN,Dr,135,0,,0,135,0,0,
7/30/2026 9:35:00 PM,RTD,7/30/2026 9:40:00 PM,CLUZ,Dr,668,0,,0,668,0,0,
7/30/2026 9:35:00 PM,RTD,7/30/2026 9:40:00 PM,CMIN,En,2097.23,0,0,37.61,2572.73,0,437.88,
7/30/2026 9:35:00 PM,RTD,7/30/2026 9:40:00 PM,CLUZ,En,10760.71,0,0,195,11055.75,0,100,
7/30/2026 9:35:00 PM,RTD,7/30/2026 9:40:00 PM,CVIS,En,2021.25,0,0,20.54,1503.90,537.88,0,
7/30/2026 9:35:00 PM,RTD,7/30/2026 9:40:00 PM,CMIN,Fr,135,0,,0,135,0,0,
7/30/2026 9:35:00 PM,RTD,7/30/2026 9:40:00 PM,CVIS,Fr,134,0,,0,134,0,0,
7/30/2026 9:35:00 PM,RTD,7/30/2026 9:40:00 PM,CLUZ,Fr,668,0,,0,668,0,0,
7/30/2026 9:35:00 PM,RTD,7/30/2026 9:40:00 PM,CMIN,Rd,42.67,0,,0,42.67,0,0,
7/30/2026 9:35:00 PM,RTD,7/30/2026 9:40:00 PM,CLUZ,Rd,238,0,,0,238,0,0,
7/30/2026 9:35:00 PM,RTD,7/30/2026 9:40:00 PM,CVIS,Rd,45.60,0,,0,45.60,0,0,
7/30/2026 9:35:00 PM,RTD,7/30/2026 9:40:00 PM,CVIS,Ru,45.60,0,,0,45.60,0,0,
7/30/2026 9:35:00 PM,RTD,7/30/2026 9:40:00 PM,CMIN,Ru,42.67,0,,0,42.67,0,0,
7/30/2026 9:35:00 PM,RTD,7/30/2026 9:40:00 PM,CLUZ,Ru,238,0,,0,238,0,0,
7/30/2026 9:40:00 PM,RTD,7/30/2026 9:45:00 PM,CVIS,Dr,123,0,,0,123,0,0,
7/30/2026 9:40:00 PM,RTD,7/30/2026 9:45:00 PM,CMIN,Dr,135,0,,0,135,0,0,
7/30/2026 9:40:00 PM,RTD,7/30/2026 9:45:00 PM,CLUZ,Dr,668,0,,0,668,0,0,
7/30/2026 9:40:00 PM,RTD,7/30/2026 9:45:00 PM,CMIN,En,2086.78,0,0,38.43,2555.25,0,430.02,
7/30/2026 9:40:00 PM,RTD,7/30/2026 9:45:00 PM,CLUZ,En,10741.84,0,0,201.58,11043.41,0,100,
7/30/2026 9:40:00 PM,RTD,7/30/2026 9:45:00 PM,CVIS,En,2013.25,0,0,20.49,1503.70,530.02,0,
7/30/2026 9:40:00 PM,RTD,7/30/2026 9:45:00 PM,CMIN,Fr,135,0,,0,135,0,0,
7/30/2026 9:40:00 PM,RTD,7/30/2026 9:45:00 PM,CVIS,Fr,134,0,,0,134,0,0,
7/30/2026 9:40:00 PM,RTD,7/30/2026 9:45:00 PM,CLUZ,Fr,668,0,,0,668,0,0,
7/30/2026 9:40:00 PM,RTD,7/30/2026 9:45:00 PM,CMIN,Rd,42.67,0,,0,42.67,0,0,
7/30/2026 9:40:00 PM,RTD,7/30/2026 9:45:00 PM,CLUZ,Rd,238,0,,0,238,0,0,
7/30/2026 9:40:00 PM,RTD,7/30/2026 9:45:00 PM,CVIS,Rd,45.60,0,,0,45.60,0,0,
7/30/2026 9:40:00 PM,RTD,7/30/2026 9:45:00 PM,CVIS,Ru,45.60,0,,0,45.60,0,0,
7/30/2026 9:40:00 PM,RTD,7/30/2026 9:45:00 PM,CMIN,Ru,42.67,0,,0,42.67,0,0,
7/30/2026 9:40:00 PM,RTD,7/30/2026 9:45:00 PM,CLUZ,Ru,238,0,,0,238,0,0,
7/30/2026 9:45:00 PM,RTD,7/30/2026 9:50:00 PM,CVIS,Dr,123,0,,0,123,0,0,
7/30/2026 9:45:00 PM,RTD,7/30/2026 9:50:00 PM,CMIN,Dr,135,0,,0,135,0,0,
7/30/2026 9:45:00 PM,RTD,7/30/2026 9:50:00 PM,CLUZ,Dr,668,0,,0,668,0,0,
7/30/2026 9:45:00 PM,RTD,7/30/2026 9:50:00 PM,CMIN,En,2082.02,0,0,38.28,2544.66,0,424.35,
7/30/2026 9:45:00 PM,RTD,7/30/2026 9:50:00 PM,CLUZ,En,10698.35,0,0,201.39,10999.77,0,100,
7/30/2026 9:45:00 PM,RTD,7/30/2026 9:50:00 PM,CVIS,En,2007.73,0,0,20.30,1503.70,524.35,0,
7/30/2026 9:45:00 PM,RTD,7/30/2026 9:50:00 PM,CMIN,Fr,135,0,,0,135,0,0,
7/30/2026 9:45:00 PM,RTD,7/30/2026 9:50:00 PM,CVIS,Fr,134,0,,0,134,0,0,
7/30/2026 9:45:00 PM,RTD,7/30/2026 9:50:00 PM,CLUZ,Fr,668,0,,0,668,0,0,
7/30/2026 9:45:00 PM,RTD,7/30/2026 9:50:00 PM,CMIN,Rd,42.67,0,,0,42.67,0,0,
7/30/2026 9:45:00 PM,RTD,7/30/2026 9:50:00 PM,CLUZ,Rd,238,0,,0,238,0,0,
7/30/2026 9:45:00 PM,RTD,7/30/2026 9:50:00 PM,CVIS,Rd,45.60,0,,0,45.60,0,0,
7/30/2026 9:45:00 PM,RTD,7/30/2026 9:50:00 PM,CVIS,Ru,45.60,0,,0,45.60,0,0,
7/30/2026 9:45:00 PM,RTD,7/30/2026 9:50:00 PM,CMIN,Ru,42.67,0,,0,42.67,0,0,
7/30/2026 9:45:00 PM,RTD,7/30/2026 9:50:00 PM,CLUZ,Ru,238,0,,0,238,0,0,
7/30/2026 9:50:00 PM,RTD,7/30/2026 9:55:00 PM,CVIS,Dr,123,0,,0,123,0,0,
7/30/2026 9:50:00 PM,RTD,7/30/2026 9:55:00 PM,CMIN,Dr,135,0,,0,135,0,0,
7/30/2026 9:50:00 PM,RTD,7/30/2026 9:55:00 PM,CLUZ,Dr,668,0,,0,668,0,0,
7/30/2026 9:50:00 PM,RTD,7/30/2026 9:55:00 PM,CMIN,En,2074.85,0,0,39.59,2531.18,0,416.74,
7/30/2026 9:50:00 PM,RTD,7/30/2026 9:55:00 PM,CLUZ,En,10663.28,0,0,199.82,10963.17,0,100,
7/30/2026 9:50:00 PM,RTD,7/30/2026 9:55:00 PM,CVIS,En,1995.28,0,0,20.17,1498.70,516.74,0,
7/30/2026 9:50:00 PM,RTD,7/30/2026 9:55:00 PM,CMIN,Fr,135,0,,0,135,0,0,
7/30/2026 9:50:00 PM,RTD,7/30/2026 9:55:00 PM,CVIS,Fr,134,0,,0,134,0,0,
7/30/2026 9:50:00 PM,RTD,7/30/2026 9:55:00 PM,CLUZ,Fr,668,0,,0,668,0,0,
7/30/2026 9:50:00 PM,RTD,7/30/2026 9:55:00 PM,CMIN,Rd,42.67,0,,0,42.67,0,0,
7/30/2026 9:50:00 PM,RTD,7/30/2026 9:55:00 PM,CLUZ,Rd,238,0,,0,238,0,0,
7/30/2026 9:50:00 PM,RTD,7/30/2026 9:55:00 PM,CVIS,Rd,45.60,0,,0,45.60,0,0,
7/30/2026 9:50:00 PM,RTD,7/30/2026 9:55:00 PM,CVIS,Ru,45.60,0,,0,45.60,0,0,
7/30/2026 9:50:00 PM,RTD,7/30/2026 9:55:00 PM,CMIN,Ru,42.67,0,,0,42.67,0,0,
7/30/2026 9:50:00 PM,RTD,7/30/2026 9:55:00 PM,CLUZ,Ru,238,0,,0,238,0,0,
7/30/2026 9:55:00 PM,RTD,7/30/2026 10:00:00 PM,CVIS,Dr,123,0,,0,123,0,0,
7/30/2026 9:55:00 PM,RTD,7/30/2026 10:00:00 PM,CMIN,Dr,135,0,,0,135,0,0,
7/30/2026 9:55:00 PM,RTD,7/30/2026 10:00:00 PM,CLUZ,Dr,668,0,,0,668,0,0,
7/30/2026 9:55:00 PM,RTD,7/30/2026 10:00:00 PM,CMIN,En,2058.57,0,0,40.19,2525.65,0,426.89,
7/30/2026 9:55:00 PM,RTD,7/30/2026 10:00:00 PM,CLUZ,En,10633.17,0,0,198.39,10931.43,0,100,
7/30/2026 9:55:00 PM,RTD,7/30/2026 10:00:00 PM,CVIS,En,1991.30,0,0,20.32,1484.75,526.89,0,
7/30/2026 9:55:00 PM,RTD,7/30/2026 10:00:00 PM,CMIN,Fr,135,0,,0,135,0,0,
7/30/2026 9:55:00 PM,RTD,7/30/2026 10:00:00 PM,CVIS,Fr,134,0,,0,134,0,0,
7/30/2026 9:55:00 PM,RTD,7/30/2026 10:00:00 PM,CLUZ,Fr,668,0,,0,668,0,0,
7/30/2026 9:55:00 PM,RTD,7/30/2026 10:00:00 PM,CMIN,Rd,42.67,0,,0,42.67,0,0,
7/30/2026 9:55:00 PM,RTD,7/30/2026 10:00:00 PM,CLUZ,Rd,238,0,,0,238,0,0,
7/30/2026 9:55:00 PM,RTD,7/30/2026 10:00:00 PM,CVIS,Rd,45.60,0,,0,45.60,0,0,
7/30/2026 9:55:00 PM,RTD,7/30/2026 10:00:00 PM,CVIS,Ru,45.60,0,,0,45.60,0,0,
7/30/2026 9:55:00 PM,RTD,7/30/2026 10:00:00 PM,CMIN,Ru,42.67,0,,0,42.67,0,0,
7/30/2026 9:55:00 PM,RTD,7/30/2026 10:00:00 PM,CLUZ,Ru,238,0,,0,238,0,0,
7/30/2026 10:00:00 PM,RTD,7/30/2026 10:05:00 PM,CVIS,Dr,108.66,0,,0,108.66,0,0,
7/30/2026 10:00:00 PM,RTD,7/30/2026 10:05:00 PM,CMIN,Dr,110,0,,0,110,0,0,
7/30/2026 10:00:00 PM,RTD,7/30/2026 10:05:00 PM,CLUZ,Dr,668,0,,0,668,0,0,
7/30/2026 10:00:00 PM,RTD,7/30/2026 10:05:00 PM,CMIN,En,2052.58,0,0,40.83,2500.34,0,406.93,
7/30/2026 10:00:00 PM,RTD,7/30/2026 10:05:00 PM,CLUZ,En,10593.93,0,0,203.30,10897.28,0,100,
7/30/2026 10:00:00 PM,RTD,7/30/2026 10:05:00 PM,CVIS,En,1964.84,0,0,20.69,1478.60,506.93,0,
7/30/2026 10:00:00 PM,RTD,7/30/2026 10:05:00 PM,CMIN,Fr,110,0,,0,110,0,0,
7/30/2026 10:00:00 PM,RTD,7/30/2026 10:05:00 PM,CVIS,Fr,134,0,,0,134,0,0,
7/30/2026 10:00:00 PM,RTD,7/30/2026 10:05:00 PM,CLUZ,Fr,668,0,,0,668,0,0,
7/30/2026 10:00:00 PM,RTD,7/30/2026 10:05:00 PM,CMIN,Rd,40.50,0,,0,40.50,0,0,
7/30/2026 10:00:00 PM,RTD,7/30/2026 10:05:00 PM,CLUZ,Rd,228.50,0,,0,228.50,0,0,
7/30/2026 10:00:00 PM,RTD,7/30/2026 10:05:00 PM,CVIS,Rd,43.60,0,,0,43.60,0,0,
7/30/2026 10:00:00 PM,RTD,7/30/2026 10:05:00 PM,CVIS,Ru,43.60,0,,0,43.60,0,0,
7/30/2026 10:00:00 PM,RTD,7/30/2026 10:05:00 PM,CMIN,Ru,40.50,0,,0,40.50,0,0,
7/30/2026 10:00:00 PM,RTD,7/30/2026 10:05:00 PM,CLUZ,Ru,228.50,0,,0,228.50,0,0,
7/30/2026 10:05:00 PM,RTD,7/30/2026 10:10:00 PM,CVIS,Dr,108.66,0,,0,108.66,0,0,
7/30/2026 10:05:00 PM,RTD,7/30/2026 10:10:00 PM,CMIN,Dr,110,0,,0,110,0,0,
7/30/2026 10:05:00 PM,RTD,7/30/2026 10:10:00 PM,CLUZ,Dr,668,0,,0,668,0,0,
7/30/2026 10:05:00 PM,RTD,7/30/2026 10:10:00 PM,CMIN,En,2027.70,0,0,41.74,2467.97,0,398.54,
7/30/2026 10:05:00 PM,RTD,7/30/2026 10:10:00 PM,CLUZ,En,10568.27,0,0,203.98,10872.26,0,100,
7/30/2026 10:05:00 PM,RTD,7/30/2026 10:10:00 PM,CVIS,En,1954.36,0,0,20.61,1476.40,498.54,0,
7/30/2026 10:05:00 PM,RTD,7/30/2026 10:10:00 PM,CMIN,Fr,110,0,,0,110,0,0,
7/30/2026 10:05:00 PM,RTD,7/30/2026 10:10:00 PM,CVIS,Fr,134,0,,0,134,0,0,
7/30/2026 10:05:00 PM,RTD,7/30/2026 10:10:00 PM,CLUZ,Fr,668,0,,0,668,0,0,
7/30/2026 10:05:00 PM,RTD,7/30/2026 10:10:00 PM,CMIN,Rd,40.50,0,,0,40.50,0,0,
7/30/2026 10:05:00 PM,RTD,7/30/2026 10:10:00 PM,CLUZ,Rd,228.50,0,,0,228.50,0,0,
7/30/2026 10:05:00 PM,RTD,7/30/2026 10:10:00 PM,CVIS,Rd,43.60,0,,0,43.60,0,0,
7/30/2026 10:05:00 PM,RTD,7/30/2026 10:10:00 PM,CVIS,Ru,43.60,0,,0,43.60,0,0,
7/30/2026 10:05:00 PM,RTD,7/30/2026 10:10:00 PM,CMIN,Ru,40.50,0,,0,40.50,0,0,
7/30/2026 10:05:00 PM,RTD,7/30/2026 10:10:00 PM,CLUZ,Ru,228.50,0,,0,228.50,0,0,
7/30/2026 10:10:00 PM,RTD,7/30/2026 10:15:00 PM,CVIS,Dr,108.66,0,,0,108.66,0,0,
7/30/2026 10:10:00 PM,RTD,7/30/2026 10:15:00 PM,CMIN,Dr,110,0,,0,110,0,0,
7/30/2026 10:10:00 PM,RTD,7/30/2026 10:15:00 PM,CLUZ,Dr,668,0,,0,668,0,0,
7/30/2026 10:10:00 PM,RTD,7/30/2026 10:15:00 PM,CMIN,En,2016.84,0,0,42.77,2454.71,0,395.09,
7/30/2026 10:10:00 PM,RTD,7/30/2026 10:15:00 PM,CLUZ,En,10524.69,0,0,202.01,10826.49,0,100,
7/30/2026 10:10:00 PM,RTD,7/30/2026 10:15:00 PM,CVIS,En,1945.46,0,0,21,1471.40,495.09,0,
7/30/2026 10:10:00 PM,RTD,7/30/2026 10:15:00 PM,CMIN,Fr,110,0,,0,110,0,0,
7/30/2026 10:10:00 PM,RTD,7/30/2026 10:15:00 PM,CVIS,Fr,134,0,,0,134,0,0,
7/30/2026 10:10:00 PM,RTD,7/30/2026 10:15:00 PM,CLUZ,Fr,668,0,,0,668,0,0,
7/30/2026 10:10:00 PM,RTD,7/30/2026 10:15:00 PM,CMIN,Rd,40.50,0,,0,40.50,0,0,
7/30/2026 10:10:00 PM,RTD,7/30/2026 10:15:00 PM,CLUZ,Rd,228.50,0,,0,228.50,0,0,
7/30/2026 10:10:00 PM,RTD,7/30/2026 10:15:00 PM,CVIS,Rd,43.60,0,,0,43.60,0,0,
7/30/2026 10:10:00 PM,RTD,7/30/2026 10:15:00 PM,CVIS,Ru,43.60,0,,0,43.60,0,0,
7/30/2026 10:10:00 PM,RTD,7/30/2026 10:15:00 PM,CMIN,Ru,40.50,0,,0,40.50,0,0,
7/30/2026 10:10:00 PM,RTD,7/30/2026 10:15:00 PM,CLUZ,Ru,228.50,0,,0,228.50,0,0,
7/30/2026 10:15:00 PM,RTD,7/30/2026 10:20:00 PM,CVIS,Dr,108.66,0,,0,108.66,0,0,
7/30/2026 10:15:00 PM,RTD,7/30/2026 10:20:00 PM,CMIN,Dr,110,0,,0,110,0,0,
7/30/2026 10:15:00 PM,RTD,7/30/2026 10:20:00 PM,CLUZ,Dr,668,0,,0,668,0,0,
7/30/2026 10:15:00 PM,RTD,7/30/2026 10:20:00 PM,CMIN,En,1996.48,0,0,43.39,2433.99,0,394.11,
7/30/2026 10:15:00 PM,RTD,7/30/2026 10:20:00 PM,CLUZ,En,10489.03,0,0,201.37,10790.35,0,100,
7/30/2026 10:15:00 PM,RTD,7/30/2026 10:20:00 PM,CVIS,En,1939.87,0,0,21.13,1466.90,494.11,0,
7/30/2026 10:15:00 PM,RTD,7/30/2026 10:20:00 PM,CMIN,Fr,110,0,,0,110,0,0,
7/30/2026 10:15:00 PM,RTD,7/30/2026 10:20:00 PM,CVIS,Fr,134,0,,0,134,0,0,
7/30/2026 10:15:00 PM,RTD,7/30/2026 10:20:00 PM,CLUZ,Fr,668,0,,0,668,0,0,
7/30/2026 10:15:00 PM,RTD,7/30/2026 10:20:00 PM,CMIN,Rd,40.50,0,,0,40.50,0,0,
7/30/2026 10:15:00 PM,RTD,7/30/2026 10:20:00 PM,CLUZ,Rd,228.50,0,,0,228.50,0,0,
7/30/2026 10:15:00 PM,RTD,7/30/2026 10:20:00 PM,CVIS,Rd,43.60,0,,0,43.60,0,0,
7/30/2026 10:15:00 PM,RTD,7/30/2026 10:20:00 PM,CVIS,Ru,43.60,0,,0,43.60,0,0,
7/30/2026 10:15:00 PM,RTD,7/30/2026 10:20:00 PM,CMIN,Ru,40.50,0,,0,40.50,0,0,
7/30/2026 10:15:00 PM,RTD,7/30/2026 10:20:00 PM,CLUZ,Ru,228.50,0,,0,228.50,0,0,
7/30/2026 10:20:00 PM,RTD,7/30/2026 10:25:00 PM,CVIS,Dr,108.66,0,,0,108.66,0,0,
7/30/2026 10:20:00 PM,RTD,7/30/2026 10:25:00 PM,CMIN,Dr,110,0,,0,110,0,0,
7/30/2026 10:20:00 PM,RTD,7/30/2026 10:25:00 PM,CLUZ,Dr,668,0,,0,668,0,0,
7/30/2026 10:20:00 PM,RTD,7/30/2026 10:25:00 PM,CMIN,En,1986.71,0,0,44.78,2435.38,0,403.89,
7/30/2026 10:20:00 PM,RTD,7/30/2026 10:25:00 PM,CLUZ,En,10450.41,0,0,207.07,10751.42,0,93.87,
7/30/2026 10:20:00 PM,RTD,7/30/2026 10:25:00 PM,CVIS,En,1944.95,0,0,21.23,1468.40,497.76,0,
7/30/2026 10:20:00 PM,RTD,7/30/2026 10:25:00 PM,CMIN,Fr,110,0,,0,110,0,0,
7/30/2026 10:20:00 PM,RTD,7/30/2026 10:25:00 PM,CVIS,Fr,134,0,,0,134,0,0,
7/30/2026 10:20:00 PM,RTD,7/30/2026 10:25:00 PM,CLUZ,Fr,668,0,,0,668,0,0,
7/30/2026 10:20:00 PM,RTD,7/30/2026 10:25:00 PM,CMIN,Rd,40.50,0,,0,40.50,0,0,
7/30/2026 10:20:00 PM,RTD,7/30/2026 10:25:00 PM,CLUZ,Rd,228.50,0,,0,228.50,0,0,
7/30/2026 10:20:00 PM,RTD,7/30/2026 10:25:00 PM,CVIS,Rd,43.60,0,,0,43.60,0,0,
7/30/2026 10:20:00 PM,RTD,7/30/2026 10:25:00 PM,CVIS,Ru,43.60,0,,0,43.60,0,0,
7/30/2026 10:20:00 PM,RTD,7/30/2026 10:25:00 PM,CMIN,Ru,40.50,0,,0,40.50,0,0,
7/30/2026 10:20:00 PM,RTD,7/30/2026 10:25:00 PM,CLUZ,Ru,228.50,0,,0,228.50,0,0,
7/30/2026 10:25:00 PM,RTD,7/30/2026 10:30:00 PM,CVIS,Dr,108.66,0,,0,108.66,0,0,
7/30/2026 10:25:00 PM,RTD,7/30/2026 10:30:00 PM,CMIN,Dr,110,0,,0,110,0,0,
7/30/2026 10:25:00 PM,RTD,7/30/2026 10:30:00 PM,CLUZ,Dr,668,0,,0,668,0,0,
7/30/2026 10:25:00 PM,RTD,7/30/2026 10:30:00 PM,CMIN,En,1983.66,0,0,43.46,2442.15,0,415.01,
7/30/2026 10:25:00 PM,RTD,7/30/2026 10:30:00 PM,CLUZ,En,10410.74,0,0,210.30,10680.55,0,59.30,
7/30/2026 10:25:00 PM,RTD,7/30/2026 10:30:00 PM,CVIS,En,1929.28,0,0,19.91,1474.90,474.31,0,
7/30/2026 10:25:00 PM,RTD,7/30/2026 10:30:00 PM,CMIN,Fr,110,0,,0,110,0,0,
7/30/2026 10:25:00 PM,RTD,7/30/2026 10:30:00 PM,CVIS,Fr,134,0,,0,134,0,0,
7/30/2026 10:25:00 PM,RTD,7/30/2026 10:30:00 PM,CLUZ,Fr,668,0,,0,668,0,0,
7/30/2026 10:25:00 PM,RTD,7/30/2026 10:30:00 PM,CMIN,Rd,40.50,0,,0,40.50,0,0,
7/30/2026 10:25:00 PM,RTD,7/30/2026 10:30:00 PM,CLUZ,Rd,228.50,0,,0,228.50,0,0,
7/30/2026 10:25:00 PM,RTD,7/30/2026 10:30:00 PM,CVIS,Rd,43.60,0,,0,43.60,0,0,
7/30/2026 10:25:00 PM,RTD,7/30/2026 10:30:00 PM,CVIS,Ru,43.60,0,,0,43.60,0,0,
7/30/2026 10:25:00 PM,RTD,7/30/2026 10:30:00 PM,CMIN,Ru,40.50,0,,0,40.50,0,0,
7/30/2026 10:25:00 PM,RTD,7/30/2026 10:30:00 PM,CLUZ,Ru,228.50,0,,0,228.50,0,0,
7/30/2026 10:30:00 PM,RTD,7/30/2026 10:35:00 PM,CVIS,Dr,108.66,0,,0,108.66,0,0,
7/30/2026 10:30:00 PM,RTD,7/30/2026 10:35:00 PM,CMIN,Dr,110,0,,0,110,0,0,
7/30/2026 10:30:00 PM,RTD,7/30/2026 10:35:00 PM,CLUZ,Dr,668,0,,0,668,0,0,
7/30/2026 10:30:00 PM,RTD,7/30/2026 10:35:00 PM,CMIN,En,1977.73,0,0,44.65,2459.02,0,436.66,
7/30/2026 10:30:00 PM,RTD,7/30/2026 10:35:00 PM,CLUZ,En,10373.09,0,0,216.57,10611.55,0,21.82,
7/30/2026 10:30:00 PM,RTD,7/30/2026 10:35:00 PM,CVIS,En,1921.19,0,0,18.71,1481.40,458.48,0,
7/30/2026 10:30:00 PM,RTD,7/30/2026 10:35:00 PM,CMIN,Fr,110,0,,0,110,0,0,
7/30/2026 10:30:00 PM,RTD,7/30/2026 10:35:00 PM,CVIS,Fr,134,0,,0,134,0,0,
7/30/2026 10:30:00 PM,RTD,7/30/2026 10:35:00 PM,CLUZ,Fr,668,0,,0,668,0,0,
7/30/2026 10:30:00 PM,RTD,7/30/2026 10:35:00 PM,CMIN,Rd,40.50,0,,0,40.50,0,0,
7/30/2026 10:30:00 PM,RTD,7/30/2026 10:35:00 PM,CLUZ,Rd,228.50,0,,0,228.50,0,0,
7/30/2026 10:30:00 PM,RTD,7/30/2026 10:35:00 PM,CVIS,Rd,43.60,0,,0,43.60,0,0,
7/30/2026 10:30:00 PM,RTD,7/30/2026 10:35:00 PM,CVIS,Ru,43.60,0,,0,43.60,0,0,
7/30/2026 10:30:00 PM,RTD,7/30/2026 10:35:00 PM,CMIN,Ru,40.50,0,,0,40.50,0,0,
7/30/2026 10:30:00 PM,RTD,7/30/2026 10:35:00 PM,CLUZ,Ru,228.50,0,,0,228.50,0,0,
7/30/2026 10:35:00 PM,RTD,7/30/2026 10:40:00 PM,CVIS,Dr,108.66,0,,0,108.66,0,0,
7/30/2026 10:35:00 PM,RTD,7/30/2026 10:40:00 PM,CMIN,Dr,110,0,,0,110,0,0,
7/30/2026 10:35:00 PM,RTD,7/30/2026 10:40:00 PM,CLUZ,Dr,668,0,,0,668,0,0,
7/30/2026 10:35:00 PM,RTD,7/30/2026 10:40:00 PM,CLUZ,En,10346.51,0,0,219.19,10593.61,0,27.79,
7/30/2026 10:35:00 PM,RTD,7/30/2026 10:40:00 PM,CVIS,En,1916.19,0,0,18.84,1481.90,453.14,0,
7/30/2026 10:35:00 PM,RTD,7/30/2026 10:40:00 PM,CMIN,En,1969.57,0,0,44.40,2439.28,0,425.35,
7/30/2026 10:35:00 PM,RTD,7/30/2026 10:40:00 PM,CMIN,Fr,110,0,,0,110,0,0,
7/30/2026 10:35:00 PM,RTD,7/30/2026 10:40:00 PM,CLUZ,Fr,668,0,,0,668,0,0,
7/30/2026 10:35:00 PM,RTD,7/30/2026 10:40:00 PM,CVIS,Fr,134,0,,0,134,0,0,
7/30/2026 10:35:00 PM,RTD,7/30/2026 10:40:00 PM,CLUZ,Rd,228.50,0,,0,228.50,0,0,
7/30/2026 10:35:00 PM,RTD,7/30/2026 10:40:00 PM,CVIS,Rd,43.60,0,,0,43.60,0,0,
7/30/2026 10:35:00 PM,RTD,7/30/2026 10:40:00 PM,CMIN,Rd,40.50,0,,0,40.50,0,0,
7/30/2026 10:35:00 PM,RTD,7/30/2026 10:40:00 PM,CLUZ,Ru,228.50,0,,0,228.50,0,0,
7/30/2026 10:35:00 PM,RTD,7/30/2026 10:40:00 PM,CVIS,Ru,43.60,0,,0,43.60,0,0,
7/30/2026 10:35:00 PM,RTD,7/30/2026 10:40:00 PM,CMIN,Ru,40.50,0,,0,40.50,0,0,
7/30/2026 10:40:00 PM,RTD,7/30/2026 10:45:00 PM,CMIN,Dr,110,0,,0,110,0,0,
7/30/2026 10:40:00 PM,RTD,7/30/2026 10:45:00 PM,CVIS,Dr,108.66,0,,0,108.66,0,0,
7/30/2026 10:40:00 PM,RTD,7/30/2026 10:45:00 PM,CLUZ,Dr,668,0,,0,668,0,0,
7/30/2026 10:40:00 PM,RTD,7/30/2026 10:45:00 PM,CMIN,En,1957.81,0,0,44.17,2429.86,0,427.86,
7/30/2026 10:40:00 PM,RTD,7/30/2026 10:45:00 PM,CVIS,En,1904.19,0,0,18.42,1474.40,448.23,0,
7/30/2026 10:40:00 PM,RTD,7/30/2026 10:45:00 PM,CLUZ,En,10304.31,0,0,216.03,10540.60,0,20.37,
7/30/2026 10:40:00 PM,RTD,7/30/2026 10:45:00 PM,CVIS,Fr,134,0,,0,134,0,0,
7/30/2026 10:40:00 PM,RTD,7/30/2026 10:45:00 PM,CMIN,Fr,110,0,,0,110,0,0,
7/30/2026 10:40:00 PM,RTD,7/30/2026 10:45:00 PM,CLUZ,Fr,668,0,,0,668,0,0,
7/30/2026 10:40:00 PM,RTD,7/30/2026 10:45:00 PM,CVIS,Rd,43.60,0,,0,43.60,0,0,
7/30/2026 10:40:00 PM,RTD,7/30/2026 10:45:00 PM,CLUZ,Rd,228.50,0,,0,228.50,0,0,
7/30/2026 10:40:00 PM,RTD,7/30/2026 10:45:00 PM,CMIN,Rd,40.50,0,,0,40.50,0,0,
7/30/2026 10:40:00 PM,RTD,7/30/2026 10:45:00 PM,CLUZ,Ru,228.50,0,,0,228.50,0,0,
7/30/2026 10:40:00 PM,RTD,7/30/2026 10:45:00 PM,CVIS,Ru,43.60,0,,0,43.60,0,0,
7/30/2026 10:40:00 PM,RTD,7/30/2026 10:45:00 PM,CMIN,Ru,40.50,0,,0,40.50,0,0,
7/30/2026 10:45:00 PM,RTD,7/30/2026 10:50:00 PM,CVIS,Dr,108.66,0,,0,108.66,0,0,
7/30/2026 10:45:00 PM,RTD,7/30/2026 10:50:00 PM,CLUZ,Dr,668,0,,0,668,0,0,
7/30/2026 10:45:00 PM,RTD,7/30/2026 10:50:00 PM,CMIN,Dr,110,0,,0,110,0,0,
7/30/2026 10:45:00 PM,RTD,7/30/2026 10:50:00 PM,CVIS,En,1895.76,0,0,18.83,1463.40,451.20,0,
7/30/2026 10:45:00 PM,RTD,7/30/2026 10:50:00 PM,CMIN,En,1943.56,0,0,44.81,2401.29,0,412.89,
7/30/2026 10:45:00 PM,RTD,7/30/2026 10:50:00 PM,CLUZ,En,10210.88,0,0,213.93,10463.08,0,38.32,
7/30/2026 10:45:00 PM,RTD,7/30/2026 10:50:00 PM,CMIN,Fr,110,0,,0,110,0,0,
7/30/2026 10:45:00 PM,RTD,7/30/2026 10:50:00 PM,CLUZ,Fr,668,0,,0,668,0,0,
7/30/2026 10:45:00 PM,RTD,7/30/2026 10:50:00 PM,CVIS,Fr,134,0,,0,134,0,0,
7/30/2026 10:45:00 PM,RTD,7/30/2026 10:50:00 PM,CLUZ,Rd,228.50,0,,0,228.50,0,0,
7/30/2026 10:45:00 PM,RTD,7/30/2026 10:50:00 PM,CVIS,Rd,43.60,0,,0,43.60,0,0,
7/30/2026 10:45:00 PM,RTD,7/30/2026 10:50:00 PM,CMIN,Rd,40.50,0,,0,40.50,0,0,
7/30/2026 10:45:00 PM,RTD,7/30/2026 10:50:00 PM,CLUZ,Ru,228.50,0,,0,228.50,0,0,
7/30/2026 10:45:00 PM,RTD,7/30/2026 10:50:00 PM,CVIS,Ru,43.60,0,,0,43.60,0,0,
7/30/2026 10:45:00 PM,RTD,7/30/2026 10:50:00 PM,CMIN,Ru,40.50,0,,0,40.50,0,0,
7/30/2026 10:50:00 PM,RTD,7/30/2026 10:55:00 PM,CVIS,Dr,108.66,0,,0,108.66,0,0,
7/30/2026 10:50:00 PM,RTD,7/30/2026 10:55:00 PM,CMIN,Dr,110,0,,0,110,0,0,
7/30/2026 10:50:00 PM,RTD,7/30/2026 10:55:00 PM,CLUZ,Dr,668,0,,0,668,0,0,
7/30/2026 10:50:00 PM,RTD,7/30/2026 10:55:00 PM,CVIS,En,1886.05,0,0,18.50,1458.40,446.15,0,
7/30/2026 10:50:00 PM,RTD,7/30/2026 10:55:00 PM,CMIN,En,1940.68,0,0,44.77,2401.05,0,415.58,
7/30/2026 10:50:00 PM,RTD,7/30/2026 10:55:00 PM,CLUZ,En,10178.95,0,0,212.95,10422.61,0,30.57,
7/30/2026 10:50:00 PM,RTD,7/30/2026 10:55:00 PM,CLUZ,Fr,668,0,,0,668,0,0,
7/30/2026 10:50:00 PM,RTD,7/30/2026 10:55:00 PM,CMIN,Fr,110,0,,0,110,0,0,
7/30/2026 10:50:00 PM,RTD,7/30/2026 10:55:00 PM,CVIS,Fr,134,0,,0,134,0,0,
7/30/2026 10:50:00 PM,RTD,7/30/2026 10:55:00 PM,CVIS,Rd,43.60,0,,0,43.60,0,0,
7/30/2026 10:50:00 PM,RTD,7/30/2026 10:55:00 PM,CMIN,Rd,40.50,0,,0,40.50,0,0,
7/30/2026 10:50:00 PM,RTD,7/30/2026 10:55:00 PM,CLUZ,Rd,228.50,0,,0,228.50,0,0,
7/30/2026 10:50:00 PM,RTD,7/30/2026 10:55:00 PM,CVIS,Ru,43.60,0,,0,43.60,0,0,
7/30/2026 10:50:00 PM,RTD,7/30/2026 10:55:00 PM,CLUZ,Ru,228.50,0,,0,228.50,0,0,
7/30/2026 10:50:00 PM,RTD,7/30/2026 10:55:00 PM,CMIN,Ru,40.50,0,,0,40.50,0,0,
7/30/2026 10:55:00 PM,RTD,7/30/2026 11:00:00 PM,CLUZ,Dr,668,0,,0,668,0,0,
7/30/2026 10:55:00 PM,RTD,7/30/2026 11:00:00 PM,CMIN,Dr,110,0,,0,110,0,0,
7/30/2026 10:55:00 PM,RTD,7/30/2026 11:00:00 PM,CVIS,Dr,108.66,0,,0,108.66,0,0,
7/30/2026 10:55:00 PM,RTD,7/30/2026 11:00:00 PM,CVIS,En,1907.33,0,0,19.43,1456.90,469.87,0,
7/30/2026 10:55:00 PM,RTD,7/30/2026 11:00:00 PM,CLUZ,En,10136.13,0,0,212.34,10400.83,0,52.31,
7/30/2026 10:55:00 PM,RTD,7/30/2026 11:00:00 PM,CMIN,En,1938.97,0,0,44.75,2401.31,0,417.57,
7/30/2026 10:55:00 PM,RTD,7/30/2026 11:00:00 PM,CVIS,Fr,134,0,,0,134,0,0,
7/30/2026 10:55:00 PM,RTD,7/30/2026 11:00:00 PM,CMIN,Fr,110,0,,0,110,0,0,
7/30/2026 10:55:00 PM,RTD,7/30/2026 11:00:00 PM,CLUZ,Fr,668,0,,0,668,0,0,
7/30/2026 10:55:00 PM,RTD,7/30/2026 11:00:00 PM,CLUZ,Rd,228.50,0,,0,228.50,0,0,
7/30/2026 10:55:00 PM,RTD,7/30/2026 11:00:00 PM,CVIS,Rd,43.60,0,,0,43.60,0,0,
7/30/2026 10:55:00 PM,RTD,7/30/2026 11:00:00 PM,CMIN,Rd,40.50,0,,0,40.50,0,0,
7/30/2026 10:55:00 PM,RTD,7/30/2026 11:00:00 PM,CVIS,Ru,43.60,0,,0,43.60,0,0,
7/30/2026 10:55:00 PM,RTD,7/30/2026 11:00:00 PM,CLUZ,Ru,228.50,0,,0,228.50,0,0,
7/30/2026 10:55:00 PM,RTD,7/30/2026 11:00:00 PM,CMIN,Ru,40.50,0,,0,40.50,0,0,
7/30/2026 11:00:00 PM,RTD,7/30/2026 11:05:00 PM,CVIS,Dr,93,0,,0,93,0,0,
7/30/2026 11:00:00 PM,RTD,7/30/2026 11:05:00 PM,CMIN,Dr,110,0,,0,110,0,0,
7/30/2026 11:00:00 PM,RTD,7/30/2026 11:05:00 PM,CLUZ,Dr,668,0,,0,668,0,0,
7/30/2026 11:00:00 PM,RTD,7/30/2026 11:05:00 PM,CMIN,En,1936.41,0,0,45.15,2369.28,0,387.74,
7/30/2026 11:00:00 PM,RTD,7/30/2026 11:05:00 PM,CLUZ,En,10086.90,0,0,209.79,10387.42,0,90.83,
7/30/2026 11:00:00 PM,RTD,7/30/2026 11:05:00 PM,CVIS,En,1902.39,0,0,21.05,1444.90,478.57,0,
7/30/2026 11:00:00 PM,RTD,7/30/2026 11:05:00 PM,CMIN,Fr,110,0,,0,110,0,0,
7/30/2026 11:00:00 PM,RTD,7/30/2026 11:05:00 PM,CVIS,Fr,134,0,,0,134,0,0,
7/30/2026 11:00:00 PM,RTD,7/30/2026 11:05:00 PM,CLUZ,Fr,668,0,,0,668,0,0,
7/30/2026 11:00:00 PM,RTD,7/30/2026 11:05:00 PM,CMIN,Rd,38.47,0,,0,38.47,0,0,
7/30/2026 11:00:00 PM,RTD,7/30/2026 11:05:00 PM,CLUZ,Rd,220,0,,0,220,0,0,
7/30/2026 11:00:00 PM,RTD,7/30/2026 11:05:00 PM,CVIS,Rd,41.20,0,,0,41.20,0,0,
7/30/2026 11:00:00 PM,RTD,7/30/2026 11:05:00 PM,CVIS,Ru,41.20,0,,0,41.20,0,0,
7/30/2026 11:00:00 PM,RTD,7/30/2026 11:05:00 PM,CMIN,Ru,38.47,0,,0,38.47,0,0,
7/30/2026 11:00:00 PM,RTD,7/30/2026 11:05:00 PM,CLUZ,Ru,220,0,,0,220,0,0,
7/30/2026 11:05:00 PM,RTD,7/30/2026 11:10:00 PM,CVIS,Dr,93,0,,0,93,0,0,
7/30/2026 11:05:00 PM,RTD,7/30/2026 11:10:00 PM,CMIN,Dr,110,0,,0,110,0,0,
7/30/2026 11:05:00 PM,RTD,7/30/2026 11:10:00 PM,CLUZ,Dr,668,0,,0,668,0,0,
7/30/2026 11:05:00 PM,RTD,7/30/2026 11:10:00 PM,CMIN,En,1931.24,0,0,45.91,2355.46,0,378.29,
7/30/2026 11:05:00 PM,RTD,7/30/2026 11:10:00 PM,CLUZ,En,10044.25,0,0,206.89,10332.26,0,81.03,
7/30/2026 11:05:00 PM,RTD,7/30/2026 11:10:00 PM,CVIS,En,1872.66,0,0,20.58,1433.90,459.32,0,
7/30/2026 11:05:00 PM,RTD,7/30/2026 11:10:00 PM,CMIN,Fr,110,0,,0,110,0,0,
7/30/2026 11:05:00 PM,RTD,7/30/2026 11:10:00 PM,CVIS,Fr,134,0,,0,134,0,0,
7/30/2026 11:05:00 PM,RTD,7/30/2026 11:10:00 PM,CLUZ,Fr,668,0,,0,668,0,0,
7/30/2026 11:05:00 PM,RTD,7/30/2026 11:10:00 PM,CMIN,Rd,38.47,0,,0,38.47,0,0,
7/30/2026 11:05:00 PM,RTD,7/30/2026 11:10:00 PM,CLUZ,Rd,220,0,,0,220,0,0,
7/30/2026 11:05:00 PM,RTD,7/30/2026 11:10:00 PM,CVIS,Rd,41.20,0,,0,41.20,0,0,
7/30/2026 11:05:00 PM,RTD,7/30/2026 11:10:00 PM,CVIS,Ru,41.20,0,,0,41.20,0,0,
7/30/2026 11:05:00 PM,RTD,7/30/2026 11:10:00 PM,CMIN,Ru,38.47,0,,0,38.47,0,0,
7/30/2026 11:05:00 PM,RTD,7/30/2026 11:10:00 PM,CLUZ,Ru,220,0,,0,220,0,0,
7/30/2026 11:10:00 PM,RTD,7/30/2026 11:15:00 PM,CVIS,Dr,93,0,,0,93,0,0,
7/30/2026 11:10:00 PM,RTD,7/30/2026 11:15:00 PM,CMIN,Dr,110,0,,0,110,0,0,
7/30/2026 11:10:00 PM,RTD,7/30/2026 11:15:00 PM,CLUZ,Dr,668,0,,0,668,0,0,
7/30/2026 11:10:00 PM,RTD,7/30/2026 11:15:00 PM,CMIN,En,1917.83,0,0,45.77,2350.03,0,386.43,
7/30/2026 11:10:00 PM,RTD,7/30/2026 11:15:00 PM,CLUZ,En,10003.03,0,0,203.11,10277.74,0,71.57,
7/30/2026 11:10:00 PM,RTD,7/30/2026 11:15:00 PM,CVIS,En,1863.75,0,0,20.16,1425.90,458,0,
7/30/2026 11:10:00 PM,RTD,7/30/2026 11:15:00 PM,CMIN,Fr,110,0,,0,110,0,0,
7/30/2026 11:10:00 PM,RTD,7/30/2026 11:15:00 PM,CVIS,Fr,134,0,,0,134,0,0,
7/30/2026 11:10:00 PM,RTD,7/30/2026 11:15:00 PM,CLUZ,Fr,668,0,,0,668,0,0,
7/30/2026 11:10:00 PM,RTD,7/30/2026 11:15:00 PM,CMIN,Rd,38.47,0,,0,38.47,0,0,
7/30/2026 11:10:00 PM,RTD,7/30/2026 11:15:00 PM,CLUZ,Rd,220,0,,0,220,0,0,
7/30/2026 11:10:00 PM,RTD,7/30/2026 11:15:00 PM,CVIS,Rd,41.20,0,,0,41.20,0,0,
7/30/2026 11:10:00 PM,RTD,7/30/2026 11:15:00 PM,CVIS,Ru,41.20,0,,0,41.20,0,0,
7/30/2026 11:10:00 PM,RTD,7/30/2026 11:15:00 PM,CMIN,Ru,38.47,0,,0,38.47,0,0,
7/30/2026 11:10:00 PM,RTD,7/30/2026 11:15:00 PM,CLUZ,Ru,220,0,,0,220,0,0,
7/30/2026 11:15:00 PM,RTD,7/30/2026 11:20:00 PM,CVIS,Dr,93,0,,0,93,0,0,
7/30/2026 11:15:00 PM,RTD,7/30/2026 11:20:00 PM,CMIN,Dr,110,0,,0,110,0,0,
7/30/2026 11:15:00 PM,RTD,7/30/2026 11:20:00 PM,CLUZ,Dr,668,0,,0,668,0,0,
7/30/2026 11:15:00 PM,RTD,7/30/2026 11:20:00 PM,CMIN,En,1906.18,0,0,45,2346.60,0,395.46,
7/30/2026 11:15:00 PM,RTD,7/30/2026 11:20:00 PM,CLUZ,En,9986.94,0,0,200.30,10240.23,0,53.07,
7/30/2026 11:15:00 PM,RTD,7/30/2026 11:20:00 PM,CVIS,En,1855.06,0,0,19.37,1425.90,448.54,0,
7/30/2026 11:15:00 PM,RTD,7/30/2026 11:20:00 PM,CMIN,Fr,110,0,,0,110,0,0,
7/30/2026 11:15:00 PM,RTD,7/30/2026 11:20:00 PM,CVIS,Fr,134,0,,0,134,0,0,
7/30/2026 11:15:00 PM,RTD,7/30/2026 11:20:00 PM,CLUZ,Fr,668,0,,0,668,0,0,
7/30/2026 11:15:00 PM,RTD,7/30/2026 11:20:00 PM,CMIN,Rd,38.47,0,,0,38.47,0,0,
7/30/2026 11:15:00 PM,RTD,7/30/2026 11:20:00 PM,CLUZ,Rd,220,0,,0,220,0,0,
7/30/2026 11:15:00 PM,RTD,7/30/2026 11:20:00 PM,CVIS,Rd,41.20,0,,0,41.20,0,0,
7/30/2026 11:15:00 PM,RTD,7/30/2026 11:20:00 PM,CVIS,Ru,41.20,0,,0,41.20,0,0,
7/30/2026 11:15:00 PM,RTD,7/30/2026 11:20:00 PM,CMIN,Ru,38.47,0,,0,38.47,0,0,
7/30/2026 11:15:00 PM,RTD,7/30/2026 11:20:00 PM,CLUZ,Ru,220,0,,0,220,0,0,
7/30/2026 11:20:00 PM,RTD,7/30/2026 11:25:00 PM,CVIS,Dr,93,0,,0,93,0,0,
7/30/2026 11:20:00 PM,RTD,7/30/2026 11:25:00 PM,CMIN,Dr,110,0,,0,110,0,0,
7/30/2026 11:20:00 PM,RTD,7/30/2026 11:25:00 PM,CLUZ,Dr,668,0,,0,668,0,0,
7/30/2026 11:20:00 PM,RTD,7/30/2026 11:25:00 PM,CMIN,En,1895.59,0,0,45.14,2336.60,0,395.89,
7/30/2026 11:20:00 PM,RTD,7/30/2026 11:25:00 PM,CLUZ,En,9951.87,0,0,196.75,10191.72,0,42.98,
7/30/2026 11:20:00 PM,RTD,7/30/2026 11:25:00 PM,CVIS,En,1845.84,0,0,18.93,1425.90,438.87,0,
7/30/2026 11:20:00 PM,RTD,7/30/2026 11:25:00 PM,CMIN,Fr,110,0,,0,110,0,0,
7/30/2026 11:20:00 PM,RTD,7/30/2026 11:25:00 PM,CVIS,Fr,134,0,,0,134,0,0,
7/30/2026 11:20:00 PM,RTD,7/30/2026 11:25:00 PM,CLUZ,Fr,668,0,,0,668,0,0,
7/30/2026 11:20:00 PM,RTD,7/30/2026 11:25:00 PM,CMIN,Rd,38.47,0,,0,38.47,0,0,
7/30/2026 11:20:00 PM,RTD,7/30/2026 11:25:00 PM,CLUZ,Rd,220,0,,0,220,0,0,
7/30/2026 11:20:00 PM,RTD,7/30/2026 11:25:00 PM,CVIS,Rd,41.20,0,,0,41.20,0,0,
7/30/2026 11:20:00 PM,RTD,7/30/2026 11:25:00 PM,CVIS,Ru,41.20,0,,0,41.20,0,0,
7/30/2026 11:20:00 PM,RTD,7/30/2026 11:25:00 PM,CMIN,Ru,38.47,0,,0,38.47,0,0,
7/30/2026 11:20:00 PM,RTD,7/30/2026 11:25:00 PM,CLUZ,Ru,220,0,,0,220,0,0,
7/30/2026 11:25:00 PM,RTD,7/30/2026 11:30:00 PM,CVIS,Dr,93,0,,0,93,0,0,
7/30/2026 11:25:00 PM,RTD,7/30/2026 11:30:00 PM,CMIN,Dr,110,0,,0,110,0,0,
7/30/2026 11:25:00 PM,RTD,7/30/2026 11:30:00 PM,CLUZ,Dr,668,0,,0,668,0,0,
7/30/2026 11:25:00 PM,RTD,7/30/2026 11:30:00 PM,CMIN,En,1888.27,0,0,44.39,2336.40,0,403.72,
7/30/2026 11:25:00 PM,RTD,7/30/2026 11:30:00 PM,CLUZ,En,9910.25,0,0,193.07,10133.56,0,30.24,
7/30/2026 11:25:00 PM,RTD,7/30/2026 11:30:00 PM,CVIS,En,1841.34,0,0,18.50,1425.90,433.95,0,
7/30/2026 11:25:00 PM,RTD,7/30/2026 11:30:00 PM,CMIN,Fr,110,0,,0,110,0,0,
7/30/2026 11:25:00 PM,RTD,7/30/2026 11:30:00 PM,CVIS,Fr,134,0,,0,134,0,0,
7/30/2026 11:25:00 PM,RTD,7/30/2026 11:30:00 PM,CLUZ,Fr,668,0,,0,668,0,0,
7/30/2026 11:25:00 PM,RTD,7/30/2026 11:30:00 PM,CMIN,Rd,38.47,0,,0,38.47,0,0,
7/30/2026 11:25:00 PM,RTD,7/30/2026 11:30:00 PM,CLUZ,Rd,220,0,,0,220,0,0,
7/30/2026 11:25:00 PM,RTD,7/30/2026 11:30:00 PM,CVIS,Rd,41.20,0,,0,41.20,0,0,
7/30/2026 11:25:00 PM,RTD,7/30/2026 11:30:00 PM,CVIS,Ru,41.20,0,,0,41.20,0,0,
7/30/2026 11:25:00 PM,RTD,7/30/2026 11:30:00 PM,CMIN,Ru,38.47,0,,0,38.47,0,0,
7/30/2026 11:25:00 PM,RTD,7/30/2026 11:30:00 PM,CLUZ,Ru,220,0,,0,220,0,0,
7/30/2026 11:30:00 PM,RTD,7/30/2026 11:35:00 PM,CVIS,Dr,93,0,,0,93,0,0,
7/30/2026 11:30:00 PM,RTD,7/30/2026 11:35:00 PM,CMIN,Dr,110,0,,0,110,0,0,
7/30/2026 11:30:00 PM,RTD,7/30/2026 11:35:00 PM,CLUZ,Dr,668,0,,0,668,0,0,
7/30/2026 11:30:00 PM,RTD,7/30/2026 11:35:00 PM,CMIN,En,1880.22,0,0,44.29,2336.10,0,411.58,
7/30/2026 11:30:00 PM,RTD,7/30/2026 11:35:00 PM,CLUZ,En,9875.96,0,0,190.21,10080.68,0,14.37,
7/30/2026 11:30:00 PM,RTD,7/30/2026 11:35:00 PM,CVIS,En,1825.77,0,0,17.99,1417.80,425.95,0,
7/30/2026 11:30:00 PM,RTD,7/30/2026 11:35:00 PM,CMIN,Fr,110,0,,0,110,0,0,
7/30/2026 11:30:00 PM,RTD,7/30/2026 11:35:00 PM,CVIS,Fr,134,0,,0,134,0,0,
7/30/2026 11:30:00 PM,RTD,7/30/2026 11:35:00 PM,CLUZ,Fr,668,0,,0,668,0,0,
7/30/2026 11:30:00 PM,RTD,7/30/2026 11:35:00 PM,CMIN,Rd,38.47,0,,0,38.47,0,0,
7/30/2026 11:30:00 PM,RTD,7/30/2026 11:35:00 PM,CLUZ,Rd,220,0,,0,220,0,0,
7/30/2026 11:30:00 PM,RTD,7/30/2026 11:35:00 PM,CVIS,Rd,41.20,0,,0,41.20,0,0,
7/30/2026 11:30:00 PM,RTD,7/30/2026 11:35:00 PM,CVIS,Ru,41.20,0,,0,41.20,0,0,
7/30/2026 11:30:00 PM,RTD,7/30/2026 11:35:00 PM,CMIN,Ru,38.47,0,,0,38.47,0,0,
7/30/2026 11:30:00 PM,RTD,7/30/2026 11:35:00 PM,CLUZ,Ru,220,0,,0,220,0,0,
7/30/2026 11:35:00 PM,RTD,7/30/2026 11:40:00 PM,CVIS,Dr,93,0,,0,93,0,0,
7/30/2026 11:35:00 PM,RTD,7/30/2026 11:40:00 PM,CMIN,Dr,110,0,,0,110,0,0,
7/30/2026 11:35:00 PM,RTD,7/30/2026 11:40:00 PM,CLUZ,Dr,668,0,,0,668,0,0,
7/30/2026 11:35:00 PM,RTD,7/30/2026 11:40:00 PM,CMIN,En,1872.44,0,0,44.26,2336.10,0,419.42,
7/30/2026 11:35:00 PM,RTD,7/30/2026 11:40:00 PM,CLUZ,En,9844.99,0,0,187.43,10027.10,5.23,0,
7/30/2026 11:35:00 PM,RTD,7/30/2026 11:40:00 PM,CVIS,En,1814.68,0,0,17.31,1417.80,419.42,5.23,
7/30/2026 11:35:00 PM,RTD,7/30/2026 11:40:00 PM,CMIN,Fr,110,0,,0,110,0,0,
7/30/2026 11:35:00 PM,RTD,7/30/2026 11:40:00 PM,CVIS,Fr,134,0,,0,134,0,0,
7/30/2026 11:35:00 PM,RTD,7/30/2026 11:40:00 PM,CLUZ,Fr,668,0,,0,668,0,0,
7/30/2026 11:35:00 PM,RTD,7/30/2026 11:40:00 PM,CMIN,Rd,38.47,0,,0,38.47,0,0,
7/30/2026 11:35:00 PM,RTD,7/30/2026 11:40:00 PM,CLUZ,Rd,220,0,,0,220,0,0,
7/30/2026 11:35:00 PM,RTD,7/30/2026 11:40:00 PM,CVIS,Rd,41.20,0,,0,41.20,0,0,
7/30/2026 11:35:00 PM,RTD,7/30/2026 11:40:00 PM,CVIS,Ru,41.20,0,,0,41.20,0,0,
7/30/2026 11:35:00 PM,RTD,7/30/2026 11:40:00 PM,CMIN,Ru,38.47,0,,0,38.47,0,0,
7/30/2026 11:35:00 PM,RTD,7/30/2026 11:40:00 PM,CLUZ,Ru,220,0,,0,220,0,0,
7/30/2026 11:40:00 PM,RTD,7/30/2026 11:45:00 PM,CMIN,Dr,110,0,,0,110,0,0,
7/30/2026 11:40:00 PM,RTD,7/30/2026 11:45:00 PM,CVIS,Dr,93,0,,0,93,0,0,
7/30/2026 11:40:00 PM,RTD,7/30/2026 11:45:00 PM,CLUZ,Dr,668,0,,0,668,0,0,
7/30/2026 11:40:00 PM,RTD,7/30/2026 11:45:00 PM,CMIN,En,1888.51,0,0,44.78,2337.10,0,403.83,
7/30/2026 11:40:00 PM,RTD,7/30/2026 11:45:00 PM,CVIS,En,1808.73,0,0,17.55,1417.80,408.46,0,
7/30/2026 11:40:00 PM,RTD,7/30/2026 11:45:00 PM,CLUZ,En,9792.29,0,0,183.82,9980.64,0,4.63,
7/30/2026 11:40:00 PM,RTD,7/30/2026 11:45:00 PM,CVIS,Fr,134,0,,0,134,0,0,
7/30/2026 11:40:00 PM,RTD,7/30/2026 11:45:00 PM,CMIN,Fr,110,0,,0,110,0,0,
7/30/2026 11:40:00 PM,RTD,7/30/2026 11:45:00 PM,CLUZ,Fr,668,0,,0,668,0,0,
7/30/2026 11:40:00 PM,RTD,7/30/2026 11:45:00 PM,CVIS,Rd,41.20,0,,0,41.20,0,0,
7/30/2026 11:40:00 PM,RTD,7/30/2026 11:45:00 PM,CLUZ,Rd,220,0,,0,220,0,0,
7/30/2026 11:40:00 PM,RTD,7/30/2026 11:45:00 PM,CMIN,Rd,38.47,0,,0,38.47,0,0,
7/30/2026 11:40:00 PM,RTD,7/30/2026 11:45:00 PM,CVIS,Ru,41.20,0,,0,41.20,0,0,
7/30/2026 11:40:00 PM,RTD,7/30/2026 11:45:00 PM,CLUZ,Ru,220,0,,0,220,0,0,
7/30/2026 11:40:00 PM,RTD,7/30/2026 11:45:00 PM,CMIN,Ru,38.47,0,,0,38.47,0,0,
7/30/2026 11:45:00 PM,RTD,7/30/2026 11:50:00 PM,CLUZ,Dr,668,0,,0,668,0,0,
7/30/2026 11:45:00 PM,RTD,7/30/2026 11:50:00 PM,CVIS,Dr,93,0,,0,93,0,0,
7/30/2026 11:45:00 PM,RTD,7/30/2026 11:50:00 PM,CMIN,Dr,110,0,,0,110,0,0,
7/30/2026 11:45:00 PM,RTD,7/30/2026 11:50:00 PM,CMIN,En,1879.48,0,0,44.56,2337.10,0,413.04,
7/30/2026 11:45:00 PM,RTD,7/30/2026 11:50:00 PM,CLUZ,En,9759.45,0,0,181.29,9933.05,7.83,0,
7/30/2026 11:45:00 PM,RTD,7/30/2026 11:50:00 PM,CVIS,En,1805.87,0,0,17.15,1417.80,413.04,7.83,
7/30/2026 11:45:00 PM,RTD,7/30/2026 11:50:00 PM,CMIN,Fr,110,0,,0,110,0,0,
7/30/2026 11:45:00 PM,RTD,7/30/2026 11:50:00 PM,CVIS,Fr,134,0,,0,134,0,0,
7/30/2026 11:45:00 PM,RTD,7/30/2026 11:50:00 PM,CLUZ,Fr,668,0,,0,668,0,0,
7/30/2026 11:45:00 PM,RTD,7/30/2026 11:50:00 PM,CVIS,Rd,41.20,0,,0,41.20,0,0,
7/30/2026 11:45:00 PM,RTD,7/30/2026 11:50:00 PM,CLUZ,Rd,220,0,,0,220,0,0,
7/30/2026 11:45:00 PM,RTD,7/30/2026 11:50:00 PM,CMIN,Rd,38.47,0,,0,38.47,0,0,
7/30/2026 11:45:00 PM,RTD,7/30/2026 11:50:00 PM,CMIN,Ru,38.47,0,,0,38.47,0,0,
7/30/2026 11:45:00 PM,RTD,7/30/2026 11:50:00 PM,CLUZ,Ru,220,0,,0,220,0,0,
7/30/2026 11:45:00 PM,RTD,7/30/2026 11:50:00 PM,CVIS,Ru,41.20,0,,0,41.20,0,0,
7/30/2026 11:50:00 PM,RTD,7/30/2026 11:55:00 PM,CMIN,Dr,110,0,,0,110,0,0,
7/30/2026 11:50:00 PM,RTD,7/30/2026 11:55:00 PM,CLUZ,Dr,668,0,,0,668,0,0,
7/30/2026 11:50:00 PM,RTD,7/30/2026 11:55:00 PM,CVIS,Dr,93,0,,0,93,0,0,
7/30/2026 11:50:00 PM,RTD,7/30/2026 11:55:00 PM,CLUZ,En,9712.89,0,0,179.43,9872.44,19.95,0,
7/30/2026 11:50:00 PM,RTD,7/30/2026 11:55:00 PM,CVIS,En,1798.36,0,0,16.76,1417.80,417.29,19.95,
7/30/2026 11:50:00 PM,RTD,7/30/2026 11:55:00 PM,CMIN,En,1870.21,0,0,44.31,2331.82,0,417.29,
7/30/2026 11:50:00 PM,RTD,7/30/2026 11:55:00 PM,CMIN,Fr,110,0,,0,110,0,0,
7/30/2026 11:50:00 PM,RTD,7/30/2026 11:55:00 PM,CLUZ,Fr,668,0,,0,668,0,0,
7/30/2026 11:50:00 PM,RTD,7/30/2026 11:55:00 PM,CVIS,Fr,134,0,,0,134,0,0,
7/30/2026 11:50:00 PM,RTD,7/30/2026 11:55:00 PM,CMIN,Rd,38.47,0,,0,38.47,0,0,
7/30/2026 11:50:00 PM,RTD,7/30/2026 11:55:00 PM,CLUZ,Rd,220,0,,0,220,0,0,
7/30/2026 11:50:00 PM,RTD,7/30/2026 11:55:00 PM,CVIS,Rd,41.20,0,,0,41.20,0,0,
7/30/2026 11:50:00 PM,RTD,7/30/2026 11:55:00 PM,CVIS,Ru,41.20,0,,0,41.20,0,0,
7/30/2026 11:50:00 PM,RTD,7/30/2026 11:55:00 PM,CMIN,Ru,38.47,0,,0,38.47,0,0,
7/30/2026 11:50:00 PM,RTD,7/30/2026 11:55:00 PM,CLUZ,Ru,220,0,,0,220,0,0,
7/30/2026 11:55:00 PM,RTD,7/31/2026,CVIS,Dr,93,0,,0,93,0,0,
7/30/2026 11:55:00 PM,RTD,7/31/2026,CMIN,Dr,110,0,,0,110,0,0,
7/30/2026 11:55:00 PM,RTD,7/31/2026,CLUZ,Dr,668,0,,0,668,0,0,
7/30/2026 11:55:00 PM,RTD,7/31/2026,CLUZ,En,9673.31,0,0,178.95,9811.33,40.62,0,
7/30/2026 11:55:00 PM,RTD,7/31/2026,CVIS,En,1790.14,0,0,16.20,1417.80,429.15,40.62,
7/30/2026 11:55:00 PM,RTD,7/31/2026,CMIN,En,1844,0,0,43.68,2316.82,0,429.15,
7/30/2026 11:55:00 PM,RTD,7/31/2026,CVIS,Fr,134,0,,0,134,0,0,
7/30/2026 11:55:00 PM,RTD,7/31/2026,CLUZ,Fr,668,0,,0,668,0,0,
7/30/2026 11:55:00 PM,RTD,7/31/2026,CMIN,Fr,110,0,,0,110,0,0,
7/30/2026 11:55:00 PM,RTD,7/31/2026,CMIN,Rd,38.47,0,,0,38.47,0,0,
7/30/2026 11:55:00 PM,RTD,7/31/2026,CLUZ,Rd,220,0,,0,220,0,0,
7/30/2026 11:55:00 PM,RTD,7/31/2026,CVIS,Rd,41.20,0,,0,41.20,0,0,
7/30/2026 11:55:00 PM,RTD,7/31/2026,CMIN,Ru,38.47,0,,0,38.47,0,0,
7/30/2026 11:55:00 PM,RTD,7/31/2026,CLUZ,Ru,220,0,,0,220,0,0,
7/30/2026 11:55:00 PM,RTD,7/31/2026,CVIS,Ru,41.20,0,,0,41.20,0,0,
EOF
